node_id,degree,admitted,routes_current,routes_hwm,discoveries_hwm,candidates_hwm,q0_hwm,q1_hwm,pending_q1_hwm,paths_hwm,flows_hwm,app_generated,app_accepted,origin_delivered,duplicate_deliveries,q0_generated,q0_accepted,q0_delivered,q1_generated,q1_accepted,q1_delivered,delivery_pct,payload_delivered_bytes,origin_wire_bytes,wire_efficiency_pct,latency_p50_ms,latency_p95_ms,latency_p99_ms,latency_max_ms,frames_tx,frames_rx,forwarded_frames_tx,control_frames_tx,business_frames_tx,wire_bytes_tx,wire_bytes_rx,no_space,no_route,link_down,other_rejected,core_tx_sent,core_rx_delivered,route_requests_sent,route_errors_sent,control_budget_dropped,host_work_us,node_storage_bytes
1,3,3,0,0,0,0,0,0,0,0,0,100,100,100,0,0,0,0,100,100,100,100.000000,1600,5280,30.303030,10,10,10,10,112,312,0,12,100,5280,14880,0,0,0,0,112,300,0,0,0,704,8136
2,4,4,0,0,0,0,0,0,0,0,0,100,100,100,0,0,0,0,100,100,100,100.000000,1600,5440,29.411765,10,10,10,10,116,416,0,16,100,5440,19840,0,0,0,0,116,400,0,0,0,565,8136
3,4,4,0,0,0,0,0,0,0,0,0,100,100,100,0,0,0,0,100,100,100,100.000000,1600,5440,29.411765,10,10,10,10,116,316,0,16,100,5440,15040,0,0,0,0,116,300,0,0,0,347,8136
4,4,4,0,0,0,0,0,0,0,0,0,100,100,100,0,0,0,0,100,100,100,100.000000,1600,5440,29.411765,10,10,10,10,116,316,0,16,100,5440,15040,0,0,0,0,116,300,0,0,0,365,8136
5,4,4,0,0,0,0,0,0,0,0,0,100,100,100,0,0,0,0,100,100,100,100.000000,1600,5440,29.411765,10,10,10,10,116,316,0,16,100,5440,15040,0,0,0,0,116,300,0,0,0,314,8136
6,4,4,0,0,0,0,0,0,0,0,0,100,100,100,0,0,0,0,100,100,100,100.000000,1600,5440,29.411765,10,10,10,10,116,316,0,16,100,5440,15040,0,0,0,0,116,300,0,0,0,314,8136
7,4,4,0,0,0,0,0,0,0,0,0,100,100,100,0,0,0,0,100,100,100,100.000000,1600,5440,29.411765,10,10,10,10,116,316,0,16,100,5440,15040,0,0,0,0,116,300,0,0,0,307,8136
8,4,4,0,0,0,0,0,0,0,0,0,100,100,100,0,0,0,0,100,100,100,100.000000,1600,5440,29.411765,10,10,10,10,116,316,0,16,100,5440,15040,0,0,0,0,116,300,0,0,0,325,8136
9,4,4,0,0,0,0,0,0,0,0,0,100,100,100,0,0,0,0,100,100,100,100.000000,1600,5440,29.411765,10,10,10,10,116,316,0,16,100,5440,15040,0,0,0,0,116,300,0,0,0,317,8136
10,4,4,0,0,0,0,0,0,0,0,0,100,100,100,0,0,0,0,100,100,100,100.000000,1600,5440,29.411765,10,10,10,10,116,316,0,16,100,5440,15040,0,0,0,0,116,300,0,0,0,319,8136
11,4,4,0,0,0,0,0,0,0,0,0,100,100,100,0,0,0,0,100,100,100,100.000000,1600,5440,29.411765,10,10,10,10,116,316,0,16,100,5440,15040,0,0,0,0,116,300,0,0,0,283,8136
12,4,4,0,0,0,0,0,0,0,0,0,100,100,100,0,0,0,0,100,100,100,100.000000,1600,5440,29.411765,10,10,10,10,116,316,0,16,100,5440,15040,0,0,0,0,116,300,0,0,0,312,8136
13,4,4,0,0,0,0,0,0,0,0,0,100,100,100,0,0,0,0,100,100,100,100.000000,1600,5440,29.411765,10,10,10,10,116,316,0,16,100,5440,15040,0,0,0,0,116,300,0,0,0,308,8136
14,4,4,0,0,0,0,0,0,0,0,0,100,100,100,0,0,0,0,100,100,100,100.000000,1600,5440,29.411765,10,10,10,10,116,316,0,16,100,5440,15040,0,0,0,0,116,300,0,0,0,290,8136
15,4,4,0,0,0,0,0,0,0,0,0,100,100,100,0,0,0,0,100,100,100,100.000000,1600,5440,29.411765,10,10,10,10,116,316,0,16,100,5440,15040,0,0,0,0,116,300,0,0,0,282,8136
16,4,4,0,0,0,0,0,0,0,0,0,100,100,100,0,0,0,0,100,100,100,100.000000,1600,5440,29.411765,10,10,10,10,116,316,0,16,100,5440,15040,0,0,0,0,116,300,0,0,0,307,8136
17,4,4,0,0,0,0,0,0,0,0,0,100,100,100,0,0,0,0,100,100,100,100.000000,1600,5440,29.411765,10,10,10,10,116,316,0,16,100,5440,15040,0,0,0,0,116,300,0,0,0,308,8136
18,4,4,0,0,0,0,0,0,0,0,0,100,100,100,0,0,0,0,100,100,100,100.000000,1600,5440,29.411765,10,10,10,10,116,316,0,16,100,5440,15040,0,0,0,0,116,300,0,0,0,293,8136
19,4,4,0,0,0,0,0,0,0,0,0,100,100,100,0,0,0,0,100,100,100,100.000000,1600,5440,29.411765,10,10,10,10,116,316,0,16,100,5440,15040,0,0,0,0,116,300,0,0,0,310,8136
20,4,4,0,0,0,0,0,0,0,0,0,100,100,100,0,0,0,0,100,100,100,100.000000,1600,5440,29.411765,10,10,10,10,116,316,0,16,100,5440,15040,0,0,0,0,116,300,0,0,0,293,8136
21,4,4,0,0,0,0,0,0,0,0,0,100,100,100,0,0,0,0,100,100,100,100.000000,1600,5440,29.411765,10,10,10,10,116,316,0,16,100,5440,15040,0,0,0,0,116,300,0,0,0,295,8136
22,4,4,0,0,0,0,0,0,0,0,0,100,100,100,0,0,0,0,100,100,100,100.000000,1600,5440,29.411765,10,10,10,10,116,316,0,16,100,5440,15040,0,0,0,0,116,300,0,0,0,294,8136
23,4,4,0,0,0,0,0,0,0,0,0,100,100,100,0,0,0,0,100,100,100,100.000000,1600,5440,29.411765,10,10,10,10,116,316,0,16,100,5440,15040,0,0,0,0,116,300,0,0,0,307,8136
24,4,4,0,0,0,0,0,0,0,0,0,100,100,100,0,0,0,0,100,100,100,100.000000,1600,5440,29.411765,10,10,10,10,116,316,0,16,100,5440,15040,0,0,0,0,116,300,0,0,0,311,8136
25,4,4,0,0,0,0,0,0,0,0,0,100,100,100,0,0,0,0,100,100,100,100.000000,1600,5440,29.411765,10,10,10,10,116,316,0,16,100,5440,15040,0,0,0,0,116,300,0,0,0,313,8136
26,4,4,0,0,0,0,0,0,0,0,0,100,100,100,0,0,0,0,100,100,100,100.000000,1600,5440,29.411765,10,10,10,10,116,316,0,16,100,5440,15040,0,0,0,0,116,300,0,0,0,304,8136
27,4,4,0,0,0,0,0,0,0,0,0,100,100,100,0,0,0,0,100,100,100,100.000000,1600,5440,29.411765,10,10,10,10,116,316,0,16,100,5440,15040,0,0,0,0,116,300,0,0,0,310,8136
28,4,4,0,0,0,0,0,0,0,0,0,100,100,100,0,0,0,0,100,100,100,100.000000,1600,5440,29.411765,10,10,10,10,116,316,0,16,100,5440,15040,0,0,0,0,116,300,0,0,0,292,8136
29,4,4,0,0,0,0,0,0,0,0,0,100,100,100,0,0,0,0,100,100,100,100.000000,1600,5440,29.411765,10,10,10,10,116,316,0,16,100,5440,15040,0,0,0,0,116,300,0,0,0,289,8136
30,4,4,0,0,0,0,0,0,0,0,0,100,100,100,0,0,0,0,100,100,100,100.000000,1600,5440,29.411765,10,10,10,10,116,316,0,16,100,5440,15040,0,0,0,0,116,300,0,0,0,301,8136
31,4,4,0,0,0,0,0,0,0,0,0,100,100,100,0,0,0,0,100,100,100,100.000000,1600,5440,29.411765,10,10,10,10,116,316,0,16,100,5440,15040,0,0,0,0,116,300,0,0,0,311,8136
32,4,4,0,0,0,0,0,0,0,0,0,100,100,100,0,0,0,0,100,100,100,100.000000,1600,5440,29.411765,10,10,10,10,116,316,0,16,100,5440,15040,0,0,0,0,116,300,0,0,0,303,8136
33,4,4,0,0,0,0,0,0,0,0,0,100,100,100,0,0,0,0,100,100,100,100.000000,1600,5440,29.411765,10,10,10,10,116,316,0,16,100,5440,15040,0,0,0,0,116,300,0,0,0,301,8136
34,4,4,0,0,0,0,0,0,0,0,0,100,100,100,0,0,0,0,100,100,100,100.000000,1600,5440,29.411765,10,10,10,10,116,316,0,16,100,5440,15040,0,0,0,0,116,300,0,0,0,301,8136
35,4,4,0,0,0,0,0,0,0,0,0,100,100,100,0,0,0,0,100,100,100,100.000000,1600,5440,29.411765,10,10,10,10,116,316,0,16,100,5440,15040,0,0,0,0,116,300,0,0,0,296,8136
36,4,4,0,0,0,0,0,0,0,0,0,100,100,100,0,0,0,0,100,100,100,100.000000,1600,5440,29.411765,10,10,10,10,116,316,0,16,100,5440,15040,0,0,0,0,116,300,0,0,0,291,8136
37,4,4,0,0,0,0,0,0,0,0,0,100,100,100,0,0,0,0,100,100,100,100.000000,1600,5440,29.411765,10,10,10,10,116,316,0,16,100,5440,15040,0,0,0,0,116,300,0,0,0,282,8136
38,4,4,0,0,0,0,0,0,0,0,0,100,100,100,0,0,0,0,100,100,100,100.000000,1600,5440,29.411765,10,10,10,10,116,316,0,16,100,5440,15040,0,0,0,0,116,300,0,0,0,285,8136
39,4,4,0,0,0,0,0,0,0,0,0,100,100,100,0,0,0,0,100,100,100,100.000000,1600,5440,29.411765,10,10,10,10,116,316,0,16,100,5440,15040,0,0,0,0,116,300,0,0,0,295,8136
40,4,4,0,0,0,0,0,0,0,0,0,100,100,100,0,0,0,0,100,100,100,100.000000,1600,5440,29.411765,10,10,10,10,116,316,0,16,100,5440,15040,0,0,0,0,116,300,0,0,0,291,8136
41,4,4,0,0,0,0,0,0,0,0,0,100,100,100,0,0,0,0,100,100,100,100.000000,1600,5440,29.411765,10,10,10,10,116,316,0,16,100,5440,15040,0,0,0,0,116,300,0,0,0,286,8136
42,4,4,0,0,0,0,0,0,0,0,0,100,100,100,0,0,0,0,100,100,100,100.000000,1600,5440,29.411765,10,10,10,10,116,316,0,16,100,5440,15040,0,0,0,0,116,300,0,0,0,287,8136
43,4,4,0,0,0,0,0,0,0,0,0,100,100,100,0,0,0,0,100,100,100,100.000000,1600,5440,29.411765,10,10,10,10,116,316,0,16,100,5440,15040,0,0,0,0,116,300,0,0,0,281,8136
44,4,4,0,0,0,0,0,0,0,0,0,100,100,100,0,0,0,0,100,100,100,100.000000,1600,5440,29.411765,10,10,10,10,116,316,0,16,100,5440,15040,0,0,0,0,116,300,0,0,0,278,8136
45,4,4,0,0,0,0,0,0,0,0,0,100,100,100,0,0,0,0,100,100,100,100.000000,1600,5440,29.411765,10,10,10,10,116,316,0,16,100,5440,15040,0,0,0,0,116,300,0,0,0,286,8136
46,4,4,0,0,0,0,0,0,0,0,0,100,100,100,0,0,0,0,100,100,100,100.000000,1600,5440,29.411765,10,10,10,10,116,316,0,16,100,5440,15040,0,0,0,0,116,300,0,0,0,291,8136
47,4,4,0,0,0,0,0,0,0,0,0,100,100,100,0,0,0,0,100,100,100,100.000000,1600,5440,29.411765,10,10,10,10,116,316,0,16,100,5440,15040,0,0,0,0,116,300,0,0,0,283,8136
48,4,4,0,0,0,0,0,0,0,0,0,100,100,100,0,0,0,0,100,100,100,100.000000,1600,5440,29.411765,10,10,10,10,116,316,0,16,100,5440,15040,0,0,0,0,116,300,0,0,0,297,8136
49,4,4,0,0,0,0,0,0,0,0,0,100,100,100,0,0,0,0,100,100,100,100.000000,1600,5440,29.411765,10,10,10,10,116,316,0,16,100,5440,15040,0,0,0,0,116,300,0,0,0,356,8136
50,4,4,0,0,0,0,0,0,0,0,0,100,100,100,0,0,0,0,100,100,100,100.000000,1600,5440,29.411765,10,10,10,10,116,316,0,16,100,5440,15040,0,0,0,0,116,300,0,0,0,339,8136
51,4,4,0,0,0,0,0,0,0,0,0,100,100,100,0,0,0,0,100,100,100,100.000000,1600,5440,29.411765,10,10,10,10,116,316,0,16,100,5440,15040,0,0,0,0,116,300,0,0,0,308,8136
52,4,4,0,0,0,0,0,0,0,0,0,100,100,100,0,0,0,0,100,100,100,100.000000,1600,5440,29.411765,10,10,10,10,116,316,0,16,100,5440,15040,0,0,0,0,116,300,0,0,0,281,8136
53,4,4,0,0,0,0,0,0,0,0,0,100,100,100,0,0,0,0,100,100,100,100.000000,1600,5440,29.411765,10,10,10,10,116,316,0,16,100,5440,15040,0,0,0,0,116,300,0,0,0,286,8136
54,4,4,0,0,0,0,0,0,0,0,0,100,100,100,0,0,0,0,100,100,100,100.000000,1600,5440,29.411765,10,10,10,10,116,316,0,16,100,5440,15040,0,0,0,0,116,300,0,0,0,280,8136
55,4,4,0,0,0,0,0,0,0,0,0,100,100,100,0,0,0,0,100,100,100,100.000000,1600,5440,29.411765,10,10,10,10,116,316,0,16,100,5440,15040,0,0,0,0,116,300,0,0,0,281,8136
56,4,4,0,0,0,0,0,0,0,0,0,100,100,100,0,0,0,0,100,100,100,100.000000,1600,5440,29.411765,10,10,10,10,116,316,0,16,100,5440,15040,0,0,0,0,116,300,0,0,0,305,8136
57,4,4,0,0,0,0,0,0,0,0,0,100,100,100,0,0,0,0,100,100,100,100.000000,1600,5440,29.411765,10,10,10,10,116,316,0,16,100,5440,15040,0,0,0,0,116,300,0,0,0,302,8136
58,4,4,0,0,0,0,0,0,0,0,0,100,100,100,0,0,0,0,100,100,100,100.000000,1600,5440,29.411765,10,10,10,10,116,316,0,16,100,5440,15040,0,0,0,0,116,300,0,0,0,298,8136
59,4,4,0,0,0,0,0,0,0,0,0,100,100,100,0,0,0,0,100,100,100,100.000000,1600,5440,29.411765,10,10,10,10,116,316,0,16,100,5440,15040,0,0,0,0,116,300,0,0,0,283,8136
60,4,4,0,0,0,0,0,0,0,0,0,100,100,100,0,0,0,0,100,100,100,100.000000,1600,5440,29.411765,10,10,10,10,116,316,0,16,100,5440,15040,0,0,0,0,116,300,0,0,0,291,8136
61,4,4,0,0,0,0,0,0,0,0,0,100,100,100,0,0,0,0,100,100,100,100.000000,1600,5440,29.411765,10,10,10,10,116,316,0,16,100,5440,15040,0,0,0,0,116,300,0,0,0,286,8136
62,4,4,0,0,0,0,0,0,0,0,0,100,100,100,0,0,0,0,100,100,100,100.000000,1600,5440,29.411765,10,10,10,10,116,316,0,16,100,5440,15040,0,0,0,0,116,300,0,0,0,281,8136
63,4,4,0,0,0,0,0,0,0,0,0,100,100,100,0,0,0,0,100,100,100,100.000000,1600,5440,29.411765,10,10,10,10,116,316,0,16,100,5440,15040,0,0,0,0,116,300,0,0,0,286,8136
64,4,4,0,0,0,0,0,0,0,0,0,100,100,100,0,0,0,0,100,100,100,100.000000,1600,5440,29.411765,10,10,10,10,116,316,0,16,100,5440,15040,0,0,0,0,116,300,0,0,0,315,8136
65,4,4,0,0,0,0,0,0,0,0,0,100,100,100,0,0,0,0,100,100,100,100.000000,1600,5440,29.411765,10,10,10,10,116,316,0,16,100,5440,15040,0,0,0,0,116,300,0,0,0,302,8136
66,4,4,0,0,0,0,0,0,0,0,0,100,100,100,0,0,0,0,100,100,100,100.000000,1600,5440,29.411765,10,10,10,10,116,316,0,16,100,5440,15040,0,0,0,0,116,300,0,0,0,298,8136
67,4,4,0,0,0,0,0,0,0,0,0,100,100,100,0,0,0,0,100,100,100,100.000000,1600,5440,29.411765,10,10,10,10,116,316,0,16,100,5440,15040,0,0,0,0,116,300,0,0,0,294,8136
68,4,4,0,0,0,0,0,0,0,0,0,100,100,100,0,0,0,0,100,100,100,100.000000,1600,5440,29.411765,10,10,10,10,116,316,0,16,100,5440,15040,0,0,0,0,116,300,0,0,0,295,8136
69,4,4,0,0,0,0,0,0,0,0,0,100,100,100,0,0,0,0,100,100,100,100.000000,1600,5440,29.411765,10,10,10,10,116,316,0,16,100,5440,15040,0,0,0,0,116,300,0,0,0,281,8136
70,4,4,0,0,0,0,0,0,0,0,0,100,100,100,0,0,0,0,100,100,100,100.000000,1600,5440,29.411765,10,10,10,10,116,316,0,16,100,5440,15040,0,0,0,0,116,300,0,0,0,289,8136
71,4,4,0,0,0,0,0,0,0,0,0,100,100,100,0,0,0,0,100,100,100,100.000000,1600,5440,29.411765,10,10,10,10,116,316,0,16,100,5440,15040,0,0,0,0,116,300,0,0,0,283,8136
72,4,4,0,0,0,0,0,0,0,0,0,100,100,100,0,0,0,0,100,100,100,100.000000,1600,5440,29.411765,10,10,10,10,116,316,0,16,100,5440,15040,0,0,0,0,116,300,0,0,0,312,8136
73,4,4,0,0,0,0,0,0,0,0,0,100,100,100,0,0,0,0,100,100,100,100.000000,1600,5440,29.411765,10,10,10,10,116,316,0,16,100,5440,15040,0,0,0,0,116,300,0,0,0,305,8136
74,4,4,0,0,0,0,0,0,0,0,0,100,100,100,0,0,0,0,100,100,100,100.000000,1600,5440,29.411765,10,10,10,10,116,316,0,16,100,5440,15040,0,0,0,0,116,300,0,0,0,297,8136
75,4,4,0,0,0,0,0,0,0,0,0,100,100,100,0,0,0,0,100,100,100,100.000000,1600,5440,29.411765,10,10,10,10,116,316,0,16,100,5440,15040,0,0,0,0,116,300,0,0,0,292,8136
76,4,4,0,0,0,0,0,0,0,0,0,100,100,100,0,0,0,0,100,100,100,100.000000,1600,5440,29.411765,10,10,10,10,116,316,0,16,100,5440,15040,0,0,0,0,116,300,0,0,0,298,8136
77,4,4,0,0,0,0,0,0,0,0,0,100,100,100,0,0,0,0,100,100,100,100.000000,1600,5440,29.411765,10,10,10,10,116,316,0,16,100,5440,15040,0,0,0,0,116,300,0,0,0,285,8136
78,4,4,0,0,0,0,0,0,0,0,0,100,100,100,0,0,0,0,100,100,100,100.000000,1600,5440,29.411765,10,10,10,10,116,316,0,16,100,5440,15040,0,0,0,0,116,300,0,0,0,288,8136
79,4,4,0,0,0,0,0,0,0,0,0,100,100,100,0,0,0,0,100,100,100,100.000000,1600,5440,29.411765,10,10,10,10,116,316,0,16,100,5440,15040,0,0,0,0,116,300,0,0,0,288,8136
80,4,4,0,0,0,0,0,0,0,0,0,100,100,100,0,0,0,0,100,100,100,100.000000,1600,5440,29.411765,10,10,10,10,116,316,0,16,100,5440,15040,0,0,0,0,116,300,0,0,0,313,8136
81,4,4,0,0,0,0,0,0,0,0,0,100,100,100,0,0,0,0,100,100,100,100.000000,1600,5440,29.411765,10,10,10,10,116,316,0,16,100,5440,15040,0,0,0,0,116,300,0,0,0,314,8136
82,4,4,0,0,0,0,0,0,0,0,0,100,100,100,0,0,0,0,100,100,100,100.000000,1600,5440,29.411765,10,10,10,10,116,316,0,16,100,5440,15040,0,0,0,0,116,300,0,0,0,291,8136
83,4,4,0,0,0,0,0,0,0,0,0,100,100,100,0,0,0,0,100,100,100,100.000000,1600,5440,29.411765,10,10,10,10,116,316,0,16,100,5440,15040,0,0,0,0,116,300,0,0,0,291,8136
84,4,4,0,0,0,0,0,0,0,0,0,100,100,100,0,0,0,0,100,100,100,100.000000,1600,5440,29.411765,10,10,10,10,116,316,0,16,100,5440,15040,0,0,0,0,116,300,0,0,0,318,8136
85,4,4,0,0,0,0,0,0,0,0,0,100,100,100,0,0,0,0,100,100,100,100.000000,1600,5440,29.411765,10,10,10,10,116,316,0,16,100,5440,15040,0,0,0,0,116,300,0,0,0,293,8136
86,4,4,0,0,0,0,0,0,0,0,0,100,100,100,0,0,0,0,100,100,100,100.000000,1600,5440,29.411765,10,10,10,10,116,316,0,16,100,5440,15040,0,0,0,0,116,300,0,0,0,301,8136
87,4,4,0,0,0,0,0,0,0,0,0,100,100,100,0,0,0,0,100,100,100,100.000000,1600,5440,29.411765,10,10,10,10,116,316,0,16,100,5440,15040,0,0,0,0,116,300,0,0,0,295,8136
88,4,4,0,0,0,0,0,0,0,0,0,100,100,100,0,0,0,0,100,100,100,100.000000,1600,5440,29.411765,10,10,10,10,116,316,0,16,100,5440,15040,0,0,0,0,116,300,0,0,0,298,8136
89,4,4,0,0,0,0,0,0,0,0,0,100,100,100,0,0,0,0,100,100,100,100.000000,1600,5440,29.411765,10,10,10,10,116,316,0,16,100,5440,15040,0,0,0,0,116,300,0,0,0,301,8136
90,4,4,0,0,0,0,0,0,0,0,0,100,100,100,0,0,0,0,100,100,100,100.000000,1600,5440,29.411765,10,10,10,10,116,316,0,16,100,5440,15040,0,0,0,0,116,300,0,0,0,288,8136
91,4,4,0,0,0,0,0,0,0,0,0,100,100,100,0,0,0,0,100,100,100,100.000000,1600,5440,29.411765,10,10,10,10,116,316,0,16,100,5440,15040,0,0,0,0,116,300,0,0,0,295,8136
92,4,4,0,0,0,0,0,0,0,0,0,100,100,100,0,0,0,0,100,100,100,100.000000,1600,5440,29.411765,10,10,10,10,116,316,0,16,100,5440,15040,0,0,0,0,116,300,0,0,0,313,8136
93,4,4,0,0,0,0,0,0,0,0,0,100,100,100,0,0,0,0,100,100,100,100.000000,1600,5440,29.411765,10,10,10,10,116,316,0,16,100,5440,15040,0,0,0,0,116,300,0,0,0,291,8136
94,4,4,0,0,0,0,0,0,0,0,0,100,100,100,0,0,0,0,100,100,100,100.000000,1600,5440,29.411765,10,10,10,10,116,316,0,16,100,5440,15040,0,0,0,0,116,300,0,0,0,310,8136
95,4,4,0,0,0,0,0,0,0,0,0,100,100,100,0,0,0,0,100,100,100,100.000000,1600,5440,29.411765,10,10,10,10,116,316,0,16,100,5440,15040,0,0,0,0,116,300,0,0,0,305,8136
96,4,4,0,0,0,0,0,0,0,0,0,100,100,100,0,0,0,0,100,100,100,100.000000,1600,5440,29.411765,10,10,10,10,116,316,0,16,100,5440,15040,0,0,0,0,116,300,0,0,0,309,8136
97,4,4,0,0,0,0,0,0,0,0,0,100,100,100,0,0,0,0,100,100,100,100.000000,1600,5440,29.411765,10,10,10,10,116,316,0,16,100,5440,15040,0,0,0,0,116,300,0,0,0,310,8136
98,4,4,0,0,0,0,0,0,0,0,0,100,100,100,0,0,0,0,100,100,100,100.000000,1600,5440,29.411765,10,10,10,10,116,316,0,16,100,5440,15040,0,0,0,0,116,300,0,0,0,296,8136
99,4,4,0,0,0,0,0,0,0,0,0,100,100,100,0,0,0,0,100,100,100,100.000000,1600,5440,29.411765,10,10,10,10,116,316,0,16,100,5440,15040,0,0,0,0,116,300,0,0,0,302,8136
100,4,4,0,0,0,0,0,0,0,0,0,100,100,100,0,0,0,0,100,100,100,100.000000,1600,5440,29.411765,10,10,10,10,116,316,0,16,100,5440,15040,0,0,0,0,116,300,0,0,0,312,8136
101,4,4,0,0,0,0,0,0,0,0,0,100,100,100,0,0,0,0,100,100,100,100.000000,1600,5440,29.411765,10,10,10,10,116,316,0,16,100,5440,15040,0,0,0,0,116,300,0,0,0,321,8136
102,4,4,0,0,0,0,0,0,0,0,0,100,100,100,0,0,0,0,100,100,100,100.000000,1600,5440,29.411765,10,10,10,10,116,316,0,16,100,5440,15040,0,0,0,0,116,300,0,0,0,309,8136
103,4,4,0,0,0,0,0,0,0,0,0,100,100,100,0,0,0,0,100,100,100,100.000000,1600,5440,29.411765,10,10,10,10,116,316,0,16,100,5440,15040,0,0,0,0,116,300,0,0,0,311,8136
104,4,4,0,0,0,0,0,0,0,0,0,100,100,100,0,0,0,0,100,100,100,100.000000,1600,5440,29.411765,10,10,10,10,116,316,0,16,100,5440,15040,0,0,0,0,116,300,0,0,0,300,8136
105,4,4,0,0,0,0,0,0,0,0,0,100,100,100,0,0,0,0,100,100,100,100.000000,1600,5440,29.411765,10,10,10,10,116,316,0,16,100,5440,15040,0,0,0,0,116,300,0,0,0,303,8136
106,4,4,0,0,0,0,0,0,0,0,0,100,100,100,0,0,0,0,100,100,100,100.000000,1600,5440,29.411765,10,10,10,10,116,316,0,16,100,5440,15040,0,0,0,0,116,300,0,0,0,301,8136
107,4,4,0,0,0,0,0,0,0,0,0,100,100,100,0,0,0,0,100,100,100,100.000000,1600,5440,29.411765,10,10,10,10,116,316,0,16,100,5440,15040,0,0,0,0,116,300,0,0,0,294,8136
108,4,4,0,0,0,0,0,0,0,0,0,100,100,100,0,0,0,0,100,100,100,100.000000,1600,5440,29.411765,10,10,10,10,116,316,0,16,100,5440,15040,0,0,0,0,116,300,0,0,0,287,8136
109,4,4,0,0,0,0,0,0,0,0,0,100,100,100,0,0,0,0,100,100,100,100.000000,1600,5440,29.411765,10,10,10,10,116,316,0,16,100,5440,15040,0,0,0,0,116,300,0,0,0,287,8136
110,4,4,0,0,0,0,0,0,0,0,0,100,100,100,0,0,0,0,100,100,100,100.000000,1600,5440,29.411765,10,10,10,10,116,316,0,16,100,5440,15040,0,0,0,0,116,300,0,0,0,287,8136
111,4,4,0,0,0,0,0,0,0,0,0,100,100,100,0,0,0,0,100,100,100,100.000000,1600,5440,29.411765,10,10,10,10,116,316,0,16,100,5440,15040,0,0,0,0,116,300,0,0,0,285,8136
112,4,4,0,0,0,0,0,0,0,0,0,100,100,100,0,0,0,0,100,100,100,100.000000,1600,5440,29.411765,10,10,10,10,116,316,0,16,100,5440,15040,0,0,0,0,116,300,0,0,0,294,8136
113,4,4,0,0,0,0,0,0,0,0,0,100,100,100,0,0,0,0,100,100,100,100.000000,1600,5440,29.411765,10,10,10,10,116,316,0,16,100,5440,15040,0,0,0,0,116,300,0,0,0,301,8136
114,4,4,0,0,0,0,0,0,0,0,0,100,100,100,0,0,0,0,100,100,100,100.000000,1600,5440,29.411765,10,10,10,10,116,316,0,16,100,5440,15040,0,0,0,0,116,300,0,0,0,295,8136
115,4,4,0,0,0,0,0,0,0,0,0,100,100,100,0,0,0,0,100,100,100,100.000000,1600,5440,29.411765,10,10,10,10,116,316,0,16,100,5440,15040,0,0,0,0,116,300,0,0,0,287,8136
116,4,4,0,0,0,0,0,0,0,0,0,100,100,100,0,0,0,0,100,100,100,100.000000,1600,5440,29.411765,10,10,10,10,116,316,0,16,100,5440,15040,0,0,0,0,116,300,0,0,0,292,8136
117,4,4,0,0,0,0,0,0,0,0,0,100,100,100,0,0,0,0,100,100,100,100.000000,1600,5440,29.411765,10,10,10,10,116,316,0,16,100,5440,15040,0,0,0,0,116,300,0,0,0,315,8136
118,4,4,0,0,0,0,0,0,0,0,0,100,100,100,0,0,0,0,100,100,100,100.000000,1600,5440,29.411765,10,10,10,10,116,316,0,16,100,5440,15040,0,0,0,0,116,300,0,0,0,343,8136
119,4,4,0,0,0,0,0,0,0,0,0,100,100,100,0,0,0,0,100,100,100,100.000000,1600,5440,29.411765,10,10,10,10,116,316,0,16,100,5440,15040,0,0,0,0,116,300,0,0,0,292,8136
120,4,4,0,0,0,0,0,0,0,0,0,100,100,100,0,0,0,0,100,100,100,100.000000,1600,5440,29.411765,10,10,10,10,116,316,0,16,100,5440,15040,0,0,0,0,116,300,0,0,0,290,8136
121,4,4,0,0,0,0,0,0,0,0,0,100,100,100,0,0,0,0,100,100,100,100.000000,1600,5440,29.411765,10,10,10,10,116,316,0,16,100,5440,15040,0,0,0,0,116,300,0,0,0,299,8136
122,4,4,0,0,0,0,0,0,0,0,0,100,100,100,0,0,0,0,100,100,100,100.000000,1600,5440,29.411765,10,10,10,10,116,316,0,16,100,5440,15040,0,0,0,0,116,300,0,0,0,290,8136
123,4,4,0,0,0,0,0,0,0,0,0,100,100,100,0,0,0,0,100,100,100,100.000000,1600,5440,29.411765,10,10,10,10,116,316,0,16,100,5440,15040,0,0,0,0,116,300,0,0,0,280,8136
124,4,4,0,0,0,0,0,0,0,0,0,100,100,100,0,0,0,0,100,100,100,100.000000,1600,5440,29.411765,10,10,10,10,116,316,0,16,100,5440,15040,0,0,0,0,116,300,0,0,0,298,8136
125,4,4,0,0,0,0,0,0,0,0,0,100,100,100,0,0,0,0,100,100,100,100.000000,1600,5440,29.411765,10,10,10,10,116,316,0,16,100,5440,15040,0,0,0,0,116,300,0,0,0,289,8136
126,4,4,0,0,0,0,0,0,0,0,0,100,100,100,0,0,0,0,100,100,100,100.000000,1600,5440,29.411765,10,10,10,10,116,316,0,16,100,5440,15040,0,0,0,0,116,300,0,0,0,290,8136
127,4,4,0,0,0,0,0,0,0,0,0,100,100,100,0,0,0,0,100,100,100,100.000000,1600,5440,29.411765,10,10,10,10,116,316,0,16,100,5440,15040,0,0,0,0,116,300,0,0,0,274,8136
128,4,4,0,0,0,0,0,0,0,0,0,100,100,100,0,0,0,0,100,100,100,100.000000,1600,5440,29.411765,10,10,10,10,116,316,0,16,100,5440,15040,0,0,0,0,116,300,0,0,0,299,8136
129,4,4,0,0,0,0,0,0,0,0,0,100,100,100,0,0,0,0,100,100,100,100.000000,1600,5440,29.411765,10,10,10,10,116,316,0,16,100,5440,15040,0,0,0,0,116,300,0,0,0,316,8136
130,4,4,0,0,0,0,0,0,0,0,0,100,100,100,0,0,0,0,100,100,100,100.000000,1600,5440,29.411765,10,10,10,10,116,316,0,16,100,5440,15040,0,0,0,0,116,300,0,0,0,299,8136
131,4,4,0,0,0,0,0,0,0,0,0,100,100,100,0,0,0,0,100,100,100,100.000000,1600,5440,29.411765,10,10,10,10,116,316,0,16,100,5440,15040,0,0,0,0,116,300,0,0,0,279,8136
132,4,4,0,0,0,0,0,0,0,0,0,100,100,100,0,0,0,0,100,100,100,100.000000,1600,5440,29.411765,10,10,10,10,116,316,0,16,100,5440,15040,0,0,0,0,116,300,0,0,0,307,8136
133,4,4,0,0,0,0,0,0,0,0,0,100,100,100,0,0,0,0,100,100,100,100.000000,1600,5440,29.411765,10,10,10,10,116,316,0,16,100,5440,15040,0,0,0,0,116,300,0,0,0,288,8136
134,4,4,0,0,0,0,0,0,0,0,0,100,100,100,0,0,0,0,100,100,100,100.000000,1600,5440,29.411765,10,10,10,10,116,316,0,16,100,5440,15040,0,0,0,0,116,300,0,0,0,278,8136
135,4,4,0,0,0,0,0,0,0,0,0,100,100,100,0,0,0,0,100,100,100,100.000000,1600,5440,29.411765,10,10,10,10,116,316,0,16,100,5440,15040,0,0,0,0,116,300,0,0,0,289,8136
136,4,4,0,0,0,0,0,0,0,0,0,100,100,100,0,0,0,0,100,100,100,100.000000,1600,5440,29.411765,10,10,10,10,116,316,0,16,100,5440,15040,0,0,0,0,116,300,0,0,0,381,8136
137,4,4,0,0,0,0,0,0,0,0,0,100,100,100,0,0,0,0,100,100,100,100.000000,1600,5440,29.411765,10,10,10,10,116,316,0,16,100,5440,15040,0,0,0,0,116,300,0,0,0,296,8136
138,4,4,0,0,0,0,0,0,0,0,0,100,100,100,0,0,0,0,100,100,100,100.000000,1600,5440,29.411765,10,10,10,10,116,316,0,16,100,5440,15040,0,0,0,0,116,300,0,0,0,292,8136
139,4,4,0,0,0,0,0,0,0,0,0,100,100,100,0,0,0,0,100,100,100,100.000000,1600,5440,29.411765,10,10,10,10,116,316,0,16,100,5440,15040,0,0,0,0,116,300,0,0,0,295,8136
140,4,4,0,0,0,0,0,0,0,0,0,100,100,100,0,0,0,0,100,100,100,100.000000,1600,5440,29.411765,10,10,10,10,116,316,0,16,100,5440,15040,0,0,0,0,116,300,0,0,0,296,8136
141,4,4,0,0,0,0,0,0,0,0,0,100,100,100,0,0,0,0,100,100,100,100.000000,1600,5440,29.411765,10,10,10,10,116,316,0,16,100,5440,15040,0,0,0,0,116,300,0,0,0,290,8136
142,4,4,0,0,0,0,0,0,0,0,0,100,100,100,0,0,0,0,100,100,100,100.000000,1600,5440,29.411765,10,10,10,10,116,316,0,16,100,5440,15040,0,0,0,0,116,300,0,0,0,277,8136
143,4,4,0,0,0,0,0,0,0,0,0,100,100,100,0,0,0,0,100,100,100,100.000000,1600,5440,29.411765,10,10,10,10,116,316,0,16,100,5440,15040,0,0,0,0,116,300,0,0,0,297,8136
144,4,4,0,0,0,0,0,0,0,0,0,100,100,100,0,0,0,0,100,100,100,100.000000,1600,5440,29.411765,10,10,10,10,116,316,0,16,100,5440,15040,0,0,0,0,116,300,0,0,0,333,8136
145,4,4,0,0,0,0,0,0,0,0,0,100,100,100,0,0,0,0,100,100,100,100.000000,1600,5440,29.411765,10,10,10,10,116,316,0,16,100,5440,15040,0,0,0,0,116,300,0,0,0,300,8136
146,4,4,0,0,0,0,0,0,0,0,0,100,100,100,0,0,0,0,100,100,100,100.000000,1600,5440,29.411765,10,10,10,10,116,316,0,16,100,5440,15040,0,0,0,0,116,300,0,0,0,293,8136
147,4,4,0,0,0,0,0,0,0,0,0,100,100,100,0,0,0,0,100,100,100,100.000000,1600,5440,29.411765,10,10,10,10,116,316,0,16,100,5440,15040,0,0,0,0,116,300,0,0,0,293,8136
148,4,4,0,0,0,0,0,0,0,0,0,100,100,100,0,0,0,0,100,100,100,100.000000,1600,5440,29.411765,10,10,10,10,116,316,0,16,100,5440,15040,0,0,0,0,116,300,0,0,0,309,8136
149,4,4,0,0,0,0,0,0,0,0,0,100,100,100,0,0,0,0,100,100,100,100.000000,1600,5440,29.411765,10,10,10,10,116,316,0,16,100,5440,15040,0,0,0,0,116,300,0,0,0,291,8136
150,4,4,0,0,0,0,0,0,0,0,0,100,100,100,0,0,0,0,100,100,100,100.000000,1600,5440,29.411765,10,10,10,10,116,316,0,16,100,5440,15040,0,0,0,0,116,300,0,0,0,279,8136
151,4,4,0,0,0,0,0,0,0,0,0,100,100,100,0,0,0,0,100,100,100,100.000000,1600,5440,29.411765,10,10,10,10,116,316,0,16,100,5440,15040,0,0,0,0,116,300,0,0,0,298,8136
152,4,4,0,0,0,0,0,0,0,0,0,100,100,100,0,0,0,0,100,100,100,100.000000,1600,5440,29.411765,10,10,10,10,116,316,0,16,100,5440,15040,0,0,0,0,116,300,0,0,0,295,8136
153,4,4,0,0,0,0,0,0,0,0,0,100,100,100,0,0,0,0,100,100,100,100.000000,1600,5440,29.411765,10,10,10,10,116,316,0,16,100,5440,15040,0,0,0,0,116,300,0,0,0,286,8136
154,4,4,0,0,0,0,0,0,0,0,0,100,100,100,0,0,0,0,100,100,100,100.000000,1600,5440,29.411765,10,10,10,10,116,316,0,16,100,5440,15040,0,0,0,0,116,300,0,0,0,308,8136
155,4,4,0,0,0,0,0,0,0,0,0,100,100,100,0,0,0,0,100,100,100,100.000000,1600,5440,29.411765,10,10,10,10,116,316,0,16,100,5440,15040,0,0,0,0,116,300,0,0,0,290,8136
156,4,4,0,0,0,0,0,0,0,0,0,100,100,100,0,0,0,0,100,100,100,100.000000,1600,5440,29.411765,10,10,10,10,116,316,0,16,100,5440,15040,0,0,0,0,116,300,0,0,0,292,8136
157,4,4,0,0,0,0,0,0,0,0,0,100,100,100,0,0,0,0,100,100,100,100.000000,1600,5440,29.411765,10,10,10,10,116,316,0,16,100,5440,15040,0,0,0,0,116,300,0,0,0,288,8136
158,4,4,0,0,0,0,0,0,0,0,0,100,100,100,0,0,0,0,100,100,100,100.000000,1600,5440,29.411765,10,10,10,10,116,316,0,16,100,5440,15040,0,0,0,0,116,300,0,0,0,283,8136
159,4,4,0,0,0,0,0,0,0,0,0,100,100,100,0,0,0,0,100,100,100,100.000000,1600,5440,29.411765,10,10,10,10,116,316,0,16,100,5440,15040,0,0,0,0,116,300,0,0,0,285,8136
160,4,4,0,0,0,0,0,0,0,0,0,100,100,100,0,0,0,0,100,100,100,100.000000,1600,5440,29.411765,10,10,10,10,116,316,0,16,100,5440,15040,0,0,0,0,116,300,0,0,0,305,8136
161,4,4,0,0,0,0,0,0,0,0,0,100,100,100,0,0,0,0,100,100,100,100.000000,1600,5440,29.411765,10,10,10,10,116,316,0,16,100,5440,15040,0,0,0,0,116,300,0,0,0,319,8136
162,4,4,0,0,0,0,0,0,0,0,0,100,100,100,0,0,0,0,100,100,100,100.000000,1600,5440,29.411765,10,10,10,10,116,316,0,16,100,5440,15040,0,0,0,0,116,300,0,0,0,282,8136
163,4,4,0,0,0,0,0,0,0,0,0,100,100,100,0,0,0,0,100,100,100,100.000000,1600,5440,29.411765,10,10,10,10,116,316,0,16,100,5440,15040,0,0,0,0,116,300,0,0,0,283,8136
164,4,4,0,0,0,0,0,0,0,0,0,100,100,100,0,0,0,0,100,100,100,100.000000,1600,5440,29.411765,10,10,10,10,116,316,0,16,100,5440,15040,0,0,0,0,116,300,0,0,0,301,8136
165,4,4,0,0,0,0,0,0,0,0,0,100,100,100,0,0,0,0,100,100,100,100.000000,1600,5440,29.411765,10,10,10,10,116,316,0,16,100,5440,15040,0,0,0,0,116,300,0,0,0,290,8136
166,4,4,0,0,0,0,0,0,0,0,0,100,100,100,0,0,0,0,100,100,100,100.000000,1600,5440,29.411765,10,10,10,10,116,316,0,16,100,5440,15040,0,0,0,0,116,300,0,0,0,296,8136
167,4,4,0,0,0,0,0,0,0,0,0,100,100,100,0,0,0,0,100,100,100,100.000000,1600,5440,29.411765,10,10,10,10,116,316,0,16,100,5440,15040,0,0,0,0,116,300,0,0,0,316,8136
168,4,4,0,0,0,0,0,0,0,0,0,100,100,100,0,0,0,0,100,100,100,100.000000,1600,5440,29.411765,10,10,10,10,116,316,0,16,100,5440,15040,0,0,0,0,116,300,0,0,0,292,8136
169,4,4,0,0,0,0,0,0,0,0,0,100,100,100,0,0,0,0,100,100,100,100.000000,1600,5440,29.411765,10,10,10,10,116,316,0,16,100,5440,15040,0,0,0,0,116,300,0,0,0,287,8136
170,4,4,0,0,0,0,0,0,0,0,0,100,100,100,0,0,0,0,100,100,100,100.000000,1600,5440,29.411765,10,10,10,10,116,316,0,16,100,5440,15040,0,0,0,0,116,300,0,0,0,283,8136
171,4,4,0,0,0,0,0,0,0,0,0,100,100,100,0,0,0,0,100,100,100,100.000000,1600,5440,29.411765,10,10,10,10,116,316,0,16,100,5440,15040,0,0,0,0,116,300,0,0,0,278,8136
172,4,4,0,0,0,0,0,0,0,0,0,100,100,100,0,0,0,0,100,100,100,100.000000,1600,5440,29.411765,10,10,10,10,116,316,0,16,100,5440,15040,0,0,0,0,116,300,0,0,0,272,8136
173,4,4,0,0,0,0,0,0,0,0,0,100,100,100,0,0,0,0,100,100,100,100.000000,1600,5440,29.411765,10,10,10,10,116,316,0,16,100,5440,15040,0,0,0,0,116,300,0,0,0,283,8136
174,4,4,0,0,0,0,0,0,0,0,0,100,100,100,0,0,0,0,100,100,100,100.000000,1600,5440,29.411765,10,10,10,10,116,316,0,16,100,5440,15040,0,0,0,0,116,300,0,0,0,285,8136
175,4,4,0,0,0,0,0,0,0,0,0,100,100,100,0,0,0,0,100,100,100,100.000000,1600,5440,29.411765,10,10,10,10,116,316,0,16,100,5440,15040,0,0,0,0,116,300,0,0,0,279,8136
176,4,4,0,0,0,0,0,0,0,0,0,100,100,100,0,0,0,0,100,100,100,100.000000,1600,5440,29.411765,10,10,10,10,116,316,0,16,100,5440,15040,0,0,0,0,116,300,0,0,0,303,8136
177,4,4,0,0,0,0,0,0,0,0,0,100,100,100,0,0,0,0,100,100,100,100.000000,1600,5440,29.411765,10,10,10,10,116,316,0,16,100,5440,15040,0,0,0,0,116,300,0,0,0,306,8136
178,4,4,0,0,0,0,0,0,0,0,0,100,100,100,0,0,0,0,100,100,100,100.000000,1600,5440,29.411765,10,10,10,10,116,316,0,16,100,5440,15040,0,0,0,0,116,300,0,0,0,281,8136
179,4,4,0,0,0,0,0,0,0,0,0,100,100,100,0,0,0,0,100,100,100,100.000000,1600,5440,29.411765,10,10,10,10,116,316,0,16,100,5440,15040,0,0,0,0,116,300,0,0,0,272,8136
180,4,4,0,0,0,0,0,0,0,0,0,100,100,100,0,0,0,0,100,100,100,100.000000,1600,5440,29.411765,10,10,10,10,116,316,0,16,100,5440,15040,0,0,0,0,116,300,0,0,0,280,8136
181,4,4,0,0,0,0,0,0,0,0,0,100,100,100,0,0,0,0,100,100,100,100.000000,1600,5440,29.411765,10,10,10,10,116,316,0,16,100,5440,15040,0,0,0,0,116,300,0,0,0,281,8136
182,4,4,0,0,0,0,0,0,0,0,0,100,100,100,0,0,0,0,100,100,100,100.000000,1600,5440,29.411765,10,10,10,10,116,316,0,16,100,5440,15040,0,0,0,0,116,300,0,0,0,284,8136
183,4,4,0,0,0,0,0,0,0,0,0,100,100,100,0,0,0,0,100,100,100,100.000000,1600,5440,29.411765,10,10,10,10,116,316,0,16,100,5440,15040,0,0,0,0,116,300,0,0,0,278,8136
184,4,4,0,0,0,0,0,0,0,0,0,100,100,100,0,0,0,0,100,100,100,100.000000,1600,5440,29.411765,10,10,10,10,116,316,0,16,100,5440,15040,0,0,0,0,116,300,0,0,0,298,8136
185,4,4,0,0,0,0,0,0,0,0,0,100,100,100,0,0,0,0,100,100,100,100.000000,1600,5440,29.411765,10,10,10,10,116,316,0,16,100,5440,15040,0,0,0,0,116,300,0,0,0,288,8136
186,4,4,0,0,0,0,0,0,0,0,0,100,100,100,0,0,0,0,100,100,100,100.000000,1600,5440,29.411765,10,10,10,10,116,316,0,16,100,5440,15040,0,0,0,0,116,300,0,0,0,301,8136
187,4,4,0,0,0,0,0,0,0,0,0,100,100,100,0,0,0,0,100,100,100,100.000000,1600,5440,29.411765,10,10,10,10,116,316,0,16,100,5440,15040,0,0,0,0,116,300,0,0,0,296,8136
188,4,4,0,0,0,0,0,0,0,0,0,100,100,100,0,0,0,0,100,100,100,100.000000,1600,5440,29.411765,10,10,10,10,116,316,0,16,100,5440,15040,0,0,0,0,116,300,0,0,0,302,8136
189,4,4,0,0,0,0,0,0,0,0,0,100,100,100,0,0,0,0,100,100,100,100.000000,1600,5440,29.411765,10,10,10,10,116,316,0,16,100,5440,15040,0,0,0,0,116,300,0,0,0,271,8136
190,4,4,0,0,0,0,0,0,0,0,0,100,100,100,0,0,0,0,100,100,100,100.000000,1600,5440,29.411765,10,10,10,10,116,316,0,16,100,5440,15040,0,0,0,0,116,300,0,0,0,269,8136
191,4,4,0,0,0,0,0,0,0,0,0,100,100,100,0,0,0,0,100,100,100,100.000000,1600,5440,29.411765,10,10,10,10,116,316,0,16,100,5440,15040,0,0,0,0,116,300,0,0,0,280,8136
192,4,4,0,0,0,0,0,0,0,0,0,100,100,100,0,0,0,0,100,100,100,100.000000,1600,5440,29.411765,10,10,10,10,116,316,0,16,100,5440,15040,0,0,0,0,116,300,0,0,0,299,8136
193,4,4,0,0,0,0,0,0,0,0,0,100,100,100,0,0,0,0,100,100,100,100.000000,1600,5440,29.411765,10,10,10,10,116,316,0,16,100,5440,15040,0,0,0,0,116,300,0,0,0,291,8136
194,4,4,0,0,0,0,0,0,0,0,0,100,100,100,0,0,0,0,100,100,100,100.000000,1600,5440,29.411765,10,10,10,10,116,316,0,16,100,5440,15040,0,0,0,0,116,300,0,0,0,285,8136
195,4,4,0,0,0,0,0,0,0,0,0,100,100,100,0,0,0,0,100,100,100,100.000000,1600,5440,29.411765,10,10,10,10,116,316,0,16,100,5440,15040,0,0,0,0,116,300,0,0,0,279,8136
196,4,4,0,0,0,0,0,0,0,0,0,100,100,100,0,0,0,0,100,100,100,100.000000,1600,5440,29.411765,10,10,10,10,116,316,0,16,100,5440,15040,0,0,0,0,116,300,0,0,0,287,8136
197,4,4,0,0,0,0,0,0,0,0,0,100,100,100,0,0,0,0,100,100,100,100.000000,1600,5440,29.411765,10,10,10,10,116,316,0,16,100,5440,15040,0,0,0,0,116,300,0,0,0,289,8136
198,4,4,0,0,0,0,0,0,0,0,0,100,100,100,0,0,0,0,100,100,100,100.000000,1600,5440,29.411765,10,10,10,10,116,316,0,16,100,5440,15040,0,0,0,0,116,300,0,0,0,284,8136
199,4,4,0,0,0,0,0,0,0,0,0,100,100,100,0,0,0,0,100,100,100,100.000000,1600,5440,29.411765,10,10,10,10,116,316,0,16,100,5440,15040,0,0,0,0,116,300,0,0,0,297,8136
200,4,4,0,0,0,0,0,0,0,0,0,100,100,100,0,0,0,0,100,100,100,100.000000,1600,5440,29.411765,10,10,10,10,116,316,0,16,100,5440,15040,0,0,0,0,116,300,0,0,0,316,8136
201,4,4,0,0,0,0,0,0,0,0,0,100,100,100,0,0,0,0,100,100,100,100.000000,1600,5440,29.411765,10,10,10,10,116,316,0,16,100,5440,15040,0,0,0,0,116,300,0,0,0,298,8136
202,4,4,0,0,0,0,0,0,0,0,0,100,100,100,0,0,0,0,100,100,100,100.000000,1600,5440,29.411765,10,10,10,10,116,316,0,16,100,5440,15040,0,0,0,0,116,300,0,0,0,287,8136
203,4,4,0,0,0,0,0,0,0,0,0,100,100,100,0,0,0,0,100,100,100,100.000000,1600,5440,29.411765,10,10,10,10,116,316,0,16,100,5440,15040,0,0,0,0,116,300,0,0,0,306,8136
204,4,4,0,0,0,0,0,0,0,0,0,100,100,100,0,0,0,0,100,100,100,100.000000,1600,5440,29.411765,10,10,10,10,116,316,0,16,100,5440,15040,0,0,0,0,116,300,0,0,0,292,8136
205,4,4,0,0,0,0,0,0,0,0,0,100,100,100,0,0,0,0,100,100,100,100.000000,1600,5440,29.411765,10,10,10,10,116,316,0,16,100,5440,15040,0,0,0,0,116,300,0,0,0,298,8136
206,4,4,0,0,0,0,0,0,0,0,0,100,100,100,0,0,0,0,100,100,100,100.000000,1600,5440,29.411765,10,10,10,10,116,316,0,16,100,5440,15040,0,0,0,0,116,300,0,0,0,299,8136
207,4,4,0,0,0,0,0,0,0,0,0,100,100,100,0,0,0,0,100,100,100,100.000000,1600,5440,29.411765,10,10,10,10,116,316,0,16,100,5440,15040,0,0,0,0,116,300,0,0,0,294,8136
208,4,4,0,0,0,0,0,0,0,0,0,100,100,100,0,0,0,0,100,100,100,100.000000,1600,5440,29.411765,10,10,10,10,116,316,0,16,100,5440,15040,0,0,0,0,116,300,0,0,0,305,8136
209,4,4,0,0,0,0,0,0,0,0,0,100,100,100,0,0,0,0,100,100,100,100.000000,1600,5440,29.411765,10,10,10,10,116,316,0,16,100,5440,15040,0,0,0,0,116,300,0,0,0,287,8136
210,4,4,0,0,0,0,0,0,0,0,0,100,100,100,0,0,0,0,100,100,100,100.000000,1600,5440,29.411765,10,10,10,10,116,316,0,16,100,5440,15040,0,0,0,0,116,300,0,0,0,293,8136
211,4,4,0,0,0,0,0,0,0,0,0,100,100,100,0,0,0,0,100,100,100,100.000000,1600,5440,29.411765,10,10,10,10,116,316,0,16,100,5440,15040,0,0,0,0,116,300,0,0,0,286,8136
212,4,4,0,0,0,0,0,0,0,0,0,100,100,100,0,0,0,0,100,100,100,100.000000,1600,5440,29.411765,10,10,10,10,116,316,0,16,100,5440,15040,0,0,0,0,116,300,0,0,0,285,8136
213,4,4,0,0,0,0,0,0,0,0,0,100,100,100,0,0,0,0,100,100,100,100.000000,1600,5440,29.411765,10,10,10,10,116,316,0,16,100,5440,15040,0,0,0,0,116,300,0,0,0,274,8136
214,4,4,0,0,0,0,0,0,0,0,0,100,100,100,0,0,0,0,100,100,100,100.000000,1600,5440,29.411765,10,10,10,10,116,316,0,16,100,5440,15040,0,0,0,0,116,300,0,0,0,298,8136
215,4,4,0,0,0,0,0,0,0,0,0,100,100,100,0,0,0,0,100,100,100,100.000000,1600,5440,29.411765,10,10,10,10,116,316,0,16,100,5440,15040,0,0,0,0,116,300,0,0,0,283,8136
216,4,4,0,0,0,0,0,0,0,0,0,100,100,100,0,0,0,0,100,100,100,100.000000,1600,5440,29.411765,10,10,10,10,116,316,0,16,100,5440,15040,0,0,0,0,116,300,0,0,0,303,8136
217,4,4,0,0,0,0,0,0,0,0,0,100,100,100,0,0,0,0,100,100,100,100.000000,1600,5440,29.411765,10,10,10,10,116,316,0,16,100,5440,15040,0,0,0,0,116,300,0,0,0,300,8136
218,4,4,0,0,0,0,0,0,0,0,0,100,100,100,0,0,0,0,100,100,100,100.000000,1600,5440,29.411765,10,10,10,10,116,316,0,16,100,5440,15040,0,0,0,0,116,300,0,0,0,286,8136
219,4,4,0,0,0,0,0,0,0,0,0,100,100,100,0,0,0,0,100,100,100,100.000000,1600,5440,29.411765,10,10,10,10,116,316,0,16,100,5440,15040,0,0,0,0,116,300,0,0,0,304,8136
220,4,4,0,0,0,0,0,0,0,0,0,100,100,100,0,0,0,0,100,100,100,100.000000,1600,5440,29.411765,10,10,10,10,116,316,0,16,100,5440,15040,0,0,0,0,116,300,0,0,0,289,8136
221,4,4,0,0,0,0,0,0,0,0,0,100,100,100,0,0,0,0,100,100,100,100.000000,1600,5440,29.411765,10,10,10,10,116,316,0,16,100,5440,15040,0,0,0,0,116,300,0,0,0,283,8136
222,4,4,0,0,0,0,0,0,0,0,0,100,100,100,0,0,0,0,100,100,100,100.000000,1600,5440,29.411765,10,10,10,10,116,316,0,16,100,5440,15040,0,0,0,0,116,300,0,0,0,286,8136
223,4,4,0,0,0,0,0,0,0,0,0,100,100,100,0,0,0,0,100,100,100,100.000000,1600,5440,29.411765,10,10,10,10,116,316,0,16,100,5440,15040,0,0,0,0,116,300,0,0,0,290,8136
224,4,4,0,0,0,0,0,0,0,0,0,100,100,100,0,0,0,0,100,100,100,100.000000,1600,5440,29.411765,10,10,10,10,116,316,0,16,100,5440,15040,0,0,0,0,116,300,0,0,0,295,8136
225,4,4,0,0,0,0,0,0,0,0,0,100,100,100,0,0,0,0,100,100,100,100.000000,1600,5440,29.411765,10,10,10,10,116,316,0,16,100,5440,15040,0,0,0,0,116,300,0,0,0,303,8136
226,4,4,0,0,0,0,0,0,0,0,0,100,100,100,0,0,0,0,100,100,100,100.000000,1600,5440,29.411765,10,10,10,10,116,316,0,16,100,5440,15040,0,0,0,0,116,300,0,0,0,293,8136
227,4,4,0,0,0,0,0,0,0,0,0,100,100,100,0,0,0,0,100,100,100,100.000000,1600,5440,29.411765,10,10,10,10,116,316,0,16,100,5440,15040,0,0,0,0,116,300,0,0,0,289,8136
228,4,4,0,0,0,0,0,0,0,0,0,100,100,100,0,0,0,0,100,100,100,100.000000,1600,5440,29.411765,10,10,10,10,116,316,0,16,100,5440,15040,0,0,0,0,116,300,0,0,0,287,8136
229,4,4,0,0,0,0,0,0,0,0,0,100,100,100,0,0,0,0,100,100,100,100.000000,1600,5440,29.411765,10,10,10,10,116,316,0,16,100,5440,15040,0,0,0,0,116,300,0,0,0,305,8136
230,4,4,0,0,0,0,0,0,0,0,0,100,100,100,0,0,0,0,100,100,100,100.000000,1600,5440,29.411765,10,10,10,10,116,316,0,16,100,5440,15040,0,0,0,0,116,300,0,0,0,311,8136
231,4,4,0,0,0,0,0,0,0,0,0,100,100,100,0,0,0,0,100,100,100,100.000000,1600,5440,29.411765,10,10,10,10,116,316,0,16,100,5440,15040,0,0,0,0,116,300,0,0,0,298,8136
232,4,4,0,0,0,0,0,0,0,0,0,100,100,100,0,0,0,0,100,100,100,100.000000,1600,5440,29.411765,10,10,10,10,116,316,0,16,100,5440,15040,0,0,0,0,116,300,0,0,0,320,8136
233,4,4,0,0,0,0,0,0,0,0,0,100,100,100,0,0,0,0,100,100,100,100.000000,1600,5440,29.411765,10,10,10,10,116,316,0,16,100,5440,15040,0,0,0,0,116,300,0,0,0,302,8136
234,4,4,0,0,0,0,0,0,0,0,0,100,100,100,0,0,0,0,100,100,100,100.000000,1600,5440,29.411765,10,10,10,10,116,316,0,16,100,5440,15040,0,0,0,0,116,300,0,0,0,288,8136
235,4,4,0,0,0,0,0,0,0,0,0,100,100,100,0,0,0,0,100,100,100,100.000000,1600,5440,29.411765,10,10,10,10,116,316,0,16,100,5440,15040,0,0,0,0,116,300,0,0,0,297,8136
236,4,4,0,0,0,0,0,0,0,0,0,100,100,100,0,0,0,0,100,100,100,100.000000,1600,5440,29.411765,10,10,10,10,116,316,0,16,100,5440,15040,0,0,0,0,116,300,0,0,0,283,8136
237,4,4,0,0,0,0,0,0,0,0,0,100,100,100,0,0,0,0,100,100,100,100.000000,1600,5440,29.411765,10,10,10,10,116,316,0,16,100,5440,15040,0,0,0,0,116,300,0,0,0,308,8136
238,4,4,0,0,0,0,0,0,0,0,0,100,100,100,0,0,0,0,100,100,100,100.000000,1600,5440,29.411765,10,10,10,10,116,316,0,16,100,5440,15040,0,0,0,0,116,300,0,0,0,288,8136
239,4,4,0,0,0,0,0,0,0,0,0,100,100,100,0,0,0,0,100,100,100,100.000000,1600,5440,29.411765,10,10,10,10,116,316,0,16,100,5440,15040,0,0,0,0,116,300,0,0,0,283,8136
240,4,4,0,0,0,0,0,0,0,0,0,100,100,100,0,0,0,0,100,100,100,100.000000,1600,5440,29.411765,10,10,10,10,116,316,0,16,100,5440,15040,0,0,0,0,116,300,0,0,0,303,8136
241,4,4,0,0,0,0,0,0,0,0,0,100,100,100,0,0,0,0,100,100,100,100.000000,1600,5440,29.411765,10,10,10,10,116,316,0,16,100,5440,15040,0,0,0,0,116,300,0,0,0,299,8136
242,4,4,0,0,0,0,0,0,0,0,0,100,100,100,0,0,0,0,100,100,100,100.000000,1600,5440,29.411765,10,10,10,10,116,316,0,16,100,5440,15040,0,0,0,0,116,300,0,0,0,286,8136
243,4,4,0,0,0,0,0,0,0,0,0,100,100,100,0,0,0,0,100,100,100,100.000000,1600,5440,29.411765,10,10,10,10,116,316,0,16,100,5440,15040,0,0,0,0,116,300,0,0,0,294,8136
244,4,4,0,0,0,0,0,0,0,0,0,100,100,100,0,0,0,0,100,100,100,100.000000,1600,5440,29.411765,10,10,10,10,116,316,0,16,100,5440,15040,0,0,0,0,116,300,0,0,0,284,8136
245,4,4,0,0,0,0,0,0,0,0,0,100,100,100,0,0,0,0,100,100,100,100.000000,1600,5440,29.411765,10,10,10,10,116,316,0,16,100,5440,15040,0,0,0,0,116,300,0,0,0,305,8136
246,4,4,0,0,0,0,0,0,0,0,0,100,100,100,0,0,0,0,100,100,100,100.000000,1600,5440,29.411765,10,10,10,10,116,316,0,16,100,5440,15040,0,0,0,0,116,300,0,0,0,300,8136
247,4,4,0,0,0,0,0,0,0,0,0,100,100,100,0,0,0,0,100,100,100,100.000000,1600,5440,29.411765,10,10,10,10,116,316,0,16,100,5440,15040,0,0,0,0,116,300,0,0,0,298,8136
248,4,4,0,0,0,0,0,0,0,0,0,100,100,100,0,0,0,0,100,100,100,100.000000,1600,5440,29.411765,10,10,10,10,116,316,0,16,100,5440,15040,0,0,0,0,116,300,0,0,0,331,8136
249,4,4,0,0,0,0,0,0,0,0,0,100,100,100,0,0,0,0,100,100,100,100.000000,1600,5440,29.411765,10,10,10,10,116,316,0,16,100,5440,15040,0,0,0,0,116,300,0,0,0,294,8136
250,4,4,0,0,0,0,0,0,0,0,0,100,100,100,0,0,0,0,100,100,100,100.000000,1600,5440,29.411765,10,10,10,10,116,316,0,16,100,5440,15040,0,0,0,0,116,300,0,0,0,290,8136
251,4,4,0,0,0,0,0,0,0,0,0,100,100,100,0,0,0,0,100,100,100,100.000000,1600,5440,29.411765,10,10,10,10,116,316,0,16,100,5440,15040,0,0,0,0,116,300,0,0,0,285,8136
252,4,4,0,0,0,0,0,0,0,0,0,100,100,100,0,0,0,0,100,100,100,100.000000,1600,5440,29.411765,10,10,10,10,116,316,0,16,100,5440,15040,0,0,0,0,116,300,0,0,0,297,8136
253,4,4,0,0,0,0,0,0,0,0,0,100,100,100,0,0,0,0,100,100,100,100.000000,1600,5440,29.411765,10,10,10,10,116,316,0,16,100,5440,15040,0,0,0,0,116,300,0,0,0,291,8136
254,4,4,0,0,0,0,0,0,0,0,0,100,100,100,0,0,0,0,100,100,100,100.000000,1600,5440,29.411765,10,10,10,10,116,316,0,16,100,5440,15040,0,0,0,0,116,300,0,0,0,273,8136
255,4,4,0,0,0,0,0,0,0,0,0,100,100,100,0,0,0,0,100,100,100,100.000000,1600,5440,29.411765,10,10,10,10,116,316,0,16,100,5440,15040,0,0,0,0,116,300,0,0,0,280,8136
256,4,4,0,0,0,0,0,0,0,0,0,100,100,100,0,0,0,0,100,100,100,100.000000,1600,5440,29.411765,10,10,10,10,116,316,0,16,100,5440,15040,0,0,0,0,116,300,0,0,0,316,8136
257,4,4,0,0,0,0,0,0,0,0,0,100,100,100,0,0,0,0,100,100,100,100.000000,1600,5440,29.411765,10,10,10,10,116,316,0,16,100,5440,15040,0,0,0,0,116,300,0,0,0,307,8136
258,4,4,0,0,0,0,0,0,0,0,0,100,100,100,0,0,0,0,100,100,100,100.000000,1600,5440,29.411765,10,10,10,10,116,316,0,16,100,5440,15040,0,0,0,0,116,300,0,0,0,281,8136
259,4,4,0,0,0,0,0,0,0,0,0,100,100,100,0,0,0,0,100,100,100,100.000000,1600,5440,29.411765,10,10,10,10,116,316,0,16,100,5440,15040,0,0,0,0,116,300,0,0,0,285,8136
260,4,4,0,0,0,0,0,0,0,0,0,100,100,100,0,0,0,0,100,100,100,100.000000,1600,5440,29.411765,10,10,10,10,116,316,0,16,100,5440,15040,0,0,0,0,116,300,0,0,0,307,8136
261,4,4,0,0,0,0,0,0,0,0,0,100,100,100,0,0,0,0,100,100,100,100.000000,1600,5440,29.411765,10,10,10,10,116,316,0,16,100,5440,15040,0,0,0,0,116,300,0,0,0,336,8136
262,4,4,0,0,0,0,0,0,0,0,0,100,100,100,0,0,0,0,100,100,100,100.000000,1600,5440,29.411765,10,10,10,10,116,316,0,16,100,5440,15040,0,0,0,0,116,300,0,0,0,279,8136
263,4,4,0,0,0,0,0,0,0,0,0,100,100,100,0,0,0,0,100,100,100,100.000000,1600,5440,29.411765,10,10,10,10,116,316,0,16,100,5440,15040,0,0,0,0,116,300,0,0,0,307,8136
264,4,4,0,0,0,0,0,0,0,0,0,100,100,100,0,0,0,0,100,100,100,100.000000,1600,5440,29.411765,10,10,10,10,116,316,0,16,100,5440,15040,0,0,0,0,116,300,0,0,0,309,8136
265,4,4,0,0,0,0,0,0,0,0,0,100,100,100,0,0,0,0,100,100,100,100.000000,1600,5440,29.411765,10,10,10,10,116,316,0,16,100,5440,15040,0,0,0,0,116,300,0,0,0,303,8136
266,4,4,0,0,0,0,0,0,0,0,0,100,100,100,0,0,0,0,100,100,100,100.000000,1600,5440,29.411765,10,10,10,10,116,316,0,16,100,5440,15040,0,0,0,0,116,300,0,0,0,301,8136
267,4,4,0,0,0,0,0,0,0,0,0,100,100,100,0,0,0,0,100,100,100,100.000000,1600,5440,29.411765,10,10,10,10,116,316,0,16,100,5440,15040,0,0,0,0,116,300,0,0,0,278,8136
268,4,4,0,0,0,0,0,0,0,0,0,100,100,100,0,0,0,0,100,100,100,100.000000,1600,5440,29.411765,10,10,10,10,116,316,0,16,100,5440,15040,0,0,0,0,116,300,0,0,0,286,8136
269,4,4,0,0,0,0,0,0,0,0,0,100,100,100,0,0,0,0,100,100,100,100.000000,1600,5440,29.411765,10,10,10,10,116,316,0,16,100,5440,15040,0,0,0,0,116,300,0,0,0,277,8136
270,4,4,0,0,0,0,0,0,0,0,0,100,100,100,0,0,0,0,100,100,100,100.000000,1600,5440,29.411765,10,10,10,10,116,316,0,16,100,5440,15040,0,0,0,0,116,300,0,0,0,286,8136
271,4,4,0,0,0,0,0,0,0,0,0,100,100,100,0,0,0,0,100,100,100,100.000000,1600,5440,29.411765,10,10,10,10,116,316,0,16,100,5440,15040,0,0,0,0,116,300,0,0,0,277,8136
272,4,4,0,0,0,0,0,0,0,0,0,100,100,100,0,0,0,0,100,100,100,100.000000,1600,5440,29.411765,10,10,10,10,116,316,0,16,100,5440,15040,0,0,0,0,116,300,0,0,0,298,8136
273,4,4,0,0,0,0,0,0,0,0,0,100,100,100,0,0,0,0,100,100,100,100.000000,1600,5440,29.411765,10,10,10,10,116,316,0,16,100,5440,15040,0,0,0,0,116,300,0,0,0,292,8136
274,4,4,0,0,0,0,0,0,0,0,0,100,100,100,0,0,0,0,100,100,100,100.000000,1600,5440,29.411765,10,10,10,10,116,316,0,16,100,5440,15040,0,0,0,0,116,300,0,0,0,291,8136
275,4,4,0,0,0,0,0,0,0,0,0,100,100,100,0,0,0,0,100,100,100,100.000000,1600,5440,29.411765,10,10,10,10,116,316,0,16,100,5440,15040,0,0,0,0,116,300,0,0,0,271,8136
276,4,4,0,0,0,0,0,0,0,0,0,100,100,100,0,0,0,0,100,100,100,100.000000,1600,5440,29.411765,10,10,10,10,116,316,0,16,100,5440,15040,0,0,0,0,116,300,0,0,0,287,8136
277,4,4,0,0,0,0,0,0,0,0,0,100,100,100,0,0,0,0,100,100,100,100.000000,1600,5440,29.411765,10,10,10,10,116,316,0,16,100,5440,15040,0,0,0,0,116,300,0,0,0,281,8136
278,4,4,0,0,0,0,0,0,0,0,0,100,100,100,0,0,0,0,100,100,100,100.000000,1600,5440,29.411765,10,10,10,10,116,316,0,16,100,5440,15040,0,0,0,0,116,300,0,0,0,277,8136
279,4,4,0,0,0,0,0,0,0,0,0,100,100,100,0,0,0,0,100,100,100,100.000000,1600,5440,29.411765,10,10,10,10,116,316,0,16,100,5440,15040,0,0,0,0,116,300,0,0,0,276,8136
280,4,4,0,0,0,0,0,0,0,0,0,100,100,100,0,0,0,0,100,100,100,100.000000,1600,5440,29.411765,10,10,10,10,116,316,0,16,100,5440,15040,0,0,0,0,116,300,0,0,0,300,8136
281,4,4,0,0,0,0,0,0,0,0,0,100,100,100,0,0,0,0,100,100,100,100.000000,1600,5440,29.411765,10,10,10,10,116,316,0,16,100,5440,15040,0,0,0,0,116,300,0,0,0,289,8136
282,4,4,0,0,0,0,0,0,0,0,0,100,100,100,0,0,0,0,100,100,100,100.000000,1600,5440,29.411765,10,10,10,10,116,316,0,16,100,5440,15040,0,0,0,0,116,300,0,0,0,286,8136
283,4,4,0,0,0,0,0,0,0,0,0,100,100,100,0,0,0,0,100,100,100,100.000000,1600,5440,29.411765,10,10,10,10,116,316,0,16,100,5440,15040,0,0,0,0,116,300,0,0,0,271,8136
284,4,4,0,0,0,0,0,0,0,0,0,100,100,100,0,0,0,0,100,100,100,100.000000,1600,5440,29.411765,10,10,10,10,116,316,0,16,100,5440,15040,0,0,0,0,116,300,0,0,0,292,8136
285,4,4,0,0,0,0,0,0,0,0,0,100,100,100,0,0,0,0,100,100,100,100.000000,1600,5440,29.411765,10,10,10,10,116,316,0,16,100,5440,15040,0,0,0,0,116,300,0,0,0,278,8136
286,4,4,0,0,0,0,0,0,0,0,0,100,100,100,0,0,0,0,100,100,100,100.000000,1600,5440,29.411765,10,10,10,10,116,316,0,16,100,5440,15040,0,0,0,0,116,300,0,0,0,284,8136
287,4,4,0,0,0,0,0,0,0,0,0,100,100,100,0,0,0,0,100,100,100,100.000000,1600,5440,29.411765,10,10,10,10,116,316,0,16,100,5440,15040,0,0,0,0,116,300,0,0,0,290,8136
288,4,4,0,0,0,0,0,0,0,0,0,100,100,100,0,0,0,0,100,100,100,100.000000,1600,5440,29.411765,10,10,10,10,116,316,0,16,100,5440,15040,0,0,0,0,116,300,0,0,0,292,8136
289,4,4,0,0,0,0,0,0,0,0,0,100,100,100,0,0,0,0,100,100,100,100.000000,1600,5440,29.411765,10,10,10,10,116,316,0,16,100,5440,15040,0,0,0,0,116,300,0,0,0,297,8136
290,4,4,0,0,0,0,0,0,0,0,0,100,100,100,0,0,0,0,100,100,100,100.000000,1600,5440,29.411765,10,10,10,10,116,316,0,16,100,5440,15040,0,0,0,0,116,300,0,0,0,296,8136
291,4,4,0,0,0,0,0,0,0,0,0,100,100,100,0,0,0,0,100,100,100,100.000000,1600,5440,29.411765,10,10,10,10,116,316,0,16,100,5440,15040,0,0,0,0,116,300,0,0,0,275,8136
292,4,4,0,0,0,0,0,0,0,0,0,100,100,100,0,0,0,0,100,100,100,100.000000,1600,5440,29.411765,10,10,10,10,116,316,0,16,100,5440,15040,0,0,0,0,116,300,0,0,0,297,8136
293,4,4,0,0,0,0,0,0,0,0,0,100,100,100,0,0,0,0,100,100,100,100.000000,1600,5440,29.411765,10,10,10,10,116,316,0,16,100,5440,15040,0,0,0,0,116,300,0,0,0,281,8136
294,4,4,0,0,0,0,0,0,0,0,0,100,100,100,0,0,0,0,100,100,100,100.000000,1600,5440,29.411765,10,10,10,10,116,316,0,16,100,5440,15040,0,0,0,0,116,300,0,0,0,284,8136
295,4,4,0,0,0,0,0,0,0,0,0,100,100,100,0,0,0,0,100,100,100,100.000000,1600,5440,29.411765,10,10,10,10,116,316,0,16,100,5440,15040,0,0,0,0,116,300,0,0,0,286,8136
296,4,4,0,0,0,0,0,0,0,0,0,100,100,100,0,0,0,0,100,100,100,100.000000,1600,5440,29.411765,10,10,10,10,116,316,0,16,100,5440,15040,0,0,0,0,116,300,0,0,0,293,8136
297,4,4,0,0,0,0,0,0,0,0,0,100,100,100,0,0,0,0,100,100,100,100.000000,1600,5440,29.411765,10,10,10,10,116,316,0,16,100,5440,15040,0,0,0,0,116,300,0,0,0,314,8136
298,4,4,0,0,0,0,0,0,0,0,0,100,100,100,0,0,0,0,100,100,100,100.000000,1600,5440,29.411765,10,10,10,10,116,316,0,16,100,5440,15040,0,0,0,0,116,300,0,0,0,295,8136
299,4,4,0,0,0,0,0,0,0,0,0,100,100,100,0,0,0,0,100,100,100,100.000000,1600,5440,29.411765,10,10,10,10,116,316,0,16,100,5440,15040,0,0,0,0,116,300,0,0,0,281,8136
300,4,4,0,0,0,0,0,0,0,0,0,100,100,100,0,0,0,0,100,100,100,100.000000,1600,5440,29.411765,10,10,10,10,116,316,0,16,100,5440,15040,0,0,0,0,116,300,0,0,0,295,8136
301,4,4,0,0,0,0,0,0,0,0,0,100,100,100,0,0,0,0,100,100,100,100.000000,1600,5440,29.411765,10,10,10,10,116,316,0,16,100,5440,15040,0,0,0,0,116,300,0,0,0,280,8136
302,4,4,0,0,0,0,0,0,0,0,0,100,100,100,0,0,0,0,100,100,100,100.000000,1600,5440,29.411765,10,10,10,10,116,316,0,16,100,5440,15040,0,0,0,0,116,300,0,0,0,283,8136
303,4,4,0,0,0,0,0,0,0,0,0,100,100,100,0,0,0,0,100,100,100,100.000000,1600,5440,29.411765,10,10,10,10,116,316,0,16,100,5440,15040,0,0,0,0,116,300,0,0,0,288,8136
304,4,4,0,0,0,0,0,0,0,0,0,100,100,100,0,0,0,0,100,100,100,100.000000,1600,5440,29.411765,10,10,10,10,116,316,0,16,100,5440,15040,0,0,0,0,116,300,0,0,0,303,8136
305,4,4,0,0,0,0,0,0,0,0,0,100,100,100,0,0,0,0,100,100,100,100.000000,1600,5440,29.411765,10,10,10,10,116,316,0,16,100,5440,15040,0,0,0,0,116,300,0,0,0,295,8136
306,4,4,0,0,0,0,0,0,0,0,0,100,100,100,0,0,0,0,100,100,100,100.000000,1600,5440,29.411765,10,10,10,10,116,316,0,16,100,5440,15040,0,0,0,0,116,300,0,0,0,286,8136
307,4,4,0,0,0,0,0,0,0,0,0,100,100,100,0,0,0,0,100,100,100,100.000000,1600,5440,29.411765,10,10,10,10,116,316,0,16,100,5440,15040,0,0,0,0,116,300,0,0,0,287,8136
308,4,4,0,0,0,0,0,0,0,0,0,100,100,100,0,0,0,0,100,100,100,100.000000,1600,5440,29.411765,10,10,10,10,116,316,0,16,100,5440,15040,0,0,0,0,116,300,0,0,0,278,8136
309,4,4,0,0,0,0,0,0,0,0,0,100,100,100,0,0,0,0,100,100,100,100.000000,1600,5440,29.411765,10,10,10,10,116,316,0,16,100,5440,15040,0,0,0,0,116,300,0,0,0,276,8136
310,4,4,0,0,0,0,0,0,0,0,0,100,100,100,0,0,0,0,100,100,100,100.000000,1600,5440,29.411765,10,10,10,10,116,316,0,16,100,5440,15040,0,0,0,0,116,300,0,0,0,295,8136
311,4,4,0,0,0,0,0,0,0,0,0,100,100,100,0,0,0,0,100,100,100,100.000000,1600,5440,29.411765,10,10,10,10,116,316,0,16,100,5440,15040,0,0,0,0,116,300,0,0,0,289,8136
312,4,4,0,0,0,0,0,0,0,0,0,100,100,100,0,0,0,0,100,100,100,100.000000,1600,5440,29.411765,10,10,10,10,116,316,0,16,100,5440,15040,0,0,0,0,116,300,0,0,0,305,8136
313,4,4,0,0,0,0,0,0,0,0,0,100,100,100,0,0,0,0,100,100,100,100.000000,1600,5440,29.411765,10,10,10,10,116,316,0,16,100,5440,15040,0,0,0,0,116,300,0,0,0,284,8136
314,4,4,0,0,0,0,0,0,0,0,0,100,100,100,0,0,0,0,100,100,100,100.000000,1600,5440,29.411765,10,10,10,10,116,316,0,16,100,5440,15040,0,0,0,0,116,300,0,0,0,282,8136
315,4,4,0,0,0,0,0,0,0,0,0,100,100,100,0,0,0,0,100,100,100,100.000000,1600,5440,29.411765,10,10,10,10,116,316,0,16,100,5440,15040,0,0,0,0,116,300,0,0,0,285,8136
316,4,4,0,0,0,0,0,0,0,0,0,100,100,100,0,0,0,0,100,100,100,100.000000,1600,5440,29.411765,10,10,10,10,116,316,0,16,100,5440,15040,0,0,0,0,116,300,0,0,0,276,8136
317,4,4,0,0,0,0,0,0,0,0,0,100,100,100,0,0,0,0,100,100,100,100.000000,1600,5440,29.411765,10,10,10,10,116,316,0,16,100,5440,15040,0,0,0,0,116,300,0,0,0,275,8136
318,4,4,0,0,0,0,0,0,0,0,0,100,100,100,0,0,0,0,100,100,100,100.000000,1600,5440,29.411765,10,10,10,10,116,316,0,16,100,5440,15040,0,0,0,0,116,300,0,0,0,264,8136
319,4,4,0,0,0,0,0,0,0,0,0,100,100,100,0,0,0,0,100,100,100,100.000000,1600,5440,29.411765,10,10,10,10,116,316,0,16,100,5440,15040,0,0,0,0,116,300,0,0,0,267,8136
320,4,4,0,0,0,0,0,0,0,0,0,100,100,100,0,0,0,0,100,100,100,100.000000,1600,5440,29.411765,10,10,10,10,116,316,0,16,100,5440,15040,0,0,0,0,116,300,0,0,0,302,8136
321,4,4,0,0,0,0,0,0,0,0,0,100,100,100,0,0,0,0,100,100,100,100.000000,1600,5440,29.411765,10,10,10,10,116,316,0,16,100,5440,15040,0,0,0,0,116,300,0,0,0,279,8136
322,4,4,0,0,0,0,0,0,0,0,0,100,100,100,0,0,0,0,100,100,100,100.000000,1600,5440,29.411765,10,10,10,10,116,316,0,16,100,5440,15040,0,0,0,0,116,300,0,0,0,276,8136
323,4,4,0,0,0,0,0,0,0,0,0,100,100,100,0,0,0,0,100,100,100,100.000000,1600,5440,29.411765,10,10,10,10,116,316,0,16,100,5440,15040,0,0,0,0,116,300,0,0,0,285,8136
324,4,4,0,0,0,0,0,0,0,0,0,100,100,100,0,0,0,0,100,100,100,100.000000,1600,5440,29.411765,10,10,10,10,116,316,0,16,100,5440,15040,0,0,0,0,116,300,0,0,0,275,8136
325,4,4,0,0,0,0,0,0,0,0,0,100,100,100,0,0,0,0,100,100,100,100.000000,1600,5440,29.411765,10,10,10,10,116,316,0,16,100,5440,15040,0,0,0,0,116,300,0,0,0,278,8136
326,4,4,0,0,0,0,0,0,0,0,0,100,100,100,0,0,0,0,100,100,100,100.000000,1600,5440,29.411765,10,10,10,10,116,316,0,16,100,5440,15040,0,0,0,0,116,300,0,0,0,276,8136
327,4,4,0,0,0,0,0,0,0,0,0,100,100,100,0,0,0,0,100,100,100,100.000000,1600,5440,29.411765,10,10,10,10,116,316,0,16,100,5440,15040,0,0,0,0,116,300,0,0,0,287,8136
328,4,4,0,0,0,0,0,0,0,0,0,100,100,100,0,0,0,0,100,100,100,100.000000,1600,5440,29.411765,10,10,10,10,116,316,0,16,100,5440,15040,0,0,0,0,116,300,0,0,0,297,8136
329,4,4,0,0,0,0,0,0,0,0,0,100,100,100,0,0,0,0,100,100,100,100.000000,1600,5440,29.411765,10,10,10,10,116,316,0,16,100,5440,15040,0,0,0,0,116,300,0,0,0,278,8136
330,4,4,0,0,0,0,0,0,0,0,0,100,100,100,0,0,0,0,100,100,100,100.000000,1600,5440,29.411765,10,10,10,10,116,316,0,16,100,5440,15040,0,0,0,0,116,300,0,0,0,277,8136
331,4,4,0,0,0,0,0,0,0,0,0,100,100,100,0,0,0,0,100,100,100,100.000000,1600,5440,29.411765,10,10,10,10,116,316,0,16,100,5440,15040,0,0,0,0,116,300,0,0,0,281,8136
332,4,4,0,0,0,0,0,0,0,0,0,100,100,100,0,0,0,0,100,100,100,100.000000,1600,5440,29.411765,10,10,10,10,116,316,0,16,100,5440,15040,0,0,0,0,116,300,0,0,0,290,8136
333,4,4,0,0,0,0,0,0,0,0,0,100,100,100,0,0,0,0,100,100,100,100.000000,1600,5440,29.411765,10,10,10,10,116,316,0,16,100,5440,15040,0,0,0,0,116,300,0,0,0,278,8136
334,4,4,0,0,0,0,0,0,0,0,0,100,100,100,0,0,0,0,100,100,100,100.000000,1600,5440,29.411765,10,10,10,10,116,316,0,16,100,5440,15040,0,0,0,0,116,300,0,0,0,279,8136
335,4,4,0,0,0,0,0,0,0,0,0,100,100,100,0,0,0,0,100,100,100,100.000000,1600,5440,29.411765,10,10,10,10,116,316,0,16,100,5440,15040,0,0,0,0,116,300,0,0,0,284,8136
336,4,4,0,0,0,0,0,0,0,0,0,100,100,100,0,0,0,0,100,100,100,100.000000,1600,5440,29.411765,10,10,10,10,116,316,0,16,100,5440,15040,0,0,0,0,116,300,0,0,0,283,8136
337,4,4,0,0,0,0,0,0,0,0,0,100,100,100,0,0,0,0,100,100,100,100.000000,1600,5440,29.411765,10,10,10,10,116,316,0,16,100,5440,15040,0,0,0,0,116,300,0,0,0,285,8136
338,4,4,0,0,0,0,0,0,0,0,0,100,100,100,0,0,0,0,100,100,100,100.000000,1600,5440,29.411765,10,10,10,10,116,316,0,16,100,5440,15040,0,0,0,0,116,300,0,0,0,283,8136
339,4,4,0,0,0,0,0,0,0,0,0,100,100,100,0,0,0,0,100,100,100,100.000000,1600,5440,29.411765,10,10,10,10,116,316,0,16,100,5440,15040,0,0,0,0,116,300,0,0,0,259,8136
340,4,4,0,0,0,0,0,0,0,0,0,100,100,100,0,0,0,0,100,100,100,100.000000,1600,5440,29.411765,10,10,10,10,116,316,0,16,100,5440,15040,0,0,0,0,116,300,0,0,0,264,8136
341,4,4,0,0,0,0,0,0,0,0,0,100,100,100,0,0,0,0,100,100,100,100.000000,1600,5440,29.411765,10,10,10,10,116,316,0,16,100,5440,15040,0,0,0,0,116,300,0,0,0,257,8136
342,4,4,0,0,0,0,0,0,0,0,0,100,100,100,0,0,0,0,100,100,100,100.000000,1600,5440,29.411765,10,10,10,10,116,316,0,16,100,5440,15040,0,0,0,0,116,300,0,0,0,273,8136
343,4,4,0,0,0,0,0,0,0,0,0,100,100,100,0,0,0,0,100,100,100,100.000000,1600,5440,29.411765,10,10,10,10,116,316,0,16,100,5440,15040,0,0,0,0,116,300,0,0,0,277,8136
344,4,4,0,0,0,0,0,0,0,0,0,100,100,100,0,0,0,0,100,100,100,100.000000,1600,5440,29.411765,10,10,10,10,116,316,0,16,100,5440,15040,0,0,0,0,116,300,0,0,0,293,8136
345,4,4,0,0,0,0,0,0,0,0,0,100,100,100,0,0,0,0,100,100,100,100.000000,1600,5440,29.411765,10,10,10,10,116,316,0,16,100,5440,15040,0,0,0,0,116,300,0,0,0,286,8136
346,4,4,0,0,0,0,0,0,0,0,0,100,100,100,0,0,0,0,100,100,100,100.000000,1600,5440,29.411765,10,10,10,10,116,316,0,16,100,5440,15040,0,0,0,0,116,300,0,0,0,281,8136
347,4,4,0,0,0,0,0,0,0,0,0,100,100,100,0,0,0,0,100,100,100,100.000000,1600,5440,29.411765,10,10,10,10,116,316,0,16,100,5440,15040,0,0,0,0,116,300,0,0,0,281,8136
348,4,4,0,0,0,0,0,0,0,0,0,100,100,100,0,0,0,0,100,100,100,100.000000,1600,5440,29.411765,10,10,10,10,116,316,0,16,100,5440,15040,0,0,0,0,116,300,0,0,0,272,8136
349,4,4,0,0,0,0,0,0,0,0,0,100,100,100,0,0,0,0,100,100,100,100.000000,1600,5440,29.411765,10,10,10,10,116,316,0,16,100,5440,15040,0,0,0,0,116,300,0,0,0,279,8136
350,4,4,0,0,0,0,0,0,0,0,0,100,100,100,0,0,0,0,100,100,100,100.000000,1600,5440,29.411765,10,10,10,10,116,316,0,16,100,5440,15040,0,0,0,0,116,300,0,0,0,268,8136
351,4,4,0,0,0,0,0,0,0,0,0,100,100,100,0,0,0,0,100,100,100,100.000000,1600,5440,29.411765,10,10,10,10,116,316,0,16,100,5440,15040,0,0,0,0,116,300,0,0,0,267,8136
352,4,4,0,0,0,0,0,0,0,0,0,100,100,100,0,0,0,0,100,100,100,100.000000,1600,5440,29.411765,10,10,10,10,116,316,0,16,100,5440,15040,0,0,0,0,116,300,0,0,0,292,8136
353,4,4,0,0,0,0,0,0,0,0,0,100,100,100,0,0,0,0,100,100,100,100.000000,1600,5440,29.411765,10,10,10,10,116,316,0,16,100,5440,15040,0,0,0,0,116,300,0,0,0,276,8136
354,4,4,0,0,0,0,0,0,0,0,0,100,100,100,0,0,0,0,100,100,100,100.000000,1600,5440,29.411765,10,10,10,10,116,316,0,16,100,5440,15040,0,0,0,0,116,300,0,0,0,273,8136
355,4,4,0,0,0,0,0,0,0,0,0,100,100,100,0,0,0,0,100,100,100,100.000000,1600,5440,29.411765,10,10,10,10,116,316,0,16,100,5440,15040,0,0,0,0,116,300,0,0,0,266,8136
356,4,4,0,0,0,0,0,0,0,0,0,100,100,100,0,0,0,0,100,100,100,100.000000,1600,5440,29.411765,10,10,10,10,116,316,0,16,100,5440,15040,0,0,0,0,116,300,0,0,0,286,8136
357,4,4,0,0,0,0,0,0,0,0,0,100,100,100,0,0,0,0,100,100,100,100.000000,1600,5440,29.411765,10,10,10,10,116,316,0,16,100,5440,15040,0,0,0,0,116,300,0,0,0,274,8136
358,4,4,0,0,0,0,0,0,0,0,0,100,100,100,0,0,0,0,100,100,100,100.000000,1600,5440,29.411765,10,10,10,10,116,316,0,16,100,5440,15040,0,0,0,0,116,300,0,0,0,272,8136
359,4,4,0,0,0,0,0,0,0,0,0,100,100,100,0,0,0,0,100,100,100,100.000000,1600,5440,29.411765,10,10,10,10,116,316,0,16,100,5440,15040,0,0,0,0,116,300,0,0,0,274,8136
360,4,4,0,0,0,0,0,0,0,0,0,100,100,100,0,0,0,0,100,100,100,100.000000,1600,5440,29.411765,10,10,10,10,116,316,0,16,100,5440,15040,0,0,0,0,116,300,0,0,0,306,8136
361,4,4,0,0,0,0,0,0,0,0,0,100,100,100,0,0,0,0,100,100,100,100.000000,1600,5440,29.411765,10,10,10,10,116,316,0,16,100,5440,15040,0,0,0,0,116,300,0,0,0,287,8136
362,4,4,0,0,0,0,0,0,0,0,0,100,100,100,0,0,0,0,100,100,100,100.000000,1600,5440,29.411765,10,10,10,10,116,316,0,16,100,5440,15040,0,0,0,0,116,300,0,0,0,282,8136
363,4,4,0,0,0,0,0,0,0,0,0,100,100,100,0,0,0,0,100,100,100,100.000000,1600,5440,29.411765,10,10,10,10,116,316,0,16,100,5440,15040,0,0,0,0,116,300,0,0,0,262,8136
364,4,4,0,0,0,0,0,0,0,0,0,100,100,100,0,0,0,0,100,100,100,100.000000,1600,5440,29.411765,10,10,10,10,116,316,0,16,100,5440,15040,0,0,0,0,116,300,0,0,0,271,8136
365,4,4,0,0,0,0,0,0,0,0,0,100,100,100,0,0,0,0,100,100,100,100.000000,1600,5440,29.411765,10,10,10,10,116,316,0,16,100,5440,15040,0,0,0,0,116,300,0,0,0,275,8136
366,4,4,0,0,0,0,0,0,0,0,0,100,100,100,0,0,0,0,100,100,100,100.000000,1600,5440,29.411765,10,10,10,10,116,316,0,16,100,5440,15040,0,0,0,0,116,300,0,0,0,276,8136
367,4,4,0,0,0,0,0,0,0,0,0,100,100,100,0,0,0,0,100,100,100,100.000000,1600,5440,29.411765,10,10,10,10,116,316,0,16,100,5440,15040,0,0,0,0,116,300,0,0,0,274,8136
368,4,4,0,0,0,0,0,0,0,0,0,100,100,100,0,0,0,0,100,100,100,100.000000,1600,5440,29.411765,10,10,10,10,116,316,0,16,100,5440,15040,0,0,0,0,116,300,0,0,0,301,8136
369,4,4,0,0,0,0,0,0,0,0,0,100,100,100,0,0,0,0,100,100,100,100.000000,1600,5440,29.411765,10,10,10,10,116,316,0,16,100,5440,15040,0,0,0,0,116,300,0,0,0,288,8136
370,4,4,0,0,0,0,0,0,0,0,0,100,100,100,0,0,0,0,100,100,100,100.000000,1600,5440,29.411765,10,10,10,10,116,316,0,16,100,5440,15040,0,0,0,0,116,300,0,0,0,284,8136
371,4,4,0,0,0,0,0,0,0,0,0,100,100,100,0,0,0,0,100,100,100,100.000000,1600,5440,29.411765,10,10,10,10,116,316,0,16,100,5440,15040,0,0,0,0,116,300,0,0,0,273,8136
372,4,4,0,0,0,0,0,0,0,0,0,100,100,100,0,0,0,0,100,100,100,100.000000,1600,5440,29.411765,10,10,10,10,116,316,0,16,100,5440,15040,0,0,0,0,116,300,0,0,0,294,8136
373,4,4,0,0,0,0,0,0,0,0,0,100,100,100,0,0,0,0,100,100,100,100.000000,1600,5440,29.411765,10,10,10,10,116,316,0,16,100,5440,15040,0,0,0,0,116,300,0,0,0,314,8136
374,4,4,0,0,0,0,0,0,0,0,0,100,100,100,0,0,0,0,100,100,100,100.000000,1600,5440,29.411765,10,10,10,10,116,316,0,16,100,5440,15040,0,0,0,0,116,300,0,0,0,291,8136
375,4,4,0,0,0,0,0,0,0,0,0,100,100,100,0,0,0,0,100,100,100,100.000000,1600,5440,29.411765,10,10,10,10,116,316,0,16,100,5440,15040,0,0,0,0,116,300,0,0,0,277,8136
376,4,4,0,0,0,0,0,0,0,0,0,100,100,100,0,0,0,0,100,100,100,100.000000,1600,5440,29.411765,10,10,10,10,116,316,0,16,100,5440,15040,0,0,0,0,116,300,0,0,0,290,8136
377,4,4,0,0,0,0,0,0,0,0,0,100,100,100,0,0,0,0,100,100,100,100.000000,1600,5440,29.411765,10,10,10,10,116,316,0,16,100,5440,15040,0,0,0,0,116,300,0,0,0,291,8136
378,4,4,0,0,0,0,0,0,0,0,0,100,100,100,0,0,0,0,100,100,100,100.000000,1600,5440,29.411765,10,10,10,10,116,316,0,16,100,5440,15040,0,0,0,0,116,300,0,0,0,288,8136
379,4,4,0,0,0,0,0,0,0,0,0,100,100,100,0,0,0,0,100,100,100,100.000000,1600,5440,29.411765,10,10,10,10,116,316,0,16,100,5440,15040,0,0,0,0,116,300,0,0,0,272,8136
380,4,4,0,0,0,0,0,0,0,0,0,100,100,100,0,0,0,0,100,100,100,100.000000,1600,5440,29.411765,10,10,10,10,116,316,0,16,100,5440,15040,0,0,0,0,116,300,0,0,0,287,8136
381,4,4,0,0,0,0,0,0,0,0,0,100,100,100,0,0,0,0,100,100,100,100.000000,1600,5440,29.411765,10,10,10,10,116,316,0,16,100,5440,15040,0,0,0,0,116,300,0,0,0,276,8136
382,4,4,0,0,0,0,0,0,0,0,0,100,100,100,0,0,0,0,100,100,100,100.000000,1600,5440,29.411765,10,10,10,10,116,316,0,16,100,5440,15040,0,0,0,0,116,300,0,0,0,283,8136
383,4,4,0,0,0,0,0,0,0,0,0,100,100,100,0,0,0,0,100,100,100,100.000000,1600,5440,29.411765,10,10,10,10,116,316,0,16,100,5440,15040,0,0,0,0,116,300,0,0,0,281,8136
384,4,4,0,0,0,0,0,0,0,0,0,100,100,100,0,0,0,0,100,100,100,100.000000,1600,5440,29.411765,10,10,10,10,116,316,0,16,100,5440,15040,0,0,0,0,116,300,0,0,0,312,8136
385,4,4,0,0,0,0,0,0,0,0,0,100,100,100,0,0,0,0,100,100,100,100.000000,1600,5440,29.411765,10,10,10,10,116,316,0,16,100,5440,15040,0,0,0,0,116,300,0,0,0,293,8136
386,4,4,0,0,0,0,0,0,0,0,0,100,100,100,0,0,0,0,100,100,100,100.000000,1600,5440,29.411765,10,10,10,10,116,316,0,16,100,5440,15040,0,0,0,0,116,300,0,0,0,274,8136
387,4,4,0,0,0,0,0,0,0,0,0,100,100,100,0,0,0,0,100,100,100,100.000000,1600,5440,29.411765,10,10,10,10,116,316,0,16,100,5440,15040,0,0,0,0,116,300,0,0,0,300,8136
388,4,4,0,0,0,0,0,0,0,0,0,100,100,100,0,0,0,0,100,100,100,100.000000,1600,5440,29.411765,10,10,10,10,116,316,0,16,100,5440,15040,0,0,0,0,116,300,0,0,0,288,8136
389,4,4,0,0,0,0,0,0,0,0,0,100,100,100,0,0,0,0,100,100,100,100.000000,1600,5440,29.411765,10,10,10,10,116,316,0,16,100,5440,15040,0,0,0,0,116,300,0,0,0,270,8136
390,4,4,0,0,0,0,0,0,0,0,0,100,100,100,0,0,0,0,100,100,100,100.000000,1600,5440,29.411765,10,10,10,10,116,316,0,16,100,5440,15040,0,0,0,0,116,300,0,0,0,278,8136
391,4,4,0,0,0,0,0,0,0,0,0,100,100,100,0,0,0,0,100,100,100,100.000000,1600,5440,29.411765,10,10,10,10,116,316,0,16,100,5440,15040,0,0,0,0,116,300,0,0,0,364,8136
392,4,4,0,0,0,0,0,0,0,0,0,100,100,100,0,0,0,0,100,100,100,100.000000,1600,5440,29.411765,10,10,10,10,116,316,0,16,100,5440,15040,0,0,0,0,116,300,0,0,0,312,8136
393,4,4,0,0,0,0,0,0,0,0,0,100,100,100,0,0,0,0,100,100,100,100.000000,1600,5440,29.411765,10,10,10,10,116,316,0,16,100,5440,15040,0,0,0,0,116,300,0,0,0,300,8136
394,4,4,0,0,0,0,0,0,0,0,0,100,100,100,0,0,0,0,100,100,100,100.000000,1600,5440,29.411765,10,10,10,10,116,316,0,16,100,5440,15040,0,0,0,0,116,300,0,0,0,284,8136
395,4,4,0,0,0,0,0,0,0,0,0,100,100,100,0,0,0,0,100,100,100,100.000000,1600,5440,29.411765,10,10,10,10,116,316,0,16,100,5440,15040,0,0,0,0,116,300,0,0,0,267,8136
396,4,4,0,0,0,0,0,0,0,0,0,100,100,100,0,0,0,0,100,100,100,100.000000,1600,5440,29.411765,10,10,10,10,116,316,0,16,100,5440,15040,0,0,0,0,116,300,0,0,0,282,8136
397,4,4,0,0,0,0,0,0,0,0,0,100,100,100,0,0,0,0,100,100,100,100.000000,1600,5440,29.411765,10,10,10,10,116,316,0,16,100,5440,15040,0,0,0,0,116,300,0,0,0,287,8136
398,4,4,0,0,0,0,0,0,0,0,0,100,100,100,0,0,0,0,100,100,100,100.000000,1600,5440,29.411765,10,10,10,10,116,316,0,16,100,5440,15040,0,0,0,0,116,300,0,0,0,271,8136
399,4,4,0,0,0,0,0,0,0,0,0,100,100,100,0,0,0,0,100,100,100,100.000000,1600,5440,29.411765,10,10,10,10,116,316,0,16,100,5440,15040,0,0,0,0,116,300,0,0,0,281,8136
400,4,4,0,0,0,0,0,0,0,0,0,100,100,100,0,0,0,0,100,100,100,100.000000,1600,5440,29.411765,10,10,10,10,116,316,0,16,100,5440,15040,0,0,0,0,116,300,0,0,0,316,8136
401,4,4,0,0,0,0,0,0,0,0,0,100,100,100,0,0,0,0,100,100,100,100.000000,1600,5440,29.411765,10,10,10,10,116,316,0,16,100,5440,15040,0,0,0,0,116,300,0,0,0,294,8136
402,4,4,0,0,0,0,0,0,0,0,0,100,100,100,0,0,0,0,100,100,100,100.000000,1600,5440,29.411765,10,10,10,10,116,316,0,16,100,5440,15040,0,0,0,0,116,300,0,0,0,278,8136
403,4,4,0,0,0,0,0,0,0,0,0,100,100,100,0,0,0,0,100,100,100,100.000000,1600,5440,29.411765,10,10,10,10,116,316,0,16,100,5440,15040,0,0,0,0,116,300,0,0,0,269,8136
404,4,4,0,0,0,0,0,0,0,0,0,100,100,100,0,0,0,0,100,100,100,100.000000,1600,5440,29.411765,10,10,10,10,116,316,0,16,100,5440,15040,0,0,0,0,116,300,0,0,0,296,8136
405,4,4,0,0,0,0,0,0,0,0,0,100,100,100,0,0,0,0,100,100,100,100.000000,1600,5440,29.411765,10,10,10,10,116,316,0,16,100,5440,15040,0,0,0,0,116,300,0,0,0,280,8136
406,4,4,0,0,0,0,0,0,0,0,0,100,100,100,0,0,0,0,100,100,100,100.000000,1600,5440,29.411765,10,10,10,10,116,316,0,16,100,5440,15040,0,0,0,0,116,300,0,0,0,282,8136
407,4,4,0,0,0,0,0,0,0,0,0,100,100,100,0,0,0,0,100,100,100,100.000000,1600,5440,29.411765,10,10,10,10,116,316,0,16,100,5440,15040,0,0,0,0,116,300,0,0,0,273,8136
408,4,4,0,0,0,0,0,0,0,0,0,100,100,100,0,0,0,0,100,100,100,100.000000,1600,5440,29.411765,10,10,10,10,116,316,0,16,100,5440,15040,0,0,0,0,116,300,0,0,0,305,8136
409,4,4,0,0,0,0,0,0,0,0,0,100,100,100,0,0,0,0,100,100,100,100.000000,1600,5440,29.411765,10,10,10,10,116,316,0,16,100,5440,15040,0,0,0,0,116,300,0,0,0,318,8136
410,4,4,0,0,0,0,0,0,0,0,0,100,100,100,0,0,0,0,100,100,100,100.000000,1600,5440,29.411765,10,10,10,10,116,316,0,16,100,5440,15040,0,0,0,0,116,300,0,0,0,284,8136
411,4,4,0,0,0,0,0,0,0,0,0,100,100,100,0,0,0,0,100,100,100,100.000000,1600,5440,29.411765,10,10,10,10,116,316,0,16,100,5440,15040,0,0,0,0,116,300,0,0,0,272,8136
412,4,4,0,0,0,0,0,0,0,0,0,100,100,100,0,0,0,0,100,100,100,100.000000,1600,5440,29.411765,10,10,10,10,116,316,0,16,100,5440,15040,0,0,0,0,116,300,0,0,0,285,8136
413,4,4,0,0,0,0,0,0,0,0,0,100,100,100,0,0,0,0,100,100,100,100.000000,1600,5440,29.411765,10,10,10,10,116,316,0,16,100,5440,15040,0,0,0,0,116,300,0,0,0,278,8136
414,4,4,0,0,0,0,0,0,0,0,0,100,100,100,0,0,0,0,100,100,100,100.000000,1600,5440,29.411765,10,10,10,10,116,316,0,16,100,5440,15040,0,0,0,0,116,300,0,0,0,274,8136
415,4,4,0,0,0,0,0,0,0,0,0,100,100,100,0,0,0,0,100,100,100,100.000000,1600,5440,29.411765,10,10,10,10,116,316,0,16,100,5440,15040,0,0,0,0,116,300,0,0,0,274,8136
416,4,4,0,0,0,0,0,0,0,0,0,100,100,100,0,0,0,0,100,100,100,100.000000,1600,5440,29.411765,10,10,10,10,116,316,0,16,100,5440,15040,0,0,0,0,116,300,0,0,0,300,8136
417,4,4,0,0,0,0,0,0,0,0,0,100,100,100,0,0,0,0,100,100,100,100.000000,1600,5440,29.411765,10,10,10,10,116,316,0,16,100,5440,15040,0,0,0,0,116,300,0,0,0,281,8136
418,4,4,0,0,0,0,0,0,0,0,0,100,100,100,0,0,0,0,100,100,100,100.000000,1600,5440,29.411765,10,10,10,10,116,316,0,16,100,5440,15040,0,0,0,0,116,300,0,0,0,286,8136
419,4,4,0,0,0,0,0,0,0,0,0,100,100,100,0,0,0,0,100,100,100,100.000000,1600,5440,29.411765,10,10,10,10,116,316,0,16,100,5440,15040,0,0,0,0,116,300,0,0,0,268,8136
420,4,4,0,0,0,0,0,0,0,0,0,100,100,100,0,0,0,0,100,100,100,100.000000,1600,5440,29.411765,10,10,10,10,116,316,0,16,100,5440,15040,0,0,0,0,116,300,0,0,0,279,8136
421,4,4,0,0,0,0,0,0,0,0,0,100,100,100,0,0,0,0,100,100,100,100.000000,1600,5440,29.411765,10,10,10,10,116,316,0,16,100,5440,15040,0,0,0,0,116,300,0,0,0,276,8136
422,4,4,0,0,0,0,0,0,0,0,0,100,100,100,0,0,0,0,100,100,100,100.000000,1600,5440,29.411765,10,10,10,10,116,316,0,16,100,5440,15040,0,0,0,0,116,300,0,0,0,275,8136
423,4,4,0,0,0,0,0,0,0,0,0,100,100,100,0,0,0,0,100,100,100,100.000000,1600,5440,29.411765,10,10,10,10,116,316,0,16,100,5440,15040,0,0,0,0,116,300,0,0,0,268,8136
424,4,4,0,0,0,0,0,0,0,0,0,100,100,100,0,0,0,0,100,100,100,100.000000,1600,5440,29.411765,10,10,10,10,116,316,0,16,100,5440,15040,0,0,0,0,116,300,0,0,0,308,8136
425,4,4,0,0,0,0,0,0,0,0,0,100,100,100,0,0,0,0,100,100,100,100.000000,1600,5440,29.411765,10,10,10,10,116,316,0,16,100,5440,15040,0,0,0,0,116,300,0,0,0,274,8136
426,4,4,0,0,0,0,0,0,0,0,0,100,100,100,0,0,0,0,100,100,100,100.000000,1600,5440,29.411765,10,10,10,10,116,316,0,16,100,5440,15040,0,0,0,0,116,300,0,0,0,287,8136
427,4,4,0,0,0,0,0,0,0,0,0,100,100,100,0,0,0,0,100,100,100,100.000000,1600,5440,29.411765,10,10,10,10,116,316,0,16,100,5440,15040,0,0,0,0,116,300,0,0,0,267,8136
428,4,4,0,0,0,0,0,0,0,0,0,100,100,100,0,0,0,0,100,100,100,100.000000,1600,5440,29.411765,10,10,10,10,116,316,0,16,100,5440,15040,0,0,0,0,116,300,0,0,0,275,8136
429,4,4,0,0,0,0,0,0,0,0,0,100,100,100,0,0,0,0,100,100,100,100.000000,1600,5440,29.411765,10,10,10,10,116,316,0,16,100,5440,15040,0,0,0,0,116,300,0,0,0,272,8136
430,4,4,0,0,0,0,0,0,0,0,0,100,100,100,0,0,0,0,100,100,100,100.000000,1600,5440,29.411765,10,10,10,10,116,316,0,16,100,5440,15040,0,0,0,0,116,300,0,0,0,263,8136
431,4,4,0,0,0,0,0,0,0,0,0,100,100,100,0,0,0,0,100,100,100,100.000000,1600,5440,29.411765,10,10,10,10,116,316,0,16,100,5440,15040,0,0,0,0,116,300,0,0,0,287,8136
432,4,4,0,0,0,0,0,0,0,0,0,100,100,100,0,0,0,0,100,100,100,100.000000,1600,5440,29.411765,10,10,10,10,116,316,0,16,100,5440,15040,0,0,0,0,116,300,0,0,0,304,8136
433,4,4,0,0,0,0,0,0,0,0,0,100,100,100,0,0,0,0,100,100,100,100.000000,1600,5440,29.411765,10,10,10,10,116,316,0,16,100,5440,15040,0,0,0,0,116,300,0,0,0,292,8136
434,4,4,0,0,0,0,0,0,0,0,0,100,100,100,0,0,0,0,100,100,100,100.000000,1600,5440,29.411765,10,10,10,10,116,316,0,16,100,5440,15040,0,0,0,0,116,300,0,0,0,287,8136
435,4,4,0,0,0,0,0,0,0,0,0,100,100,100,0,0,0,0,100,100,100,100.000000,1600,5440,29.411765,10,10,10,10,116,316,0,16,100,5440,15040,0,0,0,0,116,300,0,0,0,275,8136
436,4,4,0,0,0,0,0,0,0,0,0,100,100,100,0,0,0,0,100,100,100,100.000000,1600,5440,29.411765,10,10,10,10,116,316,0,16,100,5440,15040,0,0,0,0,116,300,0,0,0,308,8136
437,4,4,0,0,0,0,0,0,0,0,0,100,100,100,0,0,0,0,100,100,100,100.000000,1600,5440,29.411765,10,10,10,10,116,316,0,16,100,5440,15040,0,0,0,0,116,300,0,0,0,304,8136
438,4,4,0,0,0,0,0,0,0,0,0,100,100,100,0,0,0,0,100,100,100,100.000000,1600,5440,29.411765,10,10,10,10,116,316,0,16,100,5440,15040,0,0,0,0,116,300,0,0,0,301,8136
439,4,4,0,0,0,0,0,0,0,0,0,100,100,100,0,0,0,0,100,100,100,100.000000,1600,5440,29.411765,10,10,10,10,116,316,0,16,100,5440,15040,0,0,0,0,116,300,0,0,0,290,8136
440,4,4,0,0,0,0,0,0,0,0,0,100,100,100,0,0,0,0,100,100,100,100.000000,1600,5440,29.411765,10,10,10,10,116,316,0,16,100,5440,15040,0,0,0,0,116,300,0,0,0,310,8136
441,4,4,0,0,0,0,0,0,0,0,0,100,100,100,0,0,0,0,100,100,100,100.000000,1600,5440,29.411765,10,10,10,10,116,316,0,16,100,5440,15040,0,0,0,0,116,300,0,0,0,289,8136
442,4,4,0,0,0,0,0,0,0,0,0,100,100,100,0,0,0,0,100,100,100,100.000000,1600,5440,29.411765,10,10,10,10,116,316,0,16,100,5440,15040,0,0,0,0,116,300,0,0,0,308,8136
443,4,4,0,0,0,0,0,0,0,0,0,100,100,100,0,0,0,0,100,100,100,100.000000,1600,5440,29.411765,10,10,10,10,116,316,0,16,100,5440,15040,0,0,0,0,116,300,0,0,0,292,8136
444,4,4,0,0,0,0,0,0,0,0,0,100,100,100,0,0,0,0,100,100,100,100.000000,1600,5440,29.411765,10,10,10,10,116,316,0,16,100,5440,15040,0,0,0,0,116,300,0,0,0,283,8136
445,4,4,0,0,0,0,0,0,0,0,0,100,100,100,0,0,0,0,100,100,100,100.000000,1600,5440,29.411765,10,10,10,10,116,316,0,16,100,5440,15040,0,0,0,0,116,300,0,0,0,269,8136
446,4,4,0,0,0,0,0,0,0,0,0,100,100,100,0,0,0,0,100,100,100,100.000000,1600,5440,29.411765,10,10,10,10,116,316,0,16,100,5440,15040,0,0,0,0,116,300,0,0,0,282,8136
447,4,4,0,0,0,0,0,0,0,0,0,100,100,100,0,0,0,0,100,100,100,100.000000,1600,5440,29.411765,10,10,10,10,116,316,0,16,100,5440,15040,0,0,0,0,116,300,0,0,0,303,8136
448,4,4,0,0,0,0,0,0,0,0,0,100,100,100,0,0,0,0,100,100,100,100.000000,1600,5440,29.411765,10,10,10,10,116,316,0,16,100,5440,15040,0,0,0,0,116,300,0,0,0,317,8136
449,4,4,0,0,0,0,0,0,0,0,0,100,100,100,0,0,0,0,100,100,100,100.000000,1600,5440,29.411765,10,10,10,10,116,316,0,16,100,5440,15040,0,0,0,0,116,300,0,0,0,309,8136
450,4,4,0,0,0,0,0,0,0,0,0,100,100,100,0,0,0,0,100,100,100,100.000000,1600,5440,29.411765,10,10,10,10,116,316,0,16,100,5440,15040,0,0,0,0,116,300,0,0,0,284,8136
451,4,4,0,0,0,0,0,0,0,0,0,100,100,100,0,0,0,0,100,100,100,100.000000,1600,5440,29.411765,10,10,10,10,116,316,0,16,100,5440,15040,0,0,0,0,116,300,0,0,0,269,8136
452,4,4,0,0,0,0,0,0,0,0,0,100,100,100,0,0,0,0,100,100,100,100.000000,1600,5440,29.411765,10,10,10,10,116,316,0,16,100,5440,15040,0,0,0,0,116,300,0,0,0,271,8136
453,4,4,0,0,0,0,0,0,0,0,0,100,100,100,0,0,0,0,100,100,100,100.000000,1600,5440,29.411765,10,10,10,10,116,316,0,16,100,5440,15040,0,0,0,0,116,300,0,0,0,272,8136
454,4,4,0,0,0,0,0,0,0,0,0,100,100,100,0,0,0,0,100,100,100,100.000000,1600,5440,29.411765,10,10,10,10,116,316,0,16,100,5440,15040,0,0,0,0,116,300,0,0,0,273,8136
455,4,4,0,0,0,0,0,0,0,0,0,100,100,100,0,0,0,0,100,100,100,100.000000,1600,5440,29.411765,10,10,10,10,116,316,0,16,100,5440,15040,0,0,0,0,116,300,0,0,0,273,8136
456,4,4,0,0,0,0,0,0,0,0,0,100,100,100,0,0,0,0,100,100,100,100.000000,1600,5440,29.411765,10,10,10,10,116,316,0,16,100,5440,15040,0,0,0,0,116,300,0,0,0,286,8136
457,4,4,0,0,0,0,0,0,0,0,0,100,100,100,0,0,0,0,100,100,100,100.000000,1600,5440,29.411765,10,10,10,10,116,316,0,16,100,5440,15040,0,0,0,0,116,300,0,0,0,282,8136
458,4,4,0,0,0,0,0,0,0,0,0,100,100,100,0,0,0,0,100,100,100,100.000000,1600,5440,29.411765,10,10,10,10,116,316,0,16,100,5440,15040,0,0,0,0,116,300,0,0,0,280,8136
459,4,4,0,0,0,0,0,0,0,0,0,100,100,100,0,0,0,0,100,100,100,100.000000,1600,5440,29.411765,10,10,10,10,116,316,0,16,100,5440,15040,0,0,0,0,116,300,0,0,0,271,8136
460,4,4,0,0,0,0,0,0,0,0,0,100,100,100,0,0,0,0,100,100,100,100.000000,1600,5440,29.411765,10,10,10,10,116,316,0,16,100,5440,15040,0,0,0,0,116,300,0,0,0,290,8136
461,4,4,0,0,0,0,0,0,0,0,0,100,100,100,0,0,0,0,100,100,100,100.000000,1600,5440,29.411765,10,10,10,10,116,316,0,16,100,5440,15040,0,0,0,0,116,300,0,0,0,289,8136
462,4,4,0,0,0,0,0,0,0,0,0,100,100,100,0,0,0,0,100,100,100,100.000000,1600,5440,29.411765,10,10,10,10,116,316,0,16,100,5440,15040,0,0,0,0,116,300,0,0,0,282,8136
463,4,4,0,0,0,0,0,0,0,0,0,100,100,100,0,0,0,0,100,100,100,100.000000,1600,5440,29.411765,10,10,10,10,116,316,0,16,100,5440,15040,0,0,0,0,116,300,0,0,0,278,8136
464,4,4,0,0,0,0,0,0,0,0,0,100,100,100,0,0,0,0,100,100,100,100.000000,1600,5440,29.411765,10,10,10,10,116,316,0,16,100,5440,15040,0,0,0,0,116,300,0,0,0,280,8136
465,4,4,0,0,0,0,0,0,0,0,0,100,100,100,0,0,0,0,100,100,100,100.000000,1600,5440,29.411765,10,10,10,10,116,316,0,16,100,5440,15040,0,0,0,0,116,300,0,0,0,300,8136
466,4,4,0,0,0,0,0,0,0,0,0,100,100,100,0,0,0,0,100,100,100,100.000000,1600,5440,29.411765,10,10,10,10,116,316,0,16,100,5440,15040,0,0,0,0,116,300,0,0,0,289,8136
467,4,4,0,0,0,0,0,0,0,0,0,100,100,100,0,0,0,0,100,100,100,100.000000,1600,5440,29.411765,10,10,10,10,116,316,0,16,100,5440,15040,0,0,0,0,116,300,0,0,0,263,8136
468,4,4,0,0,0,0,0,0,0,0,0,100,100,100,0,0,0,0,100,100,100,100.000000,1600,5440,29.411765,10,10,10,10,116,316,0,16,100,5440,15040,0,0,0,0,116,300,0,0,0,273,8136
469,4,4,0,0,0,0,0,0,0,0,0,100,100,100,0,0,0,0,100,100,100,100.000000,1600,5440,29.411765,10,10,10,10,116,316,0,16,100,5440,15040,0,0,0,0,116,300,0,0,0,286,8136
470,4,4,0,0,0,0,0,0,0,0,0,100,100,100,0,0,0,0,100,100,100,100.000000,1600,5440,29.411765,10,10,10,10,116,316,0,16,100,5440,15040,0,0,0,0,116,300,0,0,0,270,8136
471,4,4,0,0,0,0,0,0,0,0,0,100,100,100,0,0,0,0,100,100,100,100.000000,1600,5440,29.411765,10,10,10,10,116,316,0,16,100,5440,15040,0,0,0,0,116,300,0,0,0,271,8136
472,4,4,0,0,0,0,0,0,0,0,0,100,100,100,0,0,0,0,100,100,100,100.000000,1600,5440,29.411765,10,10,10,10,116,316,0,16,100,5440,15040,0,0,0,0,116,300,0,0,0,286,8136
473,4,4,0,0,0,0,0,0,0,0,0,100,100,100,0,0,0,0,100,100,100,100.000000,1600,5440,29.411765,10,10,10,10,116,316,0,16,100,5440,15040,0,0,0,0,116,300,0,0,0,273,8136
474,4,4,0,0,0,0,0,0,0,0,0,100,100,100,0,0,0,0,100,100,100,100.000000,1600,5440,29.411765,10,10,10,10,116,316,0,16,100,5440,15040,0,0,0,0,116,300,0,0,0,302,8136
475,4,4,0,0,0,0,0,0,0,0,0,100,100,100,0,0,0,0,100,100,100,100.000000,1600,5440,29.411765,10,10,10,10,116,316,0,16,100,5440,15040,0,0,0,0,116,300,0,0,0,270,8136
476,4,4,0,0,0,0,0,0,0,0,0,100,100,100,0,0,0,0,100,100,100,100.000000,1600,5440,29.411765,10,10,10,10,116,316,0,16,100,5440,15040,0,0,0,0,116,300,0,0,0,273,8136
477,4,4,0,0,0,0,0,0,0,0,0,100,100,100,0,0,0,0,100,100,100,100.000000,1600,5440,29.411765,10,10,10,10,116,316,0,16,100,5440,15040,0,0,0,0,116,300,0,0,0,278,8136
478,4,4,0,0,0,0,0,0,0,0,0,100,100,100,0,0,0,0,100,100,100,100.000000,1600,5440,29.411765,10,10,10,10,116,316,0,16,100,5440,15040,0,0,0,0,116,300,0,0,0,272,8136
479,4,4,0,0,0,0,0,0,0,0,0,100,100,100,0,0,0,0,100,100,100,100.000000,1600,5440,29.411765,10,10,10,10,116,316,0,16,100,5440,15040,0,0,0,0,116,300,0,0,0,376,8136
480,4,4,0,0,0,0,0,0,0,0,0,100,100,100,0,0,0,0,100,100,100,100.000000,1600,5440,29.411765,10,10,10,10,116,316,0,16,100,5440,15040,0,0,0,0,116,300,0,0,0,293,8136
481,4,4,0,0,0,0,0,0,0,0,0,100,100,100,0,0,0,0,100,100,100,100.000000,1600,5440,29.411765,10,10,10,10,116,316,0,16,100,5440,15040,0,0,0,0,116,300,0,0,0,272,8136
482,4,4,0,0,0,0,0,0,0,0,0,100,100,100,0,0,0,0,100,100,100,100.000000,1600,5440,29.411765,10,10,10,10,116,316,0,16,100,5440,15040,0,0,0,0,116,300,0,0,0,268,8136
483,4,4,0,0,0,0,0,0,0,0,0,100,100,100,0,0,0,0,100,100,100,100.000000,1600,5440,29.411765,10,10,10,10,116,316,0,16,100,5440,15040,0,0,0,0,116,300,0,0,0,263,8136
484,4,4,0,0,0,0,0,0,0,0,0,100,100,100,0,0,0,0,100,100,100,100.000000,1600,5440,29.411765,10,10,10,10,116,316,0,16,100,5440,15040,0,0,0,0,116,300,0,0,0,305,8136
485,4,4,0,0,0,0,0,0,0,0,0,100,100,100,0,0,0,0,100,100,100,100.000000,1600,5440,29.411765,10,10,10,10,116,316,0,16,100,5440,15040,0,0,0,0,116,300,0,0,0,260,8136
486,4,4,0,0,0,0,0,0,0,0,0,100,100,100,0,0,0,0,100,100,100,100.000000,1600,5440,29.411765,10,10,10,10,116,316,0,16,100,5440,15040,0,0,0,0,116,300,0,0,0,258,8136
487,4,4,0,0,0,0,0,0,0,0,0,100,100,100,0,0,0,0,100,100,100,100.000000,1600,5440,29.411765,10,10,10,10,116,316,0,16,100,5440,15040,0,0,0,0,116,300,0,0,0,263,8136
488,4,4,0,0,0,0,0,0,0,0,0,100,100,100,0,0,0,0,100,100,100,100.000000,1600,5440,29.411765,10,10,10,10,116,316,0,16,100,5440,15040,0,0,0,0,116,300,0,0,0,283,8136
489,4,4,0,0,0,0,0,0,0,0,0,100,100,100,0,0,0,0,100,100,100,100.000000,1600,5440,29.411765,10,10,10,10,116,316,0,16,100,5440,15040,0,0,0,0,116,300,0,0,0,275,8136
490,4,4,0,0,0,0,0,0,0,0,0,100,100,100,0,0,0,0,100,100,100,100.000000,1600,5440,29.411765,10,10,10,10,116,316,0,16,100,5440,15040,0,0,0,0,116,300,0,0,0,261,8136
491,4,4,0,0,0,0,0,0,0,0,0,100,100,100,0,0,0,0,100,100,100,100.000000,1600,5440,29.411765,10,10,10,10,116,316,0,16,100,5440,15040,0,0,0,0,116,300,0,0,0,254,8136
492,4,4,0,0,0,0,0,0,0,0,0,100,100,100,0,0,0,0,100,100,100,100.000000,1600,5440,29.411765,10,10,10,10,116,316,0,16,100,5440,15040,0,0,0,0,116,300,0,0,0,266,8136
493,4,4,0,0,0,0,0,0,0,0,0,100,100,100,0,0,0,0,100,100,100,100.000000,1600,5440,29.411765,10,10,10,10,116,316,0,16,100,5440,15040,0,0,0,0,116,300,0,0,0,259,8136
494,4,4,0,0,0,0,0,0,0,0,0,100,100,100,0,0,0,0,100,100,100,100.000000,1600,5440,29.411765,10,10,10,10,116,316,0,16,100,5440,15040,0,0,0,0,116,300,0,0,0,255,8136
495,4,4,0,0,0,0,0,0,0,0,0,100,100,100,0,0,0,0,100,100,100,100.000000,1600,5440,29.411765,10,10,10,10,116,316,0,16,100,5440,15040,0,0,0,0,116,300,0,0,0,268,8136
496,4,4,0,0,0,0,0,0,0,0,0,100,100,100,0,0,0,0,100,100,100,100.000000,1600,5440,29.411765,10,10,10,10,116,316,0,16,100,5440,15040,0,0,0,0,116,300,0,0,0,275,8136
497,4,4,0,0,0,0,0,0,0,0,0,100,100,100,0,0,0,0,100,100,100,100.000000,1600,5440,29.411765,10,10,10,10,116,316,0,16,100,5440,15040,0,0,0,0,116,300,0,0,0,271,8136
498,4,4,0,0,0,0,0,0,0,0,0,100,100,100,0,0,0,0,100,100,100,100.000000,1600,5440,29.411765,10,10,10,10,116,316,0,16,100,5440,15040,0,0,0,0,116,300,0,0,0,267,8136
499,4,4,0,0,0,0,0,0,0,0,0,100,100,100,0,0,0,0,100,100,100,100.000000,1600,5440,29.411765,10,10,10,10,116,316,0,16,100,5440,15040,0,0,0,0,116,300,0,0,0,262,8136
500,4,4,0,0,0,0,0,0,0,0,0,100,100,100,0,0,0,0,100,100,100,100.000000,1600,5440,29.411765,10,10,10,10,116,316,0,16,100,5440,15040,0,0,0,0,116,300,0,0,0,264,8136
501,4,4,0,0,0,0,0,0,0,0,0,100,100,100,0,0,0,0,100,100,100,100.000000,1600,5440,29.411765,10,10,10,10,116,316,0,16,100,5440,15040,0,0,0,0,116,300,0,0,0,261,8136
502,4,4,0,0,0,0,0,0,0,0,0,100,100,100,0,0,0,0,100,100,100,100.000000,1600,5440,29.411765,10,10,10,10,116,316,0,16,100,5440,15040,0,0,0,0,116,300,0,0,0,264,8136
503,4,4,0,0,0,0,0,0,0,0,0,100,100,100,0,0,0,0,100,100,100,100.000000,1600,5440,29.411765,10,10,10,10,116,316,0,16,100,5440,15040,0,0,0,0,116,300,0,0,0,266,8136
504,4,4,0,0,0,0,0,0,0,0,0,100,100,100,0,0,0,0,100,100,100,100.000000,1600,5440,29.411765,10,10,10,10,116,316,0,16,100,5440,15040,0,0,0,0,116,300,0,0,0,273,8136
505,4,4,0,0,0,0,0,0,0,0,0,100,100,100,0,0,0,0,100,100,100,100.000000,1600,5440,29.411765,10,10,10,10,116,316,0,16,100,5440,15040,0,0,0,0,116,300,0,0,0,276,8136
506,4,4,0,0,0,0,0,0,0,0,0,100,100,100,0,0,0,0,100,100,100,100.000000,1600,5440,29.411765,10,10,10,10,116,316,0,16,100,5440,15040,0,0,0,0,116,300,0,0,0,263,8136
507,4,4,0,0,0,0,0,0,0,0,0,100,100,100,0,0,0,0,100,100,100,100.000000,1600,5440,29.411765,10,10,10,10,116,316,0,16,100,5440,15040,0,0,0,0,116,300,0,0,0,266,8136
508,4,4,0,0,0,0,0,0,0,0,0,100,100,100,0,0,0,0,100,100,100,100.000000,1600,5440,29.411765,10,10,10,10,116,316,0,16,100,5440,15040,0,0,0,0,116,300,0,0,0,264,8136
509,4,4,0,0,0,0,0,0,0,0,0,100,100,100,0,0,0,0,100,100,100,100.000000,1600,5440,29.411765,10,10,10,10,116,316,0,16,100,5440,15040,0,0,0,0,116,300,0,0,0,253,8136
510,4,4,0,0,0,0,0,0,0,0,0,100,100,100,0,0,0,0,100,100,100,100.000000,1600,5440,29.411765,10,10,10,10,116,316,0,16,100,5440,15040,0,0,0,0,116,300,0,0,0,290,8136
511,4,4,0,0,0,0,0,0,0,0,0,100,100,100,0,0,0,0,100,100,100,100.000000,1600,5440,29.411765,10,10,10,10,116,316,0,16,100,5440,15040,0,0,0,0,116,300,0,0,0,288,8136
512,4,4,0,0,0,0,0,0,0,0,0,100,100,100,0,0,0,0,100,100,100,100.000000,1600,5440,29.411765,10,10,10,10,116,316,0,16,100,5440,15040,0,0,0,0,116,300,0,0,0,275,8136
513,4,4,0,0,0,0,0,0,0,0,0,100,100,100,0,0,0,0,100,100,100,100.000000,1600,5440,29.411765,10,10,10,10,116,316,0,16,100,5440,15040,0,0,0,0,116,300,0,0,0,296,8136
514,4,4,0,0,0,0,0,0,0,0,0,100,100,100,0,0,0,0,100,100,100,100.000000,1600,5440,29.411765,10,10,10,10,116,316,0,16,100,5440,15040,0,0,0,0,116,300,0,0,0,270,8136
515,4,4,0,0,0,0,0,0,0,0,0,100,100,100,0,0,0,0,100,100,100,100.000000,1600,5440,29.411765,10,10,10,10,116,316,0,16,100,5440,15040,0,0,0,0,116,300,0,0,0,262,8136
516,4,4,0,0,0,0,0,0,0,0,0,100,100,100,0,0,0,0,100,100,100,100.000000,1600,5440,29.411765,10,10,10,10,116,316,0,16,100,5440,15040,0,0,0,0,116,300,0,0,0,304,8136
517,4,4,0,0,0,0,0,0,0,0,0,100,100,100,0,0,0,0,100,100,100,100.000000,1600,5440,29.411765,10,10,10,10,116,316,0,16,100,5440,15040,0,0,0,0,116,300,0,0,0,267,8136
518,4,4,0,0,0,0,0,0,0,0,0,100,100,100,0,0,0,0,100,100,100,100.000000,1600,5440,29.411765,10,10,10,10,116,316,0,16,100,5440,15040,0,0,0,0,116,300,0,0,0,261,8136
519,4,4,0,0,0,0,0,0,0,0,0,100,100,100,0,0,0,0,100,100,100,100.000000,1600,5440,29.411765,10,10,10,10,116,316,0,16,100,5440,15040,0,0,0,0,116,300,0,0,0,277,8136
520,4,4,0,0,0,0,0,0,0,0,0,100,100,100,0,0,0,0,100,100,100,100.000000,1600,5440,29.411765,10,10,10,10,116,316,0,16,100,5440,15040,0,0,0,0,116,300,0,0,0,284,8136
521,4,4,0,0,0,0,0,0,0,0,0,100,100,100,0,0,0,0,100,100,100,100.000000,1600,5440,29.411765,10,10,10,10,116,316,0,16,100,5440,15040,0,0,0,0,116,300,0,0,0,282,8136
522,4,4,0,0,0,0,0,0,0,0,0,100,100,100,0,0,0,0,100,100,100,100.000000,1600,5440,29.411765,10,10,10,10,116,316,0,16,100,5440,15040,0,0,0,0,116,300,0,0,0,328,8136
523,4,4,0,0,0,0,0,0,0,0,0,100,100,100,0,0,0,0,100,100,100,100.000000,1600,5440,29.411765,10,10,10,10,116,316,0,16,100,5440,15040,0,0,0,0,116,300,0,0,0,268,8136
524,4,4,0,0,0,0,0,0,0,0,0,100,100,100,0,0,0,0,100,100,100,100.000000,1600,5440,29.411765,10,10,10,10,116,316,0,16,100,5440,15040,0,0,0,0,116,300,0,0,0,285,8136
525,4,4,0,0,0,0,0,0,0,0,0,100,100,100,0,0,0,0,100,100,100,100.000000,1600,5440,29.411765,10,10,10,10,116,316,0,16,100,5440,15040,0,0,0,0,116,300,0,0,0,286,8136
526,4,4,0,0,0,0,0,0,0,0,0,100,100,100,0,0,0,0,100,100,100,100.000000,1600,5440,29.411765,10,10,10,10,116,316,0,16,100,5440,15040,0,0,0,0,116,300,0,0,0,262,8136
527,4,4,0,0,0,0,0,0,0,0,0,100,100,100,0,0,0,0,100,100,100,100.000000,1600,5440,29.411765,10,10,10,10,116,316,0,16,100,5440,15040,0,0,0,0,116,300,0,0,0,270,8136
528,4,4,0,0,0,0,0,0,0,0,0,100,100,100,0,0,0,0,100,100,100,100.000000,1600,5440,29.411765,10,10,10,10,116,316,0,16,100,5440,15040,0,0,0,0,116,300,0,0,0,276,8136
529,4,4,0,0,0,0,0,0,0,0,0,100,100,100,0,0,0,0,100,100,100,100.000000,1600,5440,29.411765,10,10,10,10,116,316,0,16,100,5440,15040,0,0,0,0,116,300,0,0,0,270,8136
530,4,4,0,0,0,0,0,0,0,0,0,100,100,100,0,0,0,0,100,100,100,100.000000,1600,5440,29.411765,10,10,10,10,116,316,0,16,100,5440,15040,0,0,0,0,116,300,0,0,0,267,8136
531,4,4,0,0,0,0,0,0,0,0,0,100,100,100,0,0,0,0,100,100,100,100.000000,1600,5440,29.411765,10,10,10,10,116,316,0,16,100,5440,15040,0,0,0,0,116,300,0,0,0,256,8136
532,4,4,0,0,0,0,0,0,0,0,0,100,100,100,0,0,0,0,100,100,100,100.000000,1600,5440,29.411765,10,10,10,10,116,316,0,16,100,5440,15040,0,0,0,0,116,300,0,0,0,273,8136
533,4,4,0,0,0,0,0,0,0,0,0,100,100,100,0,0,0,0,100,100,100,100.000000,1600,5440,29.411765,10,10,10,10,116,316,0,16,100,5440,15040,0,0,0,0,116,300,0,0,0,261,8136
534,4,4,0,0,0,0,0,0,0,0,0,100,100,100,0,0,0,0,100,100,100,100.000000,1600,5440,29.411765,10,10,10,10,116,316,0,16,100,5440,15040,0,0,0,0,116,300,0,0,0,258,8136
535,4,4,0,0,0,0,0,0,0,0,0,100,100,100,0,0,0,0,100,100,100,100.000000,1600,5440,29.411765,10,10,10,10,116,316,0,16,100,5440,15040,0,0,0,0,116,300,0,0,0,285,8136
536,4,4,0,0,0,0,0,0,0,0,0,100,100,100,0,0,0,0,100,100,100,100.000000,1600,5440,29.411765,10,10,10,10,116,316,0,16,100,5440,15040,0,0,0,0,116,300,0,0,0,307,8136
537,4,4,0,0,0,0,0,0,0,0,0,100,100,100,0,0,0,0,100,100,100,100.000000,1600,5440,29.411765,10,10,10,10,116,316,0,16,100,5440,15040,0,0,0,0,116,300,0,0,0,270,8136
538,4,4,0,0,0,0,0,0,0,0,0,100,100,100,0,0,0,0,100,100,100,100.000000,1600,5440,29.411765,10,10,10,10,116,316,0,16,100,5440,15040,0,0,0,0,116,300,0,0,0,262,8136
539,4,4,0,0,0,0,0,0,0,0,0,100,100,100,0,0,0,0,100,100,100,100.000000,1600,5440,29.411765,10,10,10,10,116,316,0,16,100,5440,15040,0,0,0,0,116,300,0,0,0,289,8136
540,4,4,0,0,0,0,0,0,0,0,0,100,100,100,0,0,0,0,100,100,100,100.000000,1600,5440,29.411765,10,10,10,10,116,316,0,16,100,5440,15040,0,0,0,0,116,300,0,0,0,269,8136
541,4,4,0,0,0,0,0,0,0,0,0,100,100,100,0,0,0,0,100,100,100,100.000000,1600,5440,29.411765,10,10,10,10,116,316,0,16,100,5440,15040,0,0,0,0,116,300,0,0,0,269,8136
542,4,4,0,0,0,0,0,0,0,0,0,100,100,100,0,0,0,0,100,100,100,100.000000,1600,5440,29.411765,10,10,10,10,116,316,0,16,100,5440,15040,0,0,0,0,116,300,0,0,0,268,8136
543,4,4,0,0,0,0,0,0,0,0,0,100,100,100,0,0,0,0,100,100,100,100.000000,1600,5440,29.411765,10,10,10,10,116,316,0,16,100,5440,15040,0,0,0,0,116,300,0,0,0,268,8136
544,4,4,0,0,0,0,0,0,0,0,0,100,100,100,0,0,0,0,100,100,100,100.000000,1600,5440,29.411765,10,10,10,10,116,316,0,16,100,5440,15040,0,0,0,0,116,300,0,0,0,295,8136
545,4,4,0,0,0,0,0,0,0,0,0,100,100,100,0,0,0,0,100,100,100,100.000000,1600,5440,29.411765,10,10,10,10,116,316,0,16,100,5440,15040,0,0,0,0,116,300,0,0,0,296,8136
546,4,4,0,0,0,0,0,0,0,0,0,100,100,100,0,0,0,0,100,100,100,100.000000,1600,5440,29.411765,10,10,10,10,116,316,0,16,100,5440,15040,0,0,0,0,116,300,0,0,0,268,8136
547,4,4,0,0,0,0,0,0,0,0,0,100,100,100,0,0,0,0,100,100,100,100.000000,1600,5440,29.411765,10,10,10,10,116,316,0,16,100,5440,15040,0,0,0,0,116,300,0,0,0,298,8136
548,4,4,0,0,0,0,0,0,0,0,0,100,100,100,0,0,0,0,100,100,100,100.000000,1600,5440,29.411765,10,10,10,10,116,316,0,16,100,5440,15040,0,0,0,0,116,300,0,0,0,276,8136
549,4,4,0,0,0,0,0,0,0,0,0,100,100,100,0,0,0,0,100,100,100,100.000000,1600,5440,29.411765,10,10,10,10,116,316,0,16,100,5440,15040,0,0,0,0,116,300,0,0,0,262,8136
550,4,4,0,0,0,0,0,0,0,0,0,100,100,100,0,0,0,0,100,100,100,100.000000,1600,5440,29.411765,10,10,10,10,116,316,0,16,100,5440,15040,0,0,0,0,116,300,0,0,0,260,8136
551,4,4,0,0,0,0,0,0,0,0,0,100,100,100,0,0,0,0,100,100,100,100.000000,1600,5440,29.411765,10,10,10,10,116,316,0,16,100,5440,15040,0,0,0,0,116,300,0,0,0,267,8136
552,4,4,0,0,0,0,0,0,0,0,0,100,100,100,0,0,0,0,100,100,100,100.000000,1600,5440,29.411765,10,10,10,10,116,316,0,16,100,5440,15040,0,0,0,0,116,300,0,0,0,274,8136
553,4,4,0,0,0,0,0,0,0,0,0,100,100,100,0,0,0,0,100,100,100,100.000000,1600,5440,29.411765,10,10,10,10,116,316,0,16,100,5440,15040,0,0,0,0,116,300,0,0,0,265,8136
554,4,4,0,0,0,0,0,0,0,0,0,100,100,100,0,0,0,0,100,100,100,100.000000,1600,5440,29.411765,10,10,10,10,116,316,0,16,100,5440,15040,0,0,0,0,116,300,0,0,0,268,8136
555,4,4,0,0,0,0,0,0,0,0,0,100,100,100,0,0,0,0,100,100,100,100.000000,1600,5440,29.411765,10,10,10,10,116,316,0,16,100,5440,15040,0,0,0,0,116,300,0,0,0,269,8136
556,4,4,0,0,0,0,0,0,0,0,0,100,100,100,0,0,0,0,100,100,100,100.000000,1600,5440,29.411765,10,10,10,10,116,316,0,16,100,5440,15040,0,0,0,0,116,300,0,0,0,266,8136
557,4,4,0,0,0,0,0,0,0,0,0,100,100,100,0,0,0,0,100,100,100,100.000000,1600,5440,29.411765,10,10,10,10,116,316,0,16,100,5440,15040,0,0,0,0,116,300,0,0,0,259,8136
558,4,4,0,0,0,0,0,0,0,0,0,100,100,100,0,0,0,0,100,100,100,100.000000,1600,5440,29.411765,10,10,10,10,116,316,0,16,100,5440,15040,0,0,0,0,116,300,0,0,0,260,8136
559,4,4,0,0,0,0,0,0,0,0,0,100,100,100,0,0,0,0,100,100,100,100.000000,1600,5440,29.411765,10,10,10,10,116,316,0,16,100,5440,15040,0,0,0,0,116,300,0,0,0,277,8136
560,4,4,0,0,0,0,0,0,0,0,0,100,100,100,0,0,0,0,100,100,100,100.000000,1600,5440,29.411765,10,10,10,10,116,316,0,16,100,5440,15040,0,0,0,0,116,300,0,0,0,292,8136
561,4,4,0,0,0,0,0,0,0,0,0,100,100,100,0,0,0,0,100,100,100,100.000000,1600,5440,29.411765,10,10,10,10,116,316,0,16,100,5440,15040,0,0,0,0,116,300,0,0,0,297,8136
562,4,4,0,0,0,0,0,0,0,0,0,100,100,100,0,0,0,0,100,100,100,100.000000,1600,5440,29.411765,10,10,10,10,116,316,0,16,100,5440,15040,0,0,0,0,116,300,0,0,0,262,8136
563,4,4,0,0,0,0,0,0,0,0,0,100,100,100,0,0,0,0,100,100,100,100.000000,1600,5440,29.411765,10,10,10,10,116,316,0,16,100,5440,15040,0,0,0,0,116,300,0,0,0,258,8136
564,4,4,0,0,0,0,0,0,0,0,0,100,100,100,0,0,0,0,100,100,100,100.000000,1600,5440,29.411765,10,10,10,10,116,316,0,16,100,5440,15040,0,0,0,0,116,300,0,0,0,275,8136
565,4,4,0,0,0,0,0,0,0,0,0,100,100,100,0,0,0,0,100,100,100,100.000000,1600,5440,29.411765,10,10,10,10,116,316,0,16,100,5440,15040,0,0,0,0,116,300,0,0,0,258,8136
566,4,4,0,0,0,0,0,0,0,0,0,100,100,100,0,0,0,0,100,100,100,100.000000,1600,5440,29.411765,10,10,10,10,116,316,0,16,100,5440,15040,0,0,0,0,116,300,0,0,0,270,8136
567,4,4,0,0,0,0,0,0,0,0,0,100,100,100,0,0,0,0,100,100,100,100.000000,1600,5440,29.411765,10,10,10,10,116,316,0,16,100,5440,15040,0,0,0,0,116,300,0,0,0,264,8136
568,4,4,0,0,0,0,0,0,0,0,0,100,100,100,0,0,0,0,100,100,100,100.000000,1600,5440,29.411765,10,10,10,10,116,316,0,16,100,5440,15040,0,0,0,0,116,300,0,0,0,286,8136
569,4,4,0,0,0,0,0,0,0,0,0,100,100,100,0,0,0,0,100,100,100,100.000000,1600,5440,29.411765,10,10,10,10,116,316,0,16,100,5440,15040,0,0,0,0,116,300,0,0,0,285,8136
570,4,4,0,0,0,0,0,0,0,0,0,100,100,100,0,0,0,0,100,100,100,100.000000,1600,5440,29.411765,10,10,10,10,116,316,0,16,100,5440,15040,0,0,0,0,116,300,0,0,0,275,8136
571,4,4,0,0,0,0,0,0,0,0,0,100,100,100,0,0,0,0,100,100,100,100.000000,1600,5440,29.411765,10,10,10,10,116,316,0,16,100,5440,15040,0,0,0,0,116,300,0,0,0,283,8136
572,4,4,0,0,0,0,0,0,0,0,0,100,100,100,0,0,0,0,100,100,100,100.000000,1600,5440,29.411765,10,10,10,10,116,316,0,16,100,5440,15040,0,0,0,0,116,300,0,0,0,268,8136
573,4,4,0,0,0,0,0,0,0,0,0,100,100,100,0,0,0,0,100,100,100,100.000000,1600,5440,29.411765,10,10,10,10,116,316,0,16,100,5440,15040,0,0,0,0,116,300,0,0,0,265,8136
574,4,4,0,0,0,0,0,0,0,0,0,100,100,100,0,0,0,0,100,100,100,100.000000,1600,5440,29.411765,10,10,10,10,116,316,0,16,100,5440,15040,0,0,0,0,116,300,0,0,0,270,8136
575,4,4,0,0,0,0,0,0,0,0,0,100,100,100,0,0,0,0,100,100,100,100.000000,1600,5440,29.411765,10,10,10,10,116,316,0,16,100,5440,15040,0,0,0,0,116,300,0,0,0,280,8136
576,4,4,0,0,0,0,0,0,0,0,0,100,100,100,0,0,0,0,100,100,100,100.000000,1600,5440,29.411765,10,10,10,10,116,316,0,16,100,5440,15040,0,0,0,0,116,300,0,0,0,332,8136
577,4,4,0,0,0,0,0,0,0,0,0,100,100,100,0,0,0,0,100,100,100,100.000000,1600,5440,29.411765,10,10,10,10,116,316,0,16,100,5440,15040,0,0,0,0,116,300,0,0,0,286,8136
578,4,4,0,0,0,0,0,0,0,0,0,100,100,100,0,0,0,0,100,100,100,100.000000,1600,5440,29.411765,10,10,10,10,116,316,0,16,100,5440,15040,0,0,0,0,116,300,0,0,0,273,8136
579,4,4,0,0,0,0,0,0,0,0,0,100,100,100,0,0,0,0,100,100,100,100.000000,1600,5440,29.411765,10,10,10,10,116,316,0,16,100,5440,15040,0,0,0,0,116,300,0,0,0,267,8136
580,4,4,0,0,0,0,0,0,0,0,0,100,100,100,0,0,0,0,100,100,100,100.000000,1600,5440,29.411765,10,10,10,10,116,316,0,16,100,5440,15040,0,0,0,0,116,300,0,0,0,271,8136
581,4,4,0,0,0,0,0,0,0,0,0,100,100,100,0,0,0,0,100,100,100,100.000000,1600,5440,29.411765,10,10,10,10,116,316,0,16,100,5440,15040,0,0,0,0,116,300,0,0,0,271,8136
582,4,4,0,0,0,0,0,0,0,0,0,100,100,100,0,0,0,0,100,100,100,100.000000,1600,5440,29.411765,10,10,10,10,116,316,0,16,100,5440,15040,0,0,0,0,116,300,0,0,0,262,8136
583,4,4,0,0,0,0,0,0,0,0,0,100,100,100,0,0,0,0,100,100,100,100.000000,1600,5440,29.411765,10,10,10,10,116,316,0,16,100,5440,15040,0,0,0,0,116,300,0,0,0,263,8136
584,4,4,0,0,0,0,0,0,0,0,0,100,100,100,0,0,0,0,100,100,100,100.000000,1600,5440,29.411765,10,10,10,10,116,316,0,16,100,5440,15040,0,0,0,0,116,300,0,0,0,279,8136
585,4,4,0,0,0,0,0,0,0,0,0,100,100,100,0,0,0,0,100,100,100,100.000000,1600,5440,29.411765,10,10,10,10,116,316,0,16,100,5440,15040,0,0,0,0,116,300,0,0,0,266,8136
586,4,4,0,0,0,0,0,0,0,0,0,100,100,100,0,0,0,0,100,100,100,100.000000,1600,5440,29.411765,10,10,10,10,116,316,0,16,100,5440,15040,0,0,0,0,116,300,0,0,0,260,8136
587,4,4,0,0,0,0,0,0,0,0,0,100,100,100,0,0,0,0,100,100,100,100.000000,1600,5440,29.411765,10,10,10,10,116,316,0,16,100,5440,15040,0,0,0,0,116,300,0,0,0,258,8136
588,4,4,0,0,0,0,0,0,0,0,0,100,100,100,0,0,0,0,100,100,100,100.000000,1600,5440,29.411765,10,10,10,10,116,316,0,16,100,5440,15040,0,0,0,0,116,300,0,0,0,264,8136
589,4,4,0,0,0,0,0,0,0,0,0,100,100,100,0,0,0,0,100,100,100,100.000000,1600,5440,29.411765,10,10,10,10,116,316,0,16,100,5440,15040,0,0,0,0,116,300,0,0,0,256,8136
590,4,4,0,0,0,0,0,0,0,0,0,100,100,100,0,0,0,0,100,100,100,100.000000,1600,5440,29.411765,10,10,10,10,116,316,0,16,100,5440,15040,0,0,0,0,116,300,0,0,0,272,8136
591,4,4,0,0,0,0,0,0,0,0,0,100,100,100,0,0,0,0,100,100,100,100.000000,1600,5440,29.411765,10,10,10,10,116,316,0,16,100,5440,15040,0,0,0,0,116,300,0,0,0,267,8136
592,4,4,0,0,0,0,0,0,0,0,0,100,100,100,0,0,0,0,100,100,100,100.000000,1600,5440,29.411765,10,10,10,10,116,316,0,16,100,5440,15040,0,0,0,0,116,300,0,0,0,281,8136
593,4,4,0,0,0,0,0,0,0,0,0,100,100,100,0,0,0,0,100,100,100,100.000000,1600,5440,29.411765,10,10,10,10,116,316,0,16,100,5440,15040,0,0,0,0,116,300,0,0,0,270,8136
594,4,4,0,0,0,0,0,0,0,0,0,100,100,100,0,0,0,0,100,100,100,100.000000,1600,5440,29.411765,10,10,10,10,116,316,0,16,100,5440,15040,0,0,0,0,116,300,0,0,0,255,8136
595,4,4,0,0,0,0,0,0,0,0,0,100,100,100,0,0,0,0,100,100,100,100.000000,1600,5440,29.411765,10,10,10,10,116,316,0,16,100,5440,15040,0,0,0,0,116,300,0,0,0,253,8136
596,4,4,0,0,0,0,0,0,0,0,0,100,100,100,0,0,0,0,100,100,100,100.000000,1600,5440,29.411765,10,10,10,10,116,316,0,16,100,5440,15040,0,0,0,0,116,300,0,0,0,286,8136
597,4,4,0,0,0,0,0,0,0,0,0,100,100,100,0,0,0,0,100,100,100,100.000000,1600,5440,29.411765,10,10,10,10,116,316,0,16,100,5440,15040,0,0,0,0,116,300,0,0,0,265,8136
598,4,4,0,0,0,0,0,0,0,0,0,100,100,100,0,0,0,0,100,100,100,100.000000,1600,5440,29.411765,10,10,10,10,116,316,0,16,100,5440,15040,0,0,0,0,116,300,0,0,0,259,8136
599,4,4,0,0,0,0,0,0,0,0,0,100,100,100,0,0,0,0,100,100,100,100.000000,1600,5440,29.411765,10,10,10,10,116,316,0,16,100,5440,15040,0,0,0,0,116,300,0,0,0,264,8136
600,4,4,0,0,0,0,0,0,0,0,0,100,100,100,0,0,0,0,100,100,100,100.000000,1600,5440,29.411765,10,10,10,10,116,316,0,16,100,5440,15040,0,0,0,0,116,300,0,0,0,267,8136
601,4,4,0,0,0,0,0,0,0,0,0,100,100,100,0,0,0,0,100,100,100,100.000000,1600,5440,29.411765,10,10,10,10,116,316,0,16,100,5440,15040,0,0,0,0,116,300,0,0,0,276,8136
602,4,4,0,0,0,0,0,0,0,0,0,100,100,100,0,0,0,0,100,100,100,100.000000,1600,5440,29.411765,10,10,10,10,116,316,0,16,100,5440,15040,0,0,0,0,116,300,0,0,0,295,8136
603,4,4,0,0,0,0,0,0,0,0,0,100,100,100,0,0,0,0,100,100,100,100.000000,1600,5440,29.411765,10,10,10,10,116,316,0,16,100,5440,15040,0,0,0,0,116,300,0,0,0,261,8136
604,4,4,0,0,0,0,0,0,0,0,0,100,100,100,0,0,0,0,100,100,100,100.000000,1600,5440,29.411765,10,10,10,10,116,316,0,16,100,5440,15040,0,0,0,0,116,300,0,0,0,271,8136
605,4,4,0,0,0,0,0,0,0,0,0,100,100,100,0,0,0,0,100,100,100,100.000000,1600,5440,29.411765,10,10,10,10,116,316,0,16,100,5440,15040,0,0,0,0,116,300,0,0,0,256,8136
606,4,4,0,0,0,0,0,0,0,0,0,100,100,100,0,0,0,0,100,100,100,100.000000,1600,5440,29.411765,10,10,10,10,116,316,0,16,100,5440,15040,0,0,0,0,116,300,0,0,0,261,8136
607,4,4,0,0,0,0,0,0,0,0,0,100,100,100,0,0,0,0,100,100,100,100.000000,1600,5440,29.411765,10,10,10,10,116,316,0,16,100,5440,15040,0,0,0,0,116,300,0,0,0,295,8136
608,4,4,0,0,0,0,0,0,0,0,0,100,100,100,0,0,0,0,100,100,100,100.000000,1600,5440,29.411765,10,10,10,10,116,316,0,16,100,5440,15040,0,0,0,0,116,300,0,0,0,292,8136
609,4,4,0,0,0,0,0,0,0,0,0,100,100,100,0,0,0,0,100,100,100,100.000000,1600,5440,29.411765,10,10,10,10,116,316,0,16,100,5440,15040,0,0,0,0,116,300,0,0,0,274,8136
610,4,4,0,0,0,0,0,0,0,0,0,100,100,100,0,0,0,0,100,100,100,100.000000,1600,5440,29.411765,10,10,10,10,116,316,0,16,100,5440,15040,0,0,0,0,116,300,0,0,0,261,8136
611,4,4,0,0,0,0,0,0,0,0,0,100,100,100,0,0,0,0,100,100,100,100.000000,1600,5440,29.411765,10,10,10,10,116,316,0,16,100,5440,15040,0,0,0,0,116,300,0,0,0,260,8136
612,4,4,0,0,0,0,0,0,0,0,0,100,100,100,0,0,0,0,100,100,100,100.000000,1600,5440,29.411765,10,10,10,10,116,316,0,16,100,5440,15040,0,0,0,0,116,300,0,0,0,273,8136
613,4,4,0,0,0,0,0,0,0,0,0,100,100,100,0,0,0,0,100,100,100,100.000000,1600,5440,29.411765,10,10,10,10,116,316,0,16,100,5440,15040,0,0,0,0,116,300,0,0,0,272,8136
614,4,4,0,0,0,0,0,0,0,0,0,100,100,100,0,0,0,0,100,100,100,100.000000,1600,5440,29.411765,10,10,10,10,116,316,0,16,100,5440,15040,0,0,0,0,116,300,0,0,0,260,8136
615,4,4,0,0,0,0,0,0,0,0,0,100,100,100,0,0,0,0,100,100,100,100.000000,1600,5440,29.411765,10,10,10,10,116,316,0,16,100,5440,15040,0,0,0,0,116,300,0,0,0,282,8136
616,4,4,0,0,0,0,0,0,0,0,0,100,100,100,0,0,0,0,100,100,100,100.000000,1600,5440,29.411765,10,10,10,10,116,316,0,16,100,5440,15040,0,0,0,0,116,300,0,0,0,276,8136
617,4,4,0,0,0,0,0,0,0,0,0,100,100,100,0,0,0,0,100,100,100,100.000000,1600,5440,29.411765,10,10,10,10,116,316,0,16,100,5440,15040,0,0,0,0,116,300,0,0,0,270,8136
618,4,4,0,0,0,0,0,0,0,0,0,100,100,100,0,0,0,0,100,100,100,100.000000,1600,5440,29.411765,10,10,10,10,116,316,0,16,100,5440,15040,0,0,0,0,116,300,0,0,0,272,8136
619,4,4,0,0,0,0,0,0,0,0,0,100,100,100,0,0,0,0,100,100,100,100.000000,1600,5440,29.411765,10,10,10,10,116,316,0,16,100,5440,15040,0,0,0,0,116,300,0,0,0,253,8136
620,4,4,0,0,0,0,0,0,0,0,0,100,100,100,0,0,0,0,100,100,100,100.000000,1600,5440,29.411765,10,10,10,10,116,316,0,16,100,5440,15040,0,0,0,0,116,300,0,0,0,272,8136
621,4,4,0,0,0,0,0,0,0,0,0,100,100,100,0,0,0,0,100,100,100,100.000000,1600,5440,29.411765,10,10,10,10,116,316,0,16,100,5440,15040,0,0,0,0,116,300,0,0,0,258,8136
622,4,4,0,0,0,0,0,0,0,0,0,100,100,100,0,0,0,0,100,100,100,100.000000,1600,5440,29.411765,10,10,10,10,116,316,0,16,100,5440,15040,0,0,0,0,116,300,0,0,0,255,8136
623,4,4,0,0,0,0,0,0,0,0,0,100,100,100,0,0,0,0,100,100,100,100.000000,1600,5440,29.411765,10,10,10,10,116,316,0,16,100,5440,15040,0,0,0,0,116,300,0,0,0,254,8136
624,4,4,0,0,0,0,0,0,0,0,0,100,100,100,0,0,0,0,100,100,100,100.000000,1600,5440,29.411765,10,10,10,10,116,316,0,16,100,5440,15040,0,0,0,0,116,300,0,0,0,281,8136
625,4,4,0,0,0,0,0,0,0,0,0,100,100,100,0,0,0,0,100,100,100,100.000000,1600,5440,29.411765,10,10,10,10,116,316,0,16,100,5440,15040,0,0,0,0,116,300,0,0,0,281,8136
626,4,4,0,0,0,0,0,0,0,0,0,100,100,100,0,0,0,0,100,100,100,100.000000,1600,5440,29.411765,10,10,10,10,116,316,0,16,100,5440,15040,0,0,0,0,116,300,0,0,0,273,8136
627,4,4,0,0,0,0,0,0,0,0,0,100,100,100,0,0,0,0,100,100,100,100.000000,1600,5440,29.411765,10,10,10,10,116,316,0,16,100,5440,15040,0,0,0,0,116,300,0,0,0,279,8136
628,4,4,0,0,0,0,0,0,0,0,0,100,100,100,0,0,0,0,100,100,100,100.000000,1600,5440,29.411765,10,10,10,10,116,316,0,16,100,5440,15040,0,0,0,0,116,300,0,0,0,275,8136
629,4,4,0,0,0,0,0,0,0,0,0,100,100,100,0,0,0,0,100,100,100,100.000000,1600,5440,29.411765,10,10,10,10,116,316,0,16,100,5440,15040,0,0,0,0,116,300,0,0,0,261,8136
630,4,4,0,0,0,0,0,0,0,0,0,100,100,100,0,0,0,0,100,100,100,100.000000,1600,5440,29.411765,10,10,10,10,116,316,0,16,100,5440,15040,0,0,0,0,116,300,0,0,0,258,8136
631,4,4,0,0,0,0,0,0,0,0,0,100,100,100,0,0,0,0,100,100,100,100.000000,1600,5440,29.411765,10,10,10,10,116,316,0,16,100,5440,15040,0,0,0,0,116,300,0,0,0,264,8136
632,4,4,0,0,0,0,0,0,0,0,0,100,100,100,0,0,0,0,100,100,100,100.000000,1600,5440,29.411765,10,10,10,10,116,316,0,16,100,5440,15040,0,0,0,0,116,300,0,0,0,285,8136
633,4,4,0,0,0,0,0,0,0,0,0,100,100,100,0,0,0,0,100,100,100,100.000000,1600,5440,29.411765,10,10,10,10,116,316,0,16,100,5440,15040,0,0,0,0,116,300,0,0,0,271,8136
634,4,4,0,0,0,0,0,0,0,0,0,100,100,100,0,0,0,0,100,100,100,100.000000,1600,5440,29.411765,10,10,10,10,116,316,0,16,100,5440,15040,0,0,0,0,116,300,0,0,0,261,8136
635,4,4,0,0,0,0,0,0,0,0,0,100,100,100,0,0,0,0,100,100,100,100.000000,1600,5440,29.411765,10,10,10,10,116,316,0,16,100,5440,15040,0,0,0,0,116,300,0,0,0,253,8136
636,4,4,0,0,0,0,0,0,0,0,0,100,100,100,0,0,0,0,100,100,100,100.000000,1600,5440,29.411765,10,10,10,10,116,316,0,16,100,5440,15040,0,0,0,0,116,300,0,0,0,263,8136
637,4,4,0,0,0,0,0,0,0,0,0,100,100,100,0,0,0,0,100,100,100,100.000000,1600,5440,29.411765,10,10,10,10,116,316,0,16,100,5440,15040,0,0,0,0,116,300,0,0,0,254,8136
638,4,4,0,0,0,0,0,0,0,0,0,100,100,100,0,0,0,0,100,100,100,100.000000,1600,5440,29.411765,10,10,10,10,116,316,0,16,100,5440,15040,0,0,0,0,116,300,0,0,0,255,8136
639,4,4,0,0,0,0,0,0,0,0,0,100,100,100,0,0,0,0,100,100,100,100.000000,1600,5440,29.411765,10,10,10,10,116,316,0,16,100,5440,15040,0,0,0,0,116,300,0,0,0,256,8136
640,4,4,0,0,0,0,0,0,0,0,0,100,100,100,0,0,0,0,100,100,100,100.000000,1600,5440,29.411765,10,10,10,10,116,316,0,16,100,5440,15040,0,0,0,0,116,300,0,0,0,288,8136
641,4,4,0,0,0,0,0,0,0,0,0,100,100,100,0,0,0,0,100,100,100,100.000000,1600,5440,29.411765,10,10,10,10,116,316,0,16,100,5440,15040,0,0,0,0,116,300,0,0,0,273,8136
642,4,4,0,0,0,0,0,0,0,0,0,100,100,100,0,0,0,0,100,100,100,100.000000,1600,5440,29.411765,10,10,10,10,116,316,0,16,100,5440,15040,0,0,0,0,116,300,0,0,0,251,8136
643,4,4,0,0,0,0,0,0,0,0,0,100,100,100,0,0,0,0,100,100,100,100.000000,1600,5440,29.411765,10,10,10,10,116,316,0,16,100,5440,15040,0,0,0,0,116,300,0,0,0,250,8136
644,4,4,0,0,0,0,0,0,0,0,0,100,100,100,0,0,0,0,100,100,100,100.000000,1600,5440,29.411765,10,10,10,10,116,316,0,16,100,5440,15040,0,0,0,0,116,300,0,0,0,286,8136
645,4,4,0,0,0,0,0,0,0,0,0,100,100,100,0,0,0,0,100,100,100,100.000000,1600,5440,29.411765,10,10,10,10,116,316,0,16,100,5440,15040,0,0,0,0,116,300,0,0,0,259,8136
646,4,4,0,0,0,0,0,0,0,0,0,100,100,100,0,0,0,0,100,100,100,100.000000,1600,5440,29.411765,10,10,10,10,116,316,0,16,100,5440,15040,0,0,0,0,116,300,0,0,0,282,8136
647,4,4,0,0,0,0,0,0,0,0,0,100,100,100,0,0,0,0,100,100,100,100.000000,1600,5440,29.411765,10,10,10,10,116,316,0,16,100,5440,15040,0,0,0,0,116,300,0,0,0,270,8136
648,4,4,0,0,0,0,0,0,0,0,0,100,100,100,0,0,0,0,100,100,100,100.000000,1600,5440,29.411765,10,10,10,10,116,316,0,16,100,5440,15040,0,0,0,0,116,300,0,0,0,369,8136
649,4,4,0,0,0,0,0,0,0,0,0,100,100,100,0,0,0,0,100,100,100,100.000000,1600,5440,29.411765,10,10,10,10,116,316,0,16,100,5440,15040,0,0,0,0,116,300,0,0,0,268,8136
650,4,4,0,0,0,0,0,0,0,0,0,100,100,100,0,0,0,0,100,100,100,100.000000,1600,5440,29.411765,10,10,10,10,116,316,0,16,100,5440,15040,0,0,0,0,116,300,0,0,0,268,8136
651,4,4,0,0,0,0,0,0,0,0,0,100,100,100,0,0,0,0,100,100,100,100.000000,1600,5440,29.411765,10,10,10,10,116,316,0,16,100,5440,15040,0,0,0,0,116,300,0,0,0,279,8136
652,4,4,0,0,0,0,0,0,0,0,0,100,100,100,0,0,0,0,100,100,100,100.000000,1600,5440,29.411765,10,10,10,10,116,316,0,16,100,5440,15040,0,0,0,0,116,300,0,0,0,269,8136
653,4,4,0,0,0,0,0,0,0,0,0,100,100,100,0,0,0,0,100,100,100,100.000000,1600,5440,29.411765,10,10,10,10,116,316,0,16,100,5440,15040,0,0,0,0,116,300,0,0,0,272,8136
654,4,4,0,0,0,0,0,0,0,0,0,100,100,100,0,0,0,0,100,100,100,100.000000,1600,5440,29.411765,10,10,10,10,116,316,0,16,100,5440,15040,0,0,0,0,116,300,0,0,0,269,8136
655,4,4,0,0,0,0,0,0,0,0,0,100,100,100,0,0,0,0,100,100,100,100.000000,1600,5440,29.411765,10,10,10,10,116,316,0,16,100,5440,15040,0,0,0,0,116,300,0,0,0,259,8136
656,4,4,0,0,0,0,0,0,0,0,0,100,100,100,0,0,0,0,100,100,100,100.000000,1600,5440,29.411765,10,10,10,10,116,316,0,16,100,5440,15040,0,0,0,0,116,300,0,0,0,303,8136
657,4,4,0,0,0,0,0,0,0,0,0,100,100,100,0,0,0,0,100,100,100,100.000000,1600,5440,29.411765,10,10,10,10,116,316,0,16,100,5440,15040,0,0,0,0,116,300,0,0,0,270,8136
658,4,4,0,0,0,0,0,0,0,0,0,100,100,100,0,0,0,0,100,100,100,100.000000,1600,5440,29.411765,10,10,10,10,116,316,0,16,100,5440,15040,0,0,0,0,116,300,0,0,0,263,8136
659,4,4,0,0,0,0,0,0,0,0,0,100,100,100,0,0,0,0,100,100,100,100.000000,1600,5440,29.411765,10,10,10,10,116,316,0,16,100,5440,15040,0,0,0,0,116,300,0,0,0,253,8136
660,4,4,0,0,0,0,0,0,0,0,0,100,100,100,0,0,0,0,100,100,100,100.000000,1600,5440,29.411765,10,10,10,10,116,316,0,16,100,5440,15040,0,0,0,0,116,300,0,0,0,268,8136
661,4,4,0,0,0,0,0,0,0,0,0,100,100,100,0,0,0,0,100,100,100,100.000000,1600,5440,29.411765,10,10,10,10,116,316,0,16,100,5440,15040,0,0,0,0,116,300,0,0,0,269,8136
662,4,4,0,0,0,0,0,0,0,0,0,100,100,100,0,0,0,0,100,100,100,100.000000,1600,5440,29.411765,10,10,10,10,116,316,0,16,100,5440,15040,0,0,0,0,116,300,0,0,0,260,8136
663,4,4,0,0,0,0,0,0,0,0,0,100,100,100,0,0,0,0,100,100,100,100.000000,1600,5440,29.411765,10,10,10,10,116,316,0,16,100,5440,15040,0,0,0,0,116,300,0,0,0,257,8136
664,4,4,0,0,0,0,0,0,0,0,0,100,100,100,0,0,0,0,100,100,100,100.000000,1600,5440,29.411765,10,10,10,10,116,316,0,16,100,5440,15040,0,0,0,0,116,300,0,0,0,306,8136
665,4,4,0,0,0,0,0,0,0,0,0,100,100,100,0,0,0,0,100,100,100,100.000000,1600,5440,29.411765,10,10,10,10,116,316,0,16,100,5440,15040,0,0,0,0,116,300,0,0,0,279,8136
666,4,4,0,0,0,0,0,0,0,0,0,100,100,100,0,0,0,0,100,100,100,100.000000,1600,5440,29.411765,10,10,10,10,116,316,0,16,100,5440,15040,0,0,0,0,116,300,0,0,0,269,8136
667,4,4,0,0,0,0,0,0,0,0,0,100,100,100,0,0,0,0,100,100,100,100.000000,1600,5440,29.411765,10,10,10,10,116,316,0,16,100,5440,15040,0,0,0,0,116,300,0,0,0,253,8136
668,4,4,0,0,0,0,0,0,0,0,0,100,100,100,0,0,0,0,100,100,100,100.000000,1600,5440,29.411765,10,10,10,10,116,316,0,16,100,5440,15040,0,0,0,0,116,300,0,0,0,277,8136
669,4,4,0,0,0,0,0,0,0,0,0,100,100,100,0,0,0,0,100,100,100,100.000000,1600,5440,29.411765,10,10,10,10,116,316,0,16,100,5440,15040,0,0,0,0,116,300,0,0,0,263,8136
670,4,4,0,0,0,0,0,0,0,0,0,100,100,100,0,0,0,0,100,100,100,100.000000,1600,5440,29.411765,10,10,10,10,116,316,0,16,100,5440,15040,0,0,0,0,116,300,0,0,0,290,8136
671,4,4,0,0,0,0,0,0,0,0,0,100,100,100,0,0,0,0,100,100,100,100.000000,1600,5440,29.411765,10,10,10,10,116,316,0,16,100,5440,15040,0,0,0,0,116,300,0,0,0,318,8136
672,4,4,0,0,0,0,0,0,0,0,0,100,100,100,0,0,0,0,100,100,100,100.000000,1600,5440,29.411765,10,10,10,10,116,316,0,16,100,5440,15040,0,0,0,0,116,300,0,0,0,291,8136
673,4,4,0,0,0,0,0,0,0,0,0,100,100,100,0,0,0,0,100,100,100,100.000000,1600,5440,29.411765,10,10,10,10,116,316,0,16,100,5440,15040,0,0,0,0,116,300,0,0,0,266,8136
674,4,4,0,0,0,0,0,0,0,0,0,100,100,100,0,0,0,0,100,100,100,100.000000,1600,5440,29.411765,10,10,10,10,116,316,0,16,100,5440,15040,0,0,0,0,116,300,0,0,0,267,8136
675,4,4,0,0,0,0,0,0,0,0,0,100,100,100,0,0,0,0,100,100,100,100.000000,1600,5440,29.411765,10,10,10,10,116,316,0,16,100,5440,15040,0,0,0,0,116,300,0,0,0,258,8136
676,4,4,0,0,0,0,0,0,0,0,0,100,100,100,0,0,0,0,100,100,100,100.000000,1600,5440,29.411765,10,10,10,10,116,316,0,16,100,5440,15040,0,0,0,0,116,300,0,0,0,271,8136
677,4,4,0,0,0,0,0,0,0,0,0,100,100,100,0,0,0,0,100,100,100,100.000000,1600,5440,29.411765,10,10,10,10,116,316,0,16,100,5440,15040,0,0,0,0,116,300,0,0,0,256,8136
678,4,4,0,0,0,0,0,0,0,0,0,100,100,100,0,0,0,0,100,100,100,100.000000,1600,5440,29.411765,10,10,10,10,116,316,0,16,100,5440,15040,0,0,0,0,116,300,0,0,0,257,8136
679,4,4,0,0,0,0,0,0,0,0,0,100,100,100,0,0,0,0,100,100,100,100.000000,1600,5440,29.411765,10,10,10,10,116,316,0,16,100,5440,15040,0,0,0,0,116,300,0,0,0,266,8136
680,4,4,0,0,0,0,0,0,0,0,0,100,100,100,0,0,0,0,100,100,100,100.000000,1600,5440,29.411765,10,10,10,10,116,316,0,16,100,5440,15040,0,0,0,0,116,300,0,0,0,285,8136
681,4,4,0,0,0,0,0,0,0,0,0,100,100,100,0,0,0,0,100,100,100,100.000000,1600,5440,29.411765,10,10,10,10,116,316,0,16,100,5440,15040,0,0,0,0,116,300,0,0,0,268,8136
682,4,4,0,0,0,0,0,0,0,0,0,100,100,100,0,0,0,0,100,100,100,100.000000,1600,5440,29.411765,10,10,10,10,116,316,0,16,100,5440,15040,0,0,0,0,116,300,0,0,0,262,8136
683,4,4,0,0,0,0,0,0,0,0,0,100,100,100,0,0,0,0,100,100,100,100.000000,1600,5440,29.411765,10,10,10,10,116,316,0,16,100,5440,15040,0,0,0,0,116,300,0,0,0,283,8136
684,4,4,0,0,0,0,0,0,0,0,0,100,100,100,0,0,0,0,100,100,100,100.000000,1600,5440,29.411765,10,10,10,10,116,316,0,16,100,5440,15040,0,0,0,0,116,300,0,0,0,263,8136
685,4,4,0,0,0,0,0,0,0,0,0,100,100,100,0,0,0,0,100,100,100,100.000000,1600,5440,29.411765,10,10,10,10,116,316,0,16,100,5440,15040,0,0,0,0,116,300,0,0,0,261,8136
686,4,4,0,0,0,0,0,0,0,0,0,100,100,100,0,0,0,0,100,100,100,100.000000,1600,5440,29.411765,10,10,10,10,116,316,0,16,100,5440,15040,0,0,0,0,116,300,0,0,0,262,8136
687,4,4,0,0,0,0,0,0,0,0,0,100,100,100,0,0,0,0,100,100,100,100.000000,1600,5440,29.411765,10,10,10,10,116,316,0,16,100,5440,15040,0,0,0,0,116,300,0,0,0,283,8136
688,4,4,0,0,0,0,0,0,0,0,0,100,100,100,0,0,0,0,100,100,100,100.000000,1600,5440,29.411765,10,10,10,10,116,316,0,16,100,5440,15040,0,0,0,0,116,300,0,0,0,288,8136
689,4,4,0,0,0,0,0,0,0,0,0,100,100,100,0,0,0,0,100,100,100,100.000000,1600,5440,29.411765,10,10,10,10,116,316,0,16,100,5440,15040,0,0,0,0,116,300,0,0,0,280,8136
690,4,4,0,0,0,0,0,0,0,0,0,100,100,100,0,0,0,0,100,100,100,100.000000,1600,5440,29.411765,10,10,10,10,116,316,0,16,100,5440,15040,0,0,0,0,116,300,0,0,0,265,8136
691,4,4,0,0,0,0,0,0,0,0,0,100,100,100,0,0,0,0,100,100,100,100.000000,1600,5440,29.411765,10,10,10,10,116,316,0,16,100,5440,15040,0,0,0,0,116,300,0,0,0,252,8136
692,4,4,0,0,0,0,0,0,0,0,0,100,100,100,0,0,0,0,100,100,100,100.000000,1600,5440,29.411765,10,10,10,10,116,316,0,16,100,5440,15040,0,0,0,0,116,300,0,0,0,257,8136
693,4,4,0,0,0,0,0,0,0,0,0,100,100,100,0,0,0,0,100,100,100,100.000000,1600,5440,29.411765,10,10,10,10,116,316,0,16,100,5440,15040,0,0,0,0,116,300,0,0,0,258,8136
694,4,4,0,0,0,0,0,0,0,0,0,100,100,100,0,0,0,0,100,100,100,100.000000,1600,5440,29.411765,10,10,10,10,116,316,0,16,100,5440,15040,0,0,0,0,116,300,0,0,0,261,8136
695,4,4,0,0,0,0,0,0,0,0,0,100,100,100,0,0,0,0,100,100,100,100.000000,1600,5440,29.411765,10,10,10,10,116,316,0,16,100,5440,15040,0,0,0,0,116,300,0,0,0,261,8136
696,4,4,0,0,0,0,0,0,0,0,0,100,100,100,0,0,0,0,100,100,100,100.000000,1600,5440,29.411765,10,10,10,10,116,316,0,16,100,5440,15040,0,0,0,0,116,300,0,0,0,288,8136
697,4,4,0,0,0,0,0,0,0,0,0,100,100,100,0,0,0,0,100,100,100,100.000000,1600,5440,29.411765,10,10,10,10,116,316,0,16,100,5440,15040,0,0,0,0,116,300,0,0,0,268,8136
698,4,4,0,0,0,0,0,0,0,0,0,100,100,100,0,0,0,0,100,100,100,100.000000,1600,5440,29.411765,10,10,10,10,116,316,0,16,100,5440,15040,0,0,0,0,116,300,0,0,0,276,8136
699,4,4,0,0,0,0,0,0,0,0,0,100,100,100,0,0,0,0,100,100,100,100.000000,1600,5440,29.411765,10,10,10,10,116,316,0,16,100,5440,15040,0,0,0,0,116,300,0,0,0,286,8136
700,4,4,0,0,0,0,0,0,0,0,0,100,100,100,0,0,0,0,100,100,100,100.000000,1600,5440,29.411765,10,10,10,10,116,316,0,16,100,5440,15040,0,0,0,0,116,300,0,0,0,272,8136
701,4,4,0,0,0,0,0,0,0,0,0,100,100,100,0,0,0,0,100,100,100,100.000000,1600,5440,29.411765,10,10,10,10,116,316,0,16,100,5440,15040,0,0,0,0,116,300,0,0,0,253,8136
702,4,4,0,0,0,0,0,0,0,0,0,100,100,100,0,0,0,0,100,100,100,100.000000,1600,5440,29.411765,10,10,10,10,116,316,0,16,100,5440,15040,0,0,0,0,116,300,0,0,0,268,8136
703,4,4,0,0,0,0,0,0,0,0,0,100,100,100,0,0,0,0,100,100,100,100.000000,1600,5440,29.411765,10,10,10,10,116,316,0,16,100,5440,15040,0,0,0,0,116,300,0,0,0,296,8136
704,4,4,0,0,0,0,0,0,0,0,0,100,100,100,0,0,0,0,100,100,100,100.000000,1600,5440,29.411765,10,10,10,10,116,316,0,16,100,5440,15040,0,0,0,0,116,300,0,0,0,290,8136
705,4,4,0,0,0,0,0,0,0,0,0,100,100,100,0,0,0,0,100,100,100,100.000000,1600,5440,29.411765,10,10,10,10,116,316,0,16,100,5440,15040,0,0,0,0,116,300,0,0,0,319,8136
706,4,4,0,0,0,0,0,0,0,0,0,100,100,100,0,0,0,0,100,100,100,100.000000,1600,5440,29.411765,10,10,10,10,116,316,0,16,100,5440,15040,0,0,0,0,116,300,0,0,0,284,8136
707,4,4,0,0,0,0,0,0,0,0,0,100,100,100,0,0,0,0,100,100,100,100.000000,1600,5440,29.411765,10,10,10,10,116,316,0,16,100,5440,15040,0,0,0,0,116,300,0,0,0,250,8136
708,4,4,0,0,0,0,0,0,0,0,0,100,100,100,0,0,0,0,100,100,100,100.000000,1600,5440,29.411765,10,10,10,10,116,316,0,16,100,5440,15040,0,0,0,0,116,300,0,0,0,280,8136
709,4,4,0,0,0,0,0,0,0,0,0,100,100,100,0,0,0,0,100,100,100,100.000000,1600,5440,29.411765,10,10,10,10,116,316,0,16,100,5440,15040,0,0,0,0,116,300,0,0,0,310,8136
710,4,4,0,0,0,0,0,0,0,0,0,100,100,100,0,0,0,0,100,100,100,100.000000,1600,5440,29.411765,10,10,10,10,116,316,0,16,100,5440,15040,0,0,0,0,116,300,0,0,0,271,8136
711,4,4,0,0,0,0,0,0,0,0,0,100,100,100,0,0,0,0,100,100,100,100.000000,1600,5440,29.411765,10,10,10,10,116,316,0,16,100,5440,15040,0,0,0,0,116,300,0,0,0,266,8136
712,4,4,0,0,0,0,0,0,0,0,0,100,100,100,0,0,0,0,100,100,100,100.000000,1600,5440,29.411765,10,10,10,10,116,316,0,16,100,5440,15040,0,0,0,0,116,300,0,0,0,303,8136
713,4,4,0,0,0,0,0,0,0,0,0,100,100,100,0,0,0,0,100,100,100,100.000000,1600,5440,29.411765,10,10,10,10,116,316,0,16,100,5440,15040,0,0,0,0,116,300,0,0,0,291,8136
714,4,4,0,0,0,0,0,0,0,0,0,100,100,100,0,0,0,0,100,100,100,100.000000,1600,5440,29.411765,10,10,10,10,116,316,0,16,100,5440,15040,0,0,0,0,116,300,0,0,0,269,8136
715,4,4,0,0,0,0,0,0,0,0,0,100,100,100,0,0,0,0,100,100,100,100.000000,1600,5440,29.411765,10,10,10,10,116,316,0,16,100,5440,15040,0,0,0,0,116,300,0,0,0,274,8136
716,4,4,0,0,0,0,0,0,0,0,0,100,100,100,0,0,0,0,100,100,100,100.000000,1600,5440,29.411765,10,10,10,10,116,316,0,16,100,5440,15040,0,0,0,0,116,300,0,0,0,269,8136
717,4,4,0,0,0,0,0,0,0,0,0,100,100,100,0,0,0,0,100,100,100,100.000000,1600,5440,29.411765,10,10,10,10,116,316,0,16,100,5440,15040,0,0,0,0,116,300,0,0,0,267,8136
718,4,4,0,0,0,0,0,0,0,0,0,100,100,100,0,0,0,0,100,100,100,100.000000,1600,5440,29.411765,10,10,10,10,116,316,0,16,100,5440,15040,0,0,0,0,116,300,0,0,0,281,8136
719,4,4,0,0,0,0,0,0,0,0,0,100,100,100,0,0,0,0,100,100,100,100.000000,1600,5440,29.411765,10,10,10,10,116,316,0,16,100,5440,15040,0,0,0,0,116,300,0,0,0,290,8136
720,4,4,0,0,0,0,0,0,0,0,0,100,100,100,0,0,0,0,100,100,100,100.000000,1600,5440,29.411765,10,10,10,10,116,316,0,16,100,5440,15040,0,0,0,0,116,300,0,0,0,303,8136
721,4,4,0,0,0,0,0,0,0,0,0,100,100,100,0,0,0,0,100,100,100,100.000000,1600,5440,29.411765,10,10,10,10,116,316,0,16,100,5440,15040,0,0,0,0,116,300,0,0,0,288,8136
722,4,4,0,0,0,0,0,0,0,0,0,100,100,100,0,0,0,0,100,100,100,100.000000,1600,5440,29.411765,10,10,10,10,116,316,0,16,100,5440,15040,0,0,0,0,116,300,0,0,0,275,8136
723,4,4,0,0,0,0,0,0,0,0,0,100,100,100,0,0,0,0,100,100,100,100.000000,1600,5440,29.411765,10,10,10,10,116,316,0,16,100,5440,15040,0,0,0,0,116,300,0,0,0,259,8136
724,4,4,0,0,0,0,0,0,0,0,0,100,100,100,0,0,0,0,100,100,100,100.000000,1600,5440,29.411765,10,10,10,10,116,316,0,16,100,5440,15040,0,0,0,0,116,300,0,0,0,267,8136
725,4,4,0,0,0,0,0,0,0,0,0,100,100,100,0,0,0,0,100,100,100,100.000000,1600,5440,29.411765,10,10,10,10,116,316,0,16,100,5440,15040,0,0,0,0,116,300,0,0,0,286,8136
726,4,4,0,0,0,0,0,0,0,0,0,100,100,100,0,0,0,0,100,100,100,100.000000,1600,5440,29.411765,10,10,10,10,116,316,0,16,100,5440,15040,0,0,0,0,116,300,0,0,0,277,8136
727,4,4,0,0,0,0,0,0,0,0,0,100,100,100,0,0,0,0,100,100,100,100.000000,1600,5440,29.411765,10,10,10,10,116,316,0,16,100,5440,15040,0,0,0,0,116,300,0,0,0,277,8136
728,4,4,0,0,0,0,0,0,0,0,0,100,100,100,0,0,0,0,100,100,100,100.000000,1600,5440,29.411765,10,10,10,10,116,316,0,16,100,5440,15040,0,0,0,0,116,300,0,0,0,291,8136
729,4,4,0,0,0,0,0,0,0,0,0,100,100,100,0,0,0,0,100,100,100,100.000000,1600,5440,29.411765,10,10,10,10,116,316,0,16,100,5440,15040,0,0,0,0,116,300,0,0,0,278,8136
730,4,4,0,0,0,0,0,0,0,0,0,100,100,100,0,0,0,0,100,100,100,100.000000,1600,5440,29.411765,10,10,10,10,116,316,0,16,100,5440,15040,0,0,0,0,116,300,0,0,0,266,8136
731,4,4,0,0,0,0,0,0,0,0,0,100,100,100,0,0,0,0,100,100,100,100.000000,1600,5440,29.411765,10,10,10,10,116,316,0,16,100,5440,15040,0,0,0,0,116,300,0,0,0,267,8136
732,4,4,0,0,0,0,0,0,0,0,0,100,100,100,0,0,0,0,100,100,100,100.000000,1600,5440,29.411765,10,10,10,10,116,316,0,16,100,5440,15040,0,0,0,0,116,300,0,0,0,280,8136
733,4,4,0,0,0,0,0,0,0,0,0,100,100,100,0,0,0,0,100,100,100,100.000000,1600,5440,29.411765,10,10,10,10,116,316,0,16,100,5440,15040,0,0,0,0,116,300,0,0,0,276,8136
734,4,4,0,0,0,0,0,0,0,0,0,100,100,100,0,0,0,0,100,100,100,100.000000,1600,5440,29.411765,10,10,10,10,116,316,0,16,100,5440,15040,0,0,0,0,116,300,0,0,0,284,8136
735,4,4,0,0,0,0,0,0,0,0,0,100,100,100,0,0,0,0,100,100,100,100.000000,1600,5440,29.411765,10,10,10,10,116,316,0,16,100,5440,15040,0,0,0,0,116,300,0,0,0,304,8136
736,4,4,0,0,0,0,0,0,0,0,0,100,100,100,0,0,0,0,100,100,100,100.000000,1600,5440,29.411765,10,10,10,10,116,316,0,16,100,5440,15040,0,0,0,0,116,300,0,0,0,293,8136
737,4,4,0,0,0,0,0,0,0,0,0,100,100,100,0,0,0,0,100,100,100,100.000000,1600,5440,29.411765,10,10,10,10,116,316,0,16,100,5440,15040,0,0,0,0,116,300,0,0,0,293,8136
738,4,4,0,0,0,0,0,0,0,0,0,100,100,100,0,0,0,0,100,100,100,100.000000,1600,5440,29.411765,10,10,10,10,116,316,0,16,100,5440,15040,0,0,0,0,116,300,0,0,0,260,8136
739,4,4,0,0,0,0,0,0,0,0,0,100,100,100,0,0,0,0,100,100,100,100.000000,1600,5440,29.411765,10,10,10,10,116,316,0,16,100,5440,15040,0,0,0,0,116,300,0,0,0,269,8136
740,4,4,0,0,0,0,0,0,0,0,0,100,100,100,0,0,0,0,100,100,100,100.000000,1600,5440,29.411765,10,10,10,10,116,316,0,16,100,5440,15040,0,0,0,0,116,300,0,0,0,267,8136
741,4,4,0,0,0,0,0,0,0,0,0,100,100,100,0,0,0,0,100,100,100,100.000000,1600,5440,29.411765,10,10,10,10,116,316,0,16,100,5440,15040,0,0,0,0,116,300,0,0,0,264,8136
742,4,4,0,0,0,0,0,0,0,0,0,100,100,100,0,0,0,0,100,100,100,100.000000,1600,5440,29.411765,10,10,10,10,116,316,0,16,100,5440,15040,0,0,0,0,116,300,0,0,0,261,8136
743,4,4,0,0,0,0,0,0,0,0,0,100,100,100,0,0,0,0,100,100,100,100.000000,1600,5440,29.411765,10,10,10,10,116,316,0,16,100,5440,15040,0,0,0,0,116,300,0,0,0,268,8136
744,4,4,0,0,0,0,0,0,0,0,0,100,100,100,0,0,0,0,100,100,100,100.000000,1600,5440,29.411765,10,10,10,10,116,316,0,16,100,5440,15040,0,0,0,0,116,300,0,0,0,286,8136
745,4,4,0,0,0,0,0,0,0,0,0,100,100,100,0,0,0,0,100,100,100,100.000000,1600,5440,29.411765,10,10,10,10,116,316,0,16,100,5440,15040,0,0,0,0,116,300,0,0,0,286,8136
746,4,4,0,0,0,0,0,0,0,0,0,100,100,100,0,0,0,0,100,100,100,100.000000,1600,5440,29.411765,10,10,10,10,116,316,0,16,100,5440,15040,0,0,0,0,116,300,0,0,0,277,8136
747,4,4,0,0,0,0,0,0,0,0,0,100,100,100,0,0,0,0,100,100,100,100.000000,1600,5440,29.411765,10,10,10,10,116,316,0,16,100,5440,15040,0,0,0,0,116,300,0,0,0,257,8136
748,4,4,0,0,0,0,0,0,0,0,0,100,100,100,0,0,0,0,100,100,100,100.000000,1600,5440,29.411765,10,10,10,10,116,316,0,16,100,5440,15040,0,0,0,0,116,300,0,0,0,262,8136
749,4,4,0,0,0,0,0,0,0,0,0,100,100,100,0,0,0,0,100,100,100,100.000000,1600,5440,29.411765,10,10,10,10,116,316,0,16,100,5440,15040,0,0,0,0,116,300,0,0,0,269,8136
750,4,4,0,0,0,0,0,0,0,0,0,100,100,100,0,0,0,0,100,100,100,100.000000,1600,5440,29.411765,10,10,10,10,116,316,0,16,100,5440,15040,0,0,0,0,116,300,0,0,0,269,8136
751,4,4,0,0,0,0,0,0,0,0,0,100,100,100,0,0,0,0,100,100,100,100.000000,1600,5440,29.411765,10,10,10,10,116,316,0,16,100,5440,15040,0,0,0,0,116,300,0,0,0,269,8136
752,4,4,0,0,0,0,0,0,0,0,0,100,100,100,0,0,0,0,100,100,100,100.000000,1600,5440,29.411765,10,10,10,10,116,316,0,16,100,5440,15040,0,0,0,0,116,300,0,0,0,276,8136
753,4,4,0,0,0,0,0,0,0,0,0,100,100,100,0,0,0,0,100,100,100,100.000000,1600,5440,29.411765,10,10,10,10,116,316,0,16,100,5440,15040,0,0,0,0,116,300,0,0,0,285,8136
754,4,4,0,0,0,0,0,0,0,0,0,100,100,100,0,0,0,0,100,100,100,100.000000,1600,5440,29.411765,10,10,10,10,116,316,0,16,100,5440,15040,0,0,0,0,116,300,0,0,0,277,8136
755,4,4,0,0,0,0,0,0,0,0,0,100,100,100,0,0,0,0,100,100,100,100.000000,1600,5440,29.411765,10,10,10,10,116,316,0,16,100,5440,15040,0,0,0,0,116,300,0,0,0,260,8136
756,4,4,0,0,0,0,0,0,0,0,0,100,100,100,0,0,0,0,100,100,100,100.000000,1600,5440,29.411765,10,10,10,10,116,316,0,16,100,5440,15040,0,0,0,0,116,300,0,0,0,274,8136
757,4,4,0,0,0,0,0,0,0,0,0,100,100,100,0,0,0,0,100,100,100,100.000000,1600,5440,29.411765,10,10,10,10,116,316,0,16,100,5440,15040,0,0,0,0,116,300,0,0,0,264,8136
758,4,4,0,0,0,0,0,0,0,0,0,100,100,100,0,0,0,0,100,100,100,100.000000,1600,5440,29.411765,10,10,10,10,116,316,0,16,100,5440,15040,0,0,0,0,116,300,0,0,0,267,8136
759,4,4,0,0,0,0,0,0,0,0,0,100,100,100,0,0,0,0,100,100,100,100.000000,1600,5440,29.411765,10,10,10,10,116,316,0,16,100,5440,15040,0,0,0,0,116,300,0,0,0,267,8136
760,4,4,0,0,0,0,0,0,0,0,0,100,100,100,0,0,0,0,100,100,100,100.000000,1600,5440,29.411765,10,10,10,10,116,316,0,16,100,5440,15040,0,0,0,0,116,300,0,0,0,289,8136
761,4,4,0,0,0,0,0,0,0,0,0,100,100,100,0,0,0,0,100,100,100,100.000000,1600,5440,29.411765,10,10,10,10,116,316,0,16,100,5440,15040,0,0,0,0,116,300,0,0,0,306,8136
762,4,4,0,0,0,0,0,0,0,0,0,100,100,100,0,0,0,0,100,100,100,100.000000,1600,5440,29.411765,10,10,10,10,116,316,0,16,100,5440,15040,0,0,0,0,116,300,0,0,0,262,8136
763,4,4,0,0,0,0,0,0,0,0,0,100,100,100,0,0,0,0,100,100,100,100.000000,1600,5440,29.411765,10,10,10,10,116,316,0,16,100,5440,15040,0,0,0,0,116,300,0,0,0,303,8136
764,4,4,0,0,0,0,0,0,0,0,0,100,100,100,0,0,0,0,100,100,100,100.000000,1600,5440,29.411765,10,10,10,10,116,316,0,16,100,5440,15040,0,0,0,0,116,300,0,0,0,268,8136
765,4,4,0,0,0,0,0,0,0,0,0,100,100,100,0,0,0,0,100,100,100,100.000000,1600,5440,29.411765,10,10,10,10,116,316,0,16,100,5440,15040,0,0,0,0,116,300,0,0,0,271,8136
766,4,4,0,0,0,0,0,0,0,0,0,100,100,100,0,0,0,0,100,100,100,100.000000,1600,5440,29.411765,10,10,10,10,116,316,0,16,100,5440,15040,0,0,0,0,116,300,0,0,0,273,8136
767,4,4,0,0,0,0,0,0,0,0,0,100,100,100,0,0,0,0,100,100,100,100.000000,1600,5440,29.411765,10,10,10,10,116,316,0,16,100,5440,15040,0,0,0,0,116,300,0,0,0,262,8136
768,4,4,0,0,0,0,0,0,0,0,0,100,100,100,0,0,0,0,100,100,100,100.000000,1600,5440,29.411765,10,10,10,10,116,316,0,16,100,5440,15040,0,0,0,0,116,300,0,0,0,292,8136
769,4,4,0,0,0,0,0,0,0,0,0,100,100,100,0,0,0,0,100,100,100,100.000000,1600,5440,29.411765,10,10,10,10,116,316,0,16,100,5440,15040,0,0,0,0,116,300,0,0,0,293,8136
770,4,4,0,0,0,0,0,0,0,0,0,100,100,100,0,0,0,0,100,100,100,100.000000,1600,5440,29.411765,10,10,10,10,116,316,0,16,100,5440,15040,0,0,0,0,116,300,0,0,0,287,8136
771,4,4,0,0,0,0,0,0,0,0,0,100,100,100,0,0,0,0,100,100,100,100.000000,1600,5440,29.411765,10,10,10,10,116,316,0,16,100,5440,15040,0,0,0,0,116,300,0,0,0,329,8136
772,4,4,0,0,0,0,0,0,0,0,0,100,100,100,0,0,0,0,100,100,100,100.000000,1600,5440,29.411765,10,10,10,10,116,316,0,16,100,5440,15040,0,0,0,0,116,300,0,0,0,283,8136
773,4,4,0,0,0,0,0,0,0,0,0,100,100,100,0,0,0,0,100,100,100,100.000000,1600,5440,29.411765,10,10,10,10,116,316,0,16,100,5440,15040,0,0,0,0,116,300,0,0,0,273,8136
774,4,4,0,0,0,0,0,0,0,0,0,100,100,100,0,0,0,0,100,100,100,100.000000,1600,5440,29.411765,10,10,10,10,116,316,0,16,100,5440,15040,0,0,0,0,116,300,0,0,0,265,8136
775,4,4,0,0,0,0,0,0,0,0,0,100,100,100,0,0,0,0,100,100,100,100.000000,1600,5440,29.411765,10,10,10,10,116,316,0,16,100,5440,15040,0,0,0,0,116,300,0,0,0,282,8136
776,4,4,0,0,0,0,0,0,0,0,0,100,100,100,0,0,0,0,100,100,100,100.000000,1600,5440,29.411765,10,10,10,10,116,316,0,16,100,5440,15040,0,0,0,0,116,300,0,0,0,299,8136
777,4,4,0,0,0,0,0,0,0,0,0,100,100,100,0,0,0,0,100,100,100,100.000000,1600,5440,29.411765,10,10,10,10,116,316,0,16,100,5440,15040,0,0,0,0,116,300,0,0,0,292,8136
778,4,4,0,0,0,0,0,0,0,0,0,100,100,100,0,0,0,0,100,100,100,100.000000,1600,5440,29.411765,10,10,10,10,116,316,0,16,100,5440,15040,0,0,0,0,116,300,0,0,0,279,8136
779,4,4,0,0,0,0,0,0,0,0,0,100,100,100,0,0,0,0,100,100,100,100.000000,1600,5440,29.411765,10,10,10,10,116,316,0,16,100,5440,15040,0,0,0,0,116,300,0,0,0,268,8136
780,4,4,0,0,0,0,0,0,0,0,0,100,100,100,0,0,0,0,100,100,100,100.000000,1600,5440,29.411765,10,10,10,10,116,316,0,16,100,5440,15040,0,0,0,0,116,300,0,0,0,267,8136
781,4,4,0,0,0,0,0,0,0,0,0,100,100,100,0,0,0,0,100,100,100,100.000000,1600,5440,29.411765,10,10,10,10,116,316,0,16,100,5440,15040,0,0,0,0,116,300,0,0,0,274,8136
782,4,4,0,0,0,0,0,0,0,0,0,100,100,100,0,0,0,0,100,100,100,100.000000,1600,5440,29.411765,10,10,10,10,116,316,0,16,100,5440,15040,0,0,0,0,116,300,0,0,0,272,8136
783,4,4,0,0,0,0,0,0,0,0,0,100,100,100,0,0,0,0,100,100,100,100.000000,1600,5440,29.411765,10,10,10,10,116,316,0,16,100,5440,15040,0,0,0,0,116,300,0,0,0,270,8136
784,4,4,0,0,0,0,0,0,0,0,0,100,100,100,0,0,0,0,100,100,100,100.000000,1600,5440,29.411765,10,10,10,10,116,316,0,16,100,5440,15040,0,0,0,0,116,300,0,0,0,287,8136
785,4,4,0,0,0,0,0,0,0,0,0,100,100,100,0,0,0,0,100,100,100,100.000000,1600,5440,29.411765,10,10,10,10,116,316,0,16,100,5440,15040,0,0,0,0,116,300,0,0,0,298,8136
786,4,4,0,0,0,0,0,0,0,0,0,100,100,100,0,0,0,0,100,100,100,100.000000,1600,5440,29.411765,10,10,10,10,116,316,0,16,100,5440,15040,0,0,0,0,116,300,0,0,0,263,8136
787,4,4,0,0,0,0,0,0,0,0,0,100,100,100,0,0,0,0,100,100,100,100.000000,1600,5440,29.411765,10,10,10,10,116,316,0,16,100,5440,15040,0,0,0,0,116,300,0,0,0,258,8136
788,4,4,0,0,0,0,0,0,0,0,0,100,100,100,0,0,0,0,100,100,100,100.000000,1600,5440,29.411765,10,10,10,10,116,316,0,16,100,5440,15040,0,0,0,0,116,300,0,0,0,263,8136
789,4,4,0,0,0,0,0,0,0,0,0,100,100,100,0,0,0,0,100,100,100,100.000000,1600,5440,29.411765,10,10,10,10,116,316,0,16,100,5440,15040,0,0,0,0,116,300,0,0,0,268,8136
790,4,4,0,0,0,0,0,0,0,0,0,100,100,100,0,0,0,0,100,100,100,100.000000,1600,5440,29.411765,10,10,10,10,116,316,0,16,100,5440,15040,0,0,0,0,116,300,0,0,0,694,8136
791,4,4,0,0,0,0,0,0,0,0,0,100,100,100,0,0,0,0,100,100,100,100.000000,1600,5440,29.411765,10,10,10,10,116,316,0,16,100,5440,15040,0,0,0,0,116,300,0,0,0,268,8136
792,4,4,0,0,0,0,0,0,0,0,0,100,100,100,0,0,0,0,100,100,100,100.000000,1600,5440,29.411765,10,10,10,10,116,316,0,16,100,5440,15040,0,0,0,0,116,300,0,0,0,289,8136
793,4,4,0,0,0,0,0,0,0,0,0,100,100,100,0,0,0,0,100,100,100,100.000000,1600,5440,29.411765,10,10,10,10,116,316,0,16,100,5440,15040,0,0,0,0,116,300,0,0,0,286,8136
794,4,4,0,0,0,0,0,0,0,0,0,100,100,100,0,0,0,0,100,100,100,100.000000,1600,5440,29.411765,10,10,10,10,116,316,0,16,100,5440,15040,0,0,0,0,116,300,0,0,0,271,8136
795,4,4,0,0,0,0,0,0,0,0,0,100,100,100,0,0,0,0,100,100,100,100.000000,1600,5440,29.411765,10,10,10,10,116,316,0,16,100,5440,15040,0,0,0,0,116,300,0,0,0,269,8136
796,4,4,0,0,0,0,0,0,0,0,0,100,100,100,0,0,0,0,100,100,100,100.000000,1600,5440,29.411765,10,10,10,10,116,316,0,16,100,5440,15040,0,0,0,0,116,300,0,0,0,277,8136
797,4,4,0,0,0,0,0,0,0,0,0,100,100,100,0,0,0,0,100,100,100,100.000000,1600,5440,29.411765,10,10,10,10,116,316,0,16,100,5440,15040,0,0,0,0,116,300,0,0,0,278,8136
798,4,4,0,0,0,0,0,0,0,0,0,100,100,100,0,0,0,0,100,100,100,100.000000,1600,5440,29.411765,10,10,10,10,116,316,0,16,100,5440,15040,0,0,0,0,116,300,0,0,0,275,8136
799,4,4,0,0,0,0,0,0,0,0,0,100,100,100,0,0,0,0,100,100,100,100.000000,1600,5440,29.411765,10,10,10,10,116,316,0,16,100,5440,15040,0,0,0,0,116,300,0,0,0,269,8136
800,4,4,0,0,0,0,0,0,0,0,0,100,100,100,0,0,0,0,100,100,100,100.000000,1600,5440,29.411765,10,10,10,10,116,316,0,16,100,5440,15040,0,0,0,0,116,300,0,0,0,300,8136
801,4,4,0,0,0,0,0,0,0,0,0,100,100,100,0,0,0,0,100,100,100,100.000000,1600,5440,29.411765,10,10,10,10,116,316,0,16,100,5440,15040,0,0,0,0,116,300,0,0,0,290,8136
802,4,4,0,0,0,0,0,0,0,0,0,100,100,100,0,0,0,0,100,100,100,100.000000,1600,5440,29.411765,10,10,10,10,116,316,0,16,100,5440,15040,0,0,0,0,116,300,0,0,0,283,8136
803,4,4,0,0,0,0,0,0,0,0,0,100,100,100,0,0,0,0,100,100,100,100.000000,1600,5440,29.411765,10,10,10,10,116,316,0,16,100,5440,15040,0,0,0,0,116,300,0,0,0,262,8136
804,4,4,0,0,0,0,0,0,0,0,0,100,100,100,0,0,0,0,100,100,100,100.000000,1600,5440,29.411765,10,10,10,10,116,316,0,16,100,5440,15040,0,0,0,0,116,300,0,0,0,270,8136
805,4,4,0,0,0,0,0,0,0,0,0,100,100,100,0,0,0,0,100,100,100,100.000000,1600,5440,29.411765,10,10,10,10,116,316,0,16,100,5440,15040,0,0,0,0,116,300,0,0,0,283,8136
806,4,4,0,0,0,0,0,0,0,0,0,100,100,100,0,0,0,0,100,100,100,100.000000,1600,5440,29.411765,10,10,10,10,116,316,0,16,100,5440,15040,0,0,0,0,116,300,0,0,0,277,8136
807,4,4,0,0,0,0,0,0,0,0,0,100,100,100,0,0,0,0,100,100,100,100.000000,1600,5440,29.411765,10,10,10,10,116,316,0,16,100,5440,15040,0,0,0,0,116,300,0,0,0,459,8136
808,4,4,0,0,0,0,0,0,0,0,0,100,100,100,0,0,0,0,100,100,100,100.000000,1600,5440,29.411765,10,10,10,10,116,316,0,16,100,5440,15040,0,0,0,0,116,300,0,0,0,283,8136
809,4,4,0,0,0,0,0,0,0,0,0,100,100,100,0,0,0,0,100,100,100,100.000000,1600,5440,29.411765,10,10,10,10,116,316,0,16,100,5440,15040,0,0,0,0,116,300,0,0,0,306,8136
810,4,4,0,0,0,0,0,0,0,0,0,100,100,100,0,0,0,0,100,100,100,100.000000,1600,5440,29.411765,10,10,10,10,116,316,0,16,100,5440,15040,0,0,0,0,116,300,0,0,0,284,8136
811,4,4,0,0,0,0,0,0,0,0,0,100,100,100,0,0,0,0,100,100,100,100.000000,1600,5440,29.411765,10,10,10,10,116,316,0,16,100,5440,15040,0,0,0,0,116,300,0,0,0,285,8136
812,4,4,0,0,0,0,0,0,0,0,0,100,100,100,0,0,0,0,100,100,100,100.000000,1600,5440,29.411765,10,10,10,10,116,316,0,16,100,5440,15040,0,0,0,0,116,300,0,0,0,267,8136
813,4,4,0,0,0,0,0,0,0,0,0,100,100,100,0,0,0,0,100,100,100,100.000000,1600,5440,29.411765,10,10,10,10,116,316,0,16,100,5440,15040,0,0,0,0,116,300,0,0,0,439,8136
814,4,4,0,0,0,0,0,0,0,0,0,100,100,100,0,0,0,0,100,100,100,100.000000,1600,5440,29.411765,10,10,10,10,116,316,0,16,100,5440,15040,0,0,0,0,116,300,0,0,0,273,8136
815,4,4,0,0,0,0,0,0,0,0,0,100,100,100,0,0,0,0,100,100,100,100.000000,1600,5440,29.411765,10,10,10,10,116,316,0,16,100,5440,15040,0,0,0,0,116,300,0,0,0,285,8136
816,4,4,0,0,0,0,0,0,0,0,0,100,100,100,0,0,0,0,100,100,100,100.000000,1600,5440,29.411765,10,10,10,10,116,316,0,16,100,5440,15040,0,0,0,0,116,300,0,0,0,317,8136
817,4,4,0,0,0,0,0,0,0,0,0,100,100,100,0,0,0,0,100,100,100,100.000000,1600,5440,29.411765,10,10,10,10,116,316,0,16,100,5440,15040,0,0,0,0,116,300,0,0,0,285,8136
818,4,4,0,0,0,0,0,0,0,0,0,100,100,100,0,0,0,0,100,100,100,100.000000,1600,5440,29.411765,10,10,10,10,116,316,0,16,100,5440,15040,0,0,0,0,116,300,0,0,0,299,8136
819,4,4,0,0,0,0,0,0,0,0,0,100,100,100,0,0,0,0,100,100,100,100.000000,1600,5440,29.411765,10,10,10,10,116,316,0,16,100,5440,15040,0,0,0,0,116,300,0,0,0,274,8136
820,4,4,0,0,0,0,0,0,0,0,0,100,100,100,0,0,0,0,100,100,100,100.000000,1600,5440,29.411765,10,10,10,10,116,316,0,16,100,5440,15040,0,0,0,0,116,300,0,0,0,283,8136
821,4,4,0,0,0,0,0,0,0,0,0,100,100,100,0,0,0,0,100,100,100,100.000000,1600,5440,29.411765,10,10,10,10,116,316,0,16,100,5440,15040,0,0,0,0,116,300,0,0,0,275,8136
822,4,4,0,0,0,0,0,0,0,0,0,100,100,100,0,0,0,0,100,100,100,100.000000,1600,5440,29.411765,10,10,10,10,116,316,0,16,100,5440,15040,0,0,0,0,116,300,0,0,0,277,8136
823,4,4,0,0,0,0,0,0,0,0,0,100,100,100,0,0,0,0,100,100,100,100.000000,1600,5440,29.411765,10,10,10,10,116,316,0,16,100,5440,15040,0,0,0,0,116,300,0,0,0,284,8136
824,4,4,0,0,0,0,0,0,0,0,0,100,100,100,0,0,0,0,100,100,100,100.000000,1600,5440,29.411765,10,10,10,10,116,316,0,16,100,5440,15040,0,0,0,0,116,300,0,0,0,304,8136
825,4,4,0,0,0,0,0,0,0,0,0,100,100,100,0,0,0,0,100,100,100,100.000000,1600,5440,29.411765,10,10,10,10,116,316,0,16,100,5440,15040,0,0,0,0,116,300,0,0,0,274,8136
826,4,4,0,0,0,0,0,0,0,0,0,100,100,100,0,0,0,0,100,100,100,100.000000,1600,5440,29.411765,10,10,10,10,116,316,0,16,100,5440,15040,0,0,0,0,116,300,0,0,0,270,8136
827,4,4,0,0,0,0,0,0,0,0,0,100,100,100,0,0,0,0,100,100,100,100.000000,1600,5440,29.411765,10,10,10,10,116,316,0,16,100,5440,15040,0,0,0,0,116,300,0,0,0,281,8136
828,4,4,0,0,0,0,0,0,0,0,0,100,100,100,0,0,0,0,100,100,100,100.000000,1600,5440,29.411765,10,10,10,10,116,316,0,16,100,5440,15040,0,0,0,0,116,300,0,0,0,279,8136
829,4,4,0,0,0,0,0,0,0,0,0,100,100,100,0,0,0,0,100,100,100,100.000000,1600,5440,29.411765,10,10,10,10,116,316,0,16,100,5440,15040,0,0,0,0,116,300,0,0,0,273,8136
830,4,4,0,0,0,0,0,0,0,0,0,100,100,100,0,0,0,0,100,100,100,100.000000,1600,5440,29.411765,10,10,10,10,116,316,0,16,100,5440,15040,0,0,0,0,116,300,0,0,0,278,8136
831,4,4,0,0,0,0,0,0,0,0,0,100,100,100,0,0,0,0,100,100,100,100.000000,1600,5440,29.411765,10,10,10,10,116,316,0,16,100,5440,15040,0,0,0,0,116,300,0,0,0,284,8136
832,4,4,0,0,0,0,0,0,0,0,0,100,100,100,0,0,0,0,100,100,100,100.000000,1600,5440,29.411765,10,10,10,10,116,316,0,16,100,5440,15040,0,0,0,0,116,300,0,0,0,297,8136
833,4,4,0,0,0,0,0,0,0,0,0,100,100,100,0,0,0,0,100,100,100,100.000000,1600,5440,29.411765,10,10,10,10,116,316,0,16,100,5440,15040,0,0,0,0,116,300,0,0,0,285,8136
834,4,4,0,0,0,0,0,0,0,0,0,100,100,100,0,0,0,0,100,100,100,100.000000,1600,5440,29.411765,10,10,10,10,116,316,0,16,100,5440,15040,0,0,0,0,116,300,0,0,0,263,8136
835,4,4,0,0,0,0,0,0,0,0,0,100,100,100,0,0,0,0,100,100,100,100.000000,1600,5440,29.411765,10,10,10,10,116,316,0,16,100,5440,15040,0,0,0,0,116,300,0,0,0,263,8136
836,4,4,0,0,0,0,0,0,0,0,0,100,100,100,0,0,0,0,100,100,100,100.000000,1600,5440,29.411765,10,10,10,10,116,316,0,16,100,5440,15040,0,0,0,0,116,300,0,0,0,277,8136
837,4,4,0,0,0,0,0,0,0,0,0,100,100,100,0,0,0,0,100,100,100,100.000000,1600,5440,29.411765,10,10,10,10,116,316,0,16,100,5440,15040,0,0,0,0,116,300,0,0,0,268,8136
838,4,4,0,0,0,0,0,0,0,0,0,100,100,100,0,0,0,0,100,100,100,100.000000,1600,5440,29.411765,10,10,10,10,116,316,0,16,100,5440,15040,0,0,0,0,116,300,0,0,0,267,8136
839,4,4,0,0,0,0,0,0,0,0,0,100,100,100,0,0,0,0,100,100,100,100.000000,1600,5440,29.411765,10,10,10,10,116,316,0,16,100,5440,15040,0,0,0,0,116,300,0,0,0,275,8136
840,4,4,0,0,0,0,0,0,0,0,0,100,100,100,0,0,0,0,100,100,100,100.000000,1600,5440,29.411765,10,10,10,10,116,316,0,16,100,5440,15040,0,0,0,0,116,300,0,0,0,291,8136
841,4,4,0,0,0,0,0,0,0,0,0,100,100,100,0,0,0,0,100,100,100,100.000000,1600,5440,29.411765,10,10,10,10,116,316,0,16,100,5440,15040,0,0,0,0,116,300,0,0,0,293,8136
842,4,4,0,0,0,0,0,0,0,0,0,100,100,100,0,0,0,0,100,100,100,100.000000,1600,5440,29.411765,10,10,10,10,116,316,0,16,100,5440,15040,0,0,0,0,116,300,0,0,0,265,8136
843,4,4,0,0,0,0,0,0,0,0,0,100,100,100,0,0,0,0,100,100,100,100.000000,1600,5440,29.411765,10,10,10,10,116,316,0,16,100,5440,15040,0,0,0,0,116,300,0,0,0,314,8136
844,4,4,0,0,0,0,0,0,0,0,0,100,100,100,0,0,0,0,100,100,100,100.000000,1600,5440,29.411765,10,10,10,10,116,316,0,16,100,5440,15040,0,0,0,0,116,300,0,0,0,269,8136
845,4,4,0,0,0,0,0,0,0,0,0,100,100,100,0,0,0,0,100,100,100,100.000000,1600,5440,29.411765,10,10,10,10,116,316,0,16,100,5440,15040,0,0,0,0,116,300,0,0,0,288,8136
846,4,4,0,0,0,0,0,0,0,0,0,100,100,100,0,0,0,0,100,100,100,100.000000,1600,5440,29.411765,10,10,10,10,116,316,0,16,100,5440,15040,0,0,0,0,116,300,0,0,0,290,8136
847,4,4,0,0,0,0,0,0,0,0,0,100,100,100,0,0,0,0,100,100,100,100.000000,1600,5440,29.411765,10,10,10,10,116,316,0,16,100,5440,15040,0,0,0,0,116,300,0,0,0,296,8136
848,4,4,0,0,0,0,0,0,0,0,0,100,100,100,0,0,0,0,100,100,100,100.000000,1600,5440,29.411765,10,10,10,10,116,316,0,16,100,5440,15040,0,0,0,0,116,300,0,0,0,300,8136
849,4,4,0,0,0,0,0,0,0,0,0,100,100,100,0,0,0,0,100,100,100,100.000000,1600,5440,29.411765,10,10,10,10,116,316,0,16,100,5440,15040,0,0,0,0,116,300,0,0,0,279,8136
850,4,4,0,0,0,0,0,0,0,0,0,100,100,100,0,0,0,0,100,100,100,100.000000,1600,5440,29.411765,10,10,10,10,116,316,0,16,100,5440,15040,0,0,0,0,116,300,0,0,0,275,8136
851,4,4,0,0,0,0,0,0,0,0,0,100,100,100,0,0,0,0,100,100,100,100.000000,1600,5440,29.411765,10,10,10,10,116,316,0,16,100,5440,15040,0,0,0,0,116,300,0,0,0,260,8136
852,4,4,0,0,0,0,0,0,0,0,0,100,100,100,0,0,0,0,100,100,100,100.000000,1600,5440,29.411765,10,10,10,10,116,316,0,16,100,5440,15040,0,0,0,0,116,300,0,0,0,283,8136
853,4,4,0,0,0,0,0,0,0,0,0,100,100,100,0,0,0,0,100,100,100,100.000000,1600,5440,29.411765,10,10,10,10,116,316,0,16,100,5440,15040,0,0,0,0,116,300,0,0,0,275,8136
854,4,4,0,0,0,0,0,0,0,0,0,100,100,100,0,0,0,0,100,100,100,100.000000,1600,5440,29.411765,10,10,10,10,116,316,0,16,100,5440,15040,0,0,0,0,116,300,0,0,0,270,8136
855,4,4,0,0,0,0,0,0,0,0,0,100,100,100,0,0,0,0,100,100,100,100.000000,1600,5440,29.411765,10,10,10,10,116,316,0,16,100,5440,15040,0,0,0,0,116,300,0,0,0,266,8136
856,4,4,0,0,0,0,0,0,0,0,0,100,100,100,0,0,0,0,100,100,100,100.000000,1600,5440,29.411765,10,10,10,10,116,316,0,16,100,5440,15040,0,0,0,0,116,300,0,0,0,283,8136
857,4,4,0,0,0,0,0,0,0,0,0,100,100,100,0,0,0,0,100,100,100,100.000000,1600,5440,29.411765,10,10,10,10,116,316,0,16,100,5440,15040,0,0,0,0,116,300,0,0,0,278,8136
858,4,4,0,0,0,0,0,0,0,0,0,100,100,100,0,0,0,0,100,100,100,100.000000,1600,5440,29.411765,10,10,10,10,116,316,0,16,100,5440,15040,0,0,0,0,116,300,0,0,0,287,8136
859,4,4,0,0,0,0,0,0,0,0,0,100,100,100,0,0,0,0,100,100,100,100.000000,1600,5440,29.411765,10,10,10,10,116,316,0,16,100,5440,15040,0,0,0,0,116,300,0,0,0,264,8136
860,4,4,0,0,0,0,0,0,0,0,0,100,100,100,0,0,0,0,100,100,100,100.000000,1600,5440,29.411765,10,10,10,10,116,316,0,16,100,5440,15040,0,0,0,0,116,300,0,0,0,276,8136
861,4,4,0,0,0,0,0,0,0,0,0,100,100,100,0,0,0,0,100,100,100,100.000000,1600,5440,29.411765,10,10,10,10,116,316,0,16,100,5440,15040,0,0,0,0,116,300,0,0,0,495,8136
862,4,4,0,0,0,0,0,0,0,0,0,100,100,100,0,0,0,0,100,100,100,100.000000,1600,5440,29.411765,10,10,10,10,116,316,0,16,100,5440,15040,0,0,0,0,116,300,0,0,0,281,8136
863,4,4,0,0,0,0,0,0,0,0,0,100,100,100,0,0,0,0,100,100,100,100.000000,1600,5440,29.411765,10,10,10,10,116,316,0,16,100,5440,15040,0,0,0,0,116,300,0,0,0,285,8136
864,4,4,0,0,0,0,0,0,0,0,0,100,100,100,0,0,0,0,100,100,100,100.000000,1600,5440,29.411765,10,10,10,10,116,316,0,16,100,5440,15040,0,0,0,0,116,300,0,0,0,384,8136
865,4,4,0,0,0,0,0,0,0,0,0,100,100,100,0,0,0,0,100,100,100,100.000000,1600,5440,29.411765,10,10,10,10,116,316,0,16,100,5440,15040,0,0,0,0,116,300,0,0,0,287,8136
866,4,4,0,0,0,0,0,0,0,0,0,100,100,100,0,0,0,0,100,100,100,100.000000,1600,5440,29.411765,10,10,10,10,116,316,0,16,100,5440,15040,0,0,0,0,116,300,0,0,0,275,8136
867,4,4,0,0,0,0,0,0,0,0,0,100,100,100,0,0,0,0,100,100,100,100.000000,1600,5440,29.411765,10,10,10,10,116,316,0,16,100,5440,15040,0,0,0,0,116,300,0,0,0,276,8136
868,4,4,0,0,0,0,0,0,0,0,0,100,100,100,0,0,0,0,100,100,100,100.000000,1600,5440,29.411765,10,10,10,10,116,316,0,16,100,5440,15040,0,0,0,0,116,300,0,0,0,274,8136
869,4,4,0,0,0,0,0,0,0,0,0,100,100,100,0,0,0,0,100,100,100,100.000000,1600,5440,29.411765,10,10,10,10,116,316,0,16,100,5440,15040,0,0,0,0,116,300,0,0,0,278,8136
870,4,4,0,0,0,0,0,0,0,0,0,100,100,100,0,0,0,0,100,100,100,100.000000,1600,5440,29.411765,10,10,10,10,116,316,0,16,100,5440,15040,0,0,0,0,116,300,0,0,0,275,8136
871,4,4,0,0,0,0,0,0,0,0,0,100,100,100,0,0,0,0,100,100,100,100.000000,1600,5440,29.411765,10,10,10,10,116,316,0,16,100,5440,15040,0,0,0,0,116,300,0,0,0,288,8136
872,4,4,0,0,0,0,0,0,0,0,0,100,100,100,0,0,0,0,100,100,100,100.000000,1600,5440,29.411765,10,10,10,10,116,316,0,16,100,5440,15040,0,0,0,0,116,300,0,0,0,289,8136
873,4,4,0,0,0,0,0,0,0,0,0,100,100,100,0,0,0,0,100,100,100,100.000000,1600,5440,29.411765,10,10,10,10,116,316,0,16,100,5440,15040,0,0,0,0,116,300,0,0,0,274,8136
874,4,4,0,0,0,0,0,0,0,0,0,100,100,100,0,0,0,0,100,100,100,100.000000,1600,5440,29.411765,10,10,10,10,116,316,0,16,100,5440,15040,0,0,0,0,116,300,0,0,0,274,8136
875,4,4,0,0,0,0,0,0,0,0,0,100,100,100,0,0,0,0,100,100,100,100.000000,1600,5440,29.411765,10,10,10,10,116,316,0,16,100,5440,15040,0,0,0,0,116,300,0,0,0,263,8136
876,4,4,0,0,0,0,0,0,0,0,0,100,100,100,0,0,0,0,100,100,100,100.000000,1600,5440,29.411765,10,10,10,10,116,316,0,16,100,5440,15040,0,0,0,0,116,300,0,0,0,278,8136
877,4,4,0,0,0,0,0,0,0,0,0,100,100,100,0,0,0,0,100,100,100,100.000000,1600,5440,29.411765,10,10,10,10,116,316,0,16,100,5440,15040,0,0,0,0,116,300,0,0,0,276,8136
878,4,4,0,0,0,0,0,0,0,0,0,100,100,100,0,0,0,0,100,100,100,100.000000,1600,5440,29.411765,10,10,10,10,116,316,0,16,100,5440,15040,0,0,0,0,116,300,0,0,0,281,8136
879,4,4,0,0,0,0,0,0,0,0,0,100,100,100,0,0,0,0,100,100,100,100.000000,1600,5440,29.411765,10,10,10,10,116,316,0,16,100,5440,15040,0,0,0,0,116,300,0,0,0,272,8136
880,4,4,0,0,0,0,0,0,0,0,0,100,100,100,0,0,0,0,100,100,100,100.000000,1600,5440,29.411765,10,10,10,10,116,316,0,16,100,5440,15040,0,0,0,0,116,300,0,0,0,291,8136
881,4,4,0,0,0,0,0,0,0,0,0,100,100,100,0,0,0,0,100,100,100,100.000000,1600,5440,29.411765,10,10,10,10,116,316,0,16,100,5440,15040,0,0,0,0,116,300,0,0,0,322,8136
882,4,4,0,0,0,0,0,0,0,0,0,100,100,100,0,0,0,0,100,100,100,100.000000,1600,5440,29.411765,10,10,10,10,116,316,0,16,100,5440,15040,0,0,0,0,116,300,0,0,0,265,8136
883,4,4,0,0,0,0,0,0,0,0,0,100,100,100,0,0,0,0,100,100,100,100.000000,1600,5440,29.411765,10,10,10,10,116,316,0,16,100,5440,15040,0,0,0,0,116,300,0,0,0,253,8136
884,4,4,0,0,0,0,0,0,0,0,0,100,100,100,0,0,0,0,100,100,100,100.000000,1600,5440,29.411765,10,10,10,10,116,316,0,16,100,5440,15040,0,0,0,0,116,300,0,0,0,281,8136
885,4,4,0,0,0,0,0,0,0,0,0,100,100,100,0,0,0,0,100,100,100,100.000000,1600,5440,29.411765,10,10,10,10,116,316,0,16,100,5440,15040,0,0,0,0,116,300,0,0,0,276,8136
886,4,4,0,0,0,0,0,0,0,0,0,100,100,100,0,0,0,0,100,100,100,100.000000,1600,5440,29.411765,10,10,10,10,116,316,0,16,100,5440,15040,0,0,0,0,116,300,0,0,0,268,8136
887,4,4,0,0,0,0,0,0,0,0,0,100,100,100,0,0,0,0,100,100,100,100.000000,1600,5440,29.411765,10,10,10,10,116,316,0,16,100,5440,15040,0,0,0,0,116,300,0,0,0,261,8136
888,4,4,0,0,0,0,0,0,0,0,0,100,100,100,0,0,0,0,100,100,100,100.000000,1600,5440,29.411765,10,10,10,10,116,316,0,16,100,5440,15040,0,0,0,0,116,300,0,0,0,303,8136
889,4,4,0,0,0,0,0,0,0,0,0,100,100,100,0,0,0,0,100,100,100,100.000000,1600,5440,29.411765,10,10,10,10,116,316,0,16,100,5440,15040,0,0,0,0,116,300,0,0,0,280,8136
890,4,4,0,0,0,0,0,0,0,0,0,100,100,100,0,0,0,0,100,100,100,100.000000,1600,5440,29.411765,10,10,10,10,116,316,0,16,100,5440,15040,0,0,0,0,116,300,0,0,0,266,8136
891,4,4,0,0,0,0,0,0,0,0,0,100,100,100,0,0,0,0,100,100,100,100.000000,1600,5440,29.411765,10,10,10,10,116,316,0,16,100,5440,15040,0,0,0,0,116,300,0,0,0,265,8136
892,4,4,0,0,0,0,0,0,0,0,0,100,100,100,0,0,0,0,100,100,100,100.000000,1600,5440,29.411765,10,10,10,10,116,316,0,16,100,5440,15040,0,0,0,0,116,300,0,0,0,264,8136
893,4,4,0,0,0,0,0,0,0,0,0,100,100,100,0,0,0,0,100,100,100,100.000000,1600,5440,29.411765,10,10,10,10,116,316,0,16,100,5440,15040,0,0,0,0,116,300,0,0,0,260,8136
894,4,4,0,0,0,0,0,0,0,0,0,100,100,100,0,0,0,0,100,100,100,100.000000,1600,5440,29.411765,10,10,10,10,116,316,0,16,100,5440,15040,0,0,0,0,116,300,0,0,0,261,8136
895,4,4,0,0,0,0,0,0,0,0,0,100,100,100,0,0,0,0,100,100,100,100.000000,1600,5440,29.411765,10,10,10,10,116,316,0,16,100,5440,15040,0,0,0,0,116,300,0,0,0,267,8136
896,4,4,0,0,0,0,0,0,0,0,0,100,100,100,0,0,0,0,100,100,100,100.000000,1600,5440,29.411765,10,10,10,10,116,316,0,16,100,5440,15040,0,0,0,0,116,300,0,0,0,323,8136
897,4,4,0,0,0,0,0,0,0,0,0,100,100,100,0,0,0,0,100,100,100,100.000000,1600,5440,29.411765,10,10,10,10,116,316,0,16,100,5440,15040,0,0,0,0,116,300,0,0,0,280,8136
898,4,4,0,0,0,0,0,0,0,0,0,100,100,100,0,0,0,0,100,100,100,100.000000,1600,5440,29.411765,10,10,10,10,116,316,0,16,100,5440,15040,0,0,0,0,116,300,0,0,0,271,8136
899,4,4,0,0,0,0,0,0,0,0,0,100,100,100,0,0,0,0,100,100,100,100.000000,1600,5440,29.411765,10,10,10,10,116,316,0,16,100,5440,15040,0,0,0,0,116,300,0,0,0,273,8136
900,4,4,0,0,0,0,0,0,0,0,0,100,100,100,0,0,0,0,100,100,100,100.000000,1600,5440,29.411765,10,10,10,10,116,316,0,16,100,5440,15040,0,0,0,0,116,300,0,0,0,305,8136
901,4,4,0,0,0,0,0,0,0,0,0,100,100,100,0,0,0,0,100,100,100,100.000000,1600,5440,29.411765,10,10,10,10,116,316,0,16,100,5440,15040,0,0,0,0,116,300,0,0,0,279,8136
902,4,4,0,0,0,0,0,0,0,0,0,100,100,100,0,0,0,0,100,100,100,100.000000,1600,5440,29.411765,10,10,10,10,116,316,0,16,100,5440,15040,0,0,0,0,116,300,0,0,0,273,8136
903,4,4,0,0,0,0,0,0,0,0,0,100,100,100,0,0,0,0,100,100,100,100.000000,1600,5440,29.411765,10,10,10,10,116,316,0,16,100,5440,15040,0,0,0,0,116,300,0,0,0,278,8136
904,4,4,0,0,0,0,0,0,0,0,0,100,100,100,0,0,0,0,100,100,100,100.000000,1600,5440,29.411765,10,10,10,10,116,316,0,16,100,5440,15040,0,0,0,0,116,300,0,0,0,296,8136
905,4,4,0,0,0,0,0,0,0,0,0,100,100,100,0,0,0,0,100,100,100,100.000000,1600,5440,29.411765,10,10,10,10,116,316,0,16,100,5440,15040,0,0,0,0,116,300,0,0,0,287,8136
906,4,4,0,0,0,0,0,0,0,0,0,100,100,100,0,0,0,0,100,100,100,100.000000,1600,5440,29.411765,10,10,10,10,116,316,0,16,100,5440,15040,0,0,0,0,116,300,0,0,0,276,8136
907,4,4,0,0,0,0,0,0,0,0,0,100,100,100,0,0,0,0,100,100,100,100.000000,1600,5440,29.411765,10,10,10,10,116,316,0,16,100,5440,15040,0,0,0,0,116,300,0,0,0,267,8136
908,4,4,0,0,0,0,0,0,0,0,0,100,100,100,0,0,0,0,100,100,100,100.000000,1600,5440,29.411765,10,10,10,10,116,316,0,16,100,5440,15040,0,0,0,0,116,300,0,0,0,276,8136
909,4,4,0,0,0,0,0,0,0,0,0,100,100,100,0,0,0,0,100,100,100,100.000000,1600,5440,29.411765,10,10,10,10,116,316,0,16,100,5440,15040,0,0,0,0,116,300,0,0,0,263,8136
910,4,4,0,0,0,0,0,0,0,0,0,100,100,100,0,0,0,0,100,100,100,100.000000,1600,5440,29.411765,10,10,10,10,116,316,0,16,100,5440,15040,0,0,0,0,116,300,0,0,0,274,8136
911,4,4,0,0,0,0,0,0,0,0,0,100,100,100,0,0,0,0,100,100,100,100.000000,1600,5440,29.411765,10,10,10,10,116,316,0,16,100,5440,15040,0,0,0,0,116,300,0,0,0,270,8136
912,4,4,0,0,0,0,0,0,0,0,0,100,100,100,0,0,0,0,100,100,100,100.000000,1600,5440,29.411765,10,10,10,10,116,316,0,16,100,5440,15040,0,0,0,0,116,300,0,0,0,288,8136
913,4,4,0,0,0,0,0,0,0,0,0,100,100,100,0,0,0,0,100,100,100,100.000000,1600,5440,29.411765,10,10,10,10,116,316,0,16,100,5440,15040,0,0,0,0,116,300,0,0,0,278,8136
914,4,4,0,0,0,0,0,0,0,0,0,100,100,100,0,0,0,0,100,100,100,100.000000,1600,5440,29.411765,10,10,10,10,116,316,0,16,100,5440,15040,0,0,0,0,116,300,0,0,0,265,8136
915,4,4,0,0,0,0,0,0,0,0,0,100,100,100,0,0,0,0,100,100,100,100.000000,1600,5440,29.411765,10,10,10,10,116,316,0,16,100,5440,15040,0,0,0,0,116,300,0,0,0,258,8136
916,4,4,0,0,0,0,0,0,0,0,0,100,100,100,0,0,0,0,100,100,100,100.000000,1600,5440,29.411765,10,10,10,10,116,316,0,16,100,5440,15040,0,0,0,0,116,300,0,0,0,262,8136
917,4,4,0,0,0,0,0,0,0,0,0,100,100,100,0,0,0,0,100,100,100,100.000000,1600,5440,29.411765,10,10,10,10,116,316,0,16,100,5440,15040,0,0,0,0,116,300,0,0,0,264,8136
918,4,4,0,0,0,0,0,0,0,0,0,100,100,100,0,0,0,0,100,100,100,100.000000,1600,5440,29.411765,10,10,10,10,116,316,0,16,100,5440,15040,0,0,0,0,116,300,0,0,0,265,8136
919,4,4,0,0,0,0,0,0,0,0,0,100,100,100,0,0,0,0,100,100,100,100.000000,1600,5440,29.411765,10,10,10,10,116,316,0,16,100,5440,15040,0,0,0,0,116,300,0,0,0,271,8136
920,4,4,0,0,0,0,0,0,0,0,0,100,100,100,0,0,0,0,100,100,100,100.000000,1600,5440,29.411765,10,10,10,10,116,316,0,16,100,5440,15040,0,0,0,0,116,300,0,0,0,274,8136
921,4,4,0,0,0,0,0,0,0,0,0,100,100,100,0,0,0,0,100,100,100,100.000000,1600,5440,29.411765,10,10,10,10,116,316,0,16,100,5440,15040,0,0,0,0,116,300,0,0,0,275,8136
922,4,4,0,0,0,0,0,0,0,0,0,100,100,100,0,0,0,0,100,100,100,100.000000,1600,5440,29.411765,10,10,10,10,116,316,0,16,100,5440,15040,0,0,0,0,116,300,0,0,0,274,8136
923,4,4,0,0,0,0,0,0,0,0,0,100,100,100,0,0,0,0,100,100,100,100.000000,1600,5440,29.411765,10,10,10,10,116,316,0,16,100,5440,15040,0,0,0,0,116,300,0,0,0,261,8136
924,4,4,0,0,0,0,0,0,0,0,0,100,100,100,0,0,0,0,100,100,100,100.000000,1600,5440,29.411765,10,10,10,10,116,316,0,16,100,5440,15040,0,0,0,0,116,300,0,0,0,259,8136
925,4,4,0,0,0,0,0,0,0,0,0,100,100,100,0,0,0,0,100,100,100,100.000000,1600,5440,29.411765,10,10,10,10,116,316,0,16,100,5440,15040,0,0,0,0,116,300,0,0,0,257,8136
926,4,4,0,0,0,0,0,0,0,0,0,100,100,100,0,0,0,0,100,100,100,100.000000,1600,5440,29.411765,10,10,10,10,116,316,0,16,100,5440,15040,0,0,0,0,116,300,0,0,0,259,8136
927,4,4,0,0,0,0,0,0,0,0,0,100,100,100,0,0,0,0,100,100,100,100.000000,1600,5440,29.411765,10,10,10,10,116,316,0,16,100,5440,15040,0,0,0,0,116,300,0,0,0,262,8136
928,4,4,0,0,0,0,0,0,0,0,0,100,100,100,0,0,0,0,100,100,100,100.000000,1600,5440,29.411765,10,10,10,10,116,316,0,16,100,5440,15040,0,0,0,0,116,300,0,0,0,283,8136
929,4,4,0,0,0,0,0,0,0,0,0,100,100,100,0,0,0,0,100,100,100,100.000000,1600,5440,29.411765,10,10,10,10,116,316,0,16,100,5440,15040,0,0,0,0,116,300,0,0,0,271,8136
930,4,4,0,0,0,0,0,0,0,0,0,100,100,100,0,0,0,0,100,100,100,100.000000,1600,5440,29.411765,10,10,10,10,116,316,0,16,100,5440,15040,0,0,0,0,116,300,0,0,0,270,8136
931,4,4,0,0,0,0,0,0,0,0,0,100,100,100,0,0,0,0,100,100,100,100.000000,1600,5440,29.411765,10,10,10,10,116,316,0,16,100,5440,15040,0,0,0,0,116,300,0,0,0,269,8136
932,4,4,0,0,0,0,0,0,0,0,0,100,100,100,0,0,0,0,100,100,100,100.000000,1600,5440,29.411765,10,10,10,10,116,316,0,16,100,5440,15040,0,0,0,0,116,300,0,0,0,275,8136
933,4,4,0,0,0,0,0,0,0,0,0,100,100,100,0,0,0,0,100,100,100,100.000000,1600,5440,29.411765,10,10,10,10,116,316,0,16,100,5440,15040,0,0,0,0,116,300,0,0,0,272,8136
934,4,4,0,0,0,0,0,0,0,0,0,100,100,100,0,0,0,0,100,100,100,100.000000,1600,5440,29.411765,10,10,10,10,116,316,0,16,100,5440,15040,0,0,0,0,116,300,0,0,0,270,8136
935,4,4,0,0,0,0,0,0,0,0,0,100,100,100,0,0,0,0,100,100,100,100.000000,1600,5440,29.411765,10,10,10,10,116,316,0,16,100,5440,15040,0,0,0,0,116,300,0,0,0,270,8136
936,4,4,0,0,0,0,0,0,0,0,0,100,100,100,0,0,0,0,100,100,100,100.000000,1600,5440,29.411765,10,10,10,10,116,316,0,16,100,5440,15040,0,0,0,0,116,300,0,0,0,283,8136
937,4,4,0,0,0,0,0,0,0,0,0,100,100,100,0,0,0,0,100,100,100,100.000000,1600,5440,29.411765,10,10,10,10,116,316,0,16,100,5440,15040,0,0,0,0,116,300,0,0,0,274,8136
938,4,4,0,0,0,0,0,0,0,0,0,100,100,100,0,0,0,0,100,100,100,100.000000,1600,5440,29.411765,10,10,10,10,116,316,0,16,100,5440,15040,0,0,0,0,116,300,0,0,0,266,8136
939,4,4,0,0,0,0,0,0,0,0,0,100,100,100,0,0,0,0,100,100,100,100.000000,1600,5440,29.411765,10,10,10,10,116,316,0,16,100,5440,15040,0,0,0,0,116,300,0,0,0,265,8136
940,4,4,0,0,0,0,0,0,0,0,0,100,100,100,0,0,0,0,100,100,100,100.000000,1600,5440,29.411765,10,10,10,10,116,316,0,16,100,5440,15040,0,0,0,0,116,300,0,0,0,277,8136
941,4,4,0,0,0,0,0,0,0,0,0,100,100,100,0,0,0,0,100,100,100,100.000000,1600,5440,29.411765,10,10,10,10,116,316,0,16,100,5440,15040,0,0,0,0,116,300,0,0,0,254,8136
942,4,4,0,0,0,0,0,0,0,0,0,100,100,100,0,0,0,0,100,100,100,100.000000,1600,5440,29.411765,10,10,10,10,116,316,0,16,100,5440,15040,0,0,0,0,116,300,0,0,0,261,8136
943,4,4,0,0,0,0,0,0,0,0,0,100,100,100,0,0,0,0,100,100,100,100.000000,1600,5440,29.411765,10,10,10,10,116,316,0,16,100,5440,15040,0,0,0,0,116,300,0,0,0,263,8136
944,4,4,0,0,0,0,0,0,0,0,0,100,100,100,0,0,0,0,100,100,100,100.000000,1600,5440,29.411765,10,10,10,10,116,316,0,16,100,5440,15040,0,0,0,0,116,300,0,0,0,289,8136
945,4,4,0,0,0,0,0,0,0,0,0,100,100,100,0,0,0,0,100,100,100,100.000000,1600,5440,29.411765,10,10,10,10,116,316,0,16,100,5440,15040,0,0,0,0,116,300,0,0,0,278,8136
946,4,4,0,0,0,0,0,0,0,0,0,100,100,100,0,0,0,0,100,100,100,100.000000,1600,5440,29.411765,10,10,10,10,116,316,0,16,100,5440,15040,0,0,0,0,116,300,0,0,0,262,8136
947,4,4,0,0,0,0,0,0,0,0,0,100,100,100,0,0,0,0,100,100,100,100.000000,1600,5440,29.411765,10,10,10,10,116,316,0,16,100,5440,15040,0,0,0,0,116,300,0,0,0,261,8136
948,4,4,0,0,0,0,0,0,0,0,0,100,100,100,0,0,0,0,100,100,100,100.000000,1600,5440,29.411765,10,10,10,10,116,316,0,16,100,5440,15040,0,0,0,0,116,300,0,0,0,264,8136
949,4,4,0,0,0,0,0,0,0,0,0,100,100,100,0,0,0,0,100,100,100,100.000000,1600,5440,29.411765,10,10,10,10,116,316,0,16,100,5440,15040,0,0,0,0,116,300,0,0,0,296,8136
950,4,4,0,0,0,0,0,0,0,0,0,100,100,100,0,0,0,0,100,100,100,100.000000,1600,5440,29.411765,10,10,10,10,116,316,0,16,100,5440,15040,0,0,0,0,116,300,0,0,0,264,8136
951,4,4,0,0,0,0,0,0,0,0,0,100,100,100,0,0,0,0,100,100,100,100.000000,1600,5440,29.411765,10,10,10,10,116,316,0,16,100,5440,15040,0,0,0,0,116,300,0,0,0,275,8136
952,4,4,0,0,0,0,0,0,0,0,0,100,100,100,0,0,0,0,100,100,100,100.000000,1600,5440,29.411765,10,10,10,10,116,316,0,16,100,5440,15040,0,0,0,0,116,300,0,0,0,290,8136
953,4,4,0,0,0,0,0,0,0,0,0,100,100,100,0,0,0,0,100,100,100,100.000000,1600,5440,29.411765,10,10,10,10,116,316,0,16,100,5440,15040,0,0,0,0,116,300,0,0,0,282,8136
954,4,4,0,0,0,0,0,0,0,0,0,100,100,100,0,0,0,0,100,100,100,100.000000,1600,5440,29.411765,10,10,10,10,116,316,0,16,100,5440,15040,0,0,0,0,116,300,0,0,0,288,8136
955,4,4,0,0,0,0,0,0,0,0,0,100,100,100,0,0,0,0,100,100,100,100.000000,1600,5440,29.411765,10,10,10,10,116,316,0,16,100,5440,15040,0,0,0,0,116,300,0,0,0,278,8136
956,4,4,0,0,0,0,0,0,0,0,0,100,100,100,0,0,0,0,100,100,100,100.000000,1600,5440,29.411765,10,10,10,10,116,316,0,16,100,5440,15040,0,0,0,0,116,300,0,0,0,325,8136
957,4,4,0,0,0,0,0,0,0,0,0,100,100,100,0,0,0,0,100,100,100,100.000000,1600,5440,29.411765,10,10,10,10,116,316,0,16,100,5440,15040,0,0,0,0,116,300,0,0,0,297,8136
958,4,4,0,0,0,0,0,0,0,0,0,100,100,100,0,0,0,0,100,100,100,100.000000,1600,5440,29.411765,10,10,10,10,116,316,0,16,100,5440,15040,0,0,0,0,116,300,0,0,0,273,8136
959,4,4,0,0,0,0,0,0,0,0,0,100,100,100,0,0,0,0,100,100,100,100.000000,1600,5440,29.411765,10,10,10,10,116,316,0,16,100,5440,15040,0,0,0,0,116,300,0,0,0,275,8136
960,4,4,0,0,0,0,0,0,0,0,0,100,100,100,0,0,0,0,100,100,100,100.000000,1600,5440,29.411765,10,10,10,10,116,316,0,16,100,5440,15040,0,0,0,0,116,300,0,0,0,314,8136
961,4,4,0,0,0,0,0,0,0,0,0,100,100,100,0,0,0,0,100,100,100,100.000000,1600,5440,29.411765,10,10,10,10,116,316,0,16,100,5440,15040,0,0,0,0,116,300,0,0,0,295,8136
962,4,4,0,0,0,0,0,0,0,0,0,100,100,100,0,0,0,0,100,100,100,100.000000,1600,5440,29.411765,10,10,10,10,116,316,0,16,100,5440,15040,0,0,0,0,116,300,0,0,0,289,8136
963,4,4,0,0,0,0,0,0,0,0,0,100,100,100,0,0,0,0,100,100,100,100.000000,1600,5440,29.411765,10,10,10,10,116,316,0,16,100,5440,15040,0,0,0,0,116,300,0,0,0,273,8136
964,4,4,0,0,0,0,0,0,0,0,0,100,100,100,0,0,0,0,100,100,100,100.000000,1600,5440,29.411765,10,10,10,10,116,316,0,16,100,5440,15040,0,0,0,0,116,300,0,0,0,314,8136
965,4,4,0,0,0,0,0,0,0,0,0,100,100,100,0,0,0,0,100,100,100,100.000000,1600,5440,29.411765,10,10,10,10,116,316,0,16,100,5440,15040,0,0,0,0,116,300,0,0,0,306,8136
966,4,4,0,0,0,0,0,0,0,0,0,100,100,100,0,0,0,0,100,100,100,100.000000,1600,5440,29.411765,10,10,10,10,116,316,0,16,100,5440,15040,0,0,0,0,116,300,0,0,0,276,8136
967,4,4,0,0,0,0,0,0,0,0,0,100,100,100,0,0,0,0,100,100,100,100.000000,1600,5440,29.411765,10,10,10,10,116,316,0,16,100,5440,15040,0,0,0,0,116,300,0,0,0,285,8136
968,4,4,0,0,0,0,0,0,0,0,0,100,100,100,0,0,0,0,100,100,100,100.000000,1600,5440,29.411765,10,10,10,10,116,316,0,16,100,5440,15040,0,0,0,0,116,300,0,0,0,295,8136
969,4,4,0,0,0,0,0,0,0,0,0,100,100,100,0,0,0,0,100,100,100,100.000000,1600,5440,29.411765,10,10,10,10,116,316,0,16,100,5440,15040,0,0,0,0,116,300,0,0,0,275,8136
970,4,4,0,0,0,0,0,0,0,0,0,100,100,100,0,0,0,0,100,100,100,100.000000,1600,5440,29.411765,10,10,10,10,116,316,0,16,100,5440,15040,0,0,0,0,116,300,0,0,0,303,8136
971,4,4,0,0,0,0,0,0,0,0,0,100,100,100,0,0,0,0,100,100,100,100.000000,1600,5440,29.411765,10,10,10,10,116,316,0,16,100,5440,15040,0,0,0,0,116,300,0,0,0,269,8136
972,4,4,0,0,0,0,0,0,0,0,0,100,100,100,0,0,0,0,100,100,100,100.000000,1600,5440,29.411765,10,10,10,10,116,316,0,16,100,5440,15040,0,0,0,0,116,300,0,0,0,301,8136
973,4,4,0,0,0,0,0,0,0,0,0,100,100,100,0,0,0,0,100,100,100,100.000000,1600,5440,29.411765,10,10,10,10,116,316,0,16,100,5440,15040,0,0,0,0,116,300,0,0,0,274,8136
974,4,4,0,0,0,0,0,0,0,0,0,100,100,100,0,0,0,0,100,100,100,100.000000,1600,5440,29.411765,10,10,10,10,116,316,0,16,100,5440,15040,0,0,0,0,116,300,0,0,0,293,8136
975,4,4,0,0,0,0,0,0,0,0,0,100,100,100,0,0,0,0,100,100,100,100.000000,1600,5440,29.411765,10,10,10,10,116,316,0,16,100,5440,15040,0,0,0,0,116,300,0,0,0,282,8136
976,4,4,0,0,0,0,0,0,0,0,0,100,100,100,0,0,0,0,100,100,100,100.000000,1600,5440,29.411765,10,10,10,10,116,316,0,16,100,5440,15040,0,0,0,0,116,300,0,0,0,291,8136
977,4,4,0,0,0,0,0,0,0,0,0,100,100,100,0,0,0,0,100,100,100,100.000000,1600,5440,29.411765,10,10,10,10,116,316,0,16,100,5440,15040,0,0,0,0,116,300,0,0,0,292,8136
978,4,4,0,0,0,0,0,0,0,0,0,100,100,100,0,0,0,0,100,100,100,100.000000,1600,5440,29.411765,10,10,10,10,116,316,0,16,100,5440,15040,0,0,0,0,116,300,0,0,0,279,8136
979,4,4,0,0,0,0,0,0,0,0,0,100,100,100,0,0,0,0,100,100,100,100.000000,1600,5440,29.411765,10,10,10,10,116,316,0,16,100,5440,15040,0,0,0,0,116,300,0,0,0,270,8136
980,4,4,0,0,0,0,0,0,0,0,0,100,100,100,0,0,0,0,100,100,100,100.000000,1600,5440,29.411765,10,10,10,10,116,316,0,16,100,5440,15040,0,0,0,0,116,300,0,0,0,265,8136
981,4,4,0,0,0,0,0,0,0,0,0,100,100,100,0,0,0,0,100,100,100,100.000000,1600,5440,29.411765,10,10,10,10,116,316,0,16,100,5440,15040,0,0,0,0,116,300,0,0,0,277,8136
982,4,4,0,0,0,0,0,0,0,0,0,100,100,100,0,0,0,0,100,100,100,100.000000,1600,5440,29.411765,10,10,10,10,116,316,0,16,100,5440,15040,0,0,0,0,116,300,0,0,0,275,8136
983,4,4,0,0,0,0,0,0,0,0,0,100,100,100,0,0,0,0,100,100,100,100.000000,1600,5440,29.411765,10,10,10,10,116,316,0,16,100,5440,15040,0,0,0,0,116,300,0,0,0,283,8136
984,4,4,0,0,0,0,0,0,0,0,0,100,100,100,0,0,0,0,100,100,100,100.000000,1600,5440,29.411765,10,10,10,10,116,316,0,16,100,5440,15040,0,0,0,0,116,300,0,0,0,307,8136
985,4,4,0,0,0,0,0,0,0,0,0,100,100,100,0,0,0,0,100,100,100,100.000000,1600,5440,29.411765,10,10,10,10,116,316,0,16,100,5440,15040,0,0,0,0,116,300,0,0,0,297,8136
986,4,4,0,0,0,0,0,0,0,0,0,100,100,100,0,0,0,0,100,100,100,100.000000,1600,5440,29.411765,10,10,10,10,116,316,0,16,100,5440,15040,0,0,0,0,116,300,0,0,0,292,8136
987,4,4,0,0,0,0,0,0,0,0,0,100,100,100,0,0,0,0,100,100,100,100.000000,1600,5440,29.411765,10,10,10,10,116,316,0,16,100,5440,15040,0,0,0,0,116,300,0,0,0,268,8136
988,4,4,0,0,0,0,0,0,0,0,0,100,100,100,0,0,0,0,100,100,100,100.000000,1600,5440,29.411765,10,10,10,10,116,316,0,16,100,5440,15040,0,0,0,0,116,300,0,0,0,267,8136
989,4,4,0,0,0,0,0,0,0,0,0,100,100,100,0,0,0,0,100,100,100,100.000000,1600,5440,29.411765,10,10,10,10,116,316,0,16,100,5440,15040,0,0,0,0,116,300,0,0,0,261,8136
990,4,4,0,0,0,0,0,0,0,0,0,100,100,100,0,0,0,0,100,100,100,100.000000,1600,5440,29.411765,10,10,10,10,116,316,0,16,100,5440,15040,0,0,0,0,116,300,0,0,0,273,8136
991,4,4,0,0,0,0,0,0,0,0,0,100,100,100,0,0,0,0,100,100,100,100.000000,1600,5440,29.411765,10,10,10,10,116,316,0,16,100,5440,15040,0,0,0,0,116,300,0,0,0,271,8136
992,4,4,0,0,0,0,0,0,0,0,0,100,100,100,0,0,0,0,100,100,100,100.000000,1600,5440,29.411765,10,10,10,10,116,316,0,16,100,5440,15040,0,0,0,0,116,300,0,0,0,292,8136
993,4,4,0,0,0,0,0,0,0,0,0,100,100,100,0,0,0,0,100,100,100,100.000000,1600,5440,29.411765,10,10,10,10,116,316,0,16,100,5440,15040,0,0,0,0,116,300,0,0,0,276,8136
994,4,4,0,0,0,0,0,0,0,0,0,100,100,100,0,0,0,0,100,100,100,100.000000,1600,5440,29.411765,10,10,10,10,116,316,0,16,100,5440,15040,0,0,0,0,116,300,0,0,0,268,8136
995,4,4,0,0,0,0,0,0,0,0,0,100,100,100,0,0,0,0,100,100,100,100.000000,1600,5440,29.411765,10,10,10,10,116,316,0,16,100,5440,15040,0,0,0,0,116,300,0,0,0,263,8136
996,4,4,0,0,0,0,0,0,0,0,0,100,100,100,0,0,0,0,100,100,100,100.000000,1600,5440,29.411765,10,10,10,10,116,316,0,16,100,5440,15040,0,0,0,0,116,300,0,0,0,269,8136
997,4,4,0,0,0,0,0,0,0,0,0,100,100,100,0,0,0,0,100,100,100,100.000000,1600,5440,29.411765,10,10,10,10,116,316,0,16,100,5440,15040,0,0,0,0,116,300,0,0,0,266,8136
998,4,4,0,0,0,0,0,0,0,0,0,100,100,100,0,0,0,0,100,100,100,100.000000,1600,5440,29.411765,10,10,10,10,116,316,0,16,100,5440,15040,0,0,0,0,116,300,0,0,0,272,8136
999,4,4,0,0,0,0,0,0,0,0,0,100,100,100,0,0,0,0,100,100,100,100.000000,1600,5440,29.411765,10,10,10,10,116,316,0,16,100,5440,15040,0,0,0,0,116,300,0,0,0,266,8136
1000,4,4,0,0,0,0,0,0,0,0,0,100,100,100,0,0,0,0,100,100,100,100.000000,1600,5440,29.411765,10,10,10,10,116,316,0,16,100,5440,15040,0,0,0,0,116,300,0,0,0,281,8136
1001,4,4,0,0,0,0,0,0,0,0,0,100,100,100,0,0,0,0,100,100,100,100.000000,1600,5440,29.411765,10,10,10,10,116,316,0,16,100,5440,15040,0,0,0,0,116,300,0,0,0,271,8136
1002,4,4,0,0,0,0,0,0,0,0,0,100,100,100,0,0,0,0,100,100,100,100.000000,1600,5440,29.411765,10,10,10,10,116,316,0,16,100,5440,15040,0,0,0,0,116,300,0,0,0,280,8136
1003,4,4,0,0,0,0,0,0,0,0,0,100,100,100,0,0,0,0,100,100,100,100.000000,1600,5440,29.411765,10,10,10,10,116,316,0,16,100,5440,15040,0,0,0,0,116,300,0,0,0,264,8136
1004,4,4,0,0,0,0,0,0,0,0,0,100,100,100,0,0,0,0,100,100,100,100.000000,1600,5440,29.411765,10,10,10,10,116,316,0,16,100,5440,15040,0,0,0,0,116,300,0,0,0,303,8136
1005,4,4,0,0,0,0,0,0,0,0,0,100,100,100,0,0,0,0,100,100,100,100.000000,1600,5440,29.411765,10,10,10,10,116,316,0,16,100,5440,15040,0,0,0,0,116,300,0,0,0,282,8136
1006,4,4,0,0,0,0,0,0,0,0,0,100,100,100,0,0,0,0,100,100,100,100.000000,1600,5440,29.411765,10,10,10,10,116,316,0,16,100,5440,15040,0,0,0,0,116,300,0,0,0,272,8136
1007,4,4,0,0,0,0,0,0,0,0,0,100,100,100,0,0,0,0,100,100,100,100.000000,1600,5440,29.411765,10,10,10,10,116,316,0,16,100,5440,15040,0,0,0,0,116,300,0,0,0,271,8136
1008,4,4,0,0,0,0,0,0,0,0,0,100,100,100,0,0,0,0,100,100,100,100.000000,1600,5440,29.411765,10,10,10,10,116,316,0,16,100,5440,15040,0,0,0,0,116,300,0,0,0,288,8136
1009,4,4,0,0,0,0,0,0,0,0,0,100,100,100,0,0,0,0,100,100,100,100.000000,1600,5440,29.411765,10,10,10,10,116,316,0,16,100,5440,15040,0,0,0,0,116,300,0,0,0,280,8136
1010,4,4,0,0,0,0,0,0,0,0,0,100,100,100,0,0,0,0,100,100,100,100.000000,1600,5440,29.411765,10,10,10,10,116,316,0,16,100,5440,15040,0,0,0,0,116,300,0,0,0,265,8136
1011,4,4,0,0,0,0,0,0,0,0,0,100,100,100,0,0,0,0,100,100,100,100.000000,1600,5440,29.411765,10,10,10,10,116,316,0,16,100,5440,15040,0,0,0,0,116,300,0,0,0,262,8136
1012,4,4,0,0,0,0,0,0,0,0,0,100,100,100,0,0,0,0,100,100,100,100.000000,1600,5440,29.411765,10,10,10,10,116,316,0,16,100,5440,15040,0,0,0,0,116,300,0,0,0,272,8136
1013,4,4,0,0,0,0,0,0,0,0,0,100,100,100,0,0,0,0,100,100,100,100.000000,1600,5440,29.411765,10,10,10,10,116,316,0,16,100,5440,15040,0,0,0,0,116,300,0,0,0,263,8136
1014,4,4,0,0,0,0,0,0,0,0,0,100,100,100,0,0,0,0,100,100,100,100.000000,1600,5440,29.411765,10,10,10,10,116,316,0,16,100,5440,15040,0,0,0,0,116,300,0,0,0,262,8136
1015,4,4,0,0,0,0,0,0,0,0,0,100,100,100,0,0,0,0,100,100,100,100.000000,1600,5440,29.411765,10,10,10,10,116,316,0,16,100,5440,15040,0,0,0,0,116,300,0,0,0,277,8136
1016,4,4,0,0,0,0,0,0,0,0,0,100,100,100,0,0,0,0,100,100,100,100.000000,1600,5440,29.411765,10,10,10,10,116,316,0,16,100,5440,15040,0,0,0,0,116,300,0,0,0,290,8136
1017,4,4,0,0,0,0,0,0,0,0,0,100,100,100,0,0,0,0,100,100,100,100.000000,1600,5440,29.411765,10,10,10,10,116,316,0,16,100,5440,15040,0,0,0,0,116,300,0,0,0,274,8136
1018,4,4,0,0,0,0,0,0,0,0,0,100,100,100,0,0,0,0,100,100,100,100.000000,1600,5440,29.411765,10,10,10,10,116,316,0,16,100,5440,15040,0,0,0,0,116,300,0,0,0,275,8136
1019,4,4,0,0,0,0,0,0,0,0,0,100,100,100,0,0,0,0,100,100,100,100.000000,1600,5440,29.411765,10,10,10,10,116,316,0,16,100,5440,15040,0,0,0,0,116,300,0,0,0,269,8136
1020,4,4,0,0,0,0,0,0,0,0,0,100,100,100,0,0,0,0,100,100,100,100.000000,1600,5440,29.411765,10,10,10,10,116,316,0,16,100,5440,15040,0,0,0,0,116,300,0,0,0,262,8136
1021,4,4,0,0,0,0,0,0,0,0,0,100,100,100,0,0,0,0,100,100,100,100.000000,1600,5440,29.411765,10,10,10,10,116,316,0,16,100,5440,15040,0,0,0,0,116,300,0,0,0,273,8136
1022,4,4,0,0,0,0,0,0,0,0,0,100,100,100,0,0,0,0,100,100,100,100.000000,1600,5440,29.411765,10,10,10,10,116,316,0,16,100,5440,15040,0,0,0,0,116,300,0,0,0,289,8136
1023,4,4,0,0,0,0,0,0,0,0,0,100,100,100,0,0,0,0,100,100,100,100.000000,1600,5440,29.411765,10,10,10,10,116,316,0,16,100,5440,15040,0,0,0,0,116,300,0,0,0,280,8136
1024,4,4,0,0,0,0,0,0,0,0,0,100,100,100,0,0,0,0,100,100,100,100.000000,1600,5440,29.411765,10,10,10,10,116,316,0,16,100,5440,15040,0,0,0,0,116,300,0,0,0,300,8136
1025,4,4,0,0,0,0,0,0,0,0,0,100,100,100,0,0,0,0,100,100,100,100.000000,1600,5440,29.411765,10,10,10,10,116,316,0,16,100,5440,15040,0,0,0,0,116,300,0,0,0,296,8136
1026,4,4,0,0,0,0,0,0,0,0,0,100,100,100,0,0,0,0,100,100,100,100.000000,1600,5440,29.411765,10,10,10,10,116,316,0,16,100,5440,15040,0,0,0,0,116,300,0,0,0,291,8136
1027,4,4,0,0,0,0,0,0,0,0,0,100,100,100,0,0,0,0,100,100,100,100.000000,1600,5440,29.411765,10,10,10,10,116,316,0,16,100,5440,15040,0,0,0,0,116,300,0,0,0,280,8136
1028,4,4,0,0,0,0,0,0,0,0,0,100,100,100,0,0,0,0,100,100,100,100.000000,1600,5440,29.411765,10,10,10,10,116,316,0,16,100,5440,15040,0,0,0,0,116,300,0,0,0,288,8136
1029,4,4,0,0,0,0,0,0,0,0,0,100,100,100,0,0,0,0,100,100,100,100.000000,1600,5440,29.411765,10,10,10,10,116,316,0,16,100,5440,15040,0,0,0,0,116,300,0,0,0,270,8136
1030,4,4,0,0,0,0,0,0,0,0,0,100,100,100,0,0,0,0,100,100,100,100.000000,1600,5440,29.411765,10,10,10,10,116,316,0,16,100,5440,15040,0,0,0,0,116,300,0,0,0,296,8136
1031,4,4,0,0,0,0,0,0,0,0,0,100,100,100,0,0,0,0,100,100,100,100.000000,1600,5440,29.411765,10,10,10,10,116,316,0,16,100,5440,15040,0,0,0,0,116,300,0,0,0,281,8136
1032,4,4,0,0,0,0,0,0,0,0,0,100,100,100,0,0,0,0,100,100,100,100.000000,1600,5440,29.411765,10,10,10,10,116,316,0,16,100,5440,15040,0,0,0,0,116,300,0,0,0,315,8136
1033,4,4,0,0,0,0,0,0,0,0,0,100,100,100,0,0,0,0,100,100,100,100.000000,1600,5440,29.411765,10,10,10,10,116,316,0,16,100,5440,15040,0,0,0,0,116,300,0,0,0,286,8136
1034,4,4,0,0,0,0,0,0,0,0,0,100,100,100,0,0,0,0,100,100,100,100.000000,1600,5440,29.411765,10,10,10,10,116,316,0,16,100,5440,15040,0,0,0,0,116,300,0,0,0,275,8136
1035,4,4,0,0,0,0,0,0,0,0,0,100,100,100,0,0,0,0,100,100,100,100.000000,1600,5440,29.411765,10,10,10,10,116,316,0,16,100,5440,15040,0,0,0,0,116,300,0,0,0,302,8136
1036,4,4,0,0,0,0,0,0,0,0,0,100,100,100,0,0,0,0,100,100,100,100.000000,1600,5440,29.411765,10,10,10,10,116,316,0,16,100,5440,15040,0,0,0,0,116,300,0,0,0,323,8136
1037,4,4,0,0,0,0,0,0,0,0,0,100,100,100,0,0,0,0,100,100,100,100.000000,1600,5440,29.411765,10,10,10,10,116,316,0,16,100,5440,15040,0,0,0,0,116,300,0,0,0,275,8136
1038,4,4,0,0,0,0,0,0,0,0,0,100,100,100,0,0,0,0,100,100,100,100.000000,1600,5440,29.411765,10,10,10,10,116,316,0,16,100,5440,15040,0,0,0,0,116,300,0,0,0,269,8136
1039,4,4,0,0,0,0,0,0,0,0,0,100,100,100,0,0,0,0,100,100,100,100.000000,1600,5440,29.411765,10,10,10,10,116,316,0,16,100,5440,15040,0,0,0,0,116,300,0,0,0,278,8136
1040,4,4,0,0,0,0,0,0,0,0,0,100,100,100,0,0,0,0,100,100,100,100.000000,1600,5440,29.411765,10,10,10,10,116,316,0,16,100,5440,15040,0,0,0,0,116,300,0,0,0,294,8136
1041,4,4,0,0,0,0,0,0,0,0,0,100,100,100,0,0,0,0,100,100,100,100.000000,1600,5440,29.411765,10,10,10,10,116,316,0,16,100,5440,15040,0,0,0,0,116,300,0,0,0,287,8136
1042,4,4,0,0,0,0,0,0,0,0,0,100,100,100,0,0,0,0,100,100,100,100.000000,1600,5440,29.411765,10,10,10,10,116,316,0,16,100,5440,15040,0,0,0,0,116,300,0,0,0,273,8136
1043,4,4,0,0,0,0,0,0,0,0,0,100,100,100,0,0,0,0,100,100,100,100.000000,1600,5440,29.411765,10,10,10,10,116,316,0,16,100,5440,15040,0,0,0,0,116,300,0,0,0,272,8136
1044,4,4,0,0,0,0,0,0,0,0,0,100,100,100,0,0,0,0,100,100,100,100.000000,1600,5440,29.411765,10,10,10,10,116,316,0,16,100,5440,15040,0,0,0,0,116,300,0,0,0,288,8136
1045,4,4,0,0,0,0,0,0,0,0,0,100,100,100,0,0,0,0,100,100,100,100.000000,1600,5440,29.411765,10,10,10,10,116,316,0,16,100,5440,15040,0,0,0,0,116,300,0,0,0,321,8136
1046,4,4,0,0,0,0,0,0,0,0,0,100,100,100,0,0,0,0,100,100,100,100.000000,1600,5440,29.411765,10,10,10,10,116,316,0,16,100,5440,15040,0,0,0,0,116,300,0,0,0,265,8136
1047,4,4,0,0,0,0,0,0,0,0,0,100,100,100,0,0,0,0,100,100,100,100.000000,1600,5440,29.411765,10,10,10,10,116,316,0,16,100,5440,15040,0,0,0,0,116,300,0,0,0,273,8136
1048,4,4,0,0,0,0,0,0,0,0,0,100,100,100,0,0,0,0,100,100,100,100.000000,1600,5440,29.411765,10,10,10,10,116,316,0,16,100,5440,15040,0,0,0,0,116,300,0,0,0,295,8136
1049,4,4,0,0,0,0,0,0,0,0,0,100,100,100,0,0,0,0,100,100,100,100.000000,1600,5440,29.411765,10,10,10,10,116,316,0,16,100,5440,15040,0,0,0,0,116,300,0,0,0,283,8136
1050,4,4,0,0,0,0,0,0,0,0,0,100,100,100,0,0,0,0,100,100,100,100.000000,1600,5440,29.411765,10,10,10,10,116,316,0,16,100,5440,15040,0,0,0,0,116,300,0,0,0,283,8136
1051,4,4,0,0,0,0,0,0,0,0,0,100,100,100,0,0,0,0,100,100,100,100.000000,1600,5440,29.411765,10,10,10,10,116,316,0,16,100,5440,15040,0,0,0,0,116,300,0,0,0,280,8136
1052,4,4,0,0,0,0,0,0,0,0,0,100,100,100,0,0,0,0,100,100,100,100.000000,1600,5440,29.411765,10,10,10,10,116,316,0,16,100,5440,15040,0,0,0,0,116,300,0,0,0,279,8136
1053,4,4,0,0,0,0,0,0,0,0,0,100,100,100,0,0,0,0,100,100,100,100.000000,1600,5440,29.411765,10,10,10,10,116,316,0,16,100,5440,15040,0,0,0,0,116,300,0,0,0,262,8136
1054,4,4,0,0,0,0,0,0,0,0,0,100,100,100,0,0,0,0,100,100,100,100.000000,1600,5440,29.411765,10,10,10,10,116,316,0,16,100,5440,15040,0,0,0,0,116,300,0,0,0,266,8136
1055,4,4,0,0,0,0,0,0,0,0,0,100,100,100,0,0,0,0,100,100,100,100.000000,1600,5440,29.411765,10,10,10,10,116,316,0,16,100,5440,15040,0,0,0,0,116,300,0,0,0,271,8136
1056,4,4,0,0,0,0,0,0,0,0,0,100,100,100,0,0,0,0,100,100,100,100.000000,1600,5440,29.411765,10,10,10,10,116,316,0,16,100,5440,15040,0,0,0,0,116,300,0,0,0,304,8136
1057,4,4,0,0,0,0,0,0,0,0,0,100,100,100,0,0,0,0,100,100,100,100.000000,1600,5440,29.411765,10,10,10,10,116,316,0,16,100,5440,15040,0,0,0,0,116,300,0,0,0,275,8136
1058,4,4,0,0,0,0,0,0,0,0,0,100,100,100,0,0,0,0,100,100,100,100.000000,1600,5440,29.411765,10,10,10,10,116,316,0,16,100,5440,15040,0,0,0,0,116,300,0,0,0,273,8136
1059,4,4,0,0,0,0,0,0,0,0,0,100,100,100,0,0,0,0,100,100,100,100.000000,1600,5440,29.411765,10,10,10,10,116,316,0,16,100,5440,15040,0,0,0,0,116,300,0,0,0,265,8136
1060,4,4,0,0,0,0,0,0,0,0,0,100,100,100,0,0,0,0,100,100,100,100.000000,1600,5440,29.411765,10,10,10,10,116,316,0,16,100,5440,15040,0,0,0,0,116,300,0,0,0,271,8136
1061,4,4,0,0,0,0,0,0,0,0,0,100,100,100,0,0,0,0,100,100,100,100.000000,1600,5440,29.411765,10,10,10,10,116,316,0,16,100,5440,15040,0,0,0,0,116,300,0,0,0,261,8136
1062,4,4,0,0,0,0,0,0,0,0,0,100,100,100,0,0,0,0,100,100,100,100.000000,1600,5440,29.411765,10,10,10,10,116,316,0,16,100,5440,15040,0,0,0,0,116,300,0,0,0,265,8136
1063,4,4,0,0,0,0,0,0,0,0,0,100,100,100,0,0,0,0,100,100,100,100.000000,1600,5440,29.411765,10,10,10,10,116,316,0,16,100,5440,15040,0,0,0,0,116,300,0,0,0,293,8136
1064,4,4,0,0,0,0,0,0,0,0,0,100,100,100,0,0,0,0,100,100,100,100.000000,1600,5440,29.411765,10,10,10,10,116,316,0,16,100,5440,15040,0,0,0,0,116,300,0,0,0,279,8136
1065,4,4,0,0,0,0,0,0,0,0,0,100,100,100,0,0,0,0,100,100,100,100.000000,1600,5440,29.411765,10,10,10,10,116,316,0,16,100,5440,15040,0,0,0,0,116,300,0,0,0,284,8136
1066,4,4,0,0,0,0,0,0,0,0,0,100,100,100,0,0,0,0,100,100,100,100.000000,1600,5440,29.411765,10,10,10,10,116,316,0,16,100,5440,15040,0,0,0,0,116,300,0,0,0,272,8136
1067,4,4,0,0,0,0,0,0,0,0,0,100,100,100,0,0,0,0,100,100,100,100.000000,1600,5440,29.411765,10,10,10,10,116,316,0,16,100,5440,15040,0,0,0,0,116,300,0,0,0,264,8136
1068,4,4,0,0,0,0,0,0,0,0,0,100,100,100,0,0,0,0,100,100,100,100.000000,1600,5440,29.411765,10,10,10,10,116,316,0,16,100,5440,15040,0,0,0,0,116,300,0,0,0,273,8136
1069,4,4,0,0,0,0,0,0,0,0,0,100,100,100,0,0,0,0,100,100,100,100.000000,1600,5440,29.411765,10,10,10,10,116,316,0,16,100,5440,15040,0,0,0,0,116,300,0,0,0,268,8136
1070,4,4,0,0,0,0,0,0,0,0,0,100,100,100,0,0,0,0,100,100,100,100.000000,1600,5440,29.411765,10,10,10,10,116,316,0,16,100,5440,15040,0,0,0,0,116,300,0,0,0,276,8136
1071,4,4,0,0,0,0,0,0,0,0,0,100,100,100,0,0,0,0,100,100,100,100.000000,1600,5440,29.411765,10,10,10,10,116,316,0,16,100,5440,15040,0,0,0,0,116,300,0,0,0,278,8136
1072,4,4,0,0,0,0,0,0,0,0,0,100,100,100,0,0,0,0,100,100,100,100.000000,1600,5440,29.411765,10,10,10,10,116,316,0,16,100,5440,15040,0,0,0,0,116,300,0,0,0,301,8136
1073,4,4,0,0,0,0,0,0,0,0,0,100,100,100,0,0,0,0,100,100,100,100.000000,1600,5440,29.411765,10,10,10,10,116,316,0,16,100,5440,15040,0,0,0,0,116,300,0,0,0,301,8136
1074,4,4,0,0,0,0,0,0,0,0,0,100,100,100,0,0,0,0,100,100,100,100.000000,1600,5440,29.411765,10,10,10,10,116,316,0,16,100,5440,15040,0,0,0,0,116,300,0,0,0,308,8136
1075,4,4,0,0,0,0,0,0,0,0,0,100,100,100,0,0,0,0,100,100,100,100.000000,1600,5440,29.411765,10,10,10,10,116,316,0,16,100,5440,15040,0,0,0,0,116,300,0,0,0,272,8136
1076,4,4,0,0,0,0,0,0,0,0,0,100,100,100,0,0,0,0,100,100,100,100.000000,1600,5440,29.411765,10,10,10,10,116,316,0,16,100,5440,15040,0,0,0,0,116,300,0,0,0,287,8136
1077,4,4,0,0,0,0,0,0,0,0,0,100,100,100,0,0,0,0,100,100,100,100.000000,1600,5440,29.411765,10,10,10,10,116,316,0,16,100,5440,15040,0,0,0,0,116,300,0,0,0,258,8136
1078,4,4,0,0,0,0,0,0,0,0,0,100,100,100,0,0,0,0,100,100,100,100.000000,1600,5440,29.411765,10,10,10,10,116,316,0,16,100,5440,15040,0,0,0,0,116,300,0,0,0,269,8136
1079,4,4,0,0,0,0,0,0,0,0,0,100,100,100,0,0,0,0,100,100,100,100.000000,1600,5440,29.411765,10,10,10,10,116,316,0,16,100,5440,15040,0,0,0,0,116,300,0,0,0,298,8136
1080,4,4,0,0,0,0,0,0,0,0,0,100,100,100,0,0,0,0,100,100,100,100.000000,1600,5440,29.411765,10,10,10,10,116,316,0,16,100,5440,15040,0,0,0,0,116,300,0,0,0,299,8136
1081,4,4,0,0,0,0,0,0,0,0,0,100,100,100,0,0,0,0,100,100,100,100.000000,1600,5440,29.411765,10,10,10,10,116,316,0,16,100,5440,15040,0,0,0,0,116,300,0,0,0,311,8136
1082,4,4,0,0,0,0,0,0,0,0,0,100,100,100,0,0,0,0,100,100,100,100.000000,1600,5440,29.411765,10,10,10,10,116,316,0,16,100,5440,15040,0,0,0,0,116,300,0,0,0,267,8136
1083,4,4,0,0,0,0,0,0,0,0,0,100,100,100,0,0,0,0,100,100,100,100.000000,1600,5440,29.411765,10,10,10,10,116,316,0,16,100,5440,15040,0,0,0,0,116,300,0,0,0,295,8136
1084,4,4,0,0,0,0,0,0,0,0,0,100,100,100,0,0,0,0,100,100,100,100.000000,1600,5440,29.411765,10,10,10,10,116,316,0,16,100,5440,15040,0,0,0,0,116,300,0,0,0,301,8136
1085,4,4,0,0,0,0,0,0,0,0,0,100,100,100,0,0,0,0,100,100,100,100.000000,1600,5440,29.411765,10,10,10,10,116,316,0,16,100,5440,15040,0,0,0,0,116,300,0,0,0,264,8136
1086,4,4,0,0,0,0,0,0,0,0,0,100,100,100,0,0,0,0,100,100,100,100.000000,1600,5440,29.411765,10,10,10,10,116,316,0,16,100,5440,15040,0,0,0,0,116,300,0,0,0,273,8136
1087,4,4,0,0,0,0,0,0,0,0,0,100,100,100,0,0,0,0,100,100,100,100.000000,1600,5440,29.411765,10,10,10,10,116,316,0,16,100,5440,15040,0,0,0,0,116,300,0,0,0,265,8136
1088,4,4,0,0,0,0,0,0,0,0,0,100,100,100,0,0,0,0,100,100,100,100.000000,1600,5440,29.411765,10,10,10,10,116,316,0,16,100,5440,15040,0,0,0,0,116,300,0,0,0,298,8136
1089,4,4,0,0,0,0,0,0,0,0,0,100,100,100,0,0,0,0,100,100,100,100.000000,1600,5440,29.411765,10,10,10,10,116,316,0,16,100,5440,15040,0,0,0,0,116,300,0,0,0,291,8136
1090,4,4,0,0,0,0,0,0,0,0,0,100,100,100,0,0,0,0,100,100,100,100.000000,1600,5440,29.411765,10,10,10,10,116,316,0,16,100,5440,15040,0,0,0,0,116,300,0,0,0,273,8136
1091,4,4,0,0,0,0,0,0,0,0,0,100,100,100,0,0,0,0,100,100,100,100.000000,1600,5440,29.411765,10,10,10,10,116,316,0,16,100,5440,15040,0,0,0,0,116,300,0,0,0,266,8136
1092,4,4,0,0,0,0,0,0,0,0,0,100,100,100,0,0,0,0,100,100,100,100.000000,1600,5440,29.411765,10,10,10,10,116,316,0,16,100,5440,15040,0,0,0,0,116,300,0,0,0,266,8136
1093,4,4,0,0,0,0,0,0,0,0,0,100,100,100,0,0,0,0,100,100,100,100.000000,1600,5440,29.411765,10,10,10,10,116,316,0,16,100,5440,15040,0,0,0,0,116,300,0,0,0,278,8136
1094,4,4,0,0,0,0,0,0,0,0,0,100,100,100,0,0,0,0,100,100,100,100.000000,1600,5440,29.411765,10,10,10,10,116,316,0,16,100,5440,15040,0,0,0,0,116,300,0,0,0,287,8136
1095,4,4,0,0,0,0,0,0,0,0,0,100,100,100,0,0,0,0,100,100,100,100.000000,1600,5440,29.411765,10,10,10,10,116,316,0,16,100,5440,15040,0,0,0,0,116,300,0,0,0,275,8136
1096,4,4,0,0,0,0,0,0,0,0,0,100,100,100,0,0,0,0,100,100,100,100.000000,1600,5440,29.411765,10,10,10,10,116,316,0,16,100,5440,15040,0,0,0,0,116,300,0,0,0,283,8136
1097,4,4,0,0,0,0,0,0,0,0,0,100,100,100,0,0,0,0,100,100,100,100.000000,1600,5440,29.411765,10,10,10,10,116,316,0,16,100,5440,15040,0,0,0,0,116,300,0,0,0,287,8136
1098,4,4,0,0,0,0,0,0,0,0,0,100,100,100,0,0,0,0,100,100,100,100.000000,1600,5440,29.411765,10,10,10,10,116,316,0,16,100,5440,15040,0,0,0,0,116,300,0,0,0,269,8136
1099,4,4,0,0,0,0,0,0,0,0,0,100,100,100,0,0,0,0,100,100,100,100.000000,1600,5440,29.411765,10,10,10,10,116,316,0,16,100,5440,15040,0,0,0,0,116,300,0,0,0,274,8136
1100,4,4,0,0,0,0,0,0,0,0,0,100,100,100,0,0,0,0,100,100,100,100.000000,1600,5440,29.411765,10,10,10,10,116,316,0,16,100,5440,15040,0,0,0,0,116,300,0,0,0,270,8136
1101,4,4,0,0,0,0,0,0,0,0,0,100,100,100,0,0,0,0,100,100,100,100.000000,1600,5440,29.411765,10,10,10,10,116,316,0,16,100,5440,15040,0,0,0,0,116,300,0,0,0,290,8136
1102,4,4,0,0,0,0,0,0,0,0,0,100,100,100,0,0,0,0,100,100,100,100.000000,1600,5440,29.411765,10,10,10,10,116,316,0,16,100,5440,15040,0,0,0,0,116,300,0,0,0,274,8136
1103,4,4,0,0,0,0,0,0,0,0,0,100,100,100,0,0,0,0,100,100,100,100.000000,1600,5440,29.411765,10,10,10,10,116,316,0,16,100,5440,15040,0,0,0,0,116,300,0,0,0,286,8136
1104,4,4,0,0,0,0,0,0,0,0,0,100,100,100,0,0,0,0,100,100,100,100.000000,1600,5440,29.411765,10,10,10,10,116,316,0,16,100,5440,15040,0,0,0,0,116,300,0,0,0,320,8136
1105,4,4,0,0,0,0,0,0,0,0,0,100,100,100,0,0,0,0,100,100,100,100.000000,1600,5440,29.411765,10,10,10,10,116,316,0,16,100,5440,15040,0,0,0,0,116,300,0,0,0,281,8136
1106,4,4,0,0,0,0,0,0,0,0,0,100,100,100,0,0,0,0,100,100,100,100.000000,1600,5440,29.411765,10,10,10,10,116,316,0,16,100,5440,15040,0,0,0,0,116,300,0,0,0,266,8136
1107,4,4,0,0,0,0,0,0,0,0,0,100,100,100,0,0,0,0,100,100,100,100.000000,1600,5440,29.411765,10,10,10,10,116,316,0,16,100,5440,15040,0,0,0,0,116,300,0,0,0,285,8136
1108,4,4,0,0,0,0,0,0,0,0,0,100,100,100,0,0,0,0,100,100,100,100.000000,1600,5440,29.411765,10,10,10,10,116,316,0,16,100,5440,15040,0,0,0,0,116,300,0,0,0,297,8136
1109,4,4,0,0,0,0,0,0,0,0,0,100,100,100,0,0,0,0,100,100,100,100.000000,1600,5440,29.411765,10,10,10,10,116,316,0,16,100,5440,15040,0,0,0,0,116,300,0,0,0,283,8136
1110,4,4,0,0,0,0,0,0,0,0,0,100,100,100,0,0,0,0,100,100,100,100.000000,1600,5440,29.411765,10,10,10,10,116,316,0,16,100,5440,15040,0,0,0,0,116,300,0,0,0,274,8136
1111,4,4,0,0,0,0,0,0,0,0,0,100,100,100,0,0,0,0,100,100,100,100.000000,1600,5440,29.411765,10,10,10,10,116,316,0,16,100,5440,15040,0,0,0,0,116,300,0,0,0,279,8136
1112,4,4,0,0,0,0,0,0,0,0,0,100,100,100,0,0,0,0,100,100,100,100.000000,1600,5440,29.411765,10,10,10,10,116,316,0,16,100,5440,15040,0,0,0,0,116,300,0,0,0,297,8136
1113,4,4,0,0,0,0,0,0,0,0,0,100,100,100,0,0,0,0,100,100,100,100.000000,1600,5440,29.411765,10,10,10,10,116,316,0,16,100,5440,15040,0,0,0,0,116,300,0,0,0,296,8136
1114,4,4,0,0,0,0,0,0,0,0,0,100,100,100,0,0,0,0,100,100,100,100.000000,1600,5440,29.411765,10,10,10,10,116,316,0,16,100,5440,15040,0,0,0,0,116,300,0,0,0,275,8136
1115,4,4,0,0,0,0,0,0,0,0,0,100,100,100,0,0,0,0,100,100,100,100.000000,1600,5440,29.411765,10,10,10,10,116,316,0,16,100,5440,15040,0,0,0,0,116,300,0,0,0,275,8136
1116,4,4,0,0,0,0,0,0,0,0,0,100,100,100,0,0,0,0,100,100,100,100.000000,1600,5440,29.411765,10,10,10,10,116,316,0,16,100,5440,15040,0,0,0,0,116,300,0,0,0,289,8136
1117,4,4,0,0,0,0,0,0,0,0,0,100,100,100,0,0,0,0,100,100,100,100.000000,1600,5440,29.411765,10,10,10,10,116,316,0,16,100,5440,15040,0,0,0,0,116,300,0,0,0,280,8136
1118,4,4,0,0,0,0,0,0,0,0,0,100,100,100,0,0,0,0,100,100,100,100.000000,1600,5440,29.411765,10,10,10,10,116,316,0,16,100,5440,15040,0,0,0,0,116,300,0,0,0,293,8136
1119,4,4,0,0,0,0,0,0,0,0,0,100,100,100,0,0,0,0,100,100,100,100.000000,1600,5440,29.411765,10,10,10,10,116,316,0,16,100,5440,15040,0,0,0,0,116,300,0,0,0,315,8136
1120,4,4,0,0,0,0,0,0,0,0,0,100,100,100,0,0,0,0,100,100,100,100.000000,1600,5440,29.411765,10,10,10,10,116,316,0,16,100,5440,15040,0,0,0,0,116,300,0,0,0,303,8136
1121,4,4,0,0,0,0,0,0,0,0,0,100,100,100,0,0,0,0,100,100,100,100.000000,1600,5440,29.411765,10,10,10,10,116,316,0,16,100,5440,15040,0,0,0,0,116,300,0,0,0,280,8136
1122,4,4,0,0,0,0,0,0,0,0,0,100,100,100,0,0,0,0,100,100,100,100.000000,1600,5440,29.411765,10,10,10,10,116,316,0,16,100,5440,15040,0,0,0,0,116,300,0,0,0,276,8136
1123,4,4,0,0,0,0,0,0,0,0,0,100,100,100,0,0,0,0,100,100,100,100.000000,1600,5440,29.411765,10,10,10,10,116,316,0,16,100,5440,15040,0,0,0,0,116,300,0,0,0,286,8136
1124,4,4,0,0,0,0,0,0,0,0,0,100,100,100,0,0,0,0,100,100,100,100.000000,1600,5440,29.411765,10,10,10,10,116,316,0,16,100,5440,15040,0,0,0,0,116,300,0,0,0,279,8136
1125,4,4,0,0,0,0,0,0,0,0,0,100,100,100,0,0,0,0,100,100,100,100.000000,1600,5440,29.411765,10,10,10,10,116,316,0,16,100,5440,15040,0,0,0,0,116,300,0,0,0,271,8136
1126,4,4,0,0,0,0,0,0,0,0,0,100,100,100,0,0,0,0,100,100,100,100.000000,1600,5440,29.411765,10,10,10,10,116,316,0,16,100,5440,15040,0,0,0,0,116,300,0,0,0,272,8136
1127,4,4,0,0,0,0,0,0,0,0,0,100,100,100,0,0,0,0,100,100,100,100.000000,1600,5440,29.411765,10,10,10,10,116,316,0,16,100,5440,15040,0,0,0,0,116,300,0,0,0,287,8136
1128,4,4,0,0,0,0,0,0,0,0,0,100,100,100,0,0,0,0,100,100,100,100.000000,1600,5440,29.411765,10,10,10,10,116,316,0,16,100,5440,15040,0,0,0,0,116,300,0,0,0,314,8136
1129,4,4,0,0,0,0,0,0,0,0,0,100,100,100,0,0,0,0,100,100,100,100.000000,1600,5440,29.411765,10,10,10,10,116,316,0,16,100,5440,15040,0,0,0,0,116,300,0,0,0,277,8136
1130,4,4,0,0,0,0,0,0,0,0,0,100,100,100,0,0,0,0,100,100,100,100.000000,1600,5440,29.411765,10,10,10,10,116,316,0,16,100,5440,15040,0,0,0,0,116,300,0,0,0,291,8136
1131,4,4,0,0,0,0,0,0,0,0,0,100,100,100,0,0,0,0,100,100,100,100.000000,1600,5440,29.411765,10,10,10,10,116,316,0,16,100,5440,15040,0,0,0,0,116,300,0,0,0,272,8136
1132,4,4,0,0,0,0,0,0,0,0,0,100,100,100,0,0,0,0,100,100,100,100.000000,1600,5440,29.411765,10,10,10,10,116,316,0,16,100,5440,15040,0,0,0,0,116,300,0,0,0,277,8136
1133,4,4,0,0,0,0,0,0,0,0,0,100,100,100,0,0,0,0,100,100,100,100.000000,1600,5440,29.411765,10,10,10,10,116,316,0,16,100,5440,15040,0,0,0,0,116,300,0,0,0,277,8136
1134,4,4,0,0,0,0,0,0,0,0,0,100,100,100,0,0,0,0,100,100,100,100.000000,1600,5440,29.411765,10,10,10,10,116,316,0,16,100,5440,15040,0,0,0,0,116,300,0,0,0,281,8136
1135,4,4,0,0,0,0,0,0,0,0,0,100,100,100,0,0,0,0,100,100,100,100.000000,1600,5440,29.411765,10,10,10,10,116,316,0,16,100,5440,15040,0,0,0,0,116,300,0,0,0,273,8136
1136,4,4,0,0,0,0,0,0,0,0,0,100,100,100,0,0,0,0,100,100,100,100.000000,1600,5440,29.411765,10,10,10,10,116,316,0,16,100,5440,15040,0,0,0,0,116,300,0,0,0,294,8136
1137,4,4,0,0,0,0,0,0,0,0,0,100,100,100,0,0,0,0,100,100,100,100.000000,1600,5440,29.411765,10,10,10,10,116,316,0,16,100,5440,15040,0,0,0,0,116,300,0,0,0,271,8136
1138,4,4,0,0,0,0,0,0,0,0,0,100,100,100,0,0,0,0,100,100,100,100.000000,1600,5440,29.411765,10,10,10,10,116,316,0,16,100,5440,15040,0,0,0,0,116,300,0,0,0,271,8136
1139,4,4,0,0,0,0,0,0,0,0,0,100,100,100,0,0,0,0,100,100,100,100.000000,1600,5440,29.411765,10,10,10,10,116,316,0,16,100,5440,15040,0,0,0,0,116,300,0,0,0,265,8136
1140,4,4,0,0,0,0,0,0,0,0,0,100,100,100,0,0,0,0,100,100,100,100.000000,1600,5440,29.411765,10,10,10,10,116,316,0,16,100,5440,15040,0,0,0,0,116,300,0,0,0,271,8136
1141,4,4,0,0,0,0,0,0,0,0,0,100,100,100,0,0,0,0,100,100,100,100.000000,1600,5440,29.411765,10,10,10,10,116,316,0,16,100,5440,15040,0,0,0,0,116,300,0,0,0,262,8136
1142,4,4,0,0,0,0,0,0,0,0,0,100,100,100,0,0,0,0,100,100,100,100.000000,1600,5440,29.411765,10,10,10,10,116,316,0,16,100,5440,15040,0,0,0,0,116,300,0,0,0,271,8136
1143,4,4,0,0,0,0,0,0,0,0,0,100,100,100,0,0,0,0,100,100,100,100.000000,1600,5440,29.411765,10,10,10,10,116,316,0,16,100,5440,15040,0,0,0,0,116,300,0,0,0,282,8136
1144,4,4,0,0,0,0,0,0,0,0,0,100,100,100,0,0,0,0,100,100,100,100.000000,1600,5440,29.411765,10,10,10,10,116,316,0,16,100,5440,15040,0,0,0,0,116,300,0,0,0,309,8136
1145,4,4,0,0,0,0,0,0,0,0,0,100,100,100,0,0,0,0,100,100,100,100.000000,1600,5440,29.411765,10,10,10,10,116,316,0,16,100,5440,15040,0,0,0,0,116,300,0,0,0,269,8136
1146,4,4,0,0,0,0,0,0,0,0,0,100,100,100,0,0,0,0,100,100,100,100.000000,1600,5440,29.411765,10,10,10,10,116,316,0,16,100,5440,15040,0,0,0,0,116,300,0,0,0,270,8136
1147,4,4,0,0,0,0,0,0,0,0,0,100,100,100,0,0,0,0,100,100,100,100.000000,1600,5440,29.411765,10,10,10,10,116,316,0,16,100,5440,15040,0,0,0,0,116,300,0,0,0,291,8136
1148,4,4,0,0,0,0,0,0,0,0,0,100,100,100,0,0,0,0,100,100,100,100.000000,1600,5440,29.411765,10,10,10,10,116,316,0,16,100,5440,15040,0,0,0,0,116,300,0,0,0,273,8136
1149,4,4,0,0,0,0,0,0,0,0,0,100,100,100,0,0,0,0,100,100,100,100.000000,1600,5440,29.411765,10,10,10,10,116,316,0,16,100,5440,15040,0,0,0,0,116,300,0,0,0,270,8136
1150,4,4,0,0,0,0,0,0,0,0,0,100,100,100,0,0,0,0,100,100,100,100.000000,1600,5440,29.411765,10,10,10,10,116,316,0,16,100,5440,15040,0,0,0,0,116,300,0,0,0,266,8136
1151,4,4,0,0,0,0,0,0,0,0,0,100,100,100,0,0,0,0,100,100,100,100.000000,1600,5440,29.411765,10,10,10,10,116,316,0,16,100,5440,15040,0,0,0,0,116,300,0,0,0,288,8136
1152,4,4,0,0,0,0,0,0,0,0,0,100,100,100,0,0,0,0,100,100,100,100.000000,1600,5440,29.411765,10,10,10,10,116,316,0,16,100,5440,15040,0,0,0,0,116,300,0,0,0,293,8136
1153,4,4,0,0,0,0,0,0,0,0,0,100,100,100,0,0,0,0,100,100,100,100.000000,1600,5440,29.411765,10,10,10,10,116,316,0,16,100,5440,15040,0,0,0,0,116,300,0,0,0,296,8136
1154,4,4,0,0,0,0,0,0,0,0,0,100,100,100,0,0,0,0,100,100,100,100.000000,1600,5440,29.411765,10,10,10,10,116,316,0,16,100,5440,15040,0,0,0,0,116,300,0,0,0,278,8136
1155,4,4,0,0,0,0,0,0,0,0,0,100,100,100,0,0,0,0,100,100,100,100.000000,1600,5440,29.411765,10,10,10,10,116,316,0,16,100,5440,15040,0,0,0,0,116,300,0,0,0,284,8136
1156,4,4,0,0,0,0,0,0,0,0,0,100,100,100,0,0,0,0,100,100,100,100.000000,1600,5440,29.411765,10,10,10,10,116,316,0,16,100,5440,15040,0,0,0,0,116,300,0,0,0,278,8136
1157,4,4,0,0,0,0,0,0,0,0,0,100,100,100,0,0,0,0,100,100,100,100.000000,1600,5440,29.411765,10,10,10,10,116,316,0,16,100,5440,15040,0,0,0,0,116,300,0,0,0,280,8136
1158,4,4,0,0,0,0,0,0,0,0,0,100,100,100,0,0,0,0,100,100,100,100.000000,1600,5440,29.411765,10,10,10,10,116,316,0,16,100,5440,15040,0,0,0,0,116,300,0,0,0,272,8136
1159,4,4,0,0,0,0,0,0,0,0,0,100,100,100,0,0,0,0,100,100,100,100.000000,1600,5440,29.411765,10,10,10,10,116,316,0,16,100,5440,15040,0,0,0,0,116,300,0,0,0,282,8136
1160,4,4,0,0,0,0,0,0,0,0,0,100,100,100,0,0,0,0,100,100,100,100.000000,1600,5440,29.411765,10,10,10,10,116,316,0,16,100,5440,15040,0,0,0,0,116,300,0,0,0,304,8136
1161,4,4,0,0,0,0,0,0,0,0,0,100,100,100,0,0,0,0,100,100,100,100.000000,1600,5440,29.411765,10,10,10,10,116,316,0,16,100,5440,15040,0,0,0,0,116,300,0,0,0,292,8136
1162,4,4,0,0,0,0,0,0,0,0,0,100,100,100,0,0,0,0,100,100,100,100.000000,1600,5440,29.411765,10,10,10,10,116,316,0,16,100,5440,15040,0,0,0,0,116,300,0,0,0,272,8136
1163,4,4,0,0,0,0,0,0,0,0,0,100,100,100,0,0,0,0,100,100,100,100.000000,1600,5440,29.411765,10,10,10,10,116,316,0,16,100,5440,15040,0,0,0,0,116,300,0,0,0,273,8136
1164,4,4,0,0,0,0,0,0,0,0,0,100,100,100,0,0,0,0,100,100,100,100.000000,1600,5440,29.411765,10,10,10,10,116,316,0,16,100,5440,15040,0,0,0,0,116,300,0,0,0,275,8136
1165,4,4,0,0,0,0,0,0,0,0,0,100,100,100,0,0,0,0,100,100,100,100.000000,1600,5440,29.411765,10,10,10,10,116,316,0,16,100,5440,15040,0,0,0,0,116,300,0,0,0,259,8136
1166,4,4,0,0,0,0,0,0,0,0,0,100,100,100,0,0,0,0,100,100,100,100.000000,1600,5440,29.411765,10,10,10,10,116,316,0,16,100,5440,15040,0,0,0,0,116,300,0,0,0,261,8136
1167,4,4,0,0,0,0,0,0,0,0,0,100,100,100,0,0,0,0,100,100,100,100.000000,1600,5440,29.411765,10,10,10,10,116,316,0,16,100,5440,15040,0,0,0,0,116,300,0,0,0,261,8136
1168,4,4,0,0,0,0,0,0,0,0,0,100,100,100,0,0,0,0,100,100,100,100.000000,1600,5440,29.411765,10,10,10,10,116,316,0,16,100,5440,15040,0,0,0,0,116,300,0,0,0,281,8136
1169,4,4,0,0,0,0,0,0,0,0,0,100,100,100,0,0,0,0,100,100,100,100.000000,1600,5440,29.411765,10,10,10,10,116,316,0,16,100,5440,15040,0,0,0,0,116,300,0,0,0,281,8136
1170,4,4,0,0,0,0,0,0,0,0,0,100,100,100,0,0,0,0,100,100,100,100.000000,1600,5440,29.411765,10,10,10,10,116,316,0,16,100,5440,15040,0,0,0,0,116,300,0,0,0,297,8136
1171,4,4,0,0,0,0,0,0,0,0,0,100,100,100,0,0,0,0,100,100,100,100.000000,1600,5440,29.411765,10,10,10,10,116,316,0,16,100,5440,15040,0,0,0,0,116,300,0,0,0,291,8136
1172,4,4,0,0,0,0,0,0,0,0,0,100,100,100,0,0,0,0,100,100,100,100.000000,1600,5440,29.411765,10,10,10,10,116,316,0,16,100,5440,15040,0,0,0,0,116,300,0,0,0,270,8136
1173,4,4,0,0,0,0,0,0,0,0,0,100,100,100,0,0,0,0,100,100,100,100.000000,1600,5440,29.411765,10,10,10,10,116,316,0,16,100,5440,15040,0,0,0,0,116,300,0,0,0,264,8136
1174,4,4,0,0,0,0,0,0,0,0,0,100,100,100,0,0,0,0,100,100,100,100.000000,1600,5440,29.411765,10,10,10,10,116,316,0,16,100,5440,15040,0,0,0,0,116,300,0,0,0,270,8136
1175,4,4,0,0,0,0,0,0,0,0,0,100,100,100,0,0,0,0,100,100,100,100.000000,1600,5440,29.411765,10,10,10,10,116,316,0,16,100,5440,15040,0,0,0,0,116,300,0,0,0,296,8136
1176,4,4,0,0,0,0,0,0,0,0,0,100,100,100,0,0,0,0,100,100,100,100.000000,1600,5440,29.411765,10,10,10,10,116,316,0,16,100,5440,15040,0,0,0,0,116,300,0,0,0,292,8136
1177,4,4,0,0,0,0,0,0,0,0,0,100,100,100,0,0,0,0,100,100,100,100.000000,1600,5440,29.411765,10,10,10,10,116,316,0,16,100,5440,15040,0,0,0,0,116,300,0,0,0,287,8136
1178,4,4,0,0,0,0,0,0,0,0,0,100,100,100,0,0,0,0,100,100,100,100.000000,1600,5440,29.411765,10,10,10,10,116,316,0,16,100,5440,15040,0,0,0,0,116,300,0,0,0,276,8136
1179,4,4,0,0,0,0,0,0,0,0,0,100,100,100,0,0,0,0,100,100,100,100.000000,1600,5440,29.411765,10,10,10,10,116,316,0,16,100,5440,15040,0,0,0,0,116,300,0,0,0,266,8136
1180,4,4,0,0,0,0,0,0,0,0,0,100,100,100,0,0,0,0,100,100,100,100.000000,1600,5440,29.411765,10,10,10,10,116,316,0,16,100,5440,15040,0,0,0,0,116,300,0,0,0,282,8136
1181,4,4,0,0,0,0,0,0,0,0,0,100,100,100,0,0,0,0,100,100,100,100.000000,1600,5440,29.411765,10,10,10,10,116,316,0,16,100,5440,15040,0,0,0,0,116,300,0,0,0,284,8136
1182,4,4,0,0,0,0,0,0,0,0,0,100,100,100,0,0,0,0,100,100,100,100.000000,1600,5440,29.411765,10,10,10,10,116,316,0,16,100,5440,15040,0,0,0,0,116,300,0,0,0,266,8136
1183,4,4,0,0,0,0,0,0,0,0,0,100,100,100,0,0,0,0,100,100,100,100.000000,1600,5440,29.411765,10,10,10,10,116,316,0,16,100,5440,15040,0,0,0,0,116,300,0,0,0,311,8136
1184,4,4,0,0,0,0,0,0,0,0,0,100,100,100,0,0,0,0,100,100,100,100.000000,1600,5440,29.411765,10,10,10,10,116,316,0,16,100,5440,15040,0,0,0,0,116,300,0,0,0,295,8136
1185,4,4,0,0,0,0,0,0,0,0,0,100,100,100,0,0,0,0,100,100,100,100.000000,1600,5440,29.411765,10,10,10,10,116,316,0,16,100,5440,15040,0,0,0,0,116,300,0,0,0,285,8136
1186,4,4,0,0,0,0,0,0,0,0,0,100,100,100,0,0,0,0,100,100,100,100.000000,1600,5440,29.411765,10,10,10,10,116,316,0,16,100,5440,15040,0,0,0,0,116,300,0,0,0,304,8136
1187,4,4,0,0,0,0,0,0,0,0,0,100,100,100,0,0,0,0,100,100,100,100.000000,1600,5440,29.411765,10,10,10,10,116,316,0,16,100,5440,15040,0,0,0,0,116,300,0,0,0,267,8136
1188,4,4,0,0,0,0,0,0,0,0,0,100,100,100,0,0,0,0,100,100,100,100.000000,1600,5440,29.411765,10,10,10,10,116,316,0,16,100,5440,15040,0,0,0,0,116,300,0,0,0,282,8136
1189,4,4,0,0,0,0,0,0,0,0,0,100,100,100,0,0,0,0,100,100,100,100.000000,1600,5440,29.411765,10,10,10,10,116,316,0,16,100,5440,15040,0,0,0,0,116,300,0,0,0,271,8136
1190,4,4,0,0,0,0,0,0,0,0,0,100,100,100,0,0,0,0,100,100,100,100.000000,1600,5440,29.411765,10,10,10,10,116,316,0,16,100,5440,15040,0,0,0,0,116,300,0,0,0,279,8136
1191,4,4,0,0,0,0,0,0,0,0,0,100,100,100,0,0,0,0,100,100,100,100.000000,1600,5440,29.411765,10,10,10,10,116,316,0,16,100,5440,15040,0,0,0,0,116,300,0,0,0,294,8136
1192,4,4,0,0,0,0,0,0,0,0,0,100,100,100,0,0,0,0,100,100,100,100.000000,1600,5440,29.411765,10,10,10,10,116,316,0,16,100,5440,15040,0,0,0,0,116,300,0,0,0,315,8136
1193,4,4,0,0,0,0,0,0,0,0,0,100,100,100,0,0,0,0,100,100,100,100.000000,1600,5440,29.411765,10,10,10,10,116,316,0,16,100,5440,15040,0,0,0,0,116,300,0,0,0,287,8136
1194,4,4,0,0,0,0,0,0,0,0,0,100,100,100,0,0,0,0,100,100,100,100.000000,1600,5440,29.411765,10,10,10,10,116,316,0,16,100,5440,15040,0,0,0,0,116,300,0,0,0,285,8136
1195,4,4,0,0,0,0,0,0,0,0,0,100,100,100,0,0,0,0,100,100,100,100.000000,1600,5440,29.411765,10,10,10,10,116,316,0,16,100,5440,15040,0,0,0,0,116,300,0,0,0,295,8136
1196,4,4,0,0,0,0,0,0,0,0,0,100,100,100,0,0,0,0,100,100,100,100.000000,1600,5440,29.411765,10,10,10,10,116,316,0,16,100,5440,15040,0,0,0,0,116,300,0,0,0,278,8136
1197,4,4,0,0,0,0,0,0,0,0,0,100,100,100,0,0,0,0,100,100,100,100.000000,1600,5440,29.411765,10,10,10,10,116,316,0,16,100,5440,15040,0,0,0,0,116,300,0,0,0,281,8136
1198,4,4,0,0,0,0,0,0,0,0,0,100,100,100,0,0,0,0,100,100,100,100.000000,1600,5440,29.411765,10,10,10,10,116,316,0,16,100,5440,15040,0,0,0,0,116,300,0,0,0,274,8136
1199,4,4,0,0,0,0,0,0,0,0,0,100,100,100,0,0,0,0,100,100,100,100.000000,1600,5440,29.411765,10,10,10,10,116,316,0,16,100,5440,15040,0,0,0,0,116,300,0,0,0,273,8136
1200,4,4,0,0,0,0,0,0,0,0,0,100,100,100,0,0,0,0,100,100,100,100.000000,1600,5440,29.411765,10,10,10,10,116,316,0,16,100,5440,15040,0,0,0,0,116,300,0,0,0,293,8136
1201,4,4,0,0,0,0,0,0,0,0,0,100,100,100,0,0,0,0,100,100,100,100.000000,1600,5440,29.411765,10,10,10,10,116,316,0,16,100,5440,15040,0,0,0,0,116,300,0,0,0,271,8136
1202,4,4,0,0,0,0,0,0,0,0,0,100,100,100,0,0,0,0,100,100,100,100.000000,1600,5440,29.411765,10,10,10,10,116,316,0,16,100,5440,15040,0,0,0,0,116,300,0,0,0,261,8136
1203,4,4,0,0,0,0,0,0,0,0,0,100,100,100,0,0,0,0,100,100,100,100.000000,1600,5440,29.411765,10,10,10,10,116,316,0,16,100,5440,15040,0,0,0,0,116,300,0,0,0,259,8136
1204,4,4,0,0,0,0,0,0,0,0,0,100,100,100,0,0,0,0,100,100,100,100.000000,1600,5440,29.411765,10,10,10,10,116,316,0,16,100,5440,15040,0,0,0,0,116,300,0,0,0,284,8136
1205,4,4,0,0,0,0,0,0,0,0,0,100,100,100,0,0,0,0,100,100,100,100.000000,1600,5440,29.411765,10,10,10,10,116,316,0,16,100,5440,15040,0,0,0,0,116,300,0,0,0,273,8136
1206,4,4,0,0,0,0,0,0,0,0,0,100,100,100,0,0,0,0,100,100,100,100.000000,1600,5440,29.411765,10,10,10,10,116,316,0,16,100,5440,15040,0,0,0,0,116,300,0,0,0,282,8136
1207,4,4,0,0,0,0,0,0,0,0,0,100,100,100,0,0,0,0,100,100,100,100.000000,1600,5440,29.411765,10,10,10,10,116,316,0,16,100,5440,15040,0,0,0,0,116,300,0,0,0,265,8136
1208,4,4,0,0,0,0,0,0,0,0,0,100,100,100,0,0,0,0,100,100,100,100.000000,1600,5440,29.411765,10,10,10,10,116,316,0,16,100,5440,15040,0,0,0,0,116,300,0,0,0,313,8136
1209,4,4,0,0,0,0,0,0,0,0,0,100,100,100,0,0,0,0,100,100,100,100.000000,1600,5440,29.411765,10,10,10,10,116,316,0,16,100,5440,15040,0,0,0,0,116,300,0,0,0,294,8136
1210,4,4,0,0,0,0,0,0,0,0,0,100,100,100,0,0,0,0,100,100,100,100.000000,1600,5440,29.411765,10,10,10,10,116,316,0,16,100,5440,15040,0,0,0,0,116,300,0,0,0,275,8136
1211,4,4,0,0,0,0,0,0,0,0,0,100,100,100,0,0,0,0,100,100,100,100.000000,1600,5440,29.411765,10,10,10,10,116,316,0,16,100,5440,15040,0,0,0,0,116,300,0,0,0,270,8136
1212,4,4,0,0,0,0,0,0,0,0,0,100,100,100,0,0,0,0,100,100,100,100.000000,1600,5440,29.411765,10,10,10,10,116,316,0,16,100,5440,15040,0,0,0,0,116,300,0,0,0,269,8136
1213,4,4,0,0,0,0,0,0,0,0,0,100,100,100,0,0,0,0,100,100,100,100.000000,1600,5440,29.411765,10,10,10,10,116,316,0,16,100,5440,15040,0,0,0,0,116,300,0,0,0,264,8136
1214,4,4,0,0,0,0,0,0,0,0,0,100,100,100,0,0,0,0,100,100,100,100.000000,1600,5440,29.411765,10,10,10,10,116,316,0,16,100,5440,15040,0,0,0,0,116,300,0,0,0,264,8136
1215,4,4,0,0,0,0,0,0,0,0,0,100,100,100,0,0,0,0,100,100,100,100.000000,1600,5440,29.411765,10,10,10,10,116,316,0,16,100,5440,15040,0,0,0,0,116,300,0,0,0,290,8136
1216,4,4,0,0,0,0,0,0,0,0,0,100,100,100,0,0,0,0,100,100,100,100.000000,1600,5440,29.411765,10,10,10,10,116,316,0,16,100,5440,15040,0,0,0,0,116,300,0,0,0,279,8136
1217,4,4,0,0,0,0,0,0,0,0,0,100,100,100,0,0,0,0,100,100,100,100.000000,1600,5440,29.411765,10,10,10,10,116,316,0,16,100,5440,15040,0,0,0,0,116,300,0,0,0,286,8136
1218,4,4,0,0,0,0,0,0,0,0,0,100,100,100,0,0,0,0,100,100,100,100.000000,1600,5440,29.411765,10,10,10,10,116,316,0,16,100,5440,15040,0,0,0,0,116,300,0,0,0,268,8136
1219,4,4,0,0,0,0,0,0,0,0,0,100,100,100,0,0,0,0,100,100,100,100.000000,1600,5440,29.411765,10,10,10,10,116,316,0,16,100,5440,15040,0,0,0,0,116,300,0,0,0,262,8136
1220,4,4,0,0,0,0,0,0,0,0,0,100,100,100,0,0,0,0,100,100,100,100.000000,1600,5440,29.411765,10,10,10,10,116,316,0,16,100,5440,15040,0,0,0,0,116,300,0,0,0,281,8136
1221,4,4,0,0,0,0,0,0,0,0,0,100,100,100,0,0,0,0,100,100,100,100.000000,1600,5440,29.411765,10,10,10,10,116,316,0,16,100,5440,15040,0,0,0,0,116,300,0,0,0,259,8136
1222,4,4,0,0,0,0,0,0,0,0,0,100,100,100,0,0,0,0,100,100,100,100.000000,1600,5440,29.411765,10,10,10,10,116,316,0,16,100,5440,15040,0,0,0,0,116,300,0,0,0,262,8136
1223,4,4,0,0,0,0,0,0,0,0,0,100,100,100,0,0,0,0,100,100,100,100.000000,1600,5440,29.411765,10,10,10,10,116,316,0,16,100,5440,15040,0,0,0,0,116,300,0,0,0,271,8136
1224,4,4,0,0,0,0,0,0,0,0,0,100,100,100,0,0,0,0,100,100,100,100.000000,1600,5440,29.411765,10,10,10,10,116,316,0,16,100,5440,15040,0,0,0,0,116,300,0,0,0,303,8136
1225,4,4,0,0,0,0,0,0,0,0,0,100,100,100,0,0,0,0,100,100,100,100.000000,1600,5440,29.411765,10,10,10,10,116,316,0,16,100,5440,15040,0,0,0,0,116,300,0,0,0,282,8136
1226,4,4,0,0,0,0,0,0,0,0,0,100,100,100,0,0,0,0,100,100,100,100.000000,1600,5440,29.411765,10,10,10,10,116,316,0,16,100,5440,15040,0,0,0,0,116,300,0,0,0,266,8136
1227,4,4,0,0,0,0,0,0,0,0,0,100,100,100,0,0,0,0,100,100,100,100.000000,1600,5440,29.411765,10,10,10,10,116,316,0,16,100,5440,15040,0,0,0,0,116,300,0,0,0,274,8136
1228,4,4,0,0,0,0,0,0,0,0,0,100,100,100,0,0,0,0,100,100,100,100.000000,1600,5440,29.411765,10,10,10,10,116,316,0,16,100,5440,15040,0,0,0,0,116,300,0,0,0,275,8136
1229,4,4,0,0,0,0,0,0,0,0,0,100,100,100,0,0,0,0,100,100,100,100.000000,1600,5440,29.411765,10,10,10,10,116,316,0,16,100,5440,15040,0,0,0,0,116,300,0,0,0,264,8136
1230,4,4,0,0,0,0,0,0,0,0,0,100,100,100,0,0,0,0,100,100,100,100.000000,1600,5440,29.411765,10,10,10,10,116,316,0,16,100,5440,15040,0,0,0,0,116,300,0,0,0,261,8136
1231,4,4,0,0,0,0,0,0,0,0,0,100,100,100,0,0,0,0,100,100,100,100.000000,1600,5440,29.411765,10,10,10,10,116,316,0,16,100,5440,15040,0,0,0,0,116,300,0,0,0,260,8136
1232,4,4,0,0,0,0,0,0,0,0,0,100,100,100,0,0,0,0,100,100,100,100.000000,1600,5440,29.411765,10,10,10,10,116,316,0,16,100,5440,15040,0,0,0,0,116,300,0,0,0,274,8136
1233,4,4,0,0,0,0,0,0,0,0,0,100,100,100,0,0,0,0,100,100,100,100.000000,1600,5440,29.411765,10,10,10,10,116,316,0,16,100,5440,15040,0,0,0,0,116,300,0,0,0,267,8136
1234,4,4,0,0,0,0,0,0,0,0,0,100,100,100,0,0,0,0,100,100,100,100.000000,1600,5440,29.411765,10,10,10,10,116,316,0,16,100,5440,15040,0,0,0,0,116,300,0,0,0,269,8136
1235,4,4,0,0,0,0,0,0,0,0,0,100,100,100,0,0,0,0,100,100,100,100.000000,1600,5440,29.411765,10,10,10,10,116,316,0,16,100,5440,15040,0,0,0,0,116,300,0,0,0,258,8136
1236,4,4,0,0,0,0,0,0,0,0,0,100,100,100,0,0,0,0,100,100,100,100.000000,1600,5440,29.411765,10,10,10,10,116,316,0,16,100,5440,15040,0,0,0,0,116,300,0,0,0,265,8136
1237,4,4,0,0,0,0,0,0,0,0,0,100,100,100,0,0,0,0,100,100,100,100.000000,1600,5440,29.411765,10,10,10,10,116,316,0,16,100,5440,15040,0,0,0,0,116,300,0,0,0,293,8136
1238,4,4,0,0,0,0,0,0,0,0,0,100,100,100,0,0,0,0,100,100,100,100.000000,1600,5440,29.411765,10,10,10,10,116,316,0,16,100,5440,15040,0,0,0,0,116,300,0,0,0,286,8136
1239,4,4,0,0,0,0,0,0,0,0,0,100,100,100,0,0,0,0,100,100,100,100.000000,1600,5440,29.411765,10,10,10,10,116,316,0,16,100,5440,15040,0,0,0,0,116,300,0,0,0,308,8136
1240,4,4,0,0,0,0,0,0,0,0,0,100,100,100,0,0,0,0,100,100,100,100.000000,1600,5440,29.411765,10,10,10,10,116,316,0,16,100,5440,15040,0,0,0,0,116,300,0,0,0,309,8136
1241,4,4,0,0,0,0,0,0,0,0,0,100,100,100,0,0,0,0,100,100,100,100.000000,1600,5440,29.411765,10,10,10,10,116,316,0,16,100,5440,15040,0,0,0,0,116,300,0,0,0,287,8136
1242,4,4,0,0,0,0,0,0,0,0,0,100,100,100,0,0,0,0,100,100,100,100.000000,1600,5440,29.411765,10,10,10,10,116,316,0,16,100,5440,15040,0,0,0,0,116,300,0,0,0,282,8136
1243,4,4,0,0,0,0,0,0,0,0,0,100,100,100,0,0,0,0,100,100,100,100.000000,1600,5440,29.411765,10,10,10,10,116,316,0,16,100,5440,15040,0,0,0,0,116,300,0,0,0,312,8136
1244,4,4,0,0,0,0,0,0,0,0,0,100,100,100,0,0,0,0,100,100,100,100.000000,1600,5440,29.411765,10,10,10,10,116,316,0,16,100,5440,15040,0,0,0,0,116,300,0,0,0,293,8136
1245,4,4,0,0,0,0,0,0,0,0,0,100,100,100,0,0,0,0,100,100,100,100.000000,1600,5440,29.411765,10,10,10,10,116,316,0,16,100,5440,15040,0,0,0,0,116,300,0,0,0,294,8136
1246,4,4,0,0,0,0,0,0,0,0,0,100,100,100,0,0,0,0,100,100,100,100.000000,1600,5440,29.411765,10,10,10,10,116,316,0,16,100,5440,15040,0,0,0,0,116,300,0,0,0,319,8136
1247,4,4,0,0,0,0,0,0,0,0,0,100,100,100,0,0,0,0,100,100,100,100.000000,1600,5440,29.411765,10,10,10,10,116,316,0,16,100,5440,15040,0,0,0,0,116,300,0,0,0,296,8136
1248,4,4,0,0,0,0,0,0,0,0,0,100,100,100,0,0,0,0,100,100,100,100.000000,1600,5440,29.411765,10,10,10,10,116,316,0,16,100,5440,15040,0,0,0,0,116,300,0,0,0,303,8136
1249,4,4,0,0,0,0,0,0,0,0,0,100,100,100,0,0,0,0,100,100,100,100.000000,1600,5440,29.411765,10,10,10,10,116,316,0,16,100,5440,15040,0,0,0,0,116,300,0,0,0,337,8136
1250,4,4,0,0,0,0,0,0,0,0,0,100,100,100,0,0,0,0,100,100,100,100.000000,1600,5440,29.411765,10,10,10,10,116,316,0,16,100,5440,15040,0,0,0,0,116,300,0,0,0,292,8136
1251,4,4,0,0,0,0,0,0,0,0,0,100,100,100,0,0,0,0,100,100,100,100.000000,1600,5440,29.411765,10,10,10,10,116,316,0,16,100,5440,15040,0,0,0,0,116,300,0,0,0,308,8136
1252,4,4,0,0,0,0,0,0,0,0,0,100,100,100,0,0,0,0,100,100,100,100.000000,1600,5440,29.411765,10,10,10,10,116,316,0,16,100,5440,15040,0,0,0,0,116,300,0,0,0,284,8136
1253,4,4,0,0,0,0,0,0,0,0,0,100,100,100,0,0,0,0,100,100,100,100.000000,1600,5440,29.411765,10,10,10,10,116,316,0,16,100,5440,15040,0,0,0,0,116,300,0,0,0,277,8136
1254,4,4,0,0,0,0,0,0,0,0,0,100,100,100,0,0,0,0,100,100,100,100.000000,1600,5440,29.411765,10,10,10,10,116,316,0,16,100,5440,15040,0,0,0,0,116,300,0,0,0,293,8136
1255,4,4,0,0,0,0,0,0,0,0,0,100,100,100,0,0,0,0,100,100,100,100.000000,1600,5440,29.411765,10,10,10,10,116,316,0,16,100,5440,15040,0,0,0,0,116,300,0,0,0,299,8136
1256,4,4,0,0,0,0,0,0,0,0,0,100,100,100,0,0,0,0,100,100,100,100.000000,1600,5440,29.411765,10,10,10,10,116,316,0,16,100,5440,15040,0,0,0,0,116,300,0,0,0,311,8136
1257,4,4,0,0,0,0,0,0,0,0,0,100,100,100,0,0,0,0,100,100,100,100.000000,1600,5440,29.411765,10,10,10,10,116,316,0,16,100,5440,15040,0,0,0,0,116,300,0,0,0,286,8136
1258,4,4,0,0,0,0,0,0,0,0,0,100,100,100,0,0,0,0,100,100,100,100.000000,1600,5440,29.411765,10,10,10,10,116,316,0,16,100,5440,15040,0,0,0,0,116,300,0,0,0,297,8136
1259,4,4,0,0,0,0,0,0,0,0,0,100,100,100,0,0,0,0,100,100,100,100.000000,1600,5440,29.411765,10,10,10,10,116,316,0,16,100,5440,15040,0,0,0,0,116,300,0,0,0,275,8136
1260,4,4,0,0,0,0,0,0,0,0,0,100,100,100,0,0,0,0,100,100,100,100.000000,1600,5440,29.411765,10,10,10,10,116,316,0,16,100,5440,15040,0,0,0,0,116,300,0,0,0,289,8136
1261,4,4,0,0,0,0,0,0,0,0,0,100,100,100,0,0,0,0,100,100,100,100.000000,1600,5440,29.411765,10,10,10,10,116,316,0,16,100,5440,15040,0,0,0,0,116,300,0,0,0,276,8136
1262,4,4,0,0,0,0,0,0,0,0,0,100,100,100,0,0,0,0,100,100,100,100.000000,1600,5440,29.411765,10,10,10,10,116,316,0,16,100,5440,15040,0,0,0,0,116,300,0,0,0,279,8136
1263,4,4,0,0,0,0,0,0,0,0,0,100,100,100,0,0,0,0,100,100,100,100.000000,1600,5440,29.411765,10,10,10,10,116,316,0,16,100,5440,15040,0,0,0,0,116,300,0,0,0,275,8136
1264,4,4,0,0,0,0,0,0,0,0,0,100,100,100,0,0,0,0,100,100,100,100.000000,1600,5440,29.411765,10,10,10,10,116,316,0,16,100,5440,15040,0,0,0,0,116,300,0,0,0,291,8136
1265,4,4,0,0,0,0,0,0,0,0,0,100,100,100,0,0,0,0,100,100,100,100.000000,1600,5440,29.411765,10,10,10,10,116,316,0,16,100,5440,15040,0,0,0,0,116,300,0,0,0,288,8136
1266,4,4,0,0,0,0,0,0,0,0,0,100,100,100,0,0,0,0,100,100,100,100.000000,1600,5440,29.411765,10,10,10,10,116,316,0,16,100,5440,15040,0,0,0,0,116,300,0,0,0,290,8136
1267,4,4,0,0,0,0,0,0,0,0,0,100,100,100,0,0,0,0,100,100,100,100.000000,1600,5440,29.411765,10,10,10,10,116,316,0,16,100,5440,15040,0,0,0,0,116,300,0,0,0,273,8136
1268,4,4,0,0,0,0,0,0,0,0,0,100,100,100,0,0,0,0,100,100,100,100.000000,1600,5440,29.411765,10,10,10,10,116,316,0,16,100,5440,15040,0,0,0,0,116,300,0,0,0,322,8136
1269,4,4,0,0,0,0,0,0,0,0,0,100,100,100,0,0,0,0,100,100,100,100.000000,1600,5440,29.411765,10,10,10,10,116,316,0,16,100,5440,15040,0,0,0,0,116,300,0,0,0,273,8136
1270,4,4,0,0,0,0,0,0,0,0,0,100,100,100,0,0,0,0,100,100,100,100.000000,1600,5440,29.411765,10,10,10,10,116,316,0,16,100,5440,15040,0,0,0,0,116,300,0,0,0,261,8136
1271,4,4,0,0,0,0,0,0,0,0,0,100,100,100,0,0,0,0,100,100,100,100.000000,1600,5440,29.411765,10,10,10,10,116,316,0,16,100,5440,15040,0,0,0,0,116,300,0,0,0,272,8136
1272,4,4,0,0,0,0,0,0,0,0,0,100,100,100,0,0,0,0,100,100,100,100.000000,1600,5440,29.411765,10,10,10,10,116,316,0,16,100,5440,15040,0,0,0,0,116,300,0,0,0,288,8136
1273,4,4,0,0,0,0,0,0,0,0,0,100,100,100,0,0,0,0,100,100,100,100.000000,1600,5440,29.411765,10,10,10,10,116,316,0,16,100,5440,15040,0,0,0,0,116,300,0,0,0,275,8136
1274,4,4,0,0,0,0,0,0,0,0,0,100,100,100,0,0,0,0,100,100,100,100.000000,1600,5440,29.411765,10,10,10,10,116,316,0,16,100,5440,15040,0,0,0,0,116,300,0,0,0,263,8136
1275,4,4,0,0,0,0,0,0,0,0,0,100,100,100,0,0,0,0,100,100,100,100.000000,1600,5440,29.411765,10,10,10,10,116,316,0,16,100,5440,15040,0,0,0,0,116,300,0,0,0,259,8136
1276,4,4,0,0,0,0,0,0,0,0,0,100,100,100,0,0,0,0,100,100,100,100.000000,1600,5440,29.411765,10,10,10,10,116,316,0,16,100,5440,15040,0,0,0,0,116,300,0,0,0,283,8136
1277,4,4,0,0,0,0,0,0,0,0,0,100,100,100,0,0,0,0,100,100,100,100.000000,1600,5440,29.411765,10,10,10,10,116,316,0,16,100,5440,15040,0,0,0,0,116,300,0,0,0,286,8136
1278,4,4,0,0,0,0,0,0,0,0,0,100,100,100,0,0,0,0,100,100,100,100.000000,1600,5440,29.411765,10,10,10,10,116,316,0,16,100,5440,15040,0,0,0,0,116,300,0,0,0,281,8136
1279,4,4,0,0,0,0,0,0,0,0,0,100,100,100,0,0,0,0,100,100,100,100.000000,1600,5440,29.411765,10,10,10,10,116,316,0,16,100,5440,15040,0,0,0,0,116,300,0,0,0,278,8136
1280,4,4,0,0,0,0,0,0,0,0,0,100,100,100,0,0,0,0,100,100,100,100.000000,1600,5440,29.411765,10,10,10,10,116,316,0,16,100,5440,15040,0,0,0,0,116,300,0,0,0,302,8136
1281,4,4,0,0,0,0,0,0,0,0,0,100,100,100,0,0,0,0,100,100,100,100.000000,1600,5440,29.411765,10,10,10,10,116,316,0,16,100,5440,15040,0,0,0,0,116,300,0,0,0,296,8136
1282,4,4,0,0,0,0,0,0,0,0,0,100,100,100,0,0,0,0,100,100,100,100.000000,1600,5440,29.411765,10,10,10,10,116,316,0,16,100,5440,15040,0,0,0,0,116,300,0,0,0,282,8136
1283,4,4,0,0,0,0,0,0,0,0,0,100,100,100,0,0,0,0,100,100,100,100.000000,1600,5440,29.411765,10,10,10,10,116,316,0,16,100,5440,15040,0,0,0,0,116,300,0,0,0,262,8136
1284,4,4,0,0,0,0,0,0,0,0,0,100,100,100,0,0,0,0,100,100,100,100.000000,1600,5440,29.411765,10,10,10,10,116,316,0,16,100,5440,15040,0,0,0,0,116,300,0,0,0,274,8136
1285,4,4,0,0,0,0,0,0,0,0,0,100,100,100,0,0,0,0,100,100,100,100.000000,1600,5440,29.411765,10,10,10,10,116,316,0,16,100,5440,15040,0,0,0,0,116,300,0,0,0,267,8136
1286,4,4,0,0,0,0,0,0,0,0,0,100,100,100,0,0,0,0,100,100,100,100.000000,1600,5440,29.411765,10,10,10,10,116,316,0,16,100,5440,15040,0,0,0,0,116,300,0,0,0,261,8136
1287,4,4,0,0,0,0,0,0,0,0,0,100,100,100,0,0,0,0,100,100,100,100.000000,1600,5440,29.411765,10,10,10,10,116,316,0,16,100,5440,15040,0,0,0,0,116,300,0,0,0,274,8136
1288,4,4,0,0,0,0,0,0,0,0,0,100,100,100,0,0,0,0,100,100,100,100.000000,1600,5440,29.411765,10,10,10,10,116,316,0,16,100,5440,15040,0,0,0,0,116,300,0,0,0,302,8136
1289,4,4,0,0,0,0,0,0,0,0,0,100,100,100,0,0,0,0,100,100,100,100.000000,1600,5440,29.411765,10,10,10,10,116,316,0,16,100,5440,15040,0,0,0,0,116,300,0,0,0,285,8136
1290,4,4,0,0,0,0,0,0,0,0,0,100,100,100,0,0,0,0,100,100,100,100.000000,1600,5440,29.411765,10,10,10,10,116,316,0,16,100,5440,15040,0,0,0,0,116,300,0,0,0,280,8136
1291,4,4,0,0,0,0,0,0,0,0,0,100,100,100,0,0,0,0,100,100,100,100.000000,1600,5440,29.411765,10,10,10,10,116,316,0,16,100,5440,15040,0,0,0,0,116,300,0,0,0,255,8136
1292,4,4,0,0,0,0,0,0,0,0,0,100,100,100,0,0,0,0,100,100,100,100.000000,1600,5440,29.411765,10,10,10,10,116,316,0,16,100,5440,15040,0,0,0,0,116,300,0,0,0,263,8136
1293,4,4,0,0,0,0,0,0,0,0,0,100,100,100,0,0,0,0,100,100,100,100.000000,1600,5440,29.411765,10,10,10,10,116,316,0,16,100,5440,15040,0,0,0,0,116,300,0,0,0,273,8136
1294,4,4,0,0,0,0,0,0,0,0,0,100,100,100,0,0,0,0,100,100,100,100.000000,1600,5440,29.411765,10,10,10,10,116,316,0,16,100,5440,15040,0,0,0,0,116,300,0,0,0,288,8136
1295,4,4,0,0,0,0,0,0,0,0,0,100,100,100,0,0,0,0,100,100,100,100.000000,1600,5440,29.411765,10,10,10,10,116,316,0,16,100,5440,15040,0,0,0,0,116,300,0,0,0,283,8136
1296,4,4,0,0,0,0,0,0,0,0,0,100,100,100,0,0,0,0,100,100,100,100.000000,1600,5440,29.411765,10,10,10,10,116,316,0,16,100,5440,15040,0,0,0,0,116,300,0,0,0,298,8136
1297,4,4,0,0,0,0,0,0,0,0,0,100,100,100,0,0,0,0,100,100,100,100.000000,1600,5440,29.411765,10,10,10,10,116,316,0,16,100,5440,15040,0,0,0,0,116,300,0,0,0,281,8136
1298,4,4,0,0,0,0,0,0,0,0,0,100,100,100,0,0,0,0,100,100,100,100.000000,1600,5440,29.411765,10,10,10,10,116,316,0,16,100,5440,15040,0,0,0,0,116,300,0,0,0,284,8136
1299,4,4,0,0,0,0,0,0,0,0,0,100,100,100,0,0,0,0,100,100,100,100.000000,1600,5440,29.411765,10,10,10,10,116,316,0,16,100,5440,15040,0,0,0,0,116,300,0,0,0,273,8136
1300,4,4,0,0,0,0,0,0,0,0,0,100,100,100,0,0,0,0,100,100,100,100.000000,1600,5440,29.411765,10,10,10,10,116,316,0,16,100,5440,15040,0,0,0,0,116,300,0,0,0,269,8136
1301,4,4,0,0,0,0,0,0,0,0,0,100,100,100,0,0,0,0,100,100,100,100.000000,1600,5440,29.411765,10,10,10,10,116,316,0,16,100,5440,15040,0,0,0,0,116,300,0,0,0,268,8136
1302,4,4,0,0,0,0,0,0,0,0,0,100,100,100,0,0,0,0,100,100,100,100.000000,1600,5440,29.411765,10,10,10,10,116,316,0,16,100,5440,15040,0,0,0,0,116,300,0,0,0,281,8136
1303,4,4,0,0,0,0,0,0,0,0,0,100,100,100,0,0,0,0,100,100,100,100.000000,1600,5440,29.411765,10,10,10,10,116,316,0,16,100,5440,15040,0,0,0,0,116,300,0,0,0,282,8136
1304,4,4,0,0,0,0,0,0,0,0,0,100,100,100,0,0,0,0,100,100,100,100.000000,1600,5440,29.411765,10,10,10,10,116,316,0,16,100,5440,15040,0,0,0,0,116,300,0,0,0,290,8136
1305,4,4,0,0,0,0,0,0,0,0,0,100,100,100,0,0,0,0,100,100,100,100.000000,1600,5440,29.411765,10,10,10,10,116,316,0,16,100,5440,15040,0,0,0,0,116,300,0,0,0,289,8136
1306,4,4,0,0,0,0,0,0,0,0,0,100,100,100,0,0,0,0,100,100,100,100.000000,1600,5440,29.411765,10,10,10,10,116,316,0,16,100,5440,15040,0,0,0,0,116,300,0,0,0,308,8136
1307,4,4,0,0,0,0,0,0,0,0,0,100,100,100,0,0,0,0,100,100,100,100.000000,1600,5440,29.411765,10,10,10,10,116,316,0,16,100,5440,15040,0,0,0,0,116,300,0,0,0,266,8136
1308,4,4,0,0,0,0,0,0,0,0,0,100,100,100,0,0,0,0,100,100,100,100.000000,1600,5440,29.411765,10,10,10,10,116,316,0,16,100,5440,15040,0,0,0,0,116,300,0,0,0,269,8136
1309,4,4,0,0,0,0,0,0,0,0,0,100,100,100,0,0,0,0,100,100,100,100.000000,1600,5440,29.411765,10,10,10,10,116,316,0,16,100,5440,15040,0,0,0,0,116,300,0,0,0,269,8136
1310,4,4,0,0,0,0,0,0,0,0,0,100,100,100,0,0,0,0,100,100,100,100.000000,1600,5440,29.411765,10,10,10,10,116,316,0,16,100,5440,15040,0,0,0,0,116,300,0,0,0,279,8136
1311,4,4,0,0,0,0,0,0,0,0,0,100,100,100,0,0,0,0,100,100,100,100.000000,1600,5440,29.411765,10,10,10,10,116,316,0,16,100,5440,15040,0,0,0,0,116,300,0,0,0,264,8136
1312,4,4,0,0,0,0,0,0,0,0,0,100,100,100,0,0,0,0,100,100,100,100.000000,1600,5440,29.411765,10,10,10,10,116,316,0,16,100,5440,15040,0,0,0,0,116,300,0,0,0,291,8136
1313,4,4,0,0,0,0,0,0,0,0,0,100,100,100,0,0,0,0,100,100,100,100.000000,1600,5440,29.411765,10,10,10,10,116,316,0,16,100,5440,15040,0,0,0,0,116,300,0,0,0,269,8136
1314,4,4,0,0,0,0,0,0,0,0,0,100,100,100,0,0,0,0,100,100,100,100.000000,1600,5440,29.411765,10,10,10,10,116,316,0,16,100,5440,15040,0,0,0,0,116,300,0,0,0,275,8136
1315,4,4,0,0,0,0,0,0,0,0,0,100,100,100,0,0,0,0,100,100,100,100.000000,1600,5440,29.411765,10,10,10,10,116,316,0,16,100,5440,15040,0,0,0,0,116,300,0,0,0,266,8136
1316,4,4,0,0,0,0,0,0,0,0,0,100,100,100,0,0,0,0,100,100,100,100.000000,1600,5440,29.411765,10,10,10,10,116,316,0,16,100,5440,15040,0,0,0,0,116,300,0,0,0,283,8136
1317,4,4,0,0,0,0,0,0,0,0,0,100,100,100,0,0,0,0,100,100,100,100.000000,1600,5440,29.411765,10,10,10,10,116,316,0,16,100,5440,15040,0,0,0,0,116,300,0,0,0,263,8136
1318,4,4,0,0,0,0,0,0,0,0,0,100,100,100,0,0,0,0,100,100,100,100.000000,1600,5440,29.411765,10,10,10,10,116,316,0,16,100,5440,15040,0,0,0,0,116,300,0,0,0,270,8136
1319,4,4,0,0,0,0,0,0,0,0,0,100,100,100,0,0,0,0,100,100,100,100.000000,1600,5440,29.411765,10,10,10,10,116,316,0,16,100,5440,15040,0,0,0,0,116,300,0,0,0,278,8136
1320,4,4,0,0,0,0,0,0,0,0,0,100,100,100,0,0,0,0,100,100,100,100.000000,1600,5440,29.411765,10,10,10,10,116,316,0,16,100,5440,15040,0,0,0,0,116,300,0,0,0,289,8136
1321,4,4,0,0,0,0,0,0,0,0,0,100,100,100,0,0,0,0,100,100,100,100.000000,1600,5440,29.411765,10,10,10,10,116,316,0,16,100,5440,15040,0,0,0,0,116,300,0,0,0,275,8136
1322,4,4,0,0,0,0,0,0,0,0,0,100,100,100,0,0,0,0,100,100,100,100.000000,1600,5440,29.411765,10,10,10,10,116,316,0,16,100,5440,15040,0,0,0,0,116,300,0,0,0,280,8136
1323,4,4,0,0,0,0,0,0,0,0,0,100,100,100,0,0,0,0,100,100,100,100.000000,1600,5440,29.411765,10,10,10,10,116,316,0,16,100,5440,15040,0,0,0,0,116,300,0,0,0,268,8136
1324,4,4,0,0,0,0,0,0,0,0,0,100,100,100,0,0,0,0,100,100,100,100.000000,1600,5440,29.411765,10,10,10,10,116,316,0,16,100,5440,15040,0,0,0,0,116,300,0,0,0,267,8136
1325,4,4,0,0,0,0,0,0,0,0,0,100,100,100,0,0,0,0,100,100,100,100.000000,1600,5440,29.411765,10,10,10,10,116,316,0,16,100,5440,15040,0,0,0,0,116,300,0,0,0,278,8136
1326,4,4,0,0,0,0,0,0,0,0,0,100,100,100,0,0,0,0,100,100,100,100.000000,1600,5440,29.411765,10,10,10,10,116,316,0,16,100,5440,15040,0,0,0,0,116,300,0,0,0,265,8136
1327,4,4,0,0,0,0,0,0,0,0,0,100,100,100,0,0,0,0,100,100,100,100.000000,1600,5440,29.411765,10,10,10,10,116,316,0,16,100,5440,15040,0,0,0,0,116,300,0,0,0,262,8136
1328,4,4,0,0,0,0,0,0,0,0,0,100,100,100,0,0,0,0,100,100,100,100.000000,1600,5440,29.411765,10,10,10,10,116,316,0,16,100,5440,15040,0,0,0,0,116,300,0,0,0,287,8136
1329,4,4,0,0,0,0,0,0,0,0,0,100,100,100,0,0,0,0,100,100,100,100.000000,1600,5440,29.411765,10,10,10,10,116,316,0,16,100,5440,15040,0,0,0,0,116,300,0,0,0,275,8136
1330,4,4,0,0,0,0,0,0,0,0,0,100,100,100,0,0,0,0,100,100,100,100.000000,1600,5440,29.411765,10,10,10,10,116,316,0,16,100,5440,15040,0,0,0,0,116,300,0,0,0,271,8136
1331,4,4,0,0,0,0,0,0,0,0,0,100,100,100,0,0,0,0,100,100,100,100.000000,1600,5440,29.411765,10,10,10,10,116,316,0,16,100,5440,15040,0,0,0,0,116,300,0,0,0,263,8136
1332,4,4,0,0,0,0,0,0,0,0,0,100,100,100,0,0,0,0,100,100,100,100.000000,1600,5440,29.411765,10,10,10,10,116,316,0,16,100,5440,15040,0,0,0,0,116,300,0,0,0,268,8136
1333,4,4,0,0,0,0,0,0,0,0,0,100,100,100,0,0,0,0,100,100,100,100.000000,1600,5440,29.411765,10,10,10,10,116,316,0,16,100,5440,15040,0,0,0,0,116,300,0,0,0,264,8136
1334,4,4,0,0,0,0,0,0,0,0,0,100,100,100,0,0,0,0,100,100,100,100.000000,1600,5440,29.411765,10,10,10,10,116,316,0,16,100,5440,15040,0,0,0,0,116,300,0,0,0,276,8136
1335,4,4,0,0,0,0,0,0,0,0,0,100,100,100,0,0,0,0,100,100,100,100.000000,1600,5440,29.411765,10,10,10,10,116,316,0,16,100,5440,15040,0,0,0,0,116,300,0,0,0,279,8136
1336,4,4,0,0,0,0,0,0,0,0,0,100,100,100,0,0,0,0,100,100,100,100.000000,1600,5440,29.411765,10,10,10,10,116,316,0,16,100,5440,15040,0,0,0,0,116,300,0,0,0,288,8136
1337,4,4,0,0,0,0,0,0,0,0,0,100,100,100,0,0,0,0,100,100,100,100.000000,1600,5440,29.411765,10,10,10,10,116,316,0,16,100,5440,15040,0,0,0,0,116,300,0,0,0,315,8136
1338,4,4,0,0,0,0,0,0,0,0,0,100,100,100,0,0,0,0,100,100,100,100.000000,1600,5440,29.411765,10,10,10,10,116,316,0,16,100,5440,15040,0,0,0,0,116,300,0,0,0,276,8136
1339,4,4,0,0,0,0,0,0,0,0,0,100,100,100,0,0,0,0,100,100,100,100.000000,1600,5440,29.411765,10,10,10,10,116,316,0,16,100,5440,15040,0,0,0,0,116,300,0,0,0,262,8136
1340,4,4,0,0,0,0,0,0,0,0,0,100,100,100,0,0,0,0,100,100,100,100.000000,1600,5440,29.411765,10,10,10,10,116,316,0,16,100,5440,15040,0,0,0,0,116,300,0,0,0,272,8136
1341,4,4,0,0,0,0,0,0,0,0,0,100,100,100,0,0,0,0,100,100,100,100.000000,1600,5440,29.411765,10,10,10,10,116,316,0,16,100,5440,15040,0,0,0,0,116,300,0,0,0,268,8136
1342,4,4,0,0,0,0,0,0,0,0,0,100,100,100,0,0,0,0,100,100,100,100.000000,1600,5440,29.411765,10,10,10,10,116,316,0,16,100,5440,15040,0,0,0,0,116,300,0,0,0,262,8136
1343,4,4,0,0,0,0,0,0,0,0,0,100,100,100,0,0,0,0,100,100,100,100.000000,1600,5440,29.411765,10,10,10,10,116,316,0,16,100,5440,15040,0,0,0,0,116,300,0,0,0,256,8136
1344,4,4,0,0,0,0,0,0,0,0,0,100,100,100,0,0,0,0,100,100,100,100.000000,1600,5440,29.411765,10,10,10,10,116,316,0,16,100,5440,15040,0,0,0,0,116,300,0,0,0,291,8136
1345,4,4,0,0,0,0,0,0,0,0,0,100,100,100,0,0,0,0,100,100,100,100.000000,1600,5440,29.411765,10,10,10,10,116,316,0,16,100,5440,15040,0,0,0,0,116,300,0,0,0,278,8136
1346,4,4,0,0,0,0,0,0,0,0,0,100,100,100,0,0,0,0,100,100,100,100.000000,1600,5440,29.411765,10,10,10,10,116,316,0,16,100,5440,15040,0,0,0,0,116,300,0,0,0,259,8136
1347,4,4,0,0,0,0,0,0,0,0,0,100,100,100,0,0,0,0,100,100,100,100.000000,1600,5440,29.411765,10,10,10,10,116,316,0,16,100,5440,15040,0,0,0,0,116,300,0,0,0,258,8136
1348,4,4,0,0,0,0,0,0,0,0,0,100,100,100,0,0,0,0,100,100,100,100.000000,1600,5440,29.411765,10,10,10,10,116,316,0,16,100,5440,15040,0,0,0,0,116,300,0,0,0,268,8136
1349,4,4,0,0,0,0,0,0,0,0,0,100,100,100,0,0,0,0,100,100,100,100.000000,1600,5440,29.411765,10,10,10,10,116,316,0,16,100,5440,15040,0,0,0,0,116,300,0,0,0,253,8136
1350,4,4,0,0,0,0,0,0,0,0,0,100,100,100,0,0,0,0,100,100,100,100.000000,1600,5440,29.411765,10,10,10,10,116,316,0,16,100,5440,15040,0,0,0,0,116,300,0,0,0,263,8136
1351,4,4,0,0,0,0,0,0,0,0,0,100,100,100,0,0,0,0,100,100,100,100.000000,1600,5440,29.411765,10,10,10,10,116,316,0,16,100,5440,15040,0,0,0,0,116,300,0,0,0,266,8136
1352,4,4,0,0,0,0,0,0,0,0,0,100,100,100,0,0,0,0,100,100,100,100.000000,1600,5440,29.411765,10,10,10,10,116,316,0,16,100,5440,15040,0,0,0,0,116,300,0,0,0,293,8136
1353,4,4,0,0,0,0,0,0,0,0,0,100,100,100,0,0,0,0,100,100,100,100.000000,1600,5440,29.411765,10,10,10,10,116,316,0,16,100,5440,15040,0,0,0,0,116,300,0,0,0,266,8136
1354,4,4,0,0,0,0,0,0,0,0,0,100,100,100,0,0,0,0,100,100,100,100.000000,1600,5440,29.411765,10,10,10,10,116,316,0,16,100,5440,15040,0,0,0,0,116,300,0,0,0,254,8136
1355,4,4,0,0,0,0,0,0,0,0,0,100,100,100,0,0,0,0,100,100,100,100.000000,1600,5440,29.411765,10,10,10,10,116,316,0,16,100,5440,15040,0,0,0,0,116,300,0,0,0,257,8136
1356,4,4,0,0,0,0,0,0,0,0,0,100,100,100,0,0,0,0,100,100,100,100.000000,1600,5440,29.411765,10,10,10,10,116,316,0,16,100,5440,15040,0,0,0,0,116,300,0,0,0,257,8136
1357,4,4,0,0,0,0,0,0,0,0,0,100,100,100,0,0,0,0,100,100,100,100.000000,1600,5440,29.411765,10,10,10,10,116,316,0,16,100,5440,15040,0,0,0,0,116,300,0,0,0,258,8136
1358,4,4,0,0,0,0,0,0,0,0,0,100,100,100,0,0,0,0,100,100,100,100.000000,1600,5440,29.411765,10,10,10,10,116,316,0,16,100,5440,15040,0,0,0,0,116,300,0,0,0,261,8136
1359,4,4,0,0,0,0,0,0,0,0,0,100,100,100,0,0,0,0,100,100,100,100.000000,1600,5440,29.411765,10,10,10,10,116,316,0,16,100,5440,15040,0,0,0,0,116,300,0,0,0,259,8136
1360,4,4,0,0,0,0,0,0,0,0,0,100,100,100,0,0,0,0,100,100,100,100.000000,1600,5440,29.411765,10,10,10,10,116,316,0,16,100,5440,15040,0,0,0,0,116,300,0,0,0,273,8136
1361,4,4,0,0,0,0,0,0,0,0,0,100,100,100,0,0,0,0,100,100,100,100.000000,1600,5440,29.411765,10,10,10,10,116,316,0,16,100,5440,15040,0,0,0,0,116,300,0,0,0,264,8136
1362,4,4,0,0,0,0,0,0,0,0,0,100,100,100,0,0,0,0,100,100,100,100.000000,1600,5440,29.411765,10,10,10,10,116,316,0,16,100,5440,15040,0,0,0,0,116,300,0,0,0,266,8136
1363,4,4,0,0,0,0,0,0,0,0,0,100,100,100,0,0,0,0,100,100,100,100.000000,1600,5440,29.411765,10,10,10,10,116,316,0,16,100,5440,15040,0,0,0,0,116,300,0,0,0,260,8136
1364,4,4,0,0,0,0,0,0,0,0,0,100,100,100,0,0,0,0,100,100,100,100.000000,1600,5440,29.411765,10,10,10,10,116,316,0,16,100,5440,15040,0,0,0,0,116,300,0,0,0,253,8136
1365,4,4,0,0,0,0,0,0,0,0,0,100,100,100,0,0,0,0,100,100,100,100.000000,1600,5440,29.411765,10,10,10,10,116,316,0,16,100,5440,15040,0,0,0,0,116,300,0,0,0,257,8136
1366,1,1,0,0,0,0,0,0,0,0,0,100,100,100,0,0,0,0,100,100,100,100.000000,1600,4960,32.258065,10,10,10,10,104,4,0,4,100,4960,160,0,0,0,0,104,0,0,0,0,113,8136
1367,1,1,0,0,0,0,0,0,0,0,0,100,100,100,0,0,0,0,100,100,100,100.000000,1600,4960,32.258065,10,10,10,10,104,4,0,4,100,4960,160,0,0,0,0,104,0,0,0,0,102,8136
1368,1,1,0,0,0,0,0,0,0,0,0,100,100,100,0,0,0,0,100,100,100,100.000000,1600,4960,32.258065,10,10,10,10,104,4,0,4,100,4960,160,0,0,0,0,104,0,0,0,0,106,8136
1369,1,1,0,0,0,0,0,0,0,0,0,100,100,100,0,0,0,0,100,100,100,100.000000,1600,4960,32.258065,10,10,10,10,104,4,0,4,100,4960,160,0,0,0,0,104,0,0,0,0,114,8136
1370,1,1,0,0,0,0,0,0,0,0,0,100,100,100,0,0,0,0,100,100,100,100.000000,1600,4960,32.258065,10,10,10,10,104,4,0,4,100,4960,160,0,0,0,0,104,0,0,0,0,114,8136
1371,1,1,0,0,0,0,0,0,0,0,0,100,100,100,0,0,0,0,100,100,100,100.000000,1600,4960,32.258065,10,10,10,10,104,4,0,4,100,4960,160,0,0,0,0,104,0,0,0,0,108,8136
1372,1,1,0,0,0,0,0,0,0,0,0,100,100,100,0,0,0,0,100,100,100,100.000000,1600,4960,32.258065,10,10,10,10,104,4,0,4,100,4960,160,0,0,0,0,104,0,0,0,0,101,8136
1373,1,1,0,0,0,0,0,0,0,0,0,100,100,100,0,0,0,0,100,100,100,100.000000,1600,4960,32.258065,10,10,10,10,104,4,0,4,100,4960,160,0,0,0,0,104,0,0,0,0,111,8136
1374,1,1,0,0,0,0,0,0,0,0,0,100,100,100,0,0,0,0,100,100,100,100.000000,1600,4960,32.258065,10,10,10,10,104,4,0,4,100,4960,160,0,0,0,0,104,0,0,0,0,112,8136
1375,1,1,0,0,0,0,0,0,0,0,0,100,100,100,0,0,0,0,100,100,100,100.000000,1600,4960,32.258065,10,10,10,10,104,4,0,4,100,4960,160,0,0,0,0,104,0,0,0,0,106,8136
1376,1,1,0,0,0,0,0,0,0,0,0,100,100,100,0,0,0,0,100,100,100,100.000000,1600,4960,32.258065,10,10,10,10,104,4,0,4,100,4960,160,0,0,0,0,104,0,0,0,0,111,8136
1377,1,1,0,0,0,0,0,0,0,0,0,100,100,100,0,0,0,0,100,100,100,100.000000,1600,4960,32.258065,10,10,10,10,104,4,0,4,100,4960,160,0,0,0,0,104,0,0,0,0,113,8136
1378,1,1,0,0,0,0,0,0,0,0,0,100,100,100,0,0,0,0,100,100,100,100.000000,1600,4960,32.258065,10,10,10,10,104,4,0,4,100,4960,160,0,0,0,0,104,0,0,0,0,118,8136
1379,1,1,0,0,0,0,0,0,0,0,0,100,100,100,0,0,0,0,100,100,100,100.000000,1600,4960,32.258065,10,10,10,10,104,4,0,4,100,4960,160,0,0,0,0,104,0,0,0,0,109,8136
1380,1,1,0,0,0,0,0,0,0,0,0,100,100,100,0,0,0,0,100,100,100,100.000000,1600,4960,32.258065,10,10,10,10,104,4,0,4,100,4960,160,0,0,0,0,104,0,0,0,0,105,8136
1381,1,1,0,0,0,0,0,0,0,0,0,100,100,100,0,0,0,0,100,100,100,100.000000,1600,4960,32.258065,10,10,10,10,104,4,0,4,100,4960,160,0,0,0,0,104,0,0,0,0,115,8136
1382,1,1,0,0,0,0,0,0,0,0,0,100,100,100,0,0,0,0,100,100,100,100.000000,1600,4960,32.258065,10,10,10,10,104,4,0,4,100,4960,160,0,0,0,0,104,0,0,0,0,107,8136
1383,1,1,0,0,0,0,0,0,0,0,0,100,100,100,0,0,0,0,100,100,100,100.000000,1600,4960,32.258065,10,10,10,10,104,4,0,4,100,4960,160,0,0,0,0,104,0,0,0,0,108,8136
1384,1,1,0,0,0,0,0,0,0,0,0,100,100,100,0,0,0,0,100,100,100,100.000000,1600,4960,32.258065,10,10,10,10,104,4,0,4,100,4960,160,0,0,0,0,104,0,0,0,0,115,8136
1385,1,1,0,0,0,0,0,0,0,0,0,100,100,100,0,0,0,0,100,100,100,100.000000,1600,4960,32.258065,10,10,10,10,104,4,0,4,100,4960,160,0,0,0,0,104,0,0,0,0,121,8136
1386,1,1,0,0,0,0,0,0,0,0,0,100,100,100,0,0,0,0,100,100,100,100.000000,1600,4960,32.258065,10,10,10,10,104,4,0,4,100,4960,160,0,0,0,0,104,0,0,0,0,115,8136
1387,1,1,0,0,0,0,0,0,0,0,0,100,100,100,0,0,0,0,100,100,100,100.000000,1600,4960,32.258065,10,10,10,10,104,4,0,4,100,4960,160,0,0,0,0,104,0,0,0,0,108,8136
1388,1,1,0,0,0,0,0,0,0,0,0,100,100,100,0,0,0,0,100,100,100,100.000000,1600,4960,32.258065,10,10,10,10,104,4,0,4,100,4960,160,0,0,0,0,104,0,0,0,0,109,8136
1389,1,1,0,0,0,0,0,0,0,0,0,100,100,100,0,0,0,0,100,100,100,100.000000,1600,4960,32.258065,10,10,10,10,104,4,0,4,100,4960,160,0,0,0,0,104,0,0,0,0,111,8136
1390,1,1,0,0,0,0,0,0,0,0,0,100,100,100,0,0,0,0,100,100,100,100.000000,1600,4960,32.258065,10,10,10,10,104,4,0,4,100,4960,160,0,0,0,0,104,0,0,0,0,106,8136
1391,1,1,0,0,0,0,0,0,0,0,0,100,100,100,0,0,0,0,100,100,100,100.000000,1600,4960,32.258065,10,10,10,10,104,4,0,4,100,4960,160,0,0,0,0,104,0,0,0,0,109,8136
1392,1,1,0,0,0,0,0,0,0,0,0,100,100,100,0,0,0,0,100,100,100,100.000000,1600,4960,32.258065,10,10,10,10,104,4,0,4,100,4960,160,0,0,0,0,104,0,0,0,0,108,8136
1393,1,1,0,0,0,0,0,0,0,0,0,100,100,100,0,0,0,0,100,100,100,100.000000,1600,4960,32.258065,10,10,10,10,104,4,0,4,100,4960,160,0,0,0,0,104,0,0,0,0,122,8136
1394,1,1,0,0,0,0,0,0,0,0,0,100,100,100,0,0,0,0,100,100,100,100.000000,1600,4960,32.258065,10,10,10,10,104,4,0,4,100,4960,160,0,0,0,0,104,0,0,0,0,111,8136
1395,1,1,0,0,0,0,0,0,0,0,0,100,100,100,0,0,0,0,100,100,100,100.000000,1600,4960,32.258065,10,10,10,10,104,4,0,4,100,4960,160,0,0,0,0,104,0,0,0,0,105,8136
1396,1,1,0,0,0,0,0,0,0,0,0,100,100,100,0,0,0,0,100,100,100,100.000000,1600,4960,32.258065,10,10,10,10,104,4,0,4,100,4960,160,0,0,0,0,104,0,0,0,0,100,8136
1397,1,1,0,0,0,0,0,0,0,0,0,100,100,100,0,0,0,0,100,100,100,100.000000,1600,4960,32.258065,10,10,10,10,104,4,0,4,100,4960,160,0,0,0,0,104,0,0,0,0,118,8136
1398,1,1,0,0,0,0,0,0,0,0,0,100,100,100,0,0,0,0,100,100,100,100.000000,1600,4960,32.258065,10,10,10,10,104,4,0,4,100,4960,160,0,0,0,0,104,0,0,0,0,106,8136
1399,1,1,0,0,0,0,0,0,0,0,0,100,100,100,0,0,0,0,100,100,100,100.000000,1600,4960,32.258065,10,10,10,10,104,4,0,4,100,4960,160,0,0,0,0,104,0,0,0,0,109,8136
1400,1,1,0,0,0,0,0,0,0,0,0,100,100,100,0,0,0,0,100,100,100,100.000000,1600,4960,32.258065,10,10,10,10,104,4,0,4,100,4960,160,0,0,0,0,104,0,0,0,0,110,8136
1401,1,1,0,0,0,0,0,0,0,0,0,100,100,100,0,0,0,0,100,100,100,100.000000,1600,4960,32.258065,10,10,10,10,104,4,0,4,100,4960,160,0,0,0,0,104,0,0,0,0,118,8136
1402,1,1,0,0,0,0,0,0,0,0,0,100,100,100,0,0,0,0,100,100,100,100.000000,1600,4960,32.258065,10,10,10,10,104,4,0,4,100,4960,160,0,0,0,0,104,0,0,0,0,115,8136
1403,1,1,0,0,0,0,0,0,0,0,0,100,100,100,0,0,0,0,100,100,100,100.000000,1600,4960,32.258065,10,10,10,10,104,4,0,4,100,4960,160,0,0,0,0,104,0,0,0,0,113,8136
1404,1,1,0,0,0,0,0,0,0,0,0,100,100,100,0,0,0,0,100,100,100,100.000000,1600,4960,32.258065,10,10,10,10,104,4,0,4,100,4960,160,0,0,0,0,104,0,0,0,0,103,8136
1405,1,1,0,0,0,0,0,0,0,0,0,100,100,100,0,0,0,0,100,100,100,100.000000,1600,4960,32.258065,10,10,10,10,104,4,0,4,100,4960,160,0,0,0,0,104,0,0,0,0,111,8136
1406,1,1,0,0,0,0,0,0,0,0,0,100,100,100,0,0,0,0,100,100,100,100.000000,1600,4960,32.258065,10,10,10,10,104,4,0,4,100,4960,160,0,0,0,0,104,0,0,0,0,126,8136
1407,1,1,0,0,0,0,0,0,0,0,0,100,100,100,0,0,0,0,100,100,100,100.000000,1600,4960,32.258065,10,10,10,10,104,4,0,4,100,4960,160,0,0,0,0,104,0,0,0,0,107,8136
1408,1,1,0,0,0,0,0,0,0,0,0,100,100,100,0,0,0,0,100,100,100,100.000000,1600,4960,32.258065,10,10,10,10,104,4,0,4,100,4960,160,0,0,0,0,104,0,0,0,0,112,8136
1409,1,1,0,0,0,0,0,0,0,0,0,100,100,100,0,0,0,0,100,100,100,100.000000,1600,4960,32.258065,10,10,10,10,104,4,0,4,100,4960,160,0,0,0,0,104,0,0,0,0,116,8136
1410,1,1,0,0,0,0,0,0,0,0,0,100,100,100,0,0,0,0,100,100,100,100.000000,1600,4960,32.258065,10,10,10,10,104,4,0,4,100,4960,160,0,0,0,0,104,0,0,0,0,113,8136
1411,1,1,0,0,0,0,0,0,0,0,0,100,100,100,0,0,0,0,100,100,100,100.000000,1600,4960,32.258065,10,10,10,10,104,4,0,4,100,4960,160,0,0,0,0,104,0,0,0,0,113,8136
1412,1,1,0,0,0,0,0,0,0,0,0,100,100,100,0,0,0,0,100,100,100,100.000000,1600,4960,32.258065,10,10,10,10,104,4,0,4,100,4960,160,0,0,0,0,104,0,0,0,0,106,8136
1413,1,1,0,0,0,0,0,0,0,0,0,100,100,100,0,0,0,0,100,100,100,100.000000,1600,4960,32.258065,10,10,10,10,104,4,0,4,100,4960,160,0,0,0,0,104,0,0,0,0,112,8136
1414,1,1,0,0,0,0,0,0,0,0,0,100,100,100,0,0,0,0,100,100,100,100.000000,1600,4960,32.258065,10,10,10,10,104,4,0,4,100,4960,160,0,0,0,0,104,0,0,0,0,110,8136
1415,1,1,0,0,0,0,0,0,0,0,0,100,100,100,0,0,0,0,100,100,100,100.000000,1600,4960,32.258065,10,10,10,10,104,4,0,4,100,4960,160,0,0,0,0,104,0,0,0,0,108,8136
1416,1,1,0,0,0,0,0,0,0,0,0,100,100,100,0,0,0,0,100,100,100,100.000000,1600,4960,32.258065,10,10,10,10,104,4,0,4,100,4960,160,0,0,0,0,104,0,0,0,0,114,8136
1417,1,1,0,0,0,0,0,0,0,0,0,100,100,100,0,0,0,0,100,100,100,100.000000,1600,4960,32.258065,10,10,10,10,104,4,0,4,100,4960,160,0,0,0,0,104,0,0,0,0,190,8136
1418,1,1,0,0,0,0,0,0,0,0,0,100,100,100,0,0,0,0,100,100,100,100.000000,1600,4960,32.258065,10,10,10,10,104,4,0,4,100,4960,160,0,0,0,0,104,0,0,0,0,119,8136
1419,1,1,0,0,0,0,0,0,0,0,0,100,100,100,0,0,0,0,100,100,100,100.000000,1600,4960,32.258065,10,10,10,10,104,4,0,4,100,4960,160,0,0,0,0,104,0,0,0,0,121,8136
1420,1,1,0,0,0,0,0,0,0,0,0,100,100,100,0,0,0,0,100,100,100,100.000000,1600,4960,32.258065,10,10,10,10,104,4,0,4,100,4960,160,0,0,0,0,104,0,0,0,0,134,8136
1421,1,1,0,0,0,0,0,0,0,0,0,100,100,100,0,0,0,0,100,100,100,100.000000,1600,4960,32.258065,10,10,10,10,104,4,0,4,100,4960,160,0,0,0,0,104,0,0,0,0,110,8136
1422,1,1,0,0,0,0,0,0,0,0,0,100,100,100,0,0,0,0,100,100,100,100.000000,1600,4960,32.258065,10,10,10,10,104,4,0,4,100,4960,160,0,0,0,0,104,0,0,0,0,110,8136
1423,1,1,0,0,0,0,0,0,0,0,0,100,100,100,0,0,0,0,100,100,100,100.000000,1600,4960,32.258065,10,10,10,10,104,4,0,4,100,4960,160,0,0,0,0,104,0,0,0,0,121,8136
1424,1,1,0,0,0,0,0,0,0,0,0,100,100,100,0,0,0,0,100,100,100,100.000000,1600,4960,32.258065,10,10,10,10,104,4,0,4,100,4960,160,0,0,0,0,104,0,0,0,0,126,8136
1425,1,1,0,0,0,0,0,0,0,0,0,100,100,100,0,0,0,0,100,100,100,100.000000,1600,4960,32.258065,10,10,10,10,104,4,0,4,100,4960,160,0,0,0,0,104,0,0,0,0,116,8136
1426,1,1,0,0,0,0,0,0,0,0,0,100,100,100,0,0,0,0,100,100,100,100.000000,1600,4960,32.258065,10,10,10,10,104,4,0,4,100,4960,160,0,0,0,0,104,0,0,0,0,125,8136
1427,1,1,0,0,0,0,0,0,0,0,0,100,100,100,0,0,0,0,100,100,100,100.000000,1600,4960,32.258065,10,10,10,10,104,4,0,4,100,4960,160,0,0,0,0,104,0,0,0,0,116,8136
1428,1,1,0,0,0,0,0,0,0,0,0,100,100,100,0,0,0,0,100,100,100,100.000000,1600,4960,32.258065,10,10,10,10,104,4,0,4,100,4960,160,0,0,0,0,104,0,0,0,0,113,8136
1429,1,1,0,0,0,0,0,0,0,0,0,100,100,100,0,0,0,0,100,100,100,100.000000,1600,4960,32.258065,10,10,10,10,104,4,0,4,100,4960,160,0,0,0,0,104,0,0,0,0,106,8136
1430,1,1,0,0,0,0,0,0,0,0,0,100,100,100,0,0,0,0,100,100,100,100.000000,1600,4960,32.258065,10,10,10,10,104,4,0,4,100,4960,160,0,0,0,0,104,0,0,0,0,112,8136
1431,1,1,0,0,0,0,0,0,0,0,0,100,100,100,0,0,0,0,100,100,100,100.000000,1600,4960,32.258065,10,10,10,10,104,4,0,4,100,4960,160,0,0,0,0,104,0,0,0,0,121,8136
1432,1,1,0,0,0,0,0,0,0,0,0,100,100,100,0,0,0,0,100,100,100,100.000000,1600,4960,32.258065,10,10,10,10,104,4,0,4,100,4960,160,0,0,0,0,104,0,0,0,0,139,8136
1433,1,1,0,0,0,0,0,0,0,0,0,100,100,100,0,0,0,0,100,100,100,100.000000,1600,4960,32.258065,10,10,10,10,104,4,0,4,100,4960,160,0,0,0,0,104,0,0,0,0,112,8136
1434,1,1,0,0,0,0,0,0,0,0,0,100,100,100,0,0,0,0,100,100,100,100.000000,1600,4960,32.258065,10,10,10,10,104,4,0,4,100,4960,160,0,0,0,0,104,0,0,0,0,124,8136
1435,1,1,0,0,0,0,0,0,0,0,0,100,100,100,0,0,0,0,100,100,100,100.000000,1600,4960,32.258065,10,10,10,10,104,4,0,4,100,4960,160,0,0,0,0,104,0,0,0,0,109,8136
1436,1,1,0,0,0,0,0,0,0,0,0,100,100,100,0,0,0,0,100,100,100,100.000000,1600,4960,32.258065,10,10,10,10,104,4,0,4,100,4960,160,0,0,0,0,104,0,0,0,0,121,8136
1437,1,1,0,0,0,0,0,0,0,0,0,100,100,100,0,0,0,0,100,100,100,100.000000,1600,4960,32.258065,10,10,10,10,104,4,0,4,100,4960,160,0,0,0,0,104,0,0,0,0,118,8136
1438,1,1,0,0,0,0,0,0,0,0,0,100,100,100,0,0,0,0,100,100,100,100.000000,1600,4960,32.258065,10,10,10,10,104,4,0,4,100,4960,160,0,0,0,0,104,0,0,0,0,109,8136
1439,1,1,0,0,0,0,0,0,0,0,0,100,100,100,0,0,0,0,100,100,100,100.000000,1600,4960,32.258065,10,10,10,10,104,4,0,4,100,4960,160,0,0,0,0,104,0,0,0,0,104,8136
1440,1,1,0,0,0,0,0,0,0,0,0,100,100,100,0,0,0,0,100,100,100,100.000000,1600,4960,32.258065,10,10,10,10,104,4,0,4,100,4960,160,0,0,0,0,104,0,0,0,0,108,8136
1441,1,1,0,0,0,0,0,0,0,0,0,100,100,100,0,0,0,0,100,100,100,100.000000,1600,4960,32.258065,10,10,10,10,104,4,0,4,100,4960,160,0,0,0,0,104,0,0,0,0,108,8136
1442,1,1,0,0,0,0,0,0,0,0,0,100,100,100,0,0,0,0,100,100,100,100.000000,1600,4960,32.258065,10,10,10,10,104,4,0,4,100,4960,160,0,0,0,0,104,0,0,0,0,112,8136
1443,1,1,0,0,0,0,0,0,0,0,0,100,100,100,0,0,0,0,100,100,100,100.000000,1600,4960,32.258065,10,10,10,10,104,4,0,4,100,4960,160,0,0,0,0,104,0,0,0,0,108,8136
1444,1,1,0,0,0,0,0,0,0,0,0,100,100,100,0,0,0,0,100,100,100,100.000000,1600,4960,32.258065,10,10,10,10,104,4,0,4,100,4960,160,0,0,0,0,104,0,0,0,0,103,8136
1445,1,1,0,0,0,0,0,0,0,0,0,100,100,100,0,0,0,0,100,100,100,100.000000,1600,4960,32.258065,10,10,10,10,104,4,0,4,100,4960,160,0,0,0,0,104,0,0,0,0,106,8136
1446,1,1,0,0,0,0,0,0,0,0,0,100,100,100,0,0,0,0,100,100,100,100.000000,1600,4960,32.258065,10,10,10,10,104,4,0,4,100,4960,160,0,0,0,0,104,0,0,0,0,109,8136
1447,1,1,0,0,0,0,0,0,0,0,0,100,100,100,0,0,0,0,100,100,100,100.000000,1600,4960,32.258065,10,10,10,10,104,4,0,4,100,4960,160,0,0,0,0,104,0,0,0,0,105,8136
1448,1,1,0,0,0,0,0,0,0,0,0,100,100,100,0,0,0,0,100,100,100,100.000000,1600,4960,32.258065,10,10,10,10,104,4,0,4,100,4960,160,0,0,0,0,104,0,0,0,0,110,8136
1449,1,1,0,0,0,0,0,0,0,0,0,100,100,100,0,0,0,0,100,100,100,100.000000,1600,4960,32.258065,10,10,10,10,104,4,0,4,100,4960,160,0,0,0,0,104,0,0,0,0,113,8136
1450,1,1,0,0,0,0,0,0,0,0,0,100,100,100,0,0,0,0,100,100,100,100.000000,1600,4960,32.258065,10,10,10,10,104,4,0,4,100,4960,160,0,0,0,0,104,0,0,0,0,113,8136
1451,1,1,0,0,0,0,0,0,0,0,0,100,100,100,0,0,0,0,100,100,100,100.000000,1600,4960,32.258065,10,10,10,10,104,4,0,4,100,4960,160,0,0,0,0,104,0,0,0,0,110,8136
1452,1,1,0,0,0,0,0,0,0,0,0,100,100,100,0,0,0,0,100,100,100,100.000000,1600,4960,32.258065,10,10,10,10,104,4,0,4,100,4960,160,0,0,0,0,104,0,0,0,0,110,8136
1453,1,1,0,0,0,0,0,0,0,0,0,100,100,100,0,0,0,0,100,100,100,100.000000,1600,4960,32.258065,10,10,10,10,104,4,0,4,100,4960,160,0,0,0,0,104,0,0,0,0,109,8136
1454,1,1,0,0,0,0,0,0,0,0,0,100,100,100,0,0,0,0,100,100,100,100.000000,1600,4960,32.258065,10,10,10,10,104,4,0,4,100,4960,160,0,0,0,0,104,0,0,0,0,104,8136
1455,1,1,0,0,0,0,0,0,0,0,0,100,100,100,0,0,0,0,100,100,100,100.000000,1600,4960,32.258065,10,10,10,10,104,4,0,4,100,4960,160,0,0,0,0,104,0,0,0,0,98,8136
1456,1,1,0,0,0,0,0,0,0,0,0,100,100,100,0,0,0,0,100,100,100,100.000000,1600,4960,32.258065,10,10,10,10,104,4,0,4,100,4960,160,0,0,0,0,104,0,0,0,0,110,8136
1457,1,1,0,0,0,0,0,0,0,0,0,100,100,100,0,0,0,0,100,100,100,100.000000,1600,4960,32.258065,10,10,10,10,104,4,0,4,100,4960,160,0,0,0,0,104,0,0,0,0,112,8136
1458,1,1,0,0,0,0,0,0,0,0,0,100,100,100,0,0,0,0,100,100,100,100.000000,1600,4960,32.258065,10,10,10,10,104,4,0,4,100,4960,160,0,0,0,0,104,0,0,0,0,129,8136
1459,1,1,0,0,0,0,0,0,0,0,0,100,100,100,0,0,0,0,100,100,100,100.000000,1600,4960,32.258065,10,10,10,10,104,4,0,4,100,4960,160,0,0,0,0,104,0,0,0,0,128,8136
1460,1,1,0,0,0,0,0,0,0,0,0,100,100,100,0,0,0,0,100,100,100,100.000000,1600,4960,32.258065,10,10,10,10,104,4,0,4,100,4960,160,0,0,0,0,104,0,0,0,0,100,8136
1461,1,1,0,0,0,0,0,0,0,0,0,100,100,100,0,0,0,0,100,100,100,100.000000,1600,4960,32.258065,10,10,10,10,104,4,0,4,100,4960,160,0,0,0,0,104,0,0,0,0,107,8136
1462,1,1,0,0,0,0,0,0,0,0,0,100,100,100,0,0,0,0,100,100,100,100.000000,1600,4960,32.258065,10,10,10,10,104,4,0,4,100,4960,160,0,0,0,0,104,0,0,0,0,129,8136
1463,1,1,0,0,0,0,0,0,0,0,0,100,100,100,0,0,0,0,100,100,100,100.000000,1600,4960,32.258065,10,10,10,10,104,4,0,4,100,4960,160,0,0,0,0,104,0,0,0,0,121,8136
1464,1,1,0,0,0,0,0,0,0,0,0,100,100,100,0,0,0,0,100,100,100,100.000000,1600,4960,32.258065,10,10,10,10,104,4,0,4,100,4960,160,0,0,0,0,104,0,0,0,0,119,8136
1465,1,1,0,0,0,0,0,0,0,0,0,100,100,100,0,0,0,0,100,100,100,100.000000,1600,4960,32.258065,10,10,10,10,104,4,0,4,100,4960,160,0,0,0,0,104,0,0,0,0,116,8136
1466,1,1,0,0,0,0,0,0,0,0,0,100,100,100,0,0,0,0,100,100,100,100.000000,1600,4960,32.258065,10,10,10,10,104,4,0,4,100,4960,160,0,0,0,0,104,0,0,0,0,119,8136
1467,1,1,0,0,0,0,0,0,0,0,0,100,100,100,0,0,0,0,100,100,100,100.000000,1600,4960,32.258065,10,10,10,10,104,4,0,4,100,4960,160,0,0,0,0,104,0,0,0,0,112,8136
1468,1,1,0,0,0,0,0,0,0,0,0,100,100,100,0,0,0,0,100,100,100,100.000000,1600,4960,32.258065,10,10,10,10,104,4,0,4,100,4960,160,0,0,0,0,104,0,0,0,0,108,8136
1469,1,1,0,0,0,0,0,0,0,0,0,100,100,100,0,0,0,0,100,100,100,100.000000,1600,4960,32.258065,10,10,10,10,104,4,0,4,100,4960,160,0,0,0,0,104,0,0,0,0,115,8136
1470,1,1,0,0,0,0,0,0,0,0,0,100,100,100,0,0,0,0,100,100,100,100.000000,1600,4960,32.258065,10,10,10,10,104,4,0,4,100,4960,160,0,0,0,0,104,0,0,0,0,112,8136
1471,1,1,0,0,0,0,0,0,0,0,0,100,100,100,0,0,0,0,100,100,100,100.000000,1600,4960,32.258065,10,10,10,10,104,4,0,4,100,4960,160,0,0,0,0,104,0,0,0,0,114,8136
1472,1,1,0,0,0,0,0,0,0,0,0,100,100,100,0,0,0,0,100,100,100,100.000000,1600,4960,32.258065,10,10,10,10,104,4,0,4,100,4960,160,0,0,0,0,104,0,0,0,0,114,8136
1473,1,1,0,0,0,0,0,0,0,0,0,100,100,100,0,0,0,0,100,100,100,100.000000,1600,4960,32.258065,10,10,10,10,104,4,0,4,100,4960,160,0,0,0,0,104,0,0,0,0,119,8136
1474,1,1,0,0,0,0,0,0,0,0,0,100,100,100,0,0,0,0,100,100,100,100.000000,1600,4960,32.258065,10,10,10,10,104,4,0,4,100,4960,160,0,0,0,0,104,0,0,0,0,114,8136
1475,1,1,0,0,0,0,0,0,0,0,0,100,100,100,0,0,0,0,100,100,100,100.000000,1600,4960,32.258065,10,10,10,10,104,4,0,4,100,4960,160,0,0,0,0,104,0,0,0,0,108,8136
1476,1,1,0,0,0,0,0,0,0,0,0,100,100,100,0,0,0,0,100,100,100,100.000000,1600,4960,32.258065,10,10,10,10,104,4,0,4,100,4960,160,0,0,0,0,104,0,0,0,0,105,8136
1477,1,1,0,0,0,0,0,0,0,0,0,100,100,100,0,0,0,0,100,100,100,100.000000,1600,4960,32.258065,10,10,10,10,104,4,0,4,100,4960,160,0,0,0,0,104,0,0,0,0,111,8136
1478,1,1,0,0,0,0,0,0,0,0,0,100,100,100,0,0,0,0,100,100,100,100.000000,1600,4960,32.258065,10,10,10,10,104,4,0,4,100,4960,160,0,0,0,0,104,0,0,0,0,107,8136
1479,1,1,0,0,0,0,0,0,0,0,0,100,100,100,0,0,0,0,100,100,100,100.000000,1600,4960,32.258065,10,10,10,10,104,4,0,4,100,4960,160,0,0,0,0,104,0,0,0,0,108,8136
1480,1,1,0,0,0,0,0,0,0,0,0,100,100,100,0,0,0,0,100,100,100,100.000000,1600,4960,32.258065,10,10,10,10,104,4,0,4,100,4960,160,0,0,0,0,104,0,0,0,0,108,8136
1481,1,1,0,0,0,0,0,0,0,0,0,100,100,100,0,0,0,0,100,100,100,100.000000,1600,4960,32.258065,10,10,10,10,104,4,0,4,100,4960,160,0,0,0,0,104,0,0,0,0,117,8136
1482,1,1,0,0,0,0,0,0,0,0,0,100,100,100,0,0,0,0,100,100,100,100.000000,1600,4960,32.258065,10,10,10,10,104,4,0,4,100,4960,160,0,0,0,0,104,0,0,0,0,111,8136
1483,1,1,0,0,0,0,0,0,0,0,0,100,100,100,0,0,0,0,100,100,100,100.000000,1600,4960,32.258065,10,10,10,10,104,4,0,4,100,4960,160,0,0,0,0,104,0,0,0,0,112,8136
1484,1,1,0,0,0,0,0,0,0,0,0,100,100,100,0,0,0,0,100,100,100,100.000000,1600,4960,32.258065,10,10,10,10,104,4,0,4,100,4960,160,0,0,0,0,104,0,0,0,0,114,8136
1485,1,1,0,0,0,0,0,0,0,0,0,100,100,100,0,0,0,0,100,100,100,100.000000,1600,4960,32.258065,10,10,10,10,104,4,0,4,100,4960,160,0,0,0,0,104,0,0,0,0,107,8136
1486,1,1,0,0,0,0,0,0,0,0,0,100,100,100,0,0,0,0,100,100,100,100.000000,1600,4960,32.258065,10,10,10,10,104,4,0,4,100,4960,160,0,0,0,0,104,0,0,0,0,127,8136
1487,1,1,0,0,0,0,0,0,0,0,0,100,100,100,0,0,0,0,100,100,100,100.000000,1600,4960,32.258065,10,10,10,10,104,4,0,4,100,4960,160,0,0,0,0,104,0,0,0,0,124,8136
1488,1,1,0,0,0,0,0,0,0,0,0,100,100,100,0,0,0,0,100,100,100,100.000000,1600,4960,32.258065,10,10,10,10,104,4,0,4,100,4960,160,0,0,0,0,104,0,0,0,0,139,8136
1489,1,1,0,0,0,0,0,0,0,0,0,100,100,100,0,0,0,0,100,100,100,100.000000,1600,4960,32.258065,10,10,10,10,104,4,0,4,100,4960,160,0,0,0,0,104,0,0,0,0,118,8136
1490,1,1,0,0,0,0,0,0,0,0,0,100,100,100,0,0,0,0,100,100,100,100.000000,1600,4960,32.258065,10,10,10,10,104,4,0,4,100,4960,160,0,0,0,0,104,0,0,0,0,119,8136
1491,1,1,0,0,0,0,0,0,0,0,0,100,100,100,0,0,0,0,100,100,100,100.000000,1600,4960,32.258065,10,10,10,10,104,4,0,4,100,4960,160,0,0,0,0,104,0,0,0,0,115,8136
1492,1,1,0,0,0,0,0,0,0,0,0,100,100,100,0,0,0,0,100,100,100,100.000000,1600,4960,32.258065,10,10,10,10,104,4,0,4,100,4960,160,0,0,0,0,104,0,0,0,0,106,8136
1493,1,1,0,0,0,0,0,0,0,0,0,100,100,100,0,0,0,0,100,100,100,100.000000,1600,4960,32.258065,10,10,10,10,104,4,0,4,100,4960,160,0,0,0,0,104,0,0,0,0,113,8136
1494,1,1,0,0,0,0,0,0,0,0,0,100,100,100,0,0,0,0,100,100,100,100.000000,1600,4960,32.258065,10,10,10,10,104,4,0,4,100,4960,160,0,0,0,0,104,0,0,0,0,112,8136
1495,1,1,0,0,0,0,0,0,0,0,0,100,100,100,0,0,0,0,100,100,100,100.000000,1600,4960,32.258065,10,10,10,10,104,4,0,4,100,4960,160,0,0,0,0,104,0,0,0,0,113,8136
1496,1,1,0,0,0,0,0,0,0,0,0,100,100,100,0,0,0,0,100,100,100,100.000000,1600,4960,32.258065,10,10,10,10,104,4,0,4,100,4960,160,0,0,0,0,104,0,0,0,0,120,8136
1497,1,1,0,0,0,0,0,0,0,0,0,100,100,100,0,0,0,0,100,100,100,100.000000,1600,4960,32.258065,10,10,10,10,104,4,0,4,100,4960,160,0,0,0,0,104,0,0,0,0,121,8136
1498,1,1,0,0,0,0,0,0,0,0,0,100,100,100,0,0,0,0,100,100,100,100.000000,1600,4960,32.258065,10,10,10,10,104,4,0,4,100,4960,160,0,0,0,0,104,0,0,0,0,113,8136
1499,1,1,0,0,0,0,0,0,0,0,0,100,100,100,0,0,0,0,100,100,100,100.000000,1600,4960,32.258065,10,10,10,10,104,4,0,4,100,4960,160,0,0,0,0,104,0,0,0,0,105,8136
1500,1,1,0,0,0,0,0,0,0,0,0,100,100,100,0,0,0,0,100,100,100,100.000000,1600,4960,32.258065,10,10,10,10,104,4,0,4,100,4960,160,0,0,0,0,104,0,0,0,0,104,8136
1501,1,1,0,0,0,0,0,0,0,0,0,100,100,100,0,0,0,0,100,100,100,100.000000,1600,4960,32.258065,10,10,10,10,104,4,0,4,100,4960,160,0,0,0,0,104,0,0,0,0,140,8136
1502,1,1,0,0,0,0,0,0,0,0,0,100,100,100,0,0,0,0,100,100,100,100.000000,1600,4960,32.258065,10,10,10,10,104,4,0,4,100,4960,160,0,0,0,0,104,0,0,0,0,104,8136
1503,1,1,0,0,0,0,0,0,0,0,0,100,100,100,0,0,0,0,100,100,100,100.000000,1600,4960,32.258065,10,10,10,10,104,4,0,4,100,4960,160,0,0,0,0,104,0,0,0,0,111,8136
1504,1,1,0,0,0,0,0,0,0,0,0,100,100,100,0,0,0,0,100,100,100,100.000000,1600,4960,32.258065,10,10,10,10,104,4,0,4,100,4960,160,0,0,0,0,104,0,0,0,0,112,8136
1505,1,1,0,0,0,0,0,0,0,0,0,100,100,100,0,0,0,0,100,100,100,100.000000,1600,4960,32.258065,10,10,10,10,104,4,0,4,100,4960,160,0,0,0,0,104,0,0,0,0,121,8136
1506,1,1,0,0,0,0,0,0,0,0,0,100,100,100,0,0,0,0,100,100,100,100.000000,1600,4960,32.258065,10,10,10,10,104,4,0,4,100,4960,160,0,0,0,0,104,0,0,0,0,121,8136
1507,1,1,0,0,0,0,0,0,0,0,0,100,100,100,0,0,0,0,100,100,100,100.000000,1600,4960,32.258065,10,10,10,10,104,4,0,4,100,4960,160,0,0,0,0,104,0,0,0,0,114,8136
1508,1,1,0,0,0,0,0,0,0,0,0,100,100,100,0,0,0,0,100,100,100,100.000000,1600,4960,32.258065,10,10,10,10,104,4,0,4,100,4960,160,0,0,0,0,104,0,0,0,0,117,8136
1509,1,1,0,0,0,0,0,0,0,0,0,100,100,100,0,0,0,0,100,100,100,100.000000,1600,4960,32.258065,10,10,10,10,104,4,0,4,100,4960,160,0,0,0,0,104,0,0,0,0,109,8136
1510,1,1,0,0,0,0,0,0,0,0,0,100,100,100,0,0,0,0,100,100,100,100.000000,1600,4960,32.258065,10,10,10,10,104,4,0,4,100,4960,160,0,0,0,0,104,0,0,0,0,101,8136
1511,1,1,0,0,0,0,0,0,0,0,0,100,100,100,0,0,0,0,100,100,100,100.000000,1600,4960,32.258065,10,10,10,10,104,4,0,4,100,4960,160,0,0,0,0,104,0,0,0,0,106,8136
1512,1,1,0,0,0,0,0,0,0,0,0,100,100,100,0,0,0,0,100,100,100,100.000000,1600,4960,32.258065,10,10,10,10,104,4,0,4,100,4960,160,0,0,0,0,104,0,0,0,0,117,8136
1513,1,1,0,0,0,0,0,0,0,0,0,100,100,100,0,0,0,0,100,100,100,100.000000,1600,4960,32.258065,10,10,10,10,104,4,0,4,100,4960,160,0,0,0,0,104,0,0,0,0,114,8136
1514,1,1,0,0,0,0,0,0,0,0,0,100,100,100,0,0,0,0,100,100,100,100.000000,1600,4960,32.258065,10,10,10,10,104,4,0,4,100,4960,160,0,0,0,0,104,0,0,0,0,116,8136
1515,1,1,0,0,0,0,0,0,0,0,0,100,100,100,0,0,0,0,100,100,100,100.000000,1600,4960,32.258065,10,10,10,10,104,4,0,4,100,4960,160,0,0,0,0,104,0,0,0,0,109,8136
1516,1,1,0,0,0,0,0,0,0,0,0,100,100,100,0,0,0,0,100,100,100,100.000000,1600,4960,32.258065,10,10,10,10,104,4,0,4,100,4960,160,0,0,0,0,104,0,0,0,0,106,8136
1517,1,1,0,0,0,0,0,0,0,0,0,100,100,100,0,0,0,0,100,100,100,100.000000,1600,4960,32.258065,10,10,10,10,104,4,0,4,100,4960,160,0,0,0,0,104,0,0,0,0,116,8136
1518,1,1,0,0,0,0,0,0,0,0,0,100,100,100,0,0,0,0,100,100,100,100.000000,1600,4960,32.258065,10,10,10,10,104,4,0,4,100,4960,160,0,0,0,0,104,0,0,0,0,108,8136
1519,1,1,0,0,0,0,0,0,0,0,0,100,100,100,0,0,0,0,100,100,100,100.000000,1600,4960,32.258065,10,10,10,10,104,4,0,4,100,4960,160,0,0,0,0,104,0,0,0,0,116,8136
1520,1,1,0,0,0,0,0,0,0,0,0,100,100,100,0,0,0,0,100,100,100,100.000000,1600,4960,32.258065,10,10,10,10,104,4,0,4,100,4960,160,0,0,0,0,104,0,0,0,0,111,8136
1521,1,1,0,0,0,0,0,0,0,0,0,100,100,100,0,0,0,0,100,100,100,100.000000,1600,4960,32.258065,10,10,10,10,104,4,0,4,100,4960,160,0,0,0,0,104,0,0,0,0,111,8136
1522,1,1,0,0,0,0,0,0,0,0,0,100,100,100,0,0,0,0,100,100,100,100.000000,1600,4960,32.258065,10,10,10,10,104,4,0,4,100,4960,160,0,0,0,0,104,0,0,0,0,110,8136
1523,1,1,0,0,0,0,0,0,0,0,0,100,100,100,0,0,0,0,100,100,100,100.000000,1600,4960,32.258065,10,10,10,10,104,4,0,4,100,4960,160,0,0,0,0,104,0,0,0,0,117,8136
1524,1,1,0,0,0,0,0,0,0,0,0,100,100,100,0,0,0,0,100,100,100,100.000000,1600,4960,32.258065,10,10,10,10,104,4,0,4,100,4960,160,0,0,0,0,104,0,0,0,0,107,8136
1525,1,1,0,0,0,0,0,0,0,0,0,100,100,100,0,0,0,0,100,100,100,100.000000,1600,4960,32.258065,10,10,10,10,104,4,0,4,100,4960,160,0,0,0,0,104,0,0,0,0,108,8136
1526,1,1,0,0,0,0,0,0,0,0,0,100,100,100,0,0,0,0,100,100,100,100.000000,1600,4960,32.258065,10,10,10,10,104,4,0,4,100,4960,160,0,0,0,0,104,0,0,0,0,110,8136
1527,1,1,0,0,0,0,0,0,0,0,0,100,100,100,0,0,0,0,100,100,100,100.000000,1600,4960,32.258065,10,10,10,10,104,4,0,4,100,4960,160,0,0,0,0,104,0,0,0,0,115,8136
1528,1,1,0,0,0,0,0,0,0,0,0,100,100,100,0,0,0,0,100,100,100,100.000000,1600,4960,32.258065,10,10,10,10,104,4,0,4,100,4960,160,0,0,0,0,104,0,0,0,0,156,8136
1529,1,1,0,0,0,0,0,0,0,0,0,100,100,100,0,0,0,0,100,100,100,100.000000,1600,4960,32.258065,10,10,10,10,104,4,0,4,100,4960,160,0,0,0,0,104,0,0,0,0,115,8136
1530,1,1,0,0,0,0,0,0,0,0,0,100,100,100,0,0,0,0,100,100,100,100.000000,1600,4960,32.258065,10,10,10,10,104,4,0,4,100,4960,160,0,0,0,0,104,0,0,0,0,116,8136
1531,1,1,0,0,0,0,0,0,0,0,0,100,100,100,0,0,0,0,100,100,100,100.000000,1600,4960,32.258065,10,10,10,10,104,4,0,4,100,4960,160,0,0,0,0,104,0,0,0,0,112,8136
1532,1,1,0,0,0,0,0,0,0,0,0,100,100,100,0,0,0,0,100,100,100,100.000000,1600,4960,32.258065,10,10,10,10,104,4,0,4,100,4960,160,0,0,0,0,104,0,0,0,0,103,8136
1533,1,1,0,0,0,0,0,0,0,0,0,100,100,100,0,0,0,0,100,100,100,100.000000,1600,4960,32.258065,10,10,10,10,104,4,0,4,100,4960,160,0,0,0,0,104,0,0,0,0,106,8136
1534,1,1,0,0,0,0,0,0,0,0,0,100,100,100,0,0,0,0,100,100,100,100.000000,1600,4960,32.258065,10,10,10,10,104,4,0,4,100,4960,160,0,0,0,0,104,0,0,0,0,112,8136
1535,1,1,0,0,0,0,0,0,0,0,0,100,100,100,0,0,0,0,100,100,100,100.000000,1600,4960,32.258065,10,10,10,10,104,4,0,4,100,4960,160,0,0,0,0,104,0,0,0,0,126,8136
1536,1,1,0,0,0,0,0,0,0,0,0,100,100,100,0,0,0,0,100,100,100,100.000000,1600,4960,32.258065,10,10,10,10,104,4,0,4,100,4960,160,0,0,0,0,104,0,0,0,0,279,8136
1537,1,1,0,0,0,0,0,0,0,0,0,100,100,100,0,0,0,0,100,100,100,100.000000,1600,4960,32.258065,10,10,10,10,104,4,0,4,100,4960,160,0,0,0,0,104,0,0,0,0,135,8136
1538,1,1,0,0,0,0,0,0,0,0,0,100,100,100,0,0,0,0,100,100,100,100.000000,1600,4960,32.258065,10,10,10,10,104,4,0,4,100,4960,160,0,0,0,0,104,0,0,0,0,124,8136
1539,1,1,0,0,0,0,0,0,0,0,0,100,100,100,0,0,0,0,100,100,100,100.000000,1600,4960,32.258065,10,10,10,10,104,4,0,4,100,4960,160,0,0,0,0,104,0,0,0,0,116,8136
1540,1,1,0,0,0,0,0,0,0,0,0,100,100,100,0,0,0,0,100,100,100,100.000000,1600,4960,32.258065,10,10,10,10,104,4,0,4,100,4960,160,0,0,0,0,104,0,0,0,0,113,8136
1541,1,1,0,0,0,0,0,0,0,0,0,100,100,100,0,0,0,0,100,100,100,100.000000,1600,4960,32.258065,10,10,10,10,104,4,0,4,100,4960,160,0,0,0,0,104,0,0,0,0,116,8136
1542,1,1,0,0,0,0,0,0,0,0,0,100,100,100,0,0,0,0,100,100,100,100.000000,1600,4960,32.258065,10,10,10,10,104,4,0,4,100,4960,160,0,0,0,0,104,0,0,0,0,109,8136
1543,1,1,0,0,0,0,0,0,0,0,0,100,100,100,0,0,0,0,100,100,100,100.000000,1600,4960,32.258065,10,10,10,10,104,4,0,4,100,4960,160,0,0,0,0,104,0,0,0,0,109,8136
1544,1,1,0,0,0,0,0,0,0,0,0,100,100,100,0,0,0,0,100,100,100,100.000000,1600,4960,32.258065,10,10,10,10,104,4,0,4,100,4960,160,0,0,0,0,104,0,0,0,0,115,8136
1545,1,1,0,0,0,0,0,0,0,0,0,100,100,100,0,0,0,0,100,100,100,100.000000,1600,4960,32.258065,10,10,10,10,104,4,0,4,100,4960,160,0,0,0,0,104,0,0,0,0,121,8136
1546,1,1,0,0,0,0,0,0,0,0,0,100,100,100,0,0,0,0,100,100,100,100.000000,1600,4960,32.258065,10,10,10,10,104,4,0,4,100,4960,160,0,0,0,0,104,0,0,0,0,115,8136
1547,1,1,0,0,0,0,0,0,0,0,0,100,100,100,0,0,0,0,100,100,100,100.000000,1600,4960,32.258065,10,10,10,10,104,4,0,4,100,4960,160,0,0,0,0,104,0,0,0,0,109,8136
1548,1,1,0,0,0,0,0,0,0,0,0,100,100,100,0,0,0,0,100,100,100,100.000000,1600,4960,32.258065,10,10,10,10,104,4,0,4,100,4960,160,0,0,0,0,104,0,0,0,0,106,8136
1549,1,1,0,0,0,0,0,0,0,0,0,100,100,100,0,0,0,0,100,100,100,100.000000,1600,4960,32.258065,10,10,10,10,104,4,0,4,100,4960,160,0,0,0,0,104,0,0,0,0,113,8136
1550,1,1,0,0,0,0,0,0,0,0,0,100,100,100,0,0,0,0,100,100,100,100.000000,1600,4960,32.258065,10,10,10,10,104,4,0,4,100,4960,160,0,0,0,0,104,0,0,0,0,109,8136
1551,1,1,0,0,0,0,0,0,0,0,0,100,100,100,0,0,0,0,100,100,100,100.000000,1600,4960,32.258065,10,10,10,10,104,4,0,4,100,4960,160,0,0,0,0,104,0,0,0,0,108,8136
1552,1,1,0,0,0,0,0,0,0,0,0,100,100,100,0,0,0,0,100,100,100,100.000000,1600,4960,32.258065,10,10,10,10,104,4,0,4,100,4960,160,0,0,0,0,104,0,0,0,0,116,8136
1553,1,1,0,0,0,0,0,0,0,0,0,100,100,100,0,0,0,0,100,100,100,100.000000,1600,4960,32.258065,10,10,10,10,104,4,0,4,100,4960,160,0,0,0,0,104,0,0,0,0,114,8136
1554,1,1,0,0,0,0,0,0,0,0,0,100,100,100,0,0,0,0,100,100,100,100.000000,1600,4960,32.258065,10,10,10,10,104,4,0,4,100,4960,160,0,0,0,0,104,0,0,0,0,123,8136
1555,1,1,0,0,0,0,0,0,0,0,0,100,100,100,0,0,0,0,100,100,100,100.000000,1600,4960,32.258065,10,10,10,10,104,4,0,4,100,4960,160,0,0,0,0,104,0,0,0,0,107,8136
1556,1,1,0,0,0,0,0,0,0,0,0,100,100,100,0,0,0,0,100,100,100,100.000000,1600,4960,32.258065,10,10,10,10,104,4,0,4,100,4960,160,0,0,0,0,104,0,0,0,0,103,8136
1557,1,1,0,0,0,0,0,0,0,0,0,100,100,100,0,0,0,0,100,100,100,100.000000,1600,4960,32.258065,10,10,10,10,104,4,0,4,100,4960,160,0,0,0,0,104,0,0,0,0,104,8136
1558,1,1,0,0,0,0,0,0,0,0,0,100,100,100,0,0,0,0,100,100,100,100.000000,1600,4960,32.258065,10,10,10,10,104,4,0,4,100,4960,160,0,0,0,0,104,0,0,0,0,113,8136
1559,1,1,0,0,0,0,0,0,0,0,0,100,100,100,0,0,0,0,100,100,100,100.000000,1600,4960,32.258065,10,10,10,10,104,4,0,4,100,4960,160,0,0,0,0,104,0,0,0,0,105,8136
1560,1,1,0,0,0,0,0,0,0,0,0,100,100,100,0,0,0,0,100,100,100,100.000000,1600,4960,32.258065,10,10,10,10,104,4,0,4,100,4960,160,0,0,0,0,104,0,0,0,0,113,8136
1561,1,1,0,0,0,0,0,0,0,0,0,100,100,100,0,0,0,0,100,100,100,100.000000,1600,4960,32.258065,10,10,10,10,104,4,0,4,100,4960,160,0,0,0,0,104,0,0,0,0,118,8136
1562,1,1,0,0,0,0,0,0,0,0,0,100,100,100,0,0,0,0,100,100,100,100.000000,1600,4960,32.258065,10,10,10,10,104,4,0,4,100,4960,160,0,0,0,0,104,0,0,0,0,119,8136
1563,1,1,0,0,0,0,0,0,0,0,0,100,100,100,0,0,0,0,100,100,100,100.000000,1600,4960,32.258065,10,10,10,10,104,4,0,4,100,4960,160,0,0,0,0,104,0,0,0,0,102,8136
1564,1,1,0,0,0,0,0,0,0,0,0,100,100,100,0,0,0,0,100,100,100,100.000000,1600,4960,32.258065,10,10,10,10,104,4,0,4,100,4960,160,0,0,0,0,104,0,0,0,0,111,8136
1565,1,1,0,0,0,0,0,0,0,0,0,100,100,100,0,0,0,0,100,100,100,100.000000,1600,4960,32.258065,10,10,10,10,104,4,0,4,100,4960,160,0,0,0,0,104,0,0,0,0,109,8136
1566,1,1,0,0,0,0,0,0,0,0,0,100,100,100,0,0,0,0,100,100,100,100.000000,1600,4960,32.258065,10,10,10,10,104,4,0,4,100,4960,160,0,0,0,0,104,0,0,0,0,114,8136
1567,1,1,0,0,0,0,0,0,0,0,0,100,100,100,0,0,0,0,100,100,100,100.000000,1600,4960,32.258065,10,10,10,10,104,4,0,4,100,4960,160,0,0,0,0,104,0,0,0,0,107,8136
1568,1,1,0,0,0,0,0,0,0,0,0,100,100,100,0,0,0,0,100,100,100,100.000000,1600,4960,32.258065,10,10,10,10,104,4,0,4,100,4960,160,0,0,0,0,104,0,0,0,0,110,8136
1569,1,1,0,0,0,0,0,0,0,0,0,100,100,100,0,0,0,0,100,100,100,100.000000,1600,4960,32.258065,10,10,10,10,104,4,0,4,100,4960,160,0,0,0,0,104,0,0,0,0,106,8136
1570,1,1,0,0,0,0,0,0,0,0,0,100,100,100,0,0,0,0,100,100,100,100.000000,1600,4960,32.258065,10,10,10,10,104,4,0,4,100,4960,160,0,0,0,0,104,0,0,0,0,117,8136
1571,1,1,0,0,0,0,0,0,0,0,0,100,100,100,0,0,0,0,100,100,100,100.000000,1600,4960,32.258065,10,10,10,10,104,4,0,4,100,4960,160,0,0,0,0,104,0,0,0,0,103,8136
1572,1,1,0,0,0,0,0,0,0,0,0,100,100,100,0,0,0,0,100,100,100,100.000000,1600,4960,32.258065,10,10,10,10,104,4,0,4,100,4960,160,0,0,0,0,104,0,0,0,0,113,8136
1573,1,1,0,0,0,0,0,0,0,0,0,100,100,100,0,0,0,0,100,100,100,100.000000,1600,4960,32.258065,10,10,10,10,104,4,0,4,100,4960,160,0,0,0,0,104,0,0,0,0,110,8136
1574,1,1,0,0,0,0,0,0,0,0,0,100,100,100,0,0,0,0,100,100,100,100.000000,1600,4960,32.258065,10,10,10,10,104,4,0,4,100,4960,160,0,0,0,0,104,0,0,0,0,106,8136
1575,1,1,0,0,0,0,0,0,0,0,0,100,100,100,0,0,0,0,100,100,100,100.000000,1600,4960,32.258065,10,10,10,10,104,4,0,4,100,4960,160,0,0,0,0,104,0,0,0,0,107,8136
1576,1,1,0,0,0,0,0,0,0,0,0,100,100,100,0,0,0,0,100,100,100,100.000000,1600,4960,32.258065,10,10,10,10,104,4,0,4,100,4960,160,0,0,0,0,104,0,0,0,0,108,8136
1577,1,1,0,0,0,0,0,0,0,0,0,100,100,100,0,0,0,0,100,100,100,100.000000,1600,4960,32.258065,10,10,10,10,104,4,0,4,100,4960,160,0,0,0,0,104,0,0,0,0,129,8136
1578,1,1,0,0,0,0,0,0,0,0,0,100,100,100,0,0,0,0,100,100,100,100.000000,1600,4960,32.258065,10,10,10,10,104,4,0,4,100,4960,160,0,0,0,0,104,0,0,0,0,114,8136
1579,1,1,0,0,0,0,0,0,0,0,0,100,100,100,0,0,0,0,100,100,100,100.000000,1600,4960,32.258065,10,10,10,10,104,4,0,4,100,4960,160,0,0,0,0,104,0,0,0,0,108,8136
1580,1,1,0,0,0,0,0,0,0,0,0,100,100,100,0,0,0,0,100,100,100,100.000000,1600,4960,32.258065,10,10,10,10,104,4,0,4,100,4960,160,0,0,0,0,104,0,0,0,0,107,8136
1581,1,1,0,0,0,0,0,0,0,0,0,100,100,100,0,0,0,0,100,100,100,100.000000,1600,4960,32.258065,10,10,10,10,104,4,0,4,100,4960,160,0,0,0,0,104,0,0,0,0,109,8136
1582,1,1,0,0,0,0,0,0,0,0,0,100,100,100,0,0,0,0,100,100,100,100.000000,1600,4960,32.258065,10,10,10,10,104,4,0,4,100,4960,160,0,0,0,0,104,0,0,0,0,105,8136
1583,1,1,0,0,0,0,0,0,0,0,0,100,100,100,0,0,0,0,100,100,100,100.000000,1600,4960,32.258065,10,10,10,10,104,4,0,4,100,4960,160,0,0,0,0,104,0,0,0,0,106,8136
1584,1,1,0,0,0,0,0,0,0,0,0,100,100,100,0,0,0,0,100,100,100,100.000000,1600,4960,32.258065,10,10,10,10,104,4,0,4,100,4960,160,0,0,0,0,104,0,0,0,0,111,8136
1585,1,1,0,0,0,0,0,0,0,0,0,100,100,100,0,0,0,0,100,100,100,100.000000,1600,4960,32.258065,10,10,10,10,104,4,0,4,100,4960,160,0,0,0,0,104,0,0,0,0,120,8136
1586,1,1,0,0,0,0,0,0,0,0,0,100,100,100,0,0,0,0,100,100,100,100.000000,1600,4960,32.258065,10,10,10,10,104,4,0,4,100,4960,160,0,0,0,0,104,0,0,0,0,116,8136
1587,1,1,0,0,0,0,0,0,0,0,0,100,100,100,0,0,0,0,100,100,100,100.000000,1600,4960,32.258065,10,10,10,10,104,4,0,4,100,4960,160,0,0,0,0,104,0,0,0,0,112,8136
1588,1,1,0,0,0,0,0,0,0,0,0,100,100,100,0,0,0,0,100,100,100,100.000000,1600,4960,32.258065,10,10,10,10,104,4,0,4,100,4960,160,0,0,0,0,104,0,0,0,0,110,8136
1589,1,1,0,0,0,0,0,0,0,0,0,100,100,100,0,0,0,0,100,100,100,100.000000,1600,4960,32.258065,10,10,10,10,104,4,0,4,100,4960,160,0,0,0,0,104,0,0,0,0,109,8136
1590,1,1,0,0,0,0,0,0,0,0,0,100,100,100,0,0,0,0,100,100,100,100.000000,1600,4960,32.258065,10,10,10,10,104,4,0,4,100,4960,160,0,0,0,0,104,0,0,0,0,108,8136
1591,1,1,0,0,0,0,0,0,0,0,0,100,100,100,0,0,0,0,100,100,100,100.000000,1600,4960,32.258065,10,10,10,10,104,4,0,4,100,4960,160,0,0,0,0,104,0,0,0,0,116,8136
1592,1,1,0,0,0,0,0,0,0,0,0,100,100,100,0,0,0,0,100,100,100,100.000000,1600,4960,32.258065,10,10,10,10,104,4,0,4,100,4960,160,0,0,0,0,104,0,0,0,0,112,8136
1593,1,1,0,0,0,0,0,0,0,0,0,100,100,100,0,0,0,0,100,100,100,100.000000,1600,4960,32.258065,10,10,10,10,104,4,0,4,100,4960,160,0,0,0,0,104,0,0,0,0,115,8136
1594,1,1,0,0,0,0,0,0,0,0,0,100,100,100,0,0,0,0,100,100,100,100.000000,1600,4960,32.258065,10,10,10,10,104,4,0,4,100,4960,160,0,0,0,0,104,0,0,0,0,112,8136
1595,1,1,0,0,0,0,0,0,0,0,0,100,100,100,0,0,0,0,100,100,100,100.000000,1600,4960,32.258065,10,10,10,10,104,4,0,4,100,4960,160,0,0,0,0,104,0,0,0,0,108,8136
1596,1,1,0,0,0,0,0,0,0,0,0,100,100,100,0,0,0,0,100,100,100,100.000000,1600,4960,32.258065,10,10,10,10,104,4,0,4,100,4960,160,0,0,0,0,104,0,0,0,0,108,8136
1597,1,1,0,0,0,0,0,0,0,0,0,100,100,100,0,0,0,0,100,100,100,100.000000,1600,4960,32.258065,10,10,10,10,104,4,0,4,100,4960,160,0,0,0,0,104,0,0,0,0,119,8136
1598,1,1,0,0,0,0,0,0,0,0,0,100,100,100,0,0,0,0,100,100,100,100.000000,1600,4960,32.258065,10,10,10,10,104,4,0,4,100,4960,160,0,0,0,0,104,0,0,0,0,111,8136
1599,1,1,0,0,0,0,0,0,0,0,0,100,100,100,0,0,0,0,100,100,100,100.000000,1600,4960,32.258065,10,10,10,10,104,4,0,4,100,4960,160,0,0,0,0,104,0,0,0,0,111,8136
1600,1,1,0,0,0,0,0,0,0,0,0,100,100,100,0,0,0,0,100,100,100,100.000000,1600,4960,32.258065,10,10,10,10,104,4,0,4,100,4960,160,0,0,0,0,104,0,0,0,0,108,8136
1601,1,1,0,0,0,0,0,0,0,0,0,100,100,100,0,0,0,0,100,100,100,100.000000,1600,4960,32.258065,10,10,10,10,104,4,0,4,100,4960,160,0,0,0,0,104,0,0,0,0,124,8136
1602,1,1,0,0,0,0,0,0,0,0,0,100,100,100,0,0,0,0,100,100,100,100.000000,1600,4960,32.258065,10,10,10,10,104,4,0,4,100,4960,160,0,0,0,0,104,0,0,0,0,131,8136
1603,1,1,0,0,0,0,0,0,0,0,0,100,100,100,0,0,0,0,100,100,100,100.000000,1600,4960,32.258065,10,10,10,10,104,4,0,4,100,4960,160,0,0,0,0,104,0,0,0,0,106,8136
1604,1,1,0,0,0,0,0,0,0,0,0,100,100,100,0,0,0,0,100,100,100,100.000000,1600,4960,32.258065,10,10,10,10,104,4,0,4,100,4960,160,0,0,0,0,104,0,0,0,0,104,8136
1605,1,1,0,0,0,0,0,0,0,0,0,100,100,100,0,0,0,0,100,100,100,100.000000,1600,4960,32.258065,10,10,10,10,104,4,0,4,100,4960,160,0,0,0,0,104,0,0,0,0,102,8136
1606,1,1,0,0,0,0,0,0,0,0,0,100,100,100,0,0,0,0,100,100,100,100.000000,1600,4960,32.258065,10,10,10,10,104,4,0,4,100,4960,160,0,0,0,0,104,0,0,0,0,105,8136
1607,1,1,0,0,0,0,0,0,0,0,0,100,100,100,0,0,0,0,100,100,100,100.000000,1600,4960,32.258065,10,10,10,10,104,4,0,4,100,4960,160,0,0,0,0,104,0,0,0,0,107,8136
1608,1,1,0,0,0,0,0,0,0,0,0,100,100,100,0,0,0,0,100,100,100,100.000000,1600,4960,32.258065,10,10,10,10,104,4,0,4,100,4960,160,0,0,0,0,104,0,0,0,0,112,8136
1609,1,1,0,0,0,0,0,0,0,0,0,100,100,100,0,0,0,0,100,100,100,100.000000,1600,4960,32.258065,10,10,10,10,104,4,0,4,100,4960,160,0,0,0,0,104,0,0,0,0,115,8136
1610,1,1,0,0,0,0,0,0,0,0,0,100,100,100,0,0,0,0,100,100,100,100.000000,1600,4960,32.258065,10,10,10,10,104,4,0,4,100,4960,160,0,0,0,0,104,0,0,0,0,128,8136
1611,1,1,0,0,0,0,0,0,0,0,0,100,100,100,0,0,0,0,100,100,100,100.000000,1600,4960,32.258065,10,10,10,10,104,4,0,4,100,4960,160,0,0,0,0,104,0,0,0,0,113,8136
1612,1,1,0,0,0,0,0,0,0,0,0,100,100,100,0,0,0,0,100,100,100,100.000000,1600,4960,32.258065,10,10,10,10,104,4,0,4,100,4960,160,0,0,0,0,104,0,0,0,0,111,8136
1613,1,1,0,0,0,0,0,0,0,0,0,100,100,100,0,0,0,0,100,100,100,100.000000,1600,4960,32.258065,10,10,10,10,104,4,0,4,100,4960,160,0,0,0,0,104,0,0,0,0,108,8136
1614,1,1,0,0,0,0,0,0,0,0,0,100,100,100,0,0,0,0,100,100,100,100.000000,1600,4960,32.258065,10,10,10,10,104,4,0,4,100,4960,160,0,0,0,0,104,0,0,0,0,111,8136
1615,1,1,0,0,0,0,0,0,0,0,0,100,100,100,0,0,0,0,100,100,100,100.000000,1600,4960,32.258065,10,10,10,10,104,4,0,4,100,4960,160,0,0,0,0,104,0,0,0,0,108,8136
1616,1,1,0,0,0,0,0,0,0,0,0,100,100,100,0,0,0,0,100,100,100,100.000000,1600,4960,32.258065,10,10,10,10,104,4,0,4,100,4960,160,0,0,0,0,104,0,0,0,0,114,8136
1617,1,1,0,0,0,0,0,0,0,0,0,100,100,100,0,0,0,0,100,100,100,100.000000,1600,4960,32.258065,10,10,10,10,104,4,0,4,100,4960,160,0,0,0,0,104,0,0,0,0,111,8136
1618,1,1,0,0,0,0,0,0,0,0,0,100,100,100,0,0,0,0,100,100,100,100.000000,1600,4960,32.258065,10,10,10,10,104,4,0,4,100,4960,160,0,0,0,0,104,0,0,0,0,125,8136
1619,1,1,0,0,0,0,0,0,0,0,0,100,100,100,0,0,0,0,100,100,100,100.000000,1600,4960,32.258065,10,10,10,10,104,4,0,4,100,4960,160,0,0,0,0,104,0,0,0,0,100,8136
1620,1,1,0,0,0,0,0,0,0,0,0,100,100,100,0,0,0,0,100,100,100,100.000000,1600,4960,32.258065,10,10,10,10,104,4,0,4,100,4960,160,0,0,0,0,104,0,0,0,0,105,8136
1621,1,1,0,0,0,0,0,0,0,0,0,100,100,100,0,0,0,0,100,100,100,100.000000,1600,4960,32.258065,10,10,10,10,104,4,0,4,100,4960,160,0,0,0,0,104,0,0,0,0,112,8136
1622,1,1,0,0,0,0,0,0,0,0,0,100,100,100,0,0,0,0,100,100,100,100.000000,1600,4960,32.258065,10,10,10,10,104,4,0,4,100,4960,160,0,0,0,0,104,0,0,0,0,105,8136
1623,1,1,0,0,0,0,0,0,0,0,0,100,100,100,0,0,0,0,100,100,100,100.000000,1600,4960,32.258065,10,10,10,10,104,4,0,4,100,4960,160,0,0,0,0,104,0,0,0,0,109,8136
1624,1,1,0,0,0,0,0,0,0,0,0,100,100,100,0,0,0,0,100,100,100,100.000000,1600,4960,32.258065,10,10,10,10,104,4,0,4,100,4960,160,0,0,0,0,104,0,0,0,0,111,8136
1625,1,1,0,0,0,0,0,0,0,0,0,100,100,100,0,0,0,0,100,100,100,100.000000,1600,4960,32.258065,10,10,10,10,104,4,0,4,100,4960,160,0,0,0,0,104,0,0,0,0,108,8136
1626,1,1,0,0,0,0,0,0,0,0,0,100,100,100,0,0,0,0,100,100,100,100.000000,1600,4960,32.258065,10,10,10,10,104,4,0,4,100,4960,160,0,0,0,0,104,0,0,0,0,106,8136
1627,1,1,0,0,0,0,0,0,0,0,0,100,100,100,0,0,0,0,100,100,100,100.000000,1600,4960,32.258065,10,10,10,10,104,4,0,4,100,4960,160,0,0,0,0,104,0,0,0,0,103,8136
1628,1,1,0,0,0,0,0,0,0,0,0,100,100,100,0,0,0,0,100,100,100,100.000000,1600,4960,32.258065,10,10,10,10,104,4,0,4,100,4960,160,0,0,0,0,104,0,0,0,0,107,8136
1629,1,1,0,0,0,0,0,0,0,0,0,100,100,100,0,0,0,0,100,100,100,100.000000,1600,4960,32.258065,10,10,10,10,104,4,0,4,100,4960,160,0,0,0,0,104,0,0,0,0,112,8136
1630,1,1,0,0,0,0,0,0,0,0,0,100,100,100,0,0,0,0,100,100,100,100.000000,1600,4960,32.258065,10,10,10,10,104,4,0,4,100,4960,160,0,0,0,0,104,0,0,0,0,109,8136
1631,1,1,0,0,0,0,0,0,0,0,0,100,100,100,0,0,0,0,100,100,100,100.000000,1600,4960,32.258065,10,10,10,10,104,4,0,4,100,4960,160,0,0,0,0,104,0,0,0,0,123,8136
1632,1,1,0,0,0,0,0,0,0,0,0,100,100,100,0,0,0,0,100,100,100,100.000000,1600,4960,32.258065,10,10,10,10,104,4,0,4,100,4960,160,0,0,0,0,104,0,0,0,0,117,8136
1633,1,1,0,0,0,0,0,0,0,0,0,100,100,100,0,0,0,0,100,100,100,100.000000,1600,4960,32.258065,10,10,10,10,104,4,0,4,100,4960,160,0,0,0,0,104,0,0,0,0,116,8136
1634,1,1,0,0,0,0,0,0,0,0,0,100,100,100,0,0,0,0,100,100,100,100.000000,1600,4960,32.258065,10,10,10,10,104,4,0,4,100,4960,160,0,0,0,0,104,0,0,0,0,114,8136
1635,1,1,0,0,0,0,0,0,0,0,0,100,100,100,0,0,0,0,100,100,100,100.000000,1600,4960,32.258065,10,10,10,10,104,4,0,4,100,4960,160,0,0,0,0,104,0,0,0,0,105,8136
1636,1,1,0,0,0,0,0,0,0,0,0,100,100,100,0,0,0,0,100,100,100,100.000000,1600,4960,32.258065,10,10,10,10,104,4,0,4,100,4960,160,0,0,0,0,104,0,0,0,0,107,8136
1637,1,1,0,0,0,0,0,0,0,0,0,100,100,100,0,0,0,0,100,100,100,100.000000,1600,4960,32.258065,10,10,10,10,104,4,0,4,100,4960,160,0,0,0,0,104,0,0,0,0,102,8136
1638,1,1,0,0,0,0,0,0,0,0,0,100,100,100,0,0,0,0,100,100,100,100.000000,1600,4960,32.258065,10,10,10,10,104,4,0,4,100,4960,160,0,0,0,0,104,0,0,0,0,109,8136
1639,1,1,0,0,0,0,0,0,0,0,0,100,100,100,0,0,0,0,100,100,100,100.000000,1600,4960,32.258065,10,10,10,10,104,4,0,4,100,4960,160,0,0,0,0,104,0,0,0,0,113,8136
1640,1,1,0,0,0,0,0,0,0,0,0,100,100,100,0,0,0,0,100,100,100,100.000000,1600,4960,32.258065,10,10,10,10,104,4,0,4,100,4960,160,0,0,0,0,104,0,0,0,0,114,8136
1641,1,1,0,0,0,0,0,0,0,0,0,100,100,100,0,0,0,0,100,100,100,100.000000,1600,4960,32.258065,10,10,10,10,104,4,0,4,100,4960,160,0,0,0,0,104,0,0,0,0,110,8136
1642,1,1,0,0,0,0,0,0,0,0,0,100,100,100,0,0,0,0,100,100,100,100.000000,1600,4960,32.258065,10,10,10,10,104,4,0,4,100,4960,160,0,0,0,0,104,0,0,0,0,111,8136
1643,1,1,0,0,0,0,0,0,0,0,0,100,100,100,0,0,0,0,100,100,100,100.000000,1600,4960,32.258065,10,10,10,10,104,4,0,4,100,4960,160,0,0,0,0,104,0,0,0,0,103,8136
1644,1,1,0,0,0,0,0,0,0,0,0,100,100,100,0,0,0,0,100,100,100,100.000000,1600,4960,32.258065,10,10,10,10,104,4,0,4,100,4960,160,0,0,0,0,104,0,0,0,0,104,8136
1645,1,1,0,0,0,0,0,0,0,0,0,100,100,100,0,0,0,0,100,100,100,100.000000,1600,4960,32.258065,10,10,10,10,104,4,0,4,100,4960,160,0,0,0,0,104,0,0,0,0,105,8136
1646,1,1,0,0,0,0,0,0,0,0,0,100,100,100,0,0,0,0,100,100,100,100.000000,1600,4960,32.258065,10,10,10,10,104,4,0,4,100,4960,160,0,0,0,0,104,0,0,0,0,107,8136
1647,1,1,0,0,0,0,0,0,0,0,0,100,100,100,0,0,0,0,100,100,100,100.000000,1600,4960,32.258065,10,10,10,10,104,4,0,4,100,4960,160,0,0,0,0,104,0,0,0,0,112,8136
1648,1,1,0,0,0,0,0,0,0,0,0,100,100,100,0,0,0,0,100,100,100,100.000000,1600,4960,32.258065,10,10,10,10,104,4,0,4,100,4960,160,0,0,0,0,104,0,0,0,0,117,8136
1649,1,1,0,0,0,0,0,0,0,0,0,100,100,100,0,0,0,0,100,100,100,100.000000,1600,4960,32.258065,10,10,10,10,104,4,0,4,100,4960,160,0,0,0,0,104,0,0,0,0,113,8136
1650,1,1,0,0,0,0,0,0,0,0,0,100,100,100,0,0,0,0,100,100,100,100.000000,1600,4960,32.258065,10,10,10,10,104,4,0,4,100,4960,160,0,0,0,0,104,0,0,0,0,118,8136
1651,1,1,0,0,0,0,0,0,0,0,0,100,100,100,0,0,0,0,100,100,100,100.000000,1600,4960,32.258065,10,10,10,10,104,4,0,4,100,4960,160,0,0,0,0,104,0,0,0,0,113,8136
1652,1,1,0,0,0,0,0,0,0,0,0,100,100,100,0,0,0,0,100,100,100,100.000000,1600,4960,32.258065,10,10,10,10,104,4,0,4,100,4960,160,0,0,0,0,104,0,0,0,0,119,8136
1653,1,1,0,0,0,0,0,0,0,0,0,100,100,100,0,0,0,0,100,100,100,100.000000,1600,4960,32.258065,10,10,10,10,104,4,0,4,100,4960,160,0,0,0,0,104,0,0,0,0,109,8136
1654,1,1,0,0,0,0,0,0,0,0,0,100,100,100,0,0,0,0,100,100,100,100.000000,1600,4960,32.258065,10,10,10,10,104,4,0,4,100,4960,160,0,0,0,0,104,0,0,0,0,115,8136
1655,1,1,0,0,0,0,0,0,0,0,0,100,100,100,0,0,0,0,100,100,100,100.000000,1600,4960,32.258065,10,10,10,10,104,4,0,4,100,4960,160,0,0,0,0,104,0,0,0,0,112,8136
1656,1,1,0,0,0,0,0,0,0,0,0,100,100,100,0,0,0,0,100,100,100,100.000000,1600,4960,32.258065,10,10,10,10,104,4,0,4,100,4960,160,0,0,0,0,104,0,0,0,0,114,8136
1657,1,1,0,0,0,0,0,0,0,0,0,100,100,100,0,0,0,0,100,100,100,100.000000,1600,4960,32.258065,10,10,10,10,104,4,0,4,100,4960,160,0,0,0,0,104,0,0,0,0,144,8136
1658,1,1,0,0,0,0,0,0,0,0,0,100,100,100,0,0,0,0,100,100,100,100.000000,1600,4960,32.258065,10,10,10,10,104,4,0,4,100,4960,160,0,0,0,0,104,0,0,0,0,123,8136
1659,1,1,0,0,0,0,0,0,0,0,0,100,100,100,0,0,0,0,100,100,100,100.000000,1600,4960,32.258065,10,10,10,10,104,4,0,4,100,4960,160,0,0,0,0,104,0,0,0,0,112,8136
1660,1,1,0,0,0,0,0,0,0,0,0,100,100,100,0,0,0,0,100,100,100,100.000000,1600,4960,32.258065,10,10,10,10,104,4,0,4,100,4960,160,0,0,0,0,104,0,0,0,0,106,8136
1661,1,1,0,0,0,0,0,0,0,0,0,100,100,100,0,0,0,0,100,100,100,100.000000,1600,4960,32.258065,10,10,10,10,104,4,0,4,100,4960,160,0,0,0,0,104,0,0,0,0,111,8136
1662,1,1,0,0,0,0,0,0,0,0,0,100,100,100,0,0,0,0,100,100,100,100.000000,1600,4960,32.258065,10,10,10,10,104,4,0,4,100,4960,160,0,0,0,0,104,0,0,0,0,107,8136
1663,1,1,0,0,0,0,0,0,0,0,0,100,100,100,0,0,0,0,100,100,100,100.000000,1600,4960,32.258065,10,10,10,10,104,4,0,4,100,4960,160,0,0,0,0,104,0,0,0,0,107,8136
1664,1,1,0,0,0,0,0,0,0,0,0,100,100,100,0,0,0,0,100,100,100,100.000000,1600,4960,32.258065,10,10,10,10,104,4,0,4,100,4960,160,0,0,0,0,104,0,0,0,0,111,8136
1665,1,1,0,0,0,0,0,0,0,0,0,100,100,100,0,0,0,0,100,100,100,100.000000,1600,4960,32.258065,10,10,10,10,104,4,0,4,100,4960,160,0,0,0,0,104,0,0,0,0,117,8136
1666,1,1,0,0,0,0,0,0,0,0,0,100,100,100,0,0,0,0,100,100,100,100.000000,1600,4960,32.258065,10,10,10,10,104,4,0,4,100,4960,160,0,0,0,0,104,0,0,0,0,121,8136
1667,1,1,0,0,0,0,0,0,0,0,0,100,100,100,0,0,0,0,100,100,100,100.000000,1600,4960,32.258065,10,10,10,10,104,4,0,4,100,4960,160,0,0,0,0,104,0,0,0,0,103,8136
1668,1,1,0,0,0,0,0,0,0,0,0,100,100,100,0,0,0,0,100,100,100,100.000000,1600,4960,32.258065,10,10,10,10,104,4,0,4,100,4960,160,0,0,0,0,104,0,0,0,0,102,8136
1669,1,1,0,0,0,0,0,0,0,0,0,100,100,100,0,0,0,0,100,100,100,100.000000,1600,4960,32.258065,10,10,10,10,104,4,0,4,100,4960,160,0,0,0,0,104,0,0,0,0,107,8136
1670,1,1,0,0,0,0,0,0,0,0,0,100,100,100,0,0,0,0,100,100,100,100.000000,1600,4960,32.258065,10,10,10,10,104,4,0,4,100,4960,160,0,0,0,0,104,0,0,0,0,111,8136
1671,1,1,0,0,0,0,0,0,0,0,0,100,100,100,0,0,0,0,100,100,100,100.000000,1600,4960,32.258065,10,10,10,10,104,4,0,4,100,4960,160,0,0,0,0,104,0,0,0,0,115,8136
1672,1,1,0,0,0,0,0,0,0,0,0,100,100,100,0,0,0,0,100,100,100,100.000000,1600,4960,32.258065,10,10,10,10,104,4,0,4,100,4960,160,0,0,0,0,104,0,0,0,0,122,8136
1673,1,1,0,0,0,0,0,0,0,0,0,100,100,100,0,0,0,0,100,100,100,100.000000,1600,4960,32.258065,10,10,10,10,104,4,0,4,100,4960,160,0,0,0,0,104,0,0,0,0,120,8136
1674,1,1,0,0,0,0,0,0,0,0,0,100,100,100,0,0,0,0,100,100,100,100.000000,1600,4960,32.258065,10,10,10,10,104,4,0,4,100,4960,160,0,0,0,0,104,0,0,0,0,108,8136
1675,1,1,0,0,0,0,0,0,0,0,0,100,100,100,0,0,0,0,100,100,100,100.000000,1600,4960,32.258065,10,10,10,10,104,4,0,4,100,4960,160,0,0,0,0,104,0,0,0,0,108,8136
1676,1,1,0,0,0,0,0,0,0,0,0,100,100,100,0,0,0,0,100,100,100,100.000000,1600,4960,32.258065,10,10,10,10,104,4,0,4,100,4960,160,0,0,0,0,104,0,0,0,0,116,8136
1677,1,1,0,0,0,0,0,0,0,0,0,100,100,100,0,0,0,0,100,100,100,100.000000,1600,4960,32.258065,10,10,10,10,104,4,0,4,100,4960,160,0,0,0,0,104,0,0,0,0,135,8136
1678,1,1,0,0,0,0,0,0,0,0,0,100,100,100,0,0,0,0,100,100,100,100.000000,1600,4960,32.258065,10,10,10,10,104,4,0,4,100,4960,160,0,0,0,0,104,0,0,0,0,117,8136
1679,1,1,0,0,0,0,0,0,0,0,0,100,100,100,0,0,0,0,100,100,100,100.000000,1600,4960,32.258065,10,10,10,10,104,4,0,4,100,4960,160,0,0,0,0,104,0,0,0,0,121,8136
1680,1,1,0,0,0,0,0,0,0,0,0,100,100,100,0,0,0,0,100,100,100,100.000000,1600,4960,32.258065,10,10,10,10,104,4,0,4,100,4960,160,0,0,0,0,104,0,0,0,0,120,8136
1681,1,1,0,0,0,0,0,0,0,0,0,100,100,100,0,0,0,0,100,100,100,100.000000,1600,4960,32.258065,10,10,10,10,104,4,0,4,100,4960,160,0,0,0,0,104,0,0,0,0,120,8136
1682,1,1,0,0,0,0,0,0,0,0,0,100,100,100,0,0,0,0,100,100,100,100.000000,1600,4960,32.258065,10,10,10,10,104,4,0,4,100,4960,160,0,0,0,0,104,0,0,0,0,105,8136
1683,1,1,0,0,0,0,0,0,0,0,0,100,100,100,0,0,0,0,100,100,100,100.000000,1600,4960,32.258065,10,10,10,10,104,4,0,4,100,4960,160,0,0,0,0,104,0,0,0,0,106,8136
1684,1,1,0,0,0,0,0,0,0,0,0,100,100,100,0,0,0,0,100,100,100,100.000000,1600,4960,32.258065,10,10,10,10,104,4,0,4,100,4960,160,0,0,0,0,104,0,0,0,0,104,8136
1685,1,1,0,0,0,0,0,0,0,0,0,100,100,100,0,0,0,0,100,100,100,100.000000,1600,4960,32.258065,10,10,10,10,104,4,0,4,100,4960,160,0,0,0,0,104,0,0,0,0,112,8136
1686,1,1,0,0,0,0,0,0,0,0,0,100,100,100,0,0,0,0,100,100,100,100.000000,1600,4960,32.258065,10,10,10,10,104,4,0,4,100,4960,160,0,0,0,0,104,0,0,0,0,102,8136
1687,1,1,0,0,0,0,0,0,0,0,0,100,100,100,0,0,0,0,100,100,100,100.000000,1600,4960,32.258065,10,10,10,10,104,4,0,4,100,4960,160,0,0,0,0,104,0,0,0,0,108,8136
1688,1,1,0,0,0,0,0,0,0,0,0,100,100,100,0,0,0,0,100,100,100,100.000000,1600,4960,32.258065,10,10,10,10,104,4,0,4,100,4960,160,0,0,0,0,104,0,0,0,0,115,8136
1689,1,1,0,0,0,0,0,0,0,0,0,100,100,100,0,0,0,0,100,100,100,100.000000,1600,4960,32.258065,10,10,10,10,104,4,0,4,100,4960,160,0,0,0,0,104,0,0,0,0,117,8136
1690,1,1,0,0,0,0,0,0,0,0,0,100,100,100,0,0,0,0,100,100,100,100.000000,1600,4960,32.258065,10,10,10,10,104,4,0,4,100,4960,160,0,0,0,0,104,0,0,0,0,114,8136
1691,1,1,0,0,0,0,0,0,0,0,0,100,100,100,0,0,0,0,100,100,100,100.000000,1600,4960,32.258065,10,10,10,10,104,4,0,4,100,4960,160,0,0,0,0,104,0,0,0,0,125,8136
1692,1,1,0,0,0,0,0,0,0,0,0,100,100,100,0,0,0,0,100,100,100,100.000000,1600,4960,32.258065,10,10,10,10,104,4,0,4,100,4960,160,0,0,0,0,104,0,0,0,0,99,8136
1693,1,1,0,0,0,0,0,0,0,0,0,100,100,100,0,0,0,0,100,100,100,100.000000,1600,4960,32.258065,10,10,10,10,104,4,0,4,100,4960,160,0,0,0,0,104,0,0,0,0,108,8136
1694,1,1,0,0,0,0,0,0,0,0,0,100,100,100,0,0,0,0,100,100,100,100.000000,1600,4960,32.258065,10,10,10,10,104,4,0,4,100,4960,160,0,0,0,0,104,0,0,0,0,110,8136
1695,1,1,0,0,0,0,0,0,0,0,0,100,100,100,0,0,0,0,100,100,100,100.000000,1600,4960,32.258065,10,10,10,10,104,4,0,4,100,4960,160,0,0,0,0,104,0,0,0,0,116,8136
1696,1,1,0,0,0,0,0,0,0,0,0,100,100,100,0,0,0,0,100,100,100,100.000000,1600,4960,32.258065,10,10,10,10,104,4,0,4,100,4960,160,0,0,0,0,104,0,0,0,0,108,8136
1697,1,1,0,0,0,0,0,0,0,0,0,100,100,100,0,0,0,0,100,100,100,100.000000,1600,4960,32.258065,10,10,10,10,104,4,0,4,100,4960,160,0,0,0,0,104,0,0,0,0,111,8136
1698,1,1,0,0,0,0,0,0,0,0,0,100,100,100,0,0,0,0,100,100,100,100.000000,1600,4960,32.258065,10,10,10,10,104,4,0,4,100,4960,160,0,0,0,0,104,0,0,0,0,112,8136
1699,1,1,0,0,0,0,0,0,0,0,0,100,100,100,0,0,0,0,100,100,100,100.000000,1600,4960,32.258065,10,10,10,10,104,4,0,4,100,4960,160,0,0,0,0,104,0,0,0,0,114,8136
1700,1,1,0,0,0,0,0,0,0,0,0,100,100,100,0,0,0,0,100,100,100,100.000000,1600,4960,32.258065,10,10,10,10,104,4,0,4,100,4960,160,0,0,0,0,104,0,0,0,0,106,8136
1701,1,1,0,0,0,0,0,0,0,0,0,100,100,100,0,0,0,0,100,100,100,100.000000,1600,4960,32.258065,10,10,10,10,104,4,0,4,100,4960,160,0,0,0,0,104,0,0,0,0,115,8136
1702,1,1,0,0,0,0,0,0,0,0,0,100,100,100,0,0,0,0,100,100,100,100.000000,1600,4960,32.258065,10,10,10,10,104,4,0,4,100,4960,160,0,0,0,0,104,0,0,0,0,111,8136
1703,1,1,0,0,0,0,0,0,0,0,0,100,100,100,0,0,0,0,100,100,100,100.000000,1600,4960,32.258065,10,10,10,10,104,4,0,4,100,4960,160,0,0,0,0,104,0,0,0,0,114,8136
1704,1,1,0,0,0,0,0,0,0,0,0,100,100,100,0,0,0,0,100,100,100,100.000000,1600,4960,32.258065,10,10,10,10,104,4,0,4,100,4960,160,0,0,0,0,104,0,0,0,0,111,8136
1705,1,1,0,0,0,0,0,0,0,0,0,100,100,100,0,0,0,0,100,100,100,100.000000,1600,4960,32.258065,10,10,10,10,104,4,0,4,100,4960,160,0,0,0,0,104,0,0,0,0,111,8136
1706,1,1,0,0,0,0,0,0,0,0,0,100,100,100,0,0,0,0,100,100,100,100.000000,1600,4960,32.258065,10,10,10,10,104,4,0,4,100,4960,160,0,0,0,0,104,0,0,0,0,106,8136
1707,1,1,0,0,0,0,0,0,0,0,0,100,100,100,0,0,0,0,100,100,100,100.000000,1600,4960,32.258065,10,10,10,10,104,4,0,4,100,4960,160,0,0,0,0,104,0,0,0,0,99,8136
1708,1,1,0,0,0,0,0,0,0,0,0,100,100,100,0,0,0,0,100,100,100,100.000000,1600,4960,32.258065,10,10,10,10,104,4,0,4,100,4960,160,0,0,0,0,104,0,0,0,0,102,8136
1709,1,1,0,0,0,0,0,0,0,0,0,100,100,100,0,0,0,0,100,100,100,100.000000,1600,4960,32.258065,10,10,10,10,104,4,0,4,100,4960,160,0,0,0,0,104,0,0,0,0,104,8136
1710,1,1,0,0,0,0,0,0,0,0,0,100,100,100,0,0,0,0,100,100,100,100.000000,1600,4960,32.258065,10,10,10,10,104,4,0,4,100,4960,160,0,0,0,0,104,0,0,0,0,103,8136
1711,1,1,0,0,0,0,0,0,0,0,0,100,100,100,0,0,0,0,100,100,100,100.000000,1600,4960,32.258065,10,10,10,10,104,4,0,4,100,4960,160,0,0,0,0,104,0,0,0,0,109,8136
1712,1,1,0,0,0,0,0,0,0,0,0,100,100,100,0,0,0,0,100,100,100,100.000000,1600,4960,32.258065,10,10,10,10,104,4,0,4,100,4960,160,0,0,0,0,104,0,0,0,0,110,8136
1713,1,1,0,0,0,0,0,0,0,0,0,100,100,100,0,0,0,0,100,100,100,100.000000,1600,4960,32.258065,10,10,10,10,104,4,0,4,100,4960,160,0,0,0,0,104,0,0,0,0,112,8136
1714,1,1,0,0,0,0,0,0,0,0,0,100,100,100,0,0,0,0,100,100,100,100.000000,1600,4960,32.258065,10,10,10,10,104,4,0,4,100,4960,160,0,0,0,0,104,0,0,0,0,106,8136
1715,1,1,0,0,0,0,0,0,0,0,0,100,100,100,0,0,0,0,100,100,100,100.000000,1600,4960,32.258065,10,10,10,10,104,4,0,4,100,4960,160,0,0,0,0,104,0,0,0,0,104,8136
1716,1,1,0,0,0,0,0,0,0,0,0,100,100,100,0,0,0,0,100,100,100,100.000000,1600,4960,32.258065,10,10,10,10,104,4,0,4,100,4960,160,0,0,0,0,104,0,0,0,0,103,8136
1717,1,1,0,0,0,0,0,0,0,0,0,100,100,100,0,0,0,0,100,100,100,100.000000,1600,4960,32.258065,10,10,10,10,104,4,0,4,100,4960,160,0,0,0,0,104,0,0,0,0,103,8136
1718,1,1,0,0,0,0,0,0,0,0,0,100,100,100,0,0,0,0,100,100,100,100.000000,1600,4960,32.258065,10,10,10,10,104,4,0,4,100,4960,160,0,0,0,0,104,0,0,0,0,129,8136
1719,1,1,0,0,0,0,0,0,0,0,0,100,100,100,0,0,0,0,100,100,100,100.000000,1600,4960,32.258065,10,10,10,10,104,4,0,4,100,4960,160,0,0,0,0,104,0,0,0,0,109,8136
1720,1,1,0,0,0,0,0,0,0,0,0,100,100,100,0,0,0,0,100,100,100,100.000000,1600,4960,32.258065,10,10,10,10,104,4,0,4,100,4960,160,0,0,0,0,104,0,0,0,0,134,8136
1721,1,1,0,0,0,0,0,0,0,0,0,100,100,100,0,0,0,0,100,100,100,100.000000,1600,4960,32.258065,10,10,10,10,104,4,0,4,100,4960,160,0,0,0,0,104,0,0,0,0,115,8136
1722,1,1,0,0,0,0,0,0,0,0,0,100,100,100,0,0,0,0,100,100,100,100.000000,1600,4960,32.258065,10,10,10,10,104,4,0,4,100,4960,160,0,0,0,0,104,0,0,0,0,103,8136
1723,1,1,0,0,0,0,0,0,0,0,0,100,100,100,0,0,0,0,100,100,100,100.000000,1600,4960,32.258065,10,10,10,10,104,4,0,4,100,4960,160,0,0,0,0,104,0,0,0,0,101,8136
1724,1,1,0,0,0,0,0,0,0,0,0,100,100,100,0,0,0,0,100,100,100,100.000000,1600,4960,32.258065,10,10,10,10,104,4,0,4,100,4960,160,0,0,0,0,104,0,0,0,0,102,8136
1725,1,1,0,0,0,0,0,0,0,0,0,100,100,100,0,0,0,0,100,100,100,100.000000,1600,4960,32.258065,10,10,10,10,104,4,0,4,100,4960,160,0,0,0,0,104,0,0,0,0,98,8136
1726,1,1,0,0,0,0,0,0,0,0,0,100,100,100,0,0,0,0,100,100,100,100.000000,1600,4960,32.258065,10,10,10,10,104,4,0,4,100,4960,160,0,0,0,0,104,0,0,0,0,121,8136
1727,1,1,0,0,0,0,0,0,0,0,0,100,100,100,0,0,0,0,100,100,100,100.000000,1600,4960,32.258065,10,10,10,10,104,4,0,4,100,4960,160,0,0,0,0,104,0,0,0,0,104,8136
1728,1,1,0,0,0,0,0,0,0,0,0,100,100,100,0,0,0,0,100,100,100,100.000000,1600,4960,32.258065,10,10,10,10,104,4,0,4,100,4960,160,0,0,0,0,104,0,0,0,0,132,8136
1729,1,1,0,0,0,0,0,0,0,0,0,100,100,100,0,0,0,0,100,100,100,100.000000,1600,4960,32.258065,10,10,10,10,104,4,0,4,100,4960,160,0,0,0,0,104,0,0,0,0,116,8136
1730,1,1,0,0,0,0,0,0,0,0,0,100,100,100,0,0,0,0,100,100,100,100.000000,1600,4960,32.258065,10,10,10,10,104,4,0,4,100,4960,160,0,0,0,0,104,0,0,0,0,115,8136
1731,1,1,0,0,0,0,0,0,0,0,0,100,100,100,0,0,0,0,100,100,100,100.000000,1600,4960,32.258065,10,10,10,10,104,4,0,4,100,4960,160,0,0,0,0,104,0,0,0,0,113,8136
1732,1,1,0,0,0,0,0,0,0,0,0,100,100,100,0,0,0,0,100,100,100,100.000000,1600,4960,32.258065,10,10,10,10,104,4,0,4,100,4960,160,0,0,0,0,104,0,0,0,0,111,8136
1733,1,1,0,0,0,0,0,0,0,0,0,100,100,100,0,0,0,0,100,100,100,100.000000,1600,4960,32.258065,10,10,10,10,104,4,0,4,100,4960,160,0,0,0,0,104,0,0,0,0,109,8136
1734,1,1,0,0,0,0,0,0,0,0,0,100,100,100,0,0,0,0,100,100,100,100.000000,1600,4960,32.258065,10,10,10,10,104,4,0,4,100,4960,160,0,0,0,0,104,0,0,0,0,110,8136
1735,1,1,0,0,0,0,0,0,0,0,0,100,100,100,0,0,0,0,100,100,100,100.000000,1600,4960,32.258065,10,10,10,10,104,4,0,4,100,4960,160,0,0,0,0,104,0,0,0,0,112,8136
1736,1,1,0,0,0,0,0,0,0,0,0,100,100,100,0,0,0,0,100,100,100,100.000000,1600,4960,32.258065,10,10,10,10,104,4,0,4,100,4960,160,0,0,0,0,104,0,0,0,0,114,8136
1737,1,1,0,0,0,0,0,0,0,0,0,100,100,100,0,0,0,0,100,100,100,100.000000,1600,4960,32.258065,10,10,10,10,104,4,0,4,100,4960,160,0,0,0,0,104,0,0,0,0,110,8136
1738,1,1,0,0,0,0,0,0,0,0,0,100,100,100,0,0,0,0,100,100,100,100.000000,1600,4960,32.258065,10,10,10,10,104,4,0,4,100,4960,160,0,0,0,0,104,0,0,0,0,113,8136
1739,1,1,0,0,0,0,0,0,0,0,0,100,100,100,0,0,0,0,100,100,100,100.000000,1600,4960,32.258065,10,10,10,10,104,4,0,4,100,4960,160,0,0,0,0,104,0,0,0,0,111,8136
1740,1,1,0,0,0,0,0,0,0,0,0,100,100,100,0,0,0,0,100,100,100,100.000000,1600,4960,32.258065,10,10,10,10,104,4,0,4,100,4960,160,0,0,0,0,104,0,0,0,0,118,8136
1741,1,1,0,0,0,0,0,0,0,0,0,100,100,100,0,0,0,0,100,100,100,100.000000,1600,4960,32.258065,10,10,10,10,104,4,0,4,100,4960,160,0,0,0,0,104,0,0,0,0,124,8136
1742,1,1,0,0,0,0,0,0,0,0,0,100,100,100,0,0,0,0,100,100,100,100.000000,1600,4960,32.258065,10,10,10,10,104,4,0,4,100,4960,160,0,0,0,0,104,0,0,0,0,118,8136
1743,1,1,0,0,0,0,0,0,0,0,0,100,100,100,0,0,0,0,100,100,100,100.000000,1600,4960,32.258065,10,10,10,10,104,4,0,4,100,4960,160,0,0,0,0,104,0,0,0,0,116,8136
1744,1,1,0,0,0,0,0,0,0,0,0,100,100,100,0,0,0,0,100,100,100,100.000000,1600,4960,32.258065,10,10,10,10,104,4,0,4,100,4960,160,0,0,0,0,104,0,0,0,0,109,8136
1745,1,1,0,0,0,0,0,0,0,0,0,100,100,100,0,0,0,0,100,100,100,100.000000,1600,4960,32.258065,10,10,10,10,104,4,0,4,100,4960,160,0,0,0,0,104,0,0,0,0,110,8136
1746,1,1,0,0,0,0,0,0,0,0,0,100,100,100,0,0,0,0,100,100,100,100.000000,1600,4960,32.258065,10,10,10,10,104,4,0,4,100,4960,160,0,0,0,0,104,0,0,0,0,110,8136
1747,1,1,0,0,0,0,0,0,0,0,0,100,100,100,0,0,0,0,100,100,100,100.000000,1600,4960,32.258065,10,10,10,10,104,4,0,4,100,4960,160,0,0,0,0,104,0,0,0,0,109,8136
1748,1,1,0,0,0,0,0,0,0,0,0,100,100,100,0,0,0,0,100,100,100,100.000000,1600,4960,32.258065,10,10,10,10,104,4,0,4,100,4960,160,0,0,0,0,104,0,0,0,0,110,8136
1749,1,1,0,0,0,0,0,0,0,0,0,100,100,100,0,0,0,0,100,100,100,100.000000,1600,4960,32.258065,10,10,10,10,104,4,0,4,100,4960,160,0,0,0,0,104,0,0,0,0,108,8136
1750,1,1,0,0,0,0,0,0,0,0,0,100,100,100,0,0,0,0,100,100,100,100.000000,1600,4960,32.258065,10,10,10,10,104,4,0,4,100,4960,160,0,0,0,0,104,0,0,0,0,142,8136
1751,1,1,0,0,0,0,0,0,0,0,0,100,100,100,0,0,0,0,100,100,100,100.000000,1600,4960,32.258065,10,10,10,10,104,4,0,4,100,4960,160,0,0,0,0,104,0,0,0,0,109,8136
1752,1,1,0,0,0,0,0,0,0,0,0,100,100,100,0,0,0,0,100,100,100,100.000000,1600,4960,32.258065,10,10,10,10,104,4,0,4,100,4960,160,0,0,0,0,104,0,0,0,0,107,8136
1753,1,1,0,0,0,0,0,0,0,0,0,100,100,100,0,0,0,0,100,100,100,100.000000,1600,4960,32.258065,10,10,10,10,104,4,0,4,100,4960,160,0,0,0,0,104,0,0,0,0,107,8136
1754,1,1,0,0,0,0,0,0,0,0,0,100,100,100,0,0,0,0,100,100,100,100.000000,1600,4960,32.258065,10,10,10,10,104,4,0,4,100,4960,160,0,0,0,0,104,0,0,0,0,105,8136
1755,1,1,0,0,0,0,0,0,0,0,0,100,100,100,0,0,0,0,100,100,100,100.000000,1600,4960,32.258065,10,10,10,10,104,4,0,4,100,4960,160,0,0,0,0,104,0,0,0,0,104,8136
1756,1,1,0,0,0,0,0,0,0,0,0,100,100,100,0,0,0,0,100,100,100,100.000000,1600,4960,32.258065,10,10,10,10,104,4,0,4,100,4960,160,0,0,0,0,104,0,0,0,0,111,8136
1757,1,1,0,0,0,0,0,0,0,0,0,100,100,100,0,0,0,0,100,100,100,100.000000,1600,4960,32.258065,10,10,10,10,104,4,0,4,100,4960,160,0,0,0,0,104,0,0,0,0,111,8136
1758,1,1,0,0,0,0,0,0,0,0,0,100,100,100,0,0,0,0,100,100,100,100.000000,1600,4960,32.258065,10,10,10,10,104,4,0,4,100,4960,160,0,0,0,0,104,0,0,0,0,112,8136
1759,1,1,0,0,0,0,0,0,0,0,0,100,100,100,0,0,0,0,100,100,100,100.000000,1600,4960,32.258065,10,10,10,10,104,4,0,4,100,4960,160,0,0,0,0,104,0,0,0,0,114,8136
1760,1,1,0,0,0,0,0,0,0,0,0,100,100,100,0,0,0,0,100,100,100,100.000000,1600,4960,32.258065,10,10,10,10,104,4,0,4,100,4960,160,0,0,0,0,104,0,0,0,0,122,8136
1761,1,1,0,0,0,0,0,0,0,0,0,100,100,100,0,0,0,0,100,100,100,100.000000,1600,4960,32.258065,10,10,10,10,104,4,0,4,100,4960,160,0,0,0,0,104,0,0,0,0,121,8136
1762,1,1,0,0,0,0,0,0,0,0,0,100,100,100,0,0,0,0,100,100,100,100.000000,1600,4960,32.258065,10,10,10,10,104,4,0,4,100,4960,160,0,0,0,0,104,0,0,0,0,122,8136
1763,1,1,0,0,0,0,0,0,0,0,0,100,100,100,0,0,0,0,100,100,100,100.000000,1600,4960,32.258065,10,10,10,10,104,4,0,4,100,4960,160,0,0,0,0,104,0,0,0,0,154,8136
1764,1,1,0,0,0,0,0,0,0,0,0,100,100,100,0,0,0,0,100,100,100,100.000000,1600,4960,32.258065,10,10,10,10,104,4,0,4,100,4960,160,0,0,0,0,104,0,0,0,0,109,8136
1765,1,1,0,0,0,0,0,0,0,0,0,100,100,100,0,0,0,0,100,100,100,100.000000,1600,4960,32.258065,10,10,10,10,104,4,0,4,100,4960,160,0,0,0,0,104,0,0,0,0,132,8136
1766,1,1,0,0,0,0,0,0,0,0,0,100,100,100,0,0,0,0,100,100,100,100.000000,1600,4960,32.258065,10,10,10,10,104,4,0,4,100,4960,160,0,0,0,0,104,0,0,0,0,124,8136
1767,1,1,0,0,0,0,0,0,0,0,0,100,100,100,0,0,0,0,100,100,100,100.000000,1600,4960,32.258065,10,10,10,10,104,4,0,4,100,4960,160,0,0,0,0,104,0,0,0,0,111,8136
1768,1,1,0,0,0,0,0,0,0,0,0,100,100,100,0,0,0,0,100,100,100,100.000000,1600,4960,32.258065,10,10,10,10,104,4,0,4,100,4960,160,0,0,0,0,104,0,0,0,0,113,8136
1769,1,1,0,0,0,0,0,0,0,0,0,100,100,100,0,0,0,0,100,100,100,100.000000,1600,4960,32.258065,10,10,10,10,104,4,0,4,100,4960,160,0,0,0,0,104,0,0,0,0,118,8136
1770,1,1,0,0,0,0,0,0,0,0,0,100,100,100,0,0,0,0,100,100,100,100.000000,1600,4960,32.258065,10,10,10,10,104,4,0,4,100,4960,160,0,0,0,0,104,0,0,0,0,118,8136
1771,1,1,0,0,0,0,0,0,0,0,0,100,100,100,0,0,0,0,100,100,100,100.000000,1600,4960,32.258065,10,10,10,10,104,4,0,4,100,4960,160,0,0,0,0,104,0,0,0,0,113,8136
1772,1,1,0,0,0,0,0,0,0,0,0,100,100,100,0,0,0,0,100,100,100,100.000000,1600,4960,32.258065,10,10,10,10,104,4,0,4,100,4960,160,0,0,0,0,104,0,0,0,0,116,8136
1773,1,1,0,0,0,0,0,0,0,0,0,100,100,100,0,0,0,0,100,100,100,100.000000,1600,4960,32.258065,10,10,10,10,104,4,0,4,100,4960,160,0,0,0,0,104,0,0,0,0,110,8136
1774,1,1,0,0,0,0,0,0,0,0,0,100,100,100,0,0,0,0,100,100,100,100.000000,1600,4960,32.258065,10,10,10,10,104,4,0,4,100,4960,160,0,0,0,0,104,0,0,0,0,107,8136
1775,1,1,0,0,0,0,0,0,0,0,0,100,100,100,0,0,0,0,100,100,100,100.000000,1600,4960,32.258065,10,10,10,10,104,4,0,4,100,4960,160,0,0,0,0,104,0,0,0,0,102,8136
1776,1,1,0,0,0,0,0,0,0,0,0,100,100,100,0,0,0,0,100,100,100,100.000000,1600,4960,32.258065,10,10,10,10,104,4,0,4,100,4960,160,0,0,0,0,104,0,0,0,0,113,8136
1777,1,1,0,0,0,0,0,0,0,0,0,100,100,100,0,0,0,0,100,100,100,100.000000,1600,4960,32.258065,10,10,10,10,104,4,0,4,100,4960,160,0,0,0,0,104,0,0,0,0,117,8136
1778,1,1,0,0,0,0,0,0,0,0,0,100,100,100,0,0,0,0,100,100,100,100.000000,1600,4960,32.258065,10,10,10,10,104,4,0,4,100,4960,160,0,0,0,0,104,0,0,0,0,119,8136
1779,1,1,0,0,0,0,0,0,0,0,0,100,100,100,0,0,0,0,100,100,100,100.000000,1600,4960,32.258065,10,10,10,10,104,4,0,4,100,4960,160,0,0,0,0,104,0,0,0,0,113,8136
1780,1,1,0,0,0,0,0,0,0,0,0,100,100,100,0,0,0,0,100,100,100,100.000000,1600,4960,32.258065,10,10,10,10,104,4,0,4,100,4960,160,0,0,0,0,104,0,0,0,0,113,8136
1781,1,1,0,0,0,0,0,0,0,0,0,100,100,100,0,0,0,0,100,100,100,100.000000,1600,4960,32.258065,10,10,10,10,104,4,0,4,100,4960,160,0,0,0,0,104,0,0,0,0,112,8136
1782,1,1,0,0,0,0,0,0,0,0,0,100,100,100,0,0,0,0,100,100,100,100.000000,1600,4960,32.258065,10,10,10,10,104,4,0,4,100,4960,160,0,0,0,0,104,0,0,0,0,116,8136
1783,1,1,0,0,0,0,0,0,0,0,0,100,100,100,0,0,0,0,100,100,100,100.000000,1600,4960,32.258065,10,10,10,10,104,4,0,4,100,4960,160,0,0,0,0,104,0,0,0,0,106,8136
1784,1,1,0,0,0,0,0,0,0,0,0,100,100,100,0,0,0,0,100,100,100,100.000000,1600,4960,32.258065,10,10,10,10,104,4,0,4,100,4960,160,0,0,0,0,104,0,0,0,0,111,8136
1785,1,1,0,0,0,0,0,0,0,0,0,100,100,100,0,0,0,0,100,100,100,100.000000,1600,4960,32.258065,10,10,10,10,104,4,0,4,100,4960,160,0,0,0,0,104,0,0,0,0,107,8136
1786,1,1,0,0,0,0,0,0,0,0,0,100,100,100,0,0,0,0,100,100,100,100.000000,1600,4960,32.258065,10,10,10,10,104,4,0,4,100,4960,160,0,0,0,0,104,0,0,0,0,117,8136
1787,1,1,0,0,0,0,0,0,0,0,0,100,100,100,0,0,0,0,100,100,100,100.000000,1600,4960,32.258065,10,10,10,10,104,4,0,4,100,4960,160,0,0,0,0,104,0,0,0,0,108,8136
1788,1,1,0,0,0,0,0,0,0,0,0,100,100,100,0,0,0,0,100,100,100,100.000000,1600,4960,32.258065,10,10,10,10,104,4,0,4,100,4960,160,0,0,0,0,104,0,0,0,0,107,8136
1789,1,1,0,0,0,0,0,0,0,0,0,100,100,100,0,0,0,0,100,100,100,100.000000,1600,4960,32.258065,10,10,10,10,104,4,0,4,100,4960,160,0,0,0,0,104,0,0,0,0,106,8136
1790,1,1,0,0,0,0,0,0,0,0,0,100,100,100,0,0,0,0,100,100,100,100.000000,1600,4960,32.258065,10,10,10,10,104,4,0,4,100,4960,160,0,0,0,0,104,0,0,0,0,100,8136
1791,1,1,0,0,0,0,0,0,0,0,0,100,100,100,0,0,0,0,100,100,100,100.000000,1600,4960,32.258065,10,10,10,10,104,4,0,4,100,4960,160,0,0,0,0,104,0,0,0,0,103,8136
1792,1,1,0,0,0,0,0,0,0,0,0,100,100,100,0,0,0,0,100,100,100,100.000000,1600,4960,32.258065,10,10,10,10,104,4,0,4,100,4960,160,0,0,0,0,104,0,0,0,0,160,8136
1793,1,1,0,0,0,0,0,0,0,0,0,100,100,100,0,0,0,0,100,100,100,100.000000,1600,4960,32.258065,10,10,10,10,104,4,0,4,100,4960,160,0,0,0,0,104,0,0,0,0,125,8136
1794,1,1,0,0,0,0,0,0,0,0,0,100,100,100,0,0,0,0,100,100,100,100.000000,1600,4960,32.258065,10,10,10,10,104,4,0,4,100,4960,160,0,0,0,0,104,0,0,0,0,154,8136
1795,1,1,0,0,0,0,0,0,0,0,0,100,100,100,0,0,0,0,100,100,100,100.000000,1600,4960,32.258065,10,10,10,10,104,4,0,4,100,4960,160,0,0,0,0,104,0,0,0,0,134,8136
1796,1,1,0,0,0,0,0,0,0,0,0,100,100,100,0,0,0,0,100,100,100,100.000000,1600,4960,32.258065,10,10,10,10,104,4,0,4,100,4960,160,0,0,0,0,104,0,0,0,0,118,8136
1797,1,1,0,0,0,0,0,0,0,0,0,100,100,100,0,0,0,0,100,100,100,100.000000,1600,4960,32.258065,10,10,10,10,104,4,0,4,100,4960,160,0,0,0,0,104,0,0,0,0,122,8136
1798,1,1,0,0,0,0,0,0,0,0,0,100,100,100,0,0,0,0,100,100,100,100.000000,1600,4960,32.258065,10,10,10,10,104,4,0,4,100,4960,160,0,0,0,0,104,0,0,0,0,118,8136
1799,1,1,0,0,0,0,0,0,0,0,0,100,100,100,0,0,0,0,100,100,100,100.000000,1600,4960,32.258065,10,10,10,10,104,4,0,4,100,4960,160,0,0,0,0,104,0,0,0,0,112,8136
1800,1,1,0,0,0,0,0,0,0,0,0,100,100,100,0,0,0,0,100,100,100,100.000000,1600,4960,32.258065,10,10,10,10,104,4,0,4,100,4960,160,0,0,0,0,104,0,0,0,0,117,8136
1801,1,1,0,0,0,0,0,0,0,0,0,100,100,100,0,0,0,0,100,100,100,100.000000,1600,4960,32.258065,10,10,10,10,104,4,0,4,100,4960,160,0,0,0,0,104,0,0,0,0,116,8136
1802,1,1,0,0,0,0,0,0,0,0,0,100,100,100,0,0,0,0,100,100,100,100.000000,1600,4960,32.258065,10,10,10,10,104,4,0,4,100,4960,160,0,0,0,0,104,0,0,0,0,115,8136
1803,1,1,0,0,0,0,0,0,0,0,0,100,100,100,0,0,0,0,100,100,100,100.000000,1600,4960,32.258065,10,10,10,10,104,4,0,4,100,4960,160,0,0,0,0,104,0,0,0,0,107,8136
1804,1,1,0,0,0,0,0,0,0,0,0,100,100,100,0,0,0,0,100,100,100,100.000000,1600,4960,32.258065,10,10,10,10,104,4,0,4,100,4960,160,0,0,0,0,104,0,0,0,0,122,8136
1805,1,1,0,0,0,0,0,0,0,0,0,100,100,100,0,0,0,0,100,100,100,100.000000,1600,4960,32.258065,10,10,10,10,104,4,0,4,100,4960,160,0,0,0,0,104,0,0,0,0,103,8136
1806,1,1,0,0,0,0,0,0,0,0,0,100,100,100,0,0,0,0,100,100,100,100.000000,1600,4960,32.258065,10,10,10,10,104,4,0,4,100,4960,160,0,0,0,0,104,0,0,0,0,109,8136
1807,1,1,0,0,0,0,0,0,0,0,0,100,100,100,0,0,0,0,100,100,100,100.000000,1600,4960,32.258065,10,10,10,10,104,4,0,4,100,4960,160,0,0,0,0,104,0,0,0,0,104,8136
1808,1,1,0,0,0,0,0,0,0,0,0,100,100,100,0,0,0,0,100,100,100,100.000000,1600,4960,32.258065,10,10,10,10,104,4,0,4,100,4960,160,0,0,0,0,104,0,0,0,0,119,8136
1809,1,1,0,0,0,0,0,0,0,0,0,100,100,100,0,0,0,0,100,100,100,100.000000,1600,4960,32.258065,10,10,10,10,104,4,0,4,100,4960,160,0,0,0,0,104,0,0,0,0,109,8136
1810,1,1,0,0,0,0,0,0,0,0,0,100,100,100,0,0,0,0,100,100,100,100.000000,1600,4960,32.258065,10,10,10,10,104,4,0,4,100,4960,160,0,0,0,0,104,0,0,0,0,118,8136
1811,1,1,0,0,0,0,0,0,0,0,0,100,100,100,0,0,0,0,100,100,100,100.000000,1600,4960,32.258065,10,10,10,10,104,4,0,4,100,4960,160,0,0,0,0,104,0,0,0,0,107,8136
1812,1,1,0,0,0,0,0,0,0,0,0,100,100,100,0,0,0,0,100,100,100,100.000000,1600,4960,32.258065,10,10,10,10,104,4,0,4,100,4960,160,0,0,0,0,104,0,0,0,0,103,8136
1813,1,1,0,0,0,0,0,0,0,0,0,100,100,100,0,0,0,0,100,100,100,100.000000,1600,4960,32.258065,10,10,10,10,104,4,0,4,100,4960,160,0,0,0,0,104,0,0,0,0,112,8136
1814,1,1,0,0,0,0,0,0,0,0,0,100,100,100,0,0,0,0,100,100,100,100.000000,1600,4960,32.258065,10,10,10,10,104,4,0,4,100,4960,160,0,0,0,0,104,0,0,0,0,109,8136
1815,1,1,0,0,0,0,0,0,0,0,0,100,100,100,0,0,0,0,100,100,100,100.000000,1600,4960,32.258065,10,10,10,10,104,4,0,4,100,4960,160,0,0,0,0,104,0,0,0,0,108,8136
1816,1,1,0,0,0,0,0,0,0,0,0,100,100,100,0,0,0,0,100,100,100,100.000000,1600,4960,32.258065,10,10,10,10,104,4,0,4,100,4960,160,0,0,0,0,104,0,0,0,0,119,8136
1817,1,1,0,0,0,0,0,0,0,0,0,100,100,100,0,0,0,0,100,100,100,100.000000,1600,4960,32.258065,10,10,10,10,104,4,0,4,100,4960,160,0,0,0,0,104,0,0,0,0,125,8136
1818,1,1,0,0,0,0,0,0,0,0,0,100,100,100,0,0,0,0,100,100,100,100.000000,1600,4960,32.258065,10,10,10,10,104,4,0,4,100,4960,160,0,0,0,0,104,0,0,0,0,137,8136
1819,1,1,0,0,0,0,0,0,0,0,0,100,100,100,0,0,0,0,100,100,100,100.000000,1600,4960,32.258065,10,10,10,10,104,4,0,4,100,4960,160,0,0,0,0,104,0,0,0,0,121,8136
1820,1,1,0,0,0,0,0,0,0,0,0,100,100,100,0,0,0,0,100,100,100,100.000000,1600,4960,32.258065,10,10,10,10,104,4,0,4,100,4960,160,0,0,0,0,104,0,0,0,0,109,8136
1821,1,1,0,0,0,0,0,0,0,0,0,100,100,100,0,0,0,0,100,100,100,100.000000,1600,4960,32.258065,10,10,10,10,104,4,0,4,100,4960,160,0,0,0,0,104,0,0,0,0,110,8136
1822,1,1,0,0,0,0,0,0,0,0,0,100,100,100,0,0,0,0,100,100,100,100.000000,1600,4960,32.258065,10,10,10,10,104,4,0,4,100,4960,160,0,0,0,0,104,0,0,0,0,108,8136
1823,1,1,0,0,0,0,0,0,0,0,0,100,100,100,0,0,0,0,100,100,100,100.000000,1600,4960,32.258065,10,10,10,10,104,4,0,4,100,4960,160,0,0,0,0,104,0,0,0,0,124,8136
1824,1,1,0,0,0,0,0,0,0,0,0,100,100,100,0,0,0,0,100,100,100,100.000000,1600,4960,32.258065,10,10,10,10,104,4,0,4,100,4960,160,0,0,0,0,104,0,0,0,0,126,8136
1825,1,1,0,0,0,0,0,0,0,0,0,100,100,100,0,0,0,0,100,100,100,100.000000,1600,4960,32.258065,10,10,10,10,104,4,0,4,100,4960,160,0,0,0,0,104,0,0,0,0,110,8136
1826,1,1,0,0,0,0,0,0,0,0,0,100,100,100,0,0,0,0,100,100,100,100.000000,1600,4960,32.258065,10,10,10,10,104,4,0,4,100,4960,160,0,0,0,0,104,0,0,0,0,115,8136
1827,1,1,0,0,0,0,0,0,0,0,0,100,100,100,0,0,0,0,100,100,100,100.000000,1600,4960,32.258065,10,10,10,10,104,4,0,4,100,4960,160,0,0,0,0,104,0,0,0,0,105,8136
1828,1,1,0,0,0,0,0,0,0,0,0,100,100,100,0,0,0,0,100,100,100,100.000000,1600,4960,32.258065,10,10,10,10,104,4,0,4,100,4960,160,0,0,0,0,104,0,0,0,0,111,8136
1829,1,1,0,0,0,0,0,0,0,0,0,100,100,100,0,0,0,0,100,100,100,100.000000,1600,4960,32.258065,10,10,10,10,104,4,0,4,100,4960,160,0,0,0,0,104,0,0,0,0,110,8136
1830,1,1,0,0,0,0,0,0,0,0,0,100,100,100,0,0,0,0,100,100,100,100.000000,1600,4960,32.258065,10,10,10,10,104,4,0,4,100,4960,160,0,0,0,0,104,0,0,0,0,117,8136
1831,1,1,0,0,0,0,0,0,0,0,0,100,100,100,0,0,0,0,100,100,100,100.000000,1600,4960,32.258065,10,10,10,10,104,4,0,4,100,4960,160,0,0,0,0,104,0,0,0,0,113,8136
1832,1,1,0,0,0,0,0,0,0,0,0,100,100,100,0,0,0,0,100,100,100,100.000000,1600,4960,32.258065,10,10,10,10,104,4,0,4,100,4960,160,0,0,0,0,104,0,0,0,0,113,8136
1833,1,1,0,0,0,0,0,0,0,0,0,100,100,100,0,0,0,0,100,100,100,100.000000,1600,4960,32.258065,10,10,10,10,104,4,0,4,100,4960,160,0,0,0,0,104,0,0,0,0,111,8136
1834,1,1,0,0,0,0,0,0,0,0,0,100,100,100,0,0,0,0,100,100,100,100.000000,1600,4960,32.258065,10,10,10,10,104,4,0,4,100,4960,160,0,0,0,0,104,0,0,0,0,115,8136
1835,1,1,0,0,0,0,0,0,0,0,0,100,100,100,0,0,0,0,100,100,100,100.000000,1600,4960,32.258065,10,10,10,10,104,4,0,4,100,4960,160,0,0,0,0,104,0,0,0,0,105,8136
1836,1,1,0,0,0,0,0,0,0,0,0,100,100,100,0,0,0,0,100,100,100,100.000000,1600,4960,32.258065,10,10,10,10,104,4,0,4,100,4960,160,0,0,0,0,104,0,0,0,0,113,8136
1837,1,1,0,0,0,0,0,0,0,0,0,100,100,100,0,0,0,0,100,100,100,100.000000,1600,4960,32.258065,10,10,10,10,104,4,0,4,100,4960,160,0,0,0,0,104,0,0,0,0,107,8136
1838,1,1,0,0,0,0,0,0,0,0,0,100,100,100,0,0,0,0,100,100,100,100.000000,1600,4960,32.258065,10,10,10,10,104,4,0,4,100,4960,160,0,0,0,0,104,0,0,0,0,116,8136
1839,1,1,0,0,0,0,0,0,0,0,0,100,100,100,0,0,0,0,100,100,100,100.000000,1600,4960,32.258065,10,10,10,10,104,4,0,4,100,4960,160,0,0,0,0,104,0,0,0,0,109,8136
1840,1,1,0,0,0,0,0,0,0,0,0,100,100,100,0,0,0,0,100,100,100,100.000000,1600,4960,32.258065,10,10,10,10,104,4,0,4,100,4960,160,0,0,0,0,104,0,0,0,0,121,8136
1841,1,1,0,0,0,0,0,0,0,0,0,100,100,100,0,0,0,0,100,100,100,100.000000,1600,4960,32.258065,10,10,10,10,104,4,0,4,100,4960,160,0,0,0,0,104,0,0,0,0,113,8136
1842,1,1,0,0,0,0,0,0,0,0,0,100,100,100,0,0,0,0,100,100,100,100.000000,1600,4960,32.258065,10,10,10,10,104,4,0,4,100,4960,160,0,0,0,0,104,0,0,0,0,110,8136
1843,1,1,0,0,0,0,0,0,0,0,0,100,100,100,0,0,0,0,100,100,100,100.000000,1600,4960,32.258065,10,10,10,10,104,4,0,4,100,4960,160,0,0,0,0,104,0,0,0,0,106,8136
1844,1,1,0,0,0,0,0,0,0,0,0,100,100,100,0,0,0,0,100,100,100,100.000000,1600,4960,32.258065,10,10,10,10,104,4,0,4,100,4960,160,0,0,0,0,104,0,0,0,0,119,8136
1845,1,1,0,0,0,0,0,0,0,0,0,100,100,100,0,0,0,0,100,100,100,100.000000,1600,4960,32.258065,10,10,10,10,104,4,0,4,100,4960,160,0,0,0,0,104,0,0,0,0,109,8136
1846,1,1,0,0,0,0,0,0,0,0,0,100,100,100,0,0,0,0,100,100,100,100.000000,1600,4960,32.258065,10,10,10,10,104,4,0,4,100,4960,160,0,0,0,0,104,0,0,0,0,117,8136
1847,1,1,0,0,0,0,0,0,0,0,0,100,100,100,0,0,0,0,100,100,100,100.000000,1600,4960,32.258065,10,10,10,10,104,4,0,4,100,4960,160,0,0,0,0,104,0,0,0,0,111,8136
1848,1,1,0,0,0,0,0,0,0,0,0,100,100,100,0,0,0,0,100,100,100,100.000000,1600,4960,32.258065,10,10,10,10,104,4,0,4,100,4960,160,0,0,0,0,104,0,0,0,0,118,8136
1849,1,1,0,0,0,0,0,0,0,0,0,100,100,100,0,0,0,0,100,100,100,100.000000,1600,4960,32.258065,10,10,10,10,104,4,0,4,100,4960,160,0,0,0,0,104,0,0,0,0,114,8136
1850,1,1,0,0,0,0,0,0,0,0,0,100,100,100,0,0,0,0,100,100,100,100.000000,1600,4960,32.258065,10,10,10,10,104,4,0,4,100,4960,160,0,0,0,0,104,0,0,0,0,120,8136
1851,1,1,0,0,0,0,0,0,0,0,0,100,100,100,0,0,0,0,100,100,100,100.000000,1600,4960,32.258065,10,10,10,10,104,4,0,4,100,4960,160,0,0,0,0,104,0,0,0,0,113,8136
1852,1,1,0,0,0,0,0,0,0,0,0,100,100,100,0,0,0,0,100,100,100,100.000000,1600,4960,32.258065,10,10,10,10,104,4,0,4,100,4960,160,0,0,0,0,104,0,0,0,0,113,8136
1853,1,1,0,0,0,0,0,0,0,0,0,100,100,100,0,0,0,0,100,100,100,100.000000,1600,4960,32.258065,10,10,10,10,104,4,0,4,100,4960,160,0,0,0,0,104,0,0,0,0,108,8136
1854,1,1,0,0,0,0,0,0,0,0,0,100,100,100,0,0,0,0,100,100,100,100.000000,1600,4960,32.258065,10,10,10,10,104,4,0,4,100,4960,160,0,0,0,0,104,0,0,0,0,104,8136
1855,1,1,0,0,0,0,0,0,0,0,0,100,100,100,0,0,0,0,100,100,100,100.000000,1600,4960,32.258065,10,10,10,10,104,4,0,4,100,4960,160,0,0,0,0,104,0,0,0,0,107,8136
1856,1,1,0,0,0,0,0,0,0,0,0,100,100,100,0,0,0,0,100,100,100,100.000000,1600,4960,32.258065,10,10,10,10,104,4,0,4,100,4960,160,0,0,0,0,104,0,0,0,0,113,8136
1857,1,1,0,0,0,0,0,0,0,0,0,100,100,100,0,0,0,0,100,100,100,100.000000,1600,4960,32.258065,10,10,10,10,104,4,0,4,100,4960,160,0,0,0,0,104,0,0,0,0,112,8136
1858,1,1,0,0,0,0,0,0,0,0,0,100,100,100,0,0,0,0,100,100,100,100.000000,1600,4960,32.258065,10,10,10,10,104,4,0,4,100,4960,160,0,0,0,0,104,0,0,0,0,109,8136
1859,1,1,0,0,0,0,0,0,0,0,0,100,100,100,0,0,0,0,100,100,100,100.000000,1600,4960,32.258065,10,10,10,10,104,4,0,4,100,4960,160,0,0,0,0,104,0,0,0,0,107,8136
1860,1,1,0,0,0,0,0,0,0,0,0,100,100,100,0,0,0,0,100,100,100,100.000000,1600,4960,32.258065,10,10,10,10,104,4,0,4,100,4960,160,0,0,0,0,104,0,0,0,0,104,8136
1861,1,1,0,0,0,0,0,0,0,0,0,100,100,100,0,0,0,0,100,100,100,100.000000,1600,4960,32.258065,10,10,10,10,104,4,0,4,100,4960,160,0,0,0,0,104,0,0,0,0,106,8136
1862,1,1,0,0,0,0,0,0,0,0,0,100,100,100,0,0,0,0,100,100,100,100.000000,1600,4960,32.258065,10,10,10,10,104,4,0,4,100,4960,160,0,0,0,0,104,0,0,0,0,108,8136
1863,1,1,0,0,0,0,0,0,0,0,0,100,100,100,0,0,0,0,100,100,100,100.000000,1600,4960,32.258065,10,10,10,10,104,4,0,4,100,4960,160,0,0,0,0,104,0,0,0,0,123,8136
1864,1,1,0,0,0,0,0,0,0,0,0,100,100,100,0,0,0,0,100,100,100,100.000000,1600,4960,32.258065,10,10,10,10,104,4,0,4,100,4960,160,0,0,0,0,104,0,0,0,0,113,8136
1865,1,1,0,0,0,0,0,0,0,0,0,100,100,100,0,0,0,0,100,100,100,100.000000,1600,4960,32.258065,10,10,10,10,104,4,0,4,100,4960,160,0,0,0,0,104,0,0,0,0,116,8136
1866,1,1,0,0,0,0,0,0,0,0,0,100,100,100,0,0,0,0,100,100,100,100.000000,1600,4960,32.258065,10,10,10,10,104,4,0,4,100,4960,160,0,0,0,0,104,0,0,0,0,108,8136
1867,1,1,0,0,0,0,0,0,0,0,0,100,100,100,0,0,0,0,100,100,100,100.000000,1600,4960,32.258065,10,10,10,10,104,4,0,4,100,4960,160,0,0,0,0,104,0,0,0,0,102,8136
1868,1,1,0,0,0,0,0,0,0,0,0,100,100,100,0,0,0,0,100,100,100,100.000000,1600,4960,32.258065,10,10,10,10,104,4,0,4,100,4960,160,0,0,0,0,104,0,0,0,0,112,8136
1869,1,1,0,0,0,0,0,0,0,0,0,100,100,100,0,0,0,0,100,100,100,100.000000,1600,4960,32.258065,10,10,10,10,104,4,0,4,100,4960,160,0,0,0,0,104,0,0,0,0,102,8136
1870,1,1,0,0,0,0,0,0,0,0,0,100,100,100,0,0,0,0,100,100,100,100.000000,1600,4960,32.258065,10,10,10,10,104,4,0,4,100,4960,160,0,0,0,0,104,0,0,0,0,101,8136
1871,1,1,0,0,0,0,0,0,0,0,0,100,100,100,0,0,0,0,100,100,100,100.000000,1600,4960,32.258065,10,10,10,10,104,4,0,4,100,4960,160,0,0,0,0,104,0,0,0,0,106,8136
1872,1,1,0,0,0,0,0,0,0,0,0,100,100,100,0,0,0,0,100,100,100,100.000000,1600,4960,32.258065,10,10,10,10,104,4,0,4,100,4960,160,0,0,0,0,104,0,0,0,0,117,8136
1873,1,1,0,0,0,0,0,0,0,0,0,100,100,100,0,0,0,0,100,100,100,100.000000,1600,4960,32.258065,10,10,10,10,104,4,0,4,100,4960,160,0,0,0,0,104,0,0,0,0,114,8136
1874,1,1,0,0,0,0,0,0,0,0,0,100,100,100,0,0,0,0,100,100,100,100.000000,1600,4960,32.258065,10,10,10,10,104,4,0,4,100,4960,160,0,0,0,0,104,0,0,0,0,110,8136
1875,1,1,0,0,0,0,0,0,0,0,0,100,100,100,0,0,0,0,100,100,100,100.000000,1600,4960,32.258065,10,10,10,10,104,4,0,4,100,4960,160,0,0,0,0,104,0,0,0,0,101,8136
1876,1,1,0,0,0,0,0,0,0,0,0,100,100,100,0,0,0,0,100,100,100,100.000000,1600,4960,32.258065,10,10,10,10,104,4,0,4,100,4960,160,0,0,0,0,104,0,0,0,0,101,8136
1877,1,1,0,0,0,0,0,0,0,0,0,100,100,100,0,0,0,0,100,100,100,100.000000,1600,4960,32.258065,10,10,10,10,104,4,0,4,100,4960,160,0,0,0,0,104,0,0,0,0,102,8136
1878,1,1,0,0,0,0,0,0,0,0,0,100,100,100,0,0,0,0,100,100,100,100.000000,1600,4960,32.258065,10,10,10,10,104,4,0,4,100,4960,160,0,0,0,0,104,0,0,0,0,105,8136
1879,1,1,0,0,0,0,0,0,0,0,0,100,100,100,0,0,0,0,100,100,100,100.000000,1600,4960,32.258065,10,10,10,10,104,4,0,4,100,4960,160,0,0,0,0,104,0,0,0,0,108,8136
1880,1,1,0,0,0,0,0,0,0,0,0,100,100,100,0,0,0,0,100,100,100,100.000000,1600,4960,32.258065,10,10,10,10,104,4,0,4,100,4960,160,0,0,0,0,104,0,0,0,0,111,8136
1881,1,1,0,0,0,0,0,0,0,0,0,100,100,100,0,0,0,0,100,100,100,100.000000,1600,4960,32.258065,10,10,10,10,104,4,0,4,100,4960,160,0,0,0,0,104,0,0,0,0,111,8136
1882,1,1,0,0,0,0,0,0,0,0,0,100,100,100,0,0,0,0,100,100,100,100.000000,1600,4960,32.258065,10,10,10,10,104,4,0,4,100,4960,160,0,0,0,0,104,0,0,0,0,107,8136
1883,1,1,0,0,0,0,0,0,0,0,0,100,100,100,0,0,0,0,100,100,100,100.000000,1600,4960,32.258065,10,10,10,10,104,4,0,4,100,4960,160,0,0,0,0,104,0,0,0,0,120,8136
1884,1,1,0,0,0,0,0,0,0,0,0,100,100,100,0,0,0,0,100,100,100,100.000000,1600,4960,32.258065,10,10,10,10,104,4,0,4,100,4960,160,0,0,0,0,104,0,0,0,0,111,8136
1885,1,1,0,0,0,0,0,0,0,0,0,100,100,100,0,0,0,0,100,100,100,100.000000,1600,4960,32.258065,10,10,10,10,104,4,0,4,100,4960,160,0,0,0,0,104,0,0,0,0,109,8136
1886,1,1,0,0,0,0,0,0,0,0,0,100,100,100,0,0,0,0,100,100,100,100.000000,1600,4960,32.258065,10,10,10,10,104,4,0,4,100,4960,160,0,0,0,0,104,0,0,0,0,126,8136
1887,1,1,0,0,0,0,0,0,0,0,0,100,100,100,0,0,0,0,100,100,100,100.000000,1600,4960,32.258065,10,10,10,10,104,4,0,4,100,4960,160,0,0,0,0,104,0,0,0,0,114,8136
1888,1,1,0,0,0,0,0,0,0,0,0,100,100,100,0,0,0,0,100,100,100,100.000000,1600,4960,32.258065,10,10,10,10,104,4,0,4,100,4960,160,0,0,0,0,104,0,0,0,0,121,8136
1889,1,1,0,0,0,0,0,0,0,0,0,100,100,100,0,0,0,0,100,100,100,100.000000,1600,4960,32.258065,10,10,10,10,104,4,0,4,100,4960,160,0,0,0,0,104,0,0,0,0,115,8136
1890,1,1,0,0,0,0,0,0,0,0,0,100,100,100,0,0,0,0,100,100,100,100.000000,1600,4960,32.258065,10,10,10,10,104,4,0,4,100,4960,160,0,0,0,0,104,0,0,0,0,117,8136
1891,1,1,0,0,0,0,0,0,0,0,0,100,100,100,0,0,0,0,100,100,100,100.000000,1600,4960,32.258065,10,10,10,10,104,4,0,4,100,4960,160,0,0,0,0,104,0,0,0,0,112,8136
1892,1,1,0,0,0,0,0,0,0,0,0,100,100,100,0,0,0,0,100,100,100,100.000000,1600,4960,32.258065,10,10,10,10,104,4,0,4,100,4960,160,0,0,0,0,104,0,0,0,0,105,8136
1893,1,1,0,0,0,0,0,0,0,0,0,100,100,100,0,0,0,0,100,100,100,100.000000,1600,4960,32.258065,10,10,10,10,104,4,0,4,100,4960,160,0,0,0,0,104,0,0,0,0,105,8136
1894,1,1,0,0,0,0,0,0,0,0,0,100,100,100,0,0,0,0,100,100,100,100.000000,1600,4960,32.258065,10,10,10,10,104,4,0,4,100,4960,160,0,0,0,0,104,0,0,0,0,107,8136
1895,1,1,0,0,0,0,0,0,0,0,0,100,100,100,0,0,0,0,100,100,100,100.000000,1600,4960,32.258065,10,10,10,10,104,4,0,4,100,4960,160,0,0,0,0,104,0,0,0,0,103,8136
1896,1,1,0,0,0,0,0,0,0,0,0,100,100,100,0,0,0,0,100,100,100,100.000000,1600,4960,32.258065,10,10,10,10,104,4,0,4,100,4960,160,0,0,0,0,104,0,0,0,0,114,8136
1897,1,1,0,0,0,0,0,0,0,0,0,100,100,100,0,0,0,0,100,100,100,100.000000,1600,4960,32.258065,10,10,10,10,104,4,0,4,100,4960,160,0,0,0,0,104,0,0,0,0,113,8136
1898,1,1,0,0,0,0,0,0,0,0,0,100,100,100,0,0,0,0,100,100,100,100.000000,1600,4960,32.258065,10,10,10,10,104,4,0,4,100,4960,160,0,0,0,0,104,0,0,0,0,113,8136
1899,1,1,0,0,0,0,0,0,0,0,0,100,100,100,0,0,0,0,100,100,100,100.000000,1600,4960,32.258065,10,10,10,10,104,4,0,4,100,4960,160,0,0,0,0,104,0,0,0,0,104,8136
1900,1,1,0,0,0,0,0,0,0,0,0,100,100,100,0,0,0,0,100,100,100,100.000000,1600,4960,32.258065,10,10,10,10,104,4,0,4,100,4960,160,0,0,0,0,104,0,0,0,0,105,8136
1901,1,1,0,0,0,0,0,0,0,0,0,100,100,100,0,0,0,0,100,100,100,100.000000,1600,4960,32.258065,10,10,10,10,104,4,0,4,100,4960,160,0,0,0,0,104,0,0,0,0,109,8136
1902,1,1,0,0,0,0,0,0,0,0,0,100,100,100,0,0,0,0,100,100,100,100.000000,1600,4960,32.258065,10,10,10,10,104,4,0,4,100,4960,160,0,0,0,0,104,0,0,0,0,104,8136
1903,1,1,0,0,0,0,0,0,0,0,0,100,100,100,0,0,0,0,100,100,100,100.000000,1600,4960,32.258065,10,10,10,10,104,4,0,4,100,4960,160,0,0,0,0,104,0,0,0,0,102,8136
1904,1,1,0,0,0,0,0,0,0,0,0,100,100,100,0,0,0,0,100,100,100,100.000000,1600,4960,32.258065,10,10,10,10,104,4,0,4,100,4960,160,0,0,0,0,104,0,0,0,0,196,8136
1905,1,1,0,0,0,0,0,0,0,0,0,100,100,100,0,0,0,0,100,100,100,100.000000,1600,4960,32.258065,10,10,10,10,104,4,0,4,100,4960,160,0,0,0,0,104,0,0,0,0,109,8136
1906,1,1,0,0,0,0,0,0,0,0,0,100,100,100,0,0,0,0,100,100,100,100.000000,1600,4960,32.258065,10,10,10,10,104,4,0,4,100,4960,160,0,0,0,0,104,0,0,0,0,118,8136
1907,1,1,0,0,0,0,0,0,0,0,0,100,100,100,0,0,0,0,100,100,100,100.000000,1600,4960,32.258065,10,10,10,10,104,4,0,4,100,4960,160,0,0,0,0,104,0,0,0,0,111,8136
1908,1,1,0,0,0,0,0,0,0,0,0,100,100,100,0,0,0,0,100,100,100,100.000000,1600,4960,32.258065,10,10,10,10,104,4,0,4,100,4960,160,0,0,0,0,104,0,0,0,0,109,8136
1909,1,1,0,0,0,0,0,0,0,0,0,100,100,100,0,0,0,0,100,100,100,100.000000,1600,4960,32.258065,10,10,10,10,104,4,0,4,100,4960,160,0,0,0,0,104,0,0,0,0,134,8136
1910,1,1,0,0,0,0,0,0,0,0,0,100,100,100,0,0,0,0,100,100,100,100.000000,1600,4960,32.258065,10,10,10,10,104,4,0,4,100,4960,160,0,0,0,0,104,0,0,0,0,113,8136
1911,1,1,0,0,0,0,0,0,0,0,0,100,100,100,0,0,0,0,100,100,100,100.000000,1600,4960,32.258065,10,10,10,10,104,4,0,4,100,4960,160,0,0,0,0,104,0,0,0,0,110,8136
1912,1,1,0,0,0,0,0,0,0,0,0,100,100,100,0,0,0,0,100,100,100,100.000000,1600,4960,32.258065,10,10,10,10,104,4,0,4,100,4960,160,0,0,0,0,104,0,0,0,0,117,8136
1913,1,1,0,0,0,0,0,0,0,0,0,100,100,100,0,0,0,0,100,100,100,100.000000,1600,4960,32.258065,10,10,10,10,104,4,0,4,100,4960,160,0,0,0,0,104,0,0,0,0,127,8136
1914,1,1,0,0,0,0,0,0,0,0,0,100,100,100,0,0,0,0,100,100,100,100.000000,1600,4960,32.258065,10,10,10,10,104,4,0,4,100,4960,160,0,0,0,0,104,0,0,0,0,117,8136
1915,1,1,0,0,0,0,0,0,0,0,0,100,100,100,0,0,0,0,100,100,100,100.000000,1600,4960,32.258065,10,10,10,10,104,4,0,4,100,4960,160,0,0,0,0,104,0,0,0,0,109,8136
1916,1,1,0,0,0,0,0,0,0,0,0,100,100,100,0,0,0,0,100,100,100,100.000000,1600,4960,32.258065,10,10,10,10,104,4,0,4,100,4960,160,0,0,0,0,104,0,0,0,0,116,8136
1917,1,1,0,0,0,0,0,0,0,0,0,100,100,100,0,0,0,0,100,100,100,100.000000,1600,4960,32.258065,10,10,10,10,104,4,0,4,100,4960,160,0,0,0,0,104,0,0,0,0,108,8136
1918,1,1,0,0,0,0,0,0,0,0,0,100,100,100,0,0,0,0,100,100,100,100.000000,1600,4960,32.258065,10,10,10,10,104,4,0,4,100,4960,160,0,0,0,0,104,0,0,0,0,112,8136
1919,1,1,0,0,0,0,0,0,0,0,0,100,100,100,0,0,0,0,100,100,100,100.000000,1600,4960,32.258065,10,10,10,10,104,4,0,4,100,4960,160,0,0,0,0,104,0,0,0,0,120,8136
1920,1,1,0,0,0,0,0,0,0,0,0,100,100,100,0,0,0,0,100,100,100,100.000000,1600,4960,32.258065,10,10,10,10,104,4,0,4,100,4960,160,0,0,0,0,104,0,0,0,0,123,8136
1921,1,1,0,0,0,0,0,0,0,0,0,100,100,100,0,0,0,0,100,100,100,100.000000,1600,4960,32.258065,10,10,10,10,104,4,0,4,100,4960,160,0,0,0,0,104,0,0,0,0,120,8136
1922,1,1,0,0,0,0,0,0,0,0,0,100,100,100,0,0,0,0,100,100,100,100.000000,1600,4960,32.258065,10,10,10,10,104,4,0,4,100,4960,160,0,0,0,0,104,0,0,0,0,110,8136
1923,1,1,0,0,0,0,0,0,0,0,0,100,100,100,0,0,0,0,100,100,100,100.000000,1600,4960,32.258065,10,10,10,10,104,4,0,4,100,4960,160,0,0,0,0,104,0,0,0,0,106,8136
1924,1,1,0,0,0,0,0,0,0,0,0,100,100,100,0,0,0,0,100,100,100,100.000000,1600,4960,32.258065,10,10,10,10,104,4,0,4,100,4960,160,0,0,0,0,104,0,0,0,0,98,8136
1925,1,1,0,0,0,0,0,0,0,0,0,100,100,100,0,0,0,0,100,100,100,100.000000,1600,4960,32.258065,10,10,10,10,104,4,0,4,100,4960,160,0,0,0,0,104,0,0,0,0,108,8136
1926,1,1,0,0,0,0,0,0,0,0,0,100,100,100,0,0,0,0,100,100,100,100.000000,1600,4960,32.258065,10,10,10,10,104,4,0,4,100,4960,160,0,0,0,0,104,0,0,0,0,116,8136
1927,1,1,0,0,0,0,0,0,0,0,0,100,100,100,0,0,0,0,100,100,100,100.000000,1600,4960,32.258065,10,10,10,10,104,4,0,4,100,4960,160,0,0,0,0,104,0,0,0,0,109,8136
1928,1,1,0,0,0,0,0,0,0,0,0,100,100,100,0,0,0,0,100,100,100,100.000000,1600,4960,32.258065,10,10,10,10,104,4,0,4,100,4960,160,0,0,0,0,104,0,0,0,0,118,8136
1929,1,1,0,0,0,0,0,0,0,0,0,100,100,100,0,0,0,0,100,100,100,100.000000,1600,4960,32.258065,10,10,10,10,104,4,0,4,100,4960,160,0,0,0,0,104,0,0,0,0,114,8136
1930,1,1,0,0,0,0,0,0,0,0,0,100,100,100,0,0,0,0,100,100,100,100.000000,1600,4960,32.258065,10,10,10,10,104,4,0,4,100,4960,160,0,0,0,0,104,0,0,0,0,112,8136
1931,1,1,0,0,0,0,0,0,0,0,0,100,100,100,0,0,0,0,100,100,100,100.000000,1600,4960,32.258065,10,10,10,10,104,4,0,4,100,4960,160,0,0,0,0,104,0,0,0,0,106,8136
1932,1,1,0,0,0,0,0,0,0,0,0,100,100,100,0,0,0,0,100,100,100,100.000000,1600,4960,32.258065,10,10,10,10,104,4,0,4,100,4960,160,0,0,0,0,104,0,0,0,0,103,8136
1933,1,1,0,0,0,0,0,0,0,0,0,100,100,100,0,0,0,0,100,100,100,100.000000,1600,4960,32.258065,10,10,10,10,104,4,0,4,100,4960,160,0,0,0,0,104,0,0,0,0,104,8136
1934,1,1,0,0,0,0,0,0,0,0,0,100,100,100,0,0,0,0,100,100,100,100.000000,1600,4960,32.258065,10,10,10,10,104,4,0,4,100,4960,160,0,0,0,0,104,0,0,0,0,109,8136
1935,1,1,0,0,0,0,0,0,0,0,0,100,100,100,0,0,0,0,100,100,100,100.000000,1600,4960,32.258065,10,10,10,10,104,4,0,4,100,4960,160,0,0,0,0,104,0,0,0,0,111,8136
1936,1,1,0,0,0,0,0,0,0,0,0,100,100,100,0,0,0,0,100,100,100,100.000000,1600,4960,32.258065,10,10,10,10,104,4,0,4,100,4960,160,0,0,0,0,104,0,0,0,0,121,8136
1937,1,1,0,0,0,0,0,0,0,0,0,100,100,100,0,0,0,0,100,100,100,100.000000,1600,4960,32.258065,10,10,10,10,104,4,0,4,100,4960,160,0,0,0,0,104,0,0,0,0,113,8136
1938,1,1,0,0,0,0,0,0,0,0,0,100,100,100,0,0,0,0,100,100,100,100.000000,1600,4960,32.258065,10,10,10,10,104,4,0,4,100,4960,160,0,0,0,0,104,0,0,0,0,115,8136
1939,1,1,0,0,0,0,0,0,0,0,0,100,100,100,0,0,0,0,100,100,100,100.000000,1600,4960,32.258065,10,10,10,10,104,4,0,4,100,4960,160,0,0,0,0,104,0,0,0,0,110,8136
1940,1,1,0,0,0,0,0,0,0,0,0,100,100,100,0,0,0,0,100,100,100,100.000000,1600,4960,32.258065,10,10,10,10,104,4,0,4,100,4960,160,0,0,0,0,104,0,0,0,0,101,8136
1941,1,1,0,0,0,0,0,0,0,0,0,100,100,100,0,0,0,0,100,100,100,100.000000,1600,4960,32.258065,10,10,10,10,104,4,0,4,100,4960,160,0,0,0,0,104,0,0,0,0,102,8136
1942,1,1,0,0,0,0,0,0,0,0,0,100,100,100,0,0,0,0,100,100,100,100.000000,1600,4960,32.258065,10,10,10,10,104,4,0,4,100,4960,160,0,0,0,0,104,0,0,0,0,106,8136
1943,1,1,0,0,0,0,0,0,0,0,0,100,100,100,0,0,0,0,100,100,100,100.000000,1600,4960,32.258065,10,10,10,10,104,4,0,4,100,4960,160,0,0,0,0,104,0,0,0,0,127,8136
1944,1,1,0,0,0,0,0,0,0,0,0,100,100,100,0,0,0,0,100,100,100,100.000000,1600,4960,32.258065,10,10,10,10,104,4,0,4,100,4960,160,0,0,0,0,104,0,0,0,0,122,8136
1945,1,1,0,0,0,0,0,0,0,0,0,100,100,100,0,0,0,0,100,100,100,100.000000,1600,4960,32.258065,10,10,10,10,104,4,0,4,100,4960,160,0,0,0,0,104,0,0,0,0,125,8136
1946,1,1,0,0,0,0,0,0,0,0,0,100,100,100,0,0,0,0,100,100,100,100.000000,1600,4960,32.258065,10,10,10,10,104,4,0,4,100,4960,160,0,0,0,0,104,0,0,0,0,113,8136
1947,1,1,0,0,0,0,0,0,0,0,0,100,100,100,0,0,0,0,100,100,100,100.000000,1600,4960,32.258065,10,10,10,10,104,4,0,4,100,4960,160,0,0,0,0,104,0,0,0,0,114,8136
1948,1,1,0,0,0,0,0,0,0,0,0,100,100,100,0,0,0,0,100,100,100,100.000000,1600,4960,32.258065,10,10,10,10,104,4,0,4,100,4960,160,0,0,0,0,104,0,0,0,0,146,8136
1949,1,1,0,0,0,0,0,0,0,0,0,100,100,100,0,0,0,0,100,100,100,100.000000,1600,4960,32.258065,10,10,10,10,104,4,0,4,100,4960,160,0,0,0,0,104,0,0,0,0,108,8136
1950,1,1,0,0,0,0,0,0,0,0,0,100,100,100,0,0,0,0,100,100,100,100.000000,1600,4960,32.258065,10,10,10,10,104,4,0,4,100,4960,160,0,0,0,0,104,0,0,0,0,113,8136
1951,1,1,0,0,0,0,0,0,0,0,0,100,100,100,0,0,0,0,100,100,100,100.000000,1600,4960,32.258065,10,10,10,10,104,4,0,4,100,4960,160,0,0,0,0,104,0,0,0,0,109,8136
1952,1,1,0,0,0,0,0,0,0,0,0,100,100,100,0,0,0,0,100,100,100,100.000000,1600,4960,32.258065,10,10,10,10,104,4,0,4,100,4960,160,0,0,0,0,104,0,0,0,0,115,8136
1953,1,1,0,0,0,0,0,0,0,0,0,100,100,100,0,0,0,0,100,100,100,100.000000,1600,4960,32.258065,10,10,10,10,104,4,0,4,100,4960,160,0,0,0,0,104,0,0,0,0,118,8136
1954,1,1,0,0,0,0,0,0,0,0,0,100,100,100,0,0,0,0,100,100,100,100.000000,1600,4960,32.258065,10,10,10,10,104,4,0,4,100,4960,160,0,0,0,0,104,0,0,0,0,110,8136
1955,1,1,0,0,0,0,0,0,0,0,0,100,100,100,0,0,0,0,100,100,100,100.000000,1600,4960,32.258065,10,10,10,10,104,4,0,4,100,4960,160,0,0,0,0,104,0,0,0,0,101,8136
1956,1,1,0,0,0,0,0,0,0,0,0,100,100,100,0,0,0,0,100,100,100,100.000000,1600,4960,32.258065,10,10,10,10,104,4,0,4,100,4960,160,0,0,0,0,104,0,0,0,0,100,8136
1957,1,1,0,0,0,0,0,0,0,0,0,100,100,100,0,0,0,0,100,100,100,100.000000,1600,4960,32.258065,10,10,10,10,104,4,0,4,100,4960,160,0,0,0,0,104,0,0,0,0,104,8136
1958,1,1,0,0,0,0,0,0,0,0,0,100,100,100,0,0,0,0,100,100,100,100.000000,1600,4960,32.258065,10,10,10,10,104,4,0,4,100,4960,160,0,0,0,0,104,0,0,0,0,105,8136
1959,1,1,0,0,0,0,0,0,0,0,0,100,100,100,0,0,0,0,100,100,100,100.000000,1600,4960,32.258065,10,10,10,10,104,4,0,4,100,4960,160,0,0,0,0,104,0,0,0,0,110,8136
1960,1,1,0,0,0,0,0,0,0,0,0,100,100,100,0,0,0,0,100,100,100,100.000000,1600,4960,32.258065,10,10,10,10,104,4,0,4,100,4960,160,0,0,0,0,104,0,0,0,0,117,8136
1961,1,1,0,0,0,0,0,0,0,0,0,100,100,100,0,0,0,0,100,100,100,100.000000,1600,4960,32.258065,10,10,10,10,104,4,0,4,100,4960,160,0,0,0,0,104,0,0,0,0,126,8136
1962,1,1,0,0,0,0,0,0,0,0,0,100,100,100,0,0,0,0,100,100,100,100.000000,1600,4960,32.258065,10,10,10,10,104,4,0,4,100,4960,160,0,0,0,0,104,0,0,0,0,111,8136
1963,1,1,0,0,0,0,0,0,0,0,0,100,100,100,0,0,0,0,100,100,100,100.000000,1600,4960,32.258065,10,10,10,10,104,4,0,4,100,4960,160,0,0,0,0,104,0,0,0,0,104,8136
1964,1,1,0,0,0,0,0,0,0,0,0,100,100,100,0,0,0,0,100,100,100,100.000000,1600,4960,32.258065,10,10,10,10,104,4,0,4,100,4960,160,0,0,0,0,104,0,0,0,0,102,8136
1965,1,1,0,0,0,0,0,0,0,0,0,100,100,100,0,0,0,0,100,100,100,100.000000,1600,4960,32.258065,10,10,10,10,104,4,0,4,100,4960,160,0,0,0,0,104,0,0,0,0,109,8136
1966,1,1,0,0,0,0,0,0,0,0,0,100,100,100,0,0,0,0,100,100,100,100.000000,1600,4960,32.258065,10,10,10,10,104,4,0,4,100,4960,160,0,0,0,0,104,0,0,0,0,109,8136
1967,1,1,0,0,0,0,0,0,0,0,0,100,100,100,0,0,0,0,100,100,100,100.000000,1600,4960,32.258065,10,10,10,10,104,4,0,4,100,4960,160,0,0,0,0,104,0,0,0,0,112,8136
1968,1,1,0,0,0,0,0,0,0,0,0,100,100,100,0,0,0,0,100,100,100,100.000000,1600,4960,32.258065,10,10,10,10,104,4,0,4,100,4960,160,0,0,0,0,104,0,0,0,0,118,8136
1969,1,1,0,0,0,0,0,0,0,0,0,100,100,100,0,0,0,0,100,100,100,100.000000,1600,4960,32.258065,10,10,10,10,104,4,0,4,100,4960,160,0,0,0,0,104,0,0,0,0,120,8136
1970,1,1,0,0,0,0,0,0,0,0,0,100,100,100,0,0,0,0,100,100,100,100.000000,1600,4960,32.258065,10,10,10,10,104,4,0,4,100,4960,160,0,0,0,0,104,0,0,0,0,121,8136
1971,1,1,0,0,0,0,0,0,0,0,0,100,100,100,0,0,0,0,100,100,100,100.000000,1600,4960,32.258065,10,10,10,10,104,4,0,4,100,4960,160,0,0,0,0,104,0,0,0,0,111,8136
1972,1,1,0,0,0,0,0,0,0,0,0,100,100,100,0,0,0,0,100,100,100,100.000000,1600,4960,32.258065,10,10,10,10,104,4,0,4,100,4960,160,0,0,0,0,104,0,0,0,0,107,8136
1973,1,1,0,0,0,0,0,0,0,0,0,100,100,100,0,0,0,0,100,100,100,100.000000,1600,4960,32.258065,10,10,10,10,104,4,0,4,100,4960,160,0,0,0,0,104,0,0,0,0,110,8136
1974,1,1,0,0,0,0,0,0,0,0,0,100,100,100,0,0,0,0,100,100,100,100.000000,1600,4960,32.258065,10,10,10,10,104,4,0,4,100,4960,160,0,0,0,0,104,0,0,0,0,106,8136
1975,1,1,0,0,0,0,0,0,0,0,0,100,100,100,0,0,0,0,100,100,100,100.000000,1600,4960,32.258065,10,10,10,10,104,4,0,4,100,4960,160,0,0,0,0,104,0,0,0,0,113,8136
1976,1,1,0,0,0,0,0,0,0,0,0,100,100,100,0,0,0,0,100,100,100,100.000000,1600,4960,32.258065,10,10,10,10,104,4,0,4,100,4960,160,0,0,0,0,104,0,0,0,0,114,8136
1977,1,1,0,0,0,0,0,0,0,0,0,100,100,100,0,0,0,0,100,100,100,100.000000,1600,4960,32.258065,10,10,10,10,104,4,0,4,100,4960,160,0,0,0,0,104,0,0,0,0,132,8136
1978,1,1,0,0,0,0,0,0,0,0,0,100,100,100,0,0,0,0,100,100,100,100.000000,1600,4960,32.258065,10,10,10,10,104,4,0,4,100,4960,160,0,0,0,0,104,0,0,0,0,113,8136
1979,1,1,0,0,0,0,0,0,0,0,0,100,100,100,0,0,0,0,100,100,100,100.000000,1600,4960,32.258065,10,10,10,10,104,4,0,4,100,4960,160,0,0,0,0,104,0,0,0,0,112,8136
1980,1,1,0,0,0,0,0,0,0,0,0,100,100,100,0,0,0,0,100,100,100,100.000000,1600,4960,32.258065,10,10,10,10,104,4,0,4,100,4960,160,0,0,0,0,104,0,0,0,0,108,8136
1981,1,1,0,0,0,0,0,0,0,0,0,100,100,100,0,0,0,0,100,100,100,100.000000,1600,4960,32.258065,10,10,10,10,104,4,0,4,100,4960,160,0,0,0,0,104,0,0,0,0,114,8136
1982,1,1,0,0,0,0,0,0,0,0,0,100,100,100,0,0,0,0,100,100,100,100.000000,1600,4960,32.258065,10,10,10,10,104,4,0,4,100,4960,160,0,0,0,0,104,0,0,0,0,111,8136
1983,1,1,0,0,0,0,0,0,0,0,0,100,100,100,0,0,0,0,100,100,100,100.000000,1600,4960,32.258065,10,10,10,10,104,4,0,4,100,4960,160,0,0,0,0,104,0,0,0,0,114,8136
1984,1,1,0,0,0,0,0,0,0,0,0,100,100,100,0,0,0,0,100,100,100,100.000000,1600,4960,32.258065,10,10,10,10,104,4,0,4,100,4960,160,0,0,0,0,104,0,0,0,0,121,8136
1985,1,1,0,0,0,0,0,0,0,0,0,100,100,100,0,0,0,0,100,100,100,100.000000,1600,4960,32.258065,10,10,10,10,104,4,0,4,100,4960,160,0,0,0,0,104,0,0,0,0,118,8136
1986,1,1,0,0,0,0,0,0,0,0,0,100,100,100,0,0,0,0,100,100,100,100.000000,1600,4960,32.258065,10,10,10,10,104,4,0,4,100,4960,160,0,0,0,0,104,0,0,0,0,111,8136
1987,1,1,0,0,0,0,0,0,0,0,0,100,100,100,0,0,0,0,100,100,100,100.000000,1600,4960,32.258065,10,10,10,10,104,4,0,4,100,4960,160,0,0,0,0,104,0,0,0,0,113,8136
1988,1,1,0,0,0,0,0,0,0,0,0,100,100,100,0,0,0,0,100,100,100,100.000000,1600,4960,32.258065,10,10,10,10,104,4,0,4,100,4960,160,0,0,0,0,104,0,0,0,0,106,8136
1989,1,1,0,0,0,0,0,0,0,0,0,100,100,100,0,0,0,0,100,100,100,100.000000,1600,4960,32.258065,10,10,10,10,104,4,0,4,100,4960,160,0,0,0,0,104,0,0,0,0,119,8136
1990,1,1,0,0,0,0,0,0,0,0,0,100,100,100,0,0,0,0,100,100,100,100.000000,1600,4960,32.258065,10,10,10,10,104,4,0,4,100,4960,160,0,0,0,0,104,0,0,0,0,116,8136
1991,1,1,0,0,0,0,0,0,0,0,0,100,100,100,0,0,0,0,100,100,100,100.000000,1600,4960,32.258065,10,10,10,10,104,4,0,4,100,4960,160,0,0,0,0,104,0,0,0,0,126,8136
1992,1,1,0,0,0,0,0,0,0,0,0,100,100,100,0,0,0,0,100,100,100,100.000000,1600,4960,32.258065,10,10,10,10,104,4,0,4,100,4960,160,0,0,0,0,104,0,0,0,0,121,8136
1993,1,1,0,0,0,0,0,0,0,0,0,100,100,100,0,0,0,0,100,100,100,100.000000,1600,4960,32.258065,10,10,10,10,104,4,0,4,100,4960,160,0,0,0,0,104,0,0,0,0,148,8136
1994,1,1,0,0,0,0,0,0,0,0,0,100,100,100,0,0,0,0,100,100,100,100.000000,1600,4960,32.258065,10,10,10,10,104,4,0,4,100,4960,160,0,0,0,0,104,0,0,0,0,120,8136
1995,1,1,0,0,0,0,0,0,0,0,0,100,100,100,0,0,0,0,100,100,100,100.000000,1600,4960,32.258065,10,10,10,10,104,4,0,4,100,4960,160,0,0,0,0,104,0,0,0,0,107,8136
1996,1,1,0,0,0,0,0,0,0,0,0,100,100,100,0,0,0,0,100,100,100,100.000000,1600,4960,32.258065,10,10,10,10,104,4,0,4,100,4960,160,0,0,0,0,104,0,0,0,0,108,8136
1997,1,1,0,0,0,0,0,0,0,0,0,100,100,100,0,0,0,0,100,100,100,100.000000,1600,4960,32.258065,10,10,10,10,104,4,0,4,100,4960,160,0,0,0,0,104,0,0,0,0,114,8136
1998,1,1,0,0,0,0,0,0,0,0,0,100,100,100,0,0,0,0,100,100,100,100.000000,1600,4960,32.258065,10,10,10,10,104,4,0,4,100,4960,160,0,0,0,0,104,0,0,0,0,110,8136
1999,1,1,0,0,0,0,0,0,0,0,0,100,100,100,0,0,0,0,100,100,100,100.000000,1600,4960,32.258065,10,10,10,10,104,4,0,4,100,4960,160,0,0,0,0,104,0,0,0,0,105,8136
2000,1,1,0,0,0,0,0,0,0,0,0,100,100,100,0,0,0,0,100,100,100,100.000000,1600,4960,32.258065,10,10,10,10,104,4,0,4,100,4960,160,0,0,0,0,104,0,0,0,0,120,8136
2001,1,1,0,0,0,0,0,0,0,0,0,100,100,100,0,0,0,0,100,100,100,100.000000,1600,4960,32.258065,10,10,10,10,104,4,0,4,100,4960,160,0,0,0,0,104,0,0,0,0,115,8136
2002,1,1,0,0,0,0,0,0,0,0,0,100,100,100,0,0,0,0,100,100,100,100.000000,1600,4960,32.258065,10,10,10,10,104,4,0,4,100,4960,160,0,0,0,0,104,0,0,0,0,170,8136
2003,1,1,0,0,0,0,0,0,0,0,0,100,100,100,0,0,0,0,100,100,100,100.000000,1600,4960,32.258065,10,10,10,10,104,4,0,4,100,4960,160,0,0,0,0,104,0,0,0,0,116,8136
2004,1,1,0,0,0,0,0,0,0,0,0,100,100,100,0,0,0,0,100,100,100,100.000000,1600,4960,32.258065,10,10,10,10,104,4,0,4,100,4960,160,0,0,0,0,104,0,0,0,0,120,8136
2005,1,1,0,0,0,0,0,0,0,0,0,100,100,100,0,0,0,0,100,100,100,100.000000,1600,4960,32.258065,10,10,10,10,104,4,0,4,100,4960,160,0,0,0,0,104,0,0,0,0,105,8136
2006,1,1,0,0,0,0,0,0,0,0,0,100,100,100,0,0,0,0,100,100,100,100.000000,1600,4960,32.258065,10,10,10,10,104,4,0,4,100,4960,160,0,0,0,0,104,0,0,0,0,134,8136
2007,1,1,0,0,0,0,0,0,0,0,0,100,100,100,0,0,0,0,100,100,100,100.000000,1600,4960,32.258065,10,10,10,10,104,4,0,4,100,4960,160,0,0,0,0,104,0,0,0,0,106,8136
2008,1,1,0,0,0,0,0,0,0,0,0,100,100,100,0,0,0,0,100,100,100,100.000000,1600,4960,32.258065,10,10,10,10,104,4,0,4,100,4960,160,0,0,0,0,104,0,0,0,0,121,8136
2009,1,1,0,0,0,0,0,0,0,0,0,100,100,100,0,0,0,0,100,100,100,100.000000,1600,4960,32.258065,10,10,10,10,104,4,0,4,100,4960,160,0,0,0,0,104,0,0,0,0,118,8136
2010,1,1,0,0,0,0,0,0,0,0,0,100,100,100,0,0,0,0,100,100,100,100.000000,1600,4960,32.258065,10,10,10,10,104,4,0,4,100,4960,160,0,0,0,0,104,0,0,0,0,110,8136
2011,1,1,0,0,0,0,0,0,0,0,0,100,100,100,0,0,0,0,100,100,100,100.000000,1600,4960,32.258065,10,10,10,10,104,4,0,4,100,4960,160,0,0,0,0,104,0,0,0,0,107,8136
2012,1,1,0,0,0,0,0,0,0,0,0,100,100,100,0,0,0,0,100,100,100,100.000000,1600,4960,32.258065,10,10,10,10,104,4,0,4,100,4960,160,0,0,0,0,104,0,0,0,0,106,8136
2013,1,1,0,0,0,0,0,0,0,0,0,100,100,100,0,0,0,0,100,100,100,100.000000,1600,4960,32.258065,10,10,10,10,104,4,0,4,100,4960,160,0,0,0,0,104,0,0,0,0,110,8136
2014,1,1,0,0,0,0,0,0,0,0,0,100,100,100,0,0,0,0,100,100,100,100.000000,1600,4960,32.258065,10,10,10,10,104,4,0,4,100,4960,160,0,0,0,0,104,0,0,0,0,115,8136
2015,1,1,0,0,0,0,0,0,0,0,0,100,100,100,0,0,0,0,100,100,100,100.000000,1600,4960,32.258065,10,10,10,10,104,4,0,4,100,4960,160,0,0,0,0,104,0,0,0,0,116,8136
2016,1,1,0,0,0,0,0,0,0,0,0,100,100,100,0,0,0,0,100,100,100,100.000000,1600,4960,32.258065,10,10,10,10,104,4,0,4,100,4960,160,0,0,0,0,104,0,0,0,0,116,8136
2017,1,1,0,0,0,0,0,0,0,0,0,100,100,100,0,0,0,0,100,100,100,100.000000,1600,4960,32.258065,10,10,10,10,104,4,0,4,100,4960,160,0,0,0,0,104,0,0,0,0,125,8136
2018,1,1,0,0,0,0,0,0,0,0,0,100,100,100,0,0,0,0,100,100,100,100.000000,1600,4960,32.258065,10,10,10,10,104,4,0,4,100,4960,160,0,0,0,0,104,0,0,0,0,116,8136
2019,1,1,0,0,0,0,0,0,0,0,0,100,100,100,0,0,0,0,100,100,100,100.000000,1600,4960,32.258065,10,10,10,10,104,4,0,4,100,4960,160,0,0,0,0,104,0,0,0,0,107,8136
2020,1,1,0,0,0,0,0,0,0,0,0,100,100,100,0,0,0,0,100,100,100,100.000000,1600,4960,32.258065,10,10,10,10,104,4,0,4,100,4960,160,0,0,0,0,104,0,0,0,0,108,8136
2021,1,1,0,0,0,0,0,0,0,0,0,100,100,100,0,0,0,0,100,100,100,100.000000,1600,4960,32.258065,10,10,10,10,104,4,0,4,100,4960,160,0,0,0,0,104,0,0,0,0,112,8136
2022,1,1,0,0,0,0,0,0,0,0,0,100,100,100,0,0,0,0,100,100,100,100.000000,1600,4960,32.258065,10,10,10,10,104,4,0,4,100,4960,160,0,0,0,0,104,0,0,0,0,111,8136
2023,1,1,0,0,0,0,0,0,0,0,0,100,100,100,0,0,0,0,100,100,100,100.000000,1600,4960,32.258065,10,10,10,10,104,4,0,4,100,4960,160,0,0,0,0,104,0,0,0,0,110,8136
2024,1,1,0,0,0,0,0,0,0,0,0,100,100,100,0,0,0,0,100,100,100,100.000000,1600,4960,32.258065,10,10,10,10,104,4,0,4,100,4960,160,0,0,0,0,104,0,0,0,0,131,8136
2025,1,1,0,0,0,0,0,0,0,0,0,100,100,100,0,0,0,0,100,100,100,100.000000,1600,4960,32.258065,10,10,10,10,104,4,0,4,100,4960,160,0,0,0,0,104,0,0,0,0,167,8136
2026,1,1,0,0,0,0,0,0,0,0,0,100,100,100,0,0,0,0,100,100,100,100.000000,1600,4960,32.258065,10,10,10,10,104,4,0,4,100,4960,160,0,0,0,0,104,0,0,0,0,109,8136
2027,1,1,0,0,0,0,0,0,0,0,0,100,100,100,0,0,0,0,100,100,100,100.000000,1600,4960,32.258065,10,10,10,10,104,4,0,4,100,4960,160,0,0,0,0,104,0,0,0,0,101,8136
2028,1,1,0,0,0,0,0,0,0,0,0,100,100,100,0,0,0,0,100,100,100,100.000000,1600,4960,32.258065,10,10,10,10,104,4,0,4,100,4960,160,0,0,0,0,104,0,0,0,0,104,8136
2029,1,1,0,0,0,0,0,0,0,0,0,100,100,100,0,0,0,0,100,100,100,100.000000,1600,4960,32.258065,10,10,10,10,104,4,0,4,100,4960,160,0,0,0,0,104,0,0,0,0,107,8136
2030,1,1,0,0,0,0,0,0,0,0,0,100,100,100,0,0,0,0,100,100,100,100.000000,1600,4960,32.258065,10,10,10,10,104,4,0,4,100,4960,160,0,0,0,0,104,0,0,0,0,117,8136
2031,1,1,0,0,0,0,0,0,0,0,0,100,100,100,0,0,0,0,100,100,100,100.000000,1600,4960,32.258065,10,10,10,10,104,4,0,4,100,4960,160,0,0,0,0,104,0,0,0,0,109,8136
2032,1,1,0,0,0,0,0,0,0,0,0,100,100,100,0,0,0,0,100,100,100,100.000000,1600,4960,32.258065,10,10,10,10,104,4,0,4,100,4960,160,0,0,0,0,104,0,0,0,0,151,8136
2033,1,1,0,0,0,0,0,0,0,0,0,100,100,100,0,0,0,0,100,100,100,100.000000,1600,4960,32.258065,10,10,10,10,104,4,0,4,100,4960,160,0,0,0,0,104,0,0,0,0,122,8136
2034,1,1,0,0,0,0,0,0,0,0,0,100,100,100,0,0,0,0,100,100,100,100.000000,1600,4960,32.258065,10,10,10,10,104,4,0,4,100,4960,160,0,0,0,0,104,0,0,0,0,112,8136
2035,1,1,0,0,0,0,0,0,0,0,0,100,100,100,0,0,0,0,100,100,100,100.000000,1600,4960,32.258065,10,10,10,10,104,4,0,4,100,4960,160,0,0,0,0,104,0,0,0,0,105,8136
2036,1,1,0,0,0,0,0,0,0,0,0,100,100,100,0,0,0,0,100,100,100,100.000000,1600,4960,32.258065,10,10,10,10,104,4,0,4,100,4960,160,0,0,0,0,104,0,0,0,0,110,8136
2037,1,1,0,0,0,0,0,0,0,0,0,100,100,100,0,0,0,0,100,100,100,100.000000,1600,4960,32.258065,10,10,10,10,104,4,0,4,100,4960,160,0,0,0,0,104,0,0,0,0,104,8136
2038,1,1,0,0,0,0,0,0,0,0,0,100,100,100,0,0,0,0,100,100,100,100.000000,1600,4960,32.258065,10,10,10,10,104,4,0,4,100,4960,160,0,0,0,0,104,0,0,0,0,112,8136
2039,1,1,0,0,0,0,0,0,0,0,0,100,100,100,0,0,0,0,100,100,100,100.000000,1600,4960,32.258065,10,10,10,10,104,4,0,4,100,4960,160,0,0,0,0,104,0,0,0,0,127,8136
2040,1,1,0,0,0,0,0,0,0,0,0,100,100,100,0,0,0,0,100,100,100,100.000000,1600,4960,32.258065,10,10,10,10,104,4,0,4,100,4960,160,0,0,0,0,104,0,0,0,0,128,8136
2041,1,1,0,0,0,0,0,0,0,0,0,100,100,100,0,0,0,0,100,100,100,100.000000,1600,4960,32.258065,10,10,10,10,104,4,0,4,100,4960,160,0,0,0,0,104,0,0,0,0,131,8136
2042,1,1,0,0,0,0,0,0,0,0,0,100,100,100,0,0,0,0,100,100,100,100.000000,1600,4960,32.258065,10,10,10,10,104,4,0,4,100,4960,160,0,0,0,0,104,0,0,0,0,113,8136
2043,1,1,0,0,0,0,0,0,0,0,0,100,100,100,0,0,0,0,100,100,100,100.000000,1600,4960,32.258065,10,10,10,10,104,4,0,4,100,4960,160,0,0,0,0,104,0,0,0,0,101,8136
2044,1,1,0,0,0,0,0,0,0,0,0,100,100,100,0,0,0,0,100,100,100,100.000000,1600,4960,32.258065,10,10,10,10,104,4,0,4,100,4960,160,0,0,0,0,104,0,0,0,0,101,8136
2045,1,1,0,0,0,0,0,0,0,0,0,100,100,100,0,0,0,0,100,100,100,100.000000,1600,4960,32.258065,10,10,10,10,104,4,0,4,100,4960,160,0,0,0,0,104,0,0,0,0,105,8136
2046,1,1,0,0,0,0,0,0,0,0,0,100,100,100,0,0,0,0,100,100,100,100.000000,1600,4960,32.258065,10,10,10,10,104,4,0,4,100,4960,160,0,0,0,0,104,0,0,0,0,111,8136
2047,1,1,0,0,0,0,0,0,0,0,0,100,100,100,0,0,0,0,100,100,100,100.000000,1600,4960,32.258065,10,10,10,10,104,4,0,4,100,4960,160,0,0,0,0,104,0,0,0,0,114,8136
2048,1,1,0,0,0,0,0,0,0,0,0,100,100,100,0,0,0,0,100,100,100,100.000000,1600,4960,32.258065,10,10,10,10,104,4,0,4,100,4960,160,0,0,0,0,104,0,0,0,0,118,8136
2049,1,1,0,0,0,0,0,0,0,0,0,100,100,100,0,0,0,0,100,100,100,100.000000,1600,4960,32.258065,10,10,10,10,104,4,0,4,100,4960,160,0,0,0,0,104,0,0,0,0,118,8136
2050,1,1,0,0,0,0,0,0,0,0,0,100,100,100,0,0,0,0,100,100,100,100.000000,1600,4960,32.258065,10,10,10,10,104,4,0,4,100,4960,160,0,0,0,0,104,0,0,0,0,124,8136
2051,1,1,0,0,0,0,0,0,0,0,0,100,100,100,0,0,0,0,100,100,100,100.000000,1600,4960,32.258065,10,10,10,10,104,4,0,4,100,4960,160,0,0,0,0,104,0,0,0,0,108,8136
2052,1,1,0,0,0,0,0,0,0,0,0,100,100,100,0,0,0,0,100,100,100,100.000000,1600,4960,32.258065,10,10,10,10,104,4,0,4,100,4960,160,0,0,0,0,104,0,0,0,0,125,8136
2053,1,1,0,0,0,0,0,0,0,0,0,100,100,100,0,0,0,0,100,100,100,100.000000,1600,4960,32.258065,10,10,10,10,104,4,0,4,100,4960,160,0,0,0,0,104,0,0,0,0,117,8136
2054,1,1,0,0,0,0,0,0,0,0,0,100,100,100,0,0,0,0,100,100,100,100.000000,1600,4960,32.258065,10,10,10,10,104,4,0,4,100,4960,160,0,0,0,0,104,0,0,0,0,122,8136
2055,1,1,0,0,0,0,0,0,0,0,0,100,100,100,0,0,0,0,100,100,100,100.000000,1600,4960,32.258065,10,10,10,10,104,4,0,4,100,4960,160,0,0,0,0,104,0,0,0,0,117,8136
2056,1,1,0,0,0,0,0,0,0,0,0,100,100,100,0,0,0,0,100,100,100,100.000000,1600,4960,32.258065,10,10,10,10,104,4,0,4,100,4960,160,0,0,0,0,104,0,0,0,0,119,8136
2057,1,1,0,0,0,0,0,0,0,0,0,100,100,100,0,0,0,0,100,100,100,100.000000,1600,4960,32.258065,10,10,10,10,104,4,0,4,100,4960,160,0,0,0,0,104,0,0,0,0,129,8136
2058,1,1,0,0,0,0,0,0,0,0,0,100,100,100,0,0,0,0,100,100,100,100.000000,1600,4960,32.258065,10,10,10,10,104,4,0,4,100,4960,160,0,0,0,0,104,0,0,0,0,105,8136
2059,1,1,0,0,0,0,0,0,0,0,0,100,100,100,0,0,0,0,100,100,100,100.000000,1600,4960,32.258065,10,10,10,10,104,4,0,4,100,4960,160,0,0,0,0,104,0,0,0,0,126,8136
2060,1,1,0,0,0,0,0,0,0,0,0,100,100,100,0,0,0,0,100,100,100,100.000000,1600,4960,32.258065,10,10,10,10,104,4,0,4,100,4960,160,0,0,0,0,104,0,0,0,0,103,8136
2061,1,1,0,0,0,0,0,0,0,0,0,100,100,100,0,0,0,0,100,100,100,100.000000,1600,4960,32.258065,10,10,10,10,104,4,0,4,100,4960,160,0,0,0,0,104,0,0,0,0,106,8136
2062,1,1,0,0,0,0,0,0,0,0,0,100,100,100,0,0,0,0,100,100,100,100.000000,1600,4960,32.258065,10,10,10,10,104,4,0,4,100,4960,160,0,0,0,0,104,0,0,0,0,110,8136
2063,1,1,0,0,0,0,0,0,0,0,0,100,100,100,0,0,0,0,100,100,100,100.000000,1600,4960,32.258065,10,10,10,10,104,4,0,4,100,4960,160,0,0,0,0,104,0,0,0,0,110,8136
2064,1,1,0,0,0,0,0,0,0,0,0,100,100,100,0,0,0,0,100,100,100,100.000000,1600,4960,32.258065,10,10,10,10,104,4,0,4,100,4960,160,0,0,0,0,104,0,0,0,0,113,8136
2065,1,1,0,0,0,0,0,0,0,0,0,100,100,100,0,0,0,0,100,100,100,100.000000,1600,4960,32.258065,10,10,10,10,104,4,0,4,100,4960,160,0,0,0,0,104,0,0,0,0,115,8136
2066,1,1,0,0,0,0,0,0,0,0,0,100,100,100,0,0,0,0,100,100,100,100.000000,1600,4960,32.258065,10,10,10,10,104,4,0,4,100,4960,160,0,0,0,0,104,0,0,0,0,114,8136
2067,1,1,0,0,0,0,0,0,0,0,0,100,100,100,0,0,0,0,100,100,100,100.000000,1600,4960,32.258065,10,10,10,10,104,4,0,4,100,4960,160,0,0,0,0,104,0,0,0,0,103,8136
2068,1,1,0,0,0,0,0,0,0,0,0,100,100,100,0,0,0,0,100,100,100,100.000000,1600,4960,32.258065,10,10,10,10,104,4,0,4,100,4960,160,0,0,0,0,104,0,0,0,0,109,8136
2069,1,1,0,0,0,0,0,0,0,0,0,100,100,100,0,0,0,0,100,100,100,100.000000,1600,4960,32.258065,10,10,10,10,104,4,0,4,100,4960,160,0,0,0,0,104,0,0,0,0,105,8136
2070,1,1,0,0,0,0,0,0,0,0,0,100,100,100,0,0,0,0,100,100,100,100.000000,1600,4960,32.258065,10,10,10,10,104,4,0,4,100,4960,160,0,0,0,0,104,0,0,0,0,109,8136
2071,1,1,0,0,0,0,0,0,0,0,0,100,100,100,0,0,0,0,100,100,100,100.000000,1600,4960,32.258065,10,10,10,10,104,4,0,4,100,4960,160,0,0,0,0,104,0,0,0,0,109,8136
2072,1,1,0,0,0,0,0,0,0,0,0,100,100,100,0,0,0,0,100,100,100,100.000000,1600,4960,32.258065,10,10,10,10,104,4,0,4,100,4960,160,0,0,0,0,104,0,0,0,0,115,8136
2073,1,1,0,0,0,0,0,0,0,0,0,100,100,100,0,0,0,0,100,100,100,100.000000,1600,4960,32.258065,10,10,10,10,104,4,0,4,100,4960,160,0,0,0,0,104,0,0,0,0,110,8136
2074,1,1,0,0,0,0,0,0,0,0,0,100,100,100,0,0,0,0,100,100,100,100.000000,1600,4960,32.258065,10,10,10,10,104,4,0,4,100,4960,160,0,0,0,0,104,0,0,0,0,119,8136
2075,1,1,0,0,0,0,0,0,0,0,0,100,100,100,0,0,0,0,100,100,100,100.000000,1600,4960,32.258065,10,10,10,10,104,4,0,4,100,4960,160,0,0,0,0,104,0,0,0,0,117,8136
2076,1,1,0,0,0,0,0,0,0,0,0,100,100,100,0,0,0,0,100,100,100,100.000000,1600,4960,32.258065,10,10,10,10,104,4,0,4,100,4960,160,0,0,0,0,104,0,0,0,0,106,8136
2077,1,1,0,0,0,0,0,0,0,0,0,100,100,100,0,0,0,0,100,100,100,100.000000,1600,4960,32.258065,10,10,10,10,104,4,0,4,100,4960,160,0,0,0,0,104,0,0,0,0,107,8136
2078,1,1,0,0,0,0,0,0,0,0,0,100,100,100,0,0,0,0,100,100,100,100.000000,1600,4960,32.258065,10,10,10,10,104,4,0,4,100,4960,160,0,0,0,0,104,0,0,0,0,110,8136
2079,1,1,0,0,0,0,0,0,0,0,0,100,100,100,0,0,0,0,100,100,100,100.000000,1600,4960,32.258065,10,10,10,10,104,4,0,4,100,4960,160,0,0,0,0,104,0,0,0,0,112,8136
2080,1,1,0,0,0,0,0,0,0,0,0,100,100,100,0,0,0,0,100,100,100,100.000000,1600,4960,32.258065,10,10,10,10,104,4,0,4,100,4960,160,0,0,0,0,104,0,0,0,0,121,8136
2081,1,1,0,0,0,0,0,0,0,0,0,100,100,100,0,0,0,0,100,100,100,100.000000,1600,4960,32.258065,10,10,10,10,104,4,0,4,100,4960,160,0,0,0,0,104,0,0,0,0,116,8136
2082,1,1,0,0,0,0,0,0,0,0,0,100,100,100,0,0,0,0,100,100,100,100.000000,1600,4960,32.258065,10,10,10,10,104,4,0,4,100,4960,160,0,0,0,0,104,0,0,0,0,114,8136
2083,1,1,0,0,0,0,0,0,0,0,0,100,100,100,0,0,0,0,100,100,100,100.000000,1600,4960,32.258065,10,10,10,10,104,4,0,4,100,4960,160,0,0,0,0,104,0,0,0,0,107,8136
2084,1,1,0,0,0,0,0,0,0,0,0,100,100,100,0,0,0,0,100,100,100,100.000000,1600,4960,32.258065,10,10,10,10,104,4,0,4,100,4960,160,0,0,0,0,104,0,0,0,0,111,8136
2085,1,1,0,0,0,0,0,0,0,0,0,100,100,100,0,0,0,0,100,100,100,100.000000,1600,4960,32.258065,10,10,10,10,104,4,0,4,100,4960,160,0,0,0,0,104,0,0,0,0,106,8136
2086,1,1,0,0,0,0,0,0,0,0,0,100,100,100,0,0,0,0,100,100,100,100.000000,1600,4960,32.258065,10,10,10,10,104,4,0,4,100,4960,160,0,0,0,0,104,0,0,0,0,105,8136
2087,1,1,0,0,0,0,0,0,0,0,0,100,100,100,0,0,0,0,100,100,100,100.000000,1600,4960,32.258065,10,10,10,10,104,4,0,4,100,4960,160,0,0,0,0,104,0,0,0,0,109,8136
2088,1,1,0,0,0,0,0,0,0,0,0,100,100,100,0,0,0,0,100,100,100,100.000000,1600,4960,32.258065,10,10,10,10,104,4,0,4,100,4960,160,0,0,0,0,104,0,0,0,0,112,8136
2089,1,1,0,0,0,0,0,0,0,0,0,100,100,100,0,0,0,0,100,100,100,100.000000,1600,4960,32.258065,10,10,10,10,104,4,0,4,100,4960,160,0,0,0,0,104,0,0,0,0,114,8136
2090,1,1,0,0,0,0,0,0,0,0,0,100,100,100,0,0,0,0,100,100,100,100.000000,1600,4960,32.258065,10,10,10,10,104,4,0,4,100,4960,160,0,0,0,0,104,0,0,0,0,117,8136
2091,1,1,0,0,0,0,0,0,0,0,0,100,100,100,0,0,0,0,100,100,100,100.000000,1600,4960,32.258065,10,10,10,10,104,4,0,4,100,4960,160,0,0,0,0,104,0,0,0,0,113,8136
2092,1,1,0,0,0,0,0,0,0,0,0,100,100,100,0,0,0,0,100,100,100,100.000000,1600,4960,32.258065,10,10,10,10,104,4,0,4,100,4960,160,0,0,0,0,104,0,0,0,0,106,8136
2093,1,1,0,0,0,0,0,0,0,0,0,100,100,100,0,0,0,0,100,100,100,100.000000,1600,4960,32.258065,10,10,10,10,104,4,0,4,100,4960,160,0,0,0,0,104,0,0,0,0,105,8136
2094,1,1,0,0,0,0,0,0,0,0,0,100,100,100,0,0,0,0,100,100,100,100.000000,1600,4960,32.258065,10,10,10,10,104,4,0,4,100,4960,160,0,0,0,0,104,0,0,0,0,116,8136
2095,1,1,0,0,0,0,0,0,0,0,0,100,100,100,0,0,0,0,100,100,100,100.000000,1600,4960,32.258065,10,10,10,10,104,4,0,4,100,4960,160,0,0,0,0,104,0,0,0,0,114,8136
2096,1,1,0,0,0,0,0,0,0,0,0,100,100,100,0,0,0,0,100,100,100,100.000000,1600,4960,32.258065,10,10,10,10,104,4,0,4,100,4960,160,0,0,0,0,104,0,0,0,0,121,8136
2097,1,1,0,0,0,0,0,0,0,0,0,100,100,100,0,0,0,0,100,100,100,100.000000,1600,4960,32.258065,10,10,10,10,104,4,0,4,100,4960,160,0,0,0,0,104,0,0,0,0,145,8136
2098,1,1,0,0,0,0,0,0,0,0,0,100,100,100,0,0,0,0,100,100,100,100.000000,1600,4960,32.258065,10,10,10,10,104,4,0,4,100,4960,160,0,0,0,0,104,0,0,0,0,122,8136
2099,1,1,0,0,0,0,0,0,0,0,0,100,100,100,0,0,0,0,100,100,100,100.000000,1600,4960,32.258065,10,10,10,10,104,4,0,4,100,4960,160,0,0,0,0,104,0,0,0,0,136,8136
2100,1,1,0,0,0,0,0,0,0,0,0,100,100,100,0,0,0,0,100,100,100,100.000000,1600,4960,32.258065,10,10,10,10,104,4,0,4,100,4960,160,0,0,0,0,104,0,0,0,0,114,8136
2101,1,1,0,0,0,0,0,0,0,0,0,100,100,100,0,0,0,0,100,100,100,100.000000,1600,4960,32.258065,10,10,10,10,104,4,0,4,100,4960,160,0,0,0,0,104,0,0,0,0,110,8136
2102,1,1,0,0,0,0,0,0,0,0,0,100,100,100,0,0,0,0,100,100,100,100.000000,1600,4960,32.258065,10,10,10,10,104,4,0,4,100,4960,160,0,0,0,0,104,0,0,0,0,111,8136
2103,1,1,0,0,0,0,0,0,0,0,0,100,100,100,0,0,0,0,100,100,100,100.000000,1600,4960,32.258065,10,10,10,10,104,4,0,4,100,4960,160,0,0,0,0,104,0,0,0,0,109,8136
2104,1,1,0,0,0,0,0,0,0,0,0,100,100,100,0,0,0,0,100,100,100,100.000000,1600,4960,32.258065,10,10,10,10,104,4,0,4,100,4960,160,0,0,0,0,104,0,0,0,0,129,8136
2105,1,1,0,0,0,0,0,0,0,0,0,100,100,100,0,0,0,0,100,100,100,100.000000,1600,4960,32.258065,10,10,10,10,104,4,0,4,100,4960,160,0,0,0,0,104,0,0,0,0,124,8136
2106,1,1,0,0,0,0,0,0,0,0,0,100,100,100,0,0,0,0,100,100,100,100.000000,1600,4960,32.258065,10,10,10,10,104,4,0,4,100,4960,160,0,0,0,0,104,0,0,0,0,124,8136
2107,1,1,0,0,0,0,0,0,0,0,0,100,100,100,0,0,0,0,100,100,100,100.000000,1600,4960,32.258065,10,10,10,10,104,4,0,4,100,4960,160,0,0,0,0,104,0,0,0,0,119,8136
2108,1,1,0,0,0,0,0,0,0,0,0,100,100,100,0,0,0,0,100,100,100,100.000000,1600,4960,32.258065,10,10,10,10,104,4,0,4,100,4960,160,0,0,0,0,104,0,0,0,0,108,8136
2109,1,1,0,0,0,0,0,0,0,0,0,100,100,100,0,0,0,0,100,100,100,100.000000,1600,4960,32.258065,10,10,10,10,104,4,0,4,100,4960,160,0,0,0,0,104,0,0,0,0,108,8136
2110,1,1,0,0,0,0,0,0,0,0,0,100,100,100,0,0,0,0,100,100,100,100.000000,1600,4960,32.258065,10,10,10,10,104,4,0,4,100,4960,160,0,0,0,0,104,0,0,0,0,109,8136
2111,1,1,0,0,0,0,0,0,0,0,0,100,100,100,0,0,0,0,100,100,100,100.000000,1600,4960,32.258065,10,10,10,10,104,4,0,4,100,4960,160,0,0,0,0,104,0,0,0,0,114,8136
2112,1,1,0,0,0,0,0,0,0,0,0,100,100,100,0,0,0,0,100,100,100,100.000000,1600,4960,32.258065,10,10,10,10,104,4,0,4,100,4960,160,0,0,0,0,104,0,0,0,0,124,8136
2113,1,1,0,0,0,0,0,0,0,0,0,100,100,100,0,0,0,0,100,100,100,100.000000,1600,4960,32.258065,10,10,10,10,104,4,0,4,100,4960,160,0,0,0,0,104,0,0,0,0,134,8136
2114,1,1,0,0,0,0,0,0,0,0,0,100,100,100,0,0,0,0,100,100,100,100.000000,1600,4960,32.258065,10,10,10,10,104,4,0,4,100,4960,160,0,0,0,0,104,0,0,0,0,124,8136
2115,1,1,0,0,0,0,0,0,0,0,0,100,100,100,0,0,0,0,100,100,100,100.000000,1600,4960,32.258065,10,10,10,10,104,4,0,4,100,4960,160,0,0,0,0,104,0,0,0,0,108,8136
2116,1,1,0,0,0,0,0,0,0,0,0,100,100,100,0,0,0,0,100,100,100,100.000000,1600,4960,32.258065,10,10,10,10,104,4,0,4,100,4960,160,0,0,0,0,104,0,0,0,0,101,8136
2117,1,1,0,0,0,0,0,0,0,0,0,100,100,100,0,0,0,0,100,100,100,100.000000,1600,4960,32.258065,10,10,10,10,104,4,0,4,100,4960,160,0,0,0,0,104,0,0,0,0,107,8136
2118,1,1,0,0,0,0,0,0,0,0,0,100,100,100,0,0,0,0,100,100,100,100.000000,1600,4960,32.258065,10,10,10,10,104,4,0,4,100,4960,160,0,0,0,0,104,0,0,0,0,113,8136
2119,1,1,0,0,0,0,0,0,0,0,0,100,100,100,0,0,0,0,100,100,100,100.000000,1600,4960,32.258065,10,10,10,10,104,4,0,4,100,4960,160,0,0,0,0,104,0,0,0,0,111,8136
2120,1,1,0,0,0,0,0,0,0,0,0,100,100,100,0,0,0,0,100,100,100,100.000000,1600,4960,32.258065,10,10,10,10,104,4,0,4,100,4960,160,0,0,0,0,104,0,0,0,0,122,8136
2121,1,1,0,0,0,0,0,0,0,0,0,100,100,100,0,0,0,0,100,100,100,100.000000,1600,4960,32.258065,10,10,10,10,104,4,0,4,100,4960,160,0,0,0,0,104,0,0,0,0,123,8136
2122,1,1,0,0,0,0,0,0,0,0,0,100,100,100,0,0,0,0,100,100,100,100.000000,1600,4960,32.258065,10,10,10,10,104,4,0,4,100,4960,160,0,0,0,0,104,0,0,0,0,128,8136
2123,1,1,0,0,0,0,0,0,0,0,0,100,100,100,0,0,0,0,100,100,100,100.000000,1600,4960,32.258065,10,10,10,10,104,4,0,4,100,4960,160,0,0,0,0,104,0,0,0,0,114,8136
2124,1,1,0,0,0,0,0,0,0,0,0,100,100,100,0,0,0,0,100,100,100,100.000000,1600,4960,32.258065,10,10,10,10,104,4,0,4,100,4960,160,0,0,0,0,104,0,0,0,0,207,8136
2125,1,1,0,0,0,0,0,0,0,0,0,100,100,100,0,0,0,0,100,100,100,100.000000,1600,4960,32.258065,10,10,10,10,104,4,0,4,100,4960,160,0,0,0,0,104,0,0,0,0,107,8136
2126,1,1,0,0,0,0,0,0,0,0,0,100,100,100,0,0,0,0,100,100,100,100.000000,1600,4960,32.258065,10,10,10,10,104,4,0,4,100,4960,160,0,0,0,0,104,0,0,0,0,112,8136
2127,1,1,0,0,0,0,0,0,0,0,0,100,100,100,0,0,0,0,100,100,100,100.000000,1600,4960,32.258065,10,10,10,10,104,4,0,4,100,4960,160,0,0,0,0,104,0,0,0,0,105,8136
2128,1,1,0,0,0,0,0,0,0,0,0,100,100,100,0,0,0,0,100,100,100,100.000000,1600,4960,32.258065,10,10,10,10,104,4,0,4,100,4960,160,0,0,0,0,104,0,0,0,0,122,8136
2129,1,1,0,0,0,0,0,0,0,0,0,100,100,100,0,0,0,0,100,100,100,100.000000,1600,4960,32.258065,10,10,10,10,104,4,0,4,100,4960,160,0,0,0,0,104,0,0,0,0,131,8136
2130,1,1,0,0,0,0,0,0,0,0,0,100,100,100,0,0,0,0,100,100,100,100.000000,1600,4960,32.258065,10,10,10,10,104,4,0,4,100,4960,160,0,0,0,0,104,0,0,0,0,122,8136
2131,1,1,0,0,0,0,0,0,0,0,0,100,100,100,0,0,0,0,100,100,100,100.000000,1600,4960,32.258065,10,10,10,10,104,4,0,4,100,4960,160,0,0,0,0,104,0,0,0,0,113,8136
2132,1,1,0,0,0,0,0,0,0,0,0,100,100,100,0,0,0,0,100,100,100,100.000000,1600,4960,32.258065,10,10,10,10,104,4,0,4,100,4960,160,0,0,0,0,104,0,0,0,0,119,8136
2133,1,1,0,0,0,0,0,0,0,0,0,100,100,100,0,0,0,0,100,100,100,100.000000,1600,4960,32.258065,10,10,10,10,104,4,0,4,100,4960,160,0,0,0,0,104,0,0,0,0,121,8136
2134,1,1,0,0,0,0,0,0,0,0,0,100,100,100,0,0,0,0,100,100,100,100.000000,1600,4960,32.258065,10,10,10,10,104,4,0,4,100,4960,160,0,0,0,0,104,0,0,0,0,114,8136
2135,1,1,0,0,0,0,0,0,0,0,0,100,100,100,0,0,0,0,100,100,100,100.000000,1600,4960,32.258065,10,10,10,10,104,4,0,4,100,4960,160,0,0,0,0,104,0,0,0,0,114,8136
2136,1,1,0,0,0,0,0,0,0,0,0,100,100,100,0,0,0,0,100,100,100,100.000000,1600,4960,32.258065,10,10,10,10,104,4,0,4,100,4960,160,0,0,0,0,104,0,0,0,0,130,8136
2137,1,1,0,0,0,0,0,0,0,0,0,100,100,100,0,0,0,0,100,100,100,100.000000,1600,4960,32.258065,10,10,10,10,104,4,0,4,100,4960,160,0,0,0,0,104,0,0,0,0,132,8136
2138,1,1,0,0,0,0,0,0,0,0,0,100,100,100,0,0,0,0,100,100,100,100.000000,1600,4960,32.258065,10,10,10,10,104,4,0,4,100,4960,160,0,0,0,0,104,0,0,0,0,127,8136
2139,1,1,0,0,0,0,0,0,0,0,0,100,100,100,0,0,0,0,100,100,100,100.000000,1600,4960,32.258065,10,10,10,10,104,4,0,4,100,4960,160,0,0,0,0,104,0,0,0,0,107,8136
2140,1,1,0,0,0,0,0,0,0,0,0,100,100,100,0,0,0,0,100,100,100,100.000000,1600,4960,32.258065,10,10,10,10,104,4,0,4,100,4960,160,0,0,0,0,104,0,0,0,0,129,8136
2141,1,1,0,0,0,0,0,0,0,0,0,100,100,100,0,0,0,0,100,100,100,100.000000,1600,4960,32.258065,10,10,10,10,104,4,0,4,100,4960,160,0,0,0,0,104,0,0,0,0,105,8136
2142,1,1,0,0,0,0,0,0,0,0,0,100,100,100,0,0,0,0,100,100,100,100.000000,1600,4960,32.258065,10,10,10,10,104,4,0,4,100,4960,160,0,0,0,0,104,0,0,0,0,108,8136
2143,1,1,0,0,0,0,0,0,0,0,0,100,100,100,0,0,0,0,100,100,100,100.000000,1600,4960,32.258065,10,10,10,10,104,4,0,4,100,4960,160,0,0,0,0,104,0,0,0,0,120,8136
2144,1,1,0,0,0,0,0,0,0,0,0,100,100,100,0,0,0,0,100,100,100,100.000000,1600,4960,32.258065,10,10,10,10,104,4,0,4,100,4960,160,0,0,0,0,104,0,0,0,0,122,8136
2145,1,1,0,0,0,0,0,0,0,0,0,100,100,100,0,0,0,0,100,100,100,100.000000,1600,4960,32.258065,10,10,10,10,104,4,0,4,100,4960,160,0,0,0,0,104,0,0,0,0,111,8136
2146,1,1,0,0,0,0,0,0,0,0,0,100,100,100,0,0,0,0,100,100,100,100.000000,1600,4960,32.258065,10,10,10,10,104,4,0,4,100,4960,160,0,0,0,0,104,0,0,0,0,121,8136
2147,1,1,0,0,0,0,0,0,0,0,0,100,100,100,0,0,0,0,100,100,100,100.000000,1600,4960,32.258065,10,10,10,10,104,4,0,4,100,4960,160,0,0,0,0,104,0,0,0,0,109,8136
2148,1,1,0,0,0,0,0,0,0,0,0,100,100,100,0,0,0,0,100,100,100,100.000000,1600,4960,32.258065,10,10,10,10,104,4,0,4,100,4960,160,0,0,0,0,104,0,0,0,0,104,8136
2149,1,1,0,0,0,0,0,0,0,0,0,100,100,100,0,0,0,0,100,100,100,100.000000,1600,4960,32.258065,10,10,10,10,104,4,0,4,100,4960,160,0,0,0,0,104,0,0,0,0,111,8136
2150,1,1,0,0,0,0,0,0,0,0,0,100,100,100,0,0,0,0,100,100,100,100.000000,1600,4960,32.258065,10,10,10,10,104,4,0,4,100,4960,160,0,0,0,0,104,0,0,0,0,107,8136
2151,1,1,0,0,0,0,0,0,0,0,0,100,100,100,0,0,0,0,100,100,100,100.000000,1600,4960,32.258065,10,10,10,10,104,4,0,4,100,4960,160,0,0,0,0,104,0,0,0,0,108,8136
2152,1,1,0,0,0,0,0,0,0,0,0,100,100,100,0,0,0,0,100,100,100,100.000000,1600,4960,32.258065,10,10,10,10,104,4,0,4,100,4960,160,0,0,0,0,104,0,0,0,0,115,8136
2153,1,1,0,0,0,0,0,0,0,0,0,100,100,100,0,0,0,0,100,100,100,100.000000,1600,4960,32.258065,10,10,10,10,104,4,0,4,100,4960,160,0,0,0,0,104,0,0,0,0,124,8136
2154,1,1,0,0,0,0,0,0,0,0,0,100,100,100,0,0,0,0,100,100,100,100.000000,1600,4960,32.258065,10,10,10,10,104,4,0,4,100,4960,160,0,0,0,0,104,0,0,0,0,119,8136
2155,1,1,0,0,0,0,0,0,0,0,0,100,100,100,0,0,0,0,100,100,100,100.000000,1600,4960,32.258065,10,10,10,10,104,4,0,4,100,4960,160,0,0,0,0,104,0,0,0,0,106,8136
2156,1,1,0,0,0,0,0,0,0,0,0,100,100,100,0,0,0,0,100,100,100,100.000000,1600,4960,32.258065,10,10,10,10,104,4,0,4,100,4960,160,0,0,0,0,104,0,0,0,0,108,8136
2157,1,1,0,0,0,0,0,0,0,0,0,100,100,100,0,0,0,0,100,100,100,100.000000,1600,4960,32.258065,10,10,10,10,104,4,0,4,100,4960,160,0,0,0,0,104,0,0,0,0,106,8136
2158,1,1,0,0,0,0,0,0,0,0,0,100,100,100,0,0,0,0,100,100,100,100.000000,1600,4960,32.258065,10,10,10,10,104,4,0,4,100,4960,160,0,0,0,0,104,0,0,0,0,115,8136
2159,1,1,0,0,0,0,0,0,0,0,0,100,100,100,0,0,0,0,100,100,100,100.000000,1600,4960,32.258065,10,10,10,10,104,4,0,4,100,4960,160,0,0,0,0,104,0,0,0,0,107,8136
2160,1,1,0,0,0,0,0,0,0,0,0,100,100,100,0,0,0,0,100,100,100,100.000000,1600,4960,32.258065,10,10,10,10,104,4,0,4,100,4960,160,0,0,0,0,104,0,0,0,0,118,8136
2161,1,1,0,0,0,0,0,0,0,0,0,100,100,100,0,0,0,0,100,100,100,100.000000,1600,4960,32.258065,10,10,10,10,104,4,0,4,100,4960,160,0,0,0,0,104,0,0,0,0,116,8136
2162,1,1,0,0,0,0,0,0,0,0,0,100,100,100,0,0,0,0,100,100,100,100.000000,1600,4960,32.258065,10,10,10,10,104,4,0,4,100,4960,160,0,0,0,0,104,0,0,0,0,112,8136
2163,1,1,0,0,0,0,0,0,0,0,0,100,100,100,0,0,0,0,100,100,100,100.000000,1600,4960,32.258065,10,10,10,10,104,4,0,4,100,4960,160,0,0,0,0,104,0,0,0,0,109,8136
2164,1,1,0,0,0,0,0,0,0,0,0,100,100,100,0,0,0,0,100,100,100,100.000000,1600,4960,32.258065,10,10,10,10,104,4,0,4,100,4960,160,0,0,0,0,104,0,0,0,0,107,8136
2165,1,1,0,0,0,0,0,0,0,0,0,100,100,100,0,0,0,0,100,100,100,100.000000,1600,4960,32.258065,10,10,10,10,104,4,0,4,100,4960,160,0,0,0,0,104,0,0,0,0,108,8136
2166,1,1,0,0,0,0,0,0,0,0,0,100,100,100,0,0,0,0,100,100,100,100.000000,1600,4960,32.258065,10,10,10,10,104,4,0,4,100,4960,160,0,0,0,0,104,0,0,0,0,110,8136
2167,1,1,0,0,0,0,0,0,0,0,0,100,100,100,0,0,0,0,100,100,100,100.000000,1600,4960,32.258065,10,10,10,10,104,4,0,4,100,4960,160,0,0,0,0,104,0,0,0,0,110,8136
2168,1,1,0,0,0,0,0,0,0,0,0,100,100,100,0,0,0,0,100,100,100,100.000000,1600,4960,32.258065,10,10,10,10,104,4,0,4,100,4960,160,0,0,0,0,104,0,0,0,0,117,8136
2169,1,1,0,0,0,0,0,0,0,0,0,100,100,100,0,0,0,0,100,100,100,100.000000,1600,4960,32.258065,10,10,10,10,104,4,0,4,100,4960,160,0,0,0,0,104,0,0,0,0,126,8136
2170,1,1,0,0,0,0,0,0,0,0,0,100,100,100,0,0,0,0,100,100,100,100.000000,1600,4960,32.258065,10,10,10,10,104,4,0,4,100,4960,160,0,0,0,0,104,0,0,0,0,119,8136
2171,1,1,0,0,0,0,0,0,0,0,0,100,100,100,0,0,0,0,100,100,100,100.000000,1600,4960,32.258065,10,10,10,10,104,4,0,4,100,4960,160,0,0,0,0,104,0,0,0,0,109,8136
2172,1,1,0,0,0,0,0,0,0,0,0,100,100,100,0,0,0,0,100,100,100,100.000000,1600,4960,32.258065,10,10,10,10,104,4,0,4,100,4960,160,0,0,0,0,104,0,0,0,0,101,8136
2173,1,1,0,0,0,0,0,0,0,0,0,100,100,100,0,0,0,0,100,100,100,100.000000,1600,4960,32.258065,10,10,10,10,104,4,0,4,100,4960,160,0,0,0,0,104,0,0,0,0,107,8136
2174,1,1,0,0,0,0,0,0,0,0,0,100,100,100,0,0,0,0,100,100,100,100.000000,1600,4960,32.258065,10,10,10,10,104,4,0,4,100,4960,160,0,0,0,0,104,0,0,0,0,112,8136
2175,1,1,0,0,0,0,0,0,0,0,0,100,100,100,0,0,0,0,100,100,100,100.000000,1600,4960,32.258065,10,10,10,10,104,4,0,4,100,4960,160,0,0,0,0,104,0,0,0,0,111,8136
2176,1,1,0,0,0,0,0,0,0,0,0,100,100,100,0,0,0,0,100,100,100,100.000000,1600,4960,32.258065,10,10,10,10,104,4,0,4,100,4960,160,0,0,0,0,104,0,0,0,0,124,8136
2177,1,1,0,0,0,0,0,0,0,0,0,100,100,100,0,0,0,0,100,100,100,100.000000,1600,4960,32.258065,10,10,10,10,104,4,0,4,100,4960,160,0,0,0,0,104,0,0,0,0,129,8136
2178,1,1,0,0,0,0,0,0,0,0,0,100,100,100,0,0,0,0,100,100,100,100.000000,1600,4960,32.258065,10,10,10,10,104,4,0,4,100,4960,160,0,0,0,0,104,0,0,0,0,137,8136
2179,1,1,0,0,0,0,0,0,0,0,0,100,100,100,0,0,0,0,100,100,100,100.000000,1600,4960,32.258065,10,10,10,10,104,4,0,4,100,4960,160,0,0,0,0,104,0,0,0,0,131,8136
2180,1,1,0,0,0,0,0,0,0,0,0,100,100,100,0,0,0,0,100,100,100,100.000000,1600,4960,32.258065,10,10,10,10,104,4,0,4,100,4960,160,0,0,0,0,104,0,0,0,0,110,8136
2181,1,1,0,0,0,0,0,0,0,0,0,100,100,100,0,0,0,0,100,100,100,100.000000,1600,4960,32.258065,10,10,10,10,104,4,0,4,100,4960,160,0,0,0,0,104,0,0,0,0,107,8136
2182,1,1,0,0,0,0,0,0,0,0,0,100,100,100,0,0,0,0,100,100,100,100.000000,1600,4960,32.258065,10,10,10,10,104,4,0,4,100,4960,160,0,0,0,0,104,0,0,0,0,106,8136
2183,1,1,0,0,0,0,0,0,0,0,0,100,100,100,0,0,0,0,100,100,100,100.000000,1600,4960,32.258065,10,10,10,10,104,4,0,4,100,4960,160,0,0,0,0,104,0,0,0,0,114,8136
2184,1,1,0,0,0,0,0,0,0,0,0,100,100,100,0,0,0,0,100,100,100,100.000000,1600,4960,32.258065,10,10,10,10,104,4,0,4,100,4960,160,0,0,0,0,104,0,0,0,0,120,8136
2185,1,1,0,0,0,0,0,0,0,0,0,100,100,100,0,0,0,0,100,100,100,100.000000,1600,4960,32.258065,10,10,10,10,104,4,0,4,100,4960,160,0,0,0,0,104,0,0,0,0,127,8136
2186,1,1,0,0,0,0,0,0,0,0,0,100,100,100,0,0,0,0,100,100,100,100.000000,1600,4960,32.258065,10,10,10,10,104,4,0,4,100,4960,160,0,0,0,0,104,0,0,0,0,115,8136
2187,1,1,0,0,0,0,0,0,0,0,0,100,100,100,0,0,0,0,100,100,100,100.000000,1600,4960,32.258065,10,10,10,10,104,4,0,4,100,4960,160,0,0,0,0,104,0,0,0,0,106,8136
2188,1,1,0,0,0,0,0,0,0,0,0,100,100,100,0,0,0,0,100,100,100,100.000000,1600,4960,32.258065,10,10,10,10,104,4,0,4,100,4960,160,0,0,0,0,104,0,0,0,0,113,8136
2189,1,1,0,0,0,0,0,0,0,0,0,100,100,100,0,0,0,0,100,100,100,100.000000,1600,4960,32.258065,10,10,10,10,104,4,0,4,100,4960,160,0,0,0,0,104,0,0,0,0,112,8136
2190,1,1,0,0,0,0,0,0,0,0,0,100,100,100,0,0,0,0,100,100,100,100.000000,1600,4960,32.258065,10,10,10,10,104,4,0,4,100,4960,160,0,0,0,0,104,0,0,0,0,118,8136
2191,1,1,0,0,0,0,0,0,0,0,0,100,100,100,0,0,0,0,100,100,100,100.000000,1600,4960,32.258065,10,10,10,10,104,4,0,4,100,4960,160,0,0,0,0,104,0,0,0,0,115,8136
2192,1,1,0,0,0,0,0,0,0,0,0,100,100,100,0,0,0,0,100,100,100,100.000000,1600,4960,32.258065,10,10,10,10,104,4,0,4,100,4960,160,0,0,0,0,104,0,0,0,0,116,8136
2193,1,1,0,0,0,0,0,0,0,0,0,100,100,100,0,0,0,0,100,100,100,100.000000,1600,4960,32.258065,10,10,10,10,104,4,0,4,100,4960,160,0,0,0,0,104,0,0,0,0,121,8136
2194,1,1,0,0,0,0,0,0,0,0,0,100,100,100,0,0,0,0,100,100,100,100.000000,1600,4960,32.258065,10,10,10,10,104,4,0,4,100,4960,160,0,0,0,0,104,0,0,0,0,119,8136
2195,1,1,0,0,0,0,0,0,0,0,0,100,100,100,0,0,0,0,100,100,100,100.000000,1600,4960,32.258065,10,10,10,10,104,4,0,4,100,4960,160,0,0,0,0,104,0,0,0,0,107,8136
2196,1,1,0,0,0,0,0,0,0,0,0,100,100,100,0,0,0,0,100,100,100,100.000000,1600,4960,32.258065,10,10,10,10,104,4,0,4,100,4960,160,0,0,0,0,104,0,0,0,0,117,8136
2197,1,1,0,0,0,0,0,0,0,0,0,100,100,100,0,0,0,0,100,100,100,100.000000,1600,4960,32.258065,10,10,10,10,104,4,0,4,100,4960,160,0,0,0,0,104,0,0,0,0,139,8136
2198,1,1,0,0,0,0,0,0,0,0,0,100,100,100,0,0,0,0,100,100,100,100.000000,1600,4960,32.258065,10,10,10,10,104,4,0,4,100,4960,160,0,0,0,0,104,0,0,0,0,121,8136
2199,1,1,0,0,0,0,0,0,0,0,0,100,100,100,0,0,0,0,100,100,100,100.000000,1600,4960,32.258065,10,10,10,10,104,4,0,4,100,4960,160,0,0,0,0,104,0,0,0,0,119,8136
2200,1,1,0,0,0,0,0,0,0,0,0,100,100,100,0,0,0,0,100,100,100,100.000000,1600,4960,32.258065,10,10,10,10,104,4,0,4,100,4960,160,0,0,0,0,104,0,0,0,0,118,8136
2201,1,1,0,0,0,0,0,0,0,0,0,100,100,100,0,0,0,0,100,100,100,100.000000,1600,4960,32.258065,10,10,10,10,104,4,0,4,100,4960,160,0,0,0,0,104,0,0,0,0,120,8136
2202,1,1,0,0,0,0,0,0,0,0,0,100,100,100,0,0,0,0,100,100,100,100.000000,1600,4960,32.258065,10,10,10,10,104,4,0,4,100,4960,160,0,0,0,0,104,0,0,0,0,117,8136
2203,1,1,0,0,0,0,0,0,0,0,0,100,100,100,0,0,0,0,100,100,100,100.000000,1600,4960,32.258065,10,10,10,10,104,4,0,4,100,4960,160,0,0,0,0,104,0,0,0,0,128,8136
2204,1,1,0,0,0,0,0,0,0,0,0,100,100,100,0,0,0,0,100,100,100,100.000000,1600,4960,32.258065,10,10,10,10,104,4,0,4,100,4960,160,0,0,0,0,104,0,0,0,0,112,8136
2205,1,1,0,0,0,0,0,0,0,0,0,100,100,100,0,0,0,0,100,100,100,100.000000,1600,4960,32.258065,10,10,10,10,104,4,0,4,100,4960,160,0,0,0,0,104,0,0,0,0,110,8136
2206,1,1,0,0,0,0,0,0,0,0,0,100,100,100,0,0,0,0,100,100,100,100.000000,1600,4960,32.258065,10,10,10,10,104,4,0,4,100,4960,160,0,0,0,0,104,0,0,0,0,114,8136
2207,1,1,0,0,0,0,0,0,0,0,0,100,100,100,0,0,0,0,100,100,100,100.000000,1600,4960,32.258065,10,10,10,10,104,4,0,4,100,4960,160,0,0,0,0,104,0,0,0,0,121,8136
2208,1,1,0,0,0,0,0,0,0,0,0,100,100,100,0,0,0,0,100,100,100,100.000000,1600,4960,32.258065,10,10,10,10,104,4,0,4,100,4960,160,0,0,0,0,104,0,0,0,0,125,8136
2209,1,1,0,0,0,0,0,0,0,0,0,100,100,100,0,0,0,0,100,100,100,100.000000,1600,4960,32.258065,10,10,10,10,104,4,0,4,100,4960,160,0,0,0,0,104,0,0,0,0,126,8136
2210,1,1,0,0,0,0,0,0,0,0,0,100,100,100,0,0,0,0,100,100,100,100.000000,1600,4960,32.258065,10,10,10,10,104,4,0,4,100,4960,160,0,0,0,0,104,0,0,0,0,120,8136
2211,1,1,0,0,0,0,0,0,0,0,0,100,100,100,0,0,0,0,100,100,100,100.000000,1600,4960,32.258065,10,10,10,10,104,4,0,4,100,4960,160,0,0,0,0,104,0,0,0,0,111,8136
2212,1,1,0,0,0,0,0,0,0,0,0,100,100,100,0,0,0,0,100,100,100,100.000000,1600,4960,32.258065,10,10,10,10,104,4,0,4,100,4960,160,0,0,0,0,104,0,0,0,0,125,8136
2213,1,1,0,0,0,0,0,0,0,0,0,100,100,100,0,0,0,0,100,100,100,100.000000,1600,4960,32.258065,10,10,10,10,104,4,0,4,100,4960,160,0,0,0,0,104,0,0,0,0,106,8136
2214,1,1,0,0,0,0,0,0,0,0,0,100,100,100,0,0,0,0,100,100,100,100.000000,1600,4960,32.258065,10,10,10,10,104,4,0,4,100,4960,160,0,0,0,0,104,0,0,0,0,114,8136
2215,1,1,0,0,0,0,0,0,0,0,0,100,100,100,0,0,0,0,100,100,100,100.000000,1600,4960,32.258065,10,10,10,10,104,4,0,4,100,4960,160,0,0,0,0,104,0,0,0,0,120,8136
2216,1,1,0,0,0,0,0,0,0,0,0,100,100,100,0,0,0,0,100,100,100,100.000000,1600,4960,32.258065,10,10,10,10,104,4,0,4,100,4960,160,0,0,0,0,104,0,0,0,0,124,8136
2217,1,1,0,0,0,0,0,0,0,0,0,100,100,100,0,0,0,0,100,100,100,100.000000,1600,4960,32.258065,10,10,10,10,104,4,0,4,100,4960,160,0,0,0,0,104,0,0,0,0,124,8136
2218,1,1,0,0,0,0,0,0,0,0,0,100,100,100,0,0,0,0,100,100,100,100.000000,1600,4960,32.258065,10,10,10,10,104,4,0,4,100,4960,160,0,0,0,0,104,0,0,0,0,122,8136
2219,1,1,0,0,0,0,0,0,0,0,0,100,100,100,0,0,0,0,100,100,100,100.000000,1600,4960,32.258065,10,10,10,10,104,4,0,4,100,4960,160,0,0,0,0,104,0,0,0,0,117,8136
2220,1,1,0,0,0,0,0,0,0,0,0,100,100,100,0,0,0,0,100,100,100,100.000000,1600,4960,32.258065,10,10,10,10,104,4,0,4,100,4960,160,0,0,0,0,104,0,0,0,0,106,8136
2221,1,1,0,0,0,0,0,0,0,0,0,100,100,100,0,0,0,0,100,100,100,100.000000,1600,4960,32.258065,10,10,10,10,104,4,0,4,100,4960,160,0,0,0,0,104,0,0,0,0,109,8136
2222,1,1,0,0,0,0,0,0,0,0,0,100,100,100,0,0,0,0,100,100,100,100.000000,1600,4960,32.258065,10,10,10,10,104,4,0,4,100,4960,160,0,0,0,0,104,0,0,0,0,113,8136
2223,1,1,0,0,0,0,0,0,0,0,0,100,100,100,0,0,0,0,100,100,100,100.000000,1600,4960,32.258065,10,10,10,10,104,4,0,4,100,4960,160,0,0,0,0,104,0,0,0,0,125,8136
2224,1,1,0,0,0,0,0,0,0,0,0,100,100,100,0,0,0,0,100,100,100,100.000000,1600,4960,32.258065,10,10,10,10,104,4,0,4,100,4960,160,0,0,0,0,104,0,0,0,0,124,8136
2225,1,1,0,0,0,0,0,0,0,0,0,100,100,100,0,0,0,0,100,100,100,100.000000,1600,4960,32.258065,10,10,10,10,104,4,0,4,100,4960,160,0,0,0,0,104,0,0,0,0,116,8136
2226,1,1,0,0,0,0,0,0,0,0,0,100,100,100,0,0,0,0,100,100,100,100.000000,1600,4960,32.258065,10,10,10,10,104,4,0,4,100,4960,160,0,0,0,0,104,0,0,0,0,120,8136
2227,1,1,0,0,0,0,0,0,0,0,0,100,100,100,0,0,0,0,100,100,100,100.000000,1600,4960,32.258065,10,10,10,10,104,4,0,4,100,4960,160,0,0,0,0,104,0,0,0,0,119,8136
2228,1,1,0,0,0,0,0,0,0,0,0,100,100,100,0,0,0,0,100,100,100,100.000000,1600,4960,32.258065,10,10,10,10,104,4,0,4,100,4960,160,0,0,0,0,104,0,0,0,0,125,8136
2229,1,1,0,0,0,0,0,0,0,0,0,100,100,100,0,0,0,0,100,100,100,100.000000,1600,4960,32.258065,10,10,10,10,104,4,0,4,100,4960,160,0,0,0,0,104,0,0,0,0,113,8136
2230,1,1,0,0,0,0,0,0,0,0,0,100,100,100,0,0,0,0,100,100,100,100.000000,1600,4960,32.258065,10,10,10,10,104,4,0,4,100,4960,160,0,0,0,0,104,0,0,0,0,112,8136
2231,1,1,0,0,0,0,0,0,0,0,0,100,100,100,0,0,0,0,100,100,100,100.000000,1600,4960,32.258065,10,10,10,10,104,4,0,4,100,4960,160,0,0,0,0,104,0,0,0,0,115,8136
2232,1,1,0,0,0,0,0,0,0,0,0,100,100,100,0,0,0,0,100,100,100,100.000000,1600,4960,32.258065,10,10,10,10,104,4,0,4,100,4960,160,0,0,0,0,104,0,0,0,0,123,8136
2233,1,1,0,0,0,0,0,0,0,0,0,100,100,100,0,0,0,0,100,100,100,100.000000,1600,4960,32.258065,10,10,10,10,104,4,0,4,100,4960,160,0,0,0,0,104,0,0,0,0,117,8136
2234,1,1,0,0,0,0,0,0,0,0,0,100,100,100,0,0,0,0,100,100,100,100.000000,1600,4960,32.258065,10,10,10,10,104,4,0,4,100,4960,160,0,0,0,0,104,0,0,0,0,121,8136
2235,1,1,0,0,0,0,0,0,0,0,0,100,100,100,0,0,0,0,100,100,100,100.000000,1600,4960,32.258065,10,10,10,10,104,4,0,4,100,4960,160,0,0,0,0,104,0,0,0,0,131,8136
2236,1,1,0,0,0,0,0,0,0,0,0,100,100,100,0,0,0,0,100,100,100,100.000000,1600,4960,32.258065,10,10,10,10,104,4,0,4,100,4960,160,0,0,0,0,104,0,0,0,0,113,8136
2237,1,1,0,0,0,0,0,0,0,0,0,100,100,100,0,0,0,0,100,100,100,100.000000,1600,4960,32.258065,10,10,10,10,104,4,0,4,100,4960,160,0,0,0,0,104,0,0,0,0,123,8136
2238,1,1,0,0,0,0,0,0,0,0,0,100,100,100,0,0,0,0,100,100,100,100.000000,1600,4960,32.258065,10,10,10,10,104,4,0,4,100,4960,160,0,0,0,0,104,0,0,0,0,112,8136
2239,1,1,0,0,0,0,0,0,0,0,0,100,100,100,0,0,0,0,100,100,100,100.000000,1600,4960,32.258065,10,10,10,10,104,4,0,4,100,4960,160,0,0,0,0,104,0,0,0,0,128,8136
2240,1,1,0,0,0,0,0,0,0,0,0,100,100,100,0,0,0,0,100,100,100,100.000000,1600,4960,32.258065,10,10,10,10,104,4,0,4,100,4960,160,0,0,0,0,104,0,0,0,0,123,8136
2241,1,1,0,0,0,0,0,0,0,0,0,100,100,100,0,0,0,0,100,100,100,100.000000,1600,4960,32.258065,10,10,10,10,104,4,0,4,100,4960,160,0,0,0,0,104,0,0,0,0,120,8136
2242,1,1,0,0,0,0,0,0,0,0,0,100,100,100,0,0,0,0,100,100,100,100.000000,1600,4960,32.258065,10,10,10,10,104,4,0,4,100,4960,160,0,0,0,0,104,0,0,0,0,142,8136
2243,1,1,0,0,0,0,0,0,0,0,0,100,100,100,0,0,0,0,100,100,100,100.000000,1600,4960,32.258065,10,10,10,10,104,4,0,4,100,4960,160,0,0,0,0,104,0,0,0,0,116,8136
2244,1,1,0,0,0,0,0,0,0,0,0,100,100,100,0,0,0,0,100,100,100,100.000000,1600,4960,32.258065,10,10,10,10,104,4,0,4,100,4960,160,0,0,0,0,104,0,0,0,0,111,8136
2245,1,1,0,0,0,0,0,0,0,0,0,100,100,100,0,0,0,0,100,100,100,100.000000,1600,4960,32.258065,10,10,10,10,104,4,0,4,100,4960,160,0,0,0,0,104,0,0,0,0,109,8136
2246,1,1,0,0,0,0,0,0,0,0,0,100,100,100,0,0,0,0,100,100,100,100.000000,1600,4960,32.258065,10,10,10,10,104,4,0,4,100,4960,160,0,0,0,0,104,0,0,0,0,115,8136
2247,1,1,0,0,0,0,0,0,0,0,0,100,100,100,0,0,0,0,100,100,100,100.000000,1600,4960,32.258065,10,10,10,10,104,4,0,4,100,4960,160,0,0,0,0,104,0,0,0,0,116,8136
2248,1,1,0,0,0,0,0,0,0,0,0,100,100,100,0,0,0,0,100,100,100,100.000000,1600,4960,32.258065,10,10,10,10,104,4,0,4,100,4960,160,0,0,0,0,104,0,0,0,0,121,8136
2249,1,1,0,0,0,0,0,0,0,0,0,100,100,100,0,0,0,0,100,100,100,100.000000,1600,4960,32.258065,10,10,10,10,104,4,0,4,100,4960,160,0,0,0,0,104,0,0,0,0,131,8136
2250,1,1,0,0,0,0,0,0,0,0,0,100,100,100,0,0,0,0,100,100,100,100.000000,1600,4960,32.258065,10,10,10,10,104,4,0,4,100,4960,160,0,0,0,0,104,0,0,0,0,116,8136
2251,1,1,0,0,0,0,0,0,0,0,0,100,100,100,0,0,0,0,100,100,100,100.000000,1600,4960,32.258065,10,10,10,10,104,4,0,4,100,4960,160,0,0,0,0,104,0,0,0,0,115,8136
2252,1,1,0,0,0,0,0,0,0,0,0,100,100,100,0,0,0,0,100,100,100,100.000000,1600,4960,32.258065,10,10,10,10,104,4,0,4,100,4960,160,0,0,0,0,104,0,0,0,0,107,8136
2253,1,1,0,0,0,0,0,0,0,0,0,100,100,100,0,0,0,0,100,100,100,100.000000,1600,4960,32.258065,10,10,10,10,104,4,0,4,100,4960,160,0,0,0,0,104,0,0,0,0,123,8136
2254,1,1,0,0,0,0,0,0,0,0,0,100,100,100,0,0,0,0,100,100,100,100.000000,1600,4960,32.258065,10,10,10,10,104,4,0,4,100,4960,160,0,0,0,0,104,0,0,0,0,111,8136
2255,1,1,0,0,0,0,0,0,0,0,0,100,100,100,0,0,0,0,100,100,100,100.000000,1600,4960,32.258065,10,10,10,10,104,4,0,4,100,4960,160,0,0,0,0,104,0,0,0,0,116,8136
2256,1,1,0,0,0,0,0,0,0,0,0,100,100,100,0,0,0,0,100,100,100,100.000000,1600,4960,32.258065,10,10,10,10,104,4,0,4,100,4960,160,0,0,0,0,104,0,0,0,0,110,8136
2257,1,1,0,0,0,0,0,0,0,0,0,100,100,100,0,0,0,0,100,100,100,100.000000,1600,4960,32.258065,10,10,10,10,104,4,0,4,100,4960,160,0,0,0,0,104,0,0,0,0,115,8136
2258,1,1,0,0,0,0,0,0,0,0,0,100,100,100,0,0,0,0,100,100,100,100.000000,1600,4960,32.258065,10,10,10,10,104,4,0,4,100,4960,160,0,0,0,0,104,0,0,0,0,118,8136
2259,1,1,0,0,0,0,0,0,0,0,0,100,100,100,0,0,0,0,100,100,100,100.000000,1600,4960,32.258065,10,10,10,10,104,4,0,4,100,4960,160,0,0,0,0,104,0,0,0,0,120,8136
2260,1,1,0,0,0,0,0,0,0,0,0,100,100,100,0,0,0,0,100,100,100,100.000000,1600,4960,32.258065,10,10,10,10,104,4,0,4,100,4960,160,0,0,0,0,104,0,0,0,0,111,8136
2261,1,1,0,0,0,0,0,0,0,0,0,100,100,100,0,0,0,0,100,100,100,100.000000,1600,4960,32.258065,10,10,10,10,104,4,0,4,100,4960,160,0,0,0,0,104,0,0,0,0,109,8136
2262,1,1,0,0,0,0,0,0,0,0,0,100,100,100,0,0,0,0,100,100,100,100.000000,1600,4960,32.258065,10,10,10,10,104,4,0,4,100,4960,160,0,0,0,0,104,0,0,0,0,116,8136
2263,1,1,0,0,0,0,0,0,0,0,0,100,100,100,0,0,0,0,100,100,100,100.000000,1600,4960,32.258065,10,10,10,10,104,4,0,4,100,4960,160,0,0,0,0,104,0,0,0,0,113,8136
2264,1,1,0,0,0,0,0,0,0,0,0,100,100,100,0,0,0,0,100,100,100,100.000000,1600,4960,32.258065,10,10,10,10,104,4,0,4,100,4960,160,0,0,0,0,104,0,0,0,0,117,8136
2265,1,1,0,0,0,0,0,0,0,0,0,100,100,100,0,0,0,0,100,100,100,100.000000,1600,4960,32.258065,10,10,10,10,104,4,0,4,100,4960,160,0,0,0,0,104,0,0,0,0,130,8136
2266,1,1,0,0,0,0,0,0,0,0,0,100,100,100,0,0,0,0,100,100,100,100.000000,1600,4960,32.258065,10,10,10,10,104,4,0,4,100,4960,160,0,0,0,0,104,0,0,0,0,116,8136
2267,1,1,0,0,0,0,0,0,0,0,0,100,100,100,0,0,0,0,100,100,100,100.000000,1600,4960,32.258065,10,10,10,10,104,4,0,4,100,4960,160,0,0,0,0,104,0,0,0,0,122,8136
2268,1,1,0,0,0,0,0,0,0,0,0,100,100,100,0,0,0,0,100,100,100,100.000000,1600,4960,32.258065,10,10,10,10,104,4,0,4,100,4960,160,0,0,0,0,104,0,0,0,0,109,8136
2269,1,1,0,0,0,0,0,0,0,0,0,100,100,100,0,0,0,0,100,100,100,100.000000,1600,4960,32.258065,10,10,10,10,104,4,0,4,100,4960,160,0,0,0,0,104,0,0,0,0,115,8136
2270,1,1,0,0,0,0,0,0,0,0,0,100,100,100,0,0,0,0,100,100,100,100.000000,1600,4960,32.258065,10,10,10,10,104,4,0,4,100,4960,160,0,0,0,0,104,0,0,0,0,112,8136
2271,1,1,0,0,0,0,0,0,0,0,0,100,100,100,0,0,0,0,100,100,100,100.000000,1600,4960,32.258065,10,10,10,10,104,4,0,4,100,4960,160,0,0,0,0,104,0,0,0,0,120,8136
2272,1,1,0,0,0,0,0,0,0,0,0,100,100,100,0,0,0,0,100,100,100,100.000000,1600,4960,32.258065,10,10,10,10,104,4,0,4,100,4960,160,0,0,0,0,104,0,0,0,0,115,8136
2273,1,1,0,0,0,0,0,0,0,0,0,100,100,100,0,0,0,0,100,100,100,100.000000,1600,4960,32.258065,10,10,10,10,104,4,0,4,100,4960,160,0,0,0,0,104,0,0,0,0,115,8136
2274,1,1,0,0,0,0,0,0,0,0,0,100,100,100,0,0,0,0,100,100,100,100.000000,1600,4960,32.258065,10,10,10,10,104,4,0,4,100,4960,160,0,0,0,0,104,0,0,0,0,115,8136
2275,1,1,0,0,0,0,0,0,0,0,0,100,100,100,0,0,0,0,100,100,100,100.000000,1600,4960,32.258065,10,10,10,10,104,4,0,4,100,4960,160,0,0,0,0,104,0,0,0,0,118,8136
2276,1,1,0,0,0,0,0,0,0,0,0,100,100,100,0,0,0,0,100,100,100,100.000000,1600,4960,32.258065,10,10,10,10,104,4,0,4,100,4960,160,0,0,0,0,104,0,0,0,0,114,8136
2277,1,1,0,0,0,0,0,0,0,0,0,100,100,100,0,0,0,0,100,100,100,100.000000,1600,4960,32.258065,10,10,10,10,104,4,0,4,100,4960,160,0,0,0,0,104,0,0,0,0,115,8136
2278,1,1,0,0,0,0,0,0,0,0,0,100,100,100,0,0,0,0,100,100,100,100.000000,1600,4960,32.258065,10,10,10,10,104,4,0,4,100,4960,160,0,0,0,0,104,0,0,0,0,116,8136
2279,1,1,0,0,0,0,0,0,0,0,0,100,100,100,0,0,0,0,100,100,100,100.000000,1600,4960,32.258065,10,10,10,10,104,4,0,4,100,4960,160,0,0,0,0,104,0,0,0,0,113,8136
2280,1,1,0,0,0,0,0,0,0,0,0,100,100,100,0,0,0,0,100,100,100,100.000000,1600,4960,32.258065,10,10,10,10,104,4,0,4,100,4960,160,0,0,0,0,104,0,0,0,0,155,8136
2281,1,1,0,0,0,0,0,0,0,0,0,100,100,100,0,0,0,0,100,100,100,100.000000,1600,4960,32.258065,10,10,10,10,104,4,0,4,100,4960,160,0,0,0,0,104,0,0,0,0,125,8136
2282,1,1,0,0,0,0,0,0,0,0,0,100,100,100,0,0,0,0,100,100,100,100.000000,1600,4960,32.258065,10,10,10,10,104,4,0,4,100,4960,160,0,0,0,0,104,0,0,0,0,115,8136
2283,1,1,0,0,0,0,0,0,0,0,0,100,100,100,0,0,0,0,100,100,100,100.000000,1600,4960,32.258065,10,10,10,10,104,4,0,4,100,4960,160,0,0,0,0,104,0,0,0,0,112,8136
2284,1,1,0,0,0,0,0,0,0,0,0,100,100,100,0,0,0,0,100,100,100,100.000000,1600,4960,32.258065,10,10,10,10,104,4,0,4,100,4960,160,0,0,0,0,104,0,0,0,0,110,8136
2285,1,1,0,0,0,0,0,0,0,0,0,100,100,100,0,0,0,0,100,100,100,100.000000,1600,4960,32.258065,10,10,10,10,104,4,0,4,100,4960,160,0,0,0,0,104,0,0,0,0,110,8136
2286,1,1,0,0,0,0,0,0,0,0,0,100,100,100,0,0,0,0,100,100,100,100.000000,1600,4960,32.258065,10,10,10,10,104,4,0,4,100,4960,160,0,0,0,0,104,0,0,0,0,111,8136
2287,1,1,0,0,0,0,0,0,0,0,0,100,100,100,0,0,0,0,100,100,100,100.000000,1600,4960,32.258065,10,10,10,10,104,4,0,4,100,4960,160,0,0,0,0,104,0,0,0,0,110,8136
2288,1,1,0,0,0,0,0,0,0,0,0,100,100,100,0,0,0,0,100,100,100,100.000000,1600,4960,32.258065,10,10,10,10,104,4,0,4,100,4960,160,0,0,0,0,104,0,0,0,0,115,8136
2289,1,1,0,0,0,0,0,0,0,0,0,100,100,100,0,0,0,0,100,100,100,100.000000,1600,4960,32.258065,10,10,10,10,104,4,0,4,100,4960,160,0,0,0,0,104,0,0,0,0,121,8136
2290,1,1,0,0,0,0,0,0,0,0,0,100,100,100,0,0,0,0,100,100,100,100.000000,1600,4960,32.258065,10,10,10,10,104,4,0,4,100,4960,160,0,0,0,0,104,0,0,0,0,134,8136
2291,1,1,0,0,0,0,0,0,0,0,0,100,100,100,0,0,0,0,100,100,100,100.000000,1600,4960,32.258065,10,10,10,10,104,4,0,4,100,4960,160,0,0,0,0,104,0,0,0,0,124,8136
2292,1,1,0,0,0,0,0,0,0,0,0,100,100,100,0,0,0,0,100,100,100,100.000000,1600,4960,32.258065,10,10,10,10,104,4,0,4,100,4960,160,0,0,0,0,104,0,0,0,0,104,8136
2293,1,1,0,0,0,0,0,0,0,0,0,100,100,100,0,0,0,0,100,100,100,100.000000,1600,4960,32.258065,10,10,10,10,104,4,0,4,100,4960,160,0,0,0,0,104,0,0,0,0,124,8136
2294,1,1,0,0,0,0,0,0,0,0,0,100,100,100,0,0,0,0,100,100,100,100.000000,1600,4960,32.258065,10,10,10,10,104,4,0,4,100,4960,160,0,0,0,0,104,0,0,0,0,107,8136
2295,1,1,0,0,0,0,0,0,0,0,0,100,100,100,0,0,0,0,100,100,100,100.000000,1600,4960,32.258065,10,10,10,10,104,4,0,4,100,4960,160,0,0,0,0,104,0,0,0,0,108,8136
2296,1,1,0,0,0,0,0,0,0,0,0,100,100,100,0,0,0,0,100,100,100,100.000000,1600,4960,32.258065,10,10,10,10,104,4,0,4,100,4960,160,0,0,0,0,104,0,0,0,0,114,8136
2297,1,1,0,0,0,0,0,0,0,0,0,100,100,100,0,0,0,0,100,100,100,100.000000,1600,4960,32.258065,10,10,10,10,104,4,0,4,100,4960,160,0,0,0,0,104,0,0,0,0,121,8136
2298,1,1,0,0,0,0,0,0,0,0,0,100,100,100,0,0,0,0,100,100,100,100.000000,1600,4960,32.258065,10,10,10,10,104,4,0,4,100,4960,160,0,0,0,0,104,0,0,0,0,161,8136
2299,1,1,0,0,0,0,0,0,0,0,0,100,100,100,0,0,0,0,100,100,100,100.000000,1600,4960,32.258065,10,10,10,10,104,4,0,4,100,4960,160,0,0,0,0,104,0,0,0,0,126,8136
2300,1,1,0,0,0,0,0,0,0,0,0,100,100,100,0,0,0,0,100,100,100,100.000000,1600,4960,32.258065,10,10,10,10,104,4,0,4,100,4960,160,0,0,0,0,104,0,0,0,0,107,8136
2301,1,1,0,0,0,0,0,0,0,0,0,100,100,100,0,0,0,0,100,100,100,100.000000,1600,4960,32.258065,10,10,10,10,104,4,0,4,100,4960,160,0,0,0,0,104,0,0,0,0,107,8136
2302,1,1,0,0,0,0,0,0,0,0,0,100,100,100,0,0,0,0,100,100,100,100.000000,1600,4960,32.258065,10,10,10,10,104,4,0,4,100,4960,160,0,0,0,0,104,0,0,0,0,114,8136
2303,1,1,0,0,0,0,0,0,0,0,0,100,100,100,0,0,0,0,100,100,100,100.000000,1600,4960,32.258065,10,10,10,10,104,4,0,4,100,4960,160,0,0,0,0,104,0,0,0,0,105,8136
2304,1,1,0,0,0,0,0,0,0,0,0,100,100,100,0,0,0,0,100,100,100,100.000000,1600,4960,32.258065,10,10,10,10,104,4,0,4,100,4960,160,0,0,0,0,104,0,0,0,0,120,8136
2305,1,1,0,0,0,0,0,0,0,0,0,100,100,100,0,0,0,0,100,100,100,100.000000,1600,4960,32.258065,10,10,10,10,104,4,0,4,100,4960,160,0,0,0,0,104,0,0,0,0,120,8136
2306,1,1,0,0,0,0,0,0,0,0,0,100,100,100,0,0,0,0,100,100,100,100.000000,1600,4960,32.258065,10,10,10,10,104,4,0,4,100,4960,160,0,0,0,0,104,0,0,0,0,122,8136
2307,1,1,0,0,0,0,0,0,0,0,0,100,100,100,0,0,0,0,100,100,100,100.000000,1600,4960,32.258065,10,10,10,10,104,4,0,4,100,4960,160,0,0,0,0,104,0,0,0,0,121,8136
2308,1,1,0,0,0,0,0,0,0,0,0,100,100,100,0,0,0,0,100,100,100,100.000000,1600,4960,32.258065,10,10,10,10,104,4,0,4,100,4960,160,0,0,0,0,104,0,0,0,0,107,8136
2309,1,1,0,0,0,0,0,0,0,0,0,100,100,100,0,0,0,0,100,100,100,100.000000,1600,4960,32.258065,10,10,10,10,104,4,0,4,100,4960,160,0,0,0,0,104,0,0,0,0,112,8136
2310,1,1,0,0,0,0,0,0,0,0,0,100,100,100,0,0,0,0,100,100,100,100.000000,1600,4960,32.258065,10,10,10,10,104,4,0,4,100,4960,160,0,0,0,0,104,0,0,0,0,105,8136
2311,1,1,0,0,0,0,0,0,0,0,0,100,100,100,0,0,0,0,100,100,100,100.000000,1600,4960,32.258065,10,10,10,10,104,4,0,4,100,4960,160,0,0,0,0,104,0,0,0,0,106,8136
2312,1,1,0,0,0,0,0,0,0,0,0,100,100,100,0,0,0,0,100,100,100,100.000000,1600,4960,32.258065,10,10,10,10,104,4,0,4,100,4960,160,0,0,0,0,104,0,0,0,0,122,8136
2313,1,1,0,0,0,0,0,0,0,0,0,100,100,100,0,0,0,0,100,100,100,100.000000,1600,4960,32.258065,10,10,10,10,104,4,0,4,100,4960,160,0,0,0,0,104,0,0,0,0,125,8136
2314,1,1,0,0,0,0,0,0,0,0,0,100,100,100,0,0,0,0,100,100,100,100.000000,1600,4960,32.258065,10,10,10,10,104,4,0,4,100,4960,160,0,0,0,0,104,0,0,0,0,124,8136
2315,1,1,0,0,0,0,0,0,0,0,0,100,100,100,0,0,0,0,100,100,100,100.000000,1600,4960,32.258065,10,10,10,10,104,4,0,4,100,4960,160,0,0,0,0,104,0,0,0,0,112,8136
2316,1,1,0,0,0,0,0,0,0,0,0,100,100,100,0,0,0,0,100,100,100,100.000000,1600,4960,32.258065,10,10,10,10,104,4,0,4,100,4960,160,0,0,0,0,104,0,0,0,0,109,8136
2317,1,1,0,0,0,0,0,0,0,0,0,100,100,100,0,0,0,0,100,100,100,100.000000,1600,4960,32.258065,10,10,10,10,104,4,0,4,100,4960,160,0,0,0,0,104,0,0,0,0,102,8136
2318,1,1,0,0,0,0,0,0,0,0,0,100,100,100,0,0,0,0,100,100,100,100.000000,1600,4960,32.258065,10,10,10,10,104,4,0,4,100,4960,160,0,0,0,0,104,0,0,0,0,115,8136
2319,1,1,0,0,0,0,0,0,0,0,0,100,100,100,0,0,0,0,100,100,100,100.000000,1600,4960,32.258065,10,10,10,10,104,4,0,4,100,4960,160,0,0,0,0,104,0,0,0,0,108,8136
2320,1,1,0,0,0,0,0,0,0,0,0,100,100,100,0,0,0,0,100,100,100,100.000000,1600,4960,32.258065,10,10,10,10,104,4,0,4,100,4960,160,0,0,0,0,104,0,0,0,0,117,8136
2321,1,1,0,0,0,0,0,0,0,0,0,100,100,100,0,0,0,0,100,100,100,100.000000,1600,4960,32.258065,10,10,10,10,104,4,0,4,100,4960,160,0,0,0,0,104,0,0,0,0,111,8136
2322,1,1,0,0,0,0,0,0,0,0,0,100,100,100,0,0,0,0,100,100,100,100.000000,1600,4960,32.258065,10,10,10,10,104,4,0,4,100,4960,160,0,0,0,0,104,0,0,0,0,114,8136
2323,1,1,0,0,0,0,0,0,0,0,0,100,100,100,0,0,0,0,100,100,100,100.000000,1600,4960,32.258065,10,10,10,10,104,4,0,4,100,4960,160,0,0,0,0,104,0,0,0,0,106,8136
2324,1,1,0,0,0,0,0,0,0,0,0,100,100,100,0,0,0,0,100,100,100,100.000000,1600,4960,32.258065,10,10,10,10,104,4,0,4,100,4960,160,0,0,0,0,104,0,0,0,0,101,8136
2325,1,1,0,0,0,0,0,0,0,0,0,100,100,100,0,0,0,0,100,100,100,100.000000,1600,4960,32.258065,10,10,10,10,104,4,0,4,100,4960,160,0,0,0,0,104,0,0,0,0,101,8136
2326,1,1,0,0,0,0,0,0,0,0,0,100,100,100,0,0,0,0,100,100,100,100.000000,1600,4960,32.258065,10,10,10,10,104,4,0,4,100,4960,160,0,0,0,0,104,0,0,0,0,107,8136
2327,1,1,0,0,0,0,0,0,0,0,0,100,100,100,0,0,0,0,100,100,100,100.000000,1600,4960,32.258065,10,10,10,10,104,4,0,4,100,4960,160,0,0,0,0,104,0,0,0,0,109,8136
2328,1,1,0,0,0,0,0,0,0,0,0,100,100,100,0,0,0,0,100,100,100,100.000000,1600,4960,32.258065,10,10,10,10,104,4,0,4,100,4960,160,0,0,0,0,104,0,0,0,0,114,8136
2329,1,1,0,0,0,0,0,0,0,0,0,100,100,100,0,0,0,0,100,100,100,100.000000,1600,4960,32.258065,10,10,10,10,104,4,0,4,100,4960,160,0,0,0,0,104,0,0,0,0,141,8136
2330,1,1,0,0,0,0,0,0,0,0,0,100,100,100,0,0,0,0,100,100,100,100.000000,1600,4960,32.258065,10,10,10,10,104,4,0,4,100,4960,160,0,0,0,0,104,0,0,0,0,110,8136
2331,1,1,0,0,0,0,0,0,0,0,0,100,100,100,0,0,0,0,100,100,100,100.000000,1600,4960,32.258065,10,10,10,10,104,4,0,4,100,4960,160,0,0,0,0,104,0,0,0,0,103,8136
2332,1,1,0,0,0,0,0,0,0,0,0,100,100,100,0,0,0,0,100,100,100,100.000000,1600,4960,32.258065,10,10,10,10,104,4,0,4,100,4960,160,0,0,0,0,104,0,0,0,0,107,8136
2333,1,1,0,0,0,0,0,0,0,0,0,100,100,100,0,0,0,0,100,100,100,100.000000,1600,4960,32.258065,10,10,10,10,104,4,0,4,100,4960,160,0,0,0,0,104,0,0,0,0,105,8136
2334,1,1,0,0,0,0,0,0,0,0,0,100,100,100,0,0,0,0,100,100,100,100.000000,1600,4960,32.258065,10,10,10,10,104,4,0,4,100,4960,160,0,0,0,0,104,0,0,0,0,104,8136
2335,1,1,0,0,0,0,0,0,0,0,0,100,100,100,0,0,0,0,100,100,100,100.000000,1600,4960,32.258065,10,10,10,10,104,4,0,4,100,4960,160,0,0,0,0,104,0,0,0,0,123,8136
2336,1,1,0,0,0,0,0,0,0,0,0,100,100,100,0,0,0,0,100,100,100,100.000000,1600,4960,32.258065,10,10,10,10,104,4,0,4,100,4960,160,0,0,0,0,104,0,0,0,0,118,8136
2337,1,1,0,0,0,0,0,0,0,0,0,100,100,100,0,0,0,0,100,100,100,100.000000,1600,4960,32.258065,10,10,10,10,104,4,0,4,100,4960,160,0,0,0,0,104,0,0,0,0,122,8136
2338,1,1,0,0,0,0,0,0,0,0,0,100,100,100,0,0,0,0,100,100,100,100.000000,1600,4960,32.258065,10,10,10,10,104,4,0,4,100,4960,160,0,0,0,0,104,0,0,0,0,117,8136
2339,1,1,0,0,0,0,0,0,0,0,0,100,100,100,0,0,0,0,100,100,100,100.000000,1600,4960,32.258065,10,10,10,10,104,4,0,4,100,4960,160,0,0,0,0,104,0,0,0,0,110,8136
2340,1,1,0,0,0,0,0,0,0,0,0,100,100,100,0,0,0,0,100,100,100,100.000000,1600,4960,32.258065,10,10,10,10,104,4,0,4,100,4960,160,0,0,0,0,104,0,0,0,0,106,8136
2341,1,1,0,0,0,0,0,0,0,0,0,100,100,100,0,0,0,0,100,100,100,100.000000,1600,4960,32.258065,10,10,10,10,104,4,0,4,100,4960,160,0,0,0,0,104,0,0,0,0,109,8136
2342,1,1,0,0,0,0,0,0,0,0,0,100,100,100,0,0,0,0,100,100,100,100.000000,1600,4960,32.258065,10,10,10,10,104,4,0,4,100,4960,160,0,0,0,0,104,0,0,0,0,113,8136
2343,1,1,0,0,0,0,0,0,0,0,0,100,100,100,0,0,0,0,100,100,100,100.000000,1600,4960,32.258065,10,10,10,10,104,4,0,4,100,4960,160,0,0,0,0,104,0,0,0,0,118,8136
2344,1,1,0,0,0,0,0,0,0,0,0,100,100,100,0,0,0,0,100,100,100,100.000000,1600,4960,32.258065,10,10,10,10,104,4,0,4,100,4960,160,0,0,0,0,104,0,0,0,0,116,8136
2345,1,1,0,0,0,0,0,0,0,0,0,100,100,100,0,0,0,0,100,100,100,100.000000,1600,4960,32.258065,10,10,10,10,104,4,0,4,100,4960,160,0,0,0,0,104,0,0,0,0,126,8136
2346,1,1,0,0,0,0,0,0,0,0,0,100,100,100,0,0,0,0,100,100,100,100.000000,1600,4960,32.258065,10,10,10,10,104,4,0,4,100,4960,160,0,0,0,0,104,0,0,0,0,124,8136
2347,1,1,0,0,0,0,0,0,0,0,0,100,100,100,0,0,0,0,100,100,100,100.000000,1600,4960,32.258065,10,10,10,10,104,4,0,4,100,4960,160,0,0,0,0,104,0,0,0,0,107,8136
2348,1,1,0,0,0,0,0,0,0,0,0,100,100,100,0,0,0,0,100,100,100,100.000000,1600,4960,32.258065,10,10,10,10,104,4,0,4,100,4960,160,0,0,0,0,104,0,0,0,0,135,8136
2349,1,1,0,0,0,0,0,0,0,0,0,100,100,100,0,0,0,0,100,100,100,100.000000,1600,4960,32.258065,10,10,10,10,104,4,0,4,100,4960,160,0,0,0,0,104,0,0,0,0,112,8136
2350,1,1,0,0,0,0,0,0,0,0,0,100,100,100,0,0,0,0,100,100,100,100.000000,1600,4960,32.258065,10,10,10,10,104,4,0,4,100,4960,160,0,0,0,0,104,0,0,0,0,112,8136
2351,1,1,0,0,0,0,0,0,0,0,0,100,100,100,0,0,0,0,100,100,100,100.000000,1600,4960,32.258065,10,10,10,10,104,4,0,4,100,4960,160,0,0,0,0,104,0,0,0,0,108,8136
2352,1,1,0,0,0,0,0,0,0,0,0,100,100,100,0,0,0,0,100,100,100,100.000000,1600,4960,32.258065,10,10,10,10,104,4,0,4,100,4960,160,0,0,0,0,104,0,0,0,0,108,8136
2353,1,1,0,0,0,0,0,0,0,0,0,100,100,100,0,0,0,0,100,100,100,100.000000,1600,4960,32.258065,10,10,10,10,104,4,0,4,100,4960,160,0,0,0,0,104,0,0,0,0,114,8136
2354,1,1,0,0,0,0,0,0,0,0,0,100,100,100,0,0,0,0,100,100,100,100.000000,1600,4960,32.258065,10,10,10,10,104,4,0,4,100,4960,160,0,0,0,0,104,0,0,0,0,116,8136
2355,1,1,0,0,0,0,0,0,0,0,0,100,100,100,0,0,0,0,100,100,100,100.000000,1600,4960,32.258065,10,10,10,10,104,4,0,4,100,4960,160,0,0,0,0,104,0,0,0,0,111,8136
2356,1,1,0,0,0,0,0,0,0,0,0,100,100,100,0,0,0,0,100,100,100,100.000000,1600,4960,32.258065,10,10,10,10,104,4,0,4,100,4960,160,0,0,0,0,104,0,0,0,0,107,8136
2357,1,1,0,0,0,0,0,0,0,0,0,100,100,100,0,0,0,0,100,100,100,100.000000,1600,4960,32.258065,10,10,10,10,104,4,0,4,100,4960,160,0,0,0,0,104,0,0,0,0,109,8136
2358,1,1,0,0,0,0,0,0,0,0,0,100,100,100,0,0,0,0,100,100,100,100.000000,1600,4960,32.258065,10,10,10,10,104,4,0,4,100,4960,160,0,0,0,0,104,0,0,0,0,118,8136
2359,1,1,0,0,0,0,0,0,0,0,0,100,100,100,0,0,0,0,100,100,100,100.000000,1600,4960,32.258065,10,10,10,10,104,4,0,4,100,4960,160,0,0,0,0,104,0,0,0,0,112,8136
2360,1,1,0,0,0,0,0,0,0,0,0,100,100,100,0,0,0,0,100,100,100,100.000000,1600,4960,32.258065,10,10,10,10,104,4,0,4,100,4960,160,0,0,0,0,104,0,0,0,0,116,8136
2361,1,1,0,0,0,0,0,0,0,0,0,100,100,100,0,0,0,0,100,100,100,100.000000,1600,4960,32.258065,10,10,10,10,104,4,0,4,100,4960,160,0,0,0,0,104,0,0,0,0,115,8136
2362,1,1,0,0,0,0,0,0,0,0,0,100,100,100,0,0,0,0,100,100,100,100.000000,1600,4960,32.258065,10,10,10,10,104,4,0,4,100,4960,160,0,0,0,0,104,0,0,0,0,118,8136
2363,1,1,0,0,0,0,0,0,0,0,0,100,100,100,0,0,0,0,100,100,100,100.000000,1600,4960,32.258065,10,10,10,10,104,4,0,4,100,4960,160,0,0,0,0,104,0,0,0,0,105,8136
2364,1,1,0,0,0,0,0,0,0,0,0,100,100,100,0,0,0,0,100,100,100,100.000000,1600,4960,32.258065,10,10,10,10,104,4,0,4,100,4960,160,0,0,0,0,104,0,0,0,0,109,8136
2365,1,1,0,0,0,0,0,0,0,0,0,100,100,100,0,0,0,0,100,100,100,100.000000,1600,4960,32.258065,10,10,10,10,104,4,0,4,100,4960,160,0,0,0,0,104,0,0,0,0,120,8136
2366,1,1,0,0,0,0,0,0,0,0,0,100,100,100,0,0,0,0,100,100,100,100.000000,1600,4960,32.258065,10,10,10,10,104,4,0,4,100,4960,160,0,0,0,0,104,0,0,0,0,116,8136
2367,1,1,0,0,0,0,0,0,0,0,0,100,100,100,0,0,0,0,100,100,100,100.000000,1600,4960,32.258065,10,10,10,10,104,4,0,4,100,4960,160,0,0,0,0,104,0,0,0,0,119,8136
2368,1,1,0,0,0,0,0,0,0,0,0,100,100,100,0,0,0,0,100,100,100,100.000000,1600,4960,32.258065,10,10,10,10,104,4,0,4,100,4960,160,0,0,0,0,104,0,0,0,0,123,8136
2369,1,1,0,0,0,0,0,0,0,0,0,100,100,100,0,0,0,0,100,100,100,100.000000,1600,4960,32.258065,10,10,10,10,104,4,0,4,100,4960,160,0,0,0,0,104,0,0,0,0,139,8136
2370,1,1,0,0,0,0,0,0,0,0,0,100,100,100,0,0,0,0,100,100,100,100.000000,1600,4960,32.258065,10,10,10,10,104,4,0,4,100,4960,160,0,0,0,0,104,0,0,0,0,112,8136
2371,1,1,0,0,0,0,0,0,0,0,0,100,100,100,0,0,0,0,100,100,100,100.000000,1600,4960,32.258065,10,10,10,10,104,4,0,4,100,4960,160,0,0,0,0,104,0,0,0,0,107,8136
2372,1,1,0,0,0,0,0,0,0,0,0,100,100,100,0,0,0,0,100,100,100,100.000000,1600,4960,32.258065,10,10,10,10,104,4,0,4,100,4960,160,0,0,0,0,104,0,0,0,0,103,8136
2373,1,1,0,0,0,0,0,0,0,0,0,100,100,100,0,0,0,0,100,100,100,100.000000,1600,4960,32.258065,10,10,10,10,104,4,0,4,100,4960,160,0,0,0,0,104,0,0,0,0,119,8136
2374,1,1,0,0,0,0,0,0,0,0,0,100,100,100,0,0,0,0,100,100,100,100.000000,1600,4960,32.258065,10,10,10,10,104,4,0,4,100,4960,160,0,0,0,0,104,0,0,0,0,119,8136
2375,1,1,0,0,0,0,0,0,0,0,0,100,100,100,0,0,0,0,100,100,100,100.000000,1600,4960,32.258065,10,10,10,10,104,4,0,4,100,4960,160,0,0,0,0,104,0,0,0,0,117,8136
2376,1,1,0,0,0,0,0,0,0,0,0,100,100,100,0,0,0,0,100,100,100,100.000000,1600,4960,32.258065,10,10,10,10,104,4,0,4,100,4960,160,0,0,0,0,104,0,0,0,0,126,8136
2377,1,1,0,0,0,0,0,0,0,0,0,100,100,100,0,0,0,0,100,100,100,100.000000,1600,4960,32.258065,10,10,10,10,104,4,0,4,100,4960,160,0,0,0,0,104,0,0,0,0,126,8136
2378,1,1,0,0,0,0,0,0,0,0,0,100,100,100,0,0,0,0,100,100,100,100.000000,1600,4960,32.258065,10,10,10,10,104,4,0,4,100,4960,160,0,0,0,0,104,0,0,0,0,116,8136
2379,1,1,0,0,0,0,0,0,0,0,0,100,100,100,0,0,0,0,100,100,100,100.000000,1600,4960,32.258065,10,10,10,10,104,4,0,4,100,4960,160,0,0,0,0,104,0,0,0,0,109,8136
2380,1,1,0,0,0,0,0,0,0,0,0,100,100,100,0,0,0,0,100,100,100,100.000000,1600,4960,32.258065,10,10,10,10,104,4,0,4,100,4960,160,0,0,0,0,104,0,0,0,0,110,8136
2381,1,1,0,0,0,0,0,0,0,0,0,100,100,100,0,0,0,0,100,100,100,100.000000,1600,4960,32.258065,10,10,10,10,104,4,0,4,100,4960,160,0,0,0,0,104,0,0,0,0,157,8136
2382,1,1,0,0,0,0,0,0,0,0,0,100,100,100,0,0,0,0,100,100,100,100.000000,1600,4960,32.258065,10,10,10,10,104,4,0,4,100,4960,160,0,0,0,0,104,0,0,0,0,112,8136
2383,1,1,0,0,0,0,0,0,0,0,0,100,100,100,0,0,0,0,100,100,100,100.000000,1600,4960,32.258065,10,10,10,10,104,4,0,4,100,4960,160,0,0,0,0,104,0,0,0,0,108,8136
2384,1,1,0,0,0,0,0,0,0,0,0,100,100,100,0,0,0,0,100,100,100,100.000000,1600,4960,32.258065,10,10,10,10,104,4,0,4,100,4960,160,0,0,0,0,104,0,0,0,0,120,8136
2385,1,1,0,0,0,0,0,0,0,0,0,100,100,100,0,0,0,0,100,100,100,100.000000,1600,4960,32.258065,10,10,10,10,104,4,0,4,100,4960,160,0,0,0,0,104,0,0,0,0,129,8136
2386,1,1,0,0,0,0,0,0,0,0,0,100,100,100,0,0,0,0,100,100,100,100.000000,1600,4960,32.258065,10,10,10,10,104,4,0,4,100,4960,160,0,0,0,0,104,0,0,0,0,123,8136
2387,1,1,0,0,0,0,0,0,0,0,0,100,100,100,0,0,0,0,100,100,100,100.000000,1600,4960,32.258065,10,10,10,10,104,4,0,4,100,4960,160,0,0,0,0,104,0,0,0,0,116,8136
2388,1,1,0,0,0,0,0,0,0,0,0,100,100,100,0,0,0,0,100,100,100,100.000000,1600,4960,32.258065,10,10,10,10,104,4,0,4,100,4960,160,0,0,0,0,104,0,0,0,0,112,8136
2389,1,1,0,0,0,0,0,0,0,0,0,100,100,100,0,0,0,0,100,100,100,100.000000,1600,4960,32.258065,10,10,10,10,104,4,0,4,100,4960,160,0,0,0,0,104,0,0,0,0,112,8136
2390,1,1,0,0,0,0,0,0,0,0,0,100,100,100,0,0,0,0,100,100,100,100.000000,1600,4960,32.258065,10,10,10,10,104,4,0,4,100,4960,160,0,0,0,0,104,0,0,0,0,114,8136
2391,1,1,0,0,0,0,0,0,0,0,0,100,100,100,0,0,0,0,100,100,100,100.000000,1600,4960,32.258065,10,10,10,10,104,4,0,4,100,4960,160,0,0,0,0,104,0,0,0,0,107,8136
2392,1,1,0,0,0,0,0,0,0,0,0,100,100,100,0,0,0,0,100,100,100,100.000000,1600,4960,32.258065,10,10,10,10,104,4,0,4,100,4960,160,0,0,0,0,104,0,0,0,0,116,8136
2393,1,1,0,0,0,0,0,0,0,0,0,100,100,100,0,0,0,0,100,100,100,100.000000,1600,4960,32.258065,10,10,10,10,104,4,0,4,100,4960,160,0,0,0,0,104,0,0,0,0,123,8136
2394,1,1,0,0,0,0,0,0,0,0,0,100,100,100,0,0,0,0,100,100,100,100.000000,1600,4960,32.258065,10,10,10,10,104,4,0,4,100,4960,160,0,0,0,0,104,0,0,0,0,126,8136
2395,1,1,0,0,0,0,0,0,0,0,0,100,100,100,0,0,0,0,100,100,100,100.000000,1600,4960,32.258065,10,10,10,10,104,4,0,4,100,4960,160,0,0,0,0,104,0,0,0,0,119,8136
2396,1,1,0,0,0,0,0,0,0,0,0,100,100,100,0,0,0,0,100,100,100,100.000000,1600,4960,32.258065,10,10,10,10,104,4,0,4,100,4960,160,0,0,0,0,104,0,0,0,0,115,8136
2397,1,1,0,0,0,0,0,0,0,0,0,100,100,100,0,0,0,0,100,100,100,100.000000,1600,4960,32.258065,10,10,10,10,104,4,0,4,100,4960,160,0,0,0,0,104,0,0,0,0,112,8136
2398,1,1,0,0,0,0,0,0,0,0,0,100,100,100,0,0,0,0,100,100,100,100.000000,1600,4960,32.258065,10,10,10,10,104,4,0,4,100,4960,160,0,0,0,0,104,0,0,0,0,108,8136
2399,1,1,0,0,0,0,0,0,0,0,0,100,100,100,0,0,0,0,100,100,100,100.000000,1600,4960,32.258065,10,10,10,10,104,4,0,4,100,4960,160,0,0,0,0,104,0,0,0,0,110,8136
2400,1,1,0,0,0,0,0,0,0,0,0,100,100,100,0,0,0,0,100,100,100,100.000000,1600,4960,32.258065,10,10,10,10,104,4,0,4,100,4960,160,0,0,0,0,104,0,0,0,0,115,8136
2401,1,1,0,0,0,0,0,0,0,0,0,100,100,100,0,0,0,0,100,100,100,100.000000,1600,4960,32.258065,10,10,10,10,104,4,0,4,100,4960,160,0,0,0,0,104,0,0,0,0,112,8136
2402,1,1,0,0,0,0,0,0,0,0,0,100,100,100,0,0,0,0,100,100,100,100.000000,1600,4960,32.258065,10,10,10,10,104,4,0,4,100,4960,160,0,0,0,0,104,0,0,0,0,118,8136
2403,1,1,0,0,0,0,0,0,0,0,0,100,100,100,0,0,0,0,100,100,100,100.000000,1600,4960,32.258065,10,10,10,10,104,4,0,4,100,4960,160,0,0,0,0,104,0,0,0,0,112,8136
2404,1,1,0,0,0,0,0,0,0,0,0,100,100,100,0,0,0,0,100,100,100,100.000000,1600,4960,32.258065,10,10,10,10,104,4,0,4,100,4960,160,0,0,0,0,104,0,0,0,0,120,8136
2405,1,1,0,0,0,0,0,0,0,0,0,100,100,100,0,0,0,0,100,100,100,100.000000,1600,4960,32.258065,10,10,10,10,104,4,0,4,100,4960,160,0,0,0,0,104,0,0,0,0,108,8136
2406,1,1,0,0,0,0,0,0,0,0,0,100,100,100,0,0,0,0,100,100,100,100.000000,1600,4960,32.258065,10,10,10,10,104,4,0,4,100,4960,160,0,0,0,0,104,0,0,0,0,109,8136
2407,1,1,0,0,0,0,0,0,0,0,0,100,100,100,0,0,0,0,100,100,100,100.000000,1600,4960,32.258065,10,10,10,10,104,4,0,4,100,4960,160,0,0,0,0,104,0,0,0,0,105,8136
2408,1,1,0,0,0,0,0,0,0,0,0,100,100,100,0,0,0,0,100,100,100,100.000000,1600,4960,32.258065,10,10,10,10,104,4,0,4,100,4960,160,0,0,0,0,104,0,0,0,0,111,8136
2409,1,1,0,0,0,0,0,0,0,0,0,100,100,100,0,0,0,0,100,100,100,100.000000,1600,4960,32.258065,10,10,10,10,104,4,0,4,100,4960,160,0,0,0,0,104,0,0,0,0,114,8136
2410,1,1,0,0,0,0,0,0,0,0,0,100,100,100,0,0,0,0,100,100,100,100.000000,1600,4960,32.258065,10,10,10,10,104,4,0,4,100,4960,160,0,0,0,0,104,0,0,0,0,116,8136
2411,1,1,0,0,0,0,0,0,0,0,0,100,100,100,0,0,0,0,100,100,100,100.000000,1600,4960,32.258065,10,10,10,10,104,4,0,4,100,4960,160,0,0,0,0,104,0,0,0,0,103,8136
2412,1,1,0,0,0,0,0,0,0,0,0,100,100,100,0,0,0,0,100,100,100,100.000000,1600,4960,32.258065,10,10,10,10,104,4,0,4,100,4960,160,0,0,0,0,104,0,0,0,0,115,8136
2413,1,1,0,0,0,0,0,0,0,0,0,100,100,100,0,0,0,0,100,100,100,100.000000,1600,4960,32.258065,10,10,10,10,104,4,0,4,100,4960,160,0,0,0,0,104,0,0,0,0,105,8136
2414,1,1,0,0,0,0,0,0,0,0,0,100,100,100,0,0,0,0,100,100,100,100.000000,1600,4960,32.258065,10,10,10,10,104,4,0,4,100,4960,160,0,0,0,0,104,0,0,0,0,113,8136
2415,1,1,0,0,0,0,0,0,0,0,0,100,100,100,0,0,0,0,100,100,100,100.000000,1600,4960,32.258065,10,10,10,10,104,4,0,4,100,4960,160,0,0,0,0,104,0,0,0,0,112,8136
2416,1,1,0,0,0,0,0,0,0,0,0,100,100,100,0,0,0,0,100,100,100,100.000000,1600,4960,32.258065,10,10,10,10,104,4,0,4,100,4960,160,0,0,0,0,104,0,0,0,0,125,8136
2417,1,1,0,0,0,0,0,0,0,0,0,100,100,100,0,0,0,0,100,100,100,100.000000,1600,4960,32.258065,10,10,10,10,104,4,0,4,100,4960,160,0,0,0,0,104,0,0,0,0,121,8136
2418,1,1,0,0,0,0,0,0,0,0,0,100,100,100,0,0,0,0,100,100,100,100.000000,1600,4960,32.258065,10,10,10,10,104,4,0,4,100,4960,160,0,0,0,0,104,0,0,0,0,121,8136
2419,1,1,0,0,0,0,0,0,0,0,0,100,100,100,0,0,0,0,100,100,100,100.000000,1600,4960,32.258065,10,10,10,10,104,4,0,4,100,4960,160,0,0,0,0,104,0,0,0,0,112,8136
2420,1,1,0,0,0,0,0,0,0,0,0,100,100,100,0,0,0,0,100,100,100,100.000000,1600,4960,32.258065,10,10,10,10,104,4,0,4,100,4960,160,0,0,0,0,104,0,0,0,0,116,8136
2421,1,1,0,0,0,0,0,0,0,0,0,100,100,100,0,0,0,0,100,100,100,100.000000,1600,4960,32.258065,10,10,10,10,104,4,0,4,100,4960,160,0,0,0,0,104,0,0,0,0,106,8136
2422,1,1,0,0,0,0,0,0,0,0,0,100,100,100,0,0,0,0,100,100,100,100.000000,1600,4960,32.258065,10,10,10,10,104,4,0,4,100,4960,160,0,0,0,0,104,0,0,0,0,116,8136
2423,1,1,0,0,0,0,0,0,0,0,0,100,100,100,0,0,0,0,100,100,100,100.000000,1600,4960,32.258065,10,10,10,10,104,4,0,4,100,4960,160,0,0,0,0,104,0,0,0,0,110,8136
2424,1,1,0,0,0,0,0,0,0,0,0,100,100,100,0,0,0,0,100,100,100,100.000000,1600,4960,32.258065,10,10,10,10,104,4,0,4,100,4960,160,0,0,0,0,104,0,0,0,0,119,8136
2425,1,1,0,0,0,0,0,0,0,0,0,100,100,100,0,0,0,0,100,100,100,100.000000,1600,4960,32.258065,10,10,10,10,104,4,0,4,100,4960,160,0,0,0,0,104,0,0,0,0,128,8136
2426,1,1,0,0,0,0,0,0,0,0,0,100,100,100,0,0,0,0,100,100,100,100.000000,1600,4960,32.258065,10,10,10,10,104,4,0,4,100,4960,160,0,0,0,0,104,0,0,0,0,131,8136
2427,1,1,0,0,0,0,0,0,0,0,0,100,100,100,0,0,0,0,100,100,100,100.000000,1600,4960,32.258065,10,10,10,10,104,4,0,4,100,4960,160,0,0,0,0,104,0,0,0,0,114,8136
2428,1,1,0,0,0,0,0,0,0,0,0,100,100,100,0,0,0,0,100,100,100,100.000000,1600,4960,32.258065,10,10,10,10,104,4,0,4,100,4960,160,0,0,0,0,104,0,0,0,0,117,8136
2429,1,1,0,0,0,0,0,0,0,0,0,100,100,100,0,0,0,0,100,100,100,100.000000,1600,4960,32.258065,10,10,10,10,104,4,0,4,100,4960,160,0,0,0,0,104,0,0,0,0,129,8136
2430,1,1,0,0,0,0,0,0,0,0,0,100,100,100,0,0,0,0,100,100,100,100.000000,1600,4960,32.258065,10,10,10,10,104,4,0,4,100,4960,160,0,0,0,0,104,0,0,0,0,110,8136
2431,1,1,0,0,0,0,0,0,0,0,0,100,100,100,0,0,0,0,100,100,100,100.000000,1600,4960,32.258065,10,10,10,10,104,4,0,4,100,4960,160,0,0,0,0,104,0,0,0,0,109,8136
2432,1,1,0,0,0,0,0,0,0,0,0,100,100,100,0,0,0,0,100,100,100,100.000000,1600,4960,32.258065,10,10,10,10,104,4,0,4,100,4960,160,0,0,0,0,104,0,0,0,0,130,8136
2433,1,1,0,0,0,0,0,0,0,0,0,100,100,100,0,0,0,0,100,100,100,100.000000,1600,4960,32.258065,10,10,10,10,104,4,0,4,100,4960,160,0,0,0,0,104,0,0,0,0,137,8136
2434,1,1,0,0,0,0,0,0,0,0,0,100,100,100,0,0,0,0,100,100,100,100.000000,1600,4960,32.258065,10,10,10,10,104,4,0,4,100,4960,160,0,0,0,0,104,0,0,0,0,122,8136
2435,1,1,0,0,0,0,0,0,0,0,0,100,100,100,0,0,0,0,100,100,100,100.000000,1600,4960,32.258065,10,10,10,10,104,4,0,4,100,4960,160,0,0,0,0,104,0,0,0,0,109,8136
2436,1,1,0,0,0,0,0,0,0,0,0,100,100,100,0,0,0,0,100,100,100,100.000000,1600,4960,32.258065,10,10,10,10,104,4,0,4,100,4960,160,0,0,0,0,104,0,0,0,0,104,8136
2437,1,1,0,0,0,0,0,0,0,0,0,100,100,100,0,0,0,0,100,100,100,100.000000,1600,4960,32.258065,10,10,10,10,104,4,0,4,100,4960,160,0,0,0,0,104,0,0,0,0,107,8136
2438,1,1,0,0,0,0,0,0,0,0,0,100,100,100,0,0,0,0,100,100,100,100.000000,1600,4960,32.258065,10,10,10,10,104,4,0,4,100,4960,160,0,0,0,0,104,0,0,0,0,110,8136
2439,1,1,0,0,0,0,0,0,0,0,0,100,100,100,0,0,0,0,100,100,100,100.000000,1600,4960,32.258065,10,10,10,10,104,4,0,4,100,4960,160,0,0,0,0,104,0,0,0,0,109,8136
2440,1,1,0,0,0,0,0,0,0,0,0,100,100,100,0,0,0,0,100,100,100,100.000000,1600,4960,32.258065,10,10,10,10,104,4,0,4,100,4960,160,0,0,0,0,104,0,0,0,0,115,8136
2441,1,1,0,0,0,0,0,0,0,0,0,100,100,100,0,0,0,0,100,100,100,100.000000,1600,4960,32.258065,10,10,10,10,104,4,0,4,100,4960,160,0,0,0,0,104,0,0,0,0,124,8136
2442,1,1,0,0,0,0,0,0,0,0,0,100,100,100,0,0,0,0,100,100,100,100.000000,1600,4960,32.258065,10,10,10,10,104,4,0,4,100,4960,160,0,0,0,0,104,0,0,0,0,131,8136
2443,1,1,0,0,0,0,0,0,0,0,0,100,100,100,0,0,0,0,100,100,100,100.000000,1600,4960,32.258065,10,10,10,10,104,4,0,4,100,4960,160,0,0,0,0,104,0,0,0,0,120,8136
2444,1,1,0,0,0,0,0,0,0,0,0,100,100,100,0,0,0,0,100,100,100,100.000000,1600,4960,32.258065,10,10,10,10,104,4,0,4,100,4960,160,0,0,0,0,104,0,0,0,0,112,8136
2445,1,1,0,0,0,0,0,0,0,0,0,100,100,100,0,0,0,0,100,100,100,100.000000,1600,4960,32.258065,10,10,10,10,104,4,0,4,100,4960,160,0,0,0,0,104,0,0,0,0,105,8136
2446,1,1,0,0,0,0,0,0,0,0,0,100,100,100,0,0,0,0,100,100,100,100.000000,1600,4960,32.258065,10,10,10,10,104,4,0,4,100,4960,160,0,0,0,0,104,0,0,0,0,108,8136
2447,1,1,0,0,0,0,0,0,0,0,0,100,100,100,0,0,0,0,100,100,100,100.000000,1600,4960,32.258065,10,10,10,10,104,4,0,4,100,4960,160,0,0,0,0,104,0,0,0,0,107,8136
2448,1,1,0,0,0,0,0,0,0,0,0,100,100,100,0,0,0,0,100,100,100,100.000000,1600,4960,32.258065,10,10,10,10,104,4,0,4,100,4960,160,0,0,0,0,104,0,0,0,0,120,8136
2449,1,1,0,0,0,0,0,0,0,0,0,100,100,100,0,0,0,0,100,100,100,100.000000,1600,4960,32.258065,10,10,10,10,104,4,0,4,100,4960,160,0,0,0,0,104,0,0,0,0,119,8136
2450,1,1,0,0,0,0,0,0,0,0,0,100,100,100,0,0,0,0,100,100,100,100.000000,1600,4960,32.258065,10,10,10,10,104,4,0,4,100,4960,160,0,0,0,0,104,0,0,0,0,122,8136
2451,1,1,0,0,0,0,0,0,0,0,0,100,100,100,0,0,0,0,100,100,100,100.000000,1600,4960,32.258065,10,10,10,10,104,4,0,4,100,4960,160,0,0,0,0,104,0,0,0,0,116,8136
2452,1,1,0,0,0,0,0,0,0,0,0,100,100,100,0,0,0,0,100,100,100,100.000000,1600,4960,32.258065,10,10,10,10,104,4,0,4,100,4960,160,0,0,0,0,104,0,0,0,0,112,8136
2453,1,1,0,0,0,0,0,0,0,0,0,100,100,100,0,0,0,0,100,100,100,100.000000,1600,4960,32.258065,10,10,10,10,104,4,0,4,100,4960,160,0,0,0,0,104,0,0,0,0,114,8136
2454,1,1,0,0,0,0,0,0,0,0,0,100,100,100,0,0,0,0,100,100,100,100.000000,1600,4960,32.258065,10,10,10,10,104,4,0,4,100,4960,160,0,0,0,0,104,0,0,0,0,128,8136
2455,1,1,0,0,0,0,0,0,0,0,0,100,100,100,0,0,0,0,100,100,100,100.000000,1600,4960,32.258065,10,10,10,10,104,4,0,4,100,4960,160,0,0,0,0,104,0,0,0,0,120,8136
2456,1,1,0,0,0,0,0,0,0,0,0,100,100,100,0,0,0,0,100,100,100,100.000000,1600,4960,32.258065,10,10,10,10,104,4,0,4,100,4960,160,0,0,0,0,104,0,0,0,0,119,8136
2457,1,1,0,0,0,0,0,0,0,0,0,100,100,100,0,0,0,0,100,100,100,100.000000,1600,4960,32.258065,10,10,10,10,104,4,0,4,100,4960,160,0,0,0,0,104,0,0,0,0,120,8136
2458,1,1,0,0,0,0,0,0,0,0,0,100,100,100,0,0,0,0,100,100,100,100.000000,1600,4960,32.258065,10,10,10,10,104,4,0,4,100,4960,160,0,0,0,0,104,0,0,0,0,120,8136
2459,1,1,0,0,0,0,0,0,0,0,0,100,100,100,0,0,0,0,100,100,100,100.000000,1600,4960,32.258065,10,10,10,10,104,4,0,4,100,4960,160,0,0,0,0,104,0,0,0,0,118,8136
2460,1,1,0,0,0,0,0,0,0,0,0,100,100,100,0,0,0,0,100,100,100,100.000000,1600,4960,32.258065,10,10,10,10,104,4,0,4,100,4960,160,0,0,0,0,104,0,0,0,0,114,8136
2461,1,1,0,0,0,0,0,0,0,0,0,100,100,100,0,0,0,0,100,100,100,100.000000,1600,4960,32.258065,10,10,10,10,104,4,0,4,100,4960,160,0,0,0,0,104,0,0,0,0,102,8136
2462,1,1,0,0,0,0,0,0,0,0,0,100,100,100,0,0,0,0,100,100,100,100.000000,1600,4960,32.258065,10,10,10,10,104,4,0,4,100,4960,160,0,0,0,0,104,0,0,0,0,111,8136
2463,1,1,0,0,0,0,0,0,0,0,0,100,100,100,0,0,0,0,100,100,100,100.000000,1600,4960,32.258065,10,10,10,10,104,4,0,4,100,4960,160,0,0,0,0,104,0,0,0,0,105,8136
2464,1,1,0,0,0,0,0,0,0,0,0,100,100,100,0,0,0,0,100,100,100,100.000000,1600,4960,32.258065,10,10,10,10,104,4,0,4,100,4960,160,0,0,0,0,104,0,0,0,0,108,8136
2465,1,1,0,0,0,0,0,0,0,0,0,100,100,100,0,0,0,0,100,100,100,100.000000,1600,4960,32.258065,10,10,10,10,104,4,0,4,100,4960,160,0,0,0,0,104,0,0,0,0,118,8136
2466,1,1,0,0,0,0,0,0,0,0,0,100,100,100,0,0,0,0,100,100,100,100.000000,1600,4960,32.258065,10,10,10,10,104,4,0,4,100,4960,160,0,0,0,0,104,0,0,0,0,109,8136
2467,1,1,0,0,0,0,0,0,0,0,0,100,100,100,0,0,0,0,100,100,100,100.000000,1600,4960,32.258065,10,10,10,10,104,4,0,4,100,4960,160,0,0,0,0,104,0,0,0,0,103,8136
2468,1,1,0,0,0,0,0,0,0,0,0,100,100,100,0,0,0,0,100,100,100,100.000000,1600,4960,32.258065,10,10,10,10,104,4,0,4,100,4960,160,0,0,0,0,104,0,0,0,0,112,8136
2469,1,1,0,0,0,0,0,0,0,0,0,100,100,100,0,0,0,0,100,100,100,100.000000,1600,4960,32.258065,10,10,10,10,104,4,0,4,100,4960,160,0,0,0,0,104,0,0,0,0,114,8136
2470,1,1,0,0,0,0,0,0,0,0,0,100,100,100,0,0,0,0,100,100,100,100.000000,1600,4960,32.258065,10,10,10,10,104,4,0,4,100,4960,160,0,0,0,0,104,0,0,0,0,109,8136
2471,1,1,0,0,0,0,0,0,0,0,0,100,100,100,0,0,0,0,100,100,100,100.000000,1600,4960,32.258065,10,10,10,10,104,4,0,4,100,4960,160,0,0,0,0,104,0,0,0,0,124,8136
2472,1,1,0,0,0,0,0,0,0,0,0,100,100,100,0,0,0,0,100,100,100,100.000000,1600,4960,32.258065,10,10,10,10,104,4,0,4,100,4960,160,0,0,0,0,104,0,0,0,0,141,8136
2473,1,1,0,0,0,0,0,0,0,0,0,100,100,100,0,0,0,0,100,100,100,100.000000,1600,4960,32.258065,10,10,10,10,104,4,0,4,100,4960,160,0,0,0,0,104,0,0,0,0,123,8136
2474,1,1,0,0,0,0,0,0,0,0,0,100,100,100,0,0,0,0,100,100,100,100.000000,1600,4960,32.258065,10,10,10,10,104,4,0,4,100,4960,160,0,0,0,0,104,0,0,0,0,113,8136
2475,1,1,0,0,0,0,0,0,0,0,0,100,100,100,0,0,0,0,100,100,100,100.000000,1600,4960,32.258065,10,10,10,10,104,4,0,4,100,4960,160,0,0,0,0,104,0,0,0,0,114,8136
2476,1,1,0,0,0,0,0,0,0,0,0,100,100,100,0,0,0,0,100,100,100,100.000000,1600,4960,32.258065,10,10,10,10,104,4,0,4,100,4960,160,0,0,0,0,104,0,0,0,0,108,8136
2477,1,1,0,0,0,0,0,0,0,0,0,100,100,100,0,0,0,0,100,100,100,100.000000,1600,4960,32.258065,10,10,10,10,104,4,0,4,100,4960,160,0,0,0,0,104,0,0,0,0,103,8136
2478,1,1,0,0,0,0,0,0,0,0,0,100,100,100,0,0,0,0,100,100,100,100.000000,1600,4960,32.258065,10,10,10,10,104,4,0,4,100,4960,160,0,0,0,0,104,0,0,0,0,107,8136
2479,1,1,0,0,0,0,0,0,0,0,0,100,100,100,0,0,0,0,100,100,100,100.000000,1600,4960,32.258065,10,10,10,10,104,4,0,4,100,4960,160,0,0,0,0,104,0,0,0,0,113,8136
2480,1,1,0,0,0,0,0,0,0,0,0,100,100,100,0,0,0,0,100,100,100,100.000000,1600,4960,32.258065,10,10,10,10,104,4,0,4,100,4960,160,0,0,0,0,104,0,0,0,0,123,8136
2481,1,1,0,0,0,0,0,0,0,0,0,100,100,100,0,0,0,0,100,100,100,100.000000,1600,4960,32.258065,10,10,10,10,104,4,0,4,100,4960,160,0,0,0,0,104,0,0,0,0,119,8136
2482,1,1,0,0,0,0,0,0,0,0,0,100,100,100,0,0,0,0,100,100,100,100.000000,1600,4960,32.258065,10,10,10,10,104,4,0,4,100,4960,160,0,0,0,0,104,0,0,0,0,122,8136
2483,1,1,0,0,0,0,0,0,0,0,0,100,100,100,0,0,0,0,100,100,100,100.000000,1600,4960,32.258065,10,10,10,10,104,4,0,4,100,4960,160,0,0,0,0,104,0,0,0,0,116,8136
2484,1,1,0,0,0,0,0,0,0,0,0,100,100,100,0,0,0,0,100,100,100,100.000000,1600,4960,32.258065,10,10,10,10,104,4,0,4,100,4960,160,0,0,0,0,104,0,0,0,0,111,8136
2485,1,1,0,0,0,0,0,0,0,0,0,100,100,100,0,0,0,0,100,100,100,100.000000,1600,4960,32.258065,10,10,10,10,104,4,0,4,100,4960,160,0,0,0,0,104,0,0,0,0,125,8136
2486,1,1,0,0,0,0,0,0,0,0,0,100,100,100,0,0,0,0,100,100,100,100.000000,1600,4960,32.258065,10,10,10,10,104,4,0,4,100,4960,160,0,0,0,0,104,0,0,0,0,105,8136
2487,1,1,0,0,0,0,0,0,0,0,0,100,100,100,0,0,0,0,100,100,100,100.000000,1600,4960,32.258065,10,10,10,10,104,4,0,4,100,4960,160,0,0,0,0,104,0,0,0,0,138,8136
2488,1,1,0,0,0,0,0,0,0,0,0,100,100,100,0,0,0,0,100,100,100,100.000000,1600,4960,32.258065,10,10,10,10,104,4,0,4,100,4960,160,0,0,0,0,104,0,0,0,0,114,8136
2489,1,1,0,0,0,0,0,0,0,0,0,100,100,100,0,0,0,0,100,100,100,100.000000,1600,4960,32.258065,10,10,10,10,104,4,0,4,100,4960,160,0,0,0,0,104,0,0,0,0,115,8136
2490,1,1,0,0,0,0,0,0,0,0,0,100,100,100,0,0,0,0,100,100,100,100.000000,1600,4960,32.258065,10,10,10,10,104,4,0,4,100,4960,160,0,0,0,0,104,0,0,0,0,115,8136
2491,1,1,0,0,0,0,0,0,0,0,0,100,100,100,0,0,0,0,100,100,100,100.000000,1600,4960,32.258065,10,10,10,10,104,4,0,4,100,4960,160,0,0,0,0,104,0,0,0,0,113,8136
2492,1,1,0,0,0,0,0,0,0,0,0,100,100,100,0,0,0,0,100,100,100,100.000000,1600,4960,32.258065,10,10,10,10,104,4,0,4,100,4960,160,0,0,0,0,104,0,0,0,0,112,8136
2493,1,1,0,0,0,0,0,0,0,0,0,100,100,100,0,0,0,0,100,100,100,100.000000,1600,4960,32.258065,10,10,10,10,104,4,0,4,100,4960,160,0,0,0,0,104,0,0,0,0,117,8136
2494,1,1,0,0,0,0,0,0,0,0,0,100,100,100,0,0,0,0,100,100,100,100.000000,1600,4960,32.258065,10,10,10,10,104,4,0,4,100,4960,160,0,0,0,0,104,0,0,0,0,108,8136
2495,1,1,0,0,0,0,0,0,0,0,0,100,100,100,0,0,0,0,100,100,100,100.000000,1600,4960,32.258065,10,10,10,10,104,4,0,4,100,4960,160,0,0,0,0,104,0,0,0,0,115,8136
2496,1,1,0,0,0,0,0,0,0,0,0,100,100,100,0,0,0,0,100,100,100,100.000000,1600,4960,32.258065,10,10,10,10,104,4,0,4,100,4960,160,0,0,0,0,104,0,0,0,0,116,8136
2497,1,1,0,0,0,0,0,0,0,0,0,100,100,100,0,0,0,0,100,100,100,100.000000,1600,4960,32.258065,10,10,10,10,104,4,0,4,100,4960,160,0,0,0,0,104,0,0,0,0,117,8136
2498,1,1,0,0,0,0,0,0,0,0,0,100,100,100,0,0,0,0,100,100,100,100.000000,1600,4960,32.258065,10,10,10,10,104,4,0,4,100,4960,160,0,0,0,0,104,0,0,0,0,130,8136
2499,1,1,0,0,0,0,0,0,0,0,0,100,100,100,0,0,0,0,100,100,100,100.000000,1600,4960,32.258065,10,10,10,10,104,4,0,4,100,4960,160,0,0,0,0,104,0,0,0,0,121,8136
2500,1,1,0,0,0,0,0,0,0,0,0,100,100,100,0,0,0,0,100,100,100,100.000000,1600,4960,32.258065,10,10,10,10,104,4,0,4,100,4960,160,0,0,0,0,104,0,0,0,0,109,8136
2501,1,1,0,0,0,0,0,0,0,0,0,100,100,100,0,0,0,0,100,100,100,100.000000,1600,4960,32.258065,10,10,10,10,104,4,0,4,100,4960,160,0,0,0,0,104,0,0,0,0,107,8136
2502,1,1,0,0,0,0,0,0,0,0,0,100,100,100,0,0,0,0,100,100,100,100.000000,1600,4960,32.258065,10,10,10,10,104,4,0,4,100,4960,160,0,0,0,0,104,0,0,0,0,106,8136
2503,1,1,0,0,0,0,0,0,0,0,0,100,100,100,0,0,0,0,100,100,100,100.000000,1600,4960,32.258065,10,10,10,10,104,4,0,4,100,4960,160,0,0,0,0,104,0,0,0,0,118,8136
2504,1,1,0,0,0,0,0,0,0,0,0,100,100,100,0,0,0,0,100,100,100,100.000000,1600,4960,32.258065,10,10,10,10,104,4,0,4,100,4960,160,0,0,0,0,104,0,0,0,0,124,8136
2505,1,1,0,0,0,0,0,0,0,0,0,100,100,100,0,0,0,0,100,100,100,100.000000,1600,4960,32.258065,10,10,10,10,104,4,0,4,100,4960,160,0,0,0,0,104,0,0,0,0,117,8136
2506,1,1,0,0,0,0,0,0,0,0,0,100,100,100,0,0,0,0,100,100,100,100.000000,1600,4960,32.258065,10,10,10,10,104,4,0,4,100,4960,160,0,0,0,0,104,0,0,0,0,119,8136
2507,1,1,0,0,0,0,0,0,0,0,0,100,100,100,0,0,0,0,100,100,100,100.000000,1600,4960,32.258065,10,10,10,10,104,4,0,4,100,4960,160,0,0,0,0,104,0,0,0,0,110,8136
2508,1,1,0,0,0,0,0,0,0,0,0,100,100,100,0,0,0,0,100,100,100,100.000000,1600,4960,32.258065,10,10,10,10,104,4,0,4,100,4960,160,0,0,0,0,104,0,0,0,0,130,8136
2509,1,1,0,0,0,0,0,0,0,0,0,100,100,100,0,0,0,0,100,100,100,100.000000,1600,4960,32.258065,10,10,10,10,104,4,0,4,100,4960,160,0,0,0,0,104,0,0,0,0,114,8136
2510,1,1,0,0,0,0,0,0,0,0,0,100,100,100,0,0,0,0,100,100,100,100.000000,1600,4960,32.258065,10,10,10,10,104,4,0,4,100,4960,160,0,0,0,0,104,0,0,0,0,113,8136
2511,1,1,0,0,0,0,0,0,0,0,0,100,100,100,0,0,0,0,100,100,100,100.000000,1600,4960,32.258065,10,10,10,10,104,4,0,4,100,4960,160,0,0,0,0,104,0,0,0,0,124,8136
2512,1,1,0,0,0,0,0,0,0,0,0,100,100,100,0,0,0,0,100,100,100,100.000000,1600,4960,32.258065,10,10,10,10,104,4,0,4,100,4960,160,0,0,0,0,104,0,0,0,0,119,8136
2513,1,1,0,0,0,0,0,0,0,0,0,100,100,100,0,0,0,0,100,100,100,100.000000,1600,4960,32.258065,10,10,10,10,104,4,0,4,100,4960,160,0,0,0,0,104,0,0,0,0,114,8136
2514,1,1,0,0,0,0,0,0,0,0,0,100,100,100,0,0,0,0,100,100,100,100.000000,1600,4960,32.258065,10,10,10,10,104,4,0,4,100,4960,160,0,0,0,0,104,0,0,0,0,110,8136
2515,1,1,0,0,0,0,0,0,0,0,0,100,100,100,0,0,0,0,100,100,100,100.000000,1600,4960,32.258065,10,10,10,10,104,4,0,4,100,4960,160,0,0,0,0,104,0,0,0,0,105,8136
2516,1,1,0,0,0,0,0,0,0,0,0,100,100,100,0,0,0,0,100,100,100,100.000000,1600,4960,32.258065,10,10,10,10,104,4,0,4,100,4960,160,0,0,0,0,104,0,0,0,0,107,8136
2517,1,1,0,0,0,0,0,0,0,0,0,100,100,100,0,0,0,0,100,100,100,100.000000,1600,4960,32.258065,10,10,10,10,104,4,0,4,100,4960,160,0,0,0,0,104,0,0,0,0,111,8136
2518,1,1,0,0,0,0,0,0,0,0,0,100,100,100,0,0,0,0,100,100,100,100.000000,1600,4960,32.258065,10,10,10,10,104,4,0,4,100,4960,160,0,0,0,0,104,0,0,0,0,111,8136
2519,1,1,0,0,0,0,0,0,0,0,0,100,100,100,0,0,0,0,100,100,100,100.000000,1600,4960,32.258065,10,10,10,10,104,4,0,4,100,4960,160,0,0,0,0,104,0,0,0,0,114,8136
2520,1,1,0,0,0,0,0,0,0,0,0,100,100,100,0,0,0,0,100,100,100,100.000000,1600,4960,32.258065,10,10,10,10,104,4,0,4,100,4960,160,0,0,0,0,104,0,0,0,0,117,8136
2521,1,1,0,0,0,0,0,0,0,0,0,100,100,100,0,0,0,0,100,100,100,100.000000,1600,4960,32.258065,10,10,10,10,104,4,0,4,100,4960,160,0,0,0,0,104,0,0,0,0,122,8136
2522,1,1,0,0,0,0,0,0,0,0,0,100,100,100,0,0,0,0,100,100,100,100.000000,1600,4960,32.258065,10,10,10,10,104,4,0,4,100,4960,160,0,0,0,0,104,0,0,0,0,121,8136
2523,1,1,0,0,0,0,0,0,0,0,0,100,100,100,0,0,0,0,100,100,100,100.000000,1600,4960,32.258065,10,10,10,10,104,4,0,4,100,4960,160,0,0,0,0,104,0,0,0,0,110,8136
2524,1,1,0,0,0,0,0,0,0,0,0,100,100,100,0,0,0,0,100,100,100,100.000000,1600,4960,32.258065,10,10,10,10,104,4,0,4,100,4960,160,0,0,0,0,104,0,0,0,0,110,8136
2525,1,1,0,0,0,0,0,0,0,0,0,100,100,100,0,0,0,0,100,100,100,100.000000,1600,4960,32.258065,10,10,10,10,104,4,0,4,100,4960,160,0,0,0,0,104,0,0,0,0,107,8136
2526,1,1,0,0,0,0,0,0,0,0,0,100,100,100,0,0,0,0,100,100,100,100.000000,1600,4960,32.258065,10,10,10,10,104,4,0,4,100,4960,160,0,0,0,0,104,0,0,0,0,109,8136
2527,1,1,0,0,0,0,0,0,0,0,0,100,100,100,0,0,0,0,100,100,100,100.000000,1600,4960,32.258065,10,10,10,10,104,4,0,4,100,4960,160,0,0,0,0,104,0,0,0,0,118,8136
2528,1,1,0,0,0,0,0,0,0,0,0,100,100,100,0,0,0,0,100,100,100,100.000000,1600,4960,32.258065,10,10,10,10,104,4,0,4,100,4960,160,0,0,0,0,104,0,0,0,0,123,8136
2529,1,1,0,0,0,0,0,0,0,0,0,100,100,100,0,0,0,0,100,100,100,100.000000,1600,4960,32.258065,10,10,10,10,104,4,0,4,100,4960,160,0,0,0,0,104,0,0,0,0,115,8136
2530,1,1,0,0,0,0,0,0,0,0,0,100,100,100,0,0,0,0,100,100,100,100.000000,1600,4960,32.258065,10,10,10,10,104,4,0,4,100,4960,160,0,0,0,0,104,0,0,0,0,117,8136
2531,1,1,0,0,0,0,0,0,0,0,0,100,100,100,0,0,0,0,100,100,100,100.000000,1600,4960,32.258065,10,10,10,10,104,4,0,4,100,4960,160,0,0,0,0,104,0,0,0,0,117,8136
2532,1,1,0,0,0,0,0,0,0,0,0,100,100,100,0,0,0,0,100,100,100,100.000000,1600,4960,32.258065,10,10,10,10,104,4,0,4,100,4960,160,0,0,0,0,104,0,0,0,0,144,8136
2533,1,1,0,0,0,0,0,0,0,0,0,100,100,100,0,0,0,0,100,100,100,100.000000,1600,4960,32.258065,10,10,10,10,104,4,0,4,100,4960,160,0,0,0,0,104,0,0,0,0,109,8136
2534,1,1,0,0,0,0,0,0,0,0,0,100,100,100,0,0,0,0,100,100,100,100.000000,1600,4960,32.258065,10,10,10,10,104,4,0,4,100,4960,160,0,0,0,0,104,0,0,0,0,112,8136
2535,1,1,0,0,0,0,0,0,0,0,0,100,100,100,0,0,0,0,100,100,100,100.000000,1600,4960,32.258065,10,10,10,10,104,4,0,4,100,4960,160,0,0,0,0,104,0,0,0,0,106,8136
2536,1,1,0,0,0,0,0,0,0,0,0,100,100,100,0,0,0,0,100,100,100,100.000000,1600,4960,32.258065,10,10,10,10,104,4,0,4,100,4960,160,0,0,0,0,104,0,0,0,0,112,8136
2537,1,1,0,0,0,0,0,0,0,0,0,100,100,100,0,0,0,0,100,100,100,100.000000,1600,4960,32.258065,10,10,10,10,104,4,0,4,100,4960,160,0,0,0,0,104,0,0,0,0,134,8136
2538,1,1,0,0,0,0,0,0,0,0,0,100,100,100,0,0,0,0,100,100,100,100.000000,1600,4960,32.258065,10,10,10,10,104,4,0,4,100,4960,160,0,0,0,0,104,0,0,0,0,120,8136
2539,1,1,0,0,0,0,0,0,0,0,0,100,100,100,0,0,0,0,100,100,100,100.000000,1600,4960,32.258065,10,10,10,10,104,4,0,4,100,4960,160,0,0,0,0,104,0,0,0,0,121,8136
2540,1,1,0,0,0,0,0,0,0,0,0,100,100,100,0,0,0,0,100,100,100,100.000000,1600,4960,32.258065,10,10,10,10,104,4,0,4,100,4960,160,0,0,0,0,104,0,0,0,0,109,8136
2541,1,1,0,0,0,0,0,0,0,0,0,100,100,100,0,0,0,0,100,100,100,100.000000,1600,4960,32.258065,10,10,10,10,104,4,0,4,100,4960,160,0,0,0,0,104,0,0,0,0,114,8136
2542,1,1,0,0,0,0,0,0,0,0,0,100,100,100,0,0,0,0,100,100,100,100.000000,1600,4960,32.258065,10,10,10,10,104,4,0,4,100,4960,160,0,0,0,0,104,0,0,0,0,112,8136
2543,1,1,0,0,0,0,0,0,0,0,0,100,100,100,0,0,0,0,100,100,100,100.000000,1600,4960,32.258065,10,10,10,10,104,4,0,4,100,4960,160,0,0,0,0,104,0,0,0,0,107,8136
2544,1,1,0,0,0,0,0,0,0,0,0,100,100,100,0,0,0,0,100,100,100,100.000000,1600,4960,32.258065,10,10,10,10,104,4,0,4,100,4960,160,0,0,0,0,104,0,0,0,0,118,8136
2545,1,1,0,0,0,0,0,0,0,0,0,100,100,100,0,0,0,0,100,100,100,100.000000,1600,4960,32.258065,10,10,10,10,104,4,0,4,100,4960,160,0,0,0,0,104,0,0,0,0,122,8136
2546,1,1,0,0,0,0,0,0,0,0,0,100,100,100,0,0,0,0,100,100,100,100.000000,1600,4960,32.258065,10,10,10,10,104,4,0,4,100,4960,160,0,0,0,0,104,0,0,0,0,126,8136
2547,1,1,0,0,0,0,0,0,0,0,0,100,100,100,0,0,0,0,100,100,100,100.000000,1600,4960,32.258065,10,10,10,10,104,4,0,4,100,4960,160,0,0,0,0,104,0,0,0,0,116,8136
2548,1,1,0,0,0,0,0,0,0,0,0,100,100,100,0,0,0,0,100,100,100,100.000000,1600,4960,32.258065,10,10,10,10,104,4,0,4,100,4960,160,0,0,0,0,104,0,0,0,0,107,8136
2549,1,1,0,0,0,0,0,0,0,0,0,100,100,100,0,0,0,0,100,100,100,100.000000,1600,4960,32.258065,10,10,10,10,104,4,0,4,100,4960,160,0,0,0,0,104,0,0,0,0,113,8136
2550,1,1,0,0,0,0,0,0,0,0,0,100,100,100,0,0,0,0,100,100,100,100.000000,1600,4960,32.258065,10,10,10,10,104,4,0,4,100,4960,160,0,0,0,0,104,0,0,0,0,117,8136
2551,1,1,0,0,0,0,0,0,0,0,0,100,100,100,0,0,0,0,100,100,100,100.000000,1600,4960,32.258065,10,10,10,10,104,4,0,4,100,4960,160,0,0,0,0,104,0,0,0,0,111,8136
2552,1,1,0,0,0,0,0,0,0,0,0,100,100,100,0,0,0,0,100,100,100,100.000000,1600,4960,32.258065,10,10,10,10,104,4,0,4,100,4960,160,0,0,0,0,104,0,0,0,0,122,8136
2553,1,1,0,0,0,0,0,0,0,0,0,100,100,100,0,0,0,0,100,100,100,100.000000,1600,4960,32.258065,10,10,10,10,104,4,0,4,100,4960,160,0,0,0,0,104,0,0,0,0,120,8136
2554,1,1,0,0,0,0,0,0,0,0,0,100,100,100,0,0,0,0,100,100,100,100.000000,1600,4960,32.258065,10,10,10,10,104,4,0,4,100,4960,160,0,0,0,0,104,0,0,0,0,114,8136
2555,1,1,0,0,0,0,0,0,0,0,0,100,100,100,0,0,0,0,100,100,100,100.000000,1600,4960,32.258065,10,10,10,10,104,4,0,4,100,4960,160,0,0,0,0,104,0,0,0,0,108,8136
2556,1,1,0,0,0,0,0,0,0,0,0,100,100,100,0,0,0,0,100,100,100,100.000000,1600,4960,32.258065,10,10,10,10,104,4,0,4,100,4960,160,0,0,0,0,104,0,0,0,0,104,8136
2557,1,1,0,0,0,0,0,0,0,0,0,100,100,100,0,0,0,0,100,100,100,100.000000,1600,4960,32.258065,10,10,10,10,104,4,0,4,100,4960,160,0,0,0,0,104,0,0,0,0,134,8136
2558,1,1,0,0,0,0,0,0,0,0,0,100,100,100,0,0,0,0,100,100,100,100.000000,1600,4960,32.258065,10,10,10,10,104,4,0,4,100,4960,160,0,0,0,0,104,0,0,0,0,121,8136
2559,1,1,0,0,0,0,0,0,0,0,0,100,100,100,0,0,0,0,100,100,100,100.000000,1600,4960,32.258065,10,10,10,10,104,4,0,4,100,4960,160,0,0,0,0,104,0,0,0,0,111,8136
2560,1,1,0,0,0,0,0,0,0,0,0,100,100,100,0,0,0,0,100,100,100,100.000000,1600,4960,32.258065,10,10,10,10,104,4,0,4,100,4960,160,0,0,0,0,104,0,0,0,0,133,8136
2561,1,1,0,0,0,0,0,0,0,0,0,100,100,100,0,0,0,0,100,100,100,100.000000,1600,4960,32.258065,10,10,10,10,104,4,0,4,100,4960,160,0,0,0,0,104,0,0,0,0,124,8136
2562,1,1,0,0,0,0,0,0,0,0,0,100,100,100,0,0,0,0,100,100,100,100.000000,1600,4960,32.258065,10,10,10,10,104,4,0,4,100,4960,160,0,0,0,0,104,0,0,0,0,121,8136
2563,1,1,0,0,0,0,0,0,0,0,0,100,100,100,0,0,0,0,100,100,100,100.000000,1600,4960,32.258065,10,10,10,10,104,4,0,4,100,4960,160,0,0,0,0,104,0,0,0,0,117,8136
2564,1,1,0,0,0,0,0,0,0,0,0,100,100,100,0,0,0,0,100,100,100,100.000000,1600,4960,32.258065,10,10,10,10,104,4,0,4,100,4960,160,0,0,0,0,104,0,0,0,0,111,8136
2565,1,1,0,0,0,0,0,0,0,0,0,100,100,100,0,0,0,0,100,100,100,100.000000,1600,4960,32.258065,10,10,10,10,104,4,0,4,100,4960,160,0,0,0,0,104,0,0,0,0,126,8136
2566,1,1,0,0,0,0,0,0,0,0,0,100,100,100,0,0,0,0,100,100,100,100.000000,1600,4960,32.258065,10,10,10,10,104,4,0,4,100,4960,160,0,0,0,0,104,0,0,0,0,110,8136
2567,1,1,0,0,0,0,0,0,0,0,0,100,100,100,0,0,0,0,100,100,100,100.000000,1600,4960,32.258065,10,10,10,10,104,4,0,4,100,4960,160,0,0,0,0,104,0,0,0,0,115,8136
2568,1,1,0,0,0,0,0,0,0,0,0,100,100,100,0,0,0,0,100,100,100,100.000000,1600,4960,32.258065,10,10,10,10,104,4,0,4,100,4960,160,0,0,0,0,104,0,0,0,0,119,8136
2569,1,1,0,0,0,0,0,0,0,0,0,100,100,100,0,0,0,0,100,100,100,100.000000,1600,4960,32.258065,10,10,10,10,104,4,0,4,100,4960,160,0,0,0,0,104,0,0,0,0,111,8136
2570,1,1,0,0,0,0,0,0,0,0,0,100,100,100,0,0,0,0,100,100,100,100.000000,1600,4960,32.258065,10,10,10,10,104,4,0,4,100,4960,160,0,0,0,0,104,0,0,0,0,121,8136
2571,1,1,0,0,0,0,0,0,0,0,0,100,100,100,0,0,0,0,100,100,100,100.000000,1600,4960,32.258065,10,10,10,10,104,4,0,4,100,4960,160,0,0,0,0,104,0,0,0,0,127,8136
2572,1,1,0,0,0,0,0,0,0,0,0,100,100,100,0,0,0,0,100,100,100,100.000000,1600,4960,32.258065,10,10,10,10,104,4,0,4,100,4960,160,0,0,0,0,104,0,0,0,0,143,8136
2573,1,1,0,0,0,0,0,0,0,0,0,100,100,100,0,0,0,0,100,100,100,100.000000,1600,4960,32.258065,10,10,10,10,104,4,0,4,100,4960,160,0,0,0,0,104,0,0,0,0,125,8136
2574,1,1,0,0,0,0,0,0,0,0,0,100,100,100,0,0,0,0,100,100,100,100.000000,1600,4960,32.258065,10,10,10,10,104,4,0,4,100,4960,160,0,0,0,0,104,0,0,0,0,114,8136
2575,1,1,0,0,0,0,0,0,0,0,0,100,100,100,0,0,0,0,100,100,100,100.000000,1600,4960,32.258065,10,10,10,10,104,4,0,4,100,4960,160,0,0,0,0,104,0,0,0,0,112,8136
2576,1,1,0,0,0,0,0,0,0,0,0,100,100,100,0,0,0,0,100,100,100,100.000000,1600,4960,32.258065,10,10,10,10,104,4,0,4,100,4960,160,0,0,0,0,104,0,0,0,0,111,8136
2577,1,1,0,0,0,0,0,0,0,0,0,100,100,100,0,0,0,0,100,100,100,100.000000,1600,4960,32.258065,10,10,10,10,104,4,0,4,100,4960,160,0,0,0,0,104,0,0,0,0,116,8136
2578,1,1,0,0,0,0,0,0,0,0,0,100,100,100,0,0,0,0,100,100,100,100.000000,1600,4960,32.258065,10,10,10,10,104,4,0,4,100,4960,160,0,0,0,0,104,0,0,0,0,125,8136
2579,1,1,0,0,0,0,0,0,0,0,0,100,100,100,0,0,0,0,100,100,100,100.000000,1600,4960,32.258065,10,10,10,10,104,4,0,4,100,4960,160,0,0,0,0,104,0,0,0,0,113,8136
2580,1,1,0,0,0,0,0,0,0,0,0,100,100,100,0,0,0,0,100,100,100,100.000000,1600,4960,32.258065,10,10,10,10,104,4,0,4,100,4960,160,0,0,0,0,104,0,0,0,0,115,8136
2581,1,1,0,0,0,0,0,0,0,0,0,100,100,100,0,0,0,0,100,100,100,100.000000,1600,4960,32.258065,10,10,10,10,104,4,0,4,100,4960,160,0,0,0,0,104,0,0,0,0,119,8136
2582,1,1,0,0,0,0,0,0,0,0,0,100,100,100,0,0,0,0,100,100,100,100.000000,1600,4960,32.258065,10,10,10,10,104,4,0,4,100,4960,160,0,0,0,0,104,0,0,0,0,109,8136
2583,1,1,0,0,0,0,0,0,0,0,0,100,100,100,0,0,0,0,100,100,100,100.000000,1600,4960,32.258065,10,10,10,10,104,4,0,4,100,4960,160,0,0,0,0,104,0,0,0,0,116,8136
2584,1,1,0,0,0,0,0,0,0,0,0,100,100,100,0,0,0,0,100,100,100,100.000000,1600,4960,32.258065,10,10,10,10,104,4,0,4,100,4960,160,0,0,0,0,104,0,0,0,0,112,8136
2585,1,1,0,0,0,0,0,0,0,0,0,100,100,100,0,0,0,0,100,100,100,100.000000,1600,4960,32.258065,10,10,10,10,104,4,0,4,100,4960,160,0,0,0,0,104,0,0,0,0,115,8136
2586,1,1,0,0,0,0,0,0,0,0,0,100,100,100,0,0,0,0,100,100,100,100.000000,1600,4960,32.258065,10,10,10,10,104,4,0,4,100,4960,160,0,0,0,0,104,0,0,0,0,114,8136
2587,1,1,0,0,0,0,0,0,0,0,0,100,100,100,0,0,0,0,100,100,100,100.000000,1600,4960,32.258065,10,10,10,10,104,4,0,4,100,4960,160,0,0,0,0,104,0,0,0,0,110,8136
2588,1,1,0,0,0,0,0,0,0,0,0,100,100,100,0,0,0,0,100,100,100,100.000000,1600,4960,32.258065,10,10,10,10,104,4,0,4,100,4960,160,0,0,0,0,104,0,0,0,0,120,8136
2589,1,1,0,0,0,0,0,0,0,0,0,100,100,100,0,0,0,0,100,100,100,100.000000,1600,4960,32.258065,10,10,10,10,104,4,0,4,100,4960,160,0,0,0,0,104,0,0,0,0,116,8136
2590,1,1,0,0,0,0,0,0,0,0,0,100,100,100,0,0,0,0,100,100,100,100.000000,1600,4960,32.258065,10,10,10,10,104,4,0,4,100,4960,160,0,0,0,0,104,0,0,0,0,117,8136
2591,1,1,0,0,0,0,0,0,0,0,0,100,100,100,0,0,0,0,100,100,100,100.000000,1600,4960,32.258065,10,10,10,10,104,4,0,4,100,4960,160,0,0,0,0,104,0,0,0,0,109,8136
2592,1,1,0,0,0,0,0,0,0,0,0,100,100,100,0,0,0,0,100,100,100,100.000000,1600,4960,32.258065,10,10,10,10,104,4,0,4,100,4960,160,0,0,0,0,104,0,0,0,0,117,8136
2593,1,1,0,0,0,0,0,0,0,0,0,100,100,100,0,0,0,0,100,100,100,100.000000,1600,4960,32.258065,10,10,10,10,104,4,0,4,100,4960,160,0,0,0,0,104,0,0,0,0,113,8136
2594,1,1,0,0,0,0,0,0,0,0,0,100,100,100,0,0,0,0,100,100,100,100.000000,1600,4960,32.258065,10,10,10,10,104,4,0,4,100,4960,160,0,0,0,0,104,0,0,0,0,118,8136
2595,1,1,0,0,0,0,0,0,0,0,0,100,100,100,0,0,0,0,100,100,100,100.000000,1600,4960,32.258065,10,10,10,10,104,4,0,4,100,4960,160,0,0,0,0,104,0,0,0,0,114,8136
2596,1,1,0,0,0,0,0,0,0,0,0,100,100,100,0,0,0,0,100,100,100,100.000000,1600,4960,32.258065,10,10,10,10,104,4,0,4,100,4960,160,0,0,0,0,104,0,0,0,0,115,8136
2597,1,1,0,0,0,0,0,0,0,0,0,100,100,100,0,0,0,0,100,100,100,100.000000,1600,4960,32.258065,10,10,10,10,104,4,0,4,100,4960,160,0,0,0,0,104,0,0,0,0,113,8136
2598,1,1,0,0,0,0,0,0,0,0,0,100,100,100,0,0,0,0,100,100,100,100.000000,1600,4960,32.258065,10,10,10,10,104,4,0,4,100,4960,160,0,0,0,0,104,0,0,0,0,119,8136
2599,1,1,0,0,0,0,0,0,0,0,0,100,100,100,0,0,0,0,100,100,100,100.000000,1600,4960,32.258065,10,10,10,10,104,4,0,4,100,4960,160,0,0,0,0,104,0,0,0,0,113,8136
2600,1,1,0,0,0,0,0,0,0,0,0,100,100,100,0,0,0,0,100,100,100,100.000000,1600,4960,32.258065,10,10,10,10,104,4,0,4,100,4960,160,0,0,0,0,104,0,0,0,0,122,8136
2601,1,1,0,0,0,0,0,0,0,0,0,100,100,100,0,0,0,0,100,100,100,100.000000,1600,4960,32.258065,10,10,10,10,104,4,0,4,100,4960,160,0,0,0,0,104,0,0,0,0,117,8136
2602,1,1,0,0,0,0,0,0,0,0,0,100,100,100,0,0,0,0,100,100,100,100.000000,1600,4960,32.258065,10,10,10,10,104,4,0,4,100,4960,160,0,0,0,0,104,0,0,0,0,120,8136
2603,1,1,0,0,0,0,0,0,0,0,0,100,100,100,0,0,0,0,100,100,100,100.000000,1600,4960,32.258065,10,10,10,10,104,4,0,4,100,4960,160,0,0,0,0,104,0,0,0,0,115,8136
2604,1,1,0,0,0,0,0,0,0,0,0,100,100,100,0,0,0,0,100,100,100,100.000000,1600,4960,32.258065,10,10,10,10,104,4,0,4,100,4960,160,0,0,0,0,104,0,0,0,0,109,8136
2605,1,1,0,0,0,0,0,0,0,0,0,100,100,100,0,0,0,0,100,100,100,100.000000,1600,4960,32.258065,10,10,10,10,104,4,0,4,100,4960,160,0,0,0,0,104,0,0,0,0,115,8136
2606,1,1,0,0,0,0,0,0,0,0,0,100,100,100,0,0,0,0,100,100,100,100.000000,1600,4960,32.258065,10,10,10,10,104,4,0,4,100,4960,160,0,0,0,0,104,0,0,0,0,115,8136
2607,1,1,0,0,0,0,0,0,0,0,0,100,100,100,0,0,0,0,100,100,100,100.000000,1600,4960,32.258065,10,10,10,10,104,4,0,4,100,4960,160,0,0,0,0,104,0,0,0,0,113,8136
2608,1,1,0,0,0,0,0,0,0,0,0,100,100,100,0,0,0,0,100,100,100,100.000000,1600,4960,32.258065,10,10,10,10,104,4,0,4,100,4960,160,0,0,0,0,104,0,0,0,0,122,8136
2609,1,1,0,0,0,0,0,0,0,0,0,100,100,100,0,0,0,0,100,100,100,100.000000,1600,4960,32.258065,10,10,10,10,104,4,0,4,100,4960,160,0,0,0,0,104,0,0,0,0,112,8136
2610,1,1,0,0,0,0,0,0,0,0,0,100,100,100,0,0,0,0,100,100,100,100.000000,1600,4960,32.258065,10,10,10,10,104,4,0,4,100,4960,160,0,0,0,0,104,0,0,0,0,122,8136
2611,1,1,0,0,0,0,0,0,0,0,0,100,100,100,0,0,0,0,100,100,100,100.000000,1600,4960,32.258065,10,10,10,10,104,4,0,4,100,4960,160,0,0,0,0,104,0,0,0,0,112,8136
2612,1,1,0,0,0,0,0,0,0,0,0,100,100,100,0,0,0,0,100,100,100,100.000000,1600,4960,32.258065,10,10,10,10,104,4,0,4,100,4960,160,0,0,0,0,104,0,0,0,0,110,8136
2613,1,1,0,0,0,0,0,0,0,0,0,100,100,100,0,0,0,0,100,100,100,100.000000,1600,4960,32.258065,10,10,10,10,104,4,0,4,100,4960,160,0,0,0,0,104,0,0,0,0,106,8136
2614,1,1,0,0,0,0,0,0,0,0,0,100,100,100,0,0,0,0,100,100,100,100.000000,1600,4960,32.258065,10,10,10,10,104,4,0,4,100,4960,160,0,0,0,0,104,0,0,0,0,105,8136
2615,1,1,0,0,0,0,0,0,0,0,0,100,100,100,0,0,0,0,100,100,100,100.000000,1600,4960,32.258065,10,10,10,10,104,4,0,4,100,4960,160,0,0,0,0,104,0,0,0,0,107,8136
2616,1,1,0,0,0,0,0,0,0,0,0,100,100,100,0,0,0,0,100,100,100,100.000000,1600,4960,32.258065,10,10,10,10,104,4,0,4,100,4960,160,0,0,0,0,104,0,0,0,0,126,8136
2617,1,1,0,0,0,0,0,0,0,0,0,100,100,100,0,0,0,0,100,100,100,100.000000,1600,4960,32.258065,10,10,10,10,104,4,0,4,100,4960,160,0,0,0,0,104,0,0,0,0,118,8136
2618,1,1,0,0,0,0,0,0,0,0,0,100,100,100,0,0,0,0,100,100,100,100.000000,1600,4960,32.258065,10,10,10,10,104,4,0,4,100,4960,160,0,0,0,0,104,0,0,0,0,111,8136
2619,1,1,0,0,0,0,0,0,0,0,0,100,100,100,0,0,0,0,100,100,100,100.000000,1600,4960,32.258065,10,10,10,10,104,4,0,4,100,4960,160,0,0,0,0,104,0,0,0,0,112,8136
2620,1,1,0,0,0,0,0,0,0,0,0,100,100,100,0,0,0,0,100,100,100,100.000000,1600,4960,32.258065,10,10,10,10,104,4,0,4,100,4960,160,0,0,0,0,104,0,0,0,0,108,8136
2621,1,1,0,0,0,0,0,0,0,0,0,100,100,100,0,0,0,0,100,100,100,100.000000,1600,4960,32.258065,10,10,10,10,104,4,0,4,100,4960,160,0,0,0,0,104,0,0,0,0,111,8136
2622,1,1,0,0,0,0,0,0,0,0,0,100,100,100,0,0,0,0,100,100,100,100.000000,1600,4960,32.258065,10,10,10,10,104,4,0,4,100,4960,160,0,0,0,0,104,0,0,0,0,111,8136
2623,1,1,0,0,0,0,0,0,0,0,0,100,100,100,0,0,0,0,100,100,100,100.000000,1600,4960,32.258065,10,10,10,10,104,4,0,4,100,4960,160,0,0,0,0,104,0,0,0,0,107,8136
2624,1,1,0,0,0,0,0,0,0,0,0,100,100,100,0,0,0,0,100,100,100,100.000000,1600,4960,32.258065,10,10,10,10,104,4,0,4,100,4960,160,0,0,0,0,104,0,0,0,0,117,8136
2625,1,1,0,0,0,0,0,0,0,0,0,100,100,100,0,0,0,0,100,100,100,100.000000,1600,4960,32.258065,10,10,10,10,104,4,0,4,100,4960,160,0,0,0,0,104,0,0,0,0,145,8136
2626,1,1,0,0,0,0,0,0,0,0,0,100,100,100,0,0,0,0,100,100,100,100.000000,1600,4960,32.258065,10,10,10,10,104,4,0,4,100,4960,160,0,0,0,0,104,0,0,0,0,119,8136
2627,1,1,0,0,0,0,0,0,0,0,0,100,100,100,0,0,0,0,100,100,100,100.000000,1600,4960,32.258065,10,10,10,10,104,4,0,4,100,4960,160,0,0,0,0,104,0,0,0,0,109,8136
2628,1,1,0,0,0,0,0,0,0,0,0,100,100,100,0,0,0,0,100,100,100,100.000000,1600,4960,32.258065,10,10,10,10,104,4,0,4,100,4960,160,0,0,0,0,104,0,0,0,0,106,8136
2629,1,1,0,0,0,0,0,0,0,0,0,100,100,100,0,0,0,0,100,100,100,100.000000,1600,4960,32.258065,10,10,10,10,104,4,0,4,100,4960,160,0,0,0,0,104,0,0,0,0,111,8136
2630,1,1,0,0,0,0,0,0,0,0,0,100,100,100,0,0,0,0,100,100,100,100.000000,1600,4960,32.258065,10,10,10,10,104,4,0,4,100,4960,160,0,0,0,0,104,0,0,0,0,112,8136
2631,1,1,0,0,0,0,0,0,0,0,0,100,100,100,0,0,0,0,100,100,100,100.000000,1600,4960,32.258065,10,10,10,10,104,4,0,4,100,4960,160,0,0,0,0,104,0,0,0,0,112,8136
2632,1,1,0,0,0,0,0,0,0,0,0,100,100,100,0,0,0,0,100,100,100,100.000000,1600,4960,32.258065,10,10,10,10,104,4,0,4,100,4960,160,0,0,0,0,104,0,0,0,0,117,8136
2633,1,1,0,0,0,0,0,0,0,0,0,100,100,100,0,0,0,0,100,100,100,100.000000,1600,4960,32.258065,10,10,10,10,104,4,0,4,100,4960,160,0,0,0,0,104,0,0,0,0,122,8136
2634,1,1,0,0,0,0,0,0,0,0,0,100,100,100,0,0,0,0,100,100,100,100.000000,1600,4960,32.258065,10,10,10,10,104,4,0,4,100,4960,160,0,0,0,0,104,0,0,0,0,125,8136
2635,1,1,0,0,0,0,0,0,0,0,0,100,100,100,0,0,0,0,100,100,100,100.000000,1600,4960,32.258065,10,10,10,10,104,4,0,4,100,4960,160,0,0,0,0,104,0,0,0,0,108,8136
2636,1,1,0,0,0,0,0,0,0,0,0,100,100,100,0,0,0,0,100,100,100,100.000000,1600,4960,32.258065,10,10,10,10,104,4,0,4,100,4960,160,0,0,0,0,104,0,0,0,0,105,8136
2637,1,1,0,0,0,0,0,0,0,0,0,100,100,100,0,0,0,0,100,100,100,100.000000,1600,4960,32.258065,10,10,10,10,104,4,0,4,100,4960,160,0,0,0,0,104,0,0,0,0,105,8136
2638,1,1,0,0,0,0,0,0,0,0,0,100,100,100,0,0,0,0,100,100,100,100.000000,1600,4960,32.258065,10,10,10,10,104,4,0,4,100,4960,160,0,0,0,0,104,0,0,0,0,111,8136
2639,1,1,0,0,0,0,0,0,0,0,0,100,100,100,0,0,0,0,100,100,100,100.000000,1600,4960,32.258065,10,10,10,10,104,4,0,4,100,4960,160,0,0,0,0,104,0,0,0,0,107,8136
2640,1,1,0,0,0,0,0,0,0,0,0,100,100,100,0,0,0,0,100,100,100,100.000000,1600,4960,32.258065,10,10,10,10,104,4,0,4,100,4960,160,0,0,0,0,104,0,0,0,0,117,8136
2641,1,1,0,0,0,0,0,0,0,0,0,100,100,100,0,0,0,0,100,100,100,100.000000,1600,4960,32.258065,10,10,10,10,104,4,0,4,100,4960,160,0,0,0,0,104,0,0,0,0,122,8136
2642,1,1,0,0,0,0,0,0,0,0,0,100,100,100,0,0,0,0,100,100,100,100.000000,1600,4960,32.258065,10,10,10,10,104,4,0,4,100,4960,160,0,0,0,0,104,0,0,0,0,127,8136
2643,1,1,0,0,0,0,0,0,0,0,0,100,100,100,0,0,0,0,100,100,100,100.000000,1600,4960,32.258065,10,10,10,10,104,4,0,4,100,4960,160,0,0,0,0,104,0,0,0,0,113,8136
2644,1,1,0,0,0,0,0,0,0,0,0,100,100,100,0,0,0,0,100,100,100,100.000000,1600,4960,32.258065,10,10,10,10,104,4,0,4,100,4960,160,0,0,0,0,104,0,0,0,0,121,8136
2645,1,1,0,0,0,0,0,0,0,0,0,100,100,100,0,0,0,0,100,100,100,100.000000,1600,4960,32.258065,10,10,10,10,104,4,0,4,100,4960,160,0,0,0,0,104,0,0,0,0,112,8136
2646,1,1,0,0,0,0,0,0,0,0,0,100,100,100,0,0,0,0,100,100,100,100.000000,1600,4960,32.258065,10,10,10,10,104,4,0,4,100,4960,160,0,0,0,0,104,0,0,0,0,110,8136
2647,1,1,0,0,0,0,0,0,0,0,0,100,100,100,0,0,0,0,100,100,100,100.000000,1600,4960,32.258065,10,10,10,10,104,4,0,4,100,4960,160,0,0,0,0,104,0,0,0,0,111,8136
2648,1,1,0,0,0,0,0,0,0,0,0,100,100,100,0,0,0,0,100,100,100,100.000000,1600,4960,32.258065,10,10,10,10,104,4,0,4,100,4960,160,0,0,0,0,104,0,0,0,0,118,8136
2649,1,1,0,0,0,0,0,0,0,0,0,100,100,100,0,0,0,0,100,100,100,100.000000,1600,4960,32.258065,10,10,10,10,104,4,0,4,100,4960,160,0,0,0,0,104,0,0,0,0,115,8136
2650,1,1,0,0,0,0,0,0,0,0,0,100,100,100,0,0,0,0,100,100,100,100.000000,1600,4960,32.258065,10,10,10,10,104,4,0,4,100,4960,160,0,0,0,0,104,0,0,0,0,112,8136
2651,1,1,0,0,0,0,0,0,0,0,0,100,100,100,0,0,0,0,100,100,100,100.000000,1600,4960,32.258065,10,10,10,10,104,4,0,4,100,4960,160,0,0,0,0,104,0,0,0,0,118,8136
2652,1,1,0,0,0,0,0,0,0,0,0,100,100,100,0,0,0,0,100,100,100,100.000000,1600,4960,32.258065,10,10,10,10,104,4,0,4,100,4960,160,0,0,0,0,104,0,0,0,0,114,8136
2653,1,1,0,0,0,0,0,0,0,0,0,100,100,100,0,0,0,0,100,100,100,100.000000,1600,4960,32.258065,10,10,10,10,104,4,0,4,100,4960,160,0,0,0,0,104,0,0,0,0,119,8136
2654,1,1,0,0,0,0,0,0,0,0,0,100,100,100,0,0,0,0,100,100,100,100.000000,1600,4960,32.258065,10,10,10,10,104,4,0,4,100,4960,160,0,0,0,0,104,0,0,0,0,124,8136
2655,1,1,0,0,0,0,0,0,0,0,0,100,100,100,0,0,0,0,100,100,100,100.000000,1600,4960,32.258065,10,10,10,10,104,4,0,4,100,4960,160,0,0,0,0,104,0,0,0,0,112,8136
2656,1,1,0,0,0,0,0,0,0,0,0,100,100,100,0,0,0,0,100,100,100,100.000000,1600,4960,32.258065,10,10,10,10,104,4,0,4,100,4960,160,0,0,0,0,104,0,0,0,0,116,8136
2657,1,1,0,0,0,0,0,0,0,0,0,100,100,100,0,0,0,0,100,100,100,100.000000,1600,4960,32.258065,10,10,10,10,104,4,0,4,100,4960,160,0,0,0,0,104,0,0,0,0,113,8136
2658,1,1,0,0,0,0,0,0,0,0,0,100,100,100,0,0,0,0,100,100,100,100.000000,1600,4960,32.258065,10,10,10,10,104,4,0,4,100,4960,160,0,0,0,0,104,0,0,0,0,111,8136
2659,1,1,0,0,0,0,0,0,0,0,0,100,100,100,0,0,0,0,100,100,100,100.000000,1600,4960,32.258065,10,10,10,10,104,4,0,4,100,4960,160,0,0,0,0,104,0,0,0,0,105,8136
2660,1,1,0,0,0,0,0,0,0,0,0,100,100,100,0,0,0,0,100,100,100,100.000000,1600,4960,32.258065,10,10,10,10,104,4,0,4,100,4960,160,0,0,0,0,104,0,0,0,0,106,8136
2661,1,1,0,0,0,0,0,0,0,0,0,100,100,100,0,0,0,0,100,100,100,100.000000,1600,4960,32.258065,10,10,10,10,104,4,0,4,100,4960,160,0,0,0,0,104,0,0,0,0,106,8136
2662,1,1,0,0,0,0,0,0,0,0,0,100,100,100,0,0,0,0,100,100,100,100.000000,1600,4960,32.258065,10,10,10,10,104,4,0,4,100,4960,160,0,0,0,0,104,0,0,0,0,118,8136
2663,1,1,0,0,0,0,0,0,0,0,0,100,100,100,0,0,0,0,100,100,100,100.000000,1600,4960,32.258065,10,10,10,10,104,4,0,4,100,4960,160,0,0,0,0,104,0,0,0,0,114,8136
2664,1,1,0,0,0,0,0,0,0,0,0,100,100,100,0,0,0,0,100,100,100,100.000000,1600,4960,32.258065,10,10,10,10,104,4,0,4,100,4960,160,0,0,0,0,104,0,0,0,0,120,8136
2665,1,1,0,0,0,0,0,0,0,0,0,100,100,100,0,0,0,0,100,100,100,100.000000,1600,4960,32.258065,10,10,10,10,104,4,0,4,100,4960,160,0,0,0,0,104,0,0,0,0,117,8136
2666,1,1,0,0,0,0,0,0,0,0,0,100,100,100,0,0,0,0,100,100,100,100.000000,1600,4960,32.258065,10,10,10,10,104,4,0,4,100,4960,160,0,0,0,0,104,0,0,0,0,114,8136
2667,1,1,0,0,0,0,0,0,0,0,0,100,100,100,0,0,0,0,100,100,100,100.000000,1600,4960,32.258065,10,10,10,10,104,4,0,4,100,4960,160,0,0,0,0,104,0,0,0,0,128,8136
2668,1,1,0,0,0,0,0,0,0,0,0,100,100,100,0,0,0,0,100,100,100,100.000000,1600,4960,32.258065,10,10,10,10,104,4,0,4,100,4960,160,0,0,0,0,104,0,0,0,0,118,8136
2669,1,1,0,0,0,0,0,0,0,0,0,100,100,100,0,0,0,0,100,100,100,100.000000,1600,4960,32.258065,10,10,10,10,104,4,0,4,100,4960,160,0,0,0,0,104,0,0,0,0,112,8136
2670,1,1,0,0,0,0,0,0,0,0,0,100,100,100,0,0,0,0,100,100,100,100.000000,1600,4960,32.258065,10,10,10,10,104,4,0,4,100,4960,160,0,0,0,0,104,0,0,0,0,115,8136
2671,1,1,0,0,0,0,0,0,0,0,0,100,100,100,0,0,0,0,100,100,100,100.000000,1600,4960,32.258065,10,10,10,10,104,4,0,4,100,4960,160,0,0,0,0,104,0,0,0,0,109,8136
2672,1,1,0,0,0,0,0,0,0,0,0,100,100,100,0,0,0,0,100,100,100,100.000000,1600,4960,32.258065,10,10,10,10,104,4,0,4,100,4960,160,0,0,0,0,104,0,0,0,0,115,8136
2673,1,1,0,0,0,0,0,0,0,0,0,100,100,100,0,0,0,0,100,100,100,100.000000,1600,4960,32.258065,10,10,10,10,104,4,0,4,100,4960,160,0,0,0,0,104,0,0,0,0,113,8136
2674,1,1,0,0,0,0,0,0,0,0,0,100,100,100,0,0,0,0,100,100,100,100.000000,1600,4960,32.258065,10,10,10,10,104,4,0,4,100,4960,160,0,0,0,0,104,0,0,0,0,156,8136
2675,1,1,0,0,0,0,0,0,0,0,0,100,100,100,0,0,0,0,100,100,100,100.000000,1600,4960,32.258065,10,10,10,10,104,4,0,4,100,4960,160,0,0,0,0,104,0,0,0,0,121,8136
2676,1,1,0,0,0,0,0,0,0,0,0,100,100,100,0,0,0,0,100,100,100,100.000000,1600,4960,32.258065,10,10,10,10,104,4,0,4,100,4960,160,0,0,0,0,104,0,0,0,0,109,8136
2677,1,1,0,0,0,0,0,0,0,0,0,100,100,100,0,0,0,0,100,100,100,100.000000,1600,4960,32.258065,10,10,10,10,104,4,0,4,100,4960,160,0,0,0,0,104,0,0,0,0,120,8136
2678,1,1,0,0,0,0,0,0,0,0,0,100,100,100,0,0,0,0,100,100,100,100.000000,1600,4960,32.258065,10,10,10,10,104,4,0,4,100,4960,160,0,0,0,0,104,0,0,0,0,109,8136
2679,1,1,0,0,0,0,0,0,0,0,0,100,100,100,0,0,0,0,100,100,100,100.000000,1600,4960,32.258065,10,10,10,10,104,4,0,4,100,4960,160,0,0,0,0,104,0,0,0,0,107,8136
2680,1,1,0,0,0,0,0,0,0,0,0,100,100,100,0,0,0,0,100,100,100,100.000000,1600,4960,32.258065,10,10,10,10,104,4,0,4,100,4960,160,0,0,0,0,104,0,0,0,0,109,8136
2681,1,1,0,0,0,0,0,0,0,0,0,100,100,100,0,0,0,0,100,100,100,100.000000,1600,4960,32.258065,10,10,10,10,104,4,0,4,100,4960,160,0,0,0,0,104,0,0,0,0,132,8136
2682,1,1,0,0,0,0,0,0,0,0,0,100,100,100,0,0,0,0,100,100,100,100.000000,1600,4960,32.258065,10,10,10,10,104,4,0,4,100,4960,160,0,0,0,0,104,0,0,0,0,119,8136
2683,1,1,0,0,0,0,0,0,0,0,0,100,100,100,0,0,0,0,100,100,100,100.000000,1600,4960,32.258065,10,10,10,10,104,4,0,4,100,4960,160,0,0,0,0,104,0,0,0,0,117,8136
2684,1,1,0,0,0,0,0,0,0,0,0,100,100,100,0,0,0,0,100,100,100,100.000000,1600,4960,32.258065,10,10,10,10,104,4,0,4,100,4960,160,0,0,0,0,104,0,0,0,0,116,8136
2685,1,1,0,0,0,0,0,0,0,0,0,100,100,100,0,0,0,0,100,100,100,100.000000,1600,4960,32.258065,10,10,10,10,104,4,0,4,100,4960,160,0,0,0,0,104,0,0,0,0,108,8136
2686,1,1,0,0,0,0,0,0,0,0,0,100,100,100,0,0,0,0,100,100,100,100.000000,1600,4960,32.258065,10,10,10,10,104,4,0,4,100,4960,160,0,0,0,0,104,0,0,0,0,110,8136
2687,1,1,0,0,0,0,0,0,0,0,0,100,100,100,0,0,0,0,100,100,100,100.000000,1600,4960,32.258065,10,10,10,10,104,4,0,4,100,4960,160,0,0,0,0,104,0,0,0,0,108,8136
2688,1,1,0,0,0,0,0,0,0,0,0,100,100,100,0,0,0,0,100,100,100,100.000000,1600,4960,32.258065,10,10,10,10,104,4,0,4,100,4960,160,0,0,0,0,104,0,0,0,0,120,8136
2689,1,1,0,0,0,0,0,0,0,0,0,100,100,100,0,0,0,0,100,100,100,100.000000,1600,4960,32.258065,10,10,10,10,104,4,0,4,100,4960,160,0,0,0,0,104,0,0,0,0,124,8136
2690,1,1,0,0,0,0,0,0,0,0,0,100,100,100,0,0,0,0,100,100,100,100.000000,1600,4960,32.258065,10,10,10,10,104,4,0,4,100,4960,160,0,0,0,0,104,0,0,0,0,121,8136
2691,1,1,0,0,0,0,0,0,0,0,0,100,100,100,0,0,0,0,100,100,100,100.000000,1600,4960,32.258065,10,10,10,10,104,4,0,4,100,4960,160,0,0,0,0,104,0,0,0,0,150,8136
2692,1,1,0,0,0,0,0,0,0,0,0,100,100,100,0,0,0,0,100,100,100,100.000000,1600,4960,32.258065,10,10,10,10,104,4,0,4,100,4960,160,0,0,0,0,104,0,0,0,0,108,8136
2693,1,1,0,0,0,0,0,0,0,0,0,100,100,100,0,0,0,0,100,100,100,100.000000,1600,4960,32.258065,10,10,10,10,104,4,0,4,100,4960,160,0,0,0,0,104,0,0,0,0,111,8136
2694,1,1,0,0,0,0,0,0,0,0,0,100,100,100,0,0,0,0,100,100,100,100.000000,1600,4960,32.258065,10,10,10,10,104,4,0,4,100,4960,160,0,0,0,0,104,0,0,0,0,111,8136
2695,1,1,0,0,0,0,0,0,0,0,0,100,100,100,0,0,0,0,100,100,100,100.000000,1600,4960,32.258065,10,10,10,10,104,4,0,4,100,4960,160,0,0,0,0,104,0,0,0,0,115,8136
2696,1,1,0,0,0,0,0,0,0,0,0,100,100,100,0,0,0,0,100,100,100,100.000000,1600,4960,32.258065,10,10,10,10,104,4,0,4,100,4960,160,0,0,0,0,104,0,0,0,0,123,8136
2697,1,1,0,0,0,0,0,0,0,0,0,100,100,100,0,0,0,0,100,100,100,100.000000,1600,4960,32.258065,10,10,10,10,104,4,0,4,100,4960,160,0,0,0,0,104,0,0,0,0,122,8136
2698,1,1,0,0,0,0,0,0,0,0,0,100,100,100,0,0,0,0,100,100,100,100.000000,1600,4960,32.258065,10,10,10,10,104,4,0,4,100,4960,160,0,0,0,0,104,0,0,0,0,117,8136
2699,1,1,0,0,0,0,0,0,0,0,0,100,100,100,0,0,0,0,100,100,100,100.000000,1600,4960,32.258065,10,10,10,10,104,4,0,4,100,4960,160,0,0,0,0,104,0,0,0,0,104,8136
2700,1,1,0,0,0,0,0,0,0,0,0,100,100,100,0,0,0,0,100,100,100,100.000000,1600,4960,32.258065,10,10,10,10,104,4,0,4,100,4960,160,0,0,0,0,104,0,0,0,0,106,8136
2701,1,1,0,0,0,0,0,0,0,0,0,100,100,100,0,0,0,0,100,100,100,100.000000,1600,4960,32.258065,10,10,10,10,104,4,0,4,100,4960,160,0,0,0,0,104,0,0,0,0,112,8136
2702,1,1,0,0,0,0,0,0,0,0,0,100,100,100,0,0,0,0,100,100,100,100.000000,1600,4960,32.258065,10,10,10,10,104,4,0,4,100,4960,160,0,0,0,0,104,0,0,0,0,113,8136
2703,1,1,0,0,0,0,0,0,0,0,0,100,100,100,0,0,0,0,100,100,100,100.000000,1600,4960,32.258065,10,10,10,10,104,4,0,4,100,4960,160,0,0,0,0,104,0,0,0,0,112,8136
2704,1,1,0,0,0,0,0,0,0,0,0,100,100,100,0,0,0,0,100,100,100,100.000000,1600,4960,32.258065,10,10,10,10,104,4,0,4,100,4960,160,0,0,0,0,104,0,0,0,0,123,8136
2705,1,1,0,0,0,0,0,0,0,0,0,100,100,100,0,0,0,0,100,100,100,100.000000,1600,4960,32.258065,10,10,10,10,104,4,0,4,100,4960,160,0,0,0,0,104,0,0,0,0,153,8136
2706,1,1,0,0,0,0,0,0,0,0,0,100,100,100,0,0,0,0,100,100,100,100.000000,1600,4960,32.258065,10,10,10,10,104,4,0,4,100,4960,160,0,0,0,0,104,0,0,0,0,120,8136
2707,1,1,0,0,0,0,0,0,0,0,0,100,100,100,0,0,0,0,100,100,100,100.000000,1600,4960,32.258065,10,10,10,10,104,4,0,4,100,4960,160,0,0,0,0,104,0,0,0,0,110,8136
2708,1,1,0,0,0,0,0,0,0,0,0,100,100,100,0,0,0,0,100,100,100,100.000000,1600,4960,32.258065,10,10,10,10,104,4,0,4,100,4960,160,0,0,0,0,104,0,0,0,0,111,8136
2709,1,1,0,0,0,0,0,0,0,0,0,100,100,100,0,0,0,0,100,100,100,100.000000,1600,4960,32.258065,10,10,10,10,104,4,0,4,100,4960,160,0,0,0,0,104,0,0,0,0,115,8136
2710,1,1,0,0,0,0,0,0,0,0,0,100,100,100,0,0,0,0,100,100,100,100.000000,1600,4960,32.258065,10,10,10,10,104,4,0,4,100,4960,160,0,0,0,0,104,0,0,0,0,114,8136
2711,1,1,0,0,0,0,0,0,0,0,0,100,100,100,0,0,0,0,100,100,100,100.000000,1600,4960,32.258065,10,10,10,10,104,4,0,4,100,4960,160,0,0,0,0,104,0,0,0,0,105,8136
2712,1,1,0,0,0,0,0,0,0,0,0,100,100,100,0,0,0,0,100,100,100,100.000000,1600,4960,32.258065,10,10,10,10,104,4,0,4,100,4960,160,0,0,0,0,104,0,0,0,0,123,8136
2713,1,1,0,0,0,0,0,0,0,0,0,100,100,100,0,0,0,0,100,100,100,100.000000,1600,4960,32.258065,10,10,10,10,104,4,0,4,100,4960,160,0,0,0,0,104,0,0,0,0,116,8136
2714,1,1,0,0,0,0,0,0,0,0,0,100,100,100,0,0,0,0,100,100,100,100.000000,1600,4960,32.258065,10,10,10,10,104,4,0,4,100,4960,160,0,0,0,0,104,0,0,0,0,121,8136
2715,1,1,0,0,0,0,0,0,0,0,0,100,100,100,0,0,0,0,100,100,100,100.000000,1600,4960,32.258065,10,10,10,10,104,4,0,4,100,4960,160,0,0,0,0,104,0,0,0,0,117,8136
2716,1,1,0,0,0,0,0,0,0,0,0,100,100,100,0,0,0,0,100,100,100,100.000000,1600,4960,32.258065,10,10,10,10,104,4,0,4,100,4960,160,0,0,0,0,104,0,0,0,0,121,8136
2717,1,1,0,0,0,0,0,0,0,0,0,100,100,100,0,0,0,0,100,100,100,100.000000,1600,4960,32.258065,10,10,10,10,104,4,0,4,100,4960,160,0,0,0,0,104,0,0,0,0,109,8136
2718,1,1,0,0,0,0,0,0,0,0,0,100,100,100,0,0,0,0,100,100,100,100.000000,1600,4960,32.258065,10,10,10,10,104,4,0,4,100,4960,160,0,0,0,0,104,0,0,0,0,109,8136
2719,1,1,0,0,0,0,0,0,0,0,0,100,100,100,0,0,0,0,100,100,100,100.000000,1600,4960,32.258065,10,10,10,10,104,4,0,4,100,4960,160,0,0,0,0,104,0,0,0,0,115,8136
2720,1,1,0,0,0,0,0,0,0,0,0,100,100,100,0,0,0,0,100,100,100,100.000000,1600,4960,32.258065,10,10,10,10,104,4,0,4,100,4960,160,0,0,0,0,104,0,0,0,0,119,8136
2721,1,1,0,0,0,0,0,0,0,0,0,100,100,100,0,0,0,0,100,100,100,100.000000,1600,4960,32.258065,10,10,10,10,104,4,0,4,100,4960,160,0,0,0,0,104,0,0,0,0,117,8136
2722,1,1,0,0,0,0,0,0,0,0,0,100,100,100,0,0,0,0,100,100,100,100.000000,1600,4960,32.258065,10,10,10,10,104,4,0,4,100,4960,160,0,0,0,0,104,0,0,0,0,113,8136
2723,1,1,0,0,0,0,0,0,0,0,0,100,100,100,0,0,0,0,100,100,100,100.000000,1600,4960,32.258065,10,10,10,10,104,4,0,4,100,4960,160,0,0,0,0,104,0,0,0,0,111,8136
2724,1,1,0,0,0,0,0,0,0,0,0,100,100,100,0,0,0,0,100,100,100,100.000000,1600,4960,32.258065,10,10,10,10,104,4,0,4,100,4960,160,0,0,0,0,104,0,0,0,0,115,8136
2725,1,1,0,0,0,0,0,0,0,0,0,100,100,100,0,0,0,0,100,100,100,100.000000,1600,4960,32.258065,10,10,10,10,104,4,0,4,100,4960,160,0,0,0,0,104,0,0,0,0,121,8136
2726,1,1,0,0,0,0,0,0,0,0,0,100,100,100,0,0,0,0,100,100,100,100.000000,1600,4960,32.258065,10,10,10,10,104,4,0,4,100,4960,160,0,0,0,0,104,0,0,0,0,177,8136
2727,1,1,0,0,0,0,0,0,0,0,0,100,100,100,0,0,0,0,100,100,100,100.000000,1600,4960,32.258065,10,10,10,10,104,4,0,4,100,4960,160,0,0,0,0,104,0,0,0,0,117,8136
2728,1,1,0,0,0,0,0,0,0,0,0,100,100,100,0,0,0,0,100,100,100,100.000000,1600,4960,32.258065,10,10,10,10,104,4,0,4,100,4960,160,0,0,0,0,104,0,0,0,0,117,8136
2729,1,1,0,0,0,0,0,0,0,0,0,100,100,100,0,0,0,0,100,100,100,100.000000,1600,4960,32.258065,10,10,10,10,104,4,0,4,100,4960,160,0,0,0,0,104,0,0,0,0,113,8136
2730,1,1,0,0,0,0,0,0,0,0,0,100,100,100,0,0,0,0,100,100,100,100.000000,1600,4960,32.258065,10,10,10,10,104,4,0,4,100,4960,160,0,0,0,0,104,0,0,0,0,110,8136
2731,1,1,0,0,0,0,0,0,0,0,0,100,100,100,0,0,0,0,100,100,100,100.000000,1600,4960,32.258065,10,10,10,10,104,4,0,4,100,4960,160,0,0,0,0,104,0,0,0,0,106,8136
2732,1,1,0,0,0,0,0,0,0,0,0,100,100,100,0,0,0,0,100,100,100,100.000000,1600,4960,32.258065,10,10,10,10,104,4,0,4,100,4960,160,0,0,0,0,104,0,0,0,0,113,8136
2733,1,1,0,0,0,0,0,0,0,0,0,100,100,100,0,0,0,0,100,100,100,100.000000,1600,4960,32.258065,10,10,10,10,104,4,0,4,100,4960,160,0,0,0,0,104,0,0,0,0,164,8136
2734,1,1,0,0,0,0,0,0,0,0,0,100,100,100,0,0,0,0,100,100,100,100.000000,1600,4960,32.258065,10,10,10,10,104,4,0,4,100,4960,160,0,0,0,0,104,0,0,0,0,112,8136
2735,1,1,0,0,0,0,0,0,0,0,0,100,100,100,0,0,0,0,100,100,100,100.000000,1600,4960,32.258065,10,10,10,10,104,4,0,4,100,4960,160,0,0,0,0,104,0,0,0,0,114,8136
2736,1,1,0,0,0,0,0,0,0,0,0,100,100,100,0,0,0,0,100,100,100,100.000000,1600,4960,32.258065,10,10,10,10,104,4,0,4,100,4960,160,0,0,0,0,104,0,0,0,0,122,8136
2737,1,1,0,0,0,0,0,0,0,0,0,100,100,100,0,0,0,0,100,100,100,100.000000,1600,4960,32.258065,10,10,10,10,104,4,0,4,100,4960,160,0,0,0,0,104,0,0,0,0,117,8136
2738,1,1,0,0,0,0,0,0,0,0,0,100,100,100,0,0,0,0,100,100,100,100.000000,1600,4960,32.258065,10,10,10,10,104,4,0,4,100,4960,160,0,0,0,0,104,0,0,0,0,111,8136
2739,1,1,0,0,0,0,0,0,0,0,0,100,100,100,0,0,0,0,100,100,100,100.000000,1600,4960,32.258065,10,10,10,10,104,4,0,4,100,4960,160,0,0,0,0,104,0,0,0,0,105,8136
2740,1,1,0,0,0,0,0,0,0,0,0,100,100,100,0,0,0,0,100,100,100,100.000000,1600,4960,32.258065,10,10,10,10,104,4,0,4,100,4960,160,0,0,0,0,104,0,0,0,0,106,8136
2741,1,1,0,0,0,0,0,0,0,0,0,100,100,100,0,0,0,0,100,100,100,100.000000,1600,4960,32.258065,10,10,10,10,104,4,0,4,100,4960,160,0,0,0,0,104,0,0,0,0,107,8136
2742,1,1,0,0,0,0,0,0,0,0,0,100,100,100,0,0,0,0,100,100,100,100.000000,1600,4960,32.258065,10,10,10,10,104,4,0,4,100,4960,160,0,0,0,0,104,0,0,0,0,112,8136
2743,1,1,0,0,0,0,0,0,0,0,0,100,100,100,0,0,0,0,100,100,100,100.000000,1600,4960,32.258065,10,10,10,10,104,4,0,4,100,4960,160,0,0,0,0,104,0,0,0,0,112,8136
2744,1,1,0,0,0,0,0,0,0,0,0,100,100,100,0,0,0,0,100,100,100,100.000000,1600,4960,32.258065,10,10,10,10,104,4,0,4,100,4960,160,0,0,0,0,104,0,0,0,0,123,8136
2745,1,1,0,0,0,0,0,0,0,0,0,100,100,100,0,0,0,0,100,100,100,100.000000,1600,4960,32.258065,10,10,10,10,104,4,0,4,100,4960,160,0,0,0,0,104,0,0,0,0,114,8136
2746,1,1,0,0,0,0,0,0,0,0,0,100,100,100,0,0,0,0,100,100,100,100.000000,1600,4960,32.258065,10,10,10,10,104,4,0,4,100,4960,160,0,0,0,0,104,0,0,0,0,122,8136
2747,1,1,0,0,0,0,0,0,0,0,0,100,100,100,0,0,0,0,100,100,100,100.000000,1600,4960,32.258065,10,10,10,10,104,4,0,4,100,4960,160,0,0,0,0,104,0,0,0,0,118,8136
2748,1,1,0,0,0,0,0,0,0,0,0,100,100,100,0,0,0,0,100,100,100,100.000000,1600,4960,32.258065,10,10,10,10,104,4,0,4,100,4960,160,0,0,0,0,104,0,0,0,0,175,8136
2749,1,1,0,0,0,0,0,0,0,0,0,100,100,100,0,0,0,0,100,100,100,100.000000,1600,4960,32.258065,10,10,10,10,104,4,0,4,100,4960,160,0,0,0,0,104,0,0,0,0,124,8136
2750,1,1,0,0,0,0,0,0,0,0,0,100,100,100,0,0,0,0,100,100,100,100.000000,1600,4960,32.258065,10,10,10,10,104,4,0,4,100,4960,160,0,0,0,0,104,0,0,0,0,127,8136
2751,1,1,0,0,0,0,0,0,0,0,0,100,100,100,0,0,0,0,100,100,100,100.000000,1600,4960,32.258065,10,10,10,10,104,4,0,4,100,4960,160,0,0,0,0,104,0,0,0,0,112,8136
2752,1,1,0,0,0,0,0,0,0,0,0,100,100,100,0,0,0,0,100,100,100,100.000000,1600,4960,32.258065,10,10,10,10,104,4,0,4,100,4960,160,0,0,0,0,104,0,0,0,0,117,8136
2753,1,1,0,0,0,0,0,0,0,0,0,100,100,100,0,0,0,0,100,100,100,100.000000,1600,4960,32.258065,10,10,10,10,104,4,0,4,100,4960,160,0,0,0,0,104,0,0,0,0,149,8136
2754,1,1,0,0,0,0,0,0,0,0,0,100,100,100,0,0,0,0,100,100,100,100.000000,1600,4960,32.258065,10,10,10,10,104,4,0,4,100,4960,160,0,0,0,0,104,0,0,0,0,118,8136
2755,1,1,0,0,0,0,0,0,0,0,0,100,100,100,0,0,0,0,100,100,100,100.000000,1600,4960,32.258065,10,10,10,10,104,4,0,4,100,4960,160,0,0,0,0,104,0,0,0,0,122,8136
2756,1,1,0,0,0,0,0,0,0,0,0,100,100,100,0,0,0,0,100,100,100,100.000000,1600,4960,32.258065,10,10,10,10,104,4,0,4,100,4960,160,0,0,0,0,104,0,0,0,0,106,8136
2757,1,1,0,0,0,0,0,0,0,0,0,100,100,100,0,0,0,0,100,100,100,100.000000,1600,4960,32.258065,10,10,10,10,104,4,0,4,100,4960,160,0,0,0,0,104,0,0,0,0,110,8136
2758,1,1,0,0,0,0,0,0,0,0,0,100,100,100,0,0,0,0,100,100,100,100.000000,1600,4960,32.258065,10,10,10,10,104,4,0,4,100,4960,160,0,0,0,0,104,0,0,0,0,114,8136
2759,1,1,0,0,0,0,0,0,0,0,0,100,100,100,0,0,0,0,100,100,100,100.000000,1600,4960,32.258065,10,10,10,10,104,4,0,4,100,4960,160,0,0,0,0,104,0,0,0,0,120,8136
2760,1,1,0,0,0,0,0,0,0,0,0,100,100,100,0,0,0,0,100,100,100,100.000000,1600,4960,32.258065,10,10,10,10,104,4,0,4,100,4960,160,0,0,0,0,104,0,0,0,0,123,8136
2761,1,1,0,0,0,0,0,0,0,0,0,100,100,100,0,0,0,0,100,100,100,100.000000,1600,4960,32.258065,10,10,10,10,104,4,0,4,100,4960,160,0,0,0,0,104,0,0,0,0,117,8136
2762,1,1,0,0,0,0,0,0,0,0,0,100,100,100,0,0,0,0,100,100,100,100.000000,1600,4960,32.258065,10,10,10,10,104,4,0,4,100,4960,160,0,0,0,0,104,0,0,0,0,115,8136
2763,1,1,0,0,0,0,0,0,0,0,0,100,100,100,0,0,0,0,100,100,100,100.000000,1600,4960,32.258065,10,10,10,10,104,4,0,4,100,4960,160,0,0,0,0,104,0,0,0,0,104,8136
2764,1,1,0,0,0,0,0,0,0,0,0,100,100,100,0,0,0,0,100,100,100,100.000000,1600,4960,32.258065,10,10,10,10,104,4,0,4,100,4960,160,0,0,0,0,104,0,0,0,0,110,8136
2765,1,1,0,0,0,0,0,0,0,0,0,100,100,100,0,0,0,0,100,100,100,100.000000,1600,4960,32.258065,10,10,10,10,104,4,0,4,100,4960,160,0,0,0,0,104,0,0,0,0,113,8136
2766,1,1,0,0,0,0,0,0,0,0,0,100,100,100,0,0,0,0,100,100,100,100.000000,1600,4960,32.258065,10,10,10,10,104,4,0,4,100,4960,160,0,0,0,0,104,0,0,0,0,113,8136
2767,1,1,0,0,0,0,0,0,0,0,0,100,100,100,0,0,0,0,100,100,100,100.000000,1600,4960,32.258065,10,10,10,10,104,4,0,4,100,4960,160,0,0,0,0,104,0,0,0,0,110,8136
2768,1,1,0,0,0,0,0,0,0,0,0,100,100,100,0,0,0,0,100,100,100,100.000000,1600,4960,32.258065,10,10,10,10,104,4,0,4,100,4960,160,0,0,0,0,104,0,0,0,0,117,8136
2769,1,1,0,0,0,0,0,0,0,0,0,100,100,100,0,0,0,0,100,100,100,100.000000,1600,4960,32.258065,10,10,10,10,104,4,0,4,100,4960,160,0,0,0,0,104,0,0,0,0,117,8136
2770,1,1,0,0,0,0,0,0,0,0,0,100,100,100,0,0,0,0,100,100,100,100.000000,1600,4960,32.258065,10,10,10,10,104,4,0,4,100,4960,160,0,0,0,0,104,0,0,0,0,121,8136
2771,1,1,0,0,0,0,0,0,0,0,0,100,100,100,0,0,0,0,100,100,100,100.000000,1600,4960,32.258065,10,10,10,10,104,4,0,4,100,4960,160,0,0,0,0,104,0,0,0,0,117,8136
2772,1,1,0,0,0,0,0,0,0,0,0,100,100,100,0,0,0,0,100,100,100,100.000000,1600,4960,32.258065,10,10,10,10,104,4,0,4,100,4960,160,0,0,0,0,104,0,0,0,0,155,8136
2773,1,1,0,0,0,0,0,0,0,0,0,100,100,100,0,0,0,0,100,100,100,100.000000,1600,4960,32.258065,10,10,10,10,104,4,0,4,100,4960,160,0,0,0,0,104,0,0,0,0,119,8136
2774,1,1,0,0,0,0,0,0,0,0,0,100,100,100,0,0,0,0,100,100,100,100.000000,1600,4960,32.258065,10,10,10,10,104,4,0,4,100,4960,160,0,0,0,0,104,0,0,0,0,108,8136
2775,1,1,0,0,0,0,0,0,0,0,0,100,100,100,0,0,0,0,100,100,100,100.000000,1600,4960,32.258065,10,10,10,10,104,4,0,4,100,4960,160,0,0,0,0,104,0,0,0,0,110,8136
2776,1,1,0,0,0,0,0,0,0,0,0,100,100,100,0,0,0,0,100,100,100,100.000000,1600,4960,32.258065,10,10,10,10,104,4,0,4,100,4960,160,0,0,0,0,104,0,0,0,0,113,8136
2777,1,1,0,0,0,0,0,0,0,0,0,100,100,100,0,0,0,0,100,100,100,100.000000,1600,4960,32.258065,10,10,10,10,104,4,0,4,100,4960,160,0,0,0,0,104,0,0,0,0,120,8136
2778,1,1,0,0,0,0,0,0,0,0,0,100,100,100,0,0,0,0,100,100,100,100.000000,1600,4960,32.258065,10,10,10,10,104,4,0,4,100,4960,160,0,0,0,0,104,0,0,0,0,123,8136
2779,1,1,0,0,0,0,0,0,0,0,0,100,100,100,0,0,0,0,100,100,100,100.000000,1600,4960,32.258065,10,10,10,10,104,4,0,4,100,4960,160,0,0,0,0,104,0,0,0,0,122,8136
2780,1,1,0,0,0,0,0,0,0,0,0,100,100,100,0,0,0,0,100,100,100,100.000000,1600,4960,32.258065,10,10,10,10,104,4,0,4,100,4960,160,0,0,0,0,104,0,0,0,0,112,8136
2781,1,1,0,0,0,0,0,0,0,0,0,100,100,100,0,0,0,0,100,100,100,100.000000,1600,4960,32.258065,10,10,10,10,104,4,0,4,100,4960,160,0,0,0,0,104,0,0,0,0,128,8136
2782,1,1,0,0,0,0,0,0,0,0,0,100,100,100,0,0,0,0,100,100,100,100.000000,1600,4960,32.258065,10,10,10,10,104,4,0,4,100,4960,160,0,0,0,0,104,0,0,0,0,123,8136
2783,1,1,0,0,0,0,0,0,0,0,0,100,100,100,0,0,0,0,100,100,100,100.000000,1600,4960,32.258065,10,10,10,10,104,4,0,4,100,4960,160,0,0,0,0,104,0,0,0,0,120,8136
2784,1,1,0,0,0,0,0,0,0,0,0,100,100,100,0,0,0,0,100,100,100,100.000000,1600,4960,32.258065,10,10,10,10,104,4,0,4,100,4960,160,0,0,0,0,104,0,0,0,0,114,8136
2785,1,1,0,0,0,0,0,0,0,0,0,100,100,100,0,0,0,0,100,100,100,100.000000,1600,4960,32.258065,10,10,10,10,104,4,0,4,100,4960,160,0,0,0,0,104,0,0,0,0,119,8136
2786,1,1,0,0,0,0,0,0,0,0,0,100,100,100,0,0,0,0,100,100,100,100.000000,1600,4960,32.258065,10,10,10,10,104,4,0,4,100,4960,160,0,0,0,0,104,0,0,0,0,124,8136
2787,1,1,0,0,0,0,0,0,0,0,0,100,100,100,0,0,0,0,100,100,100,100.000000,1600,4960,32.258065,10,10,10,10,104,4,0,4,100,4960,160,0,0,0,0,104,0,0,0,0,116,8136
2788,1,1,0,0,0,0,0,0,0,0,0,100,100,100,0,0,0,0,100,100,100,100.000000,1600,4960,32.258065,10,10,10,10,104,4,0,4,100,4960,160,0,0,0,0,104,0,0,0,0,113,8136
2789,1,1,0,0,0,0,0,0,0,0,0,100,100,100,0,0,0,0,100,100,100,100.000000,1600,4960,32.258065,10,10,10,10,104,4,0,4,100,4960,160,0,0,0,0,104,0,0,0,0,107,8136
2790,1,1,0,0,0,0,0,0,0,0,0,100,100,100,0,0,0,0,100,100,100,100.000000,1600,4960,32.258065,10,10,10,10,104,4,0,4,100,4960,160,0,0,0,0,104,0,0,0,0,109,8136
2791,1,1,0,0,0,0,0,0,0,0,0,100,100,100,0,0,0,0,100,100,100,100.000000,1600,4960,32.258065,10,10,10,10,104,4,0,4,100,4960,160,0,0,0,0,104,0,0,0,0,112,8136
2792,1,1,0,0,0,0,0,0,0,0,0,100,100,100,0,0,0,0,100,100,100,100.000000,1600,4960,32.258065,10,10,10,10,104,4,0,4,100,4960,160,0,0,0,0,104,0,0,0,0,113,8136
2793,1,1,0,0,0,0,0,0,0,0,0,100,100,100,0,0,0,0,100,100,100,100.000000,1600,4960,32.258065,10,10,10,10,104,4,0,4,100,4960,160,0,0,0,0,104,0,0,0,0,109,8136
2794,1,1,0,0,0,0,0,0,0,0,0,100,100,100,0,0,0,0,100,100,100,100.000000,1600,4960,32.258065,10,10,10,10,104,4,0,4,100,4960,160,0,0,0,0,104,0,0,0,0,109,8136
2795,1,1,0,0,0,0,0,0,0,0,0,100,100,100,0,0,0,0,100,100,100,100.000000,1600,4960,32.258065,10,10,10,10,104,4,0,4,100,4960,160,0,0,0,0,104,0,0,0,0,114,8136
2796,1,1,0,0,0,0,0,0,0,0,0,100,100,100,0,0,0,0,100,100,100,100.000000,1600,4960,32.258065,10,10,10,10,104,4,0,4,100,4960,160,0,0,0,0,104,0,0,0,0,111,8136
2797,1,1,0,0,0,0,0,0,0,0,0,100,100,100,0,0,0,0,100,100,100,100.000000,1600,4960,32.258065,10,10,10,10,104,4,0,4,100,4960,160,0,0,0,0,104,0,0,0,0,103,8136
2798,1,1,0,0,0,0,0,0,0,0,0,100,100,100,0,0,0,0,100,100,100,100.000000,1600,4960,32.258065,10,10,10,10,104,4,0,4,100,4960,160,0,0,0,0,104,0,0,0,0,109,8136
2799,1,1,0,0,0,0,0,0,0,0,0,100,100,100,0,0,0,0,100,100,100,100.000000,1600,4960,32.258065,10,10,10,10,104,4,0,4,100,4960,160,0,0,0,0,104,0,0,0,0,104,8136
2800,1,1,0,0,0,0,0,0,0,0,0,100,100,100,0,0,0,0,100,100,100,100.000000,1600,4960,32.258065,10,10,10,10,104,4,0,4,100,4960,160,0,0,0,0,104,0,0,0,0,106,8136
2801,1,1,0,0,0,0,0,0,0,0,0,100,100,100,0,0,0,0,100,100,100,100.000000,1600,4960,32.258065,10,10,10,10,104,4,0,4,100,4960,160,0,0,0,0,104,0,0,0,0,113,8136
2802,1,1,0,0,0,0,0,0,0,0,0,100,100,100,0,0,0,0,100,100,100,100.000000,1600,4960,32.258065,10,10,10,10,104,4,0,4,100,4960,160,0,0,0,0,104,0,0,0,0,116,8136
2803,1,1,0,0,0,0,0,0,0,0,0,100,100,100,0,0,0,0,100,100,100,100.000000,1600,4960,32.258065,10,10,10,10,104,4,0,4,100,4960,160,0,0,0,0,104,0,0,0,0,108,8136
2804,1,1,0,0,0,0,0,0,0,0,0,100,100,100,0,0,0,0,100,100,100,100.000000,1600,4960,32.258065,10,10,10,10,104,4,0,4,100,4960,160,0,0,0,0,104,0,0,0,0,104,8136
2805,1,1,0,0,0,0,0,0,0,0,0,100,100,100,0,0,0,0,100,100,100,100.000000,1600,4960,32.258065,10,10,10,10,104,4,0,4,100,4960,160,0,0,0,0,104,0,0,0,0,106,8136
2806,1,1,0,0,0,0,0,0,0,0,0,100,100,100,0,0,0,0,100,100,100,100.000000,1600,4960,32.258065,10,10,10,10,104,4,0,4,100,4960,160,0,0,0,0,104,0,0,0,0,102,8136
2807,1,1,0,0,0,0,0,0,0,0,0,100,100,100,0,0,0,0,100,100,100,100.000000,1600,4960,32.258065,10,10,10,10,104,4,0,4,100,4960,160,0,0,0,0,104,0,0,0,0,106,8136
2808,1,1,0,0,0,0,0,0,0,0,0,100,100,100,0,0,0,0,100,100,100,100.000000,1600,4960,32.258065,10,10,10,10,104,4,0,4,100,4960,160,0,0,0,0,104,0,0,0,0,114,8136
2809,1,1,0,0,0,0,0,0,0,0,0,100,100,100,0,0,0,0,100,100,100,100.000000,1600,4960,32.258065,10,10,10,10,104,4,0,4,100,4960,160,0,0,0,0,104,0,0,0,0,117,8136
2810,1,1,0,0,0,0,0,0,0,0,0,100,100,100,0,0,0,0,100,100,100,100.000000,1600,4960,32.258065,10,10,10,10,104,4,0,4,100,4960,160,0,0,0,0,104,0,0,0,0,115,8136
2811,1,1,0,0,0,0,0,0,0,0,0,100,100,100,0,0,0,0,100,100,100,100.000000,1600,4960,32.258065,10,10,10,10,104,4,0,4,100,4960,160,0,0,0,0,104,0,0,0,0,113,8136
2812,1,1,0,0,0,0,0,0,0,0,0,100,100,100,0,0,0,0,100,100,100,100.000000,1600,4960,32.258065,10,10,10,10,104,4,0,4,100,4960,160,0,0,0,0,104,0,0,0,0,108,8136
2813,1,1,0,0,0,0,0,0,0,0,0,100,100,100,0,0,0,0,100,100,100,100.000000,1600,4960,32.258065,10,10,10,10,104,4,0,4,100,4960,160,0,0,0,0,104,0,0,0,0,108,8136
2814,1,1,0,0,0,0,0,0,0,0,0,100,100,100,0,0,0,0,100,100,100,100.000000,1600,4960,32.258065,10,10,10,10,104,4,0,4,100,4960,160,0,0,0,0,104,0,0,0,0,108,8136
2815,1,1,0,0,0,0,0,0,0,0,0,100,100,100,0,0,0,0,100,100,100,100.000000,1600,4960,32.258065,10,10,10,10,104,4,0,4,100,4960,160,0,0,0,0,104,0,0,0,0,106,8136
2816,1,1,0,0,0,0,0,0,0,0,0,100,100,100,0,0,0,0,100,100,100,100.000000,1600,4960,32.258065,10,10,10,10,104,4,0,4,100,4960,160,0,0,0,0,104,0,0,0,0,115,8136
2817,1,1,0,0,0,0,0,0,0,0,0,100,100,100,0,0,0,0,100,100,100,100.000000,1600,4960,32.258065,10,10,10,10,104,4,0,4,100,4960,160,0,0,0,0,104,0,0,0,0,117,8136
2818,1,1,0,0,0,0,0,0,0,0,0,100,100,100,0,0,0,0,100,100,100,100.000000,1600,4960,32.258065,10,10,10,10,104,4,0,4,100,4960,160,0,0,0,0,104,0,0,0,0,115,8136
2819,1,1,0,0,0,0,0,0,0,0,0,100,100,100,0,0,0,0,100,100,100,100.000000,1600,4960,32.258065,10,10,10,10,104,4,0,4,100,4960,160,0,0,0,0,104,0,0,0,0,113,8136
2820,1,1,0,0,0,0,0,0,0,0,0,100,100,100,0,0,0,0,100,100,100,100.000000,1600,4960,32.258065,10,10,10,10,104,4,0,4,100,4960,160,0,0,0,0,104,0,0,0,0,112,8136
2821,1,1,0,0,0,0,0,0,0,0,0,100,100,100,0,0,0,0,100,100,100,100.000000,1600,4960,32.258065,10,10,10,10,104,4,0,4,100,4960,160,0,0,0,0,104,0,0,0,0,115,8136
2822,1,1,0,0,0,0,0,0,0,0,0,100,100,100,0,0,0,0,100,100,100,100.000000,1600,4960,32.258065,10,10,10,10,104,4,0,4,100,4960,160,0,0,0,0,104,0,0,0,0,108,8136
2823,1,1,0,0,0,0,0,0,0,0,0,100,100,100,0,0,0,0,100,100,100,100.000000,1600,4960,32.258065,10,10,10,10,104,4,0,4,100,4960,160,0,0,0,0,104,0,0,0,0,108,8136
2824,1,1,0,0,0,0,0,0,0,0,0,100,100,100,0,0,0,0,100,100,100,100.000000,1600,4960,32.258065,10,10,10,10,104,4,0,4,100,4960,160,0,0,0,0,104,0,0,0,0,117,8136
2825,1,1,0,0,0,0,0,0,0,0,0,100,100,100,0,0,0,0,100,100,100,100.000000,1600,4960,32.258065,10,10,10,10,104,4,0,4,100,4960,160,0,0,0,0,104,0,0,0,0,119,8136
2826,1,1,0,0,0,0,0,0,0,0,0,100,100,100,0,0,0,0,100,100,100,100.000000,1600,4960,32.258065,10,10,10,10,104,4,0,4,100,4960,160,0,0,0,0,104,0,0,0,0,123,8136
2827,1,1,0,0,0,0,0,0,0,0,0,100,100,100,0,0,0,0,100,100,100,100.000000,1600,4960,32.258065,10,10,10,10,104,4,0,4,100,4960,160,0,0,0,0,104,0,0,0,0,107,8136
2828,1,1,0,0,0,0,0,0,0,0,0,100,100,100,0,0,0,0,100,100,100,100.000000,1600,4960,32.258065,10,10,10,10,104,4,0,4,100,4960,160,0,0,0,0,104,0,0,0,0,110,8136
2829,1,1,0,0,0,0,0,0,0,0,0,100,100,100,0,0,0,0,100,100,100,100.000000,1600,4960,32.258065,10,10,10,10,104,4,0,4,100,4960,160,0,0,0,0,104,0,0,0,0,109,8136
2830,1,1,0,0,0,0,0,0,0,0,0,100,100,100,0,0,0,0,100,100,100,100.000000,1600,4960,32.258065,10,10,10,10,104,4,0,4,100,4960,160,0,0,0,0,104,0,0,0,0,108,8136
2831,1,1,0,0,0,0,0,0,0,0,0,100,100,100,0,0,0,0,100,100,100,100.000000,1600,4960,32.258065,10,10,10,10,104,4,0,4,100,4960,160,0,0,0,0,104,0,0,0,0,110,8136
2832,1,1,0,0,0,0,0,0,0,0,0,100,100,100,0,0,0,0,100,100,100,100.000000,1600,4960,32.258065,10,10,10,10,104,4,0,4,100,4960,160,0,0,0,0,104,0,0,0,0,128,8136
2833,1,1,0,0,0,0,0,0,0,0,0,100,100,100,0,0,0,0,100,100,100,100.000000,1600,4960,32.258065,10,10,10,10,104,4,0,4,100,4960,160,0,0,0,0,104,0,0,0,0,116,8136
2834,1,1,0,0,0,0,0,0,0,0,0,100,100,100,0,0,0,0,100,100,100,100.000000,1600,4960,32.258065,10,10,10,10,104,4,0,4,100,4960,160,0,0,0,0,104,0,0,0,0,116,8136
2835,1,1,0,0,0,0,0,0,0,0,0,100,100,100,0,0,0,0,100,100,100,100.000000,1600,4960,32.258065,10,10,10,10,104,4,0,4,100,4960,160,0,0,0,0,104,0,0,0,0,106,8136
2836,1,1,0,0,0,0,0,0,0,0,0,100,100,100,0,0,0,0,100,100,100,100.000000,1600,4960,32.258065,10,10,10,10,104,4,0,4,100,4960,160,0,0,0,0,104,0,0,0,0,111,8136
2837,1,1,0,0,0,0,0,0,0,0,0,100,100,100,0,0,0,0,100,100,100,100.000000,1600,4960,32.258065,10,10,10,10,104,4,0,4,100,4960,160,0,0,0,0,104,0,0,0,0,111,8136
2838,1,1,0,0,0,0,0,0,0,0,0,100,100,100,0,0,0,0,100,100,100,100.000000,1600,4960,32.258065,10,10,10,10,104,4,0,4,100,4960,160,0,0,0,0,104,0,0,0,0,106,8136
2839,1,1,0,0,0,0,0,0,0,0,0,100,100,100,0,0,0,0,100,100,100,100.000000,1600,4960,32.258065,10,10,10,10,104,4,0,4,100,4960,160,0,0,0,0,104,0,0,0,0,117,8136
2840,1,1,0,0,0,0,0,0,0,0,0,100,100,100,0,0,0,0,100,100,100,100.000000,1600,4960,32.258065,10,10,10,10,104,4,0,4,100,4960,160,0,0,0,0,104,0,0,0,0,116,8136
2841,1,1,0,0,0,0,0,0,0,0,0,100,100,100,0,0,0,0,100,100,100,100.000000,1600,4960,32.258065,10,10,10,10,104,4,0,4,100,4960,160,0,0,0,0,104,0,0,0,0,110,8136
2842,1,1,0,0,0,0,0,0,0,0,0,100,100,100,0,0,0,0,100,100,100,100.000000,1600,4960,32.258065,10,10,10,10,104,4,0,4,100,4960,160,0,0,0,0,104,0,0,0,0,115,8136
2843,1,1,0,0,0,0,0,0,0,0,0,100,100,100,0,0,0,0,100,100,100,100.000000,1600,4960,32.258065,10,10,10,10,104,4,0,4,100,4960,160,0,0,0,0,104,0,0,0,0,108,8136
2844,1,1,0,0,0,0,0,0,0,0,0,100,100,100,0,0,0,0,100,100,100,100.000000,1600,4960,32.258065,10,10,10,10,104,4,0,4,100,4960,160,0,0,0,0,104,0,0,0,0,108,8136
2845,1,1,0,0,0,0,0,0,0,0,0,100,100,100,0,0,0,0,100,100,100,100.000000,1600,4960,32.258065,10,10,10,10,104,4,0,4,100,4960,160,0,0,0,0,104,0,0,0,0,103,8136
2846,1,1,0,0,0,0,0,0,0,0,0,100,100,100,0,0,0,0,100,100,100,100.000000,1600,4960,32.258065,10,10,10,10,104,4,0,4,100,4960,160,0,0,0,0,104,0,0,0,0,119,8136
2847,1,1,0,0,0,0,0,0,0,0,0,100,100,100,0,0,0,0,100,100,100,100.000000,1600,4960,32.258065,10,10,10,10,104,4,0,4,100,4960,160,0,0,0,0,104,0,0,0,0,110,8136
2848,1,1,0,0,0,0,0,0,0,0,0,100,100,100,0,0,0,0,100,100,100,100.000000,1600,4960,32.258065,10,10,10,10,104,4,0,4,100,4960,160,0,0,0,0,104,0,0,0,0,113,8136
2849,1,1,0,0,0,0,0,0,0,0,0,100,100,100,0,0,0,0,100,100,100,100.000000,1600,4960,32.258065,10,10,10,10,104,4,0,4,100,4960,160,0,0,0,0,104,0,0,0,0,114,8136
2850,1,1,0,0,0,0,0,0,0,0,0,100,100,100,0,0,0,0,100,100,100,100.000000,1600,4960,32.258065,10,10,10,10,104,4,0,4,100,4960,160,0,0,0,0,104,0,0,0,0,115,8136
2851,1,1,0,0,0,0,0,0,0,0,0,100,100,100,0,0,0,0,100,100,100,100.000000,1600,4960,32.258065,10,10,10,10,104,4,0,4,100,4960,160,0,0,0,0,104,0,0,0,0,108,8136
2852,1,1,0,0,0,0,0,0,0,0,0,100,100,100,0,0,0,0,100,100,100,100.000000,1600,4960,32.258065,10,10,10,10,104,4,0,4,100,4960,160,0,0,0,0,104,0,0,0,0,107,8136
2853,1,1,0,0,0,0,0,0,0,0,0,100,100,100,0,0,0,0,100,100,100,100.000000,1600,4960,32.258065,10,10,10,10,104,4,0,4,100,4960,160,0,0,0,0,104,0,0,0,0,110,8136
2854,1,1,0,0,0,0,0,0,0,0,0,100,100,100,0,0,0,0,100,100,100,100.000000,1600,4960,32.258065,10,10,10,10,104,4,0,4,100,4960,160,0,0,0,0,104,0,0,0,0,106,8136
2855,1,1,0,0,0,0,0,0,0,0,0,100,100,100,0,0,0,0,100,100,100,100.000000,1600,4960,32.258065,10,10,10,10,104,4,0,4,100,4960,160,0,0,0,0,104,0,0,0,0,104,8136
2856,1,1,0,0,0,0,0,0,0,0,0,100,100,100,0,0,0,0,100,100,100,100.000000,1600,4960,32.258065,10,10,10,10,104,4,0,4,100,4960,160,0,0,0,0,104,0,0,0,0,117,8136
2857,1,1,0,0,0,0,0,0,0,0,0,100,100,100,0,0,0,0,100,100,100,100.000000,1600,4960,32.258065,10,10,10,10,104,4,0,4,100,4960,160,0,0,0,0,104,0,0,0,0,113,8136
2858,1,1,0,0,0,0,0,0,0,0,0,100,100,100,0,0,0,0,100,100,100,100.000000,1600,4960,32.258065,10,10,10,10,104,4,0,4,100,4960,160,0,0,0,0,104,0,0,0,0,113,8136
2859,1,1,0,0,0,0,0,0,0,0,0,100,100,100,0,0,0,0,100,100,100,100.000000,1600,4960,32.258065,10,10,10,10,104,4,0,4,100,4960,160,0,0,0,0,104,0,0,0,0,111,8136
2860,1,1,0,0,0,0,0,0,0,0,0,100,100,100,0,0,0,0,100,100,100,100.000000,1600,4960,32.258065,10,10,10,10,104,4,0,4,100,4960,160,0,0,0,0,104,0,0,0,0,111,8136
2861,1,1,0,0,0,0,0,0,0,0,0,100,100,100,0,0,0,0,100,100,100,100.000000,1600,4960,32.258065,10,10,10,10,104,4,0,4,100,4960,160,0,0,0,0,104,0,0,0,0,113,8136
2862,1,1,0,0,0,0,0,0,0,0,0,100,100,100,0,0,0,0,100,100,100,100.000000,1600,4960,32.258065,10,10,10,10,104,4,0,4,100,4960,160,0,0,0,0,104,0,0,0,0,108,8136
2863,1,1,0,0,0,0,0,0,0,0,0,100,100,100,0,0,0,0,100,100,100,100.000000,1600,4960,32.258065,10,10,10,10,104,4,0,4,100,4960,160,0,0,0,0,104,0,0,0,0,117,8136
2864,1,1,0,0,0,0,0,0,0,0,0,100,100,100,0,0,0,0,100,100,100,100.000000,1600,4960,32.258065,10,10,10,10,104,4,0,4,100,4960,160,0,0,0,0,104,0,0,0,0,106,8136
2865,1,1,0,0,0,0,0,0,0,0,0,100,100,100,0,0,0,0,100,100,100,100.000000,1600,4960,32.258065,10,10,10,10,104,4,0,4,100,4960,160,0,0,0,0,104,0,0,0,0,117,8136
2866,1,1,0,0,0,0,0,0,0,0,0,100,100,100,0,0,0,0,100,100,100,100.000000,1600,4960,32.258065,10,10,10,10,104,4,0,4,100,4960,160,0,0,0,0,104,0,0,0,0,119,8136
2867,1,1,0,0,0,0,0,0,0,0,0,100,100,100,0,0,0,0,100,100,100,100.000000,1600,4960,32.258065,10,10,10,10,104,4,0,4,100,4960,160,0,0,0,0,104,0,0,0,0,115,8136
2868,1,1,0,0,0,0,0,0,0,0,0,100,100,100,0,0,0,0,100,100,100,100.000000,1600,4960,32.258065,10,10,10,10,104,4,0,4,100,4960,160,0,0,0,0,104,0,0,0,0,108,8136
2869,1,1,0,0,0,0,0,0,0,0,0,100,100,100,0,0,0,0,100,100,100,100.000000,1600,4960,32.258065,10,10,10,10,104,4,0,4,100,4960,160,0,0,0,0,104,0,0,0,0,111,8136
2870,1,1,0,0,0,0,0,0,0,0,0,100,100,100,0,0,0,0,100,100,100,100.000000,1600,4960,32.258065,10,10,10,10,104,4,0,4,100,4960,160,0,0,0,0,104,0,0,0,0,124,8136
2871,1,1,0,0,0,0,0,0,0,0,0,100,100,100,0,0,0,0,100,100,100,100.000000,1600,4960,32.258065,10,10,10,10,104,4,0,4,100,4960,160,0,0,0,0,104,0,0,0,0,119,8136
2872,1,1,0,0,0,0,0,0,0,0,0,100,100,100,0,0,0,0,100,100,100,100.000000,1600,4960,32.258065,10,10,10,10,104,4,0,4,100,4960,160,0,0,0,0,104,0,0,0,0,123,8136
2873,1,1,0,0,0,0,0,0,0,0,0,100,100,100,0,0,0,0,100,100,100,100.000000,1600,4960,32.258065,10,10,10,10,104,4,0,4,100,4960,160,0,0,0,0,104,0,0,0,0,117,8136
2874,1,1,0,0,0,0,0,0,0,0,0,100,100,100,0,0,0,0,100,100,100,100.000000,1600,4960,32.258065,10,10,10,10,104,4,0,4,100,4960,160,0,0,0,0,104,0,0,0,0,115,8136
2875,1,1,0,0,0,0,0,0,0,0,0,100,100,100,0,0,0,0,100,100,100,100.000000,1600,4960,32.258065,10,10,10,10,104,4,0,4,100,4960,160,0,0,0,0,104,0,0,0,0,117,8136
2876,1,1,0,0,0,0,0,0,0,0,0,100,100,100,0,0,0,0,100,100,100,100.000000,1600,4960,32.258065,10,10,10,10,104,4,0,4,100,4960,160,0,0,0,0,104,0,0,0,0,122,8136
2877,1,1,0,0,0,0,0,0,0,0,0,100,100,100,0,0,0,0,100,100,100,100.000000,1600,4960,32.258065,10,10,10,10,104,4,0,4,100,4960,160,0,0,0,0,104,0,0,0,0,111,8136
2878,1,1,0,0,0,0,0,0,0,0,0,100,100,100,0,0,0,0,100,100,100,100.000000,1600,4960,32.258065,10,10,10,10,104,4,0,4,100,4960,160,0,0,0,0,104,0,0,0,0,109,8136
2879,1,1,0,0,0,0,0,0,0,0,0,100,100,100,0,0,0,0,100,100,100,100.000000,1600,4960,32.258065,10,10,10,10,104,4,0,4,100,4960,160,0,0,0,0,104,0,0,0,0,115,8136
2880,1,1,0,0,0,0,0,0,0,0,0,100,100,100,0,0,0,0,100,100,100,100.000000,1600,4960,32.258065,10,10,10,10,104,4,0,4,100,4960,160,0,0,0,0,104,0,0,0,0,114,8136
2881,1,1,0,0,0,0,0,0,0,0,0,100,100,100,0,0,0,0,100,100,100,100.000000,1600,4960,32.258065,10,10,10,10,104,4,0,4,100,4960,160,0,0,0,0,104,0,0,0,0,117,8136
2882,1,1,0,0,0,0,0,0,0,0,0,100,100,100,0,0,0,0,100,100,100,100.000000,1600,4960,32.258065,10,10,10,10,104,4,0,4,100,4960,160,0,0,0,0,104,0,0,0,0,117,8136
2883,1,1,0,0,0,0,0,0,0,0,0,100,100,100,0,0,0,0,100,100,100,100.000000,1600,4960,32.258065,10,10,10,10,104,4,0,4,100,4960,160,0,0,0,0,104,0,0,0,0,118,8136
2884,1,1,0,0,0,0,0,0,0,0,0,100,100,100,0,0,0,0,100,100,100,100.000000,1600,4960,32.258065,10,10,10,10,104,4,0,4,100,4960,160,0,0,0,0,104,0,0,0,0,111,8136
2885,1,1,0,0,0,0,0,0,0,0,0,100,100,100,0,0,0,0,100,100,100,100.000000,1600,4960,32.258065,10,10,10,10,104,4,0,4,100,4960,160,0,0,0,0,104,0,0,0,0,112,8136
2886,1,1,0,0,0,0,0,0,0,0,0,100,100,100,0,0,0,0,100,100,100,100.000000,1600,4960,32.258065,10,10,10,10,104,4,0,4,100,4960,160,0,0,0,0,104,0,0,0,0,108,8136
2887,1,1,0,0,0,0,0,0,0,0,0,100,100,100,0,0,0,0,100,100,100,100.000000,1600,4960,32.258065,10,10,10,10,104,4,0,4,100,4960,160,0,0,0,0,104,0,0,0,0,108,8136
2888,1,1,0,0,0,0,0,0,0,0,0,100,100,100,0,0,0,0,100,100,100,100.000000,1600,4960,32.258065,10,10,10,10,104,4,0,4,100,4960,160,0,0,0,0,104,0,0,0,0,120,8136
2889,1,1,0,0,0,0,0,0,0,0,0,100,100,100,0,0,0,0,100,100,100,100.000000,1600,4960,32.258065,10,10,10,10,104,4,0,4,100,4960,160,0,0,0,0,104,0,0,0,0,114,8136
2890,1,1,0,0,0,0,0,0,0,0,0,100,100,100,0,0,0,0,100,100,100,100.000000,1600,4960,32.258065,10,10,10,10,104,4,0,4,100,4960,160,0,0,0,0,104,0,0,0,0,115,8136
2891,1,1,0,0,0,0,0,0,0,0,0,100,100,100,0,0,0,0,100,100,100,100.000000,1600,4960,32.258065,10,10,10,10,104,4,0,4,100,4960,160,0,0,0,0,104,0,0,0,0,160,8136
2892,1,1,0,0,0,0,0,0,0,0,0,100,100,100,0,0,0,0,100,100,100,100.000000,1600,4960,32.258065,10,10,10,10,104,4,0,4,100,4960,160,0,0,0,0,104,0,0,0,0,111,8136
2893,1,1,0,0,0,0,0,0,0,0,0,100,100,100,0,0,0,0,100,100,100,100.000000,1600,4960,32.258065,10,10,10,10,104,4,0,4,100,4960,160,0,0,0,0,104,0,0,0,0,121,8136
2894,1,1,0,0,0,0,0,0,0,0,0,100,100,100,0,0,0,0,100,100,100,100.000000,1600,4960,32.258065,10,10,10,10,104,4,0,4,100,4960,160,0,0,0,0,104,0,0,0,0,109,8136
2895,1,1,0,0,0,0,0,0,0,0,0,100,100,100,0,0,0,0,100,100,100,100.000000,1600,4960,32.258065,10,10,10,10,104,4,0,4,100,4960,160,0,0,0,0,104,0,0,0,0,113,8136
2896,1,1,0,0,0,0,0,0,0,0,0,100,100,100,0,0,0,0,100,100,100,100.000000,1600,4960,32.258065,10,10,10,10,104,4,0,4,100,4960,160,0,0,0,0,104,0,0,0,0,116,8136
2897,1,1,0,0,0,0,0,0,0,0,0,100,100,100,0,0,0,0,100,100,100,100.000000,1600,4960,32.258065,10,10,10,10,104,4,0,4,100,4960,160,0,0,0,0,104,0,0,0,0,111,8136
2898,1,1,0,0,0,0,0,0,0,0,0,100,100,100,0,0,0,0,100,100,100,100.000000,1600,4960,32.258065,10,10,10,10,104,4,0,4,100,4960,160,0,0,0,0,104,0,0,0,0,112,8136
2899,1,1,0,0,0,0,0,0,0,0,0,100,100,100,0,0,0,0,100,100,100,100.000000,1600,4960,32.258065,10,10,10,10,104,4,0,4,100,4960,160,0,0,0,0,104,0,0,0,0,103,8136
2900,1,1,0,0,0,0,0,0,0,0,0,100,100,100,0,0,0,0,100,100,100,100.000000,1600,4960,32.258065,10,10,10,10,104,4,0,4,100,4960,160,0,0,0,0,104,0,0,0,0,106,8136
2901,1,1,0,0,0,0,0,0,0,0,0,100,100,100,0,0,0,0,100,100,100,100.000000,1600,4960,32.258065,10,10,10,10,104,4,0,4,100,4960,160,0,0,0,0,104,0,0,0,0,108,8136
2902,1,1,0,0,0,0,0,0,0,0,0,100,100,100,0,0,0,0,100,100,100,100.000000,1600,4960,32.258065,10,10,10,10,104,4,0,4,100,4960,160,0,0,0,0,104,0,0,0,0,113,8136
2903,1,1,0,0,0,0,0,0,0,0,0,100,100,100,0,0,0,0,100,100,100,100.000000,1600,4960,32.258065,10,10,10,10,104,4,0,4,100,4960,160,0,0,0,0,104,0,0,0,0,108,8136
2904,1,1,0,0,0,0,0,0,0,0,0,100,100,100,0,0,0,0,100,100,100,100.000000,1600,4960,32.258065,10,10,10,10,104,4,0,4,100,4960,160,0,0,0,0,104,0,0,0,0,113,8136
2905,1,1,0,0,0,0,0,0,0,0,0,100,100,100,0,0,0,0,100,100,100,100.000000,1600,4960,32.258065,10,10,10,10,104,4,0,4,100,4960,160,0,0,0,0,104,0,0,0,0,115,8136
2906,1,1,0,0,0,0,0,0,0,0,0,100,100,100,0,0,0,0,100,100,100,100.000000,1600,4960,32.258065,10,10,10,10,104,4,0,4,100,4960,160,0,0,0,0,104,0,0,0,0,120,8136
2907,1,1,0,0,0,0,0,0,0,0,0,100,100,100,0,0,0,0,100,100,100,100.000000,1600,4960,32.258065,10,10,10,10,104,4,0,4,100,4960,160,0,0,0,0,104,0,0,0,0,113,8136
2908,1,1,0,0,0,0,0,0,0,0,0,100,100,100,0,0,0,0,100,100,100,100.000000,1600,4960,32.258065,10,10,10,10,104,4,0,4,100,4960,160,0,0,0,0,104,0,0,0,0,107,8136
2909,1,1,0,0,0,0,0,0,0,0,0,100,100,100,0,0,0,0,100,100,100,100.000000,1600,4960,32.258065,10,10,10,10,104,4,0,4,100,4960,160,0,0,0,0,104,0,0,0,0,108,8136
2910,1,1,0,0,0,0,0,0,0,0,0,100,100,100,0,0,0,0,100,100,100,100.000000,1600,4960,32.258065,10,10,10,10,104,4,0,4,100,4960,160,0,0,0,0,104,0,0,0,0,105,8136
2911,1,1,0,0,0,0,0,0,0,0,0,100,100,100,0,0,0,0,100,100,100,100.000000,1600,4960,32.258065,10,10,10,10,104,4,0,4,100,4960,160,0,0,0,0,104,0,0,0,0,104,8136
2912,1,1,0,0,0,0,0,0,0,0,0,100,100,100,0,0,0,0,100,100,100,100.000000,1600,4960,32.258065,10,10,10,10,104,4,0,4,100,4960,160,0,0,0,0,104,0,0,0,0,111,8136
2913,1,1,0,0,0,0,0,0,0,0,0,100,100,100,0,0,0,0,100,100,100,100.000000,1600,4960,32.258065,10,10,10,10,104,4,0,4,100,4960,160,0,0,0,0,104,0,0,0,0,114,8136
2914,1,1,0,0,0,0,0,0,0,0,0,100,100,100,0,0,0,0,100,100,100,100.000000,1600,4960,32.258065,10,10,10,10,104,4,0,4,100,4960,160,0,0,0,0,104,0,0,0,0,111,8136
2915,1,1,0,0,0,0,0,0,0,0,0,100,100,100,0,0,0,0,100,100,100,100.000000,1600,4960,32.258065,10,10,10,10,104,4,0,4,100,4960,160,0,0,0,0,104,0,0,0,0,109,8136
2916,1,1,0,0,0,0,0,0,0,0,0,100,100,100,0,0,0,0,100,100,100,100.000000,1600,4960,32.258065,10,10,10,10,104,4,0,4,100,4960,160,0,0,0,0,104,0,0,0,0,107,8136
2917,1,1,0,0,0,0,0,0,0,0,0,100,100,100,0,0,0,0,100,100,100,100.000000,1600,4960,32.258065,10,10,10,10,104,4,0,4,100,4960,160,0,0,0,0,104,0,0,0,0,107,8136
2918,1,1,0,0,0,0,0,0,0,0,0,100,100,100,0,0,0,0,100,100,100,100.000000,1600,4960,32.258065,10,10,10,10,104,4,0,4,100,4960,160,0,0,0,0,104,0,0,0,0,106,8136
2919,1,1,0,0,0,0,0,0,0,0,0,100,100,100,0,0,0,0,100,100,100,100.000000,1600,4960,32.258065,10,10,10,10,104,4,0,4,100,4960,160,0,0,0,0,104,0,0,0,0,109,8136
2920,1,1,0,0,0,0,0,0,0,0,0,100,100,100,0,0,0,0,100,100,100,100.000000,1600,4960,32.258065,10,10,10,10,104,4,0,4,100,4960,160,0,0,0,0,104,0,0,0,0,112,8136
2921,1,1,0,0,0,0,0,0,0,0,0,100,100,100,0,0,0,0,100,100,100,100.000000,1600,4960,32.258065,10,10,10,10,104,4,0,4,100,4960,160,0,0,0,0,104,0,0,0,0,121,8136
2922,1,1,0,0,0,0,0,0,0,0,0,100,100,100,0,0,0,0,100,100,100,100.000000,1600,4960,32.258065,10,10,10,10,104,4,0,4,100,4960,160,0,0,0,0,104,0,0,0,0,112,8136
2923,1,1,0,0,0,0,0,0,0,0,0,100,100,100,0,0,0,0,100,100,100,100.000000,1600,4960,32.258065,10,10,10,10,104,4,0,4,100,4960,160,0,0,0,0,104,0,0,0,0,106,8136
2924,1,1,0,0,0,0,0,0,0,0,0,100,100,100,0,0,0,0,100,100,100,100.000000,1600,4960,32.258065,10,10,10,10,104,4,0,4,100,4960,160,0,0,0,0,104,0,0,0,0,109,8136
2925,1,1,0,0,0,0,0,0,0,0,0,100,100,100,0,0,0,0,100,100,100,100.000000,1600,4960,32.258065,10,10,10,10,104,4,0,4,100,4960,160,0,0,0,0,104,0,0,0,0,109,8136
2926,1,1,0,0,0,0,0,0,0,0,0,100,100,100,0,0,0,0,100,100,100,100.000000,1600,4960,32.258065,10,10,10,10,104,4,0,4,100,4960,160,0,0,0,0,104,0,0,0,0,106,8136
2927,1,1,0,0,0,0,0,0,0,0,0,100,100,100,0,0,0,0,100,100,100,100.000000,1600,4960,32.258065,10,10,10,10,104,4,0,4,100,4960,160,0,0,0,0,104,0,0,0,0,111,8136
2928,1,1,0,0,0,0,0,0,0,0,0,100,100,100,0,0,0,0,100,100,100,100.000000,1600,4960,32.258065,10,10,10,10,104,4,0,4,100,4960,160,0,0,0,0,104,0,0,0,0,115,8136
2929,1,1,0,0,0,0,0,0,0,0,0,100,100,100,0,0,0,0,100,100,100,100.000000,1600,4960,32.258065,10,10,10,10,104,4,0,4,100,4960,160,0,0,0,0,104,0,0,0,0,118,8136
2930,1,1,0,0,0,0,0,0,0,0,0,100,100,100,0,0,0,0,100,100,100,100.000000,1600,4960,32.258065,10,10,10,10,104,4,0,4,100,4960,160,0,0,0,0,104,0,0,0,0,115,8136
2931,1,1,0,0,0,0,0,0,0,0,0,100,100,100,0,0,0,0,100,100,100,100.000000,1600,4960,32.258065,10,10,10,10,104,4,0,4,100,4960,160,0,0,0,0,104,0,0,0,0,106,8136
2932,1,1,0,0,0,0,0,0,0,0,0,100,100,100,0,0,0,0,100,100,100,100.000000,1600,4960,32.258065,10,10,10,10,104,4,0,4,100,4960,160,0,0,0,0,104,0,0,0,0,108,8136
2933,1,1,0,0,0,0,0,0,0,0,0,100,100,100,0,0,0,0,100,100,100,100.000000,1600,4960,32.258065,10,10,10,10,104,4,0,4,100,4960,160,0,0,0,0,104,0,0,0,0,109,8136
2934,1,1,0,0,0,0,0,0,0,0,0,100,100,100,0,0,0,0,100,100,100,100.000000,1600,4960,32.258065,10,10,10,10,104,4,0,4,100,4960,160,0,0,0,0,104,0,0,0,0,113,8136
2935,1,1,0,0,0,0,0,0,0,0,0,100,100,100,0,0,0,0,100,100,100,100.000000,1600,4960,32.258065,10,10,10,10,104,4,0,4,100,4960,160,0,0,0,0,104,0,0,0,0,111,8136
2936,1,1,0,0,0,0,0,0,0,0,0,100,100,100,0,0,0,0,100,100,100,100.000000,1600,4960,32.258065,10,10,10,10,104,4,0,4,100,4960,160,0,0,0,0,104,0,0,0,0,114,8136
2937,1,1,0,0,0,0,0,0,0,0,0,100,100,100,0,0,0,0,100,100,100,100.000000,1600,4960,32.258065,10,10,10,10,104,4,0,4,100,4960,160,0,0,0,0,104,0,0,0,0,115,8136
2938,1,1,0,0,0,0,0,0,0,0,0,100,100,100,0,0,0,0,100,100,100,100.000000,1600,4960,32.258065,10,10,10,10,104,4,0,4,100,4960,160,0,0,0,0,104,0,0,0,0,129,8136
2939,1,1,0,0,0,0,0,0,0,0,0,100,100,100,0,0,0,0,100,100,100,100.000000,1600,4960,32.258065,10,10,10,10,104,4,0,4,100,4960,160,0,0,0,0,104,0,0,0,0,110,8136
2940,1,1,0,0,0,0,0,0,0,0,0,100,100,100,0,0,0,0,100,100,100,100.000000,1600,4960,32.258065,10,10,10,10,104,4,0,4,100,4960,160,0,0,0,0,104,0,0,0,0,125,8136
2941,1,1,0,0,0,0,0,0,0,0,0,100,100,100,0,0,0,0,100,100,100,100.000000,1600,4960,32.258065,10,10,10,10,104,4,0,4,100,4960,160,0,0,0,0,104,0,0,0,0,126,8136
2942,1,1,0,0,0,0,0,0,0,0,0,100,100,100,0,0,0,0,100,100,100,100.000000,1600,4960,32.258065,10,10,10,10,104,4,0,4,100,4960,160,0,0,0,0,104,0,0,0,0,124,8136
2943,1,1,0,0,0,0,0,0,0,0,0,100,100,100,0,0,0,0,100,100,100,100.000000,1600,4960,32.258065,10,10,10,10,104,4,0,4,100,4960,160,0,0,0,0,104,0,0,0,0,112,8136
2944,1,1,0,0,0,0,0,0,0,0,0,100,100,100,0,0,0,0,100,100,100,100.000000,1600,4960,32.258065,10,10,10,10,104,4,0,4,100,4960,160,0,0,0,0,104,0,0,0,0,117,8136
2945,1,1,0,0,0,0,0,0,0,0,0,100,100,100,0,0,0,0,100,100,100,100.000000,1600,4960,32.258065,10,10,10,10,104,4,0,4,100,4960,160,0,0,0,0,104,0,0,0,0,110,8136
2946,1,1,0,0,0,0,0,0,0,0,0,100,100,100,0,0,0,0,100,100,100,100.000000,1600,4960,32.258065,10,10,10,10,104,4,0,4,100,4960,160,0,0,0,0,104,0,0,0,0,121,8136
2947,1,1,0,0,0,0,0,0,0,0,0,100,100,100,0,0,0,0,100,100,100,100.000000,1600,4960,32.258065,10,10,10,10,104,4,0,4,100,4960,160,0,0,0,0,104,0,0,0,0,112,8136
2948,1,1,0,0,0,0,0,0,0,0,0,100,100,100,0,0,0,0,100,100,100,100.000000,1600,4960,32.258065,10,10,10,10,104,4,0,4,100,4960,160,0,0,0,0,104,0,0,0,0,117,8136
2949,1,1,0,0,0,0,0,0,0,0,0,100,100,100,0,0,0,0,100,100,100,100.000000,1600,4960,32.258065,10,10,10,10,104,4,0,4,100,4960,160,0,0,0,0,104,0,0,0,0,111,8136
2950,1,1,0,0,0,0,0,0,0,0,0,100,100,100,0,0,0,0,100,100,100,100.000000,1600,4960,32.258065,10,10,10,10,104,4,0,4,100,4960,160,0,0,0,0,104,0,0,0,0,111,8136
2951,1,1,0,0,0,0,0,0,0,0,0,100,100,100,0,0,0,0,100,100,100,100.000000,1600,4960,32.258065,10,10,10,10,104,4,0,4,100,4960,160,0,0,0,0,104,0,0,0,0,119,8136
2952,1,1,0,0,0,0,0,0,0,0,0,100,100,100,0,0,0,0,100,100,100,100.000000,1600,4960,32.258065,10,10,10,10,104,4,0,4,100,4960,160,0,0,0,0,104,0,0,0,0,121,8136
2953,1,1,0,0,0,0,0,0,0,0,0,100,100,100,0,0,0,0,100,100,100,100.000000,1600,4960,32.258065,10,10,10,10,104,4,0,4,100,4960,160,0,0,0,0,104,0,0,0,0,112,8136
2954,1,1,0,0,0,0,0,0,0,0,0,100,100,100,0,0,0,0,100,100,100,100.000000,1600,4960,32.258065,10,10,10,10,104,4,0,4,100,4960,160,0,0,0,0,104,0,0,0,0,113,8136
2955,1,1,0,0,0,0,0,0,0,0,0,100,100,100,0,0,0,0,100,100,100,100.000000,1600,4960,32.258065,10,10,10,10,104,4,0,4,100,4960,160,0,0,0,0,104,0,0,0,0,117,8136
2956,1,1,0,0,0,0,0,0,0,0,0,100,100,100,0,0,0,0,100,100,100,100.000000,1600,4960,32.258065,10,10,10,10,104,4,0,4,100,4960,160,0,0,0,0,104,0,0,0,0,118,8136
2957,1,1,0,0,0,0,0,0,0,0,0,100,100,100,0,0,0,0,100,100,100,100.000000,1600,4960,32.258065,10,10,10,10,104,4,0,4,100,4960,160,0,0,0,0,104,0,0,0,0,111,8136
2958,1,1,0,0,0,0,0,0,0,0,0,100,100,100,0,0,0,0,100,100,100,100.000000,1600,4960,32.258065,10,10,10,10,104,4,0,4,100,4960,160,0,0,0,0,104,0,0,0,0,109,8136
2959,1,1,0,0,0,0,0,0,0,0,0,100,100,100,0,0,0,0,100,100,100,100.000000,1600,4960,32.258065,10,10,10,10,104,4,0,4,100,4960,160,0,0,0,0,104,0,0,0,0,109,8136
2960,1,1,0,0,0,0,0,0,0,0,0,100,100,100,0,0,0,0,100,100,100,100.000000,1600,4960,32.258065,10,10,10,10,104,4,0,4,100,4960,160,0,0,0,0,104,0,0,0,0,124,8136
2961,1,1,0,0,0,0,0,0,0,0,0,100,100,100,0,0,0,0,100,100,100,100.000000,1600,4960,32.258065,10,10,10,10,104,4,0,4,100,4960,160,0,0,0,0,104,0,0,0,0,124,8136
2962,1,1,0,0,0,0,0,0,0,0,0,100,100,100,0,0,0,0,100,100,100,100.000000,1600,4960,32.258065,10,10,10,10,104,4,0,4,100,4960,160,0,0,0,0,104,0,0,0,0,130,8136
2963,1,1,0,0,0,0,0,0,0,0,0,100,100,100,0,0,0,0,100,100,100,100.000000,1600,4960,32.258065,10,10,10,10,104,4,0,4,100,4960,160,0,0,0,0,104,0,0,0,0,116,8136
2964,1,1,0,0,0,0,0,0,0,0,0,100,100,100,0,0,0,0,100,100,100,100.000000,1600,4960,32.258065,10,10,10,10,104,4,0,4,100,4960,160,0,0,0,0,104,0,0,0,0,110,8136
2965,1,1,0,0,0,0,0,0,0,0,0,100,100,100,0,0,0,0,100,100,100,100.000000,1600,4960,32.258065,10,10,10,10,104,4,0,4,100,4960,160,0,0,0,0,104,0,0,0,0,115,8136
2966,1,1,0,0,0,0,0,0,0,0,0,100,100,100,0,0,0,0,100,100,100,100.000000,1600,4960,32.258065,10,10,10,10,104,4,0,4,100,4960,160,0,0,0,0,104,0,0,0,0,113,8136
2967,1,1,0,0,0,0,0,0,0,0,0,100,100,100,0,0,0,0,100,100,100,100.000000,1600,4960,32.258065,10,10,10,10,104,4,0,4,100,4960,160,0,0,0,0,104,0,0,0,0,116,8136
2968,1,1,0,0,0,0,0,0,0,0,0,100,100,100,0,0,0,0,100,100,100,100.000000,1600,4960,32.258065,10,10,10,10,104,4,0,4,100,4960,160,0,0,0,0,104,0,0,0,0,119,8136
2969,1,1,0,0,0,0,0,0,0,0,0,100,100,100,0,0,0,0,100,100,100,100.000000,1600,4960,32.258065,10,10,10,10,104,4,0,4,100,4960,160,0,0,0,0,104,0,0,0,0,118,8136
2970,1,1,0,0,0,0,0,0,0,0,0,100,100,100,0,0,0,0,100,100,100,100.000000,1600,4960,32.258065,10,10,10,10,104,4,0,4,100,4960,160,0,0,0,0,104,0,0,0,0,138,8136
2971,1,1,0,0,0,0,0,0,0,0,0,100,100,100,0,0,0,0,100,100,100,100.000000,1600,4960,32.258065,10,10,10,10,104,4,0,4,100,4960,160,0,0,0,0,104,0,0,0,0,107,8136
2972,1,1,0,0,0,0,0,0,0,0,0,100,100,100,0,0,0,0,100,100,100,100.000000,1600,4960,32.258065,10,10,10,10,104,4,0,4,100,4960,160,0,0,0,0,104,0,0,0,0,109,8136
2973,1,1,0,0,0,0,0,0,0,0,0,100,100,100,0,0,0,0,100,100,100,100.000000,1600,4960,32.258065,10,10,10,10,104,4,0,4,100,4960,160,0,0,0,0,104,0,0,0,0,107,8136
2974,1,1,0,0,0,0,0,0,0,0,0,100,100,100,0,0,0,0,100,100,100,100.000000,1600,4960,32.258065,10,10,10,10,104,4,0,4,100,4960,160,0,0,0,0,104,0,0,0,0,111,8136
2975,1,1,0,0,0,0,0,0,0,0,0,100,100,100,0,0,0,0,100,100,100,100.000000,1600,4960,32.258065,10,10,10,10,104,4,0,4,100,4960,160,0,0,0,0,104,0,0,0,0,109,8136
2976,1,1,0,0,0,0,0,0,0,0,0,100,100,100,0,0,0,0,100,100,100,100.000000,1600,4960,32.258065,10,10,10,10,104,4,0,4,100,4960,160,0,0,0,0,104,0,0,0,0,117,8136
2977,1,1,0,0,0,0,0,0,0,0,0,100,100,100,0,0,0,0,100,100,100,100.000000,1600,4960,32.258065,10,10,10,10,104,4,0,4,100,4960,160,0,0,0,0,104,0,0,0,0,115,8136
2978,1,1,0,0,0,0,0,0,0,0,0,100,100,100,0,0,0,0,100,100,100,100.000000,1600,4960,32.258065,10,10,10,10,104,4,0,4,100,4960,160,0,0,0,0,104,0,0,0,0,115,8136
2979,1,1,0,0,0,0,0,0,0,0,0,100,100,100,0,0,0,0,100,100,100,100.000000,1600,4960,32.258065,10,10,10,10,104,4,0,4,100,4960,160,0,0,0,0,104,0,0,0,0,105,8136
2980,1,1,0,0,0,0,0,0,0,0,0,100,100,100,0,0,0,0,100,100,100,100.000000,1600,4960,32.258065,10,10,10,10,104,4,0,4,100,4960,160,0,0,0,0,104,0,0,0,0,105,8136
2981,1,1,0,0,0,0,0,0,0,0,0,100,100,100,0,0,0,0,100,100,100,100.000000,1600,4960,32.258065,10,10,10,10,104,4,0,4,100,4960,160,0,0,0,0,104,0,0,0,0,112,8136
2982,1,1,0,0,0,0,0,0,0,0,0,100,100,100,0,0,0,0,100,100,100,100.000000,1600,4960,32.258065,10,10,10,10,104,4,0,4,100,4960,160,0,0,0,0,104,0,0,0,0,115,8136
2983,1,1,0,0,0,0,0,0,0,0,0,100,100,100,0,0,0,0,100,100,100,100.000000,1600,4960,32.258065,10,10,10,10,104,4,0,4,100,4960,160,0,0,0,0,104,0,0,0,0,109,8136
2984,1,1,0,0,0,0,0,0,0,0,0,100,100,100,0,0,0,0,100,100,100,100.000000,1600,4960,32.258065,10,10,10,10,104,4,0,4,100,4960,160,0,0,0,0,104,0,0,0,0,122,8136
2985,1,1,0,0,0,0,0,0,0,0,0,100,100,100,0,0,0,0,100,100,100,100.000000,1600,4960,32.258065,10,10,10,10,104,4,0,4,100,4960,160,0,0,0,0,104,0,0,0,0,116,8136
2986,1,1,0,0,0,0,0,0,0,0,0,100,100,100,0,0,0,0,100,100,100,100.000000,1600,4960,32.258065,10,10,10,10,104,4,0,4,100,4960,160,0,0,0,0,104,0,0,0,0,108,8136
2987,1,1,0,0,0,0,0,0,0,0,0,100,100,100,0,0,0,0,100,100,100,100.000000,1600,4960,32.258065,10,10,10,10,104,4,0,4,100,4960,160,0,0,0,0,104,0,0,0,0,115,8136
2988,1,1,0,0,0,0,0,0,0,0,0,100,100,100,0,0,0,0,100,100,100,100.000000,1600,4960,32.258065,10,10,10,10,104,4,0,4,100,4960,160,0,0,0,0,104,0,0,0,0,112,8136
2989,1,1,0,0,0,0,0,0,0,0,0,100,100,100,0,0,0,0,100,100,100,100.000000,1600,4960,32.258065,10,10,10,10,104,4,0,4,100,4960,160,0,0,0,0,104,0,0,0,0,117,8136
2990,1,1,0,0,0,0,0,0,0,0,0,100,100,100,0,0,0,0,100,100,100,100.000000,1600,4960,32.258065,10,10,10,10,104,4,0,4,100,4960,160,0,0,0,0,104,0,0,0,0,114,8136
2991,1,1,0,0,0,0,0,0,0,0,0,100,100,100,0,0,0,0,100,100,100,100.000000,1600,4960,32.258065,10,10,10,10,104,4,0,4,100,4960,160,0,0,0,0,104,0,0,0,0,115,8136
2992,1,1,0,0,0,0,0,0,0,0,0,100,100,100,0,0,0,0,100,100,100,100.000000,1600,4960,32.258065,10,10,10,10,104,4,0,4,100,4960,160,0,0,0,0,104,0,0,0,0,146,8136
2993,1,1,0,0,0,0,0,0,0,0,0,100,100,100,0,0,0,0,100,100,100,100.000000,1600,4960,32.258065,10,10,10,10,104,4,0,4,100,4960,160,0,0,0,0,104,0,0,0,0,123,8136
2994,1,1,0,0,0,0,0,0,0,0,0,100,100,100,0,0,0,0,100,100,100,100.000000,1600,4960,32.258065,10,10,10,10,104,4,0,4,100,4960,160,0,0,0,0,104,0,0,0,0,115,8136
2995,1,1,0,0,0,0,0,0,0,0,0,100,100,100,0,0,0,0,100,100,100,100.000000,1600,4960,32.258065,10,10,10,10,104,4,0,4,100,4960,160,0,0,0,0,104,0,0,0,0,114,8136
2996,1,1,0,0,0,0,0,0,0,0,0,100,100,100,0,0,0,0,100,100,100,100.000000,1600,4960,32.258065,10,10,10,10,104,4,0,4,100,4960,160,0,0,0,0,104,0,0,0,0,115,8136
2997,1,1,0,0,0,0,0,0,0,0,0,100,100,100,0,0,0,0,100,100,100,100.000000,1600,4960,32.258065,10,10,10,10,104,4,0,4,100,4960,160,0,0,0,0,104,0,0,0,0,111,8136
2998,1,1,0,0,0,0,0,0,0,0,0,100,100,100,0,0,0,0,100,100,100,100.000000,1600,4960,32.258065,10,10,10,10,104,4,0,4,100,4960,160,0,0,0,0,104,0,0,0,0,121,8136
2999,1,1,0,0,0,0,0,0,0,0,0,100,100,100,0,0,0,0,100,100,100,100.000000,1600,4960,32.258065,10,10,10,10,104,4,0,4,100,4960,160,0,0,0,0,104,0,0,0,0,110,8136
3000,1,1,0,0,0,0,0,0,0,0,0,100,100,100,0,0,0,0,100,100,100,100.000000,1600,4960,32.258065,10,10,10,10,104,4,0,4,100,4960,160,0,0,0,0,104,0,0,0,0,130,8136
3001,1,1,0,0,0,0,0,0,0,0,0,100,100,100,0,0,0,0,100,100,100,100.000000,1600,4960,32.258065,10,10,10,10,104,4,0,4,100,4960,160,0,0,0,0,104,0,0,0,0,118,8136
3002,1,1,0,0,0,0,0,0,0,0,0,100,100,100,0,0,0,0,100,100,100,100.000000,1600,4960,32.258065,10,10,10,10,104,4,0,4,100,4960,160,0,0,0,0,104,0,0,0,0,121,8136
3003,1,1,0,0,0,0,0,0,0,0,0,100,100,100,0,0,0,0,100,100,100,100.000000,1600,4960,32.258065,10,10,10,10,104,4,0,4,100,4960,160,0,0,0,0,104,0,0,0,0,104,8136
3004,1,1,0,0,0,0,0,0,0,0,0,100,100,100,0,0,0,0,100,100,100,100.000000,1600,4960,32.258065,10,10,10,10,104,4,0,4,100,4960,160,0,0,0,0,104,0,0,0,0,109,8136
3005,1,1,0,0,0,0,0,0,0,0,0,100,100,100,0,0,0,0,100,100,100,100.000000,1600,4960,32.258065,10,10,10,10,104,4,0,4,100,4960,160,0,0,0,0,104,0,0,0,0,151,8136
3006,1,1,0,0,0,0,0,0,0,0,0,100,100,100,0,0,0,0,100,100,100,100.000000,1600,4960,32.258065,10,10,10,10,104,4,0,4,100,4960,160,0,0,0,0,104,0,0,0,0,112,8136
3007,1,1,0,0,0,0,0,0,0,0,0,100,100,100,0,0,0,0,100,100,100,100.000000,1600,4960,32.258065,10,10,10,10,104,4,0,4,100,4960,160,0,0,0,0,104,0,0,0,0,107,8136
3008,1,1,0,0,0,0,0,0,0,0,0,100,100,100,0,0,0,0,100,100,100,100.000000,1600,4960,32.258065,10,10,10,10,104,4,0,4,100,4960,160,0,0,0,0,104,0,0,0,0,116,8136
3009,1,1,0,0,0,0,0,0,0,0,0,100,100,100,0,0,0,0,100,100,100,100.000000,1600,4960,32.258065,10,10,10,10,104,4,0,4,100,4960,160,0,0,0,0,104,0,0,0,0,118,8136
3010,1,1,0,0,0,0,0,0,0,0,0,100,100,100,0,0,0,0,100,100,100,100.000000,1600,4960,32.258065,10,10,10,10,104,4,0,4,100,4960,160,0,0,0,0,104,0,0,0,0,117,8136
3011,1,1,0,0,0,0,0,0,0,0,0,100,100,100,0,0,0,0,100,100,100,100.000000,1600,4960,32.258065,10,10,10,10,104,4,0,4,100,4960,160,0,0,0,0,104,0,0,0,0,108,8136
3012,1,1,0,0,0,0,0,0,0,0,0,100,100,100,0,0,0,0,100,100,100,100.000000,1600,4960,32.258065,10,10,10,10,104,4,0,4,100,4960,160,0,0,0,0,104,0,0,0,0,113,8136
3013,1,1,0,0,0,0,0,0,0,0,0,100,100,100,0,0,0,0,100,100,100,100.000000,1600,4960,32.258065,10,10,10,10,104,4,0,4,100,4960,160,0,0,0,0,104,0,0,0,0,109,8136
3014,1,1,0,0,0,0,0,0,0,0,0,100,100,100,0,0,0,0,100,100,100,100.000000,1600,4960,32.258065,10,10,10,10,104,4,0,4,100,4960,160,0,0,0,0,104,0,0,0,0,110,8136
3015,1,1,0,0,0,0,0,0,0,0,0,100,100,100,0,0,0,0,100,100,100,100.000000,1600,4960,32.258065,10,10,10,10,104,4,0,4,100,4960,160,0,0,0,0,104,0,0,0,0,104,8136
3016,1,1,0,0,0,0,0,0,0,0,0,100,100,100,0,0,0,0,100,100,100,100.000000,1600,4960,32.258065,10,10,10,10,104,4,0,4,100,4960,160,0,0,0,0,104,0,0,0,0,110,8136
3017,1,1,0,0,0,0,0,0,0,0,0,100,100,100,0,0,0,0,100,100,100,100.000000,1600,4960,32.258065,10,10,10,10,104,4,0,4,100,4960,160,0,0,0,0,104,0,0,0,0,113,8136
3018,1,1,0,0,0,0,0,0,0,0,0,100,100,100,0,0,0,0,100,100,100,100.000000,1600,4960,32.258065,10,10,10,10,104,4,0,4,100,4960,160,0,0,0,0,104,0,0,0,0,118,8136
3019,1,1,0,0,0,0,0,0,0,0,0,100,100,100,0,0,0,0,100,100,100,100.000000,1600,4960,32.258065,10,10,10,10,104,4,0,4,100,4960,160,0,0,0,0,104,0,0,0,0,116,8136
3020,1,1,0,0,0,0,0,0,0,0,0,100,100,100,0,0,0,0,100,100,100,100.000000,1600,4960,32.258065,10,10,10,10,104,4,0,4,100,4960,160,0,0,0,0,104,0,0,0,0,115,8136
3021,1,1,0,0,0,0,0,0,0,0,0,100,100,100,0,0,0,0,100,100,100,100.000000,1600,4960,32.258065,10,10,10,10,104,4,0,4,100,4960,160,0,0,0,0,104,0,0,0,0,110,8136
3022,1,1,0,0,0,0,0,0,0,0,0,100,100,100,0,0,0,0,100,100,100,100.000000,1600,4960,32.258065,10,10,10,10,104,4,0,4,100,4960,160,0,0,0,0,104,0,0,0,0,112,8136
3023,1,1,0,0,0,0,0,0,0,0,0,100,100,100,0,0,0,0,100,100,100,100.000000,1600,4960,32.258065,10,10,10,10,104,4,0,4,100,4960,160,0,0,0,0,104,0,0,0,0,105,8136
3024,1,1,0,0,0,0,0,0,0,0,0,100,100,100,0,0,0,0,100,100,100,100.000000,1600,4960,32.258065,10,10,10,10,104,4,0,4,100,4960,160,0,0,0,0,104,0,0,0,0,112,8136
3025,1,1,0,0,0,0,0,0,0,0,0,100,100,100,0,0,0,0,100,100,100,100.000000,1600,4960,32.258065,10,10,10,10,104,4,0,4,100,4960,160,0,0,0,0,104,0,0,0,0,121,8136
3026,1,1,0,0,0,0,0,0,0,0,0,100,100,100,0,0,0,0,100,100,100,100.000000,1600,4960,32.258065,10,10,10,10,104,4,0,4,100,4960,160,0,0,0,0,104,0,0,0,0,127,8136
3027,1,1,0,0,0,0,0,0,0,0,0,100,100,100,0,0,0,0,100,100,100,100.000000,1600,4960,32.258065,10,10,10,10,104,4,0,4,100,4960,160,0,0,0,0,104,0,0,0,0,108,8136
3028,1,1,0,0,0,0,0,0,0,0,0,100,100,100,0,0,0,0,100,100,100,100.000000,1600,4960,32.258065,10,10,10,10,104,4,0,4,100,4960,160,0,0,0,0,104,0,0,0,0,104,8136
3029,1,1,0,0,0,0,0,0,0,0,0,100,100,100,0,0,0,0,100,100,100,100.000000,1600,4960,32.258065,10,10,10,10,104,4,0,4,100,4960,160,0,0,0,0,104,0,0,0,0,105,8136
3030,1,1,0,0,0,0,0,0,0,0,0,100,100,100,0,0,0,0,100,100,100,100.000000,1600,4960,32.258065,10,10,10,10,104,4,0,4,100,4960,160,0,0,0,0,104,0,0,0,0,109,8136
3031,1,1,0,0,0,0,0,0,0,0,0,100,100,100,0,0,0,0,100,100,100,100.000000,1600,4960,32.258065,10,10,10,10,104,4,0,4,100,4960,160,0,0,0,0,104,0,0,0,0,102,8136
3032,1,1,0,0,0,0,0,0,0,0,0,100,100,100,0,0,0,0,100,100,100,100.000000,1600,4960,32.258065,10,10,10,10,104,4,0,4,100,4960,160,0,0,0,0,104,0,0,0,0,111,8136
3033,1,1,0,0,0,0,0,0,0,0,0,100,100,100,0,0,0,0,100,100,100,100.000000,1600,4960,32.258065,10,10,10,10,104,4,0,4,100,4960,160,0,0,0,0,104,0,0,0,0,114,8136
3034,1,1,0,0,0,0,0,0,0,0,0,100,100,100,0,0,0,0,100,100,100,100.000000,1600,4960,32.258065,10,10,10,10,104,4,0,4,100,4960,160,0,0,0,0,104,0,0,0,0,107,8136
3035,1,1,0,0,0,0,0,0,0,0,0,100,100,100,0,0,0,0,100,100,100,100.000000,1600,4960,32.258065,10,10,10,10,104,4,0,4,100,4960,160,0,0,0,0,104,0,0,0,0,104,8136
3036,1,1,0,0,0,0,0,0,0,0,0,100,100,100,0,0,0,0,100,100,100,100.000000,1600,4960,32.258065,10,10,10,10,104,4,0,4,100,4960,160,0,0,0,0,104,0,0,0,0,105,8136
3037,1,1,0,0,0,0,0,0,0,0,0,100,100,100,0,0,0,0,100,100,100,100.000000,1600,4960,32.258065,10,10,10,10,104,4,0,4,100,4960,160,0,0,0,0,104,0,0,0,0,110,8136
3038,1,1,0,0,0,0,0,0,0,0,0,100,100,100,0,0,0,0,100,100,100,100.000000,1600,4960,32.258065,10,10,10,10,104,4,0,4,100,4960,160,0,0,0,0,104,0,0,0,0,106,8136
3039,1,1,0,0,0,0,0,0,0,0,0,100,100,100,0,0,0,0,100,100,100,100.000000,1600,4960,32.258065,10,10,10,10,104,4,0,4,100,4960,160,0,0,0,0,104,0,0,0,0,109,8136
3040,1,1,0,0,0,0,0,0,0,0,0,100,100,100,0,0,0,0,100,100,100,100.000000,1600,4960,32.258065,10,10,10,10,104,4,0,4,100,4960,160,0,0,0,0,104,0,0,0,0,116,8136
3041,1,1,0,0,0,0,0,0,0,0,0,100,100,100,0,0,0,0,100,100,100,100.000000,1600,4960,32.258065,10,10,10,10,104,4,0,4,100,4960,160,0,0,0,0,104,0,0,0,0,118,8136
3042,1,1,0,0,0,0,0,0,0,0,0,100,100,100,0,0,0,0,100,100,100,100.000000,1600,4960,32.258065,10,10,10,10,104,4,0,4,100,4960,160,0,0,0,0,104,0,0,0,0,114,8136
3043,1,1,0,0,0,0,0,0,0,0,0,100,100,100,0,0,0,0,100,100,100,100.000000,1600,4960,32.258065,10,10,10,10,104,4,0,4,100,4960,160,0,0,0,0,104,0,0,0,0,105,8136
3044,1,1,0,0,0,0,0,0,0,0,0,100,100,100,0,0,0,0,100,100,100,100.000000,1600,4960,32.258065,10,10,10,10,104,4,0,4,100,4960,160,0,0,0,0,104,0,0,0,0,103,8136
3045,1,1,0,0,0,0,0,0,0,0,0,100,100,100,0,0,0,0,100,100,100,100.000000,1600,4960,32.258065,10,10,10,10,104,4,0,4,100,4960,160,0,0,0,0,104,0,0,0,0,102,8136
3046,1,1,0,0,0,0,0,0,0,0,0,100,100,100,0,0,0,0,100,100,100,100.000000,1600,4960,32.258065,10,10,10,10,104,4,0,4,100,4960,160,0,0,0,0,104,0,0,0,0,101,8136
3047,1,1,0,0,0,0,0,0,0,0,0,100,100,100,0,0,0,0,100,100,100,100.000000,1600,4960,32.258065,10,10,10,10,104,4,0,4,100,4960,160,0,0,0,0,104,0,0,0,0,103,8136
3048,1,1,0,0,0,0,0,0,0,0,0,100,100,100,0,0,0,0,100,100,100,100.000000,1600,4960,32.258065,10,10,10,10,104,4,0,4,100,4960,160,0,0,0,0,104,0,0,0,0,116,8136
3049,1,1,0,0,0,0,0,0,0,0,0,100,100,100,0,0,0,0,100,100,100,100.000000,1600,4960,32.258065,10,10,10,10,104,4,0,4,100,4960,160,0,0,0,0,104,0,0,0,0,115,8136
3050,1,1,0,0,0,0,0,0,0,0,0,100,100,100,0,0,0,0,100,100,100,100.000000,1600,4960,32.258065,10,10,10,10,104,4,0,4,100,4960,160,0,0,0,0,104,0,0,0,0,120,8136
3051,1,1,0,0,0,0,0,0,0,0,0,100,100,100,0,0,0,0,100,100,100,100.000000,1600,4960,32.258065,10,10,10,10,104,4,0,4,100,4960,160,0,0,0,0,104,0,0,0,0,103,8136
3052,1,1,0,0,0,0,0,0,0,0,0,100,100,100,0,0,0,0,100,100,100,100.000000,1600,4960,32.258065,10,10,10,10,104,4,0,4,100,4960,160,0,0,0,0,104,0,0,0,0,106,8136
3053,1,1,0,0,0,0,0,0,0,0,0,100,100,100,0,0,0,0,100,100,100,100.000000,1600,4960,32.258065,10,10,10,10,104,4,0,4,100,4960,160,0,0,0,0,104,0,0,0,0,112,8136
3054,1,1,0,0,0,0,0,0,0,0,0,100,100,100,0,0,0,0,100,100,100,100.000000,1600,4960,32.258065,10,10,10,10,104,4,0,4,100,4960,160,0,0,0,0,104,0,0,0,0,111,8136
3055,1,1,0,0,0,0,0,0,0,0,0,100,100,100,0,0,0,0,100,100,100,100.000000,1600,4960,32.258065,10,10,10,10,104,4,0,4,100,4960,160,0,0,0,0,104,0,0,0,0,110,8136
3056,1,1,0,0,0,0,0,0,0,0,0,100,100,100,0,0,0,0,100,100,100,100.000000,1600,4960,32.258065,10,10,10,10,104,4,0,4,100,4960,160,0,0,0,0,104,0,0,0,0,146,8136
3057,1,1,0,0,0,0,0,0,0,0,0,100,100,100,0,0,0,0,100,100,100,100.000000,1600,4960,32.258065,10,10,10,10,104,4,0,4,100,4960,160,0,0,0,0,104,0,0,0,0,109,8136
3058,1,1,0,0,0,0,0,0,0,0,0,100,100,100,0,0,0,0,100,100,100,100.000000,1600,4960,32.258065,10,10,10,10,104,4,0,4,100,4960,160,0,0,0,0,104,0,0,0,0,103,8136
3059,1,1,0,0,0,0,0,0,0,0,0,100,100,100,0,0,0,0,100,100,100,100.000000,1600,4960,32.258065,10,10,10,10,104,4,0,4,100,4960,160,0,0,0,0,104,0,0,0,0,112,8136
3060,1,1,0,0,0,0,0,0,0,0,0,100,100,100,0,0,0,0,100,100,100,100.000000,1600,4960,32.258065,10,10,10,10,104,4,0,4,100,4960,160,0,0,0,0,104,0,0,0,0,108,8136
3061,1,1,0,0,0,0,0,0,0,0,0,100,100,100,0,0,0,0,100,100,100,100.000000,1600,4960,32.258065,10,10,10,10,104,4,0,4,100,4960,160,0,0,0,0,104,0,0,0,0,116,8136
3062,1,1,0,0,0,0,0,0,0,0,0,100,100,100,0,0,0,0,100,100,100,100.000000,1600,4960,32.258065,10,10,10,10,104,4,0,4,100,4960,160,0,0,0,0,104,0,0,0,0,113,8136
3063,1,1,0,0,0,0,0,0,0,0,0,100,100,100,0,0,0,0,100,100,100,100.000000,1600,4960,32.258065,10,10,10,10,104,4,0,4,100,4960,160,0,0,0,0,104,0,0,0,0,104,8136
3064,1,1,0,0,0,0,0,0,0,0,0,100,100,100,0,0,0,0,100,100,100,100.000000,1600,4960,32.258065,10,10,10,10,104,4,0,4,100,4960,160,0,0,0,0,104,0,0,0,0,110,8136
3065,1,1,0,0,0,0,0,0,0,0,0,100,100,100,0,0,0,0,100,100,100,100.000000,1600,4960,32.258065,10,10,10,10,104,4,0,4,100,4960,160,0,0,0,0,104,0,0,0,0,145,8136
3066,1,1,0,0,0,0,0,0,0,0,0,100,100,100,0,0,0,0,100,100,100,100.000000,1600,4960,32.258065,10,10,10,10,104,4,0,4,100,4960,160,0,0,0,0,104,0,0,0,0,136,8136
3067,1,1,0,0,0,0,0,0,0,0,0,100,100,100,0,0,0,0,100,100,100,100.000000,1600,4960,32.258065,10,10,10,10,104,4,0,4,100,4960,160,0,0,0,0,104,0,0,0,0,137,8136
3068,1,1,0,0,0,0,0,0,0,0,0,100,100,100,0,0,0,0,100,100,100,100.000000,1600,4960,32.258065,10,10,10,10,104,4,0,4,100,4960,160,0,0,0,0,104,0,0,0,0,117,8136
3069,1,1,0,0,0,0,0,0,0,0,0,100,100,100,0,0,0,0,100,100,100,100.000000,1600,4960,32.258065,10,10,10,10,104,4,0,4,100,4960,160,0,0,0,0,104,0,0,0,0,110,8136
3070,1,1,0,0,0,0,0,0,0,0,0,100,100,100,0,0,0,0,100,100,100,100.000000,1600,4960,32.258065,10,10,10,10,104,4,0,4,100,4960,160,0,0,0,0,104,0,0,0,0,111,8136
3071,1,1,0,0,0,0,0,0,0,0,0,100,100,100,0,0,0,0,100,100,100,100.000000,1600,4960,32.258065,10,10,10,10,104,4,0,4,100,4960,160,0,0,0,0,104,0,0,0,0,110,8136
3072,1,1,0,0,0,0,0,0,0,0,0,100,100,100,0,0,0,0,100,100,100,100.000000,1600,4960,32.258065,10,10,10,10,104,4,0,4,100,4960,160,0,0,0,0,104,0,0,0,0,123,8136
3073,1,1,0,0,0,0,0,0,0,0,0,100,100,100,0,0,0,0,100,100,100,100.000000,1600,4960,32.258065,10,10,10,10,104,4,0,4,100,4960,160,0,0,0,0,104,0,0,0,0,125,8136
3074,1,1,0,0,0,0,0,0,0,0,0,100,100,100,0,0,0,0,100,100,100,100.000000,1600,4960,32.258065,10,10,10,10,104,4,0,4,100,4960,160,0,0,0,0,104,0,0,0,0,121,8136
3075,1,1,0,0,0,0,0,0,0,0,0,100,100,100,0,0,0,0,100,100,100,100.000000,1600,4960,32.258065,10,10,10,10,104,4,0,4,100,4960,160,0,0,0,0,104,0,0,0,0,133,8136
3076,1,1,0,0,0,0,0,0,0,0,0,100,100,100,0,0,0,0,100,100,100,100.000000,1600,4960,32.258065,10,10,10,10,104,4,0,4,100,4960,160,0,0,0,0,104,0,0,0,0,116,8136
3077,1,1,0,0,0,0,0,0,0,0,0,100,100,100,0,0,0,0,100,100,100,100.000000,1600,4960,32.258065,10,10,10,10,104,4,0,4,100,4960,160,0,0,0,0,104,0,0,0,0,118,8136
3078,1,1,0,0,0,0,0,0,0,0,0,100,100,100,0,0,0,0,100,100,100,100.000000,1600,4960,32.258065,10,10,10,10,104,4,0,4,100,4960,160,0,0,0,0,104,0,0,0,0,125,8136
3079,1,1,0,0,0,0,0,0,0,0,0,100,100,100,0,0,0,0,100,100,100,100.000000,1600,4960,32.258065,10,10,10,10,104,4,0,4,100,4960,160,0,0,0,0,104,0,0,0,0,115,8136
3080,1,1,0,0,0,0,0,0,0,0,0,100,100,100,0,0,0,0,100,100,100,100.000000,1600,4960,32.258065,10,10,10,10,104,4,0,4,100,4960,160,0,0,0,0,104,0,0,0,0,114,8136
3081,1,1,0,0,0,0,0,0,0,0,0,100,100,100,0,0,0,0,100,100,100,100.000000,1600,4960,32.258065,10,10,10,10,104,4,0,4,100,4960,160,0,0,0,0,104,0,0,0,0,122,8136
3082,1,1,0,0,0,0,0,0,0,0,0,100,100,100,0,0,0,0,100,100,100,100.000000,1600,4960,32.258065,10,10,10,10,104,4,0,4,100,4960,160,0,0,0,0,104,0,0,0,0,144,8136
3083,1,1,0,0,0,0,0,0,0,0,0,100,100,100,0,0,0,0,100,100,100,100.000000,1600,4960,32.258065,10,10,10,10,104,4,0,4,100,4960,160,0,0,0,0,104,0,0,0,0,134,8136
3084,1,1,0,0,0,0,0,0,0,0,0,100,100,100,0,0,0,0,100,100,100,100.000000,1600,4960,32.258065,10,10,10,10,104,4,0,4,100,4960,160,0,0,0,0,104,0,0,0,0,116,8136
3085,1,1,0,0,0,0,0,0,0,0,0,100,100,100,0,0,0,0,100,100,100,100.000000,1600,4960,32.258065,10,10,10,10,104,4,0,4,100,4960,160,0,0,0,0,104,0,0,0,0,118,8136
3086,1,1,0,0,0,0,0,0,0,0,0,100,100,100,0,0,0,0,100,100,100,100.000000,1600,4960,32.258065,10,10,10,10,104,4,0,4,100,4960,160,0,0,0,0,104,0,0,0,0,127,8136
3087,1,1,0,0,0,0,0,0,0,0,0,100,100,100,0,0,0,0,100,100,100,100.000000,1600,4960,32.258065,10,10,10,10,104,4,0,4,100,4960,160,0,0,0,0,104,0,0,0,0,112,8136
3088,1,1,0,0,0,0,0,0,0,0,0,100,100,100,0,0,0,0,100,100,100,100.000000,1600,4960,32.258065,10,10,10,10,104,4,0,4,100,4960,160,0,0,0,0,104,0,0,0,0,110,8136
3089,1,1,0,0,0,0,0,0,0,0,0,100,100,100,0,0,0,0,100,100,100,100.000000,1600,4960,32.258065,10,10,10,10,104,4,0,4,100,4960,160,0,0,0,0,104,0,0,0,0,127,8136
3090,1,1,0,0,0,0,0,0,0,0,0,100,100,100,0,0,0,0,100,100,100,100.000000,1600,4960,32.258065,10,10,10,10,104,4,0,4,100,4960,160,0,0,0,0,104,0,0,0,0,134,8136
3091,1,1,0,0,0,0,0,0,0,0,0,100,100,100,0,0,0,0,100,100,100,100.000000,1600,4960,32.258065,10,10,10,10,104,4,0,4,100,4960,160,0,0,0,0,104,0,0,0,0,118,8136
3092,1,1,0,0,0,0,0,0,0,0,0,100,100,100,0,0,0,0,100,100,100,100.000000,1600,4960,32.258065,10,10,10,10,104,4,0,4,100,4960,160,0,0,0,0,104,0,0,0,0,131,8136
3093,1,1,0,0,0,0,0,0,0,0,0,100,100,100,0,0,0,0,100,100,100,100.000000,1600,4960,32.258065,10,10,10,10,104,4,0,4,100,4960,160,0,0,0,0,104,0,0,0,0,151,8136
3094,1,1,0,0,0,0,0,0,0,0,0,100,100,100,0,0,0,0,100,100,100,100.000000,1600,4960,32.258065,10,10,10,10,104,4,0,4,100,4960,160,0,0,0,0,104,0,0,0,0,122,8136
3095,1,1,0,0,0,0,0,0,0,0,0,100,100,100,0,0,0,0,100,100,100,100.000000,1600,4960,32.258065,10,10,10,10,104,4,0,4,100,4960,160,0,0,0,0,104,0,0,0,0,117,8136
3096,1,1,0,0,0,0,0,0,0,0,0,100,100,100,0,0,0,0,100,100,100,100.000000,1600,4960,32.258065,10,10,10,10,104,4,0,4,100,4960,160,0,0,0,0,104,0,0,0,0,117,8136
3097,1,1,0,0,0,0,0,0,0,0,0,100,100,100,0,0,0,0,100,100,100,100.000000,1600,4960,32.258065,10,10,10,10,104,4,0,4,100,4960,160,0,0,0,0,104,0,0,0,0,122,8136
3098,1,1,0,0,0,0,0,0,0,0,0,100,100,100,0,0,0,0,100,100,100,100.000000,1600,4960,32.258065,10,10,10,10,104,4,0,4,100,4960,160,0,0,0,0,104,0,0,0,0,110,8136
3099,1,1,0,0,0,0,0,0,0,0,0,100,100,100,0,0,0,0,100,100,100,100.000000,1600,4960,32.258065,10,10,10,10,104,4,0,4,100,4960,160,0,0,0,0,104,0,0,0,0,107,8136
3100,1,1,0,0,0,0,0,0,0,0,0,100,100,100,0,0,0,0,100,100,100,100.000000,1600,4960,32.258065,10,10,10,10,104,4,0,4,100,4960,160,0,0,0,0,104,0,0,0,0,110,8136
3101,1,1,0,0,0,0,0,0,0,0,0,100,100,100,0,0,0,0,100,100,100,100.000000,1600,4960,32.258065,10,10,10,10,104,4,0,4,100,4960,160,0,0,0,0,104,0,0,0,0,124,8136
3102,1,1,0,0,0,0,0,0,0,0,0,100,100,100,0,0,0,0,100,100,100,100.000000,1600,4960,32.258065,10,10,10,10,104,4,0,4,100,4960,160,0,0,0,0,104,0,0,0,0,109,8136
3103,1,1,0,0,0,0,0,0,0,0,0,100,100,100,0,0,0,0,100,100,100,100.000000,1600,4960,32.258065,10,10,10,10,104,4,0,4,100,4960,160,0,0,0,0,104,0,0,0,0,115,8136
3104,1,1,0,0,0,0,0,0,0,0,0,100,100,100,0,0,0,0,100,100,100,100.000000,1600,4960,32.258065,10,10,10,10,104,4,0,4,100,4960,160,0,0,0,0,104,0,0,0,0,112,8136
3105,1,1,0,0,0,0,0,0,0,0,0,100,100,100,0,0,0,0,100,100,100,100.000000,1600,4960,32.258065,10,10,10,10,104,4,0,4,100,4960,160,0,0,0,0,104,0,0,0,0,132,8136
3106,1,1,0,0,0,0,0,0,0,0,0,100,100,100,0,0,0,0,100,100,100,100.000000,1600,4960,32.258065,10,10,10,10,104,4,0,4,100,4960,160,0,0,0,0,104,0,0,0,0,112,8136
3107,1,1,0,0,0,0,0,0,0,0,0,100,100,100,0,0,0,0,100,100,100,100.000000,1600,4960,32.258065,10,10,10,10,104,4,0,4,100,4960,160,0,0,0,0,104,0,0,0,0,124,8136
3108,1,1,0,0,0,0,0,0,0,0,0,100,100,100,0,0,0,0,100,100,100,100.000000,1600,4960,32.258065,10,10,10,10,104,4,0,4,100,4960,160,0,0,0,0,104,0,0,0,0,112,8136
3109,1,1,0,0,0,0,0,0,0,0,0,100,100,100,0,0,0,0,100,100,100,100.000000,1600,4960,32.258065,10,10,10,10,104,4,0,4,100,4960,160,0,0,0,0,104,0,0,0,0,115,8136
3110,1,1,0,0,0,0,0,0,0,0,0,100,100,100,0,0,0,0,100,100,100,100.000000,1600,4960,32.258065,10,10,10,10,104,4,0,4,100,4960,160,0,0,0,0,104,0,0,0,0,114,8136
3111,1,1,0,0,0,0,0,0,0,0,0,100,100,100,0,0,0,0,100,100,100,100.000000,1600,4960,32.258065,10,10,10,10,104,4,0,4,100,4960,160,0,0,0,0,104,0,0,0,0,115,8136
3112,1,1,0,0,0,0,0,0,0,0,0,100,100,100,0,0,0,0,100,100,100,100.000000,1600,4960,32.258065,10,10,10,10,104,4,0,4,100,4960,160,0,0,0,0,104,0,0,0,0,131,8136
3113,1,1,0,0,0,0,0,0,0,0,0,100,100,100,0,0,0,0,100,100,100,100.000000,1600,4960,32.258065,10,10,10,10,104,4,0,4,100,4960,160,0,0,0,0,104,0,0,0,0,118,8136
3114,1,1,0,0,0,0,0,0,0,0,0,100,100,100,0,0,0,0,100,100,100,100.000000,1600,4960,32.258065,10,10,10,10,104,4,0,4,100,4960,160,0,0,0,0,104,0,0,0,0,124,8136
3115,1,1,0,0,0,0,0,0,0,0,0,100,100,100,0,0,0,0,100,100,100,100.000000,1600,4960,32.258065,10,10,10,10,104,4,0,4,100,4960,160,0,0,0,0,104,0,0,0,0,113,8136
3116,1,1,0,0,0,0,0,0,0,0,0,100,100,100,0,0,0,0,100,100,100,100.000000,1600,4960,32.258065,10,10,10,10,104,4,0,4,100,4960,160,0,0,0,0,104,0,0,0,0,108,8136
3117,1,1,0,0,0,0,0,0,0,0,0,100,100,100,0,0,0,0,100,100,100,100.000000,1600,4960,32.258065,10,10,10,10,104,4,0,4,100,4960,160,0,0,0,0,104,0,0,0,0,111,8136
3118,1,1,0,0,0,0,0,0,0,0,0,100,100,100,0,0,0,0,100,100,100,100.000000,1600,4960,32.258065,10,10,10,10,104,4,0,4,100,4960,160,0,0,0,0,104,0,0,0,0,111,8136
3119,1,1,0,0,0,0,0,0,0,0,0,100,100,100,0,0,0,0,100,100,100,100.000000,1600,4960,32.258065,10,10,10,10,104,4,0,4,100,4960,160,0,0,0,0,104,0,0,0,0,116,8136
3120,1,1,0,0,0,0,0,0,0,0,0,100,100,100,0,0,0,0,100,100,100,100.000000,1600,4960,32.258065,10,10,10,10,104,4,0,4,100,4960,160,0,0,0,0,104,0,0,0,0,119,8136
3121,1,1,0,0,0,0,0,0,0,0,0,100,100,100,0,0,0,0,100,100,100,100.000000,1600,4960,32.258065,10,10,10,10,104,4,0,4,100,4960,160,0,0,0,0,104,0,0,0,0,118,8136
3122,1,1,0,0,0,0,0,0,0,0,0,100,100,100,0,0,0,0,100,100,100,100.000000,1600,4960,32.258065,10,10,10,10,104,4,0,4,100,4960,160,0,0,0,0,104,0,0,0,0,120,8136
3123,1,1,0,0,0,0,0,0,0,0,0,100,100,100,0,0,0,0,100,100,100,100.000000,1600,4960,32.258065,10,10,10,10,104,4,0,4,100,4960,160,0,0,0,0,104,0,0,0,0,113,8136
3124,1,1,0,0,0,0,0,0,0,0,0,100,100,100,0,0,0,0,100,100,100,100.000000,1600,4960,32.258065,10,10,10,10,104,4,0,4,100,4960,160,0,0,0,0,104,0,0,0,0,106,8136
3125,1,1,0,0,0,0,0,0,0,0,0,100,100,100,0,0,0,0,100,100,100,100.000000,1600,4960,32.258065,10,10,10,10,104,4,0,4,100,4960,160,0,0,0,0,104,0,0,0,0,110,8136
3126,1,1,0,0,0,0,0,0,0,0,0,100,100,100,0,0,0,0,100,100,100,100.000000,1600,4960,32.258065,10,10,10,10,104,4,0,4,100,4960,160,0,0,0,0,104,0,0,0,0,107,8136
3127,1,1,0,0,0,0,0,0,0,0,0,100,100,100,0,0,0,0,100,100,100,100.000000,1600,4960,32.258065,10,10,10,10,104,4,0,4,100,4960,160,0,0,0,0,104,0,0,0,0,114,8136
3128,1,1,0,0,0,0,0,0,0,0,0,100,100,100,0,0,0,0,100,100,100,100.000000,1600,4960,32.258065,10,10,10,10,104,4,0,4,100,4960,160,0,0,0,0,104,0,0,0,0,117,8136
3129,1,1,0,0,0,0,0,0,0,0,0,100,100,100,0,0,0,0,100,100,100,100.000000,1600,4960,32.258065,10,10,10,10,104,4,0,4,100,4960,160,0,0,0,0,104,0,0,0,0,117,8136
3130,1,1,0,0,0,0,0,0,0,0,0,100,100,100,0,0,0,0,100,100,100,100.000000,1600,4960,32.258065,10,10,10,10,104,4,0,4,100,4960,160,0,0,0,0,104,0,0,0,0,113,8136
3131,1,1,0,0,0,0,0,0,0,0,0,100,100,100,0,0,0,0,100,100,100,100.000000,1600,4960,32.258065,10,10,10,10,104,4,0,4,100,4960,160,0,0,0,0,104,0,0,0,0,111,8136
3132,1,1,0,0,0,0,0,0,0,0,0,100,100,100,0,0,0,0,100,100,100,100.000000,1600,4960,32.258065,10,10,10,10,104,4,0,4,100,4960,160,0,0,0,0,104,0,0,0,0,107,8136
3133,1,1,0,0,0,0,0,0,0,0,0,100,100,100,0,0,0,0,100,100,100,100.000000,1600,4960,32.258065,10,10,10,10,104,4,0,4,100,4960,160,0,0,0,0,104,0,0,0,0,111,8136
3134,1,1,0,0,0,0,0,0,0,0,0,100,100,100,0,0,0,0,100,100,100,100.000000,1600,4960,32.258065,10,10,10,10,104,4,0,4,100,4960,160,0,0,0,0,104,0,0,0,0,108,8136
3135,1,1,0,0,0,0,0,0,0,0,0,100,100,100,0,0,0,0,100,100,100,100.000000,1600,4960,32.258065,10,10,10,10,104,4,0,4,100,4960,160,0,0,0,0,104,0,0,0,0,111,8136
3136,1,1,0,0,0,0,0,0,0,0,0,100,100,100,0,0,0,0,100,100,100,100.000000,1600,4960,32.258065,10,10,10,10,104,4,0,4,100,4960,160,0,0,0,0,104,0,0,0,0,132,8136
3137,1,1,0,0,0,0,0,0,0,0,0,100,100,100,0,0,0,0,100,100,100,100.000000,1600,4960,32.258065,10,10,10,10,104,4,0,4,100,4960,160,0,0,0,0,104,0,0,0,0,116,8136
3138,1,1,0,0,0,0,0,0,0,0,0,100,100,100,0,0,0,0,100,100,100,100.000000,1600,4960,32.258065,10,10,10,10,104,4,0,4,100,4960,160,0,0,0,0,104,0,0,0,0,113,8136
3139,1,1,0,0,0,0,0,0,0,0,0,100,100,100,0,0,0,0,100,100,100,100.000000,1600,4960,32.258065,10,10,10,10,104,4,0,4,100,4960,160,0,0,0,0,104,0,0,0,0,115,8136
3140,1,1,0,0,0,0,0,0,0,0,0,100,100,100,0,0,0,0,100,100,100,100.000000,1600,4960,32.258065,10,10,10,10,104,4,0,4,100,4960,160,0,0,0,0,104,0,0,0,0,107,8136
3141,1,1,0,0,0,0,0,0,0,0,0,100,100,100,0,0,0,0,100,100,100,100.000000,1600,4960,32.258065,10,10,10,10,104,4,0,4,100,4960,160,0,0,0,0,104,0,0,0,0,107,8136
3142,1,1,0,0,0,0,0,0,0,0,0,100,100,100,0,0,0,0,100,100,100,100.000000,1600,4960,32.258065,10,10,10,10,104,4,0,4,100,4960,160,0,0,0,0,104,0,0,0,0,107,8136
3143,1,1,0,0,0,0,0,0,0,0,0,100,100,100,0,0,0,0,100,100,100,100.000000,1600,4960,32.258065,10,10,10,10,104,4,0,4,100,4960,160,0,0,0,0,104,0,0,0,0,112,8136
3144,1,1,0,0,0,0,0,0,0,0,0,100,100,100,0,0,0,0,100,100,100,100.000000,1600,4960,32.258065,10,10,10,10,104,4,0,4,100,4960,160,0,0,0,0,104,0,0,0,0,115,8136
3145,1,1,0,0,0,0,0,0,0,0,0,100,100,100,0,0,0,0,100,100,100,100.000000,1600,4960,32.258065,10,10,10,10,104,4,0,4,100,4960,160,0,0,0,0,104,0,0,0,0,126,8136
3146,1,1,0,0,0,0,0,0,0,0,0,100,100,100,0,0,0,0,100,100,100,100.000000,1600,4960,32.258065,10,10,10,10,104,4,0,4,100,4960,160,0,0,0,0,104,0,0,0,0,116,8136
3147,1,1,0,0,0,0,0,0,0,0,0,100,100,100,0,0,0,0,100,100,100,100.000000,1600,4960,32.258065,10,10,10,10,104,4,0,4,100,4960,160,0,0,0,0,104,0,0,0,0,109,8136
3148,1,1,0,0,0,0,0,0,0,0,0,100,100,100,0,0,0,0,100,100,100,100.000000,1600,4960,32.258065,10,10,10,10,104,4,0,4,100,4960,160,0,0,0,0,104,0,0,0,0,109,8136
3149,1,1,0,0,0,0,0,0,0,0,0,100,100,100,0,0,0,0,100,100,100,100.000000,1600,4960,32.258065,10,10,10,10,104,4,0,4,100,4960,160,0,0,0,0,104,0,0,0,0,122,8136
3150,1,1,0,0,0,0,0,0,0,0,0,100,100,100,0,0,0,0,100,100,100,100.000000,1600,4960,32.258065,10,10,10,10,104,4,0,4,100,4960,160,0,0,0,0,104,0,0,0,0,110,8136
3151,1,1,0,0,0,0,0,0,0,0,0,100,100,100,0,0,0,0,100,100,100,100.000000,1600,4960,32.258065,10,10,10,10,104,4,0,4,100,4960,160,0,0,0,0,104,0,0,0,0,117,8136
3152,1,1,0,0,0,0,0,0,0,0,0,100,100,100,0,0,0,0,100,100,100,100.000000,1600,4960,32.258065,10,10,10,10,104,4,0,4,100,4960,160,0,0,0,0,104,0,0,0,0,116,8136
3153,1,1,0,0,0,0,0,0,0,0,0,100,100,100,0,0,0,0,100,100,100,100.000000,1600,4960,32.258065,10,10,10,10,104,4,0,4,100,4960,160,0,0,0,0,104,0,0,0,0,118,8136
3154,1,1,0,0,0,0,0,0,0,0,0,100,100,100,0,0,0,0,100,100,100,100.000000,1600,4960,32.258065,10,10,10,10,104,4,0,4,100,4960,160,0,0,0,0,104,0,0,0,0,109,8136
3155,1,1,0,0,0,0,0,0,0,0,0,100,100,100,0,0,0,0,100,100,100,100.000000,1600,4960,32.258065,10,10,10,10,104,4,0,4,100,4960,160,0,0,0,0,104,0,0,0,0,113,8136
3156,1,1,0,0,0,0,0,0,0,0,0,100,100,100,0,0,0,0,100,100,100,100.000000,1600,4960,32.258065,10,10,10,10,104,4,0,4,100,4960,160,0,0,0,0,104,0,0,0,0,107,8136
3157,1,1,0,0,0,0,0,0,0,0,0,100,100,100,0,0,0,0,100,100,100,100.000000,1600,4960,32.258065,10,10,10,10,104,4,0,4,100,4960,160,0,0,0,0,104,0,0,0,0,109,8136
3158,1,1,0,0,0,0,0,0,0,0,0,100,100,100,0,0,0,0,100,100,100,100.000000,1600,4960,32.258065,10,10,10,10,104,4,0,4,100,4960,160,0,0,0,0,104,0,0,0,0,108,8136
3159,1,1,0,0,0,0,0,0,0,0,0,100,100,100,0,0,0,0,100,100,100,100.000000,1600,4960,32.258065,10,10,10,10,104,4,0,4,100,4960,160,0,0,0,0,104,0,0,0,0,111,8136
3160,1,1,0,0,0,0,0,0,0,0,0,100,100,100,0,0,0,0,100,100,100,100.000000,1600,4960,32.258065,10,10,10,10,104,4,0,4,100,4960,160,0,0,0,0,104,0,0,0,0,113,8136
3161,1,1,0,0,0,0,0,0,0,0,0,100,100,100,0,0,0,0,100,100,100,100.000000,1600,4960,32.258065,10,10,10,10,104,4,0,4,100,4960,160,0,0,0,0,104,0,0,0,0,282,8136
3162,1,1,0,0,0,0,0,0,0,0,0,100,100,100,0,0,0,0,100,100,100,100.000000,1600,4960,32.258065,10,10,10,10,104,4,0,4,100,4960,160,0,0,0,0,104,0,0,0,0,112,8136
3163,1,1,0,0,0,0,0,0,0,0,0,100,100,100,0,0,0,0,100,100,100,100.000000,1600,4960,32.258065,10,10,10,10,104,4,0,4,100,4960,160,0,0,0,0,104,0,0,0,0,111,8136
3164,1,1,0,0,0,0,0,0,0,0,0,100,100,100,0,0,0,0,100,100,100,100.000000,1600,4960,32.258065,10,10,10,10,104,4,0,4,100,4960,160,0,0,0,0,104,0,0,0,0,104,8136
3165,1,1,0,0,0,0,0,0,0,0,0,100,100,100,0,0,0,0,100,100,100,100.000000,1600,4960,32.258065,10,10,10,10,104,4,0,4,100,4960,160,0,0,0,0,104,0,0,0,0,106,8136
3166,1,1,0,0,0,0,0,0,0,0,0,100,100,100,0,0,0,0,100,100,100,100.000000,1600,4960,32.258065,10,10,10,10,104,4,0,4,100,4960,160,0,0,0,0,104,0,0,0,0,107,8136
3167,1,1,0,0,0,0,0,0,0,0,0,100,100,100,0,0,0,0,100,100,100,100.000000,1600,4960,32.258065,10,10,10,10,104,4,0,4,100,4960,160,0,0,0,0,104,0,0,0,0,104,8136
3168,1,1,0,0,0,0,0,0,0,0,0,100,100,100,0,0,0,0,100,100,100,100.000000,1600,4960,32.258065,10,10,10,10,104,4,0,4,100,4960,160,0,0,0,0,104,0,0,0,0,110,8136
3169,1,1,0,0,0,0,0,0,0,0,0,100,100,100,0,0,0,0,100,100,100,100.000000,1600,4960,32.258065,10,10,10,10,104,4,0,4,100,4960,160,0,0,0,0,104,0,0,0,0,122,8136
3170,1,1,0,0,0,0,0,0,0,0,0,100,100,100,0,0,0,0,100,100,100,100.000000,1600,4960,32.258065,10,10,10,10,104,4,0,4,100,4960,160,0,0,0,0,104,0,0,0,0,110,8136
3171,1,1,0,0,0,0,0,0,0,0,0,100,100,100,0,0,0,0,100,100,100,100.000000,1600,4960,32.258065,10,10,10,10,104,4,0,4,100,4960,160,0,0,0,0,104,0,0,0,0,111,8136
3172,1,1,0,0,0,0,0,0,0,0,0,100,100,100,0,0,0,0,100,100,100,100.000000,1600,4960,32.258065,10,10,10,10,104,4,0,4,100,4960,160,0,0,0,0,104,0,0,0,0,105,8136
3173,1,1,0,0,0,0,0,0,0,0,0,100,100,100,0,0,0,0,100,100,100,100.000000,1600,4960,32.258065,10,10,10,10,104,4,0,4,100,4960,160,0,0,0,0,104,0,0,0,0,106,8136
3174,1,1,0,0,0,0,0,0,0,0,0,100,100,100,0,0,0,0,100,100,100,100.000000,1600,4960,32.258065,10,10,10,10,104,4,0,4,100,4960,160,0,0,0,0,104,0,0,0,0,105,8136
3175,1,1,0,0,0,0,0,0,0,0,0,100,100,100,0,0,0,0,100,100,100,100.000000,1600,4960,32.258065,10,10,10,10,104,4,0,4,100,4960,160,0,0,0,0,104,0,0,0,0,126,8136
3176,1,1,0,0,0,0,0,0,0,0,0,100,100,100,0,0,0,0,100,100,100,100.000000,1600,4960,32.258065,10,10,10,10,104,4,0,4,100,4960,160,0,0,0,0,104,0,0,0,0,112,8136
3177,1,1,0,0,0,0,0,0,0,0,0,100,100,100,0,0,0,0,100,100,100,100.000000,1600,4960,32.258065,10,10,10,10,104,4,0,4,100,4960,160,0,0,0,0,104,0,0,0,0,128,8136
3178,1,1,0,0,0,0,0,0,0,0,0,100,100,100,0,0,0,0,100,100,100,100.000000,1600,4960,32.258065,10,10,10,10,104,4,0,4,100,4960,160,0,0,0,0,104,0,0,0,0,107,8136
3179,1,1,0,0,0,0,0,0,0,0,0,100,100,100,0,0,0,0,100,100,100,100.000000,1600,4960,32.258065,10,10,10,10,104,4,0,4,100,4960,160,0,0,0,0,104,0,0,0,0,103,8136
3180,1,1,0,0,0,0,0,0,0,0,0,100,100,100,0,0,0,0,100,100,100,100.000000,1600,4960,32.258065,10,10,10,10,104,4,0,4,100,4960,160,0,0,0,0,104,0,0,0,0,102,8136
3181,1,1,0,0,0,0,0,0,0,0,0,100,100,100,0,0,0,0,100,100,100,100.000000,1600,4960,32.258065,10,10,10,10,104,4,0,4,100,4960,160,0,0,0,0,104,0,0,0,0,106,8136
3182,1,1,0,0,0,0,0,0,0,0,0,100,100,100,0,0,0,0,100,100,100,100.000000,1600,4960,32.258065,10,10,10,10,104,4,0,4,100,4960,160,0,0,0,0,104,0,0,0,0,104,8136
3183,1,1,0,0,0,0,0,0,0,0,0,100,100,100,0,0,0,0,100,100,100,100.000000,1600,4960,32.258065,10,10,10,10,104,4,0,4,100,4960,160,0,0,0,0,104,0,0,0,0,104,8136
3184,1,1,0,0,0,0,0,0,0,0,0,100,100,100,0,0,0,0,100,100,100,100.000000,1600,4960,32.258065,10,10,10,10,104,4,0,4,100,4960,160,0,0,0,0,104,0,0,0,0,113,8136
3185,1,1,0,0,0,0,0,0,0,0,0,100,100,100,0,0,0,0,100,100,100,100.000000,1600,4960,32.258065,10,10,10,10,104,4,0,4,100,4960,160,0,0,0,0,104,0,0,0,0,118,8136
3186,1,1,0,0,0,0,0,0,0,0,0,100,100,100,0,0,0,0,100,100,100,100.000000,1600,4960,32.258065,10,10,10,10,104,4,0,4,100,4960,160,0,0,0,0,104,0,0,0,0,113,8136
3187,1,1,0,0,0,0,0,0,0,0,0,100,100,100,0,0,0,0,100,100,100,100.000000,1600,4960,32.258065,10,10,10,10,104,4,0,4,100,4960,160,0,0,0,0,104,0,0,0,0,107,8136
3188,1,1,0,0,0,0,0,0,0,0,0,100,100,100,0,0,0,0,100,100,100,100.000000,1600,4960,32.258065,10,10,10,10,104,4,0,4,100,4960,160,0,0,0,0,104,0,0,0,0,109,8136
3189,1,1,0,0,0,0,0,0,0,0,0,100,100,100,0,0,0,0,100,100,100,100.000000,1600,4960,32.258065,10,10,10,10,104,4,0,4,100,4960,160,0,0,0,0,104,0,0,0,0,104,8136
3190,1,1,0,0,0,0,0,0,0,0,0,100,100,100,0,0,0,0,100,100,100,100.000000,1600,4960,32.258065,10,10,10,10,104,4,0,4,100,4960,160,0,0,0,0,104,0,0,0,0,113,8136
3191,1,1,0,0,0,0,0,0,0,0,0,100,100,100,0,0,0,0,100,100,100,100.000000,1600,4960,32.258065,10,10,10,10,104,4,0,4,100,4960,160,0,0,0,0,104,0,0,0,0,119,8136
3192,1,1,0,0,0,0,0,0,0,0,0,100,100,100,0,0,0,0,100,100,100,100.000000,1600,4960,32.258065,10,10,10,10,104,4,0,4,100,4960,160,0,0,0,0,104,0,0,0,0,110,8136
3193,1,1,0,0,0,0,0,0,0,0,0,100,100,100,0,0,0,0,100,100,100,100.000000,1600,4960,32.258065,10,10,10,10,104,4,0,4,100,4960,160,0,0,0,0,104,0,0,0,0,121,8136
3194,1,1,0,0,0,0,0,0,0,0,0,100,100,100,0,0,0,0,100,100,100,100.000000,1600,4960,32.258065,10,10,10,10,104,4,0,4,100,4960,160,0,0,0,0,104,0,0,0,0,117,8136
3195,1,1,0,0,0,0,0,0,0,0,0,100,100,100,0,0,0,0,100,100,100,100.000000,1600,4960,32.258065,10,10,10,10,104,4,0,4,100,4960,160,0,0,0,0,104,0,0,0,0,106,8136
3196,1,1,0,0,0,0,0,0,0,0,0,100,100,100,0,0,0,0,100,100,100,100.000000,1600,4960,32.258065,10,10,10,10,104,4,0,4,100,4960,160,0,0,0,0,104,0,0,0,0,109,8136
3197,1,1,0,0,0,0,0,0,0,0,0,100,100,100,0,0,0,0,100,100,100,100.000000,1600,4960,32.258065,10,10,10,10,104,4,0,4,100,4960,160,0,0,0,0,104,0,0,0,0,110,8136
3198,1,1,0,0,0,0,0,0,0,0,0,100,100,100,0,0,0,0,100,100,100,100.000000,1600,4960,32.258065,10,10,10,10,104,4,0,4,100,4960,160,0,0,0,0,104,0,0,0,0,120,8136
3199,1,1,0,0,0,0,0,0,0,0,0,100,100,100,0,0,0,0,100,100,100,100.000000,1600,4960,32.258065,10,10,10,10,104,4,0,4,100,4960,160,0,0,0,0,104,0,0,0,0,111,8136
3200,1,1,0,0,0,0,0,0,0,0,0,100,100,100,0,0,0,0,100,100,100,100.000000,1600,4960,32.258065,10,10,10,10,104,4,0,4,100,4960,160,0,0,0,0,104,0,0,0,0,123,8136
3201,1,1,0,0,0,0,0,0,0,0,0,100,100,100,0,0,0,0,100,100,100,100.000000,1600,4960,32.258065,10,10,10,10,104,4,0,4,100,4960,160,0,0,0,0,104,0,0,0,0,125,8136
3202,1,1,0,0,0,0,0,0,0,0,0,100,100,100,0,0,0,0,100,100,100,100.000000,1600,4960,32.258065,10,10,10,10,104,4,0,4,100,4960,160,0,0,0,0,104,0,0,0,0,118,8136
3203,1,1,0,0,0,0,0,0,0,0,0,100,100,100,0,0,0,0,100,100,100,100.000000,1600,4960,32.258065,10,10,10,10,104,4,0,4,100,4960,160,0,0,0,0,104,0,0,0,0,109,8136
3204,1,1,0,0,0,0,0,0,0,0,0,100,100,100,0,0,0,0,100,100,100,100.000000,1600,4960,32.258065,10,10,10,10,104,4,0,4,100,4960,160,0,0,0,0,104,0,0,0,0,106,8136
3205,1,1,0,0,0,0,0,0,0,0,0,100,100,100,0,0,0,0,100,100,100,100.000000,1600,4960,32.258065,10,10,10,10,104,4,0,4,100,4960,160,0,0,0,0,104,0,0,0,0,105,8136
3206,1,1,0,0,0,0,0,0,0,0,0,100,100,100,0,0,0,0,100,100,100,100.000000,1600,4960,32.258065,10,10,10,10,104,4,0,4,100,4960,160,0,0,0,0,104,0,0,0,0,116,8136
3207,1,1,0,0,0,0,0,0,0,0,0,100,100,100,0,0,0,0,100,100,100,100.000000,1600,4960,32.258065,10,10,10,10,104,4,0,4,100,4960,160,0,0,0,0,104,0,0,0,0,105,8136
3208,1,1,0,0,0,0,0,0,0,0,0,100,100,100,0,0,0,0,100,100,100,100.000000,1600,4960,32.258065,10,10,10,10,104,4,0,4,100,4960,160,0,0,0,0,104,0,0,0,0,109,8136
3209,1,1,0,0,0,0,0,0,0,0,0,100,100,100,0,0,0,0,100,100,100,100.000000,1600,4960,32.258065,10,10,10,10,104,4,0,4,100,4960,160,0,0,0,0,104,0,0,0,0,124,8136
3210,1,1,0,0,0,0,0,0,0,0,0,100,100,100,0,0,0,0,100,100,100,100.000000,1600,4960,32.258065,10,10,10,10,104,4,0,4,100,4960,160,0,0,0,0,104,0,0,0,0,106,8136
3211,1,1,0,0,0,0,0,0,0,0,0,100,100,100,0,0,0,0,100,100,100,100.000000,1600,4960,32.258065,10,10,10,10,104,4,0,4,100,4960,160,0,0,0,0,104,0,0,0,0,108,8136
3212,1,1,0,0,0,0,0,0,0,0,0,100,100,100,0,0,0,0,100,100,100,100.000000,1600,4960,32.258065,10,10,10,10,104,4,0,4,100,4960,160,0,0,0,0,104,0,0,0,0,113,8136
3213,1,1,0,0,0,0,0,0,0,0,0,100,100,100,0,0,0,0,100,100,100,100.000000,1600,4960,32.258065,10,10,10,10,104,4,0,4,100,4960,160,0,0,0,0,104,0,0,0,0,106,8136
3214,1,1,0,0,0,0,0,0,0,0,0,100,100,100,0,0,0,0,100,100,100,100.000000,1600,4960,32.258065,10,10,10,10,104,4,0,4,100,4960,160,0,0,0,0,104,0,0,0,0,108,8136
3215,1,1,0,0,0,0,0,0,0,0,0,100,100,100,0,0,0,0,100,100,100,100.000000,1600,4960,32.258065,10,10,10,10,104,4,0,4,100,4960,160,0,0,0,0,104,0,0,0,0,140,8136
3216,1,1,0,0,0,0,0,0,0,0,0,100,100,100,0,0,0,0,100,100,100,100.000000,1600,4960,32.258065,10,10,10,10,104,4,0,4,100,4960,160,0,0,0,0,104,0,0,0,0,120,8136
3217,1,1,0,0,0,0,0,0,0,0,0,100,100,100,0,0,0,0,100,100,100,100.000000,1600,4960,32.258065,10,10,10,10,104,4,0,4,100,4960,160,0,0,0,0,104,0,0,0,0,108,8136
3218,1,1,0,0,0,0,0,0,0,0,0,100,100,100,0,0,0,0,100,100,100,100.000000,1600,4960,32.258065,10,10,10,10,104,4,0,4,100,4960,160,0,0,0,0,104,0,0,0,0,112,8136
3219,1,1,0,0,0,0,0,0,0,0,0,100,100,100,0,0,0,0,100,100,100,100.000000,1600,4960,32.258065,10,10,10,10,104,4,0,4,100,4960,160,0,0,0,0,104,0,0,0,0,110,8136
3220,1,1,0,0,0,0,0,0,0,0,0,100,100,100,0,0,0,0,100,100,100,100.000000,1600,4960,32.258065,10,10,10,10,104,4,0,4,100,4960,160,0,0,0,0,104,0,0,0,0,106,8136
3221,1,1,0,0,0,0,0,0,0,0,0,100,100,100,0,0,0,0,100,100,100,100.000000,1600,4960,32.258065,10,10,10,10,104,4,0,4,100,4960,160,0,0,0,0,104,0,0,0,0,110,8136
3222,1,1,0,0,0,0,0,0,0,0,0,100,100,100,0,0,0,0,100,100,100,100.000000,1600,4960,32.258065,10,10,10,10,104,4,0,4,100,4960,160,0,0,0,0,104,0,0,0,0,112,8136
3223,1,1,0,0,0,0,0,0,0,0,0,100,100,100,0,0,0,0,100,100,100,100.000000,1600,4960,32.258065,10,10,10,10,104,4,0,4,100,4960,160,0,0,0,0,104,0,0,0,0,113,8136
3224,1,1,0,0,0,0,0,0,0,0,0,100,100,100,0,0,0,0,100,100,100,100.000000,1600,4960,32.258065,10,10,10,10,104,4,0,4,100,4960,160,0,0,0,0,104,0,0,0,0,118,8136
3225,1,1,0,0,0,0,0,0,0,0,0,100,100,100,0,0,0,0,100,100,100,100.000000,1600,4960,32.258065,10,10,10,10,104,4,0,4,100,4960,160,0,0,0,0,104,0,0,0,0,125,8136
3226,1,1,0,0,0,0,0,0,0,0,0,100,100,100,0,0,0,0,100,100,100,100.000000,1600,4960,32.258065,10,10,10,10,104,4,0,4,100,4960,160,0,0,0,0,104,0,0,0,0,118,8136
3227,1,1,0,0,0,0,0,0,0,0,0,100,100,100,0,0,0,0,100,100,100,100.000000,1600,4960,32.258065,10,10,10,10,104,4,0,4,100,4960,160,0,0,0,0,104,0,0,0,0,107,8136
3228,1,1,0,0,0,0,0,0,0,0,0,100,100,100,0,0,0,0,100,100,100,100.000000,1600,4960,32.258065,10,10,10,10,104,4,0,4,100,4960,160,0,0,0,0,104,0,0,0,0,108,8136
3229,1,1,0,0,0,0,0,0,0,0,0,100,100,100,0,0,0,0,100,100,100,100.000000,1600,4960,32.258065,10,10,10,10,104,4,0,4,100,4960,160,0,0,0,0,104,0,0,0,0,110,8136
3230,1,1,0,0,0,0,0,0,0,0,0,100,100,100,0,0,0,0,100,100,100,100.000000,1600,4960,32.258065,10,10,10,10,104,4,0,4,100,4960,160,0,0,0,0,104,0,0,0,0,110,8136
3231,1,1,0,0,0,0,0,0,0,0,0,100,100,100,0,0,0,0,100,100,100,100.000000,1600,4960,32.258065,10,10,10,10,104,4,0,4,100,4960,160,0,0,0,0,104,0,0,0,0,111,8136
3232,1,1,0,0,0,0,0,0,0,0,0,100,100,100,0,0,0,0,100,100,100,100.000000,1600,4960,32.258065,10,10,10,10,104,4,0,4,100,4960,160,0,0,0,0,104,0,0,0,0,122,8136
3233,1,1,0,0,0,0,0,0,0,0,0,100,100,100,0,0,0,0,100,100,100,100.000000,1600,4960,32.258065,10,10,10,10,104,4,0,4,100,4960,160,0,0,0,0,104,0,0,0,0,121,8136
3234,1,1,0,0,0,0,0,0,0,0,0,100,100,100,0,0,0,0,100,100,100,100.000000,1600,4960,32.258065,10,10,10,10,104,4,0,4,100,4960,160,0,0,0,0,104,0,0,0,0,126,8136
3235,1,1,0,0,0,0,0,0,0,0,0,100,100,100,0,0,0,0,100,100,100,100.000000,1600,4960,32.258065,10,10,10,10,104,4,0,4,100,4960,160,0,0,0,0,104,0,0,0,0,118,8136
3236,1,1,0,0,0,0,0,0,0,0,0,100,100,100,0,0,0,0,100,100,100,100.000000,1600,4960,32.258065,10,10,10,10,104,4,0,4,100,4960,160,0,0,0,0,104,0,0,0,0,115,8136
3237,1,1,0,0,0,0,0,0,0,0,0,100,100,100,0,0,0,0,100,100,100,100.000000,1600,4960,32.258065,10,10,10,10,104,4,0,4,100,4960,160,0,0,0,0,104,0,0,0,0,108,8136
3238,1,1,0,0,0,0,0,0,0,0,0,100,100,100,0,0,0,0,100,100,100,100.000000,1600,4960,32.258065,10,10,10,10,104,4,0,4,100,4960,160,0,0,0,0,104,0,0,0,0,111,8136
3239,1,1,0,0,0,0,0,0,0,0,0,100,100,100,0,0,0,0,100,100,100,100.000000,1600,4960,32.258065,10,10,10,10,104,4,0,4,100,4960,160,0,0,0,0,104,0,0,0,0,112,8136
3240,1,1,0,0,0,0,0,0,0,0,0,100,100,100,0,0,0,0,100,100,100,100.000000,1600,4960,32.258065,10,10,10,10,104,4,0,4,100,4960,160,0,0,0,0,104,0,0,0,0,113,8136
3241,1,1,0,0,0,0,0,0,0,0,0,100,100,100,0,0,0,0,100,100,100,100.000000,1600,4960,32.258065,10,10,10,10,104,4,0,4,100,4960,160,0,0,0,0,104,0,0,0,0,125,8136
3242,1,1,0,0,0,0,0,0,0,0,0,100,100,100,0,0,0,0,100,100,100,100.000000,1600,4960,32.258065,10,10,10,10,104,4,0,4,100,4960,160,0,0,0,0,104,0,0,0,0,124,8136
3243,1,1,0,0,0,0,0,0,0,0,0,100,100,100,0,0,0,0,100,100,100,100.000000,1600,4960,32.258065,10,10,10,10,104,4,0,4,100,4960,160,0,0,0,0,104,0,0,0,0,150,8136
3244,1,1,0,0,0,0,0,0,0,0,0,100,100,100,0,0,0,0,100,100,100,100.000000,1600,4960,32.258065,10,10,10,10,104,4,0,4,100,4960,160,0,0,0,0,104,0,0,0,0,133,8136
3245,1,1,0,0,0,0,0,0,0,0,0,100,100,100,0,0,0,0,100,100,100,100.000000,1600,4960,32.258065,10,10,10,10,104,4,0,4,100,4960,160,0,0,0,0,104,0,0,0,0,123,8136
3246,1,1,0,0,0,0,0,0,0,0,0,100,100,100,0,0,0,0,100,100,100,100.000000,1600,4960,32.258065,10,10,10,10,104,4,0,4,100,4960,160,0,0,0,0,104,0,0,0,0,106,8136
3247,1,1,0,0,0,0,0,0,0,0,0,100,100,100,0,0,0,0,100,100,100,100.000000,1600,4960,32.258065,10,10,10,10,104,4,0,4,100,4960,160,0,0,0,0,104,0,0,0,0,106,8136
3248,1,1,0,0,0,0,0,0,0,0,0,100,100,100,0,0,0,0,100,100,100,100.000000,1600,4960,32.258065,10,10,10,10,104,4,0,4,100,4960,160,0,0,0,0,104,0,0,0,0,113,8136
3249,1,1,0,0,0,0,0,0,0,0,0,100,100,100,0,0,0,0,100,100,100,100.000000,1600,4960,32.258065,10,10,10,10,104,4,0,4,100,4960,160,0,0,0,0,104,0,0,0,0,114,8136
3250,1,1,0,0,0,0,0,0,0,0,0,100,100,100,0,0,0,0,100,100,100,100.000000,1600,4960,32.258065,10,10,10,10,104,4,0,4,100,4960,160,0,0,0,0,104,0,0,0,0,114,8136
3251,1,1,0,0,0,0,0,0,0,0,0,100,100,100,0,0,0,0,100,100,100,100.000000,1600,4960,32.258065,10,10,10,10,104,4,0,4,100,4960,160,0,0,0,0,104,0,0,0,0,107,8136
3252,1,1,0,0,0,0,0,0,0,0,0,100,100,100,0,0,0,0,100,100,100,100.000000,1600,4960,32.258065,10,10,10,10,104,4,0,4,100,4960,160,0,0,0,0,104,0,0,0,0,133,8136
3253,1,1,0,0,0,0,0,0,0,0,0,100,100,100,0,0,0,0,100,100,100,100.000000,1600,4960,32.258065,10,10,10,10,104,4,0,4,100,4960,160,0,0,0,0,104,0,0,0,0,108,8136
3254,1,1,0,0,0,0,0,0,0,0,0,100,100,100,0,0,0,0,100,100,100,100.000000,1600,4960,32.258065,10,10,10,10,104,4,0,4,100,4960,160,0,0,0,0,104,0,0,0,0,113,8136
3255,1,1,0,0,0,0,0,0,0,0,0,100,100,100,0,0,0,0,100,100,100,100.000000,1600,4960,32.258065,10,10,10,10,104,4,0,4,100,4960,160,0,0,0,0,104,0,0,0,0,119,8136
3256,1,1,0,0,0,0,0,0,0,0,0,100,100,100,0,0,0,0,100,100,100,100.000000,1600,4960,32.258065,10,10,10,10,104,4,0,4,100,4960,160,0,0,0,0,104,0,0,0,0,116,8136
3257,1,1,0,0,0,0,0,0,0,0,0,100,100,100,0,0,0,0,100,100,100,100.000000,1600,4960,32.258065,10,10,10,10,104,4,0,4,100,4960,160,0,0,0,0,104,0,0,0,0,117,8136
3258,1,1,0,0,0,0,0,0,0,0,0,100,100,100,0,0,0,0,100,100,100,100.000000,1600,4960,32.258065,10,10,10,10,104,4,0,4,100,4960,160,0,0,0,0,104,0,0,0,0,113,8136
3259,1,1,0,0,0,0,0,0,0,0,0,100,100,100,0,0,0,0,100,100,100,100.000000,1600,4960,32.258065,10,10,10,10,104,4,0,4,100,4960,160,0,0,0,0,104,0,0,0,0,113,8136
3260,1,1,0,0,0,0,0,0,0,0,0,100,100,100,0,0,0,0,100,100,100,100.000000,1600,4960,32.258065,10,10,10,10,104,4,0,4,100,4960,160,0,0,0,0,104,0,0,0,0,108,8136
3261,1,1,0,0,0,0,0,0,0,0,0,100,100,100,0,0,0,0,100,100,100,100.000000,1600,4960,32.258065,10,10,10,10,104,4,0,4,100,4960,160,0,0,0,0,104,0,0,0,0,109,8136
3262,1,1,0,0,0,0,0,0,0,0,0,100,100,100,0,0,0,0,100,100,100,100.000000,1600,4960,32.258065,10,10,10,10,104,4,0,4,100,4960,160,0,0,0,0,104,0,0,0,0,115,8136
3263,1,1,0,0,0,0,0,0,0,0,0,100,100,100,0,0,0,0,100,100,100,100.000000,1600,4960,32.258065,10,10,10,10,104,4,0,4,100,4960,160,0,0,0,0,104,0,0,0,0,128,8136
3264,1,1,0,0,0,0,0,0,0,0,0,100,100,100,0,0,0,0,100,100,100,100.000000,1600,4960,32.258065,10,10,10,10,104,4,0,4,100,4960,160,0,0,0,0,104,0,0,0,0,118,8136
3265,1,1,0,0,0,0,0,0,0,0,0,100,100,100,0,0,0,0,100,100,100,100.000000,1600,4960,32.258065,10,10,10,10,104,4,0,4,100,4960,160,0,0,0,0,104,0,0,0,0,120,8136
3266,1,1,0,0,0,0,0,0,0,0,0,100,100,100,0,0,0,0,100,100,100,100.000000,1600,4960,32.258065,10,10,10,10,104,4,0,4,100,4960,160,0,0,0,0,104,0,0,0,0,115,8136
3267,1,1,0,0,0,0,0,0,0,0,0,100,100,100,0,0,0,0,100,100,100,100.000000,1600,4960,32.258065,10,10,10,10,104,4,0,4,100,4960,160,0,0,0,0,104,0,0,0,0,110,8136
3268,1,1,0,0,0,0,0,0,0,0,0,100,100,100,0,0,0,0,100,100,100,100.000000,1600,4960,32.258065,10,10,10,10,104,4,0,4,100,4960,160,0,0,0,0,104,0,0,0,0,106,8136
3269,1,1,0,0,0,0,0,0,0,0,0,100,100,100,0,0,0,0,100,100,100,100.000000,1600,4960,32.258065,10,10,10,10,104,4,0,4,100,4960,160,0,0,0,0,104,0,0,0,0,111,8136
3270,1,1,0,0,0,0,0,0,0,0,0,100,100,100,0,0,0,0,100,100,100,100.000000,1600,4960,32.258065,10,10,10,10,104,4,0,4,100,4960,160,0,0,0,0,104,0,0,0,0,109,8136
3271,1,1,0,0,0,0,0,0,0,0,0,100,100,100,0,0,0,0,100,100,100,100.000000,1600,4960,32.258065,10,10,10,10,104,4,0,4,100,4960,160,0,0,0,0,104,0,0,0,0,115,8136
3272,1,1,0,0,0,0,0,0,0,0,0,100,100,100,0,0,0,0,100,100,100,100.000000,1600,4960,32.258065,10,10,10,10,104,4,0,4,100,4960,160,0,0,0,0,104,0,0,0,0,124,8136
3273,1,1,0,0,0,0,0,0,0,0,0,100,100,100,0,0,0,0,100,100,100,100.000000,1600,4960,32.258065,10,10,10,10,104,4,0,4,100,4960,160,0,0,0,0,104,0,0,0,0,124,8136
3274,1,1,0,0,0,0,0,0,0,0,0,100,100,100,0,0,0,0,100,100,100,100.000000,1600,4960,32.258065,10,10,10,10,104,4,0,4,100,4960,160,0,0,0,0,104,0,0,0,0,129,8136
3275,1,1,0,0,0,0,0,0,0,0,0,100,100,100,0,0,0,0,100,100,100,100.000000,1600,4960,32.258065,10,10,10,10,104,4,0,4,100,4960,160,0,0,0,0,104,0,0,0,0,111,8136
3276,1,1,0,0,0,0,0,0,0,0,0,100,100,100,0,0,0,0,100,100,100,100.000000,1600,4960,32.258065,10,10,10,10,104,4,0,4,100,4960,160,0,0,0,0,104,0,0,0,0,106,8136
3277,1,1,0,0,0,0,0,0,0,0,0,100,100,100,0,0,0,0,100,100,100,100.000000,1600,4960,32.258065,10,10,10,10,104,4,0,4,100,4960,160,0,0,0,0,104,0,0,0,0,113,8136
3278,1,1,0,0,0,0,0,0,0,0,0,100,100,100,0,0,0,0,100,100,100,100.000000,1600,4960,32.258065,10,10,10,10,104,4,0,4,100,4960,160,0,0,0,0,104,0,0,0,0,113,8136
3279,1,1,0,0,0,0,0,0,0,0,0,100,100,100,0,0,0,0,100,100,100,100.000000,1600,4960,32.258065,10,10,10,10,104,4,0,4,100,4960,160,0,0,0,0,104,0,0,0,0,108,8136
3280,1,1,0,0,0,0,0,0,0,0,0,100,100,100,0,0,0,0,100,100,100,100.000000,1600,4960,32.258065,10,10,10,10,104,4,0,4,100,4960,160,0,0,0,0,104,0,0,0,0,121,8136
3281,1,1,0,0,0,0,0,0,0,0,0,100,100,100,0,0,0,0,100,100,100,100.000000,1600,4960,32.258065,10,10,10,10,104,4,0,4,100,4960,160,0,0,0,0,104,0,0,0,0,118,8136
3282,1,1,0,0,0,0,0,0,0,0,0,100,100,100,0,0,0,0,100,100,100,100.000000,1600,4960,32.258065,10,10,10,10,104,4,0,4,100,4960,160,0,0,0,0,104,0,0,0,0,120,8136
3283,1,1,0,0,0,0,0,0,0,0,0,100,100,100,0,0,0,0,100,100,100,100.000000,1600,4960,32.258065,10,10,10,10,104,4,0,4,100,4960,160,0,0,0,0,104,0,0,0,0,109,8136
3284,1,1,0,0,0,0,0,0,0,0,0,100,100,100,0,0,0,0,100,100,100,100.000000,1600,4960,32.258065,10,10,10,10,104,4,0,4,100,4960,160,0,0,0,0,104,0,0,0,0,108,8136
3285,1,1,0,0,0,0,0,0,0,0,0,100,100,100,0,0,0,0,100,100,100,100.000000,1600,4960,32.258065,10,10,10,10,104,4,0,4,100,4960,160,0,0,0,0,104,0,0,0,0,126,8136
3286,1,1,0,0,0,0,0,0,0,0,0,100,100,100,0,0,0,0,100,100,100,100.000000,1600,4960,32.258065,10,10,10,10,104,4,0,4,100,4960,160,0,0,0,0,104,0,0,0,0,111,8136
3287,1,1,0,0,0,0,0,0,0,0,0,100,100,100,0,0,0,0,100,100,100,100.000000,1600,4960,32.258065,10,10,10,10,104,4,0,4,100,4960,160,0,0,0,0,104,0,0,0,0,113,8136
3288,1,1,0,0,0,0,0,0,0,0,0,100,100,100,0,0,0,0,100,100,100,100.000000,1600,4960,32.258065,10,10,10,10,104,4,0,4,100,4960,160,0,0,0,0,104,0,0,0,0,118,8136
3289,1,1,0,0,0,0,0,0,0,0,0,100,100,100,0,0,0,0,100,100,100,100.000000,1600,4960,32.258065,10,10,10,10,104,4,0,4,100,4960,160,0,0,0,0,104,0,0,0,0,116,8136
3290,1,1,0,0,0,0,0,0,0,0,0,100,100,100,0,0,0,0,100,100,100,100.000000,1600,4960,32.258065,10,10,10,10,104,4,0,4,100,4960,160,0,0,0,0,104,0,0,0,0,114,8136
3291,1,1,0,0,0,0,0,0,0,0,0,100,100,100,0,0,0,0,100,100,100,100.000000,1600,4960,32.258065,10,10,10,10,104,4,0,4,100,4960,160,0,0,0,0,104,0,0,0,0,108,8136
3292,1,1,0,0,0,0,0,0,0,0,0,100,100,100,0,0,0,0,100,100,100,100.000000,1600,4960,32.258065,10,10,10,10,104,4,0,4,100,4960,160,0,0,0,0,104,0,0,0,0,111,8136
3293,1,1,0,0,0,0,0,0,0,0,0,100,100,100,0,0,0,0,100,100,100,100.000000,1600,4960,32.258065,10,10,10,10,104,4,0,4,100,4960,160,0,0,0,0,104,0,0,0,0,105,8136
3294,1,1,0,0,0,0,0,0,0,0,0,100,100,100,0,0,0,0,100,100,100,100.000000,1600,4960,32.258065,10,10,10,10,104,4,0,4,100,4960,160,0,0,0,0,104,0,0,0,0,110,8136
3295,1,1,0,0,0,0,0,0,0,0,0,100,100,100,0,0,0,0,100,100,100,100.000000,1600,4960,32.258065,10,10,10,10,104,4,0,4,100,4960,160,0,0,0,0,104,0,0,0,0,138,8136
3296,1,1,0,0,0,0,0,0,0,0,0,100,100,100,0,0,0,0,100,100,100,100.000000,1600,4960,32.258065,10,10,10,10,104,4,0,4,100,4960,160,0,0,0,0,104,0,0,0,0,126,8136
3297,1,1,0,0,0,0,0,0,0,0,0,100,100,100,0,0,0,0,100,100,100,100.000000,1600,4960,32.258065,10,10,10,10,104,4,0,4,100,4960,160,0,0,0,0,104,0,0,0,0,112,8136
3298,1,1,0,0,0,0,0,0,0,0,0,100,100,100,0,0,0,0,100,100,100,100.000000,1600,4960,32.258065,10,10,10,10,104,4,0,4,100,4960,160,0,0,0,0,104,0,0,0,0,120,8136
3299,1,1,0,0,0,0,0,0,0,0,0,100,100,100,0,0,0,0,100,100,100,100.000000,1600,4960,32.258065,10,10,10,10,104,4,0,4,100,4960,160,0,0,0,0,104,0,0,0,0,104,8136
3300,1,1,0,0,0,0,0,0,0,0,0,100,100,100,0,0,0,0,100,100,100,100.000000,1600,4960,32.258065,10,10,10,10,104,4,0,4,100,4960,160,0,0,0,0,104,0,0,0,0,106,8136
3301,1,1,0,0,0,0,0,0,0,0,0,100,100,100,0,0,0,0,100,100,100,100.000000,1600,4960,32.258065,10,10,10,10,104,4,0,4,100,4960,160,0,0,0,0,104,0,0,0,0,113,8136
3302,1,1,0,0,0,0,0,0,0,0,0,100,100,100,0,0,0,0,100,100,100,100.000000,1600,4960,32.258065,10,10,10,10,104,4,0,4,100,4960,160,0,0,0,0,104,0,0,0,0,110,8136
3303,1,1,0,0,0,0,0,0,0,0,0,100,100,100,0,0,0,0,100,100,100,100.000000,1600,4960,32.258065,10,10,10,10,104,4,0,4,100,4960,160,0,0,0,0,104,0,0,0,0,108,8136
3304,1,1,0,0,0,0,0,0,0,0,0,100,100,100,0,0,0,0,100,100,100,100.000000,1600,4960,32.258065,10,10,10,10,104,4,0,4,100,4960,160,0,0,0,0,104,0,0,0,0,128,8136
3305,1,1,0,0,0,0,0,0,0,0,0,100,100,100,0,0,0,0,100,100,100,100.000000,1600,4960,32.258065,10,10,10,10,104,4,0,4,100,4960,160,0,0,0,0,104,0,0,0,0,126,8136
3306,1,1,0,0,0,0,0,0,0,0,0,100,100,100,0,0,0,0,100,100,100,100.000000,1600,4960,32.258065,10,10,10,10,104,4,0,4,100,4960,160,0,0,0,0,104,0,0,0,0,120,8136
3307,1,1,0,0,0,0,0,0,0,0,0,100,100,100,0,0,0,0,100,100,100,100.000000,1600,4960,32.258065,10,10,10,10,104,4,0,4,100,4960,160,0,0,0,0,104,0,0,0,0,105,8136
3308,1,1,0,0,0,0,0,0,0,0,0,100,100,100,0,0,0,0,100,100,100,100.000000,1600,4960,32.258065,10,10,10,10,104,4,0,4,100,4960,160,0,0,0,0,104,0,0,0,0,104,8136
3309,1,1,0,0,0,0,0,0,0,0,0,100,100,100,0,0,0,0,100,100,100,100.000000,1600,4960,32.258065,10,10,10,10,104,4,0,4,100,4960,160,0,0,0,0,104,0,0,0,0,106,8136
3310,1,1,0,0,0,0,0,0,0,0,0,100,100,100,0,0,0,0,100,100,100,100.000000,1600,4960,32.258065,10,10,10,10,104,4,0,4,100,4960,160,0,0,0,0,104,0,0,0,0,118,8136
3311,1,1,0,0,0,0,0,0,0,0,0,100,100,100,0,0,0,0,100,100,100,100.000000,1600,4960,32.258065,10,10,10,10,104,4,0,4,100,4960,160,0,0,0,0,104,0,0,0,0,142,8136
3312,1,1,0,0,0,0,0,0,0,0,0,100,100,100,0,0,0,0,100,100,100,100.000000,1600,4960,32.258065,10,10,10,10,104,4,0,4,100,4960,160,0,0,0,0,104,0,0,0,0,115,8136
3313,1,1,0,0,0,0,0,0,0,0,0,100,100,100,0,0,0,0,100,100,100,100.000000,1600,4960,32.258065,10,10,10,10,104,4,0,4,100,4960,160,0,0,0,0,104,0,0,0,0,120,8136
3314,1,1,0,0,0,0,0,0,0,0,0,100,100,100,0,0,0,0,100,100,100,100.000000,1600,4960,32.258065,10,10,10,10,104,4,0,4,100,4960,160,0,0,0,0,104,0,0,0,0,124,8136
3315,1,1,0,0,0,0,0,0,0,0,0,100,100,100,0,0,0,0,100,100,100,100.000000,1600,4960,32.258065,10,10,10,10,104,4,0,4,100,4960,160,0,0,0,0,104,0,0,0,0,108,8136
3316,1,1,0,0,0,0,0,0,0,0,0,100,100,100,0,0,0,0,100,100,100,100.000000,1600,4960,32.258065,10,10,10,10,104,4,0,4,100,4960,160,0,0,0,0,104,0,0,0,0,106,8136
3317,1,1,0,0,0,0,0,0,0,0,0,100,100,100,0,0,0,0,100,100,100,100.000000,1600,4960,32.258065,10,10,10,10,104,4,0,4,100,4960,160,0,0,0,0,104,0,0,0,0,108,8136
3318,1,1,0,0,0,0,0,0,0,0,0,100,100,100,0,0,0,0,100,100,100,100.000000,1600,4960,32.258065,10,10,10,10,104,4,0,4,100,4960,160,0,0,0,0,104,0,0,0,0,116,8136
3319,1,1,0,0,0,0,0,0,0,0,0,100,100,100,0,0,0,0,100,100,100,100.000000,1600,4960,32.258065,10,10,10,10,104,4,0,4,100,4960,160,0,0,0,0,104,0,0,0,0,120,8136
3320,1,1,0,0,0,0,0,0,0,0,0,100,100,100,0,0,0,0,100,100,100,100.000000,1600,4960,32.258065,10,10,10,10,104,4,0,4,100,4960,160,0,0,0,0,104,0,0,0,0,114,8136
3321,1,1,0,0,0,0,0,0,0,0,0,100,100,100,0,0,0,0,100,100,100,100.000000,1600,4960,32.258065,10,10,10,10,104,4,0,4,100,4960,160,0,0,0,0,104,0,0,0,0,112,8136
3322,1,1,0,0,0,0,0,0,0,0,0,100,100,100,0,0,0,0,100,100,100,100.000000,1600,4960,32.258065,10,10,10,10,104,4,0,4,100,4960,160,0,0,0,0,104,0,0,0,0,112,8136
3323,1,1,0,0,0,0,0,0,0,0,0,100,100,100,0,0,0,0,100,100,100,100.000000,1600,4960,32.258065,10,10,10,10,104,4,0,4,100,4960,160,0,0,0,0,104,0,0,0,0,103,8136
3324,1,1,0,0,0,0,0,0,0,0,0,100,100,100,0,0,0,0,100,100,100,100.000000,1600,4960,32.258065,10,10,10,10,104,4,0,4,100,4960,160,0,0,0,0,104,0,0,0,0,123,8136
3325,1,1,0,0,0,0,0,0,0,0,0,100,100,100,0,0,0,0,100,100,100,100.000000,1600,4960,32.258065,10,10,10,10,104,4,0,4,100,4960,160,0,0,0,0,104,0,0,0,0,112,8136
3326,1,1,0,0,0,0,0,0,0,0,0,100,100,100,0,0,0,0,100,100,100,100.000000,1600,4960,32.258065,10,10,10,10,104,4,0,4,100,4960,160,0,0,0,0,104,0,0,0,0,114,8136
3327,1,1,0,0,0,0,0,0,0,0,0,100,100,100,0,0,0,0,100,100,100,100.000000,1600,4960,32.258065,10,10,10,10,104,4,0,4,100,4960,160,0,0,0,0,104,0,0,0,0,120,8136
3328,1,1,0,0,0,0,0,0,0,0,0,100,100,100,0,0,0,0,100,100,100,100.000000,1600,4960,32.258065,10,10,10,10,104,4,0,4,100,4960,160,0,0,0,0,104,0,0,0,0,116,8136
3329,1,1,0,0,0,0,0,0,0,0,0,100,100,100,0,0,0,0,100,100,100,100.000000,1600,4960,32.258065,10,10,10,10,104,4,0,4,100,4960,160,0,0,0,0,104,0,0,0,0,132,8136
3330,1,1,0,0,0,0,0,0,0,0,0,100,100,100,0,0,0,0,100,100,100,100.000000,1600,4960,32.258065,10,10,10,10,104,4,0,4,100,4960,160,0,0,0,0,104,0,0,0,0,125,8136
3331,1,1,0,0,0,0,0,0,0,0,0,100,100,100,0,0,0,0,100,100,100,100.000000,1600,4960,32.258065,10,10,10,10,104,4,0,4,100,4960,160,0,0,0,0,104,0,0,0,0,109,8136
3332,1,1,0,0,0,0,0,0,0,0,0,100,100,100,0,0,0,0,100,100,100,100.000000,1600,4960,32.258065,10,10,10,10,104,4,0,4,100,4960,160,0,0,0,0,104,0,0,0,0,104,8136
3333,1,1,0,0,0,0,0,0,0,0,0,100,100,100,0,0,0,0,100,100,100,100.000000,1600,4960,32.258065,10,10,10,10,104,4,0,4,100,4960,160,0,0,0,0,104,0,0,0,0,108,8136
3334,1,1,0,0,0,0,0,0,0,0,0,100,100,100,0,0,0,0,100,100,100,100.000000,1600,4960,32.258065,10,10,10,10,104,4,0,4,100,4960,160,0,0,0,0,104,0,0,0,0,110,8136
3335,1,1,0,0,0,0,0,0,0,0,0,100,100,100,0,0,0,0,100,100,100,100.000000,1600,4960,32.258065,10,10,10,10,104,4,0,4,100,4960,160,0,0,0,0,104,0,0,0,0,115,8136
3336,1,1,0,0,0,0,0,0,0,0,0,100,100,100,0,0,0,0,100,100,100,100.000000,1600,4960,32.258065,10,10,10,10,104,4,0,4,100,4960,160,0,0,0,0,104,0,0,0,0,122,8136
3337,1,1,0,0,0,0,0,0,0,0,0,100,100,100,0,0,0,0,100,100,100,100.000000,1600,4960,32.258065,10,10,10,10,104,4,0,4,100,4960,160,0,0,0,0,104,0,0,0,0,123,8136
3338,1,1,0,0,0,0,0,0,0,0,0,100,100,100,0,0,0,0,100,100,100,100.000000,1600,4960,32.258065,10,10,10,10,104,4,0,4,100,4960,160,0,0,0,0,104,0,0,0,0,118,8136
3339,1,1,0,0,0,0,0,0,0,0,0,100,100,100,0,0,0,0,100,100,100,100.000000,1600,4960,32.258065,10,10,10,10,104,4,0,4,100,4960,160,0,0,0,0,104,0,0,0,0,111,8136
3340,1,1,0,0,0,0,0,0,0,0,0,100,100,100,0,0,0,0,100,100,100,100.000000,1600,4960,32.258065,10,10,10,10,104,4,0,4,100,4960,160,0,0,0,0,104,0,0,0,0,109,8136
3341,1,1,0,0,0,0,0,0,0,0,0,100,100,100,0,0,0,0,100,100,100,100.000000,1600,4960,32.258065,10,10,10,10,104,4,0,4,100,4960,160,0,0,0,0,104,0,0,0,0,110,8136
3342,1,1,0,0,0,0,0,0,0,0,0,100,100,100,0,0,0,0,100,100,100,100.000000,1600,4960,32.258065,10,10,10,10,104,4,0,4,100,4960,160,0,0,0,0,104,0,0,0,0,111,8136
3343,1,1,0,0,0,0,0,0,0,0,0,100,100,100,0,0,0,0,100,100,100,100.000000,1600,4960,32.258065,10,10,10,10,104,4,0,4,100,4960,160,0,0,0,0,104,0,0,0,0,118,8136
3344,1,1,0,0,0,0,0,0,0,0,0,100,100,100,0,0,0,0,100,100,100,100.000000,1600,4960,32.258065,10,10,10,10,104,4,0,4,100,4960,160,0,0,0,0,104,0,0,0,0,116,8136
3345,1,1,0,0,0,0,0,0,0,0,0,100,100,100,0,0,0,0,100,100,100,100.000000,1600,4960,32.258065,10,10,10,10,104,4,0,4,100,4960,160,0,0,0,0,104,0,0,0,0,117,8136
3346,1,1,0,0,0,0,0,0,0,0,0,100,100,100,0,0,0,0,100,100,100,100.000000,1600,4960,32.258065,10,10,10,10,104,4,0,4,100,4960,160,0,0,0,0,104,0,0,0,0,115,8136
3347,1,1,0,0,0,0,0,0,0,0,0,100,100,100,0,0,0,0,100,100,100,100.000000,1600,4960,32.258065,10,10,10,10,104,4,0,4,100,4960,160,0,0,0,0,104,0,0,0,0,104,8136
3348,1,1,0,0,0,0,0,0,0,0,0,100,100,100,0,0,0,0,100,100,100,100.000000,1600,4960,32.258065,10,10,10,10,104,4,0,4,100,4960,160,0,0,0,0,104,0,0,0,0,111,8136
3349,1,1,0,0,0,0,0,0,0,0,0,100,100,100,0,0,0,0,100,100,100,100.000000,1600,4960,32.258065,10,10,10,10,104,4,0,4,100,4960,160,0,0,0,0,104,0,0,0,0,103,8136
3350,1,1,0,0,0,0,0,0,0,0,0,100,100,100,0,0,0,0,100,100,100,100.000000,1600,4960,32.258065,10,10,10,10,104,4,0,4,100,4960,160,0,0,0,0,104,0,0,0,0,121,8136
3351,1,1,0,0,0,0,0,0,0,0,0,100,100,100,0,0,0,0,100,100,100,100.000000,1600,4960,32.258065,10,10,10,10,104,4,0,4,100,4960,160,0,0,0,0,104,0,0,0,0,139,8136
3352,1,1,0,0,0,0,0,0,0,0,0,100,100,100,0,0,0,0,100,100,100,100.000000,1600,4960,32.258065,10,10,10,10,104,4,0,4,100,4960,160,0,0,0,0,104,0,0,0,0,115,8136
3353,1,1,0,0,0,0,0,0,0,0,0,100,100,100,0,0,0,0,100,100,100,100.000000,1600,4960,32.258065,10,10,10,10,104,4,0,4,100,4960,160,0,0,0,0,104,0,0,0,0,115,8136
3354,1,1,0,0,0,0,0,0,0,0,0,100,100,100,0,0,0,0,100,100,100,100.000000,1600,4960,32.258065,10,10,10,10,104,4,0,4,100,4960,160,0,0,0,0,104,0,0,0,0,111,8136
3355,1,1,0,0,0,0,0,0,0,0,0,100,100,100,0,0,0,0,100,100,100,100.000000,1600,4960,32.258065,10,10,10,10,104,4,0,4,100,4960,160,0,0,0,0,104,0,0,0,0,110,8136
3356,1,1,0,0,0,0,0,0,0,0,0,100,100,100,0,0,0,0,100,100,100,100.000000,1600,4960,32.258065,10,10,10,10,104,4,0,4,100,4960,160,0,0,0,0,104,0,0,0,0,108,8136
3357,1,1,0,0,0,0,0,0,0,0,0,100,100,100,0,0,0,0,100,100,100,100.000000,1600,4960,32.258065,10,10,10,10,104,4,0,4,100,4960,160,0,0,0,0,104,0,0,0,0,107,8136
3358,1,1,0,0,0,0,0,0,0,0,0,100,100,100,0,0,0,0,100,100,100,100.000000,1600,4960,32.258065,10,10,10,10,104,4,0,4,100,4960,160,0,0,0,0,104,0,0,0,0,115,8136
3359,1,1,0,0,0,0,0,0,0,0,0,100,100,100,0,0,0,0,100,100,100,100.000000,1600,4960,32.258065,10,10,10,10,104,4,0,4,100,4960,160,0,0,0,0,104,0,0,0,0,120,8136
3360,1,1,0,0,0,0,0,0,0,0,0,100,100,100,0,0,0,0,100,100,100,100.000000,1600,4960,32.258065,10,10,10,10,104,4,0,4,100,4960,160,0,0,0,0,104,0,0,0,0,122,8136
3361,1,1,0,0,0,0,0,0,0,0,0,100,100,100,0,0,0,0,100,100,100,100.000000,1600,4960,32.258065,10,10,10,10,104,4,0,4,100,4960,160,0,0,0,0,104,0,0,0,0,116,8136
3362,1,1,0,0,0,0,0,0,0,0,0,100,100,100,0,0,0,0,100,100,100,100.000000,1600,4960,32.258065,10,10,10,10,104,4,0,4,100,4960,160,0,0,0,0,104,0,0,0,0,120,8136
3363,1,1,0,0,0,0,0,0,0,0,0,100,100,100,0,0,0,0,100,100,100,100.000000,1600,4960,32.258065,10,10,10,10,104,4,0,4,100,4960,160,0,0,0,0,104,0,0,0,0,102,8136
3364,1,1,0,0,0,0,0,0,0,0,0,100,100,100,0,0,0,0,100,100,100,100.000000,1600,4960,32.258065,10,10,10,10,104,4,0,4,100,4960,160,0,0,0,0,104,0,0,0,0,108,8136
3365,1,1,0,0,0,0,0,0,0,0,0,100,100,100,0,0,0,0,100,100,100,100.000000,1600,4960,32.258065,10,10,10,10,104,4,0,4,100,4960,160,0,0,0,0,104,0,0,0,0,103,8136
3366,1,1,0,0,0,0,0,0,0,0,0,100,100,100,0,0,0,0,100,100,100,100.000000,1600,4960,32.258065,10,10,10,10,104,4,0,4,100,4960,160,0,0,0,0,104,0,0,0,0,107,8136
3367,1,1,0,0,0,0,0,0,0,0,0,100,100,100,0,0,0,0,100,100,100,100.000000,1600,4960,32.258065,10,10,10,10,104,4,0,4,100,4960,160,0,0,0,0,104,0,0,0,0,117,8136
3368,1,1,0,0,0,0,0,0,0,0,0,100,100,100,0,0,0,0,100,100,100,100.000000,1600,4960,32.258065,10,10,10,10,104,4,0,4,100,4960,160,0,0,0,0,104,0,0,0,0,119,8136
3369,1,1,0,0,0,0,0,0,0,0,0,100,100,100,0,0,0,0,100,100,100,100.000000,1600,4960,32.258065,10,10,10,10,104,4,0,4,100,4960,160,0,0,0,0,104,0,0,0,0,119,8136
3370,1,1,0,0,0,0,0,0,0,0,0,100,100,100,0,0,0,0,100,100,100,100.000000,1600,4960,32.258065,10,10,10,10,104,4,0,4,100,4960,160,0,0,0,0,104,0,0,0,0,114,8136
3371,1,1,0,0,0,0,0,0,0,0,0,100,100,100,0,0,0,0,100,100,100,100.000000,1600,4960,32.258065,10,10,10,10,104,4,0,4,100,4960,160,0,0,0,0,104,0,0,0,0,113,8136
3372,1,1,0,0,0,0,0,0,0,0,0,100,100,100,0,0,0,0,100,100,100,100.000000,1600,4960,32.258065,10,10,10,10,104,4,0,4,100,4960,160,0,0,0,0,104,0,0,0,0,107,8136
3373,1,1,0,0,0,0,0,0,0,0,0,100,100,100,0,0,0,0,100,100,100,100.000000,1600,4960,32.258065,10,10,10,10,104,4,0,4,100,4960,160,0,0,0,0,104,0,0,0,0,111,8136
3374,1,1,0,0,0,0,0,0,0,0,0,100,100,100,0,0,0,0,100,100,100,100.000000,1600,4960,32.258065,10,10,10,10,104,4,0,4,100,4960,160,0,0,0,0,104,0,0,0,0,127,8136
3375,1,1,0,0,0,0,0,0,0,0,0,100,100,100,0,0,0,0,100,100,100,100.000000,1600,4960,32.258065,10,10,10,10,104,4,0,4,100,4960,160,0,0,0,0,104,0,0,0,0,112,8136
3376,1,1,0,0,0,0,0,0,0,0,0,100,100,100,0,0,0,0,100,100,100,100.000000,1600,4960,32.258065,10,10,10,10,104,4,0,4,100,4960,160,0,0,0,0,104,0,0,0,0,116,8136
3377,1,1,0,0,0,0,0,0,0,0,0,100,100,100,0,0,0,0,100,100,100,100.000000,1600,4960,32.258065,10,10,10,10,104,4,0,4,100,4960,160,0,0,0,0,104,0,0,0,0,129,8136
3378,1,1,0,0,0,0,0,0,0,0,0,100,100,100,0,0,0,0,100,100,100,100.000000,1600,4960,32.258065,10,10,10,10,104,4,0,4,100,4960,160,0,0,0,0,104,0,0,0,0,145,8136
3379,1,1,0,0,0,0,0,0,0,0,0,100,100,100,0,0,0,0,100,100,100,100.000000,1600,4960,32.258065,10,10,10,10,104,4,0,4,100,4960,160,0,0,0,0,104,0,0,0,0,120,8136
3380,1,1,0,0,0,0,0,0,0,0,0,100,100,100,0,0,0,0,100,100,100,100.000000,1600,4960,32.258065,10,10,10,10,104,4,0,4,100,4960,160,0,0,0,0,104,0,0,0,0,105,8136
3381,1,1,0,0,0,0,0,0,0,0,0,100,100,100,0,0,0,0,100,100,100,100.000000,1600,4960,32.258065,10,10,10,10,104,4,0,4,100,4960,160,0,0,0,0,104,0,0,0,0,105,8136
3382,1,1,0,0,0,0,0,0,0,0,0,100,100,100,0,0,0,0,100,100,100,100.000000,1600,4960,32.258065,10,10,10,10,104,4,0,4,100,4960,160,0,0,0,0,104,0,0,0,0,111,8136
3383,1,1,0,0,0,0,0,0,0,0,0,100,100,100,0,0,0,0,100,100,100,100.000000,1600,4960,32.258065,10,10,10,10,104,4,0,4,100,4960,160,0,0,0,0,104,0,0,0,0,110,8136
3384,1,1,0,0,0,0,0,0,0,0,0,100,100,100,0,0,0,0,100,100,100,100.000000,1600,4960,32.258065,10,10,10,10,104,4,0,4,100,4960,160,0,0,0,0,104,0,0,0,0,116,8136
3385,1,1,0,0,0,0,0,0,0,0,0,100,100,100,0,0,0,0,100,100,100,100.000000,1600,4960,32.258065,10,10,10,10,104,4,0,4,100,4960,160,0,0,0,0,104,0,0,0,0,117,8136
3386,1,1,0,0,0,0,0,0,0,0,0,100,100,100,0,0,0,0,100,100,100,100.000000,1600,4960,32.258065,10,10,10,10,104,4,0,4,100,4960,160,0,0,0,0,104,0,0,0,0,120,8136
3387,1,1,0,0,0,0,0,0,0,0,0,100,100,100,0,0,0,0,100,100,100,100.000000,1600,4960,32.258065,10,10,10,10,104,4,0,4,100,4960,160,0,0,0,0,104,0,0,0,0,114,8136
3388,1,1,0,0,0,0,0,0,0,0,0,100,100,100,0,0,0,0,100,100,100,100.000000,1600,4960,32.258065,10,10,10,10,104,4,0,4,100,4960,160,0,0,0,0,104,0,0,0,0,105,8136
3389,1,1,0,0,0,0,0,0,0,0,0,100,100,100,0,0,0,0,100,100,100,100.000000,1600,4960,32.258065,10,10,10,10,104,4,0,4,100,4960,160,0,0,0,0,104,0,0,0,0,109,8136
3390,1,1,0,0,0,0,0,0,0,0,0,100,100,100,0,0,0,0,100,100,100,100.000000,1600,4960,32.258065,10,10,10,10,104,4,0,4,100,4960,160,0,0,0,0,104,0,0,0,0,115,8136
3391,1,1,0,0,0,0,0,0,0,0,0,100,100,100,0,0,0,0,100,100,100,100.000000,1600,4960,32.258065,10,10,10,10,104,4,0,4,100,4960,160,0,0,0,0,104,0,0,0,0,113,8136
3392,1,1,0,0,0,0,0,0,0,0,0,100,100,100,0,0,0,0,100,100,100,100.000000,1600,4960,32.258065,10,10,10,10,104,4,0,4,100,4960,160,0,0,0,0,104,0,0,0,0,117,8136
3393,1,1,0,0,0,0,0,0,0,0,0,100,100,100,0,0,0,0,100,100,100,100.000000,1600,4960,32.258065,10,10,10,10,104,4,0,4,100,4960,160,0,0,0,0,104,0,0,0,0,114,8136
3394,1,1,0,0,0,0,0,0,0,0,0,100,100,100,0,0,0,0,100,100,100,100.000000,1600,4960,32.258065,10,10,10,10,104,4,0,4,100,4960,160,0,0,0,0,104,0,0,0,0,127,8136
3395,1,1,0,0,0,0,0,0,0,0,0,100,100,100,0,0,0,0,100,100,100,100.000000,1600,4960,32.258065,10,10,10,10,104,4,0,4,100,4960,160,0,0,0,0,104,0,0,0,0,111,8136
3396,1,1,0,0,0,0,0,0,0,0,0,100,100,100,0,0,0,0,100,100,100,100.000000,1600,4960,32.258065,10,10,10,10,104,4,0,4,100,4960,160,0,0,0,0,104,0,0,0,0,130,8136
3397,1,1,0,0,0,0,0,0,0,0,0,100,100,100,0,0,0,0,100,100,100,100.000000,1600,4960,32.258065,10,10,10,10,104,4,0,4,100,4960,160,0,0,0,0,104,0,0,0,0,114,8136
3398,1,1,0,0,0,0,0,0,0,0,0,100,100,100,0,0,0,0,100,100,100,100.000000,1600,4960,32.258065,10,10,10,10,104,4,0,4,100,4960,160,0,0,0,0,104,0,0,0,0,109,8136
3399,1,1,0,0,0,0,0,0,0,0,0,100,100,100,0,0,0,0,100,100,100,100.000000,1600,4960,32.258065,10,10,10,10,104,4,0,4,100,4960,160,0,0,0,0,104,0,0,0,0,131,8136
3400,1,1,0,0,0,0,0,0,0,0,0,100,100,100,0,0,0,0,100,100,100,100.000000,1600,4960,32.258065,10,10,10,10,104,4,0,4,100,4960,160,0,0,0,0,104,0,0,0,0,132,8136
3401,1,1,0,0,0,0,0,0,0,0,0,100,100,100,0,0,0,0,100,100,100,100.000000,1600,4960,32.258065,10,10,10,10,104,4,0,4,100,4960,160,0,0,0,0,104,0,0,0,0,123,8136
3402,1,1,0,0,0,0,0,0,0,0,0,100,100,100,0,0,0,0,100,100,100,100.000000,1600,4960,32.258065,10,10,10,10,104,4,0,4,100,4960,160,0,0,0,0,104,0,0,0,0,114,8136
3403,1,1,0,0,0,0,0,0,0,0,0,100,100,100,0,0,0,0,100,100,100,100.000000,1600,4960,32.258065,10,10,10,10,104,4,0,4,100,4960,160,0,0,0,0,104,0,0,0,0,108,8136
3404,1,1,0,0,0,0,0,0,0,0,0,100,100,100,0,0,0,0,100,100,100,100.000000,1600,4960,32.258065,10,10,10,10,104,4,0,4,100,4960,160,0,0,0,0,104,0,0,0,0,117,8136
3405,1,1,0,0,0,0,0,0,0,0,0,100,100,100,0,0,0,0,100,100,100,100.000000,1600,4960,32.258065,10,10,10,10,104,4,0,4,100,4960,160,0,0,0,0,104,0,0,0,0,109,8136
3406,1,1,0,0,0,0,0,0,0,0,0,100,100,100,0,0,0,0,100,100,100,100.000000,1600,4960,32.258065,10,10,10,10,104,4,0,4,100,4960,160,0,0,0,0,104,0,0,0,0,115,8136
3407,1,1,0,0,0,0,0,0,0,0,0,100,100,100,0,0,0,0,100,100,100,100.000000,1600,4960,32.258065,10,10,10,10,104,4,0,4,100,4960,160,0,0,0,0,104,0,0,0,0,118,8136
3408,1,1,0,0,0,0,0,0,0,0,0,100,100,100,0,0,0,0,100,100,100,100.000000,1600,4960,32.258065,10,10,10,10,104,4,0,4,100,4960,160,0,0,0,0,104,0,0,0,0,119,8136
3409,1,1,0,0,0,0,0,0,0,0,0,100,100,100,0,0,0,0,100,100,100,100.000000,1600,4960,32.258065,10,10,10,10,104,4,0,4,100,4960,160,0,0,0,0,104,0,0,0,0,126,8136
3410,1,1,0,0,0,0,0,0,0,0,0,100,100,100,0,0,0,0,100,100,100,100.000000,1600,4960,32.258065,10,10,10,10,104,4,0,4,100,4960,160,0,0,0,0,104,0,0,0,0,116,8136
3411,1,1,0,0,0,0,0,0,0,0,0,100,100,100,0,0,0,0,100,100,100,100.000000,1600,4960,32.258065,10,10,10,10,104,4,0,4,100,4960,160,0,0,0,0,104,0,0,0,0,111,8136
3412,1,1,0,0,0,0,0,0,0,0,0,100,100,100,0,0,0,0,100,100,100,100.000000,1600,4960,32.258065,10,10,10,10,104,4,0,4,100,4960,160,0,0,0,0,104,0,0,0,0,105,8136
3413,1,1,0,0,0,0,0,0,0,0,0,100,100,100,0,0,0,0,100,100,100,100.000000,1600,4960,32.258065,10,10,10,10,104,4,0,4,100,4960,160,0,0,0,0,104,0,0,0,0,121,8136
3414,1,1,0,0,0,0,0,0,0,0,0,100,100,100,0,0,0,0,100,100,100,100.000000,1600,4960,32.258065,10,10,10,10,104,4,0,4,100,4960,160,0,0,0,0,104,0,0,0,0,117,8136
3415,1,1,0,0,0,0,0,0,0,0,0,100,100,100,0,0,0,0,100,100,100,100.000000,1600,4960,32.258065,10,10,10,10,104,4,0,4,100,4960,160,0,0,0,0,104,0,0,0,0,119,8136
3416,1,1,0,0,0,0,0,0,0,0,0,100,100,100,0,0,0,0,100,100,100,100.000000,1600,4960,32.258065,10,10,10,10,104,4,0,4,100,4960,160,0,0,0,0,104,0,0,0,0,108,8136
3417,1,1,0,0,0,0,0,0,0,0,0,100,100,100,0,0,0,0,100,100,100,100.000000,1600,4960,32.258065,10,10,10,10,104,4,0,4,100,4960,160,0,0,0,0,104,0,0,0,0,117,8136
3418,1,1,0,0,0,0,0,0,0,0,0,100,100,100,0,0,0,0,100,100,100,100.000000,1600,4960,32.258065,10,10,10,10,104,4,0,4,100,4960,160,0,0,0,0,104,0,0,0,0,118,8136
3419,1,1,0,0,0,0,0,0,0,0,0,100,100,100,0,0,0,0,100,100,100,100.000000,1600,4960,32.258065,10,10,10,10,104,4,0,4,100,4960,160,0,0,0,0,104,0,0,0,0,109,8136
3420,1,1,0,0,0,0,0,0,0,0,0,100,100,100,0,0,0,0,100,100,100,100.000000,1600,4960,32.258065,10,10,10,10,104,4,0,4,100,4960,160,0,0,0,0,104,0,0,0,0,109,8136
3421,1,1,0,0,0,0,0,0,0,0,0,100,100,100,0,0,0,0,100,100,100,100.000000,1600,4960,32.258065,10,10,10,10,104,4,0,4,100,4960,160,0,0,0,0,104,0,0,0,0,111,8136
3422,1,1,0,0,0,0,0,0,0,0,0,100,100,100,0,0,0,0,100,100,100,100.000000,1600,4960,32.258065,10,10,10,10,104,4,0,4,100,4960,160,0,0,0,0,104,0,0,0,0,112,8136
3423,1,1,0,0,0,0,0,0,0,0,0,100,100,100,0,0,0,0,100,100,100,100.000000,1600,4960,32.258065,10,10,10,10,104,4,0,4,100,4960,160,0,0,0,0,104,0,0,0,0,110,8136
3424,1,1,0,0,0,0,0,0,0,0,0,100,100,100,0,0,0,0,100,100,100,100.000000,1600,4960,32.258065,10,10,10,10,104,4,0,4,100,4960,160,0,0,0,0,104,0,0,0,0,119,8136
3425,1,1,0,0,0,0,0,0,0,0,0,100,100,100,0,0,0,0,100,100,100,100.000000,1600,4960,32.258065,10,10,10,10,104,4,0,4,100,4960,160,0,0,0,0,104,0,0,0,0,129,8136
3426,1,1,0,0,0,0,0,0,0,0,0,100,100,100,0,0,0,0,100,100,100,100.000000,1600,4960,32.258065,10,10,10,10,104,4,0,4,100,4960,160,0,0,0,0,104,0,0,0,0,117,8136
3427,1,1,0,0,0,0,0,0,0,0,0,100,100,100,0,0,0,0,100,100,100,100.000000,1600,4960,32.258065,10,10,10,10,104,4,0,4,100,4960,160,0,0,0,0,104,0,0,0,0,112,8136
3428,1,1,0,0,0,0,0,0,0,0,0,100,100,100,0,0,0,0,100,100,100,100.000000,1600,4960,32.258065,10,10,10,10,104,4,0,4,100,4960,160,0,0,0,0,104,0,0,0,0,136,8136
3429,1,1,0,0,0,0,0,0,0,0,0,100,100,100,0,0,0,0,100,100,100,100.000000,1600,4960,32.258065,10,10,10,10,104,4,0,4,100,4960,160,0,0,0,0,104,0,0,0,0,112,8136
3430,1,1,0,0,0,0,0,0,0,0,0,100,100,100,0,0,0,0,100,100,100,100.000000,1600,4960,32.258065,10,10,10,10,104,4,0,4,100,4960,160,0,0,0,0,104,0,0,0,0,121,8136
3431,1,1,0,0,0,0,0,0,0,0,0,100,100,100,0,0,0,0,100,100,100,100.000000,1600,4960,32.258065,10,10,10,10,104,4,0,4,100,4960,160,0,0,0,0,104,0,0,0,0,109,8136
3432,1,1,0,0,0,0,0,0,0,0,0,100,100,100,0,0,0,0,100,100,100,100.000000,1600,4960,32.258065,10,10,10,10,104,4,0,4,100,4960,160,0,0,0,0,104,0,0,0,0,115,8136
3433,1,1,0,0,0,0,0,0,0,0,0,100,100,100,0,0,0,0,100,100,100,100.000000,1600,4960,32.258065,10,10,10,10,104,4,0,4,100,4960,160,0,0,0,0,104,0,0,0,0,137,8136
3434,1,1,0,0,0,0,0,0,0,0,0,100,100,100,0,0,0,0,100,100,100,100.000000,1600,4960,32.258065,10,10,10,10,104,4,0,4,100,4960,160,0,0,0,0,104,0,0,0,0,113,8136
3435,1,1,0,0,0,0,0,0,0,0,0,100,100,100,0,0,0,0,100,100,100,100.000000,1600,4960,32.258065,10,10,10,10,104,4,0,4,100,4960,160,0,0,0,0,104,0,0,0,0,111,8136
3436,1,1,0,0,0,0,0,0,0,0,0,100,100,100,0,0,0,0,100,100,100,100.000000,1600,4960,32.258065,10,10,10,10,104,4,0,4,100,4960,160,0,0,0,0,104,0,0,0,0,108,8136
3437,1,1,0,0,0,0,0,0,0,0,0,100,100,100,0,0,0,0,100,100,100,100.000000,1600,4960,32.258065,10,10,10,10,104,4,0,4,100,4960,160,0,0,0,0,104,0,0,0,0,121,8136
3438,1,1,0,0,0,0,0,0,0,0,0,100,100,100,0,0,0,0,100,100,100,100.000000,1600,4960,32.258065,10,10,10,10,104,4,0,4,100,4960,160,0,0,0,0,104,0,0,0,0,113,8136
3439,1,1,0,0,0,0,0,0,0,0,0,100,100,100,0,0,0,0,100,100,100,100.000000,1600,4960,32.258065,10,10,10,10,104,4,0,4,100,4960,160,0,0,0,0,104,0,0,0,0,123,8136
3440,1,1,0,0,0,0,0,0,0,0,0,100,100,100,0,0,0,0,100,100,100,100.000000,1600,4960,32.258065,10,10,10,10,104,4,0,4,100,4960,160,0,0,0,0,104,0,0,0,0,133,8136
3441,1,1,0,0,0,0,0,0,0,0,0,100,100,100,0,0,0,0,100,100,100,100.000000,1600,4960,32.258065,10,10,10,10,104,4,0,4,100,4960,160,0,0,0,0,104,0,0,0,0,118,8136
3442,1,1,0,0,0,0,0,0,0,0,0,100,100,100,0,0,0,0,100,100,100,100.000000,1600,4960,32.258065,10,10,10,10,104,4,0,4,100,4960,160,0,0,0,0,104,0,0,0,0,116,8136
3443,1,1,0,0,0,0,0,0,0,0,0,100,100,100,0,0,0,0,100,100,100,100.000000,1600,4960,32.258065,10,10,10,10,104,4,0,4,100,4960,160,0,0,0,0,104,0,0,0,0,116,8136
3444,1,1,0,0,0,0,0,0,0,0,0,100,100,100,0,0,0,0,100,100,100,100.000000,1600,4960,32.258065,10,10,10,10,104,4,0,4,100,4960,160,0,0,0,0,104,0,0,0,0,117,8136
3445,1,1,0,0,0,0,0,0,0,0,0,100,100,100,0,0,0,0,100,100,100,100.000000,1600,4960,32.258065,10,10,10,10,104,4,0,4,100,4960,160,0,0,0,0,104,0,0,0,0,125,8136
3446,1,1,0,0,0,0,0,0,0,0,0,100,100,100,0,0,0,0,100,100,100,100.000000,1600,4960,32.258065,10,10,10,10,104,4,0,4,100,4960,160,0,0,0,0,104,0,0,0,0,134,8136
3447,1,1,0,0,0,0,0,0,0,0,0,100,100,100,0,0,0,0,100,100,100,100.000000,1600,4960,32.258065,10,10,10,10,104,4,0,4,100,4960,160,0,0,0,0,104,0,0,0,0,114,8136
3448,1,1,0,0,0,0,0,0,0,0,0,100,100,100,0,0,0,0,100,100,100,100.000000,1600,4960,32.258065,10,10,10,10,104,4,0,4,100,4960,160,0,0,0,0,104,0,0,0,0,121,8136
3449,1,1,0,0,0,0,0,0,0,0,0,100,100,100,0,0,0,0,100,100,100,100.000000,1600,4960,32.258065,10,10,10,10,104,4,0,4,100,4960,160,0,0,0,0,104,0,0,0,0,146,8136
3450,1,1,0,0,0,0,0,0,0,0,0,100,100,100,0,0,0,0,100,100,100,100.000000,1600,4960,32.258065,10,10,10,10,104,4,0,4,100,4960,160,0,0,0,0,104,0,0,0,0,119,8136
3451,1,1,0,0,0,0,0,0,0,0,0,100,100,100,0,0,0,0,100,100,100,100.000000,1600,4960,32.258065,10,10,10,10,104,4,0,4,100,4960,160,0,0,0,0,104,0,0,0,0,121,8136
3452,1,1,0,0,0,0,0,0,0,0,0,100,100,100,0,0,0,0,100,100,100,100.000000,1600,4960,32.258065,10,10,10,10,104,4,0,4,100,4960,160,0,0,0,0,104,0,0,0,0,118,8136
3453,1,1,0,0,0,0,0,0,0,0,0,100,100,100,0,0,0,0,100,100,100,100.000000,1600,4960,32.258065,10,10,10,10,104,4,0,4,100,4960,160,0,0,0,0,104,0,0,0,0,112,8136
3454,1,1,0,0,0,0,0,0,0,0,0,100,100,100,0,0,0,0,100,100,100,100.000000,1600,4960,32.258065,10,10,10,10,104,4,0,4,100,4960,160,0,0,0,0,104,0,0,0,0,115,8136
3455,1,1,0,0,0,0,0,0,0,0,0,100,100,100,0,0,0,0,100,100,100,100.000000,1600,4960,32.258065,10,10,10,10,104,4,0,4,100,4960,160,0,0,0,0,104,0,0,0,0,118,8136
3456,1,1,0,0,0,0,0,0,0,0,0,100,100,100,0,0,0,0,100,100,100,100.000000,1600,4960,32.258065,10,10,10,10,104,4,0,4,100,4960,160,0,0,0,0,104,0,0,0,0,127,8136
3457,1,1,0,0,0,0,0,0,0,0,0,100,100,100,0,0,0,0,100,100,100,100.000000,1600,4960,32.258065,10,10,10,10,104,4,0,4,100,4960,160,0,0,0,0,104,0,0,0,0,132,8136
3458,1,1,0,0,0,0,0,0,0,0,0,100,100,100,0,0,0,0,100,100,100,100.000000,1600,4960,32.258065,10,10,10,10,104,4,0,4,100,4960,160,0,0,0,0,104,0,0,0,0,142,8136
3459,1,1,0,0,0,0,0,0,0,0,0,100,100,100,0,0,0,0,100,100,100,100.000000,1600,4960,32.258065,10,10,10,10,104,4,0,4,100,4960,160,0,0,0,0,104,0,0,0,0,115,8136
3460,1,1,0,0,0,0,0,0,0,0,0,100,100,100,0,0,0,0,100,100,100,100.000000,1600,4960,32.258065,10,10,10,10,104,4,0,4,100,4960,160,0,0,0,0,104,0,0,0,0,112,8136
3461,1,1,0,0,0,0,0,0,0,0,0,100,100,100,0,0,0,0,100,100,100,100.000000,1600,4960,32.258065,10,10,10,10,104,4,0,4,100,4960,160,0,0,0,0,104,0,0,0,0,110,8136
3462,1,1,0,0,0,0,0,0,0,0,0,100,100,100,0,0,0,0,100,100,100,100.000000,1600,4960,32.258065,10,10,10,10,104,4,0,4,100,4960,160,0,0,0,0,104,0,0,0,0,119,8136
3463,1,1,0,0,0,0,0,0,0,0,0,100,100,100,0,0,0,0,100,100,100,100.000000,1600,4960,32.258065,10,10,10,10,104,4,0,4,100,4960,160,0,0,0,0,104,0,0,0,0,114,8136
3464,1,1,0,0,0,0,0,0,0,0,0,100,100,100,0,0,0,0,100,100,100,100.000000,1600,4960,32.258065,10,10,10,10,104,4,0,4,100,4960,160,0,0,0,0,104,0,0,0,0,130,8136
3465,1,1,0,0,0,0,0,0,0,0,0,100,100,100,0,0,0,0,100,100,100,100.000000,1600,4960,32.258065,10,10,10,10,104,4,0,4,100,4960,160,0,0,0,0,104,0,0,0,0,125,8136
3466,1,1,0,0,0,0,0,0,0,0,0,100,100,100,0,0,0,0,100,100,100,100.000000,1600,4960,32.258065,10,10,10,10,104,4,0,4,100,4960,160,0,0,0,0,104,0,0,0,0,119,8136
3467,1,1,0,0,0,0,0,0,0,0,0,100,100,100,0,0,0,0,100,100,100,100.000000,1600,4960,32.258065,10,10,10,10,104,4,0,4,100,4960,160,0,0,0,0,104,0,0,0,0,114,8136
3468,1,1,0,0,0,0,0,0,0,0,0,100,100,100,0,0,0,0,100,100,100,100.000000,1600,4960,32.258065,10,10,10,10,104,4,0,4,100,4960,160,0,0,0,0,104,0,0,0,0,116,8136
3469,1,1,0,0,0,0,0,0,0,0,0,100,100,100,0,0,0,0,100,100,100,100.000000,1600,4960,32.258065,10,10,10,10,104,4,0,4,100,4960,160,0,0,0,0,104,0,0,0,0,113,8136
3470,1,1,0,0,0,0,0,0,0,0,0,100,100,100,0,0,0,0,100,100,100,100.000000,1600,4960,32.258065,10,10,10,10,104,4,0,4,100,4960,160,0,0,0,0,104,0,0,0,0,117,8136
3471,1,1,0,0,0,0,0,0,0,0,0,100,100,100,0,0,0,0,100,100,100,100.000000,1600,4960,32.258065,10,10,10,10,104,4,0,4,100,4960,160,0,0,0,0,104,0,0,0,0,129,8136
3472,1,1,0,0,0,0,0,0,0,0,0,100,100,100,0,0,0,0,100,100,100,100.000000,1600,4960,32.258065,10,10,10,10,104,4,0,4,100,4960,160,0,0,0,0,104,0,0,0,0,139,8136
3473,1,1,0,0,0,0,0,0,0,0,0,100,100,100,0,0,0,0,100,100,100,100.000000,1600,4960,32.258065,10,10,10,10,104,4,0,4,100,4960,160,0,0,0,0,104,0,0,0,0,126,8136
3474,1,1,0,0,0,0,0,0,0,0,0,100,100,100,0,0,0,0,100,100,100,100.000000,1600,4960,32.258065,10,10,10,10,104,4,0,4,100,4960,160,0,0,0,0,104,0,0,0,0,122,8136
3475,1,1,0,0,0,0,0,0,0,0,0,100,100,100,0,0,0,0,100,100,100,100.000000,1600,4960,32.258065,10,10,10,10,104,4,0,4,100,4960,160,0,0,0,0,104,0,0,0,0,115,8136
3476,1,1,0,0,0,0,0,0,0,0,0,100,100,100,0,0,0,0,100,100,100,100.000000,1600,4960,32.258065,10,10,10,10,104,4,0,4,100,4960,160,0,0,0,0,104,0,0,0,0,116,8136
3477,1,1,0,0,0,0,0,0,0,0,0,100,100,100,0,0,0,0,100,100,100,100.000000,1600,4960,32.258065,10,10,10,10,104,4,0,4,100,4960,160,0,0,0,0,104,0,0,0,0,122,8136
3478,1,1,0,0,0,0,0,0,0,0,0,100,100,100,0,0,0,0,100,100,100,100.000000,1600,4960,32.258065,10,10,10,10,104,4,0,4,100,4960,160,0,0,0,0,104,0,0,0,0,120,8136
3479,1,1,0,0,0,0,0,0,0,0,0,100,100,100,0,0,0,0,100,100,100,100.000000,1600,4960,32.258065,10,10,10,10,104,4,0,4,100,4960,160,0,0,0,0,104,0,0,0,0,115,8136
3480,1,1,0,0,0,0,0,0,0,0,0,100,100,100,0,0,0,0,100,100,100,100.000000,1600,4960,32.258065,10,10,10,10,104,4,0,4,100,4960,160,0,0,0,0,104,0,0,0,0,129,8136
3481,1,1,0,0,0,0,0,0,0,0,0,100,100,100,0,0,0,0,100,100,100,100.000000,1600,4960,32.258065,10,10,10,10,104,4,0,4,100,4960,160,0,0,0,0,104,0,0,0,0,144,8136
3482,1,1,0,0,0,0,0,0,0,0,0,100,100,100,0,0,0,0,100,100,100,100.000000,1600,4960,32.258065,10,10,10,10,104,4,0,4,100,4960,160,0,0,0,0,104,0,0,0,0,120,8136
3483,1,1,0,0,0,0,0,0,0,0,0,100,100,100,0,0,0,0,100,100,100,100.000000,1600,4960,32.258065,10,10,10,10,104,4,0,4,100,4960,160,0,0,0,0,104,0,0,0,0,113,8136
3484,1,1,0,0,0,0,0,0,0,0,0,100,100,100,0,0,0,0,100,100,100,100.000000,1600,4960,32.258065,10,10,10,10,104,4,0,4,100,4960,160,0,0,0,0,104,0,0,0,0,106,8136
3485,1,1,0,0,0,0,0,0,0,0,0,100,100,100,0,0,0,0,100,100,100,100.000000,1600,4960,32.258065,10,10,10,10,104,4,0,4,100,4960,160,0,0,0,0,104,0,0,0,0,108,8136
3486,1,1,0,0,0,0,0,0,0,0,0,100,100,100,0,0,0,0,100,100,100,100.000000,1600,4960,32.258065,10,10,10,10,104,4,0,4,100,4960,160,0,0,0,0,104,0,0,0,0,110,8136
3487,1,1,0,0,0,0,0,0,0,0,0,100,100,100,0,0,0,0,100,100,100,100.000000,1600,4960,32.258065,10,10,10,10,104,4,0,4,100,4960,160,0,0,0,0,104,0,0,0,0,115,8136
3488,1,1,0,0,0,0,0,0,0,0,0,100,100,100,0,0,0,0,100,100,100,100.000000,1600,4960,32.258065,10,10,10,10,104,4,0,4,100,4960,160,0,0,0,0,104,0,0,0,0,125,8136
3489,1,1,0,0,0,0,0,0,0,0,0,100,100,100,0,0,0,0,100,100,100,100.000000,1600,4960,32.258065,10,10,10,10,104,4,0,4,100,4960,160,0,0,0,0,104,0,0,0,0,131,8136
3490,1,1,0,0,0,0,0,0,0,0,0,100,100,100,0,0,0,0,100,100,100,100.000000,1600,4960,32.258065,10,10,10,10,104,4,0,4,100,4960,160,0,0,0,0,104,0,0,0,0,119,8136
3491,1,1,0,0,0,0,0,0,0,0,0,100,100,100,0,0,0,0,100,100,100,100.000000,1600,4960,32.258065,10,10,10,10,104,4,0,4,100,4960,160,0,0,0,0,104,0,0,0,0,114,8136
3492,1,1,0,0,0,0,0,0,0,0,0,100,100,100,0,0,0,0,100,100,100,100.000000,1600,4960,32.258065,10,10,10,10,104,4,0,4,100,4960,160,0,0,0,0,104,0,0,0,0,111,8136
3493,1,1,0,0,0,0,0,0,0,0,0,100,100,100,0,0,0,0,100,100,100,100.000000,1600,4960,32.258065,10,10,10,10,104,4,0,4,100,4960,160,0,0,0,0,104,0,0,0,0,110,8136
3494,1,1,0,0,0,0,0,0,0,0,0,100,100,100,0,0,0,0,100,100,100,100.000000,1600,4960,32.258065,10,10,10,10,104,4,0,4,100,4960,160,0,0,0,0,104,0,0,0,0,110,8136
3495,1,1,0,0,0,0,0,0,0,0,0,100,100,100,0,0,0,0,100,100,100,100.000000,1600,4960,32.258065,10,10,10,10,104,4,0,4,100,4960,160,0,0,0,0,104,0,0,0,0,112,8136
3496,1,1,0,0,0,0,0,0,0,0,0,100,100,100,0,0,0,0,100,100,100,100.000000,1600,4960,32.258065,10,10,10,10,104,4,0,4,100,4960,160,0,0,0,0,104,0,0,0,0,122,8136
3497,1,1,0,0,0,0,0,0,0,0,0,100,100,100,0,0,0,0,100,100,100,100.000000,1600,4960,32.258065,10,10,10,10,104,4,0,4,100,4960,160,0,0,0,0,104,0,0,0,0,121,8136
3498,1,1,0,0,0,0,0,0,0,0,0,100,100,100,0,0,0,0,100,100,100,100.000000,1600,4960,32.258065,10,10,10,10,104,4,0,4,100,4960,160,0,0,0,0,104,0,0,0,0,111,8136
3499,1,1,0,0,0,0,0,0,0,0,0,100,100,100,0,0,0,0,100,100,100,100.000000,1600,4960,32.258065,10,10,10,10,104,4,0,4,100,4960,160,0,0,0,0,104,0,0,0,0,111,8136
3500,1,1,0,0,0,0,0,0,0,0,0,100,100,100,0,0,0,0,100,100,100,100.000000,1600,4960,32.258065,10,10,10,10,104,4,0,4,100,4960,160,0,0,0,0,104,0,0,0,0,107,8136
3501,1,1,0,0,0,0,0,0,0,0,0,100,100,100,0,0,0,0,100,100,100,100.000000,1600,4960,32.258065,10,10,10,10,104,4,0,4,100,4960,160,0,0,0,0,104,0,0,0,0,105,8136
3502,1,1,0,0,0,0,0,0,0,0,0,100,100,100,0,0,0,0,100,100,100,100.000000,1600,4960,32.258065,10,10,10,10,104,4,0,4,100,4960,160,0,0,0,0,104,0,0,0,0,113,8136
3503,1,1,0,0,0,0,0,0,0,0,0,100,100,100,0,0,0,0,100,100,100,100.000000,1600,4960,32.258065,10,10,10,10,104,4,0,4,100,4960,160,0,0,0,0,104,0,0,0,0,111,8136
3504,1,1,0,0,0,0,0,0,0,0,0,100,100,100,0,0,0,0,100,100,100,100.000000,1600,4960,32.258065,10,10,10,10,104,4,0,4,100,4960,160,0,0,0,0,104,0,0,0,0,158,8136
3505,1,1,0,0,0,0,0,0,0,0,0,100,100,100,0,0,0,0,100,100,100,100.000000,1600,4960,32.258065,10,10,10,10,104,4,0,4,100,4960,160,0,0,0,0,104,0,0,0,0,128,8136
3506,1,1,0,0,0,0,0,0,0,0,0,100,100,100,0,0,0,0,100,100,100,100.000000,1600,4960,32.258065,10,10,10,10,104,4,0,4,100,4960,160,0,0,0,0,104,0,0,0,0,123,8136
3507,1,1,0,0,0,0,0,0,0,0,0,100,100,100,0,0,0,0,100,100,100,100.000000,1600,4960,32.258065,10,10,10,10,104,4,0,4,100,4960,160,0,0,0,0,104,0,0,0,0,112,8136
3508,1,1,0,0,0,0,0,0,0,0,0,100,100,100,0,0,0,0,100,100,100,100.000000,1600,4960,32.258065,10,10,10,10,104,4,0,4,100,4960,160,0,0,0,0,104,0,0,0,0,106,8136
3509,1,1,0,0,0,0,0,0,0,0,0,100,100,100,0,0,0,0,100,100,100,100.000000,1600,4960,32.258065,10,10,10,10,104,4,0,4,100,4960,160,0,0,0,0,104,0,0,0,0,108,8136
3510,1,1,0,0,0,0,0,0,0,0,0,100,100,100,0,0,0,0,100,100,100,100.000000,1600,4960,32.258065,10,10,10,10,104,4,0,4,100,4960,160,0,0,0,0,104,0,0,0,0,105,8136
3511,1,1,0,0,0,0,0,0,0,0,0,100,100,100,0,0,0,0,100,100,100,100.000000,1600,4960,32.258065,10,10,10,10,104,4,0,4,100,4960,160,0,0,0,0,104,0,0,0,0,112,8136
3512,1,1,0,0,0,0,0,0,0,0,0,100,100,100,0,0,0,0,100,100,100,100.000000,1600,4960,32.258065,10,10,10,10,104,4,0,4,100,4960,160,0,0,0,0,104,0,0,0,0,126,8136
3513,1,1,0,0,0,0,0,0,0,0,0,100,100,100,0,0,0,0,100,100,100,100.000000,1600,4960,32.258065,10,10,10,10,104,4,0,4,100,4960,160,0,0,0,0,104,0,0,0,0,118,8136
3514,1,1,0,0,0,0,0,0,0,0,0,100,100,100,0,0,0,0,100,100,100,100.000000,1600,4960,32.258065,10,10,10,10,104,4,0,4,100,4960,160,0,0,0,0,104,0,0,0,0,118,8136
3515,1,1,0,0,0,0,0,0,0,0,0,100,100,100,0,0,0,0,100,100,100,100.000000,1600,4960,32.258065,10,10,10,10,104,4,0,4,100,4960,160,0,0,0,0,104,0,0,0,0,129,8136
3516,1,1,0,0,0,0,0,0,0,0,0,100,100,100,0,0,0,0,100,100,100,100.000000,1600,4960,32.258065,10,10,10,10,104,4,0,4,100,4960,160,0,0,0,0,104,0,0,0,0,115,8136
3517,1,1,0,0,0,0,0,0,0,0,0,100,100,100,0,0,0,0,100,100,100,100.000000,1600,4960,32.258065,10,10,10,10,104,4,0,4,100,4960,160,0,0,0,0,104,0,0,0,0,107,8136
3518,1,1,0,0,0,0,0,0,0,0,0,100,100,100,0,0,0,0,100,100,100,100.000000,1600,4960,32.258065,10,10,10,10,104,4,0,4,100,4960,160,0,0,0,0,104,0,0,0,0,113,8136
3519,1,1,0,0,0,0,0,0,0,0,0,100,100,100,0,0,0,0,100,100,100,100.000000,1600,4960,32.258065,10,10,10,10,104,4,0,4,100,4960,160,0,0,0,0,104,0,0,0,0,116,8136
3520,1,1,0,0,0,0,0,0,0,0,0,100,100,100,0,0,0,0,100,100,100,100.000000,1600,4960,32.258065,10,10,10,10,104,4,0,4,100,4960,160,0,0,0,0,104,0,0,0,0,120,8136
3521,1,1,0,0,0,0,0,0,0,0,0,100,100,100,0,0,0,0,100,100,100,100.000000,1600,4960,32.258065,10,10,10,10,104,4,0,4,100,4960,160,0,0,0,0,104,0,0,0,0,132,8136
3522,1,1,0,0,0,0,0,0,0,0,0,100,100,100,0,0,0,0,100,100,100,100.000000,1600,4960,32.258065,10,10,10,10,104,4,0,4,100,4960,160,0,0,0,0,104,0,0,0,0,119,8136
3523,1,1,0,0,0,0,0,0,0,0,0,100,100,100,0,0,0,0,100,100,100,100.000000,1600,4960,32.258065,10,10,10,10,104,4,0,4,100,4960,160,0,0,0,0,104,0,0,0,0,112,8136
3524,1,1,0,0,0,0,0,0,0,0,0,100,100,100,0,0,0,0,100,100,100,100.000000,1600,4960,32.258065,10,10,10,10,104,4,0,4,100,4960,160,0,0,0,0,104,0,0,0,0,105,8136
3525,1,1,0,0,0,0,0,0,0,0,0,100,100,100,0,0,0,0,100,100,100,100.000000,1600,4960,32.258065,10,10,10,10,104,4,0,4,100,4960,160,0,0,0,0,104,0,0,0,0,107,8136
3526,1,1,0,0,0,0,0,0,0,0,0,100,100,100,0,0,0,0,100,100,100,100.000000,1600,4960,32.258065,10,10,10,10,104,4,0,4,100,4960,160,0,0,0,0,104,0,0,0,0,112,8136
3527,1,1,0,0,0,0,0,0,0,0,0,100,100,100,0,0,0,0,100,100,100,100.000000,1600,4960,32.258065,10,10,10,10,104,4,0,4,100,4960,160,0,0,0,0,104,0,0,0,0,120,8136
3528,1,1,0,0,0,0,0,0,0,0,0,100,100,100,0,0,0,0,100,100,100,100.000000,1600,4960,32.258065,10,10,10,10,104,4,0,4,100,4960,160,0,0,0,0,104,0,0,0,0,118,8136
3529,1,1,0,0,0,0,0,0,0,0,0,100,100,100,0,0,0,0,100,100,100,100.000000,1600,4960,32.258065,10,10,10,10,104,4,0,4,100,4960,160,0,0,0,0,104,0,0,0,0,131,8136
3530,1,1,0,0,0,0,0,0,0,0,0,100,100,100,0,0,0,0,100,100,100,100.000000,1600,4960,32.258065,10,10,10,10,104,4,0,4,100,4960,160,0,0,0,0,104,0,0,0,0,117,8136
3531,1,1,0,0,0,0,0,0,0,0,0,100,100,100,0,0,0,0,100,100,100,100.000000,1600,4960,32.258065,10,10,10,10,104,4,0,4,100,4960,160,0,0,0,0,104,0,0,0,0,110,8136
3532,1,1,0,0,0,0,0,0,0,0,0,100,100,100,0,0,0,0,100,100,100,100.000000,1600,4960,32.258065,10,10,10,10,104,4,0,4,100,4960,160,0,0,0,0,104,0,0,0,0,108,8136
3533,1,1,0,0,0,0,0,0,0,0,0,100,100,100,0,0,0,0,100,100,100,100.000000,1600,4960,32.258065,10,10,10,10,104,4,0,4,100,4960,160,0,0,0,0,104,0,0,0,0,104,8136
3534,1,1,0,0,0,0,0,0,0,0,0,100,100,100,0,0,0,0,100,100,100,100.000000,1600,4960,32.258065,10,10,10,10,104,4,0,4,100,4960,160,0,0,0,0,104,0,0,0,0,105,8136
3535,1,1,0,0,0,0,0,0,0,0,0,100,100,100,0,0,0,0,100,100,100,100.000000,1600,4960,32.258065,10,10,10,10,104,4,0,4,100,4960,160,0,0,0,0,104,0,0,0,0,115,8136
3536,1,1,0,0,0,0,0,0,0,0,0,100,100,100,0,0,0,0,100,100,100,100.000000,1600,4960,32.258065,10,10,10,10,104,4,0,4,100,4960,160,0,0,0,0,104,0,0,0,0,117,8136
3537,1,1,0,0,0,0,0,0,0,0,0,100,100,100,0,0,0,0,100,100,100,100.000000,1600,4960,32.258065,10,10,10,10,104,4,0,4,100,4960,160,0,0,0,0,104,0,0,0,0,122,8136
3538,1,1,0,0,0,0,0,0,0,0,0,100,100,100,0,0,0,0,100,100,100,100.000000,1600,4960,32.258065,10,10,10,10,104,4,0,4,100,4960,160,0,0,0,0,104,0,0,0,0,126,8136
3539,1,1,0,0,0,0,0,0,0,0,0,100,100,100,0,0,0,0,100,100,100,100.000000,1600,4960,32.258065,10,10,10,10,104,4,0,4,100,4960,160,0,0,0,0,104,0,0,0,0,115,8136
3540,1,1,0,0,0,0,0,0,0,0,0,100,100,100,0,0,0,0,100,100,100,100.000000,1600,4960,32.258065,10,10,10,10,104,4,0,4,100,4960,160,0,0,0,0,104,0,0,0,0,110,8136
3541,1,1,0,0,0,0,0,0,0,0,0,100,100,100,0,0,0,0,100,100,100,100.000000,1600,4960,32.258065,10,10,10,10,104,4,0,4,100,4960,160,0,0,0,0,104,0,0,0,0,112,8136
3542,1,1,0,0,0,0,0,0,0,0,0,100,100,100,0,0,0,0,100,100,100,100.000000,1600,4960,32.258065,10,10,10,10,104,4,0,4,100,4960,160,0,0,0,0,104,0,0,0,0,110,8136
3543,1,1,0,0,0,0,0,0,0,0,0,100,100,100,0,0,0,0,100,100,100,100.000000,1600,4960,32.258065,10,10,10,10,104,4,0,4,100,4960,160,0,0,0,0,104,0,0,0,0,110,8136
3544,1,1,0,0,0,0,0,0,0,0,0,100,100,100,0,0,0,0,100,100,100,100.000000,1600,4960,32.258065,10,10,10,10,104,4,0,4,100,4960,160,0,0,0,0,104,0,0,0,0,115,8136
3545,1,1,0,0,0,0,0,0,0,0,0,100,100,100,0,0,0,0,100,100,100,100.000000,1600,4960,32.258065,10,10,10,10,104,4,0,4,100,4960,160,0,0,0,0,104,0,0,0,0,119,8136
3546,1,1,0,0,0,0,0,0,0,0,0,100,100,100,0,0,0,0,100,100,100,100.000000,1600,4960,32.258065,10,10,10,10,104,4,0,4,100,4960,160,0,0,0,0,104,0,0,0,0,115,8136
3547,1,1,0,0,0,0,0,0,0,0,0,100,100,100,0,0,0,0,100,100,100,100.000000,1600,4960,32.258065,10,10,10,10,104,4,0,4,100,4960,160,0,0,0,0,104,0,0,0,0,111,8136
3548,1,1,0,0,0,0,0,0,0,0,0,100,100,100,0,0,0,0,100,100,100,100.000000,1600,4960,32.258065,10,10,10,10,104,4,0,4,100,4960,160,0,0,0,0,104,0,0,0,0,128,8136
3549,1,1,0,0,0,0,0,0,0,0,0,100,100,100,0,0,0,0,100,100,100,100.000000,1600,4960,32.258065,10,10,10,10,104,4,0,4,100,4960,160,0,0,0,0,104,0,0,0,0,112,8136
3550,1,1,0,0,0,0,0,0,0,0,0,100,100,100,0,0,0,0,100,100,100,100.000000,1600,4960,32.258065,10,10,10,10,104,4,0,4,100,4960,160,0,0,0,0,104,0,0,0,0,113,8136
3551,1,1,0,0,0,0,0,0,0,0,0,100,100,100,0,0,0,0,100,100,100,100.000000,1600,4960,32.258065,10,10,10,10,104,4,0,4,100,4960,160,0,0,0,0,104,0,0,0,0,106,8136
3552,1,1,0,0,0,0,0,0,0,0,0,100,100,100,0,0,0,0,100,100,100,100.000000,1600,4960,32.258065,10,10,10,10,104,4,0,4,100,4960,160,0,0,0,0,104,0,0,0,0,112,8136
3553,1,1,0,0,0,0,0,0,0,0,0,100,100,100,0,0,0,0,100,100,100,100.000000,1600,4960,32.258065,10,10,10,10,104,4,0,4,100,4960,160,0,0,0,0,104,0,0,0,0,122,8136
3554,1,1,0,0,0,0,0,0,0,0,0,100,100,100,0,0,0,0,100,100,100,100.000000,1600,4960,32.258065,10,10,10,10,104,4,0,4,100,4960,160,0,0,0,0,104,0,0,0,0,116,8136
3555,1,1,0,0,0,0,0,0,0,0,0,100,100,100,0,0,0,0,100,100,100,100.000000,1600,4960,32.258065,10,10,10,10,104,4,0,4,100,4960,160,0,0,0,0,104,0,0,0,0,120,8136
3556,1,1,0,0,0,0,0,0,0,0,0,100,100,100,0,0,0,0,100,100,100,100.000000,1600,4960,32.258065,10,10,10,10,104,4,0,4,100,4960,160,0,0,0,0,104,0,0,0,0,106,8136
3557,1,1,0,0,0,0,0,0,0,0,0,100,100,100,0,0,0,0,100,100,100,100.000000,1600,4960,32.258065,10,10,10,10,104,4,0,4,100,4960,160,0,0,0,0,104,0,0,0,0,114,8136
3558,1,1,0,0,0,0,0,0,0,0,0,100,100,100,0,0,0,0,100,100,100,100.000000,1600,4960,32.258065,10,10,10,10,104,4,0,4,100,4960,160,0,0,0,0,104,0,0,0,0,114,8136
3559,1,1,0,0,0,0,0,0,0,0,0,100,100,100,0,0,0,0,100,100,100,100.000000,1600,4960,32.258065,10,10,10,10,104,4,0,4,100,4960,160,0,0,0,0,104,0,0,0,0,117,8136
3560,1,1,0,0,0,0,0,0,0,0,0,100,100,100,0,0,0,0,100,100,100,100.000000,1600,4960,32.258065,10,10,10,10,104,4,0,4,100,4960,160,0,0,0,0,104,0,0,0,0,120,8136
3561,1,1,0,0,0,0,0,0,0,0,0,100,100,100,0,0,0,0,100,100,100,100.000000,1600,4960,32.258065,10,10,10,10,104,4,0,4,100,4960,160,0,0,0,0,104,0,0,0,0,116,8136
3562,1,1,0,0,0,0,0,0,0,0,0,100,100,100,0,0,0,0,100,100,100,100.000000,1600,4960,32.258065,10,10,10,10,104,4,0,4,100,4960,160,0,0,0,0,104,0,0,0,0,116,8136
3563,1,1,0,0,0,0,0,0,0,0,0,100,100,100,0,0,0,0,100,100,100,100.000000,1600,4960,32.258065,10,10,10,10,104,4,0,4,100,4960,160,0,0,0,0,104,0,0,0,0,107,8136
3564,1,1,0,0,0,0,0,0,0,0,0,100,100,100,0,0,0,0,100,100,100,100.000000,1600,4960,32.258065,10,10,10,10,104,4,0,4,100,4960,160,0,0,0,0,104,0,0,0,0,109,8136
3565,1,1,0,0,0,0,0,0,0,0,0,100,100,100,0,0,0,0,100,100,100,100.000000,1600,4960,32.258065,10,10,10,10,104,4,0,4,100,4960,160,0,0,0,0,104,0,0,0,0,112,8136
3566,1,1,0,0,0,0,0,0,0,0,0,100,100,100,0,0,0,0,100,100,100,100.000000,1600,4960,32.258065,10,10,10,10,104,4,0,4,100,4960,160,0,0,0,0,104,0,0,0,0,114,8136
3567,1,1,0,0,0,0,0,0,0,0,0,100,100,100,0,0,0,0,100,100,100,100.000000,1600,4960,32.258065,10,10,10,10,104,4,0,4,100,4960,160,0,0,0,0,104,0,0,0,0,112,8136
3568,1,1,0,0,0,0,0,0,0,0,0,100,100,100,0,0,0,0,100,100,100,100.000000,1600,4960,32.258065,10,10,10,10,104,4,0,4,100,4960,160,0,0,0,0,104,0,0,0,0,121,8136
3569,1,1,0,0,0,0,0,0,0,0,0,100,100,100,0,0,0,0,100,100,100,100.000000,1600,4960,32.258065,10,10,10,10,104,4,0,4,100,4960,160,0,0,0,0,104,0,0,0,0,116,8136
3570,1,1,0,0,0,0,0,0,0,0,0,100,100,100,0,0,0,0,100,100,100,100.000000,1600,4960,32.258065,10,10,10,10,104,4,0,4,100,4960,160,0,0,0,0,104,0,0,0,0,120,8136
3571,1,1,0,0,0,0,0,0,0,0,0,100,100,100,0,0,0,0,100,100,100,100.000000,1600,4960,32.258065,10,10,10,10,104,4,0,4,100,4960,160,0,0,0,0,104,0,0,0,0,108,8136
3572,1,1,0,0,0,0,0,0,0,0,0,100,100,100,0,0,0,0,100,100,100,100.000000,1600,4960,32.258065,10,10,10,10,104,4,0,4,100,4960,160,0,0,0,0,104,0,0,0,0,108,8136
3573,1,1,0,0,0,0,0,0,0,0,0,100,100,100,0,0,0,0,100,100,100,100.000000,1600,4960,32.258065,10,10,10,10,104,4,0,4,100,4960,160,0,0,0,0,104,0,0,0,0,104,8136
3574,1,1,0,0,0,0,0,0,0,0,0,100,100,100,0,0,0,0,100,100,100,100.000000,1600,4960,32.258065,10,10,10,10,104,4,0,4,100,4960,160,0,0,0,0,104,0,0,0,0,108,8136
3575,1,1,0,0,0,0,0,0,0,0,0,100,100,100,0,0,0,0,100,100,100,100.000000,1600,4960,32.258065,10,10,10,10,104,4,0,4,100,4960,160,0,0,0,0,104,0,0,0,0,106,8136
3576,1,1,0,0,0,0,0,0,0,0,0,100,100,100,0,0,0,0,100,100,100,100.000000,1600,4960,32.258065,10,10,10,10,104,4,0,4,100,4960,160,0,0,0,0,104,0,0,0,0,117,8136
3577,1,1,0,0,0,0,0,0,0,0,0,100,100,100,0,0,0,0,100,100,100,100.000000,1600,4960,32.258065,10,10,10,10,104,4,0,4,100,4960,160,0,0,0,0,104,0,0,0,0,111,8136
3578,1,1,0,0,0,0,0,0,0,0,0,100,100,100,0,0,0,0,100,100,100,100.000000,1600,4960,32.258065,10,10,10,10,104,4,0,4,100,4960,160,0,0,0,0,104,0,0,0,0,112,8136
3579,1,1,0,0,0,0,0,0,0,0,0,100,100,100,0,0,0,0,100,100,100,100.000000,1600,4960,32.258065,10,10,10,10,104,4,0,4,100,4960,160,0,0,0,0,104,0,0,0,0,103,8136
3580,1,1,0,0,0,0,0,0,0,0,0,100,100,100,0,0,0,0,100,100,100,100.000000,1600,4960,32.258065,10,10,10,10,104,4,0,4,100,4960,160,0,0,0,0,104,0,0,0,0,108,8136
3581,1,1,0,0,0,0,0,0,0,0,0,100,100,100,0,0,0,0,100,100,100,100.000000,1600,4960,32.258065,10,10,10,10,104,4,0,4,100,4960,160,0,0,0,0,104,0,0,0,0,106,8136
3582,1,1,0,0,0,0,0,0,0,0,0,100,100,100,0,0,0,0,100,100,100,100.000000,1600,4960,32.258065,10,10,10,10,104,4,0,4,100,4960,160,0,0,0,0,104,0,0,0,0,106,8136
3583,1,1,0,0,0,0,0,0,0,0,0,100,100,100,0,0,0,0,100,100,100,100.000000,1600,4960,32.258065,10,10,10,10,104,4,0,4,100,4960,160,0,0,0,0,104,0,0,0,0,107,8136
3584,1,1,0,0,0,0,0,0,0,0,0,100,100,100,0,0,0,0,100,100,100,100.000000,1600,4960,32.258065,10,10,10,10,104,4,0,4,100,4960,160,0,0,0,0,104,0,0,0,0,115,8136
3585,1,1,0,0,0,0,0,0,0,0,0,100,100,100,0,0,0,0,100,100,100,100.000000,1600,4960,32.258065,10,10,10,10,104,4,0,4,100,4960,160,0,0,0,0,104,0,0,0,0,111,8136
3586,1,1,0,0,0,0,0,0,0,0,0,100,100,100,0,0,0,0,100,100,100,100.000000,1600,4960,32.258065,10,10,10,10,104,4,0,4,100,4960,160,0,0,0,0,104,0,0,0,0,114,8136
3587,1,1,0,0,0,0,0,0,0,0,0,100,100,100,0,0,0,0,100,100,100,100.000000,1600,4960,32.258065,10,10,10,10,104,4,0,4,100,4960,160,0,0,0,0,104,0,0,0,0,103,8136
3588,1,1,0,0,0,0,0,0,0,0,0,100,100,100,0,0,0,0,100,100,100,100.000000,1600,4960,32.258065,10,10,10,10,104,4,0,4,100,4960,160,0,0,0,0,104,0,0,0,0,113,8136
3589,1,1,0,0,0,0,0,0,0,0,0,100,100,100,0,0,0,0,100,100,100,100.000000,1600,4960,32.258065,10,10,10,10,104,4,0,4,100,4960,160,0,0,0,0,104,0,0,0,0,107,8136
3590,1,1,0,0,0,0,0,0,0,0,0,100,100,100,0,0,0,0,100,100,100,100.000000,1600,4960,32.258065,10,10,10,10,104,4,0,4,100,4960,160,0,0,0,0,104,0,0,0,0,109,8136
3591,1,1,0,0,0,0,0,0,0,0,0,100,100,100,0,0,0,0,100,100,100,100.000000,1600,4960,32.258065,10,10,10,10,104,4,0,4,100,4960,160,0,0,0,0,104,0,0,0,0,105,8136
3592,1,1,0,0,0,0,0,0,0,0,0,100,100,100,0,0,0,0,100,100,100,100.000000,1600,4960,32.258065,10,10,10,10,104,4,0,4,100,4960,160,0,0,0,0,104,0,0,0,0,115,8136
3593,1,1,0,0,0,0,0,0,0,0,0,100,100,100,0,0,0,0,100,100,100,100.000000,1600,4960,32.258065,10,10,10,10,104,4,0,4,100,4960,160,0,0,0,0,104,0,0,0,0,116,8136
3594,1,1,0,0,0,0,0,0,0,0,0,100,100,100,0,0,0,0,100,100,100,100.000000,1600,4960,32.258065,10,10,10,10,104,4,0,4,100,4960,160,0,0,0,0,104,0,0,0,0,108,8136
3595,1,1,0,0,0,0,0,0,0,0,0,100,100,100,0,0,0,0,100,100,100,100.000000,1600,4960,32.258065,10,10,10,10,104,4,0,4,100,4960,160,0,0,0,0,104,0,0,0,0,106,8136
3596,1,1,0,0,0,0,0,0,0,0,0,100,100,100,0,0,0,0,100,100,100,100.000000,1600,4960,32.258065,10,10,10,10,104,4,0,4,100,4960,160,0,0,0,0,104,0,0,0,0,119,8136
3597,1,1,0,0,0,0,0,0,0,0,0,100,100,100,0,0,0,0,100,100,100,100.000000,1600,4960,32.258065,10,10,10,10,104,4,0,4,100,4960,160,0,0,0,0,104,0,0,0,0,113,8136
3598,1,1,0,0,0,0,0,0,0,0,0,100,100,100,0,0,0,0,100,100,100,100.000000,1600,4960,32.258065,10,10,10,10,104,4,0,4,100,4960,160,0,0,0,0,104,0,0,0,0,125,8136
3599,1,1,0,0,0,0,0,0,0,0,0,100,100,100,0,0,0,0,100,100,100,100.000000,1600,4960,32.258065,10,10,10,10,104,4,0,4,100,4960,160,0,0,0,0,104,0,0,0,0,109,8136
3600,1,1,0,0,0,0,0,0,0,0,0,100,100,100,0,0,0,0,100,100,100,100.000000,1600,4960,32.258065,10,10,10,10,104,4,0,4,100,4960,160,0,0,0,0,104,0,0,0,0,117,8136
3601,1,1,0,0,0,0,0,0,0,0,0,100,100,100,0,0,0,0,100,100,100,100.000000,1600,4960,32.258065,10,10,10,10,104,4,0,4,100,4960,160,0,0,0,0,104,0,0,0,0,124,8136
3602,1,1,0,0,0,0,0,0,0,0,0,100,100,100,0,0,0,0,100,100,100,100.000000,1600,4960,32.258065,10,10,10,10,104,4,0,4,100,4960,160,0,0,0,0,104,0,0,0,0,125,8136
3603,1,1,0,0,0,0,0,0,0,0,0,100,100,100,0,0,0,0,100,100,100,100.000000,1600,4960,32.258065,10,10,10,10,104,4,0,4,100,4960,160,0,0,0,0,104,0,0,0,0,116,8136
3604,1,1,0,0,0,0,0,0,0,0,0,100,100,100,0,0,0,0,100,100,100,100.000000,1600,4960,32.258065,10,10,10,10,104,4,0,4,100,4960,160,0,0,0,0,104,0,0,0,0,126,8136
3605,1,1,0,0,0,0,0,0,0,0,0,100,100,100,0,0,0,0,100,100,100,100.000000,1600,4960,32.258065,10,10,10,10,104,4,0,4,100,4960,160,0,0,0,0,104,0,0,0,0,106,8136
3606,1,1,0,0,0,0,0,0,0,0,0,100,100,100,0,0,0,0,100,100,100,100.000000,1600,4960,32.258065,10,10,10,10,104,4,0,4,100,4960,160,0,0,0,0,104,0,0,0,0,113,8136
3607,1,1,0,0,0,0,0,0,0,0,0,100,100,100,0,0,0,0,100,100,100,100.000000,1600,4960,32.258065,10,10,10,10,104,4,0,4,100,4960,160,0,0,0,0,104,0,0,0,0,108,8136
3608,1,1,0,0,0,0,0,0,0,0,0,100,100,100,0,0,0,0,100,100,100,100.000000,1600,4960,32.258065,10,10,10,10,104,4,0,4,100,4960,160,0,0,0,0,104,0,0,0,0,111,8136
3609,1,1,0,0,0,0,0,0,0,0,0,100,100,100,0,0,0,0,100,100,100,100.000000,1600,4960,32.258065,10,10,10,10,104,4,0,4,100,4960,160,0,0,0,0,104,0,0,0,0,116,8136
3610,1,1,0,0,0,0,0,0,0,0,0,100,100,100,0,0,0,0,100,100,100,100.000000,1600,4960,32.258065,10,10,10,10,104,4,0,4,100,4960,160,0,0,0,0,104,0,0,0,0,113,8136
3611,1,1,0,0,0,0,0,0,0,0,0,100,100,100,0,0,0,0,100,100,100,100.000000,1600,4960,32.258065,10,10,10,10,104,4,0,4,100,4960,160,0,0,0,0,104,0,0,0,0,108,8136
3612,1,1,0,0,0,0,0,0,0,0,0,100,100,100,0,0,0,0,100,100,100,100.000000,1600,4960,32.258065,10,10,10,10,104,4,0,4,100,4960,160,0,0,0,0,104,0,0,0,0,111,8136
3613,1,1,0,0,0,0,0,0,0,0,0,100,100,100,0,0,0,0,100,100,100,100.000000,1600,4960,32.258065,10,10,10,10,104,4,0,4,100,4960,160,0,0,0,0,104,0,0,0,0,106,8136
3614,1,1,0,0,0,0,0,0,0,0,0,100,100,100,0,0,0,0,100,100,100,100.000000,1600,4960,32.258065,10,10,10,10,104,4,0,4,100,4960,160,0,0,0,0,104,0,0,0,0,108,8136
3615,1,1,0,0,0,0,0,0,0,0,0,100,100,100,0,0,0,0,100,100,100,100.000000,1600,4960,32.258065,10,10,10,10,104,4,0,4,100,4960,160,0,0,0,0,104,0,0,0,0,109,8136
3616,1,1,0,0,0,0,0,0,0,0,0,100,100,100,0,0,0,0,100,100,100,100.000000,1600,4960,32.258065,10,10,10,10,104,4,0,4,100,4960,160,0,0,0,0,104,0,0,0,0,120,8136
3617,1,1,0,0,0,0,0,0,0,0,0,100,100,100,0,0,0,0,100,100,100,100.000000,1600,4960,32.258065,10,10,10,10,104,4,0,4,100,4960,160,0,0,0,0,104,0,0,0,0,115,8136
3618,1,1,0,0,0,0,0,0,0,0,0,100,100,100,0,0,0,0,100,100,100,100.000000,1600,4960,32.258065,10,10,10,10,104,4,0,4,100,4960,160,0,0,0,0,104,0,0,0,0,114,8136
3619,1,1,0,0,0,0,0,0,0,0,0,100,100,100,0,0,0,0,100,100,100,100.000000,1600,4960,32.258065,10,10,10,10,104,4,0,4,100,4960,160,0,0,0,0,104,0,0,0,0,114,8136
3620,1,1,0,0,0,0,0,0,0,0,0,100,100,100,0,0,0,0,100,100,100,100.000000,1600,4960,32.258065,10,10,10,10,104,4,0,4,100,4960,160,0,0,0,0,104,0,0,0,0,106,8136
3621,1,1,0,0,0,0,0,0,0,0,0,100,100,100,0,0,0,0,100,100,100,100.000000,1600,4960,32.258065,10,10,10,10,104,4,0,4,100,4960,160,0,0,0,0,104,0,0,0,0,108,8136
3622,1,1,0,0,0,0,0,0,0,0,0,100,100,100,0,0,0,0,100,100,100,100.000000,1600,4960,32.258065,10,10,10,10,104,4,0,4,100,4960,160,0,0,0,0,104,0,0,0,0,113,8136
3623,1,1,0,0,0,0,0,0,0,0,0,100,100,100,0,0,0,0,100,100,100,100.000000,1600,4960,32.258065,10,10,10,10,104,4,0,4,100,4960,160,0,0,0,0,104,0,0,0,0,122,8136
3624,1,1,0,0,0,0,0,0,0,0,0,100,100,100,0,0,0,0,100,100,100,100.000000,1600,4960,32.258065,10,10,10,10,104,4,0,4,100,4960,160,0,0,0,0,104,0,0,0,0,110,8136
3625,1,1,0,0,0,0,0,0,0,0,0,100,100,100,0,0,0,0,100,100,100,100.000000,1600,4960,32.258065,10,10,10,10,104,4,0,4,100,4960,160,0,0,0,0,104,0,0,0,0,119,8136
3626,1,1,0,0,0,0,0,0,0,0,0,100,100,100,0,0,0,0,100,100,100,100.000000,1600,4960,32.258065,10,10,10,10,104,4,0,4,100,4960,160,0,0,0,0,104,0,0,0,0,114,8136
3627,1,1,0,0,0,0,0,0,0,0,0,100,100,100,0,0,0,0,100,100,100,100.000000,1600,4960,32.258065,10,10,10,10,104,4,0,4,100,4960,160,0,0,0,0,104,0,0,0,0,109,8136
3628,1,1,0,0,0,0,0,0,0,0,0,100,100,100,0,0,0,0,100,100,100,100.000000,1600,4960,32.258065,10,10,10,10,104,4,0,4,100,4960,160,0,0,0,0,104,0,0,0,0,111,8136
3629,1,1,0,0,0,0,0,0,0,0,0,100,100,100,0,0,0,0,100,100,100,100.000000,1600,4960,32.258065,10,10,10,10,104,4,0,4,100,4960,160,0,0,0,0,104,0,0,0,0,105,8136
3630,1,1,0,0,0,0,0,0,0,0,0,100,100,100,0,0,0,0,100,100,100,100.000000,1600,4960,32.258065,10,10,10,10,104,4,0,4,100,4960,160,0,0,0,0,104,0,0,0,0,103,8136
3631,1,1,0,0,0,0,0,0,0,0,0,100,100,100,0,0,0,0,100,100,100,100.000000,1600,4960,32.258065,10,10,10,10,104,4,0,4,100,4960,160,0,0,0,0,104,0,0,0,0,107,8136
3632,1,1,0,0,0,0,0,0,0,0,0,100,100,100,0,0,0,0,100,100,100,100.000000,1600,4960,32.258065,10,10,10,10,104,4,0,4,100,4960,160,0,0,0,0,104,0,0,0,0,118,8136
3633,1,1,0,0,0,0,0,0,0,0,0,100,100,100,0,0,0,0,100,100,100,100.000000,1600,4960,32.258065,10,10,10,10,104,4,0,4,100,4960,160,0,0,0,0,104,0,0,0,0,118,8136
3634,1,1,0,0,0,0,0,0,0,0,0,100,100,100,0,0,0,0,100,100,100,100.000000,1600,4960,32.258065,10,10,10,10,104,4,0,4,100,4960,160,0,0,0,0,104,0,0,0,0,121,8136
3635,1,1,0,0,0,0,0,0,0,0,0,100,100,100,0,0,0,0,100,100,100,100.000000,1600,4960,32.258065,10,10,10,10,104,4,0,4,100,4960,160,0,0,0,0,104,0,0,0,0,108,8136
3636,1,1,0,0,0,0,0,0,0,0,0,100,100,100,0,0,0,0,100,100,100,100.000000,1600,4960,32.258065,10,10,10,10,104,4,0,4,100,4960,160,0,0,0,0,104,0,0,0,0,106,8136
3637,1,1,0,0,0,0,0,0,0,0,0,100,100,100,0,0,0,0,100,100,100,100.000000,1600,4960,32.258065,10,10,10,10,104,4,0,4,100,4960,160,0,0,0,0,104,0,0,0,0,103,8136
3638,1,1,0,0,0,0,0,0,0,0,0,100,100,100,0,0,0,0,100,100,100,100.000000,1600,4960,32.258065,10,10,10,10,104,4,0,4,100,4960,160,0,0,0,0,104,0,0,0,0,109,8136
3639,1,1,0,0,0,0,0,0,0,0,0,100,100,100,0,0,0,0,100,100,100,100.000000,1600,4960,32.258065,10,10,10,10,104,4,0,4,100,4960,160,0,0,0,0,104,0,0,0,0,109,8136
3640,1,1,0,0,0,0,0,0,0,0,0,100,100,100,0,0,0,0,100,100,100,100.000000,1600,4960,32.258065,10,10,10,10,104,4,0,4,100,4960,160,0,0,0,0,104,0,0,0,0,112,8136
3641,1,1,0,0,0,0,0,0,0,0,0,100,100,100,0,0,0,0,100,100,100,100.000000,1600,4960,32.258065,10,10,10,10,104,4,0,4,100,4960,160,0,0,0,0,104,0,0,0,0,116,8136
3642,1,1,0,0,0,0,0,0,0,0,0,100,100,100,0,0,0,0,100,100,100,100.000000,1600,4960,32.258065,10,10,10,10,104,4,0,4,100,4960,160,0,0,0,0,104,0,0,0,0,110,8136
3643,1,1,0,0,0,0,0,0,0,0,0,100,100,100,0,0,0,0,100,100,100,100.000000,1600,4960,32.258065,10,10,10,10,104,4,0,4,100,4960,160,0,0,0,0,104,0,0,0,0,109,8136
3644,1,1,0,0,0,0,0,0,0,0,0,100,100,100,0,0,0,0,100,100,100,100.000000,1600,4960,32.258065,10,10,10,10,104,4,0,4,100,4960,160,0,0,0,0,104,0,0,0,0,108,8136
3645,1,1,0,0,0,0,0,0,0,0,0,100,100,100,0,0,0,0,100,100,100,100.000000,1600,4960,32.258065,10,10,10,10,104,4,0,4,100,4960,160,0,0,0,0,104,0,0,0,0,105,8136
3646,1,1,0,0,0,0,0,0,0,0,0,100,100,100,0,0,0,0,100,100,100,100.000000,1600,4960,32.258065,10,10,10,10,104,4,0,4,100,4960,160,0,0,0,0,104,0,0,0,0,106,8136
3647,1,1,0,0,0,0,0,0,0,0,0,100,100,100,0,0,0,0,100,100,100,100.000000,1600,4960,32.258065,10,10,10,10,104,4,0,4,100,4960,160,0,0,0,0,104,0,0,0,0,111,8136
3648,1,1,0,0,0,0,0,0,0,0,0,100,100,100,0,0,0,0,100,100,100,100.000000,1600,4960,32.258065,10,10,10,10,104,4,0,4,100,4960,160,0,0,0,0,104,0,0,0,0,154,8136
3649,1,1,0,0,0,0,0,0,0,0,0,100,100,100,0,0,0,0,100,100,100,100.000000,1600,4960,32.258065,10,10,10,10,104,4,0,4,100,4960,160,0,0,0,0,104,0,0,0,0,119,8136
3650,1,1,0,0,0,0,0,0,0,0,0,100,100,100,0,0,0,0,100,100,100,100.000000,1600,4960,32.258065,10,10,10,10,104,4,0,4,100,4960,160,0,0,0,0,104,0,0,0,0,118,8136
3651,1,1,0,0,0,0,0,0,0,0,0,100,100,100,0,0,0,0,100,100,100,100.000000,1600,4960,32.258065,10,10,10,10,104,4,0,4,100,4960,160,0,0,0,0,104,0,0,0,0,110,8136
3652,1,1,0,0,0,0,0,0,0,0,0,100,100,100,0,0,0,0,100,100,100,100.000000,1600,4960,32.258065,10,10,10,10,104,4,0,4,100,4960,160,0,0,0,0,104,0,0,0,0,107,8136
3653,1,1,0,0,0,0,0,0,0,0,0,100,100,100,0,0,0,0,100,100,100,100.000000,1600,4960,32.258065,10,10,10,10,104,4,0,4,100,4960,160,0,0,0,0,104,0,0,0,0,109,8136
3654,1,1,0,0,0,0,0,0,0,0,0,100,100,100,0,0,0,0,100,100,100,100.000000,1600,4960,32.258065,10,10,10,10,104,4,0,4,100,4960,160,0,0,0,0,104,0,0,0,0,119,8136
3655,1,1,0,0,0,0,0,0,0,0,0,100,100,100,0,0,0,0,100,100,100,100.000000,1600,4960,32.258065,10,10,10,10,104,4,0,4,100,4960,160,0,0,0,0,104,0,0,0,0,109,8136
3656,1,1,0,0,0,0,0,0,0,0,0,100,100,100,0,0,0,0,100,100,100,100.000000,1600,4960,32.258065,10,10,10,10,104,4,0,4,100,4960,160,0,0,0,0,104,0,0,0,0,118,8136
3657,1,1,0,0,0,0,0,0,0,0,0,100,100,100,0,0,0,0,100,100,100,100.000000,1600,4960,32.258065,10,10,10,10,104,4,0,4,100,4960,160,0,0,0,0,104,0,0,0,0,121,8136
3658,1,1,0,0,0,0,0,0,0,0,0,100,100,100,0,0,0,0,100,100,100,100.000000,1600,4960,32.258065,10,10,10,10,104,4,0,4,100,4960,160,0,0,0,0,104,0,0,0,0,117,8136
3659,1,1,0,0,0,0,0,0,0,0,0,100,100,100,0,0,0,0,100,100,100,100.000000,1600,4960,32.258065,10,10,10,10,104,4,0,4,100,4960,160,0,0,0,0,104,0,0,0,0,105,8136
3660,1,1,0,0,0,0,0,0,0,0,0,100,100,100,0,0,0,0,100,100,100,100.000000,1600,4960,32.258065,10,10,10,10,104,4,0,4,100,4960,160,0,0,0,0,104,0,0,0,0,113,8136
3661,1,1,0,0,0,0,0,0,0,0,0,100,100,100,0,0,0,0,100,100,100,100.000000,1600,4960,32.258065,10,10,10,10,104,4,0,4,100,4960,160,0,0,0,0,104,0,0,0,0,110,8136
3662,1,1,0,0,0,0,0,0,0,0,0,100,100,100,0,0,0,0,100,100,100,100.000000,1600,4960,32.258065,10,10,10,10,104,4,0,4,100,4960,160,0,0,0,0,104,0,0,0,0,110,8136
3663,1,1,0,0,0,0,0,0,0,0,0,100,100,100,0,0,0,0,100,100,100,100.000000,1600,4960,32.258065,10,10,10,10,104,4,0,4,100,4960,160,0,0,0,0,104,0,0,0,0,110,8136
3664,1,1,0,0,0,0,0,0,0,0,0,100,100,100,0,0,0,0,100,100,100,100.000000,1600,4960,32.258065,10,10,10,10,104,4,0,4,100,4960,160,0,0,0,0,104,0,0,0,0,113,8136
3665,1,1,0,0,0,0,0,0,0,0,0,100,100,100,0,0,0,0,100,100,100,100.000000,1600,4960,32.258065,10,10,10,10,104,4,0,4,100,4960,160,0,0,0,0,104,0,0,0,0,114,8136
3666,1,1,0,0,0,0,0,0,0,0,0,100,100,100,0,0,0,0,100,100,100,100.000000,1600,4960,32.258065,10,10,10,10,104,4,0,4,100,4960,160,0,0,0,0,104,0,0,0,0,116,8136
3667,1,1,0,0,0,0,0,0,0,0,0,100,100,100,0,0,0,0,100,100,100,100.000000,1600,4960,32.258065,10,10,10,10,104,4,0,4,100,4960,160,0,0,0,0,104,0,0,0,0,110,8136
3668,1,1,0,0,0,0,0,0,0,0,0,100,100,100,0,0,0,0,100,100,100,100.000000,1600,4960,32.258065,10,10,10,10,104,4,0,4,100,4960,160,0,0,0,0,104,0,0,0,0,106,8136
3669,1,1,0,0,0,0,0,0,0,0,0,100,100,100,0,0,0,0,100,100,100,100.000000,1600,4960,32.258065,10,10,10,10,104,4,0,4,100,4960,160,0,0,0,0,104,0,0,0,0,110,8136
3670,1,1,0,0,0,0,0,0,0,0,0,100,100,100,0,0,0,0,100,100,100,100.000000,1600,4960,32.258065,10,10,10,10,104,4,0,4,100,4960,160,0,0,0,0,104,0,0,0,0,107,8136
3671,1,1,0,0,0,0,0,0,0,0,0,100,100,100,0,0,0,0,100,100,100,100.000000,1600,4960,32.258065,10,10,10,10,104,4,0,4,100,4960,160,0,0,0,0,104,0,0,0,0,113,8136
3672,1,1,0,0,0,0,0,0,0,0,0,100,100,100,0,0,0,0,100,100,100,100.000000,1600,4960,32.258065,10,10,10,10,104,4,0,4,100,4960,160,0,0,0,0,104,0,0,0,0,115,8136
3673,1,1,0,0,0,0,0,0,0,0,0,100,100,100,0,0,0,0,100,100,100,100.000000,1600,4960,32.258065,10,10,10,10,104,4,0,4,100,4960,160,0,0,0,0,104,0,0,0,0,117,8136
3674,1,1,0,0,0,0,0,0,0,0,0,100,100,100,0,0,0,0,100,100,100,100.000000,1600,4960,32.258065,10,10,10,10,104,4,0,4,100,4960,160,0,0,0,0,104,0,0,0,0,124,8136
3675,1,1,0,0,0,0,0,0,0,0,0,100,100,100,0,0,0,0,100,100,100,100.000000,1600,4960,32.258065,10,10,10,10,104,4,0,4,100,4960,160,0,0,0,0,104,0,0,0,0,114,8136
3676,1,1,0,0,0,0,0,0,0,0,0,100,100,100,0,0,0,0,100,100,100,100.000000,1600,4960,32.258065,10,10,10,10,104,4,0,4,100,4960,160,0,0,0,0,104,0,0,0,0,119,8136
3677,1,1,0,0,0,0,0,0,0,0,0,100,100,100,0,0,0,0,100,100,100,100.000000,1600,4960,32.258065,10,10,10,10,104,4,0,4,100,4960,160,0,0,0,0,104,0,0,0,0,140,8136
3678,1,1,0,0,0,0,0,0,0,0,0,100,100,100,0,0,0,0,100,100,100,100.000000,1600,4960,32.258065,10,10,10,10,104,4,0,4,100,4960,160,0,0,0,0,104,0,0,0,0,104,8136
3679,1,1,0,0,0,0,0,0,0,0,0,100,100,100,0,0,0,0,100,100,100,100.000000,1600,4960,32.258065,10,10,10,10,104,4,0,4,100,4960,160,0,0,0,0,104,0,0,0,0,105,8136
3680,1,1,0,0,0,0,0,0,0,0,0,100,100,100,0,0,0,0,100,100,100,100.000000,1600,4960,32.258065,10,10,10,10,104,4,0,4,100,4960,160,0,0,0,0,104,0,0,0,0,128,8136
3681,1,1,0,0,0,0,0,0,0,0,0,100,100,100,0,0,0,0,100,100,100,100.000000,1600,4960,32.258065,10,10,10,10,104,4,0,4,100,4960,160,0,0,0,0,104,0,0,0,0,113,8136
3682,1,1,0,0,0,0,0,0,0,0,0,100,100,100,0,0,0,0,100,100,100,100.000000,1600,4960,32.258065,10,10,10,10,104,4,0,4,100,4960,160,0,0,0,0,104,0,0,0,0,120,8136
3683,1,1,0,0,0,0,0,0,0,0,0,100,100,100,0,0,0,0,100,100,100,100.000000,1600,4960,32.258065,10,10,10,10,104,4,0,4,100,4960,160,0,0,0,0,104,0,0,0,0,126,8136
3684,1,1,0,0,0,0,0,0,0,0,0,100,100,100,0,0,0,0,100,100,100,100.000000,1600,4960,32.258065,10,10,10,10,104,4,0,4,100,4960,160,0,0,0,0,104,0,0,0,0,118,8136
3685,1,1,0,0,0,0,0,0,0,0,0,100,100,100,0,0,0,0,100,100,100,100.000000,1600,4960,32.258065,10,10,10,10,104,4,0,4,100,4960,160,0,0,0,0,104,0,0,0,0,121,8136
3686,1,1,0,0,0,0,0,0,0,0,0,100,100,100,0,0,0,0,100,100,100,100.000000,1600,4960,32.258065,10,10,10,10,104,4,0,4,100,4960,160,0,0,0,0,104,0,0,0,0,110,8136
3687,1,1,0,0,0,0,0,0,0,0,0,100,100,100,0,0,0,0,100,100,100,100.000000,1600,4960,32.258065,10,10,10,10,104,4,0,4,100,4960,160,0,0,0,0,104,0,0,0,0,111,8136
3688,1,1,0,0,0,0,0,0,0,0,0,100,100,100,0,0,0,0,100,100,100,100.000000,1600,4960,32.258065,10,10,10,10,104,4,0,4,100,4960,160,0,0,0,0,104,0,0,0,0,145,8136
3689,1,1,0,0,0,0,0,0,0,0,0,100,100,100,0,0,0,0,100,100,100,100.000000,1600,4960,32.258065,10,10,10,10,104,4,0,4,100,4960,160,0,0,0,0,104,0,0,0,0,126,8136
3690,1,1,0,0,0,0,0,0,0,0,0,100,100,100,0,0,0,0,100,100,100,100.000000,1600,4960,32.258065,10,10,10,10,104,4,0,4,100,4960,160,0,0,0,0,104,0,0,0,0,117,8136
3691,1,1,0,0,0,0,0,0,0,0,0,100,100,100,0,0,0,0,100,100,100,100.000000,1600,4960,32.258065,10,10,10,10,104,4,0,4,100,4960,160,0,0,0,0,104,0,0,0,0,124,8136
3692,1,1,0,0,0,0,0,0,0,0,0,100,100,100,0,0,0,0,100,100,100,100.000000,1600,4960,32.258065,10,10,10,10,104,4,0,4,100,4960,160,0,0,0,0,104,0,0,0,0,105,8136
3693,1,1,0,0,0,0,0,0,0,0,0,100,100,100,0,0,0,0,100,100,100,100.000000,1600,4960,32.258065,10,10,10,10,104,4,0,4,100,4960,160,0,0,0,0,104,0,0,0,0,108,8136
3694,1,1,0,0,0,0,0,0,0,0,0,100,100,100,0,0,0,0,100,100,100,100.000000,1600,4960,32.258065,10,10,10,10,104,4,0,4,100,4960,160,0,0,0,0,104,0,0,0,0,117,8136
3695,1,1,0,0,0,0,0,0,0,0,0,100,100,100,0,0,0,0,100,100,100,100.000000,1600,4960,32.258065,10,10,10,10,104,4,0,4,100,4960,160,0,0,0,0,104,0,0,0,0,122,8136
3696,1,1,0,0,0,0,0,0,0,0,0,100,100,100,0,0,0,0,100,100,100,100.000000,1600,4960,32.258065,10,10,10,10,104,4,0,4,100,4960,160,0,0,0,0,104,0,0,0,0,123,8136
3697,1,1,0,0,0,0,0,0,0,0,0,100,100,100,0,0,0,0,100,100,100,100.000000,1600,4960,32.258065,10,10,10,10,104,4,0,4,100,4960,160,0,0,0,0,104,0,0,0,0,130,8136
3698,1,1,0,0,0,0,0,0,0,0,0,100,100,100,0,0,0,0,100,100,100,100.000000,1600,4960,32.258065,10,10,10,10,104,4,0,4,100,4960,160,0,0,0,0,104,0,0,0,0,116,8136
3699,1,1,0,0,0,0,0,0,0,0,0,100,100,100,0,0,0,0,100,100,100,100.000000,1600,4960,32.258065,10,10,10,10,104,4,0,4,100,4960,160,0,0,0,0,104,0,0,0,0,109,8136
3700,1,1,0,0,0,0,0,0,0,0,0,100,100,100,0,0,0,0,100,100,100,100.000000,1600,4960,32.258065,10,10,10,10,104,4,0,4,100,4960,160,0,0,0,0,104,0,0,0,0,104,8136
3701,1,1,0,0,0,0,0,0,0,0,0,100,100,100,0,0,0,0,100,100,100,100.000000,1600,4960,32.258065,10,10,10,10,104,4,0,4,100,4960,160,0,0,0,0,104,0,0,0,0,109,8136
3702,1,1,0,0,0,0,0,0,0,0,0,100,100,100,0,0,0,0,100,100,100,100.000000,1600,4960,32.258065,10,10,10,10,104,4,0,4,100,4960,160,0,0,0,0,104,0,0,0,0,123,8136
3703,1,1,0,0,0,0,0,0,0,0,0,100,100,100,0,0,0,0,100,100,100,100.000000,1600,4960,32.258065,10,10,10,10,104,4,0,4,100,4960,160,0,0,0,0,104,0,0,0,0,124,8136
3704,1,1,0,0,0,0,0,0,0,0,0,100,100,100,0,0,0,0,100,100,100,100.000000,1600,4960,32.258065,10,10,10,10,104,4,0,4,100,4960,160,0,0,0,0,104,0,0,0,0,112,8136
3705,1,1,0,0,0,0,0,0,0,0,0,100,100,100,0,0,0,0,100,100,100,100.000000,1600,4960,32.258065,10,10,10,10,104,4,0,4,100,4960,160,0,0,0,0,104,0,0,0,0,116,8136
3706,1,1,0,0,0,0,0,0,0,0,0,100,100,100,0,0,0,0,100,100,100,100.000000,1600,4960,32.258065,10,10,10,10,104,4,0,4,100,4960,160,0,0,0,0,104,0,0,0,0,114,8136
3707,1,1,0,0,0,0,0,0,0,0,0,100,100,100,0,0,0,0,100,100,100,100.000000,1600,4960,32.258065,10,10,10,10,104,4,0,4,100,4960,160,0,0,0,0,104,0,0,0,0,109,8136
3708,1,1,0,0,0,0,0,0,0,0,0,100,100,100,0,0,0,0,100,100,100,100.000000,1600,4960,32.258065,10,10,10,10,104,4,0,4,100,4960,160,0,0,0,0,104,0,0,0,0,107,8136
3709,1,1,0,0,0,0,0,0,0,0,0,100,100,100,0,0,0,0,100,100,100,100.000000,1600,4960,32.258065,10,10,10,10,104,4,0,4,100,4960,160,0,0,0,0,104,0,0,0,0,109,8136
3710,1,1,0,0,0,0,0,0,0,0,0,100,100,100,0,0,0,0,100,100,100,100.000000,1600,4960,32.258065,10,10,10,10,104,4,0,4,100,4960,160,0,0,0,0,104,0,0,0,0,106,8136
3711,1,1,0,0,0,0,0,0,0,0,0,100,100,100,0,0,0,0,100,100,100,100.000000,1600,4960,32.258065,10,10,10,10,104,4,0,4,100,4960,160,0,0,0,0,104,0,0,0,0,117,8136
3712,1,1,0,0,0,0,0,0,0,0,0,100,100,100,0,0,0,0,100,100,100,100.000000,1600,4960,32.258065,10,10,10,10,104,4,0,4,100,4960,160,0,0,0,0,104,0,0,0,0,119,8136
3713,1,1,0,0,0,0,0,0,0,0,0,100,100,100,0,0,0,0,100,100,100,100.000000,1600,4960,32.258065,10,10,10,10,104,4,0,4,100,4960,160,0,0,0,0,104,0,0,0,0,121,8136
3714,1,1,0,0,0,0,0,0,0,0,0,100,100,100,0,0,0,0,100,100,100,100.000000,1600,4960,32.258065,10,10,10,10,104,4,0,4,100,4960,160,0,0,0,0,104,0,0,0,0,117,8136
3715,1,1,0,0,0,0,0,0,0,0,0,100,100,100,0,0,0,0,100,100,100,100.000000,1600,4960,32.258065,10,10,10,10,104,4,0,4,100,4960,160,0,0,0,0,104,0,0,0,0,109,8136
3716,1,1,0,0,0,0,0,0,0,0,0,100,100,100,0,0,0,0,100,100,100,100.000000,1600,4960,32.258065,10,10,10,10,104,4,0,4,100,4960,160,0,0,0,0,104,0,0,0,0,110,8136
3717,1,1,0,0,0,0,0,0,0,0,0,100,100,100,0,0,0,0,100,100,100,100.000000,1600,4960,32.258065,10,10,10,10,104,4,0,4,100,4960,160,0,0,0,0,104,0,0,0,0,112,8136
3718,1,1,0,0,0,0,0,0,0,0,0,100,100,100,0,0,0,0,100,100,100,100.000000,1600,4960,32.258065,10,10,10,10,104,4,0,4,100,4960,160,0,0,0,0,104,0,0,0,0,116,8136
3719,1,1,0,0,0,0,0,0,0,0,0,100,100,100,0,0,0,0,100,100,100,100.000000,1600,4960,32.258065,10,10,10,10,104,4,0,4,100,4960,160,0,0,0,0,104,0,0,0,0,147,8136
3720,1,1,0,0,0,0,0,0,0,0,0,100,100,100,0,0,0,0,100,100,100,100.000000,1600,4960,32.258065,10,10,10,10,104,4,0,4,100,4960,160,0,0,0,0,104,0,0,0,0,122,8136
3721,1,1,0,0,0,0,0,0,0,0,0,100,100,100,0,0,0,0,100,100,100,100.000000,1600,4960,32.258065,10,10,10,10,104,4,0,4,100,4960,160,0,0,0,0,104,0,0,0,0,118,8136
3722,1,1,0,0,0,0,0,0,0,0,0,100,100,100,0,0,0,0,100,100,100,100.000000,1600,4960,32.258065,10,10,10,10,104,4,0,4,100,4960,160,0,0,0,0,104,0,0,0,0,113,8136
3723,1,1,0,0,0,0,0,0,0,0,0,100,100,100,0,0,0,0,100,100,100,100.000000,1600,4960,32.258065,10,10,10,10,104,4,0,4,100,4960,160,0,0,0,0,104,0,0,0,0,107,8136
3724,1,1,0,0,0,0,0,0,0,0,0,100,100,100,0,0,0,0,100,100,100,100.000000,1600,4960,32.258065,10,10,10,10,104,4,0,4,100,4960,160,0,0,0,0,104,0,0,0,0,115,8136
3725,1,1,0,0,0,0,0,0,0,0,0,100,100,100,0,0,0,0,100,100,100,100.000000,1600,4960,32.258065,10,10,10,10,104,4,0,4,100,4960,160,0,0,0,0,104,0,0,0,0,112,8136
3726,1,1,0,0,0,0,0,0,0,0,0,100,100,100,0,0,0,0,100,100,100,100.000000,1600,4960,32.258065,10,10,10,10,104,4,0,4,100,4960,160,0,0,0,0,104,0,0,0,0,112,8136
3727,1,1,0,0,0,0,0,0,0,0,0,100,100,100,0,0,0,0,100,100,100,100.000000,1600,4960,32.258065,10,10,10,10,104,4,0,4,100,4960,160,0,0,0,0,104,0,0,0,0,110,8136
3728,1,1,0,0,0,0,0,0,0,0,0,100,100,100,0,0,0,0,100,100,100,100.000000,1600,4960,32.258065,10,10,10,10,104,4,0,4,100,4960,160,0,0,0,0,104,0,0,0,0,126,8136
3729,1,1,0,0,0,0,0,0,0,0,0,100,100,100,0,0,0,0,100,100,100,100.000000,1600,4960,32.258065,10,10,10,10,104,4,0,4,100,4960,160,0,0,0,0,104,0,0,0,0,115,8136
3730,1,1,0,0,0,0,0,0,0,0,0,100,100,100,0,0,0,0,100,100,100,100.000000,1600,4960,32.258065,10,10,10,10,104,4,0,4,100,4960,160,0,0,0,0,104,0,0,0,0,120,8136
3731,1,1,0,0,0,0,0,0,0,0,0,100,100,100,0,0,0,0,100,100,100,100.000000,1600,4960,32.258065,10,10,10,10,104,4,0,4,100,4960,160,0,0,0,0,104,0,0,0,0,136,8136
3732,1,1,0,0,0,0,0,0,0,0,0,100,100,100,0,0,0,0,100,100,100,100.000000,1600,4960,32.258065,10,10,10,10,104,4,0,4,100,4960,160,0,0,0,0,104,0,0,0,0,104,8136
3733,1,1,0,0,0,0,0,0,0,0,0,100,100,100,0,0,0,0,100,100,100,100.000000,1600,4960,32.258065,10,10,10,10,104,4,0,4,100,4960,160,0,0,0,0,104,0,0,0,0,118,8136
3734,1,1,0,0,0,0,0,0,0,0,0,100,100,100,0,0,0,0,100,100,100,100.000000,1600,4960,32.258065,10,10,10,10,104,4,0,4,100,4960,160,0,0,0,0,104,0,0,0,0,109,8136
3735,1,1,0,0,0,0,0,0,0,0,0,100,100,100,0,0,0,0,100,100,100,100.000000,1600,4960,32.258065,10,10,10,10,104,4,0,4,100,4960,160,0,0,0,0,104,0,0,0,0,117,8136
3736,1,1,0,0,0,0,0,0,0,0,0,100,100,100,0,0,0,0,100,100,100,100.000000,1600,4960,32.258065,10,10,10,10,104,4,0,4,100,4960,160,0,0,0,0,104,0,0,0,0,126,8136
3737,1,1,0,0,0,0,0,0,0,0,0,100,100,100,0,0,0,0,100,100,100,100.000000,1600,4960,32.258065,10,10,10,10,104,4,0,4,100,4960,160,0,0,0,0,104,0,0,0,0,131,8136
3738,1,1,0,0,0,0,0,0,0,0,0,100,100,100,0,0,0,0,100,100,100,100.000000,1600,4960,32.258065,10,10,10,10,104,4,0,4,100,4960,160,0,0,0,0,104,0,0,0,0,116,8136
3739,1,1,0,0,0,0,0,0,0,0,0,100,100,100,0,0,0,0,100,100,100,100.000000,1600,4960,32.258065,10,10,10,10,104,4,0,4,100,4960,160,0,0,0,0,104,0,0,0,0,122,8136
3740,1,1,0,0,0,0,0,0,0,0,0,100,100,100,0,0,0,0,100,100,100,100.000000,1600,4960,32.258065,10,10,10,10,104,4,0,4,100,4960,160,0,0,0,0,104,0,0,0,0,110,8136
3741,1,1,0,0,0,0,0,0,0,0,0,100,100,100,0,0,0,0,100,100,100,100.000000,1600,4960,32.258065,10,10,10,10,104,4,0,4,100,4960,160,0,0,0,0,104,0,0,0,0,112,8136
3742,1,1,0,0,0,0,0,0,0,0,0,100,100,100,0,0,0,0,100,100,100,100.000000,1600,4960,32.258065,10,10,10,10,104,4,0,4,100,4960,160,0,0,0,0,104,0,0,0,0,116,8136
3743,1,1,0,0,0,0,0,0,0,0,0,100,100,100,0,0,0,0,100,100,100,100.000000,1600,4960,32.258065,10,10,10,10,104,4,0,4,100,4960,160,0,0,0,0,104,0,0,0,0,111,8136
3744,1,1,0,0,0,0,0,0,0,0,0,100,100,100,0,0,0,0,100,100,100,100.000000,1600,4960,32.258065,10,10,10,10,104,4,0,4,100,4960,160,0,0,0,0,104,0,0,0,0,119,8136
3745,1,1,0,0,0,0,0,0,0,0,0,100,100,100,0,0,0,0,100,100,100,100.000000,1600,4960,32.258065,10,10,10,10,104,4,0,4,100,4960,160,0,0,0,0,104,0,0,0,0,129,8136
3746,1,1,0,0,0,0,0,0,0,0,0,100,100,100,0,0,0,0,100,100,100,100.000000,1600,4960,32.258065,10,10,10,10,104,4,0,4,100,4960,160,0,0,0,0,104,0,0,0,0,116,8136
3747,1,1,0,0,0,0,0,0,0,0,0,100,100,100,0,0,0,0,100,100,100,100.000000,1600,4960,32.258065,10,10,10,10,104,4,0,4,100,4960,160,0,0,0,0,104,0,0,0,0,114,8136
3748,1,1,0,0,0,0,0,0,0,0,0,100,100,100,0,0,0,0,100,100,100,100.000000,1600,4960,32.258065,10,10,10,10,104,4,0,4,100,4960,160,0,0,0,0,104,0,0,0,0,106,8136
3749,1,1,0,0,0,0,0,0,0,0,0,100,100,100,0,0,0,0,100,100,100,100.000000,1600,4960,32.258065,10,10,10,10,104,4,0,4,100,4960,160,0,0,0,0,104,0,0,0,0,121,8136
3750,1,1,0,0,0,0,0,0,0,0,0,100,100,100,0,0,0,0,100,100,100,100.000000,1600,4960,32.258065,10,10,10,10,104,4,0,4,100,4960,160,0,0,0,0,104,0,0,0,0,106,8136
3751,1,1,0,0,0,0,0,0,0,0,0,100,100,100,0,0,0,0,100,100,100,100.000000,1600,4960,32.258065,10,10,10,10,104,4,0,4,100,4960,160,0,0,0,0,104,0,0,0,0,114,8136
3752,1,1,0,0,0,0,0,0,0,0,0,100,100,100,0,0,0,0,100,100,100,100.000000,1600,4960,32.258065,10,10,10,10,104,4,0,4,100,4960,160,0,0,0,0,104,0,0,0,0,120,8136
3753,1,1,0,0,0,0,0,0,0,0,0,100,100,100,0,0,0,0,100,100,100,100.000000,1600,4960,32.258065,10,10,10,10,104,4,0,4,100,4960,160,0,0,0,0,104,0,0,0,0,142,8136
3754,1,1,0,0,0,0,0,0,0,0,0,100,100,100,0,0,0,0,100,100,100,100.000000,1600,4960,32.258065,10,10,10,10,104,4,0,4,100,4960,160,0,0,0,0,104,0,0,0,0,123,8136
3755,1,1,0,0,0,0,0,0,0,0,0,100,100,100,0,0,0,0,100,100,100,100.000000,1600,4960,32.258065,10,10,10,10,104,4,0,4,100,4960,160,0,0,0,0,104,0,0,0,0,111,8136
3756,1,1,0,0,0,0,0,0,0,0,0,100,100,100,0,0,0,0,100,100,100,100.000000,1600,4960,32.258065,10,10,10,10,104,4,0,4,100,4960,160,0,0,0,0,104,0,0,0,0,107,8136
3757,1,1,0,0,0,0,0,0,0,0,0,100,100,100,0,0,0,0,100,100,100,100.000000,1600,4960,32.258065,10,10,10,10,104,4,0,4,100,4960,160,0,0,0,0,104,0,0,0,0,109,8136
3758,1,1,0,0,0,0,0,0,0,0,0,100,100,100,0,0,0,0,100,100,100,100.000000,1600,4960,32.258065,10,10,10,10,104,4,0,4,100,4960,160,0,0,0,0,104,0,0,0,0,110,8136
3759,1,1,0,0,0,0,0,0,0,0,0,100,100,100,0,0,0,0,100,100,100,100.000000,1600,4960,32.258065,10,10,10,10,104,4,0,4,100,4960,160,0,0,0,0,104,0,0,0,0,109,8136
3760,1,1,0,0,0,0,0,0,0,0,0,100,100,100,0,0,0,0,100,100,100,100.000000,1600,4960,32.258065,10,10,10,10,104,4,0,4,100,4960,160,0,0,0,0,104,0,0,0,0,117,8136
3761,1,1,0,0,0,0,0,0,0,0,0,100,100,100,0,0,0,0,100,100,100,100.000000,1600,4960,32.258065,10,10,10,10,104,4,0,4,100,4960,160,0,0,0,0,104,0,0,0,0,124,8136
3762,1,1,0,0,0,0,0,0,0,0,0,100,100,100,0,0,0,0,100,100,100,100.000000,1600,4960,32.258065,10,10,10,10,104,4,0,4,100,4960,160,0,0,0,0,104,0,0,0,0,121,8136
3763,1,1,0,0,0,0,0,0,0,0,0,100,100,100,0,0,0,0,100,100,100,100.000000,1600,4960,32.258065,10,10,10,10,104,4,0,4,100,4960,160,0,0,0,0,104,0,0,0,0,112,8136
3764,1,1,0,0,0,0,0,0,0,0,0,100,100,100,0,0,0,0,100,100,100,100.000000,1600,4960,32.258065,10,10,10,10,104,4,0,4,100,4960,160,0,0,0,0,104,0,0,0,0,108,8136
3765,1,1,0,0,0,0,0,0,0,0,0,100,100,100,0,0,0,0,100,100,100,100.000000,1600,4960,32.258065,10,10,10,10,104,4,0,4,100,4960,160,0,0,0,0,104,0,0,0,0,113,8136
3766,1,1,0,0,0,0,0,0,0,0,0,100,100,100,0,0,0,0,100,100,100,100.000000,1600,4960,32.258065,10,10,10,10,104,4,0,4,100,4960,160,0,0,0,0,104,0,0,0,0,105,8136
3767,1,1,0,0,0,0,0,0,0,0,0,100,100,100,0,0,0,0,100,100,100,100.000000,1600,4960,32.258065,10,10,10,10,104,4,0,4,100,4960,160,0,0,0,0,104,0,0,0,0,110,8136
3768,1,1,0,0,0,0,0,0,0,0,0,100,100,100,0,0,0,0,100,100,100,100.000000,1600,4960,32.258065,10,10,10,10,104,4,0,4,100,4960,160,0,0,0,0,104,0,0,0,0,128,8136
3769,1,1,0,0,0,0,0,0,0,0,0,100,100,100,0,0,0,0,100,100,100,100.000000,1600,4960,32.258065,10,10,10,10,104,4,0,4,100,4960,160,0,0,0,0,104,0,0,0,0,126,8136
3770,1,1,0,0,0,0,0,0,0,0,0,100,100,100,0,0,0,0,100,100,100,100.000000,1600,4960,32.258065,10,10,10,10,104,4,0,4,100,4960,160,0,0,0,0,104,0,0,0,0,111,8136
3771,1,1,0,0,0,0,0,0,0,0,0,100,100,100,0,0,0,0,100,100,100,100.000000,1600,4960,32.258065,10,10,10,10,104,4,0,4,100,4960,160,0,0,0,0,104,0,0,0,0,115,8136
3772,1,1,0,0,0,0,0,0,0,0,0,100,100,100,0,0,0,0,100,100,100,100.000000,1600,4960,32.258065,10,10,10,10,104,4,0,4,100,4960,160,0,0,0,0,104,0,0,0,0,108,8136
3773,1,1,0,0,0,0,0,0,0,0,0,100,100,100,0,0,0,0,100,100,100,100.000000,1600,4960,32.258065,10,10,10,10,104,4,0,4,100,4960,160,0,0,0,0,104,0,0,0,0,119,8136
3774,1,1,0,0,0,0,0,0,0,0,0,100,100,100,0,0,0,0,100,100,100,100.000000,1600,4960,32.258065,10,10,10,10,104,4,0,4,100,4960,160,0,0,0,0,104,0,0,0,0,111,8136
3775,1,1,0,0,0,0,0,0,0,0,0,100,100,100,0,0,0,0,100,100,100,100.000000,1600,4960,32.258065,10,10,10,10,104,4,0,4,100,4960,160,0,0,0,0,104,0,0,0,0,107,8136
3776,1,1,0,0,0,0,0,0,0,0,0,100,100,100,0,0,0,0,100,100,100,100.000000,1600,4960,32.258065,10,10,10,10,104,4,0,4,100,4960,160,0,0,0,0,104,0,0,0,0,119,8136
3777,1,1,0,0,0,0,0,0,0,0,0,100,100,100,0,0,0,0,100,100,100,100.000000,1600,4960,32.258065,10,10,10,10,104,4,0,4,100,4960,160,0,0,0,0,104,0,0,0,0,128,8136
3778,1,1,0,0,0,0,0,0,0,0,0,100,100,100,0,0,0,0,100,100,100,100.000000,1600,4960,32.258065,10,10,10,10,104,4,0,4,100,4960,160,0,0,0,0,104,0,0,0,0,118,8136
3779,1,1,0,0,0,0,0,0,0,0,0,100,100,100,0,0,0,0,100,100,100,100.000000,1600,4960,32.258065,10,10,10,10,104,4,0,4,100,4960,160,0,0,0,0,104,0,0,0,0,112,8136
3780,1,1,0,0,0,0,0,0,0,0,0,100,100,100,0,0,0,0,100,100,100,100.000000,1600,4960,32.258065,10,10,10,10,104,4,0,4,100,4960,160,0,0,0,0,104,0,0,0,0,112,8136
3781,1,1,0,0,0,0,0,0,0,0,0,100,100,100,0,0,0,0,100,100,100,100.000000,1600,4960,32.258065,10,10,10,10,104,4,0,4,100,4960,160,0,0,0,0,104,0,0,0,0,115,8136
3782,1,1,0,0,0,0,0,0,0,0,0,100,100,100,0,0,0,0,100,100,100,100.000000,1600,4960,32.258065,10,10,10,10,104,4,0,4,100,4960,160,0,0,0,0,104,0,0,0,0,108,8136
3783,1,1,0,0,0,0,0,0,0,0,0,100,100,100,0,0,0,0,100,100,100,100.000000,1600,4960,32.258065,10,10,10,10,104,4,0,4,100,4960,160,0,0,0,0,104,0,0,0,0,122,8136
3784,1,1,0,0,0,0,0,0,0,0,0,100,100,100,0,0,0,0,100,100,100,100.000000,1600,4960,32.258065,10,10,10,10,104,4,0,4,100,4960,160,0,0,0,0,104,0,0,0,0,119,8136
3785,1,1,0,0,0,0,0,0,0,0,0,100,100,100,0,0,0,0,100,100,100,100.000000,1600,4960,32.258065,10,10,10,10,104,4,0,4,100,4960,160,0,0,0,0,104,0,0,0,0,116,8136
3786,1,1,0,0,0,0,0,0,0,0,0,100,100,100,0,0,0,0,100,100,100,100.000000,1600,4960,32.258065,10,10,10,10,104,4,0,4,100,4960,160,0,0,0,0,104,0,0,0,0,117,8136
3787,1,1,0,0,0,0,0,0,0,0,0,100,100,100,0,0,0,0,100,100,100,100.000000,1600,4960,32.258065,10,10,10,10,104,4,0,4,100,4960,160,0,0,0,0,104,0,0,0,0,108,8136
3788,1,1,0,0,0,0,0,0,0,0,0,100,100,100,0,0,0,0,100,100,100,100.000000,1600,4960,32.258065,10,10,10,10,104,4,0,4,100,4960,160,0,0,0,0,104,0,0,0,0,115,8136
3789,1,1,0,0,0,0,0,0,0,0,0,100,100,100,0,0,0,0,100,100,100,100.000000,1600,4960,32.258065,10,10,10,10,104,4,0,4,100,4960,160,0,0,0,0,104,0,0,0,0,116,8136
3790,1,1,0,0,0,0,0,0,0,0,0,100,100,100,0,0,0,0,100,100,100,100.000000,1600,4960,32.258065,10,10,10,10,104,4,0,4,100,4960,160,0,0,0,0,104,0,0,0,0,121,8136
3791,1,1,0,0,0,0,0,0,0,0,0,100,100,100,0,0,0,0,100,100,100,100.000000,1600,4960,32.258065,10,10,10,10,104,4,0,4,100,4960,160,0,0,0,0,104,0,0,0,0,111,8136
3792,1,1,0,0,0,0,0,0,0,0,0,100,100,100,0,0,0,0,100,100,100,100.000000,1600,4960,32.258065,10,10,10,10,104,4,0,4,100,4960,160,0,0,0,0,104,0,0,0,0,111,8136
3793,1,1,0,0,0,0,0,0,0,0,0,100,100,100,0,0,0,0,100,100,100,100.000000,1600,4960,32.258065,10,10,10,10,104,4,0,4,100,4960,160,0,0,0,0,104,0,0,0,0,144,8136
3794,1,1,0,0,0,0,0,0,0,0,0,100,100,100,0,0,0,0,100,100,100,100.000000,1600,4960,32.258065,10,10,10,10,104,4,0,4,100,4960,160,0,0,0,0,104,0,0,0,0,118,8136
3795,1,1,0,0,0,0,0,0,0,0,0,100,100,100,0,0,0,0,100,100,100,100.000000,1600,4960,32.258065,10,10,10,10,104,4,0,4,100,4960,160,0,0,0,0,104,0,0,0,0,118,8136
3796,1,1,0,0,0,0,0,0,0,0,0,100,100,100,0,0,0,0,100,100,100,100.000000,1600,4960,32.258065,10,10,10,10,104,4,0,4,100,4960,160,0,0,0,0,104,0,0,0,0,104,8136
3797,1,1,0,0,0,0,0,0,0,0,0,100,100,100,0,0,0,0,100,100,100,100.000000,1600,4960,32.258065,10,10,10,10,104,4,0,4,100,4960,160,0,0,0,0,104,0,0,0,0,119,8136
3798,1,1,0,0,0,0,0,0,0,0,0,100,100,100,0,0,0,0,100,100,100,100.000000,1600,4960,32.258065,10,10,10,10,104,4,0,4,100,4960,160,0,0,0,0,104,0,0,0,0,107,8136
3799,1,1,0,0,0,0,0,0,0,0,0,100,100,100,0,0,0,0,100,100,100,100.000000,1600,4960,32.258065,10,10,10,10,104,4,0,4,100,4960,160,0,0,0,0,104,0,0,0,0,107,8136
3800,1,1,0,0,0,0,0,0,0,0,0,100,100,100,0,0,0,0,100,100,100,100.000000,1600,4960,32.258065,10,10,10,10,104,4,0,4,100,4960,160,0,0,0,0,104,0,0,0,0,115,8136
3801,1,1,0,0,0,0,0,0,0,0,0,100,100,100,0,0,0,0,100,100,100,100.000000,1600,4960,32.258065,10,10,10,10,104,4,0,4,100,4960,160,0,0,0,0,104,0,0,0,0,126,8136
3802,1,1,0,0,0,0,0,0,0,0,0,100,100,100,0,0,0,0,100,100,100,100.000000,1600,4960,32.258065,10,10,10,10,104,4,0,4,100,4960,160,0,0,0,0,104,0,0,0,0,119,8136
3803,1,1,0,0,0,0,0,0,0,0,0,100,100,100,0,0,0,0,100,100,100,100.000000,1600,4960,32.258065,10,10,10,10,104,4,0,4,100,4960,160,0,0,0,0,104,0,0,0,0,114,8136
3804,1,1,0,0,0,0,0,0,0,0,0,100,100,100,0,0,0,0,100,100,100,100.000000,1600,4960,32.258065,10,10,10,10,104,4,0,4,100,4960,160,0,0,0,0,104,0,0,0,0,113,8136
3805,1,1,0,0,0,0,0,0,0,0,0,100,100,100,0,0,0,0,100,100,100,100.000000,1600,4960,32.258065,10,10,10,10,104,4,0,4,100,4960,160,0,0,0,0,104,0,0,0,0,111,8136
3806,1,1,0,0,0,0,0,0,0,0,0,100,100,100,0,0,0,0,100,100,100,100.000000,1600,4960,32.258065,10,10,10,10,104,4,0,4,100,4960,160,0,0,0,0,104,0,0,0,0,109,8136
3807,1,1,0,0,0,0,0,0,0,0,0,100,100,100,0,0,0,0,100,100,100,100.000000,1600,4960,32.258065,10,10,10,10,104,4,0,4,100,4960,160,0,0,0,0,104,0,0,0,0,109,8136
3808,1,1,0,0,0,0,0,0,0,0,0,100,100,100,0,0,0,0,100,100,100,100.000000,1600,4960,32.258065,10,10,10,10,104,4,0,4,100,4960,160,0,0,0,0,104,0,0,0,0,125,8136
3809,1,1,0,0,0,0,0,0,0,0,0,100,100,100,0,0,0,0,100,100,100,100.000000,1600,4960,32.258065,10,10,10,10,104,4,0,4,100,4960,160,0,0,0,0,104,0,0,0,0,128,8136
3810,1,1,0,0,0,0,0,0,0,0,0,100,100,100,0,0,0,0,100,100,100,100.000000,1600,4960,32.258065,10,10,10,10,104,4,0,4,100,4960,160,0,0,0,0,104,0,0,0,0,118,8136
3811,1,1,0,0,0,0,0,0,0,0,0,100,100,100,0,0,0,0,100,100,100,100.000000,1600,4960,32.258065,10,10,10,10,104,4,0,4,100,4960,160,0,0,0,0,104,0,0,0,0,112,8136
3812,1,1,0,0,0,0,0,0,0,0,0,100,100,100,0,0,0,0,100,100,100,100.000000,1600,4960,32.258065,10,10,10,10,104,4,0,4,100,4960,160,0,0,0,0,104,0,0,0,0,110,8136
3813,1,1,0,0,0,0,0,0,0,0,0,100,100,100,0,0,0,0,100,100,100,100.000000,1600,4960,32.258065,10,10,10,10,104,4,0,4,100,4960,160,0,0,0,0,104,0,0,0,0,112,8136
3814,1,1,0,0,0,0,0,0,0,0,0,100,100,100,0,0,0,0,100,100,100,100.000000,1600,4960,32.258065,10,10,10,10,104,4,0,4,100,4960,160,0,0,0,0,104,0,0,0,0,111,8136
3815,1,1,0,0,0,0,0,0,0,0,0,100,100,100,0,0,0,0,100,100,100,100.000000,1600,4960,32.258065,10,10,10,10,104,4,0,4,100,4960,160,0,0,0,0,104,0,0,0,0,107,8136
3816,1,1,0,0,0,0,0,0,0,0,0,100,100,100,0,0,0,0,100,100,100,100.000000,1600,4960,32.258065,10,10,10,10,104,4,0,4,100,4960,160,0,0,0,0,104,0,0,0,0,117,8136
3817,1,1,0,0,0,0,0,0,0,0,0,100,100,100,0,0,0,0,100,100,100,100.000000,1600,4960,32.258065,10,10,10,10,104,4,0,4,100,4960,160,0,0,0,0,104,0,0,0,0,119,8136
3818,1,1,0,0,0,0,0,0,0,0,0,100,100,100,0,0,0,0,100,100,100,100.000000,1600,4960,32.258065,10,10,10,10,104,4,0,4,100,4960,160,0,0,0,0,104,0,0,0,0,118,8136
3819,1,1,0,0,0,0,0,0,0,0,0,100,100,100,0,0,0,0,100,100,100,100.000000,1600,4960,32.258065,10,10,10,10,104,4,0,4,100,4960,160,0,0,0,0,104,0,0,0,0,104,8136
3820,1,1,0,0,0,0,0,0,0,0,0,100,100,100,0,0,0,0,100,100,100,100.000000,1600,4960,32.258065,10,10,10,10,104,4,0,4,100,4960,160,0,0,0,0,104,0,0,0,0,105,8136
3821,1,1,0,0,0,0,0,0,0,0,0,100,100,100,0,0,0,0,100,100,100,100.000000,1600,4960,32.258065,10,10,10,10,104,4,0,4,100,4960,160,0,0,0,0,104,0,0,0,0,107,8136
3822,1,1,0,0,0,0,0,0,0,0,0,100,100,100,0,0,0,0,100,100,100,100.000000,1600,4960,32.258065,10,10,10,10,104,4,0,4,100,4960,160,0,0,0,0,104,0,0,0,0,113,8136
3823,1,1,0,0,0,0,0,0,0,0,0,100,100,100,0,0,0,0,100,100,100,100.000000,1600,4960,32.258065,10,10,10,10,104,4,0,4,100,4960,160,0,0,0,0,104,0,0,0,0,109,8136
3824,1,1,0,0,0,0,0,0,0,0,0,100,100,100,0,0,0,0,100,100,100,100.000000,1600,4960,32.258065,10,10,10,10,104,4,0,4,100,4960,160,0,0,0,0,104,0,0,0,0,115,8136
3825,1,1,0,0,0,0,0,0,0,0,0,100,100,100,0,0,0,0,100,100,100,100.000000,1600,4960,32.258065,10,10,10,10,104,4,0,4,100,4960,160,0,0,0,0,104,0,0,0,0,113,8136
3826,1,1,0,0,0,0,0,0,0,0,0,100,100,100,0,0,0,0,100,100,100,100.000000,1600,4960,32.258065,10,10,10,10,104,4,0,4,100,4960,160,0,0,0,0,104,0,0,0,0,120,8136
3827,1,1,0,0,0,0,0,0,0,0,0,100,100,100,0,0,0,0,100,100,100,100.000000,1600,4960,32.258065,10,10,10,10,104,4,0,4,100,4960,160,0,0,0,0,104,0,0,0,0,112,8136
3828,1,1,0,0,0,0,0,0,0,0,0,100,100,100,0,0,0,0,100,100,100,100.000000,1600,4960,32.258065,10,10,10,10,104,4,0,4,100,4960,160,0,0,0,0,104,0,0,0,0,106,8136
3829,1,1,0,0,0,0,0,0,0,0,0,100,100,100,0,0,0,0,100,100,100,100.000000,1600,4960,32.258065,10,10,10,10,104,4,0,4,100,4960,160,0,0,0,0,104,0,0,0,0,120,8136
3830,1,1,0,0,0,0,0,0,0,0,0,100,100,100,0,0,0,0,100,100,100,100.000000,1600,4960,32.258065,10,10,10,10,104,4,0,4,100,4960,160,0,0,0,0,104,0,0,0,0,109,8136
3831,1,1,0,0,0,0,0,0,0,0,0,100,100,100,0,0,0,0,100,100,100,100.000000,1600,4960,32.258065,10,10,10,10,104,4,0,4,100,4960,160,0,0,0,0,104,0,0,0,0,104,8136
3832,1,1,0,0,0,0,0,0,0,0,0,100,100,100,0,0,0,0,100,100,100,100.000000,1600,4960,32.258065,10,10,10,10,104,4,0,4,100,4960,160,0,0,0,0,104,0,0,0,0,111,8136
3833,1,1,0,0,0,0,0,0,0,0,0,100,100,100,0,0,0,0,100,100,100,100.000000,1600,4960,32.258065,10,10,10,10,104,4,0,4,100,4960,160,0,0,0,0,104,0,0,0,0,114,8136
3834,1,1,0,0,0,0,0,0,0,0,0,100,100,100,0,0,0,0,100,100,100,100.000000,1600,4960,32.258065,10,10,10,10,104,4,0,4,100,4960,160,0,0,0,0,104,0,0,0,0,117,8136
3835,1,1,0,0,0,0,0,0,0,0,0,100,100,100,0,0,0,0,100,100,100,100.000000,1600,4960,32.258065,10,10,10,10,104,4,0,4,100,4960,160,0,0,0,0,104,0,0,0,0,111,8136
3836,1,1,0,0,0,0,0,0,0,0,0,100,100,100,0,0,0,0,100,100,100,100.000000,1600,4960,32.258065,10,10,10,10,104,4,0,4,100,4960,160,0,0,0,0,104,0,0,0,0,107,8136
3837,1,1,0,0,0,0,0,0,0,0,0,100,100,100,0,0,0,0,100,100,100,100.000000,1600,4960,32.258065,10,10,10,10,104,4,0,4,100,4960,160,0,0,0,0,104,0,0,0,0,107,8136
3838,1,1,0,0,0,0,0,0,0,0,0,100,100,100,0,0,0,0,100,100,100,100.000000,1600,4960,32.258065,10,10,10,10,104,4,0,4,100,4960,160,0,0,0,0,104,0,0,0,0,132,8136
3839,1,1,0,0,0,0,0,0,0,0,0,100,100,100,0,0,0,0,100,100,100,100.000000,1600,4960,32.258065,10,10,10,10,104,4,0,4,100,4960,160,0,0,0,0,104,0,0,0,0,109,8136
3840,1,1,0,0,0,0,0,0,0,0,0,100,100,100,0,0,0,0,100,100,100,100.000000,1600,4960,32.258065,10,10,10,10,104,4,0,4,100,4960,160,0,0,0,0,104,0,0,0,0,115,8136
3841,1,1,0,0,0,0,0,0,0,0,0,100,100,100,0,0,0,0,100,100,100,100.000000,1600,4960,32.258065,10,10,10,10,104,4,0,4,100,4960,160,0,0,0,0,104,0,0,0,0,113,8136
3842,1,1,0,0,0,0,0,0,0,0,0,100,100,100,0,0,0,0,100,100,100,100.000000,1600,4960,32.258065,10,10,10,10,104,4,0,4,100,4960,160,0,0,0,0,104,0,0,0,0,123,8136
3843,1,1,0,0,0,0,0,0,0,0,0,100,100,100,0,0,0,0,100,100,100,100.000000,1600,4960,32.258065,10,10,10,10,104,4,0,4,100,4960,160,0,0,0,0,104,0,0,0,0,115,8136
3844,1,1,0,0,0,0,0,0,0,0,0,100,100,100,0,0,0,0,100,100,100,100.000000,1600,4960,32.258065,10,10,10,10,104,4,0,4,100,4960,160,0,0,0,0,104,0,0,0,0,111,8136
3845,1,1,0,0,0,0,0,0,0,0,0,100,100,100,0,0,0,0,100,100,100,100.000000,1600,4960,32.258065,10,10,10,10,104,4,0,4,100,4960,160,0,0,0,0,104,0,0,0,0,111,8136
3846,1,1,0,0,0,0,0,0,0,0,0,100,100,100,0,0,0,0,100,100,100,100.000000,1600,4960,32.258065,10,10,10,10,104,4,0,4,100,4960,160,0,0,0,0,104,0,0,0,0,112,8136
3847,1,1,0,0,0,0,0,0,0,0,0,100,100,100,0,0,0,0,100,100,100,100.000000,1600,4960,32.258065,10,10,10,10,104,4,0,4,100,4960,160,0,0,0,0,104,0,0,0,0,107,8136
3848,1,1,0,0,0,0,0,0,0,0,0,100,100,100,0,0,0,0,100,100,100,100.000000,1600,4960,32.258065,10,10,10,10,104,4,0,4,100,4960,160,0,0,0,0,104,0,0,0,0,111,8136
3849,1,1,0,0,0,0,0,0,0,0,0,100,100,100,0,0,0,0,100,100,100,100.000000,1600,4960,32.258065,10,10,10,10,104,4,0,4,100,4960,160,0,0,0,0,104,0,0,0,0,113,8136
3850,1,1,0,0,0,0,0,0,0,0,0,100,100,100,0,0,0,0,100,100,100,100.000000,1600,4960,32.258065,10,10,10,10,104,4,0,4,100,4960,160,0,0,0,0,104,0,0,0,0,107,8136
3851,1,1,0,0,0,0,0,0,0,0,0,100,100,100,0,0,0,0,100,100,100,100.000000,1600,4960,32.258065,10,10,10,10,104,4,0,4,100,4960,160,0,0,0,0,104,0,0,0,0,103,8136
3852,1,1,0,0,0,0,0,0,0,0,0,100,100,100,0,0,0,0,100,100,100,100.000000,1600,4960,32.258065,10,10,10,10,104,4,0,4,100,4960,160,0,0,0,0,104,0,0,0,0,104,8136
3853,1,1,0,0,0,0,0,0,0,0,0,100,100,100,0,0,0,0,100,100,100,100.000000,1600,4960,32.258065,10,10,10,10,104,4,0,4,100,4960,160,0,0,0,0,104,0,0,0,0,109,8136
3854,1,1,0,0,0,0,0,0,0,0,0,100,100,100,0,0,0,0,100,100,100,100.000000,1600,4960,32.258065,10,10,10,10,104,4,0,4,100,4960,160,0,0,0,0,104,0,0,0,0,129,8136
3855,1,1,0,0,0,0,0,0,0,0,0,100,100,100,0,0,0,0,100,100,100,100.000000,1600,4960,32.258065,10,10,10,10,104,4,0,4,100,4960,160,0,0,0,0,104,0,0,0,0,116,8136
3856,1,1,0,0,0,0,0,0,0,0,0,100,100,100,0,0,0,0,100,100,100,100.000000,1600,4960,32.258065,10,10,10,10,104,4,0,4,100,4960,160,0,0,0,0,104,0,0,0,0,119,8136
3857,1,1,0,0,0,0,0,0,0,0,0,100,100,100,0,0,0,0,100,100,100,100.000000,1600,4960,32.258065,10,10,10,10,104,4,0,4,100,4960,160,0,0,0,0,104,0,0,0,0,132,8136
3858,1,1,0,0,0,0,0,0,0,0,0,100,100,100,0,0,0,0,100,100,100,100.000000,1600,4960,32.258065,10,10,10,10,104,4,0,4,100,4960,160,0,0,0,0,104,0,0,0,0,112,8136
3859,1,1,0,0,0,0,0,0,0,0,0,100,100,100,0,0,0,0,100,100,100,100.000000,1600,4960,32.258065,10,10,10,10,104,4,0,4,100,4960,160,0,0,0,0,104,0,0,0,0,110,8136
3860,1,1,0,0,0,0,0,0,0,0,0,100,100,100,0,0,0,0,100,100,100,100.000000,1600,4960,32.258065,10,10,10,10,104,4,0,4,100,4960,160,0,0,0,0,104,0,0,0,0,109,8136
3861,1,1,0,0,0,0,0,0,0,0,0,100,100,100,0,0,0,0,100,100,100,100.000000,1600,4960,32.258065,10,10,10,10,104,4,0,4,100,4960,160,0,0,0,0,104,0,0,0,0,108,8136
3862,1,1,0,0,0,0,0,0,0,0,0,100,100,100,0,0,0,0,100,100,100,100.000000,1600,4960,32.258065,10,10,10,10,104,4,0,4,100,4960,160,0,0,0,0,104,0,0,0,0,111,8136
3863,1,1,0,0,0,0,0,0,0,0,0,100,100,100,0,0,0,0,100,100,100,100.000000,1600,4960,32.258065,10,10,10,10,104,4,0,4,100,4960,160,0,0,0,0,104,0,0,0,0,108,8136
3864,1,1,0,0,0,0,0,0,0,0,0,100,100,100,0,0,0,0,100,100,100,100.000000,1600,4960,32.258065,10,10,10,10,104,4,0,4,100,4960,160,0,0,0,0,104,0,0,0,0,115,8136
3865,1,1,0,0,0,0,0,0,0,0,0,100,100,100,0,0,0,0,100,100,100,100.000000,1600,4960,32.258065,10,10,10,10,104,4,0,4,100,4960,160,0,0,0,0,104,0,0,0,0,146,8136
3866,1,1,0,0,0,0,0,0,0,0,0,100,100,100,0,0,0,0,100,100,100,100.000000,1600,4960,32.258065,10,10,10,10,104,4,0,4,100,4960,160,0,0,0,0,104,0,0,0,0,116,8136
3867,1,1,0,0,0,0,0,0,0,0,0,100,100,100,0,0,0,0,100,100,100,100.000000,1600,4960,32.258065,10,10,10,10,104,4,0,4,100,4960,160,0,0,0,0,104,0,0,0,0,109,8136
3868,1,1,0,0,0,0,0,0,0,0,0,100,100,100,0,0,0,0,100,100,100,100.000000,1600,4960,32.258065,10,10,10,10,104,4,0,4,100,4960,160,0,0,0,0,104,0,0,0,0,109,8136
3869,1,1,0,0,0,0,0,0,0,0,0,100,100,100,0,0,0,0,100,100,100,100.000000,1600,4960,32.258065,10,10,10,10,104,4,0,4,100,4960,160,0,0,0,0,104,0,0,0,0,107,8136
3870,1,1,0,0,0,0,0,0,0,0,0,100,100,100,0,0,0,0,100,100,100,100.000000,1600,4960,32.258065,10,10,10,10,104,4,0,4,100,4960,160,0,0,0,0,104,0,0,0,0,110,8136
3871,1,1,0,0,0,0,0,0,0,0,0,100,100,100,0,0,0,0,100,100,100,100.000000,1600,4960,32.258065,10,10,10,10,104,4,0,4,100,4960,160,0,0,0,0,104,0,0,0,0,109,8136
3872,1,1,0,0,0,0,0,0,0,0,0,100,100,100,0,0,0,0,100,100,100,100.000000,1600,4960,32.258065,10,10,10,10,104,4,0,4,100,4960,160,0,0,0,0,104,0,0,0,0,116,8136
3873,1,1,0,0,0,0,0,0,0,0,0,100,100,100,0,0,0,0,100,100,100,100.000000,1600,4960,32.258065,10,10,10,10,104,4,0,4,100,4960,160,0,0,0,0,104,0,0,0,0,118,8136
3874,1,1,0,0,0,0,0,0,0,0,0,100,100,100,0,0,0,0,100,100,100,100.000000,1600,4960,32.258065,10,10,10,10,104,4,0,4,100,4960,160,0,0,0,0,104,0,0,0,0,120,8136
3875,1,1,0,0,0,0,0,0,0,0,0,100,100,100,0,0,0,0,100,100,100,100.000000,1600,4960,32.258065,10,10,10,10,104,4,0,4,100,4960,160,0,0,0,0,104,0,0,0,0,101,8136
3876,1,1,0,0,0,0,0,0,0,0,0,100,100,100,0,0,0,0,100,100,100,100.000000,1600,4960,32.258065,10,10,10,10,104,4,0,4,100,4960,160,0,0,0,0,104,0,0,0,0,114,8136
3877,1,1,0,0,0,0,0,0,0,0,0,100,100,100,0,0,0,0,100,100,100,100.000000,1600,4960,32.258065,10,10,10,10,104,4,0,4,100,4960,160,0,0,0,0,104,0,0,0,0,114,8136
3878,1,1,0,0,0,0,0,0,0,0,0,100,100,100,0,0,0,0,100,100,100,100.000000,1600,4960,32.258065,10,10,10,10,104,4,0,4,100,4960,160,0,0,0,0,104,0,0,0,0,124,8136
3879,1,1,0,0,0,0,0,0,0,0,0,100,100,100,0,0,0,0,100,100,100,100.000000,1600,4960,32.258065,10,10,10,10,104,4,0,4,100,4960,160,0,0,0,0,104,0,0,0,0,101,8136
3880,1,1,0,0,0,0,0,0,0,0,0,100,100,100,0,0,0,0,100,100,100,100.000000,1600,4960,32.258065,10,10,10,10,104,4,0,4,100,4960,160,0,0,0,0,104,0,0,0,0,115,8136
3881,1,1,0,0,0,0,0,0,0,0,0,100,100,100,0,0,0,0,100,100,100,100.000000,1600,4960,32.258065,10,10,10,10,104,4,0,4,100,4960,160,0,0,0,0,104,0,0,0,0,115,8136
3882,1,1,0,0,0,0,0,0,0,0,0,100,100,100,0,0,0,0,100,100,100,100.000000,1600,4960,32.258065,10,10,10,10,104,4,0,4,100,4960,160,0,0,0,0,104,0,0,0,0,110,8136
3883,1,1,0,0,0,0,0,0,0,0,0,100,100,100,0,0,0,0,100,100,100,100.000000,1600,4960,32.258065,10,10,10,10,104,4,0,4,100,4960,160,0,0,0,0,104,0,0,0,0,98,8136
3884,1,1,0,0,0,0,0,0,0,0,0,100,100,100,0,0,0,0,100,100,100,100.000000,1600,4960,32.258065,10,10,10,10,104,4,0,4,100,4960,160,0,0,0,0,104,0,0,0,0,110,8136
3885,1,1,0,0,0,0,0,0,0,0,0,100,100,100,0,0,0,0,100,100,100,100.000000,1600,4960,32.258065,10,10,10,10,104,4,0,4,100,4960,160,0,0,0,0,104,0,0,0,0,106,8136
3886,1,1,0,0,0,0,0,0,0,0,0,100,100,100,0,0,0,0,100,100,100,100.000000,1600,4960,32.258065,10,10,10,10,104,4,0,4,100,4960,160,0,0,0,0,104,0,0,0,0,115,8136
3887,1,1,0,0,0,0,0,0,0,0,0,100,100,100,0,0,0,0,100,100,100,100.000000,1600,4960,32.258065,10,10,10,10,104,4,0,4,100,4960,160,0,0,0,0,104,0,0,0,0,104,8136
3888,1,1,0,0,0,0,0,0,0,0,0,100,100,100,0,0,0,0,100,100,100,100.000000,1600,4960,32.258065,10,10,10,10,104,4,0,4,100,4960,160,0,0,0,0,104,0,0,0,0,119,8136
3889,1,1,0,0,0,0,0,0,0,0,0,100,100,100,0,0,0,0,100,100,100,100.000000,1600,4960,32.258065,10,10,10,10,104,4,0,4,100,4960,160,0,0,0,0,104,0,0,0,0,117,8136
3890,1,1,0,0,0,0,0,0,0,0,0,100,100,100,0,0,0,0,100,100,100,100.000000,1600,4960,32.258065,10,10,10,10,104,4,0,4,100,4960,160,0,0,0,0,104,0,0,0,0,114,8136
3891,1,1,0,0,0,0,0,0,0,0,0,100,100,100,0,0,0,0,100,100,100,100.000000,1600,4960,32.258065,10,10,10,10,104,4,0,4,100,4960,160,0,0,0,0,104,0,0,0,0,101,8136
3892,1,1,0,0,0,0,0,0,0,0,0,100,100,100,0,0,0,0,100,100,100,100.000000,1600,4960,32.258065,10,10,10,10,104,4,0,4,100,4960,160,0,0,0,0,104,0,0,0,0,118,8136
3893,1,1,0,0,0,0,0,0,0,0,0,100,100,100,0,0,0,0,100,100,100,100.000000,1600,4960,32.258065,10,10,10,10,104,4,0,4,100,4960,160,0,0,0,0,104,0,0,0,0,107,8136
3894,1,1,0,0,0,0,0,0,0,0,0,100,100,100,0,0,0,0,100,100,100,100.000000,1600,4960,32.258065,10,10,10,10,104,4,0,4,100,4960,160,0,0,0,0,104,0,0,0,0,113,8136
3895,1,1,0,0,0,0,0,0,0,0,0,100,100,100,0,0,0,0,100,100,100,100.000000,1600,4960,32.258065,10,10,10,10,104,4,0,4,100,4960,160,0,0,0,0,104,0,0,0,0,108,8136
3896,1,1,0,0,0,0,0,0,0,0,0,100,100,100,0,0,0,0,100,100,100,100.000000,1600,4960,32.258065,10,10,10,10,104,4,0,4,100,4960,160,0,0,0,0,104,0,0,0,0,114,8136
3897,1,1,0,0,0,0,0,0,0,0,0,100,100,100,0,0,0,0,100,100,100,100.000000,1600,4960,32.258065,10,10,10,10,104,4,0,4,100,4960,160,0,0,0,0,104,0,0,0,0,112,8136
3898,1,1,0,0,0,0,0,0,0,0,0,100,100,100,0,0,0,0,100,100,100,100.000000,1600,4960,32.258065,10,10,10,10,104,4,0,4,100,4960,160,0,0,0,0,104,0,0,0,0,112,8136
3899,1,1,0,0,0,0,0,0,0,0,0,100,100,100,0,0,0,0,100,100,100,100.000000,1600,4960,32.258065,10,10,10,10,104,4,0,4,100,4960,160,0,0,0,0,104,0,0,0,0,111,8136
3900,1,1,0,0,0,0,0,0,0,0,0,100,100,100,0,0,0,0,100,100,100,100.000000,1600,4960,32.258065,10,10,10,10,104,4,0,4,100,4960,160,0,0,0,0,104,0,0,0,0,113,8136
3901,1,1,0,0,0,0,0,0,0,0,0,100,100,100,0,0,0,0,100,100,100,100.000000,1600,4960,32.258065,10,10,10,10,104,4,0,4,100,4960,160,0,0,0,0,104,0,0,0,0,119,8136
3902,1,1,0,0,0,0,0,0,0,0,0,100,100,100,0,0,0,0,100,100,100,100.000000,1600,4960,32.258065,10,10,10,10,104,4,0,4,100,4960,160,0,0,0,0,104,0,0,0,0,117,8136
3903,1,1,0,0,0,0,0,0,0,0,0,100,100,100,0,0,0,0,100,100,100,100.000000,1600,4960,32.258065,10,10,10,10,104,4,0,4,100,4960,160,0,0,0,0,104,0,0,0,0,102,8136
3904,1,1,0,0,0,0,0,0,0,0,0,100,100,100,0,0,0,0,100,100,100,100.000000,1600,4960,32.258065,10,10,10,10,104,4,0,4,100,4960,160,0,0,0,0,104,0,0,0,0,111,8136
3905,1,1,0,0,0,0,0,0,0,0,0,100,100,100,0,0,0,0,100,100,100,100.000000,1600,4960,32.258065,10,10,10,10,104,4,0,4,100,4960,160,0,0,0,0,104,0,0,0,0,114,8136
3906,1,1,0,0,0,0,0,0,0,0,0,100,100,100,0,0,0,0,100,100,100,100.000000,1600,4960,32.258065,10,10,10,10,104,4,0,4,100,4960,160,0,0,0,0,104,0,0,0,0,107,8136
3907,1,1,0,0,0,0,0,0,0,0,0,100,100,100,0,0,0,0,100,100,100,100.000000,1600,4960,32.258065,10,10,10,10,104,4,0,4,100,4960,160,0,0,0,0,104,0,0,0,0,129,8136
3908,1,1,0,0,0,0,0,0,0,0,0,100,100,100,0,0,0,0,100,100,100,100.000000,1600,4960,32.258065,10,10,10,10,104,4,0,4,100,4960,160,0,0,0,0,104,0,0,0,0,107,8136
3909,1,1,0,0,0,0,0,0,0,0,0,100,100,100,0,0,0,0,100,100,100,100.000000,1600,4960,32.258065,10,10,10,10,104,4,0,4,100,4960,160,0,0,0,0,104,0,0,0,0,105,8136
3910,1,1,0,0,0,0,0,0,0,0,0,100,100,100,0,0,0,0,100,100,100,100.000000,1600,4960,32.258065,10,10,10,10,104,4,0,4,100,4960,160,0,0,0,0,104,0,0,0,0,108,8136
3911,1,1,0,0,0,0,0,0,0,0,0,100,100,100,0,0,0,0,100,100,100,100.000000,1600,4960,32.258065,10,10,10,10,104,4,0,4,100,4960,160,0,0,0,0,104,0,0,0,0,106,8136
3912,1,1,0,0,0,0,0,0,0,0,0,100,100,100,0,0,0,0,100,100,100,100.000000,1600,4960,32.258065,10,10,10,10,104,4,0,4,100,4960,160,0,0,0,0,104,0,0,0,0,112,8136
3913,1,1,0,0,0,0,0,0,0,0,0,100,100,100,0,0,0,0,100,100,100,100.000000,1600,4960,32.258065,10,10,10,10,104,4,0,4,100,4960,160,0,0,0,0,104,0,0,0,0,117,8136
3914,1,1,0,0,0,0,0,0,0,0,0,100,100,100,0,0,0,0,100,100,100,100.000000,1600,4960,32.258065,10,10,10,10,104,4,0,4,100,4960,160,0,0,0,0,104,0,0,0,0,122,8136
3915,1,1,0,0,0,0,0,0,0,0,0,100,100,100,0,0,0,0,100,100,100,100.000000,1600,4960,32.258065,10,10,10,10,104,4,0,4,100,4960,160,0,0,0,0,104,0,0,0,0,109,8136
3916,1,1,0,0,0,0,0,0,0,0,0,100,100,100,0,0,0,0,100,100,100,100.000000,1600,4960,32.258065,10,10,10,10,104,4,0,4,100,4960,160,0,0,0,0,104,0,0,0,0,116,8136
3917,1,1,0,0,0,0,0,0,0,0,0,100,100,100,0,0,0,0,100,100,100,100.000000,1600,4960,32.258065,10,10,10,10,104,4,0,4,100,4960,160,0,0,0,0,104,0,0,0,0,136,8136
3918,1,1,0,0,0,0,0,0,0,0,0,100,100,100,0,0,0,0,100,100,100,100.000000,1600,4960,32.258065,10,10,10,10,104,4,0,4,100,4960,160,0,0,0,0,104,0,0,0,0,109,8136
3919,1,1,0,0,0,0,0,0,0,0,0,100,100,100,0,0,0,0,100,100,100,100.000000,1600,4960,32.258065,10,10,10,10,104,4,0,4,100,4960,160,0,0,0,0,104,0,0,0,0,109,8136
3920,1,1,0,0,0,0,0,0,0,0,0,100,100,100,0,0,0,0,100,100,100,100.000000,1600,4960,32.258065,10,10,10,10,104,4,0,4,100,4960,160,0,0,0,0,104,0,0,0,0,115,8136
3921,1,1,0,0,0,0,0,0,0,0,0,100,100,100,0,0,0,0,100,100,100,100.000000,1600,4960,32.258065,10,10,10,10,104,4,0,4,100,4960,160,0,0,0,0,104,0,0,0,0,120,8136
3922,1,1,0,0,0,0,0,0,0,0,0,100,100,100,0,0,0,0,100,100,100,100.000000,1600,4960,32.258065,10,10,10,10,104,4,0,4,100,4960,160,0,0,0,0,104,0,0,0,0,117,8136
3923,1,1,0,0,0,0,0,0,0,0,0,100,100,100,0,0,0,0,100,100,100,100.000000,1600,4960,32.258065,10,10,10,10,104,4,0,4,100,4960,160,0,0,0,0,104,0,0,0,0,111,8136
3924,1,1,0,0,0,0,0,0,0,0,0,100,100,100,0,0,0,0,100,100,100,100.000000,1600,4960,32.258065,10,10,10,10,104,4,0,4,100,4960,160,0,0,0,0,104,0,0,0,0,103,8136
3925,1,1,0,0,0,0,0,0,0,0,0,100,100,100,0,0,0,0,100,100,100,100.000000,1600,4960,32.258065,10,10,10,10,104,4,0,4,100,4960,160,0,0,0,0,104,0,0,0,0,108,8136
3926,1,1,0,0,0,0,0,0,0,0,0,100,100,100,0,0,0,0,100,100,100,100.000000,1600,4960,32.258065,10,10,10,10,104,4,0,4,100,4960,160,0,0,0,0,104,0,0,0,0,109,8136
3927,1,1,0,0,0,0,0,0,0,0,0,100,100,100,0,0,0,0,100,100,100,100.000000,1600,4960,32.258065,10,10,10,10,104,4,0,4,100,4960,160,0,0,0,0,104,0,0,0,0,110,8136
3928,1,1,0,0,0,0,0,0,0,0,0,100,100,100,0,0,0,0,100,100,100,100.000000,1600,4960,32.258065,10,10,10,10,104,4,0,4,100,4960,160,0,0,0,0,104,0,0,0,0,116,8136
3929,1,1,0,0,0,0,0,0,0,0,0,100,100,100,0,0,0,0,100,100,100,100.000000,1600,4960,32.258065,10,10,10,10,104,4,0,4,100,4960,160,0,0,0,0,104,0,0,0,0,118,8136
3930,1,1,0,0,0,0,0,0,0,0,0,100,100,100,0,0,0,0,100,100,100,100.000000,1600,4960,32.258065,10,10,10,10,104,4,0,4,100,4960,160,0,0,0,0,104,0,0,0,0,118,8136
3931,1,1,0,0,0,0,0,0,0,0,0,100,100,100,0,0,0,0,100,100,100,100.000000,1600,4960,32.258065,10,10,10,10,104,4,0,4,100,4960,160,0,0,0,0,104,0,0,0,0,107,8136
3932,1,1,0,0,0,0,0,0,0,0,0,100,100,100,0,0,0,0,100,100,100,100.000000,1600,4960,32.258065,10,10,10,10,104,4,0,4,100,4960,160,0,0,0,0,104,0,0,0,0,112,8136
3933,1,1,0,0,0,0,0,0,0,0,0,100,100,100,0,0,0,0,100,100,100,100.000000,1600,4960,32.258065,10,10,10,10,104,4,0,4,100,4960,160,0,0,0,0,104,0,0,0,0,112,8136
3934,1,1,0,0,0,0,0,0,0,0,0,100,100,100,0,0,0,0,100,100,100,100.000000,1600,4960,32.258065,10,10,10,10,104,4,0,4,100,4960,160,0,0,0,0,104,0,0,0,0,110,8136
3935,1,1,0,0,0,0,0,0,0,0,0,100,100,100,0,0,0,0,100,100,100,100.000000,1600,4960,32.258065,10,10,10,10,104,4,0,4,100,4960,160,0,0,0,0,104,0,0,0,0,111,8136
3936,1,1,0,0,0,0,0,0,0,0,0,100,100,100,0,0,0,0,100,100,100,100.000000,1600,4960,32.258065,10,10,10,10,104,4,0,4,100,4960,160,0,0,0,0,104,0,0,0,0,112,8136
3937,1,1,0,0,0,0,0,0,0,0,0,100,100,100,0,0,0,0,100,100,100,100.000000,1600,4960,32.258065,10,10,10,10,104,4,0,4,100,4960,160,0,0,0,0,104,0,0,0,0,126,8136
3938,1,1,0,0,0,0,0,0,0,0,0,100,100,100,0,0,0,0,100,100,100,100.000000,1600,4960,32.258065,10,10,10,10,104,4,0,4,100,4960,160,0,0,0,0,104,0,0,0,0,118,8136
3939,1,1,0,0,0,0,0,0,0,0,0,100,100,100,0,0,0,0,100,100,100,100.000000,1600,4960,32.258065,10,10,10,10,104,4,0,4,100,4960,160,0,0,0,0,104,0,0,0,0,107,8136
3940,1,1,0,0,0,0,0,0,0,0,0,100,100,100,0,0,0,0,100,100,100,100.000000,1600,4960,32.258065,10,10,10,10,104,4,0,4,100,4960,160,0,0,0,0,104,0,0,0,0,109,8136
3941,1,1,0,0,0,0,0,0,0,0,0,100,100,100,0,0,0,0,100,100,100,100.000000,1600,4960,32.258065,10,10,10,10,104,4,0,4,100,4960,160,0,0,0,0,104,0,0,0,0,106,8136
3942,1,1,0,0,0,0,0,0,0,0,0,100,100,100,0,0,0,0,100,100,100,100.000000,1600,4960,32.258065,10,10,10,10,104,4,0,4,100,4960,160,0,0,0,0,104,0,0,0,0,111,8136
3943,1,1,0,0,0,0,0,0,0,0,0,100,100,100,0,0,0,0,100,100,100,100.000000,1600,4960,32.258065,10,10,10,10,104,4,0,4,100,4960,160,0,0,0,0,104,0,0,0,0,108,8136
3944,1,1,0,0,0,0,0,0,0,0,0,100,100,100,0,0,0,0,100,100,100,100.000000,1600,4960,32.258065,10,10,10,10,104,4,0,4,100,4960,160,0,0,0,0,104,0,0,0,0,123,8136
3945,1,1,0,0,0,0,0,0,0,0,0,100,100,100,0,0,0,0,100,100,100,100.000000,1600,4960,32.258065,10,10,10,10,104,4,0,4,100,4960,160,0,0,0,0,104,0,0,0,0,121,8136
3946,1,1,0,0,0,0,0,0,0,0,0,100,100,100,0,0,0,0,100,100,100,100.000000,1600,4960,32.258065,10,10,10,10,104,4,0,4,100,4960,160,0,0,0,0,104,0,0,0,0,107,8136
3947,1,1,0,0,0,0,0,0,0,0,0,100,100,100,0,0,0,0,100,100,100,100.000000,1600,4960,32.258065,10,10,10,10,104,4,0,4,100,4960,160,0,0,0,0,104,0,0,0,0,107,8136
3948,1,1,0,0,0,0,0,0,0,0,0,100,100,100,0,0,0,0,100,100,100,100.000000,1600,4960,32.258065,10,10,10,10,104,4,0,4,100,4960,160,0,0,0,0,104,0,0,0,0,109,8136
3949,1,1,0,0,0,0,0,0,0,0,0,100,100,100,0,0,0,0,100,100,100,100.000000,1600,4960,32.258065,10,10,10,10,104,4,0,4,100,4960,160,0,0,0,0,104,0,0,0,0,106,8136
3950,1,1,0,0,0,0,0,0,0,0,0,100,100,100,0,0,0,0,100,100,100,100.000000,1600,4960,32.258065,10,10,10,10,104,4,0,4,100,4960,160,0,0,0,0,104,0,0,0,0,107,8136
3951,1,1,0,0,0,0,0,0,0,0,0,100,100,100,0,0,0,0,100,100,100,100.000000,1600,4960,32.258065,10,10,10,10,104,4,0,4,100,4960,160,0,0,0,0,104,0,0,0,0,102,8136
3952,1,1,0,0,0,0,0,0,0,0,0,100,100,100,0,0,0,0,100,100,100,100.000000,1600,4960,32.258065,10,10,10,10,104,4,0,4,100,4960,160,0,0,0,0,104,0,0,0,0,109,8136
3953,1,1,0,0,0,0,0,0,0,0,0,100,100,100,0,0,0,0,100,100,100,100.000000,1600,4960,32.258065,10,10,10,10,104,4,0,4,100,4960,160,0,0,0,0,104,0,0,0,0,129,8136
3954,1,1,0,0,0,0,0,0,0,0,0,100,100,100,0,0,0,0,100,100,100,100.000000,1600,4960,32.258065,10,10,10,10,104,4,0,4,100,4960,160,0,0,0,0,104,0,0,0,0,113,8136
3955,1,1,0,0,0,0,0,0,0,0,0,100,100,100,0,0,0,0,100,100,100,100.000000,1600,4960,32.258065,10,10,10,10,104,4,0,4,100,4960,160,0,0,0,0,104,0,0,0,0,129,8136
3956,1,1,0,0,0,0,0,0,0,0,0,100,100,100,0,0,0,0,100,100,100,100.000000,1600,4960,32.258065,10,10,10,10,104,4,0,4,100,4960,160,0,0,0,0,104,0,0,0,0,105,8136
3957,1,1,0,0,0,0,0,0,0,0,0,100,100,100,0,0,0,0,100,100,100,100.000000,1600,4960,32.258065,10,10,10,10,104,4,0,4,100,4960,160,0,0,0,0,104,0,0,0,0,127,8136
3958,1,1,0,0,0,0,0,0,0,0,0,100,100,100,0,0,0,0,100,100,100,100.000000,1600,4960,32.258065,10,10,10,10,104,4,0,4,100,4960,160,0,0,0,0,104,0,0,0,0,117,8136
3959,1,1,0,0,0,0,0,0,0,0,0,100,100,100,0,0,0,0,100,100,100,100.000000,1600,4960,32.258065,10,10,10,10,104,4,0,4,100,4960,160,0,0,0,0,104,0,0,0,0,122,8136
3960,1,1,0,0,0,0,0,0,0,0,0,100,100,100,0,0,0,0,100,100,100,100.000000,1600,4960,32.258065,10,10,10,10,104,4,0,4,100,4960,160,0,0,0,0,104,0,0,0,0,109,8136
3961,1,1,0,0,0,0,0,0,0,0,0,100,100,100,0,0,0,0,100,100,100,100.000000,1600,4960,32.258065,10,10,10,10,104,4,0,4,100,4960,160,0,0,0,0,104,0,0,0,0,109,8136
3962,1,1,0,0,0,0,0,0,0,0,0,100,100,100,0,0,0,0,100,100,100,100.000000,1600,4960,32.258065,10,10,10,10,104,4,0,4,100,4960,160,0,0,0,0,104,0,0,0,0,110,8136
3963,1,1,0,0,0,0,0,0,0,0,0,100,100,100,0,0,0,0,100,100,100,100.000000,1600,4960,32.258065,10,10,10,10,104,4,0,4,100,4960,160,0,0,0,0,104,0,0,0,0,105,8136
3964,1,1,0,0,0,0,0,0,0,0,0,100,100,100,0,0,0,0,100,100,100,100.000000,1600,4960,32.258065,10,10,10,10,104,4,0,4,100,4960,160,0,0,0,0,104,0,0,0,0,107,8136
3965,1,1,0,0,0,0,0,0,0,0,0,100,100,100,0,0,0,0,100,100,100,100.000000,1600,4960,32.258065,10,10,10,10,104,4,0,4,100,4960,160,0,0,0,0,104,0,0,0,0,117,8136
3966,1,1,0,0,0,0,0,0,0,0,0,100,100,100,0,0,0,0,100,100,100,100.000000,1600,4960,32.258065,10,10,10,10,104,4,0,4,100,4960,160,0,0,0,0,104,0,0,0,0,130,8136
3967,1,1,0,0,0,0,0,0,0,0,0,100,100,100,0,0,0,0,100,100,100,100.000000,1600,4960,32.258065,10,10,10,10,104,4,0,4,100,4960,160,0,0,0,0,104,0,0,0,0,113,8136
3968,1,1,0,0,0,0,0,0,0,0,0,100,100,100,0,0,0,0,100,100,100,100.000000,1600,4960,32.258065,10,10,10,10,104,4,0,4,100,4960,160,0,0,0,0,104,0,0,0,0,118,8136
3969,1,1,0,0,0,0,0,0,0,0,0,100,100,100,0,0,0,0,100,100,100,100.000000,1600,4960,32.258065,10,10,10,10,104,4,0,4,100,4960,160,0,0,0,0,104,0,0,0,0,128,8136
3970,1,1,0,0,0,0,0,0,0,0,0,100,100,100,0,0,0,0,100,100,100,100.000000,1600,4960,32.258065,10,10,10,10,104,4,0,4,100,4960,160,0,0,0,0,104,0,0,0,0,115,8136
3971,1,1,0,0,0,0,0,0,0,0,0,100,100,100,0,0,0,0,100,100,100,100.000000,1600,4960,32.258065,10,10,10,10,104,4,0,4,100,4960,160,0,0,0,0,104,0,0,0,0,118,8136
3972,1,1,0,0,0,0,0,0,0,0,0,100,100,100,0,0,0,0,100,100,100,100.000000,1600,4960,32.258065,10,10,10,10,104,4,0,4,100,4960,160,0,0,0,0,104,0,0,0,0,113,8136
3973,1,1,0,0,0,0,0,0,0,0,0,100,100,100,0,0,0,0,100,100,100,100.000000,1600,4960,32.258065,10,10,10,10,104,4,0,4,100,4960,160,0,0,0,0,104,0,0,0,0,125,8136
3974,1,1,0,0,0,0,0,0,0,0,0,100,100,100,0,0,0,0,100,100,100,100.000000,1600,4960,32.258065,10,10,10,10,104,4,0,4,100,4960,160,0,0,0,0,104,0,0,0,0,121,8136
3975,1,1,0,0,0,0,0,0,0,0,0,100,100,100,0,0,0,0,100,100,100,100.000000,1600,4960,32.258065,10,10,10,10,104,4,0,4,100,4960,160,0,0,0,0,104,0,0,0,0,113,8136
3976,1,1,0,0,0,0,0,0,0,0,0,100,100,100,0,0,0,0,100,100,100,100.000000,1600,4960,32.258065,10,10,10,10,104,4,0,4,100,4960,160,0,0,0,0,104,0,0,0,0,125,8136
3977,1,1,0,0,0,0,0,0,0,0,0,100,100,100,0,0,0,0,100,100,100,100.000000,1600,4960,32.258065,10,10,10,10,104,4,0,4,100,4960,160,0,0,0,0,104,0,0,0,0,122,8136
3978,1,1,0,0,0,0,0,0,0,0,0,100,100,100,0,0,0,0,100,100,100,100.000000,1600,4960,32.258065,10,10,10,10,104,4,0,4,100,4960,160,0,0,0,0,104,0,0,0,0,121,8136
3979,1,1,0,0,0,0,0,0,0,0,0,100,100,100,0,0,0,0,100,100,100,100.000000,1600,4960,32.258065,10,10,10,10,104,4,0,4,100,4960,160,0,0,0,0,104,0,0,0,0,111,8136
3980,1,1,0,0,0,0,0,0,0,0,0,100,100,100,0,0,0,0,100,100,100,100.000000,1600,4960,32.258065,10,10,10,10,104,4,0,4,100,4960,160,0,0,0,0,104,0,0,0,0,113,8136
3981,1,1,0,0,0,0,0,0,0,0,0,100,100,100,0,0,0,0,100,100,100,100.000000,1600,4960,32.258065,10,10,10,10,104,4,0,4,100,4960,160,0,0,0,0,104,0,0,0,0,111,8136
3982,1,1,0,0,0,0,0,0,0,0,0,100,100,100,0,0,0,0,100,100,100,100.000000,1600,4960,32.258065,10,10,10,10,104,4,0,4,100,4960,160,0,0,0,0,104,0,0,0,0,110,8136
3983,1,1,0,0,0,0,0,0,0,0,0,100,100,100,0,0,0,0,100,100,100,100.000000,1600,4960,32.258065,10,10,10,10,104,4,0,4,100,4960,160,0,0,0,0,104,0,0,0,0,113,8136
3984,1,1,0,0,0,0,0,0,0,0,0,100,100,100,0,0,0,0,100,100,100,100.000000,1600,4960,32.258065,10,10,10,10,104,4,0,4,100,4960,160,0,0,0,0,104,0,0,0,0,114,8136
3985,1,1,0,0,0,0,0,0,0,0,0,100,100,100,0,0,0,0,100,100,100,100.000000,1600,4960,32.258065,10,10,10,10,104,4,0,4,100,4960,160,0,0,0,0,104,0,0,0,0,112,8136
3986,1,1,0,0,0,0,0,0,0,0,0,100,100,100,0,0,0,0,100,100,100,100.000000,1600,4960,32.258065,10,10,10,10,104,4,0,4,100,4960,160,0,0,0,0,104,0,0,0,0,116,8136
3987,1,1,0,0,0,0,0,0,0,0,0,100,100,100,0,0,0,0,100,100,100,100.000000,1600,4960,32.258065,10,10,10,10,104,4,0,4,100,4960,160,0,0,0,0,104,0,0,0,0,113,8136
3988,1,1,0,0,0,0,0,0,0,0,0,100,100,100,0,0,0,0,100,100,100,100.000000,1600,4960,32.258065,10,10,10,10,104,4,0,4,100,4960,160,0,0,0,0,104,0,0,0,0,113,8136
3989,1,1,0,0,0,0,0,0,0,0,0,100,100,100,0,0,0,0,100,100,100,100.000000,1600,4960,32.258065,10,10,10,10,104,4,0,4,100,4960,160,0,0,0,0,104,0,0,0,0,113,8136
3990,1,1,0,0,0,0,0,0,0,0,0,100,100,100,0,0,0,0,100,100,100,100.000000,1600,4960,32.258065,10,10,10,10,104,4,0,4,100,4960,160,0,0,0,0,104,0,0,0,0,111,8136
3991,1,1,0,0,0,0,0,0,0,0,0,100,100,100,0,0,0,0,100,100,100,100.000000,1600,4960,32.258065,10,10,10,10,104,4,0,4,100,4960,160,0,0,0,0,104,0,0,0,0,115,8136
3992,1,1,0,0,0,0,0,0,0,0,0,100,100,100,0,0,0,0,100,100,100,100.000000,1600,4960,32.258065,10,10,10,10,104,4,0,4,100,4960,160,0,0,0,0,104,0,0,0,0,111,8136
3993,1,1,0,0,0,0,0,0,0,0,0,100,100,100,0,0,0,0,100,100,100,100.000000,1600,4960,32.258065,10,10,10,10,104,4,0,4,100,4960,160,0,0,0,0,104,0,0,0,0,115,8136
3994,1,1,0,0,0,0,0,0,0,0,0,100,100,100,0,0,0,0,100,100,100,100.000000,1600,4960,32.258065,10,10,10,10,104,4,0,4,100,4960,160,0,0,0,0,104,0,0,0,0,115,8136
3995,1,1,0,0,0,0,0,0,0,0,0,100,100,100,0,0,0,0,100,100,100,100.000000,1600,4960,32.258065,10,10,10,10,104,4,0,4,100,4960,160,0,0,0,0,104,0,0,0,0,103,8136
3996,1,1,0,0,0,0,0,0,0,0,0,100,100,100,0,0,0,0,100,100,100,100.000000,1600,4960,32.258065,10,10,10,10,104,4,0,4,100,4960,160,0,0,0,0,104,0,0,0,0,107,8136
3997,1,1,0,0,0,0,0,0,0,0,0,100,100,100,0,0,0,0,100,100,100,100.000000,1600,4960,32.258065,10,10,10,10,104,4,0,4,100,4960,160,0,0,0,0,104,0,0,0,0,109,8136
3998,1,1,0,0,0,0,0,0,0,0,0,100,100,100,0,0,0,0,100,100,100,100.000000,1600,4960,32.258065,10,10,10,10,104,4,0,4,100,4960,160,0,0,0,0,104,0,0,0,0,107,8136
3999,1,1,0,0,0,0,0,0,0,0,0,100,100,100,0,0,0,0,100,100,100,100.000000,1600,4960,32.258065,10,10,10,10,104,4,0,4,100,4960,160,0,0,0,0,104,0,0,0,0,111,8136
4000,1,1,0,0,0,0,0,0,0,0,0,100,100,100,0,0,0,0,100,100,100,100.000000,1600,4960,32.258065,10,10,10,10,104,4,0,4,100,4960,160,0,0,0,0,104,0,0,0,0,120,8136
4001,1,1,0,0,0,0,0,0,0,0,0,100,100,100,0,0,0,0,100,100,100,100.000000,1600,4960,32.258065,10,10,10,10,104,4,0,4,100,4960,160,0,0,0,0,104,0,0,0,0,108,8136
4002,1,1,0,0,0,0,0,0,0,0,0,100,100,100,0,0,0,0,100,100,100,100.000000,1600,4960,32.258065,10,10,10,10,104,4,0,4,100,4960,160,0,0,0,0,104,0,0,0,0,108,8136
4003,1,1,0,0,0,0,0,0,0,0,0,100,100,100,0,0,0,0,100,100,100,100.000000,1600,4960,32.258065,10,10,10,10,104,4,0,4,100,4960,160,0,0,0,0,104,0,0,0,0,103,8136
4004,1,1,0,0,0,0,0,0,0,0,0,100,100,100,0,0,0,0,100,100,100,100.000000,1600,4960,32.258065,10,10,10,10,104,4,0,4,100,4960,160,0,0,0,0,104,0,0,0,0,101,8136
4005,1,1,0,0,0,0,0,0,0,0,0,100,100,100,0,0,0,0,100,100,100,100.000000,1600,4960,32.258065,10,10,10,10,104,4,0,4,100,4960,160,0,0,0,0,104,0,0,0,0,111,8136
4006,1,1,0,0,0,0,0,0,0,0,0,100,100,100,0,0,0,0,100,100,100,100.000000,1600,4960,32.258065,10,10,10,10,104,4,0,4,100,4960,160,0,0,0,0,104,0,0,0,0,107,8136
4007,1,1,0,0,0,0,0,0,0,0,0,100,100,100,0,0,0,0,100,100,100,100.000000,1600,4960,32.258065,10,10,10,10,104,4,0,4,100,4960,160,0,0,0,0,104,0,0,0,0,124,8136
4008,1,1,0,0,0,0,0,0,0,0,0,100,100,100,0,0,0,0,100,100,100,100.000000,1600,4960,32.258065,10,10,10,10,104,4,0,4,100,4960,160,0,0,0,0,104,0,0,0,0,124,8136
4009,1,1,0,0,0,0,0,0,0,0,0,100,100,100,0,0,0,0,100,100,100,100.000000,1600,4960,32.258065,10,10,10,10,104,4,0,4,100,4960,160,0,0,0,0,104,0,0,0,0,115,8136
4010,1,1,0,0,0,0,0,0,0,0,0,100,100,100,0,0,0,0,100,100,100,100.000000,1600,4960,32.258065,10,10,10,10,104,4,0,4,100,4960,160,0,0,0,0,104,0,0,0,0,110,8136
4011,1,1,0,0,0,0,0,0,0,0,0,100,100,100,0,0,0,0,100,100,100,100.000000,1600,4960,32.258065,10,10,10,10,104,4,0,4,100,4960,160,0,0,0,0,104,0,0,0,0,106,8136
4012,1,1,0,0,0,0,0,0,0,0,0,100,100,100,0,0,0,0,100,100,100,100.000000,1600,4960,32.258065,10,10,10,10,104,4,0,4,100,4960,160,0,0,0,0,104,0,0,0,0,107,8136
4013,1,1,0,0,0,0,0,0,0,0,0,100,100,100,0,0,0,0,100,100,100,100.000000,1600,4960,32.258065,10,10,10,10,104,4,0,4,100,4960,160,0,0,0,0,104,0,0,0,0,107,8136
4014,1,1,0,0,0,0,0,0,0,0,0,100,100,100,0,0,0,0,100,100,100,100.000000,1600,4960,32.258065,10,10,10,10,104,4,0,4,100,4960,160,0,0,0,0,104,0,0,0,0,108,8136
4015,1,1,0,0,0,0,0,0,0,0,0,100,100,100,0,0,0,0,100,100,100,100.000000,1600,4960,32.258065,10,10,10,10,104,4,0,4,100,4960,160,0,0,0,0,104,0,0,0,0,111,8136
4016,1,1,0,0,0,0,0,0,0,0,0,100,100,100,0,0,0,0,100,100,100,100.000000,1600,4960,32.258065,10,10,10,10,104,4,0,4,100,4960,160,0,0,0,0,104,0,0,0,0,105,8136
4017,1,1,0,0,0,0,0,0,0,0,0,100,100,100,0,0,0,0,100,100,100,100.000000,1600,4960,32.258065,10,10,10,10,104,4,0,4,100,4960,160,0,0,0,0,104,0,0,0,0,110,8136
4018,1,1,0,0,0,0,0,0,0,0,0,100,100,100,0,0,0,0,100,100,100,100.000000,1600,4960,32.258065,10,10,10,10,104,4,0,4,100,4960,160,0,0,0,0,104,0,0,0,0,104,8136
4019,1,1,0,0,0,0,0,0,0,0,0,100,100,100,0,0,0,0,100,100,100,100.000000,1600,4960,32.258065,10,10,10,10,104,4,0,4,100,4960,160,0,0,0,0,104,0,0,0,0,105,8136
4020,1,1,0,0,0,0,0,0,0,0,0,100,100,100,0,0,0,0,100,100,100,100.000000,1600,4960,32.258065,10,10,10,10,104,4,0,4,100,4960,160,0,0,0,0,104,0,0,0,0,104,8136
4021,1,1,0,0,0,0,0,0,0,0,0,100,100,100,0,0,0,0,100,100,100,100.000000,1600,4960,32.258065,10,10,10,10,104,4,0,4,100,4960,160,0,0,0,0,104,0,0,0,0,105,8136
4022,1,1,0,0,0,0,0,0,0,0,0,100,100,100,0,0,0,0,100,100,100,100.000000,1600,4960,32.258065,10,10,10,10,104,4,0,4,100,4960,160,0,0,0,0,104,0,0,0,0,107,8136
4023,1,1,0,0,0,0,0,0,0,0,0,100,100,100,0,0,0,0,100,100,100,100.000000,1600,4960,32.258065,10,10,10,10,104,4,0,4,100,4960,160,0,0,0,0,104,0,0,0,0,109,8136
4024,1,1,0,0,0,0,0,0,0,0,0,100,100,100,0,0,0,0,100,100,100,100.000000,1600,4960,32.258065,10,10,10,10,104,4,0,4,100,4960,160,0,0,0,0,104,0,0,0,0,120,8136
4025,1,1,0,0,0,0,0,0,0,0,0,100,100,100,0,0,0,0,100,100,100,100.000000,1600,4960,32.258065,10,10,10,10,104,4,0,4,100,4960,160,0,0,0,0,104,0,0,0,0,121,8136
4026,1,1,0,0,0,0,0,0,0,0,0,100,100,100,0,0,0,0,100,100,100,100.000000,1600,4960,32.258065,10,10,10,10,104,4,0,4,100,4960,160,0,0,0,0,104,0,0,0,0,116,8136
4027,1,1,0,0,0,0,0,0,0,0,0,100,100,100,0,0,0,0,100,100,100,100.000000,1600,4960,32.258065,10,10,10,10,104,4,0,4,100,4960,160,0,0,0,0,104,0,0,0,0,113,8136
4028,1,1,0,0,0,0,0,0,0,0,0,100,100,100,0,0,0,0,100,100,100,100.000000,1600,4960,32.258065,10,10,10,10,104,4,0,4,100,4960,160,0,0,0,0,104,0,0,0,0,108,8136
4029,1,1,0,0,0,0,0,0,0,0,0,100,100,100,0,0,0,0,100,100,100,100.000000,1600,4960,32.258065,10,10,10,10,104,4,0,4,100,4960,160,0,0,0,0,104,0,0,0,0,112,8136
4030,1,1,0,0,0,0,0,0,0,0,0,100,100,100,0,0,0,0,100,100,100,100.000000,1600,4960,32.258065,10,10,10,10,104,4,0,4,100,4960,160,0,0,0,0,104,0,0,0,0,113,8136
4031,1,1,0,0,0,0,0,0,0,0,0,100,100,100,0,0,0,0,100,100,100,100.000000,1600,4960,32.258065,10,10,10,10,104,4,0,4,100,4960,160,0,0,0,0,104,0,0,0,0,127,8136
4032,1,1,0,0,0,0,0,0,0,0,0,100,100,100,0,0,0,0,100,100,100,100.000000,1600,4960,32.258065,10,10,10,10,104,4,0,4,100,4960,160,0,0,0,0,104,0,0,0,0,108,8136
4033,1,1,0,0,0,0,0,0,0,0,0,100,100,100,0,0,0,0,100,100,100,100.000000,1600,4960,32.258065,10,10,10,10,104,4,0,4,100,4960,160,0,0,0,0,104,0,0,0,0,111,8136
4034,1,1,0,0,0,0,0,0,0,0,0,100,100,100,0,0,0,0,100,100,100,100.000000,1600,4960,32.258065,10,10,10,10,104,4,0,4,100,4960,160,0,0,0,0,104,0,0,0,0,104,8136
4035,1,1,0,0,0,0,0,0,0,0,0,100,100,100,0,0,0,0,100,100,100,100.000000,1600,4960,32.258065,10,10,10,10,104,4,0,4,100,4960,160,0,0,0,0,104,0,0,0,0,109,8136
4036,1,1,0,0,0,0,0,0,0,0,0,100,100,100,0,0,0,0,100,100,100,100.000000,1600,4960,32.258065,10,10,10,10,104,4,0,4,100,4960,160,0,0,0,0,104,0,0,0,0,100,8136
4037,1,1,0,0,0,0,0,0,0,0,0,100,100,100,0,0,0,0,100,100,100,100.000000,1600,4960,32.258065,10,10,10,10,104,4,0,4,100,4960,160,0,0,0,0,104,0,0,0,0,107,8136
4038,1,1,0,0,0,0,0,0,0,0,0,100,100,100,0,0,0,0,100,100,100,100.000000,1600,4960,32.258065,10,10,10,10,104,4,0,4,100,4960,160,0,0,0,0,104,0,0,0,0,108,8136
4039,1,1,0,0,0,0,0,0,0,0,0,100,100,100,0,0,0,0,100,100,100,100.000000,1600,4960,32.258065,10,10,10,10,104,4,0,4,100,4960,160,0,0,0,0,104,0,0,0,0,111,8136
4040,1,1,0,0,0,0,0,0,0,0,0,100,100,100,0,0,0,0,100,100,100,100.000000,1600,4960,32.258065,10,10,10,10,104,4,0,4,100,4960,160,0,0,0,0,104,0,0,0,0,115,8136
4041,1,1,0,0,0,0,0,0,0,0,0,100,100,100,0,0,0,0,100,100,100,100.000000,1600,4960,32.258065,10,10,10,10,104,4,0,4,100,4960,160,0,0,0,0,104,0,0,0,0,128,8136
4042,1,1,0,0,0,0,0,0,0,0,0,100,100,100,0,0,0,0,100,100,100,100.000000,1600,4960,32.258065,10,10,10,10,104,4,0,4,100,4960,160,0,0,0,0,104,0,0,0,0,110,8136
4043,1,1,0,0,0,0,0,0,0,0,0,100,100,100,0,0,0,0,100,100,100,100.000000,1600,4960,32.258065,10,10,10,10,104,4,0,4,100,4960,160,0,0,0,0,104,0,0,0,0,115,8136
4044,1,1,0,0,0,0,0,0,0,0,0,100,100,100,0,0,0,0,100,100,100,100.000000,1600,4960,32.258065,10,10,10,10,104,4,0,4,100,4960,160,0,0,0,0,104,0,0,0,0,102,8136
4045,1,1,0,0,0,0,0,0,0,0,0,100,100,100,0,0,0,0,100,100,100,100.000000,1600,4960,32.258065,10,10,10,10,104,4,0,4,100,4960,160,0,0,0,0,104,0,0,0,0,104,8136
4046,1,1,0,0,0,0,0,0,0,0,0,100,100,100,0,0,0,0,100,100,100,100.000000,1600,4960,32.258065,10,10,10,10,104,4,0,4,100,4960,160,0,0,0,0,104,0,0,0,0,119,8136
4047,1,1,0,0,0,0,0,0,0,0,0,100,100,100,0,0,0,0,100,100,100,100.000000,1600,4960,32.258065,10,10,10,10,104,4,0,4,100,4960,160,0,0,0,0,104,0,0,0,0,134,8136
4048,1,1,0,0,0,0,0,0,0,0,0,100,100,100,0,0,0,0,100,100,100,100.000000,1600,4960,32.258065,10,10,10,10,104,4,0,4,100,4960,160,0,0,0,0,104,0,0,0,0,115,8136
4049,1,1,0,0,0,0,0,0,0,0,0,100,100,100,0,0,0,0,100,100,100,100.000000,1600,4960,32.258065,10,10,10,10,104,4,0,4,100,4960,160,0,0,0,0,104,0,0,0,0,115,8136
4050,1,1,0,0,0,0,0,0,0,0,0,100,100,100,0,0,0,0,100,100,100,100.000000,1600,4960,32.258065,10,10,10,10,104,4,0,4,100,4960,160,0,0,0,0,104,0,0,0,0,115,8136
4051,1,1,0,0,0,0,0,0,0,0,0,100,100,100,0,0,0,0,100,100,100,100.000000,1600,4960,32.258065,10,10,10,10,104,4,0,4,100,4960,160,0,0,0,0,104,0,0,0,0,106,8136
4052,1,1,0,0,0,0,0,0,0,0,0,100,100,100,0,0,0,0,100,100,100,100.000000,1600,4960,32.258065,10,10,10,10,104,4,0,4,100,4960,160,0,0,0,0,104,0,0,0,0,117,8136
4053,1,1,0,0,0,0,0,0,0,0,0,100,100,100,0,0,0,0,100,100,100,100.000000,1600,4960,32.258065,10,10,10,10,104,4,0,4,100,4960,160,0,0,0,0,104,0,0,0,0,109,8136
4054,1,1,0,0,0,0,0,0,0,0,0,100,100,100,0,0,0,0,100,100,100,100.000000,1600,4960,32.258065,10,10,10,10,104,4,0,4,100,4960,160,0,0,0,0,104,0,0,0,0,111,8136
4055,1,1,0,0,0,0,0,0,0,0,0,100,100,100,0,0,0,0,100,100,100,100.000000,1600,4960,32.258065,10,10,10,10,104,4,0,4,100,4960,160,0,0,0,0,104,0,0,0,0,112,8136
4056,1,1,0,0,0,0,0,0,0,0,0,100,100,100,0,0,0,0,100,100,100,100.000000,1600,4960,32.258065,10,10,10,10,104,4,0,4,100,4960,160,0,0,0,0,104,0,0,0,0,113,8136
4057,1,1,0,0,0,0,0,0,0,0,0,100,100,100,0,0,0,0,100,100,100,100.000000,1600,4960,32.258065,10,10,10,10,104,4,0,4,100,4960,160,0,0,0,0,104,0,0,0,0,118,8136
4058,1,1,0,0,0,0,0,0,0,0,0,100,100,100,0,0,0,0,100,100,100,100.000000,1600,4960,32.258065,10,10,10,10,104,4,0,4,100,4960,160,0,0,0,0,104,0,0,0,0,119,8136
4059,1,1,0,0,0,0,0,0,0,0,0,100,100,100,0,0,0,0,100,100,100,100.000000,1600,4960,32.258065,10,10,10,10,104,4,0,4,100,4960,160,0,0,0,0,104,0,0,0,0,103,8136
4060,1,1,0,0,0,0,0,0,0,0,0,100,100,100,0,0,0,0,100,100,100,100.000000,1600,4960,32.258065,10,10,10,10,104,4,0,4,100,4960,160,0,0,0,0,104,0,0,0,0,100,8136
4061,1,1,0,0,0,0,0,0,0,0,0,100,100,100,0,0,0,0,100,100,100,100.000000,1600,4960,32.258065,10,10,10,10,104,4,0,4,100,4960,160,0,0,0,0,104,0,0,0,0,102,8136
4062,1,1,0,0,0,0,0,0,0,0,0,100,100,100,0,0,0,0,100,100,100,100.000000,1600,4960,32.258065,10,10,10,10,104,4,0,4,100,4960,160,0,0,0,0,104,0,0,0,0,105,8136
4063,1,1,0,0,0,0,0,0,0,0,0,100,100,100,0,0,0,0,100,100,100,100.000000,1600,4960,32.258065,10,10,10,10,104,4,0,4,100,4960,160,0,0,0,0,104,0,0,0,0,111,8136
4064,1,1,0,0,0,0,0,0,0,0,0,100,100,100,0,0,0,0,100,100,100,100.000000,1600,4960,32.258065,10,10,10,10,104,4,0,4,100,4960,160,0,0,0,0,104,0,0,0,0,109,8136
4065,1,1,0,0,0,0,0,0,0,0,0,100,100,100,0,0,0,0,100,100,100,100.000000,1600,4960,32.258065,10,10,10,10,104,4,0,4,100,4960,160,0,0,0,0,104,0,0,0,0,111,8136
4066,1,1,0,0,0,0,0,0,0,0,0,100,100,100,0,0,0,0,100,100,100,100.000000,1600,4960,32.258065,10,10,10,10,104,4,0,4,100,4960,160,0,0,0,0,104,0,0,0,0,112,8136
4067,1,1,0,0,0,0,0,0,0,0,0,100,100,100,0,0,0,0,100,100,100,100.000000,1600,4960,32.258065,10,10,10,10,104,4,0,4,100,4960,160,0,0,0,0,104,0,0,0,0,106,8136
4068,1,1,0,0,0,0,0,0,0,0,0,100,100,100,0,0,0,0,100,100,100,100.000000,1600,4960,32.258065,10,10,10,10,104,4,0,4,100,4960,160,0,0,0,0,104,0,0,0,0,114,8136
4069,1,1,0,0,0,0,0,0,0,0,0,100,100,100,0,0,0,0,100,100,100,100.000000,1600,4960,32.258065,10,10,10,10,104,4,0,4,100,4960,160,0,0,0,0,104,0,0,0,0,107,8136
4070,1,1,0,0,0,0,0,0,0,0,0,100,100,100,0,0,0,0,100,100,100,100.000000,1600,4960,32.258065,10,10,10,10,104,4,0,4,100,4960,160,0,0,0,0,104,0,0,0,0,106,8136
4071,1,1,0,0,0,0,0,0,0,0,0,100,100,100,0,0,0,0,100,100,100,100.000000,1600,4960,32.258065,10,10,10,10,104,4,0,4,100,4960,160,0,0,0,0,104,0,0,0,0,106,8136
4072,1,1,0,0,0,0,0,0,0,0,0,100,100,100,0,0,0,0,100,100,100,100.000000,1600,4960,32.258065,10,10,10,10,104,4,0,4,100,4960,160,0,0,0,0,104,0,0,0,0,117,8136
4073,1,1,0,0,0,0,0,0,0,0,0,100,100,100,0,0,0,0,100,100,100,100.000000,1600,4960,32.258065,10,10,10,10,104,4,0,4,100,4960,160,0,0,0,0,104,0,0,0,0,116,8136
4074,1,1,0,0,0,0,0,0,0,0,0,100,100,100,0,0,0,0,100,100,100,100.000000,1600,4960,32.258065,10,10,10,10,104,4,0,4,100,4960,160,0,0,0,0,104,0,0,0,0,112,8136
4075,1,1,0,0,0,0,0,0,0,0,0,100,100,100,0,0,0,0,100,100,100,100.000000,1600,4960,32.258065,10,10,10,10,104,4,0,4,100,4960,160,0,0,0,0,104,0,0,0,0,106,8136
4076,1,1,0,0,0,0,0,0,0,0,0,100,100,100,0,0,0,0,100,100,100,100.000000,1600,4960,32.258065,10,10,10,10,104,4,0,4,100,4960,160,0,0,0,0,104,0,0,0,0,111,8136
4077,1,1,0,0,0,0,0,0,0,0,0,100,100,100,0,0,0,0,100,100,100,100.000000,1600,4960,32.258065,10,10,10,10,104,4,0,4,100,4960,160,0,0,0,0,104,0,0,0,0,106,8136
4078,1,1,0,0,0,0,0,0,0,0,0,100,100,100,0,0,0,0,100,100,100,100.000000,1600,4960,32.258065,10,10,10,10,104,4,0,4,100,4960,160,0,0,0,0,104,0,0,0,0,108,8136
4079,1,1,0,0,0,0,0,0,0,0,0,100,100,100,0,0,0,0,100,100,100,100.000000,1600,4960,32.258065,10,10,10,10,104,4,0,4,100,4960,160,0,0,0,0,104,0,0,0,0,111,8136
4080,1,1,0,0,0,0,0,0,0,0,0,100,100,100,0,0,0,0,100,100,100,100.000000,1600,4960,32.258065,10,10,10,10,104,4,0,4,100,4960,160,0,0,0,0,104,0,0,0,0,111,8136
4081,1,1,0,0,0,0,0,0,0,0,0,100,100,100,0,0,0,0,100,100,100,100.000000,1600,4960,32.258065,10,10,10,10,104,4,0,4,100,4960,160,0,0,0,0,104,0,0,0,0,112,8136
4082,1,1,0,0,0,0,0,0,0,0,0,100,100,100,0,0,0,0,100,100,100,100.000000,1600,4960,32.258065,10,10,10,10,104,4,0,4,100,4960,160,0,0,0,0,104,0,0,0,0,108,8136
4083,1,1,0,0,0,0,0,0,0,0,0,100,100,100,0,0,0,0,100,100,100,100.000000,1600,4960,32.258065,10,10,10,10,104,4,0,4,100,4960,160,0,0,0,0,104,0,0,0,0,109,8136
4084,1,1,0,0,0,0,0,0,0,0,0,100,100,100,0,0,0,0,100,100,100,100.000000,1600,4960,32.258065,10,10,10,10,104,4,0,4,100,4960,160,0,0,0,0,104,0,0,0,0,111,8136
4085,1,1,0,0,0,0,0,0,0,0,0,100,100,100,0,0,0,0,100,100,100,100.000000,1600,4960,32.258065,10,10,10,10,104,4,0,4,100,4960,160,0,0,0,0,104,0,0,0,0,109,8136
4086,1,1,0,0,0,0,0,0,0,0,0,100,100,100,0,0,0,0,100,100,100,100.000000,1600,4960,32.258065,10,10,10,10,104,4,0,4,100,4960,160,0,0,0,0,104,0,0,0,0,117,8136
4087,1,1,0,0,0,0,0,0,0,0,0,100,100,100,0,0,0,0,100,100,100,100.000000,1600,4960,32.258065,10,10,10,10,104,4,0,4,100,4960,160,0,0,0,0,104,0,0,0,0,120,8136
4088,1,1,0,0,0,0,0,0,0,0,0,100,100,100,0,0,0,0,100,100,100,100.000000,1600,4960,32.258065,10,10,10,10,104,4,0,4,100,4960,160,0,0,0,0,104,0,0,0,0,120,8136
4089,1,1,0,0,0,0,0,0,0,0,0,100,100,100,0,0,0,0,100,100,100,100.000000,1600,4960,32.258065,10,10,10,10,104,4,0,4,100,4960,160,0,0,0,0,104,0,0,0,0,106,8136
4090,1,1,0,0,0,0,0,0,0,0,0,100,100,100,0,0,0,0,100,100,100,100.000000,1600,4960,32.258065,10,10,10,10,104,4,0,4,100,4960,160,0,0,0,0,104,0,0,0,0,106,8136
4091,1,1,0,0,0,0,0,0,0,0,0,100,100,100,0,0,0,0,100,100,100,100.000000,1600,4960,32.258065,10,10,10,10,104,4,0,4,100,4960,160,0,0,0,0,104,0,0,0,0,102,8136
4092,1,1,0,0,0,0,0,0,0,0,0,100,100,100,0,0,0,0,100,100,100,100.000000,1600,4960,32.258065,10,10,10,10,104,4,0,4,100,4960,160,0,0,0,0,104,0,0,0,0,102,8136
4093,1,1,0,0,0,0,0,0,0,0,0,100,100,100,0,0,0,0,100,100,100,100.000000,1600,4960,32.258065,10,10,10,10,104,4,0,4,100,4960,160,0,0,0,0,104,0,0,0,0,104,8136
4094,1,1,0,0,0,0,0,0,0,0,0,100,100,100,0,0,0,0,100,100,100,100.000000,1600,4960,32.258065,10,10,10,10,104,4,0,4,100,4960,160,0,0,0,0,104,0,0,0,0,99,8136
4095,1,1,0,0,0,0,0,0,0,0,0,100,100,100,0,0,0,0,100,100,100,100.000000,1600,4960,32.258065,10,10,10,10,104,4,0,4,100,4960,160,0,0,0,0,104,0,0,0,0,97,8136
4096,1,1,0,0,0,0,0,0,0,0,0,100,100,100,0,0,0,0,100,100,100,100.000000,1600,4960,32.258065,10,10,10,10,104,4,0,4,100,4960,160,0,0,0,0,104,0,0,0,0,102,8136
