node_id,degree,admitted,routes_current,routes_hwm,discoveries_hwm,candidates_hwm,q0_hwm,q1_hwm,pending_q1_hwm,paths_hwm,flows_hwm,app_generated,app_accepted,origin_delivered,duplicate_deliveries,q0_generated,q0_accepted,q0_delivered,q1_generated,q1_accepted,q1_delivered,delivery_pct,payload_delivered_bytes,origin_wire_bytes,wire_efficiency_pct,latency_p50_ms,latency_p95_ms,latency_p99_ms,latency_max_ms,frames_tx,frames_rx,forwarded_frames_tx,control_frames_tx,business_frames_tx,wire_bytes_tx,wire_bytes_rx,no_space,no_route,link_down,other_rejected,core_tx_sent,core_rx_delivered,route_requests_sent,route_errors_sent,control_budget_dropped,host_work_us,node_storage_bytes
1,3,3,8,8,0,0,0,0,0,0,0,100,100,100,0,0,0,0,100,100,100,100.000000,1600,11360,14.084507,10,10,10,10,424,1224,300,24,400,21760,63360,0,0,0,0,424,500,0,0,0,1173,8136
2,4,4,8,8,0,0,0,0,0,0,0,100,100,100,0,0,0,0,100,100,100,100.000000,1600,11680,13.698630,10,10,10,10,532,1532,400,32,500,27280,79280,0,0,0,0,532,400,0,0,0,1132,8136
3,4,4,8,8,0,0,0,0,0,0,0,100,100,100,0,0,0,0,100,100,100,100.000000,1600,11680,13.698630,10,10,10,10,432,1332,300,32,400,22080,68880,0,0,0,0,432,300,0,0,0,867,8136
4,4,4,8,8,0,0,0,0,0,0,0,100,100,100,0,0,0,0,100,100,100,100.000000,1600,11680,13.698630,10,10,10,10,432,1232,300,32,400,22080,63680,0,0,0,0,432,200,0,0,0,1148,8136
5,4,4,8,8,0,0,0,0,0,0,0,100,100,100,0,0,0,0,100,100,100,100.000000,1600,11680,13.698630,10,10,10,10,432,1332,300,32,400,22080,68880,0,0,0,0,432,200,0,0,0,904,8136
6,4,4,8,8,0,0,0,0,0,0,0,100,100,100,0,0,0,0,100,100,100,100.000000,1600,11680,13.698630,10,10,10,10,432,1232,300,32,400,22080,63680,0,0,0,0,432,100,0,0,0,781,8136
7,4,4,8,8,0,0,0,0,0,0,0,100,100,100,0,0,0,0,100,100,100,100.000000,1600,11680,13.698630,10,10,10,10,432,1232,300,32,400,22080,63680,0,0,0,0,432,100,0,0,0,775,8136
8,4,4,8,8,0,0,0,0,0,0,0,100,100,100,0,0,0,0,100,100,100,100.000000,1600,11680,13.698630,10,10,10,10,432,1232,300,32,400,22080,63680,0,0,0,0,432,100,0,0,0,788,8136
9,4,4,8,8,0,0,0,0,0,0,0,100,100,100,0,0,0,0,100,100,100,100.000000,1600,11680,13.698630,10,10,10,10,432,1232,300,32,400,22080,63680,0,0,0,0,432,100,0,0,0,785,8136
10,4,4,8,8,0,0,0,0,0,0,0,100,100,0,0,0,0,0,100,100,0,0.000000,0,11680,0.000000,0,0,0,0,432,1232,300,32,400,22080,63680,0,0,0,0,432,100,0,0,0,770,8136
11,4,4,8,8,0,0,0,0,0,0,0,100,100,0,0,0,0,0,100,100,0,0.000000,0,11680,0.000000,0,0,0,0,432,1232,300,32,400,22080,63680,0,0,0,0,432,100,0,0,0,747,8136
12,4,4,8,8,0,0,0,0,0,0,0,100,100,0,0,0,0,0,100,100,0,0.000000,0,11680,0.000000,0,0,0,0,432,1232,300,32,400,22080,63680,0,0,0,0,432,100,0,0,0,791,8136
13,4,4,8,8,0,0,0,0,0,0,0,100,100,0,0,0,0,0,100,100,0,0.000000,0,11680,0.000000,0,0,0,0,432,1232,300,32,400,22080,63680,0,0,0,0,432,100,0,0,0,769,8136
14,4,4,8,8,0,0,0,0,0,0,0,100,100,100,0,0,0,0,100,100,100,100.000000,1600,11680,13.698630,10,10,10,10,432,1232,300,32,400,22080,63680,0,0,0,0,432,100,0,0,0,792,8136
15,4,4,8,8,0,0,0,0,0,0,0,100,100,100,0,0,0,0,100,100,100,100.000000,1600,11680,13.698630,10,10,10,10,432,1232,300,32,400,22080,63680,0,0,0,0,432,100,0,0,0,780,8136
16,4,4,8,8,0,0,0,0,0,0,0,100,100,0,0,0,0,0,100,100,0,0.000000,0,11680,0.000000,0,0,0,0,432,1232,300,32,400,22080,63680,0,0,0,0,432,100,0,0,0,795,8136
17,4,4,8,8,0,0,0,0,0,0,0,100,100,0,0,0,0,0,100,100,0,0.000000,0,11680,0.000000,0,0,0,0,432,1232,300,32,400,22080,63680,0,0,0,0,432,100,0,0,0,818,8136
18,4,4,8,8,0,0,0,0,0,0,0,100,100,0,0,0,0,0,100,100,0,0.000000,0,11680,0.000000,0,0,0,0,432,1232,300,32,400,22080,63680,0,0,0,0,432,100,0,0,0,775,8136
19,4,4,8,8,0,0,0,0,0,0,0,100,100,0,0,0,0,0,100,100,0,0.000000,0,11680,0.000000,0,0,0,0,432,1232,300,32,400,22080,63680,0,0,0,0,432,100,0,0,0,836,8136
20,4,4,8,8,0,0,0,0,0,0,0,100,100,0,0,0,0,0,100,100,0,0.000000,0,11680,0.000000,0,0,0,0,432,1232,300,32,400,22080,63680,0,0,0,0,432,100,0,0,0,765,8136
21,4,4,8,8,0,0,0,0,0,0,0,100,100,0,0,0,0,0,100,100,0,0.000000,0,11680,0.000000,0,0,0,0,432,1232,300,32,400,22080,63680,0,0,0,0,432,100,0,0,0,780,8136
22,4,4,8,8,0,0,0,0,0,0,0,100,100,0,0,0,0,0,100,100,0,0.000000,0,11680,0.000000,0,0,0,0,432,1232,300,32,400,22080,63680,0,0,0,0,432,100,0,0,0,819,8136
23,4,4,8,8,0,0,0,0,0,0,0,100,100,100,0,0,0,0,100,100,100,100.000000,1600,11680,13.698630,10,10,10,10,432,1232,300,32,400,22080,63680,0,0,0,0,432,100,0,0,0,781,8136
24,4,4,8,8,0,0,0,0,0,0,0,100,100,100,0,0,0,0,100,100,100,100.000000,1600,11680,13.698630,10,10,10,10,432,1232,300,32,400,22080,63680,0,0,0,0,432,100,0,0,0,744,8136
25,4,4,8,8,0,0,0,0,0,0,0,100,100,0,0,0,0,0,100,100,0,0.000000,0,11680,0.000000,0,0,0,0,432,1232,300,32,400,22080,63680,0,0,0,0,432,100,0,0,0,812,8136
26,4,4,8,8,0,0,0,0,0,0,0,100,100,0,0,0,0,0,100,100,0,0.000000,0,11680,0.000000,0,0,0,0,432,1232,300,32,400,22080,63680,0,0,0,0,432,100,0,0,0,754,8136
27,4,4,8,8,0,0,0,0,0,0,0,100,100,0,0,0,0,0,100,100,0,0.000000,0,11680,0.000000,0,0,0,0,432,1232,300,32,400,22080,63680,0,0,0,0,432,100,0,0,0,756,8136
28,4,4,8,8,0,0,0,0,0,0,0,100,100,0,0,0,0,0,100,100,0,0.000000,0,11680,0.000000,0,0,0,0,432,1232,300,32,400,22080,63680,0,0,0,0,432,100,0,0,0,795,8136
29,4,4,8,8,0,0,0,0,0,0,0,100,100,0,0,0,0,0,100,100,0,0.000000,0,11680,0.000000,0,0,0,0,432,1232,300,32,400,22080,63680,0,0,0,0,432,100,0,0,0,756,8136
30,4,4,8,8,0,0,0,0,0,0,0,100,100,0,0,0,0,0,100,100,0,0.000000,0,11680,0.000000,0,0,0,0,432,1232,300,32,400,22080,63680,0,0,0,0,432,100,0,0,0,771,8136
31,4,4,8,8,0,0,0,0,0,0,0,100,100,0,0,0,0,0,100,100,0,0.000000,0,11680,0.000000,0,0,0,0,432,1232,300,32,400,22080,63680,0,0,0,0,432,100,0,0,0,760,8136
32,4,4,8,8,0,0,0,0,0,0,0,100,100,100,0,0,0,0,100,100,100,100.000000,1600,11680,13.698630,10,10,10,10,432,1232,300,32,400,22080,63680,0,0,0,0,432,100,0,0,0,775,8136
33,4,4,8,8,0,0,0,0,0,0,0,100,100,100,0,0,0,0,100,100,100,100.000000,1600,11680,13.698630,10,10,10,10,432,1232,300,32,400,22080,63680,0,0,0,0,432,100,0,0,0,767,8136
34,4,4,8,8,0,0,0,0,0,0,0,100,100,0,0,0,0,0,100,100,0,0.000000,0,11680,0.000000,0,0,0,0,432,1232,300,32,400,22080,63680,0,0,0,0,432,100,0,0,0,778,8136
35,4,4,8,8,0,0,0,0,0,0,0,100,100,0,0,0,0,0,100,100,0,0.000000,0,11680,0.000000,0,0,0,0,432,1232,300,32,400,22080,63680,0,0,0,0,432,100,0,0,0,747,8136
36,4,4,8,8,0,0,0,0,0,0,0,100,100,0,0,0,0,0,100,100,0,0.000000,0,11680,0.000000,0,0,0,0,432,1232,300,32,400,22080,63680,0,0,0,0,432,100,0,0,0,750,8136
37,4,4,8,8,0,0,0,0,0,0,0,100,100,0,0,0,0,0,100,100,0,0.000000,0,11680,0.000000,0,0,0,0,432,1232,300,32,400,22080,63680,0,0,0,0,432,100,0,0,0,772,8136
38,4,4,8,8,0,0,0,0,0,0,0,100,100,0,0,0,0,0,100,100,0,0.000000,0,11680,0.000000,0,0,0,0,432,1232,300,32,400,22080,63680,0,0,0,0,432,100,0,0,0,754,8136
39,4,4,8,8,0,0,0,0,0,0,0,100,100,0,0,0,0,0,100,100,0,0.000000,0,11680,0.000000,0,0,0,0,432,1232,300,32,400,22080,63680,0,0,0,0,432,100,0,0,0,760,8136
40,4,4,8,8,0,0,0,0,0,0,0,100,100,0,0,0,0,0,100,100,0,0.000000,0,11680,0.000000,0,0,0,0,432,1232,300,32,400,22080,63680,0,0,0,0,432,100,0,0,0,751,8136
41,4,4,8,8,0,0,0,0,0,0,0,100,100,100,0,0,0,0,100,100,100,100.000000,1600,11680,13.698630,10,10,10,10,432,1232,300,32,400,22080,63680,0,0,0,0,432,100,0,0,0,739,8136
42,4,4,8,8,0,0,0,0,0,0,0,100,100,0,0,0,0,0,100,100,0,0.000000,0,11680,0.000000,0,0,0,0,432,1232,300,32,400,22080,63680,0,0,0,0,432,100,0,0,0,747,8136
43,4,4,8,8,0,0,0,0,0,0,0,100,100,0,0,0,0,0,100,100,0,0.000000,0,11680,0.000000,0,0,0,0,432,1232,300,32,400,22080,63680,0,0,0,0,432,100,0,0,0,787,8136
44,4,4,8,8,0,0,0,0,0,0,0,100,100,0,0,0,0,0,100,100,0,0.000000,0,11680,0.000000,0,0,0,0,432,1232,300,32,400,22080,63680,0,0,0,0,432,100,0,0,0,747,8136
45,4,4,8,8,0,0,0,0,0,0,0,100,100,0,0,0,0,0,100,100,0,0.000000,0,11680,0.000000,0,0,0,0,432,1232,300,32,400,22080,63680,0,0,0,0,432,100,0,0,0,748,8136
46,4,4,8,8,0,0,0,0,0,0,0,100,100,0,0,0,0,0,100,100,0,0.000000,0,11680,0.000000,0,0,0,0,432,1232,300,32,400,22080,63680,0,0,0,0,432,100,0,0,0,741,8136
47,4,4,8,8,0,0,0,0,0,0,0,100,100,0,0,0,0,0,100,100,0,0.000000,0,11680,0.000000,0,0,0,0,432,1232,300,32,400,22080,63680,0,0,0,0,432,100,0,0,0,745,8136
48,4,4,8,8,0,0,0,0,0,0,0,100,100,0,0,0,0,0,100,100,0,0.000000,0,11680,0.000000,0,0,0,0,432,1232,300,32,400,22080,63680,0,0,0,0,432,100,0,0,0,757,8136
49,4,4,8,8,0,0,0,0,0,0,0,100,100,0,0,0,0,0,100,100,0,0.000000,0,11680,0.000000,0,0,0,0,432,1232,300,32,400,22080,63680,0,0,0,0,432,100,0,0,0,744,8136
50,4,4,8,8,0,0,0,0,0,0,0,100,100,100,0,0,0,0,100,100,100,100.000000,1600,11680,13.698630,10,10,10,10,432,1232,300,32,400,22080,63680,0,0,0,0,432,100,0,0,0,751,8136
51,4,4,8,8,0,0,0,0,0,0,0,100,100,0,0,0,0,0,100,100,0,0.000000,0,11680,0.000000,0,0,0,0,432,1232,300,32,400,22080,63680,0,0,0,0,432,100,0,0,0,754,8136
52,4,4,8,8,0,0,0,0,0,0,0,100,100,0,0,0,0,0,100,100,0,0.000000,0,11680,0.000000,0,0,0,0,432,1232,300,32,400,22080,63680,0,0,0,0,432,100,0,0,0,744,8136
53,4,4,8,8,0,0,0,0,0,0,0,100,100,0,0,0,0,0,100,100,0,0.000000,0,11680,0.000000,0,0,0,0,432,1232,300,32,400,22080,63680,0,0,0,0,432,100,0,0,0,737,8136
54,4,4,8,8,0,0,0,0,0,0,0,100,100,0,0,0,0,0,100,100,0,0.000000,0,11680,0.000000,0,0,0,0,432,1232,300,32,400,22080,63680,0,0,0,0,432,100,0,0,0,752,8136
55,4,4,8,8,0,0,0,0,0,0,0,100,100,0,0,0,0,0,100,100,0,0.000000,0,11680,0.000000,0,0,0,0,432,1232,300,32,400,22080,63680,0,0,0,0,432,100,0,0,0,771,8136
56,4,4,8,8,0,0,0,0,0,0,0,100,100,0,0,0,0,0,100,100,0,0.000000,0,11680,0.000000,0,0,0,0,432,1232,300,32,400,22080,63680,0,0,0,0,432,100,0,0,0,793,8136
57,4,4,8,8,0,0,0,0,0,0,0,100,100,0,0,0,0,0,100,100,0,0.000000,0,11680,0.000000,0,0,0,0,432,1232,300,32,400,22080,63680,0,0,0,0,432,100,0,0,0,761,8136
58,4,4,8,8,0,0,0,0,0,0,0,100,100,0,0,0,0,0,100,100,0,0.000000,0,11680,0.000000,0,0,0,0,432,1232,300,32,400,22080,63680,0,0,0,0,432,100,0,0,0,742,8136
59,4,4,8,8,0,0,0,0,0,0,0,100,100,100,0,0,0,0,100,100,100,100.000000,1600,11680,13.698630,10,10,10,10,432,1232,300,32,400,22080,63680,0,0,0,0,432,100,0,0,0,738,8136
60,4,4,8,8,0,0,0,0,0,0,0,100,100,0,0,0,0,0,100,100,0,0.000000,0,11680,0.000000,0,0,0,0,432,1232,300,32,400,22080,63680,0,0,0,0,432,100,0,0,0,746,8136
61,4,4,8,8,0,0,0,0,0,0,0,100,100,0,0,0,0,0,100,100,0,0.000000,0,11680,0.000000,0,0,0,0,432,1232,300,32,400,22080,63680,0,0,0,0,432,100,0,0,0,755,8136
62,4,4,8,8,0,0,0,0,0,0,0,100,100,0,0,0,0,0,100,100,0,0.000000,0,11680,0.000000,0,0,0,0,432,1232,300,32,400,22080,63680,0,0,0,0,432,100,0,0,0,758,8136
63,4,4,8,8,0,0,0,0,0,0,0,100,100,0,0,0,0,0,100,100,0,0.000000,0,11680,0.000000,0,0,0,0,432,1232,300,32,400,22080,63680,0,0,0,0,432,100,0,0,0,755,8136
64,4,4,8,8,0,0,0,0,0,0,0,100,100,0,0,0,0,0,100,100,0,0.000000,0,11680,0.000000,0,0,0,0,432,1232,300,32,400,22080,63680,0,0,0,0,432,100,0,0,0,752,8136
65,4,4,8,8,0,0,0,0,0,0,0,100,100,0,0,0,0,0,100,100,0,0.000000,0,11680,0.000000,0,0,0,0,432,1232,300,32,400,22080,63680,0,0,0,0,432,100,0,0,0,784,8136
66,4,4,8,8,0,0,0,0,0,0,0,100,100,0,0,0,0,0,100,100,0,0.000000,0,11680,0.000000,0,0,0,0,432,1232,300,32,400,22080,63680,0,0,0,0,432,100,0,0,0,755,8136
67,4,4,8,8,0,0,0,0,0,0,0,100,100,0,0,0,0,0,100,100,0,0.000000,0,11680,0.000000,0,0,0,0,432,1232,300,32,400,22080,63680,0,0,0,0,432,100,0,0,0,744,8136
68,4,4,8,8,0,0,0,0,0,0,0,100,100,100,0,0,0,0,100,100,100,100.000000,1600,11680,13.698630,10,10,10,10,432,1232,300,32,400,22080,63680,0,0,0,0,432,100,0,0,0,745,8136
69,4,4,8,8,0,0,0,0,0,0,0,100,100,0,0,0,0,0,100,100,0,0.000000,0,11680,0.000000,0,0,0,0,432,1232,300,32,400,22080,63680,0,0,0,0,432,100,0,0,0,750,8136
70,4,4,8,8,0,0,0,0,0,0,0,100,100,0,0,0,0,0,100,100,0,0.000000,0,11680,0.000000,0,0,0,0,432,1232,300,32,400,22080,63680,0,0,0,0,432,100,0,0,0,766,8136
71,4,4,8,8,0,0,0,0,0,0,0,100,100,0,0,0,0,0,100,100,0,0.000000,0,11680,0.000000,0,0,0,0,432,1232,300,32,400,22080,63680,0,0,0,0,432,100,0,0,0,757,8136
72,4,4,8,8,0,0,0,0,0,0,0,100,100,0,0,0,0,0,100,100,0,0.000000,0,11680,0.000000,0,0,0,0,432,1232,300,32,400,22080,63680,0,0,0,0,432,100,0,0,0,819,8136
73,4,4,8,8,0,0,0,0,0,0,0,100,100,0,0,0,0,0,100,100,0,0.000000,0,11680,0.000000,0,0,0,0,432,1232,300,32,400,22080,63680,0,0,0,0,432,100,0,0,0,758,8136
74,4,4,8,8,0,0,0,0,0,0,0,100,100,0,0,0,0,0,100,100,0,0.000000,0,11680,0.000000,0,0,0,0,432,1232,300,32,400,22080,63680,0,0,0,0,432,100,0,0,0,722,8136
75,4,4,8,8,0,0,0,0,0,0,0,100,100,0,0,0,0,0,100,100,0,0.000000,0,11680,0.000000,0,0,0,0,432,1232,300,32,400,22080,63680,0,0,0,0,432,100,0,0,0,743,8136
76,4,4,8,8,0,0,0,0,0,0,0,100,100,0,0,0,0,0,100,100,0,0.000000,0,11680,0.000000,0,0,0,0,432,1232,300,32,400,22080,63680,0,0,0,0,432,100,0,0,0,763,8136
77,4,4,8,8,0,0,0,0,0,0,0,100,100,100,0,0,0,0,100,100,100,100.000000,1600,11680,13.698630,10,10,10,10,432,1232,300,32,400,22080,63680,0,0,0,0,432,100,0,0,0,750,8136
78,4,4,8,8,0,0,0,0,0,0,0,100,100,0,0,0,0,0,100,100,0,0.000000,0,11680,0.000000,0,0,0,0,432,1232,300,32,400,22080,63680,0,0,0,0,432,100,0,0,0,779,8136
79,4,4,8,8,0,0,0,0,0,0,0,100,100,0,0,0,0,0,100,100,0,0.000000,0,11680,0.000000,0,0,0,0,432,1232,300,32,400,22080,63680,0,0,0,0,432,100,0,0,0,710,8136
80,4,4,8,8,0,0,0,0,0,0,0,100,100,0,0,0,0,0,100,100,0,0.000000,0,11680,0.000000,0,0,0,0,432,1232,300,32,400,22080,63680,0,0,0,0,432,100,0,0,0,749,8136
81,4,4,8,8,0,0,0,0,0,0,0,100,100,0,0,0,0,0,100,100,0,0.000000,0,11680,0.000000,0,0,0,0,432,1232,300,32,400,22080,63680,0,0,0,0,432,100,0,0,0,736,8136
82,4,4,8,8,0,0,0,0,0,0,0,100,100,0,0,0,0,0,100,100,0,0.000000,0,11680,0.000000,0,0,0,0,432,1232,300,32,400,22080,63680,0,0,0,0,432,100,0,0,0,732,8136
83,4,4,8,8,0,0,0,0,0,0,0,100,100,0,0,0,0,0,100,100,0,0.000000,0,11680,0.000000,0,0,0,0,432,1232,300,32,400,22080,63680,0,0,0,0,432,100,0,0,0,721,8136
84,4,4,8,8,0,0,0,0,0,0,0,100,100,0,0,0,0,0,100,100,0,0.000000,0,11680,0.000000,0,0,0,0,432,1232,300,32,400,22080,63680,0,0,0,0,432,100,0,0,0,816,8136
85,4,4,8,8,0,0,0,0,0,0,0,100,100,0,0,0,0,0,100,100,0,0.000000,0,11680,0.000000,0,0,0,0,432,1232,300,32,400,22080,63680,0,0,0,0,432,100,0,0,0,842,8136
86,4,4,8,8,0,0,0,0,0,0,0,100,100,100,0,0,0,0,100,100,100,100.000000,1600,11680,13.698630,10,10,10,10,432,1232,300,32,400,22080,63680,0,0,0,0,432,100,0,0,0,762,8136
87,4,4,8,8,0,0,0,0,0,0,0,100,100,0,0,0,0,0,100,100,0,0.000000,0,11680,0.000000,0,0,0,0,432,1232,300,32,400,22080,63680,0,0,0,0,432,100,0,0,0,731,8136
88,4,4,8,8,0,0,0,0,0,0,0,100,100,0,0,0,0,0,100,100,0,0.000000,0,11680,0.000000,0,0,0,0,432,1232,300,32,400,22080,63680,0,0,0,0,432,100,0,0,0,761,8136
89,4,4,8,8,0,0,0,0,0,0,0,100,100,0,0,0,0,0,100,100,0,0.000000,0,11680,0.000000,0,0,0,0,432,1232,300,32,400,22080,63680,0,0,0,0,432,100,0,0,0,778,8136
90,4,4,8,8,0,0,0,0,0,0,0,100,100,0,0,0,0,0,100,100,0,0.000000,0,11680,0.000000,0,0,0,0,432,1232,300,32,400,22080,63680,0,0,0,0,432,100,0,0,0,757,8136
91,4,4,8,8,0,0,0,0,0,0,0,100,100,0,0,0,0,0,100,100,0,0.000000,0,11680,0.000000,0,0,0,0,432,1232,300,32,400,22080,63680,0,0,0,0,432,100,0,0,0,734,8136
92,4,4,8,8,0,0,0,0,0,0,0,100,100,0,0,0,0,0,100,100,0,0.000000,0,11680,0.000000,0,0,0,0,432,1232,300,32,400,22080,63680,0,0,0,0,432,100,0,0,0,755,8136
93,4,4,8,8,0,0,0,0,0,0,0,100,100,0,0,0,0,0,100,100,0,0.000000,0,11680,0.000000,0,0,0,0,432,1232,300,32,400,22080,63680,0,0,0,0,432,100,0,0,0,732,8136
94,4,4,8,8,0,0,0,0,0,0,0,100,100,0,0,0,0,0,100,100,0,0.000000,0,11680,0.000000,0,0,0,0,432,1232,300,32,400,22080,63680,0,0,0,0,432,100,0,0,0,737,8136
95,4,4,8,8,0,0,0,0,0,0,0,100,100,100,0,0,0,0,100,100,100,100.000000,1600,11680,13.698630,10,10,10,10,432,1232,300,32,400,22080,63680,0,0,0,0,432,100,0,0,0,790,8136
96,4,4,8,8,0,0,0,0,0,0,0,100,100,0,0,0,0,0,100,100,0,0.000000,0,11680,0.000000,0,0,0,0,432,1232,300,32,400,22080,63680,0,0,0,0,432,100,0,0,0,748,8136
97,4,4,8,8,0,0,0,0,0,0,0,100,100,0,0,0,0,0,100,100,0,0.000000,0,11680,0.000000,0,0,0,0,432,1232,300,32,400,22080,63680,0,0,0,0,432,100,0,0,0,748,8136
98,4,4,8,8,0,0,0,0,0,0,0,100,100,0,0,0,0,0,100,100,0,0.000000,0,11680,0.000000,0,0,0,0,432,1232,300,32,400,22080,63680,0,0,0,0,432,100,0,0,0,736,8136
99,4,4,8,8,0,0,0,0,0,0,0,100,100,0,0,0,0,0,100,100,0,0.000000,0,11680,0.000000,0,0,0,0,432,1232,300,32,400,22080,63680,0,0,0,0,432,100,0,0,0,719,8136
100,4,4,8,8,0,0,0,0,0,0,0,100,100,0,0,0,0,0,100,100,0,0.000000,0,11680,0.000000,0,0,0,0,432,1232,300,32,400,22080,63680,0,0,0,0,432,100,0,0,0,827,8136
101,4,4,8,8,0,0,0,0,0,0,0,100,100,0,0,0,0,0,100,100,0,0.000000,0,11680,0.000000,0,0,0,0,432,1232,300,32,400,22080,63680,0,0,0,0,432,100,0,0,0,732,8136
102,4,4,8,8,0,0,0,0,0,0,0,100,100,0,0,0,0,0,100,100,0,0.000000,0,11680,0.000000,0,0,0,0,432,1232,300,32,400,22080,63680,0,0,0,0,432,100,0,0,0,738,8136
103,4,4,8,8,0,0,0,0,0,0,0,100,100,0,0,0,0,0,100,100,0,0.000000,0,11680,0.000000,0,0,0,0,432,1232,300,32,400,22080,63680,0,0,0,0,432,100,0,0,0,748,8136
104,4,4,8,8,0,0,0,0,0,0,0,100,100,100,0,0,0,0,100,100,100,100.000000,1600,11680,13.698630,10,10,10,10,432,1232,300,32,400,22080,63680,0,0,0,0,432,100,0,0,0,734,8136
105,4,4,8,8,0,0,0,0,0,0,0,100,100,0,0,0,0,0,100,100,0,0.000000,0,11680,0.000000,0,0,0,0,432,1232,300,32,400,22080,63680,0,0,0,0,432,100,0,0,0,745,8136
106,4,4,8,8,0,0,0,0,0,0,0,100,100,0,0,0,0,0,100,100,0,0.000000,0,11680,0.000000,0,0,0,0,432,1232,300,32,400,22080,63680,0,0,0,0,432,100,0,0,0,741,8136
107,4,4,8,8,0,0,0,0,0,0,0,100,100,0,0,0,0,0,100,100,0,0.000000,0,11680,0.000000,0,0,0,0,432,1232,300,32,400,22080,63680,0,0,0,0,432,100,0,0,0,729,8136
108,4,4,8,8,0,0,0,0,0,0,0,100,100,0,0,0,0,0,100,100,0,0.000000,0,11680,0.000000,0,0,0,0,432,1232,300,32,400,22080,63680,0,0,0,0,432,100,0,0,0,722,8136
109,4,4,8,8,0,0,0,0,0,0,0,100,100,0,0,0,0,0,100,100,0,0.000000,0,11680,0.000000,0,0,0,0,432,1232,300,32,400,22080,63680,0,0,0,0,432,100,0,0,0,721,8136
110,4,4,8,8,0,0,0,0,0,0,0,100,100,0,0,0,0,0,100,100,0,0.000000,0,11680,0.000000,0,0,0,0,432,1232,300,32,400,22080,63680,0,0,0,0,432,100,0,0,0,752,8136
111,4,4,8,8,0,0,0,0,0,0,0,100,100,0,0,0,0,0,100,100,0,0.000000,0,11680,0.000000,0,0,0,0,432,1232,300,32,400,22080,63680,0,0,0,0,432,100,0,0,0,793,8136
112,4,4,8,8,0,0,0,0,0,0,0,100,100,0,0,0,0,0,100,100,0,0.000000,0,11680,0.000000,0,0,0,0,432,1232,300,32,400,22080,63680,0,0,0,0,432,100,0,0,0,752,8136
113,4,4,8,8,0,0,0,0,0,0,0,100,100,100,0,0,0,0,100,100,100,100.000000,1600,11680,13.698630,10,10,10,10,432,1232,300,32,400,22080,63680,0,0,0,0,432,100,0,0,0,742,8136
114,4,4,8,8,0,0,0,0,0,0,0,100,100,0,0,0,0,0,100,100,0,0.000000,0,11680,0.000000,0,0,0,0,432,632,300,32,400,22080,32480,0,0,0,0,432,100,0,0,0,590,8136
115,4,4,8,8,0,0,0,0,0,0,0,100,100,0,0,0,0,0,100,100,0,0.000000,0,11680,0.000000,0,0,0,0,432,332,300,32,400,22080,16880,0,0,0,0,432,0,0,0,0,392,8136
116,4,4,8,8,0,0,0,0,0,0,0,100,100,0,0,0,0,0,100,100,0,0.000000,0,11680,0.000000,0,0,0,0,432,332,300,32,400,22080,16880,0,0,0,0,432,0,0,0,0,389,8136
117,4,4,8,8,0,0,0,0,0,0,0,100,100,0,0,0,0,0,100,100,0,0.000000,0,11680,0.000000,0,0,0,0,432,332,300,32,400,22080,16880,0,0,0,0,432,0,0,0,0,377,8136
118,4,4,8,8,0,0,0,0,0,0,0,100,100,0,0,0,0,0,100,100,0,0.000000,0,11680,0.000000,0,0,0,0,432,332,300,32,400,22080,16880,0,0,0,0,432,0,0,0,0,380,8136
119,4,4,8,8,0,0,0,0,0,0,0,100,100,0,0,0,0,0,100,100,0,0.000000,0,11680,0.000000,0,0,0,0,432,332,300,32,400,22080,16880,0,0,0,0,432,0,0,0,0,385,8136
120,4,4,8,8,0,0,0,0,0,0,0,100,100,0,0,0,0,0,100,100,0,0.000000,0,11680,0.000000,0,0,0,0,432,332,300,32,400,22080,16880,0,0,0,0,432,0,0,0,0,390,8136
121,4,4,8,8,0,0,0,0,0,0,0,100,100,0,0,0,0,0,100,100,0,0.000000,0,11680,0.000000,0,0,0,0,432,332,300,32,400,22080,16880,0,0,0,0,432,0,0,0,0,387,8136
122,4,4,8,8,0,0,0,0,0,0,0,100,100,100,0,0,0,0,100,100,100,100.000000,1600,11680,13.698630,10,10,10,10,432,332,300,32,400,22080,16880,0,0,0,0,432,0,0,0,0,387,8136
123,4,4,8,8,0,0,0,0,0,0,0,100,100,0,0,0,0,0,100,100,0,0.000000,0,11680,0.000000,0,0,0,0,432,332,300,32,400,22080,16880,0,0,0,0,432,0,0,0,0,365,8136
124,4,4,8,8,0,0,0,0,0,0,0,100,100,0,0,0,0,0,100,100,0,0.000000,0,11680,0.000000,0,0,0,0,432,332,300,32,400,22080,16880,0,0,0,0,432,0,0,0,0,386,8136
125,4,4,8,8,0,0,0,0,0,0,0,100,100,0,0,0,0,0,100,100,0,0.000000,0,11680,0.000000,0,0,0,0,432,332,300,32,400,22080,16880,0,0,0,0,432,0,0,0,0,432,8136
126,4,4,8,8,0,0,0,0,0,0,0,100,100,0,0,0,0,0,100,100,0,0.000000,0,11680,0.000000,0,0,0,0,432,332,300,32,400,22080,16880,0,0,0,0,432,0,0,0,0,399,8136
127,4,4,8,8,0,0,0,0,0,0,0,100,100,0,0,0,0,0,100,100,0,0.000000,0,11680,0.000000,0,0,0,0,432,332,300,32,400,22080,16880,0,0,0,0,432,0,0,0,0,393,8136
128,4,4,8,8,0,0,0,0,0,0,0,100,100,0,0,0,0,0,100,100,0,0.000000,0,11680,0.000000,0,0,0,0,432,332,300,32,400,22080,16880,0,0,0,0,432,0,0,0,0,405,8136
129,4,4,8,8,0,0,0,0,0,0,0,100,100,0,0,0,0,0,100,100,0,0.000000,0,11680,0.000000,0,0,0,0,432,332,300,32,400,22080,16880,0,0,0,0,432,0,0,0,0,405,8136
130,4,4,8,8,0,0,0,0,0,0,0,100,100,0,0,0,0,0,100,100,0,0.000000,0,11680,0.000000,0,0,0,0,432,332,300,32,400,22080,16880,0,0,0,0,432,0,0,0,0,387,8136
131,4,4,8,8,0,0,0,0,0,0,0,100,100,100,0,0,0,0,100,100,100,100.000000,1600,11680,13.698630,10,10,10,10,432,332,300,32,400,22080,16880,0,0,0,0,432,0,0,0,0,420,8136
132,4,4,8,8,0,0,0,0,0,0,0,100,100,0,0,0,0,0,100,100,0,0.000000,0,11680,0.000000,0,0,0,0,432,332,300,32,400,22080,16880,0,0,0,0,432,0,0,0,0,414,8136
133,4,4,8,8,0,0,0,0,0,0,0,100,100,0,0,0,0,0,100,100,0,0.000000,0,11680,0.000000,0,0,0,0,432,332,300,32,400,22080,16880,0,0,0,0,432,0,0,0,0,390,8136
134,4,4,8,8,0,0,0,0,0,0,0,100,100,0,0,0,0,0,100,100,0,0.000000,0,11680,0.000000,0,0,0,0,432,332,300,32,400,22080,16880,0,0,0,0,432,0,0,0,0,401,8136
135,4,4,8,8,0,0,0,0,0,0,0,100,100,0,0,0,0,0,100,100,0,0.000000,0,11680,0.000000,0,0,0,0,432,332,300,32,400,22080,16880,0,0,0,0,432,0,0,0,0,379,8136
136,4,4,8,8,0,0,0,0,0,0,0,100,100,0,0,0,0,0,100,100,0,0.000000,0,11680,0.000000,0,0,0,0,432,332,300,32,400,22080,16880,0,0,0,0,432,0,0,0,0,410,8136
137,4,4,8,8,0,0,0,0,0,0,0,100,100,0,0,0,0,0,100,100,0,0.000000,0,11680,0.000000,0,0,0,0,432,332,300,32,400,22080,16880,0,0,0,0,432,0,0,0,0,408,8136
138,4,4,8,8,0,0,0,0,0,0,0,100,100,0,0,0,0,0,100,100,0,0.000000,0,11680,0.000000,0,0,0,0,432,332,300,32,400,22080,16880,0,0,0,0,432,0,0,0,0,412,8136
139,4,4,8,8,0,0,0,0,0,0,0,100,100,0,0,0,0,0,100,100,0,0.000000,0,11680,0.000000,0,0,0,0,432,332,300,32,400,22080,16880,0,0,0,0,432,0,0,0,0,400,8136
140,4,4,8,8,0,0,0,0,0,0,0,100,100,100,0,0,0,0,100,100,100,100.000000,1600,11680,13.698630,10,10,10,10,432,332,300,32,400,22080,16880,0,0,0,0,432,0,0,0,0,410,8136
141,4,4,8,8,0,0,0,0,0,0,0,100,100,0,0,0,0,0,100,100,0,0.000000,0,11680,0.000000,0,0,0,0,432,332,300,32,400,22080,16880,0,0,0,0,432,0,0,0,0,383,8136
142,4,4,8,8,0,0,0,0,0,0,0,100,100,0,0,0,0,0,100,100,0,0.000000,0,11680,0.000000,0,0,0,0,432,332,300,32,400,22080,16880,0,0,0,0,432,0,0,0,0,384,8136
143,4,4,8,8,0,0,0,0,0,0,0,100,100,0,0,0,0,0,100,100,0,0.000000,0,11680,0.000000,0,0,0,0,432,332,300,32,400,22080,16880,0,0,0,0,432,0,0,0,0,403,8136
144,4,4,8,8,0,0,0,0,0,0,0,100,100,0,0,0,0,0,100,100,0,0.000000,0,11680,0.000000,0,0,0,0,432,332,300,32,400,22080,16880,0,0,0,0,432,0,0,0,0,398,8136
145,4,4,8,8,0,0,0,0,0,0,0,100,100,0,0,0,0,0,100,100,0,0.000000,0,11680,0.000000,0,0,0,0,432,332,300,32,400,22080,16880,0,0,0,0,432,0,0,0,0,397,8136
146,4,4,8,8,0,0,0,0,0,0,0,100,100,0,0,0,0,0,100,100,0,0.000000,0,11680,0.000000,0,0,0,0,432,332,300,32,400,22080,16880,0,0,0,0,432,0,0,0,0,406,8136
147,4,4,8,8,0,0,0,0,0,0,0,100,100,0,0,0,0,0,100,100,0,0.000000,0,11680,0.000000,0,0,0,0,432,332,300,32,400,22080,16880,0,0,0,0,432,0,0,0,0,386,8136
148,4,4,8,8,0,0,0,0,0,0,0,100,100,0,0,0,0,0,100,100,0,0.000000,0,11680,0.000000,0,0,0,0,432,332,300,32,400,22080,16880,0,0,0,0,432,0,0,0,0,401,8136
149,4,4,8,8,0,0,0,0,0,0,0,100,100,100,0,0,0,0,100,100,100,100.000000,1600,11680,13.698630,10,10,10,10,432,332,300,32,400,22080,16880,0,0,0,0,432,0,0,0,0,400,8136
150,4,4,8,8,0,0,0,0,0,0,0,100,100,0,0,0,0,0,100,100,0,0.000000,0,11680,0.000000,0,0,0,0,432,332,300,32,400,22080,16880,0,0,0,0,432,0,0,0,0,394,8136
151,4,4,8,8,0,0,0,0,0,0,0,100,100,0,0,0,0,0,100,100,0,0.000000,0,11680,0.000000,0,0,0,0,432,332,300,32,400,22080,16880,0,0,0,0,432,0,0,0,0,397,8136
152,4,4,8,8,0,0,0,0,0,0,0,100,100,0,0,0,0,0,100,100,0,0.000000,0,11680,0.000000,0,0,0,0,432,332,300,32,400,22080,16880,0,0,0,0,432,0,0,0,0,404,8136
153,4,4,8,8,0,0,0,0,0,0,0,100,100,0,0,0,0,0,100,100,0,0.000000,0,11680,0.000000,0,0,0,0,432,332,300,32,400,22080,16880,0,0,0,0,432,0,0,0,0,394,8136
154,4,4,8,8,0,0,0,0,0,0,0,100,100,0,0,0,0,0,100,100,0,0.000000,0,11680,0.000000,0,0,0,0,432,332,300,32,400,22080,16880,0,0,0,0,432,0,0,0,0,402,8136
155,4,4,8,8,0,0,0,0,0,0,0,100,100,0,0,0,0,0,100,100,0,0.000000,0,11680,0.000000,0,0,0,0,432,332,300,32,400,22080,16880,0,0,0,0,432,0,0,0,0,404,8136
156,4,4,8,8,0,0,0,0,0,0,0,100,100,0,0,0,0,0,100,100,0,0.000000,0,11680,0.000000,0,0,0,0,432,332,300,32,400,22080,16880,0,0,0,0,432,0,0,0,0,413,8136
157,4,4,8,8,0,0,0,0,0,0,0,100,100,0,0,0,0,0,100,100,0,0.000000,0,11680,0.000000,0,0,0,0,432,332,300,32,400,22080,16880,0,0,0,0,432,0,0,0,0,383,8136
158,4,4,8,8,0,0,0,0,0,0,0,100,100,100,0,0,0,0,100,100,100,100.000000,1600,11680,13.698630,10,10,10,10,432,332,300,32,400,22080,16880,0,0,0,0,432,0,0,0,0,395,8136
159,4,4,8,8,0,0,0,0,0,0,0,100,100,0,0,0,0,0,100,100,0,0.000000,0,11680,0.000000,0,0,0,0,432,332,300,32,400,22080,16880,0,0,0,0,432,0,0,0,0,381,8136
160,4,4,8,8,0,0,0,0,0,0,0,100,100,0,0,0,0,0,100,100,0,0.000000,0,11680,0.000000,0,0,0,0,432,332,300,32,400,22080,16880,0,0,0,0,432,0,0,0,0,396,8136
161,4,4,8,8,0,0,0,0,0,0,0,100,100,0,0,0,0,0,100,100,0,0.000000,0,11680,0.000000,0,0,0,0,432,332,300,32,400,22080,16880,0,0,0,0,432,0,0,0,0,392,8136
162,4,4,8,8,0,0,0,0,0,0,0,100,100,0,0,0,0,0,100,100,0,0.000000,0,11680,0.000000,0,0,0,0,432,332,300,32,400,22080,16880,0,0,0,0,432,0,0,0,0,386,8136
163,4,4,8,8,0,0,0,0,0,0,0,100,100,0,0,0,0,0,100,100,0,0.000000,0,11680,0.000000,0,0,0,0,432,332,300,32,400,22080,16880,0,0,0,0,432,0,0,0,0,370,8136
164,4,4,8,8,0,0,0,0,0,0,0,100,100,0,0,0,0,0,100,100,0,0.000000,0,11680,0.000000,0,0,0,0,432,332,300,32,400,22080,16880,0,0,0,0,432,0,0,0,0,396,8136
165,4,4,8,8,0,0,0,0,0,0,0,100,100,0,0,0,0,0,100,100,0,0.000000,0,11680,0.000000,0,0,0,0,432,332,300,32,400,22080,16880,0,0,0,0,432,0,0,0,0,402,8136
166,4,4,8,8,0,0,0,0,0,0,0,100,100,0,0,0,0,0,100,100,0,0.000000,0,11680,0.000000,0,0,0,0,432,332,300,32,400,22080,16880,0,0,0,0,432,0,0,0,0,391,8136
167,4,4,8,8,0,0,0,0,0,0,0,100,100,100,0,0,0,0,100,100,100,100.000000,1600,11680,13.698630,10,10,10,10,432,332,300,32,400,22080,16880,0,0,0,0,432,0,0,0,0,393,8136
168,4,4,8,8,0,0,0,0,0,0,0,100,100,0,0,0,0,0,100,100,0,0.000000,0,11680,0.000000,0,0,0,0,432,332,300,32,400,22080,16880,0,0,0,0,432,0,0,0,0,406,8136
169,4,4,8,8,0,0,0,0,0,0,0,100,100,0,0,0,0,0,100,100,0,0.000000,0,11680,0.000000,0,0,0,0,432,332,300,32,400,22080,16880,0,0,0,0,432,0,0,0,0,393,8136
170,4,4,8,8,0,0,0,0,0,0,0,100,100,0,0,0,0,0,100,100,0,0.000000,0,11680,0.000000,0,0,0,0,432,332,300,32,400,22080,16880,0,0,0,0,432,0,0,0,0,425,8136
171,4,4,8,8,0,0,0,0,0,0,0,100,100,0,0,0,0,0,100,100,0,0.000000,0,11680,0.000000,0,0,0,0,432,332,300,32,400,22080,16880,0,0,0,0,432,0,0,0,0,428,8136
172,4,4,8,8,0,0,0,0,0,0,0,100,100,0,0,0,0,0,100,100,0,0.000000,0,11680,0.000000,0,0,0,0,432,332,300,32,400,22080,16880,0,0,0,0,432,0,0,0,0,411,8136
173,4,4,8,8,0,0,0,0,0,0,0,100,100,0,0,0,0,0,100,100,0,0.000000,0,11680,0.000000,0,0,0,0,432,332,300,32,400,22080,16880,0,0,0,0,432,0,0,0,0,401,8136
174,4,4,8,8,0,0,0,0,0,0,0,100,100,0,0,0,0,0,100,100,0,0.000000,0,11680,0.000000,0,0,0,0,432,332,300,32,400,22080,16880,0,0,0,0,432,0,0,0,0,397,8136
175,4,4,8,8,0,0,0,0,0,0,0,100,100,0,0,0,0,0,100,100,0,0.000000,0,11680,0.000000,0,0,0,0,432,332,300,32,400,22080,16880,0,0,0,0,432,0,0,0,0,391,8136
176,4,4,8,8,0,0,0,0,0,0,0,100,100,100,0,0,0,0,100,100,100,100.000000,1600,11680,13.698630,10,10,10,10,432,332,300,32,400,22080,16880,0,0,0,0,432,0,0,0,0,413,8136
177,4,4,8,8,0,0,0,0,0,0,0,100,100,0,0,0,0,0,100,100,0,0.000000,0,11680,0.000000,0,0,0,0,432,332,300,32,400,22080,16880,0,0,0,0,432,0,0,0,0,402,8136
178,4,4,8,8,0,0,0,0,0,0,0,100,100,0,0,0,0,0,100,100,0,0.000000,0,11680,0.000000,0,0,0,0,432,332,300,32,400,22080,16880,0,0,0,0,432,0,0,0,0,379,8136
179,4,4,8,8,0,0,0,0,0,0,0,100,100,0,0,0,0,0,100,100,0,0.000000,0,11680,0.000000,0,0,0,0,432,332,300,32,400,22080,16880,0,0,0,0,432,0,0,0,0,385,8136
180,4,4,8,8,0,0,0,0,0,0,0,100,100,0,0,0,0,0,100,100,0,0.000000,0,11680,0.000000,0,0,0,0,432,332,300,32,400,22080,16880,0,0,0,0,432,0,0,0,0,389,8136
181,4,4,8,8,0,0,0,0,0,0,0,100,100,0,0,0,0,0,100,100,0,0.000000,0,11680,0.000000,0,0,0,0,432,332,300,32,400,22080,16880,0,0,0,0,432,0,0,0,0,372,8136
182,4,4,8,8,0,0,0,0,0,0,0,100,100,0,0,0,0,0,100,100,0,0.000000,0,11680,0.000000,0,0,0,0,432,332,300,32,400,22080,16880,0,0,0,0,432,0,0,0,0,383,8136
183,4,4,8,8,0,0,0,0,0,0,0,100,100,0,0,0,0,0,100,100,0,0.000000,0,11680,0.000000,0,0,0,0,432,332,300,32,400,22080,16880,0,0,0,0,432,0,0,0,0,382,8136
184,4,4,8,8,0,0,0,0,0,0,0,100,100,0,0,0,0,0,100,100,0,0.000000,0,11680,0.000000,0,0,0,0,432,332,300,32,400,22080,16880,0,0,0,0,432,0,0,0,0,390,8136
185,4,4,8,8,0,0,0,0,0,0,0,100,100,100,0,0,0,0,100,100,100,100.000000,1600,11680,13.698630,10,10,10,10,432,332,300,32,400,22080,16880,0,0,0,0,432,0,0,0,0,396,8136
186,4,4,8,8,0,0,0,0,0,0,0,100,100,0,0,0,0,0,100,100,0,0.000000,0,11680,0.000000,0,0,0,0,432,332,300,32,400,22080,16880,0,0,0,0,432,0,0,0,0,393,8136
187,4,4,8,8,0,0,0,0,0,0,0,100,100,0,0,0,0,0,100,100,0,0.000000,0,11680,0.000000,0,0,0,0,432,332,300,32,400,22080,16880,0,0,0,0,432,0,0,0,0,403,8136
188,4,4,8,8,0,0,0,0,0,0,0,100,100,0,0,0,0,0,100,100,0,0.000000,0,11680,0.000000,0,0,0,0,432,332,300,32,400,22080,16880,0,0,0,0,432,0,0,0,0,421,8136
189,4,4,8,8,0,0,0,0,0,0,0,100,100,0,0,0,0,0,100,100,0,0.000000,0,11680,0.000000,0,0,0,0,432,332,300,32,400,22080,16880,0,0,0,0,432,0,0,0,0,395,8136
190,4,4,8,8,0,0,0,0,0,0,0,100,100,0,0,0,0,0,100,100,0,0.000000,0,11680,0.000000,0,0,0,0,432,332,300,32,400,22080,16880,0,0,0,0,432,0,0,0,0,387,8136
191,4,4,8,8,0,0,0,0,0,0,0,100,100,0,0,0,0,0,100,100,0,0.000000,0,11680,0.000000,0,0,0,0,432,332,300,32,400,22080,16880,0,0,0,0,432,0,0,0,0,400,8136
192,4,4,8,8,0,0,0,0,0,0,0,100,100,0,0,0,0,0,100,100,0,0.000000,0,11680,0.000000,0,0,0,0,432,332,300,32,400,22080,16880,0,0,0,0,432,0,0,0,0,407,8136
193,4,4,8,8,0,0,0,0,0,0,0,100,100,0,0,0,0,0,100,100,0,0.000000,0,11680,0.000000,0,0,0,0,432,332,300,32,400,22080,16880,0,0,0,0,432,0,0,0,0,405,8136
194,4,4,8,8,0,0,0,0,0,0,0,100,100,100,0,0,0,0,100,100,100,100.000000,1600,11680,13.698630,10,10,10,10,432,332,300,32,400,22080,16880,0,0,0,0,432,0,0,0,0,401,8136
195,4,4,8,8,0,0,0,0,0,0,0,100,100,0,0,0,0,0,100,100,0,0.000000,0,11680,0.000000,0,0,0,0,432,332,300,32,400,22080,16880,0,0,0,0,432,0,0,0,0,375,8136
196,4,4,8,8,0,0,0,0,0,0,0,100,100,0,0,0,0,0,100,100,0,0.000000,0,11680,0.000000,0,0,0,0,432,332,300,32,400,22080,16880,0,0,0,0,432,0,0,0,0,394,8136
197,4,4,8,8,0,0,0,0,0,0,0,100,100,0,0,0,0,0,100,100,0,0.000000,0,11680,0.000000,0,0,0,0,432,332,300,32,400,22080,16880,0,0,0,0,432,0,0,0,0,386,8136
198,4,4,8,8,0,0,0,0,0,0,0,100,100,0,0,0,0,0,100,100,0,0.000000,0,11680,0.000000,0,0,0,0,432,332,300,32,400,22080,16880,0,0,0,0,432,0,0,0,0,400,8136
199,4,4,8,8,0,0,0,0,0,0,0,100,100,0,0,0,0,0,100,100,0,0.000000,0,11680,0.000000,0,0,0,0,432,332,300,32,400,22080,16880,0,0,0,0,432,0,0,0,0,397,8136
200,4,4,8,8,0,0,0,0,0,0,0,100,100,0,0,0,0,0,100,100,0,0.000000,0,11680,0.000000,0,0,0,0,432,332,300,32,400,22080,16880,0,0,0,0,432,0,0,0,0,471,8136
201,4,4,8,8,0,0,0,0,0,0,0,100,100,0,0,0,0,0,100,100,0,0.000000,0,11680,0.000000,0,0,0,0,432,332,300,32,400,22080,16880,0,0,0,0,432,0,0,0,0,412,8136
202,4,4,8,8,0,0,0,0,0,0,0,100,100,0,0,0,0,0,100,100,0,0.000000,0,11680,0.000000,0,0,0,0,432,332,300,32,400,22080,16880,0,0,0,0,432,0,0,0,0,407,8136
203,4,4,8,8,0,0,0,0,0,0,0,100,100,100,0,0,0,0,100,100,100,100.000000,1600,11680,13.698630,10,10,10,10,432,332,300,32,400,22080,16880,0,0,0,0,432,0,0,0,0,372,8136
204,4,4,8,8,0,0,0,0,0,0,0,100,100,0,0,0,0,0,100,100,0,0.000000,0,11680,0.000000,0,0,0,0,432,332,300,32,400,22080,16880,0,0,0,0,432,0,0,0,0,379,8136
205,4,4,8,8,0,0,0,0,0,0,0,100,100,0,0,0,0,0,100,100,0,0.000000,0,11680,0.000000,0,0,0,0,432,332,300,32,400,22080,16880,0,0,0,0,432,0,0,0,0,393,8136
206,4,4,8,8,0,0,0,0,0,0,0,100,100,0,0,0,0,0,100,100,0,0.000000,0,11680,0.000000,0,0,0,0,432,332,300,32,400,22080,16880,0,0,0,0,432,0,0,0,0,410,8136
207,4,4,8,8,0,0,0,0,0,0,0,100,100,0,0,0,0,0,100,100,0,0.000000,0,11680,0.000000,0,0,0,0,432,332,300,32,400,22080,16880,0,0,0,0,432,0,0,0,0,424,8136
208,4,4,8,8,0,0,0,0,0,0,0,100,100,0,0,0,0,0,100,100,0,0.000000,0,11680,0.000000,0,0,0,0,432,332,300,32,400,22080,16880,0,0,0,0,432,0,0,0,0,397,8136
209,4,4,8,8,0,0,0,0,0,0,0,100,100,0,0,0,0,0,100,100,0,0.000000,0,11680,0.000000,0,0,0,0,432,332,300,32,400,22080,16880,0,0,0,0,432,0,0,0,0,391,8136
210,4,4,8,8,0,0,0,0,0,0,0,100,100,0,0,0,0,0,100,100,0,0.000000,0,11680,0.000000,0,0,0,0,432,332,300,32,400,22080,16880,0,0,0,0,432,0,0,0,0,402,8136
211,4,4,8,8,0,0,0,0,0,0,0,100,100,0,0,0,0,0,100,100,0,0.000000,0,11680,0.000000,0,0,0,0,432,332,300,32,400,22080,16880,0,0,0,0,432,0,0,0,0,407,8136
212,4,4,8,8,0,0,0,0,0,0,0,100,100,100,0,0,0,0,100,100,100,100.000000,1600,11680,13.698630,10,10,10,10,432,332,300,32,400,22080,16880,0,0,0,0,432,0,0,0,0,429,8136
213,4,4,8,8,0,0,0,0,0,0,0,100,100,0,0,0,0,0,100,100,0,0.000000,0,11680,0.000000,0,0,0,0,432,332,300,32,400,22080,16880,0,0,0,0,432,0,0,0,0,395,8136
214,4,4,8,8,0,0,0,0,0,0,0,100,100,0,0,0,0,0,100,100,0,0.000000,0,11680,0.000000,0,0,0,0,432,332,300,32,400,22080,16880,0,0,0,0,432,0,0,0,0,403,8136
215,4,4,8,8,0,0,0,0,0,0,0,100,100,0,0,0,0,0,100,100,0,0.000000,0,11680,0.000000,0,0,0,0,432,332,300,32,400,22080,16880,0,0,0,0,432,0,0,0,0,392,8136
216,4,4,8,8,0,0,0,0,0,0,0,100,100,0,0,0,0,0,100,100,0,0.000000,0,11680,0.000000,0,0,0,0,432,332,300,32,400,22080,16880,0,0,0,0,432,0,0,0,0,404,8136
217,4,4,8,8,0,0,0,0,0,0,0,100,100,0,0,0,0,0,100,100,0,0.000000,0,11680,0.000000,0,0,0,0,432,332,300,32,400,22080,16880,0,0,0,0,432,0,0,0,0,412,8136
218,4,4,8,8,0,0,0,0,0,0,0,100,100,0,0,0,0,0,100,100,0,0.000000,0,11680,0.000000,0,0,0,0,432,332,300,32,400,22080,16880,0,0,0,0,432,0,0,0,0,402,8136
219,4,4,8,8,0,0,0,0,0,0,0,100,100,0,0,0,0,0,100,100,0,0.000000,0,11680,0.000000,0,0,0,0,432,332,300,32,400,22080,16880,0,0,0,0,432,0,0,0,0,406,8136
220,4,4,8,8,0,0,0,0,0,0,0,100,100,0,0,0,0,0,100,100,0,0.000000,0,11680,0.000000,0,0,0,0,432,332,300,32,400,22080,16880,0,0,0,0,432,0,0,0,0,405,8136
221,4,4,8,8,0,0,0,0,0,0,0,100,100,100,0,0,0,0,100,100,100,100.000000,1600,11680,13.698630,10,10,10,10,432,332,300,32,400,22080,16880,0,0,0,0,432,0,0,0,0,404,8136
222,4,4,8,8,0,0,0,0,0,0,0,100,100,0,0,0,0,0,100,100,0,0.000000,0,11680,0.000000,0,0,0,0,432,332,300,32,400,22080,16880,0,0,0,0,432,0,0,0,0,481,8136
223,4,4,8,8,0,0,0,0,0,0,0,100,100,0,0,0,0,0,100,100,0,0.000000,0,11680,0.000000,0,0,0,0,432,332,300,32,400,22080,16880,0,0,0,0,432,0,0,0,0,400,8136
224,4,4,8,8,0,0,0,0,0,0,0,100,100,0,0,0,0,0,100,100,0,0.000000,0,11680,0.000000,0,0,0,0,432,332,300,32,400,22080,16880,0,0,0,0,432,0,0,0,0,391,8136
225,4,4,8,8,0,0,0,0,0,0,0,100,100,0,0,0,0,0,100,100,0,0.000000,0,11680,0.000000,0,0,0,0,432,332,300,32,400,22080,16880,0,0,0,0,432,0,0,0,0,392,8136
226,4,4,8,8,0,0,0,0,0,0,0,100,100,0,0,0,0,0,100,100,0,0.000000,0,11680,0.000000,0,0,0,0,432,332,300,32,400,22080,16880,0,0,0,0,432,0,0,0,0,404,8136
227,4,4,8,8,0,0,0,0,0,0,0,100,100,0,0,0,0,0,100,100,0,0.000000,0,11680,0.000000,0,0,0,0,432,332,300,32,400,22080,16880,0,0,0,0,432,0,0,0,0,396,8136
228,4,4,8,8,0,0,0,0,0,0,0,100,100,0,0,0,0,0,100,100,0,0.000000,0,11680,0.000000,0,0,0,0,432,332,300,32,400,22080,16880,0,0,0,0,432,0,0,0,0,382,8136
229,4,4,8,8,0,0,0,0,0,0,0,100,100,0,0,0,0,0,100,100,0,0.000000,0,11680,0.000000,0,0,0,0,432,332,300,32,400,22080,16880,0,0,0,0,432,0,0,0,0,389,8136
230,4,4,8,8,0,0,0,0,0,0,0,100,100,100,0,0,0,0,100,100,100,100.000000,1600,11680,13.698630,10,10,10,10,432,332,300,32,400,22080,16880,0,0,0,0,432,0,0,0,0,388,8136
231,4,4,8,8,0,0,0,0,0,0,0,100,100,0,0,0,0,0,100,100,0,0.000000,0,11680,0.000000,0,0,0,0,432,332,300,32,400,22080,16880,0,0,0,0,432,0,0,0,0,393,8136
232,4,4,8,8,0,0,0,0,0,0,0,100,100,0,0,0,0,0,100,100,0,0.000000,0,11680,0.000000,0,0,0,0,432,332,300,32,400,22080,16880,0,0,0,0,432,0,0,0,0,399,8136
233,4,4,8,8,0,0,0,0,0,0,0,100,100,0,0,0,0,0,100,100,0,0.000000,0,11680,0.000000,0,0,0,0,432,332,300,32,400,22080,16880,0,0,0,0,432,0,0,0,0,398,8136
234,4,4,8,8,0,0,0,0,0,0,0,100,100,0,0,0,0,0,100,100,0,0.000000,0,11680,0.000000,0,0,0,0,432,332,300,32,400,22080,16880,0,0,0,0,432,0,0,0,0,409,8136
235,4,4,8,8,0,0,0,0,0,0,0,100,100,0,0,0,0,0,100,100,0,0.000000,0,11680,0.000000,0,0,0,0,432,332,300,32,400,22080,16880,0,0,0,0,432,0,0,0,0,397,8136
236,4,4,8,8,0,0,0,0,0,0,0,100,100,0,0,0,0,0,100,100,0,0.000000,0,11680,0.000000,0,0,0,0,432,332,300,32,400,22080,16880,0,0,0,0,432,0,0,0,0,391,8136
237,4,4,8,8,0,0,0,0,0,0,0,100,100,0,0,0,0,0,100,100,0,0.000000,0,11680,0.000000,0,0,0,0,432,332,300,32,400,22080,16880,0,0,0,0,432,0,0,0,0,396,8136
238,4,4,8,8,0,0,0,0,0,0,0,100,100,0,0,0,0,0,100,100,0,0.000000,0,11680,0.000000,0,0,0,0,432,332,300,32,400,22080,16880,0,0,0,0,432,0,0,0,0,402,8136
239,4,4,8,8,0,0,0,0,0,0,0,100,100,100,0,0,0,0,100,100,100,100.000000,1600,11680,13.698630,10,10,10,10,432,332,300,32,400,22080,16880,0,0,0,0,432,0,0,0,0,401,8136
240,4,4,8,8,0,0,0,0,0,0,0,100,100,0,0,0,0,0,100,100,0,0.000000,0,11680,0.000000,0,0,0,0,432,332,300,32,400,22080,16880,0,0,0,0,432,0,0,0,0,381,8136
241,4,4,8,8,0,0,0,0,0,0,0,100,100,0,0,0,0,0,100,100,0,0.000000,0,11680,0.000000,0,0,0,0,432,332,300,32,400,22080,16880,0,0,0,0,432,0,0,0,0,404,8136
242,4,4,8,8,0,0,0,0,0,0,0,100,100,0,0,0,0,0,100,100,0,0.000000,0,11680,0.000000,0,0,0,0,432,332,300,32,400,22080,16880,0,0,0,0,432,0,0,0,0,401,8136
243,4,4,8,8,0,0,0,0,0,0,0,100,100,0,0,0,0,0,100,100,0,0.000000,0,11680,0.000000,0,0,0,0,432,332,300,32,400,22080,16880,0,0,0,0,432,0,0,0,0,389,8136
244,4,4,8,8,0,0,0,0,0,0,0,100,100,0,0,0,0,0,100,100,0,0.000000,0,11680,0.000000,0,0,0,0,432,332,300,32,400,22080,16880,0,0,0,0,432,0,0,0,0,402,8136
245,4,4,8,8,0,0,0,0,0,0,0,100,100,0,0,0,0,0,100,100,0,0.000000,0,11680,0.000000,0,0,0,0,432,332,300,32,400,22080,16880,0,0,0,0,432,0,0,0,0,426,8136
246,4,4,8,8,0,0,0,0,0,0,0,100,100,0,0,0,0,0,100,100,0,0.000000,0,11680,0.000000,0,0,0,0,432,332,300,32,400,22080,16880,0,0,0,0,432,0,0,0,0,395,8136
247,4,4,8,8,0,0,0,0,0,0,0,100,100,0,0,0,0,0,100,100,0,0.000000,0,11680,0.000000,0,0,0,0,432,332,300,32,400,22080,16880,0,0,0,0,432,0,0,0,0,398,8136
248,4,4,8,8,0,0,0,0,0,0,0,100,100,100,0,0,0,0,100,100,100,100.000000,1600,11680,13.698630,10,10,10,10,432,332,300,32,400,22080,16880,0,0,0,0,432,0,0,0,0,414,8136
249,4,4,8,8,0,0,0,0,0,0,0,100,100,0,0,0,0,0,100,100,0,0.000000,0,11680,0.000000,0,0,0,0,432,332,300,32,400,22080,16880,0,0,0,0,432,0,0,0,0,413,8136
250,4,4,8,8,0,0,0,0,0,0,0,100,100,0,0,0,0,0,100,100,0,0.000000,0,11680,0.000000,0,0,0,0,432,332,300,32,400,22080,16880,0,0,0,0,432,0,0,0,0,405,8136
251,4,4,8,8,0,0,0,0,0,0,0,100,100,0,0,0,0,0,100,100,0,0.000000,0,11680,0.000000,0,0,0,0,432,332,300,32,400,22080,16880,0,0,0,0,432,0,0,0,0,412,8136
252,4,4,8,8,0,0,0,0,0,0,0,100,100,0,0,0,0,0,100,100,0,0.000000,0,11680,0.000000,0,0,0,0,432,332,300,32,400,22080,16880,0,0,0,0,432,0,0,0,0,397,8136
253,4,4,8,8,0,0,0,0,0,0,0,100,100,0,0,0,0,0,100,100,0,0.000000,0,11680,0.000000,0,0,0,0,432,332,300,32,400,22080,16880,0,0,0,0,432,0,0,0,0,379,8136
254,4,4,8,8,0,0,0,0,0,0,0,100,100,0,0,0,0,0,100,100,0,0.000000,0,11680,0.000000,0,0,0,0,432,332,300,32,400,22080,16880,0,0,0,0,432,0,0,0,0,409,8136
255,4,4,8,8,0,0,0,0,0,0,0,100,100,0,0,0,0,0,100,100,0,0.000000,0,11680,0.000000,0,0,0,0,432,332,300,32,400,22080,16880,0,0,0,0,432,0,0,0,0,371,8136
256,4,4,8,8,0,0,0,0,0,0,0,100,100,0,0,0,0,0,100,100,0,0.000000,0,11680,0.000000,0,0,0,0,432,332,300,32,400,22080,16880,0,0,0,0,432,0,0,0,0,413,8136
257,4,4,8,8,0,0,0,0,0,0,0,100,100,100,0,0,0,0,100,100,100,100.000000,1600,11680,13.698630,10,10,10,10,432,332,300,32,400,22080,16880,0,0,0,0,432,0,0,0,0,399,8136
258,4,4,8,8,0,0,0,0,0,0,0,100,100,0,0,0,0,0,100,100,0,0.000000,0,11680,0.000000,0,0,0,0,432,332,300,32,400,22080,16880,0,0,0,0,432,0,0,0,0,402,8136
259,4,4,8,8,0,0,0,0,0,0,0,100,100,0,0,0,0,0,100,100,0,0.000000,0,11680,0.000000,0,0,0,0,432,332,300,32,400,22080,16880,0,0,0,0,432,0,0,0,0,384,8136
260,4,4,8,8,0,0,0,0,0,0,0,100,100,0,0,0,0,0,100,100,0,0.000000,0,11680,0.000000,0,0,0,0,432,332,300,32,400,22080,16880,0,0,0,0,432,0,0,0,0,410,8136
261,4,4,8,8,0,0,0,0,0,0,0,100,100,0,0,0,0,0,100,100,0,0.000000,0,11680,0.000000,0,0,0,0,432,332,300,32,400,22080,16880,0,0,0,0,432,0,0,0,0,406,8136
262,4,4,8,8,0,0,0,0,0,0,0,100,100,0,0,0,0,0,100,100,0,0.000000,0,11680,0.000000,0,0,0,0,432,332,300,32,400,22080,16880,0,0,0,0,432,0,0,0,0,356,8136
263,4,4,8,8,0,0,0,0,0,0,0,100,100,0,0,0,0,0,100,100,0,0.000000,0,11680,0.000000,0,0,0,0,432,332,300,32,400,22080,16880,0,0,0,0,432,0,0,0,0,359,8136
264,4,4,8,8,0,0,0,0,0,0,0,100,100,0,0,0,0,0,100,100,0,0.000000,0,11680,0.000000,0,0,0,0,432,332,300,32,400,22080,16880,0,0,0,0,432,0,0,0,0,382,8136
265,4,4,8,8,0,0,0,0,0,0,0,100,100,0,0,0,0,0,100,100,0,0.000000,0,11680,0.000000,0,0,0,0,432,332,300,32,400,22080,16880,0,0,0,0,432,0,0,0,0,385,8136
266,4,4,8,8,0,0,0,0,0,0,0,100,100,100,0,0,0,0,100,100,100,100.000000,1600,11680,13.698630,10,10,10,10,432,332,300,32,400,22080,16880,0,0,0,0,432,0,0,0,0,372,8136
267,4,4,8,8,0,0,0,0,0,0,0,100,100,0,0,0,0,0,100,100,0,0.000000,0,11680,0.000000,0,0,0,0,432,332,300,32,400,22080,16880,0,0,0,0,432,0,0,0,0,367,8136
268,4,4,8,8,0,0,0,0,0,0,0,100,100,0,0,0,0,0,100,100,0,0.000000,0,11680,0.000000,0,0,0,0,432,332,300,32,400,22080,16880,0,0,0,0,432,0,0,0,0,362,8136
269,4,4,8,8,0,0,0,0,0,0,0,100,100,0,0,0,0,0,100,100,0,0.000000,0,11680,0.000000,0,0,0,0,432,332,300,32,400,22080,16880,0,0,0,0,432,0,0,0,0,397,8136
270,4,4,8,8,0,0,0,0,0,0,0,100,100,0,0,0,0,0,100,100,0,0.000000,0,11680,0.000000,0,0,0,0,432,332,300,32,400,22080,16880,0,0,0,0,432,0,0,0,0,421,8136
271,4,4,8,8,0,0,0,0,0,0,0,100,100,0,0,0,0,0,100,100,0,0.000000,0,11680,0.000000,0,0,0,0,432,332,300,32,400,22080,16880,0,0,0,0,432,0,0,0,0,401,8136
272,4,4,8,8,0,0,0,0,0,0,0,100,100,0,0,0,0,0,100,100,0,0.000000,0,11680,0.000000,0,0,0,0,432,332,300,32,400,22080,16880,0,0,0,0,432,0,0,0,0,425,8136
273,4,4,8,8,0,0,0,0,0,0,0,100,100,0,0,0,0,0,100,100,0,0.000000,0,11680,0.000000,0,0,0,0,432,332,300,32,400,22080,16880,0,0,0,0,432,0,0,0,0,426,8136
274,4,4,8,8,0,0,0,0,0,0,0,100,100,0,0,0,0,0,100,100,0,0.000000,0,11680,0.000000,0,0,0,0,432,332,300,32,400,22080,16880,0,0,0,0,432,0,0,0,0,415,8136
275,4,4,8,8,0,0,0,0,0,0,0,100,100,100,0,0,0,0,100,100,100,100.000000,1600,11680,13.698630,10,10,10,10,432,332,300,32,400,22080,16880,0,0,0,0,432,0,0,0,0,428,8136
276,4,4,8,8,0,0,0,0,0,0,0,100,100,0,0,0,0,0,100,100,0,0.000000,0,11680,0.000000,0,0,0,0,432,332,300,32,400,22080,16880,0,0,0,0,432,0,0,0,0,418,8136
277,4,4,8,8,0,0,0,0,0,0,0,100,100,0,0,0,0,0,100,100,0,0.000000,0,11680,0.000000,0,0,0,0,432,332,300,32,400,22080,16880,0,0,0,0,432,0,0,0,0,413,8136
278,4,4,8,8,0,0,0,0,0,0,0,100,100,0,0,0,0,0,100,100,0,0.000000,0,11680,0.000000,0,0,0,0,432,332,300,32,400,22080,16880,0,0,0,0,432,0,0,0,0,415,8136
279,4,4,8,8,0,0,0,0,0,0,0,100,100,0,0,0,0,0,100,100,0,0.000000,0,11680,0.000000,0,0,0,0,432,332,300,32,400,22080,16880,0,0,0,0,432,0,0,0,0,408,8136
280,4,4,8,8,0,0,0,0,0,0,0,100,100,0,0,0,0,0,100,100,0,0.000000,0,11680,0.000000,0,0,0,0,432,332,300,32,400,22080,16880,0,0,0,0,432,0,0,0,0,430,8136
281,4,4,8,8,0,0,0,0,0,0,0,100,100,0,0,0,0,0,100,100,0,0.000000,0,11680,0.000000,0,0,0,0,432,332,300,32,400,22080,16880,0,0,0,0,432,0,0,0,0,427,8136
282,4,4,8,8,0,0,0,0,0,0,0,100,100,0,0,0,0,0,100,100,0,0.000000,0,11680,0.000000,0,0,0,0,432,332,300,32,400,22080,16880,0,0,0,0,432,0,0,0,0,409,8136
283,4,4,8,8,0,0,0,0,0,0,0,100,100,0,0,0,0,0,100,100,0,0.000000,0,11680,0.000000,0,0,0,0,432,332,300,32,400,22080,16880,0,0,0,0,432,0,0,0,0,435,8136
284,4,4,8,8,0,0,0,0,0,0,0,100,100,100,0,0,0,0,100,100,100,100.000000,1600,11680,13.698630,10,10,10,10,432,332,300,32,400,22080,16880,0,0,0,0,432,0,0,0,0,438,8136
285,4,4,8,8,0,0,0,0,0,0,0,100,100,0,0,0,0,0,100,100,0,0.000000,0,11680,0.000000,0,0,0,0,432,332,300,32,400,22080,16880,0,0,0,0,432,0,0,0,0,425,8136
286,4,4,8,8,0,0,0,0,0,0,0,100,100,0,0,0,0,0,100,100,0,0.000000,0,11680,0.000000,0,0,0,0,432,332,300,32,400,22080,16880,0,0,0,0,432,0,0,0,0,402,8136
287,4,4,8,8,0,0,0,0,0,0,0,100,100,0,0,0,0,0,100,100,0,0.000000,0,11680,0.000000,0,0,0,0,432,332,300,32,400,22080,16880,0,0,0,0,432,0,0,0,0,381,8136
288,4,4,8,8,0,0,0,0,0,0,0,100,100,0,0,0,0,0,100,100,0,0.000000,0,11680,0.000000,0,0,0,0,432,332,300,32,400,22080,16880,0,0,0,0,432,0,0,0,0,417,8136
289,4,4,8,8,0,0,0,0,0,0,0,100,100,0,0,0,0,0,100,100,0,0.000000,0,11680,0.000000,0,0,0,0,432,332,300,32,400,22080,16880,0,0,0,0,432,0,0,0,0,405,8136
290,4,4,8,8,0,0,0,0,0,0,0,100,100,0,0,0,0,0,100,100,0,0.000000,0,11680,0.000000,0,0,0,0,432,332,300,32,400,22080,16880,0,0,0,0,432,0,0,0,0,390,8136
291,4,4,8,8,0,0,0,0,0,0,0,100,100,0,0,0,0,0,100,100,0,0.000000,0,11680,0.000000,0,0,0,0,432,332,300,32,400,22080,16880,0,0,0,0,432,0,0,0,0,507,8136
292,4,4,8,8,0,0,0,0,0,0,0,100,100,0,0,0,0,0,100,100,0,0.000000,0,11680,0.000000,0,0,0,0,432,332,300,32,400,22080,16880,0,0,0,0,432,0,0,0,0,399,8136
293,4,4,8,8,0,0,0,0,0,0,0,100,100,100,0,0,0,0,100,100,100,100.000000,1600,11680,13.698630,10,10,10,10,432,332,300,32,400,22080,16880,0,0,0,0,432,0,0,0,0,396,8136
294,4,4,8,8,0,0,0,0,0,0,0,100,100,0,0,0,0,0,100,100,0,0.000000,0,11680,0.000000,0,0,0,0,432,332,300,32,400,22080,16880,0,0,0,0,432,0,0,0,0,406,8136
295,4,4,8,8,0,0,0,0,0,0,0,100,100,0,0,0,0,0,100,100,0,0.000000,0,11680,0.000000,0,0,0,0,432,332,300,32,400,22080,16880,0,0,0,0,432,0,0,0,0,404,8136
296,4,4,8,8,0,0,0,0,0,0,0,100,100,0,0,0,0,0,100,100,0,0.000000,0,11680,0.000000,0,0,0,0,432,332,300,32,400,22080,16880,0,0,0,0,432,0,0,0,0,430,8136
297,4,4,8,8,0,0,0,0,0,0,0,100,100,0,0,0,0,0,100,100,0,0.000000,0,11680,0.000000,0,0,0,0,432,332,300,32,400,22080,16880,0,0,0,0,432,0,0,0,0,416,8136
298,4,4,8,8,0,0,0,0,0,0,0,100,100,0,0,0,0,0,100,100,0,0.000000,0,11680,0.000000,0,0,0,0,432,332,300,32,400,22080,16880,0,0,0,0,432,0,0,0,0,382,8136
299,4,4,8,8,0,0,0,0,0,0,0,100,100,0,0,0,0,0,100,100,0,0.000000,0,11680,0.000000,0,0,0,0,432,332,300,32,400,22080,16880,0,0,0,0,432,0,0,0,0,420,8136
300,4,4,8,8,0,0,0,0,0,0,0,100,100,0,0,0,0,0,100,100,0,0.000000,0,11680,0.000000,0,0,0,0,432,332,300,32,400,22080,16880,0,0,0,0,432,0,0,0,0,401,8136
301,4,4,8,8,0,0,0,0,0,0,0,100,100,0,0,0,0,0,100,100,0,0.000000,0,11680,0.000000,0,0,0,0,432,332,300,32,400,22080,16880,0,0,0,0,432,0,0,0,0,393,8136
302,4,4,8,8,0,0,0,0,0,0,0,100,100,100,0,0,0,0,100,100,100,100.000000,1600,11680,13.698630,10,10,10,10,432,332,300,32,400,22080,16880,0,0,0,0,432,0,0,0,0,403,8136
303,4,4,8,8,0,0,0,0,0,0,0,100,100,0,0,0,0,0,100,100,0,0.000000,0,11680,0.000000,0,0,0,0,432,332,300,32,400,22080,16880,0,0,0,0,432,0,0,0,0,397,8136
304,4,4,8,8,0,0,0,0,0,0,0,100,100,0,0,0,0,0,100,100,0,0.000000,0,11680,0.000000,0,0,0,0,432,332,300,32,400,22080,16880,0,0,0,0,432,0,0,0,0,404,8136
305,4,4,8,8,0,0,0,0,0,0,0,100,100,0,0,0,0,0,100,100,0,0.000000,0,11680,0.000000,0,0,0,0,432,332,300,32,400,22080,16880,0,0,0,0,432,0,0,0,0,391,8136
306,4,4,8,8,0,0,0,0,0,0,0,100,100,0,0,0,0,0,100,100,0,0.000000,0,11680,0.000000,0,0,0,0,432,332,300,32,400,22080,16880,0,0,0,0,432,0,0,0,0,393,8136
307,4,4,8,8,0,0,0,0,0,0,0,100,100,0,0,0,0,0,100,100,0,0.000000,0,11680,0.000000,0,0,0,0,432,332,300,32,400,22080,16880,0,0,0,0,432,0,0,0,0,387,8136
308,4,4,8,8,0,0,0,0,0,0,0,100,100,0,0,0,0,0,100,100,0,0.000000,0,11680,0.000000,0,0,0,0,432,332,300,32,400,22080,16880,0,0,0,0,432,0,0,0,0,435,8136
309,4,4,8,8,0,0,0,0,0,0,0,100,100,0,0,0,0,0,100,100,0,0.000000,0,11680,0.000000,0,0,0,0,432,332,300,32,400,22080,16880,0,0,0,0,432,0,0,0,0,396,8136
310,4,4,8,8,0,0,0,0,0,0,0,100,100,0,0,0,0,0,100,100,0,0.000000,0,11680,0.000000,0,0,0,0,432,332,300,32,400,22080,16880,0,0,0,0,432,0,0,0,0,380,8136
311,4,4,8,8,0,0,0,0,0,0,0,100,100,100,0,0,0,0,100,100,100,100.000000,1600,11680,13.698630,10,10,10,10,432,332,300,32,400,22080,16880,0,0,0,0,432,0,0,0,0,388,8136
312,4,4,8,8,0,0,0,0,0,0,0,100,100,0,0,0,0,0,100,100,0,0.000000,0,11680,0.000000,0,0,0,0,432,332,300,32,400,22080,16880,0,0,0,0,432,0,0,0,0,413,8136
313,4,4,8,8,0,0,0,0,0,0,0,100,100,0,0,0,0,0,100,100,0,0.000000,0,11680,0.000000,0,0,0,0,432,332,300,32,400,22080,16880,0,0,0,0,432,0,0,0,0,390,8136
314,4,4,8,8,0,0,0,0,0,0,0,100,100,0,0,0,0,0,100,100,0,0.000000,0,11680,0.000000,0,0,0,0,432,332,300,32,400,22080,16880,0,0,0,0,432,0,0,0,0,393,8136
315,4,4,8,8,0,0,0,0,0,0,0,100,100,0,0,0,0,0,100,100,0,0.000000,0,11680,0.000000,0,0,0,0,432,332,300,32,400,22080,16880,0,0,0,0,432,0,0,0,0,396,8136
316,4,4,8,8,0,0,0,0,0,0,0,100,100,0,0,0,0,0,100,100,0,0.000000,0,11680,0.000000,0,0,0,0,432,332,300,32,400,22080,16880,0,0,0,0,432,0,0,0,0,390,8136
317,4,4,8,8,0,0,0,0,0,0,0,100,100,0,0,0,0,0,100,100,0,0.000000,0,11680,0.000000,0,0,0,0,432,332,300,32,400,22080,16880,0,0,0,0,432,0,0,0,0,407,8136
318,4,4,8,8,0,0,0,0,0,0,0,100,100,0,0,0,0,0,100,100,0,0.000000,0,11680,0.000000,0,0,0,0,432,332,300,32,400,22080,16880,0,0,0,0,432,0,0,0,0,390,8136
319,4,4,8,8,0,0,0,0,0,0,0,100,100,0,0,0,0,0,100,100,0,0.000000,0,11680,0.000000,0,0,0,0,432,332,300,32,400,22080,16880,0,0,0,0,432,0,0,0,0,380,8136
320,4,4,8,8,0,0,0,0,0,0,0,100,100,100,0,0,0,0,100,100,100,100.000000,1600,11680,13.698630,10,10,10,10,432,332,300,32,400,22080,16880,0,0,0,0,432,0,0,0,0,431,8136
321,4,4,8,8,0,0,0,0,0,0,0,100,100,0,0,0,0,0,100,100,0,0.000000,0,11680,0.000000,0,0,0,0,432,332,300,32,400,22080,16880,0,0,0,0,432,0,0,0,0,401,8136
322,4,4,8,8,0,0,0,0,0,0,0,100,100,0,0,0,0,0,100,100,0,0.000000,0,11680,0.000000,0,0,0,0,432,332,300,32,400,22080,16880,0,0,0,0,432,0,0,0,0,402,8136
323,4,4,8,8,0,0,0,0,0,0,0,100,100,0,0,0,0,0,100,100,0,0.000000,0,11680,0.000000,0,0,0,0,432,332,300,32,400,22080,16880,0,0,0,0,432,0,0,0,0,381,8136
324,4,4,8,8,0,0,0,0,0,0,0,100,100,0,0,0,0,0,100,100,0,0.000000,0,11680,0.000000,0,0,0,0,432,332,300,32,400,22080,16880,0,0,0,0,432,0,0,0,0,386,8136
325,4,4,8,8,0,0,0,0,0,0,0,100,100,0,0,0,0,0,100,100,0,0.000000,0,11680,0.000000,0,0,0,0,432,332,300,32,400,22080,16880,0,0,0,0,432,0,0,0,0,392,8136
326,4,4,8,8,0,0,0,0,0,0,0,100,100,0,0,0,0,0,100,100,0,0.000000,0,11680,0.000000,0,0,0,0,432,332,300,32,400,22080,16880,0,0,0,0,432,0,0,0,0,405,8136
327,4,4,8,8,0,0,0,0,0,0,0,100,100,0,0,0,0,0,100,100,0,0.000000,0,11680,0.000000,0,0,0,0,432,332,300,32,400,22080,16880,0,0,0,0,432,0,0,0,0,399,8136
328,4,4,8,8,0,0,0,0,0,0,0,100,100,0,0,0,0,0,100,100,0,0.000000,0,11680,0.000000,0,0,0,0,432,332,300,32,400,22080,16880,0,0,0,0,432,0,0,0,0,419,8136
329,4,4,8,8,0,0,0,0,0,0,0,100,100,100,0,0,0,0,100,100,100,100.000000,1600,11680,13.698630,10,10,10,10,432,332,300,32,400,22080,16880,0,0,0,0,432,0,0,0,0,417,8136
330,4,4,8,8,0,0,0,0,0,0,0,100,100,0,0,0,0,0,100,100,0,0.000000,0,11680,0.000000,0,0,0,0,432,332,300,32,400,22080,16880,0,0,0,0,432,0,0,0,0,422,8136
331,4,4,8,8,0,0,0,0,0,0,0,100,100,0,0,0,0,0,100,100,0,0.000000,0,11680,0.000000,0,0,0,0,432,332,300,32,400,22080,16880,0,0,0,0,432,0,0,0,0,436,8136
332,4,4,8,8,0,0,0,0,0,0,0,100,100,0,0,0,0,0,100,100,0,0.000000,0,11680,0.000000,0,0,0,0,432,332,300,32,400,22080,16880,0,0,0,0,432,0,0,0,0,394,8136
333,4,4,8,8,0,0,0,0,0,0,0,100,100,0,0,0,0,0,100,100,0,0.000000,0,11680,0.000000,0,0,0,0,432,332,300,32,400,22080,16880,0,0,0,0,432,0,0,0,0,392,8136
334,4,4,8,8,0,0,0,0,0,0,0,100,100,0,0,0,0,0,100,100,0,0.000000,0,11680,0.000000,0,0,0,0,432,332,300,32,400,22080,16880,0,0,0,0,432,0,0,0,0,395,8136
335,4,4,8,8,0,0,0,0,0,0,0,100,100,0,0,0,0,0,100,100,0,0.000000,0,11680,0.000000,0,0,0,0,432,332,300,32,400,22080,16880,0,0,0,0,432,0,0,0,0,390,8136
336,4,4,8,8,0,0,0,0,0,0,0,100,100,0,0,0,0,0,100,100,0,0.000000,0,11680,0.000000,0,0,0,0,432,332,300,32,400,22080,16880,0,0,0,0,432,0,0,0,0,399,8136
337,4,4,8,8,0,0,0,0,0,0,0,100,100,0,0,0,0,0,100,100,0,0.000000,0,11680,0.000000,0,0,0,0,432,332,300,32,400,22080,16880,0,0,0,0,432,0,0,0,0,384,8136
338,4,4,8,8,0,0,0,0,0,0,0,100,100,100,0,0,0,0,100,100,100,100.000000,1600,11680,13.698630,10,10,10,10,432,332,300,32,400,22080,16880,0,0,0,0,432,0,0,0,0,433,8136
339,4,4,8,8,0,0,0,0,0,0,0,100,100,0,0,0,0,0,100,100,0,0.000000,0,11680,0.000000,0,0,0,0,432,332,300,32,400,22080,16880,0,0,0,0,432,0,0,0,0,378,8136
340,4,4,8,8,0,0,0,0,0,0,0,100,100,0,0,0,0,0,100,100,0,0.000000,0,11680,0.000000,0,0,0,0,432,332,300,32,400,22080,16880,0,0,0,0,432,0,0,0,0,422,8136
341,4,4,8,8,0,0,0,0,0,0,0,100,100,0,0,0,0,0,100,100,0,0.000000,0,11680,0.000000,0,0,0,0,432,332,300,32,400,22080,16880,0,0,0,0,432,0,0,0,0,390,8136
342,1,1,5,5,0,0,0,0,0,0,0,100,100,0,0,0,0,0,100,100,0,0.000000,0,10720,0.000000,0,0,0,0,108,8,0,8,100,5520,320,0,0,0,0,108,0,0,0,0,131,8136
343,1,1,5,5,0,0,0,0,0,0,0,100,100,0,0,0,0,0,100,100,0,0.000000,0,10720,0.000000,0,0,0,0,108,8,0,8,100,5520,320,0,0,0,0,108,0,0,0,0,128,8136
344,1,1,5,5,0,0,0,0,0,0,0,100,100,0,0,0,0,0,100,100,0,0.000000,0,10720,0.000000,0,0,0,0,108,8,0,8,100,5520,320,0,0,0,0,108,0,0,0,0,140,8136
345,1,1,5,5,0,0,0,0,0,0,0,100,100,0,0,0,0,0,100,100,0,0.000000,0,10720,0.000000,0,0,0,0,108,8,0,8,100,5520,320,0,0,0,0,108,0,0,0,0,141,8136
346,1,1,5,5,0,0,0,0,0,0,0,100,100,0,0,0,0,0,100,100,0,0.000000,0,10720,0.000000,0,0,0,0,108,8,0,8,100,5520,320,0,0,0,0,108,0,0,0,0,128,8136
347,1,1,5,5,0,0,0,0,0,0,0,100,100,100,0,0,0,0,100,100,100,100.000000,1600,10720,14.925373,10,10,10,10,108,8,0,8,100,5520,320,0,0,0,0,108,0,0,0,0,120,8136
348,1,1,5,5,0,0,0,0,0,0,0,100,100,0,0,0,0,0,100,100,0,0.000000,0,10720,0.000000,0,0,0,0,108,8,0,8,100,5520,320,0,0,0,0,108,0,0,0,0,136,8136
349,1,1,5,5,0,0,0,0,0,0,0,100,100,0,0,0,0,0,100,100,0,0.000000,0,10720,0.000000,0,0,0,0,108,8,0,8,100,5520,320,0,0,0,0,108,0,0,0,0,152,8136
350,1,1,5,5,0,0,0,0,0,0,0,100,100,0,0,0,0,0,100,100,0,0.000000,0,10720,0.000000,0,0,0,0,108,8,0,8,100,5520,320,0,0,0,0,108,0,0,0,0,119,8136
351,1,1,5,5,0,0,0,0,0,0,0,100,100,0,0,0,0,0,100,100,0,0.000000,0,10720,0.000000,0,0,0,0,108,8,0,8,100,5520,320,0,0,0,0,108,0,0,0,0,137,8136
352,1,1,5,5,0,0,0,0,0,0,0,100,100,0,0,0,0,0,100,100,0,0.000000,0,10720,0.000000,0,0,0,0,108,8,0,8,100,5520,320,0,0,0,0,108,0,0,0,0,111,8136
353,1,1,5,5,0,0,0,0,0,0,0,100,100,0,0,0,0,0,100,100,0,0.000000,0,10720,0.000000,0,0,0,0,108,8,0,8,100,5520,320,0,0,0,0,108,0,0,0,0,135,8136
354,1,1,5,5,0,0,0,0,0,0,0,100,100,0,0,0,0,0,100,100,0,0.000000,0,10720,0.000000,0,0,0,0,108,8,0,8,100,5520,320,0,0,0,0,108,0,0,0,0,151,8136
355,1,1,5,5,0,0,0,0,0,0,0,100,100,0,0,0,0,0,100,100,0,0.000000,0,10720,0.000000,0,0,0,0,108,8,0,8,100,5520,320,0,0,0,0,108,0,0,0,0,113,8136
356,1,1,5,5,0,0,0,0,0,0,0,100,100,100,0,0,0,0,100,100,100,100.000000,1600,10720,14.925373,10,10,10,10,108,8,0,8,100,5520,320,0,0,0,0,108,0,0,0,0,115,8136
357,1,1,5,5,0,0,0,0,0,0,0,100,100,0,0,0,0,0,100,100,0,0.000000,0,10720,0.000000,0,0,0,0,108,8,0,8,100,5520,320,0,0,0,0,108,0,0,0,0,112,8136
358,1,1,5,5,0,0,0,0,0,0,0,100,100,0,0,0,0,0,100,100,0,0.000000,0,10720,0.000000,0,0,0,0,108,8,0,8,100,5520,320,0,0,0,0,108,0,0,0,0,114,8136
359,1,1,5,5,0,0,0,0,0,0,0,100,100,0,0,0,0,0,100,100,0,0.000000,0,10720,0.000000,0,0,0,0,108,8,0,8,100,5520,320,0,0,0,0,108,0,0,0,0,109,8136
360,1,1,5,5,0,0,0,0,0,0,0,100,100,0,0,0,0,0,100,100,0,0.000000,0,10720,0.000000,0,0,0,0,108,8,0,8,100,5520,320,0,0,0,0,108,0,0,0,0,125,8136
361,1,1,5,5,0,0,0,0,0,0,0,100,100,0,0,0,0,0,100,100,0,0.000000,0,10720,0.000000,0,0,0,0,108,8,0,8,100,5520,320,0,0,0,0,108,0,0,0,0,132,8136
362,1,1,5,5,0,0,0,0,0,0,0,100,100,0,0,0,0,0,100,100,0,0.000000,0,10720,0.000000,0,0,0,0,108,8,0,8,100,5520,320,0,0,0,0,108,0,0,0,0,125,8136
363,1,1,5,5,0,0,0,0,0,0,0,100,100,0,0,0,0,0,100,100,0,0.000000,0,10720,0.000000,0,0,0,0,108,8,0,8,100,5520,320,0,0,0,0,108,0,0,0,0,124,8136
364,1,1,5,5,0,0,0,0,0,0,0,100,100,0,0,0,0,0,100,100,0,0.000000,0,10720,0.000000,0,0,0,0,108,8,0,8,100,5520,320,0,0,0,0,108,0,0,0,0,128,8136
365,1,1,5,5,0,0,0,0,0,0,0,100,100,100,0,0,0,0,100,100,100,100.000000,1600,10720,14.925373,10,10,10,10,108,8,0,8,100,5520,320,0,0,0,0,108,0,0,0,0,120,8136
366,1,1,5,5,0,0,0,0,0,0,0,100,100,0,0,0,0,0,100,100,0,0.000000,0,10720,0.000000,0,0,0,0,108,8,0,8,100,5520,320,0,0,0,0,108,0,0,0,0,119,8136
367,1,1,5,5,0,0,0,0,0,0,0,100,100,0,0,0,0,0,100,100,0,0.000000,0,10720,0.000000,0,0,0,0,108,8,0,8,100,5520,320,0,0,0,0,108,0,0,0,0,120,8136
368,1,1,5,5,0,0,0,0,0,0,0,100,100,0,0,0,0,0,100,100,0,0.000000,0,10720,0.000000,0,0,0,0,108,8,0,8,100,5520,320,0,0,0,0,108,0,0,0,0,140,8136
369,1,1,5,5,0,0,0,0,0,0,0,100,100,0,0,0,0,0,100,100,0,0.000000,0,10720,0.000000,0,0,0,0,108,8,0,8,100,5520,320,0,0,0,0,108,0,0,0,0,135,8136
370,1,1,5,5,0,0,0,0,0,0,0,100,100,0,0,0,0,0,100,100,0,0.000000,0,10720,0.000000,0,0,0,0,108,8,0,8,100,5520,320,0,0,0,0,108,0,0,0,0,152,8136
371,1,1,5,5,0,0,0,0,0,0,0,100,100,0,0,0,0,0,100,100,0,0.000000,0,10720,0.000000,0,0,0,0,108,8,0,8,100,5520,320,0,0,0,0,108,0,0,0,0,132,8136
372,1,1,5,5,0,0,0,0,0,0,0,100,100,0,0,0,0,0,100,100,0,0.000000,0,10720,0.000000,0,0,0,0,108,8,0,8,100,5520,320,0,0,0,0,108,0,0,0,0,134,8136
373,1,1,5,5,0,0,0,0,0,0,0,100,100,0,0,0,0,0,100,100,0,0.000000,0,10720,0.000000,0,0,0,0,108,8,0,8,100,5520,320,0,0,0,0,108,0,0,0,0,128,8136
374,1,1,5,5,0,0,0,0,0,0,0,100,100,100,0,0,0,0,100,100,100,100.000000,1600,10720,14.925373,10,10,10,10,108,8,0,8,100,5520,320,0,0,0,0,108,0,0,0,0,141,8136
375,1,1,5,5,0,0,0,0,0,0,0,100,100,0,0,0,0,0,100,100,0,0.000000,0,10720,0.000000,0,0,0,0,108,8,0,8,100,5520,320,0,0,0,0,108,0,0,0,0,111,8136
376,1,1,5,5,0,0,0,0,0,0,0,100,100,0,0,0,0,0,100,100,0,0.000000,0,10720,0.000000,0,0,0,0,108,8,0,8,100,5520,320,0,0,0,0,108,0,0,0,0,130,8136
377,1,1,5,5,0,0,0,0,0,0,0,100,100,0,0,0,0,0,100,100,0,0.000000,0,10720,0.000000,0,0,0,0,108,8,0,8,100,5520,320,0,0,0,0,108,0,0,0,0,130,8136
378,1,1,5,5,0,0,0,0,0,0,0,100,100,0,0,0,0,0,100,100,0,0.000000,0,10720,0.000000,0,0,0,0,108,8,0,8,100,5520,320,0,0,0,0,108,0,0,0,0,139,8136
379,1,1,5,5,0,0,0,0,0,0,0,100,100,0,0,0,0,0,100,100,0,0.000000,0,10720,0.000000,0,0,0,0,108,8,0,8,100,5520,320,0,0,0,0,108,0,0,0,0,119,8136
380,1,1,5,5,0,0,0,0,0,0,0,100,100,0,0,0,0,0,100,100,0,0.000000,0,10720,0.000000,0,0,0,0,108,8,0,8,100,5520,320,0,0,0,0,108,0,0,0,0,131,8136
381,1,1,5,5,0,0,0,0,0,0,0,100,100,0,0,0,0,0,100,100,0,0.000000,0,10720,0.000000,0,0,0,0,108,8,0,8,100,5520,320,0,0,0,0,108,0,0,0,0,115,8136
382,1,1,5,5,0,0,0,0,0,0,0,100,100,0,0,0,0,0,100,100,0,0.000000,0,10720,0.000000,0,0,0,0,108,8,0,8,100,5520,320,0,0,0,0,108,0,0,0,0,131,8136
383,1,1,5,5,0,0,0,0,0,0,0,100,100,100,0,0,0,0,100,100,100,100.000000,1600,10720,14.925373,10,10,10,10,108,8,0,8,100,5520,320,0,0,0,0,108,0,0,0,0,131,8136
384,1,1,5,5,0,0,0,0,0,0,0,100,100,0,0,0,0,0,100,100,0,0.000000,0,10720,0.000000,0,0,0,0,108,8,0,8,100,5520,320,0,0,0,0,108,0,0,0,0,122,8136
385,1,1,5,5,0,0,0,0,0,0,0,100,100,0,0,0,0,0,100,100,0,0.000000,0,10720,0.000000,0,0,0,0,108,8,0,8,100,5520,320,0,0,0,0,108,0,0,0,0,120,8136
386,1,1,5,5,0,0,0,0,0,0,0,100,100,0,0,0,0,0,100,100,0,0.000000,0,10720,0.000000,0,0,0,0,108,8,0,8,100,5520,320,0,0,0,0,108,0,0,0,0,137,8136
387,1,1,5,5,0,0,0,0,0,0,0,100,100,0,0,0,0,0,100,100,0,0.000000,0,10720,0.000000,0,0,0,0,108,8,0,8,100,5520,320,0,0,0,0,108,0,0,0,0,125,8136
388,1,1,5,5,0,0,0,0,0,0,0,100,100,0,0,0,0,0,100,100,0,0.000000,0,10720,0.000000,0,0,0,0,108,8,0,8,100,5520,320,0,0,0,0,108,0,0,0,0,117,8136
389,1,1,5,5,0,0,0,0,0,0,0,100,100,0,0,0,0,0,100,100,0,0.000000,0,10720,0.000000,0,0,0,0,108,8,0,8,100,5520,320,0,0,0,0,108,0,0,0,0,126,8136
390,1,1,5,5,0,0,0,0,0,0,0,100,100,0,0,0,0,0,100,100,0,0.000000,0,10720,0.000000,0,0,0,0,108,8,0,8,100,5520,320,0,0,0,0,108,0,0,0,0,117,8136
391,1,1,5,5,0,0,0,0,0,0,0,100,100,0,0,0,0,0,100,100,0,0.000000,0,10720,0.000000,0,0,0,0,108,8,0,8,100,5520,320,0,0,0,0,108,0,0,0,0,138,8136
392,1,1,5,5,0,0,0,0,0,0,0,100,100,100,0,0,0,0,100,100,100,100.000000,1600,10720,14.925373,10,10,10,10,108,8,0,8,100,5520,320,0,0,0,0,108,0,0,0,0,133,8136
393,1,1,5,5,0,0,0,0,0,0,0,100,100,0,0,0,0,0,100,100,0,0.000000,0,10720,0.000000,0,0,0,0,108,8,0,8,100,5520,320,0,0,0,0,108,0,0,0,0,133,8136
394,1,1,5,5,0,0,0,0,0,0,0,100,100,0,0,0,0,0,100,100,0,0.000000,0,10720,0.000000,0,0,0,0,108,8,0,8,100,5520,320,0,0,0,0,108,0,0,0,0,139,8136
395,1,1,5,5,0,0,0,0,0,0,0,100,100,0,0,0,0,0,100,100,0,0.000000,0,10720,0.000000,0,0,0,0,108,8,0,8,100,5520,320,0,0,0,0,108,0,0,0,0,144,8136
396,1,1,5,5,0,0,0,0,0,0,0,100,100,0,0,0,0,0,100,100,0,0.000000,0,10720,0.000000,0,0,0,0,108,8,0,8,100,5520,320,0,0,0,0,108,0,0,0,0,137,8136
397,1,1,5,5,0,0,0,0,0,0,0,100,100,0,0,0,0,0,100,100,0,0.000000,0,10720,0.000000,0,0,0,0,108,8,0,8,100,5520,320,0,0,0,0,108,0,0,0,0,152,8136
398,1,1,5,5,0,0,0,0,0,0,0,100,100,0,0,0,0,0,100,100,0,0.000000,0,10720,0.000000,0,0,0,0,108,8,0,8,100,5520,320,0,0,0,0,108,0,0,0,0,126,8136
399,1,1,5,5,0,0,0,0,0,0,0,100,100,0,0,0,0,0,100,100,0,0.000000,0,10720,0.000000,0,0,0,0,108,8,0,8,100,5520,320,0,0,0,0,108,0,0,0,0,134,8136
400,1,1,5,5,0,0,0,0,0,0,0,100,100,0,0,0,0,0,100,100,0,0.000000,0,10720,0.000000,0,0,0,0,108,8,0,8,100,5520,320,0,0,0,0,108,0,0,0,0,133,8136
401,1,1,5,5,0,0,0,0,0,0,0,100,100,100,0,0,0,0,100,100,100,100.000000,1600,10720,14.925373,10,10,10,10,108,8,0,8,100,5520,320,0,0,0,0,108,0,0,0,0,141,8136
402,1,1,5,5,0,0,0,0,0,0,0,100,100,0,0,0,0,0,100,100,0,0.000000,0,10720,0.000000,0,0,0,0,108,8,0,8,100,5520,320,0,0,0,0,108,0,0,0,0,143,8136
403,1,1,5,5,0,0,0,0,0,0,0,100,100,0,0,0,0,0,100,100,0,0.000000,0,10720,0.000000,0,0,0,0,108,8,0,8,100,5520,320,0,0,0,0,108,0,0,0,0,154,8136
404,1,1,5,5,0,0,0,0,0,0,0,100,100,0,0,0,0,0,100,100,0,0.000000,0,10720,0.000000,0,0,0,0,108,8,0,8,100,5520,320,0,0,0,0,108,0,0,0,0,125,8136
405,1,1,5,5,0,0,0,0,0,0,0,100,100,0,0,0,0,0,100,100,0,0.000000,0,10720,0.000000,0,0,0,0,108,8,0,8,100,5520,320,0,0,0,0,108,0,0,0,0,155,8136
406,1,1,5,5,0,0,0,0,0,0,0,100,100,0,0,0,0,0,100,100,0,0.000000,0,10720,0.000000,0,0,0,0,108,8,0,8,100,5520,320,0,0,0,0,108,0,0,0,0,139,8136
407,1,1,5,5,0,0,0,0,0,0,0,100,100,0,0,0,0,0,100,100,0,0.000000,0,10720,0.000000,0,0,0,0,108,8,0,8,100,5520,320,0,0,0,0,108,0,0,0,0,133,8136
408,1,1,5,5,0,0,0,0,0,0,0,100,100,0,0,0,0,0,100,100,0,0.000000,0,10720,0.000000,0,0,0,0,108,8,0,8,100,5520,320,0,0,0,0,108,0,0,0,0,115,8136
409,1,1,5,5,0,0,0,0,0,0,0,100,100,0,0,0,0,0,100,100,0,0.000000,0,10720,0.000000,0,0,0,0,108,8,0,8,100,5520,320,0,0,0,0,108,0,0,0,0,134,8136
410,1,1,5,5,0,0,0,0,0,0,0,100,100,100,0,0,0,0,100,100,100,100.000000,1600,10720,14.925373,10,10,10,10,108,8,0,8,100,5520,320,0,0,0,0,108,0,0,0,0,137,8136
411,1,1,5,5,0,0,0,0,0,0,0,100,100,0,0,0,0,0,100,100,0,0.000000,0,10720,0.000000,0,0,0,0,108,8,0,8,100,5520,320,0,0,0,0,108,0,0,0,0,121,8136
412,1,1,5,5,0,0,0,0,0,0,0,100,100,0,0,0,0,0,100,100,0,0.000000,0,10720,0.000000,0,0,0,0,108,8,0,8,100,5520,320,0,0,0,0,108,0,0,0,0,124,8136
413,1,1,5,5,0,0,0,0,0,0,0,100,100,0,0,0,0,0,100,100,0,0.000000,0,10720,0.000000,0,0,0,0,108,8,0,8,100,5520,320,0,0,0,0,108,0,0,0,0,131,8136
414,1,1,5,5,0,0,0,0,0,0,0,100,100,0,0,0,0,0,100,100,0,0.000000,0,10720,0.000000,0,0,0,0,108,8,0,8,100,5520,320,0,0,0,0,108,0,0,0,0,137,8136
415,1,1,5,5,0,0,0,0,0,0,0,100,100,0,0,0,0,0,100,100,0,0.000000,0,10720,0.000000,0,0,0,0,108,8,0,8,100,5520,320,0,0,0,0,108,0,0,0,0,131,8136
416,1,1,5,5,0,0,0,0,0,0,0,100,100,0,0,0,0,0,100,100,0,0.000000,0,10720,0.000000,0,0,0,0,108,8,0,8,100,5520,320,0,0,0,0,108,0,0,0,0,137,8136
417,1,1,5,5,0,0,0,0,0,0,0,100,100,0,0,0,0,0,100,100,0,0.000000,0,10720,0.000000,0,0,0,0,108,8,0,8,100,5520,320,0,0,0,0,108,0,0,0,0,126,8136
418,1,1,5,5,0,0,0,0,0,0,0,100,100,0,0,0,0,0,100,100,0,0.000000,0,10720,0.000000,0,0,0,0,108,8,0,8,100,5520,320,0,0,0,0,108,0,0,0,0,129,8136
419,1,1,5,5,0,0,0,0,0,0,0,100,100,100,0,0,0,0,100,100,100,100.000000,1600,10720,14.925373,10,10,10,10,108,8,0,8,100,5520,320,0,0,0,0,108,0,0,0,0,133,8136
420,1,1,5,5,0,0,0,0,0,0,0,100,100,0,0,0,0,0,100,100,0,0.000000,0,10720,0.000000,0,0,0,0,108,8,0,8,100,5520,320,0,0,0,0,108,0,0,0,0,144,8136
421,1,1,5,5,0,0,0,0,0,0,0,100,100,0,0,0,0,0,100,100,0,0.000000,0,10720,0.000000,0,0,0,0,108,8,0,8,100,5520,320,0,0,0,0,108,0,0,0,0,138,8136
422,1,1,5,5,0,0,0,0,0,0,0,100,100,0,0,0,0,0,100,100,0,0.000000,0,10720,0.000000,0,0,0,0,108,8,0,8,100,5520,320,0,0,0,0,108,0,0,0,0,133,8136
423,1,1,5,5,0,0,0,0,0,0,0,100,100,0,0,0,0,0,100,100,0,0.000000,0,10720,0.000000,0,0,0,0,108,8,0,8,100,5520,320,0,0,0,0,108,0,0,0,0,159,8136
424,1,1,5,5,0,0,0,0,0,0,0,100,100,0,0,0,0,0,100,100,0,0.000000,0,10720,0.000000,0,0,0,0,108,8,0,8,100,5520,320,0,0,0,0,108,0,0,0,0,149,8136
425,1,1,5,5,0,0,0,0,0,0,0,100,100,0,0,0,0,0,100,100,0,0.000000,0,10720,0.000000,0,0,0,0,108,8,0,8,100,5520,320,0,0,0,0,108,0,0,0,0,149,8136
426,1,1,5,5,0,0,0,0,0,0,0,100,100,0,0,0,0,0,100,100,0,0.000000,0,10720,0.000000,0,0,0,0,108,8,0,8,100,5520,320,0,0,0,0,108,0,0,0,0,141,8136
427,1,1,5,5,0,0,0,0,0,0,0,100,100,0,0,0,0,0,100,100,0,0.000000,0,10720,0.000000,0,0,0,0,108,8,0,8,100,5520,320,0,0,0,0,108,0,0,0,0,117,8136
428,1,1,5,5,0,0,0,0,0,0,0,100,100,100,0,0,0,0,100,100,100,100.000000,1600,10720,14.925373,10,10,10,10,108,8,0,8,100,5520,320,0,0,0,0,108,0,0,0,0,135,8136
429,1,1,5,5,0,0,0,0,0,0,0,100,100,0,0,0,0,0,100,100,0,0.000000,0,10720,0.000000,0,0,0,0,108,8,0,8,100,5520,320,0,0,0,0,108,0,0,0,0,134,8136
430,1,1,5,5,0,0,0,0,0,0,0,100,100,0,0,0,0,0,100,100,0,0.000000,0,10720,0.000000,0,0,0,0,108,8,0,8,100,5520,320,0,0,0,0,108,0,0,0,0,128,8136
431,1,1,5,5,0,0,0,0,0,0,0,100,100,0,0,0,0,0,100,100,0,0.000000,0,10720,0.000000,0,0,0,0,108,8,0,8,100,5520,320,0,0,0,0,108,0,0,0,0,156,8136
432,1,1,5,5,0,0,0,0,0,0,0,100,100,0,0,0,0,0,100,100,0,0.000000,0,10720,0.000000,0,0,0,0,108,8,0,8,100,5520,320,0,0,0,0,108,0,0,0,0,146,8136
433,1,1,5,5,0,0,0,0,0,0,0,100,100,0,0,0,0,0,100,100,0,0.000000,0,10720,0.000000,0,0,0,0,108,8,0,8,100,5520,320,0,0,0,0,108,0,0,0,0,147,8136
434,1,1,5,5,0,0,0,0,0,0,0,100,100,0,0,0,0,0,100,100,0,0.000000,0,10720,0.000000,0,0,0,0,108,8,0,8,100,5520,320,0,0,0,0,108,0,0,0,0,143,8136
435,1,1,5,5,0,0,0,0,0,0,0,100,100,0,0,0,0,0,100,100,0,0.000000,0,10720,0.000000,0,0,0,0,108,8,0,8,100,5520,320,0,0,0,0,108,0,0,0,0,137,8136
436,1,1,5,5,0,0,0,0,0,0,0,100,100,0,0,0,0,0,100,100,0,0.000000,0,10720,0.000000,0,0,0,0,108,8,0,8,100,5520,320,0,0,0,0,108,0,0,0,0,153,8136
437,1,1,5,5,0,0,0,0,0,0,0,100,100,100,0,0,0,0,100,100,100,100.000000,1600,10720,14.925373,10,10,10,10,108,8,0,8,100,5520,320,0,0,0,0,108,0,0,0,0,133,8136
438,1,1,5,5,0,0,0,0,0,0,0,100,100,0,0,0,0,0,100,100,0,0.000000,0,10720,0.000000,0,0,0,0,108,8,0,8,100,5520,320,0,0,0,0,108,0,0,0,0,147,8136
439,1,1,5,5,0,0,0,0,0,0,0,100,100,0,0,0,0,0,100,100,0,0.000000,0,10720,0.000000,0,0,0,0,108,8,0,8,100,5520,320,0,0,0,0,108,0,0,0,0,114,8136
440,1,1,5,5,0,0,0,0,0,0,0,100,100,0,0,0,0,0,100,100,0,0.000000,0,10720,0.000000,0,0,0,0,108,8,0,8,100,5520,320,0,0,0,0,108,0,0,0,0,123,8136
441,1,1,5,5,0,0,0,0,0,0,0,100,100,0,0,0,0,0,100,100,0,0.000000,0,10720,0.000000,0,0,0,0,108,8,0,8,100,5520,320,0,0,0,0,108,0,0,0,0,120,8136
442,1,1,5,5,0,0,0,0,0,0,0,100,100,0,0,0,0,0,100,100,0,0.000000,0,10720,0.000000,0,0,0,0,108,8,0,8,100,5520,320,0,0,0,0,108,0,0,0,0,129,8136
443,1,1,5,5,0,0,0,0,0,0,0,100,100,0,0,0,0,0,100,100,0,0.000000,0,10720,0.000000,0,0,0,0,108,8,0,8,100,5520,320,0,0,0,0,108,0,0,0,0,133,8136
444,1,1,5,5,0,0,0,0,0,0,0,100,100,0,0,0,0,0,100,100,0,0.000000,0,10720,0.000000,0,0,0,0,108,8,0,8,100,5520,320,0,0,0,0,108,0,0,0,0,128,8136
445,1,1,5,5,0,0,0,0,0,0,0,100,100,0,0,0,0,0,100,100,0,0.000000,0,10720,0.000000,0,0,0,0,108,8,0,8,100,5520,320,0,0,0,0,108,0,0,0,0,123,8136
446,1,1,5,5,0,0,0,0,0,0,0,100,100,100,0,0,0,0,100,100,100,100.000000,1600,10720,14.925373,10,10,10,10,108,8,0,8,100,5520,320,0,0,0,0,108,0,0,0,0,137,8136
447,1,1,5,5,0,0,0,0,0,0,0,100,100,0,0,0,0,0,100,100,0,0.000000,0,10720,0.000000,0,0,0,0,108,8,0,8,100,5520,320,0,0,0,0,108,0,0,0,0,136,8136
448,1,1,5,5,0,0,0,0,0,0,0,100,100,0,0,0,0,0,100,100,0,0.000000,0,10720,0.000000,0,0,0,0,108,8,0,8,100,5520,320,0,0,0,0,108,0,0,0,0,144,8136
449,1,1,5,5,0,0,0,0,0,0,0,100,100,0,0,0,0,0,100,100,0,0.000000,0,10720,0.000000,0,0,0,0,108,8,0,8,100,5520,320,0,0,0,0,108,0,0,0,0,141,8136
450,1,1,5,5,0,0,0,0,0,0,0,100,100,0,0,0,0,0,100,100,0,0.000000,0,10720,0.000000,0,0,0,0,108,8,0,8,100,5520,320,0,0,0,0,108,0,0,0,0,154,8136
451,1,1,5,5,0,0,0,0,0,0,0,100,100,0,0,0,0,0,100,100,0,0.000000,0,10720,0.000000,0,0,0,0,108,8,0,8,100,5520,320,0,0,0,0,108,0,0,0,0,156,8136
452,1,1,5,5,0,0,0,0,0,0,0,100,100,0,0,0,0,0,100,100,0,0.000000,0,10720,0.000000,0,0,0,0,108,8,0,8,100,5520,320,0,0,0,0,108,0,0,0,0,143,8136
453,1,1,5,5,0,0,0,0,0,0,0,100,100,0,0,0,0,0,100,100,0,0.000000,0,10720,0.000000,0,0,0,0,108,8,0,8,100,5520,320,0,0,0,0,108,0,0,0,0,144,8136
454,1,1,5,5,0,0,0,0,0,0,0,100,100,0,0,0,0,0,100,100,0,0.000000,0,10720,0.000000,0,0,0,0,108,8,0,8,100,5520,320,0,0,0,0,108,0,0,0,0,144,8136
455,1,1,5,5,0,0,0,0,0,0,0,100,100,100,0,0,0,0,100,100,100,100.000000,1600,10720,14.925373,10,10,10,10,108,8,0,8,100,5520,320,0,0,0,0,108,0,0,0,0,128,8136
456,1,1,5,5,0,0,0,0,0,0,0,100,100,0,0,0,0,0,100,100,0,0.000000,0,10720,0.000000,0,0,0,0,108,8,0,8,100,5520,320,0,0,0,0,108,0,0,0,0,129,8136
457,1,1,5,5,0,0,0,0,0,0,0,100,100,0,0,0,0,0,100,100,0,0.000000,0,10720,0.000000,0,0,0,0,108,8,0,8,100,5520,320,0,0,0,0,108,0,0,0,0,143,8136
458,1,1,5,5,0,0,0,0,0,0,0,100,100,0,0,0,0,0,100,100,0,0.000000,0,10720,0.000000,0,0,0,0,108,8,0,8,100,5520,320,0,0,0,0,108,0,0,0,0,138,8136
459,1,1,5,5,0,0,0,0,0,0,0,100,100,0,0,0,0,0,100,100,0,0.000000,0,10720,0.000000,0,0,0,0,108,8,0,8,100,5520,320,0,0,0,0,108,0,0,0,0,128,8136
460,1,1,5,5,0,0,0,0,0,0,0,100,100,0,0,0,0,0,100,100,0,0.000000,0,10720,0.000000,0,0,0,0,108,8,0,8,100,5520,320,0,0,0,0,108,0,0,0,0,118,8136
461,1,1,5,5,0,0,0,0,0,0,0,100,100,0,0,0,0,0,100,100,0,0.000000,0,10720,0.000000,0,0,0,0,108,8,0,8,100,5520,320,0,0,0,0,108,0,0,0,0,138,8136
462,1,1,5,5,0,0,0,0,0,0,0,100,100,0,0,0,0,0,100,100,0,0.000000,0,10720,0.000000,0,0,0,0,108,8,0,8,100,5520,320,0,0,0,0,108,0,0,0,0,123,8136
463,1,1,5,5,0,0,0,0,0,0,0,100,100,0,0,0,0,0,100,100,0,0.000000,0,10720,0.000000,0,0,0,0,108,8,0,8,100,5520,320,0,0,0,0,108,0,0,0,0,140,8136
464,1,1,5,5,0,0,0,0,0,0,0,100,100,100,0,0,0,0,100,100,100,100.000000,1600,10720,14.925373,10,10,10,10,108,8,0,8,100,5520,320,0,0,0,0,108,0,0,0,0,141,8136
465,1,1,5,5,0,0,0,0,0,0,0,100,100,0,0,0,0,0,100,100,0,0.000000,0,10720,0.000000,0,0,0,0,108,8,0,8,100,5520,320,0,0,0,0,108,0,0,0,0,133,8136
466,1,1,5,5,0,0,0,0,0,0,0,100,100,0,0,0,0,0,100,100,0,0.000000,0,10720,0.000000,0,0,0,0,108,8,0,8,100,5520,320,0,0,0,0,108,0,0,0,0,141,8136
467,1,1,5,5,0,0,0,0,0,0,0,100,100,0,0,0,0,0,100,100,0,0.000000,0,10720,0.000000,0,0,0,0,108,8,0,8,100,5520,320,0,0,0,0,108,0,0,0,0,124,8136
468,1,1,5,5,0,0,0,0,0,0,0,100,100,0,0,0,0,0,100,100,0,0.000000,0,10720,0.000000,0,0,0,0,108,8,0,8,100,5520,320,0,0,0,0,108,0,0,0,0,121,8136
469,1,1,5,5,0,0,0,0,0,0,0,100,100,0,0,0,0,0,100,100,0,0.000000,0,10720,0.000000,0,0,0,0,108,8,0,8,100,5520,320,0,0,0,0,108,0,0,0,0,139,8136
470,1,1,5,5,0,0,0,0,0,0,0,100,100,0,0,0,0,0,100,100,0,0.000000,0,10720,0.000000,0,0,0,0,108,8,0,8,100,5520,320,0,0,0,0,108,0,0,0,0,141,8136
471,1,1,5,5,0,0,0,0,0,0,0,100,100,0,0,0,0,0,100,100,0,0.000000,0,10720,0.000000,0,0,0,0,108,8,0,8,100,5520,320,0,0,0,0,108,0,0,0,0,126,8136
472,1,1,5,5,0,0,0,0,0,0,0,100,100,0,0,0,0,0,100,100,0,0.000000,0,10720,0.000000,0,0,0,0,108,8,0,8,100,5520,320,0,0,0,0,108,0,0,0,0,126,8136
473,1,1,5,5,0,0,0,0,0,0,0,100,100,100,0,0,0,0,100,100,100,100.000000,1600,10720,14.925373,10,10,10,10,108,8,0,8,100,5520,320,0,0,0,0,108,0,0,0,0,136,8136
474,1,1,5,5,0,0,0,0,0,0,0,100,100,0,0,0,0,0,100,100,0,0.000000,0,10720,0.000000,0,0,0,0,108,8,0,8,100,5520,320,0,0,0,0,108,0,0,0,0,142,8136
475,1,1,5,5,0,0,0,0,0,0,0,100,100,0,0,0,0,0,100,100,0,0.000000,0,10720,0.000000,0,0,0,0,108,8,0,8,100,5520,320,0,0,0,0,108,0,0,0,0,125,8136
476,1,1,5,5,0,0,0,0,0,0,0,100,100,0,0,0,0,0,100,100,0,0.000000,0,10720,0.000000,0,0,0,0,108,8,0,8,100,5520,320,0,0,0,0,108,0,0,0,0,145,8136
477,1,1,5,5,0,0,0,0,0,0,0,100,100,0,0,0,0,0,100,100,0,0.000000,0,10720,0.000000,0,0,0,0,108,8,0,8,100,5520,320,0,0,0,0,108,0,0,0,0,144,8136
478,1,1,5,5,0,0,0,0,0,0,0,100,100,0,0,0,0,0,100,100,0,0.000000,0,10720,0.000000,0,0,0,0,108,8,0,8,100,5520,320,0,0,0,0,108,0,0,0,0,130,8136
479,1,1,5,5,0,0,0,0,0,0,0,100,100,0,0,0,0,0,100,100,0,0.000000,0,10720,0.000000,0,0,0,0,108,8,0,8,100,5520,320,0,0,0,0,108,0,0,0,0,136,8136
480,1,1,5,5,0,0,0,0,0,0,0,100,100,0,0,0,0,0,100,100,0,0.000000,0,10720,0.000000,0,0,0,0,108,8,0,8,100,5520,320,0,0,0,0,108,0,0,0,0,124,8136
481,1,1,5,5,0,0,0,0,0,0,0,100,100,0,0,0,0,0,100,100,0,0.000000,0,10720,0.000000,0,0,0,0,108,8,0,8,100,5520,320,0,0,0,0,108,0,0,0,0,134,8136
482,1,1,5,5,0,0,0,0,0,0,0,100,100,100,0,0,0,0,100,100,100,100.000000,1600,10720,14.925373,10,10,10,10,108,8,0,8,100,5520,320,0,0,0,0,108,0,0,0,0,133,8136
483,1,1,5,5,0,0,0,0,0,0,0,100,100,0,0,0,0,0,100,100,0,0.000000,0,10720,0.000000,0,0,0,0,108,8,0,8,100,5520,320,0,0,0,0,108,0,0,0,0,120,8136
484,1,1,5,5,0,0,0,0,0,0,0,100,100,0,0,0,0,0,100,100,0,0.000000,0,10720,0.000000,0,0,0,0,108,8,0,8,100,5520,320,0,0,0,0,108,0,0,0,0,141,8136
485,1,1,5,5,0,0,0,0,0,0,0,100,100,0,0,0,0,0,100,100,0,0.000000,0,10720,0.000000,0,0,0,0,108,8,0,8,100,5520,320,0,0,0,0,108,0,0,0,0,113,8136
486,1,1,5,5,0,0,0,0,0,0,0,100,100,0,0,0,0,0,100,100,0,0.000000,0,10720,0.000000,0,0,0,0,108,8,0,8,100,5520,320,0,0,0,0,108,0,0,0,0,129,8136
487,1,1,5,5,0,0,0,0,0,0,0,100,100,0,0,0,0,0,100,100,0,0.000000,0,10720,0.000000,0,0,0,0,108,8,0,8,100,5520,320,0,0,0,0,108,0,0,0,0,111,8136
488,1,1,5,5,0,0,0,0,0,0,0,100,100,0,0,0,0,0,100,100,0,0.000000,0,10720,0.000000,0,0,0,0,108,8,0,8,100,5520,320,0,0,0,0,108,0,0,0,0,112,8136
489,1,1,5,5,0,0,0,0,0,0,0,100,100,0,0,0,0,0,100,100,0,0.000000,0,10720,0.000000,0,0,0,0,108,8,0,8,100,5520,320,0,0,0,0,108,0,0,0,0,106,8136
490,1,1,5,5,0,0,0,0,0,0,0,100,100,0,0,0,0,0,100,100,0,0.000000,0,10720,0.000000,0,0,0,0,108,8,0,8,100,5520,320,0,0,0,0,108,0,0,0,0,118,8136
491,1,1,5,5,0,0,0,0,0,0,0,100,100,100,0,0,0,0,100,100,100,100.000000,1600,10720,14.925373,10,10,10,10,108,8,0,8,100,5520,320,0,0,0,0,108,0,0,0,0,121,8136
492,1,1,5,5,0,0,0,0,0,0,0,100,100,0,0,0,0,0,100,100,0,0.000000,0,10720,0.000000,0,0,0,0,108,8,0,8,100,5520,320,0,0,0,0,108,0,0,0,0,135,8136
493,1,1,5,5,0,0,0,0,0,0,0,100,100,0,0,0,0,0,100,100,0,0.000000,0,10720,0.000000,0,0,0,0,108,8,0,8,100,5520,320,0,0,0,0,108,0,0,0,0,122,8136
494,1,1,5,5,0,0,0,0,0,0,0,100,100,0,0,0,0,0,100,100,0,0.000000,0,10720,0.000000,0,0,0,0,108,8,0,8,100,5520,320,0,0,0,0,108,0,0,0,0,121,8136
495,1,1,5,5,0,0,0,0,0,0,0,100,100,0,0,0,0,0,100,100,0,0.000000,0,10720,0.000000,0,0,0,0,108,8,0,8,100,5520,320,0,0,0,0,108,0,0,0,0,119,8136
496,1,1,5,5,0,0,0,0,0,0,0,100,100,0,0,0,0,0,100,100,0,0.000000,0,10720,0.000000,0,0,0,0,108,8,0,8,100,5520,320,0,0,0,0,108,0,0,0,0,137,8136
497,1,1,5,5,0,0,0,0,0,0,0,100,100,0,0,0,0,0,100,100,0,0.000000,0,10720,0.000000,0,0,0,0,108,8,0,8,100,5520,320,0,0,0,0,108,0,0,0,0,125,8136
498,1,1,5,5,0,0,0,0,0,0,0,100,100,0,0,0,0,0,100,100,0,0.000000,0,10720,0.000000,0,0,0,0,108,8,0,8,100,5520,320,0,0,0,0,108,0,0,0,0,127,8136
499,1,1,5,5,0,0,0,0,0,0,0,100,100,0,0,0,0,0,100,100,0,0.000000,0,10720,0.000000,0,0,0,0,108,8,0,8,100,5520,320,0,0,0,0,108,0,0,0,0,127,8136
500,1,1,5,5,0,0,0,0,0,0,0,100,100,100,0,0,0,0,100,100,100,100.000000,1600,10720,14.925373,10,10,10,10,108,8,0,8,100,5520,320,0,0,0,0,108,0,0,0,0,130,8136
501,1,1,5,5,0,0,0,0,0,0,0,100,100,0,0,0,0,0,100,100,0,0.000000,0,10720,0.000000,0,0,0,0,108,8,0,8,100,5520,320,0,0,0,0,108,0,0,0,0,142,8136
502,1,1,5,5,0,0,0,0,0,0,0,100,100,0,0,0,0,0,100,100,0,0.000000,0,10720,0.000000,0,0,0,0,108,8,0,8,100,5520,320,0,0,0,0,108,0,0,0,0,129,8136
503,1,1,5,5,0,0,0,0,0,0,0,100,100,0,0,0,0,0,100,100,0,0.000000,0,10720,0.000000,0,0,0,0,108,8,0,8,100,5520,320,0,0,0,0,108,0,0,0,0,122,8136
504,1,1,5,5,0,0,0,0,0,0,0,100,100,0,0,0,0,0,100,100,0,0.000000,0,10720,0.000000,0,0,0,0,108,8,0,8,100,5520,320,0,0,0,0,108,0,0,0,0,117,8136
505,1,1,5,5,0,0,0,0,0,0,0,100,100,0,0,0,0,0,100,100,0,0.000000,0,10720,0.000000,0,0,0,0,108,8,0,8,100,5520,320,0,0,0,0,108,0,0,0,0,127,8136
506,1,1,5,5,0,0,0,0,0,0,0,100,100,0,0,0,0,0,100,100,0,0.000000,0,10720,0.000000,0,0,0,0,108,8,0,8,100,5520,320,0,0,0,0,108,0,0,0,0,135,8136
507,1,1,5,5,0,0,0,0,0,0,0,100,100,0,0,0,0,0,100,100,0,0.000000,0,10720,0.000000,0,0,0,0,108,8,0,8,100,5520,320,0,0,0,0,108,0,0,0,0,132,8136
508,1,1,5,5,0,0,0,0,0,0,0,100,100,0,0,0,0,0,100,100,0,0.000000,0,10720,0.000000,0,0,0,0,108,8,0,8,100,5520,320,0,0,0,0,108,0,0,0,0,128,8136
509,1,1,5,5,0,0,0,0,0,0,0,100,100,100,0,0,0,0,100,100,100,100.000000,1600,10720,14.925373,10,10,10,10,108,8,0,8,100,5520,320,0,0,0,0,108,0,0,0,0,129,8136
510,1,1,5,5,0,0,0,0,0,0,0,100,100,0,0,0,0,0,100,100,0,0.000000,0,10720,0.000000,0,0,0,0,108,8,0,8,100,5520,320,0,0,0,0,108,0,0,0,0,124,8136
511,1,1,5,5,0,0,0,0,0,0,0,100,100,0,0,0,0,0,100,100,0,0.000000,0,10720,0.000000,0,0,0,0,108,8,0,8,100,5520,320,0,0,0,0,108,0,0,0,0,118,8136
512,1,1,5,5,0,0,0,0,0,0,0,100,100,0,0,0,0,0,100,100,0,0.000000,0,10720,0.000000,0,0,0,0,108,8,0,8,100,5520,320,0,0,0,0,108,0,0,0,0,135,8136
513,1,1,5,5,0,0,0,0,0,0,0,100,100,0,0,0,0,0,100,100,0,0.000000,0,10720,0.000000,0,0,0,0,108,8,0,8,100,5520,320,0,0,0,0,108,0,0,0,0,137,8136
514,1,1,5,5,0,0,0,0,0,0,0,100,100,0,0,0,0,0,100,100,0,0.000000,0,10720,0.000000,0,0,0,0,108,8,0,8,100,5520,320,0,0,0,0,108,0,0,0,0,127,8136
515,1,1,5,5,0,0,0,0,0,0,0,100,100,0,0,0,0,0,100,100,0,0.000000,0,10720,0.000000,0,0,0,0,108,8,0,8,100,5520,320,0,0,0,0,108,0,0,0,0,116,8136
516,1,1,5,5,0,0,0,0,0,0,0,100,100,0,0,0,0,0,100,100,0,0.000000,0,10720,0.000000,0,0,0,0,108,8,0,8,100,5520,320,0,0,0,0,108,0,0,0,0,152,8136
517,1,1,5,5,0,0,0,0,0,0,0,100,100,0,0,0,0,0,100,100,0,0.000000,0,10720,0.000000,0,0,0,0,108,8,0,8,100,5520,320,0,0,0,0,108,0,0,0,0,135,8136
518,1,1,5,5,0,0,0,0,0,0,0,100,100,100,0,0,0,0,100,100,100,100.000000,1600,10720,14.925373,10,10,10,10,108,8,0,8,100,5520,320,0,0,0,0,108,0,0,0,0,115,8136
519,1,1,5,5,0,0,0,0,0,0,0,100,100,0,0,0,0,0,100,100,0,0.000000,0,10720,0.000000,0,0,0,0,108,8,0,8,100,5520,320,0,0,0,0,108,0,0,0,0,141,8136
520,1,1,5,5,0,0,0,0,0,0,0,100,100,0,0,0,0,0,100,100,0,0.000000,0,10720,0.000000,0,0,0,0,108,8,0,8,100,5520,320,0,0,0,0,108,0,0,0,0,141,8136
521,1,1,5,5,0,0,0,0,0,0,0,100,100,0,0,0,0,0,100,100,0,0.000000,0,10720,0.000000,0,0,0,0,108,8,0,8,100,5520,320,0,0,0,0,108,0,0,0,0,141,8136
522,1,1,5,5,0,0,0,0,0,0,0,100,100,0,0,0,0,0,100,100,0,0.000000,0,10720,0.000000,0,0,0,0,108,8,0,8,100,5520,320,0,0,0,0,108,0,0,0,0,128,8136
523,1,1,5,5,0,0,0,0,0,0,0,100,100,0,0,0,0,0,100,100,0,0.000000,0,10720,0.000000,0,0,0,0,108,8,0,8,100,5520,320,0,0,0,0,108,0,0,0,0,130,8136
524,1,1,5,5,0,0,0,0,0,0,0,100,100,0,0,0,0,0,100,100,0,0.000000,0,10720,0.000000,0,0,0,0,108,8,0,8,100,5520,320,0,0,0,0,108,0,0,0,0,132,8136
525,1,1,5,5,0,0,0,0,0,0,0,100,100,0,0,0,0,0,100,100,0,0.000000,0,10720,0.000000,0,0,0,0,108,8,0,8,100,5520,320,0,0,0,0,108,0,0,0,0,120,8136
526,1,1,5,5,0,0,0,0,0,0,0,100,100,0,0,0,0,0,100,100,0,0.000000,0,10720,0.000000,0,0,0,0,108,8,0,8,100,5520,320,0,0,0,0,108,0,0,0,0,111,8136
527,1,1,5,5,0,0,0,0,0,0,0,100,100,100,0,0,0,0,100,100,100,100.000000,1600,10720,14.925373,10,10,10,10,108,8,0,8,100,5520,320,0,0,0,0,108,0,0,0,0,139,8136
528,1,1,5,5,0,0,0,0,0,0,0,100,100,0,0,0,0,0,100,100,0,0.000000,0,10720,0.000000,0,0,0,0,108,8,0,8,100,5520,320,0,0,0,0,108,0,0,0,0,141,8136
529,1,1,5,5,0,0,0,0,0,0,0,100,100,0,0,0,0,0,100,100,0,0.000000,0,10720,0.000000,0,0,0,0,108,8,0,8,100,5520,320,0,0,0,0,108,0,0,0,0,133,8136
530,1,1,5,5,0,0,0,0,0,0,0,100,100,0,0,0,0,0,100,100,0,0.000000,0,10720,0.000000,0,0,0,0,108,8,0,8,100,5520,320,0,0,0,0,108,0,0,0,0,149,8136
531,1,1,5,5,0,0,0,0,0,0,0,100,100,0,0,0,0,0,100,100,0,0.000000,0,10720,0.000000,0,0,0,0,108,8,0,8,100,5520,320,0,0,0,0,108,0,0,0,0,146,8136
532,1,1,5,5,0,0,0,0,0,0,0,100,100,0,0,0,0,0,100,100,0,0.000000,0,10720,0.000000,0,0,0,0,108,8,0,8,100,5520,320,0,0,0,0,108,0,0,0,0,158,8136
533,1,1,5,5,0,0,0,0,0,0,0,100,100,0,0,0,0,0,100,100,0,0.000000,0,10720,0.000000,0,0,0,0,108,8,0,8,100,5520,320,0,0,0,0,108,0,0,0,0,149,8136
534,1,1,5,5,0,0,0,0,0,0,0,100,100,0,0,0,0,0,100,100,0,0.000000,0,10720,0.000000,0,0,0,0,108,8,0,8,100,5520,320,0,0,0,0,108,0,0,0,0,146,8136
535,1,1,5,5,0,0,0,0,0,0,0,100,100,0,0,0,0,0,100,100,0,0.000000,0,10720,0.000000,0,0,0,0,108,8,0,8,100,5520,320,0,0,0,0,108,0,0,0,0,168,8136
536,1,1,5,5,0,0,0,0,0,0,0,100,100,100,0,0,0,0,100,100,100,100.000000,1600,10720,14.925373,10,10,10,10,108,8,0,8,100,5520,320,0,0,0,0,108,0,0,0,0,187,8136
537,1,1,5,5,0,0,0,0,0,0,0,100,100,0,0,0,0,0,100,100,0,0.000000,0,10720,0.000000,0,0,0,0,108,8,0,8,100,5520,320,0,0,0,0,108,0,0,0,0,143,8136
538,1,1,5,5,0,0,0,0,0,0,0,100,100,0,0,0,0,0,100,100,0,0.000000,0,10720,0.000000,0,0,0,0,108,8,0,8,100,5520,320,0,0,0,0,108,0,0,0,0,148,8136
539,1,1,5,5,0,0,0,0,0,0,0,100,100,0,0,0,0,0,100,100,0,0.000000,0,10720,0.000000,0,0,0,0,108,8,0,8,100,5520,320,0,0,0,0,108,0,0,0,0,145,8136
540,1,1,5,5,0,0,0,0,0,0,0,100,100,0,0,0,0,0,100,100,0,0.000000,0,10720,0.000000,0,0,0,0,108,8,0,8,100,5520,320,0,0,0,0,108,0,0,0,0,173,8136
541,1,1,5,5,0,0,0,0,0,0,0,100,100,0,0,0,0,0,100,100,0,0.000000,0,10720,0.000000,0,0,0,0,108,8,0,8,100,5520,320,0,0,0,0,108,0,0,0,0,160,8136
542,1,1,5,5,0,0,0,0,0,0,0,100,100,0,0,0,0,0,100,100,0,0.000000,0,10720,0.000000,0,0,0,0,108,8,0,8,100,5520,320,0,0,0,0,108,0,0,0,0,165,8136
543,1,1,5,5,0,0,0,0,0,0,0,100,100,0,0,0,0,0,100,100,0,0.000000,0,10720,0.000000,0,0,0,0,108,8,0,8,100,5520,320,0,0,0,0,108,0,0,0,0,158,8136
544,1,1,5,5,0,0,0,0,0,0,0,100,100,0,0,0,0,0,100,100,0,0.000000,0,10720,0.000000,0,0,0,0,108,8,0,8,100,5520,320,0,0,0,0,108,0,0,0,0,154,8136
545,1,1,5,5,0,0,0,0,0,0,0,100,100,100,0,0,0,0,100,100,100,100.000000,1600,10720,14.925373,10,10,10,10,108,8,0,8,100,5520,320,0,0,0,0,108,0,0,0,0,148,8136
546,1,1,5,5,0,0,0,0,0,0,0,100,100,0,0,0,0,0,100,100,0,0.000000,0,10720,0.000000,0,0,0,0,108,8,0,8,100,5520,320,0,0,0,0,108,0,0,0,0,172,8136
547,1,1,5,5,0,0,0,0,0,0,0,100,100,0,0,0,0,0,100,100,0,0.000000,0,10720,0.000000,0,0,0,0,108,8,0,8,100,5520,320,0,0,0,0,108,0,0,0,0,148,8136
548,1,1,5,5,0,0,0,0,0,0,0,100,100,0,0,0,0,0,100,100,0,0.000000,0,10720,0.000000,0,0,0,0,108,8,0,8,100,5520,320,0,0,0,0,108,0,0,0,0,161,8136
549,1,1,5,5,0,0,0,0,0,0,0,100,100,0,0,0,0,0,100,100,0,0.000000,0,10720,0.000000,0,0,0,0,108,8,0,8,100,5520,320,0,0,0,0,108,0,0,0,0,152,8136
550,1,1,5,5,0,0,0,0,0,0,0,100,100,0,0,0,0,0,100,100,0,0.000000,0,10720,0.000000,0,0,0,0,108,8,0,8,100,5520,320,0,0,0,0,108,0,0,0,0,144,8136
551,1,1,5,5,0,0,0,0,0,0,0,100,100,0,0,0,0,0,100,100,0,0.000000,0,10720,0.000000,0,0,0,0,108,8,0,8,100,5520,320,0,0,0,0,108,0,0,0,0,133,8136
552,1,1,5,5,0,0,0,0,0,0,0,100,100,0,0,0,0,0,100,100,0,0.000000,0,10720,0.000000,0,0,0,0,108,8,0,8,100,5520,320,0,0,0,0,108,0,0,0,0,146,8136
553,1,1,5,5,0,0,0,0,0,0,0,100,100,0,0,0,0,0,100,100,0,0.000000,0,10720,0.000000,0,0,0,0,108,8,0,8,100,5520,320,0,0,0,0,108,0,0,0,0,149,8136
554,1,1,5,5,0,0,0,0,0,0,0,100,100,100,0,0,0,0,100,100,100,100.000000,1600,10720,14.925373,10,10,10,10,108,8,0,8,100,5520,320,0,0,0,0,108,0,0,0,0,159,8136
555,1,1,5,5,0,0,0,0,0,0,0,100,100,0,0,0,0,0,100,100,0,0.000000,0,10720,0.000000,0,0,0,0,108,8,0,8,100,5520,320,0,0,0,0,108,0,0,0,0,146,8136
556,1,1,5,5,0,0,0,0,0,0,0,100,100,0,0,0,0,0,100,100,0,0.000000,0,10720,0.000000,0,0,0,0,108,8,0,8,100,5520,320,0,0,0,0,108,0,0,0,0,149,8136
557,1,1,5,5,0,0,0,0,0,0,0,100,100,0,0,0,0,0,100,100,0,0.000000,0,10720,0.000000,0,0,0,0,108,8,0,8,100,5520,320,0,0,0,0,108,0,0,0,0,151,8136
558,1,1,5,5,0,0,0,0,0,0,0,100,100,0,0,0,0,0,100,100,0,0.000000,0,10720,0.000000,0,0,0,0,108,8,0,8,100,5520,320,0,0,0,0,108,0,0,0,0,146,8136
559,1,1,5,5,0,0,0,0,0,0,0,100,100,0,0,0,0,0,100,100,0,0.000000,0,10720,0.000000,0,0,0,0,108,8,0,8,100,5520,320,0,0,0,0,108,0,0,0,0,138,8136
560,1,1,5,5,0,0,0,0,0,0,0,100,100,0,0,0,0,0,100,100,0,0.000000,0,10720,0.000000,0,0,0,0,108,8,0,8,100,5520,320,0,0,0,0,108,0,0,0,0,121,8136
561,1,1,5,5,0,0,0,0,0,0,0,100,100,0,0,0,0,0,100,100,0,0.000000,0,10720,0.000000,0,0,0,0,108,8,0,8,100,5520,320,0,0,0,0,108,0,0,0,0,118,8136
562,1,1,5,5,0,0,0,0,0,0,0,100,100,0,0,0,0,0,100,100,0,0.000000,0,10720,0.000000,0,0,0,0,108,8,0,8,100,5520,320,0,0,0,0,108,0,0,0,0,125,8136
563,1,1,5,5,0,0,0,0,0,0,0,100,100,100,0,0,0,0,100,100,100,100.000000,1600,10720,14.925373,10,10,10,10,108,8,0,8,100,5520,320,0,0,0,0,108,0,0,0,0,119,8136
564,1,1,5,5,0,0,0,0,0,0,0,100,100,0,0,0,0,0,100,100,0,0.000000,0,10720,0.000000,0,0,0,0,108,8,0,8,100,5520,320,0,0,0,0,108,0,0,0,0,120,8136
565,1,1,5,5,0,0,0,0,0,0,0,100,100,0,0,0,0,0,100,100,0,0.000000,0,10720,0.000000,0,0,0,0,108,8,0,8,100,5520,320,0,0,0,0,108,0,0,0,0,111,8136
566,1,1,5,5,0,0,0,0,0,0,0,100,100,0,0,0,0,0,100,100,0,0.000000,0,10720,0.000000,0,0,0,0,108,8,0,8,100,5520,320,0,0,0,0,108,0,0,0,0,126,8136
567,1,1,5,5,0,0,0,0,0,0,0,100,100,0,0,0,0,0,100,100,0,0.000000,0,10720,0.000000,0,0,0,0,108,8,0,8,100,5520,320,0,0,0,0,108,0,0,0,0,134,8136
568,1,1,5,5,0,0,0,0,0,0,0,100,100,0,0,0,0,0,100,100,0,0.000000,0,10720,0.000000,0,0,0,0,108,8,0,8,100,5520,320,0,0,0,0,108,0,0,0,0,142,8136
569,1,1,5,5,0,0,0,0,0,0,0,100,100,0,0,0,0,0,100,100,0,0.000000,0,10720,0.000000,0,0,0,0,108,8,0,8,100,5520,320,0,0,0,0,108,0,0,0,0,126,8136
570,1,1,5,5,0,0,0,0,0,0,0,100,100,0,0,0,0,0,100,100,0,0.000000,0,10720,0.000000,0,0,0,0,108,8,0,8,100,5520,320,0,0,0,0,108,0,0,0,0,137,8136
571,1,1,5,5,0,0,0,0,0,0,0,100,100,0,0,0,0,0,100,100,0,0.000000,0,10720,0.000000,0,0,0,0,108,8,0,8,100,5520,320,0,0,0,0,108,0,0,0,0,120,8136
572,1,1,5,5,0,0,0,0,0,0,0,100,100,100,0,0,0,0,100,100,100,100.000000,1600,10720,14.925373,10,10,10,10,108,8,0,8,100,5520,320,0,0,0,0,108,0,0,0,0,135,8136
573,1,1,5,5,0,0,0,0,0,0,0,100,100,0,0,0,0,0,100,100,0,0.000000,0,10720,0.000000,0,0,0,0,108,8,0,8,100,5520,320,0,0,0,0,108,0,0,0,0,138,8136
574,1,1,5,5,0,0,0,0,0,0,0,100,100,0,0,0,0,0,100,100,0,0.000000,0,10720,0.000000,0,0,0,0,108,8,0,8,100,5520,320,0,0,0,0,108,0,0,0,0,134,8136
575,1,1,5,5,0,0,0,0,0,0,0,100,100,0,0,0,0,0,100,100,0,0.000000,0,10720,0.000000,0,0,0,0,108,8,0,8,100,5520,320,0,0,0,0,108,0,0,0,0,136,8136
576,1,1,5,5,0,0,0,0,0,0,0,100,100,0,0,0,0,0,100,100,0,0.000000,0,10720,0.000000,0,0,0,0,108,8,0,8,100,5520,320,0,0,0,0,108,0,0,0,0,127,8136
577,1,1,5,5,0,0,0,0,0,0,0,100,100,0,0,0,0,0,100,100,0,0.000000,0,10720,0.000000,0,0,0,0,108,8,0,8,100,5520,320,0,0,0,0,108,0,0,0,0,135,8136
578,1,1,5,5,0,0,0,0,0,0,0,100,100,0,0,0,0,0,100,100,0,0.000000,0,10720,0.000000,0,0,0,0,108,8,0,8,100,5520,320,0,0,0,0,108,0,0,0,0,171,8136
579,1,1,5,5,0,0,0,0,0,0,0,100,100,0,0,0,0,0,100,100,0,0.000000,0,10720,0.000000,0,0,0,0,108,8,0,8,100,5520,320,0,0,0,0,108,0,0,0,0,137,8136
580,1,1,5,5,0,0,0,0,0,0,0,100,100,0,0,0,0,0,100,100,0,0.000000,0,10720,0.000000,0,0,0,0,108,8,0,8,100,5520,320,0,0,0,0,108,0,0,0,0,122,8136
581,1,1,5,5,0,0,0,0,0,0,0,100,100,100,0,0,0,0,100,100,100,100.000000,1600,10720,14.925373,10,10,10,10,108,8,0,8,100,5520,320,0,0,0,0,108,0,0,0,0,127,8136
582,1,1,5,5,0,0,0,0,0,0,0,100,100,0,0,0,0,0,100,100,0,0.000000,0,10720,0.000000,0,0,0,0,108,8,0,8,100,5520,320,0,0,0,0,108,0,0,0,0,135,8136
583,1,1,5,5,0,0,0,0,0,0,0,100,100,0,0,0,0,0,100,100,0,0.000000,0,10720,0.000000,0,0,0,0,108,8,0,8,100,5520,320,0,0,0,0,108,0,0,0,0,114,8136
584,1,1,5,5,0,0,0,0,0,0,0,100,100,0,0,0,0,0,100,100,0,0.000000,0,10720,0.000000,0,0,0,0,108,8,0,8,100,5520,320,0,0,0,0,108,0,0,0,0,136,8136
585,1,1,5,5,0,0,0,0,0,0,0,100,100,0,0,0,0,0,100,100,0,0.000000,0,10720,0.000000,0,0,0,0,108,8,0,8,100,5520,320,0,0,0,0,108,0,0,0,0,131,8136
586,1,1,5,5,0,0,0,0,0,0,0,100,100,0,0,0,0,0,100,100,0,0.000000,0,10720,0.000000,0,0,0,0,108,8,0,8,100,5520,320,0,0,0,0,108,0,0,0,0,145,8136
587,1,1,5,5,0,0,0,0,0,0,0,100,100,0,0,0,0,0,100,100,0,0.000000,0,10720,0.000000,0,0,0,0,108,8,0,8,100,5520,320,0,0,0,0,108,0,0,0,0,153,8136
588,1,1,5,5,0,0,0,0,0,0,0,100,100,0,0,0,0,0,100,100,0,0.000000,0,10720,0.000000,0,0,0,0,108,8,0,8,100,5520,320,0,0,0,0,108,0,0,0,0,174,8136
589,1,1,5,5,0,0,0,0,0,0,0,100,100,0,0,0,0,0,100,100,0,0.000000,0,10720,0.000000,0,0,0,0,108,8,0,8,100,5520,320,0,0,0,0,108,0,0,0,0,149,8136
590,1,1,5,5,0,0,0,0,0,0,0,100,100,100,0,0,0,0,100,100,100,100.000000,1600,10720,14.925373,10,10,10,10,108,8,0,8,100,5520,320,0,0,0,0,108,0,0,0,0,162,8136
591,1,1,5,5,0,0,0,0,0,0,0,100,100,0,0,0,0,0,100,100,0,0.000000,0,10720,0.000000,0,0,0,0,108,8,0,8,100,5520,320,0,0,0,0,108,0,0,0,0,152,8136
592,1,1,5,5,0,0,0,0,0,0,0,100,100,0,0,0,0,0,100,100,0,0.000000,0,10720,0.000000,0,0,0,0,108,8,0,8,100,5520,320,0,0,0,0,108,0,0,0,0,147,8136
593,1,1,5,5,0,0,0,0,0,0,0,100,100,0,0,0,0,0,100,100,0,0.000000,0,10720,0.000000,0,0,0,0,108,8,0,8,100,5520,320,0,0,0,0,108,0,0,0,0,152,8136
594,1,1,5,5,0,0,0,0,0,0,0,100,100,0,0,0,0,0,100,100,0,0.000000,0,10720,0.000000,0,0,0,0,108,8,0,8,100,5520,320,0,0,0,0,108,0,0,0,0,145,8136
595,1,1,5,5,0,0,0,0,0,0,0,100,100,0,0,0,0,0,100,100,0,0.000000,0,10720,0.000000,0,0,0,0,108,8,0,8,100,5520,320,0,0,0,0,108,0,0,0,0,134,8136
596,1,1,5,5,0,0,0,0,0,0,0,100,100,0,0,0,0,0,100,100,0,0.000000,0,10720,0.000000,0,0,0,0,108,8,0,8,100,5520,320,0,0,0,0,108,0,0,0,0,138,8136
597,1,1,5,5,0,0,0,0,0,0,0,100,100,0,0,0,0,0,100,100,0,0.000000,0,10720,0.000000,0,0,0,0,108,8,0,8,100,5520,320,0,0,0,0,108,0,0,0,0,125,8136
598,1,1,5,5,0,0,0,0,0,0,0,100,100,0,0,0,0,0,100,100,0,0.000000,0,10720,0.000000,0,0,0,0,108,8,0,8,100,5520,320,0,0,0,0,108,0,0,0,0,135,8136
599,1,1,5,5,0,0,0,0,0,0,0,100,100,100,0,0,0,0,100,100,100,100.000000,1600,10720,14.925373,10,10,10,10,108,8,0,8,100,5520,320,0,0,0,0,108,0,0,0,0,124,8136
600,1,1,5,5,0,0,0,0,0,0,0,100,100,0,0,0,0,0,100,100,0,0.000000,0,10720,0.000000,0,0,0,0,108,8,0,8,100,5520,320,0,0,0,0,108,0,0,0,0,123,8136
601,1,1,5,5,0,0,0,0,0,0,0,100,100,0,0,0,0,0,100,100,0,0.000000,0,10720,0.000000,0,0,0,0,108,8,0,8,100,5520,320,0,0,0,0,108,0,0,0,0,117,8136
602,1,1,5,5,0,0,0,0,0,0,0,100,100,0,0,0,0,0,100,100,0,0.000000,0,10720,0.000000,0,0,0,0,108,8,0,8,100,5520,320,0,0,0,0,108,0,0,0,0,128,8136
603,1,1,5,5,0,0,0,0,0,0,0,100,100,0,0,0,0,0,100,100,0,0.000000,0,10720,0.000000,0,0,0,0,108,8,0,8,100,5520,320,0,0,0,0,108,0,0,0,0,115,8136
604,1,1,5,5,0,0,0,0,0,0,0,100,100,0,0,0,0,0,100,100,0,0.000000,0,10720,0.000000,0,0,0,0,108,8,0,8,100,5520,320,0,0,0,0,108,0,0,0,0,126,8136
605,1,1,5,5,0,0,0,0,0,0,0,100,100,0,0,0,0,0,100,100,0,0.000000,0,10720,0.000000,0,0,0,0,108,8,0,8,100,5520,320,0,0,0,0,108,0,0,0,0,130,8136
606,1,1,5,5,0,0,0,0,0,0,0,100,100,0,0,0,0,0,100,100,0,0.000000,0,10720,0.000000,0,0,0,0,108,8,0,8,100,5520,320,0,0,0,0,108,0,0,0,0,124,8136
607,1,1,5,5,0,0,0,0,0,0,0,100,100,0,0,0,0,0,100,100,0,0.000000,0,10720,0.000000,0,0,0,0,108,8,0,8,100,5520,320,0,0,0,0,108,0,0,0,0,114,8136
608,1,1,5,5,0,0,0,0,0,0,0,100,100,100,0,0,0,0,100,100,100,100.000000,1600,10720,14.925373,10,10,10,10,108,8,0,8,100,5520,320,0,0,0,0,108,0,0,0,0,127,8136
609,1,1,5,5,0,0,0,0,0,0,0,100,100,0,0,0,0,0,100,100,0,0.000000,0,10720,0.000000,0,0,0,0,108,8,0,8,100,5520,320,0,0,0,0,108,0,0,0,0,115,8136
610,1,1,5,5,0,0,0,0,0,0,0,100,100,0,0,0,0,0,100,100,0,0.000000,0,10720,0.000000,0,0,0,0,108,8,0,8,100,5520,320,0,0,0,0,108,0,0,0,0,132,8136
611,1,1,5,5,0,0,0,0,0,0,0,100,100,0,0,0,0,0,100,100,0,0.000000,0,10720,0.000000,0,0,0,0,108,8,0,8,100,5520,320,0,0,0,0,108,0,0,0,0,128,8136
612,1,1,5,5,0,0,0,0,0,0,0,100,100,0,0,0,0,0,100,100,0,0.000000,0,10720,0.000000,0,0,0,0,108,8,0,8,100,5520,320,0,0,0,0,108,0,0,0,0,143,8136
613,1,1,5,5,0,0,0,0,0,0,0,100,100,0,0,0,0,0,100,100,0,0.000000,0,10720,0.000000,0,0,0,0,108,8,0,8,100,5520,320,0,0,0,0,108,0,0,0,0,137,8136
614,1,1,5,5,0,0,0,0,0,0,0,100,100,0,0,0,0,0,100,100,0,0.000000,0,10720,0.000000,0,0,0,0,108,8,0,8,100,5520,320,0,0,0,0,108,0,0,0,0,133,8136
615,1,1,5,5,0,0,0,0,0,0,0,100,100,0,0,0,0,0,100,100,0,0.000000,0,10720,0.000000,0,0,0,0,108,8,0,8,100,5520,320,0,0,0,0,108,0,0,0,0,146,8136
616,1,1,5,5,0,0,0,0,0,0,0,100,100,0,0,0,0,0,100,100,0,0.000000,0,10720,0.000000,0,0,0,0,108,8,0,8,100,5520,320,0,0,0,0,108,0,0,0,0,121,8136
617,1,1,5,5,0,0,0,0,0,0,0,100,100,100,0,0,0,0,100,100,100,100.000000,1600,10720,14.925373,10,10,10,10,108,8,0,8,100,5520,320,0,0,0,0,108,0,0,0,0,112,8136
618,1,1,5,5,0,0,0,0,0,0,0,100,100,0,0,0,0,0,100,100,0,0.000000,0,10720,0.000000,0,0,0,0,108,8,0,8,100,5520,320,0,0,0,0,108,0,0,0,0,125,8136
619,1,1,5,5,0,0,0,0,0,0,0,100,100,0,0,0,0,0,100,100,0,0.000000,0,10720,0.000000,0,0,0,0,108,8,0,8,100,5520,320,0,0,0,0,108,0,0,0,0,113,8136
620,1,1,5,5,0,0,0,0,0,0,0,100,100,0,0,0,0,0,100,100,0,0.000000,0,10720,0.000000,0,0,0,0,108,8,0,8,100,5520,320,0,0,0,0,108,0,0,0,0,126,8136
621,1,1,5,5,0,0,0,0,0,0,0,100,100,0,0,0,0,0,100,100,0,0.000000,0,10720,0.000000,0,0,0,0,108,8,0,8,100,5520,320,0,0,0,0,108,0,0,0,0,114,8136
622,1,1,5,5,0,0,0,0,0,0,0,100,100,0,0,0,0,0,100,100,0,0.000000,0,10720,0.000000,0,0,0,0,108,8,0,8,100,5520,320,0,0,0,0,108,0,0,0,0,134,8136
623,1,1,5,5,0,0,0,0,0,0,0,100,100,0,0,0,0,0,100,100,0,0.000000,0,10720,0.000000,0,0,0,0,108,8,0,8,100,5520,320,0,0,0,0,108,0,0,0,0,120,8136
624,1,1,5,5,0,0,0,0,0,0,0,100,100,0,0,0,0,0,100,100,0,0.000000,0,10720,0.000000,0,0,0,0,108,8,0,8,100,5520,320,0,0,0,0,108,0,0,0,0,127,8136
625,1,1,5,5,0,0,0,0,0,0,0,100,100,0,0,0,0,0,100,100,0,0.000000,0,10720,0.000000,0,0,0,0,108,8,0,8,100,5520,320,0,0,0,0,108,0,0,0,0,139,8136
626,1,1,5,5,0,0,0,0,0,0,0,100,100,100,0,0,0,0,100,100,100,100.000000,1600,10720,14.925373,10,10,10,10,108,8,0,8,100,5520,320,0,0,0,0,108,0,0,0,0,149,8136
627,1,1,5,5,0,0,0,0,0,0,0,100,100,0,0,0,0,0,100,100,0,0.000000,0,10720,0.000000,0,0,0,0,108,8,0,8,100,5520,320,0,0,0,0,108,0,0,0,0,147,8136
628,1,1,5,5,0,0,0,0,0,0,0,100,100,0,0,0,0,0,100,100,0,0.000000,0,10720,0.000000,0,0,0,0,108,8,0,8,100,5520,320,0,0,0,0,108,0,0,0,0,122,8136
629,1,1,5,5,0,0,0,0,0,0,0,100,100,0,0,0,0,0,100,100,0,0.000000,0,10720,0.000000,0,0,0,0,108,8,0,8,100,5520,320,0,0,0,0,108,0,0,0,0,131,8136
630,1,1,5,5,0,0,0,0,0,0,0,100,100,0,0,0,0,0,100,100,0,0.000000,0,10720,0.000000,0,0,0,0,108,8,0,8,100,5520,320,0,0,0,0,108,0,0,0,0,140,8136
631,1,1,5,5,0,0,0,0,0,0,0,100,100,0,0,0,0,0,100,100,0,0.000000,0,10720,0.000000,0,0,0,0,108,8,0,8,100,5520,320,0,0,0,0,108,0,0,0,0,127,8136
632,1,1,5,5,0,0,0,0,0,0,0,100,100,0,0,0,0,0,100,100,0,0.000000,0,10720,0.000000,0,0,0,0,108,8,0,8,100,5520,320,0,0,0,0,108,0,0,0,0,126,8136
633,1,1,5,5,0,0,0,0,0,0,0,100,100,0,0,0,0,0,100,100,0,0.000000,0,10720,0.000000,0,0,0,0,108,8,0,8,100,5520,320,0,0,0,0,108,0,0,0,0,126,8136
634,1,1,5,5,0,0,0,0,0,0,0,100,100,0,0,0,0,0,100,100,0,0.000000,0,10720,0.000000,0,0,0,0,108,8,0,8,100,5520,320,0,0,0,0,108,0,0,0,0,132,8136
635,1,1,5,5,0,0,0,0,0,0,0,100,100,100,0,0,0,0,100,100,100,100.000000,1600,10720,14.925373,10,10,10,10,108,8,0,8,100,5520,320,0,0,0,0,108,0,0,0,0,152,8136
636,1,1,5,5,0,0,0,0,0,0,0,100,100,0,0,0,0,0,100,100,0,0.000000,0,10720,0.000000,0,0,0,0,108,8,0,8,100,5520,320,0,0,0,0,108,0,0,0,0,144,8136
637,1,1,5,5,0,0,0,0,0,0,0,100,100,0,0,0,0,0,100,100,0,0.000000,0,10720,0.000000,0,0,0,0,108,8,0,8,100,5520,320,0,0,0,0,108,0,0,0,0,138,8136
638,1,1,5,5,0,0,0,0,0,0,0,100,100,0,0,0,0,0,100,100,0,0.000000,0,10720,0.000000,0,0,0,0,108,8,0,8,100,5520,320,0,0,0,0,108,0,0,0,0,127,8136
639,1,1,5,5,0,0,0,0,0,0,0,100,100,0,0,0,0,0,100,100,0,0.000000,0,10720,0.000000,0,0,0,0,108,8,0,8,100,5520,320,0,0,0,0,108,0,0,0,0,148,8136
640,1,1,5,5,0,0,0,0,0,0,0,100,100,0,0,0,0,0,100,100,0,0.000000,0,10720,0.000000,0,0,0,0,108,8,0,8,100,5520,320,0,0,0,0,108,0,0,0,0,128,8136
641,1,1,5,5,0,0,0,0,0,0,0,100,100,0,0,0,0,0,100,100,0,0.000000,0,10720,0.000000,0,0,0,0,108,8,0,8,100,5520,320,0,0,0,0,108,0,0,0,0,140,8136
642,1,1,5,5,0,0,0,0,0,0,0,100,100,0,0,0,0,0,100,100,0,0.000000,0,10720,0.000000,0,0,0,0,108,8,0,8,100,5520,320,0,0,0,0,108,0,0,0,0,136,8136
643,1,1,5,5,0,0,0,0,0,0,0,100,100,0,0,0,0,0,100,100,0,0.000000,0,10720,0.000000,0,0,0,0,108,8,0,8,100,5520,320,0,0,0,0,108,0,0,0,0,133,8136
644,1,1,5,5,0,0,0,0,0,0,0,100,100,100,0,0,0,0,100,100,100,100.000000,1600,10720,14.925373,10,10,10,10,108,8,0,8,100,5520,320,0,0,0,0,108,0,0,0,0,144,8136
645,1,1,5,5,0,0,0,0,0,0,0,100,100,0,0,0,0,0,100,100,0,0.000000,0,10720,0.000000,0,0,0,0,108,8,0,8,100,5520,320,0,0,0,0,108,0,0,0,0,132,8136
646,1,1,5,5,0,0,0,0,0,0,0,100,100,0,0,0,0,0,100,100,0,0.000000,0,10720,0.000000,0,0,0,0,108,8,0,8,100,5520,320,0,0,0,0,108,0,0,0,0,150,8136
647,1,1,5,5,0,0,0,0,0,0,0,100,100,0,0,0,0,0,100,100,0,0.000000,0,10720,0.000000,0,0,0,0,108,8,0,8,100,5520,320,0,0,0,0,108,0,0,0,0,141,8136
648,1,1,5,5,0,0,0,0,0,0,0,100,100,0,0,0,0,0,100,100,0,0.000000,0,10720,0.000000,0,0,0,0,108,8,0,8,100,5520,320,0,0,0,0,108,0,0,0,0,147,8136
649,1,1,5,5,0,0,0,0,0,0,0,100,100,0,0,0,0,0,100,100,0,0.000000,0,10720,0.000000,0,0,0,0,108,8,0,8,100,5520,320,0,0,0,0,108,0,0,0,0,164,8136
650,1,1,5,5,0,0,0,0,0,0,0,100,100,0,0,0,0,0,100,100,0,0.000000,0,10720,0.000000,0,0,0,0,108,8,0,8,100,5520,320,0,0,0,0,108,0,0,0,0,165,8136
651,1,1,5,5,0,0,0,0,0,0,0,100,100,0,0,0,0,0,100,100,0,0.000000,0,10720,0.000000,0,0,0,0,108,8,0,8,100,5520,320,0,0,0,0,108,0,0,0,0,142,8136
652,1,1,5,5,0,0,0,0,0,0,0,100,100,0,0,0,0,0,100,100,0,0.000000,0,10720,0.000000,0,0,0,0,108,8,0,8,100,5520,320,0,0,0,0,108,0,0,0,0,135,8136
653,1,1,5,5,0,0,0,0,0,0,0,100,100,100,0,0,0,0,100,100,100,100.000000,1600,10720,14.925373,10,10,10,10,108,8,0,8,100,5520,320,0,0,0,0,108,0,0,0,0,148,8136
654,1,1,5,5,0,0,0,0,0,0,0,100,100,0,0,0,0,0,100,100,0,0.000000,0,10720,0.000000,0,0,0,0,108,8,0,8,100,5520,320,0,0,0,0,108,0,0,0,0,145,8136
655,1,1,5,5,0,0,0,0,0,0,0,100,100,0,0,0,0,0,100,100,0,0.000000,0,10720,0.000000,0,0,0,0,108,8,0,8,100,5520,320,0,0,0,0,108,0,0,0,0,132,8136
656,1,1,5,5,0,0,0,0,0,0,0,100,100,0,0,0,0,0,100,100,0,0.000000,0,10720,0.000000,0,0,0,0,108,8,0,8,100,5520,320,0,0,0,0,108,0,0,0,0,142,8136
657,1,1,5,5,0,0,0,0,0,0,0,100,100,0,0,0,0,0,100,100,0,0.000000,0,10720,0.000000,0,0,0,0,108,8,0,8,100,5520,320,0,0,0,0,108,0,0,0,0,135,8136
658,1,1,5,5,0,0,0,0,0,0,0,100,100,0,0,0,0,0,100,100,0,0.000000,0,10720,0.000000,0,0,0,0,108,8,0,8,100,5520,320,0,0,0,0,108,0,0,0,0,142,8136
659,1,1,5,5,0,0,0,0,0,0,0,100,100,0,0,0,0,0,100,100,0,0.000000,0,10720,0.000000,0,0,0,0,108,8,0,8,100,5520,320,0,0,0,0,108,0,0,0,0,160,8136
660,1,1,5,5,0,0,0,0,0,0,0,100,100,0,0,0,0,0,100,100,0,0.000000,0,10720,0.000000,0,0,0,0,108,8,0,8,100,5520,320,0,0,0,0,108,0,0,0,0,154,8136
661,1,1,5,5,0,0,0,0,0,0,0,100,100,0,0,0,0,0,100,100,0,0.000000,0,10720,0.000000,0,0,0,0,108,8,0,8,100,5520,320,0,0,0,0,108,0,0,0,0,143,8136
662,1,1,5,5,0,0,0,0,0,0,0,100,100,100,0,0,0,0,100,100,100,100.000000,1600,10720,14.925373,10,10,10,10,108,8,0,8,100,5520,320,0,0,0,0,108,0,0,0,0,138,8136
663,1,1,5,5,0,0,0,0,0,0,0,100,100,0,0,0,0,0,100,100,0,0.000000,0,10720,0.000000,0,0,0,0,108,8,0,8,100,5520,320,0,0,0,0,108,0,0,0,0,133,8136
664,1,1,5,5,0,0,0,0,0,0,0,100,100,0,0,0,0,0,100,100,0,0.000000,0,10720,0.000000,0,0,0,0,108,8,0,8,100,5520,320,0,0,0,0,108,0,0,0,0,168,8136
665,1,1,5,5,0,0,0,0,0,0,0,100,100,0,0,0,0,0,100,100,0,0.000000,0,10720,0.000000,0,0,0,0,108,8,0,8,100,5520,320,0,0,0,0,108,0,0,0,0,137,8136
666,1,1,5,5,0,0,0,0,0,0,0,100,100,0,0,0,0,0,100,100,0,0.000000,0,10720,0.000000,0,0,0,0,108,8,0,8,100,5520,320,0,0,0,0,108,0,0,0,0,158,8136
667,1,1,5,5,0,0,0,0,0,0,0,100,100,0,0,0,0,0,100,100,0,0.000000,0,10720,0.000000,0,0,0,0,108,8,0,8,100,5520,320,0,0,0,0,108,0,0,0,0,140,8136
668,1,1,5,5,0,0,0,0,0,0,0,100,100,0,0,0,0,0,100,100,0,0.000000,0,10720,0.000000,0,0,0,0,108,8,0,8,100,5520,320,0,0,0,0,108,0,0,0,0,135,8136
669,1,1,5,5,0,0,0,0,0,0,0,100,100,0,0,0,0,0,100,100,0,0.000000,0,10720,0.000000,0,0,0,0,108,8,0,8,100,5520,320,0,0,0,0,108,0,0,0,0,128,8136
670,1,1,5,5,0,0,0,0,0,0,0,100,100,0,0,0,0,0,100,100,0,0.000000,0,10720,0.000000,0,0,0,0,108,8,0,8,100,5520,320,0,0,0,0,108,0,0,0,0,144,8136
671,1,1,5,5,0,0,0,0,0,0,0,100,100,100,0,0,0,0,100,100,100,100.000000,1600,10720,14.925373,10,10,10,10,108,8,0,8,100,5520,320,0,0,0,0,108,0,0,0,0,131,8136
672,1,1,5,5,0,0,0,0,0,0,0,100,100,0,0,0,0,0,100,100,0,0.000000,0,10720,0.000000,0,0,0,0,108,8,0,8,100,5520,320,0,0,0,0,108,0,0,0,0,152,8136
673,1,1,5,5,0,0,0,0,0,0,0,100,100,0,0,0,0,0,100,100,0,0.000000,0,10720,0.000000,0,0,0,0,108,8,0,8,100,5520,320,0,0,0,0,108,0,0,0,0,129,8136
674,1,1,5,5,0,0,0,0,0,0,0,100,100,0,0,0,0,0,100,100,0,0.000000,0,10720,0.000000,0,0,0,0,108,8,0,8,100,5520,320,0,0,0,0,108,0,0,0,0,137,8136
675,1,1,5,5,0,0,0,0,0,0,0,100,100,0,0,0,0,0,100,100,0,0.000000,0,10720,0.000000,0,0,0,0,108,8,0,8,100,5520,320,0,0,0,0,108,0,0,0,0,123,8136
676,1,1,5,5,0,0,0,0,0,0,0,100,100,0,0,0,0,0,100,100,0,0.000000,0,10720,0.000000,0,0,0,0,108,8,0,8,100,5520,320,0,0,0,0,108,0,0,0,0,133,8136
677,1,1,5,5,0,0,0,0,0,0,0,100,100,0,0,0,0,0,100,100,0,0.000000,0,10720,0.000000,0,0,0,0,108,8,0,8,100,5520,320,0,0,0,0,108,0,0,0,0,127,8136
678,1,1,5,5,0,0,0,0,0,0,0,100,100,0,0,0,0,0,100,100,0,0.000000,0,10720,0.000000,0,0,0,0,108,8,0,8,100,5520,320,0,0,0,0,108,0,0,0,0,131,8136
679,1,1,5,5,0,0,0,0,0,0,0,100,100,0,0,0,0,0,100,100,0,0.000000,0,10720,0.000000,0,0,0,0,108,8,0,8,100,5520,320,0,0,0,0,108,0,0,0,0,128,8136
680,1,1,5,5,0,0,0,0,0,0,0,100,100,100,0,0,0,0,100,100,100,100.000000,1600,10720,14.925373,10,10,10,10,108,8,0,8,100,5520,320,0,0,0,0,108,0,0,0,0,129,8136
681,1,1,5,5,0,0,0,0,0,0,0,100,100,0,0,0,0,0,100,100,0,0.000000,0,10720,0.000000,0,0,0,0,108,8,0,8,100,5520,320,0,0,0,0,108,0,0,0,0,144,8136
682,1,1,5,5,0,0,0,0,0,0,0,100,100,0,0,0,0,0,100,100,0,0.000000,0,10720,0.000000,0,0,0,0,108,8,0,8,100,5520,320,0,0,0,0,108,0,0,0,0,146,8136
683,1,1,5,5,0,0,0,0,0,0,0,100,100,0,0,0,0,0,100,100,0,0.000000,0,10720,0.000000,0,0,0,0,108,8,0,8,100,5520,320,0,0,0,0,108,0,0,0,0,148,8136
684,1,1,5,5,0,0,0,0,0,0,0,100,100,0,0,0,0,0,100,100,0,0.000000,0,10720,0.000000,0,0,0,0,108,8,0,8,100,5520,320,0,0,0,0,108,0,0,0,0,153,8136
685,1,1,5,5,0,0,0,0,0,0,0,100,100,0,0,0,0,0,100,100,0,0.000000,0,10720,0.000000,0,0,0,0,108,8,0,8,100,5520,320,0,0,0,0,108,0,0,0,0,122,8136
686,1,1,5,5,0,0,0,0,0,0,0,100,100,0,0,0,0,0,100,100,0,0.000000,0,10720,0.000000,0,0,0,0,108,8,0,8,100,5520,320,0,0,0,0,108,0,0,0,0,138,8136
687,1,1,5,5,0,0,0,0,0,0,0,100,100,0,0,0,0,0,100,100,0,0.000000,0,10720,0.000000,0,0,0,0,108,8,0,8,100,5520,320,0,0,0,0,108,0,0,0,0,143,8136
688,1,1,5,5,0,0,0,0,0,0,0,100,100,0,0,0,0,0,100,100,0,0.000000,0,10720,0.000000,0,0,0,0,108,8,0,8,100,5520,320,0,0,0,0,108,0,0,0,0,146,8136
689,1,1,5,5,0,0,0,0,0,0,0,100,100,100,0,0,0,0,100,100,100,100.000000,1600,10720,14.925373,10,10,10,10,108,8,0,8,100,5520,320,0,0,0,0,108,0,0,0,0,120,8136
690,1,1,5,5,0,0,0,0,0,0,0,100,100,0,0,0,0,0,100,100,0,0.000000,0,10720,0.000000,0,0,0,0,108,8,0,8,100,5520,320,0,0,0,0,108,0,0,0,0,119,8136
691,1,1,5,5,0,0,0,0,0,0,0,100,100,0,0,0,0,0,100,100,0,0.000000,0,10720,0.000000,0,0,0,0,108,8,0,8,100,5520,320,0,0,0,0,108,0,0,0,0,127,8136
692,1,1,5,5,0,0,0,0,0,0,0,100,100,0,0,0,0,0,100,100,0,0.000000,0,10720,0.000000,0,0,0,0,108,8,0,8,100,5520,320,0,0,0,0,108,0,0,0,0,130,8136
693,1,1,5,5,0,0,0,0,0,0,0,100,100,0,0,0,0,0,100,100,0,0.000000,0,10720,0.000000,0,0,0,0,108,8,0,8,100,5520,320,0,0,0,0,108,0,0,0,0,137,8136
694,1,1,5,5,0,0,0,0,0,0,0,100,100,0,0,0,0,0,100,100,0,0.000000,0,10720,0.000000,0,0,0,0,108,8,0,8,100,5520,320,0,0,0,0,108,0,0,0,0,121,8136
695,1,1,5,5,0,0,0,0,0,0,0,100,100,0,0,0,0,0,100,100,0,0.000000,0,10720,0.000000,0,0,0,0,108,8,0,8,100,5520,320,0,0,0,0,108,0,0,0,0,115,8136
696,1,1,5,5,0,0,0,0,0,0,0,100,100,0,0,0,0,0,100,100,0,0.000000,0,10720,0.000000,0,0,0,0,108,8,0,8,100,5520,320,0,0,0,0,108,0,0,0,0,126,8136
697,1,1,5,5,0,0,0,0,0,0,0,100,100,0,0,0,0,0,100,100,0,0.000000,0,10720,0.000000,0,0,0,0,108,8,0,8,100,5520,320,0,0,0,0,108,0,0,0,0,128,8136
698,1,1,5,5,0,0,0,0,0,0,0,100,100,100,0,0,0,0,100,100,100,100.000000,1600,10720,14.925373,10,10,10,10,108,8,0,8,100,5520,320,0,0,0,0,108,0,0,0,0,132,8136
699,1,1,5,5,0,0,0,0,0,0,0,100,100,0,0,0,0,0,100,100,0,0.000000,0,10720,0.000000,0,0,0,0,108,8,0,8,100,5520,320,0,0,0,0,108,0,0,0,0,124,8136
700,1,1,5,5,0,0,0,0,0,0,0,100,100,0,0,0,0,0,100,100,0,0.000000,0,10720,0.000000,0,0,0,0,108,8,0,8,100,5520,320,0,0,0,0,108,0,0,0,0,139,8136
701,1,1,5,5,0,0,0,0,0,0,0,100,100,0,0,0,0,0,100,100,0,0.000000,0,10720,0.000000,0,0,0,0,108,8,0,8,100,5520,320,0,0,0,0,108,0,0,0,0,137,8136
702,1,1,5,5,0,0,0,0,0,0,0,100,100,0,0,0,0,0,100,100,0,0.000000,0,10720,0.000000,0,0,0,0,108,8,0,8,100,5520,320,0,0,0,0,108,0,0,0,0,132,8136
703,1,1,5,5,0,0,0,0,0,0,0,100,100,0,0,0,0,0,100,100,0,0.000000,0,10720,0.000000,0,0,0,0,108,8,0,8,100,5520,320,0,0,0,0,108,0,0,0,0,127,8136
704,1,1,5,5,0,0,0,0,0,0,0,100,100,0,0,0,0,0,100,100,0,0.000000,0,10720,0.000000,0,0,0,0,108,8,0,8,100,5520,320,0,0,0,0,108,0,0,0,0,137,8136
705,1,1,5,5,0,0,0,0,0,0,0,100,100,0,0,0,0,0,100,100,0,0.000000,0,10720,0.000000,0,0,0,0,108,8,0,8,100,5520,320,0,0,0,0,108,0,0,0,0,125,8136
706,1,1,5,5,0,0,0,0,0,0,0,100,100,0,0,0,0,0,100,100,0,0.000000,0,10720,0.000000,0,0,0,0,108,8,0,8,100,5520,320,0,0,0,0,108,0,0,0,0,133,8136
707,1,1,5,5,0,0,0,0,0,0,0,100,100,100,0,0,0,0,100,100,100,100.000000,1600,10720,14.925373,10,10,10,10,108,8,0,8,100,5520,320,0,0,0,0,108,0,0,0,0,144,8136
708,1,1,5,5,0,0,0,0,0,0,0,100,100,0,0,0,0,0,100,100,0,0.000000,0,10720,0.000000,0,0,0,0,108,8,0,8,100,5520,320,0,0,0,0,108,0,0,0,0,155,8136
709,1,1,5,5,0,0,0,0,0,0,0,100,100,0,0,0,0,0,100,100,0,0.000000,0,10720,0.000000,0,0,0,0,108,8,0,8,100,5520,320,0,0,0,0,108,0,0,0,0,131,8136
710,1,1,5,5,0,0,0,0,0,0,0,100,100,0,0,0,0,0,100,100,0,0.000000,0,10720,0.000000,0,0,0,0,108,8,0,8,100,5520,320,0,0,0,0,108,0,0,0,0,128,8136
711,1,1,5,5,0,0,0,0,0,0,0,100,100,0,0,0,0,0,100,100,0,0.000000,0,10720,0.000000,0,0,0,0,108,8,0,8,100,5520,320,0,0,0,0,108,0,0,0,0,142,8136
712,1,1,5,5,0,0,0,0,0,0,0,100,100,0,0,0,0,0,100,100,0,0.000000,0,10720,0.000000,0,0,0,0,108,8,0,8,100,5520,320,0,0,0,0,108,0,0,0,0,131,8136
713,1,1,5,5,0,0,0,0,0,0,0,100,100,0,0,0,0,0,100,100,0,0.000000,0,10720,0.000000,0,0,0,0,108,8,0,8,100,5520,320,0,0,0,0,108,0,0,0,0,122,8136
714,1,1,5,5,0,0,0,0,0,0,0,100,100,0,0,0,0,0,100,100,0,0.000000,0,10720,0.000000,0,0,0,0,108,8,0,8,100,5520,320,0,0,0,0,108,0,0,0,0,131,8136
715,1,1,5,5,0,0,0,0,0,0,0,100,100,0,0,0,0,0,100,100,0,0.000000,0,10720,0.000000,0,0,0,0,108,8,0,8,100,5520,320,0,0,0,0,108,0,0,0,0,158,8136
716,1,1,5,5,0,0,0,0,0,0,0,100,100,100,0,0,0,0,100,100,100,100.000000,1600,10720,14.925373,10,10,10,10,108,8,0,8,100,5520,320,0,0,0,0,108,0,0,0,0,156,8136
717,1,1,5,5,0,0,0,0,0,0,0,100,100,0,0,0,0,0,100,100,0,0.000000,0,10720,0.000000,0,0,0,0,108,8,0,8,100,5520,320,0,0,0,0,108,0,0,0,0,122,8136
718,1,1,5,5,0,0,0,0,0,0,0,100,100,0,0,0,0,0,100,100,0,0.000000,0,10720,0.000000,0,0,0,0,108,8,0,8,100,5520,320,0,0,0,0,108,0,0,0,0,109,8136
719,1,1,5,5,0,0,0,0,0,0,0,100,100,0,0,0,0,0,100,100,0,0.000000,0,10720,0.000000,0,0,0,0,108,8,0,8,100,5520,320,0,0,0,0,108,0,0,0,0,126,8136
720,1,1,5,5,0,0,0,0,0,0,0,100,100,0,0,0,0,0,100,100,0,0.000000,0,10720,0.000000,0,0,0,0,108,8,0,8,100,5520,320,0,0,0,0,108,0,0,0,0,117,8136
721,1,1,5,5,0,0,0,0,0,0,0,100,100,0,0,0,0,0,100,100,0,0.000000,0,10720,0.000000,0,0,0,0,108,8,0,8,100,5520,320,0,0,0,0,108,0,0,0,0,124,8136
722,1,1,5,5,0,0,0,0,0,0,0,100,100,0,0,0,0,0,100,100,0,0.000000,0,10720,0.000000,0,0,0,0,108,8,0,8,100,5520,320,0,0,0,0,108,0,0,0,0,135,8136
723,1,1,5,5,0,0,0,0,0,0,0,100,100,0,0,0,0,0,100,100,0,0.000000,0,10720,0.000000,0,0,0,0,108,8,0,8,100,5520,320,0,0,0,0,108,0,0,0,0,127,8136
724,1,1,5,5,0,0,0,0,0,0,0,100,100,0,0,0,0,0,100,100,0,0.000000,0,10720,0.000000,0,0,0,0,108,8,0,8,100,5520,320,0,0,0,0,108,0,0,0,0,131,8136
725,1,1,5,5,0,0,0,0,0,0,0,100,100,100,0,0,0,0,100,100,100,100.000000,1600,10720,14.925373,10,10,10,10,108,8,0,8,100,5520,320,0,0,0,0,108,0,0,0,0,114,8136
726,1,1,5,5,0,0,0,0,0,0,0,100,100,0,0,0,0,0,100,100,0,0.000000,0,10720,0.000000,0,0,0,0,108,8,0,8,100,5520,320,0,0,0,0,108,0,0,0,0,117,8136
727,1,1,5,5,0,0,0,0,0,0,0,100,100,0,0,0,0,0,100,100,0,0.000000,0,10720,0.000000,0,0,0,0,108,8,0,8,100,5520,320,0,0,0,0,108,0,0,0,0,111,8136
728,1,1,5,5,0,0,0,0,0,0,0,100,100,0,0,0,0,0,100,100,0,0.000000,0,10720,0.000000,0,0,0,0,108,8,0,8,100,5520,320,0,0,0,0,108,0,0,0,0,117,8136
729,1,1,5,5,0,0,0,0,0,0,0,100,100,0,0,0,0,0,100,100,0,0.000000,0,10720,0.000000,0,0,0,0,108,8,0,8,100,5520,320,0,0,0,0,108,0,0,0,0,122,8136
730,1,1,5,5,0,0,0,0,0,0,0,100,100,0,0,0,0,0,100,100,0,0.000000,0,10720,0.000000,0,0,0,0,108,8,0,8,100,5520,320,0,0,0,0,108,0,0,0,0,121,8136
731,1,1,5,5,0,0,0,0,0,0,0,100,100,0,0,0,0,0,100,100,0,0.000000,0,10720,0.000000,0,0,0,0,108,8,0,8,100,5520,320,0,0,0,0,108,0,0,0,0,130,8136
732,1,1,5,5,0,0,0,0,0,0,0,100,100,0,0,0,0,0,100,100,0,0.000000,0,10720,0.000000,0,0,0,0,108,8,0,8,100,5520,320,0,0,0,0,108,0,0,0,0,141,8136
733,1,1,5,5,0,0,0,0,0,0,0,100,100,0,0,0,0,0,100,100,0,0.000000,0,10720,0.000000,0,0,0,0,108,8,0,8,100,5520,320,0,0,0,0,108,0,0,0,0,139,8136
734,1,1,5,5,0,0,0,0,0,0,0,100,100,100,0,0,0,0,100,100,100,100.000000,1600,10720,14.925373,10,10,10,10,108,8,0,8,100,5520,320,0,0,0,0,108,0,0,0,0,135,8136
735,1,1,5,5,0,0,0,0,0,0,0,100,100,0,0,0,0,0,100,100,0,0.000000,0,10720,0.000000,0,0,0,0,108,8,0,8,100,5520,320,0,0,0,0,108,0,0,0,0,126,8136
736,1,1,5,5,0,0,0,0,0,0,0,100,100,0,0,0,0,0,100,100,0,0.000000,0,10720,0.000000,0,0,0,0,108,8,0,8,100,5520,320,0,0,0,0,108,0,0,0,0,121,8136
737,1,1,5,5,0,0,0,0,0,0,0,100,100,0,0,0,0,0,100,100,0,0.000000,0,10720,0.000000,0,0,0,0,108,8,0,8,100,5520,320,0,0,0,0,108,0,0,0,0,125,8136
738,1,1,5,5,0,0,0,0,0,0,0,100,100,0,0,0,0,0,100,100,0,0.000000,0,10720,0.000000,0,0,0,0,108,8,0,8,100,5520,320,0,0,0,0,108,0,0,0,0,129,8136
739,1,1,5,5,0,0,0,0,0,0,0,100,100,0,0,0,0,0,100,100,0,0.000000,0,10720,0.000000,0,0,0,0,108,8,0,8,100,5520,320,0,0,0,0,108,0,0,0,0,131,8136
740,1,1,5,5,0,0,0,0,0,0,0,100,100,0,0,0,0,0,100,100,0,0.000000,0,10720,0.000000,0,0,0,0,108,8,0,8,100,5520,320,0,0,0,0,108,0,0,0,0,133,8136
741,1,1,5,5,0,0,0,0,0,0,0,100,100,0,0,0,0,0,100,100,0,0.000000,0,10720,0.000000,0,0,0,0,108,8,0,8,100,5520,320,0,0,0,0,108,0,0,0,0,132,8136
742,1,1,5,5,0,0,0,0,0,0,0,100,100,0,0,0,0,0,100,100,0,0.000000,0,10720,0.000000,0,0,0,0,108,8,0,8,100,5520,320,0,0,0,0,108,0,0,0,0,132,8136
743,1,1,5,5,0,0,0,0,0,0,0,100,100,100,0,0,0,0,100,100,100,100.000000,1600,10720,14.925373,10,10,10,10,108,8,0,8,100,5520,320,0,0,0,0,108,0,0,0,0,114,8136
744,1,1,5,5,0,0,0,0,0,0,0,100,100,0,0,0,0,0,100,100,0,0.000000,0,10720,0.000000,0,0,0,0,108,8,0,8,100,5520,320,0,0,0,0,108,0,0,0,0,120,8136
745,1,1,5,5,0,0,0,0,0,0,0,100,100,0,0,0,0,0,100,100,0,0.000000,0,10720,0.000000,0,0,0,0,108,8,0,8,100,5520,320,0,0,0,0,108,0,0,0,0,122,8136
746,1,1,5,5,0,0,0,0,0,0,0,100,100,0,0,0,0,0,100,100,0,0.000000,0,10720,0.000000,0,0,0,0,108,8,0,8,100,5520,320,0,0,0,0,108,0,0,0,0,119,8136
747,1,1,5,5,0,0,0,0,0,0,0,100,100,0,0,0,0,0,100,100,0,0.000000,0,10720,0.000000,0,0,0,0,108,8,0,8,100,5520,320,0,0,0,0,108,0,0,0,0,129,8136
748,1,1,5,5,0,0,0,0,0,0,0,100,100,0,0,0,0,0,100,100,0,0.000000,0,10720,0.000000,0,0,0,0,108,8,0,8,100,5520,320,0,0,0,0,108,0,0,0,0,126,8136
749,1,1,5,5,0,0,0,0,0,0,0,100,100,0,0,0,0,0,100,100,0,0.000000,0,10720,0.000000,0,0,0,0,108,8,0,8,100,5520,320,0,0,0,0,108,0,0,0,0,129,8136
750,1,1,5,5,0,0,0,0,0,0,0,100,100,0,0,0,0,0,100,100,0,0.000000,0,10720,0.000000,0,0,0,0,108,8,0,8,100,5520,320,0,0,0,0,108,0,0,0,0,150,8136
751,1,1,5,5,0,0,0,0,0,0,0,100,100,0,0,0,0,0,100,100,0,0.000000,0,10720,0.000000,0,0,0,0,108,8,0,8,100,5520,320,0,0,0,0,108,0,0,0,0,127,8136
752,1,1,5,5,0,0,0,0,0,0,0,100,100,100,0,0,0,0,100,100,100,100.000000,1600,10720,14.925373,10,10,10,10,108,8,0,8,100,5520,320,0,0,0,0,108,0,0,0,0,124,8136
753,1,1,5,5,0,0,0,0,0,0,0,100,100,0,0,0,0,0,100,100,0,0.000000,0,10720,0.000000,0,0,0,0,108,8,0,8,100,5520,320,0,0,0,0,108,0,0,0,0,116,8136
754,1,1,5,5,0,0,0,0,0,0,0,100,100,0,0,0,0,0,100,100,0,0.000000,0,10720,0.000000,0,0,0,0,108,8,0,8,100,5520,320,0,0,0,0,108,0,0,0,0,120,8136
755,1,1,5,5,0,0,0,0,0,0,0,100,100,0,0,0,0,0,100,100,0,0.000000,0,10720,0.000000,0,0,0,0,108,8,0,8,100,5520,320,0,0,0,0,108,0,0,0,0,122,8136
756,1,1,5,5,0,0,0,0,0,0,0,100,100,0,0,0,0,0,100,100,0,0.000000,0,10720,0.000000,0,0,0,0,108,8,0,8,100,5520,320,0,0,0,0,108,0,0,0,0,137,8136
757,1,1,5,5,0,0,0,0,0,0,0,100,100,0,0,0,0,0,100,100,0,0.000000,0,10720,0.000000,0,0,0,0,108,8,0,8,100,5520,320,0,0,0,0,108,0,0,0,0,135,8136
758,1,1,5,5,0,0,0,0,0,0,0,100,100,0,0,0,0,0,100,100,0,0.000000,0,10720,0.000000,0,0,0,0,108,8,0,8,100,5520,320,0,0,0,0,108,0,0,0,0,152,8136
759,1,1,5,5,0,0,0,0,0,0,0,100,100,0,0,0,0,0,100,100,0,0.000000,0,10720,0.000000,0,0,0,0,108,8,0,8,100,5520,320,0,0,0,0,108,0,0,0,0,119,8136
760,1,1,5,5,0,0,0,0,0,0,0,100,100,0,0,0,0,0,100,100,0,0.000000,0,10720,0.000000,0,0,0,0,108,8,0,8,100,5520,320,0,0,0,0,108,0,0,0,0,139,8136
761,1,1,5,5,0,0,0,0,0,0,0,100,100,100,0,0,0,0,100,100,100,100.000000,1600,10720,14.925373,10,10,10,10,108,8,0,8,100,5520,320,0,0,0,0,108,0,0,0,0,129,8136
762,1,1,5,5,0,0,0,0,0,0,0,100,100,0,0,0,0,0,100,100,0,0.000000,0,10720,0.000000,0,0,0,0,108,8,0,8,100,5520,320,0,0,0,0,108,0,0,0,0,128,8136
763,1,1,5,5,0,0,0,0,0,0,0,100,100,0,0,0,0,0,100,100,0,0.000000,0,10720,0.000000,0,0,0,0,108,8,0,8,100,5520,320,0,0,0,0,108,0,0,0,0,129,8136
764,1,1,5,5,0,0,0,0,0,0,0,100,100,0,0,0,0,0,100,100,0,0.000000,0,10720,0.000000,0,0,0,0,108,8,0,8,100,5520,320,0,0,0,0,108,0,0,0,0,155,8136
765,1,1,5,5,0,0,0,0,0,0,0,100,100,0,0,0,0,0,100,100,0,0.000000,0,10720,0.000000,0,0,0,0,108,8,0,8,100,5520,320,0,0,0,0,108,0,0,0,0,147,8136
766,1,1,5,5,0,0,0,0,0,0,0,100,100,0,0,0,0,0,100,100,0,0.000000,0,10720,0.000000,0,0,0,0,108,8,0,8,100,5520,320,0,0,0,0,108,0,0,0,0,125,8136
767,1,1,5,5,0,0,0,0,0,0,0,100,100,0,0,0,0,0,100,100,0,0.000000,0,10720,0.000000,0,0,0,0,108,8,0,8,100,5520,320,0,0,0,0,108,0,0,0,0,128,8136
768,1,1,5,5,0,0,0,0,0,0,0,100,100,0,0,0,0,0,100,100,0,0.000000,0,10720,0.000000,0,0,0,0,108,8,0,8,100,5520,320,0,0,0,0,108,0,0,0,0,139,8136
769,1,1,5,5,0,0,0,0,0,0,0,100,100,0,0,0,0,0,100,100,0,0.000000,0,10720,0.000000,0,0,0,0,108,8,0,8,100,5520,320,0,0,0,0,108,0,0,0,0,121,8136
770,1,1,5,5,0,0,0,0,0,0,0,100,100,100,0,0,0,0,100,100,100,100.000000,1600,10720,14.925373,10,10,10,10,108,8,0,8,100,5520,320,0,0,0,0,108,0,0,0,0,134,8136
771,1,1,5,5,0,0,0,0,0,0,0,100,100,0,0,0,0,0,100,100,0,0.000000,0,10720,0.000000,0,0,0,0,108,8,0,8,100,5520,320,0,0,0,0,108,0,0,0,0,118,8136
772,1,1,5,5,0,0,0,0,0,0,0,100,100,0,0,0,0,0,100,100,0,0.000000,0,10720,0.000000,0,0,0,0,108,8,0,8,100,5520,320,0,0,0,0,108,0,0,0,0,118,8136
773,1,1,5,5,0,0,0,0,0,0,0,100,100,0,0,0,0,0,100,100,0,0.000000,0,10720,0.000000,0,0,0,0,108,8,0,8,100,5520,320,0,0,0,0,108,0,0,0,0,137,8136
774,1,1,5,5,0,0,0,0,0,0,0,100,100,0,0,0,0,0,100,100,0,0.000000,0,10720,0.000000,0,0,0,0,108,8,0,8,100,5520,320,0,0,0,0,108,0,0,0,0,134,8136
775,1,1,5,5,0,0,0,0,0,0,0,100,100,0,0,0,0,0,100,100,0,0.000000,0,10720,0.000000,0,0,0,0,108,8,0,8,100,5520,320,0,0,0,0,108,0,0,0,0,117,8136
776,1,1,5,5,0,0,0,0,0,0,0,100,100,0,0,0,0,0,100,100,0,0.000000,0,10720,0.000000,0,0,0,0,108,8,0,8,100,5520,320,0,0,0,0,108,0,0,0,0,120,8136
777,1,1,5,5,0,0,0,0,0,0,0,100,100,0,0,0,0,0,100,100,0,0.000000,0,10720,0.000000,0,0,0,0,108,8,0,8,100,5520,320,0,0,0,0,108,0,0,0,0,125,8136
778,1,1,5,5,0,0,0,0,0,0,0,100,100,0,0,0,0,0,100,100,0,0.000000,0,10720,0.000000,0,0,0,0,108,8,0,8,100,5520,320,0,0,0,0,108,0,0,0,0,132,8136
779,1,1,5,5,0,0,0,0,0,0,0,100,100,100,0,0,0,0,100,100,100,100.000000,1600,10720,14.925373,10,10,10,10,108,8,0,8,100,5520,320,0,0,0,0,108,0,0,0,0,129,8136
780,1,1,5,5,0,0,0,0,0,0,0,100,100,0,0,0,0,0,100,100,0,0.000000,0,10720,0.000000,0,0,0,0,108,8,0,8,100,5520,320,0,0,0,0,108,0,0,0,0,128,8136
781,1,1,5,5,0,0,0,0,0,0,0,100,100,0,0,0,0,0,100,100,0,0.000000,0,10720,0.000000,0,0,0,0,108,8,0,8,100,5520,320,0,0,0,0,108,0,0,0,0,128,8136
782,1,1,5,5,0,0,0,0,0,0,0,100,100,0,0,0,0,0,100,100,0,0.000000,0,10720,0.000000,0,0,0,0,108,8,0,8,100,5520,320,0,0,0,0,108,0,0,0,0,122,8136
783,1,1,5,5,0,0,0,0,0,0,0,100,100,0,0,0,0,0,100,100,0,0.000000,0,10720,0.000000,0,0,0,0,108,8,0,8,100,5520,320,0,0,0,0,108,0,0,0,0,120,8136
784,1,1,5,5,0,0,0,0,0,0,0,100,100,0,0,0,0,0,100,100,0,0.000000,0,10720,0.000000,0,0,0,0,108,8,0,8,100,5520,320,0,0,0,0,108,0,0,0,0,115,8136
785,1,1,5,5,0,0,0,0,0,0,0,100,100,0,0,0,0,0,100,100,0,0.000000,0,10720,0.000000,0,0,0,0,108,8,0,8,100,5520,320,0,0,0,0,108,0,0,0,0,136,8136
786,1,1,5,5,0,0,0,0,0,0,0,100,100,0,0,0,0,0,100,100,0,0.000000,0,10720,0.000000,0,0,0,0,108,8,0,8,100,5520,320,0,0,0,0,108,0,0,0,0,148,8136
787,1,1,5,5,0,0,0,0,0,0,0,100,100,0,0,0,0,0,100,100,0,0.000000,0,10720,0.000000,0,0,0,0,108,8,0,8,100,5520,320,0,0,0,0,108,0,0,0,0,139,8136
788,1,1,5,5,0,0,0,0,0,0,0,100,100,100,0,0,0,0,100,100,100,100.000000,1600,10720,14.925373,10,10,10,10,108,8,0,8,100,5520,320,0,0,0,0,108,0,0,0,0,151,8136
789,1,1,5,5,0,0,0,0,0,0,0,100,100,0,0,0,0,0,100,100,0,0.000000,0,10720,0.000000,0,0,0,0,108,8,0,8,100,5520,320,0,0,0,0,108,0,0,0,0,237,8136
790,1,1,5,5,0,0,0,0,0,0,0,100,100,0,0,0,0,0,100,100,0,0.000000,0,10720,0.000000,0,0,0,0,108,8,0,8,100,5520,320,0,0,0,0,108,0,0,0,0,141,8136
791,1,1,5,5,0,0,0,0,0,0,0,100,100,0,0,0,0,0,100,100,0,0.000000,0,10720,0.000000,0,0,0,0,108,8,0,8,100,5520,320,0,0,0,0,108,0,0,0,0,128,8136
792,1,1,5,5,0,0,0,0,0,0,0,100,100,0,0,0,0,0,100,100,0,0.000000,0,10720,0.000000,0,0,0,0,108,8,0,8,100,5520,320,0,0,0,0,108,0,0,0,0,154,8136
793,1,1,5,5,0,0,0,0,0,0,0,100,100,0,0,0,0,0,100,100,0,0.000000,0,10720,0.000000,0,0,0,0,108,8,0,8,100,5520,320,0,0,0,0,108,0,0,0,0,145,8136
794,1,1,5,5,0,0,0,0,0,0,0,100,100,0,0,0,0,0,100,100,0,0.000000,0,10720,0.000000,0,0,0,0,108,8,0,8,100,5520,320,0,0,0,0,108,0,0,0,0,153,8136
795,1,1,5,5,0,0,0,0,0,0,0,100,100,0,0,0,0,0,100,100,0,0.000000,0,10720,0.000000,0,0,0,0,108,8,0,8,100,5520,320,0,0,0,0,108,0,0,0,0,129,8136
796,1,1,5,5,0,0,0,0,0,0,0,100,100,0,0,0,0,0,100,100,0,0.000000,0,10720,0.000000,0,0,0,0,108,8,0,8,100,5520,320,0,0,0,0,108,0,0,0,0,139,8136
797,1,1,5,5,0,0,0,0,0,0,0,100,100,100,0,0,0,0,100,100,100,100.000000,1600,10720,14.925373,10,10,10,10,108,8,0,8,100,5520,320,0,0,0,0,108,0,0,0,0,139,8136
798,1,1,5,5,0,0,0,0,0,0,0,100,100,0,0,0,0,0,100,100,0,0.000000,0,10720,0.000000,0,0,0,0,108,8,0,8,100,5520,320,0,0,0,0,108,0,0,0,0,140,8136
799,1,1,5,5,0,0,0,0,0,0,0,100,100,0,0,0,0,0,100,100,0,0.000000,0,10720,0.000000,0,0,0,0,108,8,0,8,100,5520,320,0,0,0,0,108,0,0,0,0,134,8136
800,1,1,5,5,0,0,0,0,0,0,0,100,100,0,0,0,0,0,100,100,0,0.000000,0,10720,0.000000,0,0,0,0,108,8,0,8,100,5520,320,0,0,0,0,108,0,0,0,0,130,8136
801,1,1,5,5,0,0,0,0,0,0,0,100,100,0,0,0,0,0,100,100,0,0.000000,0,10720,0.000000,0,0,0,0,108,8,0,8,100,5520,320,0,0,0,0,108,0,0,0,0,143,8136
802,1,1,5,5,0,0,0,0,0,0,0,100,100,0,0,0,0,0,100,100,0,0.000000,0,10720,0.000000,0,0,0,0,108,8,0,8,100,5520,320,0,0,0,0,108,0,0,0,0,134,8136
803,1,1,5,5,0,0,0,0,0,0,0,100,100,0,0,0,0,0,100,100,0,0.000000,0,10720,0.000000,0,0,0,0,108,8,0,8,100,5520,320,0,0,0,0,108,0,0,0,0,134,8136
804,1,1,5,5,0,0,0,0,0,0,0,100,100,0,0,0,0,0,100,100,0,0.000000,0,10720,0.000000,0,0,0,0,108,8,0,8,100,5520,320,0,0,0,0,108,0,0,0,0,149,8136
805,1,1,5,5,0,0,0,0,0,0,0,100,100,0,0,0,0,0,100,100,0,0.000000,0,10720,0.000000,0,0,0,0,108,8,0,8,100,5520,320,0,0,0,0,108,0,0,0,0,143,8136
806,1,1,5,5,0,0,0,0,0,0,0,100,100,100,0,0,0,0,100,100,100,100.000000,1600,10720,14.925373,10,10,10,10,108,8,0,8,100,5520,320,0,0,0,0,108,0,0,0,0,135,8136
807,1,1,5,5,0,0,0,0,0,0,0,100,100,0,0,0,0,0,100,100,0,0.000000,0,10720,0.000000,0,0,0,0,108,8,0,8,100,5520,320,0,0,0,0,108,0,0,0,0,139,8136
808,1,1,5,5,0,0,0,0,0,0,0,100,100,0,0,0,0,0,100,100,0,0.000000,0,10720,0.000000,0,0,0,0,108,8,0,8,100,5520,320,0,0,0,0,108,0,0,0,0,159,8136
809,1,1,5,5,0,0,0,0,0,0,0,100,100,0,0,0,0,0,100,100,0,0.000000,0,10720,0.000000,0,0,0,0,108,8,0,8,100,5520,320,0,0,0,0,108,0,0,0,0,147,8136
810,1,1,5,5,0,0,0,0,0,0,0,100,100,0,0,0,0,0,100,100,0,0.000000,0,10720,0.000000,0,0,0,0,108,8,0,8,100,5520,320,0,0,0,0,108,0,0,0,0,147,8136
811,1,1,5,5,0,0,0,0,0,0,0,100,100,0,0,0,0,0,100,100,0,0.000000,0,10720,0.000000,0,0,0,0,108,8,0,8,100,5520,320,0,0,0,0,108,0,0,0,0,138,8136
812,1,1,5,5,0,0,0,0,0,0,0,100,100,0,0,0,0,0,100,100,0,0.000000,0,10720,0.000000,0,0,0,0,108,8,0,8,100,5520,320,0,0,0,0,108,0,0,0,0,133,8136
813,1,1,5,5,0,0,0,0,0,0,0,100,100,0,0,0,0,0,100,100,0,0.000000,0,10720,0.000000,0,0,0,0,108,8,0,8,100,5520,320,0,0,0,0,108,0,0,0,0,138,8136
814,1,1,5,5,0,0,0,0,0,0,0,100,100,0,0,0,0,0,100,100,0,0.000000,0,10720,0.000000,0,0,0,0,108,8,0,8,100,5520,320,0,0,0,0,108,0,0,0,0,136,8136
815,1,1,5,5,0,0,0,0,0,0,0,100,100,100,0,0,0,0,100,100,100,100.000000,1600,10720,14.925373,10,10,10,10,108,8,0,8,100,5520,320,0,0,0,0,108,0,0,0,0,145,8136
816,1,1,5,5,0,0,0,0,0,0,0,100,100,0,0,0,0,0,100,100,0,0.000000,0,10720,0.000000,0,0,0,0,108,8,0,8,100,5520,320,0,0,0,0,108,0,0,0,0,117,8136
817,1,1,5,5,0,0,0,0,0,0,0,100,100,0,0,0,0,0,100,100,0,0.000000,0,10720,0.000000,0,0,0,0,108,8,0,8,100,5520,320,0,0,0,0,108,0,0,0,0,142,8136
818,1,1,5,5,0,0,0,0,0,0,0,100,100,0,0,0,0,0,100,100,0,0.000000,0,10720,0.000000,0,0,0,0,108,8,0,8,100,5520,320,0,0,0,0,108,0,0,0,0,147,8136
819,1,1,5,5,0,0,0,0,0,0,0,100,100,0,0,0,0,0,100,100,0,0.000000,0,10720,0.000000,0,0,0,0,108,8,0,8,100,5520,320,0,0,0,0,108,0,0,0,0,142,8136
820,1,1,5,5,0,0,0,0,0,0,0,100,100,0,0,0,0,0,100,100,0,0.000000,0,10720,0.000000,0,0,0,0,108,8,0,8,100,5520,320,0,0,0,0,108,0,0,0,0,138,8136
821,1,1,5,5,0,0,0,0,0,0,0,100,100,0,0,0,0,0,100,100,0,0.000000,0,10720,0.000000,0,0,0,0,108,8,0,8,100,5520,320,0,0,0,0,108,0,0,0,0,126,8136
822,1,1,5,5,0,0,0,0,0,0,0,100,100,0,0,0,0,0,100,100,0,0.000000,0,10720,0.000000,0,0,0,0,108,8,0,8,100,5520,320,0,0,0,0,108,0,0,0,0,135,8136
823,1,1,5,5,0,0,0,0,0,0,0,100,100,0,0,0,0,0,100,100,0,0.000000,0,10720,0.000000,0,0,0,0,108,8,0,8,100,5520,320,0,0,0,0,108,0,0,0,0,132,8136
824,1,1,5,5,0,0,0,0,0,0,0,100,100,100,0,0,0,0,100,100,100,100.000000,1600,10720,14.925373,10,10,10,10,108,8,0,8,100,5520,320,0,0,0,0,108,0,0,0,0,132,8136
825,1,1,5,5,0,0,0,0,0,0,0,100,100,0,0,0,0,0,100,100,0,0.000000,0,10720,0.000000,0,0,0,0,108,8,0,8,100,5520,320,0,0,0,0,108,0,0,0,0,132,8136
826,1,1,5,5,0,0,0,0,0,0,0,100,100,0,0,0,0,0,100,100,0,0.000000,0,10720,0.000000,0,0,0,0,108,8,0,8,100,5520,320,0,0,0,0,108,0,0,0,0,143,8136
827,1,1,5,5,0,0,0,0,0,0,0,100,100,0,0,0,0,0,100,100,0,0.000000,0,10720,0.000000,0,0,0,0,108,8,0,8,100,5520,320,0,0,0,0,108,0,0,0,0,121,8136
828,1,1,5,5,0,0,0,0,0,0,0,100,100,0,0,0,0,0,100,100,0,0.000000,0,10720,0.000000,0,0,0,0,108,8,0,8,100,5520,320,0,0,0,0,108,0,0,0,0,132,8136
829,1,1,5,5,0,0,0,0,0,0,0,100,100,0,0,0,0,0,100,100,0,0.000000,0,10720,0.000000,0,0,0,0,108,8,0,8,100,5520,320,0,0,0,0,108,0,0,0,0,124,8136
830,1,1,5,5,0,0,0,0,0,0,0,100,100,0,0,0,0,0,100,100,0,0.000000,0,10720,0.000000,0,0,0,0,108,8,0,8,100,5520,320,0,0,0,0,108,0,0,0,0,127,8136
831,1,1,5,5,0,0,0,0,0,0,0,100,100,0,0,0,0,0,100,100,0,0.000000,0,10720,0.000000,0,0,0,0,108,8,0,8,100,5520,320,0,0,0,0,108,0,0,0,0,127,8136
832,1,1,5,5,0,0,0,0,0,0,0,100,100,0,0,0,0,0,100,100,0,0.000000,0,10720,0.000000,0,0,0,0,108,8,0,8,100,5520,320,0,0,0,0,108,0,0,0,0,127,8136
833,1,1,5,5,0,0,0,0,0,0,0,100,100,100,0,0,0,0,100,100,100,100.000000,1600,10720,14.925373,10,10,10,10,108,8,0,8,100,5520,320,0,0,0,0,108,0,0,0,0,140,8136
834,1,1,5,5,0,0,0,0,0,0,0,100,100,0,0,0,0,0,100,100,0,0.000000,0,10720,0.000000,0,0,0,0,108,8,0,8,100,5520,320,0,0,0,0,108,0,0,0,0,133,8136
835,1,1,5,5,0,0,0,0,0,0,0,100,100,0,0,0,0,0,100,100,0,0.000000,0,10720,0.000000,0,0,0,0,108,8,0,8,100,5520,320,0,0,0,0,108,0,0,0,0,138,8136
836,1,1,5,5,0,0,0,0,0,0,0,100,100,0,0,0,0,0,100,100,0,0.000000,0,10720,0.000000,0,0,0,0,108,8,0,8,100,5520,320,0,0,0,0,108,0,0,0,0,142,8136
837,1,1,5,5,0,0,0,0,0,0,0,100,100,0,0,0,0,0,100,100,0,0.000000,0,10720,0.000000,0,0,0,0,108,8,0,8,100,5520,320,0,0,0,0,108,0,0,0,0,136,8136
838,1,1,5,5,0,0,0,0,0,0,0,100,100,0,0,0,0,0,100,100,0,0.000000,0,10720,0.000000,0,0,0,0,108,8,0,8,100,5520,320,0,0,0,0,108,0,0,0,0,122,8136
839,1,1,5,5,0,0,0,0,0,0,0,100,100,0,0,0,0,0,100,100,0,0.000000,0,10720,0.000000,0,0,0,0,108,8,0,8,100,5520,320,0,0,0,0,108,0,0,0,0,112,8136
840,1,1,5,5,0,0,0,0,0,0,0,100,100,0,0,0,0,0,100,100,0,0.000000,0,10720,0.000000,0,0,0,0,108,8,0,8,100,5520,320,0,0,0,0,108,0,0,0,0,128,8136
841,1,1,5,5,0,0,0,0,0,0,0,100,100,0,0,0,0,0,100,100,0,0.000000,0,10720,0.000000,0,0,0,0,108,8,0,8,100,5520,320,0,0,0,0,108,0,0,0,0,141,8136
842,1,1,5,5,0,0,0,0,0,0,0,100,100,100,0,0,0,0,100,100,100,100.000000,1600,10720,14.925373,10,10,10,10,108,8,0,8,100,5520,320,0,0,0,0,108,0,0,0,0,147,8136
843,1,1,5,5,0,0,0,0,0,0,0,100,100,0,0,0,0,0,100,100,0,0.000000,0,10720,0.000000,0,0,0,0,108,8,0,8,100,5520,320,0,0,0,0,108,0,0,0,0,131,8136
844,1,1,5,5,0,0,0,0,0,0,0,100,100,0,0,0,0,0,100,100,0,0.000000,0,10720,0.000000,0,0,0,0,108,8,0,8,100,5520,320,0,0,0,0,108,0,0,0,0,129,8136
845,1,1,5,5,0,0,0,0,0,0,0,100,100,0,0,0,0,0,100,100,0,0.000000,0,10720,0.000000,0,0,0,0,108,8,0,8,100,5520,320,0,0,0,0,108,0,0,0,0,138,8136
846,1,1,5,5,0,0,0,0,0,0,0,100,100,0,0,0,0,0,100,100,0,0.000000,0,10720,0.000000,0,0,0,0,108,8,0,8,100,5520,320,0,0,0,0,108,0,0,0,0,134,8136
847,1,1,5,5,0,0,0,0,0,0,0,100,100,0,0,0,0,0,100,100,0,0.000000,0,10720,0.000000,0,0,0,0,108,8,0,8,100,5520,320,0,0,0,0,108,0,0,0,0,128,8136
848,1,1,5,5,0,0,0,0,0,0,0,100,100,0,0,0,0,0,100,100,0,0.000000,0,10720,0.000000,0,0,0,0,108,8,0,8,100,5520,320,0,0,0,0,108,0,0,0,0,119,8136
849,1,1,5,5,0,0,0,0,0,0,0,100,100,0,0,0,0,0,100,100,0,0.000000,0,10720,0.000000,0,0,0,0,108,8,0,8,100,5520,320,0,0,0,0,108,0,0,0,0,148,8136
850,1,1,5,5,0,0,0,0,0,0,0,100,100,0,0,0,0,0,100,100,0,0.000000,0,10720,0.000000,0,0,0,0,108,8,0,8,100,5520,320,0,0,0,0,108,0,0,0,0,148,8136
851,1,1,5,5,0,0,0,0,0,0,0,100,100,100,0,0,0,0,100,100,100,100.000000,1600,10720,14.925373,10,10,10,10,108,8,0,8,100,5520,320,0,0,0,0,108,0,0,0,0,131,8136
852,1,1,5,5,0,0,0,0,0,0,0,100,100,0,0,0,0,0,100,100,0,0.000000,0,10720,0.000000,0,0,0,0,108,8,0,8,100,5520,320,0,0,0,0,108,0,0,0,0,117,8136
853,1,1,5,5,0,0,0,0,0,0,0,100,100,0,0,0,0,0,100,100,0,0.000000,0,10720,0.000000,0,0,0,0,108,8,0,8,100,5520,320,0,0,0,0,108,0,0,0,0,118,8136
854,1,1,5,5,0,0,0,0,0,0,0,100,100,0,0,0,0,0,100,100,0,0.000000,0,10720,0.000000,0,0,0,0,108,8,0,8,100,5520,320,0,0,0,0,108,0,0,0,0,119,8136
855,1,1,5,5,0,0,0,0,0,0,0,100,100,0,0,0,0,0,100,100,0,0.000000,0,10720,0.000000,0,0,0,0,108,8,0,8,100,5520,320,0,0,0,0,108,0,0,0,0,103,8136
856,1,1,5,5,0,0,0,0,0,0,0,100,100,0,0,0,0,0,100,100,0,0.000000,0,10720,0.000000,0,0,0,0,108,8,0,8,100,5520,320,0,0,0,0,108,0,0,0,0,128,8136
857,1,1,5,5,0,0,0,0,0,0,0,100,100,0,0,0,0,0,100,100,0,0.000000,0,10720,0.000000,0,0,0,0,108,8,0,8,100,5520,320,0,0,0,0,108,0,0,0,0,118,8136
858,1,1,5,5,0,0,0,0,0,0,0,100,100,0,0,0,0,0,100,100,0,0.000000,0,10720,0.000000,0,0,0,0,108,8,0,8,100,5520,320,0,0,0,0,108,0,0,0,0,128,8136
859,1,1,5,5,0,0,0,0,0,0,0,100,100,0,0,0,0,0,100,100,0,0.000000,0,10720,0.000000,0,0,0,0,108,8,0,8,100,5520,320,0,0,0,0,108,0,0,0,0,119,8136
860,1,1,5,5,0,0,0,0,0,0,0,100,100,100,0,0,0,0,100,100,100,100.000000,1600,10720,14.925373,10,10,10,10,108,8,0,8,100,5520,320,0,0,0,0,108,0,0,0,0,131,8136
861,1,1,5,5,0,0,0,0,0,0,0,100,100,0,0,0,0,0,100,100,0,0.000000,0,10720,0.000000,0,0,0,0,108,8,0,8,100,5520,320,0,0,0,0,108,0,0,0,0,128,8136
862,1,1,5,5,0,0,0,0,0,0,0,100,100,0,0,0,0,0,100,100,0,0.000000,0,10720,0.000000,0,0,0,0,108,8,0,8,100,5520,320,0,0,0,0,108,0,0,0,0,119,8136
863,1,1,5,5,0,0,0,0,0,0,0,100,100,0,0,0,0,0,100,100,0,0.000000,0,10720,0.000000,0,0,0,0,108,8,0,8,100,5520,320,0,0,0,0,108,0,0,0,0,127,8136
864,1,1,5,5,0,0,0,0,0,0,0,100,100,0,0,0,0,0,100,100,0,0.000000,0,10720,0.000000,0,0,0,0,108,8,0,8,100,5520,320,0,0,0,0,108,0,0,0,0,121,8136
865,1,1,5,5,0,0,0,0,0,0,0,100,100,0,0,0,0,0,100,100,0,0.000000,0,10720,0.000000,0,0,0,0,108,8,0,8,100,5520,320,0,0,0,0,108,0,0,0,0,125,8136
866,1,1,5,5,0,0,0,0,0,0,0,100,100,0,0,0,0,0,100,100,0,0.000000,0,10720,0.000000,0,0,0,0,108,8,0,8,100,5520,320,0,0,0,0,108,0,0,0,0,150,8136
867,1,1,5,5,0,0,0,0,0,0,0,100,100,0,0,0,0,0,100,100,0,0.000000,0,10720,0.000000,0,0,0,0,108,8,0,8,100,5520,320,0,0,0,0,108,0,0,0,0,147,8136
868,1,1,5,5,0,0,0,0,0,0,0,100,100,0,0,0,0,0,100,100,0,0.000000,0,10720,0.000000,0,0,0,0,108,8,0,8,100,5520,320,0,0,0,0,108,0,0,0,0,141,8136
869,1,1,5,5,0,0,0,0,0,0,0,100,100,100,0,0,0,0,100,100,100,100.000000,1600,10720,14.925373,10,10,10,10,108,8,0,8,100,5520,320,0,0,0,0,108,0,0,0,0,138,8136
870,1,1,5,5,0,0,0,0,0,0,0,100,100,0,0,0,0,0,100,100,0,0.000000,0,10720,0.000000,0,0,0,0,108,8,0,8,100,5520,320,0,0,0,0,108,0,0,0,0,151,8136
871,1,1,5,5,0,0,0,0,0,0,0,100,100,0,0,0,0,0,100,100,0,0.000000,0,10720,0.000000,0,0,0,0,108,8,0,8,100,5520,320,0,0,0,0,108,0,0,0,0,157,8136
872,1,1,5,5,0,0,0,0,0,0,0,100,100,0,0,0,0,0,100,100,0,0.000000,0,10720,0.000000,0,0,0,0,108,8,0,8,100,5520,320,0,0,0,0,108,0,0,0,0,150,8136
873,1,1,5,5,0,0,0,0,0,0,0,100,100,0,0,0,0,0,100,100,0,0.000000,0,10720,0.000000,0,0,0,0,108,8,0,8,100,5520,320,0,0,0,0,108,0,0,0,0,155,8136
874,1,1,5,5,0,0,0,0,0,0,0,100,100,0,0,0,0,0,100,100,0,0.000000,0,10720,0.000000,0,0,0,0,108,8,0,8,100,5520,320,0,0,0,0,108,0,0,0,0,121,8136
875,1,1,5,5,0,0,0,0,0,0,0,100,100,0,0,0,0,0,100,100,0,0.000000,0,10720,0.000000,0,0,0,0,108,8,0,8,100,5520,320,0,0,0,0,108,0,0,0,0,110,8136
876,1,1,5,5,0,0,0,0,0,0,0,100,100,0,0,0,0,0,100,100,0,0.000000,0,10720,0.000000,0,0,0,0,108,8,0,8,100,5520,320,0,0,0,0,108,0,0,0,0,134,8136
877,1,1,5,5,0,0,0,0,0,0,0,100,100,0,0,0,0,0,100,100,0,0.000000,0,10720,0.000000,0,0,0,0,108,8,0,8,100,5520,320,0,0,0,0,108,0,0,0,0,118,8136
878,1,1,5,5,0,0,0,0,0,0,0,100,100,100,0,0,0,0,100,100,100,100.000000,1600,10720,14.925373,10,10,10,10,108,8,0,8,100,5520,320,0,0,0,0,108,0,0,0,0,150,8136
879,1,1,5,5,0,0,0,0,0,0,0,100,100,0,0,0,0,0,100,100,0,0.000000,0,10720,0.000000,0,0,0,0,108,8,0,8,100,5520,320,0,0,0,0,108,0,0,0,0,124,8136
880,1,1,5,5,0,0,0,0,0,0,0,100,100,0,0,0,0,0,100,100,0,0.000000,0,10720,0.000000,0,0,0,0,108,8,0,8,100,5520,320,0,0,0,0,108,0,0,0,0,138,8136
881,1,1,5,5,0,0,0,0,0,0,0,100,100,0,0,0,0,0,100,100,0,0.000000,0,10720,0.000000,0,0,0,0,108,8,0,8,100,5520,320,0,0,0,0,108,0,0,0,0,125,8136
882,1,1,5,5,0,0,0,0,0,0,0,100,100,0,0,0,0,0,100,100,0,0.000000,0,10720,0.000000,0,0,0,0,108,8,0,8,100,5520,320,0,0,0,0,108,0,0,0,0,131,8136
883,1,1,5,5,0,0,0,0,0,0,0,100,100,0,0,0,0,0,100,100,0,0.000000,0,10720,0.000000,0,0,0,0,108,8,0,8,100,5520,320,0,0,0,0,108,0,0,0,0,115,8136
884,1,1,5,5,0,0,0,0,0,0,0,100,100,0,0,0,0,0,100,100,0,0.000000,0,10720,0.000000,0,0,0,0,108,8,0,8,100,5520,320,0,0,0,0,108,0,0,0,0,121,8136
885,1,1,5,5,0,0,0,0,0,0,0,100,100,0,0,0,0,0,100,100,0,0.000000,0,10720,0.000000,0,0,0,0,108,8,0,8,100,5520,320,0,0,0,0,108,0,0,0,0,130,8136
886,1,1,5,5,0,0,0,0,0,0,0,100,100,0,0,0,0,0,100,100,0,0.000000,0,10720,0.000000,0,0,0,0,108,8,0,8,100,5520,320,0,0,0,0,108,0,0,0,0,123,8136
887,1,1,5,5,0,0,0,0,0,0,0,100,100,100,0,0,0,0,100,100,100,100.000000,1600,10720,14.925373,10,10,10,10,108,8,0,8,100,5520,320,0,0,0,0,108,0,0,0,0,120,8136
888,1,1,5,5,0,0,0,0,0,0,0,100,100,0,0,0,0,0,100,100,0,0.000000,0,10720,0.000000,0,0,0,0,108,8,0,8,100,5520,320,0,0,0,0,108,0,0,0,0,117,8136
889,1,1,5,5,0,0,0,0,0,0,0,100,100,0,0,0,0,0,100,100,0,0.000000,0,10720,0.000000,0,0,0,0,108,8,0,8,100,5520,320,0,0,0,0,108,0,0,0,0,120,8136
890,1,1,5,5,0,0,0,0,0,0,0,100,100,0,0,0,0,0,100,100,0,0.000000,0,10720,0.000000,0,0,0,0,108,8,0,8,100,5520,320,0,0,0,0,108,0,0,0,0,137,8136
891,1,1,5,5,0,0,0,0,0,0,0,100,100,0,0,0,0,0,100,100,0,0.000000,0,10720,0.000000,0,0,0,0,108,8,0,8,100,5520,320,0,0,0,0,108,0,0,0,0,132,8136
892,1,1,5,5,0,0,0,0,0,0,0,100,100,0,0,0,0,0,100,100,0,0.000000,0,10720,0.000000,0,0,0,0,108,8,0,8,100,5520,320,0,0,0,0,108,0,0,0,0,129,8136
893,1,1,5,5,0,0,0,0,0,0,0,100,100,0,0,0,0,0,100,100,0,0.000000,0,10720,0.000000,0,0,0,0,108,8,0,8,100,5520,320,0,0,0,0,108,0,0,0,0,129,8136
894,1,1,5,5,0,0,0,0,0,0,0,100,100,0,0,0,0,0,100,100,0,0.000000,0,10720,0.000000,0,0,0,0,108,8,0,8,100,5520,320,0,0,0,0,108,0,0,0,0,130,8136
895,1,1,5,5,0,0,0,0,0,0,0,100,100,0,0,0,0,0,100,100,0,0.000000,0,10720,0.000000,0,0,0,0,108,8,0,8,100,5520,320,0,0,0,0,108,0,0,0,0,153,8136
896,1,1,5,5,0,0,0,0,0,0,0,100,100,100,0,0,0,0,100,100,100,100.000000,1600,10720,14.925373,10,10,10,10,108,8,0,8,100,5520,320,0,0,0,0,108,0,0,0,0,136,8136
897,1,1,5,5,0,0,0,0,0,0,0,100,100,0,0,0,0,0,100,100,0,0.000000,0,10720,0.000000,0,0,0,0,108,8,0,8,100,5520,320,0,0,0,0,108,0,0,0,0,142,8136
898,1,1,5,5,0,0,0,0,0,0,0,100,100,0,0,0,0,0,100,100,0,0.000000,0,10720,0.000000,0,0,0,0,108,8,0,8,100,5520,320,0,0,0,0,108,0,0,0,0,131,8136
899,1,1,5,5,0,0,0,0,0,0,0,100,100,0,0,0,0,0,100,100,0,0.000000,0,10720,0.000000,0,0,0,0,108,8,0,8,100,5520,320,0,0,0,0,108,0,0,0,0,114,8136
900,1,1,5,5,0,0,0,0,0,0,0,100,100,0,0,0,0,0,100,100,0,0.000000,0,10720,0.000000,0,0,0,0,108,8,0,8,100,5520,320,0,0,0,0,108,0,0,0,0,122,8136
901,1,1,5,5,0,0,0,0,0,0,0,100,100,0,0,0,0,0,100,100,0,0.000000,0,10720,0.000000,0,0,0,0,108,8,0,8,100,5520,320,0,0,0,0,108,0,0,0,0,125,8136
902,1,1,5,5,0,0,0,0,0,0,0,100,100,0,0,0,0,0,100,100,0,0.000000,0,10720,0.000000,0,0,0,0,108,8,0,8,100,5520,320,0,0,0,0,108,0,0,0,0,120,8136
903,1,1,5,5,0,0,0,0,0,0,0,100,100,0,0,0,0,0,100,100,0,0.000000,0,10720,0.000000,0,0,0,0,108,8,0,8,100,5520,320,0,0,0,0,108,0,0,0,0,121,8136
904,1,1,5,5,0,0,0,0,0,0,0,100,100,0,0,0,0,0,100,100,0,0.000000,0,10720,0.000000,0,0,0,0,108,8,0,8,100,5520,320,0,0,0,0,108,0,0,0,0,114,8136
905,1,1,5,5,0,0,0,0,0,0,0,100,100,100,0,0,0,0,100,100,100,100.000000,1600,10720,14.925373,10,10,10,10,108,8,0,8,100,5520,320,0,0,0,0,108,0,0,0,0,112,8136
906,1,1,5,5,0,0,0,0,0,0,0,100,100,0,0,0,0,0,100,100,0,0.000000,0,10720,0.000000,0,0,0,0,108,8,0,8,100,5520,320,0,0,0,0,108,0,0,0,0,136,8136
907,1,1,5,5,0,0,0,0,0,0,0,100,100,0,0,0,0,0,100,100,0,0.000000,0,10720,0.000000,0,0,0,0,108,8,0,8,100,5520,320,0,0,0,0,108,0,0,0,0,130,8136
908,1,1,5,5,0,0,0,0,0,0,0,100,100,0,0,0,0,0,100,100,0,0.000000,0,10720,0.000000,0,0,0,0,108,8,0,8,100,5520,320,0,0,0,0,108,0,0,0,0,154,8136
909,1,1,5,5,0,0,0,0,0,0,0,100,100,0,0,0,0,0,100,100,0,0.000000,0,10720,0.000000,0,0,0,0,108,8,0,8,100,5520,320,0,0,0,0,108,0,0,0,0,121,8136
910,1,1,5,5,0,0,0,0,0,0,0,100,100,0,0,0,0,0,100,100,0,0.000000,0,10720,0.000000,0,0,0,0,108,8,0,8,100,5520,320,0,0,0,0,108,0,0,0,0,131,8136
911,1,1,5,5,0,0,0,0,0,0,0,100,100,0,0,0,0,0,100,100,0,0.000000,0,10720,0.000000,0,0,0,0,108,8,0,8,100,5520,320,0,0,0,0,108,0,0,0,0,143,8136
912,1,1,5,5,0,0,0,0,0,0,0,100,100,0,0,0,0,0,100,100,0,0.000000,0,10720,0.000000,0,0,0,0,108,8,0,8,100,5520,320,0,0,0,0,108,0,0,0,0,134,8136
913,1,1,5,5,0,0,0,0,0,0,0,100,100,0,0,0,0,0,100,100,0,0.000000,0,10720,0.000000,0,0,0,0,108,8,0,8,100,5520,320,0,0,0,0,108,0,0,0,0,156,8136
914,1,1,5,5,0,0,0,0,0,0,0,100,100,100,0,0,0,0,100,100,100,100.000000,1600,10720,14.925373,10,10,10,10,108,8,0,8,100,5520,320,0,0,0,0,108,0,0,0,0,139,8136
915,1,1,5,5,0,0,0,0,0,0,0,100,100,0,0,0,0,0,100,100,0,0.000000,0,10720,0.000000,0,0,0,0,108,8,0,8,100,5520,320,0,0,0,0,108,0,0,0,0,131,8136
916,1,1,5,5,0,0,0,0,0,0,0,100,100,0,0,0,0,0,100,100,0,0.000000,0,10720,0.000000,0,0,0,0,108,8,0,8,100,5520,320,0,0,0,0,108,0,0,0,0,144,8136
917,1,1,5,5,0,0,0,0,0,0,0,100,100,0,0,0,0,0,100,100,0,0.000000,0,10720,0.000000,0,0,0,0,108,8,0,8,100,5520,320,0,0,0,0,108,0,0,0,0,132,8136
918,1,1,5,5,0,0,0,0,0,0,0,100,100,0,0,0,0,0,100,100,0,0.000000,0,10720,0.000000,0,0,0,0,108,8,0,8,100,5520,320,0,0,0,0,108,0,0,0,0,156,8136
919,1,1,5,5,0,0,0,0,0,0,0,100,100,0,0,0,0,0,100,100,0,0.000000,0,10720,0.000000,0,0,0,0,108,8,0,8,100,5520,320,0,0,0,0,108,0,0,0,0,127,8136
920,1,1,5,5,0,0,0,0,0,0,0,100,100,0,0,0,0,0,100,100,0,0.000000,0,10720,0.000000,0,0,0,0,108,8,0,8,100,5520,320,0,0,0,0,108,0,0,0,0,124,8136
921,1,1,5,5,0,0,0,0,0,0,0,100,100,0,0,0,0,0,100,100,0,0.000000,0,10720,0.000000,0,0,0,0,108,8,0,8,100,5520,320,0,0,0,0,108,0,0,0,0,126,8136
922,1,1,5,5,0,0,0,0,0,0,0,100,100,0,0,0,0,0,100,100,0,0.000000,0,10720,0.000000,0,0,0,0,108,8,0,8,100,5520,320,0,0,0,0,108,0,0,0,0,146,8136
923,1,1,5,5,0,0,0,0,0,0,0,100,100,100,0,0,0,0,100,100,100,100.000000,1600,10720,14.925373,10,10,10,10,108,8,0,8,100,5520,320,0,0,0,0,108,0,0,0,0,124,8136
924,1,1,5,5,0,0,0,0,0,0,0,100,100,0,0,0,0,0,100,100,0,0.000000,0,10720,0.000000,0,0,0,0,108,8,0,8,100,5520,320,0,0,0,0,108,0,0,0,0,138,8136
925,1,1,5,5,0,0,0,0,0,0,0,100,100,0,0,0,0,0,100,100,0,0.000000,0,10720,0.000000,0,0,0,0,108,8,0,8,100,5520,320,0,0,0,0,108,0,0,0,0,136,8136
926,1,1,5,5,0,0,0,0,0,0,0,100,100,0,0,0,0,0,100,100,0,0.000000,0,10720,0.000000,0,0,0,0,108,8,0,8,100,5520,320,0,0,0,0,108,0,0,0,0,126,8136
927,1,1,5,5,0,0,0,0,0,0,0,100,100,0,0,0,0,0,100,100,0,0.000000,0,10720,0.000000,0,0,0,0,108,8,0,8,100,5520,320,0,0,0,0,108,0,0,0,0,146,8136
928,1,1,5,5,0,0,0,0,0,0,0,100,100,0,0,0,0,0,100,100,0,0.000000,0,10720,0.000000,0,0,0,0,108,8,0,8,100,5520,320,0,0,0,0,108,0,0,0,0,125,8136
929,1,1,5,5,0,0,0,0,0,0,0,100,100,0,0,0,0,0,100,100,0,0.000000,0,10720,0.000000,0,0,0,0,108,8,0,8,100,5520,320,0,0,0,0,108,0,0,0,0,146,8136
930,1,1,5,5,0,0,0,0,0,0,0,100,100,0,0,0,0,0,100,100,0,0.000000,0,10720,0.000000,0,0,0,0,108,8,0,8,100,5520,320,0,0,0,0,108,0,0,0,0,145,8136
931,1,1,5,5,0,0,0,0,0,0,0,100,100,0,0,0,0,0,100,100,0,0.000000,0,10720,0.000000,0,0,0,0,108,8,0,8,100,5520,320,0,0,0,0,108,0,0,0,0,136,8136
932,1,1,5,5,0,0,0,0,0,0,0,100,100,100,0,0,0,0,100,100,100,100.000000,1600,10720,14.925373,10,10,10,10,108,8,0,8,100,5520,320,0,0,0,0,108,0,0,0,0,139,8136
933,1,1,5,5,0,0,0,0,0,0,0,100,100,0,0,0,0,0,100,100,0,0.000000,0,10720,0.000000,0,0,0,0,108,8,0,8,100,5520,320,0,0,0,0,108,0,0,0,0,143,8136
934,1,1,5,5,0,0,0,0,0,0,0,100,100,0,0,0,0,0,100,100,0,0.000000,0,10720,0.000000,0,0,0,0,108,8,0,8,100,5520,320,0,0,0,0,108,0,0,0,0,140,8136
935,1,1,5,5,0,0,0,0,0,0,0,100,100,0,0,0,0,0,100,100,0,0.000000,0,10720,0.000000,0,0,0,0,108,8,0,8,100,5520,320,0,0,0,0,108,0,0,0,0,154,8136
936,1,1,5,5,0,0,0,0,0,0,0,100,100,0,0,0,0,0,100,100,0,0.000000,0,10720,0.000000,0,0,0,0,108,8,0,8,100,5520,320,0,0,0,0,108,0,0,0,0,138,8136
937,1,1,5,5,0,0,0,0,0,0,0,100,100,0,0,0,0,0,100,100,0,0.000000,0,10720,0.000000,0,0,0,0,108,8,0,8,100,5520,320,0,0,0,0,108,0,0,0,0,144,8136
938,1,1,5,5,0,0,0,0,0,0,0,100,100,0,0,0,0,0,100,100,0,0.000000,0,10720,0.000000,0,0,0,0,108,8,0,8,100,5520,320,0,0,0,0,108,0,0,0,0,146,8136
939,1,1,5,5,0,0,0,0,0,0,0,100,100,0,0,0,0,0,100,100,0,0.000000,0,10720,0.000000,0,0,0,0,108,8,0,8,100,5520,320,0,0,0,0,108,0,0,0,0,136,8136
940,1,1,5,5,0,0,0,0,0,0,0,100,100,0,0,0,0,0,100,100,0,0.000000,0,10720,0.000000,0,0,0,0,108,8,0,8,100,5520,320,0,0,0,0,108,0,0,0,0,151,8136
941,1,1,5,5,0,0,0,0,0,0,0,100,100,100,0,0,0,0,100,100,100,100.000000,1600,10720,14.925373,10,10,10,10,108,8,0,8,100,5520,320,0,0,0,0,108,0,0,0,0,144,8136
942,1,1,5,5,0,0,0,0,0,0,0,100,100,0,0,0,0,0,100,100,0,0.000000,0,10720,0.000000,0,0,0,0,108,8,0,8,100,5520,320,0,0,0,0,108,0,0,0,0,141,8136
943,1,1,5,5,0,0,0,0,0,0,0,100,100,0,0,0,0,0,100,100,0,0.000000,0,10720,0.000000,0,0,0,0,108,8,0,8,100,5520,320,0,0,0,0,108,0,0,0,0,133,8136
944,1,1,5,5,0,0,0,0,0,0,0,100,100,0,0,0,0,0,100,100,0,0.000000,0,10720,0.000000,0,0,0,0,108,8,0,8,100,5520,320,0,0,0,0,108,0,0,0,0,138,8136
945,1,1,5,5,0,0,0,0,0,0,0,100,100,0,0,0,0,0,100,100,0,0.000000,0,10720,0.000000,0,0,0,0,108,8,0,8,100,5520,320,0,0,0,0,108,0,0,0,0,139,8136
946,1,1,5,5,0,0,0,0,0,0,0,100,100,0,0,0,0,0,100,100,0,0.000000,0,10720,0.000000,0,0,0,0,108,8,0,8,100,5520,320,0,0,0,0,108,0,0,0,0,148,8136
947,1,1,5,5,0,0,0,0,0,0,0,100,100,0,0,0,0,0,100,100,0,0.000000,0,10720,0.000000,0,0,0,0,108,8,0,8,100,5520,320,0,0,0,0,108,0,0,0,0,157,8136
948,1,1,5,5,0,0,0,0,0,0,0,100,100,0,0,0,0,0,100,100,0,0.000000,0,10720,0.000000,0,0,0,0,108,8,0,8,100,5520,320,0,0,0,0,108,0,0,0,0,132,8136
949,1,1,5,5,0,0,0,0,0,0,0,100,100,0,0,0,0,0,100,100,0,0.000000,0,10720,0.000000,0,0,0,0,108,8,0,8,100,5520,320,0,0,0,0,108,0,0,0,0,154,8136
950,1,1,5,5,0,0,0,0,0,0,0,100,100,100,0,0,0,0,100,100,100,100.000000,1600,10720,14.925373,10,10,10,10,108,8,0,8,100,5520,320,0,0,0,0,108,0,0,0,0,143,8136
951,1,1,5,5,0,0,0,0,0,0,0,100,100,0,0,0,0,0,100,100,0,0.000000,0,10720,0.000000,0,0,0,0,108,8,0,8,100,5520,320,0,0,0,0,108,0,0,0,0,141,8136
952,1,1,5,5,0,0,0,0,0,0,0,100,100,0,0,0,0,0,100,100,0,0.000000,0,10720,0.000000,0,0,0,0,108,8,0,8,100,5520,320,0,0,0,0,108,0,0,0,0,139,8136
953,1,1,5,5,0,0,0,0,0,0,0,100,100,0,0,0,0,0,100,100,0,0.000000,0,10720,0.000000,0,0,0,0,108,8,0,8,100,5520,320,0,0,0,0,108,0,0,0,0,156,8136
954,1,1,5,5,0,0,0,0,0,0,0,100,100,0,0,0,0,0,100,100,0,0.000000,0,10720,0.000000,0,0,0,0,108,8,0,8,100,5520,320,0,0,0,0,108,0,0,0,0,150,8136
955,1,1,5,5,0,0,0,0,0,0,0,100,100,0,0,0,0,0,100,100,0,0.000000,0,10720,0.000000,0,0,0,0,108,8,0,8,100,5520,320,0,0,0,0,108,0,0,0,0,150,8136
956,1,1,5,5,0,0,0,0,0,0,0,100,100,0,0,0,0,0,100,100,0,0.000000,0,10720,0.000000,0,0,0,0,108,8,0,8,100,5520,320,0,0,0,0,108,0,0,0,0,146,8136
957,1,1,5,5,0,0,0,0,0,0,0,100,100,0,0,0,0,0,100,100,0,0.000000,0,10720,0.000000,0,0,0,0,108,8,0,8,100,5520,320,0,0,0,0,108,0,0,0,0,143,8136
958,1,1,5,5,0,0,0,0,0,0,0,100,100,0,0,0,0,0,100,100,0,0.000000,0,10720,0.000000,0,0,0,0,108,8,0,8,100,5520,320,0,0,0,0,108,0,0,0,0,137,8136
959,1,1,5,5,0,0,0,0,0,0,0,100,100,100,0,0,0,0,100,100,100,100.000000,1600,10720,14.925373,10,10,10,10,108,8,0,8,100,5520,320,0,0,0,0,108,0,0,0,0,123,8136
960,1,1,5,5,0,0,0,0,0,0,0,100,100,0,0,0,0,0,100,100,0,0.000000,0,10720,0.000000,0,0,0,0,108,8,0,8,100,5520,320,0,0,0,0,108,0,0,0,0,156,8136
961,1,1,5,5,0,0,0,0,0,0,0,100,100,0,0,0,0,0,100,100,0,0.000000,0,10720,0.000000,0,0,0,0,108,8,0,8,100,5520,320,0,0,0,0,108,0,0,0,0,130,8136
962,1,1,5,5,0,0,0,0,0,0,0,100,100,0,0,0,0,0,100,100,0,0.000000,0,10720,0.000000,0,0,0,0,108,8,0,8,100,5520,320,0,0,0,0,108,0,0,0,0,166,8136
963,1,1,5,5,0,0,0,0,0,0,0,100,100,0,0,0,0,0,100,100,0,0.000000,0,10720,0.000000,0,0,0,0,108,8,0,8,100,5520,320,0,0,0,0,108,0,0,0,0,132,8136
964,1,1,5,5,0,0,0,0,0,0,0,100,100,0,0,0,0,0,100,100,0,0.000000,0,10720,0.000000,0,0,0,0,108,8,0,8,100,5520,320,0,0,0,0,108,0,0,0,0,157,8136
965,1,1,5,5,0,0,0,0,0,0,0,100,100,0,0,0,0,0,100,100,0,0.000000,0,10720,0.000000,0,0,0,0,108,8,0,8,100,5520,320,0,0,0,0,108,0,0,0,0,155,8136
966,1,1,5,5,0,0,0,0,0,0,0,100,100,0,0,0,0,0,100,100,0,0.000000,0,10720,0.000000,0,0,0,0,108,8,0,8,100,5520,320,0,0,0,0,108,0,0,0,0,157,8136
967,1,1,5,5,0,0,0,0,0,0,0,100,100,0,0,0,0,0,100,100,0,0.000000,0,10720,0.000000,0,0,0,0,108,8,0,8,100,5520,320,0,0,0,0,108,0,0,0,0,121,8136
968,1,1,5,5,0,0,0,0,0,0,0,100,100,100,0,0,0,0,100,100,100,100.000000,1600,10720,14.925373,10,10,10,10,108,8,0,8,100,5520,320,0,0,0,0,108,0,0,0,0,126,8136
969,1,1,5,5,0,0,0,0,0,0,0,100,100,0,0,0,0,0,100,100,0,0.000000,0,10720,0.000000,0,0,0,0,108,8,0,8,100,5520,320,0,0,0,0,108,0,0,0,0,144,8136
970,1,1,5,5,0,0,0,0,0,0,0,100,100,0,0,0,0,0,100,100,0,0.000000,0,10720,0.000000,0,0,0,0,108,8,0,8,100,5520,320,0,0,0,0,108,0,0,0,0,136,8136
971,1,1,5,5,0,0,0,0,0,0,0,100,100,0,0,0,0,0,100,100,0,0.000000,0,10720,0.000000,0,0,0,0,108,8,0,8,100,5520,320,0,0,0,0,108,0,0,0,0,126,8136
972,1,1,5,5,0,0,0,0,0,0,0,100,100,0,0,0,0,0,100,100,0,0.000000,0,10720,0.000000,0,0,0,0,108,8,0,8,100,5520,320,0,0,0,0,108,0,0,0,0,142,8136
973,1,1,5,5,0,0,0,0,0,0,0,100,100,0,0,0,0,0,100,100,0,0.000000,0,10720,0.000000,0,0,0,0,108,8,0,8,100,5520,320,0,0,0,0,108,0,0,0,0,130,8136
974,1,1,5,5,0,0,0,0,0,0,0,100,100,0,0,0,0,0,100,100,0,0.000000,0,10720,0.000000,0,0,0,0,108,8,0,8,100,5520,320,0,0,0,0,108,0,0,0,0,149,8136
975,1,1,5,5,0,0,0,0,0,0,0,100,100,0,0,0,0,0,100,100,0,0.000000,0,10720,0.000000,0,0,0,0,108,8,0,8,100,5520,320,0,0,0,0,108,0,0,0,0,135,8136
976,1,1,5,5,0,0,0,0,0,0,0,100,100,0,0,0,0,0,100,100,0,0.000000,0,10720,0.000000,0,0,0,0,108,8,0,8,100,5520,320,0,0,0,0,108,0,0,0,0,99,8136
977,1,1,5,5,0,0,0,0,0,0,0,100,100,100,0,0,0,0,100,100,100,100.000000,1600,10720,14.925373,10,10,10,10,108,8,0,8,100,5520,320,0,0,0,0,108,0,0,0,0,117,8136
978,1,1,5,5,0,0,0,0,0,0,0,100,100,0,0,0,0,0,100,100,0,0.000000,0,10720,0.000000,0,0,0,0,108,8,0,8,100,5520,320,0,0,0,0,108,0,0,0,0,140,8136
979,1,1,5,5,0,0,0,0,0,0,0,100,100,0,0,0,0,0,100,100,0,0.000000,0,10720,0.000000,0,0,0,0,108,8,0,8,100,5520,320,0,0,0,0,108,0,0,0,0,126,8136
980,1,1,5,5,0,0,0,0,0,0,0,100,100,0,0,0,0,0,100,100,0,0.000000,0,10720,0.000000,0,0,0,0,108,8,0,8,100,5520,320,0,0,0,0,108,0,0,0,0,119,8136
981,1,1,5,5,0,0,0,0,0,0,0,100,100,0,0,0,0,0,100,100,0,0.000000,0,10720,0.000000,0,0,0,0,108,8,0,8,100,5520,320,0,0,0,0,108,0,0,0,0,123,8136
982,1,1,5,5,0,0,0,0,0,0,0,100,100,0,0,0,0,0,100,100,0,0.000000,0,10720,0.000000,0,0,0,0,108,8,0,8,100,5520,320,0,0,0,0,108,0,0,0,0,121,8136
983,1,1,5,5,0,0,0,0,0,0,0,100,100,0,0,0,0,0,100,100,0,0.000000,0,10720,0.000000,0,0,0,0,108,8,0,8,100,5520,320,0,0,0,0,108,0,0,0,0,117,8136
984,1,1,5,5,0,0,0,0,0,0,0,100,100,0,0,0,0,0,100,100,0,0.000000,0,10720,0.000000,0,0,0,0,108,8,0,8,100,5520,320,0,0,0,0,108,0,0,0,0,116,8136
985,1,1,5,5,0,0,0,0,0,0,0,100,100,0,0,0,0,0,100,100,0,0.000000,0,10720,0.000000,0,0,0,0,108,8,0,8,100,5520,320,0,0,0,0,108,0,0,0,0,132,8136
986,1,1,5,5,0,0,0,0,0,0,0,100,100,100,0,0,0,0,100,100,100,100.000000,1600,10720,14.925373,10,10,10,10,108,8,0,8,100,5520,320,0,0,0,0,108,0,0,0,0,118,8136
987,1,1,5,5,0,0,0,0,0,0,0,100,100,0,0,0,0,0,100,100,0,0.000000,0,10720,0.000000,0,0,0,0,108,8,0,8,100,5520,320,0,0,0,0,108,0,0,0,0,139,8136
988,1,1,5,5,0,0,0,0,0,0,0,100,100,0,0,0,0,0,100,100,0,0.000000,0,10720,0.000000,0,0,0,0,108,8,0,8,100,5520,320,0,0,0,0,108,0,0,0,0,128,8136
989,1,1,5,5,0,0,0,0,0,0,0,100,100,0,0,0,0,0,100,100,0,0.000000,0,10720,0.000000,0,0,0,0,108,8,0,8,100,5520,320,0,0,0,0,108,0,0,0,0,118,8136
990,1,1,5,5,0,0,0,0,0,0,0,100,100,0,0,0,0,0,100,100,0,0.000000,0,10720,0.000000,0,0,0,0,108,8,0,8,100,5520,320,0,0,0,0,108,0,0,0,0,127,8136
991,1,1,5,5,0,0,0,0,0,0,0,100,100,0,0,0,0,0,100,100,0,0.000000,0,10720,0.000000,0,0,0,0,108,8,0,8,100,5520,320,0,0,0,0,108,0,0,0,0,135,8136
992,1,1,5,5,0,0,0,0,0,0,0,100,100,0,0,0,0,0,100,100,0,0.000000,0,10720,0.000000,0,0,0,0,108,8,0,8,100,5520,320,0,0,0,0,108,0,0,0,0,128,8136
993,1,1,5,5,0,0,0,0,0,0,0,100,100,0,0,0,0,0,100,100,0,0.000000,0,10720,0.000000,0,0,0,0,108,8,0,8,100,5520,320,0,0,0,0,108,0,0,0,0,136,8136
994,1,1,5,5,0,0,0,0,0,0,0,100,100,0,0,0,0,0,100,100,0,0.000000,0,10720,0.000000,0,0,0,0,108,8,0,8,100,5520,320,0,0,0,0,108,0,0,0,0,121,8136
995,1,1,5,5,0,0,0,0,0,0,0,100,100,100,0,0,0,0,100,100,100,100.000000,1600,10720,14.925373,10,10,10,10,108,8,0,8,100,5520,320,0,0,0,0,108,0,0,0,0,143,8136
996,1,1,5,5,0,0,0,0,0,0,0,100,100,0,0,0,0,0,100,100,0,0.000000,0,10720,0.000000,0,0,0,0,108,8,0,8,100,5520,320,0,0,0,0,108,0,0,0,0,167,8136
997,1,1,5,5,0,0,0,0,0,0,0,100,100,0,0,0,0,0,100,100,0,0.000000,0,10720,0.000000,0,0,0,0,108,8,0,8,100,5520,320,0,0,0,0,108,0,0,0,0,127,8136
998,1,1,5,5,0,0,0,0,0,0,0,100,100,0,0,0,0,0,100,100,0,0.000000,0,10720,0.000000,0,0,0,0,108,8,0,8,100,5520,320,0,0,0,0,108,0,0,0,0,133,8136
999,1,1,5,5,0,0,0,0,0,0,0,100,100,0,0,0,0,0,100,100,0,0.000000,0,10720,0.000000,0,0,0,0,108,8,0,8,100,5520,320,0,0,0,0,108,0,0,0,0,118,8136
1000,1,1,5,5,0,0,0,0,0,0,0,100,100,0,0,0,0,0,100,100,0,0.000000,0,10720,0.000000,0,0,0,0,108,8,0,8,100,5520,320,0,0,0,0,108,0,0,0,0,130,8136
1001,1,1,5,5,0,0,0,0,0,0,0,100,100,0,0,0,0,0,100,100,0,0.000000,0,10720,0.000000,0,0,0,0,108,8,0,8,100,5520,320,0,0,0,0,108,0,0,0,0,112,8136
1002,1,1,5,5,0,0,0,0,0,0,0,100,100,0,0,0,0,0,100,100,0,0.000000,0,10720,0.000000,0,0,0,0,108,8,0,8,100,5520,320,0,0,0,0,108,0,0,0,0,140,8136
1003,1,1,5,5,0,0,0,0,0,0,0,100,100,0,0,0,0,0,100,100,0,0.000000,0,10720,0.000000,0,0,0,0,108,8,0,8,100,5520,320,0,0,0,0,108,0,0,0,0,120,8136
1004,1,1,5,5,0,0,0,0,0,0,0,100,100,100,0,0,0,0,100,100,100,100.000000,1600,10720,14.925373,10,10,10,10,108,8,0,8,100,5520,320,0,0,0,0,108,0,0,0,0,124,8136
1005,1,1,5,5,0,0,0,0,0,0,0,100,100,0,0,0,0,0,100,100,0,0.000000,0,10720,0.000000,0,0,0,0,108,8,0,8,100,5520,320,0,0,0,0,108,0,0,0,0,145,8136
1006,1,1,5,5,0,0,0,0,0,0,0,100,100,0,0,0,0,0,100,100,0,0.000000,0,10720,0.000000,0,0,0,0,108,8,0,8,100,5520,320,0,0,0,0,108,0,0,0,0,128,8136
1007,1,1,5,5,0,0,0,0,0,0,0,100,100,0,0,0,0,0,100,100,0,0.000000,0,10720,0.000000,0,0,0,0,108,8,0,8,100,5520,320,0,0,0,0,108,0,0,0,0,151,8136
1008,1,1,5,5,0,0,0,0,0,0,0,100,100,0,0,0,0,0,100,100,0,0.000000,0,10720,0.000000,0,0,0,0,108,8,0,8,100,5520,320,0,0,0,0,108,0,0,0,0,150,8136
1009,1,1,5,5,0,0,0,0,0,0,0,100,100,0,0,0,0,0,100,100,0,0.000000,0,10720,0.000000,0,0,0,0,108,8,0,8,100,5520,320,0,0,0,0,108,0,0,0,0,132,8136
1010,1,1,5,5,0,0,0,0,0,0,0,100,100,0,0,0,0,0,100,100,0,0.000000,0,10720,0.000000,0,0,0,0,108,8,0,8,100,5520,320,0,0,0,0,108,0,0,0,0,139,8136
1011,1,1,5,5,0,0,0,0,0,0,0,100,100,0,0,0,0,0,100,100,0,0.000000,0,10720,0.000000,0,0,0,0,108,8,0,8,100,5520,320,0,0,0,0,108,0,0,0,0,112,8136
1012,1,1,5,5,0,0,0,0,0,0,0,100,100,0,0,0,0,0,100,100,0,0.000000,0,10720,0.000000,0,0,0,0,108,8,0,8,100,5520,320,0,0,0,0,108,0,0,0,0,139,8136
1013,1,1,5,5,0,0,0,0,0,0,0,100,100,100,0,0,0,0,100,100,100,100.000000,1600,10720,14.925373,10,10,10,10,108,8,0,8,100,5520,320,0,0,0,0,108,0,0,0,0,133,8136
1014,1,1,5,5,0,0,0,0,0,0,0,100,100,0,0,0,0,0,100,100,0,0.000000,0,10720,0.000000,0,0,0,0,108,8,0,8,100,5520,320,0,0,0,0,108,0,0,0,0,125,8136
1015,1,1,5,5,0,0,0,0,0,0,0,100,100,0,0,0,0,0,100,100,0,0.000000,0,10720,0.000000,0,0,0,0,108,8,0,8,100,5520,320,0,0,0,0,108,0,0,0,0,109,8136
1016,1,1,5,5,0,0,0,0,0,0,0,100,100,0,0,0,0,0,100,100,0,0.000000,0,10720,0.000000,0,0,0,0,108,8,0,8,100,5520,320,0,0,0,0,108,0,0,0,0,146,8136
1017,1,1,5,5,0,0,0,0,0,0,0,100,100,0,0,0,0,0,100,100,0,0.000000,0,10720,0.000000,0,0,0,0,108,8,0,8,100,5520,320,0,0,0,0,108,0,0,0,0,123,8136
1018,1,1,5,5,0,0,0,0,0,0,0,100,100,0,0,0,0,0,100,100,0,0.000000,0,10720,0.000000,0,0,0,0,108,8,0,8,100,5520,320,0,0,0,0,108,0,0,0,0,128,8136
1019,1,1,5,5,0,0,0,0,0,0,0,100,100,0,0,0,0,0,100,100,0,0.000000,0,10720,0.000000,0,0,0,0,108,8,0,8,100,5520,320,0,0,0,0,108,0,0,0,0,126,8136
1020,1,1,5,5,0,0,0,0,0,0,0,100,100,0,0,0,0,0,100,100,0,0.000000,0,10720,0.000000,0,0,0,0,108,8,0,8,100,5520,320,0,0,0,0,108,0,0,0,0,154,8136
1021,1,1,5,5,0,0,0,0,0,0,0,100,100,0,0,0,0,0,100,100,0,0.000000,0,10720,0.000000,0,0,0,0,108,8,0,8,100,5520,320,0,0,0,0,108,0,0,0,0,132,8136
1022,1,1,5,5,0,0,0,0,0,0,0,100,100,100,0,0,0,0,100,100,100,100.000000,1600,10720,14.925373,10,10,10,10,108,8,0,8,100,5520,320,0,0,0,0,108,0,0,0,0,132,8136
1023,1,1,5,5,0,0,0,0,0,0,0,100,100,0,0,0,0,0,100,100,0,0.000000,0,10720,0.000000,0,0,0,0,108,8,0,8,100,5520,320,0,0,0,0,108,0,0,0,0,120,8136
1024,1,1,5,5,0,0,0,0,0,0,0,100,100,0,0,0,0,0,100,100,0,0.000000,0,10720,0.000000,0,0,0,0,108,8,0,8,100,5520,320,0,0,0,0,108,0,0,0,0,125,8136
