node_id,degree,admitted,routes_current,routes_hwm,discoveries_hwm,candidates_hwm,q0_hwm,q1_hwm,pending_q1_hwm,paths_hwm,flows_hwm,app_generated,app_accepted,origin_delivered,duplicate_deliveries,q0_generated,q0_accepted,q0_delivered,q1_generated,q1_accepted,q1_delivered,delivery_pct,payload_delivered_bytes,origin_wire_bytes,wire_efficiency_pct,latency_p50_ms,latency_p95_ms,latency_p99_ms,latency_max_ms,frames_tx,frames_rx,forwarded_frames_tx,control_frames_tx,business_frames_tx,wire_bytes_tx,wire_bytes_rx,no_space,no_route,link_down,other_rejected,core_tx_sent,core_rx_delivered,route_requests_sent,route_errors_sent,control_budget_dropped,host_work_us,node_storage_bytes
1,3,3,0,0,0,0,0,0,0,0,0,400,400,400,0,0,0,0,400,400,400,100.000000,12800,26320,48.632219,10,10,10,10,418,1218,0,18,400,26320,77520,0,0,0,0,418,1200,0,0,0,680,5456
2,4,4,0,0,0,0,0,0,0,0,0,400,400,400,0,0,0,0,400,400,400,100.000000,12800,26560,48.192771,10,10,10,10,424,1624,0,24,400,26560,103360,0,0,0,0,424,1600,0,0,0,805,5456
3,4,4,0,0,0,0,0,0,0,0,0,400,400,400,0,0,0,0,400,400,400,100.000000,12800,26560,48.192771,10,10,10,10,424,1224,0,24,400,26560,77760,0,0,0,0,424,1200,0,0,0,584,5456
4,4,4,0,0,0,0,0,0,0,0,0,400,400,400,0,0,0,0,400,400,400,100.000000,12800,26560,48.192771,10,10,10,10,424,1224,0,24,400,26560,77760,0,0,0,0,424,1200,0,0,0,580,5456
5,4,4,0,0,0,0,0,0,0,0,0,400,400,400,0,0,0,0,400,400,400,100.000000,12800,26560,48.192771,10,10,10,10,424,1224,0,24,400,26560,77760,0,0,0,0,424,1200,0,0,0,571,5456
6,4,4,0,0,0,0,0,0,0,0,0,400,400,400,0,0,0,0,400,400,400,100.000000,12800,26560,48.192771,10,10,10,10,424,1224,0,24,400,26560,77760,0,0,0,0,424,1200,0,0,0,564,5456
7,4,4,0,0,0,0,0,0,0,0,0,400,400,400,0,0,0,0,400,400,400,100.000000,12800,26560,48.192771,10,10,10,10,424,1224,0,24,400,26560,77760,0,0,0,0,424,1200,0,0,0,582,5456
8,4,4,0,0,0,0,0,0,0,0,0,400,400,400,0,0,0,0,400,400,400,100.000000,12800,26560,48.192771,10,10,10,10,424,1224,0,24,400,26560,77760,0,0,0,0,424,1200,0,0,0,559,5456
9,4,4,0,0,0,0,0,0,0,0,0,400,400,400,0,0,0,0,400,400,400,100.000000,12800,26560,48.192771,10,10,10,10,424,1224,0,24,400,26560,77760,0,0,0,0,424,1200,0,0,0,576,5456
10,4,4,0,0,0,0,0,0,0,0,0,400,400,400,0,0,0,0,400,400,400,100.000000,12800,26560,48.192771,10,10,10,10,424,1224,0,24,400,26560,77760,0,0,0,0,424,1200,0,0,0,572,5456
11,4,4,0,0,0,0,0,0,0,0,0,400,400,400,0,0,0,0,400,400,400,100.000000,12800,26560,48.192771,10,10,10,10,424,1224,0,24,400,26560,77760,0,0,0,0,424,1200,0,0,0,569,5456
12,4,4,0,0,0,0,0,0,0,0,0,400,400,400,0,0,0,0,400,400,400,100.000000,12800,26560,48.192771,10,10,10,10,424,1224,0,24,400,26560,77760,0,0,0,0,424,1200,0,0,0,562,5456
13,4,4,0,0,0,0,0,0,0,0,0,400,400,400,0,0,0,0,400,400,400,100.000000,12800,26560,48.192771,10,10,10,10,424,1224,0,24,400,26560,77760,0,0,0,0,424,1200,0,0,0,588,5456
14,4,4,0,0,0,0,0,0,0,0,0,400,400,400,0,0,0,0,400,400,400,100.000000,12800,26560,48.192771,10,10,10,10,424,1224,0,24,400,26560,77760,0,0,0,0,424,1200,0,0,0,559,5456
15,4,4,0,0,0,0,0,0,0,0,0,400,400,400,0,0,0,0,400,400,400,100.000000,12800,26560,48.192771,10,10,10,10,424,1224,0,24,400,26560,77760,0,0,0,0,424,1200,0,0,0,561,5456
16,4,4,0,0,0,0,0,0,0,0,0,400,400,400,0,0,0,0,400,400,400,100.000000,12800,26560,48.192771,10,10,10,10,424,1224,0,24,400,26560,77760,0,0,0,0,424,1200,0,0,0,565,5456
17,4,4,0,0,0,0,0,0,0,0,0,400,400,400,0,0,0,0,400,400,400,100.000000,12800,26560,48.192771,10,10,10,10,424,1224,0,24,400,26560,77760,0,0,0,0,424,1200,0,0,0,564,5456
18,4,4,0,0,0,0,0,0,0,0,0,400,400,400,0,0,0,0,400,400,400,100.000000,12800,26560,48.192771,10,10,10,10,424,1224,0,24,400,26560,77760,0,0,0,0,424,1200,0,0,0,565,5456
19,4,4,0,0,0,0,0,0,0,0,0,400,400,400,0,0,0,0,400,400,400,100.000000,12800,26560,48.192771,10,10,10,10,424,1224,0,24,400,26560,77760,0,0,0,0,424,1200,0,0,0,566,5456
20,4,4,0,0,0,0,0,0,0,0,0,400,400,400,0,0,0,0,400,400,400,100.000000,12800,26560,48.192771,10,10,10,10,424,1224,0,24,400,26560,77760,0,0,0,0,424,1200,0,0,0,562,5456
21,4,4,0,0,0,0,0,0,0,0,0,400,400,400,0,0,0,0,400,400,400,100.000000,12800,26560,48.192771,10,10,10,10,424,1224,0,24,400,26560,77760,0,0,0,0,424,1200,0,0,0,553,5456
22,4,4,0,0,0,0,0,0,0,0,0,400,400,400,0,0,0,0,400,400,400,100.000000,12800,26560,48.192771,10,10,10,10,424,1224,0,24,400,26560,77760,0,0,0,0,424,1200,0,0,0,561,5456
23,4,4,0,0,0,0,0,0,0,0,0,400,400,400,0,0,0,0,400,400,400,100.000000,12800,26560,48.192771,10,10,10,10,424,1224,0,24,400,26560,77760,0,0,0,0,424,1200,0,0,0,562,5456
24,4,4,0,0,0,0,0,0,0,0,0,400,400,400,0,0,0,0,400,400,400,100.000000,12800,26560,48.192771,10,10,10,10,424,1224,0,24,400,26560,77760,0,0,0,0,424,1200,0,0,0,554,5456
25,4,4,0,0,0,0,0,0,0,0,0,400,400,400,0,0,0,0,400,400,400,100.000000,12800,26560,48.192771,10,10,10,10,424,1224,0,24,400,26560,77760,0,0,0,0,424,1200,0,0,0,564,5456
26,4,4,0,0,0,0,0,0,0,0,0,400,400,400,0,0,0,0,400,400,400,100.000000,12800,26560,48.192771,10,10,10,10,424,1224,0,24,400,26560,77760,0,0,0,0,424,1200,0,0,0,568,5456
27,4,4,0,0,0,0,0,0,0,0,0,400,400,400,0,0,0,0,400,400,400,100.000000,12800,26560,48.192771,10,10,10,10,424,1224,0,24,400,26560,77760,0,0,0,0,424,1200,0,0,0,558,5456
28,4,4,0,0,0,0,0,0,0,0,0,400,400,400,0,0,0,0,400,400,400,100.000000,12800,26560,48.192771,10,10,10,10,424,1224,0,24,400,26560,77760,0,0,0,0,424,1200,0,0,0,574,5456
29,4,4,0,0,0,0,0,0,0,0,0,400,400,400,0,0,0,0,400,400,400,100.000000,12800,26560,48.192771,10,10,10,10,424,1224,0,24,400,26560,77760,0,0,0,0,424,1200,0,0,0,567,5456
30,4,4,0,0,0,0,0,0,0,0,0,400,400,400,0,0,0,0,400,400,400,100.000000,12800,26560,48.192771,10,10,10,10,424,1224,0,24,400,26560,77760,0,0,0,0,424,1200,0,0,0,582,5456
31,4,4,0,0,0,0,0,0,0,0,0,400,400,400,0,0,0,0,400,400,400,100.000000,12800,26560,48.192771,10,10,10,10,424,1224,0,24,400,26560,77760,0,0,0,0,424,1200,0,0,0,584,5456
32,4,4,0,0,0,0,0,0,0,0,0,400,400,400,0,0,0,0,400,400,400,100.000000,12800,26560,48.192771,10,10,10,10,424,1224,0,24,400,26560,77760,0,0,0,0,424,1200,0,0,0,573,5456
33,4,4,0,0,0,0,0,0,0,0,0,400,400,400,0,0,0,0,400,400,400,100.000000,12800,26560,48.192771,10,10,10,10,424,1224,0,24,400,26560,77760,0,0,0,0,424,1200,0,0,0,562,5456
34,4,4,0,0,0,0,0,0,0,0,0,400,400,400,0,0,0,0,400,400,400,100.000000,12800,26560,48.192771,10,10,10,10,424,1224,0,24,400,26560,77760,0,0,0,0,424,1200,0,0,0,576,5456
35,4,4,0,0,0,0,0,0,0,0,0,400,400,400,0,0,0,0,400,400,400,100.000000,12800,26560,48.192771,10,10,10,10,424,1224,0,24,400,26560,77760,0,0,0,0,424,1200,0,0,0,557,5456
36,4,4,0,0,0,0,0,0,0,0,0,400,400,400,0,0,0,0,400,400,400,100.000000,12800,26560,48.192771,10,10,10,10,424,1224,0,24,400,26560,77760,0,0,0,0,424,1200,0,0,0,565,5456
37,4,4,0,0,0,0,0,0,0,0,0,400,400,400,0,0,0,0,400,400,400,100.000000,12800,26560,48.192771,10,10,10,10,424,1224,0,24,400,26560,77760,0,0,0,0,424,1200,0,0,0,613,5456
38,4,4,0,0,0,0,0,0,0,0,0,400,400,400,0,0,0,0,400,400,400,100.000000,12800,26560,48.192771,10,10,10,10,424,1224,0,24,400,26560,77760,0,0,0,0,424,1200,0,0,0,582,5456
39,4,4,0,0,0,0,0,0,0,0,0,400,400,400,0,0,0,0,400,400,400,100.000000,12800,26560,48.192771,10,10,10,10,424,1224,0,24,400,26560,77760,0,0,0,0,424,1200,0,0,0,570,5456
40,4,4,0,0,0,0,0,0,0,0,0,400,400,400,0,0,0,0,400,400,400,100.000000,12800,26560,48.192771,10,10,10,10,424,1224,0,24,400,26560,77760,0,0,0,0,424,1200,0,0,0,566,5456
41,4,4,0,0,0,0,0,0,0,0,0,400,400,400,0,0,0,0,400,400,400,100.000000,12800,26560,48.192771,10,10,10,10,424,1224,0,24,400,26560,77760,0,0,0,0,424,1200,0,0,0,574,5456
42,4,4,0,0,0,0,0,0,0,0,0,400,400,400,0,0,0,0,400,400,400,100.000000,12800,26560,48.192771,10,10,10,10,424,1224,0,24,400,26560,77760,0,0,0,0,424,1200,0,0,0,631,5456
43,4,4,0,0,0,0,0,0,0,0,0,400,400,400,0,0,0,0,400,400,400,100.000000,12800,26560,48.192771,10,10,10,10,424,1224,0,24,400,26560,77760,0,0,0,0,424,1200,0,0,0,575,5456
44,4,4,0,0,0,0,0,0,0,0,0,400,400,400,0,0,0,0,400,400,400,100.000000,12800,26560,48.192771,10,10,10,10,424,1224,0,24,400,26560,77760,0,0,0,0,424,1200,0,0,0,561,5456
45,4,4,0,0,0,0,0,0,0,0,0,400,400,400,0,0,0,0,400,400,400,100.000000,12800,26560,48.192771,10,10,10,10,424,1224,0,24,400,26560,77760,0,0,0,0,424,1200,0,0,0,558,5456
46,4,4,0,0,0,0,0,0,0,0,0,400,400,400,0,0,0,0,400,400,400,100.000000,12800,26560,48.192771,10,10,10,10,424,1224,0,24,400,26560,77760,0,0,0,0,424,1200,0,0,0,562,5456
47,4,4,0,0,0,0,0,0,0,0,0,400,400,400,0,0,0,0,400,400,400,100.000000,12800,26560,48.192771,10,10,10,10,424,1224,0,24,400,26560,77760,0,0,0,0,424,1200,0,0,0,579,5456
48,4,4,0,0,0,0,0,0,0,0,0,400,400,400,0,0,0,0,400,400,400,100.000000,12800,26560,48.192771,10,10,10,10,424,1224,0,24,400,26560,77760,0,0,0,0,424,1200,0,0,0,582,5456
49,4,4,0,0,0,0,0,0,0,0,0,400,400,400,0,0,0,0,400,400,400,100.000000,12800,26560,48.192771,10,10,10,10,424,1224,0,24,400,26560,77760,0,0,0,0,424,1200,0,0,0,568,5456
50,4,4,0,0,0,0,0,0,0,0,0,400,400,400,0,0,0,0,400,400,400,100.000000,12800,26560,48.192771,10,10,10,10,424,1224,0,24,400,26560,77760,0,0,0,0,424,1200,0,0,0,573,5456
51,4,4,0,0,0,0,0,0,0,0,0,400,400,400,0,0,0,0,400,400,400,100.000000,12800,26560,48.192771,10,10,10,10,424,1224,0,24,400,26560,77760,0,0,0,0,424,1200,0,0,0,563,5456
52,4,4,0,0,0,0,0,0,0,0,0,400,400,400,0,0,0,0,400,400,400,100.000000,12800,26560,48.192771,10,10,10,10,424,1224,0,24,400,26560,77760,0,0,0,0,424,1200,0,0,0,590,5456
53,4,4,0,0,0,0,0,0,0,0,0,400,400,400,0,0,0,0,400,400,400,100.000000,12800,26560,48.192771,10,10,10,10,424,1224,0,24,400,26560,77760,0,0,0,0,424,1200,0,0,0,570,5456
54,4,4,0,0,0,0,0,0,0,0,0,400,400,400,0,0,0,0,400,400,400,100.000000,12800,26560,48.192771,10,10,10,10,424,1224,0,24,400,26560,77760,0,0,0,0,424,1200,0,0,0,569,5456
55,4,4,0,0,0,0,0,0,0,0,0,400,400,400,0,0,0,0,400,400,400,100.000000,12800,26560,48.192771,10,10,10,10,424,1224,0,24,400,26560,77760,0,0,0,0,424,1200,0,0,0,595,5456
56,4,4,0,0,0,0,0,0,0,0,0,400,400,400,0,0,0,0,400,400,400,100.000000,12800,26560,48.192771,10,10,10,10,424,1224,0,24,400,26560,77760,0,0,0,0,424,1200,0,0,0,575,5456
57,4,4,0,0,0,0,0,0,0,0,0,400,400,400,0,0,0,0,400,400,400,100.000000,12800,26560,48.192771,10,10,10,10,424,1224,0,24,400,26560,77760,0,0,0,0,424,1200,0,0,0,563,5456
58,4,4,0,0,0,0,0,0,0,0,0,400,400,400,0,0,0,0,400,400,400,100.000000,12800,26560,48.192771,10,10,10,10,424,1224,0,24,400,26560,77760,0,0,0,0,424,1200,0,0,0,562,5456
59,4,4,0,0,0,0,0,0,0,0,0,400,400,400,0,0,0,0,400,400,400,100.000000,12800,26560,48.192771,10,10,10,10,424,1224,0,24,400,26560,77760,0,0,0,0,424,1200,0,0,0,565,5456
60,4,4,0,0,0,0,0,0,0,0,0,400,400,400,0,0,0,0,400,400,400,100.000000,12800,26560,48.192771,10,10,10,10,424,1224,0,24,400,26560,77760,0,0,0,0,424,1200,0,0,0,564,5456
61,4,4,0,0,0,0,0,0,0,0,0,400,400,400,0,0,0,0,400,400,400,100.000000,12800,26560,48.192771,10,10,10,10,424,1224,0,24,400,26560,77760,0,0,0,0,424,1200,0,0,0,556,5456
62,4,4,0,0,0,0,0,0,0,0,0,400,400,400,0,0,0,0,400,400,400,100.000000,12800,26560,48.192771,10,10,10,10,424,1224,0,24,400,26560,77760,0,0,0,0,424,1200,0,0,0,574,5456
63,4,4,0,0,0,0,0,0,0,0,0,400,400,400,0,0,0,0,400,400,400,100.000000,12800,26560,48.192771,10,10,10,10,424,1224,0,24,400,26560,77760,0,0,0,0,424,1200,0,0,0,573,5456
64,4,4,0,0,0,0,0,0,0,0,0,400,400,400,0,0,0,0,400,400,400,100.000000,12800,26560,48.192771,10,10,10,10,424,1224,0,24,400,26560,77760,0,0,0,0,424,1200,0,0,0,580,5456
65,4,4,0,0,0,0,0,0,0,0,0,400,400,400,0,0,0,0,400,400,400,100.000000,12800,26560,48.192771,10,10,10,10,424,1224,0,24,400,26560,77760,0,0,0,0,424,1200,0,0,0,573,5456
66,4,4,0,0,0,0,0,0,0,0,0,400,400,400,0,0,0,0,400,400,400,100.000000,12800,26560,48.192771,10,10,10,10,424,1224,0,24,400,26560,77760,0,0,0,0,424,1200,0,0,0,570,5456
67,4,4,0,0,0,0,0,0,0,0,0,400,400,400,0,0,0,0,400,400,400,100.000000,12800,26560,48.192771,10,10,10,10,424,1224,0,24,400,26560,77760,0,0,0,0,424,1200,0,0,0,582,5456
68,4,4,0,0,0,0,0,0,0,0,0,400,400,400,0,0,0,0,400,400,400,100.000000,12800,26560,48.192771,10,10,10,10,424,1224,0,24,400,26560,77760,0,0,0,0,424,1200,0,0,0,578,5456
69,4,4,0,0,0,0,0,0,0,0,0,400,400,400,0,0,0,0,400,400,400,100.000000,12800,26560,48.192771,10,10,10,10,424,1224,0,24,400,26560,77760,0,0,0,0,424,1200,0,0,0,565,5456
70,4,4,0,0,0,0,0,0,0,0,0,400,400,400,0,0,0,0,400,400,400,100.000000,12800,26560,48.192771,10,10,10,10,424,1224,0,24,400,26560,77760,0,0,0,0,424,1200,0,0,0,563,5456
71,4,4,0,0,0,0,0,0,0,0,0,400,400,400,0,0,0,0,400,400,400,100.000000,12800,26560,48.192771,10,10,10,10,424,1224,0,24,400,26560,77760,0,0,0,0,424,1200,0,0,0,566,5456
72,4,4,0,0,0,0,0,0,0,0,0,400,400,400,0,0,0,0,400,400,400,100.000000,12800,26560,48.192771,10,10,10,10,424,1224,0,24,400,26560,77760,0,0,0,0,424,1200,0,0,0,572,5456
73,4,4,0,0,0,0,0,0,0,0,0,400,400,400,0,0,0,0,400,400,400,100.000000,12800,26560,48.192771,10,10,10,10,424,1224,0,24,400,26560,77760,0,0,0,0,424,1200,0,0,0,562,5456
74,4,4,0,0,0,0,0,0,0,0,0,400,400,400,0,0,0,0,400,400,400,100.000000,12800,26560,48.192771,10,10,10,10,424,1224,0,24,400,26560,77760,0,0,0,0,424,1200,0,0,0,565,5456
75,4,4,0,0,0,0,0,0,0,0,0,400,400,400,0,0,0,0,400,400,400,100.000000,12800,26560,48.192771,10,10,10,10,424,1224,0,24,400,26560,77760,0,0,0,0,424,1200,0,0,0,555,5456
76,4,4,0,0,0,0,0,0,0,0,0,400,400,400,0,0,0,0,400,400,400,100.000000,12800,26560,48.192771,10,10,10,10,424,1224,0,24,400,26560,77760,0,0,0,0,424,1200,0,0,0,562,5456
77,4,4,0,0,0,0,0,0,0,0,0,400,400,400,0,0,0,0,400,400,400,100.000000,12800,26560,48.192771,10,10,10,10,424,1224,0,24,400,26560,77760,0,0,0,0,424,1200,0,0,0,572,5456
78,4,4,0,0,0,0,0,0,0,0,0,400,400,400,0,0,0,0,400,400,400,100.000000,12800,26560,48.192771,10,10,10,10,424,1224,0,24,400,26560,77760,0,0,0,0,424,1200,0,0,0,563,5456
79,4,4,0,0,0,0,0,0,0,0,0,400,400,400,0,0,0,0,400,400,400,100.000000,12800,26560,48.192771,10,10,10,10,424,1224,0,24,400,26560,77760,0,0,0,0,424,1200,0,0,0,569,5456
80,4,4,0,0,0,0,0,0,0,0,0,400,400,400,0,0,0,0,400,400,400,100.000000,12800,26560,48.192771,10,10,10,10,424,1224,0,24,400,26560,77760,0,0,0,0,424,1200,0,0,0,577,5456
81,4,4,0,0,0,0,0,0,0,0,0,400,400,400,0,0,0,0,400,400,400,100.000000,12800,26560,48.192771,10,10,10,10,424,1224,0,24,400,26560,77760,0,0,0,0,424,1200,0,0,0,571,5456
82,4,4,0,0,0,0,0,0,0,0,0,400,400,400,0,0,0,0,400,400,400,100.000000,12800,26560,48.192771,10,10,10,10,424,1224,0,24,400,26560,77760,0,0,0,0,424,1200,0,0,0,565,5456
83,4,4,0,0,0,0,0,0,0,0,0,400,400,400,0,0,0,0,400,400,400,100.000000,12800,26560,48.192771,10,10,10,10,424,1224,0,24,400,26560,77760,0,0,0,0,424,1200,0,0,0,600,5456
84,4,4,0,0,0,0,0,0,0,0,0,400,400,400,0,0,0,0,400,400,400,100.000000,12800,26560,48.192771,10,10,10,10,424,1224,0,24,400,26560,77760,0,0,0,0,424,1200,0,0,0,566,5456
85,4,4,0,0,0,0,0,0,0,0,0,400,400,400,0,0,0,0,400,400,400,100.000000,12800,26560,48.192771,10,10,10,10,424,1224,0,24,400,26560,77760,0,0,0,0,424,1200,0,0,0,567,5456
86,4,4,0,0,0,0,0,0,0,0,0,400,400,400,0,0,0,0,400,400,400,100.000000,12800,26560,48.192771,10,10,10,10,424,1224,0,24,400,26560,77760,0,0,0,0,424,1200,0,0,0,571,5456
87,4,4,0,0,0,0,0,0,0,0,0,400,400,400,0,0,0,0,400,400,400,100.000000,12800,26560,48.192771,10,10,10,10,424,1224,0,24,400,26560,77760,0,0,0,0,424,1200,0,0,0,571,5456
88,4,4,0,0,0,0,0,0,0,0,0,400,400,400,0,0,0,0,400,400,400,100.000000,12800,26560,48.192771,10,10,10,10,424,1224,0,24,400,26560,77760,0,0,0,0,424,1200,0,0,0,555,5456
89,4,4,0,0,0,0,0,0,0,0,0,400,400,400,0,0,0,0,400,400,400,100.000000,12800,26560,48.192771,10,10,10,10,424,1224,0,24,400,26560,77760,0,0,0,0,424,1200,0,0,0,552,5456
90,4,4,0,0,0,0,0,0,0,0,0,400,400,400,0,0,0,0,400,400,400,100.000000,12800,26560,48.192771,10,10,10,10,424,1224,0,24,400,26560,77760,0,0,0,0,424,1200,0,0,0,560,5456
91,4,4,0,0,0,0,0,0,0,0,0,400,400,400,0,0,0,0,400,400,400,100.000000,12800,26560,48.192771,10,10,10,10,424,1224,0,24,400,26560,77760,0,0,0,0,424,1200,0,0,0,563,5456
92,4,4,0,0,0,0,0,0,0,0,0,400,400,400,0,0,0,0,400,400,400,100.000000,12800,26560,48.192771,10,10,10,10,424,1224,0,24,400,26560,77760,0,0,0,0,424,1200,0,0,0,551,5456
93,4,4,0,0,0,0,0,0,0,0,0,400,400,400,0,0,0,0,400,400,400,100.000000,12800,26560,48.192771,10,10,10,10,424,1224,0,24,400,26560,77760,0,0,0,0,424,1200,0,0,0,553,5456
94,4,4,0,0,0,0,0,0,0,0,0,400,400,400,0,0,0,0,400,400,400,100.000000,12800,26560,48.192771,10,10,10,10,424,1224,0,24,400,26560,77760,0,0,0,0,424,1200,0,0,0,548,5456
95,4,4,0,0,0,0,0,0,0,0,0,400,400,400,0,0,0,0,400,400,400,100.000000,12800,26560,48.192771,10,10,10,10,424,1224,0,24,400,26560,77760,0,0,0,0,424,1200,0,0,0,552,5456
96,4,4,0,0,0,0,0,0,0,0,0,400,400,400,0,0,0,0,400,400,400,100.000000,12800,26560,48.192771,10,10,10,10,424,1224,0,24,400,26560,77760,0,0,0,0,424,1200,0,0,0,545,5456
97,4,4,0,0,0,0,0,0,0,0,0,400,400,400,0,0,0,0,400,400,400,100.000000,12800,26560,48.192771,10,10,10,10,424,1224,0,24,400,26560,77760,0,0,0,0,424,1200,0,0,0,556,5456
98,4,4,0,0,0,0,0,0,0,0,0,400,400,400,0,0,0,0,400,400,400,100.000000,12800,26560,48.192771,10,10,10,10,424,1224,0,24,400,26560,77760,0,0,0,0,424,1200,0,0,0,547,5456
99,4,4,0,0,0,0,0,0,0,0,0,400,400,400,0,0,0,0,400,400,400,100.000000,12800,26560,48.192771,10,10,10,10,424,1224,0,24,400,26560,77760,0,0,0,0,424,1200,0,0,0,548,5456
100,4,4,0,0,0,0,0,0,0,0,0,400,400,400,0,0,0,0,400,400,400,100.000000,12800,26560,48.192771,10,10,10,10,424,1224,0,24,400,26560,77760,0,0,0,0,424,1200,0,0,0,558,5456
101,4,4,0,0,0,0,0,0,0,0,0,400,400,400,0,0,0,0,400,400,400,100.000000,12800,26560,48.192771,10,10,10,10,424,1224,0,24,400,26560,77760,0,0,0,0,424,1200,0,0,0,553,5456
102,4,4,0,0,0,0,0,0,0,0,0,400,400,400,0,0,0,0,400,400,400,100.000000,12800,26560,48.192771,10,10,10,10,424,1224,0,24,400,26560,77760,0,0,0,0,424,1200,0,0,0,546,5456
103,4,4,0,0,0,0,0,0,0,0,0,400,400,400,0,0,0,0,400,400,400,100.000000,12800,26560,48.192771,10,10,10,10,424,1224,0,24,400,26560,77760,0,0,0,0,424,1200,0,0,0,567,5456
104,4,4,0,0,0,0,0,0,0,0,0,400,400,400,0,0,0,0,400,400,400,100.000000,12800,26560,48.192771,10,10,10,10,424,1224,0,24,400,26560,77760,0,0,0,0,424,1200,0,0,0,577,5456
105,4,4,0,0,0,0,0,0,0,0,0,400,400,400,0,0,0,0,400,400,400,100.000000,12800,26560,48.192771,10,10,10,10,424,1224,0,24,400,26560,77760,0,0,0,0,424,1200,0,0,0,569,5456
106,4,4,0,0,0,0,0,0,0,0,0,400,400,400,0,0,0,0,400,400,400,100.000000,12800,26560,48.192771,10,10,10,10,424,1224,0,24,400,26560,77760,0,0,0,0,424,1200,0,0,0,565,5456
107,4,4,0,0,0,0,0,0,0,0,0,400,400,400,0,0,0,0,400,400,400,100.000000,12800,26560,48.192771,10,10,10,10,424,1224,0,24,400,26560,77760,0,0,0,0,424,1200,0,0,0,635,5456
108,4,4,0,0,0,0,0,0,0,0,0,400,400,400,0,0,0,0,400,400,400,100.000000,12800,26560,48.192771,10,10,10,10,424,1224,0,24,400,26560,77760,0,0,0,0,424,1200,0,0,0,565,5456
109,4,4,0,0,0,0,0,0,0,0,0,400,400,400,0,0,0,0,400,400,400,100.000000,12800,26560,48.192771,10,10,10,10,424,1224,0,24,400,26560,77760,0,0,0,0,424,1200,0,0,0,593,5456
110,4,4,0,0,0,0,0,0,0,0,0,400,400,400,0,0,0,0,400,400,400,100.000000,12800,26560,48.192771,10,10,10,10,424,1224,0,24,400,26560,77760,0,0,0,0,424,1200,0,0,0,562,5456
111,4,4,0,0,0,0,0,0,0,0,0,400,400,400,0,0,0,0,400,400,400,100.000000,12800,26560,48.192771,10,10,10,10,424,1224,0,24,400,26560,77760,0,0,0,0,424,1200,0,0,0,557,5456
112,4,4,0,0,0,0,0,0,0,0,0,400,400,400,0,0,0,0,400,400,400,100.000000,12800,26560,48.192771,10,10,10,10,424,1224,0,24,400,26560,77760,0,0,0,0,424,1200,0,0,0,567,5456
113,4,4,0,0,0,0,0,0,0,0,0,400,400,400,0,0,0,0,400,400,400,100.000000,12800,26560,48.192771,10,10,10,10,424,1224,0,24,400,26560,77760,0,0,0,0,424,1200,0,0,0,554,5456
114,4,4,0,0,0,0,0,0,0,0,0,400,400,400,0,0,0,0,400,400,400,100.000000,12800,26560,48.192771,10,10,10,10,424,1224,0,24,400,26560,77760,0,0,0,0,424,1200,0,0,0,597,5456
115,4,4,0,0,0,0,0,0,0,0,0,400,400,400,0,0,0,0,400,400,400,100.000000,12800,26560,48.192771,10,10,10,10,424,1224,0,24,400,26560,77760,0,0,0,0,424,1200,0,0,0,568,5456
116,4,4,0,0,0,0,0,0,0,0,0,400,400,400,0,0,0,0,400,400,400,100.000000,12800,26560,48.192771,10,10,10,10,424,1224,0,24,400,26560,77760,0,0,0,0,424,1200,0,0,0,560,5456
117,4,4,0,0,0,0,0,0,0,0,0,400,400,400,0,0,0,0,400,400,400,100.000000,12800,26560,48.192771,10,10,10,10,424,1224,0,24,400,26560,77760,0,0,0,0,424,1200,0,0,0,551,5456
118,4,4,0,0,0,0,0,0,0,0,0,400,400,400,0,0,0,0,400,400,400,100.000000,12800,26560,48.192771,10,10,10,10,424,1224,0,24,400,26560,77760,0,0,0,0,424,1200,0,0,0,557,5456
119,4,4,0,0,0,0,0,0,0,0,0,400,400,400,0,0,0,0,400,400,400,100.000000,12800,26560,48.192771,10,10,10,10,424,1224,0,24,400,26560,77760,0,0,0,0,424,1200,0,0,0,554,5456
120,4,4,0,0,0,0,0,0,0,0,0,400,400,400,0,0,0,0,400,400,400,100.000000,12800,26560,48.192771,10,10,10,10,424,1224,0,24,400,26560,77760,0,0,0,0,424,1200,0,0,0,552,5456
121,4,4,0,0,0,0,0,0,0,0,0,400,400,400,0,0,0,0,400,400,400,100.000000,12800,26560,48.192771,10,10,10,10,424,1224,0,24,400,26560,77760,0,0,0,0,424,1200,0,0,0,553,5456
122,4,4,0,0,0,0,0,0,0,0,0,400,400,400,0,0,0,0,400,400,400,100.000000,12800,26560,48.192771,10,10,10,10,424,1224,0,24,400,26560,77760,0,0,0,0,424,1200,0,0,0,561,5456
123,4,4,0,0,0,0,0,0,0,0,0,400,400,400,0,0,0,0,400,400,400,100.000000,12800,26560,48.192771,10,10,10,10,424,1224,0,24,400,26560,77760,0,0,0,0,424,1200,0,0,0,560,5456
124,4,4,0,0,0,0,0,0,0,0,0,400,400,400,0,0,0,0,400,400,400,100.000000,12800,26560,48.192771,10,10,10,10,424,1224,0,24,400,26560,77760,0,0,0,0,424,1200,0,0,0,560,5456
125,4,4,0,0,0,0,0,0,0,0,0,400,400,400,0,0,0,0,400,400,400,100.000000,12800,26560,48.192771,10,10,10,10,424,1224,0,24,400,26560,77760,0,0,0,0,424,1200,0,0,0,557,5456
126,4,4,0,0,0,0,0,0,0,0,0,400,400,400,0,0,0,0,400,400,400,100.000000,12800,26560,48.192771,10,10,10,10,424,1224,0,24,400,26560,77760,0,0,0,0,424,1200,0,0,0,554,5456
127,4,4,0,0,0,0,0,0,0,0,0,400,400,400,0,0,0,0,400,400,400,100.000000,12800,26560,48.192771,10,10,10,10,424,1224,0,24,400,26560,77760,0,0,0,0,424,1200,0,0,0,562,5456
128,4,4,0,0,0,0,0,0,0,0,0,400,400,400,0,0,0,0,400,400,400,100.000000,12800,26560,48.192771,10,10,10,10,424,1224,0,24,400,26560,77760,0,0,0,0,424,1200,0,0,0,563,5456
129,4,4,0,0,0,0,0,0,0,0,0,400,400,400,0,0,0,0,400,400,400,100.000000,12800,26560,48.192771,10,10,10,10,424,1224,0,24,400,26560,77760,0,0,0,0,424,1200,0,0,0,554,5456
130,4,4,0,0,0,0,0,0,0,0,0,400,400,400,0,0,0,0,400,400,400,100.000000,12800,26560,48.192771,10,10,10,10,424,1224,0,24,400,26560,77760,0,0,0,0,424,1200,0,0,0,566,5456
131,4,4,0,0,0,0,0,0,0,0,0,400,400,400,0,0,0,0,400,400,400,100.000000,12800,26560,48.192771,10,10,10,10,424,1224,0,24,400,26560,77760,0,0,0,0,424,1200,0,0,0,572,5456
132,4,4,0,0,0,0,0,0,0,0,0,400,400,400,0,0,0,0,400,400,400,100.000000,12800,26560,48.192771,10,10,10,10,424,1224,0,24,400,26560,77760,0,0,0,0,424,1200,0,0,0,556,5456
133,4,4,0,0,0,0,0,0,0,0,0,400,400,400,0,0,0,0,400,400,400,100.000000,12800,26560,48.192771,10,10,10,10,424,1224,0,24,400,26560,77760,0,0,0,0,424,1200,0,0,0,559,5456
134,4,4,0,0,0,0,0,0,0,0,0,400,400,400,0,0,0,0,400,400,400,100.000000,12800,26560,48.192771,10,10,10,10,424,1224,0,24,400,26560,77760,0,0,0,0,424,1200,0,0,0,565,5456
135,4,4,0,0,0,0,0,0,0,0,0,400,400,400,0,0,0,0,400,400,400,100.000000,12800,26560,48.192771,10,10,10,10,424,1224,0,24,400,26560,77760,0,0,0,0,424,1200,0,0,0,577,5456
136,4,4,0,0,0,0,0,0,0,0,0,400,400,400,0,0,0,0,400,400,400,100.000000,12800,26560,48.192771,10,10,10,10,424,1224,0,24,400,26560,77760,0,0,0,0,424,1200,0,0,0,560,5456
137,4,4,0,0,0,0,0,0,0,0,0,400,400,400,0,0,0,0,400,400,400,100.000000,12800,26560,48.192771,10,10,10,10,424,1224,0,24,400,26560,77760,0,0,0,0,424,1200,0,0,0,571,5456
138,4,4,0,0,0,0,0,0,0,0,0,400,400,400,0,0,0,0,400,400,400,100.000000,12800,26560,48.192771,10,10,10,10,424,1224,0,24,400,26560,77760,0,0,0,0,424,1200,0,0,0,564,5456
139,4,4,0,0,0,0,0,0,0,0,0,400,400,400,0,0,0,0,400,400,400,100.000000,12800,26560,48.192771,10,10,10,10,424,1224,0,24,400,26560,77760,0,0,0,0,424,1200,0,0,0,560,5456
140,4,4,0,0,0,0,0,0,0,0,0,400,400,400,0,0,0,0,400,400,400,100.000000,12800,26560,48.192771,10,10,10,10,424,1224,0,24,400,26560,77760,0,0,0,0,424,1200,0,0,0,565,5456
141,4,4,0,0,0,0,0,0,0,0,0,400,400,400,0,0,0,0,400,400,400,100.000000,12800,26560,48.192771,10,10,10,10,424,1224,0,24,400,26560,77760,0,0,0,0,424,1200,0,0,0,562,5456
142,4,4,0,0,0,0,0,0,0,0,0,400,400,400,0,0,0,0,400,400,400,100.000000,12800,26560,48.192771,10,10,10,10,424,1224,0,24,400,26560,77760,0,0,0,0,424,1200,0,0,0,561,5456
143,4,4,0,0,0,0,0,0,0,0,0,400,400,400,0,0,0,0,400,400,400,100.000000,12800,26560,48.192771,10,10,10,10,424,1224,0,24,400,26560,77760,0,0,0,0,424,1200,0,0,0,560,5456
144,4,4,0,0,0,0,0,0,0,0,0,400,400,400,0,0,0,0,400,400,400,100.000000,12800,26560,48.192771,10,10,10,10,424,1224,0,24,400,26560,77760,0,0,0,0,424,1200,0,0,0,563,5456
145,4,4,0,0,0,0,0,0,0,0,0,400,400,400,0,0,0,0,400,400,400,100.000000,12800,26560,48.192771,10,10,10,10,424,1224,0,24,400,26560,77760,0,0,0,0,424,1200,0,0,0,558,5456
146,4,4,0,0,0,0,0,0,0,0,0,400,400,400,0,0,0,0,400,400,400,100.000000,12800,26560,48.192771,10,10,10,10,424,1224,0,24,400,26560,77760,0,0,0,0,424,1200,0,0,0,554,5456
147,4,4,0,0,0,0,0,0,0,0,0,400,400,400,0,0,0,0,400,400,400,100.000000,12800,26560,48.192771,10,10,10,10,424,1224,0,24,400,26560,77760,0,0,0,0,424,1200,0,0,0,559,5456
148,4,4,0,0,0,0,0,0,0,0,0,400,400,400,0,0,0,0,400,400,400,100.000000,12800,26560,48.192771,10,10,10,10,424,1224,0,24,400,26560,77760,0,0,0,0,424,1200,0,0,0,565,5456
149,4,4,0,0,0,0,0,0,0,0,0,400,400,400,0,0,0,0,400,400,400,100.000000,12800,26560,48.192771,10,10,10,10,424,1224,0,24,400,26560,77760,0,0,0,0,424,1200,0,0,0,557,5456
150,4,4,0,0,0,0,0,0,0,0,0,400,400,400,0,0,0,0,400,400,400,100.000000,12800,26560,48.192771,10,10,10,10,424,1224,0,24,400,26560,77760,0,0,0,0,424,1200,0,0,0,560,5456
151,4,4,0,0,0,0,0,0,0,0,0,400,400,400,0,0,0,0,400,400,400,100.000000,12800,26560,48.192771,10,10,10,10,424,1224,0,24,400,26560,77760,0,0,0,0,424,1200,0,0,0,552,5456
152,4,4,0,0,0,0,0,0,0,0,0,400,400,400,0,0,0,0,400,400,400,100.000000,12800,26560,48.192771,10,10,10,10,424,1224,0,24,400,26560,77760,0,0,0,0,424,1200,0,0,0,561,5456
153,4,4,0,0,0,0,0,0,0,0,0,400,400,400,0,0,0,0,400,400,400,100.000000,12800,26560,48.192771,10,10,10,10,424,1224,0,24,400,26560,77760,0,0,0,0,424,1200,0,0,0,569,5456
154,4,4,0,0,0,0,0,0,0,0,0,400,400,400,0,0,0,0,400,400,400,100.000000,12800,26560,48.192771,10,10,10,10,424,1224,0,24,400,26560,77760,0,0,0,0,424,1200,0,0,0,594,5456
155,4,4,0,0,0,0,0,0,0,0,0,400,400,400,0,0,0,0,400,400,400,100.000000,12800,26560,48.192771,10,10,10,10,424,1224,0,24,400,26560,77760,0,0,0,0,424,1200,0,0,0,571,5456
156,4,4,0,0,0,0,0,0,0,0,0,400,400,400,0,0,0,0,400,400,400,100.000000,12800,26560,48.192771,10,10,10,10,424,1224,0,24,400,26560,77760,0,0,0,0,424,1200,0,0,0,564,5456
157,4,4,0,0,0,0,0,0,0,0,0,400,400,400,0,0,0,0,400,400,400,100.000000,12800,26560,48.192771,10,10,10,10,424,1224,0,24,400,26560,77760,0,0,0,0,424,1200,0,0,0,553,5456
158,4,4,0,0,0,0,0,0,0,0,0,400,400,400,0,0,0,0,400,400,400,100.000000,12800,26560,48.192771,10,10,10,10,424,1224,0,24,400,26560,77760,0,0,0,0,424,1200,0,0,0,558,5456
159,4,4,0,0,0,0,0,0,0,0,0,400,400,400,0,0,0,0,400,400,400,100.000000,12800,26560,48.192771,10,10,10,10,424,1224,0,24,400,26560,77760,0,0,0,0,424,1200,0,0,0,575,5456
160,4,4,0,0,0,0,0,0,0,0,0,400,400,400,0,0,0,0,400,400,400,100.000000,12800,26560,48.192771,10,10,10,10,424,1224,0,24,400,26560,77760,0,0,0,0,424,1200,0,0,0,558,5456
161,4,4,0,0,0,0,0,0,0,0,0,400,400,400,0,0,0,0,400,400,400,100.000000,12800,26560,48.192771,10,10,10,10,424,1224,0,24,400,26560,77760,0,0,0,0,424,1200,0,0,0,555,5456
162,4,4,0,0,0,0,0,0,0,0,0,400,400,400,0,0,0,0,400,400,400,100.000000,12800,26560,48.192771,10,10,10,10,424,1224,0,24,400,26560,77760,0,0,0,0,424,1200,0,0,0,555,5456
163,4,4,0,0,0,0,0,0,0,0,0,400,400,400,0,0,0,0,400,400,400,100.000000,12800,26560,48.192771,10,10,10,10,424,1224,0,24,400,26560,77760,0,0,0,0,424,1200,0,0,0,552,5456
164,4,4,0,0,0,0,0,0,0,0,0,400,400,400,0,0,0,0,400,400,400,100.000000,12800,26560,48.192771,10,10,10,10,424,1224,0,24,400,26560,77760,0,0,0,0,424,1200,0,0,0,564,5456
165,4,4,0,0,0,0,0,0,0,0,0,400,400,400,0,0,0,0,400,400,400,100.000000,12800,26560,48.192771,10,10,10,10,424,1224,0,24,400,26560,77760,0,0,0,0,424,1200,0,0,0,565,5456
166,4,4,0,0,0,0,0,0,0,0,0,400,400,400,0,0,0,0,400,400,400,100.000000,12800,26560,48.192771,10,10,10,10,424,1224,0,24,400,26560,77760,0,0,0,0,424,1200,0,0,0,572,5456
167,4,4,0,0,0,0,0,0,0,0,0,400,400,400,0,0,0,0,400,400,400,100.000000,12800,26560,48.192771,10,10,10,10,424,1224,0,24,400,26560,77760,0,0,0,0,424,1200,0,0,0,566,5456
168,4,4,0,0,0,0,0,0,0,0,0,400,400,400,0,0,0,0,400,400,400,100.000000,12800,26560,48.192771,10,10,10,10,424,1224,0,24,400,26560,77760,0,0,0,0,424,1200,0,0,0,589,5456
169,4,4,0,0,0,0,0,0,0,0,0,400,400,400,0,0,0,0,400,400,400,100.000000,12800,26560,48.192771,10,10,10,10,424,1224,0,24,400,26560,77760,0,0,0,0,424,1200,0,0,0,555,5456
170,4,4,0,0,0,0,0,0,0,0,0,400,400,400,0,0,0,0,400,400,400,100.000000,12800,26560,48.192771,10,10,10,10,424,1224,0,24,400,26560,77760,0,0,0,0,424,1200,0,0,0,561,5456
171,4,4,0,0,0,0,0,0,0,0,0,400,400,400,0,0,0,0,400,400,400,100.000000,12800,26560,48.192771,10,10,10,10,424,1224,0,24,400,26560,77760,0,0,0,0,424,1200,0,0,0,568,5456
172,4,4,0,0,0,0,0,0,0,0,0,400,400,400,0,0,0,0,400,400,400,100.000000,12800,26560,48.192771,10,10,10,10,424,1224,0,24,400,26560,77760,0,0,0,0,424,1200,0,0,0,562,5456
173,4,4,0,0,0,0,0,0,0,0,0,400,400,400,0,0,0,0,400,400,400,100.000000,12800,26560,48.192771,10,10,10,10,424,1224,0,24,400,26560,77760,0,0,0,0,424,1200,0,0,0,562,5456
174,4,4,0,0,0,0,0,0,0,0,0,400,400,400,0,0,0,0,400,400,400,100.000000,12800,26560,48.192771,10,10,10,10,424,1224,0,24,400,26560,77760,0,0,0,0,424,1200,0,0,0,562,5456
175,4,4,0,0,0,0,0,0,0,0,0,400,400,400,0,0,0,0,400,400,400,100.000000,12800,26560,48.192771,10,10,10,10,424,1224,0,24,400,26560,77760,0,0,0,0,424,1200,0,0,0,564,5456
176,4,4,0,0,0,0,0,0,0,0,0,400,400,400,0,0,0,0,400,400,400,100.000000,12800,26560,48.192771,10,10,10,10,424,1224,0,24,400,26560,77760,0,0,0,0,424,1200,0,0,0,604,5456
177,4,4,0,0,0,0,0,0,0,0,0,400,400,400,0,0,0,0,400,400,400,100.000000,12800,26560,48.192771,10,10,10,10,424,1224,0,24,400,26560,77760,0,0,0,0,424,1200,0,0,0,563,5456
178,4,4,0,0,0,0,0,0,0,0,0,400,400,400,0,0,0,0,400,400,400,100.000000,12800,26560,48.192771,10,10,10,10,424,1224,0,24,400,26560,77760,0,0,0,0,424,1200,0,0,0,562,5456
179,4,4,0,0,0,0,0,0,0,0,0,400,400,400,0,0,0,0,400,400,400,100.000000,12800,26560,48.192771,10,10,10,10,424,1224,0,24,400,26560,77760,0,0,0,0,424,1200,0,0,0,561,5456
180,4,4,0,0,0,0,0,0,0,0,0,400,400,400,0,0,0,0,400,400,400,100.000000,12800,26560,48.192771,10,10,10,10,424,1224,0,24,400,26560,77760,0,0,0,0,424,1200,0,0,0,560,5456
181,4,4,0,0,0,0,0,0,0,0,0,400,400,400,0,0,0,0,400,400,400,100.000000,12800,26560,48.192771,10,10,10,10,424,1224,0,24,400,26560,77760,0,0,0,0,424,1200,0,0,0,574,5456
182,4,4,0,0,0,0,0,0,0,0,0,400,400,400,0,0,0,0,400,400,400,100.000000,12800,26560,48.192771,10,10,10,10,424,1224,0,24,400,26560,77760,0,0,0,0,424,1200,0,0,0,565,5456
183,4,4,0,0,0,0,0,0,0,0,0,400,400,400,0,0,0,0,400,400,400,100.000000,12800,26560,48.192771,10,10,10,10,424,1224,0,24,400,26560,77760,0,0,0,0,424,1200,0,0,0,564,5456
184,4,4,0,0,0,0,0,0,0,0,0,400,400,400,0,0,0,0,400,400,400,100.000000,12800,26560,48.192771,10,10,10,10,424,1224,0,24,400,26560,77760,0,0,0,0,424,1200,0,0,0,563,5456
185,4,4,0,0,0,0,0,0,0,0,0,400,400,400,0,0,0,0,400,400,400,100.000000,12800,26560,48.192771,10,10,10,10,424,1224,0,24,400,26560,77760,0,0,0,0,424,1200,0,0,0,580,5456
186,4,4,0,0,0,0,0,0,0,0,0,400,400,400,0,0,0,0,400,400,400,100.000000,12800,26560,48.192771,10,10,10,10,424,1224,0,24,400,26560,77760,0,0,0,0,424,1200,0,0,0,594,5456
187,4,4,0,0,0,0,0,0,0,0,0,400,400,400,0,0,0,0,400,400,400,100.000000,12800,26560,48.192771,10,10,10,10,424,1224,0,24,400,26560,77760,0,0,0,0,424,1200,0,0,0,582,5456
188,4,4,0,0,0,0,0,0,0,0,0,400,400,400,0,0,0,0,400,400,400,100.000000,12800,26560,48.192771,10,10,10,10,424,1224,0,24,400,26560,77760,0,0,0,0,424,1200,0,0,0,574,5456
189,4,4,0,0,0,0,0,0,0,0,0,400,400,400,0,0,0,0,400,400,400,100.000000,12800,26560,48.192771,10,10,10,10,424,1224,0,24,400,26560,77760,0,0,0,0,424,1200,0,0,0,752,5456
190,4,4,0,0,0,0,0,0,0,0,0,400,400,400,0,0,0,0,400,400,400,100.000000,12800,26560,48.192771,10,10,10,10,424,1224,0,24,400,26560,77760,0,0,0,0,424,1200,0,0,0,602,5456
191,4,4,0,0,0,0,0,0,0,0,0,400,400,400,0,0,0,0,400,400,400,100.000000,12800,26560,48.192771,10,10,10,10,424,1224,0,24,400,26560,77760,0,0,0,0,424,1200,0,0,0,559,5456
192,4,4,0,0,0,0,0,0,0,0,0,400,400,400,0,0,0,0,400,400,400,100.000000,12800,26560,48.192771,10,10,10,10,424,1224,0,24,400,26560,77760,0,0,0,0,424,1200,0,0,0,566,5456
193,4,4,0,0,0,0,0,0,0,0,0,400,400,400,0,0,0,0,400,400,400,100.000000,12800,26560,48.192771,10,10,10,10,424,1224,0,24,400,26560,77760,0,0,0,0,424,1200,0,0,0,563,5456
194,4,4,0,0,0,0,0,0,0,0,0,400,400,400,0,0,0,0,400,400,400,100.000000,12800,26560,48.192771,10,10,10,10,424,1224,0,24,400,26560,77760,0,0,0,0,424,1200,0,0,0,565,5456
195,4,4,0,0,0,0,0,0,0,0,0,400,400,400,0,0,0,0,400,400,400,100.000000,12800,26560,48.192771,10,10,10,10,424,1224,0,24,400,26560,77760,0,0,0,0,424,1200,0,0,0,567,5456
196,4,4,0,0,0,0,0,0,0,0,0,400,400,400,0,0,0,0,400,400,400,100.000000,12800,26560,48.192771,10,10,10,10,424,1224,0,24,400,26560,77760,0,0,0,0,424,1200,0,0,0,559,5456
197,4,4,0,0,0,0,0,0,0,0,0,400,400,400,0,0,0,0,400,400,400,100.000000,12800,26560,48.192771,10,10,10,10,424,1224,0,24,400,26560,77760,0,0,0,0,424,1200,0,0,0,559,5456
198,4,4,0,0,0,0,0,0,0,0,0,400,400,400,0,0,0,0,400,400,400,100.000000,12800,26560,48.192771,10,10,10,10,424,1224,0,24,400,26560,77760,0,0,0,0,424,1200,0,0,0,569,5456
199,4,4,0,0,0,0,0,0,0,0,0,400,400,400,0,0,0,0,400,400,400,100.000000,12800,26560,48.192771,10,10,10,10,424,1224,0,24,400,26560,77760,0,0,0,0,424,1200,0,0,0,566,5456
200,4,4,0,0,0,0,0,0,0,0,0,400,400,400,0,0,0,0,400,400,400,100.000000,12800,26560,48.192771,10,10,10,10,424,1224,0,24,400,26560,77760,0,0,0,0,424,1200,0,0,0,562,5456
201,4,4,0,0,0,0,0,0,0,0,0,400,400,400,0,0,0,0,400,400,400,100.000000,12800,26560,48.192771,10,10,10,10,424,1224,0,24,400,26560,77760,0,0,0,0,424,1200,0,0,0,560,5456
202,4,4,0,0,0,0,0,0,0,0,0,400,400,400,0,0,0,0,400,400,400,100.000000,12800,26560,48.192771,10,10,10,10,424,1224,0,24,400,26560,77760,0,0,0,0,424,1200,0,0,0,575,5456
203,4,4,0,0,0,0,0,0,0,0,0,400,400,400,0,0,0,0,400,400,400,100.000000,12800,26560,48.192771,10,10,10,10,424,1224,0,24,400,26560,77760,0,0,0,0,424,1200,0,0,0,551,5456
204,4,4,0,0,0,0,0,0,0,0,0,400,400,400,0,0,0,0,400,400,400,100.000000,12800,26560,48.192771,10,10,10,10,424,1224,0,24,400,26560,77760,0,0,0,0,424,1200,0,0,0,567,5456
205,4,4,0,0,0,0,0,0,0,0,0,400,400,400,0,0,0,0,400,400,400,100.000000,12800,26560,48.192771,10,10,10,10,424,1224,0,24,400,26560,77760,0,0,0,0,424,1200,0,0,0,559,5456
206,4,4,0,0,0,0,0,0,0,0,0,400,400,400,0,0,0,0,400,400,400,100.000000,12800,26560,48.192771,10,10,10,10,424,1224,0,24,400,26560,77760,0,0,0,0,424,1200,0,0,0,559,5456
207,4,4,0,0,0,0,0,0,0,0,0,400,400,400,0,0,0,0,400,400,400,100.000000,12800,26560,48.192771,10,10,10,10,424,1224,0,24,400,26560,77760,0,0,0,0,424,1200,0,0,0,579,5456
208,4,4,0,0,0,0,0,0,0,0,0,400,400,400,0,0,0,0,400,400,400,100.000000,12800,26560,48.192771,10,10,10,10,424,1224,0,24,400,26560,77760,0,0,0,0,424,1200,0,0,0,568,5456
209,4,4,0,0,0,0,0,0,0,0,0,400,400,400,0,0,0,0,400,400,400,100.000000,12800,26560,48.192771,10,10,10,10,424,1224,0,24,400,26560,77760,0,0,0,0,424,1200,0,0,0,565,5456
210,4,4,0,0,0,0,0,0,0,0,0,400,400,400,0,0,0,0,400,400,400,100.000000,12800,26560,48.192771,10,10,10,10,424,1224,0,24,400,26560,77760,0,0,0,0,424,1200,0,0,0,579,5456
211,4,4,0,0,0,0,0,0,0,0,0,400,400,400,0,0,0,0,400,400,400,100.000000,12800,26560,48.192771,10,10,10,10,424,1224,0,24,400,26560,77760,0,0,0,0,424,1200,0,0,0,556,5456
212,4,4,0,0,0,0,0,0,0,0,0,400,400,400,0,0,0,0,400,400,400,100.000000,12800,26560,48.192771,10,10,10,10,424,1224,0,24,400,26560,77760,0,0,0,0,424,1200,0,0,0,557,5456
213,4,4,0,0,0,0,0,0,0,0,0,400,400,400,0,0,0,0,400,400,400,100.000000,12800,26560,48.192771,10,10,10,10,424,1224,0,24,400,26560,77760,0,0,0,0,424,1200,0,0,0,561,5456
214,4,4,0,0,0,0,0,0,0,0,0,400,400,400,0,0,0,0,400,400,400,100.000000,12800,26560,48.192771,10,10,10,10,424,1224,0,24,400,26560,77760,0,0,0,0,424,1200,0,0,0,563,5456
215,4,4,0,0,0,0,0,0,0,0,0,400,400,400,0,0,0,0,400,400,400,100.000000,12800,26560,48.192771,10,10,10,10,424,1224,0,24,400,26560,77760,0,0,0,0,424,1200,0,0,0,567,5456
216,4,4,0,0,0,0,0,0,0,0,0,400,400,400,0,0,0,0,400,400,400,100.000000,12800,26560,48.192771,10,10,10,10,424,1224,0,24,400,26560,77760,0,0,0,0,424,1200,0,0,0,566,5456
217,4,4,0,0,0,0,0,0,0,0,0,400,400,400,0,0,0,0,400,400,400,100.000000,12800,26560,48.192771,10,10,10,10,424,1224,0,24,400,26560,77760,0,0,0,0,424,1200,0,0,0,561,5456
218,4,4,0,0,0,0,0,0,0,0,0,400,400,400,0,0,0,0,400,400,400,100.000000,12800,26560,48.192771,10,10,10,10,424,1224,0,24,400,26560,77760,0,0,0,0,424,1200,0,0,0,560,5456
219,4,4,0,0,0,0,0,0,0,0,0,400,400,400,0,0,0,0,400,400,400,100.000000,12800,26560,48.192771,10,10,10,10,424,1224,0,24,400,26560,77760,0,0,0,0,424,1200,0,0,0,550,5456
220,4,4,0,0,0,0,0,0,0,0,0,400,400,400,0,0,0,0,400,400,400,100.000000,12800,26560,48.192771,10,10,10,10,424,1224,0,24,400,26560,77760,0,0,0,0,424,1200,0,0,0,561,5456
221,4,4,0,0,0,0,0,0,0,0,0,400,400,400,0,0,0,0,400,400,400,100.000000,12800,26560,48.192771,10,10,10,10,424,1224,0,24,400,26560,77760,0,0,0,0,424,1200,0,0,0,562,5456
222,4,4,0,0,0,0,0,0,0,0,0,400,400,400,0,0,0,0,400,400,400,100.000000,12800,26560,48.192771,10,10,10,10,424,1224,0,24,400,26560,77760,0,0,0,0,424,1200,0,0,0,567,5456
223,4,4,0,0,0,0,0,0,0,0,0,400,400,400,0,0,0,0,400,400,400,100.000000,12800,26560,48.192771,10,10,10,10,424,1224,0,24,400,26560,77760,0,0,0,0,424,1200,0,0,0,563,5456
224,4,4,0,0,0,0,0,0,0,0,0,400,400,400,0,0,0,0,400,400,400,100.000000,12800,26560,48.192771,10,10,10,10,424,1224,0,24,400,26560,77760,0,0,0,0,424,1200,0,0,0,566,5456
225,4,4,0,0,0,0,0,0,0,0,0,400,400,400,0,0,0,0,400,400,400,100.000000,12800,26560,48.192771,10,10,10,10,424,1224,0,24,400,26560,77760,0,0,0,0,424,1200,0,0,0,568,5456
226,4,4,0,0,0,0,0,0,0,0,0,400,400,400,0,0,0,0,400,400,400,100.000000,12800,26560,48.192771,10,10,10,10,424,1224,0,24,400,26560,77760,0,0,0,0,424,1200,0,0,0,567,5456
227,4,4,0,0,0,0,0,0,0,0,0,400,400,400,0,0,0,0,400,400,400,100.000000,12800,26560,48.192771,10,10,10,10,424,1224,0,24,400,26560,77760,0,0,0,0,424,1200,0,0,0,564,5456
228,4,4,0,0,0,0,0,0,0,0,0,400,400,400,0,0,0,0,400,400,400,100.000000,12800,26560,48.192771,10,10,10,10,424,1224,0,24,400,26560,77760,0,0,0,0,424,1200,0,0,0,561,5456
229,4,4,0,0,0,0,0,0,0,0,0,400,400,400,0,0,0,0,400,400,400,100.000000,12800,26560,48.192771,10,10,10,10,424,1224,0,24,400,26560,77760,0,0,0,0,424,1200,0,0,0,554,5456
230,4,4,0,0,0,0,0,0,0,0,0,400,400,400,0,0,0,0,400,400,400,100.000000,12800,26560,48.192771,10,10,10,10,424,1224,0,24,400,26560,77760,0,0,0,0,424,1200,0,0,0,606,5456
231,4,4,0,0,0,0,0,0,0,0,0,400,400,400,0,0,0,0,400,400,400,100.000000,12800,26560,48.192771,10,10,10,10,424,1224,0,24,400,26560,77760,0,0,0,0,424,1200,0,0,0,562,5456
232,4,4,0,0,0,0,0,0,0,0,0,400,400,400,0,0,0,0,400,400,400,100.000000,12800,26560,48.192771,10,10,10,10,424,1224,0,24,400,26560,77760,0,0,0,0,424,1200,0,0,0,569,5456
233,4,4,0,0,0,0,0,0,0,0,0,400,400,400,0,0,0,0,400,400,400,100.000000,12800,26560,48.192771,10,10,10,10,424,1224,0,24,400,26560,77760,0,0,0,0,424,1200,0,0,0,559,5456
234,4,4,0,0,0,0,0,0,0,0,0,400,400,400,0,0,0,0,400,400,400,100.000000,12800,26560,48.192771,10,10,10,10,424,1224,0,24,400,26560,77760,0,0,0,0,424,1200,0,0,0,563,5456
235,4,4,0,0,0,0,0,0,0,0,0,400,400,400,0,0,0,0,400,400,400,100.000000,12800,26560,48.192771,10,10,10,10,424,1224,0,24,400,26560,77760,0,0,0,0,424,1200,0,0,0,562,5456
236,4,4,0,0,0,0,0,0,0,0,0,400,400,400,0,0,0,0,400,400,400,100.000000,12800,26560,48.192771,10,10,10,10,424,1224,0,24,400,26560,77760,0,0,0,0,424,1200,0,0,0,563,5456
237,4,4,0,0,0,0,0,0,0,0,0,400,400,400,0,0,0,0,400,400,400,100.000000,12800,26560,48.192771,10,10,10,10,424,1224,0,24,400,26560,77760,0,0,0,0,424,1200,0,0,0,555,5456
238,4,4,0,0,0,0,0,0,0,0,0,400,400,400,0,0,0,0,400,400,400,100.000000,12800,26560,48.192771,10,10,10,10,424,1224,0,24,400,26560,77760,0,0,0,0,424,1200,0,0,0,568,5456
239,4,4,0,0,0,0,0,0,0,0,0,400,400,400,0,0,0,0,400,400,400,100.000000,12800,26560,48.192771,10,10,10,10,424,1224,0,24,400,26560,77760,0,0,0,0,424,1200,0,0,0,566,5456
240,4,4,0,0,0,0,0,0,0,0,0,400,400,400,0,0,0,0,400,400,400,100.000000,12800,26560,48.192771,10,10,10,10,424,1224,0,24,400,26560,77760,0,0,0,0,424,1200,0,0,0,581,5456
241,4,4,0,0,0,0,0,0,0,0,0,400,400,400,0,0,0,0,400,400,400,100.000000,12800,26560,48.192771,10,10,10,10,424,1224,0,24,400,26560,77760,0,0,0,0,424,1200,0,0,0,564,5456
242,4,4,0,0,0,0,0,0,0,0,0,400,400,400,0,0,0,0,400,400,400,100.000000,12800,26560,48.192771,10,10,10,10,424,1224,0,24,400,26560,77760,0,0,0,0,424,1200,0,0,0,567,5456
243,4,4,0,0,0,0,0,0,0,0,0,400,400,400,0,0,0,0,400,400,400,100.000000,12800,26560,48.192771,10,10,10,10,424,1224,0,24,400,26560,77760,0,0,0,0,424,1200,0,0,0,574,5456
244,4,4,0,0,0,0,0,0,0,0,0,400,400,400,0,0,0,0,400,400,400,100.000000,12800,26560,48.192771,10,10,10,10,424,1224,0,24,400,26560,77760,0,0,0,0,424,1200,0,0,0,572,5456
245,4,4,0,0,0,0,0,0,0,0,0,400,400,400,0,0,0,0,400,400,400,100.000000,12800,26560,48.192771,10,10,10,10,424,1224,0,24,400,26560,77760,0,0,0,0,424,1200,0,0,0,560,5456
246,4,4,0,0,0,0,0,0,0,0,0,400,400,400,0,0,0,0,400,400,400,100.000000,12800,26560,48.192771,10,10,10,10,424,1224,0,24,400,26560,77760,0,0,0,0,424,1200,0,0,0,558,5456
247,4,4,0,0,0,0,0,0,0,0,0,400,400,400,0,0,0,0,400,400,400,100.000000,12800,26560,48.192771,10,10,10,10,424,1224,0,24,400,26560,77760,0,0,0,0,424,1200,0,0,0,563,5456
248,4,4,0,0,0,0,0,0,0,0,0,400,400,400,0,0,0,0,400,400,400,100.000000,12800,26560,48.192771,10,10,10,10,424,1224,0,24,400,26560,77760,0,0,0,0,424,1200,0,0,0,566,5456
249,4,4,0,0,0,0,0,0,0,0,0,400,400,400,0,0,0,0,400,400,400,100.000000,12800,26560,48.192771,10,10,10,10,424,1224,0,24,400,26560,77760,0,0,0,0,424,1200,0,0,0,559,5456
250,4,4,0,0,0,0,0,0,0,0,0,400,400,400,0,0,0,0,400,400,400,100.000000,12800,26560,48.192771,10,10,10,10,424,1224,0,24,400,26560,77760,0,0,0,0,424,1200,0,0,0,595,5456
251,4,4,0,0,0,0,0,0,0,0,0,400,400,400,0,0,0,0,400,400,400,100.000000,12800,26560,48.192771,10,10,10,10,424,1224,0,24,400,26560,77760,0,0,0,0,424,1200,0,0,0,561,5456
252,4,4,0,0,0,0,0,0,0,0,0,400,400,400,0,0,0,0,400,400,400,100.000000,12800,26560,48.192771,10,10,10,10,424,1224,0,24,400,26560,77760,0,0,0,0,424,1200,0,0,0,567,5456
253,4,4,0,0,0,0,0,0,0,0,0,400,400,400,0,0,0,0,400,400,400,100.000000,12800,26560,48.192771,10,10,10,10,424,1224,0,24,400,26560,77760,0,0,0,0,424,1200,0,0,0,555,5456
254,4,4,0,0,0,0,0,0,0,0,0,400,400,400,0,0,0,0,400,400,400,100.000000,12800,26560,48.192771,10,10,10,10,424,1224,0,24,400,26560,77760,0,0,0,0,424,1200,0,0,0,557,5456
255,4,4,0,0,0,0,0,0,0,0,0,400,400,400,0,0,0,0,400,400,400,100.000000,12800,26560,48.192771,10,10,10,10,424,1224,0,24,400,26560,77760,0,0,0,0,424,1200,0,0,0,564,5456
256,4,4,0,0,0,0,0,0,0,0,0,400,400,400,0,0,0,0,400,400,400,100.000000,12800,26560,48.192771,10,10,10,10,424,1224,0,24,400,26560,77760,0,0,0,0,424,1200,0,0,0,559,5456
257,4,4,0,0,0,0,0,0,0,0,0,400,400,400,0,0,0,0,400,400,400,100.000000,12800,26560,48.192771,10,10,10,10,424,1224,0,24,400,26560,77760,0,0,0,0,424,1200,0,0,0,588,5456
258,4,4,0,0,0,0,0,0,0,0,0,400,400,400,0,0,0,0,400,400,400,100.000000,12800,26560,48.192771,10,10,10,10,424,1224,0,24,400,26560,77760,0,0,0,0,424,1200,0,0,0,556,5456
259,4,4,0,0,0,0,0,0,0,0,0,400,400,400,0,0,0,0,400,400,400,100.000000,12800,26560,48.192771,10,10,10,10,424,1224,0,24,400,26560,77760,0,0,0,0,424,1200,0,0,0,558,5456
260,4,4,0,0,0,0,0,0,0,0,0,400,400,400,0,0,0,0,400,400,400,100.000000,12800,26560,48.192771,10,10,10,10,424,1224,0,24,400,26560,77760,0,0,0,0,424,1200,0,0,0,557,5456
261,4,4,0,0,0,0,0,0,0,0,0,400,400,400,0,0,0,0,400,400,400,100.000000,12800,26560,48.192771,10,10,10,10,424,1224,0,24,400,26560,77760,0,0,0,0,424,1200,0,0,0,559,5456
262,4,4,0,0,0,0,0,0,0,0,0,400,400,400,0,0,0,0,400,400,400,100.000000,12800,26560,48.192771,10,10,10,10,424,1224,0,24,400,26560,77760,0,0,0,0,424,1200,0,0,0,564,5456
263,4,4,0,0,0,0,0,0,0,0,0,400,400,400,0,0,0,0,400,400,400,100.000000,12800,26560,48.192771,10,10,10,10,424,1224,0,24,400,26560,77760,0,0,0,0,424,1200,0,0,0,562,5456
264,4,4,0,0,0,0,0,0,0,0,0,400,400,400,0,0,0,0,400,400,400,100.000000,12800,26560,48.192771,10,10,10,10,424,1224,0,24,400,26560,77760,0,0,0,0,424,1200,0,0,0,555,5456
265,4,4,0,0,0,0,0,0,0,0,0,400,400,400,0,0,0,0,400,400,400,100.000000,12800,26560,48.192771,10,10,10,10,424,1224,0,24,400,26560,77760,0,0,0,0,424,1200,0,0,0,579,5456
266,4,4,0,0,0,0,0,0,0,0,0,400,400,400,0,0,0,0,400,400,400,100.000000,12800,26560,48.192771,10,10,10,10,424,1224,0,24,400,26560,77760,0,0,0,0,424,1200,0,0,0,578,5456
267,4,4,0,0,0,0,0,0,0,0,0,400,400,400,0,0,0,0,400,400,400,100.000000,12800,26560,48.192771,10,10,10,10,424,1224,0,24,400,26560,77760,0,0,0,0,424,1200,0,0,0,570,5456
268,4,4,0,0,0,0,0,0,0,0,0,400,400,400,0,0,0,0,400,400,400,100.000000,12800,26560,48.192771,10,10,10,10,424,1224,0,24,400,26560,77760,0,0,0,0,424,1200,0,0,0,587,5456
269,4,4,0,0,0,0,0,0,0,0,0,400,400,400,0,0,0,0,400,400,400,100.000000,12800,26560,48.192771,10,10,10,10,424,1224,0,24,400,26560,77760,0,0,0,0,424,1200,0,0,0,587,5456
270,4,4,0,0,0,0,0,0,0,0,0,400,400,400,0,0,0,0,400,400,400,100.000000,12800,26560,48.192771,10,10,10,10,424,1224,0,24,400,26560,77760,0,0,0,0,424,1200,0,0,0,565,5456
271,4,4,0,0,0,0,0,0,0,0,0,400,400,400,0,0,0,0,400,400,400,100.000000,12800,26560,48.192771,10,10,10,10,424,1224,0,24,400,26560,77760,0,0,0,0,424,1200,0,0,0,573,5456
272,4,4,0,0,0,0,0,0,0,0,0,400,400,400,0,0,0,0,400,400,400,100.000000,12800,26560,48.192771,10,10,10,10,424,1224,0,24,400,26560,77760,0,0,0,0,424,1200,0,0,0,581,5456
273,4,4,0,0,0,0,0,0,0,0,0,400,400,400,0,0,0,0,400,400,400,100.000000,12800,26560,48.192771,10,10,10,10,424,1224,0,24,400,26560,77760,0,0,0,0,424,1200,0,0,0,568,5456
274,4,4,0,0,0,0,0,0,0,0,0,400,400,400,0,0,0,0,400,400,400,100.000000,12800,26560,48.192771,10,10,10,10,424,1224,0,24,400,26560,77760,0,0,0,0,424,1200,0,0,0,577,5456
275,4,4,0,0,0,0,0,0,0,0,0,400,400,400,0,0,0,0,400,400,400,100.000000,12800,26560,48.192771,10,10,10,10,424,1224,0,24,400,26560,77760,0,0,0,0,424,1200,0,0,0,570,5456
276,4,4,0,0,0,0,0,0,0,0,0,400,400,400,0,0,0,0,400,400,400,100.000000,12800,26560,48.192771,10,10,10,10,424,1224,0,24,400,26560,77760,0,0,0,0,424,1200,0,0,0,563,5456
277,4,4,0,0,0,0,0,0,0,0,0,400,400,400,0,0,0,0,400,400,400,100.000000,12800,26560,48.192771,10,10,10,10,424,1224,0,24,400,26560,77760,0,0,0,0,424,1200,0,0,0,562,5456
278,4,4,0,0,0,0,0,0,0,0,0,400,400,400,0,0,0,0,400,400,400,100.000000,12800,26560,48.192771,10,10,10,10,424,1224,0,24,400,26560,77760,0,0,0,0,424,1200,0,0,0,569,5456
279,4,4,0,0,0,0,0,0,0,0,0,400,400,400,0,0,0,0,400,400,400,100.000000,12800,26560,48.192771,10,10,10,10,424,1224,0,24,400,26560,77760,0,0,0,0,424,1200,0,0,0,572,5456
280,4,4,0,0,0,0,0,0,0,0,0,400,400,400,0,0,0,0,400,400,400,100.000000,12800,26560,48.192771,10,10,10,10,424,1224,0,24,400,26560,77760,0,0,0,0,424,1200,0,0,0,558,5456
281,4,4,0,0,0,0,0,0,0,0,0,400,400,400,0,0,0,0,400,400,400,100.000000,12800,26560,48.192771,10,10,10,10,424,1224,0,24,400,26560,77760,0,0,0,0,424,1200,0,0,0,559,5456
282,4,4,0,0,0,0,0,0,0,0,0,400,400,400,0,0,0,0,400,400,400,100.000000,12800,26560,48.192771,10,10,10,10,424,1224,0,24,400,26560,77760,0,0,0,0,424,1200,0,0,0,565,5456
283,4,4,0,0,0,0,0,0,0,0,0,400,400,400,0,0,0,0,400,400,400,100.000000,12800,26560,48.192771,10,10,10,10,424,1224,0,24,400,26560,77760,0,0,0,0,424,1200,0,0,0,556,5456
284,4,4,0,0,0,0,0,0,0,0,0,400,400,400,0,0,0,0,400,400,400,100.000000,12800,26560,48.192771,10,10,10,10,424,1224,0,24,400,26560,77760,0,0,0,0,424,1200,0,0,0,575,5456
285,4,4,0,0,0,0,0,0,0,0,0,400,400,400,0,0,0,0,400,400,400,100.000000,12800,26560,48.192771,10,10,10,10,424,1224,0,24,400,26560,77760,0,0,0,0,424,1200,0,0,0,556,5456
286,4,4,0,0,0,0,0,0,0,0,0,400,400,400,0,0,0,0,400,400,400,100.000000,12800,26560,48.192771,10,10,10,10,424,1224,0,24,400,26560,77760,0,0,0,0,424,1200,0,0,0,564,5456
287,4,4,0,0,0,0,0,0,0,0,0,400,400,400,0,0,0,0,400,400,400,100.000000,12800,26560,48.192771,10,10,10,10,424,1224,0,24,400,26560,77760,0,0,0,0,424,1200,0,0,0,563,5456
288,4,4,0,0,0,0,0,0,0,0,0,400,400,400,0,0,0,0,400,400,400,100.000000,12800,26560,48.192771,10,10,10,10,424,1224,0,24,400,26560,77760,0,0,0,0,424,1200,0,0,0,571,5456
289,4,4,0,0,0,0,0,0,0,0,0,400,400,400,0,0,0,0,400,400,400,100.000000,12800,26560,48.192771,10,10,10,10,424,1224,0,24,400,26560,77760,0,0,0,0,424,1200,0,0,0,573,5456
290,4,4,0,0,0,0,0,0,0,0,0,400,400,400,0,0,0,0,400,400,400,100.000000,12800,26560,48.192771,10,10,10,10,424,1224,0,24,400,26560,77760,0,0,0,0,424,1200,0,0,0,573,5456
291,4,4,0,0,0,0,0,0,0,0,0,400,400,400,0,0,0,0,400,400,400,100.000000,12800,26560,48.192771,10,10,10,10,424,1224,0,24,400,26560,77760,0,0,0,0,424,1200,0,0,0,564,5456
292,4,4,0,0,0,0,0,0,0,0,0,400,400,400,0,0,0,0,400,400,400,100.000000,12800,26560,48.192771,10,10,10,10,424,1224,0,24,400,26560,77760,0,0,0,0,424,1200,0,0,0,561,5456
293,4,4,0,0,0,0,0,0,0,0,0,400,400,400,0,0,0,0,400,400,400,100.000000,12800,26560,48.192771,10,10,10,10,424,1224,0,24,400,26560,77760,0,0,0,0,424,1200,0,0,0,562,5456
294,4,4,0,0,0,0,0,0,0,0,0,400,400,400,0,0,0,0,400,400,400,100.000000,12800,26560,48.192771,10,10,10,10,424,1224,0,24,400,26560,77760,0,0,0,0,424,1200,0,0,0,548,5456
295,4,4,0,0,0,0,0,0,0,0,0,400,400,400,0,0,0,0,400,400,400,100.000000,12800,26560,48.192771,10,10,10,10,424,1224,0,24,400,26560,77760,0,0,0,0,424,1200,0,0,0,557,5456
296,4,4,0,0,0,0,0,0,0,0,0,400,400,400,0,0,0,0,400,400,400,100.000000,12800,26560,48.192771,10,10,10,10,424,1224,0,24,400,26560,77760,0,0,0,0,424,1200,0,0,0,582,5456
297,4,4,0,0,0,0,0,0,0,0,0,400,400,400,0,0,0,0,400,400,400,100.000000,12800,26560,48.192771,10,10,10,10,424,1224,0,24,400,26560,77760,0,0,0,0,424,1200,0,0,0,559,5456
298,4,4,0,0,0,0,0,0,0,0,0,400,400,400,0,0,0,0,400,400,400,100.000000,12800,26560,48.192771,10,10,10,10,424,1224,0,24,400,26560,77760,0,0,0,0,424,1200,0,0,0,554,5456
299,4,4,0,0,0,0,0,0,0,0,0,400,400,400,0,0,0,0,400,400,400,100.000000,12800,26560,48.192771,10,10,10,10,424,1224,0,24,400,26560,77760,0,0,0,0,424,1200,0,0,0,560,5456
300,4,4,0,0,0,0,0,0,0,0,0,400,400,400,0,0,0,0,400,400,400,100.000000,12800,26560,48.192771,10,10,10,10,424,1224,0,24,400,26560,77760,0,0,0,0,424,1200,0,0,0,576,5456
301,4,4,0,0,0,0,0,0,0,0,0,400,400,400,0,0,0,0,400,400,400,100.000000,12800,26560,48.192771,10,10,10,10,424,1224,0,24,400,26560,77760,0,0,0,0,424,1200,0,0,0,562,5456
302,4,4,0,0,0,0,0,0,0,0,0,400,400,400,0,0,0,0,400,400,400,100.000000,12800,26560,48.192771,10,10,10,10,424,1224,0,24,400,26560,77760,0,0,0,0,424,1200,0,0,0,566,5456
303,4,4,0,0,0,0,0,0,0,0,0,400,400,400,0,0,0,0,400,400,400,100.000000,12800,26560,48.192771,10,10,10,10,424,1224,0,24,400,26560,77760,0,0,0,0,424,1200,0,0,0,563,5456
304,4,4,0,0,0,0,0,0,0,0,0,400,400,400,0,0,0,0,400,400,400,100.000000,12800,26560,48.192771,10,10,10,10,424,1224,0,24,400,26560,77760,0,0,0,0,424,1200,0,0,0,565,5456
305,4,4,0,0,0,0,0,0,0,0,0,400,400,400,0,0,0,0,400,400,400,100.000000,12800,26560,48.192771,10,10,10,10,424,1224,0,24,400,26560,77760,0,0,0,0,424,1200,0,0,0,565,5456
306,4,4,0,0,0,0,0,0,0,0,0,400,400,400,0,0,0,0,400,400,400,100.000000,12800,26560,48.192771,10,10,10,10,424,1224,0,24,400,26560,77760,0,0,0,0,424,1200,0,0,0,560,5456
307,4,4,0,0,0,0,0,0,0,0,0,400,400,400,0,0,0,0,400,400,400,100.000000,12800,26560,48.192771,10,10,10,10,424,1224,0,24,400,26560,77760,0,0,0,0,424,1200,0,0,0,564,5456
308,4,4,0,0,0,0,0,0,0,0,0,400,400,400,0,0,0,0,400,400,400,100.000000,12800,26560,48.192771,10,10,10,10,424,1224,0,24,400,26560,77760,0,0,0,0,424,1200,0,0,0,573,5456
309,4,4,0,0,0,0,0,0,0,0,0,400,400,400,0,0,0,0,400,400,400,100.000000,12800,26560,48.192771,10,10,10,10,424,1224,0,24,400,26560,77760,0,0,0,0,424,1200,0,0,0,585,5456
310,4,4,0,0,0,0,0,0,0,0,0,400,400,400,0,0,0,0,400,400,400,100.000000,12800,26560,48.192771,10,10,10,10,424,1224,0,24,400,26560,77760,0,0,0,0,424,1200,0,0,0,560,5456
311,4,4,0,0,0,0,0,0,0,0,0,400,400,400,0,0,0,0,400,400,400,100.000000,12800,26560,48.192771,10,10,10,10,424,1224,0,24,400,26560,77760,0,0,0,0,424,1200,0,0,0,556,5456
312,4,4,0,0,0,0,0,0,0,0,0,400,400,400,0,0,0,0,400,400,400,100.000000,12800,26560,48.192771,10,10,10,10,424,1224,0,24,400,26560,77760,0,0,0,0,424,1200,0,0,0,563,5456
313,4,4,0,0,0,0,0,0,0,0,0,400,400,400,0,0,0,0,400,400,400,100.000000,12800,26560,48.192771,10,10,10,10,424,1224,0,24,400,26560,77760,0,0,0,0,424,1200,0,0,0,560,5456
314,4,4,0,0,0,0,0,0,0,0,0,400,400,400,0,0,0,0,400,400,400,100.000000,12800,26560,48.192771,10,10,10,10,424,1224,0,24,400,26560,77760,0,0,0,0,424,1200,0,0,0,560,5456
315,4,4,0,0,0,0,0,0,0,0,0,400,400,400,0,0,0,0,400,400,400,100.000000,12800,26560,48.192771,10,10,10,10,424,1224,0,24,400,26560,77760,0,0,0,0,424,1200,0,0,0,567,5456
316,4,4,0,0,0,0,0,0,0,0,0,400,400,400,0,0,0,0,400,400,400,100.000000,12800,26560,48.192771,10,10,10,10,424,1224,0,24,400,26560,77760,0,0,0,0,424,1200,0,0,0,570,5456
317,4,4,0,0,0,0,0,0,0,0,0,400,400,400,0,0,0,0,400,400,400,100.000000,12800,26560,48.192771,10,10,10,10,424,1224,0,24,400,26560,77760,0,0,0,0,424,1200,0,0,0,570,5456
318,4,4,0,0,0,0,0,0,0,0,0,400,400,400,0,0,0,0,400,400,400,100.000000,12800,26560,48.192771,10,10,10,10,424,1224,0,24,400,26560,77760,0,0,0,0,424,1200,0,0,0,570,5456
319,4,4,0,0,0,0,0,0,0,0,0,400,400,400,0,0,0,0,400,400,400,100.000000,12800,26560,48.192771,10,10,10,10,424,1224,0,24,400,26560,77760,0,0,0,0,424,1200,0,0,0,561,5456
320,4,4,0,0,0,0,0,0,0,0,0,400,400,400,0,0,0,0,400,400,400,100.000000,12800,26560,48.192771,10,10,10,10,424,1224,0,24,400,26560,77760,0,0,0,0,424,1200,0,0,0,566,5456
321,4,4,0,0,0,0,0,0,0,0,0,400,400,400,0,0,0,0,400,400,400,100.000000,12800,26560,48.192771,10,10,10,10,424,1224,0,24,400,26560,77760,0,0,0,0,424,1200,0,0,0,556,5456
322,4,4,0,0,0,0,0,0,0,0,0,400,400,400,0,0,0,0,400,400,400,100.000000,12800,26560,48.192771,10,10,10,10,424,1224,0,24,400,26560,77760,0,0,0,0,424,1200,0,0,0,570,5456
323,4,4,0,0,0,0,0,0,0,0,0,400,400,400,0,0,0,0,400,400,400,100.000000,12800,26560,48.192771,10,10,10,10,424,1224,0,24,400,26560,77760,0,0,0,0,424,1200,0,0,0,553,5456
324,4,4,0,0,0,0,0,0,0,0,0,400,400,400,0,0,0,0,400,400,400,100.000000,12800,26560,48.192771,10,10,10,10,424,1224,0,24,400,26560,77760,0,0,0,0,424,1200,0,0,0,560,5456
325,4,4,0,0,0,0,0,0,0,0,0,400,400,400,0,0,0,0,400,400,400,100.000000,12800,26560,48.192771,10,10,10,10,424,1224,0,24,400,26560,77760,0,0,0,0,424,1200,0,0,0,569,5456
326,4,4,0,0,0,0,0,0,0,0,0,400,400,400,0,0,0,0,400,400,400,100.000000,12800,26560,48.192771,10,10,10,10,424,1224,0,24,400,26560,77760,0,0,0,0,424,1200,0,0,0,560,5456
327,4,4,0,0,0,0,0,0,0,0,0,400,400,400,0,0,0,0,400,400,400,100.000000,12800,26560,48.192771,10,10,10,10,424,1224,0,24,400,26560,77760,0,0,0,0,424,1200,0,0,0,562,5456
328,4,4,0,0,0,0,0,0,0,0,0,400,400,400,0,0,0,0,400,400,400,100.000000,12800,26560,48.192771,10,10,10,10,424,1224,0,24,400,26560,77760,0,0,0,0,424,1200,0,0,0,574,5456
329,4,4,0,0,0,0,0,0,0,0,0,400,400,400,0,0,0,0,400,400,400,100.000000,12800,26560,48.192771,10,10,10,10,424,1224,0,24,400,26560,77760,0,0,0,0,424,1200,0,0,0,570,5456
330,4,4,0,0,0,0,0,0,0,0,0,400,400,400,0,0,0,0,400,400,400,100.000000,12800,26560,48.192771,10,10,10,10,424,1224,0,24,400,26560,77760,0,0,0,0,424,1200,0,0,0,578,5456
331,4,4,0,0,0,0,0,0,0,0,0,400,400,400,0,0,0,0,400,400,400,100.000000,12800,26560,48.192771,10,10,10,10,424,1224,0,24,400,26560,77760,0,0,0,0,424,1200,0,0,0,569,5456
332,4,4,0,0,0,0,0,0,0,0,0,400,400,400,0,0,0,0,400,400,400,100.000000,12800,26560,48.192771,10,10,10,10,424,1224,0,24,400,26560,77760,0,0,0,0,424,1200,0,0,0,579,5456
333,4,4,0,0,0,0,0,0,0,0,0,400,400,400,0,0,0,0,400,400,400,100.000000,12800,26560,48.192771,10,10,10,10,424,1224,0,24,400,26560,77760,0,0,0,0,424,1200,0,0,0,594,5456
334,4,4,0,0,0,0,0,0,0,0,0,400,400,400,0,0,0,0,400,400,400,100.000000,12800,26560,48.192771,10,10,10,10,424,1224,0,24,400,26560,77760,0,0,0,0,424,1200,0,0,0,569,5456
335,4,4,0,0,0,0,0,0,0,0,0,400,400,400,0,0,0,0,400,400,400,100.000000,12800,26560,48.192771,10,10,10,10,424,1224,0,24,400,26560,77760,0,0,0,0,424,1200,0,0,0,570,5456
336,4,4,0,0,0,0,0,0,0,0,0,400,400,400,0,0,0,0,400,400,400,100.000000,12800,26560,48.192771,10,10,10,10,424,1224,0,24,400,26560,77760,0,0,0,0,424,1200,0,0,0,604,5456
337,4,4,0,0,0,0,0,0,0,0,0,400,400,400,0,0,0,0,400,400,400,100.000000,12800,26560,48.192771,10,10,10,10,424,1224,0,24,400,26560,77760,0,0,0,0,424,1200,0,0,0,586,5456
338,4,4,0,0,0,0,0,0,0,0,0,400,400,400,0,0,0,0,400,400,400,100.000000,12800,26560,48.192771,10,10,10,10,424,1224,0,24,400,26560,77760,0,0,0,0,424,1200,0,0,0,579,5456
339,4,4,0,0,0,0,0,0,0,0,0,400,400,400,0,0,0,0,400,400,400,100.000000,12800,26560,48.192771,10,10,10,10,424,1224,0,24,400,26560,77760,0,0,0,0,424,1200,0,0,0,564,5456
340,4,4,0,0,0,0,0,0,0,0,0,400,400,400,0,0,0,0,400,400,400,100.000000,12800,26560,48.192771,10,10,10,10,424,1224,0,24,400,26560,77760,0,0,0,0,424,1200,0,0,0,574,5456
341,4,4,0,0,0,0,0,0,0,0,0,400,400,400,0,0,0,0,400,400,400,100.000000,12800,26560,48.192771,10,10,10,10,424,1224,0,24,400,26560,77760,0,0,0,0,424,1200,0,0,0,563,5456
342,1,1,0,0,0,0,0,0,0,0,0,400,400,400,0,0,0,0,400,400,400,100.000000,12800,25840,49.535604,10,10,10,10,406,6,0,6,400,25840,240,0,0,0,0,406,0,0,0,0,45,5456
343,1,1,0,0,0,0,0,0,0,0,0,400,400,400,0,0,0,0,400,400,400,100.000000,12800,25840,49.535604,10,10,10,10,406,6,0,6,400,25840,240,0,0,0,0,406,0,0,0,0,41,5456
344,1,1,0,0,0,0,0,0,0,0,0,400,400,400,0,0,0,0,400,400,400,100.000000,12800,25840,49.535604,10,10,10,10,406,6,0,6,400,25840,240,0,0,0,0,406,0,0,0,0,46,5456
345,1,1,0,0,0,0,0,0,0,0,0,400,400,400,0,0,0,0,400,400,400,100.000000,12800,25840,49.535604,10,10,10,10,406,6,0,6,400,25840,240,0,0,0,0,406,0,0,0,0,39,5456
346,1,1,0,0,0,0,0,0,0,0,0,400,400,400,0,0,0,0,400,400,400,100.000000,12800,25840,49.535604,10,10,10,10,406,6,0,6,400,25840,240,0,0,0,0,406,0,0,0,0,40,5456
347,1,1,0,0,0,0,0,0,0,0,0,400,400,400,0,0,0,0,400,400,400,100.000000,12800,25840,49.535604,10,10,10,10,406,6,0,6,400,25840,240,0,0,0,0,406,0,0,0,0,49,5456
348,1,1,0,0,0,0,0,0,0,0,0,400,400,400,0,0,0,0,400,400,400,100.000000,12800,25840,49.535604,10,10,10,10,406,6,0,6,400,25840,240,0,0,0,0,406,0,0,0,0,40,5456
349,1,1,0,0,0,0,0,0,0,0,0,400,400,400,0,0,0,0,400,400,400,100.000000,12800,25840,49.535604,10,10,10,10,406,6,0,6,400,25840,240,0,0,0,0,406,0,0,0,0,37,5456
350,1,1,0,0,0,0,0,0,0,0,0,400,400,400,0,0,0,0,400,400,400,100.000000,12800,25840,49.535604,10,10,10,10,406,6,0,6,400,25840,240,0,0,0,0,406,0,0,0,0,36,5456
351,1,1,0,0,0,0,0,0,0,0,0,400,400,400,0,0,0,0,400,400,400,100.000000,12800,25840,49.535604,10,10,10,10,406,6,0,6,400,25840,240,0,0,0,0,406,0,0,0,0,42,5456
352,1,1,0,0,0,0,0,0,0,0,0,400,400,400,0,0,0,0,400,400,400,100.000000,12800,25840,49.535604,10,10,10,10,406,6,0,6,400,25840,240,0,0,0,0,406,0,0,0,0,40,5456
353,1,1,0,0,0,0,0,0,0,0,0,400,400,400,0,0,0,0,400,400,400,100.000000,12800,25840,49.535604,10,10,10,10,406,6,0,6,400,25840,240,0,0,0,0,406,0,0,0,0,39,5456
354,1,1,0,0,0,0,0,0,0,0,0,400,400,400,0,0,0,0,400,400,400,100.000000,12800,25840,49.535604,10,10,10,10,406,6,0,6,400,25840,240,0,0,0,0,406,0,0,0,0,39,5456
355,1,1,0,0,0,0,0,0,0,0,0,400,400,400,0,0,0,0,400,400,400,100.000000,12800,25840,49.535604,10,10,10,10,406,6,0,6,400,25840,240,0,0,0,0,406,0,0,0,0,34,5456
356,1,1,0,0,0,0,0,0,0,0,0,400,400,400,0,0,0,0,400,400,400,100.000000,12800,25840,49.535604,10,10,10,10,406,6,0,6,400,25840,240,0,0,0,0,406,0,0,0,0,42,5456
357,1,1,0,0,0,0,0,0,0,0,0,400,400,400,0,0,0,0,400,400,400,100.000000,12800,25840,49.535604,10,10,10,10,406,6,0,6,400,25840,240,0,0,0,0,406,0,0,0,0,33,5456
358,1,1,0,0,0,0,0,0,0,0,0,400,400,400,0,0,0,0,400,400,400,100.000000,12800,25840,49.535604,10,10,10,10,406,6,0,6,400,25840,240,0,0,0,0,406,0,0,0,0,43,5456
359,1,1,0,0,0,0,0,0,0,0,0,400,400,400,0,0,0,0,400,400,400,100.000000,12800,25840,49.535604,10,10,10,10,406,6,0,6,400,25840,240,0,0,0,0,406,0,0,0,0,44,5456
360,1,1,0,0,0,0,0,0,0,0,0,400,400,400,0,0,0,0,400,400,400,100.000000,12800,25840,49.535604,10,10,10,10,406,6,0,6,400,25840,240,0,0,0,0,406,0,0,0,0,52,5456
361,1,1,0,0,0,0,0,0,0,0,0,400,400,400,0,0,0,0,400,400,400,100.000000,12800,25840,49.535604,10,10,10,10,406,6,0,6,400,25840,240,0,0,0,0,406,0,0,0,0,40,5456
362,1,1,0,0,0,0,0,0,0,0,0,400,400,400,0,0,0,0,400,400,400,100.000000,12800,25840,49.535604,10,10,10,10,406,6,0,6,400,25840,240,0,0,0,0,406,0,0,0,0,39,5456
363,1,1,0,0,0,0,0,0,0,0,0,400,400,400,0,0,0,0,400,400,400,100.000000,12800,25840,49.535604,10,10,10,10,406,6,0,6,400,25840,240,0,0,0,0,406,0,0,0,0,45,5456
364,1,1,0,0,0,0,0,0,0,0,0,400,400,400,0,0,0,0,400,400,400,100.000000,12800,25840,49.535604,10,10,10,10,406,6,0,6,400,25840,240,0,0,0,0,406,0,0,0,0,41,5456
365,1,1,0,0,0,0,0,0,0,0,0,400,400,400,0,0,0,0,400,400,400,100.000000,12800,25840,49.535604,10,10,10,10,406,6,0,6,400,25840,240,0,0,0,0,406,0,0,0,0,44,5456
366,1,1,0,0,0,0,0,0,0,0,0,400,400,400,0,0,0,0,400,400,400,100.000000,12800,25840,49.535604,10,10,10,10,406,6,0,6,400,25840,240,0,0,0,0,406,0,0,0,0,42,5456
367,1,1,0,0,0,0,0,0,0,0,0,400,400,400,0,0,0,0,400,400,400,100.000000,12800,25840,49.535604,10,10,10,10,406,6,0,6,400,25840,240,0,0,0,0,406,0,0,0,0,47,5456
368,1,1,0,0,0,0,0,0,0,0,0,400,400,400,0,0,0,0,400,400,400,100.000000,12800,25840,49.535604,10,10,10,10,406,6,0,6,400,25840,240,0,0,0,0,406,0,0,0,0,47,5456
369,1,1,0,0,0,0,0,0,0,0,0,400,400,400,0,0,0,0,400,400,400,100.000000,12800,25840,49.535604,10,10,10,10,406,6,0,6,400,25840,240,0,0,0,0,406,0,0,0,0,42,5456
370,1,1,0,0,0,0,0,0,0,0,0,400,400,400,0,0,0,0,400,400,400,100.000000,12800,25840,49.535604,10,10,10,10,406,6,0,6,400,25840,240,0,0,0,0,406,0,0,0,0,43,5456
371,1,1,0,0,0,0,0,0,0,0,0,400,400,400,0,0,0,0,400,400,400,100.000000,12800,25840,49.535604,10,10,10,10,406,6,0,6,400,25840,240,0,0,0,0,406,0,0,0,0,41,5456
372,1,1,0,0,0,0,0,0,0,0,0,400,400,400,0,0,0,0,400,400,400,100.000000,12800,25840,49.535604,10,10,10,10,406,6,0,6,400,25840,240,0,0,0,0,406,0,0,0,0,42,5456
373,1,1,0,0,0,0,0,0,0,0,0,400,400,400,0,0,0,0,400,400,400,100.000000,12800,25840,49.535604,10,10,10,10,406,6,0,6,400,25840,240,0,0,0,0,406,0,0,0,0,40,5456
374,1,1,0,0,0,0,0,0,0,0,0,400,400,400,0,0,0,0,400,400,400,100.000000,12800,25840,49.535604,10,10,10,10,406,6,0,6,400,25840,240,0,0,0,0,406,0,0,0,0,45,5456
375,1,1,0,0,0,0,0,0,0,0,0,400,400,400,0,0,0,0,400,400,400,100.000000,12800,25840,49.535604,10,10,10,10,406,6,0,6,400,25840,240,0,0,0,0,406,0,0,0,0,43,5456
376,1,1,0,0,0,0,0,0,0,0,0,400,400,400,0,0,0,0,400,400,400,100.000000,12800,25840,49.535604,10,10,10,10,406,6,0,6,400,25840,240,0,0,0,0,406,0,0,0,0,43,5456
377,1,1,0,0,0,0,0,0,0,0,0,400,400,400,0,0,0,0,400,400,400,100.000000,12800,25840,49.535604,10,10,10,10,406,6,0,6,400,25840,240,0,0,0,0,406,0,0,0,0,44,5456
378,1,1,0,0,0,0,0,0,0,0,0,400,400,400,0,0,0,0,400,400,400,100.000000,12800,25840,49.535604,10,10,10,10,406,6,0,6,400,25840,240,0,0,0,0,406,0,0,0,0,43,5456
379,1,1,0,0,0,0,0,0,0,0,0,400,400,400,0,0,0,0,400,400,400,100.000000,12800,25840,49.535604,10,10,10,10,406,6,0,6,400,25840,240,0,0,0,0,406,0,0,0,0,47,5456
380,1,1,0,0,0,0,0,0,0,0,0,400,400,400,0,0,0,0,400,400,400,100.000000,12800,25840,49.535604,10,10,10,10,406,6,0,6,400,25840,240,0,0,0,0,406,0,0,0,0,40,5456
381,1,1,0,0,0,0,0,0,0,0,0,400,400,400,0,0,0,0,400,400,400,100.000000,12800,25840,49.535604,10,10,10,10,406,6,0,6,400,25840,240,0,0,0,0,406,0,0,0,0,38,5456
382,1,1,0,0,0,0,0,0,0,0,0,400,400,400,0,0,0,0,400,400,400,100.000000,12800,25840,49.535604,10,10,10,10,406,6,0,6,400,25840,240,0,0,0,0,406,0,0,0,0,43,5456
383,1,1,0,0,0,0,0,0,0,0,0,400,400,400,0,0,0,0,400,400,400,100.000000,12800,25840,49.535604,10,10,10,10,406,6,0,6,400,25840,240,0,0,0,0,406,0,0,0,0,46,5456
384,1,1,0,0,0,0,0,0,0,0,0,400,400,400,0,0,0,0,400,400,400,100.000000,12800,25840,49.535604,10,10,10,10,406,6,0,6,400,25840,240,0,0,0,0,406,0,0,0,0,41,5456
385,1,1,0,0,0,0,0,0,0,0,0,400,400,400,0,0,0,0,400,400,400,100.000000,12800,25840,49.535604,10,10,10,10,406,6,0,6,400,25840,240,0,0,0,0,406,0,0,0,0,38,5456
386,1,1,0,0,0,0,0,0,0,0,0,400,400,400,0,0,0,0,400,400,400,100.000000,12800,25840,49.535604,10,10,10,10,406,6,0,6,400,25840,240,0,0,0,0,406,0,0,0,0,43,5456
387,1,1,0,0,0,0,0,0,0,0,0,400,400,400,0,0,0,0,400,400,400,100.000000,12800,25840,49.535604,10,10,10,10,406,6,0,6,400,25840,240,0,0,0,0,406,0,0,0,0,45,5456
388,1,1,0,0,0,0,0,0,0,0,0,400,400,400,0,0,0,0,400,400,400,100.000000,12800,25840,49.535604,10,10,10,10,406,6,0,6,400,25840,240,0,0,0,0,406,0,0,0,0,45,5456
389,1,1,0,0,0,0,0,0,0,0,0,400,400,400,0,0,0,0,400,400,400,100.000000,12800,25840,49.535604,10,10,10,10,406,6,0,6,400,25840,240,0,0,0,0,406,0,0,0,0,45,5456
390,1,1,0,0,0,0,0,0,0,0,0,400,400,400,0,0,0,0,400,400,400,100.000000,12800,25840,49.535604,10,10,10,10,406,6,0,6,400,25840,240,0,0,0,0,406,0,0,0,0,44,5456
391,1,1,0,0,0,0,0,0,0,0,0,400,400,400,0,0,0,0,400,400,400,100.000000,12800,25840,49.535604,10,10,10,10,406,6,0,6,400,25840,240,0,0,0,0,406,0,0,0,0,42,5456
392,1,1,0,0,0,0,0,0,0,0,0,400,400,400,0,0,0,0,400,400,400,100.000000,12800,25840,49.535604,10,10,10,10,406,6,0,6,400,25840,240,0,0,0,0,406,0,0,0,0,44,5456
393,1,1,0,0,0,0,0,0,0,0,0,400,400,400,0,0,0,0,400,400,400,100.000000,12800,25840,49.535604,10,10,10,10,406,6,0,6,400,25840,240,0,0,0,0,406,0,0,0,0,42,5456
394,1,1,0,0,0,0,0,0,0,0,0,400,400,400,0,0,0,0,400,400,400,100.000000,12800,25840,49.535604,10,10,10,10,406,6,0,6,400,25840,240,0,0,0,0,406,0,0,0,0,39,5456
395,1,1,0,0,0,0,0,0,0,0,0,400,400,400,0,0,0,0,400,400,400,100.000000,12800,25840,49.535604,10,10,10,10,406,6,0,6,400,25840,240,0,0,0,0,406,0,0,0,0,39,5456
396,1,1,0,0,0,0,0,0,0,0,0,400,400,400,0,0,0,0,400,400,400,100.000000,12800,25840,49.535604,10,10,10,10,406,6,0,6,400,25840,240,0,0,0,0,406,0,0,0,0,40,5456
397,1,1,0,0,0,0,0,0,0,0,0,400,400,400,0,0,0,0,400,400,400,100.000000,12800,25840,49.535604,10,10,10,10,406,6,0,6,400,25840,240,0,0,0,0,406,0,0,0,0,36,5456
398,1,1,0,0,0,0,0,0,0,0,0,400,400,400,0,0,0,0,400,400,400,100.000000,12800,25840,49.535604,10,10,10,10,406,6,0,6,400,25840,240,0,0,0,0,406,0,0,0,0,45,5456
399,1,1,0,0,0,0,0,0,0,0,0,400,400,400,0,0,0,0,400,400,400,100.000000,12800,25840,49.535604,10,10,10,10,406,6,0,6,400,25840,240,0,0,0,0,406,0,0,0,0,42,5456
400,1,1,0,0,0,0,0,0,0,0,0,400,400,400,0,0,0,0,400,400,400,100.000000,12800,25840,49.535604,10,10,10,10,406,6,0,6,400,25840,240,0,0,0,0,406,0,0,0,0,44,5456
401,1,1,0,0,0,0,0,0,0,0,0,400,400,400,0,0,0,0,400,400,400,100.000000,12800,25840,49.535604,10,10,10,10,406,6,0,6,400,25840,240,0,0,0,0,406,0,0,0,0,40,5456
402,1,1,0,0,0,0,0,0,0,0,0,400,400,400,0,0,0,0,400,400,400,100.000000,12800,25840,49.535604,10,10,10,10,406,6,0,6,400,25840,240,0,0,0,0,406,0,0,0,0,39,5456
403,1,1,0,0,0,0,0,0,0,0,0,400,400,400,0,0,0,0,400,400,400,100.000000,12800,25840,49.535604,10,10,10,10,406,6,0,6,400,25840,240,0,0,0,0,406,0,0,0,0,50,5456
404,1,1,0,0,0,0,0,0,0,0,0,400,400,400,0,0,0,0,400,400,400,100.000000,12800,25840,49.535604,10,10,10,10,406,6,0,6,400,25840,240,0,0,0,0,406,0,0,0,0,40,5456
405,1,1,0,0,0,0,0,0,0,0,0,400,400,400,0,0,0,0,400,400,400,100.000000,12800,25840,49.535604,10,10,10,10,406,6,0,6,400,25840,240,0,0,0,0,406,0,0,0,0,36,5456
406,1,1,0,0,0,0,0,0,0,0,0,400,400,400,0,0,0,0,400,400,400,100.000000,12800,25840,49.535604,10,10,10,10,406,6,0,6,400,25840,240,0,0,0,0,406,0,0,0,0,36,5456
407,1,1,0,0,0,0,0,0,0,0,0,400,400,400,0,0,0,0,400,400,400,100.000000,12800,25840,49.535604,10,10,10,10,406,6,0,6,400,25840,240,0,0,0,0,406,0,0,0,0,40,5456
408,1,1,0,0,0,0,0,0,0,0,0,400,400,400,0,0,0,0,400,400,400,100.000000,12800,25840,49.535604,10,10,10,10,406,6,0,6,400,25840,240,0,0,0,0,406,0,0,0,0,44,5456
409,1,1,0,0,0,0,0,0,0,0,0,400,400,400,0,0,0,0,400,400,400,100.000000,12800,25840,49.535604,10,10,10,10,406,6,0,6,400,25840,240,0,0,0,0,406,0,0,0,0,38,5456
410,1,1,0,0,0,0,0,0,0,0,0,400,400,400,0,0,0,0,400,400,400,100.000000,12800,25840,49.535604,10,10,10,10,406,6,0,6,400,25840,240,0,0,0,0,406,0,0,0,0,38,5456
411,1,1,0,0,0,0,0,0,0,0,0,400,400,400,0,0,0,0,400,400,400,100.000000,12800,25840,49.535604,10,10,10,10,406,6,0,6,400,25840,240,0,0,0,0,406,0,0,0,0,38,5456
412,1,1,0,0,0,0,0,0,0,0,0,400,400,400,0,0,0,0,400,400,400,100.000000,12800,25840,49.535604,10,10,10,10,406,6,0,6,400,25840,240,0,0,0,0,406,0,0,0,0,40,5456
413,1,1,0,0,0,0,0,0,0,0,0,400,400,400,0,0,0,0,400,400,400,100.000000,12800,25840,49.535604,10,10,10,10,406,6,0,6,400,25840,240,0,0,0,0,406,0,0,0,0,37,5456
414,1,1,0,0,0,0,0,0,0,0,0,400,400,400,0,0,0,0,400,400,400,100.000000,12800,25840,49.535604,10,10,10,10,406,6,0,6,400,25840,240,0,0,0,0,406,0,0,0,0,46,5456
415,1,1,0,0,0,0,0,0,0,0,0,400,400,400,0,0,0,0,400,400,400,100.000000,12800,25840,49.535604,10,10,10,10,406,6,0,6,400,25840,240,0,0,0,0,406,0,0,0,0,45,5456
416,1,1,0,0,0,0,0,0,0,0,0,400,400,400,0,0,0,0,400,400,400,100.000000,12800,25840,49.535604,10,10,10,10,406,6,0,6,400,25840,240,0,0,0,0,406,0,0,0,0,42,5456
417,1,1,0,0,0,0,0,0,0,0,0,400,400,400,0,0,0,0,400,400,400,100.000000,12800,25840,49.535604,10,10,10,10,406,6,0,6,400,25840,240,0,0,0,0,406,0,0,0,0,45,5456
418,1,1,0,0,0,0,0,0,0,0,0,400,400,400,0,0,0,0,400,400,400,100.000000,12800,25840,49.535604,10,10,10,10,406,6,0,6,400,25840,240,0,0,0,0,406,0,0,0,0,44,5456
419,1,1,0,0,0,0,0,0,0,0,0,400,400,400,0,0,0,0,400,400,400,100.000000,12800,25840,49.535604,10,10,10,10,406,6,0,6,400,25840,240,0,0,0,0,406,0,0,0,0,41,5456
420,1,1,0,0,0,0,0,0,0,0,0,400,400,400,0,0,0,0,400,400,400,100.000000,12800,25840,49.535604,10,10,10,10,406,6,0,6,400,25840,240,0,0,0,0,406,0,0,0,0,42,5456
421,1,1,0,0,0,0,0,0,0,0,0,400,400,400,0,0,0,0,400,400,400,100.000000,12800,25840,49.535604,10,10,10,10,406,6,0,6,400,25840,240,0,0,0,0,406,0,0,0,0,40,5456
422,1,1,0,0,0,0,0,0,0,0,0,400,400,400,0,0,0,0,400,400,400,100.000000,12800,25840,49.535604,10,10,10,10,406,6,0,6,400,25840,240,0,0,0,0,406,0,0,0,0,42,5456
423,1,1,0,0,0,0,0,0,0,0,0,400,400,400,0,0,0,0,400,400,400,100.000000,12800,25840,49.535604,10,10,10,10,406,6,0,6,400,25840,240,0,0,0,0,406,0,0,0,0,45,5456
424,1,1,0,0,0,0,0,0,0,0,0,400,400,400,0,0,0,0,400,400,400,100.000000,12800,25840,49.535604,10,10,10,10,406,6,0,6,400,25840,240,0,0,0,0,406,0,0,0,0,40,5456
425,1,1,0,0,0,0,0,0,0,0,0,400,400,400,0,0,0,0,400,400,400,100.000000,12800,25840,49.535604,10,10,10,10,406,6,0,6,400,25840,240,0,0,0,0,406,0,0,0,0,39,5456
426,1,1,0,0,0,0,0,0,0,0,0,400,400,400,0,0,0,0,400,400,400,100.000000,12800,25840,49.535604,10,10,10,10,406,6,0,6,400,25840,240,0,0,0,0,406,0,0,0,0,35,5456
427,1,1,0,0,0,0,0,0,0,0,0,400,400,400,0,0,0,0,400,400,400,100.000000,12800,25840,49.535604,10,10,10,10,406,6,0,6,400,25840,240,0,0,0,0,406,0,0,0,0,41,5456
428,1,1,0,0,0,0,0,0,0,0,0,400,400,400,0,0,0,0,400,400,400,100.000000,12800,25840,49.535604,10,10,10,10,406,6,0,6,400,25840,240,0,0,0,0,406,0,0,0,0,46,5456
429,1,1,0,0,0,0,0,0,0,0,0,400,400,400,0,0,0,0,400,400,400,100.000000,12800,25840,49.535604,10,10,10,10,406,6,0,6,400,25840,240,0,0,0,0,406,0,0,0,0,32,5456
430,1,1,0,0,0,0,0,0,0,0,0,400,400,400,0,0,0,0,400,400,400,100.000000,12800,25840,49.535604,10,10,10,10,406,6,0,6,400,25840,240,0,0,0,0,406,0,0,0,0,39,5456
431,1,1,0,0,0,0,0,0,0,0,0,400,400,400,0,0,0,0,400,400,400,100.000000,12800,25840,49.535604,10,10,10,10,406,6,0,6,400,25840,240,0,0,0,0,406,0,0,0,0,43,5456
432,1,1,0,0,0,0,0,0,0,0,0,400,400,400,0,0,0,0,400,400,400,100.000000,12800,25840,49.535604,10,10,10,10,406,6,0,6,400,25840,240,0,0,0,0,406,0,0,0,0,46,5456
433,1,1,0,0,0,0,0,0,0,0,0,400,400,400,0,0,0,0,400,400,400,100.000000,12800,25840,49.535604,10,10,10,10,406,6,0,6,400,25840,240,0,0,0,0,406,0,0,0,0,42,5456
434,1,1,0,0,0,0,0,0,0,0,0,400,400,400,0,0,0,0,400,400,400,100.000000,12800,25840,49.535604,10,10,10,10,406,6,0,6,400,25840,240,0,0,0,0,406,0,0,0,0,39,5456
435,1,1,0,0,0,0,0,0,0,0,0,400,400,400,0,0,0,0,400,400,400,100.000000,12800,25840,49.535604,10,10,10,10,406,6,0,6,400,25840,240,0,0,0,0,406,0,0,0,0,44,5456
436,1,1,0,0,0,0,0,0,0,0,0,400,400,400,0,0,0,0,400,400,400,100.000000,12800,25840,49.535604,10,10,10,10,406,6,0,6,400,25840,240,0,0,0,0,406,0,0,0,0,37,5456
437,1,1,0,0,0,0,0,0,0,0,0,400,400,400,0,0,0,0,400,400,400,100.000000,12800,25840,49.535604,10,10,10,10,406,6,0,6,400,25840,240,0,0,0,0,406,0,0,0,0,41,5456
438,1,1,0,0,0,0,0,0,0,0,0,400,400,400,0,0,0,0,400,400,400,100.000000,12800,25840,49.535604,10,10,10,10,406,6,0,6,400,25840,240,0,0,0,0,406,0,0,0,0,43,5456
439,1,1,0,0,0,0,0,0,0,0,0,400,400,400,0,0,0,0,400,400,400,100.000000,12800,25840,49.535604,10,10,10,10,406,6,0,6,400,25840,240,0,0,0,0,406,0,0,0,0,45,5456
440,1,1,0,0,0,0,0,0,0,0,0,400,400,400,0,0,0,0,400,400,400,100.000000,12800,25840,49.535604,10,10,10,10,406,6,0,6,400,25840,240,0,0,0,0,406,0,0,0,0,50,5456
441,1,1,0,0,0,0,0,0,0,0,0,400,400,400,0,0,0,0,400,400,400,100.000000,12800,25840,49.535604,10,10,10,10,406,6,0,6,400,25840,240,0,0,0,0,406,0,0,0,0,39,5456
442,1,1,0,0,0,0,0,0,0,0,0,400,400,400,0,0,0,0,400,400,400,100.000000,12800,25840,49.535604,10,10,10,10,406,6,0,6,400,25840,240,0,0,0,0,406,0,0,0,0,42,5456
443,1,1,0,0,0,0,0,0,0,0,0,400,400,400,0,0,0,0,400,400,400,100.000000,12800,25840,49.535604,10,10,10,10,406,6,0,6,400,25840,240,0,0,0,0,406,0,0,0,0,43,5456
444,1,1,0,0,0,0,0,0,0,0,0,400,400,400,0,0,0,0,400,400,400,100.000000,12800,25840,49.535604,10,10,10,10,406,6,0,6,400,25840,240,0,0,0,0,406,0,0,0,0,46,5456
445,1,1,0,0,0,0,0,0,0,0,0,400,400,400,0,0,0,0,400,400,400,100.000000,12800,25840,49.535604,10,10,10,10,406,6,0,6,400,25840,240,0,0,0,0,406,0,0,0,0,36,5456
446,1,1,0,0,0,0,0,0,0,0,0,400,400,400,0,0,0,0,400,400,400,100.000000,12800,25840,49.535604,10,10,10,10,406,6,0,6,400,25840,240,0,0,0,0,406,0,0,0,0,36,5456
447,1,1,0,0,0,0,0,0,0,0,0,400,400,400,0,0,0,0,400,400,400,100.000000,12800,25840,49.535604,10,10,10,10,406,6,0,6,400,25840,240,0,0,0,0,406,0,0,0,0,41,5456
448,1,1,0,0,0,0,0,0,0,0,0,400,400,400,0,0,0,0,400,400,400,100.000000,12800,25840,49.535604,10,10,10,10,406,6,0,6,400,25840,240,0,0,0,0,406,0,0,0,0,46,5456
449,1,1,0,0,0,0,0,0,0,0,0,400,400,400,0,0,0,0,400,400,400,100.000000,12800,25840,49.535604,10,10,10,10,406,6,0,6,400,25840,240,0,0,0,0,406,0,0,0,0,49,5456
450,1,1,0,0,0,0,0,0,0,0,0,400,400,400,0,0,0,0,400,400,400,100.000000,12800,25840,49.535604,10,10,10,10,406,6,0,6,400,25840,240,0,0,0,0,406,0,0,0,0,43,5456
451,1,1,0,0,0,0,0,0,0,0,0,400,400,400,0,0,0,0,400,400,400,100.000000,12800,25840,49.535604,10,10,10,10,406,6,0,6,400,25840,240,0,0,0,0,406,0,0,0,0,47,5456
452,1,1,0,0,0,0,0,0,0,0,0,400,400,400,0,0,0,0,400,400,400,100.000000,12800,25840,49.535604,10,10,10,10,406,6,0,6,400,25840,240,0,0,0,0,406,0,0,0,0,49,5456
453,1,1,0,0,0,0,0,0,0,0,0,400,400,400,0,0,0,0,400,400,400,100.000000,12800,25840,49.535604,10,10,10,10,406,6,0,6,400,25840,240,0,0,0,0,406,0,0,0,0,39,5456
454,1,1,0,0,0,0,0,0,0,0,0,400,400,400,0,0,0,0,400,400,400,100.000000,12800,25840,49.535604,10,10,10,10,406,6,0,6,400,25840,240,0,0,0,0,406,0,0,0,0,51,5456
455,1,1,0,0,0,0,0,0,0,0,0,400,400,400,0,0,0,0,400,400,400,100.000000,12800,25840,49.535604,10,10,10,10,406,6,0,6,400,25840,240,0,0,0,0,406,0,0,0,0,48,5456
456,1,1,0,0,0,0,0,0,0,0,0,400,400,400,0,0,0,0,400,400,400,100.000000,12800,25840,49.535604,10,10,10,10,406,6,0,6,400,25840,240,0,0,0,0,406,0,0,0,0,44,5456
457,1,1,0,0,0,0,0,0,0,0,0,400,400,400,0,0,0,0,400,400,400,100.000000,12800,25840,49.535604,10,10,10,10,406,6,0,6,400,25840,240,0,0,0,0,406,0,0,0,0,49,5456
458,1,1,0,0,0,0,0,0,0,0,0,400,400,400,0,0,0,0,400,400,400,100.000000,12800,25840,49.535604,10,10,10,10,406,6,0,6,400,25840,240,0,0,0,0,406,0,0,0,0,47,5456
459,1,1,0,0,0,0,0,0,0,0,0,400,400,400,0,0,0,0,400,400,400,100.000000,12800,25840,49.535604,10,10,10,10,406,6,0,6,400,25840,240,0,0,0,0,406,0,0,0,0,47,5456
460,1,1,0,0,0,0,0,0,0,0,0,400,400,400,0,0,0,0,400,400,400,100.000000,12800,25840,49.535604,10,10,10,10,406,6,0,6,400,25840,240,0,0,0,0,406,0,0,0,0,44,5456
461,1,1,0,0,0,0,0,0,0,0,0,400,400,400,0,0,0,0,400,400,400,100.000000,12800,25840,49.535604,10,10,10,10,406,6,0,6,400,25840,240,0,0,0,0,406,0,0,0,0,42,5456
462,1,1,0,0,0,0,0,0,0,0,0,400,400,400,0,0,0,0,400,400,400,100.000000,12800,25840,49.535604,10,10,10,10,406,6,0,6,400,25840,240,0,0,0,0,406,0,0,0,0,43,5456
463,1,1,0,0,0,0,0,0,0,0,0,400,400,400,0,0,0,0,400,400,400,100.000000,12800,25840,49.535604,10,10,10,10,406,6,0,6,400,25840,240,0,0,0,0,406,0,0,0,0,45,5456
464,1,1,0,0,0,0,0,0,0,0,0,400,400,400,0,0,0,0,400,400,400,100.000000,12800,25840,49.535604,10,10,10,10,406,6,0,6,400,25840,240,0,0,0,0,406,0,0,0,0,48,5456
465,1,1,0,0,0,0,0,0,0,0,0,400,400,400,0,0,0,0,400,400,400,100.000000,12800,25840,49.535604,10,10,10,10,406,6,0,6,400,25840,240,0,0,0,0,406,0,0,0,0,44,5456
466,1,1,0,0,0,0,0,0,0,0,0,400,400,400,0,0,0,0,400,400,400,100.000000,12800,25840,49.535604,10,10,10,10,406,6,0,6,400,25840,240,0,0,0,0,406,0,0,0,0,45,5456
467,1,1,0,0,0,0,0,0,0,0,0,400,400,400,0,0,0,0,400,400,400,100.000000,12800,25840,49.535604,10,10,10,10,406,6,0,6,400,25840,240,0,0,0,0,406,0,0,0,0,49,5456
468,1,1,0,0,0,0,0,0,0,0,0,400,400,400,0,0,0,0,400,400,400,100.000000,12800,25840,49.535604,10,10,10,10,406,6,0,6,400,25840,240,0,0,0,0,406,0,0,0,0,49,5456
469,1,1,0,0,0,0,0,0,0,0,0,400,400,400,0,0,0,0,400,400,400,100.000000,12800,25840,49.535604,10,10,10,10,406,6,0,6,400,25840,240,0,0,0,0,406,0,0,0,0,47,5456
470,1,1,0,0,0,0,0,0,0,0,0,400,400,400,0,0,0,0,400,400,400,100.000000,12800,25840,49.535604,10,10,10,10,406,6,0,6,400,25840,240,0,0,0,0,406,0,0,0,0,46,5456
471,1,1,0,0,0,0,0,0,0,0,0,400,400,400,0,0,0,0,400,400,400,100.000000,12800,25840,49.535604,10,10,10,10,406,6,0,6,400,25840,240,0,0,0,0,406,0,0,0,0,49,5456
472,1,1,0,0,0,0,0,0,0,0,0,400,400,400,0,0,0,0,400,400,400,100.000000,12800,25840,49.535604,10,10,10,10,406,6,0,6,400,25840,240,0,0,0,0,406,0,0,0,0,45,5456
473,1,1,0,0,0,0,0,0,0,0,0,400,400,400,0,0,0,0,400,400,400,100.000000,12800,25840,49.535604,10,10,10,10,406,6,0,6,400,25840,240,0,0,0,0,406,0,0,0,0,36,5456
474,1,1,0,0,0,0,0,0,0,0,0,400,400,400,0,0,0,0,400,400,400,100.000000,12800,25840,49.535604,10,10,10,10,406,6,0,6,400,25840,240,0,0,0,0,406,0,0,0,0,34,5456
475,1,1,0,0,0,0,0,0,0,0,0,400,400,400,0,0,0,0,400,400,400,100.000000,12800,25840,49.535604,10,10,10,10,406,6,0,6,400,25840,240,0,0,0,0,406,0,0,0,0,43,5456
476,1,1,0,0,0,0,0,0,0,0,0,400,400,400,0,0,0,0,400,400,400,100.000000,12800,25840,49.535604,10,10,10,10,406,6,0,6,400,25840,240,0,0,0,0,406,0,0,0,0,39,5456
477,1,1,0,0,0,0,0,0,0,0,0,400,400,400,0,0,0,0,400,400,400,100.000000,12800,25840,49.535604,10,10,10,10,406,6,0,6,400,25840,240,0,0,0,0,406,0,0,0,0,37,5456
478,1,1,0,0,0,0,0,0,0,0,0,400,400,400,0,0,0,0,400,400,400,100.000000,12800,25840,49.535604,10,10,10,10,406,6,0,6,400,25840,240,0,0,0,0,406,0,0,0,0,33,5456
479,1,1,0,0,0,0,0,0,0,0,0,400,400,400,0,0,0,0,400,400,400,100.000000,12800,25840,49.535604,10,10,10,10,406,6,0,6,400,25840,240,0,0,0,0,406,0,0,0,0,33,5456
480,1,1,0,0,0,0,0,0,0,0,0,400,400,400,0,0,0,0,400,400,400,100.000000,12800,25840,49.535604,10,10,10,10,406,6,0,6,400,25840,240,0,0,0,0,406,0,0,0,0,43,5456
481,1,1,0,0,0,0,0,0,0,0,0,400,400,400,0,0,0,0,400,400,400,100.000000,12800,25840,49.535604,10,10,10,10,406,6,0,6,400,25840,240,0,0,0,0,406,0,0,0,0,35,5456
482,1,1,0,0,0,0,0,0,0,0,0,400,400,400,0,0,0,0,400,400,400,100.000000,12800,25840,49.535604,10,10,10,10,406,6,0,6,400,25840,240,0,0,0,0,406,0,0,0,0,38,5456
483,1,1,0,0,0,0,0,0,0,0,0,400,400,400,0,0,0,0,400,400,400,100.000000,12800,25840,49.535604,10,10,10,10,406,6,0,6,400,25840,240,0,0,0,0,406,0,0,0,0,38,5456
484,1,1,0,0,0,0,0,0,0,0,0,400,400,400,0,0,0,0,400,400,400,100.000000,12800,25840,49.535604,10,10,10,10,406,6,0,6,400,25840,240,0,0,0,0,406,0,0,0,0,40,5456
485,1,1,0,0,0,0,0,0,0,0,0,400,400,400,0,0,0,0,400,400,400,100.000000,12800,25840,49.535604,10,10,10,10,406,6,0,6,400,25840,240,0,0,0,0,406,0,0,0,0,43,5456
486,1,1,0,0,0,0,0,0,0,0,0,400,400,400,0,0,0,0,400,400,400,100.000000,12800,25840,49.535604,10,10,10,10,406,6,0,6,400,25840,240,0,0,0,0,406,0,0,0,0,38,5456
487,1,1,0,0,0,0,0,0,0,0,0,400,400,400,0,0,0,0,400,400,400,100.000000,12800,25840,49.535604,10,10,10,10,406,6,0,6,400,25840,240,0,0,0,0,406,0,0,0,0,36,5456
488,1,1,0,0,0,0,0,0,0,0,0,400,400,400,0,0,0,0,400,400,400,100.000000,12800,25840,49.535604,10,10,10,10,406,6,0,6,400,25840,240,0,0,0,0,406,0,0,0,0,46,5456
489,1,1,0,0,0,0,0,0,0,0,0,400,400,400,0,0,0,0,400,400,400,100.000000,12800,25840,49.535604,10,10,10,10,406,6,0,6,400,25840,240,0,0,0,0,406,0,0,0,0,40,5456
490,1,1,0,0,0,0,0,0,0,0,0,400,400,400,0,0,0,0,400,400,400,100.000000,12800,25840,49.535604,10,10,10,10,406,6,0,6,400,25840,240,0,0,0,0,406,0,0,0,0,41,5456
491,1,1,0,0,0,0,0,0,0,0,0,400,400,400,0,0,0,0,400,400,400,100.000000,12800,25840,49.535604,10,10,10,10,406,6,0,6,400,25840,240,0,0,0,0,406,0,0,0,0,42,5456
492,1,1,0,0,0,0,0,0,0,0,0,400,400,400,0,0,0,0,400,400,400,100.000000,12800,25840,49.535604,10,10,10,10,406,6,0,6,400,25840,240,0,0,0,0,406,0,0,0,0,44,5456
493,1,1,0,0,0,0,0,0,0,0,0,400,400,400,0,0,0,0,400,400,400,100.000000,12800,25840,49.535604,10,10,10,10,406,6,0,6,400,25840,240,0,0,0,0,406,0,0,0,0,38,5456
494,1,1,0,0,0,0,0,0,0,0,0,400,400,400,0,0,0,0,400,400,400,100.000000,12800,25840,49.535604,10,10,10,10,406,6,0,6,400,25840,240,0,0,0,0,406,0,0,0,0,43,5456
495,1,1,0,0,0,0,0,0,0,0,0,400,400,400,0,0,0,0,400,400,400,100.000000,12800,25840,49.535604,10,10,10,10,406,6,0,6,400,25840,240,0,0,0,0,406,0,0,0,0,43,5456
496,1,1,0,0,0,0,0,0,0,0,0,400,400,400,0,0,0,0,400,400,400,100.000000,12800,25840,49.535604,10,10,10,10,406,6,0,6,400,25840,240,0,0,0,0,406,0,0,0,0,42,5456
497,1,1,0,0,0,0,0,0,0,0,0,400,400,400,0,0,0,0,400,400,400,100.000000,12800,25840,49.535604,10,10,10,10,406,6,0,6,400,25840,240,0,0,0,0,406,0,0,0,0,37,5456
498,1,1,0,0,0,0,0,0,0,0,0,400,400,400,0,0,0,0,400,400,400,100.000000,12800,25840,49.535604,10,10,10,10,406,6,0,6,400,25840,240,0,0,0,0,406,0,0,0,0,40,5456
499,1,1,0,0,0,0,0,0,0,0,0,400,400,400,0,0,0,0,400,400,400,100.000000,12800,25840,49.535604,10,10,10,10,406,6,0,6,400,25840,240,0,0,0,0,406,0,0,0,0,44,5456
500,1,1,0,0,0,0,0,0,0,0,0,400,400,400,0,0,0,0,400,400,400,100.000000,12800,25840,49.535604,10,10,10,10,406,6,0,6,400,25840,240,0,0,0,0,406,0,0,0,0,46,5456
501,1,1,0,0,0,0,0,0,0,0,0,400,400,400,0,0,0,0,400,400,400,100.000000,12800,25840,49.535604,10,10,10,10,406,6,0,6,400,25840,240,0,0,0,0,406,0,0,0,0,40,5456
502,1,1,0,0,0,0,0,0,0,0,0,400,400,400,0,0,0,0,400,400,400,100.000000,12800,25840,49.535604,10,10,10,10,406,6,0,6,400,25840,240,0,0,0,0,406,0,0,0,0,38,5456
503,1,1,0,0,0,0,0,0,0,0,0,400,400,400,0,0,0,0,400,400,400,100.000000,12800,25840,49.535604,10,10,10,10,406,6,0,6,400,25840,240,0,0,0,0,406,0,0,0,0,40,5456
504,1,1,0,0,0,0,0,0,0,0,0,400,400,400,0,0,0,0,400,400,400,100.000000,12800,25840,49.535604,10,10,10,10,406,6,0,6,400,25840,240,0,0,0,0,406,0,0,0,0,42,5456
505,1,1,0,0,0,0,0,0,0,0,0,400,400,400,0,0,0,0,400,400,400,100.000000,12800,25840,49.535604,10,10,10,10,406,6,0,6,400,25840,240,0,0,0,0,406,0,0,0,0,35,5456
506,1,1,0,0,0,0,0,0,0,0,0,400,400,400,0,0,0,0,400,400,400,100.000000,12800,25840,49.535604,10,10,10,10,406,6,0,6,400,25840,240,0,0,0,0,406,0,0,0,0,42,5456
507,1,1,0,0,0,0,0,0,0,0,0,400,400,400,0,0,0,0,400,400,400,100.000000,12800,25840,49.535604,10,10,10,10,406,6,0,6,400,25840,240,0,0,0,0,406,0,0,0,0,46,5456
508,1,1,0,0,0,0,0,0,0,0,0,400,400,400,0,0,0,0,400,400,400,100.000000,12800,25840,49.535604,10,10,10,10,406,6,0,6,400,25840,240,0,0,0,0,406,0,0,0,0,45,5456
509,1,1,0,0,0,0,0,0,0,0,0,400,400,400,0,0,0,0,400,400,400,100.000000,12800,25840,49.535604,10,10,10,10,406,6,0,6,400,25840,240,0,0,0,0,406,0,0,0,0,45,5456
510,1,1,0,0,0,0,0,0,0,0,0,400,400,400,0,0,0,0,400,400,400,100.000000,12800,25840,49.535604,10,10,10,10,406,6,0,6,400,25840,240,0,0,0,0,406,0,0,0,0,46,5456
511,1,1,0,0,0,0,0,0,0,0,0,400,400,400,0,0,0,0,400,400,400,100.000000,12800,25840,49.535604,10,10,10,10,406,6,0,6,400,25840,240,0,0,0,0,406,0,0,0,0,45,5456
512,1,1,0,0,0,0,0,0,0,0,0,400,400,400,0,0,0,0,400,400,400,100.000000,12800,25840,49.535604,10,10,10,10,406,6,0,6,400,25840,240,0,0,0,0,406,0,0,0,0,44,5456
513,1,1,0,0,0,0,0,0,0,0,0,400,400,400,0,0,0,0,400,400,400,100.000000,12800,25840,49.535604,10,10,10,10,406,6,0,6,400,25840,240,0,0,0,0,406,0,0,0,0,38,5456
514,1,1,0,0,0,0,0,0,0,0,0,400,400,400,0,0,0,0,400,400,400,100.000000,12800,25840,49.535604,10,10,10,10,406,6,0,6,400,25840,240,0,0,0,0,406,0,0,0,0,43,5456
515,1,1,0,0,0,0,0,0,0,0,0,400,400,400,0,0,0,0,400,400,400,100.000000,12800,25840,49.535604,10,10,10,10,406,6,0,6,400,25840,240,0,0,0,0,406,0,0,0,0,40,5456
516,1,1,0,0,0,0,0,0,0,0,0,400,400,400,0,0,0,0,400,400,400,100.000000,12800,25840,49.535604,10,10,10,10,406,6,0,6,400,25840,240,0,0,0,0,406,0,0,0,0,40,5456
517,1,1,0,0,0,0,0,0,0,0,0,400,400,400,0,0,0,0,400,400,400,100.000000,12800,25840,49.535604,10,10,10,10,406,6,0,6,400,25840,240,0,0,0,0,406,0,0,0,0,37,5456
518,1,1,0,0,0,0,0,0,0,0,0,400,400,400,0,0,0,0,400,400,400,100.000000,12800,25840,49.535604,10,10,10,10,406,6,0,6,400,25840,240,0,0,0,0,406,0,0,0,0,46,5456
519,1,1,0,0,0,0,0,0,0,0,0,400,400,400,0,0,0,0,400,400,400,100.000000,12800,25840,49.535604,10,10,10,10,406,6,0,6,400,25840,240,0,0,0,0,406,0,0,0,0,45,5456
520,1,1,0,0,0,0,0,0,0,0,0,400,400,400,0,0,0,0,400,400,400,100.000000,12800,25840,49.535604,10,10,10,10,406,6,0,6,400,25840,240,0,0,0,0,406,0,0,0,0,43,5456
521,1,1,0,0,0,0,0,0,0,0,0,400,400,400,0,0,0,0,400,400,400,100.000000,12800,25840,49.535604,10,10,10,10,406,6,0,6,400,25840,240,0,0,0,0,406,0,0,0,0,43,5456
522,1,1,0,0,0,0,0,0,0,0,0,400,400,400,0,0,0,0,400,400,400,100.000000,12800,25840,49.535604,10,10,10,10,406,6,0,6,400,25840,240,0,0,0,0,406,0,0,0,0,45,5456
523,1,1,0,0,0,0,0,0,0,0,0,400,400,400,0,0,0,0,400,400,400,100.000000,12800,25840,49.535604,10,10,10,10,406,6,0,6,400,25840,240,0,0,0,0,406,0,0,0,0,41,5456
524,1,1,0,0,0,0,0,0,0,0,0,400,400,400,0,0,0,0,400,400,400,100.000000,12800,25840,49.535604,10,10,10,10,406,6,0,6,400,25840,240,0,0,0,0,406,0,0,0,0,44,5456
525,1,1,0,0,0,0,0,0,0,0,0,400,400,400,0,0,0,0,400,400,400,100.000000,12800,25840,49.535604,10,10,10,10,406,6,0,6,400,25840,240,0,0,0,0,406,0,0,0,0,44,5456
526,1,1,0,0,0,0,0,0,0,0,0,400,400,400,0,0,0,0,400,400,400,100.000000,12800,25840,49.535604,10,10,10,10,406,6,0,6,400,25840,240,0,0,0,0,406,0,0,0,0,41,5456
527,1,1,0,0,0,0,0,0,0,0,0,400,400,400,0,0,0,0,400,400,400,100.000000,12800,25840,49.535604,10,10,10,10,406,6,0,6,400,25840,240,0,0,0,0,406,0,0,0,0,40,5456
528,1,1,0,0,0,0,0,0,0,0,0,400,400,400,0,0,0,0,400,400,400,100.000000,12800,25840,49.535604,10,10,10,10,406,6,0,6,400,25840,240,0,0,0,0,406,0,0,0,0,45,5456
529,1,1,0,0,0,0,0,0,0,0,0,400,400,400,0,0,0,0,400,400,400,100.000000,12800,25840,49.535604,10,10,10,10,406,6,0,6,400,25840,240,0,0,0,0,406,0,0,0,0,38,5456
530,1,1,0,0,0,0,0,0,0,0,0,400,400,400,0,0,0,0,400,400,400,100.000000,12800,25840,49.535604,10,10,10,10,406,6,0,6,400,25840,240,0,0,0,0,406,0,0,0,0,40,5456
531,1,1,0,0,0,0,0,0,0,0,0,400,400,400,0,0,0,0,400,400,400,100.000000,12800,25840,49.535604,10,10,10,10,406,6,0,6,400,25840,240,0,0,0,0,406,0,0,0,0,39,5456
532,1,1,0,0,0,0,0,0,0,0,0,400,400,400,0,0,0,0,400,400,400,100.000000,12800,25840,49.535604,10,10,10,10,406,6,0,6,400,25840,240,0,0,0,0,406,0,0,0,0,42,5456
533,1,1,0,0,0,0,0,0,0,0,0,400,400,400,0,0,0,0,400,400,400,100.000000,12800,25840,49.535604,10,10,10,10,406,6,0,6,400,25840,240,0,0,0,0,406,0,0,0,0,40,5456
534,1,1,0,0,0,0,0,0,0,0,0,400,400,400,0,0,0,0,400,400,400,100.000000,12800,25840,49.535604,10,10,10,10,406,6,0,6,400,25840,240,0,0,0,0,406,0,0,0,0,45,5456
535,1,1,0,0,0,0,0,0,0,0,0,400,400,400,0,0,0,0,400,400,400,100.000000,12800,25840,49.535604,10,10,10,10,406,6,0,6,400,25840,240,0,0,0,0,406,0,0,0,0,40,5456
536,1,1,0,0,0,0,0,0,0,0,0,400,400,400,0,0,0,0,400,400,400,100.000000,12800,25840,49.535604,10,10,10,10,406,6,0,6,400,25840,240,0,0,0,0,406,0,0,0,0,45,5456
537,1,1,0,0,0,0,0,0,0,0,0,400,400,400,0,0,0,0,400,400,400,100.000000,12800,25840,49.535604,10,10,10,10,406,6,0,6,400,25840,240,0,0,0,0,406,0,0,0,0,42,5456
538,1,1,0,0,0,0,0,0,0,0,0,400,400,400,0,0,0,0,400,400,400,100.000000,12800,25840,49.535604,10,10,10,10,406,6,0,6,400,25840,240,0,0,0,0,406,0,0,0,0,40,5456
539,1,1,0,0,0,0,0,0,0,0,0,400,400,400,0,0,0,0,400,400,400,100.000000,12800,25840,49.535604,10,10,10,10,406,6,0,6,400,25840,240,0,0,0,0,406,0,0,0,0,40,5456
540,1,1,0,0,0,0,0,0,0,0,0,400,400,400,0,0,0,0,400,400,400,100.000000,12800,25840,49.535604,10,10,10,10,406,6,0,6,400,25840,240,0,0,0,0,406,0,0,0,0,40,5456
541,1,1,0,0,0,0,0,0,0,0,0,400,400,400,0,0,0,0,400,400,400,100.000000,12800,25840,49.535604,10,10,10,10,406,6,0,6,400,25840,240,0,0,0,0,406,0,0,0,0,40,5456
542,1,1,0,0,0,0,0,0,0,0,0,400,400,400,0,0,0,0,400,400,400,100.000000,12800,25840,49.535604,10,10,10,10,406,6,0,6,400,25840,240,0,0,0,0,406,0,0,0,0,42,5456
543,1,1,0,0,0,0,0,0,0,0,0,400,400,400,0,0,0,0,400,400,400,100.000000,12800,25840,49.535604,10,10,10,10,406,6,0,6,400,25840,240,0,0,0,0,406,0,0,0,0,71,5456
544,1,1,0,0,0,0,0,0,0,0,0,400,400,400,0,0,0,0,400,400,400,100.000000,12800,25840,49.535604,10,10,10,10,406,6,0,6,400,25840,240,0,0,0,0,406,0,0,0,0,46,5456
545,1,1,0,0,0,0,0,0,0,0,0,400,400,400,0,0,0,0,400,400,400,100.000000,12800,25840,49.535604,10,10,10,10,406,6,0,6,400,25840,240,0,0,0,0,406,0,0,0,0,42,5456
546,1,1,0,0,0,0,0,0,0,0,0,400,400,400,0,0,0,0,400,400,400,100.000000,12800,25840,49.535604,10,10,10,10,406,6,0,6,400,25840,240,0,0,0,0,406,0,0,0,0,44,5456
547,1,1,0,0,0,0,0,0,0,0,0,400,400,400,0,0,0,0,400,400,400,100.000000,12800,25840,49.535604,10,10,10,10,406,6,0,6,400,25840,240,0,0,0,0,406,0,0,0,0,51,5456
548,1,1,0,0,0,0,0,0,0,0,0,400,400,400,0,0,0,0,400,400,400,100.000000,12800,25840,49.535604,10,10,10,10,406,6,0,6,400,25840,240,0,0,0,0,406,0,0,0,0,44,5456
549,1,1,0,0,0,0,0,0,0,0,0,400,400,400,0,0,0,0,400,400,400,100.000000,12800,25840,49.535604,10,10,10,10,406,6,0,6,400,25840,240,0,0,0,0,406,0,0,0,0,36,5456
550,1,1,0,0,0,0,0,0,0,0,0,400,400,400,0,0,0,0,400,400,400,100.000000,12800,25840,49.535604,10,10,10,10,406,6,0,6,400,25840,240,0,0,0,0,406,0,0,0,0,48,5456
551,1,1,0,0,0,0,0,0,0,0,0,400,400,400,0,0,0,0,400,400,400,100.000000,12800,25840,49.535604,10,10,10,10,406,6,0,6,400,25840,240,0,0,0,0,406,0,0,0,0,46,5456
552,1,1,0,0,0,0,0,0,0,0,0,400,400,400,0,0,0,0,400,400,400,100.000000,12800,25840,49.535604,10,10,10,10,406,6,0,6,400,25840,240,0,0,0,0,406,0,0,0,0,49,5456
553,1,1,0,0,0,0,0,0,0,0,0,400,400,400,0,0,0,0,400,400,400,100.000000,12800,25840,49.535604,10,10,10,10,406,6,0,6,400,25840,240,0,0,0,0,406,0,0,0,0,45,5456
554,1,1,0,0,0,0,0,0,0,0,0,400,400,400,0,0,0,0,400,400,400,100.000000,12800,25840,49.535604,10,10,10,10,406,6,0,6,400,25840,240,0,0,0,0,406,0,0,0,0,40,5456
555,1,1,0,0,0,0,0,0,0,0,0,400,400,400,0,0,0,0,400,400,400,100.000000,12800,25840,49.535604,10,10,10,10,406,6,0,6,400,25840,240,0,0,0,0,406,0,0,0,0,41,5456
556,1,1,0,0,0,0,0,0,0,0,0,400,400,400,0,0,0,0,400,400,400,100.000000,12800,25840,49.535604,10,10,10,10,406,6,0,6,400,25840,240,0,0,0,0,406,0,0,0,0,41,5456
557,1,1,0,0,0,0,0,0,0,0,0,400,400,400,0,0,0,0,400,400,400,100.000000,12800,25840,49.535604,10,10,10,10,406,6,0,6,400,25840,240,0,0,0,0,406,0,0,0,0,42,5456
558,1,1,0,0,0,0,0,0,0,0,0,400,400,400,0,0,0,0,400,400,400,100.000000,12800,25840,49.535604,10,10,10,10,406,6,0,6,400,25840,240,0,0,0,0,406,0,0,0,0,42,5456
559,1,1,0,0,0,0,0,0,0,0,0,400,400,400,0,0,0,0,400,400,400,100.000000,12800,25840,49.535604,10,10,10,10,406,6,0,6,400,25840,240,0,0,0,0,406,0,0,0,0,45,5456
560,1,1,0,0,0,0,0,0,0,0,0,400,400,400,0,0,0,0,400,400,400,100.000000,12800,25840,49.535604,10,10,10,10,406,6,0,6,400,25840,240,0,0,0,0,406,0,0,0,0,46,5456
561,1,1,0,0,0,0,0,0,0,0,0,400,400,400,0,0,0,0,400,400,400,100.000000,12800,25840,49.535604,10,10,10,10,406,6,0,6,400,25840,240,0,0,0,0,406,0,0,0,0,46,5456
562,1,1,0,0,0,0,0,0,0,0,0,400,400,400,0,0,0,0,400,400,400,100.000000,12800,25840,49.535604,10,10,10,10,406,6,0,6,400,25840,240,0,0,0,0,406,0,0,0,0,45,5456
563,1,1,0,0,0,0,0,0,0,0,0,400,400,400,0,0,0,0,400,400,400,100.000000,12800,25840,49.535604,10,10,10,10,406,6,0,6,400,25840,240,0,0,0,0,406,0,0,0,0,53,5456
564,1,1,0,0,0,0,0,0,0,0,0,400,400,400,0,0,0,0,400,400,400,100.000000,12800,25840,49.535604,10,10,10,10,406,6,0,6,400,25840,240,0,0,0,0,406,0,0,0,0,45,5456
565,1,1,0,0,0,0,0,0,0,0,0,400,400,400,0,0,0,0,400,400,400,100.000000,12800,25840,49.535604,10,10,10,10,406,6,0,6,400,25840,240,0,0,0,0,406,0,0,0,0,34,5456
566,1,1,0,0,0,0,0,0,0,0,0,400,400,400,0,0,0,0,400,400,400,100.000000,12800,25840,49.535604,10,10,10,10,406,6,0,6,400,25840,240,0,0,0,0,406,0,0,0,0,44,5456
567,1,1,0,0,0,0,0,0,0,0,0,400,400,400,0,0,0,0,400,400,400,100.000000,12800,25840,49.535604,10,10,10,10,406,6,0,6,400,25840,240,0,0,0,0,406,0,0,0,0,42,5456
568,1,1,0,0,0,0,0,0,0,0,0,400,400,400,0,0,0,0,400,400,400,100.000000,12800,25840,49.535604,10,10,10,10,406,6,0,6,400,25840,240,0,0,0,0,406,0,0,0,0,39,5456
569,1,1,0,0,0,0,0,0,0,0,0,400,400,400,0,0,0,0,400,400,400,100.000000,12800,25840,49.535604,10,10,10,10,406,6,0,6,400,25840,240,0,0,0,0,406,0,0,0,0,42,5456
570,1,1,0,0,0,0,0,0,0,0,0,400,400,400,0,0,0,0,400,400,400,100.000000,12800,25840,49.535604,10,10,10,10,406,6,0,6,400,25840,240,0,0,0,0,406,0,0,0,0,36,5456
571,1,1,0,0,0,0,0,0,0,0,0,400,400,400,0,0,0,0,400,400,400,100.000000,12800,25840,49.535604,10,10,10,10,406,6,0,6,400,25840,240,0,0,0,0,406,0,0,0,0,42,5456
572,1,1,0,0,0,0,0,0,0,0,0,400,400,400,0,0,0,0,400,400,400,100.000000,12800,25840,49.535604,10,10,10,10,406,6,0,6,400,25840,240,0,0,0,0,406,0,0,0,0,40,5456
573,1,1,0,0,0,0,0,0,0,0,0,400,400,400,0,0,0,0,400,400,400,100.000000,12800,25840,49.535604,10,10,10,10,406,6,0,6,400,25840,240,0,0,0,0,406,0,0,0,0,42,5456
574,1,1,0,0,0,0,0,0,0,0,0,400,400,400,0,0,0,0,400,400,400,100.000000,12800,25840,49.535604,10,10,10,10,406,6,0,6,400,25840,240,0,0,0,0,406,0,0,0,0,44,5456
575,1,1,0,0,0,0,0,0,0,0,0,400,400,400,0,0,0,0,400,400,400,100.000000,12800,25840,49.535604,10,10,10,10,406,6,0,6,400,25840,240,0,0,0,0,406,0,0,0,0,39,5456
576,1,1,0,0,0,0,0,0,0,0,0,400,400,400,0,0,0,0,400,400,400,100.000000,12800,25840,49.535604,10,10,10,10,406,6,0,6,400,25840,240,0,0,0,0,406,0,0,0,0,37,5456
577,1,1,0,0,0,0,0,0,0,0,0,400,400,400,0,0,0,0,400,400,400,100.000000,12800,25840,49.535604,10,10,10,10,406,6,0,6,400,25840,240,0,0,0,0,406,0,0,0,0,35,5456
578,1,1,0,0,0,0,0,0,0,0,0,400,400,400,0,0,0,0,400,400,400,100.000000,12800,25840,49.535604,10,10,10,10,406,6,0,6,400,25840,240,0,0,0,0,406,0,0,0,0,37,5456
579,1,1,0,0,0,0,0,0,0,0,0,400,400,400,0,0,0,0,400,400,400,100.000000,12800,25840,49.535604,10,10,10,10,406,6,0,6,400,25840,240,0,0,0,0,406,0,0,0,0,35,5456
580,1,1,0,0,0,0,0,0,0,0,0,400,400,400,0,0,0,0,400,400,400,100.000000,12800,25840,49.535604,10,10,10,10,406,6,0,6,400,25840,240,0,0,0,0,406,0,0,0,0,43,5456
581,1,1,0,0,0,0,0,0,0,0,0,400,400,400,0,0,0,0,400,400,400,100.000000,12800,25840,49.535604,10,10,10,10,406,6,0,6,400,25840,240,0,0,0,0,406,0,0,0,0,40,5456
582,1,1,0,0,0,0,0,0,0,0,0,400,400,400,0,0,0,0,400,400,400,100.000000,12800,25840,49.535604,10,10,10,10,406,6,0,6,400,25840,240,0,0,0,0,406,0,0,0,0,40,5456
583,1,1,0,0,0,0,0,0,0,0,0,400,400,400,0,0,0,0,400,400,400,100.000000,12800,25840,49.535604,10,10,10,10,406,6,0,6,400,25840,240,0,0,0,0,406,0,0,0,0,50,5456
584,1,1,0,0,0,0,0,0,0,0,0,400,400,400,0,0,0,0,400,400,400,100.000000,12800,25840,49.535604,10,10,10,10,406,6,0,6,400,25840,240,0,0,0,0,406,0,0,0,0,41,5456
585,1,1,0,0,0,0,0,0,0,0,0,400,400,400,0,0,0,0,400,400,400,100.000000,12800,25840,49.535604,10,10,10,10,406,6,0,6,400,25840,240,0,0,0,0,406,0,0,0,0,40,5456
586,1,1,0,0,0,0,0,0,0,0,0,400,400,400,0,0,0,0,400,400,400,100.000000,12800,25840,49.535604,10,10,10,10,406,6,0,6,400,25840,240,0,0,0,0,406,0,0,0,0,45,5456
587,1,1,0,0,0,0,0,0,0,0,0,400,400,400,0,0,0,0,400,400,400,100.000000,12800,25840,49.535604,10,10,10,10,406,6,0,6,400,25840,240,0,0,0,0,406,0,0,0,0,42,5456
588,1,1,0,0,0,0,0,0,0,0,0,400,400,400,0,0,0,0,400,400,400,100.000000,12800,25840,49.535604,10,10,10,10,406,6,0,6,400,25840,240,0,0,0,0,406,0,0,0,0,42,5456
589,1,1,0,0,0,0,0,0,0,0,0,400,400,400,0,0,0,0,400,400,400,100.000000,12800,25840,49.535604,10,10,10,10,406,6,0,6,400,25840,240,0,0,0,0,406,0,0,0,0,38,5456
590,1,1,0,0,0,0,0,0,0,0,0,400,400,400,0,0,0,0,400,400,400,100.000000,12800,25840,49.535604,10,10,10,10,406,6,0,6,400,25840,240,0,0,0,0,406,0,0,0,0,41,5456
591,1,1,0,0,0,0,0,0,0,0,0,400,400,400,0,0,0,0,400,400,400,100.000000,12800,25840,49.535604,10,10,10,10,406,6,0,6,400,25840,240,0,0,0,0,406,0,0,0,0,44,5456
592,1,1,0,0,0,0,0,0,0,0,0,400,400,400,0,0,0,0,400,400,400,100.000000,12800,25840,49.535604,10,10,10,10,406,6,0,6,400,25840,240,0,0,0,0,406,0,0,0,0,50,5456
593,1,1,0,0,0,0,0,0,0,0,0,400,400,400,0,0,0,0,400,400,400,100.000000,12800,25840,49.535604,10,10,10,10,406,6,0,6,400,25840,240,0,0,0,0,406,0,0,0,0,39,5456
594,1,1,0,0,0,0,0,0,0,0,0,400,400,400,0,0,0,0,400,400,400,100.000000,12800,25840,49.535604,10,10,10,10,406,6,0,6,400,25840,240,0,0,0,0,406,0,0,0,0,43,5456
595,1,1,0,0,0,0,0,0,0,0,0,400,400,400,0,0,0,0,400,400,400,100.000000,12800,25840,49.535604,10,10,10,10,406,6,0,6,400,25840,240,0,0,0,0,406,0,0,0,0,39,5456
596,1,1,0,0,0,0,0,0,0,0,0,400,400,400,0,0,0,0,400,400,400,100.000000,12800,25840,49.535604,10,10,10,10,406,6,0,6,400,25840,240,0,0,0,0,406,0,0,0,0,40,5456
597,1,1,0,0,0,0,0,0,0,0,0,400,400,400,0,0,0,0,400,400,400,100.000000,12800,25840,49.535604,10,10,10,10,406,6,0,6,400,25840,240,0,0,0,0,406,0,0,0,0,38,5456
598,1,1,0,0,0,0,0,0,0,0,0,400,400,400,0,0,0,0,400,400,400,100.000000,12800,25840,49.535604,10,10,10,10,406,6,0,6,400,25840,240,0,0,0,0,406,0,0,0,0,41,5456
599,1,1,0,0,0,0,0,0,0,0,0,400,400,400,0,0,0,0,400,400,400,100.000000,12800,25840,49.535604,10,10,10,10,406,6,0,6,400,25840,240,0,0,0,0,406,0,0,0,0,50,5456
600,1,1,0,0,0,0,0,0,0,0,0,400,400,400,0,0,0,0,400,400,400,100.000000,12800,25840,49.535604,10,10,10,10,406,6,0,6,400,25840,240,0,0,0,0,406,0,0,0,0,49,5456
601,1,1,0,0,0,0,0,0,0,0,0,400,400,400,0,0,0,0,400,400,400,100.000000,12800,25840,49.535604,10,10,10,10,406,6,0,6,400,25840,240,0,0,0,0,406,0,0,0,0,44,5456
602,1,1,0,0,0,0,0,0,0,0,0,400,400,400,0,0,0,0,400,400,400,100.000000,12800,25840,49.535604,10,10,10,10,406,6,0,6,400,25840,240,0,0,0,0,406,0,0,0,0,45,5456
603,1,1,0,0,0,0,0,0,0,0,0,400,400,400,0,0,0,0,400,400,400,100.000000,12800,25840,49.535604,10,10,10,10,406,6,0,6,400,25840,240,0,0,0,0,406,0,0,0,0,50,5456
604,1,1,0,0,0,0,0,0,0,0,0,400,400,400,0,0,0,0,400,400,400,100.000000,12800,25840,49.535604,10,10,10,10,406,6,0,6,400,25840,240,0,0,0,0,406,0,0,0,0,47,5456
605,1,1,0,0,0,0,0,0,0,0,0,400,400,400,0,0,0,0,400,400,400,100.000000,12800,25840,49.535604,10,10,10,10,406,6,0,6,400,25840,240,0,0,0,0,406,0,0,0,0,40,5456
606,1,1,0,0,0,0,0,0,0,0,0,400,400,400,0,0,0,0,400,400,400,100.000000,12800,25840,49.535604,10,10,10,10,406,6,0,6,400,25840,240,0,0,0,0,406,0,0,0,0,46,5456
607,1,1,0,0,0,0,0,0,0,0,0,400,400,400,0,0,0,0,400,400,400,100.000000,12800,25840,49.535604,10,10,10,10,406,6,0,6,400,25840,240,0,0,0,0,406,0,0,0,0,46,5456
608,1,1,0,0,0,0,0,0,0,0,0,400,400,400,0,0,0,0,400,400,400,100.000000,12800,25840,49.535604,10,10,10,10,406,6,0,6,400,25840,240,0,0,0,0,406,0,0,0,0,45,5456
609,1,1,0,0,0,0,0,0,0,0,0,400,400,400,0,0,0,0,400,400,400,100.000000,12800,25840,49.535604,10,10,10,10,406,6,0,6,400,25840,240,0,0,0,0,406,0,0,0,0,43,5456
610,1,1,0,0,0,0,0,0,0,0,0,400,400,400,0,0,0,0,400,400,400,100.000000,12800,25840,49.535604,10,10,10,10,406,6,0,6,400,25840,240,0,0,0,0,406,0,0,0,0,45,5456
611,1,1,0,0,0,0,0,0,0,0,0,400,400,400,0,0,0,0,400,400,400,100.000000,12800,25840,49.535604,10,10,10,10,406,6,0,6,400,25840,240,0,0,0,0,406,0,0,0,0,42,5456
612,1,1,0,0,0,0,0,0,0,0,0,400,400,400,0,0,0,0,400,400,400,100.000000,12800,25840,49.535604,10,10,10,10,406,6,0,6,400,25840,240,0,0,0,0,406,0,0,0,0,43,5456
613,1,1,0,0,0,0,0,0,0,0,0,400,400,400,0,0,0,0,400,400,400,100.000000,12800,25840,49.535604,10,10,10,10,406,6,0,6,400,25840,240,0,0,0,0,406,0,0,0,0,42,5456
614,1,1,0,0,0,0,0,0,0,0,0,400,400,400,0,0,0,0,400,400,400,100.000000,12800,25840,49.535604,10,10,10,10,406,6,0,6,400,25840,240,0,0,0,0,406,0,0,0,0,41,5456
615,1,1,0,0,0,0,0,0,0,0,0,400,400,400,0,0,0,0,400,400,400,100.000000,12800,25840,49.535604,10,10,10,10,406,6,0,6,400,25840,240,0,0,0,0,406,0,0,0,0,46,5456
616,1,1,0,0,0,0,0,0,0,0,0,400,400,400,0,0,0,0,400,400,400,100.000000,12800,25840,49.535604,10,10,10,10,406,6,0,6,400,25840,240,0,0,0,0,406,0,0,0,0,41,5456
617,1,1,0,0,0,0,0,0,0,0,0,400,400,400,0,0,0,0,400,400,400,100.000000,12800,25840,49.535604,10,10,10,10,406,6,0,6,400,25840,240,0,0,0,0,406,0,0,0,0,44,5456
618,1,1,0,0,0,0,0,0,0,0,0,400,400,400,0,0,0,0,400,400,400,100.000000,12800,25840,49.535604,10,10,10,10,406,6,0,6,400,25840,240,0,0,0,0,406,0,0,0,0,39,5456
619,1,1,0,0,0,0,0,0,0,0,0,400,400,400,0,0,0,0,400,400,400,100.000000,12800,25840,49.535604,10,10,10,10,406,6,0,6,400,25840,240,0,0,0,0,406,0,0,0,0,40,5456
620,1,1,0,0,0,0,0,0,0,0,0,400,400,400,0,0,0,0,400,400,400,100.000000,12800,25840,49.535604,10,10,10,10,406,6,0,6,400,25840,240,0,0,0,0,406,0,0,0,0,38,5456
621,1,1,0,0,0,0,0,0,0,0,0,400,400,400,0,0,0,0,400,400,400,100.000000,12800,25840,49.535604,10,10,10,10,406,6,0,6,400,25840,240,0,0,0,0,406,0,0,0,0,35,5456
622,1,1,0,0,0,0,0,0,0,0,0,400,400,400,0,0,0,0,400,400,400,100.000000,12800,25840,49.535604,10,10,10,10,406,6,0,6,400,25840,240,0,0,0,0,406,0,0,0,0,35,5456
623,1,1,0,0,0,0,0,0,0,0,0,400,400,400,0,0,0,0,400,400,400,100.000000,12800,25840,49.535604,10,10,10,10,406,6,0,6,400,25840,240,0,0,0,0,406,0,0,0,0,41,5456
624,1,1,0,0,0,0,0,0,0,0,0,400,400,400,0,0,0,0,400,400,400,100.000000,12800,25840,49.535604,10,10,10,10,406,6,0,6,400,25840,240,0,0,0,0,406,0,0,0,0,44,5456
625,1,1,0,0,0,0,0,0,0,0,0,400,400,400,0,0,0,0,400,400,400,100.000000,12800,25840,49.535604,10,10,10,10,406,6,0,6,400,25840,240,0,0,0,0,406,0,0,0,0,43,5456
626,1,1,0,0,0,0,0,0,0,0,0,400,400,400,0,0,0,0,400,400,400,100.000000,12800,25840,49.535604,10,10,10,10,406,6,0,6,400,25840,240,0,0,0,0,406,0,0,0,0,38,5456
627,1,1,0,0,0,0,0,0,0,0,0,400,400,400,0,0,0,0,400,400,400,100.000000,12800,25840,49.535604,10,10,10,10,406,6,0,6,400,25840,240,0,0,0,0,406,0,0,0,0,40,5456
628,1,1,0,0,0,0,0,0,0,0,0,400,400,400,0,0,0,0,400,400,400,100.000000,12800,25840,49.535604,10,10,10,10,406,6,0,6,400,25840,240,0,0,0,0,406,0,0,0,0,38,5456
629,1,1,0,0,0,0,0,0,0,0,0,400,400,400,0,0,0,0,400,400,400,100.000000,12800,25840,49.535604,10,10,10,10,406,6,0,6,400,25840,240,0,0,0,0,406,0,0,0,0,45,5456
630,1,1,0,0,0,0,0,0,0,0,0,400,400,400,0,0,0,0,400,400,400,100.000000,12800,25840,49.535604,10,10,10,10,406,6,0,6,400,25840,240,0,0,0,0,406,0,0,0,0,42,5456
631,1,1,0,0,0,0,0,0,0,0,0,400,400,400,0,0,0,0,400,400,400,100.000000,12800,25840,49.535604,10,10,10,10,406,6,0,6,400,25840,240,0,0,0,0,406,0,0,0,0,42,5456
632,1,1,0,0,0,0,0,0,0,0,0,400,400,400,0,0,0,0,400,400,400,100.000000,12800,25840,49.535604,10,10,10,10,406,6,0,6,400,25840,240,0,0,0,0,406,0,0,0,0,40,5456
633,1,1,0,0,0,0,0,0,0,0,0,400,400,400,0,0,0,0,400,400,400,100.000000,12800,25840,49.535604,10,10,10,10,406,6,0,6,400,25840,240,0,0,0,0,406,0,0,0,0,41,5456
634,1,1,0,0,0,0,0,0,0,0,0,400,400,400,0,0,0,0,400,400,400,100.000000,12800,25840,49.535604,10,10,10,10,406,6,0,6,400,25840,240,0,0,0,0,406,0,0,0,0,43,5456
635,1,1,0,0,0,0,0,0,0,0,0,400,400,400,0,0,0,0,400,400,400,100.000000,12800,25840,49.535604,10,10,10,10,406,6,0,6,400,25840,240,0,0,0,0,406,0,0,0,0,41,5456
636,1,1,0,0,0,0,0,0,0,0,0,400,400,400,0,0,0,0,400,400,400,100.000000,12800,25840,49.535604,10,10,10,10,406,6,0,6,400,25840,240,0,0,0,0,406,0,0,0,0,41,5456
637,1,1,0,0,0,0,0,0,0,0,0,400,400,400,0,0,0,0,400,400,400,100.000000,12800,25840,49.535604,10,10,10,10,406,6,0,6,400,25840,240,0,0,0,0,406,0,0,0,0,32,5456
638,1,1,0,0,0,0,0,0,0,0,0,400,400,400,0,0,0,0,400,400,400,100.000000,12800,25840,49.535604,10,10,10,10,406,6,0,6,400,25840,240,0,0,0,0,406,0,0,0,0,39,5456
639,1,1,0,0,0,0,0,0,0,0,0,400,400,400,0,0,0,0,400,400,400,100.000000,12800,25840,49.535604,10,10,10,10,406,6,0,6,400,25840,240,0,0,0,0,406,0,0,0,0,39,5456
640,1,1,0,0,0,0,0,0,0,0,0,400,400,400,0,0,0,0,400,400,400,100.000000,12800,25840,49.535604,10,10,10,10,406,6,0,6,400,25840,240,0,0,0,0,406,0,0,0,0,44,5456
641,1,1,0,0,0,0,0,0,0,0,0,400,400,400,0,0,0,0,400,400,400,100.000000,12800,25840,49.535604,10,10,10,10,406,6,0,6,400,25840,240,0,0,0,0,406,0,0,0,0,45,5456
642,1,1,0,0,0,0,0,0,0,0,0,400,400,400,0,0,0,0,400,400,400,100.000000,12800,25840,49.535604,10,10,10,10,406,6,0,6,400,25840,240,0,0,0,0,406,0,0,0,0,49,5456
643,1,1,0,0,0,0,0,0,0,0,0,400,400,400,0,0,0,0,400,400,400,100.000000,12800,25840,49.535604,10,10,10,10,406,6,0,6,400,25840,240,0,0,0,0,406,0,0,0,0,49,5456
644,1,1,0,0,0,0,0,0,0,0,0,400,400,400,0,0,0,0,400,400,400,100.000000,12800,25840,49.535604,10,10,10,10,406,6,0,6,400,25840,240,0,0,0,0,406,0,0,0,0,44,5456
645,1,1,0,0,0,0,0,0,0,0,0,400,400,400,0,0,0,0,400,400,400,100.000000,12800,25840,49.535604,10,10,10,10,406,6,0,6,400,25840,240,0,0,0,0,406,0,0,0,0,46,5456
646,1,1,0,0,0,0,0,0,0,0,0,400,400,400,0,0,0,0,400,400,400,100.000000,12800,25840,49.535604,10,10,10,10,406,6,0,6,400,25840,240,0,0,0,0,406,0,0,0,0,46,5456
647,1,1,0,0,0,0,0,0,0,0,0,400,400,400,0,0,0,0,400,400,400,100.000000,12800,25840,49.535604,10,10,10,10,406,6,0,6,400,25840,240,0,0,0,0,406,0,0,0,0,41,5456
648,1,1,0,0,0,0,0,0,0,0,0,400,400,400,0,0,0,0,400,400,400,100.000000,12800,25840,49.535604,10,10,10,10,406,6,0,6,400,25840,240,0,0,0,0,406,0,0,0,0,42,5456
649,1,1,0,0,0,0,0,0,0,0,0,400,400,400,0,0,0,0,400,400,400,100.000000,12800,25840,49.535604,10,10,10,10,406,6,0,6,400,25840,240,0,0,0,0,406,0,0,0,0,43,5456
650,1,1,0,0,0,0,0,0,0,0,0,400,400,400,0,0,0,0,400,400,400,100.000000,12800,25840,49.535604,10,10,10,10,406,6,0,6,400,25840,240,0,0,0,0,406,0,0,0,0,43,5456
651,1,1,0,0,0,0,0,0,0,0,0,400,400,400,0,0,0,0,400,400,400,100.000000,12800,25840,49.535604,10,10,10,10,406,6,0,6,400,25840,240,0,0,0,0,406,0,0,0,0,46,5456
652,1,1,0,0,0,0,0,0,0,0,0,400,400,400,0,0,0,0,400,400,400,100.000000,12800,25840,49.535604,10,10,10,10,406,6,0,6,400,25840,240,0,0,0,0,406,0,0,0,0,44,5456
653,1,1,0,0,0,0,0,0,0,0,0,400,400,400,0,0,0,0,400,400,400,100.000000,12800,25840,49.535604,10,10,10,10,406,6,0,6,400,25840,240,0,0,0,0,406,0,0,0,0,42,5456
654,1,1,0,0,0,0,0,0,0,0,0,400,400,400,0,0,0,0,400,400,400,100.000000,12800,25840,49.535604,10,10,10,10,406,6,0,6,400,25840,240,0,0,0,0,406,0,0,0,0,37,5456
655,1,1,0,0,0,0,0,0,0,0,0,400,400,400,0,0,0,0,400,400,400,100.000000,12800,25840,49.535604,10,10,10,10,406,6,0,6,400,25840,240,0,0,0,0,406,0,0,0,0,42,5456
656,1,1,0,0,0,0,0,0,0,0,0,400,400,400,0,0,0,0,400,400,400,100.000000,12800,25840,49.535604,10,10,10,10,406,6,0,6,400,25840,240,0,0,0,0,406,0,0,0,0,39,5456
657,1,1,0,0,0,0,0,0,0,0,0,400,400,400,0,0,0,0,400,400,400,100.000000,12800,25840,49.535604,10,10,10,10,406,6,0,6,400,25840,240,0,0,0,0,406,0,0,0,0,40,5456
658,1,1,0,0,0,0,0,0,0,0,0,400,400,400,0,0,0,0,400,400,400,100.000000,12800,25840,49.535604,10,10,10,10,406,6,0,6,400,25840,240,0,0,0,0,406,0,0,0,0,48,5456
659,1,1,0,0,0,0,0,0,0,0,0,400,400,400,0,0,0,0,400,400,400,100.000000,12800,25840,49.535604,10,10,10,10,406,6,0,6,400,25840,240,0,0,0,0,406,0,0,0,0,52,5456
660,1,1,0,0,0,0,0,0,0,0,0,400,400,400,0,0,0,0,400,400,400,100.000000,12800,25840,49.535604,10,10,10,10,406,6,0,6,400,25840,240,0,0,0,0,406,0,0,0,0,53,5456
661,1,1,0,0,0,0,0,0,0,0,0,400,400,400,0,0,0,0,400,400,400,100.000000,12800,25840,49.535604,10,10,10,10,406,6,0,6,400,25840,240,0,0,0,0,406,0,0,0,0,48,5456
662,1,1,0,0,0,0,0,0,0,0,0,400,400,400,0,0,0,0,400,400,400,100.000000,12800,25840,49.535604,10,10,10,10,406,6,0,6,400,25840,240,0,0,0,0,406,0,0,0,0,45,5456
663,1,1,0,0,0,0,0,0,0,0,0,400,400,400,0,0,0,0,400,400,400,100.000000,12800,25840,49.535604,10,10,10,10,406,6,0,6,400,25840,240,0,0,0,0,406,0,0,0,0,50,5456
664,1,1,0,0,0,0,0,0,0,0,0,400,400,400,0,0,0,0,400,400,400,100.000000,12800,25840,49.535604,10,10,10,10,406,6,0,6,400,25840,240,0,0,0,0,406,0,0,0,0,47,5456
665,1,1,0,0,0,0,0,0,0,0,0,400,400,400,0,0,0,0,400,400,400,100.000000,12800,25840,49.535604,10,10,10,10,406,6,0,6,400,25840,240,0,0,0,0,406,0,0,0,0,43,5456
666,1,1,0,0,0,0,0,0,0,0,0,400,400,400,0,0,0,0,400,400,400,100.000000,12800,25840,49.535604,10,10,10,10,406,6,0,6,400,25840,240,0,0,0,0,406,0,0,0,0,36,5456
667,1,1,0,0,0,0,0,0,0,0,0,400,400,400,0,0,0,0,400,400,400,100.000000,12800,25840,49.535604,10,10,10,10,406,6,0,6,400,25840,240,0,0,0,0,406,0,0,0,0,33,5456
668,1,1,0,0,0,0,0,0,0,0,0,400,400,400,0,0,0,0,400,400,400,100.000000,12800,25840,49.535604,10,10,10,10,406,6,0,6,400,25840,240,0,0,0,0,406,0,0,0,0,42,5456
669,1,1,0,0,0,0,0,0,0,0,0,400,400,400,0,0,0,0,400,400,400,100.000000,12800,25840,49.535604,10,10,10,10,406,6,0,6,400,25840,240,0,0,0,0,406,0,0,0,0,33,5456
670,1,1,0,0,0,0,0,0,0,0,0,400,400,400,0,0,0,0,400,400,400,100.000000,12800,25840,49.535604,10,10,10,10,406,6,0,6,400,25840,240,0,0,0,0,406,0,0,0,0,52,5456
671,1,1,0,0,0,0,0,0,0,0,0,400,400,400,0,0,0,0,400,400,400,100.000000,12800,25840,49.535604,10,10,10,10,406,6,0,6,400,25840,240,0,0,0,0,406,0,0,0,0,46,5456
672,1,1,0,0,0,0,0,0,0,0,0,400,400,400,0,0,0,0,400,400,400,100.000000,12800,25840,49.535604,10,10,10,10,406,6,0,6,400,25840,240,0,0,0,0,406,0,0,0,0,38,5456
673,1,1,0,0,0,0,0,0,0,0,0,400,400,400,0,0,0,0,400,400,400,100.000000,12800,25840,49.535604,10,10,10,10,406,6,0,6,400,25840,240,0,0,0,0,406,0,0,0,0,34,5456
674,1,1,0,0,0,0,0,0,0,0,0,400,400,400,0,0,0,0,400,400,400,100.000000,12800,25840,49.535604,10,10,10,10,406,6,0,6,400,25840,240,0,0,0,0,406,0,0,0,0,40,5456
675,1,1,0,0,0,0,0,0,0,0,0,400,400,400,0,0,0,0,400,400,400,100.000000,12800,25840,49.535604,10,10,10,10,406,6,0,6,400,25840,240,0,0,0,0,406,0,0,0,0,38,5456
676,1,1,0,0,0,0,0,0,0,0,0,400,400,400,0,0,0,0,400,400,400,100.000000,12800,25840,49.535604,10,10,10,10,406,6,0,6,400,25840,240,0,0,0,0,406,0,0,0,0,49,5456
677,1,1,0,0,0,0,0,0,0,0,0,400,400,400,0,0,0,0,400,400,400,100.000000,12800,25840,49.535604,10,10,10,10,406,6,0,6,400,25840,240,0,0,0,0,406,0,0,0,0,46,5456
678,1,1,0,0,0,0,0,0,0,0,0,400,400,400,0,0,0,0,400,400,400,100.000000,12800,25840,49.535604,10,10,10,10,406,6,0,6,400,25840,240,0,0,0,0,406,0,0,0,0,42,5456
679,1,1,0,0,0,0,0,0,0,0,0,400,400,400,0,0,0,0,400,400,400,100.000000,12800,25840,49.535604,10,10,10,10,406,6,0,6,400,25840,240,0,0,0,0,406,0,0,0,0,36,5456
680,1,1,0,0,0,0,0,0,0,0,0,400,400,400,0,0,0,0,400,400,400,100.000000,12800,25840,49.535604,10,10,10,10,406,6,0,6,400,25840,240,0,0,0,0,406,0,0,0,0,47,5456
681,1,1,0,0,0,0,0,0,0,0,0,400,400,400,0,0,0,0,400,400,400,100.000000,12800,25840,49.535604,10,10,10,10,406,6,0,6,400,25840,240,0,0,0,0,406,0,0,0,0,42,5456
682,1,1,0,0,0,0,0,0,0,0,0,400,400,400,0,0,0,0,400,400,400,100.000000,12800,25840,49.535604,10,10,10,10,406,6,0,6,400,25840,240,0,0,0,0,406,0,0,0,0,43,5456
683,1,1,0,0,0,0,0,0,0,0,0,400,400,400,0,0,0,0,400,400,400,100.000000,12800,25840,49.535604,10,10,10,10,406,6,0,6,400,25840,240,0,0,0,0,406,0,0,0,0,45,5456
684,1,1,0,0,0,0,0,0,0,0,0,400,400,400,0,0,0,0,400,400,400,100.000000,12800,25840,49.535604,10,10,10,10,406,6,0,6,400,25840,240,0,0,0,0,406,0,0,0,0,46,5456
685,1,1,0,0,0,0,0,0,0,0,0,400,400,400,0,0,0,0,400,400,400,100.000000,12800,25840,49.535604,10,10,10,10,406,6,0,6,400,25840,240,0,0,0,0,406,0,0,0,0,41,5456
686,1,1,0,0,0,0,0,0,0,0,0,400,400,400,0,0,0,0,400,400,400,100.000000,12800,25840,49.535604,10,10,10,10,406,6,0,6,400,25840,240,0,0,0,0,406,0,0,0,0,42,5456
687,1,1,0,0,0,0,0,0,0,0,0,400,400,400,0,0,0,0,400,400,400,100.000000,12800,25840,49.535604,10,10,10,10,406,6,0,6,400,25840,240,0,0,0,0,406,0,0,0,0,43,5456
688,1,1,0,0,0,0,0,0,0,0,0,400,400,400,0,0,0,0,400,400,400,100.000000,12800,25840,49.535604,10,10,10,10,406,6,0,6,400,25840,240,0,0,0,0,406,0,0,0,0,43,5456
689,1,1,0,0,0,0,0,0,0,0,0,400,400,400,0,0,0,0,400,400,400,100.000000,12800,25840,49.535604,10,10,10,10,406,6,0,6,400,25840,240,0,0,0,0,406,0,0,0,0,41,5456
690,1,1,0,0,0,0,0,0,0,0,0,400,400,400,0,0,0,0,400,400,400,100.000000,12800,25840,49.535604,10,10,10,10,406,6,0,6,400,25840,240,0,0,0,0,406,0,0,0,0,39,5456
691,1,1,0,0,0,0,0,0,0,0,0,400,400,400,0,0,0,0,400,400,400,100.000000,12800,25840,49.535604,10,10,10,10,406,6,0,6,400,25840,240,0,0,0,0,406,0,0,0,0,43,5456
692,1,1,0,0,0,0,0,0,0,0,0,400,400,400,0,0,0,0,400,400,400,100.000000,12800,25840,49.535604,10,10,10,10,406,6,0,6,400,25840,240,0,0,0,0,406,0,0,0,0,44,5456
693,1,1,0,0,0,0,0,0,0,0,0,400,400,400,0,0,0,0,400,400,400,100.000000,12800,25840,49.535604,10,10,10,10,406,6,0,6,400,25840,240,0,0,0,0,406,0,0,0,0,34,5456
694,1,1,0,0,0,0,0,0,0,0,0,400,400,400,0,0,0,0,400,400,400,100.000000,12800,25840,49.535604,10,10,10,10,406,6,0,6,400,25840,240,0,0,0,0,406,0,0,0,0,41,5456
695,1,1,0,0,0,0,0,0,0,0,0,400,400,400,0,0,0,0,400,400,400,100.000000,12800,25840,49.535604,10,10,10,10,406,6,0,6,400,25840,240,0,0,0,0,406,0,0,0,0,43,5456
696,1,1,0,0,0,0,0,0,0,0,0,400,400,400,0,0,0,0,400,400,400,100.000000,12800,25840,49.535604,10,10,10,10,406,6,0,6,400,25840,240,0,0,0,0,406,0,0,0,0,41,5456
697,1,1,0,0,0,0,0,0,0,0,0,400,400,400,0,0,0,0,400,400,400,100.000000,12800,25840,49.535604,10,10,10,10,406,6,0,6,400,25840,240,0,0,0,0,406,0,0,0,0,39,5456
698,1,1,0,0,0,0,0,0,0,0,0,400,400,400,0,0,0,0,400,400,400,100.000000,12800,25840,49.535604,10,10,10,10,406,6,0,6,400,25840,240,0,0,0,0,406,0,0,0,0,42,5456
699,1,1,0,0,0,0,0,0,0,0,0,400,400,400,0,0,0,0,400,400,400,100.000000,12800,25840,49.535604,10,10,10,10,406,6,0,6,400,25840,240,0,0,0,0,406,0,0,0,0,45,5456
700,1,1,0,0,0,0,0,0,0,0,0,400,400,400,0,0,0,0,400,400,400,100.000000,12800,25840,49.535604,10,10,10,10,406,6,0,6,400,25840,240,0,0,0,0,406,0,0,0,0,45,5456
701,1,1,0,0,0,0,0,0,0,0,0,400,400,400,0,0,0,0,400,400,400,100.000000,12800,25840,49.535604,10,10,10,10,406,6,0,6,400,25840,240,0,0,0,0,406,0,0,0,0,41,5456
702,1,1,0,0,0,0,0,0,0,0,0,400,400,400,0,0,0,0,400,400,400,100.000000,12800,25840,49.535604,10,10,10,10,406,6,0,6,400,25840,240,0,0,0,0,406,0,0,0,0,40,5456
703,1,1,0,0,0,0,0,0,0,0,0,400,400,400,0,0,0,0,400,400,400,100.000000,12800,25840,49.535604,10,10,10,10,406,6,0,6,400,25840,240,0,0,0,0,406,0,0,0,0,42,5456
704,1,1,0,0,0,0,0,0,0,0,0,400,400,400,0,0,0,0,400,400,400,100.000000,12800,25840,49.535604,10,10,10,10,406,6,0,6,400,25840,240,0,0,0,0,406,0,0,0,0,40,5456
705,1,1,0,0,0,0,0,0,0,0,0,400,400,400,0,0,0,0,400,400,400,100.000000,12800,25840,49.535604,10,10,10,10,406,6,0,6,400,25840,240,0,0,0,0,406,0,0,0,0,34,5456
706,1,1,0,0,0,0,0,0,0,0,0,400,400,400,0,0,0,0,400,400,400,100.000000,12800,25840,49.535604,10,10,10,10,406,6,0,6,400,25840,240,0,0,0,0,406,0,0,0,0,43,5456
707,1,1,0,0,0,0,0,0,0,0,0,400,400,400,0,0,0,0,400,400,400,100.000000,12800,25840,49.535604,10,10,10,10,406,6,0,6,400,25840,240,0,0,0,0,406,0,0,0,0,42,5456
708,1,1,0,0,0,0,0,0,0,0,0,400,400,400,0,0,0,0,400,400,400,100.000000,12800,25840,49.535604,10,10,10,10,406,6,0,6,400,25840,240,0,0,0,0,406,0,0,0,0,39,5456
709,1,1,0,0,0,0,0,0,0,0,0,400,400,400,0,0,0,0,400,400,400,100.000000,12800,25840,49.535604,10,10,10,10,406,6,0,6,400,25840,240,0,0,0,0,406,0,0,0,0,32,5456
710,1,1,0,0,0,0,0,0,0,0,0,400,400,400,0,0,0,0,400,400,400,100.000000,12800,25840,49.535604,10,10,10,10,406,6,0,6,400,25840,240,0,0,0,0,406,0,0,0,0,37,5456
711,1,1,0,0,0,0,0,0,0,0,0,400,400,400,0,0,0,0,400,400,400,100.000000,12800,25840,49.535604,10,10,10,10,406,6,0,6,400,25840,240,0,0,0,0,406,0,0,0,0,43,5456
712,1,1,0,0,0,0,0,0,0,0,0,400,400,400,0,0,0,0,400,400,400,100.000000,12800,25840,49.535604,10,10,10,10,406,6,0,6,400,25840,240,0,0,0,0,406,0,0,0,0,39,5456
713,1,1,0,0,0,0,0,0,0,0,0,400,400,400,0,0,0,0,400,400,400,100.000000,12800,25840,49.535604,10,10,10,10,406,6,0,6,400,25840,240,0,0,0,0,406,0,0,0,0,45,5456
714,1,1,0,0,0,0,0,0,0,0,0,400,400,400,0,0,0,0,400,400,400,100.000000,12800,25840,49.535604,10,10,10,10,406,6,0,6,400,25840,240,0,0,0,0,406,0,0,0,0,42,5456
715,1,1,0,0,0,0,0,0,0,0,0,400,400,400,0,0,0,0,400,400,400,100.000000,12800,25840,49.535604,10,10,10,10,406,6,0,6,400,25840,240,0,0,0,0,406,0,0,0,0,42,5456
716,1,1,0,0,0,0,0,0,0,0,0,400,400,400,0,0,0,0,400,400,400,100.000000,12800,25840,49.535604,10,10,10,10,406,6,0,6,400,25840,240,0,0,0,0,406,0,0,0,0,43,5456
717,1,1,0,0,0,0,0,0,0,0,0,400,400,400,0,0,0,0,400,400,400,100.000000,12800,25840,49.535604,10,10,10,10,406,6,0,6,400,25840,240,0,0,0,0,406,0,0,0,0,41,5456
718,1,1,0,0,0,0,0,0,0,0,0,400,400,400,0,0,0,0,400,400,400,100.000000,12800,25840,49.535604,10,10,10,10,406,6,0,6,400,25840,240,0,0,0,0,406,0,0,0,0,47,5456
719,1,1,0,0,0,0,0,0,0,0,0,400,400,400,0,0,0,0,400,400,400,100.000000,12800,25840,49.535604,10,10,10,10,406,6,0,6,400,25840,240,0,0,0,0,406,0,0,0,0,42,5456
720,1,1,0,0,0,0,0,0,0,0,0,400,400,400,0,0,0,0,400,400,400,100.000000,12800,25840,49.535604,10,10,10,10,406,6,0,6,400,25840,240,0,0,0,0,406,0,0,0,0,41,5456
721,1,1,0,0,0,0,0,0,0,0,0,400,400,400,0,0,0,0,400,400,400,100.000000,12800,25840,49.535604,10,10,10,10,406,6,0,6,400,25840,240,0,0,0,0,406,0,0,0,0,41,5456
722,1,1,0,0,0,0,0,0,0,0,0,400,400,400,0,0,0,0,400,400,400,100.000000,12800,25840,49.535604,10,10,10,10,406,6,0,6,400,25840,240,0,0,0,0,406,0,0,0,0,43,5456
723,1,1,0,0,0,0,0,0,0,0,0,400,400,400,0,0,0,0,400,400,400,100.000000,12800,25840,49.535604,10,10,10,10,406,6,0,6,400,25840,240,0,0,0,0,406,0,0,0,0,38,5456
724,1,1,0,0,0,0,0,0,0,0,0,400,400,400,0,0,0,0,400,400,400,100.000000,12800,25840,49.535604,10,10,10,10,406,6,0,6,400,25840,240,0,0,0,0,406,0,0,0,0,41,5456
725,1,1,0,0,0,0,0,0,0,0,0,400,400,400,0,0,0,0,400,400,400,100.000000,12800,25840,49.535604,10,10,10,10,406,6,0,6,400,25840,240,0,0,0,0,406,0,0,0,0,41,5456
726,1,1,0,0,0,0,0,0,0,0,0,400,400,400,0,0,0,0,400,400,400,100.000000,12800,25840,49.535604,10,10,10,10,406,6,0,6,400,25840,240,0,0,0,0,406,0,0,0,0,41,5456
727,1,1,0,0,0,0,0,0,0,0,0,400,400,400,0,0,0,0,400,400,400,100.000000,12800,25840,49.535604,10,10,10,10,406,6,0,6,400,25840,240,0,0,0,0,406,0,0,0,0,41,5456
728,1,1,0,0,0,0,0,0,0,0,0,400,400,400,0,0,0,0,400,400,400,100.000000,12800,25840,49.535604,10,10,10,10,406,6,0,6,400,25840,240,0,0,0,0,406,0,0,0,0,41,5456
729,1,1,0,0,0,0,0,0,0,0,0,400,400,400,0,0,0,0,400,400,400,100.000000,12800,25840,49.535604,10,10,10,10,406,6,0,6,400,25840,240,0,0,0,0,406,0,0,0,0,41,5456
730,1,1,0,0,0,0,0,0,0,0,0,400,400,400,0,0,0,0,400,400,400,100.000000,12800,25840,49.535604,10,10,10,10,406,6,0,6,400,25840,240,0,0,0,0,406,0,0,0,0,44,5456
731,1,1,0,0,0,0,0,0,0,0,0,400,400,400,0,0,0,0,400,400,400,100.000000,12800,25840,49.535604,10,10,10,10,406,6,0,6,400,25840,240,0,0,0,0,406,0,0,0,0,42,5456
732,1,1,0,0,0,0,0,0,0,0,0,400,400,400,0,0,0,0,400,400,400,100.000000,12800,25840,49.535604,10,10,10,10,406,6,0,6,400,25840,240,0,0,0,0,406,0,0,0,0,37,5456
733,1,1,0,0,0,0,0,0,0,0,0,400,400,400,0,0,0,0,400,400,400,100.000000,12800,25840,49.535604,10,10,10,10,406,6,0,6,400,25840,240,0,0,0,0,406,0,0,0,0,39,5456
734,1,1,0,0,0,0,0,0,0,0,0,400,400,400,0,0,0,0,400,400,400,100.000000,12800,25840,49.535604,10,10,10,10,406,6,0,6,400,25840,240,0,0,0,0,406,0,0,0,0,38,5456
735,1,1,0,0,0,0,0,0,0,0,0,400,400,400,0,0,0,0,400,400,400,100.000000,12800,25840,49.535604,10,10,10,10,406,6,0,6,400,25840,240,0,0,0,0,406,0,0,0,0,36,5456
736,1,1,0,0,0,0,0,0,0,0,0,400,400,400,0,0,0,0,400,400,400,100.000000,12800,25840,49.535604,10,10,10,10,406,6,0,6,400,25840,240,0,0,0,0,406,0,0,0,0,42,5456
737,1,1,0,0,0,0,0,0,0,0,0,400,400,400,0,0,0,0,400,400,400,100.000000,12800,25840,49.535604,10,10,10,10,406,6,0,6,400,25840,240,0,0,0,0,406,0,0,0,0,45,5456
738,1,1,0,0,0,0,0,0,0,0,0,400,400,400,0,0,0,0,400,400,400,100.000000,12800,25840,49.535604,10,10,10,10,406,6,0,6,400,25840,240,0,0,0,0,406,0,0,0,0,42,5456
739,1,1,0,0,0,0,0,0,0,0,0,400,400,400,0,0,0,0,400,400,400,100.000000,12800,25840,49.535604,10,10,10,10,406,6,0,6,400,25840,240,0,0,0,0,406,0,0,0,0,41,5456
740,1,1,0,0,0,0,0,0,0,0,0,400,400,400,0,0,0,0,400,400,400,100.000000,12800,25840,49.535604,10,10,10,10,406,6,0,6,400,25840,240,0,0,0,0,406,0,0,0,0,37,5456
741,1,1,0,0,0,0,0,0,0,0,0,400,400,400,0,0,0,0,400,400,400,100.000000,12800,25840,49.535604,10,10,10,10,406,6,0,6,400,25840,240,0,0,0,0,406,0,0,0,0,50,5456
742,1,1,0,0,0,0,0,0,0,0,0,400,400,400,0,0,0,0,400,400,400,100.000000,12800,25840,49.535604,10,10,10,10,406,6,0,6,400,25840,240,0,0,0,0,406,0,0,0,0,43,5456
743,1,1,0,0,0,0,0,0,0,0,0,400,400,400,0,0,0,0,400,400,400,100.000000,12800,25840,49.535604,10,10,10,10,406,6,0,6,400,25840,240,0,0,0,0,406,0,0,0,0,43,5456
744,1,1,0,0,0,0,0,0,0,0,0,400,400,400,0,0,0,0,400,400,400,100.000000,12800,25840,49.535604,10,10,10,10,406,6,0,6,400,25840,240,0,0,0,0,406,0,0,0,0,43,5456
745,1,1,0,0,0,0,0,0,0,0,0,400,400,400,0,0,0,0,400,400,400,100.000000,12800,25840,49.535604,10,10,10,10,406,6,0,6,400,25840,240,0,0,0,0,406,0,0,0,0,38,5456
746,1,1,0,0,0,0,0,0,0,0,0,400,400,400,0,0,0,0,400,400,400,100.000000,12800,25840,49.535604,10,10,10,10,406,6,0,6,400,25840,240,0,0,0,0,406,0,0,0,0,44,5456
747,1,1,0,0,0,0,0,0,0,0,0,400,400,400,0,0,0,0,400,400,400,100.000000,12800,25840,49.535604,10,10,10,10,406,6,0,6,400,25840,240,0,0,0,0,406,0,0,0,0,40,5456
748,1,1,0,0,0,0,0,0,0,0,0,400,400,400,0,0,0,0,400,400,400,100.000000,12800,25840,49.535604,10,10,10,10,406,6,0,6,400,25840,240,0,0,0,0,406,0,0,0,0,41,5456
749,1,1,0,0,0,0,0,0,0,0,0,400,400,400,0,0,0,0,400,400,400,100.000000,12800,25840,49.535604,10,10,10,10,406,6,0,6,400,25840,240,0,0,0,0,406,0,0,0,0,43,5456
750,1,1,0,0,0,0,0,0,0,0,0,400,400,400,0,0,0,0,400,400,400,100.000000,12800,25840,49.535604,10,10,10,10,406,6,0,6,400,25840,240,0,0,0,0,406,0,0,0,0,40,5456
751,1,1,0,0,0,0,0,0,0,0,0,400,400,400,0,0,0,0,400,400,400,100.000000,12800,25840,49.535604,10,10,10,10,406,6,0,6,400,25840,240,0,0,0,0,406,0,0,0,0,42,5456
752,1,1,0,0,0,0,0,0,0,0,0,400,400,400,0,0,0,0,400,400,400,100.000000,12800,25840,49.535604,10,10,10,10,406,6,0,6,400,25840,240,0,0,0,0,406,0,0,0,0,43,5456
753,1,1,0,0,0,0,0,0,0,0,0,400,400,400,0,0,0,0,400,400,400,100.000000,12800,25840,49.535604,10,10,10,10,406,6,0,6,400,25840,240,0,0,0,0,406,0,0,0,0,43,5456
754,1,1,0,0,0,0,0,0,0,0,0,400,400,400,0,0,0,0,400,400,400,100.000000,12800,25840,49.535604,10,10,10,10,406,6,0,6,400,25840,240,0,0,0,0,406,0,0,0,0,44,5456
755,1,1,0,0,0,0,0,0,0,0,0,400,400,400,0,0,0,0,400,400,400,100.000000,12800,25840,49.535604,10,10,10,10,406,6,0,6,400,25840,240,0,0,0,0,406,0,0,0,0,42,5456
756,1,1,0,0,0,0,0,0,0,0,0,400,400,400,0,0,0,0,400,400,400,100.000000,12800,25840,49.535604,10,10,10,10,406,6,0,6,400,25840,240,0,0,0,0,406,0,0,0,0,43,5456
757,1,1,0,0,0,0,0,0,0,0,0,400,400,400,0,0,0,0,400,400,400,100.000000,12800,25840,49.535604,10,10,10,10,406,6,0,6,400,25840,240,0,0,0,0,406,0,0,0,0,38,5456
758,1,1,0,0,0,0,0,0,0,0,0,400,400,400,0,0,0,0,400,400,400,100.000000,12800,25840,49.535604,10,10,10,10,406,6,0,6,400,25840,240,0,0,0,0,406,0,0,0,0,40,5456
759,1,1,0,0,0,0,0,0,0,0,0,400,400,400,0,0,0,0,400,400,400,100.000000,12800,25840,49.535604,10,10,10,10,406,6,0,6,400,25840,240,0,0,0,0,406,0,0,0,0,41,5456
760,1,1,0,0,0,0,0,0,0,0,0,400,400,400,0,0,0,0,400,400,400,100.000000,12800,25840,49.535604,10,10,10,10,406,6,0,6,400,25840,240,0,0,0,0,406,0,0,0,0,45,5456
761,1,1,0,0,0,0,0,0,0,0,0,400,400,400,0,0,0,0,400,400,400,100.000000,12800,25840,49.535604,10,10,10,10,406,6,0,6,400,25840,240,0,0,0,0,406,0,0,0,0,46,5456
762,1,1,0,0,0,0,0,0,0,0,0,400,400,400,0,0,0,0,400,400,400,100.000000,12800,25840,49.535604,10,10,10,10,406,6,0,6,400,25840,240,0,0,0,0,406,0,0,0,0,46,5456
763,1,1,0,0,0,0,0,0,0,0,0,400,400,400,0,0,0,0,400,400,400,100.000000,12800,25840,49.535604,10,10,10,10,406,6,0,6,400,25840,240,0,0,0,0,406,0,0,0,0,44,5456
764,1,1,0,0,0,0,0,0,0,0,0,400,400,400,0,0,0,0,400,400,400,100.000000,12800,25840,49.535604,10,10,10,10,406,6,0,6,400,25840,240,0,0,0,0,406,0,0,0,0,49,5456
765,1,1,0,0,0,0,0,0,0,0,0,400,400,400,0,0,0,0,400,400,400,100.000000,12800,25840,49.535604,10,10,10,10,406,6,0,6,400,25840,240,0,0,0,0,406,0,0,0,0,41,5456
766,1,1,0,0,0,0,0,0,0,0,0,400,400,400,0,0,0,0,400,400,400,100.000000,12800,25840,49.535604,10,10,10,10,406,6,0,6,400,25840,240,0,0,0,0,406,0,0,0,0,48,5456
767,1,1,0,0,0,0,0,0,0,0,0,400,400,400,0,0,0,0,400,400,400,100.000000,12800,25840,49.535604,10,10,10,10,406,6,0,6,400,25840,240,0,0,0,0,406,0,0,0,0,46,5456
768,1,1,0,0,0,0,0,0,0,0,0,400,400,400,0,0,0,0,400,400,400,100.000000,12800,25840,49.535604,10,10,10,10,406,6,0,6,400,25840,240,0,0,0,0,406,0,0,0,0,45,5456
769,1,1,0,0,0,0,0,0,0,0,0,400,400,400,0,0,0,0,400,400,400,100.000000,12800,25840,49.535604,10,10,10,10,406,6,0,6,400,25840,240,0,0,0,0,406,0,0,0,0,38,5456
770,1,1,0,0,0,0,0,0,0,0,0,400,400,400,0,0,0,0,400,400,400,100.000000,12800,25840,49.535604,10,10,10,10,406,6,0,6,400,25840,240,0,0,0,0,406,0,0,0,0,38,5456
771,1,1,0,0,0,0,0,0,0,0,0,400,400,400,0,0,0,0,400,400,400,100.000000,12800,25840,49.535604,10,10,10,10,406,6,0,6,400,25840,240,0,0,0,0,406,0,0,0,0,41,5456
772,1,1,0,0,0,0,0,0,0,0,0,400,400,400,0,0,0,0,400,400,400,100.000000,12800,25840,49.535604,10,10,10,10,406,6,0,6,400,25840,240,0,0,0,0,406,0,0,0,0,43,5456
773,1,1,0,0,0,0,0,0,0,0,0,400,400,400,0,0,0,0,400,400,400,100.000000,12800,25840,49.535604,10,10,10,10,406,6,0,6,400,25840,240,0,0,0,0,406,0,0,0,0,41,5456
774,1,1,0,0,0,0,0,0,0,0,0,400,400,400,0,0,0,0,400,400,400,100.000000,12800,25840,49.535604,10,10,10,10,406,6,0,6,400,25840,240,0,0,0,0,406,0,0,0,0,41,5456
775,1,1,0,0,0,0,0,0,0,0,0,400,400,400,0,0,0,0,400,400,400,100.000000,12800,25840,49.535604,10,10,10,10,406,6,0,6,400,25840,240,0,0,0,0,406,0,0,0,0,44,5456
776,1,1,0,0,0,0,0,0,0,0,0,400,400,400,0,0,0,0,400,400,400,100.000000,12800,25840,49.535604,10,10,10,10,406,6,0,6,400,25840,240,0,0,0,0,406,0,0,0,0,38,5456
777,1,1,0,0,0,0,0,0,0,0,0,400,400,400,0,0,0,0,400,400,400,100.000000,12800,25840,49.535604,10,10,10,10,406,6,0,6,400,25840,240,0,0,0,0,406,0,0,0,0,37,5456
778,1,1,0,0,0,0,0,0,0,0,0,400,400,400,0,0,0,0,400,400,400,100.000000,12800,25840,49.535604,10,10,10,10,406,6,0,6,400,25840,240,0,0,0,0,406,0,0,0,0,41,5456
779,1,1,0,0,0,0,0,0,0,0,0,400,400,400,0,0,0,0,400,400,400,100.000000,12800,25840,49.535604,10,10,10,10,406,6,0,6,400,25840,240,0,0,0,0,406,0,0,0,0,39,5456
780,1,1,0,0,0,0,0,0,0,0,0,400,400,400,0,0,0,0,400,400,400,100.000000,12800,25840,49.535604,10,10,10,10,406,6,0,6,400,25840,240,0,0,0,0,406,0,0,0,0,37,5456
781,1,1,0,0,0,0,0,0,0,0,0,400,400,400,0,0,0,0,400,400,400,100.000000,12800,25840,49.535604,10,10,10,10,406,6,0,6,400,25840,240,0,0,0,0,406,0,0,0,0,40,5456
782,1,1,0,0,0,0,0,0,0,0,0,400,400,400,0,0,0,0,400,400,400,100.000000,12800,25840,49.535604,10,10,10,10,406,6,0,6,400,25840,240,0,0,0,0,406,0,0,0,0,39,5456
783,1,1,0,0,0,0,0,0,0,0,0,400,400,400,0,0,0,0,400,400,400,100.000000,12800,25840,49.535604,10,10,10,10,406,6,0,6,400,25840,240,0,0,0,0,406,0,0,0,0,42,5456
784,1,1,0,0,0,0,0,0,0,0,0,400,400,400,0,0,0,0,400,400,400,100.000000,12800,25840,49.535604,10,10,10,10,406,6,0,6,400,25840,240,0,0,0,0,406,0,0,0,0,41,5456
785,1,1,0,0,0,0,0,0,0,0,0,400,400,400,0,0,0,0,400,400,400,100.000000,12800,25840,49.535604,10,10,10,10,406,6,0,6,400,25840,240,0,0,0,0,406,0,0,0,0,40,5456
786,1,1,0,0,0,0,0,0,0,0,0,400,400,400,0,0,0,0,400,400,400,100.000000,12800,25840,49.535604,10,10,10,10,406,6,0,6,400,25840,240,0,0,0,0,406,0,0,0,0,40,5456
787,1,1,0,0,0,0,0,0,0,0,0,400,400,400,0,0,0,0,400,400,400,100.000000,12800,25840,49.535604,10,10,10,10,406,6,0,6,400,25840,240,0,0,0,0,406,0,0,0,0,43,5456
788,1,1,0,0,0,0,0,0,0,0,0,400,400,400,0,0,0,0,400,400,400,100.000000,12800,25840,49.535604,10,10,10,10,406,6,0,6,400,25840,240,0,0,0,0,406,0,0,0,0,42,5456
789,1,1,0,0,0,0,0,0,0,0,0,400,400,400,0,0,0,0,400,400,400,100.000000,12800,25840,49.535604,10,10,10,10,406,6,0,6,400,25840,240,0,0,0,0,406,0,0,0,0,38,5456
790,1,1,0,0,0,0,0,0,0,0,0,400,400,400,0,0,0,0,400,400,400,100.000000,12800,25840,49.535604,10,10,10,10,406,6,0,6,400,25840,240,0,0,0,0,406,0,0,0,0,46,5456
791,1,1,0,0,0,0,0,0,0,0,0,400,400,400,0,0,0,0,400,400,400,100.000000,12800,25840,49.535604,10,10,10,10,406,6,0,6,400,25840,240,0,0,0,0,406,0,0,0,0,43,5456
792,1,1,0,0,0,0,0,0,0,0,0,400,400,400,0,0,0,0,400,400,400,100.000000,12800,25840,49.535604,10,10,10,10,406,6,0,6,400,25840,240,0,0,0,0,406,0,0,0,0,40,5456
793,1,1,0,0,0,0,0,0,0,0,0,400,400,400,0,0,0,0,400,400,400,100.000000,12800,25840,49.535604,10,10,10,10,406,6,0,6,400,25840,240,0,0,0,0,406,0,0,0,0,39,5456
794,1,1,0,0,0,0,0,0,0,0,0,400,400,400,0,0,0,0,400,400,400,100.000000,12800,25840,49.535604,10,10,10,10,406,6,0,6,400,25840,240,0,0,0,0,406,0,0,0,0,40,5456
795,1,1,0,0,0,0,0,0,0,0,0,400,400,400,0,0,0,0,400,400,400,100.000000,12800,25840,49.535604,10,10,10,10,406,6,0,6,400,25840,240,0,0,0,0,406,0,0,0,0,41,5456
796,1,1,0,0,0,0,0,0,0,0,0,400,400,400,0,0,0,0,400,400,400,100.000000,12800,25840,49.535604,10,10,10,10,406,6,0,6,400,25840,240,0,0,0,0,406,0,0,0,0,35,5456
797,1,1,0,0,0,0,0,0,0,0,0,400,400,400,0,0,0,0,400,400,400,100.000000,12800,25840,49.535604,10,10,10,10,406,6,0,6,400,25840,240,0,0,0,0,406,0,0,0,0,33,5456
798,1,1,0,0,0,0,0,0,0,0,0,400,400,400,0,0,0,0,400,400,400,100.000000,12800,25840,49.535604,10,10,10,10,406,6,0,6,400,25840,240,0,0,0,0,406,0,0,0,0,44,5456
799,1,1,0,0,0,0,0,0,0,0,0,400,400,400,0,0,0,0,400,400,400,100.000000,12800,25840,49.535604,10,10,10,10,406,6,0,6,400,25840,240,0,0,0,0,406,0,0,0,0,46,5456
800,1,1,0,0,0,0,0,0,0,0,0,400,400,400,0,0,0,0,400,400,400,100.000000,12800,25840,49.535604,10,10,10,10,406,6,0,6,400,25840,240,0,0,0,0,406,0,0,0,0,45,5456
801,1,1,0,0,0,0,0,0,0,0,0,400,400,400,0,0,0,0,400,400,400,100.000000,12800,25840,49.535604,10,10,10,10,406,6,0,6,400,25840,240,0,0,0,0,406,0,0,0,0,41,5456
802,1,1,0,0,0,0,0,0,0,0,0,400,400,400,0,0,0,0,400,400,400,100.000000,12800,25840,49.535604,10,10,10,10,406,6,0,6,400,25840,240,0,0,0,0,406,0,0,0,0,44,5456
803,1,1,0,0,0,0,0,0,0,0,0,400,400,400,0,0,0,0,400,400,400,100.000000,12800,25840,49.535604,10,10,10,10,406,6,0,6,400,25840,240,0,0,0,0,406,0,0,0,0,42,5456
804,1,1,0,0,0,0,0,0,0,0,0,400,400,400,0,0,0,0,400,400,400,100.000000,12800,25840,49.535604,10,10,10,10,406,6,0,6,400,25840,240,0,0,0,0,406,0,0,0,0,39,5456
805,1,1,0,0,0,0,0,0,0,0,0,400,400,400,0,0,0,0,400,400,400,100.000000,12800,25840,49.535604,10,10,10,10,406,6,0,6,400,25840,240,0,0,0,0,406,0,0,0,0,40,5456
806,1,1,0,0,0,0,0,0,0,0,0,400,400,400,0,0,0,0,400,400,400,100.000000,12800,25840,49.535604,10,10,10,10,406,6,0,6,400,25840,240,0,0,0,0,406,0,0,0,0,42,5456
807,1,1,0,0,0,0,0,0,0,0,0,400,400,400,0,0,0,0,400,400,400,100.000000,12800,25840,49.535604,10,10,10,10,406,6,0,6,400,25840,240,0,0,0,0,406,0,0,0,0,41,5456
808,1,1,0,0,0,0,0,0,0,0,0,400,400,400,0,0,0,0,400,400,400,100.000000,12800,25840,49.535604,10,10,10,10,406,6,0,6,400,25840,240,0,0,0,0,406,0,0,0,0,43,5456
809,1,1,0,0,0,0,0,0,0,0,0,400,400,400,0,0,0,0,400,400,400,100.000000,12800,25840,49.535604,10,10,10,10,406,6,0,6,400,25840,240,0,0,0,0,406,0,0,0,0,42,5456
810,1,1,0,0,0,0,0,0,0,0,0,400,400,400,0,0,0,0,400,400,400,100.000000,12800,25840,49.535604,10,10,10,10,406,6,0,6,400,25840,240,0,0,0,0,406,0,0,0,0,41,5456
811,1,1,0,0,0,0,0,0,0,0,0,400,400,400,0,0,0,0,400,400,400,100.000000,12800,25840,49.535604,10,10,10,10,406,6,0,6,400,25840,240,0,0,0,0,406,0,0,0,0,43,5456
812,1,1,0,0,0,0,0,0,0,0,0,400,400,400,0,0,0,0,400,400,400,100.000000,12800,25840,49.535604,10,10,10,10,406,6,0,6,400,25840,240,0,0,0,0,406,0,0,0,0,43,5456
813,1,1,0,0,0,0,0,0,0,0,0,400,400,400,0,0,0,0,400,400,400,100.000000,12800,25840,49.535604,10,10,10,10,406,6,0,6,400,25840,240,0,0,0,0,406,0,0,0,0,35,5456
814,1,1,0,0,0,0,0,0,0,0,0,400,400,400,0,0,0,0,400,400,400,100.000000,12800,25840,49.535604,10,10,10,10,406,6,0,6,400,25840,240,0,0,0,0,406,0,0,0,0,38,5456
815,1,1,0,0,0,0,0,0,0,0,0,400,400,400,0,0,0,0,400,400,400,100.000000,12800,25840,49.535604,10,10,10,10,406,6,0,6,400,25840,240,0,0,0,0,406,0,0,0,0,44,5456
816,1,1,0,0,0,0,0,0,0,0,0,400,400,400,0,0,0,0,400,400,400,100.000000,12800,25840,49.535604,10,10,10,10,406,6,0,6,400,25840,240,0,0,0,0,406,0,0,0,0,43,5456
817,1,1,0,0,0,0,0,0,0,0,0,400,400,400,0,0,0,0,400,400,400,100.000000,12800,25840,49.535604,10,10,10,10,406,6,0,6,400,25840,240,0,0,0,0,406,0,0,0,0,43,5456
818,1,1,0,0,0,0,0,0,0,0,0,400,400,400,0,0,0,0,400,400,400,100.000000,12800,25840,49.535604,10,10,10,10,406,6,0,6,400,25840,240,0,0,0,0,406,0,0,0,0,39,5456
819,1,1,0,0,0,0,0,0,0,0,0,400,400,400,0,0,0,0,400,400,400,100.000000,12800,25840,49.535604,10,10,10,10,406,6,0,6,400,25840,240,0,0,0,0,406,0,0,0,0,43,5456
820,1,1,0,0,0,0,0,0,0,0,0,400,400,400,0,0,0,0,400,400,400,100.000000,12800,25840,49.535604,10,10,10,10,406,6,0,6,400,25840,240,0,0,0,0,406,0,0,0,0,33,5456
821,1,1,0,0,0,0,0,0,0,0,0,400,400,400,0,0,0,0,400,400,400,100.000000,12800,25840,49.535604,10,10,10,10,406,6,0,6,400,25840,240,0,0,0,0,406,0,0,0,0,48,5456
822,1,1,0,0,0,0,0,0,0,0,0,400,400,400,0,0,0,0,400,400,400,100.000000,12800,25840,49.535604,10,10,10,10,406,6,0,6,400,25840,240,0,0,0,0,406,0,0,0,0,50,5456
823,1,1,0,0,0,0,0,0,0,0,0,400,400,400,0,0,0,0,400,400,400,100.000000,12800,25840,49.535604,10,10,10,10,406,6,0,6,400,25840,240,0,0,0,0,406,0,0,0,0,47,5456
824,1,1,0,0,0,0,0,0,0,0,0,400,400,400,0,0,0,0,400,400,400,100.000000,12800,25840,49.535604,10,10,10,10,406,6,0,6,400,25840,240,0,0,0,0,406,0,0,0,0,55,5456
825,1,1,0,0,0,0,0,0,0,0,0,400,400,400,0,0,0,0,400,400,400,100.000000,12800,25840,49.535604,10,10,10,10,406,6,0,6,400,25840,240,0,0,0,0,406,0,0,0,0,44,5456
826,1,1,0,0,0,0,0,0,0,0,0,400,400,400,0,0,0,0,400,400,400,100.000000,12800,25840,49.535604,10,10,10,10,406,6,0,6,400,25840,240,0,0,0,0,406,0,0,0,0,49,5456
827,1,1,0,0,0,0,0,0,0,0,0,400,400,400,0,0,0,0,400,400,400,100.000000,12800,25840,49.535604,10,10,10,10,406,6,0,6,400,25840,240,0,0,0,0,406,0,0,0,0,48,5456
828,1,1,0,0,0,0,0,0,0,0,0,400,400,400,0,0,0,0,400,400,400,100.000000,12800,25840,49.535604,10,10,10,10,406,6,0,6,400,25840,240,0,0,0,0,406,0,0,0,0,45,5456
829,1,1,0,0,0,0,0,0,0,0,0,400,400,400,0,0,0,0,400,400,400,100.000000,12800,25840,49.535604,10,10,10,10,406,6,0,6,400,25840,240,0,0,0,0,406,0,0,0,0,40,5456
830,1,1,0,0,0,0,0,0,0,0,0,400,400,400,0,0,0,0,400,400,400,100.000000,12800,25840,49.535604,10,10,10,10,406,6,0,6,400,25840,240,0,0,0,0,406,0,0,0,0,44,5456
831,1,1,0,0,0,0,0,0,0,0,0,400,400,400,0,0,0,0,400,400,400,100.000000,12800,25840,49.535604,10,10,10,10,406,6,0,6,400,25840,240,0,0,0,0,406,0,0,0,0,45,5456
832,1,1,0,0,0,0,0,0,0,0,0,400,400,400,0,0,0,0,400,400,400,100.000000,12800,25840,49.535604,10,10,10,10,406,6,0,6,400,25840,240,0,0,0,0,406,0,0,0,0,48,5456
833,1,1,0,0,0,0,0,0,0,0,0,400,400,400,0,0,0,0,400,400,400,100.000000,12800,25840,49.535604,10,10,10,10,406,6,0,6,400,25840,240,0,0,0,0,406,0,0,0,0,43,5456
834,1,1,0,0,0,0,0,0,0,0,0,400,400,400,0,0,0,0,400,400,400,100.000000,12800,25840,49.535604,10,10,10,10,406,6,0,6,400,25840,240,0,0,0,0,406,0,0,0,0,40,5456
835,1,1,0,0,0,0,0,0,0,0,0,400,400,400,0,0,0,0,400,400,400,100.000000,12800,25840,49.535604,10,10,10,10,406,6,0,6,400,25840,240,0,0,0,0,406,0,0,0,0,42,5456
836,1,1,0,0,0,0,0,0,0,0,0,400,400,400,0,0,0,0,400,400,400,100.000000,12800,25840,49.535604,10,10,10,10,406,6,0,6,400,25840,240,0,0,0,0,406,0,0,0,0,43,5456
837,1,1,0,0,0,0,0,0,0,0,0,400,400,400,0,0,0,0,400,400,400,100.000000,12800,25840,49.535604,10,10,10,10,406,6,0,6,400,25840,240,0,0,0,0,406,0,0,0,0,35,5456
838,1,1,0,0,0,0,0,0,0,0,0,400,400,400,0,0,0,0,400,400,400,100.000000,12800,25840,49.535604,10,10,10,10,406,6,0,6,400,25840,240,0,0,0,0,406,0,0,0,0,41,5456
839,1,1,0,0,0,0,0,0,0,0,0,400,400,400,0,0,0,0,400,400,400,100.000000,12800,25840,49.535604,10,10,10,10,406,6,0,6,400,25840,240,0,0,0,0,406,0,0,0,0,44,5456
840,1,1,0,0,0,0,0,0,0,0,0,400,400,400,0,0,0,0,400,400,400,100.000000,12800,25840,49.535604,10,10,10,10,406,6,0,6,400,25840,240,0,0,0,0,406,0,0,0,0,41,5456
841,1,1,0,0,0,0,0,0,0,0,0,400,400,400,0,0,0,0,400,400,400,100.000000,12800,25840,49.535604,10,10,10,10,406,6,0,6,400,25840,240,0,0,0,0,406,0,0,0,0,43,5456
842,1,1,0,0,0,0,0,0,0,0,0,400,400,400,0,0,0,0,400,400,400,100.000000,12800,25840,49.535604,10,10,10,10,406,6,0,6,400,25840,240,0,0,0,0,406,0,0,0,0,41,5456
843,1,1,0,0,0,0,0,0,0,0,0,400,400,400,0,0,0,0,400,400,400,100.000000,12800,25840,49.535604,10,10,10,10,406,6,0,6,400,25840,240,0,0,0,0,406,0,0,0,0,43,5456
844,1,1,0,0,0,0,0,0,0,0,0,400,400,400,0,0,0,0,400,400,400,100.000000,12800,25840,49.535604,10,10,10,10,406,6,0,6,400,25840,240,0,0,0,0,406,0,0,0,0,41,5456
845,1,1,0,0,0,0,0,0,0,0,0,400,400,400,0,0,0,0,400,400,400,100.000000,12800,25840,49.535604,10,10,10,10,406,6,0,6,400,25840,240,0,0,0,0,406,0,0,0,0,43,5456
846,1,1,0,0,0,0,0,0,0,0,0,400,400,400,0,0,0,0,400,400,400,100.000000,12800,25840,49.535604,10,10,10,10,406,6,0,6,400,25840,240,0,0,0,0,406,0,0,0,0,51,5456
847,1,1,0,0,0,0,0,0,0,0,0,400,400,400,0,0,0,0,400,400,400,100.000000,12800,25840,49.535604,10,10,10,10,406,6,0,6,400,25840,240,0,0,0,0,406,0,0,0,0,47,5456
848,1,1,0,0,0,0,0,0,0,0,0,400,400,400,0,0,0,0,400,400,400,100.000000,12800,25840,49.535604,10,10,10,10,406,6,0,6,400,25840,240,0,0,0,0,406,0,0,0,0,48,5456
849,1,1,0,0,0,0,0,0,0,0,0,400,400,400,0,0,0,0,400,400,400,100.000000,12800,25840,49.535604,10,10,10,10,406,6,0,6,400,25840,240,0,0,0,0,406,0,0,0,0,41,5456
850,1,1,0,0,0,0,0,0,0,0,0,400,400,400,0,0,0,0,400,400,400,100.000000,12800,25840,49.535604,10,10,10,10,406,6,0,6,400,25840,240,0,0,0,0,406,0,0,0,0,46,5456
851,1,1,0,0,0,0,0,0,0,0,0,400,400,400,0,0,0,0,400,400,400,100.000000,12800,25840,49.535604,10,10,10,10,406,6,0,6,400,25840,240,0,0,0,0,406,0,0,0,0,48,5456
852,1,1,0,0,0,0,0,0,0,0,0,400,400,400,0,0,0,0,400,400,400,100.000000,12800,25840,49.535604,10,10,10,10,406,6,0,6,400,25840,240,0,0,0,0,406,0,0,0,0,46,5456
853,1,1,0,0,0,0,0,0,0,0,0,400,400,400,0,0,0,0,400,400,400,100.000000,12800,25840,49.535604,10,10,10,10,406,6,0,6,400,25840,240,0,0,0,0,406,0,0,0,0,42,5456
854,1,1,0,0,0,0,0,0,0,0,0,400,400,400,0,0,0,0,400,400,400,100.000000,12800,25840,49.535604,10,10,10,10,406,6,0,6,400,25840,240,0,0,0,0,406,0,0,0,0,46,5456
855,1,1,0,0,0,0,0,0,0,0,0,400,400,400,0,0,0,0,400,400,400,100.000000,12800,25840,49.535604,10,10,10,10,406,6,0,6,400,25840,240,0,0,0,0,406,0,0,0,0,47,5456
856,1,1,0,0,0,0,0,0,0,0,0,400,400,400,0,0,0,0,400,400,400,100.000000,12800,25840,49.535604,10,10,10,10,406,6,0,6,400,25840,240,0,0,0,0,406,0,0,0,0,47,5456
857,1,1,0,0,0,0,0,0,0,0,0,400,400,400,0,0,0,0,400,400,400,100.000000,12800,25840,49.535604,10,10,10,10,406,6,0,6,400,25840,240,0,0,0,0,406,0,0,0,0,34,5456
858,1,1,0,0,0,0,0,0,0,0,0,400,400,400,0,0,0,0,400,400,400,100.000000,12800,25840,49.535604,10,10,10,10,406,6,0,6,400,25840,240,0,0,0,0,406,0,0,0,0,36,5456
859,1,1,0,0,0,0,0,0,0,0,0,400,400,400,0,0,0,0,400,400,400,100.000000,12800,25840,49.535604,10,10,10,10,406,6,0,6,400,25840,240,0,0,0,0,406,0,0,0,0,45,5456
860,1,1,0,0,0,0,0,0,0,0,0,400,400,400,0,0,0,0,400,400,400,100.000000,12800,25840,49.535604,10,10,10,10,406,6,0,6,400,25840,240,0,0,0,0,406,0,0,0,0,42,5456
861,1,1,0,0,0,0,0,0,0,0,0,400,400,400,0,0,0,0,400,400,400,100.000000,12800,25840,49.535604,10,10,10,10,406,6,0,6,400,25840,240,0,0,0,0,406,0,0,0,0,30,5456
862,1,1,0,0,0,0,0,0,0,0,0,400,400,400,0,0,0,0,400,400,400,100.000000,12800,25840,49.535604,10,10,10,10,406,6,0,6,400,25840,240,0,0,0,0,406,0,0,0,0,33,5456
863,1,1,0,0,0,0,0,0,0,0,0,400,400,400,0,0,0,0,400,400,400,100.000000,12800,25840,49.535604,10,10,10,10,406,6,0,6,400,25840,240,0,0,0,0,406,0,0,0,0,32,5456
864,1,1,0,0,0,0,0,0,0,0,0,400,400,400,0,0,0,0,400,400,400,100.000000,12800,25840,49.535604,10,10,10,10,406,6,0,6,400,25840,240,0,0,0,0,406,0,0,0,0,30,5456
865,1,1,0,0,0,0,0,0,0,0,0,400,400,400,0,0,0,0,400,400,400,100.000000,12800,25840,49.535604,10,10,10,10,406,6,0,6,400,25840,240,0,0,0,0,406,0,0,0,0,33,5456
866,1,1,0,0,0,0,0,0,0,0,0,400,400,400,0,0,0,0,400,400,400,100.000000,12800,25840,49.535604,10,10,10,10,406,6,0,6,400,25840,240,0,0,0,0,406,0,0,0,0,29,5456
867,1,1,0,0,0,0,0,0,0,0,0,400,400,400,0,0,0,0,400,400,400,100.000000,12800,25840,49.535604,10,10,10,10,406,6,0,6,400,25840,240,0,0,0,0,406,0,0,0,0,39,5456
868,1,1,0,0,0,0,0,0,0,0,0,400,400,400,0,0,0,0,400,400,400,100.000000,12800,25840,49.535604,10,10,10,10,406,6,0,6,400,25840,240,0,0,0,0,406,0,0,0,0,41,5456
869,1,1,0,0,0,0,0,0,0,0,0,400,400,400,0,0,0,0,400,400,400,100.000000,12800,25840,49.535604,10,10,10,10,406,6,0,6,400,25840,240,0,0,0,0,406,0,0,0,0,35,5456
870,1,1,0,0,0,0,0,0,0,0,0,400,400,400,0,0,0,0,400,400,400,100.000000,12800,25840,49.535604,10,10,10,10,406,6,0,6,400,25840,240,0,0,0,0,406,0,0,0,0,43,5456
871,1,1,0,0,0,0,0,0,0,0,0,400,400,400,0,0,0,0,400,400,400,100.000000,12800,25840,49.535604,10,10,10,10,406,6,0,6,400,25840,240,0,0,0,0,406,0,0,0,0,33,5456
872,1,1,0,0,0,0,0,0,0,0,0,400,400,400,0,0,0,0,400,400,400,100.000000,12800,25840,49.535604,10,10,10,10,406,6,0,6,400,25840,240,0,0,0,0,406,0,0,0,0,42,5456
873,1,1,0,0,0,0,0,0,0,0,0,400,400,400,0,0,0,0,400,400,400,100.000000,12800,25840,49.535604,10,10,10,10,406,6,0,6,400,25840,240,0,0,0,0,406,0,0,0,0,40,5456
874,1,1,0,0,0,0,0,0,0,0,0,400,400,400,0,0,0,0,400,400,400,100.000000,12800,25840,49.535604,10,10,10,10,406,6,0,6,400,25840,240,0,0,0,0,406,0,0,0,0,36,5456
875,1,1,0,0,0,0,0,0,0,0,0,400,400,400,0,0,0,0,400,400,400,100.000000,12800,25840,49.535604,10,10,10,10,406,6,0,6,400,25840,240,0,0,0,0,406,0,0,0,0,39,5456
876,1,1,0,0,0,0,0,0,0,0,0,400,400,400,0,0,0,0,400,400,400,100.000000,12800,25840,49.535604,10,10,10,10,406,6,0,6,400,25840,240,0,0,0,0,406,0,0,0,0,41,5456
877,1,1,0,0,0,0,0,0,0,0,0,400,400,400,0,0,0,0,400,400,400,100.000000,12800,25840,49.535604,10,10,10,10,406,6,0,6,400,25840,240,0,0,0,0,406,0,0,0,0,40,5456
878,1,1,0,0,0,0,0,0,0,0,0,400,400,400,0,0,0,0,400,400,400,100.000000,12800,25840,49.535604,10,10,10,10,406,6,0,6,400,25840,240,0,0,0,0,406,0,0,0,0,35,5456
879,1,1,0,0,0,0,0,0,0,0,0,400,400,400,0,0,0,0,400,400,400,100.000000,12800,25840,49.535604,10,10,10,10,406,6,0,6,400,25840,240,0,0,0,0,406,0,0,0,0,38,5456
880,1,1,0,0,0,0,0,0,0,0,0,400,400,400,0,0,0,0,400,400,400,100.000000,12800,25840,49.535604,10,10,10,10,406,6,0,6,400,25840,240,0,0,0,0,406,0,0,0,0,41,5456
881,1,1,0,0,0,0,0,0,0,0,0,400,400,400,0,0,0,0,400,400,400,100.000000,12800,25840,49.535604,10,10,10,10,406,6,0,6,400,25840,240,0,0,0,0,406,0,0,0,0,40,5456
882,1,1,0,0,0,0,0,0,0,0,0,400,400,400,0,0,0,0,400,400,400,100.000000,12800,25840,49.535604,10,10,10,10,406,6,0,6,400,25840,240,0,0,0,0,406,0,0,0,0,39,5456
883,1,1,0,0,0,0,0,0,0,0,0,400,400,400,0,0,0,0,400,400,400,100.000000,12800,25840,49.535604,10,10,10,10,406,6,0,6,400,25840,240,0,0,0,0,406,0,0,0,0,39,5456
884,1,1,0,0,0,0,0,0,0,0,0,400,400,400,0,0,0,0,400,400,400,100.000000,12800,25840,49.535604,10,10,10,10,406,6,0,6,400,25840,240,0,0,0,0,406,0,0,0,0,40,5456
885,1,1,0,0,0,0,0,0,0,0,0,400,400,400,0,0,0,0,400,400,400,100.000000,12800,25840,49.535604,10,10,10,10,406,6,0,6,400,25840,240,0,0,0,0,406,0,0,0,0,32,5456
886,1,1,0,0,0,0,0,0,0,0,0,400,400,400,0,0,0,0,400,400,400,100.000000,12800,25840,49.535604,10,10,10,10,406,6,0,6,400,25840,240,0,0,0,0,406,0,0,0,0,40,5456
887,1,1,0,0,0,0,0,0,0,0,0,400,400,400,0,0,0,0,400,400,400,100.000000,12800,25840,49.535604,10,10,10,10,406,6,0,6,400,25840,240,0,0,0,0,406,0,0,0,0,40,5456
888,1,1,0,0,0,0,0,0,0,0,0,400,400,400,0,0,0,0,400,400,400,100.000000,12800,25840,49.535604,10,10,10,10,406,6,0,6,400,25840,240,0,0,0,0,406,0,0,0,0,39,5456
889,1,1,0,0,0,0,0,0,0,0,0,400,400,400,0,0,0,0,400,400,400,100.000000,12800,25840,49.535604,10,10,10,10,406,6,0,6,400,25840,240,0,0,0,0,406,0,0,0,0,33,5456
890,1,1,0,0,0,0,0,0,0,0,0,400,400,400,0,0,0,0,400,400,400,100.000000,12800,25840,49.535604,10,10,10,10,406,6,0,6,400,25840,240,0,0,0,0,406,0,0,0,0,36,5456
891,1,1,0,0,0,0,0,0,0,0,0,400,400,400,0,0,0,0,400,400,400,100.000000,12800,25840,49.535604,10,10,10,10,406,6,0,6,400,25840,240,0,0,0,0,406,0,0,0,0,41,5456
892,1,1,0,0,0,0,0,0,0,0,0,400,400,400,0,0,0,0,400,400,400,100.000000,12800,25840,49.535604,10,10,10,10,406,6,0,6,400,25840,240,0,0,0,0,406,0,0,0,0,41,5456
893,1,1,0,0,0,0,0,0,0,0,0,400,400,400,0,0,0,0,400,400,400,100.000000,12800,25840,49.535604,10,10,10,10,406,6,0,6,400,25840,240,0,0,0,0,406,0,0,0,0,34,5456
894,1,1,0,0,0,0,0,0,0,0,0,400,400,400,0,0,0,0,400,400,400,100.000000,12800,25840,49.535604,10,10,10,10,406,6,0,6,400,25840,240,0,0,0,0,406,0,0,0,0,40,5456
895,1,1,0,0,0,0,0,0,0,0,0,400,400,400,0,0,0,0,400,400,400,100.000000,12800,25840,49.535604,10,10,10,10,406,6,0,6,400,25840,240,0,0,0,0,406,0,0,0,0,39,5456
896,1,1,0,0,0,0,0,0,0,0,0,400,400,400,0,0,0,0,400,400,400,100.000000,12800,25840,49.535604,10,10,10,10,406,6,0,6,400,25840,240,0,0,0,0,406,0,0,0,0,38,5456
897,1,1,0,0,0,0,0,0,0,0,0,400,400,400,0,0,0,0,400,400,400,100.000000,12800,25840,49.535604,10,10,10,10,406,6,0,6,400,25840,240,0,0,0,0,406,0,0,0,0,35,5456
898,1,1,0,0,0,0,0,0,0,0,0,400,400,400,0,0,0,0,400,400,400,100.000000,12800,25840,49.535604,10,10,10,10,406,6,0,6,400,25840,240,0,0,0,0,406,0,0,0,0,35,5456
899,1,1,0,0,0,0,0,0,0,0,0,400,400,400,0,0,0,0,400,400,400,100.000000,12800,25840,49.535604,10,10,10,10,406,6,0,6,400,25840,240,0,0,0,0,406,0,0,0,0,44,5456
900,1,1,0,0,0,0,0,0,0,0,0,400,400,400,0,0,0,0,400,400,400,100.000000,12800,25840,49.535604,10,10,10,10,406,6,0,6,400,25840,240,0,0,0,0,406,0,0,0,0,40,5456
901,1,1,0,0,0,0,0,0,0,0,0,400,400,400,0,0,0,0,400,400,400,100.000000,12800,25840,49.535604,10,10,10,10,406,6,0,6,400,25840,240,0,0,0,0,406,0,0,0,0,32,5456
902,1,1,0,0,0,0,0,0,0,0,0,400,400,400,0,0,0,0,400,400,400,100.000000,12800,25840,49.535604,10,10,10,10,406,6,0,6,400,25840,240,0,0,0,0,406,0,0,0,0,37,5456
903,1,1,0,0,0,0,0,0,0,0,0,400,400,400,0,0,0,0,400,400,400,100.000000,12800,25840,49.535604,10,10,10,10,406,6,0,6,400,25840,240,0,0,0,0,406,0,0,0,0,54,5456
904,1,1,0,0,0,0,0,0,0,0,0,400,400,400,0,0,0,0,400,400,400,100.000000,12800,25840,49.535604,10,10,10,10,406,6,0,6,400,25840,240,0,0,0,0,406,0,0,0,0,41,5456
905,1,1,0,0,0,0,0,0,0,0,0,400,400,400,0,0,0,0,400,400,400,100.000000,12800,25840,49.535604,10,10,10,10,406,6,0,6,400,25840,240,0,0,0,0,406,0,0,0,0,38,5456
906,1,1,0,0,0,0,0,0,0,0,0,400,400,400,0,0,0,0,400,400,400,100.000000,12800,25840,49.535604,10,10,10,10,406,6,0,6,400,25840,240,0,0,0,0,406,0,0,0,0,39,5456
907,1,1,0,0,0,0,0,0,0,0,0,400,400,400,0,0,0,0,400,400,400,100.000000,12800,25840,49.535604,10,10,10,10,406,6,0,6,400,25840,240,0,0,0,0,406,0,0,0,0,44,5456
908,1,1,0,0,0,0,0,0,0,0,0,400,400,400,0,0,0,0,400,400,400,100.000000,12800,25840,49.535604,10,10,10,10,406,6,0,6,400,25840,240,0,0,0,0,406,0,0,0,0,42,5456
909,1,1,0,0,0,0,0,0,0,0,0,400,400,400,0,0,0,0,400,400,400,100.000000,12800,25840,49.535604,10,10,10,10,406,6,0,6,400,25840,240,0,0,0,0,406,0,0,0,0,46,5456
910,1,1,0,0,0,0,0,0,0,0,0,400,400,400,0,0,0,0,400,400,400,100.000000,12800,25840,49.535604,10,10,10,10,406,6,0,6,400,25840,240,0,0,0,0,406,0,0,0,0,39,5456
911,1,1,0,0,0,0,0,0,0,0,0,400,400,400,0,0,0,0,400,400,400,100.000000,12800,25840,49.535604,10,10,10,10,406,6,0,6,400,25840,240,0,0,0,0,406,0,0,0,0,41,5456
912,1,1,0,0,0,0,0,0,0,0,0,400,400,400,0,0,0,0,400,400,400,100.000000,12800,25840,49.535604,10,10,10,10,406,6,0,6,400,25840,240,0,0,0,0,406,0,0,0,0,43,5456
913,1,1,0,0,0,0,0,0,0,0,0,400,400,400,0,0,0,0,400,400,400,100.000000,12800,25840,49.535604,10,10,10,10,406,6,0,6,400,25840,240,0,0,0,0,406,0,0,0,0,46,5456
914,1,1,0,0,0,0,0,0,0,0,0,400,400,400,0,0,0,0,400,400,400,100.000000,12800,25840,49.535604,10,10,10,10,406,6,0,6,400,25840,240,0,0,0,0,406,0,0,0,0,38,5456
915,1,1,0,0,0,0,0,0,0,0,0,400,400,400,0,0,0,0,400,400,400,100.000000,12800,25840,49.535604,10,10,10,10,406,6,0,6,400,25840,240,0,0,0,0,406,0,0,0,0,49,5456
916,1,1,0,0,0,0,0,0,0,0,0,400,400,400,0,0,0,0,400,400,400,100.000000,12800,25840,49.535604,10,10,10,10,406,6,0,6,400,25840,240,0,0,0,0,406,0,0,0,0,43,5456
917,1,1,0,0,0,0,0,0,0,0,0,400,400,400,0,0,0,0,400,400,400,100.000000,12800,25840,49.535604,10,10,10,10,406,6,0,6,400,25840,240,0,0,0,0,406,0,0,0,0,38,5456
918,1,1,0,0,0,0,0,0,0,0,0,400,400,400,0,0,0,0,400,400,400,100.000000,12800,25840,49.535604,10,10,10,10,406,6,0,6,400,25840,240,0,0,0,0,406,0,0,0,0,41,5456
919,1,1,0,0,0,0,0,0,0,0,0,400,400,400,0,0,0,0,400,400,400,100.000000,12800,25840,49.535604,10,10,10,10,406,6,0,6,400,25840,240,0,0,0,0,406,0,0,0,0,38,5456
920,1,1,0,0,0,0,0,0,0,0,0,400,400,400,0,0,0,0,400,400,400,100.000000,12800,25840,49.535604,10,10,10,10,406,6,0,6,400,25840,240,0,0,0,0,406,0,0,0,0,41,5456
921,1,1,0,0,0,0,0,0,0,0,0,400,400,400,0,0,0,0,400,400,400,100.000000,12800,25840,49.535604,10,10,10,10,406,6,0,6,400,25840,240,0,0,0,0,406,0,0,0,0,38,5456
922,1,1,0,0,0,0,0,0,0,0,0,400,400,400,0,0,0,0,400,400,400,100.000000,12800,25840,49.535604,10,10,10,10,406,6,0,6,400,25840,240,0,0,0,0,406,0,0,0,0,33,5456
923,1,1,0,0,0,0,0,0,0,0,0,400,400,400,0,0,0,0,400,400,400,100.000000,12800,25840,49.535604,10,10,10,10,406,6,0,6,400,25840,240,0,0,0,0,406,0,0,0,0,41,5456
924,1,1,0,0,0,0,0,0,0,0,0,400,400,400,0,0,0,0,400,400,400,100.000000,12800,25840,49.535604,10,10,10,10,406,6,0,6,400,25840,240,0,0,0,0,406,0,0,0,0,39,5456
925,1,1,0,0,0,0,0,0,0,0,0,400,400,400,0,0,0,0,400,400,400,100.000000,12800,25840,49.535604,10,10,10,10,406,6,0,6,400,25840,240,0,0,0,0,406,0,0,0,0,37,5456
926,1,1,0,0,0,0,0,0,0,0,0,400,400,400,0,0,0,0,400,400,400,100.000000,12800,25840,49.535604,10,10,10,10,406,6,0,6,400,25840,240,0,0,0,0,406,0,0,0,0,37,5456
927,1,1,0,0,0,0,0,0,0,0,0,400,400,400,0,0,0,0,400,400,400,100.000000,12800,25840,49.535604,10,10,10,10,406,6,0,6,400,25840,240,0,0,0,0,406,0,0,0,0,37,5456
928,1,1,0,0,0,0,0,0,0,0,0,400,400,400,0,0,0,0,400,400,400,100.000000,12800,25840,49.535604,10,10,10,10,406,6,0,6,400,25840,240,0,0,0,0,406,0,0,0,0,39,5456
929,1,1,0,0,0,0,0,0,0,0,0,400,400,400,0,0,0,0,400,400,400,100.000000,12800,25840,49.535604,10,10,10,10,406,6,0,6,400,25840,240,0,0,0,0,406,0,0,0,0,34,5456
930,1,1,0,0,0,0,0,0,0,0,0,400,400,400,0,0,0,0,400,400,400,100.000000,12800,25840,49.535604,10,10,10,10,406,6,0,6,400,25840,240,0,0,0,0,406,0,0,0,0,35,5456
931,1,1,0,0,0,0,0,0,0,0,0,400,400,400,0,0,0,0,400,400,400,100.000000,12800,25840,49.535604,10,10,10,10,406,6,0,6,400,25840,240,0,0,0,0,406,0,0,0,0,36,5456
932,1,1,0,0,0,0,0,0,0,0,0,400,400,400,0,0,0,0,400,400,400,100.000000,12800,25840,49.535604,10,10,10,10,406,6,0,6,400,25840,240,0,0,0,0,406,0,0,0,0,36,5456
933,1,1,0,0,0,0,0,0,0,0,0,400,400,400,0,0,0,0,400,400,400,100.000000,12800,25840,49.535604,10,10,10,10,406,6,0,6,400,25840,240,0,0,0,0,406,0,0,0,0,35,5456
934,1,1,0,0,0,0,0,0,0,0,0,400,400,400,0,0,0,0,400,400,400,100.000000,12800,25840,49.535604,10,10,10,10,406,6,0,6,400,25840,240,0,0,0,0,406,0,0,0,0,41,5456
935,1,1,0,0,0,0,0,0,0,0,0,400,400,400,0,0,0,0,400,400,400,100.000000,12800,25840,49.535604,10,10,10,10,406,6,0,6,400,25840,240,0,0,0,0,406,0,0,0,0,41,5456
936,1,1,0,0,0,0,0,0,0,0,0,400,400,400,0,0,0,0,400,400,400,100.000000,12800,25840,49.535604,10,10,10,10,406,6,0,6,400,25840,240,0,0,0,0,406,0,0,0,0,43,5456
937,1,1,0,0,0,0,0,0,0,0,0,400,400,400,0,0,0,0,400,400,400,100.000000,12800,25840,49.535604,10,10,10,10,406,6,0,6,400,25840,240,0,0,0,0,406,0,0,0,0,41,5456
938,1,1,0,0,0,0,0,0,0,0,0,400,400,400,0,0,0,0,400,400,400,100.000000,12800,25840,49.535604,10,10,10,10,406,6,0,6,400,25840,240,0,0,0,0,406,0,0,0,0,35,5456
939,1,1,0,0,0,0,0,0,0,0,0,400,400,400,0,0,0,0,400,400,400,100.000000,12800,25840,49.535604,10,10,10,10,406,6,0,6,400,25840,240,0,0,0,0,406,0,0,0,0,40,5456
940,1,1,0,0,0,0,0,0,0,0,0,400,400,400,0,0,0,0,400,400,400,100.000000,12800,25840,49.535604,10,10,10,10,406,6,0,6,400,25840,240,0,0,0,0,406,0,0,0,0,38,5456
941,1,1,0,0,0,0,0,0,0,0,0,400,400,400,0,0,0,0,400,400,400,100.000000,12800,25840,49.535604,10,10,10,10,406,6,0,6,400,25840,240,0,0,0,0,406,0,0,0,0,37,5456
942,1,1,0,0,0,0,0,0,0,0,0,400,400,400,0,0,0,0,400,400,400,100.000000,12800,25840,49.535604,10,10,10,10,406,6,0,6,400,25840,240,0,0,0,0,406,0,0,0,0,40,5456
943,1,1,0,0,0,0,0,0,0,0,0,400,400,400,0,0,0,0,400,400,400,100.000000,12800,25840,49.535604,10,10,10,10,406,6,0,6,400,25840,240,0,0,0,0,406,0,0,0,0,39,5456
944,1,1,0,0,0,0,0,0,0,0,0,400,400,400,0,0,0,0,400,400,400,100.000000,12800,25840,49.535604,10,10,10,10,406,6,0,6,400,25840,240,0,0,0,0,406,0,0,0,0,43,5456
945,1,1,0,0,0,0,0,0,0,0,0,400,400,400,0,0,0,0,400,400,400,100.000000,12800,25840,49.535604,10,10,10,10,406,6,0,6,400,25840,240,0,0,0,0,406,0,0,0,0,40,5456
946,1,1,0,0,0,0,0,0,0,0,0,400,400,400,0,0,0,0,400,400,400,100.000000,12800,25840,49.535604,10,10,10,10,406,6,0,6,400,25840,240,0,0,0,0,406,0,0,0,0,37,5456
947,1,1,0,0,0,0,0,0,0,0,0,400,400,400,0,0,0,0,400,400,400,100.000000,12800,25840,49.535604,10,10,10,10,406,6,0,6,400,25840,240,0,0,0,0,406,0,0,0,0,39,5456
948,1,1,0,0,0,0,0,0,0,0,0,400,400,400,0,0,0,0,400,400,400,100.000000,12800,25840,49.535604,10,10,10,10,406,6,0,6,400,25840,240,0,0,0,0,406,0,0,0,0,39,5456
949,1,1,0,0,0,0,0,0,0,0,0,400,400,400,0,0,0,0,400,400,400,100.000000,12800,25840,49.535604,10,10,10,10,406,6,0,6,400,25840,240,0,0,0,0,406,0,0,0,0,35,5456
950,1,1,0,0,0,0,0,0,0,0,0,400,400,400,0,0,0,0,400,400,400,100.000000,12800,25840,49.535604,10,10,10,10,406,6,0,6,400,25840,240,0,0,0,0,406,0,0,0,0,41,5456
951,1,1,0,0,0,0,0,0,0,0,0,400,400,400,0,0,0,0,400,400,400,100.000000,12800,25840,49.535604,10,10,10,10,406,6,0,6,400,25840,240,0,0,0,0,406,0,0,0,0,41,5456
952,1,1,0,0,0,0,0,0,0,0,0,400,400,400,0,0,0,0,400,400,400,100.000000,12800,25840,49.535604,10,10,10,10,406,6,0,6,400,25840,240,0,0,0,0,406,0,0,0,0,41,5456
953,1,1,0,0,0,0,0,0,0,0,0,400,400,400,0,0,0,0,400,400,400,100.000000,12800,25840,49.535604,10,10,10,10,406,6,0,6,400,25840,240,0,0,0,0,406,0,0,0,0,39,5456
954,1,1,0,0,0,0,0,0,0,0,0,400,400,400,0,0,0,0,400,400,400,100.000000,12800,25840,49.535604,10,10,10,10,406,6,0,6,400,25840,240,0,0,0,0,406,0,0,0,0,39,5456
955,1,1,0,0,0,0,0,0,0,0,0,400,400,400,0,0,0,0,400,400,400,100.000000,12800,25840,49.535604,10,10,10,10,406,6,0,6,400,25840,240,0,0,0,0,406,0,0,0,0,42,5456
956,1,1,0,0,0,0,0,0,0,0,0,400,400,400,0,0,0,0,400,400,400,100.000000,12800,25840,49.535604,10,10,10,10,406,6,0,6,400,25840,240,0,0,0,0,406,0,0,0,0,41,5456
957,1,1,0,0,0,0,0,0,0,0,0,400,400,400,0,0,0,0,400,400,400,100.000000,12800,25840,49.535604,10,10,10,10,406,6,0,6,400,25840,240,0,0,0,0,406,0,0,0,0,36,5456
958,1,1,0,0,0,0,0,0,0,0,0,400,400,400,0,0,0,0,400,400,400,100.000000,12800,25840,49.535604,10,10,10,10,406,6,0,6,400,25840,240,0,0,0,0,406,0,0,0,0,38,5456
959,1,1,0,0,0,0,0,0,0,0,0,400,400,400,0,0,0,0,400,400,400,100.000000,12800,25840,49.535604,10,10,10,10,406,6,0,6,400,25840,240,0,0,0,0,406,0,0,0,0,42,5456
960,1,1,0,0,0,0,0,0,0,0,0,400,400,400,0,0,0,0,400,400,400,100.000000,12800,25840,49.535604,10,10,10,10,406,6,0,6,400,25840,240,0,0,0,0,406,0,0,0,0,36,5456
961,1,1,0,0,0,0,0,0,0,0,0,400,400,400,0,0,0,0,400,400,400,100.000000,12800,25840,49.535604,10,10,10,10,406,6,0,6,400,25840,240,0,0,0,0,406,0,0,0,0,30,5456
962,1,1,0,0,0,0,0,0,0,0,0,400,400,400,0,0,0,0,400,400,400,100.000000,12800,25840,49.535604,10,10,10,10,406,6,0,6,400,25840,240,0,0,0,0,406,0,0,0,0,35,5456
963,1,1,0,0,0,0,0,0,0,0,0,400,400,400,0,0,0,0,400,400,400,100.000000,12800,25840,49.535604,10,10,10,10,406,6,0,6,400,25840,240,0,0,0,0,406,0,0,0,0,44,5456
964,1,1,0,0,0,0,0,0,0,0,0,400,400,400,0,0,0,0,400,400,400,100.000000,12800,25840,49.535604,10,10,10,10,406,6,0,6,400,25840,240,0,0,0,0,406,0,0,0,0,39,5456
965,1,1,0,0,0,0,0,0,0,0,0,400,400,400,0,0,0,0,400,400,400,100.000000,12800,25840,49.535604,10,10,10,10,406,6,0,6,400,25840,240,0,0,0,0,406,0,0,0,0,35,5456
966,1,1,0,0,0,0,0,0,0,0,0,400,400,400,0,0,0,0,400,400,400,100.000000,12800,25840,49.535604,10,10,10,10,406,6,0,6,400,25840,240,0,0,0,0,406,0,0,0,0,38,5456
967,1,1,0,0,0,0,0,0,0,0,0,400,400,400,0,0,0,0,400,400,400,100.000000,12800,25840,49.535604,10,10,10,10,406,6,0,6,400,25840,240,0,0,0,0,406,0,0,0,0,38,5456
968,1,1,0,0,0,0,0,0,0,0,0,400,400,400,0,0,0,0,400,400,400,100.000000,12800,25840,49.535604,10,10,10,10,406,6,0,6,400,25840,240,0,0,0,0,406,0,0,0,0,42,5456
969,1,1,0,0,0,0,0,0,0,0,0,400,400,400,0,0,0,0,400,400,400,100.000000,12800,25840,49.535604,10,10,10,10,406,6,0,6,400,25840,240,0,0,0,0,406,0,0,0,0,40,5456
970,1,1,0,0,0,0,0,0,0,0,0,400,400,400,0,0,0,0,400,400,400,100.000000,12800,25840,49.535604,10,10,10,10,406,6,0,6,400,25840,240,0,0,0,0,406,0,0,0,0,36,5456
971,1,1,0,0,0,0,0,0,0,0,0,400,400,400,0,0,0,0,400,400,400,100.000000,12800,25840,49.535604,10,10,10,10,406,6,0,6,400,25840,240,0,0,0,0,406,0,0,0,0,38,5456
972,1,1,0,0,0,0,0,0,0,0,0,400,400,400,0,0,0,0,400,400,400,100.000000,12800,25840,49.535604,10,10,10,10,406,6,0,6,400,25840,240,0,0,0,0,406,0,0,0,0,37,5456
973,1,1,0,0,0,0,0,0,0,0,0,400,400,400,0,0,0,0,400,400,400,100.000000,12800,25840,49.535604,10,10,10,10,406,6,0,6,400,25840,240,0,0,0,0,406,0,0,0,0,33,5456
974,1,1,0,0,0,0,0,0,0,0,0,400,400,400,0,0,0,0,400,400,400,100.000000,12800,25840,49.535604,10,10,10,10,406,6,0,6,400,25840,240,0,0,0,0,406,0,0,0,0,39,5456
975,1,1,0,0,0,0,0,0,0,0,0,400,400,400,0,0,0,0,400,400,400,100.000000,12800,25840,49.535604,10,10,10,10,406,6,0,6,400,25840,240,0,0,0,0,406,0,0,0,0,38,5456
976,1,1,0,0,0,0,0,0,0,0,0,400,400,400,0,0,0,0,400,400,400,100.000000,12800,25840,49.535604,10,10,10,10,406,6,0,6,400,25840,240,0,0,0,0,406,0,0,0,0,44,5456
977,1,1,0,0,0,0,0,0,0,0,0,400,400,400,0,0,0,0,400,400,400,100.000000,12800,25840,49.535604,10,10,10,10,406,6,0,6,400,25840,240,0,0,0,0,406,0,0,0,0,40,5456
978,1,1,0,0,0,0,0,0,0,0,0,400,400,400,0,0,0,0,400,400,400,100.000000,12800,25840,49.535604,10,10,10,10,406,6,0,6,400,25840,240,0,0,0,0,406,0,0,0,0,41,5456
979,1,1,0,0,0,0,0,0,0,0,0,400,400,400,0,0,0,0,400,400,400,100.000000,12800,25840,49.535604,10,10,10,10,406,6,0,6,400,25840,240,0,0,0,0,406,0,0,0,0,39,5456
980,1,1,0,0,0,0,0,0,0,0,0,400,400,400,0,0,0,0,400,400,400,100.000000,12800,25840,49.535604,10,10,10,10,406,6,0,6,400,25840,240,0,0,0,0,406,0,0,0,0,43,5456
981,1,1,0,0,0,0,0,0,0,0,0,400,400,400,0,0,0,0,400,400,400,100.000000,12800,25840,49.535604,10,10,10,10,406,6,0,6,400,25840,240,0,0,0,0,406,0,0,0,0,42,5456
982,1,1,0,0,0,0,0,0,0,0,0,400,400,400,0,0,0,0,400,400,400,100.000000,12800,25840,49.535604,10,10,10,10,406,6,0,6,400,25840,240,0,0,0,0,406,0,0,0,0,37,5456
983,1,1,0,0,0,0,0,0,0,0,0,400,400,400,0,0,0,0,400,400,400,100.000000,12800,25840,49.535604,10,10,10,10,406,6,0,6,400,25840,240,0,0,0,0,406,0,0,0,0,41,5456
984,1,1,0,0,0,0,0,0,0,0,0,400,400,400,0,0,0,0,400,400,400,100.000000,12800,25840,49.535604,10,10,10,10,406,6,0,6,400,25840,240,0,0,0,0,406,0,0,0,0,45,5456
985,1,1,0,0,0,0,0,0,0,0,0,400,400,400,0,0,0,0,400,400,400,100.000000,12800,25840,49.535604,10,10,10,10,406,6,0,6,400,25840,240,0,0,0,0,406,0,0,0,0,42,5456
986,1,1,0,0,0,0,0,0,0,0,0,400,400,400,0,0,0,0,400,400,400,100.000000,12800,25840,49.535604,10,10,10,10,406,6,0,6,400,25840,240,0,0,0,0,406,0,0,0,0,42,5456
987,1,1,0,0,0,0,0,0,0,0,0,400,400,400,0,0,0,0,400,400,400,100.000000,12800,25840,49.535604,10,10,10,10,406,6,0,6,400,25840,240,0,0,0,0,406,0,0,0,0,41,5456
988,1,1,0,0,0,0,0,0,0,0,0,400,400,400,0,0,0,0,400,400,400,100.000000,12800,25840,49.535604,10,10,10,10,406,6,0,6,400,25840,240,0,0,0,0,406,0,0,0,0,39,5456
989,1,1,0,0,0,0,0,0,0,0,0,400,400,400,0,0,0,0,400,400,400,100.000000,12800,25840,49.535604,10,10,10,10,406,6,0,6,400,25840,240,0,0,0,0,406,0,0,0,0,39,5456
990,1,1,0,0,0,0,0,0,0,0,0,400,400,400,0,0,0,0,400,400,400,100.000000,12800,25840,49.535604,10,10,10,10,406,6,0,6,400,25840,240,0,0,0,0,406,0,0,0,0,40,5456
991,1,1,0,0,0,0,0,0,0,0,0,400,400,400,0,0,0,0,400,400,400,100.000000,12800,25840,49.535604,10,10,10,10,406,6,0,6,400,25840,240,0,0,0,0,406,0,0,0,0,45,5456
992,1,1,0,0,0,0,0,0,0,0,0,400,400,400,0,0,0,0,400,400,400,100.000000,12800,25840,49.535604,10,10,10,10,406,6,0,6,400,25840,240,0,0,0,0,406,0,0,0,0,44,5456
993,1,1,0,0,0,0,0,0,0,0,0,400,400,400,0,0,0,0,400,400,400,100.000000,12800,25840,49.535604,10,10,10,10,406,6,0,6,400,25840,240,0,0,0,0,406,0,0,0,0,40,5456
994,1,1,0,0,0,0,0,0,0,0,0,400,400,400,0,0,0,0,400,400,400,100.000000,12800,25840,49.535604,10,10,10,10,406,6,0,6,400,25840,240,0,0,0,0,406,0,0,0,0,41,5456
995,1,1,0,0,0,0,0,0,0,0,0,400,400,400,0,0,0,0,400,400,400,100.000000,12800,25840,49.535604,10,10,10,10,406,6,0,6,400,25840,240,0,0,0,0,406,0,0,0,0,47,5456
996,1,1,0,0,0,0,0,0,0,0,0,400,400,400,0,0,0,0,400,400,400,100.000000,12800,25840,49.535604,10,10,10,10,406,6,0,6,400,25840,240,0,0,0,0,406,0,0,0,0,47,5456
997,1,1,0,0,0,0,0,0,0,0,0,400,400,400,0,0,0,0,400,400,400,100.000000,12800,25840,49.535604,10,10,10,10,406,6,0,6,400,25840,240,0,0,0,0,406,0,0,0,0,41,5456
998,1,1,0,0,0,0,0,0,0,0,0,400,400,400,0,0,0,0,400,400,400,100.000000,12800,25840,49.535604,10,10,10,10,406,6,0,6,400,25840,240,0,0,0,0,406,0,0,0,0,49,5456
999,1,1,0,0,0,0,0,0,0,0,0,400,400,400,0,0,0,0,400,400,400,100.000000,12800,25840,49.535604,10,10,10,10,406,6,0,6,400,25840,240,0,0,0,0,406,0,0,0,0,44,5456
1000,1,1,0,0,0,0,0,0,0,0,0,400,400,400,0,0,0,0,400,400,400,100.000000,12800,25840,49.535604,10,10,10,10,406,6,0,6,400,25840,240,0,0,0,0,406,0,0,0,0,45,5456
1001,1,1,0,0,0,0,0,0,0,0,0,400,400,400,0,0,0,0,400,400,400,100.000000,12800,25840,49.535604,10,10,10,10,406,6,0,6,400,25840,240,0,0,0,0,406,0,0,0,0,42,5456
1002,1,1,0,0,0,0,0,0,0,0,0,400,400,400,0,0,0,0,400,400,400,100.000000,12800,25840,49.535604,10,10,10,10,406,6,0,6,400,25840,240,0,0,0,0,406,0,0,0,0,38,5456
1003,1,1,0,0,0,0,0,0,0,0,0,400,400,400,0,0,0,0,400,400,400,100.000000,12800,25840,49.535604,10,10,10,10,406,6,0,6,400,25840,240,0,0,0,0,406,0,0,0,0,43,5456
1004,1,1,0,0,0,0,0,0,0,0,0,400,400,400,0,0,0,0,400,400,400,100.000000,12800,25840,49.535604,10,10,10,10,406,6,0,6,400,25840,240,0,0,0,0,406,0,0,0,0,38,5456
1005,1,1,0,0,0,0,0,0,0,0,0,400,400,400,0,0,0,0,400,400,400,100.000000,12800,25840,49.535604,10,10,10,10,406,6,0,6,400,25840,240,0,0,0,0,406,0,0,0,0,35,5456
1006,1,1,0,0,0,0,0,0,0,0,0,400,400,400,0,0,0,0,400,400,400,100.000000,12800,25840,49.535604,10,10,10,10,406,6,0,6,400,25840,240,0,0,0,0,406,0,0,0,0,35,5456
1007,1,1,0,0,0,0,0,0,0,0,0,400,400,400,0,0,0,0,400,400,400,100.000000,12800,25840,49.535604,10,10,10,10,406,6,0,6,400,25840,240,0,0,0,0,406,0,0,0,0,42,5456
1008,1,1,0,0,0,0,0,0,0,0,0,400,400,400,0,0,0,0,400,400,400,100.000000,12800,25840,49.535604,10,10,10,10,406,6,0,6,400,25840,240,0,0,0,0,406,0,0,0,0,45,5456
1009,1,1,0,0,0,0,0,0,0,0,0,400,400,400,0,0,0,0,400,400,400,100.000000,12800,25840,49.535604,10,10,10,10,406,6,0,6,400,25840,240,0,0,0,0,406,0,0,0,0,41,5456
1010,1,1,0,0,0,0,0,0,0,0,0,400,400,400,0,0,0,0,400,400,400,100.000000,12800,25840,49.535604,10,10,10,10,406,6,0,6,400,25840,240,0,0,0,0,406,0,0,0,0,39,5456
1011,1,1,0,0,0,0,0,0,0,0,0,400,400,400,0,0,0,0,400,400,400,100.000000,12800,25840,49.535604,10,10,10,10,406,6,0,6,400,25840,240,0,0,0,0,406,0,0,0,0,43,5456
1012,1,1,0,0,0,0,0,0,0,0,0,400,400,400,0,0,0,0,400,400,400,100.000000,12800,25840,49.535604,10,10,10,10,406,6,0,6,400,25840,240,0,0,0,0,406,0,0,0,0,35,5456
1013,1,1,0,0,0,0,0,0,0,0,0,400,400,400,0,0,0,0,400,400,400,100.000000,12800,25840,49.535604,10,10,10,10,406,6,0,6,400,25840,240,0,0,0,0,406,0,0,0,0,36,5456
1014,1,1,0,0,0,0,0,0,0,0,0,400,400,400,0,0,0,0,400,400,400,100.000000,12800,25840,49.535604,10,10,10,10,406,6,0,6,400,25840,240,0,0,0,0,406,0,0,0,0,37,5456
1015,1,1,0,0,0,0,0,0,0,0,0,400,400,400,0,0,0,0,400,400,400,100.000000,12800,25840,49.535604,10,10,10,10,406,6,0,6,400,25840,240,0,0,0,0,406,0,0,0,0,43,5456
1016,1,1,0,0,0,0,0,0,0,0,0,400,400,400,0,0,0,0,400,400,400,100.000000,12800,25840,49.535604,10,10,10,10,406,6,0,6,400,25840,240,0,0,0,0,406,0,0,0,0,42,5456
1017,1,1,0,0,0,0,0,0,0,0,0,400,400,400,0,0,0,0,400,400,400,100.000000,12800,25840,49.535604,10,10,10,10,406,6,0,6,400,25840,240,0,0,0,0,406,0,0,0,0,41,5456
1018,1,1,0,0,0,0,0,0,0,0,0,400,400,400,0,0,0,0,400,400,400,100.000000,12800,25840,49.535604,10,10,10,10,406,6,0,6,400,25840,240,0,0,0,0,406,0,0,0,0,40,5456
1019,1,1,0,0,0,0,0,0,0,0,0,400,400,400,0,0,0,0,400,400,400,100.000000,12800,25840,49.535604,10,10,10,10,406,6,0,6,400,25840,240,0,0,0,0,406,0,0,0,0,45,5456
1020,1,1,0,0,0,0,0,0,0,0,0,400,400,400,0,0,0,0,400,400,400,100.000000,12800,25840,49.535604,10,10,10,10,406,6,0,6,400,25840,240,0,0,0,0,406,0,0,0,0,40,5456
1021,1,1,0,0,0,0,0,0,0,0,0,400,400,400,0,0,0,0,400,400,400,100.000000,12800,25840,49.535604,10,10,10,10,406,6,0,6,400,25840,240,0,0,0,0,406,0,0,0,0,37,5456
1022,1,1,0,0,0,0,0,0,0,0,0,400,400,400,0,0,0,0,400,400,400,100.000000,12800,25840,49.535604,10,10,10,10,406,6,0,6,400,25840,240,0,0,0,0,406,0,0,0,0,40,5456
1023,1,1,0,0,0,0,0,0,0,0,0,400,400,400,0,0,0,0,400,400,400,100.000000,12800,25840,49.535604,10,10,10,10,406,6,0,6,400,25840,240,0,0,0,0,406,0,0,0,0,40,5456
1024,1,1,0,0,0,0,0,0,0,0,0,400,400,400,0,0,0,0,400,400,400,100.000000,12800,25840,49.535604,10,10,10,10,406,6,0,6,400,25840,240,0,0,0,0,406,0,0,0,0,42,5456
