00000.140 [B/COM53] OPEN
00000.140 [A/COM40] OPEN
00000.156 [B/COM53] x_errors=0 rx_errors=0[0m
00000.156 [B/COM53] x_errors=0 rx_errors=0[0m
00000.156 [A/COM40] 0 gpio_rx_edges=214 tx_errors=0 rx_errors=0[0m
00000.156 [B/COM53] x_errors=0 rx_errors=0[0m
00000.156 [A/COM40] 0 gpio_rx_edges=214 tx_errors=0 rx_errors=0[0m
00000.156 [B/COM53] x_errors=0 rx_errors=0[0m
00000.156 [B/COM53] x_errors=0 rx_errors=0[0m
00000.156 [A/COM40] 0 gpio_rx_edges=214 tx_errors=0 rx_errors=0[0m
00000.156 [B/COM53] x_errors=0 rx_errors=0[0m
00000.156 [B/COM53] x_errors=0 rx_errors=0[0m
00000.156 [A/COM40] 0 gpio_rx_edges=214 tx_errors=0 rx_errors=0[0m
00000.156 [B/COM53] x_errors=0 rx_errors=0[0m
00000.156 [B/COM53] x_errors=0 rx_errors=0[0m
00000.156 [A/COM40] 0 gpio_rx_edges=214 tx_errors=0 rx_errors=0[0m
00000.156 [B/COM53] x_errors=0 rx_errors=0[0m
00000.156 [B/COM53] x_errors=0 rx_errors=0[0m
00000.156 [A/COM40] 0 gpio_rx_edges=214 tx_errors=0 rx_errors=0[0m
00000.156 [B/COM53] x_errors=0 rx_errors=0[0m
00000.156 [B/COM53] x_errors=0 rx_errors=0[0m
00000.156 [A/COM40] 0 gpio_rx_edges=214 tx_errors=0 rx_errors=0[0m
00000.156 [B/COM53] x_errors=0 rx_errors=0[0m
00000.172 [B/COM53] x_errors=0 rx_errors=0[0m
00000.172 [A/COM40] 0 gpio_rx_edges=214 tx_errors=0 rx_errors=0[0m
00000.172 [B/COM53] x_errors=0 rx_errors=0[0m
00000.172 [A/COM40] 0 gpio_rx_edges=214 tx_errors=0 rx_errors=0[0m
00000.172 [B/COM53] x_errors=0 rx_errors=0[0m
00000.172 [B/COM53] x_errors=0 rx_errors=0[0m
00000.172 [B/COM53] x_errors=0 rx_errors=0[0m
00000.172 [A/COM40] 0 gpio_rx_edges=214 tx_errors=0 rx_errors=0[0m
00000.172 [B/COM53] x_errors=0 rx_errors=0[0m
00000.172 [B/COM53] x_errors=0 rx_errors=0[0m
00000.172 [A/COM40] 0 gpio_rx_edges=214 tx_errors=0 rx_errors=0[0m
00000.172 [B/COM53] x_errors=0 rx_errors=0[0m
00000.172 [B/COM53] x_errors=0 rx_errors=0[0m
00000.172 [A/COM40] 0 gpio_rx_edges=214 tx_errors=0 rx_errors=0[0m
00000.172 [B/COM53] x_errors=0 rx_errors=0[0m
00000.172 [B/COM53] x_errors=0 rx_errors=0[0m
00000.172 [A/COM40] 0 gpio_rx_edges=214 tx_errors=0 rx_errors=0[0m
00000.172 [B/COM53] x_errors=0 rx_errors=0[0m
00000.172 [B/COM53] x_errors=0 rx_errors=0[0m
00000.172 [A/COM40] 0 gpio_rx_edges=214 tx_errors=0 rx_errors=0[0m
00000.172 [B/COM53] x_errors=0 rx_errors=0[0m
00000.172 [A/COM40] 0 gpio_rx_edges=214 tx_errors=0 rx_errors=0[0m
00000.172 [B/COM53] x_errors=0 rx_errors=0[0m
00000.187 [B/COM53] x_errors=0 rx_errors=0[0m
00000.187 [A/COM40] 0 gpio_rx_edges=214 tx_errors=0 rx_errors=0[0m
00000.187 [B/COM53] x_errors=0 rx_errors=0[0m
00000.187 [B/COM53] x_errors=0 rx_errors=0[0m
00000.187 [A/COM40] 0 gpio_rx_edges=214 tx_errors=0 rx_errors=0[0m
00000.187 [B/COM53] x_errors=0 rx_errors=0[0m
00000.187 [B/COM53] x_errors=0 rx_errors=0[0m
00000.187 [A/COM40] 0 gpio_rx_edges=214 tx_errors=0 rx_errors=0[0m
00000.187 [B/COM53] x_errors=0 rx_errors=0[0m
00000.187 [B/COM53] x_errors=0 rx_errors=0[0m
00000.187 [A/COM40] 0 gpio_rx_edges=214 tx_errors=0 rx_errors=0[0m
00000.187 [B/COM53] x_errors=0 rx_errors=0[0m
00000.187 [A/COM40] 0 gpio_rx_edges=214 tx_errors=0 rx_errors=0[0m
00000.187 [B/COM53] x_errors=0 rx_errors=0[0m
00000.187 [B/COM53] x_errors=0 rx_errors=0[0m
00000.187 [A/COM40] 0 gpio_rx_edges=214 tx_errors=0 rx_errors=0[0m
00000.187 [B/COM53] x_errors=0 rx_errors=0[0m
00000.187 [B/COM53] x_errors=0 rx_errors=0[0m
00000.187 [A/COM40] 0 gpio_rx_edges=214 tx_errors=0 rx_errors=0[0m
00000.187 [B/COM53] x_errors=0 rx_errors=0[0m
00000.187 [B/COM53] x_errors=0 rx_errors=0[0m
00000.187 [A/COM40] 0 gpio_rx_edges=214 tx_errors=0 rx_errors=0[0m
00000.187 [B/COM53] x_errors=0 rx_errors=0[0m
00000.187 [B/COM53] x_errors=0 rx_errors=0[0m
00000.203 [A/COM40] 0 gpio_rx_edges=214 tx_errors=0 rx_errors=0[0m
00000.203 [B/COM53] x_errors=0 rx_errors=0[0m
00000.203 [A/COM40] 0 gpio_rx_edges=214 tx_errors=0 rx_errors=0[0m
00000.203 [B/COM53] x_errors=0 rx_errors=0[0m
00000.203 [B/COM53] x_errors=0 rx_errors=0[0m
00000.203 [A/COM40] 0 gpio_rx_edges=214 tx_errors=0 rx_errors=0[0m
00000.203 [B/COM53] x_errors=0 rx_errors=0[0m
00000.203 [B/COM53] x_errors=0 rx_errors=0[0m
00000.203 [A/COM40] 0 gpio_rx_edges=214 tx_errors=0 rx_errors=0[0m
00000.203 [B/COM53] x_errors=0 rx_errors=0[0m
00000.203 [A/COM40] 0 gpio_rx_edges=214 tx_errors=0 rx_errors=0[0m
00000.203 [B/COM53] x_errors=0 rx_errors=0[0m
00000.203 [A/COM40] 0 gpio_rx_edges=214 tx_errors=0 rx_errors=0[0m
00000.203 [B/COM53] x_errors=0 rx_errors=0[0m
00000.203 [B/COM53] x_errors=0 rx_errors=0[0m
00000.203 [A/COM40] 0 gpio_rx_edges=214 tx_errors=0 rx_errors=0[0m
00000.203 [B/COM53] x_errors=0 rx_errors=0[0m
00000.203 [B/COM53] x_errors=0 rx_errors=0[0m
00000.203 [A/COM40] 0 gpio_rx_edges=214 tx_errors=0 rx_errors=0[0m
00000.203 [B/COM53] x_errors=0 rx_errors=0[0m
00000.203 [A/COM40] 0 gpio_rx_edges=214 tx_errors=0 rx_errors=0[0m
00000.203 [B/COM53] x_errors=0 rx_errors=0[0m
00000.218 [B/COM53] x_errors=0 rx_errors=0[0m
00000.218 [A/COM40] 0 gpio_rx_edges=214 tx_errors=0 rx_errors=0[0m
00000.218 [B/COM53] x_errors=0 rx_errors=0[0m
00000.218 [B/COM53] x_errors=0 rx_errors=0[0m
00000.218 [A/COM40] 0 gpio_rx_edges=214 tx_errors=0 rx_errors=0[0m
00000.218 [B/COM53] x_errors=0 rx_errors=0[0m
00000.218 [A/COM40] 0 gpio_rx_edges=214 tx_errors=0 rx_errors=0[0m
00000.218 [B/COM53] x_errors=0 rx_errors=0[0m
00000.218 [B/COM53] x_errors=0 rx_errors=0[0m
00000.218 [A/COM40] 0 gpio_rx_edges=214 tx_errors=0 rx_errors=0[0m
00000.218 [B/COM53] x_errors=0 rx_errors=0[0m
00000.218 [A/COM40] 0 gpio_rx_edges=214 tx_errors=0 rx_errors=0[0m
00000.218 [B/COM53] x_errors=0 rx_errors=0[0m
00000.218 [B/COM53] x_errors=0 rx_errors=0[0m
00000.218 [A/COM40] 0 gpio_rx_edges=214 tx_errors=0 rx_errors=0[0m
00000.218 [B/COM53] x_errors=0 rx_errors=0[0m
00000.218 [B/COM53] x_errors=0 rx_errors=0[0m
00000.218 [A/COM40] 0 gpio_rx_edges=214 tx_errors=0 rx_errors=0[0m
00000.218 [B/COM53] x_errors=0 rx_errors=0[0m
00000.218 [A/COM40] 0 gpio_rx_edges=214 tx_errors=0 rx_errors=0[0m
00000.218 [B/COM53] x_errors=0 rx_errors=0[0m
00000.218 [B/COM53] x_errors=0 rx_errors=0[0m
00000.218 [B/COM53] x_errors=0 rx_errors=0[0m
00000.218 [A/COM40] 0 gpio_rx_edges=214 tx_errors=0 rx_errors=0[0m
00000.234 [B/COM53] x_errors=0 rx_errors=0[0m
00000.234 [B/COM53] x_errors=0 rx_errors=0[0m
00000.234 [A/COM40] 0 gpio_rx_edges=214 tx_errors=0 rx_errors=0[0m
00000.234 [B/COM53] x_errors=0 rx_errors=0[0m
00000.234 [B/COM53] x_errors=0 rx_errors=0[0m
00000.234 [A/COM40] 0 gpio_rx_edges=214 tx_errors=0 rx_errors=0[0m
00000.234 [B/COM53] x_errors=0 rx_errors=0[0m
00000.234 [A/COM40] 0 gpio_rx_edges=214 tx_errors=0 rx_errors=0[0m
00000.234 [B/COM53] x_errors=0 rx_errors=0[0m
00000.234 [B/COM53] x_errors=0 rx_errors=0[0m
00000.234 [A/COM40] 0 gpio_rx_edges=214 tx_errors=0 rx_errors=0[0m
00000.234 [B/COM53] x_errors=0 rx_errors=0[0m
00000.234 [B/COM53] x_errors=0 rx_errors=0[0m
00000.234 [A/COM40] 0 gpio_rx_edges=214 tx_errors=0 rx_errors=0[0m
00000.234 [B/COM53] x_errors=0 rx_errors=0[0m
00000.234 [B/COM53] x_errors=0 rx_errors=0[0m
00000.234 [A/COM40] 0 gpio_rx_edges=214 tx_errors=0 rx_errors=0[0m
00000.234 [B/COM53] x_errors=0 rx_errors=0[0m
00000.234 [A/COM40] 0 gpio_rx_edges=214 tx_errors=0 rx_errors=0[0m
00000.234 [B/COM53] x_errors=0 rx_errors=0[0m
00000.234 [B/COM53] x_errors=0 rx_errors=0[0m
00000.234 [A/COM40] 0 gpio_rx_edges=214 tx_errors=0 rx_errors=0[0m
00000.234 [B/COM53] x_errors=0 rx_errors=0[0m
00000.250 [B/COM53] x_errors=0 rx_errors=0[0m
00000.250 [A/COM40] 0 gpio_rx_edges=214 tx_errors=0 rx_errors=0[0m
00000.250 [B/COM53] x_errors=0 rx_errors=0[0m
00000.250 [B/COM53] x_errors=0 rx_errors=0[0m
00000.250 [A/COM40] 0 gpio_rx_edges=214 tx_errors=0 rx_errors=0[0m
00000.250 [B/COM53] x_errors=0 rx_errors=0[0m
00000.250 [B/COM53] x_errors=0 rx_errors=0[0m
00000.250 [A/COM40] 0 gpio_rx_edges=214 tx_errors=0 rx_errors=0[0m
00000.250 [B/COM53] x_errors=0 rx_errors=0[0m
00000.250 [A/COM40] 0 gpio_rx_edges=214 tx_errors=0 rx_errors=0[0m
00000.250 [B/COM53] x_errors=0 rx_errors=0[0m
00000.250 [B/COM53] x_errors=0 rx_errors=0[0m
00000.250 [B/COM53] x_errors=0 rx_errors=0[0m
00000.250 [A/COM40] 0 gpio_rx_edges=214 tx_errors=0 rx_errors=0[0m
00000.250 [B/COM53] x_errors=0 rx_errors=0[0m
00000.250 [B/COM53] x_errors=0 rx_errors=0[0m
00000.250 [A/COM40] 0 gpio_rx_edges=214 tx_errors=0 rx_errors=0[0m
00000.250 [B/COM53] x_errors=0 rx_errors=0[0m
00000.250 [A/COM40] 0 gpio_rx_edges=214 tx_errors=0 rx_errors=0[0m
00000.250 [B/COM53] x_errors=0 rx_errors=0[0m
00000.250 [A/COM40] 0 gpio_rx_edges=214 tx_errors=0 rx_errors=0[0m
00000.250 [B/COM53] x_errors=0 rx_errors=0[0m
00000.250 [B/COM53] x_errors=0 rx_errors=0[0m
00000.250 [A/COM40] 0 gpio_rx_edges=214 tx_errors=0 rx_errors=0[0m
00000.265 [B/COM53] x_errors=0 rx_errors=0[0m
00000.265 [A/COM40] 0 gpio_rx_edges=214 tx_errors=0 rx_errors=0[0m
00000.265 [B/COM53] x_errors=0 rx_errors=0[0m
00000.265 [B/COM53] x_errors=0 rx_errors=0[0m
00000.265 [A/COM40] 0 gpio_rx_edges=214 tx_errors=0 rx_errors=0[0m
00000.265 [B/COM53] x_errors=0 rx_errors=0[0m
00000.265 [B/COM53] x_errors=0 rx_errors=0[0m
00000.265 [A/COM40] 0 gpio_rx_edges=214 tx_errors=0 rx_errors=0[0m
00000.265 [B/COM53] x_errors=0 rx_errors=0[0m
00000.265 [A/COM40] 0 gpio_rx_edges=214 tx_errors=0 rx_errors=0[0m
00000.265 [B/COM53] x_errors=0 rx_errors=0[0m
00000.265 [A/COM40] 0 gpio_rx_edges=214 tx_errors=0 rx_errors=0[0m
00000.265 [B/COM53] x_errors=0 rx_errors=0[0m
00000.265 [B/COM53] x_errors=0 rx_errors=0[0m
00000.265 [A/COM40] 0 gpio_rx_edges=214 tx_errors=0 rx_errors=0[0m
00000.265 [B/COM53] x_errors=0 rx_errors=0[0m
00000.265 [B/COM53] x_errors=0 rx_errors=0[0m
00000.265 [A/COM40] 0 gpio_rx_edges=214 tx_errors=0 rx_errors=0[0m
00000.265 [B/COM53] x_errors=0 rx_errors=0[0m
00000.265 [A/COM40] 0 gpio_rx_edges=214 tx_errors=0 rx_errors=0[0m
00000.265 [B/COM53] x_errors=0 rx_errors=0[0m
00000.281 [B/COM53] x_errors=0 rx_errors=0[0m
00000.281 [A/COM40] 0 gpio_rx_edges=214 tx_errors=0 rx_errors=0[0m
00000.281 [B/COM53] x_errors=0 rx_errors=0[0m
00000.281 [B/COM53] x_errors=0 rx_errors=0[0m
00000.281 [A/COM40] 0 gpio_rx_edges=214 tx_errors=0 rx_errors=0[0m
00000.281 [B/COM53] x_errors=0 rx_errors=0[0m
00000.281 [B/COM53] x_errors=0 rx_errors=0[0m
00000.281 [A/COM40] 0 gpio_rx_edges=214 tx_errors=0 rx_errors=0[0m
00000.281 [B/COM53] x_errors=0 rx_errors=0[0m
00000.281 [B/COM53] x_errors=0 rx_errors=0[0m
00000.281 [A/COM40] 0 gpio_rx_edges=214 tx_errors=0 rx_errors=0[0m
00000.281 [B/COM53] x_errors=0 rx_errors=0[0m
00000.281 [A/COM40] 0 gpio_rx_edges=214 tx_errors=0 rx_errors=0[0m
00000.281 [B/COM53] x_errors=0 rx_errors=0[0m
00000.281 [B/COM53] x_errors=0 rx_errors=0[0m
00000.281 [A/COM40] 0 gpio_rx_edges=214 tx_errors=0 rx_errors=0[0m
00000.281 [B/COM53] x_errors=0 rx_errors=0[0m
00000.281 [B/COM53] x_errors=0 rx_errors=0[0m
00000.281 [A/COM40] 0 gpio_rx_edges=214 tx_errors=0 rx_errors=0[0m
00000.281 [B/COM53] x_errors=0 rx_errors=0[0m
00000.281 [B/COM53] x_errors=0 rx_errors=0[0m
00000.281 [A/COM40] 0 gpio_rx_edges=214 tx_errors=0 rx_errors=0[0m
00000.281 [B/COM53] x_errors=0 rx_errors=0[0m
00000.297 [B/COM53] x_errors=0 rx_errors=0[0m
00000.297 [A/COM40] 0 gpio_rx_edges=214 tx_errors=0 rx_errors=0[0m
00000.297 [B/COM53] x_errors=0 rx_errors=0[0m
00000.297 [B/COM53] x_errors=0 rx_errors=0[0m
00000.297 [A/COM40] 0 gpio_rx_edges=214 tx_errors=0 rx_errors=0[0m
00000.297 [B/COM53] x_errors=0 rx_errors=0[0m
00000.297 [B/COM53] x_errors=0 rx_errors=0[0m
00000.297 [A/COM40] 0 gpio_rx_edges=214 tx_errors=0 rx_errors=0[0m
00000.297 [B/COM53] x_errors=0 rx_errors=0[0m
00000.297 [B/COM53] x_errors=0 rx_errors=0[0m
00000.297 [A/COM40] 0 gpio_rx_edges=214 tx_errors=0 rx_errors=0[0m
00000.297 [B/COM53] x_errors=0 rx_errors=0[0m
00000.297 [B/COM53] x_errors=0 rx_errors=0[0m
00000.297 [A/COM40] 0 gpio_rx_edges=214 tx_errors=0 rx_errors=0[0m
00000.297 [B/COM53] x_errors=0 rx_errors=0[0m
00000.297 [B/COM53] x_errors=0 rx_errors=0[0m
00000.297 [A/COM40] 0 gpio_rx_edges=214 tx_errors=0 rx_errors=0[0m
00000.297 [B/COM53] x_errors=0 rx_errors=0[0m
00000.297 [B/COM53] x_errors=0 rx_errors=0[0m
00000.297 [A/COM40] 0 gpio_rx_edges=214 tx_errors=0 rx_errors=0[0m
00000.297 [B/COM53] x_errors=0 rx_errors=0[0m
00000.297 [B/COM53] x_errors=0 rx_errors=0[0m
00000.297 [A/COM40] 0 gpio_rx_edges=214 tx_errors=0 rx_errors=0[0m
00000.297 [B/COM53] x_errors=0 rx_errors=0[0m
00000.312 [B/COM53] x_errors=0 rx_errors=0[0m
00000.312 [A/COM40] 0 gpio_rx_edges=214 tx_errors=0 rx_errors=0[0m
00000.312 [B/COM53] x_errors=0 rx_errors=0[0m
00000.312 [B/COM53] x_errors=0 rx_errors=0[0m
00000.312 [A/COM40] 0 gpio_rx_edges=214 tx_errors=0 rx_errors=0[0m
00000.312 [B/COM53] x_errors=0 rx_errors=0[0m
00000.312 [B/COM53] x_errors=0 rx_errors=0[0m
00000.312 [A/COM40] 0 gpio_rx_edges=214 tx_errors=0 rx_errors=0[0m
00000.312 [B/COM53] x_errors=0 rx_errors=0[0m
00000.312 [B/COM53] x_errors=0 rx_errors=0[0m
00000.312 [A/COM40] 0 gpio_rx_edges=214 tx_errors=0 rx_errors=0[0m
00000.312 [B/COM53] x_errors=0 rx_errors=0[0m
00000.312 [A/COM40] 0 gpio_rx_edges=214 tx_errors=0 rx_errors=0[0m
00000.312 [B/COM53] x_errors=0 rx_errors=0[0m
00000.312 [B/COM53] x_errors=0 rx_errors=0[0m
00000.312 [B/COM53] x_errors=0 rx_errors=0[0m
00000.312 [A/COM40] 0 gpio_rx_edges=214 tx_errors=0 rx_errors=0[0m
00000.312 [B/COM53] x_errors=0 rx_errors=0[0m
00000.312 [B/COM53] x_errors=0 rx_errors=0[0m
00000.312 [A/COM40] 0 gpio_rx_edges=214 tx_errors=0 rx_errors=0[0m
00000.312 [B/COM53] x_errors=0 rx_errors=0[0m
00000.312 [B/COM53] x_errors=0 rx_errors=0[0m
00000.312 [A/COM40] 0 gpio_rx_edges=214 tx_errors=0 rx_errors=0[0m
00000.328 [B/COM53] x_errors=0 rx_errors=0[0m
00000.328 [A/COM40] 0 gpio_rx_edges=214 tx_errors=0 rx_errors=0[0m
00000.328 [B/COM53] x_errors=0 rx_errors=0[0m
00000.328 [B/COM53] x_errors=0 rx_errors=0[0m
00000.328 [A/COM40] 0 gpio_rx_edges=214 tx_errors=0 rx_errors=0[0m
00000.328 [B/COM53] x_errors=0 rx_errors=0[0m
00000.328 [A/COM40] 0 gpio_rx_edges=214 tx_errors=0 rx_errors=0[0m
00000.328 [B/COM53] x_errors=0 rx_errors=0[0m
00000.328 [B/COM53] x_errors=0 rx_errors=0[0m
00000.328 [A/COM40] 0 gpio_rx_edges=214 tx_errors=0 rx_errors=0[0m
00000.328 [B/COM53] x_errors=0 rx_errors=0[0m
00000.328 [B/COM53] x_errors=0 rx_errors=0[0m
00000.328 [A/COM40] 0 gpio_rx_edges=214 tx_errors=0 rx_errors=0[0m
00000.328 [B/COM53] x_errors=0 rx_errors=0[0m
00000.328 [B/COM53] x_errors=0 rx_errors=0[0m
00000.328 [A/COM40] 0 gpio_rx_edges=214 tx_errors=0 rx_errors=0[0m
00000.328 [B/COM53] x_errors=0 rx_errors=0[0m
00000.328 [B/COM53] x_errors=0 rx_errors=0[0m
00000.328 [A/COM40] 0 gpio_rx_edges=214 tx_errors=0 rx_errors=0[0m
00000.328 [B/COM53] x_errors=0 rx_errors=0[0m
00000.328 [A/COM40] 0 gpio_rx_edges=214 tx_errors=0 rx_errors=0[0m
00000.328 [B/COM53] x_errors=0 rx_errors=0[0m
00000.343 [B/COM53] x_errors=0 rx_errors=0[0m
00000.343 [A/COM40] 0 gpio_rx_edges=214 tx_errors=0 rx_errors=0[0m
00000.343 [B/COM53] x_errors=0 rx_errors=0[0m
00000.343 [B/COM53] x_errors=0 rx_errors=0[0m
00000.343 [A/COM40] 0 gpio_rx_edges=214 tx_errors=0 rx_errors=0[0m
00000.343 [B/COM53] x_errors=0 rx_errors=0[0m
00000.343 [B/COM53] x_errors=0 rx_errors=0[0m
00000.343 [A/COM40] 0 gpio_rx_edges=214 tx_errors=0 rx_errors=0[0m
00000.343 [B/COM53] x_errors=0 rx_errors=0[0m
00000.343 [B/COM53] x_errors=0 rx_errors=0[0m
00000.343 [A/COM40] 0 gpio_rx_edges=214 tx_errors=0 rx_errors=0[0m
00000.343 [B/COM53] x_errors=0 rx_errors=0[0m
00000.343 [A/COM40] 0 gpio_rx_edges=214 tx_errors=0 rx_errors=0[0m
00000.343 [B/COM53] x_errors=0 rx_errors=0[0m
00000.343 [B/COM53] x_errors=0 rx_errors=0[0m
00000.343 [A/COM40] 0 gpio_rx_edges=214 tx_errors=0 rx_errors=0[0m
00000.343 [B/COM53] x_errors=0 rx_errors=0[0m
00000.484 [A/COM40] I (28) boot: ESP-IDF v6.1-beta1-497-g14f663f003e 2nd stage booI (28) boot: ESP-IDF v6.1-beta1-497-g14f663f003e 2nd stage booI (28) boot: ESP-IDF v6.1-beta1-497-g14f663f003e 2nd stage booI (28) boot: ESP-IDF v6.1-beta1-497-g14f663f003e 2nd stage booI (28) boot: ESP-IDF v6.1-beta1-497-g14f663f003e 2nd stage booI (28) boot: ESP-IDF v6.1-beta1-497-g14f663f003e 2nd stage booI (28) boot: ESP-IDF v6.1-beta1-497-g14f663f003e 2nd stage booI (28) boot: ESP-IDF v6.1-beta1-497-g14f663f003e 2nd stage booI (28) boot: ESP-IDF v6.1-beta1-497-g14f663f003e 2nd stage booI (28) boot: ESP-IDF v6.1-beta1-497-g14f663f003e 2nd stage booI (28) boot: ESP-IDF v6.1-beta1-497-g14f663f003e 2nd stage booI (28) boot: ESP-IDF v6.1-beta1-497-g14f663f003e 2nd stage booI (28) boot: ESP-IDF v6.1-beta1-497-g14f663f003e 2nd stage booI (28) boot: ESP-IDF v6.1-beta1-497-g14f663f003e 2nd stage booI (28) boot: ESP-IDF v6.1-beta1-497-g14f663f003e 2nd stage booI (28) boot: ESP-IDF v6.1-beta1-497-g14f663f003e 2nd stage booI (28) boot: ESP-IDF v6.1-beta1-497-g14f663f003e 2nd stage booI (28) boot: ESP-IDF v6.1-beta1-497-g14f663f003e 2nd stage booI (28) boot: ESP-IDF v6.1-beta1-497-g14f663f003e 2nd stage booI (28) boot: ESP-IDF v6.1-beta1-497-g14f663f003e 2nd stage booI (28) boot: ESP-IDF v6.1-beta1-497-g14f663f003e 2nd stage booI (28) boot: ESP-IDF v6.1-beta1-497-g14f663f003e 2nd stage booI (28) boot: ESP-IDF v6.1-beta1-497-g14f663f003e 2nd stage booI (28) boot: ESP-IDF v6.1-beta1-497-g14f663f003e 2nd stage booI (28) boot: ESP-IDF v6.1-beta1-497-g14f663f003e 2nd stage booI (28) boot: ESP-IDF v6.1-beta1-497-g14f663f003e 2nd stage booI (28) boot: ESP-IDF v6.1-beta1-497-g14f663f003e 2nd stage booI (28) boot: ESP-IDF v6.1-beta1-497-g14f663f003e 2nd stage booI (28) boot: ESP-IDF v6.1-beta1-497-g14f663f003e 2nd stage booI (28) boot: ESP-IDF v6.1-beta1-497-g14f663f003e 2nd stage booI (28) boot: ESP-IDF v6.1-beta1-497-g14f663f003e 2nd stage booI (28) boot: ESP-IDF v6.1-beta1-497-g14f663f003e 2nd stage booI (28) boot: ESP-IDF v6.1-beta1-497-g14f663f003e 2nd stage booI (28) boot: ESP-IDF v6.1-beta1-497-g14f663f003e 2nd stage booI (28) boot: ESP-IDF v6.1-beta1-497-g14f663f003e 2nd stage booI (28) boot: ESP-IDF v6.1-beta1-497-g14f663f003e 2nd stage booI (28) boot: ESP-IDF v6.1-beta1-497-g14f663f003e 2nd stage booI (28) boot: ESP-IDF v6.1-beta1-497-g14f663f003e 2nd stage booI (28) boot: ESP-IDF v6.1-beta1-497-g14f663f003e 2nd stage booI (28) boot: ESP-IDF v6.1-beta1-497-g14f663f003e 2nd stage booI (28) boot: ESP-IDF v6.1-beta1-497-g14f663f003e 2nd stage booI (28) boot: ESP-IDF v6.1-beta1-497-g14f663f003e 2nd stage booI (28) boot: ESP-IDF v6.1-beta1-497-g14f663f003e 2nd stage booI (28) boot: ESP-IDF v6.1-beta1-497-g14f663f003e 2nd stage booI (28) boot: ESP-IDF v6.1-beta1-497-g14f663f003e 2nd stage booI (28) boot: ESP-IDF v6.1-beta1-497-g14f663f003e 2nd stage booI (28) boot: ESP-IDF v6.1-beta1-497-g14f663f003e 2nd stage booI (28) boot: ESP-IDF v6.1-beta1-497-g14f663f003e 2nd stage booI (28) boot: ESP-IDF v6.1-beta1-497-g14f663f003e 2nd stage booI (28) boot: ESP-IDF v6.1-beta1-497-g14f663f003e 2nd stage booI (28) boot: ESP-IDF v6.1-beta1-497-g14f663f003e 2nd stage booI (28) boot: ESP-IDF v6.1-beta1-497-g14f663f003e 2nd stage booI (28) boot: ESP-IDF v6.1-beta1-497-g14f663f003e 2nd stage booI (28) boot: ESP-IDF v6.1-beta1-497-g14f663f003e 2nd stage booI (28) boot: ESP-IDF v6.1-beta1-497-g14f663f003e 2nd stage booI (28) boot: ESP-IDF v6.1-beta1-497-g14f663f003e 2nd stage booI (28) boot: ESP-IDF v6.1-beta1-497-g14f663f003e 2nd stage booI (28) boot: ESP-IDF v6.1-beta1-497-g14f663f003e 2nd stage booI (28) boot: ESP-IDF v6.1-beta1-497-g14f663f003e 2nd stage booI (28) boot: ESP-IDF v6.1-beta1-497-g14f663f003e 2nd stage booI (28) boot: ESP-IDF v6.1-beta1-497-g14f663f003e 2nd stage booI (2der
00000.500 [A/COM40] I (28) boot: Multicore bootloader
00000.500 [A/COM40] I (28) boot: chip 20[0m
00000.500 [A/COM40] [32mINFO - UCN_UART_RAW MATRIX role=A sel=false in_sel20[0m
00000.500 [A/COM40] [32mINFO - UCN_UART_RAW MATRIX role=A sel=false in_sel20[0m
00000.500 [A/COM40] [32mINFO - UCN_UART_RAW MATRIX role=A sel=false in_sel20[0m
00000.500 [B/COM53] I (28) boot: ESP-IDF v6.1-beta1-497-g14f663f003e 2nd stage booI (28) boot: ESP-IDF v6.1-beta1-497-g14f663f003e 2nd stage booI (28) boot: ESP-IDF v6.1-beta1-497-g14f663f003e 2nd stage booI (28) boot: ESP-IDF v6.1-beta1-497-g14f663f003e 2nd stage booI (28) boot: ESP-IDF v6.1-beta1-497-g14f663f003e 2nd stage booI (28) boot: ESP-IDF v6.1-beta1-497-g14f663f003e 2nd stage booI (28) boot: ESP-IDF v6.1-beta1-497-g14f663f003e 2nd stage booI (28) boot: ESP-IDF v6.1-beta1-497-g14f663f003e 2nd stage booI (28) boot: ESP-IDF v6.1-beta1-497-g14f663f003e 2nd stage booI (28) boot: ESP-IDF v6.1-beta1-497-g14f663f003e 2nd stage booI (28) boot: ESP-IDF v6.1-beta1-497-g14f663f003e 2nd stage booI (28) boot: ESP-IDF v6.1-beta1-497-g14f663f003e 2nd stage booI (28) boot: ESP-IDF v6.1-beta1-497-g14f663f003e 2nd stage booI (28) boot: ESP-IDF v6.1-beta1-497-g14f663f003e 2nd stage booI (28) boot: ESP-IDF v6.1-beta1-497-g14f663f003e 2nd stage booI (28) boot: ESP-IDF v6.1-beta1-497-g14f663f003e 2nd stage booI (28) boot: ESP-IDF v6.1-beta1-497-g14f663f003e 2nd stage booI (28) boot: ESP-IDF v6.1-beta1-497-g14f663f003e 2nd stage booI (28) boot: ESP-IDF v6.1-beta1-497-g14f663f003e 2nd stage booI (28) boot: ESP-IDF v6.1-beta1-497-g14f663f003e 2nd stage booI (28) boot: ESP-IDF v6.1-beta1-497-g14f663f003e 2nd stage booI (28) boot: ESP-IDF v6.1-beta1-497-g14f663f003e 2nd stage booI (28) boot: ESP-IDF v6.1-beta1-497-g14f663f003e 2nd stage booI (28) boot: ESP-IDF v6.1-beta1-497-g14f663f003e 2nd stage booI (28) boot: ESP-IDF v6.1-beta1-497-g14f663f003e 2nd stage booI (28) boot: ESP-IDF v6.1-beta1-497-g14f663f003e 2nd stage booI (28) boot: ESP-IDF v6.1-beta1-497-g14f663f003e 2nd stage booI (28) boot: ESP-IDF v6.1-beta1-497-g14f663f003e 2nd stage booI (28) boot: ESP-IDF v6.1-beta1-497-g14f663f003e 2nd stage booI (28) boot: ESP-IDF v6.1-beta1-497-g14f663f003e 2nd stage booI (28) boot: ESP-IDF v6.1-beta1-497-g14f663f003e 2nd stage booI (28) boot: ESP-IDF v6.1-beta1-497-g14f663f003e 2nd stage booI (28) boot: ESP-IDF v6.1-beta1-497-g14f663f003e 2nd stage booI (28) boot: ESP-IDF v6.1-beta1-497-g14f663f003e 2nd stage booI (28) boot: ESP-IDF v6.1-beta1-497-g14f663f003e 2nd stage booI (28) boot: ESP-IDF v6.1-beta1-497-g14f663f003e 2nd stage booI (28) boot: ESP-IDF v6.1-beta1-497-g14f663f003e 2nd stage booI (28) boot: ESP-IDF v6.1-beta1-497-g14f663f003e 2nd stage booI (28) boot: ESP-IDF v6.1-beta1-497-g14f663f003e 2nd stage booI (28) boot: ESP-IDF v6.1-beta1-497-g14f663f003e 2nd stage booI (28) boot: ESP-IDF v6.1-beta1-497-g14f663f003e 2nd stage booI (28) boot: ESP-IDF v6.1-beta1-497-g14f663f003e 2nd stage booI (28) boot: ESP-IDF v6.1-beta1-497-g14f663f003e 2nd stage booI (28) boot: ESP-IDF v6.1-beta1-497-g14f663f003e 2nd stage booI (28) boot: ESP-IDF v6.1-beta1-497-g14f663f003e 2nd stage booI (28) boot: ESP-IDF v6.1-beta1-497-g14f663f003e 2nd stage booI (28) boot: ESP-IDF v6.1-beta1-497-g14f663f003e 2nd stage booI (28) boot: ESP-IDF v6.1-beta1-497-g14f663f003e 2nd stage booI (28) boot: ESP-IDF v6.1-beta1-497-g14f663f003e 2nd stage booI (28) boot: ESP-IDF v6.1-beta1-497-g14f663f003e 2nd stage booI (28) boot: ESP-IDF v6.1-beta1-497-g14f663f003e 2nd stage booI (28) boot: ESP-IDF v6.1-beta1-497-g14f663f003e 2nd stage booI (28) boot: ESP-IDF v6.1-beta1-497-g14f663f003e 2nd stage booI (28) boot: ESP-IDF v6.1-beta1-497-g14f663f003e 2nd stage booI (28) boot: ESP-IDF v6.1-beta1-497-g14f663f003e 2nd stage booI (28) boot: ESP-IDF v6.1-beta1-497-g14f663f003e 2nd stage booI (28) boot: ESP-IDF v6.1-beta1-497-g14f663f003e 2nd stage booI (28) boot: ESP-IDF v6.1-beta1-497-g14f663f003e 2nd stage booI (28) boot: ESP-IDF v6.1-beta1-497-g14f663f003e 2nd stage booI (28) boot: ESP-IDF v6.1-beta1-497-g14f663f003e 2nd stage booI (28) boot: ESP-IDF v6.1-beta1-497-g14f663f003e 2nd stage booI (28) boot: ESP-IDF v6.1-beta1-497-g14f663f003e 2nd stage booI (28) boot: ESP-IDF v6.1-beta1-497-g14f663f003e 2nd stage booI (28) boot: ESP-IDF v6.1-beta1-497-g14f663f003e 2nd stage booe=B mac=7c:4f:ad:2a:92:44 uart=1 baud=115200 rx=GPIO19 tx=GPIO20[0m
00000.500 [B/COM53] [32mINFO - UCN_UART_RAW MATRIX role=B sel=false in_sel20[0m
00000.500 [A/COM40] [32mINFO - UCN_UART_RAW MATRIX role=A sel=false in_sel=60 inv=false[0m
00000.500 [A/COM40] =60 inv=false[0m
00000.500 [A/COM40] =60 inv=false[0m
00000.500 [A/COM40] =60 inv=false[0m
00000.500 [B/COM53] [32mINFO - UCN_UART_RAW MATRIX role=B sel=false in_sel20[0m
00000.500 [A/COM40] =60 inv=false[0m
00000.515 [A/COM40] =60 inv=false[0m
00000.515 [A/COM40] =60 inv=false[0m
00000.515 [A/COM40] =60 inv=false[0m
00000.515 [B/COM53] [32mINFO - UCN_UART_RAW MATRIX role=B sel=false in_sel=60 inv=false[0m
00000.515 [A/COM40] =60 inv=false[0m
00000.515 [B/COM53] =60 inv=false[0m
00000.515 [B/COM53] =60 inv=false[0m
00000.515 [A/COM40] =60 inv=false[0m
00000.515 [B/COM53] =60 inv=false[0m
00000.515 [A/COM40] =60 inv=false[0m
00000.515 [B/COM53] =60 inv=false[0m
00000.515 [A/COM40] =60 inv=false[0m
00000.515 [B/COM53] =60 inv=false[0m
00000.515 [A/COM40] =60 inv=false[0m
00000.515 [B/COM53] =60 inv=false[0m
00000.515 [A/COM40] =60 inv=false[0m
00000.515 [B/COM53] =60 inv=false[0m
00000.515 [A/COM40] =60 inv=false[0m
00000.515 [B/COM53] =60 inv=false[0m
00000.515 [A/COM40] =60 inv=false[0m
00000.515 [B/COM53] =60 inv=false[0m
00000.515 [A/COM40] =60 inv=false[0m
00000.515 [A/COM40] =60 inv=false[0m
00000.515 [B/COM53] =60 inv=false[0m
00000.515 [B/COM53] =60 inv=false[0m
00000.515 [A/COM40] =60 inv=false[0m
00000.515 [B/COM53] =60 inv=false[0m
00000.515 [A/COM40] =60 inv=false[0m
00000.515 [B/COM53] =60 inv=false[0m
00000.515 [A/COM40] =60 inv=false[0m
00000.515 [A/COM40] =60 inv=false[0m
00000.515 [B/COM53] =60 inv=false[0m
00000.515 [A/COM40] =60 inv=false[0m
00000.515 [B/COM53] =60 inv=false[0m
00000.515 [B/COM53] =60 inv=false[0m
00000.515 [A/COM40] =60 inv=false[0m
00000.515 [B/COM53] =60 inv=false[0m
00000.515 [A/COM40] =60 inv=false[0m
00000.515 [B/COM53] =60 inv=false[0m
00000.515 [A/COM40] =60 inv=false[0m
00000.531 [B/COM53] =60 inv=false[0m
00000.531 [A/COM40] =60 inv=false[0m
00000.531 [B/COM53] =60 inv=false[0m
00000.531 [B/COM53] =60 inv=false[0m
00000.531 [A/COM40] =60 inv=false[0m
00000.531 [B/COM53] =60 inv=false[0m
00000.531 [A/COM40] =60 inv=false[0m
00000.531 [B/COM53] =60 inv=false[0m
00000.531 [A/COM40] =60 inv=false[0m
00000.531 [B/COM53] =60 inv=false[0m
00000.531 [A/COM40] =60 inv=false[0m
00000.531 [B/COM53] =60 inv=false[0m
00000.531 [A/COM40] =60 inv=false[0m
00000.531 [B/COM53] =60 inv=false[0m
00000.531 [A/COM40] =60 inv=false[0m
00000.531 [B/COM53] =60 inv=false[0m
00000.531 [A/COM40] =60 inv=false[0m
00000.531 [B/COM53] =60 inv=false[0m
00000.531 [A/COM40] =60 inv=false[0m
00000.531 [B/COM53] =60 inv=false[0m
00000.531 [A/COM40] =60 inv=false[0m
00000.531 [B/COM53] =60 inv=false[0m
00000.531 [A/COM40] =60 inv=false[0m
00000.531 [B/COM53] =60 inv=false[0m
00000.531 [A/COM40] =60 inv=false[0m
00000.531 [B/COM53] =60 inv=false[0m
00000.531 [B/COM53] =60 inv=false[0m
00000.531 [A/COM40] =60 inv=false[0m
00000.531 [B/COM53] =60 inv=false[0m
00000.531 [A/COM40] =60 inv=false[0m
00000.531 [B/COM53] =60 inv=false[0m
00000.531 [A/COM40] =60 inv=false[0m
00000.531 [B/COM53] =60 inv=false[0m
00000.531 [A/COM40] =60 inv=false[0m
00000.531 [B/COM53] =60 inv=false[0m
00000.531 [A/COM40] =60 inv=false[0m
00000.531 [B/COM53] =60 inv=false[0m
00000.531 [A/COM40] =60 inv=false[0m
00000.531 [B/COM53] =60 inv=false[0m
00000.531 [A/COM40] =60 inv=false[0m
00000.531 [B/COM53] =60 inv=false[0m
00000.547 [A/COM40] =60 inv=false[0m
00000.547 [B/COM53] =60 inv=false[0m
00000.547 [A/COM40] =60 inv=false[0m
00000.547 [B/COM53] =60 inv=false[0m
00000.547 [A/COM40] =60 inv=false[0m
00000.547 [B/COM53] =60 inv=false[0m
00000.547 [B/COM53] =60 inv=false[0m
00000.547 [A/COM40] =60 inv=false[0m
00000.547 [B/COM53] =60 inv=false[0m
00000.547 [A/COM40] =60 inv=false[0m
00000.547 [B/COM53] =60 inv=false[0m
00000.547 [A/COM40] =60 inv=false[0m
00000.547 [B/COM53] =60 inv=false[0m
00000.547 [A/COM40] =60 inv=false[0m
00000.547 [B/COM53] =60 inv=false[0m
00000.547 [A/COM40] =60 inv=false[0m
00000.547 [B/COM53] =60 inv=false[0m
00000.547 [A/COM40] =60 inv=false[0m
00000.547 [A/COM40] =60 inv=false[0m
00000.547 [B/COM53] =60 inv=false[0m
00000.547 [B/COM53] =60 inv=false[0m
00000.547 [A/COM40] =60 inv=false[0m
00000.547 [B/COM53] =60 inv=false[0m
00000.547 [A/COM40] =60 inv=false[0m
00000.547 [B/COM53] =60 inv=false[0m
00000.547 [A/COM40] =60 inv=false[0m
00000.547 [B/COM53] =60 inv=false[0m
00000.547 [B/COM53] =60 inv=false[0m
00000.547 [A/COM40] =60 inv=false[0m
00000.547 [B/COM53] =60 inv=false[0m
00000.547 [A/COM40] =60 inv=false[0m
00000.547 [B/COM53] =60 inv=false[0m
00000.547 [A/COM40] =60 inv=false[0m
00000.547 [B/COM53] =60 inv=false[0m
00000.547 [A/COM40] =60 inv=false[0m
00000.547 [B/COM53] =60 inv=false[0m
00000.562 [B/COM53] =60 inv=false[0m
00000.562 [A/COM40] =60 inv=false[0m
00000.562 [A/COM40] =60 inv=false[0m
00000.562 [B/COM53] =60 inv=false[0m
00000.562 [A/COM40] =60 inv=false[0m
00000.562 [B/COM53] =60 inv=false[0m
00000.562 [A/COM40] =60 inv=false[0m
00000.562 [B/COM53] =60 inv=false[0m
00000.562 [A/COM40] =60 inv=false[0m
00000.562 [B/COM53] =60 inv=false[0m
00000.562 [A/COM40] =60 inv=false[0m
00000.562 [B/COM53] =60 inv=false[0m
00000.562 [A/COM40] =60 inv=false[0m
00000.562 [B/COM53] =60 inv=false[0m
00000.562 [A/COM40] =60 inv=false[0m
00000.562 [A/COM40] =60 inv=false[0m
00000.562 [B/COM53] =60 inv=false[0m
00000.562 [B/COM53] =60 inv=false[0m
00000.562 [A/COM40] =60 inv=false[0m
00000.562 [B/COM53] =60 inv=false[0m
00000.562 [A/COM40] =60 inv=false[0m
00000.562 [B/COM53] =60 inv=false[0m
00000.562 [A/COM40] =60 inv=false[0m
00000.562 [B/COM53] =60 inv=false[0m
00000.562 [A/COM40] =60 inv=false[0m
00000.562 [A/COM40] =60 inv=false[0m
00000.562 [B/COM53] =60 inv=false[0m
00000.562 [A/COM40] =60 inv=false[0m
00000.562 [B/COM53] =60 inv=false[0m
00000.562 [A/COM40] =60 inv=false[0m
00000.562 [B/COM53] =60 inv=false[0m
00000.562 [A/COM40] =60 inv=false[0m
00000.562 [B/COM53] =60 inv=false[0m
00000.562 [A/COM40] =60 inv=false[0m
00000.562 [B/COM53] =60 inv=false[0m
00000.562 [A/COM40] =60 inv=false[0m
00000.578 [B/COM53] =60 inv=false[0m
00000.578 [A/COM40] =60 inv=false[0m
00000.578 [B/COM53] =60 inv=false[0m
00000.578 [A/COM40] =60 inv=false[0m
00000.578 [B/COM53] =60 inv=false[0m
00000.578 [A/COM40] =60 inv=false[0m
00000.578 [B/COM53] =60 inv=false[0m
00000.578 [A/COM40] =60 inv=false[0m
00000.578 [B/COM53] =60 inv=false[0m
00000.578 [A/COM40] =60 inv=false[0m
00000.578 [B/COM53] =60 inv=false[0m
00000.578 [A/COM40] =60 inv=false[0m
00000.578 [B/COM53] =60 inv=false[0m
00000.578 [A/COM40] =60 inv=false[0m
00000.578 [B/COM53] =60 inv=false[0m
00000.578 [A/COM40] =60 inv=false[0m
00000.578 [B/COM53] =60 inv=false[0m
00000.578 [A/COM40] =60 inv=false[0m
00000.578 [B/COM53] =60 inv=false[0m
00000.578 [A/COM40] =60 inv=false[0m
00000.578 [B/COM53] =60 inv=false[0m
00000.578 [B/COM53] =60 inv=false[0m
00000.578 [A/COM40] =60 inv=false[0m
00000.578 [A/COM40] =60 inv=false[0m
00000.578 [B/COM53] =60 inv=false[0m
00000.578 [A/COM40] =60 inv=false[0m
00000.578 [B/COM53] =60 inv=false[0m
00000.578 [A/COM40] =60 inv=false[0m
00000.578 [B/COM53] =60 inv=false[0m
00000.593 [A/COM40] =60 inv=false[0m
00000.593 [B/COM53] =60 inv=false[0m
00000.593 [A/COM40] =60 inv=false[0m
00000.593 [B/COM53] =60 inv=false[0m
00000.593 [A/COM40] =60 inv=false[0m
00000.593 [B/COM53] =60 inv=false[0m
00000.593 [A/COM40] =60 inv=false[0m
00000.593 [B/COM53] =60 inv=false[0m
00000.593 [A/COM40] =60 inv=false[0m
00000.593 [B/COM53] =60 inv=false[0m
00000.593 [A/COM40] =60 inv=false[0m
00000.593 [B/COM53] =60 inv=false[0m
00000.593 [B/COM53] =60 inv=false[0m
00000.593 [A/COM40] =60 inv=false[0m
00000.593 [A/COM40] =60 inv=false[0m
00000.593 [B/COM53] =60 inv=false[0m
00000.593 [A/COM40] =60 inv=false[0m
00000.593 [B/COM53] =60 inv=false[0m
00000.593 [A/COM40] =60 inv=false[0m
00000.593 [B/COM53] =60 inv=false[0m
00000.593 [A/COM40] =60 inv=false[0m
00000.593 [B/COM53] =60 inv=false[0m
00000.593 [A/COM40] =60 inv=false[0m
00000.593 [B/COM53] =60 inv=false[0m
00000.593 [A/COM40] =60 inv=false[0m
00000.593 [B/COM53] =60 inv=false[0m
00000.593 [A/COM40] =60 inv=false[0m
00000.593 [B/COM53] =60 inv=false[0m
00000.593 [A/COM40] =60 inv=false[0m
00000.593 [B/COM53] =60 inv=false[0m
00000.593 [A/COM40] =60 inv=false[0m
00000.593 [B/COM53] =60 inv=false[0m
00000.593 [A/COM40] =60 inv=false[0m
00000.593 [B/COM53] =60 inv=false[0m
00000.593 [A/COM40] =60 inv=false[0m
00000.593 [B/COM53] =60 inv=false[0m
00000.593 [A/COM40] =60 inv=false[0m
00000.593 [B/COM53] =60 inv=false[0m
00000.609 [A/COM40] =60 inv=false[0m
00000.609 [B/COM53] =60 inv=false[0m
00000.609 [A/COM40] =60 inv=false[0m
00000.609 [B/COM53] =60 inv=false[0m
00000.609 [A/COM40] =60 inv=false[0m
00000.609 [B/COM53] =60 inv=false[0m
00000.609 [A/COM40] =60 inv=false[0m
00000.609 [B/COM53] =60 inv=false[0m
00000.609 [B/COM53] =60 inv=false[0m
00000.609 [A/COM40] =60 inv=false[0m
00000.609 [B/COM53] =60 inv=false[0m
00000.609 [A/COM40] =60 inv=false[0m
00000.609 [B/COM53] =60 inv=false[0m
00000.609 [A/COM40] =60 inv=false[0m
00000.609 [A/COM40] =60 inv=false[0m
00000.609 [B/COM53] =60 inv=false[0m
00000.609 [A/COM40] =60 inv=false[0m
00000.609 [B/COM53] =60 inv=false[0m
00000.609 [A/COM40] =60 inv=false[0m
00000.609 [B/COM53] =60 inv=false[0m
00000.609 [B/COM53] =60 inv=false[0m
00000.609 [A/COM40] =60 inv=false[0m
00000.609 [B/COM53] =60 inv=false[0m
00000.609 [A/COM40] =60 inv=false[0m
00000.609 [B/COM53] =60 inv=false[0m
00000.609 [A/COM40] =60 inv=false[0m
00000.609 [A/COM40] =60 inv=false[0m
00000.609 [B/COM53] =60 inv=false[0m
00000.609 [A/COM40] =60 inv=false[0m
00000.609 [B/COM53] =60 inv=false[0m
00000.609 [A/COM40] =60 inv=false[0m
00000.609 [B/COM53] =60 inv=false[0m
00000.609 [A/COM40] =60 inv=false[0m
00000.609 [B/COM53] =60 inv=false[0m
00000.609 [B/COM53] =60 inv=false[0m
00000.609 [A/COM40] =60 inv=false[0m
00000.609 [B/COM53] =60 inv=false[0m
00000.609 [A/COM40] =60 inv=false[0m
00000.609 [A/COM40] =60 inv=false[0m
00000.609 [B/COM53] =60 inv=false[0m
00000.625 [A/COM40] =60 inv=false[0m
00000.625 [B/COM53] =60 inv=false[0m
00000.625 [A/COM40] =60 inv=false[0m
00000.625 [B/COM53] =60 inv=false[0m
00000.625 [B/COM53] =60 inv=false[0m
00000.625 [A/COM40] =60 inv=false[0m
00000.625 [B/COM53] =60 inv=false[0m
00000.625 [A/COM40] =60 inv=false[0m
00000.625 [A/COM40] =60 inv=false[0m
00000.625 [B/COM53] =60 inv=false[0m
00000.625 [A/COM40] =60 inv=false[0m
00000.625 [B/COM53] =60 inv=false[0m
00000.625 [A/COM40] =60 inv=false[0m
00000.625 [B/COM53] =60 inv=false[0m
00000.625 [A/COM40] =60 inv=false[0m
00000.625 [B/COM53] =60 inv=false[0m
00000.625 [A/COM40] =60 inv=false[0m
00000.625 [B/COM53] =60 inv=false[0m
00000.625 [A/COM40] =60 inv=false[0m
00000.625 [B/COM53] =60 inv=false[0m
00000.625 [A/COM40] =60 inv=false[0m
00000.625 [B/COM53] =60 inv=false[0m
00000.625 [A/COM40] =60 inv=false[0m
00000.625 [B/COM53] =60 inv=false[0m
00000.625 [A/COM40] =60 inv=false[0m
00000.625 [B/COM53] =60 inv=false[0m
00000.625 [A/COM40] =60 inv=false[0m
00000.625 [B/COM53] =60 inv=false[0m
00000.625 [A/COM40] =60 inv=false[0m
00000.625 [B/COM53] =60 inv=false[0m
00000.625 [A/COM40] =60 inv=false[0m
00000.625 [B/COM53] =60 inv=false[0m
00000.625 [A/COM40] =60 inv=false[0m
00000.625 [B/COM53] =60 inv=false[0m
00000.625 [A/COM40] =60 inv=false[0m
00000.625 [B/COM53] =60 inv=false[0m
00000.625 [A/COM40] =60 inv=false[0m
00000.625 [B/COM53] =60 inv=false[0m
00000.625 [A/COM40] =60 inv=false[0m
00000.625 [B/COM53] =60 inv=false[0m
00000.640 [A/COM40] =60 inv=false[0m
00000.640 [B/COM53] =60 inv=false[0m
00000.640 [A/COM40] =60 inv=false[0m
00000.640 [B/COM53] =60 inv=false[0m
00000.640 [A/COM40] =60 inv=false[0m
00000.640 [A/COM40] =60 inv=false[0m
00000.640 [B/COM53] =60 inv=false[0m
00000.640 [A/COM40] =60 inv=false[0m
00000.640 [B/COM53] =60 inv=false[0m
00000.640 [A/COM40] =60 inv=false[0m
00000.640 [B/COM53] =60 inv=false[0m
00000.640 [A/COM40] =60 inv=false[0m
00000.640 [B/COM53] =60 inv=false[0m
00000.640 [A/COM40] =60 inv=false[0m
00000.640 [B/COM53] =60 inv=false[0m
00000.640 [A/COM40] =60 inv=false[0m
00000.640 [B/COM53] =60 inv=false[0m
00000.640 [A/COM40] =60 inv=false[0m
00000.640 [B/COM53] =60 inv=false[0m
00000.640 [A/COM40] =60 inv=false[0m
00000.640 [B/COM53] =60 inv=false[0m
00000.640 [A/COM40] =60 inv=false[0m
00000.640 [B/COM53] =60 inv=false[0m
00000.640 [A/COM40] =60 inv=false[0m
00000.640 [B/COM53] =60 inv=false[0m
00000.640 [A/COM40] =60 inv=false[0m
00000.640 [B/COM53] =60 inv=false[0m
00000.640 [A/COM40] =60 inv=false[0m
00000.640 [B/COM53] =60 inv=false[0m
00000.640 [A/COM40] =60 inv=false[0m
00000.640 [B/COM53] =60 inv=false[0m
00000.640 [A/COM40] =60 inv=false[0m
00000.640 [B/COM53] =60 inv=false[0m
00000.640 [A/COM40] =60 inv=false[0m
00000.640 [B/COM53] =60 inv=false[0m
00000.640 [A/COM40] =60 inv=false[0m
00000.640 [B/COM53] =60 inv=false[0m
00000.640 [A/COM40] =60 inv=false[0m
00000.640 [B/COM53] =60 inv=false[0m
00000.656 [A/COM40] =60 inv=false[0m
00000.656 [B/COM53] =60 inv=false[0m
00000.656 [A/COM40] =60 inv=false[0m
00000.656 [B/COM53] =60 inv=false[0m
00000.656 [A/COM40] =60 inv=false[0m
00000.656 [B/COM53] =60 inv=false[0m
00000.656 [A/COM40] =60 inv=false[0m
00000.656 [B/COM53] =60 inv=false[0m
00000.656 [B/COM53] =60 inv=false[0m
00000.656 [A/COM40] =60 inv=false[0m
00000.656 [B/COM53] =60 inv=false[0m
00000.656 [A/COM40] =60 inv=false[0m
00000.656 [B/COM53] =60 inv=false[0m
00000.656 [A/COM40] =60 inv=false[0m
00000.656 [B/COM53] =60 inv=false[0m
00000.656 [A/COM40] =60 inv=false[0m
00000.656 [B/COM53] =60 inv=false[0m
00000.656 [A/COM40] =60 inv=false[0m
00000.656 [A/COM40] =60 inv=false[0m
00000.656 [A/COM40] =60 inv=false[0m
00000.656 [B/COM53] =60 inv=false[0m
00000.656 [A/COM40] =60 inv=false[0m
00000.656 [B/COM53] =60 inv=false[0m
00000.656 [A/COM40] =60 inv=false[0m
00000.656 [B/COM53] =60 inv=false[0m
00000.656 [A/COM40] =60 inv=false[0m
00000.656 [B/COM53] =60 inv=false[0m
00000.656 [A/COM40] =60 inv=false[0m
00000.656 [A/COM40] =60 inv=false[0m
00000.656 [B/COM53] =60 inv=false[0m
00000.656 [A/COM40] =60 inv=false[0m
00000.656 [B/COM53] =60 inv=false[0m
00000.656 [A/COM40] =60 inv=false[0m
00000.656 [B/COM53] =60 inv=false[0m
00000.656 [A/COM40] =60 inv=false[0m
00000.656 [B/COM53] =60 inv=false[0m
00000.656 [A/COM40] =60 inv=false[0m
00000.656 [B/COM53] =60 inv=false[0m
00000.656 [A/COM40] =60 inv=false[0m
00000.656 [B/COM53] =60 inv=false[0m
00000.656 [A/COM40] =60 inv=false[0m
00000.656 [B/COM53] =60 inv=false[0m
00000.656 [A/COM40] =60 inv=false[0m
00000.672 [A/COM40] =60 inv=false[0m
00000.672 [B/COM53] =60 inv=false[0m
00000.672 [A/COM40] =60 inv=false[0m
00000.672 [B/COM53] =60 inv=false[0m
00000.672 [A/COM40] =60 inv=false[0m
00000.672 [B/COM53] =60 inv=false[0m
00000.672 [A/COM40] =60 inv=false[0m
00000.672 [B/COM53] =60 inv=false[0m
00000.672 [A/COM40] =60 inv=false[0m
00000.672 [B/COM53] =60 inv=false[0m
00000.672 [A/COM40] =60 inv=false[0m
00000.672 [B/COM53] =60 inv=false[0m
00000.672 [A/COM40] =60 inv=false[0m
00000.672 [B/COM53] =60 inv=false[0m
00000.672 [A/COM40] =60 inv=false[0m
00000.672 [B/COM53] =60 inv=false[0m
00000.672 [B/COM53] =60 inv=false[0m
00000.672 [A/COM40] =60 inv=false[0m
00000.672 [B/COM53] =60 inv=false[0m
00000.672 [A/COM40] =60 inv=false[0m
00000.672 [B/COM53] =60 inv=false[0m
00000.672 [A/COM40] =60 inv=false[0m
00000.672 [B/COM53] =60 inv=false[0m
00000.672 [A/COM40] =60 inv=false[0m
00000.672 [B/COM53] =60 inv=false[0m
00000.672 [A/COM40] =60 inv=false[0m
00000.672 [B/COM53] =60 inv=false[0m
00000.672 [A/COM40] =60 inv=false[0m
00000.672 [B/COM53] =60 inv=false[0m
00000.672 [A/COM40] =60 inv=false[0m
00000.672 [B/COM53] =60 inv=false[0m
00000.672 [B/COM53] =60 inv=false[0m
00000.672 [A/COM40] =60 inv=false[0m
00000.672 [B/COM53] =60 inv=false[0m
00000.672 [A/COM40] =60 inv=false[0m
00000.672 [B/COM53] =60 inv=false[0m
00000.672 [A/COM40] =60 inv=false[0m
00000.672 [B/COM53] =60 inv=false[0m
00000.687 [A/COM40] =60 inv=false[0m
00000.687 [B/COM53] =60 inv=false[0m
00000.687 [B/COM53] =60 inv=false[0m
00000.687 [A/COM40] =60 inv=false[0m
00000.687 [B/COM53] =60 inv=false[0m
00000.687 [A/COM40] =60 inv=false[0m
00000.687 [B/COM53] =60 inv=false[0m
00000.687 [A/COM40] =60 inv=false[0m
00000.687 [B/COM53] =60 inv=false[0m
00000.687 [A/COM40] =60 inv=false[0m
00000.687 [B/COM53] =60 inv=false[0m
00000.687 [A/COM40] =60 inv=false[0m
00000.687 [B/COM53] =60 inv=false[0m
00000.687 [A/COM40] =60 inv=false[0m
00000.687 [B/COM53] =60 inv=false[0m
00000.687 [A/COM40] =60 inv=false[0m
00000.687 [B/COM53] =60 inv=false[0m
00000.687 [A/COM40] =60 inv=false[0m
00000.687 [B/COM53] =60 inv=false[0m
00000.687 [A/COM40] =60 inv=false[0m
00000.687 [B/COM53] =60 inv=false[0m
00000.687 [A/COM40] =60 inv=false[0m
00000.687 [B/COM53] =60 inv=false[0m
00000.687 [A/COM40] =60 inv=false[0m
00000.687 [B/COM53] =60 inv=false[0m
00000.687 [A/COM40] =60 inv=false[0m
00000.687 [B/COM53] =60 inv=false[0m
00000.687 [A/COM40] =60 inv=false[0m
00000.687 [B/COM53] =60 inv=false[0m
00000.687 [A/COM40] =60 inv=false[0m
00000.687 [B/COM53] =60 inv=false[0m
00000.687 [B/COM53] =60 inv=false[0m
00000.687 [A/COM40] =60 inv=false[0m
00000.687 [B/COM53] =60 inv=false[0m
00000.687 [A/COM40] =60 inv=false[0m
00000.687 [B/COM53] =60 inv=false[0m
00000.687 [A/COM40] =60 inv=false[0m
00000.687 [A/COM40] =60 inv=false[0m
00000.687 [B/COM53] =60 inv=false[0m
00000.703 [B/COM53] =60 inv=false[0m
00000.703 [A/COM40] =60 inv=false[0m
00000.703 [B/COM53] =60 inv=false[0m
00000.703 [A/COM40] =60 inv=false[0m
00000.703 [A/COM40] =60 inv=false[0m
00000.703 [B/COM53] =60 inv=false[0m
00000.703 [A/COM40] =60 inv=false[0m
00000.703 [B/COM53] =60 inv=false[0m
00000.703 [B/COM53] =60 inv=false[0m
00000.703 [A/COM40] =60 inv=false[0m
00000.703 [B/COM53] =60 inv=false[0m
00000.703 [A/COM40] =60 inv=false[0m
00000.703 [B/COM53] =60 inv=false[0m
00000.703 [A/COM40] =60 inv=false[0m
00000.703 [B/COM53] =60 inv=false[0m
00000.703 [A/COM40] =60 inv=false[0m
00000.703 [B/COM53] =60 inv=false[0m
00000.703 [A/COM40] =60 inv=false[0m
00000.703 [B/COM53] =60 inv=false[0m
00000.703 [A/COM40] =60 inv=false[0m
00000.703 [B/COM53] =60 inv=false[0m
00000.703 [A/COM40] =60 inv=false[0m
00000.703 [B/COM53] =60 inv=false[0m
00000.703 [A/COM40] =60 inv=false[0m
00000.703 [B/COM53] =60 inv=false[0m
00000.703 [A/COM40] =60 inv=false[0m
00000.703 [B/COM53] =60 inv=false[0m
00000.703 [A/COM40] =60 inv=false[0m
00000.703 [B/COM53] =60 inv=false[0m
00000.703 [A/COM40] =60 inv=false[0m
00000.703 [B/COM53] =60 inv=false[0m
00000.703 [A/COM40] =60 inv=false[0m
00000.703 [B/COM53] =60 inv=false[0m
00000.703 [A/COM40] =60 inv=false[0m
00000.703 [B/COM53] =60 inv=false[0m
00000.703 [A/COM40] =60 inv=false[0m
00000.703 [B/COM53] =60 inv=false[0m
00000.703 [A/COM40] =60 inv=false[0m
00000.718 [B/COM53] =60 inv=false[0m
00000.718 [A/COM40] =60 inv=false[0m
00000.718 [B/COM53] =60 inv=false[0m
00000.718 [A/COM40] =60 inv=false[0m
00000.718 [B/COM53] =60 inv=false[0m
00000.718 [A/COM40] =60 inv=false[0m
00000.718 [B/COM53] =60 inv=false[0m
00000.718 [A/COM40] =60 inv=false[0m
00000.718 [B/COM53] =60 inv=false[0m
00000.718 [A/COM40] =60 inv=false[0m
00000.718 [B/COM53] =60 inv=false[0m
00000.718 [A/COM40] =60 inv=false[0m
00000.718 [B/COM53] =60 inv=false[0m
00000.718 [A/COM40] =60 inv=false[0m
00000.718 [B/COM53] =60 inv=false[0m
00000.718 [A/COM40] =60 inv=false[0m
00000.718 [B/COM53] =60 inv=false[0m
00000.718 [A/COM40] =60 inv=false[0m
00000.718 [B/COM53] =60 inv=false[0m
00000.718 [A/COM40] =60 inv=false[0m
00000.718 [B/COM53] =60 inv=false[0m
00000.718 [A/COM40] =60 inv=false[0m
00000.718 [B/COM53] =60 inv=false[0m
00000.718 [A/COM40] =60 inv=false[0m
00000.718 [A/COM40] =60 inv=false[0m
00000.718 [B/COM53] =60 inv=false[0m
00000.718 [A/COM40] =60 inv=false[0m
00000.718 [B/COM53] =60 inv=false[0m
00000.718 [A/COM40] =60 inv=false[0m
00000.718 [B/COM53] =60 inv=false[0m
00000.718 [B/COM53] =60 inv=false[0m
00000.718 [A/COM40] =60 inv=false[0m
00000.718 [A/COM40] =60 inv=false[0m
00000.718 [B/COM53] =60 inv=false[0m
00000.718 [A/COM40] =60 inv=false[0m
00000.718 [B/COM53] =60 inv=false[0m
00000.718 [B/COM53] =60 inv=false[0m
00000.718 [A/COM40] =60 inv=false[0m
00000.718 [B/COM53] =60 inv=false[0m
00000.718 [A/COM40] =60 inv=false[0m
00000.718 [B/COM53] =60 inv=false[0m
00000.718 [B/COM53] =60 inv=false[0m
00000.718 [A/COM40] =60 inv=false[0m
00000.734 [B/COM53] =60 inv=false[0m
00000.734 [A/COM40] =60 inv=false[0m
00000.734 [B/COM53] =60 inv=false[0m
00000.734 [A/COM40] =60 inv=false[0m
00000.734 [B/COM53] =60 inv=false[0m
00000.734 [A/COM40] =60 inv=false[0m
00000.734 [B/COM53] =60 inv=false[0m
00000.734 [A/COM40] =60 inv=false[0m
00000.734 [B/COM53] =60 inv=false[0m
00000.734 [A/COM40] =60 inv=false[0m
00000.734 [B/COM53] =60 inv=false[0m
00000.734 [A/COM40] =60 inv=false[0m
00000.734 [B/COM53] =60 inv=false[0m
00000.734 [A/COM40] =60 inv=false[0m
00000.734 [B/COM53] =60 inv=false[0m
00000.734 [A/COM40] =60 inv=false[0m
00000.734 [B/COM53] =60 inv=false[0m
00000.734 [A/COM40] =60 inv=false[0m
00000.734 [B/COM53] =60 inv=false[0m
00000.734 [A/COM40] =60 inv=false[0m
00000.734 [B/COM53] =60 inv=false[0m
00000.734 [A/COM40] =60 inv=false[0m
00000.734 [B/COM53] =60 inv=false[0m
00000.734 [A/COM40] =60 inv=false[0m
00000.734 [B/COM53] =60 inv=false[0m
00000.734 [A/COM40] =60 inv=false[0m
00000.734 [B/COM53] =60 inv=false[0m
00000.734 [A/COM40] =60 inv=false[0m
00000.734 [B/COM53] =60 inv=false[0m
00000.734 [A/COM40] =60 inv=false[0m
00000.734 [B/COM53] =60 inv=false[0m
00000.734 [A/COM40] =60 inv=false[0m
00000.734 [B/COM53] =60 inv=false[0m
00000.734 [B/COM53] =60 inv=false[0m
00000.734 [A/COM40] =60 inv=false[0m
00000.750 [B/COM53] =60 inv=false[0m
00000.750 [A/COM40] =60 inv=false[0m
00000.750 [A/COM40] =60 inv=false[0m
00000.750 [B/COM53] =60 inv=false[0m
00000.750 [A/COM40] =60 inv=false[0m
00000.750 [B/COM53] =60 inv=false[0m
00000.750 [B/COM53] =60 inv=false[0m
00000.750 [A/COM40] =60 inv=false[0m
00000.750 [B/COM53] =60 inv=false[0m
00000.750 [A/COM40] =60 inv=false[0m
00000.750 [B/COM53] =60 inv=false[0m
00000.750 [A/COM40] =60 inv=false[0m
00000.750 [B/COM53] =60 inv=false[0m
00000.750 [A/COM40] =60 inv=false[0m
00000.750 [A/COM40] =60 inv=false[0m
00000.750 [B/COM53] =60 inv=false[0m
00000.750 [A/COM40] =60 inv=false[0m
00000.750 [B/COM53] =60 inv=false[0m
00000.750 [A/COM40] =60 inv=false[0m
00000.750 [B/COM53] =60 inv=false[0m
00000.750 [A/COM40] =60 inv=false[0m
00000.750 [B/COM53] =60 inv=false[0m
00000.750 [A/COM40] =60 inv=false[0m
00000.750 [B/COM53] =60 inv=false[0m
00000.750 [A/COM40] =60 inv=false[0m
00000.750 [B/COM53] =60 inv=false[0m
00000.750 [A/COM40] =60 inv=false[0m
00000.750 [B/COM53] =60 inv=false[0m
00000.750 [A/COM40] =60 inv=false[0m
00000.750 [B/COM53] =60 inv=false[0m
00000.750 [A/COM40] =60 inv=false[0m
00000.750 [B/COM53] =60 inv=false[0m
00000.750 [A/COM40] =60 inv=false[0m
00000.750 [B/COM53] =60 inv=false[0m
00000.750 [A/COM40] =60 inv=false[0m
00000.750 [B/COM53] =60 inv=false[0m
00000.765 [A/COM40] =60 inv=false[0m
00000.765 [B/COM53] =60 inv=false[0m
00000.765 [A/COM40] =60 inv=false[0m
00000.765 [B/COM53] =60 inv=false[0m
00000.765 [B/COM53] =60 inv=false[0m
00000.765 [A/COM40] =60 inv=false[0m
00000.765 [B/COM53] =60 inv=false[0m
00000.765 [A/COM40] =60 inv=false[0m
00000.765 [B/COM53] =60 inv=false[0m
00000.765 [A/COM40] =60 inv=false[0m
00000.765 [B/COM53] =60 inv=false[0m
00000.765 [A/COM40] =60 inv=false[0m
00000.765 [B/COM53] =60 inv=false[0m
00000.765 [A/COM40] =60 inv=false[0m
00000.765 [B/COM53] =60 inv=false[0m
00000.765 [A/COM40] =60 inv=false[0m
00000.765 [B/COM53] =60 inv=false[0m
00000.765 [A/COM40] =60 inv=false[0m
00000.765 [B/COM53] =60 inv=false[0m
00000.765 [A/COM40] =60 inv=false[0m
00000.765 [B/COM53] =60 inv=false[0m
00000.765 [A/COM40] =60 inv=false[0m
00000.765 [B/COM53] =60 inv=false[0m
00000.765 [A/COM40] =60 inv=false[0m
00000.765 [B/COM53] =60 inv=false[0m
00000.765 [A/COM40] =60 inv=false[0m
00000.765 [B/COM53] =60 inv=false[0m
00000.765 [A/COM40] =60 inv=false[0m
00000.765 [B/COM53] =60 inv=false[0m
00000.765 [A/COM40] =60 inv=false[0m
00000.765 [B/COM53] =60 inv=false[0m
00000.765 [A/COM40] =60 inv=false[0m
00000.765 [B/COM53] =60 inv=false[0m
00000.765 [A/COM40] =60 inv=false[0m
00000.765 [B/COM53] =60 inv=false[0m
00000.765 [A/COM40] =60 inv=false[0m
00000.765 [B/COM53] =60 inv=false[0m
00000.765 [A/COM40] =60 inv=false[0m
00000.781 [B/COM53] =60 inv=false[0m
00000.781 [A/COM40] =60 inv=false[0m
00000.781 [B/COM53] =60 inv=false[0m
00000.781 [A/COM40] =60 inv=false[0m
00000.781 [A/COM40] =60 inv=false[0m
00000.781 [B/COM53] =60 inv=false[0m
00000.781 [A/COM40] =60 inv=false[0m
00000.781 [B/COM53] =60 inv=false[0m
00000.781 [A/COM40] =60 inv=false[0m
00000.781 [B/COM53] =60 inv=false[0m
00000.781 [A/COM40] =60 inv=false[0m
00000.781 [B/COM53] =60 inv=false[0m
00000.781 [A/COM40] =60 inv=false[0m
00000.781 [B/COM53] =60 inv=false[0m
00000.781 [B/COM53] =60 inv=false[0m
00000.781 [A/COM40] =60 inv=false[0m
00000.781 [B/COM53] =60 inv=false[0m
00000.781 [A/COM40] =60 inv=false[0m
00000.781 [B/COM53] =60 inv=false[0m
00000.781 [A/COM40] =60 inv=false[0m
00000.781 [B/COM53] =60 inv=false[0m
00000.781 [A/COM40] =60 inv=false[0m
00000.781 [B/COM53] =60 inv=false[0m
00000.781 [A/COM40] =60 inv=false[0m
00000.781 [B/COM53] =60 inv=false[0m
00000.781 [A/COM40] =60 inv=false[0m
00000.781 [B/COM53] =60 inv=false[0m
00000.781 [A/COM40] =60 inv=false[0m
00000.781 [B/COM53] =60 inv=false[0m
00000.781 [A/COM40] =60 inv=false[0m
00000.781 [B/COM53] =60 inv=false[0m
00000.781 [A/COM40] =60 inv=false[0m
00000.781 [B/COM53] =60 inv=false[0m
00000.781 [A/COM40] =60 inv=false[0m
00000.781 [B/COM53] =60 inv=false[0m
00000.781 [B/COM53] =60 inv=false[0m
00000.781 [A/COM40] =60 inv=false[0m
00000.781 [B/COM53] =60 inv=false[0m
00000.797 [A/COM40] =60 inv=false[0m
00000.797 [B/COM53] =60 inv=false[0m
00000.797 [A/COM40] =60 inv=false[0m
00000.797 [B/COM53] =60 inv=false[0m
00000.797 [A/COM40] =60 inv=false[0m
00000.797 [B/COM53] =60 inv=false[0m
00000.797 [A/COM40] =60 inv=false[0m
00000.797 [B/COM53] =60 inv=false[0m
00000.797 [A/COM40] =60 inv=false[0m
00000.797 [A/COM40] =60 inv=false[0m
00000.797 [B/COM53] =60 inv=false[0m
00000.797 [A/COM40] =60 inv=false[0m
00000.797 [B/COM53] =60 inv=false[0m
00000.797 [A/COM40] =60 inv=false[0m
00000.797 [B/COM53] =60 inv=false[0m
00000.797 [B/COM53] =60 inv=false[0m
00000.797 [A/COM40] =60 inv=false[0m
00000.797 [A/COM40] =60 inv=false[0m
00000.797 [B/COM53] =60 inv=false[0m
00000.797 [A/COM40] =60 inv=false[0m
00000.797 [B/COM53] =60 inv=false[0m
00000.797 [A/COM40] =60 inv=false[0m
00000.797 [B/COM53] =60 inv=false[0m
00000.797 [B/COM53] =60 inv=false[0m
00000.797 [A/COM40] =60 inv=false[0m
00000.797 [B/COM53] =60 inv=false[0m
00000.797 [A/COM40] =60 inv=false[0m
00000.797 [B/COM53] =60 inv=false[0m
00000.797 [A/COM40] =60 inv=false[0m
00000.797 [B/COM53] =60 inv=false[0m
00000.797 [A/COM40] =60 inv=false[0m
00000.797 [B/COM53] =60 inv=false[0m
00000.797 [A/COM40] =60 inv=false[0m
00000.797 [B/COM53] =60 inv=false[0m
00000.797 [A/COM40] =60 inv=false[0m
00000.797 [B/COM53] =60 inv=false[0m
00000.797 [A/COM40] =60 inv=false[0m
00000.797 [B/COM53] =60 inv=false[0m
00000.812 [A/COM40] =60 inv=false[0m
00000.812 [B/COM53] =60 inv=false[0m
00000.812 [A/COM40] =60 inv=false[0m
00000.812 [B/COM53] =60 inv=false[0m
00000.812 [A/COM40] =60 inv=false[0m
00000.812 [B/COM53] =60 inv=false[0m
00000.812 [A/COM40] =60 inv=false[0m
00000.812 [B/COM53] =60 inv=false[0m
00000.812 [A/COM40] =60 inv=false[0m
00000.812 [B/COM53] =60 inv=false[0m
00000.812 [A/COM40] =60 inv=false[0m
00000.812 [B/COM53] =60 inv=false[0m
00000.812 [A/COM40] =60 inv=false[0m
00000.812 [B/COM53] =60 inv=false[0m
00000.812 [A/COM40] =60 inv=false[0m
00000.812 [B/COM53] =60 inv=false[0m
00000.812 [A/COM40] =60 inv=false[0m
00000.812 [B/COM53] =60 inv=false[0m
00000.812 [A/COM40] =60 inv=false[0m
00000.812 [B/COM53] =60 inv=false[0m
00000.812 [A/COM40] =60 inv=false[0m
00000.812 [B/COM53] =60 inv=false[0m
00000.812 [A/COM40] =60 inv=false[0m
00000.812 [B/COM53] =60 inv=false[0m
00000.812 [A/COM40] =60 inv=false[0m
00000.812 [B/COM53] =60 inv=false[0m
00000.812 [A/COM40] =60 inv=false[0m
00000.812 [B/COM53] =60 inv=false[0m
00000.812 [A/COM40] =60 inv=false[0m
00000.812 [B/COM53] =60 inv=false[0m
00000.812 [A/COM40] =60 inv=false[0m
00000.812 [B/COM53] =60 inv=false[0m
00000.812 [A/COM40] =60 inv=false[0m
00000.812 [B/COM53] =60 inv=false[0m
00000.812 [A/COM40] =60 inv=false[0m
00000.812 [B/COM53] =60 inv=false[0m
00000.812 [A/COM40] =60 inv=false[0m
00000.828 [B/COM53] =60 inv=false[0m
00000.828 [A/COM40] =60 inv=false[0m
00000.828 [B/COM53] =60 inv=false[0m
00000.828 [A/COM40] =60 inv=false[0m
00000.828 [B/COM53] =60 inv=false[0m
00000.828 [A/COM40] =60 inv=false[0m
00000.828 [B/COM53] =60 inv=false[0m
00000.828 [A/COM40] =60 inv=false[0m
00000.828 [A/COM40] =60 inv=false[0m
00000.828 [B/COM53] =60 inv=false[0m
00000.828 [B/COM53] =60 inv=false[0m
00000.828 [A/COM40] =60 inv=false[0m
00000.828 [B/COM53] =60 inv=false[0m
00000.828 [A/COM40] =60 inv=false[0m
00000.828 [B/COM53] =60 inv=false[0m
00000.828 [A/COM40] =60 inv=false[0m
00000.828 [B/COM53] =60 inv=false[0m
00000.828 [A/COM40] =60 inv=false[0m
00000.828 [B/COM53] =60 inv=false[0m
00000.828 [A/COM40] =60 inv=false[0m
00000.828 [B/COM53] =60 inv=false[0m
00000.828 [A/COM40] =60 inv=false[0m
00000.828 [B/COM53] =60 inv=false[0m
00000.828 [A/COM40] =60 inv=false[0m
00000.828 [B/COM53] =60 inv=false[0m
00000.828 [A/COM40] =60 inv=false[0m
00000.828 [B/COM53] =60 inv=false[0m
00000.828 [A/COM40] =60 inv=false[0m
00000.828 [B/COM53] =60 inv=false[0m
00000.828 [A/COM40] =60 inv=false[0m
00000.828 [B/COM53] =60 inv=false[0m
00000.828 [A/COM40] =60 inv=false[0m
00000.828 [B/COM53] =60 inv=false[0m
00000.828 [A/COM40] =60 inv=false[0m
00000.828 [B/COM53] =60 inv=false[0m
00000.828 [A/COM40] =60 inv=false[0m
00000.828 [B/COM53] =60 inv=false[0m
00000.828 [A/COM40] =60 inv=false[0m
00000.828 [B/COM53] =60 inv=false[0m
00000.843 [A/COM40] =60 inv=false[0m
00000.843 [B/COM53] =60 inv=false[0m
00000.843 [A/COM40] =60 inv=false[0m
00000.843 [B/COM53] =60 inv=false[0m
00000.843 [A/COM40] =60 inv=false[0m
00000.843 [B/COM53] =60 inv=false[0m
00000.843 [A/COM40] =60 inv=false[0m
00000.843 [B/COM53] =60 inv=false[0m
00000.843 [A/COM40] =60 inv=false[0m
00000.843 [B/COM53] =60 inv=false[0m
00000.843 [A/COM40] =60 inv=false[0m
00000.843 [B/COM53] =60 inv=false[0m
00000.843 [A/COM40] =60 inv=false[0m
00000.843 [B/COM53] =60 inv=false[0m
00000.843 [B/COM53] =60 inv=false[0m
00000.843 [A/COM40] =60 inv=false[0m
00000.843 [B/COM53] =60 inv=false[0m
00000.843 [A/COM40] =60 inv=false[0m
00000.843 [A/COM40] =60 inv=false[0m
00000.843 [B/COM53] =60 inv=false[0m
00000.843 [A/COM40] =60 inv=false[0m
00000.843 [B/COM53] =60 inv=false[0m
00000.843 [A/COM40] =60 inv=false[0m
00000.843 [B/COM53] =60 inv=false[0m
00000.843 [A/COM40] =60 inv=false[0m
00000.843 [B/COM53] =60 inv=false[0m
00000.843 [A/COM40] =60 inv=false[0m
00000.843 [B/COM53] =60 inv=false[0m
00000.843 [A/COM40] =60 inv=false[0m
00000.843 [B/COM53] =60 inv=false[0m
00000.843 [A/COM40] =60 inv=false[0m
00000.843 [B/COM53] =60 inv=false[0m
00000.843 [A/COM40] =60 inv=false[0m
00000.843 [B/COM53] =60 inv=false[0m
00000.843 [A/COM40] =60 inv=false[0m
00000.843 [B/COM53] =60 inv=false[0m
00000.859 [A/COM40] =60 inv=false[0m
00000.859 [B/COM53] =60 inv=false[0m
00000.859 [A/COM40] =60 inv=false[0m
00000.859 [B/COM53] =60 inv=false[0m
00000.859 [A/COM40] =60 inv=false[0m
00000.859 [B/COM53] =60 inv=false[0m
00000.859 [B/COM53] =60 inv=false[0m
00000.859 [B/COM53] =60 inv=false[0m
00000.859 [A/COM40] =60 inv=false[0m
00000.859 [A/COM40] =60 inv=false[0m
00000.859 [B/COM53] =60 inv=false[0m
00000.859 [A/COM40] =60 inv=false[0m
00000.859 [B/COM53] =60 inv=false[0m
00000.859 [B/COM53] =60 inv=false[0m
00000.859 [A/COM40] =60 inv=false[0m
00000.859 [B/COM53] =60 inv=false[0m
00000.859 [A/COM40] =60 inv=false[0m
00000.859 [A/COM40] =60 inv=false[0m
00000.859 [B/COM53] =60 inv=false[0m
00000.859 [B/COM53] =60 inv=false[0m
00000.859 [A/COM40] =60 inv=false[0m
00000.859 [A/COM40] =60 inv=false[0m
00000.859 [B/COM53] =60 inv=false[0m
00000.859 [B/COM53] =60 inv=false[0m
00000.859 [A/COM40] =60 inv=false[0m
00000.859 [B/COM53] =60 inv=false[0m
00000.859 [A/COM40] =60 inv=false[0m
00000.859 [A/COM40] =60 inv=false[0m
00000.859 [B/COM53] =60 inv=false[0m
00000.859 [A/COM40] =60 inv=false[0m
00000.859 [B/COM53] =60 inv=false[0m
00000.859 [A/COM40] =60 inv=false[0m
00000.859 [B/COM53] =60 inv=false[0m
00000.859 [A/COM40] =60 inv=false[0m
00000.859 [B/COM53] =60 inv=false[0m
00000.859 [A/COM40] =60 inv=false[0m
00000.859 [B/COM53] =60 inv=false[0m
00000.859 [A/COM40] =60 inv=false[0m
00000.859 [B/COM53] =60 inv=false[0m
00000.875 [A/COM40] =60 inv=false[0m
00000.875 [B/COM53] =60 inv=false[0m
00000.875 [A/COM40] =60 inv=false[0m
00000.875 [B/COM53] =60 inv=false[0m
00000.875 [A/COM40] =60 inv=false[0m
00000.875 [B/COM53] =60 inv=false[0m
00000.875 [A/COM40] =60 inv=false[0m
00000.875 [B/COM53] =60 inv=false[0m
00000.875 [A/COM40] =60 inv=false[0m
00000.875 [B/COM53] =60 inv=false[0m
00000.875 [A/COM40] =60 inv=false[0m
00000.875 [B/COM53] =60 inv=false[0m
00000.875 [A/COM40] =60 inv=false[0m
00000.875 [B/COM53] =60 inv=false[0m
00000.875 [A/COM40] =60 inv=false[0m
00000.875 [B/COM53] =60 inv=false[0m
00000.875 [A/COM40] =60 inv=false[0m
00000.875 [B/COM53] =60 inv=false[0m
00000.875 [A/COM40] =60 inv=false[0m
00000.875 [B/COM53] =60 inv=false[0m
00000.875 [A/COM40] =60 inv=false[0m
00000.875 [B/COM53] =60 inv=false[0m
00000.875 [A/COM40] =60 inv=false[0m
00000.875 [B/COM53] =60 inv=false[0m
00000.875 [A/COM40] =60 inv=false[0m
00000.875 [B/COM53] =60 inv=false[0m
00000.875 [A/COM40] =60 inv=false[0m
00000.875 [B/COM53] =60 inv=false[0m
00000.875 [A/COM40] =60 inv=false[0m
00000.875 [B/COM53] =60 inv=false[0m
00000.875 [A/COM40] =60 inv=false[0m
00000.875 [B/COM53] =60 inv=false[0m
00000.875 [A/COM40] =60 inv=false[0m
00000.875 [B/COM53] =60 inv=false[0m
00000.875 [A/COM40] =60 inv=false[0m
00000.875 [B/COM53] =60 inv=false[0m
00000.890 [A/COM40] =60 inv=false[0m
00000.890 [B/COM53] =60 inv=false[0m
00000.890 [A/COM40] =60 inv=false[0m
00000.890 [B/COM53] =60 inv=false[0m
00000.890 [A/COM40] =60 inv=false[0m
00000.890 [B/COM53] =60 inv=false[0m
00000.890 [B/COM53] =60 inv=false[0m
00000.890 [A/COM40] =60 inv=false[0m
00000.890 [B/COM53] =60 inv=false[0m
00000.890 [A/COM40] =60 inv=false[0m
00000.890 [A/COM40] =60 inv=false[0m
00000.890 [B/COM53] =60 inv=false[0m
00000.890 [A/COM40] =60 inv=false[0m
00000.890 [B/COM53] =60 inv=false[0m
00000.890 [A/COM40] =60 inv=false[0m
00000.890 [B/COM53] =60 inv=false[0m
00000.890 [A/COM40] =60 inv=false[0m
00000.890 [B/COM53] =60 inv=false[0m
00000.890 [B/COM53] =60 inv=false[0m
00000.890 [A/COM40] =60 inv=false[0m
00000.890 [A/COM40] =60 inv=false[0m
00000.890 [B/COM53] =60 inv=false[0m
00000.890 [A/COM40] =60 inv=false[0m
00000.890 [B/COM53] =60 inv=false[0m
00000.890 [A/COM40] =60 inv=false[0m
00000.890 [B/COM53] =60 inv=false[0m
00000.890 [A/COM40] =60 inv=false[0m
00000.890 [B/COM53] =60 inv=false[0m
00000.890 [B/COM53] =60 inv=false[0m
00000.890 [A/COM40] =60 inv=false[0m
00000.890 [B/COM53] =60 inv=false[0m
00000.890 [A/COM40] =60 inv=false[0m
00000.890 [A/COM40] =60 inv=false[0m
00000.890 [B/COM53] =60 inv=false[0m
00000.906 [B/COM53] =60 inv=false[0m
00000.906 [A/COM40] =60 inv=false[0m
00000.906 [B/COM53] =60 inv=false[0m
00000.906 [A/COM40] =60 inv=false[0m
00000.906 [B/COM53] =60 inv=false[0m
00000.906 [A/COM40] =60 inv=false[0m
00000.906 [B/COM53] =60 inv=false[0m
00000.906 [A/COM40] =60 inv=false[0m
00000.906 [B/COM53] =60 inv=false[0m
00000.906 [A/COM40] =60 inv=false[0m
00000.906 [B/COM53] =60 inv=false[0m
00000.906 [A/COM40] =60 inv=false[0m
00000.906 [A/COM40] =60 inv=false[0m
00000.906 [B/COM53] =60 inv=false[0m
00000.906 [A/COM40] =60 inv=false[0m
00000.906 [B/COM53] =60 inv=false[0m
00000.906 [A/COM40] =60 inv=false[0m
00000.906 [B/COM53] =60 inv=false[0m
00000.906 [A/COM40] =60 inv=false[0m
00000.906 [B/COM53] =60 inv=false[0m
00000.906 [A/COM40] =60 inv=false[0m
00000.906 [B/COM53] =60 inv=false[0m
00000.906 [A/COM40] =60 inv=false[0m
00000.906 [B/COM53] =60 inv=false[0m
00000.906 [A/COM40] =60 inv=false[0m
00000.906 [B/COM53] =60 inv=false[0m
00000.906 [A/COM40] =60 inv=false[0m
00000.906 [B/COM53] =60 inv=false[0m
00000.906 [A/COM40] =60 inv=false[0m
00000.906 [B/COM53] =60 inv=false[0m
00000.906 [A/COM40] =60 inv=false[0m
00000.906 [B/COM53] =60 inv=false[0m
00000.906 [A/COM40] =60 inv=false[0m
00000.906 [A/COM40] =60 inv=false[0m
00000.906 [B/COM53] =60 inv=false[0m
00000.906 [A/COM40] =60 inv=false[0m
00000.906 [B/COM53] =60 inv=false[0m
00000.922 [A/COM40] =60 inv=false[0m
00000.922 [B/COM53] =60 inv=false[0m
00000.922 [A/COM40] =60 inv=false[0m
00000.922 [B/COM53] =60 inv=false[0m
00000.922 [A/COM40] =60 inv=false[0m
00000.922 [B/COM53] =60 inv=false[0m
00000.922 [A/COM40] =60 inv=false[0m
00000.922 [B/COM53] =60 inv=false[0m
00000.922 [A/COM40] =60 inv=false[0m
00000.922 [B/COM53] =60 inv=false[0m
00000.922 [A/COM40] =60 inv=false[0m
00000.922 [B/COM53] =60 inv=false[0m
00000.922 [A/COM40] =60 inv=false[0m
00000.922 [B/COM53] =60 inv=false[0m
00000.922 [A/COM40] =60 inv=false[0m
00000.922 [B/COM53] =60 inv=false[0m
00000.922 [A/COM40] =60 inv=false[0m
00000.922 [B/COM53] =60 inv=false[0m
00000.922 [A/COM40] =60 inv=false[0m
00000.922 [B/COM53] =60 inv=false[0m
00000.922 [B/COM53] =60 inv=false[0m
00000.922 [A/COM40] =60 inv=false[0m
00000.922 [B/COM53] =60 inv=false[0m
00000.922 [A/COM40] =60 inv=false[0m
00000.922 [A/COM40] =60 inv=false[0m
00000.922 [B/COM53] =60 inv=false[0m
00000.922 [A/COM40] =60 inv=false[0m
00000.922 [B/COM53] =60 inv=false[0m
00000.922 [A/COM40] =60 inv=false[0m
00000.922 [B/COM53] =60 inv=false[0m
00000.922 [B/COM53] =60 inv=false[0m
00000.922 [A/COM40] =60 inv=false[0m
00000.922 [B/COM53] =60 inv=false[0m
00000.922 [A/COM40] =60 inv=false[0m
00000.922 [B/COM53] =60 inv=false[0m
00000.922 [A/COM40] =60 inv=false[0m
00000.937 [B/COM53] =60 inv=false[0m
00000.937 [A/COM40] =60 inv=false[0m
00000.937 [B/COM53] =60 inv=false[0m
00000.937 [A/COM40] =60 inv=false[0m
00000.937 [B/COM53] =60 inv=false[0m
00000.937 [A/COM40] =60 inv=false[0m
00000.937 [B/COM53] =60 inv=false[0m
00000.937 [A/COM40] =60 inv=false[0m
00000.937 [B/COM53] =60 inv=false[0m
00000.937 [A/COM40] =60 inv=false[0m
00000.937 [B/COM53] =60 inv=false[0m
00000.937 [B/COM53] =60 inv=false[0m
00000.937 [A/COM40] =60 inv=false[0m
00000.937 [B/COM53] =60 inv=false[0m
00000.937 [A/COM40] =60 inv=false[0m
00000.937 [B/COM53] =60 inv=false[0m
00000.937 [A/COM40] =60 inv=false[0m
00000.937 [B/COM53] =60 inv=false[0m
00000.937 [A/COM40] =60 inv=false[0m
00000.937 [B/COM53] =60 inv=false[0m
00000.937 [A/COM40] =60 inv=false[0m
00000.937 [B/COM53] =60 inv=false[0m
00000.937 [B/COM53] =60 inv=false[0m
00000.937 [A/COM40] =60 inv=false[0m
00000.937 [B/COM53] =60 inv=false[0m
00000.937 [A/COM40] =60 inv=false[0m
00000.937 [A/COM40] =60 inv=false[0m
00000.937 [B/COM53] =60 inv=false[0m
00000.937 [A/COM40] =60 inv=false[0m
00000.937 [B/COM53] =60 inv=false[0m
00000.937 [B/COM53] =60 inv=false[0m
00000.937 [A/COM40] =60 inv=false[0m
00000.937 [B/COM53] =60 inv=false[0m
00000.937 [A/COM40] =60 inv=false[0m
00000.937 [B/COM53] =60 inv=false[0m
00000.937 [A/COM40] =60 inv=false[0m
00000.937 [B/COM53] =60 inv=false[0m
00000.937 [A/COM40] =60 inv=false[0m
00000.937 [B/COM53] =60 inv=false[0m
00000.937 [A/COM40] =60 inv=false[0m
00000.937 [B/COM53] =60 inv=false[0m
00000.953 [A/COM40] =60 inv=false[0m
00000.953 [B/COM53] =60 inv=false[0m
00000.953 [A/COM40] =60 inv=false[0m
00000.953 [B/COM53] =60 inv=false[0m
00000.953 [A/COM40] =60 inv=false[0m
00000.953 [B/COM53] =60 inv=false[0m
00000.953 [A/COM40] =60 inv=false[0m
00000.953 [B/COM53] =60 inv=false[0m
00000.953 [A/COM40] =60 inv=false[0m
00000.953 [B/COM53] =60 inv=false[0m
00000.953 [B/COM53] =60 inv=false[0m
00000.953 [A/COM40] =60 inv=false[0m
00000.953 [B/COM53] =60 inv=false[0m
00000.953 [A/COM40] =60 inv=false[0m
00000.953 [B/COM53] =60 inv=false[0m
00000.953 [A/COM40] =60 inv=false[0m
00000.953 [A/COM40] =60 inv=false[0m
00000.953 [B/COM53] =60 inv=false[0m
00000.953 [B/COM53] =60 inv=false[0m
00000.953 [A/COM40] =60 inv=false[0m
00000.953 [B/COM53] =60 inv=false[0m
00000.953 [A/COM40] =60 inv=false[0m
00000.953 [B/COM53] =60 inv=false[0m
00000.953 [A/COM40] =60 inv=false[0m
00000.953 [B/COM53] =60 inv=false[0m
00000.953 [A/COM40] =60 inv=false[0m
00000.953 [B/COM53] =60 inv=false[0m
00000.953 [A/COM40] =60 inv=false[0m
00000.953 [B/COM53] =60 inv=false[0m
00000.953 [A/COM40] =60 inv=false[0m
00000.953 [B/COM53] =60 inv=false[0m
00000.953 [A/COM40] =60 inv=false[0m
00000.953 [B/COM53] =60 inv=false[0m
00000.953 [A/COM40] =60 inv=false[0m
00000.953 [B/COM53] =60 inv=false[0m
00000.953 [B/COM53] =60 inv=false[0m
00000.953 [A/COM40] =60 inv=false[0m
00000.953 [B/COM53] =60 inv=false[0m
00000.953 [A/COM40] =60 inv=false[0m
00000.953 [B/COM53] =60 inv=false[0m
00000.968 [A/COM40] =60 inv=false[0m
00000.968 [B/COM53] =60 inv=false[0m
00000.968 [B/COM53] =60 inv=false[0m
00000.968 [A/COM40] =60 inv=false[0m
00000.968 [A/COM40] =60 inv=false[0m
00000.968 [B/COM53] =60 inv=false[0m
00000.968 [A/COM40] =60 inv=false[0m
00000.968 [B/COM53] =60 inv=false[0m
00000.968 [A/COM40] =60 inv=false[0m
00000.968 [B/COM53] =60 inv=false[0m
00000.968 [A/COM40] =60 inv=false[0m
00000.968 [B/COM53] =60 inv=false[0m
00000.968 [A/COM40] =60 inv=false[0m
00000.968 [B/COM53] =60 inv=false[0m
00000.968 [A/COM40] =60 inv=false[0m
00000.968 [B/COM53] =60 inv=false[0m
00000.968 [A/COM40] =60 inv=false[0m
00000.968 [B/COM53] =60 inv=false[0m
00000.968 [B/COM53] =60 inv=false[0m
00000.968 [A/COM40] =60 inv=false[0m
00000.968 [A/COM40] =60 inv=false[0m
00000.968 [B/COM53] =60 inv=false[0m
00000.968 [A/COM40] =60 inv=false[0m
00000.968 [B/COM53] =60 inv=false[0m
00000.968 [A/COM40] =60 inv=false[0m
00000.968 [B/COM53] =60 inv=false[0m
00000.968 [A/COM40] =60 inv=false[0m
00000.968 [B/COM53] =60 inv=false[0m
00000.968 [A/COM40] =60 inv=false[0m
00000.968 [B/COM53] =60 inv=false[0m
00000.968 [A/COM40] =60 inv=false[0m
00000.968 [B/COM53] =60 inv=false[0m
00000.968 [A/COM40] =60 inv=false[0m
00000.968 [B/COM53] =60 inv=false[0m
00000.968 [A/COM40] =60 inv=false[0m
00000.968 [B/COM53] =60 inv=false[0m
00000.968 [A/COM40] =60 inv=false[0m
00000.968 [B/COM53] =60 inv=false[0m
00000.968 [A/COM40] =60 inv=false[0m
00000.984 [B/COM53] =60 inv=false[0m
00000.984 [A/COM40] =60 inv=false[0m
00000.984 [B/COM53] =60 inv=false[0m
00000.984 [A/COM40] =60 inv=false[0m
00000.984 [B/COM53] =60 inv=false[0m
00000.984 [A/COM40] =60 inv=false[0m
00000.984 [B/COM53] =60 inv=false[0m
00000.984 [A/COM40] =60 inv=false[0m
00000.984 [B/COM53] =60 inv=false[0m
00000.984 [A/COM40] =60 inv=false[0m
00000.984 [B/COM53] =60 inv=false[0m
00000.984 [A/COM40] =60 inv=false[0m
00000.984 [A/COM40] =60 inv=false[0m
00000.984 [B/COM53] =60 inv=false[0m
00000.984 [A/COM40] =60 inv=false[0m
00000.984 [B/COM53] =60 inv=false[0m
00000.984 [A/COM40] =60 inv=false[0m
00000.984 [B/COM53] =60 inv=false[0m
00000.984 [A/COM40] =60 inv=false[0m
00000.984 [B/COM53] =60 inv=false[0m
00000.984 [A/COM40] =60 inv=false[0m
00000.984 [B/COM53] =60 inv=false[0m
00000.984 [A/COM40] =60 inv=false[0m
00000.984 [B/COM53] =60 inv=false[0m
00000.984 [A/COM40] =60 inv=false[0m
00000.984 [B/COM53] =60 inv=false[0m
00000.984 [A/COM40] =60 inv=false[0m
00000.984 [B/COM53] =60 inv=false[0m
00000.984 [A/COM40] =60 inv=false[0m
00000.984 [B/COM53] =60 inv=false[0m
00000.984 [A/COM40] =60 inv=false[0m
00000.984 [B/COM53] =60 inv=false[0m
00000.984 [B/COM53] =60 inv=false[0m
00000.984 [A/COM40] =60 inv=false[0m
00000.984 [B/COM53] =60 inv=false[0m
00000.984 [A/COM40] =60 inv=false[0m
00000.984 [B/COM53] =60 inv=false[0m
00000.984 [A/COM40] =60 inv=false[0m
00000.984 [B/COM53] =60 inv=false[0m
00000.984 [A/COM40] =60 inv=false[0m
00001.000 [B/COM53] =60 inv=false[0m
00001.000 [A/COM40] =60 inv=false[0m
00001.000 [B/COM53] =60 inv=false[0m
00001.000 [A/COM40] =60 inv=false[0m
00001.000 [B/COM53] =60 inv=false[0m
00001.000 [A/COM40] =60 inv=false[0m
00001.000 [B/COM53] =60 inv=false[0m
00001.000 [A/COM40] =60 inv=false[0m
00001.000 [B/COM53] =60 inv=false[0m
00001.000 [A/COM40] =60 inv=false[0m
00001.000 [B/COM53] =60 inv=false[0m
00001.000 [A/COM40] =60 inv=false[0m
00001.000 [B/COM53] =60 inv=false[0m
00001.000 [A/COM40] =60 inv=false[0m
00001.000 [B/COM53] =60 inv=false[0m
00001.000 [A/COM40] =60 inv=false[0m
00001.000 [B/COM53] =60 inv=false[0m
00001.000 [A/COM40] =60 inv=false[0m
00001.000 [B/COM53] =60 inv=false[0m
00001.000 [A/COM40] =60 inv=false[0m
00001.000 [B/COM53] =60 inv=false[0m
00001.000 [A/COM40] =60 inv=false[0m
00001.000 [B/COM53] =60 inv=false[0m
00001.000 [A/COM40] =60 inv=false[0m
00001.000 [B/COM53] =60 inv=false[0m
00001.000 [A/COM40] =60 inv=false[0m
00001.000 [B/COM53] =60 inv=false[0m
00001.000 [A/COM40] =60 inv=false[0m
00001.000 [B/COM53] =60 inv=false[0m
00001.000 [A/COM40] =60 inv=false[0m
00001.000 [B/COM53] =60 inv=false[0m
00001.000 [A/COM40] =60 inv=false[0m
00001.000 [B/COM53] =60 inv=false[0m
00001.000 [A/COM40] =60 inv=false[0m
00001.000 [B/COM53] =60 inv=false[0m
00001.000 [A/COM40] =60 inv=false[0m
00001.000 [B/COM53] =60 inv=false[0m
00001.000 [A/COM40] =60 inv=false[0m
00001.000 [B/COM53] =60 inv=false[0m
00001.000 [A/COM40] =60 inv=false[0m
00001.000 [B/COM53] =60 inv=false[0m
00001.015 [A/COM40] =60 inv=false[0m
00001.015 [B/COM53] =60 inv=false[0m
00001.015 [A/COM40] =60 inv=false[0m
00001.015 [A/COM40] =60 inv=false[0m
00001.015 [B/COM53] =60 inv=false[0m
00001.015 [A/COM40] =60 inv=false[0m
00001.015 [B/COM53] =60 inv=false[0m
00001.015 [A/COM40] =60 inv=false[0m
00001.015 [B/COM53] =60 inv=false[0m
00001.015 [A/COM40] =60 inv=false[0m
00001.015 [A/COM40] =60 inv=false[0m
00001.015 [B/COM53] =60 inv=false[0m
00001.015 [A/COM40] =60 inv=false[0m
00001.015 [B/COM53] =60 inv=false[0m
00001.015 [B/COM53] =60 inv=false[0m
00001.015 [A/COM40] =60 inv=false[0m
00001.015 [B/COM53] =60 inv=false[0m
00001.015 [A/COM40] =60 inv=false[0m
00001.015 [B/COM53] =60 inv=false[0m
00001.015 [A/COM40] =60 inv=false[0m
00001.015 [B/COM53] =60 inv=false[0m
00001.015 [A/COM40] =60 inv=false[0m
00001.015 [B/COM53] =60 inv=false[0m
00001.015 [A/COM40] =60 inv=false[0m
00001.015 [B/COM53] =60 inv=false[0m
00001.015 [A/COM40] =60 inv=false[0m
00001.015 [B/COM53] =60 inv=false[0m
00001.015 [B/COM53] =60 inv=false[0m
00001.015 [A/COM40] =60 inv=false[0m
00001.015 [B/COM53] =60 inv=false[0m
00001.015 [A/COM40] =60 inv=false[0m
00001.015 [B/COM53] =60 inv=false[0m
00001.015 [A/COM40] =60 inv=false[0m
00001.015 [B/COM53] =60 inv=false[0m
00001.015 [A/COM40] =60 inv=false[0m
00001.015 [A/COM40] =60 inv=false[0m
00001.015 [B/COM53] =60 inv=false[0m
00001.015 [A/COM40] =60 inv=false[0m
00001.031 [B/COM53] =60 inv=false[0m
00001.031 [A/COM40] =60 inv=false[0m
00001.031 [B/COM53] =60 inv=false[0m
00001.031 [A/COM40] =60 inv=false[0m
00001.031 [B/COM53] =60 inv=false[0m
00001.031 [B/COM53] =60 inv=false[0m
00001.031 [A/COM40] =60 inv=false[0m
00001.031 [B/COM53] =60 inv=false[0m
00001.031 [A/COM40] =60 inv=false[0m
00001.031 [B/COM53] =60 inv=false[0m
00001.031 [A/COM40] =60 inv=false[0m
00001.031 [B/COM53] =60 inv=false[0m
00001.031 [A/COM40] =60 inv=false[0m
00001.031 [B/COM53] =60 inv=false[0m
00001.031 [A/COM40] =60 inv=false[0m
00001.031 [B/COM53] =60 inv=false[0m
00001.031 [A/COM40] =60 inv=false[0m
00001.031 [B/COM53] =60 inv=false[0m
00001.031 [A/COM40] =60 inv=false[0m
00001.031 [B/COM53] =60 inv=false[0m
00001.031 [A/COM40] =60 inv=false[0m
00001.031 [B/COM53] =60 inv=false[0m
00001.031 [A/COM40] =60 inv=false[0m
00001.031 [B/COM53] =60 inv=false[0m
00001.031 [A/COM40] =60 inv=false[0m
00001.031 [B/COM53] =60 inv=false[0m
00001.031 [A/COM40] =60 inv=false[0m
00001.031 [B/COM53] =60 inv=false[0m
00001.031 [A/COM40] =60 inv=false[0m
00001.031 [B/COM53] =60 inv=false[0m
00001.031 [A/COM40] =60 inv=false[0m
00001.031 [B/COM53] =60 inv=false[0m
00001.031 [A/COM40] =60 inv=false[0m
00001.031 [B/COM53] =60 inv=false[0m
00001.031 [A/COM40] =60 inv=false[0m
00001.047 [B/COM53] =60 inv=false[0m
00001.047 [A/COM40] =60 inv=false[0m
00001.047 [B/COM53] =60 inv=false[0m
00001.047 [A/COM40] =60 inv=false[0m
00001.047 [B/COM53] =60 inv=false[0m
00001.047 [A/COM40] =60 inv=false[0m
00001.047 [B/COM53] =60 inv=false[0m
00001.047 [A/COM40] =60 inv=false[0m
00001.047 [B/COM53] =60 inv=false[0m
00001.047 [A/COM40] =60 inv=false[0m
00001.047 [B/COM53] =60 inv=false[0m
00001.047 [A/COM40] =60 inv=false[0m
00001.047 [B/COM53] =60 inv=false[0m
00001.047 [A/COM40] =60 inv=false[0m
00001.047 [B/COM53] =60 inv=false[0m
00001.047 [A/COM40] =60 inv=false[0m
00001.047 [A/COM40] =60 inv=false[0m
00001.047 [B/COM53] =60 inv=false[0m
00001.047 [A/COM40] =60 inv=false[0m
00001.047 [B/COM53] =60 inv=false[0m
00001.047 [B/COM53] =60 inv=false[0m
00001.047 [A/COM40] =60 inv=false[0m
00001.047 [B/COM53] =60 inv=false[0m
00001.047 [A/COM40] =60 inv=false[0m
00001.047 [B/COM53] =60 inv=false[0m
00001.047 [A/COM40] =60 inv=false[0m
00001.047 [B/COM53] =60 inv=false[0m
00001.047 [A/COM40] =60 inv=false[0m
00001.047 [B/COM53] =60 inv=false[0m
00001.047 [A/COM40] =60 inv=false[0m
00001.047 [B/COM53] =60 inv=false[0m
00001.047 [A/COM40] =60 inv=false[0m
00001.047 [B/COM53] =60 inv=false[0m
00001.047 [B/COM53] =60 inv=false[0m
00001.047 [A/COM40] =60 inv=false[0m
00001.047 [B/COM53] =60 inv=false[0m
00001.047 [A/COM40] =60 inv=false[0m
00001.062 [B/COM53] =60 inv=false[0m
00001.062 [A/COM40] =60 inv=false[0m
00001.062 [B/COM53] =60 inv=false[0m
00001.062 [A/COM40] =60 inv=false[0m
00001.062 [B/COM53] =60 inv=false[0m
00001.062 [A/COM40] =60 inv=false[0m
00001.062 [B/COM53] =60 inv=false[0m
00001.062 [A/COM40] =60 inv=false[0m
00001.062 [B/COM53] =60 inv=false[0m
00001.062 [A/COM40] =60 inv=false[0m
00001.062 [B/COM53] =60 inv=false[0m
00001.062 [A/COM40] =60 inv=false[0m
00001.062 [B/COM53] =60 inv=false[0m
00001.062 [A/COM40] =60 inv=false[0m
00001.062 [B/COM53] =60 inv=false[0m
00001.062 [A/COM40] =60 inv=false[0m
00001.062 [B/COM53] =60 inv=false[0m
00001.062 [B/COM53] =60 inv=false[0m
00001.062 [A/COM40] =60 inv=false[0m
00001.062 [B/COM53] =60 inv=false[0m
00001.062 [A/COM40] =60 inv=false[0m
00001.062 [B/COM53] =60 inv=false[0m
00001.062 [A/COM40] =60 inv=false[0m
00001.062 [A/COM40] =60 inv=false[0m
00001.062 [B/COM53] =60 inv=false[0m
00001.062 [A/COM40] =60 inv=false[0m
00001.062 [B/COM53] =60 inv=false[0m
00001.062 [A/COM40] =60 inv=false[0m
00001.062 [B/COM53] =60 inv=false[0m
00001.062 [A/COM40] =60 inv=false[0m
00001.062 [A/COM40] =60 inv=false[0m
00001.062 [B/COM53] =60 inv=false[0m
00001.062 [A/COM40] =60 inv=false[0m
00001.062 [B/COM53] =60 inv=false[0m
00001.062 [B/COM53] =60 inv=false[0m
00001.062 [A/COM40] =60 inv=false[0m
00001.078 [B/COM53] =60 inv=false[0m
00001.078 [A/COM40] =60 inv=false[0m
00001.078 [B/COM53] =60 inv=false[0m
00001.078 [A/COM40] =60 inv=false[0m
00001.078 [B/COM53] =60 inv=false[0m
00001.078 [A/COM40] =60 inv=false[0m
00001.078 [B/COM53] =60 inv=false[0m
00001.078 [A/COM40] =60 inv=false[0m
00001.078 [B/COM53] =60 inv=false[0m
00001.078 [A/COM40] =60 inv=false[0m
00001.078 [B/COM53] =60 inv=false[0m
00001.078 [A/COM40] =60 inv=false[0m
00001.078 [B/COM53] =60 inv=false[0m
00001.078 [A/COM40] =60 inv=false[0m
00001.078 [B/COM53] =60 inv=false[0m
00001.078 [A/COM40] =60 inv=false[0m
00001.078 [B/COM53] =60 inv=false[0m
00001.078 [A/COM40] =60 inv=false[0m
00001.078 [B/COM53] =60 inv=false[0m
00001.078 [A/COM40] =60 inv=false[0m
00001.078 [B/COM53] =60 inv=false[0m
00001.078 [A/COM40] =60 inv=false[0m
00001.078 [B/COM53] =60 inv=false[0m
00001.078 [A/COM40] =60 inv=false[0m
00001.078 [B/COM53] =60 inv=false[0m
00001.078 [A/COM40] =60 inv=false[0m
00001.078 [B/COM53] =60 inv=false[0m
00001.078 [A/COM40] =60 inv=false[0m
00001.078 [A/COM40] =60 inv=false[0m
00001.078 [B/COM53] =60 inv=false[0m
00001.078 [B/COM53] =60 inv=false[0m
00001.078 [A/COM40] =60 inv=false[0m
00001.078 [B/COM53] =60 inv=false[0m
00001.078 [A/COM40] =60 inv=false[0m
00001.078 [B/COM53] =60 inv=false[0m
00001.078 [A/COM40] =60 inv=false[0m
00001.078 [B/COM53] =60 inv=false[0m
00001.093 [B/COM53] =60 inv=false[0m
00001.093 [A/COM40] =60 inv=false[0m
00001.093 [B/COM53] =60 inv=false[0m
00001.093 [A/COM40] =60 inv=false[0m
00001.093 [B/COM53] =60 inv=false[0m
00001.093 [A/COM40] =60 inv=false[0m
00001.093 [B/COM53] =60 inv=false[0m
00001.093 [A/COM40] =60 inv=false[0m
00001.093 [B/COM53] =60 inv=false[0m
00001.093 [B/COM53] =60 inv=false[0m
00001.093 [A/COM40] =60 inv=false[0m
00001.093 [B/COM53] =60 inv=false[0m
00001.093 [A/COM40] =60 inv=false[0m
00001.093 [B/COM53] =60 inv=false[0m
00001.093 [A/COM40] =60 inv=false[0m
00001.093 [B/COM53] =60 inv=false[0m
00001.093 [A/COM40] =60 inv=false[0m
00001.093 [B/COM53] =60 inv=false[0m
00001.093 [A/COM40] =60 inv=false[0m
00001.093 [B/COM53] =60 inv=false[0m
00001.093 [A/COM40] =60 inv=false[0m
00001.093 [B/COM53] =60 inv=false[0m
00001.093 [A/COM40] =60 inv=false[0m
00001.093 [B/COM53] =60 inv=false[0m
00001.093 [A/COM40] =60 inv=false[0m
00001.093 [B/COM53] =60 inv=false[0m
00001.093 [A/COM40] =60 inv=false[0m
00001.093 [B/COM53] =60 inv=false[0m
00001.093 [A/COM40] =60 inv=false[0m
00001.093 [B/COM53] =60 inv=false[0m
00001.093 [A/COM40] =60 inv=false[0m
00001.093 [B/COM53] =60 inv=false[0m
00001.093 [A/COM40] =60 inv=false[0m
00001.093 [B/COM53] =60 inv=false[0m
00001.093 [A/COM40] =60 inv=false[0m
00001.093 [B/COM53] =60 inv=false[0m
00001.109 [A/COM40] =60 inv=false[0m
00001.109 [B/COM53] =60 inv=false[0m
00001.109 [A/COM40] =60 inv=false[0m
00001.109 [B/COM53] =60 inv=false[0m
00001.109 [A/COM40] =60 inv=false[0m
00001.109 [B/COM53] =60 inv=false[0m
00001.109 [A/COM40] =60 inv=false[0m
00001.109 [B/COM53] =60 inv=false[0m
00001.109 [A/COM40] =60 inv=false[0m
00001.109 [B/COM53] =60 inv=false[0m
00001.109 [A/COM40] =60 inv=false[0m
00001.109 [B/COM53] =60 inv=false[0m
00001.109 [B/COM53] =60 inv=false[0m
00001.109 [A/COM40] =60 inv=false[0m
00001.109 [B/COM53] =60 inv=false[0m
00001.109 [A/COM40] =60 inv=false[0m
00001.109 [B/COM53] =60 inv=false[0m
00001.109 [A/COM40] =60 inv=false[0m
00001.109 [B/COM53] =60 inv=false[0m
00001.109 [A/COM40] =60 inv=false[0m
00001.109 [B/COM53] =60 inv=false[0m
00001.109 [A/COM40] =60 inv=false[0m
00001.109 [A/COM40] =60 inv=false[0m
00001.109 [B/COM53] =60 inv=false[0m
00001.109 [A/COM40] =60 inv=false[0m
00001.109 [B/COM53] =60 inv=false[0m
00001.109 [B/COM53] =60 inv=false[0m
00001.109 [A/COM40] =60 inv=false[0m
00001.109 [B/COM53] =60 inv=false[0m
00001.109 [A/COM40] =60 inv=false[0m
00001.109 [B/COM53] =60 inv=false[0m
00001.109 [A/COM40] =60 inv=false[0m
00001.109 [B/COM53] =60 inv=false[0m
00001.125 [B/COM53] =60 inv=false[0m
00001.125 [A/COM40] =60 inv=false[0m
00001.125 [B/COM53] =60 inv=false[0m
00001.125 [A/COM40] =60 inv=false[0m
00001.125 [B/COM53] =60 inv=false[0m
00001.125 [A/COM40] =60 inv=false[0m
00001.125 [B/COM53] =60 inv=false[0m
00001.125 [A/COM40] =60 inv=false[0m
00001.125 [B/COM53] =60 inv=false[0m
00001.125 [A/COM40] =60 inv=false[0m
00001.125 [B/COM53] =60 inv=false[0m
00001.125 [A/COM40] =60 inv=false[0m
00001.125 [B/COM53] =60 inv=false[0m
00001.125 [A/COM40] =60 inv=false[0m
00001.125 [B/COM53] =60 inv=false[0m
00001.125 [A/COM40] =60 inv=false[0m
00001.125 [B/COM53] =60 inv=false[0m
00001.125 [A/COM40] =60 inv=false[0m
00001.125 [B/COM53] =60 inv=false[0m
00001.125 [A/COM40] =60 inv=false[0m
00001.125 [B/COM53] =60 inv=false[0m
00001.125 [A/COM40] =60 inv=false[0m
00001.125 [B/COM53] =60 inv=false[0m
00001.125 [A/COM40] =60 inv=false[0m
00001.125 [B/COM53] =60 inv=false[0m
00001.125 [A/COM40] =60 inv=false[0m
00001.125 [A/COM40] =60 inv=false[0m
00001.125 [B/COM53] =60 inv=false[0m
00001.125 [A/COM40] =60 inv=false[0m
00001.125 [B/COM53] =60 inv=false[0m
00001.125 [A/COM40] =60 inv=false[0m
00001.125 [B/COM53] =60 inv=false[0m
00001.125 [A/COM40] =60 inv=false[0m
00001.125 [B/COM53] =60 inv=false[0m
00001.125 [A/COM40] =60 inv=false[0m
00001.125 [B/COM53] =60 inv=false[0m
00001.125 [A/COM40] =60 inv=false[0m
00001.140 [B/COM53] =60 inv=false[0m
00001.140 [A/COM40] =60 inv=false[0m
00001.140 [A/COM40] =60 inv=false[0m
00001.140 [B/COM53] =60 inv=false[0m
00001.140 [A/COM40] =60 inv=false[0m
00001.140 [B/COM53] =60 inv=false[0m
00001.140 [A/COM40] =60 inv=false[0m
00001.140 [B/COM53] =60 inv=false[0m
00001.140 [A/COM40] =60 inv=false[0m
00001.140 [B/COM53] =60 inv=false[0m
00001.140 [A/COM40] =60 inv=false[0m
00001.140 [B/COM53] =60 inv=false[0m
00001.140 [A/COM40] =60 inv=false[0m
00001.140 [B/COM53] =60 inv=false[0m
00001.140 [A/COM40] =60 inv=false[0m
00001.140 [B/COM53] =60 inv=false[0m
00001.140 [A/COM40] =60 inv=false[0m
00001.140 [B/COM53] =60 inv=false[0m
00001.140 [A/COM40] =60 inv=false[0m
00001.140 [B/COM53] =60 inv=false[0m
00001.140 [A/COM40] =60 inv=false[0m
00001.140 [A/COM40] =60 inv=false[0m
00001.140 [B/COM53] =60 inv=false[0m
00001.140 [B/COM53] =60 inv=false[0m
00001.140 [A/COM40] =60 inv=false[0m
00001.140 [A/COM40] =60 inv=false[0m
00001.140 [B/COM53] =60 inv=false[0m
00001.140 [A/COM40] =60 inv=false[0m
00001.140 [B/COM53] =60 inv=false[0m
00001.140 [A/COM40] =60 inv=false[0m
00001.140 [B/COM53] =60 inv=false[0m
00001.140 [A/COM40] =60 inv=false[0m
00001.140 [B/COM53] =60 inv=false[0m
00001.140 [A/COM40] =60 inv=false[0m
00001.140 [B/COM53] =60 inv=false[0m
00001.140 [B/COM53] =60 inv=false[0m
00001.140 [A/COM40] =60 inv=false[0m
00001.140 [B/COM53] =60 inv=false[0m
00001.140 [A/COM40] =60 inv=false[0m
00001.140 [B/COM53] =60 inv=false[0m
00001.156 [A/COM40] =60 inv=false[0m
00001.156 [B/COM53] =60 inv=false[0m
00001.156 [A/COM40] =60 inv=false[0m
00001.156 [B/COM53] =60 inv=false[0m
00001.156 [A/COM40] =60 inv=false[0m
00001.156 [B/COM53] =60 inv=false[0m
00001.156 [A/COM40] =60 inv=false[0m
00001.156 [B/COM53] =60 inv=false[0m
00001.156 [A/COM40] =60 inv=false[0m
00001.156 [B/COM53] =60 inv=false[0m
00001.156 [B/COM53] =60 inv=false[0m
00001.156 [A/COM40] =60 inv=false[0m
00001.156 [B/COM53] =60 inv=false[0m
00001.156 [A/COM40] =60 inv=false[0m
00001.156 [B/COM53] =60 inv=false[0m
00001.156 [A/COM40] =60 inv=false[0m
00001.156 [B/COM53] =60 inv=false[0m
00001.156 [A/COM40] =60 inv=false[0m
00001.156 [B/COM53] =60 inv=false[0m
00001.156 [A/COM40] =60 inv=false[0m
00001.156 [B/COM53] =60 inv=false[0m
00001.156 [A/COM40] =60 inv=false[0m
00001.156 [B/COM53] =60 inv=false[0m
00001.156 [A/COM40] =60 inv=false[0m
00001.156 [B/COM53] =60 inv=false[0m
00001.156 [A/COM40] =60 inv=false[0m
00001.156 [B/COM53] =60 inv=false[0m
00001.156 [A/COM40] =60 inv=false[0m
00001.156 [B/COM53] =60 inv=false[0m
00001.156 [A/COM40] =60 inv=false[0m
00001.156 [B/COM53] =60 inv=false[0m
00001.156 [A/COM40] =60 inv=false[0m
00001.156 [B/COM53] =60 inv=false[0m
00001.156 [A/COM40] =60 inv=false[0m
00001.156 [B/COM53] =60 inv=false[0m
00001.156 [A/COM40] =60 inv=false[0m
00001.156 [B/COM53] =60 inv=false[0m
00001.156 [A/COM40] =60 inv=false[0m
00001.172 [B/COM53] =60 inv=false[0m
00001.172 [A/COM40] =60 inv=false[0m
00001.172 [A/COM40] =60 inv=false[0m
00001.172 [B/COM53] =60 inv=false[0m
00001.172 [A/COM40] =60 inv=false[0m
00001.172 [B/COM53] =60 inv=false[0m
00001.172 [A/COM40] =60 inv=false[0m
00001.172 [B/COM53] =60 inv=false[0m
00001.172 [A/COM40] =60 inv=false[0m
00001.172 [B/COM53] =60 inv=false[0m
00001.172 [A/COM40] =60 inv=false[0m
00001.172 [B/COM53] =60 inv=false[0m
00001.172 [A/COM40] =60 inv=false[0m
00001.172 [B/COM53] =60 inv=false[0m
00001.172 [A/COM40] =60 inv=false[0m
00001.172 [B/COM53] =60 inv=false[0m
00001.172 [A/COM40] =60 inv=false[0m
00001.172 [B/COM53] =60 inv=false[0m
00001.172 [A/COM40] =60 inv=false[0m
00001.172 [B/COM53] =60 inv=false[0m
00001.172 [A/COM40] =60 inv=false[0m
00001.172 [B/COM53] =60 inv=false[0m
00001.172 [A/COM40] =60 inv=false[0m
00001.172 [B/COM53] =60 inv=false[0m
00001.172 [A/COM40] =60 inv=false[0m
00001.172 [B/COM53] =60 inv=false[0m
00001.172 [A/COM40] =60 inv=false[0m
00001.172 [B/COM53] =60 inv=false[0m
00001.172 [A/COM40] =60 inv=false[0m
00001.172 [B/COM53] =60 inv=false[0m
00001.172 [A/COM40] =60 inv=false[0m
00001.172 [B/COM53] =60 inv=false[0m
00001.172 [A/COM40] =60 inv=false[0m
00001.172 [B/COM53] =60 inv=false[0m
00001.172 [A/COM40] =60 inv=false[0m
00001.172 [B/COM53] =60 inv=false[0m
00001.172 [A/COM40] =60 inv=false[0m
00001.172 [B/COM53] =60 inv=false[0m
00001.187 [A/COM40] =60 inv=false[0m
00001.187 [B/COM53] =60 inv=false[0m
00001.187 [A/COM40] =60 inv=false[0m
00001.187 [B/COM53] =60 inv=false[0m
00001.187 [A/COM40] =60 inv=false[0m
00001.187 [B/COM53] =60 inv=false[0m
00001.187 [A/COM40] =60 inv=false[0m
00001.187 [B/COM53] =60 inv=false[0m
00001.187 [A/COM40] =60 inv=false[0m
00001.187 [B/COM53] =60 inv=false[0m
00001.187 [A/COM40] =60 inv=false[0m
00001.187 [A/COM40] =60 inv=false[0m
00001.187 [B/COM53] =60 inv=false[0m
00001.187 [A/COM40] =60 inv=false[0m
00001.187 [B/COM53] =60 inv=false[0m
00001.187 [A/COM40] =60 inv=false[0m
00001.187 [B/COM53] =60 inv=false[0m
00001.187 [A/COM40] =60 inv=false[0m
00001.187 [B/COM53] =60 inv=false[0m
00001.187 [A/COM40] =60 inv=false[0m
00001.187 [B/COM53] =60 inv=false[0m
00001.187 [A/COM40] =60 inv=false[0m
00001.187 [B/COM53] =60 inv=false[0m
00001.187 [A/COM40] =60 inv=false[0m
00001.187 [B/COM53] =60 inv=false[0m
00001.187 [A/COM40] =60 inv=false[0m
00001.187 [B/COM53] =60 inv=false[0m
00001.187 [A/COM40] =60 inv=false[0m
00001.187 [B/COM53] =60 inv=false[0m
00001.187 [A/COM40] =60 inv=false[0m
00001.187 [B/COM53] =60 inv=false[0m
00001.187 [A/COM40] =60 inv=false[0m
00001.187 [B/COM53] =60 inv=false[0m
00001.187 [B/COM53] =60 inv=false[0m
00001.187 [A/COM40] =60 inv=false[0m
00001.187 [A/COM40] =60 inv=false[0m
00001.187 [B/COM53] =60 inv=false[0m
00001.187 [A/COM40] =60 inv=false[0m
00001.187 [A/COM40] =60 inv=false[0m
00001.187 [B/COM53] =60 inv=false[0m
00001.203 [A/COM40] =60 inv=false[0m
00001.203 [B/COM53] =60 inv=false[0m
00001.203 [B/COM53] =60 inv=false[0m
00001.203 [A/COM40] =60 inv=false[0m
00001.203 [B/COM53] =60 inv=false[0m
00001.203 [A/COM40] =60 inv=false[0m
00001.203 [B/COM53] =60 inv=false[0m
00001.203 [A/COM40] =60 inv=false[0m
00001.203 [B/COM53] =60 inv=false[0m
00001.203 [A/COM40] =60 inv=false[0m
00001.203 [B/COM53] =60 inv=false[0m
00001.203 [A/COM40] =60 inv=false[0m
00001.203 [B/COM53] =60 inv=false[0m
00001.203 [A/COM40] =60 inv=false[0m
00001.203 [B/COM53] =60 inv=false[0m
00001.203 [A/COM40] =60 inv=false[0m
00001.203 [B/COM53] =60 inv=false[0m
00001.203 [A/COM40] =60 inv=false[0m
00001.203 [B/COM53] =60 inv=false[0m
00001.203 [A/COM40] =60 inv=false[0m
00001.203 [B/COM53] =60 inv=false[0m
00001.203 [A/COM40] =60 inv=false[0m
00001.203 [B/COM53] =60 inv=false[0m
00001.203 [A/COM40] =60 inv=false[0m
00001.203 [B/COM53] =60 inv=false[0m
00001.203 [A/COM40] =60 inv=false[0m
00001.203 [B/COM53] =60 inv=false[0m
00001.203 [A/COM40] =60 inv=false[0m
00001.203 [B/COM53] =60 inv=false[0m
00001.203 [B/COM53] =60 inv=false[0m
00001.203 [A/COM40] =60 inv=false[0m
00001.203 [B/COM53] =60 inv=false[0m
00001.203 [A/COM40] =60 inv=false[0m
00001.203 [B/COM53] =60 inv=false[0m
00001.203 [A/COM40] =60 inv=false[0m
00001.203 [B/COM53] =60 inv=false[0m
00001.203 [A/COM40] =60 inv=false[0m
00001.203 [B/COM53] =60 inv=false[0m
00001.218 [A/COM40] =60 inv=false[0m
00001.218 [B/COM53] =60 inv=false[0m
00001.218 [A/COM40] =60 inv=false[0m
00001.218 [B/COM53] =60 inv=false[0m
00001.218 [B/COM53] =60 inv=false[0m
00001.218 [A/COM40] =60 inv=false[0m
00001.218 [B/COM53] =60 inv=false[0m
00001.218 [A/COM40] =60 inv=false[0m
00001.218 [B/COM53] =60 inv=false[0m
00001.218 [A/COM40] =60 inv=false[0m
00001.218 [B/COM53] =60 inv=false[0m
00001.218 [A/COM40] =60 inv=false[0m
00001.218 [B/COM53] =60 inv=false[0m
00001.218 [B/COM53] =60 inv=false[0m
00001.218 [A/COM40] =60 inv=false[0m
00001.218 [A/COM40] =60 inv=false[0m
00001.218 [B/COM53] =60 inv=false[0m
00001.218 [A/COM40] =60 inv=false[0m
00001.218 [B/COM53] =60 inv=false[0m
00001.218 [A/COM40] =60 inv=false[0m
00001.218 [B/COM53] =60 inv=false[0m
00001.218 [A/COM40] =60 inv=false[0m
00001.218 [B/COM53] =60 inv=false[0m
00001.218 [B/COM53] =60 inv=false[0m
00001.218 [A/COM40] =60 inv=false[0m
00001.218 [B/COM53] =60 inv=false[0m
00001.218 [A/COM40] =60 inv=false[0m
00001.218 [B/COM53] =60 inv=false[0m
00001.218 [A/COM40] =60 inv=false[0m
00001.218 [B/COM53] =60 inv=false[0m
00001.218 [A/COM40] =60 inv=false[0m
00001.218 [B/COM53] =60 inv=false[0m
00001.218 [A/COM40] =60 inv=false[0m
00001.218 [B/COM53] =60 inv=false[0m
00001.218 [A/COM40] =60 inv=false[0m
00001.218 [B/COM53] =60 inv=false[0m
00001.218 [A/COM40] =60 inv=false[0m
00001.218 [B/COM53] =60 inv=false[0m
00001.218 [A/COM40] =60 inv=false[0m
00001.218 [A/COM40] =60 inv=false[0m
00001.218 [B/COM53] =60 inv=false[0m
00001.234 [B/COM53] =60 inv=false[0m
00001.234 [A/COM40] =60 inv=false[0m
00001.234 [A/COM40] =60 inv=false[0m
00001.234 [B/COM53] =60 inv=false[0m
00001.234 [A/COM40] =60 inv=false[0m
00001.234 [B/COM53] =60 inv=false[0m
00001.234 [B/COM53] =60 inv=false[0m
00001.234 [A/COM40] =60 inv=false[0m
00001.234 [B/COM53] =60 inv=false[0m
00001.234 [A/COM40] =60 inv=false[0m
00001.234 [B/COM53] =60 inv=false[0m
00001.234 [A/COM40] =60 inv=false[0m
00001.234 [B/COM53] =60 inv=false[0m
00001.234 [A/COM40] =60 inv=false[0m
00001.234 [B/COM53] =60 inv=false[0m
00001.234 [A/COM40] =60 inv=false[0m
00001.234 [B/COM53] =60 inv=false[0m
00001.234 [A/COM40] =60 inv=false[0m
00001.234 [B/COM53] =60 inv=false[0m
00001.234 [A/COM40] =60 inv=false[0m
00001.234 [B/COM53] =60 inv=false[0m
00001.234 [A/COM40] =60 inv=false[0m
00001.234 [B/COM53] =60 inv=false[0m
00001.234 [A/COM40] =60 inv=false[0m
00001.234 [B/COM53] =60 inv=false[0m
00001.234 [A/COM40] =60 inv=false[0m
00001.234 [B/COM53] =60 inv=false[0m
00001.234 [A/COM40] =60 inv=false[0m
00001.234 [A/COM40] =60 inv=false[0m
00001.234 [B/COM53] =60 inv=false[0m
00001.234 [A/COM40] =60 inv=false[0m
00001.234 [B/COM53] =60 inv=false[0m
00001.234 [A/COM40] =60 inv=false[0m
00001.234 [B/COM53] =60 inv=false[0m
00001.234 [A/COM40] =60 inv=false[0m
00001.234 [B/COM53] =60 inv=false[0m
00001.234 [A/COM40] =60 inv=false[0m
00001.234 [B/COM53] =60 inv=false[0m
00001.250 [B/COM53] =60 inv=false[0m
00001.250 [A/COM40] =60 inv=false[0m
00001.250 [B/COM53] =60 inv=false[0m
00001.250 [A/COM40] =60 inv=false[0m
00001.250 [B/COM53] =60 inv=false[0m
00001.250 [A/COM40] =60 inv=false[0m
00001.250 [B/COM53] =60 inv=false[0m
00001.250 [A/COM40] =60 inv=false[0m
00001.250 [B/COM53] =60 inv=false[0m
00001.250 [A/COM40] =60 inv=false[0m
00001.250 [B/COM53] =60 inv=false[0m
00001.250 [A/COM40] =60 inv=false[0m
00001.250 [B/COM53] =60 inv=false[0m
00001.250 [A/COM40] =60 inv=false[0m
00001.250 [B/COM53] =60 inv=false[0m
00001.250 [A/COM40] =60 inv=false[0m
00001.250 [B/COM53] =60 inv=false[0m
00001.250 [A/COM40] =60 inv=false[0m
00001.250 [B/COM53] =60 inv=false[0m
00001.250 [A/COM40] =60 inv=false[0m
00001.250 [B/COM53] =60 inv=false[0m
00001.250 [A/COM40] =60 inv=false[0m
00001.250 [A/COM40] =60 inv=false[0m
00001.250 [B/COM53] =60 inv=false[0m
00001.250 [A/COM40] =60 inv=false[0m
00001.250 [B/COM53] =60 inv=false[0m
00001.250 [A/COM40] =60 inv=false[0m
00001.250 [B/COM53] =60 inv=false[0m
00001.250 [A/COM40] =60 inv=false[0m
00001.250 [B/COM53] =60 inv=false[0m
00001.250 [A/COM40] =60 inv=false[0m
00001.250 [B/COM53] =60 inv=false[0m
00001.250 [A/COM40] =60 inv=false[0m
00001.250 [B/COM53] =60 inv=false[0m
00001.250 [B/COM53] =60 inv=false[0m
00001.250 [A/COM40] =60 inv=false[0m
00001.250 [A/COM40] =60 inv=false[0m
00001.250 [B/COM53] =60 inv=false[0m
00001.250 [A/COM40] =60 inv=false[0m
00001.250 [B/COM53] =60 inv=false[0m
00001.265 [A/COM40] =60 inv=false[0m
00001.265 [B/COM53] =60 inv=false[0m
00001.265 [A/COM40] =60 inv=false[0m
00001.265 [B/COM53] =60 inv=false[0m
00001.265 [A/COM40] =60 inv=false[0m
00001.265 [A/COM40] =60 inv=false[0m
00001.265 [B/COM53] =60 inv=false[0m
00001.265 [A/COM40] =60 inv=false[0m
00001.265 [B/COM53] =60 inv=false[0m
00001.265 [A/COM40] =60 inv=false[0m
00001.265 [B/COM53] =60 inv=false[0m
00001.265 [A/COM40] =60 inv=false[0m
00001.265 [B/COM53] =60 inv=false[0m
00001.265 [A/COM40] =60 inv=false[0m
00001.265 [B/COM53] =60 inv=false[0m
00001.265 [B/COM53] =60 inv=false[0m
00001.265 [A/COM40] =60 inv=false[0m
00001.265 [B/COM53] =60 inv=false[0m
00001.265 [A/COM40] =60 inv=false[0m
00001.265 [B/COM53] =60 inv=false[0m
00001.265 [A/COM40] =60 inv=false[0m
00001.265 [B/COM53] =60 inv=false[0m
00001.265 [A/COM40] =60 inv=false[0m
00001.265 [B/COM53] =60 inv=false[0m
00001.265 [A/COM40] =60 inv=false[0m
00001.265 [B/COM53] =60 inv=false[0m
00001.265 [A/COM40] =60 inv=false[0m
00001.265 [B/COM53] =60 inv=false[0m
00001.265 [A/COM40] =60 inv=false[0m
00001.265 [B/COM53] =60 inv=false[0m
00001.265 [A/COM40] =60 inv=false[0m
00001.265 [B/COM53] =60 inv=false[0m
00001.265 [A/COM40] =60 inv=false[0m
00001.265 [B/COM53] =60 inv=false[0m
00001.265 [A/COM40] =60 inv=false[0m
00001.265 [B/COM53] =60 inv=false[0m
00001.265 [A/COM40] =60 inv=false[0m
00001.265 [B/COM53] =60 inv=false[0m
00001.265 [A/COM40] =60 inv=false[0m
00001.265 [B/COM53] =60 inv=false[0m
00001.265 [A/COM40] =60 inv=false[0m
00001.281 [B/COM53] =60 inv=false[0m
00001.281 [A/COM40] =60 inv=false[0m
00001.281 [B/COM53] =60 inv=false[0m
00001.281 [A/COM40] =60 inv=false[0m
00001.281 [B/COM53] =60 inv=false[0m
00001.281 [A/COM40] =60 inv=false[0m
00001.281 [B/COM53] =60 inv=false[0m
00001.281 [A/COM40] =60 inv=false[0m
00001.281 [B/COM53] =60 inv=false[0m
00001.281 [A/COM40] =60 inv=false[0m
00001.281 [B/COM53] =60 inv=false[0m
00001.281 [A/COM40] =60 inv=false[0m
00001.281 [A/COM40] =60 inv=false[0m
00001.281 [B/COM53] =60 inv=false[0m
00001.281 [A/COM40] =60 inv=false[0m
00001.281 [B/COM53] =60 inv=false[0m
00001.281 [B/COM53] =60 inv=false[0m
00001.281 [A/COM40] =60 inv=false[0m
00001.281 [B/COM53] =60 inv=false[0m
00001.281 [A/COM40] =60 inv=false[0m
00001.281 [B/COM53] =60 inv=false[0m
00001.281 [A/COM40] =60 inv=false[0m
00001.281 [B/COM53] =60 inv=false[0m
00001.281 [A/COM40] =60 inv=false[0m
00001.281 [B/COM53] =60 inv=false[0m
00001.281 [A/COM40] =60 inv=false[0m
00001.281 [A/COM40] =60 inv=false[0m
00001.281 [B/COM53] =60 inv=false[0m
00001.281 [A/COM40] =60 inv=false[0m
00001.281 [B/COM53] =60 inv=false[0m
00001.281 [A/COM40] =60 inv=false[0m
00001.281 [B/COM53] =60 inv=false[0m
00001.281 [A/COM40] =60 inv=false[0m
00001.281 [B/COM53] =60 inv=false[0m
00001.281 [A/COM40] =60 inv=false[0m
00001.281 [B/COM53] =60 inv=false[0m
00001.281 [A/COM40] =60 inv=false[0m
00001.281 [B/COM53] =60 inv=false[0m
00001.297 [A/COM40] =60 inv=false[0m
00001.297 [B/COM53] =60 inv=false[0m
00001.297 [A/COM40] =60 inv=false[0m
00001.297 [B/COM53] =60 inv=false[0m
00001.297 [B/COM53] =60 inv=false[0m
00001.297 [A/COM40] =60 inv=false[0m
00001.297 [A/COM40] =60 inv=false[0m
00001.297 [B/COM53] =60 inv=false[0m
00001.297 [B/COM53] =60 inv=false[0m
00001.297 [B/COM53] =60 inv=false[0m
00001.297 [A/COM40] =60 inv=false[0m
00001.297 [B/COM53] =60 inv=false[0m
00001.297 [A/COM40] =60 inv=false[0m
00001.297 [B/COM53] =60 inv=false[0m
00001.297 [A/COM40] =60 inv=false[0m
00001.297 [B/COM53] =60 inv=false[0m
00001.297 [A/COM40] =60 inv=false[0m
00001.297 [B/COM53] =60 inv=false[0m
00001.297 [A/COM40] =60 inv=false[0m
00001.297 [B/COM53] =60 inv=false[0m
00001.297 [A/COM40] =60 inv=false[0m
00001.297 [A/COM40] =60 inv=false[0m
00001.297 [B/COM53] =60 inv=false[0m
00001.297 [A/COM40] =60 inv=false[0m
00001.297 [B/COM53] =60 inv=false[0m
00001.297 [A/COM40] =60 inv=false[0m
00001.297 [B/COM53] =60 inv=false[0m
00001.297 [A/COM40] =60 inv=false[0m
00001.297 [B/COM53] =60 inv=false[0m
00001.297 [A/COM40] =60 inv=false[0m
00001.297 [B/COM53] =60 inv=false[0m
00001.297 [A/COM40] =60 inv=false[0m
00001.297 [B/COM53] =60 inv=false[0m
00001.297 [A/COM40] =60 inv=false[0m
00001.297 [B/COM53] =60 inv=false[0m
00001.297 [A/COM40] =60 inv=false[0m
00001.297 [B/COM53] =60 inv=false[0m
00001.297 [A/COM40] =60 inv=false[0m
00001.297 [B/COM53] =60 inv=false[0m
00001.297 [A/COM40] =60 inv=false[0m
00001.312 [B/COM53] =60 inv=false[0m
00001.312 [A/COM40] =60 inv=false[0m
00001.312 [B/COM53] =60 inv=false[0m
00001.312 [A/COM40] =60 inv=false[0m
00001.312 [B/COM53] =60 inv=false[0m
00001.312 [A/COM40] =60 inv=false[0m
00001.312 [B/COM53] =60 inv=false[0m
00001.312 [A/COM40] =60 inv=false[0m
00001.312 [B/COM53] =60 inv=false[0m
00001.312 [A/COM40] =60 inv=false[0m
00001.312 [B/COM53] =60 inv=false[0m
00001.312 [A/COM40] =60 inv=false[0m
00001.312 [B/COM53] =60 inv=false[0m
00001.312 [A/COM40] =60 inv=false[0m
00001.312 [B/COM53] =60 inv=false[0m
00001.312 [A/COM40] =60 inv=false[0m
00001.312 [B/COM53] =60 inv=false[0m
00001.312 [A/COM40] =60 inv=false[0m
00001.312 [B/COM53] =60 inv=false[0m
00001.312 [A/COM40] =60 inv=false[0m
00001.312 [B/COM53] =60 inv=false[0m
00001.312 [A/COM40] =60 inv=false[0m
00001.312 [B/COM53] =60 inv=false[0m
00001.312 [A/COM40] =60 inv=false[0m
00001.312 [B/COM53] =60 inv=false[0m
00001.312 [A/COM40] =60 inv=false[0m
00001.312 [B/COM53] =60 inv=false[0m
00001.312 [A/COM40] =60 inv=false[0m
00001.312 [B/COM53] =60 inv=false[0m
00001.312 [A/COM40] =60 inv=false[0m
00001.312 [B/COM53] =60 inv=false[0m
00001.312 [B/COM53] =60 inv=false[0m
00001.312 [A/COM40] =60 inv=false[0m
00001.312 [B/COM53] =60 inv=false[0m
00001.312 [A/COM40] =60 inv=false[0m
00001.312 [B/COM53] =60 inv=false[0m
00001.312 [A/COM40] =60 inv=false[0m
00001.328 [B/COM53] =60 inv=false[0m
00001.328 [A/COM40] =60 inv=false[0m
00001.328 [B/COM53] =60 inv=false[0m
00001.328 [A/COM40] =60 inv=false[0m
00001.328 [B/COM53] =60 inv=false[0m
00001.328 [B/COM53] =60 inv=false[0m
00001.328 [A/COM40] =60 inv=false[0m
00001.328 [A/COM40] =60 inv=false[0m
00001.328 [B/COM53] =60 inv=false[0m
00001.328 [A/COM40] =60 inv=false[0m
00001.328 [B/COM53] =60 inv=false[0m
00001.328 [A/COM40] =60 inv=false[0m
00001.328 [B/COM53] =60 inv=false[0m
00001.328 [A/COM40] =60 inv=false[0m
00001.328 [B/COM53] =60 inv=false[0m
00001.328 [B/COM53] =60 inv=false[0m
00001.328 [A/COM40] =60 inv=false[0m
00001.328 [B/COM53] =60 inv=false[0m
00001.328 [A/COM40] =60 inv=false[0m
00001.328 [B/COM53] =60 inv=false[0m
00001.328 [A/COM40] =60 inv=false[0m
00001.328 [B/COM53] =60 inv=false[0m
00001.328 [A/COM40] =60 inv=false[0m
00001.328 [B/COM53] =60 inv=false[0m
00001.328 [A/COM40] =60 inv=false[0m
00001.328 [B/COM53] =60 inv=false[0m
00001.328 [A/COM40] =60 inv=false[0m
00001.328 [B/COM53] =60 inv=false[0m
00001.328 [A/COM40] =60 inv=false[0m
00001.328 [B/COM53] =60 inv=false[0m
00001.328 [A/COM40] =60 inv=false[0m
00001.328 [B/COM53] =60 inv=false[0m
00001.328 [A/COM40] =60 inv=false[0m
00001.328 [B/COM53] =60 inv=false[0m
00001.343 [A/COM40] =60 inv=false[0m
00001.343 [B/COM53] =60 inv=false[0m
00001.343 [A/COM40] =60 inv=false[0m
00001.343 [B/COM53] =60 inv=false[0m
00001.343 [A/COM40] =60 inv=false[0m
00001.343 [B/COM53] =60 inv=false[0m
00001.343 [A/COM40] =60 inv=false[0m
00001.343 [B/COM53] =60 inv=false[0m
00001.343 [A/COM40] =60 inv=false[0m
00001.343 [B/COM53] =60 inv=false[0m
00001.343 [A/COM40] =60 inv=false[0m
00001.343 [B/COM53] =60 inv=false[0m
00001.343 [B/COM53] =60 inv=false[0m
00001.343 [A/COM40] =60 inv=false[0m
00001.343 [A/COM40] =60 inv=false[0m
00001.343 [B/COM53] =60 inv=false[0m
00001.343 [A/COM40] =60 inv=false[0m
00001.343 [B/COM53] =60 inv=false[0m
00001.343 [A/COM40] =60 inv=false[0m
00001.343 [B/COM53] =60 inv=false[0m
00001.343 [A/COM40] =60 inv=false[0m
00001.343 [B/COM53] =60 inv=false[0m
00001.343 [A/COM40] =60 inv=false[0m
00001.343 [B/COM53] =60 inv=false[0m
00001.343 [A/COM40] =60 inv=false[0m
00001.343 [B/COM53] =60 inv=false[0m
00001.343 [A/COM40] =60 inv=false[0m
00001.343 [B/COM53] =60 inv=false[0m
00001.343 [A/COM40] =60 inv=false[0m
00001.343 [B/COM53] =60 inv=false[0m
00001.343 [A/COM40] =60 inv=false[0m
00001.343 [B/COM53] =60 inv=false[0m
00001.343 [A/COM40] =60 inv=false[0m
00001.343 [B/COM53] =60 inv=false[0m
00001.343 [A/COM40] =60 inv=false[0m
00001.343 [B/COM53] =60 inv=false[0m
00001.343 [A/COM40] =60 inv=false[0m
00001.343 [B/COM53] =60 inv=false[0m
00001.343 [A/COM40] =60 inv=false[0m
00001.359 [B/COM53] =60 inv=false[0m
00001.359 [A/COM40] =60 inv=false[0m
00001.359 [B/COM53] =60 inv=false[0m
00001.359 [A/COM40] =60 inv=false[0m
00001.359 [B/COM53] =60 inv=false[0m
00001.359 [A/COM40] =60 inv=false[0m
00001.359 [B/COM53] =60 inv=false[0m
00001.359 [A/COM40] =60 inv=false[0m
00001.359 [B/COM53] =60 inv=false[0m
00001.359 [A/COM40] =60 inv=false[0m
00001.359 [B/COM53] =60 inv=false[0m
00001.359 [B/COM53] =60 inv=false[0m
00001.359 [A/COM40] =60 inv=false[0m
00001.359 [B/COM53] =60 inv=false[0m
00001.359 [A/COM40] =60 inv=false[0m
00001.359 [B/COM53] =60 inv=false[0m
00001.359 [A/COM40] =60 inv=false[0m
00001.359 [B/COM53] =60 inv=false[0m
00001.359 [A/COM40] =60 inv=false[0m
00001.359 [B/COM53] =60 inv=false[0m
00001.359 [A/COM40] =60 inv=false[0m
00001.359 [B/COM53] =60 inv=false[0m
00001.359 [A/COM40] =60 inv=false[0m
00001.359 [A/COM40] =60 inv=false[0m
00001.359 [B/COM53] =60 inv=false[0m
00001.359 [A/COM40] =60 inv=false[0m
00001.359 [B/COM53] =60 inv=false[0m
00001.359 [A/COM40] =60 inv=false[0m
00001.359 [B/COM53] =60 inv=false[0m
00001.359 [A/COM40] =60 inv=false[0m
00001.359 [B/COM53] =60 inv=false[0m
00001.359 [A/COM40] =60 inv=false[0m
00001.359 [B/COM53] =60 inv=false[0m
00001.359 [A/COM40] =60 inv=false[0m
00001.359 [B/COM53] =60 inv=false[0m
00001.359 [A/COM40] =60 inv=false[0m
00001.359 [A/COM40] =60 inv=false[0m
00001.359 [B/COM53] =60 inv=false[0m
00001.375 [A/COM40] =60 inv=false[0m
00001.375 [B/COM53] =60 inv=false[0m
00001.375 [A/COM40] =60 inv=false[0m
00001.375 [B/COM53] =60 inv=false[0m
00001.375 [A/COM40] =60 inv=false[0m
00001.375 [B/COM53] =60 inv=false[0m
00001.375 [A/COM40] =60 inv=false[0m
00001.375 [B/COM53] =60 inv=false[0m
00001.375 [A/COM40] =60 inv=false[0m
00001.375 [B/COM53] =60 inv=false[0m
00001.375 [A/COM40] =60 inv=false[0m
00001.375 [B/COM53] =60 inv=false[0m
00001.375 [A/COM40] =60 inv=false[0m
00001.375 [A/COM40] =60 inv=false[0m
00001.375 [B/COM53] =60 inv=false[0m
00001.375 [A/COM40] =60 inv=false[0m
00001.375 [B/COM53] =60 inv=false[0m
00001.375 [A/COM40] =60 inv=false[0m
00001.375 [B/COM53] =60 inv=false[0m
00001.375 [A/COM40] =60 inv=false[0m
00001.375 [B/COM53] =60 inv=false[0m
00001.375 [A/COM40] =60 inv=false[0m
00001.375 [B/COM53] =60 inv=false[0m
00001.375 [A/COM40] =60 inv=false[0m
00001.375 [B/COM53] =60 inv=false[0m
00001.375 [A/COM40] =60 inv=false[0m
00001.375 [B/COM53] =60 inv=false[0m
00001.375 [A/COM40] =60 inv=false[0m
00001.375 [B/COM53] =60 inv=false[0m
00001.375 [A/COM40] =60 inv=false[0m
00001.375 [B/COM53] =60 inv=false[0m
00001.375 [A/COM40] =60 inv=false[0m
00001.375 [B/COM53] =60 inv=false[0m
00001.375 [A/COM40] =60 inv=false[0m
00001.375 [B/COM53] =60 inv=false[0m
00001.375 [A/COM40] =60 inv=false[0m
00001.375 [B/COM53] =60 inv=false[0m
00001.390 [A/COM40] =60 inv=false[0m
00001.390 [B/COM53] =60 inv=false[0m
00001.390 [A/COM40] =60 inv=false[0m
00001.390 [B/COM53] =60 inv=false[0m
00001.390 [A/COM40] =60 inv=false[0m
00001.390 [B/COM53] =60 inv=false[0m
00001.390 [A/COM40] =60 inv=false[0m
00001.390 [B/COM53] =60 inv=false[0m
00001.390 [A/COM40] =60 inv=false[0m
00001.390 [B/COM53] =60 inv=false[0m
00001.390 [A/COM40] =60 inv=false[0m
00001.390 [B/COM53] =60 inv=false[0m
00001.390 [A/COM40] =60 inv=false[0m
00001.390 [B/COM53] =60 inv=false[0m
00001.390 [A/COM40] =60 inv=false[0m
00001.390 [B/COM53] =60 inv=false[0m
00001.390 [A/COM40] =60 inv=false[0m
00001.390 [B/COM53] =60 inv=false[0m
00001.390 [A/COM40] =60 inv=false[0m
00001.390 [B/COM53] =60 inv=false[0m
00001.390 [A/COM40] =60 inv=false[0m
00001.390 [B/COM53] =60 inv=false[0m
00001.390 [A/COM40] =60 inv=false[0m
00001.390 [B/COM53] =60 inv=false[0m
00001.390 [A/COM40] =60 inv=false[0m
00001.390 [B/COM53] =60 inv=false[0m
00001.390 [A/COM40] =60 inv=false[0m
00001.390 [B/COM53] =60 inv=false[0m
00001.390 [A/COM40] =60 inv=false[0m
00001.390 [B/COM53] =60 inv=false[0m
00001.390 [A/COM40] =60 inv=false[0m
00001.390 [B/COM53] =60 inv=false[0m
00001.390 [A/COM40] =60 inv=false[0m
00001.390 [B/COM53] =60 inv=false[0m
00001.390 [A/COM40] =60 inv=false[0m
00001.390 [B/COM53] =60 inv=false[0m
00001.390 [A/COM40] =60 inv=false[0m
00001.390 [B/COM53] =60 inv=false[0m
00001.406 [A/COM40] =60 inv=false[0m
00001.406 [B/COM53] =60 inv=false[0m
00001.406 [A/COM40] =60 inv=false[0m
00001.406 [B/COM53] =60 inv=false[0m
00001.406 [A/COM40] =60 inv=false[0m
00001.406 [B/COM53] =60 inv=false[0m
00001.406 [A/COM40] =60 inv=false[0m
00001.406 [B/COM53] =60 inv=false[0m
00001.406 [A/COM40] =60 inv=false[0m
00001.406 [B/COM53] =60 inv=false[0m
00001.406 [A/COM40] =60 inv=false[0m
00001.406 [B/COM53] =60 inv=false[0m
00001.406 [A/COM40] =60 inv=false[0m
00001.406 [B/COM53] =60 inv=false[0m
00001.406 [A/COM40] =60 inv=false[0m
00001.406 [B/COM53] =60 inv=false[0m
00001.406 [A/COM40] =60 inv=false[0m
00001.406 [B/COM53] =60 inv=false[0m
00001.406 [A/COM40] =60 inv=false[0m
00001.406 [B/COM53] =60 inv=false[0m
00001.406 [A/COM40] =60 inv=false[0m
00001.406 [B/COM53] =60 inv=false[0m
00001.406 [A/COM40] =60 inv=false[0m
00001.406 [B/COM53] =60 inv=false[0m
00001.406 [A/COM40] =60 inv=false[0m
00001.406 [B/COM53] =60 inv=false[0m
00001.406 [A/COM40] =60 inv=false[0m
00001.406 [B/COM53] =60 inv=false[0m
00001.406 [A/COM40] =60 inv=false[0m
00001.406 [B/COM53] =60 inv=false[0m
00001.406 [A/COM40] =60 inv=false[0m
00001.406 [B/COM53] =60 inv=false[0m
00001.406 [A/COM40] =60 inv=false[0m
00001.406 [B/COM53] =60 inv=false[0m
00001.406 [A/COM40] =60 inv=false[0m
00001.406 [B/COM53] =60 inv=false[0m
00001.406 [A/COM40] =60 inv=false[0m
00001.406 [B/COM53] =60 inv=false[0m
00001.406 [A/COM40] =60 inv=false[0m
00001.422 [B/COM53] =60 inv=false[0m
00001.422 [A/COM40] =60 inv=false[0m
00001.422 [B/COM53] =60 inv=false[0m
00001.422 [A/COM40] =60 inv=false[0m
00001.422 [B/COM53] =60 inv=false[0m
00001.422 [A/COM40] =60 inv=false[0m
00001.422 [B/COM53] =60 inv=false[0m
00001.422 [A/COM40] =60 inv=false[0m
00001.422 [B/COM53] =60 inv=false[0m
00001.422 [A/COM40] =60 inv=false[0m
00001.422 [B/COM53] =60 inv=false[0m
00001.422 [A/COM40] =60 inv=false[0m
00001.422 [B/COM53] =60 inv=false[0m
00001.422 [A/COM40] =60 inv=false[0m
00001.422 [B/COM53] =60 inv=false[0m
00001.422 [A/COM40] =60 inv=false[0m
00001.422 [B/COM53] =60 inv=false[0m
00001.422 [A/COM40] =60 inv=false[0m
00001.422 [B/COM53] =60 inv=false[0m
00001.422 [A/COM40] =60 inv=false[0m
00001.422 [A/COM40] =60 inv=false[0m
00001.422 [B/COM53] =60 inv=false[0m
00001.422 [A/COM40] =60 inv=false[0m
00001.422 [B/COM53] =60 inv=false[0m
00001.422 [B/COM53] =60 inv=false[0m
00001.422 [A/COM40] =60 inv=false[0m
00001.422 [A/COM40] =60 inv=false[0m
00001.422 [B/COM53] =60 inv=false[0m
00001.422 [A/COM40] =60 inv=false[0m
00001.422 [B/COM53] =60 inv=false[0m
00001.422 [A/COM40] =60 inv=false[0m
00001.422 [B/COM53] =60 inv=false[0m
00001.422 [A/COM40] =60 inv=false[0m
00001.422 [B/COM53] =60 inv=false[0m
00001.422 [B/COM53] =60 inv=false[0m
00001.422 [A/COM40] =60 inv=false[0m
00001.422 [A/COM40] =60 inv=false[0m
00001.422 [B/COM53] =60 inv=false[0m
00001.437 [A/COM40] =60 inv=false[0m
00001.437 [B/COM53] =60 inv=false[0m
00001.437 [A/COM40] =60 inv=false[0m
00001.437 [A/COM40] =60 inv=false[0m
00001.437 [B/COM53] =60 inv=false[0m
00001.437 [A/COM40] =60 inv=false[0m
00001.437 [B/COM53] =60 inv=false[0m
00001.437 [A/COM40] =60 inv=false[0m
00001.437 [B/COM53] =60 inv=false[0m
00001.437 [A/COM40] =60 inv=false[0m
00001.437 [B/COM53] =60 inv=false[0m
00001.437 [A/COM40] =60 inv=false[0m
00001.437 [B/COM53] =60 inv=false[0m
00001.437 [A/COM40] =60 inv=false[0m
00001.437 [B/COM53] =60 inv=false[0m
00001.437 [A/COM40] =60 inv=false[0m
00001.437 [B/COM53] =60 inv=false[0m
00001.437 [A/COM40] =60 inv=false[0m
00001.437 [B/COM53] =60 inv=false[0m
00001.437 [A/COM40] =60 inv=false[0m
00001.437 [B/COM53] =60 inv=false[0m
00001.437 [A/COM40] =60 inv=false[0m
00001.437 [A/COM40] =60 inv=false[0m
00001.437 [B/COM53] =60 inv=false[0m
00001.437 [B/COM53] =60 inv=false[0m
00001.437 [A/COM40] =60 inv=false[0m
00001.437 [B/COM53] =60 inv=false[0m
00001.437 [A/COM40] =60 inv=false[0m
00001.437 [B/COM53] =60 inv=false[0m
00001.437 [A/COM40] =60 inv=false[0m
00001.437 [B/COM53] =60 inv=false[0m
00001.437 [A/COM40] =60 inv=false[0m
00001.437 [B/COM53] =60 inv=false[0m
00001.437 [A/COM40] =60 inv=false[0m
00001.437 [B/COM53] =60 inv=false[0m
00001.437 [A/COM40] =60 inv=false[0m
00001.437 [A/COM40] =60 inv=false[0m
00001.437 [B/COM53] =60 inv=false[0m
00001.453 [A/COM40] =60 inv=false[0m
00001.453 [B/COM53] =60 inv=false[0m
00001.453 [A/COM40] =60 inv=false[0m
00001.453 [B/COM53] =60 inv=false[0m
00001.453 [A/COM40] =60 inv=false[0m
00001.453 [B/COM53] =60 inv=false[0m
00001.453 [A/COM40] =60 inv=false[0m
00001.453 [B/COM53] =60 inv=false[0m
00001.453 [A/COM40] =60 inv=false[0m
00001.453 [B/COM53] =60 inv=false[0m
00001.453 [A/COM40] =60 inv=false[0m
00001.453 [B/COM53] =60 inv=false[0m
00001.453 [A/COM40] =60 inv=false[0m
00001.453 [B/COM53] =60 inv=false[0m
00001.453 [A/COM40] =60 inv=false[0m
00001.453 [A/COM40] =60 inv=false[0m
00001.453 [B/COM53] =60 inv=false[0m
00001.453 [A/COM40] =60 inv=false[0m
00001.453 [B/COM53] =60 inv=false[0m
00001.453 [A/COM40] =60 inv=false[0m
00001.453 [B/COM53] =60 inv=false[0m
00001.453 [A/COM40] =60 inv=false[0m
00001.453 [B/COM53] =60 inv=false[0m
00001.453 [A/COM40] =60 inv=false[0m
00001.453 [B/COM53] =60 inv=false[0m
00001.453 [A/COM40] =60 inv=false[0m
00001.453 [B/COM53] =60 inv=false[0m
00001.453 [A/COM40] =60 inv=false[0m
00001.453 [B/COM53] =60 inv=false[0m
00001.453 [A/COM40] =60 inv=false[0m
00001.453 [B/COM53] =60 inv=false[0m
00001.453 [A/COM40] =60 inv=false[0m
00001.453 [B/COM53] =60 inv=false[0m
00001.453 [A/COM40] =60 inv=false[0m
00001.453 [B/COM53] =60 inv=false[0m
00001.453 [A/COM40] =60 inv=false[0m
00001.453 [B/COM53] =60 inv=false[0m
00001.468 [A/COM40] =60 inv=false[0m
00001.468 [B/COM53] =60 inv=false[0m
00001.468 [A/COM40] =60 inv=false[0m
00001.468 [B/COM53] =60 inv=false[0m
00001.468 [B/COM53] =60 inv=false[0m
00001.468 [A/COM40] =60 inv=false[0m
00001.468 [A/COM40] =60 inv=false[0m
00001.468 [B/COM53] =60 inv=false[0m
00001.468 [B/COM53] =60 inv=false[0m
00001.468 [A/COM40] =60 inv=false[0m
00001.468 [B/COM53] =60 inv=false[0m
00001.468 [A/COM40] =60 inv=false[0m
00001.468 [A/COM40] =60 inv=false[0m
00001.468 [B/COM53] =60 inv=false[0m
00001.468 [B/COM53] =60 inv=false[0m
00001.468 [A/COM40] =60 inv=false[0m
00001.468 [B/COM53] =60 inv=false[0m
00001.468 [A/COM40] =60 inv=false[0m
00001.468 [B/COM53] =60 inv=false[0m
00001.468 [A/COM40] =60 inv=false[0m
00001.468 [B/COM53] =60 inv=false[0m
00001.468 [A/COM40] =60 inv=false[0m
00001.468 [B/COM53] =60 inv=false[0m
00001.468 [A/COM40] =60 inv=false[0m
00001.468 [B/COM53] =60 inv=false[0m
00001.468 [A/COM40] =60 inv=false[0m
00001.468 [B/COM53] =60 inv=false[0m
00001.468 [A/COM40] =60 inv=false[0m
00001.468 [B/COM53] =60 inv=false[0m
00001.468 [A/COM40] =60 inv=false[0m
00001.468 [A/COM40] =60 inv=false[0m
00001.468 [B/COM53] =60 inv=false[0m
00001.468 [A/COM40] =60 inv=false[0m
00001.468 [B/COM53] =60 inv=false[0m
00001.468 [A/COM40] =60 inv=false[0m
00001.468 [B/COM53] =60 inv=false[0m
00001.468 [A/COM40] =60 inv=false[0m
00001.468 [B/COM53] =60 inv=false[0m
00001.468 [A/COM40] =60 inv=false[0m
00001.468 [B/COM53] =60 inv=false[0m
00001.468 [A/COM40] =60 inv=false[0m
00001.484 [B/COM53] =60 inv=false[0m
00001.484 [A/COM40] =60 inv=false[0m
00001.484 [B/COM53] =60 inv=false[0m
00001.484 [A/COM40] =60 inv=false[0m
00001.484 [B/COM53] =60 inv=false[0m
00001.484 [A/COM40] =60 inv=false[0m
00001.484 [B/COM53] =60 inv=false[0m
00001.484 [A/COM40] =60 inv=false[0m
00001.484 [B/COM53] =60 inv=false[0m
00001.484 [A/COM40] =60 inv=false[0m
00001.484 [B/COM53] =60 inv=false[0m
00001.484 [A/COM40] =60 inv=false[0m
00001.484 [B/COM53] =60 inv=false[0m
00001.484 [A/COM40] =60 inv=false[0m
00001.484 [B/COM53] =60 inv=false[0m
00001.484 [A/COM40] =60 inv=false[0m
00001.484 [B/COM53] =60 inv=false[0m
00001.484 [A/COM40] =60 inv=false[0m
00001.484 [B/COM53] =60 inv=false[0m
00001.484 [B/COM53] =60 inv=false[0m
00001.484 [A/COM40] =60 inv=false[0m
00001.484 [B/COM53] =60 inv=false[0m
00001.484 [A/COM40] =60 inv=false[0m
00001.484 [B/COM53] =60 inv=false[0m
00001.484 [A/COM40] =60 inv=false[0m
00001.484 [B/COM53] =60 inv=false[0m
00001.484 [A/COM40] =60 inv=false[0m
00001.484 [B/COM53] =60 inv=false[0m
00001.484 [A/COM40] =60 inv=false[0m
00001.484 [B/COM53] =60 inv=false[0m
00001.484 [A/COM40] =60 inv=false[0m
00001.484 [B/COM53] =60 inv=false[0m
00001.484 [A/COM40] =60 inv=false[0m
00001.500 [A/COM40] =60 inv=false[0m
00001.500 [B/COM53] =60 inv=false[0m
00001.500 [A/COM40] =60 inv=false[0m
00001.500 [B/COM53] =60 inv=false[0m
00001.500 [A/COM40] =60 inv=false[0m
00001.500 [A/COM40] =60 inv=false[0m
00001.500 [B/COM53] =60 inv=false[0m
00001.500 [A/COM40] =60 inv=false[0m
00001.500 [B/COM53] =60 inv=false[0m
00001.500 [A/COM40] =60 inv=false[0m
00001.500 [B/COM53] =60 inv=false[0m
00001.500 [A/COM40] =60 inv=false[0m
00001.500 [B/COM53] =60 inv=false[0m
00001.500 [A/COM40] =60 inv=false[0m
00001.500 [B/COM53] =60 inv=false[0m
00001.500 [A/COM40] =60 inv=false[0m
00001.500 [B/COM53] =60 inv=false[0m
00001.500 [A/COM40] =60 inv=false[0m
00001.500 [B/COM53] =60 inv=false[0m
00001.500 [A/COM40] =60 inv=false[0m
00001.500 [B/COM53] =60 inv=false[0m
00001.500 [A/COM40] =60 inv=false[0m
00001.500 [B/COM53] =60 inv=false[0m
00001.500 [A/COM40] =60 inv=false[0m
00001.500 [B/COM53] =60 inv=false[0m
00001.500 [A/COM40] =60 inv=false[0m
00001.500 [A/COM40] =60 inv=false[0m
00001.500 [B/COM53] =60 inv=false[0m
00001.500 [B/COM53] =60 inv=false[0m
00001.500 [A/COM40] =60 inv=false[0m
00001.500 [B/COM53] =60 inv=false[0m
00001.500 [A/COM40] =60 inv=false[0m
00001.500 [A/COM40] =60 inv=false[0m
00001.500 [B/COM53] =60 inv=false[0m
00001.500 [A/COM40] =60 inv=false[0m
00001.515 [B/COM53] =60 inv=false[0m
00001.515 [A/COM40] =60 inv=false[0m
00001.515 [B/COM53] =60 inv=false[0m
00001.515 [A/COM40] =60 inv=false[0m
00001.515 [B/COM53] =60 inv=false[0m
00001.515 [A/COM40] =60 inv=false[0m
00001.515 [B/COM53] =60 inv=false[0m
00001.515 [A/COM40] =60 inv=false[0m
00001.515 [B/COM53] =60 inv=false[0m
00001.515 [A/COM40] =60 inv=false[0m
00001.515 [B/COM53] =60 inv=false[0m
00001.515 [A/COM40] =60 inv=false[0m
00001.515 [B/COM53] =60 inv=false[0m
00001.515 [A/COM40] =60 inv=false[0m
00001.515 [B/COM53] =60 inv=false[0m
00001.515 [A/COM40] =60 inv=false[0m
00001.515 [B/COM53] =60 inv=false[0m
00001.515 [A/COM40] =60 inv=false[0m
00001.515 [B/COM53] =60 inv=false[0m
00001.515 [A/COM40] =60 inv=false[0m
00001.515 [B/COM53] =60 inv=false[0m
00001.515 [A/COM40] =60 inv=false[0m
00001.515 [A/COM40] =60 inv=false[0m
00001.515 [B/COM53] =60 inv=false[0m
00001.515 [A/COM40] =60 inv=false[0m
00001.515 [B/COM53] =60 inv=false[0m
00001.515 [A/COM40] =60 inv=false[0m
00001.515 [A/COM40] =60 inv=false[0m
00001.515 [B/COM53] =60 inv=false[0m
00001.515 [A/COM40] =60 inv=false[0m
00001.515 [A/COM40] =60 inv=false[0m
00001.515 [B/COM53] =60 inv=false[0m
00001.515 [B/COM53] =60 inv=false[0m
00001.515 [A/COM40] =60 inv=false[0m
00001.515 [B/COM53] =60 inv=false[0m
00001.515 [A/COM40] =60 inv=false[0m
00001.515 [B/COM53] =60 inv=false[0m
00001.515 [A/COM40] =60 inv=false[0m
00001.515 [B/COM53] =60 inv=false[0m
00001.515 [A/COM40] =60 inv=false[0m
00001.531 [B/COM53] =60 inv=false[0m
00001.531 [A/COM40] =60 inv=false[0m
00001.531 [B/COM53] =60 inv=false[0m
00001.531 [A/COM40] =60 inv=false[0m
00001.531 [B/COM53] =60 inv=false[0m
00001.531 [A/COM40] =60 inv=false[0m
00001.531 [B/COM53] =60 inv=false[0m
00001.531 [A/COM40] =60 inv=false[0m
00001.531 [B/COM53] =60 inv=false[0m
00001.531 [A/COM40] =60 inv=false[0m
00001.531 [B/COM53] =60 inv=false[0m
00001.531 [A/COM40] =60 inv=false[0m
00001.531 [B/COM53] =60 inv=false[0m
00001.531 [A/COM40] =60 inv=false[0m
00001.531 [B/COM53] =60 inv=false[0m
00001.531 [A/COM40] =60 inv=false[0m
00001.531 [B/COM53] =60 inv=false[0m
00001.531 [A/COM40] =60 inv=false[0m
00001.531 [B/COM53] =60 inv=false[0m
00001.531 [A/COM40] =60 inv=false[0m
00001.531 [B/COM53] =60 inv=false[0m
00001.531 [A/COM40] =60 inv=false[0m
00001.531 [B/COM53] =60 inv=false[0m
00001.531 [A/COM40] =60 inv=false[0m
00001.531 [B/COM53] =60 inv=false[0m
00001.531 [A/COM40] =60 inv=false[0m
00001.531 [B/COM53] =60 inv=false[0m
00001.531 [A/COM40] =60 inv=false[0m
00001.531 [B/COM53] =60 inv=false[0m
00001.531 [A/COM40] =60 inv=false[0m
00001.531 [B/COM53] =60 inv=false[0m
00001.531 [A/COM40] =60 inv=false[0m
00001.531 [B/COM53] =60 inv=false[0m
00001.531 [A/COM40] =60 inv=false[0m
00001.547 [B/COM53] =60 inv=false[0m
00001.547 [A/COM40] =60 inv=false[0m
00001.547 [B/COM53] =60 inv=false[0m
00001.547 [A/COM40] =60 inv=false[0m
00001.547 [B/COM53] =60 inv=false[0m
00001.547 [A/COM40] =60 inv=false[0m
00001.547 [B/COM53] =60 inv=false[0m
00001.547 [B/COM53] =60 inv=false[0m
00001.547 [A/COM40] =60 inv=false[0m
00001.547 [B/COM53] =60 inv=false[0m
00001.547 [A/COM40] =60 inv=false[0m
00001.547 [A/COM40] =60 inv=false[0m
00001.547 [B/COM53] =60 inv=false[0m
00001.547 [A/COM40] =60 inv=false[0m
00001.547 [B/COM53] =60 inv=false[0m
00001.547 [A/COM40] =60 inv=false[0m
00001.547 [B/COM53] =60 inv=false[0m
00001.547 [A/COM40] =60 inv=false[0m
00001.547 [B/COM53] =60 inv=false[0m
00001.547 [A/COM40] =60 inv=false[0m
00001.547 [B/COM53] =60 inv=false[0m
00001.547 [A/COM40] =60 inv=false[0m
00001.547 [B/COM53] =60 inv=false[0m
00001.547 [A/COM40] =60 inv=false[0m
00001.547 [B/COM53] =60 inv=false[0m
00001.547 [A/COM40] =60 inv=false[0m
00001.547 [B/COM53] =60 inv=false[0m
00001.547 [A/COM40] =60 inv=false[0m
00001.547 [B/COM53] =60 inv=false[0m
00001.547 [A/COM40] =60 inv=false[0m
00001.547 [B/COM53] =60 inv=false[0m
00001.547 [A/COM40] =60 inv=false[0m
00001.547 [B/COM53] =60 inv=false[0m
00001.547 [A/COM40] =60 inv=false[0m
00001.547 [B/COM53] =60 inv=false[0m
00001.547 [A/COM40] =60 inv=false[0m
00001.547 [B/COM53] =60 inv=false[0m
00001.562 [B/COM53] =60 inv=false[0m
00001.562 [A/COM40] =60 inv=false[0m
00001.562 [A/COM40] =60 inv=false[0m
00001.562 [B/COM53] =60 inv=false[0m
00001.562 [A/COM40] =60 inv=false[0m
00001.562 [B/COM53] =60 inv=false[0m
00001.562 [B/COM53] =60 inv=false[0m
00001.562 [A/COM40] =60 inv=false[0m
00001.562 [B/COM53] =60 inv=false[0m
00001.562 [A/COM40] =60 inv=false[0m
00001.562 [A/COM40] =60 inv=false[0m
00001.562 [B/COM53] =60 inv=false[0m
00001.562 [A/COM40] =60 inv=false[0m
00001.562 [B/COM53] =60 inv=false[0m
00001.562 [A/COM40] =60 inv=false[0m
00001.562 [B/COM53] =60 inv=false[0m
00001.562 [A/COM40] =60 inv=false[0m
00001.562 [B/COM53] =60 inv=false[0m
00001.562 [A/COM40] =60 inv=false[0m
00001.562 [B/COM53] =60 inv=false[0m
00001.562 [A/COM40] =60 inv=false[0m
00001.562 [B/COM53] =60 inv=false[0m
00001.562 [A/COM40] =60 inv=false[0m
00001.562 [B/COM53] =60 inv=false[0m
00001.562 [A/COM40] =60 inv=false[0m
00001.562 [B/COM53] =60 inv=false[0m
00001.562 [A/COM40] =60 inv=false[0m
00001.562 [B/COM53] =60 inv=false[0m
00001.562 [A/COM40] =60 inv=false[0m
00001.562 [B/COM53] =60 inv=false[0m
00001.562 [B/COM53] =60 inv=false[0m
00001.562 [A/COM40] =60 inv=false[0m
00001.562 [A/COM40] =60 inv=false[0m
00001.562 [B/COM53] =60 inv=false[0m
00001.578 [B/COM53] =60 inv=false[0m
00001.578 [A/COM40] =60 inv=false[0m
00001.578 [A/COM40] =60 inv=false[0m
00001.578 [B/COM53] =60 inv=false[0m
00001.578 [B/COM53] =60 inv=false[0m
00001.578 [A/COM40] =60 inv=false[0m
00001.578 [B/COM53] =60 inv=false[0m
00001.578 [A/COM40] =60 inv=false[0m
00001.578 [A/COM40] =60 inv=false[0m
00001.578 [B/COM53] =60 inv=false[0m
00001.578 [A/COM40] =60 inv=false[0m
00001.578 [B/COM53] =60 inv=false[0m
00001.578 [A/COM40] =60 inv=false[0m
00001.578 [B/COM53] =60 inv=false[0m
00001.578 [A/COM40] =60 inv=false[0m
00001.578 [B/COM53] =60 inv=false[0m
00001.578 [A/COM40] =60 inv=false[0m
00001.578 [B/COM53] =60 inv=false[0m
00001.578 [A/COM40] =60 inv=false[0m
00001.578 [B/COM53] =60 inv=false[0m
00001.578 [A/COM40] =60 inv=false[0m
00001.578 [B/COM53] =60 inv=false[0m
00001.578 [B/COM53] =60 inv=false[0m
00001.578 [A/COM40] =60 inv=false[0m
00001.578 [A/COM40] =60 inv=false[0m
00001.578 [B/COM53] =60 inv=false[0m
00001.578 [A/COM40] =60 inv=false[0m
00001.578 [B/COM53] =60 inv=false[0m
00001.578 [A/COM40] =60 inv=false[0m
00001.578 [B/COM53] =60 inv=false[0m
00001.578 [A/COM40] =60 inv=false[0m
00001.578 [B/COM53] =60 inv=false[0m
00001.593 [A/COM40] =60 inv=false[0m
00001.593 [B/COM53] =60 inv=false[0m
00001.593 [A/COM40] =60 inv=false[0m
00001.593 [A/COM40] =60 inv=false[0m
00001.593 [B/COM53] =60 inv=false[0m
00001.593 [A/COM40] =60 inv=false[0m
00001.593 [B/COM53] =60 inv=false[0m
00001.593 [A/COM40] =60 inv=false[0m
00001.593 [B/COM53] =60 inv=false[0m
00001.593 [A/COM40] =60 inv=false[0m
00001.593 [B/COM53] =60 inv=false[0m
00001.593 [A/COM40] =60 inv=false[0m
00001.593 [B/COM53] =60 inv=false[0m
00001.593 [A/COM40] =60 inv=false[0m
00001.593 [B/COM53] =60 inv=false[0m
00001.593 [A/COM40] =60 inv=false[0m
00001.593 [B/COM53] =60 inv=false[0m
00001.593 [A/COM40] =60 inv=false[0m
00001.593 [B/COM53] =60 inv=false[0m
00001.593 [A/COM40] =60 inv=false[0m
00001.593 [B/COM53] =60 inv=false[0m
00001.593 [A/COM40] =60 inv=false[0m
00001.593 [B/COM53] =60 inv=false[0m
00001.593 [A/COM40] =60 inv=false[0m
00001.593 [B/COM53] =60 inv=false[0m
00001.593 [A/COM40] =60 inv=false[0m
00001.593 [B/COM53] =60 inv=false[0m
00001.593 [A/COM40] =60 inv=false[0m
00001.593 [B/COM53] =60 inv=false[0m
00001.593 [A/COM40] =60 inv=false[0m
00001.593 [B/COM53] =60 inv=false[0m
00001.593 [A/COM40] =60 inv=false[0m
00001.593 [B/COM53] =60 inv=false[0m
00001.593 [A/COM40] =60 inv=false[0m
00001.593 [B/COM53] =60 inv=false[0m
00001.593 [A/COM40] =60 inv=false[0m
00001.609 [B/COM53] =60 inv=false[0m
00001.609 [A/COM40] =60 inv=false[0m
00001.609 [B/COM53] =60 inv=false[0m
00001.609 [A/COM40] =60 inv=false[0m
00001.609 [B/COM53] =60 inv=false[0m
00001.609 [A/COM40] =60 inv=false[0m
00001.609 [A/COM40] =60 inv=false[0m
00001.609 [B/COM53] =60 inv=false[0m
00001.609 [A/COM40] =60 inv=false[0m
00001.609 [B/COM53] =60 inv=false[0m
00001.609 [A/COM40] =60 inv=false[0m
00001.609 [B/COM53] =60 inv=false[0m
00001.609 [A/COM40] =60 inv=false[0m
00001.609 [B/COM53] =60 inv=false[0m
00001.609 [A/COM40] =60 inv=false[0m
00001.609 [B/COM53] =60 inv=false[0m
00001.609 [B/COM53] =60 inv=false[0m
00001.609 [A/COM40] =60 inv=false[0m
00001.609 [B/COM53] =60 inv=false[0m
00001.609 [A/COM40] =60 inv=false[0m
00001.609 [B/COM53] =60 inv=false[0m
00001.609 [A/COM40] =60 inv=false[0m
00001.609 [B/COM53] =60 inv=false[0m
00001.609 [A/COM40] =60 inv=false[0m
00001.609 [B/COM53] =60 inv=false[0m
00001.609 [A/COM40] =60 inv=false[0m
00001.609 [B/COM53] =60 inv=false[0m
00001.609 [A/COM40] =60 inv=false[0m
00001.609 [B/COM53] =60 inv=false[0m
00001.609 [A/COM40] =60 inv=false[0m
00001.609 [B/COM53] =60 inv=false[0m
00001.609 [A/COM40] =60 inv=false[0m
00001.609 [B/COM53] =60 inv=false[0m
00001.625 [A/COM40] =60 inv=false[0m
00001.625 [B/COM53] =60 inv=false[0m
00001.625 [A/COM40] =60 inv=false[0m
00001.625 [B/COM53] =60 inv=false[0m
00001.625 [A/COM40] =60 inv=false[0m
00001.625 [B/COM53] =60 inv=false[0m
00001.625 [A/COM40] =60 inv=false[0m
00001.625 [B/COM53] =60 inv=false[0m
00001.625 [A/COM40] =60 inv=false[0m
00001.625 [B/COM53] =60 inv=false[0m
00001.625 [A/COM40] =60 inv=false[0m
00001.625 [B/COM53] =60 inv=false[0m
00001.625 [A/COM40] =60 inv=false[0m
00001.625 [B/COM53] =60 inv=false[0m
00001.625 [A/COM40] =60 inv=false[0m
00001.625 [B/COM53] =60 inv=false[0m
00001.625 [A/COM40] =60 inv=false[0m
00001.625 [B/COM53] =60 inv=false[0m
00001.625 [A/COM40] =60 inv=false[0m
00001.625 [B/COM53] =60 inv=false[0m
00001.625 [A/COM40] =60 inv=false[0m
00001.625 [B/COM53] =60 inv=false[0m
00001.625 [A/COM40] =60 inv=false[0m
00001.625 [B/COM53] =60 inv=false[0m
00001.625 [A/COM40] =60 inv=false[0m
00001.625 [B/COM53] =60 inv=false[0m
00001.625 [A/COM40] =60 inv=false[0m
00001.625 [B/COM53] =60 inv=false[0m
00001.625 [A/COM40] =60 inv=false[0m
00001.625 [B/COM53] =60 inv=false[0m
00001.625 [A/COM40] =60 inv=false[0m
00001.625 [B/COM53] =60 inv=false[0m
00001.625 [A/COM40] =60 inv=false[0m
00001.625 [B/COM53] =60 inv=false[0m
00001.625 [A/COM40] =60 inv=false[0m
00001.640 [A/COM40] =60 inv=false[0m
00001.640 [B/COM53] =60 inv=false[0m
00001.640 [A/COM40] =60 inv=false[0m
00001.640 [B/COM53] =60 inv=false[0m
00001.640 [A/COM40] =60 inv=false[0m
00001.640 [B/COM53] =60 inv=false[0m
00001.640 [A/COM40] =60 inv=false[0m
00001.640 [B/COM53] =60 inv=false[0m
00001.640 [A/COM40] =60 inv=false[0m
00001.640 [B/COM53] =60 inv=false[0m
00001.640 [B/COM53] =60 inv=false[0m
00001.640 [A/COM40] =60 inv=false[0m
00001.640 [B/COM53] =60 inv=false[0m
00001.640 [A/COM40] =60 inv=false[0m
00001.640 [B/COM53] =60 inv=false[0m
00001.640 [A/COM40] =60 inv=false[0m
00001.640 [A/COM40] =60 inv=false[0m
00001.640 [B/COM53] =60 inv=false[0m
00001.640 [A/COM40] =60 inv=false[0m
00001.640 [B/COM53] =60 inv=false[0m
00001.640 [A/COM40] =60 inv=false[0m
00001.640 [B/COM53] =60 inv=false[0m
00001.640 [A/COM40] =60 inv=false[0m
00001.640 [B/COM53] =60 inv=false[0m
00001.640 [A/COM40] =60 inv=false[0m
00001.640 [B/COM53] =60 inv=false[0m
00001.640 [A/COM40] =60 inv=false[0m
00001.640 [B/COM53] =60 inv=false[0m
00001.640 [A/COM40] =60 inv=false[0m
00001.640 [B/COM53] =60 inv=false[0m
00001.640 [A/COM40] =60 inv=false[0m
00001.640 [B/COM53] =60 inv=false[0m
00001.640 [A/COM40] =60 inv=false[0m
00001.640 [B/COM53] =60 inv=false[0m
00001.640 [A/COM40] =60 inv=false[0m
00001.640 [B/COM53] =60 inv=false[0m
00001.640 [A/COM40] =60 inv=false[0m
00001.656 [B/COM53] =60 inv=false[0m
00001.656 [A/COM40] =60 inv=false[0m
00001.656 [B/COM53] =60 inv=false[0m
00001.656 [A/COM40] =60 inv=false[0m
00001.656 [B/COM53] =60 inv=false[0m
00001.656 [A/COM40] =60 inv=false[0m
00001.656 [B/COM53] =60 inv=false[0m
00001.656 [A/COM40] =60 inv=false[0m
00001.656 [A/COM40] =60 inv=false[0m
00001.656 [B/COM53] =60 inv=false[0m
00001.656 [A/COM40] =60 inv=false[0m
00001.656 [B/COM53] =60 inv=false[0m
00001.656 [A/COM40] =60 inv=false[0m
00001.656 [B/COM53] =60 inv=false[0m
00001.656 [A/COM40] =60 inv=false[0m
00001.656 [B/COM53] =60 inv=false[0m
00001.656 [B/COM53] =60 inv=false[0m
00001.656 [A/COM40] =60 inv=false[0m
00001.656 [B/COM53] =60 inv=false[0m
00001.656 [A/COM40] =60 inv=false[0m
00001.656 [B/COM53] =60 inv=false[0m
00001.656 [A/COM40] =60 inv=false[0m
00001.656 [A/COM40] =60 inv=false[0m
00001.656 [B/COM53] =60 inv=false[0m
00001.656 [A/COM40] =60 inv=false[0m
00001.656 [B/COM53] =60 inv=false[0m
00001.656 [A/COM40] =60 inv=false[0m
00001.656 [B/COM53] =60 inv=false[0m
00001.656 [A/COM40] =60 inv=false[0m
00001.656 [B/COM53] =60 inv=false[0m
00001.656 [A/COM40] =60 inv=false[0m
00001.656 [B/COM53] =60 inv=false[0m
00001.656 [A/COM40] =60 inv=false[0m
00001.656 [B/COM53] =60 inv=false[0m
00001.656 [A/COM40] =60 inv=false[0m
00001.656 [B/COM53] =60 inv=false[0m
00001.656 [A/COM40] =60 inv=false[0m
00001.656 [B/COM53] =60 inv=false[0m
00001.656 [A/COM40] =60 inv=false[0m
00001.672 [B/COM53] =60 inv=false[0m
00001.672 [A/COM40] =60 inv=false[0m
00001.672 [B/COM53] =60 inv=false[0m
00001.672 [A/COM40] =60 inv=false[0m
00001.672 [B/COM53] =60 inv=false[0m
00001.672 [A/COM40] =60 inv=false[0m
00001.672 [B/COM53] =60 inv=false[0m
00001.672 [A/COM40] =60 inv=false[0m
00001.672 [B/COM53] =60 inv=false[0m
00001.672 [A/COM40] =60 inv=false[0m
00001.672 [B/COM53] =60 inv=false[0m
00001.672 [A/COM40] =60 inv=false[0m
00001.672 [B/COM53] =60 inv=false[0m
00001.672 [A/COM40] =60 inv=false[0m
00001.672 [B/COM53] =60 inv=false[0m
00001.672 [A/COM40] =60 inv=false[0m
00001.672 [B/COM53] =60 inv=false[0m
00001.672 [A/COM40] =60 inv=false[0m
00001.672 [B/COM53] =60 inv=false[0m
00001.672 [A/COM40] =60 inv=false[0m
00001.672 [B/COM53] =60 inv=false[0m
00001.672 [A/COM40] =60 inv=false[0m
00001.672 [B/COM53] =60 inv=false[0m
00001.672 [A/COM40] =60 inv=false[0m
00001.672 [B/COM53] =60 inv=false[0m
00001.672 [A/COM40] =60 inv=false[0m
00001.672 [B/COM53] =60 inv=false[0m
00001.672 [B/COM53] =60 inv=false[0m
00001.672 [A/COM40] =60 inv=false[0m
00001.672 [B/COM53] =60 inv=false[0m
00001.672 [A/COM40] =60 inv=false[0m
00001.672 [B/COM53] =60 inv=false[0m
00001.672 [A/COM40] =60 inv=false[0m
00001.687 [B/COM53] =60 inv=false[0m
00001.687 [A/COM40] =60 inv=false[0m
00001.687 [A/COM40] =60 inv=false[0m
00001.687 [B/COM53] =60 inv=false[0m
00001.687 [A/COM40] =60 inv=false[0m
00001.687 [B/COM53] =60 inv=false[0m
00001.687 [A/COM40] =60 inv=false[0m
00001.687 [B/COM53] =60 inv=false[0m
00001.687 [A/COM40] =60 inv=false[0m
00001.687 [B/COM53] =60 inv=false[0m
00001.687 [A/COM40] =60 inv=false[0m
00001.687 [B/COM53] =60 inv=false[0m
00001.687 [A/COM40] =60 inv=false[0m
00001.687 [B/COM53] =60 inv=false[0m
00001.687 [A/COM40] =60 inv=false[0m
00001.687 [B/COM53] =60 inv=false[0m
00001.687 [A/COM40] =60 inv=false[0m
00001.687 [B/COM53] =60 inv=false[0m
00001.687 [A/COM40] =60 inv=false[0m
00001.687 [B/COM53] =60 inv=false[0m
00001.687 [A/COM40] =60 inv=false[0m
00001.687 [B/COM53] =60 inv=false[0m
00001.687 [A/COM40] =60 inv=false[0m
00001.687 [B/COM53] =60 inv=false[0m
00001.687 [A/COM40] =60 inv=false[0m
00001.687 [B/COM53] =60 inv=false[0m
00001.687 [A/COM40] =60 inv=false[0m
00001.687 [B/COM53] =60 inv=false[0m
00001.687 [A/COM40] =60 inv=false[0m
00001.687 [B/COM53] =60 inv=false[0m
00001.687 [A/COM40] =60 inv=false[0m
00001.687 [B/COM53] =60 inv=false[0m
00001.687 [A/COM40] =60 inv=false[0m
00001.687 [B/COM53] =60 inv=false[0m
00001.687 [A/COM40] =60 inv=false[0m
00001.687 [B/COM53] =60 inv=false[0m
00001.703 [A/COM40] =60 inv=false[0m
00001.703 [B/COM53] =60 inv=false[0m
00001.703 [A/COM40] =60 inv=false[0m
00001.703 [B/COM53] =60 inv=false[0m
00001.703 [A/COM40] =60 inv=false[0m
00001.703 [A/COM40] =60 inv=false[0m
00001.703 [B/COM53] =60 inv=false[0m
00001.703 [A/COM40] =60 inv=false[0m
00001.703 [B/COM53] =60 inv=false[0m
00001.703 [B/COM53] =60 inv=false[0m
00001.703 [A/COM40] =60 inv=false[0m
00001.703 [A/COM40] =60 inv=false[0m
00001.703 [B/COM53] =60 inv=false[0m
00001.703 [A/COM40] =60 inv=false[0m
00001.703 [B/COM53] =60 inv=false[0m
00001.703 [A/COM40] =60 inv=false[0m
00001.703 [B/COM53] =60 inv=false[0m
00001.703 [A/COM40] =60 inv=false[0m
00001.703 [B/COM53] =60 inv=false[0m
00001.703 [A/COM40] =60 inv=false[0m
00001.703 [B/COM53] =60 inv=false[0m
00001.703 [A/COM40] =60 inv=false[0m
00001.703 [B/COM53] =60 inv=false[0m
00001.703 [A/COM40] =60 inv=false[0m
00001.703 [B/COM53] =60 inv=false[0m
00001.703 [A/COM40] =60 inv=false[0m
00001.703 [B/COM53] =60 inv=false[0m
00001.703 [A/COM40] =60 inv=false[0m
00001.703 [B/COM53] =60 inv=false[0m
00001.703 [B/COM53] =60 inv=false[0m
00001.703 [A/COM40] =60 inv=false[0m
00001.703 [A/COM40] =60 inv=false[0m
00001.703 [B/COM53] =60 inv=false[0m
00001.718 [A/COM40] =60 inv=false[0m
00001.718 [B/COM53] =60 inv=false[0m
00001.718 [A/COM40] =60 inv=false[0m
00001.718 [B/COM53] =60 inv=false[0m
00001.718 [A/COM40] =60 inv=false[0m
00001.718 [B/COM53] =60 inv=false[0m
00001.718 [B/COM53] =60 inv=false[0m
00001.718 [A/COM40] =60 inv=false[0m
00001.718 [B/COM53] =60 inv=false[0m
00001.718 [A/COM40] =60 inv=false[0m
00001.718 [B/COM53] =60 inv=false[0m
00001.718 [A/COM40] =60 inv=false[0m
00001.718 [B/COM53] =60 inv=false[0m
00001.718 [A/COM40] =60 inv=false[0m
00001.718 [B/COM53] =60 inv=false[0m
00001.718 [A/COM40] =60 inv=false[0m
00001.718 [B/COM53] =60 inv=false[0m
00001.718 [A/COM40] =60 inv=false[0m
00001.718 [B/COM53] =60 inv=false[0m
00001.718 [A/COM40] =60 inv=false[0m
00001.718 [B/COM53] =60 inv=false[0m
00001.718 [A/COM40] =60 inv=false[0m
00001.718 [B/COM53] =60 inv=false[0m
00001.718 [A/COM40] =60 inv=false[0m
00001.718 [B/COM53] =60 inv=false[0m
00001.718 [A/COM40] =60 inv=false[0m
00001.718 [B/COM53] =60 inv=false[0m
00001.718 [A/COM40] =60 inv=false[0m
00001.718 [B/COM53] =60 inv=false[0m
00001.718 [A/COM40] =60 inv=false[0m
00001.718 [B/COM53] =60 inv=false[0m
00001.718 [A/COM40] =60 inv=false[0m
00001.718 [B/COM53] =60 inv=false[0m
00001.718 [A/COM40] =60 inv=false[0m
00001.718 [B/COM53] =60 inv=false[0m
00001.734 [A/COM40] =60 inv=false[0m
00001.734 [B/COM53] =60 inv=false[0m
00001.734 [A/COM40] =60 inv=false[0m
00001.734 [B/COM53] =60 inv=false[0m
00001.734 [A/COM40] =60 inv=false[0m
00001.734 [B/COM53] =60 inv=false[0m
00001.734 [A/COM40] =60 inv=false[0m
00001.734 [B/COM53] =60 inv=false[0m
00001.734 [A/COM40] =60 inv=false[0m
00001.734 [B/COM53] =60 inv=false[0m
00001.734 [A/COM40] =60 inv=false[0m
00001.734 [B/COM53] =60 inv=false[0m
00001.734 [A/COM40] =60 inv=false[0m
00001.734 [B/COM53] =60 inv=false[0m
00001.734 [A/COM40] =60 inv=false[0m
00001.734 [B/COM53] =60 inv=false[0m
00001.734 [A/COM40] =60 inv=false[0m
00001.734 [B/COM53] =60 inv=false[0m
00001.734 [A/COM40] =60 inv=false[0m
00001.734 [B/COM53] =60 inv=false[0m
00001.734 [A/COM40] =60 inv=false[0m
00001.734 [B/COM53] =60 inv=false[0m
00001.734 [A/COM40] =60 inv=false[0m
00001.734 [B/COM53] =60 inv=false[0m
00001.734 [A/COM40] =60 inv=false[0m
00001.734 [B/COM53] =60 inv=false[0m
00001.734 [A/COM40] =60 inv=false[0m
00001.734 [B/COM53] =60 inv=false[0m
00001.734 [A/COM40] =60 inv=false[0m
00001.734 [A/COM40] =60 inv=false[0m
00001.734 [B/COM53] =60 inv=false[0m
00001.734 [A/COM40] =60 inv=false[0m
00001.734 [B/COM53] =60 inv=false[0m
00001.734 [A/COM40] =60 inv=false[0m
00001.734 [B/COM53] =60 inv=false[0m
00001.750 [B/COM53] =60 inv=false[0m
00001.750 [A/COM40] =60 inv=false[0m
00001.750 [A/COM40] =60 inv=false[0m
00001.750 [B/COM53] =60 inv=false[0m
00001.750 [A/COM40] =60 inv=false[0m
00001.750 [B/COM53] =60 inv=false[0m
00001.750 [A/COM40] =60 inv=false[0m
00001.750 [B/COM53] =60 inv=false[0m
00001.750 [A/COM40] =60 inv=false[0m
00001.750 [B/COM53] =60 inv=false[0m
00001.750 [A/COM40] =60 inv=false[0m
00001.750 [B/COM53] =60 inv=false[0m
00001.750 [A/COM40] =60 inv=false[0m
00001.750 [B/COM53] =60 inv=false[0m
00001.750 [A/COM40] =60 inv=false[0m
00001.750 [B/COM53] =60 inv=false[0m
00001.750 [A/COM40] =60 inv=false[0m
00001.750 [B/COM53] =60 inv=false[0m
00001.750 [A/COM40] =60 inv=false[0m
00001.750 [B/COM53] =60 inv=false[0m
00001.750 [A/COM40] =60 inv=false[0m
00001.750 [B/COM53] =60 inv=false[0m
00001.750 [A/COM40] =60 inv=false[0m
00001.750 [B/COM53] =60 inv=false[0m
00001.750 [A/COM40] =60 inv=false[0m
00001.750 [B/COM53] =60 inv=false[0m
00001.750 [A/COM40] =60 inv=false[0m
00001.750 [B/COM53] =60 inv=false[0m
00001.750 [A/COM40] =60 inv=false[0m
00001.750 [B/COM53] =60 inv=false[0m
00001.750 [A/COM40] =60 inv=false[0m
00001.750 [B/COM53] =60 inv=false[0m
00001.765 [A/COM40] =60 inv=false[0m
00001.765 [B/COM53] =60 inv=false[0m
00001.765 [A/COM40] =60 inv=false[0m
00001.765 [B/COM53] =60 inv=false[0m
00001.765 [A/COM40] =60 inv=false[0m
00001.765 [B/COM53] =60 inv=false[0m
00001.765 [A/COM40] =60 inv=false[0m
00001.765 [B/COM53] =60 inv=false[0m
00001.765 [A/COM40] =60 inv=false[0m
00001.765 [B/COM53] =60 inv=false[0m
00001.765 [A/COM40] =60 inv=false[0m
00001.765 [B/COM53] =60 inv=false[0m
00001.765 [A/COM40] =60 inv=false[0m
00001.765 [B/COM53] =60 inv=false[0m
00001.765 [A/COM40] =60 inv=false[0m
00001.765 [A/COM40] =60 inv=false[0m
00001.765 [B/COM53] =60 inv=false[0m
00001.765 [B/COM53] =60 inv=false[0m
00001.765 [A/COM40] =60 inv=false[0m
00001.765 [B/COM53] =60 inv=false[0m
00001.765 [B/COM53] =60 inv=false[0m
00001.765 [A/COM40] =60 inv=false[0m
00001.765 [B/COM53] =60 inv=false[0m
00001.765 [A/COM40] =60 inv=false[0m
00001.765 [B/COM53] =60 inv=false[0m
00001.765 [A/COM40] =60 inv=false[0m
00001.765 [B/COM53] =60 inv=false[0m
00001.765 [A/COM40] =60 inv=false[0m
00001.765 [B/COM53] =60 inv=false[0m
00001.765 [A/COM40] =60 inv=false[0m
00001.765 [B/COM53] =60 inv=false[0m
00001.765 [A/COM40] =60 inv=false[0m
00001.765 [B/COM53] =60 inv=false[0m
00001.765 [A/COM40] =60 inv=false[0m
00001.765 [B/COM53] =60 inv=false[0m
00001.765 [A/COM40] =60 inv=false[0m
00001.765 [B/COM53] =60 inv=false[0m
00001.765 [A/COM40] =60 inv=false[0m
00001.781 [B/COM53] =60 inv=false[0m
00001.781 [A/COM40] =60 inv=false[0m
00001.781 [B/COM53] =60 inv=false[0m
00001.781 [A/COM40] =60 inv=false[0m
00001.781 [B/COM53] =60 inv=false[0m
00001.781 [A/COM40] =60 inv=false[0m
00001.781 [B/COM53] =60 inv=false[0m
00001.781 [A/COM40] =60 inv=false[0m
00001.781 [B/COM53] =60 inv=false[0m
00001.781 [A/COM40] =60 inv=false[0m
00001.781 [B/COM53] =60 inv=false[0m
00001.781 [A/COM40] =60 inv=false[0m
00001.781 [B/COM53] =60 inv=false[0m
00001.781 [A/COM40] =60 inv=false[0m
00001.781 [B/COM53] =60 inv=false[0m
00001.781 [A/COM40] =60 inv=false[0m
00001.781 [B/COM53] =60 inv=false[0m
00001.781 [A/COM40] =60 inv=false[0m
00001.781 [B/COM53] =60 inv=false[0m
00001.781 [A/COM40] =60 inv=false[0m
00001.781 [B/COM53] =60 inv=false[0m
00001.781 [A/COM40] =60 inv=false[0m
00001.781 [B/COM53] =60 inv=false[0m
00001.781 [A/COM40] =60 inv=false[0m
00001.781 [A/COM40] =60 inv=false[0m
00001.781 [B/COM53] =60 inv=false[0m
00001.781 [A/COM40] =60 inv=false[0m
00001.781 [B/COM53] =60 inv=false[0m
00001.781 [A/COM40] =60 inv=false[0m
00001.781 [B/COM53] =60 inv=false[0m
00001.781 [A/COM40] =60 inv=false[0m
00001.781 [B/COM53] =60 inv=false[0m
00001.781 [A/COM40] =60 inv=false[0m
00001.781 [B/COM53] =60 inv=false[0m
00001.797 [A/COM40] =60 inv=false[0m
00001.797 [B/COM53] =60 inv=false[0m
00001.797 [A/COM40] =60 inv=false[0m
00001.797 [B/COM53] =60 inv=false[0m
00001.797 [A/COM40] =60 inv=false[0m
00001.797 [A/COM40] =60 inv=false[0m
00001.797 [B/COM53] =60 inv=false[0m
00001.797 [A/COM40] =60 inv=false[0m
00001.797 [B/COM53] =60 inv=false[0m
00001.797 [A/COM40] =60 inv=false[0m
00001.797 [B/COM53] =60 inv=false[0m
00001.797 [A/COM40] =60 inv=false[0m
00001.797 [B/COM53] =60 inv=false[0m
00001.797 [A/COM40] =60 inv=false[0m
00001.797 [A/COM40] =60 inv=false[0m
00001.797 [B/COM53] =60 inv=false[0m
00001.797 [B/COM53] =60 inv=false[0m
00001.797 [A/COM40] =60 inv=false[0m
00001.797 [B/COM53] =60 inv=false[0m
00001.797 [A/COM40] =60 inv=false[0m
00001.797 [B/COM53] =60 inv=false[0m
00001.797 [A/COM40] =60 inv=false[0m
00001.797 [B/COM53] =60 inv=false[0m
00001.797 [A/COM40] =60 inv=false[0m
00001.797 [B/COM53] =60 inv=false[0m
00001.797 [A/COM40] =60 inv=false[0m
00001.797 [B/COM53] =60 inv=false[0m
00001.797 [A/COM40] =60 inv=false[0m
00001.797 [A/COM40] =60 inv=false[0m
00001.797 [B/COM53] =60 inv=false[0m
00001.797 [A/COM40] =60 inv=false[0m
00001.797 [B/COM53] =60 inv=false[0m
00001.797 [A/COM40] =60 inv=false[0m
00001.797 [B/COM53] =60 inv=false[0m
00001.797 [A/COM40] =60 inv=false[0m
00001.797 [B/COM53] =60 inv=false[0m
00001.797 [A/COM40] =60 inv=false[0m
00001.797 [B/COM53] =60 inv=false[0m
00001.812 [A/COM40] =60 inv=false[0m
00001.812 [B/COM53] =60 inv=false[0m
00001.812 [A/COM40] =60 inv=false[0m
00001.812 [B/COM53] =60 inv=false[0m
00001.812 [A/COM40] =60 inv=false[0m
00001.812 [B/COM53] =60 inv=false[0m
00001.812 [A/COM40] =60 inv=false[0m
00001.812 [B/COM53] =60 inv=false[0m
00001.812 [A/COM40] =60 inv=false[0m
00001.812 [B/COM53] =60 inv=false[0m
00001.812 [A/COM40] =60 inv=false[0m
00001.812 [B/COM53] =60 inv=false[0m
00001.812 [A/COM40] =60 inv=false[0m
00001.812 [B/COM53] =60 inv=false[0m
00001.812 [A/COM40] =60 inv=false[0m
00001.812 [B/COM53] =60 inv=false[0m
00001.812 [A/COM40] =60 inv=false[0m
00001.812 [B/COM53] =60 inv=false[0m
00001.812 [A/COM40] =60 inv=false[0m
00001.812 [B/COM53] =60 inv=false[0m
00001.812 [A/COM40] =60 inv=false[0m
00001.812 [B/COM53] =60 inv=false[0m
00001.812 [A/COM40] =60 inv=false[0m
00001.812 [B/COM53] =60 inv=false[0m
00001.812 [A/COM40] =60 inv=false[0m
00001.812 [B/COM53] =60 inv=false[0m
00001.812 [A/COM40] =60 inv=false[0m
00001.812 [B/COM53] =60 inv=false[0m
00001.812 [A/COM40] =60 inv=false[0m
00001.812 [B/COM53] =60 inv=false[0m
00001.812 [A/COM40] =60 inv=false[0m
00001.812 [B/COM53] =60 inv=false[0m
00001.812 [A/COM40] =60 inv=false[0m
00001.812 [B/COM53] =60 inv=false[0m
00001.828 [A/COM40] =60 inv=false[0m
00001.828 [B/COM53] =60 inv=false[0m
00001.828 [A/COM40] =60 inv=false[0m
00001.828 [B/COM53] =60 inv=false[0m
00001.828 [A/COM40] =60 inv=false[0m
00001.828 [B/COM53] =60 inv=false[0m
00001.828 [A/COM40] =60 inv=false[0m
00001.828 [B/COM53] =60 inv=false[0m
00001.828 [A/COM40] =60 inv=false[0m
00001.828 [B/COM53] =60 inv=false[0m
00001.828 [A/COM40] =60 inv=false[0m
00001.828 [B/COM53] =60 inv=false[0m
00001.828 [A/COM40] =60 inv=false[0m
00001.828 [B/COM53] =60 inv=false[0m
00001.828 [A/COM40] =60 inv=false[0m
00001.828 [B/COM53] =60 inv=false[0m
00001.828 [A/COM40] =60 inv=false[0m
00001.828 [B/COM53] =60 inv=false[0m
00001.828 [A/COM40] =60 inv=false[0m
00001.828 [B/COM53] =60 inv=false[0m
00001.828 [A/COM40] =60 inv=false[0m
00001.828 [B/COM53] =60 inv=false[0m
00001.828 [A/COM40] =60 inv=false[0m
00001.828 [B/COM53] =60 inv=false[0m
00001.828 [A/COM40] =60 inv=false[0m
00001.828 [B/COM53] =60 inv=false[0m
00001.828 [A/COM40] =60 inv=false[0m
00001.828 [B/COM53] =60 inv=false[0m
00001.828 [A/COM40] =60 inv=false[0m
00001.828 [B/COM53] =60 inv=false[0m
00001.828 [A/COM40] =60 inv=false[0m
00001.828 [B/COM53] =60 inv=false[0m
00001.828 [A/COM40] =60 inv=false[0m
00001.828 [B/COM53] =60 inv=false[0m
00001.828 [A/COM40] =60 inv=false[0m
00001.828 [B/COM53] =60 inv=false[0m
00001.843 [A/COM40] =60 inv=false[0m
00001.843 [B/COM53] =60 inv=false[0m
00001.843 [A/COM40] =60 inv=false[0m
00001.843 [B/COM53] =60 inv=false[0m
00001.843 [A/COM40] =60 inv=false[0m
00001.843 [B/COM53] =60 inv=false[0m
00001.843 [A/COM40] =60 inv=false[0m
00001.843 [B/COM53] =60 inv=false[0m
00001.843 [A/COM40] =60 inv=false[0m
00001.843 [B/COM53] =60 inv=false[0m
00001.843 [A/COM40] =60 inv=false[0m
00001.843 [B/COM53] =60 inv=false[0m
00001.843 [A/COM40] =60 inv=false[0m
00001.843 [B/COM53] =60 inv=false[0m
00001.843 [A/COM40] =60 inv=false[0m
00001.843 [B/COM53] =60 inv=false[0m
00001.843 [A/COM40] =60 inv=false[0m
00001.843 [B/COM53] =60 inv=false[0m
00001.843 [A/COM40] =60 inv=false[0m
00001.843 [B/COM53] =60 inv=false[0m
00001.843 [A/COM40] =60 inv=false[0m
00001.843 [B/COM53] =60 inv=false[0m
00001.843 [A/COM40] =60 inv=false[0m
00001.843 [B/COM53] =60 inv=false[0m
00001.843 [A/COM40] =60 inv=false[0m
00001.843 [B/COM53] =60 inv=false[0m
00001.843 [A/COM40] =60 inv=false[0m
00001.843 [A/COM40] =60 inv=false[0m
00001.843 [B/COM53] =60 inv=false[0m
00001.843 [A/COM40] =60 inv=false[0m
00001.843 [B/COM53] =60 inv=false[0m
00001.843 [A/COM40] =60 inv=false[0m
00001.843 [B/COM53] =60 inv=false[0m
00001.843 [A/COM40] =60 inv=false[0m
00001.843 [B/COM53] =60 inv=false[0m
00001.859 [A/COM40] =60 inv=false[0m
00001.859 [B/COM53] =60 inv=false[0m
00001.859 [A/COM40] =60 inv=false[0m
00001.859 [B/COM53] =60 inv=false[0m
00001.859 [A/COM40] =60 inv=false[0m
00001.859 [B/COM53] =60 inv=false[0m
00001.859 [A/COM40] =60 inv=false[0m
00001.859 [B/COM53] =60 inv=false[0m
00001.859 [A/COM40] =60 inv=false[0m
00001.859 [B/COM53] =60 inv=false[0m
00001.859 [A/COM40] =60 inv=false[0m
00001.859 [B/COM53] =60 inv=false[0m
00001.859 [A/COM40] =60 inv=false[0m
00001.859 [B/COM53] =60 inv=false[0m
00001.859 [A/COM40] =60 inv=false[0m
00001.859 [B/COM53] =60 inv=false[0m
00001.859 [A/COM40] =60 inv=false[0m
00001.859 [B/COM53] =60 inv=false[0m
00001.859 [A/COM40] =60 inv=false[0m
00001.859 [B/COM53] =60 inv=false[0m
00001.859 [A/COM40] =60 inv=false[0m
00001.859 [B/COM53] =60 inv=false[0m
00001.859 [A/COM40] =60 inv=false[0m
00001.859 [B/COM53] =60 inv=false[0m
00001.859 [A/COM40] =60 inv=false[0m
00001.859 [B/COM53] =60 inv=false[0m
00001.859 [A/COM40] =60 inv=false[0m
00001.859 [B/COM53] =60 inv=false[0m
00001.859 [A/COM40] =60 inv=false[0m
00001.859 [B/COM53] =60 inv=false[0m
00001.859 [A/COM40] =60 inv=false[0m
00001.859 [B/COM53] =60 inv=false[0m
00001.859 [A/COM40] =60 inv=false[0m
00001.875 [B/COM53] =60 inv=false[0m
00001.875 [A/COM40] =60 inv=false[0m
00001.875 [B/COM53] =60 inv=false[0m
00001.875 [A/COM40] =60 inv=false[0m
00001.875 [B/COM53] =60 inv=false[0m
00001.875 [A/COM40] =60 inv=false[0m
00001.875 [B/COM53] =60 inv=false[0m
00001.875 [A/COM40] =60 inv=false[0m
00001.875 [B/COM53] =60 inv=false[0m
00001.875 [A/COM40] =60 inv=false[0m
00001.875 [A/COM40] =60 inv=false[0m
00001.875 [B/COM53] =60 inv=false[0m
00001.875 [B/COM53] =60 inv=false[0m
00001.875 [A/COM40] =60 inv=false[0m
00001.875 [B/COM53] =60 inv=false[0m
00001.875 [A/COM40] =60 inv=false[0m
00001.875 [B/COM53] =60 inv=false[0m
00001.875 [A/COM40] =60 inv=false[0m
00001.875 [B/COM53] =60 inv=false[0m
00001.875 [A/COM40] =60 inv=false[0m
00001.875 [B/COM53] =60 inv=false[0m
00001.875 [A/COM40] =60 inv=false[0m
00001.875 [B/COM53] =60 inv=false[0m
00001.875 [A/COM40] =60 inv=false[0m
00001.875 [B/COM53] =60 inv=false[0m
00001.875 [A/COM40] =60 inv=false[0m
00001.875 [B/COM53] =60 inv=false[0m
00001.875 [A/COM40] =60 inv=false[0m
00001.875 [B/COM53] =60 inv=false[0m
00001.875 [A/COM40] =60 inv=false[0m
00001.875 [B/COM53] =60 inv=false[0m
00001.875 [A/COM40] =60 inv=false[0m
00001.875 [B/COM53] =60 inv=false[0m
00001.875 [A/COM40] =60 inv=false[0m
00001.875 [B/COM53] =60 inv=false[0m
00001.875 [A/COM40] =60 inv=false[0m
00001.890 [B/COM53] =60 inv=false[0m
00001.890 [A/COM40] =60 inv=false[0m
00001.890 [B/COM53] =60 inv=false[0m
00001.890 [A/COM40] =60 inv=false[0m
00001.890 [B/COM53] =60 inv=false[0m
00001.890 [A/COM40] =60 inv=false[0m
00001.890 [B/COM53] =60 inv=false[0m
00001.890 [A/COM40] =60 inv=false[0m
00001.890 [B/COM53] =60 inv=false[0m
00001.890 [A/COM40] =60 inv=false[0m
00001.890 [A/COM40] =60 inv=false[0m
00001.890 [B/COM53] =60 inv=false[0m
00001.890 [A/COM40] =60 inv=false[0m
00001.890 [B/COM53] =60 inv=false[0m
00001.890 [A/COM40] =60 inv=false[0m
00001.890 [B/COM53] =60 inv=false[0m
00001.890 [A/COM40] =60 inv=false[0m
00001.890 [B/COM53] =60 inv=false[0m
00001.890 [A/COM40] =60 inv=false[0m
00001.890 [B/COM53] =60 inv=false[0m
00001.890 [B/COM53] =60 inv=false[0m
00001.890 [A/COM40] =60 inv=false[0m
00001.890 [A/COM40] =60 inv=false[0m
00001.890 [B/COM53] =60 inv=false[0m
00001.890 [A/COM40] =60 inv=false[0m
00001.890 [B/COM53] =60 inv=false[0m
00001.890 [A/COM40] =60 inv=false[0m
00001.890 [B/COM53] =60 inv=false[0m
00001.890 [A/COM40] =60 inv=false[0m
00001.890 [B/COM53] =60 inv=false[0m
00001.890 [A/COM40] =60 inv=false[0m
00001.890 [B/COM53] =60 inv=false[0m
00001.906 [A/COM40] =60 inv=false[0m
00001.906 [B/COM53] =60 inv=false[0m
00001.906 [A/COM40] =60 inv=false[0m
00001.906 [B/COM53] =60 inv=false[0m
00001.906 [A/COM40] =60 inv=false[0m
00001.906 [B/COM53] =60 inv=false[0m
00001.906 [A/COM40] =60 inv=false[0m
00001.906 [B/COM53] =60 inv=false[0m
00001.906 [A/COM40] =60 inv=false[0m
00001.906 [B/COM53] =60 inv=false[0m
00001.906 [A/COM40] =60 inv=false[0m
00001.906 [A/COM40] =60 inv=false[0m
00001.906 [B/COM53] =60 inv=false[0m
00001.906 [A/COM40] =60 inv=false[0m
00001.906 [B/COM53] =60 inv=false[0m
00001.906 [A/COM40] =60 inv=false[0m
00001.906 [B/COM53] =60 inv=false[0m
00001.906 [A/COM40] =60 inv=false[0m
00001.906 [B/COM53] =60 inv=false[0m
00001.906 [A/COM40] =60 inv=false[0m
00001.906 [B/COM53] =60 inv=false[0m
00001.906 [A/COM40] =60 inv=false[0m
00001.906 [B/COM53] =60 inv=false[0m
00001.906 [A/COM40] =60 inv=false[0m
00001.906 [B/COM53] =60 inv=false[0m
00001.906 [A/COM40] =60 inv=false[0m
00001.906 [B/COM53] =60 inv=false[0m
00001.906 [A/COM40] =60 inv=false[0m
00001.906 [B/COM53] =60 inv=false[0m
00001.906 [A/COM40] =60 inv=false[0m
00001.906 [B/COM53] =60 inv=false[0m
00001.906 [A/COM40] =60 inv=false[0m
00001.906 [B/COM53] =60 inv=false[0m
00001.906 [A/COM40] =60 inv=false[0m
00001.906 [B/COM53] =60 inv=false[0m
00001.906 [A/COM40] =60 inv=false[0m
00001.906 [B/COM53] =60 inv=false[0m
00001.906 [A/COM40] =60 inv=false[0m
00001.906 [B/COM53] =60 inv=false[0m
00001.922 [A/COM40] =60 inv=false[0m
00001.922 [B/COM53] =60 inv=false[0m
00001.922 [A/COM40] =60 inv=false[0m
00001.922 [B/COM53] =60 inv=false[0m
00001.922 [A/COM40] =60 inv=false[0m
00001.922 [B/COM53] =60 inv=false[0m
00001.922 [A/COM40] =60 inv=false[0m
00001.922 [B/COM53] =60 inv=false[0m
00001.922 [A/COM40] =60 inv=false[0m
00001.922 [B/COM53] =60 inv=false[0m
00001.922 [A/COM40] =60 inv=false[0m
00001.922 [B/COM53] =60 inv=false[0m
00001.922 [A/COM40] =60 inv=false[0m
00001.922 [B/COM53] =60 inv=false[0m
00001.922 [A/COM40] =60 inv=false[0m
00001.922 [B/COM53] =60 inv=false[0m
00001.922 [A/COM40] =60 inv=false[0m
00001.922 [B/COM53] =60 inv=false[0m
00001.922 [A/COM40] =60 inv=false[0m
00001.922 [B/COM53] =60 inv=false[0m
00001.922 [B/COM53] =60 inv=false[0m
00001.922 [A/COM40] =60 inv=false[0m
00001.922 [B/COM53] =60 inv=false[0m
00001.922 [A/COM40] =60 inv=false[0m
00001.922 [B/COM53] =60 inv=false[0m
00001.922 [A/COM40] =60 inv=false[0m
00001.922 [B/COM53] =60 inv=false[0m
00001.922 [A/COM40] =60 inv=false[0m
00001.922 [B/COM53] =60 inv=false[0m
00001.922 [A/COM40] =60 inv=false[0m
00001.922 [B/COM53] =60 inv=false[0m
00001.922 [B/COM53] =60 inv=false[0m
00001.922 [A/COM40] =60 inv=false[0m
00001.937 [B/COM53] =60 inv=false[0m
00001.937 [A/COM40] =60 inv=false[0m
00001.937 [B/COM53] =60 inv=false[0m
00001.937 [A/COM40] =60 inv=false[0m
00001.937 [B/COM53] =60 inv=false[0m
00001.937 [A/COM40] =60 inv=false[0m
00001.937 [B/COM53] =60 inv=false[0m
00001.937 [A/COM40] =60 inv=false[0m
00001.937 [B/COM53] =60 inv=false[0m
00001.937 [A/COM40] =60 inv=false[0m
00001.937 [B/COM53] =60 inv=false[0m
00001.937 [A/COM40] =60 inv=false[0m
00001.937 [B/COM53] =60 inv=false[0m
00001.937 [A/COM40] =60 inv=false[0m
00001.937 [B/COM53] =60 inv=false[0m
00001.937 [A/COM40] =60 inv=false[0m
00001.937 [B/COM53] =60 inv=false[0m
00001.937 [A/COM40] =60 inv=false[0m
00001.937 [B/COM53] =60 inv=false[0m
00001.937 [A/COM40] =60 inv=false[0m
00001.937 [A/COM40] =60 inv=false[0m
00001.937 [B/COM53] =60 inv=false[0m
00001.937 [A/COM40] =60 inv=false[0m
00001.937 [B/COM53] =60 inv=false[0m
00001.937 [A/COM40] =60 inv=false[0m
00001.937 [B/COM53] =60 inv=false[0m
00001.937 [A/COM40] =60 inv=false[0m
00001.937 [B/COM53] =60 inv=false[0m
00001.937 [A/COM40] =60 inv=false[0m
00001.937 [B/COM53] =60 inv=false[0m
00001.937 [A/COM40] =60 inv=false[0m
00001.937 [B/COM53] =60 inv=false[0m
00001.937 [A/COM40] =60 inv=false[0m
00001.937 [A/COM40] =60 inv=false[0m
00001.937 [B/COM53] =60 inv=false[0m
00001.953 [A/COM40] =60 inv=false[0m
00001.953 [B/COM53] =60 inv=false[0m
00001.953 [A/COM40] =60 inv=false[0m
00001.953 [B/COM53] =60 inv=false[0m
00001.953 [A/COM40] =60 inv=false[0m
00001.953 [B/COM53] =60 inv=false[0m
00001.953 [A/COM40] =60 inv=false[0m
00001.953 [B/COM53] =60 inv=false[0m
00001.953 [A/COM40] =60 inv=false[0m
00001.953 [A/COM40] =60 inv=false[0m
00001.953 [B/COM53] =60 inv=false[0m
00001.953 [A/COM40] =60 inv=false[0m
00001.953 [B/COM53] =60 inv=false[0m
00001.953 [A/COM40] =60 inv=false[0m
00001.953 [B/COM53] =60 inv=false[0m
00001.953 [A/COM40] =60 inv=false[0m
00001.953 [B/COM53] =60 inv=false[0m
00001.953 [A/COM40] =60 inv=false[0m
00001.953 [A/COM40] =60 inv=false[0m
00001.953 [B/COM53] =60 inv=false[0m
00001.953 [A/COM40] =60 inv=false[0m
00001.953 [B/COM53] =60 inv=false[0m
00001.953 [A/COM40] =60 inv=false[0m
00001.953 [B/COM53] =60 inv=false[0m
00001.953 [A/COM40] =60 inv=false[0m
00001.953 [B/COM53] =60 inv=false[0m
00001.953 [A/COM40] =60 inv=false[0m
00001.953 [B/COM53] =60 inv=false[0m
00001.953 [A/COM40] =60 inv=false[0m
00001.953 [B/COM53] =60 inv=false[0m
00001.953 [A/COM40] =60 inv=false[0m
00001.953 [B/COM53] =60 inv=false[0m
00001.953 [A/COM40] =60 inv=false[0m
00001.953 [B/COM53] =60 inv=false[0m
00001.953 [A/COM40] =60 inv=false[0m
00001.953 [B/COM53] =60 inv=false[0m
00001.953 [A/COM40] =60 inv=false[0m
00001.953 [B/COM53] =60 inv=false[0m
00001.953 [B/COM53] =60 inv=false[0m
00001.953 [A/COM40] =60 inv=false[0m
00001.968 [B/COM53] =60 inv=false[0m
00001.968 [A/COM40] =60 inv=false[0m
00001.968 [B/COM53] =60 inv=false[0m
00001.968 [A/COM40] =60 inv=false[0m
00001.968 [B/COM53] =60 inv=false[0m
00001.968 [A/COM40] =60 inv=false[0m
00001.968 [B/COM53] =60 inv=false[0m
00001.968 [A/COM40] =60 inv=false[0m
00001.968 [B/COM53] =60 inv=false[0m
00001.968 [A/COM40] =60 inv=false[0m
00001.968 [B/COM53] =60 inv=false[0m
00001.968 [A/COM40] =60 inv=false[0m
00001.968 [B/COM53] =60 inv=false[0m
00001.968 [A/COM40] =60 inv=false[0m
00001.968 [B/COM53] =60 inv=false[0m
00001.968 [A/COM40] =60 inv=false[0m
00001.968 [B/COM53] =60 inv=false[0m
00001.968 [A/COM40] =60 inv=false[0m
00001.968 [B/COM53] =60 inv=false[0m
00001.968 [A/COM40] =60 inv=false[0m
00001.968 [B/COM53] =60 inv=false[0m
00001.968 [A/COM40] =60 inv=false[0m
00001.968 [B/COM53] =60 inv=false[0m
00001.968 [A/COM40] =60 inv=false[0m
00001.968 [B/COM53] =60 inv=false[0m
00001.968 [A/COM40] =60 inv=false[0m
00001.968 [B/COM53] =60 inv=false[0m
00001.968 [A/COM40] =60 inv=false[0m
00001.968 [B/COM53] =60 inv=false[0m
00001.968 [A/COM40] =60 inv=false[0m
00001.968 [B/COM53] =60 inv=false[0m
00001.968 [A/COM40] =60 inv=false[0m
00001.968 [B/COM53] =60 inv=false[0m
00001.968 [B/COM53] =60 inv=false[0m
00001.968 [A/COM40] =60 inv=false[0m
00001.968 [B/COM53] =60 inv=false[0m
00001.968 [A/COM40] =60 inv=false[0m
00001.968 [A/COM40] =60 inv=false[0m
00001.968 [B/COM53] =60 inv=false[0m
00001.968 [A/COM40] =60 inv=false[0m
00001.984 [B/COM53] =60 inv=false[0m
00001.984 [A/COM40] =60 inv=false[0m
00001.984 [B/COM53] =60 inv=false[0m
00001.984 [A/COM40] =60 inv=false[0m
00001.984 [B/COM53] =60 inv=false[0m
00001.984 [A/COM40] =60 inv=false[0m
00001.984 [B/COM53] =60 inv=false[0m
00001.984 [A/COM40] =60 inv=false[0m
00001.984 [B/COM53] =60 inv=false[0m
00001.984 [A/COM40] =60 inv=false[0m
00001.984 [B/COM53] =60 inv=false[0m
00001.984 [A/COM40] =60 inv=false[0m
00001.984 [B/COM53] =60 inv=false[0m
00001.984 [A/COM40] =60 inv=false[0m
00001.984 [B/COM53] =60 inv=false[0m
00001.984 [A/COM40] =60 inv=false[0m
00001.984 [B/COM53] =60 inv=false[0m
00001.984 [A/COM40] =60 inv=false[0m
00001.984 [B/COM53] =60 inv=false[0m
00001.984 [A/COM40] =60 inv=false[0m
00001.984 [B/COM53] =60 inv=false[0m
00001.984 [A/COM40] =60 inv=false[0m
00001.984 [B/COM53] =60 inv=false[0m
00001.984 [A/COM40] =60 inv=false[0m
00001.984 [B/COM53] =60 inv=false[0m
00001.984 [A/COM40] =60 inv=false[0m
00001.984 [B/COM53] =60 inv=false[0m
00001.984 [A/COM40] =60 inv=false[0m
00001.984 [B/COM53] =60 inv=false[0m
00001.984 [A/COM40] =60 inv=false[0m
00001.984 [B/COM53] =60 inv=false[0m
00001.984 [A/COM40] =60 inv=false[0m
00001.984 [B/COM53] =60 inv=false[0m
00001.984 [A/COM40] =60 inv=false[0m
00001.984 [B/COM53] =60 inv=false[0m
00001.984 [A/COM40] =60 inv=false[0m
00001.984 [B/COM53] =60 inv=false[0m
00001.984 [A/COM40] =60 inv=false[0m
00001.984 [B/COM53] =60 inv=false[0m
00002.000 [A/COM40] =60 inv=false[0m
00002.000 [B/COM53] =60 inv=false[0m
00002.000 [B/COM53] =60 inv=false[0m
00002.000 [A/COM40] =60 inv=false[0m
00002.000 [B/COM53] =60 inv=false[0m
00002.000 [A/COM40] =60 inv=false[0m
00002.000 [B/COM53] =60 inv=false[0m
00002.000 [A/COM40] =60 inv=false[0m
00002.000 [B/COM53] =60 inv=false[0m
00002.000 [A/COM40] =60 inv=false[0m
00002.000 [B/COM53] =60 inv=false[0m
00002.000 [A/COM40] =60 inv=false[0m
00002.000 [B/COM53] =60 inv=false[0m
00002.000 [A/COM40] =60 inv=false[0m
00002.000 [B/COM53] =60 inv=false[0m
00002.000 [A/COM40] =60 inv=false[0m
00002.000 [B/COM53] =60 inv=false[0m
00002.000 [A/COM40] =60 inv=false[0m
00002.000 [A/COM40] =60 inv=false[0m
00002.000 [B/COM53] =60 inv=false[0m
00002.000 [A/COM40] =60 inv=false[0m
00002.000 [B/COM53] =60 inv=false[0m
00002.000 [A/COM40] =60 inv=false[0m
00002.000 [B/COM53] =60 inv=false[0m
00002.000 [B/COM53] =60 inv=false[0m
00002.000 [A/COM40] =60 inv=false[0m
00002.000 [B/COM53] =60 inv=false[0m
00002.000 [A/COM40] =60 inv=false[0m
00002.000 [B/COM53] =60 inv=false[0m
00002.000 [A/COM40] =60 inv=false[0m
00002.000 [B/COM53] =60 inv=false[0m
00002.000 [A/COM40] =60 inv=false[0m
00002.000 [B/COM53] =60 inv=false[0m
00002.000 [A/COM40] =60 inv=false[0m
00002.000 [A/COM40] =60 inv=false[0m
00002.000 [B/COM53] =60 inv=false[0m
00002.000 [A/COM40] =60 inv=false[0m
00002.000 [B/COM53] =60 inv=false[0m
00002.015 [A/COM40] =60 inv=false[0m
00002.015 [B/COM53] =60 inv=false[0m
00002.015 [A/COM40] =60 inv=false[0m
00002.015 [B/COM53] =60 inv=false[0m
00002.015 [A/COM40] =60 inv=false[0m
00002.015 [B/COM53] =60 inv=false[0m
00002.015 [A/COM40] =60 inv=false[0m
00002.015 [B/COM53] =60 inv=false[0m
00002.015 [A/COM40] =60 inv=false[0m
00002.015 [B/COM53] =60 inv=false[0m
00002.015 [A/COM40] =60 inv=false[0m
00002.015 [B/COM53] =60 inv=false[0m
00002.015 [A/COM40] =60 inv=false[0m
00002.015 [B/COM53] =60 inv=false[0m
00002.015 [A/COM40] =60 inv=false[0m
00002.015 [B/COM53] =60 inv=false[0m
00002.015 [A/COM40] =60 inv=false[0m
00002.015 [B/COM53] =60 inv=false[0m
00002.015 [A/COM40] =60 inv=false[0m
00002.015 [A/COM40] =60 inv=false[0m
00002.015 [B/COM53] =60 inv=false[0m
00002.015 [A/COM40] =60 inv=false[0m
00002.015 [B/COM53] =60 inv=false[0m
00002.015 [A/COM40] =60 inv=false[0m
00002.015 [B/COM53] =60 inv=false[0m
00002.015 [A/COM40] =60 inv=false[0m
00002.015 [B/COM53] =60 inv=false[0m
00002.015 [A/COM40] =60 inv=false[0m
00002.015 [B/COM53] =60 inv=false[0m
00002.015 [A/COM40] =60 inv=false[0m
00002.015 [B/COM53] =60 inv=false[0m
00002.015 [A/COM40] =60 inv=false[0m
00002.015 [B/COM53] =60 inv=false[0m
00002.015 [A/COM40] =60 inv=false[0m
00002.015 [B/COM53] =60 inv=false[0m
00002.015 [A/COM40] =60 inv=false[0m
00002.015 [B/COM53] =60 inv=false[0m
00002.015 [A/COM40] =60 inv=false[0m
00002.031 [A/COM40] =60 inv=false[0m
00002.031 [B/COM53] =60 inv=false[0m
00002.031 [A/COM40] =60 inv=false[0m
00002.031 [B/COM53] =60 inv=false[0m
00002.031 [B/COM53] =60 inv=false[0m
00002.031 [A/COM40] =60 inv=false[0m
00002.031 [B/COM53] =60 inv=false[0m
00002.031 [A/COM40] =60 inv=false[0m
00002.031 [B/COM53] =60 inv=false[0m
00002.031 [A/COM40] =60 inv=false[0m
00002.031 [B/COM53] =60 inv=false[0m
00002.031 [A/COM40] =60 inv=false[0m
00002.031 [B/COM53] =60 inv=false[0m
00002.031 [A/COM40] =60 inv=false[0m
00002.031 [B/COM53] =60 inv=false[0m
00002.031 [A/COM40] =60 inv=false[0m
00002.031 [B/COM53] =60 inv=false[0m
00002.031 [A/COM40] =60 inv=false[0m
00002.031 [B/COM53] =60 inv=false[0m
00002.031 [A/COM40] =60 inv=false[0m
00002.031 [B/COM53] =60 inv=false[0m
00002.031 [A/COM40] =60 inv=false[0m
00002.031 [B/COM53] =60 inv=false[0m
00002.031 [A/COM40] =60 inv=false[0m
00002.031 [B/COM53] =60 inv=false[0m
00002.031 [A/COM40] =60 inv=false[0m
00002.031 [B/COM53] =60 inv=false[0m
00002.031 [A/COM40] =60 inv=false[0m
00002.031 [B/COM53] =60 inv=false[0m
00002.031 [B/COM53] =60 inv=false[0m
00002.031 [A/COM40] =60 inv=false[0m
00002.031 [B/COM53] =60 inv=false[0m
00002.031 [A/COM40] =60 inv=false[0m
00002.031 [B/COM53] =60 inv=false[0m
00002.031 [A/COM40] =60 inv=false[0m
00002.031 [B/COM53] =60 inv=false[0m
00002.047 [A/COM40] =60 inv=false[0m
00002.047 [B/COM53] =60 inv=false[0m
00002.047 [A/COM40] =60 inv=false[0m
00002.047 [B/COM53] =60 inv=false[0m
00002.047 [A/COM40] =60 inv=false[0m
00002.047 [B/COM53] =60 inv=false[0m
00002.047 [A/COM40] =60 inv=false[0m
00002.047 [B/COM53] =60 inv=false[0m
00002.047 [B/COM53] =60 inv=false[0m
00002.047 [A/COM40] =60 inv=false[0m
00002.047 [A/COM40] =60 inv=false[0m
00002.047 [B/COM53] =60 inv=false[0m
00002.047 [A/COM40] =60 inv=false[0m
00002.047 [B/COM53] =60 inv=false[0m
00002.047 [A/COM40] =60 inv=false[0m
00002.047 [B/COM53] =60 inv=false[0m
00002.047 [A/COM40] =60 inv=false[0m
00002.047 [B/COM53] =60 inv=false[0m
00002.047 [A/COM40] =60 inv=false[0m
00002.047 [B/COM53] =60 inv=false[0m
00002.047 [A/COM40] =60 inv=false[0m
00002.047 [B/COM53] =60 inv=false[0m
00002.047 [A/COM40] =60 inv=false[0m
00002.047 [B/COM53] =60 inv=false[0m
00002.047 [B/COM53] =60 inv=false[0m
00002.047 [A/COM40] =60 inv=false[0m
00002.047 [B/COM53] =60 inv=false[0m
00002.047 [A/COM40] =60 inv=false[0m
00002.047 [B/COM53] =60 inv=false[0m
00002.047 [A/COM40] =60 inv=false[0m
00002.047 [B/COM53] =60 inv=false[0m
00002.047 [A/COM40] =60 inv=false[0m
00002.047 [B/COM53] =60 inv=false[0m
00002.047 [A/COM40] =60 inv=false[0m
00002.047 [B/COM53] =60 inv=false[0m
00002.047 [A/COM40] =60 inv=false[0m
00002.047 [B/COM53] =60 inv=false[0m
00002.047 [A/COM40] =60 inv=false[0m
00002.047 [B/COM53] =60 inv=false[0m
00002.062 [A/COM40] =60 inv=false[0m
00002.062 [B/COM53] =60 inv=false[0m
00002.062 [A/COM40] =60 inv=false[0m
00002.062 [B/COM53] =60 inv=false[0m
00002.062 [A/COM40] =60 inv=false[0m
00002.062 [B/COM53] =60 inv=false[0m
00002.062 [A/COM40] =60 inv=false[0m
00002.062 [B/COM53] =60 inv=false[0m
00002.062 [A/COM40] =60 inv=false[0m
00002.062 [B/COM53] =60 inv=false[0m
00002.062 [A/COM40] =60 inv=false[0m
00002.062 [B/COM53] =60 inv=false[0m
00002.062 [A/COM40] =60 inv=false[0m
00002.062 [B/COM53] =60 inv=false[0m
00002.062 [A/COM40] =60 inv=false[0m
00002.062 [B/COM53] =60 inv=false[0m
00002.062 [A/COM40] =60 inv=false[0m
00002.062 [B/COM53] =60 inv=false[0m
00002.062 [A/COM40] =60 inv=false[0m
00002.062 [B/COM53] =60 inv=false[0m
00002.062 [A/COM40] =60 inv=false[0m
00002.062 [B/COM53] =60 inv=false[0m
00002.062 [A/COM40] =60 inv=false[0m
00002.062 [A/COM40] =60 inv=false[0m
00002.062 [B/COM53] =60 inv=false[0m
00002.062 [A/COM40] =60 inv=false[0m
00002.062 [B/COM53] =60 inv=false[0m
00002.062 [A/COM40] =60 inv=false[0m
00002.062 [B/COM53] =60 inv=false[0m
00002.062 [A/COM40] =60 inv=false[0m
00002.062 [B/COM53] =60 inv=false[0m
00002.062 [B/COM53] =60 inv=false[0m
00002.062 [A/COM40] =60 inv=false[0m
00002.062 [A/COM40] =60 inv=false[0m
00002.062 [B/COM53] =60 inv=false[0m
00002.062 [A/COM40] =60 inv=false[0m
00002.062 [B/COM53] =60 inv=false[0m
00002.062 [B/COM53] =60 inv=false[0m
00002.078 [A/COM40] =60 inv=false[0m
00002.078 [B/COM53] =60 inv=false[0m
00002.078 [A/COM40] =60 inv=false[0m
00002.078 [B/COM53] =60 inv=false[0m
00002.078 [A/COM40] =60 inv=false[0m
00002.078 [B/COM53] =60 inv=false[0m
00002.078 [A/COM40] =60 inv=false[0m
00002.078 [B/COM53] =60 inv=false[0m
00002.078 [A/COM40] =60 inv=false[0m
00002.078 [B/COM53] =60 inv=false[0m
00002.078 [A/COM40] =60 inv=false[0m
00002.078 [B/COM53] =60 inv=false[0m
00002.078 [A/COM40] =60 inv=false[0m
00002.078 [B/COM53] =60 inv=false[0m
00002.078 [A/COM40] =60 inv=false[0m
00002.078 [B/COM53] =60 inv=false[0m
00002.078 [A/COM40] =60 inv=false[0m
00002.078 [B/COM53] =60 inv=false[0m
00002.078 [A/COM40] =60 inv=false[0m
00002.078 [B/COM53] =60 inv=false[0m
00002.078 [A/COM40] =60 inv=false[0m
00002.078 [B/COM53] =60 inv=false[0m
00002.078 [A/COM40] =60 inv=false[0m
00002.078 [B/COM53] =60 inv=false[0m
00002.078 [A/COM40] =60 inv=false[0m
00002.078 [B/COM53] =60 inv=false[0m
00002.078 [A/COM40] =60 inv=false[0m
00002.078 [B/COM53] =60 inv=false[0m
00002.078 [A/COM40] =60 inv=false[0m
00002.078 [B/COM53] =60 inv=false[0m
00002.078 [A/COM40] =60 inv=false[0m
00002.078 [B/COM53] =60 inv=false[0m
00002.078 [A/COM40] =60 inv=false[0m
00002.078 [B/COM53] =60 inv=false[0m
00002.078 [A/COM40] =60 inv=false[0m
00002.078 [B/COM53] =60 inv=false[0m
00002.078 [A/COM40] =60 inv=false[0m
00002.078 [B/COM53] =60 inv=false[0m
00002.093 [A/COM40] =60 inv=false[0m
00002.093 [B/COM53] =60 inv=false[0m
00002.093 [A/COM40] =60 inv=false[0m
00002.093 [B/COM53] =60 inv=false[0m
00002.093 [A/COM40] =60 inv=false[0m
00002.093 [B/COM53] =60 inv=false[0m
00002.093 [A/COM40] =60 inv=false[0m
00002.093 [B/COM53] =60 inv=false[0m
00002.093 [A/COM40] =60 inv=false[0m
00002.093 [B/COM53] =60 inv=false[0m
00002.093 [A/COM40] =60 inv=false[0m
00002.093 [A/COM40] =60 inv=false[0m
00002.093 [B/COM53] =60 inv=false[0m
00002.093 [A/COM40] =60 inv=false[0m
00002.093 [B/COM53] =60 inv=false[0m
00002.093 [B/COM53] =60 inv=false[0m
00002.093 [A/COM40] =60 inv=false[0m
00002.093 [B/COM53] =60 inv=false[0m
00002.093 [A/COM40] =60 inv=false[0m
00002.093 [A/COM40] =60 inv=false[0m
00002.093 [B/COM53] =60 inv=false[0m
00002.093 [A/COM40] =60 inv=false[0m
00002.093 [A/COM40] =60 inv=false[0m
00002.093 [B/COM53] =60 inv=false[0m
00002.093 [A/COM40] =60 inv=false[0m
00002.093 [B/COM53] =60 inv=false[0m
00002.093 [A/COM40] =60 inv=false[0m
00002.093 [B/COM53] =60 inv=false[0m
00002.093 [A/COM40] =60 inv=false[0m
00002.093 [B/COM53] =60 inv=false[0m
00002.093 [A/COM40] =60 inv=false[0m
00002.093 [B/COM53] =60 inv=false[0m
00002.093 [A/COM40] =60 inv=false[0m
00002.093 [B/COM53] =60 inv=false[0m
00002.093 [A/COM40] =60 inv=false[0m
00002.093 [B/COM53] =60 inv=false[0m
00002.093 [A/COM40] =60 inv=false[0m
00002.093 [B/COM53] =60 inv=false[0m
00002.093 [A/COM40] =60 inv=false[0m
00002.109 [B/COM53] =60 inv=false[0m
00002.109 [A/COM40] =60 inv=false[0m
00002.109 [B/COM53] =60 inv=false[0m
00002.109 [A/COM40] =60 inv=false[0m
00002.109 [A/COM40] =60 inv=false[0m
00002.109 [B/COM53] =60 inv=false[0m
00002.109 [A/COM40] =60 inv=false[0m
00002.109 [B/COM53] =60 inv=false[0m
00002.109 [A/COM40] =60 inv=false[0m
00002.109 [B/COM53] =60 inv=false[0m
00002.109 [A/COM40] =60 inv=false[0m
00002.109 [B/COM53] =60 inv=false[0m
00002.109 [A/COM40] =60 inv=false[0m
00002.109 [B/COM53] =60 inv=false[0m
00002.109 [A/COM40] =60 inv=false[0m
00002.109 [B/COM53] =60 inv=false[0m
00002.109 [A/COM40] =60 inv=false[0m
00002.109 [B/COM53] =60 inv=false[0m
00002.109 [A/COM40] =60 inv=false[0m
00002.109 [B/COM53] =60 inv=false[0m
00002.109 [A/COM40] =60 inv=false[0m
00002.109 [B/COM53] =60 inv=false[0m
00002.109 [A/COM40] =60 inv=false[0m
00002.109 [B/COM53] =60 inv=false[0m
00002.109 [A/COM40] =60 inv=false[0m
00002.109 [B/COM53] =60 inv=false[0m
00002.109 [A/COM40] =60 inv=false[0m
00002.109 [B/COM53] =60 inv=false[0m
00002.109 [A/COM40] =60 inv=false[0m
00002.109 [B/COM53] =60 inv=false[0m
00002.109 [A/COM40] =60 inv=false[0m
00002.109 [B/COM53] =60 inv=false[0m
00002.109 [A/COM40] =60 inv=false[0m
00002.109 [B/COM53] =60 inv=false[0m
00002.109 [A/COM40] =60 inv=false[0m
00002.109 [A/COM40] =60 inv=false[0m
00002.109 [B/COM53] =60 inv=false[0m
00002.125 [B/COM53] =60 inv=false[0m
00002.125 [A/COM40] =60 inv=false[0m
00002.125 [A/COM40] =60 inv=false[0m
00002.125 [B/COM53] =60 inv=false[0m
00002.125 [B/COM53] =60 inv=false[0m
00002.125 [A/COM40] =60 inv=false[0m
00002.125 [A/COM40] =60 inv=false[0m
00002.125 [B/COM53] =60 inv=false[0m
00002.125 [A/COM40] =60 inv=false[0m
00002.125 [B/COM53] =60 inv=false[0m
00002.125 [A/COM40] =60 inv=false[0m
00002.125 [B/COM53] =60 inv=false[0m
00002.125 [A/COM40] =60 inv=false[0m
00002.125 [B/COM53] =60 inv=false[0m
00002.125 [A/COM40] =60 inv=false[0m
00002.125 [B/COM53] =60 inv=false[0m
00002.125 [A/COM40] =60 inv=false[0m
00002.125 [B/COM53] =60 inv=false[0m
00002.125 [A/COM40] =60 inv=false[0m
00002.125 [B/COM53] =60 inv=false[0m
00002.125 [A/COM40] =60 inv=false[0m
00002.125 [B/COM53] =60 inv=false[0m
00002.125 [A/COM40] =60 inv=false[0m
00002.125 [A/COM40] =60 inv=false[0m
00002.125 [B/COM53] =60 inv=false[0m
00002.125 [A/COM40] =60 inv=false[0m
00002.125 [B/COM53] =60 inv=false[0m
00002.125 [A/COM40] =60 inv=false[0m
00002.125 [B/COM53] =60 inv=false[0m
00002.125 [B/COM53] =60 inv=false[0m
00002.125 [A/COM40] =60 inv=false[0m
00002.125 [B/COM53] =60 inv=false[0m
00002.125 [A/COM40] =60 inv=false[0m
00002.125 [B/COM53] =60 inv=false[0m
00002.125 [A/COM40] =60 inv=false[0m
00002.125 [A/COM40] =60 inv=false[0m
00002.125 [B/COM53] =60 inv=false[0m
00002.140 [B/COM53] =60 inv=false[0m
00002.140 [A/COM40] =60 inv=false[0m
00002.140 [A/COM40] =60 inv=false[0m
00002.140 [B/COM53] =60 inv=false[0m
00002.140 [A/COM40] =60 inv=false[0m
00002.140 [B/COM53] =60 inv=false[0m
00002.140 [A/COM40] =60 inv=false[0m
00002.140 [B/COM53] =60 inv=false[0m
00002.140 [A/COM40] =60 inv=false[0m
00002.140 [B/COM53] =60 inv=false[0m
00002.140 [A/COM40] =60 inv=false[0m
00002.140 [B/COM53] =60 inv=false[0m
00002.140 [A/COM40] =60 inv=false[0m
00002.140 [B/COM53] =60 inv=false[0m
00002.140 [A/COM40] =60 inv=false[0m
00002.140 [B/COM53] =60 inv=false[0m
00002.140 [A/COM40] =60 inv=false[0m
00002.140 [B/COM53] =60 inv=false[0m
00002.140 [A/COM40] =60 inv=false[0m
00002.140 [B/COM53] =60 inv=false[0m
00002.140 [A/COM40] =60 inv=false[0m
00002.140 [B/COM53] =60 inv=false[0m
00002.140 [A/COM40] =60 inv=false[0m
00002.140 [B/COM53] =60 inv=false[0m
00002.140 [A/COM40] =60 inv=false[0m
00002.140 [B/COM53] =60 inv=false[0m
00002.140 [A/COM40] =60 inv=false[0m
00002.140 [B/COM53] =60 inv=false[0m
00002.140 [B/COM53] =60 inv=false[0m
00002.140 [A/COM40] =60 inv=false[0m
00002.140 [B/COM53] =60 inv=false[0m
00002.140 [A/COM40] =60 inv=false[0m
00002.140 [B/COM53] =60 inv=false[0m
00002.140 [A/COM40] =60 inv=false[0m
00002.156 [B/COM53] =60 inv=false[0m
00002.156 [A/COM40] =60 inv=false[0m
00002.156 [B/COM53] =60 inv=false[0m
00002.156 [A/COM40] =60 inv=false[0m
00002.156 [A/COM40] =60 inv=false[0m
00002.156 [B/COM53] =60 inv=false[0m
00002.156 [A/COM40] =60 inv=false[0m
00002.156 [B/COM53] =60 inv=false[0m
00002.156 [A/COM40] =60 inv=false[0m
00002.156 [B/COM53] =60 inv=false[0m
00002.156 [A/COM40] =60 inv=false[0m
00002.156 [A/COM40] =60 inv=false[0m
00002.156 [B/COM53] =60 inv=false[0m
00002.156 [A/COM40] =60 inv=false[0m
00002.156 [B/COM53] =60 inv=false[0m
00002.156 [A/COM40] =60 inv=false[0m
00002.156 [B/COM53] =60 inv=false[0m
00002.156 [A/COM40] =60 inv=false[0m
00002.156 [B/COM53] =60 inv=false[0m
00002.156 [A/COM40] =60 inv=false[0m
00002.156 [B/COM53] =60 inv=false[0m
00002.156 [A/COM40] =60 inv=false[0m
00002.156 [B/COM53] =60 inv=false[0m
00002.156 [A/COM40] =60 inv=false[0m
00002.156 [B/COM53] =60 inv=false[0m
00002.156 [A/COM40] =60 inv=false[0m
00002.156 [B/COM53] =60 inv=false[0m
00002.156 [A/COM40] =60 inv=false[0m
00002.156 [B/COM53] =60 inv=false[0m
00002.156 [A/COM40] =60 inv=false[0m
00002.156 [B/COM53] =60 inv=false[0m
00002.156 [A/COM40] =60 inv=false[0m
00002.156 [B/COM53] =60 inv=false[0m
00002.156 [A/COM40] =60 inv=false[0m
00002.156 [B/COM53] =60 inv=false[0m
00002.156 [A/COM40] =60 inv=false[0m
00002.156 [B/COM53] =60 inv=false[0m
00002.156 [A/COM40] =60 inv=false[0m
00002.172 [B/COM53] =60 inv=false[0m
00002.172 [A/COM40] =60 inv=false[0m
00002.172 [B/COM53] =60 inv=false[0m
00002.172 [A/COM40] =60 inv=false[0m
00002.172 [A/COM40] =60 inv=false[0m
00002.172 [B/COM53] =60 inv=false[0m
00002.172 [B/COM53] =60 inv=false[0m
00002.172 [A/COM40] =60 inv=false[0m
00002.172 [A/COM40] =60 inv=false[0m
00002.172 [B/COM53] =60 inv=false[0m
00002.172 [A/COM40] =60 inv=false[0m
00002.172 [A/COM40] =60 inv=false[0m
00002.172 [B/COM53] =60 inv=false[0m
00002.172 [B/COM53] =60 inv=false[0m
00002.172 [A/COM40] =60 inv=false[0m
00002.172 [B/COM53] =60 inv=false[0m
00002.172 [A/COM40] =60 inv=false[0m
00002.172 [B/COM53] =60 inv=false[0m
00002.172 [A/COM40] =60 inv=false[0m
00002.172 [A/COM40] =60 inv=false[0m
00002.172 [B/COM53] =60 inv=false[0m
00002.172 [A/COM40] =60 inv=false[0m
00002.172 [A/COM40] =60 inv=false[0m
00002.172 [B/COM53] =60 inv=false[0m
00002.172 [A/COM40] =60 inv=false[0m
00002.172 [B/COM53] =60 inv=false[0m
00002.172 [A/COM40] =60 inv=false[0m
00002.172 [B/COM53] =60 inv=false[0m
00002.172 [B/COM53] =60 inv=false[0m
00002.172 [A/COM40] =60 inv=false[0m
00002.172 [A/COM40] =60 inv=false[0m
00002.172 [B/COM53] =60 inv=false[0m
00002.172 [B/COM53] =60 inv=false[0m
00002.172 [A/COM40] =60 inv=false[0m
00002.172 [B/COM53] =60 inv=false[0m
00002.172 [A/COM40] =60 inv=false[0m
00002.172 [B/COM53] =60 inv=false[0m
00002.172 [B/COM53] =60 inv=false[0m
00002.172 [A/COM40] =60 inv=false[0m
00002.187 [A/COM40] =60 inv=false[0m
00002.187 [B/COM53] =60 inv=false[0m
00002.187 [A/COM40] =60 inv=false[0m
00002.187 [B/COM53] =60 inv=false[0m
00002.187 [A/COM40] =60 inv=false[0m
00002.187 [B/COM53] =60 inv=false[0m
00002.187 [A/COM40] =60 inv=false[0m
00002.187 [B/COM53] =60 inv=false[0m
00002.187 [A/COM40] =60 inv=false[0m
00002.187 [B/COM53] =60 inv=false[0m
00002.187 [A/COM40] =60 inv=false[0m
00002.187 [B/COM53] =60 inv=false[0m
00002.187 [A/COM40] =60 inv=false[0m
00002.187 [B/COM53] =60 inv=false[0m
00002.187 [A/COM40] =60 inv=false[0m
00002.187 [B/COM53] =60 inv=false[0m
00002.187 [A/COM40] =60 inv=false[0m
00002.187 [A/COM40] =60 inv=false[0m
00002.187 [B/COM53] =60 inv=false[0m
00002.187 [B/COM53] =60 inv=false[0m
00002.187 [A/COM40] =60 inv=false[0m
00002.187 [A/COM40] =60 inv=false[0m
00002.187 [B/COM53] =60 inv=false[0m
00002.187 [A/COM40] =60 inv=false[0m
00002.187 [B/COM53] =60 inv=false[0m
00002.187 [A/COM40] =60 inv=false[0m
00002.187 [B/COM53] =60 inv=false[0m
00002.187 [A/COM40] =60 inv=false[0m
00002.187 [B/COM53] =60 inv=false[0m
00002.187 [A/COM40] =60 inv=false[0m
00002.187 [B/COM53] =60 inv=false[0m
00002.187 [A/COM40] =60 inv=false[0m
00002.187 [B/COM53] =60 inv=false[0m
00002.187 [A/COM40] =60 inv=false[0m
00002.187 [B/COM53] =60 inv=false[0m
00002.187 [B/COM53] =60 inv=false[0m
00002.187 [A/COM40] =60 inv=false[0m
00002.203 [B/COM53] =60 inv=false[0m
00002.203 [A/COM40] =60 inv=false[0m
00002.203 [B/COM53] =60 inv=false[0m
00002.203 [A/COM40] =60 inv=false[0m
00002.203 [B/COM53] =60 inv=false[0m
00002.203 [A/COM40] =60 inv=false[0m
00002.203 [B/COM53] =60 inv=false[0m
00002.203 [A/COM40] =60 inv=false[0m
00002.203 [B/COM53] =60 inv=false[0m
00002.203 [A/COM40] =60 inv=false[0m
00002.203 [A/COM40] =60 inv=false[0m
00002.203 [B/COM53] =60 inv=false[0m
00002.203 [B/COM53] =60 inv=false[0m
00002.203 [A/COM40] =60 inv=false[0m
00002.203 [A/COM40] =60 inv=false[0m
00002.203 [B/COM53] =60 inv=false[0m
00002.203 [B/COM53] =60 inv=false[0m
00002.203 [A/COM40] =60 inv=false[0m
00002.203 [A/COM40] =60 inv=false[0m
00002.203 [B/COM53] =60 inv=false[0m
00002.203 [A/COM40] =60 inv=false[0m
00002.203 [B/COM53] =60 inv=false[0m
00002.203 [B/COM53] =60 inv=false[0m
00002.203 [A/COM40] =60 inv=false[0m
00002.203 [B/COM53] =60 inv=false[0m
00002.203 [A/COM40] =60 inv=false[0m
00002.203 [A/COM40] =60 inv=false[0m
00002.203 [B/COM53] =60 inv=false[0m
00002.203 [B/COM53] =60 inv=false[0m
00002.203 [A/COM40] =60 inv=false[0m
00002.203 [A/COM40] =60 inv=false[0m
00002.203 [B/COM53] =60 inv=false[0m
00002.203 [A/COM40] =60 inv=false[0m
00002.203 [B/COM53] =60 inv=false[0m
00002.203 [A/COM40] =60 inv=false[0m
00002.203 [B/COM53] =60 inv=false[0m
00002.203 [B/COM53] =60 inv=false[0m
00002.203 [A/COM40] =60 inv=false[0m
00002.218 [B/COM53] =60 inv=false[0m
00002.218 [A/COM40] =60 inv=false[0m
00002.218 [B/COM53] =60 inv=false[0m
00002.218 [A/COM40] =60 inv=false[0m
00002.218 [A/COM40] =60 inv=false[0m
00002.218 [B/COM53] =60 inv=false[0m
00002.218 [A/COM40] =60 inv=false[0m
00002.218 [B/COM53] =60 inv=false[0m
00002.218 [A/COM40] =60 inv=false[0m
00002.218 [B/COM53] =60 inv=false[0m
00002.218 [A/COM40] =60 inv=false[0m
00002.218 [B/COM53] =60 inv=false[0m
00002.218 [A/COM40] =60 inv=false[0m
00002.218 [B/COM53] =60 inv=false[0m
00002.218 [B/COM53] =60 inv=false[0m
00002.218 [A/COM40] =60 inv=false[0m
00002.218 [B/COM53] =60 inv=false[0m
00002.218 [A/COM40] =60 inv=false[0m
00002.218 [A/COM40] =60 inv=false[0m
00002.218 [B/COM53] =60 inv=false[0m
00002.218 [B/COM53] =60 inv=false[0m
00002.218 [A/COM40] =60 inv=false[0m
00002.218 [B/COM53] =60 inv=false[0m
00002.218 [A/COM40] =60 inv=false[0m
00002.218 [B/COM53] =60 inv=false[0m
00002.218 [A/COM40] =60 inv=false[0m
00002.218 [B/COM53] =60 inv=false[0m
00002.218 [A/COM40] =60 inv=false[0m
00002.218 [B/COM53] =60 inv=false[0m
00002.218 [A/COM40] =60 inv=false[0m
00002.218 [B/COM53] =60 inv=false[0m
00002.218 [A/COM40] =60 inv=false[0m
00002.218 [B/COM53] =60 inv=false[0m
00002.218 [A/COM40] =60 inv=false[0m
00002.218 [B/COM53] =60 inv=false[0m
00002.218 [A/COM40] =60 inv=false[0m
00002.218 [B/COM53] =60 inv=false[0m
00002.218 [A/COM40] =60 inv=false[0m
00002.234 [B/COM53] =60 inv=false[0m
00002.234 [A/COM40] =60 inv=false[0m
00002.234 [B/COM53] =60 inv=false[0m
00002.234 [A/COM40] =60 inv=false[0m
00002.234 [B/COM53] =60 inv=false[0m
00002.234 [A/COM40] =60 inv=false[0m
00002.234 [B/COM53] =60 inv=false[0m
00002.234 [B/COM53] =60 inv=false[0m
00002.234 [A/COM40] =60 inv=false[0m
00002.234 [B/COM53] =60 inv=false[0m
00002.234 [A/COM40] =60 inv=false[0m
00002.234 [B/COM53] =60 inv=false[0m
00002.234 [A/COM40] =60 inv=false[0m
00002.234 [B/COM53] =60 inv=false[0m
00002.234 [A/COM40] =60 inv=false[0m
00002.234 [B/COM53] =60 inv=false[0m
00002.234 [B/COM53] =60 inv=false[0m
00002.234 [A/COM40] =60 inv=false[0m
00002.234 [B/COM53] =60 inv=false[0m
00002.234 [A/COM40] =60 inv=false[0m
00002.234 [B/COM53] =60 inv=false[0m
00002.234 [A/COM40] =60 inv=false[0m
00002.234 [B/COM53] =60 inv=false[0m
00002.234 [A/COM40] =60 inv=false[0m
00002.234 [B/COM53] =60 inv=false[0m
00002.234 [A/COM40] =60 inv=false[0m
00002.234 [B/COM53] =60 inv=false[0m
00002.234 [A/COM40] =60 inv=false[0m
00002.234 [B/COM53] =60 inv=false[0m
00002.234 [A/COM40] =60 inv=false[0m
00002.234 [B/COM53] =60 inv=false[0m
00002.234 [A/COM40] =60 inv=false[0m
00002.234 [B/COM53] =60 inv=false[0m
00002.234 [A/COM40] =60 inv=false[0m
00002.234 [B/COM53] =60 inv=false[0m
00002.234 [A/COM40] =60 inv=false[0m
00002.250 [B/COM53] =60 inv=false[0m
00002.250 [A/COM40] =60 inv=false[0m
00002.250 [B/COM53] =60 inv=false[0m
00002.250 [A/COM40] =60 inv=false[0m
00002.250 [B/COM53] =60 inv=false[0m
00002.250 [A/COM40] =60 inv=false[0m
00002.250 [B/COM53] =60 inv=false[0m
00002.250 [A/COM40] =60 inv=false[0m
00002.250 [B/COM53] =60 inv=false[0m
00002.250 [B/COM53] =60 inv=false[0m
00002.250 [A/COM40] =60 inv=false[0m
00002.250 [B/COM53] =60 inv=false[0m
00002.250 [A/COM40] =60 inv=false[0m
00002.250 [B/COM53] =60 inv=false[0m
00002.250 [A/COM40] =60 inv=false[0m
00002.250 [B/COM53] =60 inv=false[0m
00002.250 [A/COM40] =60 inv=false[0m
00002.250 [B/COM53] =60 inv=false[0m
00002.250 [A/COM40] =60 inv=false[0m
00002.250 [B/COM53] =60 inv=false[0m
00002.250 [A/COM40] =60 inv=false[0m
00002.250 [B/COM53] =60 inv=false[0m
00002.250 [A/COM40] =60 inv=false[0m
00002.250 [B/COM53] =60 inv=false[0m
00002.250 [A/COM40] =60 inv=false[0m
00002.250 [B/COM53] =60 inv=false[0m
00002.250 [A/COM40] =60 inv=false[0m
00002.250 [B/COM53] =60 inv=false[0m
00002.250 [A/COM40] =60 inv=false[0m
00002.250 [B/COM53] =60 inv=false[0m
00002.250 [A/COM40] =60 inv=false[0m
00002.250 [B/COM53] =60 inv=false[0m
00002.250 [A/COM40] =60 inv=false[0m
00002.250 [B/COM53] =60 inv=false[0m
00002.250 [A/COM40] =60 inv=false[0m
00002.250 [B/COM53] =60 inv=false[0m
00002.250 [A/COM40] =60 inv=false[0m
00002.265 [B/COM53] =60 inv=false[0m
00002.265 [A/COM40] =60 inv=false[0m
00002.265 [A/COM40] =60 inv=false[0m
00002.265 [B/COM53] =60 inv=false[0m
00002.265 [A/COM40] =60 inv=false[0m
00002.265 [B/COM53] =60 inv=false[0m
00002.265 [A/COM40] =60 inv=false[0m
00002.265 [B/COM53] =60 inv=false[0m
00002.265 [A/COM40] =60 inv=false[0m
00002.265 [B/COM53] =60 inv=false[0m
00002.265 [A/COM40] =60 inv=false[0m
00002.265 [A/COM40] =60 inv=false[0m
00002.265 [B/COM53] =60 inv=false[0m
00002.265 [A/COM40] =60 inv=false[0m
00002.265 [B/COM53] =60 inv=false[0m
00002.265 [A/COM40] =60 inv=false[0m
00002.265 [B/COM53] =60 inv=false[0m
00002.265 [A/COM40] =60 inv=false[0m
00002.265 [B/COM53] =60 inv=false[0m
00002.265 [A/COM40] =60 inv=false[0m
00002.265 [B/COM53] =60 inv=false[0m
00002.265 [A/COM40] =60 inv=false[0m
00002.265 [B/COM53] =60 inv=false[0m
00002.265 [A/COM40] =60 inv=false[0m
00002.265 [B/COM53] =60 inv=false[0m
00002.265 [A/COM40] =60 inv=false[0m
00002.265 [B/COM53] =60 inv=false[0m
00002.265 [A/COM40] =60 inv=false[0m
00002.265 [B/COM53] =60 inv=false[0m
00002.265 [A/COM40] =60 inv=false[0m
00002.265 [B/COM53] =60 inv=false[0m
00002.265 [A/COM40] =60 inv=false[0m
00002.265 [B/COM53] =60 inv=false[0m
00002.265 [A/COM40] =60 inv=false[0m
00002.265 [B/COM53] =60 inv=false[0m
00002.265 [A/COM40] =60 inv=false[0m
00002.265 [B/COM53] =60 inv=false[0m
00002.265 [A/COM40] =60 inv=false[0m
00002.265 [A/COM40] =60 inv=false[0m
00002.281 [B/COM53] =60 inv=false[0m
00002.281 [A/COM40] =60 inv=false[0m
00002.281 [B/COM53] =60 inv=false[0m
00002.281 [A/COM40] =60 inv=false[0m
00002.281 [B/COM53] =60 inv=false[0m
00002.281 [A/COM40] =60 inv=false[0m
00002.281 [B/COM53] =60 inv=false[0m
00002.281 [A/COM40] =60 inv=false[0m
00002.281 [B/COM53] =60 inv=false[0m
00002.281 [A/COM40] =60 inv=false[0m
00002.281 [B/COM53] =60 inv=false[0m
00002.281 [A/COM40] =60 inv=false[0m
00002.281 [B/COM53] =60 inv=false[0m
00002.281 [A/COM40] =60 inv=false[0m
00002.281 [B/COM53] =60 inv=false[0m
00002.281 [B/COM53] =60 inv=false[0m
00002.281 [A/COM40] =60 inv=false[0m
00002.281 [B/COM53] =60 inv=false[0m
00002.281 [A/COM40] =60 inv=false[0m
00002.281 [B/COM53] =60 inv=false[0m
00002.281 [A/COM40] =60 inv=false[0m
00002.281 [B/COM53] =60 inv=false[0m
00002.281 [A/COM40] =60 inv=false[0m
00002.281 [B/COM53] =60 inv=false[0m
00002.281 [A/COM40] =60 inv=false[0m
00002.281 [B/COM53] =60 inv=false[0m
00002.281 [A/COM40] =60 inv=false[0m
00002.281 [B/COM53] =60 inv=false[0m
00002.281 [A/COM40] =60 inv=false[0m
00002.281 [B/COM53] =60 inv=false[0m
00002.281 [A/COM40] =60 inv=false[0m
00002.281 [B/COM53] =60 inv=false[0m
00002.281 [A/COM40] =60 inv=false[0m
00002.281 [B/COM53] =60 inv=false[0m
00002.281 [A/COM40] =60 inv=false[0m
00002.281 [B/COM53] =60 inv=false[0m
00002.281 [A/COM40] =60 inv=false[0m
00002.281 [B/COM53] =60 inv=false[0m
00002.281 [A/COM40] =60 inv=false[0m
00002.281 [B/COM53] =60 inv=false[0m
00002.281 [A/COM40] =60 inv=false[0m
00002.297 [B/COM53] =60 inv=false[0m
00002.297 [A/COM40] =60 inv=false[0m
00002.297 [B/COM53] =60 inv=false[0m
00002.297 [A/COM40] =60 inv=false[0m
00002.297 [B/COM53] =60 inv=false[0m
00002.297 [A/COM40] =60 inv=false[0m
00002.297 [B/COM53] =60 inv=false[0m
00002.297 [A/COM40] =60 inv=false[0m
00002.297 [B/COM53] =60 inv=false[0m
00002.297 [A/COM40] =60 inv=false[0m
00002.297 [B/COM53] =60 inv=false[0m
00002.297 [A/COM40] =60 inv=false[0m
00002.297 [B/COM53] =60 inv=false[0m
00002.297 [A/COM40] =60 inv=false[0m
00002.297 [B/COM53] =60 inv=false[0m
00002.297 [A/COM40] =60 inv=false[0m
00002.297 [B/COM53] =60 inv=false[0m
00002.297 [A/COM40] =60 inv=false[0m
00002.297 [B/COM53] =60 inv=false[0m
00002.297 [A/COM40] =60 inv=false[0m
00002.297 [B/COM53] =60 inv=false[0m
00002.297 [A/COM40] =60 inv=false[0m
00002.297 [B/COM53] =60 inv=false[0m
00002.297 [A/COM40] =60 inv=false[0m
00002.297 [B/COM53] =60 inv=false[0m
00002.297 [B/COM53] =60 inv=false[0m
00002.297 [A/COM40] =60 inv=false[0m
00002.297 [B/COM53] =60 inv=false[0m
00002.297 [A/COM40] =60 inv=false[0m
00002.297 [B/COM53] =60 inv=false[0m
00002.297 [A/COM40] =60 inv=false[0m
00002.297 [A/COM40] =60 inv=false[0m
00002.297 [B/COM53] =60 inv=false[0m
00002.297 [A/COM40] =60 inv=false[0m
00002.297 [B/COM53] =60 inv=false[0m
00002.297 [A/COM40] =60 inv=false[0m
00002.297 [B/COM53] =60 inv=false[0m
00002.312 [A/COM40] =60 inv=false[0m
00002.312 [B/COM53] =60 inv=false[0m
00002.312 [A/COM40] =60 inv=false[0m
00002.312 [B/COM53] =60 inv=false[0m
00002.312 [A/COM40] =60 inv=false[0m
00002.312 [B/COM53] =60 inv=false[0m
00002.312 [A/COM40] =60 inv=false[0m
00002.312 [B/COM53] =60 inv=false[0m
00002.312 [A/COM40] =60 inv=false[0m
00002.312 [B/COM53] =60 inv=false[0m
00002.312 [B/COM53] =60 inv=false[0m
00002.312 [A/COM40] =60 inv=false[0m
00002.312 [B/COM53] =60 inv=false[0m
00002.312 [A/COM40] =60 inv=false[0m
00002.312 [B/COM53] =60 inv=false[0m
00002.312 [A/COM40] =60 inv=false[0m
00002.312 [B/COM53] =60 inv=false[0m
00002.312 [A/COM40] =60 inv=false[0m
00002.312 [B/COM53] =60 inv=false[0m
00002.312 [A/COM40] =60 inv=false[0m
00002.312 [B/COM53] =60 inv=false[0m
00002.312 [A/COM40] =60 inv=false[0m
00002.312 [A/COM40] =60 inv=false[0m
00002.312 [B/COM53] =60 inv=false[0m
00002.312 [B/COM53] =60 inv=false[0m
00002.312 [A/COM40] =60 inv=false[0m
00002.312 [B/COM53] =60 inv=false[0m
00002.312 [A/COM40] =60 inv=false[0m
00002.312 [B/COM53] =60 inv=false[0m
00002.312 [A/COM40] =60 inv=false[0m
00002.312 [B/COM53] =60 inv=false[0m
00002.312 [B/COM53] =60 inv=false[0m
00002.312 [A/COM40] =60 inv=false[0m
00002.312 [B/COM53] =60 inv=false[0m
00002.312 [A/COM40] =60 inv=false[0m
00002.312 [B/COM53] =60 inv=false[0m
00002.312 [A/COM40] =60 inv=false[0m
00002.312 [B/COM53] =60 inv=false[0m
00002.312 [A/COM40] =60 inv=false[0m
00002.312 [B/COM53] =60 inv=false[0m
00002.328 [A/COM40] =60 inv=false[0m
00002.328 [B/COM53] =60 inv=false[0m
00002.328 [A/COM40] =60 inv=false[0m
00002.328 [B/COM53] =60 inv=false[0m
00002.328 [A/COM40] =60 inv=false[0m
00002.328 [B/COM53] =60 inv=false[0m
00002.328 [A/COM40] =60 inv=false[0m
00002.328 [B/COM53] =60 inv=false[0m
00002.328 [A/COM40] =60 inv=false[0m
00002.328 [A/COM40] =60 inv=false[0m
00002.328 [A/COM40] =60 inv=false[0m
00002.328 [B/COM53] =60 inv=false[0m
00002.328 [B/COM53] =60 inv=false[0m
00002.328 [A/COM40] =60 inv=false[0m
00002.328 [A/COM40] =60 inv=false[0m
00002.328 [B/COM53] =60 inv=false[0m
00002.328 [A/COM40] =60 inv=false[0m
00002.328 [B/COM53] =60 inv=false[0m
00002.328 [A/COM40] =60 inv=false[0m
00002.328 [B/COM53] =60 inv=false[0m
00002.328 [B/COM53] =60 inv=false[0m
00002.328 [A/COM40] =60 inv=false[0m
00002.328 [B/COM53] =60 inv=false[0m
00002.328 [A/COM40] =60 inv=false[0m
00002.328 [B/COM53] =60 inv=false[0m
00002.328 [A/COM40] =60 inv=false[0m
00002.328 [B/COM53] =60 inv=false[0m
00002.328 [A/COM40] =60 inv=false[0m
00002.328 [A/COM40] =60 inv=false[0m
00002.328 [B/COM53] =60 inv=false[0m
00002.328 [A/COM40] =60 inv=false[0m
00002.328 [B/COM53] =60 inv=false[0m
00002.328 [A/COM40] =60 inv=false[0m
00002.328 [B/COM53] =60 inv=false[0m
00002.328 [A/COM40] =60 inv=false[0m
00002.328 [B/COM53] =60 inv=false[0m
00002.328 [B/COM53] =60 inv=false[0m
00002.328 [A/COM40] =60 inv=false[0m
00002.328 [B/COM53] =60 inv=false[0m
00002.328 [A/COM40] =60 inv=false[0m
00002.328 [B/COM53] =60 inv=false[0m
00002.343 [A/COM40] =60 inv=false[0m
00002.343 [B/COM53] =60 inv=false[0m
00002.343 [B/COM53] =60 inv=false[0m
00002.343 [A/COM40] =60 inv=false[0m
00002.343 [B/COM53] =60 inv=false[0m
00002.343 [A/COM40] =60 inv=false[0m
00002.343 [B/COM53] =60 inv=false[0m
00002.343 [A/COM40] =60 inv=false[0m
00002.343 [B/COM53] =60 inv=false[0m
00002.343 [A/COM40] =60 inv=false[0m
00002.343 [B/COM53] =60 inv=false[0m
00002.343 [A/COM40] =60 inv=false[0m
00002.343 [B/COM53] =60 inv=false[0m
00002.343 [A/COM40] =60 inv=false[0m
00002.343 [B/COM53] =60 inv=false[0m
00002.343 [A/COM40] =60 inv=false[0m
00002.343 [B/COM53] =60 inv=false[0m
00002.343 [A/COM40] =60 inv=false[0m
00002.343 [B/COM53] =60 inv=false[0m
00002.343 [A/COM40] =60 inv=false[0m
00002.343 [B/COM53] =60 inv=false[0m
00002.343 [A/COM40] =60 inv=false[0m
00002.343 [B/COM53] =60 inv=false[0m
00002.343 [A/COM40] =60 inv=false[0m
00002.343 [B/COM53] =60 inv=false[0m
00002.343 [A/COM40] =60 inv=false[0m
00002.343 [B/COM53] =60 inv=false[0m
00002.343 [A/COM40] =60 inv=false[0m
00002.343 [B/COM53] =60 inv=false[0m
00002.343 [A/COM40] =60 inv=false[0m
00002.343 [B/COM53] =60 inv=false[0m
00002.343 [A/COM40] =60 inv=false[0m
00002.343 [B/COM53] =60 inv=false[0m
00002.343 [A/COM40] =60 inv=false[0m
00002.343 [B/COM53] =60 inv=false[0m
00002.343 [A/COM40] =60 inv=false[0m
00002.343 [B/COM53] =60 inv=false[0m
00002.343 [A/COM40] =60 inv=false[0m
00002.343 [B/COM53] =60 inv=false[0m
00002.343 [A/COM40] =60 inv=false[0m
00002.359 [B/COM53] =60 inv=false[0m
00002.359 [A/COM40] =60 inv=false[0m
00002.359 [A/COM40] =60 inv=false[0m
00002.359 [B/COM53] =60 inv=false[0m
00002.359 [B/COM53] =60 inv=false[0m
00002.359 [A/COM40] =60 inv=false[0m
00002.359 [B/COM53] =60 inv=false[0m
00002.359 [A/COM40] =60 inv=false[0m
00002.359 [B/COM53] =60 inv=false[0m
00002.359 [A/COM40] =60 inv=false[0m
00002.359 [B/COM53] =60 inv=false[0m
00002.359 [B/COM53] =60 inv=false[0m
00002.359 [A/COM40] =60 inv=false[0m
00002.359 [A/COM40] =60 inv=false[0m
00002.359 [B/COM53] =60 inv=false[0m
00002.359 [A/COM40] =60 inv=false[0m
00002.359 [B/COM53] =60 inv=false[0m
00002.359 [A/COM40] =60 inv=false[0m
00002.359 [B/COM53] =60 inv=false[0m
00002.359 [A/COM40] =60 inv=false[0m
00002.359 [B/COM53] =60 inv=false[0m
00002.359 [A/COM40] =60 inv=false[0m
00002.359 [B/COM53] =60 inv=false[0m
00002.359 [A/COM40] =60 inv=false[0m
00002.359 [B/COM53] =60 inv=false[0m
00002.359 [A/COM40] =60 inv=false[0m
00002.359 [B/COM53] =60 inv=false[0m
00002.359 [A/COM40] =60 inv=false[0m
00002.359 [B/COM53] =60 inv=false[0m
00002.359 [A/COM40] =60 inv=false[0m
00002.359 [B/COM53] =60 inv=false[0m
00002.359 [A/COM40] =60 inv=false[0m
00002.359 [B/COM53] =60 inv=false[0m
00002.359 [A/COM40] =60 inv=false[0m
00002.359 [B/COM53] =60 inv=false[0m
00002.359 [A/COM40] =60 inv=false[0m
00002.359 [B/COM53] =60 inv=false[0m
00002.359 [A/COM40] =60 inv=false[0m
00002.359 [B/COM53] =60 inv=false[0m
00002.359 [A/COM40] =60 inv=false[0m
00002.359 [B/COM53] =60 inv=false[0m
00002.375 [A/COM40] =60 inv=false[0m
00002.375 [A/COM40] =60 inv=false[0m
00002.375 [B/COM53] =60 inv=false[0m
00002.375 [A/COM40] =60 inv=false[0m
00002.375 [B/COM53] =60 inv=false[0m
00002.375 [A/COM40] =60 inv=false[0m
00002.375 [B/COM53] =60 inv=false[0m
00002.375 [A/COM40] =60 inv=false[0m
00002.375 [B/COM53] =60 inv=false[0m
00002.375 [B/COM53] =60 inv=false[0m
00002.375 [A/COM40] =60 inv=false[0m
00002.375 [A/COM40] =60 inv=false[0m
00002.375 [B/COM53] =60 inv=false[0m
00002.375 [B/COM53] =60 inv=false[0m
00002.375 [A/COM40] =60 inv=false[0m
00002.375 [A/COM40] =60 inv=false[0m
00002.375 [B/COM53] =60 inv=false[0m
00002.375 [B/COM53] =60 inv=false[0m
00002.375 [A/COM40] =60 inv=false[0m
00002.375 [B/COM53] =60 inv=false[0m
00002.375 [A/COM40] =60 inv=false[0m
00002.375 [B/COM53] =60 inv=false[0m
00002.375 [A/COM40] =60 inv=false[0m
00002.375 [B/COM53] =60 inv=false[0m
00002.375 [A/COM40] =60 inv=false[0m
00002.375 [B/COM53] =60 inv=false[0m
00002.375 [A/COM40] =60 inv=false[0m
00002.375 [B/COM53] =60 inv=false[0m
00002.375 [A/COM40] =60 inv=false[0m
00002.375 [B/COM53] =60 inv=false[0m
00002.375 [A/COM40] =60 inv=false[0m
00002.375 [B/COM53] =60 inv=false[0m
00002.375 [A/COM40] =60 inv=false[0m
00002.375 [B/COM53] =60 inv=false[0m
00002.375 [A/COM40] =60 inv=false[0m
00002.375 [B/COM53] =60 inv=false[0m
00002.375 [A/COM40] =60 inv=false[0m
00002.375 [B/COM53] =60 inv=false[0m
00002.390 [A/COM40] =60 inv=false[0m
00002.390 [B/COM53] =60 inv=false[0m
00002.390 [B/COM53] =60 inv=false[0m
00002.390 [A/COM40] =60 inv=false[0m
00002.390 [B/COM53] =60 inv=false[0m
00002.390 [A/COM40] =60 inv=false[0m
00002.390 [B/COM53] =60 inv=false[0m
00002.390 [A/COM40] =60 inv=false[0m
00002.390 [B/COM53] =60 inv=false[0m
00002.390 [A/COM40] =60 inv=false[0m
00002.390 [B/COM53] =60 inv=false[0m
00002.390 [A/COM40] =60 inv=false[0m
00002.390 [B/COM53] =60 inv=false[0m
00002.390 [A/COM40] =60 inv=false[0m
00002.390 [B/COM53] =60 inv=false[0m
00002.390 [A/COM40] =60 inv=false[0m
00002.390 [B/COM53] =60 inv=false[0m
00002.390 [A/COM40] =60 inv=false[0m
00002.390 [B/COM53] =60 inv=false[0m
00002.390 [A/COM40] =60 inv=false[0m
00002.390 [B/COM53] =60 inv=false[0m
00002.390 [A/COM40] =60 inv=false[0m
00002.390 [B/COM53] =60 inv=false[0m
00002.390 [A/COM40] =60 inv=false[0m
00002.390 [B/COM53] =60 inv=false[0m
00002.390 [A/COM40] =60 inv=false[0m
00002.390 [B/COM53] =60 inv=false[0m
00002.390 [A/COM40] =60 inv=false[0m
00002.390 [B/COM53] =60 inv=false[0m
00002.390 [A/COM40] =60 inv=false[0m
00002.390 [B/COM53] =60 inv=false[0m
00002.390 [A/COM40] =60 inv=false[0m
00002.390 [B/COM53] =60 inv=false[0m
00002.390 [A/COM40] =60 inv=false[0m
00002.390 [B/COM53] =60 inv=false[0m
00002.390 [A/COM40] =60 inv=false[0m
00002.390 [B/COM53] =60 inv=false[0m
00002.390 [A/COM40] =60 inv=false[0m
00002.390 [B/COM53] =60 inv=false[0m
00002.390 [A/COM40] =60 inv=false[0m
00002.390 [B/COM53] =60 inv=false[0m
00002.406 [A/COM40] =60 inv=false[0m
00002.406 [B/COM53] =60 inv=false[0m
00002.406 [A/COM40] =60 inv=false[0m
00002.406 [B/COM53] =60 inv=false[0m
00002.406 [A/COM40] =60 inv=false[0m
00002.406 [B/COM53] =60 inv=false[0m
00002.406 [A/COM40] =60 inv=false[0m
00002.406 [B/COM53] =60 inv=false[0m
00002.406 [B/COM53] =60 inv=false[0m
00002.406 [A/COM40] =60 inv=false[0m
00002.406 [A/COM40] =60 inv=false[0m
00002.406 [B/COM53] =60 inv=false[0m
00002.406 [A/COM40] =60 inv=false[0m
00002.406 [B/COM53] =60 inv=false[0m
00002.406 [A/COM40] =60 inv=false[0m
00002.406 [B/COM53] =60 inv=false[0m
00002.406 [A/COM40] =60 inv=false[0m
00002.406 [B/COM53] =60 inv=false[0m
00002.406 [A/COM40] =60 inv=false[0m
00002.406 [B/COM53] =60 inv=false[0m
00002.406 [A/COM40] =60 inv=false[0m
00002.406 [B/COM53] =60 inv=false[0m
00002.406 [A/COM40] =60 inv=false[0m
00002.406 [B/COM53] =60 inv=false[0m
00002.406 [A/COM40] =60 inv=false[0m
00002.406 [B/COM53] =60 inv=false[0m
00002.406 [A/COM40] =60 inv=false[0m
00002.406 [B/COM53] =60 inv=false[0m
00002.406 [A/COM40] =60 inv=false[0m
00002.406 [B/COM53] =60 inv=false[0m
00002.406 [A/COM40] =60 inv=false[0m
00002.406 [B/COM53] =60 inv=false[0m
00002.406 [A/COM40] =60 inv=false[0m
00002.406 [B/COM53] =60 inv=false[0m
00002.406 [A/COM40] =60 inv=false[0m
00002.406 [B/COM53] =60 inv=false[0m
00002.406 [A/COM40] =60 inv=false[0m
00002.406 [B/COM53] =60 inv=false[0m
00002.406 [A/COM40] =60 inv=false[0m
00002.406 [B/COM53] =60 inv=false[0m
00002.406 [A/COM40] =60 inv=false[0m
00002.406 [B/COM53] =60 inv=false[0m
00002.422 [A/COM40] =60 inv=false[0m
00002.422 [B/COM53] =60 inv=false[0m
00002.422 [A/COM40] =60 inv=false[0m
00002.422 [B/COM53] =60 inv=false[0m
00002.422 [A/COM40] =60 inv=false[0m
00002.422 [B/COM53] =60 inv=false[0m
00002.422 [A/COM40] =60 inv=false[0m
00002.422 [B/COM53] =60 inv=false[0m
00002.422 [A/COM40] =60 inv=false[0m
00002.422 [A/COM40] =60 inv=false[0m
00002.422 [B/COM53] =60 inv=false[0m
00002.422 [A/COM40] =60 inv=false[0m
00002.422 [B/COM53] =60 inv=false[0m
00002.422 [A/COM40] =60 inv=false[0m
00002.422 [B/COM53] =60 inv=false[0m
00002.422 [A/COM40] =60 inv=false[0m
00002.422 [B/COM53] =60 inv=false[0m
00002.422 [A/COM40] =60 inv=false[0m
00002.422 [A/COM40] =60 inv=false[0m
00002.422 [B/COM53] =60 inv=false[0m
00002.422 [A/COM40] =60 inv=false[0m
00002.422 [B/COM53] =60 inv=false[0m
00002.422 [A/COM40] =60 inv=false[0m
00002.422 [B/COM53] =60 inv=false[0m
00002.422 [A/COM40] =60 inv=false[0m
00002.422 [B/COM53] =60 inv=false[0m
00002.422 [A/COM40] =60 inv=false[0m
00002.422 [B/COM53] =60 inv=false[0m
00002.422 [A/COM40] =60 inv=false[0m
00002.422 [B/COM53] =60 inv=false[0m
00002.422 [A/COM40] =60 inv=false[0m
00002.422 [B/COM53] =60 inv=false[0m
00002.422 [A/COM40] =60 inv=false[0m
00002.422 [B/COM53] =60 inv=false[0m
00002.422 [A/COM40] =60 inv=false[0m
00002.422 [B/COM53] =60 inv=false[0m
00002.422 [A/COM40] =60 inv=false[0m
00002.422 [B/COM53] =60 inv=false[0m
00002.437 [A/COM40] =60 inv=false[0m
00002.437 [B/COM53] =60 inv=false[0m
00002.437 [B/COM53] =60 inv=false[0m
00002.437 [A/COM40] =60 inv=false[0m
00002.437 [B/COM53] =60 inv=false[0m
00002.437 [A/COM40] =60 inv=false[0m
00002.437 [B/COM53] =60 inv=false[0m
00002.437 [A/COM40] =60 inv=false[0m
00002.437 [B/COM53] =60 inv=false[0m
00002.437 [A/COM40] =60 inv=false[0m
00002.437 [B/COM53] =60 inv=false[0m
00002.437 [A/COM40] =60 inv=false[0m
00002.437 [B/COM53] =60 inv=false[0m
00002.437 [A/COM40] =60 inv=false[0m
00002.437 [B/COM53] =60 inv=false[0m
00002.437 [A/COM40] =60 inv=false[0m
00002.437 [B/COM53] =60 inv=false[0m
00002.437 [A/COM40] =60 inv=false[0m
00002.437 [A/COM40] =60 inv=false[0m
00002.437 [B/COM53] =60 inv=false[0m
00002.437 [A/COM40] =60 inv=false[0m
00002.437 [B/COM53] =60 inv=false[0m
00002.437 [B/COM53] =60 inv=false[0m
00002.437 [A/COM40] =60 inv=false[0m
00002.437 [A/COM40] =60 inv=false[0m
00002.437 [B/COM53] =60 inv=false[0m
00002.437 [A/COM40] =60 inv=false[0m
00002.437 [B/COM53] =60 inv=false[0m
00002.437 [B/COM53] =60 inv=false[0m
00002.437 [A/COM40] =60 inv=false[0m
00002.437 [B/COM53] =60 inv=false[0m
00002.437 [A/COM40] =60 inv=false[0m
00002.437 [A/COM40] =60 inv=false[0m
00002.437 [B/COM53] =60 inv=false[0m
00002.437 [A/COM40] =60 inv=false[0m
00002.437 [B/COM53] =60 inv=false[0m
00002.453 [A/COM40] =60 inv=false[0m
00002.453 [B/COM53] =60 inv=false[0m
00002.453 [A/COM40] =60 inv=false[0m
00002.453 [B/COM53] =60 inv=false[0m
00002.453 [A/COM40] =60 inv=false[0m
00002.453 [B/COM53] =60 inv=false[0m
00002.453 [A/COM40] =60 inv=false[0m
00002.453 [B/COM53] =60 inv=false[0m
00002.453 [A/COM40] =60 inv=false[0m
00002.453 [B/COM53] =60 inv=false[0m
00002.453 [A/COM40] =60 inv=false[0m
00002.453 [B/COM53] =60 inv=false[0m
00002.453 [A/COM40] =60 inv=false[0m
00002.453 [B/COM53] =60 inv=false[0m
00002.453 [A/COM40] =60 inv=false[0m
00002.453 [B/COM53] =60 inv=false[0m
00002.453 [A/COM40] =60 inv=false[0m
00002.453 [B/COM53] =60 inv=false[0m
00002.453 [A/COM40] =60 inv=false[0m
00002.453 [B/COM53] =60 inv=false[0m
00002.453 [A/COM40] =60 inv=false[0m
00002.453 [B/COM53] =60 inv=false[0m
00002.453 [A/COM40] =60 inv=false[0m
00002.453 [B/COM53] =60 inv=false[0m
00002.453 [A/COM40] =60 inv=false[0m
00002.453 [B/COM53] =60 inv=false[0m
00002.453 [A/COM40] =60 inv=false[0m
00002.453 [B/COM53] =60 inv=false[0m
00002.453 [A/COM40] =60 inv=false[0m
00002.453 [B/COM53] =60 inv=false[0m
00002.453 [A/COM40] =60 inv=false[0m
00002.453 [B/COM53] =60 inv=false[0m
00002.453 [A/COM40] =60 inv=false[0m
00002.453 [B/COM53] =60 inv=false[0m
00002.453 [A/COM40] =60 inv=false[0m
00002.468 [B/COM53] =60 inv=false[0m
00002.468 [A/COM40] =60 inv=false[0m
00002.468 [B/COM53] =60 inv=false[0m
00002.468 [A/COM40] =60 inv=false[0m
00002.468 [B/COM53] =60 inv=false[0m
00002.468 [A/COM40] =60 inv=false[0m
00002.468 [B/COM53] =60 inv=false[0m
00002.468 [A/COM40] =60 inv=false[0m
00002.468 [B/COM53] =60 inv=false[0m
00002.468 [A/COM40] =60 inv=false[0m
00002.468 [B/COM53] =60 inv=false[0m
00002.468 [A/COM40] =60 inv=false[0m
00002.468 [B/COM53] =60 inv=false[0m
00002.468 [A/COM40] =60 inv=false[0m
00002.468 [A/COM40] =60 inv=false[0m
00002.468 [B/COM53] =60 inv=false[0m
00002.468 [A/COM40] =60 inv=false[0m
00002.468 [B/COM53] =60 inv=false[0m
00002.468 [A/COM40] =60 inv=false[0m
00002.468 [B/COM53] =60 inv=false[0m
00002.468 [A/COM40] =60 inv=false[0m
00002.468 [B/COM53] =60 inv=false[0m
00002.468 [A/COM40] =60 inv=false[0m
00002.468 [B/COM53] =60 inv=false[0m
00002.468 [A/COM40] =60 inv=false[0m
00002.468 [B/COM53] =60 inv=false[0m
00002.468 [A/COM40] =60 inv=false[0m
00002.468 [B/COM53] =60 inv=false[0m
00002.468 [A/COM40] =60 inv=false[0m
00002.468 [B/COM53] =60 inv=false[0m
00002.468 [A/COM40] =60 inv=false[0m
00002.468 [A/COM40] =60 inv=false[0m
00002.468 [B/COM53] =60 inv=false[0m
00002.468 [B/COM53] =60 inv=false[0m
00002.468 [A/COM40] =60 inv=false[0m
00002.468 [B/COM53] =60 inv=false[0m
00002.468 [A/COM40] =60 inv=false[0m
00002.468 [A/COM40] =60 inv=false[0m
00002.468 [B/COM53] =60 inv=false[0m
00002.468 [A/COM40] =60 inv=false[0m
00002.468 [B/COM53] =60 inv=false[0m
00002.484 [A/COM40] =60 inv=false[0m
00002.484 [B/COM53] =60 inv=false[0m
00002.484 [A/COM40] =60 inv=false[0m
00002.484 [B/COM53] =60 inv=false[0m
00002.484 [A/COM40] =60 inv=false[0m
00002.484 [B/COM53] =60 inv=false[0m
00002.484 [A/COM40] =60 inv=false[0m
00002.484 [B/COM53] =60 inv=false[0m
00002.484 [A/COM40] =60 inv=false[0m
00002.484 [B/COM53] =60 inv=false[0m
00002.484 [A/COM40] =60 inv=false[0m
00002.484 [B/COM53] =60 inv=false[0m
00002.484 [A/COM40] =60 inv=false[0m
00002.484 [B/COM53] =60 inv=false[0m
00002.484 [A/COM40] =60 inv=false[0m
00002.484 [B/COM53] =60 inv=false[0m
00002.484 [A/COM40] =60 inv=false[0m
00002.484 [B/COM53] =60 inv=false[0m
00002.484 [A/COM40] =60 inv=false[0m
00002.484 [B/COM53] =60 inv=false[0m
00002.484 [A/COM40] =60 inv=false[0m
00002.484 [B/COM53] =60 inv=false[0m
00002.484 [A/COM40] =60 inv=false[0m
00002.484 [A/COM40] =60 inv=false[0m
00002.484 [B/COM53] =60 inv=false[0m
00002.484 [B/COM53] =60 inv=false[0m
00002.484 [A/COM40] =60 inv=false[0m
00002.484 [A/COM40] =60 inv=false[0m
00002.484 [B/COM53] =60 inv=false[0m
00002.484 [A/COM40] =60 inv=false[0m
00002.484 [A/COM40] =60 inv=false[0m
00002.484 [B/COM53] =60 inv=false[0m
00002.484 [A/COM40] =60 inv=false[0m
00002.484 [B/COM53] =60 inv=false[0m
00002.484 [A/COM40] =60 inv=false[0m
00002.484 [B/COM53] =60 inv=false[0m
00002.484 [A/COM40] =60 inv=false[0m
00002.484 [B/COM53] =60 inv=false[0m
00002.484 [A/COM40] =60 inv=false[0m
00002.500 [B/COM53] =60 inv=false[0m
00002.500 [A/COM40] =60 inv=false[0m
00002.500 [B/COM53] =60 inv=false[0m
00002.500 [A/COM40] =60 inv=false[0m
00002.500 [B/COM53] =60 inv=false[0m
00002.500 [A/COM40] =60 inv=false[0m
00002.500 [B/COM53] =60 inv=false[0m
00002.500 [A/COM40] =60 inv=false[0m
00002.500 [B/COM53] =60 inv=false[0m
00002.500 [A/COM40] =60 inv=false[0m
00002.500 [B/COM53] =60 inv=false[0m
00002.500 [A/COM40] =60 inv=false[0m
00002.500 [B/COM53] =60 inv=false[0m
00002.500 [A/COM40] =60 inv=false[0m
00002.500 [B/COM53] =60 inv=false[0m
00002.500 [B/COM53] =60 inv=false[0m
00002.500 [A/COM40] =60 inv=false[0m
00002.500 [B/COM53] =60 inv=false[0m
00002.500 [A/COM40] =60 inv=false[0m
00002.500 [B/COM53] =60 inv=false[0m
00002.500 [A/COM40] =60 inv=false[0m
00002.500 [B/COM53] =60 inv=false[0m
00002.500 [A/COM40] =60 inv=false[0m
00002.500 [A/COM40] =60 inv=false[0m
00002.500 [B/COM53] =60 inv=false[0m
00002.500 [A/COM40] =60 inv=false[0m
00002.500 [B/COM53] =60 inv=false[0m
00002.500 [A/COM40] =60 inv=false[0m
00002.500 [B/COM53] =60 inv=false[0m
00002.500 [B/COM53] =60 inv=false[0m
00002.500 [A/COM40] =60 inv=false[0m
00002.500 [B/COM53] =60 inv=false[0m
00002.500 [A/COM40] =60 inv=false[0m
00002.500 [B/COM53] =60 inv=false[0m
00002.500 [A/COM40] =60 inv=false[0m
00002.515 [A/COM40] =60 inv=false[0m
00002.515 [B/COM53] =60 inv=false[0m
00002.515 [B/COM53] =60 inv=false[0m
00002.515 [A/COM40] =60 inv=false[0m
00002.515 [A/COM40] =60 inv=false[0m
00002.515 [B/COM53] =60 inv=false[0m
00002.515 [A/COM40] =60 inv=false[0m
00002.515 [B/COM53] =60 inv=false[0m
00002.515 [A/COM40] =60 inv=false[0m
00002.515 [B/COM53] =60 inv=false[0m
00002.515 [A/COM40] =60 inv=false[0m
00002.515 [A/COM40] =60 inv=false[0m
00002.515 [B/COM53] =60 inv=false[0m
00002.515 [B/COM53] =60 inv=false[0m
00002.515 [A/COM40] =60 inv=false[0m
00002.515 [B/COM53] =60 inv=false[0m
00002.515 [A/COM40] =60 inv=false[0m
00002.515 [B/COM53] =60 inv=false[0m
00002.515 [A/COM40] =60 inv=false[0m
00002.515 [B/COM53] =60 inv=false[0m
00002.515 [A/COM40] =60 inv=false[0m
00002.515 [B/COM53] =60 inv=false[0m
00002.515 [A/COM40] =60 inv=false[0m
00002.515 [B/COM53] =60 inv=false[0m
00002.515 [A/COM40] =60 inv=false[0m
00002.515 [B/COM53] =60 inv=false[0m
00002.515 [A/COM40] =60 inv=false[0m
00002.515 [B/COM53] =60 inv=false[0m
00002.515 [A/COM40] =60 inv=false[0m
00002.515 [B/COM53] =60 inv=false[0m
00002.515 [A/COM40] =60 inv=false[0m
00002.515 [B/COM53] =60 inv=false[0m
00002.515 [A/COM40] =60 inv=false[0m
00002.515 [B/COM53] =60 inv=false[0m
00002.515 [A/COM40] =60 inv=false[0m
00002.515 [B/COM53] =60 inv=false[0m
00002.531 [A/COM40] =60 inv=false[0m
00002.531 [B/COM53] =60 inv=false[0m
00002.531 [A/COM40] =60 inv=false[0m
00002.531 [B/COM53] =60 inv=false[0m
00002.531 [B/COM53] =60 inv=false[0m
00002.531 [A/COM40] =60 inv=false[0m
00002.531 [B/COM53] =60 inv=false[0m
00002.531 [A/COM40] =60 inv=false[0m
00002.531 [B/COM53] =60 inv=false[0m
00002.531 [A/COM40] =60 inv=false[0m
00002.531 [A/COM40] =60 inv=false[0m
00002.531 [B/COM53] =60 inv=false[0m
00002.531 [A/COM40] =60 inv=false[0m
00002.531 [B/COM53] =60 inv=false[0m
00002.531 [A/COM40] =60 inv=false[0m
00002.531 [B/COM53] =60 inv=false[0m
00002.531 [A/COM40] =60 inv=false[0m
00002.531 [B/COM53] =60 inv=false[0m
00002.531 [B/COM53] =60 inv=false[0m
00002.531 [A/COM40] =60 inv=false[0m
00002.531 [A/COM40] =60 inv=false[0m
00002.531 [B/COM53] =60 inv=false[0m
00002.531 [A/COM40] =60 inv=false[0m
00002.531 [A/COM40] =60 inv=false[0m
00002.531 [B/COM53] =60 inv=false[0m
00002.531 [A/COM40] =60 inv=false[0m
00002.531 [B/COM53] =60 inv=false[0m
00002.531 [A/COM40] =60 inv=false[0m
00002.531 [B/COM53] =60 inv=false[0m
00002.531 [A/COM40] =60 inv=false[0m
00002.531 [B/COM53] =60 inv=false[0m
00002.531 [A/COM40] =60 inv=false[0m
00002.531 [B/COM53] =60 inv=false[0m
00002.531 [A/COM40] =60 inv=false[0m
00002.531 [A/COM40] =60 inv=false[0m
00002.531 [B/COM53] =60 inv=false[0m
00002.531 [A/COM40] =60 inv=false[0m
00002.531 [B/COM53] =60 inv=false[0m
00002.531 [A/COM40] =60 inv=false[0m
00002.547 [B/COM53] =60 inv=false[0m
00002.547 [A/COM40] =60 inv=false[0m
00002.547 [A/COM40] =60 inv=false[0m
00002.547 [B/COM53] =60 inv=false[0m
00002.547 [A/COM40] =60 inv=false[0m
00002.547 [B/COM53] =60 inv=false[0m
00002.547 [A/COM40] =60 inv=false[0m
00002.547 [B/COM53] =60 inv=false[0m
00002.547 [B/COM53] =60 inv=false[0m
00002.547 [A/COM40] =60 inv=false[0m
00002.547 [B/COM53] =60 inv=false[0m
00002.547 [A/COM40] =60 inv=false[0m
00002.547 [B/COM53] =60 inv=false[0m
00002.547 [A/COM40] =60 inv=false[0m
00002.547 [B/COM53] =60 inv=false[0m
00002.547 [A/COM40] =60 inv=false[0m
00002.547 [A/COM40] =60 inv=false[0m
00002.547 [B/COM53] =60 inv=false[0m
00002.547 [A/COM40] =60 inv=false[0m
00002.547 [B/COM53] =60 inv=false[0m
00002.547 [A/COM40] =60 inv=false[0m
00002.547 [B/COM53] =60 inv=false[0m
00002.547 [A/COM40] =60 inv=false[0m
00002.547 [B/COM53] =60 inv=false[0m
00002.547 [B/COM53] =60 inv=false[0m
00002.547 [A/COM40] =60 inv=false[0m
00002.547 [B/COM53] =60 inv=false[0m
00002.547 [A/COM40] =60 inv=false[0m
00002.547 [A/COM40] =60 inv=false[0m
00002.547 [B/COM53] =60 inv=false[0m
00002.547 [A/COM40] =60 inv=false[0m
00002.547 [B/COM53] =60 inv=false[0m
00002.547 [A/COM40] =60 inv=false[0m
00002.547 [B/COM53] =60 inv=false[0m
00002.547 [A/COM40] =60 inv=false[0m
00002.547 [B/COM53] =60 inv=false[0m
00002.547 [A/COM40] =60 inv=false[0m
00002.547 [B/COM53] =60 inv=false[0m
00002.547 [A/COM40] =60 inv=false[0m
00002.562 [A/COM40] =60 inv=false[0m
00002.562 [B/COM53] =60 inv=false[0m
00002.562 [A/COM40] =60 inv=false[0m
00002.562 [B/COM53] =60 inv=false[0m
00002.562 [A/COM40] =60 inv=false[0m
00002.562 [B/COM53] =60 inv=false[0m
00002.562 [A/COM40] =60 inv=false[0m
00002.562 [B/COM53] =60 inv=false[0m
00002.562 [A/COM40] =60 inv=false[0m
00002.562 [B/COM53] =60 inv=false[0m
00002.562 [A/COM40] =60 inv=false[0m
00002.562 [B/COM53] =60 inv=false[0m
00002.562 [A/COM40] =60 inv=false[0m
00002.562 [B/COM53] =60 inv=false[0m
00002.562 [A/COM40] =60 inv=false[0m
00002.562 [B/COM53] =60 inv=false[0m
00002.562 [B/COM53] =60 inv=false[0m
00002.562 [A/COM40] =60 inv=false[0m
00002.562 [B/COM53] =60 inv=false[0m
00002.562 [A/COM40] =60 inv=false[0m
00002.562 [B/COM53] =60 inv=false[0m
00002.562 [A/COM40] =60 inv=false[0m
00002.562 [B/COM53] =60 inv=false[0m
00002.562 [A/COM40] =60 inv=false[0m
00002.562 [B/COM53] =60 inv=false[0m
00002.562 [A/COM40] =60 inv=false[0m
00002.562 [B/COM53] =60 inv=false[0m
00002.562 [A/COM40] =60 inv=false[0m
00002.562 [B/COM53] =60 inv=false[0m
00002.562 [A/COM40] =60 inv=false[0m
00002.562 [B/COM53] =60 inv=false[0m
00002.562 [A/COM40] =60 inv=false[0m
00002.562 [B/COM53] =60 inv=false[0m
00002.562 [A/COM40] =60 inv=false[0m
00002.562 [B/COM53] =60 inv=false[0m
00002.562 [A/COM40] =60 inv=false[0m
00002.562 [B/COM53] =60 inv=false[0m
00002.578 [A/COM40] =60 inv=false[0m
00002.578 [A/COM40] =60 inv=false[0m
00002.578 [B/COM53] =60 inv=false[0m
00002.578 [A/COM40] =60 inv=false[0m
00002.578 [B/COM53] =60 inv=false[0m
00002.578 [B/COM53] =60 inv=false[0m
00002.578 [A/COM40] =60 inv=false[0m
00002.578 [B/COM53] =60 inv=false[0m
00002.578 [A/COM40] =60 inv=false[0m
00002.578 [B/COM53] =60 inv=false[0m
00002.578 [A/COM40] =60 inv=false[0m
00002.578 [B/COM53] =60 inv=false[0m
00002.578 [A/COM40] =60 inv=false[0m
00002.578 [B/COM53] =60 inv=false[0m
00002.578 [A/COM40] =60 inv=false[0m
00002.578 [B/COM53] =60 inv=false[0m
00002.578 [A/COM40] =60 inv=false[0m
00002.578 [B/COM53] =60 inv=false[0m
00002.578 [A/COM40] =60 inv=false[0m
00002.578 [B/COM53] =60 inv=false[0m
00002.578 [A/COM40] =60 inv=false[0m
00002.578 [B/COM53] =60 inv=false[0m
00002.578 [A/COM40] =60 inv=false[0m
00002.578 [B/COM53] =60 inv=false[0m
00002.578 [A/COM40] =60 inv=false[0m
00002.578 [B/COM53] =60 inv=false[0m
00002.578 [A/COM40] =60 inv=false[0m
00002.578 [B/COM53] =60 inv=false[0m
00002.578 [A/COM40] =60 inv=false[0m
00002.578 [B/COM53] =60 inv=false[0m
00002.578 [A/COM40] =60 inv=false[0m
00002.593 [B/COM53] =60 inv=false[0m
00002.593 [A/COM40] =60 inv=false[0m
00002.593 [B/COM53] =60 inv=false[0m
00002.593 [A/COM40] =60 inv=false[0m
00002.593 [A/COM40] =60 inv=false[0m
00002.593 [B/COM53] =60 inv=false[0m
00002.593 [A/COM40] =60 inv=false[0m
00002.593 [B/COM53] =60 inv=false[0m
00002.593 [A/COM40] =60 inv=false[0m
00002.593 [B/COM53] =60 inv=false[0m
00002.593 [A/COM40] =60 inv=false[0m
00002.593 [B/COM53] =60 inv=false[0m
00002.593 [A/COM40] =60 inv=false[0m
00002.593 [B/COM53] =60 inv=false[0m
00002.593 [A/COM40] =60 inv=false[0m
00002.593 [B/COM53] =60 inv=false[0m
00002.593 [A/COM40] =60 inv=false[0m
00002.593 [B/COM53] =60 inv=false[0m
00002.593 [A/COM40] =60 inv=false[0m
00002.593 [B/COM53] =60 inv=false[0m
00002.593 [A/COM40] =60 inv=false[0m
00002.593 [B/COM53] =60 inv=false[0m
00002.593 [A/COM40] =60 inv=false[0m
00002.593 [B/COM53] =60 inv=false[0m
00002.593 [A/COM40] =60 inv=false[0m
00002.593 [B/COM53] =60 inv=false[0m
00002.593 [A/COM40] =60 inv=false[0m
00002.593 [B/COM53] =60 inv=false[0m
00002.593 [A/COM40] =60 inv=false[0m
00002.593 [A/COM40] =60 inv=false[0m
00002.593 [B/COM53] =60 inv=false[0m
00002.593 [A/COM40] =60 inv=false[0m
00002.593 [B/COM53] =60 inv=false[0m
00002.609 [A/COM40] =60 inv=false[0m
00002.609 [B/COM53] =60 inv=false[0m
00002.609 [A/COM40] =60 inv=false[0m
00002.609 [A/COM40] =60 inv=false[0m
00002.609 [B/COM53] =60 inv=false[0m
00002.609 [A/COM40] =60 inv=false[0m
00002.609 [B/COM53] =60 inv=false[0m
00002.609 [A/COM40] =60 inv=false[0m
00002.609 [B/COM53] =60 inv=false[0m
00002.609 [B/COM53] =60 inv=false[0m
00002.609 [A/COM40] =60 inv=false[0m
00002.609 [B/COM53] =60 inv=false[0m
00002.609 [A/COM40] =60 inv=false[0m
00002.609 [B/COM53] =60 inv=false[0m
00002.609 [A/COM40] =60 inv=false[0m
00002.609 [B/COM53] =60 inv=false[0m
00002.609 [A/COM40] =60 inv=false[0m
00002.609 [B/COM53] =60 inv=false[0m
00002.609 [A/COM40] =60 inv=false[0m
00002.609 [B/COM53] =60 inv=false[0m
00002.609 [A/COM40] =60 inv=false[0m
00002.609 [B/COM53] =60 inv=false[0m
00002.609 [A/COM40] =60 inv=false[0m
00002.609 [B/COM53] =60 inv=false[0m
00002.609 [A/COM40] =60 inv=false[0m
00002.609 [B/COM53] =60 inv=false[0m
00002.609 [A/COM40] =60 inv=false[0m
00002.609 [B/COM53] =60 inv=false[0m
00002.609 [A/COM40] =60 inv=false[0m
00002.609 [B/COM53] =60 inv=false[0m
00002.609 [A/COM40] =60 inv=false[0m
00002.609 [B/COM53] =60 inv=false[0m
00002.609 [A/COM40] =60 inv=false[0m
00002.609 [B/COM53] =60 inv=false[0m
00002.609 [A/COM40] =60 inv=false[0m
00002.609 [B/COM53] =60 inv=false[0m
00002.609 [A/COM40] =60 inv=false[0m
00002.609 [B/COM53] =60 inv=false[0m
00002.609 [B/COM53] =60 inv=false[0m
00002.609 [A/COM40] =60 inv=false[0m
00002.625 [A/COM40] =60 inv=false[0m
00002.625 [B/COM53] =60 inv=false[0m
00002.625 [A/COM40] =60 inv=false[0m
00002.625 [B/COM53] =60 inv=false[0m
00002.625 [B/COM53] =60 inv=false[0m
00002.625 [A/COM40] =60 inv=false[0m
00002.625 [B/COM53] =60 inv=false[0m
00002.625 [A/COM40] =60 inv=false[0m
00002.625 [A/COM40] =60 inv=false[0m
00002.625 [B/COM53] =60 inv=false[0m
00002.625 [A/COM40] =60 inv=false[0m
00002.625 [B/COM53] =60 inv=false[0m
00002.625 [A/COM40] =60 inv=false[0m
00002.625 [A/COM40] =60 inv=false[0m
00002.625 [B/COM53] =60 inv=false[0m
00002.625 [A/COM40] =60 inv=false[0m
00002.625 [B/COM53] =60 inv=false[0m
00002.625 [A/COM40] =60 inv=false[0m
00002.625 [B/COM53] =60 inv=false[0m
00002.625 [A/COM40] =60 inv=false[0m
00002.625 [B/COM53] =60 inv=false[0m
00002.625 [A/COM40] =60 inv=false[0m
00002.625 [B/COM53] =60 inv=false[0m
00002.625 [A/COM40] =60 inv=false[0m
00002.625 [B/COM53] =60 inv=false[0m
00002.625 [A/COM40] =60 inv=false[0m
00002.625 [B/COM53] =60 inv=false[0m
00002.625 [A/COM40] =60 inv=false[0m
00002.625 [A/COM40] =60 inv=false[0m
00002.625 [B/COM53] =60 inv=false[0m
00002.625 [A/COM40] =60 inv=false[0m
00002.625 [B/COM53] =60 inv=false[0m
00002.625 [A/COM40] =60 inv=false[0m
00002.625 [B/COM53] =60 inv=false[0m
00002.625 [B/COM53] =60 inv=false[0m
00002.625 [A/COM40] =60 inv=false[0m
00002.625 [B/COM53] =60 inv=false[0m
00002.625 [A/COM40] =60 inv=false[0m
00002.625 [B/COM53] =60 inv=false[0m
00002.625 [A/COM40] =60 inv=false[0m
00002.640 [B/COM53] =60 inv=false[0m
00002.640 [A/COM40] =60 inv=false[0m
00002.640 [B/COM53] =60 inv=false[0m
00002.640 [A/COM40] =60 inv=false[0m
00002.640 [B/COM53] =60 inv=false[0m
00002.640 [A/COM40] =60 inv=false[0m
00002.640 [B/COM53] =60 inv=false[0m
00002.640 [A/COM40] =60 inv=false[0m
00002.640 [B/COM53] =60 inv=false[0m
00002.640 [A/COM40] =60 inv=false[0m
00002.640 [B/COM53] =60 inv=false[0m
00002.640 [A/COM40] =60 inv=false[0m
00002.640 [B/COM53] =60 inv=false[0m
00002.640 [A/COM40] =60 inv=false[0m
00002.640 [B/COM53] =60 inv=false[0m
00002.640 [A/COM40] =60 inv=false[0m
00002.640 [B/COM53] =60 inv=false[0m
00002.640 [A/COM40] =60 inv=false[0m
00002.640 [B/COM53] =60 inv=false[0m
00002.640 [A/COM40] =60 inv=false[0m
00002.640 [B/COM53] =60 inv=false[0m
00002.640 [A/COM40] =60 inv=false[0m
00002.640 [B/COM53] =60 inv=false[0m
00002.640 [A/COM40] =60 inv=false[0m
00002.640 [B/COM53] =60 inv=false[0m
00002.640 [A/COM40] =60 inv=false[0m
00002.640 [B/COM53] =60 inv=false[0m
00002.640 [A/COM40] =60 inv=false[0m
00002.640 [A/COM40] =60 inv=false[0m
00002.640 [B/COM53] =60 inv=false[0m
00002.640 [A/COM40] =60 inv=false[0m
00002.640 [B/COM53] =60 inv=false[0m
00002.640 [A/COM40] =60 inv=false[0m
00002.640 [B/COM53] =60 inv=false[0m
00002.656 [A/COM40] =60 inv=false[0m
00002.656 [B/COM53] =60 inv=false[0m
00002.656 [A/COM40] =60 inv=false[0m
00002.656 [B/COM53] =60 inv=false[0m
00002.656 [A/COM40] =60 inv=false[0m
00002.656 [B/COM53] =60 inv=false[0m
00002.656 [A/COM40] =60 inv=false[0m
00002.656 [B/COM53] =60 inv=false[0m
00002.656 [A/COM40] =60 inv=false[0m
00002.656 [A/COM40] =60 inv=false[0m
00002.656 [B/COM53] =60 inv=false[0m
00002.656 [B/COM53] =60 inv=false[0m
00002.656 [A/COM40] =60 inv=false[0m
00002.656 [B/COM53] =60 inv=false[0m
00002.656 [A/COM40] =60 inv=false[0m
00002.656 [B/COM53] =60 inv=false[0m
00002.656 [A/COM40] =60 inv=false[0m
00002.656 [B/COM53] =60 inv=false[0m
00002.656 [A/COM40] =60 inv=false[0m
00002.656 [B/COM53] =60 inv=false[0m
00002.656 [A/COM40] =60 inv=false[0m
00002.656 [B/COM53] =60 inv=false[0m
00002.656 [A/COM40] =60 inv=false[0m
00002.656 [B/COM53] =60 inv=false[0m
00002.656 [A/COM40] =60 inv=false[0m
00002.656 [B/COM53] =60 inv=false[0m
00002.656 [A/COM40] =60 inv=false[0m
00002.656 [B/COM53] =60 inv=false[0m
00002.656 [A/COM40] =60 inv=false[0m
00002.656 [B/COM53] =60 inv=false[0m
00002.656 [A/COM40] =60 inv=false[0m
00002.656 [B/COM53] =60 inv=false[0m
00002.656 [A/COM40] =60 inv=false[0m
00002.656 [B/COM53] =60 inv=false[0m
00002.656 [A/COM40] =60 inv=false[0m
00002.656 [B/COM53] =60 inv=false[0m
00002.656 [A/COM40] =60 inv=false[0m
00002.656 [B/COM53] =60 inv=false[0m
00002.672 [A/COM40] =60 inv=false[0m
00002.672 [B/COM53] =60 inv=false[0m
00002.672 [A/COM40] =60 inv=false[0m
00002.672 [B/COM53] =60 inv=false[0m
00002.672 [A/COM40] =60 inv=false[0m
00002.672 [B/COM53] =60 inv=false[0m
00002.672 [A/COM40] =60 inv=false[0m
00002.672 [B/COM53] =60 inv=false[0m
00002.672 [B/COM53] =60 inv=false[0m
00002.672 [A/COM40] =60 inv=false[0m
00002.672 [A/COM40] =60 inv=false[0m
00002.672 [B/COM53] =60 inv=false[0m
00002.672 [A/COM40] =60 inv=false[0m
00002.672 [B/COM53] =60 inv=false[0m
00002.672 [A/COM40] =60 inv=false[0m
00002.672 [B/COM53] =60 inv=false[0m
00002.672 [A/COM40] =60 inv=false[0m
00002.672 [B/COM53] =60 inv=false[0m
00002.672 [A/COM40] =60 inv=false[0m
00002.672 [B/COM53] =60 inv=false[0m
00002.672 [A/COM40] =60 inv=false[0m
00002.672 [B/COM53] =60 inv=false[0m
00002.672 [A/COM40] =60 inv=false[0m
00002.672 [B/COM53] =60 inv=false[0m
00002.672 [A/COM40] =60 inv=false[0m
00002.672 [B/COM53] =60 inv=false[0m
00002.672 [A/COM40] =60 inv=false[0m
00002.672 [B/COM53] =60 inv=false[0m
00002.672 [A/COM40] =60 inv=false[0m
00002.672 [B/COM53] =60 inv=false[0m
00002.672 [B/COM53] =60 inv=false[0m
00002.672 [A/COM40] =60 inv=false[0m
00002.672 [B/COM53] =60 inv=false[0m
00002.672 [A/COM40] =60 inv=false[0m
00002.672 [B/COM53] =60 inv=false[0m
00002.672 [A/COM40] =60 inv=false[0m
00002.672 [B/COM53] =60 inv=false[0m
00002.687 [B/COM53] =60 inv=false[0m
00002.687 [A/COM40] =60 inv=false[0m
00002.687 [B/COM53] =60 inv=false[0m
00002.687 [A/COM40] =60 inv=false[0m
00002.687 [B/COM53] =60 inv=false[0m
00002.687 [A/COM40] =60 inv=false[0m
00002.687 [B/COM53] =60 inv=false[0m
00002.687 [A/COM40] =60 inv=false[0m
00002.687 [B/COM53] =60 inv=false[0m
00002.687 [A/COM40] =60 inv=false[0m
00002.687 [B/COM53] =60 inv=false[0m
00002.687 [B/COM53] =60 inv=false[0m
00002.687 [A/COM40] =60 inv=false[0m
00002.687 [B/COM53] =60 inv=false[0m
00002.687 [A/COM40] =60 inv=false[0m
00002.687 [B/COM53] =60 inv=false[0m
00002.687 [A/COM40] =60 inv=false[0m
00002.687 [A/COM40] =60 inv=false[0m
00002.687 [B/COM53] =60 inv=false[0m
00002.687 [A/COM40] =60 inv=false[0m
00002.687 [B/COM53] =60 inv=false[0m
00002.687 [A/COM40] =60 inv=false[0m
00002.687 [B/COM53] =60 inv=false[0m
00002.687 [A/COM40] =60 inv=false[0m
00002.687 [B/COM53] =60 inv=false[0m
00002.687 [A/COM40] =60 inv=false[0m
00002.687 [B/COM53] =60 inv=false[0m
00002.687 [A/COM40] =60 inv=false[0m
00002.687 [B/COM53] =60 inv=false[0m
00002.687 [A/COM40] =60 inv=false[0m
00002.687 [A/COM40] =60 inv=false[0m
00002.687 [B/COM53] =60 inv=false[0m
00002.687 [A/COM40] =60 inv=false[0m
00002.687 [B/COM53] =60 inv=false[0m
00002.687 [B/COM53] =60 inv=false[0m
00002.687 [A/COM40] =60 inv=false[0m
00002.687 [B/COM53] =60 inv=false[0m
00002.703 [A/COM40] =60 inv=false[0m
00002.703 [B/COM53] =60 inv=false[0m
00002.703 [A/COM40] =60 inv=false[0m
00002.703 [B/COM53] =60 inv=false[0m
00002.703 [A/COM40] =60 inv=false[0m
00002.703 [B/COM53] =60 inv=false[0m
00002.703 [A/COM40] =60 inv=false[0m
00002.703 [A/COM40] =60 inv=false[0m
00002.703 [B/COM53] =60 inv=false[0m
00002.703 [A/COM40] =60 inv=false[0m
00002.703 [B/COM53] =60 inv=false[0m
00002.703 [A/COM40] =60 inv=false[0m
00002.703 [B/COM53] =60 inv=false[0m
00002.703 [A/COM40] =60 inv=false[0m
00002.703 [B/COM53] =60 inv=false[0m
00002.703 [A/COM40] =60 inv=false[0m
00002.703 [B/COM53] =60 inv=false[0m
00002.703 [A/COM40] =60 inv=false[0m
00002.703 [B/COM53] =60 inv=false[0m
00002.703 [A/COM40] =60 inv=false[0m
00002.703 [B/COM53] =60 inv=false[0m
00002.703 [A/COM40] =60 inv=false[0m
00002.703 [B/COM53] =60 inv=false[0m
00002.703 [A/COM40] =60 inv=false[0m
00002.703 [B/COM53] =60 inv=false[0m
00002.703 [A/COM40] =60 inv=false[0m
00002.703 [B/COM53] =60 inv=false[0m
00002.703 [A/COM40] =60 inv=false[0m
00002.703 [B/COM53] =60 inv=false[0m
00002.703 [A/COM40] =60 inv=false[0m
00002.703 [B/COM53] =60 inv=false[0m
00002.703 [A/COM40] =60 inv=false[0m
00002.703 [B/COM53] =60 inv=false[0m
00002.703 [A/COM40] =60 inv=false[0m
00002.703 [B/COM53] =60 inv=false[0m
00002.703 [A/COM40] =60 inv=false[0m
00002.703 [B/COM53] =60 inv=false[0m
00002.718 [A/COM40] =60 inv=false[0m
00002.718 [B/COM53] =60 inv=false[0m
00002.718 [A/COM40] =60 inv=false[0m
00002.718 [B/COM53] =60 inv=false[0m
00002.718 [A/COM40] =60 inv=false[0m
00002.718 [B/COM53] =60 inv=false[0m
00002.718 [B/COM53] =60 inv=false[0m
00002.718 [A/COM40] =60 inv=false[0m
00002.718 [A/COM40] =60 inv=false[0m
00002.718 [B/COM53] =60 inv=false[0m
00002.718 [A/COM40] =60 inv=false[0m
00002.718 [B/COM53] =60 inv=false[0m
00002.718 [A/COM40] =60 inv=false[0m
00002.718 [B/COM53] =60 inv=false[0m
00002.718 [A/COM40] =60 inv=false[0m
00002.718 [B/COM53] =60 inv=false[0m
00002.718 [A/COM40] =60 inv=false[0m
00002.718 [B/COM53] =60 inv=false[0m
00002.718 [A/COM40] =60 inv=false[0m
00002.718 [B/COM53] =60 inv=false[0m
00002.718 [A/COM40] =60 inv=false[0m
00002.718 [B/COM53] =60 inv=false[0m
00002.718 [A/COM40] =60 inv=false[0m
00002.718 [B/COM53] =60 inv=false[0m
00002.718 [A/COM40] =60 inv=false[0m
00002.718 [B/COM53] =60 inv=false[0m
00002.718 [A/COM40] =60 inv=false[0m
00002.718 [B/COM53] =60 inv=false[0m
00002.718 [A/COM40] =60 inv=false[0m
00002.718 [B/COM53] =60 inv=false[0m
00002.718 [A/COM40] =60 inv=false[0m
00002.718 [B/COM53] =60 inv=false[0m
00002.718 [A/COM40] =60 inv=false[0m
00002.718 [B/COM53] =60 inv=false[0m
00002.718 [B/COM53] =60 inv=false[0m
00002.718 [A/COM40] =60 inv=false[0m
00002.734 [B/COM53] =60 inv=false[0m
00002.734 [A/COM40] =60 inv=false[0m
00002.734 [B/COM53] =60 inv=false[0m
00002.734 [A/COM40] =60 inv=false[0m
00002.734 [B/COM53] =60 inv=false[0m
00002.734 [A/COM40] =60 inv=false[0m
00002.734 [B/COM53] =60 inv=false[0m
00002.734 [A/COM40] =60 inv=false[0m
00002.734 [B/COM53] =60 inv=false[0m
00002.734 [A/COM40] =60 inv=false[0m
00002.734 [B/COM53] =60 inv=false[0m
00002.734 [A/COM40] =60 inv=false[0m
00002.734 [B/COM53] =60 inv=false[0m
00002.734 [A/COM40] =60 inv=false[0m
00002.734 [B/COM53] =60 inv=false[0m
00002.734 [A/COM40] =60 inv=false[0m
00002.734 [B/COM53] =60 inv=false[0m
00002.734 [A/COM40] =60 inv=false[0m
00002.734 [B/COM53] =60 inv=false[0m
00002.734 [A/COM40] =60 inv=false[0m
00002.734 [B/COM53] =60 inv=false[0m
00002.734 [A/COM40] =60 inv=false[0m
00002.734 [A/COM40] =60 inv=false[0m
00002.734 [B/COM53] =60 inv=false[0m
00002.734 [B/COM53] =60 inv=false[0m
00002.734 [A/COM40] =60 inv=false[0m
00002.734 [B/COM53] =60 inv=false[0m
00002.734 [A/COM40] =60 inv=false[0m
00002.734 [B/COM53] =60 inv=false[0m
00002.734 [A/COM40] =60 inv=false[0m
00002.734 [B/COM53] =60 inv=false[0m
00002.734 [A/COM40] =60 inv=false[0m
00002.734 [B/COM53] =60 inv=false[0m
00002.734 [A/COM40] =60 inv=false[0m
00002.734 [B/COM53] =60 inv=false[0m
00002.734 [A/COM40] =60 inv=false[0m
00002.734 [B/COM53] =60 inv=false[0m
00002.734 [A/COM40] =60 inv=false[0m
00002.734 [B/COM53] =60 inv=false[0m
00002.734 [A/COM40] =60 inv=false[0m
00002.750 [B/COM53] =60 inv=false[0m
00002.750 [A/COM40] =60 inv=false[0m
00002.750 [A/COM40] =60 inv=false[0m
00002.750 [B/COM53] =60 inv=false[0m
00002.750 [A/COM40] =60 inv=false[0m
00002.750 [B/COM53] =60 inv=false[0m
00002.750 [A/COM40] =60 inv=false[0m
00002.750 [B/COM53] =60 inv=false[0m
00002.750 [A/COM40] =60 inv=false[0m
00002.750 [B/COM53] =60 inv=false[0m
00002.750 [B/COM53] =60 inv=false[0m
00002.750 [A/COM40] =60 inv=false[0m
00002.750 [B/COM53] =60 inv=false[0m
00002.750 [A/COM40] =60 inv=false[0m
00002.750 [A/COM40] =60 inv=false[0m
00002.750 [B/COM53] =60 inv=false[0m
00002.750 [A/COM40] =60 inv=false[0m
00002.750 [B/COM53] =60 inv=false[0m
00002.750 [A/COM40] =60 inv=false[0m
00002.750 [B/COM53] =60 inv=false[0m
00002.750 [A/COM40] =60 inv=false[0m
00002.750 [B/COM53] =60 inv=false[0m
00002.750 [A/COM40] =60 inv=false[0m
00002.750 [B/COM53] =60 inv=false[0m
00002.750 [A/COM40] =60 inv=false[0m
00002.750 [B/COM53] =60 inv=false[0m
00002.750 [A/COM40] =60 inv=false[0m
00002.750 [B/COM53] =60 inv=false[0m
00002.750 [A/COM40] =60 inv=false[0m
00002.750 [B/COM53] =60 inv=false[0m
00002.750 [A/COM40] =60 inv=false[0m
00002.750 [B/COM53] =60 inv=false[0m
00002.750 [A/COM40] =60 inv=false[0m
00002.750 [B/COM53] =60 inv=false[0m
00002.750 [A/COM40] =60 inv=false[0m
00002.750 [B/COM53] =60 inv=false[0m
00002.750 [A/COM40] =60 inv=false[0m
00002.750 [B/COM53] =60 inv=false[0m
00002.750 [A/COM40] =60 inv=false[0m
00002.765 [B/COM53] =60 inv=false[0m
00002.765 [A/COM40] =60 inv=false[0m
00002.765 [B/COM53] =60 inv=false[0m
00002.765 [A/COM40] =60 inv=false[0m
00002.765 [B/COM53] =60 inv=false[0m
00002.765 [A/COM40] =60 inv=false[0m
00002.765 [B/COM53] =60 inv=false[0m
00002.765 [A/COM40] =60 inv=false[0m
00002.765 [B/COM53] =60 inv=false[0m
00002.765 [A/COM40] =60 inv=false[0m
00002.765 [B/COM53] =60 inv=false[0m
00002.765 [A/COM40] =60 inv=false[0m
00002.765 [B/COM53] =60 inv=false[0m
00002.765 [A/COM40] =60 inv=false[0m
00002.765 [B/COM53] =60 inv=false[0m
00002.765 [A/COM40] =60 inv=false[0m
00002.765 [B/COM53] =60 inv=false[0m
00002.765 [A/COM40] =60 inv=false[0m
00002.765 [B/COM53] =60 inv=false[0m
00002.765 [A/COM40] =60 inv=false[0m
00002.765 [A/COM40] =60 inv=false[0m
00002.765 [B/COM53] =60 inv=false[0m
00002.765 [A/COM40] =60 inv=false[0m
00002.765 [B/COM53] =60 inv=false[0m
00002.765 [B/COM53] =60 inv=false[0m
00002.765 [A/COM40] =60 inv=false[0m
00002.765 [B/COM53] =60 inv=false[0m
00002.765 [A/COM40] =60 inv=false[0m
00002.765 [B/COM53] =60 inv=false[0m
00002.765 [A/COM40] =60 inv=false[0m
00002.765 [B/COM53] =60 inv=false[0m
00002.765 [A/COM40] =60 inv=false[0m
00002.765 [B/COM53] =60 inv=false[0m
00002.765 [A/COM40] =60 inv=false[0m
00002.765 [B/COM53] =60 inv=false[0m
00002.765 [A/COM40] =60 inv=false[0m
00002.765 [B/COM53] =60 inv=false[0m
00002.765 [A/COM40] =60 inv=false[0m
00002.765 [A/COM40] =60 inv=false[0m
00002.781 [B/COM53] =60 inv=false[0m
00002.781 [A/COM40] =60 inv=false[0m
00002.781 [B/COM53] =60 inv=false[0m
00002.781 [A/COM40] =60 inv=false[0m
00002.781 [B/COM53] =60 inv=false[0m
00002.781 [B/COM53] =60 inv=false[0m
00002.781 [A/COM40] =60 inv=false[0m
00002.781 [B/COM53] =60 inv=false[0m
00002.781 [A/COM40] =60 inv=false[0m
00002.781 [B/COM53] =60 inv=false[0m
00002.781 [A/COM40] =60 inv=false[0m
00002.781 [B/COM53] =60 inv=false[0m
00002.781 [A/COM40] =60 inv=false[0m
00002.781 [A/COM40] =60 inv=false[0m
00002.781 [B/COM53] =60 inv=false[0m
00002.781 [A/COM40] =60 inv=false[0m
00002.781 [B/COM53] =60 inv=false[0m
00002.781 [A/COM40] =60 inv=false[0m
00002.781 [B/COM53] =60 inv=false[0m
00002.781 [B/COM53] =60 inv=false[0m
00002.781 [A/COM40] =60 inv=false[0m
00002.781 [A/COM40] =60 inv=false[0m
00002.781 [B/COM53] =60 inv=false[0m
00002.781 [B/COM53] =60 inv=false[0m
00002.781 [A/COM40] =60 inv=false[0m
00002.781 [B/COM53] =60 inv=false[0m
00002.781 [A/COM40] =60 inv=false[0m
00002.781 [A/COM40] =60 inv=false[0m
00002.781 [B/COM53] =60 inv=false[0m
00002.781 [A/COM40] =60 inv=false[0m
00002.781 [B/COM53] =60 inv=false[0m
00002.781 [A/COM40] =60 inv=false[0m
00002.781 [B/COM53] =60 inv=false[0m
00002.781 [A/COM40] =60 inv=false[0m
00002.781 [B/COM53] =60 inv=false[0m
00002.781 [A/COM40] =60 inv=false[0m
00002.781 [B/COM53] =60 inv=false[0m
00002.781 [A/COM40] =60 inv=false[0m
00002.781 [B/COM53] =60 inv=false[0m
00002.781 [A/COM40] =60 inv=false[0m
00002.797 [B/COM53] =60 inv=false[0m
00002.797 [A/COM40] =60 inv=false[0m
00002.797 [A/COM40] =60 inv=false[0m
00002.797 [B/COM53] =60 inv=false[0m
00002.797 [A/COM40] =60 inv=false[0m
00002.797 [B/COM53] =60 inv=false[0m
00002.797 [A/COM40] =60 inv=false[0m
00002.797 [B/COM53] =60 inv=false[0m
00002.797 [A/COM40] =60 inv=false[0m
00002.797 [B/COM53] =60 inv=false[0m
00002.797 [A/COM40] =60 inv=false[0m
00002.797 [B/COM53] =60 inv=false[0m
00002.797 [A/COM40] =60 inv=false[0m
00002.797 [B/COM53] =60 inv=false[0m
00002.797 [A/COM40] =60 inv=false[0m
00002.797 [B/COM53] =60 inv=false[0m
00002.797 [A/COM40] =60 inv=false[0m
00002.797 [B/COM53] =60 inv=false[0m
00002.797 [A/COM40] =60 inv=false[0m
00002.797 [B/COM53] =60 inv=false[0m
00002.797 [A/COM40] =60 inv=false[0m
00002.797 [B/COM53] =60 inv=false[0m
00002.797 [A/COM40] =60 inv=false[0m
00002.797 [A/COM40] =60 inv=false[0m
00002.797 [B/COM53] =60 inv=false[0m
00002.797 [A/COM40] =60 inv=false[0m
00002.797 [B/COM53] =60 inv=false[0m
00002.797 [A/COM40] =60 inv=false[0m
00002.797 [A/COM40] =60 inv=false[0m
00002.797 [B/COM53] =60 inv=false[0m
00002.797 [A/COM40] =60 inv=false[0m
00002.797 [B/COM53] =60 inv=false[0m
00002.797 [A/COM40] =60 inv=false[0m
00002.797 [B/COM53] =60 inv=false[0m
00002.797 [A/COM40] =60 inv=false[0m
00002.797 [B/COM53] =60 inv=false[0m
00002.797 [A/COM40] =60 inv=false[0m
00002.812 [B/COM53] =60 inv=false[0m
00002.812 [A/COM40] =60 inv=false[0m
00002.812 [B/COM53] =60 inv=false[0m
00002.812 [A/COM40] =60 inv=false[0m
00002.812 [B/COM53] =60 inv=false[0m
00002.812 [A/COM40] =60 inv=false[0m
00002.812 [B/COM53] =60 inv=false[0m
00002.812 [A/COM40] =60 inv=false[0m
00002.812 [A/COM40] =60 inv=false[0m
00002.812 [B/COM53] =60 inv=false[0m
00002.812 [A/COM40] =60 inv=false[0m
00002.812 [B/COM53] =60 inv=false[0m
00002.812 [A/COM40] =60 inv=false[0m
00002.812 [B/COM53] =60 inv=false[0m
00002.812 [A/COM40] =60 inv=false[0m
00002.812 [B/COM53] =60 inv=false[0m
00002.812 [A/COM40] =60 inv=false[0m
00002.812 [B/COM53] =60 inv=false[0m
00002.812 [B/COM53] =60 inv=false[0m
00002.812 [A/COM40] =60 inv=false[0m
00002.812 [B/COM53] =60 inv=false[0m
00002.812 [A/COM40] =60 inv=false[0m
00002.812 [B/COM53] =60 inv=false[0m
00002.812 [A/COM40] =60 inv=false[0m
00002.812 [B/COM53] =60 inv=false[0m
00002.812 [A/COM40] =60 inv=false[0m
00002.812 [B/COM53] =60 inv=false[0m
00002.812 [A/COM40] =60 inv=false[0m
00002.812 [B/COM53] =60 inv=false[0m
00002.812 [A/COM40] =60 inv=false[0m
00002.812 [B/COM53] =60 inv=false[0m
00002.812 [A/COM40] =60 inv=false[0m
00002.812 [A/COM40] =60 inv=false[0m
00002.812 [B/COM53] =60 inv=false[0m
00002.812 [A/COM40] =60 inv=false[0m
00002.812 [B/COM53] =60 inv=false[0m
00002.828 [A/COM40] =60 inv=false[0m
00002.828 [B/COM53] =60 inv=false[0m
00002.828 [A/COM40] =60 inv=false[0m
00002.828 [B/COM53] =60 inv=false[0m
00002.828 [A/COM40] =60 inv=false[0m
00002.828 [B/COM53] =60 inv=false[0m
00002.828 [A/COM40] =60 inv=false[0m
00002.828 [B/COM53] =60 inv=false[0m
00002.828 [A/COM40] =60 inv=false[0m
00002.828 [B/COM53] =60 inv=false[0m
00002.828 [A/COM40] =60 inv=false[0m
00002.828 [B/COM53] =60 inv=false[0m
00002.828 [A/COM40] =60 inv=false[0m
00002.828 [B/COM53] =60 inv=false[0m
00002.828 [B/COM53] =60 inv=false[0m
00002.828 [A/COM40] =60 inv=false[0m
00002.828 [B/COM53] =60 inv=false[0m
00002.828 [A/COM40] =60 inv=false[0m
00002.828 [B/COM53] =60 inv=false[0m
00002.828 [A/COM40] =60 inv=false[0m
00002.828 [A/COM40] =60 inv=false[0m
00002.828 [B/COM53] =60 inv=false[0m
00002.828 [A/COM40] =60 inv=false[0m
00002.828 [B/COM53] =60 inv=false[0m
00002.828 [A/COM40] =60 inv=false[0m
00002.828 [B/COM53] =60 inv=false[0m
00002.828 [A/COM40] =60 inv=false[0m
00002.828 [B/COM53] =60 inv=false[0m
00002.828 [A/COM40] =60 inv=false[0m
00002.828 [B/COM53] =60 inv=false[0m
00002.828 [A/COM40] =60 inv=false[0m
00002.828 [B/COM53] =60 inv=false[0m
00002.828 [A/COM40] =60 inv=false[0m
00002.828 [B/COM53] =60 inv=false[0m
00002.828 [A/COM40] =60 inv=false[0m
00002.828 [B/COM53] =60 inv=false[0m
00002.828 [A/COM40] =60 inv=false[0m
00002.828 [A/COM40] =60 inv=false[0m
00002.828 [B/COM53] =60 inv=false[0m
00002.843 [A/COM40] =60 inv=false[0m
00002.843 [B/COM53] =60 inv=false[0m
00002.843 [A/COM40] =60 inv=false[0m
00002.843 [B/COM53] =60 inv=false[0m
00002.843 [A/COM40] =60 inv=false[0m
00002.843 [B/COM53] =60 inv=false[0m
00002.843 [A/COM40] =60 inv=false[0m
00002.843 [B/COM53] =60 inv=false[0m
00002.843 [B/COM53] =60 inv=false[0m
00002.843 [A/COM40] =60 inv=false[0m
00002.843 [A/COM40] =60 inv=false[0m
00002.843 [B/COM53] =60 inv=false[0m
00002.843 [A/COM40] =60 inv=false[0m
00002.843 [B/COM53] =60 inv=false[0m
00002.843 [A/COM40] =60 inv=false[0m
00002.843 [B/COM53] =60 inv=false[0m
00002.843 [B/COM53] =60 inv=false[0m
00002.843 [A/COM40] =60 inv=false[0m
00002.843 [B/COM53] =60 inv=false[0m
00002.843 [A/COM40] =60 inv=false[0m
00002.843 [B/COM53] =60 inv=false[0m
00002.843 [A/COM40] =60 inv=false[0m
00002.843 [B/COM53] =60 inv=false[0m
00002.843 [A/COM40] =60 inv=false[0m
00002.843 [A/COM40] =60 inv=false[0m
00002.843 [B/COM53] =60 inv=false[0m
00002.843 [A/COM40] =60 inv=false[0m
00002.843 [B/COM53] =60 inv=false[0m
00002.843 [A/COM40] =60 inv=false[0m
00002.843 [B/COM53] =60 inv=false[0m
00002.843 [A/COM40] =60 inv=false[0m
00002.843 [B/COM53] =60 inv=false[0m
00002.843 [A/COM40] =60 inv=false[0m
00002.843 [B/COM53] =60 inv=false[0m
00002.843 [A/COM40] =60 inv=false[0m
00002.859 [B/COM53] =60 inv=false[0m
00002.859 [A/COM40] =60 inv=false[0m
00002.859 [B/COM53] =60 inv=false[0m
00002.859 [A/COM40] =60 inv=false[0m
00002.859 [B/COM53] =60 inv=false[0m
00002.859 [A/COM40] =60 inv=false[0m
00002.859 [B/COM53] =60 inv=false[0m
00002.859 [A/COM40] =60 inv=false[0m
00002.859 [B/COM53] =60 inv=false[0m
00002.859 [A/COM40] =60 inv=false[0m
00002.859 [B/COM53] =60 inv=false[0m
00002.859 [A/COM40] =60 inv=false[0m
00002.859 [B/COM53] =60 inv=false[0m
00002.859 [A/COM40] =60 inv=false[0m
00002.859 [B/COM53] =60 inv=false[0m
00002.859 [A/COM40] =60 inv=false[0m
00002.859 [B/COM53] =60 inv=false[0m
00002.859 [A/COM40] =60 inv=false[0m
00002.859 [B/COM53] =60 inv=false[0m
00002.859 [A/COM40] =60 inv=false[0m
00002.859 [B/COM53] =60 inv=false[0m
00002.859 [A/COM40] =60 inv=false[0m
00002.859 [B/COM53] =60 inv=false[0m
00002.859 [A/COM40] =60 inv=false[0m
00002.859 [B/COM53] =60 inv=false[0m
00002.859 [A/COM40] =60 inv=false[0m
00002.859 [B/COM53] =60 inv=false[0m
00002.859 [A/COM40] =60 inv=false[0m
00002.859 [B/COM53] =60 inv=false[0m
00002.859 [A/COM40] =60 inv=false[0m
00002.859 [B/COM53] =60 inv=false[0m
00002.859 [A/COM40] =60 inv=false[0m
00002.859 [A/COM40] =60 inv=false[0m
00002.859 [B/COM53] =60 inv=false[0m
00002.859 [A/COM40] =60 inv=false[0m
00002.859 [B/COM53] =60 inv=false[0m
00002.875 [A/COM40] =60 inv=false[0m
00002.875 [B/COM53] =60 inv=false[0m
00002.875 [A/COM40] =60 inv=false[0m
00002.875 [B/COM53] =60 inv=false[0m
00002.875 [A/COM40] =60 inv=false[0m
00002.875 [B/COM53] =60 inv=false[0m
00002.875 [B/COM53] =60 inv=false[0m
00002.875 [A/COM40] =60 inv=false[0m
00002.875 [B/COM53] =60 inv=false[0m
00002.875 [A/COM40] =60 inv=false[0m
00002.875 [A/COM40] =60 inv=false[0m
00002.875 [B/COM53] =60 inv=false[0m
00002.875 [A/COM40] =60 inv=false[0m
00002.875 [B/COM53] =60 inv=false[0m
00002.875 [A/COM40] =60 inv=false[0m
00002.875 [B/COM53] =60 inv=false[0m
00002.875 [A/COM40] =60 inv=false[0m
00002.875 [B/COM53] =60 inv=false[0m
00002.875 [A/COM40] =60 inv=false[0m
00002.875 [B/COM53] =60 inv=false[0m
00002.875 [A/COM40] =60 inv=false[0m
00002.875 [B/COM53] =60 inv=false[0m
00002.875 [B/COM53] =60 inv=false[0m
00002.875 [A/COM40] =60 inv=false[0m
00002.875 [B/COM53] =60 inv=false[0m
00002.875 [A/COM40] =60 inv=false[0m
00002.875 [B/COM53] =60 inv=false[0m
00002.875 [A/COM40] =60 inv=false[0m
00002.875 [B/COM53] =60 inv=false[0m
00002.875 [A/COM40] =60 inv=false[0m
00002.875 [B/COM53] =60 inv=false[0m
00002.875 [A/COM40] =60 inv=false[0m
00002.875 [B/COM53] =60 inv=false[0m
00002.875 [A/COM40] =60 inv=false[0m
00002.875 [B/COM53] =60 inv=false[0m
00002.875 [A/COM40] =60 inv=false[0m
00002.875 [B/COM53] =60 inv=false[0m
00002.875 [A/COM40] =60 inv=false[0m
00002.875 [B/COM53] =60 inv=false[0m
00002.875 [A/COM40] =60 inv=false[0m
00002.875 [B/COM53] =60 inv=false[0m
00002.875 [A/COM40] =60 inv=false[0m
00002.890 [B/COM53] =60 inv=false[0m
00002.890 [A/COM40] =60 inv=false[0m
00002.890 [B/COM53] =60 inv=false[0m
00002.890 [A/COM40] =60 inv=false[0m
00002.890 [B/COM53] =60 inv=false[0m
00002.890 [A/COM40] =60 inv=false[0m
00002.890 [B/COM53] =60 inv=false[0m
00002.890 [A/COM40] =60 inv=false[0m
00002.890 [B/COM53] =60 inv=false[0m
00002.890 [A/COM40] =60 inv=false[0m
00002.890 [B/COM53] =60 inv=false[0m
00002.890 [B/COM53] =60 inv=false[0m
00002.890 [A/COM40] =60 inv=false[0m
00002.890 [B/COM53] =60 inv=false[0m
00002.890 [A/COM40] =60 inv=false[0m
00002.890 [A/COM40] =60 inv=false[0m
00002.890 [B/COM53] =60 inv=false[0m
00002.890 [A/COM40] =60 inv=false[0m
00002.890 [B/COM53] =60 inv=false[0m
00002.890 [B/COM53] =60 inv=false[0m
00002.890 [A/COM40] =60 inv=false[0m
00002.890 [A/COM40] =60 inv=false[0m
00002.890 [B/COM53] =60 inv=false[0m
00002.890 [A/COM40] =60 inv=false[0m
00002.890 [B/COM53] =60 inv=false[0m
00002.890 [A/COM40] =60 inv=false[0m
00002.890 [B/COM53] =60 inv=false[0m
00002.890 [A/COM40] =60 inv=false[0m
00002.890 [B/COM53] =60 inv=false[0m
00002.890 [A/COM40] =60 inv=false[0m
00002.890 [A/COM40] =60 inv=false[0m
00002.890 [B/COM53] =60 inv=false[0m
00002.890 [A/COM40] =60 inv=false[0m
00002.890 [B/COM53] =60 inv=false[0m
00002.890 [A/COM40] =60 inv=false[0m
00002.906 [B/COM53] =60 inv=false[0m
00002.906 [A/COM40] =60 inv=false[0m
00002.906 [B/COM53] =60 inv=false[0m
00002.906 [A/COM40] =60 inv=false[0m
00002.906 [B/COM53] =60 inv=false[0m
00002.906 [A/COM40] =60 inv=false[0m
00002.906 [B/COM53] =60 inv=false[0m
00002.906 [A/COM40] =60 inv=false[0m
00002.906 [B/COM53] =60 inv=false[0m
00002.906 [A/COM40] =60 inv=false[0m
00002.906 [B/COM53] =60 inv=false[0m
00002.906 [A/COM40] =60 inv=false[0m
00002.906 [B/COM53] =60 inv=false[0m
00002.906 [A/COM40] =60 inv=false[0m
00002.906 [A/COM40] =60 inv=false[0m
00002.906 [B/COM53] =60 inv=false[0m
00002.906 [A/COM40] =60 inv=false[0m
00002.906 [B/COM53] =60 inv=false[0m
00002.906 [A/COM40] =60 inv=false[0m
00002.906 [B/COM53] =60 inv=false[0m
00002.906 [A/COM40] =60 inv=false[0m
00002.906 [B/COM53] =60 inv=false[0m
00002.906 [A/COM40] =60 inv=false[0m
00002.906 [B/COM53] =60 inv=false[0m
00002.906 [A/COM40] =60 inv=false[0m
00002.906 [B/COM53] =60 inv=false[0m
00002.906 [A/COM40] =60 inv=false[0m
00002.906 [B/COM53] =60 inv=false[0m
00002.906 [A/COM40] =60 inv=false[0m
00002.906 [A/COM40] =60 inv=false[0m
00002.906 [B/COM53] =60 inv=false[0m
00002.906 [A/COM40] =60 inv=false[0m
00002.906 [B/COM53] =60 inv=false[0m
00002.906 [A/COM40] =60 inv=false[0m
00002.906 [B/COM53] =60 inv=false[0m
00002.906 [A/COM40] =60 inv=false[0m
00002.906 [B/COM53] =60 inv=false[0m
00002.922 [A/COM40] =60 inv=false[0m
00002.922 [B/COM53] =60 inv=false[0m
00002.922 [A/COM40] =60 inv=false[0m
00002.922 [B/COM53] =60 inv=false[0m
00002.922 [A/COM40] =60 inv=false[0m
00002.922 [B/COM53] =60 inv=false[0m
00002.922 [A/COM40] =60 inv=false[0m
00002.922 [B/COM53] =60 inv=false[0m
00002.922 [A/COM40] =60 inv=false[0m
00002.922 [B/COM53] =60 inv=false[0m
00002.922 [A/COM40] =60 inv=false[0m
00002.922 [A/COM40] =60 inv=false[0m
00002.922 [B/COM53] =60 inv=false[0m
00002.922 [A/COM40] =60 inv=false[0m
00002.922 [B/COM53] =60 inv=false[0m
00002.922 [A/COM40] =60 inv=false[0m
00002.922 [B/COM53] =60 inv=false[0m
00002.922 [A/COM40] =60 inv=false[0m
00002.922 [B/COM53] =60 inv=false[0m
00002.922 [A/COM40] =60 inv=false[0m
00002.922 [B/COM53] =60 inv=false[0m
00002.922 [A/COM40] =60 inv=false[0m
00002.922 [B/COM53] =60 inv=false[0m
00002.922 [A/COM40] =60 inv=false[0m
00002.922 [B/COM53] =60 inv=false[0m
00002.922 [A/COM40] =60 inv=false[0m
00002.922 [B/COM53] =60 inv=false[0m
00002.922 [A/COM40] =60 inv=false[0m
00002.922 [B/COM53] =60 inv=false[0m
00002.922 [A/COM40] =60 inv=false[0m
00002.922 [B/COM53] =60 inv=false[0m
00002.922 [A/COM40] =60 inv=false[0m
00002.922 [B/COM53] =60 inv=false[0m
00002.922 [A/COM40] =60 inv=false[0m
00002.922 [B/COM53] =60 inv=false[0m
00002.937 [A/COM40] =60 inv=false[0m
00002.937 [B/COM53] =60 inv=false[0m
00002.937 [A/COM40] =60 inv=false[0m
00002.937 [A/COM40] =60 inv=false[0m
00002.937 [B/COM53] =60 inv=false[0m
00002.937 [A/COM40] =60 inv=false[0m
00002.937 [B/COM53] =60 inv=false[0m
00002.937 [A/COM40] =60 inv=false[0m
00002.937 [B/COM53] =60 inv=false[0m
00002.937 [B/COM53] =60 inv=false[0m
00002.937 [A/COM40] =60 inv=false[0m
00002.937 [A/COM40] =60 inv=false[0m
00002.937 [B/COM53] =60 inv=false[0m
00002.937 [A/COM40] =60 inv=false[0m
00002.937 [B/COM53] =60 inv=false[0m
00002.937 [A/COM40] =60 inv=false[0m
00002.937 [B/COM53] =60 inv=false[0m
00002.937 [B/COM53] =60 inv=false[0m
00002.937 [A/COM40] =60 inv=false[0m
00002.937 [B/COM53] =60 inv=false[0m
00002.937 [A/COM40] =60 inv=false[0m
00002.937 [A/COM40] =60 inv=false[0m
00002.937 [B/COM53] =60 inv=false[0m
00002.937 [A/COM40] =60 inv=false[0m
00002.937 [B/COM53] =60 inv=false[0m
00002.937 [A/COM40] =60 inv=false[0m
00002.937 [B/COM53] =60 inv=false[0m
00002.937 [B/COM53] =60 inv=false[0m
00002.937 [A/COM40] =60 inv=false[0m
00002.937 [B/COM53] =60 inv=false[0m
00002.937 [A/COM40] =60 inv=false[0m
00002.937 [A/COM40] =60 inv=false[0m
00002.937 [B/COM53] =60 inv=false[0m
00002.937 [A/COM40] =60 inv=false[0m
00002.937 [B/COM53] =60 inv=false[0m
00002.937 [A/COM40] =60 inv=false[0m
00002.937 [B/COM53] =60 inv=false[0m
00002.937 [A/COM40] =60 inv=false[0m
00002.937 [B/COM53] =60 inv=false[0m
00002.953 [A/COM40] =60 inv=false[0m
00002.953 [B/COM53] =60 inv=false[0m
00002.953 [A/COM40] =60 inv=false[0m
00002.953 [B/COM53] =60 inv=false[0m
00002.953 [B/COM53] =60 inv=false[0m
00002.953 [A/COM40] =60 inv=false[0m
00002.953 [B/COM53] =60 inv=false[0m
00002.953 [A/COM40] =60 inv=false[0m
00002.953 [B/COM53] =60 inv=false[0m
00002.953 [A/COM40] =60 inv=false[0m
00002.953 [A/COM40] =60 inv=false[0m
00002.953 [B/COM53] =60 inv=false[0m
00002.953 [A/COM40] =60 inv=false[0m
00002.953 [B/COM53] =60 inv=false[0m
00002.953 [A/COM40] =60 inv=false[0m
00002.953 [B/COM53] =60 inv=false[0m
00002.953 [A/COM40] =60 inv=false[0m
00002.953 [B/COM53] =60 inv=false[0m
00002.953 [A/COM40] =60 inv=false[0m
00002.953 [B/COM53] =60 inv=false[0m
00002.953 [A/COM40] =60 inv=false[0m
00002.953 [B/COM53] =60 inv=false[0m
00002.953 [A/COM40] =60 inv=false[0m
00002.953 [B/COM53] =60 inv=false[0m
00002.953 [A/COM40] =60 inv=false[0m
00002.953 [B/COM53] =60 inv=false[0m
00002.953 [A/COM40] =60 inv=false[0m
00002.953 [B/COM53] =60 inv=false[0m
00002.953 [B/COM53] =60 inv=false[0m
00002.953 [A/COM40] =60 inv=false[0m
00002.953 [B/COM53] =60 inv=false[0m
00002.953 [A/COM40] =60 inv=false[0m
00002.953 [A/COM40] =60 inv=false[0m
00002.953 [B/COM53] =60 inv=false[0m
00002.953 [A/COM40] =60 inv=false[0m
00002.953 [B/COM53] =60 inv=false[0m
00002.953 [A/COM40] =60 inv=false[0m
00002.968 [B/COM53] =60 inv=false[0m
00002.968 [A/COM40] =60 inv=false[0m
00002.968 [B/COM53] =60 inv=false[0m
00002.968 [A/COM40] =60 inv=false[0m
00002.968 [B/COM53] =60 inv=false[0m
00002.968 [A/COM40] =60 inv=false[0m
00002.968 [A/COM40] =60 inv=false[0m
00002.968 [B/COM53] =60 inv=false[0m
00002.968 [B/COM53] =60 inv=false[0m
00002.968 [A/COM40] =60 inv=false[0m
00002.968 [A/COM40] =60 inv=false[0m
00002.968 [B/COM53] =60 inv=false[0m
00002.968 [A/COM40] =60 inv=false[0m
00002.968 [B/COM53] =60 inv=false[0m
00002.968 [A/COM40] =60 inv=false[0m
00002.968 [B/COM53] =60 inv=false[0m
00002.968 [A/COM40] =60 inv=false[0m
00002.968 [B/COM53] =60 inv=false[0m
00002.968 [A/COM40] =60 inv=false[0m
00002.968 [B/COM53] =60 inv=false[0m
00002.968 [B/COM53] =60 inv=false[0m
00002.968 [A/COM40] =60 inv=false[0m
00002.968 [B/COM53] =60 inv=false[0m
00002.968 [A/COM40] =60 inv=false[0m
00002.968 [B/COM53] =60 inv=false[0m
00002.968 [B/COM53] =60 inv=false[0m
00002.968 [A/COM40] =60 inv=false[0m
00002.968 [B/COM53] =60 inv=false[0m
00002.968 [A/COM40] =60 inv=false[0m
00002.968 [B/COM53] =60 inv=false[0m
00002.968 [A/COM40] =60 inv=false[0m
00002.968 [B/COM53] =60 inv=false[0m
00002.968 [A/COM40] =60 inv=false[0m
00002.968 [B/COM53] =60 inv=false[0m
00002.968 [A/COM40] =60 inv=false[0m
00002.968 [B/COM53] =60 inv=false[0m
00002.968 [A/COM40] =60 inv=false[0m
00002.968 [B/COM53] =60 inv=false[0m
00002.984 [A/COM40] =60 inv=false[0m
00002.984 [B/COM53] =60 inv=false[0m
00002.984 [A/COM40] =60 inv=false[0m
00002.984 [B/COM53] =60 inv=false[0m
00002.984 [A/COM40] =60 inv=false[0m
00002.984 [B/COM53] =60 inv=false[0m
00002.984 [A/COM40] =60 inv=false[0m
00002.984 [B/COM53] =60 inv=false[0m
00002.984 [A/COM40] =60 inv=false[0m
00002.984 [B/COM53] =60 inv=false[0m
00002.984 [A/COM40] =60 inv=false[0m
00002.984 [B/COM53] =60 inv=false[0m
00002.984 [A/COM40] =60 inv=false[0m
00002.984 [B/COM53] =60 inv=false[0m
00002.984 [A/COM40] =60 inv=false[0m
00002.984 [B/COM53] =60 inv=false[0m
00002.984 [A/COM40] =60 inv=false[0m
00002.984 [A/COM40] =60 inv=false[0m
00002.984 [B/COM53] =60 inv=false[0m
00002.984 [A/COM40] =60 inv=false[0m
00002.984 [B/COM53] =60 inv=false[0m
00002.984 [A/COM40] =60 inv=false[0m
00002.984 [B/COM53] =60 inv=false[0m
00002.984 [A/COM40] =60 inv=false[0m
00002.984 [B/COM53] =60 inv=false[0m
00002.984 [B/COM53] =60 inv=false[0m
00002.984 [A/COM40] =60 inv=false[0m
00002.984 [B/COM53] =60 inv=false[0m
00002.984 [A/COM40] =60 inv=false[0m
00002.984 [B/COM53] =60 inv=false[0m
00002.984 [A/COM40] =60 inv=false[0m
00002.984 [B/COM53] =60 inv=false[0m
00002.984 [A/COM40] =60 inv=false[0m
00002.984 [B/COM53] =60 inv=false[0m
00002.984 [A/COM40] =60 inv=false[0m
00002.984 [A/COM40] =60 inv=false[0m
00002.984 [B/COM53] =60 inv=false[0m
00003.000 [A/COM40] =60 inv=false[0m
00003.000 [B/COM53] =60 inv=false[0m
00003.000 [A/COM40] =60 inv=false[0m
00003.000 [B/COM53] =60 inv=false[0m
00003.000 [A/COM40] =60 inv=false[0m
00003.000 [B/COM53] =60 inv=false[0m
00003.000 [A/COM40] =60 inv=false[0m
00003.000 [B/COM53] =60 inv=false[0m
00003.000 [B/COM53] =60 inv=false[0m
00003.000 [A/COM40] =60 inv=false[0m
00003.000 [B/COM53] =60 inv=false[0m
00003.000 [A/COM40] =60 inv=false[0m
00003.000 [A/COM40] =60 inv=false[0m
00003.000 [B/COM53] =60 inv=false[0m
00003.000 [A/COM40] =60 inv=false[0m
00003.000 [B/COM53] =60 inv=false[0m
00003.000 [A/COM40] =60 inv=false[0m
00003.000 [B/COM53] =60 inv=false[0m
00003.000 [A/COM40] =60 inv=false[0m
00003.000 [B/COM53] =60 inv=false[0m
00003.000 [A/COM40] =60 inv=false[0m
00003.000 [B/COM53] =60 inv=false[0m
00003.000 [A/COM40] =60 inv=false[0m
00003.000 [A/COM40] =60 inv=false[0m
00003.000 [B/COM53] =60 inv=false[0m
00003.000 [A/COM40] =60 inv=false[0m
00003.000 [B/COM53] =60 inv=false[0m
00003.000 [A/COM40] =60 inv=false[0m
00003.000 [B/COM53] =60 inv=false[0m
00003.000 [A/COM40] =60 inv=false[0m
00003.000 [B/COM53] =60 inv=false[0m
00003.000 [A/COM40] =60 inv=false[0m
00003.000 [B/COM53] =60 inv=false[0m
00003.000 [A/COM40] =60 inv=false[0m
00003.000 [B/COM53] =60 inv=false[0m
00003.000 [A/COM40] =60 inv=false[0m
00003.000 [B/COM53] =60 inv=false[0m
00003.000 [A/COM40] =60 inv=false[0m
00003.000 [B/COM53] =60 inv=false[0m
00003.015 [A/COM40] =60 inv=false[0m
00003.015 [B/COM53] =60 inv=false[0m
00003.015 [A/COM40] =60 inv=false[0m
00003.015 [B/COM53] =60 inv=false[0m
00003.015 [A/COM40] =60 inv=false[0m
00003.015 [B/COM53] =60 inv=false[0m
00003.015 [A/COM40] =60 inv=false[0m
00003.015 [B/COM53] =60 inv=false[0m
00003.015 [A/COM40] =60 inv=false[0m
00003.015 [B/COM53] =60 inv=false[0m
00003.015 [A/COM40] =60 inv=false[0m
00003.015 [B/COM53] =60 inv=false[0m
00003.015 [A/COM40] =60 inv=false[0m
00003.015 [B/COM53] =60 inv=false[0m
00003.015 [A/COM40] =60 inv=false[0m
00003.015 [B/COM53] =60 inv=false[0m
00003.015 [B/COM53] =60 inv=false[0m
00003.015 [A/COM40] =60 inv=false[0m
00003.015 [B/COM53] =60 inv=false[0m
00003.015 [A/COM40] =60 inv=false[0m
00003.015 [B/COM53] =60 inv=false[0m
00003.015 [A/COM40] =60 inv=false[0m
00003.015 [B/COM53] =60 inv=false[0m
00003.015 [A/COM40] =60 inv=false[0m
00003.015 [B/COM53] =60 inv=false[0m
00003.015 [A/COM40] =60 inv=false[0m
00003.015 [B/COM53] =60 inv=false[0m
00003.015 [A/COM40] =60 inv=false[0m
00003.015 [B/COM53] =60 inv=false[0m
00003.015 [A/COM40] =60 inv=false[0m
00003.015 [B/COM53] =60 inv=false[0m
00003.015 [A/COM40] =60 inv=false[0m
00003.015 [B/COM53] =60 inv=false[0m
00003.015 [B/COM53] =60 inv=false[0m
00003.015 [A/COM40] =60 inv=false[0m
00003.015 [A/COM40] =60 inv=false[0m
00003.015 [B/COM53] =60 inv=false[0m
00003.015 [A/COM40] =60 inv=false[0m
00003.015 [B/COM53] =60 inv=false[0m
00003.031 [A/COM40] =60 inv=false[0m
00003.031 [B/COM53] =60 inv=false[0m
00003.031 [A/COM40] =60 inv=false[0m
00003.031 [B/COM53] =60 inv=false[0m
00003.031 [A/COM40] =60 inv=false[0m
00003.031 [B/COM53] =60 inv=false[0m
00003.031 [A/COM40] =60 inv=false[0m
00003.031 [B/COM53] =60 inv=false[0m
00003.031 [A/COM40] =60 inv=false[0m
00003.031 [B/COM53] =60 inv=false[0m
00003.031 [A/COM40] =60 inv=false[0m
00003.031 [B/COM53] =60 inv=false[0m
00003.031 [A/COM40] =60 inv=false[0m
00003.031 [B/COM53] =60 inv=false[0m
00003.031 [A/COM40] =60 inv=false[0m
00003.031 [B/COM53] =60 inv=false[0m
00003.031 [A/COM40] =60 inv=false[0m
00003.031 [B/COM53] =60 inv=false[0m
00003.031 [B/COM53] =60 inv=false[0m
00003.031 [A/COM40] =60 inv=false[0m
00003.031 [A/COM40] =60 inv=false[0m
00003.031 [B/COM53] =60 inv=false[0m
00003.031 [A/COM40] =60 inv=false[0m
00003.031 [B/COM53] =60 inv=false[0m
00003.031 [A/COM40] =60 inv=false[0m
00003.031 [B/COM53] =60 inv=false[0m
00003.031 [A/COM40] =60 inv=false[0m
00003.031 [B/COM53] =60 inv=false[0m
00003.031 [B/COM53] =60 inv=false[0m
00003.031 [A/COM40] =60 inv=false[0m
00003.031 [B/COM53] =60 inv=false[0m
00003.031 [A/COM40] =60 inv=false[0m
00003.031 [B/COM53] =60 inv=false[0m
00003.031 [A/COM40] =60 inv=false[0m
00003.031 [B/COM53] =60 inv=false[0m
00003.031 [A/COM40] =60 inv=false[0m
00003.031 [B/COM53] =60 inv=false[0m
00003.047 [A/COM40] =60 inv=false[0m
00003.047 [B/COM53] =60 inv=false[0m
00003.047 [A/COM40] =60 inv=false[0m
00003.047 [B/COM53] =60 inv=false[0m
00003.047 [A/COM40] =60 inv=false[0m
00003.047 [B/COM53] =60 inv=false[0m
00003.047 [A/COM40] =60 inv=false[0m
00003.047 [B/COM53] =60 inv=false[0m
00003.047 [A/COM40] =60 inv=false[0m
00003.047 [B/COM53] =60 inv=false[0m
00003.047 [A/COM40] =60 inv=false[0m
00003.047 [B/COM53] =60 inv=false[0m
00003.047 [A/COM40] =60 inv=false[0m
00003.047 [A/COM40] =60 inv=false[0m
00003.047 [B/COM53] =60 inv=false[0m
00003.047 [A/COM40] =60 inv=false[0m
00003.047 [B/COM53] =60 inv=false[0m
00003.047 [A/COM40] =60 inv=false[0m
00003.047 [B/COM53] =60 inv=false[0m
00003.047 [A/COM40] =60 inv=false[0m
00003.047 [B/COM53] =60 inv=false[0m
00003.047 [A/COM40] =60 inv=false[0m
00003.047 [B/COM53] =60 inv=false[0m
00003.047 [B/COM53] =60 inv=false[0m
00003.047 [A/COM40] =60 inv=false[0m
00003.047 [B/COM53] =60 inv=false[0m
00003.047 [A/COM40] =60 inv=false[0m
00003.047 [A/COM40] =60 inv=false[0m
00003.047 [B/COM53] =60 inv=false[0m
00003.047 [A/COM40] =60 inv=false[0m
00003.047 [B/COM53] =60 inv=false[0m
00003.047 [A/COM40] =60 inv=false[0m
00003.047 [B/COM53] =60 inv=false[0m
00003.047 [A/COM40] =60 inv=false[0m
00003.047 [B/COM53] =60 inv=false[0m
00003.047 [A/COM40] =60 inv=false[0m
00003.062 [B/COM53] =60 inv=false[0m
00003.062 [A/COM40] =60 inv=false[0m
00003.062 [B/COM53] =60 inv=false[0m
00003.062 [B/COM53] =60 inv=false[0m
00003.062 [A/COM40] =60 inv=false[0m
00003.062 [B/COM53] =60 inv=false[0m
00003.062 [A/COM40] =60 inv=false[0m
00003.062 [B/COM53] =60 inv=false[0m
00003.062 [A/COM40] =60 inv=false[0m
00003.062 [A/COM40] =60 inv=false[0m
00003.062 [B/COM53] =60 inv=false[0m
00003.062 [A/COM40] =60 inv=false[0m
00003.062 [B/COM53] =60 inv=false[0m
00003.062 [B/COM53] =60 inv=false[0m
00003.062 [A/COM40] =60 inv=false[0m
00003.062 [B/COM53] =60 inv=false[0m
00003.062 [B/COM53] =60 inv=false[0m
00003.062 [A/COM40] =60 inv=false[0m
00003.062 [B/COM53] =60 inv=false[0m
00003.062 [A/COM40] =60 inv=false[0m
00003.062 [A/COM40] =60 inv=false[0m
00003.062 [B/COM53] =60 inv=false[0m
00003.062 [A/COM40] =60 inv=false[0m
00003.062 [B/COM53] =60 inv=false[0m
00003.062 [A/COM40] =60 inv=false[0m
00003.062 [B/COM53] =60 inv=false[0m
00003.062 [A/COM40] =60 inv=false[0m
00003.062 [B/COM53] =60 inv=false[0m
00003.062 [A/COM40] =60 inv=false[0m
00003.062 [B/COM53] =60 inv=false[0m
00003.062 [A/COM40] =60 inv=false[0m
00003.062 [B/COM53] =60 inv=false[0m
00003.062 [A/COM40] =60 inv=false[0m
00003.062 [B/COM53] =60 inv=false[0m
00003.062 [A/COM40] =60 inv=false[0m
00003.062 [B/COM53] =60 inv=false[0m
00003.062 [A/COM40] =60 inv=false[0m
00003.062 [B/COM53] =60 inv=false[0m
00003.078 [A/COM40] =60 inv=false[0m
00003.078 [B/COM53] =60 inv=false[0m
00003.078 [A/COM40] =60 inv=false[0m
00003.078 [B/COM53] =60 inv=false[0m
00003.078 [A/COM40] =60 inv=false[0m
00003.078 [B/COM53] =60 inv=false[0m
00003.078 [A/COM40] =60 inv=false[0m
00003.078 [B/COM53] =60 inv=false[0m
00003.078 [A/COM40] =60 inv=false[0m
00003.078 [B/COM53] =60 inv=false[0m
00003.078 [A/COM40] =60 inv=false[0m
00003.078 [B/COM53] =60 inv=false[0m
00003.078 [A/COM40] =60 inv=false[0m
00003.078 [B/COM53] =60 inv=false[0m
00003.078 [A/COM40] =60 inv=false[0m
00003.078 [B/COM53] =60 inv=false[0m
00003.078 [A/COM40] =60 inv=false[0m
00003.078 [B/COM53] =60 inv=false[0m
00003.078 [A/COM40] =60 inv=false[0m
00003.078 [B/COM53] =60 inv=false[0m
00003.078 [A/COM40] =60 inv=false[0m
00003.078 [B/COM53] =60 inv=false[0m
00003.078 [A/COM40] =60 inv=false[0m
00003.078 [B/COM53] =60 inv=false[0m
00003.078 [A/COM40] =60 inv=false[0m
00003.078 [B/COM53] =60 inv=false[0m
00003.078 [A/COM40] =60 inv=false[0m
00003.078 [B/COM53] =60 inv=false[0m
00003.078 [A/COM40] =60 inv=false[0m
00003.078 [B/COM53] =60 inv=false[0m
00003.078 [A/COM40] =60 inv=false[0m
00003.078 [B/COM53] =60 inv=false[0m
00003.078 [A/COM40] =60 inv=false[0m
00003.078 [B/COM53] =60 inv=false[0m
00003.078 [A/COM40] =60 inv=false[0m
00003.078 [B/COM53] =60 inv=false[0m
00003.093 [B/COM53] =60 inv=false[0m
00003.093 [A/COM40] =60 inv=false[0m
00003.093 [B/COM53] =60 inv=false[0m
00003.093 [A/COM40] =60 inv=false[0m
00003.093 [B/COM53] =60 inv=false[0m
00003.093 [A/COM40] =60 inv=false[0m
00003.093 [B/COM53] =60 inv=false[0m
00003.093 [A/COM40] =60 inv=false[0m
00003.093 [B/COM53] =60 inv=false[0m
00003.093 [A/COM40] =60 inv=false[0m
00003.093 [B/COM53] =60 inv=false[0m
00003.093 [A/COM40] =60 inv=false[0m
00003.093 [B/COM53] =60 inv=false[0m
00003.093 [A/COM40] =60 inv=false[0m
00003.093 [A/COM40] =60 inv=false[0m
00003.093 [B/COM53] =60 inv=false[0m
00003.093 [A/COM40] =60 inv=false[0m
00003.093 [B/COM53] =60 inv=false[0m
00003.093 [B/COM53] =60 inv=false[0m
00003.093 [A/COM40] =60 inv=false[0m
00003.093 [B/COM53] =60 inv=false[0m
00003.093 [A/COM40] =60 inv=false[0m
00003.093 [B/COM53] =60 inv=false[0m
00003.093 [A/COM40] =60 inv=false[0m
00003.093 [B/COM53] =60 inv=false[0m
00003.093 [A/COM40] =60 inv=false[0m
00003.093 [B/COM53] =60 inv=false[0m
00003.093 [A/COM40] =60 inv=false[0m
00003.093 [B/COM53] =60 inv=false[0m
00003.093 [B/COM53] =60 inv=false[0m
00003.093 [A/COM40] =60 inv=false[0m
00003.093 [B/COM53] =60 inv=false[0m
00003.093 [A/COM40] =60 inv=false[0m
00003.093 [B/COM53] =60 inv=false[0m
00003.093 [A/COM40] =60 inv=false[0m
00003.093 [B/COM53] =60 inv=false[0m
00003.093 [A/COM40] =60 inv=false[0m
00003.093 [B/COM53] =60 inv=false[0m
00003.093 [A/COM40] =60 inv=false[0m
00003.109 [B/COM53] =60 inv=false[0m
00003.109 [A/COM40] =60 inv=false[0m
00003.109 [B/COM53] =60 inv=false[0m
00003.109 [A/COM40] =60 inv=false[0m
00003.109 [B/COM53] =60 inv=false[0m
00003.109 [A/COM40] =60 inv=false[0m
00003.109 [B/COM53] =60 inv=false[0m
00003.109 [A/COM40] =60 inv=false[0m
00003.109 [B/COM53] =60 inv=false[0m
00003.109 [A/COM40] =60 inv=false[0m
00003.109 [B/COM53] =60 inv=false[0m
00003.109 [A/COM40] =60 inv=false[0m
00003.109 [B/COM53] =60 inv=false[0m
00003.109 [A/COM40] =60 inv=false[0m
00003.109 [B/COM53] =60 inv=false[0m
00003.109 [A/COM40] =60 inv=false[0m
00003.109 [B/COM53] =60 inv=false[0m
00003.109 [A/COM40] =60 inv=false[0m
00003.109 [B/COM53] =60 inv=false[0m
00003.109 [A/COM40] =60 inv=false[0m
00003.109 [B/COM53] =60 inv=false[0m
00003.109 [A/COM40] =60 inv=false[0m
00003.109 [A/COM40] =60 inv=false[0m
00003.109 [B/COM53] =60 inv=false[0m
00003.109 [B/COM53] =60 inv=false[0m
00003.109 [A/COM40] =60 inv=false[0m
00003.109 [B/COM53] =60 inv=false[0m
00003.109 [A/COM40] =60 inv=false[0m
00003.109 [B/COM53] =60 inv=false[0m
00003.109 [A/COM40] =60 inv=false[0m
00003.109 [B/COM53] =60 inv=false[0m
00003.109 [B/COM53] =60 inv=false[0m
00003.109 [A/COM40] =60 inv=false[0m
00003.109 [B/COM53] =60 inv=false[0m
00003.109 [A/COM40] =60 inv=false[0m
00003.109 [B/COM53] =60 inv=false[0m
00003.109 [A/COM40] =60 inv=false[0m
00003.109 [B/COM53] =60 inv=false[0m
00003.109 [A/COM40] =60 inv=false[0m
00003.125 [B/COM53] =60 inv=false[0m
00003.125 [A/COM40] =60 inv=false[0m
00003.125 [B/COM53] =60 inv=false[0m
00003.125 [A/COM40] =60 inv=false[0m
00003.125 [B/COM53] =60 inv=false[0m
00003.125 [A/COM40] =60 inv=false[0m
00003.125 [B/COM53] =60 inv=false[0m
00003.125 [A/COM40] =60 inv=false[0m
00003.125 [B/COM53] =60 inv=false[0m
00003.125 [A/COM40] =60 inv=false[0m
00003.125 [B/COM53] =60 inv=false[0m
00003.125 [A/COM40] =60 inv=false[0m
00003.125 [B/COM53] =60 inv=false[0m
00003.125 [A/COM40] =60 inv=false[0m
00003.125 [B/COM53] =60 inv=false[0m
00003.125 [A/COM40] =60 inv=false[0m
00003.125 [B/COM53] =60 inv=false[0m
00003.125 [A/COM40] =60 inv=false[0m
00003.125 [B/COM53] =60 inv=false[0m
00003.125 [A/COM40] =60 inv=false[0m
00003.125 [B/COM53] =60 inv=false[0m
00003.125 [A/COM40] =60 inv=false[0m
00003.125 [A/COM40] =60 inv=false[0m
00003.125 [B/COM53] =60 inv=false[0m
00003.125 [A/COM40] =60 inv=false[0m
00003.125 [B/COM53] =60 inv=false[0m
00003.125 [A/COM40] =60 inv=false[0m
00003.125 [B/COM53] =60 inv=false[0m
00003.125 [A/COM40] =60 inv=false[0m
00003.125 [B/COM53] =60 inv=false[0m
00003.125 [A/COM40] =60 inv=false[0m
00003.125 [B/COM53] =60 inv=false[0m
00003.125 [A/COM40] =60 inv=false[0m
00003.125 [B/COM53] =60 inv=false[0m
00003.125 [B/COM53] =60 inv=false[0m
00003.125 [A/COM40] =60 inv=false[0m
00003.125 [B/COM53] =60 inv=false[0m
00003.125 [A/COM40] =60 inv=false[0m
00003.125 [B/COM53] =60 inv=false[0m
00003.125 [A/COM40] =60 inv=false[0m
00003.125 [B/COM53] =60 inv=false[0m
00003.125 [B/COM53] =60 inv=false[0m
00003.140 [A/COM40] =60 inv=false[0m
00003.140 [B/COM53] =60 inv=false[0m
00003.140 [A/COM40] =60 inv=false[0m
00003.140 [B/COM53] =60 inv=false[0m
00003.140 [A/COM40] =60 inv=false[0m
00003.140 [B/COM53] =60 inv=false[0m
00003.140 [A/COM40] =60 inv=false[0m
00003.140 [B/COM53] =60 inv=false[0m
00003.140 [A/COM40] =60 inv=false[0m
00003.140 [A/COM40] =60 inv=false[0m
00003.140 [B/COM53] =60 inv=false[0m
00003.140 [B/COM53] =60 inv=false[0m
00003.140 [A/COM40] =60 inv=false[0m
00003.140 [B/COM53] =60 inv=false[0m
00003.140 [A/COM40] =60 inv=false[0m
00003.140 [B/COM53] =60 inv=false[0m
00003.140 [B/COM53] =60 inv=false[0m
00003.140 [A/COM40] =60 inv=false[0m
00003.140 [B/COM53] =60 inv=false[0m
00003.140 [A/COM40] =60 inv=false[0m
00003.140 [B/COM53] =60 inv=false[0m
00003.140 [A/COM40] =60 inv=false[0m
00003.140 [B/COM53] =60 inv=false[0m
00003.140 [A/COM40] =60 inv=false[0m
00003.140 [B/COM53] =60 inv=false[0m
00003.140 [A/COM40] =60 inv=false[0m
00003.140 [B/COM53] =60 inv=false[0m
00003.140 [A/COM40] =60 inv=false[0m
00003.140 [B/COM53] =60 inv=false[0m
00003.140 [A/COM40] =60 inv=false[0m
00003.140 [B/COM53] =60 inv=false[0m
00003.140 [A/COM40] =60 inv=false[0m
00003.140 [A/COM40] =60 inv=false[0m
00003.140 [B/COM53] =60 inv=false[0m
00003.140 [A/COM40] =60 inv=false[0m
00003.140 [B/COM53] =60 inv=false[0m
00003.156 [A/COM40] =60 inv=false[0m
00003.156 [B/COM53] =60 inv=false[0m
00003.156 [A/COM40] =60 inv=false[0m
00003.156 [B/COM53] =60 inv=false[0m
00003.156 [A/COM40] =60 inv=false[0m
00003.156 [B/COM53] =60 inv=false[0m
00003.156 [A/COM40] =60 inv=false[0m
00003.156 [B/COM53] =60 inv=false[0m
00003.156 [A/COM40] =60 inv=false[0m
00003.156 [B/COM53] =60 inv=false[0m
00003.156 [A/COM40] =60 inv=false[0m
00003.156 [B/COM53] =60 inv=false[0m
00003.156 [B/COM53] =60 inv=false[0m
00003.156 [A/COM40] =60 inv=false[0m
00003.156 [A/COM40] =60 inv=false[0m
00003.156 [B/COM53] =60 inv=false[0m
00003.156 [A/COM40] =60 inv=false[0m
00003.156 [B/COM53] =60 inv=false[0m
00003.156 [A/COM40] =60 inv=false[0m
00003.156 [B/COM53] =60 inv=false[0m
00003.156 [A/COM40] =60 inv=false[0m
00003.156 [B/COM53] =60 inv=false[0m
00003.156 [A/COM40] =60 inv=false[0m
00003.156 [B/COM53] =60 inv=false[0m
00003.156 [A/COM40] =60 inv=false[0m
00003.156 [B/COM53] =60 inv=false[0m
00003.156 [A/COM40] =60 inv=false[0m
00003.156 [B/COM53] =60 inv=false[0m
00003.156 [A/COM40] =60 inv=false[0m
00003.156 [B/COM53] =60 inv=false[0m
00003.156 [A/COM40] =60 inv=false[0m
00003.156 [B/COM53] =60 inv=false[0m
00003.156 [A/COM40] =60 inv=false[0m
00003.156 [B/COM53] =60 inv=false[0m
00003.156 [A/COM40] =60 inv=false[0m
00003.156 [B/COM53] =60 inv=false[0m
00003.156 [A/COM40] =60 inv=false[0m
00003.156 [B/COM53] =60 inv=false[0m
00003.156 [A/COM40] =60 inv=false[0m
00003.156 [B/COM53] =60 inv=false[0m
00003.156 [A/COM40] =60 inv=false[0m
00003.156 [B/COM53] =60 inv=false[0m
00003.156 [A/COM40] =60 inv=false[0m
00003.172 [B/COM53] =60 inv=false[0m
00003.172 [A/COM40] =60 inv=false[0m
00003.172 [B/COM53] =60 inv=false[0m
00003.172 [A/COM40] =60 inv=false[0m
00003.172 [B/COM53] =60 inv=false[0m
00003.172 [A/COM40] =60 inv=false[0m
00003.172 [B/COM53] =60 inv=false[0m
00003.172 [A/COM40] =60 inv=false[0m
00003.172 [B/COM53] =60 inv=false[0m
00003.172 [A/COM40] =60 inv=false[0m
00003.172 [B/COM53] =60 inv=false[0m
00003.172 [A/COM40] =60 inv=false[0m
00003.172 [B/COM53] =60 inv=false[0m
00003.172 [A/COM40] =60 inv=false[0m
00003.172 [B/COM53] =60 inv=false[0m
00003.172 [A/COM40] =60 inv=false[0m
00003.172 [B/COM53] =60 inv=false[0m
00003.172 [A/COM40] =60 inv=false[0m
00003.172 [B/COM53] =60 inv=false[0m
00003.172 [A/COM40] =60 inv=false[0m
00003.172 [B/COM53] =60 inv=false[0m
00003.172 [A/COM40] =60 inv=false[0m
00003.172 [B/COM53] =60 inv=false[0m
00003.172 [A/COM40] =60 inv=false[0m
00003.172 [B/COM53] =60 inv=false[0m
00003.172 [B/COM53] =60 inv=false[0m
00003.172 [A/COM40] =60 inv=false[0m
00003.172 [B/COM53] =60 inv=false[0m
00003.172 [A/COM40] =60 inv=false[0m
00003.172 [B/COM53] =60 inv=false[0m
00003.172 [A/COM40] =60 inv=false[0m
00003.172 [B/COM53] =60 inv=false[0m
00003.172 [A/COM40] =60 inv=false[0m
00003.172 [B/COM53] =60 inv=false[0m
00003.172 [A/COM40] =60 inv=false[0m
00003.172 [B/COM53] =60 inv=false[0m
00003.172 [A/COM40] =60 inv=false[0m
00003.172 [B/COM53] =60 inv=false[0m
00003.172 [A/COM40] =60 inv=false[0m
00003.187 [B/COM53] =60 inv=false[0m
00003.187 [A/COM40] =60 inv=false[0m
00003.187 [B/COM53] =60 inv=false[0m
00003.187 [A/COM40] =60 inv=false[0m
00003.187 [B/COM53] =60 inv=false[0m
00003.187 [A/COM40] =60 inv=false[0m
00003.187 [B/COM53] =60 inv=false[0m
00003.187 [A/COM40] =60 inv=false[0m
00003.187 [B/COM53] =60 inv=false[0m
00003.187 [A/COM40] =60 inv=false[0m
00003.187 [B/COM53] =60 inv=false[0m
00003.187 [A/COM40] =60 inv=false[0m
00003.187 [B/COM53] =60 inv=false[0m
00003.187 [A/COM40] =60 inv=false[0m
00003.187 [B/COM53] =60 inv=false[0m
00003.187 [A/COM40] =60 inv=false[0m
00003.187 [B/COM53] =60 inv=false[0m
00003.187 [A/COM40] =60 inv=false[0m
00003.187 [B/COM53] =60 inv=false[0m
00003.187 [A/COM40] =60 inv=false[0m
00003.187 [B/COM53] =60 inv=false[0m
00003.187 [B/COM53] =60 inv=false[0m
00003.187 [A/COM40] =60 inv=false[0m
00003.187 [B/COM53] =60 inv=false[0m
00003.187 [B/COM53] =60 inv=false[0m
00003.187 [A/COM40] =60 inv=false[0m
00003.187 [B/COM53] =60 inv=false[0m
00003.187 [A/COM40] =60 inv=false[0m
00003.187 [A/COM40] =60 inv=false[0m
00003.187 [B/COM53] =60 inv=false[0m
00003.187 [A/COM40] =60 inv=false[0m
00003.187 [B/COM53] =60 inv=false[0m
00003.187 [B/COM53] =60 inv=false[0m
00003.187 [A/COM40] =60 inv=false[0m
00003.187 [B/COM53] =60 inv=false[0m
00003.187 [A/COM40] =60 inv=false[0m
00003.187 [B/COM53] =60 inv=false[0m
00003.203 [A/COM40] =60 inv=false[0m
00003.203 [B/COM53] =60 inv=false[0m
00003.203 [A/COM40] =60 inv=false[0m
00003.203 [B/COM53] =60 inv=false[0m
00003.203 [A/COM40] =60 inv=false[0m
00003.203 [B/COM53] =60 inv=false[0m
00003.203 [A/COM40] =60 inv=false[0m
00003.203 [B/COM53] =60 inv=false[0m
00003.203 [B/COM53] =60 inv=false[0m
00003.203 [A/COM40] =60 inv=false[0m
00003.203 [B/COM53] =60 inv=false[0m
00003.203 [A/COM40] =60 inv=false[0m
00003.203 [B/COM53] =60 inv=false[0m
00003.203 [B/COM53] =60 inv=false[0m
00003.203 [A/COM40] =60 inv=false[0m
00003.203 [B/COM53] =60 inv=false[0m
00003.203 [A/COM40] =60 inv=false[0m
00003.203 [A/COM40] =60 inv=false[0m
00003.203 [B/COM53] =60 inv=false[0m
00003.203 [B/COM53] =60 inv=false[0m
00003.203 [A/COM40] =60 inv=false[0m
00003.203 [B/COM53] =60 inv=false[0m
00003.203 [A/COM40] =60 inv=false[0m
00003.203 [B/COM53] =60 inv=false[0m
00003.203 [A/COM40] =60 inv=false[0m
00003.203 [B/COM53] =60 inv=false[0m
00003.203 [A/COM40] =60 inv=false[0m
00003.203 [A/COM40] =60 inv=false[0m
00003.203 [B/COM53] =60 inv=false[0m
00003.203 [A/COM40] =60 inv=false[0m
00003.203 [B/COM53] =60 inv=false[0m
00003.203 [A/COM40] =60 inv=false[0m
00003.203 [B/COM53] =60 inv=false[0m
00003.203 [A/COM40] =60 inv=false[0m
00003.203 [B/COM53] =60 inv=false[0m
00003.203 [B/COM53] =60 inv=false[0m
00003.203 [A/COM40] =60 inv=false[0m
00003.203 [B/COM53] =60 inv=false[0m
00003.203 [A/COM40] =60 inv=false[0m
00003.203 [B/COM53] =60 inv=false[0m
00003.203 [A/COM40] =60 inv=false[0m
00003.218 [B/COM53] =60 inv=false[0m
00003.218 [A/COM40] =60 inv=false[0m
00003.218 [B/COM53] =60 inv=false[0m
00003.218 [A/COM40] =60 inv=false[0m
00003.218 [B/COM53] =60 inv=false[0m
00003.218 [A/COM40] =60 inv=false[0m
00003.218 [B/COM53] =60 inv=false[0m
00003.218 [A/COM40] =60 inv=false[0m
00003.218 [A/COM40] =60 inv=false[0m
00003.218 [B/COM53] =60 inv=false[0m
00003.218 [A/COM40] =60 inv=false[0m
00003.218 [B/COM53] =60 inv=false[0m
00003.218 [A/COM40] =60 inv=false[0m
00003.218 [B/COM53] =60 inv=false[0m
00003.218 [A/COM40] =60 inv=false[0m
00003.218 [B/COM53] =60 inv=false[0m
00003.218 [A/COM40] =60 inv=false[0m
00003.218 [B/COM53] =60 inv=false[0m
00003.218 [A/COM40] =60 inv=false[0m
00003.218 [B/COM53] =60 inv=false[0m
00003.218 [A/COM40] =60 inv=false[0m
00003.218 [B/COM53] =60 inv=false[0m
00003.218 [A/COM40] =60 inv=false[0m
00003.218 [B/COM53] =60 inv=false[0m
00003.218 [A/COM40] =60 inv=false[0m
00003.218 [B/COM53] =60 inv=false[0m
00003.218 [A/COM40] =60 inv=false[0m
00003.218 [A/COM40] =60 inv=false[0m
00003.218 [B/COM53] =60 inv=false[0m
00003.218 [A/COM40] =60 inv=false[0m
00003.218 [A/COM40] =60 inv=false[0m
00003.218 [B/COM53] =60 inv=false[0m
00003.218 [A/COM40] =60 inv=false[0m
00003.218 [B/COM53] =60 inv=false[0m
00003.218 [A/COM40] =60 inv=false[0m
00003.218 [B/COM53] =60 inv=false[0m
00003.218 [A/COM40] =60 inv=false[0m
00003.218 [B/COM53] =60 inv=false[0m
00003.218 [A/COM40] =60 inv=false[0m
00003.218 [A/COM40] =60 inv=false[0m
00003.234 [B/COM53] =60 inv=false[0m
00003.234 [A/COM40] =60 inv=false[0m
00003.234 [B/COM53] =60 inv=false[0m
00003.234 [B/COM53] =60 inv=false[0m
00003.234 [A/COM40] =60 inv=false[0m
00003.234 [B/COM53] =60 inv=false[0m
00003.234 [A/COM40] =60 inv=false[0m
00003.234 [B/COM53] =60 inv=false[0m
00003.234 [A/COM40] =60 inv=false[0m
00003.234 [B/COM53] =60 inv=false[0m
00003.234 [A/COM40] =60 inv=false[0m
00003.234 [B/COM53] =60 inv=false[0m
00003.234 [A/COM40] =60 inv=false[0m
00003.234 [B/COM53] =60 inv=false[0m
00003.234 [A/COM40] =60 inv=false[0m
00003.234 [B/COM53] =60 inv=false[0m
00003.234 [A/COM40] =60 inv=false[0m
00003.234 [B/COM53] =60 inv=false[0m
00003.234 [A/COM40] =60 inv=false[0m
00003.234 [B/COM53] =60 inv=false[0m
00003.234 [A/COM40] =60 inv=false[0m
00003.234 [B/COM53] =60 inv=false[0m
00003.234 [A/COM40] =60 inv=false[0m
00003.234 [B/COM53] =60 inv=false[0m
00003.234 [A/COM40] =60 inv=false[0m
00003.234 [B/COM53] =60 inv=false[0m
00003.234 [A/COM40] =60 inv=false[0m
00003.234 [B/COM53] =60 inv=false[0m
00003.234 [A/COM40] =60 inv=false[0m
00003.234 [B/COM53] =60 inv=false[0m
00003.234 [A/COM40] =60 inv=false[0m
00003.234 [B/COM53] =60 inv=false[0m
00003.234 [A/COM40] =60 inv=false[0m
00003.234 [B/COM53] =60 inv=false[0m
00003.234 [A/COM40] =60 inv=false[0m
00003.234 [A/COM40] =60 inv=false[0m
00003.234 [B/COM53] =60 inv=false[0m
00003.234 [B/COM53] =60 inv=false[0m
00003.234 [A/COM40] =60 inv=false[0m
00003.234 [B/COM53] =60 inv=false[0m
00003.234 [A/COM40] =60 inv=false[0m
00003.250 [B/COM53] =60 inv=false[0m
00003.250 [A/COM40] =60 inv=false[0m
00003.250 [B/COM53] =60 inv=false[0m
00003.250 [A/COM40] =60 inv=false[0m
00003.250 [B/COM53] =60 inv=false[0m
00003.250 [A/COM40] =60 inv=false[0m
00003.250 [B/COM53] =60 inv=false[0m
00003.250 [A/COM40] =60 inv=false[0m
00003.250 [B/COM53] =60 inv=false[0m
00003.250 [A/COM40] =60 inv=false[0m
00003.250 [B/COM53] =60 inv=false[0m
00003.250 [A/COM40] =60 inv=false[0m
00003.250 [B/COM53] =60 inv=false[0m
00003.250 [A/COM40] =60 inv=false[0m
00003.250 [A/COM40] =60 inv=false[0m
00003.250 [B/COM53] =60 inv=false[0m
00003.250 [A/COM40] =60 inv=false[0m
00003.250 [B/COM53] =60 inv=false[0m
00003.250 [A/COM40] =60 inv=false[0m
00003.250 [B/COM53] =60 inv=false[0m
00003.250 [A/COM40] =60 inv=false[0m
00003.250 [B/COM53] =60 inv=false[0m
00003.250 [A/COM40] =60 inv=false[0m
00003.250 [B/COM53] =60 inv=false[0m
00003.250 [A/COM40] =60 inv=false[0m
00003.250 [B/COM53] =60 inv=false[0m
00003.250 [A/COM40] =60 inv=false[0m
00003.250 [B/COM53] =60 inv=false[0m
00003.250 [A/COM40] =60 inv=false[0m
00003.250 [B/COM53] =60 inv=false[0m
00003.250 [A/COM40] =60 inv=false[0m
00003.250 [B/COM53] =60 inv=false[0m
00003.250 [A/COM40] =60 inv=false[0m
00003.250 [B/COM53] =60 inv=false[0m
00003.250 [A/COM40] =60 inv=false[0m
00003.250 [B/COM53] =60 inv=false[0m
00003.250 [A/COM40] =60 inv=false[0m
00003.250 [B/COM53] =60 inv=false[0m
00003.250 [A/COM40] =60 inv=false[0m
00003.250 [B/COM53] =60 inv=false[0m
00003.265 [A/COM40] =60 inv=false[0m
00003.265 [B/COM53] =60 inv=false[0m
00003.265 [A/COM40] =60 inv=false[0m
00003.265 [B/COM53] =60 inv=false[0m
00003.265 [A/COM40] =60 inv=false[0m
00003.265 [B/COM53] =60 inv=false[0m
00003.265 [B/COM53] =60 inv=false[0m
00003.265 [A/COM40] =60 inv=false[0m
00003.265 [B/COM53] =60 inv=false[0m
00003.265 [A/COM40] =60 inv=false[0m
00003.265 [B/COM53] =60 inv=false[0m
00003.265 [A/COM40] =60 inv=false[0m
00003.265 [B/COM53] =60 inv=false[0m
00003.265 [A/COM40] =60 inv=false[0m
00003.265 [B/COM53] =60 inv=false[0m
00003.265 [A/COM40] =60 inv=false[0m
00003.265 [B/COM53] =60 inv=false[0m
00003.265 [A/COM40] =60 inv=false[0m
00003.265 [B/COM53] =60 inv=false[0m
00003.265 [A/COM40] =60 inv=false[0m
00003.265 [B/COM53] =60 inv=false[0m
00003.265 [A/COM40] =60 inv=false[0m
00003.265 [B/COM53] =60 inv=false[0m
00003.265 [A/COM40] =60 inv=false[0m
00003.265 [B/COM53] =60 inv=false[0m
00003.265 [A/COM40] =60 inv=false[0m
00003.265 [B/COM53] =60 inv=false[0m
00003.265 [A/COM40] =60 inv=false[0m
00003.265 [B/COM53] =60 inv=false[0m
00003.265 [A/COM40] =60 inv=false[0m
00003.265 [B/COM53] =60 inv=false[0m
00003.265 [A/COM40] =60 inv=false[0m
00003.265 [B/COM53] =60 inv=false[0m
00003.265 [A/COM40] =60 inv=false[0m
00003.265 [B/COM53] =60 inv=false[0m
00003.265 [A/COM40] =60 inv=false[0m
00003.281 [B/COM53] =60 inv=false[0m
00003.281 [A/COM40] =60 inv=false[0m
00003.281 [A/COM40] =60 inv=false[0m
00003.281 [B/COM53] =60 inv=false[0m
00003.281 [B/COM53] =60 inv=false[0m
00003.281 [A/COM40] =60 inv=false[0m
00003.281 [B/COM53] =60 inv=false[0m
00003.281 [A/COM40] =60 inv=false[0m
00003.281 [B/COM53] =60 inv=false[0m
00003.281 [A/COM40] =60 inv=false[0m
00003.281 [B/COM53] =60 inv=false[0m
00003.281 [A/COM40] =60 inv=false[0m
00003.281 [B/COM53] =60 inv=false[0m
00003.281 [A/COM40] =60 inv=false[0m
00003.281 [B/COM53] =60 inv=false[0m
00003.281 [A/COM40] =60 inv=false[0m
00003.281 [B/COM53] =60 inv=false[0m
00003.281 [A/COM40] =60 inv=false[0m
00003.281 [B/COM53] =60 inv=false[0m
00003.281 [A/COM40] =60 inv=false[0m
00003.281 [B/COM53] =60 inv=false[0m
00003.281 [B/COM53] =60 inv=false[0m
00003.281 [A/COM40] =60 inv=false[0m
00003.281 [B/COM53] =60 inv=false[0m
00003.281 [A/COM40] =60 inv=false[0m
00003.281 [B/COM53] =60 inv=false[0m
00003.281 [A/COM40] =60 inv=false[0m
00003.281 [B/COM53] =60 inv=false[0m
00003.281 [A/COM40] =60 inv=false[0m
00003.281 [B/COM53] =60 inv=false[0m
00003.281 [A/COM40] =60 inv=false[0m
00003.281 [B/COM53] =60 inv=false[0m
00003.281 [A/COM40] =60 inv=false[0m
00003.281 [B/COM53] =60 inv=false[0m
00003.281 [A/COM40] =60 inv=false[0m
00003.281 [B/COM53] =60 inv=false[0m
00003.281 [A/COM40] =60 inv=false[0m
00003.281 [B/COM53] =60 inv=false[0m
00003.281 [A/COM40] =60 inv=false[0m
00003.281 [B/COM53] =60 inv=false[0m
00003.281 [A/COM40] =60 inv=false[0m
00003.297 [B/COM53] =60 inv=false[0m
00003.297 [A/COM40] =60 inv=false[0m
00003.297 [B/COM53] =60 inv=false[0m
00003.297 [A/COM40] =60 inv=false[0m
00003.297 [B/COM53] =60 inv=false[0m
00003.297 [A/COM40] =60 inv=false[0m
00003.297 [B/COM53] =60 inv=false[0m
00003.297 [A/COM40] =60 inv=false[0m
00003.297 [B/COM53] =60 inv=false[0m
00003.297 [A/COM40] =60 inv=false[0m
00003.297 [B/COM53] =60 inv=false[0m
00003.297 [A/COM40] =60 inv=false[0m
00003.297 [B/COM53] =60 inv=false[0m
00003.297 [A/COM40] =60 inv=false[0m
00003.297 [B/COM53] =60 inv=false[0m
00003.297 [A/COM40] =60 inv=false[0m
00003.297 [B/COM53] =60 inv=false[0m
00003.297 [A/COM40] =60 inv=false[0m
00003.297 [B/COM53] =60 inv=false[0m
00003.297 [A/COM40] =60 inv=false[0m
00003.297 [B/COM53] =60 inv=false[0m
00003.297 [B/COM53] =60 inv=false[0m
00003.297 [A/COM40] =60 inv=false[0m
00003.297 [B/COM53] =60 inv=false[0m
00003.297 [A/COM40] =60 inv=false[0m
00003.297 [B/COM53] =60 inv=false[0m
00003.297 [A/COM40] =60 inv=false[0m
00003.297 [B/COM53] =60 inv=false[0m
00003.297 [A/COM40] =60 inv=false[0m
00003.297 [B/COM53] =60 inv=false[0m
00003.297 [A/COM40] =60 inv=false[0m
00003.297 [B/COM53] =60 inv=false[0m
00003.297 [A/COM40] =60 inv=false[0m
00003.297 [B/COM53] =60 inv=false[0m
00003.297 [A/COM40] =60 inv=false[0m
00003.297 [B/COM53] =60 inv=false[0m
00003.297 [A/COM40] =60 inv=false[0m
00003.297 [B/COM53] =60 inv=false[0m
00003.297 [B/COM53] =60 inv=false[0m
00003.297 [A/COM40] =60 inv=false[0m
00003.312 [B/COM53] =60 inv=false[0m
00003.312 [A/COM40] =60 inv=false[0m
00003.312 [B/COM53] =60 inv=false[0m
00003.312 [A/COM40] =60 inv=false[0m
00003.312 [B/COM53] =60 inv=false[0m
00003.312 [A/COM40] =60 inv=false[0m
00003.312 [B/COM53] =60 inv=false[0m
00003.312 [A/COM40] =60 inv=false[0m
00003.312 [B/COM53] =60 inv=false[0m
00003.312 [B/COM53] =60 inv=false[0m
00003.312 [A/COM40] =60 inv=false[0m
00003.312 [B/COM53] =60 inv=false[0m
00003.312 [A/COM40] =60 inv=false[0m
00003.312 [A/COM40] =60 inv=false[0m
00003.312 [B/COM53] =60 inv=false[0m
00003.312 [A/COM40] =60 inv=false[0m
00003.312 [B/COM53] =60 inv=false[0m
00003.312 [A/COM40] =60 inv=false[0m
00003.312 [B/COM53] =60 inv=false[0m
00003.312 [A/COM40] =60 inv=false[0m
00003.312 [B/COM53] =60 inv=false[0m
00003.312 [A/COM40] =60 inv=false[0m
00003.312 [B/COM53] =60 inv=false[0m
00003.312 [B/COM53] =60 inv=false[0m
00003.312 [A/COM40] =60 inv=false[0m
00003.312 [A/COM40] =60 inv=false[0m
00003.312 [B/COM53] =60 inv=false[0m
00003.312 [A/COM40] =60 inv=false[0m
00003.312 [B/COM53] =60 inv=false[0m
00003.312 [A/COM40] =60 inv=false[0m
00003.312 [B/COM53] =60 inv=false[0m
00003.312 [A/COM40] =60 inv=false[0m
00003.312 [B/COM53] =60 inv=false[0m
00003.312 [A/COM40] =60 inv=false[0m
00003.312 [B/COM53] =60 inv=false[0m
00003.312 [A/COM40] =60 inv=false[0m
00003.312 [B/COM53] =60 inv=false[0m
00003.312 [A/COM40] =60 inv=false[0m
00003.312 [B/COM53] =60 inv=false[0m
00003.312 [A/COM40] =60 inv=false[0m
00003.312 [B/COM53] =60 inv=false[0m
00003.312 [A/COM40] =60 inv=false[0m
00003.312 [B/COM53] =60 inv=false[0m
00003.328 [A/COM40] =60 inv=false[0m
00003.328 [B/COM53] =60 inv=false[0m
00003.328 [A/COM40] =60 inv=false[0m
00003.328 [B/COM53] =60 inv=false[0m
00003.328 [A/COM40] =60 inv=false[0m
00003.328 [B/COM53] =60 inv=false[0m
00003.328 [A/COM40] =60 inv=false[0m
00003.328 [B/COM53] =60 inv=false[0m
00003.328 [A/COM40] =60 inv=false[0m
00003.328 [B/COM53] =60 inv=false[0m
00003.328 [A/COM40] =60 inv=false[0m
00003.328 [B/COM53] =60 inv=false[0m
00003.328 [B/COM53] =60 inv=false[0m
00003.328 [A/COM40] =60 inv=false[0m
00003.328 [A/COM40] =60 inv=false[0m
00003.328 [B/COM53] =60 inv=false[0m
00003.328 [A/COM40] =60 inv=false[0m
00003.328 [B/COM53] =60 inv=false[0m
00003.328 [B/COM53] =60 inv=false[0m
00003.328 [A/COM40] =60 inv=false[0m
00003.328 [B/COM53] =60 inv=false[0m
00003.328 [A/COM40] =60 inv=false[0m
00003.328 [A/COM40] =60 inv=false[0m
00003.328 [B/COM53] =60 inv=false[0m
00003.328 [A/COM40] =60 inv=false[0m
00003.328 [B/COM53] =60 inv=false[0m
00003.328 [B/COM53] =60 inv=false[0m
00003.328 [A/COM40] =60 inv=false[0m
00003.328 [A/COM40] =60 inv=false[0m
00003.328 [B/COM53] =60 inv=false[0m
00003.328 [A/COM40] =60 inv=false[0m
00003.328 [B/COM53] =60 inv=false[0m
00003.328 [B/COM53] =60 inv=false[0m
00003.328 [A/COM40] =60 inv=false[0m
00003.328 [B/COM53] =60 inv=false[0m
00003.328 [A/COM40] =60 inv=false[0m
00003.328 [B/COM53] =60 inv=false[0m
00003.328 [A/COM40] =60 inv=false[0m
00003.328 [B/COM53] =60 inv=false[0m
00003.328 [A/COM40] =60 inv=false[0m
00003.343 [B/COM53] =60 inv=false[0m
00003.343 [A/COM40] =60 inv=false[0m
00003.343 [B/COM53] =60 inv=false[0m
00003.343 [A/COM40] =60 inv=false[0m
00003.343 [B/COM53] =60 inv=false[0m
00003.343 [A/COM40] =60 inv=false[0m
00003.343 [B/COM53] =60 inv=false[0m
00003.343 [A/COM40] =60 inv=false[0m
00003.343 [B/COM53] =60 inv=false[0m
00003.343 [A/COM40] =60 inv=false[0m
00003.343 [B/COM53] =60 inv=false[0m
00003.343 [A/COM40] =60 inv=false[0m
00003.343 [B/COM53] =60 inv=false[0m
00003.343 [A/COM40] =60 inv=false[0m
00003.343 [B/COM53] =60 inv=false[0m
00003.343 [A/COM40] =60 inv=false[0m
00003.343 [B/COM53] =60 inv=false[0m
00003.343 [A/COM40] =60 inv=false[0m
00003.343 [B/COM53] =60 inv=false[0m
00003.343 [A/COM40] =60 inv=false[0m
00003.343 [B/COM53] =60 inv=false[0m
00003.343 [A/COM40] =60 inv=false[0m
00003.343 [B/COM53] =60 inv=false[0m
00003.343 [A/COM40] =60 inv=false[0m
00003.343 [B/COM53] =60 inv=false[0m
00003.343 [A/COM40] =60 inv=false[0m
00003.343 [B/COM53] =60 inv=false[0m
00003.343 [A/COM40] =60 inv=false[0m
00003.343 [B/COM53] =60 inv=false[0m
00003.343 [A/COM40] =60 inv=false[0m
00003.343 [B/COM53] =60 inv=false[0m
00003.343 [A/COM40] =60 inv=false[0m
00003.343 [B/COM53] =60 inv=false[0m
00003.343 [A/COM40] =60 inv=false[0m
00003.343 [B/COM53] =60 inv=false[0m
00003.343 [A/COM40] =60 inv=false[0m
00003.343 [B/COM53] =60 inv=false[0m
00003.343 [A/COM40] =60 inv=false[0m
00003.359 [B/COM53] =60 inv=false[0m
00003.359 [B/COM53] =60 inv=false[0m
00003.359 [A/COM40] =60 inv=false[0m
00003.359 [B/COM53] =60 inv=false[0m
00003.359 [A/COM40] =60 inv=false[0m
00003.359 [B/COM53] =60 inv=false[0m
00003.359 [A/COM40] =60 inv=false[0m
00003.359 [B/COM53] =60 inv=false[0m
00003.359 [A/COM40] =60 inv=false[0m
00003.359 [A/COM40] =60 inv=false[0m
00003.359 [B/COM53] =60 inv=false[0m
00003.359 [A/COM40] =60 inv=false[0m
00003.359 [B/COM53] =60 inv=false[0m
00003.359 [A/COM40] =60 inv=false[0m
00003.359 [B/COM53] =60 inv=false[0m
00003.359 [A/COM40] =60 inv=false[0m
00003.359 [B/COM53] =60 inv=false[0m
00003.359 [A/COM40] =60 inv=false[0m
00003.359 [B/COM53] =60 inv=false[0m
00003.359 [A/COM40] =60 inv=false[0m
00003.359 [B/COM53] =60 inv=false[0m
00003.359 [A/COM40] =60 inv=false[0m
00003.359 [B/COM53] =60 inv=false[0m
00003.359 [A/COM40] =60 inv=false[0m
00003.359 [B/COM53] =60 inv=false[0m
00003.359 [A/COM40] =60 inv=false[0m
00003.359 [B/COM53] =60 inv=false[0m
00003.359 [A/COM40] =60 inv=false[0m
00003.359 [B/COM53] =60 inv=false[0m
00003.359 [A/COM40] =60 inv=false[0m
00003.359 [A/COM40] =60 inv=false[0m
00003.359 [B/COM53] =60 inv=false[0m
00003.359 [A/COM40] =60 inv=false[0m
00003.359 [B/COM53] =60 inv=false[0m
00003.359 [A/COM40] =60 inv=false[0m
00003.359 [B/COM53] =60 inv=false[0m
00003.359 [A/COM40] =60 inv=false[0m
00003.359 [B/COM53] =60 inv=false[0m
00003.359 [A/COM40] =60 inv=false[0m
00003.375 [B/COM53] =60 inv=false[0m
00003.375 [A/COM40] =60 inv=false[0m
00003.375 [B/COM53] =60 inv=false[0m
00003.375 [A/COM40] =60 inv=false[0m
00003.375 [B/COM53] =60 inv=false[0m
00003.375 [A/COM40] =60 inv=false[0m
00003.375 [B/COM53] =60 inv=false[0m
00003.375 [A/COM40] =60 inv=false[0m
00003.375 [B/COM53] =60 inv=false[0m
00003.375 [A/COM40] =60 inv=false[0m
00003.375 [B/COM53] =60 inv=false[0m
00003.375 [A/COM40] =60 inv=false[0m
00003.375 [B/COM53] =60 inv=false[0m
00003.375 [B/COM53] =60 inv=false[0m
00003.375 [A/COM40] =60 inv=false[0m
00003.375 [B/COM53] =60 inv=false[0m
00003.375 [A/COM40] =60 inv=false[0m
00003.375 [A/COM40] =60 inv=false[0m
00003.375 [B/COM53] =60 inv=false[0m
00003.375 [A/COM40] =60 inv=false[0m
00003.375 [B/COM53] =60 inv=false[0m
00003.375 [A/COM40] =60 inv=false[0m
00003.375 [B/COM53] =60 inv=false[0m
00003.375 [A/COM40] =60 inv=false[0m
00003.375 [B/COM53] =60 inv=false[0m
00003.375 [A/COM40] =60 inv=false[0m
00003.375 [B/COM53] =60 inv=false[0m
00003.375 [A/COM40] =60 inv=false[0m
00003.375 [B/COM53] =60 inv=false[0m
00003.375 [A/COM40] =60 inv=false[0m
00003.375 [B/COM53] =60 inv=false[0m
00003.375 [A/COM40] =60 inv=false[0m
00003.375 [B/COM53] =60 inv=false[0m
00003.375 [B/COM53] =60 inv=false[0m
00003.375 [A/COM40] =60 inv=false[0m
00003.375 [B/COM53] =60 inv=false[0m
00003.375 [A/COM40] =60 inv=false[0m
00003.375 [B/COM53] =60 inv=false[0m
00003.375 [A/COM40] =60 inv=false[0m
00003.390 [B/COM53] =60 inv=false[0m
00003.390 [A/COM40] =60 inv=false[0m
00003.390 [B/COM53] =60 inv=false[0m
00003.390 [B/COM53] =60 inv=false[0m
00003.390 [A/COM40] =60 inv=false[0m
00003.390 [B/COM53] =60 inv=false[0m
00003.390 [A/COM40] =60 inv=false[0m
00003.390 [B/COM53] =60 inv=false[0m
00003.390 [A/COM40] =60 inv=false[0m
00003.390 [B/COM53] =60 inv=false[0m
00003.390 [A/COM40] =60 inv=false[0m
00003.390 [B/COM53] =60 inv=false[0m
00003.390 [A/COM40] =60 inv=false[0m
00003.390 [B/COM53] =60 inv=false[0m
00003.390 [A/COM40] =60 inv=false[0m
00003.390 [B/COM53] =60 inv=false[0m
00003.390 [B/COM53] =60 inv=false[0m
00003.390 [A/COM40] =60 inv=false[0m
00003.390 [B/COM53] =60 inv=false[0m
00003.390 [A/COM40] =60 inv=false[0m
00003.390 [B/COM53] =60 inv=false[0m
00003.390 [A/COM40] =60 inv=false[0m
00003.390 [B/COM53] =60 inv=false[0m
00003.390 [A/COM40] =60 inv=false[0m
00003.390 [B/COM53] =60 inv=false[0m
00003.390 [A/COM40] =60 inv=false[0m
00003.390 [B/COM53] =60 inv=false[0m
00003.390 [A/COM40] =60 inv=false[0m
00003.390 [B/COM53] =60 inv=false[0m
00003.390 [A/COM40] =60 inv=false[0m
00003.390 [B/COM53] =60 inv=false[0m
00003.390 [A/COM40] =60 inv=false[0m
00003.390 [B/COM53] =60 inv=false[0m
00003.390 [A/COM40] =60 inv=false[0m
00003.390 [B/COM53] =60 inv=false[0m
00003.390 [B/COM53] =60 inv=false[0m
00003.390 [A/COM40] =60 inv=false[0m
00003.390 [B/COM53] =60 inv=false[0m
00003.390 [A/COM40] =60 inv=false[0m
00003.390 [B/COM53] =60 inv=false[0m
00003.390 [A/COM40] =60 inv=false[0m
00003.390 [B/COM53] =60 inv=false[0m
00003.406 [A/COM40] =60 inv=false[0m
00003.406 [B/COM53] =60 inv=false[0m
00003.406 [A/COM40] =60 inv=false[0m
00003.406 [B/COM53] =60 inv=false[0m
00003.406 [A/COM40] =60 inv=false[0m
00003.406 [B/COM53] =60 inv=false[0m
00003.406 [A/COM40] =60 inv=false[0m
00003.406 [B/COM53] =60 inv=false[0m
00003.406 [A/COM40] =60 inv=false[0m
00003.406 [B/COM53] =60 inv=false[0m
00003.406 [A/COM40] =60 inv=false[0m
00003.406 [B/COM53] =60 inv=false[0m
00003.406 [A/COM40] =60 inv=false[0m
00003.406 [B/COM53] =60 inv=false[0m
00003.406 [A/COM40] =60 inv=false[0m
00003.406 [B/COM53] =60 inv=false[0m
00003.406 [A/COM40] =60 inv=false[0m
00003.406 [B/COM53] =60 inv=false[0m
00003.406 [A/COM40] =60 inv=false[0m
00003.406 [B/COM53] =60 inv=false[0m
00003.406 [A/COM40] =60 inv=false[0m
00003.406 [B/COM53] =60 inv=false[0m
00003.406 [A/COM40] =60 inv=false[0m
00003.406 [B/COM53] =60 inv=false[0m
00003.406 [A/COM40] =60 inv=false[0m
00003.406 [B/COM53] =60 inv=false[0m
00003.406 [A/COM40] =60 inv=false[0m
00003.406 [B/COM53] =60 inv=false[0m
00003.406 [B/COM53] =60 inv=false[0m
00003.406 [A/COM40] =60 inv=false[0m
00003.406 [A/COM40] =60 inv=false[0m
00003.406 [B/COM53] =60 inv=false[0m
00003.406 [A/COM40] =60 inv=false[0m
00003.406 [B/COM53] =60 inv=false[0m
00003.406 [A/COM40] =60 inv=false[0m
00003.406 [B/COM53] =60 inv=false[0m
00003.406 [B/COM53] =60 inv=false[0m
00003.406 [A/COM40] =60 inv=false[0m
00003.406 [B/COM53] =60 inv=false[0m
00003.422 [A/COM40] =60 inv=false[0m
00003.422 [A/COM40] =60 inv=false[0m
00003.422 [B/COM53] =60 inv=false[0m
00003.422 [A/COM40] =60 inv=false[0m
00003.422 [B/COM53] =60 inv=false[0m
00003.422 [A/COM40] =60 inv=false[0m
00003.422 [B/COM53] =60 inv=false[0m
00003.422 [A/COM40] =60 inv=false[0m
00003.422 [B/COM53] =60 inv=false[0m
00003.422 [A/COM40] =60 inv=false[0m
00003.422 [B/COM53] =60 inv=false[0m
00003.422 [A/COM40] =60 inv=false[0m
00003.422 [B/COM53] =60 inv=false[0m
00003.422 [A/COM40] =60 inv=false[0m
00003.422 [B/COM53] =60 inv=false[0m
00003.422 [A/COM40] =60 inv=false[0m
00003.422 [B/COM53] =60 inv=false[0m
00003.422 [A/COM40] =60 inv=false[0m
00003.422 [B/COM53] =60 inv=false[0m
00003.422 [A/COM40] =60 inv=false[0m
00003.422 [A/COM40] =60 inv=false[0m
00003.422 [B/COM53] =60 inv=false[0m
00003.422 [A/COM40] =60 inv=false[0m
00003.422 [B/COM53] =60 inv=false[0m
00003.422 [A/COM40] =60 inv=false[0m
00003.422 [B/COM53] =60 inv=false[0m
00003.422 [A/COM40] =60 inv=false[0m
00003.422 [B/COM53] =60 inv=false[0m
00003.422 [B/COM53] =60 inv=false[0m
00003.422 [A/COM40] =60 inv=false[0m
00003.422 [B/COM53] =60 inv=false[0m
00003.422 [A/COM40] =60 inv=false[0m
00003.422 [B/COM53] =60 inv=false[0m
00003.422 [A/COM40] =60 inv=false[0m
00003.422 [B/COM53] =60 inv=false[0m
00003.422 [A/COM40] =60 inv=false[0m
00003.422 [B/COM53] =60 inv=false[0m
00003.422 [A/COM40] =60 inv=false[0m
00003.422 [B/COM53] =60 inv=false[0m
00003.422 [A/COM40] =60 inv=false[0m
00003.422 [B/COM53] =60 inv=false[0m
00003.437 [A/COM40] =60 inv=false[0m
00003.437 [B/COM53] =60 inv=false[0m
00003.437 [A/COM40] =60 inv=false[0m
00003.437 [B/COM53] =60 inv=false[0m
00003.437 [A/COM40] =60 inv=false[0m
00003.437 [B/COM53] =60 inv=false[0m
00003.437 [A/COM40] =60 inv=false[0m
00003.437 [B/COM53] =60 inv=false[0m
00003.437 [A/COM40] =60 inv=false[0m
00003.437 [B/COM53] =60 inv=false[0m
00003.437 [A/COM40] =60 inv=false[0m
00003.437 [B/COM53] =60 inv=false[0m
00003.437 [A/COM40] =60 inv=false[0m
00003.437 [B/COM53] =60 inv=false[0m
00003.437 [A/COM40] =60 inv=false[0m
00003.437 [B/COM53] =60 inv=false[0m
00003.437 [A/COM40] =60 inv=false[0m
00003.437 [B/COM53] =60 inv=false[0m
00003.437 [B/COM53] =60 inv=false[0m
00003.437 [A/COM40] =60 inv=false[0m
00003.437 [B/COM53] =60 inv=false[0m
00003.437 [A/COM40] =60 inv=false[0m
00003.437 [B/COM53] =60 inv=false[0m
00003.437 [A/COM40] =60 inv=false[0m
00003.437 [B/COM53] =60 inv=false[0m
00003.437 [A/COM40] =60 inv=false[0m
00003.437 [B/COM53] =60 inv=false[0m
00003.437 [A/COM40] =60 inv=false[0m
00003.437 [B/COM53] =60 inv=false[0m
00003.437 [A/COM40] =60 inv=false[0m
00003.437 [B/COM53] =60 inv=false[0m
00003.437 [A/COM40] =60 inv=false[0m
00003.437 [B/COM53] =60 inv=false[0m
00003.437 [A/COM40] =60 inv=false[0m
00003.437 [B/COM53] =60 inv=false[0m
00003.437 [A/COM40] =60 inv=false[0m
00003.437 [B/COM53] =60 inv=false[0m
00003.437 [A/COM40] =60 inv=false[0m
00003.453 [B/COM53] =60 inv=false[0m
00003.453 [A/COM40] =60 inv=false[0m
00003.453 [B/COM53] =60 inv=false[0m
00003.453 [A/COM40] =60 inv=false[0m
00003.453 [B/COM53] =60 inv=false[0m
00003.453 [B/COM53] =60 inv=false[0m
00003.453 [A/COM40] =60 inv=false[0m
00003.453 [A/COM40] =60 inv=false[0m
00003.453 [B/COM53] =60 inv=false[0m
00003.453 [B/COM53] =60 inv=false[0m
00003.453 [A/COM40] =60 inv=false[0m
00003.453 [A/COM40] =60 inv=false[0m
00003.453 [B/COM53] =60 inv=false[0m
00003.453 [A/COM40] =60 inv=false[0m
00003.453 [B/COM53] =60 inv=false[0m
00003.453 [A/COM40] =60 inv=false[0m
00003.453 [B/COM53] =60 inv=false[0m
00003.453 [A/COM40] =60 inv=false[0m
00003.453 [B/COM53] =60 inv=false[0m
00003.453 [A/COM40] =60 inv=false[0m
00003.453 [B/COM53] =60 inv=false[0m
00003.453 [B/COM53] =60 inv=false[0m
00003.453 [A/COM40] =60 inv=false[0m
00003.453 [B/COM53] =60 inv=false[0m
00003.453 [A/COM40] =60 inv=false[0m
00003.453 [B/COM53] =60 inv=false[0m
00003.453 [A/COM40] =60 inv=false[0m
00003.453 [B/COM53] =60 inv=false[0m
00003.453 [A/COM40] =60 inv=false[0m
00003.453 [B/COM53] =60 inv=false[0m
00003.453 [B/COM53] =60 inv=false[0m
00003.453 [A/COM40] =60 inv=false[0m
00003.453 [A/COM40] =60 inv=false[0m
00003.453 [B/COM53] =60 inv=false[0m
00003.453 [B/COM53] =60 inv=false[0m
00003.453 [A/COM40] =60 inv=false[0m
00003.453 [B/COM53] =60 inv=false[0m
00003.453 [A/COM40] =60 inv=false[0m
00003.453 [A/COM40] =60 inv=false[0m
00003.453 [B/COM53] =60 inv=false[0m
00003.453 [A/COM40] =60 inv=false[0m
00003.468 [B/COM53] =60 inv=false[0m
00003.468 [A/COM40] =60 inv=false[0m
00003.468 [B/COM53] =60 inv=false[0m
00003.468 [A/COM40] =60 inv=false[0m
00003.468 [B/COM53] =60 inv=false[0m
00003.468 [A/COM40] =60 inv=false[0m
00003.468 [B/COM53] =60 inv=false[0m
00003.468 [A/COM40] =60 inv=false[0m
00003.468 [B/COM53] =60 inv=false[0m
00003.468 [A/COM40] =60 inv=false[0m
00003.468 [B/COM53] =60 inv=false[0m
00003.468 [A/COM40] =60 inv=false[0m
00003.468 [B/COM53] =60 inv=false[0m
00003.468 [B/COM53] =60 inv=false[0m
00003.468 [A/COM40] =60 inv=false[0m
00003.468 [A/COM40] =60 inv=false[0m
00003.468 [B/COM53] =60 inv=false[0m
00003.468 [B/COM53] =60 inv=false[0m
00003.468 [A/COM40] =60 inv=false[0m
00003.468 [B/COM53] =60 inv=false[0m
00003.468 [A/COM40] =60 inv=false[0m
00003.468 [B/COM53] =60 inv=false[0m
00003.468 [A/COM40] =60 inv=false[0m
00003.468 [B/COM53] =60 inv=false[0m
00003.468 [A/COM40] =60 inv=false[0m
00003.468 [B/COM53] =60 inv=false[0m
00003.468 [A/COM40] =60 inv=false[0m
00003.468 [B/COM53] =60 inv=false[0m
00003.468 [A/COM40] =60 inv=false[0m
00003.468 [B/COM53] =60 inv=false[0m
00003.468 [A/COM40] =60 inv=false[0m
00003.468 [B/COM53] =60 inv=false[0m
00003.468 [A/COM40] =60 inv=false[0m
00003.468 [B/COM53] =60 inv=false[0m
00003.468 [A/COM40] =60 inv=false[0m
00003.468 [B/COM53] =60 inv=false[0m
00003.468 [A/COM40] =60 inv=false[0m
00003.468 [B/COM53] =60 inv=false[0m
00003.468 [A/COM40] =60 inv=false[0m
00003.468 [B/COM53] =60 inv=false[0m
00003.484 [A/COM40] =60 inv=false[0m
00003.484 [B/COM53] =60 inv=false[0m
00003.484 [A/COM40] =60 inv=false[0m
00003.484 [B/COM53] =60 inv=false[0m
00003.484 [B/COM53] =60 inv=false[0m
00003.484 [A/COM40] =60 inv=false[0m
00003.484 [B/COM53] =60 inv=false[0m
00003.484 [A/COM40] =60 inv=false[0m
00003.484 [A/COM40] =60 inv=false[0m
00003.484 [B/COM53] =60 inv=false[0m
00003.484 [A/COM40] =60 inv=false[0m
00003.484 [B/COM53] =60 inv=false[0m
00003.484 [A/COM40] =60 inv=false[0m
00003.484 [B/COM53] =60 inv=false[0m
00003.484 [A/COM40] =60 inv=false[0m
00003.484 [B/COM53] =60 inv=false[0m
00003.484 [A/COM40] =60 inv=false[0m
00003.484 [B/COM53] =60 inv=false[0m
00003.484 [A/COM40] =60 inv=false[0m
00003.484 [B/COM53] =60 inv=false[0m
00003.484 [A/COM40] =60 inv=false[0m
00003.484 [B/COM53] =60 inv=false[0m
00003.484 [A/COM40] =60 inv=false[0m
00003.484 [B/COM53] =60 inv=false[0m
00003.484 [B/COM53] =60 inv=false[0m
00003.484 [A/COM40] =60 inv=false[0m
00003.484 [B/COM53] =60 inv=false[0m
00003.484 [A/COM40] =60 inv=false[0m
00003.484 [B/COM53] =60 inv=false[0m
00003.484 [A/COM40] =60 inv=false[0m
00003.484 [B/COM53] =60 inv=false[0m
00003.484 [A/COM40] =60 inv=false[0m
00003.484 [B/COM53] =60 inv=false[0m
00003.484 [A/COM40] =60 inv=false[0m
00003.484 [B/COM53] =60 inv=false[0m
00003.484 [A/COM40] =60 inv=false[0m
00003.484 [B/COM53] =60 inv=false[0m
00003.484 [A/COM40] =60 inv=false[0m
00003.484 [A/COM40] =60 inv=false[0m
00003.484 [B/COM53] =60 inv=false[0m
00003.500 [A/COM40] =60 inv=false[0m
00003.500 [B/COM53] =60 inv=false[0m
00003.500 [A/COM40] =60 inv=false[0m
00003.500 [B/COM53] =60 inv=false[0m
00003.500 [A/COM40] =60 inv=false[0m
00003.500 [B/COM53] =60 inv=false[0m
00003.500 [A/COM40] =60 inv=false[0m
00003.500 [B/COM53] =60 inv=false[0m
00003.500 [A/COM40] =60 inv=false[0m
00003.500 [B/COM53] =60 inv=false[0m
00003.500 [A/COM40] =60 inv=false[0m
00003.500 [B/COM53] =60 inv=false[0m
00003.500 [A/COM40] =60 inv=false[0m
00003.500 [B/COM53] =60 inv=false[0m
00003.500 [A/COM40] =60 inv=false[0m
00003.500 [A/COM40] =60 inv=false[0m
00003.500 [B/COM53] =60 inv=false[0m
00003.500 [A/COM40] =60 inv=false[0m
00003.500 [B/COM53] =60 inv=false[0m
00003.500 [A/COM40] =60 inv=false[0m
00003.500 [B/COM53] =60 inv=false[0m
00003.500 [A/COM40] =60 inv=false[0m
00003.500 [B/COM53] =60 inv=false[0m
00003.500 [A/COM40] =60 inv=false[0m
00003.500 [B/COM53] =60 inv=false[0m
00003.500 [A/COM40] =60 inv=false[0m
00003.500 [B/COM53] =60 inv=false[0m
00003.500 [A/COM40] =60 inv=false[0m
00003.500 [B/COM53] =60 inv=false[0m
00003.500 [A/COM40] =60 inv=false[0m
00003.500 [B/COM53] =60 inv=false[0m
00003.500 [A/COM40] =60 inv=false[0m
00003.500 [B/COM53] =60 inv=false[0m
00003.500 [A/COM40] =60 inv=false[0m
00003.500 [B/COM53] =60 inv=false[0m
00003.500 [A/COM40] =60 inv=false[0m
00003.500 [B/COM53] =60 inv=false[0m
00003.500 [A/COM40] =60 inv=false[0m
00003.500 [B/COM53] =60 inv=false[0m
00003.515 [A/COM40] =60 inv=false[0m
00003.515 [B/COM53] =60 inv=false[0m
00003.515 [A/COM40] =60 inv=false[0m
00003.515 [B/COM53] =60 inv=false[0m
00003.515 [A/COM40] =60 inv=false[0m
00003.515 [A/COM40] =60 inv=false[0m
00003.515 [B/COM53] =60 inv=false[0m
00003.515 [A/COM40] =60 inv=false[0m
00003.515 [B/COM53] =60 inv=false[0m
00003.515 [A/COM40] =60 inv=false[0m
00003.515 [B/COM53] =60 inv=false[0m
00003.515 [A/COM40] =60 inv=false[0m
00003.515 [B/COM53] =60 inv=false[0m
00003.515 [A/COM40] =60 inv=false[0m
00003.515 [B/COM53] =60 inv=false[0m
00003.515 [A/COM40] =60 inv=false[0m
00003.515 [B/COM53] =60 inv=false[0m
00003.515 [A/COM40] =60 inv=false[0m
00003.515 [B/COM53] =60 inv=false[0m
00003.515 [A/COM40] =60 inv=false[0m
00003.515 [A/COM40] =60 inv=false[0m
00003.515 [B/COM53] =60 inv=false[0m
00003.515 [A/COM40] =60 inv=false[0m
00003.515 [B/COM53] =60 inv=false[0m
00003.515 [A/COM40] =60 inv=false[0m
00003.515 [A/COM40] =60 inv=false[0m
00003.515 [B/COM53] =60 inv=false[0m
00003.515 [B/COM53] =60 inv=false[0m
00003.515 [A/COM40] =60 inv=false[0m
00003.515 [B/COM53] =60 inv=false[0m
00003.515 [A/COM40] =60 inv=false[0m
00003.515 [B/COM53] =60 inv=false[0m
00003.515 [A/COM40] =60 inv=false[0m
00003.515 [B/COM53] =60 inv=false[0m
00003.515 [A/COM40] =60 inv=false[0m
00003.531 [B/COM53] =60 inv=false[0m
00003.531 [A/COM40] =60 inv=false[0m
00003.531 [B/COM53] =60 inv=false[0m
00003.531 [A/COM40] =60 inv=false[0m
00003.531 [B/COM53] =60 inv=false[0m
00003.531 [A/COM40] =60 inv=false[0m
00003.531 [B/COM53] =60 inv=false[0m
00003.531 [A/COM40] =60 inv=false[0m
00003.531 [A/COM40] =60 inv=false[0m
00003.531 [B/COM53] =60 inv=false[0m
00003.531 [B/COM53] =60 inv=false[0m
00003.531 [A/COM40] =60 inv=false[0m
00003.531 [B/COM53] =60 inv=false[0m
00003.531 [A/COM40] =60 inv=false[0m
00003.531 [B/COM53] =60 inv=false[0m
00003.531 [A/COM40] =60 inv=false[0m
00003.531 [B/COM53] =60 inv=false[0m
00003.531 [A/COM40] =60 inv=false[0m
00003.531 [B/COM53] =60 inv=false[0m
00003.531 [A/COM40] =60 inv=false[0m
00003.531 [B/COM53] =60 inv=false[0m
00003.531 [A/COM40] =60 inv=false[0m
00003.531 [B/COM53] =60 inv=false[0m
00003.531 [B/COM53] =60 inv=false[0m
00003.531 [A/COM40] =60 inv=false[0m
00003.531 [B/COM53] =60 inv=false[0m
00003.531 [A/COM40] =60 inv=false[0m
00003.531 [B/COM53] =60 inv=false[0m
00003.531 [A/COM40] =60 inv=false[0m
00003.531 [B/COM53] =60 inv=false[0m
00003.531 [A/COM40] =60 inv=false[0m
00003.531 [B/COM53] =60 inv=false[0m
00003.531 [A/COM40] =60 inv=false[0m
00003.531 [A/COM40] =60 inv=false[0m
00003.531 [B/COM53] =60 inv=false[0m
00003.531 [B/COM53] =60 inv=false[0m
00003.531 [A/COM40] =60 inv=false[0m
00003.531 [B/COM53] =60 inv=false[0m
00003.531 [A/COM40] =60 inv=false[0m
00003.531 [B/COM53] =60 inv=false[0m
00003.531 [A/COM40] =60 inv=false[0m
00003.547 [B/COM53] =60 inv=false[0m
00003.547 [A/COM40] =60 inv=false[0m
00003.547 [B/COM53] =60 inv=false[0m
00003.547 [A/COM40] =60 inv=false[0m
00003.547 [B/COM53] =60 inv=false[0m
00003.547 [A/COM40] =60 inv=false[0m
00003.547 [B/COM53] =60 inv=false[0m
00003.547 [A/COM40] =60 inv=false[0m
00003.547 [B/COM53] =60 inv=false[0m
00003.547 [A/COM40] =60 inv=false[0m
00003.547 [B/COM53] =60 inv=false[0m
00003.547 [A/COM40] =60 inv=false[0m
00003.547 [B/COM53] =60 inv=false[0m
00003.547 [A/COM40] =60 inv=false[0m
00003.547 [B/COM53] =60 inv=false[0m
00003.547 [A/COM40] =60 inv=false[0m
00003.547 [B/COM53] =60 inv=false[0m
00003.547 [A/COM40] =60 inv=false[0m
00003.547 [B/COM53] =60 inv=false[0m
00003.547 [A/COM40] =60 inv=false[0m
00003.547 [B/COM53] =60 inv=false[0m
00003.547 [A/COM40] =60 inv=false[0m
00003.547 [B/COM53] =60 inv=false[0m
00003.547 [A/COM40] =60 inv=false[0m
00003.547 [B/COM53] =60 inv=false[0m
00003.547 [A/COM40] =60 inv=false[0m
00003.547 [B/COM53] =60 inv=false[0m
00003.547 [A/COM40] =60 inv=false[0m
00003.547 [B/COM53] =60 inv=false[0m
00003.547 [A/COM40] =60 inv=false[0m
00003.547 [B/COM53] =60 inv=false[0m
00003.547 [A/COM40] =60 inv=false[0m
00003.547 [B/COM53] =60 inv=false[0m
00003.547 [A/COM40] =60 inv=false[0m
00003.547 [B/COM53] =60 inv=false[0m
00003.547 [A/COM40] =60 inv=false[0m
00003.547 [B/COM53] =60 inv=false[0m
00003.547 [A/COM40] =60 inv=false[0m
00003.562 [B/COM53] =60 inv=false[0m
00003.562 [A/COM40] =60 inv=false[0m
00003.562 [A/COM40] =60 inv=false[0m
00003.562 [B/COM53] =60 inv=false[0m
00003.562 [A/COM40] =60 inv=false[0m
00003.562 [B/COM53] =60 inv=false[0m
00003.562 [A/COM40] =60 inv=false[0m
00003.562 [B/COM53] =60 inv=false[0m
00003.562 [A/COM40] =60 inv=false[0m
00003.562 [B/COM53] =60 inv=false[0m
00003.562 [A/COM40] =60 inv=false[0m
00003.562 [B/COM53] =60 inv=false[0m
00003.562 [A/COM40] =60 inv=false[0m
00003.562 [B/COM53] =60 inv=false[0m
00003.562 [A/COM40] =60 inv=false[0m
00003.562 [B/COM53] =60 inv=false[0m
00003.562 [A/COM40] =60 inv=false[0m
00003.562 [B/COM53] =60 inv=false[0m
00003.562 [A/COM40] =60 inv=false[0m
00003.562 [B/COM53] =60 inv=false[0m
00003.562 [A/COM40] =60 inv=false[0m
00003.562 [B/COM53] =60 inv=false[0m
00003.562 [A/COM40] =60 inv=false[0m
00003.562 [B/COM53] =60 inv=false[0m
00003.562 [A/COM40] =60 inv=false[0m
00003.562 [B/COM53] =60 inv=false[0m
00003.562 [A/COM40] =60 inv=false[0m
00003.562 [B/COM53] =60 inv=false[0m
00003.562 [A/COM40] =60 inv=false[0m
00003.562 [B/COM53] =60 inv=false[0m
00003.562 [A/COM40] =60 inv=false[0m
00003.562 [B/COM53] =60 inv=false[0m
00003.562 [A/COM40] =60 inv=false[0m
00003.562 [B/COM53] =60 inv=false[0m
00003.562 [A/COM40] =60 inv=false[0m
00003.562 [A/COM40] =60 inv=false[0m
00003.562 [B/COM53] =60 inv=false[0m
00003.578 [A/COM40] =60 inv=false[0m
00003.578 [B/COM53] =60 inv=false[0m
00003.578 [A/COM40] =60 inv=false[0m
00003.578 [B/COM53] =60 inv=false[0m
00003.578 [A/COM40] =60 inv=false[0m
00003.578 [B/COM53] =60 inv=false[0m
00003.578 [A/COM40] =60 inv=false[0m
00003.578 [B/COM53] =60 inv=false[0m
00003.578 [A/COM40] =60 inv=false[0m
00003.578 [B/COM53] =60 inv=false[0m
00003.578 [B/COM53] =60 inv=false[0m
00003.578 [A/COM40] =60 inv=false[0m
00003.578 [B/COM53] =60 inv=false[0m
00003.578 [A/COM40] =60 inv=false[0m
00003.578 [B/COM53] =60 inv=false[0m
00003.578 [A/COM40] =60 inv=false[0m
00003.578 [B/COM53] =60 inv=false[0m
00003.578 [A/COM40] =60 inv=false[0m
00003.578 [B/COM53] =60 inv=false[0m
00003.578 [A/COM40] =60 inv=false[0m
00003.578 [B/COM53] =60 inv=false[0m
00003.578 [A/COM40] =60 inv=false[0m
00003.578 [B/COM53] =60 inv=false[0m
00003.578 [A/COM40] =60 inv=false[0m
00003.578 [B/COM53] =60 inv=false[0m
00003.578 [A/COM40] =60 inv=false[0m
00003.578 [B/COM53] =60 inv=false[0m
00003.578 [A/COM40] =60 inv=false[0m
00003.578 [B/COM53] =60 inv=false[0m
00003.578 [A/COM40] =60 inv=false[0m
00003.578 [B/COM53] =60 inv=false[0m
00003.578 [A/COM40] =60 inv=false[0m
00003.578 [B/COM53] =60 inv=false[0m
00003.578 [A/COM40] =60 inv=false[0m
00003.578 [B/COM53] =60 inv=false[0m
00003.578 [A/COM40] =60 inv=false[0m
00003.593 [B/COM53] =60 inv=false[0m
00003.593 [A/COM40] =60 inv=false[0m
00003.593 [B/COM53] =60 inv=false[0m
00003.593 [A/COM40] =60 inv=false[0m
00003.593 [B/COM53] =60 inv=false[0m
00003.593 [A/COM40] =60 inv=false[0m
00003.593 [B/COM53] =60 inv=false[0m
00003.593 [A/COM40] =60 inv=false[0m
00003.593 [B/COM53] =60 inv=false[0m
00003.593 [A/COM40] =60 inv=false[0m
00003.593 [B/COM53] =60 inv=false[0m
00003.593 [B/COM53] =60 inv=false[0m
00003.593 [A/COM40] =60 inv=false[0m
00003.593 [B/COM53] =60 inv=false[0m
00003.593 [A/COM40] =60 inv=false[0m
00003.593 [A/COM40] =60 inv=false[0m
00003.593 [B/COM53] =60 inv=false[0m
00003.593 [A/COM40] =60 inv=false[0m
00003.593 [B/COM53] =60 inv=false[0m
00003.593 [A/COM40] =60 inv=false[0m
00003.593 [B/COM53] =60 inv=false[0m
00003.593 [A/COM40] =60 inv=false[0m
00003.593 [B/COM53] =60 inv=false[0m
00003.593 [A/COM40] =60 inv=false[0m
00003.593 [B/COM53] =60 inv=false[0m
00003.593 [A/COM40] =60 inv=false[0m
00003.593 [B/COM53] =60 inv=false[0m
00003.593 [A/COM40] =60 inv=false[0m
00003.593 [B/COM53] =60 inv=false[0m
00003.593 [A/COM40] =60 inv=false[0m
00003.593 [B/COM53] =60 inv=false[0m
00003.593 [A/COM40] =60 inv=false[0m
00003.593 [B/COM53] =60 inv=false[0m
00003.593 [A/COM40] =60 inv=false[0m
00003.593 [B/COM53] =60 inv=false[0m
00003.593 [A/COM40] =60 inv=false[0m
00003.593 [B/COM53] =60 inv=false[0m
00003.609 [A/COM40] =60 inv=false[0m
00003.609 [B/COM53] =60 inv=false[0m
00003.609 [A/COM40] =60 inv=false[0m
00003.609 [B/COM53] =60 inv=false[0m
00003.609 [A/COM40] =60 inv=false[0m
00003.609 [A/COM40] =60 inv=false[0m
00003.609 [B/COM53] =60 inv=false[0m
00003.609 [A/COM40] =60 inv=false[0m
00003.609 [B/COM53] =60 inv=false[0m
00003.609 [A/COM40] =60 inv=false[0m
00003.609 [B/COM53] =60 inv=false[0m
00003.609 [A/COM40] =60 inv=false[0m
00003.609 [B/COM53] =60 inv=false[0m
00003.609 [A/COM40] =60 inv=false[0m
00003.609 [B/COM53] =60 inv=false[0m
00003.609 [A/COM40] =60 inv=false[0m
00003.609 [B/COM53] =60 inv=false[0m
00003.609 [B/COM53] =60 inv=false[0m
00003.609 [A/COM40] =60 inv=false[0m
00003.609 [A/COM40] =60 inv=false[0m
00003.609 [B/COM53] =60 inv=false[0m
00003.609 [A/COM40] =60 inv=false[0m
00003.609 [B/COM53] =60 inv=false[0m
00003.609 [B/COM53] =60 inv=false[0m
00003.609 [A/COM40] =60 inv=false[0m
00003.609 [B/COM53] =60 inv=false[0m
00003.609 [A/COM40] =60 inv=false[0m
00003.609 [B/COM53] =60 inv=false[0m
00003.609 [A/COM40] =60 inv=false[0m
00003.609 [B/COM53] =60 inv=false[0m
00003.609 [A/COM40] =60 inv=false[0m
00003.609 [B/COM53] =60 inv=false[0m
00003.609 [A/COM40] =60 inv=false[0m
00003.609 [B/COM53] =60 inv=false[0m
00003.609 [A/COM40] =60 inv=false[0m
00003.609 [B/COM53] =60 inv=false[0m
00003.609 [B/COM53] =60 inv=false[0m
00003.609 [A/COM40] =60 inv=false[0m
00003.625 [B/COM53] =60 inv=false[0m
00003.625 [A/COM40] =60 inv=false[0m
00003.625 [B/COM53] =60 inv=false[0m
00003.625 [A/COM40] =60 inv=false[0m
00003.625 [B/COM53] =60 inv=false[0m
00003.625 [A/COM40] =60 inv=false[0m
00003.625 [B/COM53] =60 inv=false[0m
00003.625 [A/COM40] =60 inv=false[0m
00003.625 [B/COM53] =60 inv=false[0m
00003.625 [A/COM40] =60 inv=false[0m
00003.625 [B/COM53] =60 inv=false[0m
00003.625 [A/COM40] =60 inv=false[0m
00003.625 [B/COM53] =60 inv=false[0m
00003.625 [A/COM40] =60 inv=false[0m
00003.625 [B/COM53] =60 inv=false[0m
00003.625 [A/COM40] =60 inv=false[0m
00003.625 [B/COM53] =60 inv=false[0m
00003.625 [A/COM40] =60 inv=false[0m
00003.625 [B/COM53] =60 inv=false[0m
00003.625 [A/COM40] =60 inv=false[0m
00003.625 [B/COM53] =60 inv=false[0m
00003.625 [A/COM40] =60 inv=false[0m
00003.625 [B/COM53] =60 inv=false[0m
00003.625 [B/COM53] =60 inv=false[0m
00003.625 [A/COM40] =60 inv=false[0m
00003.625 [A/COM40] =60 inv=false[0m
00003.625 [B/COM53] =60 inv=false[0m
00003.625 [B/COM53] =60 inv=false[0m
00003.625 [A/COM40] =60 inv=false[0m
00003.625 [B/COM53] =60 inv=false[0m
00003.625 [A/COM40] =60 inv=false[0m
00003.625 [B/COM53] =60 inv=false[0m
00003.625 [A/COM40] =60 inv=false[0m
00003.625 [B/COM53] =60 inv=false[0m
00003.625 [A/COM40] =60 inv=false[0m
00003.625 [B/COM53] =60 inv=false[0m
00003.625 [A/COM40] =60 inv=false[0m
00003.625 [B/COM53] =60 inv=false[0m
00003.640 [A/COM40] =60 inv=false[0m
00003.640 [B/COM53] =60 inv=false[0m
00003.640 [A/COM40] =60 inv=false[0m
00003.640 [B/COM53] =60 inv=false[0m
00003.640 [A/COM40] =60 inv=false[0m
00003.640 [B/COM53] =60 inv=false[0m
00003.640 [A/COM40] =60 inv=false[0m
00003.640 [B/COM53] =60 inv=false[0m
00003.640 [A/COM40] =60 inv=false[0m
00003.640 [B/COM53] =60 inv=false[0m
00003.640 [A/COM40] =60 inv=false[0m
00003.640 [B/COM53] =60 inv=false[0m
00003.640 [A/COM40] =60 inv=false[0m
00003.640 [B/COM53] =60 inv=false[0m
00003.640 [A/COM40] =60 inv=false[0m
00003.640 [A/COM40] =60 inv=false[0m
00003.640 [B/COM53] =60 inv=false[0m
00003.640 [A/COM40] =60 inv=false[0m
00003.640 [B/COM53] =60 inv=false[0m
00003.640 [A/COM40] =60 inv=false[0m
00003.640 [A/COM40] =60 inv=false[0m
00003.640 [B/COM53] =60 inv=false[0m
00003.640 [A/COM40] =60 inv=false[0m
00003.640 [B/COM53] =60 inv=false[0m
00003.640 [A/COM40] =60 inv=false[0m
00003.640 [B/COM53] =60 inv=false[0m
00003.640 [A/COM40] =60 inv=false[0m
00003.640 [B/COM53] =60 inv=false[0m
00003.640 [A/COM40] =60 inv=false[0m
00003.640 [B/COM53] =60 inv=false[0m
00003.640 [A/COM40] =60 inv=false[0m
00003.640 [B/COM53] =60 inv=false[0m
00003.640 [A/COM40] =60 inv=false[0m
00003.640 [B/COM53] =60 inv=false[0m
00003.640 [A/COM40] =60 inv=false[0m
00003.640 [B/COM53] =60 inv=false[0m
00003.640 [A/COM40] =60 inv=false[0m
00003.640 [A/COM40] =60 inv=false[0m
00003.640 [B/COM53] =60 inv=false[0m
00003.656 [B/COM53] =60 inv=false[0m
00003.656 [A/COM40] =60 inv=false[0m
00003.656 [A/COM40] =60 inv=false[0m
00003.656 [B/COM53] =60 inv=false[0m
00003.656 [A/COM40] =60 inv=false[0m
00003.656 [B/COM53] =60 inv=false[0m
00003.656 [B/COM53] =60 inv=false[0m
00003.656 [A/COM40] =60 inv=false[0m
00003.656 [B/COM53] =60 inv=false[0m
00003.656 [A/COM40] =60 inv=false[0m
00003.656 [B/COM53] =60 inv=false[0m
00003.656 [A/COM40] =60 inv=false[0m
00003.656 [B/COM53] =60 inv=false[0m
00003.656 [A/COM40] =60 inv=false[0m
00003.656 [B/COM53] =60 inv=false[0m
00003.656 [B/COM53] =60 inv=false[0m
00003.656 [A/COM40] =60 inv=false[0m
00003.656 [A/COM40] =60 inv=false[0m
00003.656 [B/COM53] =60 inv=false[0m
00003.656 [B/COM53] =60 inv=false[0m
00003.656 [A/COM40] =60 inv=false[0m
00003.656 [B/COM53] =60 inv=false[0m
00003.656 [A/COM40] =60 inv=false[0m
00003.656 [B/COM53] =60 inv=false[0m
00003.656 [B/COM53] =60 inv=false[0m
00003.656 [A/COM40] =60 inv=false[0m
00003.656 [B/COM53] =60 inv=false[0m
00003.656 [A/COM40] =60 inv=false[0m
00003.656 [B/COM53] =60 inv=false[0m
00003.656 [B/COM53] =60 inv=false[0m
00003.656 [A/COM40] =60 inv=false[0m
00003.656 [B/COM53] =60 inv=false[0m
00003.656 [A/COM40] =60 inv=false[0m
00003.656 [B/COM53] =60 inv=false[0m
00003.656 [B/COM53] =60 inv=false[0m
00003.656 [A/COM40] =60 inv=false[0m
00003.656 [A/COM40] =60 inv=false[0m
00003.656 [B/COM53] =60 inv=false[0m
00003.656 [B/COM53] =60 inv=false[0m
00003.656 [A/COM40] =60 inv=false[0m
00003.656 [B/COM53] =60 inv=false[0m
00003.672 [A/COM40] =60 inv=false[0m
00003.672 [B/COM53] =60 inv=false[0m
00003.672 [A/COM40] =60 inv=false[0m
00003.672 [B/COM53] =60 inv=false[0m
00003.672 [A/COM40] =60 inv=false[0m
00003.672 [B/COM53] =60 inv=false[0m
00003.672 [B/COM53] =60 inv=false[0m
00003.672 [A/COM40] =60 inv=false[0m
00003.672 [A/COM40] =60 inv=false[0m
00003.672 [B/COM53] =60 inv=false[0m
00003.672 [A/COM40] =60 inv=false[0m
00003.672 [B/COM53] =60 inv=false[0m
00003.672 [A/COM40] =60 inv=false[0m
00003.672 [B/COM53] =60 inv=false[0m
00003.672 [A/COM40] =60 inv=false[0m
00003.672 [B/COM53] =60 inv=false[0m
00003.672 [A/COM40] =60 inv=false[0m
00003.672 [B/COM53] =60 inv=false[0m
00003.672 [A/COM40] =60 inv=false[0m
00003.672 [B/COM53] =60 inv=false[0m
00003.672 [A/COM40] =60 inv=false[0m
00003.672 [B/COM53] =60 inv=false[0m
00003.672 [A/COM40] =60 inv=false[0m
00003.672 [B/COM53] =60 inv=false[0m
00003.672 [A/COM40] =60 inv=false[0m
00003.672 [B/COM53] =60 inv=false[0m
00003.672 [B/COM53] =60 inv=false[0m
00003.672 [A/COM40] =60 inv=false[0m
00003.672 [B/COM53] =60 inv=false[0m
00003.672 [A/COM40] =60 inv=false[0m
00003.672 [A/COM40] =60 inv=false[0m
00003.672 [B/COM53] =60 inv=false[0m
00003.672 [A/COM40] =60 inv=false[0m
00003.672 [B/COM53] =60 inv=false[0m
00003.672 [A/COM40] =60 inv=false[0m
00003.672 [B/COM53] =60 inv=false[0m
00003.672 [A/COM40] =60 inv=false[0m
00003.672 [B/COM53] =60 inv=false[0m
00003.687 [A/COM40] =60 inv=false[0m
00003.687 [B/COM53] =60 inv=false[0m
00003.687 [A/COM40] =60 inv=false[0m
00003.687 [B/COM53] =60 inv=false[0m
00003.687 [A/COM40] =60 inv=false[0m
00003.687 [B/COM53] =60 inv=false[0m
00003.687 [A/COM40] =60 inv=false[0m
00003.687 [B/COM53] =60 inv=false[0m
00003.687 [B/COM53] =60 inv=false[0m
00003.687 [A/COM40] =60 inv=false[0m
00003.687 [B/COM53] =60 inv=false[0m
00003.687 [A/COM40] =60 inv=false[0m
00003.687 [B/COM53] =60 inv=false[0m
00003.687 [A/COM40] =60 inv=false[0m
00003.687 [B/COM53] =60 inv=false[0m
00003.687 [A/COM40] =60 inv=false[0m
00003.687 [B/COM53] =60 inv=false[0m
00003.687 [A/COM40] =60 inv=false[0m
00003.687 [B/COM53] =60 inv=false[0m
00003.687 [B/COM53] =60 inv=false[0m
00003.687 [A/COM40] =60 inv=false[0m
00003.687 [B/COM53] =60 inv=false[0m
00003.687 [A/COM40] =60 inv=false[0m
00003.687 [B/COM53] =60 inv=false[0m
00003.687 [A/COM40] =60 inv=false[0m
00003.687 [B/COM53] =60 inv=false[0m
00003.687 [A/COM40] =60 inv=false[0m
00003.687 [B/COM53] =60 inv=false[0m
00003.687 [A/COM40] =60 inv=false[0m
00003.687 [B/COM53] =60 inv=false[0m
00003.687 [B/COM53] =60 inv=false[0m
00003.687 [A/COM40] =60 inv=false[0m
00003.687 [B/COM53] =60 inv=false[0m
00003.687 [A/COM40] =60 inv=false[0m
00003.687 [B/COM53] =60 inv=false[0m
00003.687 [A/COM40] =60 inv=false[0m
00003.687 [B/COM53] =60 inv=false[0m
00003.687 [A/COM40] =60 inv=false[0m
00003.687 [B/COM53] =60 inv=false[0m
00003.687 [A/COM40] =60 inv=false[0m
00003.687 [B/COM53] =60 inv=false[0m
00003.703 [B/COM53] =60 inv=false[0m
00003.703 [A/COM40] =60 inv=false[0m
00003.703 [B/COM53] =60 inv=false[0m
00003.703 [A/COM40] =60 inv=false[0m
00003.703 [B/COM53] =60 inv=false[0m
00003.703 [A/COM40] =60 inv=false[0m
00003.703 [A/COM40] =60 inv=false[0m
00003.703 [B/COM53] =60 inv=false[0m
00003.703 [A/COM40] =60 inv=false[0m
00003.703 [B/COM53] =60 inv=false[0m
00003.703 [A/COM40] =60 inv=false[0m
00003.703 [B/COM53] =60 inv=false[0m
00003.703 [A/COM40] =60 inv=false[0m
00003.703 [B/COM53] =60 inv=false[0m
00003.703 [A/COM40] =60 inv=false[0m
00003.703 [A/COM40] =60 inv=false[0m
00003.703 [B/COM53] =60 inv=false[0m
00003.703 [B/COM53] =60 inv=false[0m
00003.703 [A/COM40] =60 inv=false[0m
00003.703 [B/COM53] =60 inv=false[0m
00003.703 [A/COM40] =60 inv=false[0m
00003.703 [A/COM40] =60 inv=false[0m
00003.703 [B/COM53] =60 inv=false[0m
00003.703 [A/COM40] =60 inv=false[0m
00003.703 [B/COM53] =60 inv=false[0m
00003.703 [A/COM40] =60 inv=false[0m
00003.703 [B/COM53] =60 inv=false[0m
00003.703 [A/COM40] =60 inv=false[0m
00003.703 [B/COM53] =60 inv=false[0m
00003.703 [A/COM40] =60 inv=false[0m
00003.703 [B/COM53] =60 inv=false[0m
00003.703 [A/COM40] =60 inv=false[0m
00003.703 [B/COM53] =60 inv=false[0m
00003.703 [A/COM40] =60 inv=false[0m
00003.703 [B/COM53] =60 inv=false[0m
00003.703 [A/COM40] =60 inv=false[0m
00003.703 [B/COM53] =60 inv=false[0m
00003.703 [A/COM40] =60 inv=false[0m
00003.703 [B/COM53] =60 inv=false[0m
00003.703 [A/COM40] =60 inv=false[0m
00003.718 [A/COM40] =60 inv=false[0m
00003.718 [B/COM53] =60 inv=false[0m
00003.718 [A/COM40] =60 inv=false[0m
00003.718 [B/COM53] =60 inv=false[0m
00003.718 [B/COM53] =60 inv=false[0m
00003.718 [A/COM40] =60 inv=false[0m
00003.718 [A/COM40] =60 inv=false[0m
00003.718 [B/COM53] =60 inv=false[0m
00003.718 [A/COM40] =60 inv=false[0m
00003.718 [B/COM53] =60 inv=false[0m
00003.718 [A/COM40] =60 inv=false[0m
00003.718 [B/COM53] =60 inv=false[0m
00003.718 [B/COM53] =60 inv=false[0m
00003.718 [A/COM40] =60 inv=false[0m
00003.718 [A/COM40] =60 inv=false[0m
00003.718 [B/COM53] =60 inv=false[0m
00003.718 [A/COM40] =60 inv=false[0m
00003.718 [B/COM53] =60 inv=false[0m
00003.718 [A/COM40] =60 inv=false[0m
00003.718 [B/COM53] =60 inv=false[0m
00003.718 [B/COM53] =60 inv=false[0m
00003.718 [A/COM40] =60 inv=false[0m
00003.718 [B/COM53] =60 inv=false[0m
00003.718 [A/COM40] =60 inv=false[0m
00003.718 [B/COM53] =60 inv=false[0m
00003.718 [A/COM40] =60 inv=false[0m
00003.718 [B/COM53] =60 inv=false[0m
00003.718 [A/COM40] =60 inv=false[0m
00003.718 [B/COM53] =60 inv=false[0m
00003.718 [A/COM40] =60 inv=false[0m
00003.718 [A/COM40] =60 inv=false[0m
00003.718 [B/COM53] =60 inv=false[0m
00003.718 [A/COM40] =60 inv=false[0m
00003.718 [B/COM53] =60 inv=false[0m
00003.718 [A/COM40] =60 inv=false[0m
00003.718 [B/COM53] =60 inv=false[0m
00003.718 [B/COM53] =60 inv=false[0m
00003.718 [A/COM40] =60 inv=false[0m
00003.734 [B/COM53] =60 inv=false[0m
00003.734 [A/COM40] =60 inv=false[0m
00003.734 [B/COM53] =60 inv=false[0m
00003.734 [A/COM40] =60 inv=false[0m
00003.734 [B/COM53] =60 inv=false[0m
00003.734 [A/COM40] =60 inv=false[0m
00003.734 [B/COM53] =60 inv=false[0m
00003.734 [A/COM40] =60 inv=false[0m
00003.734 [B/COM53] =60 inv=false[0m
00003.734 [A/COM40] =60 inv=false[0m
00003.734 [B/COM53] =60 inv=false[0m
00003.734 [A/COM40] =60 inv=false[0m
00003.734 [A/COM40] =60 inv=false[0m
00003.734 [B/COM53] =60 inv=false[0m
00003.734 [B/COM53] =60 inv=false[0m
00003.734 [A/COM40] =60 inv=false[0m
00003.734 [B/COM53] =60 inv=false[0m
00003.734 [A/COM40] =60 inv=false[0m
00003.734 [B/COM53] =60 inv=false[0m
00003.734 [A/COM40] =60 inv=false[0m
00003.734 [B/COM53] =60 inv=false[0m
00003.734 [A/COM40] =60 inv=false[0m
00003.734 [B/COM53] =60 inv=false[0m
00003.734 [A/COM40] =60 inv=false[0m
00003.734 [B/COM53] =60 inv=false[0m
00003.734 [B/COM53] =60 inv=false[0m
00003.734 [A/COM40] =60 inv=false[0m
00003.734 [B/COM53] =60 inv=false[0m
00003.734 [A/COM40] =60 inv=false[0m
00003.734 [B/COM53] =60 inv=false[0m
00003.734 [A/COM40] =60 inv=false[0m
00003.734 [B/COM53] =60 inv=false[0m
00003.734 [A/COM40] =60 inv=false[0m
00003.734 [B/COM53] =60 inv=false[0m
00003.734 [A/COM40] =60 inv=false[0m
00003.734 [B/COM53] =60 inv=false[0m
00003.734 [A/COM40] =60 inv=false[0m
00003.734 [B/COM53] =60 inv=false[0m
00003.734 [A/COM40] =60 inv=false[0m
00003.734 [B/COM53] =60 inv=false[0m
00003.750 [A/COM40] =60 inv=false[0m
00003.750 [B/COM53] =60 inv=false[0m
00003.750 [A/COM40] =60 inv=false[0m
00003.750 [B/COM53] =60 inv=false[0m
00003.750 [A/COM40] =60 inv=false[0m
00003.750 [B/COM53] =60 inv=false[0m
00003.750 [B/COM53] =60 inv=false[0m
00003.750 [A/COM40] =60 inv=false[0m
00003.750 [B/COM53] =60 inv=false[0m
00003.750 [A/COM40] =60 inv=false[0m
00003.750 [B/COM53] =60 inv=false[0m
00003.750 [A/COM40] =60 inv=false[0m
00003.750 [B/COM53] =60 inv=false[0m
00003.750 [A/COM40] =60 inv=false[0m
00003.750 [B/COM53] =60 inv=false[0m
00003.750 [A/COM40] =60 inv=false[0m
00003.750 [B/COM53] =60 inv=false[0m
00003.750 [A/COM40] =60 inv=false[0m
00003.750 [B/COM53] =60 inv=false[0m
00003.750 [A/COM40] =60 inv=false[0m
00003.750 [B/COM53] =60 inv=false[0m
00003.750 [B/COM53] =60 inv=false[0m
00003.750 [A/COM40] =60 inv=false[0m
00003.750 [B/COM53] =60 inv=false[0m
00003.750 [A/COM40] =60 inv=false[0m
00003.750 [B/COM53] =60 inv=false[0m
00003.750 [A/COM40] =60 inv=false[0m
00003.750 [B/COM53] =60 inv=false[0m
00003.750 [A/COM40] =60 inv=false[0m
00003.750 [B/COM53] =60 inv=false[0m
00003.750 [A/COM40] =60 inv=false[0m
00003.750 [B/COM53] =60 inv=false[0m
00003.750 [A/COM40] =60 inv=false[0m
00003.750 [B/COM53] =60 inv=false[0m
00003.750 [A/COM40] =60 inv=false[0m
00003.750 [B/COM53] =60 inv=false[0m
00003.750 [A/COM40] =60 inv=false[0m
00003.750 [A/COM40] =60 inv=false[0m
00003.750 [B/COM53] =60 inv=false[0m
00003.750 [B/COM53] =60 inv=false[0m
00003.765 [A/COM40] =60 inv=false[0m
00003.765 [B/COM53] =60 inv=false[0m
00003.765 [A/COM40] =60 inv=false[0m
00003.765 [B/COM53] =60 inv=false[0m
00003.765 [A/COM40] =60 inv=false[0m
00003.765 [B/COM53] =60 inv=false[0m
00003.765 [A/COM40] =60 inv=false[0m
00003.765 [B/COM53] =60 inv=false[0m
00003.765 [A/COM40] =60 inv=false[0m
00003.765 [B/COM53] =60 inv=false[0m
00003.765 [A/COM40] =60 inv=false[0m
00003.765 [B/COM53] =60 inv=false[0m
00003.765 [A/COM40] =60 inv=false[0m
00003.765 [B/COM53] =60 inv=false[0m
00003.765 [A/COM40] =60 inv=false[0m
00003.765 [B/COM53] =60 inv=false[0m
00003.765 [A/COM40] =60 inv=false[0m
00003.765 [B/COM53] =60 inv=false[0m
00003.765 [A/COM40] =60 inv=false[0m
00003.765 [B/COM53] =60 inv=false[0m
00003.765 [A/COM40] =60 inv=false[0m
00003.765 [B/COM53] =60 inv=false[0m
00003.765 [B/COM53] =60 inv=false[0m
00003.765 [A/COM40] =60 inv=false[0m
00003.765 [A/COM40] =60 inv=false[0m
00003.765 [B/COM53] =60 inv=false[0m
00003.765 [A/COM40] =60 inv=false[0m
00003.765 [B/COM53] =60 inv=false[0m
00003.765 [B/COM53] =60 inv=false[0m
00003.765 [A/COM40] =60 inv=false[0m
00003.765 [B/COM53] =60 inv=false[0m
00003.765 [A/COM40] =60 inv=false[0m
00003.765 [B/COM53] =60 inv=false[0m
00003.765 [A/COM40] =60 inv=false[0m
00003.765 [A/COM40] =60 inv=false[0m
00003.765 [B/COM53] =60 inv=false[0m
00003.765 [B/COM53] =60 inv=false[0m
00003.765 [A/COM40] =60 inv=false[0m
00003.781 [A/COM40] =60 inv=false[0m
00003.781 [B/COM53] =60 inv=false[0m
00003.781 [A/COM40] =60 inv=false[0m
00003.781 [B/COM53] =60 inv=false[0m
00003.781 [A/COM40] =60 inv=false[0m
00003.781 [B/COM53] =60 inv=false[0m
00003.781 [A/COM40] =60 inv=false[0m
00003.781 [B/COM53] =60 inv=false[0m
00003.781 [B/COM53] =60 inv=false[0m
00003.781 [A/COM40] =60 inv=false[0m
00003.781 [B/COM53] =60 inv=false[0m
00003.781 [A/COM40] =60 inv=false[0m
00003.781 [B/COM53] =60 inv=false[0m
00003.781 [A/COM40] =60 inv=false[0m
00003.781 [A/COM40] =60 inv=false[0m
00003.781 [B/COM53] =60 inv=false[0m
00003.781 [B/COM53] =60 inv=false[0m
00003.781 [A/COM40] =60 inv=false[0m
00003.781 [B/COM53] =60 inv=false[0m
00003.781 [A/COM40] =60 inv=false[0m
00003.781 [B/COM53] =60 inv=false[0m
00003.781 [A/COM40] =60 inv=false[0m
00003.781 [B/COM53] =60 inv=false[0m
00003.781 [A/COM40] =60 inv=false[0m
00003.781 [B/COM53] =60 inv=false[0m
00003.781 [A/COM40] =60 inv=false[0m
00003.781 [B/COM53] =60 inv=false[0m
00003.781 [A/COM40] =60 inv=false[0m
00003.781 [B/COM53] =60 inv=false[0m
00003.781 [A/COM40] =60 inv=false[0m
00003.781 [B/COM53] =60 inv=false[0m
00003.781 [A/COM40] =60 inv=false[0m
00003.781 [B/COM53] =60 inv=false[0m
00003.781 [A/COM40] =60 inv=false[0m
00003.781 [B/COM53] =60 inv=false[0m
00003.781 [A/COM40] =60 inv=false[0m
00003.781 [B/COM53] =60 inv=false[0m
00003.781 [A/COM40] =60 inv=false[0m
00003.781 [B/COM53] =60 inv=false[0m
00003.797 [A/COM40] =60 inv=false[0m
00003.797 [B/COM53] =60 inv=false[0m
00003.797 [A/COM40] =60 inv=false[0m
00003.797 [B/COM53] =60 inv=false[0m
00003.797 [A/COM40] =60 inv=false[0m
00003.797 [B/COM53] =60 inv=false[0m
00003.797 [B/COM53] =60 inv=false[0m
00003.797 [A/COM40] =60 inv=false[0m
00003.797 [B/COM53] =60 inv=false[0m
00003.797 [A/COM40] =60 inv=false[0m
00003.797 [B/COM53] =60 inv=false[0m
00003.797 [A/COM40] =60 inv=false[0m
00003.797 [B/COM53] =60 inv=false[0m
00003.797 [A/COM40] =60 inv=false[0m
00003.797 [B/COM53] =60 inv=false[0m
00003.797 [A/COM40] =60 inv=false[0m
00003.797 [B/COM53] =60 inv=false[0m
00003.797 [A/COM40] =60 inv=false[0m
00003.797 [B/COM53] =60 inv=false[0m
00003.797 [A/COM40] =60 inv=false[0m
00003.797 [B/COM53] =60 inv=false[0m
00003.797 [B/COM53] =60 inv=false[0m
00003.797 [A/COM40] =60 inv=false[0m
00003.797 [B/COM53] =60 inv=false[0m
00003.797 [A/COM40] =60 inv=false[0m
00003.797 [A/COM40] =60 inv=false[0m
00003.797 [B/COM53] =60 inv=false[0m
00003.797 [A/COM40] =60 inv=false[0m
00003.797 [B/COM53] =60 inv=false[0m
00003.797 [B/COM53] =60 inv=false[0m
00003.797 [A/COM40] =60 inv=false[0m
00003.797 [B/COM53] =60 inv=false[0m
00003.797 [A/COM40] =60 inv=false[0m
00003.797 [B/COM53] =60 inv=false[0m
00003.797 [A/COM40] =60 inv=false[0m
00003.797 [B/COM53] =60 inv=false[0m
00003.797 [A/COM40] =60 inv=false[0m
00003.797 [B/COM53] =60 inv=false[0m
00003.797 [A/COM40] =60 inv=false[0m
00003.797 [B/COM53] =60 inv=false[0m
00003.797 [A/COM40] =60 inv=false[0m
00003.797 [B/COM53] =60 inv=false[0m
00003.812 [A/COM40] =60 inv=false[0m
00003.812 [B/COM53] =60 inv=false[0m
00003.812 [A/COM40] =60 inv=false[0m
00003.812 [B/COM53] =60 inv=false[0m
00003.812 [A/COM40] =60 inv=false[0m
00003.812 [B/COM53] =60 inv=false[0m
00003.812 [A/COM40] =60 inv=false[0m
00003.812 [B/COM53] =60 inv=false[0m
00003.812 [A/COM40] =60 inv=false[0m
00003.812 [B/COM53] =60 inv=false[0m
00003.812 [A/COM40] =60 inv=false[0m
00003.812 [B/COM53] =60 inv=false[0m
00003.812 [A/COM40] =60 inv=false[0m
00003.812 [B/COM53] =60 inv=false[0m
00003.812 [A/COM40] =60 inv=false[0m
00003.812 [B/COM53] =60 inv=false[0m
00003.812 [A/COM40] =60 inv=false[0m
00003.812 [A/COM40] =60 inv=false[0m
00003.812 [B/COM53] =60 inv=false[0m
00003.812 [A/COM40] =60 inv=false[0m
00003.812 [B/COM53] =60 inv=false[0m
00003.812 [A/COM40] =60 inv=false[0m
00003.812 [B/COM53] =60 inv=false[0m
00003.812 [B/COM53] =60 inv=false[0m
00003.812 [A/COM40] =60 inv=false[0m
00003.812 [B/COM53] =60 inv=false[0m
00003.812 [A/COM40] =60 inv=false[0m
00003.812 [B/COM53] =60 inv=false[0m
00003.812 [A/COM40] =60 inv=false[0m
00003.812 [B/COM53] =60 inv=false[0m
00003.812 [A/COM40] =60 inv=false[0m
00003.812 [B/COM53] =60 inv=false[0m
00003.812 [A/COM40] =60 inv=false[0m
00003.812 [B/COM53] =60 inv=false[0m
00003.812 [A/COM40] =60 inv=false[0m
00003.812 [A/COM40] =60 inv=false[0m
00003.812 [B/COM53] =60 inv=false[0m
00003.812 [A/COM40] =60 inv=false[0m
00003.812 [B/COM53] =60 inv=false[0m
00003.812 [A/COM40] =60 inv=false[0m
00003.828 [B/COM53] =60 inv=false[0m
00003.828 [A/COM40] =60 inv=false[0m
00003.828 [B/COM53] =60 inv=false[0m
00003.828 [A/COM40] =60 inv=false[0m
00003.828 [B/COM53] =60 inv=false[0m
00003.828 [A/COM40] =60 inv=false[0m
00003.828 [A/COM40] =60 inv=false[0m
00003.828 [B/COM53] =60 inv=false[0m
00003.828 [A/COM40] =60 inv=false[0m
00003.828 [B/COM53] =60 inv=false[0m
00003.828 [A/COM40] =60 inv=false[0m
00003.828 [B/COM53] =60 inv=false[0m
00003.828 [A/COM40] =60 inv=false[0m
00003.828 [B/COM53] =60 inv=false[0m
00003.828 [A/COM40] =60 inv=false[0m
00003.828 [B/COM53] =60 inv=false[0m
00003.828 [A/COM40] =60 inv=false[0m
00003.828 [B/COM53] =60 inv=false[0m
00003.828 [A/COM40] =60 inv=false[0m
00003.828 [A/COM40] =60 inv=false[0m
00003.828 [B/COM53] =60 inv=false[0m
00003.828 [A/COM40] =60 inv=false[0m
00003.828 [B/COM53] =60 inv=false[0m
00003.828 [B/COM53] =60 inv=false[0m
00003.828 [A/COM40] =60 inv=false[0m
00003.828 [B/COM53] =60 inv=false[0m
00003.828 [A/COM40] =60 inv=false[0m
00003.828 [B/COM53] =60 inv=false[0m
00003.828 [A/COM40] =60 inv=false[0m
00003.828 [A/COM40] =60 inv=false[0m
00003.828 [B/COM53] =60 inv=false[0m
00003.828 [A/COM40] =60 inv=false[0m
00003.828 [B/COM53] =60 inv=false[0m
00003.828 [A/COM40] =60 inv=false[0m
00003.828 [A/COM40] =60 inv=false[0m
00003.828 [B/COM53] =60 inv=false[0m
00003.828 [B/COM53] =60 inv=false[0m
00003.828 [A/COM40] =60 inv=false[0m
00003.843 [B/COM53] =60 inv=false[0m
00003.843 [A/COM40] =60 inv=false[0m
00003.843 [B/COM53] =60 inv=false[0m
00003.843 [A/COM40] =60 inv=false[0m
00003.843 [B/COM53] =60 inv=false[0m
00003.843 [A/COM40] =60 inv=false[0m
00003.843 [B/COM53] =60 inv=false[0m
00003.843 [A/COM40] =60 inv=false[0m
00003.843 [B/COM53] =60 inv=false[0m
00003.843 [B/COM53] =60 inv=false[0m
00003.843 [A/COM40] =60 inv=false[0m
00003.843 [B/COM53] =60 inv=false[0m
00003.843 [A/COM40] =60 inv=false[0m
00003.843 [B/COM53] =60 inv=false[0m
00003.843 [A/COM40] =60 inv=false[0m
00003.843 [B/COM53] =60 inv=false[0m
00003.843 [A/COM40] =60 inv=false[0m
00003.843 [B/COM53] =60 inv=false[0m
00003.843 [A/COM40] =60 inv=false[0m
00003.843 [B/COM53] =60 inv=false[0m
00003.843 [B/COM53] =60 inv=false[0m
00003.843 [A/COM40] =60 inv=false[0m
00003.843 [B/COM53] =60 inv=false[0m
00003.843 [A/COM40] =60 inv=false[0m
00003.843 [B/COM53] =60 inv=false[0m
00003.843 [A/COM40] =60 inv=false[0m
00003.843 [B/COM53] =60 inv=false[0m
00003.843 [A/COM40] =60 inv=false[0m
00003.843 [B/COM53] =60 inv=false[0m
00003.843 [A/COM40] =60 inv=false[0m
00003.843 [B/COM53] =60 inv=false[0m
00003.843 [A/COM40] =60 inv=false[0m
00003.843 [B/COM53] =60 inv=false[0m
00003.843 [A/COM40] =60 inv=false[0m
00003.843 [B/COM53] =60 inv=false[0m
00003.843 [A/COM40] =60 inv=false[0m
00003.843 [B/COM53] =60 inv=false[0m
00003.843 [A/COM40] =60 inv=false[0m
00003.859 [B/COM53] =60 inv=false[0m
00003.859 [A/COM40] =60 inv=false[0m
00003.859 [B/COM53] =60 inv=false[0m
00003.859 [A/COM40] =60 inv=false[0m
00003.859 [B/COM53] =60 inv=false[0m
00003.859 [A/COM40] =60 inv=false[0m
00003.859 [B/COM53] =60 inv=false[0m
00003.859 [B/COM53] =60 inv=false[0m
00003.859 [A/COM40] =60 inv=false[0m
00003.859 [B/COM53] =60 inv=false[0m
00003.859 [A/COM40] =60 inv=false[0m
00003.859 [B/COM53] =60 inv=false[0m
00003.859 [A/COM40] =60 inv=false[0m
00003.859 [B/COM53] =60 inv=false[0m
00003.859 [A/COM40] =60 inv=false[0m
00003.859 [B/COM53] =60 inv=false[0m
00003.859 [A/COM40] =60 inv=false[0m
00003.859 [B/COM53] =60 inv=false[0m
00003.859 [A/COM40] =60 inv=false[0m
00003.859 [B/COM53] =60 inv=false[0m
00003.859 [A/COM40] =60 inv=false[0m
00003.859 [B/COM53] =60 inv=false[0m
00003.859 [A/COM40] =60 inv=false[0m
00003.859 [B/COM53] =60 inv=false[0m
00003.859 [A/COM40] =60 inv=false[0m
00003.859 [B/COM53] =60 inv=false[0m
00003.859 [A/COM40] =60 inv=false[0m
00003.859 [B/COM53] =60 inv=false[0m
00003.859 [A/COM40] =60 inv=false[0m
00003.859 [B/COM53] =60 inv=false[0m
00003.859 [B/COM53] =60 inv=false[0m
00003.859 [A/COM40] =60 inv=false[0m
00003.859 [B/COM53] =60 inv=false[0m
00003.859 [A/COM40] =60 inv=false[0m
00003.859 [B/COM53] =60 inv=false[0m
00003.859 [A/COM40] =60 inv=false[0m
00003.859 [B/COM53] =60 inv=false[0m
00003.859 [A/COM40] =60 inv=false[0m
00003.859 [B/COM53] =60 inv=false[0m
00003.859 [A/COM40] =60 inv=false[0m
00003.875 [B/COM53] =60 inv=false[0m
00003.875 [A/COM40] =60 inv=false[0m
00003.875 [B/COM53] =60 inv=false[0m
00003.875 [A/COM40] =60 inv=false[0m
00003.875 [B/COM53] =60 inv=false[0m
00003.875 [A/COM40] =60 inv=false[0m
00003.875 [B/COM53] =60 inv=false[0m
00003.875 [A/COM40] =60 inv=false[0m
00003.875 [B/COM53] =60 inv=false[0m
00003.875 [A/COM40] =60 inv=false[0m
00003.875 [B/COM53] =60 inv=false[0m
00003.875 [A/COM40] =60 inv=false[0m
00003.875 [B/COM53] =60 inv=false[0m
00003.875 [A/COM40] =60 inv=false[0m
00003.875 [B/COM53] =60 inv=false[0m
00003.875 [A/COM40] =60 inv=false[0m
00003.875 [B/COM53] =60 inv=false[0m
00003.875 [A/COM40] =60 inv=false[0m
00003.875 [B/COM53] =60 inv=false[0m
00003.875 [A/COM40] =60 inv=false[0m
00003.875 [A/COM40] =60 inv=false[0m
00003.875 [B/COM53] =60 inv=false[0m
00003.875 [A/COM40] =60 inv=false[0m
00003.875 [B/COM53] =60 inv=false[0m
00003.875 [A/COM40] =60 inv=false[0m
00003.875 [B/COM53] =60 inv=false[0m
00003.875 [B/COM53] =60 inv=false[0m
00003.875 [A/COM40] =60 inv=false[0m
00003.875 [A/COM40] =60 inv=false[0m
00003.875 [B/COM53] =60 inv=false[0m
00003.875 [A/COM40] =60 inv=false[0m
00003.875 [B/COM53] =60 inv=false[0m
00003.875 [B/COM53] =60 inv=false[0m
00003.875 [A/COM40] =60 inv=false[0m
00003.875 [A/COM40] =60 inv=false[0m
00003.875 [B/COM53] =60 inv=false[0m
00003.875 [A/COM40] =60 inv=false[0m
00003.875 [B/COM53] =60 inv=false[0m
00003.890 [A/COM40] =60 inv=false[0m
00003.890 [B/COM53] =60 inv=false[0m
00003.890 [A/COM40] =60 inv=false[0m
00003.890 [B/COM53] =60 inv=false[0m
00003.890 [A/COM40] =60 inv=false[0m
00003.890 [B/COM53] =60 inv=false[0m
00003.890 [A/COM40] =60 inv=false[0m
00003.890 [B/COM53] =60 inv=false[0m
00003.890 [A/COM40] =60 inv=false[0m
00003.890 [B/COM53] =60 inv=false[0m
00003.890 [A/COM40] =60 inv=false[0m
00003.890 [B/COM53] =60 inv=false[0m
00003.890 [A/COM40] =60 inv=false[0m
00003.890 [B/COM53] =60 inv=false[0m
00003.890 [A/COM40] =60 inv=false[0m
00003.890 [B/COM53] =60 inv=false[0m
00003.890 [A/COM40] =60 inv=false[0m
00003.890 [B/COM53] =60 inv=false[0m
00003.890 [A/COM40] =60 inv=false[0m
00003.890 [B/COM53] =60 inv=false[0m
00003.890 [B/COM53] =60 inv=false[0m
00003.890 [A/COM40] =60 inv=false[0m
00003.890 [B/COM53] =60 inv=false[0m
00003.890 [A/COM40] =60 inv=false[0m
00003.890 [B/COM53] =60 inv=false[0m
00003.890 [A/COM40] =60 inv=false[0m
00003.890 [B/COM53] =60 inv=false[0m
00003.890 [A/COM40] =60 inv=false[0m
00003.890 [B/COM53] =60 inv=false[0m
00003.890 [A/COM40] =60 inv=false[0m
00003.890 [B/COM53] =60 inv=false[0m
00003.890 [A/COM40] =60 inv=false[0m
00003.890 [B/COM53] =60 inv=false[0m
00003.890 [A/COM40] =60 inv=false[0m
00003.890 [B/COM53] =60 inv=false[0m
00003.890 [A/COM40] =60 inv=false[0m
00003.906 [B/COM53] =60 inv=false[0m
00003.906 [A/COM40] =60 inv=false[0m
00003.906 [B/COM53] =60 inv=false[0m
00003.906 [A/COM40] =60 inv=false[0m
00003.906 [B/COM53] =60 inv=false[0m
00003.906 [A/COM40] =60 inv=false[0m
00003.906 [B/COM53] =60 inv=false[0m
00003.906 [A/COM40] =60 inv=false[0m
00003.906 [B/COM53] =60 inv=false[0m
00003.906 [A/COM40] =60 inv=false[0m
00003.906 [B/COM53] =60 inv=false[0m
00003.906 [A/COM40] =60 inv=false[0m
00003.906 [B/COM53] =60 inv=false[0m
00003.906 [A/COM40] =60 inv=false[0m
00003.906 [B/COM53] =60 inv=false[0m
00003.906 [B/COM53] =60 inv=false[0m
00003.906 [A/COM40] =60 inv=false[0m
00003.906 [A/COM40] =60 inv=false[0m
00003.906 [B/COM53] =60 inv=false[0m
00003.906 [B/COM53] =60 inv=false[0m
00003.906 [A/COM40] =60 inv=false[0m
00003.906 [A/COM40] =60 inv=false[0m
00003.906 [B/COM53] =60 inv=false[0m
00003.906 [A/COM40] =60 inv=false[0m
00003.906 [B/COM53] =60 inv=false[0m
00003.906 [A/COM40] =60 inv=false[0m
00003.906 [B/COM53] =60 inv=false[0m
00003.906 [A/COM40] =60 inv=false[0m
00003.906 [B/COM53] =60 inv=false[0m
00003.906 [A/COM40] =60 inv=false[0m
00003.906 [B/COM53] =60 inv=false[0m
00003.906 [B/COM53] =60 inv=false[0m
00003.906 [A/COM40] =60 inv=false[0m
00003.906 [B/COM53] =60 inv=false[0m
00003.906 [A/COM40] =60 inv=false[0m
00003.906 [B/COM53] =60 inv=false[0m
00003.906 [A/COM40] =60 inv=false[0m
00003.922 [B/COM53] =60 inv=false[0m
00003.922 [A/COM40] =60 inv=false[0m
00003.922 [B/COM53] =60 inv=false[0m
00003.922 [A/COM40] =60 inv=false[0m
00003.922 [B/COM53] =60 inv=false[0m
00003.922 [A/COM40] =60 inv=false[0m
00003.922 [B/COM53] =60 inv=false[0m
00003.922 [A/COM40] =60 inv=false[0m
00003.922 [B/COM53] =60 inv=false[0m
00003.922 [A/COM40] =60 inv=false[0m
00003.922 [B/COM53] =60 inv=false[0m
00003.922 [A/COM40] =60 inv=false[0m
00003.922 [B/COM53] =60 inv=false[0m
00003.922 [A/COM40] =60 inv=false[0m
00003.922 [B/COM53] =60 inv=false[0m
00003.922 [A/COM40] =60 inv=false[0m
00003.922 [B/COM53] =60 inv=false[0m
00003.922 [A/COM40] =60 inv=false[0m
00003.922 [B/COM53] =60 inv=false[0m
00003.922 [A/COM40] =60 inv=false[0m
00003.922 [B/COM53] =60 inv=false[0m
00003.922 [A/COM40] =60 inv=false[0m
00003.922 [B/COM53] =60 inv=false[0m
00003.922 [A/COM40] =60 inv=false[0m
00003.922 [B/COM53] =60 inv=false[0m
00003.922 [A/COM40] =60 inv=false[0m
00003.922 [B/COM53] =60 inv=false[0m
00003.922 [A/COM40] =60 inv=false[0m
00003.922 [B/COM53] =60 inv=false[0m
00003.922 [A/COM40] =60 inv=false[0m
00003.922 [B/COM53] =60 inv=false[0m
00003.922 [A/COM40] =60 inv=false[0m
00003.922 [B/COM53] =60 inv=false[0m
00003.937 [A/COM40] =60 inv=false[0m
00003.937 [B/COM53] =60 inv=false[0m
00003.937 [B/COM53] =60 inv=false[0m
00003.937 [A/COM40] =60 inv=false[0m
00003.937 [A/COM40] =60 inv=false[0m
00003.937 [B/COM53] =60 inv=false[0m
00003.937 [B/COM53] =60 inv=false[0m
00003.937 [A/COM40] =60 inv=false[0m
00003.937 [B/COM53] =60 inv=false[0m
00003.937 [A/COM40] =60 inv=false[0m
00003.937 [B/COM53] =60 inv=false[0m
00003.937 [A/COM40] =60 inv=false[0m
00003.937 [B/COM53] =60 inv=false[0m
00003.937 [A/COM40] =60 inv=false[0m
00003.937 [B/COM53] =60 inv=false[0m
00003.937 [A/COM40] =60 inv=false[0m
00003.937 [B/COM53] =60 inv=false[0m
00003.937 [A/COM40] =60 inv=false[0m
00003.937 [B/COM53] =60 inv=false[0m
00003.937 [A/COM40] =60 inv=false[0m
00003.937 [B/COM53] =60 inv=false[0m
00003.937 [A/COM40] =60 inv=false[0m
00003.937 [B/COM53] =60 inv=false[0m
00003.937 [A/COM40] =60 inv=false[0m
00003.937 [B/COM53] =60 inv=false[0m
00003.937 [A/COM40] =60 inv=false[0m
00003.937 [B/COM53] =60 inv=false[0m
00003.937 [A/COM40] =60 inv=false[0m
00003.937 [B/COM53] =60 inv=false[0m
00003.937 [A/COM40] =60 inv=false[0m
00003.937 [B/COM53] =60 inv=false[0m
00003.937 [A/COM40] =60 inv=false[0m
00003.937 [B/COM53] =60 inv=false[0m
00003.937 [A/COM40] =60 inv=false[0m
00003.937 [B/COM53] =60 inv=false[0m
00003.937 [A/COM40] =60 inv=false[0m
00003.937 [B/COM53] =60 inv=false[0m
00003.953 [B/COM53] =60 inv=false[0m
00003.953 [A/COM40] =60 inv=false[0m
00003.953 [B/COM53] =60 inv=false[0m
00003.953 [A/COM40] =60 inv=false[0m
00003.953 [A/COM40] =60 inv=false[0m
00003.953 [B/COM53] =60 inv=false[0m
00003.953 [A/COM40] =60 inv=false[0m
00003.953 [B/COM53] =60 inv=false[0m
00003.953 [A/COM40] =60 inv=false[0m
00003.953 [B/COM53] =60 inv=false[0m
00003.953 [A/COM40] =60 inv=false[0m
00003.953 [B/COM53] =60 inv=false[0m
00003.953 [A/COM40] =60 inv=false[0m
00003.953 [B/COM53] =60 inv=false[0m
00003.953 [A/COM40] =60 inv=false[0m
00003.953 [B/COM53] =60 inv=false[0m
00003.953 [A/COM40] =60 inv=false[0m
00003.953 [B/COM53] =60 inv=false[0m
00003.953 [A/COM40] =60 inv=false[0m
00003.953 [B/COM53] =60 inv=false[0m
00003.953 [A/COM40] =60 inv=false[0m
00003.953 [B/COM53] =60 inv=false[0m
00003.953 [A/COM40] =60 inv=false[0m
00003.953 [A/COM40] =60 inv=false[0m
00003.953 [B/COM53] =60 inv=false[0m
00003.953 [B/COM53] =60 inv=false[0m
00003.953 [A/COM40] =60 inv=false[0m
00003.953 [A/COM40] =60 inv=false[0m
00003.953 [B/COM53] =60 inv=false[0m
00003.953 [A/COM40] =60 inv=false[0m
00003.953 [B/COM53] =60 inv=false[0m
00003.953 [A/COM40] =60 inv=false[0m
00003.953 [B/COM53] =60 inv=false[0m
00003.953 [A/COM40] =60 inv=false[0m
00003.953 [B/COM53] =60 inv=false[0m
00003.953 [A/COM40] =60 inv=false[0m
00003.953 [B/COM53] =60 inv=false[0m
00003.953 [A/COM40] =60 inv=false[0m
00003.953 [B/COM53] =60 inv=false[0m
00003.953 [A/COM40] =60 inv=false[0m
00003.968 [A/COM40] =60 inv=false[0m
00003.968 [B/COM53] =60 inv=false[0m
00003.968 [B/COM53] =60 inv=false[0m
00003.968 [A/COM40] =60 inv=false[0m
00003.968 [B/COM53] =60 inv=false[0m
00003.968 [A/COM40] =60 inv=false[0m
00003.968 [B/COM53] =60 inv=false[0m
00003.968 [A/COM40] =60 inv=false[0m
00003.968 [B/COM53] =60 inv=false[0m
00003.968 [A/COM40] =60 inv=false[0m
00003.968 [B/COM53] =60 inv=false[0m
00003.968 [A/COM40] =60 inv=false[0m
00003.968 [B/COM53] =60 inv=false[0m
00003.968 [A/COM40] =60 inv=false[0m
00003.968 [B/COM53] =60 inv=false[0m
00003.968 [A/COM40] =60 inv=false[0m
00003.968 [B/COM53] =60 inv=false[0m
00003.968 [A/COM40] =60 inv=false[0m
00003.968 [B/COM53] =60 inv=false[0m
00003.968 [A/COM40] =60 inv=false[0m
00003.968 [B/COM53] =60 inv=false[0m
00003.968 [A/COM40] =60 inv=false[0m
00003.968 [B/COM53] =60 inv=false[0m
00003.968 [A/COM40] =60 inv=false[0m
00003.968 [B/COM53] =60 inv=false[0m
00003.968 [A/COM40] =60 inv=false[0m
00003.968 [B/COM53] =60 inv=false[0m
00003.968 [A/COM40] =60 inv=false[0m
00003.968 [B/COM53] =60 inv=false[0m
00003.968 [A/COM40] =60 inv=false[0m
00003.968 [B/COM53] =60 inv=false[0m
00003.968 [A/COM40] =60 inv=false[0m
00003.968 [B/COM53] =60 inv=false[0m
00003.968 [A/COM40] =60 inv=false[0m
00003.968 [B/COM53] =60 inv=false[0m
00003.968 [A/COM40] =60 inv=false[0m
00003.968 [B/COM53] =60 inv=false[0m
00003.968 [B/COM53] =60 inv=false[0m
00003.984 [A/COM40] =60 inv=false[0m
00003.984 [B/COM53] =60 inv=false[0m
00003.984 [A/COM40] =60 inv=false[0m
00003.984 [B/COM53] =60 inv=false[0m
00003.984 [A/COM40] =60 inv=false[0m
00003.984 [B/COM53] =60 inv=false[0m
00003.984 [A/COM40] =60 inv=false[0m
00003.984 [B/COM53] =60 inv=false[0m
00003.984 [A/COM40] =60 inv=false[0m
00003.984 [B/COM53] =60 inv=false[0m
00003.984 [A/COM40] =60 inv=false[0m
00003.984 [B/COM53] =60 inv=false[0m
00003.984 [A/COM40] =60 inv=false[0m
00003.984 [B/COM53] =60 inv=false[0m
00003.984 [A/COM40] =60 inv=false[0m
00003.984 [B/COM53] =60 inv=false[0m
00003.984 [A/COM40] =60 inv=false[0m
00003.984 [A/COM40] =60 inv=false[0m
00003.984 [B/COM53] =60 inv=false[0m
00003.984 [A/COM40] =60 inv=false[0m
00003.984 [B/COM53] =60 inv=false[0m
00003.984 [A/COM40] =60 inv=false[0m
00003.984 [B/COM53] =60 inv=false[0m
00003.984 [A/COM40] =60 inv=false[0m
00003.984 [B/COM53] =60 inv=false[0m
00003.984 [A/COM40] =60 inv=false[0m
00003.984 [B/COM53] =60 inv=false[0m
00003.984 [A/COM40] =60 inv=false[0m
00003.984 [B/COM53] =60 inv=false[0m
00003.984 [A/COM40] =60 inv=false[0m
00003.984 [B/COM53] =60 inv=false[0m
00003.984 [A/COM40] =60 inv=false[0m
00003.984 [B/COM53] =60 inv=false[0m
00003.984 [A/COM40] =60 inv=false[0m
00003.984 [B/COM53] =60 inv=false[0m
00003.984 [A/COM40] =60 inv=false[0m
00004.000 [B/COM53] =60 inv=false[0m
00004.000 [A/COM40] =60 inv=false[0m
00004.000 [B/COM53] =60 inv=false[0m
00004.000 [A/COM40] =60 inv=false[0m
00004.000 [B/COM53] =60 inv=false[0m
00004.000 [A/COM40] =60 inv=false[0m
00004.000 [B/COM53] =60 inv=false[0m
00004.000 [A/COM40] =60 inv=false[0m
00004.000 [B/COM53] =60 inv=false[0m
00004.000 [B/COM53] =60 inv=false[0m
00004.000 [A/COM40] =60 inv=false[0m
00004.000 [B/COM53] =60 inv=false[0m
00004.000 [A/COM40] =60 inv=false[0m
00004.000 [B/COM53] =60 inv=false[0m
00004.000 [A/COM40] =60 inv=false[0m
00004.000 [B/COM53] =60 inv=false[0m
00004.000 [A/COM40] =60 inv=false[0m
00004.000 [B/COM53] =60 inv=false[0m
00004.000 [A/COM40] =60 inv=false[0m
00004.000 [B/COM53] =60 inv=false[0m
00004.000 [A/COM40] =60 inv=false[0m
00004.000 [B/COM53] =60 inv=false[0m
00004.000 [A/COM40] =60 inv=false[0m
00004.000 [A/COM40] =60 inv=false[0m
00004.000 [B/COM53] =60 inv=false[0m
00004.000 [A/COM40] =60 inv=false[0m
00004.000 [B/COM53] =60 inv=false[0m
00004.000 [A/COM40] =60 inv=false[0m
00004.000 [B/COM53] =60 inv=false[0m
00004.000 [A/COM40] =60 inv=false[0m
00004.000 [B/COM53] =60 inv=false[0m
00004.000 [A/COM40] =60 inv=false[0m
00004.000 [B/COM53] =60 inv=false[0m
00004.000 [A/COM40] =60 inv=false[0m
00004.000 [B/COM53] =60 inv=false[0m
00004.000 [A/COM40] =60 inv=false[0m
00004.000 [A/COM40] =60 inv=false[0m
00004.000 [B/COM53] =60 inv=false[0m
00004.015 [A/COM40] =60 inv=false[0m
00004.015 [B/COM53] =60 inv=false[0m
00004.015 [A/COM40] =60 inv=false[0m
00004.015 [B/COM53] =60 inv=false[0m
00004.015 [A/COM40] =60 inv=false[0m
00004.015 [B/COM53] =60 inv=false[0m
00004.015 [A/COM40] =60 inv=false[0m
00004.015 [A/COM40] =60 inv=false[0m
00004.015 [B/COM53] =60 inv=false[0m
00004.015 [A/COM40] =60 inv=false[0m
00004.015 [B/COM53] =60 inv=false[0m
00004.015 [A/COM40] =60 inv=false[0m
00004.015 [B/COM53] =60 inv=false[0m
00004.015 [A/COM40] =60 inv=false[0m
00004.015 [B/COM53] =60 inv=false[0m
00004.015 [A/COM40] =60 inv=false[0m
00004.015 [B/COM53] =60 inv=false[0m
00004.015 [A/COM40] =60 inv=false[0m
00004.015 [B/COM53] =60 inv=false[0m
00004.015 [A/COM40] =60 inv=false[0m
00004.015 [B/COM53] =60 inv=false[0m
00004.015 [A/COM40] =60 inv=false[0m
00004.015 [B/COM53] =60 inv=false[0m
00004.015 [A/COM40] =60 inv=false[0m
00004.015 [B/COM53] =60 inv=false[0m
00004.015 [A/COM40] =60 inv=false[0m
00004.015 [B/COM53] =60 inv=false[0m
00004.015 [A/COM40] =60 inv=false[0m
00004.015 [B/COM53] =60 inv=false[0m
00004.015 [A/COM40] =60 inv=false[0m
00004.015 [B/COM53] =60 inv=false[0m
00004.015 [A/COM40] =60 inv=false[0m
00004.015 [B/COM53] =60 inv=false[0m
00004.015 [A/COM40] =60 inv=false[0m
00004.015 [B/COM53] =60 inv=false[0m
00004.015 [A/COM40] =60 inv=false[0m
00004.015 [B/COM53] =60 inv=false[0m
00004.015 [B/COM53] =60 inv=false[0m
00004.015 [A/COM40] =60 inv=false[0m
00004.031 [B/COM53] =60 inv=false[0m
00004.031 [A/COM40] =60 inv=false[0m
00004.031 [B/COM53] =60 inv=false[0m
00004.031 [A/COM40] =60 inv=false[0m
00004.031 [B/COM53] =60 inv=false[0m
00004.031 [B/COM53] =60 inv=false[0m
00004.031 [A/COM40] =60 inv=false[0m
00004.031 [B/COM53] =60 inv=false[0m
00004.031 [A/COM40] =60 inv=false[0m
00004.031 [A/COM40] =60 inv=false[0m
00004.031 [B/COM53] =60 inv=false[0m
00004.031 [A/COM40] =60 inv=false[0m
00004.031 [B/COM53] =60 inv=false[0m
00004.031 [A/COM40] =60 inv=false[0m
00004.031 [B/COM53] =60 inv=false[0m
00004.031 [A/COM40] =60 inv=false[0m
00004.031 [B/COM53] =60 inv=false[0m
00004.031 [A/COM40] =60 inv=false[0m
00004.031 [B/COM53] =60 inv=false[0m
00004.031 [A/COM40] =60 inv=false[0m
00004.031 [B/COM53] =60 inv=false[0m
00004.031 [A/COM40] =60 inv=false[0m
00004.031 [B/COM53] =60 inv=false[0m
00004.031 [A/COM40] =60 inv=false[0m
00004.031 [B/COM53] =60 inv=false[0m
00004.031 [A/COM40] =60 inv=false[0m
00004.031 [B/COM53] =60 inv=false[0m
00004.031 [A/COM40] =60 inv=false[0m
00004.031 [B/COM53] =60 inv=false[0m
00004.031 [A/COM40] =60 inv=false[0m
00004.031 [B/COM53] =60 inv=false[0m
00004.031 [A/COM40] =60 inv=false[0m
00004.031 [B/COM53] =60 inv=false[0m
00004.031 [A/COM40] =60 inv=false[0m
00004.031 [A/COM40] =60 inv=false[0m
00004.031 [B/COM53] =60 inv=false[0m
00004.031 [A/COM40] =60 inv=false[0m
00004.031 [B/COM53] =60 inv=false[0m
00004.031 [A/COM40] =60 inv=false[0m
00004.031 [B/COM53] =60 inv=false[0m
00004.031 [A/COM40] =60 inv=false[0m
00004.031 [B/COM53] =60 inv=false[0m
00004.047 [A/COM40] =60 inv=false[0m
00004.047 [B/COM53] =60 inv=false[0m
00004.047 [A/COM40] =60 inv=false[0m
00004.047 [B/COM53] =60 inv=false[0m
00004.047 [A/COM40] =60 inv=false[0m
00004.047 [B/COM53] =60 inv=false[0m
00004.047 [A/COM40] =60 inv=false[0m
00004.047 [A/COM40] =60 inv=false[0m
00004.047 [B/COM53] =60 inv=false[0m
00004.047 [A/COM40] =60 inv=false[0m
00004.047 [B/COM53] =60 inv=false[0m
00004.047 [A/COM40] =60 inv=false[0m
00004.047 [B/COM53] =60 inv=false[0m
00004.047 [A/COM40] =60 inv=false[0m
00004.047 [B/COM53] =60 inv=false[0m
00004.047 [A/COM40] =60 inv=false[0m
00004.047 [B/COM53] =60 inv=false[0m
00004.047 [A/COM40] =60 inv=false[0m
00004.047 [A/COM40] =60 inv=false[0m
00004.047 [B/COM53] =60 inv=false[0m
00004.047 [A/COM40] =60 inv=false[0m
00004.047 [B/COM53] =60 inv=false[0m
00004.047 [A/COM40] =60 inv=false[0m
00004.047 [B/COM53] =60 inv=false[0m
00004.047 [B/COM53] =60 inv=false[0m
00004.047 [A/COM40] =60 inv=false[0m
00004.047 [B/COM53] =60 inv=false[0m
00004.047 [A/COM40] =60 inv=false[0m
00004.047 [B/COM53] =60 inv=false[0m
00004.047 [A/COM40] =60 inv=false[0m
00004.047 [B/COM53] =60 inv=false[0m
00004.047 [A/COM40] =60 inv=false[0m
00004.047 [B/COM53] =60 inv=false[0m
00004.047 [B/COM53] =60 inv=false[0m
00004.047 [A/COM40] =60 inv=false[0m
00004.047 [B/COM53] =60 inv=false[0m
00004.047 [A/COM40] =60 inv=false[0m
00004.047 [A/COM40] =60 inv=false[0m
00004.047 [B/COM53] =60 inv=false[0m
00004.062 [A/COM40] =60 inv=false[0m
00004.062 [B/COM53] =60 inv=false[0m
00004.062 [A/COM40] =60 inv=false[0m
00004.062 [B/COM53] =60 inv=false[0m
00004.062 [A/COM40] =60 inv=false[0m
00004.062 [B/COM53] =60 inv=false[0m
00004.062 [A/COM40] =60 inv=false[0m
00004.062 [B/COM53] =60 inv=false[0m
00004.062 [B/COM53] =60 inv=false[0m
00004.062 [A/COM40] =60 inv=false[0m
00004.062 [B/COM53] =60 inv=false[0m
00004.062 [A/COM40] =60 inv=false[0m
00004.062 [A/COM40] =60 inv=false[0m
00004.062 [B/COM53] =60 inv=false[0m
00004.062 [A/COM40] =60 inv=false[0m
00004.062 [B/COM53] =60 inv=false[0m
00004.062 [B/COM53] =60 inv=false[0m
00004.062 [A/COM40] =60 inv=false[0m
00004.062 [B/COM53] =60 inv=false[0m
00004.062 [A/COM40] =60 inv=false[0m
00004.062 [B/COM53] =60 inv=false[0m
00004.062 [A/COM40] =60 inv=false[0m
00004.062 [B/COM53] =60 inv=false[0m
00004.062 [B/COM53] =60 inv=false[0m
00004.062 [A/COM40] =60 inv=false[0m
00004.062 [B/COM53] =60 inv=false[0m
00004.062 [A/COM40] =60 inv=false[0m
00004.062 [B/COM53] =60 inv=false[0m
00004.062 [A/COM40] =60 inv=false[0m
00004.062 [A/COM40] =60 inv=false[0m
00004.062 [B/COM53] =60 inv=false[0m
00004.062 [B/COM53] =60 inv=false[0m
00004.062 [A/COM40] =60 inv=false[0m
00004.062 [B/COM53] =60 inv=false[0m
00004.062 [A/COM40] =60 inv=false[0m
00004.062 [B/COM53] =60 inv=false[0m
00004.062 [A/COM40] =60 inv=false[0m
00004.062 [B/COM53] =60 inv=false[0m
00004.078 [A/COM40] =60 inv=false[0m
00004.078 [A/COM40] =60 inv=false[0m
00004.078 [B/COM53] =60 inv=false[0m
00004.078 [A/COM40] =60 inv=false[0m
00004.078 [B/COM53] =60 inv=false[0m
00004.078 [B/COM53] =60 inv=false[0m
00004.078 [A/COM40] =60 inv=false[0m
00004.078 [B/COM53] =60 inv=false[0m
00004.078 [A/COM40] =60 inv=false[0m
00004.078 [B/COM53] =60 inv=false[0m
00004.078 [A/COM40] =60 inv=false[0m
00004.078 [B/COM53] =60 inv=false[0m
00004.078 [A/COM40] =60 inv=false[0m
00004.078 [A/COM40] =60 inv=false[0m
00004.078 [B/COM53] =60 inv=false[0m
00004.078 [A/COM40] =60 inv=false[0m
00004.078 [B/COM53] =60 inv=false[0m
00004.078 [A/COM40] =60 inv=false[0m
00004.078 [B/COM53] =60 inv=false[0m
00004.078 [A/COM40] =60 inv=false[0m
00004.078 [B/COM53] =60 inv=false[0m
00004.078 [A/COM40] =60 inv=false[0m
00004.078 [B/COM53] =60 inv=false[0m
00004.078 [A/COM40] =60 inv=false[0m
00004.078 [B/COM53] =60 inv=false[0m
00004.078 [A/COM40] =60 inv=false[0m
00004.078 [B/COM53] =60 inv=false[0m
00004.078 [A/COM40] =60 inv=false[0m
00004.078 [B/COM53] =60 inv=false[0m
00004.078 [A/COM40] =60 inv=false[0m
00004.078 [B/COM53] =60 inv=false[0m
00004.078 [A/COM40] =60 inv=false[0m
00004.078 [B/COM53] =60 inv=false[0m
00004.078 [A/COM40] =60 inv=false[0m
00004.078 [B/COM53] =60 inv=false[0m
00004.078 [A/COM40] =60 inv=false[0m
00004.078 [B/COM53] =60 inv=false[0m
00004.078 [A/COM40] =60 inv=false[0m
00004.078 [B/COM53] =60 inv=false[0m
00004.078 [A/COM40] =60 inv=false[0m
00004.078 [B/COM53] =60 inv=false[0m
00004.093 [A/COM40] =60 inv=false[0m
00004.093 [B/COM53] =60 inv=false[0m
00004.093 [A/COM40] =60 inv=false[0m
00004.093 [B/COM53] =60 inv=false[0m
00004.093 [A/COM40] =60 inv=false[0m
00004.093 [B/COM53] =60 inv=false[0m
00004.093 [A/COM40] =60 inv=false[0m
00004.093 [B/COM53] =60 inv=false[0m
00004.093 [A/COM40] =60 inv=false[0m
00004.093 [B/COM53] =60 inv=false[0m
00004.093 [A/COM40] =60 inv=false[0m
00004.093 [B/COM53] =60 inv=false[0m
00004.093 [A/COM40] =60 inv=false[0m
00004.093 [B/COM53] =60 inv=false[0m
00004.093 [A/COM40] =60 inv=false[0m
00004.093 [B/COM53] =60 inv=false[0m
00004.093 [A/COM40] =60 inv=false[0m
00004.093 [A/COM40] =60 inv=false[0m
00004.093 [B/COM53] =60 inv=false[0m
00004.093 [A/COM40] =60 inv=false[0m
00004.093 [B/COM53] =60 inv=false[0m
00004.093 [B/COM53] =60 inv=false[0m
00004.093 [A/COM40] =60 inv=false[0m
00004.093 [B/COM53] =60 inv=false[0m
00004.093 [A/COM40] =60 inv=false[0m
00004.093 [A/COM40] =60 inv=false[0m
00004.093 [B/COM53] =60 inv=false[0m
00004.093 [A/COM40] =60 inv=false[0m
00004.093 [B/COM53] =60 inv=false[0m
00004.093 [A/COM40] =60 inv=false[0m
00004.093 [B/COM53] =60 inv=false[0m
00004.093 [A/COM40] =60 inv=false[0m
00004.093 [B/COM53] =60 inv=false[0m
00004.093 [A/COM40] =60 inv=false[0m
00004.093 [B/COM53] =60 inv=false[0m
00004.093 [A/COM40] =60 inv=false[0m
00004.093 [B/COM53] =60 inv=false[0m
00004.093 [A/COM40] =60 inv=false[0m
00004.093 [B/COM53] =60 inv=false[0m
00004.109 [A/COM40] =60 inv=false[0m
00004.109 [B/COM53] =60 inv=false[0m
00004.109 [A/COM40] =60 inv=false[0m
00004.109 [B/COM53] =60 inv=false[0m
00004.109 [A/COM40] =60 inv=false[0m
00004.109 [B/COM53] =60 inv=false[0m
00004.109 [A/COM40] =60 inv=false[0m
00004.109 [B/COM53] =60 inv=false[0m
00004.109 [A/COM40] =60 inv=false[0m
00004.109 [B/COM53] =60 inv=false[0m
00004.109 [A/COM40] =60 inv=false[0m
00004.109 [A/COM40] =60 inv=false[0m
00004.109 [B/COM53] =60 inv=false[0m
00004.109 [A/COM40] =60 inv=false[0m
00004.109 [B/COM53] =60 inv=false[0m
00004.109 [A/COM40] =60 inv=false[0m
00004.109 [B/COM53] =60 inv=false[0m
00004.109 [A/COM40] =60 inv=false[0m
00004.109 [B/COM53] =60 inv=false[0m
00004.109 [A/COM40] =60 inv=false[0m
00004.109 [B/COM53] =60 inv=false[0m
00004.109 [A/COM40] =60 inv=false[0m
00004.109 [B/COM53] =60 inv=false[0m
00004.109 [A/COM40] =60 inv=false[0m
00004.109 [B/COM53] =60 inv=false[0m
00004.109 [A/COM40] =60 inv=false[0m
00004.109 [A/COM40] =60 inv=false[0m
00004.109 [B/COM53] =60 inv=false[0m
00004.109 [A/COM40] =60 inv=false[0m
00004.109 [B/COM53] =60 inv=false[0m
00004.109 [A/COM40] =60 inv=false[0m
00004.109 [B/COM53] =60 inv=false[0m
00004.109 [A/COM40] =60 inv=false[0m
00004.109 [B/COM53] =60 inv=false[0m
00004.109 [A/COM40] =60 inv=false[0m
00004.109 [B/COM53] =60 inv=false[0m
00004.109 [A/COM40] =60 inv=false[0m
00004.109 [B/COM53] =60 inv=false[0m
00004.109 [A/COM40] =60 inv=false[0m
00004.109 [B/COM53] =60 inv=false[0m
00004.109 [A/COM40] =60 inv=false[0m
00004.125 [B/COM53] =60 inv=false[0m
00004.125 [B/COM53] =60 inv=false[0m
00004.125 [A/COM40] =60 inv=false[0m
00004.125 [B/COM53] =60 inv=false[0m
00004.125 [A/COM40] =60 inv=false[0m
00004.125 [B/COM53] =60 inv=false[0m
00004.125 [A/COM40] =60 inv=false[0m
00004.125 [B/COM53] =60 inv=false[0m
00004.125 [A/COM40] =60 inv=false[0m
00004.125 [B/COM53] =60 inv=false[0m
00004.125 [A/COM40] =60 inv=false[0m
00004.125 [B/COM53] =60 inv=false[0m
00004.125 [A/COM40] =60 inv=false[0m
00004.125 [B/COM53] =60 inv=false[0m
00004.125 [A/COM40] =60 inv=false[0m
00004.125 [B/COM53] =60 inv=false[0m
00004.125 [A/COM40] =60 inv=false[0m
00004.125 [B/COM53] =60 inv=false[0m
00004.125 [A/COM40] =60 inv=false[0m
00004.125 [B/COM53] =60 inv=false[0m
00004.125 [A/COM40] =60 inv=false[0m
00004.125 [B/COM53] =60 inv=false[0m
00004.125 [A/COM40] =60 inv=false[0m
00004.125 [B/COM53] =60 inv=false[0m
00004.125 [B/COM53] =60 inv=false[0m
00004.125 [A/COM40] =60 inv=false[0m
00004.125 [B/COM53] =60 inv=false[0m
00004.125 [A/COM40] =60 inv=false[0m
00004.125 [B/COM53] =60 inv=false[0m
00004.125 [A/COM40] =60 inv=false[0m
00004.125 [B/COM53] =60 inv=false[0m
00004.125 [A/COM40] =60 inv=false[0m
00004.125 [A/COM40] =60 inv=false[0m
00004.125 [B/COM53] =60 inv=false[0m
00004.125 [A/COM40] =60 inv=false[0m
00004.125 [B/COM53] =60 inv=false[0m
00004.125 [A/COM40] =60 inv=false[0m
00004.125 [B/COM53] =60 inv=false[0m
00004.125 [A/COM40] =60 inv=false[0m
00004.125 [B/COM53] =60 inv=false[0m
00004.140 [A/COM40] =60 inv=false[0m
00004.140 [B/COM53] =60 inv=false[0m
00004.140 [A/COM40] =60 inv=false[0m
00004.140 [B/COM53] =60 inv=false[0m
00004.140 [A/COM40] =60 inv=false[0m
00004.140 [B/COM53] =60 inv=false[0m
00004.140 [A/COM40] =60 inv=false[0m
00004.140 [B/COM53] =60 inv=false[0m
00004.140 [B/COM53] =60 inv=false[0m
00004.140 [A/COM40] =60 inv=false[0m
00004.140 [A/COM40] =60 inv=false[0m
00004.140 [B/COM53] =60 inv=false[0m
00004.140 [A/COM40] =60 inv=false[0m
00004.140 [B/COM53] =60 inv=false[0m
00004.140 [A/COM40] =60 inv=false[0m
00004.140 [B/COM53] =60 inv=false[0m
00004.140 [A/COM40] =60 inv=false[0m
00004.140 [B/COM53] =60 inv=false[0m
00004.140 [A/COM40] =60 inv=false[0m
00004.140 [B/COM53] =60 inv=false[0m
00004.140 [A/COM40] =60 inv=false[0m
00004.140 [B/COM53] =60 inv=false[0m
00004.140 [A/COM40] =60 inv=false[0m
00004.140 [B/COM53] =60 inv=false[0m
00004.140 [A/COM40] =60 inv=false[0m
00004.140 [B/COM53] =60 inv=false[0m
00004.140 [A/COM40] =60 inv=false[0m
00004.140 [B/COM53] =60 inv=false[0m
00004.140 [A/COM40] =60 inv=false[0m
00004.140 [B/COM53] =60 inv=false[0m
00004.140 [A/COM40] =60 inv=false[0m
00004.140 [B/COM53] =60 inv=false[0m
00004.140 [A/COM40] =60 inv=false[0m
00004.140 [B/COM53] =60 inv=false[0m
00004.140 [A/COM40] =60 inv=false[0m
00004.156 [B/COM53] =60 inv=false[0m
00004.156 [A/COM40] =60 inv=false[0m
00004.156 [B/COM53] =60 inv=false[0m
00004.156 [A/COM40] =60 inv=false[0m
00004.156 [A/COM40] =60 inv=false[0m
00004.156 [B/COM53] =60 inv=false[0m
00004.156 [A/COM40] =60 inv=false[0m
00004.156 [B/COM53] =60 inv=false[0m
00004.156 [A/COM40] =60 inv=false[0m
00004.156 [B/COM53] =60 inv=false[0m
00004.156 [A/COM40] =60 inv=false[0m
00004.156 [B/COM53] =60 inv=false[0m
00004.156 [A/COM40] =60 inv=false[0m
00004.156 [B/COM53] =60 inv=false[0m
00004.156 [A/COM40] =60 inv=false[0m
00004.156 [A/COM40] =60 inv=false[0m
00004.156 [B/COM53] =60 inv=false[0m
00004.156 [A/COM40] =60 inv=false[0m
00004.156 [B/COM53] =60 inv=false[0m
00004.156 [A/COM40] =60 inv=false[0m
00004.156 [B/COM53] =60 inv=false[0m
00004.156 [A/COM40] =60 inv=false[0m
00004.156 [B/COM53] =60 inv=false[0m
00004.156 [A/COM40] =60 inv=false[0m
00004.156 [B/COM53] =60 inv=false[0m
00004.156 [A/COM40] =60 inv=false[0m
00004.156 [B/COM53] =60 inv=false[0m
00004.156 [A/COM40] =60 inv=false[0m
00004.156 [B/COM53] =60 inv=false[0m
00004.156 [B/COM53] =60 inv=false[0m
00004.156 [A/COM40] =60 inv=false[0m
00004.156 [B/COM53] =60 inv=false[0m
00004.156 [A/COM40] =60 inv=false[0m
00004.156 [A/COM40] =60 inv=false[0m
00004.156 [B/COM53] =60 inv=false[0m
00004.156 [A/COM40] =60 inv=false[0m
00004.156 [B/COM53] =60 inv=false[0m
00004.156 [A/COM40] =60 inv=false[0m
00004.156 [B/COM53] =60 inv=false[0m
00004.172 [A/COM40] =60 inv=false[0m
00004.172 [B/COM53] =60 inv=false[0m
00004.172 [A/COM40] =60 inv=false[0m
00004.172 [B/COM53] =60 inv=false[0m
00004.172 [A/COM40] =60 inv=false[0m
00004.172 [B/COM53] =60 inv=false[0m
00004.172 [A/COM40] =60 inv=false[0m
00004.172 [B/COM53] =60 inv=false[0m
00004.172 [A/COM40] =60 inv=false[0m
00004.172 [B/COM53] =60 inv=false[0m
00004.172 [A/COM40] =60 inv=false[0m
00004.172 [B/COM53] =60 inv=false[0m
00004.172 [A/COM40] =60 inv=false[0m
00004.172 [B/COM53] =60 inv=false[0m
00004.172 [A/COM40] =60 inv=false[0m
00004.172 [B/COM53] =60 inv=false[0m
00004.172 [A/COM40] =60 inv=false[0m
00004.172 [A/COM40] =60 inv=false[0m
00004.172 [B/COM53] =60 inv=false[0m
00004.172 [A/COM40] =60 inv=false[0m
00004.172 [B/COM53] =60 inv=false[0m
00004.172 [A/COM40] =60 inv=false[0m
00004.172 [B/COM53] =60 inv=false[0m
00004.172 [A/COM40] =60 inv=false[0m
00004.172 [B/COM53] =60 inv=false[0m
00004.172 [A/COM40] =60 inv=false[0m
00004.172 [A/COM40] =60 inv=false[0m
00004.172 [B/COM53] =60 inv=false[0m
00004.172 [A/COM40] =60 inv=false[0m
00004.172 [B/COM53] =60 inv=false[0m
00004.172 [A/COM40] =60 inv=false[0m
00004.172 [B/COM53] =60 inv=false[0m
00004.172 [B/COM53] =60 inv=false[0m
00004.172 [A/COM40] =60 inv=false[0m
00004.172 [B/COM53] =60 inv=false[0m
00004.172 [A/COM40] =60 inv=false[0m
00004.172 [B/COM53] =60 inv=false[0m
00004.187 [A/COM40] =60 inv=false[0m
00004.187 [B/COM53] =60 inv=false[0m
00004.187 [A/COM40] =60 inv=false[0m
00004.187 [B/COM53] =60 inv=false[0m
00004.187 [A/COM40] =60 inv=false[0m
00004.187 [B/COM53] =60 inv=false[0m
00004.187 [A/COM40] =60 inv=false[0m
00004.187 [B/COM53] =60 inv=false[0m
00004.187 [A/COM40] =60 inv=false[0m
00004.187 [B/COM53] =60 inv=false[0m
00004.187 [A/COM40] =60 inv=false[0m
00004.187 [B/COM53] =60 inv=false[0m
00004.187 [A/COM40] =60 inv=false[0m
00004.187 [B/COM53] =60 inv=false[0m
00004.187 [A/COM40] =60 inv=false[0m
00004.187 [B/COM53] =60 inv=false[0m
00004.187 [A/COM40] =60 inv=false[0m
00004.187 [B/COM53] =60 inv=false[0m
00004.187 [A/COM40] =60 inv=false[0m
00004.187 [B/COM53] =60 inv=false[0m
00004.187 [A/COM40] =60 inv=false[0m
00004.187 [B/COM53] =60 inv=false[0m
00004.187 [A/COM40] =60 inv=false[0m
00004.187 [B/COM53] =60 inv=false[0m
00004.187 [A/COM40] =60 inv=false[0m
00004.187 [B/COM53] =60 inv=false[0m
00004.187 [A/COM40] =60 inv=false[0m
00004.187 [B/COM53] =60 inv=false[0m
00004.187 [A/COM40] =60 inv=false[0m
00004.187 [B/COM53] =60 inv=false[0m
00004.187 [A/COM40] =60 inv=false[0m
00004.187 [B/COM53] =60 inv=false[0m
00004.187 [A/COM40] =60 inv=false[0m
00004.187 [B/COM53] =60 inv=false[0m
00004.187 [A/COM40] =60 inv=false[0m
00004.187 [B/COM53] =60 inv=false[0m
00004.203 [A/COM40] =60 inv=false[0m
00004.203 [B/COM53] =60 inv=false[0m
00004.203 [A/COM40] =60 inv=false[0m
00004.203 [B/COM53] =60 inv=false[0m
00004.203 [A/COM40] =60 inv=false[0m
00004.203 [B/COM53] =60 inv=false[0m
00004.203 [A/COM40] =60 inv=false[0m
00004.203 [B/COM53] =60 inv=false[0m
00004.203 [A/COM40] =60 inv=false[0m
00004.203 [B/COM53] =60 inv=false[0m
00004.203 [A/COM40] =60 inv=false[0m
00004.203 [B/COM53] =60 inv=false[0m
00004.203 [A/COM40] =60 inv=false[0m
00004.203 [B/COM53] =60 inv=false[0m
00004.203 [A/COM40] =60 inv=false[0m
00004.203 [B/COM53] =60 inv=false[0m
00004.203 [A/COM40] =60 inv=false[0m
00004.203 [B/COM53] =60 inv=false[0m
00004.203 [A/COM40] =60 inv=false[0m
00004.203 [A/COM40] =60 inv=false[0m
00004.203 [B/COM53] =60 inv=false[0m
00004.203 [A/COM40] =60 inv=false[0m
00004.203 [B/COM53] =60 inv=false[0m
00004.203 [A/COM40] =60 inv=false[0m
00004.203 [B/COM53] =60 inv=false[0m
00004.203 [A/COM40] =60 inv=false[0m
00004.203 [A/COM40] =60 inv=false[0m
00004.203 [B/COM53] =60 inv=false[0m
00004.203 [A/COM40] =60 inv=false[0m
00004.203 [B/COM53] =60 inv=false[0m
00004.203 [A/COM40] =60 inv=false[0m
00004.203 [B/COM53] =60 inv=false[0m
00004.203 [A/COM40] =60 inv=false[0m
00004.203 [B/COM53] =60 inv=false[0m
00004.203 [A/COM40] =60 inv=false[0m
00004.203 [B/COM53] =60 inv=false[0m
00004.203 [A/COM40] =60 inv=false[0m
00004.203 [B/COM53] =60 inv=false[0m
00004.203 [A/COM40] =60 inv=false[0m
00004.203 [B/COM53] =60 inv=false[0m
00004.203 [A/COM40] =60 inv=false[0m
00004.218 [A/COM40] =60 inv=false[0m
00004.218 [B/COM53] =60 inv=false[0m
00004.218 [A/COM40] =60 inv=false[0m
00004.218 [B/COM53] =60 inv=false[0m
00004.218 [A/COM40] =60 inv=false[0m
00004.218 [B/COM53] =60 inv=false[0m
00004.218 [A/COM40] =60 inv=false[0m
00004.218 [B/COM53] =60 inv=false[0m
00004.218 [A/COM40] =60 inv=false[0m
00004.218 [B/COM53] =60 inv=false[0m
00004.218 [A/COM40] =60 inv=false[0m
00004.218 [B/COM53] =60 inv=false[0m
00004.218 [A/COM40] =60 inv=false[0m
00004.218 [B/COM53] =60 inv=false[0m
00004.218 [A/COM40] =60 inv=false[0m
00004.218 [A/COM40] =60 inv=false[0m
00004.218 [B/COM53] =60 inv=false[0m
00004.218 [A/COM40] =60 inv=false[0m
00004.218 [B/COM53] =60 inv=false[0m
00004.218 [A/COM40] =60 inv=false[0m
00004.218 [B/COM53] =60 inv=false[0m
00004.218 [A/COM40] =60 inv=false[0m
00004.218 [B/COM53] =60 inv=false[0m
00004.218 [A/COM40] =60 inv=false[0m
00004.218 [B/COM53] =60 inv=false[0m
00004.218 [A/COM40] =60 inv=false[0m
00004.218 [B/COM53] =60 inv=false[0m
00004.218 [A/COM40] =60 inv=false[0m
00004.218 [B/COM53] =60 inv=false[0m
00004.218 [A/COM40] =60 inv=false[0m
00004.218 [B/COM53] =60 inv=false[0m
00004.218 [A/COM40] =60 inv=false[0m
00004.218 [B/COM53] =60 inv=false[0m
00004.218 [A/COM40] =60 inv=false[0m
00004.218 [B/COM53] =60 inv=false[0m
00004.218 [A/COM40] =60 inv=false[0m
00004.218 [B/COM53] =60 inv=false[0m
00004.218 [A/COM40] =60 inv=false[0m
00004.218 [B/COM53] =60 inv=false[0m
00004.234 [A/COM40] =60 inv=false[0m
00004.234 [B/COM53] =60 inv=false[0m
00004.234 [A/COM40] =60 inv=false[0m
00004.234 [B/COM53] =60 inv=false[0m
00004.234 [A/COM40] =60 inv=false[0m
00004.234 [B/COM53] =60 inv=false[0m
00004.234 [A/COM40] =60 inv=false[0m
00004.234 [B/COM53] =60 inv=false[0m
00004.234 [A/COM40] =60 inv=false[0m
00004.234 [B/COM53] =60 inv=false[0m
00004.234 [A/COM40] =60 inv=false[0m
00004.234 [B/COM53] =60 inv=false[0m
00004.234 [A/COM40] =60 inv=false[0m
00004.234 [B/COM53] =60 inv=false[0m
00004.234 [A/COM40] =60 inv=false[0m
00004.234 [A/COM40] =60 inv=false[0m
00004.234 [B/COM53] =60 inv=false[0m
00004.234 [A/COM40] =60 inv=false[0m
00004.234 [B/COM53] =60 inv=false[0m
00004.234 [A/COM40] =60 inv=false[0m
00004.234 [B/COM53] =60 inv=false[0m
00004.234 [A/COM40] =60 inv=false[0m
00004.234 [B/COM53] =60 inv=false[0m
00004.234 [A/COM40] =60 inv=false[0m
00004.234 [B/COM53] =60 inv=false[0m
00004.234 [A/COM40] =60 inv=false[0m
00004.234 [B/COM53] =60 inv=false[0m
00004.234 [A/COM40] =60 inv=false[0m
00004.234 [B/COM53] =60 inv=false[0m
00004.234 [A/COM40] =60 inv=false[0m
00004.234 [B/COM53] =60 inv=false[0m
00004.234 [B/COM53] =60 inv=false[0m
00004.234 [A/COM40] =60 inv=false[0m
00004.234 [A/COM40] =60 inv=false[0m
00004.234 [B/COM53] =60 inv=false[0m
00004.234 [A/COM40] =60 inv=false[0m
00004.234 [B/COM53] =60 inv=false[0m
00004.234 [A/COM40] =60 inv=false[0m
00004.250 [B/COM53] =60 inv=false[0m
00004.250 [A/COM40] =60 inv=false[0m
00004.250 [B/COM53] =60 inv=false[0m
00004.250 [A/COM40] =60 inv=false[0m
00004.250 [B/COM53] =60 inv=false[0m
00004.250 [A/COM40] =60 inv=false[0m
00004.250 [B/COM53] =60 inv=false[0m
00004.250 [B/COM53] =60 inv=false[0m
00004.250 [A/COM40] =60 inv=false[0m
00004.250 [B/COM53] =60 inv=false[0m
00004.250 [A/COM40] =60 inv=false[0m
00004.250 [B/COM53] =60 inv=false[0m
00004.250 [A/COM40] =60 inv=false[0m
00004.250 [B/COM53] =60 inv=false[0m
00004.250 [A/COM40] =60 inv=false[0m
00004.250 [B/COM53] =60 inv=false[0m
00004.250 [A/COM40] =60 inv=false[0m
00004.250 [B/COM53] =60 inv=false[0m
00004.250 [A/COM40] =60 inv=false[0m
00004.250 [B/COM53] =60 inv=false[0m
00004.250 [A/COM40] =60 inv=false[0m
00004.250 [B/COM53] =60 inv=false[0m
00004.250 [A/COM40] =60 inv=false[0m
00004.250 [B/COM53] =60 inv=false[0m
00004.250 [A/COM40] =60 inv=false[0m
00004.250 [B/COM53] =60 inv=false[0m
00004.250 [A/COM40] =60 inv=false[0m
00004.250 [A/COM40] =60 inv=false[0m
00004.250 [B/COM53] =60 inv=false[0m
00004.250 [B/COM53] =60 inv=false[0m
00004.250 [A/COM40] =60 inv=false[0m
00004.250 [B/COM53] =60 inv=false[0m
00004.250 [A/COM40] =60 inv=false[0m
00004.250 [A/COM40] =60 inv=false[0m
00004.250 [B/COM53] =60 inv=false[0m
00004.250 [A/COM40] =60 inv=false[0m
00004.250 [B/COM53] =60 inv=false[0m
00004.250 [A/COM40] =60 inv=false[0m
00004.250 [B/COM53] =60 inv=false[0m
00004.250 [A/COM40] =60 inv=false[0m
00004.250 [B/COM53] =60 inv=false[0m
00004.250 [A/COM40] =60 inv=false[0m
00004.265 [A/COM40] =60 inv=false[0m
00004.265 [B/COM53] =60 inv=false[0m
00004.265 [A/COM40] =60 inv=false[0m
00004.265 [B/COM53] =60 inv=false[0m
00004.265 [A/COM40] =60 inv=false[0m
00004.265 [B/COM53] =60 inv=false[0m
00004.265 [A/COM40] =60 inv=false[0m
00004.265 [B/COM53] =60 inv=false[0m
00004.265 [A/COM40] =60 inv=false[0m
00004.265 [B/COM53] =60 inv=false[0m
00004.265 [A/COM40] =60 inv=false[0m
00004.265 [B/COM53] =60 inv=false[0m
00004.265 [A/COM40] =60 inv=false[0m
00004.265 [B/COM53] =60 inv=false[0m
00004.265 [A/COM40] =60 inv=false[0m
00004.265 [A/COM40] =60 inv=false[0m
00004.265 [B/COM53] =60 inv=false[0m
00004.265 [A/COM40] =60 inv=false[0m
00004.265 [B/COM53] =60 inv=false[0m
00004.265 [A/COM40] =60 inv=false[0m
00004.265 [B/COM53] =60 inv=false[0m
00004.265 [A/COM40] =60 inv=false[0m
00004.265 [B/COM53] =60 inv=false[0m
00004.265 [A/COM40] =60 inv=false[0m
00004.265 [B/COM53] =60 inv=false[0m
00004.265 [A/COM40] =60 inv=false[0m
00004.265 [B/COM53] =60 inv=false[0m
00004.265 [A/COM40] =60 inv=false[0m
00004.265 [B/COM53] =60 inv=false[0m
00004.265 [A/COM40] =60 inv=false[0m
00004.265 [B/COM53] =60 inv=false[0m
00004.265 [A/COM40] =60 inv=false[0m
00004.265 [B/COM53] =60 inv=false[0m
00004.265 [A/COM40] =60 inv=false[0m
00004.265 [B/COM53] =60 inv=false[0m
00004.265 [A/COM40] =60 inv=false[0m
00004.265 [B/COM53] =60 inv=false[0m
00004.265 [A/COM40] =60 inv=false[0m
00004.281 [B/COM53] =60 inv=false[0m
00004.281 [A/COM40] =60 inv=false[0m
00004.281 [B/COM53] =60 inv=false[0m
00004.281 [B/COM53] =60 inv=false[0m
00004.281 [A/COM40] =60 inv=false[0m
00004.281 [B/COM53] =60 inv=false[0m
00004.281 [A/COM40] =60 inv=false[0m
00004.281 [B/COM53] =60 inv=false[0m
00004.281 [B/COM53] =60 inv=false[0m
00004.281 [A/COM40] =60 inv=false[0m
00004.281 [A/COM40] =60 inv=false[0m
00004.281 [B/COM53] =60 inv=false[0m
00004.281 [A/COM40] =60 inv=false[0m
00004.281 [B/COM53] =60 inv=false[0m
00004.281 [A/COM40] =60 inv=false[0m
00004.281 [B/COM53] =60 inv=false[0m
00004.281 [A/COM40] =60 inv=false[0m
00004.281 [B/COM53] =60 inv=false[0m
00004.281 [A/COM40] =60 inv=false[0m
00004.281 [B/COM53] =60 inv=false[0m
00004.281 [A/COM40] =60 inv=false[0m
00004.281 [B/COM53] =60 inv=false[0m
00004.281 [A/COM40] =60 inv=false[0m
00004.281 [B/COM53] =60 inv=false[0m
00004.281 [B/COM53] =60 inv=false[0m
00004.281 [A/COM40] =60 inv=false[0m
00004.281 [B/COM53] =60 inv=false[0m
00004.281 [A/COM40] =60 inv=false[0m
00004.281 [B/COM53] =60 inv=false[0m
00004.281 [A/COM40] =60 inv=false[0m
00004.281 [B/COM53] =60 inv=false[0m
00004.281 [A/COM40] =60 inv=false[0m
00004.281 [B/COM53] =60 inv=false[0m
00004.281 [A/COM40] =60 inv=false[0m
00004.281 [B/COM53] =60 inv=false[0m
00004.281 [A/COM40] =60 inv=false[0m
00004.297 [B/COM53] =60 inv=false[0m
00004.297 [A/COM40] =60 inv=false[0m
00004.297 [B/COM53] =60 inv=false[0m
00004.297 [A/COM40] =60 inv=false[0m
00004.297 [B/COM53] =60 inv=false[0m
00004.297 [A/COM40] =60 inv=false[0m
00004.297 [B/COM53] =60 inv=false[0m
00004.297 [A/COM40] =60 inv=false[0m
00004.297 [B/COM53] =60 inv=false[0m
00004.297 [A/COM40] =60 inv=false[0m
00004.297 [B/COM53] =60 inv=false[0m
00004.297 [A/COM40] =60 inv=false[0m
00004.297 [B/COM53] =60 inv=false[0m
00004.297 [A/COM40] =60 inv=false[0m
00004.297 [A/COM40] =60 inv=false[0m
00004.297 [B/COM53] =60 inv=false[0m
00004.297 [A/COM40] =60 inv=false[0m
00004.297 [B/COM53] =60 inv=false[0m
00004.297 [A/COM40] =60 inv=false[0m
00004.297 [B/COM53] =60 inv=false[0m
00004.297 [A/COM40] =60 inv=false[0m
00004.297 [B/COM53] =60 inv=false[0m
00004.297 [A/COM40] =60 inv=false[0m
00004.297 [B/COM53] =60 inv=false[0m
00004.297 [A/COM40] =60 inv=false[0m
00004.297 [B/COM53] =60 inv=false[0m
00004.297 [A/COM40] =60 inv=false[0m
00004.297 [B/COM53] =60 inv=false[0m
00004.297 [A/COM40] =60 inv=false[0m
00004.297 [B/COM53] =60 inv=false[0m
00004.297 [A/COM40] =60 inv=false[0m
00004.297 [B/COM53] =60 inv=false[0m
00004.297 [A/COM40] =60 inv=false[0m
00004.297 [B/COM53] =60 inv=false[0m
00004.297 [A/COM40] =60 inv=false[0m
00004.297 [B/COM53] =60 inv=false[0m
00004.297 [A/COM40] =60 inv=false[0m
00004.297 [B/COM53] =60 inv=false[0m
00004.297 [A/COM40] =60 inv=false[0m
00004.312 [B/COM53] =60 inv=false[0m
00004.312 [A/COM40] =60 inv=false[0m
00004.312 [B/COM53] =60 inv=false[0m
00004.312 [A/COM40] =60 inv=false[0m
00004.312 [B/COM53] =60 inv=false[0m
00004.312 [A/COM40] =60 inv=false[0m
00004.312 [B/COM53] =60 inv=false[0m
00004.312 [A/COM40] =60 inv=false[0m
00004.312 [B/COM53] =60 inv=false[0m
00004.312 [A/COM40] =60 inv=false[0m
00004.312 [B/COM53] =60 inv=false[0m
00004.312 [A/COM40] =60 inv=false[0m
00004.312 [B/COM53] =60 inv=false[0m
00004.312 [A/COM40] =60 inv=false[0m
00004.312 [B/COM53] =60 inv=false[0m
00004.312 [A/COM40] =60 inv=false[0m
00004.312 [B/COM53] =60 inv=false[0m
00004.312 [A/COM40] =60 inv=false[0m
00004.312 [B/COM53] =60 inv=false[0m
00004.312 [A/COM40] =60 inv=false[0m
00004.312 [B/COM53] =60 inv=false[0m
00004.312 [B/COM53] =60 inv=false[0m
00004.312 [A/COM40] =60 inv=false[0m
00004.312 [B/COM53] =60 inv=false[0m
00004.312 [A/COM40] =60 inv=false[0m
00004.312 [B/COM53] =60 inv=false[0m
00004.312 [A/COM40] =60 inv=false[0m
00004.312 [A/COM40] =60 inv=false[0m
00004.312 [B/COM53] =60 inv=false[0m
00004.312 [A/COM40] =60 inv=false[0m
00004.312 [B/COM53] =60 inv=false[0m
00004.312 [A/COM40] =60 inv=false[0m
00004.312 [B/COM53] =60 inv=false[0m
00004.312 [A/COM40] =60 inv=false[0m
00004.312 [B/COM53] =60 inv=false[0m
00004.312 [A/COM40] =60 inv=false[0m
00004.328 [B/COM53] =60 inv=false[0m
00004.328 [A/COM40] =60 inv=false[0m
00004.328 [B/COM53] =60 inv=false[0m
00004.328 [A/COM40] =60 inv=false[0m
00004.328 [B/COM53] =60 inv=false[0m
00004.328 [A/COM40] =60 inv=false[0m
00004.328 [B/COM53] =60 inv=false[0m
00004.328 [A/COM40] =60 inv=false[0m
00004.328 [A/COM40] =60 inv=false[0m
00004.328 [B/COM53] =60 inv=false[0m
00004.328 [A/COM40] =60 inv=false[0m
00004.328 [B/COM53] =60 inv=false[0m
00004.328 [A/COM40] =60 inv=false[0m
00004.328 [B/COM53] =60 inv=false[0m
00004.328 [A/COM40] =60 inv=false[0m
00004.328 [B/COM53] =60 inv=false[0m
00004.328 [A/COM40] =60 inv=false[0m
00004.328 [B/COM53] =60 inv=false[0m
00004.328 [A/COM40] =60 inv=false[0m
00004.328 [B/COM53] =60 inv=false[0m
00004.328 [A/COM40] =60 inv=false[0m
00004.328 [B/COM53] =60 inv=false[0m
00004.328 [A/COM40] =60 inv=false[0m
00004.328 [B/COM53] =60 inv=false[0m
00004.328 [A/COM40] =60 inv=false[0m
00004.328 [A/COM40] =60 inv=false[0m
00004.328 [B/COM53] =60 inv=false[0m
00004.328 [A/COM40] =60 inv=false[0m
00004.328 [B/COM53] =60 inv=false[0m
00004.328 [A/COM40] =60 inv=false[0m
00004.328 [B/COM53] =60 inv=false[0m
00004.328 [A/COM40] =60 inv=false[0m
00004.328 [B/COM53] =60 inv=false[0m
00004.328 [A/COM40] =60 inv=false[0m
00004.328 [B/COM53] =60 inv=false[0m
00004.328 [A/COM40] =60 inv=false[0m
00004.328 [B/COM53] =60 inv=false[0m
00004.328 [A/COM40] =60 inv=false[0m
00004.328 [B/COM53] =60 inv=false[0m
00004.328 [A/COM40] =60 inv=false[0m
00004.343 [B/COM53] =60 inv=false[0m
00004.343 [A/COM40] =60 inv=false[0m
00004.343 [B/COM53] =60 inv=false[0m
00004.343 [A/COM40] =60 inv=false[0m
00004.343 [B/COM53] =60 inv=false[0m
00004.343 [A/COM40] =60 inv=false[0m
00004.343 [B/COM53] =60 inv=false[0m
00004.343 [A/COM40] =60 inv=false[0m
00004.343 [B/COM53] =60 inv=false[0m
00004.343 [A/COM40] =60 inv=false[0m
00004.343 [B/COM53] =60 inv=false[0m
00004.343 [A/COM40] =60 inv=false[0m
00004.343 [B/COM53] =60 inv=false[0m
00004.343 [A/COM40] =60 inv=false[0m
00004.343 [B/COM53] =60 inv=false[0m
00004.343 [A/COM40] =60 inv=false[0m
00004.343 [B/COM53] =60 inv=false[0m
00004.343 [A/COM40] =60 inv=false[0m
00004.343 [B/COM53] =60 inv=false[0m
00004.343 [B/COM53] =60 inv=false[0m
00004.343 [A/COM40] =60 inv=false[0m
00004.343 [B/COM53] =60 inv=false[0m
00004.343 [A/COM40] =60 inv=false[0m
00004.343 [A/COM40] =60 inv=false[0m
00004.343 [B/COM53] =60 inv=false[0m
00004.343 [A/COM40] =60 inv=false[0m
00004.343 [B/COM53] =60 inv=false[0m
00004.343 [A/COM40] =60 inv=false[0m
00004.343 [B/COM53] =60 inv=false[0m
00004.343 [A/COM40] =60 inv=false[0m
00004.343 [B/COM53] =60 inv=false[0m
00004.343 [B/COM53] =60 inv=false[0m
00004.343 [A/COM40] =60 inv=false[0m
00004.343 [B/COM53] =60 inv=false[0m
00004.343 [A/COM40] =60 inv=false[0m
00004.343 [A/COM40] =60 inv=false[0m
00004.359 [B/COM53] =60 inv=false[0m
00004.359 [A/COM40] =60 inv=false[0m
00004.359 [B/COM53] =60 inv=false[0m
00004.359 [A/COM40] =60 inv=false[0m
00004.359 [B/COM53] =60 inv=false[0m
00004.359 [A/COM40] =60 inv=false[0m
00004.359 [B/COM53] =60 inv=false[0m
00004.359 [A/COM40] =60 inv=false[0m
00004.359 [B/COM53] =60 inv=false[0m
00004.359 [A/COM40] =60 inv=false[0m
00004.359 [B/COM53] =60 inv=false[0m
00004.359 [A/COM40] =60 inv=false[0m
00004.359 [B/COM53] =60 inv=false[0m
00004.359 [A/COM40] =60 inv=false[0m
00004.359 [B/COM53] =60 inv=false[0m
00004.359 [A/COM40] =60 inv=false[0m
00004.359 [A/COM40] =60 inv=false[0m
00004.359 [B/COM53] =60 inv=false[0m
00004.359 [A/COM40] =60 inv=false[0m
00004.359 [B/COM53] =60 inv=false[0m
00004.359 [A/COM40] =60 inv=false[0m
00004.359 [B/COM53] =60 inv=false[0m
00004.359 [A/COM40] =60 inv=false[0m
00004.359 [B/COM53] =60 inv=false[0m
00004.359 [A/COM40] =60 inv=false[0m
00004.359 [B/COM53] =60 inv=false[0m
00004.359 [A/COM40] =60 inv=false[0m
00004.359 [B/COM53] =60 inv=false[0m
00004.359 [A/COM40] =60 inv=false[0m
00004.359 [B/COM53] =60 inv=false[0m
00004.359 [A/COM40] =60 inv=false[0m
00004.359 [B/COM53] =60 inv=false[0m
00004.359 [A/COM40] =60 inv=false[0m
00004.359 [B/COM53] =60 inv=false[0m
00004.359 [A/COM40] =60 inv=false[0m
00004.375 [B/COM53] =60 inv=false[0m
00004.375 [A/COM40] =60 inv=false[0m
00004.375 [B/COM53] =60 inv=false[0m
00004.375 [A/COM40] =60 inv=false[0m
00004.375 [B/COM53] =60 inv=false[0m
00004.375 [A/COM40] =60 inv=false[0m
00004.375 [B/COM53] =60 inv=false[0m
00004.375 [A/COM40] =60 inv=false[0m
00004.375 [B/COM53] =60 inv=false[0m
00004.375 [A/COM40] =60 inv=false[0m
00004.375 [B/COM53] =60 inv=false[0m
00004.375 [A/COM40] =60 inv=false[0m
00004.375 [B/COM53] =60 inv=false[0m
00004.375 [A/COM40] =60 inv=false[0m
00004.375 [B/COM53] =60 inv=false[0m
00004.375 [A/COM40] =60 inv=false[0m
00004.375 [B/COM53] =60 inv=false[0m
00004.375 [A/COM40] =60 inv=false[0m
00004.375 [B/COM53] =60 inv=false[0m
00004.375 [A/COM40] =60 inv=false[0m
00004.375 [B/COM53] =60 inv=false[0m
00004.375 [A/COM40] =60 inv=false[0m
00004.375 [B/COM53] =60 inv=false[0m
00004.375 [A/COM40] =60 inv=false[0m
00004.375 [B/COM53] =60 inv=false[0m
00004.375 [A/COM40] =60 inv=false[0m
00004.375 [B/COM53] =60 inv=false[0m
00004.375 [A/COM40] =60 inv=false[0m
00004.375 [A/COM40] =60 inv=false[0m
00004.375 [B/COM53] =60 inv=false[0m
00004.375 [B/COM53] =60 inv=false[0m
00004.375 [A/COM40] =60 inv=false[0m
00004.375 [B/COM53] =60 inv=false[0m
00004.375 [A/COM40] =60 inv=false[0m
00004.375 [A/COM40] =60 inv=false[0m
00004.375 [B/COM53] =60 inv=false[0m
00004.375 [A/COM40] =60 inv=false[0m
00004.375 [B/COM53] =60 inv=false[0m
00004.375 [A/COM40] =60 inv=false[0m
00004.375 [B/COM53] =60 inv=false[0m
00004.390 [A/COM40] =60 inv=false[0m
00004.390 [B/COM53] =60 inv=false[0m
00004.390 [A/COM40] =60 inv=false[0m
00004.390 [A/COM40] =60 inv=false[0m
00004.390 [B/COM53] =60 inv=false[0m
00004.390 [A/COM40] =60 inv=false[0m
00004.390 [B/COM53] =60 inv=false[0m
00004.390 [A/COM40] =60 inv=false[0m
00004.390 [B/COM53] =60 inv=false[0m
00004.390 [A/COM40] =60 inv=false[0m
00004.390 [B/COM53] =60 inv=false[0m
00004.390 [A/COM40] =60 inv=false[0m
00004.390 [B/COM53] =60 inv=false[0m
00004.390 [A/COM40] =60 inv=false[0m
00004.390 [B/COM53] =60 inv=false[0m
00004.390 [A/COM40] =60 inv=false[0m
00004.390 [B/COM53] =60 inv=false[0m
00004.390 [A/COM40] =60 inv=false[0m
00004.390 [B/COM53] =60 inv=false[0m
00004.390 [A/COM40] =60 inv=false[0m
00004.390 [B/COM53] =60 inv=false[0m
00004.390 [A/COM40] =60 inv=false[0m
00004.390 [B/COM53] =60 inv=false[0m
00004.390 [A/COM40] =60 inv=false[0m
00004.390 [B/COM53] =60 inv=false[0m
00004.390 [A/COM40] =60 inv=false[0m
00004.390 [B/COM53] =60 inv=false[0m
00004.390 [A/COM40] =60 inv=false[0m
00004.390 [B/COM53] =60 inv=false[0m
00004.390 [A/COM40] =60 inv=false[0m
00004.390 [B/COM53] =60 inv=false[0m
00004.390 [A/COM40] =60 inv=false[0m
00004.390 [B/COM53] =60 inv=false[0m
00004.390 [A/COM40] =60 inv=false[0m
00004.390 [B/COM53] =60 inv=false[0m
00004.390 [A/COM40] =60 inv=false[0m
00004.390 [B/COM53] =60 inv=false[0m
00004.390 [A/COM40] =60 inv=false[0m
00004.390 [A/COM40] =60 inv=false[0m
00004.390 [B/COM53] =60 inv=false[0m
00004.406 [A/COM40] =60 inv=false[0m
00004.406 [B/COM53] =60 inv=false[0m
00004.406 [A/COM40] =60 inv=false[0m
00004.406 [B/COM53] =60 inv=false[0m
00004.406 [A/COM40] =60 inv=false[0m
00004.406 [B/COM53] =60 inv=false[0m
00004.406 [A/COM40] =60 inv=false[0m
00004.406 [B/COM53] =60 inv=false[0m
00004.406 [A/COM40] =60 inv=false[0m
00004.406 [B/COM53] =60 inv=false[0m
00004.406 [A/COM40] =60 inv=false[0m
00004.406 [B/COM53] =60 inv=false[0m
00004.406 [A/COM40] =60 inv=false[0m
00004.406 [A/COM40] =60 inv=false[0m
00004.406 [B/COM53] =60 inv=false[0m
00004.406 [A/COM40] =60 inv=false[0m
00004.406 [B/COM53] =60 inv=false[0m
00004.406 [A/COM40] =60 inv=false[0m
00004.406 [B/COM53] =60 inv=false[0m
00004.406 [A/COM40] =60 inv=false[0m
00004.406 [B/COM53] =60 inv=false[0m
00004.406 [A/COM40] =60 inv=false[0m
00004.406 [A/COM40] =60 inv=false[0m
00004.406 [B/COM53] =60 inv=false[0m
00004.406 [A/COM40] =60 inv=false[0m
00004.406 [B/COM53] =60 inv=false[0m
00004.406 [A/COM40] =60 inv=false[0m
00004.406 [B/COM53] =60 inv=false[0m
00004.406 [A/COM40] =60 inv=false[0m
00004.406 [B/COM53] =60 inv=false[0m
00004.406 [A/COM40] =60 inv=false[0m
00004.406 [B/COM53] =60 inv=false[0m
00004.406 [A/COM40] =60 inv=false[0m
00004.406 [B/COM53] =60 inv=false[0m
00004.406 [A/COM40] =60 inv=false[0m
00004.406 [B/COM53] =60 inv=false[0m
00004.422 [A/COM40] =60 inv=false[0m
00004.422 [B/COM53] =60 inv=false[0m
00004.422 [A/COM40] =60 inv=false[0m
00004.422 [B/COM53] =60 inv=false[0m
00004.422 [A/COM40] =60 inv=false[0m
00004.422 [B/COM53] =60 inv=false[0m
00004.422 [A/COM40] =60 inv=false[0m
00004.422 [B/COM53] =60 inv=false[0m
00004.422 [A/COM40] =60 inv=false[0m
00004.422 [B/COM53] =60 inv=false[0m
00004.422 [A/COM40] =60 inv=false[0m
00004.422 [B/COM53] =60 inv=false[0m
00004.422 [A/COM40] =60 inv=false[0m
00004.422 [B/COM53] =60 inv=false[0m
00004.422 [A/COM40] =60 inv=false[0m
00004.422 [B/COM53] =60 inv=false[0m
00004.422 [A/COM40] =60 inv=false[0m
00004.422 [B/COM53] =60 inv=false[0m
00004.422 [A/COM40] =60 inv=false[0m
00004.422 [A/COM40] =60 inv=false[0m
00004.422 [B/COM53] =60 inv=false[0m
00004.422 [A/COM40] =60 inv=false[0m
00004.422 [B/COM53] =60 inv=false[0m
00004.422 [A/COM40] =60 inv=false[0m
00004.422 [B/COM53] =60 inv=false[0m
00004.422 [A/COM40] =60 inv=false[0m
00004.422 [B/COM53] =60 inv=false[0m
00004.422 [A/COM40] =60 inv=false[0m
00004.422 [A/COM40] =60 inv=false[0m
00004.422 [B/COM53] =60 inv=false[0m
00004.422 [A/COM40] =60 inv=false[0m
00004.422 [B/COM53] =60 inv=false[0m
00004.422 [A/COM40] =60 inv=false[0m
00004.422 [B/COM53] =60 inv=false[0m
00004.422 [A/COM40] =60 inv=false[0m
00004.422 [B/COM53] =60 inv=false[0m
00004.422 [A/COM40] =60 inv=false[0m
00004.437 [B/COM53] =60 inv=false[0m
00004.437 [A/COM40] =60 inv=false[0m
00004.437 [B/COM53] =60 inv=false[0m
00004.437 [A/COM40] =60 inv=false[0m
00004.437 [B/COM53] =60 inv=false[0m
00004.437 [A/COM40] =60 inv=false[0m
00004.437 [B/COM53] =60 inv=false[0m
00004.437 [A/COM40] =60 inv=false[0m
00004.437 [B/COM53] =60 inv=false[0m
00004.437 [A/COM40] =60 inv=false[0m
00004.437 [B/COM53] =60 inv=false[0m
00004.437 [A/COM40] =60 inv=false[0m
00004.437 [B/COM53] =60 inv=false[0m
00004.437 [A/COM40] =60 inv=false[0m
00004.437 [B/COM53] =60 inv=false[0m
00004.437 [A/COM40] =60 inv=false[0m
00004.437 [B/COM53] =60 inv=false[0m
00004.437 [A/COM40] =60 inv=false[0m
00004.437 [B/COM53] =60 inv=false[0m
00004.437 [A/COM40] =60 inv=false[0m
00004.437 [B/COM53] =60 inv=false[0m
00004.437 [A/COM40] =60 inv=false[0m
00004.437 [B/COM53] =60 inv=false[0m
00004.437 [A/COM40] =60 inv=false[0m
00004.437 [B/COM53] =60 inv=false[0m
00004.437 [A/COM40] =60 inv=false[0m
00004.437 [B/COM53] =60 inv=false[0m
00004.437 [A/COM40] =60 inv=false[0m
00004.437 [B/COM53] =60 inv=false[0m
00004.437 [A/COM40] =60 inv=false[0m
00004.437 [B/COM53] =60 inv=false[0m
00004.437 [A/COM40] =60 inv=false[0m
00004.437 [B/COM53] =60 inv=false[0m
00004.437 [A/COM40] =60 inv=false[0m
00004.437 [A/COM40] =60 inv=false[0m
00004.437 [B/COM53] =60 inv=false[0m
00004.437 [A/COM40] =60 inv=false[0m
00004.437 [B/COM53] =60 inv=false[0m
00004.437 [A/COM40] =60 inv=false[0m
00004.437 [B/COM53] =60 inv=false[0m
00004.437 [A/COM40] =60 inv=false[0m
00004.437 [B/COM53] =60 inv=false[0m
00004.453 [A/COM40] =60 inv=false[0m
00004.453 [B/COM53] =60 inv=false[0m
00004.453 [A/COM40] =60 inv=false[0m
00004.453 [B/COM53] =60 inv=false[0m
00004.453 [A/COM40] =60 inv=false[0m
00004.453 [B/COM53] =60 inv=false[0m
00004.453 [A/COM40] =60 inv=false[0m
00004.453 [B/COM53] =60 inv=false[0m
00004.453 [A/COM40] =60 inv=false[0m
00004.453 [B/COM53] =60 inv=false[0m
00004.453 [A/COM40] =60 inv=false[0m
00004.453 [B/COM53] =60 inv=false[0m
00004.453 [A/COM40] =60 inv=false[0m
00004.453 [B/COM53] =60 inv=false[0m
00004.453 [A/COM40] =60 inv=false[0m
00004.453 [B/COM53] =60 inv=false[0m
00004.453 [A/COM40] =60 inv=false[0m
00004.453 [B/COM53] =60 inv=false[0m
00004.453 [A/COM40] =60 inv=false[0m
00004.453 [B/COM53] =60 inv=false[0m
00004.453 [B/COM53] =60 inv=false[0m
00004.453 [A/COM40] =60 inv=false[0m
00004.453 [B/COM53] =60 inv=false[0m
00004.453 [A/COM40] =60 inv=false[0m
00004.453 [B/COM53] =60 inv=false[0m
00004.453 [A/COM40] =60 inv=false[0m
00004.453 [B/COM53] =60 inv=false[0m
00004.453 [A/COM40] =60 inv=false[0m
00004.453 [B/COM53] =60 inv=false[0m
00004.453 [A/COM40] =60 inv=false[0m
00004.453 [B/COM53] =60 inv=false[0m
00004.453 [B/COM53] =60 inv=false[0m
00004.453 [A/COM40] =60 inv=false[0m
00004.453 [A/COM40] =60 inv=false[0m
00004.453 [B/COM53] =60 inv=false[0m
00004.453 [A/COM40] =60 inv=false[0m
00004.453 [B/COM53] =60 inv=false[0m
00004.468 [A/COM40] =60 inv=false[0m
00004.468 [B/COM53] =60 inv=false[0m
00004.468 [A/COM40] =60 inv=false[0m
00004.468 [B/COM53] =60 inv=false[0m
00004.468 [A/COM40] =60 inv=false[0m
00004.468 [B/COM53] =60 inv=false[0m
00004.468 [A/COM40] =60 inv=false[0m
00004.468 [B/COM53] =60 inv=false[0m
00004.468 [A/COM40] =60 inv=false[0m
00004.468 [B/COM53] =60 inv=false[0m
00004.468 [A/COM40] =60 inv=false[0m
00004.468 [B/COM53] =60 inv=false[0m
00004.468 [A/COM40] =60 inv=false[0m
00004.468 [B/COM53] =60 inv=false[0m
00004.468 [A/COM40] =60 inv=false[0m
00004.468 [B/COM53] =60 inv=false[0m
00004.468 [A/COM40] =60 inv=false[0m
00004.468 [B/COM53] =60 inv=false[0m
00004.468 [A/COM40] =60 inv=false[0m
00004.468 [B/COM53] =60 inv=false[0m
00004.468 [A/COM40] =60 inv=false[0m
00004.468 [B/COM53] =60 inv=false[0m
00004.468 [A/COM40] =60 inv=false[0m
00004.468 [A/COM40] =60 inv=false[0m
00004.468 [B/COM53] =60 inv=false[0m
00004.468 [A/COM40] =60 inv=false[0m
00004.468 [B/COM53] =60 inv=false[0m
00004.468 [A/COM40] =60 inv=false[0m
00004.468 [B/COM53] =60 inv=false[0m
00004.468 [A/COM40] =60 inv=false[0m
00004.468 [B/COM53] =60 inv=false[0m
00004.468 [A/COM40] =60 inv=false[0m
00004.468 [B/COM53] =60 inv=false[0m
00004.468 [A/COM40] =60 inv=false[0m
00004.468 [B/COM53] =60 inv=false[0m
00004.468 [A/COM40] =60 inv=false[0m
00004.468 [B/COM53] =60 inv=false[0m
00004.484 [A/COM40] =60 inv=false[0m
00004.484 [B/COM53] =60 inv=false[0m
00004.484 [A/COM40] =60 inv=false[0m
00004.484 [B/COM53] =60 inv=false[0m
00004.484 [A/COM40] =60 inv=false[0m
00004.484 [B/COM53] =60 inv=false[0m
00004.484 [A/COM40] =60 inv=false[0m
00004.484 [B/COM53] =60 inv=false[0m
00004.484 [A/COM40] =60 inv=false[0m
00004.484 [B/COM53] =60 inv=false[0m
00004.484 [B/COM53] =60 inv=false[0m
00004.484 [A/COM40] =60 inv=false[0m
00004.484 [B/COM53] =60 inv=false[0m
00004.484 [A/COM40] =60 inv=false[0m
00004.484 [B/COM53] =60 inv=false[0m
00004.484 [A/COM40] =60 inv=false[0m
00004.484 [B/COM53] =60 inv=false[0m
00004.484 [A/COM40] =60 inv=false[0m
00004.484 [B/COM53] =60 inv=false[0m
00004.484 [A/COM40] =60 inv=false[0m
00004.484 [B/COM53] =60 inv=false[0m
00004.484 [A/COM40] =60 inv=false[0m
00004.484 [B/COM53] =60 inv=false[0m
00004.484 [A/COM40] =60 inv=false[0m
00004.484 [B/COM53] =60 inv=false[0m
00004.484 [A/COM40] =60 inv=false[0m
00004.484 [B/COM53] =60 inv=false[0m
00004.484 [A/COM40] =60 inv=false[0m
00004.484 [B/COM53] =60 inv=false[0m
00004.484 [A/COM40] =60 inv=false[0m
00004.484 [B/COM53] =60 inv=false[0m
00004.484 [A/COM40] =60 inv=false[0m
00004.484 [B/COM53] =60 inv=false[0m
00004.484 [A/COM40] =60 inv=false[0m
00004.484 [B/COM53] =60 inv=false[0m
00004.484 [A/COM40] =60 inv=false[0m
00004.484 [B/COM53] =60 inv=false[0m
00004.484 [A/COM40] =60 inv=false[0m
00004.500 [B/COM53] =60 inv=false[0m
00004.500 [A/COM40] =60 inv=false[0m
00004.500 [B/COM53] =60 inv=false[0m
00004.500 [A/COM40] =60 inv=false[0m
00004.500 [B/COM53] =60 inv=false[0m
00004.500 [A/COM40] =60 inv=false[0m
00004.500 [B/COM53] =60 inv=false[0m
00004.500 [A/COM40] =60 inv=false[0m
00004.500 [B/COM53] =60 inv=false[0m
00004.500 [A/COM40] =60 inv=false[0m
00004.500 [B/COM53] =60 inv=false[0m
00004.500 [A/COM40] =60 inv=false[0m
00004.500 [B/COM53] =60 inv=false[0m
00004.500 [A/COM40] =60 inv=false[0m
00004.500 [B/COM53] =60 inv=false[0m
00004.500 [A/COM40] =60 inv=false[0m
00004.500 [B/COM53] =60 inv=false[0m
00004.500 [A/COM40] =60 inv=false[0m
00004.500 [B/COM53] =60 inv=false[0m
00004.500 [A/COM40] =60 inv=false[0m
00004.500 [B/COM53] =60 inv=false[0m
00004.500 [A/COM40] =60 inv=false[0m
00004.500 [B/COM53] =60 inv=false[0m
00004.500 [A/COM40] =60 inv=false[0m
00004.500 [B/COM53] =60 inv=false[0m
00004.500 [A/COM40] =60 inv=false[0m
00004.500 [A/COM40] =60 inv=false[0m
00004.500 [B/COM53] =60 inv=false[0m
00004.500 [A/COM40] =60 inv=false[0m
00004.500 [B/COM53] =60 inv=false[0m
00004.500 [A/COM40] =60 inv=false[0m
00004.500 [B/COM53] =60 inv=false[0m
00004.500 [A/COM40] =60 inv=false[0m
00004.500 [B/COM53] =60 inv=false[0m
00004.500 [B/COM53] =60 inv=false[0m
00004.500 [A/COM40] =60 inv=false[0m
00004.500 [B/COM53] =60 inv=false[0m
00004.500 [A/COM40] =60 inv=false[0m
00004.500 [B/COM53] =60 inv=false[0m
00004.500 [A/COM40] =60 inv=false[0m
00004.515 [B/COM53] =60 inv=false[0m
00004.515 [A/COM40] =60 inv=false[0m
00004.515 [B/COM53] =60 inv=false[0m
00004.515 [A/COM40] =60 inv=false[0m
00004.515 [A/COM40] =60 inv=false[0m
00004.515 [B/COM53] =60 inv=false[0m
00004.515 [A/COM40] =60 inv=false[0m
00004.515 [B/COM53] =60 inv=false[0m
00004.515 [A/COM40] =60 inv=false[0m
00004.515 [B/COM53] =60 inv=false[0m
00004.515 [A/COM40] =60 inv=false[0m
00004.515 [B/COM53] =60 inv=false[0m
00004.515 [A/COM40] =60 inv=false[0m
00004.515 [B/COM53] =60 inv=false[0m
00004.515 [A/COM40] =60 inv=false[0m
00004.515 [B/COM53] =60 inv=false[0m
00004.515 [A/COM40] =60 inv=false[0m
00004.515 [B/COM53] =60 inv=false[0m
00004.515 [A/COM40] =60 inv=false[0m
00004.515 [B/COM53] =60 inv=false[0m
00004.515 [A/COM40] =60 inv=false[0m
00004.515 [B/COM53] =60 inv=false[0m
00004.515 [A/COM40] =60 inv=false[0m
00004.515 [B/COM53] =60 inv=false[0m
00004.515 [A/COM40] =60 inv=false[0m
00004.515 [B/COM53] =60 inv=false[0m
00004.515 [A/COM40] =60 inv=false[0m
00004.515 [B/COM53] =60 inv=false[0m
00004.515 [A/COM40] =60 inv=false[0m
00004.515 [B/COM53] =60 inv=false[0m
00004.515 [A/COM40] =60 inv=false[0m
00004.515 [B/COM53] =60 inv=false[0m
00004.515 [A/COM40] =60 inv=false[0m
00004.515 [B/COM53] =60 inv=false[0m
00004.515 [A/COM40] =60 inv=false[0m
00004.515 [B/COM53] =60 inv=false[0m
00004.515 [A/COM40] =60 inv=false[0m
00004.515 [B/COM53] =60 inv=false[0m
00004.531 [A/COM40] =60 inv=false[0m
00004.531 [B/COM53] =60 inv=false[0m
00004.531 [B/COM53] =60 inv=false[0m
00004.531 [A/COM40] =60 inv=false[0m
00004.531 [B/COM53] =60 inv=false[0m
00004.531 [A/COM40] =60 inv=false[0m
00004.531 [A/COM40] =60 inv=false[0m
00004.531 [B/COM53] =60 inv=false[0m
00004.531 [A/COM40] =60 inv=false[0m
00004.531 [B/COM53] =60 inv=false[0m
00004.531 [A/COM40] =60 inv=false[0m
00004.531 [B/COM53] =60 inv=false[0m
00004.531 [A/COM40] =60 inv=false[0m
00004.531 [B/COM53] =60 inv=false[0m
00004.531 [A/COM40] =60 inv=false[0m
00004.531 [B/COM53] =60 inv=false[0m
00004.531 [A/COM40] =60 inv=false[0m
00004.531 [B/COM53] =60 inv=false[0m
00004.531 [A/COM40] =60 inv=false[0m
00004.531 [B/COM53] =60 inv=false[0m
00004.531 [B/COM53] =60 inv=false[0m
00004.531 [A/COM40] =60 inv=false[0m
00004.531 [A/COM40] =60 inv=false[0m
00004.531 [B/COM53] =60 inv=false[0m
00004.531 [A/COM40] =60 inv=false[0m
00004.531 [B/COM53] =60 inv=false[0m
00004.531 [A/COM40] =60 inv=false[0m
00004.531 [B/COM53] =60 inv=false[0m
00004.531 [B/COM53] =60 inv=false[0m
00004.531 [A/COM40] =60 inv=false[0m
00004.531 [B/COM53] =60 inv=false[0m
00004.531 [A/COM40] =60 inv=false[0m
00004.531 [B/COM53] =60 inv=false[0m
00004.531 [A/COM40] =60 inv=false[0m
00004.531 [B/COM53] =60 inv=false[0m
00004.547 [A/COM40] =60 inv=false[0m
00004.547 [B/COM53] =60 inv=false[0m
00004.547 [B/COM53] =60 inv=false[0m
00004.547 [A/COM40] =60 inv=false[0m
00004.547 [B/COM53] =60 inv=false[0m
00004.547 [A/COM40] =60 inv=false[0m
00004.547 [B/COM53] =60 inv=false[0m
00004.547 [A/COM40] =60 inv=false[0m
00004.547 [B/COM53] =60 inv=false[0m
00004.547 [A/COM40] =60 inv=false[0m
00004.547 [B/COM53] =60 inv=false[0m
00004.547 [A/COM40] =60 inv=false[0m
00004.547 [A/COM40] =60 inv=false[0m
00004.547 [B/COM53] =60 inv=false[0m
00004.547 [B/COM53] =60 inv=false[0m
00004.547 [A/COM40] =60 inv=false[0m
00004.547 [B/COM53] =60 inv=false[0m
00004.547 [A/COM40] =60 inv=false[0m
00004.547 [B/COM53] =60 inv=false[0m
00004.547 [A/COM40] =60 inv=false[0m
00004.547 [A/COM40] =60 inv=false[0m
00004.547 [B/COM53] =60 inv=false[0m
00004.547 [A/COM40] =60 inv=false[0m
00004.547 [B/COM53] =60 inv=false[0m
00004.547 [A/COM40] =60 inv=false[0m
00004.547 [B/COM53] =60 inv=false[0m
00004.547 [A/COM40] =60 inv=false[0m
00004.547 [B/COM53] =60 inv=false[0m
00004.547 [A/COM40] =60 inv=false[0m
00004.547 [B/COM53] =60 inv=false[0m
00004.547 [A/COM40] =60 inv=false[0m
00004.547 [B/COM53] =60 inv=false[0m
00004.547 [A/COM40] =60 inv=false[0m
00004.547 [B/COM53] =60 inv=false[0m
00004.547 [A/COM40] =60 inv=false[0m
00004.547 [B/COM53] =60 inv=false[0m
00004.547 [A/COM40] =60 inv=false[0m
00004.547 [B/COM53] =60 inv=false[0m
00004.562 [A/COM40] =60 inv=false[0m
00004.562 [B/COM53] =60 inv=false[0m
00004.562 [A/COM40] =60 inv=false[0m
00004.562 [B/COM53] =60 inv=false[0m
00004.562 [A/COM40] =60 inv=false[0m
00004.562 [B/COM53] =60 inv=false[0m
00004.562 [A/COM40] =60 inv=false[0m
00004.562 [B/COM53] =60 inv=false[0m
00004.562 [A/COM40] =60 inv=false[0m
00004.562 [B/COM53] =60 inv=false[0m
00004.562 [A/COM40] =60 inv=false[0m
00004.562 [B/COM53] =60 inv=false[0m
00004.562 [A/COM40] =60 inv=false[0m
00004.562 [B/COM53] =60 inv=false[0m
00004.562 [B/COM53] =60 inv=false[0m
00004.562 [A/COM40] =60 inv=false[0m
00004.562 [A/COM40] =60 inv=false[0m
00004.562 [B/COM53] =60 inv=false[0m
00004.562 [A/COM40] =60 inv=false[0m
00004.562 [B/COM53] =60 inv=false[0m
00004.562 [A/COM40] =60 inv=false[0m
00004.562 [B/COM53] =60 inv=false[0m
00004.562 [A/COM40] =60 inv=false[0m
00004.562 [B/COM53] =60 inv=false[0m
00004.562 [A/COM40] =60 inv=false[0m
00004.562 [B/COM53] =60 inv=false[0m
00004.562 [A/COM40] =60 inv=false[0m
00004.562 [B/COM53] =60 inv=false[0m
00004.562 [A/COM40] =60 inv=false[0m
00004.562 [B/COM53] =60 inv=false[0m
00004.562 [A/COM40] =60 inv=false[0m
00004.562 [B/COM53] =60 inv=false[0m
00004.562 [A/COM40] =60 inv=false[0m
00004.562 [B/COM53] =60 inv=false[0m
00004.562 [A/COM40] =60 inv=false[0m
00004.578 [B/COM53] =60 inv=false[0m
00004.578 [A/COM40] =60 inv=false[0m
00004.578 [A/COM40] =60 inv=false[0m
00004.578 [B/COM53] =60 inv=false[0m
00004.578 [B/COM53] =60 inv=false[0m
00004.578 [A/COM40] =60 inv=false[0m
00004.578 [B/COM53] =60 inv=false[0m
00004.578 [A/COM40] =60 inv=false[0m
00004.578 [B/COM53] =60 inv=false[0m
00004.578 [A/COM40] =60 inv=false[0m
00004.578 [B/COM53] =60 inv=false[0m
00004.578 [A/COM40] =60 inv=false[0m
00004.578 [B/COM53] =60 inv=false[0m
00004.578 [A/COM40] =60 inv=false[0m
00004.578 [B/COM53] =60 inv=false[0m
00004.578 [A/COM40] =60 inv=false[0m
00004.578 [B/COM53] =60 inv=false[0m
00004.578 [A/COM40] =60 inv=false[0m
00004.578 [B/COM53] =60 inv=false[0m
00004.578 [A/COM40] =60 inv=false[0m
00004.578 [B/COM53] =60 inv=false[0m
00004.578 [A/COM40] =60 inv=false[0m
00004.578 [A/COM40] =60 inv=false[0m
00004.578 [B/COM53] =60 inv=false[0m
00004.578 [A/COM40] =60 inv=false[0m
00004.578 [B/COM53] =60 inv=false[0m
00004.578 [A/COM40] =60 inv=false[0m
00004.578 [B/COM53] =60 inv=false[0m
00004.578 [A/COM40] =60 inv=false[0m
00004.578 [B/COM53] =60 inv=false[0m
00004.578 [B/COM53] =60 inv=false[0m
00004.578 [A/COM40] =60 inv=false[0m
00004.578 [A/COM40] =60 inv=false[0m
00004.578 [B/COM53] =60 inv=false[0m
00004.578 [A/COM40] =60 inv=false[0m
00004.578 [B/COM53] =60 inv=false[0m
00004.593 [A/COM40] =60 inv=false[0m
00004.593 [B/COM53] =60 inv=false[0m
00004.593 [A/COM40] =60 inv=false[0m
00004.593 [B/COM53] =60 inv=false[0m
00004.593 [A/COM40] =60 inv=false[0m
00004.593 [B/COM53] =60 inv=false[0m
00004.593 [B/COM53] =60 inv=false[0m
00004.593 [A/COM40] =60 inv=false[0m
00004.593 [B/COM53] =60 inv=false[0m
00004.593 [A/COM40] =60 inv=false[0m
00004.593 [B/COM53] =60 inv=false[0m
00004.593 [A/COM40] =60 inv=false[0m
00004.593 [B/COM53] =60 inv=false[0m
00004.593 [A/COM40] =60 inv=false[0m
00004.593 [B/COM53] =60 inv=false[0m
00004.593 [A/COM40] =60 inv=false[0m
00004.593 [B/COM53] =60 inv=false[0m
00004.593 [B/COM53] =60 inv=false[0m
00004.593 [A/COM40] =60 inv=false[0m
00004.593 [B/COM53] =60 inv=false[0m
00004.593 [A/COM40] =60 inv=false[0m
00004.593 [B/COM53] =60 inv=false[0m
00004.593 [A/COM40] =60 inv=false[0m
00004.593 [B/COM53] =60 inv=false[0m
00004.593 [A/COM40] =60 inv=false[0m
00004.593 [A/COM40] =60 inv=false[0m
00004.593 [B/COM53] =60 inv=false[0m
00004.593 [A/COM40] =60 inv=false[0m
00004.593 [B/COM53] =60 inv=false[0m
00004.593 [A/COM40] =60 inv=false[0m
00004.593 [B/COM53] =60 inv=false[0m
00004.609 [A/COM40] =60 inv=false[0m
00004.609 [B/COM53] =60 inv=false[0m
00004.609 [A/COM40] =60 inv=false[0m
00004.609 [B/COM53] =60 inv=false[0m
00004.609 [A/COM40] =60 inv=false[0m
00004.609 [B/COM53] =60 inv=false[0m
00004.609 [A/COM40] =60 inv=false[0m
00004.609 [B/COM53] =60 inv=false[0m
00004.609 [A/COM40] =60 inv=false[0m
00004.609 [B/COM53] =60 inv=false[0m
00004.609 [A/COM40] =60 inv=false[0m
00004.609 [B/COM53] =60 inv=false[0m
00004.609 [A/COM40] =60 inv=false[0m
00004.609 [B/COM53] =60 inv=false[0m
00004.609 [A/COM40] =60 inv=false[0m
00004.609 [B/COM53] =60 inv=false[0m
00004.609 [A/COM40] =60 inv=false[0m
00004.609 [B/COM53] =60 inv=false[0m
00004.609 [A/COM40] =60 inv=false[0m
00004.609 [B/COM53] =60 inv=false[0m
00004.609 [A/COM40] =60 inv=false[0m
00004.609 [B/COM53] =60 inv=false[0m
00004.609 [A/COM40] =60 inv=false[0m
00004.609 [B/COM53] =60 inv=false[0m
00004.609 [A/COM40] =60 inv=false[0m
00004.609 [B/COM53] =60 inv=false[0m
00004.609 [A/COM40] =60 inv=false[0m
00004.609 [B/COM53] =60 inv=false[0m
00004.609 [A/COM40] =60 inv=false[0m
00004.609 [B/COM53] =60 inv=false[0m
00004.609 [A/COM40] =60 inv=false[0m
00004.609 [B/COM53] =60 inv=false[0m
00004.609 [A/COM40] =60 inv=false[0m
00004.625 [B/COM53] =60 inv=false[0m
00004.625 [A/COM40] =60 inv=false[0m
00004.625 [B/COM53] =60 inv=false[0m
00004.625 [A/COM40] =60 inv=false[0m
00004.625 [A/COM40] =60 inv=false[0m
00004.625 [B/COM53] =60 inv=false[0m
00004.625 [A/COM40] =60 inv=false[0m
00004.625 [B/COM53] =60 inv=false[0m
00004.625 [A/COM40] =60 inv=false[0m
00004.625 [B/COM53] =60 inv=false[0m
00004.625 [B/COM53] =60 inv=false[0m
00004.625 [A/COM40] =60 inv=false[0m
00004.625 [B/COM53] =60 inv=false[0m
00004.625 [A/COM40] =60 inv=false[0m
00004.625 [B/COM53] =60 inv=false[0m
00004.625 [A/COM40] =60 inv=false[0m
00004.625 [B/COM53] =60 inv=false[0m
00004.625 [A/COM40] =60 inv=false[0m
00004.625 [B/COM53] =60 inv=false[0m
00004.625 [A/COM40] =60 inv=false[0m
00004.625 [B/COM53] =60 inv=false[0m
00004.625 [A/COM40] =60 inv=false[0m
00004.625 [B/COM53] =60 inv=false[0m
00004.625 [A/COM40] =60 inv=false[0m
00004.625 [B/COM53] =60 inv=false[0m
00004.625 [A/COM40] =60 inv=false[0m
00004.625 [B/COM53] =60 inv=false[0m
00004.625 [A/COM40] =60 inv=false[0m
00004.625 [B/COM53] =60 inv=false[0m
00004.625 [A/COM40] =60 inv=false[0m
00004.625 [B/COM53] =60 inv=false[0m
00004.625 [B/COM53] =60 inv=false[0m
00004.625 [A/COM40] =60 inv=false[0m
00004.625 [A/COM40] =60 inv=false[0m
00004.625 [B/COM53] =60 inv=false[0m
00004.625 [A/COM40] =60 inv=false[0m
00004.625 [B/COM53] =60 inv=false[0m
00004.640 [B/COM53] =60 inv=false[0m
00004.640 [A/COM40] =60 inv=false[0m
00004.640 [B/COM53] =60 inv=false[0m
00004.640 [A/COM40] =60 inv=false[0m
00004.640 [B/COM53] =60 inv=false[0m
00004.640 [A/COM40] =60 inv=false[0m
00004.640 [B/COM53] =60 inv=false[0m
00004.640 [A/COM40] =60 inv=false[0m
00004.640 [B/COM53] =60 inv=false[0m
00004.640 [A/COM40] =60 inv=false[0m
00004.640 [B/COM53] =60 inv=false[0m
00004.640 [A/COM40] =60 inv=false[0m
00004.640 [B/COM53] =60 inv=false[0m
00004.640 [A/COM40] =60 inv=false[0m
00004.640 [B/COM53] =60 inv=false[0m
00004.640 [A/COM40] =60 inv=false[0m
00004.640 [B/COM53] =60 inv=false[0m
00004.640 [A/COM40] =60 inv=false[0m
00004.640 [B/COM53] =60 inv=false[0m
00004.640 [B/COM53] =60 inv=false[0m
00004.640 [A/COM40] =60 inv=false[0m
00004.640 [A/COM40] =60 inv=false[0m
00004.640 [B/COM53] =60 inv=false[0m
00004.640 [B/COM53] =60 inv=false[0m
00004.640 [A/COM40] =60 inv=false[0m
00004.640 [B/COM53] =60 inv=false[0m
00004.640 [A/COM40] =60 inv=false[0m
00004.640 [B/COM53] =60 inv=false[0m
00004.640 [A/COM40] =60 inv=false[0m
00004.640 [B/COM53] =60 inv=false[0m
00004.640 [A/COM40] =60 inv=false[0m
00004.640 [A/COM40] =60 inv=false[0m
00004.640 [B/COM53] =60 inv=false[0m
00004.640 [B/COM53] =60 inv=false[0m
00004.640 [A/COM40] =60 inv=false[0m
00004.640 [A/COM40] =60 inv=false[0m
00004.640 [B/COM53] =60 inv=false[0m
00004.656 [A/COM40] =60 inv=false[0m
00004.656 [B/COM53] =60 inv=false[0m
00004.656 [A/COM40] =60 inv=false[0m
00004.656 [B/COM53] =60 inv=false[0m
00004.656 [A/COM40] =60 inv=false[0m
00004.656 [B/COM53] =60 inv=false[0m
00004.656 [A/COM40] =60 inv=false[0m
00004.656 [B/COM53] =60 inv=false[0m
00004.656 [A/COM40] =60 inv=false[0m
00004.656 [B/COM53] =60 inv=false[0m
00004.656 [A/COM40] =60 inv=false[0m
00004.656 [B/COM53] =60 inv=false[0m
00004.656 [A/COM40] =60 inv=false[0m
00004.656 [B/COM53] =60 inv=false[0m
00004.656 [A/COM40] =60 inv=false[0m
00004.656 [A/COM40] =60 inv=false[0m
00004.656 [B/COM53] =60 inv=false[0m
00004.656 [A/COM40] =60 inv=false[0m
00004.656 [B/COM53] =60 inv=false[0m
00004.656 [B/COM53] =60 inv=false[0m
00004.656 [A/COM40] =60 inv=false[0m
00004.656 [B/COM53] =60 inv=false[0m
00004.656 [A/COM40] =60 inv=false[0m
00004.656 [B/COM53] =60 inv=false[0m
00004.656 [A/COM40] =60 inv=false[0m
00004.656 [B/COM53] =60 inv=false[0m
00004.656 [A/COM40] =60 inv=false[0m
00004.656 [B/COM53] =60 inv=false[0m
00004.656 [A/COM40] =60 inv=false[0m
00004.656 [B/COM53] =60 inv=false[0m
00004.656 [B/COM53] =60 inv=false[0m
00004.656 [A/COM40] =60 inv=false[0m
00004.656 [B/COM53] =60 inv=false[0m
00004.656 [A/COM40] =60 inv=false[0m
00004.656 [B/COM53] =60 inv=false[0m
00004.656 [A/COM40] =60 inv=false[0m
00004.656 [B/COM53] =60 inv=false[0m
00004.672 [A/COM40] =60 inv=false[0m
00004.672 [B/COM53] =60 inv=false[0m
00004.672 [A/COM40] =60 inv=false[0m
00004.672 [B/COM53] =60 inv=false[0m
00004.672 [B/COM53] =60 inv=false[0m
00004.672 [A/COM40] =60 inv=false[0m
00004.672 [B/COM53] =60 inv=false[0m
00004.672 [A/COM40] =60 inv=false[0m
00004.672 [B/COM53] =60 inv=false[0m
00004.672 [A/COM40] =60 inv=false[0m
00004.672 [B/COM53] =60 inv=false[0m
00004.672 [A/COM40] =60 inv=false[0m
00004.672 [B/COM53] =60 inv=false[0m
00004.672 [B/COM53] =60 inv=false[0m
00004.672 [A/COM40] =60 inv=false[0m
00004.672 [B/COM53] =60 inv=false[0m
00004.672 [A/COM40] =60 inv=false[0m
00004.672 [B/COM53] =60 inv=false[0m
00004.672 [A/COM40] =60 inv=false[0m
00004.672 [B/COM53] =60 inv=false[0m
00004.672 [A/COM40] =60 inv=false[0m
00004.672 [B/COM53] =60 inv=false[0m
00004.672 [A/COM40] =60 inv=false[0m
00004.672 [B/COM53] =60 inv=false[0m
00004.672 [A/COM40] =60 inv=false[0m
00004.672 [B/COM53] =60 inv=false[0m
00004.672 [A/COM40] =60 inv=false[0m
00004.672 [B/COM53] =60 inv=false[0m
00004.672 [A/COM40] =60 inv=false[0m
00004.672 [A/COM40] =60 inv=false[0m
00004.672 [B/COM53] =60 inv=false[0m
00004.672 [A/COM40] =60 inv=false[0m
00004.672 [B/COM53] =60 inv=false[0m
00004.672 [A/COM40] =60 inv=false[0m
00004.672 [B/COM53] =60 inv=false[0m
00004.672 [A/COM40] =60 inv=false[0m
00004.672 [B/COM53] =60 inv=false[0m
00004.687 [A/COM40] =60 inv=false[0m
00004.687 [B/COM53] =60 inv=false[0m
00004.687 [A/COM40] =60 inv=false[0m
00004.687 [B/COM53] =60 inv=false[0m
00004.687 [A/COM40] =60 inv=false[0m
00004.687 [B/COM53] =60 inv=false[0m
00004.687 [A/COM40] =60 inv=false[0m
00004.687 [B/COM53] =60 inv=false[0m
00004.687 [A/COM40] =60 inv=false[0m
00004.687 [B/COM53] =60 inv=false[0m
00004.687 [A/COM40] =60 inv=false[0m
00004.687 [B/COM53] =60 inv=false[0m
00004.687 [B/COM53] =60 inv=false[0m
00004.687 [A/COM40] =60 inv=false[0m
00004.687 [B/COM53] =60 inv=false[0m
00004.687 [A/COM40] =60 inv=false[0m
00004.687 [B/COM53] =60 inv=false[0m
00004.687 [B/COM53] =60 inv=false[0m
00004.687 [A/COM40] =60 inv=false[0m
00004.687 [B/COM53] =60 inv=false[0m
00004.687 [A/COM40] =60 inv=false[0m
00004.687 [B/COM53] =60 inv=false[0m
00004.687 [A/COM40] =60 inv=false[0m
00004.687 [B/COM53] =60 inv=false[0m
00004.687 [A/COM40] =60 inv=false[0m
00004.687 [B/COM53] =60 inv=false[0m
00004.687 [A/COM40] =60 inv=false[0m
00004.687 [B/COM53] =60 inv=false[0m
00004.687 [A/COM40] =60 inv=false[0m
00004.687 [B/COM53] =60 inv=false[0m
00004.687 [A/COM40] =60 inv=false[0m
00004.687 [B/COM53] =60 inv=false[0m
00004.687 [A/COM40] =60 inv=false[0m
00004.687 [B/COM53] =60 inv=false[0m
00004.687 [A/COM40] =60 inv=false[0m
00004.687 [A/COM40] =60 inv=false[0m
00004.687 [B/COM53] =60 inv=false[0m
00004.687 [A/COM40] =60 inv=false[0m
00004.687 [B/COM53] =60 inv=false[0m
00004.703 [A/COM40] =60 inv=false[0m
00004.703 [B/COM53] =60 inv=false[0m
00004.703 [B/COM53] =60 inv=false[0m
00004.703 [A/COM40] =60 inv=false[0m
00004.703 [B/COM53] =60 inv=false[0m
00004.703 [A/COM40] =60 inv=false[0m
00004.703 [A/COM40] =60 inv=false[0m
00004.703 [B/COM53] =60 inv=false[0m
00004.703 [A/COM40] =60 inv=false[0m
00004.703 [B/COM53] =60 inv=false[0m
00004.703 [A/COM40] =60 inv=false[0m
00004.703 [B/COM53] =60 inv=false[0m
00004.703 [A/COM40] =60 inv=false[0m
00004.703 [B/COM53] =60 inv=false[0m
00004.703 [A/COM40] =60 inv=false[0m
00004.703 [B/COM53] =60 inv=false[0m
00004.703 [A/COM40] =60 inv=false[0m
00004.703 [B/COM53] =60 inv=false[0m
00004.703 [A/COM40] =60 inv=false[0m
00004.703 [B/COM53] =60 inv=false[0m
00004.703 [A/COM40] =60 inv=false[0m
00004.703 [B/COM53] =60 inv=false[0m
00004.703 [A/COM40] =60 inv=false[0m
00004.703 [B/COM53] =60 inv=false[0m
00004.703 [A/COM40] =60 inv=false[0m
00004.703 [B/COM53] =60 inv=false[0m
00004.703 [A/COM40] =60 inv=false[0m
00004.703 [B/COM53] =60 inv=false[0m
00004.703 [A/COM40] =60 inv=false[0m
00004.703 [B/COM53] =60 inv=false[0m
00004.703 [A/COM40] =60 inv=false[0m
00004.703 [B/COM53] =60 inv=false[0m
00004.703 [B/COM53] =60 inv=false[0m
00004.703 [A/COM40] =60 inv=false[0m
00004.703 [B/COM53] =60 inv=false[0m
00004.703 [A/COM40] =60 inv=false[0m
00004.703 [B/COM53] =60 inv=false[0m
00004.703 [A/COM40] =60 inv=false[0m
00004.703 [A/COM40] =60 inv=false[0m
00004.718 [B/COM53] =60 inv=false[0m
00004.718 [A/COM40] =60 inv=false[0m
00004.718 [B/COM53] =60 inv=false[0m
00004.718 [A/COM40] =60 inv=false[0m
00004.718 [B/COM53] =60 inv=false[0m
00004.718 [A/COM40] =60 inv=false[0m
00004.718 [B/COM53] =60 inv=false[0m
00004.718 [A/COM40] =60 inv=false[0m
00004.718 [B/COM53] =60 inv=false[0m
00004.718 [A/COM40] =60 inv=false[0m
00004.718 [B/COM53] =60 inv=false[0m
00004.718 [A/COM40] =60 inv=false[0m
00004.718 [B/COM53] =60 inv=false[0m
00004.718 [A/COM40] =60 inv=false[0m
00004.718 [B/COM53] =60 inv=false[0m
00004.718 [A/COM40] =60 inv=false[0m
00004.718 [B/COM53] =60 inv=false[0m
00004.718 [A/COM40] =60 inv=false[0m
00004.718 [B/COM53] =60 inv=false[0m
00004.718 [A/COM40] =60 inv=false[0m
00004.718 [B/COM53] =60 inv=false[0m
00004.718 [A/COM40] =60 inv=false[0m
00004.718 [B/COM53] =60 inv=false[0m
00004.718 [A/COM40] =60 inv=false[0m
00004.718 [B/COM53] =60 inv=false[0m
00004.718 [A/COM40] =60 inv=false[0m
00004.718 [A/COM40] =60 inv=false[0m
00004.718 [B/COM53] =60 inv=false[0m
00004.718 [A/COM40] =60 inv=false[0m
00004.718 [B/COM53] =60 inv=false[0m
00004.718 [B/COM53] =60 inv=false[0m
00004.718 [A/COM40] =60 inv=false[0m
00004.718 [B/COM53] =60 inv=false[0m
00004.718 [A/COM40] =60 inv=false[0m
00004.718 [A/COM40] =60 inv=false[0m
00004.718 [B/COM53] =60 inv=false[0m
00004.718 [A/COM40] =60 inv=false[0m
00004.718 [B/COM53] =60 inv=false[0m
00004.734 [A/COM40] =60 inv=false[0m
00004.734 [B/COM53] =60 inv=false[0m
00004.734 [A/COM40] =60 inv=false[0m
00004.734 [B/COM53] =60 inv=false[0m
00004.734 [B/COM53] =60 inv=false[0m
00004.734 [A/COM40] =60 inv=false[0m
00004.734 [B/COM53] =60 inv=false[0m
00004.734 [A/COM40] =60 inv=false[0m
00004.734 [B/COM53] =60 inv=false[0m
00004.734 [A/COM40] =60 inv=false[0m
00004.734 [B/COM53] =60 inv=false[0m
00004.734 [A/COM40] =60 inv=false[0m
00004.734 [B/COM53] =60 inv=false[0m
00004.734 [A/COM40] =60 inv=false[0m
00004.734 [B/COM53] =60 inv=false[0m
00004.734 [A/COM40] =60 inv=false[0m
00004.734 [B/COM53] =60 inv=false[0m
00004.734 [A/COM40] =60 inv=false[0m
00004.734 [B/COM53] =60 inv=false[0m
00004.734 [A/COM40] =60 inv=false[0m
00004.734 [B/COM53] =60 inv=false[0m
00004.734 [A/COM40] =60 inv=false[0m
00004.734 [A/COM40] =60 inv=false[0m
00004.734 [B/COM53] =60 inv=false[0m
00004.734 [A/COM40] =60 inv=false[0m
00004.734 [B/COM53] =60 inv=false[0m
00004.734 [A/COM40] =60 inv=false[0m
00004.734 [B/COM53] =60 inv=false[0m
00004.734 [A/COM40] =60 inv=false[0m
00004.734 [B/COM53] =60 inv=false[0m
00004.734 [A/COM40] =60 inv=false[0m
00004.734 [B/COM53] =60 inv=false[0m
00004.734 [B/COM53] =60 inv=false[0m
00004.734 [A/COM40] =60 inv=false[0m
00004.734 [B/COM53] =60 inv=false[0m
00004.734 [A/COM40] =60 inv=false[0m
00004.734 [B/COM53] =60 inv=false[0m
00004.734 [A/COM40] =60 inv=false[0m
00004.734 [B/COM53] =60 inv=false[0m
00004.734 [A/COM40] =60 inv=false[0m
00004.734 [B/COM53] =60 inv=false[0m
00004.734 [A/COM40] =60 inv=false[0m
00004.750 [B/COM53] =60 inv=false[0m
00004.750 [A/COM40] =60 inv=false[0m
00004.750 [B/COM53] =60 inv=false[0m
00004.750 [A/COM40] =60 inv=false[0m
00004.750 [B/COM53] =60 inv=false[0m
00004.750 [A/COM40] =60 inv=false[0m
00004.750 [B/COM53] =60 inv=false[0m
00004.750 [B/COM53] =60 inv=false[0m
00004.750 [A/COM40] =60 inv=false[0m
00004.750 [B/COM53] =60 inv=false[0m
00004.750 [A/COM40] =60 inv=false[0m
00004.750 [B/COM53] =60 inv=false[0m
00004.750 [A/COM40] =60 inv=false[0m
00004.750 [B/COM53] =60 inv=false[0m
00004.750 [A/COM40] =60 inv=false[0m
00004.750 [B/COM53] =60 inv=false[0m
00004.750 [A/COM40] =60 inv=false[0m
00004.750 [B/COM53] =60 inv=false[0m
00004.750 [A/COM40] =60 inv=false[0m
00004.750 [B/COM53] =60 inv=false[0m
00004.750 [A/COM40] =60 inv=false[0m
00004.750 [B/COM53] =60 inv=false[0m
00004.750 [A/COM40] =60 inv=false[0m
00004.750 [B/COM53] =60 inv=false[0m
00004.750 [A/COM40] =60 inv=false[0m
00004.750 [B/COM53] =60 inv=false[0m
00004.750 [A/COM40] =60 inv=false[0m
00004.750 [B/COM53] =60 inv=false[0m
00004.750 [A/COM40] =60 inv=false[0m
00004.750 [B/COM53] =60 inv=false[0m
00004.750 [B/COM53] =60 inv=false[0m
00004.750 [A/COM40] =60 inv=false[0m
00004.750 [A/COM40] =60 inv=false[0m
00004.750 [B/COM53] =60 inv=false[0m
00004.750 [A/COM40] =60 inv=false[0m
00004.750 [B/COM53] =60 inv=false[0m
00004.750 [A/COM40] =60 inv=false[0m
00004.750 [B/COM53] =60 inv=false[0m
00004.765 [A/COM40] =60 inv=false[0m
00004.765 [B/COM53] =60 inv=false[0m
00004.765 [A/COM40] =60 inv=false[0m
00004.765 [B/COM53] =60 inv=false[0m
00004.765 [A/COM40] =60 inv=false[0m
00004.765 [B/COM53] =60 inv=false[0m
00004.765 [A/COM40] =60 inv=false[0m
00004.765 [B/COM53] =60 inv=false[0m
00004.765 [A/COM40] =60 inv=false[0m
00004.765 [B/COM53] =60 inv=false[0m
00004.765 [A/COM40] =60 inv=false[0m
00004.765 [B/COM53] =60 inv=false[0m
00004.765 [A/COM40] =60 inv=false[0m
00004.765 [B/COM53] =60 inv=false[0m
00004.765 [A/COM40] =60 inv=false[0m
00004.765 [B/COM53] =60 inv=false[0m
00004.765 [A/COM40] =60 inv=false[0m
00004.765 [B/COM53] =60 inv=false[0m
00004.765 [A/COM40] =60 inv=false[0m
00004.765 [B/COM53] =60 inv=false[0m
00004.765 [A/COM40] =60 inv=false[0m
00004.765 [B/COM53] =60 inv=false[0m
00004.765 [A/COM40] =60 inv=false[0m
00004.765 [B/COM53] =60 inv=false[0m
00004.765 [A/COM40] =60 inv=false[0m
00004.765 [B/COM53] =60 inv=false[0m
00004.765 [A/COM40] =60 inv=false[0m
00004.765 [B/COM53] =60 inv=false[0m
00004.765 [A/COM40] =60 inv=false[0m
00004.765 [A/COM40] =60 inv=false[0m
00004.765 [B/COM53] =60 inv=false[0m
00004.765 [A/COM40] =60 inv=false[0m
00004.765 [B/COM53] =60 inv=false[0m
00004.765 [A/COM40] =60 inv=false[0m
00004.765 [B/COM53] =60 inv=false[0m
00004.765 [A/COM40] =60 inv=false[0m
00004.765 [B/COM53] =60 inv=false[0m
00004.765 [A/COM40] =60 inv=false[0m
00004.765 [B/COM53] =60 inv=false[0m
00004.781 [A/COM40] =60 inv=false[0m
00004.781 [B/COM53] =60 inv=false[0m
00004.781 [A/COM40] =60 inv=false[0m
00004.781 [B/COM53] =60 inv=false[0m
00004.781 [A/COM40] =60 inv=false[0m
00004.781 [B/COM53] =60 inv=false[0m
00004.781 [B/COM53] =60 inv=false[0m
00004.781 [A/COM40] =60 inv=false[0m
00004.781 [B/COM53] =60 inv=false[0m
00004.781 [A/COM40] =60 inv=false[0m
00004.781 [B/COM53] =60 inv=false[0m
00004.781 [A/COM40] =60 inv=false[0m
00004.781 [A/COM40] =60 inv=false[0m
00004.781 [B/COM53] =60 inv=false[0m
00004.781 [A/COM40] =60 inv=false[0m
00004.781 [B/COM53] =60 inv=false[0m
00004.781 [A/COM40] =60 inv=false[0m
00004.781 [B/COM53] =60 inv=false[0m
00004.781 [A/COM40] =60 inv=false[0m
00004.781 [B/COM53] =60 inv=false[0m
00004.781 [A/COM40] =60 inv=false[0m
00004.781 [B/COM53] =60 inv=false[0m
00004.781 [A/COM40] =60 inv=false[0m
00004.781 [B/COM53] =60 inv=false[0m
00004.781 [A/COM40] =60 inv=false[0m
00004.781 [A/COM40] =60 inv=false[0m
00004.781 [B/COM53] =60 inv=false[0m
00004.781 [A/COM40] =60 inv=false[0m
00004.781 [B/COM53] =60 inv=false[0m
00004.781 [A/COM40] =60 inv=false[0m
00004.781 [A/COM40] =60 inv=false[0m
00004.781 [B/COM53] =60 inv=false[0m
00004.781 [B/COM53] =60 inv=false[0m
00004.781 [A/COM40] =60 inv=false[0m
00004.781 [B/COM53] =60 inv=false[0m
00004.781 [A/COM40] =60 inv=false[0m
00004.781 [B/COM53] =60 inv=false[0m
00004.781 [A/COM40] =60 inv=false[0m
00004.781 [B/COM53] =60 inv=false[0m
00004.797 [A/COM40] =60 inv=false[0m
00004.797 [B/COM53] =60 inv=false[0m
00004.797 [A/COM40] =60 inv=false[0m
00004.797 [B/COM53] =60 inv=false[0m
00004.797 [A/COM40] =60 inv=false[0m
00004.797 [B/COM53] =60 inv=false[0m
00004.797 [A/COM40] =60 inv=false[0m
00004.797 [B/COM53] =60 inv=false[0m
00004.797 [A/COM40] =60 inv=false[0m
00004.797 [B/COM53] =60 inv=false[0m
00004.797 [A/COM40] =60 inv=false[0m
00004.797 [B/COM53] =60 inv=false[0m
00004.797 [A/COM40] =60 inv=false[0m
00004.797 [B/COM53] =60 inv=false[0m
00004.797 [A/COM40] =60 inv=false[0m
00004.797 [B/COM53] =60 inv=false[0m
00004.797 [A/COM40] =60 inv=false[0m
00004.797 [B/COM53] =60 inv=false[0m
00004.797 [A/COM40] =60 inv=false[0m
00004.797 [B/COM53] =60 inv=false[0m
00004.797 [A/COM40] =60 inv=false[0m
00004.797 [B/COM53] =60 inv=false[0m
00004.797 [A/COM40] =60 inv=false[0m
00004.797 [B/COM53] =60 inv=false[0m
00004.797 [A/COM40] =60 inv=false[0m
00004.797 [B/COM53] =60 inv=false[0m
00004.797 [A/COM40] =60 inv=false[0m
00004.797 [B/COM53] =60 inv=false[0m
00004.797 [B/COM53] =60 inv=false[0m
00004.797 [A/COM40] =60 inv=false[0m
00004.797 [B/COM53] =60 inv=false[0m
00004.797 [A/COM40] =60 inv=false[0m
00004.797 [B/COM53] =60 inv=false[0m
00004.797 [A/COM40] =60 inv=false[0m
00004.797 [B/COM53] =60 inv=false[0m
00004.797 [A/COM40] =60 inv=false[0m
00004.797 [B/COM53] =60 inv=false[0m
00004.812 [A/COM40] =60 inv=false[0m
00004.812 [B/COM53] =60 inv=false[0m
00004.812 [A/COM40] =60 inv=false[0m
00004.812 [B/COM53] =60 inv=false[0m
00004.812 [A/COM40] =60 inv=false[0m
00004.812 [B/COM53] =60 inv=false[0m
00004.812 [A/COM40] =60 inv=false[0m
00004.812 [B/COM53] =60 inv=false[0m
00004.812 [A/COM40] =60 inv=false[0m
00004.812 [B/COM53] =60 inv=false[0m
00004.812 [A/COM40] =60 inv=false[0m
00004.812 [B/COM53] =60 inv=false[0m
00004.812 [A/COM40] =60 inv=false[0m
00004.812 [B/COM53] =60 inv=false[0m
00004.812 [A/COM40] =60 inv=false[0m
00004.812 [B/COM53] =60 inv=false[0m
00004.812 [A/COM40] =60 inv=false[0m
00004.812 [A/COM40] =60 inv=false[0m
00004.812 [B/COM53] =60 inv=false[0m
00004.812 [B/COM53] =60 inv=false[0m
00004.812 [A/COM40] =60 inv=false[0m
00004.812 [B/COM53] =60 inv=false[0m
00004.812 [A/COM40] =60 inv=false[0m
00004.812 [B/COM53] =60 inv=false[0m
00004.812 [A/COM40] =60 inv=false[0m
00004.812 [B/COM53] =60 inv=false[0m
00004.812 [B/COM53] =60 inv=false[0m
00004.812 [A/COM40] =60 inv=false[0m
00004.812 [B/COM53] =60 inv=false[0m
00004.812 [A/COM40] =60 inv=false[0m
00004.812 [A/COM40] =60 inv=false[0m
00004.812 [B/COM53] =60 inv=false[0m
00004.812 [A/COM40] =60 inv=false[0m
00004.812 [B/COM53] =60 inv=false[0m
00004.812 [A/COM40] =60 inv=false[0m
00004.812 [B/COM53] =60 inv=false[0m
00004.812 [A/COM40] =60 inv=false[0m
00004.812 [B/COM53] =60 inv=false[0m
00004.812 [A/COM40] =60 inv=false[0m
00004.828 [B/COM53] =60 inv=false[0m
00004.828 [A/COM40] =60 inv=false[0m
00004.828 [B/COM53] =60 inv=false[0m
00004.828 [A/COM40] =60 inv=false[0m
00004.828 [B/COM53] =60 inv=false[0m
00004.828 [A/COM40] =60 inv=false[0m
00004.828 [B/COM53] =60 inv=false[0m
00004.828 [A/COM40] =60 inv=false[0m
00004.828 [B/COM53] =60 inv=false[0m
00004.828 [A/COM40] =60 inv=false[0m
00004.828 [B/COM53] =60 inv=false[0m
00004.828 [A/COM40] =60 inv=false[0m
00004.828 [B/COM53] =60 inv=false[0m
00004.828 [A/COM40] =60 inv=false[0m
00004.828 [B/COM53] =60 inv=false[0m
00004.828 [A/COM40] =60 inv=false[0m
00004.828 [B/COM53] =60 inv=false[0m
00004.828 [A/COM40] =60 inv=false[0m
00004.828 [A/COM40] =60 inv=false[0m
00004.828 [B/COM53] =60 inv=false[0m
00004.828 [A/COM40] =60 inv=false[0m
00004.828 [B/COM53] =60 inv=false[0m
00004.828 [A/COM40] =60 inv=false[0m
00004.828 [B/COM53] =60 inv=false[0m
00004.828 [A/COM40] =60 inv=false[0m
00004.828 [B/COM53] =60 inv=false[0m
00004.828 [B/COM53] =60 inv=false[0m
00004.828 [A/COM40] =60 inv=false[0m
00004.828 [B/COM53] =60 inv=false[0m
00004.828 [A/COM40] =60 inv=false[0m
00004.828 [B/COM53] =60 inv=false[0m
00004.828 [A/COM40] =60 inv=false[0m
00004.828 [B/COM53] =60 inv=false[0m
00004.828 [A/COM40] =60 inv=false[0m
00004.828 [B/COM53] =60 inv=false[0m
00004.828 [A/COM40] =60 inv=false[0m
00004.828 [B/COM53] =60 inv=false[0m
00004.828 [A/COM40] =60 inv=false[0m
00004.828 [B/COM53] =60 inv=false[0m
00004.828 [A/COM40] =60 inv=false[0m
00004.828 [B/COM53] =60 inv=false[0m
00004.828 [A/COM40] =60 inv=false[0m
00004.843 [B/COM53] =60 inv=false[0m
00004.843 [A/COM40] =60 inv=false[0m
00004.843 [A/COM40] =60 inv=false[0m
00004.843 [B/COM53] =60 inv=false[0m
00004.843 [A/COM40] =60 inv=false[0m
00004.843 [B/COM53] =60 inv=false[0m
00004.843 [B/COM53] =60 inv=false[0m
00004.843 [A/COM40] =60 inv=false[0m
00004.843 [B/COM53] =60 inv=false[0m
00004.843 [A/COM40] =60 inv=false[0m
00004.843 [B/COM53] =60 inv=false[0m
00004.843 [A/COM40] =60 inv=false[0m
00004.843 [B/COM53] =60 inv=false[0m
00004.843 [A/COM40] =60 inv=false[0m
00004.843 [B/COM53] =60 inv=false[0m
00004.843 [A/COM40] =60 inv=false[0m
00004.843 [B/COM53] =60 inv=false[0m
00004.843 [B/COM53] =60 inv=false[0m
00004.843 [A/COM40] =60 inv=false[0m
00004.843 [A/COM40] =60 inv=false[0m
00004.843 [B/COM53] =60 inv=false[0m
00004.843 [A/COM40] =60 inv=false[0m
00004.843 [B/COM53] =60 inv=false[0m
00004.843 [A/COM40] =60 inv=false[0m
00004.843 [B/COM53] =60 inv=false[0m
00004.843 [A/COM40] =60 inv=false[0m
00004.843 [B/COM53] =60 inv=false[0m
00004.843 [B/COM53] =60 inv=false[0m
00004.843 [A/COM40] =60 inv=false[0m
00004.843 [B/COM53] =60 inv=false[0m
00004.843 [A/COM40] =60 inv=false[0m
00004.843 [B/COM53] =60 inv=false[0m
00004.843 [A/COM40] =60 inv=false[0m
00004.843 [B/COM53] =60 inv=false[0m
00004.843 [A/COM40] =60 inv=false[0m
00004.843 [B/COM53] =60 inv=false[0m
00004.843 [A/COM40] =60 inv=false[0m
00004.843 [B/COM53] =60 inv=false[0m
00004.843 [A/COM40] =60 inv=false[0m
00004.859 [B/COM53] =60 inv=false[0m
00004.859 [A/COM40] =60 inv=false[0m
00004.859 [B/COM53] =60 inv=false[0m
00004.859 [A/COM40] =60 inv=false[0m
00004.859 [B/COM53] =60 inv=false[0m
00004.859 [A/COM40] =60 inv=false[0m
00004.859 [A/COM40] =60 inv=false[0m
00004.859 [B/COM53] =60 inv=false[0m
00004.859 [A/COM40] =60 inv=false[0m
00004.859 [B/COM53] =60 inv=false[0m
00004.859 [A/COM40] =60 inv=false[0m
00004.859 [B/COM53] =60 inv=false[0m
00004.859 [A/COM40] =60 inv=false[0m
00004.859 [B/COM53] =60 inv=false[0m
00004.859 [A/COM40] =60 inv=false[0m
00004.859 [B/COM53] =60 inv=false[0m
00004.859 [A/COM40] =60 inv=false[0m
00004.859 [B/COM53] =60 inv=false[0m
00004.859 [A/COM40] =60 inv=false[0m
00004.859 [A/COM40] =60 inv=false[0m
00004.859 [B/COM53] =60 inv=false[0m
00004.859 [A/COM40] =60 inv=false[0m
00004.859 [B/COM53] =60 inv=false[0m
00004.859 [A/COM40] =60 inv=false[0m
00004.859 [B/COM53] =60 inv=false[0m
00004.859 [A/COM40] =60 inv=false[0m
00004.859 [B/COM53] =60 inv=false[0m
00004.859 [A/COM40] =60 inv=false[0m
00004.859 [B/COM53] =60 inv=false[0m
00004.859 [A/COM40] =60 inv=false[0m
00004.859 [B/COM53] =60 inv=false[0m
00004.859 [A/COM40] =60 inv=false[0m
00004.859 [B/COM53] =60 inv=false[0m
00004.859 [A/COM40] =60 inv=false[0m
00004.859 [B/COM53] =60 inv=false[0m
00004.859 [A/COM40] =60 inv=false[0m
00004.859 [B/COM53] =60 inv=false[0m
00004.859 [A/COM40] =60 inv=false[0m
00004.859 [B/COM53] =60 inv=false[0m
00004.859 [A/COM40] =60 inv=false[0m
00004.875 [B/COM53] =60 inv=false[0m
00004.875 [A/COM40] =60 inv=false[0m
00004.875 [B/COM53] =60 inv=false[0m
00004.875 [A/COM40] =60 inv=false[0m
00004.875 [B/COM53] =60 inv=false[0m
00004.875 [A/COM40] =60 inv=false[0m
00004.875 [B/COM53] =60 inv=false[0m
00004.875 [A/COM40] =60 inv=false[0m
00004.875 [A/COM40] =60 inv=false[0m
00004.875 [B/COM53] =60 inv=false[0m
00004.875 [A/COM40] =60 inv=false[0m
00004.875 [B/COM53] =60 inv=false[0m
00004.875 [A/COM40] =60 inv=false[0m
00004.875 [B/COM53] =60 inv=false[0m
00004.875 [A/COM40] =60 inv=false[0m
00004.875 [B/COM53] =60 inv=false[0m
00004.875 [A/COM40] =60 inv=false[0m
00004.875 [B/COM53] =60 inv=false[0m
00004.875 [A/COM40] =60 inv=false[0m
00004.875 [B/COM53] =60 inv=false[0m
00004.875 [A/COM40] =60 inv=false[0m
00004.875 [A/COM40] =60 inv=false[0m
00004.875 [B/COM53] =60 inv=false[0m
00004.875 [A/COM40] =60 inv=false[0m
00004.875 [B/COM53] =60 inv=false[0m
00004.875 [A/COM40] =60 inv=false[0m
00004.875 [B/COM53] =60 inv=false[0m
00004.875 [A/COM40] =60 inv=false[0m
00004.875 [B/COM53] =60 inv=false[0m
00004.875 [A/COM40] =60 inv=false[0m
00004.875 [B/COM53] =60 inv=false[0m
00004.875 [A/COM40] =60 inv=false[0m
00004.875 [B/COM53] =60 inv=false[0m
00004.875 [A/COM40] =60 inv=false[0m
00004.875 [B/COM53] =60 inv=false[0m
00004.875 [A/COM40] =60 inv=false[0m
00004.875 [B/COM53] =60 inv=false[0m
00004.875 [A/COM40] =60 inv=false[0m
00004.890 [B/COM53] =60 inv=false[0m
00004.890 [A/COM40] =60 inv=false[0m
00004.890 [B/COM53] =60 inv=false[0m
00004.890 [A/COM40] =60 inv=false[0m
00004.890 [B/COM53] =60 inv=false[0m
00004.890 [A/COM40] =60 inv=false[0m
00004.890 [B/COM53] =60 inv=false[0m
00004.890 [A/COM40] =60 inv=false[0m
00004.890 [B/COM53] =60 inv=false[0m
00004.890 [A/COM40] =60 inv=false[0m
00004.890 [B/COM53] =60 inv=false[0m
00004.890 [A/COM40] =60 inv=false[0m
00004.890 [B/COM53] =60 inv=false[0m
00004.890 [B/COM53] =60 inv=false[0m
00004.890 [A/COM40] =60 inv=false[0m
00004.890 [B/COM53] =60 inv=false[0m
00004.890 [A/COM40] =60 inv=false[0m
00004.890 [B/COM53] =60 inv=false[0m
00004.890 [A/COM40] =60 inv=false[0m
00004.890 [B/COM53] =60 inv=false[0m
00004.890 [A/COM40] =60 inv=false[0m
00004.890 [B/COM53] =60 inv=false[0m
00004.890 [A/COM40] =60 inv=false[0m
00004.890 [B/COM53] =60 inv=false[0m
00004.890 [A/COM40] =60 inv=false[0m
00004.890 [B/COM53] =60 inv=false[0m
00004.890 [A/COM40] =60 inv=false[0m
00004.890 [A/COM40] =60 inv=false[0m
00004.890 [B/COM53] =60 inv=false[0m
00004.890 [A/COM40] =60 inv=false[0m
00004.890 [B/COM53] =60 inv=false[0m
00004.890 [A/COM40] =60 inv=false[0m
00004.890 [B/COM53] =60 inv=false[0m
00004.890 [A/COM40] =60 inv=false[0m
00004.890 [B/COM53] =60 inv=false[0m
00004.890 [A/COM40] =60 inv=false[0m
00004.890 [B/COM53] =60 inv=false[0m
00004.890 [A/COM40] =60 inv=false[0m
00004.890 [B/COM53] =60 inv=false[0m
00004.906 [A/COM40] =60 inv=false[0m
00004.906 [B/COM53] =60 inv=false[0m
00004.906 [A/COM40] =60 inv=false[0m
00004.906 [B/COM53] =60 inv=false[0m
00004.906 [A/COM40] =60 inv=false[0m
00004.906 [B/COM53] =60 inv=false[0m
00004.906 [A/COM40] =60 inv=false[0m
00004.906 [B/COM53] =60 inv=false[0m
00004.906 [A/COM40] =60 inv=false[0m
00004.906 [B/COM53] =60 inv=false[0m
00004.906 [A/COM40] =60 inv=false[0m
00004.906 [B/COM53] =60 inv=false[0m
00004.906 [A/COM40] =60 inv=false[0m
00004.906 [B/COM53] =60 inv=false[0m
00004.906 [A/COM40] =60 inv=false[0m
00004.906 [B/COM53] =60 inv=false[0m
00004.906 [A/COM40] =60 inv=false[0m
00004.906 [B/COM53] =60 inv=false[0m
00004.906 [A/COM40] =60 inv=false[0m
00004.906 [B/COM53] =60 inv=false[0m
00004.906 [A/COM40] =60 inv=false[0m
00004.906 [B/COM53] =60 inv=false[0m
00004.906 [A/COM40] =60 inv=false[0m
00004.906 [B/COM53] =60 inv=false[0m
00004.906 [A/COM40] =60 inv=false[0m
00004.906 [B/COM53] =60 inv=false[0m
00004.906 [A/COM40] =60 inv=false[0m
00004.906 [B/COM53] =60 inv=false[0m
00004.906 [A/COM40] =60 inv=false[0m
00004.906 [A/COM40] =60 inv=false[0m
00004.906 [B/COM53] =60 inv=false[0m
00004.906 [A/COM40] =60 inv=false[0m
00004.906 [B/COM53] =60 inv=false[0m
00004.906 [A/COM40] =60 inv=false[0m
00004.906 [B/COM53] =60 inv=false[0m
00004.906 [A/COM40] =60 inv=false[0m
00004.906 [B/COM53] =60 inv=false[0m
00004.906 [B/COM53] =60 inv=false[0m
00004.906 [A/COM40] =60 inv=false[0m
00004.922 [B/COM53] =60 inv=false[0m
00004.922 [A/COM40] =60 inv=false[0m
00004.922 [B/COM53] =60 inv=false[0m
00004.922 [A/COM40] =60 inv=false[0m
00004.922 [A/COM40] =60 inv=false[0m
00004.922 [B/COM53] =60 inv=false[0m
00004.922 [A/COM40] =60 inv=false[0m
00004.922 [B/COM53] =60 inv=false[0m
00004.922 [A/COM40] =60 inv=false[0m
00004.922 [B/COM53] =60 inv=false[0m
00004.922 [A/COM40] =60 inv=false[0m
00004.922 [B/COM53] =60 inv=false[0m
00004.922 [A/COM40] =60 inv=false[0m
00004.922 [B/COM53] =60 inv=false[0m
00004.922 [A/COM40] =60 inv=false[0m
00004.922 [B/COM53] =60 inv=false[0m
00004.922 [A/COM40] =60 inv=false[0m
00004.922 [B/COM53] =60 inv=false[0m
00004.922 [A/COM40] =60 inv=false[0m
00004.922 [B/COM53] =60 inv=false[0m
00004.922 [A/COM40] =60 inv=false[0m
00004.922 [B/COM53] =60 inv=false[0m
00004.922 [A/COM40] =60 inv=false[0m
00004.922 [B/COM53] =60 inv=false[0m
00004.922 [A/COM40] =60 inv=false[0m
00004.922 [B/COM53] =60 inv=false[0m
00004.922 [A/COM40] =60 inv=false[0m
00004.922 [B/COM53] =60 inv=false[0m
00004.922 [A/COM40] =60 inv=false[0m
00004.922 [B/COM53] =60 inv=false[0m
00004.922 [A/COM40] =60 inv=false[0m
00004.922 [A/COM40] =60 inv=false[0m
00004.922 [B/COM53] =60 inv=false[0m
00004.922 [A/COM40] =60 inv=false[0m
00004.922 [B/COM53] =60 inv=false[0m
00004.922 [B/COM53] =60 inv=false[0m
00004.922 [A/COM40] =60 inv=false[0m
00004.922 [B/COM53] =60 inv=false[0m
00004.922 [A/COM40] =60 inv=false[0m
00004.937 [B/COM53] =60 inv=false[0m
00004.937 [A/COM40] =60 inv=false[0m
00004.937 [B/COM53] =60 inv=false[0m
00004.937 [A/COM40] =60 inv=false[0m
00004.937 [B/COM53] =60 inv=false[0m
00004.937 [A/COM40] =60 inv=false[0m
00004.937 [B/COM53] =60 inv=false[0m
00004.937 [A/COM40] =60 inv=false[0m
00004.937 [B/COM53] =60 inv=false[0m
00004.937 [A/COM40] =60 inv=false[0m
00004.937 [B/COM53] =60 inv=false[0m
00004.937 [A/COM40] =60 inv=false[0m
00004.937 [B/COM53] =60 inv=false[0m
00004.937 [A/COM40] =60 inv=false[0m
00004.937 [B/COM53] =60 inv=false[0m
00004.937 [A/COM40] =60 inv=false[0m
00004.937 [B/COM53] =60 inv=false[0m
00004.937 [B/COM53] =60 inv=false[0m
00004.937 [A/COM40] =60 inv=false[0m
00004.937 [B/COM53] =60 inv=false[0m
00004.937 [A/COM40] =60 inv=false[0m
00004.937 [B/COM53] =60 inv=false[0m
00004.937 [A/COM40] =60 inv=false[0m
00004.937 [B/COM53] =60 inv=false[0m
00004.937 [A/COM40] =60 inv=false[0m
00004.937 [B/COM53] =60 inv=false[0m
00004.937 [A/COM40] =60 inv=false[0m
00004.937 [B/COM53] =60 inv=false[0m
00004.937 [A/COM40] =60 inv=false[0m
00004.937 [B/COM53] =60 inv=false[0m
00004.937 [B/COM53] =60 inv=false[0m
00004.937 [A/COM40] =60 inv=false[0m
00004.937 [B/COM53] =60 inv=false[0m
00004.937 [A/COM40] =60 inv=false[0m
00004.937 [B/COM53] =60 inv=false[0m
00004.937 [A/COM40] =60 inv=false[0m
00004.937 [A/COM40] =60 inv=false[0m
00004.937 [B/COM53] =60 inv=false[0m
00004.953 [B/COM53] =60 inv=false[0m
00004.953 [A/COM40] =60 inv=false[0m
00004.953 [B/COM53] =60 inv=false[0m
00004.953 [A/COM40] =60 inv=false[0m
00004.953 [B/COM53] =60 inv=false[0m
00004.953 [A/COM40] =60 inv=false[0m
00004.953 [B/COM53] =60 inv=false[0m
00004.953 [A/COM40] =60 inv=false[0m
00004.953 [B/COM53] =60 inv=false[0m
00004.953 [A/COM40] =60 inv=false[0m
00004.953 [B/COM53] =60 inv=false[0m
00004.953 [A/COM40] =60 inv=false[0m
00004.953 [B/COM53] =60 inv=false[0m
00004.953 [A/COM40] =60 inv=false[0m
00004.953 [B/COM53] =60 inv=false[0m
00004.953 [A/COM40] =60 inv=false[0m
00004.953 [B/COM53] =60 inv=false[0m
00004.953 [A/COM40] =60 inv=false[0m
00004.953 [B/COM53] =60 inv=false[0m
00004.953 [A/COM40] =60 inv=false[0m
00004.953 [B/COM53] =60 inv=false[0m
00004.953 [A/COM40] =60 inv=false[0m
00004.953 [B/COM53] =60 inv=false[0m
00004.953 [A/COM40] =60 inv=false[0m
00004.953 [B/COM53] =60 inv=false[0m
00004.953 [A/COM40] =60 inv=false[0m
00004.953 [B/COM53] =60 inv=false[0m
00004.953 [A/COM40] =60 inv=false[0m
00004.953 [B/COM53] =60 inv=false[0m
00004.953 [A/COM40] =60 inv=false[0m
00004.953 [B/COM53] =60 inv=false[0m
00004.953 [A/COM40] =60 inv=false[0m
00004.953 [B/COM53] =60 inv=false[0m
00004.953 [A/COM40] =60 inv=false[0m
00004.953 [B/COM53] =60 inv=false[0m
00004.953 [A/COM40] =60 inv=false[0m
00004.953 [B/COM53] =60 inv=false[0m
00004.953 [A/COM40] =60 inv=false[0m
00004.953 [B/COM53] =60 inv=false[0m
00004.953 [A/COM40] =60 inv=false[0m
00004.953 [B/COM53] =60 inv=false[0m
00004.953 [A/COM40] =60 inv=false[0m
00004.968 [B/COM53] =60 inv=false[0m
00004.968 [A/COM40] =60 inv=false[0m
00004.968 [B/COM53] =60 inv=false[0m
00004.968 [A/COM40] =60 inv=false[0m
00004.968 [B/COM53] =60 inv=false[0m
00004.968 [A/COM40] =60 inv=false[0m
00004.968 [B/COM53] =60 inv=false[0m
00004.968 [A/COM40] =60 inv=false[0m
00004.968 [B/COM53] =60 inv=false[0m
00004.968 [A/COM40] =60 inv=false[0m
00004.968 [B/COM53] =60 inv=false[0m
00004.968 [A/COM40] =60 inv=false[0m
00004.968 [B/COM53] =60 inv=false[0m
00004.968 [A/COM40] =60 inv=false[0m
00004.968 [B/COM53] =60 inv=false[0m
00004.968 [A/COM40] =60 inv=false[0m
00004.968 [B/COM53] =60 inv=false[0m
00004.968 [B/COM53] =60 inv=false[0m
00004.968 [A/COM40] =60 inv=false[0m
00004.968 [A/COM40] =60 inv=false[0m
00004.968 [B/COM53] =60 inv=false[0m
00004.968 [B/COM53] =60 inv=false[0m
00004.968 [A/COM40] =60 inv=false[0m
00004.968 [B/COM53] =60 inv=false[0m
00004.968 [A/COM40] =60 inv=false[0m
00004.968 [A/COM40] =60 inv=false[0m
00004.968 [B/COM53] =60 inv=false[0m
00004.968 [A/COM40] =60 inv=false[0m
00004.968 [B/COM53] =60 inv=false[0m
00004.968 [A/COM40] =60 inv=false[0m
00004.968 [B/COM53] =60 inv=false[0m
00004.968 [A/COM40] =60 inv=false[0m
00004.968 [B/COM53] =60 inv=false[0m
00004.968 [A/COM40] =60 inv=false[0m
00004.968 [B/COM53] =60 inv=false[0m
00004.968 [A/COM40] =60 inv=false[0m
00004.968 [B/COM53] =60 inv=false[0m
00004.968 [A/COM40] =60 inv=false[0m
00004.968 [B/COM53] =60 inv=false[0m
00004.984 [A/COM40] =60 inv=false[0m
00004.984 [B/COM53] =60 inv=false[0m
00004.984 [A/COM40] =60 inv=false[0m
00004.984 [B/COM53] =60 inv=false[0m
00004.984 [A/COM40] =60 inv=false[0m
00004.984 [B/COM53] =60 inv=false[0m
00004.984 [A/COM40] =60 inv=false[0m
00004.984 [A/COM40] =60 inv=false[0m
00004.984 [B/COM53] =60 inv=false[0m
00004.984 [B/COM53] =60 inv=false[0m
00004.984 [A/COM40] =60 inv=false[0m
00004.984 [B/COM53] =60 inv=false[0m
00004.984 [A/COM40] =60 inv=false[0m
00004.984 [B/COM53] =60 inv=false[0m
00004.984 [A/COM40] =60 inv=false[0m
00004.984 [B/COM53] =60 inv=false[0m
00004.984 [A/COM40] =60 inv=false[0m
00004.984 [B/COM53] =60 inv=false[0m
00004.984 [A/COM40] =60 inv=false[0m
00004.984 [B/COM53] =60 inv=false[0m
00004.984 [A/COM40] =60 inv=false[0m
00004.984 [B/COM53] =60 inv=false[0m
00004.984 [A/COM40] =60 inv=false[0m
00004.984 [B/COM53] =60 inv=false[0m
00004.984 [A/COM40] =60 inv=false[0m
00004.984 [B/COM53] =60 inv=false[0m
00004.984 [A/COM40] =60 inv=false[0m
00004.984 [A/COM40] =60 inv=false[0m
00004.984 [B/COM53] =60 inv=false[0m
00004.984 [A/COM40] =60 inv=false[0m
00004.984 [B/COM53] =60 inv=false[0m
00004.984 [A/COM40] =60 inv=false[0m
00004.984 [B/COM53] =60 inv=false[0m
00004.984 [A/COM40] =60 inv=false[0m
00004.984 [B/COM53] =60 inv=false[0m
00004.984 [B/COM53] =60 inv=false[0m
00004.984 [A/COM40] =60 inv=false[0m
00004.984 [B/COM53] =60 inv=false[0m
00005.000 [A/COM40] =60 inv=false[0m
00005.000 [A/COM40] =60 inv=false[0m
00005.000 [B/COM53] =60 inv=false[0m
00005.000 [A/COM40] =60 inv=false[0m
00005.000 [B/COM53] =60 inv=false[0m
00005.000 [B/COM53] =60 inv=false[0m
00005.000 [A/COM40] =60 inv=false[0m
00005.000 [B/COM53] =60 inv=false[0m
00005.000 [A/COM40] =60 inv=false[0m
00005.000 [B/COM53] =60 inv=false[0m
00005.000 [A/COM40] =60 inv=false[0m
00005.000 [B/COM53] =60 inv=false[0m
00005.000 [A/COM40] =60 inv=false[0m
00005.000 [B/COM53] =60 inv=false[0m
00005.000 [A/COM40] =60 inv=false[0m
00005.000 [B/COM53] =60 inv=false[0m
00005.000 [A/COM40] =60 inv=false[0m
00005.000 [B/COM53] =60 inv=false[0m
00005.000 [A/COM40] =60 inv=false[0m
00005.000 [A/COM40] =60 inv=false[0m
00005.000 [B/COM53] =60 inv=false[0m
00005.000 [A/COM40] =60 inv=false[0m
00005.000 [B/COM53] =60 inv=false[0m
00005.000 [A/COM40] =60 inv=false[0m
00005.000 [B/COM53] =60 inv=false[0m
00005.000 [A/COM40] =60 inv=false[0m
00005.000 [B/COM53] =60 inv=false[0m
00005.000 [A/COM40] =60 inv=false[0m
00005.000 [A/COM40] =60 inv=false[0m
00005.000 [B/COM53] =60 inv=false[0m
00005.000 [A/COM40] =60 inv=false[0m
00005.000 [B/COM53] =60 inv=false[0m
00005.000 [A/COM40] =60 inv=false[0m
00005.000 [B/COM53] =60 inv=false[0m
00005.000 [A/COM40] =60 inv=false[0m
00005.000 [B/COM53] =60 inv=false[0m
00005.000 [A/COM40] =60 inv=false[0m
00005.000 [B/COM53] =60 inv=false[0m
00005.000 [A/COM40] =60 inv=false[0m
00005.015 [A/COM40] =60 inv=false[0m
00005.015 [B/COM53] =60 inv=false[0m
00005.015 [A/COM40] =60 inv=false[0m
00005.015 [B/COM53] =60 inv=false[0m
00005.015 [A/COM40] =60 inv=false[0m
00005.015 [B/COM53] =60 inv=false[0m
00005.015 [A/COM40] =60 inv=false[0m
00005.015 [B/COM53] =60 inv=false[0m
00005.015 [A/COM40] =60 inv=false[0m
00005.015 [B/COM53] =60 inv=false[0m
00005.015 [A/COM40] =60 inv=false[0m
00005.015 [B/COM53] =60 inv=false[0m
00005.015 [A/COM40] =60 inv=false[0m
00005.015 [B/COM53] =60 inv=false[0m
00005.015 [B/COM53] =60 inv=false[0m
00005.015 [A/COM40] =60 inv=false[0m
00005.015 [B/COM53] =60 inv=false[0m
00005.015 [A/COM40] =60 inv=false[0m
00005.015 [B/COM53] =60 inv=false[0m
00005.015 [A/COM40] =60 inv=false[0m
00005.015 [B/COM53] =60 inv=false[0m
00005.015 [B/COM53] =60 inv=false[0m
00005.015 [A/COM40] =60 inv=false[0m
00005.015 [B/COM53] =60 inv=false[0m
00005.015 [A/COM40] =60 inv=false[0m
00005.015 [B/COM53] =60 inv=false[0m
00005.015 [A/COM40] =60 inv=false[0m
00005.015 [B/COM53] =60 inv=false[0m
00005.015 [A/COM40] =60 inv=false[0m
00005.015 [B/COM53] =60 inv=false[0m
00005.015 [A/COM40] =60 inv=false[0m
00005.015 [B/COM53] =60 inv=false[0m
00005.015 [A/COM40] =60 inv=false[0m
00005.015 [B/COM53] =60 inv=false[0m
00005.015 [A/COM40] =60 inv=false[0m
00005.015 [B/COM53] =60 inv=false[0m
00005.015 [A/COM40] =60 inv=false[0m
00005.015 [B/COM53] =60 inv=false[0m
00005.015 [A/COM40] =60 inv=false[0m
00005.015 [B/COM53] =60 inv=false[0m
00005.031 [A/COM40] =60 inv=false[0m
00005.031 [B/COM53] =60 inv=false[0m
00005.031 [A/COM40] =60 inv=false[0m
00005.031 [B/COM53] =60 inv=false[0m
00005.031 [A/COM40] =60 inv=false[0m
00005.031 [B/COM53] =60 inv=false[0m
00005.031 [A/COM40] =60 inv=false[0m
00005.031 [B/COM53] =60 inv=false[0m
00005.031 [A/COM40] =60 inv=false[0m
00005.031 [B/COM53] =60 inv=false[0m
00005.031 [A/COM40] =60 inv=false[0m
00005.031 [B/COM53] =60 inv=false[0m
00005.031 [A/COM40] =60 inv=false[0m
00005.031 [B/COM53] =60 inv=false[0m
00005.031 [A/COM40] =60 inv=false[0m
00005.031 [B/COM53] =60 inv=false[0m
00005.031 [A/COM40] =60 inv=false[0m
00005.031 [B/COM53] =60 inv=false[0m
00005.031 [A/COM40] =60 inv=false[0m
00005.031 [B/COM53] =60 inv=false[0m
00005.031 [A/COM40] =60 inv=false[0m
00005.031 [B/COM53] =60 inv=false[0m
00005.031 [B/COM53] =60 inv=false[0m
00005.031 [A/COM40] =60 inv=false[0m
00005.031 [B/COM53] =60 inv=false[0m
00005.031 [A/COM40] =60 inv=false[0m
00005.031 [B/COM53] =60 inv=false[0m
00005.031 [A/COM40] =60 inv=false[0m
00005.031 [B/COM53] =60 inv=false[0m
00005.031 [A/COM40] =60 inv=false[0m
00005.031 [B/COM53] =60 inv=false[0m
00005.031 [A/COM40] =60 inv=false[0m
00005.031 [B/COM53] =60 inv=false[0m
00005.031 [A/COM40] =60 inv=false[0m
00005.031 [B/COM53] =60 inv=false[0m
00005.031 [A/COM40] =60 inv=false[0m
00005.031 [B/COM53] =60 inv=false[0m
00005.031 [A/COM40] =60 inv=false[0m
00005.031 [B/COM53] =60 inv=false[0m
00005.031 [A/COM40] =60 inv=false[0m
00005.031 [A/COM40] =60 inv=false[0m
00005.047 [B/COM53] =60 inv=false[0m
00005.047 [A/COM40] =60 inv=false[0m
00005.047 [A/COM40] =60 inv=false[0m
00005.047 [B/COM53] =60 inv=false[0m
00005.047 [A/COM40] =60 inv=false[0m
00005.047 [B/COM53] =60 inv=false[0m
00005.047 [A/COM40] =60 inv=false[0m
00005.047 [B/COM53] =60 inv=false[0m
00005.047 [A/COM40] =60 inv=false[0m
00005.047 [B/COM53] =60 inv=false[0m
00005.047 [A/COM40] =60 inv=false[0m
00005.047 [B/COM53] =60 inv=false[0m
00005.047 [A/COM40] =60 inv=false[0m
00005.047 [B/COM53] =60 inv=false[0m
00005.047 [A/COM40] =60 inv=false[0m
00005.047 [B/COM53] =60 inv=false[0m
00005.047 [A/COM40] =60 inv=false[0m
00005.047 [B/COM53] =60 inv=false[0m
00005.047 [A/COM40] =60 inv=false[0m
00005.047 [B/COM53] =60 inv=false[0m
00005.047 [A/COM40] =60 inv=false[0m
00005.047 [B/COM53] =60 inv=false[0m
00005.047 [A/COM40] =60 inv=false[0m
00005.047 [A/COM40] =60 inv=false[0m
00005.047 [B/COM53] =60 inv=false[0m
00005.047 [A/COM40] =60 inv=false[0m
00005.047 [A/COM40] =60 inv=false[0m
00005.047 [B/COM53] =60 inv=false[0m
00005.047 [A/COM40] =60 inv=false[0m
00005.047 [A/COM40] =60 inv=false[0m
00005.047 [B/COM53] =60 inv=false[0m
00005.047 [A/COM40] =60 inv=false[0m
00005.047 [B/COM53] =60 inv=false[0m
00005.047 [A/COM40] =60 inv=false[0m
00005.047 [B/COM53] =60 inv=false[0m
00005.047 [A/COM40] =60 inv=false[0m
00005.047 [B/COM53] =60 inv=false[0m
00005.062 [A/COM40] =60 inv=false[0m
00005.062 [B/COM53] =60 inv=false[0m
00005.062 [A/COM40] =60 inv=false[0m
00005.062 [B/COM53] =60 inv=false[0m
00005.062 [A/COM40] =60 inv=false[0m
00005.062 [B/COM53] =60 inv=false[0m
00005.062 [A/COM40] =60 inv=false[0m
00005.062 [B/COM53] =60 inv=false[0m
00005.062 [B/COM53] =60 inv=false[0m
00005.062 [A/COM40] =60 inv=false[0m
00005.062 [B/COM53] =60 inv=false[0m
00005.062 [A/COM40] =60 inv=false[0m
00005.062 [B/COM53] =60 inv=false[0m
00005.062 [A/COM40] =60 inv=false[0m
00005.062 [B/COM53] =60 inv=false[0m
00005.062 [A/COM40] =60 inv=false[0m
00005.062 [B/COM53] =60 inv=false[0m
00005.062 [B/COM53] =60 inv=false[0m
00005.062 [A/COM40] =60 inv=false[0m
00005.062 [A/COM40] =60 inv=false[0m
00005.062 [B/COM53] =60 inv=false[0m
00005.062 [B/COM53] =60 inv=false[0m
00005.062 [A/COM40] =60 inv=false[0m
00005.062 [B/COM53] =60 inv=false[0m
00005.062 [A/COM40] =60 inv=false[0m
00005.062 [B/COM53] =60 inv=false[0m
00005.062 [A/COM40] =60 inv=false[0m
00005.062 [B/COM53] =60 inv=false[0m
00005.062 [A/COM40] =60 inv=false[0m
00005.062 [B/COM53] =60 inv=false[0m
00005.062 [A/COM40] =60 inv=false[0m
00005.062 [B/COM53] =60 inv=false[0m
00005.062 [A/COM40] =60 inv=false[0m
00005.062 [B/COM53] =60 inv=false[0m
00005.062 [A/COM40] =60 inv=false[0m
00005.062 [B/COM53] =60 inv=false[0m
00005.062 [A/COM40] =60 inv=false[0m
00005.062 [B/COM53] =60 inv=false[0m
00005.062 [A/COM40] =60 inv=false[0m
00005.062 [B/COM53] =60 inv=false[0m
00005.062 [A/COM40] =60 inv=false[0m
00005.078 [B/COM53] =60 inv=false[0m
00005.078 [A/COM40] =60 inv=false[0m
00005.078 [B/COM53] =60 inv=false[0m
00005.078 [A/COM40] =60 inv=false[0m
00005.078 [B/COM53] =60 inv=false[0m
00005.078 [A/COM40] =60 inv=false[0m
00005.078 [B/COM53] =60 inv=false[0m
00005.078 [A/COM40] =60 inv=false[0m
00005.078 [B/COM53] =60 inv=false[0m
00005.078 [A/COM40] =60 inv=false[0m
00005.078 [B/COM53] =60 inv=false[0m
00005.078 [A/COM40] =60 inv=false[0m
00005.078 [B/COM53] =60 inv=false[0m
00005.078 [A/COM40] =60 inv=false[0m
00005.078 [B/COM53] =60 inv=false[0m
00005.078 [A/COM40] =60 inv=false[0m
00005.078 [B/COM53] =60 inv=false[0m
00005.078 [A/COM40] =60 inv=false[0m
00005.078 [B/COM53] =60 inv=false[0m
00005.078 [A/COM40] =60 inv=false[0m
00005.078 [B/COM53] =60 inv=false[0m
00005.078 [A/COM40] =60 inv=false[0m
00005.078 [B/COM53] =60 inv=false[0m
00005.078 [A/COM40] =60 inv=false[0m
00005.078 [B/COM53] =60 inv=false[0m
00005.078 [A/COM40] =60 inv=false[0m
00005.078 [B/COM53] =60 inv=false[0m
00005.078 [A/COM40] =60 inv=false[0m
00005.078 [B/COM53] =60 inv=false[0m
00005.078 [A/COM40] =60 inv=false[0m
00005.078 [B/COM53] =60 inv=false[0m
00005.078 [A/COM40] =60 inv=false[0m
00005.078 [B/COM53] =60 inv=false[0m
00005.078 [A/COM40] =60 inv=false[0m
00005.078 [B/COM53] =60 inv=false[0m
00005.078 [A/COM40] =60 inv=false[0m
00005.078 [B/COM53] =60 inv=false[0m
00005.078 [A/COM40] =60 inv=false[0m
00005.078 [B/COM53] =60 inv=false[0m
00005.078 [A/COM40] =60 inv=false[0m
00005.093 [B/COM53] =60 inv=false[0m
00005.093 [A/COM40] =60 inv=false[0m
00005.093 [B/COM53] =60 inv=false[0m
00005.093 [A/COM40] =60 inv=false[0m
00005.093 [B/COM53] =60 inv=false[0m
00005.093 [A/COM40] =60 inv=false[0m
00005.093 [B/COM53] =60 inv=false[0m
00005.093 [A/COM40] =60 inv=false[0m
00005.093 [B/COM53] =60 inv=false[0m
00005.093 [A/COM40] =60 inv=false[0m
00005.093 [B/COM53] =60 inv=false[0m
00005.093 [A/COM40] =60 inv=false[0m
00005.093 [B/COM53] =60 inv=false[0m
00005.093 [B/COM53] =60 inv=false[0m
00005.093 [A/COM40] =60 inv=false[0m
00005.093 [A/COM40] =60 inv=false[0m
00005.093 [B/COM53] =60 inv=false[0m
00005.093 [B/COM53] =60 inv=false[0m
00005.093 [A/COM40] =60 inv=false[0m
00005.093 [B/COM53] =60 inv=false[0m
00005.093 [A/COM40] =60 inv=false[0m
00005.093 [A/COM40] =60 inv=false[0m
00005.093 [B/COM53] =60 inv=false[0m
00005.093 [B/COM53] =60 inv=false[0m
00005.093 [A/COM40] =60 inv=false[0m
00005.093 [B/COM53] =60 inv=false[0m
00005.093 [A/COM40] =60 inv=false[0m
00005.093 [B/COM53] =60 inv=false[0m
00005.093 [A/COM40] =60 inv=false[0m
00005.093 [B/COM53] =60 inv=false[0m
00005.093 [A/COM40] =60 inv=false[0m
00005.093 [B/COM53] =60 inv=false[0m
00005.093 [A/COM40] =60 inv=false[0m
00005.093 [B/COM53] =60 inv=false[0m
00005.093 [A/COM40] =60 inv=false[0m
00005.093 [B/COM53] =60 inv=false[0m
00005.093 [A/COM40] =60 inv=false[0m
00005.093 [B/COM53] =60 inv=false[0m
00005.093 [A/COM40] =60 inv=false[0m
00005.109 [B/COM53] =60 inv=false[0m
00005.109 [A/COM40] =60 inv=false[0m
00005.109 [B/COM53] =60 inv=false[0m
00005.109 [A/COM40] =60 inv=false[0m
00005.109 [B/COM53] =60 inv=false[0m
00005.109 [A/COM40] =60 inv=false[0m
00005.109 [B/COM53] =60 inv=false[0m
00005.109 [A/COM40] =60 inv=false[0m
00005.109 [A/COM40] =60 inv=false[0m
00005.109 [B/COM53] =60 inv=false[0m
00005.109 [A/COM40] =60 inv=false[0m
00005.109 [B/COM53] =60 inv=false[0m
00005.109 [A/COM40] =60 inv=false[0m
00005.109 [A/COM40] =60 inv=false[0m
00005.109 [B/COM53] =60 inv=false[0m
00005.109 [B/COM53] =60 inv=false[0m
00005.109 [A/COM40] =60 inv=false[0m
00005.109 [B/COM53] =60 inv=false[0m
00005.109 [A/COM40] =60 inv=false[0m
00005.109 [B/COM53] =60 inv=false[0m
00005.109 [A/COM40] =60 inv=false[0m
00005.109 [B/COM53] =60 inv=false[0m
00005.109 [A/COM40] =60 inv=false[0m
00005.109 [B/COM53] =60 inv=false[0m
00005.109 [A/COM40] =60 inv=false[0m
00005.109 [B/COM53] =60 inv=false[0m
00005.109 [A/COM40] =60 inv=false[0m
00005.109 [B/COM53] =60 inv=false[0m
00005.109 [A/COM40] =60 inv=false[0m
00005.109 [B/COM53] =60 inv=false[0m
00005.109 [A/COM40] =60 inv=false[0m
00005.109 [B/COM53] =60 inv=false[0m
00005.109 [A/COM40] =60 inv=false[0m
00005.109 [B/COM53] =60 inv=false[0m
00005.109 [A/COM40] =60 inv=false[0m
00005.109 [B/COM53] =60 inv=false[0m
00005.109 [A/COM40] =60 inv=false[0m
00005.125 [B/COM53] =60 inv=false[0m
00005.125 [A/COM40] =60 inv=false[0m
00005.125 [B/COM53] =60 inv=false[0m
00005.125 [A/COM40] =60 inv=false[0m
00005.125 [B/COM53] =60 inv=false[0m
00005.125 [A/COM40] =60 inv=false[0m
00005.125 [B/COM53] =60 inv=false[0m
00005.125 [A/COM40] =60 inv=false[0m
00005.125 [B/COM53] =60 inv=false[0m
00005.125 [B/COM53] =60 inv=false[0m
00005.125 [A/COM40] =60 inv=false[0m
00005.125 [B/COM53] =60 inv=false[0m
00005.125 [A/COM40] =60 inv=false[0m
00005.125 [B/COM53] =60 inv=false[0m
00005.125 [A/COM40] =60 inv=false[0m
00005.125 [B/COM53] =60 inv=false[0m
00005.125 [A/COM40] =60 inv=false[0m
00005.125 [A/COM40] =60 inv=false[0m
00005.125 [B/COM53] =60 inv=false[0m
00005.125 [A/COM40] =60 inv=false[0m
00005.125 [B/COM53] =60 inv=false[0m
00005.125 [A/COM40] =60 inv=false[0m
00005.125 [B/COM53] =60 inv=false[0m
00005.125 [A/COM40] =60 inv=false[0m
00005.125 [B/COM53] =60 inv=false[0m
00005.125 [A/COM40] =60 inv=false[0m
00005.125 [B/COM53] =60 inv=false[0m
00005.125 [A/COM40] =60 inv=false[0m
00005.125 [B/COM53] =60 inv=false[0m
00005.125 [A/COM40] =60 inv=false[0m
00005.125 [B/COM53] =60 inv=false[0m
00005.125 [A/COM40] =60 inv=false[0m
00005.125 [B/COM53] =60 inv=false[0m
00005.125 [A/COM40] =60 inv=false[0m
00005.125 [B/COM53] =60 inv=false[0m
00005.125 [A/COM40] =60 inv=false[0m
00005.125 [B/COM53] =60 inv=false[0m
00005.125 [A/COM40] =60 inv=false[0m
00005.125 [B/COM53] =60 inv=false[0m
00005.125 [A/COM40] =60 inv=false[0m
00005.140 [B/COM53] =60 inv=false[0m
00005.140 [A/COM40] =60 inv=false[0m
00005.140 [B/COM53] =60 inv=false[0m
00005.140 [A/COM40] =60 inv=false[0m
00005.140 [B/COM53] =60 inv=false[0m
00005.140 [A/COM40] =60 inv=false[0m
00005.140 [B/COM53] =60 inv=false[0m
00005.140 [A/COM40] =60 inv=false[0m
00005.140 [B/COM53] =60 inv=false[0m
00005.140 [A/COM40] =60 inv=false[0m
00005.140 [B/COM53] =60 inv=false[0m
00005.140 [A/COM40] =60 inv=false[0m
00005.140 [B/COM53] =60 inv=false[0m
00005.140 [A/COM40] =60 inv=false[0m
00005.140 [B/COM53] =60 inv=false[0m
00005.140 [A/COM40] =60 inv=false[0m
00005.140 [B/COM53] =60 inv=false[0m
00005.140 [A/COM40] =60 inv=false[0m
00005.140 [B/COM53] =60 inv=false[0m
00005.140 [A/COM40] =60 inv=false[0m
00005.140 [B/COM53] =60 inv=false[0m
00005.140 [A/COM40] =60 inv=false[0m
00005.140 [B/COM53] =60 inv=false[0m
00005.140 [A/COM40] =60 inv=false[0m
00005.140 [B/COM53] =60 inv=false[0m
00005.140 [A/COM40] =60 inv=false[0m
00005.140 [A/COM40] =60 inv=false[0m
00005.140 [B/COM53] =60 inv=false[0m
00005.140 [A/COM40] =60 inv=false[0m
00005.140 [B/COM53] =60 inv=false[0m
00005.140 [B/COM53] =60 inv=false[0m
00005.140 [A/COM40] =60 inv=false[0m
00005.140 [B/COM53] =60 inv=false[0m
00005.140 [A/COM40] =60 inv=false[0m
00005.140 [B/COM53] =60 inv=false[0m
00005.140 [A/COM40] =60 inv=false[0m
00005.140 [B/COM53] =60 inv=false[0m
00005.156 [A/COM40] =60 inv=false[0m
00005.156 [B/COM53] =60 inv=false[0m
00005.156 [B/COM53] =60 inv=false[0m
00005.156 [A/COM40] =60 inv=false[0m
00005.156 [B/COM53] =60 inv=false[0m
00005.156 [A/COM40] =60 inv=false[0m
00005.156 [B/COM53] =60 inv=false[0m
00005.156 [A/COM40] =60 inv=false[0m
00005.156 [B/COM53] =60 inv=false[0m
00005.156 [A/COM40] =60 inv=false[0m
00005.156 [B/COM53] =60 inv=false[0m
00005.156 [A/COM40] =60 inv=false[0m
00005.156 [B/COM53] =60 inv=false[0m
00005.156 [A/COM40] =60 inv=false[0m
00005.156 [B/COM53] =60 inv=false[0m
00005.156 [A/COM40] =60 inv=false[0m
00005.156 [B/COM53] =60 inv=false[0m
00005.156 [A/COM40] =60 inv=false[0m
00005.156 [B/COM53] =60 inv=false[0m
00005.156 [A/COM40] =60 inv=false[0m
00005.156 [B/COM53] =60 inv=false[0m
00005.156 [A/COM40] =60 inv=false[0m
00005.156 [B/COM53] =60 inv=false[0m
00005.156 [A/COM40] =60 inv=false[0m
00005.156 [B/COM53] =60 inv=false[0m
00005.156 [A/COM40] =60 inv=false[0m
00005.156 [B/COM53] =60 inv=false[0m
00005.156 [A/COM40] =60 inv=false[0m
00005.156 [B/COM53] =60 inv=false[0m
00005.156 [A/COM40] =60 inv=false[0m
00005.156 [B/COM53] =60 inv=false[0m
00005.156 [B/COM53] =60 inv=false[0m
00005.156 [A/COM40] =60 inv=false[0m
00005.156 [B/COM53] =60 inv=false[0m
00005.156 [A/COM40] =60 inv=false[0m
00005.156 [B/COM53] =60 inv=false[0m
00005.156 [A/COM40] =60 inv=false[0m
00005.156 [B/COM53] =60 inv=false[0m
00005.156 [A/COM40] =60 inv=false[0m
00005.156 [B/COM53] =60 inv=false[0m
00005.156 [A/COM40] =60 inv=false[0m
00005.172 [B/COM53] =60 inv=false[0m
00005.172 [A/COM40] =60 inv=false[0m
00005.172 [B/COM53] =60 inv=false[0m
00005.172 [A/COM40] =60 inv=false[0m
00005.172 [B/COM53] =60 inv=false[0m
00005.172 [A/COM40] =60 inv=false[0m
00005.172 [B/COM53] =60 inv=false[0m
00005.172 [A/COM40] =60 inv=false[0m
00005.172 [B/COM53] =60 inv=false[0m
00005.172 [A/COM40] =60 inv=false[0m
00005.172 [B/COM53] =60 inv=false[0m
00005.172 [A/COM40] =60 inv=false[0m
00005.172 [A/COM40] =60 inv=false[0m
00005.172 [B/COM53] =60 inv=false[0m
00005.172 [A/COM40] =60 inv=false[0m
00005.172 [B/COM53] =60 inv=false[0m
00005.172 [A/COM40] =60 inv=false[0m
00005.172 [B/COM53] =60 inv=false[0m
00005.172 [A/COM40] =60 inv=false[0m
00005.172 [B/COM53] =60 inv=false[0m
00005.172 [A/COM40] =60 inv=false[0m
00005.172 [B/COM53] =60 inv=false[0m
00005.172 [A/COM40] =60 inv=false[0m
00005.172 [B/COM53] =60 inv=false[0m
00005.172 [A/COM40] =60 inv=false[0m
00005.172 [B/COM53] =60 inv=false[0m
00005.172 [A/COM40] =60 inv=false[0m
00005.172 [B/COM53] =60 inv=false[0m
00005.172 [A/COM40] =60 inv=false[0m
00005.172 [B/COM53] =60 inv=false[0m
00005.172 [A/COM40] =60 inv=false[0m
00005.172 [B/COM53] =60 inv=false[0m
00005.172 [A/COM40] =60 inv=false[0m
00005.172 [B/COM53] =60 inv=false[0m
00005.172 [A/COM40] =60 inv=false[0m
00005.172 [B/COM53] =60 inv=false[0m
00005.172 [A/COM40] =60 inv=false[0m
00005.172 [B/COM53] =60 inv=false[0m
00005.187 [A/COM40] =60 inv=false[0m
00005.187 [B/COM53] =60 inv=false[0m
00005.187 [A/COM40] =60 inv=false[0m
00005.187 [B/COM53] =60 inv=false[0m
00005.187 [A/COM40] =60 inv=false[0m
00005.187 [B/COM53] =60 inv=false[0m
00005.187 [A/COM40] =60 inv=false[0m
00005.187 [B/COM53] =60 inv=false[0m
00005.187 [B/COM53] =60 inv=false[0m
00005.187 [A/COM40] =60 inv=false[0m
00005.187 [B/COM53] =60 inv=false[0m
00005.187 [A/COM40] =60 inv=false[0m
00005.187 [B/COM53] =60 inv=false[0m
00005.187 [A/COM40] =60 inv=false[0m
00005.187 [A/COM40] =60 inv=false[0m
00005.187 [B/COM53] =60 inv=false[0m
00005.187 [B/COM53] =60 inv=false[0m
00005.187 [A/COM40] =60 inv=false[0m
00005.187 [B/COM53] =60 inv=false[0m
00005.187 [A/COM40] =60 inv=false[0m
00005.187 [A/COM40] =60 inv=false[0m
00005.187 [B/COM53] =60 inv=false[0m
00005.187 [A/COM40] =60 inv=false[0m
00005.187 [B/COM53] =60 inv=false[0m
00005.187 [A/COM40] =60 inv=false[0m
00005.187 [B/COM53] =60 inv=false[0m
00005.187 [A/COM40] =60 inv=false[0m
00005.187 [B/COM53] =60 inv=false[0m
00005.187 [A/COM40] =60 inv=false[0m
00005.187 [B/COM53] =60 inv=false[0m
00005.187 [A/COM40] =60 inv=false[0m
00005.187 [B/COM53] =60 inv=false[0m
00005.187 [A/COM40] =60 inv=false[0m
00005.187 [B/COM53] =60 inv=false[0m
00005.187 [A/COM40] =60 inv=false[0m
00005.187 [B/COM53] =60 inv=false[0m
00005.187 [A/COM40] =60 inv=false[0m
00005.187 [B/COM53] =60 inv=false[0m
00005.187 [A/COM40] =60 inv=false[0m
00005.187 [B/COM53] =60 inv=false[0m
00005.203 [B/COM53] =60 inv=false[0m
00005.203 [A/COM40] =60 inv=false[0m
00005.203 [B/COM53] =60 inv=false[0m
00005.203 [A/COM40] =60 inv=false[0m
00005.203 [A/COM40] =60 inv=false[0m
00005.203 [B/COM53] =60 inv=false[0m
00005.203 [A/COM40] =60 inv=false[0m
00005.203 [B/COM53] =60 inv=false[0m
00005.203 [B/COM53] =60 inv=false[0m
00005.203 [A/COM40] =60 inv=false[0m
00005.203 [A/COM40] =60 inv=false[0m
00005.203 [B/COM53] =60 inv=false[0m
00005.203 [A/COM40] =60 inv=false[0m
00005.203 [B/COM53] =60 inv=false[0m
00005.203 [A/COM40] =60 inv=false[0m
00005.203 [B/COM53] =60 inv=false[0m
00005.203 [A/COM40] =60 inv=false[0m
00005.203 [B/COM53] =60 inv=false[0m
00005.203 [A/COM40] =60 inv=false[0m
00005.203 [B/COM53] =60 inv=false[0m
00005.203 [A/COM40] =60 inv=false[0m
00005.203 [B/COM53] =60 inv=false[0m
00005.203 [B/COM53] =60 inv=false[0m
00005.203 [A/COM40] =60 inv=false[0m
00005.203 [A/COM40] =60 inv=false[0m
00005.203 [B/COM53] =60 inv=false[0m
00005.203 [B/COM53] =60 inv=false[0m
00005.203 [A/COM40] =60 inv=false[0m
00005.203 [B/COM53] =60 inv=false[0m
00005.203 [A/COM40] =60 inv=false[0m
00005.203 [B/COM53] =60 inv=false[0m
00005.203 [A/COM40] =60 inv=false[0m
00005.203 [B/COM53] =60 inv=false[0m
00005.203 [A/COM40] =60 inv=false[0m
00005.203 [B/COM53] =60 inv=false[0m
00005.203 [A/COM40] =60 inv=false[0m
00005.203 [B/COM53] =60 inv=false[0m
00005.203 [A/COM40] =60 inv=false[0m
00005.203 [B/COM53] =60 inv=false[0m
00005.203 [A/COM40] =60 inv=false[0m
00005.203 [B/COM53] =60 inv=false[0m
00005.218 [A/COM40] =60 inv=false[0m
00005.218 [B/COM53] =60 inv=false[0m
00005.218 [A/COM40] =60 inv=false[0m
00005.218 [B/COM53] =60 inv=false[0m
00005.218 [A/COM40] =60 inv=false[0m
00005.218 [B/COM53] =60 inv=false[0m
00005.218 [A/COM40] =60 inv=false[0m
00005.218 [B/COM53] =60 inv=false[0m
00005.218 [A/COM40] =60 inv=false[0m
00005.218 [B/COM53] =60 inv=false[0m
00005.218 [A/COM40] =60 inv=false[0m
00005.218 [B/COM53] =60 inv=false[0m
00005.218 [B/COM53] =60 inv=false[0m
00005.218 [A/COM40] =60 inv=false[0m
00005.218 [B/COM53] =60 inv=false[0m
00005.218 [A/COM40] =60 inv=false[0m
00005.218 [A/COM40] =60 inv=false[0m
00005.218 [B/COM53] =60 inv=false[0m
00005.218 [B/COM53] =60 inv=false[0m
00005.218 [A/COM40] =60 inv=false[0m
00005.218 [B/COM53] =60 inv=false[0m
00005.218 [A/COM40] =60 inv=false[0m
00005.218 [B/COM53] =60 inv=false[0m
00005.218 [A/COM40] =60 inv=false[0m
00005.218 [B/COM53] =60 inv=false[0m
00005.218 [A/COM40] =60 inv=false[0m
00005.218 [B/COM53] =60 inv=false[0m
00005.218 [A/COM40] =60 inv=false[0m
00005.218 [B/COM53] =60 inv=false[0m
00005.218 [A/COM40] =60 inv=false[0m
00005.218 [B/COM53] =60 inv=false[0m
00005.218 [A/COM40] =60 inv=false[0m
00005.218 [B/COM53] =60 inv=false[0m
00005.218 [A/COM40] =60 inv=false[0m
00005.218 [B/COM53] =60 inv=false[0m
00005.218 [A/COM40] =60 inv=false[0m
00005.218 [B/COM53] =60 inv=false[0m
00005.218 [A/COM40] =60 inv=false[0m
00005.234 [A/COM40] =60 inv=false[0m
00005.234 [B/COM53] =60 inv=false[0m
00005.234 [A/COM40] =60 inv=false[0m
00005.234 [B/COM53] =60 inv=false[0m
00005.234 [B/COM53] =60 inv=false[0m
00005.234 [A/COM40] =60 inv=false[0m
00005.234 [B/COM53] =60 inv=false[0m
00005.234 [A/COM40] =60 inv=false[0m
00005.234 [B/COM53] =60 inv=false[0m
00005.234 [A/COM40] =60 inv=false[0m
00005.234 [A/COM40] =60 inv=false[0m
00005.234 [B/COM53] =60 inv=false[0m
00005.234 [B/COM53] =60 inv=false[0m
00005.234 [A/COM40] =60 inv=false[0m
00005.234 [B/COM53] =60 inv=false[0m
00005.234 [A/COM40] =60 inv=false[0m
00005.234 [B/COM53] =60 inv=false[0m
00005.234 [A/COM40] =60 inv=false[0m
00005.234 [B/COM53] =60 inv=false[0m
00005.234 [A/COM40] =60 inv=false[0m
00005.234 [B/COM53] =60 inv=false[0m
00005.234 [A/COM40] =60 inv=false[0m
00005.234 [B/COM53] =60 inv=false[0m
00005.234 [A/COM40] =60 inv=false[0m
00005.234 [B/COM53] =60 inv=false[0m
00005.234 [A/COM40] =60 inv=false[0m
00005.234 [B/COM53] =60 inv=false[0m
00005.234 [A/COM40] =60 inv=false[0m
00005.234 [B/COM53] =60 inv=false[0m
00005.234 [A/COM40] =60 inv=false[0m
00005.234 [B/COM53] =60 inv=false[0m
00005.234 [A/COM40] =60 inv=false[0m
00005.234 [B/COM53] =60 inv=false[0m
00005.234 [A/COM40] =60 inv=false[0m
00005.234 [B/COM53] =60 inv=false[0m
00005.234 [A/COM40] =60 inv=false[0m
00005.234 [B/COM53] =60 inv=false[0m
00005.234 [A/COM40] =60 inv=false[0m
00005.234 [A/COM40] =60 inv=false[0m
00005.234 [B/COM53] =60 inv=false[0m
00005.250 [B/COM53] =60 inv=false[0m
00005.250 [A/COM40] =60 inv=false[0m
00005.250 [B/COM53] =60 inv=false[0m
00005.250 [A/COM40] =60 inv=false[0m
00005.250 [A/COM40] =60 inv=false[0m
00005.250 [B/COM53] =60 inv=false[0m
00005.250 [A/COM40] =60 inv=false[0m
00005.250 [B/COM53] =60 inv=false[0m
00005.250 [A/COM40] =60 inv=false[0m
00005.250 [B/COM53] =60 inv=false[0m
00005.250 [A/COM40] =60 inv=false[0m
00005.250 [B/COM53] =60 inv=false[0m
00005.250 [A/COM40] =60 inv=false[0m
00005.250 [B/COM53] =60 inv=false[0m
00005.250 [A/COM40] =60 inv=false[0m
00005.250 [B/COM53] =60 inv=false[0m
00005.250 [A/COM40] =60 inv=false[0m
00005.250 [B/COM53] =60 inv=false[0m
00005.250 [A/COM40] =60 inv=false[0m
00005.250 [B/COM53] =60 inv=false[0m
00005.250 [A/COM40] =60 inv=false[0m
00005.250 [B/COM53] =60 inv=false[0m
00005.250 [A/COM40] =60 inv=false[0m
00005.250 [B/COM53] =60 inv=false[0m
00005.250 [A/COM40] =60 inv=false[0m
00005.250 [B/COM53] =60 inv=false[0m
00005.250 [A/COM40] =60 inv=false[0m
00005.250 [B/COM53] =60 inv=false[0m
00005.250 [A/COM40] =60 inv=false[0m
00005.250 [B/COM53] =60 inv=false[0m
00005.250 [A/COM40] =60 inv=false[0m
00005.250 [B/COM53] =60 inv=false[0m
00005.250 [A/COM40] =60 inv=false[0m
00005.250 [B/COM53] =60 inv=false[0m
00005.250 [A/COM40] =60 inv=false[0m
00005.250 [B/COM53] =60 inv=false[0m
00005.250 [A/COM40] =60 inv=false[0m
00005.250 [A/COM40] =60 inv=false[0m
00005.250 [B/COM53] =60 inv=false[0m
00005.250 [B/COM53] =60 inv=false[0m
00005.250 [A/COM40] =60 inv=false[0m
00005.250 [B/COM53] =60 inv=false[0m
00005.265 [A/COM40] =60 inv=false[0m
00005.265 [A/COM40] =60 inv=false[0m
00005.265 [B/COM53] =60 inv=false[0m
00005.265 [A/COM40] =60 inv=false[0m
00005.265 [B/COM53] =60 inv=false[0m
00005.265 [A/COM40] =60 inv=false[0m
00005.265 [B/COM53] =60 inv=false[0m
00005.265 [A/COM40] =60 inv=false[0m
00005.265 [B/COM53] =60 inv=false[0m
00005.265 [A/COM40] =60 inv=false[0m
00005.265 [B/COM53] =60 inv=false[0m
00005.265 [A/COM40] =60 inv=false[0m
00005.265 [A/COM40] =60 inv=false[0m
00005.265 [B/COM53] =60 inv=false[0m
00005.265 [A/COM40] =60 inv=false[0m
00005.265 [B/COM53] =60 inv=false[0m
00005.265 [A/COM40] =60 inv=false[0m
00005.265 [B/COM53] =60 inv=false[0m
00005.265 [A/COM40] =60 inv=false[0m
00005.265 [B/COM53] =60 inv=false[0m
00005.265 [A/COM40] =60 inv=false[0m
00005.265 [A/COM40] =60 inv=false[0m
00005.265 [B/COM53] =60 inv=false[0m
00005.265 [A/COM40] =60 inv=false[0m
00005.265 [B/COM53] =60 inv=false[0m
00005.265 [A/COM40] =60 inv=false[0m
00005.265 [A/COM40] =60 inv=false[0m
00005.265 [B/COM53] =60 inv=false[0m
00005.265 [A/COM40] =60 inv=false[0m
00005.265 [B/COM53] =60 inv=false[0m
00005.265 [A/COM40] =60 inv=false[0m
00005.265 [A/COM40] =60 inv=false[0m
00005.265 [B/COM53] =60 inv=false[0m
00005.265 [A/COM40] =60 inv=false[0m
00005.265 [B/COM53] =60 inv=false[0m
00005.265 [A/COM40] =60 inv=false[0m
00005.265 [B/COM53] =60 inv=false[0m
00005.265 [A/COM40] =60 inv=false[0m
00005.265 [A/COM40] =60 inv=false[0m
00005.265 [B/COM53] =60 inv=false[0m
00005.281 [B/COM53] =60 inv=false[0m
00005.281 [A/COM40] =60 inv=false[0m
00005.281 [B/COM53] =60 inv=false[0m
00005.281 [A/COM40] =60 inv=false[0m
00005.281 [B/COM53] =60 inv=false[0m
00005.281 [A/COM40] =60 inv=false[0m
00005.281 [B/COM53] =60 inv=false[0m
00005.281 [A/COM40] =60 inv=false[0m
00005.281 [B/COM53] =60 inv=false[0m
00005.281 [A/COM40] =60 inv=false[0m
00005.281 [B/COM53] =60 inv=false[0m
00005.281 [A/COM40] =60 inv=false[0m
00005.281 [B/COM53] =60 inv=false[0m
00005.281 [A/COM40] =60 inv=false[0m
00005.281 [B/COM53] =60 inv=false[0m
00005.281 [A/COM40] =60 inv=false[0m
00005.281 [B/COM53] =60 inv=false[0m
00005.281 [A/COM40] =60 inv=false[0m
00005.281 [B/COM53] =60 inv=false[0m
00005.281 [A/COM40] =60 inv=false[0m
00005.281 [B/COM53] =60 inv=false[0m
00005.281 [A/COM40] =60 inv=false[0m
00005.281 [B/COM53] =60 inv=false[0m
00005.281 [A/COM40] =60 inv=false[0m
00005.281 [B/COM53] =60 inv=false[0m
00005.281 [A/COM40] =60 inv=false[0m
00005.281 [B/COM53] =60 inv=false[0m
00005.281 [A/COM40] =60 inv=false[0m
00005.281 [B/COM53] =60 inv=false[0m
00005.281 [A/COM40] =60 inv=false[0m
00005.281 [B/COM53] =60 inv=false[0m
00005.281 [A/COM40] =60 inv=false[0m
00005.281 [B/COM53] =60 inv=false[0m
00005.281 [A/COM40] =60 inv=false[0m
00005.281 [B/COM53] =60 inv=false[0m
00005.281 [A/COM40] =60 inv=false[0m
00005.281 [B/COM53] =60 inv=false[0m
00005.281 [A/COM40] =60 inv=false[0m
00005.281 [B/COM53] =60 inv=false[0m
00005.281 [A/COM40] =60 inv=false[0m
00005.281 [B/COM53] =60 inv=false[0m
00005.297 [A/COM40] =60 inv=false[0m
00005.297 [B/COM53] =60 inv=false[0m
00005.297 [A/COM40] =60 inv=false[0m
00005.297 [B/COM53] =60 inv=false[0m
00005.297 [A/COM40] =60 inv=false[0m
00005.297 [B/COM53] =60 inv=false[0m
00005.297 [A/COM40] =60 inv=false[0m
00005.297 [B/COM53] =60 inv=false[0m
00005.297 [A/COM40] =60 inv=false[0m
00005.297 [B/COM53] =60 inv=false[0m
00005.297 [A/COM40] =60 inv=false[0m
00005.297 [B/COM53] =60 inv=false[0m
00005.297 [A/COM40] =60 inv=false[0m
00005.297 [B/COM53] =60 inv=false[0m
00005.297 [A/COM40] =60 inv=false[0m
00005.297 [B/COM53] =60 inv=false[0m
00005.297 [A/COM40] =60 inv=false[0m
00005.297 [B/COM53] =60 inv=false[0m
00005.297 [A/COM40] =60 inv=false[0m
00005.297 [B/COM53] =60 inv=false[0m
00005.297 [A/COM40] =60 inv=false[0m
00005.297 [B/COM53] =60 inv=false[0m
00005.297 [A/COM40] =60 inv=false[0m
00005.297 [B/COM53] =60 inv=false[0m
00005.297 [A/COM40] =60 inv=false[0m
00005.297 [B/COM53] =60 inv=false[0m
00005.297 [A/COM40] =60 inv=false[0m
00005.297 [B/COM53] =60 inv=false[0m
00005.297 [A/COM40] =60 inv=false[0m
00005.297 [B/COM53] =60 inv=false[0m
00005.297 [A/COM40] =60 inv=false[0m
00005.297 [A/COM40] =60 inv=false[0m
00005.297 [B/COM53] =60 inv=false[0m
00005.297 [A/COM40] =60 inv=false[0m
00005.297 [B/COM53] =60 inv=false[0m
00005.297 [A/COM40] =60 inv=false[0m
00005.297 [B/COM53] =60 inv=false[0m
00005.297 [A/COM40] =60 inv=false[0m
00005.297 [B/COM53] =60 inv=false[0m
00005.312 [A/COM40] =60 inv=false[0m
00005.312 [B/COM53] =60 inv=false[0m
00005.312 [A/COM40] =60 inv=false[0m
00005.312 [B/COM53] =60 inv=false[0m
00005.312 [A/COM40] =60 inv=false[0m
00005.312 [B/COM53] =60 inv=false[0m
00005.312 [A/COM40] =60 inv=false[0m
00005.312 [B/COM53] =60 inv=false[0m
00005.312 [A/COM40] =60 inv=false[0m
00005.312 [B/COM53] =60 inv=false[0m
00005.312 [A/COM40] =60 inv=false[0m
00005.312 [B/COM53] =60 inv=false[0m
00005.312 [A/COM40] =60 inv=false[0m
00005.312 [B/COM53] =60 inv=false[0m
00005.312 [A/COM40] =60 inv=false[0m
00005.312 [B/COM53] =60 inv=false[0m
00005.312 [A/COM40] =60 inv=false[0m
00005.312 [B/COM53] =60 inv=false[0m
00005.312 [A/COM40] =60 inv=false[0m
00005.312 [B/COM53] =60 inv=false[0m
00005.312 [A/COM40] =60 inv=false[0m
00005.312 [B/COM53] =60 inv=false[0m
00005.312 [A/COM40] =60 inv=false[0m
00005.312 [B/COM53] =60 inv=false[0m
00005.312 [B/COM53] =60 inv=false[0m
00005.312 [A/COM40] =60 inv=false[0m
00005.312 [B/COM53] =60 inv=false[0m
00005.312 [A/COM40] =60 inv=false[0m
00005.312 [B/COM53] =60 inv=false[0m
00005.312 [A/COM40] =60 inv=false[0m
00005.312 [B/COM53] =60 inv=false[0m
00005.312 [A/COM40] =60 inv=false[0m
00005.312 [B/COM53] =60 inv=false[0m
00005.312 [A/COM40] =60 inv=false[0m
00005.312 [B/COM53] =60 inv=false[0m
00005.312 [A/COM40] =60 inv=false[0m
00005.312 [B/COM53] =60 inv=false[0m
00005.328 [B/COM53] =60 inv=false[0m
00005.328 [A/COM40] =60 inv=false[0m
00005.328 [B/COM53] =60 inv=false[0m
00005.328 [A/COM40] =60 inv=false[0m
00005.328 [B/COM53] =60 inv=false[0m
00005.328 [A/COM40] =60 inv=false[0m
00005.328 [B/COM53] =60 inv=false[0m
00005.328 [B/COM53] =60 inv=false[0m
00005.328 [A/COM40] =60 inv=false[0m
00005.328 [B/COM53] =60 inv=false[0m
00005.328 [A/COM40] =60 inv=false[0m
00005.328 [B/COM53] =60 inv=false[0m
00005.328 [A/COM40] =60 inv=false[0m
00005.328 [B/COM53] =60 inv=false[0m
00005.328 [A/COM40] =60 inv=false[0m
00005.328 [B/COM53] =60 inv=false[0m
00005.328 [B/COM53] =60 inv=false[0m
00005.328 [A/COM40] =60 inv=false[0m
00005.328 [B/COM53] =60 inv=false[0m
00005.328 [A/COM40] =60 inv=false[0m
00005.328 [A/COM40] =60 inv=false[0m
00005.328 [B/COM53] =60 inv=false[0m
00005.328 [B/COM53] =60 inv=false[0m
00005.328 [A/COM40] =60 inv=false[0m
00005.328 [B/COM53] =60 inv=false[0m
00005.328 [A/COM40] =60 inv=false[0m
00005.328 [B/COM53] =60 inv=false[0m
00005.328 [A/COM40] =60 inv=false[0m
00005.328 [B/COM53] =60 inv=false[0m
00005.328 [A/COM40] =60 inv=false[0m
00005.328 [B/COM53] =60 inv=false[0m
00005.328 [B/COM53] =60 inv=false[0m
00005.328 [A/COM40] =60 inv=false[0m
00005.328 [B/COM53] =60 inv=false[0m
00005.328 [A/COM40] =60 inv=false[0m
00005.328 [B/COM53] =60 inv=false[0m
00005.328 [B/COM53] =60 inv=false[0m
00005.328 [A/COM40] =60 inv=false[0m
00005.328 [B/COM53] =60 inv=false[0m
00005.343 [A/COM40] =60 inv=false[0m
00005.343 [B/COM53] =60 inv=false[0m
00005.343 [B/COM53] =60 inv=false[0m
00005.343 [A/COM40] =60 inv=false[0m
00005.343 [B/COM53] =60 inv=false[0m
00005.343 [A/COM40] =60 inv=false[0m
00005.343 [B/COM53] =60 inv=false[0m
00005.343 [A/COM40] =60 inv=false[0m
00005.343 [B/COM53] =60 inv=false[0m
00005.343 [B/COM53] =60 inv=false[0m
00005.343 [A/COM40] =60 inv=false[0m
00005.343 [B/COM53] =60 inv=false[0m
00005.343 [A/COM40] =60 inv=false[0m
00005.343 [B/COM53] =60 inv=false[0m
00005.343 [B/COM53] =60 inv=false[0m
00005.343 [A/COM40] =60 inv=false[0m
00005.343 [B/COM53] =60 inv=false[0m
00005.343 [A/COM40] =60 inv=false[0m
00005.343 [B/COM53] =60 inv=false[0m
00005.343 [A/COM40] =60 inv=false[0m
00005.343 [B/COM53] =60 inv=false[0m
00005.343 [A/COM40] =60 inv=false[0m
00005.343 [B/COM53] =60 inv=false[0m
00005.343 [A/COM40] =60 inv=false[0m
00005.343 [B/COM53] =60 inv=false[0m
00005.343 [A/COM40] =60 inv=false[0m
00005.343 [B/COM53] =60 inv=false[0m
00005.343 [B/COM53] =60 inv=false[0m
00005.343 [A/COM40] =60 inv=false[0m
00005.343 [B/COM53] =60 inv=false[0m
00005.343 [A/COM40] =60 inv=false[0m
00005.343 [B/COM53] =60 inv=false[0m
00005.343 [A/COM40] =60 inv=false[0m
00005.343 [B/COM53] =60 inv=false[0m
00005.343 [B/COM53] =60 inv=false[0m
00005.343 [A/COM40] =60 inv=false[0m
00005.343 [B/COM53] =60 inv=false[0m
00005.343 [B/COM53] =60 inv=false[0m
00005.343 [A/COM40] =60 inv=false[0m
00005.343 [B/COM53] =60 inv=false[0m
00005.359 [A/COM40] =60 inv=false[0m
00005.359 [B/COM53] =60 inv=false[0m
00005.359 [A/COM40] =60 inv=false[0m
00005.359 [A/COM40] =60 inv=false[0m
00005.359 [B/COM53] =60 inv=false[0m
00005.359 [B/COM53] =60 inv=false[0m
00005.359 [A/COM40] =60 inv=false[0m
00005.359 [B/COM53] =60 inv=false[0m
00005.359 [B/COM53] =60 inv=false[0m
00005.359 [A/COM40] =60 inv=false[0m
00005.359 [B/COM53] =60 inv=false[0m
00005.359 [B/COM53] =60 inv=false[0m
00005.359 [A/COM40] =60 inv=false[0m
00005.359 [B/COM53] =60 inv=false[0m
00005.359 [B/COM53] =60 inv=false[0m
00005.359 [A/COM40] =60 inv=false[0m
00005.359 [B/COM53] =60 inv=false[0m
00005.359 [A/COM40] =60 inv=false[0m
00005.359 [B/COM53] =60 inv=false[0m
00005.359 [A/COM40] =60 inv=false[0m
00005.359 [B/COM53] =60 inv=false[0m
00005.359 [B/COM53] =60 inv=false[0m
00005.359 [A/COM40] =60 inv=false[0m
00005.359 [B/COM53] =60 inv=false[0m
00005.359 [B/COM53] =60 inv=false[0m
00005.359 [A/COM40] =60 inv=false[0m
00005.359 [B/COM53] =60 inv=false[0m
00005.359 [A/COM40] =60 inv=false[0m
00005.359 [B/COM53] =60 inv=false[0m
00005.359 [B/COM53] =60 inv=false[0m
00005.359 [A/COM40] =60 inv=false[0m
00005.359 [B/COM53] =60 inv=false[0m
00005.359 [A/COM40] =60 inv=false[0m
00005.359 [B/COM53] =60 inv=false[0m
00005.359 [B/COM53] =60 inv=false[0m
00005.359 [A/COM40] =60 inv=false[0m
00005.359 [B/COM53] =60 inv=false[0m
00005.359 [A/COM40] =60 inv=false[0m
00005.359 [B/COM53] =60 inv=false[0m
00005.359 [A/COM40] =60 inv=false[0m
00005.375 [B/COM53] =60 inv=false[0m
00005.375 [A/COM40] =60 inv=false[0m
00005.375 [B/COM53] =60 inv=false[0m
00005.375 [A/COM40] =60 inv=false[0m
00005.375 [B/COM53] =60 inv=false[0m
00005.375 [B/COM53] =60 inv=false[0m
00005.375 [A/COM40] =60 inv=false[0m
00005.375 [B/COM53] =60 inv=false[0m
00005.375 [A/COM40] =60 inv=false[0m
00005.375 [B/COM53] =60 inv=false[0m
00005.375 [A/COM40] =60 inv=false[0m
00005.375 [B/COM53] =60 inv=false[0m
00005.375 [A/COM40] =60 inv=false[0m
00005.375 [B/COM53] =60 inv=false[0m
00005.375 [B/COM53] =60 inv=false[0m
00005.375 [A/COM40] =60 inv=false[0m
00005.375 [B/COM53] =60 inv=false[0m
00005.375 [A/COM40] =60 inv=false[0m
00005.375 [B/COM53] =60 inv=false[0m
00005.375 [B/COM53] =60 inv=false[0m
00005.375 [A/COM40] =60 inv=false[0m
00005.375 [B/COM53] =60 inv=false[0m
00005.375 [B/COM53] =60 inv=false[0m
00005.375 [A/COM40] =60 inv=false[0m
00005.375 [B/COM53] =60 inv=false[0m
00005.375 [A/COM40] =60 inv=false[0m
00005.375 [B/COM53] =60 inv=false[0m
00005.375 [A/COM40] =60 inv=false[0m
00005.375 [B/COM53] =60 inv=false[0m
00005.375 [A/COM40] =60 inv=false[0m
00005.375 [B/COM53] =60 inv=false[0m
00005.375 [B/COM53] =60 inv=false[0m
00005.375 [A/COM40] =60 inv=false[0m
00005.375 [B/COM53] =60 inv=false[0m
00005.375 [A/COM40] =60 inv=false[0m
00005.375 [B/COM53] =60 inv=false[0m
00005.375 [A/COM40] =60 inv=false[0m
00005.375 [B/COM53] =60 inv=false[0m
00005.375 [A/COM40] =60 inv=false[0m
00005.390 [B/COM53] =60 inv=false[0m
00005.390 [B/COM53] =60 inv=false[0m
00005.390 [A/COM40] =60 inv=false[0m
00005.390 [B/COM53] =60 inv=false[0m
00005.390 [B/COM53] =60 inv=false[0m
00005.390 [A/COM40] =60 inv=false[0m
00005.390 [B/COM53] =60 inv=false[0m
00005.390 [A/COM40] =60 inv=false[0m
00005.390 [B/COM53] =60 inv=false[0m
00005.390 [A/COM40] =60 inv=false[0m
00005.390 [B/COM53] =60 inv=false[0m
00005.390 [A/COM40] =60 inv=false[0m
00005.390 [B/COM53] =60 inv=false[0m
00005.390 [A/COM40] =60 inv=false[0m
00005.390 [B/COM53] =60 inv=false[0m
00005.390 [A/COM40] =60 inv=false[0m
00005.390 [B/COM53] =60 inv=false[0m
00005.390 [A/COM40] =60 inv=false[0m
00005.390 [B/COM53] =60 inv=false[0m
00005.390 [A/COM40] =60 inv=false[0m
00005.390 [B/COM53] =60 inv=false[0m
00005.390 [B/COM53] =60 inv=false[0m
00005.390 [A/COM40] =60 inv=false[0m
00005.390 [B/COM53] =60 inv=false[0m
00005.390 [A/COM40] =60 inv=false[0m
00005.390 [B/COM53] =60 inv=false[0m
00005.390 [B/COM53] =60 inv=false[0m
00005.390 [A/COM40] =60 inv=false[0m
00005.390 [B/COM53] =60 inv=false[0m
00005.390 [A/COM40] =60 inv=false[0m
00005.390 [B/COM53] =60 inv=false[0m
00005.390 [B/COM53] =60 inv=false[0m
00005.390 [A/COM40] =60 inv=false[0m
00005.390 [B/COM53] =60 inv=false[0m
00005.390 [A/COM40] =60 inv=false[0m
00005.390 [B/COM53] =60 inv=false[0m
00005.390 [A/COM40] =60 inv=false[0m
00005.390 [B/COM53] =60 inv=false[0m
00005.390 [B/COM53] =60 inv=false[0m
00005.406 [A/COM40] =60 inv=false[0m
00005.406 [B/COM53] =60 inv=false[0m
00005.406 [B/COM53] =60 inv=false[0m
00005.406 [A/COM40] =60 inv=false[0m
00005.406 [B/COM53] =60 inv=false[0m
00005.406 [B/COM53] =60 inv=false[0m
00005.406 [A/COM40] =60 inv=false[0m
00005.406 [B/COM53] =60 inv=false[0m
00005.406 [A/COM40] =60 inv=false[0m
00005.406 [B/COM53] =60 inv=false[0m
00005.406 [B/COM53] =60 inv=false[0m
00005.406 [A/COM40] =60 inv=false[0m
00005.406 [B/COM53] =60 inv=false[0m
00005.406 [A/COM40] =60 inv=false[0m
00005.406 [B/COM53] =60 inv=false[0m
00005.406 [A/COM40] =60 inv=false[0m
00005.406 [B/COM53] =60 inv=false[0m
00005.406 [B/COM53] =60 inv=false[0m
00005.406 [A/COM40] =60 inv=false[0m
00005.406 [B/COM53] =60 inv=false[0m
00005.406 [A/COM40] =60 inv=false[0m
00005.406 [B/COM53] =60 inv=false[0m
00005.406 [A/COM40] =60 inv=false[0m
00005.406 [B/COM53] =60 inv=false[0m
00005.406 [A/COM40] =60 inv=false[0m
00005.406 [B/COM53] =60 inv=false[0m
00005.406 [B/COM53] =60 inv=false[0m
00005.406 [A/COM40] =60 inv=false[0m
00005.406 [B/COM53] =60 inv=false[0m
00005.406 [A/COM40] =60 inv=false[0m
00005.406 [B/COM53] =60 inv=false[0m
00005.406 [B/COM53] =60 inv=false[0m
00005.406 [A/COM40] =60 inv=false[0m
00005.406 [B/COM53] =60 inv=false[0m
00005.406 [A/COM40] =60 inv=false[0m
00005.406 [B/COM53] =60 inv=false[0m
00005.406 [A/COM40] =60 inv=false[0m
00005.406 [B/COM53] =60 inv=false[0m
00005.422 [B/COM53] =60 inv=false[0m
00005.422 [A/COM40] =60 inv=false[0m
00005.422 [B/COM53] =60 inv=false[0m
00005.422 [A/COM40] =60 inv=false[0m
00005.422 [B/COM53] =60 inv=false[0m
00005.422 [B/COM53] =60 inv=false[0m
00005.422 [A/COM40] =60 inv=false[0m
00005.422 [B/COM53] =60 inv=false[0m
00005.422 [A/COM40] =60 inv=false[0m
00005.422 [B/COM53] =60 inv=false[0m
00005.422 [A/COM40] =60 inv=false[0m
00005.422 [B/COM53] =60 inv=false[0m
00005.422 [B/COM53] =60 inv=false[0m
00005.422 [A/COM40] =60 inv=false[0m
00005.422 [B/COM53] =60 inv=false[0m
00005.422 [B/COM53] =60 inv=false[0m
00005.422 [A/COM40] =60 inv=false[0m
00005.422 [B/COM53] =60 inv=false[0m
00005.422 [B/COM53] =60 inv=false[0m
00005.422 [A/COM40] =60 inv=false[0m
00005.422 [B/COM53] =60 inv=false[0m
00005.422 [A/COM40] =60 inv=false[0m
00005.422 [B/COM53] =60 inv=false[0m
00005.422 [A/COM40] =60 inv=false[0m
00005.422 [B/COM53] =60 inv=false[0m
00005.422 [A/COM40] =60 inv=false[0m
00005.422 [B/COM53] =60 inv=false[0m
00005.422 [B/COM53] =60 inv=false[0m
00005.422 [A/COM40] =60 inv=false[0m
00005.422 [B/COM53] =60 inv=false[0m
00005.422 [B/COM53] =60 inv=false[0m
00005.422 [A/COM40] =60 inv=false[0m
00005.422 [B/COM53] =60 inv=false[0m
00005.422 [A/COM40] =60 inv=false[0m
00005.422 [B/COM53] =60 inv=false[0m
00005.422 [B/COM53] =60 inv=false[0m
00005.422 [A/COM40] =60 inv=false[0m
00005.422 [B/COM53] =60 inv=false[0m
00005.422 [A/COM40] =60 inv=false[0m
00005.422 [B/COM53] =60 inv=false[0m
00005.422 [B/COM53] =60 inv=false[0m
00005.422 [A/COM40] =60 inv=false[0m
00005.422 [B/COM53] =60 inv=false[0m
00005.437 [A/COM40] =60 inv=false[0m
00005.437 [B/COM53] =60 inv=false[0m
00005.437 [B/COM53] =60 inv=false[0m
00005.437 [A/COM40] =60 inv=false[0m
00005.437 [B/COM53] =60 inv=false[0m
00005.437 [A/COM40] =60 inv=false[0m
00005.437 [B/COM53] =60 inv=false[0m
00005.437 [A/COM40] =60 inv=false[0m
00005.437 [B/COM53] =60 inv=false[0m
00005.437 [A/COM40] =60 inv=false[0m
00005.437 [B/COM53] =60 inv=false[0m
00005.437 [B/COM53] =60 inv=false[0m
00005.437 [A/COM40] =60 inv=false[0m
00005.437 [B/COM53] =60 inv=false[0m
00005.437 [A/COM40] =60 inv=false[0m
00005.437 [B/COM53] =60 inv=false[0m
00005.437 [B/COM53] =60 inv=false[0m
00005.437 [A/COM40] =60 inv=false[0m
00005.437 [B/COM53] =60 inv=false[0m
00005.437 [A/COM40] =60 inv=false[0m
00005.437 [B/COM53] =60 inv=false[0m
00005.437 [A/COM40] =60 inv=false[0m
00005.437 [B/COM53] =60 inv=false[0m
00005.437 [A/COM40] =60 inv=false[0m
00005.437 [B/COM53] =60 inv=false[0m
00005.437 [B/COM53] =60 inv=false[0m
00005.437 [A/COM40] =60 inv=false[0m
00005.437 [B/COM53] =60 inv=false[0m
00005.437 [A/COM40] =60 inv=false[0m
00005.437 [B/COM53] =60 inv=false[0m
00005.437 [A/COM40] =60 inv=false[0m
00005.437 [B/COM53] =60 inv=false[0m
00005.437 [A/COM40] =60 inv=false[0m
00005.437 [B/COM53] =60 inv=false[0m
00005.437 [A/COM40] =60 inv=false[0m
00005.437 [B/COM53] =60 inv=false[0m
00005.437 [A/COM40] =60 inv=false[0m
00005.437 [B/COM53] =60 inv=false[0m
00005.453 [B/COM53] =60 inv=false[0m
00005.453 [A/COM40] =60 inv=false[0m
00005.453 [B/COM53] =60 inv=false[0m
00005.453 [A/COM40] =60 inv=false[0m
00005.453 [B/COM53] =60 inv=false[0m
00005.453 [B/COM53] =60 inv=false[0m
00005.453 [A/COM40] =60 inv=false[0m
00005.453 [B/COM53] =60 inv=false[0m
00005.453 [A/COM40] =60 inv=false[0m
00005.453 [B/COM53] =60 inv=false[0m
00005.453 [A/COM40] =60 inv=false[0m
00005.453 [A/COM40] =60 inv=false[0m
00005.453 [B/COM53] =60 inv=false[0m
00005.453 [B/COM53] =60 inv=false[0m
00005.453 [A/COM40] =60 inv=false[0m
00005.453 [B/COM53] =60 inv=false[0m
00005.453 [A/COM40] =60 inv=false[0m
00005.453 [B/COM53] =60 inv=false[0m
00005.453 [B/COM53] =60 inv=false[0m
00005.453 [A/COM40] =60 inv=false[0m
00005.453 [B/COM53] =60 inv=false[0m
00005.453 [B/COM53] =60 inv=false[0m
00005.453 [A/COM40] =60 inv=false[0m
00005.453 [B/COM53] =60 inv=false[0m
00005.453 [B/COM53] =60 inv=false[0m
00005.453 [A/COM40] =60 inv=false[0m
00005.453 [B/COM53] =60 inv=false[0m
00005.453 [A/COM40] =60 inv=false[0m
00005.453 [B/COM53] =60 inv=false[0m
00005.453 [A/COM40] =60 inv=false[0m
00005.453 [B/COM53] =60 inv=false[0m
00005.453 [B/COM53] =60 inv=false[0m
00005.453 [A/COM40] =60 inv=false[0m
00005.453 [B/COM53] =60 inv=false[0m
00005.453 [A/COM40] =60 inv=false[0m
00005.453 [B/COM53] =60 inv=false[0m
00005.453 [A/COM40] =60 inv=false[0m
00005.468 [B/COM53] =60 inv=false[0m
00005.468 [A/COM40] =60 inv=false[0m
00005.468 [B/COM53] =60 inv=false[0m
00005.468 [A/COM40] =60 inv=false[0m
00005.468 [B/COM53] =60 inv=false[0m
00005.468 [A/COM40] =60 inv=false[0m
00005.468 [B/COM53] =60 inv=false[0m
00005.468 [A/COM40] =60 inv=false[0m
00005.468 [B/COM53] =60 inv=false[0m
00005.468 [A/COM40] =60 inv=false[0m
00005.468 [B/COM53] =60 inv=false[0m
00005.468 [B/COM53] =60 inv=false[0m
00005.468 [A/COM40] =60 inv=false[0m
00005.468 [A/COM40] =60 inv=false[0m
00005.468 [A/COM40] =60 inv=false[0m
00005.468 [A/COM40] =60 inv=false[0m
00005.468 [A/COM40] =60 inv=false[0m
00005.468 [B/COM53] [32mINFO - UCN_UART_RAW SUMMARY role=B tx_frames=40 tx_bytes=160 rx_reads=0 rx_bytes=0 gpio_rx_edges=72 tx_errors=0 rx_errors=0[0m
00005.468 [A/COM40] =60 inv=false[0m
00005.468 [A/COM40] =60 inv=false[0m
00005.468 [A/COM40] =60 inv=false[0m
00005.468 [A/COM40] =60 inv=false[0m
00005.468 [A/COM40] =60 inv=false[0m
00005.468 [A/COM40] =60 inv=false[0m
00005.468 [A/COM40] =60 inv=false[0m
00005.468 [A/COM40] =60 inv=false[0m
00005.468 [A/COM40] =60 inv=false[0m
00005.468 [A/COM40] =60 inv=false[0m
00005.468 [A/COM40] =60 inv=false[0m
00005.468 [A/COM40] =60 inv=false[0m
00005.468 [A/COM40] =60 inv=false[0m
00005.468 [A/COM40] =60 inv=false[0m
00005.468 [A/COM40] =60 inv=false[0m
00005.468 [A/COM40] =60 inv=false[0m
00005.468 [A/COM40] =60 inv=false[0m
00005.468 [A/COM40] =60 inv=false[0m
00005.468 [A/COM40] =60 inv=false[0m
00005.468 [A/COM40] =60 inv=false[0m
00005.468 [A/COM40] =60 inv=false[0m
00005.468 [A/COM40] =60 inv=false[0m
00005.468 [A/COM40] =60 inv=false[0m
00005.468 [A/COM40] =60 inv=false[0m
00005.484 [A/COM40] =60 inv=false[0m
00005.484 [A/COM40] =60 inv=false[0m
00005.484 [A/COM40] =60 inv=false[0m
00005.484 [A/COM40] =60 inv=false[0m
00005.484 [A/COM40] =60 inv=false[0m
00005.484 [A/COM40] =60 inv=false[0m
00005.484 [A/COM40] =60 inv=false[0m
00005.484 [A/COM40] =60 inv=false[0m
00005.484 [A/COM40] =60 inv=false[0m
00005.484 [A/COM40] =60 inv=false[0m
00005.484 [A/COM40] =60 inv=false[0m
00005.484 [A/COM40] =60 inv=false[0m
00005.484 [A/COM40] =60 inv=false[0m
00005.484 [A/COM40] =60 inv=false[0m
00005.484 [A/COM40] =60 inv=false[0m
00005.484 [A/COM40] =60 inv=false[0m
00005.484 [A/COM40] =60 inv=false[0m
00005.484 [A/COM40] =60 inv=false[0m
00005.484 [A/COM40] =60 inv=false[0m
00005.484 [A/COM40] =60 inv=false[0m
00005.484 [A/COM40] =60 inv=false[0m
00005.484 [A/COM40] =60 inv=false[0m
00005.484 [A/COM40] =60 inv=false[0m
00005.484 [A/COM40] =60 inv=false[0m
00005.484 [A/COM40] =60 inv=false[0m
00005.484 [A/COM40] =60 inv=false[0m
00005.484 [A/COM40] =60 inv=false[0m
00005.484 [A/COM40] =60 inv=false[0m
00005.515 [A/COM40] [32mINFO - UCN_UART_RAW SUMMARY role=A tx_frames=41 tx_bytes=[32mINFO - UCN_UART_RAW SUMMARY role=A tx_frames=41 tx_bytes=[32mINFO - UCN_UART_RAW SUMMARY role=A tx_frames=41 tx_bytes=[32mINFO - UCN_UART_RAW SUMMARY role=A tx_frames=41 tx_bytes=[32mINFO - UCN_UART_RAW SUMMARY role=A tx_frames=41 tx_bytes=[32mINFO - UCN_UART_RAW SUMMARY role=A tx_frames=41 tx_bytes=[32mINFO - UCN_UART_RAW SUMMARY role=A tx_frames=41 tx_bytes=[32mINFO - UCN_UART_RAW SUMMARY role=A tx_frames=41 tx_bytes=[32mINFO - UCN_UART_RAW SUMMARY role=A tx_frames=41 tx_bytes=[32mINFO - UCN_UART_RAW SUMMARY role=A tx_frames=41 tx_bytes=[32mINFO - UCN_UART_RAW SUMMARY role=A tx_frames=41 tx_bytes=[32mINFO - UCN_UART_RAW SUMMARY role=A tx_frames=41 tx_bytes=[32mINFO - UCN_UART_RAW SUMMARY role=A tx_frames=41 tx_bytes=[32mINFO - UCN_UART_RAW SUMMARY role=A tx_frames=41 tx_bytes=[32mINFO - UCN_UART_RAW SUMMARY role=A tx_frames=41 tx_bytes=[32mINFO - UCN_UART_RAW SUMMARY role=A tx_frames=41 tx_bytes=[32mINFO - UCN_UART_RAW SUMMARY role=A tx_frames=41 tx_bytes=[32mINFO - UCN_UART_RAW SUMMARY role=A tx_frames=41 tx_bytes=[32mINFO - UCN_UART_RAW SUMMARY role=A tx_frames=41 tx_bytes=[32mINFO - UCN_UART_RAW SUMMARY role=A tx_frames=41 tx_bytes=[32mINFO - UCN_UART_RAW SUMMARY role=A tx_frames=41 tx_bytes=[32mINFO - UCN_UART_RAW SUMMARY role=A tx_frames=41 tx_bytes=[32mINFO - UCN_UART_RAW SUMMARY role=A tx_frames=41 tx_bytes=[32mINFO - UCN_UART_RAW SUMMARY role=A tx_frames=41 tx_bytes=[32mINFO - UCN_UART_RAW SUMMARY role=A tx_frames=41 tx_bytes=[32mINFO - UCN_UART_RAW SUMMARY role=A tx_frames=41 tx_bytes=[32mINFO - UCN_UART_RAW SUMMARY role=A tx_frames=41 tx_bytes=[32mINFO - UCN_UART_RAW SUMMARY role=A tx_frames=41 tx_bytes=[32mINFO - UCN_UART_RAW SUMMARY role=A tx_frames=41 tx_bytes=[32mINFO - UCN_UART_RAW SUMMARY role=A tx_frames=41 tx_bytes=[32mINFO - UCN_UART_RAW SUMMARY role=A tx_frames=41 tx_bytes=[32mINFO - UCN_UART_RAW SUMMARY role=A tx_frames=41 tx_bytes=[32mINFO - UCN_UART_RAW SUMMARY role=A tx_frames=41 tx_bytes=[32mINFO - UCN_UART_RAW SUMMARY role=A tx_frames=41 tx_bytes=[32mINFO - UCN_UART_RAW SUMMARY role=A tx_frames=41 tx_bytes=[32mINFO - UCN_UART_RAW SUMMARY role=A tx_frames=41 tx_bytes=[32mINFO - UCN_UART_RAW SUMMARY role=A tx_frames=41 tx_bytes=[32mINFO - UCN_UART_RAW SUMMARY role=A tx_frames=41 tx_bytes=[32mINFO - UCN_UART_RAW SUMMARY role=A tx_frames=41 tx_bytes=[32mINFO - UCN_UART_RAW SUMMARY role=A tx_frames=41 tx_bytes=[32mINFO - UCN_UART_RAW SUMMARY role=A tx_frames=41 tx_bytes=[32mINFO - UCN_UART_RAW SUMMARY role=A tx_frames=41 tx_bytes=[32mINFO - UCN_UART_RAW SUMMARY role=A tx_frames=41 tx_bytes=[32mINFO - UCN_UART_RAW SUMMARY role=A tx_frames=41 tx_bytes=[32mINFO - UCN_UART_RAW SUMMARY role=A tx_frames=41 tx_bytes=[32mINFO - UCN_UART_RAW SUMMARY role=A tx_frames=41 tx_bytes=[32mINFO - UCN_UART_RAW SUMMARY role=A tx_frames=41 tx_bytes=[32mINFO - UCN_UART_RAW SUMMARY role=A tx_frames=41 tx_bytes=[32mINFO - UCN_UART_RAW SUMMARY role=A tx_frames=41 tx_bytes=[32mINFO - UCN_UART_RAW SUMMARY role=A tx_frames=41 tx_bytes=[32mINFO - UCN_UART_RAW SUMMARY role=A tx_frames=41 tx_bytes=[32mINFO - UCN_UART_RAW SUMMARY role=A tx_frames=41 tx_bytes=[32mINFO - UCN_UART_RAW SUMMARY role=A tx_frames=41 tx_bytes=[32mINFO - UCN_UART_RAW SUMMARY role=A tx_frames=41 tx_bytes=[32mINFO - UCN_UART_RAW SUMMARY role=A tx_frames=41 tx_bytes=[32mINFO - UCN_UART_RAW SUMMARY role=A tx_frames=41 tx_bytes=[32mINFO - UCN_UART_RAW SUMMARY role=A tx_frames=41 tx_bytes=[32mINFO - UCN_UART_RAW SUMMARY role=A tx_frames=41 tx_bytes=[32mINFO - UCN_UART_RAW SUMMARY role=A tx_frames=41 tx_bytes=[32mINFO - UCN_UART_RAW SUMMARY role=A tx_frames=41 tx_bytes=[32mINFO - UCN_UART_RAW SUMMARY role=A tx_frames=41 tx_bytes=[32mINFO - UCN_UART_RAW SUMMARY role=A tx_frames=41 tx_bytes=[32mINFO - UCN_UART_RAW SUMMARY role=A tx_frames=41 tx_bytes=[32mINFO - UCN_UART_RAW SUMMARY role=A tx_frames=41 tx_bytes=164 rx_reads=0 rx_bytes=0 gpio_rx_edges=72 tx_errors=0 rx_errors=0[0m
00010.312 [B/COM53] [32mINFO - UCN_UART_RAW SUMMARY role=B tx_frames=90 tx_bytes=360 rx_reads=0 rx_bytes=0 gpio_rx_edges=143 tx_errors=0 rx_errors=0[0m
00010.312 [A/COM40] [32mINFO - UCN_UART_RAW SUMMARY role=A tx_frames=91 tx_bytes=364 rx_reads=0 rx_bytes=0 gpio_rx_edges=143 tx_errors=0 rx_errors=0[0m
00015.312 [B/COM53] [32mINFO - UCN_UART_RAW SUMMARY role=B tx_frames=140 tx_bytes=560 rx_reads=0 rx_bytes=0 gpio_rx_edges=215 tx_errors=0 rx_errors=0[0m
00015.312 [A/COM40] [32mINFO - UCN_UART_RAW SUMMARY role=A tx_frames=141 tx_bytes=564 rx_reads=0 rx_bytes=0 gpio_rx_edges=215 tx_errors=0 rx_errors=0[0m
00020.312 [B/COM53] [32mINFO - UCN_UART_RAW SUMMARY role=B tx_frames=190 tx_bytes=760 rx_reads=0 rx_bytes=0 gpio_rx_edges=286 tx_errors=0 rx_errors=0[0m
00020.312 [A/COM40] [32mINFO - UCN_UART_RAW SUMMARY role=A tx_frames=191 tx_bytes=764 rx_reads=0 rx_bytes=0 gpio_rx_edges=286 tx_errors=0 rx_errors=0[0m
