node_id,wire_profile,degree,admitted,routes_current,routes_hwm,discoveries_hwm,candidates_hwm,q0_hwm,q1_hwm,pending_q1_hwm,paths_hwm,flows_hwm,app_generated,app_accepted,origin_delivered,duplicate_deliveries,q0_generated,q0_accepted,q0_delivered,q1_generated,q1_accepted,q1_delivered,delivery_pct,payload_delivered_bytes,origin_wire_bytes,wire_efficiency_pct,latency_p50_ms,latency_p95_ms,latency_p99_ms,latency_max_ms,frames_tx,frames_rx,forwarded_frames_tx,control_frames_tx,business_frames_tx,wire_bytes_tx,wire_bytes_rx,no_space,no_route,link_down,other_rejected,core_tx_sent,core_rx_delivered,route_requests_sent,route_errors_sent,control_budget_dropped,host_work_us,node_storage_bytes
1,W2,3,3,8,8,0,0,0,0,0,0,0,100,100,100,0,0,0,0,100,100,100,100.000000,1600,9616,16.638935,10,10,10,10,424,1224,300,24,400,18416,53616,0,0,0,0,424,500,0,0,0,2729,9400
2,W2,4,4,8,8,0,0,0,0,0,0,0,100,100,100,0,0,0,0,100,100,100,100.000000,1600,9888,16.181230,10,10,10,10,532,1532,400,32,500,23088,67088,0,0,0,0,532,400,0,0,0,2406,9400
3,W2,4,4,8,8,0,0,0,0,0,0,0,100,100,100,0,0,0,0,100,100,100,100.000000,1600,9888,16.181230,10,10,10,10,432,1332,300,32,400,18688,58288,0,0,0,0,432,300,0,0,0,1692,9400
4,W2,4,4,8,8,0,0,0,0,0,0,0,100,100,100,0,0,0,0,100,100,100,100.000000,1600,9888,16.181230,10,10,10,10,432,1232,300,32,400,18688,53888,0,0,0,0,432,200,0,0,0,1791,9400
5,W2,4,4,8,8,0,0,0,0,0,0,0,100,100,100,0,0,0,0,100,100,100,100.000000,1600,9888,16.181230,10,10,10,10,432,1332,300,32,400,18688,58288,0,0,0,0,432,200,0,0,0,1718,9400
6,W2,4,4,8,8,0,0,0,0,0,0,0,100,100,100,0,0,0,0,100,100,100,100.000000,1600,9888,16.181230,10,10,10,10,432,1232,300,32,400,18688,53888,0,0,0,0,432,100,0,0,0,1598,9400
7,W2,4,4,8,8,0,0,0,0,0,0,0,100,100,100,0,0,0,0,100,100,100,100.000000,1600,9888,16.181230,10,10,10,10,432,1232,300,32,400,18688,53888,0,0,0,0,432,100,0,0,0,1535,9400
8,W2,4,4,8,8,0,0,0,0,0,0,0,100,100,100,0,0,0,0,100,100,100,100.000000,1600,9888,16.181230,10,10,10,10,432,1232,300,32,400,18688,53888,0,0,0,0,432,100,0,0,0,1507,9400
9,W2,4,4,8,8,0,0,0,0,0,0,0,100,100,100,0,0,0,0,100,100,100,100.000000,1600,9888,16.181230,10,10,10,10,432,1232,300,32,400,18688,53888,0,0,0,0,432,100,0,0,0,1490,9400
10,W2,4,4,8,8,0,0,0,0,0,0,0,100,100,0,0,0,0,0,100,100,0,0.000000,0,9888,0.000000,0,0,0,0,432,1232,300,32,400,18688,53888,0,0,0,0,432,100,0,0,0,1473,9400
11,W2,4,4,8,8,0,0,0,0,0,0,0,100,100,0,0,0,0,0,100,100,0,0.000000,0,9888,0.000000,0,0,0,0,432,1232,300,32,400,18688,53888,0,0,0,0,432,100,0,0,0,1514,9400
12,W2,4,4,8,8,0,0,0,0,0,0,0,100,100,0,0,0,0,0,100,100,0,0.000000,0,9888,0.000000,0,0,0,0,432,1232,300,32,400,18688,53888,0,0,0,0,432,100,0,0,0,1523,9400
13,W2,4,4,8,8,0,0,0,0,0,0,0,100,100,0,0,0,0,0,100,100,0,0.000000,0,9888,0.000000,0,0,0,0,432,1232,300,32,400,18688,53888,0,0,0,0,432,100,0,0,0,1407,9400
14,W2,4,4,8,8,0,0,0,0,0,0,0,100,100,100,0,0,0,0,100,100,100,100.000000,1600,9888,16.181230,10,10,10,10,432,1232,300,32,400,18688,53888,0,0,0,0,432,100,0,0,0,1466,9400
15,W2,4,4,8,8,0,0,0,0,0,0,0,100,100,100,0,0,0,0,100,100,100,100.000000,1600,9888,16.181230,10,10,10,10,432,1232,300,32,400,18688,53888,0,0,0,0,432,100,0,0,0,1429,9400
16,W2,4,4,8,8,0,0,0,0,0,0,0,100,100,0,0,0,0,0,100,100,0,0.000000,0,9888,0.000000,0,0,0,0,432,1232,300,32,400,18688,53888,0,0,0,0,432,100,0,0,0,1533,9400
17,W2,4,4,8,8,0,0,0,0,0,0,0,100,100,0,0,0,0,0,100,100,0,0.000000,0,9888,0.000000,0,0,0,0,432,1232,300,32,400,18688,53888,0,0,0,0,432,100,0,0,0,1544,9400
18,W2,4,4,8,8,0,0,0,0,0,0,0,100,100,0,0,0,0,0,100,100,0,0.000000,0,9888,0.000000,0,0,0,0,432,1232,300,32,400,18688,53888,0,0,0,0,432,100,0,0,0,1433,9400
19,W2,4,4,8,8,0,0,0,0,0,0,0,100,100,0,0,0,0,0,100,100,0,0.000000,0,9888,0.000000,0,0,0,0,432,1232,300,32,400,18688,53888,0,0,0,0,432,100,0,0,0,1460,9400
20,W2,4,4,8,8,0,0,0,0,0,0,0,100,100,0,0,0,0,0,100,100,0,0.000000,0,9888,0.000000,0,0,0,0,432,1232,300,32,400,18688,53888,0,0,0,0,432,100,0,0,0,1571,9400
21,W2,4,4,8,8,0,0,0,0,0,0,0,100,100,0,0,0,0,0,100,100,0,0.000000,0,9888,0.000000,0,0,0,0,432,1232,300,32,400,18688,53888,0,0,0,0,432,100,0,0,0,1427,9400
22,W2,4,4,8,8,0,0,0,0,0,0,0,100,100,0,0,0,0,0,100,100,0,0.000000,0,9888,0.000000,0,0,0,0,432,1232,300,32,400,18688,53888,0,0,0,0,432,100,0,0,0,1461,9400
23,W2,4,4,8,8,0,0,0,0,0,0,0,100,100,100,0,0,0,0,100,100,100,100.000000,1600,9888,16.181230,10,10,10,10,432,1232,300,32,400,18688,53888,0,0,0,0,432,100,0,0,0,1550,9400
24,W2,4,4,8,8,0,0,0,0,0,0,0,100,100,100,0,0,0,0,100,100,100,100.000000,1600,9888,16.181230,10,10,10,10,432,1232,300,32,400,18688,53888,0,0,0,0,432,100,0,0,0,1434,9400
25,W2,4,4,8,8,0,0,0,0,0,0,0,100,100,0,0,0,0,0,100,100,0,0.000000,0,9888,0.000000,0,0,0,0,432,1232,300,32,400,18688,53888,0,0,0,0,432,100,0,0,0,1396,9400
26,W2,4,4,8,8,0,0,0,0,0,0,0,100,100,0,0,0,0,0,100,100,0,0.000000,0,9888,0.000000,0,0,0,0,432,1232,300,32,400,18688,53888,0,0,0,0,432,100,0,0,0,1455,9400
27,W2,4,4,8,8,0,0,0,0,0,0,0,100,100,0,0,0,0,0,100,100,0,0.000000,0,9888,0.000000,0,0,0,0,432,1232,300,32,400,18688,53888,0,0,0,0,432,100,0,0,0,1476,9400
28,W2,4,4,8,8,0,0,0,0,0,0,0,100,100,0,0,0,0,0,100,100,0,0.000000,0,9888,0.000000,0,0,0,0,432,1232,300,32,400,18688,53888,0,0,0,0,432,100,0,0,0,1443,9400
29,W2,4,4,8,8,0,0,0,0,0,0,0,100,100,0,0,0,0,0,100,100,0,0.000000,0,9888,0.000000,0,0,0,0,432,1232,300,32,400,18688,53888,0,0,0,0,432,100,0,0,0,1405,9400
30,W2,4,4,8,8,0,0,0,0,0,0,0,100,100,0,0,0,0,0,100,100,0,0.000000,0,9888,0.000000,0,0,0,0,432,1232,300,32,400,18688,53888,0,0,0,0,432,100,0,0,0,1442,9400
31,W2,4,4,8,8,0,0,0,0,0,0,0,100,100,0,0,0,0,0,100,100,0,0.000000,0,9888,0.000000,0,0,0,0,432,1232,300,32,400,18688,53888,0,0,0,0,432,100,0,0,0,1571,9400
32,W2,4,4,8,8,0,0,0,0,0,0,0,100,100,100,0,0,0,0,100,100,100,100.000000,1600,9888,16.181230,10,10,10,10,432,1232,300,32,400,18688,53888,0,0,0,0,432,100,0,0,0,1449,9400
33,W2,4,4,8,8,0,0,0,0,0,0,0,100,100,100,0,0,0,0,100,100,100,100.000000,1600,9888,16.181230,10,10,10,10,432,1232,300,32,400,18688,53888,0,0,0,0,432,100,0,0,0,1453,9400
34,W2,4,4,8,8,0,0,0,0,0,0,0,100,100,0,0,0,0,0,100,100,0,0.000000,0,9888,0.000000,0,0,0,0,432,1232,300,32,400,18688,53888,0,0,0,0,432,100,0,0,0,1405,9400
35,W2,4,4,8,8,0,0,0,0,0,0,0,100,100,0,0,0,0,0,100,100,0,0.000000,0,9888,0.000000,0,0,0,0,432,1232,300,32,400,18688,53888,0,0,0,0,432,100,0,0,0,1543,9400
36,W2,4,4,8,8,0,0,0,0,0,0,0,100,100,0,0,0,0,0,100,100,0,0.000000,0,9888,0.000000,0,0,0,0,432,1232,300,32,400,18688,53888,0,0,0,0,432,100,0,0,0,1477,9400
37,W2,4,4,8,8,0,0,0,0,0,0,0,100,100,0,0,0,0,0,100,100,0,0.000000,0,9888,0.000000,0,0,0,0,432,1232,300,32,400,18688,53888,0,0,0,0,432,100,0,0,0,1459,9400
38,W2,4,4,8,8,0,0,0,0,0,0,0,100,100,0,0,0,0,0,100,100,0,0.000000,0,9888,0.000000,0,0,0,0,432,1232,300,32,400,18688,53888,0,0,0,0,432,100,0,0,0,1463,9400
39,W2,4,4,8,8,0,0,0,0,0,0,0,100,100,0,0,0,0,0,100,100,0,0.000000,0,9888,0.000000,0,0,0,0,432,1232,300,32,400,18688,53888,0,0,0,0,432,100,0,0,0,1553,9400
40,W2,4,4,8,8,0,0,0,0,0,0,0,100,100,0,0,0,0,0,100,100,0,0.000000,0,9888,0.000000,0,0,0,0,432,1232,300,32,400,18688,53888,0,0,0,0,432,100,0,0,0,1477,9400
41,W2,4,4,8,8,0,0,0,0,0,0,0,100,100,100,0,0,0,0,100,100,100,100.000000,1600,9888,16.181230,10,10,10,10,432,1232,300,32,400,18688,53888,0,0,0,0,432,100,0,0,0,1491,9400
42,W2,4,4,8,8,0,0,0,0,0,0,0,100,100,0,0,0,0,0,100,100,0,0.000000,0,9888,0.000000,0,0,0,0,432,1232,300,32,400,18688,53888,0,0,0,0,432,100,0,0,0,1472,9400
43,W2,4,4,8,8,0,0,0,0,0,0,0,100,100,0,0,0,0,0,100,100,0,0.000000,0,9888,0.000000,0,0,0,0,432,1232,300,32,400,18688,53888,0,0,0,0,432,100,0,0,0,1548,9400
44,W2,4,4,8,8,0,0,0,0,0,0,0,100,100,0,0,0,0,0,100,100,0,0.000000,0,9888,0.000000,0,0,0,0,432,1232,300,32,400,18688,53888,0,0,0,0,432,100,0,0,0,1451,9400
45,W2,4,4,8,8,0,0,0,0,0,0,0,100,100,0,0,0,0,0,100,100,0,0.000000,0,9888,0.000000,0,0,0,0,432,1232,300,32,400,18688,53888,0,0,0,0,432,100,0,0,0,1533,9400
46,W2,4,4,8,8,0,0,0,0,0,0,0,100,100,0,0,0,0,0,100,100,0,0.000000,0,9888,0.000000,0,0,0,0,432,1232,300,32,400,18688,53888,0,0,0,0,432,100,0,0,0,1477,9400
47,W2,4,4,8,8,0,0,0,0,0,0,0,100,100,0,0,0,0,0,100,100,0,0.000000,0,9888,0.000000,0,0,0,0,432,1232,300,32,400,18688,53888,0,0,0,0,432,100,0,0,0,1501,9400
48,W2,4,4,8,8,0,0,0,0,0,0,0,100,100,0,0,0,0,0,100,100,0,0.000000,0,9888,0.000000,0,0,0,0,432,1232,300,32,400,18688,53888,0,0,0,0,432,100,0,0,0,1483,9400
49,W2,4,4,8,8,0,0,0,0,0,0,0,100,100,0,0,0,0,0,100,100,0,0.000000,0,9888,0.000000,0,0,0,0,432,1232,300,32,400,18688,53888,0,0,0,0,432,100,0,0,0,1463,9400
50,W2,4,4,8,8,0,0,0,0,0,0,0,100,100,100,0,0,0,0,100,100,100,100.000000,1600,9888,16.181230,10,10,10,10,432,1232,300,32,400,18688,53888,0,0,0,0,432,100,0,0,0,1472,9400
51,W2,4,4,8,8,0,0,0,0,0,0,0,100,100,0,0,0,0,0,100,100,0,0.000000,0,9888,0.000000,0,0,0,0,432,1232,300,32,400,18688,53888,0,0,0,0,432,100,0,0,0,1492,9400
52,W2,4,4,8,8,0,0,0,0,0,0,0,100,100,0,0,0,0,0,100,100,0,0.000000,0,9888,0.000000,0,0,0,0,432,1232,300,32,400,18688,53888,0,0,0,0,432,100,0,0,0,1435,9400
53,W2,4,4,8,8,0,0,0,0,0,0,0,100,100,0,0,0,0,0,100,100,0,0.000000,0,9888,0.000000,0,0,0,0,432,1232,300,32,400,18688,53888,0,0,0,0,432,100,0,0,0,1490,9400
54,W2,4,4,8,8,0,0,0,0,0,0,0,100,100,0,0,0,0,0,100,100,0,0.000000,0,9888,0.000000,0,0,0,0,432,1232,300,32,400,18688,53888,0,0,0,0,432,100,0,0,0,1508,9400
55,W2,4,4,8,8,0,0,0,0,0,0,0,100,100,0,0,0,0,0,100,100,0,0.000000,0,9888,0.000000,0,0,0,0,432,1232,300,32,400,18688,53888,0,0,0,0,432,100,0,0,0,1451,9400
56,W2,4,4,8,8,0,0,0,0,0,0,0,100,100,0,0,0,0,0,100,100,0,0.000000,0,9888,0.000000,0,0,0,0,432,1232,300,32,400,18688,53888,0,0,0,0,432,100,0,0,0,1434,9400
57,W2,4,4,8,8,0,0,0,0,0,0,0,100,100,0,0,0,0,0,100,100,0,0.000000,0,9888,0.000000,0,0,0,0,432,1232,300,32,400,18688,53888,0,0,0,0,432,100,0,0,0,1417,9400
58,W2,4,4,8,8,0,0,0,0,0,0,0,100,100,0,0,0,0,0,100,100,0,0.000000,0,9888,0.000000,0,0,0,0,432,1232,300,32,400,18688,53888,0,0,0,0,432,100,0,0,0,1417,9400
59,W2,4,4,8,8,0,0,0,0,0,0,0,100,100,100,0,0,0,0,100,100,100,100.000000,1600,9888,16.181230,10,10,10,10,432,1232,300,32,400,18688,53888,0,0,0,0,432,100,0,0,0,1402,9400
60,W2,4,4,8,8,0,0,0,0,0,0,0,100,100,0,0,0,0,0,100,100,0,0.000000,0,9888,0.000000,0,0,0,0,432,1232,300,32,400,18688,53888,0,0,0,0,432,100,0,0,0,1482,9400
61,W2,4,4,8,8,0,0,0,0,0,0,0,100,100,0,0,0,0,0,100,100,0,0.000000,0,9888,0.000000,0,0,0,0,432,1232,300,32,400,18688,53888,0,0,0,0,432,100,0,0,0,1450,9400
62,W2,4,4,8,8,0,0,0,0,0,0,0,100,100,0,0,0,0,0,100,100,0,0.000000,0,9888,0.000000,0,0,0,0,432,1232,300,32,400,18688,53888,0,0,0,0,432,100,0,0,0,1424,9400
63,W2,4,4,8,8,0,0,0,0,0,0,0,100,100,0,0,0,0,0,100,100,0,0.000000,0,9888,0.000000,0,0,0,0,432,1232,300,32,400,18688,53888,0,0,0,0,432,100,0,0,0,1433,9400
64,W2,4,4,8,8,0,0,0,0,0,0,0,100,100,0,0,0,0,0,100,100,0,0.000000,0,9888,0.000000,0,0,0,0,432,1232,300,32,400,18688,53888,0,0,0,0,432,100,0,0,0,1447,9400
65,W2,4,4,8,8,0,0,0,0,0,0,0,100,100,0,0,0,0,0,100,100,0,0.000000,0,9888,0.000000,0,0,0,0,432,1232,300,32,400,18688,53888,0,0,0,0,432,100,0,0,0,1431,9400
66,W2,4,4,8,8,0,0,0,0,0,0,0,100,100,0,0,0,0,0,100,100,0,0.000000,0,9888,0.000000,0,0,0,0,432,1232,300,32,400,18688,53888,0,0,0,0,432,100,0,0,0,1468,9400
67,W2,4,4,8,8,0,0,0,0,0,0,0,100,100,0,0,0,0,0,100,100,0,0.000000,0,9888,0.000000,0,0,0,0,432,1232,300,32,400,18688,53888,0,0,0,0,432,100,0,0,0,1465,9400
68,W2,4,4,8,8,0,0,0,0,0,0,0,100,100,100,0,0,0,0,100,100,100,100.000000,1600,9888,16.181230,10,10,10,10,432,1232,300,32,400,18688,53888,0,0,0,0,432,100,0,0,0,1607,9400
69,W2,4,4,8,8,0,0,0,0,0,0,0,100,100,0,0,0,0,0,100,100,0,0.000000,0,9888,0.000000,0,0,0,0,432,1232,300,32,400,18688,53888,0,0,0,0,432,100,0,0,0,1481,9400
70,W2,4,4,8,8,0,0,0,0,0,0,0,100,100,0,0,0,0,0,100,100,0,0.000000,0,9888,0.000000,0,0,0,0,432,1232,300,32,400,18688,53888,0,0,0,0,432,100,0,0,0,1394,9400
71,W2,4,4,8,8,0,0,0,0,0,0,0,100,100,0,0,0,0,0,100,100,0,0.000000,0,9888,0.000000,0,0,0,0,432,1232,300,32,400,18688,53888,0,0,0,0,432,100,0,0,0,1406,9400
72,W2,4,4,8,8,0,0,0,0,0,0,0,100,100,0,0,0,0,0,100,100,0,0.000000,0,9888,0.000000,0,0,0,0,432,1232,300,32,400,18688,53888,0,0,0,0,432,100,0,0,0,1484,9400
73,W2,4,4,8,8,0,0,0,0,0,0,0,100,100,0,0,0,0,0,100,100,0,0.000000,0,9888,0.000000,0,0,0,0,432,1232,300,32,400,18688,53888,0,0,0,0,432,100,0,0,0,1495,9400
74,W2,4,4,8,8,0,0,0,0,0,0,0,100,100,0,0,0,0,0,100,100,0,0.000000,0,9888,0.000000,0,0,0,0,432,1232,300,32,400,18688,53888,0,0,0,0,432,100,0,0,0,1416,9400
75,W2,4,4,8,8,0,0,0,0,0,0,0,100,100,0,0,0,0,0,100,100,0,0.000000,0,9888,0.000000,0,0,0,0,432,1232,300,32,400,18688,53888,0,0,0,0,432,100,0,0,0,1553,9400
76,W2,4,4,8,8,0,0,0,0,0,0,0,100,100,0,0,0,0,0,100,100,0,0.000000,0,9888,0.000000,0,0,0,0,432,1232,300,32,400,18688,53888,0,0,0,0,432,100,0,0,0,1507,9400
77,W2,4,4,8,8,0,0,0,0,0,0,0,100,100,100,0,0,0,0,100,100,100,100.000000,1600,9888,16.181230,10,10,10,10,432,1232,300,32,400,18688,53888,0,0,0,0,432,100,0,0,0,1518,9400
78,W2,4,4,8,8,0,0,0,0,0,0,0,100,100,0,0,0,0,0,100,100,0,0.000000,0,9888,0.000000,0,0,0,0,432,1232,300,32,400,18688,53888,0,0,0,0,432,100,0,0,0,1488,9400
79,W2,4,4,8,8,0,0,0,0,0,0,0,100,100,0,0,0,0,0,100,100,0,0.000000,0,9888,0.000000,0,0,0,0,432,1232,300,32,400,18688,53888,0,0,0,0,432,100,0,0,0,1450,9400
80,W2,4,4,8,8,0,0,0,0,0,0,0,100,100,0,0,0,0,0,100,100,0,0.000000,0,9888,0.000000,0,0,0,0,432,1232,300,32,400,18688,53888,0,0,0,0,432,100,0,0,0,1432,9400
81,W2,4,4,8,8,0,0,0,0,0,0,0,100,100,0,0,0,0,0,100,100,0,0.000000,0,9888,0.000000,0,0,0,0,432,1232,300,32,400,18688,53888,0,0,0,0,432,100,0,0,0,1452,9400
82,W2,4,4,8,8,0,0,0,0,0,0,0,100,100,0,0,0,0,0,100,100,0,0.000000,0,9888,0.000000,0,0,0,0,432,1232,300,32,400,18688,53888,0,0,0,0,432,100,0,0,0,1450,9400
83,W2,4,4,8,8,0,0,0,0,0,0,0,100,100,0,0,0,0,0,100,100,0,0.000000,0,9888,0.000000,0,0,0,0,432,1232,300,32,400,18688,53888,0,0,0,0,432,100,0,0,0,1474,9400
84,W2,4,4,8,8,0,0,0,0,0,0,0,100,100,0,0,0,0,0,100,100,0,0.000000,0,9888,0.000000,0,0,0,0,432,1232,300,32,400,18688,53888,0,0,0,0,432,100,0,0,0,1414,9400
85,W2,4,4,8,8,0,0,0,0,0,0,0,100,100,0,0,0,0,0,100,100,0,0.000000,0,9888,0.000000,0,0,0,0,432,1232,300,32,400,18688,53888,0,0,0,0,432,100,0,0,0,1483,9400
86,W2,4,4,8,8,0,0,0,0,0,0,0,100,100,100,0,0,0,0,100,100,100,100.000000,1600,9888,16.181230,10,10,10,10,432,1232,300,32,400,18688,53888,0,0,0,0,432,100,0,0,0,1401,9400
87,W2,4,4,8,8,0,0,0,0,0,0,0,100,100,0,0,0,0,0,100,100,0,0.000000,0,9888,0.000000,0,0,0,0,432,1232,300,32,400,18688,53888,0,0,0,0,432,100,0,0,0,1457,9400
88,W2,4,4,8,8,0,0,0,0,0,0,0,100,100,0,0,0,0,0,100,100,0,0.000000,0,9888,0.000000,0,0,0,0,432,1232,300,32,400,18688,53888,0,0,0,0,432,100,0,0,0,1461,9400
89,W2,4,4,8,8,0,0,0,0,0,0,0,100,100,0,0,0,0,0,100,100,0,0.000000,0,9888,0.000000,0,0,0,0,432,1232,300,32,400,18688,53888,0,0,0,0,432,100,0,0,0,1441,9400
90,W2,4,4,8,8,0,0,0,0,0,0,0,100,100,0,0,0,0,0,100,100,0,0.000000,0,9888,0.000000,0,0,0,0,432,1232,300,32,400,18688,53888,0,0,0,0,432,100,0,0,0,1394,9400
91,W2,4,4,8,8,0,0,0,0,0,0,0,100,100,0,0,0,0,0,100,100,0,0.000000,0,9888,0.000000,0,0,0,0,432,1232,300,32,400,18688,53888,0,0,0,0,432,100,0,0,0,1457,9400
92,W2,4,4,8,8,0,0,0,0,0,0,0,100,100,0,0,0,0,0,100,100,0,0.000000,0,9888,0.000000,0,0,0,0,432,1232,300,32,400,18688,53888,0,0,0,0,432,100,0,0,0,1426,9400
93,W2,4,4,8,8,0,0,0,0,0,0,0,100,100,0,0,0,0,0,100,100,0,0.000000,0,9888,0.000000,0,0,0,0,432,1232,300,32,400,18688,53888,0,0,0,0,432,100,0,0,0,1393,9400
94,W2,4,4,8,8,0,0,0,0,0,0,0,100,100,0,0,0,0,0,100,100,0,0.000000,0,9888,0.000000,0,0,0,0,432,1232,300,32,400,18688,53888,0,0,0,0,432,100,0,0,0,1506,9400
95,W2,4,4,8,8,0,0,0,0,0,0,0,100,100,100,0,0,0,0,100,100,100,100.000000,1600,9888,16.181230,10,10,10,10,432,1232,300,32,400,18688,53888,0,0,0,0,432,100,0,0,0,1499,9400
96,W2,4,4,8,8,0,0,0,0,0,0,0,100,100,0,0,0,0,0,100,100,0,0.000000,0,9888,0.000000,0,0,0,0,432,1232,300,32,400,18688,53888,0,0,0,0,432,100,0,0,0,1489,9400
97,W2,4,4,8,8,0,0,0,0,0,0,0,100,100,0,0,0,0,0,100,100,0,0.000000,0,9888,0.000000,0,0,0,0,432,1232,300,32,400,18688,53888,0,0,0,0,432,100,0,0,0,1452,9400
98,W2,4,4,8,8,0,0,0,0,0,0,0,100,100,0,0,0,0,0,100,100,0,0.000000,0,9888,0.000000,0,0,0,0,432,1232,300,32,400,18688,53888,0,0,0,0,432,100,0,0,0,1436,9400
99,W2,4,4,8,8,0,0,0,0,0,0,0,100,100,0,0,0,0,0,100,100,0,0.000000,0,9888,0.000000,0,0,0,0,432,1232,300,32,400,18688,53888,0,0,0,0,432,100,0,0,0,1415,9400
100,W2,4,4,8,8,0,0,0,0,0,0,0,100,100,0,0,0,0,0,100,100,0,0.000000,0,9888,0.000000,0,0,0,0,432,1232,300,32,400,18688,53888,0,0,0,0,432,100,0,0,0,1519,9400
101,W2,4,4,8,8,0,0,0,0,0,0,0,100,100,0,0,0,0,0,100,100,0,0.000000,0,9888,0.000000,0,0,0,0,432,1232,300,32,400,18688,53888,0,0,0,0,432,100,0,0,0,1354,9400
102,W2,4,4,8,8,0,0,0,0,0,0,0,100,100,0,0,0,0,0,100,100,0,0.000000,0,9888,0.000000,0,0,0,0,432,1232,300,32,400,18688,53888,0,0,0,0,432,100,0,0,0,1406,9400
103,W2,4,4,8,8,0,0,0,0,0,0,0,100,100,0,0,0,0,0,100,100,0,0.000000,0,9888,0.000000,0,0,0,0,432,1232,300,32,400,18688,53888,0,0,0,0,432,100,0,0,0,1414,9400
104,W2,4,4,8,8,0,0,0,0,0,0,0,100,100,100,0,0,0,0,100,100,100,100.000000,1600,9888,16.181230,10,10,10,10,432,1232,300,32,400,18688,53888,0,0,0,0,432,100,0,0,0,1427,9400
105,W2,4,4,8,8,0,0,0,0,0,0,0,100,100,0,0,0,0,0,100,100,0,0.000000,0,9888,0.000000,0,0,0,0,432,1232,300,32,400,18688,53888,0,0,0,0,432,100,0,0,0,1355,9400
106,W2,4,4,8,8,0,0,0,0,0,0,0,100,100,0,0,0,0,0,100,100,0,0.000000,0,9888,0.000000,0,0,0,0,432,1232,300,32,400,18688,53888,0,0,0,0,432,100,0,0,0,1458,9400
107,W2,4,4,8,8,0,0,0,0,0,0,0,100,100,0,0,0,0,0,100,100,0,0.000000,0,9888,0.000000,0,0,0,0,432,1232,300,32,400,18688,53888,0,0,0,0,432,100,0,0,0,1479,9400
108,W2,4,4,8,8,0,0,0,0,0,0,0,100,100,0,0,0,0,0,100,100,0,0.000000,0,9888,0.000000,0,0,0,0,432,1232,300,32,400,18688,53888,0,0,0,0,432,100,0,0,0,1464,9400
109,W2,4,4,8,8,0,0,0,0,0,0,0,100,100,0,0,0,0,0,100,100,0,0.000000,0,9888,0.000000,0,0,0,0,432,1232,300,32,400,18688,53888,0,0,0,0,432,100,0,0,0,1439,9400
110,W2,4,4,8,8,0,0,0,0,0,0,0,100,100,0,0,0,0,0,100,100,0,0.000000,0,9888,0.000000,0,0,0,0,432,1232,300,32,400,18688,53888,0,0,0,0,432,100,0,0,0,1440,9400
111,W2,4,4,8,8,0,0,0,0,0,0,0,100,100,0,0,0,0,0,100,100,0,0.000000,0,9888,0.000000,0,0,0,0,432,1232,300,32,400,18688,53888,0,0,0,0,432,100,0,0,0,1448,9400
112,W2,4,4,8,8,0,0,0,0,0,0,0,100,100,0,0,0,0,0,100,100,0,0.000000,0,9888,0.000000,0,0,0,0,432,1232,300,32,400,18688,53888,0,0,0,0,432,100,0,0,0,1493,9400
113,W2,4,4,8,8,0,0,0,0,0,0,0,100,100,100,0,0,0,0,100,100,100,100.000000,1600,9888,16.181230,10,10,10,10,432,1232,300,32,400,18688,53888,0,0,0,0,432,100,0,0,0,1535,9400
114,W2,4,4,8,8,0,0,0,0,0,0,0,100,100,0,0,0,0,0,100,100,0,0.000000,0,9888,0.000000,0,0,0,0,432,1232,300,32,400,18688,53888,0,0,0,0,432,100,0,0,0,1450,9400
115,W2,4,4,8,8,0,0,0,0,0,0,0,100,100,0,0,0,0,0,100,100,0,0.000000,0,9888,0.000000,0,0,0,0,432,1232,300,32,400,18688,53888,0,0,0,0,432,100,0,0,0,1472,9400
116,W2,4,4,8,8,0,0,0,0,0,0,0,100,100,0,0,0,0,0,100,100,0,0.000000,0,9888,0.000000,0,0,0,0,432,1232,300,32,400,18688,53888,0,0,0,0,432,100,0,0,0,1540,9400
117,W2,4,4,8,8,0,0,0,0,0,0,0,100,100,0,0,0,0,0,100,100,0,0.000000,0,9888,0.000000,0,0,0,0,432,1232,300,32,400,18688,53888,0,0,0,0,432,100,0,0,0,1420,9400
118,W2,4,4,8,8,0,0,0,0,0,0,0,100,100,0,0,0,0,0,100,100,0,0.000000,0,9888,0.000000,0,0,0,0,432,1232,300,32,400,18688,53888,0,0,0,0,432,100,0,0,0,1413,9400
119,W2,4,4,8,8,0,0,0,0,0,0,0,100,100,0,0,0,0,0,100,100,0,0.000000,0,9888,0.000000,0,0,0,0,432,1232,300,32,400,18688,53888,0,0,0,0,432,100,0,0,0,1426,9400
120,W2,4,4,8,8,0,0,0,0,0,0,0,100,100,0,0,0,0,0,100,100,0,0.000000,0,9888,0.000000,0,0,0,0,432,1232,300,32,400,18688,53888,0,0,0,0,432,100,0,0,0,1432,9400
121,W2,4,4,8,8,0,0,0,0,0,0,0,100,100,0,0,0,0,0,100,100,0,0.000000,0,9888,0.000000,0,0,0,0,432,1232,300,32,400,18688,53888,0,0,0,0,432,100,0,0,0,1435,9400
122,W2,4,4,8,8,0,0,0,0,0,0,0,100,100,100,0,0,0,0,100,100,100,100.000000,1600,9888,16.181230,10,10,10,10,432,1232,300,32,400,18688,53888,0,0,0,0,432,100,0,0,0,1410,9400
123,W2,4,4,8,8,0,0,0,0,0,0,0,100,100,0,0,0,0,0,100,100,0,0.000000,0,9888,0.000000,0,0,0,0,432,1232,300,32,400,18688,53888,0,0,0,0,432,100,0,0,0,1452,9400
124,W2,4,4,8,8,0,0,0,0,0,0,0,100,100,0,0,0,0,0,100,100,0,0.000000,0,9888,0.000000,0,0,0,0,432,1232,300,32,400,18688,53888,0,0,0,0,432,100,0,0,0,1426,9400
125,W2,4,4,8,8,0,0,0,0,0,0,0,100,100,0,0,0,0,0,100,100,0,0.000000,0,9888,0.000000,0,0,0,0,432,1232,300,32,400,18688,53888,0,0,0,0,432,100,0,0,0,1471,9400
126,W2,4,4,8,8,0,0,0,0,0,0,0,100,100,0,0,0,0,0,100,100,0,0.000000,0,9888,0.000000,0,0,0,0,432,1232,300,32,400,18688,53888,0,0,0,0,432,100,0,0,0,1407,9400
127,W2,4,4,8,8,0,0,0,0,0,0,0,100,100,0,0,0,0,0,100,100,0,0.000000,0,9888,0.000000,0,0,0,0,432,1232,300,32,400,18688,53888,0,0,0,0,432,100,0,0,0,1429,9400
128,W2,4,4,8,8,0,0,0,0,0,0,0,100,100,0,0,0,0,0,100,100,0,0.000000,0,9888,0.000000,0,0,0,0,432,1232,300,32,400,18688,53888,0,0,0,0,432,100,0,0,0,1440,9400
129,W2,4,4,8,8,0,0,0,0,0,0,0,100,100,0,0,0,0,0,100,100,0,0.000000,0,9888,0.000000,0,0,0,0,432,1232,300,32,400,18688,53888,0,0,0,0,432,100,0,0,0,1424,9400
130,W2,4,4,8,8,0,0,0,0,0,0,0,100,100,0,0,0,0,0,100,100,0,0.000000,0,9888,0.000000,0,0,0,0,432,1232,300,32,400,18688,53888,0,0,0,0,432,100,0,0,0,1432,9400
131,W2,4,4,8,8,0,0,0,0,0,0,0,100,100,100,0,0,0,0,100,100,100,100.000000,1600,9888,16.181230,10,10,10,10,432,1232,300,32,400,18688,53888,0,0,0,0,432,100,0,0,0,1419,9400
132,W2,4,4,8,8,0,0,0,0,0,0,0,100,100,0,0,0,0,0,100,100,0,0.000000,0,9888,0.000000,0,0,0,0,432,1232,300,32,400,18688,53888,0,0,0,0,432,100,0,0,0,1445,9400
133,W2,4,4,8,8,0,0,0,0,0,0,0,100,100,0,0,0,0,0,100,100,0,0.000000,0,9888,0.000000,0,0,0,0,432,1232,300,32,400,18688,53888,0,0,0,0,432,100,0,0,0,1540,9400
134,W2,4,4,8,8,0,0,0,0,0,0,0,100,100,0,0,0,0,0,100,100,0,0.000000,0,9888,0.000000,0,0,0,0,432,1232,300,32,400,18688,53888,0,0,0,0,432,100,0,0,0,1452,9400
135,W2,4,4,8,8,0,0,0,0,0,0,0,100,100,0,0,0,0,0,100,100,0,0.000000,0,9888,0.000000,0,0,0,0,432,1232,300,32,400,18688,53888,0,0,0,0,432,100,0,0,0,1460,9400
136,W2,4,4,8,8,0,0,0,0,0,0,0,100,100,0,0,0,0,0,100,100,0,0.000000,0,9888,0.000000,0,0,0,0,432,1232,300,32,400,18688,53888,0,0,0,0,432,100,0,0,0,1432,9400
137,W2,4,4,8,8,0,0,0,0,0,0,0,100,100,0,0,0,0,0,100,100,0,0.000000,0,9888,0.000000,0,0,0,0,432,1232,300,32,400,18688,53888,0,0,0,0,432,100,0,0,0,1454,9400
138,W2,4,4,8,8,0,0,0,0,0,0,0,100,100,0,0,0,0,0,100,100,0,0.000000,0,9888,0.000000,0,0,0,0,432,1232,300,32,400,18688,53888,0,0,0,0,432,100,0,0,0,1421,9400
139,W2,4,4,8,8,0,0,0,0,0,0,0,100,100,0,0,0,0,0,100,100,0,0.000000,0,9888,0.000000,0,0,0,0,432,1232,300,32,400,18688,53888,0,0,0,0,432,100,0,0,0,1484,9400
140,W2,4,4,8,8,0,0,0,0,0,0,0,100,100,100,0,0,0,0,100,100,100,100.000000,1600,9888,16.181230,10,10,10,10,432,1232,300,32,400,18688,53888,0,0,0,0,432,100,0,0,0,1494,9400
141,W2,4,4,8,8,0,0,0,0,0,0,0,100,100,0,0,0,0,0,100,100,0,0.000000,0,9888,0.000000,0,0,0,0,432,1232,300,32,400,18688,53888,0,0,0,0,432,100,0,0,0,1483,9400
142,W2,4,4,8,8,0,0,0,0,0,0,0,100,100,0,0,0,0,0,100,100,0,0.000000,0,9888,0.000000,0,0,0,0,432,1232,300,32,400,18688,53888,0,0,0,0,432,100,0,0,0,1501,9400
143,W2,4,4,8,8,0,0,0,0,0,0,0,100,100,0,0,0,0,0,100,100,0,0.000000,0,9888,0.000000,0,0,0,0,432,1232,300,32,400,18688,53888,0,0,0,0,432,100,0,0,0,1462,9400
144,W2,4,4,8,8,0,0,0,0,0,0,0,100,100,0,0,0,0,0,100,100,0,0.000000,0,9888,0.000000,0,0,0,0,432,1232,300,32,400,18688,53888,0,0,0,0,432,100,0,0,0,1462,9400
145,W2,4,4,8,8,0,0,0,0,0,0,0,100,100,0,0,0,0,0,100,100,0,0.000000,0,9888,0.000000,0,0,0,0,432,1232,300,32,400,18688,53888,0,0,0,0,432,100,0,0,0,1401,9400
146,W2,4,4,8,8,0,0,0,0,0,0,0,100,100,0,0,0,0,0,100,100,0,0.000000,0,9888,0.000000,0,0,0,0,432,1232,300,32,400,18688,53888,0,0,0,0,432,100,0,0,0,1434,9400
147,W2,4,4,8,8,0,0,0,0,0,0,0,100,100,0,0,0,0,0,100,100,0,0.000000,0,9888,0.000000,0,0,0,0,432,1232,300,32,400,18688,53888,0,0,0,0,432,100,0,0,0,1376,9400
148,W2,4,4,8,8,0,0,0,0,0,0,0,100,100,0,0,0,0,0,100,100,0,0.000000,0,9888,0.000000,0,0,0,0,432,1232,300,32,400,18688,53888,0,0,0,0,432,100,0,0,0,1442,9400
149,W2,4,4,8,8,0,0,0,0,0,0,0,100,100,100,0,0,0,0,100,100,100,100.000000,1600,9888,16.181230,10,10,10,10,432,1232,300,32,400,18688,53888,0,0,0,0,432,100,0,0,0,1434,9400
150,W2,4,4,8,8,0,0,0,0,0,0,0,100,100,0,0,0,0,0,100,100,0,0.000000,0,9888,0.000000,0,0,0,0,432,1232,300,32,400,18688,53888,0,0,0,0,432,100,0,0,0,1426,9400
151,W2,4,4,8,8,0,0,0,0,0,0,0,100,100,0,0,0,0,0,100,100,0,0.000000,0,9888,0.000000,0,0,0,0,432,1232,300,32,400,18688,53888,0,0,0,0,432,100,0,0,0,1396,9400
152,W2,4,4,8,8,0,0,0,0,0,0,0,100,100,0,0,0,0,0,100,100,0,0.000000,0,9888,0.000000,0,0,0,0,432,1232,300,32,400,18688,53888,0,0,0,0,432,100,0,0,0,1396,9400
153,W2,4,4,8,8,0,0,0,0,0,0,0,100,100,0,0,0,0,0,100,100,0,0.000000,0,9888,0.000000,0,0,0,0,432,1232,300,32,400,18688,53888,0,0,0,0,432,100,0,0,0,1487,9400
154,W2,4,4,8,8,0,0,0,0,0,0,0,100,100,0,0,0,0,0,100,100,0,0.000000,0,9888,0.000000,0,0,0,0,432,1232,300,32,400,18688,53888,0,0,0,0,432,100,0,0,0,1410,9400
155,W2,4,4,8,8,0,0,0,0,0,0,0,100,100,0,0,0,0,0,100,100,0,0.000000,0,9888,0.000000,0,0,0,0,432,1232,300,32,400,18688,53888,0,0,0,0,432,100,0,0,0,1401,9400
156,W2,4,4,8,8,0,0,0,0,0,0,0,100,100,0,0,0,0,0,100,100,0,0.000000,0,9888,0.000000,0,0,0,0,432,1232,300,32,400,18688,53888,0,0,0,0,432,100,0,0,0,1455,9400
157,W2,4,4,8,8,0,0,0,0,0,0,0,100,100,0,0,0,0,0,100,100,0,0.000000,0,9888,0.000000,0,0,0,0,432,1232,300,32,400,18688,53888,0,0,0,0,432,100,0,0,0,1437,9400
158,W2,4,4,8,8,0,0,0,0,0,0,0,100,100,100,0,0,0,0,100,100,100,100.000000,1600,9888,16.181230,10,10,10,10,432,1232,300,32,400,18688,53888,0,0,0,0,432,100,0,0,0,1366,9400
159,W2,4,4,8,8,0,0,0,0,0,0,0,100,100,0,0,0,0,0,100,100,0,0.000000,0,9888,0.000000,0,0,0,0,432,1232,300,32,400,18688,53888,0,0,0,0,432,100,0,0,0,1437,9400
160,W2,4,4,8,8,0,0,0,0,0,0,0,100,100,0,0,0,0,0,100,100,0,0.000000,0,9888,0.000000,0,0,0,0,432,1232,300,32,400,18688,53888,0,0,0,0,432,100,0,0,0,1389,9400
161,W2,4,4,8,8,0,0,0,0,0,0,0,100,100,0,0,0,0,0,100,100,0,0.000000,0,9888,0.000000,0,0,0,0,432,1232,300,32,400,18688,53888,0,0,0,0,432,100,0,0,0,1430,9400
162,W2,4,4,8,8,0,0,0,0,0,0,0,100,100,0,0,0,0,0,100,100,0,0.000000,0,9888,0.000000,0,0,0,0,432,1232,300,32,400,18688,53888,0,0,0,0,432,100,0,0,0,1462,9400
163,W2,4,4,8,8,0,0,0,0,0,0,0,100,100,0,0,0,0,0,100,100,0,0.000000,0,9888,0.000000,0,0,0,0,432,1232,300,32,400,18688,53888,0,0,0,0,432,100,0,0,0,1449,9400
164,W2,4,4,8,8,0,0,0,0,0,0,0,100,100,0,0,0,0,0,100,100,0,0.000000,0,9888,0.000000,0,0,0,0,432,1232,300,32,400,18688,53888,0,0,0,0,432,100,0,0,0,1419,9400
165,W2,4,4,8,8,0,0,0,0,0,0,0,100,100,0,0,0,0,0,100,100,0,0.000000,0,9888,0.000000,0,0,0,0,432,1232,300,32,400,18688,53888,0,0,0,0,432,100,0,0,0,1439,9400
166,W2,4,4,8,8,0,0,0,0,0,0,0,100,100,0,0,0,0,0,100,100,0,0.000000,0,9888,0.000000,0,0,0,0,432,1232,300,32,400,18688,53888,0,0,0,0,432,100,0,0,0,1410,9400
167,W2,4,4,8,8,0,0,0,0,0,0,0,100,100,100,0,0,0,0,100,100,100,100.000000,1600,9888,16.181230,10,10,10,10,432,1232,300,32,400,18688,53888,0,0,0,0,432,100,0,0,0,1421,9400
168,W2,4,4,8,8,0,0,0,0,0,0,0,100,100,0,0,0,0,0,100,100,0,0.000000,0,9888,0.000000,0,0,0,0,432,1232,300,32,400,18688,53888,0,0,0,0,432,100,0,0,0,1424,9400
169,W2,4,4,8,8,0,0,0,0,0,0,0,100,100,0,0,0,0,0,100,100,0,0.000000,0,9888,0.000000,0,0,0,0,432,1232,300,32,400,18688,53888,0,0,0,0,432,100,0,0,0,1472,9400
170,W2,4,4,8,8,0,0,0,0,0,0,0,100,100,0,0,0,0,0,100,100,0,0.000000,0,9888,0.000000,0,0,0,0,432,1232,300,32,400,18688,53888,0,0,0,0,432,100,0,0,0,1375,9400
171,W2,4,4,8,8,0,0,0,0,0,0,0,100,100,0,0,0,0,0,100,100,0,0.000000,0,9888,0.000000,0,0,0,0,432,1232,300,32,400,18688,53888,0,0,0,0,432,100,0,0,0,1460,9400
172,W2,4,4,8,8,0,0,0,0,0,0,0,100,100,0,0,0,0,0,100,100,0,0.000000,0,9888,0.000000,0,0,0,0,432,1232,300,32,400,18688,53888,0,0,0,0,432,100,0,0,0,1388,9400
173,W2,4,4,8,8,0,0,0,0,0,0,0,100,100,0,0,0,0,0,100,100,0,0.000000,0,9888,0.000000,0,0,0,0,432,1232,300,32,400,18688,53888,0,0,0,0,432,100,0,0,0,1411,9400
174,W2,4,4,8,8,0,0,0,0,0,0,0,100,100,0,0,0,0,0,100,100,0,0.000000,0,9888,0.000000,0,0,0,0,432,1232,300,32,400,18688,53888,0,0,0,0,432,100,0,0,0,1412,9400
175,W2,4,4,8,8,0,0,0,0,0,0,0,100,100,0,0,0,0,0,100,100,0,0.000000,0,9888,0.000000,0,0,0,0,432,1232,300,32,400,18688,53888,0,0,0,0,432,100,0,0,0,1458,9400
176,W2,4,4,8,8,0,0,0,0,0,0,0,100,100,100,0,0,0,0,100,100,100,100.000000,1600,9888,16.181230,10,10,10,10,432,1232,300,32,400,18688,53888,0,0,0,0,432,100,0,0,0,1690,9400
177,W2,4,4,8,8,0,0,0,0,0,0,0,100,100,0,0,0,0,0,100,100,0,0.000000,0,9888,0.000000,0,0,0,0,432,1232,300,32,400,18688,53888,0,0,0,0,432,100,0,0,0,1385,9400
178,W2,4,4,8,8,0,0,0,0,0,0,0,100,100,0,0,0,0,0,100,100,0,0.000000,0,9888,0.000000,0,0,0,0,432,1232,300,32,400,18688,53888,0,0,0,0,432,100,0,0,0,1467,9400
179,W2,4,4,8,8,0,0,0,0,0,0,0,100,100,0,0,0,0,0,100,100,0,0.000000,0,9888,0.000000,0,0,0,0,432,1232,300,32,400,18688,53888,0,0,0,0,432,100,0,0,0,1419,9400
180,W2,4,4,8,8,0,0,0,0,0,0,0,100,100,0,0,0,0,0,100,100,0,0.000000,0,9888,0.000000,0,0,0,0,432,1232,300,32,400,18688,53888,0,0,0,0,432,100,0,0,0,1446,9400
181,W2,4,4,8,8,0,0,0,0,0,0,0,100,100,0,0,0,0,0,100,100,0,0.000000,0,9888,0.000000,0,0,0,0,432,1232,300,32,400,18688,53888,0,0,0,0,432,100,0,0,0,1497,9400
182,W2,4,4,8,8,0,0,0,0,0,0,0,100,100,0,0,0,0,0,100,100,0,0.000000,0,9888,0.000000,0,0,0,0,432,1232,300,32,400,18688,53888,0,0,0,0,432,100,0,0,0,1381,9400
183,W2,4,4,8,8,0,0,0,0,0,0,0,100,100,0,0,0,0,0,100,100,0,0.000000,0,9888,0.000000,0,0,0,0,432,1232,300,32,400,18688,53888,0,0,0,0,432,100,0,0,0,1514,9400
184,W2,4,4,8,8,0,0,0,0,0,0,0,100,100,0,0,0,0,0,100,100,0,0.000000,0,9888,0.000000,0,0,0,0,432,1232,300,32,400,18688,53888,0,0,0,0,432,100,0,0,0,1465,9400
185,W2,4,4,8,8,0,0,0,0,0,0,0,100,100,100,0,0,0,0,100,100,100,100.000000,1600,9888,16.181230,10,10,10,10,432,1232,300,32,400,18688,53888,0,0,0,0,432,100,0,0,0,1488,9400
186,W2,4,4,8,8,0,0,0,0,0,0,0,100,100,0,0,0,0,0,100,100,0,0.000000,0,9888,0.000000,0,0,0,0,432,1232,300,32,400,18688,53888,0,0,0,0,432,100,0,0,0,1403,9400
187,W2,4,4,8,8,0,0,0,0,0,0,0,100,100,0,0,0,0,0,100,100,0,0.000000,0,9888,0.000000,0,0,0,0,432,1232,300,32,400,18688,53888,0,0,0,0,432,100,0,0,0,1401,9400
188,W2,4,4,8,8,0,0,0,0,0,0,0,100,100,0,0,0,0,0,100,100,0,0.000000,0,9888,0.000000,0,0,0,0,432,1232,300,32,400,18688,53888,0,0,0,0,432,100,0,0,0,1390,9400
189,W2,4,4,8,8,0,0,0,0,0,0,0,100,100,0,0,0,0,0,100,100,0,0.000000,0,9888,0.000000,0,0,0,0,432,1232,300,32,400,18688,53888,0,0,0,0,432,100,0,0,0,1431,9400
190,W2,4,4,8,8,0,0,0,0,0,0,0,100,100,0,0,0,0,0,100,100,0,0.000000,0,9888,0.000000,0,0,0,0,432,1232,300,32,400,18688,53888,0,0,0,0,432,100,0,0,0,1502,9400
191,W2,4,4,8,8,0,0,0,0,0,0,0,100,100,0,0,0,0,0,100,100,0,0.000000,0,9888,0.000000,0,0,0,0,432,1232,300,32,400,18688,53888,0,0,0,0,432,100,0,0,0,1480,9400
192,W2,4,4,8,8,0,0,0,0,0,0,0,100,100,0,0,0,0,0,100,100,0,0.000000,0,9888,0.000000,0,0,0,0,432,1232,300,32,400,18688,53888,0,0,0,0,432,100,0,0,0,1393,9400
193,W2,4,4,8,8,0,0,0,0,0,0,0,100,100,0,0,0,0,0,100,100,0,0.000000,0,9888,0.000000,0,0,0,0,432,1232,300,32,400,18688,53888,0,0,0,0,432,100,0,0,0,1382,9400
194,W2,4,4,8,8,0,0,0,0,0,0,0,100,100,100,0,0,0,0,100,100,100,100.000000,1600,9888,16.181230,10,10,10,10,432,1232,300,32,400,18688,53888,0,0,0,0,432,100,0,0,0,1385,9400
195,W2,4,4,8,8,0,0,0,0,0,0,0,100,100,0,0,0,0,0,100,100,0,0.000000,0,9888,0.000000,0,0,0,0,432,1232,300,32,400,18688,53888,0,0,0,0,432,100,0,0,0,1486,9400
196,W2,4,4,8,8,0,0,0,0,0,0,0,100,100,0,0,0,0,0,100,100,0,0.000000,0,9888,0.000000,0,0,0,0,432,1232,300,32,400,18688,53888,0,0,0,0,432,100,0,0,0,1428,9400
197,W2,4,4,8,8,0,0,0,0,0,0,0,100,100,0,0,0,0,0,100,100,0,0.000000,0,9888,0.000000,0,0,0,0,432,1232,300,32,400,18688,53888,0,0,0,0,432,100,0,0,0,1443,9400
198,W2,4,4,8,8,0,0,0,0,0,0,0,100,100,0,0,0,0,0,100,100,0,0.000000,0,9888,0.000000,0,0,0,0,432,1232,300,32,400,18688,53888,0,0,0,0,432,100,0,0,0,1404,9400
199,W2,4,4,8,8,0,0,0,0,0,0,0,100,100,0,0,0,0,0,100,100,0,0.000000,0,9888,0.000000,0,0,0,0,432,1232,300,32,400,18688,53888,0,0,0,0,432,100,0,0,0,1424,9400
200,W2,4,4,8,8,0,0,0,0,0,0,0,100,100,0,0,0,0,0,100,100,0,0.000000,0,9888,0.000000,0,0,0,0,432,1232,300,32,400,18688,53888,0,0,0,0,432,100,0,0,0,1424,9400
201,W2,4,4,8,8,0,0,0,0,0,0,0,100,100,0,0,0,0,0,100,100,0,0.000000,0,9888,0.000000,0,0,0,0,432,1232,300,32,400,18688,53888,0,0,0,0,432,100,0,0,0,1468,9400
202,W2,4,4,8,8,0,0,0,0,0,0,0,100,100,0,0,0,0,0,100,100,0,0.000000,0,9888,0.000000,0,0,0,0,432,1232,300,32,400,18688,53888,0,0,0,0,432,100,0,0,0,1388,9400
203,W2,4,4,8,8,0,0,0,0,0,0,0,100,100,100,0,0,0,0,100,100,100,100.000000,1600,9888,16.181230,10,10,10,10,432,1232,300,32,400,18688,53888,0,0,0,0,432,100,0,0,0,1439,9400
204,W2,4,4,8,8,0,0,0,0,0,0,0,100,100,0,0,0,0,0,100,100,0,0.000000,0,9888,0.000000,0,0,0,0,432,1232,300,32,400,18688,53888,0,0,0,0,432,100,0,0,0,1413,9400
205,W2,4,4,8,8,0,0,0,0,0,0,0,100,100,0,0,0,0,0,100,100,0,0.000000,0,9888,0.000000,0,0,0,0,432,1232,300,32,400,18688,53888,0,0,0,0,432,100,0,0,0,1428,9400
206,W2,4,4,8,8,0,0,0,0,0,0,0,100,100,0,0,0,0,0,100,100,0,0.000000,0,9888,0.000000,0,0,0,0,432,1232,300,32,400,18688,53888,0,0,0,0,432,100,0,0,0,1500,9400
207,W2,4,4,8,8,0,0,0,0,0,0,0,100,100,0,0,0,0,0,100,100,0,0.000000,0,9888,0.000000,0,0,0,0,432,1232,300,32,400,18688,53888,0,0,0,0,432,100,0,0,0,1408,9400
208,W2,4,4,8,8,0,0,0,0,0,0,0,100,100,0,0,0,0,0,100,100,0,0.000000,0,9888,0.000000,0,0,0,0,432,1232,300,32,400,18688,53888,0,0,0,0,432,100,0,0,0,1464,9400
209,W2,4,4,8,8,0,0,0,0,0,0,0,100,100,0,0,0,0,0,100,100,0,0.000000,0,9888,0.000000,0,0,0,0,432,1232,300,32,400,18688,53888,0,0,0,0,432,100,0,0,0,1436,9400
210,W2,4,4,8,8,0,0,0,0,0,0,0,100,100,0,0,0,0,0,100,100,0,0.000000,0,9888,0.000000,0,0,0,0,432,1232,300,32,400,18688,53888,0,0,0,0,432,100,0,0,0,1398,9400
211,W2,4,4,8,8,0,0,0,0,0,0,0,100,100,0,0,0,0,0,100,100,0,0.000000,0,9888,0.000000,0,0,0,0,432,1232,300,32,400,18688,53888,0,0,0,0,432,100,0,0,0,1507,9400
212,W2,4,4,8,8,0,0,0,0,0,0,0,100,100,100,0,0,0,0,100,100,100,100.000000,1600,9888,16.181230,10,10,10,10,432,1232,300,32,400,18688,53888,0,0,0,0,432,100,0,0,0,1434,9400
213,W2,4,4,8,8,0,0,0,0,0,0,0,100,100,0,0,0,0,0,100,100,0,0.000000,0,9888,0.000000,0,0,0,0,432,1232,300,32,400,18688,53888,0,0,0,0,432,100,0,0,0,1435,9400
214,W2,4,4,8,8,0,0,0,0,0,0,0,100,100,0,0,0,0,0,100,100,0,0.000000,0,9888,0.000000,0,0,0,0,432,1232,300,32,400,18688,53888,0,0,0,0,432,100,0,0,0,1453,9400
215,W2,4,4,8,8,0,0,0,0,0,0,0,100,100,0,0,0,0,0,100,100,0,0.000000,0,9888,0.000000,0,0,0,0,432,1232,300,32,400,18688,53888,0,0,0,0,432,100,0,0,0,1526,9400
216,W2,4,4,8,8,0,0,0,0,0,0,0,100,100,0,0,0,0,0,100,100,0,0.000000,0,9888,0.000000,0,0,0,0,432,1232,300,32,400,18688,53888,0,0,0,0,432,100,0,0,0,1555,9400
217,W2,4,4,8,8,0,0,0,0,0,0,0,100,100,0,0,0,0,0,100,100,0,0.000000,0,9888,0.000000,0,0,0,0,432,1232,300,32,400,18688,53888,0,0,0,0,432,100,0,0,0,1458,9400
218,W2,4,4,8,8,0,0,0,0,0,0,0,100,100,0,0,0,0,0,100,100,0,0.000000,0,9888,0.000000,0,0,0,0,432,1232,300,32,400,18688,53888,0,0,0,0,432,100,0,0,0,1579,9400
219,W2,4,4,8,8,0,0,0,0,0,0,0,100,100,0,0,0,0,0,100,100,0,0.000000,0,9888,0.000000,0,0,0,0,432,1232,300,32,400,18688,53888,0,0,0,0,432,100,0,0,0,1514,9400
220,W2,4,4,8,8,0,0,0,0,0,0,0,100,100,0,0,0,0,0,100,100,0,0.000000,0,9888,0.000000,0,0,0,0,432,1232,300,32,400,18688,53888,0,0,0,0,432,100,0,0,0,1573,9400
221,W2,4,4,8,8,0,0,0,0,0,0,0,100,100,100,0,0,0,0,100,100,100,100.000000,1600,9888,16.181230,10,10,10,10,432,1232,300,32,400,18688,53888,0,0,0,0,432,100,0,0,0,1466,9400
222,W2,4,4,8,8,0,0,0,0,0,0,0,100,100,0,0,0,0,0,100,100,0,0.000000,0,9888,0.000000,0,0,0,0,432,1232,300,32,400,18688,53888,0,0,0,0,432,100,0,0,0,1424,9400
223,W2,4,4,8,8,0,0,0,0,0,0,0,100,100,0,0,0,0,0,100,100,0,0.000000,0,9888,0.000000,0,0,0,0,432,1232,300,32,400,18688,53888,0,0,0,0,432,100,0,0,0,1434,9400
224,W2,4,4,8,8,0,0,0,0,0,0,0,100,100,0,0,0,0,0,100,100,0,0.000000,0,9888,0.000000,0,0,0,0,432,1232,300,32,400,18688,53888,0,0,0,0,432,100,0,0,0,1437,9400
225,W2,4,4,8,8,0,0,0,0,0,0,0,100,100,0,0,0,0,0,100,100,0,0.000000,0,9888,0.000000,0,0,0,0,432,1232,300,32,400,18688,53888,0,0,0,0,432,100,0,0,0,1506,9400
226,W2,4,4,8,8,0,0,0,0,0,0,0,100,100,0,0,0,0,0,100,100,0,0.000000,0,9888,0.000000,0,0,0,0,432,1232,300,32,400,18688,53888,0,0,0,0,432,100,0,0,0,1412,9400
227,W2,4,4,8,8,0,0,0,0,0,0,0,100,100,0,0,0,0,0,100,100,0,0.000000,0,9888,0.000000,0,0,0,0,432,1232,300,32,400,18688,53888,0,0,0,0,432,100,0,0,0,1383,9400
228,W2,4,4,8,8,0,0,0,0,0,0,0,100,100,0,0,0,0,0,100,100,0,0.000000,0,9888,0.000000,0,0,0,0,432,1232,300,32,400,18688,53888,0,0,0,0,432,100,0,0,0,1688,9400
229,W2,4,4,8,8,0,0,0,0,0,0,0,100,100,0,0,0,0,0,100,100,0,0.000000,0,9888,0.000000,0,0,0,0,432,1232,300,32,400,18688,53888,0,0,0,0,432,100,0,0,0,1397,9400
230,W2,4,4,8,8,0,0,0,0,0,0,0,100,100,100,0,0,0,0,100,100,100,100.000000,1600,9888,16.181230,10,10,10,10,432,1232,300,32,400,18688,53888,0,0,0,0,432,100,0,0,0,1435,9400
231,W2,4,4,8,8,0,0,0,0,0,0,0,100,100,0,0,0,0,0,100,100,0,0.000000,0,9888,0.000000,0,0,0,0,432,1232,300,32,400,18688,53888,0,0,0,0,432,100,0,0,0,1515,9400
232,W2,4,4,8,8,0,0,0,0,0,0,0,100,100,0,0,0,0,0,100,100,0,0.000000,0,9888,0.000000,0,0,0,0,432,1232,300,32,400,18688,53888,0,0,0,0,432,100,0,0,0,1439,9400
233,W2,4,4,8,8,0,0,0,0,0,0,0,100,100,0,0,0,0,0,100,100,0,0.000000,0,9888,0.000000,0,0,0,0,432,1232,300,32,400,18688,53888,0,0,0,0,432,100,0,0,0,1376,9400
234,W2,4,4,8,8,0,0,0,0,0,0,0,100,100,0,0,0,0,0,100,100,0,0.000000,0,9888,0.000000,0,0,0,0,432,1232,300,32,400,18688,53888,0,0,0,0,432,100,0,0,0,1462,9400
235,W2,4,4,8,8,0,0,0,0,0,0,0,100,100,0,0,0,0,0,100,100,0,0.000000,0,9888,0.000000,0,0,0,0,432,1232,300,32,400,18688,53888,0,0,0,0,432,100,0,0,0,1535,9400
236,W2,4,4,8,8,0,0,0,0,0,0,0,100,100,0,0,0,0,0,100,100,0,0.000000,0,9888,0.000000,0,0,0,0,432,1232,300,32,400,18688,53888,0,0,0,0,432,100,0,0,0,1440,9400
237,W2,4,4,8,8,0,0,0,0,0,0,0,100,100,0,0,0,0,0,100,100,0,0.000000,0,9888,0.000000,0,0,0,0,432,1232,300,32,400,18688,53888,0,0,0,0,432,100,0,0,0,1406,9400
238,W2,4,4,8,8,0,0,0,0,0,0,0,100,100,0,0,0,0,0,100,100,0,0.000000,0,9888,0.000000,0,0,0,0,432,1232,300,32,400,18688,53888,0,0,0,0,432,100,0,0,0,1454,9400
239,W2,4,4,8,8,0,0,0,0,0,0,0,100,100,100,0,0,0,0,100,100,100,100.000000,1600,9888,16.181230,10,10,10,10,432,1232,300,32,400,18688,53888,0,0,0,0,432,100,0,0,0,1392,9400
240,W2,4,4,8,8,0,0,0,0,0,0,0,100,100,0,0,0,0,0,100,100,0,0.000000,0,9888,0.000000,0,0,0,0,432,1232,300,32,400,18688,53888,0,0,0,0,432,100,0,0,0,1396,9400
241,W2,4,4,8,8,0,0,0,0,0,0,0,100,100,0,0,0,0,0,100,100,0,0.000000,0,9888,0.000000,0,0,0,0,432,1232,300,32,400,18688,53888,0,0,0,0,432,100,0,0,0,1432,9400
242,W2,4,4,8,8,0,0,0,0,0,0,0,100,100,0,0,0,0,0,100,100,0,0.000000,0,9888,0.000000,0,0,0,0,432,1232,300,32,400,18688,53888,0,0,0,0,432,100,0,0,0,1479,9400
243,W2,4,4,8,8,0,0,0,0,0,0,0,100,100,0,0,0,0,0,100,100,0,0.000000,0,9888,0.000000,0,0,0,0,432,1232,300,32,400,18688,53888,0,0,0,0,432,100,0,0,0,1373,9400
244,W2,4,4,8,8,0,0,0,0,0,0,0,100,100,0,0,0,0,0,100,100,0,0.000000,0,9888,0.000000,0,0,0,0,432,1232,300,32,400,18688,53888,0,0,0,0,432,100,0,0,0,1442,9400
245,W2,4,4,8,8,0,0,0,0,0,0,0,100,100,0,0,0,0,0,100,100,0,0.000000,0,9888,0.000000,0,0,0,0,432,1232,300,32,400,18688,53888,0,0,0,0,432,100,0,0,0,1552,9400
246,W2,4,4,8,8,0,0,0,0,0,0,0,100,100,0,0,0,0,0,100,100,0,0.000000,0,9888,0.000000,0,0,0,0,432,1232,300,32,400,18688,53888,0,0,0,0,432,100,0,0,0,1513,9400
247,W2,4,4,8,8,0,0,0,0,0,0,0,100,100,0,0,0,0,0,100,100,0,0.000000,0,9888,0.000000,0,0,0,0,432,1232,300,32,400,18688,53888,0,0,0,0,432,100,0,0,0,1419,9400
248,W2,4,4,8,8,0,0,0,0,0,0,0,100,100,100,0,0,0,0,100,100,100,100.000000,1600,9888,16.181230,10,10,10,10,432,1232,300,32,400,18688,53888,0,0,0,0,432,100,0,0,0,1448,9400
249,W2,4,4,8,8,0,0,0,0,0,0,0,100,100,0,0,0,0,0,100,100,0,0.000000,0,9888,0.000000,0,0,0,0,432,1232,300,32,400,18688,53888,0,0,0,0,432,100,0,0,0,1509,9400
250,W2,4,4,8,8,0,0,0,0,0,0,0,100,100,0,0,0,0,0,100,100,0,0.000000,0,9888,0.000000,0,0,0,0,432,1232,300,32,400,18688,53888,0,0,0,0,432,100,0,0,0,1414,9400
251,W2,4,4,8,8,0,0,0,0,0,0,0,100,100,0,0,0,0,0,100,100,0,0.000000,0,9888,0.000000,0,0,0,0,432,1232,300,32,400,18688,53888,0,0,0,0,432,100,0,0,0,1415,9400
252,W2,4,4,8,8,0,0,0,0,0,0,0,100,100,0,0,0,0,0,100,100,0,0.000000,0,9888,0.000000,0,0,0,0,432,1232,300,32,400,18688,53888,0,0,0,0,432,100,0,0,0,1459,9400
253,W2,4,4,8,8,0,0,0,0,0,0,0,100,100,0,0,0,0,0,100,100,0,0.000000,0,9888,0.000000,0,0,0,0,432,1232,300,32,400,18688,53888,0,0,0,0,432,100,0,0,0,1422,9400
254,W2,4,4,8,8,0,0,0,0,0,0,0,100,100,0,0,0,0,0,100,100,0,0.000000,0,9888,0.000000,0,0,0,0,432,1232,300,32,400,18688,53888,0,0,0,0,432,100,0,0,0,1514,9400
255,W2,4,4,8,8,0,0,0,0,0,0,0,100,100,0,0,0,0,0,100,100,0,0.000000,0,9888,0.000000,0,0,0,0,432,1232,300,32,400,18688,53888,0,0,0,0,432,100,0,0,0,1366,9400
256,W2,4,4,8,8,0,0,0,0,0,0,0,100,100,0,0,0,0,0,100,100,0,0.000000,0,9888,0.000000,0,0,0,0,432,1232,300,32,400,18688,53888,0,0,0,0,432,100,0,0,0,1432,9400
257,W2,4,4,8,8,0,0,0,0,0,0,0,100,100,100,0,0,0,0,100,100,100,100.000000,1600,9888,16.181230,10,10,10,10,432,1232,300,32,400,18688,53888,0,0,0,0,432,100,0,0,0,1428,9400
258,W2,4,4,8,8,0,0,0,0,0,0,0,100,100,0,0,0,0,0,100,100,0,0.000000,0,9888,0.000000,0,0,0,0,432,1232,300,32,400,18688,53888,0,0,0,0,432,100,0,0,0,1408,9400
259,W2,4,4,8,8,0,0,0,0,0,0,0,100,100,0,0,0,0,0,100,100,0,0.000000,0,9888,0.000000,0,0,0,0,432,1232,300,32,400,18688,53888,0,0,0,0,432,100,0,0,0,1429,9400
260,W2,4,4,8,8,0,0,0,0,0,0,0,100,100,0,0,0,0,0,100,100,0,0.000000,0,9888,0.000000,0,0,0,0,432,1232,300,32,400,18688,53888,0,0,0,0,432,100,0,0,0,1469,9400
261,W2,4,4,8,8,0,0,0,0,0,0,0,100,100,0,0,0,0,0,100,100,0,0.000000,0,9888,0.000000,0,0,0,0,432,1232,300,32,400,18688,53888,0,0,0,0,432,100,0,0,0,1396,9400
262,W2,4,4,8,8,0,0,0,0,0,0,0,100,100,0,0,0,0,0,100,100,0,0.000000,0,9888,0.000000,0,0,0,0,432,1232,300,32,400,18688,53888,0,0,0,0,432,100,0,0,0,1378,9400
263,W2,4,4,8,8,0,0,0,0,0,0,0,100,100,0,0,0,0,0,100,100,0,0.000000,0,9888,0.000000,0,0,0,0,432,1232,300,32,400,18688,53888,0,0,0,0,432,100,0,0,0,1444,9400
264,W2,4,4,8,8,0,0,0,0,0,0,0,100,100,0,0,0,0,0,100,100,0,0.000000,0,9888,0.000000,0,0,0,0,432,1232,300,32,400,18688,53888,0,0,0,0,432,100,0,0,0,1400,9400
265,W2,4,4,8,8,0,0,0,0,0,0,0,100,100,0,0,0,0,0,100,100,0,0.000000,0,9888,0.000000,0,0,0,0,432,1232,300,32,400,18688,53888,0,0,0,0,432,100,0,0,0,1387,9400
266,W2,4,4,8,8,0,0,0,0,0,0,0,100,100,100,0,0,0,0,100,100,100,100.000000,1600,9888,16.181230,10,10,10,10,432,1232,300,32,400,18688,53888,0,0,0,0,432,100,0,0,0,1416,9400
267,W2,4,4,8,8,0,0,0,0,0,0,0,100,100,0,0,0,0,0,100,100,0,0.000000,0,9888,0.000000,0,0,0,0,432,1232,300,32,400,18688,53888,0,0,0,0,432,100,0,0,0,1463,9400
268,W2,4,4,8,8,0,0,0,0,0,0,0,100,100,0,0,0,0,0,100,100,0,0.000000,0,9888,0.000000,0,0,0,0,432,1232,300,32,400,18688,53888,0,0,0,0,432,100,0,0,0,1475,9400
269,W2,4,4,8,8,0,0,0,0,0,0,0,100,100,0,0,0,0,0,100,100,0,0.000000,0,9888,0.000000,0,0,0,0,432,1232,300,32,400,18688,53888,0,0,0,0,432,100,0,0,0,1401,9400
270,W2,4,4,8,8,0,0,0,0,0,0,0,100,100,0,0,0,0,0,100,100,0,0.000000,0,9888,0.000000,0,0,0,0,432,1232,300,32,400,18688,53888,0,0,0,0,432,100,0,0,0,1507,9400
271,W2,4,4,8,8,0,0,0,0,0,0,0,100,100,0,0,0,0,0,100,100,0,0.000000,0,9888,0.000000,0,0,0,0,432,1232,300,32,400,18688,53888,0,0,0,0,432,100,0,0,0,1472,9400
272,W2,4,4,8,8,0,0,0,0,0,0,0,100,100,0,0,0,0,0,100,100,0,0.000000,0,9888,0.000000,0,0,0,0,432,1232,300,32,400,18688,53888,0,0,0,0,432,100,0,0,0,1495,9400
273,W2,4,4,8,8,0,0,0,0,0,0,0,100,100,0,0,0,0,0,100,100,0,0.000000,0,9888,0.000000,0,0,0,0,432,1232,300,32,400,18688,53888,0,0,0,0,432,100,0,0,0,1409,9400
274,W2,4,4,8,8,0,0,0,0,0,0,0,100,100,0,0,0,0,0,100,100,0,0.000000,0,9888,0.000000,0,0,0,0,432,1232,300,32,400,18688,53888,0,0,0,0,432,100,0,0,0,1472,9400
275,W2,4,4,8,8,0,0,0,0,0,0,0,100,100,100,0,0,0,0,100,100,100,100.000000,1600,9888,16.181230,10,10,10,10,432,1232,300,32,400,18688,53888,0,0,0,0,432,100,0,0,0,1377,9400
276,W2,4,4,8,8,0,0,0,0,0,0,0,100,100,0,0,0,0,0,100,100,0,0.000000,0,9888,0.000000,0,0,0,0,432,1232,300,32,400,18688,53888,0,0,0,0,432,100,0,0,0,1366,9400
277,W2,4,4,8,8,0,0,0,0,0,0,0,100,100,0,0,0,0,0,100,100,0,0.000000,0,9888,0.000000,0,0,0,0,432,1232,300,32,400,18688,53888,0,0,0,0,432,100,0,0,0,1408,9400
278,W2,4,4,8,8,0,0,0,0,0,0,0,100,100,0,0,0,0,0,100,100,0,0.000000,0,9888,0.000000,0,0,0,0,432,1232,300,32,400,18688,53888,0,0,0,0,432,100,0,0,0,1366,9400
279,W2,4,4,8,8,0,0,0,0,0,0,0,100,100,0,0,0,0,0,100,100,0,0.000000,0,9888,0.000000,0,0,0,0,432,1232,300,32,400,18688,53888,0,0,0,0,432,100,0,0,0,1464,9400
280,W2,4,4,8,8,0,0,0,0,0,0,0,100,100,0,0,0,0,0,100,100,0,0.000000,0,9888,0.000000,0,0,0,0,432,1232,300,32,400,18688,53888,0,0,0,0,432,100,0,0,0,1521,9400
281,W2,4,4,8,8,0,0,0,0,0,0,0,100,100,0,0,0,0,0,100,100,0,0.000000,0,9888,0.000000,0,0,0,0,432,1232,300,32,400,18688,53888,0,0,0,0,432,100,0,0,0,1402,9400
282,W2,4,4,8,8,0,0,0,0,0,0,0,100,100,0,0,0,0,0,100,100,0,0.000000,0,9888,0.000000,0,0,0,0,432,1232,300,32,400,18688,53888,0,0,0,0,432,100,0,0,0,1427,9400
283,W2,4,4,8,8,0,0,0,0,0,0,0,100,100,0,0,0,0,0,100,100,0,0.000000,0,9888,0.000000,0,0,0,0,432,1232,300,32,400,18688,53888,0,0,0,0,432,100,0,0,0,1415,9400
284,W2,4,4,8,8,0,0,0,0,0,0,0,100,100,100,0,0,0,0,100,100,100,100.000000,1600,9888,16.181230,10,10,10,10,432,1232,300,32,400,18688,53888,0,0,0,0,432,100,0,0,0,1429,9400
285,W2,4,4,8,8,0,0,0,0,0,0,0,100,100,0,0,0,0,0,100,100,0,0.000000,0,9888,0.000000,0,0,0,0,432,1232,300,32,400,18688,53888,0,0,0,0,432,100,0,0,0,1438,9400
286,W2,4,4,8,8,0,0,0,0,0,0,0,100,100,0,0,0,0,0,100,100,0,0.000000,0,9888,0.000000,0,0,0,0,432,1232,300,32,400,18688,53888,0,0,0,0,432,100,0,0,0,1459,9400
287,W2,4,4,8,8,0,0,0,0,0,0,0,100,100,0,0,0,0,0,100,100,0,0.000000,0,9888,0.000000,0,0,0,0,432,1232,300,32,400,18688,53888,0,0,0,0,432,100,0,0,0,1446,9400
288,W2,4,4,8,8,0,0,0,0,0,0,0,100,100,0,0,0,0,0,100,100,0,0.000000,0,9888,0.000000,0,0,0,0,432,1232,300,32,400,18688,53888,0,0,0,0,432,100,0,0,0,1417,9400
289,W2,4,4,8,8,0,0,0,0,0,0,0,100,100,0,0,0,0,0,100,100,0,0.000000,0,9888,0.000000,0,0,0,0,432,1232,300,32,400,18688,53888,0,0,0,0,432,100,0,0,0,1413,9400
290,W2,4,4,8,8,0,0,0,0,0,0,0,100,100,0,0,0,0,0,100,100,0,0.000000,0,9888,0.000000,0,0,0,0,432,1232,300,32,400,18688,53888,0,0,0,0,432,100,0,0,0,1424,9400
291,W2,4,4,8,8,0,0,0,0,0,0,0,100,100,0,0,0,0,0,100,100,0,0.000000,0,9888,0.000000,0,0,0,0,432,1232,300,32,400,18688,53888,0,0,0,0,432,100,0,0,0,1437,9400
292,W2,4,4,8,8,0,0,0,0,0,0,0,100,100,0,0,0,0,0,100,100,0,0.000000,0,9888,0.000000,0,0,0,0,432,1232,300,32,400,18688,53888,0,0,0,0,432,100,0,0,0,1418,9400
293,W2,4,4,8,8,0,0,0,0,0,0,0,100,100,100,0,0,0,0,100,100,100,100.000000,1600,9888,16.181230,10,10,10,10,432,1232,300,32,400,18688,53888,0,0,0,0,432,100,0,0,0,1390,9400
294,W2,4,4,8,8,0,0,0,0,0,0,0,100,100,0,0,0,0,0,100,100,0,0.000000,0,9888,0.000000,0,0,0,0,432,1232,300,32,400,18688,53888,0,0,0,0,432,100,0,0,0,1384,9400
295,W2,4,4,8,8,0,0,0,0,0,0,0,100,100,0,0,0,0,0,100,100,0,0.000000,0,9888,0.000000,0,0,0,0,432,1232,300,32,400,18688,53888,0,0,0,0,432,100,0,0,0,1582,9400
296,W2,4,4,8,8,0,0,0,0,0,0,0,100,100,0,0,0,0,0,100,100,0,0.000000,0,9888,0.000000,0,0,0,0,432,1232,300,32,400,18688,53888,0,0,0,0,432,100,0,0,0,1485,9400
297,W2,4,4,8,8,0,0,0,0,0,0,0,100,100,0,0,0,0,0,100,100,0,0.000000,0,9888,0.000000,0,0,0,0,432,1232,300,32,400,18688,53888,0,0,0,0,432,100,0,0,0,1399,9400
298,W2,4,4,8,8,0,0,0,0,0,0,0,100,100,0,0,0,0,0,100,100,0,0.000000,0,9888,0.000000,0,0,0,0,432,1232,300,32,400,18688,53888,0,0,0,0,432,100,0,0,0,1435,9400
299,W2,4,4,8,8,0,0,0,0,0,0,0,100,100,0,0,0,0,0,100,100,0,0.000000,0,9888,0.000000,0,0,0,0,432,1232,300,32,400,18688,53888,0,0,0,0,432,100,0,0,0,1422,9400
300,W2,4,4,8,8,0,0,0,0,0,0,0,100,100,0,0,0,0,0,100,100,0,0.000000,0,9888,0.000000,0,0,0,0,432,1232,300,32,400,18688,53888,0,0,0,0,432,100,0,0,0,1349,9400
301,W2,4,4,8,8,0,0,0,0,0,0,0,100,100,0,0,0,0,0,100,100,0,0.000000,0,9888,0.000000,0,0,0,0,432,1232,300,32,400,18688,53888,0,0,0,0,432,100,0,0,0,1397,9400
302,W2,4,4,8,8,0,0,0,0,0,0,0,100,100,100,0,0,0,0,100,100,100,100.000000,1600,9888,16.181230,10,10,10,10,432,1232,300,32,400,18688,53888,0,0,0,0,432,100,0,0,0,1399,9400
303,W2,4,4,8,8,0,0,0,0,0,0,0,100,100,0,0,0,0,0,100,100,0,0.000000,0,9888,0.000000,0,0,0,0,432,1232,300,32,400,18688,53888,0,0,0,0,432,100,0,0,0,1402,9400
304,W2,4,4,8,8,0,0,0,0,0,0,0,100,100,0,0,0,0,0,100,100,0,0.000000,0,9888,0.000000,0,0,0,0,432,1232,300,32,400,18688,53888,0,0,0,0,432,100,0,0,0,1594,9400
305,W2,4,4,8,8,0,0,0,0,0,0,0,100,100,0,0,0,0,0,100,100,0,0.000000,0,9888,0.000000,0,0,0,0,432,1232,300,32,400,18688,53888,0,0,0,0,432,100,0,0,0,1392,9400
306,W2,4,4,8,8,0,0,0,0,0,0,0,100,100,0,0,0,0,0,100,100,0,0.000000,0,9888,0.000000,0,0,0,0,432,1232,300,32,400,18688,53888,0,0,0,0,432,100,0,0,0,1404,9400
307,W2,4,4,8,8,0,0,0,0,0,0,0,100,100,0,0,0,0,0,100,100,0,0.000000,0,9888,0.000000,0,0,0,0,432,1232,300,32,400,18688,53888,0,0,0,0,432,100,0,0,0,1472,9400
308,W2,4,4,8,8,0,0,0,0,0,0,0,100,100,0,0,0,0,0,100,100,0,0.000000,0,9888,0.000000,0,0,0,0,432,1232,300,32,400,18688,53888,0,0,0,0,432,100,0,0,0,1394,9400
309,W2,4,4,8,8,0,0,0,0,0,0,0,100,100,0,0,0,0,0,100,100,0,0.000000,0,9888,0.000000,0,0,0,0,432,1232,300,32,400,18688,53888,0,0,0,0,432,100,0,0,0,1425,9400
310,W2,4,4,8,8,0,0,0,0,0,0,0,100,100,0,0,0,0,0,100,100,0,0.000000,0,9888,0.000000,0,0,0,0,432,1232,300,32,400,18688,53888,0,0,0,0,432,100,0,0,0,1442,9400
311,W2,4,4,8,8,0,0,0,0,0,0,0,100,100,100,0,0,0,0,100,100,100,100.000000,1600,9888,16.181230,10,10,10,10,432,1232,300,32,400,18688,53888,0,0,0,0,432,100,0,0,0,1384,9400
312,W2,4,4,8,8,0,0,0,0,0,0,0,100,100,0,0,0,0,0,100,100,0,0.000000,0,9888,0.000000,0,0,0,0,432,1232,300,32,400,18688,53888,0,0,0,0,432,100,0,0,0,1405,9400
313,W2,4,4,8,8,0,0,0,0,0,0,0,100,100,0,0,0,0,0,100,100,0,0.000000,0,9888,0.000000,0,0,0,0,432,1232,300,32,400,18688,53888,0,0,0,0,432,100,0,0,0,1397,9400
314,W2,4,4,8,8,0,0,0,0,0,0,0,100,100,0,0,0,0,0,100,100,0,0.000000,0,9888,0.000000,0,0,0,0,432,1232,300,32,400,18688,53888,0,0,0,0,432,100,0,0,0,1401,9400
315,W2,4,4,8,8,0,0,0,0,0,0,0,100,100,0,0,0,0,0,100,100,0,0.000000,0,9888,0.000000,0,0,0,0,432,1232,300,32,400,18688,53888,0,0,0,0,432,100,0,0,0,1349,9400
316,W2,4,4,8,8,0,0,0,0,0,0,0,100,100,0,0,0,0,0,100,100,0,0.000000,0,9888,0.000000,0,0,0,0,432,1232,300,32,400,18688,53888,0,0,0,0,432,100,0,0,0,1410,9400
317,W2,4,4,8,8,0,0,0,0,0,0,0,100,100,0,0,0,0,0,100,100,0,0.000000,0,9888,0.000000,0,0,0,0,432,1232,300,32,400,18688,53888,0,0,0,0,432,100,0,0,0,1419,9400
318,W2,4,4,8,8,0,0,0,0,0,0,0,100,100,0,0,0,0,0,100,100,0,0.000000,0,9888,0.000000,0,0,0,0,432,1232,300,32,400,18688,53888,0,0,0,0,432,100,0,0,0,1404,9400
319,W2,4,4,8,8,0,0,0,0,0,0,0,100,100,0,0,0,0,0,100,100,0,0.000000,0,9888,0.000000,0,0,0,0,432,1232,300,32,400,18688,53888,0,0,0,0,432,100,0,0,0,1486,9400
320,W2,4,4,8,8,0,0,0,0,0,0,0,100,100,100,0,0,0,0,100,100,100,100.000000,1600,9888,16.181230,10,10,10,10,432,1232,300,32,400,18688,53888,0,0,0,0,432,100,0,0,0,1424,9400
321,W2,4,4,8,8,0,0,0,0,0,0,0,100,100,0,0,0,0,0,100,100,0,0.000000,0,9888,0.000000,0,0,0,0,432,1232,300,32,400,18688,53888,0,0,0,0,432,100,0,0,0,1465,9400
322,W2,4,4,8,8,0,0,0,0,0,0,0,100,100,0,0,0,0,0,100,100,0,0.000000,0,9888,0.000000,0,0,0,0,432,1232,300,32,400,18688,53888,0,0,0,0,432,100,0,0,0,1436,9400
323,W2,4,4,8,8,0,0,0,0,0,0,0,100,100,0,0,0,0,0,100,100,0,0.000000,0,9888,0.000000,0,0,0,0,432,1232,300,32,400,18688,53888,0,0,0,0,432,100,0,0,0,1363,9400
324,W2,4,4,8,8,0,0,0,0,0,0,0,100,100,0,0,0,0,0,100,100,0,0.000000,0,9888,0.000000,0,0,0,0,432,1232,300,32,400,18688,53888,0,0,0,0,432,100,0,0,0,1405,9400
325,W2,4,4,8,8,0,0,0,0,0,0,0,100,100,0,0,0,0,0,100,100,0,0.000000,0,9888,0.000000,0,0,0,0,432,1232,300,32,400,18688,53888,0,0,0,0,432,100,0,0,0,1465,9400
326,W2,4,4,8,8,0,0,0,0,0,0,0,100,100,0,0,0,0,0,100,100,0,0.000000,0,9888,0.000000,0,0,0,0,432,1232,300,32,400,18688,53888,0,0,0,0,432,100,0,0,0,1420,9400
327,W2,4,4,8,8,0,0,0,0,0,0,0,100,100,0,0,0,0,0,100,100,0,0.000000,0,9888,0.000000,0,0,0,0,432,1232,300,32,400,18688,53888,0,0,0,0,432,100,0,0,0,1414,9400
328,W2,4,4,8,8,0,0,0,0,0,0,0,100,100,0,0,0,0,0,100,100,0,0.000000,0,9888,0.000000,0,0,0,0,432,1232,300,32,400,18688,53888,0,0,0,0,432,100,0,0,0,1393,9400
329,W2,4,4,8,8,0,0,0,0,0,0,0,100,100,100,0,0,0,0,100,100,100,100.000000,1600,9888,16.181230,10,10,10,10,432,1232,300,32,400,18688,53888,0,0,0,0,432,100,0,0,0,1382,9400
330,W2,4,4,8,8,0,0,0,0,0,0,0,100,100,0,0,0,0,0,100,100,0,0.000000,0,9888,0.000000,0,0,0,0,432,1232,300,32,400,18688,53888,0,0,0,0,432,100,0,0,0,1450,9400
331,W2,4,4,8,8,0,0,0,0,0,0,0,100,100,0,0,0,0,0,100,100,0,0.000000,0,9888,0.000000,0,0,0,0,432,1232,300,32,400,18688,53888,0,0,0,0,432,100,0,0,0,1391,9400
332,W2,4,4,8,8,0,0,0,0,0,0,0,100,100,0,0,0,0,0,100,100,0,0.000000,0,9888,0.000000,0,0,0,0,432,1232,300,32,400,18688,53888,0,0,0,0,432,100,0,0,0,1422,9400
333,W2,4,4,8,8,0,0,0,0,0,0,0,100,100,0,0,0,0,0,100,100,0,0.000000,0,9888,0.000000,0,0,0,0,432,1232,300,32,400,18688,53888,0,0,0,0,432,100,0,0,0,1441,9400
334,W2,4,4,8,8,0,0,0,0,0,0,0,100,100,0,0,0,0,0,100,100,0,0.000000,0,9888,0.000000,0,0,0,0,432,1232,300,32,400,18688,53888,0,0,0,0,432,100,0,0,0,1417,9400
335,W2,4,4,8,8,0,0,0,0,0,0,0,100,100,0,0,0,0,0,100,100,0,0.000000,0,9888,0.000000,0,0,0,0,432,1232,300,32,400,18688,53888,0,0,0,0,432,100,0,0,0,1398,9400
336,W2,4,4,8,8,0,0,0,0,0,0,0,100,100,0,0,0,0,0,100,100,0,0.000000,0,9888,0.000000,0,0,0,0,432,1232,300,32,400,18688,53888,0,0,0,0,432,100,0,0,0,1425,9400
337,W2,4,4,8,8,0,0,0,0,0,0,0,100,100,0,0,0,0,0,100,100,0,0.000000,0,9888,0.000000,0,0,0,0,432,1232,300,32,400,18688,53888,0,0,0,0,432,100,0,0,0,1420,9400
338,W2,4,4,8,8,0,0,0,0,0,0,0,100,100,100,0,0,0,0,100,100,100,100.000000,1600,9888,16.181230,10,10,10,10,432,1232,300,32,400,18688,53888,0,0,0,0,432,100,0,0,0,1492,9400
339,W2,4,4,8,8,0,0,0,0,0,0,0,100,100,0,0,0,0,0,100,100,0,0.000000,0,9888,0.000000,0,0,0,0,432,1232,300,32,400,18688,53888,0,0,0,0,432,100,0,0,0,1392,9400
340,W2,4,4,8,8,0,0,0,0,0,0,0,100,100,0,0,0,0,0,100,100,0,0.000000,0,9888,0.000000,0,0,0,0,432,1232,300,32,400,18688,53888,0,0,0,0,432,100,0,0,0,1411,9400
341,W2,4,4,8,8,0,0,0,0,0,0,0,100,100,0,0,0,0,0,100,100,0,0.000000,0,9888,0.000000,0,0,0,0,432,1232,300,32,400,18688,53888,0,0,0,0,432,100,0,0,0,1350,9400
342,W2,4,4,8,8,0,0,0,0,0,0,0,100,100,0,0,0,0,0,100,100,0,0.000000,0,9888,0.000000,0,0,0,0,432,1232,300,32,400,18688,53888,0,0,0,0,432,100,0,0,0,1434,9400
343,W2,4,4,8,8,0,0,0,0,0,0,0,100,100,0,0,0,0,0,100,100,0,0.000000,0,9888,0.000000,0,0,0,0,432,1232,300,32,400,18688,53888,0,0,0,0,432,100,0,0,0,1377,9400
344,W2,4,4,8,8,0,0,0,0,0,0,0,100,100,0,0,0,0,0,100,100,0,0.000000,0,9888,0.000000,0,0,0,0,432,1232,300,32,400,18688,53888,0,0,0,0,432,100,0,0,0,1456,9400
345,W2,4,4,8,8,0,0,0,0,0,0,0,100,100,0,0,0,0,0,100,100,0,0.000000,0,9888,0.000000,0,0,0,0,432,1232,300,32,400,18688,53888,0,0,0,0,432,100,0,0,0,1396,9400
346,W2,4,4,8,8,0,0,0,0,0,0,0,100,100,0,0,0,0,0,100,100,0,0.000000,0,9888,0.000000,0,0,0,0,432,1232,300,32,400,18688,53888,0,0,0,0,432,100,0,0,0,1472,9400
347,W2,4,4,8,8,0,0,0,0,0,0,0,100,100,100,0,0,0,0,100,100,100,100.000000,1600,9888,16.181230,10,10,10,10,432,1232,300,32,400,18688,53888,0,0,0,0,432,100,0,0,0,1416,9400
348,W2,4,4,8,8,0,0,0,0,0,0,0,100,100,0,0,0,0,0,100,100,0,0.000000,0,9888,0.000000,0,0,0,0,432,1232,300,32,400,18688,53888,0,0,0,0,432,100,0,0,0,1626,9400
349,W2,4,4,8,8,0,0,0,0,0,0,0,100,100,0,0,0,0,0,100,100,0,0.000000,0,9888,0.000000,0,0,0,0,432,1232,300,32,400,18688,53888,0,0,0,0,432,100,0,0,0,1344,9400
350,W2,4,4,8,8,0,0,0,0,0,0,0,100,100,0,0,0,0,0,100,100,0,0.000000,0,9888,0.000000,0,0,0,0,432,1232,300,32,400,18688,53888,0,0,0,0,432,100,0,0,0,1403,9400
351,W2,4,4,8,8,0,0,0,0,0,0,0,100,100,0,0,0,0,0,100,100,0,0.000000,0,9888,0.000000,0,0,0,0,432,1232,300,32,400,18688,53888,0,0,0,0,432,100,0,0,0,1377,9400
352,W2,4,4,8,8,0,0,0,0,0,0,0,100,100,0,0,0,0,0,100,100,0,0.000000,0,9888,0.000000,0,0,0,0,432,1232,300,32,400,18688,53888,0,0,0,0,432,100,0,0,0,1497,9400
353,W2,4,4,8,8,0,0,0,0,0,0,0,100,100,0,0,0,0,0,100,100,0,0.000000,0,9888,0.000000,0,0,0,0,432,1232,300,32,400,18688,53888,0,0,0,0,432,100,0,0,0,1564,9400
354,W2,4,4,8,8,0,0,0,0,0,0,0,100,100,0,0,0,0,0,100,100,0,0.000000,0,9888,0.000000,0,0,0,0,432,1232,300,32,400,18688,53888,0,0,0,0,432,100,0,0,0,1476,9400
355,W2,4,4,8,8,0,0,0,0,0,0,0,100,100,0,0,0,0,0,100,100,0,0.000000,0,9888,0.000000,0,0,0,0,432,1232,300,32,400,18688,53888,0,0,0,0,432,100,0,0,0,1430,9400
356,W2,4,4,8,8,0,0,0,0,0,0,0,100,100,100,0,0,0,0,100,100,100,100.000000,1600,9888,16.181230,10,10,10,10,432,1232,300,32,400,18688,53888,0,0,0,0,432,100,0,0,0,1377,9400
357,W2,4,4,8,8,0,0,0,0,0,0,0,100,100,0,0,0,0,0,100,100,0,0.000000,0,9888,0.000000,0,0,0,0,432,1232,300,32,400,18688,53888,0,0,0,0,432,100,0,0,0,1383,9400
358,W2,4,4,8,8,0,0,0,0,0,0,0,100,100,0,0,0,0,0,100,100,0,0.000000,0,9888,0.000000,0,0,0,0,432,1232,300,32,400,18688,53888,0,0,0,0,432,100,0,0,0,1388,9400
359,W2,4,4,8,8,0,0,0,0,0,0,0,100,100,0,0,0,0,0,100,100,0,0.000000,0,9888,0.000000,0,0,0,0,432,1232,300,32,400,18688,53888,0,0,0,0,432,100,0,0,0,1406,9400
360,W2,4,4,8,8,0,0,0,0,0,0,0,100,100,0,0,0,0,0,100,100,0,0.000000,0,9888,0.000000,0,0,0,0,432,1232,300,32,400,18688,53888,0,0,0,0,432,100,0,0,0,1539,9400
361,W2,4,4,8,8,0,0,0,0,0,0,0,100,100,0,0,0,0,0,100,100,0,0.000000,0,9888,0.000000,0,0,0,0,432,1232,300,32,400,18688,53888,0,0,0,0,432,100,0,0,0,1488,9400
362,W2,4,4,8,8,0,0,0,0,0,0,0,100,100,0,0,0,0,0,100,100,0,0.000000,0,9888,0.000000,0,0,0,0,432,1232,300,32,400,18688,53888,0,0,0,0,432,100,0,0,0,1412,9400
363,W2,4,4,8,8,0,0,0,0,0,0,0,100,100,0,0,0,0,0,100,100,0,0.000000,0,9888,0.000000,0,0,0,0,432,1232,300,32,400,18688,53888,0,0,0,0,432,100,0,0,0,1425,9400
364,W2,4,4,8,8,0,0,0,0,0,0,0,100,100,0,0,0,0,0,100,100,0,0.000000,0,9888,0.000000,0,0,0,0,432,1232,300,32,400,18688,53888,0,0,0,0,432,100,0,0,0,1404,9400
365,W2,4,4,8,8,0,0,0,0,0,0,0,100,100,100,0,0,0,0,100,100,100,100.000000,1600,9888,16.181230,10,10,10,10,432,1232,300,32,400,18688,53888,0,0,0,0,432,100,0,0,0,1389,9400
366,W2,4,4,8,8,0,0,0,0,0,0,0,100,100,0,0,0,0,0,100,100,0,0.000000,0,9888,0.000000,0,0,0,0,432,1232,300,32,400,18688,53888,0,0,0,0,432,100,0,0,0,1380,9400
367,W2,4,4,8,8,0,0,0,0,0,0,0,100,100,0,0,0,0,0,100,100,0,0.000000,0,9888,0.000000,0,0,0,0,432,1232,300,32,400,18688,53888,0,0,0,0,432,100,0,0,0,1389,9400
368,W2,4,4,8,8,0,0,0,0,0,0,0,100,100,0,0,0,0,0,100,100,0,0.000000,0,9888,0.000000,0,0,0,0,432,1232,300,32,400,18688,53888,0,0,0,0,432,100,0,0,0,1514,9400
369,W2,4,4,8,8,0,0,0,0,0,0,0,100,100,0,0,0,0,0,100,100,0,0.000000,0,9888,0.000000,0,0,0,0,432,1232,300,32,400,18688,53888,0,0,0,0,432,100,0,0,0,1385,9400
370,W2,4,4,8,8,0,0,0,0,0,0,0,100,100,0,0,0,0,0,100,100,0,0.000000,0,9888,0.000000,0,0,0,0,432,1232,300,32,400,18688,53888,0,0,0,0,432,100,0,0,0,1385,9400
371,W2,4,4,8,8,0,0,0,0,0,0,0,100,100,0,0,0,0,0,100,100,0,0.000000,0,9888,0.000000,0,0,0,0,432,1232,300,32,400,18688,53888,0,0,0,0,432,100,0,0,0,1378,9400
372,W2,4,4,8,8,0,0,0,0,0,0,0,100,100,0,0,0,0,0,100,100,0,0.000000,0,9888,0.000000,0,0,0,0,432,1232,300,32,400,18688,53888,0,0,0,0,432,100,0,0,0,1481,9400
373,W2,4,4,8,8,0,0,0,0,0,0,0,100,100,0,0,0,0,0,100,100,0,0.000000,0,9888,0.000000,0,0,0,0,432,1232,300,32,400,18688,53888,0,0,0,0,432,100,0,0,0,1446,9400
374,W2,4,4,8,8,0,0,0,0,0,0,0,100,100,100,0,0,0,0,100,100,100,100.000000,1600,9888,16.181230,10,10,10,10,432,1232,300,32,400,18688,53888,0,0,0,0,432,100,0,0,0,1416,9400
375,W2,4,4,8,8,0,0,0,0,0,0,0,100,100,0,0,0,0,0,100,100,0,0.000000,0,9888,0.000000,0,0,0,0,432,1232,300,32,400,18688,53888,0,0,0,0,432,100,0,0,0,1483,9400
376,W2,4,4,8,8,0,0,0,0,0,0,0,100,100,0,0,0,0,0,100,100,0,0.000000,0,9888,0.000000,0,0,0,0,432,1232,300,32,400,18688,53888,0,0,0,0,432,100,0,0,0,1517,9400
377,W2,4,4,8,8,0,0,0,0,0,0,0,100,100,0,0,0,0,0,100,100,0,0.000000,0,9888,0.000000,0,0,0,0,432,1232,300,32,400,18688,53888,0,0,0,0,432,100,0,0,0,1403,9400
378,W2,4,4,8,8,0,0,0,0,0,0,0,100,100,0,0,0,0,0,100,100,0,0.000000,0,9888,0.000000,0,0,0,0,432,1232,300,32,400,18688,53888,0,0,0,0,432,100,0,0,0,1407,9400
379,W2,4,4,8,8,0,0,0,0,0,0,0,100,100,0,0,0,0,0,100,100,0,0.000000,0,9888,0.000000,0,0,0,0,432,1232,300,32,400,18688,53888,0,0,0,0,432,100,0,0,0,1438,9400
380,W2,4,4,8,8,0,0,0,0,0,0,0,100,100,0,0,0,0,0,100,100,0,0.000000,0,9888,0.000000,0,0,0,0,432,1232,300,32,400,18688,53888,0,0,0,0,432,100,0,0,0,1474,9400
381,W2,4,4,8,8,0,0,0,0,0,0,0,100,100,0,0,0,0,0,100,100,0,0.000000,0,9888,0.000000,0,0,0,0,432,1232,300,32,400,18688,53888,0,0,0,0,432,100,0,0,0,1418,9400
382,W2,4,4,8,8,0,0,0,0,0,0,0,100,100,0,0,0,0,0,100,100,0,0.000000,0,9888,0.000000,0,0,0,0,432,1232,300,32,400,18688,53888,0,0,0,0,432,100,0,0,0,1490,9400
383,W2,4,4,8,8,0,0,0,0,0,0,0,100,100,100,0,0,0,0,100,100,100,100.000000,1600,9888,16.181230,10,10,10,10,432,1232,300,32,400,18688,53888,0,0,0,0,432,100,0,0,0,1396,9400
384,W2,4,4,8,8,0,0,0,0,0,0,0,100,100,0,0,0,0,0,100,100,0,0.000000,0,9888,0.000000,0,0,0,0,432,1232,300,32,400,18688,53888,0,0,0,0,432,100,0,0,0,1478,9400
385,W2,4,4,8,8,0,0,0,0,0,0,0,100,100,0,0,0,0,0,100,100,0,0.000000,0,9888,0.000000,0,0,0,0,432,1232,300,32,400,18688,53888,0,0,0,0,432,100,0,0,0,1555,9400
386,W2,4,4,8,8,0,0,0,0,0,0,0,100,100,0,0,0,0,0,100,100,0,0.000000,0,9888,0.000000,0,0,0,0,432,1232,300,32,400,18688,53888,0,0,0,0,432,100,0,0,0,1432,9400
387,W2,4,4,8,8,0,0,0,0,0,0,0,100,100,0,0,0,0,0,100,100,0,0.000000,0,9888,0.000000,0,0,0,0,432,1232,300,32,400,18688,53888,0,0,0,0,432,100,0,0,0,1441,9400
388,W2,4,4,8,8,0,0,0,0,0,0,0,100,100,0,0,0,0,0,100,100,0,0.000000,0,9888,0.000000,0,0,0,0,432,1232,300,32,400,18688,53888,0,0,0,0,432,100,0,0,0,1373,9400
389,W2,4,4,8,8,0,0,0,0,0,0,0,100,100,0,0,0,0,0,100,100,0,0.000000,0,9888,0.000000,0,0,0,0,432,1232,300,32,400,18688,53888,0,0,0,0,432,100,0,0,0,1388,9400
390,W2,4,4,8,8,0,0,0,0,0,0,0,100,100,0,0,0,0,0,100,100,0,0.000000,0,9888,0.000000,0,0,0,0,432,1232,300,32,400,18688,53888,0,0,0,0,432,100,0,0,0,1404,9400
391,W2,4,4,8,8,0,0,0,0,0,0,0,100,100,0,0,0,0,0,100,100,0,0.000000,0,9888,0.000000,0,0,0,0,432,1232,300,32,400,18688,53888,0,0,0,0,432,100,0,0,0,1377,9400
392,W2,4,4,8,8,0,0,0,0,0,0,0,100,100,100,0,0,0,0,100,100,100,100.000000,1600,9888,16.181230,10,10,10,10,432,1232,300,32,400,18688,53888,0,0,0,0,432,100,0,0,0,1408,9400
393,W2,4,4,8,8,0,0,0,0,0,0,0,100,100,0,0,0,0,0,100,100,0,0.000000,0,9888,0.000000,0,0,0,0,432,1232,300,32,400,18688,53888,0,0,0,0,432,100,0,0,0,1443,9400
394,W2,4,4,8,8,0,0,0,0,0,0,0,100,100,0,0,0,0,0,100,100,0,0.000000,0,9888,0.000000,0,0,0,0,432,1232,300,32,400,18688,53888,0,0,0,0,432,100,0,0,0,1472,9400
395,W2,4,4,8,8,0,0,0,0,0,0,0,100,100,0,0,0,0,0,100,100,0,0.000000,0,9888,0.000000,0,0,0,0,432,1232,300,32,400,18688,53888,0,0,0,0,432,100,0,0,0,1398,9400
396,W2,4,4,8,8,0,0,0,0,0,0,0,100,100,0,0,0,0,0,100,100,0,0.000000,0,9888,0.000000,0,0,0,0,432,1232,300,32,400,18688,53888,0,0,0,0,432,100,0,0,0,1437,9400
397,W2,4,4,8,8,0,0,0,0,0,0,0,100,100,0,0,0,0,0,100,100,0,0.000000,0,9888,0.000000,0,0,0,0,432,1232,300,32,400,18688,53888,0,0,0,0,432,100,0,0,0,1463,9400
398,W2,4,4,8,8,0,0,0,0,0,0,0,100,100,0,0,0,0,0,100,100,0,0.000000,0,9888,0.000000,0,0,0,0,432,1232,300,32,400,18688,53888,0,0,0,0,432,100,0,0,0,1469,9400
399,W2,4,4,8,8,0,0,0,0,0,0,0,100,100,0,0,0,0,0,100,100,0,0.000000,0,9888,0.000000,0,0,0,0,432,1232,300,32,400,18688,53888,0,0,0,0,432,100,0,0,0,1410,9400
400,W2,4,4,8,8,0,0,0,0,0,0,0,100,100,0,0,0,0,0,100,100,0,0.000000,0,9888,0.000000,0,0,0,0,432,1232,300,32,400,18688,53888,0,0,0,0,432,100,0,0,0,1429,9400
401,W2,4,4,8,8,0,0,0,0,0,0,0,100,100,100,0,0,0,0,100,100,100,100.000000,1600,9888,16.181230,10,10,10,10,432,1232,300,32,400,18688,53888,0,0,0,0,432,100,0,0,0,1426,9400
402,W2,4,4,8,8,0,0,0,0,0,0,0,100,100,0,0,0,0,0,100,100,0,0.000000,0,9888,0.000000,0,0,0,0,432,1232,300,32,400,18688,53888,0,0,0,0,432,100,0,0,0,1429,9400
403,W2,4,4,8,8,0,0,0,0,0,0,0,100,100,0,0,0,0,0,100,100,0,0.000000,0,9888,0.000000,0,0,0,0,432,1232,300,32,400,18688,53888,0,0,0,0,432,100,0,0,0,1383,9400
404,W2,4,4,8,8,0,0,0,0,0,0,0,100,100,0,0,0,0,0,100,100,0,0.000000,0,9888,0.000000,0,0,0,0,432,1232,300,32,400,18688,53888,0,0,0,0,432,100,0,0,0,1378,9400
405,W2,4,4,8,8,0,0,0,0,0,0,0,100,100,0,0,0,0,0,100,100,0,0.000000,0,9888,0.000000,0,0,0,0,432,1232,300,32,400,18688,53888,0,0,0,0,432,100,0,0,0,1350,9400
406,W2,4,4,8,8,0,0,0,0,0,0,0,100,100,0,0,0,0,0,100,100,0,0.000000,0,9888,0.000000,0,0,0,0,432,1232,300,32,400,18688,53888,0,0,0,0,432,100,0,0,0,1583,9400
407,W2,4,4,8,8,0,0,0,0,0,0,0,100,100,0,0,0,0,0,100,100,0,0.000000,0,9888,0.000000,0,0,0,0,432,1232,300,32,400,18688,53888,0,0,0,0,432,100,0,0,0,1355,9400
408,W2,4,4,8,8,0,0,0,0,0,0,0,100,100,0,0,0,0,0,100,100,0,0.000000,0,9888,0.000000,0,0,0,0,432,1232,300,32,400,18688,53888,0,0,0,0,432,100,0,0,0,1420,9400
409,W2,4,4,8,8,0,0,0,0,0,0,0,100,100,0,0,0,0,0,100,100,0,0.000000,0,9888,0.000000,0,0,0,0,432,1232,300,32,400,18688,53888,0,0,0,0,432,100,0,0,0,1378,9400
410,W2,4,4,8,8,0,0,0,0,0,0,0,100,100,100,0,0,0,0,100,100,100,100.000000,1600,9888,16.181230,10,10,10,10,432,1232,300,32,400,18688,53888,0,0,0,0,432,100,0,0,0,1373,9400
411,W2,4,4,8,8,0,0,0,0,0,0,0,100,100,0,0,0,0,0,100,100,0,0.000000,0,9888,0.000000,0,0,0,0,432,1232,300,32,400,18688,53888,0,0,0,0,432,100,0,0,0,2204,9400
412,W2,4,4,8,8,0,0,0,0,0,0,0,100,100,0,0,0,0,0,100,100,0,0.000000,0,9888,0.000000,0,0,0,0,432,1232,300,32,400,18688,53888,0,0,0,0,432,100,0,0,0,1410,9400
413,W2,4,4,8,8,0,0,0,0,0,0,0,100,100,0,0,0,0,0,100,100,0,0.000000,0,9888,0.000000,0,0,0,0,432,1232,300,32,400,18688,53888,0,0,0,0,432,100,0,0,0,1461,9400
414,W2,4,4,8,8,0,0,0,0,0,0,0,100,100,0,0,0,0,0,100,100,0,0.000000,0,9888,0.000000,0,0,0,0,432,1232,300,32,400,18688,53888,0,0,0,0,432,100,0,0,0,1399,9400
415,W2,4,4,8,8,0,0,0,0,0,0,0,100,100,0,0,0,0,0,100,100,0,0.000000,0,9888,0.000000,0,0,0,0,432,1232,300,32,400,18688,53888,0,0,0,0,432,100,0,0,0,1390,9400
416,W2,4,4,8,8,0,0,0,0,0,0,0,100,100,0,0,0,0,0,100,100,0,0.000000,0,9888,0.000000,0,0,0,0,432,1232,300,32,400,18688,53888,0,0,0,0,432,100,0,0,0,1360,9400
417,W2,4,4,8,8,0,0,0,0,0,0,0,100,100,0,0,0,0,0,100,100,0,0.000000,0,9888,0.000000,0,0,0,0,432,1232,300,32,400,18688,53888,0,0,0,0,432,100,0,0,0,1367,9400
418,W2,4,4,8,8,0,0,0,0,0,0,0,100,100,0,0,0,0,0,100,100,0,0.000000,0,9888,0.000000,0,0,0,0,432,1232,300,32,400,18688,53888,0,0,0,0,432,100,0,0,0,1336,9400
419,W2,4,4,8,8,0,0,0,0,0,0,0,100,100,100,0,0,0,0,100,100,100,100.000000,1600,9888,16.181230,10,10,10,10,432,1232,300,32,400,18688,53888,0,0,0,0,432,100,0,0,0,1399,9400
420,W2,4,4,8,8,0,0,0,0,0,0,0,100,100,0,0,0,0,0,100,100,0,0.000000,0,9888,0.000000,0,0,0,0,432,1232,300,32,400,18688,53888,0,0,0,0,432,100,0,0,0,1349,9400
421,W2,4,4,8,8,0,0,0,0,0,0,0,100,100,0,0,0,0,0,100,100,0,0.000000,0,9888,0.000000,0,0,0,0,432,1232,300,32,400,18688,53888,0,0,0,0,432,100,0,0,0,1376,9400
422,W2,4,4,8,8,0,0,0,0,0,0,0,100,100,0,0,0,0,0,100,100,0,0.000000,0,9888,0.000000,0,0,0,0,432,1232,300,32,400,18688,53888,0,0,0,0,432,100,0,0,0,1452,9400
423,W2,4,4,8,8,0,0,0,0,0,0,0,100,100,0,0,0,0,0,100,100,0,0.000000,0,9888,0.000000,0,0,0,0,432,1232,300,32,400,18688,53888,0,0,0,0,432,100,0,0,0,1383,9400
424,W2,4,4,8,8,0,0,0,0,0,0,0,100,100,0,0,0,0,0,100,100,0,0.000000,0,9888,0.000000,0,0,0,0,432,1232,300,32,400,18688,53888,0,0,0,0,432,100,0,0,0,1427,9400
425,W2,4,4,8,8,0,0,0,0,0,0,0,100,100,0,0,0,0,0,100,100,0,0.000000,0,9888,0.000000,0,0,0,0,432,1232,300,32,400,18688,53888,0,0,0,0,432,100,0,0,0,1374,9400
426,W2,4,4,8,8,0,0,0,0,0,0,0,100,100,0,0,0,0,0,100,100,0,0.000000,0,9888,0.000000,0,0,0,0,432,1232,300,32,400,18688,53888,0,0,0,0,432,100,0,0,0,1358,9400
427,W2,4,4,8,8,0,0,0,0,0,0,0,100,100,0,0,0,0,0,100,100,0,0.000000,0,9888,0.000000,0,0,0,0,432,1232,300,32,400,18688,53888,0,0,0,0,432,100,0,0,0,1410,9400
428,W2,4,4,8,8,0,0,0,0,0,0,0,100,100,100,0,0,0,0,100,100,100,100.000000,1600,9888,16.181230,10,10,10,10,432,1232,300,32,400,18688,53888,0,0,0,0,432,100,0,0,0,1414,9400
429,W2,4,4,8,8,0,0,0,0,0,0,0,100,100,0,0,0,0,0,100,100,0,0.000000,0,9888,0.000000,0,0,0,0,432,1232,300,32,400,18688,53888,0,0,0,0,432,100,0,0,0,1384,9400
430,W2,4,4,8,8,0,0,0,0,0,0,0,100,100,0,0,0,0,0,100,100,0,0.000000,0,9888,0.000000,0,0,0,0,432,1232,300,32,400,18688,53888,0,0,0,0,432,100,0,0,0,1430,9400
431,W2,4,4,8,8,0,0,0,0,0,0,0,100,100,0,0,0,0,0,100,100,0,0.000000,0,9888,0.000000,0,0,0,0,432,1232,300,32,400,18688,53888,0,0,0,0,432,100,0,0,0,1444,9400
432,W2,4,4,8,8,0,0,0,0,0,0,0,100,100,0,0,0,0,0,100,100,0,0.000000,0,9888,0.000000,0,0,0,0,432,1232,300,32,400,18688,53888,0,0,0,0,432,100,0,0,0,1405,9400
433,W2,4,4,8,8,0,0,0,0,0,0,0,100,100,0,0,0,0,0,100,100,0,0.000000,0,9888,0.000000,0,0,0,0,432,1232,300,32,400,18688,53888,0,0,0,0,432,100,0,0,0,1449,9400
434,W2,4,4,8,8,0,0,0,0,0,0,0,100,100,0,0,0,0,0,100,100,0,0.000000,0,9888,0.000000,0,0,0,0,432,1232,300,32,400,18688,53888,0,0,0,0,432,100,0,0,0,1425,9400
435,W2,4,4,8,8,0,0,0,0,0,0,0,100,100,0,0,0,0,0,100,100,0,0.000000,0,9888,0.000000,0,0,0,0,432,1232,300,32,400,18688,53888,0,0,0,0,432,100,0,0,0,1363,9400
436,W2,4,4,8,8,0,0,0,0,0,0,0,100,100,0,0,0,0,0,100,100,0,0.000000,0,9888,0.000000,0,0,0,0,432,1232,300,32,400,18688,53888,0,0,0,0,432,100,0,0,0,1475,9400
437,W2,4,4,8,8,0,0,0,0,0,0,0,100,100,100,0,0,0,0,100,100,100,100.000000,1600,9888,16.181230,10,10,10,10,432,1232,300,32,400,18688,53888,0,0,0,0,432,100,0,0,0,1496,9400
438,W2,4,4,8,8,0,0,0,0,0,0,0,100,100,0,0,0,0,0,100,100,0,0.000000,0,9888,0.000000,0,0,0,0,432,1232,300,32,400,18688,53888,0,0,0,0,432,100,0,0,0,1420,9400
439,W2,4,4,8,8,0,0,0,0,0,0,0,100,100,0,0,0,0,0,100,100,0,0.000000,0,9888,0.000000,0,0,0,0,432,1232,300,32,400,18688,53888,0,0,0,0,432,100,0,0,0,1402,9400
440,W2,4,4,8,8,0,0,0,0,0,0,0,100,100,0,0,0,0,0,100,100,0,0.000000,0,9888,0.000000,0,0,0,0,432,1232,300,32,400,18688,53888,0,0,0,0,432,100,0,0,0,1374,9400
441,W2,4,4,8,8,0,0,0,0,0,0,0,100,100,0,0,0,0,0,100,100,0,0.000000,0,9888,0.000000,0,0,0,0,432,1232,300,32,400,18688,53888,0,0,0,0,432,100,0,0,0,1419,9400
442,W2,4,4,8,8,0,0,0,0,0,0,0,100,100,0,0,0,0,0,100,100,0,0.000000,0,9888,0.000000,0,0,0,0,432,1232,300,32,400,18688,53888,0,0,0,0,432,100,0,0,0,1388,9400
443,W2,4,4,8,8,0,0,0,0,0,0,0,100,100,0,0,0,0,0,100,100,0,0.000000,0,9888,0.000000,0,0,0,0,432,1232,300,32,400,18688,53888,0,0,0,0,432,100,0,0,0,1459,9400
444,W2,4,4,8,8,0,0,0,0,0,0,0,100,100,0,0,0,0,0,100,100,0,0.000000,0,9888,0.000000,0,0,0,0,432,1232,300,32,400,18688,53888,0,0,0,0,432,100,0,0,0,1431,9400
445,W2,4,4,8,8,0,0,0,0,0,0,0,100,100,0,0,0,0,0,100,100,0,0.000000,0,9888,0.000000,0,0,0,0,432,1232,300,32,400,18688,53888,0,0,0,0,432,100,0,0,0,1384,9400
446,W2,4,4,8,8,0,0,0,0,0,0,0,100,100,100,0,0,0,0,100,100,100,100.000000,1600,9888,16.181230,10,10,10,10,432,1232,300,32,400,18688,53888,0,0,0,0,432,100,0,0,0,1414,9400
447,W2,4,4,8,8,0,0,0,0,0,0,0,100,100,0,0,0,0,0,100,100,0,0.000000,0,9888,0.000000,0,0,0,0,432,1232,300,32,400,18688,53888,0,0,0,0,432,100,0,0,0,1463,9400
448,W2,4,4,8,8,0,0,0,0,0,0,0,100,100,0,0,0,0,0,100,100,0,0.000000,0,9888,0.000000,0,0,0,0,432,1232,300,32,400,18688,53888,0,0,0,0,432,100,0,0,0,1446,9400
449,W2,4,4,8,8,0,0,0,0,0,0,0,100,100,0,0,0,0,0,100,100,0,0.000000,0,9888,0.000000,0,0,0,0,432,1232,300,32,400,18688,53888,0,0,0,0,432,100,0,0,0,1380,9400
450,W2,4,4,8,8,0,0,0,0,0,0,0,100,100,0,0,0,0,0,100,100,0,0.000000,0,9888,0.000000,0,0,0,0,432,1232,300,32,400,18688,53888,0,0,0,0,432,100,0,0,0,1440,9400
451,W2,4,4,8,8,0,0,0,0,0,0,0,100,100,0,0,0,0,0,100,100,0,0.000000,0,9888,0.000000,0,0,0,0,432,1232,300,32,400,18688,53888,0,0,0,0,432,100,0,0,0,1451,9400
452,W2,4,4,8,8,0,0,0,0,0,0,0,100,100,0,0,0,0,0,100,100,0,0.000000,0,9888,0.000000,0,0,0,0,432,1232,300,32,400,18688,53888,0,0,0,0,432,100,0,0,0,1410,9400
453,W2,4,4,8,8,0,0,0,0,0,0,0,100,100,0,0,0,0,0,100,100,0,0.000000,0,9888,0.000000,0,0,0,0,432,1232,300,32,400,18688,53888,0,0,0,0,432,100,0,0,0,1382,9400
454,W2,4,4,8,8,0,0,0,0,0,0,0,100,100,0,0,0,0,0,100,100,0,0.000000,0,9888,0.000000,0,0,0,0,432,1232,300,32,400,18688,53888,0,0,0,0,432,100,0,0,0,1388,9400
455,W2,4,4,8,8,0,0,0,0,0,0,0,100,100,100,0,0,0,0,100,100,100,100.000000,1600,9888,16.181230,10,10,10,10,432,932,300,32,400,18688,40688,0,0,0,0,432,100,0,0,0,1213,9400
456,W2,4,4,8,8,0,0,0,0,0,0,0,100,100,0,0,0,0,0,100,100,0,0.000000,0,9888,0.000000,0,0,0,0,432,332,300,32,400,18688,14288,0,0,0,0,432,0,0,0,0,922,9400
457,W2,4,4,8,8,0,0,0,0,0,0,0,100,100,0,0,0,0,0,100,100,0,0.000000,0,9888,0.000000,0,0,0,0,432,332,300,32,400,18688,14288,0,0,0,0,432,0,0,0,0,840,9400
458,W2,4,4,8,8,0,0,0,0,0,0,0,100,100,0,0,0,0,0,100,100,0,0.000000,0,9888,0.000000,0,0,0,0,432,332,300,32,400,18688,14288,0,0,0,0,432,0,0,0,0,860,9400
459,W2,4,4,8,8,0,0,0,0,0,0,0,100,100,0,0,0,0,0,100,100,0,0.000000,0,9888,0.000000,0,0,0,0,432,332,300,32,400,18688,14288,0,0,0,0,432,0,0,0,0,888,9400
460,W2,4,4,8,8,0,0,0,0,0,0,0,100,100,0,0,0,0,0,100,100,0,0.000000,0,9888,0.000000,0,0,0,0,432,332,300,32,400,18688,14288,0,0,0,0,432,0,0,0,0,836,9400
461,W2,4,4,8,8,0,0,0,0,0,0,0,100,100,0,0,0,0,0,100,100,0,0.000000,0,9888,0.000000,0,0,0,0,432,332,300,32,400,18688,14288,0,0,0,0,432,0,0,0,0,850,9400
462,W2,4,4,8,8,0,0,0,0,0,0,0,100,100,0,0,0,0,0,100,100,0,0.000000,0,9888,0.000000,0,0,0,0,432,332,300,32,400,18688,14288,0,0,0,0,432,0,0,0,0,904,9400
463,W2,4,4,8,8,0,0,0,0,0,0,0,100,100,0,0,0,0,0,100,100,0,0.000000,0,9888,0.000000,0,0,0,0,432,332,300,32,400,18688,14288,0,0,0,0,432,0,0,0,0,831,9400
464,W2,4,4,8,8,0,0,0,0,0,0,0,100,100,100,0,0,0,0,100,100,100,100.000000,1600,9888,16.181230,10,10,10,10,432,332,300,32,400,18688,14288,0,0,0,0,432,0,0,0,0,891,9400
465,W2,4,4,8,8,0,0,0,0,0,0,0,100,100,0,0,0,0,0,100,100,0,0.000000,0,9888,0.000000,0,0,0,0,432,332,300,32,400,18688,14288,0,0,0,0,432,0,0,0,0,866,9400
466,W2,4,4,8,8,0,0,0,0,0,0,0,100,100,0,0,0,0,0,100,100,0,0.000000,0,9888,0.000000,0,0,0,0,432,332,300,32,400,18688,14288,0,0,0,0,432,0,0,0,0,842,9400
467,W2,4,4,8,8,0,0,0,0,0,0,0,100,100,0,0,0,0,0,100,100,0,0.000000,0,9888,0.000000,0,0,0,0,432,332,300,32,400,18688,14288,0,0,0,0,432,0,0,0,0,866,9400
468,W2,4,4,8,8,0,0,0,0,0,0,0,100,100,0,0,0,0,0,100,100,0,0.000000,0,9888,0.000000,0,0,0,0,432,332,300,32,400,18688,14288,0,0,0,0,432,0,0,0,0,894,9400
469,W2,4,4,8,8,0,0,0,0,0,0,0,100,100,0,0,0,0,0,100,100,0,0.000000,0,9888,0.000000,0,0,0,0,432,332,300,32,400,18688,14288,0,0,0,0,432,0,0,0,0,891,9400
470,W2,4,4,8,8,0,0,0,0,0,0,0,100,100,0,0,0,0,0,100,100,0,0.000000,0,9888,0.000000,0,0,0,0,432,332,300,32,400,18688,14288,0,0,0,0,432,0,0,0,0,881,9400
471,W2,4,4,8,8,0,0,0,0,0,0,0,100,100,0,0,0,0,0,100,100,0,0.000000,0,9888,0.000000,0,0,0,0,432,332,300,32,400,18688,14288,0,0,0,0,432,0,0,0,0,863,9400
472,W2,4,4,8,8,0,0,0,0,0,0,0,100,100,0,0,0,0,0,100,100,0,0.000000,0,9888,0.000000,0,0,0,0,432,332,300,32,400,18688,14288,0,0,0,0,432,0,0,0,0,902,9400
473,W2,4,4,8,8,0,0,0,0,0,0,0,100,100,100,0,0,0,0,100,100,100,100.000000,1600,9888,16.181230,10,10,10,10,432,332,300,32,400,18688,14288,0,0,0,0,432,0,0,0,0,862,9400
474,W2,4,4,8,8,0,0,0,0,0,0,0,100,100,0,0,0,0,0,100,100,0,0.000000,0,9888,0.000000,0,0,0,0,432,332,300,32,400,18688,14288,0,0,0,0,432,0,0,0,0,875,9400
475,W2,4,4,8,8,0,0,0,0,0,0,0,100,100,0,0,0,0,0,100,100,0,0.000000,0,9888,0.000000,0,0,0,0,432,332,300,32,400,18688,14288,0,0,0,0,432,0,0,0,0,850,9400
476,W2,4,4,8,8,0,0,0,0,0,0,0,100,100,0,0,0,0,0,100,100,0,0.000000,0,9888,0.000000,0,0,0,0,432,332,300,32,400,18688,14288,0,0,0,0,432,0,0,0,0,866,9400
477,W2,4,4,8,8,0,0,0,0,0,0,0,100,100,0,0,0,0,0,100,100,0,0.000000,0,9888,0.000000,0,0,0,0,432,332,300,32,400,18688,14288,0,0,0,0,432,0,0,0,0,847,9400
478,W2,4,4,8,8,0,0,0,0,0,0,0,100,100,0,0,0,0,0,100,100,0,0.000000,0,9888,0.000000,0,0,0,0,432,332,300,32,400,18688,14288,0,0,0,0,432,0,0,0,0,822,9400
479,W2,4,4,8,8,0,0,0,0,0,0,0,100,100,0,0,0,0,0,100,100,0,0.000000,0,9888,0.000000,0,0,0,0,432,332,300,32,400,18688,14288,0,0,0,0,432,0,0,0,0,843,9400
480,W2,4,4,8,8,0,0,0,0,0,0,0,100,100,0,0,0,0,0,100,100,0,0.000000,0,9888,0.000000,0,0,0,0,432,332,300,32,400,18688,14288,0,0,0,0,432,0,0,0,0,904,9400
481,W2,4,4,8,8,0,0,0,0,0,0,0,100,100,0,0,0,0,0,100,100,0,0.000000,0,9888,0.000000,0,0,0,0,432,332,300,32,400,18688,14288,0,0,0,0,432,0,0,0,0,843,9400
482,W2,4,4,8,8,0,0,0,0,0,0,0,100,100,100,0,0,0,0,100,100,100,100.000000,1600,9888,16.181230,10,10,10,10,432,332,300,32,400,18688,14288,0,0,0,0,432,0,0,0,0,853,9400
483,W2,4,4,8,8,0,0,0,0,0,0,0,100,100,0,0,0,0,0,100,100,0,0.000000,0,9888,0.000000,0,0,0,0,432,332,300,32,400,18688,14288,0,0,0,0,432,0,0,0,0,838,9400
484,W2,4,4,8,8,0,0,0,0,0,0,0,100,100,0,0,0,0,0,100,100,0,0.000000,0,9888,0.000000,0,0,0,0,432,332,300,32,400,18688,14288,0,0,0,0,432,0,0,0,0,827,9400
485,W2,4,4,8,8,0,0,0,0,0,0,0,100,100,0,0,0,0,0,100,100,0,0.000000,0,9888,0.000000,0,0,0,0,432,332,300,32,400,18688,14288,0,0,0,0,432,0,0,0,0,824,9400
486,W2,4,4,8,8,0,0,0,0,0,0,0,100,100,0,0,0,0,0,100,100,0,0.000000,0,9888,0.000000,0,0,0,0,432,332,300,32,400,18688,14288,0,0,0,0,432,0,0,0,0,832,9400
487,W2,4,4,8,8,0,0,0,0,0,0,0,100,100,0,0,0,0,0,100,100,0,0.000000,0,9888,0.000000,0,0,0,0,432,332,300,32,400,18688,14288,0,0,0,0,432,0,0,0,0,859,9400
488,W2,4,4,8,8,0,0,0,0,0,0,0,100,100,0,0,0,0,0,100,100,0,0.000000,0,9888,0.000000,0,0,0,0,432,332,300,32,400,18688,14288,0,0,0,0,432,0,0,0,0,891,9400
489,W2,4,4,8,8,0,0,0,0,0,0,0,100,100,0,0,0,0,0,100,100,0,0.000000,0,9888,0.000000,0,0,0,0,432,332,300,32,400,18688,14288,0,0,0,0,432,0,0,0,0,832,9400
490,W2,4,4,8,8,0,0,0,0,0,0,0,100,100,0,0,0,0,0,100,100,0,0.000000,0,9888,0.000000,0,0,0,0,432,332,300,32,400,18688,14288,0,0,0,0,432,0,0,0,0,850,9400
491,W2,4,4,8,8,0,0,0,0,0,0,0,100,100,100,0,0,0,0,100,100,100,100.000000,1600,9888,16.181230,10,10,10,10,432,332,300,32,400,18688,14288,0,0,0,0,432,0,0,0,0,852,9400
492,W2,4,4,8,8,0,0,0,0,0,0,0,100,100,0,0,0,0,0,100,100,0,0.000000,0,9888,0.000000,0,0,0,0,432,332,300,32,400,18688,14288,0,0,0,0,432,0,0,0,0,838,9400
493,W2,4,4,8,8,0,0,0,0,0,0,0,100,100,0,0,0,0,0,100,100,0,0.000000,0,9888,0.000000,0,0,0,0,432,332,300,32,400,18688,14288,0,0,0,0,432,0,0,0,0,931,9400
494,W2,4,4,8,8,0,0,0,0,0,0,0,100,100,0,0,0,0,0,100,100,0,0.000000,0,9888,0.000000,0,0,0,0,432,332,300,32,400,18688,14288,0,0,0,0,432,0,0,0,0,834,9400
495,W2,4,4,8,8,0,0,0,0,0,0,0,100,100,0,0,0,0,0,100,100,0,0.000000,0,9888,0.000000,0,0,0,0,432,332,300,32,400,18688,14288,0,0,0,0,432,0,0,0,0,878,9400
496,W2,4,4,8,8,0,0,0,0,0,0,0,100,100,0,0,0,0,0,100,100,0,0.000000,0,9888,0.000000,0,0,0,0,432,332,300,32,400,18688,14288,0,0,0,0,432,0,0,0,0,898,9400
497,W2,4,4,8,8,0,0,0,0,0,0,0,100,100,0,0,0,0,0,100,100,0,0.000000,0,9888,0.000000,0,0,0,0,432,332,300,32,400,18688,14288,0,0,0,0,432,0,0,0,0,826,9400
498,W2,4,4,8,8,0,0,0,0,0,0,0,100,100,0,0,0,0,0,100,100,0,0.000000,0,9888,0.000000,0,0,0,0,432,332,300,32,400,18688,14288,0,0,0,0,432,0,0,0,0,849,9400
499,W2,4,4,8,8,0,0,0,0,0,0,0,100,100,0,0,0,0,0,100,100,0,0.000000,0,9888,0.000000,0,0,0,0,432,332,300,32,400,18688,14288,0,0,0,0,432,0,0,0,0,888,9400
500,W2,4,4,8,8,0,0,0,0,0,0,0,100,100,100,0,0,0,0,100,100,100,100.000000,1600,9888,16.181230,10,10,10,10,432,332,300,32,400,18688,14288,0,0,0,0,432,0,0,0,0,837,9400
501,W2,4,4,8,8,0,0,0,0,0,0,0,100,100,0,0,0,0,0,100,100,0,0.000000,0,9888,0.000000,0,0,0,0,432,332,300,32,400,18688,14288,0,0,0,0,432,0,0,0,0,862,9400
502,W2,4,4,8,8,0,0,0,0,0,0,0,100,100,0,0,0,0,0,100,100,0,0.000000,0,9888,0.000000,0,0,0,0,432,332,300,32,400,18688,14288,0,0,0,0,432,0,0,0,0,868,9400
503,W2,4,4,8,8,0,0,0,0,0,0,0,100,100,0,0,0,0,0,100,100,0,0.000000,0,9888,0.000000,0,0,0,0,432,332,300,32,400,18688,14288,0,0,0,0,432,0,0,0,0,823,9400
504,W2,4,4,8,8,0,0,0,0,0,0,0,100,100,0,0,0,0,0,100,100,0,0.000000,0,9888,0.000000,0,0,0,0,432,332,300,32,400,18688,14288,0,0,0,0,432,0,0,0,0,903,9400
505,W2,4,4,8,8,0,0,0,0,0,0,0,100,100,0,0,0,0,0,100,100,0,0.000000,0,9888,0.000000,0,0,0,0,432,332,300,32,400,18688,14288,0,0,0,0,432,0,0,0,0,953,9400
506,W2,4,4,8,8,0,0,0,0,0,0,0,100,100,0,0,0,0,0,100,100,0,0.000000,0,9888,0.000000,0,0,0,0,432,332,300,32,400,18688,14288,0,0,0,0,432,0,0,0,0,856,9400
507,W2,4,4,8,8,0,0,0,0,0,0,0,100,100,0,0,0,0,0,100,100,0,0.000000,0,9888,0.000000,0,0,0,0,432,332,300,32,400,18688,14288,0,0,0,0,432,0,0,0,0,901,9400
508,W2,4,4,8,8,0,0,0,0,0,0,0,100,100,0,0,0,0,0,100,100,0,0.000000,0,9888,0.000000,0,0,0,0,432,332,300,32,400,18688,14288,0,0,0,0,432,0,0,0,0,860,9400
509,W2,4,4,8,8,0,0,0,0,0,0,0,100,100,100,0,0,0,0,100,100,100,100.000000,1600,9888,16.181230,10,10,10,10,432,332,300,32,400,18688,14288,0,0,0,0,432,0,0,0,0,888,9400
510,W2,4,4,8,8,0,0,0,0,0,0,0,100,100,0,0,0,0,0,100,100,0,0.000000,0,9888,0.000000,0,0,0,0,432,332,300,32,400,18688,14288,0,0,0,0,432,0,0,0,0,877,9400
511,W2,4,4,8,8,0,0,0,0,0,0,0,100,100,0,0,0,0,0,100,100,0,0.000000,0,9888,0.000000,0,0,0,0,432,332,300,32,400,18688,14288,0,0,0,0,432,0,0,0,0,948,9400
512,W2,4,4,8,8,0,0,0,0,0,0,0,100,100,0,0,0,0,0,100,100,0,0.000000,0,9888,0.000000,0,0,0,0,432,332,300,32,400,18688,14288,0,0,0,0,432,0,0,0,0,920,9400
513,W2,4,4,8,8,0,0,0,0,0,0,0,100,100,0,0,0,0,0,100,100,0,0.000000,0,9888,0.000000,0,0,0,0,432,332,300,32,400,18688,14288,0,0,0,0,432,0,0,0,0,869,9400
514,W2,4,4,8,8,0,0,0,0,0,0,0,100,100,0,0,0,0,0,100,100,0,0.000000,0,9888,0.000000,0,0,0,0,432,332,300,32,400,18688,14288,0,0,0,0,432,0,0,0,0,880,9400
515,W2,4,4,8,8,0,0,0,0,0,0,0,100,100,0,0,0,0,0,100,100,0,0.000000,0,9888,0.000000,0,0,0,0,432,332,300,32,400,18688,14288,0,0,0,0,432,0,0,0,0,853,9400
516,W2,4,4,8,8,0,0,0,0,0,0,0,100,100,0,0,0,0,0,100,100,0,0.000000,0,9888,0.000000,0,0,0,0,432,332,300,32,400,18688,14288,0,0,0,0,432,0,0,0,0,883,9400
517,W2,4,4,8,8,0,0,0,0,0,0,0,100,100,0,0,0,0,0,100,100,0,0.000000,0,9888,0.000000,0,0,0,0,432,332,300,32,400,18688,14288,0,0,0,0,432,0,0,0,0,842,9400
518,W2,4,4,8,8,0,0,0,0,0,0,0,100,100,100,0,0,0,0,100,100,100,100.000000,1600,9888,16.181230,10,10,10,10,432,332,300,32,400,18688,14288,0,0,0,0,432,0,0,0,0,876,9400
519,W2,4,4,8,8,0,0,0,0,0,0,0,100,100,0,0,0,0,0,100,100,0,0.000000,0,9888,0.000000,0,0,0,0,432,332,300,32,400,18688,14288,0,0,0,0,432,0,0,0,0,850,9400
520,W2,4,4,8,8,0,0,0,0,0,0,0,100,100,0,0,0,0,0,100,100,0,0.000000,0,9888,0.000000,0,0,0,0,432,332,300,32,400,18688,14288,0,0,0,0,432,0,0,0,0,875,9400
521,W2,4,4,8,8,0,0,0,0,0,0,0,100,100,0,0,0,0,0,100,100,0,0.000000,0,9888,0.000000,0,0,0,0,432,332,300,32,400,18688,14288,0,0,0,0,432,0,0,0,0,921,9400
522,W2,4,4,8,8,0,0,0,0,0,0,0,100,100,0,0,0,0,0,100,100,0,0.000000,0,9888,0.000000,0,0,0,0,432,332,300,32,400,18688,14288,0,0,0,0,432,0,0,0,0,849,9400
523,W2,4,4,8,8,0,0,0,0,0,0,0,100,100,0,0,0,0,0,100,100,0,0.000000,0,9888,0.000000,0,0,0,0,432,332,300,32,400,18688,14288,0,0,0,0,432,0,0,0,0,1010,9400
524,W2,4,4,8,8,0,0,0,0,0,0,0,100,100,0,0,0,0,0,100,100,0,0.000000,0,9888,0.000000,0,0,0,0,432,332,300,32,400,18688,14288,0,0,0,0,432,0,0,0,0,857,9400
525,W2,4,4,8,8,0,0,0,0,0,0,0,100,100,0,0,0,0,0,100,100,0,0.000000,0,9888,0.000000,0,0,0,0,432,332,300,32,400,18688,14288,0,0,0,0,432,0,0,0,0,835,9400
526,W2,4,4,8,8,0,0,0,0,0,0,0,100,100,0,0,0,0,0,100,100,0,0.000000,0,9888,0.000000,0,0,0,0,432,332,300,32,400,18688,14288,0,0,0,0,432,0,0,0,0,862,9400
527,W2,4,4,8,8,0,0,0,0,0,0,0,100,100,100,0,0,0,0,100,100,100,100.000000,1600,9888,16.181230,10,10,10,10,432,332,300,32,400,18688,14288,0,0,0,0,432,0,0,0,0,861,9400
528,W2,4,4,8,8,0,0,0,0,0,0,0,100,100,0,0,0,0,0,100,100,0,0.000000,0,9888,0.000000,0,0,0,0,432,332,300,32,400,18688,14288,0,0,0,0,432,0,0,0,0,878,9400
529,W2,4,4,8,8,0,0,0,0,0,0,0,100,100,0,0,0,0,0,100,100,0,0.000000,0,9888,0.000000,0,0,0,0,432,332,300,32,400,18688,14288,0,0,0,0,432,0,0,0,0,864,9400
530,W2,4,4,8,8,0,0,0,0,0,0,0,100,100,0,0,0,0,0,100,100,0,0.000000,0,9888,0.000000,0,0,0,0,432,332,300,32,400,18688,14288,0,0,0,0,432,0,0,0,0,968,9400
531,W2,4,4,8,8,0,0,0,0,0,0,0,100,100,0,0,0,0,0,100,100,0,0.000000,0,9888,0.000000,0,0,0,0,432,332,300,32,400,18688,14288,0,0,0,0,432,0,0,0,0,855,9400
532,W2,4,4,8,8,0,0,0,0,0,0,0,100,100,0,0,0,0,0,100,100,0,0.000000,0,9888,0.000000,0,0,0,0,432,332,300,32,400,18688,14288,0,0,0,0,432,0,0,0,0,927,9400
533,W2,4,4,8,8,0,0,0,0,0,0,0,100,100,0,0,0,0,0,100,100,0,0.000000,0,9888,0.000000,0,0,0,0,432,332,300,32,400,18688,14288,0,0,0,0,432,0,0,0,0,821,9400
534,W2,4,4,8,8,0,0,0,0,0,0,0,100,100,0,0,0,0,0,100,100,0,0.000000,0,9888,0.000000,0,0,0,0,432,332,300,32,400,18688,14288,0,0,0,0,432,0,0,0,0,856,9400
535,W2,4,4,8,8,0,0,0,0,0,0,0,100,100,0,0,0,0,0,100,100,0,0.000000,0,9888,0.000000,0,0,0,0,432,332,300,32,400,18688,14288,0,0,0,0,432,0,0,0,0,896,9400
536,W2,4,4,8,8,0,0,0,0,0,0,0,100,100,100,0,0,0,0,100,100,100,100.000000,1600,9888,16.181230,10,10,10,10,432,332,300,32,400,18688,14288,0,0,0,0,432,0,0,0,0,906,9400
537,W2,4,4,8,8,0,0,0,0,0,0,0,100,100,0,0,0,0,0,100,100,0,0.000000,0,9888,0.000000,0,0,0,0,432,332,300,32,400,18688,14288,0,0,0,0,432,0,0,0,0,860,9400
538,W2,4,4,8,8,0,0,0,0,0,0,0,100,100,0,0,0,0,0,100,100,0,0.000000,0,9888,0.000000,0,0,0,0,432,332,300,32,400,18688,14288,0,0,0,0,432,0,0,0,0,931,9400
539,W2,4,4,8,8,0,0,0,0,0,0,0,100,100,0,0,0,0,0,100,100,0,0.000000,0,9888,0.000000,0,0,0,0,432,332,300,32,400,18688,14288,0,0,0,0,432,0,0,0,0,991,9400
540,W2,4,4,8,8,0,0,0,0,0,0,0,100,100,0,0,0,0,0,100,100,0,0.000000,0,9888,0.000000,0,0,0,0,432,332,300,32,400,18688,14288,0,0,0,0,432,0,0,0,0,843,9400
541,W2,4,4,8,8,0,0,0,0,0,0,0,100,100,0,0,0,0,0,100,100,0,0.000000,0,9888,0.000000,0,0,0,0,432,332,300,32,400,18688,14288,0,0,0,0,432,0,0,0,0,882,9400
542,W2,4,4,8,8,0,0,0,0,0,0,0,100,100,0,0,0,0,0,100,100,0,0.000000,0,9888,0.000000,0,0,0,0,432,332,300,32,400,18688,14288,0,0,0,0,432,0,0,0,0,882,9400
543,W2,4,4,8,8,0,0,0,0,0,0,0,100,100,0,0,0,0,0,100,100,0,0.000000,0,9888,0.000000,0,0,0,0,432,332,300,32,400,18688,14288,0,0,0,0,432,0,0,0,0,876,9400
544,W2,4,4,8,8,0,0,0,0,0,0,0,100,100,0,0,0,0,0,100,100,0,0.000000,0,9888,0.000000,0,0,0,0,432,332,300,32,400,18688,14288,0,0,0,0,432,0,0,0,0,1016,9400
545,W2,4,4,8,8,0,0,0,0,0,0,0,100,100,100,0,0,0,0,100,100,100,100.000000,1600,9888,16.181230,10,10,10,10,432,332,300,32,400,18688,14288,0,0,0,0,432,0,0,0,0,846,9400
546,W2,4,4,8,8,0,0,0,0,0,0,0,100,100,0,0,0,0,0,100,100,0,0.000000,0,9888,0.000000,0,0,0,0,432,332,300,32,400,18688,14288,0,0,0,0,432,0,0,0,0,864,9400
547,W2,4,4,8,8,0,0,0,0,0,0,0,100,100,0,0,0,0,0,100,100,0,0.000000,0,9888,0.000000,0,0,0,0,432,332,300,32,400,18688,14288,0,0,0,0,432,0,0,0,0,843,9400
548,W2,4,4,8,8,0,0,0,0,0,0,0,100,100,0,0,0,0,0,100,100,0,0.000000,0,9888,0.000000,0,0,0,0,432,332,300,32,400,18688,14288,0,0,0,0,432,0,0,0,0,899,9400
549,W2,4,4,8,8,0,0,0,0,0,0,0,100,100,0,0,0,0,0,100,100,0,0.000000,0,9888,0.000000,0,0,0,0,432,332,300,32,400,18688,14288,0,0,0,0,432,0,0,0,0,874,9400
550,W2,4,4,8,8,0,0,0,0,0,0,0,100,100,0,0,0,0,0,100,100,0,0.000000,0,9888,0.000000,0,0,0,0,432,332,300,32,400,18688,14288,0,0,0,0,432,0,0,0,0,841,9400
551,W2,4,4,8,8,0,0,0,0,0,0,0,100,100,0,0,0,0,0,100,100,0,0.000000,0,9888,0.000000,0,0,0,0,432,332,300,32,400,18688,14288,0,0,0,0,432,0,0,0,0,831,9400
552,W2,4,4,8,8,0,0,0,0,0,0,0,100,100,0,0,0,0,0,100,100,0,0.000000,0,9888,0.000000,0,0,0,0,432,332,300,32,400,18688,14288,0,0,0,0,432,0,0,0,0,868,9400
553,W2,4,4,8,8,0,0,0,0,0,0,0,100,100,0,0,0,0,0,100,100,0,0.000000,0,9888,0.000000,0,0,0,0,432,332,300,32,400,18688,14288,0,0,0,0,432,0,0,0,0,922,9400
554,W2,4,4,8,8,0,0,0,0,0,0,0,100,100,100,0,0,0,0,100,100,100,100.000000,1600,9888,16.181230,10,10,10,10,432,332,300,32,400,18688,14288,0,0,0,0,432,0,0,0,0,872,9400
555,W2,4,4,8,8,0,0,0,0,0,0,0,100,100,0,0,0,0,0,100,100,0,0.000000,0,9888,0.000000,0,0,0,0,432,332,300,32,400,18688,14288,0,0,0,0,432,0,0,0,0,852,9400
556,W2,4,4,8,8,0,0,0,0,0,0,0,100,100,0,0,0,0,0,100,100,0,0.000000,0,9888,0.000000,0,0,0,0,432,332,300,32,400,18688,14288,0,0,0,0,432,0,0,0,0,919,9400
557,W2,4,4,8,8,0,0,0,0,0,0,0,100,100,0,0,0,0,0,100,100,0,0.000000,0,9888,0.000000,0,0,0,0,432,332,300,32,400,18688,14288,0,0,0,0,432,0,0,0,0,870,9400
558,W2,4,4,8,8,0,0,0,0,0,0,0,100,100,0,0,0,0,0,100,100,0,0.000000,0,9888,0.000000,0,0,0,0,432,332,300,32,400,18688,14288,0,0,0,0,432,0,0,0,0,933,9400
559,W2,4,4,8,8,0,0,0,0,0,0,0,100,100,0,0,0,0,0,100,100,0,0.000000,0,9888,0.000000,0,0,0,0,432,332,300,32,400,18688,14288,0,0,0,0,432,0,0,0,0,856,9400
560,W2,4,4,8,8,0,0,0,0,0,0,0,100,100,0,0,0,0,0,100,100,0,0.000000,0,9888,0.000000,0,0,0,0,432,332,300,32,400,18688,14288,0,0,0,0,432,0,0,0,0,906,9400
561,W2,4,4,8,8,0,0,0,0,0,0,0,100,100,0,0,0,0,0,100,100,0,0.000000,0,9888,0.000000,0,0,0,0,432,332,300,32,400,18688,14288,0,0,0,0,432,0,0,0,0,891,9400
562,W2,4,4,8,8,0,0,0,0,0,0,0,100,100,0,0,0,0,0,100,100,0,0.000000,0,9888,0.000000,0,0,0,0,432,332,300,32,400,18688,14288,0,0,0,0,432,0,0,0,0,882,9400
563,W2,4,4,8,8,0,0,0,0,0,0,0,100,100,100,0,0,0,0,100,100,100,100.000000,1600,9888,16.181230,10,10,10,10,432,332,300,32,400,18688,14288,0,0,0,0,432,0,0,0,0,885,9400
564,W2,4,4,8,8,0,0,0,0,0,0,0,100,100,0,0,0,0,0,100,100,0,0.000000,0,9888,0.000000,0,0,0,0,432,332,300,32,400,18688,14288,0,0,0,0,432,0,0,0,0,838,9400
565,W2,4,4,8,8,0,0,0,0,0,0,0,100,100,0,0,0,0,0,100,100,0,0.000000,0,9888,0.000000,0,0,0,0,432,332,300,32,400,18688,14288,0,0,0,0,432,0,0,0,0,897,9400
566,W2,4,4,8,8,0,0,0,0,0,0,0,100,100,0,0,0,0,0,100,100,0,0.000000,0,9888,0.000000,0,0,0,0,432,332,300,32,400,18688,14288,0,0,0,0,432,0,0,0,0,889,9400
567,W2,4,4,8,8,0,0,0,0,0,0,0,100,100,0,0,0,0,0,100,100,0,0.000000,0,9888,0.000000,0,0,0,0,432,332,300,32,400,18688,14288,0,0,0,0,432,0,0,0,0,935,9400
568,W2,4,4,8,8,0,0,0,0,0,0,0,100,100,0,0,0,0,0,100,100,0,0.000000,0,9888,0.000000,0,0,0,0,432,332,300,32,400,18688,14288,0,0,0,0,432,0,0,0,0,844,9400
569,W2,4,4,8,8,0,0,0,0,0,0,0,100,100,0,0,0,0,0,100,100,0,0.000000,0,9888,0.000000,0,0,0,0,432,332,300,32,400,18688,14288,0,0,0,0,432,0,0,0,0,865,9400
570,W2,4,4,8,8,0,0,0,0,0,0,0,100,100,0,0,0,0,0,100,100,0,0.000000,0,9888,0.000000,0,0,0,0,432,332,300,32,400,18688,14288,0,0,0,0,432,0,0,0,0,877,9400
571,W2,4,4,8,8,0,0,0,0,0,0,0,100,100,0,0,0,0,0,100,100,0,0.000000,0,9888,0.000000,0,0,0,0,432,332,300,32,400,18688,14288,0,0,0,0,432,0,0,0,0,881,9400
572,W2,4,4,8,8,0,0,0,0,0,0,0,100,100,100,0,0,0,0,100,100,100,100.000000,1600,9888,16.181230,10,10,10,10,432,332,300,32,400,18688,14288,0,0,0,0,432,0,0,0,0,880,9400
573,W2,4,4,8,8,0,0,0,0,0,0,0,100,100,0,0,0,0,0,100,100,0,0.000000,0,9888,0.000000,0,0,0,0,432,332,300,32,400,18688,14288,0,0,0,0,432,0,0,0,0,830,9400
574,W2,4,4,8,8,0,0,0,0,0,0,0,100,100,0,0,0,0,0,100,100,0,0.000000,0,9888,0.000000,0,0,0,0,432,332,300,32,400,18688,14288,0,0,0,0,432,0,0,0,0,875,9400
575,W2,4,4,8,8,0,0,0,0,0,0,0,100,100,0,0,0,0,0,100,100,0,0.000000,0,9888,0.000000,0,0,0,0,432,332,300,32,400,18688,14288,0,0,0,0,432,0,0,0,0,848,9400
576,W2,4,4,8,8,0,0,0,0,0,0,0,100,100,0,0,0,0,0,100,100,0,0.000000,0,9888,0.000000,0,0,0,0,432,332,300,32,400,18688,14288,0,0,0,0,432,0,0,0,0,883,9400
577,W2,4,4,8,8,0,0,0,0,0,0,0,100,100,0,0,0,0,0,100,100,0,0.000000,0,9888,0.000000,0,0,0,0,432,332,300,32,400,18688,14288,0,0,0,0,432,0,0,0,0,857,9400
578,W2,4,4,8,8,0,0,0,0,0,0,0,100,100,0,0,0,0,0,100,100,0,0.000000,0,9888,0.000000,0,0,0,0,432,332,300,32,400,18688,14288,0,0,0,0,432,0,0,0,0,874,9400
579,W2,4,4,8,8,0,0,0,0,0,0,0,100,100,0,0,0,0,0,100,100,0,0.000000,0,9888,0.000000,0,0,0,0,432,332,300,32,400,18688,14288,0,0,0,0,432,0,0,0,0,894,9400
580,W2,4,4,8,8,0,0,0,0,0,0,0,100,100,0,0,0,0,0,100,100,0,0.000000,0,9888,0.000000,0,0,0,0,432,332,300,32,400,18688,14288,0,0,0,0,432,0,0,0,0,896,9400
581,W2,4,4,8,8,0,0,0,0,0,0,0,100,100,100,0,0,0,0,100,100,100,100.000000,1600,9888,16.181230,10,10,10,10,432,332,300,32,400,18688,14288,0,0,0,0,432,0,0,0,0,893,9400
582,W2,4,4,8,8,0,0,0,0,0,0,0,100,100,0,0,0,0,0,100,100,0,0.000000,0,9888,0.000000,0,0,0,0,432,332,300,32,400,18688,14288,0,0,0,0,432,0,0,0,0,907,9400
583,W2,4,4,8,8,0,0,0,0,0,0,0,100,100,0,0,0,0,0,100,100,0,0.000000,0,9888,0.000000,0,0,0,0,432,332,300,32,400,18688,14288,0,0,0,0,432,0,0,0,0,845,9400
584,W2,4,4,8,8,0,0,0,0,0,0,0,100,100,0,0,0,0,0,100,100,0,0.000000,0,9888,0.000000,0,0,0,0,432,332,300,32,400,18688,14288,0,0,0,0,432,0,0,0,0,1015,9400
585,W2,4,4,8,8,0,0,0,0,0,0,0,100,100,0,0,0,0,0,100,100,0,0.000000,0,9888,0.000000,0,0,0,0,432,332,300,32,400,18688,14288,0,0,0,0,432,0,0,0,0,926,9400
586,W2,4,4,8,8,0,0,0,0,0,0,0,100,100,0,0,0,0,0,100,100,0,0.000000,0,9888,0.000000,0,0,0,0,432,332,300,32,400,18688,14288,0,0,0,0,432,0,0,0,0,892,9400
587,W2,4,4,8,8,0,0,0,0,0,0,0,100,100,0,0,0,0,0,100,100,0,0.000000,0,9888,0.000000,0,0,0,0,432,332,300,32,400,18688,14288,0,0,0,0,432,0,0,0,0,997,9400
588,W2,4,4,8,8,0,0,0,0,0,0,0,100,100,0,0,0,0,0,100,100,0,0.000000,0,9888,0.000000,0,0,0,0,432,332,300,32,400,18688,14288,0,0,0,0,432,0,0,0,0,834,9400
589,W2,4,4,8,8,0,0,0,0,0,0,0,100,100,0,0,0,0,0,100,100,0,0.000000,0,9888,0.000000,0,0,0,0,432,332,300,32,400,18688,14288,0,0,0,0,432,0,0,0,0,870,9400
590,W2,4,4,8,8,0,0,0,0,0,0,0,100,100,100,0,0,0,0,100,100,100,100.000000,1600,9888,16.181230,10,10,10,10,432,332,300,32,400,18688,14288,0,0,0,0,432,0,0,0,0,862,9400
591,W2,4,4,8,8,0,0,0,0,0,0,0,100,100,0,0,0,0,0,100,100,0,0.000000,0,9888,0.000000,0,0,0,0,432,332,300,32,400,18688,14288,0,0,0,0,432,0,0,0,0,907,9400
592,W2,4,4,8,8,0,0,0,0,0,0,0,100,100,0,0,0,0,0,100,100,0,0.000000,0,9888,0.000000,0,0,0,0,432,332,300,32,400,18688,14288,0,0,0,0,432,0,0,0,0,846,9400
593,W2,4,4,8,8,0,0,0,0,0,0,0,100,100,0,0,0,0,0,100,100,0,0.000000,0,9888,0.000000,0,0,0,0,432,332,300,32,400,18688,14288,0,0,0,0,432,0,0,0,0,834,9400
594,W2,4,4,8,8,0,0,0,0,0,0,0,100,100,0,0,0,0,0,100,100,0,0.000000,0,9888,0.000000,0,0,0,0,432,332,300,32,400,18688,14288,0,0,0,0,432,0,0,0,0,851,9400
595,W2,4,4,8,8,0,0,0,0,0,0,0,100,100,0,0,0,0,0,100,100,0,0.000000,0,9888,0.000000,0,0,0,0,432,332,300,32,400,18688,14288,0,0,0,0,432,0,0,0,0,843,9400
596,W2,4,4,8,8,0,0,0,0,0,0,0,100,100,0,0,0,0,0,100,100,0,0.000000,0,9888,0.000000,0,0,0,0,432,332,300,32,400,18688,14288,0,0,0,0,432,0,0,0,0,880,9400
597,W2,4,4,8,8,0,0,0,0,0,0,0,100,100,0,0,0,0,0,100,100,0,0.000000,0,9888,0.000000,0,0,0,0,432,332,300,32,400,18688,14288,0,0,0,0,432,0,0,0,0,843,9400
598,W2,4,4,8,8,0,0,0,0,0,0,0,100,100,0,0,0,0,0,100,100,0,0.000000,0,9888,0.000000,0,0,0,0,432,332,300,32,400,18688,14288,0,0,0,0,432,0,0,0,0,932,9400
599,W2,4,4,8,8,0,0,0,0,0,0,0,100,100,100,0,0,0,0,100,100,100,100.000000,1600,9888,16.181230,10,10,10,10,432,332,300,32,400,18688,14288,0,0,0,0,432,0,0,0,0,838,9400
600,W2,4,4,8,8,0,0,0,0,0,0,0,100,100,0,0,0,0,0,100,100,0,0.000000,0,9888,0.000000,0,0,0,0,432,332,300,32,400,18688,14288,0,0,0,0,432,0,0,0,0,826,9400
601,W2,4,4,8,8,0,0,0,0,0,0,0,100,100,0,0,0,0,0,100,100,0,0.000000,0,9888,0.000000,0,0,0,0,432,332,300,32,400,18688,14288,0,0,0,0,432,0,0,0,0,899,9400
602,W2,4,4,8,8,0,0,0,0,0,0,0,100,100,0,0,0,0,0,100,100,0,0.000000,0,9888,0.000000,0,0,0,0,432,332,300,32,400,18688,14288,0,0,0,0,432,0,0,0,0,827,9400
603,W2,4,4,8,8,0,0,0,0,0,0,0,100,100,0,0,0,0,0,100,100,0,0.000000,0,9888,0.000000,0,0,0,0,432,332,300,32,400,18688,14288,0,0,0,0,432,0,0,0,0,884,9400
604,W2,4,4,8,8,0,0,0,0,0,0,0,100,100,0,0,0,0,0,100,100,0,0.000000,0,9888,0.000000,0,0,0,0,432,332,300,32,400,18688,14288,0,0,0,0,432,0,0,0,0,825,9400
605,W2,4,4,8,8,0,0,0,0,0,0,0,100,100,0,0,0,0,0,100,100,0,0.000000,0,9888,0.000000,0,0,0,0,432,332,300,32,400,18688,14288,0,0,0,0,432,0,0,0,0,854,9400
606,W2,4,4,8,8,0,0,0,0,0,0,0,100,100,0,0,0,0,0,100,100,0,0.000000,0,9888,0.000000,0,0,0,0,432,332,300,32,400,18688,14288,0,0,0,0,432,0,0,0,0,855,9400
607,W2,4,4,8,8,0,0,0,0,0,0,0,100,100,0,0,0,0,0,100,100,0,0.000000,0,9888,0.000000,0,0,0,0,432,332,300,32,400,18688,14288,0,0,0,0,432,0,0,0,0,871,9400
608,W2,4,4,8,8,0,0,0,0,0,0,0,100,100,100,0,0,0,0,100,100,100,100.000000,1600,9888,16.181230,10,10,10,10,432,332,300,32,400,18688,14288,0,0,0,0,432,0,0,0,0,842,9400
609,W2,4,4,8,8,0,0,0,0,0,0,0,100,100,0,0,0,0,0,100,100,0,0.000000,0,9888,0.000000,0,0,0,0,432,332,300,32,400,18688,14288,0,0,0,0,432,0,0,0,0,836,9400
610,W2,4,4,8,8,0,0,0,0,0,0,0,100,100,0,0,0,0,0,100,100,0,0.000000,0,9888,0.000000,0,0,0,0,432,332,300,32,400,18688,14288,0,0,0,0,432,0,0,0,0,888,9400
611,W2,4,4,8,8,0,0,0,0,0,0,0,100,100,0,0,0,0,0,100,100,0,0.000000,0,9888,0.000000,0,0,0,0,432,332,300,32,400,18688,14288,0,0,0,0,432,0,0,0,0,868,9400
612,W2,4,4,8,8,0,0,0,0,0,0,0,100,100,0,0,0,0,0,100,100,0,0.000000,0,9888,0.000000,0,0,0,0,432,332,300,32,400,18688,14288,0,0,0,0,432,0,0,0,0,848,9400
613,W2,4,4,8,8,0,0,0,0,0,0,0,100,100,0,0,0,0,0,100,100,0,0.000000,0,9888,0.000000,0,0,0,0,432,332,300,32,400,18688,14288,0,0,0,0,432,0,0,0,0,886,9400
614,W2,4,4,8,8,0,0,0,0,0,0,0,100,100,0,0,0,0,0,100,100,0,0.000000,0,9888,0.000000,0,0,0,0,432,332,300,32,400,18688,14288,0,0,0,0,432,0,0,0,0,858,9400
615,W2,4,4,8,8,0,0,0,0,0,0,0,100,100,0,0,0,0,0,100,100,0,0.000000,0,9888,0.000000,0,0,0,0,432,332,300,32,400,18688,14288,0,0,0,0,432,0,0,0,0,847,9400
616,W2,4,4,8,8,0,0,0,0,0,0,0,100,100,0,0,0,0,0,100,100,0,0.000000,0,9888,0.000000,0,0,0,0,432,332,300,32,400,18688,14288,0,0,0,0,432,0,0,0,0,842,9400
617,W2,4,4,8,8,0,0,0,0,0,0,0,100,100,100,0,0,0,0,100,100,100,100.000000,1600,9888,16.181230,10,10,10,10,432,332,300,32,400,18688,14288,0,0,0,0,432,0,0,0,0,881,9400
618,W2,4,4,8,8,0,0,0,0,0,0,0,100,100,0,0,0,0,0,100,100,0,0.000000,0,9888,0.000000,0,0,0,0,432,332,300,32,400,18688,14288,0,0,0,0,432,0,0,0,0,854,9400
619,W2,4,4,8,8,0,0,0,0,0,0,0,100,100,0,0,0,0,0,100,100,0,0.000000,0,9888,0.000000,0,0,0,0,432,332,300,32,400,18688,14288,0,0,0,0,432,0,0,0,0,891,9400
620,W2,4,4,8,8,0,0,0,0,0,0,0,100,100,0,0,0,0,0,100,100,0,0.000000,0,9888,0.000000,0,0,0,0,432,332,300,32,400,18688,14288,0,0,0,0,432,0,0,0,0,860,9400
621,W2,4,4,8,8,0,0,0,0,0,0,0,100,100,0,0,0,0,0,100,100,0,0.000000,0,9888,0.000000,0,0,0,0,432,332,300,32,400,18688,14288,0,0,0,0,432,0,0,0,0,833,9400
622,W2,4,4,8,8,0,0,0,0,0,0,0,100,100,0,0,0,0,0,100,100,0,0.000000,0,9888,0.000000,0,0,0,0,432,332,300,32,400,18688,14288,0,0,0,0,432,0,0,0,0,858,9400
623,W2,4,4,8,8,0,0,0,0,0,0,0,100,100,0,0,0,0,0,100,100,0,0.000000,0,9888,0.000000,0,0,0,0,432,332,300,32,400,18688,14288,0,0,0,0,432,0,0,0,0,876,9400
624,W2,4,4,8,8,0,0,0,0,0,0,0,100,100,0,0,0,0,0,100,100,0,0.000000,0,9888,0.000000,0,0,0,0,432,332,300,32,400,18688,14288,0,0,0,0,432,0,0,0,0,864,9400
625,W2,4,4,8,8,0,0,0,0,0,0,0,100,100,0,0,0,0,0,100,100,0,0.000000,0,9888,0.000000,0,0,0,0,432,332,300,32,400,18688,14288,0,0,0,0,432,0,0,0,0,922,9400
626,W2,4,4,8,8,0,0,0,0,0,0,0,100,100,100,0,0,0,0,100,100,100,100.000000,1600,9888,16.181230,10,10,10,10,432,332,300,32,400,18688,14288,0,0,0,0,432,0,0,0,0,886,9400
627,W2,4,4,8,8,0,0,0,0,0,0,0,100,100,0,0,0,0,0,100,100,0,0.000000,0,9888,0.000000,0,0,0,0,432,332,300,32,400,18688,14288,0,0,0,0,432,0,0,0,0,882,9400
628,W2,4,4,8,8,0,0,0,0,0,0,0,100,100,0,0,0,0,0,100,100,0,0.000000,0,9888,0.000000,0,0,0,0,432,332,300,32,400,18688,14288,0,0,0,0,432,0,0,0,0,870,9400
629,W2,4,4,8,8,0,0,0,0,0,0,0,100,100,0,0,0,0,0,100,100,0,0.000000,0,9888,0.000000,0,0,0,0,432,332,300,32,400,18688,14288,0,0,0,0,432,0,0,0,0,843,9400
630,W2,4,4,8,8,0,0,0,0,0,0,0,100,100,0,0,0,0,0,100,100,0,0.000000,0,9888,0.000000,0,0,0,0,432,332,300,32,400,18688,14288,0,0,0,0,432,0,0,0,0,843,9400
631,W2,4,4,8,8,0,0,0,0,0,0,0,100,100,0,0,0,0,0,100,100,0,0.000000,0,9888,0.000000,0,0,0,0,432,332,300,32,400,18688,14288,0,0,0,0,432,0,0,0,0,871,9400
632,W2,4,4,8,8,0,0,0,0,0,0,0,100,100,0,0,0,0,0,100,100,0,0.000000,0,9888,0.000000,0,0,0,0,432,332,300,32,400,18688,14288,0,0,0,0,432,0,0,0,0,840,9400
633,W2,4,4,8,8,0,0,0,0,0,0,0,100,100,0,0,0,0,0,100,100,0,0.000000,0,9888,0.000000,0,0,0,0,432,332,300,32,400,18688,14288,0,0,0,0,432,0,0,0,0,857,9400
634,W2,4,4,8,8,0,0,0,0,0,0,0,100,100,0,0,0,0,0,100,100,0,0.000000,0,9888,0.000000,0,0,0,0,432,332,300,32,400,18688,14288,0,0,0,0,432,0,0,0,0,882,9400
635,W2,4,4,8,8,0,0,0,0,0,0,0,100,100,100,0,0,0,0,100,100,100,100.000000,1600,9888,16.181230,10,10,10,10,432,332,300,32,400,18688,14288,0,0,0,0,432,0,0,0,0,896,9400
636,W2,4,4,8,8,0,0,0,0,0,0,0,100,100,0,0,0,0,0,100,100,0,0.000000,0,9888,0.000000,0,0,0,0,432,332,300,32,400,18688,14288,0,0,0,0,432,0,0,0,0,905,9400
637,W2,4,4,8,8,0,0,0,0,0,0,0,100,100,0,0,0,0,0,100,100,0,0.000000,0,9888,0.000000,0,0,0,0,432,332,300,32,400,18688,14288,0,0,0,0,432,0,0,0,0,856,9400
638,W2,4,4,8,8,0,0,0,0,0,0,0,100,100,0,0,0,0,0,100,100,0,0.000000,0,9888,0.000000,0,0,0,0,432,332,300,32,400,18688,14288,0,0,0,0,432,0,0,0,0,846,9400
639,W2,4,4,8,8,0,0,0,0,0,0,0,100,100,0,0,0,0,0,100,100,0,0.000000,0,9888,0.000000,0,0,0,0,432,332,300,32,400,18688,14288,0,0,0,0,432,0,0,0,0,916,9400
640,W2,4,4,8,8,0,0,0,0,0,0,0,100,100,0,0,0,0,0,100,100,0,0.000000,0,9888,0.000000,0,0,0,0,432,332,300,32,400,18688,14288,0,0,0,0,432,0,0,0,0,883,9400
641,W2,4,4,8,8,0,0,0,0,0,0,0,100,100,0,0,0,0,0,100,100,0,0.000000,0,9888,0.000000,0,0,0,0,432,332,300,32,400,18688,14288,0,0,0,0,432,0,0,0,0,872,9400
642,W2,4,4,8,8,0,0,0,0,0,0,0,100,100,0,0,0,0,0,100,100,0,0.000000,0,9888,0.000000,0,0,0,0,432,332,300,32,400,18688,14288,0,0,0,0,432,0,0,0,0,847,9400
643,W2,4,4,8,8,0,0,0,0,0,0,0,100,100,0,0,0,0,0,100,100,0,0.000000,0,9888,0.000000,0,0,0,0,432,332,300,32,400,18688,14288,0,0,0,0,432,0,0,0,0,865,9400
644,W2,4,4,8,8,0,0,0,0,0,0,0,100,100,100,0,0,0,0,100,100,100,100.000000,1600,9888,16.181230,10,10,10,10,432,332,300,32,400,18688,14288,0,0,0,0,432,0,0,0,0,839,9400
645,W2,4,4,8,8,0,0,0,0,0,0,0,100,100,0,0,0,0,0,100,100,0,0.000000,0,9888,0.000000,0,0,0,0,432,332,300,32,400,18688,14288,0,0,0,0,432,0,0,0,0,851,9400
646,W2,4,4,8,8,0,0,0,0,0,0,0,100,100,0,0,0,0,0,100,100,0,0.000000,0,9888,0.000000,0,0,0,0,432,332,300,32,400,18688,14288,0,0,0,0,432,0,0,0,0,888,9400
647,W2,4,4,8,8,0,0,0,0,0,0,0,100,100,0,0,0,0,0,100,100,0,0.000000,0,9888,0.000000,0,0,0,0,432,332,300,32,400,18688,14288,0,0,0,0,432,0,0,0,0,879,9400
648,W2,4,4,8,8,0,0,0,0,0,0,0,100,100,0,0,0,0,0,100,100,0,0.000000,0,9888,0.000000,0,0,0,0,432,332,300,32,400,18688,14288,0,0,0,0,432,0,0,0,0,903,9400
649,W2,4,4,8,8,0,0,0,0,0,0,0,100,100,0,0,0,0,0,100,100,0,0.000000,0,9888,0.000000,0,0,0,0,432,332,300,32,400,18688,14288,0,0,0,0,432,0,0,0,0,834,9400
650,W2,4,4,8,8,0,0,0,0,0,0,0,100,100,0,0,0,0,0,100,100,0,0.000000,0,9888,0.000000,0,0,0,0,432,332,300,32,400,18688,14288,0,0,0,0,432,0,0,0,0,865,9400
651,W2,4,4,8,8,0,0,0,0,0,0,0,100,100,0,0,0,0,0,100,100,0,0.000000,0,9888,0.000000,0,0,0,0,432,332,300,32,400,18688,14288,0,0,0,0,432,0,0,0,0,838,9400
652,W2,4,4,8,8,0,0,0,0,0,0,0,100,100,0,0,0,0,0,100,100,0,0.000000,0,9888,0.000000,0,0,0,0,432,332,300,32,400,18688,14288,0,0,0,0,432,0,0,0,0,871,9400
653,W2,4,4,8,8,0,0,0,0,0,0,0,100,100,100,0,0,0,0,100,100,100,100.000000,1600,9888,16.181230,10,10,10,10,432,332,300,32,400,18688,14288,0,0,0,0,432,0,0,0,0,889,9400
654,W2,4,4,8,8,0,0,0,0,0,0,0,100,100,0,0,0,0,0,100,100,0,0.000000,0,9888,0.000000,0,0,0,0,432,332,300,32,400,18688,14288,0,0,0,0,432,0,0,0,0,877,9400
655,W2,4,4,8,8,0,0,0,0,0,0,0,100,100,0,0,0,0,0,100,100,0,0.000000,0,9888,0.000000,0,0,0,0,432,332,300,32,400,18688,14288,0,0,0,0,432,0,0,0,0,961,9400
656,W2,4,4,8,8,0,0,0,0,0,0,0,100,100,0,0,0,0,0,100,100,0,0.000000,0,9888,0.000000,0,0,0,0,432,332,300,32,400,18688,14288,0,0,0,0,432,0,0,0,0,859,9400
657,W2,4,4,8,8,0,0,0,0,0,0,0,100,100,0,0,0,0,0,100,100,0,0.000000,0,9888,0.000000,0,0,0,0,432,332,300,32,400,18688,14288,0,0,0,0,432,0,0,0,0,862,9400
658,W2,4,4,8,8,0,0,0,0,0,0,0,100,100,0,0,0,0,0,100,100,0,0.000000,0,9888,0.000000,0,0,0,0,432,332,300,32,400,18688,14288,0,0,0,0,432,0,0,0,0,888,9400
659,W2,4,4,8,8,0,0,0,0,0,0,0,100,100,0,0,0,0,0,100,100,0,0.000000,0,9888,0.000000,0,0,0,0,432,332,300,32,400,18688,14288,0,0,0,0,432,0,0,0,0,862,9400
660,W2,4,4,8,8,0,0,0,0,0,0,0,100,100,0,0,0,0,0,100,100,0,0.000000,0,9888,0.000000,0,0,0,0,432,332,300,32,400,18688,14288,0,0,0,0,432,0,0,0,0,922,9400
661,W2,4,4,8,8,0,0,0,0,0,0,0,100,100,0,0,0,0,0,100,100,0,0.000000,0,9888,0.000000,0,0,0,0,432,332,300,32,400,18688,14288,0,0,0,0,432,0,0,0,0,877,9400
662,W2,4,4,8,8,0,0,0,0,0,0,0,100,100,100,0,0,0,0,100,100,100,100.000000,1600,9888,16.181230,10,10,10,10,432,332,300,32,400,18688,14288,0,0,0,0,432,0,0,0,0,905,9400
663,W2,4,4,8,8,0,0,0,0,0,0,0,100,100,0,0,0,0,0,100,100,0,0.000000,0,9888,0.000000,0,0,0,0,432,332,300,32,400,18688,14288,0,0,0,0,432,0,0,0,0,838,9400
664,W2,4,4,8,8,0,0,0,0,0,0,0,100,100,0,0,0,0,0,100,100,0,0.000000,0,9888,0.000000,0,0,0,0,432,332,300,32,400,18688,14288,0,0,0,0,432,0,0,0,0,871,9400
665,W2,4,4,8,8,0,0,0,0,0,0,0,100,100,0,0,0,0,0,100,100,0,0.000000,0,9888,0.000000,0,0,0,0,432,332,300,32,400,18688,14288,0,0,0,0,432,0,0,0,0,843,9400
666,W2,4,4,8,8,0,0,0,0,0,0,0,100,100,0,0,0,0,0,100,100,0,0.000000,0,9888,0.000000,0,0,0,0,432,332,300,32,400,18688,14288,0,0,0,0,432,0,0,0,0,894,9400
667,W2,4,4,8,8,0,0,0,0,0,0,0,100,100,0,0,0,0,0,100,100,0,0.000000,0,9888,0.000000,0,0,0,0,432,332,300,32,400,18688,14288,0,0,0,0,432,0,0,0,0,904,9400
668,W2,4,4,8,8,0,0,0,0,0,0,0,100,100,0,0,0,0,0,100,100,0,0.000000,0,9888,0.000000,0,0,0,0,432,332,300,32,400,18688,14288,0,0,0,0,432,0,0,0,0,844,9400
669,W2,4,4,8,8,0,0,0,0,0,0,0,100,100,0,0,0,0,0,100,100,0,0.000000,0,9888,0.000000,0,0,0,0,432,332,300,32,400,18688,14288,0,0,0,0,432,0,0,0,0,866,9400
670,W2,4,4,8,8,0,0,0,0,0,0,0,100,100,0,0,0,0,0,100,100,0,0.000000,0,9888,0.000000,0,0,0,0,432,332,300,32,400,18688,14288,0,0,0,0,432,0,0,0,0,900,9400
671,W2,4,4,8,8,0,0,0,0,0,0,0,100,100,100,0,0,0,0,100,100,100,100.000000,1600,9888,16.181230,10,10,10,10,432,332,300,32,400,18688,14288,0,0,0,0,432,0,0,0,0,862,9400
672,W2,4,4,8,8,0,0,0,0,0,0,0,100,100,0,0,0,0,0,100,100,0,0.000000,0,9888,0.000000,0,0,0,0,432,332,300,32,400,18688,14288,0,0,0,0,432,0,0,0,0,940,9400
673,W2,4,4,8,8,0,0,0,0,0,0,0,100,100,0,0,0,0,0,100,100,0,0.000000,0,9888,0.000000,0,0,0,0,432,332,300,32,400,18688,14288,0,0,0,0,432,0,0,0,0,828,9400
674,W2,4,4,8,8,0,0,0,0,0,0,0,100,100,0,0,0,0,0,100,100,0,0.000000,0,9888,0.000000,0,0,0,0,432,332,300,32,400,18688,14288,0,0,0,0,432,0,0,0,0,840,9400
675,W2,4,4,8,8,0,0,0,0,0,0,0,100,100,0,0,0,0,0,100,100,0,0.000000,0,9888,0.000000,0,0,0,0,432,332,300,32,400,18688,14288,0,0,0,0,432,0,0,0,0,877,9400
676,W2,4,4,8,8,0,0,0,0,0,0,0,100,100,0,0,0,0,0,100,100,0,0.000000,0,9888,0.000000,0,0,0,0,432,332,300,32,400,18688,14288,0,0,0,0,432,0,0,0,0,864,9400
677,W2,4,4,8,8,0,0,0,0,0,0,0,100,100,0,0,0,0,0,100,100,0,0.000000,0,9888,0.000000,0,0,0,0,432,332,300,32,400,18688,14288,0,0,0,0,432,0,0,0,0,838,9400
678,W2,4,4,8,8,0,0,0,0,0,0,0,100,100,0,0,0,0,0,100,100,0,0.000000,0,9888,0.000000,0,0,0,0,432,332,300,32,400,18688,14288,0,0,0,0,432,0,0,0,0,895,9400
679,W2,4,4,8,8,0,0,0,0,0,0,0,100,100,0,0,0,0,0,100,100,0,0.000000,0,9888,0.000000,0,0,0,0,432,332,300,32,400,18688,14288,0,0,0,0,432,0,0,0,0,886,9400
680,W2,4,4,8,8,0,0,0,0,0,0,0,100,100,100,0,0,0,0,100,100,100,100.000000,1600,9888,16.181230,10,10,10,10,432,332,300,32,400,18688,14288,0,0,0,0,432,0,0,0,0,846,9400
681,W2,4,4,8,8,0,0,0,0,0,0,0,100,100,0,0,0,0,0,100,100,0,0.000000,0,9888,0.000000,0,0,0,0,432,332,300,32,400,18688,14288,0,0,0,0,432,0,0,0,0,844,9400
682,W2,4,4,8,8,0,0,0,0,0,0,0,100,100,0,0,0,0,0,100,100,0,0.000000,0,9888,0.000000,0,0,0,0,432,332,300,32,400,18688,14288,0,0,0,0,432,0,0,0,0,842,9400
683,W2,4,4,8,8,0,0,0,0,0,0,0,100,100,0,0,0,0,0,100,100,0,0.000000,0,9888,0.000000,0,0,0,0,432,332,300,32,400,18688,14288,0,0,0,0,432,0,0,0,0,932,9400
684,W2,4,4,8,8,0,0,0,0,0,0,0,100,100,0,0,0,0,0,100,100,0,0.000000,0,9888,0.000000,0,0,0,0,432,332,300,32,400,18688,14288,0,0,0,0,432,0,0,0,0,909,9400
685,W2,4,4,8,8,0,0,0,0,0,0,0,100,100,0,0,0,0,0,100,100,0,0.000000,0,9888,0.000000,0,0,0,0,432,332,300,32,400,18688,14288,0,0,0,0,432,0,0,0,0,877,9400
686,W2,4,4,8,8,0,0,0,0,0,0,0,100,100,0,0,0,0,0,100,100,0,0.000000,0,9888,0.000000,0,0,0,0,432,332,300,32,400,18688,14288,0,0,0,0,432,0,0,0,0,856,9400
687,W2,4,4,8,8,0,0,0,0,0,0,0,100,100,0,0,0,0,0,100,100,0,0.000000,0,9888,0.000000,0,0,0,0,432,332,300,32,400,18688,14288,0,0,0,0,432,0,0,0,0,882,9400
688,W2,4,4,8,8,0,0,0,0,0,0,0,100,100,0,0,0,0,0,100,100,0,0.000000,0,9888,0.000000,0,0,0,0,432,332,300,32,400,18688,14288,0,0,0,0,432,0,0,0,0,850,9400
689,W2,4,4,8,8,0,0,0,0,0,0,0,100,100,100,0,0,0,0,100,100,100,100.000000,1600,9888,16.181230,10,10,10,10,432,332,300,32,400,18688,14288,0,0,0,0,432,0,0,0,0,832,9400
690,W2,4,4,8,8,0,0,0,0,0,0,0,100,100,0,0,0,0,0,100,100,0,0.000000,0,9888,0.000000,0,0,0,0,432,332,300,32,400,18688,14288,0,0,0,0,432,0,0,0,0,920,9400
691,W2,4,4,8,8,0,0,0,0,0,0,0,100,100,0,0,0,0,0,100,100,0,0.000000,0,9888,0.000000,0,0,0,0,432,332,300,32,400,18688,14288,0,0,0,0,432,0,0,0,0,879,9400
692,W2,4,4,8,8,0,0,0,0,0,0,0,100,100,0,0,0,0,0,100,100,0,0.000000,0,9888,0.000000,0,0,0,0,432,332,300,32,400,18688,14288,0,0,0,0,432,0,0,0,0,911,9400
693,W2,4,4,8,8,0,0,0,0,0,0,0,100,100,0,0,0,0,0,100,100,0,0.000000,0,9888,0.000000,0,0,0,0,432,332,300,32,400,18688,14288,0,0,0,0,432,0,0,0,0,826,9400
694,W2,4,4,8,8,0,0,0,0,0,0,0,100,100,0,0,0,0,0,100,100,0,0.000000,0,9888,0.000000,0,0,0,0,432,332,300,32,400,18688,14288,0,0,0,0,432,0,0,0,0,839,9400
695,W2,4,4,8,8,0,0,0,0,0,0,0,100,100,0,0,0,0,0,100,100,0,0.000000,0,9888,0.000000,0,0,0,0,432,332,300,32,400,18688,14288,0,0,0,0,432,0,0,0,0,918,9400
696,W2,4,4,8,8,0,0,0,0,0,0,0,100,100,0,0,0,0,0,100,100,0,0.000000,0,9888,0.000000,0,0,0,0,432,332,300,32,400,18688,14288,0,0,0,0,432,0,0,0,0,878,9400
697,W2,4,4,8,8,0,0,0,0,0,0,0,100,100,0,0,0,0,0,100,100,0,0.000000,0,9888,0.000000,0,0,0,0,432,332,300,32,400,18688,14288,0,0,0,0,432,0,0,0,0,841,9400
698,W2,4,4,8,8,0,0,0,0,0,0,0,100,100,100,0,0,0,0,100,100,100,100.000000,1600,9888,16.181230,10,10,10,10,432,332,300,32,400,18688,14288,0,0,0,0,432,0,0,0,0,838,9400
699,W2,4,4,8,8,0,0,0,0,0,0,0,100,100,0,0,0,0,0,100,100,0,0.000000,0,9888,0.000000,0,0,0,0,432,332,300,32,400,18688,14288,0,0,0,0,432,0,0,0,0,1021,9400
700,W2,4,4,8,8,0,0,0,0,0,0,0,100,100,0,0,0,0,0,100,100,0,0.000000,0,9888,0.000000,0,0,0,0,432,332,300,32,400,18688,14288,0,0,0,0,432,0,0,0,0,852,9400
701,W2,4,4,8,8,0,0,0,0,0,0,0,100,100,0,0,0,0,0,100,100,0,0.000000,0,9888,0.000000,0,0,0,0,432,332,300,32,400,18688,14288,0,0,0,0,432,0,0,0,0,891,9400
702,W2,4,4,8,8,0,0,0,0,0,0,0,100,100,0,0,0,0,0,100,100,0,0.000000,0,9888,0.000000,0,0,0,0,432,332,300,32,400,18688,14288,0,0,0,0,432,0,0,0,0,872,9400
703,W2,4,4,8,8,0,0,0,0,0,0,0,100,100,0,0,0,0,0,100,100,0,0.000000,0,9888,0.000000,0,0,0,0,432,332,300,32,400,18688,14288,0,0,0,0,432,0,0,0,0,896,9400
704,W2,4,4,8,8,0,0,0,0,0,0,0,100,100,0,0,0,0,0,100,100,0,0.000000,0,9888,0.000000,0,0,0,0,432,332,300,32,400,18688,14288,0,0,0,0,432,0,0,0,0,866,9400
705,W2,4,4,8,8,0,0,0,0,0,0,0,100,100,0,0,0,0,0,100,100,0,0.000000,0,9888,0.000000,0,0,0,0,432,332,300,32,400,18688,14288,0,0,0,0,432,0,0,0,0,845,9400
706,W2,4,4,8,8,0,0,0,0,0,0,0,100,100,0,0,0,0,0,100,100,0,0.000000,0,9888,0.000000,0,0,0,0,432,332,300,32,400,18688,14288,0,0,0,0,432,0,0,0,0,866,9400
707,W2,4,4,8,8,0,0,0,0,0,0,0,100,100,100,0,0,0,0,100,100,100,100.000000,1600,9888,16.181230,10,10,10,10,432,332,300,32,400,18688,14288,0,0,0,0,432,0,0,0,0,866,9400
708,W2,4,4,8,8,0,0,0,0,0,0,0,100,100,0,0,0,0,0,100,100,0,0.000000,0,9888,0.000000,0,0,0,0,432,332,300,32,400,18688,14288,0,0,0,0,432,0,0,0,0,845,9400
709,W2,4,4,8,8,0,0,0,0,0,0,0,100,100,0,0,0,0,0,100,100,0,0.000000,0,9888,0.000000,0,0,0,0,432,332,300,32,400,18688,14288,0,0,0,0,432,0,0,0,0,877,9400
710,W2,4,4,8,8,0,0,0,0,0,0,0,100,100,0,0,0,0,0,100,100,0,0.000000,0,9888,0.000000,0,0,0,0,432,332,300,32,400,18688,14288,0,0,0,0,432,0,0,0,0,865,9400
711,W2,4,4,8,8,0,0,0,0,0,0,0,100,100,0,0,0,0,0,100,100,0,0.000000,0,9888,0.000000,0,0,0,0,432,332,300,32,400,18688,14288,0,0,0,0,432,0,0,0,0,908,9400
712,W2,4,4,8,8,0,0,0,0,0,0,0,100,100,0,0,0,0,0,100,100,0,0.000000,0,9888,0.000000,0,0,0,0,432,332,300,32,400,18688,14288,0,0,0,0,432,0,0,0,0,857,9400
713,W2,4,4,8,8,0,0,0,0,0,0,0,100,100,0,0,0,0,0,100,100,0,0.000000,0,9888,0.000000,0,0,0,0,432,332,300,32,400,18688,14288,0,0,0,0,432,0,0,0,0,841,9400
714,W2,4,4,8,8,0,0,0,0,0,0,0,100,100,0,0,0,0,0,100,100,0,0.000000,0,9888,0.000000,0,0,0,0,432,332,300,32,400,18688,14288,0,0,0,0,432,0,0,0,0,849,9400
715,W2,4,4,8,8,0,0,0,0,0,0,0,100,100,0,0,0,0,0,100,100,0,0.000000,0,9888,0.000000,0,0,0,0,432,332,300,32,400,18688,14288,0,0,0,0,432,0,0,0,0,864,9400
716,W2,4,4,8,8,0,0,0,0,0,0,0,100,100,100,0,0,0,0,100,100,100,100.000000,1600,9888,16.181230,10,10,10,10,432,332,300,32,400,18688,14288,0,0,0,0,432,0,0,0,0,865,9400
717,W2,4,4,8,8,0,0,0,0,0,0,0,100,100,0,0,0,0,0,100,100,0,0.000000,0,9888,0.000000,0,0,0,0,432,332,300,32,400,18688,14288,0,0,0,0,432,0,0,0,0,903,9400
718,W2,4,4,8,8,0,0,0,0,0,0,0,100,100,0,0,0,0,0,100,100,0,0.000000,0,9888,0.000000,0,0,0,0,432,332,300,32,400,18688,14288,0,0,0,0,432,0,0,0,0,833,9400
719,W2,4,4,8,8,0,0,0,0,0,0,0,100,100,0,0,0,0,0,100,100,0,0.000000,0,9888,0.000000,0,0,0,0,432,332,300,32,400,18688,14288,0,0,0,0,432,0,0,0,0,864,9400
720,W2,4,4,8,8,0,0,0,0,0,0,0,100,100,0,0,0,0,0,100,100,0,0.000000,0,9888,0.000000,0,0,0,0,432,332,300,32,400,18688,14288,0,0,0,0,432,0,0,0,0,886,9400
721,W2,4,4,8,8,0,0,0,0,0,0,0,100,100,0,0,0,0,0,100,100,0,0.000000,0,9888,0.000000,0,0,0,0,432,332,300,32,400,18688,14288,0,0,0,0,432,0,0,0,0,860,9400
722,W2,4,4,8,8,0,0,0,0,0,0,0,100,100,0,0,0,0,0,100,100,0,0.000000,0,9888,0.000000,0,0,0,0,432,332,300,32,400,18688,14288,0,0,0,0,432,0,0,0,0,876,9400
723,W2,4,4,8,8,0,0,0,0,0,0,0,100,100,0,0,0,0,0,100,100,0,0.000000,0,9888,0.000000,0,0,0,0,432,332,300,32,400,18688,14288,0,0,0,0,432,0,0,0,0,842,9400
724,W2,4,4,8,8,0,0,0,0,0,0,0,100,100,0,0,0,0,0,100,100,0,0.000000,0,9888,0.000000,0,0,0,0,432,332,300,32,400,18688,14288,0,0,0,0,432,0,0,0,0,920,9400
725,W2,4,4,8,8,0,0,0,0,0,0,0,100,100,100,0,0,0,0,100,100,100,100.000000,1600,9888,16.181230,10,10,10,10,432,332,300,32,400,18688,14288,0,0,0,0,432,0,0,0,0,857,9400
726,W2,4,4,8,8,0,0,0,0,0,0,0,100,100,0,0,0,0,0,100,100,0,0.000000,0,9888,0.000000,0,0,0,0,432,332,300,32,400,18688,14288,0,0,0,0,432,0,0,0,0,875,9400
727,W2,4,4,8,8,0,0,0,0,0,0,0,100,100,0,0,0,0,0,100,100,0,0.000000,0,9888,0.000000,0,0,0,0,432,332,300,32,400,18688,14288,0,0,0,0,432,0,0,0,0,863,9400
728,W2,4,4,8,8,0,0,0,0,0,0,0,100,100,0,0,0,0,0,100,100,0,0.000000,0,9888,0.000000,0,0,0,0,432,332,300,32,400,18688,14288,0,0,0,0,432,0,0,0,0,835,9400
729,W2,4,4,8,8,0,0,0,0,0,0,0,100,100,0,0,0,0,0,100,100,0,0.000000,0,9888,0.000000,0,0,0,0,432,332,300,32,400,18688,14288,0,0,0,0,432,0,0,0,0,849,9400
730,W2,4,4,8,8,0,0,0,0,0,0,0,100,100,0,0,0,0,0,100,100,0,0.000000,0,9888,0.000000,0,0,0,0,432,332,300,32,400,18688,14288,0,0,0,0,432,0,0,0,0,883,9400
731,W2,4,4,8,8,0,0,0,0,0,0,0,100,100,0,0,0,0,0,100,100,0,0.000000,0,9888,0.000000,0,0,0,0,432,332,300,32,400,18688,14288,0,0,0,0,432,0,0,0,0,857,9400
732,W2,4,4,8,8,0,0,0,0,0,0,0,100,100,0,0,0,0,0,100,100,0,0.000000,0,9888,0.000000,0,0,0,0,432,332,300,32,400,18688,14288,0,0,0,0,432,0,0,0,0,843,9400
733,W2,4,4,8,8,0,0,0,0,0,0,0,100,100,0,0,0,0,0,100,100,0,0.000000,0,9888,0.000000,0,0,0,0,432,332,300,32,400,18688,14288,0,0,0,0,432,0,0,0,0,836,9400
734,W2,4,4,8,8,0,0,0,0,0,0,0,100,100,100,0,0,0,0,100,100,100,100.000000,1600,9888,16.181230,10,10,10,10,432,332,300,32,400,18688,14288,0,0,0,0,432,0,0,0,0,844,9400
735,W2,4,4,8,8,0,0,0,0,0,0,0,100,100,0,0,0,0,0,100,100,0,0.000000,0,9888,0.000000,0,0,0,0,432,332,300,32,400,18688,14288,0,0,0,0,432,0,0,0,0,865,9400
736,W2,4,4,8,8,0,0,0,0,0,0,0,100,100,0,0,0,0,0,100,100,0,0.000000,0,9888,0.000000,0,0,0,0,432,332,300,32,400,18688,14288,0,0,0,0,432,0,0,0,0,846,9400
737,W2,4,4,8,8,0,0,0,0,0,0,0,100,100,0,0,0,0,0,100,100,0,0.000000,0,9888,0.000000,0,0,0,0,432,332,300,32,400,18688,14288,0,0,0,0,432,0,0,0,0,894,9400
738,W2,4,4,8,8,0,0,0,0,0,0,0,100,100,0,0,0,0,0,100,100,0,0.000000,0,9888,0.000000,0,0,0,0,432,332,300,32,400,18688,14288,0,0,0,0,432,0,0,0,0,883,9400
739,W2,4,4,8,8,0,0,0,0,0,0,0,100,100,0,0,0,0,0,100,100,0,0.000000,0,9888,0.000000,0,0,0,0,432,332,300,32,400,18688,14288,0,0,0,0,432,0,0,0,0,888,9400
740,W2,4,4,8,8,0,0,0,0,0,0,0,100,100,0,0,0,0,0,100,100,0,0.000000,0,9888,0.000000,0,0,0,0,432,332,300,32,400,18688,14288,0,0,0,0,432,0,0,0,0,865,9400
741,W2,4,4,8,8,0,0,0,0,0,0,0,100,100,0,0,0,0,0,100,100,0,0.000000,0,9888,0.000000,0,0,0,0,432,332,300,32,400,18688,14288,0,0,0,0,432,0,0,0,0,836,9400
742,W2,4,4,8,8,0,0,0,0,0,0,0,100,100,0,0,0,0,0,100,100,0,0.000000,0,9888,0.000000,0,0,0,0,432,332,300,32,400,18688,14288,0,0,0,0,432,0,0,0,0,875,9400
743,W2,4,4,8,8,0,0,0,0,0,0,0,100,100,100,0,0,0,0,100,100,100,100.000000,1600,9888,16.181230,10,10,10,10,432,332,300,32,400,18688,14288,0,0,0,0,432,0,0,0,0,872,9400
744,W2,4,4,8,8,0,0,0,0,0,0,0,100,100,0,0,0,0,0,100,100,0,0.000000,0,9888,0.000000,0,0,0,0,432,332,300,32,400,18688,14288,0,0,0,0,432,0,0,0,0,906,9400
745,W2,4,4,8,8,0,0,0,0,0,0,0,100,100,0,0,0,0,0,100,100,0,0.000000,0,9888,0.000000,0,0,0,0,432,332,300,32,400,18688,14288,0,0,0,0,432,0,0,0,0,840,9400
746,W2,4,4,8,8,0,0,0,0,0,0,0,100,100,0,0,0,0,0,100,100,0,0.000000,0,9888,0.000000,0,0,0,0,432,332,300,32,400,18688,14288,0,0,0,0,432,0,0,0,0,855,9400
747,W2,4,4,8,8,0,0,0,0,0,0,0,100,100,0,0,0,0,0,100,100,0,0.000000,0,9888,0.000000,0,0,0,0,432,332,300,32,400,18688,14288,0,0,0,0,432,0,0,0,0,904,9400
748,W2,4,4,8,8,0,0,0,0,0,0,0,100,100,0,0,0,0,0,100,100,0,0.000000,0,9888,0.000000,0,0,0,0,432,332,300,32,400,18688,14288,0,0,0,0,432,0,0,0,0,844,9400
749,W2,4,4,8,8,0,0,0,0,0,0,0,100,100,0,0,0,0,0,100,100,0,0.000000,0,9888,0.000000,0,0,0,0,432,332,300,32,400,18688,14288,0,0,0,0,432,0,0,0,0,889,9400
750,W2,4,4,8,8,0,0,0,0,0,0,0,100,100,0,0,0,0,0,100,100,0,0.000000,0,9888,0.000000,0,0,0,0,432,332,300,32,400,18688,14288,0,0,0,0,432,0,0,0,0,854,9400
751,W2,4,4,8,8,0,0,0,0,0,0,0,100,100,0,0,0,0,0,100,100,0,0.000000,0,9888,0.000000,0,0,0,0,432,332,300,32,400,18688,14288,0,0,0,0,432,0,0,0,0,869,9400
752,W2,4,4,8,8,0,0,0,0,0,0,0,100,100,100,0,0,0,0,100,100,100,100.000000,1600,9888,16.181230,10,10,10,10,432,332,300,32,400,18688,14288,0,0,0,0,432,0,0,0,0,837,9400
753,W2,4,4,8,8,0,0,0,0,0,0,0,100,100,0,0,0,0,0,100,100,0,0.000000,0,9888,0.000000,0,0,0,0,432,332,300,32,400,18688,14288,0,0,0,0,432,0,0,0,0,876,9400
754,W2,4,4,8,8,0,0,0,0,0,0,0,100,100,0,0,0,0,0,100,100,0,0.000000,0,9888,0.000000,0,0,0,0,432,332,300,32,400,18688,14288,0,0,0,0,432,0,0,0,0,850,9400
755,W2,4,4,8,8,0,0,0,0,0,0,0,100,100,0,0,0,0,0,100,100,0,0.000000,0,9888,0.000000,0,0,0,0,432,332,300,32,400,18688,14288,0,0,0,0,432,0,0,0,0,964,9400
756,W2,4,4,8,8,0,0,0,0,0,0,0,100,100,0,0,0,0,0,100,100,0,0.000000,0,9888,0.000000,0,0,0,0,432,332,300,32,400,18688,14288,0,0,0,0,432,0,0,0,0,883,9400
757,W2,4,4,8,8,0,0,0,0,0,0,0,100,100,0,0,0,0,0,100,100,0,0.000000,0,9888,0.000000,0,0,0,0,432,332,300,32,400,18688,14288,0,0,0,0,432,0,0,0,0,854,9400
758,W2,4,4,8,8,0,0,0,0,0,0,0,100,100,0,0,0,0,0,100,100,0,0.000000,0,9888,0.000000,0,0,0,0,432,332,300,32,400,18688,14288,0,0,0,0,432,0,0,0,0,850,9400
759,W2,4,4,8,8,0,0,0,0,0,0,0,100,100,0,0,0,0,0,100,100,0,0.000000,0,9888,0.000000,0,0,0,0,432,332,300,32,400,18688,14288,0,0,0,0,432,0,0,0,0,859,9400
760,W2,4,4,8,8,0,0,0,0,0,0,0,100,100,0,0,0,0,0,100,100,0,0.000000,0,9888,0.000000,0,0,0,0,432,332,300,32,400,18688,14288,0,0,0,0,432,0,0,0,0,939,9400
761,W2,4,4,8,8,0,0,0,0,0,0,0,100,100,100,0,0,0,0,100,100,100,100.000000,1600,9888,16.181230,10,10,10,10,432,332,300,32,400,18688,14288,0,0,0,0,432,0,0,0,0,944,9400
762,W2,4,4,8,8,0,0,0,0,0,0,0,100,100,0,0,0,0,0,100,100,0,0.000000,0,9888,0.000000,0,0,0,0,432,332,300,32,400,18688,14288,0,0,0,0,432,0,0,0,0,852,9400
763,W2,4,4,8,8,0,0,0,0,0,0,0,100,100,0,0,0,0,0,100,100,0,0.000000,0,9888,0.000000,0,0,0,0,432,332,300,32,400,18688,14288,0,0,0,0,432,0,0,0,0,860,9400
764,W2,4,4,8,8,0,0,0,0,0,0,0,100,100,0,0,0,0,0,100,100,0,0.000000,0,9888,0.000000,0,0,0,0,432,332,300,32,400,18688,14288,0,0,0,0,432,0,0,0,0,910,9400
765,W2,4,4,8,8,0,0,0,0,0,0,0,100,100,0,0,0,0,0,100,100,0,0.000000,0,9888,0.000000,0,0,0,0,432,332,300,32,400,18688,14288,0,0,0,0,432,0,0,0,0,847,9400
766,W2,4,4,8,8,0,0,0,0,0,0,0,100,100,0,0,0,0,0,100,100,0,0.000000,0,9888,0.000000,0,0,0,0,432,332,300,32,400,18688,14288,0,0,0,0,432,0,0,0,0,889,9400
767,W2,4,4,8,8,0,0,0,0,0,0,0,100,100,0,0,0,0,0,100,100,0,0.000000,0,9888,0.000000,0,0,0,0,432,332,300,32,400,18688,14288,0,0,0,0,432,0,0,0,0,972,9400
768,W2,4,4,8,8,0,0,0,0,0,0,0,100,100,0,0,0,0,0,100,100,0,0.000000,0,9888,0.000000,0,0,0,0,432,332,300,32,400,18688,14288,0,0,0,0,432,0,0,0,0,914,9400
769,W2,4,4,8,8,0,0,0,0,0,0,0,100,100,0,0,0,0,0,100,100,0,0.000000,0,9888,0.000000,0,0,0,0,432,332,300,32,400,18688,14288,0,0,0,0,432,0,0,0,0,938,9400
770,W2,4,4,8,8,0,0,0,0,0,0,0,100,100,100,0,0,0,0,100,100,100,100.000000,1600,9888,16.181230,10,10,10,10,432,332,300,32,400,18688,14288,0,0,0,0,432,0,0,0,0,840,9400
771,W2,4,4,8,8,0,0,0,0,0,0,0,100,100,0,0,0,0,0,100,100,0,0.000000,0,9888,0.000000,0,0,0,0,432,332,300,32,400,18688,14288,0,0,0,0,432,0,0,0,0,922,9400
772,W2,4,4,8,8,0,0,0,0,0,0,0,100,100,0,0,0,0,0,100,100,0,0.000000,0,9888,0.000000,0,0,0,0,432,332,300,32,400,18688,14288,0,0,0,0,432,0,0,0,0,836,9400
773,W2,4,4,8,8,0,0,0,0,0,0,0,100,100,0,0,0,0,0,100,100,0,0.000000,0,9888,0.000000,0,0,0,0,432,332,300,32,400,18688,14288,0,0,0,0,432,0,0,0,0,889,9400
774,W2,4,4,8,8,0,0,0,0,0,0,0,100,100,0,0,0,0,0,100,100,0,0.000000,0,9888,0.000000,0,0,0,0,432,332,300,32,400,18688,14288,0,0,0,0,432,0,0,0,0,910,9400
775,W2,4,4,8,8,0,0,0,0,0,0,0,100,100,0,0,0,0,0,100,100,0,0.000000,0,9888,0.000000,0,0,0,0,432,332,300,32,400,18688,14288,0,0,0,0,432,0,0,0,0,925,9400
776,W2,4,4,8,8,0,0,0,0,0,0,0,100,100,0,0,0,0,0,100,100,0,0.000000,0,9888,0.000000,0,0,0,0,432,332,300,32,400,18688,14288,0,0,0,0,432,0,0,0,0,874,9400
777,W2,4,4,8,8,0,0,0,0,0,0,0,100,100,0,0,0,0,0,100,100,0,0.000000,0,9888,0.000000,0,0,0,0,432,332,300,32,400,18688,14288,0,0,0,0,432,0,0,0,0,831,9400
778,W2,4,4,8,8,0,0,0,0,0,0,0,100,100,0,0,0,0,0,100,100,0,0.000000,0,9888,0.000000,0,0,0,0,432,332,300,32,400,18688,14288,0,0,0,0,432,0,0,0,0,878,9400
779,W2,4,4,8,8,0,0,0,0,0,0,0,100,100,100,0,0,0,0,100,100,100,100.000000,1600,9888,16.181230,10,10,10,10,432,332,300,32,400,18688,14288,0,0,0,0,432,0,0,0,0,863,9400
780,W2,4,4,8,8,0,0,0,0,0,0,0,100,100,0,0,0,0,0,100,100,0,0.000000,0,9888,0.000000,0,0,0,0,432,332,300,32,400,18688,14288,0,0,0,0,432,0,0,0,0,915,9400
781,W2,4,4,8,8,0,0,0,0,0,0,0,100,100,0,0,0,0,0,100,100,0,0.000000,0,9888,0.000000,0,0,0,0,432,332,300,32,400,18688,14288,0,0,0,0,432,0,0,0,0,867,9400
782,W2,4,4,8,8,0,0,0,0,0,0,0,100,100,0,0,0,0,0,100,100,0,0.000000,0,9888,0.000000,0,0,0,0,432,332,300,32,400,18688,14288,0,0,0,0,432,0,0,0,0,888,9400
783,W2,4,4,8,8,0,0,0,0,0,0,0,100,100,0,0,0,0,0,100,100,0,0.000000,0,9888,0.000000,0,0,0,0,432,332,300,32,400,18688,14288,0,0,0,0,432,0,0,0,0,871,9400
784,W2,4,4,8,8,0,0,0,0,0,0,0,100,100,0,0,0,0,0,100,100,0,0.000000,0,9888,0.000000,0,0,0,0,432,332,300,32,400,18688,14288,0,0,0,0,432,0,0,0,0,878,9400
785,W2,4,4,8,8,0,0,0,0,0,0,0,100,100,0,0,0,0,0,100,100,0,0.000000,0,9888,0.000000,0,0,0,0,432,332,300,32,400,18688,14288,0,0,0,0,432,0,0,0,0,847,9400
786,W2,4,4,8,8,0,0,0,0,0,0,0,100,100,0,0,0,0,0,100,100,0,0.000000,0,9888,0.000000,0,0,0,0,432,332,300,32,400,18688,14288,0,0,0,0,432,0,0,0,0,1008,9400
787,W2,4,4,8,8,0,0,0,0,0,0,0,100,100,0,0,0,0,0,100,100,0,0.000000,0,9888,0.000000,0,0,0,0,432,332,300,32,400,18688,14288,0,0,0,0,432,0,0,0,0,964,9400
788,W2,4,4,8,8,0,0,0,0,0,0,0,100,100,100,0,0,0,0,100,100,100,100.000000,1600,9888,16.181230,10,10,10,10,432,332,300,32,400,18688,14288,0,0,0,0,432,0,0,0,0,894,9400
789,W2,4,4,8,8,0,0,0,0,0,0,0,100,100,0,0,0,0,0,100,100,0,0.000000,0,9888,0.000000,0,0,0,0,432,332,300,32,400,18688,14288,0,0,0,0,432,0,0,0,0,862,9400
790,W2,4,4,8,8,0,0,0,0,0,0,0,100,100,0,0,0,0,0,100,100,0,0.000000,0,9888,0.000000,0,0,0,0,432,332,300,32,400,18688,14288,0,0,0,0,432,0,0,0,0,856,9400
791,W2,4,4,8,8,0,0,0,0,0,0,0,100,100,0,0,0,0,0,100,100,0,0.000000,0,9888,0.000000,0,0,0,0,432,332,300,32,400,18688,14288,0,0,0,0,432,0,0,0,0,861,9400
792,W2,4,4,8,8,0,0,0,0,0,0,0,100,100,0,0,0,0,0,100,100,0,0.000000,0,9888,0.000000,0,0,0,0,432,332,300,32,400,18688,14288,0,0,0,0,432,0,0,0,0,871,9400
793,W2,4,4,8,8,0,0,0,0,0,0,0,100,100,0,0,0,0,0,100,100,0,0.000000,0,9888,0.000000,0,0,0,0,432,332,300,32,400,18688,14288,0,0,0,0,432,0,0,0,0,848,9400
794,W2,4,4,8,8,0,0,0,0,0,0,0,100,100,0,0,0,0,0,100,100,0,0.000000,0,9888,0.000000,0,0,0,0,432,332,300,32,400,18688,14288,0,0,0,0,432,0,0,0,0,882,9400
795,W2,4,4,8,8,0,0,0,0,0,0,0,100,100,0,0,0,0,0,100,100,0,0.000000,0,9888,0.000000,0,0,0,0,432,332,300,32,400,18688,14288,0,0,0,0,432,0,0,0,0,917,9400
796,W2,4,4,8,8,0,0,0,0,0,0,0,100,100,0,0,0,0,0,100,100,0,0.000000,0,9888,0.000000,0,0,0,0,432,332,300,32,400,18688,14288,0,0,0,0,432,0,0,0,0,855,9400
797,W2,4,4,8,8,0,0,0,0,0,0,0,100,100,100,0,0,0,0,100,100,100,100.000000,1600,9888,16.181230,10,10,10,10,432,332,300,32,400,18688,14288,0,0,0,0,432,0,0,0,0,850,9400
798,W2,4,4,8,8,0,0,0,0,0,0,0,100,100,0,0,0,0,0,100,100,0,0.000000,0,9888,0.000000,0,0,0,0,432,332,300,32,400,18688,14288,0,0,0,0,432,0,0,0,0,947,9400
799,W2,4,4,8,8,0,0,0,0,0,0,0,100,100,0,0,0,0,0,100,100,0,0.000000,0,9888,0.000000,0,0,0,0,432,332,300,32,400,18688,14288,0,0,0,0,432,0,0,0,0,902,9400
800,W2,4,4,8,8,0,0,0,0,0,0,0,100,100,0,0,0,0,0,100,100,0,0.000000,0,9888,0.000000,0,0,0,0,432,332,300,32,400,18688,14288,0,0,0,0,432,0,0,0,0,857,9400
801,W2,4,4,8,8,0,0,0,0,0,0,0,100,100,0,0,0,0,0,100,100,0,0.000000,0,9888,0.000000,0,0,0,0,432,332,300,32,400,18688,14288,0,0,0,0,432,0,0,0,0,940,9400
802,W2,4,4,8,8,0,0,0,0,0,0,0,100,100,0,0,0,0,0,100,100,0,0.000000,0,9888,0.000000,0,0,0,0,432,332,300,32,400,18688,14288,0,0,0,0,432,0,0,0,0,890,9400
803,W2,4,4,8,8,0,0,0,0,0,0,0,100,100,0,0,0,0,0,100,100,0,0.000000,0,9888,0.000000,0,0,0,0,432,332,300,32,400,18688,14288,0,0,0,0,432,0,0,0,0,887,9400
804,W2,4,4,8,8,0,0,0,0,0,0,0,100,100,0,0,0,0,0,100,100,0,0.000000,0,9888,0.000000,0,0,0,0,432,332,300,32,400,18688,14288,0,0,0,0,432,0,0,0,0,910,9400
805,W2,4,4,8,8,0,0,0,0,0,0,0,100,100,0,0,0,0,0,100,100,0,0.000000,0,9888,0.000000,0,0,0,0,432,332,300,32,400,18688,14288,0,0,0,0,432,0,0,0,0,869,9400
806,W2,4,4,8,8,0,0,0,0,0,0,0,100,100,100,0,0,0,0,100,100,100,100.000000,1600,9888,16.181230,10,10,10,10,432,332,300,32,400,18688,14288,0,0,0,0,432,0,0,0,0,859,9400
807,W2,4,4,8,8,0,0,0,0,0,0,0,100,100,0,0,0,0,0,100,100,0,0.000000,0,9888,0.000000,0,0,0,0,432,332,300,32,400,18688,14288,0,0,0,0,432,0,0,0,0,872,9400
808,W2,4,4,8,8,0,0,0,0,0,0,0,100,100,0,0,0,0,0,100,100,0,0.000000,0,9888,0.000000,0,0,0,0,432,332,300,32,400,18688,14288,0,0,0,0,432,0,0,0,0,899,9400
809,W2,4,4,8,8,0,0,0,0,0,0,0,100,100,0,0,0,0,0,100,100,0,0.000000,0,9888,0.000000,0,0,0,0,432,332,300,32,400,18688,14288,0,0,0,0,432,0,0,0,0,910,9400
810,W2,4,4,8,8,0,0,0,0,0,0,0,100,100,0,0,0,0,0,100,100,0,0.000000,0,9888,0.000000,0,0,0,0,432,332,300,32,400,18688,14288,0,0,0,0,432,0,0,0,0,858,9400
811,W2,4,4,8,8,0,0,0,0,0,0,0,100,100,0,0,0,0,0,100,100,0,0.000000,0,9888,0.000000,0,0,0,0,432,332,300,32,400,18688,14288,0,0,0,0,432,0,0,0,0,854,9400
812,W2,4,4,8,8,0,0,0,0,0,0,0,100,100,0,0,0,0,0,100,100,0,0.000000,0,9888,0.000000,0,0,0,0,432,332,300,32,400,18688,14288,0,0,0,0,432,0,0,0,0,857,9400
813,W2,4,4,8,8,0,0,0,0,0,0,0,100,100,0,0,0,0,0,100,100,0,0.000000,0,9888,0.000000,0,0,0,0,432,332,300,32,400,18688,14288,0,0,0,0,432,0,0,0,0,948,9400
814,W2,4,4,8,8,0,0,0,0,0,0,0,100,100,0,0,0,0,0,100,100,0,0.000000,0,9888,0.000000,0,0,0,0,432,332,300,32,400,18688,14288,0,0,0,0,432,0,0,0,0,951,9400
815,W2,4,4,8,8,0,0,0,0,0,0,0,100,100,100,0,0,0,0,100,100,100,100.000000,1600,9888,16.181230,10,10,10,10,432,332,300,32,400,18688,14288,0,0,0,0,432,0,0,0,0,927,9400
816,W2,4,4,8,8,0,0,0,0,0,0,0,100,100,0,0,0,0,0,100,100,0,0.000000,0,9888,0.000000,0,0,0,0,432,332,300,32,400,18688,14288,0,0,0,0,432,0,0,0,0,887,9400
817,W2,4,4,8,8,0,0,0,0,0,0,0,100,100,0,0,0,0,0,100,100,0,0.000000,0,9888,0.000000,0,0,0,0,432,332,300,32,400,18688,14288,0,0,0,0,432,0,0,0,0,875,9400
818,W2,4,4,8,8,0,0,0,0,0,0,0,100,100,0,0,0,0,0,100,100,0,0.000000,0,9888,0.000000,0,0,0,0,432,332,300,32,400,18688,14288,0,0,0,0,432,0,0,0,0,836,9400
819,W2,4,4,8,8,0,0,0,0,0,0,0,100,100,0,0,0,0,0,100,100,0,0.000000,0,9888,0.000000,0,0,0,0,432,332,300,32,400,18688,14288,0,0,0,0,432,0,0,0,0,878,9400
820,W2,4,4,8,8,0,0,0,0,0,0,0,100,100,0,0,0,0,0,100,100,0,0.000000,0,9888,0.000000,0,0,0,0,432,332,300,32,400,18688,14288,0,0,0,0,432,0,0,0,0,846,9400
821,W2,4,4,8,8,0,0,0,0,0,0,0,100,100,0,0,0,0,0,100,100,0,0.000000,0,9888,0.000000,0,0,0,0,432,332,300,32,400,18688,14288,0,0,0,0,432,0,0,0,0,874,9400
822,W2,4,4,8,8,0,0,0,0,0,0,0,100,100,0,0,0,0,0,100,100,0,0.000000,0,9888,0.000000,0,0,0,0,432,332,300,32,400,18688,14288,0,0,0,0,432,0,0,0,0,836,9400
823,W2,4,4,8,8,0,0,0,0,0,0,0,100,100,0,0,0,0,0,100,100,0,0.000000,0,9888,0.000000,0,0,0,0,432,332,300,32,400,18688,14288,0,0,0,0,432,0,0,0,0,871,9400
824,W2,4,4,8,8,0,0,0,0,0,0,0,100,100,100,0,0,0,0,100,100,100,100.000000,1600,9888,16.181230,10,10,10,10,432,332,300,32,400,18688,14288,0,0,0,0,432,0,0,0,0,832,9400
825,W2,4,4,8,8,0,0,0,0,0,0,0,100,100,0,0,0,0,0,100,100,0,0.000000,0,9888,0.000000,0,0,0,0,432,332,300,32,400,18688,14288,0,0,0,0,432,0,0,0,0,947,9400
826,W2,4,4,8,8,0,0,0,0,0,0,0,100,100,0,0,0,0,0,100,100,0,0.000000,0,9888,0.000000,0,0,0,0,432,332,300,32,400,18688,14288,0,0,0,0,432,0,0,0,0,829,9400
827,W2,4,4,8,8,0,0,0,0,0,0,0,100,100,0,0,0,0,0,100,100,0,0.000000,0,9888,0.000000,0,0,0,0,432,332,300,32,400,18688,14288,0,0,0,0,432,0,0,0,0,865,9400
828,W2,4,4,8,8,0,0,0,0,0,0,0,100,100,0,0,0,0,0,100,100,0,0.000000,0,9888,0.000000,0,0,0,0,432,332,300,32,400,18688,14288,0,0,0,0,432,0,0,0,0,869,9400
829,W2,4,4,8,8,0,0,0,0,0,0,0,100,100,0,0,0,0,0,100,100,0,0.000000,0,9888,0.000000,0,0,0,0,432,332,300,32,400,18688,14288,0,0,0,0,432,0,0,0,0,835,9400
830,W2,4,4,8,8,0,0,0,0,0,0,0,100,100,0,0,0,0,0,100,100,0,0.000000,0,9888,0.000000,0,0,0,0,432,332,300,32,400,18688,14288,0,0,0,0,432,0,0,0,0,877,9400
831,W2,4,4,8,8,0,0,0,0,0,0,0,100,100,0,0,0,0,0,100,100,0,0.000000,0,9888,0.000000,0,0,0,0,432,332,300,32,400,18688,14288,0,0,0,0,432,0,0,0,0,841,9400
832,W2,4,4,8,8,0,0,0,0,0,0,0,100,100,0,0,0,0,0,100,100,0,0.000000,0,9888,0.000000,0,0,0,0,432,332,300,32,400,18688,14288,0,0,0,0,432,0,0,0,0,855,9400
833,W2,4,4,8,8,0,0,0,0,0,0,0,100,100,100,0,0,0,0,100,100,100,100.000000,1600,9888,16.181230,10,10,10,10,432,332,300,32,400,18688,14288,0,0,0,0,432,0,0,0,0,845,9400
834,W2,4,4,8,8,0,0,0,0,0,0,0,100,100,0,0,0,0,0,100,100,0,0.000000,0,9888,0.000000,0,0,0,0,432,332,300,32,400,18688,14288,0,0,0,0,432,0,0,0,0,916,9400
835,W2,4,4,8,8,0,0,0,0,0,0,0,100,100,0,0,0,0,0,100,100,0,0.000000,0,9888,0.000000,0,0,0,0,432,332,300,32,400,18688,14288,0,0,0,0,432,0,0,0,0,854,9400
836,W2,4,4,8,8,0,0,0,0,0,0,0,100,100,0,0,0,0,0,100,100,0,0.000000,0,9888,0.000000,0,0,0,0,432,332,300,32,400,18688,14288,0,0,0,0,432,0,0,0,0,829,9400
837,W2,4,4,8,8,0,0,0,0,0,0,0,100,100,0,0,0,0,0,100,100,0,0.000000,0,9888,0.000000,0,0,0,0,432,332,300,32,400,18688,14288,0,0,0,0,432,0,0,0,0,826,9400
838,W2,4,4,8,8,0,0,0,0,0,0,0,100,100,0,0,0,0,0,100,100,0,0.000000,0,9888,0.000000,0,0,0,0,432,332,300,32,400,18688,14288,0,0,0,0,432,0,0,0,0,884,9400
839,W2,4,4,8,8,0,0,0,0,0,0,0,100,100,0,0,0,0,0,100,100,0,0.000000,0,9888,0.000000,0,0,0,0,432,332,300,32,400,18688,14288,0,0,0,0,432,0,0,0,0,858,9400
840,W2,4,4,8,8,0,0,0,0,0,0,0,100,100,0,0,0,0,0,100,100,0,0.000000,0,9888,0.000000,0,0,0,0,432,332,300,32,400,18688,14288,0,0,0,0,432,0,0,0,0,838,9400
841,W2,4,4,8,8,0,0,0,0,0,0,0,100,100,0,0,0,0,0,100,100,0,0.000000,0,9888,0.000000,0,0,0,0,432,332,300,32,400,18688,14288,0,0,0,0,432,0,0,0,0,880,9400
842,W2,4,4,8,8,0,0,0,0,0,0,0,100,100,100,0,0,0,0,100,100,100,100.000000,1600,9888,16.181230,10,10,10,10,432,332,300,32,400,18688,14288,0,0,0,0,432,0,0,0,0,918,9400
843,W2,4,4,8,8,0,0,0,0,0,0,0,100,100,0,0,0,0,0,100,100,0,0.000000,0,9888,0.000000,0,0,0,0,432,332,300,32,400,18688,14288,0,0,0,0,432,0,0,0,0,885,9400
844,W2,4,4,8,8,0,0,0,0,0,0,0,100,100,0,0,0,0,0,100,100,0,0.000000,0,9888,0.000000,0,0,0,0,432,332,300,32,400,18688,14288,0,0,0,0,432,0,0,0,0,845,9400
845,W2,4,4,8,8,0,0,0,0,0,0,0,100,100,0,0,0,0,0,100,100,0,0.000000,0,9888,0.000000,0,0,0,0,432,332,300,32,400,18688,14288,0,0,0,0,432,0,0,0,0,865,9400
846,W2,4,4,8,8,0,0,0,0,0,0,0,100,100,0,0,0,0,0,100,100,0,0.000000,0,9888,0.000000,0,0,0,0,432,332,300,32,400,18688,14288,0,0,0,0,432,0,0,0,0,901,9400
847,W2,4,4,8,8,0,0,0,0,0,0,0,100,100,0,0,0,0,0,100,100,0,0.000000,0,9888,0.000000,0,0,0,0,432,332,300,32,400,18688,14288,0,0,0,0,432,0,0,0,0,891,9400
848,W2,4,4,8,8,0,0,0,0,0,0,0,100,100,0,0,0,0,0,100,100,0,0.000000,0,9888,0.000000,0,0,0,0,432,332,300,32,400,18688,14288,0,0,0,0,432,0,0,0,0,886,9400
849,W2,4,4,8,8,0,0,0,0,0,0,0,100,100,0,0,0,0,0,100,100,0,0.000000,0,9888,0.000000,0,0,0,0,432,332,300,32,400,18688,14288,0,0,0,0,432,0,0,0,0,872,9400
850,W2,4,4,8,8,0,0,0,0,0,0,0,100,100,0,0,0,0,0,100,100,0,0.000000,0,9888,0.000000,0,0,0,0,432,332,300,32,400,18688,14288,0,0,0,0,432,0,0,0,0,851,9400
851,W2,4,4,8,8,0,0,0,0,0,0,0,100,100,100,0,0,0,0,100,100,100,100.000000,1600,9888,16.181230,10,10,10,10,432,332,300,32,400,18688,14288,0,0,0,0,432,0,0,0,0,873,9400
852,W2,4,4,8,8,0,0,0,0,0,0,0,100,100,0,0,0,0,0,100,100,0,0.000000,0,9888,0.000000,0,0,0,0,432,332,300,32,400,18688,14288,0,0,0,0,432,0,0,0,0,876,9400
853,W2,4,4,8,8,0,0,0,0,0,0,0,100,100,0,0,0,0,0,100,100,0,0.000000,0,9888,0.000000,0,0,0,0,432,332,300,32,400,18688,14288,0,0,0,0,432,0,0,0,0,847,9400
854,W2,4,4,8,8,0,0,0,0,0,0,0,100,100,0,0,0,0,0,100,100,0,0.000000,0,9888,0.000000,0,0,0,0,432,332,300,32,400,18688,14288,0,0,0,0,432,0,0,0,0,875,9400
855,W2,4,4,8,8,0,0,0,0,0,0,0,100,100,0,0,0,0,0,100,100,0,0.000000,0,9888,0.000000,0,0,0,0,432,332,300,32,400,18688,14288,0,0,0,0,432,0,0,0,0,886,9400
856,W2,4,4,8,8,0,0,0,0,0,0,0,100,100,0,0,0,0,0,100,100,0,0.000000,0,9888,0.000000,0,0,0,0,432,332,300,32,400,18688,14288,0,0,0,0,432,0,0,0,0,882,9400
857,W2,4,4,8,8,0,0,0,0,0,0,0,100,100,0,0,0,0,0,100,100,0,0.000000,0,9888,0.000000,0,0,0,0,432,332,300,32,400,18688,14288,0,0,0,0,432,0,0,0,0,886,9400
858,W2,4,4,8,8,0,0,0,0,0,0,0,100,100,0,0,0,0,0,100,100,0,0.000000,0,9888,0.000000,0,0,0,0,432,332,300,32,400,18688,14288,0,0,0,0,432,0,0,0,0,893,9400
859,W2,4,4,8,8,0,0,0,0,0,0,0,100,100,0,0,0,0,0,100,100,0,0.000000,0,9888,0.000000,0,0,0,0,432,332,300,32,400,18688,14288,0,0,0,0,432,0,0,0,0,872,9400
860,W2,4,4,8,8,0,0,0,0,0,0,0,100,100,100,0,0,0,0,100,100,100,100.000000,1600,9888,16.181230,10,10,10,10,432,332,300,32,400,18688,14288,0,0,0,0,432,0,0,0,0,870,9400
861,W2,4,4,8,8,0,0,0,0,0,0,0,100,100,0,0,0,0,0,100,100,0,0.000000,0,9888,0.000000,0,0,0,0,432,332,300,32,400,18688,14288,0,0,0,0,432,0,0,0,0,1006,9400
862,W2,4,4,8,8,0,0,0,0,0,0,0,100,100,0,0,0,0,0,100,100,0,0.000000,0,9888,0.000000,0,0,0,0,432,332,300,32,400,18688,14288,0,0,0,0,432,0,0,0,0,858,9400
863,W2,4,4,8,8,0,0,0,0,0,0,0,100,100,0,0,0,0,0,100,100,0,0.000000,0,9888,0.000000,0,0,0,0,432,332,300,32,400,18688,14288,0,0,0,0,432,0,0,0,0,846,9400
864,W2,4,4,8,8,0,0,0,0,0,0,0,100,100,0,0,0,0,0,100,100,0,0.000000,0,9888,0.000000,0,0,0,0,432,332,300,32,400,18688,14288,0,0,0,0,432,0,0,0,0,886,9400
865,W2,4,4,8,8,0,0,0,0,0,0,0,100,100,0,0,0,0,0,100,100,0,0.000000,0,9888,0.000000,0,0,0,0,432,332,300,32,400,18688,14288,0,0,0,0,432,0,0,0,0,894,9400
866,W2,4,4,8,8,0,0,0,0,0,0,0,100,100,0,0,0,0,0,100,100,0,0.000000,0,9888,0.000000,0,0,0,0,432,332,300,32,400,18688,14288,0,0,0,0,432,0,0,0,0,863,9400
867,W2,4,4,8,8,0,0,0,0,0,0,0,100,100,0,0,0,0,0,100,100,0,0.000000,0,9888,0.000000,0,0,0,0,432,332,300,32,400,18688,14288,0,0,0,0,432,0,0,0,0,846,9400
868,W2,4,4,8,8,0,0,0,0,0,0,0,100,100,0,0,0,0,0,100,100,0,0.000000,0,9888,0.000000,0,0,0,0,432,332,300,32,400,18688,14288,0,0,0,0,432,0,0,0,0,877,9400
869,W2,4,4,8,8,0,0,0,0,0,0,0,100,100,100,0,0,0,0,100,100,100,100.000000,1600,9888,16.181230,10,10,10,10,432,332,300,32,400,18688,14288,0,0,0,0,432,0,0,0,0,884,9400
870,W2,4,4,8,8,0,0,0,0,0,0,0,100,100,0,0,0,0,0,100,100,0,0.000000,0,9888,0.000000,0,0,0,0,432,332,300,32,400,18688,14288,0,0,0,0,432,0,0,0,0,864,9400
871,W2,4,4,8,8,0,0,0,0,0,0,0,100,100,0,0,0,0,0,100,100,0,0.000000,0,9888,0.000000,0,0,0,0,432,332,300,32,400,18688,14288,0,0,0,0,432,0,0,0,0,915,9400
872,W2,4,4,8,8,0,0,0,0,0,0,0,100,100,0,0,0,0,0,100,100,0,0.000000,0,9888,0.000000,0,0,0,0,432,332,300,32,400,18688,14288,0,0,0,0,432,0,0,0,0,891,9400
873,W2,4,4,8,8,0,0,0,0,0,0,0,100,100,0,0,0,0,0,100,100,0,0.000000,0,9888,0.000000,0,0,0,0,432,332,300,32,400,18688,14288,0,0,0,0,432,0,0,0,0,881,9400
874,W2,4,4,8,8,0,0,0,0,0,0,0,100,100,0,0,0,0,0,100,100,0,0.000000,0,9888,0.000000,0,0,0,0,432,332,300,32,400,18688,14288,0,0,0,0,432,0,0,0,0,843,9400
875,W2,4,4,8,8,0,0,0,0,0,0,0,100,100,0,0,0,0,0,100,100,0,0.000000,0,9888,0.000000,0,0,0,0,432,332,300,32,400,18688,14288,0,0,0,0,432,0,0,0,0,886,9400
876,W2,4,4,8,8,0,0,0,0,0,0,0,100,100,0,0,0,0,0,100,100,0,0.000000,0,9888,0.000000,0,0,0,0,432,332,300,32,400,18688,14288,0,0,0,0,432,0,0,0,0,897,9400
877,W2,4,4,8,8,0,0,0,0,0,0,0,100,100,0,0,0,0,0,100,100,0,0.000000,0,9888,0.000000,0,0,0,0,432,332,300,32,400,18688,14288,0,0,0,0,432,0,0,0,0,965,9400
878,W2,4,4,8,8,0,0,0,0,0,0,0,100,100,100,0,0,0,0,100,100,100,100.000000,1600,9888,16.181230,10,10,10,10,432,332,300,32,400,18688,14288,0,0,0,0,432,0,0,0,0,881,9400
879,W2,4,4,8,8,0,0,0,0,0,0,0,100,100,0,0,0,0,0,100,100,0,0.000000,0,9888,0.000000,0,0,0,0,432,332,300,32,400,18688,14288,0,0,0,0,432,0,0,0,0,856,9400
880,W2,4,4,8,8,0,0,0,0,0,0,0,100,100,0,0,0,0,0,100,100,0,0.000000,0,9888,0.000000,0,0,0,0,432,332,300,32,400,18688,14288,0,0,0,0,432,0,0,0,0,899,9400
881,W2,4,4,8,8,0,0,0,0,0,0,0,100,100,0,0,0,0,0,100,100,0,0.000000,0,9888,0.000000,0,0,0,0,432,332,300,32,400,18688,14288,0,0,0,0,432,0,0,0,0,853,9400
882,W2,4,4,8,8,0,0,0,0,0,0,0,100,100,0,0,0,0,0,100,100,0,0.000000,0,9888,0.000000,0,0,0,0,432,332,300,32,400,18688,14288,0,0,0,0,432,0,0,0,0,906,9400
883,W2,4,4,8,8,0,0,0,0,0,0,0,100,100,0,0,0,0,0,100,100,0,0.000000,0,9888,0.000000,0,0,0,0,432,332,300,32,400,18688,14288,0,0,0,0,432,0,0,0,0,919,9400
884,W2,4,4,8,8,0,0,0,0,0,0,0,100,100,0,0,0,0,0,100,100,0,0.000000,0,9888,0.000000,0,0,0,0,432,332,300,32,400,18688,14288,0,0,0,0,432,0,0,0,0,942,9400
885,W2,4,4,8,8,0,0,0,0,0,0,0,100,100,0,0,0,0,0,100,100,0,0.000000,0,9888,0.000000,0,0,0,0,432,332,300,32,400,18688,14288,0,0,0,0,432,0,0,0,0,925,9400
886,W2,4,4,8,8,0,0,0,0,0,0,0,100,100,0,0,0,0,0,100,100,0,0.000000,0,9888,0.000000,0,0,0,0,432,332,300,32,400,18688,14288,0,0,0,0,432,0,0,0,0,878,9400
887,W2,4,4,8,8,0,0,0,0,0,0,0,100,100,100,0,0,0,0,100,100,100,100.000000,1600,9888,16.181230,10,10,10,10,432,332,300,32,400,18688,14288,0,0,0,0,432,0,0,0,0,886,9400
888,W2,4,4,8,8,0,0,0,0,0,0,0,100,100,0,0,0,0,0,100,100,0,0.000000,0,9888,0.000000,0,0,0,0,432,332,300,32,400,18688,14288,0,0,0,0,432,0,0,0,0,851,9400
889,W2,4,4,8,8,0,0,0,0,0,0,0,100,100,0,0,0,0,0,100,100,0,0.000000,0,9888,0.000000,0,0,0,0,432,332,300,32,400,18688,14288,0,0,0,0,432,0,0,0,0,899,9400
890,W2,4,4,8,8,0,0,0,0,0,0,0,100,100,0,0,0,0,0,100,100,0,0.000000,0,9888,0.000000,0,0,0,0,432,332,300,32,400,18688,14288,0,0,0,0,432,0,0,0,0,896,9400
891,W2,4,4,8,8,0,0,0,0,0,0,0,100,100,0,0,0,0,0,100,100,0,0.000000,0,9888,0.000000,0,0,0,0,432,332,300,32,400,18688,14288,0,0,0,0,432,0,0,0,0,878,9400
892,W2,4,4,8,8,0,0,0,0,0,0,0,100,100,0,0,0,0,0,100,100,0,0.000000,0,9888,0.000000,0,0,0,0,432,332,300,32,400,18688,14288,0,0,0,0,432,0,0,0,0,848,9400
893,W2,4,4,8,8,0,0,0,0,0,0,0,100,100,0,0,0,0,0,100,100,0,0.000000,0,9888,0.000000,0,0,0,0,432,332,300,32,400,18688,14288,0,0,0,0,432,0,0,0,0,899,9400
894,W2,4,4,8,8,0,0,0,0,0,0,0,100,100,0,0,0,0,0,100,100,0,0.000000,0,9888,0.000000,0,0,0,0,432,332,300,32,400,18688,14288,0,0,0,0,432,0,0,0,0,898,9400
895,W2,4,4,8,8,0,0,0,0,0,0,0,100,100,0,0,0,0,0,100,100,0,0.000000,0,9888,0.000000,0,0,0,0,432,332,300,32,400,18688,14288,0,0,0,0,432,0,0,0,0,857,9400
896,W2,4,4,8,8,0,0,0,0,0,0,0,100,100,100,0,0,0,0,100,100,100,100.000000,1600,9888,16.181230,10,10,10,10,432,332,300,32,400,18688,14288,0,0,0,0,432,0,0,0,0,928,9400
897,W2,4,4,8,8,0,0,0,0,0,0,0,100,100,0,0,0,0,0,100,100,0,0.000000,0,9888,0.000000,0,0,0,0,432,332,300,32,400,18688,14288,0,0,0,0,432,0,0,0,0,872,9400
898,W2,4,4,8,8,0,0,0,0,0,0,0,100,100,0,0,0,0,0,100,100,0,0.000000,0,9888,0.000000,0,0,0,0,432,332,300,32,400,18688,14288,0,0,0,0,432,0,0,0,0,876,9400
899,W2,4,4,8,8,0,0,0,0,0,0,0,100,100,0,0,0,0,0,100,100,0,0.000000,0,9888,0.000000,0,0,0,0,432,332,300,32,400,18688,14288,0,0,0,0,432,0,0,0,0,856,9400
900,W2,4,4,8,8,0,0,0,0,0,0,0,100,100,0,0,0,0,0,100,100,0,0.000000,0,9888,0.000000,0,0,0,0,432,332,300,32,400,18688,14288,0,0,0,0,432,0,0,0,0,842,9400
901,W2,4,4,8,8,0,0,0,0,0,0,0,100,100,0,0,0,0,0,100,100,0,0.000000,0,9888,0.000000,0,0,0,0,432,332,300,32,400,18688,14288,0,0,0,0,432,0,0,0,0,919,9400
902,W2,4,4,8,8,0,0,0,0,0,0,0,100,100,0,0,0,0,0,100,100,0,0.000000,0,9888,0.000000,0,0,0,0,432,332,300,32,400,18688,14288,0,0,0,0,432,0,0,0,0,894,9400
903,W2,4,4,8,8,0,0,0,0,0,0,0,100,100,0,0,0,0,0,100,100,0,0.000000,0,9888,0.000000,0,0,0,0,432,332,300,32,400,18688,14288,0,0,0,0,432,0,0,0,0,929,9400
904,W2,4,4,8,8,0,0,0,0,0,0,0,100,100,0,0,0,0,0,100,100,0,0.000000,0,9888,0.000000,0,0,0,0,432,332,300,32,400,18688,14288,0,0,0,0,432,0,0,0,0,874,9400
905,W2,4,4,8,8,0,0,0,0,0,0,0,100,100,100,0,0,0,0,100,100,100,100.000000,1600,9888,16.181230,10,10,10,10,432,332,300,32,400,18688,14288,0,0,0,0,432,0,0,0,0,853,9400
906,W2,4,4,8,8,0,0,0,0,0,0,0,100,100,0,0,0,0,0,100,100,0,0.000000,0,9888,0.000000,0,0,0,0,432,332,300,32,400,18688,14288,0,0,0,0,432,0,0,0,0,841,9400
907,W2,4,4,8,8,0,0,0,0,0,0,0,100,100,0,0,0,0,0,100,100,0,0.000000,0,9888,0.000000,0,0,0,0,432,332,300,32,400,18688,14288,0,0,0,0,432,0,0,0,0,900,9400
908,W2,4,4,8,8,0,0,0,0,0,0,0,100,100,0,0,0,0,0,100,100,0,0.000000,0,9888,0.000000,0,0,0,0,432,332,300,32,400,18688,14288,0,0,0,0,432,0,0,0,0,961,9400
909,W2,4,4,8,8,0,0,0,0,0,0,0,100,100,0,0,0,0,0,100,100,0,0.000000,0,9888,0.000000,0,0,0,0,432,332,300,32,400,18688,14288,0,0,0,0,432,0,0,0,0,823,9400
910,W2,4,4,8,8,0,0,0,0,0,0,0,100,100,0,0,0,0,0,100,100,0,0.000000,0,9888,0.000000,0,0,0,0,432,332,300,32,400,18688,14288,0,0,0,0,432,0,0,0,0,861,9400
911,W2,4,4,8,8,0,0,0,0,0,0,0,100,100,0,0,0,0,0,100,100,0,0.000000,0,9888,0.000000,0,0,0,0,432,332,300,32,400,18688,14288,0,0,0,0,432,0,0,0,0,838,9400
912,W2,4,4,8,8,0,0,0,0,0,0,0,100,100,0,0,0,0,0,100,100,0,0.000000,0,9888,0.000000,0,0,0,0,432,332,300,32,400,18688,14288,0,0,0,0,432,0,0,0,0,842,9400
913,W2,4,4,8,8,0,0,0,0,0,0,0,100,100,0,0,0,0,0,100,100,0,0.000000,0,9888,0.000000,0,0,0,0,432,332,300,32,400,18688,14288,0,0,0,0,432,0,0,0,0,834,9400
914,W2,4,4,8,8,0,0,0,0,0,0,0,100,100,100,0,0,0,0,100,100,100,100.000000,1600,9888,16.181230,10,10,10,10,432,332,300,32,400,18688,14288,0,0,0,0,432,0,0,0,0,905,9400
915,W2,4,4,8,8,0,0,0,0,0,0,0,100,100,0,0,0,0,0,100,100,0,0.000000,0,9888,0.000000,0,0,0,0,432,332,300,32,400,18688,14288,0,0,0,0,432,0,0,0,0,855,9400
916,W2,4,4,8,8,0,0,0,0,0,0,0,100,100,0,0,0,0,0,100,100,0,0.000000,0,9888,0.000000,0,0,0,0,432,332,300,32,400,18688,14288,0,0,0,0,432,0,0,0,0,892,9400
917,W2,4,4,8,8,0,0,0,0,0,0,0,100,100,0,0,0,0,0,100,100,0,0.000000,0,9888,0.000000,0,0,0,0,432,332,300,32,400,18688,14288,0,0,0,0,432,0,0,0,0,942,9400
918,W2,4,4,8,8,0,0,0,0,0,0,0,100,100,0,0,0,0,0,100,100,0,0.000000,0,9888,0.000000,0,0,0,0,432,332,300,32,400,18688,14288,0,0,0,0,432,0,0,0,0,839,9400
919,W2,4,4,8,8,0,0,0,0,0,0,0,100,100,0,0,0,0,0,100,100,0,0.000000,0,9888,0.000000,0,0,0,0,432,332,300,32,400,18688,14288,0,0,0,0,432,0,0,0,0,878,9400
920,W2,4,4,8,8,0,0,0,0,0,0,0,100,100,0,0,0,0,0,100,100,0,0.000000,0,9888,0.000000,0,0,0,0,432,332,300,32,400,18688,14288,0,0,0,0,432,0,0,0,0,932,9400
921,W2,4,4,8,8,0,0,0,0,0,0,0,100,100,0,0,0,0,0,100,100,0,0.000000,0,9888,0.000000,0,0,0,0,432,332,300,32,400,18688,14288,0,0,0,0,432,0,0,0,0,936,9400
922,W2,4,4,8,8,0,0,0,0,0,0,0,100,100,0,0,0,0,0,100,100,0,0.000000,0,9888,0.000000,0,0,0,0,432,332,300,32,400,18688,14288,0,0,0,0,432,0,0,0,0,834,9400
923,W2,4,4,8,8,0,0,0,0,0,0,0,100,100,100,0,0,0,0,100,100,100,100.000000,1600,9888,16.181230,10,10,10,10,432,332,300,32,400,18688,14288,0,0,0,0,432,0,0,0,0,833,9400
924,W2,4,4,8,8,0,0,0,0,0,0,0,100,100,0,0,0,0,0,100,100,0,0.000000,0,9888,0.000000,0,0,0,0,432,332,300,32,400,18688,14288,0,0,0,0,432,0,0,0,0,844,9400
925,W2,4,4,8,8,0,0,0,0,0,0,0,100,100,0,0,0,0,0,100,100,0,0.000000,0,9888,0.000000,0,0,0,0,432,332,300,32,400,18688,14288,0,0,0,0,432,0,0,0,0,875,9400
926,W2,4,4,8,8,0,0,0,0,0,0,0,100,100,0,0,0,0,0,100,100,0,0.000000,0,9888,0.000000,0,0,0,0,432,332,300,32,400,18688,14288,0,0,0,0,432,0,0,0,0,976,9400
927,W2,4,4,8,8,0,0,0,0,0,0,0,100,100,0,0,0,0,0,100,100,0,0.000000,0,9888,0.000000,0,0,0,0,432,332,300,32,400,18688,14288,0,0,0,0,432,0,0,0,0,829,9400
928,W2,4,4,8,8,0,0,0,0,0,0,0,100,100,0,0,0,0,0,100,100,0,0.000000,0,9888,0.000000,0,0,0,0,432,332,300,32,400,18688,14288,0,0,0,0,432,0,0,0,0,843,9400
929,W2,4,4,8,8,0,0,0,0,0,0,0,100,100,0,0,0,0,0,100,100,0,0.000000,0,9888,0.000000,0,0,0,0,432,332,300,32,400,18688,14288,0,0,0,0,432,0,0,0,0,866,9400
930,W2,4,4,8,8,0,0,0,0,0,0,0,100,100,0,0,0,0,0,100,100,0,0.000000,0,9888,0.000000,0,0,0,0,432,332,300,32,400,18688,14288,0,0,0,0,432,0,0,0,0,847,9400
931,W2,4,4,8,8,0,0,0,0,0,0,0,100,100,0,0,0,0,0,100,100,0,0.000000,0,9888,0.000000,0,0,0,0,432,332,300,32,400,18688,14288,0,0,0,0,432,0,0,0,0,904,9400
932,W2,4,4,8,8,0,0,0,0,0,0,0,100,100,100,0,0,0,0,100,100,100,100.000000,1600,9888,16.181230,10,10,10,10,432,332,300,32,400,18688,14288,0,0,0,0,432,0,0,0,0,924,9400
933,W2,4,4,8,8,0,0,0,0,0,0,0,100,100,0,0,0,0,0,100,100,0,0.000000,0,9888,0.000000,0,0,0,0,432,332,300,32,400,18688,14288,0,0,0,0,432,0,0,0,0,932,9400
934,W2,4,4,8,8,0,0,0,0,0,0,0,100,100,0,0,0,0,0,100,100,0,0.000000,0,9888,0.000000,0,0,0,0,432,332,300,32,400,18688,14288,0,0,0,0,432,0,0,0,0,856,9400
935,W2,4,4,8,8,0,0,0,0,0,0,0,100,100,0,0,0,0,0,100,100,0,0.000000,0,9888,0.000000,0,0,0,0,432,332,300,32,400,18688,14288,0,0,0,0,432,0,0,0,0,918,9400
936,W2,4,4,8,8,0,0,0,0,0,0,0,100,100,0,0,0,0,0,100,100,0,0.000000,0,9888,0.000000,0,0,0,0,432,332,300,32,400,18688,14288,0,0,0,0,432,0,0,0,0,953,9400
937,W2,4,4,8,8,0,0,0,0,0,0,0,100,100,0,0,0,0,0,100,100,0,0.000000,0,9888,0.000000,0,0,0,0,432,332,300,32,400,18688,14288,0,0,0,0,432,0,0,0,0,860,9400
938,W2,4,4,8,8,0,0,0,0,0,0,0,100,100,0,0,0,0,0,100,100,0,0.000000,0,9888,0.000000,0,0,0,0,432,332,300,32,400,18688,14288,0,0,0,0,432,0,0,0,0,846,9400
939,W2,4,4,8,8,0,0,0,0,0,0,0,100,100,0,0,0,0,0,100,100,0,0.000000,0,9888,0.000000,0,0,0,0,432,332,300,32,400,18688,14288,0,0,0,0,432,0,0,0,0,866,9400
940,W2,4,4,8,8,0,0,0,0,0,0,0,100,100,0,0,0,0,0,100,100,0,0.000000,0,9888,0.000000,0,0,0,0,432,332,300,32,400,18688,14288,0,0,0,0,432,0,0,0,0,866,9400
941,W2,4,4,8,8,0,0,0,0,0,0,0,100,100,100,0,0,0,0,100,100,100,100.000000,1600,9888,16.181230,10,10,10,10,432,332,300,32,400,18688,14288,0,0,0,0,432,0,0,0,0,888,9400
942,W2,4,4,8,8,0,0,0,0,0,0,0,100,100,0,0,0,0,0,100,100,0,0.000000,0,9888,0.000000,0,0,0,0,432,332,300,32,400,18688,14288,0,0,0,0,432,0,0,0,0,873,9400
943,W2,4,4,8,8,0,0,0,0,0,0,0,100,100,0,0,0,0,0,100,100,0,0.000000,0,9888,0.000000,0,0,0,0,432,332,300,32,400,18688,14288,0,0,0,0,432,0,0,0,0,941,9400
944,W2,4,4,8,8,0,0,0,0,0,0,0,100,100,0,0,0,0,0,100,100,0,0.000000,0,9888,0.000000,0,0,0,0,432,332,300,32,400,18688,14288,0,0,0,0,432,0,0,0,0,853,9400
945,W2,4,4,8,8,0,0,0,0,0,0,0,100,100,0,0,0,0,0,100,100,0,0.000000,0,9888,0.000000,0,0,0,0,432,332,300,32,400,18688,14288,0,0,0,0,432,0,0,0,0,875,9400
946,W2,4,4,8,8,0,0,0,0,0,0,0,100,100,0,0,0,0,0,100,100,0,0.000000,0,9888,0.000000,0,0,0,0,432,332,300,32,400,18688,14288,0,0,0,0,432,0,0,0,0,832,9400
947,W2,4,4,8,8,0,0,0,0,0,0,0,100,100,0,0,0,0,0,100,100,0,0.000000,0,9888,0.000000,0,0,0,0,432,332,300,32,400,18688,14288,0,0,0,0,432,0,0,0,0,861,9400
948,W2,4,4,8,8,0,0,0,0,0,0,0,100,100,0,0,0,0,0,100,100,0,0.000000,0,9888,0.000000,0,0,0,0,432,332,300,32,400,18688,14288,0,0,0,0,432,0,0,0,0,875,9400
949,W2,4,4,8,8,0,0,0,0,0,0,0,100,100,0,0,0,0,0,100,100,0,0.000000,0,9888,0.000000,0,0,0,0,432,332,300,32,400,18688,14288,0,0,0,0,432,0,0,0,0,831,9400
950,W2,4,4,8,8,0,0,0,0,0,0,0,100,100,100,0,0,0,0,100,100,100,100.000000,1600,9888,16.181230,10,10,10,10,432,332,300,32,400,18688,14288,0,0,0,0,432,0,0,0,0,937,9400
951,W2,4,4,8,8,0,0,0,0,0,0,0,100,100,0,0,0,0,0,100,100,0,0.000000,0,9888,0.000000,0,0,0,0,432,332,300,32,400,18688,14288,0,0,0,0,432,0,0,0,0,940,9400
952,W2,4,4,8,8,0,0,0,0,0,0,0,100,100,0,0,0,0,0,100,100,0,0.000000,0,9888,0.000000,0,0,0,0,432,332,300,32,400,18688,14288,0,0,0,0,432,0,0,0,0,849,9400
953,W2,4,4,8,8,0,0,0,0,0,0,0,100,100,0,0,0,0,0,100,100,0,0.000000,0,9888,0.000000,0,0,0,0,432,332,300,32,400,18688,14288,0,0,0,0,432,0,0,0,0,887,9400
954,W2,4,4,8,8,0,0,0,0,0,0,0,100,100,0,0,0,0,0,100,100,0,0.000000,0,9888,0.000000,0,0,0,0,432,332,300,32,400,18688,14288,0,0,0,0,432,0,0,0,0,897,9400
955,W2,4,4,8,8,0,0,0,0,0,0,0,100,100,0,0,0,0,0,100,100,0,0.000000,0,9888,0.000000,0,0,0,0,432,332,300,32,400,18688,14288,0,0,0,0,432,0,0,0,0,861,9400
956,W2,4,4,8,8,0,0,0,0,0,0,0,100,100,0,0,0,0,0,100,100,0,0.000000,0,9888,0.000000,0,0,0,0,432,332,300,32,400,18688,14288,0,0,0,0,432,0,0,0,0,930,9400
957,W2,4,4,8,8,0,0,0,0,0,0,0,100,100,0,0,0,0,0,100,100,0,0.000000,0,9888,0.000000,0,0,0,0,432,332,300,32,400,18688,14288,0,0,0,0,432,0,0,0,0,879,9400
958,W2,4,4,8,8,0,0,0,0,0,0,0,100,100,0,0,0,0,0,100,100,0,0.000000,0,9888,0.000000,0,0,0,0,432,332,300,32,400,18688,14288,0,0,0,0,432,0,0,0,0,909,9400
959,W2,4,4,8,8,0,0,0,0,0,0,0,100,100,100,0,0,0,0,100,100,100,100.000000,1600,9888,16.181230,10,10,10,10,432,332,300,32,400,18688,14288,0,0,0,0,432,0,0,0,0,946,9400
960,W2,4,4,8,8,0,0,0,0,0,0,0,100,100,0,0,0,0,0,100,100,0,0.000000,0,9888,0.000000,0,0,0,0,432,332,300,32,400,18688,14288,0,0,0,0,432,0,0,0,0,917,9400
961,W2,4,4,8,8,0,0,0,0,0,0,0,100,100,0,0,0,0,0,100,100,0,0.000000,0,9888,0.000000,0,0,0,0,432,332,300,32,400,18688,14288,0,0,0,0,432,0,0,0,0,854,9400
962,W2,4,4,8,8,0,0,0,0,0,0,0,100,100,0,0,0,0,0,100,100,0,0.000000,0,9888,0.000000,0,0,0,0,432,332,300,32,400,18688,14288,0,0,0,0,432,0,0,0,0,891,9400
963,W2,4,4,8,8,0,0,0,0,0,0,0,100,100,0,0,0,0,0,100,100,0,0.000000,0,9888,0.000000,0,0,0,0,432,332,300,32,400,18688,14288,0,0,0,0,432,0,0,0,0,867,9400
964,W2,4,4,8,8,0,0,0,0,0,0,0,100,100,0,0,0,0,0,100,100,0,0.000000,0,9888,0.000000,0,0,0,0,432,332,300,32,400,18688,14288,0,0,0,0,432,0,0,0,0,900,9400
965,W2,4,4,8,8,0,0,0,0,0,0,0,100,100,0,0,0,0,0,100,100,0,0.000000,0,9888,0.000000,0,0,0,0,432,332,300,32,400,18688,14288,0,0,0,0,432,0,0,0,0,850,9400
966,W2,4,4,8,8,0,0,0,0,0,0,0,100,100,0,0,0,0,0,100,100,0,0.000000,0,9888,0.000000,0,0,0,0,432,332,300,32,400,18688,14288,0,0,0,0,432,0,0,0,0,854,9400
967,W2,4,4,8,8,0,0,0,0,0,0,0,100,100,0,0,0,0,0,100,100,0,0.000000,0,9888,0.000000,0,0,0,0,432,332,300,32,400,18688,14288,0,0,0,0,432,0,0,0,0,968,9400
968,W2,4,4,8,8,0,0,0,0,0,0,0,100,100,100,0,0,0,0,100,100,100,100.000000,1600,9888,16.181230,10,10,10,10,432,332,300,32,400,18688,14288,0,0,0,0,432,0,0,0,0,856,9400
969,W2,4,4,8,8,0,0,0,0,0,0,0,100,100,0,0,0,0,0,100,100,0,0.000000,0,9888,0.000000,0,0,0,0,432,332,300,32,400,18688,14288,0,0,0,0,432,0,0,0,0,868,9400
970,W2,4,4,8,8,0,0,0,0,0,0,0,100,100,0,0,0,0,0,100,100,0,0.000000,0,9888,0.000000,0,0,0,0,432,332,300,32,400,18688,14288,0,0,0,0,432,0,0,0,0,882,9400
971,W2,4,4,8,8,0,0,0,0,0,0,0,100,100,0,0,0,0,0,100,100,0,0.000000,0,9888,0.000000,0,0,0,0,432,332,300,32,400,18688,14288,0,0,0,0,432,0,0,0,0,893,9400
972,W2,4,4,8,8,0,0,0,0,0,0,0,100,100,0,0,0,0,0,100,100,0,0.000000,0,9888,0.000000,0,0,0,0,432,332,300,32,400,18688,14288,0,0,0,0,432,0,0,0,0,855,9400
973,W2,4,4,8,8,0,0,0,0,0,0,0,100,100,0,0,0,0,0,100,100,0,0.000000,0,9888,0.000000,0,0,0,0,432,332,300,32,400,18688,14288,0,0,0,0,432,0,0,0,0,899,9400
974,W2,4,4,8,8,0,0,0,0,0,0,0,100,100,0,0,0,0,0,100,100,0,0.000000,0,9888,0.000000,0,0,0,0,432,332,300,32,400,18688,14288,0,0,0,0,432,0,0,0,0,874,9400
975,W2,4,4,8,8,0,0,0,0,0,0,0,100,100,0,0,0,0,0,100,100,0,0.000000,0,9888,0.000000,0,0,0,0,432,332,300,32,400,18688,14288,0,0,0,0,432,0,0,0,0,865,9400
976,W2,4,4,8,8,0,0,0,0,0,0,0,100,100,0,0,0,0,0,100,100,0,0.000000,0,9888,0.000000,0,0,0,0,432,332,300,32,400,18688,14288,0,0,0,0,432,0,0,0,0,892,9400
977,W2,4,4,8,8,0,0,0,0,0,0,0,100,100,100,0,0,0,0,100,100,100,100.000000,1600,9888,16.181230,10,10,10,10,432,332,300,32,400,18688,14288,0,0,0,0,432,0,0,0,0,938,9400
978,W2,4,4,8,8,0,0,0,0,0,0,0,100,100,0,0,0,0,0,100,100,0,0.000000,0,9888,0.000000,0,0,0,0,432,332,300,32,400,18688,14288,0,0,0,0,432,0,0,0,0,943,9400
979,W2,4,4,8,8,0,0,0,0,0,0,0,100,100,0,0,0,0,0,100,100,0,0.000000,0,9888,0.000000,0,0,0,0,432,332,300,32,400,18688,14288,0,0,0,0,432,0,0,0,0,893,9400
980,W2,4,4,8,8,0,0,0,0,0,0,0,100,100,0,0,0,0,0,100,100,0,0.000000,0,9888,0.000000,0,0,0,0,432,332,300,32,400,18688,14288,0,0,0,0,432,0,0,0,0,855,9400
981,W2,4,4,8,8,0,0,0,0,0,0,0,100,100,0,0,0,0,0,100,100,0,0.000000,0,9888,0.000000,0,0,0,0,432,332,300,32,400,18688,14288,0,0,0,0,432,0,0,0,0,845,9400
982,W2,4,4,8,8,0,0,0,0,0,0,0,100,100,0,0,0,0,0,100,100,0,0.000000,0,9888,0.000000,0,0,0,0,432,332,300,32,400,18688,14288,0,0,0,0,432,0,0,0,0,880,9400
983,W2,4,4,8,8,0,0,0,0,0,0,0,100,100,0,0,0,0,0,100,100,0,0.000000,0,9888,0.000000,0,0,0,0,432,332,300,32,400,18688,14288,0,0,0,0,432,0,0,0,0,904,9400
984,W2,4,4,8,8,0,0,0,0,0,0,0,100,100,0,0,0,0,0,100,100,0,0.000000,0,9888,0.000000,0,0,0,0,432,332,300,32,400,18688,14288,0,0,0,0,432,0,0,0,0,877,9400
985,W2,4,4,8,8,0,0,0,0,0,0,0,100,100,0,0,0,0,0,100,100,0,0.000000,0,9888,0.000000,0,0,0,0,432,332,300,32,400,18688,14288,0,0,0,0,432,0,0,0,0,918,9400
986,W2,4,4,8,8,0,0,0,0,0,0,0,100,100,100,0,0,0,0,100,100,100,100.000000,1600,9888,16.181230,10,10,10,10,432,332,300,32,400,18688,14288,0,0,0,0,432,0,0,0,0,881,9400
987,W2,4,4,8,8,0,0,0,0,0,0,0,100,100,0,0,0,0,0,100,100,0,0.000000,0,9888,0.000000,0,0,0,0,432,332,300,32,400,18688,14288,0,0,0,0,432,0,0,0,0,882,9400
988,W2,4,4,8,8,0,0,0,0,0,0,0,100,100,0,0,0,0,0,100,100,0,0.000000,0,9888,0.000000,0,0,0,0,432,332,300,32,400,18688,14288,0,0,0,0,432,0,0,0,0,904,9400
989,W2,4,4,8,8,0,0,0,0,0,0,0,100,100,0,0,0,0,0,100,100,0,0.000000,0,9888,0.000000,0,0,0,0,432,332,300,32,400,18688,14288,0,0,0,0,432,0,0,0,0,850,9400
990,W2,4,4,8,8,0,0,0,0,0,0,0,100,100,0,0,0,0,0,100,100,0,0.000000,0,9888,0.000000,0,0,0,0,432,332,300,32,400,18688,14288,0,0,0,0,432,0,0,0,0,836,9400
991,W2,4,4,8,8,0,0,0,0,0,0,0,100,100,0,0,0,0,0,100,100,0,0.000000,0,9888,0.000000,0,0,0,0,432,332,300,32,400,18688,14288,0,0,0,0,432,0,0,0,0,870,9400
992,W2,4,4,8,8,0,0,0,0,0,0,0,100,100,0,0,0,0,0,100,100,0,0.000000,0,9888,0.000000,0,0,0,0,432,332,300,32,400,18688,14288,0,0,0,0,432,0,0,0,0,904,9400
993,W2,4,4,8,8,0,0,0,0,0,0,0,100,100,0,0,0,0,0,100,100,0,0.000000,0,9888,0.000000,0,0,0,0,432,332,300,32,400,18688,14288,0,0,0,0,432,0,0,0,0,837,9400
994,W2,4,4,8,8,0,0,0,0,0,0,0,100,100,0,0,0,0,0,100,100,0,0.000000,0,9888,0.000000,0,0,0,0,432,332,300,32,400,18688,14288,0,0,0,0,432,0,0,0,0,873,9400
995,W2,4,4,8,8,0,0,0,0,0,0,0,100,100,100,0,0,0,0,100,100,100,100.000000,1600,9888,16.181230,10,10,10,10,432,332,300,32,400,18688,14288,0,0,0,0,432,0,0,0,0,882,9400
996,W2,4,4,8,8,0,0,0,0,0,0,0,100,100,0,0,0,0,0,100,100,0,0.000000,0,9888,0.000000,0,0,0,0,432,332,300,32,400,18688,14288,0,0,0,0,432,0,0,0,0,879,9400
997,W2,4,4,8,8,0,0,0,0,0,0,0,100,100,0,0,0,0,0,100,100,0,0.000000,0,9888,0.000000,0,0,0,0,432,332,300,32,400,18688,14288,0,0,0,0,432,0,0,0,0,879,9400
998,W2,4,4,8,8,0,0,0,0,0,0,0,100,100,0,0,0,0,0,100,100,0,0.000000,0,9888,0.000000,0,0,0,0,432,332,300,32,400,18688,14288,0,0,0,0,432,0,0,0,0,952,9400
999,W2,4,4,8,8,0,0,0,0,0,0,0,100,100,0,0,0,0,0,100,100,0,0.000000,0,9888,0.000000,0,0,0,0,432,332,300,32,400,18688,14288,0,0,0,0,432,0,0,0,0,894,9400
1000,W2,4,4,8,8,0,0,0,0,0,0,0,100,100,0,0,0,0,0,100,100,0,0.000000,0,9888,0.000000,0,0,0,0,432,332,300,32,400,18688,14288,0,0,0,0,432,0,0,0,0,890,9400
1001,W2,4,4,8,8,0,0,0,0,0,0,0,100,100,0,0,0,0,0,100,100,0,0.000000,0,9888,0.000000,0,0,0,0,432,332,300,32,400,18688,14288,0,0,0,0,432,0,0,0,0,863,9400
1002,W2,4,4,8,8,0,0,0,0,0,0,0,100,100,0,0,0,0,0,100,100,0,0.000000,0,9888,0.000000,0,0,0,0,432,332,300,32,400,18688,14288,0,0,0,0,432,0,0,0,0,847,9400
1003,W2,4,4,8,8,0,0,0,0,0,0,0,100,100,0,0,0,0,0,100,100,0,0.000000,0,9888,0.000000,0,0,0,0,432,332,300,32,400,18688,14288,0,0,0,0,432,0,0,0,0,879,9400
1004,W2,4,4,8,8,0,0,0,0,0,0,0,100,100,100,0,0,0,0,100,100,100,100.000000,1600,9888,16.181230,10,10,10,10,432,332,300,32,400,18688,14288,0,0,0,0,432,0,0,0,0,861,9400
1005,W2,4,4,8,8,0,0,0,0,0,0,0,100,100,0,0,0,0,0,100,100,0,0.000000,0,9888,0.000000,0,0,0,0,432,332,300,32,400,18688,14288,0,0,0,0,432,0,0,0,0,894,9400
1006,W2,4,4,8,8,0,0,0,0,0,0,0,100,100,0,0,0,0,0,100,100,0,0.000000,0,9888,0.000000,0,0,0,0,432,332,300,32,400,18688,14288,0,0,0,0,432,0,0,0,0,858,9400
1007,W2,4,4,8,8,0,0,0,0,0,0,0,100,100,0,0,0,0,0,100,100,0,0.000000,0,9888,0.000000,0,0,0,0,432,332,300,32,400,18688,14288,0,0,0,0,432,0,0,0,0,850,9400
1008,W2,4,4,8,8,0,0,0,0,0,0,0,100,100,0,0,0,0,0,100,100,0,0.000000,0,9888,0.000000,0,0,0,0,432,332,300,32,400,18688,14288,0,0,0,0,432,0,0,0,0,834,9400
1009,W2,4,4,8,8,0,0,0,0,0,0,0,100,100,0,0,0,0,0,100,100,0,0.000000,0,9888,0.000000,0,0,0,0,432,332,300,32,400,18688,14288,0,0,0,0,432,0,0,0,0,839,9400
1010,W2,4,4,8,8,0,0,0,0,0,0,0,100,100,0,0,0,0,0,100,100,0,0.000000,0,9888,0.000000,0,0,0,0,432,332,300,32,400,18688,14288,0,0,0,0,432,0,0,0,0,875,9400
1011,W2,4,4,8,8,0,0,0,0,0,0,0,100,100,0,0,0,0,0,100,100,0,0.000000,0,9888,0.000000,0,0,0,0,432,332,300,32,400,18688,14288,0,0,0,0,432,0,0,0,0,927,9400
1012,W2,4,4,8,8,0,0,0,0,0,0,0,100,100,0,0,0,0,0,100,100,0,0.000000,0,9888,0.000000,0,0,0,0,432,332,300,32,400,18688,14288,0,0,0,0,432,0,0,0,0,840,9400
1013,W2,4,4,8,8,0,0,0,0,0,0,0,100,100,100,0,0,0,0,100,100,100,100.000000,1600,9888,16.181230,10,10,10,10,432,332,300,32,400,18688,14288,0,0,0,0,432,0,0,0,0,890,9400
1014,W2,4,4,8,8,0,0,0,0,0,0,0,100,100,0,0,0,0,0,100,100,0,0.000000,0,9888,0.000000,0,0,0,0,432,332,300,32,400,18688,14288,0,0,0,0,432,0,0,0,0,912,9400
1015,W2,4,4,8,8,0,0,0,0,0,0,0,100,100,0,0,0,0,0,100,100,0,0.000000,0,9888,0.000000,0,0,0,0,432,332,300,32,400,18688,14288,0,0,0,0,432,0,0,0,0,858,9400
1016,W2,4,4,8,8,0,0,0,0,0,0,0,100,100,0,0,0,0,0,100,100,0,0.000000,0,9888,0.000000,0,0,0,0,432,332,300,32,400,18688,14288,0,0,0,0,432,0,0,0,0,963,9400
1017,W2,4,4,8,8,0,0,0,0,0,0,0,100,100,0,0,0,0,0,100,100,0,0.000000,0,9888,0.000000,0,0,0,0,432,332,300,32,400,18688,14288,0,0,0,0,432,0,0,0,0,837,9400
1018,W2,4,4,8,8,0,0,0,0,0,0,0,100,100,0,0,0,0,0,100,100,0,0.000000,0,9888,0.000000,0,0,0,0,432,332,300,32,400,18688,14288,0,0,0,0,432,0,0,0,0,965,9400
1019,W2,4,4,8,8,0,0,0,0,0,0,0,100,100,0,0,0,0,0,100,100,0,0.000000,0,9888,0.000000,0,0,0,0,432,332,300,32,400,18688,14288,0,0,0,0,432,0,0,0,0,878,9400
1020,W2,4,4,8,8,0,0,0,0,0,0,0,100,100,0,0,0,0,0,100,100,0,0.000000,0,9888,0.000000,0,0,0,0,432,332,300,32,400,18688,14288,0,0,0,0,432,0,0,0,0,871,9400
1021,W2,4,4,8,8,0,0,0,0,0,0,0,100,100,0,0,0,0,0,100,100,0,0.000000,0,9888,0.000000,0,0,0,0,432,332,300,32,400,18688,14288,0,0,0,0,432,0,0,0,0,844,9400
1022,W2,4,4,8,8,0,0,0,0,0,0,0,100,100,100,0,0,0,0,100,100,100,100.000000,1600,9888,16.181230,10,10,10,10,432,332,300,32,400,18688,14288,0,0,0,0,432,0,0,0,0,886,9400
1023,W2,4,4,8,8,0,0,0,0,0,0,0,100,100,0,0,0,0,0,100,100,0,0.000000,0,9888,0.000000,0,0,0,0,432,332,300,32,400,18688,14288,0,0,0,0,432,0,0,0,0,873,9400
1024,W2,4,4,8,8,0,0,0,0,0,0,0,100,100,0,0,0,0,0,100,100,0,0.000000,0,9888,0.000000,0,0,0,0,432,332,300,32,400,18688,14288,0,0,0,0,432,0,0,0,0,877,9400
1025,W2,4,4,8,8,0,0,0,0,0,0,0,100,100,0,0,0,0,0,100,100,0,0.000000,0,9888,0.000000,0,0,0,0,432,332,300,32,400,18688,14288,0,0,0,0,432,0,0,0,0,863,9400
1026,W2,4,4,8,8,0,0,0,0,0,0,0,100,100,0,0,0,0,0,100,100,0,0.000000,0,9888,0.000000,0,0,0,0,432,332,300,32,400,18688,14288,0,0,0,0,432,0,0,0,0,860,9400
1027,W2,4,4,8,8,0,0,0,0,0,0,0,100,100,0,0,0,0,0,100,100,0,0.000000,0,9888,0.000000,0,0,0,0,432,332,300,32,400,18688,14288,0,0,0,0,432,0,0,0,0,872,9400
1028,W2,4,4,8,8,0,0,0,0,0,0,0,100,100,0,0,0,0,0,100,100,0,0.000000,0,9888,0.000000,0,0,0,0,432,332,300,32,400,18688,14288,0,0,0,0,432,0,0,0,0,828,9400
1029,W2,4,4,8,8,0,0,0,0,0,0,0,100,100,0,0,0,0,0,100,100,0,0.000000,0,9888,0.000000,0,0,0,0,432,332,300,32,400,18688,14288,0,0,0,0,432,0,0,0,0,854,9400
1030,W2,4,4,8,8,0,0,0,0,0,0,0,100,100,0,0,0,0,0,100,100,0,0.000000,0,9888,0.000000,0,0,0,0,432,332,300,32,400,18688,14288,0,0,0,0,432,0,0,0,0,854,9400
1031,W2,4,4,8,8,0,0,0,0,0,0,0,100,100,100,0,0,0,0,100,100,100,100.000000,1600,9888,16.181230,10,10,10,10,432,332,300,32,400,18688,14288,0,0,0,0,432,0,0,0,0,845,9400
1032,W2,4,4,8,8,0,0,0,0,0,0,0,100,100,0,0,0,0,0,100,100,0,0.000000,0,9888,0.000000,0,0,0,0,432,332,300,32,400,18688,14288,0,0,0,0,432,0,0,0,0,892,9400
1033,W2,4,4,8,8,0,0,0,0,0,0,0,100,100,0,0,0,0,0,100,100,0,0.000000,0,9888,0.000000,0,0,0,0,432,332,300,32,400,18688,14288,0,0,0,0,432,0,0,0,0,828,9400
1034,W2,4,4,8,8,0,0,0,0,0,0,0,100,100,0,0,0,0,0,100,100,0,0.000000,0,9888,0.000000,0,0,0,0,432,332,300,32,400,18688,14288,0,0,0,0,432,0,0,0,0,857,9400
1035,W2,4,4,8,8,0,0,0,0,0,0,0,100,100,0,0,0,0,0,100,100,0,0.000000,0,9888,0.000000,0,0,0,0,432,332,300,32,400,18688,14288,0,0,0,0,432,0,0,0,0,882,9400
1036,W2,4,4,8,8,0,0,0,0,0,0,0,100,100,0,0,0,0,0,100,100,0,0.000000,0,9888,0.000000,0,0,0,0,432,332,300,32,400,18688,14288,0,0,0,0,432,0,0,0,0,865,9400
1037,W2,4,4,8,8,0,0,0,0,0,0,0,100,100,0,0,0,0,0,100,100,0,0.000000,0,9888,0.000000,0,0,0,0,432,332,300,32,400,18688,14288,0,0,0,0,432,0,0,0,0,892,9400
1038,W2,4,4,8,8,0,0,0,0,0,0,0,100,100,0,0,0,0,0,100,100,0,0.000000,0,9888,0.000000,0,0,0,0,432,332,300,32,400,18688,14288,0,0,0,0,432,0,0,0,0,937,9400
1039,W2,4,4,8,8,0,0,0,0,0,0,0,100,100,0,0,0,0,0,100,100,0,0.000000,0,9888,0.000000,0,0,0,0,432,332,300,32,400,18688,14288,0,0,0,0,432,0,0,0,0,842,9400
1040,W2,4,4,8,8,0,0,0,0,0,0,0,100,100,100,0,0,0,0,100,100,100,100.000000,1600,9888,16.181230,10,10,10,10,432,332,300,32,400,18688,14288,0,0,0,0,432,0,0,0,0,880,9400
1041,W2,4,4,8,8,0,0,0,0,0,0,0,100,100,0,0,0,0,0,100,100,0,0.000000,0,9888,0.000000,0,0,0,0,432,332,300,32,400,18688,14288,0,0,0,0,432,0,0,0,0,925,9400
1042,W2,4,4,8,8,0,0,0,0,0,0,0,100,100,0,0,0,0,0,100,100,0,0.000000,0,9888,0.000000,0,0,0,0,432,332,300,32,400,18688,14288,0,0,0,0,432,0,0,0,0,896,9400
1043,W2,4,4,8,8,0,0,0,0,0,0,0,100,100,0,0,0,0,0,100,100,0,0.000000,0,9888,0.000000,0,0,0,0,432,332,300,32,400,18688,14288,0,0,0,0,432,0,0,0,0,934,9400
1044,W2,4,4,8,8,0,0,0,0,0,0,0,100,100,0,0,0,0,0,100,100,0,0.000000,0,9888,0.000000,0,0,0,0,432,332,300,32,400,18688,14288,0,0,0,0,432,0,0,0,0,861,9400
1045,W2,4,4,8,8,0,0,0,0,0,0,0,100,100,0,0,0,0,0,100,100,0,0.000000,0,9888,0.000000,0,0,0,0,432,332,300,32,400,18688,14288,0,0,0,0,432,0,0,0,0,1011,9400
1046,W2,4,4,8,8,0,0,0,0,0,0,0,100,100,0,0,0,0,0,100,100,0,0.000000,0,9888,0.000000,0,0,0,0,432,332,300,32,400,18688,14288,0,0,0,0,432,0,0,0,0,872,9400
1047,W2,4,4,8,8,0,0,0,0,0,0,0,100,100,0,0,0,0,0,100,100,0,0.000000,0,9888,0.000000,0,0,0,0,432,332,300,32,400,18688,14288,0,0,0,0,432,0,0,0,0,921,9400
1048,W2,4,4,8,8,0,0,0,0,0,0,0,100,100,0,0,0,0,0,100,100,0,0.000000,0,9888,0.000000,0,0,0,0,432,332,300,32,400,18688,14288,0,0,0,0,432,0,0,0,0,898,9400
1049,W2,4,4,8,8,0,0,0,0,0,0,0,100,100,100,0,0,0,0,100,100,100,100.000000,1600,9888,16.181230,10,10,10,10,432,332,300,32,400,18688,14288,0,0,0,0,432,0,0,0,0,862,9400
1050,W2,4,4,8,8,0,0,0,0,0,0,0,100,100,0,0,0,0,0,100,100,0,0.000000,0,9888,0.000000,0,0,0,0,432,332,300,32,400,18688,14288,0,0,0,0,432,0,0,0,0,893,9400
1051,W2,4,4,8,8,0,0,0,0,0,0,0,100,100,0,0,0,0,0,100,100,0,0.000000,0,9888,0.000000,0,0,0,0,432,332,300,32,400,18688,14288,0,0,0,0,432,0,0,0,0,886,9400
1052,W2,4,4,8,8,0,0,0,0,0,0,0,100,100,0,0,0,0,0,100,100,0,0.000000,0,9888,0.000000,0,0,0,0,432,332,300,32,400,18688,14288,0,0,0,0,432,0,0,0,0,859,9400
1053,W2,4,4,8,8,0,0,0,0,0,0,0,100,100,0,0,0,0,0,100,100,0,0.000000,0,9888,0.000000,0,0,0,0,432,332,300,32,400,18688,14288,0,0,0,0,432,0,0,0,0,865,9400
1054,W2,4,4,8,8,0,0,0,0,0,0,0,100,100,0,0,0,0,0,100,100,0,0.000000,0,9888,0.000000,0,0,0,0,432,332,300,32,400,18688,14288,0,0,0,0,432,0,0,0,0,941,9400
1055,W2,4,4,8,8,0,0,0,0,0,0,0,100,100,0,0,0,0,0,100,100,0,0.000000,0,9888,0.000000,0,0,0,0,432,332,300,32,400,18688,14288,0,0,0,0,432,0,0,0,0,963,9400
1056,W2,4,4,8,8,0,0,0,0,0,0,0,100,100,0,0,0,0,0,100,100,0,0.000000,0,9888,0.000000,0,0,0,0,432,332,300,32,400,18688,14288,0,0,0,0,432,0,0,0,0,843,9400
1057,W2,4,4,8,8,0,0,0,0,0,0,0,100,100,0,0,0,0,0,100,100,0,0.000000,0,9888,0.000000,0,0,0,0,432,332,300,32,400,18688,14288,0,0,0,0,432,0,0,0,0,860,9400
1058,W2,4,4,8,8,0,0,0,0,0,0,0,100,100,100,0,0,0,0,100,100,100,100.000000,1600,9888,16.181230,10,10,10,10,432,332,300,32,400,18688,14288,0,0,0,0,432,0,0,0,0,965,9400
1059,W2,4,4,8,8,0,0,0,0,0,0,0,100,100,0,0,0,0,0,100,100,0,0.000000,0,9888,0.000000,0,0,0,0,432,332,300,32,400,18688,14288,0,0,0,0,432,0,0,0,0,836,9400
1060,W2,4,4,8,8,0,0,0,0,0,0,0,100,100,0,0,0,0,0,100,100,0,0.000000,0,9888,0.000000,0,0,0,0,432,332,300,32,400,18688,14288,0,0,0,0,432,0,0,0,0,881,9400
1061,W2,4,4,8,8,0,0,0,0,0,0,0,100,100,0,0,0,0,0,100,100,0,0.000000,0,9888,0.000000,0,0,0,0,432,332,300,32,400,18688,14288,0,0,0,0,432,0,0,0,0,863,9400
1062,W2,4,4,8,8,0,0,0,0,0,0,0,100,100,0,0,0,0,0,100,100,0,0.000000,0,9888,0.000000,0,0,0,0,432,332,300,32,400,18688,14288,0,0,0,0,432,0,0,0,0,863,9400
1063,W2,4,4,8,8,0,0,0,0,0,0,0,100,100,0,0,0,0,0,100,100,0,0.000000,0,9888,0.000000,0,0,0,0,432,332,300,32,400,18688,14288,0,0,0,0,432,0,0,0,0,850,9400
1064,W2,4,4,8,8,0,0,0,0,0,0,0,100,100,0,0,0,0,0,100,100,0,0.000000,0,9888,0.000000,0,0,0,0,432,332,300,32,400,18688,14288,0,0,0,0,432,0,0,0,0,860,9400
1065,W2,4,4,8,8,0,0,0,0,0,0,0,100,100,0,0,0,0,0,100,100,0,0.000000,0,9888,0.000000,0,0,0,0,432,332,300,32,400,18688,14288,0,0,0,0,432,0,0,0,0,871,9400
1066,W2,4,4,8,8,0,0,0,0,0,0,0,100,100,0,0,0,0,0,100,100,0,0.000000,0,9888,0.000000,0,0,0,0,432,332,300,32,400,18688,14288,0,0,0,0,432,0,0,0,0,875,9400
1067,W2,4,4,8,8,0,0,0,0,0,0,0,100,100,100,0,0,0,0,100,100,100,100.000000,1600,9888,16.181230,10,10,10,10,432,332,300,32,400,18688,14288,0,0,0,0,432,0,0,0,0,863,9400
1068,W2,4,4,8,8,0,0,0,0,0,0,0,100,100,0,0,0,0,0,100,100,0,0.000000,0,9888,0.000000,0,0,0,0,432,332,300,32,400,18688,14288,0,0,0,0,432,0,0,0,0,881,9400
1069,W2,4,4,8,8,0,0,0,0,0,0,0,100,100,0,0,0,0,0,100,100,0,0.000000,0,9888,0.000000,0,0,0,0,432,332,300,32,400,18688,14288,0,0,0,0,432,0,0,0,0,876,9400
1070,W2,4,4,8,8,0,0,0,0,0,0,0,100,100,0,0,0,0,0,100,100,0,0.000000,0,9888,0.000000,0,0,0,0,432,332,300,32,400,18688,14288,0,0,0,0,432,0,0,0,0,886,9400
1071,W2,4,4,8,8,0,0,0,0,0,0,0,100,100,0,0,0,0,0,100,100,0,0.000000,0,9888,0.000000,0,0,0,0,432,332,300,32,400,18688,14288,0,0,0,0,432,0,0,0,0,860,9400
1072,W2,4,4,8,8,0,0,0,0,0,0,0,100,100,0,0,0,0,0,100,100,0,0.000000,0,9888,0.000000,0,0,0,0,432,332,300,32,400,18688,14288,0,0,0,0,432,0,0,0,0,955,9400
1073,W2,4,4,8,8,0,0,0,0,0,0,0,100,100,0,0,0,0,0,100,100,0,0.000000,0,9888,0.000000,0,0,0,0,432,332,300,32,400,18688,14288,0,0,0,0,432,0,0,0,0,899,9400
1074,W2,4,4,8,8,0,0,0,0,0,0,0,100,100,0,0,0,0,0,100,100,0,0.000000,0,9888,0.000000,0,0,0,0,432,332,300,32,400,18688,14288,0,0,0,0,432,0,0,0,0,867,9400
1075,W2,4,4,8,8,0,0,0,0,0,0,0,100,100,0,0,0,0,0,100,100,0,0.000000,0,9888,0.000000,0,0,0,0,432,332,300,32,400,18688,14288,0,0,0,0,432,0,0,0,0,895,9400
1076,W2,4,4,8,8,0,0,0,0,0,0,0,100,100,100,0,0,0,0,100,100,100,100.000000,1600,9888,16.181230,10,10,10,10,432,332,300,32,400,18688,14288,0,0,0,0,432,0,0,0,0,906,9400
1077,W2,4,4,8,8,0,0,0,0,0,0,0,100,100,0,0,0,0,0,100,100,0,0.000000,0,9888,0.000000,0,0,0,0,432,332,300,32,400,18688,14288,0,0,0,0,432,0,0,0,0,873,9400
1078,W2,4,4,8,8,0,0,0,0,0,0,0,100,100,0,0,0,0,0,100,100,0,0.000000,0,9888,0.000000,0,0,0,0,432,332,300,32,400,18688,14288,0,0,0,0,432,0,0,0,0,843,9400
1079,W2,4,4,8,8,0,0,0,0,0,0,0,100,100,0,0,0,0,0,100,100,0,0.000000,0,9888,0.000000,0,0,0,0,432,332,300,32,400,18688,14288,0,0,0,0,432,0,0,0,0,893,9400
1080,W2,4,4,8,8,0,0,0,0,0,0,0,100,100,0,0,0,0,0,100,100,0,0.000000,0,9888,0.000000,0,0,0,0,432,332,300,32,400,18688,14288,0,0,0,0,432,0,0,0,0,834,9400
1081,W2,4,4,8,8,0,0,0,0,0,0,0,100,100,0,0,0,0,0,100,100,0,0.000000,0,9888,0.000000,0,0,0,0,432,332,300,32,400,18688,14288,0,0,0,0,432,0,0,0,0,910,9400
1082,W2,4,4,8,8,0,0,0,0,0,0,0,100,100,0,0,0,0,0,100,100,0,0.000000,0,9888,0.000000,0,0,0,0,432,332,300,32,400,18688,14288,0,0,0,0,432,0,0,0,0,970,9400
1083,W2,4,4,8,8,0,0,0,0,0,0,0,100,100,0,0,0,0,0,100,100,0,0.000000,0,9888,0.000000,0,0,0,0,432,332,300,32,400,18688,14288,0,0,0,0,432,0,0,0,0,855,9400
1084,W2,4,4,8,8,0,0,0,0,0,0,0,100,100,0,0,0,0,0,100,100,0,0.000000,0,9888,0.000000,0,0,0,0,432,332,300,32,400,18688,14288,0,0,0,0,432,0,0,0,0,864,9400
1085,W2,4,4,8,8,0,0,0,0,0,0,0,100,100,100,0,0,0,0,100,100,100,100.000000,1600,9888,16.181230,10,10,10,10,432,332,300,32,400,18688,14288,0,0,0,0,432,0,0,0,0,846,9400
1086,W2,4,4,8,8,0,0,0,0,0,0,0,100,100,0,0,0,0,0,100,100,0,0.000000,0,9888,0.000000,0,0,0,0,432,332,300,32,400,18688,14288,0,0,0,0,432,0,0,0,0,911,9400
1087,W2,4,4,8,8,0,0,0,0,0,0,0,100,100,0,0,0,0,0,100,100,0,0.000000,0,9888,0.000000,0,0,0,0,432,332,300,32,400,18688,14288,0,0,0,0,432,0,0,0,0,928,9400
1088,W2,4,4,8,8,0,0,0,0,0,0,0,100,100,0,0,0,0,0,100,100,0,0.000000,0,9888,0.000000,0,0,0,0,432,332,300,32,400,18688,14288,0,0,0,0,432,0,0,0,0,923,9400
1089,W2,4,4,8,8,0,0,0,0,0,0,0,100,100,0,0,0,0,0,100,100,0,0.000000,0,9888,0.000000,0,0,0,0,432,332,300,32,400,18688,14288,0,0,0,0,432,0,0,0,0,865,9400
1090,W2,4,4,8,8,0,0,0,0,0,0,0,100,100,0,0,0,0,0,100,100,0,0.000000,0,9888,0.000000,0,0,0,0,432,332,300,32,400,18688,14288,0,0,0,0,432,0,0,0,0,858,9400
1091,W2,4,4,8,8,0,0,0,0,0,0,0,100,100,0,0,0,0,0,100,100,0,0.000000,0,9888,0.000000,0,0,0,0,432,332,300,32,400,18688,14288,0,0,0,0,432,0,0,0,0,901,9400
1092,W2,4,4,8,8,0,0,0,0,0,0,0,100,100,0,0,0,0,0,100,100,0,0.000000,0,9888,0.000000,0,0,0,0,432,332,300,32,400,18688,14288,0,0,0,0,432,0,0,0,0,905,9400
1093,W2,4,4,8,8,0,0,0,0,0,0,0,100,100,0,0,0,0,0,100,100,0,0.000000,0,9888,0.000000,0,0,0,0,432,332,300,32,400,18688,14288,0,0,0,0,432,0,0,0,0,862,9400
1094,W2,4,4,8,8,0,0,0,0,0,0,0,100,100,100,0,0,0,0,100,100,100,100.000000,1600,9888,16.181230,10,10,10,10,432,332,300,32,400,18688,14288,0,0,0,0,432,0,0,0,0,844,9400
1095,W2,4,4,8,8,0,0,0,0,0,0,0,100,100,0,0,0,0,0,100,100,0,0.000000,0,9888,0.000000,0,0,0,0,432,332,300,32,400,18688,14288,0,0,0,0,432,0,0,0,0,899,9400
1096,W2,4,4,8,8,0,0,0,0,0,0,0,100,100,0,0,0,0,0,100,100,0,0.000000,0,9888,0.000000,0,0,0,0,432,332,300,32,400,18688,14288,0,0,0,0,432,0,0,0,0,906,9400
1097,W2,4,4,8,8,0,0,0,0,0,0,0,100,100,0,0,0,0,0,100,100,0,0.000000,0,9888,0.000000,0,0,0,0,432,332,300,32,400,18688,14288,0,0,0,0,432,0,0,0,0,885,9400
1098,W2,4,4,8,8,0,0,0,0,0,0,0,100,100,0,0,0,0,0,100,100,0,0.000000,0,9888,0.000000,0,0,0,0,432,332,300,32,400,18688,14288,0,0,0,0,432,0,0,0,0,886,9400
1099,W2,4,4,8,8,0,0,0,0,0,0,0,100,100,0,0,0,0,0,100,100,0,0.000000,0,9888,0.000000,0,0,0,0,432,332,300,32,400,18688,14288,0,0,0,0,432,0,0,0,0,896,9400
1100,W2,4,4,8,8,0,0,0,0,0,0,0,100,100,0,0,0,0,0,100,100,0,0.000000,0,9888,0.000000,0,0,0,0,432,332,300,32,400,18688,14288,0,0,0,0,432,0,0,0,0,866,9400
1101,W2,4,4,8,8,0,0,0,0,0,0,0,100,100,0,0,0,0,0,100,100,0,0.000000,0,9888,0.000000,0,0,0,0,432,332,300,32,400,18688,14288,0,0,0,0,432,0,0,0,0,917,9400
1102,W2,4,4,8,8,0,0,0,0,0,0,0,100,100,0,0,0,0,0,100,100,0,0.000000,0,9888,0.000000,0,0,0,0,432,332,300,32,400,18688,14288,0,0,0,0,432,0,0,0,0,903,9400
1103,W2,4,4,8,8,0,0,0,0,0,0,0,100,100,100,0,0,0,0,100,100,100,100.000000,1600,9888,16.181230,10,10,10,10,432,332,300,32,400,18688,14288,0,0,0,0,432,0,0,0,0,872,9400
1104,W2,4,4,8,8,0,0,0,0,0,0,0,100,100,0,0,0,0,0,100,100,0,0.000000,0,9888,0.000000,0,0,0,0,432,332,300,32,400,18688,14288,0,0,0,0,432,0,0,0,0,888,9400
1105,W2,4,4,8,8,0,0,0,0,0,0,0,100,100,0,0,0,0,0,100,100,0,0.000000,0,9888,0.000000,0,0,0,0,432,332,300,32,400,18688,14288,0,0,0,0,432,0,0,0,0,880,9400
1106,W2,4,4,8,8,0,0,0,0,0,0,0,100,100,0,0,0,0,0,100,100,0,0.000000,0,9888,0.000000,0,0,0,0,432,332,300,32,400,18688,14288,0,0,0,0,432,0,0,0,0,933,9400
1107,W2,4,4,8,8,0,0,0,0,0,0,0,100,100,0,0,0,0,0,100,100,0,0.000000,0,9888,0.000000,0,0,0,0,432,332,300,32,400,18688,14288,0,0,0,0,432,0,0,0,0,883,9400
1108,W2,4,4,8,8,0,0,0,0,0,0,0,100,100,0,0,0,0,0,100,100,0,0.000000,0,9888,0.000000,0,0,0,0,432,332,300,32,400,18688,14288,0,0,0,0,432,0,0,0,0,867,9400
1109,W2,4,4,8,8,0,0,0,0,0,0,0,100,100,0,0,0,0,0,100,100,0,0.000000,0,9888,0.000000,0,0,0,0,432,332,300,32,400,18688,14288,0,0,0,0,432,0,0,0,0,898,9400
1110,W2,4,4,8,8,0,0,0,0,0,0,0,100,100,0,0,0,0,0,100,100,0,0.000000,0,9888,0.000000,0,0,0,0,432,332,300,32,400,18688,14288,0,0,0,0,432,0,0,0,0,912,9400
1111,W2,4,4,8,8,0,0,0,0,0,0,0,100,100,0,0,0,0,0,100,100,0,0.000000,0,9888,0.000000,0,0,0,0,432,332,300,32,400,18688,14288,0,0,0,0,432,0,0,0,0,836,9400
1112,W2,4,4,8,8,0,0,0,0,0,0,0,100,100,100,0,0,0,0,100,100,100,100.000000,1600,9888,16.181230,10,10,10,10,432,332,300,32,400,18688,14288,0,0,0,0,432,0,0,0,0,882,9400
1113,W2,4,4,8,8,0,0,0,0,0,0,0,100,100,0,0,0,0,0,100,100,0,0.000000,0,9888,0.000000,0,0,0,0,432,332,300,32,400,18688,14288,0,0,0,0,432,0,0,0,0,848,9400
1114,W2,4,4,8,8,0,0,0,0,0,0,0,100,100,0,0,0,0,0,100,100,0,0.000000,0,9888,0.000000,0,0,0,0,432,332,300,32,400,18688,14288,0,0,0,0,432,0,0,0,0,869,9400
1115,W2,4,4,8,8,0,0,0,0,0,0,0,100,100,0,0,0,0,0,100,100,0,0.000000,0,9888,0.000000,0,0,0,0,432,332,300,32,400,18688,14288,0,0,0,0,432,0,0,0,0,845,9400
1116,W2,4,4,8,8,0,0,0,0,0,0,0,100,100,0,0,0,0,0,100,100,0,0.000000,0,9888,0.000000,0,0,0,0,432,332,300,32,400,18688,14288,0,0,0,0,432,0,0,0,0,915,9400
1117,W2,4,4,8,8,0,0,0,0,0,0,0,100,100,0,0,0,0,0,100,100,0,0.000000,0,9888,0.000000,0,0,0,0,432,332,300,32,400,18688,14288,0,0,0,0,432,0,0,0,0,898,9400
1118,W2,4,4,8,8,0,0,0,0,0,0,0,100,100,0,0,0,0,0,100,100,0,0.000000,0,9888,0.000000,0,0,0,0,432,332,300,32,400,18688,14288,0,0,0,0,432,0,0,0,0,876,9400
1119,W2,4,4,8,8,0,0,0,0,0,0,0,100,100,0,0,0,0,0,100,100,0,0.000000,0,9888,0.000000,0,0,0,0,432,332,300,32,400,18688,14288,0,0,0,0,432,0,0,0,0,915,9400
1120,W2,4,4,8,8,0,0,0,0,0,0,0,100,100,0,0,0,0,0,100,100,0,0.000000,0,9888,0.000000,0,0,0,0,432,332,300,32,400,18688,14288,0,0,0,0,432,0,0,0,0,975,9400
1121,W2,4,4,8,8,0,0,0,0,0,0,0,100,100,100,0,0,0,0,100,100,100,100.000000,1600,9888,16.181230,10,10,10,10,432,332,300,32,400,18688,14288,0,0,0,0,432,0,0,0,0,879,9400
1122,W2,4,4,8,8,0,0,0,0,0,0,0,100,100,0,0,0,0,0,100,100,0,0.000000,0,9888,0.000000,0,0,0,0,432,332,300,32,400,18688,14288,0,0,0,0,432,0,0,0,0,867,9400
1123,W2,4,4,8,8,0,0,0,0,0,0,0,100,100,0,0,0,0,0,100,100,0,0.000000,0,9888,0.000000,0,0,0,0,432,332,300,32,400,18688,14288,0,0,0,0,432,0,0,0,0,854,9400
1124,W2,4,4,8,8,0,0,0,0,0,0,0,100,100,0,0,0,0,0,100,100,0,0.000000,0,9888,0.000000,0,0,0,0,432,332,300,32,400,18688,14288,0,0,0,0,432,0,0,0,0,868,9400
1125,W2,4,4,8,8,0,0,0,0,0,0,0,100,100,0,0,0,0,0,100,100,0,0.000000,0,9888,0.000000,0,0,0,0,432,332,300,32,400,18688,14288,0,0,0,0,432,0,0,0,0,846,9400
1126,W2,4,4,8,8,0,0,0,0,0,0,0,100,100,0,0,0,0,0,100,100,0,0.000000,0,9888,0.000000,0,0,0,0,432,332,300,32,400,18688,14288,0,0,0,0,432,0,0,0,0,928,9400
1127,W2,4,4,8,8,0,0,0,0,0,0,0,100,100,0,0,0,0,0,100,100,0,0.000000,0,9888,0.000000,0,0,0,0,432,332,300,32,400,18688,14288,0,0,0,0,432,0,0,0,0,946,9400
1128,W2,4,4,8,8,0,0,0,0,0,0,0,100,100,0,0,0,0,0,100,100,0,0.000000,0,9888,0.000000,0,0,0,0,432,332,300,32,400,18688,14288,0,0,0,0,432,0,0,0,0,877,9400
1129,W2,4,4,8,8,0,0,0,0,0,0,0,100,100,0,0,0,0,0,100,100,0,0.000000,0,9888,0.000000,0,0,0,0,432,332,300,32,400,18688,14288,0,0,0,0,432,0,0,0,0,904,9400
1130,W2,4,4,8,8,0,0,0,0,0,0,0,100,100,100,0,0,0,0,100,100,100,100.000000,1600,9888,16.181230,10,10,10,10,432,332,300,32,400,18688,14288,0,0,0,0,432,0,0,0,0,903,9400
1131,W2,4,4,8,8,0,0,0,0,0,0,0,100,100,0,0,0,0,0,100,100,0,0.000000,0,9888,0.000000,0,0,0,0,432,332,300,32,400,18688,14288,0,0,0,0,432,0,0,0,0,893,9400
1132,W2,4,4,8,8,0,0,0,0,0,0,0,100,100,0,0,0,0,0,100,100,0,0.000000,0,9888,0.000000,0,0,0,0,432,332,300,32,400,18688,14288,0,0,0,0,432,0,0,0,0,964,9400
1133,W2,4,4,8,8,0,0,0,0,0,0,0,100,100,0,0,0,0,0,100,100,0,0.000000,0,9888,0.000000,0,0,0,0,432,332,300,32,400,18688,14288,0,0,0,0,432,0,0,0,0,952,9400
1134,W2,4,4,8,8,0,0,0,0,0,0,0,100,100,0,0,0,0,0,100,100,0,0.000000,0,9888,0.000000,0,0,0,0,432,332,300,32,400,18688,14288,0,0,0,0,432,0,0,0,0,912,9400
1135,W2,4,4,8,8,0,0,0,0,0,0,0,100,100,0,0,0,0,0,100,100,0,0.000000,0,9888,0.000000,0,0,0,0,432,332,300,32,400,18688,14288,0,0,0,0,432,0,0,0,0,929,9400
1136,W2,4,4,8,8,0,0,0,0,0,0,0,100,100,0,0,0,0,0,100,100,0,0.000000,0,9888,0.000000,0,0,0,0,432,332,300,32,400,18688,14288,0,0,0,0,432,0,0,0,0,862,9400
1137,W2,4,4,8,8,0,0,0,0,0,0,0,100,100,0,0,0,0,0,100,100,0,0.000000,0,9888,0.000000,0,0,0,0,432,332,300,32,400,18688,14288,0,0,0,0,432,0,0,0,0,867,9400
1138,W2,4,4,8,8,0,0,0,0,0,0,0,100,100,0,0,0,0,0,100,100,0,0.000000,0,9888,0.000000,0,0,0,0,432,332,300,32,400,18688,14288,0,0,0,0,432,0,0,0,0,896,9400
1139,W2,4,4,8,8,0,0,0,0,0,0,0,100,100,100,0,0,0,0,100,100,100,100.000000,1600,9888,16.181230,10,10,10,10,432,332,300,32,400,18688,14288,0,0,0,0,432,0,0,0,0,930,9400
1140,W2,4,4,8,8,0,0,0,0,0,0,0,100,100,0,0,0,0,0,100,100,0,0.000000,0,9888,0.000000,0,0,0,0,432,332,300,32,400,18688,14288,0,0,0,0,432,0,0,0,0,944,9400
1141,W2,4,4,8,8,0,0,0,0,0,0,0,100,100,0,0,0,0,0,100,100,0,0.000000,0,9888,0.000000,0,0,0,0,432,332,300,32,400,18688,14288,0,0,0,0,432,0,0,0,0,879,9400
1142,W2,4,4,8,8,0,0,0,0,0,0,0,100,100,0,0,0,0,0,100,100,0,0.000000,0,9888,0.000000,0,0,0,0,432,332,300,32,400,18688,14288,0,0,0,0,432,0,0,0,0,947,9400
1143,W2,4,4,8,8,0,0,0,0,0,0,0,100,100,0,0,0,0,0,100,100,0,0.000000,0,9888,0.000000,0,0,0,0,432,332,300,32,400,18688,14288,0,0,0,0,432,0,0,0,0,878,9400
1144,W2,4,4,8,8,0,0,0,0,0,0,0,100,100,0,0,0,0,0,100,100,0,0.000000,0,9888,0.000000,0,0,0,0,432,332,300,32,400,18688,14288,0,0,0,0,432,0,0,0,0,929,9400
1145,W2,4,4,8,8,0,0,0,0,0,0,0,100,100,0,0,0,0,0,100,100,0,0.000000,0,9888,0.000000,0,0,0,0,432,332,300,32,400,18688,14288,0,0,0,0,432,0,0,0,0,922,9400
1146,W2,4,4,8,8,0,0,0,0,0,0,0,100,100,0,0,0,0,0,100,100,0,0.000000,0,9888,0.000000,0,0,0,0,432,332,300,32,400,18688,14288,0,0,0,0,432,0,0,0,0,858,9400
1147,W2,4,4,8,8,0,0,0,0,0,0,0,100,100,0,0,0,0,0,100,100,0,0.000000,0,9888,0.000000,0,0,0,0,432,332,300,32,400,18688,14288,0,0,0,0,432,0,0,0,0,888,9400
1148,W2,4,4,8,8,0,0,0,0,0,0,0,100,100,100,0,0,0,0,100,100,100,100.000000,1600,9888,16.181230,10,10,10,10,432,332,300,32,400,18688,14288,0,0,0,0,432,0,0,0,0,866,9400
1149,W2,4,4,8,8,0,0,0,0,0,0,0,100,100,0,0,0,0,0,100,100,0,0.000000,0,9888,0.000000,0,0,0,0,432,332,300,32,400,18688,14288,0,0,0,0,432,0,0,0,0,854,9400
1150,W2,4,4,8,8,0,0,0,0,0,0,0,100,100,0,0,0,0,0,100,100,0,0.000000,0,9888,0.000000,0,0,0,0,432,332,300,32,400,18688,14288,0,0,0,0,432,0,0,0,0,876,9400
1151,W2,4,4,8,8,0,0,0,0,0,0,0,100,100,0,0,0,0,0,100,100,0,0.000000,0,9888,0.000000,0,0,0,0,432,332,300,32,400,18688,14288,0,0,0,0,432,0,0,0,0,893,9400
1152,W2,4,4,8,8,0,0,0,0,0,0,0,100,100,0,0,0,0,0,100,100,0,0.000000,0,9888,0.000000,0,0,0,0,432,332,300,32,400,18688,14288,0,0,0,0,432,0,0,0,0,931,9400
1153,W2,4,4,8,8,0,0,0,0,0,0,0,100,100,0,0,0,0,0,100,100,0,0.000000,0,9888,0.000000,0,0,0,0,432,332,300,32,400,18688,14288,0,0,0,0,432,0,0,0,0,886,9400
1154,W2,4,4,8,8,0,0,0,0,0,0,0,100,100,0,0,0,0,0,100,100,0,0.000000,0,9888,0.000000,0,0,0,0,432,332,300,32,400,18688,14288,0,0,0,0,432,0,0,0,0,894,9400
1155,W2,4,4,8,8,0,0,0,0,0,0,0,100,100,0,0,0,0,0,100,100,0,0.000000,0,9888,0.000000,0,0,0,0,432,332,300,32,400,18688,14288,0,0,0,0,432,0,0,0,0,886,9400
1156,W2,4,4,8,8,0,0,0,0,0,0,0,100,100,0,0,0,0,0,100,100,0,0.000000,0,9888,0.000000,0,0,0,0,432,332,300,32,400,18688,14288,0,0,0,0,432,0,0,0,0,941,9400
1157,W2,4,4,8,8,0,0,0,0,0,0,0,100,100,100,0,0,0,0,100,100,100,100.000000,1600,9888,16.181230,10,10,10,10,432,332,300,32,400,18688,14288,0,0,0,0,432,0,0,0,0,860,9400
1158,W2,4,4,8,8,0,0,0,0,0,0,0,100,100,0,0,0,0,0,100,100,0,0.000000,0,9888,0.000000,0,0,0,0,432,332,300,32,400,18688,14288,0,0,0,0,432,0,0,0,0,952,9400
1159,W2,4,4,8,8,0,0,0,0,0,0,0,100,100,0,0,0,0,0,100,100,0,0.000000,0,9888,0.000000,0,0,0,0,432,332,300,32,400,18688,14288,0,0,0,0,432,0,0,0,0,920,9400
1160,W2,4,4,8,8,0,0,0,0,0,0,0,100,100,0,0,0,0,0,100,100,0,0.000000,0,9888,0.000000,0,0,0,0,432,332,300,32,400,18688,14288,0,0,0,0,432,0,0,0,0,853,9400
1161,W2,4,4,8,8,0,0,0,0,0,0,0,100,100,0,0,0,0,0,100,100,0,0.000000,0,9888,0.000000,0,0,0,0,432,332,300,32,400,18688,14288,0,0,0,0,432,0,0,0,0,990,9400
1162,W2,4,4,8,8,0,0,0,0,0,0,0,100,100,0,0,0,0,0,100,100,0,0.000000,0,9888,0.000000,0,0,0,0,432,332,300,32,400,18688,14288,0,0,0,0,432,0,0,0,0,838,9400
1163,W2,4,4,8,8,0,0,0,0,0,0,0,100,100,0,0,0,0,0,100,100,0,0.000000,0,9888,0.000000,0,0,0,0,432,332,300,32,400,18688,14288,0,0,0,0,432,0,0,0,0,878,9400
1164,W2,4,4,8,8,0,0,0,0,0,0,0,100,100,0,0,0,0,0,100,100,0,0.000000,0,9888,0.000000,0,0,0,0,432,332,300,32,400,18688,14288,0,0,0,0,432,0,0,0,0,858,9400
1165,W2,4,4,8,8,0,0,0,0,0,0,0,100,100,0,0,0,0,0,100,100,0,0.000000,0,9888,0.000000,0,0,0,0,432,332,300,32,400,18688,14288,0,0,0,0,432,0,0,0,0,833,9400
1166,W2,4,4,8,8,0,0,0,0,0,0,0,100,100,100,0,0,0,0,100,100,100,100.000000,1600,9888,16.181230,10,10,10,10,432,332,300,32,400,18688,14288,0,0,0,0,432,0,0,0,0,879,9400
1167,W2,4,4,8,8,0,0,0,0,0,0,0,100,100,0,0,0,0,0,100,100,0,0.000000,0,9888,0.000000,0,0,0,0,432,332,300,32,400,18688,14288,0,0,0,0,432,0,0,0,0,861,9400
1168,W2,4,4,8,8,0,0,0,0,0,0,0,100,100,0,0,0,0,0,100,100,0,0.000000,0,9888,0.000000,0,0,0,0,432,332,300,32,400,18688,14288,0,0,0,0,432,0,0,0,0,936,9400
1169,W2,4,4,8,8,0,0,0,0,0,0,0,100,100,0,0,0,0,0,100,100,0,0.000000,0,9888,0.000000,0,0,0,0,432,332,300,32,400,18688,14288,0,0,0,0,432,0,0,0,0,913,9400
1170,W2,4,4,8,8,0,0,0,0,0,0,0,100,100,0,0,0,0,0,100,100,0,0.000000,0,9888,0.000000,0,0,0,0,432,332,300,32,400,18688,14288,0,0,0,0,432,0,0,0,0,891,9400
1171,W2,4,4,8,8,0,0,0,0,0,0,0,100,100,0,0,0,0,0,100,100,0,0.000000,0,9888,0.000000,0,0,0,0,432,332,300,32,400,18688,14288,0,0,0,0,432,0,0,0,0,873,9400
1172,W2,4,4,8,8,0,0,0,0,0,0,0,100,100,0,0,0,0,0,100,100,0,0.000000,0,9888,0.000000,0,0,0,0,432,332,300,32,400,18688,14288,0,0,0,0,432,0,0,0,0,931,9400
1173,W2,4,4,8,8,0,0,0,0,0,0,0,100,100,0,0,0,0,0,100,100,0,0.000000,0,9888,0.000000,0,0,0,0,432,332,300,32,400,18688,14288,0,0,0,0,432,0,0,0,0,864,9400
1174,W2,4,4,8,8,0,0,0,0,0,0,0,100,100,0,0,0,0,0,100,100,0,0.000000,0,9888,0.000000,0,0,0,0,432,332,300,32,400,18688,14288,0,0,0,0,432,0,0,0,0,911,9400
1175,W2,4,4,8,8,0,0,0,0,0,0,0,100,100,100,0,0,0,0,100,100,100,100.000000,1600,9888,16.181230,10,10,10,10,432,332,300,32,400,18688,14288,0,0,0,0,432,0,0,0,0,918,9400
1176,W2,4,4,8,8,0,0,0,0,0,0,0,100,100,0,0,0,0,0,100,100,0,0.000000,0,9888,0.000000,0,0,0,0,432,332,300,32,400,18688,14288,0,0,0,0,432,0,0,0,0,876,9400
1177,W2,4,4,8,8,0,0,0,0,0,0,0,100,100,0,0,0,0,0,100,100,0,0.000000,0,9888,0.000000,0,0,0,0,432,332,300,32,400,18688,14288,0,0,0,0,432,0,0,0,0,942,9400
1178,W2,4,4,8,8,0,0,0,0,0,0,0,100,100,0,0,0,0,0,100,100,0,0.000000,0,9888,0.000000,0,0,0,0,432,332,300,32,400,18688,14288,0,0,0,0,432,0,0,0,0,870,9400
1179,W2,4,4,8,8,0,0,0,0,0,0,0,100,100,0,0,0,0,0,100,100,0,0.000000,0,9888,0.000000,0,0,0,0,432,332,300,32,400,18688,14288,0,0,0,0,432,0,0,0,0,875,9400
1180,W2,4,4,8,8,0,0,0,0,0,0,0,100,100,0,0,0,0,0,100,100,0,0.000000,0,9888,0.000000,0,0,0,0,432,332,300,32,400,18688,14288,0,0,0,0,432,0,0,0,0,914,9400
1181,W2,4,4,8,8,0,0,0,0,0,0,0,100,100,0,0,0,0,0,100,100,0,0.000000,0,9888,0.000000,0,0,0,0,432,332,300,32,400,18688,14288,0,0,0,0,432,0,0,0,0,835,9400
1182,W2,4,4,8,8,0,0,0,0,0,0,0,100,100,0,0,0,0,0,100,100,0,0.000000,0,9888,0.000000,0,0,0,0,432,332,300,32,400,18688,14288,0,0,0,0,432,0,0,0,0,858,9400
1183,W2,4,4,8,8,0,0,0,0,0,0,0,100,100,0,0,0,0,0,100,100,0,0.000000,0,9888,0.000000,0,0,0,0,432,332,300,32,400,18688,14288,0,0,0,0,432,0,0,0,0,867,9400
1184,W2,4,4,8,8,0,0,0,0,0,0,0,100,100,100,0,0,0,0,100,100,100,100.000000,1600,9888,16.181230,10,10,10,10,432,332,300,32,400,18688,14288,0,0,0,0,432,0,0,0,0,854,9400
1185,W2,4,4,8,8,0,0,0,0,0,0,0,100,100,0,0,0,0,0,100,100,0,0.000000,0,9888,0.000000,0,0,0,0,432,332,300,32,400,18688,14288,0,0,0,0,432,0,0,0,0,839,9400
1186,W2,4,4,8,8,0,0,0,0,0,0,0,100,100,0,0,0,0,0,100,100,0,0.000000,0,9888,0.000000,0,0,0,0,432,332,300,32,400,18688,14288,0,0,0,0,432,0,0,0,0,839,9400
1187,W2,4,4,8,8,0,0,0,0,0,0,0,100,100,0,0,0,0,0,100,100,0,0.000000,0,9888,0.000000,0,0,0,0,432,332,300,32,400,18688,14288,0,0,0,0,432,0,0,0,0,878,9400
1188,W2,4,4,8,8,0,0,0,0,0,0,0,100,100,0,0,0,0,0,100,100,0,0.000000,0,9888,0.000000,0,0,0,0,432,332,300,32,400,18688,14288,0,0,0,0,432,0,0,0,0,915,9400
1189,W2,4,4,8,8,0,0,0,0,0,0,0,100,100,0,0,0,0,0,100,100,0,0.000000,0,9888,0.000000,0,0,0,0,432,332,300,32,400,18688,14288,0,0,0,0,432,0,0,0,0,870,9400
1190,W2,4,4,8,8,0,0,0,0,0,0,0,100,100,0,0,0,0,0,100,100,0,0.000000,0,9888,0.000000,0,0,0,0,432,332,300,32,400,18688,14288,0,0,0,0,432,0,0,0,0,1140,9400
1191,W2,4,4,8,8,0,0,0,0,0,0,0,100,100,0,0,0,0,0,100,100,0,0.000000,0,9888,0.000000,0,0,0,0,432,332,300,32,400,18688,14288,0,0,0,0,432,0,0,0,0,911,9400
1192,W2,4,4,8,8,0,0,0,0,0,0,0,100,100,0,0,0,0,0,100,100,0,0.000000,0,9888,0.000000,0,0,0,0,432,332,300,32,400,18688,14288,0,0,0,0,432,0,0,0,0,862,9400
1193,W2,4,4,8,8,0,0,0,0,0,0,0,100,100,100,0,0,0,0,100,100,100,100.000000,1600,9888,16.181230,10,10,10,10,432,332,300,32,400,18688,14288,0,0,0,0,432,0,0,0,0,890,9400
1194,W2,4,4,8,8,0,0,0,0,0,0,0,100,100,0,0,0,0,0,100,100,0,0.000000,0,9888,0.000000,0,0,0,0,432,332,300,32,400,18688,14288,0,0,0,0,432,0,0,0,0,932,9400
1195,W2,4,4,8,8,0,0,0,0,0,0,0,100,100,0,0,0,0,0,100,100,0,0.000000,0,9888,0.000000,0,0,0,0,432,332,300,32,400,18688,14288,0,0,0,0,432,0,0,0,0,835,9400
1196,W2,4,4,8,8,0,0,0,0,0,0,0,100,100,0,0,0,0,0,100,100,0,0.000000,0,9888,0.000000,0,0,0,0,432,332,300,32,400,18688,14288,0,0,0,0,432,0,0,0,0,856,9400
1197,W2,4,4,8,8,0,0,0,0,0,0,0,100,100,0,0,0,0,0,100,100,0,0.000000,0,9888,0.000000,0,0,0,0,432,332,300,32,400,18688,14288,0,0,0,0,432,0,0,0,0,844,9400
1198,W2,4,4,8,8,0,0,0,0,0,0,0,100,100,0,0,0,0,0,100,100,0,0.000000,0,9888,0.000000,0,0,0,0,432,332,300,32,400,18688,14288,0,0,0,0,432,0,0,0,0,946,9400
1199,W2,4,4,8,8,0,0,0,0,0,0,0,100,100,0,0,0,0,0,100,100,0,0.000000,0,9888,0.000000,0,0,0,0,432,332,300,32,400,18688,14288,0,0,0,0,432,0,0,0,0,886,9400
1200,W2,4,4,8,8,0,0,0,0,0,0,0,100,100,0,0,0,0,0,100,100,0,0.000000,0,9888,0.000000,0,0,0,0,432,332,300,32,400,18688,14288,0,0,0,0,432,0,0,0,0,899,9400
1201,W2,4,4,8,8,0,0,0,0,0,0,0,100,100,0,0,0,0,0,100,100,0,0.000000,0,9888,0.000000,0,0,0,0,432,332,300,32,400,18688,14288,0,0,0,0,432,0,0,0,0,921,9400
1202,W2,4,4,8,8,0,0,0,0,0,0,0,100,100,100,0,0,0,0,100,100,100,100.000000,1600,9888,16.181230,10,10,10,10,432,332,300,32,400,18688,14288,0,0,0,0,432,0,0,0,0,849,9400
1203,W2,4,4,8,8,0,0,0,0,0,0,0,100,100,0,0,0,0,0,100,100,0,0.000000,0,9888,0.000000,0,0,0,0,432,332,300,32,400,18688,14288,0,0,0,0,432,0,0,0,0,887,9400
1204,W2,4,4,8,8,0,0,0,0,0,0,0,100,100,0,0,0,0,0,100,100,0,0.000000,0,9888,0.000000,0,0,0,0,432,332,300,32,400,18688,14288,0,0,0,0,432,0,0,0,0,873,9400
1205,W2,4,4,8,8,0,0,0,0,0,0,0,100,100,0,0,0,0,0,100,100,0,0.000000,0,9888,0.000000,0,0,0,0,432,332,300,32,400,18688,14288,0,0,0,0,432,0,0,0,0,841,9400
1206,W2,4,4,8,8,0,0,0,0,0,0,0,100,100,0,0,0,0,0,100,100,0,0.000000,0,9888,0.000000,0,0,0,0,432,332,300,32,400,18688,14288,0,0,0,0,432,0,0,0,0,860,9400
1207,W2,4,4,8,8,0,0,0,0,0,0,0,100,100,0,0,0,0,0,100,100,0,0.000000,0,9888,0.000000,0,0,0,0,432,332,300,32,400,18688,14288,0,0,0,0,432,0,0,0,0,880,9400
1208,W2,4,4,8,8,0,0,0,0,0,0,0,100,100,0,0,0,0,0,100,100,0,0.000000,0,9888,0.000000,0,0,0,0,432,332,300,32,400,18688,14288,0,0,0,0,432,0,0,0,0,1149,9400
1209,W2,4,4,8,8,0,0,0,0,0,0,0,100,100,0,0,0,0,0,100,100,0,0.000000,0,9888,0.000000,0,0,0,0,432,332,300,32,400,18688,14288,0,0,0,0,432,0,0,0,0,876,9400
1210,W2,4,4,8,8,0,0,0,0,0,0,0,100,100,0,0,0,0,0,100,100,0,0.000000,0,9888,0.000000,0,0,0,0,432,332,300,32,400,18688,14288,0,0,0,0,432,0,0,0,0,908,9400
1211,W2,4,4,8,8,0,0,0,0,0,0,0,100,100,100,0,0,0,0,100,100,100,100.000000,1600,9888,16.181230,10,10,10,10,432,332,300,32,400,18688,14288,0,0,0,0,432,0,0,0,0,845,9400
1212,W2,4,4,8,8,0,0,0,0,0,0,0,100,100,0,0,0,0,0,100,100,0,0.000000,0,9888,0.000000,0,0,0,0,432,332,300,32,400,18688,14288,0,0,0,0,432,0,0,0,0,850,9400
1213,W2,4,4,8,8,0,0,0,0,0,0,0,100,100,0,0,0,0,0,100,100,0,0.000000,0,9888,0.000000,0,0,0,0,432,332,300,32,400,18688,14288,0,0,0,0,432,0,0,0,0,859,9400
1214,W2,4,4,8,8,0,0,0,0,0,0,0,100,100,0,0,0,0,0,100,100,0,0.000000,0,9888,0.000000,0,0,0,0,432,332,300,32,400,18688,14288,0,0,0,0,432,0,0,0,0,851,9400
1215,W2,4,4,8,8,0,0,0,0,0,0,0,100,100,0,0,0,0,0,100,100,0,0.000000,0,9888,0.000000,0,0,0,0,432,332,300,32,400,18688,14288,0,0,0,0,432,0,0,0,0,885,9400
1216,W2,4,4,8,8,0,0,0,0,0,0,0,100,100,0,0,0,0,0,100,100,0,0.000000,0,9888,0.000000,0,0,0,0,432,332,300,32,400,18688,14288,0,0,0,0,432,0,0,0,0,854,9400
1217,W2,4,4,8,8,0,0,0,0,0,0,0,100,100,0,0,0,0,0,100,100,0,0.000000,0,9888,0.000000,0,0,0,0,432,332,300,32,400,18688,14288,0,0,0,0,432,0,0,0,0,870,9400
1218,W2,4,4,8,8,0,0,0,0,0,0,0,100,100,0,0,0,0,0,100,100,0,0.000000,0,9888,0.000000,0,0,0,0,432,332,300,32,400,18688,14288,0,0,0,0,432,0,0,0,0,863,9400
1219,W2,4,4,8,8,0,0,0,0,0,0,0,100,100,0,0,0,0,0,100,100,0,0.000000,0,9888,0.000000,0,0,0,0,432,332,300,32,400,18688,14288,0,0,0,0,432,0,0,0,0,922,9400
1220,W2,4,4,8,8,0,0,0,0,0,0,0,100,100,100,0,0,0,0,100,100,100,100.000000,1600,9888,16.181230,10,10,10,10,432,332,300,32,400,18688,14288,0,0,0,0,432,0,0,0,0,862,9400
1221,W2,4,4,8,8,0,0,0,0,0,0,0,100,100,0,0,0,0,0,100,100,0,0.000000,0,9888,0.000000,0,0,0,0,432,332,300,32,400,18688,14288,0,0,0,0,432,0,0,0,0,895,9400
1222,W2,4,4,8,8,0,0,0,0,0,0,0,100,100,0,0,0,0,0,100,100,0,0.000000,0,9888,0.000000,0,0,0,0,432,332,300,32,400,18688,14288,0,0,0,0,432,0,0,0,0,901,9400
1223,W2,4,4,8,8,0,0,0,0,0,0,0,100,100,0,0,0,0,0,100,100,0,0.000000,0,9888,0.000000,0,0,0,0,432,332,300,32,400,18688,14288,0,0,0,0,432,0,0,0,0,838,9400
1224,W2,4,4,8,8,0,0,0,0,0,0,0,100,100,0,0,0,0,0,100,100,0,0.000000,0,9888,0.000000,0,0,0,0,432,332,300,32,400,18688,14288,0,0,0,0,432,0,0,0,0,890,9400
1225,W2,4,4,8,8,0,0,0,0,0,0,0,100,100,0,0,0,0,0,100,100,0,0.000000,0,9888,0.000000,0,0,0,0,432,332,300,32,400,18688,14288,0,0,0,0,432,0,0,0,0,840,9400
1226,W2,4,4,8,8,0,0,0,0,0,0,0,100,100,0,0,0,0,0,100,100,0,0.000000,0,9888,0.000000,0,0,0,0,432,332,300,32,400,18688,14288,0,0,0,0,432,0,0,0,0,889,9400
1227,W2,4,4,8,8,0,0,0,0,0,0,0,100,100,0,0,0,0,0,100,100,0,0.000000,0,9888,0.000000,0,0,0,0,432,332,300,32,400,18688,14288,0,0,0,0,432,0,0,0,0,875,9400
1228,W2,4,4,8,8,0,0,0,0,0,0,0,100,100,0,0,0,0,0,100,100,0,0.000000,0,9888,0.000000,0,0,0,0,432,332,300,32,400,18688,14288,0,0,0,0,432,0,0,0,0,834,9400
1229,W2,4,4,8,8,0,0,0,0,0,0,0,100,100,100,0,0,0,0,100,100,100,100.000000,1600,9888,16.181230,10,10,10,10,432,332,300,32,400,18688,14288,0,0,0,0,432,0,0,0,0,903,9400
1230,W2,4,4,8,8,0,0,0,0,0,0,0,100,100,0,0,0,0,0,100,100,0,0.000000,0,9888,0.000000,0,0,0,0,432,332,300,32,400,18688,14288,0,0,0,0,432,0,0,0,0,868,9400
1231,W2,4,4,8,8,0,0,0,0,0,0,0,100,100,0,0,0,0,0,100,100,0,0.000000,0,9888,0.000000,0,0,0,0,432,332,300,32,400,18688,14288,0,0,0,0,432,0,0,0,0,859,9400
1232,W2,4,4,8,8,0,0,0,0,0,0,0,100,100,0,0,0,0,0,100,100,0,0.000000,0,9888,0.000000,0,0,0,0,432,332,300,32,400,18688,14288,0,0,0,0,432,0,0,0,0,900,9400
1233,W2,4,4,8,8,0,0,0,0,0,0,0,100,100,0,0,0,0,0,100,100,0,0.000000,0,9888,0.000000,0,0,0,0,432,332,300,32,400,18688,14288,0,0,0,0,432,0,0,0,0,934,9400
1234,W2,4,4,8,8,0,0,0,0,0,0,0,100,100,0,0,0,0,0,100,100,0,0.000000,0,9888,0.000000,0,0,0,0,432,332,300,32,400,18688,14288,0,0,0,0,432,0,0,0,0,864,9400
1235,W2,4,4,8,8,0,0,0,0,0,0,0,100,100,0,0,0,0,0,100,100,0,0.000000,0,9888,0.000000,0,0,0,0,432,332,300,32,400,18688,14288,0,0,0,0,432,0,0,0,0,866,9400
1236,W2,4,4,8,8,0,0,0,0,0,0,0,100,100,0,0,0,0,0,100,100,0,0.000000,0,9888,0.000000,0,0,0,0,432,332,300,32,400,18688,14288,0,0,0,0,432,0,0,0,0,897,9400
1237,W2,4,4,8,8,0,0,0,0,0,0,0,100,100,0,0,0,0,0,100,100,0,0.000000,0,9888,0.000000,0,0,0,0,432,332,300,32,400,18688,14288,0,0,0,0,432,0,0,0,0,907,9400
1238,W2,4,4,8,8,0,0,0,0,0,0,0,100,100,100,0,0,0,0,100,100,100,100.000000,1600,9888,16.181230,10,10,10,10,432,332,300,32,400,18688,14288,0,0,0,0,432,0,0,0,0,903,9400
1239,W2,4,4,8,8,0,0,0,0,0,0,0,100,100,0,0,0,0,0,100,100,0,0.000000,0,9888,0.000000,0,0,0,0,432,332,300,32,400,18688,14288,0,0,0,0,432,0,0,0,0,871,9400
1240,W2,4,4,8,8,0,0,0,0,0,0,0,100,100,0,0,0,0,0,100,100,0,0.000000,0,9888,0.000000,0,0,0,0,432,332,300,32,400,18688,14288,0,0,0,0,432,0,0,0,0,888,9400
1241,W2,4,4,8,8,0,0,0,0,0,0,0,100,100,0,0,0,0,0,100,100,0,0.000000,0,9888,0.000000,0,0,0,0,432,332,300,32,400,18688,14288,0,0,0,0,432,0,0,0,0,1022,9400
1242,W2,4,4,8,8,0,0,0,0,0,0,0,100,100,0,0,0,0,0,100,100,0,0.000000,0,9888,0.000000,0,0,0,0,432,332,300,32,400,18688,14288,0,0,0,0,432,0,0,0,0,850,9400
1243,W2,4,4,8,8,0,0,0,0,0,0,0,100,100,0,0,0,0,0,100,100,0,0.000000,0,9888,0.000000,0,0,0,0,432,332,300,32,400,18688,14288,0,0,0,0,432,0,0,0,0,880,9400
1244,W2,4,4,8,8,0,0,0,0,0,0,0,100,100,0,0,0,0,0,100,100,0,0.000000,0,9888,0.000000,0,0,0,0,432,332,300,32,400,18688,14288,0,0,0,0,432,0,0,0,0,887,9400
1245,W2,4,4,8,8,0,0,0,0,0,0,0,100,100,0,0,0,0,0,100,100,0,0.000000,0,9888,0.000000,0,0,0,0,432,332,300,32,400,18688,14288,0,0,0,0,432,0,0,0,0,929,9400
1246,W2,4,4,8,8,0,0,0,0,0,0,0,100,100,0,0,0,0,0,100,100,0,0.000000,0,9888,0.000000,0,0,0,0,432,332,300,32,400,18688,14288,0,0,0,0,432,0,0,0,0,846,9400
1247,W2,4,4,8,8,0,0,0,0,0,0,0,100,100,100,0,0,0,0,100,100,100,100.000000,1600,9888,16.181230,10,10,10,10,432,332,300,32,400,18688,14288,0,0,0,0,432,0,0,0,0,849,9400
1248,W2,4,4,8,8,0,0,0,0,0,0,0,100,100,0,0,0,0,0,100,100,0,0.000000,0,9888,0.000000,0,0,0,0,432,332,300,32,400,18688,14288,0,0,0,0,432,0,0,0,0,922,9400
1249,W2,4,4,8,8,0,0,0,0,0,0,0,100,100,0,0,0,0,0,100,100,0,0.000000,0,9888,0.000000,0,0,0,0,432,332,300,32,400,18688,14288,0,0,0,0,432,0,0,0,0,878,9400
1250,W2,4,4,8,8,0,0,0,0,0,0,0,100,100,0,0,0,0,0,100,100,0,0.000000,0,9888,0.000000,0,0,0,0,432,332,300,32,400,18688,14288,0,0,0,0,432,0,0,0,0,883,9400
1251,W2,4,4,8,8,0,0,0,0,0,0,0,100,100,0,0,0,0,0,100,100,0,0.000000,0,9888,0.000000,0,0,0,0,432,332,300,32,400,18688,14288,0,0,0,0,432,0,0,0,0,891,9400
1252,W2,4,4,8,8,0,0,0,0,0,0,0,100,100,0,0,0,0,0,100,100,0,0.000000,0,9888,0.000000,0,0,0,0,432,332,300,32,400,18688,14288,0,0,0,0,432,0,0,0,0,893,9400
1253,W2,4,4,8,8,0,0,0,0,0,0,0,100,100,0,0,0,0,0,100,100,0,0.000000,0,9888,0.000000,0,0,0,0,432,332,300,32,400,18688,14288,0,0,0,0,432,0,0,0,0,898,9400
1254,W2,4,4,8,8,0,0,0,0,0,0,0,100,100,0,0,0,0,0,100,100,0,0.000000,0,9888,0.000000,0,0,0,0,432,332,300,32,400,18688,14288,0,0,0,0,432,0,0,0,0,881,9400
1255,W2,4,4,8,8,0,0,0,0,0,0,0,100,100,0,0,0,0,0,100,100,0,0.000000,0,9888,0.000000,0,0,0,0,432,332,300,32,400,18688,14288,0,0,0,0,432,0,0,0,0,947,9400
1256,W2,4,4,8,8,0,0,0,0,0,0,0,100,100,100,0,0,0,0,100,100,100,100.000000,1600,9888,16.181230,10,10,10,10,432,332,300,32,400,18688,14288,0,0,0,0,432,0,0,0,0,977,9400
1257,W2,4,4,8,8,0,0,0,0,0,0,0,100,100,0,0,0,0,0,100,100,0,0.000000,0,9888,0.000000,0,0,0,0,432,332,300,32,400,18688,14288,0,0,0,0,432,0,0,0,0,878,9400
1258,W2,4,4,8,8,0,0,0,0,0,0,0,100,100,0,0,0,0,0,100,100,0,0.000000,0,9888,0.000000,0,0,0,0,432,332,300,32,400,18688,14288,0,0,0,0,432,0,0,0,0,848,9400
1259,W2,4,4,8,8,0,0,0,0,0,0,0,100,100,0,0,0,0,0,100,100,0,0.000000,0,9888,0.000000,0,0,0,0,432,332,300,32,400,18688,14288,0,0,0,0,432,0,0,0,0,869,9400
1260,W2,4,4,8,8,0,0,0,0,0,0,0,100,100,0,0,0,0,0,100,100,0,0.000000,0,9888,0.000000,0,0,0,0,432,332,300,32,400,18688,14288,0,0,0,0,432,0,0,0,0,864,9400
1261,W2,4,4,8,8,0,0,0,0,0,0,0,100,100,0,0,0,0,0,100,100,0,0.000000,0,9888,0.000000,0,0,0,0,432,332,300,32,400,18688,14288,0,0,0,0,432,0,0,0,0,917,9400
1262,W2,4,4,8,8,0,0,0,0,0,0,0,100,100,0,0,0,0,0,100,100,0,0.000000,0,9888,0.000000,0,0,0,0,432,332,300,32,400,18688,14288,0,0,0,0,432,0,0,0,0,898,9400
1263,W2,4,4,8,8,0,0,0,0,0,0,0,100,100,0,0,0,0,0,100,100,0,0.000000,0,9888,0.000000,0,0,0,0,432,332,300,32,400,18688,14288,0,0,0,0,432,0,0,0,0,886,9400
1264,W2,4,4,8,8,0,0,0,0,0,0,0,100,100,0,0,0,0,0,100,100,0,0.000000,0,9888,0.000000,0,0,0,0,432,332,300,32,400,18688,14288,0,0,0,0,432,0,0,0,0,879,9400
1265,W2,4,4,8,8,0,0,0,0,0,0,0,100,100,100,0,0,0,0,100,100,100,100.000000,1600,9888,16.181230,10,10,10,10,432,332,300,32,400,18688,14288,0,0,0,0,432,0,0,0,0,832,9400
1266,W2,4,4,8,8,0,0,0,0,0,0,0,100,100,0,0,0,0,0,100,100,0,0.000000,0,9888,0.000000,0,0,0,0,432,332,300,32,400,18688,14288,0,0,0,0,432,0,0,0,0,837,9400
1267,W2,4,4,8,8,0,0,0,0,0,0,0,100,100,0,0,0,0,0,100,100,0,0.000000,0,9888,0.000000,0,0,0,0,432,332,300,32,400,18688,14288,0,0,0,0,432,0,0,0,0,837,9400
1268,W2,4,4,8,8,0,0,0,0,0,0,0,100,100,0,0,0,0,0,100,100,0,0.000000,0,9888,0.000000,0,0,0,0,432,332,300,32,400,18688,14288,0,0,0,0,432,0,0,0,0,888,9400
1269,W2,4,4,8,8,0,0,0,0,0,0,0,100,100,0,0,0,0,0,100,100,0,0.000000,0,9888,0.000000,0,0,0,0,432,332,300,32,400,18688,14288,0,0,0,0,432,0,0,0,0,916,9400
1270,W2,4,4,8,8,0,0,0,0,0,0,0,100,100,0,0,0,0,0,100,100,0,0.000000,0,9888,0.000000,0,0,0,0,432,332,300,32,400,18688,14288,0,0,0,0,432,0,0,0,0,828,9400
1271,W2,4,4,8,8,0,0,0,0,0,0,0,100,100,0,0,0,0,0,100,100,0,0.000000,0,9888,0.000000,0,0,0,0,432,332,300,32,400,18688,14288,0,0,0,0,432,0,0,0,0,853,9400
1272,W2,4,4,8,8,0,0,0,0,0,0,0,100,100,0,0,0,0,0,100,100,0,0.000000,0,9888,0.000000,0,0,0,0,432,332,300,32,400,18688,14288,0,0,0,0,432,0,0,0,0,876,9400
1273,W2,4,4,8,8,0,0,0,0,0,0,0,100,100,0,0,0,0,0,100,100,0,0.000000,0,9888,0.000000,0,0,0,0,432,332,300,32,400,18688,14288,0,0,0,0,432,0,0,0,0,859,9400
1274,W2,4,4,8,8,0,0,0,0,0,0,0,100,100,100,0,0,0,0,100,100,100,100.000000,1600,9888,16.181230,10,10,10,10,432,332,300,32,400,18688,14288,0,0,0,0,432,0,0,0,0,836,9400
1275,W2,4,4,8,8,0,0,0,0,0,0,0,100,100,0,0,0,0,0,100,100,0,0.000000,0,9888,0.000000,0,0,0,0,432,332,300,32,400,18688,14288,0,0,0,0,432,0,0,0,0,887,9400
1276,W2,4,4,8,8,0,0,0,0,0,0,0,100,100,0,0,0,0,0,100,100,0,0.000000,0,9888,0.000000,0,0,0,0,432,332,300,32,400,18688,14288,0,0,0,0,432,0,0,0,0,889,9400
1277,W2,4,4,8,8,0,0,0,0,0,0,0,100,100,0,0,0,0,0,100,100,0,0.000000,0,9888,0.000000,0,0,0,0,432,332,300,32,400,18688,14288,0,0,0,0,432,0,0,0,0,856,9400
1278,W2,4,4,8,8,0,0,0,0,0,0,0,100,100,0,0,0,0,0,100,100,0,0.000000,0,9888,0.000000,0,0,0,0,432,332,300,32,400,18688,14288,0,0,0,0,432,0,0,0,0,887,9400
1279,W2,4,4,8,8,0,0,0,0,0,0,0,100,100,0,0,0,0,0,100,100,0,0.000000,0,9888,0.000000,0,0,0,0,432,332,300,32,400,18688,14288,0,0,0,0,432,0,0,0,0,880,9400
1280,W2,4,4,8,8,0,0,0,0,0,0,0,100,100,0,0,0,0,0,100,100,0,0.000000,0,9888,0.000000,0,0,0,0,432,332,300,32,400,18688,14288,0,0,0,0,432,0,0,0,0,906,9400
1281,W2,4,4,8,8,0,0,0,0,0,0,0,100,100,0,0,0,0,0,100,100,0,0.000000,0,9888,0.000000,0,0,0,0,432,332,300,32,400,18688,14288,0,0,0,0,432,0,0,0,0,855,9400
1282,W2,4,4,8,8,0,0,0,0,0,0,0,100,100,0,0,0,0,0,100,100,0,0.000000,0,9888,0.000000,0,0,0,0,432,332,300,32,400,18688,14288,0,0,0,0,432,0,0,0,0,867,9400
1283,W2,4,4,8,8,0,0,0,0,0,0,0,100,100,100,0,0,0,0,100,100,100,100.000000,1600,9888,16.181230,10,10,10,10,432,332,300,32,400,18688,14288,0,0,0,0,432,0,0,0,0,917,9400
1284,W2,4,4,8,8,0,0,0,0,0,0,0,100,100,0,0,0,0,0,100,100,0,0.000000,0,9888,0.000000,0,0,0,0,432,332,300,32,400,18688,14288,0,0,0,0,432,0,0,0,0,877,9400
1285,W2,4,4,8,8,0,0,0,0,0,0,0,100,100,0,0,0,0,0,100,100,0,0.000000,0,9888,0.000000,0,0,0,0,432,332,300,32,400,18688,14288,0,0,0,0,432,0,0,0,0,874,9400
1286,W2,4,4,8,8,0,0,0,0,0,0,0,100,100,0,0,0,0,0,100,100,0,0.000000,0,9888,0.000000,0,0,0,0,432,332,300,32,400,18688,14288,0,0,0,0,432,0,0,0,0,854,9400
1287,W2,4,4,8,8,0,0,0,0,0,0,0,100,100,0,0,0,0,0,100,100,0,0.000000,0,9888,0.000000,0,0,0,0,432,332,300,32,400,18688,14288,0,0,0,0,432,0,0,0,0,863,9400
1288,W2,4,4,8,8,0,0,0,0,0,0,0,100,100,0,0,0,0,0,100,100,0,0.000000,0,9888,0.000000,0,0,0,0,432,332,300,32,400,18688,14288,0,0,0,0,432,0,0,0,0,874,9400
1289,W2,4,4,8,8,0,0,0,0,0,0,0,100,100,0,0,0,0,0,100,100,0,0.000000,0,9888,0.000000,0,0,0,0,432,332,300,32,400,18688,14288,0,0,0,0,432,0,0,0,0,874,9400
1290,W2,4,4,8,8,0,0,0,0,0,0,0,100,100,0,0,0,0,0,100,100,0,0.000000,0,9888,0.000000,0,0,0,0,432,332,300,32,400,18688,14288,0,0,0,0,432,0,0,0,0,858,9400
1291,W2,4,4,8,8,0,0,0,0,0,0,0,100,100,0,0,0,0,0,100,100,0,0.000000,0,9888,0.000000,0,0,0,0,432,332,300,32,400,18688,14288,0,0,0,0,432,0,0,0,0,872,9400
1292,W2,4,4,8,8,0,0,0,0,0,0,0,100,100,100,0,0,0,0,100,100,100,100.000000,1600,9888,16.181230,10,10,10,10,432,332,300,32,400,18688,14288,0,0,0,0,432,0,0,0,0,954,9400
1293,W2,4,4,8,8,0,0,0,0,0,0,0,100,100,0,0,0,0,0,100,100,0,0.000000,0,9888,0.000000,0,0,0,0,432,332,300,32,400,18688,14288,0,0,0,0,432,0,0,0,0,907,9400
1294,W2,4,4,8,8,0,0,0,0,0,0,0,100,100,0,0,0,0,0,100,100,0,0.000000,0,9888,0.000000,0,0,0,0,432,332,300,32,400,18688,14288,0,0,0,0,432,0,0,0,0,842,9400
1295,W2,4,4,8,8,0,0,0,0,0,0,0,100,100,0,0,0,0,0,100,100,0,0.000000,0,9888,0.000000,0,0,0,0,432,332,300,32,400,18688,14288,0,0,0,0,432,0,0,0,0,844,9400
1296,W2,4,4,8,8,0,0,0,0,0,0,0,100,100,0,0,0,0,0,100,100,0,0.000000,0,9888,0.000000,0,0,0,0,432,332,300,32,400,18688,14288,0,0,0,0,432,0,0,0,0,902,9400
1297,W2,4,4,8,8,0,0,0,0,0,0,0,100,100,0,0,0,0,0,100,100,0,0.000000,0,9888,0.000000,0,0,0,0,432,332,300,32,400,18688,14288,0,0,0,0,432,0,0,0,0,876,9400
1298,W2,4,4,8,8,0,0,0,0,0,0,0,100,100,0,0,0,0,0,100,100,0,0.000000,0,9888,0.000000,0,0,0,0,432,332,300,32,400,18688,14288,0,0,0,0,432,0,0,0,0,837,9400
1299,W2,4,4,8,8,0,0,0,0,0,0,0,100,100,0,0,0,0,0,100,100,0,0.000000,0,9888,0.000000,0,0,0,0,432,332,300,32,400,18688,14288,0,0,0,0,432,0,0,0,0,896,9400
1300,W2,4,4,8,8,0,0,0,0,0,0,0,100,100,0,0,0,0,0,100,100,0,0.000000,0,9888,0.000000,0,0,0,0,432,332,300,32,400,18688,14288,0,0,0,0,432,0,0,0,0,860,9400
1301,W2,4,4,8,8,0,0,0,0,0,0,0,100,100,100,0,0,0,0,100,100,100,100.000000,1600,9888,16.181230,10,10,10,10,432,332,300,32,400,18688,14288,0,0,0,0,432,0,0,0,0,831,9400
1302,W2,4,4,8,8,0,0,0,0,0,0,0,100,100,0,0,0,0,0,100,100,0,0.000000,0,9888,0.000000,0,0,0,0,432,332,300,32,400,18688,14288,0,0,0,0,432,0,0,0,0,880,9400
1303,W2,4,4,8,8,0,0,0,0,0,0,0,100,100,0,0,0,0,0,100,100,0,0.000000,0,9888,0.000000,0,0,0,0,432,332,300,32,400,18688,14288,0,0,0,0,432,0,0,0,0,870,9400
1304,W2,4,4,8,8,0,0,0,0,0,0,0,100,100,0,0,0,0,0,100,100,0,0.000000,0,9888,0.000000,0,0,0,0,432,332,300,32,400,18688,14288,0,0,0,0,432,0,0,0,0,842,9400
1305,W2,4,4,8,8,0,0,0,0,0,0,0,100,100,0,0,0,0,0,100,100,0,0.000000,0,9888,0.000000,0,0,0,0,432,332,300,32,400,18688,14288,0,0,0,0,432,0,0,0,0,892,9400
1306,W2,4,4,8,8,0,0,0,0,0,0,0,100,100,0,0,0,0,0,100,100,0,0.000000,0,9888,0.000000,0,0,0,0,432,332,300,32,400,18688,14288,0,0,0,0,432,0,0,0,0,873,9400
1307,W2,4,4,8,8,0,0,0,0,0,0,0,100,100,0,0,0,0,0,100,100,0,0.000000,0,9888,0.000000,0,0,0,0,432,332,300,32,400,18688,14288,0,0,0,0,432,0,0,0,0,874,9400
1308,W2,4,4,8,8,0,0,0,0,0,0,0,100,100,0,0,0,0,0,100,100,0,0.000000,0,9888,0.000000,0,0,0,0,432,332,300,32,400,18688,14288,0,0,0,0,432,0,0,0,0,872,9400
1309,W2,4,4,8,8,0,0,0,0,0,0,0,100,100,0,0,0,0,0,100,100,0,0.000000,0,9888,0.000000,0,0,0,0,432,332,300,32,400,18688,14288,0,0,0,0,432,0,0,0,0,900,9400
1310,W2,4,4,8,8,0,0,0,0,0,0,0,100,100,100,0,0,0,0,100,100,100,100.000000,1600,9888,16.181230,10,10,10,10,432,332,300,32,400,18688,14288,0,0,0,0,432,0,0,0,0,846,9400
1311,W2,4,4,8,8,0,0,0,0,0,0,0,100,100,0,0,0,0,0,100,100,0,0.000000,0,9888,0.000000,0,0,0,0,432,332,300,32,400,18688,14288,0,0,0,0,432,0,0,0,0,871,9400
1312,W2,4,4,8,8,0,0,0,0,0,0,0,100,100,0,0,0,0,0,100,100,0,0.000000,0,9888,0.000000,0,0,0,0,432,332,300,32,400,18688,14288,0,0,0,0,432,0,0,0,0,852,9400
1313,W2,4,4,8,8,0,0,0,0,0,0,0,100,100,0,0,0,0,0,100,100,0,0.000000,0,9888,0.000000,0,0,0,0,432,332,300,32,400,18688,14288,0,0,0,0,432,0,0,0,0,856,9400
1314,W2,4,4,8,8,0,0,0,0,0,0,0,100,100,0,0,0,0,0,100,100,0,0.000000,0,9888,0.000000,0,0,0,0,432,332,300,32,400,18688,14288,0,0,0,0,432,0,0,0,0,862,9400
1315,W2,4,4,8,8,0,0,0,0,0,0,0,100,100,0,0,0,0,0,100,100,0,0.000000,0,9888,0.000000,0,0,0,0,432,332,300,32,400,18688,14288,0,0,0,0,432,0,0,0,0,1040,9400
1316,W2,4,4,8,8,0,0,0,0,0,0,0,100,100,0,0,0,0,0,100,100,0,0.000000,0,9888,0.000000,0,0,0,0,432,332,300,32,400,18688,14288,0,0,0,0,432,0,0,0,0,879,9400
1317,W2,4,4,8,8,0,0,0,0,0,0,0,100,100,0,0,0,0,0,100,100,0,0.000000,0,9888,0.000000,0,0,0,0,432,332,300,32,400,18688,14288,0,0,0,0,432,0,0,0,0,828,9400
1318,W2,4,4,8,8,0,0,0,0,0,0,0,100,100,0,0,0,0,0,100,100,0,0.000000,0,9888,0.000000,0,0,0,0,432,332,300,32,400,18688,14288,0,0,0,0,432,0,0,0,0,887,9400
1319,W2,4,4,8,8,0,0,0,0,0,0,0,100,100,100,0,0,0,0,100,100,100,100.000000,1600,9888,16.181230,10,10,10,10,432,332,300,32,400,18688,14288,0,0,0,0,432,0,0,0,0,980,9400
1320,W2,4,4,8,8,0,0,0,0,0,0,0,100,100,0,0,0,0,0,100,100,0,0.000000,0,9888,0.000000,0,0,0,0,432,332,300,32,400,18688,14288,0,0,0,0,432,0,0,0,0,929,9400
1321,W2,4,4,8,8,0,0,0,0,0,0,0,100,100,0,0,0,0,0,100,100,0,0.000000,0,9888,0.000000,0,0,0,0,432,332,300,32,400,18688,14288,0,0,0,0,432,0,0,0,0,888,9400
1322,W2,4,4,8,8,0,0,0,0,0,0,0,100,100,0,0,0,0,0,100,100,0,0.000000,0,9888,0.000000,0,0,0,0,432,332,300,32,400,18688,14288,0,0,0,0,432,0,0,0,0,846,9400
1323,W2,4,4,8,8,0,0,0,0,0,0,0,100,100,0,0,0,0,0,100,100,0,0.000000,0,9888,0.000000,0,0,0,0,432,332,300,32,400,18688,14288,0,0,0,0,432,0,0,0,0,875,9400
1324,W2,4,4,8,8,0,0,0,0,0,0,0,100,100,0,0,0,0,0,100,100,0,0.000000,0,9888,0.000000,0,0,0,0,432,332,300,32,400,18688,14288,0,0,0,0,432,0,0,0,0,870,9400
1325,W2,4,4,8,8,0,0,0,0,0,0,0,100,100,0,0,0,0,0,100,100,0,0.000000,0,9888,0.000000,0,0,0,0,432,332,300,32,400,18688,14288,0,0,0,0,432,0,0,0,0,905,9400
1326,W2,4,4,8,8,0,0,0,0,0,0,0,100,100,0,0,0,0,0,100,100,0,0.000000,0,9888,0.000000,0,0,0,0,432,332,300,32,400,18688,14288,0,0,0,0,432,0,0,0,0,909,9400
1327,W2,4,4,8,8,0,0,0,0,0,0,0,100,100,0,0,0,0,0,100,100,0,0.000000,0,9888,0.000000,0,0,0,0,432,332,300,32,400,18688,14288,0,0,0,0,432,0,0,0,0,853,9400
1328,W2,4,4,8,8,0,0,0,0,0,0,0,100,100,100,0,0,0,0,100,100,100,100.000000,1600,9888,16.181230,10,10,10,10,432,332,300,32,400,18688,14288,0,0,0,0,432,0,0,0,0,924,9400
1329,W2,4,4,8,8,0,0,0,0,0,0,0,100,100,0,0,0,0,0,100,100,0,0.000000,0,9888,0.000000,0,0,0,0,432,332,300,32,400,18688,14288,0,0,0,0,432,0,0,0,0,964,9400
1330,W2,4,4,8,8,0,0,0,0,0,0,0,100,100,0,0,0,0,0,100,100,0,0.000000,0,9888,0.000000,0,0,0,0,432,332,300,32,400,18688,14288,0,0,0,0,432,0,0,0,0,931,9400
1331,W2,4,4,8,8,0,0,0,0,0,0,0,100,100,0,0,0,0,0,100,100,0,0.000000,0,9888,0.000000,0,0,0,0,432,332,300,32,400,18688,14288,0,0,0,0,432,0,0,0,0,857,9400
1332,W2,4,4,8,8,0,0,0,0,0,0,0,100,100,0,0,0,0,0,100,100,0,0.000000,0,9888,0.000000,0,0,0,0,432,332,300,32,400,18688,14288,0,0,0,0,432,0,0,0,0,885,9400
1333,W2,4,4,8,8,0,0,0,0,0,0,0,100,100,0,0,0,0,0,100,100,0,0.000000,0,9888,0.000000,0,0,0,0,432,332,300,32,400,18688,14288,0,0,0,0,432,0,0,0,0,909,9400
1334,W2,4,4,8,8,0,0,0,0,0,0,0,100,100,0,0,0,0,0,100,100,0,0.000000,0,9888,0.000000,0,0,0,0,432,332,300,32,400,18688,14288,0,0,0,0,432,0,0,0,0,883,9400
1335,W2,4,4,8,8,0,0,0,0,0,0,0,100,100,0,0,0,0,0,100,100,0,0.000000,0,9888,0.000000,0,0,0,0,432,332,300,32,400,18688,14288,0,0,0,0,432,0,0,0,0,897,9400
1336,W2,4,4,8,8,0,0,0,0,0,0,0,100,100,0,0,0,0,0,100,100,0,0.000000,0,9888,0.000000,0,0,0,0,432,332,300,32,400,18688,14288,0,0,0,0,432,0,0,0,0,959,9400
1337,W2,4,4,8,8,0,0,0,0,0,0,0,100,100,100,0,0,0,0,100,100,100,100.000000,1600,9888,16.181230,10,10,10,10,432,332,300,32,400,18688,14288,0,0,0,0,432,0,0,0,0,911,9400
1338,W2,4,4,8,8,0,0,0,0,0,0,0,100,100,0,0,0,0,0,100,100,0,0.000000,0,9888,0.000000,0,0,0,0,432,332,300,32,400,18688,14288,0,0,0,0,432,0,0,0,0,882,9400
1339,W2,4,4,8,8,0,0,0,0,0,0,0,100,100,0,0,0,0,0,100,100,0,0.000000,0,9888,0.000000,0,0,0,0,432,332,300,32,400,18688,14288,0,0,0,0,432,0,0,0,0,949,9400
1340,W2,4,4,8,8,0,0,0,0,0,0,0,100,100,0,0,0,0,0,100,100,0,0.000000,0,9888,0.000000,0,0,0,0,432,332,300,32,400,18688,14288,0,0,0,0,432,0,0,0,0,851,9400
1341,W2,4,4,8,8,0,0,0,0,0,0,0,100,100,0,0,0,0,0,100,100,0,0.000000,0,9888,0.000000,0,0,0,0,432,332,300,32,400,18688,14288,0,0,0,0,432,0,0,0,0,862,9400
1342,W2,4,4,8,8,0,0,0,0,0,0,0,100,100,0,0,0,0,0,100,100,0,0.000000,0,9888,0.000000,0,0,0,0,432,332,300,32,400,18688,14288,0,0,0,0,432,0,0,0,0,851,9400
1343,W2,4,4,8,8,0,0,0,0,0,0,0,100,100,0,0,0,0,0,100,100,0,0.000000,0,9888,0.000000,0,0,0,0,432,332,300,32,400,18688,14288,0,0,0,0,432,0,0,0,0,909,9400
1344,W2,4,4,8,8,0,0,0,0,0,0,0,100,100,0,0,0,0,0,100,100,0,0.000000,0,9888,0.000000,0,0,0,0,432,332,300,32,400,18688,14288,0,0,0,0,432,0,0,0,0,871,9400
1345,W2,4,4,8,8,0,0,0,0,0,0,0,100,100,0,0,0,0,0,100,100,0,0.000000,0,9888,0.000000,0,0,0,0,432,332,300,32,400,18688,14288,0,0,0,0,432,0,0,0,0,838,9400
1346,W2,4,4,8,8,0,0,0,0,0,0,0,100,100,100,0,0,0,0,100,100,100,100.000000,1600,9888,16.181230,10,10,10,10,432,332,300,32,400,18688,14288,0,0,0,0,432,0,0,0,0,899,9400
1347,W2,4,4,8,8,0,0,0,0,0,0,0,100,100,0,0,0,0,0,100,100,0,0.000000,0,9888,0.000000,0,0,0,0,432,332,300,32,400,18688,14288,0,0,0,0,432,0,0,0,0,877,9400
1348,W2,4,4,8,8,0,0,0,0,0,0,0,100,100,0,0,0,0,0,100,100,0,0.000000,0,9888,0.000000,0,0,0,0,432,332,300,32,400,18688,14288,0,0,0,0,432,0,0,0,0,874,9400
1349,W2,4,4,8,8,0,0,0,0,0,0,0,100,100,0,0,0,0,0,100,100,0,0.000000,0,9888,0.000000,0,0,0,0,432,332,300,32,400,18688,14288,0,0,0,0,432,0,0,0,0,901,9400
1350,W2,4,4,8,8,0,0,0,0,0,0,0,100,100,0,0,0,0,0,100,100,0,0.000000,0,9888,0.000000,0,0,0,0,432,332,300,32,400,18688,14288,0,0,0,0,432,0,0,0,0,920,9400
1351,W2,4,4,8,8,0,0,0,0,0,0,0,100,100,0,0,0,0,0,100,100,0,0.000000,0,9888,0.000000,0,0,0,0,432,332,300,32,400,18688,14288,0,0,0,0,432,0,0,0,0,852,9400
1352,W2,4,4,8,8,0,0,0,0,0,0,0,100,100,0,0,0,0,0,100,100,0,0.000000,0,9888,0.000000,0,0,0,0,432,332,300,32,400,18688,14288,0,0,0,0,432,0,0,0,0,863,9400
1353,W2,4,4,8,8,0,0,0,0,0,0,0,100,100,0,0,0,0,0,100,100,0,0.000000,0,9888,0.000000,0,0,0,0,432,332,300,32,400,18688,14288,0,0,0,0,432,0,0,0,0,850,9400
1354,W2,4,4,8,8,0,0,0,0,0,0,0,100,100,0,0,0,0,0,100,100,0,0.000000,0,9888,0.000000,0,0,0,0,432,332,300,32,400,18688,14288,0,0,0,0,432,0,0,0,0,898,9400
1355,W2,4,4,8,8,0,0,0,0,0,0,0,100,100,100,0,0,0,0,100,100,100,100.000000,1600,9888,16.181230,10,10,10,10,432,332,300,32,400,18688,14288,0,0,0,0,432,0,0,0,0,851,9400
1356,W2,4,4,8,8,0,0,0,0,0,0,0,100,100,0,0,0,0,0,100,100,0,0.000000,0,9888,0.000000,0,0,0,0,432,332,300,32,400,18688,14288,0,0,0,0,432,0,0,0,0,858,9400
1357,W2,4,4,8,8,0,0,0,0,0,0,0,100,100,0,0,0,0,0,100,100,0,0.000000,0,9888,0.000000,0,0,0,0,432,332,300,32,400,18688,14288,0,0,0,0,432,0,0,0,0,911,9400
1358,W2,4,4,8,8,0,0,0,0,0,0,0,100,100,0,0,0,0,0,100,100,0,0.000000,0,9888,0.000000,0,0,0,0,432,332,300,32,400,18688,14288,0,0,0,0,432,0,0,0,0,931,9400
1359,W2,4,4,8,8,0,0,0,0,0,0,0,100,100,0,0,0,0,0,100,100,0,0.000000,0,9888,0.000000,0,0,0,0,432,332,300,32,400,18688,14288,0,0,0,0,432,0,0,0,0,902,9400
1360,W2,4,4,8,8,0,0,0,0,0,0,0,100,100,0,0,0,0,0,100,100,0,0.000000,0,9888,0.000000,0,0,0,0,432,332,300,32,400,18688,14288,0,0,0,0,432,0,0,0,0,938,9400
1361,W2,4,4,8,8,0,0,0,0,0,0,0,100,100,0,0,0,0,0,100,100,0,0.000000,0,9888,0.000000,0,0,0,0,432,332,300,32,400,18688,14288,0,0,0,0,432,0,0,0,0,921,9400
1362,W2,4,4,8,8,0,0,0,0,0,0,0,100,100,0,0,0,0,0,100,100,0,0.000000,0,9888,0.000000,0,0,0,0,432,332,300,32,400,18688,14288,0,0,0,0,432,0,0,0,0,922,9400
1363,W2,4,4,8,8,0,0,0,0,0,0,0,100,100,0,0,0,0,0,100,100,0,0.000000,0,9888,0.000000,0,0,0,0,432,332,300,32,400,18688,14288,0,0,0,0,432,0,0,0,0,858,9400
1364,W2,4,4,8,8,0,0,0,0,0,0,0,100,100,100,0,0,0,0,100,100,100,100.000000,1600,9888,16.181230,10,10,10,10,432,332,300,32,400,18688,14288,0,0,0,0,432,0,0,0,0,878,9400
1365,W2,4,4,8,8,0,0,0,0,0,0,0,100,100,0,0,0,0,0,100,100,0,0.000000,0,9888,0.000000,0,0,0,0,432,332,300,32,400,18688,14288,0,0,0,0,432,0,0,0,0,864,9400
1366,W2,1,1,5,5,0,0,0,0,0,0,0,100,100,0,0,0,0,0,100,100,0,0.000000,0,9072,0.000000,0,0,0,0,108,8,0,8,100,4672,272,0,0,0,0,108,0,0,0,0,338,9400
1367,W2,1,1,5,5,0,0,0,0,0,0,0,100,100,0,0,0,0,0,100,100,0,0.000000,0,9072,0.000000,0,0,0,0,108,8,0,8,100,4672,272,0,0,0,0,108,0,0,0,0,297,9400
1368,W2,1,1,5,5,0,0,0,0,0,0,0,100,100,0,0,0,0,0,100,100,0,0.000000,0,9072,0.000000,0,0,0,0,108,8,0,8,100,4672,272,0,0,0,0,108,0,0,0,0,297,9400
1369,W2,1,1,5,5,0,0,0,0,0,0,0,100,100,0,0,0,0,0,100,100,0,0.000000,0,9072,0.000000,0,0,0,0,108,8,0,8,100,4672,272,0,0,0,0,108,0,0,0,0,292,9400
1370,W2,1,1,5,5,0,0,0,0,0,0,0,100,100,0,0,0,0,0,100,100,0,0.000000,0,9072,0.000000,0,0,0,0,108,8,0,8,100,4672,272,0,0,0,0,108,0,0,0,0,307,9400
1371,W2,1,1,5,5,0,0,0,0,0,0,0,100,100,0,0,0,0,0,100,100,0,0.000000,0,9072,0.000000,0,0,0,0,108,8,0,8,100,4672,272,0,0,0,0,108,0,0,0,0,357,9400
1372,W2,1,1,5,5,0,0,0,0,0,0,0,100,100,0,0,0,0,0,100,100,0,0.000000,0,9072,0.000000,0,0,0,0,108,8,0,8,100,4672,272,0,0,0,0,108,0,0,0,0,298,9400
1373,W2,1,1,5,5,0,0,0,0,0,0,0,100,100,100,0,0,0,0,100,100,100,100.000000,1600,9072,17.636684,10,10,10,10,108,8,0,8,100,4672,272,0,0,0,0,108,0,0,0,0,369,9400
1374,W2,1,1,5,5,0,0,0,0,0,0,0,100,100,0,0,0,0,0,100,100,0,0.000000,0,9072,0.000000,0,0,0,0,108,8,0,8,100,4672,272,0,0,0,0,108,0,0,0,0,294,9400
1375,W2,1,1,5,5,0,0,0,0,0,0,0,100,100,0,0,0,0,0,100,100,0,0.000000,0,9072,0.000000,0,0,0,0,108,8,0,8,100,4672,272,0,0,0,0,108,0,0,0,0,297,9400
1376,W2,1,1,5,5,0,0,0,0,0,0,0,100,100,0,0,0,0,0,100,100,0,0.000000,0,9072,0.000000,0,0,0,0,108,8,0,8,100,4672,272,0,0,0,0,108,0,0,0,0,288,9400
1377,W2,1,1,5,5,0,0,0,0,0,0,0,100,100,0,0,0,0,0,100,100,0,0.000000,0,9072,0.000000,0,0,0,0,108,8,0,8,100,4672,272,0,0,0,0,108,0,0,0,0,321,9400
1378,W2,1,1,5,5,0,0,0,0,0,0,0,100,100,0,0,0,0,0,100,100,0,0.000000,0,9072,0.000000,0,0,0,0,108,8,0,8,100,4672,272,0,0,0,0,108,0,0,0,0,285,9400
1379,W2,1,1,5,5,0,0,0,0,0,0,0,100,100,0,0,0,0,0,100,100,0,0.000000,0,9072,0.000000,0,0,0,0,108,8,0,8,100,4672,272,0,0,0,0,108,0,0,0,0,306,9400
1380,W2,1,1,5,5,0,0,0,0,0,0,0,100,100,0,0,0,0,0,100,100,0,0.000000,0,9072,0.000000,0,0,0,0,108,8,0,8,100,4672,272,0,0,0,0,108,0,0,0,0,283,9400
1381,W2,1,1,5,5,0,0,0,0,0,0,0,100,100,0,0,0,0,0,100,100,0,0.000000,0,9072,0.000000,0,0,0,0,108,8,0,8,100,4672,272,0,0,0,0,108,0,0,0,0,311,9400
1382,W2,1,1,5,5,0,0,0,0,0,0,0,100,100,100,0,0,0,0,100,100,100,100.000000,1600,9072,17.636684,10,10,10,10,108,8,0,8,100,4672,272,0,0,0,0,108,0,0,0,0,290,9400
1383,W2,1,1,5,5,0,0,0,0,0,0,0,100,100,0,0,0,0,0,100,100,0,0.000000,0,9072,0.000000,0,0,0,0,108,8,0,8,100,4672,272,0,0,0,0,108,0,0,0,0,303,9400
1384,W2,1,1,5,5,0,0,0,0,0,0,0,100,100,0,0,0,0,0,100,100,0,0.000000,0,9072,0.000000,0,0,0,0,108,8,0,8,100,4672,272,0,0,0,0,108,0,0,0,0,332,9400
1385,W2,1,1,5,5,0,0,0,0,0,0,0,100,100,0,0,0,0,0,100,100,0,0.000000,0,9072,0.000000,0,0,0,0,108,8,0,8,100,4672,272,0,0,0,0,108,0,0,0,0,289,9400
1386,W2,1,1,5,5,0,0,0,0,0,0,0,100,100,0,0,0,0,0,100,100,0,0.000000,0,9072,0.000000,0,0,0,0,108,8,0,8,100,4672,272,0,0,0,0,108,0,0,0,0,289,9400
1387,W2,1,1,5,5,0,0,0,0,0,0,0,100,100,0,0,0,0,0,100,100,0,0.000000,0,9072,0.000000,0,0,0,0,108,8,0,8,100,4672,272,0,0,0,0,108,0,0,0,0,307,9400
1388,W2,1,1,5,5,0,0,0,0,0,0,0,100,100,0,0,0,0,0,100,100,0,0.000000,0,9072,0.000000,0,0,0,0,108,8,0,8,100,4672,272,0,0,0,0,108,0,0,0,0,294,9400
1389,W2,1,1,5,5,0,0,0,0,0,0,0,100,100,0,0,0,0,0,100,100,0,0.000000,0,9072,0.000000,0,0,0,0,108,8,0,8,100,4672,272,0,0,0,0,108,0,0,0,0,340,9400
1390,W2,1,1,5,5,0,0,0,0,0,0,0,100,100,0,0,0,0,0,100,100,0,0.000000,0,9072,0.000000,0,0,0,0,108,8,0,8,100,4672,272,0,0,0,0,108,0,0,0,0,295,9400
1391,W2,1,1,5,5,0,0,0,0,0,0,0,100,100,100,0,0,0,0,100,100,100,100.000000,1600,9072,17.636684,10,10,10,10,108,8,0,8,100,4672,272,0,0,0,0,108,0,0,0,0,349,9400
1392,W2,1,1,5,5,0,0,0,0,0,0,0,100,100,0,0,0,0,0,100,100,0,0.000000,0,9072,0.000000,0,0,0,0,108,8,0,8,100,4672,272,0,0,0,0,108,0,0,0,0,315,9400
1393,W2,1,1,5,5,0,0,0,0,0,0,0,100,100,0,0,0,0,0,100,100,0,0.000000,0,9072,0.000000,0,0,0,0,108,8,0,8,100,4672,272,0,0,0,0,108,0,0,0,0,305,9400
1394,W2,1,1,5,5,0,0,0,0,0,0,0,100,100,0,0,0,0,0,100,100,0,0.000000,0,9072,0.000000,0,0,0,0,108,8,0,8,100,4672,272,0,0,0,0,108,0,0,0,0,300,9400
1395,W2,1,1,5,5,0,0,0,0,0,0,0,100,100,0,0,0,0,0,100,100,0,0.000000,0,9072,0.000000,0,0,0,0,108,8,0,8,100,4672,272,0,0,0,0,108,0,0,0,0,349,9400
1396,W2,1,1,5,5,0,0,0,0,0,0,0,100,100,0,0,0,0,0,100,100,0,0.000000,0,9072,0.000000,0,0,0,0,108,8,0,8,100,4672,272,0,0,0,0,108,0,0,0,0,342,9400
1397,W2,1,1,5,5,0,0,0,0,0,0,0,100,100,0,0,0,0,0,100,100,0,0.000000,0,9072,0.000000,0,0,0,0,108,8,0,8,100,4672,272,0,0,0,0,108,0,0,0,0,351,9400
1398,W2,1,1,5,5,0,0,0,0,0,0,0,100,100,0,0,0,0,0,100,100,0,0.000000,0,9072,0.000000,0,0,0,0,108,8,0,8,100,4672,272,0,0,0,0,108,0,0,0,0,295,9400
1399,W2,1,1,5,5,0,0,0,0,0,0,0,100,100,0,0,0,0,0,100,100,0,0.000000,0,9072,0.000000,0,0,0,0,108,8,0,8,100,4672,272,0,0,0,0,108,0,0,0,0,290,9400
1400,W2,1,1,5,5,0,0,0,0,0,0,0,100,100,100,0,0,0,0,100,100,100,100.000000,1600,9072,17.636684,10,10,10,10,108,8,0,8,100,4672,272,0,0,0,0,108,0,0,0,0,290,9400
1401,W2,1,1,5,5,0,0,0,0,0,0,0,100,100,0,0,0,0,0,100,100,0,0.000000,0,9072,0.000000,0,0,0,0,108,8,0,8,100,4672,272,0,0,0,0,108,0,0,0,0,289,9400
1402,W2,1,1,5,5,0,0,0,0,0,0,0,100,100,0,0,0,0,0,100,100,0,0.000000,0,9072,0.000000,0,0,0,0,108,8,0,8,100,4672,272,0,0,0,0,108,0,0,0,0,368,9400
1403,W2,1,1,5,5,0,0,0,0,0,0,0,100,100,0,0,0,0,0,100,100,0,0.000000,0,9072,0.000000,0,0,0,0,108,8,0,8,100,4672,272,0,0,0,0,108,0,0,0,0,324,9400
1404,W2,1,1,5,5,0,0,0,0,0,0,0,100,100,0,0,0,0,0,100,100,0,0.000000,0,9072,0.000000,0,0,0,0,108,8,0,8,100,4672,272,0,0,0,0,108,0,0,0,0,308,9400
1405,W2,1,1,5,5,0,0,0,0,0,0,0,100,100,0,0,0,0,0,100,100,0,0.000000,0,9072,0.000000,0,0,0,0,108,8,0,8,100,4672,272,0,0,0,0,108,0,0,0,0,307,9400
1406,W2,1,1,5,5,0,0,0,0,0,0,0,100,100,0,0,0,0,0,100,100,0,0.000000,0,9072,0.000000,0,0,0,0,108,8,0,8,100,4672,272,0,0,0,0,108,0,0,0,0,296,9400
1407,W2,1,1,5,5,0,0,0,0,0,0,0,100,100,0,0,0,0,0,100,100,0,0.000000,0,9072,0.000000,0,0,0,0,108,8,0,8,100,4672,272,0,0,0,0,108,0,0,0,0,315,9400
1408,W2,1,1,5,5,0,0,0,0,0,0,0,100,100,0,0,0,0,0,100,100,0,0.000000,0,9072,0.000000,0,0,0,0,108,8,0,8,100,4672,272,0,0,0,0,108,0,0,0,0,318,9400
1409,W2,1,1,5,5,0,0,0,0,0,0,0,100,100,100,0,0,0,0,100,100,100,100.000000,1600,9072,17.636684,10,10,10,10,108,8,0,8,100,4672,272,0,0,0,0,108,0,0,0,0,293,9400
1410,W2,1,1,5,5,0,0,0,0,0,0,0,100,100,0,0,0,0,0,100,100,0,0.000000,0,9072,0.000000,0,0,0,0,108,8,0,8,100,4672,272,0,0,0,0,108,0,0,0,0,309,9400
1411,W2,1,1,5,5,0,0,0,0,0,0,0,100,100,0,0,0,0,0,100,100,0,0.000000,0,9072,0.000000,0,0,0,0,108,8,0,8,100,4672,272,0,0,0,0,108,0,0,0,0,285,9400
1412,W2,1,1,5,5,0,0,0,0,0,0,0,100,100,0,0,0,0,0,100,100,0,0.000000,0,9072,0.000000,0,0,0,0,108,8,0,8,100,4672,272,0,0,0,0,108,0,0,0,0,288,9400
1413,W2,1,1,5,5,0,0,0,0,0,0,0,100,100,0,0,0,0,0,100,100,0,0.000000,0,9072,0.000000,0,0,0,0,108,8,0,8,100,4672,272,0,0,0,0,108,0,0,0,0,287,9400
1414,W2,1,1,5,5,0,0,0,0,0,0,0,100,100,0,0,0,0,0,100,100,0,0.000000,0,9072,0.000000,0,0,0,0,108,8,0,8,100,4672,272,0,0,0,0,108,0,0,0,0,301,9400
1415,W2,1,1,5,5,0,0,0,0,0,0,0,100,100,0,0,0,0,0,100,100,0,0.000000,0,9072,0.000000,0,0,0,0,108,8,0,8,100,4672,272,0,0,0,0,108,0,0,0,0,289,9400
1416,W2,1,1,5,5,0,0,0,0,0,0,0,100,100,0,0,0,0,0,100,100,0,0.000000,0,9072,0.000000,0,0,0,0,108,8,0,8,100,4672,272,0,0,0,0,108,0,0,0,0,316,9400
1417,W2,1,1,5,5,0,0,0,0,0,0,0,100,100,0,0,0,0,0,100,100,0,0.000000,0,9072,0.000000,0,0,0,0,108,8,0,8,100,4672,272,0,0,0,0,108,0,0,0,0,302,9400
1418,W2,1,1,5,5,0,0,0,0,0,0,0,100,100,100,0,0,0,0,100,100,100,100.000000,1600,9072,17.636684,10,10,10,10,108,8,0,8,100,4672,272,0,0,0,0,108,0,0,0,0,315,9400
1419,W2,1,1,5,5,0,0,0,0,0,0,0,100,100,0,0,0,0,0,100,100,0,0.000000,0,9072,0.000000,0,0,0,0,108,8,0,8,100,4672,272,0,0,0,0,108,0,0,0,0,288,9400
1420,W2,1,1,5,5,0,0,0,0,0,0,0,100,100,0,0,0,0,0,100,100,0,0.000000,0,9072,0.000000,0,0,0,0,108,8,0,8,100,4672,272,0,0,0,0,108,0,0,0,0,301,9400
1421,W2,1,1,5,5,0,0,0,0,0,0,0,100,100,0,0,0,0,0,100,100,0,0.000000,0,9072,0.000000,0,0,0,0,108,8,0,8,100,4672,272,0,0,0,0,108,0,0,0,0,282,9400
1422,W2,1,1,5,5,0,0,0,0,0,0,0,100,100,0,0,0,0,0,100,100,0,0.000000,0,9072,0.000000,0,0,0,0,108,8,0,8,100,4672,272,0,0,0,0,108,0,0,0,0,292,9400
1423,W2,1,1,5,5,0,0,0,0,0,0,0,100,100,0,0,0,0,0,100,100,0,0.000000,0,9072,0.000000,0,0,0,0,108,8,0,8,100,4672,272,0,0,0,0,108,0,0,0,0,287,9400
1424,W2,1,1,5,5,0,0,0,0,0,0,0,100,100,0,0,0,0,0,100,100,0,0.000000,0,9072,0.000000,0,0,0,0,108,8,0,8,100,4672,272,0,0,0,0,108,0,0,0,0,333,9400
1425,W2,1,1,5,5,0,0,0,0,0,0,0,100,100,0,0,0,0,0,100,100,0,0.000000,0,9072,0.000000,0,0,0,0,108,8,0,8,100,4672,272,0,0,0,0,108,0,0,0,0,295,9400
1426,W2,1,1,5,5,0,0,0,0,0,0,0,100,100,0,0,0,0,0,100,100,0,0.000000,0,9072,0.000000,0,0,0,0,108,8,0,8,100,4672,272,0,0,0,0,108,0,0,0,0,314,9400
1427,W2,1,1,5,5,0,0,0,0,0,0,0,100,100,100,0,0,0,0,100,100,100,100.000000,1600,9072,17.636684,10,10,10,10,108,8,0,8,100,4672,272,0,0,0,0,108,0,0,0,0,292,9400
1428,W2,1,1,5,5,0,0,0,0,0,0,0,100,100,0,0,0,0,0,100,100,0,0.000000,0,9072,0.000000,0,0,0,0,108,8,0,8,100,4672,272,0,0,0,0,108,0,0,0,0,293,9400
1429,W2,1,1,5,5,0,0,0,0,0,0,0,100,100,0,0,0,0,0,100,100,0,0.000000,0,9072,0.000000,0,0,0,0,108,8,0,8,100,4672,272,0,0,0,0,108,0,0,0,0,283,9400
1430,W2,1,1,5,5,0,0,0,0,0,0,0,100,100,0,0,0,0,0,100,100,0,0.000000,0,9072,0.000000,0,0,0,0,108,8,0,8,100,4672,272,0,0,0,0,108,0,0,0,0,298,9400
1431,W2,1,1,5,5,0,0,0,0,0,0,0,100,100,0,0,0,0,0,100,100,0,0.000000,0,9072,0.000000,0,0,0,0,108,8,0,8,100,4672,272,0,0,0,0,108,0,0,0,0,349,9400
1432,W2,1,1,5,5,0,0,0,0,0,0,0,100,100,0,0,0,0,0,100,100,0,0.000000,0,9072,0.000000,0,0,0,0,108,8,0,8,100,4672,272,0,0,0,0,108,0,0,0,0,301,9400
1433,W2,1,1,5,5,0,0,0,0,0,0,0,100,100,0,0,0,0,0,100,100,0,0.000000,0,9072,0.000000,0,0,0,0,108,8,0,8,100,4672,272,0,0,0,0,108,0,0,0,0,291,9400
1434,W2,1,1,5,5,0,0,0,0,0,0,0,100,100,0,0,0,0,0,100,100,0,0.000000,0,9072,0.000000,0,0,0,0,108,8,0,8,100,4672,272,0,0,0,0,108,0,0,0,0,306,9400
1435,W2,1,1,5,5,0,0,0,0,0,0,0,100,100,0,0,0,0,0,100,100,0,0.000000,0,9072,0.000000,0,0,0,0,108,8,0,8,100,4672,272,0,0,0,0,108,0,0,0,0,300,9400
1436,W2,1,1,5,5,0,0,0,0,0,0,0,100,100,100,0,0,0,0,100,100,100,100.000000,1600,9072,17.636684,10,10,10,10,108,8,0,8,100,4672,272,0,0,0,0,108,0,0,0,0,343,9400
1437,W2,1,1,5,5,0,0,0,0,0,0,0,100,100,0,0,0,0,0,100,100,0,0.000000,0,9072,0.000000,0,0,0,0,108,8,0,8,100,4672,272,0,0,0,0,108,0,0,0,0,345,9400
1438,W2,1,1,5,5,0,0,0,0,0,0,0,100,100,0,0,0,0,0,100,100,0,0.000000,0,9072,0.000000,0,0,0,0,108,8,0,8,100,4672,272,0,0,0,0,108,0,0,0,0,339,9400
1439,W2,1,1,5,5,0,0,0,0,0,0,0,100,100,0,0,0,0,0,100,100,0,0.000000,0,9072,0.000000,0,0,0,0,108,8,0,8,100,4672,272,0,0,0,0,108,0,0,0,0,290,9400
1440,W2,1,1,5,5,0,0,0,0,0,0,0,100,100,0,0,0,0,0,100,100,0,0.000000,0,9072,0.000000,0,0,0,0,108,8,0,8,100,4672,272,0,0,0,0,108,0,0,0,0,311,9400
1441,W2,1,1,5,5,0,0,0,0,0,0,0,100,100,0,0,0,0,0,100,100,0,0.000000,0,9072,0.000000,0,0,0,0,108,8,0,8,100,4672,272,0,0,0,0,108,0,0,0,0,284,9400
1442,W2,1,1,5,5,0,0,0,0,0,0,0,100,100,0,0,0,0,0,100,100,0,0.000000,0,9072,0.000000,0,0,0,0,108,8,0,8,100,4672,272,0,0,0,0,108,0,0,0,0,294,9400
1443,W2,1,1,5,5,0,0,0,0,0,0,0,100,100,0,0,0,0,0,100,100,0,0.000000,0,9072,0.000000,0,0,0,0,108,8,0,8,100,4672,272,0,0,0,0,108,0,0,0,0,290,9400
1444,W2,1,1,5,5,0,0,0,0,0,0,0,100,100,0,0,0,0,0,100,100,0,0.000000,0,9072,0.000000,0,0,0,0,108,8,0,8,100,4672,272,0,0,0,0,108,0,0,0,0,294,9400
1445,W2,1,1,5,5,0,0,0,0,0,0,0,100,100,100,0,0,0,0,100,100,100,100.000000,1600,9072,17.636684,10,10,10,10,108,8,0,8,100,4672,272,0,0,0,0,108,0,0,0,0,342,9400
1446,W2,1,1,5,5,0,0,0,0,0,0,0,100,100,0,0,0,0,0,100,100,0,0.000000,0,9072,0.000000,0,0,0,0,108,8,0,8,100,4672,272,0,0,0,0,108,0,0,0,0,299,9400
1447,W2,1,1,5,5,0,0,0,0,0,0,0,100,100,0,0,0,0,0,100,100,0,0.000000,0,9072,0.000000,0,0,0,0,108,8,0,8,100,4672,272,0,0,0,0,108,0,0,0,0,298,9400
1448,W2,1,1,5,5,0,0,0,0,0,0,0,100,100,0,0,0,0,0,100,100,0,0.000000,0,9072,0.000000,0,0,0,0,108,8,0,8,100,4672,272,0,0,0,0,108,0,0,0,0,301,9400
1449,W2,1,1,5,5,0,0,0,0,0,0,0,100,100,0,0,0,0,0,100,100,0,0.000000,0,9072,0.000000,0,0,0,0,108,8,0,8,100,4672,272,0,0,0,0,108,0,0,0,0,299,9400
1450,W2,1,1,5,5,0,0,0,0,0,0,0,100,100,0,0,0,0,0,100,100,0,0.000000,0,9072,0.000000,0,0,0,0,108,8,0,8,100,4672,272,0,0,0,0,108,0,0,0,0,291,9400
1451,W2,1,1,5,5,0,0,0,0,0,0,0,100,100,0,0,0,0,0,100,100,0,0.000000,0,9072,0.000000,0,0,0,0,108,8,0,8,100,4672,272,0,0,0,0,108,0,0,0,0,325,9400
1452,W2,1,1,5,5,0,0,0,0,0,0,0,100,100,0,0,0,0,0,100,100,0,0.000000,0,9072,0.000000,0,0,0,0,108,8,0,8,100,4672,272,0,0,0,0,108,0,0,0,0,338,9400
1453,W2,1,1,5,5,0,0,0,0,0,0,0,100,100,0,0,0,0,0,100,100,0,0.000000,0,9072,0.000000,0,0,0,0,108,8,0,8,100,4672,272,0,0,0,0,108,0,0,0,0,290,9400
1454,W2,1,1,5,5,0,0,0,0,0,0,0,100,100,100,0,0,0,0,100,100,100,100.000000,1600,9072,17.636684,10,10,10,10,108,8,0,8,100,4672,272,0,0,0,0,108,0,0,0,0,290,9400
1455,W2,1,1,5,5,0,0,0,0,0,0,0,100,100,0,0,0,0,0,100,100,0,0.000000,0,9072,0.000000,0,0,0,0,108,8,0,8,100,4672,272,0,0,0,0,108,0,0,0,0,287,9400
1456,W2,1,1,5,5,0,0,0,0,0,0,0,100,100,0,0,0,0,0,100,100,0,0.000000,0,9072,0.000000,0,0,0,0,108,8,0,8,100,4672,272,0,0,0,0,108,0,0,0,0,318,9400
1457,W2,1,1,5,5,0,0,0,0,0,0,0,100,100,0,0,0,0,0,100,100,0,0.000000,0,9072,0.000000,0,0,0,0,108,8,0,8,100,4672,272,0,0,0,0,108,0,0,0,0,286,9400
1458,W2,1,1,5,5,0,0,0,0,0,0,0,100,100,0,0,0,0,0,100,100,0,0.000000,0,9072,0.000000,0,0,0,0,108,8,0,8,100,4672,272,0,0,0,0,108,0,0,0,0,298,9400
1459,W2,1,1,5,5,0,0,0,0,0,0,0,100,100,0,0,0,0,0,100,100,0,0.000000,0,9072,0.000000,0,0,0,0,108,8,0,8,100,4672,272,0,0,0,0,108,0,0,0,0,299,9400
1460,W2,1,1,5,5,0,0,0,0,0,0,0,100,100,0,0,0,0,0,100,100,0,0.000000,0,9072,0.000000,0,0,0,0,108,8,0,8,100,4672,272,0,0,0,0,108,0,0,0,0,288,9400
1461,W2,1,1,5,5,0,0,0,0,0,0,0,100,100,0,0,0,0,0,100,100,0,0.000000,0,9072,0.000000,0,0,0,0,108,8,0,8,100,4672,272,0,0,0,0,108,0,0,0,0,296,9400
1462,W2,1,1,5,5,0,0,0,0,0,0,0,100,100,0,0,0,0,0,100,100,0,0.000000,0,9072,0.000000,0,0,0,0,108,8,0,8,100,4672,272,0,0,0,0,108,0,0,0,0,303,9400
1463,W2,1,1,5,5,0,0,0,0,0,0,0,100,100,100,0,0,0,0,100,100,100,100.000000,1600,9072,17.636684,10,10,10,10,108,8,0,8,100,4672,272,0,0,0,0,108,0,0,0,0,292,9400
1464,W2,1,1,5,5,0,0,0,0,0,0,0,100,100,0,0,0,0,0,100,100,0,0.000000,0,9072,0.000000,0,0,0,0,108,8,0,8,100,4672,272,0,0,0,0,108,0,0,0,0,289,9400
1465,W2,1,1,5,5,0,0,0,0,0,0,0,100,100,0,0,0,0,0,100,100,0,0.000000,0,9072,0.000000,0,0,0,0,108,8,0,8,100,4672,272,0,0,0,0,108,0,0,0,0,306,9400
1466,W2,1,1,5,5,0,0,0,0,0,0,0,100,100,0,0,0,0,0,100,100,0,0.000000,0,9072,0.000000,0,0,0,0,108,8,0,8,100,4672,272,0,0,0,0,108,0,0,0,0,301,9400
1467,W2,1,1,5,5,0,0,0,0,0,0,0,100,100,0,0,0,0,0,100,100,0,0.000000,0,9072,0.000000,0,0,0,0,108,8,0,8,100,4672,272,0,0,0,0,108,0,0,0,0,295,9400
1468,W2,1,1,5,5,0,0,0,0,0,0,0,100,100,0,0,0,0,0,100,100,0,0.000000,0,9072,0.000000,0,0,0,0,108,8,0,8,100,4672,272,0,0,0,0,108,0,0,0,0,304,9400
1469,W2,1,1,5,5,0,0,0,0,0,0,0,100,100,0,0,0,0,0,100,100,0,0.000000,0,9072,0.000000,0,0,0,0,108,8,0,8,100,4672,272,0,0,0,0,108,0,0,0,0,284,9400
1470,W2,1,1,5,5,0,0,0,0,0,0,0,100,100,0,0,0,0,0,100,100,0,0.000000,0,9072,0.000000,0,0,0,0,108,8,0,8,100,4672,272,0,0,0,0,108,0,0,0,0,316,9400
1471,W2,1,1,5,5,0,0,0,0,0,0,0,100,100,0,0,0,0,0,100,100,0,0.000000,0,9072,0.000000,0,0,0,0,108,8,0,8,100,4672,272,0,0,0,0,108,0,0,0,0,344,9400
1472,W2,1,1,5,5,0,0,0,0,0,0,0,100,100,100,0,0,0,0,100,100,100,100.000000,1600,9072,17.636684,10,10,10,10,108,8,0,8,100,4672,272,0,0,0,0,108,0,0,0,0,334,9400
1473,W2,1,1,5,5,0,0,0,0,0,0,0,100,100,0,0,0,0,0,100,100,0,0.000000,0,9072,0.000000,0,0,0,0,108,8,0,8,100,4672,272,0,0,0,0,108,0,0,0,0,317,9400
1474,W2,1,1,5,5,0,0,0,0,0,0,0,100,100,0,0,0,0,0,100,100,0,0.000000,0,9072,0.000000,0,0,0,0,108,8,0,8,100,4672,272,0,0,0,0,108,0,0,0,0,328,9400
1475,W2,1,1,5,5,0,0,0,0,0,0,0,100,100,0,0,0,0,0,100,100,0,0.000000,0,9072,0.000000,0,0,0,0,108,8,0,8,100,4672,272,0,0,0,0,108,0,0,0,0,322,9400
1476,W2,1,1,5,5,0,0,0,0,0,0,0,100,100,0,0,0,0,0,100,100,0,0.000000,0,9072,0.000000,0,0,0,0,108,8,0,8,100,4672,272,0,0,0,0,108,0,0,0,0,297,9400
1477,W2,1,1,5,5,0,0,0,0,0,0,0,100,100,0,0,0,0,0,100,100,0,0.000000,0,9072,0.000000,0,0,0,0,108,8,0,8,100,4672,272,0,0,0,0,108,0,0,0,0,318,9400
1478,W2,1,1,5,5,0,0,0,0,0,0,0,100,100,0,0,0,0,0,100,100,0,0.000000,0,9072,0.000000,0,0,0,0,108,8,0,8,100,4672,272,0,0,0,0,108,0,0,0,0,307,9400
1479,W2,1,1,5,5,0,0,0,0,0,0,0,100,100,0,0,0,0,0,100,100,0,0.000000,0,9072,0.000000,0,0,0,0,108,8,0,8,100,4672,272,0,0,0,0,108,0,0,0,0,298,9400
1480,W2,1,1,5,5,0,0,0,0,0,0,0,100,100,0,0,0,0,0,100,100,0,0.000000,0,9072,0.000000,0,0,0,0,108,8,0,8,100,4672,272,0,0,0,0,108,0,0,0,0,302,9400
1481,W2,1,1,5,5,0,0,0,0,0,0,0,100,100,100,0,0,0,0,100,100,100,100.000000,1600,9072,17.636684,10,10,10,10,108,8,0,8,100,4672,272,0,0,0,0,108,0,0,0,0,403,9400
1482,W2,1,1,5,5,0,0,0,0,0,0,0,100,100,0,0,0,0,0,100,100,0,0.000000,0,9072,0.000000,0,0,0,0,108,8,0,8,100,4672,272,0,0,0,0,108,0,0,0,0,361,9400
1483,W2,1,1,5,5,0,0,0,0,0,0,0,100,100,0,0,0,0,0,100,100,0,0.000000,0,9072,0.000000,0,0,0,0,108,8,0,8,100,4672,272,0,0,0,0,108,0,0,0,0,320,9400
1484,W2,1,1,5,5,0,0,0,0,0,0,0,100,100,0,0,0,0,0,100,100,0,0.000000,0,9072,0.000000,0,0,0,0,108,8,0,8,100,4672,272,0,0,0,0,108,0,0,0,0,319,9400
1485,W2,1,1,5,5,0,0,0,0,0,0,0,100,100,0,0,0,0,0,100,100,0,0.000000,0,9072,0.000000,0,0,0,0,108,8,0,8,100,4672,272,0,0,0,0,108,0,0,0,0,296,9400
1486,W2,1,1,5,5,0,0,0,0,0,0,0,100,100,0,0,0,0,0,100,100,0,0.000000,0,9072,0.000000,0,0,0,0,108,8,0,8,100,4672,272,0,0,0,0,108,0,0,0,0,321,9400
1487,W2,1,1,5,5,0,0,0,0,0,0,0,100,100,0,0,0,0,0,100,100,0,0.000000,0,9072,0.000000,0,0,0,0,108,8,0,8,100,4672,272,0,0,0,0,108,0,0,0,0,300,9400
1488,W2,1,1,5,5,0,0,0,0,0,0,0,100,100,0,0,0,0,0,100,100,0,0.000000,0,9072,0.000000,0,0,0,0,108,8,0,8,100,4672,272,0,0,0,0,108,0,0,0,0,295,9400
1489,W2,1,1,5,5,0,0,0,0,0,0,0,100,100,0,0,0,0,0,100,100,0,0.000000,0,9072,0.000000,0,0,0,0,108,8,0,8,100,4672,272,0,0,0,0,108,0,0,0,0,305,9400
1490,W2,1,1,5,5,0,0,0,0,0,0,0,100,100,100,0,0,0,0,100,100,100,100.000000,1600,9072,17.636684,10,10,10,10,108,8,0,8,100,4672,272,0,0,0,0,108,0,0,0,0,330,9400
1491,W2,1,1,5,5,0,0,0,0,0,0,0,100,100,0,0,0,0,0,100,100,0,0.000000,0,9072,0.000000,0,0,0,0,108,8,0,8,100,4672,272,0,0,0,0,108,0,0,0,0,296,9400
1492,W2,1,1,5,5,0,0,0,0,0,0,0,100,100,0,0,0,0,0,100,100,0,0.000000,0,9072,0.000000,0,0,0,0,108,8,0,8,100,4672,272,0,0,0,0,108,0,0,0,0,300,9400
1493,W2,1,1,5,5,0,0,0,0,0,0,0,100,100,0,0,0,0,0,100,100,0,0.000000,0,9072,0.000000,0,0,0,0,108,8,0,8,100,4672,272,0,0,0,0,108,0,0,0,0,290,9400
1494,W2,1,1,5,5,0,0,0,0,0,0,0,100,100,0,0,0,0,0,100,100,0,0.000000,0,9072,0.000000,0,0,0,0,108,8,0,8,100,4672,272,0,0,0,0,108,0,0,0,0,289,9400
1495,W2,1,1,5,5,0,0,0,0,0,0,0,100,100,0,0,0,0,0,100,100,0,0.000000,0,9072,0.000000,0,0,0,0,108,8,0,8,100,4672,272,0,0,0,0,108,0,0,0,0,285,9400
1496,W2,1,1,5,5,0,0,0,0,0,0,0,100,100,0,0,0,0,0,100,100,0,0.000000,0,9072,0.000000,0,0,0,0,108,8,0,8,100,4672,272,0,0,0,0,108,0,0,0,0,320,9400
1497,W2,1,1,5,5,0,0,0,0,0,0,0,100,100,0,0,0,0,0,100,100,0,0.000000,0,9072,0.000000,0,0,0,0,108,8,0,8,100,4672,272,0,0,0,0,108,0,0,0,0,284,9400
1498,W2,1,1,5,5,0,0,0,0,0,0,0,100,100,0,0,0,0,0,100,100,0,0.000000,0,9072,0.000000,0,0,0,0,108,8,0,8,100,4672,272,0,0,0,0,108,0,0,0,0,300,9400
1499,W2,1,1,5,5,0,0,0,0,0,0,0,100,100,100,0,0,0,0,100,100,100,100.000000,1600,9072,17.636684,10,10,10,10,108,8,0,8,100,4672,272,0,0,0,0,108,0,0,0,0,295,9400
1500,W2,1,1,5,5,0,0,0,0,0,0,0,100,100,0,0,0,0,0,100,100,0,0.000000,0,9072,0.000000,0,0,0,0,108,8,0,8,100,4672,272,0,0,0,0,108,0,0,0,0,281,9400
1501,W2,1,1,5,5,0,0,0,0,0,0,0,100,100,0,0,0,0,0,100,100,0,0.000000,0,9072,0.000000,0,0,0,0,108,8,0,8,100,4672,272,0,0,0,0,108,0,0,0,0,346,9400
1502,W2,1,1,5,5,0,0,0,0,0,0,0,100,100,0,0,0,0,0,100,100,0,0.000000,0,9072,0.000000,0,0,0,0,108,8,0,8,100,4672,272,0,0,0,0,108,0,0,0,0,317,9400
1503,W2,1,1,5,5,0,0,0,0,0,0,0,100,100,0,0,0,0,0,100,100,0,0.000000,0,9072,0.000000,0,0,0,0,108,8,0,8,100,4672,272,0,0,0,0,108,0,0,0,0,296,9400
1504,W2,1,1,5,5,0,0,0,0,0,0,0,100,100,0,0,0,0,0,100,100,0,0.000000,0,9072,0.000000,0,0,0,0,108,8,0,8,100,4672,272,0,0,0,0,108,0,0,0,0,296,9400
1505,W2,1,1,5,5,0,0,0,0,0,0,0,100,100,0,0,0,0,0,100,100,0,0.000000,0,9072,0.000000,0,0,0,0,108,8,0,8,100,4672,272,0,0,0,0,108,0,0,0,0,322,9400
1506,W2,1,1,5,5,0,0,0,0,0,0,0,100,100,0,0,0,0,0,100,100,0,0.000000,0,9072,0.000000,0,0,0,0,108,8,0,8,100,4672,272,0,0,0,0,108,0,0,0,0,331,9400
1507,W2,1,1,5,5,0,0,0,0,0,0,0,100,100,0,0,0,0,0,100,100,0,0.000000,0,9072,0.000000,0,0,0,0,108,8,0,8,100,4672,272,0,0,0,0,108,0,0,0,0,346,9400
1508,W2,1,1,5,5,0,0,0,0,0,0,0,100,100,100,0,0,0,0,100,100,100,100.000000,1600,9072,17.636684,10,10,10,10,108,8,0,8,100,4672,272,0,0,0,0,108,0,0,0,0,299,9400
1509,W2,1,1,5,5,0,0,0,0,0,0,0,100,100,0,0,0,0,0,100,100,0,0.000000,0,9072,0.000000,0,0,0,0,108,8,0,8,100,4672,272,0,0,0,0,108,0,0,0,0,288,9400
1510,W2,1,1,5,5,0,0,0,0,0,0,0,100,100,0,0,0,0,0,100,100,0,0.000000,0,9072,0.000000,0,0,0,0,108,8,0,8,100,4672,272,0,0,0,0,108,0,0,0,0,323,9400
1511,W2,1,1,5,5,0,0,0,0,0,0,0,100,100,0,0,0,0,0,100,100,0,0.000000,0,9072,0.000000,0,0,0,0,108,8,0,8,100,4672,272,0,0,0,0,108,0,0,0,0,302,9400
1512,W2,1,1,5,5,0,0,0,0,0,0,0,100,100,0,0,0,0,0,100,100,0,0.000000,0,9072,0.000000,0,0,0,0,108,8,0,8,100,4672,272,0,0,0,0,108,0,0,0,0,318,9400
1513,W2,1,1,5,5,0,0,0,0,0,0,0,100,100,0,0,0,0,0,100,100,0,0.000000,0,9072,0.000000,0,0,0,0,108,8,0,8,100,4672,272,0,0,0,0,108,0,0,0,0,311,9400
1514,W2,1,1,5,5,0,0,0,0,0,0,0,100,100,0,0,0,0,0,100,100,0,0.000000,0,9072,0.000000,0,0,0,0,108,8,0,8,100,4672,272,0,0,0,0,108,0,0,0,0,290,9400
1515,W2,1,1,5,5,0,0,0,0,0,0,0,100,100,0,0,0,0,0,100,100,0,0.000000,0,9072,0.000000,0,0,0,0,108,8,0,8,100,4672,272,0,0,0,0,108,0,0,0,0,297,9400
1516,W2,1,1,5,5,0,0,0,0,0,0,0,100,100,0,0,0,0,0,100,100,0,0.000000,0,9072,0.000000,0,0,0,0,108,8,0,8,100,4672,272,0,0,0,0,108,0,0,0,0,291,9400
1517,W2,1,1,5,5,0,0,0,0,0,0,0,100,100,100,0,0,0,0,100,100,100,100.000000,1600,9072,17.636684,10,10,10,10,108,8,0,8,100,4672,272,0,0,0,0,108,0,0,0,0,306,9400
1518,W2,1,1,5,5,0,0,0,0,0,0,0,100,100,0,0,0,0,0,100,100,0,0.000000,0,9072,0.000000,0,0,0,0,108,8,0,8,100,4672,272,0,0,0,0,108,0,0,0,0,280,9400
1519,W2,1,1,5,5,0,0,0,0,0,0,0,100,100,0,0,0,0,0,100,100,0,0.000000,0,9072,0.000000,0,0,0,0,108,8,0,8,100,4672,272,0,0,0,0,108,0,0,0,0,296,9400
1520,W2,1,1,5,5,0,0,0,0,0,0,0,100,100,0,0,0,0,0,100,100,0,0.000000,0,9072,0.000000,0,0,0,0,108,8,0,8,100,4672,272,0,0,0,0,108,0,0,0,0,304,9400
1521,W2,1,1,5,5,0,0,0,0,0,0,0,100,100,0,0,0,0,0,100,100,0,0.000000,0,9072,0.000000,0,0,0,0,108,8,0,8,100,4672,272,0,0,0,0,108,0,0,0,0,279,9400
1522,W2,1,1,5,5,0,0,0,0,0,0,0,100,100,0,0,0,0,0,100,100,0,0.000000,0,9072,0.000000,0,0,0,0,108,8,0,8,100,4672,272,0,0,0,0,108,0,0,0,0,320,9400
1523,W2,1,1,5,5,0,0,0,0,0,0,0,100,100,0,0,0,0,0,100,100,0,0.000000,0,9072,0.000000,0,0,0,0,108,8,0,8,100,4672,272,0,0,0,0,108,0,0,0,0,302,9400
1524,W2,1,1,5,5,0,0,0,0,0,0,0,100,100,0,0,0,0,0,100,100,0,0.000000,0,9072,0.000000,0,0,0,0,108,8,0,8,100,4672,272,0,0,0,0,108,0,0,0,0,303,9400
1525,W2,1,1,5,5,0,0,0,0,0,0,0,100,100,0,0,0,0,0,100,100,0,0.000000,0,9072,0.000000,0,0,0,0,108,8,0,8,100,4672,272,0,0,0,0,108,0,0,0,0,318,9400
1526,W2,1,1,5,5,0,0,0,0,0,0,0,100,100,100,0,0,0,0,100,100,100,100.000000,1600,9072,17.636684,10,10,10,10,108,8,0,8,100,4672,272,0,0,0,0,108,0,0,0,0,331,9400
1527,W2,1,1,5,5,0,0,0,0,0,0,0,100,100,0,0,0,0,0,100,100,0,0.000000,0,9072,0.000000,0,0,0,0,108,8,0,8,100,4672,272,0,0,0,0,108,0,0,0,0,307,9400
1528,W2,1,1,5,5,0,0,0,0,0,0,0,100,100,0,0,0,0,0,100,100,0,0.000000,0,9072,0.000000,0,0,0,0,108,8,0,8,100,4672,272,0,0,0,0,108,0,0,0,0,326,9400
1529,W2,1,1,5,5,0,0,0,0,0,0,0,100,100,0,0,0,0,0,100,100,0,0.000000,0,9072,0.000000,0,0,0,0,108,8,0,8,100,4672,272,0,0,0,0,108,0,0,0,0,296,9400
1530,W2,1,1,5,5,0,0,0,0,0,0,0,100,100,0,0,0,0,0,100,100,0,0.000000,0,9072,0.000000,0,0,0,0,108,8,0,8,100,4672,272,0,0,0,0,108,0,0,0,0,281,9400
1531,W2,1,1,5,5,0,0,0,0,0,0,0,100,100,0,0,0,0,0,100,100,0,0.000000,0,9072,0.000000,0,0,0,0,108,8,0,8,100,4672,272,0,0,0,0,108,0,0,0,0,283,9400
1532,W2,1,1,5,5,0,0,0,0,0,0,0,100,100,0,0,0,0,0,100,100,0,0.000000,0,9072,0.000000,0,0,0,0,108,8,0,8,100,4672,272,0,0,0,0,108,0,0,0,0,283,9400
1533,W2,1,1,5,5,0,0,0,0,0,0,0,100,100,0,0,0,0,0,100,100,0,0.000000,0,9072,0.000000,0,0,0,0,108,8,0,8,100,4672,272,0,0,0,0,108,0,0,0,0,292,9400
1534,W2,1,1,5,5,0,0,0,0,0,0,0,100,100,0,0,0,0,0,100,100,0,0.000000,0,9072,0.000000,0,0,0,0,108,8,0,8,100,4672,272,0,0,0,0,108,0,0,0,0,302,9400
1535,W2,1,1,5,5,0,0,0,0,0,0,0,100,100,100,0,0,0,0,100,100,100,100.000000,1600,9072,17.636684,10,10,10,10,108,8,0,8,100,4672,272,0,0,0,0,108,0,0,0,0,305,9400
1536,W2,1,1,5,5,0,0,0,0,0,0,0,100,100,0,0,0,0,0,100,100,0,0.000000,0,9072,0.000000,0,0,0,0,108,8,0,8,100,4672,272,0,0,0,0,108,0,0,0,0,342,9400
1537,W2,1,1,5,5,0,0,0,0,0,0,0,100,100,0,0,0,0,0,100,100,0,0.000000,0,9072,0.000000,0,0,0,0,108,8,0,8,100,4672,272,0,0,0,0,108,0,0,0,0,291,9400
1538,W2,1,1,5,5,0,0,0,0,0,0,0,100,100,0,0,0,0,0,100,100,0,0.000000,0,9072,0.000000,0,0,0,0,108,8,0,8,100,4672,272,0,0,0,0,108,0,0,0,0,302,9400
1539,W2,1,1,5,5,0,0,0,0,0,0,0,100,100,0,0,0,0,0,100,100,0,0.000000,0,9072,0.000000,0,0,0,0,108,8,0,8,100,4672,272,0,0,0,0,108,0,0,0,0,319,9400
1540,W2,1,1,5,5,0,0,0,0,0,0,0,100,100,0,0,0,0,0,100,100,0,0.000000,0,9072,0.000000,0,0,0,0,108,8,0,8,100,4672,272,0,0,0,0,108,0,0,0,0,322,9400
1541,W2,1,1,5,5,0,0,0,0,0,0,0,100,100,0,0,0,0,0,100,100,0,0.000000,0,9072,0.000000,0,0,0,0,108,8,0,8,100,4672,272,0,0,0,0,108,0,0,0,0,304,9400
1542,W2,1,1,5,5,0,0,0,0,0,0,0,100,100,0,0,0,0,0,100,100,0,0.000000,0,9072,0.000000,0,0,0,0,108,8,0,8,100,4672,272,0,0,0,0,108,0,0,0,0,328,9400
1543,W2,1,1,5,5,0,0,0,0,0,0,0,100,100,0,0,0,0,0,100,100,0,0.000000,0,9072,0.000000,0,0,0,0,108,8,0,8,100,4672,272,0,0,0,0,108,0,0,0,0,292,9400
1544,W2,1,1,5,5,0,0,0,0,0,0,0,100,100,100,0,0,0,0,100,100,100,100.000000,1600,9072,17.636684,10,10,10,10,108,8,0,8,100,4672,272,0,0,0,0,108,0,0,0,0,301,9400
1545,W2,1,1,5,5,0,0,0,0,0,0,0,100,100,0,0,0,0,0,100,100,0,0.000000,0,9072,0.000000,0,0,0,0,108,8,0,8,100,4672,272,0,0,0,0,108,0,0,0,0,302,9400
1546,W2,1,1,5,5,0,0,0,0,0,0,0,100,100,0,0,0,0,0,100,100,0,0.000000,0,9072,0.000000,0,0,0,0,108,8,0,8,100,4672,272,0,0,0,0,108,0,0,0,0,283,9400
1547,W2,1,1,5,5,0,0,0,0,0,0,0,100,100,0,0,0,0,0,100,100,0,0.000000,0,9072,0.000000,0,0,0,0,108,8,0,8,100,4672,272,0,0,0,0,108,0,0,0,0,306,9400
1548,W2,1,1,5,5,0,0,0,0,0,0,0,100,100,0,0,0,0,0,100,100,0,0.000000,0,9072,0.000000,0,0,0,0,108,8,0,8,100,4672,272,0,0,0,0,108,0,0,0,0,291,9400
1549,W2,1,1,5,5,0,0,0,0,0,0,0,100,100,0,0,0,0,0,100,100,0,0.000000,0,9072,0.000000,0,0,0,0,108,8,0,8,100,4672,272,0,0,0,0,108,0,0,0,0,283,9400
1550,W2,1,1,5,5,0,0,0,0,0,0,0,100,100,0,0,0,0,0,100,100,0,0.000000,0,9072,0.000000,0,0,0,0,108,8,0,8,100,4672,272,0,0,0,0,108,0,0,0,0,321,9400
1551,W2,1,1,5,5,0,0,0,0,0,0,0,100,100,0,0,0,0,0,100,100,0,0.000000,0,9072,0.000000,0,0,0,0,108,8,0,8,100,4672,272,0,0,0,0,108,0,0,0,0,300,9400
1552,W2,1,1,5,5,0,0,0,0,0,0,0,100,100,0,0,0,0,0,100,100,0,0.000000,0,9072,0.000000,0,0,0,0,108,8,0,8,100,4672,272,0,0,0,0,108,0,0,0,0,309,9400
1553,W2,1,1,5,5,0,0,0,0,0,0,0,100,100,100,0,0,0,0,100,100,100,100.000000,1600,9072,17.636684,10,10,10,10,108,8,0,8,100,4672,272,0,0,0,0,108,0,0,0,0,317,9400
1554,W2,1,1,5,5,0,0,0,0,0,0,0,100,100,0,0,0,0,0,100,100,0,0.000000,0,9072,0.000000,0,0,0,0,108,8,0,8,100,4672,272,0,0,0,0,108,0,0,0,0,317,9400
1555,W2,1,1,5,5,0,0,0,0,0,0,0,100,100,0,0,0,0,0,100,100,0,0.000000,0,9072,0.000000,0,0,0,0,108,8,0,8,100,4672,272,0,0,0,0,108,0,0,0,0,344,9400
1556,W2,1,1,5,5,0,0,0,0,0,0,0,100,100,0,0,0,0,0,100,100,0,0.000000,0,9072,0.000000,0,0,0,0,108,8,0,8,100,4672,272,0,0,0,0,108,0,0,0,0,311,9400
1557,W2,1,1,5,5,0,0,0,0,0,0,0,100,100,0,0,0,0,0,100,100,0,0.000000,0,9072,0.000000,0,0,0,0,108,8,0,8,100,4672,272,0,0,0,0,108,0,0,0,0,289,9400
1558,W2,1,1,5,5,0,0,0,0,0,0,0,100,100,0,0,0,0,0,100,100,0,0.000000,0,9072,0.000000,0,0,0,0,108,8,0,8,100,4672,272,0,0,0,0,108,0,0,0,0,299,9400
1559,W2,1,1,5,5,0,0,0,0,0,0,0,100,100,0,0,0,0,0,100,100,0,0.000000,0,9072,0.000000,0,0,0,0,108,8,0,8,100,4672,272,0,0,0,0,108,0,0,0,0,326,9400
1560,W2,1,1,5,5,0,0,0,0,0,0,0,100,100,0,0,0,0,0,100,100,0,0.000000,0,9072,0.000000,0,0,0,0,108,8,0,8,100,4672,272,0,0,0,0,108,0,0,0,0,299,9400
1561,W2,1,1,5,5,0,0,0,0,0,0,0,100,100,0,0,0,0,0,100,100,0,0.000000,0,9072,0.000000,0,0,0,0,108,8,0,8,100,4672,272,0,0,0,0,108,0,0,0,0,292,9400
1562,W2,1,1,5,5,0,0,0,0,0,0,0,100,100,100,0,0,0,0,100,100,100,100.000000,1600,9072,17.636684,10,10,10,10,108,8,0,8,100,4672,272,0,0,0,0,108,0,0,0,0,318,9400
1563,W2,1,1,5,5,0,0,0,0,0,0,0,100,100,0,0,0,0,0,100,100,0,0.000000,0,9072,0.000000,0,0,0,0,108,8,0,8,100,4672,272,0,0,0,0,108,0,0,0,0,296,9400
1564,W2,1,1,5,5,0,0,0,0,0,0,0,100,100,0,0,0,0,0,100,100,0,0.000000,0,9072,0.000000,0,0,0,0,108,8,0,8,100,4672,272,0,0,0,0,108,0,0,0,0,302,9400
1565,W2,1,1,5,5,0,0,0,0,0,0,0,100,100,0,0,0,0,0,100,100,0,0.000000,0,9072,0.000000,0,0,0,0,108,8,0,8,100,4672,272,0,0,0,0,108,0,0,0,0,329,9400
1566,W2,1,1,5,5,0,0,0,0,0,0,0,100,100,0,0,0,0,0,100,100,0,0.000000,0,9072,0.000000,0,0,0,0,108,8,0,8,100,4672,272,0,0,0,0,108,0,0,0,0,349,9400
1567,W2,1,1,5,5,0,0,0,0,0,0,0,100,100,0,0,0,0,0,100,100,0,0.000000,0,9072,0.000000,0,0,0,0,108,8,0,8,100,4672,272,0,0,0,0,108,0,0,0,0,303,9400
1568,W2,1,1,5,5,0,0,0,0,0,0,0,100,100,0,0,0,0,0,100,100,0,0.000000,0,9072,0.000000,0,0,0,0,108,8,0,8,100,4672,272,0,0,0,0,108,0,0,0,0,294,9400
1569,W2,1,1,5,5,0,0,0,0,0,0,0,100,100,0,0,0,0,0,100,100,0,0.000000,0,9072,0.000000,0,0,0,0,108,8,0,8,100,4672,272,0,0,0,0,108,0,0,0,0,290,9400
1570,W2,1,1,5,5,0,0,0,0,0,0,0,100,100,0,0,0,0,0,100,100,0,0.000000,0,9072,0.000000,0,0,0,0,108,8,0,8,100,4672,272,0,0,0,0,108,0,0,0,0,290,9400
1571,W2,1,1,5,5,0,0,0,0,0,0,0,100,100,100,0,0,0,0,100,100,100,100.000000,1600,9072,17.636684,10,10,10,10,108,8,0,8,100,4672,272,0,0,0,0,108,0,0,0,0,302,9400
1572,W2,1,1,5,5,0,0,0,0,0,0,0,100,100,0,0,0,0,0,100,100,0,0.000000,0,9072,0.000000,0,0,0,0,108,8,0,8,100,4672,272,0,0,0,0,108,0,0,0,0,296,9400
1573,W2,1,1,5,5,0,0,0,0,0,0,0,100,100,0,0,0,0,0,100,100,0,0.000000,0,9072,0.000000,0,0,0,0,108,8,0,8,100,4672,272,0,0,0,0,108,0,0,0,0,283,9400
1574,W2,1,1,5,5,0,0,0,0,0,0,0,100,100,0,0,0,0,0,100,100,0,0.000000,0,9072,0.000000,0,0,0,0,108,8,0,8,100,4672,272,0,0,0,0,108,0,0,0,0,301,9400
1575,W2,1,1,5,5,0,0,0,0,0,0,0,100,100,0,0,0,0,0,100,100,0,0.000000,0,9072,0.000000,0,0,0,0,108,8,0,8,100,4672,272,0,0,0,0,108,0,0,0,0,291,9400
1576,W2,1,1,5,5,0,0,0,0,0,0,0,100,100,0,0,0,0,0,100,100,0,0.000000,0,9072,0.000000,0,0,0,0,108,8,0,8,100,4672,272,0,0,0,0,108,0,0,0,0,285,9400
1577,W2,1,1,5,5,0,0,0,0,0,0,0,100,100,0,0,0,0,0,100,100,0,0.000000,0,9072,0.000000,0,0,0,0,108,8,0,8,100,4672,272,0,0,0,0,108,0,0,0,0,281,9400
1578,W2,1,1,5,5,0,0,0,0,0,0,0,100,100,0,0,0,0,0,100,100,0,0.000000,0,9072,0.000000,0,0,0,0,108,8,0,8,100,4672,272,0,0,0,0,108,0,0,0,0,321,9400
1579,W2,1,1,5,5,0,0,0,0,0,0,0,100,100,0,0,0,0,0,100,100,0,0.000000,0,9072,0.000000,0,0,0,0,108,8,0,8,100,4672,272,0,0,0,0,108,0,0,0,0,299,9400
1580,W2,1,1,5,5,0,0,0,0,0,0,0,100,100,100,0,0,0,0,100,100,100,100.000000,1600,9072,17.636684,10,10,10,10,108,8,0,8,100,4672,272,0,0,0,0,108,0,0,0,0,322,9400
1581,W2,1,1,5,5,0,0,0,0,0,0,0,100,100,0,0,0,0,0,100,100,0,0.000000,0,9072,0.000000,0,0,0,0,108,8,0,8,100,4672,272,0,0,0,0,108,0,0,0,0,310,9400
1582,W2,1,1,5,5,0,0,0,0,0,0,0,100,100,0,0,0,0,0,100,100,0,0.000000,0,9072,0.000000,0,0,0,0,108,8,0,8,100,4672,272,0,0,0,0,108,0,0,0,0,316,9400
1583,W2,1,1,5,5,0,0,0,0,0,0,0,100,100,0,0,0,0,0,100,100,0,0.000000,0,9072,0.000000,0,0,0,0,108,8,0,8,100,4672,272,0,0,0,0,108,0,0,0,0,331,9400
1584,W2,1,1,5,5,0,0,0,0,0,0,0,100,100,0,0,0,0,0,100,100,0,0.000000,0,9072,0.000000,0,0,0,0,108,8,0,8,100,4672,272,0,0,0,0,108,0,0,0,0,311,9400
1585,W2,1,1,5,5,0,0,0,0,0,0,0,100,100,0,0,0,0,0,100,100,0,0.000000,0,9072,0.000000,0,0,0,0,108,8,0,8,100,4672,272,0,0,0,0,108,0,0,0,0,303,9400
1586,W2,1,1,5,5,0,0,0,0,0,0,0,100,100,0,0,0,0,0,100,100,0,0.000000,0,9072,0.000000,0,0,0,0,108,8,0,8,100,4672,272,0,0,0,0,108,0,0,0,0,295,9400
1587,W2,1,1,5,5,0,0,0,0,0,0,0,100,100,0,0,0,0,0,100,100,0,0.000000,0,9072,0.000000,0,0,0,0,108,8,0,8,100,4672,272,0,0,0,0,108,0,0,0,0,307,9400
1588,W2,1,1,5,5,0,0,0,0,0,0,0,100,100,0,0,0,0,0,100,100,0,0.000000,0,9072,0.000000,0,0,0,0,108,8,0,8,100,4672,272,0,0,0,0,108,0,0,0,0,300,9400
1589,W2,1,1,5,5,0,0,0,0,0,0,0,100,100,100,0,0,0,0,100,100,100,100.000000,1600,9072,17.636684,10,10,10,10,108,8,0,8,100,4672,272,0,0,0,0,108,0,0,0,0,283,9400
1590,W2,1,1,5,5,0,0,0,0,0,0,0,100,100,0,0,0,0,0,100,100,0,0.000000,0,9072,0.000000,0,0,0,0,108,8,0,8,100,4672,272,0,0,0,0,108,0,0,0,0,296,9400
1591,W2,1,1,5,5,0,0,0,0,0,0,0,100,100,0,0,0,0,0,100,100,0,0.000000,0,9072,0.000000,0,0,0,0,108,8,0,8,100,4672,272,0,0,0,0,108,0,0,0,0,292,9400
1592,W2,1,1,5,5,0,0,0,0,0,0,0,100,100,0,0,0,0,0,100,100,0,0.000000,0,9072,0.000000,0,0,0,0,108,8,0,8,100,4672,272,0,0,0,0,108,0,0,0,0,326,9400
1593,W2,1,1,5,5,0,0,0,0,0,0,0,100,100,0,0,0,0,0,100,100,0,0.000000,0,9072,0.000000,0,0,0,0,108,8,0,8,100,4672,272,0,0,0,0,108,0,0,0,0,292,9400
1594,W2,1,1,5,5,0,0,0,0,0,0,0,100,100,0,0,0,0,0,100,100,0,0.000000,0,9072,0.000000,0,0,0,0,108,8,0,8,100,4672,272,0,0,0,0,108,0,0,0,0,296,9400
1595,W2,1,1,5,5,0,0,0,0,0,0,0,100,100,0,0,0,0,0,100,100,0,0.000000,0,9072,0.000000,0,0,0,0,108,8,0,8,100,4672,272,0,0,0,0,108,0,0,0,0,325,9400
1596,W2,1,1,5,5,0,0,0,0,0,0,0,100,100,0,0,0,0,0,100,100,0,0.000000,0,9072,0.000000,0,0,0,0,108,8,0,8,100,4672,272,0,0,0,0,108,0,0,0,0,290,9400
1597,W2,1,1,5,5,0,0,0,0,0,0,0,100,100,0,0,0,0,0,100,100,0,0.000000,0,9072,0.000000,0,0,0,0,108,8,0,8,100,4672,272,0,0,0,0,108,0,0,0,0,294,9400
1598,W2,1,1,5,5,0,0,0,0,0,0,0,100,100,100,0,0,0,0,100,100,100,100.000000,1600,9072,17.636684,10,10,10,10,108,8,0,8,100,4672,272,0,0,0,0,108,0,0,0,0,302,9400
1599,W2,1,1,5,5,0,0,0,0,0,0,0,100,100,0,0,0,0,0,100,100,0,0.000000,0,9072,0.000000,0,0,0,0,108,8,0,8,100,4672,272,0,0,0,0,108,0,0,0,0,299,9400
1600,W2,1,1,5,5,0,0,0,0,0,0,0,100,100,0,0,0,0,0,100,100,0,0.000000,0,9072,0.000000,0,0,0,0,108,8,0,8,100,4672,272,0,0,0,0,108,0,0,0,0,288,9400
1601,W2,1,1,5,5,0,0,0,0,0,0,0,100,100,0,0,0,0,0,100,100,0,0.000000,0,9072,0.000000,0,0,0,0,108,8,0,8,100,4672,272,0,0,0,0,108,0,0,0,0,301,9400
1602,W2,1,1,5,5,0,0,0,0,0,0,0,100,100,0,0,0,0,0,100,100,0,0.000000,0,9072,0.000000,0,0,0,0,108,8,0,8,100,4672,272,0,0,0,0,108,0,0,0,0,288,9400
1603,W2,1,1,5,5,0,0,0,0,0,0,0,100,100,0,0,0,0,0,100,100,0,0.000000,0,9072,0.000000,0,0,0,0,108,8,0,8,100,4672,272,0,0,0,0,108,0,0,0,0,284,9400
1604,W2,1,1,5,5,0,0,0,0,0,0,0,100,100,0,0,0,0,0,100,100,0,0.000000,0,9072,0.000000,0,0,0,0,108,8,0,8,100,4672,272,0,0,0,0,108,0,0,0,0,303,9400
1605,W2,1,1,5,5,0,0,0,0,0,0,0,100,100,0,0,0,0,0,100,100,0,0.000000,0,9072,0.000000,0,0,0,0,108,8,0,8,100,4672,272,0,0,0,0,108,0,0,0,0,296,9400
1606,W2,1,1,5,5,0,0,0,0,0,0,0,100,100,0,0,0,0,0,100,100,0,0.000000,0,9072,0.000000,0,0,0,0,108,8,0,8,100,4672,272,0,0,0,0,108,0,0,0,0,292,9400
1607,W2,1,1,5,5,0,0,0,0,0,0,0,100,100,100,0,0,0,0,100,100,100,100.000000,1600,9072,17.636684,10,10,10,10,108,8,0,8,100,4672,272,0,0,0,0,108,0,0,0,0,306,9400
1608,W2,1,1,5,5,0,0,0,0,0,0,0,100,100,0,0,0,0,0,100,100,0,0.000000,0,9072,0.000000,0,0,0,0,108,8,0,8,100,4672,272,0,0,0,0,108,0,0,0,0,294,9400
1609,W2,1,1,5,5,0,0,0,0,0,0,0,100,100,0,0,0,0,0,100,100,0,0.000000,0,9072,0.000000,0,0,0,0,108,8,0,8,100,4672,272,0,0,0,0,108,0,0,0,0,307,9400
1610,W2,1,1,5,5,0,0,0,0,0,0,0,100,100,0,0,0,0,0,100,100,0,0.000000,0,9072,0.000000,0,0,0,0,108,8,0,8,100,4672,272,0,0,0,0,108,0,0,0,0,285,9400
1611,W2,1,1,5,5,0,0,0,0,0,0,0,100,100,0,0,0,0,0,100,100,0,0.000000,0,9072,0.000000,0,0,0,0,108,8,0,8,100,4672,272,0,0,0,0,108,0,0,0,0,289,9400
1612,W2,1,1,5,5,0,0,0,0,0,0,0,100,100,0,0,0,0,0,100,100,0,0.000000,0,9072,0.000000,0,0,0,0,108,8,0,8,100,4672,272,0,0,0,0,108,0,0,0,0,351,9400
1613,W2,1,1,5,5,0,0,0,0,0,0,0,100,100,0,0,0,0,0,100,100,0,0.000000,0,9072,0.000000,0,0,0,0,108,8,0,8,100,4672,272,0,0,0,0,108,0,0,0,0,317,9400
1614,W2,1,1,5,5,0,0,0,0,0,0,0,100,100,0,0,0,0,0,100,100,0,0.000000,0,9072,0.000000,0,0,0,0,108,8,0,8,100,4672,272,0,0,0,0,108,0,0,0,0,313,9400
1615,W2,1,1,5,5,0,0,0,0,0,0,0,100,100,0,0,0,0,0,100,100,0,0.000000,0,9072,0.000000,0,0,0,0,108,8,0,8,100,4672,272,0,0,0,0,108,0,0,0,0,358,9400
1616,W2,1,1,5,5,0,0,0,0,0,0,0,100,100,100,0,0,0,0,100,100,100,100.000000,1600,9072,17.636684,10,10,10,10,108,8,0,8,100,4672,272,0,0,0,0,108,0,0,0,0,322,9400
1617,W2,1,1,5,5,0,0,0,0,0,0,0,100,100,0,0,0,0,0,100,100,0,0.000000,0,9072,0.000000,0,0,0,0,108,8,0,8,100,4672,272,0,0,0,0,108,0,0,0,0,303,9400
1618,W2,1,1,5,5,0,0,0,0,0,0,0,100,100,0,0,0,0,0,100,100,0,0.000000,0,9072,0.000000,0,0,0,0,108,8,0,8,100,4672,272,0,0,0,0,108,0,0,0,0,309,9400
1619,W2,1,1,5,5,0,0,0,0,0,0,0,100,100,0,0,0,0,0,100,100,0,0.000000,0,9072,0.000000,0,0,0,0,108,8,0,8,100,4672,272,0,0,0,0,108,0,0,0,0,306,9400
1620,W2,1,1,5,5,0,0,0,0,0,0,0,100,100,0,0,0,0,0,100,100,0,0.000000,0,9072,0.000000,0,0,0,0,108,8,0,8,100,4672,272,0,0,0,0,108,0,0,0,0,287,9400
1621,W2,1,1,5,5,0,0,0,0,0,0,0,100,100,0,0,0,0,0,100,100,0,0.000000,0,9072,0.000000,0,0,0,0,108,8,0,8,100,4672,272,0,0,0,0,108,0,0,0,0,341,9400
1622,W2,1,1,5,5,0,0,0,0,0,0,0,100,100,0,0,0,0,0,100,100,0,0.000000,0,9072,0.000000,0,0,0,0,108,8,0,8,100,4672,272,0,0,0,0,108,0,0,0,0,291,9400
1623,W2,1,1,5,5,0,0,0,0,0,0,0,100,100,0,0,0,0,0,100,100,0,0.000000,0,9072,0.000000,0,0,0,0,108,8,0,8,100,4672,272,0,0,0,0,108,0,0,0,0,294,9400
1624,W2,1,1,5,5,0,0,0,0,0,0,0,100,100,0,0,0,0,0,100,100,0,0.000000,0,9072,0.000000,0,0,0,0,108,8,0,8,100,4672,272,0,0,0,0,108,0,0,0,0,287,9400
1625,W2,1,1,5,5,0,0,0,0,0,0,0,100,100,100,0,0,0,0,100,100,100,100.000000,1600,9072,17.636684,10,10,10,10,108,8,0,8,100,4672,272,0,0,0,0,108,0,0,0,0,284,9400
1626,W2,1,1,5,5,0,0,0,0,0,0,0,100,100,0,0,0,0,0,100,100,0,0.000000,0,9072,0.000000,0,0,0,0,108,8,0,8,100,4672,272,0,0,0,0,108,0,0,0,0,326,9400
1627,W2,1,1,5,5,0,0,0,0,0,0,0,100,100,0,0,0,0,0,100,100,0,0.000000,0,9072,0.000000,0,0,0,0,108,8,0,8,100,4672,272,0,0,0,0,108,0,0,0,0,294,9400
1628,W2,1,1,5,5,0,0,0,0,0,0,0,100,100,0,0,0,0,0,100,100,0,0.000000,0,9072,0.000000,0,0,0,0,108,8,0,8,100,4672,272,0,0,0,0,108,0,0,0,0,307,9400
1629,W2,1,1,5,5,0,0,0,0,0,0,0,100,100,0,0,0,0,0,100,100,0,0.000000,0,9072,0.000000,0,0,0,0,108,8,0,8,100,4672,272,0,0,0,0,108,0,0,0,0,303,9400
1630,W2,1,1,5,5,0,0,0,0,0,0,0,100,100,0,0,0,0,0,100,100,0,0.000000,0,9072,0.000000,0,0,0,0,108,8,0,8,100,4672,272,0,0,0,0,108,0,0,0,0,321,9400
1631,W2,1,1,5,5,0,0,0,0,0,0,0,100,100,0,0,0,0,0,100,100,0,0.000000,0,9072,0.000000,0,0,0,0,108,8,0,8,100,4672,272,0,0,0,0,108,0,0,0,0,328,9400
1632,W2,1,1,5,5,0,0,0,0,0,0,0,100,100,0,0,0,0,0,100,100,0,0.000000,0,9072,0.000000,0,0,0,0,108,8,0,8,100,4672,272,0,0,0,0,108,0,0,0,0,298,9400
1633,W2,1,1,5,5,0,0,0,0,0,0,0,100,100,0,0,0,0,0,100,100,0,0.000000,0,9072,0.000000,0,0,0,0,108,8,0,8,100,4672,272,0,0,0,0,108,0,0,0,0,293,9400
1634,W2,1,1,5,5,0,0,0,0,0,0,0,100,100,100,0,0,0,0,100,100,100,100.000000,1600,9072,17.636684,10,10,10,10,108,8,0,8,100,4672,272,0,0,0,0,108,0,0,0,0,355,9400
1635,W2,1,1,5,5,0,0,0,0,0,0,0,100,100,0,0,0,0,0,100,100,0,0.000000,0,9072,0.000000,0,0,0,0,108,8,0,8,100,4672,272,0,0,0,0,108,0,0,0,0,341,9400
1636,W2,1,1,5,5,0,0,0,0,0,0,0,100,100,0,0,0,0,0,100,100,0,0.000000,0,9072,0.000000,0,0,0,0,108,8,0,8,100,4672,272,0,0,0,0,108,0,0,0,0,304,9400
1637,W2,1,1,5,5,0,0,0,0,0,0,0,100,100,0,0,0,0,0,100,100,0,0.000000,0,9072,0.000000,0,0,0,0,108,8,0,8,100,4672,272,0,0,0,0,108,0,0,0,0,318,9400
1638,W2,1,1,5,5,0,0,0,0,0,0,0,100,100,0,0,0,0,0,100,100,0,0.000000,0,9072,0.000000,0,0,0,0,108,8,0,8,100,4672,272,0,0,0,0,108,0,0,0,0,325,9400
1639,W2,1,1,5,5,0,0,0,0,0,0,0,100,100,0,0,0,0,0,100,100,0,0.000000,0,9072,0.000000,0,0,0,0,108,8,0,8,100,4672,272,0,0,0,0,108,0,0,0,0,358,9400
1640,W2,1,1,5,5,0,0,0,0,0,0,0,100,100,0,0,0,0,0,100,100,0,0.000000,0,9072,0.000000,0,0,0,0,108,8,0,8,100,4672,272,0,0,0,0,108,0,0,0,0,304,9400
1641,W2,1,1,5,5,0,0,0,0,0,0,0,100,100,0,0,0,0,0,100,100,0,0.000000,0,9072,0.000000,0,0,0,0,108,8,0,8,100,4672,272,0,0,0,0,108,0,0,0,0,293,9400
1642,W2,1,1,5,5,0,0,0,0,0,0,0,100,100,0,0,0,0,0,100,100,0,0.000000,0,9072,0.000000,0,0,0,0,108,8,0,8,100,4672,272,0,0,0,0,108,0,0,0,0,332,9400
1643,W2,1,1,5,5,0,0,0,0,0,0,0,100,100,100,0,0,0,0,100,100,100,100.000000,1600,9072,17.636684,10,10,10,10,108,8,0,8,100,4672,272,0,0,0,0,108,0,0,0,0,286,9400
1644,W2,1,1,5,5,0,0,0,0,0,0,0,100,100,0,0,0,0,0,100,100,0,0.000000,0,9072,0.000000,0,0,0,0,108,8,0,8,100,4672,272,0,0,0,0,108,0,0,0,0,303,9400
1645,W2,1,1,5,5,0,0,0,0,0,0,0,100,100,0,0,0,0,0,100,100,0,0.000000,0,9072,0.000000,0,0,0,0,108,8,0,8,100,4672,272,0,0,0,0,108,0,0,0,0,280,9400
1646,W2,1,1,5,5,0,0,0,0,0,0,0,100,100,0,0,0,0,0,100,100,0,0.000000,0,9072,0.000000,0,0,0,0,108,8,0,8,100,4672,272,0,0,0,0,108,0,0,0,0,338,9400
1647,W2,1,1,5,5,0,0,0,0,0,0,0,100,100,0,0,0,0,0,100,100,0,0.000000,0,9072,0.000000,0,0,0,0,108,8,0,8,100,4672,272,0,0,0,0,108,0,0,0,0,323,9400
1648,W2,1,1,5,5,0,0,0,0,0,0,0,100,100,0,0,0,0,0,100,100,0,0.000000,0,9072,0.000000,0,0,0,0,108,8,0,8,100,4672,272,0,0,0,0,108,0,0,0,0,297,9400
1649,W2,1,1,5,5,0,0,0,0,0,0,0,100,100,0,0,0,0,0,100,100,0,0.000000,0,9072,0.000000,0,0,0,0,108,8,0,8,100,4672,272,0,0,0,0,108,0,0,0,0,293,9400
1650,W2,1,1,5,5,0,0,0,0,0,0,0,100,100,0,0,0,0,0,100,100,0,0.000000,0,9072,0.000000,0,0,0,0,108,8,0,8,100,4672,272,0,0,0,0,108,0,0,0,0,331,9400
1651,W2,1,1,5,5,0,0,0,0,0,0,0,100,100,0,0,0,0,0,100,100,0,0.000000,0,9072,0.000000,0,0,0,0,108,8,0,8,100,4672,272,0,0,0,0,108,0,0,0,0,313,9400
1652,W2,1,1,5,5,0,0,0,0,0,0,0,100,100,100,0,0,0,0,100,100,100,100.000000,1600,9072,17.636684,10,10,10,10,108,8,0,8,100,4672,272,0,0,0,0,108,0,0,0,0,301,9400
1653,W2,1,1,5,5,0,0,0,0,0,0,0,100,100,0,0,0,0,0,100,100,0,0.000000,0,9072,0.000000,0,0,0,0,108,8,0,8,100,4672,272,0,0,0,0,108,0,0,0,0,297,9400
1654,W2,1,1,5,5,0,0,0,0,0,0,0,100,100,0,0,0,0,0,100,100,0,0.000000,0,9072,0.000000,0,0,0,0,108,8,0,8,100,4672,272,0,0,0,0,108,0,0,0,0,301,9400
1655,W2,1,1,5,5,0,0,0,0,0,0,0,100,100,0,0,0,0,0,100,100,0,0.000000,0,9072,0.000000,0,0,0,0,108,8,0,8,100,4672,272,0,0,0,0,108,0,0,0,0,315,9400
1656,W2,1,1,5,5,0,0,0,0,0,0,0,100,100,0,0,0,0,0,100,100,0,0.000000,0,9072,0.000000,0,0,0,0,108,8,0,8,100,4672,272,0,0,0,0,108,0,0,0,0,301,9400
1657,W2,1,1,5,5,0,0,0,0,0,0,0,100,100,0,0,0,0,0,100,100,0,0.000000,0,9072,0.000000,0,0,0,0,108,8,0,8,100,4672,272,0,0,0,0,108,0,0,0,0,325,9400
1658,W2,1,1,5,5,0,0,0,0,0,0,0,100,100,0,0,0,0,0,100,100,0,0.000000,0,9072,0.000000,0,0,0,0,108,8,0,8,100,4672,272,0,0,0,0,108,0,0,0,0,304,9400
1659,W2,1,1,5,5,0,0,0,0,0,0,0,100,100,0,0,0,0,0,100,100,0,0.000000,0,9072,0.000000,0,0,0,0,108,8,0,8,100,4672,272,0,0,0,0,108,0,0,0,0,312,9400
1660,W2,1,1,5,5,0,0,0,0,0,0,0,100,100,0,0,0,0,0,100,100,0,0.000000,0,9072,0.000000,0,0,0,0,108,8,0,8,100,4672,272,0,0,0,0,108,0,0,0,0,296,9400
1661,W2,1,1,5,5,0,0,0,0,0,0,0,100,100,100,0,0,0,0,100,100,100,100.000000,1600,9072,17.636684,10,10,10,10,108,8,0,8,100,4672,272,0,0,0,0,108,0,0,0,0,307,9400
1662,W2,1,1,5,5,0,0,0,0,0,0,0,100,100,0,0,0,0,0,100,100,0,0.000000,0,9072,0.000000,0,0,0,0,108,8,0,8,100,4672,272,0,0,0,0,108,0,0,0,0,284,9400
1663,W2,1,1,5,5,0,0,0,0,0,0,0,100,100,0,0,0,0,0,100,100,0,0.000000,0,9072,0.000000,0,0,0,0,108,8,0,8,100,4672,272,0,0,0,0,108,0,0,0,0,287,9400
1664,W2,1,1,5,5,0,0,0,0,0,0,0,100,100,0,0,0,0,0,100,100,0,0.000000,0,9072,0.000000,0,0,0,0,108,8,0,8,100,4672,272,0,0,0,0,108,0,0,0,0,288,9400
1665,W2,1,1,5,5,0,0,0,0,0,0,0,100,100,0,0,0,0,0,100,100,0,0.000000,0,9072,0.000000,0,0,0,0,108,8,0,8,100,4672,272,0,0,0,0,108,0,0,0,0,280,9400
1666,W2,1,1,5,5,0,0,0,0,0,0,0,100,100,0,0,0,0,0,100,100,0,0.000000,0,9072,0.000000,0,0,0,0,108,8,0,8,100,4672,272,0,0,0,0,108,0,0,0,0,303,9400
1667,W2,1,1,5,5,0,0,0,0,0,0,0,100,100,0,0,0,0,0,100,100,0,0.000000,0,9072,0.000000,0,0,0,0,108,8,0,8,100,4672,272,0,0,0,0,108,0,0,0,0,340,9400
1668,W2,1,1,5,5,0,0,0,0,0,0,0,100,100,0,0,0,0,0,100,100,0,0.000000,0,9072,0.000000,0,0,0,0,108,8,0,8,100,4672,272,0,0,0,0,108,0,0,0,0,333,9400
1669,W2,1,1,5,5,0,0,0,0,0,0,0,100,100,0,0,0,0,0,100,100,0,0.000000,0,9072,0.000000,0,0,0,0,108,8,0,8,100,4672,272,0,0,0,0,108,0,0,0,0,329,9400
1670,W2,1,1,5,5,0,0,0,0,0,0,0,100,100,100,0,0,0,0,100,100,100,100.000000,1600,9072,17.636684,10,10,10,10,108,8,0,8,100,4672,272,0,0,0,0,108,0,0,0,0,304,9400
1671,W2,1,1,5,5,0,0,0,0,0,0,0,100,100,0,0,0,0,0,100,100,0,0.000000,0,9072,0.000000,0,0,0,0,108,8,0,8,100,4672,272,0,0,0,0,108,0,0,0,0,303,9400
1672,W2,1,1,5,5,0,0,0,0,0,0,0,100,100,0,0,0,0,0,100,100,0,0.000000,0,9072,0.000000,0,0,0,0,108,8,0,8,100,4672,272,0,0,0,0,108,0,0,0,0,324,9400
1673,W2,1,1,5,5,0,0,0,0,0,0,0,100,100,0,0,0,0,0,100,100,0,0.000000,0,9072,0.000000,0,0,0,0,108,8,0,8,100,4672,272,0,0,0,0,108,0,0,0,0,291,9400
1674,W2,1,1,5,5,0,0,0,0,0,0,0,100,100,0,0,0,0,0,100,100,0,0.000000,0,9072,0.000000,0,0,0,0,108,8,0,8,100,4672,272,0,0,0,0,108,0,0,0,0,326,9400
1675,W2,1,1,5,5,0,0,0,0,0,0,0,100,100,0,0,0,0,0,100,100,0,0.000000,0,9072,0.000000,0,0,0,0,108,8,0,8,100,4672,272,0,0,0,0,108,0,0,0,0,321,9400
1676,W2,1,1,5,5,0,0,0,0,0,0,0,100,100,0,0,0,0,0,100,100,0,0.000000,0,9072,0.000000,0,0,0,0,108,8,0,8,100,4672,272,0,0,0,0,108,0,0,0,0,289,9400
1677,W2,1,1,5,5,0,0,0,0,0,0,0,100,100,0,0,0,0,0,100,100,0,0.000000,0,9072,0.000000,0,0,0,0,108,8,0,8,100,4672,272,0,0,0,0,108,0,0,0,0,284,9400
1678,W2,1,1,5,5,0,0,0,0,0,0,0,100,100,0,0,0,0,0,100,100,0,0.000000,0,9072,0.000000,0,0,0,0,108,8,0,8,100,4672,272,0,0,0,0,108,0,0,0,0,288,9400
1679,W2,1,1,5,5,0,0,0,0,0,0,0,100,100,100,0,0,0,0,100,100,100,100.000000,1600,9072,17.636684,10,10,10,10,108,8,0,8,100,4672,272,0,0,0,0,108,0,0,0,0,287,9400
1680,W2,1,1,5,5,0,0,0,0,0,0,0,100,100,0,0,0,0,0,100,100,0,0.000000,0,9072,0.000000,0,0,0,0,108,8,0,8,100,4672,272,0,0,0,0,108,0,0,0,0,321,9400
1681,W2,1,1,5,5,0,0,0,0,0,0,0,100,100,0,0,0,0,0,100,100,0,0.000000,0,9072,0.000000,0,0,0,0,108,8,0,8,100,4672,272,0,0,0,0,108,0,0,0,0,310,9400
1682,W2,1,1,5,5,0,0,0,0,0,0,0,100,100,0,0,0,0,0,100,100,0,0.000000,0,9072,0.000000,0,0,0,0,108,8,0,8,100,4672,272,0,0,0,0,108,0,0,0,0,306,9400
1683,W2,1,1,5,5,0,0,0,0,0,0,0,100,100,0,0,0,0,0,100,100,0,0.000000,0,9072,0.000000,0,0,0,0,108,8,0,8,100,4672,272,0,0,0,0,108,0,0,0,0,284,9400
1684,W2,1,1,5,5,0,0,0,0,0,0,0,100,100,0,0,0,0,0,100,100,0,0.000000,0,9072,0.000000,0,0,0,0,108,8,0,8,100,4672,272,0,0,0,0,108,0,0,0,0,312,9400
1685,W2,1,1,5,5,0,0,0,0,0,0,0,100,100,0,0,0,0,0,100,100,0,0.000000,0,9072,0.000000,0,0,0,0,108,8,0,8,100,4672,272,0,0,0,0,108,0,0,0,0,284,9400
1686,W2,1,1,5,5,0,0,0,0,0,0,0,100,100,0,0,0,0,0,100,100,0,0.000000,0,9072,0.000000,0,0,0,0,108,8,0,8,100,4672,272,0,0,0,0,108,0,0,0,0,295,9400
1687,W2,1,1,5,5,0,0,0,0,0,0,0,100,100,0,0,0,0,0,100,100,0,0.000000,0,9072,0.000000,0,0,0,0,108,8,0,8,100,4672,272,0,0,0,0,108,0,0,0,0,317,9400
1688,W2,1,1,5,5,0,0,0,0,0,0,0,100,100,100,0,0,0,0,100,100,100,100.000000,1600,9072,17.636684,10,10,10,10,108,8,0,8,100,4672,272,0,0,0,0,108,0,0,0,0,301,9400
1689,W2,1,1,5,5,0,0,0,0,0,0,0,100,100,0,0,0,0,0,100,100,0,0.000000,0,9072,0.000000,0,0,0,0,108,8,0,8,100,4672,272,0,0,0,0,108,0,0,0,0,306,9400
1690,W2,1,1,5,5,0,0,0,0,0,0,0,100,100,0,0,0,0,0,100,100,0,0.000000,0,9072,0.000000,0,0,0,0,108,8,0,8,100,4672,272,0,0,0,0,108,0,0,0,0,320,9400
1691,W2,1,1,5,5,0,0,0,0,0,0,0,100,100,0,0,0,0,0,100,100,0,0.000000,0,9072,0.000000,0,0,0,0,108,8,0,8,100,4672,272,0,0,0,0,108,0,0,0,0,315,9400
1692,W2,1,1,5,5,0,0,0,0,0,0,0,100,100,0,0,0,0,0,100,100,0,0.000000,0,9072,0.000000,0,0,0,0,108,8,0,8,100,4672,272,0,0,0,0,108,0,0,0,0,332,9400
1693,W2,1,1,5,5,0,0,0,0,0,0,0,100,100,0,0,0,0,0,100,100,0,0.000000,0,9072,0.000000,0,0,0,0,108,8,0,8,100,4672,272,0,0,0,0,108,0,0,0,0,390,9400
1694,W2,1,1,5,5,0,0,0,0,0,0,0,100,100,0,0,0,0,0,100,100,0,0.000000,0,9072,0.000000,0,0,0,0,108,8,0,8,100,4672,272,0,0,0,0,108,0,0,0,0,326,9400
1695,W2,1,1,5,5,0,0,0,0,0,0,0,100,100,0,0,0,0,0,100,100,0,0.000000,0,9072,0.000000,0,0,0,0,108,8,0,8,100,4672,272,0,0,0,0,108,0,0,0,0,292,9400
1696,W2,1,1,5,5,0,0,0,0,0,0,0,100,100,0,0,0,0,0,100,100,0,0.000000,0,9072,0.000000,0,0,0,0,108,8,0,8,100,4672,272,0,0,0,0,108,0,0,0,0,317,9400
1697,W2,1,1,5,5,0,0,0,0,0,0,0,100,100,100,0,0,0,0,100,100,100,100.000000,1600,9072,17.636684,10,10,10,10,108,8,0,8,100,4672,272,0,0,0,0,108,0,0,0,0,295,9400
1698,W2,1,1,5,5,0,0,0,0,0,0,0,100,100,0,0,0,0,0,100,100,0,0.000000,0,9072,0.000000,0,0,0,0,108,8,0,8,100,4672,272,0,0,0,0,108,0,0,0,0,327,9400
1699,W2,1,1,5,5,0,0,0,0,0,0,0,100,100,0,0,0,0,0,100,100,0,0.000000,0,9072,0.000000,0,0,0,0,108,8,0,8,100,4672,272,0,0,0,0,108,0,0,0,0,295,9400
1700,W2,1,1,5,5,0,0,0,0,0,0,0,100,100,0,0,0,0,0,100,100,0,0.000000,0,9072,0.000000,0,0,0,0,108,8,0,8,100,4672,272,0,0,0,0,108,0,0,0,0,301,9400
1701,W2,1,1,5,5,0,0,0,0,0,0,0,100,100,0,0,0,0,0,100,100,0,0.000000,0,9072,0.000000,0,0,0,0,108,8,0,8,100,4672,272,0,0,0,0,108,0,0,0,0,301,9400
1702,W2,1,1,5,5,0,0,0,0,0,0,0,100,100,0,0,0,0,0,100,100,0,0.000000,0,9072,0.000000,0,0,0,0,108,8,0,8,100,4672,272,0,0,0,0,108,0,0,0,0,329,9400
1703,W2,1,1,5,5,0,0,0,0,0,0,0,100,100,0,0,0,0,0,100,100,0,0.000000,0,9072,0.000000,0,0,0,0,108,8,0,8,100,4672,272,0,0,0,0,108,0,0,0,0,338,9400
1704,W2,1,1,5,5,0,0,0,0,0,0,0,100,100,0,0,0,0,0,100,100,0,0.000000,0,9072,0.000000,0,0,0,0,108,8,0,8,100,4672,272,0,0,0,0,108,0,0,0,0,315,9400
1705,W2,1,1,5,5,0,0,0,0,0,0,0,100,100,0,0,0,0,0,100,100,0,0.000000,0,9072,0.000000,0,0,0,0,108,8,0,8,100,4672,272,0,0,0,0,108,0,0,0,0,281,9400
1706,W2,1,1,5,5,0,0,0,0,0,0,0,100,100,100,0,0,0,0,100,100,100,100.000000,1600,9072,17.636684,10,10,10,10,108,8,0,8,100,4672,272,0,0,0,0,108,0,0,0,0,288,9400
1707,W2,1,1,5,5,0,0,0,0,0,0,0,100,100,0,0,0,0,0,100,100,0,0.000000,0,9072,0.000000,0,0,0,0,108,8,0,8,100,4672,272,0,0,0,0,108,0,0,0,0,285,9400
1708,W2,1,1,5,5,0,0,0,0,0,0,0,100,100,0,0,0,0,0,100,100,0,0.000000,0,9072,0.000000,0,0,0,0,108,8,0,8,100,4672,272,0,0,0,0,108,0,0,0,0,293,9400
1709,W2,1,1,5,5,0,0,0,0,0,0,0,100,100,0,0,0,0,0,100,100,0,0.000000,0,9072,0.000000,0,0,0,0,108,8,0,8,100,4672,272,0,0,0,0,108,0,0,0,0,287,9400
1710,W2,1,1,5,5,0,0,0,0,0,0,0,100,100,0,0,0,0,0,100,100,0,0.000000,0,9072,0.000000,0,0,0,0,108,8,0,8,100,4672,272,0,0,0,0,108,0,0,0,0,296,9400
1711,W2,1,1,5,5,0,0,0,0,0,0,0,100,100,0,0,0,0,0,100,100,0,0.000000,0,9072,0.000000,0,0,0,0,108,8,0,8,100,4672,272,0,0,0,0,108,0,0,0,0,279,9400
1712,W2,1,1,5,5,0,0,0,0,0,0,0,100,100,0,0,0,0,0,100,100,0,0.000000,0,9072,0.000000,0,0,0,0,108,8,0,8,100,4672,272,0,0,0,0,108,0,0,0,0,317,9400
1713,W2,1,1,5,5,0,0,0,0,0,0,0,100,100,0,0,0,0,0,100,100,0,0.000000,0,9072,0.000000,0,0,0,0,108,8,0,8,100,4672,272,0,0,0,0,108,0,0,0,0,284,9400
1714,W2,1,1,5,5,0,0,0,0,0,0,0,100,100,0,0,0,0,0,100,100,0,0.000000,0,9072,0.000000,0,0,0,0,108,8,0,8,100,4672,272,0,0,0,0,108,0,0,0,0,289,9400
1715,W2,1,1,5,5,0,0,0,0,0,0,0,100,100,100,0,0,0,0,100,100,100,100.000000,1600,9072,17.636684,10,10,10,10,108,8,0,8,100,4672,272,0,0,0,0,108,0,0,0,0,311,9400
1716,W2,1,1,5,5,0,0,0,0,0,0,0,100,100,0,0,0,0,0,100,100,0,0.000000,0,9072,0.000000,0,0,0,0,108,8,0,8,100,4672,272,0,0,0,0,108,0,0,0,0,289,9400
1717,W2,1,1,5,5,0,0,0,0,0,0,0,100,100,0,0,0,0,0,100,100,0,0.000000,0,9072,0.000000,0,0,0,0,108,8,0,8,100,4672,272,0,0,0,0,108,0,0,0,0,285,9400
1718,W2,1,1,5,5,0,0,0,0,0,0,0,100,100,0,0,0,0,0,100,100,0,0.000000,0,9072,0.000000,0,0,0,0,108,8,0,8,100,4672,272,0,0,0,0,108,0,0,0,0,326,9400
1719,W2,1,1,5,5,0,0,0,0,0,0,0,100,100,0,0,0,0,0,100,100,0,0.000000,0,9072,0.000000,0,0,0,0,108,8,0,8,100,4672,272,0,0,0,0,108,0,0,0,0,293,9400
1720,W2,1,1,5,5,0,0,0,0,0,0,0,100,100,0,0,0,0,0,100,100,0,0.000000,0,9072,0.000000,0,0,0,0,108,8,0,8,100,4672,272,0,0,0,0,108,0,0,0,0,323,9400
1721,W2,1,1,5,5,0,0,0,0,0,0,0,100,100,0,0,0,0,0,100,100,0,0.000000,0,9072,0.000000,0,0,0,0,108,8,0,8,100,4672,272,0,0,0,0,108,0,0,0,0,297,9400
1722,W2,1,1,5,5,0,0,0,0,0,0,0,100,100,0,0,0,0,0,100,100,0,0.000000,0,9072,0.000000,0,0,0,0,108,8,0,8,100,4672,272,0,0,0,0,108,0,0,0,0,286,9400
1723,W2,1,1,5,5,0,0,0,0,0,0,0,100,100,0,0,0,0,0,100,100,0,0.000000,0,9072,0.000000,0,0,0,0,108,8,0,8,100,4672,272,0,0,0,0,108,0,0,0,0,285,9400
1724,W2,1,1,5,5,0,0,0,0,0,0,0,100,100,100,0,0,0,0,100,100,100,100.000000,1600,9072,17.636684,10,10,10,10,108,8,0,8,100,4672,272,0,0,0,0,108,0,0,0,0,296,9400
1725,W2,1,1,5,5,0,0,0,0,0,0,0,100,100,0,0,0,0,0,100,100,0,0.000000,0,9072,0.000000,0,0,0,0,108,8,0,8,100,4672,272,0,0,0,0,108,0,0,0,0,310,9400
1726,W2,1,1,5,5,0,0,0,0,0,0,0,100,100,0,0,0,0,0,100,100,0,0.000000,0,9072,0.000000,0,0,0,0,108,8,0,8,100,4672,272,0,0,0,0,108,0,0,0,0,306,9400
1727,W2,1,1,5,5,0,0,0,0,0,0,0,100,100,0,0,0,0,0,100,100,0,0.000000,0,9072,0.000000,0,0,0,0,108,8,0,8,100,4672,272,0,0,0,0,108,0,0,0,0,316,9400
1728,W2,1,1,5,5,0,0,0,0,0,0,0,100,100,0,0,0,0,0,100,100,0,0.000000,0,9072,0.000000,0,0,0,0,108,8,0,8,100,4672,272,0,0,0,0,108,0,0,0,0,300,9400
1729,W2,1,1,5,5,0,0,0,0,0,0,0,100,100,0,0,0,0,0,100,100,0,0.000000,0,9072,0.000000,0,0,0,0,108,8,0,8,100,4672,272,0,0,0,0,108,0,0,0,0,294,9400
1730,W2,1,1,5,5,0,0,0,0,0,0,0,100,100,0,0,0,0,0,100,100,0,0.000000,0,9072,0.000000,0,0,0,0,108,8,0,8,100,4672,272,0,0,0,0,108,0,0,0,0,299,9400
1731,W2,1,1,5,5,0,0,0,0,0,0,0,100,100,0,0,0,0,0,100,100,0,0.000000,0,9072,0.000000,0,0,0,0,108,8,0,8,100,4672,272,0,0,0,0,108,0,0,0,0,300,9400
1732,W2,1,1,5,5,0,0,0,0,0,0,0,100,100,0,0,0,0,0,100,100,0,0.000000,0,9072,0.000000,0,0,0,0,108,8,0,8,100,4672,272,0,0,0,0,108,0,0,0,0,299,9400
1733,W2,1,1,5,5,0,0,0,0,0,0,0,100,100,100,0,0,0,0,100,100,100,100.000000,1600,9072,17.636684,10,10,10,10,108,8,0,8,100,4672,272,0,0,0,0,108,0,0,0,0,325,9400
1734,W2,1,1,5,5,0,0,0,0,0,0,0,100,100,0,0,0,0,0,100,100,0,0.000000,0,9072,0.000000,0,0,0,0,108,8,0,8,100,4672,272,0,0,0,0,108,0,0,0,0,322,9400
1735,W2,1,1,5,5,0,0,0,0,0,0,0,100,100,0,0,0,0,0,100,100,0,0.000000,0,9072,0.000000,0,0,0,0,108,8,0,8,100,4672,272,0,0,0,0,108,0,0,0,0,309,9400
1736,W2,1,1,5,5,0,0,0,0,0,0,0,100,100,0,0,0,0,0,100,100,0,0.000000,0,9072,0.000000,0,0,0,0,108,8,0,8,100,4672,272,0,0,0,0,108,0,0,0,0,304,9400
1737,W2,1,1,5,5,0,0,0,0,0,0,0,100,100,0,0,0,0,0,100,100,0,0.000000,0,9072,0.000000,0,0,0,0,108,8,0,8,100,4672,272,0,0,0,0,108,0,0,0,0,295,9400
1738,W2,1,1,5,5,0,0,0,0,0,0,0,100,100,0,0,0,0,0,100,100,0,0.000000,0,9072,0.000000,0,0,0,0,108,8,0,8,100,4672,272,0,0,0,0,108,0,0,0,0,303,9400
1739,W2,1,1,5,5,0,0,0,0,0,0,0,100,100,0,0,0,0,0,100,100,0,0.000000,0,9072,0.000000,0,0,0,0,108,8,0,8,100,4672,272,0,0,0,0,108,0,0,0,0,290,9400
1740,W2,1,1,5,5,0,0,0,0,0,0,0,100,100,0,0,0,0,0,100,100,0,0.000000,0,9072,0.000000,0,0,0,0,108,8,0,8,100,4672,272,0,0,0,0,108,0,0,0,0,330,9400
1741,W2,1,1,5,5,0,0,0,0,0,0,0,100,100,0,0,0,0,0,100,100,0,0.000000,0,9072,0.000000,0,0,0,0,108,8,0,8,100,4672,272,0,0,0,0,108,0,0,0,0,306,9400
1742,W2,1,1,5,5,0,0,0,0,0,0,0,100,100,100,0,0,0,0,100,100,100,100.000000,1600,9072,17.636684,10,10,10,10,108,8,0,8,100,4672,272,0,0,0,0,108,0,0,0,0,314,9400
1743,W2,1,1,5,5,0,0,0,0,0,0,0,100,100,0,0,0,0,0,100,100,0,0.000000,0,9072,0.000000,0,0,0,0,108,8,0,8,100,4672,272,0,0,0,0,108,0,0,0,0,293,9400
1744,W2,1,1,5,5,0,0,0,0,0,0,0,100,100,0,0,0,0,0,100,100,0,0.000000,0,9072,0.000000,0,0,0,0,108,8,0,8,100,4672,272,0,0,0,0,108,0,0,0,0,290,9400
1745,W2,1,1,5,5,0,0,0,0,0,0,0,100,100,0,0,0,0,0,100,100,0,0.000000,0,9072,0.000000,0,0,0,0,108,8,0,8,100,4672,272,0,0,0,0,108,0,0,0,0,312,9400
1746,W2,1,1,5,5,0,0,0,0,0,0,0,100,100,0,0,0,0,0,100,100,0,0.000000,0,9072,0.000000,0,0,0,0,108,8,0,8,100,4672,272,0,0,0,0,108,0,0,0,0,298,9400
1747,W2,1,1,5,5,0,0,0,0,0,0,0,100,100,0,0,0,0,0,100,100,0,0.000000,0,9072,0.000000,0,0,0,0,108,8,0,8,100,4672,272,0,0,0,0,108,0,0,0,0,300,9400
1748,W2,1,1,5,5,0,0,0,0,0,0,0,100,100,0,0,0,0,0,100,100,0,0.000000,0,9072,0.000000,0,0,0,0,108,8,0,8,100,4672,272,0,0,0,0,108,0,0,0,0,306,9400
1749,W2,1,1,5,5,0,0,0,0,0,0,0,100,100,0,0,0,0,0,100,100,0,0.000000,0,9072,0.000000,0,0,0,0,108,8,0,8,100,4672,272,0,0,0,0,108,0,0,0,0,295,9400
1750,W2,1,1,5,5,0,0,0,0,0,0,0,100,100,0,0,0,0,0,100,100,0,0.000000,0,9072,0.000000,0,0,0,0,108,8,0,8,100,4672,272,0,0,0,0,108,0,0,0,0,336,9400
1751,W2,1,1,5,5,0,0,0,0,0,0,0,100,100,100,0,0,0,0,100,100,100,100.000000,1600,9072,17.636684,10,10,10,10,108,8,0,8,100,4672,272,0,0,0,0,108,0,0,0,0,324,9400
1752,W2,1,1,5,5,0,0,0,0,0,0,0,100,100,0,0,0,0,0,100,100,0,0.000000,0,9072,0.000000,0,0,0,0,108,8,0,8,100,4672,272,0,0,0,0,108,0,0,0,0,312,9400
1753,W2,1,1,5,5,0,0,0,0,0,0,0,100,100,0,0,0,0,0,100,100,0,0.000000,0,9072,0.000000,0,0,0,0,108,8,0,8,100,4672,272,0,0,0,0,108,0,0,0,0,281,9400
1754,W2,1,1,5,5,0,0,0,0,0,0,0,100,100,0,0,0,0,0,100,100,0,0.000000,0,9072,0.000000,0,0,0,0,108,8,0,8,100,4672,272,0,0,0,0,108,0,0,0,0,299,9400
1755,W2,1,1,5,5,0,0,0,0,0,0,0,100,100,0,0,0,0,0,100,100,0,0.000000,0,9072,0.000000,0,0,0,0,108,8,0,8,100,4672,272,0,0,0,0,108,0,0,0,0,284,9400
1756,W2,1,1,5,5,0,0,0,0,0,0,0,100,100,0,0,0,0,0,100,100,0,0.000000,0,9072,0.000000,0,0,0,0,108,8,0,8,100,4672,272,0,0,0,0,108,0,0,0,0,301,9400
1757,W2,1,1,5,5,0,0,0,0,0,0,0,100,100,0,0,0,0,0,100,100,0,0.000000,0,9072,0.000000,0,0,0,0,108,8,0,8,100,4672,272,0,0,0,0,108,0,0,0,0,322,9400
1758,W2,1,1,5,5,0,0,0,0,0,0,0,100,100,0,0,0,0,0,100,100,0,0.000000,0,9072,0.000000,0,0,0,0,108,8,0,8,100,4672,272,0,0,0,0,108,0,0,0,0,296,9400
1759,W2,1,1,5,5,0,0,0,0,0,0,0,100,100,0,0,0,0,0,100,100,0,0.000000,0,9072,0.000000,0,0,0,0,108,8,0,8,100,4672,272,0,0,0,0,108,0,0,0,0,329,9400
1760,W2,1,1,5,5,0,0,0,0,0,0,0,100,100,100,0,0,0,0,100,100,100,100.000000,1600,9072,17.636684,10,10,10,10,108,8,0,8,100,4672,272,0,0,0,0,108,0,0,0,0,330,9400
1761,W2,1,1,5,5,0,0,0,0,0,0,0,100,100,0,0,0,0,0,100,100,0,0.000000,0,9072,0.000000,0,0,0,0,108,8,0,8,100,4672,272,0,0,0,0,108,0,0,0,0,302,9400
1762,W2,1,1,5,5,0,0,0,0,0,0,0,100,100,0,0,0,0,0,100,100,0,0.000000,0,9072,0.000000,0,0,0,0,108,8,0,8,100,4672,272,0,0,0,0,108,0,0,0,0,326,9400
1763,W2,1,1,5,5,0,0,0,0,0,0,0,100,100,0,0,0,0,0,100,100,0,0.000000,0,9072,0.000000,0,0,0,0,108,8,0,8,100,4672,272,0,0,0,0,108,0,0,0,0,310,9400
1764,W2,1,1,5,5,0,0,0,0,0,0,0,100,100,0,0,0,0,0,100,100,0,0.000000,0,9072,0.000000,0,0,0,0,108,8,0,8,100,4672,272,0,0,0,0,108,0,0,0,0,338,9400
1765,W2,1,1,5,5,0,0,0,0,0,0,0,100,100,0,0,0,0,0,100,100,0,0.000000,0,9072,0.000000,0,0,0,0,108,8,0,8,100,4672,272,0,0,0,0,108,0,0,0,0,346,9400
1766,W2,1,1,5,5,0,0,0,0,0,0,0,100,100,0,0,0,0,0,100,100,0,0.000000,0,9072,0.000000,0,0,0,0,108,8,0,8,100,4672,272,0,0,0,0,108,0,0,0,0,311,9400
1767,W2,1,1,5,5,0,0,0,0,0,0,0,100,100,0,0,0,0,0,100,100,0,0.000000,0,9072,0.000000,0,0,0,0,108,8,0,8,100,4672,272,0,0,0,0,108,0,0,0,0,302,9400
1768,W2,1,1,5,5,0,0,0,0,0,0,0,100,100,0,0,0,0,0,100,100,0,0.000000,0,9072,0.000000,0,0,0,0,108,8,0,8,100,4672,272,0,0,0,0,108,0,0,0,0,311,9400
1769,W2,1,1,5,5,0,0,0,0,0,0,0,100,100,100,0,0,0,0,100,100,100,100.000000,1600,9072,17.636684,10,10,10,10,108,8,0,8,100,4672,272,0,0,0,0,108,0,0,0,0,308,9400
1770,W2,1,1,5,5,0,0,0,0,0,0,0,100,100,0,0,0,0,0,100,100,0,0.000000,0,9072,0.000000,0,0,0,0,108,8,0,8,100,4672,272,0,0,0,0,108,0,0,0,0,311,9400
1771,W2,1,1,5,5,0,0,0,0,0,0,0,100,100,0,0,0,0,0,100,100,0,0.000000,0,9072,0.000000,0,0,0,0,108,8,0,8,100,4672,272,0,0,0,0,108,0,0,0,0,303,9400
1772,W2,1,1,5,5,0,0,0,0,0,0,0,100,100,0,0,0,0,0,100,100,0,0.000000,0,9072,0.000000,0,0,0,0,108,8,0,8,100,4672,272,0,0,0,0,108,0,0,0,0,317,9400
1773,W2,1,1,5,5,0,0,0,0,0,0,0,100,100,0,0,0,0,0,100,100,0,0.000000,0,9072,0.000000,0,0,0,0,108,8,0,8,100,4672,272,0,0,0,0,108,0,0,0,0,332,9400
1774,W2,1,1,5,5,0,0,0,0,0,0,0,100,100,0,0,0,0,0,100,100,0,0.000000,0,9072,0.000000,0,0,0,0,108,8,0,8,100,4672,272,0,0,0,0,108,0,0,0,0,311,9400
1775,W2,1,1,5,5,0,0,0,0,0,0,0,100,100,0,0,0,0,0,100,100,0,0.000000,0,9072,0.000000,0,0,0,0,108,8,0,8,100,4672,272,0,0,0,0,108,0,0,0,0,293,9400
1776,W2,1,1,5,5,0,0,0,0,0,0,0,100,100,0,0,0,0,0,100,100,0,0.000000,0,9072,0.000000,0,0,0,0,108,8,0,8,100,4672,272,0,0,0,0,108,0,0,0,0,484,9400
1777,W2,1,1,5,5,0,0,0,0,0,0,0,100,100,0,0,0,0,0,100,100,0,0.000000,0,9072,0.000000,0,0,0,0,108,8,0,8,100,4672,272,0,0,0,0,108,0,0,0,0,308,9400
1778,W2,1,1,5,5,0,0,0,0,0,0,0,100,100,100,0,0,0,0,100,100,100,100.000000,1600,9072,17.636684,10,10,10,10,108,8,0,8,100,4672,272,0,0,0,0,108,0,0,0,0,311,9400
1779,W2,1,1,5,5,0,0,0,0,0,0,0,100,100,0,0,0,0,0,100,100,0,0.000000,0,9072,0.000000,0,0,0,0,108,8,0,8,100,4672,272,0,0,0,0,108,0,0,0,0,304,9400
1780,W2,1,1,5,5,0,0,0,0,0,0,0,100,100,0,0,0,0,0,100,100,0,0.000000,0,9072,0.000000,0,0,0,0,108,8,0,8,100,4672,272,0,0,0,0,108,0,0,0,0,297,9400
1781,W2,1,1,5,5,0,0,0,0,0,0,0,100,100,0,0,0,0,0,100,100,0,0.000000,0,9072,0.000000,0,0,0,0,108,8,0,8,100,4672,272,0,0,0,0,108,0,0,0,0,284,9400
1782,W2,1,1,5,5,0,0,0,0,0,0,0,100,100,0,0,0,0,0,100,100,0,0.000000,0,9072,0.000000,0,0,0,0,108,8,0,8,100,4672,272,0,0,0,0,108,0,0,0,0,375,9400
1783,W2,1,1,5,5,0,0,0,0,0,0,0,100,100,0,0,0,0,0,100,100,0,0.000000,0,9072,0.000000,0,0,0,0,108,8,0,8,100,4672,272,0,0,0,0,108,0,0,0,0,306,9400
1784,W2,1,1,5,5,0,0,0,0,0,0,0,100,100,0,0,0,0,0,100,100,0,0.000000,0,9072,0.000000,0,0,0,0,108,8,0,8,100,4672,272,0,0,0,0,108,0,0,0,0,322,9400
1785,W2,1,1,5,5,0,0,0,0,0,0,0,100,100,0,0,0,0,0,100,100,0,0.000000,0,9072,0.000000,0,0,0,0,108,8,0,8,100,4672,272,0,0,0,0,108,0,0,0,0,284,9400
1786,W2,1,1,5,5,0,0,0,0,0,0,0,100,100,0,0,0,0,0,100,100,0,0.000000,0,9072,0.000000,0,0,0,0,108,8,0,8,100,4672,272,0,0,0,0,108,0,0,0,0,330,9400
1787,W2,1,1,5,5,0,0,0,0,0,0,0,100,100,100,0,0,0,0,100,100,100,100.000000,1600,9072,17.636684,10,10,10,10,108,8,0,8,100,4672,272,0,0,0,0,108,0,0,0,0,329,9400
1788,W2,1,1,5,5,0,0,0,0,0,0,0,100,100,0,0,0,0,0,100,100,0,0.000000,0,9072,0.000000,0,0,0,0,108,8,0,8,100,4672,272,0,0,0,0,108,0,0,0,0,293,9400
1789,W2,1,1,5,5,0,0,0,0,0,0,0,100,100,0,0,0,0,0,100,100,0,0.000000,0,9072,0.000000,0,0,0,0,108,8,0,8,100,4672,272,0,0,0,0,108,0,0,0,0,307,9400
1790,W2,1,1,5,5,0,0,0,0,0,0,0,100,100,0,0,0,0,0,100,100,0,0.000000,0,9072,0.000000,0,0,0,0,108,8,0,8,100,4672,272,0,0,0,0,108,0,0,0,0,303,9400
1791,W2,1,1,5,5,0,0,0,0,0,0,0,100,100,0,0,0,0,0,100,100,0,0.000000,0,9072,0.000000,0,0,0,0,108,8,0,8,100,4672,272,0,0,0,0,108,0,0,0,0,294,9400
1792,W2,1,1,5,5,0,0,0,0,0,0,0,100,100,0,0,0,0,0,100,100,0,0.000000,0,9072,0.000000,0,0,0,0,108,8,0,8,100,4672,272,0,0,0,0,108,0,0,0,0,301,9400
1793,W2,1,1,5,5,0,0,0,0,0,0,0,100,100,0,0,0,0,0,100,100,0,0.000000,0,9072,0.000000,0,0,0,0,108,8,0,8,100,4672,272,0,0,0,0,108,0,0,0,0,298,9400
1794,W2,1,1,5,5,0,0,0,0,0,0,0,100,100,0,0,0,0,0,100,100,0,0.000000,0,9072,0.000000,0,0,0,0,108,8,0,8,100,4672,272,0,0,0,0,108,0,0,0,0,314,9400
1795,W2,1,1,5,5,0,0,0,0,0,0,0,100,100,0,0,0,0,0,100,100,0,0.000000,0,9072,0.000000,0,0,0,0,108,8,0,8,100,4672,272,0,0,0,0,108,0,0,0,0,298,9400
1796,W2,1,1,5,5,0,0,0,0,0,0,0,100,100,100,0,0,0,0,100,100,100,100.000000,1600,9072,17.636684,10,10,10,10,108,8,0,8,100,4672,272,0,0,0,0,108,0,0,0,0,310,9400
1797,W2,1,1,5,5,0,0,0,0,0,0,0,100,100,0,0,0,0,0,100,100,0,0.000000,0,9072,0.000000,0,0,0,0,108,8,0,8,100,4672,272,0,0,0,0,108,0,0,0,0,312,9400
1798,W2,1,1,5,5,0,0,0,0,0,0,0,100,100,0,0,0,0,0,100,100,0,0.000000,0,9072,0.000000,0,0,0,0,108,8,0,8,100,4672,272,0,0,0,0,108,0,0,0,0,301,9400
1799,W2,1,1,5,5,0,0,0,0,0,0,0,100,100,0,0,0,0,0,100,100,0,0.000000,0,9072,0.000000,0,0,0,0,108,8,0,8,100,4672,272,0,0,0,0,108,0,0,0,0,306,9400
1800,W2,1,1,5,5,0,0,0,0,0,0,0,100,100,0,0,0,0,0,100,100,0,0.000000,0,9072,0.000000,0,0,0,0,108,8,0,8,100,4672,272,0,0,0,0,108,0,0,0,0,311,9400
1801,W2,1,1,5,5,0,0,0,0,0,0,0,100,100,0,0,0,0,0,100,100,0,0.000000,0,9072,0.000000,0,0,0,0,108,8,0,8,100,4672,272,0,0,0,0,108,0,0,0,0,281,9400
1802,W2,1,1,5,5,0,0,0,0,0,0,0,100,100,0,0,0,0,0,100,100,0,0.000000,0,9072,0.000000,0,0,0,0,108,8,0,8,100,4672,272,0,0,0,0,108,0,0,0,0,292,9400
1803,W2,1,1,5,5,0,0,0,0,0,0,0,100,100,0,0,0,0,0,100,100,0,0.000000,0,9072,0.000000,0,0,0,0,108,8,0,8,100,4672,272,0,0,0,0,108,0,0,0,0,323,9400
1804,W2,1,1,5,5,0,0,0,0,0,0,0,100,100,0,0,0,0,0,100,100,0,0.000000,0,9072,0.000000,0,0,0,0,108,8,0,8,100,4672,272,0,0,0,0,108,0,0,0,0,317,9400
1805,W2,1,1,5,5,0,0,0,0,0,0,0,100,100,100,0,0,0,0,100,100,100,100.000000,1600,9072,17.636684,10,10,10,10,108,8,0,8,100,4672,272,0,0,0,0,108,0,0,0,0,309,9400
1806,W2,1,1,5,5,0,0,0,0,0,0,0,100,100,0,0,0,0,0,100,100,0,0.000000,0,9072,0.000000,0,0,0,0,108,8,0,8,100,4672,272,0,0,0,0,108,0,0,0,0,295,9400
1807,W2,1,1,5,5,0,0,0,0,0,0,0,100,100,0,0,0,0,0,100,100,0,0.000000,0,9072,0.000000,0,0,0,0,108,8,0,8,100,4672,272,0,0,0,0,108,0,0,0,0,299,9400
1808,W2,1,1,5,5,0,0,0,0,0,0,0,100,100,0,0,0,0,0,100,100,0,0.000000,0,9072,0.000000,0,0,0,0,108,8,0,8,100,4672,272,0,0,0,0,108,0,0,0,0,297,9400
1809,W2,1,1,5,5,0,0,0,0,0,0,0,100,100,0,0,0,0,0,100,100,0,0.000000,0,9072,0.000000,0,0,0,0,108,8,0,8,100,4672,272,0,0,0,0,108,0,0,0,0,293,9400
1810,W2,1,1,5,5,0,0,0,0,0,0,0,100,100,0,0,0,0,0,100,100,0,0.000000,0,9072,0.000000,0,0,0,0,108,8,0,8,100,4672,272,0,0,0,0,108,0,0,0,0,293,9400
1811,W2,1,1,5,5,0,0,0,0,0,0,0,100,100,0,0,0,0,0,100,100,0,0.000000,0,9072,0.000000,0,0,0,0,108,8,0,8,100,4672,272,0,0,0,0,108,0,0,0,0,317,9400
1812,W2,1,1,5,5,0,0,0,0,0,0,0,100,100,0,0,0,0,0,100,100,0,0.000000,0,9072,0.000000,0,0,0,0,108,8,0,8,100,4672,272,0,0,0,0,108,0,0,0,0,301,9400
1813,W2,1,1,5,5,0,0,0,0,0,0,0,100,100,0,0,0,0,0,100,100,0,0.000000,0,9072,0.000000,0,0,0,0,108,8,0,8,100,4672,272,0,0,0,0,108,0,0,0,0,314,9400
1814,W2,1,1,5,5,0,0,0,0,0,0,0,100,100,100,0,0,0,0,100,100,100,100.000000,1600,9072,17.636684,10,10,10,10,108,8,0,8,100,4672,272,0,0,0,0,108,0,0,0,0,302,9400
1815,W2,1,1,5,5,0,0,0,0,0,0,0,100,100,0,0,0,0,0,100,100,0,0.000000,0,9072,0.000000,0,0,0,0,108,8,0,8,100,4672,272,0,0,0,0,108,0,0,0,0,285,9400
1816,W2,1,1,5,5,0,0,0,0,0,0,0,100,100,0,0,0,0,0,100,100,0,0.000000,0,9072,0.000000,0,0,0,0,108,8,0,8,100,4672,272,0,0,0,0,108,0,0,0,0,316,9400
1817,W2,1,1,5,5,0,0,0,0,0,0,0,100,100,0,0,0,0,0,100,100,0,0.000000,0,9072,0.000000,0,0,0,0,108,8,0,8,100,4672,272,0,0,0,0,108,0,0,0,0,332,9400
1818,W2,1,1,5,5,0,0,0,0,0,0,0,100,100,0,0,0,0,0,100,100,0,0.000000,0,9072,0.000000,0,0,0,0,108,8,0,8,100,4672,272,0,0,0,0,108,0,0,0,0,322,9400
1819,W2,1,1,5,5,0,0,0,0,0,0,0,100,100,0,0,0,0,0,100,100,0,0.000000,0,9072,0.000000,0,0,0,0,108,8,0,8,100,4672,272,0,0,0,0,108,0,0,0,0,280,9400
1820,W2,1,1,5,5,0,0,0,0,0,0,0,100,100,0,0,0,0,0,100,100,0,0.000000,0,9072,0.000000,0,0,0,0,108,8,0,8,100,4672,272,0,0,0,0,108,0,0,0,0,287,9400
1821,W2,1,1,5,5,0,0,0,0,0,0,0,100,100,0,0,0,0,0,100,100,0,0.000000,0,9072,0.000000,0,0,0,0,108,8,0,8,100,4672,272,0,0,0,0,108,0,0,0,0,283,9400
1822,W2,1,1,5,5,0,0,0,0,0,0,0,100,100,0,0,0,0,0,100,100,0,0.000000,0,9072,0.000000,0,0,0,0,108,8,0,8,100,4672,272,0,0,0,0,108,0,0,0,0,306,9400
1823,W2,1,1,5,5,0,0,0,0,0,0,0,100,100,100,0,0,0,0,100,100,100,100.000000,1600,9072,17.636684,10,10,10,10,108,8,0,8,100,4672,272,0,0,0,0,108,0,0,0,0,335,9400
1824,W2,1,1,5,5,0,0,0,0,0,0,0,100,100,0,0,0,0,0,100,100,0,0.000000,0,9072,0.000000,0,0,0,0,108,8,0,8,100,4672,272,0,0,0,0,108,0,0,0,0,295,9400
1825,W2,1,1,5,5,0,0,0,0,0,0,0,100,100,0,0,0,0,0,100,100,0,0.000000,0,9072,0.000000,0,0,0,0,108,8,0,8,100,4672,272,0,0,0,0,108,0,0,0,0,307,9400
1826,W2,1,1,5,5,0,0,0,0,0,0,0,100,100,0,0,0,0,0,100,100,0,0.000000,0,9072,0.000000,0,0,0,0,108,8,0,8,100,4672,272,0,0,0,0,108,0,0,0,0,295,9400
1827,W2,1,1,5,5,0,0,0,0,0,0,0,100,100,0,0,0,0,0,100,100,0,0.000000,0,9072,0.000000,0,0,0,0,108,8,0,8,100,4672,272,0,0,0,0,108,0,0,0,0,348,9400
1828,W2,1,1,5,5,0,0,0,0,0,0,0,100,100,0,0,0,0,0,100,100,0,0.000000,0,9072,0.000000,0,0,0,0,108,8,0,8,100,4672,272,0,0,0,0,108,0,0,0,0,302,9400
1829,W2,1,1,5,5,0,0,0,0,0,0,0,100,100,0,0,0,0,0,100,100,0,0.000000,0,9072,0.000000,0,0,0,0,108,8,0,8,100,4672,272,0,0,0,0,108,0,0,0,0,287,9400
1830,W2,1,1,5,5,0,0,0,0,0,0,0,100,100,0,0,0,0,0,100,100,0,0.000000,0,9072,0.000000,0,0,0,0,108,8,0,8,100,4672,272,0,0,0,0,108,0,0,0,0,284,9400
1831,W2,1,1,5,5,0,0,0,0,0,0,0,100,100,0,0,0,0,0,100,100,0,0.000000,0,9072,0.000000,0,0,0,0,108,8,0,8,100,4672,272,0,0,0,0,108,0,0,0,0,291,9400
1832,W2,1,1,5,5,0,0,0,0,0,0,0,100,100,100,0,0,0,0,100,100,100,100.000000,1600,9072,17.636684,10,10,10,10,108,8,0,8,100,4672,272,0,0,0,0,108,0,0,0,0,292,9400
1833,W2,1,1,5,5,0,0,0,0,0,0,0,100,100,0,0,0,0,0,100,100,0,0.000000,0,9072,0.000000,0,0,0,0,108,8,0,8,100,4672,272,0,0,0,0,108,0,0,0,0,305,9400
1834,W2,1,1,5,5,0,0,0,0,0,0,0,100,100,0,0,0,0,0,100,100,0,0.000000,0,9072,0.000000,0,0,0,0,108,8,0,8,100,4672,272,0,0,0,0,108,0,0,0,0,325,9400
1835,W2,1,1,5,5,0,0,0,0,0,0,0,100,100,0,0,0,0,0,100,100,0,0.000000,0,9072,0.000000,0,0,0,0,108,8,0,8,100,4672,272,0,0,0,0,108,0,0,0,0,292,9400
1836,W2,1,1,5,5,0,0,0,0,0,0,0,100,100,0,0,0,0,0,100,100,0,0.000000,0,9072,0.000000,0,0,0,0,108,8,0,8,100,4672,272,0,0,0,0,108,0,0,0,0,309,9400
1837,W2,1,1,5,5,0,0,0,0,0,0,0,100,100,0,0,0,0,0,100,100,0,0.000000,0,9072,0.000000,0,0,0,0,108,8,0,8,100,4672,272,0,0,0,0,108,0,0,0,0,292,9400
1838,W2,1,1,5,5,0,0,0,0,0,0,0,100,100,0,0,0,0,0,100,100,0,0.000000,0,9072,0.000000,0,0,0,0,108,8,0,8,100,4672,272,0,0,0,0,108,0,0,0,0,297,9400
1839,W2,1,1,5,5,0,0,0,0,0,0,0,100,100,0,0,0,0,0,100,100,0,0.000000,0,9072,0.000000,0,0,0,0,108,8,0,8,100,4672,272,0,0,0,0,108,0,0,0,0,321,9400
1840,W2,1,1,5,5,0,0,0,0,0,0,0,100,100,0,0,0,0,0,100,100,0,0.000000,0,9072,0.000000,0,0,0,0,108,8,0,8,100,4672,272,0,0,0,0,108,0,0,0,0,298,9400
1841,W2,1,1,5,5,0,0,0,0,0,0,0,100,100,100,0,0,0,0,100,100,100,100.000000,1600,9072,17.636684,10,10,10,10,108,8,0,8,100,4672,272,0,0,0,0,108,0,0,0,0,297,9400
1842,W2,1,1,5,5,0,0,0,0,0,0,0,100,100,0,0,0,0,0,100,100,0,0.000000,0,9072,0.000000,0,0,0,0,108,8,0,8,100,4672,272,0,0,0,0,108,0,0,0,0,309,9400
1843,W2,1,1,5,5,0,0,0,0,0,0,0,100,100,0,0,0,0,0,100,100,0,0.000000,0,9072,0.000000,0,0,0,0,108,8,0,8,100,4672,272,0,0,0,0,108,0,0,0,0,285,9400
1844,W2,1,1,5,5,0,0,0,0,0,0,0,100,100,0,0,0,0,0,100,100,0,0.000000,0,9072,0.000000,0,0,0,0,108,8,0,8,100,4672,272,0,0,0,0,108,0,0,0,0,291,9400
1845,W2,1,1,5,5,0,0,0,0,0,0,0,100,100,0,0,0,0,0,100,100,0,0.000000,0,9072,0.000000,0,0,0,0,108,8,0,8,100,4672,272,0,0,0,0,108,0,0,0,0,290,9400
1846,W2,1,1,5,5,0,0,0,0,0,0,0,100,100,0,0,0,0,0,100,100,0,0.000000,0,9072,0.000000,0,0,0,0,108,8,0,8,100,4672,272,0,0,0,0,108,0,0,0,0,289,9400
1847,W2,1,1,5,5,0,0,0,0,0,0,0,100,100,0,0,0,0,0,100,100,0,0.000000,0,9072,0.000000,0,0,0,0,108,8,0,8,100,4672,272,0,0,0,0,108,0,0,0,0,291,9400
1848,W2,1,1,5,5,0,0,0,0,0,0,0,100,100,0,0,0,0,0,100,100,0,0.000000,0,9072,0.000000,0,0,0,0,108,8,0,8,100,4672,272,0,0,0,0,108,0,0,0,0,303,9400
1849,W2,1,1,5,5,0,0,0,0,0,0,0,100,100,0,0,0,0,0,100,100,0,0.000000,0,9072,0.000000,0,0,0,0,108,8,0,8,100,4672,272,0,0,0,0,108,0,0,0,0,290,9400
1850,W2,1,1,5,5,0,0,0,0,0,0,0,100,100,100,0,0,0,0,100,100,100,100.000000,1600,9072,17.636684,10,10,10,10,108,8,0,8,100,4672,272,0,0,0,0,108,0,0,0,0,311,9400
1851,W2,1,1,5,5,0,0,0,0,0,0,0,100,100,0,0,0,0,0,100,100,0,0.000000,0,9072,0.000000,0,0,0,0,108,8,0,8,100,4672,272,0,0,0,0,108,0,0,0,0,294,9400
1852,W2,1,1,5,5,0,0,0,0,0,0,0,100,100,0,0,0,0,0,100,100,0,0.000000,0,9072,0.000000,0,0,0,0,108,8,0,8,100,4672,272,0,0,0,0,108,0,0,0,0,290,9400
1853,W2,1,1,5,5,0,0,0,0,0,0,0,100,100,0,0,0,0,0,100,100,0,0.000000,0,9072,0.000000,0,0,0,0,108,8,0,8,100,4672,272,0,0,0,0,108,0,0,0,0,324,9400
1854,W2,1,1,5,5,0,0,0,0,0,0,0,100,100,0,0,0,0,0,100,100,0,0.000000,0,9072,0.000000,0,0,0,0,108,8,0,8,100,4672,272,0,0,0,0,108,0,0,0,0,326,9400
1855,W2,1,1,5,5,0,0,0,0,0,0,0,100,100,0,0,0,0,0,100,100,0,0.000000,0,9072,0.000000,0,0,0,0,108,8,0,8,100,4672,272,0,0,0,0,108,0,0,0,0,323,9400
1856,W2,1,1,5,5,0,0,0,0,0,0,0,100,100,0,0,0,0,0,100,100,0,0.000000,0,9072,0.000000,0,0,0,0,108,8,0,8,100,4672,272,0,0,0,0,108,0,0,0,0,305,9400
1857,W2,1,1,5,5,0,0,0,0,0,0,0,100,100,0,0,0,0,0,100,100,0,0.000000,0,9072,0.000000,0,0,0,0,108,8,0,8,100,4672,272,0,0,0,0,108,0,0,0,0,332,9400
1858,W2,1,1,5,5,0,0,0,0,0,0,0,100,100,0,0,0,0,0,100,100,0,0.000000,0,9072,0.000000,0,0,0,0,108,8,0,8,100,4672,272,0,0,0,0,108,0,0,0,0,301,9400
1859,W2,1,1,5,5,0,0,0,0,0,0,0,100,100,100,0,0,0,0,100,100,100,100.000000,1600,9072,17.636684,10,10,10,10,108,8,0,8,100,4672,272,0,0,0,0,108,0,0,0,0,320,9400
1860,W2,1,1,5,5,0,0,0,0,0,0,0,100,100,0,0,0,0,0,100,100,0,0.000000,0,9072,0.000000,0,0,0,0,108,8,0,8,100,4672,272,0,0,0,0,108,0,0,0,0,317,9400
1861,W2,1,1,5,5,0,0,0,0,0,0,0,100,100,0,0,0,0,0,100,100,0,0.000000,0,9072,0.000000,0,0,0,0,108,8,0,8,100,4672,272,0,0,0,0,108,0,0,0,0,299,9400
1862,W2,1,1,5,5,0,0,0,0,0,0,0,100,100,0,0,0,0,0,100,100,0,0.000000,0,9072,0.000000,0,0,0,0,108,8,0,8,100,4672,272,0,0,0,0,108,0,0,0,0,322,9400
1863,W2,1,1,5,5,0,0,0,0,0,0,0,100,100,0,0,0,0,0,100,100,0,0.000000,0,9072,0.000000,0,0,0,0,108,8,0,8,100,4672,272,0,0,0,0,108,0,0,0,0,301,9400
1864,W2,1,1,5,5,0,0,0,0,0,0,0,100,100,0,0,0,0,0,100,100,0,0.000000,0,9072,0.000000,0,0,0,0,108,8,0,8,100,4672,272,0,0,0,0,108,0,0,0,0,323,9400
1865,W2,1,1,5,5,0,0,0,0,0,0,0,100,100,0,0,0,0,0,100,100,0,0.000000,0,9072,0.000000,0,0,0,0,108,8,0,8,100,4672,272,0,0,0,0,108,0,0,0,0,296,9400
1866,W2,1,1,5,5,0,0,0,0,0,0,0,100,100,0,0,0,0,0,100,100,0,0.000000,0,9072,0.000000,0,0,0,0,108,8,0,8,100,4672,272,0,0,0,0,108,0,0,0,0,289,9400
1867,W2,1,1,5,5,0,0,0,0,0,0,0,100,100,0,0,0,0,0,100,100,0,0.000000,0,9072,0.000000,0,0,0,0,108,8,0,8,100,4672,272,0,0,0,0,108,0,0,0,0,279,9400
1868,W2,1,1,5,5,0,0,0,0,0,0,0,100,100,100,0,0,0,0,100,100,100,100.000000,1600,9072,17.636684,10,10,10,10,108,8,0,8,100,4672,272,0,0,0,0,108,0,0,0,0,290,9400
1869,W2,1,1,5,5,0,0,0,0,0,0,0,100,100,0,0,0,0,0,100,100,0,0.000000,0,9072,0.000000,0,0,0,0,108,8,0,8,100,4672,272,0,0,0,0,108,0,0,0,0,293,9400
1870,W2,1,1,5,5,0,0,0,0,0,0,0,100,100,0,0,0,0,0,100,100,0,0.000000,0,9072,0.000000,0,0,0,0,108,8,0,8,100,4672,272,0,0,0,0,108,0,0,0,0,307,9400
1871,W2,1,1,5,5,0,0,0,0,0,0,0,100,100,0,0,0,0,0,100,100,0,0.000000,0,9072,0.000000,0,0,0,0,108,8,0,8,100,4672,272,0,0,0,0,108,0,0,0,0,320,9400
1872,W2,1,1,5,5,0,0,0,0,0,0,0,100,100,0,0,0,0,0,100,100,0,0.000000,0,9072,0.000000,0,0,0,0,108,8,0,8,100,4672,272,0,0,0,0,108,0,0,0,0,310,9400
1873,W2,1,1,5,5,0,0,0,0,0,0,0,100,100,0,0,0,0,0,100,100,0,0.000000,0,9072,0.000000,0,0,0,0,108,8,0,8,100,4672,272,0,0,0,0,108,0,0,0,0,305,9400
1874,W2,1,1,5,5,0,0,0,0,0,0,0,100,100,0,0,0,0,0,100,100,0,0.000000,0,9072,0.000000,0,0,0,0,108,8,0,8,100,4672,272,0,0,0,0,108,0,0,0,0,304,9400
1875,W2,1,1,5,5,0,0,0,0,0,0,0,100,100,0,0,0,0,0,100,100,0,0.000000,0,9072,0.000000,0,0,0,0,108,8,0,8,100,4672,272,0,0,0,0,108,0,0,0,0,321,9400
1876,W2,1,1,5,5,0,0,0,0,0,0,0,100,100,0,0,0,0,0,100,100,0,0.000000,0,9072,0.000000,0,0,0,0,108,8,0,8,100,4672,272,0,0,0,0,108,0,0,0,0,317,9400
1877,W2,1,1,5,5,0,0,0,0,0,0,0,100,100,100,0,0,0,0,100,100,100,100.000000,1600,9072,17.636684,10,10,10,10,108,8,0,8,100,4672,272,0,0,0,0,108,0,0,0,0,327,9400
1878,W2,1,1,5,5,0,0,0,0,0,0,0,100,100,0,0,0,0,0,100,100,0,0.000000,0,9072,0.000000,0,0,0,0,108,8,0,8,100,4672,272,0,0,0,0,108,0,0,0,0,290,9400
1879,W2,1,1,5,5,0,0,0,0,0,0,0,100,100,0,0,0,0,0,100,100,0,0.000000,0,9072,0.000000,0,0,0,0,108,8,0,8,100,4672,272,0,0,0,0,108,0,0,0,0,309,9400
1880,W2,1,1,5,5,0,0,0,0,0,0,0,100,100,0,0,0,0,0,100,100,0,0.000000,0,9072,0.000000,0,0,0,0,108,8,0,8,100,4672,272,0,0,0,0,108,0,0,0,0,294,9400
1881,W2,1,1,5,5,0,0,0,0,0,0,0,100,100,0,0,0,0,0,100,100,0,0.000000,0,9072,0.000000,0,0,0,0,108,8,0,8,100,4672,272,0,0,0,0,108,0,0,0,0,283,9400
1882,W2,1,1,5,5,0,0,0,0,0,0,0,100,100,0,0,0,0,0,100,100,0,0.000000,0,9072,0.000000,0,0,0,0,108,8,0,8,100,4672,272,0,0,0,0,108,0,0,0,0,349,9400
1883,W2,1,1,5,5,0,0,0,0,0,0,0,100,100,0,0,0,0,0,100,100,0,0.000000,0,9072,0.000000,0,0,0,0,108,8,0,8,100,4672,272,0,0,0,0,108,0,0,0,0,299,9400
1884,W2,1,1,5,5,0,0,0,0,0,0,0,100,100,0,0,0,0,0,100,100,0,0.000000,0,9072,0.000000,0,0,0,0,108,8,0,8,100,4672,272,0,0,0,0,108,0,0,0,0,287,9400
1885,W2,1,1,5,5,0,0,0,0,0,0,0,100,100,0,0,0,0,0,100,100,0,0.000000,0,9072,0.000000,0,0,0,0,108,8,0,8,100,4672,272,0,0,0,0,108,0,0,0,0,280,9400
1886,W2,1,1,5,5,0,0,0,0,0,0,0,100,100,100,0,0,0,0,100,100,100,100.000000,1600,9072,17.636684,10,10,10,10,108,8,0,8,100,4672,272,0,0,0,0,108,0,0,0,0,309,9400
1887,W2,1,1,5,5,0,0,0,0,0,0,0,100,100,0,0,0,0,0,100,100,0,0.000000,0,9072,0.000000,0,0,0,0,108,8,0,8,100,4672,272,0,0,0,0,108,0,0,0,0,322,9400
1888,W2,1,1,5,5,0,0,0,0,0,0,0,100,100,0,0,0,0,0,100,100,0,0.000000,0,9072,0.000000,0,0,0,0,108,8,0,8,100,4672,272,0,0,0,0,108,0,0,0,0,310,9400
1889,W2,1,1,5,5,0,0,0,0,0,0,0,100,100,0,0,0,0,0,100,100,0,0.000000,0,9072,0.000000,0,0,0,0,108,8,0,8,100,4672,272,0,0,0,0,108,0,0,0,0,304,9400
1890,W2,1,1,5,5,0,0,0,0,0,0,0,100,100,0,0,0,0,0,100,100,0,0.000000,0,9072,0.000000,0,0,0,0,108,8,0,8,100,4672,272,0,0,0,0,108,0,0,0,0,326,9400
1891,W2,1,1,5,5,0,0,0,0,0,0,0,100,100,0,0,0,0,0,100,100,0,0.000000,0,9072,0.000000,0,0,0,0,108,8,0,8,100,4672,272,0,0,0,0,108,0,0,0,0,321,9400
1892,W2,1,1,5,5,0,0,0,0,0,0,0,100,100,0,0,0,0,0,100,100,0,0.000000,0,9072,0.000000,0,0,0,0,108,8,0,8,100,4672,272,0,0,0,0,108,0,0,0,0,311,9400
1893,W2,1,1,5,5,0,0,0,0,0,0,0,100,100,0,0,0,0,0,100,100,0,0.000000,0,9072,0.000000,0,0,0,0,108,8,0,8,100,4672,272,0,0,0,0,108,0,0,0,0,291,9400
1894,W2,1,1,5,5,0,0,0,0,0,0,0,100,100,0,0,0,0,0,100,100,0,0.000000,0,9072,0.000000,0,0,0,0,108,8,0,8,100,4672,272,0,0,0,0,108,0,0,0,0,308,9400
1895,W2,1,1,5,5,0,0,0,0,0,0,0,100,100,100,0,0,0,0,100,100,100,100.000000,1600,9072,17.636684,10,10,10,10,108,8,0,8,100,4672,272,0,0,0,0,108,0,0,0,0,290,9400
1896,W2,1,1,5,5,0,0,0,0,0,0,0,100,100,0,0,0,0,0,100,100,0,0.000000,0,9072,0.000000,0,0,0,0,108,8,0,8,100,4672,272,0,0,0,0,108,0,0,0,0,289,9400
1897,W2,1,1,5,5,0,0,0,0,0,0,0,100,100,0,0,0,0,0,100,100,0,0.000000,0,9072,0.000000,0,0,0,0,108,8,0,8,100,4672,272,0,0,0,0,108,0,0,0,0,291,9400
1898,W2,1,1,5,5,0,0,0,0,0,0,0,100,100,0,0,0,0,0,100,100,0,0.000000,0,9072,0.000000,0,0,0,0,108,8,0,8,100,4672,272,0,0,0,0,108,0,0,0,0,301,9400
1899,W2,1,1,5,5,0,0,0,0,0,0,0,100,100,0,0,0,0,0,100,100,0,0.000000,0,9072,0.000000,0,0,0,0,108,8,0,8,100,4672,272,0,0,0,0,108,0,0,0,0,297,9400
1900,W2,1,1,5,5,0,0,0,0,0,0,0,100,100,0,0,0,0,0,100,100,0,0.000000,0,9072,0.000000,0,0,0,0,108,8,0,8,100,4672,272,0,0,0,0,108,0,0,0,0,331,9400
1901,W2,1,1,5,5,0,0,0,0,0,0,0,100,100,0,0,0,0,0,100,100,0,0.000000,0,9072,0.000000,0,0,0,0,108,8,0,8,100,4672,272,0,0,0,0,108,0,0,0,0,332,9400
1902,W2,1,1,5,5,0,0,0,0,0,0,0,100,100,0,0,0,0,0,100,100,0,0.000000,0,9072,0.000000,0,0,0,0,108,8,0,8,100,4672,272,0,0,0,0,108,0,0,0,0,322,9400
1903,W2,1,1,5,5,0,0,0,0,0,0,0,100,100,0,0,0,0,0,100,100,0,0.000000,0,9072,0.000000,0,0,0,0,108,8,0,8,100,4672,272,0,0,0,0,108,0,0,0,0,332,9400
1904,W2,1,1,5,5,0,0,0,0,0,0,0,100,100,100,0,0,0,0,100,100,100,100.000000,1600,9072,17.636684,10,10,10,10,108,8,0,8,100,4672,272,0,0,0,0,108,0,0,0,0,320,9400
1905,W2,1,1,5,5,0,0,0,0,0,0,0,100,100,0,0,0,0,0,100,100,0,0.000000,0,9072,0.000000,0,0,0,0,108,8,0,8,100,4672,272,0,0,0,0,108,0,0,0,0,304,9400
1906,W2,1,1,5,5,0,0,0,0,0,0,0,100,100,0,0,0,0,0,100,100,0,0.000000,0,9072,0.000000,0,0,0,0,108,8,0,8,100,4672,272,0,0,0,0,108,0,0,0,0,323,9400
1907,W2,1,1,5,5,0,0,0,0,0,0,0,100,100,0,0,0,0,0,100,100,0,0.000000,0,9072,0.000000,0,0,0,0,108,8,0,8,100,4672,272,0,0,0,0,108,0,0,0,0,292,9400
1908,W2,1,1,5,5,0,0,0,0,0,0,0,100,100,0,0,0,0,0,100,100,0,0.000000,0,9072,0.000000,0,0,0,0,108,8,0,8,100,4672,272,0,0,0,0,108,0,0,0,0,291,9400
1909,W2,1,1,5,5,0,0,0,0,0,0,0,100,100,0,0,0,0,0,100,100,0,0.000000,0,9072,0.000000,0,0,0,0,108,8,0,8,100,4672,272,0,0,0,0,108,0,0,0,0,286,9400
1910,W2,1,1,5,5,0,0,0,0,0,0,0,100,100,0,0,0,0,0,100,100,0,0.000000,0,9072,0.000000,0,0,0,0,108,8,0,8,100,4672,272,0,0,0,0,108,0,0,0,0,350,9400
1911,W2,1,1,5,5,0,0,0,0,0,0,0,100,100,0,0,0,0,0,100,100,0,0.000000,0,9072,0.000000,0,0,0,0,108,8,0,8,100,4672,272,0,0,0,0,108,0,0,0,0,299,9400
1912,W2,1,1,5,5,0,0,0,0,0,0,0,100,100,0,0,0,0,0,100,100,0,0.000000,0,9072,0.000000,0,0,0,0,108,8,0,8,100,4672,272,0,0,0,0,108,0,0,0,0,295,9400
1913,W2,1,1,5,5,0,0,0,0,0,0,0,100,100,100,0,0,0,0,100,100,100,100.000000,1600,9072,17.636684,10,10,10,10,108,8,0,8,100,4672,272,0,0,0,0,108,0,0,0,0,293,9400
1914,W2,1,1,5,5,0,0,0,0,0,0,0,100,100,0,0,0,0,0,100,100,0,0.000000,0,9072,0.000000,0,0,0,0,108,8,0,8,100,4672,272,0,0,0,0,108,0,0,0,0,320,9400
1915,W2,1,1,5,5,0,0,0,0,0,0,0,100,100,0,0,0,0,0,100,100,0,0.000000,0,9072,0.000000,0,0,0,0,108,8,0,8,100,4672,272,0,0,0,0,108,0,0,0,0,298,9400
1916,W2,1,1,5,5,0,0,0,0,0,0,0,100,100,0,0,0,0,0,100,100,0,0.000000,0,9072,0.000000,0,0,0,0,108,8,0,8,100,4672,272,0,0,0,0,108,0,0,0,0,301,9400
1917,W2,1,1,5,5,0,0,0,0,0,0,0,100,100,0,0,0,0,0,100,100,0,0.000000,0,9072,0.000000,0,0,0,0,108,8,0,8,100,4672,272,0,0,0,0,108,0,0,0,0,317,9400
1918,W2,1,1,5,5,0,0,0,0,0,0,0,100,100,0,0,0,0,0,100,100,0,0.000000,0,9072,0.000000,0,0,0,0,108,8,0,8,100,4672,272,0,0,0,0,108,0,0,0,0,311,9400
1919,W2,1,1,5,5,0,0,0,0,0,0,0,100,100,0,0,0,0,0,100,100,0,0.000000,0,9072,0.000000,0,0,0,0,108,8,0,8,100,4672,272,0,0,0,0,108,0,0,0,0,303,9400
1920,W2,1,1,5,5,0,0,0,0,0,0,0,100,100,0,0,0,0,0,100,100,0,0.000000,0,9072,0.000000,0,0,0,0,108,8,0,8,100,4672,272,0,0,0,0,108,0,0,0,0,345,9400
1921,W2,1,1,5,5,0,0,0,0,0,0,0,100,100,0,0,0,0,0,100,100,0,0.000000,0,9072,0.000000,0,0,0,0,108,8,0,8,100,4672,272,0,0,0,0,108,0,0,0,0,339,9400
1922,W2,1,1,5,5,0,0,0,0,0,0,0,100,100,100,0,0,0,0,100,100,100,100.000000,1600,9072,17.636684,10,10,10,10,108,8,0,8,100,4672,272,0,0,0,0,108,0,0,0,0,310,9400
1923,W2,1,1,5,5,0,0,0,0,0,0,0,100,100,0,0,0,0,0,100,100,0,0.000000,0,9072,0.000000,0,0,0,0,108,8,0,8,100,4672,272,0,0,0,0,108,0,0,0,0,314,9400
1924,W2,1,1,5,5,0,0,0,0,0,0,0,100,100,0,0,0,0,0,100,100,0,0.000000,0,9072,0.000000,0,0,0,0,108,8,0,8,100,4672,272,0,0,0,0,108,0,0,0,0,314,9400
1925,W2,1,1,5,5,0,0,0,0,0,0,0,100,100,0,0,0,0,0,100,100,0,0.000000,0,9072,0.000000,0,0,0,0,108,8,0,8,100,4672,272,0,0,0,0,108,0,0,0,0,304,9400
1926,W2,1,1,5,5,0,0,0,0,0,0,0,100,100,0,0,0,0,0,100,100,0,0.000000,0,9072,0.000000,0,0,0,0,108,8,0,8,100,4672,272,0,0,0,0,108,0,0,0,0,338,9400
1927,W2,1,1,5,5,0,0,0,0,0,0,0,100,100,0,0,0,0,0,100,100,0,0.000000,0,9072,0.000000,0,0,0,0,108,8,0,8,100,4672,272,0,0,0,0,108,0,0,0,0,301,9400
1928,W2,1,1,5,5,0,0,0,0,0,0,0,100,100,0,0,0,0,0,100,100,0,0.000000,0,9072,0.000000,0,0,0,0,108,8,0,8,100,4672,272,0,0,0,0,108,0,0,0,0,328,9400
1929,W2,1,1,5,5,0,0,0,0,0,0,0,100,100,0,0,0,0,0,100,100,0,0.000000,0,9072,0.000000,0,0,0,0,108,8,0,8,100,4672,272,0,0,0,0,108,0,0,0,0,296,9400
1930,W2,1,1,5,5,0,0,0,0,0,0,0,100,100,0,0,0,0,0,100,100,0,0.000000,0,9072,0.000000,0,0,0,0,108,8,0,8,100,4672,272,0,0,0,0,108,0,0,0,0,307,9400
1931,W2,1,1,5,5,0,0,0,0,0,0,0,100,100,100,0,0,0,0,100,100,100,100.000000,1600,9072,17.636684,10,10,10,10,108,8,0,8,100,4672,272,0,0,0,0,108,0,0,0,0,332,9400
1932,W2,1,1,5,5,0,0,0,0,0,0,0,100,100,0,0,0,0,0,100,100,0,0.000000,0,9072,0.000000,0,0,0,0,108,8,0,8,100,4672,272,0,0,0,0,108,0,0,0,0,372,9400
1933,W2,1,1,5,5,0,0,0,0,0,0,0,100,100,0,0,0,0,0,100,100,0,0.000000,0,9072,0.000000,0,0,0,0,108,8,0,8,100,4672,272,0,0,0,0,108,0,0,0,0,307,9400
1934,W2,1,1,5,5,0,0,0,0,0,0,0,100,100,0,0,0,0,0,100,100,0,0.000000,0,9072,0.000000,0,0,0,0,108,8,0,8,100,4672,272,0,0,0,0,108,0,0,0,0,306,9400
1935,W2,1,1,5,5,0,0,0,0,0,0,0,100,100,0,0,0,0,0,100,100,0,0.000000,0,9072,0.000000,0,0,0,0,108,8,0,8,100,4672,272,0,0,0,0,108,0,0,0,0,297,9400
1936,W2,1,1,5,5,0,0,0,0,0,0,0,100,100,0,0,0,0,0,100,100,0,0.000000,0,9072,0.000000,0,0,0,0,108,8,0,8,100,4672,272,0,0,0,0,108,0,0,0,0,295,9400
1937,W2,1,1,5,5,0,0,0,0,0,0,0,100,100,0,0,0,0,0,100,100,0,0.000000,0,9072,0.000000,0,0,0,0,108,8,0,8,100,4672,272,0,0,0,0,108,0,0,0,0,329,9400
1938,W2,1,1,5,5,0,0,0,0,0,0,0,100,100,0,0,0,0,0,100,100,0,0.000000,0,9072,0.000000,0,0,0,0,108,8,0,8,100,4672,272,0,0,0,0,108,0,0,0,0,290,9400
1939,W2,1,1,5,5,0,0,0,0,0,0,0,100,100,0,0,0,0,0,100,100,0,0.000000,0,9072,0.000000,0,0,0,0,108,8,0,8,100,4672,272,0,0,0,0,108,0,0,0,0,304,9400
1940,W2,1,1,5,5,0,0,0,0,0,0,0,100,100,100,0,0,0,0,100,100,100,100.000000,1600,9072,17.636684,10,10,10,10,108,8,0,8,100,4672,272,0,0,0,0,108,0,0,0,0,319,9400
1941,W2,1,1,5,5,0,0,0,0,0,0,0,100,100,0,0,0,0,0,100,100,0,0.000000,0,9072,0.000000,0,0,0,0,108,8,0,8,100,4672,272,0,0,0,0,108,0,0,0,0,285,9400
1942,W2,1,1,5,5,0,0,0,0,0,0,0,100,100,0,0,0,0,0,100,100,0,0.000000,0,9072,0.000000,0,0,0,0,108,8,0,8,100,4672,272,0,0,0,0,108,0,0,0,0,301,9400
1943,W2,1,1,5,5,0,0,0,0,0,0,0,100,100,0,0,0,0,0,100,100,0,0.000000,0,9072,0.000000,0,0,0,0,108,8,0,8,100,4672,272,0,0,0,0,108,0,0,0,0,298,9400
1944,W2,1,1,5,5,0,0,0,0,0,0,0,100,100,0,0,0,0,0,100,100,0,0.000000,0,9072,0.000000,0,0,0,0,108,8,0,8,100,4672,272,0,0,0,0,108,0,0,0,0,300,9400
1945,W2,1,1,5,5,0,0,0,0,0,0,0,100,100,0,0,0,0,0,100,100,0,0.000000,0,9072,0.000000,0,0,0,0,108,8,0,8,100,4672,272,0,0,0,0,108,0,0,0,0,312,9400
1946,W2,1,1,5,5,0,0,0,0,0,0,0,100,100,0,0,0,0,0,100,100,0,0.000000,0,9072,0.000000,0,0,0,0,108,8,0,8,100,4672,272,0,0,0,0,108,0,0,0,0,306,9400
1947,W2,1,1,5,5,0,0,0,0,0,0,0,100,100,0,0,0,0,0,100,100,0,0.000000,0,9072,0.000000,0,0,0,0,108,8,0,8,100,4672,272,0,0,0,0,108,0,0,0,0,322,9400
1948,W2,1,1,5,5,0,0,0,0,0,0,0,100,100,0,0,0,0,0,100,100,0,0.000000,0,9072,0.000000,0,0,0,0,108,8,0,8,100,4672,272,0,0,0,0,108,0,0,0,0,280,9400
1949,W2,1,1,5,5,0,0,0,0,0,0,0,100,100,100,0,0,0,0,100,100,100,100.000000,1600,9072,17.636684,10,10,10,10,108,8,0,8,100,4672,272,0,0,0,0,108,0,0,0,0,286,9400
1950,W2,1,1,5,5,0,0,0,0,0,0,0,100,100,0,0,0,0,0,100,100,0,0.000000,0,9072,0.000000,0,0,0,0,108,8,0,8,100,4672,272,0,0,0,0,108,0,0,0,0,331,9400
1951,W2,1,1,5,5,0,0,0,0,0,0,0,100,100,0,0,0,0,0,100,100,0,0.000000,0,9072,0.000000,0,0,0,0,108,8,0,8,100,4672,272,0,0,0,0,108,0,0,0,0,284,9400
1952,W2,1,1,5,5,0,0,0,0,0,0,0,100,100,0,0,0,0,0,100,100,0,0.000000,0,9072,0.000000,0,0,0,0,108,8,0,8,100,4672,272,0,0,0,0,108,0,0,0,0,292,9400
1953,W2,1,1,5,5,0,0,0,0,0,0,0,100,100,0,0,0,0,0,100,100,0,0.000000,0,9072,0.000000,0,0,0,0,108,8,0,8,100,4672,272,0,0,0,0,108,0,0,0,0,282,9400
1954,W2,1,1,5,5,0,0,0,0,0,0,0,100,100,0,0,0,0,0,100,100,0,0.000000,0,9072,0.000000,0,0,0,0,108,8,0,8,100,4672,272,0,0,0,0,108,0,0,0,0,315,9400
1955,W2,1,1,5,5,0,0,0,0,0,0,0,100,100,0,0,0,0,0,100,100,0,0.000000,0,9072,0.000000,0,0,0,0,108,8,0,8,100,4672,272,0,0,0,0,108,0,0,0,0,289,9400
1956,W2,1,1,5,5,0,0,0,0,0,0,0,100,100,0,0,0,0,0,100,100,0,0.000000,0,9072,0.000000,0,0,0,0,108,8,0,8,100,4672,272,0,0,0,0,108,0,0,0,0,299,9400
1957,W2,1,1,5,5,0,0,0,0,0,0,0,100,100,0,0,0,0,0,100,100,0,0.000000,0,9072,0.000000,0,0,0,0,108,8,0,8,100,4672,272,0,0,0,0,108,0,0,0,0,307,9400
1958,W2,1,1,5,5,0,0,0,0,0,0,0,100,100,100,0,0,0,0,100,100,100,100.000000,1600,9072,17.636684,10,10,10,10,108,8,0,8,100,4672,272,0,0,0,0,108,0,0,0,0,332,9400
1959,W2,1,1,5,5,0,0,0,0,0,0,0,100,100,0,0,0,0,0,100,100,0,0.000000,0,9072,0.000000,0,0,0,0,108,8,0,8,100,4672,272,0,0,0,0,108,0,0,0,0,297,9400
1960,W2,1,1,5,5,0,0,0,0,0,0,0,100,100,0,0,0,0,0,100,100,0,0.000000,0,9072,0.000000,0,0,0,0,108,8,0,8,100,4672,272,0,0,0,0,108,0,0,0,0,319,9400
1961,W2,1,1,5,5,0,0,0,0,0,0,0,100,100,0,0,0,0,0,100,100,0,0.000000,0,9072,0.000000,0,0,0,0,108,8,0,8,100,4672,272,0,0,0,0,108,0,0,0,0,348,9400
1962,W2,1,1,5,5,0,0,0,0,0,0,0,100,100,0,0,0,0,0,100,100,0,0.000000,0,9072,0.000000,0,0,0,0,108,8,0,8,100,4672,272,0,0,0,0,108,0,0,0,0,305,9400
1963,W2,1,1,5,5,0,0,0,0,0,0,0,100,100,0,0,0,0,0,100,100,0,0.000000,0,9072,0.000000,0,0,0,0,108,8,0,8,100,4672,272,0,0,0,0,108,0,0,0,0,289,9400
1964,W2,1,1,5,5,0,0,0,0,0,0,0,100,100,0,0,0,0,0,100,100,0,0.000000,0,9072,0.000000,0,0,0,0,108,8,0,8,100,4672,272,0,0,0,0,108,0,0,0,0,292,9400
1965,W2,1,1,5,5,0,0,0,0,0,0,0,100,100,0,0,0,0,0,100,100,0,0.000000,0,9072,0.000000,0,0,0,0,108,8,0,8,100,4672,272,0,0,0,0,108,0,0,0,0,291,9400
1966,W2,1,1,5,5,0,0,0,0,0,0,0,100,100,0,0,0,0,0,100,100,0,0.000000,0,9072,0.000000,0,0,0,0,108,8,0,8,100,4672,272,0,0,0,0,108,0,0,0,0,338,9400
1967,W2,1,1,5,5,0,0,0,0,0,0,0,100,100,100,0,0,0,0,100,100,100,100.000000,1600,9072,17.636684,10,10,10,10,108,8,0,8,100,4672,272,0,0,0,0,108,0,0,0,0,292,9400
1968,W2,1,1,5,5,0,0,0,0,0,0,0,100,100,0,0,0,0,0,100,100,0,0.000000,0,9072,0.000000,0,0,0,0,108,8,0,8,100,4672,272,0,0,0,0,108,0,0,0,0,297,9400
1969,W2,1,1,5,5,0,0,0,0,0,0,0,100,100,0,0,0,0,0,100,100,0,0.000000,0,9072,0.000000,0,0,0,0,108,8,0,8,100,4672,272,0,0,0,0,108,0,0,0,0,296,9400
1970,W2,1,1,5,5,0,0,0,0,0,0,0,100,100,0,0,0,0,0,100,100,0,0.000000,0,9072,0.000000,0,0,0,0,108,8,0,8,100,4672,272,0,0,0,0,108,0,0,0,0,302,9400
1971,W2,1,1,5,5,0,0,0,0,0,0,0,100,100,0,0,0,0,0,100,100,0,0.000000,0,9072,0.000000,0,0,0,0,108,8,0,8,100,4672,272,0,0,0,0,108,0,0,0,0,303,9400
1972,W2,1,1,5,5,0,0,0,0,0,0,0,100,100,0,0,0,0,0,100,100,0,0.000000,0,9072,0.000000,0,0,0,0,108,8,0,8,100,4672,272,0,0,0,0,108,0,0,0,0,316,9400
1973,W2,1,1,5,5,0,0,0,0,0,0,0,100,100,0,0,0,0,0,100,100,0,0.000000,0,9072,0.000000,0,0,0,0,108,8,0,8,100,4672,272,0,0,0,0,108,0,0,0,0,301,9400
1974,W2,1,1,5,5,0,0,0,0,0,0,0,100,100,0,0,0,0,0,100,100,0,0.000000,0,9072,0.000000,0,0,0,0,108,8,0,8,100,4672,272,0,0,0,0,108,0,0,0,0,325,9400
1975,W2,1,1,5,5,0,0,0,0,0,0,0,100,100,0,0,0,0,0,100,100,0,0.000000,0,9072,0.000000,0,0,0,0,108,8,0,8,100,4672,272,0,0,0,0,108,0,0,0,0,376,9400
1976,W2,1,1,5,5,0,0,0,0,0,0,0,100,100,100,0,0,0,0,100,100,100,100.000000,1600,9072,17.636684,10,10,10,10,108,8,0,8,100,4672,272,0,0,0,0,108,0,0,0,0,317,9400
1977,W2,1,1,5,5,0,0,0,0,0,0,0,100,100,0,0,0,0,0,100,100,0,0.000000,0,9072,0.000000,0,0,0,0,108,8,0,8,100,4672,272,0,0,0,0,108,0,0,0,0,305,9400
1978,W2,1,1,5,5,0,0,0,0,0,0,0,100,100,0,0,0,0,0,100,100,0,0.000000,0,9072,0.000000,0,0,0,0,108,8,0,8,100,4672,272,0,0,0,0,108,0,0,0,0,298,9400
1979,W2,1,1,5,5,0,0,0,0,0,0,0,100,100,0,0,0,0,0,100,100,0,0.000000,0,9072,0.000000,0,0,0,0,108,8,0,8,100,4672,272,0,0,0,0,108,0,0,0,0,319,9400
1980,W2,1,1,5,5,0,0,0,0,0,0,0,100,100,0,0,0,0,0,100,100,0,0.000000,0,9072,0.000000,0,0,0,0,108,8,0,8,100,4672,272,0,0,0,0,108,0,0,0,0,322,9400
1981,W2,1,1,5,5,0,0,0,0,0,0,0,100,100,0,0,0,0,0,100,100,0,0.000000,0,9072,0.000000,0,0,0,0,108,8,0,8,100,4672,272,0,0,0,0,108,0,0,0,0,296,9400
1982,W2,1,1,5,5,0,0,0,0,0,0,0,100,100,0,0,0,0,0,100,100,0,0.000000,0,9072,0.000000,0,0,0,0,108,8,0,8,100,4672,272,0,0,0,0,108,0,0,0,0,370,9400
1983,W2,1,1,5,5,0,0,0,0,0,0,0,100,100,0,0,0,0,0,100,100,0,0.000000,0,9072,0.000000,0,0,0,0,108,8,0,8,100,4672,272,0,0,0,0,108,0,0,0,0,301,9400
1984,W2,1,1,5,5,0,0,0,0,0,0,0,100,100,0,0,0,0,0,100,100,0,0.000000,0,9072,0.000000,0,0,0,0,108,8,0,8,100,4672,272,0,0,0,0,108,0,0,0,0,327,9400
1985,W2,1,1,5,5,0,0,0,0,0,0,0,100,100,100,0,0,0,0,100,100,100,100.000000,1600,9072,17.636684,10,10,10,10,108,8,0,8,100,4672,272,0,0,0,0,108,0,0,0,0,295,9400
1986,W2,1,1,5,5,0,0,0,0,0,0,0,100,100,0,0,0,0,0,100,100,0,0.000000,0,9072,0.000000,0,0,0,0,108,8,0,8,100,4672,272,0,0,0,0,108,0,0,0,0,310,9400
1987,W2,1,1,5,5,0,0,0,0,0,0,0,100,100,0,0,0,0,0,100,100,0,0.000000,0,9072,0.000000,0,0,0,0,108,8,0,8,100,4672,272,0,0,0,0,108,0,0,0,0,375,9400
1988,W2,1,1,5,5,0,0,0,0,0,0,0,100,100,0,0,0,0,0,100,100,0,0.000000,0,9072,0.000000,0,0,0,0,108,8,0,8,100,4672,272,0,0,0,0,108,0,0,0,0,320,9400
1989,W2,1,1,5,5,0,0,0,0,0,0,0,100,100,0,0,0,0,0,100,100,0,0.000000,0,9072,0.000000,0,0,0,0,108,8,0,8,100,4672,272,0,0,0,0,108,0,0,0,0,349,9400
1990,W2,1,1,5,5,0,0,0,0,0,0,0,100,100,0,0,0,0,0,100,100,0,0.000000,0,9072,0.000000,0,0,0,0,108,8,0,8,100,4672,272,0,0,0,0,108,0,0,0,0,300,9400
1991,W2,1,1,5,5,0,0,0,0,0,0,0,100,100,0,0,0,0,0,100,100,0,0.000000,0,9072,0.000000,0,0,0,0,108,8,0,8,100,4672,272,0,0,0,0,108,0,0,0,0,302,9400
1992,W2,1,1,5,5,0,0,0,0,0,0,0,100,100,0,0,0,0,0,100,100,0,0.000000,0,9072,0.000000,0,0,0,0,108,8,0,8,100,4672,272,0,0,0,0,108,0,0,0,0,327,9400
1993,W2,1,1,5,5,0,0,0,0,0,0,0,100,100,0,0,0,0,0,100,100,0,0.000000,0,9072,0.000000,0,0,0,0,108,8,0,8,100,4672,272,0,0,0,0,108,0,0,0,0,310,9400
1994,W2,1,1,5,5,0,0,0,0,0,0,0,100,100,100,0,0,0,0,100,100,100,100.000000,1600,9072,17.636684,10,10,10,10,108,8,0,8,100,4672,272,0,0,0,0,108,0,0,0,0,327,9400
1995,W2,1,1,5,5,0,0,0,0,0,0,0,100,100,0,0,0,0,0,100,100,0,0.000000,0,9072,0.000000,0,0,0,0,108,8,0,8,100,4672,272,0,0,0,0,108,0,0,0,0,315,9400
1996,W2,1,1,5,5,0,0,0,0,0,0,0,100,100,0,0,0,0,0,100,100,0,0.000000,0,9072,0.000000,0,0,0,0,108,8,0,8,100,4672,272,0,0,0,0,108,0,0,0,0,310,9400
1997,W2,1,1,5,5,0,0,0,0,0,0,0,100,100,0,0,0,0,0,100,100,0,0.000000,0,9072,0.000000,0,0,0,0,108,8,0,8,100,4672,272,0,0,0,0,108,0,0,0,0,309,9400
1998,W2,1,1,5,5,0,0,0,0,0,0,0,100,100,0,0,0,0,0,100,100,0,0.000000,0,9072,0.000000,0,0,0,0,108,8,0,8,100,4672,272,0,0,0,0,108,0,0,0,0,321,9400
1999,W2,1,1,5,5,0,0,0,0,0,0,0,100,100,0,0,0,0,0,100,100,0,0.000000,0,9072,0.000000,0,0,0,0,108,8,0,8,100,4672,272,0,0,0,0,108,0,0,0,0,301,9400
2000,W2,1,1,5,5,0,0,0,0,0,0,0,100,100,0,0,0,0,0,100,100,0,0.000000,0,9072,0.000000,0,0,0,0,108,8,0,8,100,4672,272,0,0,0,0,108,0,0,0,0,307,9400
2001,W2,1,1,5,5,0,0,0,0,0,0,0,100,100,0,0,0,0,0,100,100,0,0.000000,0,9072,0.000000,0,0,0,0,108,8,0,8,100,4672,272,0,0,0,0,108,0,0,0,0,336,9400
2002,W2,1,1,5,5,0,0,0,0,0,0,0,100,100,0,0,0,0,0,100,100,0,0.000000,0,9072,0.000000,0,0,0,0,108,8,0,8,100,4672,272,0,0,0,0,108,0,0,0,0,343,9400
2003,W2,1,1,5,5,0,0,0,0,0,0,0,100,100,100,0,0,0,0,100,100,100,100.000000,1600,9072,17.636684,10,10,10,10,108,8,0,8,100,4672,272,0,0,0,0,108,0,0,0,0,292,9400
2004,W2,1,1,5,5,0,0,0,0,0,0,0,100,100,0,0,0,0,0,100,100,0,0.000000,0,9072,0.000000,0,0,0,0,108,8,0,8,100,4672,272,0,0,0,0,108,0,0,0,0,310,9400
2005,W2,1,1,5,5,0,0,0,0,0,0,0,100,100,0,0,0,0,0,100,100,0,0.000000,0,9072,0.000000,0,0,0,0,108,8,0,8,100,4672,272,0,0,0,0,108,0,0,0,0,288,9400
2006,W2,1,1,5,5,0,0,0,0,0,0,0,100,100,0,0,0,0,0,100,100,0,0.000000,0,9072,0.000000,0,0,0,0,108,8,0,8,100,4672,272,0,0,0,0,108,0,0,0,0,295,9400
2007,W2,1,1,5,5,0,0,0,0,0,0,0,100,100,0,0,0,0,0,100,100,0,0.000000,0,9072,0.000000,0,0,0,0,108,8,0,8,100,4672,272,0,0,0,0,108,0,0,0,0,317,9400
2008,W2,1,1,5,5,0,0,0,0,0,0,0,100,100,0,0,0,0,0,100,100,0,0.000000,0,9072,0.000000,0,0,0,0,108,8,0,8,100,4672,272,0,0,0,0,108,0,0,0,0,328,9400
2009,W2,1,1,5,5,0,0,0,0,0,0,0,100,100,0,0,0,0,0,100,100,0,0.000000,0,9072,0.000000,0,0,0,0,108,8,0,8,100,4672,272,0,0,0,0,108,0,0,0,0,312,9400
2010,W2,1,1,5,5,0,0,0,0,0,0,0,100,100,0,0,0,0,0,100,100,0,0.000000,0,9072,0.000000,0,0,0,0,108,8,0,8,100,4672,272,0,0,0,0,108,0,0,0,0,307,9400
2011,W2,1,1,5,5,0,0,0,0,0,0,0,100,100,0,0,0,0,0,100,100,0,0.000000,0,9072,0.000000,0,0,0,0,108,8,0,8,100,4672,272,0,0,0,0,108,0,0,0,0,288,9400
2012,W2,1,1,5,5,0,0,0,0,0,0,0,100,100,100,0,0,0,0,100,100,100,100.000000,1600,9072,17.636684,10,10,10,10,108,8,0,8,100,4672,272,0,0,0,0,108,0,0,0,0,333,9400
2013,W2,1,1,5,5,0,0,0,0,0,0,0,100,100,0,0,0,0,0,100,100,0,0.000000,0,9072,0.000000,0,0,0,0,108,8,0,8,100,4672,272,0,0,0,0,108,0,0,0,0,290,9400
2014,W2,1,1,5,5,0,0,0,0,0,0,0,100,100,0,0,0,0,0,100,100,0,0.000000,0,9072,0.000000,0,0,0,0,108,8,0,8,100,4672,272,0,0,0,0,108,0,0,0,0,328,9400
2015,W2,1,1,5,5,0,0,0,0,0,0,0,100,100,0,0,0,0,0,100,100,0,0.000000,0,9072,0.000000,0,0,0,0,108,8,0,8,100,4672,272,0,0,0,0,108,0,0,0,0,297,9400
2016,W2,1,1,5,5,0,0,0,0,0,0,0,100,100,0,0,0,0,0,100,100,0,0.000000,0,9072,0.000000,0,0,0,0,108,8,0,8,100,4672,272,0,0,0,0,108,0,0,0,0,294,9400
2017,W2,1,1,5,5,0,0,0,0,0,0,0,100,100,0,0,0,0,0,100,100,0,0.000000,0,9072,0.000000,0,0,0,0,108,8,0,8,100,4672,272,0,0,0,0,108,0,0,0,0,351,9400
2018,W2,1,1,5,5,0,0,0,0,0,0,0,100,100,0,0,0,0,0,100,100,0,0.000000,0,9072,0.000000,0,0,0,0,108,8,0,8,100,4672,272,0,0,0,0,108,0,0,0,0,323,9400
2019,W2,1,1,5,5,0,0,0,0,0,0,0,100,100,0,0,0,0,0,100,100,0,0.000000,0,9072,0.000000,0,0,0,0,108,8,0,8,100,4672,272,0,0,0,0,108,0,0,0,0,294,9400
2020,W2,1,1,5,5,0,0,0,0,0,0,0,100,100,0,0,0,0,0,100,100,0,0.000000,0,9072,0.000000,0,0,0,0,108,8,0,8,100,4672,272,0,0,0,0,108,0,0,0,0,323,9400
2021,W2,1,1,5,5,0,0,0,0,0,0,0,100,100,100,0,0,0,0,100,100,100,100.000000,1600,9072,17.636684,10,10,10,10,108,8,0,8,100,4672,272,0,0,0,0,108,0,0,0,0,315,9400
2022,W2,1,1,5,5,0,0,0,0,0,0,0,100,100,0,0,0,0,0,100,100,0,0.000000,0,9072,0.000000,0,0,0,0,108,8,0,8,100,4672,272,0,0,0,0,108,0,0,0,0,330,9400
2023,W2,1,1,5,5,0,0,0,0,0,0,0,100,100,0,0,0,0,0,100,100,0,0.000000,0,9072,0.000000,0,0,0,0,108,8,0,8,100,4672,272,0,0,0,0,108,0,0,0,0,302,9400
2024,W2,1,1,5,5,0,0,0,0,0,0,0,100,100,0,0,0,0,0,100,100,0,0.000000,0,9072,0.000000,0,0,0,0,108,8,0,8,100,4672,272,0,0,0,0,108,0,0,0,0,374,9400
2025,W2,1,1,5,5,0,0,0,0,0,0,0,100,100,0,0,0,0,0,100,100,0,0.000000,0,9072,0.000000,0,0,0,0,108,8,0,8,100,4672,272,0,0,0,0,108,0,0,0,0,299,9400
2026,W2,1,1,5,5,0,0,0,0,0,0,0,100,100,0,0,0,0,0,100,100,0,0.000000,0,9072,0.000000,0,0,0,0,108,8,0,8,100,4672,272,0,0,0,0,108,0,0,0,0,297,9400
2027,W2,1,1,5,5,0,0,0,0,0,0,0,100,100,0,0,0,0,0,100,100,0,0.000000,0,9072,0.000000,0,0,0,0,108,8,0,8,100,4672,272,0,0,0,0,108,0,0,0,0,300,9400
2028,W2,1,1,5,5,0,0,0,0,0,0,0,100,100,0,0,0,0,0,100,100,0,0.000000,0,9072,0.000000,0,0,0,0,108,8,0,8,100,4672,272,0,0,0,0,108,0,0,0,0,299,9400
2029,W2,1,1,5,5,0,0,0,0,0,0,0,100,100,0,0,0,0,0,100,100,0,0.000000,0,9072,0.000000,0,0,0,0,108,8,0,8,100,4672,272,0,0,0,0,108,0,0,0,0,294,9400
2030,W2,1,1,5,5,0,0,0,0,0,0,0,100,100,100,0,0,0,0,100,100,100,100.000000,1600,9072,17.636684,10,10,10,10,108,8,0,8,100,4672,272,0,0,0,0,108,0,0,0,0,331,9400
2031,W2,1,1,5,5,0,0,0,0,0,0,0,100,100,0,0,0,0,0,100,100,0,0.000000,0,9072,0.000000,0,0,0,0,108,8,0,8,100,4672,272,0,0,0,0,108,0,0,0,0,293,9400
2032,W2,1,1,5,5,0,0,0,0,0,0,0,100,100,0,0,0,0,0,100,100,0,0.000000,0,9072,0.000000,0,0,0,0,108,8,0,8,100,4672,272,0,0,0,0,108,0,0,0,0,283,9400
2033,W2,1,1,5,5,0,0,0,0,0,0,0,100,100,0,0,0,0,0,100,100,0,0.000000,0,9072,0.000000,0,0,0,0,108,8,0,8,100,4672,272,0,0,0,0,108,0,0,0,0,312,9400
2034,W2,1,1,5,5,0,0,0,0,0,0,0,100,100,0,0,0,0,0,100,100,0,0.000000,0,9072,0.000000,0,0,0,0,108,8,0,8,100,4672,272,0,0,0,0,108,0,0,0,0,290,9400
2035,W2,1,1,5,5,0,0,0,0,0,0,0,100,100,0,0,0,0,0,100,100,0,0.000000,0,9072,0.000000,0,0,0,0,108,8,0,8,100,4672,272,0,0,0,0,108,0,0,0,0,324,9400
2036,W2,1,1,5,5,0,0,0,0,0,0,0,100,100,0,0,0,0,0,100,100,0,0.000000,0,9072,0.000000,0,0,0,0,108,8,0,8,100,4672,272,0,0,0,0,108,0,0,0,0,322,9400
2037,W2,1,1,5,5,0,0,0,0,0,0,0,100,100,0,0,0,0,0,100,100,0,0.000000,0,9072,0.000000,0,0,0,0,108,8,0,8,100,4672,272,0,0,0,0,108,0,0,0,0,319,9400
2038,W2,1,1,5,5,0,0,0,0,0,0,0,100,100,0,0,0,0,0,100,100,0,0.000000,0,9072,0.000000,0,0,0,0,108,8,0,8,100,4672,272,0,0,0,0,108,0,0,0,0,331,9400
2039,W2,1,1,5,5,0,0,0,0,0,0,0,100,100,100,0,0,0,0,100,100,100,100.000000,1600,9072,17.636684,10,10,10,10,108,8,0,8,100,4672,272,0,0,0,0,108,0,0,0,0,293,9400
2040,W2,1,1,5,5,0,0,0,0,0,0,0,100,100,0,0,0,0,0,100,100,0,0.000000,0,9072,0.000000,0,0,0,0,108,8,0,8,100,4672,272,0,0,0,0,108,0,0,0,0,308,9400
2041,W2,1,1,5,5,0,0,0,0,0,0,0,100,100,0,0,0,0,0,100,100,0,0.000000,0,9072,0.000000,0,0,0,0,108,8,0,8,100,4672,272,0,0,0,0,108,0,0,0,0,320,9400
2042,W2,1,1,5,5,0,0,0,0,0,0,0,100,100,0,0,0,0,0,100,100,0,0.000000,0,9072,0.000000,0,0,0,0,108,8,0,8,100,4672,272,0,0,0,0,108,0,0,0,0,314,9400
2043,W2,1,1,5,5,0,0,0,0,0,0,0,100,100,0,0,0,0,0,100,100,0,0.000000,0,9072,0.000000,0,0,0,0,108,8,0,8,100,4672,272,0,0,0,0,108,0,0,0,0,388,9400
2044,W2,1,1,5,5,0,0,0,0,0,0,0,100,100,0,0,0,0,0,100,100,0,0.000000,0,9072,0.000000,0,0,0,0,108,8,0,8,100,4672,272,0,0,0,0,108,0,0,0,0,355,9400
2045,W2,1,1,5,5,0,0,0,0,0,0,0,100,100,0,0,0,0,0,100,100,0,0.000000,0,9072,0.000000,0,0,0,0,108,8,0,8,100,4672,272,0,0,0,0,108,0,0,0,0,311,9400
2046,W2,1,1,5,5,0,0,0,0,0,0,0,100,100,0,0,0,0,0,100,100,0,0.000000,0,9072,0.000000,0,0,0,0,108,8,0,8,100,4672,272,0,0,0,0,108,0,0,0,0,316,9400
2047,W2,1,1,5,5,0,0,0,0,0,0,0,100,100,0,0,0,0,0,100,100,0,0.000000,0,9072,0.000000,0,0,0,0,108,8,0,8,100,4672,272,0,0,0,0,108,0,0,0,0,304,9400
2048,W2,1,1,5,5,0,0,0,0,0,0,0,100,100,100,0,0,0,0,100,100,100,100.000000,1600,9072,17.636684,10,10,10,10,108,8,0,8,100,4672,272,0,0,0,0,108,0,0,0,0,317,9400
2049,W2,1,1,5,5,0,0,0,0,0,0,0,100,100,0,0,0,0,0,100,100,0,0.000000,0,9072,0.000000,0,0,0,0,108,8,0,8,100,4672,272,0,0,0,0,108,0,0,0,0,338,9400
2050,W2,1,1,5,5,0,0,0,0,0,0,0,100,100,0,0,0,0,0,100,100,0,0.000000,0,9072,0.000000,0,0,0,0,108,8,0,8,100,4672,272,0,0,0,0,108,0,0,0,0,322,9400
2051,W2,1,1,5,5,0,0,0,0,0,0,0,100,100,0,0,0,0,0,100,100,0,0.000000,0,9072,0.000000,0,0,0,0,108,8,0,8,100,4672,272,0,0,0,0,108,0,0,0,0,300,9400
2052,W2,1,1,5,5,0,0,0,0,0,0,0,100,100,0,0,0,0,0,100,100,0,0.000000,0,9072,0.000000,0,0,0,0,108,8,0,8,100,4672,272,0,0,0,0,108,0,0,0,0,310,9400
2053,W2,1,1,5,5,0,0,0,0,0,0,0,100,100,0,0,0,0,0,100,100,0,0.000000,0,9072,0.000000,0,0,0,0,108,8,0,8,100,4672,272,0,0,0,0,108,0,0,0,0,304,9400
2054,W2,1,1,5,5,0,0,0,0,0,0,0,100,100,0,0,0,0,0,100,100,0,0.000000,0,9072,0.000000,0,0,0,0,108,8,0,8,100,4672,272,0,0,0,0,108,0,0,0,0,304,9400
2055,W2,1,1,5,5,0,0,0,0,0,0,0,100,100,0,0,0,0,0,100,100,0,0.000000,0,9072,0.000000,0,0,0,0,108,8,0,8,100,4672,272,0,0,0,0,108,0,0,0,0,313,9400
2056,W2,1,1,5,5,0,0,0,0,0,0,0,100,100,0,0,0,0,0,100,100,0,0.000000,0,9072,0.000000,0,0,0,0,108,8,0,8,100,4672,272,0,0,0,0,108,0,0,0,0,303,9400
2057,W2,1,1,5,5,0,0,0,0,0,0,0,100,100,100,0,0,0,0,100,100,100,100.000000,1600,9072,17.636684,10,10,10,10,108,8,0,8,100,4672,272,0,0,0,0,108,0,0,0,0,321,9400
2058,W2,1,1,5,5,0,0,0,0,0,0,0,100,100,0,0,0,0,0,100,100,0,0.000000,0,9072,0.000000,0,0,0,0,108,8,0,8,100,4672,272,0,0,0,0,108,0,0,0,0,301,9400
2059,W2,1,1,5,5,0,0,0,0,0,0,0,100,100,0,0,0,0,0,100,100,0,0.000000,0,9072,0.000000,0,0,0,0,108,8,0,8,100,4672,272,0,0,0,0,108,0,0,0,0,308,9400
2060,W2,1,1,5,5,0,0,0,0,0,0,0,100,100,0,0,0,0,0,100,100,0,0.000000,0,9072,0.000000,0,0,0,0,108,8,0,8,100,4672,272,0,0,0,0,108,0,0,0,0,309,9400
2061,W2,1,1,5,5,0,0,0,0,0,0,0,100,100,0,0,0,0,0,100,100,0,0.000000,0,9072,0.000000,0,0,0,0,108,8,0,8,100,4672,272,0,0,0,0,108,0,0,0,0,304,9400
2062,W2,1,1,5,5,0,0,0,0,0,0,0,100,100,0,0,0,0,0,100,100,0,0.000000,0,9072,0.000000,0,0,0,0,108,8,0,8,100,4672,272,0,0,0,0,108,0,0,0,0,362,9400
2063,W2,1,1,5,5,0,0,0,0,0,0,0,100,100,0,0,0,0,0,100,100,0,0.000000,0,9072,0.000000,0,0,0,0,108,8,0,8,100,4672,272,0,0,0,0,108,0,0,0,0,305,9400
2064,W2,1,1,5,5,0,0,0,0,0,0,0,100,100,0,0,0,0,0,100,100,0,0.000000,0,9072,0.000000,0,0,0,0,108,8,0,8,100,4672,272,0,0,0,0,108,0,0,0,0,306,9400
2065,W2,1,1,5,5,0,0,0,0,0,0,0,100,100,0,0,0,0,0,100,100,0,0.000000,0,9072,0.000000,0,0,0,0,108,8,0,8,100,4672,272,0,0,0,0,108,0,0,0,0,295,9400
2066,W2,1,1,5,5,0,0,0,0,0,0,0,100,100,100,0,0,0,0,100,100,100,100.000000,1600,9072,17.636684,10,10,10,10,108,8,0,8,100,4672,272,0,0,0,0,108,0,0,0,0,319,9400
2067,W2,1,1,5,5,0,0,0,0,0,0,0,100,100,0,0,0,0,0,100,100,0,0.000000,0,9072,0.000000,0,0,0,0,108,8,0,8,100,4672,272,0,0,0,0,108,0,0,0,0,303,9400
2068,W2,1,1,5,5,0,0,0,0,0,0,0,100,100,0,0,0,0,0,100,100,0,0.000000,0,9072,0.000000,0,0,0,0,108,8,0,8,100,4672,272,0,0,0,0,108,0,0,0,0,298,9400
2069,W2,1,1,5,5,0,0,0,0,0,0,0,100,100,0,0,0,0,0,100,100,0,0.000000,0,9072,0.000000,0,0,0,0,108,8,0,8,100,4672,272,0,0,0,0,108,0,0,0,0,300,9400
2070,W2,1,1,5,5,0,0,0,0,0,0,0,100,100,0,0,0,0,0,100,100,0,0.000000,0,9072,0.000000,0,0,0,0,108,8,0,8,100,4672,272,0,0,0,0,108,0,0,0,0,301,9400
2071,W2,1,1,5,5,0,0,0,0,0,0,0,100,100,0,0,0,0,0,100,100,0,0.000000,0,9072,0.000000,0,0,0,0,108,8,0,8,100,4672,272,0,0,0,0,108,0,0,0,0,313,9400
2072,W2,1,1,5,5,0,0,0,0,0,0,0,100,100,0,0,0,0,0,100,100,0,0.000000,0,9072,0.000000,0,0,0,0,108,8,0,8,100,4672,272,0,0,0,0,108,0,0,0,0,303,9400
2073,W2,1,1,5,5,0,0,0,0,0,0,0,100,100,0,0,0,0,0,100,100,0,0.000000,0,9072,0.000000,0,0,0,0,108,8,0,8,100,4672,272,0,0,0,0,108,0,0,0,0,313,9400
2074,W2,1,1,5,5,0,0,0,0,0,0,0,100,100,0,0,0,0,0,100,100,0,0.000000,0,9072,0.000000,0,0,0,0,108,8,0,8,100,4672,272,0,0,0,0,108,0,0,0,0,334,9400
2075,W2,1,1,5,5,0,0,0,0,0,0,0,100,100,100,0,0,0,0,100,100,100,100.000000,1600,9072,17.636684,10,10,10,10,108,8,0,8,100,4672,272,0,0,0,0,108,0,0,0,0,335,9400
2076,W2,1,1,5,5,0,0,0,0,0,0,0,100,100,0,0,0,0,0,100,100,0,0.000000,0,9072,0.000000,0,0,0,0,108,8,0,8,100,4672,272,0,0,0,0,108,0,0,0,0,311,9400
2077,W2,1,1,5,5,0,0,0,0,0,0,0,100,100,0,0,0,0,0,100,100,0,0.000000,0,9072,0.000000,0,0,0,0,108,8,0,8,100,4672,272,0,0,0,0,108,0,0,0,0,310,9400
2078,W2,1,1,5,5,0,0,0,0,0,0,0,100,100,0,0,0,0,0,100,100,0,0.000000,0,9072,0.000000,0,0,0,0,108,8,0,8,100,4672,272,0,0,0,0,108,0,0,0,0,362,9400
2079,W2,1,1,5,5,0,0,0,0,0,0,0,100,100,0,0,0,0,0,100,100,0,0.000000,0,9072,0.000000,0,0,0,0,108,8,0,8,100,4672,272,0,0,0,0,108,0,0,0,0,310,9400
2080,W2,1,1,5,5,0,0,0,0,0,0,0,100,100,0,0,0,0,0,100,100,0,0.000000,0,9072,0.000000,0,0,0,0,108,8,0,8,100,4672,272,0,0,0,0,108,0,0,0,0,315,9400
2081,W2,1,1,5,5,0,0,0,0,0,0,0,100,100,0,0,0,0,0,100,100,0,0.000000,0,9072,0.000000,0,0,0,0,108,8,0,8,100,4672,272,0,0,0,0,108,0,0,0,0,327,9400
2082,W2,1,1,5,5,0,0,0,0,0,0,0,100,100,0,0,0,0,0,100,100,0,0.000000,0,9072,0.000000,0,0,0,0,108,8,0,8,100,4672,272,0,0,0,0,108,0,0,0,0,289,9400
2083,W2,1,1,5,5,0,0,0,0,0,0,0,100,100,0,0,0,0,0,100,100,0,0.000000,0,9072,0.000000,0,0,0,0,108,8,0,8,100,4672,272,0,0,0,0,108,0,0,0,0,296,9400
2084,W2,1,1,5,5,0,0,0,0,0,0,0,100,100,100,0,0,0,0,100,100,100,100.000000,1600,9072,17.636684,10,10,10,10,108,8,0,8,100,4672,272,0,0,0,0,108,0,0,0,0,295,9400
2085,W2,1,1,5,5,0,0,0,0,0,0,0,100,100,0,0,0,0,0,100,100,0,0.000000,0,9072,0.000000,0,0,0,0,108,8,0,8,100,4672,272,0,0,0,0,108,0,0,0,0,315,9400
2086,W2,1,1,5,5,0,0,0,0,0,0,0,100,100,0,0,0,0,0,100,100,0,0.000000,0,9072,0.000000,0,0,0,0,108,8,0,8,100,4672,272,0,0,0,0,108,0,0,0,0,317,9400
2087,W2,1,1,5,5,0,0,0,0,0,0,0,100,100,0,0,0,0,0,100,100,0,0.000000,0,9072,0.000000,0,0,0,0,108,8,0,8,100,4672,272,0,0,0,0,108,0,0,0,0,304,9400
2088,W2,1,1,5,5,0,0,0,0,0,0,0,100,100,0,0,0,0,0,100,100,0,0.000000,0,9072,0.000000,0,0,0,0,108,8,0,8,100,4672,272,0,0,0,0,108,0,0,0,0,300,9400
2089,W2,1,1,5,5,0,0,0,0,0,0,0,100,100,0,0,0,0,0,100,100,0,0.000000,0,9072,0.000000,0,0,0,0,108,8,0,8,100,4672,272,0,0,0,0,108,0,0,0,0,297,9400
2090,W2,1,1,5,5,0,0,0,0,0,0,0,100,100,0,0,0,0,0,100,100,0,0.000000,0,9072,0.000000,0,0,0,0,108,8,0,8,100,4672,272,0,0,0,0,108,0,0,0,0,293,9400
2091,W2,1,1,5,5,0,0,0,0,0,0,0,100,100,0,0,0,0,0,100,100,0,0.000000,0,9072,0.000000,0,0,0,0,108,8,0,8,100,4672,272,0,0,0,0,108,0,0,0,0,328,9400
2092,W2,1,1,5,5,0,0,0,0,0,0,0,100,100,0,0,0,0,0,100,100,0,0.000000,0,9072,0.000000,0,0,0,0,108,8,0,8,100,4672,272,0,0,0,0,108,0,0,0,0,327,9400
2093,W2,1,1,5,5,0,0,0,0,0,0,0,100,100,100,0,0,0,0,100,100,100,100.000000,1600,9072,17.636684,10,10,10,10,108,8,0,8,100,4672,272,0,0,0,0,108,0,0,0,0,304,9400
2094,W2,1,1,5,5,0,0,0,0,0,0,0,100,100,0,0,0,0,0,100,100,0,0.000000,0,9072,0.000000,0,0,0,0,108,8,0,8,100,4672,272,0,0,0,0,108,0,0,0,0,436,9400
2095,W2,1,1,5,5,0,0,0,0,0,0,0,100,100,0,0,0,0,0,100,100,0,0.000000,0,9072,0.000000,0,0,0,0,108,8,0,8,100,4672,272,0,0,0,0,108,0,0,0,0,317,9400
2096,W2,1,1,5,5,0,0,0,0,0,0,0,100,100,0,0,0,0,0,100,100,0,0.000000,0,9072,0.000000,0,0,0,0,108,8,0,8,100,4672,272,0,0,0,0,108,0,0,0,0,328,9400
2097,W2,1,1,5,5,0,0,0,0,0,0,0,100,100,0,0,0,0,0,100,100,0,0.000000,0,9072,0.000000,0,0,0,0,108,8,0,8,100,4672,272,0,0,0,0,108,0,0,0,0,304,9400
2098,W2,1,1,5,5,0,0,0,0,0,0,0,100,100,0,0,0,0,0,100,100,0,0.000000,0,9072,0.000000,0,0,0,0,108,8,0,8,100,4672,272,0,0,0,0,108,0,0,0,0,298,9400
2099,W2,1,1,5,5,0,0,0,0,0,0,0,100,100,0,0,0,0,0,100,100,0,0.000000,0,9072,0.000000,0,0,0,0,108,8,0,8,100,4672,272,0,0,0,0,108,0,0,0,0,303,9400
2100,W2,1,1,5,5,0,0,0,0,0,0,0,100,100,0,0,0,0,0,100,100,0,0.000000,0,9072,0.000000,0,0,0,0,108,8,0,8,100,4672,272,0,0,0,0,108,0,0,0,0,331,9400
2101,W2,1,1,5,5,0,0,0,0,0,0,0,100,100,0,0,0,0,0,100,100,0,0.000000,0,9072,0.000000,0,0,0,0,108,8,0,8,100,4672,272,0,0,0,0,108,0,0,0,0,337,9400
2102,W2,1,1,5,5,0,0,0,0,0,0,0,100,100,100,0,0,0,0,100,100,100,100.000000,1600,9072,17.636684,10,10,10,10,108,8,0,8,100,4672,272,0,0,0,0,108,0,0,0,0,333,9400
2103,W2,1,1,5,5,0,0,0,0,0,0,0,100,100,0,0,0,0,0,100,100,0,0.000000,0,9072,0.000000,0,0,0,0,108,8,0,8,100,4672,272,0,0,0,0,108,0,0,0,0,298,9400
2104,W2,1,1,5,5,0,0,0,0,0,0,0,100,100,0,0,0,0,0,100,100,0,0.000000,0,9072,0.000000,0,0,0,0,108,8,0,8,100,4672,272,0,0,0,0,108,0,0,0,0,301,9400
2105,W2,1,1,5,5,0,0,0,0,0,0,0,100,100,0,0,0,0,0,100,100,0,0.000000,0,9072,0.000000,0,0,0,0,108,8,0,8,100,4672,272,0,0,0,0,108,0,0,0,0,308,9400
2106,W2,1,1,5,5,0,0,0,0,0,0,0,100,100,0,0,0,0,0,100,100,0,0.000000,0,9072,0.000000,0,0,0,0,108,8,0,8,100,4672,272,0,0,0,0,108,0,0,0,0,366,9400
2107,W2,1,1,5,5,0,0,0,0,0,0,0,100,100,0,0,0,0,0,100,100,0,0.000000,0,9072,0.000000,0,0,0,0,108,8,0,8,100,4672,272,0,0,0,0,108,0,0,0,0,304,9400
2108,W2,1,1,5,5,0,0,0,0,0,0,0,100,100,0,0,0,0,0,100,100,0,0.000000,0,9072,0.000000,0,0,0,0,108,8,0,8,100,4672,272,0,0,0,0,108,0,0,0,0,284,9400
2109,W2,1,1,5,5,0,0,0,0,0,0,0,100,100,0,0,0,0,0,100,100,0,0.000000,0,9072,0.000000,0,0,0,0,108,8,0,8,100,4672,272,0,0,0,0,108,0,0,0,0,293,9400
2110,W2,1,1,5,5,0,0,0,0,0,0,0,100,100,0,0,0,0,0,100,100,0,0.000000,0,9072,0.000000,0,0,0,0,108,8,0,8,100,4672,272,0,0,0,0,108,0,0,0,0,285,9400
2111,W2,1,1,5,5,0,0,0,0,0,0,0,100,100,100,0,0,0,0,100,100,100,100.000000,1600,9072,17.636684,10,10,10,10,108,8,0,8,100,4672,272,0,0,0,0,108,0,0,0,0,280,9400
2112,W2,1,1,5,5,0,0,0,0,0,0,0,100,100,0,0,0,0,0,100,100,0,0.000000,0,9072,0.000000,0,0,0,0,108,8,0,8,100,4672,272,0,0,0,0,108,0,0,0,0,290,9400
2113,W2,1,1,5,5,0,0,0,0,0,0,0,100,100,0,0,0,0,0,100,100,0,0.000000,0,9072,0.000000,0,0,0,0,108,8,0,8,100,4672,272,0,0,0,0,108,0,0,0,0,288,9400
2114,W2,1,1,5,5,0,0,0,0,0,0,0,100,100,0,0,0,0,0,100,100,0,0.000000,0,9072,0.000000,0,0,0,0,108,8,0,8,100,4672,272,0,0,0,0,108,0,0,0,0,349,9400
2115,W2,1,1,5,5,0,0,0,0,0,0,0,100,100,0,0,0,0,0,100,100,0,0.000000,0,9072,0.000000,0,0,0,0,108,8,0,8,100,4672,272,0,0,0,0,108,0,0,0,0,295,9400
2116,W2,1,1,5,5,0,0,0,0,0,0,0,100,100,0,0,0,0,0,100,100,0,0.000000,0,9072,0.000000,0,0,0,0,108,8,0,8,100,4672,272,0,0,0,0,108,0,0,0,0,300,9400
2117,W2,1,1,5,5,0,0,0,0,0,0,0,100,100,0,0,0,0,0,100,100,0,0.000000,0,9072,0.000000,0,0,0,0,108,8,0,8,100,4672,272,0,0,0,0,108,0,0,0,0,318,9400
2118,W2,1,1,5,5,0,0,0,0,0,0,0,100,100,0,0,0,0,0,100,100,0,0.000000,0,9072,0.000000,0,0,0,0,108,8,0,8,100,4672,272,0,0,0,0,108,0,0,0,0,361,9400
2119,W2,1,1,5,5,0,0,0,0,0,0,0,100,100,0,0,0,0,0,100,100,0,0.000000,0,9072,0.000000,0,0,0,0,108,8,0,8,100,4672,272,0,0,0,0,108,0,0,0,0,297,9400
2120,W2,1,1,5,5,0,0,0,0,0,0,0,100,100,100,0,0,0,0,100,100,100,100.000000,1600,9072,17.636684,10,10,10,10,108,8,0,8,100,4672,272,0,0,0,0,108,0,0,0,0,306,9400
2121,W2,1,1,5,5,0,0,0,0,0,0,0,100,100,0,0,0,0,0,100,100,0,0.000000,0,9072,0.000000,0,0,0,0,108,8,0,8,100,4672,272,0,0,0,0,108,0,0,0,0,304,9400
2122,W2,1,1,5,5,0,0,0,0,0,0,0,100,100,0,0,0,0,0,100,100,0,0.000000,0,9072,0.000000,0,0,0,0,108,8,0,8,100,4672,272,0,0,0,0,108,0,0,0,0,288,9400
2123,W2,1,1,5,5,0,0,0,0,0,0,0,100,100,0,0,0,0,0,100,100,0,0.000000,0,9072,0.000000,0,0,0,0,108,8,0,8,100,4672,272,0,0,0,0,108,0,0,0,0,301,9400
2124,W2,1,1,5,5,0,0,0,0,0,0,0,100,100,0,0,0,0,0,100,100,0,0.000000,0,9072,0.000000,0,0,0,0,108,8,0,8,100,4672,272,0,0,0,0,108,0,0,0,0,311,9400
2125,W2,1,1,5,5,0,0,0,0,0,0,0,100,100,0,0,0,0,0,100,100,0,0.000000,0,9072,0.000000,0,0,0,0,108,8,0,8,100,4672,272,0,0,0,0,108,0,0,0,0,273,9400
2126,W2,1,1,5,5,0,0,0,0,0,0,0,100,100,0,0,0,0,0,100,100,0,0.000000,0,9072,0.000000,0,0,0,0,108,8,0,8,100,4672,272,0,0,0,0,108,0,0,0,0,285,9400
2127,W2,1,1,5,5,0,0,0,0,0,0,0,100,100,0,0,0,0,0,100,100,0,0.000000,0,9072,0.000000,0,0,0,0,108,8,0,8,100,4672,272,0,0,0,0,108,0,0,0,0,291,9400
2128,W2,1,1,5,5,0,0,0,0,0,0,0,100,100,0,0,0,0,0,100,100,0,0.000000,0,9072,0.000000,0,0,0,0,108,8,0,8,100,4672,272,0,0,0,0,108,0,0,0,0,295,9400
2129,W2,1,1,5,5,0,0,0,0,0,0,0,100,100,100,0,0,0,0,100,100,100,100.000000,1600,9072,17.636684,10,10,10,10,108,8,0,8,100,4672,272,0,0,0,0,108,0,0,0,0,291,9400
2130,W2,1,1,5,5,0,0,0,0,0,0,0,100,100,0,0,0,0,0,100,100,0,0.000000,0,9072,0.000000,0,0,0,0,108,8,0,8,100,4672,272,0,0,0,0,108,0,0,0,0,296,9400
2131,W2,1,1,5,5,0,0,0,0,0,0,0,100,100,0,0,0,0,0,100,100,0,0.000000,0,9072,0.000000,0,0,0,0,108,8,0,8,100,4672,272,0,0,0,0,108,0,0,0,0,281,9400
2132,W2,1,1,5,5,0,0,0,0,0,0,0,100,100,0,0,0,0,0,100,100,0,0.000000,0,9072,0.000000,0,0,0,0,108,8,0,8,100,4672,272,0,0,0,0,108,0,0,0,0,299,9400
2133,W2,1,1,5,5,0,0,0,0,0,0,0,100,100,0,0,0,0,0,100,100,0,0.000000,0,9072,0.000000,0,0,0,0,108,8,0,8,100,4672,272,0,0,0,0,108,0,0,0,0,293,9400
2134,W2,1,1,5,5,0,0,0,0,0,0,0,100,100,0,0,0,0,0,100,100,0,0.000000,0,9072,0.000000,0,0,0,0,108,8,0,8,100,4672,272,0,0,0,0,108,0,0,0,0,327,9400
2135,W2,1,1,5,5,0,0,0,0,0,0,0,100,100,0,0,0,0,0,100,100,0,0.000000,0,9072,0.000000,0,0,0,0,108,8,0,8,100,4672,272,0,0,0,0,108,0,0,0,0,297,9400
2136,W2,1,1,5,5,0,0,0,0,0,0,0,100,100,0,0,0,0,0,100,100,0,0.000000,0,9072,0.000000,0,0,0,0,108,8,0,8,100,4672,272,0,0,0,0,108,0,0,0,0,294,9400
2137,W2,1,1,5,5,0,0,0,0,0,0,0,100,100,0,0,0,0,0,100,100,0,0.000000,0,9072,0.000000,0,0,0,0,108,8,0,8,100,4672,272,0,0,0,0,108,0,0,0,0,314,9400
2138,W2,1,1,5,5,0,0,0,0,0,0,0,100,100,100,0,0,0,0,100,100,100,100.000000,1600,9072,17.636684,10,10,10,10,108,8,0,8,100,4672,272,0,0,0,0,108,0,0,0,0,298,9400
2139,W2,1,1,5,5,0,0,0,0,0,0,0,100,100,0,0,0,0,0,100,100,0,0.000000,0,9072,0.000000,0,0,0,0,108,8,0,8,100,4672,272,0,0,0,0,108,0,0,0,0,317,9400
2140,W2,1,1,5,5,0,0,0,0,0,0,0,100,100,0,0,0,0,0,100,100,0,0.000000,0,9072,0.000000,0,0,0,0,108,8,0,8,100,4672,272,0,0,0,0,108,0,0,0,0,298,9400
2141,W2,1,1,5,5,0,0,0,0,0,0,0,100,100,0,0,0,0,0,100,100,0,0.000000,0,9072,0.000000,0,0,0,0,108,8,0,8,100,4672,272,0,0,0,0,108,0,0,0,0,313,9400
2142,W2,1,1,5,5,0,0,0,0,0,0,0,100,100,0,0,0,0,0,100,100,0,0.000000,0,9072,0.000000,0,0,0,0,108,8,0,8,100,4672,272,0,0,0,0,108,0,0,0,0,330,9400
2143,W2,1,1,5,5,0,0,0,0,0,0,0,100,100,0,0,0,0,0,100,100,0,0.000000,0,9072,0.000000,0,0,0,0,108,8,0,8,100,4672,272,0,0,0,0,108,0,0,0,0,282,9400
2144,W2,1,1,5,5,0,0,0,0,0,0,0,100,100,0,0,0,0,0,100,100,0,0.000000,0,9072,0.000000,0,0,0,0,108,8,0,8,100,4672,272,0,0,0,0,108,0,0,0,0,330,9400
2145,W2,1,1,5,5,0,0,0,0,0,0,0,100,100,0,0,0,0,0,100,100,0,0.000000,0,9072,0.000000,0,0,0,0,108,8,0,8,100,4672,272,0,0,0,0,108,0,0,0,0,285,9400
2146,W2,1,1,5,5,0,0,0,0,0,0,0,100,100,0,0,0,0,0,100,100,0,0.000000,0,9072,0.000000,0,0,0,0,108,8,0,8,100,4672,272,0,0,0,0,108,0,0,0,0,294,9400
2147,W2,1,1,5,5,0,0,0,0,0,0,0,100,100,100,0,0,0,0,100,100,100,100.000000,1600,9072,17.636684,10,10,10,10,108,8,0,8,100,4672,272,0,0,0,0,108,0,0,0,0,278,9400
2148,W2,1,1,5,5,0,0,0,0,0,0,0,100,100,0,0,0,0,0,100,100,0,0.000000,0,9072,0.000000,0,0,0,0,108,8,0,8,100,4672,272,0,0,0,0,108,0,0,0,0,289,9400
2149,W2,1,1,5,5,0,0,0,0,0,0,0,100,100,0,0,0,0,0,100,100,0,0.000000,0,9072,0.000000,0,0,0,0,108,8,0,8,100,4672,272,0,0,0,0,108,0,0,0,0,301,9400
2150,W2,1,1,5,5,0,0,0,0,0,0,0,100,100,0,0,0,0,0,100,100,0,0.000000,0,9072,0.000000,0,0,0,0,108,8,0,8,100,4672,272,0,0,0,0,108,0,0,0,0,295,9400
2151,W2,1,1,5,5,0,0,0,0,0,0,0,100,100,0,0,0,0,0,100,100,0,0.000000,0,9072,0.000000,0,0,0,0,108,8,0,8,100,4672,272,0,0,0,0,108,0,0,0,0,294,9400
2152,W2,1,1,5,5,0,0,0,0,0,0,0,100,100,0,0,0,0,0,100,100,0,0.000000,0,9072,0.000000,0,0,0,0,108,8,0,8,100,4672,272,0,0,0,0,108,0,0,0,0,288,9400
2153,W2,1,1,5,5,0,0,0,0,0,0,0,100,100,0,0,0,0,0,100,100,0,0.000000,0,9072,0.000000,0,0,0,0,108,8,0,8,100,4672,272,0,0,0,0,108,0,0,0,0,305,9400
2154,W2,1,1,5,5,0,0,0,0,0,0,0,100,100,0,0,0,0,0,100,100,0,0.000000,0,9072,0.000000,0,0,0,0,108,8,0,8,100,4672,272,0,0,0,0,108,0,0,0,0,312,9400
2155,W2,1,1,5,5,0,0,0,0,0,0,0,100,100,0,0,0,0,0,100,100,0,0.000000,0,9072,0.000000,0,0,0,0,108,8,0,8,100,4672,272,0,0,0,0,108,0,0,0,0,287,9400
2156,W2,1,1,5,5,0,0,0,0,0,0,0,100,100,100,0,0,0,0,100,100,100,100.000000,1600,9072,17.636684,10,10,10,10,108,8,0,8,100,4672,272,0,0,0,0,108,0,0,0,0,298,9400
2157,W2,1,1,5,5,0,0,0,0,0,0,0,100,100,0,0,0,0,0,100,100,0,0.000000,0,9072,0.000000,0,0,0,0,108,8,0,8,100,4672,272,0,0,0,0,108,0,0,0,0,295,9400
2158,W2,1,1,5,5,0,0,0,0,0,0,0,100,100,0,0,0,0,0,100,100,0,0.000000,0,9072,0.000000,0,0,0,0,108,8,0,8,100,4672,272,0,0,0,0,108,0,0,0,0,292,9400
2159,W2,1,1,5,5,0,0,0,0,0,0,0,100,100,0,0,0,0,0,100,100,0,0.000000,0,9072,0.000000,0,0,0,0,108,8,0,8,100,4672,272,0,0,0,0,108,0,0,0,0,288,9400
2160,W2,1,1,5,5,0,0,0,0,0,0,0,100,100,0,0,0,0,0,100,100,0,0.000000,0,9072,0.000000,0,0,0,0,108,8,0,8,100,4672,272,0,0,0,0,108,0,0,0,0,334,9400
2161,W2,1,1,5,5,0,0,0,0,0,0,0,100,100,0,0,0,0,0,100,100,0,0.000000,0,9072,0.000000,0,0,0,0,108,8,0,8,100,4672,272,0,0,0,0,108,0,0,0,0,307,9400
2162,W2,1,1,5,5,0,0,0,0,0,0,0,100,100,0,0,0,0,0,100,100,0,0.000000,0,9072,0.000000,0,0,0,0,108,8,0,8,100,4672,272,0,0,0,0,108,0,0,0,0,287,9400
2163,W2,1,1,5,5,0,0,0,0,0,0,0,100,100,0,0,0,0,0,100,100,0,0.000000,0,9072,0.000000,0,0,0,0,108,8,0,8,100,4672,272,0,0,0,0,108,0,0,0,0,292,9400
2164,W2,1,1,5,5,0,0,0,0,0,0,0,100,100,0,0,0,0,0,100,100,0,0.000000,0,9072,0.000000,0,0,0,0,108,8,0,8,100,4672,272,0,0,0,0,108,0,0,0,0,303,9400
2165,W2,1,1,5,5,0,0,0,0,0,0,0,100,100,100,0,0,0,0,100,100,100,100.000000,1600,9072,17.636684,10,10,10,10,108,8,0,8,100,4672,272,0,0,0,0,108,0,0,0,0,346,9400
2166,W2,1,1,5,5,0,0,0,0,0,0,0,100,100,0,0,0,0,0,100,100,0,0.000000,0,9072,0.000000,0,0,0,0,108,8,0,8,100,4672,272,0,0,0,0,108,0,0,0,0,292,9400
2167,W2,1,1,5,5,0,0,0,0,0,0,0,100,100,0,0,0,0,0,100,100,0,0.000000,0,9072,0.000000,0,0,0,0,108,8,0,8,100,4672,272,0,0,0,0,108,0,0,0,0,298,9400
2168,W2,1,1,5,5,0,0,0,0,0,0,0,100,100,0,0,0,0,0,100,100,0,0.000000,0,9072,0.000000,0,0,0,0,108,8,0,8,100,4672,272,0,0,0,0,108,0,0,0,0,287,9400
2169,W2,1,1,5,5,0,0,0,0,0,0,0,100,100,0,0,0,0,0,100,100,0,0.000000,0,9072,0.000000,0,0,0,0,108,8,0,8,100,4672,272,0,0,0,0,108,0,0,0,0,288,9400
2170,W2,1,1,5,5,0,0,0,0,0,0,0,100,100,0,0,0,0,0,100,100,0,0.000000,0,9072,0.000000,0,0,0,0,108,8,0,8,100,4672,272,0,0,0,0,108,0,0,0,0,329,9400
2171,W2,1,1,5,5,0,0,0,0,0,0,0,100,100,0,0,0,0,0,100,100,0,0.000000,0,9072,0.000000,0,0,0,0,108,8,0,8,100,4672,272,0,0,0,0,108,0,0,0,0,301,9400
2172,W2,1,1,5,5,0,0,0,0,0,0,0,100,100,0,0,0,0,0,100,100,0,0.000000,0,9072,0.000000,0,0,0,0,108,8,0,8,100,4672,272,0,0,0,0,108,0,0,0,0,291,9400
2173,W2,1,1,5,5,0,0,0,0,0,0,0,100,100,0,0,0,0,0,100,100,0,0.000000,0,9072,0.000000,0,0,0,0,108,8,0,8,100,4672,272,0,0,0,0,108,0,0,0,0,312,9400
2174,W2,1,1,5,5,0,0,0,0,0,0,0,100,100,100,0,0,0,0,100,100,100,100.000000,1600,9072,17.636684,10,10,10,10,108,8,0,8,100,4672,272,0,0,0,0,108,0,0,0,0,311,9400
2175,W2,1,1,5,5,0,0,0,0,0,0,0,100,100,0,0,0,0,0,100,100,0,0.000000,0,9072,0.000000,0,0,0,0,108,8,0,8,100,4672,272,0,0,0,0,108,0,0,0,0,300,9400
2176,W2,1,1,5,5,0,0,0,0,0,0,0,100,100,0,0,0,0,0,100,100,0,0.000000,0,9072,0.000000,0,0,0,0,108,8,0,8,100,4672,272,0,0,0,0,108,0,0,0,0,309,9400
2177,W2,1,1,5,5,0,0,0,0,0,0,0,100,100,0,0,0,0,0,100,100,0,0.000000,0,9072,0.000000,0,0,0,0,108,8,0,8,100,4672,272,0,0,0,0,108,0,0,0,0,344,9400
2178,W2,1,1,5,5,0,0,0,0,0,0,0,100,100,0,0,0,0,0,100,100,0,0.000000,0,9072,0.000000,0,0,0,0,108,8,0,8,100,4672,272,0,0,0,0,108,0,0,0,0,327,9400
2179,W2,1,1,5,5,0,0,0,0,0,0,0,100,100,0,0,0,0,0,100,100,0,0.000000,0,9072,0.000000,0,0,0,0,108,8,0,8,100,4672,272,0,0,0,0,108,0,0,0,0,288,9400
2180,W2,1,1,5,5,0,0,0,0,0,0,0,100,100,0,0,0,0,0,100,100,0,0.000000,0,9072,0.000000,0,0,0,0,108,8,0,8,100,4672,272,0,0,0,0,108,0,0,0,0,301,9400
2181,W2,1,1,5,5,0,0,0,0,0,0,0,100,100,0,0,0,0,0,100,100,0,0.000000,0,9072,0.000000,0,0,0,0,108,8,0,8,100,4672,272,0,0,0,0,108,0,0,0,0,290,9400
2182,W2,1,1,5,5,0,0,0,0,0,0,0,100,100,0,0,0,0,0,100,100,0,0.000000,0,9072,0.000000,0,0,0,0,108,8,0,8,100,4672,272,0,0,0,0,108,0,0,0,0,314,9400
2183,W2,1,1,5,5,0,0,0,0,0,0,0,100,100,100,0,0,0,0,100,100,100,100.000000,1600,9072,17.636684,10,10,10,10,108,8,0,8,100,4672,272,0,0,0,0,108,0,0,0,0,290,9400
2184,W2,1,1,5,5,0,0,0,0,0,0,0,100,100,0,0,0,0,0,100,100,0,0.000000,0,9072,0.000000,0,0,0,0,108,8,0,8,100,4672,272,0,0,0,0,108,0,0,0,0,318,9400
2185,W2,1,1,5,5,0,0,0,0,0,0,0,100,100,0,0,0,0,0,100,100,0,0.000000,0,9072,0.000000,0,0,0,0,108,8,0,8,100,4672,272,0,0,0,0,108,0,0,0,0,287,9400
2186,W2,1,1,5,5,0,0,0,0,0,0,0,100,100,0,0,0,0,0,100,100,0,0.000000,0,9072,0.000000,0,0,0,0,108,8,0,8,100,4672,272,0,0,0,0,108,0,0,0,0,293,9400
2187,W2,1,1,5,5,0,0,0,0,0,0,0,100,100,0,0,0,0,0,100,100,0,0.000000,0,9072,0.000000,0,0,0,0,108,8,0,8,100,4672,272,0,0,0,0,108,0,0,0,0,314,9400
2188,W2,1,1,5,5,0,0,0,0,0,0,0,100,100,0,0,0,0,0,100,100,0,0.000000,0,9072,0.000000,0,0,0,0,108,8,0,8,100,4672,272,0,0,0,0,108,0,0,0,0,315,9400
2189,W2,1,1,5,5,0,0,0,0,0,0,0,100,100,0,0,0,0,0,100,100,0,0.000000,0,9072,0.000000,0,0,0,0,108,8,0,8,100,4672,272,0,0,0,0,108,0,0,0,0,289,9400
2190,W2,1,1,5,5,0,0,0,0,0,0,0,100,100,0,0,0,0,0,100,100,0,0.000000,0,9072,0.000000,0,0,0,0,108,8,0,8,100,4672,272,0,0,0,0,108,0,0,0,0,321,9400
2191,W2,1,1,5,5,0,0,0,0,0,0,0,100,100,0,0,0,0,0,100,100,0,0.000000,0,9072,0.000000,0,0,0,0,108,8,0,8,100,4672,272,0,0,0,0,108,0,0,0,0,341,9400
2192,W2,1,1,5,5,0,0,0,0,0,0,0,100,100,100,0,0,0,0,100,100,100,100.000000,1600,9072,17.636684,10,10,10,10,108,8,0,8,100,4672,272,0,0,0,0,108,0,0,0,0,300,9400
2193,W2,1,1,5,5,0,0,0,0,0,0,0,100,100,0,0,0,0,0,100,100,0,0.000000,0,9072,0.000000,0,0,0,0,108,8,0,8,100,4672,272,0,0,0,0,108,0,0,0,0,314,9400
2194,W2,1,1,5,5,0,0,0,0,0,0,0,100,100,0,0,0,0,0,100,100,0,0.000000,0,9072,0.000000,0,0,0,0,108,8,0,8,100,4672,272,0,0,0,0,108,0,0,0,0,296,9400
2195,W2,1,1,5,5,0,0,0,0,0,0,0,100,100,0,0,0,0,0,100,100,0,0.000000,0,9072,0.000000,0,0,0,0,108,8,0,8,100,4672,272,0,0,0,0,108,0,0,0,0,348,9400
2196,W2,1,1,5,5,0,0,0,0,0,0,0,100,100,0,0,0,0,0,100,100,0,0.000000,0,9072,0.000000,0,0,0,0,108,8,0,8,100,4672,272,0,0,0,0,108,0,0,0,0,316,9400
2197,W2,1,1,5,5,0,0,0,0,0,0,0,100,100,0,0,0,0,0,100,100,0,0.000000,0,9072,0.000000,0,0,0,0,108,8,0,8,100,4672,272,0,0,0,0,108,0,0,0,0,288,9400
2198,W2,1,1,5,5,0,0,0,0,0,0,0,100,100,0,0,0,0,0,100,100,0,0.000000,0,9072,0.000000,0,0,0,0,108,8,0,8,100,4672,272,0,0,0,0,108,0,0,0,0,364,9400
2199,W2,1,1,5,5,0,0,0,0,0,0,0,100,100,0,0,0,0,0,100,100,0,0.000000,0,9072,0.000000,0,0,0,0,108,8,0,8,100,4672,272,0,0,0,0,108,0,0,0,0,325,9400
2200,W2,1,1,5,5,0,0,0,0,0,0,0,100,100,0,0,0,0,0,100,100,0,0.000000,0,9072,0.000000,0,0,0,0,108,8,0,8,100,4672,272,0,0,0,0,108,0,0,0,0,310,9400
2201,W2,1,1,5,5,0,0,0,0,0,0,0,100,100,100,0,0,0,0,100,100,100,100.000000,1600,9072,17.636684,10,10,10,10,108,8,0,8,100,4672,272,0,0,0,0,108,0,0,0,0,299,9400
2202,W2,1,1,5,5,0,0,0,0,0,0,0,100,100,0,0,0,0,0,100,100,0,0.000000,0,9072,0.000000,0,0,0,0,108,8,0,8,100,4672,272,0,0,0,0,108,0,0,0,0,303,9400
2203,W2,1,1,5,5,0,0,0,0,0,0,0,100,100,0,0,0,0,0,100,100,0,0.000000,0,9072,0.000000,0,0,0,0,108,8,0,8,100,4672,272,0,0,0,0,108,0,0,0,0,315,9400
2204,W2,1,1,5,5,0,0,0,0,0,0,0,100,100,0,0,0,0,0,100,100,0,0.000000,0,9072,0.000000,0,0,0,0,108,8,0,8,100,4672,272,0,0,0,0,108,0,0,0,0,296,9400
2205,W2,1,1,5,5,0,0,0,0,0,0,0,100,100,0,0,0,0,0,100,100,0,0.000000,0,9072,0.000000,0,0,0,0,108,8,0,8,100,4672,272,0,0,0,0,108,0,0,0,0,309,9400
2206,W2,1,1,5,5,0,0,0,0,0,0,0,100,100,0,0,0,0,0,100,100,0,0.000000,0,9072,0.000000,0,0,0,0,108,8,0,8,100,4672,272,0,0,0,0,108,0,0,0,0,317,9400
2207,W2,1,1,5,5,0,0,0,0,0,0,0,100,100,0,0,0,0,0,100,100,0,0.000000,0,9072,0.000000,0,0,0,0,108,8,0,8,100,4672,272,0,0,0,0,108,0,0,0,0,285,9400
2208,W2,1,1,5,5,0,0,0,0,0,0,0,100,100,0,0,0,0,0,100,100,0,0.000000,0,9072,0.000000,0,0,0,0,108,8,0,8,100,4672,272,0,0,0,0,108,0,0,0,0,296,9400
2209,W2,1,1,5,5,0,0,0,0,0,0,0,100,100,0,0,0,0,0,100,100,0,0.000000,0,9072,0.000000,0,0,0,0,108,8,0,8,100,4672,272,0,0,0,0,108,0,0,0,0,279,9400
2210,W2,1,1,5,5,0,0,0,0,0,0,0,100,100,100,0,0,0,0,100,100,100,100.000000,1600,9072,17.636684,10,10,10,10,108,8,0,8,100,4672,272,0,0,0,0,108,0,0,0,0,290,9400
2211,W2,1,1,5,5,0,0,0,0,0,0,0,100,100,0,0,0,0,0,100,100,0,0.000000,0,9072,0.000000,0,0,0,0,108,8,0,8,100,4672,272,0,0,0,0,108,0,0,0,0,332,9400
2212,W2,1,1,5,5,0,0,0,0,0,0,0,100,100,0,0,0,0,0,100,100,0,0.000000,0,9072,0.000000,0,0,0,0,108,8,0,8,100,4672,272,0,0,0,0,108,0,0,0,0,325,9400
2213,W2,1,1,5,5,0,0,0,0,0,0,0,100,100,0,0,0,0,0,100,100,0,0.000000,0,9072,0.000000,0,0,0,0,108,8,0,8,100,4672,272,0,0,0,0,108,0,0,0,0,294,9400
2214,W2,1,1,5,5,0,0,0,0,0,0,0,100,100,0,0,0,0,0,100,100,0,0.000000,0,9072,0.000000,0,0,0,0,108,8,0,8,100,4672,272,0,0,0,0,108,0,0,0,0,298,9400
2215,W2,1,1,5,5,0,0,0,0,0,0,0,100,100,0,0,0,0,0,100,100,0,0.000000,0,9072,0.000000,0,0,0,0,108,8,0,8,100,4672,272,0,0,0,0,108,0,0,0,0,324,9400
2216,W2,1,1,5,5,0,0,0,0,0,0,0,100,100,0,0,0,0,0,100,100,0,0.000000,0,9072,0.000000,0,0,0,0,108,8,0,8,100,4672,272,0,0,0,0,108,0,0,0,0,302,9400
2217,W2,1,1,5,5,0,0,0,0,0,0,0,100,100,0,0,0,0,0,100,100,0,0.000000,0,9072,0.000000,0,0,0,0,108,8,0,8,100,4672,272,0,0,0,0,108,0,0,0,0,298,9400
2218,W2,1,1,5,5,0,0,0,0,0,0,0,100,100,0,0,0,0,0,100,100,0,0.000000,0,9072,0.000000,0,0,0,0,108,8,0,8,100,4672,272,0,0,0,0,108,0,0,0,0,299,9400
2219,W2,1,1,5,5,0,0,0,0,0,0,0,100,100,100,0,0,0,0,100,100,100,100.000000,1600,9072,17.636684,10,10,10,10,108,8,0,8,100,4672,272,0,0,0,0,108,0,0,0,0,303,9400
2220,W2,1,1,5,5,0,0,0,0,0,0,0,100,100,0,0,0,0,0,100,100,0,0.000000,0,9072,0.000000,0,0,0,0,108,8,0,8,100,4672,272,0,0,0,0,108,0,0,0,0,294,9400
2221,W2,1,1,5,5,0,0,0,0,0,0,0,100,100,0,0,0,0,0,100,100,0,0.000000,0,9072,0.000000,0,0,0,0,108,8,0,8,100,4672,272,0,0,0,0,108,0,0,0,0,332,9400
2222,W2,1,1,5,5,0,0,0,0,0,0,0,100,100,0,0,0,0,0,100,100,0,0.000000,0,9072,0.000000,0,0,0,0,108,8,0,8,100,4672,272,0,0,0,0,108,0,0,0,0,308,9400
2223,W2,1,1,5,5,0,0,0,0,0,0,0,100,100,0,0,0,0,0,100,100,0,0.000000,0,9072,0.000000,0,0,0,0,108,8,0,8,100,4672,272,0,0,0,0,108,0,0,0,0,290,9400
2224,W2,1,1,5,5,0,0,0,0,0,0,0,100,100,0,0,0,0,0,100,100,0,0.000000,0,9072,0.000000,0,0,0,0,108,8,0,8,100,4672,272,0,0,0,0,108,0,0,0,0,299,9400
2225,W2,1,1,5,5,0,0,0,0,0,0,0,100,100,0,0,0,0,0,100,100,0,0.000000,0,9072,0.000000,0,0,0,0,108,8,0,8,100,4672,272,0,0,0,0,108,0,0,0,0,308,9400
2226,W2,1,1,5,5,0,0,0,0,0,0,0,100,100,0,0,0,0,0,100,100,0,0.000000,0,9072,0.000000,0,0,0,0,108,8,0,8,100,4672,272,0,0,0,0,108,0,0,0,0,314,9400
2227,W2,1,1,5,5,0,0,0,0,0,0,0,100,100,0,0,0,0,0,100,100,0,0.000000,0,9072,0.000000,0,0,0,0,108,8,0,8,100,4672,272,0,0,0,0,108,0,0,0,0,304,9400
2228,W2,1,1,5,5,0,0,0,0,0,0,0,100,100,100,0,0,0,0,100,100,100,100.000000,1600,9072,17.636684,10,10,10,10,108,8,0,8,100,4672,272,0,0,0,0,108,0,0,0,0,301,9400
2229,W2,1,1,5,5,0,0,0,0,0,0,0,100,100,0,0,0,0,0,100,100,0,0.000000,0,9072,0.000000,0,0,0,0,108,8,0,8,100,4672,272,0,0,0,0,108,0,0,0,0,342,9400
2230,W2,1,1,5,5,0,0,0,0,0,0,0,100,100,0,0,0,0,0,100,100,0,0.000000,0,9072,0.000000,0,0,0,0,108,8,0,8,100,4672,272,0,0,0,0,108,0,0,0,0,310,9400
2231,W2,1,1,5,5,0,0,0,0,0,0,0,100,100,0,0,0,0,0,100,100,0,0.000000,0,9072,0.000000,0,0,0,0,108,8,0,8,100,4672,272,0,0,0,0,108,0,0,0,0,300,9400
2232,W2,1,1,5,5,0,0,0,0,0,0,0,100,100,0,0,0,0,0,100,100,0,0.000000,0,9072,0.000000,0,0,0,0,108,8,0,8,100,4672,272,0,0,0,0,108,0,0,0,0,320,9400
2233,W2,1,1,5,5,0,0,0,0,0,0,0,100,100,0,0,0,0,0,100,100,0,0.000000,0,9072,0.000000,0,0,0,0,108,8,0,8,100,4672,272,0,0,0,0,108,0,0,0,0,306,9400
2234,W2,1,1,5,5,0,0,0,0,0,0,0,100,100,0,0,0,0,0,100,100,0,0.000000,0,9072,0.000000,0,0,0,0,108,8,0,8,100,4672,272,0,0,0,0,108,0,0,0,0,330,9400
2235,W2,1,1,5,5,0,0,0,0,0,0,0,100,100,0,0,0,0,0,100,100,0,0.000000,0,9072,0.000000,0,0,0,0,108,8,0,8,100,4672,272,0,0,0,0,108,0,0,0,0,305,9400
2236,W2,1,1,5,5,0,0,0,0,0,0,0,100,100,0,0,0,0,0,100,100,0,0.000000,0,9072,0.000000,0,0,0,0,108,8,0,8,100,4672,272,0,0,0,0,108,0,0,0,0,334,9400
2237,W2,1,1,5,5,0,0,0,0,0,0,0,100,100,100,0,0,0,0,100,100,100,100.000000,1600,9072,17.636684,10,10,10,10,108,8,0,8,100,4672,272,0,0,0,0,108,0,0,0,0,296,9400
2238,W2,1,1,5,5,0,0,0,0,0,0,0,100,100,0,0,0,0,0,100,100,0,0.000000,0,9072,0.000000,0,0,0,0,108,8,0,8,100,4672,272,0,0,0,0,108,0,0,0,0,311,9400
2239,W2,1,1,5,5,0,0,0,0,0,0,0,100,100,0,0,0,0,0,100,100,0,0.000000,0,9072,0.000000,0,0,0,0,108,8,0,8,100,4672,272,0,0,0,0,108,0,0,0,0,304,9400
2240,W2,1,1,5,5,0,0,0,0,0,0,0,100,100,0,0,0,0,0,100,100,0,0.000000,0,9072,0.000000,0,0,0,0,108,8,0,8,100,4672,272,0,0,0,0,108,0,0,0,0,294,9400
2241,W2,1,1,5,5,0,0,0,0,0,0,0,100,100,0,0,0,0,0,100,100,0,0.000000,0,9072,0.000000,0,0,0,0,108,8,0,8,100,4672,272,0,0,0,0,108,0,0,0,0,302,9400
2242,W2,1,1,5,5,0,0,0,0,0,0,0,100,100,0,0,0,0,0,100,100,0,0.000000,0,9072,0.000000,0,0,0,0,108,8,0,8,100,4672,272,0,0,0,0,108,0,0,0,0,282,9400
2243,W2,1,1,5,5,0,0,0,0,0,0,0,100,100,0,0,0,0,0,100,100,0,0.000000,0,9072,0.000000,0,0,0,0,108,8,0,8,100,4672,272,0,0,0,0,108,0,0,0,0,276,9400
2244,W2,1,1,5,5,0,0,0,0,0,0,0,100,100,0,0,0,0,0,100,100,0,0.000000,0,9072,0.000000,0,0,0,0,108,8,0,8,100,4672,272,0,0,0,0,108,0,0,0,0,291,9400
2245,W2,1,1,5,5,0,0,0,0,0,0,0,100,100,0,0,0,0,0,100,100,0,0.000000,0,9072,0.000000,0,0,0,0,108,8,0,8,100,4672,272,0,0,0,0,108,0,0,0,0,294,9400
2246,W2,1,1,5,5,0,0,0,0,0,0,0,100,100,100,0,0,0,0,100,100,100,100.000000,1600,9072,17.636684,10,10,10,10,108,8,0,8,100,4672,272,0,0,0,0,108,0,0,0,0,330,9400
2247,W2,1,1,5,5,0,0,0,0,0,0,0,100,100,0,0,0,0,0,100,100,0,0.000000,0,9072,0.000000,0,0,0,0,108,8,0,8,100,4672,272,0,0,0,0,108,0,0,0,0,300,9400
2248,W2,1,1,5,5,0,0,0,0,0,0,0,100,100,0,0,0,0,0,100,100,0,0.000000,0,9072,0.000000,0,0,0,0,108,8,0,8,100,4672,272,0,0,0,0,108,0,0,0,0,309,9400
2249,W2,1,1,5,5,0,0,0,0,0,0,0,100,100,0,0,0,0,0,100,100,0,0.000000,0,9072,0.000000,0,0,0,0,108,8,0,8,100,4672,272,0,0,0,0,108,0,0,0,0,297,9400
2250,W2,1,1,5,5,0,0,0,0,0,0,0,100,100,0,0,0,0,0,100,100,0,0.000000,0,9072,0.000000,0,0,0,0,108,8,0,8,100,4672,272,0,0,0,0,108,0,0,0,0,291,9400
2251,W2,1,1,5,5,0,0,0,0,0,0,0,100,100,0,0,0,0,0,100,100,0,0.000000,0,9072,0.000000,0,0,0,0,108,8,0,8,100,4672,272,0,0,0,0,108,0,0,0,0,301,9400
2252,W2,1,1,5,5,0,0,0,0,0,0,0,100,100,0,0,0,0,0,100,100,0,0.000000,0,9072,0.000000,0,0,0,0,108,8,0,8,100,4672,272,0,0,0,0,108,0,0,0,0,309,9400
2253,W2,1,1,5,5,0,0,0,0,0,0,0,100,100,0,0,0,0,0,100,100,0,0.000000,0,9072,0.000000,0,0,0,0,108,8,0,8,100,4672,272,0,0,0,0,108,0,0,0,0,306,9400
2254,W2,1,1,5,5,0,0,0,0,0,0,0,100,100,0,0,0,0,0,100,100,0,0.000000,0,9072,0.000000,0,0,0,0,108,8,0,8,100,4672,272,0,0,0,0,108,0,0,0,0,309,9400
2255,W2,1,1,5,5,0,0,0,0,0,0,0,100,100,100,0,0,0,0,100,100,100,100.000000,1600,9072,17.636684,10,10,10,10,108,8,0,8,100,4672,272,0,0,0,0,108,0,0,0,0,282,9400
2256,W2,1,1,5,5,0,0,0,0,0,0,0,100,100,0,0,0,0,0,100,100,0,0.000000,0,9072,0.000000,0,0,0,0,108,8,0,8,100,4672,272,0,0,0,0,108,0,0,0,0,296,9400
2257,W2,1,1,5,5,0,0,0,0,0,0,0,100,100,0,0,0,0,0,100,100,0,0.000000,0,9072,0.000000,0,0,0,0,108,8,0,8,100,4672,272,0,0,0,0,108,0,0,0,0,306,9400
2258,W2,1,1,5,5,0,0,0,0,0,0,0,100,100,0,0,0,0,0,100,100,0,0.000000,0,9072,0.000000,0,0,0,0,108,8,0,8,100,4672,272,0,0,0,0,108,0,0,0,0,293,9400
2259,W2,1,1,5,5,0,0,0,0,0,0,0,100,100,0,0,0,0,0,100,100,0,0.000000,0,9072,0.000000,0,0,0,0,108,8,0,8,100,4672,272,0,0,0,0,108,0,0,0,0,312,9400
2260,W2,1,1,5,5,0,0,0,0,0,0,0,100,100,0,0,0,0,0,100,100,0,0.000000,0,9072,0.000000,0,0,0,0,108,8,0,8,100,4672,272,0,0,0,0,108,0,0,0,0,322,9400
2261,W2,1,1,5,5,0,0,0,0,0,0,0,100,100,0,0,0,0,0,100,100,0,0.000000,0,9072,0.000000,0,0,0,0,108,8,0,8,100,4672,272,0,0,0,0,108,0,0,0,0,320,9400
2262,W2,1,1,5,5,0,0,0,0,0,0,0,100,100,0,0,0,0,0,100,100,0,0.000000,0,9072,0.000000,0,0,0,0,108,8,0,8,100,4672,272,0,0,0,0,108,0,0,0,0,297,9400
2263,W2,1,1,5,5,0,0,0,0,0,0,0,100,100,0,0,0,0,0,100,100,0,0.000000,0,9072,0.000000,0,0,0,0,108,8,0,8,100,4672,272,0,0,0,0,108,0,0,0,0,298,9400
2264,W2,1,1,5,5,0,0,0,0,0,0,0,100,100,100,0,0,0,0,100,100,100,100.000000,1600,9072,17.636684,10,10,10,10,108,8,0,8,100,4672,272,0,0,0,0,108,0,0,0,0,355,9400
2265,W2,1,1,5,5,0,0,0,0,0,0,0,100,100,0,0,0,0,0,100,100,0,0.000000,0,9072,0.000000,0,0,0,0,108,8,0,8,100,4672,272,0,0,0,0,108,0,0,0,0,337,9400
2266,W2,1,1,5,5,0,0,0,0,0,0,0,100,100,0,0,0,0,0,100,100,0,0.000000,0,9072,0.000000,0,0,0,0,108,8,0,8,100,4672,272,0,0,0,0,108,0,0,0,0,336,9400
2267,W2,1,1,5,5,0,0,0,0,0,0,0,100,100,0,0,0,0,0,100,100,0,0.000000,0,9072,0.000000,0,0,0,0,108,8,0,8,100,4672,272,0,0,0,0,108,0,0,0,0,304,9400
2268,W2,1,1,5,5,0,0,0,0,0,0,0,100,100,0,0,0,0,0,100,100,0,0.000000,0,9072,0.000000,0,0,0,0,108,8,0,8,100,4672,272,0,0,0,0,108,0,0,0,0,334,9400
2269,W2,1,1,5,5,0,0,0,0,0,0,0,100,100,0,0,0,0,0,100,100,0,0.000000,0,9072,0.000000,0,0,0,0,108,8,0,8,100,4672,272,0,0,0,0,108,0,0,0,0,297,9400
2270,W2,1,1,5,5,0,0,0,0,0,0,0,100,100,0,0,0,0,0,100,100,0,0.000000,0,9072,0.000000,0,0,0,0,108,8,0,8,100,4672,272,0,0,0,0,108,0,0,0,0,321,9400
2271,W2,1,1,5,5,0,0,0,0,0,0,0,100,100,0,0,0,0,0,100,100,0,0.000000,0,9072,0.000000,0,0,0,0,108,8,0,8,100,4672,272,0,0,0,0,108,0,0,0,0,295,9400
2272,W2,1,1,5,5,0,0,0,0,0,0,0,100,100,0,0,0,0,0,100,100,0,0.000000,0,9072,0.000000,0,0,0,0,108,8,0,8,100,4672,272,0,0,0,0,108,0,0,0,0,331,9400
2273,W2,1,1,5,5,0,0,0,0,0,0,0,100,100,100,0,0,0,0,100,100,100,100.000000,1600,9072,17.636684,10,10,10,10,108,8,0,8,100,4672,272,0,0,0,0,108,0,0,0,0,300,9400
2274,W2,1,1,5,5,0,0,0,0,0,0,0,100,100,0,0,0,0,0,100,100,0,0.000000,0,9072,0.000000,0,0,0,0,108,8,0,8,100,4672,272,0,0,0,0,108,0,0,0,0,316,9400
2275,W2,1,1,5,5,0,0,0,0,0,0,0,100,100,0,0,0,0,0,100,100,0,0.000000,0,9072,0.000000,0,0,0,0,108,8,0,8,100,4672,272,0,0,0,0,108,0,0,0,0,345,9400
2276,W2,1,1,5,5,0,0,0,0,0,0,0,100,100,0,0,0,0,0,100,100,0,0.000000,0,9072,0.000000,0,0,0,0,108,8,0,8,100,4672,272,0,0,0,0,108,0,0,0,0,279,9400
2277,W2,1,1,5,5,0,0,0,0,0,0,0,100,100,0,0,0,0,0,100,100,0,0.000000,0,9072,0.000000,0,0,0,0,108,8,0,8,100,4672,272,0,0,0,0,108,0,0,0,0,283,9400
2278,W2,1,1,5,5,0,0,0,0,0,0,0,100,100,0,0,0,0,0,100,100,0,0.000000,0,9072,0.000000,0,0,0,0,108,8,0,8,100,4672,272,0,0,0,0,108,0,0,0,0,292,9400
2279,W2,1,1,5,5,0,0,0,0,0,0,0,100,100,0,0,0,0,0,100,100,0,0.000000,0,9072,0.000000,0,0,0,0,108,8,0,8,100,4672,272,0,0,0,0,108,0,0,0,0,301,9400
2280,W2,1,1,5,5,0,0,0,0,0,0,0,100,100,0,0,0,0,0,100,100,0,0.000000,0,9072,0.000000,0,0,0,0,108,8,0,8,100,4672,272,0,0,0,0,108,0,0,0,0,345,9400
2281,W2,1,1,5,5,0,0,0,0,0,0,0,100,100,0,0,0,0,0,100,100,0,0.000000,0,9072,0.000000,0,0,0,0,108,8,0,8,100,4672,272,0,0,0,0,108,0,0,0,0,290,9400
2282,W2,1,1,5,5,0,0,0,0,0,0,0,100,100,100,0,0,0,0,100,100,100,100.000000,1600,9072,17.636684,10,10,10,10,108,8,0,8,100,4672,272,0,0,0,0,108,0,0,0,0,338,9400
2283,W2,1,1,5,5,0,0,0,0,0,0,0,100,100,0,0,0,0,0,100,100,0,0.000000,0,9072,0.000000,0,0,0,0,108,8,0,8,100,4672,272,0,0,0,0,108,0,0,0,0,352,9400
2284,W2,1,1,5,5,0,0,0,0,0,0,0,100,100,0,0,0,0,0,100,100,0,0.000000,0,9072,0.000000,0,0,0,0,108,8,0,8,100,4672,272,0,0,0,0,108,0,0,0,0,324,9400
2285,W2,1,1,5,5,0,0,0,0,0,0,0,100,100,0,0,0,0,0,100,100,0,0.000000,0,9072,0.000000,0,0,0,0,108,8,0,8,100,4672,272,0,0,0,0,108,0,0,0,0,310,9400
2286,W2,1,1,5,5,0,0,0,0,0,0,0,100,100,0,0,0,0,0,100,100,0,0.000000,0,9072,0.000000,0,0,0,0,108,8,0,8,100,4672,272,0,0,0,0,108,0,0,0,0,305,9400
2287,W2,1,1,5,5,0,0,0,0,0,0,0,100,100,0,0,0,0,0,100,100,0,0.000000,0,9072,0.000000,0,0,0,0,108,8,0,8,100,4672,272,0,0,0,0,108,0,0,0,0,305,9400
2288,W2,1,1,5,5,0,0,0,0,0,0,0,100,100,0,0,0,0,0,100,100,0,0.000000,0,9072,0.000000,0,0,0,0,108,8,0,8,100,4672,272,0,0,0,0,108,0,0,0,0,356,9400
2289,W2,1,1,5,5,0,0,0,0,0,0,0,100,100,0,0,0,0,0,100,100,0,0.000000,0,9072,0.000000,0,0,0,0,108,8,0,8,100,4672,272,0,0,0,0,108,0,0,0,0,295,9400
2290,W2,1,1,5,5,0,0,0,0,0,0,0,100,100,0,0,0,0,0,100,100,0,0.000000,0,9072,0.000000,0,0,0,0,108,8,0,8,100,4672,272,0,0,0,0,108,0,0,0,0,293,9400
2291,W2,1,1,5,5,0,0,0,0,0,0,0,100,100,100,0,0,0,0,100,100,100,100.000000,1600,9072,17.636684,10,10,10,10,108,8,0,8,100,4672,272,0,0,0,0,108,0,0,0,0,301,9400
2292,W2,1,1,5,5,0,0,0,0,0,0,0,100,100,0,0,0,0,0,100,100,0,0.000000,0,9072,0.000000,0,0,0,0,108,8,0,8,100,4672,272,0,0,0,0,108,0,0,0,0,312,9400
2293,W2,1,1,5,5,0,0,0,0,0,0,0,100,100,0,0,0,0,0,100,100,0,0.000000,0,9072,0.000000,0,0,0,0,108,8,0,8,100,4672,272,0,0,0,0,108,0,0,0,0,298,9400
2294,W2,1,1,5,5,0,0,0,0,0,0,0,100,100,0,0,0,0,0,100,100,0,0.000000,0,9072,0.000000,0,0,0,0,108,8,0,8,100,4672,272,0,0,0,0,108,0,0,0,0,296,9400
2295,W2,1,1,5,5,0,0,0,0,0,0,0,100,100,0,0,0,0,0,100,100,0,0.000000,0,9072,0.000000,0,0,0,0,108,8,0,8,100,4672,272,0,0,0,0,108,0,0,0,0,332,9400
2296,W2,1,1,5,5,0,0,0,0,0,0,0,100,100,0,0,0,0,0,100,100,0,0.000000,0,9072,0.000000,0,0,0,0,108,8,0,8,100,4672,272,0,0,0,0,108,0,0,0,0,310,9400
2297,W2,1,1,5,5,0,0,0,0,0,0,0,100,100,0,0,0,0,0,100,100,0,0.000000,0,9072,0.000000,0,0,0,0,108,8,0,8,100,4672,272,0,0,0,0,108,0,0,0,0,316,9400
2298,W2,1,1,5,5,0,0,0,0,0,0,0,100,100,0,0,0,0,0,100,100,0,0.000000,0,9072,0.000000,0,0,0,0,108,8,0,8,100,4672,272,0,0,0,0,108,0,0,0,0,301,9400
2299,W2,1,1,5,5,0,0,0,0,0,0,0,100,100,0,0,0,0,0,100,100,0,0.000000,0,9072,0.000000,0,0,0,0,108,8,0,8,100,4672,272,0,0,0,0,108,0,0,0,0,306,9400
2300,W2,1,1,5,5,0,0,0,0,0,0,0,100,100,100,0,0,0,0,100,100,100,100.000000,1600,9072,17.636684,10,10,10,10,108,8,0,8,100,4672,272,0,0,0,0,108,0,0,0,0,296,9400
2301,W2,1,1,5,5,0,0,0,0,0,0,0,100,100,0,0,0,0,0,100,100,0,0.000000,0,9072,0.000000,0,0,0,0,108,8,0,8,100,4672,272,0,0,0,0,108,0,0,0,0,301,9400
2302,W2,1,1,5,5,0,0,0,0,0,0,0,100,100,0,0,0,0,0,100,100,0,0.000000,0,9072,0.000000,0,0,0,0,108,8,0,8,100,4672,272,0,0,0,0,108,0,0,0,0,304,9400
2303,W2,1,1,5,5,0,0,0,0,0,0,0,100,100,0,0,0,0,0,100,100,0,0.000000,0,9072,0.000000,0,0,0,0,108,8,0,8,100,4672,272,0,0,0,0,108,0,0,0,0,301,9400
2304,W2,1,1,5,5,0,0,0,0,0,0,0,100,100,0,0,0,0,0,100,100,0,0.000000,0,9072,0.000000,0,0,0,0,108,8,0,8,100,4672,272,0,0,0,0,108,0,0,0,0,302,9400
2305,W2,1,1,5,5,0,0,0,0,0,0,0,100,100,0,0,0,0,0,100,100,0,0.000000,0,9072,0.000000,0,0,0,0,108,8,0,8,100,4672,272,0,0,0,0,108,0,0,0,0,364,9400
2306,W2,1,1,5,5,0,0,0,0,0,0,0,100,100,0,0,0,0,0,100,100,0,0.000000,0,9072,0.000000,0,0,0,0,108,8,0,8,100,4672,272,0,0,0,0,108,0,0,0,0,321,9400
2307,W2,1,1,5,5,0,0,0,0,0,0,0,100,100,0,0,0,0,0,100,100,0,0.000000,0,9072,0.000000,0,0,0,0,108,8,0,8,100,4672,272,0,0,0,0,108,0,0,0,0,302,9400
2308,W2,1,1,5,5,0,0,0,0,0,0,0,100,100,0,0,0,0,0,100,100,0,0.000000,0,9072,0.000000,0,0,0,0,108,8,0,8,100,4672,272,0,0,0,0,108,0,0,0,0,323,9400
2309,W2,1,1,5,5,0,0,0,0,0,0,0,100,100,100,0,0,0,0,100,100,100,100.000000,1600,9072,17.636684,10,10,10,10,108,8,0,8,100,4672,272,0,0,0,0,108,0,0,0,0,300,9400
2310,W2,1,1,5,5,0,0,0,0,0,0,0,100,100,0,0,0,0,0,100,100,0,0.000000,0,9072,0.000000,0,0,0,0,108,8,0,8,100,4672,272,0,0,0,0,108,0,0,0,0,323,9400
2311,W2,1,1,5,5,0,0,0,0,0,0,0,100,100,0,0,0,0,0,100,100,0,0.000000,0,9072,0.000000,0,0,0,0,108,8,0,8,100,4672,272,0,0,0,0,108,0,0,0,0,285,9400
2312,W2,1,1,5,5,0,0,0,0,0,0,0,100,100,0,0,0,0,0,100,100,0,0.000000,0,9072,0.000000,0,0,0,0,108,8,0,8,100,4672,272,0,0,0,0,108,0,0,0,0,281,9400
2313,W2,1,1,5,5,0,0,0,0,0,0,0,100,100,0,0,0,0,0,100,100,0,0.000000,0,9072,0.000000,0,0,0,0,108,8,0,8,100,4672,272,0,0,0,0,108,0,0,0,0,313,9400
2314,W2,1,1,5,5,0,0,0,0,0,0,0,100,100,0,0,0,0,0,100,100,0,0.000000,0,9072,0.000000,0,0,0,0,108,8,0,8,100,4672,272,0,0,0,0,108,0,0,0,0,281,9400
2315,W2,1,1,5,5,0,0,0,0,0,0,0,100,100,0,0,0,0,0,100,100,0,0.000000,0,9072,0.000000,0,0,0,0,108,8,0,8,100,4672,272,0,0,0,0,108,0,0,0,0,283,9400
2316,W2,1,1,5,5,0,0,0,0,0,0,0,100,100,0,0,0,0,0,100,100,0,0.000000,0,9072,0.000000,0,0,0,0,108,8,0,8,100,4672,272,0,0,0,0,108,0,0,0,0,318,9400
2317,W2,1,1,5,5,0,0,0,0,0,0,0,100,100,0,0,0,0,0,100,100,0,0.000000,0,9072,0.000000,0,0,0,0,108,8,0,8,100,4672,272,0,0,0,0,108,0,0,0,0,286,9400
2318,W2,1,1,5,5,0,0,0,0,0,0,0,100,100,100,0,0,0,0,100,100,100,100.000000,1600,9072,17.636684,10,10,10,10,108,8,0,8,100,4672,272,0,0,0,0,108,0,0,0,0,288,9400
2319,W2,1,1,5,5,0,0,0,0,0,0,0,100,100,0,0,0,0,0,100,100,0,0.000000,0,9072,0.000000,0,0,0,0,108,8,0,8,100,4672,272,0,0,0,0,108,0,0,0,0,356,9400
2320,W2,1,1,5,5,0,0,0,0,0,0,0,100,100,0,0,0,0,0,100,100,0,0.000000,0,9072,0.000000,0,0,0,0,108,8,0,8,100,4672,272,0,0,0,0,108,0,0,0,0,312,9400
2321,W2,1,1,5,5,0,0,0,0,0,0,0,100,100,0,0,0,0,0,100,100,0,0.000000,0,9072,0.000000,0,0,0,0,108,8,0,8,100,4672,272,0,0,0,0,108,0,0,0,0,283,9400
2322,W2,1,1,5,5,0,0,0,0,0,0,0,100,100,0,0,0,0,0,100,100,0,0.000000,0,9072,0.000000,0,0,0,0,108,8,0,8,100,4672,272,0,0,0,0,108,0,0,0,0,309,9400
2323,W2,1,1,5,5,0,0,0,0,0,0,0,100,100,0,0,0,0,0,100,100,0,0.000000,0,9072,0.000000,0,0,0,0,108,8,0,8,100,4672,272,0,0,0,0,108,0,0,0,0,304,9400
2324,W2,1,1,5,5,0,0,0,0,0,0,0,100,100,0,0,0,0,0,100,100,0,0.000000,0,9072,0.000000,0,0,0,0,108,8,0,8,100,4672,272,0,0,0,0,108,0,0,0,0,305,9400
2325,W2,1,1,5,5,0,0,0,0,0,0,0,100,100,0,0,0,0,0,100,100,0,0.000000,0,9072,0.000000,0,0,0,0,108,8,0,8,100,4672,272,0,0,0,0,108,0,0,0,0,282,9400
2326,W2,1,1,5,5,0,0,0,0,0,0,0,100,100,0,0,0,0,0,100,100,0,0.000000,0,9072,0.000000,0,0,0,0,108,8,0,8,100,4672,272,0,0,0,0,108,0,0,0,0,291,9400
2327,W2,1,1,5,5,0,0,0,0,0,0,0,100,100,100,0,0,0,0,100,100,100,100.000000,1600,9072,17.636684,10,10,10,10,108,8,0,8,100,4672,272,0,0,0,0,108,0,0,0,0,317,9400
2328,W2,1,1,5,5,0,0,0,0,0,0,0,100,100,0,0,0,0,0,100,100,0,0.000000,0,9072,0.000000,0,0,0,0,108,8,0,8,100,4672,272,0,0,0,0,108,0,0,0,0,297,9400
2329,W2,1,1,5,5,0,0,0,0,0,0,0,100,100,0,0,0,0,0,100,100,0,0.000000,0,9072,0.000000,0,0,0,0,108,8,0,8,100,4672,272,0,0,0,0,108,0,0,0,0,298,9400
2330,W2,1,1,5,5,0,0,0,0,0,0,0,100,100,0,0,0,0,0,100,100,0,0.000000,0,9072,0.000000,0,0,0,0,108,8,0,8,100,4672,272,0,0,0,0,108,0,0,0,0,314,9400
2331,W2,1,1,5,5,0,0,0,0,0,0,0,100,100,0,0,0,0,0,100,100,0,0.000000,0,9072,0.000000,0,0,0,0,108,8,0,8,100,4672,272,0,0,0,0,108,0,0,0,0,278,9400
2332,W2,1,1,5,5,0,0,0,0,0,0,0,100,100,0,0,0,0,0,100,100,0,0.000000,0,9072,0.000000,0,0,0,0,108,8,0,8,100,4672,272,0,0,0,0,108,0,0,0,0,313,9400
2333,W2,1,1,5,5,0,0,0,0,0,0,0,100,100,0,0,0,0,0,100,100,0,0.000000,0,9072,0.000000,0,0,0,0,108,8,0,8,100,4672,272,0,0,0,0,108,0,0,0,0,277,9400
2334,W2,1,1,5,5,0,0,0,0,0,0,0,100,100,0,0,0,0,0,100,100,0,0.000000,0,9072,0.000000,0,0,0,0,108,8,0,8,100,4672,272,0,0,0,0,108,0,0,0,0,335,9400
2335,W2,1,1,5,5,0,0,0,0,0,0,0,100,100,0,0,0,0,0,100,100,0,0.000000,0,9072,0.000000,0,0,0,0,108,8,0,8,100,4672,272,0,0,0,0,108,0,0,0,0,280,9400
2336,W2,1,1,5,5,0,0,0,0,0,0,0,100,100,100,0,0,0,0,100,100,100,100.000000,1600,9072,17.636684,10,10,10,10,108,8,0,8,100,4672,272,0,0,0,0,108,0,0,0,0,286,9400
2337,W2,1,1,5,5,0,0,0,0,0,0,0,100,100,0,0,0,0,0,100,100,0,0.000000,0,9072,0.000000,0,0,0,0,108,8,0,8,100,4672,272,0,0,0,0,108,0,0,0,0,284,9400
2338,W2,1,1,5,5,0,0,0,0,0,0,0,100,100,0,0,0,0,0,100,100,0,0.000000,0,9072,0.000000,0,0,0,0,108,8,0,8,100,4672,272,0,0,0,0,108,0,0,0,0,356,9400
2339,W2,1,1,5,5,0,0,0,0,0,0,0,100,100,0,0,0,0,0,100,100,0,0.000000,0,9072,0.000000,0,0,0,0,108,8,0,8,100,4672,272,0,0,0,0,108,0,0,0,0,294,9400
2340,W2,1,1,5,5,0,0,0,0,0,0,0,100,100,0,0,0,0,0,100,100,0,0.000000,0,9072,0.000000,0,0,0,0,108,8,0,8,100,4672,272,0,0,0,0,108,0,0,0,0,290,9400
2341,W2,1,1,5,5,0,0,0,0,0,0,0,100,100,0,0,0,0,0,100,100,0,0.000000,0,9072,0.000000,0,0,0,0,108,8,0,8,100,4672,272,0,0,0,0,108,0,0,0,0,332,9400
2342,W2,1,1,5,5,0,0,0,0,0,0,0,100,100,0,0,0,0,0,100,100,0,0.000000,0,9072,0.000000,0,0,0,0,108,8,0,8,100,4672,272,0,0,0,0,108,0,0,0,0,303,9400
2343,W2,1,1,5,5,0,0,0,0,0,0,0,100,100,0,0,0,0,0,100,100,0,0.000000,0,9072,0.000000,0,0,0,0,108,8,0,8,100,4672,272,0,0,0,0,108,0,0,0,0,300,9400
2344,W2,1,1,5,5,0,0,0,0,0,0,0,100,100,0,0,0,0,0,100,100,0,0.000000,0,9072,0.000000,0,0,0,0,108,8,0,8,100,4672,272,0,0,0,0,108,0,0,0,0,305,9400
2345,W2,1,1,5,5,0,0,0,0,0,0,0,100,100,100,0,0,0,0,100,100,100,100.000000,1600,9072,17.636684,10,10,10,10,108,8,0,8,100,4672,272,0,0,0,0,108,0,0,0,0,309,9400
2346,W2,1,1,5,5,0,0,0,0,0,0,0,100,100,0,0,0,0,0,100,100,0,0.000000,0,9072,0.000000,0,0,0,0,108,8,0,8,100,4672,272,0,0,0,0,108,0,0,0,0,289,9400
2347,W2,1,1,5,5,0,0,0,0,0,0,0,100,100,0,0,0,0,0,100,100,0,0.000000,0,9072,0.000000,0,0,0,0,108,8,0,8,100,4672,272,0,0,0,0,108,0,0,0,0,285,9400
2348,W2,1,1,5,5,0,0,0,0,0,0,0,100,100,0,0,0,0,0,100,100,0,0.000000,0,9072,0.000000,0,0,0,0,108,8,0,8,100,4672,272,0,0,0,0,108,0,0,0,0,300,9400
2349,W2,1,1,5,5,0,0,0,0,0,0,0,100,100,0,0,0,0,0,100,100,0,0.000000,0,9072,0.000000,0,0,0,0,108,8,0,8,100,4672,272,0,0,0,0,108,0,0,0,0,319,9400
2350,W2,1,1,5,5,0,0,0,0,0,0,0,100,100,0,0,0,0,0,100,100,0,0.000000,0,9072,0.000000,0,0,0,0,108,8,0,8,100,4672,272,0,0,0,0,108,0,0,0,0,315,9400
2351,W2,1,1,5,5,0,0,0,0,0,0,0,100,100,0,0,0,0,0,100,100,0,0.000000,0,9072,0.000000,0,0,0,0,108,8,0,8,100,4672,272,0,0,0,0,108,0,0,0,0,335,9400
2352,W2,1,1,5,5,0,0,0,0,0,0,0,100,100,0,0,0,0,0,100,100,0,0.000000,0,9072,0.000000,0,0,0,0,108,8,0,8,100,4672,272,0,0,0,0,108,0,0,0,0,319,9400
2353,W2,1,1,5,5,0,0,0,0,0,0,0,100,100,0,0,0,0,0,100,100,0,0.000000,0,9072,0.000000,0,0,0,0,108,8,0,8,100,4672,272,0,0,0,0,108,0,0,0,0,285,9400
2354,W2,1,1,5,5,0,0,0,0,0,0,0,100,100,100,0,0,0,0,100,100,100,100.000000,1600,9072,17.636684,10,10,10,10,108,8,0,8,100,4672,272,0,0,0,0,108,0,0,0,0,305,9400
2355,W2,1,1,5,5,0,0,0,0,0,0,0,100,100,0,0,0,0,0,100,100,0,0.000000,0,9072,0.000000,0,0,0,0,108,8,0,8,100,4672,272,0,0,0,0,108,0,0,0,0,298,9400
2356,W2,1,1,5,5,0,0,0,0,0,0,0,100,100,0,0,0,0,0,100,100,0,0.000000,0,9072,0.000000,0,0,0,0,108,8,0,8,100,4672,272,0,0,0,0,108,0,0,0,0,327,9400
2357,W2,1,1,5,5,0,0,0,0,0,0,0,100,100,0,0,0,0,0,100,100,0,0.000000,0,9072,0.000000,0,0,0,0,108,8,0,8,100,4672,272,0,0,0,0,108,0,0,0,0,338,9400
2358,W2,1,1,5,5,0,0,0,0,0,0,0,100,100,0,0,0,0,0,100,100,0,0.000000,0,9072,0.000000,0,0,0,0,108,8,0,8,100,4672,272,0,0,0,0,108,0,0,0,0,304,9400
2359,W2,1,1,5,5,0,0,0,0,0,0,0,100,100,0,0,0,0,0,100,100,0,0.000000,0,9072,0.000000,0,0,0,0,108,8,0,8,100,4672,272,0,0,0,0,108,0,0,0,0,298,9400
2360,W2,1,1,5,5,0,0,0,0,0,0,0,100,100,0,0,0,0,0,100,100,0,0.000000,0,9072,0.000000,0,0,0,0,108,8,0,8,100,4672,272,0,0,0,0,108,0,0,0,0,340,9400
2361,W2,1,1,5,5,0,0,0,0,0,0,0,100,100,0,0,0,0,0,100,100,0,0.000000,0,9072,0.000000,0,0,0,0,108,8,0,8,100,4672,272,0,0,0,0,108,0,0,0,0,287,9400
2362,W2,1,1,5,5,0,0,0,0,0,0,0,100,100,0,0,0,0,0,100,100,0,0.000000,0,9072,0.000000,0,0,0,0,108,8,0,8,100,4672,272,0,0,0,0,108,0,0,0,0,289,9400
2363,W2,1,1,5,5,0,0,0,0,0,0,0,100,100,100,0,0,0,0,100,100,100,100.000000,1600,9072,17.636684,10,10,10,10,108,8,0,8,100,4672,272,0,0,0,0,108,0,0,0,0,297,9400
2364,W2,1,1,5,5,0,0,0,0,0,0,0,100,100,0,0,0,0,0,100,100,0,0.000000,0,9072,0.000000,0,0,0,0,108,8,0,8,100,4672,272,0,0,0,0,108,0,0,0,0,320,9400
2365,W2,1,1,5,5,0,0,0,0,0,0,0,100,100,0,0,0,0,0,100,100,0,0.000000,0,9072,0.000000,0,0,0,0,108,8,0,8,100,4672,272,0,0,0,0,108,0,0,0,0,299,9400
2366,W2,1,1,5,5,0,0,0,0,0,0,0,100,100,0,0,0,0,0,100,100,0,0.000000,0,9072,0.000000,0,0,0,0,108,8,0,8,100,4672,272,0,0,0,0,108,0,0,0,0,287,9400
2367,W2,1,1,5,5,0,0,0,0,0,0,0,100,100,0,0,0,0,0,100,100,0,0.000000,0,9072,0.000000,0,0,0,0,108,8,0,8,100,4672,272,0,0,0,0,108,0,0,0,0,289,9400
2368,W2,1,1,5,5,0,0,0,0,0,0,0,100,100,0,0,0,0,0,100,100,0,0.000000,0,9072,0.000000,0,0,0,0,108,8,0,8,100,4672,272,0,0,0,0,108,0,0,0,0,308,9400
2369,W2,1,1,5,5,0,0,0,0,0,0,0,100,100,0,0,0,0,0,100,100,0,0.000000,0,9072,0.000000,0,0,0,0,108,8,0,8,100,4672,272,0,0,0,0,108,0,0,0,0,279,9400
2370,W2,1,1,5,5,0,0,0,0,0,0,0,100,100,0,0,0,0,0,100,100,0,0.000000,0,9072,0.000000,0,0,0,0,108,8,0,8,100,4672,272,0,0,0,0,108,0,0,0,0,287,9400
2371,W2,1,1,5,5,0,0,0,0,0,0,0,100,100,0,0,0,0,0,100,100,0,0.000000,0,9072,0.000000,0,0,0,0,108,8,0,8,100,4672,272,0,0,0,0,108,0,0,0,0,283,9400
2372,W2,1,1,5,5,0,0,0,0,0,0,0,100,100,100,0,0,0,0,100,100,100,100.000000,1600,9072,17.636684,10,10,10,10,108,8,0,8,100,4672,272,0,0,0,0,108,0,0,0,0,325,9400
2373,W2,1,1,5,5,0,0,0,0,0,0,0,100,100,0,0,0,0,0,100,100,0,0.000000,0,9072,0.000000,0,0,0,0,108,8,0,8,100,4672,272,0,0,0,0,108,0,0,0,0,291,9400
2374,W2,1,1,5,5,0,0,0,0,0,0,0,100,100,0,0,0,0,0,100,100,0,0.000000,0,9072,0.000000,0,0,0,0,108,8,0,8,100,4672,272,0,0,0,0,108,0,0,0,0,307,9400
2375,W2,1,1,5,5,0,0,0,0,0,0,0,100,100,0,0,0,0,0,100,100,0,0.000000,0,9072,0.000000,0,0,0,0,108,8,0,8,100,4672,272,0,0,0,0,108,0,0,0,0,297,9400
2376,W2,1,1,5,5,0,0,0,0,0,0,0,100,100,0,0,0,0,0,100,100,0,0.000000,0,9072,0.000000,0,0,0,0,108,8,0,8,100,4672,272,0,0,0,0,108,0,0,0,0,301,9400
2377,W2,1,1,5,5,0,0,0,0,0,0,0,100,100,0,0,0,0,0,100,100,0,0.000000,0,9072,0.000000,0,0,0,0,108,8,0,8,100,4672,272,0,0,0,0,108,0,0,0,0,290,9400
2378,W2,1,1,5,5,0,0,0,0,0,0,0,100,100,0,0,0,0,0,100,100,0,0.000000,0,9072,0.000000,0,0,0,0,108,8,0,8,100,4672,272,0,0,0,0,108,0,0,0,0,297,9400
2379,W2,1,1,5,5,0,0,0,0,0,0,0,100,100,0,0,0,0,0,100,100,0,0.000000,0,9072,0.000000,0,0,0,0,108,8,0,8,100,4672,272,0,0,0,0,108,0,0,0,0,307,9400
2380,W2,1,1,5,5,0,0,0,0,0,0,0,100,100,0,0,0,0,0,100,100,0,0.000000,0,9072,0.000000,0,0,0,0,108,8,0,8,100,4672,272,0,0,0,0,108,0,0,0,0,293,9400
2381,W2,1,1,5,5,0,0,0,0,0,0,0,100,100,100,0,0,0,0,100,100,100,100.000000,1600,9072,17.636684,10,10,10,10,108,8,0,8,100,4672,272,0,0,0,0,108,0,0,0,0,309,9400
2382,W2,1,1,5,5,0,0,0,0,0,0,0,100,100,0,0,0,0,0,100,100,0,0.000000,0,9072,0.000000,0,0,0,0,108,8,0,8,100,4672,272,0,0,0,0,108,0,0,0,0,313,9400
2383,W2,1,1,5,5,0,0,0,0,0,0,0,100,100,0,0,0,0,0,100,100,0,0.000000,0,9072,0.000000,0,0,0,0,108,8,0,8,100,4672,272,0,0,0,0,108,0,0,0,0,292,9400
2384,W2,1,1,5,5,0,0,0,0,0,0,0,100,100,0,0,0,0,0,100,100,0,0.000000,0,9072,0.000000,0,0,0,0,108,8,0,8,100,4672,272,0,0,0,0,108,0,0,0,0,320,9400
2385,W2,1,1,5,5,0,0,0,0,0,0,0,100,100,0,0,0,0,0,100,100,0,0.000000,0,9072,0.000000,0,0,0,0,108,8,0,8,100,4672,272,0,0,0,0,108,0,0,0,0,307,9400
2386,W2,1,1,5,5,0,0,0,0,0,0,0,100,100,0,0,0,0,0,100,100,0,0.000000,0,9072,0.000000,0,0,0,0,108,8,0,8,100,4672,272,0,0,0,0,108,0,0,0,0,315,9400
2387,W2,1,1,5,5,0,0,0,0,0,0,0,100,100,0,0,0,0,0,100,100,0,0.000000,0,9072,0.000000,0,0,0,0,108,8,0,8,100,4672,272,0,0,0,0,108,0,0,0,0,278,9400
2388,W2,1,1,5,5,0,0,0,0,0,0,0,100,100,0,0,0,0,0,100,100,0,0.000000,0,9072,0.000000,0,0,0,0,108,8,0,8,100,4672,272,0,0,0,0,108,0,0,0,0,328,9400
2389,W2,1,1,5,5,0,0,0,0,0,0,0,100,100,0,0,0,0,0,100,100,0,0.000000,0,9072,0.000000,0,0,0,0,108,8,0,8,100,4672,272,0,0,0,0,108,0,0,0,0,290,9400
2390,W2,1,1,5,5,0,0,0,0,0,0,0,100,100,100,0,0,0,0,100,100,100,100.000000,1600,9072,17.636684,10,10,10,10,108,8,0,8,100,4672,272,0,0,0,0,108,0,0,0,0,286,9400
2391,W2,1,1,5,5,0,0,0,0,0,0,0,100,100,0,0,0,0,0,100,100,0,0.000000,0,9072,0.000000,0,0,0,0,108,8,0,8,100,4672,272,0,0,0,0,108,0,0,0,0,307,9400
2392,W2,1,1,5,5,0,0,0,0,0,0,0,100,100,0,0,0,0,0,100,100,0,0.000000,0,9072,0.000000,0,0,0,0,108,8,0,8,100,4672,272,0,0,0,0,108,0,0,0,0,292,9400
2393,W2,1,1,5,5,0,0,0,0,0,0,0,100,100,0,0,0,0,0,100,100,0,0.000000,0,9072,0.000000,0,0,0,0,108,8,0,8,100,4672,272,0,0,0,0,108,0,0,0,0,326,9400
2394,W2,1,1,5,5,0,0,0,0,0,0,0,100,100,0,0,0,0,0,100,100,0,0.000000,0,9072,0.000000,0,0,0,0,108,8,0,8,100,4672,272,0,0,0,0,108,0,0,0,0,285,9400
2395,W2,1,1,5,5,0,0,0,0,0,0,0,100,100,0,0,0,0,0,100,100,0,0.000000,0,9072,0.000000,0,0,0,0,108,8,0,8,100,4672,272,0,0,0,0,108,0,0,0,0,280,9400
2396,W2,1,1,5,5,0,0,0,0,0,0,0,100,100,0,0,0,0,0,100,100,0,0.000000,0,9072,0.000000,0,0,0,0,108,8,0,8,100,4672,272,0,0,0,0,108,0,0,0,0,276,9400
2397,W2,1,1,5,5,0,0,0,0,0,0,0,100,100,0,0,0,0,0,100,100,0,0.000000,0,9072,0.000000,0,0,0,0,108,8,0,8,100,4672,272,0,0,0,0,108,0,0,0,0,275,9400
2398,W2,1,1,5,5,0,0,0,0,0,0,0,100,100,0,0,0,0,0,100,100,0,0.000000,0,9072,0.000000,0,0,0,0,108,8,0,8,100,4672,272,0,0,0,0,108,0,0,0,0,284,9400
2399,W2,1,1,5,5,0,0,0,0,0,0,0,100,100,100,0,0,0,0,100,100,100,100.000000,1600,9072,17.636684,10,10,10,10,108,8,0,8,100,4672,272,0,0,0,0,108,0,0,0,0,285,9400
2400,W2,1,1,5,5,0,0,0,0,0,0,0,100,100,0,0,0,0,0,100,100,0,0.000000,0,9072,0.000000,0,0,0,0,108,8,0,8,100,4672,272,0,0,0,0,108,0,0,0,0,290,9400
2401,W2,1,1,5,5,0,0,0,0,0,0,0,100,100,0,0,0,0,0,100,100,0,0.000000,0,9072,0.000000,0,0,0,0,108,8,0,8,100,4672,272,0,0,0,0,108,0,0,0,0,282,9400
2402,W2,1,1,5,5,0,0,0,0,0,0,0,100,100,0,0,0,0,0,100,100,0,0.000000,0,9072,0.000000,0,0,0,0,108,8,0,8,100,4672,272,0,0,0,0,108,0,0,0,0,282,9400
2403,W2,1,1,5,5,0,0,0,0,0,0,0,100,100,0,0,0,0,0,100,100,0,0.000000,0,9072,0.000000,0,0,0,0,108,8,0,8,100,4672,272,0,0,0,0,108,0,0,0,0,290,9400
2404,W2,1,1,5,5,0,0,0,0,0,0,0,100,100,0,0,0,0,0,100,100,0,0.000000,0,9072,0.000000,0,0,0,0,108,8,0,8,100,4672,272,0,0,0,0,108,0,0,0,0,286,9400
2405,W2,1,1,5,5,0,0,0,0,0,0,0,100,100,0,0,0,0,0,100,100,0,0.000000,0,9072,0.000000,0,0,0,0,108,8,0,8,100,4672,272,0,0,0,0,108,0,0,0,0,300,9400
2406,W2,1,1,5,5,0,0,0,0,0,0,0,100,100,0,0,0,0,0,100,100,0,0.000000,0,9072,0.000000,0,0,0,0,108,8,0,8,100,4672,272,0,0,0,0,108,0,0,0,0,294,9400
2407,W2,1,1,5,5,0,0,0,0,0,0,0,100,100,0,0,0,0,0,100,100,0,0.000000,0,9072,0.000000,0,0,0,0,108,8,0,8,100,4672,272,0,0,0,0,108,0,0,0,0,309,9400
2408,W2,1,1,5,5,0,0,0,0,0,0,0,100,100,100,0,0,0,0,100,100,100,100.000000,1600,9072,17.636684,10,10,10,10,108,8,0,8,100,4672,272,0,0,0,0,108,0,0,0,0,331,9400
2409,W2,1,1,5,5,0,0,0,0,0,0,0,100,100,0,0,0,0,0,100,100,0,0.000000,0,9072,0.000000,0,0,0,0,108,8,0,8,100,4672,272,0,0,0,0,108,0,0,0,0,315,9400
2410,W2,1,1,5,5,0,0,0,0,0,0,0,100,100,0,0,0,0,0,100,100,0,0.000000,0,9072,0.000000,0,0,0,0,108,8,0,8,100,4672,272,0,0,0,0,108,0,0,0,0,305,9400
2411,W2,1,1,5,5,0,0,0,0,0,0,0,100,100,0,0,0,0,0,100,100,0,0.000000,0,9072,0.000000,0,0,0,0,108,8,0,8,100,4672,272,0,0,0,0,108,0,0,0,0,286,9400
2412,W2,1,1,5,5,0,0,0,0,0,0,0,100,100,0,0,0,0,0,100,100,0,0.000000,0,9072,0.000000,0,0,0,0,108,8,0,8,100,4672,272,0,0,0,0,108,0,0,0,0,284,9400
2413,W2,1,1,5,5,0,0,0,0,0,0,0,100,100,0,0,0,0,0,100,100,0,0.000000,0,9072,0.000000,0,0,0,0,108,8,0,8,100,4672,272,0,0,0,0,108,0,0,0,0,279,9400
2414,W2,1,1,5,5,0,0,0,0,0,0,0,100,100,0,0,0,0,0,100,100,0,0.000000,0,9072,0.000000,0,0,0,0,108,8,0,8,100,4672,272,0,0,0,0,108,0,0,0,0,308,9400
2415,W2,1,1,5,5,0,0,0,0,0,0,0,100,100,0,0,0,0,0,100,100,0,0.000000,0,9072,0.000000,0,0,0,0,108,8,0,8,100,4672,272,0,0,0,0,108,0,0,0,0,291,9400
2416,W2,1,1,5,5,0,0,0,0,0,0,0,100,100,0,0,0,0,0,100,100,0,0.000000,0,9072,0.000000,0,0,0,0,108,8,0,8,100,4672,272,0,0,0,0,108,0,0,0,0,302,9400
2417,W2,1,1,5,5,0,0,0,0,0,0,0,100,100,100,0,0,0,0,100,100,100,100.000000,1600,9072,17.636684,10,10,10,10,108,8,0,8,100,4672,272,0,0,0,0,108,0,0,0,0,292,9400
2418,W2,1,1,5,5,0,0,0,0,0,0,0,100,100,0,0,0,0,0,100,100,0,0.000000,0,9072,0.000000,0,0,0,0,108,8,0,8,100,4672,272,0,0,0,0,108,0,0,0,0,301,9400
2419,W2,1,1,5,5,0,0,0,0,0,0,0,100,100,0,0,0,0,0,100,100,0,0.000000,0,9072,0.000000,0,0,0,0,108,8,0,8,100,4672,272,0,0,0,0,108,0,0,0,0,296,9400
2420,W2,1,1,5,5,0,0,0,0,0,0,0,100,100,0,0,0,0,0,100,100,0,0.000000,0,9072,0.000000,0,0,0,0,108,8,0,8,100,4672,272,0,0,0,0,108,0,0,0,0,303,9400
2421,W2,1,1,5,5,0,0,0,0,0,0,0,100,100,0,0,0,0,0,100,100,0,0.000000,0,9072,0.000000,0,0,0,0,108,8,0,8,100,4672,272,0,0,0,0,108,0,0,0,0,302,9400
2422,W2,1,1,5,5,0,0,0,0,0,0,0,100,100,0,0,0,0,0,100,100,0,0.000000,0,9072,0.000000,0,0,0,0,108,8,0,8,100,4672,272,0,0,0,0,108,0,0,0,0,283,9400
2423,W2,1,1,5,5,0,0,0,0,0,0,0,100,100,0,0,0,0,0,100,100,0,0.000000,0,9072,0.000000,0,0,0,0,108,8,0,8,100,4672,272,0,0,0,0,108,0,0,0,0,289,9400
2424,W2,1,1,5,5,0,0,0,0,0,0,0,100,100,0,0,0,0,0,100,100,0,0.000000,0,9072,0.000000,0,0,0,0,108,8,0,8,100,4672,272,0,0,0,0,108,0,0,0,0,286,9400
2425,W2,1,1,5,5,0,0,0,0,0,0,0,100,100,0,0,0,0,0,100,100,0,0.000000,0,9072,0.000000,0,0,0,0,108,8,0,8,100,4672,272,0,0,0,0,108,0,0,0,0,279,9400
2426,W2,1,1,5,5,0,0,0,0,0,0,0,100,100,100,0,0,0,0,100,100,100,100.000000,1600,9072,17.636684,10,10,10,10,108,8,0,8,100,4672,272,0,0,0,0,108,0,0,0,0,286,9400
2427,W2,1,1,5,5,0,0,0,0,0,0,0,100,100,0,0,0,0,0,100,100,0,0.000000,0,9072,0.000000,0,0,0,0,108,8,0,8,100,4672,272,0,0,0,0,108,0,0,0,0,314,9400
2428,W2,1,1,5,5,0,0,0,0,0,0,0,100,100,0,0,0,0,0,100,100,0,0.000000,0,9072,0.000000,0,0,0,0,108,8,0,8,100,4672,272,0,0,0,0,108,0,0,0,0,299,9400
2429,W2,1,1,5,5,0,0,0,0,0,0,0,100,100,0,0,0,0,0,100,100,0,0.000000,0,9072,0.000000,0,0,0,0,108,8,0,8,100,4672,272,0,0,0,0,108,0,0,0,0,293,9400
2430,W2,1,1,5,5,0,0,0,0,0,0,0,100,100,0,0,0,0,0,100,100,0,0.000000,0,9072,0.000000,0,0,0,0,108,8,0,8,100,4672,272,0,0,0,0,108,0,0,0,0,294,9400
2431,W2,1,1,5,5,0,0,0,0,0,0,0,100,100,0,0,0,0,0,100,100,0,0.000000,0,9072,0.000000,0,0,0,0,108,8,0,8,100,4672,272,0,0,0,0,108,0,0,0,0,295,9400
2432,W2,1,1,5,5,0,0,0,0,0,0,0,100,100,0,0,0,0,0,100,100,0,0.000000,0,9072,0.000000,0,0,0,0,108,8,0,8,100,4672,272,0,0,0,0,108,0,0,0,0,322,9400
2433,W2,1,1,5,5,0,0,0,0,0,0,0,100,100,0,0,0,0,0,100,100,0,0.000000,0,9072,0.000000,0,0,0,0,108,8,0,8,100,4672,272,0,0,0,0,108,0,0,0,0,294,9400
2434,W2,1,1,5,5,0,0,0,0,0,0,0,100,100,0,0,0,0,0,100,100,0,0.000000,0,9072,0.000000,0,0,0,0,108,8,0,8,100,4672,272,0,0,0,0,108,0,0,0,0,293,9400
2435,W2,1,1,5,5,0,0,0,0,0,0,0,100,100,100,0,0,0,0,100,100,100,100.000000,1600,9072,17.636684,10,10,10,10,108,8,0,8,100,4672,272,0,0,0,0,108,0,0,0,0,362,9400
2436,W2,1,1,5,5,0,0,0,0,0,0,0,100,100,0,0,0,0,0,100,100,0,0.000000,0,9072,0.000000,0,0,0,0,108,8,0,8,100,4672,272,0,0,0,0,108,0,0,0,0,317,9400
2437,W2,1,1,5,5,0,0,0,0,0,0,0,100,100,0,0,0,0,0,100,100,0,0.000000,0,9072,0.000000,0,0,0,0,108,8,0,8,100,4672,272,0,0,0,0,108,0,0,0,0,306,9400
2438,W2,1,1,5,5,0,0,0,0,0,0,0,100,100,0,0,0,0,0,100,100,0,0.000000,0,9072,0.000000,0,0,0,0,108,8,0,8,100,4672,272,0,0,0,0,108,0,0,0,0,297,9400
2439,W2,1,1,5,5,0,0,0,0,0,0,0,100,100,0,0,0,0,0,100,100,0,0.000000,0,9072,0.000000,0,0,0,0,108,8,0,8,100,4672,272,0,0,0,0,108,0,0,0,0,315,9400
2440,W2,1,1,5,5,0,0,0,0,0,0,0,100,100,0,0,0,0,0,100,100,0,0.000000,0,9072,0.000000,0,0,0,0,108,8,0,8,100,4672,272,0,0,0,0,108,0,0,0,0,306,9400
2441,W2,1,1,5,5,0,0,0,0,0,0,0,100,100,0,0,0,0,0,100,100,0,0.000000,0,9072,0.000000,0,0,0,0,108,8,0,8,100,4672,272,0,0,0,0,108,0,0,0,0,324,9400
2442,W2,1,1,5,5,0,0,0,0,0,0,0,100,100,0,0,0,0,0,100,100,0,0.000000,0,9072,0.000000,0,0,0,0,108,8,0,8,100,4672,272,0,0,0,0,108,0,0,0,0,314,9400
2443,W2,1,1,5,5,0,0,0,0,0,0,0,100,100,0,0,0,0,0,100,100,0,0.000000,0,9072,0.000000,0,0,0,0,108,8,0,8,100,4672,272,0,0,0,0,108,0,0,0,0,314,9400
2444,W2,1,1,5,5,0,0,0,0,0,0,0,100,100,100,0,0,0,0,100,100,100,100.000000,1600,9072,17.636684,10,10,10,10,108,8,0,8,100,4672,272,0,0,0,0,108,0,0,0,0,298,9400
2445,W2,1,1,5,5,0,0,0,0,0,0,0,100,100,0,0,0,0,0,100,100,0,0.000000,0,9072,0.000000,0,0,0,0,108,8,0,8,100,4672,272,0,0,0,0,108,0,0,0,0,314,9400
2446,W2,1,1,5,5,0,0,0,0,0,0,0,100,100,0,0,0,0,0,100,100,0,0.000000,0,9072,0.000000,0,0,0,0,108,8,0,8,100,4672,272,0,0,0,0,108,0,0,0,0,302,9400
2447,W2,1,1,5,5,0,0,0,0,0,0,0,100,100,0,0,0,0,0,100,100,0,0.000000,0,9072,0.000000,0,0,0,0,108,8,0,8,100,4672,272,0,0,0,0,108,0,0,0,0,320,9400
2448,W2,1,1,5,5,0,0,0,0,0,0,0,100,100,0,0,0,0,0,100,100,0,0.000000,0,9072,0.000000,0,0,0,0,108,8,0,8,100,4672,272,0,0,0,0,108,0,0,0,0,304,9400
2449,W2,1,1,5,5,0,0,0,0,0,0,0,100,100,0,0,0,0,0,100,100,0,0.000000,0,9072,0.000000,0,0,0,0,108,8,0,8,100,4672,272,0,0,0,0,108,0,0,0,0,306,9400
2450,W2,1,1,5,5,0,0,0,0,0,0,0,100,100,0,0,0,0,0,100,100,0,0.000000,0,9072,0.000000,0,0,0,0,108,8,0,8,100,4672,272,0,0,0,0,108,0,0,0,0,293,9400
2451,W2,1,1,5,5,0,0,0,0,0,0,0,100,100,0,0,0,0,0,100,100,0,0.000000,0,9072,0.000000,0,0,0,0,108,8,0,8,100,4672,272,0,0,0,0,108,0,0,0,0,283,9400
2452,W2,1,1,5,5,0,0,0,0,0,0,0,100,100,0,0,0,0,0,100,100,0,0.000000,0,9072,0.000000,0,0,0,0,108,8,0,8,100,4672,272,0,0,0,0,108,0,0,0,0,299,9400
2453,W2,1,1,5,5,0,0,0,0,0,0,0,100,100,100,0,0,0,0,100,100,100,100.000000,1600,9072,17.636684,10,10,10,10,108,8,0,8,100,4672,272,0,0,0,0,108,0,0,0,0,286,9400
2454,W2,1,1,5,5,0,0,0,0,0,0,0,100,100,0,0,0,0,0,100,100,0,0.000000,0,9072,0.000000,0,0,0,0,108,8,0,8,100,4672,272,0,0,0,0,108,0,0,0,0,283,9400
2455,W2,1,1,5,5,0,0,0,0,0,0,0,100,100,0,0,0,0,0,100,100,0,0.000000,0,9072,0.000000,0,0,0,0,108,8,0,8,100,4672,272,0,0,0,0,108,0,0,0,0,289,9400
2456,W2,1,1,5,5,0,0,0,0,0,0,0,100,100,0,0,0,0,0,100,100,0,0.000000,0,9072,0.000000,0,0,0,0,108,8,0,8,100,4672,272,0,0,0,0,108,0,0,0,0,317,9400
2457,W2,1,1,5,5,0,0,0,0,0,0,0,100,100,0,0,0,0,0,100,100,0,0.000000,0,9072,0.000000,0,0,0,0,108,8,0,8,100,4672,272,0,0,0,0,108,0,0,0,0,291,9400
2458,W2,1,1,5,5,0,0,0,0,0,0,0,100,100,0,0,0,0,0,100,100,0,0.000000,0,9072,0.000000,0,0,0,0,108,8,0,8,100,4672,272,0,0,0,0,108,0,0,0,0,318,9400
2459,W2,1,1,5,5,0,0,0,0,0,0,0,100,100,0,0,0,0,0,100,100,0,0.000000,0,9072,0.000000,0,0,0,0,108,8,0,8,100,4672,272,0,0,0,0,108,0,0,0,0,299,9400
2460,W2,1,1,5,5,0,0,0,0,0,0,0,100,100,0,0,0,0,0,100,100,0,0.000000,0,9072,0.000000,0,0,0,0,108,8,0,8,100,4672,272,0,0,0,0,108,0,0,0,0,342,9400
2461,W2,1,1,5,5,0,0,0,0,0,0,0,100,100,0,0,0,0,0,100,100,0,0.000000,0,9072,0.000000,0,0,0,0,108,8,0,8,100,4672,272,0,0,0,0,108,0,0,0,0,296,9400
2462,W2,1,1,5,5,0,0,0,0,0,0,0,100,100,100,0,0,0,0,100,100,100,100.000000,1600,9072,17.636684,10,10,10,10,108,8,0,8,100,4672,272,0,0,0,0,108,0,0,0,0,308,9400
2463,W2,1,1,5,5,0,0,0,0,0,0,0,100,100,0,0,0,0,0,100,100,0,0.000000,0,9072,0.000000,0,0,0,0,108,8,0,8,100,4672,272,0,0,0,0,108,0,0,0,0,309,9400
2464,W2,1,1,5,5,0,0,0,0,0,0,0,100,100,0,0,0,0,0,100,100,0,0.000000,0,9072,0.000000,0,0,0,0,108,8,0,8,100,4672,272,0,0,0,0,108,0,0,0,0,295,9400
2465,W2,1,1,5,5,0,0,0,0,0,0,0,100,100,0,0,0,0,0,100,100,0,0.000000,0,9072,0.000000,0,0,0,0,108,8,0,8,100,4672,272,0,0,0,0,108,0,0,0,0,324,9400
2466,W2,1,1,5,5,0,0,0,0,0,0,0,100,100,0,0,0,0,0,100,100,0,0.000000,0,9072,0.000000,0,0,0,0,108,8,0,8,100,4672,272,0,0,0,0,108,0,0,0,0,296,9400
2467,W2,1,1,5,5,0,0,0,0,0,0,0,100,100,0,0,0,0,0,100,100,0,0.000000,0,9072,0.000000,0,0,0,0,108,8,0,8,100,4672,272,0,0,0,0,108,0,0,0,0,312,9400
2468,W2,1,1,5,5,0,0,0,0,0,0,0,100,100,0,0,0,0,0,100,100,0,0.000000,0,9072,0.000000,0,0,0,0,108,8,0,8,100,4672,272,0,0,0,0,108,0,0,0,0,313,9400
2469,W2,1,1,5,5,0,0,0,0,0,0,0,100,100,0,0,0,0,0,100,100,0,0.000000,0,9072,0.000000,0,0,0,0,108,8,0,8,100,4672,272,0,0,0,0,108,0,0,0,0,289,9400
2470,W2,1,1,5,5,0,0,0,0,0,0,0,100,100,0,0,0,0,0,100,100,0,0.000000,0,9072,0.000000,0,0,0,0,108,8,0,8,100,4672,272,0,0,0,0,108,0,0,0,0,299,9400
2471,W2,1,1,5,5,0,0,0,0,0,0,0,100,100,100,0,0,0,0,100,100,100,100.000000,1600,9072,17.636684,10,10,10,10,108,8,0,8,100,4672,272,0,0,0,0,108,0,0,0,0,291,9400
2472,W2,1,1,5,5,0,0,0,0,0,0,0,100,100,0,0,0,0,0,100,100,0,0.000000,0,9072,0.000000,0,0,0,0,108,8,0,8,100,4672,272,0,0,0,0,108,0,0,0,0,290,9400
2473,W2,1,1,5,5,0,0,0,0,0,0,0,100,100,0,0,0,0,0,100,100,0,0.000000,0,9072,0.000000,0,0,0,0,108,8,0,8,100,4672,272,0,0,0,0,108,0,0,0,0,281,9400
2474,W2,1,1,5,5,0,0,0,0,0,0,0,100,100,0,0,0,0,0,100,100,0,0.000000,0,9072,0.000000,0,0,0,0,108,8,0,8,100,4672,272,0,0,0,0,108,0,0,0,0,289,9400
2475,W2,1,1,5,5,0,0,0,0,0,0,0,100,100,0,0,0,0,0,100,100,0,0.000000,0,9072,0.000000,0,0,0,0,108,8,0,8,100,4672,272,0,0,0,0,108,0,0,0,0,287,9400
2476,W2,1,1,5,5,0,0,0,0,0,0,0,100,100,0,0,0,0,0,100,100,0,0.000000,0,9072,0.000000,0,0,0,0,108,8,0,8,100,4672,272,0,0,0,0,108,0,0,0,0,301,9400
2477,W2,1,1,5,5,0,0,0,0,0,0,0,100,100,0,0,0,0,0,100,100,0,0.000000,0,9072,0.000000,0,0,0,0,108,8,0,8,100,4672,272,0,0,0,0,108,0,0,0,0,297,9400
2478,W2,1,1,5,5,0,0,0,0,0,0,0,100,100,0,0,0,0,0,100,100,0,0.000000,0,9072,0.000000,0,0,0,0,108,8,0,8,100,4672,272,0,0,0,0,108,0,0,0,0,297,9400
2479,W2,1,1,5,5,0,0,0,0,0,0,0,100,100,0,0,0,0,0,100,100,0,0.000000,0,9072,0.000000,0,0,0,0,108,8,0,8,100,4672,272,0,0,0,0,108,0,0,0,0,291,9400
2480,W2,1,1,5,5,0,0,0,0,0,0,0,100,100,100,0,0,0,0,100,100,100,100.000000,1600,9072,17.636684,10,10,10,10,108,8,0,8,100,4672,272,0,0,0,0,108,0,0,0,0,317,9400
2481,W2,1,1,5,5,0,0,0,0,0,0,0,100,100,0,0,0,0,0,100,100,0,0.000000,0,9072,0.000000,0,0,0,0,108,8,0,8,100,4672,272,0,0,0,0,108,0,0,0,0,325,9400
2482,W2,1,1,5,5,0,0,0,0,0,0,0,100,100,0,0,0,0,0,100,100,0,0.000000,0,9072,0.000000,0,0,0,0,108,8,0,8,100,4672,272,0,0,0,0,108,0,0,0,0,310,9400
2483,W2,1,1,5,5,0,0,0,0,0,0,0,100,100,0,0,0,0,0,100,100,0,0.000000,0,9072,0.000000,0,0,0,0,108,8,0,8,100,4672,272,0,0,0,0,108,0,0,0,0,301,9400
2484,W2,1,1,5,5,0,0,0,0,0,0,0,100,100,0,0,0,0,0,100,100,0,0.000000,0,9072,0.000000,0,0,0,0,108,8,0,8,100,4672,272,0,0,0,0,108,0,0,0,0,375,9400
2485,W2,1,1,5,5,0,0,0,0,0,0,0,100,100,0,0,0,0,0,100,100,0,0.000000,0,9072,0.000000,0,0,0,0,108,8,0,8,100,4672,272,0,0,0,0,108,0,0,0,0,337,9400
2486,W2,1,1,5,5,0,0,0,0,0,0,0,100,100,0,0,0,0,0,100,100,0,0.000000,0,9072,0.000000,0,0,0,0,108,8,0,8,100,4672,272,0,0,0,0,108,0,0,0,0,334,9400
2487,W2,1,1,5,5,0,0,0,0,0,0,0,100,100,0,0,0,0,0,100,100,0,0.000000,0,9072,0.000000,0,0,0,0,108,8,0,8,100,4672,272,0,0,0,0,108,0,0,0,0,303,9400
2488,W2,1,1,5,5,0,0,0,0,0,0,0,100,100,0,0,0,0,0,100,100,0,0.000000,0,9072,0.000000,0,0,0,0,108,8,0,8,100,4672,272,0,0,0,0,108,0,0,0,0,309,9400
2489,W2,1,1,5,5,0,0,0,0,0,0,0,100,100,100,0,0,0,0,100,100,100,100.000000,1600,9072,17.636684,10,10,10,10,108,8,0,8,100,4672,272,0,0,0,0,108,0,0,0,0,375,9400
2490,W2,1,1,5,5,0,0,0,0,0,0,0,100,100,0,0,0,0,0,100,100,0,0.000000,0,9072,0.000000,0,0,0,0,108,8,0,8,100,4672,272,0,0,0,0,108,0,0,0,0,321,9400
2491,W2,1,1,5,5,0,0,0,0,0,0,0,100,100,0,0,0,0,0,100,100,0,0.000000,0,9072,0.000000,0,0,0,0,108,8,0,8,100,4672,272,0,0,0,0,108,0,0,0,0,296,9400
2492,W2,1,1,5,5,0,0,0,0,0,0,0,100,100,0,0,0,0,0,100,100,0,0.000000,0,9072,0.000000,0,0,0,0,108,8,0,8,100,4672,272,0,0,0,0,108,0,0,0,0,297,9400
2493,W2,1,1,5,5,0,0,0,0,0,0,0,100,100,0,0,0,0,0,100,100,0,0.000000,0,9072,0.000000,0,0,0,0,108,8,0,8,100,4672,272,0,0,0,0,108,0,0,0,0,288,9400
2494,W2,1,1,5,5,0,0,0,0,0,0,0,100,100,0,0,0,0,0,100,100,0,0.000000,0,9072,0.000000,0,0,0,0,108,8,0,8,100,4672,272,0,0,0,0,108,0,0,0,0,285,9400
2495,W2,1,1,5,5,0,0,0,0,0,0,0,100,100,0,0,0,0,0,100,100,0,0.000000,0,9072,0.000000,0,0,0,0,108,8,0,8,100,4672,272,0,0,0,0,108,0,0,0,0,287,9400
2496,W2,1,1,5,5,0,0,0,0,0,0,0,100,100,0,0,0,0,0,100,100,0,0.000000,0,9072,0.000000,0,0,0,0,108,8,0,8,100,4672,272,0,0,0,0,108,0,0,0,0,318,9400
2497,W2,1,1,5,5,0,0,0,0,0,0,0,100,100,0,0,0,0,0,100,100,0,0.000000,0,9072,0.000000,0,0,0,0,108,8,0,8,100,4672,272,0,0,0,0,108,0,0,0,0,285,9400
2498,W2,1,1,5,5,0,0,0,0,0,0,0,100,100,100,0,0,0,0,100,100,100,100.000000,1600,9072,17.636684,10,10,10,10,108,8,0,8,100,4672,272,0,0,0,0,108,0,0,0,0,293,9400
2499,W2,1,1,5,5,0,0,0,0,0,0,0,100,100,0,0,0,0,0,100,100,0,0.000000,0,9072,0.000000,0,0,0,0,108,8,0,8,100,4672,272,0,0,0,0,108,0,0,0,0,303,9400
2500,W2,1,1,5,5,0,0,0,0,0,0,0,100,100,0,0,0,0,0,100,100,0,0.000000,0,9072,0.000000,0,0,0,0,108,8,0,8,100,4672,272,0,0,0,0,108,0,0,0,0,284,9400
2501,W2,1,1,5,5,0,0,0,0,0,0,0,100,100,0,0,0,0,0,100,100,0,0.000000,0,9072,0.000000,0,0,0,0,108,8,0,8,100,4672,272,0,0,0,0,108,0,0,0,0,294,9400
2502,W2,1,1,5,5,0,0,0,0,0,0,0,100,100,0,0,0,0,0,100,100,0,0.000000,0,9072,0.000000,0,0,0,0,108,8,0,8,100,4672,272,0,0,0,0,108,0,0,0,0,311,9400
2503,W2,1,1,5,5,0,0,0,0,0,0,0,100,100,0,0,0,0,0,100,100,0,0.000000,0,9072,0.000000,0,0,0,0,108,8,0,8,100,4672,272,0,0,0,0,108,0,0,0,0,292,9400
2504,W2,1,1,5,5,0,0,0,0,0,0,0,100,100,0,0,0,0,0,100,100,0,0.000000,0,9072,0.000000,0,0,0,0,108,8,0,8,100,4672,272,0,0,0,0,108,0,0,0,0,347,9400
2505,W2,1,1,5,5,0,0,0,0,0,0,0,100,100,0,0,0,0,0,100,100,0,0.000000,0,9072,0.000000,0,0,0,0,108,8,0,8,100,4672,272,0,0,0,0,108,0,0,0,0,316,9400
2506,W2,1,1,5,5,0,0,0,0,0,0,0,100,100,0,0,0,0,0,100,100,0,0.000000,0,9072,0.000000,0,0,0,0,108,8,0,8,100,4672,272,0,0,0,0,108,0,0,0,0,320,9400
2507,W2,1,1,5,5,0,0,0,0,0,0,0,100,100,100,0,0,0,0,100,100,100,100.000000,1600,9072,17.636684,10,10,10,10,108,8,0,8,100,4672,272,0,0,0,0,108,0,0,0,0,305,9400
2508,W2,1,1,5,5,0,0,0,0,0,0,0,100,100,0,0,0,0,0,100,100,0,0.000000,0,9072,0.000000,0,0,0,0,108,8,0,8,100,4672,272,0,0,0,0,108,0,0,0,0,312,9400
2509,W2,1,1,5,5,0,0,0,0,0,0,0,100,100,0,0,0,0,0,100,100,0,0.000000,0,9072,0.000000,0,0,0,0,108,8,0,8,100,4672,272,0,0,0,0,108,0,0,0,0,303,9400
2510,W2,1,1,5,5,0,0,0,0,0,0,0,100,100,0,0,0,0,0,100,100,0,0.000000,0,9072,0.000000,0,0,0,0,108,8,0,8,100,4672,272,0,0,0,0,108,0,0,0,0,308,9400
2511,W2,1,1,5,5,0,0,0,0,0,0,0,100,100,0,0,0,0,0,100,100,0,0.000000,0,9072,0.000000,0,0,0,0,108,8,0,8,100,4672,272,0,0,0,0,108,0,0,0,0,325,9400
2512,W2,1,1,5,5,0,0,0,0,0,0,0,100,100,0,0,0,0,0,100,100,0,0.000000,0,9072,0.000000,0,0,0,0,108,8,0,8,100,4672,272,0,0,0,0,108,0,0,0,0,328,9400
2513,W2,1,1,5,5,0,0,0,0,0,0,0,100,100,0,0,0,0,0,100,100,0,0.000000,0,9072,0.000000,0,0,0,0,108,8,0,8,100,4672,272,0,0,0,0,108,0,0,0,0,328,9400
2514,W2,1,1,5,5,0,0,0,0,0,0,0,100,100,0,0,0,0,0,100,100,0,0.000000,0,9072,0.000000,0,0,0,0,108,8,0,8,100,4672,272,0,0,0,0,108,0,0,0,0,304,9400
2515,W2,1,1,5,5,0,0,0,0,0,0,0,100,100,0,0,0,0,0,100,100,0,0.000000,0,9072,0.000000,0,0,0,0,108,8,0,8,100,4672,272,0,0,0,0,108,0,0,0,0,310,9400
2516,W2,1,1,5,5,0,0,0,0,0,0,0,100,100,100,0,0,0,0,100,100,100,100.000000,1600,9072,17.636684,10,10,10,10,108,8,0,8,100,4672,272,0,0,0,0,108,0,0,0,0,316,9400
2517,W2,1,1,5,5,0,0,0,0,0,0,0,100,100,0,0,0,0,0,100,100,0,0.000000,0,9072,0.000000,0,0,0,0,108,8,0,8,100,4672,272,0,0,0,0,108,0,0,0,0,304,9400
2518,W2,1,1,5,5,0,0,0,0,0,0,0,100,100,0,0,0,0,0,100,100,0,0.000000,0,9072,0.000000,0,0,0,0,108,8,0,8,100,4672,272,0,0,0,0,108,0,0,0,0,302,9400
2519,W2,1,1,5,5,0,0,0,0,0,0,0,100,100,0,0,0,0,0,100,100,0,0.000000,0,9072,0.000000,0,0,0,0,108,8,0,8,100,4672,272,0,0,0,0,108,0,0,0,0,306,9400
2520,W2,1,1,5,5,0,0,0,0,0,0,0,100,100,0,0,0,0,0,100,100,0,0.000000,0,9072,0.000000,0,0,0,0,108,8,0,8,100,4672,272,0,0,0,0,108,0,0,0,0,307,9400
2521,W2,1,1,5,5,0,0,0,0,0,0,0,100,100,0,0,0,0,0,100,100,0,0.000000,0,9072,0.000000,0,0,0,0,108,8,0,8,100,4672,272,0,0,0,0,108,0,0,0,0,292,9400
2522,W2,1,1,5,5,0,0,0,0,0,0,0,100,100,0,0,0,0,0,100,100,0,0.000000,0,9072,0.000000,0,0,0,0,108,8,0,8,100,4672,272,0,0,0,0,108,0,0,0,0,303,9400
2523,W2,1,1,5,5,0,0,0,0,0,0,0,100,100,0,0,0,0,0,100,100,0,0.000000,0,9072,0.000000,0,0,0,0,108,8,0,8,100,4672,272,0,0,0,0,108,0,0,0,0,298,9400
2524,W2,1,1,5,5,0,0,0,0,0,0,0,100,100,0,0,0,0,0,100,100,0,0.000000,0,9072,0.000000,0,0,0,0,108,8,0,8,100,4672,272,0,0,0,0,108,0,0,0,0,318,9400
2525,W2,1,1,5,5,0,0,0,0,0,0,0,100,100,100,0,0,0,0,100,100,100,100.000000,1600,9072,17.636684,10,10,10,10,108,8,0,8,100,4672,272,0,0,0,0,108,0,0,0,0,302,9400
2526,W2,1,1,5,5,0,0,0,0,0,0,0,100,100,0,0,0,0,0,100,100,0,0.000000,0,9072,0.000000,0,0,0,0,108,8,0,8,100,4672,272,0,0,0,0,108,0,0,0,0,295,9400
2527,W2,1,1,5,5,0,0,0,0,0,0,0,100,100,0,0,0,0,0,100,100,0,0.000000,0,9072,0.000000,0,0,0,0,108,8,0,8,100,4672,272,0,0,0,0,108,0,0,0,0,288,9400
2528,W2,1,1,5,5,0,0,0,0,0,0,0,100,100,0,0,0,0,0,100,100,0,0.000000,0,9072,0.000000,0,0,0,0,108,8,0,8,100,4672,272,0,0,0,0,108,0,0,0,0,289,9400
2529,W2,1,1,5,5,0,0,0,0,0,0,0,100,100,0,0,0,0,0,100,100,0,0.000000,0,9072,0.000000,0,0,0,0,108,8,0,8,100,4672,272,0,0,0,0,108,0,0,0,0,282,9400
2530,W2,1,1,5,5,0,0,0,0,0,0,0,100,100,0,0,0,0,0,100,100,0,0.000000,0,9072,0.000000,0,0,0,0,108,8,0,8,100,4672,272,0,0,0,0,108,0,0,0,0,324,9400
2531,W2,1,1,5,5,0,0,0,0,0,0,0,100,100,0,0,0,0,0,100,100,0,0.000000,0,9072,0.000000,0,0,0,0,108,8,0,8,100,4672,272,0,0,0,0,108,0,0,0,0,310,9400
2532,W2,1,1,5,5,0,0,0,0,0,0,0,100,100,0,0,0,0,0,100,100,0,0.000000,0,9072,0.000000,0,0,0,0,108,8,0,8,100,4672,272,0,0,0,0,108,0,0,0,0,309,9400
2533,W2,1,1,5,5,0,0,0,0,0,0,0,100,100,0,0,0,0,0,100,100,0,0.000000,0,9072,0.000000,0,0,0,0,108,8,0,8,100,4672,272,0,0,0,0,108,0,0,0,0,292,9400
2534,W2,1,1,5,5,0,0,0,0,0,0,0,100,100,100,0,0,0,0,100,100,100,100.000000,1600,9072,17.636684,10,10,10,10,108,8,0,8,100,4672,272,0,0,0,0,108,0,0,0,0,298,9400
2535,W2,1,1,5,5,0,0,0,0,0,0,0,100,100,0,0,0,0,0,100,100,0,0.000000,0,9072,0.000000,0,0,0,0,108,8,0,8,100,4672,272,0,0,0,0,108,0,0,0,0,297,9400
2536,W2,1,1,5,5,0,0,0,0,0,0,0,100,100,0,0,0,0,0,100,100,0,0.000000,0,9072,0.000000,0,0,0,0,108,8,0,8,100,4672,272,0,0,0,0,108,0,0,0,0,296,9400
2537,W2,1,1,5,5,0,0,0,0,0,0,0,100,100,0,0,0,0,0,100,100,0,0.000000,0,9072,0.000000,0,0,0,0,108,8,0,8,100,4672,272,0,0,0,0,108,0,0,0,0,348,9400
2538,W2,1,1,5,5,0,0,0,0,0,0,0,100,100,0,0,0,0,0,100,100,0,0.000000,0,9072,0.000000,0,0,0,0,108,8,0,8,100,4672,272,0,0,0,0,108,0,0,0,0,294,9400
2539,W2,1,1,5,5,0,0,0,0,0,0,0,100,100,0,0,0,0,0,100,100,0,0.000000,0,9072,0.000000,0,0,0,0,108,8,0,8,100,4672,272,0,0,0,0,108,0,0,0,0,302,9400
2540,W2,1,1,5,5,0,0,0,0,0,0,0,100,100,0,0,0,0,0,100,100,0,0.000000,0,9072,0.000000,0,0,0,0,108,8,0,8,100,4672,272,0,0,0,0,108,0,0,0,0,306,9400
2541,W2,1,1,5,5,0,0,0,0,0,0,0,100,100,0,0,0,0,0,100,100,0,0.000000,0,9072,0.000000,0,0,0,0,108,8,0,8,100,4672,272,0,0,0,0,108,0,0,0,0,292,9400
2542,W2,1,1,5,5,0,0,0,0,0,0,0,100,100,0,0,0,0,0,100,100,0,0.000000,0,9072,0.000000,0,0,0,0,108,8,0,8,100,4672,272,0,0,0,0,108,0,0,0,0,299,9400
2543,W2,1,1,5,5,0,0,0,0,0,0,0,100,100,100,0,0,0,0,100,100,100,100.000000,1600,9072,17.636684,10,10,10,10,108,8,0,8,100,4672,272,0,0,0,0,108,0,0,0,0,305,9400
2544,W2,1,1,5,5,0,0,0,0,0,0,0,100,100,0,0,0,0,0,100,100,0,0.000000,0,9072,0.000000,0,0,0,0,108,8,0,8,100,4672,272,0,0,0,0,108,0,0,0,0,301,9400
2545,W2,1,1,5,5,0,0,0,0,0,0,0,100,100,0,0,0,0,0,100,100,0,0.000000,0,9072,0.000000,0,0,0,0,108,8,0,8,100,4672,272,0,0,0,0,108,0,0,0,0,293,9400
2546,W2,1,1,5,5,0,0,0,0,0,0,0,100,100,0,0,0,0,0,100,100,0,0.000000,0,9072,0.000000,0,0,0,0,108,8,0,8,100,4672,272,0,0,0,0,108,0,0,0,0,296,9400
2547,W2,1,1,5,5,0,0,0,0,0,0,0,100,100,0,0,0,0,0,100,100,0,0.000000,0,9072,0.000000,0,0,0,0,108,8,0,8,100,4672,272,0,0,0,0,108,0,0,0,0,284,9400
2548,W2,1,1,5,5,0,0,0,0,0,0,0,100,100,0,0,0,0,0,100,100,0,0.000000,0,9072,0.000000,0,0,0,0,108,8,0,8,100,4672,272,0,0,0,0,108,0,0,0,0,287,9400
2549,W2,1,1,5,5,0,0,0,0,0,0,0,100,100,0,0,0,0,0,100,100,0,0.000000,0,9072,0.000000,0,0,0,0,108,8,0,8,100,4672,272,0,0,0,0,108,0,0,0,0,278,9400
2550,W2,1,1,5,5,0,0,0,0,0,0,0,100,100,0,0,0,0,0,100,100,0,0.000000,0,9072,0.000000,0,0,0,0,108,8,0,8,100,4672,272,0,0,0,0,108,0,0,0,0,290,9400
2551,W2,1,1,5,5,0,0,0,0,0,0,0,100,100,0,0,0,0,0,100,100,0,0.000000,0,9072,0.000000,0,0,0,0,108,8,0,8,100,4672,272,0,0,0,0,108,0,0,0,0,284,9400
2552,W2,1,1,5,5,0,0,0,0,0,0,0,100,100,100,0,0,0,0,100,100,100,100.000000,1600,9072,17.636684,10,10,10,10,108,8,0,8,100,4672,272,0,0,0,0,108,0,0,0,0,291,9400
2553,W2,1,1,5,5,0,0,0,0,0,0,0,100,100,0,0,0,0,0,100,100,0,0.000000,0,9072,0.000000,0,0,0,0,108,8,0,8,100,4672,272,0,0,0,0,108,0,0,0,0,283,9400
2554,W2,1,1,5,5,0,0,0,0,0,0,0,100,100,0,0,0,0,0,100,100,0,0.000000,0,9072,0.000000,0,0,0,0,108,8,0,8,100,4672,272,0,0,0,0,108,0,0,0,0,287,9400
2555,W2,1,1,5,5,0,0,0,0,0,0,0,100,100,0,0,0,0,0,100,100,0,0.000000,0,9072,0.000000,0,0,0,0,108,8,0,8,100,4672,272,0,0,0,0,108,0,0,0,0,305,9400
2556,W2,1,1,5,5,0,0,0,0,0,0,0,100,100,0,0,0,0,0,100,100,0,0.000000,0,9072,0.000000,0,0,0,0,108,8,0,8,100,4672,272,0,0,0,0,108,0,0,0,0,312,9400
2557,W2,1,1,5,5,0,0,0,0,0,0,0,100,100,0,0,0,0,0,100,100,0,0.000000,0,9072,0.000000,0,0,0,0,108,8,0,8,100,4672,272,0,0,0,0,108,0,0,0,0,308,9400
2558,W2,1,1,5,5,0,0,0,0,0,0,0,100,100,0,0,0,0,0,100,100,0,0.000000,0,9072,0.000000,0,0,0,0,108,8,0,8,100,4672,272,0,0,0,0,108,0,0,0,0,299,9400
2559,W2,1,1,5,5,0,0,0,0,0,0,0,100,100,0,0,0,0,0,100,100,0,0.000000,0,9072,0.000000,0,0,0,0,108,8,0,8,100,4672,272,0,0,0,0,108,0,0,0,0,298,9400
2560,W2,1,1,5,5,0,0,0,0,0,0,0,100,100,0,0,0,0,0,100,100,0,0.000000,0,9072,0.000000,0,0,0,0,108,8,0,8,100,4672,272,0,0,0,0,108,0,0,0,0,306,9400
2561,W2,1,1,5,5,0,0,0,0,0,0,0,100,100,100,0,0,0,0,100,100,100,100.000000,1600,9072,17.636684,10,10,10,10,108,8,0,8,100,4672,272,0,0,0,0,108,0,0,0,0,302,9400
2562,W2,1,1,5,5,0,0,0,0,0,0,0,100,100,0,0,0,0,0,100,100,0,0.000000,0,9072,0.000000,0,0,0,0,108,8,0,8,100,4672,272,0,0,0,0,108,0,0,0,0,306,9400
2563,W2,1,1,5,5,0,0,0,0,0,0,0,100,100,0,0,0,0,0,100,100,0,0.000000,0,9072,0.000000,0,0,0,0,108,8,0,8,100,4672,272,0,0,0,0,108,0,0,0,0,298,9400
2564,W2,1,1,5,5,0,0,0,0,0,0,0,100,100,0,0,0,0,0,100,100,0,0.000000,0,9072,0.000000,0,0,0,0,108,8,0,8,100,4672,272,0,0,0,0,108,0,0,0,0,302,9400
2565,W2,1,1,5,5,0,0,0,0,0,0,0,100,100,0,0,0,0,0,100,100,0,0.000000,0,9072,0.000000,0,0,0,0,108,8,0,8,100,4672,272,0,0,0,0,108,0,0,0,0,330,9400
2566,W2,1,1,5,5,0,0,0,0,0,0,0,100,100,0,0,0,0,0,100,100,0,0.000000,0,9072,0.000000,0,0,0,0,108,8,0,8,100,4672,272,0,0,0,0,108,0,0,0,0,304,9400
2567,W2,1,1,5,5,0,0,0,0,0,0,0,100,100,0,0,0,0,0,100,100,0,0.000000,0,9072,0.000000,0,0,0,0,108,8,0,8,100,4672,272,0,0,0,0,108,0,0,0,0,346,9400
2568,W2,1,1,5,5,0,0,0,0,0,0,0,100,100,0,0,0,0,0,100,100,0,0.000000,0,9072,0.000000,0,0,0,0,108,8,0,8,100,4672,272,0,0,0,0,108,0,0,0,0,287,9400
2569,W2,1,1,5,5,0,0,0,0,0,0,0,100,100,0,0,0,0,0,100,100,0,0.000000,0,9072,0.000000,0,0,0,0,108,8,0,8,100,4672,272,0,0,0,0,108,0,0,0,0,288,9400
2570,W2,1,1,5,5,0,0,0,0,0,0,0,100,100,100,0,0,0,0,100,100,100,100.000000,1600,9072,17.636684,10,10,10,10,108,8,0,8,100,4672,272,0,0,0,0,108,0,0,0,0,286,9400
2571,W2,1,1,5,5,0,0,0,0,0,0,0,100,100,0,0,0,0,0,100,100,0,0.000000,0,9072,0.000000,0,0,0,0,108,8,0,8,100,4672,272,0,0,0,0,108,0,0,0,0,302,9400
2572,W2,1,1,5,5,0,0,0,0,0,0,0,100,100,0,0,0,0,0,100,100,0,0.000000,0,9072,0.000000,0,0,0,0,108,8,0,8,100,4672,272,0,0,0,0,108,0,0,0,0,277,9400
2573,W2,1,1,5,5,0,0,0,0,0,0,0,100,100,0,0,0,0,0,100,100,0,0.000000,0,9072,0.000000,0,0,0,0,108,8,0,8,100,4672,272,0,0,0,0,108,0,0,0,0,294,9400
2574,W2,1,1,5,5,0,0,0,0,0,0,0,100,100,0,0,0,0,0,100,100,0,0.000000,0,9072,0.000000,0,0,0,0,108,8,0,8,100,4672,272,0,0,0,0,108,0,0,0,0,319,9400
2575,W2,1,1,5,5,0,0,0,0,0,0,0,100,100,0,0,0,0,0,100,100,0,0.000000,0,9072,0.000000,0,0,0,0,108,8,0,8,100,4672,272,0,0,0,0,108,0,0,0,0,285,9400
2576,W2,1,1,5,5,0,0,0,0,0,0,0,100,100,0,0,0,0,0,100,100,0,0.000000,0,9072,0.000000,0,0,0,0,108,8,0,8,100,4672,272,0,0,0,0,108,0,0,0,0,316,9400
2577,W2,1,1,5,5,0,0,0,0,0,0,0,100,100,0,0,0,0,0,100,100,0,0.000000,0,9072,0.000000,0,0,0,0,108,8,0,8,100,4672,272,0,0,0,0,108,0,0,0,0,285,9400
2578,W2,1,1,5,5,0,0,0,0,0,0,0,100,100,0,0,0,0,0,100,100,0,0.000000,0,9072,0.000000,0,0,0,0,108,8,0,8,100,4672,272,0,0,0,0,108,0,0,0,0,312,9400
2579,W2,1,1,5,5,0,0,0,0,0,0,0,100,100,100,0,0,0,0,100,100,100,100.000000,1600,9072,17.636684,10,10,10,10,108,8,0,8,100,4672,272,0,0,0,0,108,0,0,0,0,305,9400
2580,W2,1,1,5,5,0,0,0,0,0,0,0,100,100,0,0,0,0,0,100,100,0,0.000000,0,9072,0.000000,0,0,0,0,108,8,0,8,100,4672,272,0,0,0,0,108,0,0,0,0,314,9400
2581,W2,1,1,5,5,0,0,0,0,0,0,0,100,100,0,0,0,0,0,100,100,0,0.000000,0,9072,0.000000,0,0,0,0,108,8,0,8,100,4672,272,0,0,0,0,108,0,0,0,0,325,9400
2582,W2,1,1,5,5,0,0,0,0,0,0,0,100,100,0,0,0,0,0,100,100,0,0.000000,0,9072,0.000000,0,0,0,0,108,8,0,8,100,4672,272,0,0,0,0,108,0,0,0,0,335,9400
2583,W2,1,1,5,5,0,0,0,0,0,0,0,100,100,0,0,0,0,0,100,100,0,0.000000,0,9072,0.000000,0,0,0,0,108,8,0,8,100,4672,272,0,0,0,0,108,0,0,0,0,295,9400
2584,W2,1,1,5,5,0,0,0,0,0,0,0,100,100,0,0,0,0,0,100,100,0,0.000000,0,9072,0.000000,0,0,0,0,108,8,0,8,100,4672,272,0,0,0,0,108,0,0,0,0,306,9400
2585,W2,1,1,5,5,0,0,0,0,0,0,0,100,100,0,0,0,0,0,100,100,0,0.000000,0,9072,0.000000,0,0,0,0,108,8,0,8,100,4672,272,0,0,0,0,108,0,0,0,0,310,9400
2586,W2,1,1,5,5,0,0,0,0,0,0,0,100,100,0,0,0,0,0,100,100,0,0.000000,0,9072,0.000000,0,0,0,0,108,8,0,8,100,4672,272,0,0,0,0,108,0,0,0,0,344,9400
2587,W2,1,1,5,5,0,0,0,0,0,0,0,100,100,0,0,0,0,0,100,100,0,0.000000,0,9072,0.000000,0,0,0,0,108,8,0,8,100,4672,272,0,0,0,0,108,0,0,0,0,301,9400
2588,W2,1,1,5,5,0,0,0,0,0,0,0,100,100,100,0,0,0,0,100,100,100,100.000000,1600,9072,17.636684,10,10,10,10,108,8,0,8,100,4672,272,0,0,0,0,108,0,0,0,0,302,9400
2589,W2,1,1,5,5,0,0,0,0,0,0,0,100,100,0,0,0,0,0,100,100,0,0.000000,0,9072,0.000000,0,0,0,0,108,8,0,8,100,4672,272,0,0,0,0,108,0,0,0,0,307,9400
2590,W2,1,1,5,5,0,0,0,0,0,0,0,100,100,0,0,0,0,0,100,100,0,0.000000,0,9072,0.000000,0,0,0,0,108,8,0,8,100,4672,272,0,0,0,0,108,0,0,0,0,322,9400
2591,W2,1,1,5,5,0,0,0,0,0,0,0,100,100,0,0,0,0,0,100,100,0,0.000000,0,9072,0.000000,0,0,0,0,108,8,0,8,100,4672,272,0,0,0,0,108,0,0,0,0,309,9400
2592,W2,1,1,5,5,0,0,0,0,0,0,0,100,100,0,0,0,0,0,100,100,0,0.000000,0,9072,0.000000,0,0,0,0,108,8,0,8,100,4672,272,0,0,0,0,108,0,0,0,0,292,9400
2593,W2,1,1,5,5,0,0,0,0,0,0,0,100,100,0,0,0,0,0,100,100,0,0.000000,0,9072,0.000000,0,0,0,0,108,8,0,8,100,4672,272,0,0,0,0,108,0,0,0,0,293,9400
2594,W2,1,1,5,5,0,0,0,0,0,0,0,100,100,0,0,0,0,0,100,100,0,0.000000,0,9072,0.000000,0,0,0,0,108,8,0,8,100,4672,272,0,0,0,0,108,0,0,0,0,320,9400
2595,W2,1,1,5,5,0,0,0,0,0,0,0,100,100,0,0,0,0,0,100,100,0,0.000000,0,9072,0.000000,0,0,0,0,108,8,0,8,100,4672,272,0,0,0,0,108,0,0,0,0,302,9400
2596,W2,1,1,5,5,0,0,0,0,0,0,0,100,100,0,0,0,0,0,100,100,0,0.000000,0,9072,0.000000,0,0,0,0,108,8,0,8,100,4672,272,0,0,0,0,108,0,0,0,0,321,9400
2597,W2,1,1,5,5,0,0,0,0,0,0,0,100,100,100,0,0,0,0,100,100,100,100.000000,1600,9072,17.636684,10,10,10,10,108,8,0,8,100,4672,272,0,0,0,0,108,0,0,0,0,358,9400
2598,W2,1,1,5,5,0,0,0,0,0,0,0,100,100,0,0,0,0,0,100,100,0,0.000000,0,9072,0.000000,0,0,0,0,108,8,0,8,100,4672,272,0,0,0,0,108,0,0,0,0,302,9400
2599,W2,1,1,5,5,0,0,0,0,0,0,0,100,100,0,0,0,0,0,100,100,0,0.000000,0,9072,0.000000,0,0,0,0,108,8,0,8,100,4672,272,0,0,0,0,108,0,0,0,0,299,9400
2600,W2,1,1,5,5,0,0,0,0,0,0,0,100,100,0,0,0,0,0,100,100,0,0.000000,0,9072,0.000000,0,0,0,0,108,8,0,8,100,4672,272,0,0,0,0,108,0,0,0,0,299,9400
2601,W2,1,1,5,5,0,0,0,0,0,0,0,100,100,0,0,0,0,0,100,100,0,0.000000,0,9072,0.000000,0,0,0,0,108,8,0,8,100,4672,272,0,0,0,0,108,0,0,0,0,297,9400
2602,W2,1,1,5,5,0,0,0,0,0,0,0,100,100,0,0,0,0,0,100,100,0,0.000000,0,9072,0.000000,0,0,0,0,108,8,0,8,100,4672,272,0,0,0,0,108,0,0,0,0,304,9400
2603,W2,1,1,5,5,0,0,0,0,0,0,0,100,100,0,0,0,0,0,100,100,0,0.000000,0,9072,0.000000,0,0,0,0,108,8,0,8,100,4672,272,0,0,0,0,108,0,0,0,0,288,9400
2604,W2,1,1,5,5,0,0,0,0,0,0,0,100,100,0,0,0,0,0,100,100,0,0.000000,0,9072,0.000000,0,0,0,0,108,8,0,8,100,4672,272,0,0,0,0,108,0,0,0,0,278,9400
2605,W2,1,1,5,5,0,0,0,0,0,0,0,100,100,0,0,0,0,0,100,100,0,0.000000,0,9072,0.000000,0,0,0,0,108,8,0,8,100,4672,272,0,0,0,0,108,0,0,0,0,287,9400
2606,W2,1,1,5,5,0,0,0,0,0,0,0,100,100,100,0,0,0,0,100,100,100,100.000000,1600,9072,17.636684,10,10,10,10,108,8,0,8,100,4672,272,0,0,0,0,108,0,0,0,0,318,9400
2607,W2,1,1,5,5,0,0,0,0,0,0,0,100,100,0,0,0,0,0,100,100,0,0.000000,0,9072,0.000000,0,0,0,0,108,8,0,8,100,4672,272,0,0,0,0,108,0,0,0,0,315,9400
2608,W2,1,1,5,5,0,0,0,0,0,0,0,100,100,0,0,0,0,0,100,100,0,0.000000,0,9072,0.000000,0,0,0,0,108,8,0,8,100,4672,272,0,0,0,0,108,0,0,0,0,292,9400
2609,W2,1,1,5,5,0,0,0,0,0,0,0,100,100,0,0,0,0,0,100,100,0,0.000000,0,9072,0.000000,0,0,0,0,108,8,0,8,100,4672,272,0,0,0,0,108,0,0,0,0,303,9400
2610,W2,1,1,5,5,0,0,0,0,0,0,0,100,100,0,0,0,0,0,100,100,0,0.000000,0,9072,0.000000,0,0,0,0,108,8,0,8,100,4672,272,0,0,0,0,108,0,0,0,0,285,9400
2611,W2,1,1,5,5,0,0,0,0,0,0,0,100,100,0,0,0,0,0,100,100,0,0.000000,0,9072,0.000000,0,0,0,0,108,8,0,8,100,4672,272,0,0,0,0,108,0,0,0,0,322,9400
2612,W2,1,1,5,5,0,0,0,0,0,0,0,100,100,0,0,0,0,0,100,100,0,0.000000,0,9072,0.000000,0,0,0,0,108,8,0,8,100,4672,272,0,0,0,0,108,0,0,0,0,285,9400
2613,W2,1,1,5,5,0,0,0,0,0,0,0,100,100,0,0,0,0,0,100,100,0,0.000000,0,9072,0.000000,0,0,0,0,108,8,0,8,100,4672,272,0,0,0,0,108,0,0,0,0,321,9400
2614,W2,1,1,5,5,0,0,0,0,0,0,0,100,100,0,0,0,0,0,100,100,0,0.000000,0,9072,0.000000,0,0,0,0,108,8,0,8,100,4672,272,0,0,0,0,108,0,0,0,0,308,9400
2615,W2,1,1,5,5,0,0,0,0,0,0,0,100,100,100,0,0,0,0,100,100,100,100.000000,1600,9072,17.636684,10,10,10,10,108,8,0,8,100,4672,272,0,0,0,0,108,0,0,0,0,288,9400
2616,W2,1,1,5,5,0,0,0,0,0,0,0,100,100,0,0,0,0,0,100,100,0,0.000000,0,9072,0.000000,0,0,0,0,108,8,0,8,100,4672,272,0,0,0,0,108,0,0,0,0,304,9400
2617,W2,1,1,5,5,0,0,0,0,0,0,0,100,100,0,0,0,0,0,100,100,0,0.000000,0,9072,0.000000,0,0,0,0,108,8,0,8,100,4672,272,0,0,0,0,108,0,0,0,0,294,9400
2618,W2,1,1,5,5,0,0,0,0,0,0,0,100,100,0,0,0,0,0,100,100,0,0.000000,0,9072,0.000000,0,0,0,0,108,8,0,8,100,4672,272,0,0,0,0,108,0,0,0,0,355,9400
2619,W2,1,1,5,5,0,0,0,0,0,0,0,100,100,0,0,0,0,0,100,100,0,0.000000,0,9072,0.000000,0,0,0,0,108,8,0,8,100,4672,272,0,0,0,0,108,0,0,0,0,301,9400
2620,W2,1,1,5,5,0,0,0,0,0,0,0,100,100,0,0,0,0,0,100,100,0,0.000000,0,9072,0.000000,0,0,0,0,108,8,0,8,100,4672,272,0,0,0,0,108,0,0,0,0,316,9400
2621,W2,1,1,5,5,0,0,0,0,0,0,0,100,100,0,0,0,0,0,100,100,0,0.000000,0,9072,0.000000,0,0,0,0,108,8,0,8,100,4672,272,0,0,0,0,108,0,0,0,0,309,9400
2622,W2,1,1,5,5,0,0,0,0,0,0,0,100,100,0,0,0,0,0,100,100,0,0.000000,0,9072,0.000000,0,0,0,0,108,8,0,8,100,4672,272,0,0,0,0,108,0,0,0,0,301,9400
2623,W2,1,1,5,5,0,0,0,0,0,0,0,100,100,0,0,0,0,0,100,100,0,0.000000,0,9072,0.000000,0,0,0,0,108,8,0,8,100,4672,272,0,0,0,0,108,0,0,0,0,307,9400
2624,W2,1,1,5,5,0,0,0,0,0,0,0,100,100,100,0,0,0,0,100,100,100,100.000000,1600,9072,17.636684,10,10,10,10,108,8,0,8,100,4672,272,0,0,0,0,108,0,0,0,0,300,9400
2625,W2,1,1,5,5,0,0,0,0,0,0,0,100,100,0,0,0,0,0,100,100,0,0.000000,0,9072,0.000000,0,0,0,0,108,8,0,8,100,4672,272,0,0,0,0,108,0,0,0,0,297,9400
2626,W2,1,1,5,5,0,0,0,0,0,0,0,100,100,0,0,0,0,0,100,100,0,0.000000,0,9072,0.000000,0,0,0,0,108,8,0,8,100,4672,272,0,0,0,0,108,0,0,0,0,282,9400
2627,W2,1,1,5,5,0,0,0,0,0,0,0,100,100,0,0,0,0,0,100,100,0,0.000000,0,9072,0.000000,0,0,0,0,108,8,0,8,100,4672,272,0,0,0,0,108,0,0,0,0,323,9400
2628,W2,1,1,5,5,0,0,0,0,0,0,0,100,100,0,0,0,0,0,100,100,0,0.000000,0,9072,0.000000,0,0,0,0,108,8,0,8,100,4672,272,0,0,0,0,108,0,0,0,0,301,9400
2629,W2,1,1,5,5,0,0,0,0,0,0,0,100,100,0,0,0,0,0,100,100,0,0.000000,0,9072,0.000000,0,0,0,0,108,8,0,8,100,4672,272,0,0,0,0,108,0,0,0,0,322,9400
2630,W2,1,1,5,5,0,0,0,0,0,0,0,100,100,0,0,0,0,0,100,100,0,0.000000,0,9072,0.000000,0,0,0,0,108,8,0,8,100,4672,272,0,0,0,0,108,0,0,0,0,353,9400
2631,W2,1,1,5,5,0,0,0,0,0,0,0,100,100,0,0,0,0,0,100,100,0,0.000000,0,9072,0.000000,0,0,0,0,108,8,0,8,100,4672,272,0,0,0,0,108,0,0,0,0,309,9400
2632,W2,1,1,5,5,0,0,0,0,0,0,0,100,100,0,0,0,0,0,100,100,0,0.000000,0,9072,0.000000,0,0,0,0,108,8,0,8,100,4672,272,0,0,0,0,108,0,0,0,0,326,9400
2633,W2,1,1,5,5,0,0,0,0,0,0,0,100,100,100,0,0,0,0,100,100,100,100.000000,1600,9072,17.636684,10,10,10,10,108,8,0,8,100,4672,272,0,0,0,0,108,0,0,0,0,284,9400
2634,W2,1,1,5,5,0,0,0,0,0,0,0,100,100,0,0,0,0,0,100,100,0,0.000000,0,9072,0.000000,0,0,0,0,108,8,0,8,100,4672,272,0,0,0,0,108,0,0,0,0,292,9400
2635,W2,1,1,5,5,0,0,0,0,0,0,0,100,100,0,0,0,0,0,100,100,0,0.000000,0,9072,0.000000,0,0,0,0,108,8,0,8,100,4672,272,0,0,0,0,108,0,0,0,0,282,9400
2636,W2,1,1,5,5,0,0,0,0,0,0,0,100,100,0,0,0,0,0,100,100,0,0.000000,0,9072,0.000000,0,0,0,0,108,8,0,8,100,4672,272,0,0,0,0,108,0,0,0,0,288,9400
2637,W2,1,1,5,5,0,0,0,0,0,0,0,100,100,0,0,0,0,0,100,100,0,0.000000,0,9072,0.000000,0,0,0,0,108,8,0,8,100,4672,272,0,0,0,0,108,0,0,0,0,292,9400
2638,W2,1,1,5,5,0,0,0,0,0,0,0,100,100,0,0,0,0,0,100,100,0,0.000000,0,9072,0.000000,0,0,0,0,108,8,0,8,100,4672,272,0,0,0,0,108,0,0,0,0,321,9400
2639,W2,1,1,5,5,0,0,0,0,0,0,0,100,100,0,0,0,0,0,100,100,0,0.000000,0,9072,0.000000,0,0,0,0,108,8,0,8,100,4672,272,0,0,0,0,108,0,0,0,0,342,9400
2640,W2,1,1,5,5,0,0,0,0,0,0,0,100,100,0,0,0,0,0,100,100,0,0.000000,0,9072,0.000000,0,0,0,0,108,8,0,8,100,4672,272,0,0,0,0,108,0,0,0,0,284,9400
2641,W2,1,1,5,5,0,0,0,0,0,0,0,100,100,0,0,0,0,0,100,100,0,0.000000,0,9072,0.000000,0,0,0,0,108,8,0,8,100,4672,272,0,0,0,0,108,0,0,0,0,356,9400
2642,W2,1,1,5,5,0,0,0,0,0,0,0,100,100,100,0,0,0,0,100,100,100,100.000000,1600,9072,17.636684,10,10,10,10,108,8,0,8,100,4672,272,0,0,0,0,108,0,0,0,0,289,9400
2643,W2,1,1,5,5,0,0,0,0,0,0,0,100,100,0,0,0,0,0,100,100,0,0.000000,0,9072,0.000000,0,0,0,0,108,8,0,8,100,4672,272,0,0,0,0,108,0,0,0,0,305,9400
2644,W2,1,1,5,5,0,0,0,0,0,0,0,100,100,0,0,0,0,0,100,100,0,0.000000,0,9072,0.000000,0,0,0,0,108,8,0,8,100,4672,272,0,0,0,0,108,0,0,0,0,294,9400
2645,W2,1,1,5,5,0,0,0,0,0,0,0,100,100,0,0,0,0,0,100,100,0,0.000000,0,9072,0.000000,0,0,0,0,108,8,0,8,100,4672,272,0,0,0,0,108,0,0,0,0,293,9400
2646,W2,1,1,5,5,0,0,0,0,0,0,0,100,100,0,0,0,0,0,100,100,0,0.000000,0,9072,0.000000,0,0,0,0,108,8,0,8,100,4672,272,0,0,0,0,108,0,0,0,0,304,9400
2647,W2,1,1,5,5,0,0,0,0,0,0,0,100,100,0,0,0,0,0,100,100,0,0.000000,0,9072,0.000000,0,0,0,0,108,8,0,8,100,4672,272,0,0,0,0,108,0,0,0,0,300,9400
2648,W2,1,1,5,5,0,0,0,0,0,0,0,100,100,0,0,0,0,0,100,100,0,0.000000,0,9072,0.000000,0,0,0,0,108,8,0,8,100,4672,272,0,0,0,0,108,0,0,0,0,300,9400
2649,W2,1,1,5,5,0,0,0,0,0,0,0,100,100,0,0,0,0,0,100,100,0,0.000000,0,9072,0.000000,0,0,0,0,108,8,0,8,100,4672,272,0,0,0,0,108,0,0,0,0,298,9400
2650,W2,1,1,5,5,0,0,0,0,0,0,0,100,100,0,0,0,0,0,100,100,0,0.000000,0,9072,0.000000,0,0,0,0,108,8,0,8,100,4672,272,0,0,0,0,108,0,0,0,0,352,9400
2651,W2,1,1,5,5,0,0,0,0,0,0,0,100,100,100,0,0,0,0,100,100,100,100.000000,1600,9072,17.636684,10,10,10,10,108,8,0,8,100,4672,272,0,0,0,0,108,0,0,0,0,315,9400
2652,W2,1,1,5,5,0,0,0,0,0,0,0,100,100,0,0,0,0,0,100,100,0,0.000000,0,9072,0.000000,0,0,0,0,108,8,0,8,100,4672,272,0,0,0,0,108,0,0,0,0,308,9400
2653,W2,1,1,5,5,0,0,0,0,0,0,0,100,100,0,0,0,0,0,100,100,0,0.000000,0,9072,0.000000,0,0,0,0,108,8,0,8,100,4672,272,0,0,0,0,108,0,0,0,0,300,9400
2654,W2,1,1,5,5,0,0,0,0,0,0,0,100,100,0,0,0,0,0,100,100,0,0.000000,0,9072,0.000000,0,0,0,0,108,8,0,8,100,4672,272,0,0,0,0,108,0,0,0,0,329,9400
2655,W2,1,1,5,5,0,0,0,0,0,0,0,100,100,0,0,0,0,0,100,100,0,0.000000,0,9072,0.000000,0,0,0,0,108,8,0,8,100,4672,272,0,0,0,0,108,0,0,0,0,302,9400
2656,W2,1,1,5,5,0,0,0,0,0,0,0,100,100,0,0,0,0,0,100,100,0,0.000000,0,9072,0.000000,0,0,0,0,108,8,0,8,100,4672,272,0,0,0,0,108,0,0,0,0,319,9400
2657,W2,1,1,5,5,0,0,0,0,0,0,0,100,100,0,0,0,0,0,100,100,0,0.000000,0,9072,0.000000,0,0,0,0,108,8,0,8,100,4672,272,0,0,0,0,108,0,0,0,0,304,9400
2658,W2,1,1,5,5,0,0,0,0,0,0,0,100,100,0,0,0,0,0,100,100,0,0.000000,0,9072,0.000000,0,0,0,0,108,8,0,8,100,4672,272,0,0,0,0,108,0,0,0,0,304,9400
2659,W2,1,1,5,5,0,0,0,0,0,0,0,100,100,0,0,0,0,0,100,100,0,0.000000,0,9072,0.000000,0,0,0,0,108,8,0,8,100,4672,272,0,0,0,0,108,0,0,0,0,311,9400
2660,W2,1,1,5,5,0,0,0,0,0,0,0,100,100,100,0,0,0,0,100,100,100,100.000000,1600,9072,17.636684,10,10,10,10,108,8,0,8,100,4672,272,0,0,0,0,108,0,0,0,0,276,9400
2661,W2,1,1,5,5,0,0,0,0,0,0,0,100,100,0,0,0,0,0,100,100,0,0.000000,0,9072,0.000000,0,0,0,0,108,8,0,8,100,4672,272,0,0,0,0,108,0,0,0,0,283,9400
2662,W2,1,1,5,5,0,0,0,0,0,0,0,100,100,0,0,0,0,0,100,100,0,0.000000,0,9072,0.000000,0,0,0,0,108,8,0,8,100,4672,272,0,0,0,0,108,0,0,0,0,292,9400
2663,W2,1,1,5,5,0,0,0,0,0,0,0,100,100,0,0,0,0,0,100,100,0,0.000000,0,9072,0.000000,0,0,0,0,108,8,0,8,100,4672,272,0,0,0,0,108,0,0,0,0,328,9400
2664,W2,1,1,5,5,0,0,0,0,0,0,0,100,100,0,0,0,0,0,100,100,0,0.000000,0,9072,0.000000,0,0,0,0,108,8,0,8,100,4672,272,0,0,0,0,108,0,0,0,0,292,9400
2665,W2,1,1,5,5,0,0,0,0,0,0,0,100,100,0,0,0,0,0,100,100,0,0.000000,0,9072,0.000000,0,0,0,0,108,8,0,8,100,4672,272,0,0,0,0,108,0,0,0,0,297,9400
2666,W2,1,1,5,5,0,0,0,0,0,0,0,100,100,0,0,0,0,0,100,100,0,0.000000,0,9072,0.000000,0,0,0,0,108,8,0,8,100,4672,272,0,0,0,0,108,0,0,0,0,361,9400
2667,W2,1,1,5,5,0,0,0,0,0,0,0,100,100,0,0,0,0,0,100,100,0,0.000000,0,9072,0.000000,0,0,0,0,108,8,0,8,100,4672,272,0,0,0,0,108,0,0,0,0,308,9400
2668,W2,1,1,5,5,0,0,0,0,0,0,0,100,100,0,0,0,0,0,100,100,0,0.000000,0,9072,0.000000,0,0,0,0,108,8,0,8,100,4672,272,0,0,0,0,108,0,0,0,0,366,9400
2669,W2,1,1,5,5,0,0,0,0,0,0,0,100,100,100,0,0,0,0,100,100,100,100.000000,1600,9072,17.636684,10,10,10,10,108,8,0,8,100,4672,272,0,0,0,0,108,0,0,0,0,303,9400
2670,W2,1,1,5,5,0,0,0,0,0,0,0,100,100,0,0,0,0,0,100,100,0,0.000000,0,9072,0.000000,0,0,0,0,108,8,0,8,100,4672,272,0,0,0,0,108,0,0,0,0,312,9400
2671,W2,1,1,5,5,0,0,0,0,0,0,0,100,100,0,0,0,0,0,100,100,0,0.000000,0,9072,0.000000,0,0,0,0,108,8,0,8,100,4672,272,0,0,0,0,108,0,0,0,0,307,9400
2672,W2,1,1,5,5,0,0,0,0,0,0,0,100,100,0,0,0,0,0,100,100,0,0.000000,0,9072,0.000000,0,0,0,0,108,8,0,8,100,4672,272,0,0,0,0,108,0,0,0,0,318,9400
2673,W2,1,1,5,5,0,0,0,0,0,0,0,100,100,0,0,0,0,0,100,100,0,0.000000,0,9072,0.000000,0,0,0,0,108,8,0,8,100,4672,272,0,0,0,0,108,0,0,0,0,296,9400
2674,W2,1,1,5,5,0,0,0,0,0,0,0,100,100,0,0,0,0,0,100,100,0,0.000000,0,9072,0.000000,0,0,0,0,108,8,0,8,100,4672,272,0,0,0,0,108,0,0,0,0,291,9400
2675,W2,1,1,5,5,0,0,0,0,0,0,0,100,100,0,0,0,0,0,100,100,0,0.000000,0,9072,0.000000,0,0,0,0,108,8,0,8,100,4672,272,0,0,0,0,108,0,0,0,0,289,9400
2676,W2,1,1,5,5,0,0,0,0,0,0,0,100,100,0,0,0,0,0,100,100,0,0.000000,0,9072,0.000000,0,0,0,0,108,8,0,8,100,4672,272,0,0,0,0,108,0,0,0,0,346,9400
2677,W2,1,1,5,5,0,0,0,0,0,0,0,100,100,0,0,0,0,0,100,100,0,0.000000,0,9072,0.000000,0,0,0,0,108,8,0,8,100,4672,272,0,0,0,0,108,0,0,0,0,319,9400
2678,W2,1,1,5,5,0,0,0,0,0,0,0,100,100,100,0,0,0,0,100,100,100,100.000000,1600,9072,17.636684,10,10,10,10,108,8,0,8,100,4672,272,0,0,0,0,108,0,0,0,0,320,9400
2679,W2,1,1,5,5,0,0,0,0,0,0,0,100,100,0,0,0,0,0,100,100,0,0.000000,0,9072,0.000000,0,0,0,0,108,8,0,8,100,4672,272,0,0,0,0,108,0,0,0,0,309,9400
2680,W2,1,1,5,5,0,0,0,0,0,0,0,100,100,0,0,0,0,0,100,100,0,0.000000,0,9072,0.000000,0,0,0,0,108,8,0,8,100,4672,272,0,0,0,0,108,0,0,0,0,293,9400
2681,W2,1,1,5,5,0,0,0,0,0,0,0,100,100,0,0,0,0,0,100,100,0,0.000000,0,9072,0.000000,0,0,0,0,108,8,0,8,100,4672,272,0,0,0,0,108,0,0,0,0,299,9400
2682,W2,1,1,5,5,0,0,0,0,0,0,0,100,100,0,0,0,0,0,100,100,0,0.000000,0,9072,0.000000,0,0,0,0,108,8,0,8,100,4672,272,0,0,0,0,108,0,0,0,0,289,9400
2683,W2,1,1,5,5,0,0,0,0,0,0,0,100,100,0,0,0,0,0,100,100,0,0.000000,0,9072,0.000000,0,0,0,0,108,8,0,8,100,4672,272,0,0,0,0,108,0,0,0,0,285,9400
2684,W2,1,1,5,5,0,0,0,0,0,0,0,100,100,0,0,0,0,0,100,100,0,0.000000,0,9072,0.000000,0,0,0,0,108,8,0,8,100,4672,272,0,0,0,0,108,0,0,0,0,285,9400
2685,W2,1,1,5,5,0,0,0,0,0,0,0,100,100,0,0,0,0,0,100,100,0,0.000000,0,9072,0.000000,0,0,0,0,108,8,0,8,100,4672,272,0,0,0,0,108,0,0,0,0,293,9400
2686,W2,1,1,5,5,0,0,0,0,0,0,0,100,100,0,0,0,0,0,100,100,0,0.000000,0,9072,0.000000,0,0,0,0,108,8,0,8,100,4672,272,0,0,0,0,108,0,0,0,0,336,9400
2687,W2,1,1,5,5,0,0,0,0,0,0,0,100,100,100,0,0,0,0,100,100,100,100.000000,1600,9072,17.636684,10,10,10,10,108,8,0,8,100,4672,272,0,0,0,0,108,0,0,0,0,291,9400
2688,W2,1,1,5,5,0,0,0,0,0,0,0,100,100,0,0,0,0,0,100,100,0,0.000000,0,9072,0.000000,0,0,0,0,108,8,0,8,100,4672,272,0,0,0,0,108,0,0,0,0,295,9400
2689,W2,1,1,5,5,0,0,0,0,0,0,0,100,100,0,0,0,0,0,100,100,0,0.000000,0,9072,0.000000,0,0,0,0,108,8,0,8,100,4672,272,0,0,0,0,108,0,0,0,0,314,9400
2690,W2,1,1,5,5,0,0,0,0,0,0,0,100,100,0,0,0,0,0,100,100,0,0.000000,0,9072,0.000000,0,0,0,0,108,8,0,8,100,4672,272,0,0,0,0,108,0,0,0,0,345,9400
2691,W2,1,1,5,5,0,0,0,0,0,0,0,100,100,0,0,0,0,0,100,100,0,0.000000,0,9072,0.000000,0,0,0,0,108,8,0,8,100,4672,272,0,0,0,0,108,0,0,0,0,313,9400
2692,W2,1,1,5,5,0,0,0,0,0,0,0,100,100,0,0,0,0,0,100,100,0,0.000000,0,9072,0.000000,0,0,0,0,108,8,0,8,100,4672,272,0,0,0,0,108,0,0,0,0,314,9400
2693,W2,1,1,5,5,0,0,0,0,0,0,0,100,100,0,0,0,0,0,100,100,0,0.000000,0,9072,0.000000,0,0,0,0,108,8,0,8,100,4672,272,0,0,0,0,108,0,0,0,0,313,9400
2694,W2,1,1,5,5,0,0,0,0,0,0,0,100,100,0,0,0,0,0,100,100,0,0.000000,0,9072,0.000000,0,0,0,0,108,8,0,8,100,4672,272,0,0,0,0,108,0,0,0,0,289,9400
2695,W2,1,1,5,5,0,0,0,0,0,0,0,100,100,0,0,0,0,0,100,100,0,0.000000,0,9072,0.000000,0,0,0,0,108,8,0,8,100,4672,272,0,0,0,0,108,0,0,0,0,293,9400
2696,W2,1,1,5,5,0,0,0,0,0,0,0,100,100,100,0,0,0,0,100,100,100,100.000000,1600,9072,17.636684,10,10,10,10,108,8,0,8,100,4672,272,0,0,0,0,108,0,0,0,0,300,9400
2697,W2,1,1,5,5,0,0,0,0,0,0,0,100,100,0,0,0,0,0,100,100,0,0.000000,0,9072,0.000000,0,0,0,0,108,8,0,8,100,4672,272,0,0,0,0,108,0,0,0,0,296,9400
2698,W2,1,1,5,5,0,0,0,0,0,0,0,100,100,0,0,0,0,0,100,100,0,0.000000,0,9072,0.000000,0,0,0,0,108,8,0,8,100,4672,272,0,0,0,0,108,0,0,0,0,309,9400
2699,W2,1,1,5,5,0,0,0,0,0,0,0,100,100,0,0,0,0,0,100,100,0,0.000000,0,9072,0.000000,0,0,0,0,108,8,0,8,100,4672,272,0,0,0,0,108,0,0,0,0,337,9400
2700,W2,1,1,5,5,0,0,0,0,0,0,0,100,100,0,0,0,0,0,100,100,0,0.000000,0,9072,0.000000,0,0,0,0,108,8,0,8,100,4672,272,0,0,0,0,108,0,0,0,0,318,9400
2701,W2,1,1,5,5,0,0,0,0,0,0,0,100,100,0,0,0,0,0,100,100,0,0.000000,0,9072,0.000000,0,0,0,0,108,8,0,8,100,4672,272,0,0,0,0,108,0,0,0,0,282,9400
2702,W2,1,1,5,5,0,0,0,0,0,0,0,100,100,0,0,0,0,0,100,100,0,0.000000,0,9072,0.000000,0,0,0,0,108,8,0,8,100,4672,272,0,0,0,0,108,0,0,0,0,289,9400
2703,W2,1,1,5,5,0,0,0,0,0,0,0,100,100,0,0,0,0,0,100,100,0,0.000000,0,9072,0.000000,0,0,0,0,108,8,0,8,100,4672,272,0,0,0,0,108,0,0,0,0,304,9400
2704,W2,1,1,5,5,0,0,0,0,0,0,0,100,100,0,0,0,0,0,100,100,0,0.000000,0,9072,0.000000,0,0,0,0,108,8,0,8,100,4672,272,0,0,0,0,108,0,0,0,0,285,9400
2705,W2,1,1,5,5,0,0,0,0,0,0,0,100,100,100,0,0,0,0,100,100,100,100.000000,1600,9072,17.636684,10,10,10,10,108,8,0,8,100,4672,272,0,0,0,0,108,0,0,0,0,282,9400
2706,W2,1,1,5,5,0,0,0,0,0,0,0,100,100,0,0,0,0,0,100,100,0,0.000000,0,9072,0.000000,0,0,0,0,108,8,0,8,100,4672,272,0,0,0,0,108,0,0,0,0,314,9400
2707,W2,1,1,5,5,0,0,0,0,0,0,0,100,100,0,0,0,0,0,100,100,0,0.000000,0,9072,0.000000,0,0,0,0,108,8,0,8,100,4672,272,0,0,0,0,108,0,0,0,0,293,9400
2708,W2,1,1,5,5,0,0,0,0,0,0,0,100,100,0,0,0,0,0,100,100,0,0.000000,0,9072,0.000000,0,0,0,0,108,8,0,8,100,4672,272,0,0,0,0,108,0,0,0,0,302,9400
2709,W2,1,1,5,5,0,0,0,0,0,0,0,100,100,0,0,0,0,0,100,100,0,0.000000,0,9072,0.000000,0,0,0,0,108,8,0,8,100,4672,272,0,0,0,0,108,0,0,0,0,335,9400
2710,W2,1,1,5,5,0,0,0,0,0,0,0,100,100,0,0,0,0,0,100,100,0,0.000000,0,9072,0.000000,0,0,0,0,108,8,0,8,100,4672,272,0,0,0,0,108,0,0,0,0,335,9400
2711,W2,1,1,5,5,0,0,0,0,0,0,0,100,100,0,0,0,0,0,100,100,0,0.000000,0,9072,0.000000,0,0,0,0,108,8,0,8,100,4672,272,0,0,0,0,108,0,0,0,0,309,9400
2712,W2,1,1,5,5,0,0,0,0,0,0,0,100,100,0,0,0,0,0,100,100,0,0.000000,0,9072,0.000000,0,0,0,0,108,8,0,8,100,4672,272,0,0,0,0,108,0,0,0,0,300,9400
2713,W2,1,1,5,5,0,0,0,0,0,0,0,100,100,0,0,0,0,0,100,100,0,0.000000,0,9072,0.000000,0,0,0,0,108,8,0,8,100,4672,272,0,0,0,0,108,0,0,0,0,298,9400
2714,W2,1,1,5,5,0,0,0,0,0,0,0,100,100,100,0,0,0,0,100,100,100,100.000000,1600,9072,17.636684,10,10,10,10,108,8,0,8,100,4672,272,0,0,0,0,108,0,0,0,0,329,9400
2715,W2,1,1,5,5,0,0,0,0,0,0,0,100,100,0,0,0,0,0,100,100,0,0.000000,0,9072,0.000000,0,0,0,0,108,8,0,8,100,4672,272,0,0,0,0,108,0,0,0,0,308,9400
2716,W2,1,1,5,5,0,0,0,0,0,0,0,100,100,0,0,0,0,0,100,100,0,0.000000,0,9072,0.000000,0,0,0,0,108,8,0,8,100,4672,272,0,0,0,0,108,0,0,0,0,298,9400
2717,W2,1,1,5,5,0,0,0,0,0,0,0,100,100,0,0,0,0,0,100,100,0,0.000000,0,9072,0.000000,0,0,0,0,108,8,0,8,100,4672,272,0,0,0,0,108,0,0,0,0,299,9400
2718,W2,1,1,5,5,0,0,0,0,0,0,0,100,100,0,0,0,0,0,100,100,0,0.000000,0,9072,0.000000,0,0,0,0,108,8,0,8,100,4672,272,0,0,0,0,108,0,0,0,0,298,9400
2719,W2,1,1,5,5,0,0,0,0,0,0,0,100,100,0,0,0,0,0,100,100,0,0.000000,0,9072,0.000000,0,0,0,0,108,8,0,8,100,4672,272,0,0,0,0,108,0,0,0,0,288,9400
2720,W2,1,1,5,5,0,0,0,0,0,0,0,100,100,0,0,0,0,0,100,100,0,0.000000,0,9072,0.000000,0,0,0,0,108,8,0,8,100,4672,272,0,0,0,0,108,0,0,0,0,312,9400
2721,W2,1,1,5,5,0,0,0,0,0,0,0,100,100,0,0,0,0,0,100,100,0,0.000000,0,9072,0.000000,0,0,0,0,108,8,0,8,100,4672,272,0,0,0,0,108,0,0,0,0,337,9400
2722,W2,1,1,5,5,0,0,0,0,0,0,0,100,100,0,0,0,0,0,100,100,0,0.000000,0,9072,0.000000,0,0,0,0,108,8,0,8,100,4672,272,0,0,0,0,108,0,0,0,0,296,9400
2723,W2,1,1,5,5,0,0,0,0,0,0,0,100,100,100,0,0,0,0,100,100,100,100.000000,1600,9072,17.636684,10,10,10,10,108,8,0,8,100,4672,272,0,0,0,0,108,0,0,0,0,301,9400
2724,W2,1,1,5,5,0,0,0,0,0,0,0,100,100,0,0,0,0,0,100,100,0,0.000000,0,9072,0.000000,0,0,0,0,108,8,0,8,100,4672,272,0,0,0,0,108,0,0,0,0,293,9400
2725,W2,1,1,5,5,0,0,0,0,0,0,0,100,100,0,0,0,0,0,100,100,0,0.000000,0,9072,0.000000,0,0,0,0,108,8,0,8,100,4672,272,0,0,0,0,108,0,0,0,0,296,9400
2726,W2,1,1,5,5,0,0,0,0,0,0,0,100,100,0,0,0,0,0,100,100,0,0.000000,0,9072,0.000000,0,0,0,0,108,8,0,8,100,4672,272,0,0,0,0,108,0,0,0,0,303,9400
2727,W2,1,1,5,5,0,0,0,0,0,0,0,100,100,0,0,0,0,0,100,100,0,0.000000,0,9072,0.000000,0,0,0,0,108,8,0,8,100,4672,272,0,0,0,0,108,0,0,0,0,307,9400
2728,W2,1,1,5,5,0,0,0,0,0,0,0,100,100,0,0,0,0,0,100,100,0,0.000000,0,9072,0.000000,0,0,0,0,108,8,0,8,100,4672,272,0,0,0,0,108,0,0,0,0,314,9400
2729,W2,1,1,5,5,0,0,0,0,0,0,0,100,100,0,0,0,0,0,100,100,0,0.000000,0,9072,0.000000,0,0,0,0,108,8,0,8,100,4672,272,0,0,0,0,108,0,0,0,0,303,9400
2730,W2,1,1,5,5,0,0,0,0,0,0,0,100,100,0,0,0,0,0,100,100,0,0.000000,0,9072,0.000000,0,0,0,0,108,8,0,8,100,4672,272,0,0,0,0,108,0,0,0,0,296,9400
2731,W2,1,1,5,5,0,0,0,0,0,0,0,100,100,0,0,0,0,0,100,100,0,0.000000,0,9072,0.000000,0,0,0,0,108,8,0,8,100,4672,272,0,0,0,0,108,0,0,0,0,288,9400
2732,W2,1,1,5,5,0,0,0,0,0,0,0,100,100,100,0,0,0,0,100,100,100,100.000000,1600,9072,17.636684,10,10,10,10,108,8,0,8,100,4672,272,0,0,0,0,108,0,0,0,0,283,9400
2733,W2,1,1,5,5,0,0,0,0,0,0,0,100,100,0,0,0,0,0,100,100,0,0.000000,0,9072,0.000000,0,0,0,0,108,8,0,8,100,4672,272,0,0,0,0,108,0,0,0,0,301,9400
2734,W2,1,1,5,5,0,0,0,0,0,0,0,100,100,0,0,0,0,0,100,100,0,0.000000,0,9072,0.000000,0,0,0,0,108,8,0,8,100,4672,272,0,0,0,0,108,0,0,0,0,298,9400
2735,W2,1,1,5,5,0,0,0,0,0,0,0,100,100,0,0,0,0,0,100,100,0,0.000000,0,9072,0.000000,0,0,0,0,108,8,0,8,100,4672,272,0,0,0,0,108,0,0,0,0,352,9400
2736,W2,1,1,5,5,0,0,0,0,0,0,0,100,100,0,0,0,0,0,100,100,0,0.000000,0,9072,0.000000,0,0,0,0,108,8,0,8,100,4672,272,0,0,0,0,108,0,0,0,0,298,9400
2737,W2,1,1,5,5,0,0,0,0,0,0,0,100,100,0,0,0,0,0,100,100,0,0.000000,0,9072,0.000000,0,0,0,0,108,8,0,8,100,4672,272,0,0,0,0,108,0,0,0,0,284,9400
2738,W2,1,1,5,5,0,0,0,0,0,0,0,100,100,0,0,0,0,0,100,100,0,0.000000,0,9072,0.000000,0,0,0,0,108,8,0,8,100,4672,272,0,0,0,0,108,0,0,0,0,317,9400
2739,W2,1,1,5,5,0,0,0,0,0,0,0,100,100,0,0,0,0,0,100,100,0,0.000000,0,9072,0.000000,0,0,0,0,108,8,0,8,100,4672,272,0,0,0,0,108,0,0,0,0,284,9400
2740,W2,1,1,5,5,0,0,0,0,0,0,0,100,100,0,0,0,0,0,100,100,0,0.000000,0,9072,0.000000,0,0,0,0,108,8,0,8,100,4672,272,0,0,0,0,108,0,0,0,0,302,9400
2741,W2,1,1,5,5,0,0,0,0,0,0,0,100,100,100,0,0,0,0,100,100,100,100.000000,1600,9072,17.636684,10,10,10,10,108,8,0,8,100,4672,272,0,0,0,0,108,0,0,0,0,286,9400
2742,W2,1,1,5,5,0,0,0,0,0,0,0,100,100,0,0,0,0,0,100,100,0,0.000000,0,9072,0.000000,0,0,0,0,108,8,0,8,100,4672,272,0,0,0,0,108,0,0,0,0,408,9400
2743,W2,1,1,5,5,0,0,0,0,0,0,0,100,100,0,0,0,0,0,100,100,0,0.000000,0,9072,0.000000,0,0,0,0,108,8,0,8,100,4672,272,0,0,0,0,108,0,0,0,0,310,9400
2744,W2,1,1,5,5,0,0,0,0,0,0,0,100,100,0,0,0,0,0,100,100,0,0.000000,0,9072,0.000000,0,0,0,0,108,8,0,8,100,4672,272,0,0,0,0,108,0,0,0,0,288,9400
2745,W2,1,1,5,5,0,0,0,0,0,0,0,100,100,0,0,0,0,0,100,100,0,0.000000,0,9072,0.000000,0,0,0,0,108,8,0,8,100,4672,272,0,0,0,0,108,0,0,0,0,301,9400
2746,W2,1,1,5,5,0,0,0,0,0,0,0,100,100,0,0,0,0,0,100,100,0,0.000000,0,9072,0.000000,0,0,0,0,108,8,0,8,100,4672,272,0,0,0,0,108,0,0,0,0,334,9400
2747,W2,1,1,5,5,0,0,0,0,0,0,0,100,100,0,0,0,0,0,100,100,0,0.000000,0,9072,0.000000,0,0,0,0,108,8,0,8,100,4672,272,0,0,0,0,108,0,0,0,0,297,9400
2748,W2,1,1,5,5,0,0,0,0,0,0,0,100,100,0,0,0,0,0,100,100,0,0.000000,0,9072,0.000000,0,0,0,0,108,8,0,8,100,4672,272,0,0,0,0,108,0,0,0,0,290,9400
2749,W2,1,1,5,5,0,0,0,0,0,0,0,100,100,0,0,0,0,0,100,100,0,0.000000,0,9072,0.000000,0,0,0,0,108,8,0,8,100,4672,272,0,0,0,0,108,0,0,0,0,288,9400
2750,W2,1,1,5,5,0,0,0,0,0,0,0,100,100,100,0,0,0,0,100,100,100,100.000000,1600,9072,17.636684,10,10,10,10,108,8,0,8,100,4672,272,0,0,0,0,108,0,0,0,0,286,9400
2751,W2,1,1,5,5,0,0,0,0,0,0,0,100,100,0,0,0,0,0,100,100,0,0.000000,0,9072,0.000000,0,0,0,0,108,8,0,8,100,4672,272,0,0,0,0,108,0,0,0,0,286,9400
2752,W2,1,1,5,5,0,0,0,0,0,0,0,100,100,0,0,0,0,0,100,100,0,0.000000,0,9072,0.000000,0,0,0,0,108,8,0,8,100,4672,272,0,0,0,0,108,0,0,0,0,317,9400
2753,W2,1,1,5,5,0,0,0,0,0,0,0,100,100,0,0,0,0,0,100,100,0,0.000000,0,9072,0.000000,0,0,0,0,108,8,0,8,100,4672,272,0,0,0,0,108,0,0,0,0,315,9400
2754,W2,1,1,5,5,0,0,0,0,0,0,0,100,100,0,0,0,0,0,100,100,0,0.000000,0,9072,0.000000,0,0,0,0,108,8,0,8,100,4672,272,0,0,0,0,108,0,0,0,0,310,9400
2755,W2,1,1,5,5,0,0,0,0,0,0,0,100,100,0,0,0,0,0,100,100,0,0.000000,0,9072,0.000000,0,0,0,0,108,8,0,8,100,4672,272,0,0,0,0,108,0,0,0,0,293,9400
2756,W2,1,1,5,5,0,0,0,0,0,0,0,100,100,0,0,0,0,0,100,100,0,0.000000,0,9072,0.000000,0,0,0,0,108,8,0,8,100,4672,272,0,0,0,0,108,0,0,0,0,312,9400
2757,W2,1,1,5,5,0,0,0,0,0,0,0,100,100,0,0,0,0,0,100,100,0,0.000000,0,9072,0.000000,0,0,0,0,108,8,0,8,100,4672,272,0,0,0,0,108,0,0,0,0,279,9400
2758,W2,1,1,5,5,0,0,0,0,0,0,0,100,100,0,0,0,0,0,100,100,0,0.000000,0,9072,0.000000,0,0,0,0,108,8,0,8,100,4672,272,0,0,0,0,108,0,0,0,0,361,9400
2759,W2,1,1,5,5,0,0,0,0,0,0,0,100,100,100,0,0,0,0,100,100,100,100.000000,1600,9072,17.636684,10,10,10,10,108,8,0,8,100,4672,272,0,0,0,0,108,0,0,0,0,294,9400
2760,W2,1,1,5,5,0,0,0,0,0,0,0,100,100,0,0,0,0,0,100,100,0,0.000000,0,9072,0.000000,0,0,0,0,108,8,0,8,100,4672,272,0,0,0,0,108,0,0,0,0,287,9400
2761,W2,1,1,5,5,0,0,0,0,0,0,0,100,100,0,0,0,0,0,100,100,0,0.000000,0,9072,0.000000,0,0,0,0,108,8,0,8,100,4672,272,0,0,0,0,108,0,0,0,0,286,9400
2762,W2,1,1,5,5,0,0,0,0,0,0,0,100,100,0,0,0,0,0,100,100,0,0.000000,0,9072,0.000000,0,0,0,0,108,8,0,8,100,4672,272,0,0,0,0,108,0,0,0,0,287,9400
2763,W2,1,1,5,5,0,0,0,0,0,0,0,100,100,0,0,0,0,0,100,100,0,0.000000,0,9072,0.000000,0,0,0,0,108,8,0,8,100,4672,272,0,0,0,0,108,0,0,0,0,295,9400
2764,W2,1,1,5,5,0,0,0,0,0,0,0,100,100,0,0,0,0,0,100,100,0,0.000000,0,9072,0.000000,0,0,0,0,108,8,0,8,100,4672,272,0,0,0,0,108,0,0,0,0,288,9400
2765,W2,1,1,5,5,0,0,0,0,0,0,0,100,100,0,0,0,0,0,100,100,0,0.000000,0,9072,0.000000,0,0,0,0,108,8,0,8,100,4672,272,0,0,0,0,108,0,0,0,0,298,9400
2766,W2,1,1,5,5,0,0,0,0,0,0,0,100,100,0,0,0,0,0,100,100,0,0.000000,0,9072,0.000000,0,0,0,0,108,8,0,8,100,4672,272,0,0,0,0,108,0,0,0,0,286,9400
2767,W2,1,1,5,5,0,0,0,0,0,0,0,100,100,0,0,0,0,0,100,100,0,0.000000,0,9072,0.000000,0,0,0,0,108,8,0,8,100,4672,272,0,0,0,0,108,0,0,0,0,285,9400
2768,W2,1,1,5,5,0,0,0,0,0,0,0,100,100,100,0,0,0,0,100,100,100,100.000000,1600,9072,17.636684,10,10,10,10,108,8,0,8,100,4672,272,0,0,0,0,108,0,0,0,0,310,9400
2769,W2,1,1,5,5,0,0,0,0,0,0,0,100,100,0,0,0,0,0,100,100,0,0.000000,0,9072,0.000000,0,0,0,0,108,8,0,8,100,4672,272,0,0,0,0,108,0,0,0,0,289,9400
2770,W2,1,1,5,5,0,0,0,0,0,0,0,100,100,0,0,0,0,0,100,100,0,0.000000,0,9072,0.000000,0,0,0,0,108,8,0,8,100,4672,272,0,0,0,0,108,0,0,0,0,315,9400
2771,W2,1,1,5,5,0,0,0,0,0,0,0,100,100,0,0,0,0,0,100,100,0,0.000000,0,9072,0.000000,0,0,0,0,108,8,0,8,100,4672,272,0,0,0,0,108,0,0,0,0,287,9400
2772,W2,1,1,5,5,0,0,0,0,0,0,0,100,100,0,0,0,0,0,100,100,0,0.000000,0,9072,0.000000,0,0,0,0,108,8,0,8,100,4672,272,0,0,0,0,108,0,0,0,0,299,9400
2773,W2,1,1,5,5,0,0,0,0,0,0,0,100,100,0,0,0,0,0,100,100,0,0.000000,0,9072,0.000000,0,0,0,0,108,8,0,8,100,4672,272,0,0,0,0,108,0,0,0,0,279,9400
2774,W2,1,1,5,5,0,0,0,0,0,0,0,100,100,0,0,0,0,0,100,100,0,0.000000,0,9072,0.000000,0,0,0,0,108,8,0,8,100,4672,272,0,0,0,0,108,0,0,0,0,291,9400
2775,W2,1,1,5,5,0,0,0,0,0,0,0,100,100,0,0,0,0,0,100,100,0,0.000000,0,9072,0.000000,0,0,0,0,108,8,0,8,100,4672,272,0,0,0,0,108,0,0,0,0,289,9400
2776,W2,1,1,5,5,0,0,0,0,0,0,0,100,100,0,0,0,0,0,100,100,0,0.000000,0,9072,0.000000,0,0,0,0,108,8,0,8,100,4672,272,0,0,0,0,108,0,0,0,0,335,9400
2777,W2,1,1,5,5,0,0,0,0,0,0,0,100,100,100,0,0,0,0,100,100,100,100.000000,1600,9072,17.636684,10,10,10,10,108,8,0,8,100,4672,272,0,0,0,0,108,0,0,0,0,292,9400
2778,W2,1,1,5,5,0,0,0,0,0,0,0,100,100,0,0,0,0,0,100,100,0,0.000000,0,9072,0.000000,0,0,0,0,108,8,0,8,100,4672,272,0,0,0,0,108,0,0,0,0,288,9400
2779,W2,1,1,5,5,0,0,0,0,0,0,0,100,100,0,0,0,0,0,100,100,0,0.000000,0,9072,0.000000,0,0,0,0,108,8,0,8,100,4672,272,0,0,0,0,108,0,0,0,0,288,9400
2780,W2,1,1,5,5,0,0,0,0,0,0,0,100,100,0,0,0,0,0,100,100,0,0.000000,0,9072,0.000000,0,0,0,0,108,8,0,8,100,4672,272,0,0,0,0,108,0,0,0,0,318,9400
2781,W2,1,1,5,5,0,0,0,0,0,0,0,100,100,0,0,0,0,0,100,100,0,0.000000,0,9072,0.000000,0,0,0,0,108,8,0,8,100,4672,272,0,0,0,0,108,0,0,0,0,294,9400
2782,W2,1,1,5,5,0,0,0,0,0,0,0,100,100,0,0,0,0,0,100,100,0,0.000000,0,9072,0.000000,0,0,0,0,108,8,0,8,100,4672,272,0,0,0,0,108,0,0,0,0,356,9400
2783,W2,1,1,5,5,0,0,0,0,0,0,0,100,100,0,0,0,0,0,100,100,0,0.000000,0,9072,0.000000,0,0,0,0,108,8,0,8,100,4672,272,0,0,0,0,108,0,0,0,0,354,9400
2784,W2,1,1,5,5,0,0,0,0,0,0,0,100,100,0,0,0,0,0,100,100,0,0.000000,0,9072,0.000000,0,0,0,0,108,8,0,8,100,4672,272,0,0,0,0,108,0,0,0,0,351,9400
2785,W2,1,1,5,5,0,0,0,0,0,0,0,100,100,0,0,0,0,0,100,100,0,0.000000,0,9072,0.000000,0,0,0,0,108,8,0,8,100,4672,272,0,0,0,0,108,0,0,0,0,283,9400
2786,W2,1,1,5,5,0,0,0,0,0,0,0,100,100,100,0,0,0,0,100,100,100,100.000000,1600,9072,17.636684,10,10,10,10,108,8,0,8,100,4672,272,0,0,0,0,108,0,0,0,0,290,9400
2787,W2,1,1,5,5,0,0,0,0,0,0,0,100,100,0,0,0,0,0,100,100,0,0.000000,0,9072,0.000000,0,0,0,0,108,8,0,8,100,4672,272,0,0,0,0,108,0,0,0,0,274,9400
2788,W2,1,1,5,5,0,0,0,0,0,0,0,100,100,0,0,0,0,0,100,100,0,0.000000,0,9072,0.000000,0,0,0,0,108,8,0,8,100,4672,272,0,0,0,0,108,0,0,0,0,336,9400
2789,W2,1,1,5,5,0,0,0,0,0,0,0,100,100,0,0,0,0,0,100,100,0,0.000000,0,9072,0.000000,0,0,0,0,108,8,0,8,100,4672,272,0,0,0,0,108,0,0,0,0,283,9400
2790,W2,1,1,5,5,0,0,0,0,0,0,0,100,100,0,0,0,0,0,100,100,0,0.000000,0,9072,0.000000,0,0,0,0,108,8,0,8,100,4672,272,0,0,0,0,108,0,0,0,0,293,9400
2791,W2,1,1,5,5,0,0,0,0,0,0,0,100,100,0,0,0,0,0,100,100,0,0.000000,0,9072,0.000000,0,0,0,0,108,8,0,8,100,4672,272,0,0,0,0,108,0,0,0,0,282,9400
2792,W2,1,1,5,5,0,0,0,0,0,0,0,100,100,0,0,0,0,0,100,100,0,0.000000,0,9072,0.000000,0,0,0,0,108,8,0,8,100,4672,272,0,0,0,0,108,0,0,0,0,296,9400
2793,W2,1,1,5,5,0,0,0,0,0,0,0,100,100,0,0,0,0,0,100,100,0,0.000000,0,9072,0.000000,0,0,0,0,108,8,0,8,100,4672,272,0,0,0,0,108,0,0,0,0,300,9400
2794,W2,1,1,5,5,0,0,0,0,0,0,0,100,100,0,0,0,0,0,100,100,0,0.000000,0,9072,0.000000,0,0,0,0,108,8,0,8,100,4672,272,0,0,0,0,108,0,0,0,0,309,9400
2795,W2,1,1,5,5,0,0,0,0,0,0,0,100,100,100,0,0,0,0,100,100,100,100.000000,1600,9072,17.636684,10,10,10,10,108,8,0,8,100,4672,272,0,0,0,0,108,0,0,0,0,292,9400
2796,W2,1,1,5,5,0,0,0,0,0,0,0,100,100,0,0,0,0,0,100,100,0,0.000000,0,9072,0.000000,0,0,0,0,108,8,0,8,100,4672,272,0,0,0,0,108,0,0,0,0,288,9400
2797,W2,1,1,5,5,0,0,0,0,0,0,0,100,100,0,0,0,0,0,100,100,0,0.000000,0,9072,0.000000,0,0,0,0,108,8,0,8,100,4672,272,0,0,0,0,108,0,0,0,0,280,9400
2798,W2,1,1,5,5,0,0,0,0,0,0,0,100,100,0,0,0,0,0,100,100,0,0.000000,0,9072,0.000000,0,0,0,0,108,8,0,8,100,4672,272,0,0,0,0,108,0,0,0,0,299,9400
2799,W2,1,1,5,5,0,0,0,0,0,0,0,100,100,0,0,0,0,0,100,100,0,0.000000,0,9072,0.000000,0,0,0,0,108,8,0,8,100,4672,272,0,0,0,0,108,0,0,0,0,291,9400
2800,W2,1,1,5,5,0,0,0,0,0,0,0,100,100,0,0,0,0,0,100,100,0,0.000000,0,9072,0.000000,0,0,0,0,108,8,0,8,100,4672,272,0,0,0,0,108,0,0,0,0,321,9400
2801,W2,1,1,5,5,0,0,0,0,0,0,0,100,100,0,0,0,0,0,100,100,0,0.000000,0,9072,0.000000,0,0,0,0,108,8,0,8,100,4672,272,0,0,0,0,108,0,0,0,0,297,9400
2802,W2,1,1,5,5,0,0,0,0,0,0,0,100,100,0,0,0,0,0,100,100,0,0.000000,0,9072,0.000000,0,0,0,0,108,8,0,8,100,4672,272,0,0,0,0,108,0,0,0,0,301,9400
2803,W2,1,1,5,5,0,0,0,0,0,0,0,100,100,0,0,0,0,0,100,100,0,0.000000,0,9072,0.000000,0,0,0,0,108,8,0,8,100,4672,272,0,0,0,0,108,0,0,0,0,305,9400
2804,W2,1,1,5,5,0,0,0,0,0,0,0,100,100,100,0,0,0,0,100,100,100,100.000000,1600,9072,17.636684,10,10,10,10,108,8,0,8,100,4672,272,0,0,0,0,108,0,0,0,0,294,9400
2805,W2,1,1,5,5,0,0,0,0,0,0,0,100,100,0,0,0,0,0,100,100,0,0.000000,0,9072,0.000000,0,0,0,0,108,8,0,8,100,4672,272,0,0,0,0,108,0,0,0,0,338,9400
2806,W2,1,1,5,5,0,0,0,0,0,0,0,100,100,0,0,0,0,0,100,100,0,0.000000,0,9072,0.000000,0,0,0,0,108,8,0,8,100,4672,272,0,0,0,0,108,0,0,0,0,286,9400
2807,W2,1,1,5,5,0,0,0,0,0,0,0,100,100,0,0,0,0,0,100,100,0,0.000000,0,9072,0.000000,0,0,0,0,108,8,0,8,100,4672,272,0,0,0,0,108,0,0,0,0,280,9400
2808,W2,1,1,5,5,0,0,0,0,0,0,0,100,100,0,0,0,0,0,100,100,0,0.000000,0,9072,0.000000,0,0,0,0,108,8,0,8,100,4672,272,0,0,0,0,108,0,0,0,0,298,9400
2809,W2,1,1,5,5,0,0,0,0,0,0,0,100,100,0,0,0,0,0,100,100,0,0.000000,0,9072,0.000000,0,0,0,0,108,8,0,8,100,4672,272,0,0,0,0,108,0,0,0,0,292,9400
2810,W2,1,1,5,5,0,0,0,0,0,0,0,100,100,0,0,0,0,0,100,100,0,0.000000,0,9072,0.000000,0,0,0,0,108,8,0,8,100,4672,272,0,0,0,0,108,0,0,0,0,314,9400
2811,W2,1,1,5,5,0,0,0,0,0,0,0,100,100,0,0,0,0,0,100,100,0,0.000000,0,9072,0.000000,0,0,0,0,108,8,0,8,100,4672,272,0,0,0,0,108,0,0,0,0,297,9400
2812,W2,1,1,5,5,0,0,0,0,0,0,0,100,100,0,0,0,0,0,100,100,0,0.000000,0,9072,0.000000,0,0,0,0,108,8,0,8,100,4672,272,0,0,0,0,108,0,0,0,0,282,9400
2813,W2,1,1,5,5,0,0,0,0,0,0,0,100,100,100,0,0,0,0,100,100,100,100.000000,1600,9072,17.636684,10,10,10,10,108,8,0,8,100,4672,272,0,0,0,0,108,0,0,0,0,290,9400
2814,W2,1,1,5,5,0,0,0,0,0,0,0,100,100,0,0,0,0,0,100,100,0,0.000000,0,9072,0.000000,0,0,0,0,108,8,0,8,100,4672,272,0,0,0,0,108,0,0,0,0,329,9400
2815,W2,1,1,5,5,0,0,0,0,0,0,0,100,100,0,0,0,0,0,100,100,0,0.000000,0,9072,0.000000,0,0,0,0,108,8,0,8,100,4672,272,0,0,0,0,108,0,0,0,0,313,9400
2816,W2,1,1,5,5,0,0,0,0,0,0,0,100,100,0,0,0,0,0,100,100,0,0.000000,0,9072,0.000000,0,0,0,0,108,8,0,8,100,4672,272,0,0,0,0,108,0,0,0,0,296,9400
2817,W2,1,1,5,5,0,0,0,0,0,0,0,100,100,0,0,0,0,0,100,100,0,0.000000,0,9072,0.000000,0,0,0,0,108,8,0,8,100,4672,272,0,0,0,0,108,0,0,0,0,291,9400
2818,W2,1,1,5,5,0,0,0,0,0,0,0,100,100,0,0,0,0,0,100,100,0,0.000000,0,9072,0.000000,0,0,0,0,108,8,0,8,100,4672,272,0,0,0,0,108,0,0,0,0,354,9400
2819,W2,1,1,5,5,0,0,0,0,0,0,0,100,100,0,0,0,0,0,100,100,0,0.000000,0,9072,0.000000,0,0,0,0,108,8,0,8,100,4672,272,0,0,0,0,108,0,0,0,0,314,9400
2820,W2,1,1,5,5,0,0,0,0,0,0,0,100,100,0,0,0,0,0,100,100,0,0.000000,0,9072,0.000000,0,0,0,0,108,8,0,8,100,4672,272,0,0,0,0,108,0,0,0,0,283,9400
2821,W2,1,1,5,5,0,0,0,0,0,0,0,100,100,0,0,0,0,0,100,100,0,0.000000,0,9072,0.000000,0,0,0,0,108,8,0,8,100,4672,272,0,0,0,0,108,0,0,0,0,285,9400
2822,W2,1,1,5,5,0,0,0,0,0,0,0,100,100,100,0,0,0,0,100,100,100,100.000000,1600,9072,17.636684,10,10,10,10,108,8,0,8,100,4672,272,0,0,0,0,108,0,0,0,0,316,9400
2823,W2,1,1,5,5,0,0,0,0,0,0,0,100,100,0,0,0,0,0,100,100,0,0.000000,0,9072,0.000000,0,0,0,0,108,8,0,8,100,4672,272,0,0,0,0,108,0,0,0,0,298,9400
2824,W2,1,1,5,5,0,0,0,0,0,0,0,100,100,0,0,0,0,0,100,100,0,0.000000,0,9072,0.000000,0,0,0,0,108,8,0,8,100,4672,272,0,0,0,0,108,0,0,0,0,301,9400
2825,W2,1,1,5,5,0,0,0,0,0,0,0,100,100,0,0,0,0,0,100,100,0,0.000000,0,9072,0.000000,0,0,0,0,108,8,0,8,100,4672,272,0,0,0,0,108,0,0,0,0,288,9400
2826,W2,1,1,5,5,0,0,0,0,0,0,0,100,100,0,0,0,0,0,100,100,0,0.000000,0,9072,0.000000,0,0,0,0,108,8,0,8,100,4672,272,0,0,0,0,108,0,0,0,0,302,9400
2827,W2,1,1,5,5,0,0,0,0,0,0,0,100,100,0,0,0,0,0,100,100,0,0.000000,0,9072,0.000000,0,0,0,0,108,8,0,8,100,4672,272,0,0,0,0,108,0,0,0,0,282,9400
2828,W2,1,1,5,5,0,0,0,0,0,0,0,100,100,0,0,0,0,0,100,100,0,0.000000,0,9072,0.000000,0,0,0,0,108,8,0,8,100,4672,272,0,0,0,0,108,0,0,0,0,284,9400
2829,W2,1,1,5,5,0,0,0,0,0,0,0,100,100,0,0,0,0,0,100,100,0,0.000000,0,9072,0.000000,0,0,0,0,108,8,0,8,100,4672,272,0,0,0,0,108,0,0,0,0,315,9400
2830,W2,1,1,5,5,0,0,0,0,0,0,0,100,100,0,0,0,0,0,100,100,0,0.000000,0,9072,0.000000,0,0,0,0,108,8,0,8,100,4672,272,0,0,0,0,108,0,0,0,0,376,9400
2831,W2,1,1,5,5,0,0,0,0,0,0,0,100,100,100,0,0,0,0,100,100,100,100.000000,1600,9072,17.636684,10,10,10,10,108,8,0,8,100,4672,272,0,0,0,0,108,0,0,0,0,297,9400
2832,W2,1,1,5,5,0,0,0,0,0,0,0,100,100,0,0,0,0,0,100,100,0,0.000000,0,9072,0.000000,0,0,0,0,108,8,0,8,100,4672,272,0,0,0,0,108,0,0,0,0,315,9400
2833,W2,1,1,5,5,0,0,0,0,0,0,0,100,100,0,0,0,0,0,100,100,0,0.000000,0,9072,0.000000,0,0,0,0,108,8,0,8,100,4672,272,0,0,0,0,108,0,0,0,0,322,9400
2834,W2,1,1,5,5,0,0,0,0,0,0,0,100,100,0,0,0,0,0,100,100,0,0.000000,0,9072,0.000000,0,0,0,0,108,8,0,8,100,4672,272,0,0,0,0,108,0,0,0,0,304,9400
2835,W2,1,1,5,5,0,0,0,0,0,0,0,100,100,0,0,0,0,0,100,100,0,0.000000,0,9072,0.000000,0,0,0,0,108,8,0,8,100,4672,272,0,0,0,0,108,0,0,0,0,297,9400
2836,W2,1,1,5,5,0,0,0,0,0,0,0,100,100,0,0,0,0,0,100,100,0,0.000000,0,9072,0.000000,0,0,0,0,108,8,0,8,100,4672,272,0,0,0,0,108,0,0,0,0,290,9400
2837,W2,1,1,5,5,0,0,0,0,0,0,0,100,100,0,0,0,0,0,100,100,0,0.000000,0,9072,0.000000,0,0,0,0,108,8,0,8,100,4672,272,0,0,0,0,108,0,0,0,0,303,9400
2838,W2,1,1,5,5,0,0,0,0,0,0,0,100,100,0,0,0,0,0,100,100,0,0.000000,0,9072,0.000000,0,0,0,0,108,8,0,8,100,4672,272,0,0,0,0,108,0,0,0,0,311,9400
2839,W2,1,1,5,5,0,0,0,0,0,0,0,100,100,0,0,0,0,0,100,100,0,0.000000,0,9072,0.000000,0,0,0,0,108,8,0,8,100,4672,272,0,0,0,0,108,0,0,0,0,374,9400
2840,W2,1,1,5,5,0,0,0,0,0,0,0,100,100,100,0,0,0,0,100,100,100,100.000000,1600,9072,17.636684,10,10,10,10,108,8,0,8,100,4672,272,0,0,0,0,108,0,0,0,0,291,9400
2841,W2,1,1,5,5,0,0,0,0,0,0,0,100,100,0,0,0,0,0,100,100,0,0.000000,0,9072,0.000000,0,0,0,0,108,8,0,8,100,4672,272,0,0,0,0,108,0,0,0,0,283,9400
2842,W2,1,1,5,5,0,0,0,0,0,0,0,100,100,0,0,0,0,0,100,100,0,0.000000,0,9072,0.000000,0,0,0,0,108,8,0,8,100,4672,272,0,0,0,0,108,0,0,0,0,312,9400
2843,W2,1,1,5,5,0,0,0,0,0,0,0,100,100,0,0,0,0,0,100,100,0,0.000000,0,9072,0.000000,0,0,0,0,108,8,0,8,100,4672,272,0,0,0,0,108,0,0,0,0,282,9400
2844,W2,1,1,5,5,0,0,0,0,0,0,0,100,100,0,0,0,0,0,100,100,0,0.000000,0,9072,0.000000,0,0,0,0,108,8,0,8,100,4672,272,0,0,0,0,108,0,0,0,0,291,9400
2845,W2,1,1,5,5,0,0,0,0,0,0,0,100,100,0,0,0,0,0,100,100,0,0.000000,0,9072,0.000000,0,0,0,0,108,8,0,8,100,4672,272,0,0,0,0,108,0,0,0,0,290,9400
2846,W2,1,1,5,5,0,0,0,0,0,0,0,100,100,0,0,0,0,0,100,100,0,0.000000,0,9072,0.000000,0,0,0,0,108,8,0,8,100,4672,272,0,0,0,0,108,0,0,0,0,289,9400
2847,W2,1,1,5,5,0,0,0,0,0,0,0,100,100,0,0,0,0,0,100,100,0,0.000000,0,9072,0.000000,0,0,0,0,108,8,0,8,100,4672,272,0,0,0,0,108,0,0,0,0,291,9400
2848,W2,1,1,5,5,0,0,0,0,0,0,0,100,100,0,0,0,0,0,100,100,0,0.000000,0,9072,0.000000,0,0,0,0,108,8,0,8,100,4672,272,0,0,0,0,108,0,0,0,0,313,9400
2849,W2,1,1,5,5,0,0,0,0,0,0,0,100,100,100,0,0,0,0,100,100,100,100.000000,1600,9072,17.636684,10,10,10,10,108,8,0,8,100,4672,272,0,0,0,0,108,0,0,0,0,341,9400
2850,W2,1,1,5,5,0,0,0,0,0,0,0,100,100,0,0,0,0,0,100,100,0,0.000000,0,9072,0.000000,0,0,0,0,108,8,0,8,100,4672,272,0,0,0,0,108,0,0,0,0,315,9400
2851,W2,1,1,5,5,0,0,0,0,0,0,0,100,100,0,0,0,0,0,100,100,0,0.000000,0,9072,0.000000,0,0,0,0,108,8,0,8,100,4672,272,0,0,0,0,108,0,0,0,0,311,9400
2852,W2,1,1,5,5,0,0,0,0,0,0,0,100,100,0,0,0,0,0,100,100,0,0.000000,0,9072,0.000000,0,0,0,0,108,8,0,8,100,4672,272,0,0,0,0,108,0,0,0,0,300,9400
2853,W2,1,1,5,5,0,0,0,0,0,0,0,100,100,0,0,0,0,0,100,100,0,0.000000,0,9072,0.000000,0,0,0,0,108,8,0,8,100,4672,272,0,0,0,0,108,0,0,0,0,318,9400
2854,W2,1,1,5,5,0,0,0,0,0,0,0,100,100,0,0,0,0,0,100,100,0,0.000000,0,9072,0.000000,0,0,0,0,108,8,0,8,100,4672,272,0,0,0,0,108,0,0,0,0,319,9400
2855,W2,1,1,5,5,0,0,0,0,0,0,0,100,100,0,0,0,0,0,100,100,0,0.000000,0,9072,0.000000,0,0,0,0,108,8,0,8,100,4672,272,0,0,0,0,108,0,0,0,0,312,9400
2856,W2,1,1,5,5,0,0,0,0,0,0,0,100,100,0,0,0,0,0,100,100,0,0.000000,0,9072,0.000000,0,0,0,0,108,8,0,8,100,4672,272,0,0,0,0,108,0,0,0,0,307,9400
2857,W2,1,1,5,5,0,0,0,0,0,0,0,100,100,0,0,0,0,0,100,100,0,0.000000,0,9072,0.000000,0,0,0,0,108,8,0,8,100,4672,272,0,0,0,0,108,0,0,0,0,334,9400
2858,W2,1,1,5,5,0,0,0,0,0,0,0,100,100,100,0,0,0,0,100,100,100,100.000000,1600,9072,17.636684,10,10,10,10,108,8,0,8,100,4672,272,0,0,0,0,108,0,0,0,0,346,9400
2859,W2,1,1,5,5,0,0,0,0,0,0,0,100,100,0,0,0,0,0,100,100,0,0.000000,0,9072,0.000000,0,0,0,0,108,8,0,8,100,4672,272,0,0,0,0,108,0,0,0,0,310,9400
2860,W2,1,1,5,5,0,0,0,0,0,0,0,100,100,0,0,0,0,0,100,100,0,0.000000,0,9072,0.000000,0,0,0,0,108,8,0,8,100,4672,272,0,0,0,0,108,0,0,0,0,326,9400
2861,W2,1,1,5,5,0,0,0,0,0,0,0,100,100,0,0,0,0,0,100,100,0,0.000000,0,9072,0.000000,0,0,0,0,108,8,0,8,100,4672,272,0,0,0,0,108,0,0,0,0,360,9400
2862,W2,1,1,5,5,0,0,0,0,0,0,0,100,100,0,0,0,0,0,100,100,0,0.000000,0,9072,0.000000,0,0,0,0,108,8,0,8,100,4672,272,0,0,0,0,108,0,0,0,0,311,9400
2863,W2,1,1,5,5,0,0,0,0,0,0,0,100,100,0,0,0,0,0,100,100,0,0.000000,0,9072,0.000000,0,0,0,0,108,8,0,8,100,4672,272,0,0,0,0,108,0,0,0,0,300,9400
2864,W2,1,1,5,5,0,0,0,0,0,0,0,100,100,0,0,0,0,0,100,100,0,0.000000,0,9072,0.000000,0,0,0,0,108,8,0,8,100,4672,272,0,0,0,0,108,0,0,0,0,328,9400
2865,W2,1,1,5,5,0,0,0,0,0,0,0,100,100,0,0,0,0,0,100,100,0,0.000000,0,9072,0.000000,0,0,0,0,108,8,0,8,100,4672,272,0,0,0,0,108,0,0,0,0,291,9400
2866,W2,1,1,5,5,0,0,0,0,0,0,0,100,100,0,0,0,0,0,100,100,0,0.000000,0,9072,0.000000,0,0,0,0,108,8,0,8,100,4672,272,0,0,0,0,108,0,0,0,0,295,9400
2867,W2,1,1,5,5,0,0,0,0,0,0,0,100,100,100,0,0,0,0,100,100,100,100.000000,1600,9072,17.636684,10,10,10,10,108,8,0,8,100,4672,272,0,0,0,0,108,0,0,0,0,301,9400
2868,W2,1,1,5,5,0,0,0,0,0,0,0,100,100,0,0,0,0,0,100,100,0,0.000000,0,9072,0.000000,0,0,0,0,108,8,0,8,100,4672,272,0,0,0,0,108,0,0,0,0,305,9400
2869,W2,1,1,5,5,0,0,0,0,0,0,0,100,100,0,0,0,0,0,100,100,0,0.000000,0,9072,0.000000,0,0,0,0,108,8,0,8,100,4672,272,0,0,0,0,108,0,0,0,0,326,9400
2870,W2,1,1,5,5,0,0,0,0,0,0,0,100,100,0,0,0,0,0,100,100,0,0.000000,0,9072,0.000000,0,0,0,0,108,8,0,8,100,4672,272,0,0,0,0,108,0,0,0,0,303,9400
2871,W2,1,1,5,5,0,0,0,0,0,0,0,100,100,0,0,0,0,0,100,100,0,0.000000,0,9072,0.000000,0,0,0,0,108,8,0,8,100,4672,272,0,0,0,0,108,0,0,0,0,292,9400
2872,W2,1,1,5,5,0,0,0,0,0,0,0,100,100,0,0,0,0,0,100,100,0,0.000000,0,9072,0.000000,0,0,0,0,108,8,0,8,100,4672,272,0,0,0,0,108,0,0,0,0,303,9400
2873,W2,1,1,5,5,0,0,0,0,0,0,0,100,100,0,0,0,0,0,100,100,0,0.000000,0,9072,0.000000,0,0,0,0,108,8,0,8,100,4672,272,0,0,0,0,108,0,0,0,0,301,9400
2874,W2,1,1,5,5,0,0,0,0,0,0,0,100,100,0,0,0,0,0,100,100,0,0.000000,0,9072,0.000000,0,0,0,0,108,8,0,8,100,4672,272,0,0,0,0,108,0,0,0,0,312,9400
2875,W2,1,1,5,5,0,0,0,0,0,0,0,100,100,0,0,0,0,0,100,100,0,0.000000,0,9072,0.000000,0,0,0,0,108,8,0,8,100,4672,272,0,0,0,0,108,0,0,0,0,287,9400
2876,W2,1,1,5,5,0,0,0,0,0,0,0,100,100,100,0,0,0,0,100,100,100,100.000000,1600,9072,17.636684,10,10,10,10,108,8,0,8,100,4672,272,0,0,0,0,108,0,0,0,0,296,9400
2877,W2,1,1,5,5,0,0,0,0,0,0,0,100,100,0,0,0,0,0,100,100,0,0.000000,0,9072,0.000000,0,0,0,0,108,8,0,8,100,4672,272,0,0,0,0,108,0,0,0,0,323,9400
2878,W2,1,1,5,5,0,0,0,0,0,0,0,100,100,0,0,0,0,0,100,100,0,0.000000,0,9072,0.000000,0,0,0,0,108,8,0,8,100,4672,272,0,0,0,0,108,0,0,0,0,289,9400
2879,W2,1,1,5,5,0,0,0,0,0,0,0,100,100,0,0,0,0,0,100,100,0,0.000000,0,9072,0.000000,0,0,0,0,108,8,0,8,100,4672,272,0,0,0,0,108,0,0,0,0,292,9400
2880,W2,1,1,5,5,0,0,0,0,0,0,0,100,100,0,0,0,0,0,100,100,0,0.000000,0,9072,0.000000,0,0,0,0,108,8,0,8,100,4672,272,0,0,0,0,108,0,0,0,0,332,9400
2881,W2,1,1,5,5,0,0,0,0,0,0,0,100,100,0,0,0,0,0,100,100,0,0.000000,0,9072,0.000000,0,0,0,0,108,8,0,8,100,4672,272,0,0,0,0,108,0,0,0,0,322,9400
2882,W2,1,1,5,5,0,0,0,0,0,0,0,100,100,0,0,0,0,0,100,100,0,0.000000,0,9072,0.000000,0,0,0,0,108,8,0,8,100,4672,272,0,0,0,0,108,0,0,0,0,319,9400
2883,W2,1,1,5,5,0,0,0,0,0,0,0,100,100,0,0,0,0,0,100,100,0,0.000000,0,9072,0.000000,0,0,0,0,108,8,0,8,100,4672,272,0,0,0,0,108,0,0,0,0,320,9400
2884,W2,1,1,5,5,0,0,0,0,0,0,0,100,100,0,0,0,0,0,100,100,0,0.000000,0,9072,0.000000,0,0,0,0,108,8,0,8,100,4672,272,0,0,0,0,108,0,0,0,0,360,9400
2885,W2,1,1,5,5,0,0,0,0,0,0,0,100,100,100,0,0,0,0,100,100,100,100.000000,1600,9072,17.636684,10,10,10,10,108,8,0,8,100,4672,272,0,0,0,0,108,0,0,0,0,295,9400
2886,W2,1,1,5,5,0,0,0,0,0,0,0,100,100,0,0,0,0,0,100,100,0,0.000000,0,9072,0.000000,0,0,0,0,108,8,0,8,100,4672,272,0,0,0,0,108,0,0,0,0,304,9400
2887,W2,1,1,5,5,0,0,0,0,0,0,0,100,100,0,0,0,0,0,100,100,0,0.000000,0,9072,0.000000,0,0,0,0,108,8,0,8,100,4672,272,0,0,0,0,108,0,0,0,0,363,9400
2888,W2,1,1,5,5,0,0,0,0,0,0,0,100,100,0,0,0,0,0,100,100,0,0.000000,0,9072,0.000000,0,0,0,0,108,8,0,8,100,4672,272,0,0,0,0,108,0,0,0,0,321,9400
2889,W2,1,1,5,5,0,0,0,0,0,0,0,100,100,0,0,0,0,0,100,100,0,0.000000,0,9072,0.000000,0,0,0,0,108,8,0,8,100,4672,272,0,0,0,0,108,0,0,0,0,299,9400
2890,W2,1,1,5,5,0,0,0,0,0,0,0,100,100,0,0,0,0,0,100,100,0,0.000000,0,9072,0.000000,0,0,0,0,108,8,0,8,100,4672,272,0,0,0,0,108,0,0,0,0,304,9400
2891,W2,1,1,5,5,0,0,0,0,0,0,0,100,100,0,0,0,0,0,100,100,0,0.000000,0,9072,0.000000,0,0,0,0,108,8,0,8,100,4672,272,0,0,0,0,108,0,0,0,0,294,9400
2892,W2,1,1,5,5,0,0,0,0,0,0,0,100,100,0,0,0,0,0,100,100,0,0.000000,0,9072,0.000000,0,0,0,0,108,8,0,8,100,4672,272,0,0,0,0,108,0,0,0,0,296,9400
2893,W2,1,1,5,5,0,0,0,0,0,0,0,100,100,0,0,0,0,0,100,100,0,0.000000,0,9072,0.000000,0,0,0,0,108,8,0,8,100,4672,272,0,0,0,0,108,0,0,0,0,311,9400
2894,W2,1,1,5,5,0,0,0,0,0,0,0,100,100,100,0,0,0,0,100,100,100,100.000000,1600,9072,17.636684,10,10,10,10,108,8,0,8,100,4672,272,0,0,0,0,108,0,0,0,0,318,9400
2895,W2,1,1,5,5,0,0,0,0,0,0,0,100,100,0,0,0,0,0,100,100,0,0.000000,0,9072,0.000000,0,0,0,0,108,8,0,8,100,4672,272,0,0,0,0,108,0,0,0,0,326,9400
2896,W2,1,1,5,5,0,0,0,0,0,0,0,100,100,0,0,0,0,0,100,100,0,0.000000,0,9072,0.000000,0,0,0,0,108,8,0,8,100,4672,272,0,0,0,0,108,0,0,0,0,303,9400
2897,W2,1,1,5,5,0,0,0,0,0,0,0,100,100,0,0,0,0,0,100,100,0,0.000000,0,9072,0.000000,0,0,0,0,108,8,0,8,100,4672,272,0,0,0,0,108,0,0,0,0,338,9400
2898,W2,1,1,5,5,0,0,0,0,0,0,0,100,100,0,0,0,0,0,100,100,0,0.000000,0,9072,0.000000,0,0,0,0,108,8,0,8,100,4672,272,0,0,0,0,108,0,0,0,0,332,9400
2899,W2,1,1,5,5,0,0,0,0,0,0,0,100,100,0,0,0,0,0,100,100,0,0.000000,0,9072,0.000000,0,0,0,0,108,8,0,8,100,4672,272,0,0,0,0,108,0,0,0,0,301,9400
2900,W2,1,1,5,5,0,0,0,0,0,0,0,100,100,0,0,0,0,0,100,100,0,0.000000,0,9072,0.000000,0,0,0,0,108,8,0,8,100,4672,272,0,0,0,0,108,0,0,0,0,294,9400
2901,W2,1,1,5,5,0,0,0,0,0,0,0,100,100,0,0,0,0,0,100,100,0,0.000000,0,9072,0.000000,0,0,0,0,108,8,0,8,100,4672,272,0,0,0,0,108,0,0,0,0,284,9400
2902,W2,1,1,5,5,0,0,0,0,0,0,0,100,100,0,0,0,0,0,100,100,0,0.000000,0,9072,0.000000,0,0,0,0,108,8,0,8,100,4672,272,0,0,0,0,108,0,0,0,0,335,9400
2903,W2,1,1,5,5,0,0,0,0,0,0,0,100,100,100,0,0,0,0,100,100,100,100.000000,1600,9072,17.636684,10,10,10,10,108,8,0,8,100,4672,272,0,0,0,0,108,0,0,0,0,296,9400
2904,W2,1,1,5,5,0,0,0,0,0,0,0,100,100,0,0,0,0,0,100,100,0,0.000000,0,9072,0.000000,0,0,0,0,108,8,0,8,100,4672,272,0,0,0,0,108,0,0,0,0,294,9400
2905,W2,1,1,5,5,0,0,0,0,0,0,0,100,100,0,0,0,0,0,100,100,0,0.000000,0,9072,0.000000,0,0,0,0,108,8,0,8,100,4672,272,0,0,0,0,108,0,0,0,0,309,9400
2906,W2,1,1,5,5,0,0,0,0,0,0,0,100,100,0,0,0,0,0,100,100,0,0.000000,0,9072,0.000000,0,0,0,0,108,8,0,8,100,4672,272,0,0,0,0,108,0,0,0,0,321,9400
2907,W2,1,1,5,5,0,0,0,0,0,0,0,100,100,0,0,0,0,0,100,100,0,0.000000,0,9072,0.000000,0,0,0,0,108,8,0,8,100,4672,272,0,0,0,0,108,0,0,0,0,294,9400
2908,W2,1,1,5,5,0,0,0,0,0,0,0,100,100,0,0,0,0,0,100,100,0,0.000000,0,9072,0.000000,0,0,0,0,108,8,0,8,100,4672,272,0,0,0,0,108,0,0,0,0,314,9400
2909,W2,1,1,5,5,0,0,0,0,0,0,0,100,100,0,0,0,0,0,100,100,0,0.000000,0,9072,0.000000,0,0,0,0,108,8,0,8,100,4672,272,0,0,0,0,108,0,0,0,0,303,9400
2910,W2,1,1,5,5,0,0,0,0,0,0,0,100,100,0,0,0,0,0,100,100,0,0.000000,0,9072,0.000000,0,0,0,0,108,8,0,8,100,4672,272,0,0,0,0,108,0,0,0,0,290,9400
2911,W2,1,1,5,5,0,0,0,0,0,0,0,100,100,0,0,0,0,0,100,100,0,0.000000,0,9072,0.000000,0,0,0,0,108,8,0,8,100,4672,272,0,0,0,0,108,0,0,0,0,323,9400
2912,W2,1,1,5,5,0,0,0,0,0,0,0,100,100,100,0,0,0,0,100,100,100,100.000000,1600,9072,17.636684,10,10,10,10,108,8,0,8,100,4672,272,0,0,0,0,108,0,0,0,0,317,9400
2913,W2,1,1,5,5,0,0,0,0,0,0,0,100,100,0,0,0,0,0,100,100,0,0.000000,0,9072,0.000000,0,0,0,0,108,8,0,8,100,4672,272,0,0,0,0,108,0,0,0,0,321,9400
2914,W2,1,1,5,5,0,0,0,0,0,0,0,100,100,0,0,0,0,0,100,100,0,0.000000,0,9072,0.000000,0,0,0,0,108,8,0,8,100,4672,272,0,0,0,0,108,0,0,0,0,325,9400
2915,W2,1,1,5,5,0,0,0,0,0,0,0,100,100,0,0,0,0,0,100,100,0,0.000000,0,9072,0.000000,0,0,0,0,108,8,0,8,100,4672,272,0,0,0,0,108,0,0,0,0,293,9400
2916,W2,1,1,5,5,0,0,0,0,0,0,0,100,100,0,0,0,0,0,100,100,0,0.000000,0,9072,0.000000,0,0,0,0,108,8,0,8,100,4672,272,0,0,0,0,108,0,0,0,0,309,9400
2917,W2,1,1,5,5,0,0,0,0,0,0,0,100,100,0,0,0,0,0,100,100,0,0.000000,0,9072,0.000000,0,0,0,0,108,8,0,8,100,4672,272,0,0,0,0,108,0,0,0,0,293,9400
2918,W2,1,1,5,5,0,0,0,0,0,0,0,100,100,0,0,0,0,0,100,100,0,0.000000,0,9072,0.000000,0,0,0,0,108,8,0,8,100,4672,272,0,0,0,0,108,0,0,0,0,319,9400
2919,W2,1,1,5,5,0,0,0,0,0,0,0,100,100,0,0,0,0,0,100,100,0,0.000000,0,9072,0.000000,0,0,0,0,108,8,0,8,100,4672,272,0,0,0,0,108,0,0,0,0,299,9400
2920,W2,1,1,5,5,0,0,0,0,0,0,0,100,100,0,0,0,0,0,100,100,0,0.000000,0,9072,0.000000,0,0,0,0,108,8,0,8,100,4672,272,0,0,0,0,108,0,0,0,0,317,9400
2921,W2,1,1,5,5,0,0,0,0,0,0,0,100,100,100,0,0,0,0,100,100,100,100.000000,1600,9072,17.636684,10,10,10,10,108,8,0,8,100,4672,272,0,0,0,0,108,0,0,0,0,288,9400
2922,W2,1,1,5,5,0,0,0,0,0,0,0,100,100,0,0,0,0,0,100,100,0,0.000000,0,9072,0.000000,0,0,0,0,108,8,0,8,100,4672,272,0,0,0,0,108,0,0,0,0,330,9400
2923,W2,1,1,5,5,0,0,0,0,0,0,0,100,100,0,0,0,0,0,100,100,0,0.000000,0,9072,0.000000,0,0,0,0,108,8,0,8,100,4672,272,0,0,0,0,108,0,0,0,0,366,9400
2924,W2,1,1,5,5,0,0,0,0,0,0,0,100,100,0,0,0,0,0,100,100,0,0.000000,0,9072,0.000000,0,0,0,0,108,8,0,8,100,4672,272,0,0,0,0,108,0,0,0,0,293,9400
2925,W2,1,1,5,5,0,0,0,0,0,0,0,100,100,0,0,0,0,0,100,100,0,0.000000,0,9072,0.000000,0,0,0,0,108,8,0,8,100,4672,272,0,0,0,0,108,0,0,0,0,288,9400
2926,W2,1,1,5,5,0,0,0,0,0,0,0,100,100,0,0,0,0,0,100,100,0,0.000000,0,9072,0.000000,0,0,0,0,108,8,0,8,100,4672,272,0,0,0,0,108,0,0,0,0,289,9400
2927,W2,1,1,5,5,0,0,0,0,0,0,0,100,100,0,0,0,0,0,100,100,0,0.000000,0,9072,0.000000,0,0,0,0,108,8,0,8,100,4672,272,0,0,0,0,108,0,0,0,0,292,9400
2928,W2,1,1,5,5,0,0,0,0,0,0,0,100,100,0,0,0,0,0,100,100,0,0.000000,0,9072,0.000000,0,0,0,0,108,8,0,8,100,4672,272,0,0,0,0,108,0,0,0,0,290,9400
2929,W2,1,1,5,5,0,0,0,0,0,0,0,100,100,0,0,0,0,0,100,100,0,0.000000,0,9072,0.000000,0,0,0,0,108,8,0,8,100,4672,272,0,0,0,0,108,0,0,0,0,333,9400
2930,W2,1,1,5,5,0,0,0,0,0,0,0,100,100,100,0,0,0,0,100,100,100,100.000000,1600,9072,17.636684,10,10,10,10,108,8,0,8,100,4672,272,0,0,0,0,108,0,0,0,0,308,9400
2931,W2,1,1,5,5,0,0,0,0,0,0,0,100,100,0,0,0,0,0,100,100,0,0.000000,0,9072,0.000000,0,0,0,0,108,8,0,8,100,4672,272,0,0,0,0,108,0,0,0,0,316,9400
2932,W2,1,1,5,5,0,0,0,0,0,0,0,100,100,0,0,0,0,0,100,100,0,0.000000,0,9072,0.000000,0,0,0,0,108,8,0,8,100,4672,272,0,0,0,0,108,0,0,0,0,319,9400
2933,W2,1,1,5,5,0,0,0,0,0,0,0,100,100,0,0,0,0,0,100,100,0,0.000000,0,9072,0.000000,0,0,0,0,108,8,0,8,100,4672,272,0,0,0,0,108,0,0,0,0,332,9400
2934,W2,1,1,5,5,0,0,0,0,0,0,0,100,100,0,0,0,0,0,100,100,0,0.000000,0,9072,0.000000,0,0,0,0,108,8,0,8,100,4672,272,0,0,0,0,108,0,0,0,0,293,9400
2935,W2,1,1,5,5,0,0,0,0,0,0,0,100,100,0,0,0,0,0,100,100,0,0.000000,0,9072,0.000000,0,0,0,0,108,8,0,8,100,4672,272,0,0,0,0,108,0,0,0,0,289,9400
2936,W2,1,1,5,5,0,0,0,0,0,0,0,100,100,0,0,0,0,0,100,100,0,0.000000,0,9072,0.000000,0,0,0,0,108,8,0,8,100,4672,272,0,0,0,0,108,0,0,0,0,321,9400
2937,W2,1,1,5,5,0,0,0,0,0,0,0,100,100,0,0,0,0,0,100,100,0,0.000000,0,9072,0.000000,0,0,0,0,108,8,0,8,100,4672,272,0,0,0,0,108,0,0,0,0,320,9400
2938,W2,1,1,5,5,0,0,0,0,0,0,0,100,100,0,0,0,0,0,100,100,0,0.000000,0,9072,0.000000,0,0,0,0,108,8,0,8,100,4672,272,0,0,0,0,108,0,0,0,0,316,9400
2939,W2,1,1,5,5,0,0,0,0,0,0,0,100,100,100,0,0,0,0,100,100,100,100.000000,1600,9072,17.636684,10,10,10,10,108,8,0,8,100,4672,272,0,0,0,0,108,0,0,0,0,341,9400
2940,W2,1,1,5,5,0,0,0,0,0,0,0,100,100,0,0,0,0,0,100,100,0,0.000000,0,9072,0.000000,0,0,0,0,108,8,0,8,100,4672,272,0,0,0,0,108,0,0,0,0,310,9400
2941,W2,1,1,5,5,0,0,0,0,0,0,0,100,100,0,0,0,0,0,100,100,0,0.000000,0,9072,0.000000,0,0,0,0,108,8,0,8,100,4672,272,0,0,0,0,108,0,0,0,0,314,9400
2942,W2,1,1,5,5,0,0,0,0,0,0,0,100,100,0,0,0,0,0,100,100,0,0.000000,0,9072,0.000000,0,0,0,0,108,8,0,8,100,4672,272,0,0,0,0,108,0,0,0,0,302,9400
2943,W2,1,1,5,5,0,0,0,0,0,0,0,100,100,0,0,0,0,0,100,100,0,0.000000,0,9072,0.000000,0,0,0,0,108,8,0,8,100,4672,272,0,0,0,0,108,0,0,0,0,344,9400
2944,W2,1,1,5,5,0,0,0,0,0,0,0,100,100,0,0,0,0,0,100,100,0,0.000000,0,9072,0.000000,0,0,0,0,108,8,0,8,100,4672,272,0,0,0,0,108,0,0,0,0,328,9400
2945,W2,1,1,5,5,0,0,0,0,0,0,0,100,100,0,0,0,0,0,100,100,0,0.000000,0,9072,0.000000,0,0,0,0,108,8,0,8,100,4672,272,0,0,0,0,108,0,0,0,0,317,9400
2946,W2,1,1,5,5,0,0,0,0,0,0,0,100,100,0,0,0,0,0,100,100,0,0.000000,0,9072,0.000000,0,0,0,0,108,8,0,8,100,4672,272,0,0,0,0,108,0,0,0,0,359,9400
2947,W2,1,1,5,5,0,0,0,0,0,0,0,100,100,0,0,0,0,0,100,100,0,0.000000,0,9072,0.000000,0,0,0,0,108,8,0,8,100,4672,272,0,0,0,0,108,0,0,0,0,299,9400
2948,W2,1,1,5,5,0,0,0,0,0,0,0,100,100,100,0,0,0,0,100,100,100,100.000000,1600,9072,17.636684,10,10,10,10,108,8,0,8,100,4672,272,0,0,0,0,108,0,0,0,0,302,9400
2949,W2,1,1,5,5,0,0,0,0,0,0,0,100,100,0,0,0,0,0,100,100,0,0.000000,0,9072,0.000000,0,0,0,0,108,8,0,8,100,4672,272,0,0,0,0,108,0,0,0,0,291,9400
2950,W2,1,1,5,5,0,0,0,0,0,0,0,100,100,0,0,0,0,0,100,100,0,0.000000,0,9072,0.000000,0,0,0,0,108,8,0,8,100,4672,272,0,0,0,0,108,0,0,0,0,298,9400
2951,W2,1,1,5,5,0,0,0,0,0,0,0,100,100,0,0,0,0,0,100,100,0,0.000000,0,9072,0.000000,0,0,0,0,108,8,0,8,100,4672,272,0,0,0,0,108,0,0,0,0,327,9400
2952,W2,1,1,5,5,0,0,0,0,0,0,0,100,100,0,0,0,0,0,100,100,0,0.000000,0,9072,0.000000,0,0,0,0,108,8,0,8,100,4672,272,0,0,0,0,108,0,0,0,0,306,9400
2953,W2,1,1,5,5,0,0,0,0,0,0,0,100,100,0,0,0,0,0,100,100,0,0.000000,0,9072,0.000000,0,0,0,0,108,8,0,8,100,4672,272,0,0,0,0,108,0,0,0,0,292,9400
2954,W2,1,1,5,5,0,0,0,0,0,0,0,100,100,0,0,0,0,0,100,100,0,0.000000,0,9072,0.000000,0,0,0,0,108,8,0,8,100,4672,272,0,0,0,0,108,0,0,0,0,301,9400
2955,W2,1,1,5,5,0,0,0,0,0,0,0,100,100,0,0,0,0,0,100,100,0,0.000000,0,9072,0.000000,0,0,0,0,108,8,0,8,100,4672,272,0,0,0,0,108,0,0,0,0,341,9400
2956,W2,1,1,5,5,0,0,0,0,0,0,0,100,100,0,0,0,0,0,100,100,0,0.000000,0,9072,0.000000,0,0,0,0,108,8,0,8,100,4672,272,0,0,0,0,108,0,0,0,0,323,9400
2957,W2,1,1,5,5,0,0,0,0,0,0,0,100,100,100,0,0,0,0,100,100,100,100.000000,1600,9072,17.636684,10,10,10,10,108,8,0,8,100,4672,272,0,0,0,0,108,0,0,0,0,294,9400
2958,W2,1,1,5,5,0,0,0,0,0,0,0,100,100,0,0,0,0,0,100,100,0,0.000000,0,9072,0.000000,0,0,0,0,108,8,0,8,100,4672,272,0,0,0,0,108,0,0,0,0,309,9400
2959,W2,1,1,5,5,0,0,0,0,0,0,0,100,100,0,0,0,0,0,100,100,0,0.000000,0,9072,0.000000,0,0,0,0,108,8,0,8,100,4672,272,0,0,0,0,108,0,0,0,0,294,9400
2960,W2,1,1,5,5,0,0,0,0,0,0,0,100,100,0,0,0,0,0,100,100,0,0.000000,0,9072,0.000000,0,0,0,0,108,8,0,8,100,4672,272,0,0,0,0,108,0,0,0,0,325,9400
2961,W2,1,1,5,5,0,0,0,0,0,0,0,100,100,0,0,0,0,0,100,100,0,0.000000,0,9072,0.000000,0,0,0,0,108,8,0,8,100,4672,272,0,0,0,0,108,0,0,0,0,297,9400
2962,W2,1,1,5,5,0,0,0,0,0,0,0,100,100,0,0,0,0,0,100,100,0,0.000000,0,9072,0.000000,0,0,0,0,108,8,0,8,100,4672,272,0,0,0,0,108,0,0,0,0,292,9400
2963,W2,1,1,5,5,0,0,0,0,0,0,0,100,100,0,0,0,0,0,100,100,0,0.000000,0,9072,0.000000,0,0,0,0,108,8,0,8,100,4672,272,0,0,0,0,108,0,0,0,0,316,9400
2964,W2,1,1,5,5,0,0,0,0,0,0,0,100,100,0,0,0,0,0,100,100,0,0.000000,0,9072,0.000000,0,0,0,0,108,8,0,8,100,4672,272,0,0,0,0,108,0,0,0,0,300,9400
2965,W2,1,1,5,5,0,0,0,0,0,0,0,100,100,0,0,0,0,0,100,100,0,0.000000,0,9072,0.000000,0,0,0,0,108,8,0,8,100,4672,272,0,0,0,0,108,0,0,0,0,293,9400
2966,W2,1,1,5,5,0,0,0,0,0,0,0,100,100,100,0,0,0,0,100,100,100,100.000000,1600,9072,17.636684,10,10,10,10,108,8,0,8,100,4672,272,0,0,0,0,108,0,0,0,0,305,9400
2967,W2,1,1,5,5,0,0,0,0,0,0,0,100,100,0,0,0,0,0,100,100,0,0.000000,0,9072,0.000000,0,0,0,0,108,8,0,8,100,4672,272,0,0,0,0,108,0,0,0,0,290,9400
2968,W2,1,1,5,5,0,0,0,0,0,0,0,100,100,0,0,0,0,0,100,100,0,0.000000,0,9072,0.000000,0,0,0,0,108,8,0,8,100,4672,272,0,0,0,0,108,0,0,0,0,330,9400
2969,W2,1,1,5,5,0,0,0,0,0,0,0,100,100,0,0,0,0,0,100,100,0,0.000000,0,9072,0.000000,0,0,0,0,108,8,0,8,100,4672,272,0,0,0,0,108,0,0,0,0,292,9400
2970,W2,1,1,5,5,0,0,0,0,0,0,0,100,100,0,0,0,0,0,100,100,0,0.000000,0,9072,0.000000,0,0,0,0,108,8,0,8,100,4672,272,0,0,0,0,108,0,0,0,0,327,9400
2971,W2,1,1,5,5,0,0,0,0,0,0,0,100,100,0,0,0,0,0,100,100,0,0.000000,0,9072,0.000000,0,0,0,0,108,8,0,8,100,4672,272,0,0,0,0,108,0,0,0,0,296,9400
2972,W2,1,1,5,5,0,0,0,0,0,0,0,100,100,0,0,0,0,0,100,100,0,0.000000,0,9072,0.000000,0,0,0,0,108,8,0,8,100,4672,272,0,0,0,0,108,0,0,0,0,313,9400
2973,W2,1,1,5,5,0,0,0,0,0,0,0,100,100,0,0,0,0,0,100,100,0,0.000000,0,9072,0.000000,0,0,0,0,108,8,0,8,100,4672,272,0,0,0,0,108,0,0,0,0,284,9400
2974,W2,1,1,5,5,0,0,0,0,0,0,0,100,100,0,0,0,0,0,100,100,0,0.000000,0,9072,0.000000,0,0,0,0,108,8,0,8,100,4672,272,0,0,0,0,108,0,0,0,0,284,9400
2975,W2,1,1,5,5,0,0,0,0,0,0,0,100,100,100,0,0,0,0,100,100,100,100.000000,1600,9072,17.636684,10,10,10,10,108,8,0,8,100,4672,272,0,0,0,0,108,0,0,0,0,359,9400
2976,W2,1,1,5,5,0,0,0,0,0,0,0,100,100,0,0,0,0,0,100,100,0,0.000000,0,9072,0.000000,0,0,0,0,108,8,0,8,100,4672,272,0,0,0,0,108,0,0,0,0,380,9400
2977,W2,1,1,5,5,0,0,0,0,0,0,0,100,100,0,0,0,0,0,100,100,0,0.000000,0,9072,0.000000,0,0,0,0,108,8,0,8,100,4672,272,0,0,0,0,108,0,0,0,0,285,9400
2978,W2,1,1,5,5,0,0,0,0,0,0,0,100,100,0,0,0,0,0,100,100,0,0.000000,0,9072,0.000000,0,0,0,0,108,8,0,8,100,4672,272,0,0,0,0,108,0,0,0,0,307,9400
2979,W2,1,1,5,5,0,0,0,0,0,0,0,100,100,0,0,0,0,0,100,100,0,0.000000,0,9072,0.000000,0,0,0,0,108,8,0,8,100,4672,272,0,0,0,0,108,0,0,0,0,316,9400
2980,W2,1,1,5,5,0,0,0,0,0,0,0,100,100,0,0,0,0,0,100,100,0,0.000000,0,9072,0.000000,0,0,0,0,108,8,0,8,100,4672,272,0,0,0,0,108,0,0,0,0,295,9400
2981,W2,1,1,5,5,0,0,0,0,0,0,0,100,100,0,0,0,0,0,100,100,0,0.000000,0,9072,0.000000,0,0,0,0,108,8,0,8,100,4672,272,0,0,0,0,108,0,0,0,0,298,9400
2982,W2,1,1,5,5,0,0,0,0,0,0,0,100,100,0,0,0,0,0,100,100,0,0.000000,0,9072,0.000000,0,0,0,0,108,8,0,8,100,4672,272,0,0,0,0,108,0,0,0,0,347,9400
2983,W2,1,1,5,5,0,0,0,0,0,0,0,100,100,0,0,0,0,0,100,100,0,0.000000,0,9072,0.000000,0,0,0,0,108,8,0,8,100,4672,272,0,0,0,0,108,0,0,0,0,344,9400
2984,W2,1,1,5,5,0,0,0,0,0,0,0,100,100,100,0,0,0,0,100,100,100,100.000000,1600,9072,17.636684,10,10,10,10,108,8,0,8,100,4672,272,0,0,0,0,108,0,0,0,0,346,9400
2985,W2,1,1,5,5,0,0,0,0,0,0,0,100,100,0,0,0,0,0,100,100,0,0.000000,0,9072,0.000000,0,0,0,0,108,8,0,8,100,4672,272,0,0,0,0,108,0,0,0,0,297,9400
2986,W2,1,1,5,5,0,0,0,0,0,0,0,100,100,0,0,0,0,0,100,100,0,0.000000,0,9072,0.000000,0,0,0,0,108,8,0,8,100,4672,272,0,0,0,0,108,0,0,0,0,343,9400
2987,W2,1,1,5,5,0,0,0,0,0,0,0,100,100,0,0,0,0,0,100,100,0,0.000000,0,9072,0.000000,0,0,0,0,108,8,0,8,100,4672,272,0,0,0,0,108,0,0,0,0,318,9400
2988,W2,1,1,5,5,0,0,0,0,0,0,0,100,100,0,0,0,0,0,100,100,0,0.000000,0,9072,0.000000,0,0,0,0,108,8,0,8,100,4672,272,0,0,0,0,108,0,0,0,0,293,9400
2989,W2,1,1,5,5,0,0,0,0,0,0,0,100,100,0,0,0,0,0,100,100,0,0.000000,0,9072,0.000000,0,0,0,0,108,8,0,8,100,4672,272,0,0,0,0,108,0,0,0,0,324,9400
2990,W2,1,1,5,5,0,0,0,0,0,0,0,100,100,0,0,0,0,0,100,100,0,0.000000,0,9072,0.000000,0,0,0,0,108,8,0,8,100,4672,272,0,0,0,0,108,0,0,0,0,306,9400
2991,W2,1,1,5,5,0,0,0,0,0,0,0,100,100,0,0,0,0,0,100,100,0,0.000000,0,9072,0.000000,0,0,0,0,108,8,0,8,100,4672,272,0,0,0,0,108,0,0,0,0,306,9400
2992,W2,1,1,5,5,0,0,0,0,0,0,0,100,100,0,0,0,0,0,100,100,0,0.000000,0,9072,0.000000,0,0,0,0,108,8,0,8,100,4672,272,0,0,0,0,108,0,0,0,0,289,9400
2993,W2,1,1,5,5,0,0,0,0,0,0,0,100,100,100,0,0,0,0,100,100,100,100.000000,1600,9072,17.636684,10,10,10,10,108,8,0,8,100,4672,272,0,0,0,0,108,0,0,0,0,313,9400
2994,W2,1,1,5,5,0,0,0,0,0,0,0,100,100,0,0,0,0,0,100,100,0,0.000000,0,9072,0.000000,0,0,0,0,108,8,0,8,100,4672,272,0,0,0,0,108,0,0,0,0,315,9400
2995,W2,1,1,5,5,0,0,0,0,0,0,0,100,100,0,0,0,0,0,100,100,0,0.000000,0,9072,0.000000,0,0,0,0,108,8,0,8,100,4672,272,0,0,0,0,108,0,0,0,0,294,9400
2996,W2,1,1,5,5,0,0,0,0,0,0,0,100,100,0,0,0,0,0,100,100,0,0.000000,0,9072,0.000000,0,0,0,0,108,8,0,8,100,4672,272,0,0,0,0,108,0,0,0,0,311,9400
2997,W2,1,1,5,5,0,0,0,0,0,0,0,100,100,0,0,0,0,0,100,100,0,0.000000,0,9072,0.000000,0,0,0,0,108,8,0,8,100,4672,272,0,0,0,0,108,0,0,0,0,347,9400
2998,W2,1,1,5,5,0,0,0,0,0,0,0,100,100,0,0,0,0,0,100,100,0,0.000000,0,9072,0.000000,0,0,0,0,108,8,0,8,100,4672,272,0,0,0,0,108,0,0,0,0,323,9400
2999,W2,1,1,5,5,0,0,0,0,0,0,0,100,100,0,0,0,0,0,100,100,0,0.000000,0,9072,0.000000,0,0,0,0,108,8,0,8,100,4672,272,0,0,0,0,108,0,0,0,0,324,9400
3000,W2,1,1,5,5,0,0,0,0,0,0,0,100,100,0,0,0,0,0,100,100,0,0.000000,0,9072,0.000000,0,0,0,0,108,8,0,8,100,4672,272,0,0,0,0,108,0,0,0,0,310,9400
3001,W2,1,1,5,5,0,0,0,0,0,0,0,100,100,0,0,0,0,0,100,100,0,0.000000,0,9072,0.000000,0,0,0,0,108,8,0,8,100,4672,272,0,0,0,0,108,0,0,0,0,304,9400
3002,W2,1,1,5,5,0,0,0,0,0,0,0,100,100,100,0,0,0,0,100,100,100,100.000000,1600,9072,17.636684,10,10,10,10,108,8,0,8,100,4672,272,0,0,0,0,108,0,0,0,0,299,9400
3003,W2,1,1,5,5,0,0,0,0,0,0,0,100,100,0,0,0,0,0,100,100,0,0.000000,0,9072,0.000000,0,0,0,0,108,8,0,8,100,4672,272,0,0,0,0,108,0,0,0,0,335,9400
3004,W2,1,1,5,5,0,0,0,0,0,0,0,100,100,0,0,0,0,0,100,100,0,0.000000,0,9072,0.000000,0,0,0,0,108,8,0,8,100,4672,272,0,0,0,0,108,0,0,0,0,302,9400
3005,W2,1,1,5,5,0,0,0,0,0,0,0,100,100,0,0,0,0,0,100,100,0,0.000000,0,9072,0.000000,0,0,0,0,108,8,0,8,100,4672,272,0,0,0,0,108,0,0,0,0,353,9400
3006,W2,1,1,5,5,0,0,0,0,0,0,0,100,100,0,0,0,0,0,100,100,0,0.000000,0,9072,0.000000,0,0,0,0,108,8,0,8,100,4672,272,0,0,0,0,108,0,0,0,0,324,9400
3007,W2,1,1,5,5,0,0,0,0,0,0,0,100,100,0,0,0,0,0,100,100,0,0.000000,0,9072,0.000000,0,0,0,0,108,8,0,8,100,4672,272,0,0,0,0,108,0,0,0,0,292,9400
3008,W2,1,1,5,5,0,0,0,0,0,0,0,100,100,0,0,0,0,0,100,100,0,0.000000,0,9072,0.000000,0,0,0,0,108,8,0,8,100,4672,272,0,0,0,0,108,0,0,0,0,301,9400
3009,W2,1,1,5,5,0,0,0,0,0,0,0,100,100,0,0,0,0,0,100,100,0,0.000000,0,9072,0.000000,0,0,0,0,108,8,0,8,100,4672,272,0,0,0,0,108,0,0,0,0,283,9400
3010,W2,1,1,5,5,0,0,0,0,0,0,0,100,100,0,0,0,0,0,100,100,0,0.000000,0,9072,0.000000,0,0,0,0,108,8,0,8,100,4672,272,0,0,0,0,108,0,0,0,0,286,9400
3011,W2,1,1,5,5,0,0,0,0,0,0,0,100,100,100,0,0,0,0,100,100,100,100.000000,1600,9072,17.636684,10,10,10,10,108,8,0,8,100,4672,272,0,0,0,0,108,0,0,0,0,316,9400
3012,W2,1,1,5,5,0,0,0,0,0,0,0,100,100,0,0,0,0,0,100,100,0,0.000000,0,9072,0.000000,0,0,0,0,108,8,0,8,100,4672,272,0,0,0,0,108,0,0,0,0,302,9400
3013,W2,1,1,5,5,0,0,0,0,0,0,0,100,100,0,0,0,0,0,100,100,0,0.000000,0,9072,0.000000,0,0,0,0,108,8,0,8,100,4672,272,0,0,0,0,108,0,0,0,0,288,9400
3014,W2,1,1,5,5,0,0,0,0,0,0,0,100,100,0,0,0,0,0,100,100,0,0.000000,0,9072,0.000000,0,0,0,0,108,8,0,8,100,4672,272,0,0,0,0,108,0,0,0,0,303,9400
3015,W2,1,1,5,5,0,0,0,0,0,0,0,100,100,0,0,0,0,0,100,100,0,0.000000,0,9072,0.000000,0,0,0,0,108,8,0,8,100,4672,272,0,0,0,0,108,0,0,0,0,317,9400
3016,W2,1,1,5,5,0,0,0,0,0,0,0,100,100,0,0,0,0,0,100,100,0,0.000000,0,9072,0.000000,0,0,0,0,108,8,0,8,100,4672,272,0,0,0,0,108,0,0,0,0,339,9400
3017,W2,1,1,5,5,0,0,0,0,0,0,0,100,100,0,0,0,0,0,100,100,0,0.000000,0,9072,0.000000,0,0,0,0,108,8,0,8,100,4672,272,0,0,0,0,108,0,0,0,0,298,9400
3018,W2,1,1,5,5,0,0,0,0,0,0,0,100,100,0,0,0,0,0,100,100,0,0.000000,0,9072,0.000000,0,0,0,0,108,8,0,8,100,4672,272,0,0,0,0,108,0,0,0,0,339,9400
3019,W2,1,1,5,5,0,0,0,0,0,0,0,100,100,0,0,0,0,0,100,100,0,0.000000,0,9072,0.000000,0,0,0,0,108,8,0,8,100,4672,272,0,0,0,0,108,0,0,0,0,344,9400
3020,W2,1,1,5,5,0,0,0,0,0,0,0,100,100,100,0,0,0,0,100,100,100,100.000000,1600,9072,17.636684,10,10,10,10,108,8,0,8,100,4672,272,0,0,0,0,108,0,0,0,0,298,9400
3021,W2,1,1,5,5,0,0,0,0,0,0,0,100,100,0,0,0,0,0,100,100,0,0.000000,0,9072,0.000000,0,0,0,0,108,8,0,8,100,4672,272,0,0,0,0,108,0,0,0,0,303,9400
3022,W2,1,1,5,5,0,0,0,0,0,0,0,100,100,0,0,0,0,0,100,100,0,0.000000,0,9072,0.000000,0,0,0,0,108,8,0,8,100,4672,272,0,0,0,0,108,0,0,0,0,305,9400
3023,W2,1,1,5,5,0,0,0,0,0,0,0,100,100,0,0,0,0,0,100,100,0,0.000000,0,9072,0.000000,0,0,0,0,108,8,0,8,100,4672,272,0,0,0,0,108,0,0,0,0,290,9400
3024,W2,1,1,5,5,0,0,0,0,0,0,0,100,100,0,0,0,0,0,100,100,0,0.000000,0,9072,0.000000,0,0,0,0,108,8,0,8,100,4672,272,0,0,0,0,108,0,0,0,0,293,9400
3025,W2,1,1,5,5,0,0,0,0,0,0,0,100,100,0,0,0,0,0,100,100,0,0.000000,0,9072,0.000000,0,0,0,0,108,8,0,8,100,4672,272,0,0,0,0,108,0,0,0,0,298,9400
3026,W2,1,1,5,5,0,0,0,0,0,0,0,100,100,0,0,0,0,0,100,100,0,0.000000,0,9072,0.000000,0,0,0,0,108,8,0,8,100,4672,272,0,0,0,0,108,0,0,0,0,290,9400
3027,W2,1,1,5,5,0,0,0,0,0,0,0,100,100,0,0,0,0,0,100,100,0,0.000000,0,9072,0.000000,0,0,0,0,108,8,0,8,100,4672,272,0,0,0,0,108,0,0,0,0,297,9400
3028,W2,1,1,5,5,0,0,0,0,0,0,0,100,100,0,0,0,0,0,100,100,0,0.000000,0,9072,0.000000,0,0,0,0,108,8,0,8,100,4672,272,0,0,0,0,108,0,0,0,0,288,9400
3029,W2,1,1,5,5,0,0,0,0,0,0,0,100,100,100,0,0,0,0,100,100,100,100.000000,1600,9072,17.636684,10,10,10,10,108,8,0,8,100,4672,272,0,0,0,0,108,0,0,0,0,307,9400
3030,W2,1,1,5,5,0,0,0,0,0,0,0,100,100,0,0,0,0,0,100,100,0,0.000000,0,9072,0.000000,0,0,0,0,108,8,0,8,100,4672,272,0,0,0,0,108,0,0,0,0,314,9400
3031,W2,1,1,5,5,0,0,0,0,0,0,0,100,100,0,0,0,0,0,100,100,0,0.000000,0,9072,0.000000,0,0,0,0,108,8,0,8,100,4672,272,0,0,0,0,108,0,0,0,0,318,9400
3032,W2,1,1,5,5,0,0,0,0,0,0,0,100,100,0,0,0,0,0,100,100,0,0.000000,0,9072,0.000000,0,0,0,0,108,8,0,8,100,4672,272,0,0,0,0,108,0,0,0,0,292,9400
3033,W2,1,1,5,5,0,0,0,0,0,0,0,100,100,0,0,0,0,0,100,100,0,0.000000,0,9072,0.000000,0,0,0,0,108,8,0,8,100,4672,272,0,0,0,0,108,0,0,0,0,313,9400
3034,W2,1,1,5,5,0,0,0,0,0,0,0,100,100,0,0,0,0,0,100,100,0,0.000000,0,9072,0.000000,0,0,0,0,108,8,0,8,100,4672,272,0,0,0,0,108,0,0,0,0,289,9400
3035,W2,1,1,5,5,0,0,0,0,0,0,0,100,100,0,0,0,0,0,100,100,0,0.000000,0,9072,0.000000,0,0,0,0,108,8,0,8,100,4672,272,0,0,0,0,108,0,0,0,0,294,9400
3036,W2,1,1,5,5,0,0,0,0,0,0,0,100,100,0,0,0,0,0,100,100,0,0.000000,0,9072,0.000000,0,0,0,0,108,8,0,8,100,4672,272,0,0,0,0,108,0,0,0,0,288,9400
3037,W2,1,1,5,5,0,0,0,0,0,0,0,100,100,0,0,0,0,0,100,100,0,0.000000,0,9072,0.000000,0,0,0,0,108,8,0,8,100,4672,272,0,0,0,0,108,0,0,0,0,324,9400
3038,W2,1,1,5,5,0,0,0,0,0,0,0,100,100,100,0,0,0,0,100,100,100,100.000000,1600,9072,17.636684,10,10,10,10,108,8,0,8,100,4672,272,0,0,0,0,108,0,0,0,0,336,9400
3039,W2,1,1,5,5,0,0,0,0,0,0,0,100,100,0,0,0,0,0,100,100,0,0.000000,0,9072,0.000000,0,0,0,0,108,8,0,8,100,4672,272,0,0,0,0,108,0,0,0,0,304,9400
3040,W2,1,1,5,5,0,0,0,0,0,0,0,100,100,0,0,0,0,0,100,100,0,0.000000,0,9072,0.000000,0,0,0,0,108,8,0,8,100,4672,272,0,0,0,0,108,0,0,0,0,298,9400
3041,W2,1,1,5,5,0,0,0,0,0,0,0,100,100,0,0,0,0,0,100,100,0,0.000000,0,9072,0.000000,0,0,0,0,108,8,0,8,100,4672,272,0,0,0,0,108,0,0,0,0,292,9400
3042,W2,1,1,5,5,0,0,0,0,0,0,0,100,100,0,0,0,0,0,100,100,0,0.000000,0,9072,0.000000,0,0,0,0,108,8,0,8,100,4672,272,0,0,0,0,108,0,0,0,0,312,9400
3043,W2,1,1,5,5,0,0,0,0,0,0,0,100,100,0,0,0,0,0,100,100,0,0.000000,0,9072,0.000000,0,0,0,0,108,8,0,8,100,4672,272,0,0,0,0,108,0,0,0,0,300,9400
3044,W2,1,1,5,5,0,0,0,0,0,0,0,100,100,0,0,0,0,0,100,100,0,0.000000,0,9072,0.000000,0,0,0,0,108,8,0,8,100,4672,272,0,0,0,0,108,0,0,0,0,292,9400
3045,W2,1,1,5,5,0,0,0,0,0,0,0,100,100,0,0,0,0,0,100,100,0,0.000000,0,9072,0.000000,0,0,0,0,108,8,0,8,100,4672,272,0,0,0,0,108,0,0,0,0,284,9400
3046,W2,1,1,5,5,0,0,0,0,0,0,0,100,100,0,0,0,0,0,100,100,0,0.000000,0,9072,0.000000,0,0,0,0,108,8,0,8,100,4672,272,0,0,0,0,108,0,0,0,0,302,9400
3047,W2,1,1,5,5,0,0,0,0,0,0,0,100,100,100,0,0,0,0,100,100,100,100.000000,1600,9072,17.636684,10,10,10,10,108,8,0,8,100,4672,272,0,0,0,0,108,0,0,0,0,294,9400
3048,W2,1,1,5,5,0,0,0,0,0,0,0,100,100,0,0,0,0,0,100,100,0,0.000000,0,9072,0.000000,0,0,0,0,108,8,0,8,100,4672,272,0,0,0,0,108,0,0,0,0,286,9400
3049,W2,1,1,5,5,0,0,0,0,0,0,0,100,100,0,0,0,0,0,100,100,0,0.000000,0,9072,0.000000,0,0,0,0,108,8,0,8,100,4672,272,0,0,0,0,108,0,0,0,0,289,9400
3050,W2,1,1,5,5,0,0,0,0,0,0,0,100,100,0,0,0,0,0,100,100,0,0.000000,0,9072,0.000000,0,0,0,0,108,8,0,8,100,4672,272,0,0,0,0,108,0,0,0,0,291,9400
3051,W2,1,1,5,5,0,0,0,0,0,0,0,100,100,0,0,0,0,0,100,100,0,0.000000,0,9072,0.000000,0,0,0,0,108,8,0,8,100,4672,272,0,0,0,0,108,0,0,0,0,355,9400
3052,W2,1,1,5,5,0,0,0,0,0,0,0,100,100,0,0,0,0,0,100,100,0,0.000000,0,9072,0.000000,0,0,0,0,108,8,0,8,100,4672,272,0,0,0,0,108,0,0,0,0,336,9400
3053,W2,1,1,5,5,0,0,0,0,0,0,0,100,100,0,0,0,0,0,100,100,0,0.000000,0,9072,0.000000,0,0,0,0,108,8,0,8,100,4672,272,0,0,0,0,108,0,0,0,0,304,9400
3054,W2,1,1,5,5,0,0,0,0,0,0,0,100,100,0,0,0,0,0,100,100,0,0.000000,0,9072,0.000000,0,0,0,0,108,8,0,8,100,4672,272,0,0,0,0,108,0,0,0,0,330,9400
3055,W2,1,1,5,5,0,0,0,0,0,0,0,100,100,0,0,0,0,0,100,100,0,0.000000,0,9072,0.000000,0,0,0,0,108,8,0,8,100,4672,272,0,0,0,0,108,0,0,0,0,303,9400
3056,W2,1,1,5,5,0,0,0,0,0,0,0,100,100,100,0,0,0,0,100,100,100,100.000000,1600,9072,17.636684,10,10,10,10,108,8,0,8,100,4672,272,0,0,0,0,108,0,0,0,0,301,9400
3057,W2,1,1,5,5,0,0,0,0,0,0,0,100,100,0,0,0,0,0,100,100,0,0.000000,0,9072,0.000000,0,0,0,0,108,8,0,8,100,4672,272,0,0,0,0,108,0,0,0,0,287,9400
3058,W2,1,1,5,5,0,0,0,0,0,0,0,100,100,0,0,0,0,0,100,100,0,0.000000,0,9072,0.000000,0,0,0,0,108,8,0,8,100,4672,272,0,0,0,0,108,0,0,0,0,293,9400
3059,W2,1,1,5,5,0,0,0,0,0,0,0,100,100,0,0,0,0,0,100,100,0,0.000000,0,9072,0.000000,0,0,0,0,108,8,0,8,100,4672,272,0,0,0,0,108,0,0,0,0,300,9400
3060,W2,1,1,5,5,0,0,0,0,0,0,0,100,100,0,0,0,0,0,100,100,0,0.000000,0,9072,0.000000,0,0,0,0,108,8,0,8,100,4672,272,0,0,0,0,108,0,0,0,0,293,9400
3061,W2,1,1,5,5,0,0,0,0,0,0,0,100,100,0,0,0,0,0,100,100,0,0.000000,0,9072,0.000000,0,0,0,0,108,8,0,8,100,4672,272,0,0,0,0,108,0,0,0,0,289,9400
3062,W2,1,1,5,5,0,0,0,0,0,0,0,100,100,0,0,0,0,0,100,100,0,0.000000,0,9072,0.000000,0,0,0,0,108,8,0,8,100,4672,272,0,0,0,0,108,0,0,0,0,289,9400
3063,W2,1,1,5,5,0,0,0,0,0,0,0,100,100,0,0,0,0,0,100,100,0,0.000000,0,9072,0.000000,0,0,0,0,108,8,0,8,100,4672,272,0,0,0,0,108,0,0,0,0,296,9400
3064,W2,1,1,5,5,0,0,0,0,0,0,0,100,100,0,0,0,0,0,100,100,0,0.000000,0,9072,0.000000,0,0,0,0,108,8,0,8,100,4672,272,0,0,0,0,108,0,0,0,0,353,9400
3065,W2,1,1,5,5,0,0,0,0,0,0,0,100,100,100,0,0,0,0,100,100,100,100.000000,1600,9072,17.636684,10,10,10,10,108,8,0,8,100,4672,272,0,0,0,0,108,0,0,0,0,302,9400
3066,W2,1,1,5,5,0,0,0,0,0,0,0,100,100,0,0,0,0,0,100,100,0,0.000000,0,9072,0.000000,0,0,0,0,108,8,0,8,100,4672,272,0,0,0,0,108,0,0,0,0,327,9400
3067,W2,1,1,5,5,0,0,0,0,0,0,0,100,100,0,0,0,0,0,100,100,0,0.000000,0,9072,0.000000,0,0,0,0,108,8,0,8,100,4672,272,0,0,0,0,108,0,0,0,0,299,9400
3068,W2,1,1,5,5,0,0,0,0,0,0,0,100,100,0,0,0,0,0,100,100,0,0.000000,0,9072,0.000000,0,0,0,0,108,8,0,8,100,4672,272,0,0,0,0,108,0,0,0,0,294,9400
3069,W2,1,1,5,5,0,0,0,0,0,0,0,100,100,0,0,0,0,0,100,100,0,0.000000,0,9072,0.000000,0,0,0,0,108,8,0,8,100,4672,272,0,0,0,0,108,0,0,0,0,302,9400
3070,W2,1,1,5,5,0,0,0,0,0,0,0,100,100,0,0,0,0,0,100,100,0,0.000000,0,9072,0.000000,0,0,0,0,108,8,0,8,100,4672,272,0,0,0,0,108,0,0,0,0,304,9400
3071,W2,1,1,5,5,0,0,0,0,0,0,0,100,100,0,0,0,0,0,100,100,0,0.000000,0,9072,0.000000,0,0,0,0,108,8,0,8,100,4672,272,0,0,0,0,108,0,0,0,0,295,9400
3072,W2,1,1,5,5,0,0,0,0,0,0,0,100,100,0,0,0,0,0,100,100,0,0.000000,0,9072,0.000000,0,0,0,0,108,8,0,8,100,4672,272,0,0,0,0,108,0,0,0,0,311,9400
3073,W2,1,1,5,5,0,0,0,0,0,0,0,100,100,0,0,0,0,0,100,100,0,0.000000,0,9072,0.000000,0,0,0,0,108,8,0,8,100,4672,272,0,0,0,0,108,0,0,0,0,307,9400
3074,W2,1,1,5,5,0,0,0,0,0,0,0,100,100,100,0,0,0,0,100,100,100,100.000000,1600,9072,17.636684,10,10,10,10,108,8,0,8,100,4672,272,0,0,0,0,108,0,0,0,0,338,9400
3075,W2,1,1,5,5,0,0,0,0,0,0,0,100,100,0,0,0,0,0,100,100,0,0.000000,0,9072,0.000000,0,0,0,0,108,8,0,8,100,4672,272,0,0,0,0,108,0,0,0,0,322,9400
3076,W2,1,1,5,5,0,0,0,0,0,0,0,100,100,0,0,0,0,0,100,100,0,0.000000,0,9072,0.000000,0,0,0,0,108,8,0,8,100,4672,272,0,0,0,0,108,0,0,0,0,290,9400
3077,W2,1,1,5,5,0,0,0,0,0,0,0,100,100,0,0,0,0,0,100,100,0,0.000000,0,9072,0.000000,0,0,0,0,108,8,0,8,100,4672,272,0,0,0,0,108,0,0,0,0,340,9400
3078,W2,1,1,5,5,0,0,0,0,0,0,0,100,100,0,0,0,0,0,100,100,0,0.000000,0,9072,0.000000,0,0,0,0,108,8,0,8,100,4672,272,0,0,0,0,108,0,0,0,0,324,9400
3079,W2,1,1,5,5,0,0,0,0,0,0,0,100,100,0,0,0,0,0,100,100,0,0.000000,0,9072,0.000000,0,0,0,0,108,8,0,8,100,4672,272,0,0,0,0,108,0,0,0,0,305,9400
3080,W2,1,1,5,5,0,0,0,0,0,0,0,100,100,0,0,0,0,0,100,100,0,0.000000,0,9072,0.000000,0,0,0,0,108,8,0,8,100,4672,272,0,0,0,0,108,0,0,0,0,306,9400
3081,W2,1,1,5,5,0,0,0,0,0,0,0,100,100,0,0,0,0,0,100,100,0,0.000000,0,9072,0.000000,0,0,0,0,108,8,0,8,100,4672,272,0,0,0,0,108,0,0,0,0,297,9400
3082,W2,1,1,5,5,0,0,0,0,0,0,0,100,100,0,0,0,0,0,100,100,0,0.000000,0,9072,0.000000,0,0,0,0,108,8,0,8,100,4672,272,0,0,0,0,108,0,0,0,0,297,9400
3083,W2,1,1,5,5,0,0,0,0,0,0,0,100,100,100,0,0,0,0,100,100,100,100.000000,1600,9072,17.636684,10,10,10,10,108,8,0,8,100,4672,272,0,0,0,0,108,0,0,0,0,313,9400
3084,W2,1,1,5,5,0,0,0,0,0,0,0,100,100,0,0,0,0,0,100,100,0,0.000000,0,9072,0.000000,0,0,0,0,108,8,0,8,100,4672,272,0,0,0,0,108,0,0,0,0,299,9400
3085,W2,1,1,5,5,0,0,0,0,0,0,0,100,100,0,0,0,0,0,100,100,0,0.000000,0,9072,0.000000,0,0,0,0,108,8,0,8,100,4672,272,0,0,0,0,108,0,0,0,0,308,9400
3086,W2,1,1,5,5,0,0,0,0,0,0,0,100,100,0,0,0,0,0,100,100,0,0.000000,0,9072,0.000000,0,0,0,0,108,8,0,8,100,4672,272,0,0,0,0,108,0,0,0,0,306,9400
3087,W2,1,1,5,5,0,0,0,0,0,0,0,100,100,0,0,0,0,0,100,100,0,0.000000,0,9072,0.000000,0,0,0,0,108,8,0,8,100,4672,272,0,0,0,0,108,0,0,0,0,326,9400
3088,W2,1,1,5,5,0,0,0,0,0,0,0,100,100,0,0,0,0,0,100,100,0,0.000000,0,9072,0.000000,0,0,0,0,108,8,0,8,100,4672,272,0,0,0,0,108,0,0,0,0,308,9400
3089,W2,1,1,5,5,0,0,0,0,0,0,0,100,100,0,0,0,0,0,100,100,0,0.000000,0,9072,0.000000,0,0,0,0,108,8,0,8,100,4672,272,0,0,0,0,108,0,0,0,0,329,9400
3090,W2,1,1,5,5,0,0,0,0,0,0,0,100,100,0,0,0,0,0,100,100,0,0.000000,0,9072,0.000000,0,0,0,0,108,8,0,8,100,4672,272,0,0,0,0,108,0,0,0,0,319,9400
3091,W2,1,1,5,5,0,0,0,0,0,0,0,100,100,0,0,0,0,0,100,100,0,0.000000,0,9072,0.000000,0,0,0,0,108,8,0,8,100,4672,272,0,0,0,0,108,0,0,0,0,342,9400
3092,W2,1,1,5,5,0,0,0,0,0,0,0,100,100,100,0,0,0,0,100,100,100,100.000000,1600,9072,17.636684,10,10,10,10,108,8,0,8,100,4672,272,0,0,0,0,108,0,0,0,0,294,9400
3093,W2,1,1,5,5,0,0,0,0,0,0,0,100,100,0,0,0,0,0,100,100,0,0.000000,0,9072,0.000000,0,0,0,0,108,8,0,8,100,4672,272,0,0,0,0,108,0,0,0,0,306,9400
3094,W2,1,1,5,5,0,0,0,0,0,0,0,100,100,0,0,0,0,0,100,100,0,0.000000,0,9072,0.000000,0,0,0,0,108,8,0,8,100,4672,272,0,0,0,0,108,0,0,0,0,327,9400
3095,W2,1,1,5,5,0,0,0,0,0,0,0,100,100,0,0,0,0,0,100,100,0,0.000000,0,9072,0.000000,0,0,0,0,108,8,0,8,100,4672,272,0,0,0,0,108,0,0,0,0,292,9400
3096,W2,1,1,5,5,0,0,0,0,0,0,0,100,100,0,0,0,0,0,100,100,0,0.000000,0,9072,0.000000,0,0,0,0,108,8,0,8,100,4672,272,0,0,0,0,108,0,0,0,0,292,9400
3097,W2,1,1,5,5,0,0,0,0,0,0,0,100,100,0,0,0,0,0,100,100,0,0.000000,0,9072,0.000000,0,0,0,0,108,8,0,8,100,4672,272,0,0,0,0,108,0,0,0,0,293,9400
3098,W2,1,1,5,5,0,0,0,0,0,0,0,100,100,0,0,0,0,0,100,100,0,0.000000,0,9072,0.000000,0,0,0,0,108,8,0,8,100,4672,272,0,0,0,0,108,0,0,0,0,297,9400
3099,W2,1,1,5,5,0,0,0,0,0,0,0,100,100,0,0,0,0,0,100,100,0,0.000000,0,9072,0.000000,0,0,0,0,108,8,0,8,100,4672,272,0,0,0,0,108,0,0,0,0,318,9400
3100,W2,1,1,5,5,0,0,0,0,0,0,0,100,100,0,0,0,0,0,100,100,0,0.000000,0,9072,0.000000,0,0,0,0,108,8,0,8,100,4672,272,0,0,0,0,108,0,0,0,0,310,9400
3101,W2,1,1,5,5,0,0,0,0,0,0,0,100,100,100,0,0,0,0,100,100,100,100.000000,1600,9072,17.636684,10,10,10,10,108,8,0,8,100,4672,272,0,0,0,0,108,0,0,0,0,302,9400
3102,W2,1,1,5,5,0,0,0,0,0,0,0,100,100,0,0,0,0,0,100,100,0,0.000000,0,9072,0.000000,0,0,0,0,108,8,0,8,100,4672,272,0,0,0,0,108,0,0,0,0,356,9400
3103,W2,1,1,5,5,0,0,0,0,0,0,0,100,100,0,0,0,0,0,100,100,0,0.000000,0,9072,0.000000,0,0,0,0,108,8,0,8,100,4672,272,0,0,0,0,108,0,0,0,0,430,9400
3104,W2,1,1,5,5,0,0,0,0,0,0,0,100,100,0,0,0,0,0,100,100,0,0.000000,0,9072,0.000000,0,0,0,0,108,8,0,8,100,4672,272,0,0,0,0,108,0,0,0,0,345,9400
3105,W2,1,1,5,5,0,0,0,0,0,0,0,100,100,0,0,0,0,0,100,100,0,0.000000,0,9072,0.000000,0,0,0,0,108,8,0,8,100,4672,272,0,0,0,0,108,0,0,0,0,293,9400
3106,W2,1,1,5,5,0,0,0,0,0,0,0,100,100,0,0,0,0,0,100,100,0,0.000000,0,9072,0.000000,0,0,0,0,108,8,0,8,100,4672,272,0,0,0,0,108,0,0,0,0,379,9400
3107,W2,1,1,5,5,0,0,0,0,0,0,0,100,100,0,0,0,0,0,100,100,0,0.000000,0,9072,0.000000,0,0,0,0,108,8,0,8,100,4672,272,0,0,0,0,108,0,0,0,0,306,9400
3108,W2,1,1,5,5,0,0,0,0,0,0,0,100,100,0,0,0,0,0,100,100,0,0.000000,0,9072,0.000000,0,0,0,0,108,8,0,8,100,4672,272,0,0,0,0,108,0,0,0,0,325,9400
3109,W2,1,1,5,5,0,0,0,0,0,0,0,100,100,0,0,0,0,0,100,100,0,0.000000,0,9072,0.000000,0,0,0,0,108,8,0,8,100,4672,272,0,0,0,0,108,0,0,0,0,299,9400
3110,W2,1,1,5,5,0,0,0,0,0,0,0,100,100,100,0,0,0,0,100,100,100,100.000000,1600,9072,17.636684,10,10,10,10,108,8,0,8,100,4672,272,0,0,0,0,108,0,0,0,0,329,9400
3111,W2,1,1,5,5,0,0,0,0,0,0,0,100,100,0,0,0,0,0,100,100,0,0.000000,0,9072,0.000000,0,0,0,0,108,8,0,8,100,4672,272,0,0,0,0,108,0,0,0,0,294,9400
3112,W2,1,1,5,5,0,0,0,0,0,0,0,100,100,0,0,0,0,0,100,100,0,0.000000,0,9072,0.000000,0,0,0,0,108,8,0,8,100,4672,272,0,0,0,0,108,0,0,0,0,315,9400
3113,W2,1,1,5,5,0,0,0,0,0,0,0,100,100,0,0,0,0,0,100,100,0,0.000000,0,9072,0.000000,0,0,0,0,108,8,0,8,100,4672,272,0,0,0,0,108,0,0,0,0,357,9400
3114,W2,1,1,5,5,0,0,0,0,0,0,0,100,100,0,0,0,0,0,100,100,0,0.000000,0,9072,0.000000,0,0,0,0,108,8,0,8,100,4672,272,0,0,0,0,108,0,0,0,0,306,9400
3115,W2,1,1,5,5,0,0,0,0,0,0,0,100,100,0,0,0,0,0,100,100,0,0.000000,0,9072,0.000000,0,0,0,0,108,8,0,8,100,4672,272,0,0,0,0,108,0,0,0,0,308,9400
3116,W2,1,1,5,5,0,0,0,0,0,0,0,100,100,0,0,0,0,0,100,100,0,0.000000,0,9072,0.000000,0,0,0,0,108,8,0,8,100,4672,272,0,0,0,0,108,0,0,0,0,319,9400
3117,W2,1,1,5,5,0,0,0,0,0,0,0,100,100,0,0,0,0,0,100,100,0,0.000000,0,9072,0.000000,0,0,0,0,108,8,0,8,100,4672,272,0,0,0,0,108,0,0,0,0,306,9400
3118,W2,1,1,5,5,0,0,0,0,0,0,0,100,100,0,0,0,0,0,100,100,0,0.000000,0,9072,0.000000,0,0,0,0,108,8,0,8,100,4672,272,0,0,0,0,108,0,0,0,0,317,9400
3119,W2,1,1,5,5,0,0,0,0,0,0,0,100,100,100,0,0,0,0,100,100,100,100.000000,1600,9072,17.636684,10,10,10,10,108,8,0,8,100,4672,272,0,0,0,0,108,0,0,0,0,304,9400
3120,W2,1,1,5,5,0,0,0,0,0,0,0,100,100,0,0,0,0,0,100,100,0,0.000000,0,9072,0.000000,0,0,0,0,108,8,0,8,100,4672,272,0,0,0,0,108,0,0,0,0,308,9400
3121,W2,1,1,5,5,0,0,0,0,0,0,0,100,100,0,0,0,0,0,100,100,0,0.000000,0,9072,0.000000,0,0,0,0,108,8,0,8,100,4672,272,0,0,0,0,108,0,0,0,0,296,9400
3122,W2,1,1,5,5,0,0,0,0,0,0,0,100,100,0,0,0,0,0,100,100,0,0.000000,0,9072,0.000000,0,0,0,0,108,8,0,8,100,4672,272,0,0,0,0,108,0,0,0,0,323,9400
3123,W2,1,1,5,5,0,0,0,0,0,0,0,100,100,0,0,0,0,0,100,100,0,0.000000,0,9072,0.000000,0,0,0,0,108,8,0,8,100,4672,272,0,0,0,0,108,0,0,0,0,298,9400
3124,W2,1,1,5,5,0,0,0,0,0,0,0,100,100,0,0,0,0,0,100,100,0,0.000000,0,9072,0.000000,0,0,0,0,108,8,0,8,100,4672,272,0,0,0,0,108,0,0,0,0,306,9400
3125,W2,1,1,5,5,0,0,0,0,0,0,0,100,100,0,0,0,0,0,100,100,0,0.000000,0,9072,0.000000,0,0,0,0,108,8,0,8,100,4672,272,0,0,0,0,108,0,0,0,0,314,9400
3126,W2,1,1,5,5,0,0,0,0,0,0,0,100,100,0,0,0,0,0,100,100,0,0.000000,0,9072,0.000000,0,0,0,0,108,8,0,8,100,4672,272,0,0,0,0,108,0,0,0,0,319,9400
3127,W2,1,1,5,5,0,0,0,0,0,0,0,100,100,0,0,0,0,0,100,100,0,0.000000,0,9072,0.000000,0,0,0,0,108,8,0,8,100,4672,272,0,0,0,0,108,0,0,0,0,302,9400
3128,W2,1,1,5,5,0,0,0,0,0,0,0,100,100,100,0,0,0,0,100,100,100,100.000000,1600,9072,17.636684,10,10,10,10,108,8,0,8,100,4672,272,0,0,0,0,108,0,0,0,0,320,9400
3129,W2,1,1,5,5,0,0,0,0,0,0,0,100,100,0,0,0,0,0,100,100,0,0.000000,0,9072,0.000000,0,0,0,0,108,8,0,8,100,4672,272,0,0,0,0,108,0,0,0,0,281,9400
3130,W2,1,1,5,5,0,0,0,0,0,0,0,100,100,0,0,0,0,0,100,100,0,0.000000,0,9072,0.000000,0,0,0,0,108,8,0,8,100,4672,272,0,0,0,0,108,0,0,0,0,296,9400
3131,W2,1,1,5,5,0,0,0,0,0,0,0,100,100,0,0,0,0,0,100,100,0,0.000000,0,9072,0.000000,0,0,0,0,108,8,0,8,100,4672,272,0,0,0,0,108,0,0,0,0,339,9400
3132,W2,1,1,5,5,0,0,0,0,0,0,0,100,100,0,0,0,0,0,100,100,0,0.000000,0,9072,0.000000,0,0,0,0,108,8,0,8,100,4672,272,0,0,0,0,108,0,0,0,0,292,9400
3133,W2,1,1,5,5,0,0,0,0,0,0,0,100,100,0,0,0,0,0,100,100,0,0.000000,0,9072,0.000000,0,0,0,0,108,8,0,8,100,4672,272,0,0,0,0,108,0,0,0,0,307,9400
3134,W2,1,1,5,5,0,0,0,0,0,0,0,100,100,0,0,0,0,0,100,100,0,0.000000,0,9072,0.000000,0,0,0,0,108,8,0,8,100,4672,272,0,0,0,0,108,0,0,0,0,314,9400
3135,W2,1,1,5,5,0,0,0,0,0,0,0,100,100,0,0,0,0,0,100,100,0,0.000000,0,9072,0.000000,0,0,0,0,108,8,0,8,100,4672,272,0,0,0,0,108,0,0,0,0,298,9400
3136,W2,1,1,5,5,0,0,0,0,0,0,0,100,100,0,0,0,0,0,100,100,0,0.000000,0,9072,0.000000,0,0,0,0,108,8,0,8,100,4672,272,0,0,0,0,108,0,0,0,0,330,9400
3137,W2,1,1,5,5,0,0,0,0,0,0,0,100,100,100,0,0,0,0,100,100,100,100.000000,1600,9072,17.636684,10,10,10,10,108,8,0,8,100,4672,272,0,0,0,0,108,0,0,0,0,304,9400
3138,W2,1,1,5,5,0,0,0,0,0,0,0,100,100,0,0,0,0,0,100,100,0,0.000000,0,9072,0.000000,0,0,0,0,108,8,0,8,100,4672,272,0,0,0,0,108,0,0,0,0,306,9400
3139,W2,1,1,5,5,0,0,0,0,0,0,0,100,100,0,0,0,0,0,100,100,0,0.000000,0,9072,0.000000,0,0,0,0,108,8,0,8,100,4672,272,0,0,0,0,108,0,0,0,0,320,9400
3140,W2,1,1,5,5,0,0,0,0,0,0,0,100,100,0,0,0,0,0,100,100,0,0.000000,0,9072,0.000000,0,0,0,0,108,8,0,8,100,4672,272,0,0,0,0,108,0,0,0,0,293,9400
3141,W2,1,1,5,5,0,0,0,0,0,0,0,100,100,0,0,0,0,0,100,100,0,0.000000,0,9072,0.000000,0,0,0,0,108,8,0,8,100,4672,272,0,0,0,0,108,0,0,0,0,285,9400
3142,W2,1,1,5,5,0,0,0,0,0,0,0,100,100,0,0,0,0,0,100,100,0,0.000000,0,9072,0.000000,0,0,0,0,108,8,0,8,100,4672,272,0,0,0,0,108,0,0,0,0,315,9400
3143,W2,1,1,5,5,0,0,0,0,0,0,0,100,100,0,0,0,0,0,100,100,0,0.000000,0,9072,0.000000,0,0,0,0,108,8,0,8,100,4672,272,0,0,0,0,108,0,0,0,0,302,9400
3144,W2,1,1,5,5,0,0,0,0,0,0,0,100,100,0,0,0,0,0,100,100,0,0.000000,0,9072,0.000000,0,0,0,0,108,8,0,8,100,4672,272,0,0,0,0,108,0,0,0,0,292,9400
3145,W2,1,1,5,5,0,0,0,0,0,0,0,100,100,0,0,0,0,0,100,100,0,0.000000,0,9072,0.000000,0,0,0,0,108,8,0,8,100,4672,272,0,0,0,0,108,0,0,0,0,336,9400
3146,W2,1,1,5,5,0,0,0,0,0,0,0,100,100,100,0,0,0,0,100,100,100,100.000000,1600,9072,17.636684,10,10,10,10,108,8,0,8,100,4672,272,0,0,0,0,108,0,0,0,0,296,9400
3147,W2,1,1,5,5,0,0,0,0,0,0,0,100,100,0,0,0,0,0,100,100,0,0.000000,0,9072,0.000000,0,0,0,0,108,8,0,8,100,4672,272,0,0,0,0,108,0,0,0,0,317,9400
3148,W2,1,1,5,5,0,0,0,0,0,0,0,100,100,0,0,0,0,0,100,100,0,0.000000,0,9072,0.000000,0,0,0,0,108,8,0,8,100,4672,272,0,0,0,0,108,0,0,0,0,300,9400
3149,W2,1,1,5,5,0,0,0,0,0,0,0,100,100,0,0,0,0,0,100,100,0,0.000000,0,9072,0.000000,0,0,0,0,108,8,0,8,100,4672,272,0,0,0,0,108,0,0,0,0,291,9400
3150,W2,1,1,5,5,0,0,0,0,0,0,0,100,100,0,0,0,0,0,100,100,0,0.000000,0,9072,0.000000,0,0,0,0,108,8,0,8,100,4672,272,0,0,0,0,108,0,0,0,0,304,9400
3151,W2,1,1,5,5,0,0,0,0,0,0,0,100,100,0,0,0,0,0,100,100,0,0.000000,0,9072,0.000000,0,0,0,0,108,8,0,8,100,4672,272,0,0,0,0,108,0,0,0,0,301,9400
3152,W2,1,1,5,5,0,0,0,0,0,0,0,100,100,0,0,0,0,0,100,100,0,0.000000,0,9072,0.000000,0,0,0,0,108,8,0,8,100,4672,272,0,0,0,0,108,0,0,0,0,306,9400
3153,W2,1,1,5,5,0,0,0,0,0,0,0,100,100,0,0,0,0,0,100,100,0,0.000000,0,9072,0.000000,0,0,0,0,108,8,0,8,100,4672,272,0,0,0,0,108,0,0,0,0,352,9400
3154,W2,1,1,5,5,0,0,0,0,0,0,0,100,100,0,0,0,0,0,100,100,0,0.000000,0,9072,0.000000,0,0,0,0,108,8,0,8,100,4672,272,0,0,0,0,108,0,0,0,0,353,9400
3155,W2,1,1,5,5,0,0,0,0,0,0,0,100,100,100,0,0,0,0,100,100,100,100.000000,1600,9072,17.636684,10,10,10,10,108,8,0,8,100,4672,272,0,0,0,0,108,0,0,0,0,328,9400
3156,W2,1,1,5,5,0,0,0,0,0,0,0,100,100,0,0,0,0,0,100,100,0,0.000000,0,9072,0.000000,0,0,0,0,108,8,0,8,100,4672,272,0,0,0,0,108,0,0,0,0,304,9400
3157,W2,1,1,5,5,0,0,0,0,0,0,0,100,100,0,0,0,0,0,100,100,0,0.000000,0,9072,0.000000,0,0,0,0,108,8,0,8,100,4672,272,0,0,0,0,108,0,0,0,0,296,9400
3158,W2,1,1,5,5,0,0,0,0,0,0,0,100,100,0,0,0,0,0,100,100,0,0.000000,0,9072,0.000000,0,0,0,0,108,8,0,8,100,4672,272,0,0,0,0,108,0,0,0,0,311,9400
3159,W2,1,1,5,5,0,0,0,0,0,0,0,100,100,0,0,0,0,0,100,100,0,0.000000,0,9072,0.000000,0,0,0,0,108,8,0,8,100,4672,272,0,0,0,0,108,0,0,0,0,343,9400
3160,W2,1,1,5,5,0,0,0,0,0,0,0,100,100,0,0,0,0,0,100,100,0,0.000000,0,9072,0.000000,0,0,0,0,108,8,0,8,100,4672,272,0,0,0,0,108,0,0,0,0,308,9400
3161,W2,1,1,5,5,0,0,0,0,0,0,0,100,100,0,0,0,0,0,100,100,0,0.000000,0,9072,0.000000,0,0,0,0,108,8,0,8,100,4672,272,0,0,0,0,108,0,0,0,0,296,9400
3162,W2,1,1,5,5,0,0,0,0,0,0,0,100,100,0,0,0,0,0,100,100,0,0.000000,0,9072,0.000000,0,0,0,0,108,8,0,8,100,4672,272,0,0,0,0,108,0,0,0,0,360,9400
3163,W2,1,1,5,5,0,0,0,0,0,0,0,100,100,0,0,0,0,0,100,100,0,0.000000,0,9072,0.000000,0,0,0,0,108,8,0,8,100,4672,272,0,0,0,0,108,0,0,0,0,323,9400
3164,W2,1,1,5,5,0,0,0,0,0,0,0,100,100,100,0,0,0,0,100,100,100,100.000000,1600,9072,17.636684,10,10,10,10,108,8,0,8,100,4672,272,0,0,0,0,108,0,0,0,0,293,9400
3165,W2,1,1,5,5,0,0,0,0,0,0,0,100,100,0,0,0,0,0,100,100,0,0.000000,0,9072,0.000000,0,0,0,0,108,8,0,8,100,4672,272,0,0,0,0,108,0,0,0,0,295,9400
3166,W2,1,1,5,5,0,0,0,0,0,0,0,100,100,0,0,0,0,0,100,100,0,0.000000,0,9072,0.000000,0,0,0,0,108,8,0,8,100,4672,272,0,0,0,0,108,0,0,0,0,305,9400
3167,W2,1,1,5,5,0,0,0,0,0,0,0,100,100,0,0,0,0,0,100,100,0,0.000000,0,9072,0.000000,0,0,0,0,108,8,0,8,100,4672,272,0,0,0,0,108,0,0,0,0,340,9400
3168,W2,1,1,5,5,0,0,0,0,0,0,0,100,100,0,0,0,0,0,100,100,0,0.000000,0,9072,0.000000,0,0,0,0,108,8,0,8,100,4672,272,0,0,0,0,108,0,0,0,0,294,9400
3169,W2,1,1,5,5,0,0,0,0,0,0,0,100,100,0,0,0,0,0,100,100,0,0.000000,0,9072,0.000000,0,0,0,0,108,8,0,8,100,4672,272,0,0,0,0,108,0,0,0,0,287,9400
3170,W2,1,1,5,5,0,0,0,0,0,0,0,100,100,0,0,0,0,0,100,100,0,0.000000,0,9072,0.000000,0,0,0,0,108,8,0,8,100,4672,272,0,0,0,0,108,0,0,0,0,290,9400
3171,W2,1,1,5,5,0,0,0,0,0,0,0,100,100,0,0,0,0,0,100,100,0,0.000000,0,9072,0.000000,0,0,0,0,108,8,0,8,100,4672,272,0,0,0,0,108,0,0,0,0,317,9400
3172,W2,1,1,5,5,0,0,0,0,0,0,0,100,100,0,0,0,0,0,100,100,0,0.000000,0,9072,0.000000,0,0,0,0,108,8,0,8,100,4672,272,0,0,0,0,108,0,0,0,0,288,9400
3173,W2,1,1,5,5,0,0,0,0,0,0,0,100,100,100,0,0,0,0,100,100,100,100.000000,1600,9072,17.636684,10,10,10,10,108,8,0,8,100,4672,272,0,0,0,0,108,0,0,0,0,310,9400
3174,W2,1,1,5,5,0,0,0,0,0,0,0,100,100,0,0,0,0,0,100,100,0,0.000000,0,9072,0.000000,0,0,0,0,108,8,0,8,100,4672,272,0,0,0,0,108,0,0,0,0,297,9400
3175,W2,1,1,5,5,0,0,0,0,0,0,0,100,100,0,0,0,0,0,100,100,0,0.000000,0,9072,0.000000,0,0,0,0,108,8,0,8,100,4672,272,0,0,0,0,108,0,0,0,0,292,9400
3176,W2,1,1,5,5,0,0,0,0,0,0,0,100,100,0,0,0,0,0,100,100,0,0.000000,0,9072,0.000000,0,0,0,0,108,8,0,8,100,4672,272,0,0,0,0,108,0,0,0,0,327,9400
3177,W2,1,1,5,5,0,0,0,0,0,0,0,100,100,0,0,0,0,0,100,100,0,0.000000,0,9072,0.000000,0,0,0,0,108,8,0,8,100,4672,272,0,0,0,0,108,0,0,0,0,279,9400
3178,W2,1,1,5,5,0,0,0,0,0,0,0,100,100,0,0,0,0,0,100,100,0,0.000000,0,9072,0.000000,0,0,0,0,108,8,0,8,100,4672,272,0,0,0,0,108,0,0,0,0,283,9400
3179,W2,1,1,5,5,0,0,0,0,0,0,0,100,100,0,0,0,0,0,100,100,0,0.000000,0,9072,0.000000,0,0,0,0,108,8,0,8,100,4672,272,0,0,0,0,108,0,0,0,0,318,9400
3180,W2,1,1,5,5,0,0,0,0,0,0,0,100,100,0,0,0,0,0,100,100,0,0.000000,0,9072,0.000000,0,0,0,0,108,8,0,8,100,4672,272,0,0,0,0,108,0,0,0,0,289,9400
3181,W2,1,1,5,5,0,0,0,0,0,0,0,100,100,0,0,0,0,0,100,100,0,0.000000,0,9072,0.000000,0,0,0,0,108,8,0,8,100,4672,272,0,0,0,0,108,0,0,0,0,315,9400
3182,W2,1,1,5,5,0,0,0,0,0,0,0,100,100,100,0,0,0,0,100,100,100,100.000000,1600,9072,17.636684,10,10,10,10,108,8,0,8,100,4672,272,0,0,0,0,108,0,0,0,0,289,9400
3183,W2,1,1,5,5,0,0,0,0,0,0,0,100,100,0,0,0,0,0,100,100,0,0.000000,0,9072,0.000000,0,0,0,0,108,8,0,8,100,4672,272,0,0,0,0,108,0,0,0,0,289,9400
3184,W2,1,1,5,5,0,0,0,0,0,0,0,100,100,0,0,0,0,0,100,100,0,0.000000,0,9072,0.000000,0,0,0,0,108,8,0,8,100,4672,272,0,0,0,0,108,0,0,0,0,291,9400
3185,W2,1,1,5,5,0,0,0,0,0,0,0,100,100,0,0,0,0,0,100,100,0,0.000000,0,9072,0.000000,0,0,0,0,108,8,0,8,100,4672,272,0,0,0,0,108,0,0,0,0,308,9400
3186,W2,1,1,5,5,0,0,0,0,0,0,0,100,100,0,0,0,0,0,100,100,0,0.000000,0,9072,0.000000,0,0,0,0,108,8,0,8,100,4672,272,0,0,0,0,108,0,0,0,0,282,9400
3187,W2,1,1,5,5,0,0,0,0,0,0,0,100,100,0,0,0,0,0,100,100,0,0.000000,0,9072,0.000000,0,0,0,0,108,8,0,8,100,4672,272,0,0,0,0,108,0,0,0,0,299,9400
3188,W2,1,1,5,5,0,0,0,0,0,0,0,100,100,0,0,0,0,0,100,100,0,0.000000,0,9072,0.000000,0,0,0,0,108,8,0,8,100,4672,272,0,0,0,0,108,0,0,0,0,310,9400
3189,W2,1,1,5,5,0,0,0,0,0,0,0,100,100,0,0,0,0,0,100,100,0,0.000000,0,9072,0.000000,0,0,0,0,108,8,0,8,100,4672,272,0,0,0,0,108,0,0,0,0,288,9400
3190,W2,1,1,5,5,0,0,0,0,0,0,0,100,100,0,0,0,0,0,100,100,0,0.000000,0,9072,0.000000,0,0,0,0,108,8,0,8,100,4672,272,0,0,0,0,108,0,0,0,0,294,9400
3191,W2,1,1,5,5,0,0,0,0,0,0,0,100,100,100,0,0,0,0,100,100,100,100.000000,1600,9072,17.636684,10,10,10,10,108,8,0,8,100,4672,272,0,0,0,0,108,0,0,0,0,291,9400
3192,W2,1,1,5,5,0,0,0,0,0,0,0,100,100,0,0,0,0,0,100,100,0,0.000000,0,9072,0.000000,0,0,0,0,108,8,0,8,100,4672,272,0,0,0,0,108,0,0,0,0,304,9400
3193,W2,1,1,5,5,0,0,0,0,0,0,0,100,100,0,0,0,0,0,100,100,0,0.000000,0,9072,0.000000,0,0,0,0,108,8,0,8,100,4672,272,0,0,0,0,108,0,0,0,0,293,9400
3194,W2,1,1,5,5,0,0,0,0,0,0,0,100,100,0,0,0,0,0,100,100,0,0.000000,0,9072,0.000000,0,0,0,0,108,8,0,8,100,4672,272,0,0,0,0,108,0,0,0,0,340,9400
3195,W2,1,1,5,5,0,0,0,0,0,0,0,100,100,0,0,0,0,0,100,100,0,0.000000,0,9072,0.000000,0,0,0,0,108,8,0,8,100,4672,272,0,0,0,0,108,0,0,0,0,325,9400
3196,W2,1,1,5,5,0,0,0,0,0,0,0,100,100,0,0,0,0,0,100,100,0,0.000000,0,9072,0.000000,0,0,0,0,108,8,0,8,100,4672,272,0,0,0,0,108,0,0,0,0,359,9400
3197,W2,1,1,5,5,0,0,0,0,0,0,0,100,100,0,0,0,0,0,100,100,0,0.000000,0,9072,0.000000,0,0,0,0,108,8,0,8,100,4672,272,0,0,0,0,108,0,0,0,0,284,9400
3198,W2,1,1,5,5,0,0,0,0,0,0,0,100,100,0,0,0,0,0,100,100,0,0.000000,0,9072,0.000000,0,0,0,0,108,8,0,8,100,4672,272,0,0,0,0,108,0,0,0,0,299,9400
3199,W2,1,1,5,5,0,0,0,0,0,0,0,100,100,0,0,0,0,0,100,100,0,0.000000,0,9072,0.000000,0,0,0,0,108,8,0,8,100,4672,272,0,0,0,0,108,0,0,0,0,311,9400
3200,W2,1,1,5,5,0,0,0,0,0,0,0,100,100,100,0,0,0,0,100,100,100,100.000000,1600,9072,17.636684,10,10,10,10,108,8,0,8,100,4672,272,0,0,0,0,108,0,0,0,0,285,9400
3201,W2,1,1,5,5,0,0,0,0,0,0,0,100,100,0,0,0,0,0,100,100,0,0.000000,0,9072,0.000000,0,0,0,0,108,8,0,8,100,4672,272,0,0,0,0,108,0,0,0,0,281,9400
3202,W2,1,1,5,5,0,0,0,0,0,0,0,100,100,0,0,0,0,0,100,100,0,0.000000,0,9072,0.000000,0,0,0,0,108,8,0,8,100,4672,272,0,0,0,0,108,0,0,0,0,345,9400
3203,W2,1,1,5,5,0,0,0,0,0,0,0,100,100,0,0,0,0,0,100,100,0,0.000000,0,9072,0.000000,0,0,0,0,108,8,0,8,100,4672,272,0,0,0,0,108,0,0,0,0,324,9400
3204,W2,1,1,5,5,0,0,0,0,0,0,0,100,100,0,0,0,0,0,100,100,0,0.000000,0,9072,0.000000,0,0,0,0,108,8,0,8,100,4672,272,0,0,0,0,108,0,0,0,0,304,9400
3205,W2,1,1,5,5,0,0,0,0,0,0,0,100,100,0,0,0,0,0,100,100,0,0.000000,0,9072,0.000000,0,0,0,0,108,8,0,8,100,4672,272,0,0,0,0,108,0,0,0,0,290,9400
3206,W2,1,1,5,5,0,0,0,0,0,0,0,100,100,0,0,0,0,0,100,100,0,0.000000,0,9072,0.000000,0,0,0,0,108,8,0,8,100,4672,272,0,0,0,0,108,0,0,0,0,346,9400
3207,W2,1,1,5,5,0,0,0,0,0,0,0,100,100,0,0,0,0,0,100,100,0,0.000000,0,9072,0.000000,0,0,0,0,108,8,0,8,100,4672,272,0,0,0,0,108,0,0,0,0,335,9400
3208,W2,1,1,5,5,0,0,0,0,0,0,0,100,100,0,0,0,0,0,100,100,0,0.000000,0,9072,0.000000,0,0,0,0,108,8,0,8,100,4672,272,0,0,0,0,108,0,0,0,0,296,9400
3209,W2,1,1,5,5,0,0,0,0,0,0,0,100,100,100,0,0,0,0,100,100,100,100.000000,1600,9072,17.636684,10,10,10,10,108,8,0,8,100,4672,272,0,0,0,0,108,0,0,0,0,317,9400
3210,W2,1,1,5,5,0,0,0,0,0,0,0,100,100,0,0,0,0,0,100,100,0,0.000000,0,9072,0.000000,0,0,0,0,108,8,0,8,100,4672,272,0,0,0,0,108,0,0,0,0,322,9400
3211,W2,1,1,5,5,0,0,0,0,0,0,0,100,100,0,0,0,0,0,100,100,0,0.000000,0,9072,0.000000,0,0,0,0,108,8,0,8,100,4672,272,0,0,0,0,108,0,0,0,0,328,9400
3212,W2,1,1,5,5,0,0,0,0,0,0,0,100,100,0,0,0,0,0,100,100,0,0.000000,0,9072,0.000000,0,0,0,0,108,8,0,8,100,4672,272,0,0,0,0,108,0,0,0,0,297,9400
3213,W2,1,1,5,5,0,0,0,0,0,0,0,100,100,0,0,0,0,0,100,100,0,0.000000,0,9072,0.000000,0,0,0,0,108,8,0,8,100,4672,272,0,0,0,0,108,0,0,0,0,297,9400
3214,W2,1,1,5,5,0,0,0,0,0,0,0,100,100,0,0,0,0,0,100,100,0,0.000000,0,9072,0.000000,0,0,0,0,108,8,0,8,100,4672,272,0,0,0,0,108,0,0,0,0,314,9400
3215,W2,1,1,5,5,0,0,0,0,0,0,0,100,100,0,0,0,0,0,100,100,0,0.000000,0,9072,0.000000,0,0,0,0,108,8,0,8,100,4672,272,0,0,0,0,108,0,0,0,0,301,9400
3216,W2,1,1,5,5,0,0,0,0,0,0,0,100,100,0,0,0,0,0,100,100,0,0.000000,0,9072,0.000000,0,0,0,0,108,8,0,8,100,4672,272,0,0,0,0,108,0,0,0,0,308,9400
3217,W2,1,1,5,5,0,0,0,0,0,0,0,100,100,0,0,0,0,0,100,100,0,0.000000,0,9072,0.000000,0,0,0,0,108,8,0,8,100,4672,272,0,0,0,0,108,0,0,0,0,290,9400
3218,W2,1,1,5,5,0,0,0,0,0,0,0,100,100,100,0,0,0,0,100,100,100,100.000000,1600,9072,17.636684,10,10,10,10,108,8,0,8,100,4672,272,0,0,0,0,108,0,0,0,0,333,9400
3219,W2,1,1,5,5,0,0,0,0,0,0,0,100,100,0,0,0,0,0,100,100,0,0.000000,0,9072,0.000000,0,0,0,0,108,8,0,8,100,4672,272,0,0,0,0,108,0,0,0,0,284,9400
3220,W2,1,1,5,5,0,0,0,0,0,0,0,100,100,0,0,0,0,0,100,100,0,0.000000,0,9072,0.000000,0,0,0,0,108,8,0,8,100,4672,272,0,0,0,0,108,0,0,0,0,288,9400
3221,W2,1,1,5,5,0,0,0,0,0,0,0,100,100,0,0,0,0,0,100,100,0,0.000000,0,9072,0.000000,0,0,0,0,108,8,0,8,100,4672,272,0,0,0,0,108,0,0,0,0,298,9400
3222,W2,1,1,5,5,0,0,0,0,0,0,0,100,100,0,0,0,0,0,100,100,0,0.000000,0,9072,0.000000,0,0,0,0,108,8,0,8,100,4672,272,0,0,0,0,108,0,0,0,0,302,9400
3223,W2,1,1,5,5,0,0,0,0,0,0,0,100,100,0,0,0,0,0,100,100,0,0.000000,0,9072,0.000000,0,0,0,0,108,8,0,8,100,4672,272,0,0,0,0,108,0,0,0,0,314,9400
3224,W2,1,1,5,5,0,0,0,0,0,0,0,100,100,0,0,0,0,0,100,100,0,0.000000,0,9072,0.000000,0,0,0,0,108,8,0,8,100,4672,272,0,0,0,0,108,0,0,0,0,289,9400
3225,W2,1,1,5,5,0,0,0,0,0,0,0,100,100,0,0,0,0,0,100,100,0,0.000000,0,9072,0.000000,0,0,0,0,108,8,0,8,100,4672,272,0,0,0,0,108,0,0,0,0,319,9400
3226,W2,1,1,5,5,0,0,0,0,0,0,0,100,100,0,0,0,0,0,100,100,0,0.000000,0,9072,0.000000,0,0,0,0,108,8,0,8,100,4672,272,0,0,0,0,108,0,0,0,0,320,9400
3227,W2,1,1,5,5,0,0,0,0,0,0,0,100,100,100,0,0,0,0,100,100,100,100.000000,1600,9072,17.636684,10,10,10,10,108,8,0,8,100,4672,272,0,0,0,0,108,0,0,0,0,289,9400
3228,W2,1,1,5,5,0,0,0,0,0,0,0,100,100,0,0,0,0,0,100,100,0,0.000000,0,9072,0.000000,0,0,0,0,108,8,0,8,100,4672,272,0,0,0,0,108,0,0,0,0,296,9400
3229,W2,1,1,5,5,0,0,0,0,0,0,0,100,100,0,0,0,0,0,100,100,0,0.000000,0,9072,0.000000,0,0,0,0,108,8,0,8,100,4672,272,0,0,0,0,108,0,0,0,0,290,9400
3230,W2,1,1,5,5,0,0,0,0,0,0,0,100,100,0,0,0,0,0,100,100,0,0.000000,0,9072,0.000000,0,0,0,0,108,8,0,8,100,4672,272,0,0,0,0,108,0,0,0,0,338,9400
3231,W2,1,1,5,5,0,0,0,0,0,0,0,100,100,0,0,0,0,0,100,100,0,0.000000,0,9072,0.000000,0,0,0,0,108,8,0,8,100,4672,272,0,0,0,0,108,0,0,0,0,306,9400
3232,W2,1,1,5,5,0,0,0,0,0,0,0,100,100,0,0,0,0,0,100,100,0,0.000000,0,9072,0.000000,0,0,0,0,108,8,0,8,100,4672,272,0,0,0,0,108,0,0,0,0,330,9400
3233,W2,1,1,5,5,0,0,0,0,0,0,0,100,100,0,0,0,0,0,100,100,0,0.000000,0,9072,0.000000,0,0,0,0,108,8,0,8,100,4672,272,0,0,0,0,108,0,0,0,0,304,9400
3234,W2,1,1,5,5,0,0,0,0,0,0,0,100,100,0,0,0,0,0,100,100,0,0.000000,0,9072,0.000000,0,0,0,0,108,8,0,8,100,4672,272,0,0,0,0,108,0,0,0,0,314,9400
3235,W2,1,1,5,5,0,0,0,0,0,0,0,100,100,0,0,0,0,0,100,100,0,0.000000,0,9072,0.000000,0,0,0,0,108,8,0,8,100,4672,272,0,0,0,0,108,0,0,0,0,319,9400
3236,W2,1,1,5,5,0,0,0,0,0,0,0,100,100,100,0,0,0,0,100,100,100,100.000000,1600,9072,17.636684,10,10,10,10,108,8,0,8,100,4672,272,0,0,0,0,108,0,0,0,0,332,9400
3237,W2,1,1,5,5,0,0,0,0,0,0,0,100,100,0,0,0,0,0,100,100,0,0.000000,0,9072,0.000000,0,0,0,0,108,8,0,8,100,4672,272,0,0,0,0,108,0,0,0,0,304,9400
3238,W2,1,1,5,5,0,0,0,0,0,0,0,100,100,0,0,0,0,0,100,100,0,0.000000,0,9072,0.000000,0,0,0,0,108,8,0,8,100,4672,272,0,0,0,0,108,0,0,0,0,294,9400
3239,W2,1,1,5,5,0,0,0,0,0,0,0,100,100,0,0,0,0,0,100,100,0,0.000000,0,9072,0.000000,0,0,0,0,108,8,0,8,100,4672,272,0,0,0,0,108,0,0,0,0,298,9400
3240,W2,1,1,5,5,0,0,0,0,0,0,0,100,100,0,0,0,0,0,100,100,0,0.000000,0,9072,0.000000,0,0,0,0,108,8,0,8,100,4672,272,0,0,0,0,108,0,0,0,0,292,9400
3241,W2,1,1,5,5,0,0,0,0,0,0,0,100,100,0,0,0,0,0,100,100,0,0.000000,0,9072,0.000000,0,0,0,0,108,8,0,8,100,4672,272,0,0,0,0,108,0,0,0,0,364,9400
3242,W2,1,1,5,5,0,0,0,0,0,0,0,100,100,0,0,0,0,0,100,100,0,0.000000,0,9072,0.000000,0,0,0,0,108,8,0,8,100,4672,272,0,0,0,0,108,0,0,0,0,336,9400
3243,W2,1,1,5,5,0,0,0,0,0,0,0,100,100,0,0,0,0,0,100,100,0,0.000000,0,9072,0.000000,0,0,0,0,108,8,0,8,100,4672,272,0,0,0,0,108,0,0,0,0,307,9400
3244,W2,1,1,5,5,0,0,0,0,0,0,0,100,100,0,0,0,0,0,100,100,0,0.000000,0,9072,0.000000,0,0,0,0,108,8,0,8,100,4672,272,0,0,0,0,108,0,0,0,0,294,9400
3245,W2,1,1,5,5,0,0,0,0,0,0,0,100,100,100,0,0,0,0,100,100,100,100.000000,1600,9072,17.636684,10,10,10,10,108,8,0,8,100,4672,272,0,0,0,0,108,0,0,0,0,291,9400
3246,W2,1,1,5,5,0,0,0,0,0,0,0,100,100,0,0,0,0,0,100,100,0,0.000000,0,9072,0.000000,0,0,0,0,108,8,0,8,100,4672,272,0,0,0,0,108,0,0,0,0,314,9400
3247,W2,1,1,5,5,0,0,0,0,0,0,0,100,100,0,0,0,0,0,100,100,0,0.000000,0,9072,0.000000,0,0,0,0,108,8,0,8,100,4672,272,0,0,0,0,108,0,0,0,0,300,9400
3248,W2,1,1,5,5,0,0,0,0,0,0,0,100,100,0,0,0,0,0,100,100,0,0.000000,0,9072,0.000000,0,0,0,0,108,8,0,8,100,4672,272,0,0,0,0,108,0,0,0,0,297,9400
3249,W2,1,1,5,5,0,0,0,0,0,0,0,100,100,0,0,0,0,0,100,100,0,0.000000,0,9072,0.000000,0,0,0,0,108,8,0,8,100,4672,272,0,0,0,0,108,0,0,0,0,312,9400
3250,W2,1,1,5,5,0,0,0,0,0,0,0,100,100,0,0,0,0,0,100,100,0,0.000000,0,9072,0.000000,0,0,0,0,108,8,0,8,100,4672,272,0,0,0,0,108,0,0,0,0,309,9400
3251,W2,1,1,5,5,0,0,0,0,0,0,0,100,100,0,0,0,0,0,100,100,0,0.000000,0,9072,0.000000,0,0,0,0,108,8,0,8,100,4672,272,0,0,0,0,108,0,0,0,0,328,9400
3252,W2,1,1,5,5,0,0,0,0,0,0,0,100,100,0,0,0,0,0,100,100,0,0.000000,0,9072,0.000000,0,0,0,0,108,8,0,8,100,4672,272,0,0,0,0,108,0,0,0,0,369,9400
3253,W2,1,1,5,5,0,0,0,0,0,0,0,100,100,0,0,0,0,0,100,100,0,0.000000,0,9072,0.000000,0,0,0,0,108,8,0,8,100,4672,272,0,0,0,0,108,0,0,0,0,281,9400
3254,W2,1,1,5,5,0,0,0,0,0,0,0,100,100,100,0,0,0,0,100,100,100,100.000000,1600,9072,17.636684,10,10,10,10,108,8,0,8,100,4672,272,0,0,0,0,108,0,0,0,0,295,9400
3255,W2,1,1,5,5,0,0,0,0,0,0,0,100,100,0,0,0,0,0,100,100,0,0.000000,0,9072,0.000000,0,0,0,0,108,8,0,8,100,4672,272,0,0,0,0,108,0,0,0,0,348,9400
3256,W2,1,1,5,5,0,0,0,0,0,0,0,100,100,0,0,0,0,0,100,100,0,0.000000,0,9072,0.000000,0,0,0,0,108,8,0,8,100,4672,272,0,0,0,0,108,0,0,0,0,306,9400
3257,W2,1,1,5,5,0,0,0,0,0,0,0,100,100,0,0,0,0,0,100,100,0,0.000000,0,9072,0.000000,0,0,0,0,108,8,0,8,100,4672,272,0,0,0,0,108,0,0,0,0,292,9400
3258,W2,1,1,5,5,0,0,0,0,0,0,0,100,100,0,0,0,0,0,100,100,0,0.000000,0,9072,0.000000,0,0,0,0,108,8,0,8,100,4672,272,0,0,0,0,108,0,0,0,0,313,9400
3259,W2,1,1,5,5,0,0,0,0,0,0,0,100,100,0,0,0,0,0,100,100,0,0.000000,0,9072,0.000000,0,0,0,0,108,8,0,8,100,4672,272,0,0,0,0,108,0,0,0,0,309,9400
3260,W2,1,1,5,5,0,0,0,0,0,0,0,100,100,0,0,0,0,0,100,100,0,0.000000,0,9072,0.000000,0,0,0,0,108,8,0,8,100,4672,272,0,0,0,0,108,0,0,0,0,289,9400
3261,W2,1,1,5,5,0,0,0,0,0,0,0,100,100,0,0,0,0,0,100,100,0,0.000000,0,9072,0.000000,0,0,0,0,108,8,0,8,100,4672,272,0,0,0,0,108,0,0,0,0,319,9400
3262,W2,1,1,5,5,0,0,0,0,0,0,0,100,100,0,0,0,0,0,100,100,0,0.000000,0,9072,0.000000,0,0,0,0,108,8,0,8,100,4672,272,0,0,0,0,108,0,0,0,0,291,9400
3263,W2,1,1,5,5,0,0,0,0,0,0,0,100,100,100,0,0,0,0,100,100,100,100.000000,1600,9072,17.636684,10,10,10,10,108,8,0,8,100,4672,272,0,0,0,0,108,0,0,0,0,301,9400
3264,W2,1,1,5,5,0,0,0,0,0,0,0,100,100,0,0,0,0,0,100,100,0,0.000000,0,9072,0.000000,0,0,0,0,108,8,0,8,100,4672,272,0,0,0,0,108,0,0,0,0,308,9400
3265,W2,1,1,5,5,0,0,0,0,0,0,0,100,100,0,0,0,0,0,100,100,0,0.000000,0,9072,0.000000,0,0,0,0,108,8,0,8,100,4672,272,0,0,0,0,108,0,0,0,0,329,9400
3266,W2,1,1,5,5,0,0,0,0,0,0,0,100,100,0,0,0,0,0,100,100,0,0.000000,0,9072,0.000000,0,0,0,0,108,8,0,8,100,4672,272,0,0,0,0,108,0,0,0,0,302,9400
3267,W2,1,1,5,5,0,0,0,0,0,0,0,100,100,0,0,0,0,0,100,100,0,0.000000,0,9072,0.000000,0,0,0,0,108,8,0,8,100,4672,272,0,0,0,0,108,0,0,0,0,295,9400
3268,W2,1,1,5,5,0,0,0,0,0,0,0,100,100,0,0,0,0,0,100,100,0,0.000000,0,9072,0.000000,0,0,0,0,108,8,0,8,100,4672,272,0,0,0,0,108,0,0,0,0,298,9400
3269,W2,1,1,5,5,0,0,0,0,0,0,0,100,100,0,0,0,0,0,100,100,0,0.000000,0,9072,0.000000,0,0,0,0,108,8,0,8,100,4672,272,0,0,0,0,108,0,0,0,0,331,9400
3270,W2,1,1,5,5,0,0,0,0,0,0,0,100,100,0,0,0,0,0,100,100,0,0.000000,0,9072,0.000000,0,0,0,0,108,8,0,8,100,4672,272,0,0,0,0,108,0,0,0,0,306,9400
3271,W2,1,1,5,5,0,0,0,0,0,0,0,100,100,0,0,0,0,0,100,100,0,0.000000,0,9072,0.000000,0,0,0,0,108,8,0,8,100,4672,272,0,0,0,0,108,0,0,0,0,334,9400
3272,W2,1,1,5,5,0,0,0,0,0,0,0,100,100,100,0,0,0,0,100,100,100,100.000000,1600,9072,17.636684,10,10,10,10,108,8,0,8,100,4672,272,0,0,0,0,108,0,0,0,0,304,9400
3273,W2,1,1,5,5,0,0,0,0,0,0,0,100,100,0,0,0,0,0,100,100,0,0.000000,0,9072,0.000000,0,0,0,0,108,8,0,8,100,4672,272,0,0,0,0,108,0,0,0,0,302,9400
3274,W2,1,1,5,5,0,0,0,0,0,0,0,100,100,0,0,0,0,0,100,100,0,0.000000,0,9072,0.000000,0,0,0,0,108,8,0,8,100,4672,272,0,0,0,0,108,0,0,0,0,305,9400
3275,W2,1,1,5,5,0,0,0,0,0,0,0,100,100,0,0,0,0,0,100,100,0,0.000000,0,9072,0.000000,0,0,0,0,108,8,0,8,100,4672,272,0,0,0,0,108,0,0,0,0,320,9400
3276,W2,1,1,5,5,0,0,0,0,0,0,0,100,100,0,0,0,0,0,100,100,0,0.000000,0,9072,0.000000,0,0,0,0,108,8,0,8,100,4672,272,0,0,0,0,108,0,0,0,0,373,9400
3277,W2,1,1,5,5,0,0,0,0,0,0,0,100,100,0,0,0,0,0,100,100,0,0.000000,0,9072,0.000000,0,0,0,0,108,8,0,8,100,4672,272,0,0,0,0,108,0,0,0,0,318,9400
3278,W2,1,1,5,5,0,0,0,0,0,0,0,100,100,0,0,0,0,0,100,100,0,0.000000,0,9072,0.000000,0,0,0,0,108,8,0,8,100,4672,272,0,0,0,0,108,0,0,0,0,300,9400
3279,W2,1,1,5,5,0,0,0,0,0,0,0,100,100,0,0,0,0,0,100,100,0,0.000000,0,9072,0.000000,0,0,0,0,108,8,0,8,100,4672,272,0,0,0,0,108,0,0,0,0,320,9400
3280,W2,1,1,5,5,0,0,0,0,0,0,0,100,100,0,0,0,0,0,100,100,0,0.000000,0,9072,0.000000,0,0,0,0,108,8,0,8,100,4672,272,0,0,0,0,108,0,0,0,0,293,9400
3281,W2,1,1,5,5,0,0,0,0,0,0,0,100,100,100,0,0,0,0,100,100,100,100.000000,1600,9072,17.636684,10,10,10,10,108,8,0,8,100,4672,272,0,0,0,0,108,0,0,0,0,300,9400
3282,W2,1,1,5,5,0,0,0,0,0,0,0,100,100,0,0,0,0,0,100,100,0,0.000000,0,9072,0.000000,0,0,0,0,108,8,0,8,100,4672,272,0,0,0,0,108,0,0,0,0,300,9400
3283,W2,1,1,5,5,0,0,0,0,0,0,0,100,100,0,0,0,0,0,100,100,0,0.000000,0,9072,0.000000,0,0,0,0,108,8,0,8,100,4672,272,0,0,0,0,108,0,0,0,0,297,9400
3284,W2,1,1,5,5,0,0,0,0,0,0,0,100,100,0,0,0,0,0,100,100,0,0.000000,0,9072,0.000000,0,0,0,0,108,8,0,8,100,4672,272,0,0,0,0,108,0,0,0,0,299,9400
3285,W2,1,1,5,5,0,0,0,0,0,0,0,100,100,0,0,0,0,0,100,100,0,0.000000,0,9072,0.000000,0,0,0,0,108,8,0,8,100,4672,272,0,0,0,0,108,0,0,0,0,293,9400
3286,W2,1,1,5,5,0,0,0,0,0,0,0,100,100,0,0,0,0,0,100,100,0,0.000000,0,9072,0.000000,0,0,0,0,108,8,0,8,100,4672,272,0,0,0,0,108,0,0,0,0,337,9400
3287,W2,1,1,5,5,0,0,0,0,0,0,0,100,100,0,0,0,0,0,100,100,0,0.000000,0,9072,0.000000,0,0,0,0,108,8,0,8,100,4672,272,0,0,0,0,108,0,0,0,0,294,9400
3288,W2,1,1,5,5,0,0,0,0,0,0,0,100,100,0,0,0,0,0,100,100,0,0.000000,0,9072,0.000000,0,0,0,0,108,8,0,8,100,4672,272,0,0,0,0,108,0,0,0,0,293,9400
3289,W2,1,1,5,5,0,0,0,0,0,0,0,100,100,0,0,0,0,0,100,100,0,0.000000,0,9072,0.000000,0,0,0,0,108,8,0,8,100,4672,272,0,0,0,0,108,0,0,0,0,293,9400
3290,W2,1,1,5,5,0,0,0,0,0,0,0,100,100,100,0,0,0,0,100,100,100,100.000000,1600,9072,17.636684,10,10,10,10,108,8,0,8,100,4672,272,0,0,0,0,108,0,0,0,0,291,9400
3291,W2,1,1,5,5,0,0,0,0,0,0,0,100,100,0,0,0,0,0,100,100,0,0.000000,0,9072,0.000000,0,0,0,0,108,8,0,8,100,4672,272,0,0,0,0,108,0,0,0,0,288,9400
3292,W2,1,1,5,5,0,0,0,0,0,0,0,100,100,0,0,0,0,0,100,100,0,0.000000,0,9072,0.000000,0,0,0,0,108,8,0,8,100,4672,272,0,0,0,0,108,0,0,0,0,289,9400
3293,W2,1,1,5,5,0,0,0,0,0,0,0,100,100,0,0,0,0,0,100,100,0,0.000000,0,9072,0.000000,0,0,0,0,108,8,0,8,100,4672,272,0,0,0,0,108,0,0,0,0,308,9400
3294,W2,1,1,5,5,0,0,0,0,0,0,0,100,100,0,0,0,0,0,100,100,0,0.000000,0,9072,0.000000,0,0,0,0,108,8,0,8,100,4672,272,0,0,0,0,108,0,0,0,0,337,9400
3295,W2,1,1,5,5,0,0,0,0,0,0,0,100,100,0,0,0,0,0,100,100,0,0.000000,0,9072,0.000000,0,0,0,0,108,8,0,8,100,4672,272,0,0,0,0,108,0,0,0,0,296,9400
3296,W2,1,1,5,5,0,0,0,0,0,0,0,100,100,0,0,0,0,0,100,100,0,0.000000,0,9072,0.000000,0,0,0,0,108,8,0,8,100,4672,272,0,0,0,0,108,0,0,0,0,337,9400
3297,W2,1,1,5,5,0,0,0,0,0,0,0,100,100,0,0,0,0,0,100,100,0,0.000000,0,9072,0.000000,0,0,0,0,108,8,0,8,100,4672,272,0,0,0,0,108,0,0,0,0,291,9400
3298,W2,1,1,5,5,0,0,0,0,0,0,0,100,100,0,0,0,0,0,100,100,0,0.000000,0,9072,0.000000,0,0,0,0,108,8,0,8,100,4672,272,0,0,0,0,108,0,0,0,0,294,9400
3299,W2,1,1,5,5,0,0,0,0,0,0,0,100,100,100,0,0,0,0,100,100,100,100.000000,1600,9072,17.636684,10,10,10,10,108,8,0,8,100,4672,272,0,0,0,0,108,0,0,0,0,297,9400
3300,W2,1,1,5,5,0,0,0,0,0,0,0,100,100,0,0,0,0,0,100,100,0,0.000000,0,9072,0.000000,0,0,0,0,108,8,0,8,100,4672,272,0,0,0,0,108,0,0,0,0,311,9400
3301,W2,1,1,5,5,0,0,0,0,0,0,0,100,100,0,0,0,0,0,100,100,0,0.000000,0,9072,0.000000,0,0,0,0,108,8,0,8,100,4672,272,0,0,0,0,108,0,0,0,0,292,9400
3302,W2,1,1,5,5,0,0,0,0,0,0,0,100,100,0,0,0,0,0,100,100,0,0.000000,0,9072,0.000000,0,0,0,0,108,8,0,8,100,4672,272,0,0,0,0,108,0,0,0,0,315,9400
3303,W2,1,1,5,5,0,0,0,0,0,0,0,100,100,0,0,0,0,0,100,100,0,0.000000,0,9072,0.000000,0,0,0,0,108,8,0,8,100,4672,272,0,0,0,0,108,0,0,0,0,312,9400
3304,W2,1,1,5,5,0,0,0,0,0,0,0,100,100,0,0,0,0,0,100,100,0,0.000000,0,9072,0.000000,0,0,0,0,108,8,0,8,100,4672,272,0,0,0,0,108,0,0,0,0,350,9400
3305,W2,1,1,5,5,0,0,0,0,0,0,0,100,100,0,0,0,0,0,100,100,0,0.000000,0,9072,0.000000,0,0,0,0,108,8,0,8,100,4672,272,0,0,0,0,108,0,0,0,0,304,9400
3306,W2,1,1,5,5,0,0,0,0,0,0,0,100,100,0,0,0,0,0,100,100,0,0.000000,0,9072,0.000000,0,0,0,0,108,8,0,8,100,4672,272,0,0,0,0,108,0,0,0,0,309,9400
3307,W2,1,1,5,5,0,0,0,0,0,0,0,100,100,0,0,0,0,0,100,100,0,0.000000,0,9072,0.000000,0,0,0,0,108,8,0,8,100,4672,272,0,0,0,0,108,0,0,0,0,303,9400
3308,W2,1,1,5,5,0,0,0,0,0,0,0,100,100,100,0,0,0,0,100,100,100,100.000000,1600,9072,17.636684,10,10,10,10,108,8,0,8,100,4672,272,0,0,0,0,108,0,0,0,0,290,9400
3309,W2,1,1,5,5,0,0,0,0,0,0,0,100,100,0,0,0,0,0,100,100,0,0.000000,0,9072,0.000000,0,0,0,0,108,8,0,8,100,4672,272,0,0,0,0,108,0,0,0,0,293,9400
3310,W2,1,1,5,5,0,0,0,0,0,0,0,100,100,0,0,0,0,0,100,100,0,0.000000,0,9072,0.000000,0,0,0,0,108,8,0,8,100,4672,272,0,0,0,0,108,0,0,0,0,322,9400
3311,W2,1,1,5,5,0,0,0,0,0,0,0,100,100,0,0,0,0,0,100,100,0,0.000000,0,9072,0.000000,0,0,0,0,108,8,0,8,100,4672,272,0,0,0,0,108,0,0,0,0,284,9400
3312,W2,1,1,5,5,0,0,0,0,0,0,0,100,100,0,0,0,0,0,100,100,0,0.000000,0,9072,0.000000,0,0,0,0,108,8,0,8,100,4672,272,0,0,0,0,108,0,0,0,0,297,9400
3313,W2,1,1,5,5,0,0,0,0,0,0,0,100,100,0,0,0,0,0,100,100,0,0.000000,0,9072,0.000000,0,0,0,0,108,8,0,8,100,4672,272,0,0,0,0,108,0,0,0,0,289,9400
3314,W2,1,1,5,5,0,0,0,0,0,0,0,100,100,0,0,0,0,0,100,100,0,0.000000,0,9072,0.000000,0,0,0,0,108,8,0,8,100,4672,272,0,0,0,0,108,0,0,0,0,297,9400
3315,W2,1,1,5,5,0,0,0,0,0,0,0,100,100,0,0,0,0,0,100,100,0,0.000000,0,9072,0.000000,0,0,0,0,108,8,0,8,100,4672,272,0,0,0,0,108,0,0,0,0,302,9400
3316,W2,1,1,5,5,0,0,0,0,0,0,0,100,100,0,0,0,0,0,100,100,0,0.000000,0,9072,0.000000,0,0,0,0,108,8,0,8,100,4672,272,0,0,0,0,108,0,0,0,0,311,9400
3317,W2,1,1,5,5,0,0,0,0,0,0,0,100,100,100,0,0,0,0,100,100,100,100.000000,1600,9072,17.636684,10,10,10,10,108,8,0,8,100,4672,272,0,0,0,0,108,0,0,0,0,318,9400
3318,W2,1,1,5,5,0,0,0,0,0,0,0,100,100,0,0,0,0,0,100,100,0,0.000000,0,9072,0.000000,0,0,0,0,108,8,0,8,100,4672,272,0,0,0,0,108,0,0,0,0,289,9400
3319,W2,1,1,5,5,0,0,0,0,0,0,0,100,100,0,0,0,0,0,100,100,0,0.000000,0,9072,0.000000,0,0,0,0,108,8,0,8,100,4672,272,0,0,0,0,108,0,0,0,0,293,9400
3320,W2,1,1,5,5,0,0,0,0,0,0,0,100,100,0,0,0,0,0,100,100,0,0.000000,0,9072,0.000000,0,0,0,0,108,8,0,8,100,4672,272,0,0,0,0,108,0,0,0,0,314,9400
3321,W2,1,1,5,5,0,0,0,0,0,0,0,100,100,0,0,0,0,0,100,100,0,0.000000,0,9072,0.000000,0,0,0,0,108,8,0,8,100,4672,272,0,0,0,0,108,0,0,0,0,291,9400
3322,W2,1,1,5,5,0,0,0,0,0,0,0,100,100,0,0,0,0,0,100,100,0,0.000000,0,9072,0.000000,0,0,0,0,108,8,0,8,100,4672,272,0,0,0,0,108,0,0,0,0,304,9400
3323,W2,1,1,5,5,0,0,0,0,0,0,0,100,100,0,0,0,0,0,100,100,0,0.000000,0,9072,0.000000,0,0,0,0,108,8,0,8,100,4672,272,0,0,0,0,108,0,0,0,0,305,9400
3324,W2,1,1,5,5,0,0,0,0,0,0,0,100,100,0,0,0,0,0,100,100,0,0.000000,0,9072,0.000000,0,0,0,0,108,8,0,8,100,4672,272,0,0,0,0,108,0,0,0,0,311,9400
3325,W2,1,1,5,5,0,0,0,0,0,0,0,100,100,0,0,0,0,0,100,100,0,0.000000,0,9072,0.000000,0,0,0,0,108,8,0,8,100,4672,272,0,0,0,0,108,0,0,0,0,297,9400
3326,W2,1,1,5,5,0,0,0,0,0,0,0,100,100,100,0,0,0,0,100,100,100,100.000000,1600,9072,17.636684,10,10,10,10,108,8,0,8,100,4672,272,0,0,0,0,108,0,0,0,0,324,9400
3327,W2,1,1,5,5,0,0,0,0,0,0,0,100,100,0,0,0,0,0,100,100,0,0.000000,0,9072,0.000000,0,0,0,0,108,8,0,8,100,4672,272,0,0,0,0,108,0,0,0,0,327,9400
3328,W2,1,1,5,5,0,0,0,0,0,0,0,100,100,0,0,0,0,0,100,100,0,0.000000,0,9072,0.000000,0,0,0,0,108,8,0,8,100,4672,272,0,0,0,0,108,0,0,0,0,343,9400
3329,W2,1,1,5,5,0,0,0,0,0,0,0,100,100,0,0,0,0,0,100,100,0,0.000000,0,9072,0.000000,0,0,0,0,108,8,0,8,100,4672,272,0,0,0,0,108,0,0,0,0,361,9400
3330,W2,1,1,5,5,0,0,0,0,0,0,0,100,100,0,0,0,0,0,100,100,0,0.000000,0,9072,0.000000,0,0,0,0,108,8,0,8,100,4672,272,0,0,0,0,108,0,0,0,0,344,9400
3331,W2,1,1,5,5,0,0,0,0,0,0,0,100,100,0,0,0,0,0,100,100,0,0.000000,0,9072,0.000000,0,0,0,0,108,8,0,8,100,4672,272,0,0,0,0,108,0,0,0,0,288,9400
3332,W2,1,1,5,5,0,0,0,0,0,0,0,100,100,0,0,0,0,0,100,100,0,0.000000,0,9072,0.000000,0,0,0,0,108,8,0,8,100,4672,272,0,0,0,0,108,0,0,0,0,322,9400
3333,W2,1,1,5,5,0,0,0,0,0,0,0,100,100,0,0,0,0,0,100,100,0,0.000000,0,9072,0.000000,0,0,0,0,108,8,0,8,100,4672,272,0,0,0,0,108,0,0,0,0,304,9400
3334,W2,1,1,5,5,0,0,0,0,0,0,0,100,100,0,0,0,0,0,100,100,0,0.000000,0,9072,0.000000,0,0,0,0,108,8,0,8,100,4672,272,0,0,0,0,108,0,0,0,0,299,9400
3335,W2,1,1,5,5,0,0,0,0,0,0,0,100,100,100,0,0,0,0,100,100,100,100.000000,1600,9072,17.636684,10,10,10,10,108,8,0,8,100,4672,272,0,0,0,0,108,0,0,0,0,335,9400
3336,W2,1,1,5,5,0,0,0,0,0,0,0,100,100,0,0,0,0,0,100,100,0,0.000000,0,9072,0.000000,0,0,0,0,108,8,0,8,100,4672,272,0,0,0,0,108,0,0,0,0,311,9400
3337,W2,1,1,5,5,0,0,0,0,0,0,0,100,100,0,0,0,0,0,100,100,0,0.000000,0,9072,0.000000,0,0,0,0,108,8,0,8,100,4672,272,0,0,0,0,108,0,0,0,0,335,9400
3338,W2,1,1,5,5,0,0,0,0,0,0,0,100,100,0,0,0,0,0,100,100,0,0.000000,0,9072,0.000000,0,0,0,0,108,8,0,8,100,4672,272,0,0,0,0,108,0,0,0,0,329,9400
3339,W2,1,1,5,5,0,0,0,0,0,0,0,100,100,0,0,0,0,0,100,100,0,0.000000,0,9072,0.000000,0,0,0,0,108,8,0,8,100,4672,272,0,0,0,0,108,0,0,0,0,321,9400
3340,W2,1,1,5,5,0,0,0,0,0,0,0,100,100,0,0,0,0,0,100,100,0,0.000000,0,9072,0.000000,0,0,0,0,108,8,0,8,100,4672,272,0,0,0,0,108,0,0,0,0,317,9400
3341,W2,1,1,5,5,0,0,0,0,0,0,0,100,100,0,0,0,0,0,100,100,0,0.000000,0,9072,0.000000,0,0,0,0,108,8,0,8,100,4672,272,0,0,0,0,108,0,0,0,0,353,9400
3342,W2,1,1,5,5,0,0,0,0,0,0,0,100,100,0,0,0,0,0,100,100,0,0.000000,0,9072,0.000000,0,0,0,0,108,8,0,8,100,4672,272,0,0,0,0,108,0,0,0,0,291,9400
3343,W2,1,1,5,5,0,0,0,0,0,0,0,100,100,0,0,0,0,0,100,100,0,0.000000,0,9072,0.000000,0,0,0,0,108,8,0,8,100,4672,272,0,0,0,0,108,0,0,0,0,304,9400
3344,W2,1,1,5,5,0,0,0,0,0,0,0,100,100,100,0,0,0,0,100,100,100,100.000000,1600,9072,17.636684,10,10,10,10,108,8,0,8,100,4672,272,0,0,0,0,108,0,0,0,0,342,9400
3345,W2,1,1,5,5,0,0,0,0,0,0,0,100,100,0,0,0,0,0,100,100,0,0.000000,0,9072,0.000000,0,0,0,0,108,8,0,8,100,4672,272,0,0,0,0,108,0,0,0,0,290,9400
3346,W2,1,1,5,5,0,0,0,0,0,0,0,100,100,0,0,0,0,0,100,100,0,0.000000,0,9072,0.000000,0,0,0,0,108,8,0,8,100,4672,272,0,0,0,0,108,0,0,0,0,298,9400
3347,W2,1,1,5,5,0,0,0,0,0,0,0,100,100,0,0,0,0,0,100,100,0,0.000000,0,9072,0.000000,0,0,0,0,108,8,0,8,100,4672,272,0,0,0,0,108,0,0,0,0,292,9400
3348,W2,1,1,5,5,0,0,0,0,0,0,0,100,100,0,0,0,0,0,100,100,0,0.000000,0,9072,0.000000,0,0,0,0,108,8,0,8,100,4672,272,0,0,0,0,108,0,0,0,0,294,9400
3349,W2,1,1,5,5,0,0,0,0,0,0,0,100,100,0,0,0,0,0,100,100,0,0.000000,0,9072,0.000000,0,0,0,0,108,8,0,8,100,4672,272,0,0,0,0,108,0,0,0,0,319,9400
3350,W2,1,1,5,5,0,0,0,0,0,0,0,100,100,0,0,0,0,0,100,100,0,0.000000,0,9072,0.000000,0,0,0,0,108,8,0,8,100,4672,272,0,0,0,0,108,0,0,0,0,301,9400
3351,W2,1,1,5,5,0,0,0,0,0,0,0,100,100,0,0,0,0,0,100,100,0,0.000000,0,9072,0.000000,0,0,0,0,108,8,0,8,100,4672,272,0,0,0,0,108,0,0,0,0,322,9400
3352,W2,1,1,5,5,0,0,0,0,0,0,0,100,100,0,0,0,0,0,100,100,0,0.000000,0,9072,0.000000,0,0,0,0,108,8,0,8,100,4672,272,0,0,0,0,108,0,0,0,0,295,9400
3353,W2,1,1,5,5,0,0,0,0,0,0,0,100,100,100,0,0,0,0,100,100,100,100.000000,1600,9072,17.636684,10,10,10,10,108,8,0,8,100,4672,272,0,0,0,0,108,0,0,0,0,329,9400
3354,W2,1,1,5,5,0,0,0,0,0,0,0,100,100,0,0,0,0,0,100,100,0,0.000000,0,9072,0.000000,0,0,0,0,108,8,0,8,100,4672,272,0,0,0,0,108,0,0,0,0,299,9400
3355,W2,1,1,5,5,0,0,0,0,0,0,0,100,100,0,0,0,0,0,100,100,0,0.000000,0,9072,0.000000,0,0,0,0,108,8,0,8,100,4672,272,0,0,0,0,108,0,0,0,0,298,9400
3356,W2,1,1,5,5,0,0,0,0,0,0,0,100,100,0,0,0,0,0,100,100,0,0.000000,0,9072,0.000000,0,0,0,0,108,8,0,8,100,4672,272,0,0,0,0,108,0,0,0,0,313,9400
3357,W2,1,1,5,5,0,0,0,0,0,0,0,100,100,0,0,0,0,0,100,100,0,0.000000,0,9072,0.000000,0,0,0,0,108,8,0,8,100,4672,272,0,0,0,0,108,0,0,0,0,302,9400
3358,W2,1,1,5,5,0,0,0,0,0,0,0,100,100,0,0,0,0,0,100,100,0,0.000000,0,9072,0.000000,0,0,0,0,108,8,0,8,100,4672,272,0,0,0,0,108,0,0,0,0,299,9400
3359,W2,1,1,5,5,0,0,0,0,0,0,0,100,100,0,0,0,0,0,100,100,0,0.000000,0,9072,0.000000,0,0,0,0,108,8,0,8,100,4672,272,0,0,0,0,108,0,0,0,0,294,9400
3360,W2,1,1,5,5,0,0,0,0,0,0,0,100,100,0,0,0,0,0,100,100,0,0.000000,0,9072,0.000000,0,0,0,0,108,8,0,8,100,4672,272,0,0,0,0,108,0,0,0,0,325,9400
3361,W2,1,1,5,5,0,0,0,0,0,0,0,100,100,0,0,0,0,0,100,100,0,0.000000,0,9072,0.000000,0,0,0,0,108,8,0,8,100,4672,272,0,0,0,0,108,0,0,0,0,314,9400
3362,W2,1,1,5,5,0,0,0,0,0,0,0,100,100,100,0,0,0,0,100,100,100,100.000000,1600,9072,17.636684,10,10,10,10,108,8,0,8,100,4672,272,0,0,0,0,108,0,0,0,0,302,9400
3363,W2,1,1,5,5,0,0,0,0,0,0,0,100,100,0,0,0,0,0,100,100,0,0.000000,0,9072,0.000000,0,0,0,0,108,8,0,8,100,4672,272,0,0,0,0,108,0,0,0,0,327,9400
3364,W2,1,1,5,5,0,0,0,0,0,0,0,100,100,0,0,0,0,0,100,100,0,0.000000,0,9072,0.000000,0,0,0,0,108,8,0,8,100,4672,272,0,0,0,0,108,0,0,0,0,337,9400
3365,W2,1,1,5,5,0,0,0,0,0,0,0,100,100,0,0,0,0,0,100,100,0,0.000000,0,9072,0.000000,0,0,0,0,108,8,0,8,100,4672,272,0,0,0,0,108,0,0,0,0,300,9400
3366,W2,1,1,5,5,0,0,0,0,0,0,0,100,100,0,0,0,0,0,100,100,0,0.000000,0,9072,0.000000,0,0,0,0,108,8,0,8,100,4672,272,0,0,0,0,108,0,0,0,0,316,9400
3367,W2,1,1,5,5,0,0,0,0,0,0,0,100,100,0,0,0,0,0,100,100,0,0.000000,0,9072,0.000000,0,0,0,0,108,8,0,8,100,4672,272,0,0,0,0,108,0,0,0,0,302,9400
3368,W2,1,1,5,5,0,0,0,0,0,0,0,100,100,0,0,0,0,0,100,100,0,0.000000,0,9072,0.000000,0,0,0,0,108,8,0,8,100,4672,272,0,0,0,0,108,0,0,0,0,344,9400
3369,W2,1,1,5,5,0,0,0,0,0,0,0,100,100,0,0,0,0,0,100,100,0,0.000000,0,9072,0.000000,0,0,0,0,108,8,0,8,100,4672,272,0,0,0,0,108,0,0,0,0,302,9400
3370,W2,1,1,5,5,0,0,0,0,0,0,0,100,100,0,0,0,0,0,100,100,0,0.000000,0,9072,0.000000,0,0,0,0,108,8,0,8,100,4672,272,0,0,0,0,108,0,0,0,0,324,9400
3371,W2,1,1,5,5,0,0,0,0,0,0,0,100,100,100,0,0,0,0,100,100,100,100.000000,1600,9072,17.636684,10,10,10,10,108,8,0,8,100,4672,272,0,0,0,0,108,0,0,0,0,318,9400
3372,W2,1,1,5,5,0,0,0,0,0,0,0,100,100,0,0,0,0,0,100,100,0,0.000000,0,9072,0.000000,0,0,0,0,108,8,0,8,100,4672,272,0,0,0,0,108,0,0,0,0,298,9400
3373,W2,1,1,5,5,0,0,0,0,0,0,0,100,100,0,0,0,0,0,100,100,0,0.000000,0,9072,0.000000,0,0,0,0,108,8,0,8,100,4672,272,0,0,0,0,108,0,0,0,0,294,9400
3374,W2,1,1,5,5,0,0,0,0,0,0,0,100,100,0,0,0,0,0,100,100,0,0.000000,0,9072,0.000000,0,0,0,0,108,8,0,8,100,4672,272,0,0,0,0,108,0,0,0,0,309,9400
3375,W2,1,1,5,5,0,0,0,0,0,0,0,100,100,0,0,0,0,0,100,100,0,0.000000,0,9072,0.000000,0,0,0,0,108,8,0,8,100,4672,272,0,0,0,0,108,0,0,0,0,300,9400
3376,W2,1,1,5,5,0,0,0,0,0,0,0,100,100,0,0,0,0,0,100,100,0,0.000000,0,9072,0.000000,0,0,0,0,108,8,0,8,100,4672,272,0,0,0,0,108,0,0,0,0,330,9400
3377,W2,1,1,5,5,0,0,0,0,0,0,0,100,100,0,0,0,0,0,100,100,0,0.000000,0,9072,0.000000,0,0,0,0,108,8,0,8,100,4672,272,0,0,0,0,108,0,0,0,0,293,9400
3378,W2,1,1,5,5,0,0,0,0,0,0,0,100,100,0,0,0,0,0,100,100,0,0.000000,0,9072,0.000000,0,0,0,0,108,8,0,8,100,4672,272,0,0,0,0,108,0,0,0,0,323,9400
3379,W2,1,1,5,5,0,0,0,0,0,0,0,100,100,0,0,0,0,0,100,100,0,0.000000,0,9072,0.000000,0,0,0,0,108,8,0,8,100,4672,272,0,0,0,0,108,0,0,0,0,313,9400
3380,W2,1,1,5,5,0,0,0,0,0,0,0,100,100,100,0,0,0,0,100,100,100,100.000000,1600,9072,17.636684,10,10,10,10,108,8,0,8,100,4672,272,0,0,0,0,108,0,0,0,0,301,9400
3381,W2,1,1,5,5,0,0,0,0,0,0,0,100,100,0,0,0,0,0,100,100,0,0.000000,0,9072,0.000000,0,0,0,0,108,8,0,8,100,4672,272,0,0,0,0,108,0,0,0,0,340,9400
3382,W2,1,1,5,5,0,0,0,0,0,0,0,100,100,0,0,0,0,0,100,100,0,0.000000,0,9072,0.000000,0,0,0,0,108,8,0,8,100,4672,272,0,0,0,0,108,0,0,0,0,352,9400
3383,W2,1,1,5,5,0,0,0,0,0,0,0,100,100,0,0,0,0,0,100,100,0,0.000000,0,9072,0.000000,0,0,0,0,108,8,0,8,100,4672,272,0,0,0,0,108,0,0,0,0,308,9400
3384,W2,1,1,5,5,0,0,0,0,0,0,0,100,100,0,0,0,0,0,100,100,0,0.000000,0,9072,0.000000,0,0,0,0,108,8,0,8,100,4672,272,0,0,0,0,108,0,0,0,0,305,9400
3385,W2,1,1,5,5,0,0,0,0,0,0,0,100,100,0,0,0,0,0,100,100,0,0.000000,0,9072,0.000000,0,0,0,0,108,8,0,8,100,4672,272,0,0,0,0,108,0,0,0,0,299,9400
3386,W2,1,1,5,5,0,0,0,0,0,0,0,100,100,0,0,0,0,0,100,100,0,0.000000,0,9072,0.000000,0,0,0,0,108,8,0,8,100,4672,272,0,0,0,0,108,0,0,0,0,305,9400
3387,W2,1,1,5,5,0,0,0,0,0,0,0,100,100,0,0,0,0,0,100,100,0,0.000000,0,9072,0.000000,0,0,0,0,108,8,0,8,100,4672,272,0,0,0,0,108,0,0,0,0,308,9400
3388,W2,1,1,5,5,0,0,0,0,0,0,0,100,100,0,0,0,0,0,100,100,0,0.000000,0,9072,0.000000,0,0,0,0,108,8,0,8,100,4672,272,0,0,0,0,108,0,0,0,0,294,9400
3389,W2,1,1,5,5,0,0,0,0,0,0,0,100,100,100,0,0,0,0,100,100,100,100.000000,1600,9072,17.636684,10,10,10,10,108,8,0,8,100,4672,272,0,0,0,0,108,0,0,0,0,322,9400
3390,W2,1,1,5,5,0,0,0,0,0,0,0,100,100,0,0,0,0,0,100,100,0,0.000000,0,9072,0.000000,0,0,0,0,108,8,0,8,100,4672,272,0,0,0,0,108,0,0,0,0,308,9400
3391,W2,1,1,5,5,0,0,0,0,0,0,0,100,100,0,0,0,0,0,100,100,0,0.000000,0,9072,0.000000,0,0,0,0,108,8,0,8,100,4672,272,0,0,0,0,108,0,0,0,0,299,9400
3392,W2,1,1,5,5,0,0,0,0,0,0,0,100,100,0,0,0,0,0,100,100,0,0.000000,0,9072,0.000000,0,0,0,0,108,8,0,8,100,4672,272,0,0,0,0,108,0,0,0,0,328,9400
3393,W2,1,1,5,5,0,0,0,0,0,0,0,100,100,0,0,0,0,0,100,100,0,0.000000,0,9072,0.000000,0,0,0,0,108,8,0,8,100,4672,272,0,0,0,0,108,0,0,0,0,335,9400
3394,W2,1,1,5,5,0,0,0,0,0,0,0,100,100,0,0,0,0,0,100,100,0,0.000000,0,9072,0.000000,0,0,0,0,108,8,0,8,100,4672,272,0,0,0,0,108,0,0,0,0,305,9400
3395,W2,1,1,5,5,0,0,0,0,0,0,0,100,100,0,0,0,0,0,100,100,0,0.000000,0,9072,0.000000,0,0,0,0,108,8,0,8,100,4672,272,0,0,0,0,108,0,0,0,0,330,9400
3396,W2,1,1,5,5,0,0,0,0,0,0,0,100,100,0,0,0,0,0,100,100,0,0.000000,0,9072,0.000000,0,0,0,0,108,8,0,8,100,4672,272,0,0,0,0,108,0,0,0,0,344,9400
3397,W2,1,1,5,5,0,0,0,0,0,0,0,100,100,0,0,0,0,0,100,100,0,0.000000,0,9072,0.000000,0,0,0,0,108,8,0,8,100,4672,272,0,0,0,0,108,0,0,0,0,337,9400
3398,W2,1,1,5,5,0,0,0,0,0,0,0,100,100,100,0,0,0,0,100,100,100,100.000000,1600,9072,17.636684,10,10,10,10,108,8,0,8,100,4672,272,0,0,0,0,108,0,0,0,0,306,9400
3399,W2,1,1,5,5,0,0,0,0,0,0,0,100,100,0,0,0,0,0,100,100,0,0.000000,0,9072,0.000000,0,0,0,0,108,8,0,8,100,4672,272,0,0,0,0,108,0,0,0,0,315,9400
3400,W2,1,1,5,5,0,0,0,0,0,0,0,100,100,0,0,0,0,0,100,100,0,0.000000,0,9072,0.000000,0,0,0,0,108,8,0,8,100,4672,272,0,0,0,0,108,0,0,0,0,311,9400
3401,W2,1,1,5,5,0,0,0,0,0,0,0,100,100,0,0,0,0,0,100,100,0,0.000000,0,9072,0.000000,0,0,0,0,108,8,0,8,100,4672,272,0,0,0,0,108,0,0,0,0,303,9400
3402,W2,1,1,5,5,0,0,0,0,0,0,0,100,100,0,0,0,0,0,100,100,0,0.000000,0,9072,0.000000,0,0,0,0,108,8,0,8,100,4672,272,0,0,0,0,108,0,0,0,0,311,9400
3403,W2,1,1,5,5,0,0,0,0,0,0,0,100,100,0,0,0,0,0,100,100,0,0.000000,0,9072,0.000000,0,0,0,0,108,8,0,8,100,4672,272,0,0,0,0,108,0,0,0,0,317,9400
3404,W2,1,1,5,5,0,0,0,0,0,0,0,100,100,0,0,0,0,0,100,100,0,0.000000,0,9072,0.000000,0,0,0,0,108,8,0,8,100,4672,272,0,0,0,0,108,0,0,0,0,364,9400
3405,W2,1,1,5,5,0,0,0,0,0,0,0,100,100,0,0,0,0,0,100,100,0,0.000000,0,9072,0.000000,0,0,0,0,108,8,0,8,100,4672,272,0,0,0,0,108,0,0,0,0,338,9400
3406,W2,1,1,5,5,0,0,0,0,0,0,0,100,100,0,0,0,0,0,100,100,0,0.000000,0,9072,0.000000,0,0,0,0,108,8,0,8,100,4672,272,0,0,0,0,108,0,0,0,0,303,9400
3407,W2,1,1,5,5,0,0,0,0,0,0,0,100,100,100,0,0,0,0,100,100,100,100.000000,1600,9072,17.636684,10,10,10,10,108,8,0,8,100,4672,272,0,0,0,0,108,0,0,0,0,312,9400
3408,W2,1,1,5,5,0,0,0,0,0,0,0,100,100,0,0,0,0,0,100,100,0,0.000000,0,9072,0.000000,0,0,0,0,108,8,0,8,100,4672,272,0,0,0,0,108,0,0,0,0,314,9400
3409,W2,1,1,5,5,0,0,0,0,0,0,0,100,100,0,0,0,0,0,100,100,0,0.000000,0,9072,0.000000,0,0,0,0,108,8,0,8,100,4672,272,0,0,0,0,108,0,0,0,0,294,9400
3410,W2,1,1,5,5,0,0,0,0,0,0,0,100,100,0,0,0,0,0,100,100,0,0.000000,0,9072,0.000000,0,0,0,0,108,8,0,8,100,4672,272,0,0,0,0,108,0,0,0,0,357,9400
3411,W2,1,1,5,5,0,0,0,0,0,0,0,100,100,0,0,0,0,0,100,100,0,0.000000,0,9072,0.000000,0,0,0,0,108,8,0,8,100,4672,272,0,0,0,0,108,0,0,0,0,333,9400
3412,W2,1,1,5,5,0,0,0,0,0,0,0,100,100,0,0,0,0,0,100,100,0,0.000000,0,9072,0.000000,0,0,0,0,108,8,0,8,100,4672,272,0,0,0,0,108,0,0,0,0,338,9400
3413,W2,1,1,5,5,0,0,0,0,0,0,0,100,100,0,0,0,0,0,100,100,0,0.000000,0,9072,0.000000,0,0,0,0,108,8,0,8,100,4672,272,0,0,0,0,108,0,0,0,0,325,9400
3414,W2,1,1,5,5,0,0,0,0,0,0,0,100,100,0,0,0,0,0,100,100,0,0.000000,0,9072,0.000000,0,0,0,0,108,8,0,8,100,4672,272,0,0,0,0,108,0,0,0,0,347,9400
3415,W2,1,1,5,5,0,0,0,0,0,0,0,100,100,0,0,0,0,0,100,100,0,0.000000,0,9072,0.000000,0,0,0,0,108,8,0,8,100,4672,272,0,0,0,0,108,0,0,0,0,310,9400
3416,W2,1,1,5,5,0,0,0,0,0,0,0,100,100,100,0,0,0,0,100,100,100,100.000000,1600,9072,17.636684,10,10,10,10,108,8,0,8,100,4672,272,0,0,0,0,108,0,0,0,0,301,9400
3417,W2,1,1,5,5,0,0,0,0,0,0,0,100,100,0,0,0,0,0,100,100,0,0.000000,0,9072,0.000000,0,0,0,0,108,8,0,8,100,4672,272,0,0,0,0,108,0,0,0,0,304,9400
3418,W2,1,1,5,5,0,0,0,0,0,0,0,100,100,0,0,0,0,0,100,100,0,0.000000,0,9072,0.000000,0,0,0,0,108,8,0,8,100,4672,272,0,0,0,0,108,0,0,0,0,338,9400
3419,W2,1,1,5,5,0,0,0,0,0,0,0,100,100,0,0,0,0,0,100,100,0,0.000000,0,9072,0.000000,0,0,0,0,108,8,0,8,100,4672,272,0,0,0,0,108,0,0,0,0,299,9400
3420,W2,1,1,5,5,0,0,0,0,0,0,0,100,100,0,0,0,0,0,100,100,0,0.000000,0,9072,0.000000,0,0,0,0,108,8,0,8,100,4672,272,0,0,0,0,108,0,0,0,0,325,9400
3421,W2,1,1,5,5,0,0,0,0,0,0,0,100,100,0,0,0,0,0,100,100,0,0.000000,0,9072,0.000000,0,0,0,0,108,8,0,8,100,4672,272,0,0,0,0,108,0,0,0,0,304,9400
3422,W2,1,1,5,5,0,0,0,0,0,0,0,100,100,0,0,0,0,0,100,100,0,0.000000,0,9072,0.000000,0,0,0,0,108,8,0,8,100,4672,272,0,0,0,0,108,0,0,0,0,289,9400
3423,W2,1,1,5,5,0,0,0,0,0,0,0,100,100,0,0,0,0,0,100,100,0,0.000000,0,9072,0.000000,0,0,0,0,108,8,0,8,100,4672,272,0,0,0,0,108,0,0,0,0,304,9400
3424,W2,1,1,5,5,0,0,0,0,0,0,0,100,100,0,0,0,0,0,100,100,0,0.000000,0,9072,0.000000,0,0,0,0,108,8,0,8,100,4672,272,0,0,0,0,108,0,0,0,0,292,9400
3425,W2,1,1,5,5,0,0,0,0,0,0,0,100,100,100,0,0,0,0,100,100,100,100.000000,1600,9072,17.636684,10,10,10,10,108,8,0,8,100,4672,272,0,0,0,0,108,0,0,0,0,301,9400
3426,W2,1,1,5,5,0,0,0,0,0,0,0,100,100,0,0,0,0,0,100,100,0,0.000000,0,9072,0.000000,0,0,0,0,108,8,0,8,100,4672,272,0,0,0,0,108,0,0,0,0,287,9400
3427,W2,1,1,5,5,0,0,0,0,0,0,0,100,100,0,0,0,0,0,100,100,0,0.000000,0,9072,0.000000,0,0,0,0,108,8,0,8,100,4672,272,0,0,0,0,108,0,0,0,0,283,9400
3428,W2,1,1,5,5,0,0,0,0,0,0,0,100,100,0,0,0,0,0,100,100,0,0.000000,0,9072,0.000000,0,0,0,0,108,8,0,8,100,4672,272,0,0,0,0,108,0,0,0,0,292,9400
3429,W2,1,1,5,5,0,0,0,0,0,0,0,100,100,0,0,0,0,0,100,100,0,0.000000,0,9072,0.000000,0,0,0,0,108,8,0,8,100,4672,272,0,0,0,0,108,0,0,0,0,283,9400
3430,W2,1,1,5,5,0,0,0,0,0,0,0,100,100,0,0,0,0,0,100,100,0,0.000000,0,9072,0.000000,0,0,0,0,108,8,0,8,100,4672,272,0,0,0,0,108,0,0,0,0,291,9400
3431,W2,1,1,5,5,0,0,0,0,0,0,0,100,100,0,0,0,0,0,100,100,0,0.000000,0,9072,0.000000,0,0,0,0,108,8,0,8,100,4672,272,0,0,0,0,108,0,0,0,0,295,9400
3432,W2,1,1,5,5,0,0,0,0,0,0,0,100,100,0,0,0,0,0,100,100,0,0.000000,0,9072,0.000000,0,0,0,0,108,8,0,8,100,4672,272,0,0,0,0,108,0,0,0,0,317,9400
3433,W2,1,1,5,5,0,0,0,0,0,0,0,100,100,0,0,0,0,0,100,100,0,0.000000,0,9072,0.000000,0,0,0,0,108,8,0,8,100,4672,272,0,0,0,0,108,0,0,0,0,305,9400
3434,W2,1,1,5,5,0,0,0,0,0,0,0,100,100,100,0,0,0,0,100,100,100,100.000000,1600,9072,17.636684,10,10,10,10,108,8,0,8,100,4672,272,0,0,0,0,108,0,0,0,0,323,9400
3435,W2,1,1,5,5,0,0,0,0,0,0,0,100,100,0,0,0,0,0,100,100,0,0.000000,0,9072,0.000000,0,0,0,0,108,8,0,8,100,4672,272,0,0,0,0,108,0,0,0,0,293,9400
3436,W2,1,1,5,5,0,0,0,0,0,0,0,100,100,0,0,0,0,0,100,100,0,0.000000,0,9072,0.000000,0,0,0,0,108,8,0,8,100,4672,272,0,0,0,0,108,0,0,0,0,310,9400
3437,W2,1,1,5,5,0,0,0,0,0,0,0,100,100,0,0,0,0,0,100,100,0,0.000000,0,9072,0.000000,0,0,0,0,108,8,0,8,100,4672,272,0,0,0,0,108,0,0,0,0,318,9400
3438,W2,1,1,5,5,0,0,0,0,0,0,0,100,100,0,0,0,0,0,100,100,0,0.000000,0,9072,0.000000,0,0,0,0,108,8,0,8,100,4672,272,0,0,0,0,108,0,0,0,0,302,9400
3439,W2,1,1,5,5,0,0,0,0,0,0,0,100,100,0,0,0,0,0,100,100,0,0.000000,0,9072,0.000000,0,0,0,0,108,8,0,8,100,4672,272,0,0,0,0,108,0,0,0,0,313,9400
3440,W2,1,1,5,5,0,0,0,0,0,0,0,100,100,0,0,0,0,0,100,100,0,0.000000,0,9072,0.000000,0,0,0,0,108,8,0,8,100,4672,272,0,0,0,0,108,0,0,0,0,287,9400
3441,W2,1,1,5,5,0,0,0,0,0,0,0,100,100,0,0,0,0,0,100,100,0,0.000000,0,9072,0.000000,0,0,0,0,108,8,0,8,100,4672,272,0,0,0,0,108,0,0,0,0,284,9400
3442,W2,1,1,5,5,0,0,0,0,0,0,0,100,100,0,0,0,0,0,100,100,0,0.000000,0,9072,0.000000,0,0,0,0,108,8,0,8,100,4672,272,0,0,0,0,108,0,0,0,0,294,9400
3443,W2,1,1,5,5,0,0,0,0,0,0,0,100,100,100,0,0,0,0,100,100,100,100.000000,1600,9072,17.636684,10,10,10,10,108,8,0,8,100,4672,272,0,0,0,0,108,0,0,0,0,295,9400
3444,W2,1,1,5,5,0,0,0,0,0,0,0,100,100,0,0,0,0,0,100,100,0,0.000000,0,9072,0.000000,0,0,0,0,108,8,0,8,100,4672,272,0,0,0,0,108,0,0,0,0,318,9400
3445,W2,1,1,5,5,0,0,0,0,0,0,0,100,100,0,0,0,0,0,100,100,0,0.000000,0,9072,0.000000,0,0,0,0,108,8,0,8,100,4672,272,0,0,0,0,108,0,0,0,0,280,9400
3446,W2,1,1,5,5,0,0,0,0,0,0,0,100,100,0,0,0,0,0,100,100,0,0.000000,0,9072,0.000000,0,0,0,0,108,8,0,8,100,4672,272,0,0,0,0,108,0,0,0,0,302,9400
3447,W2,1,1,5,5,0,0,0,0,0,0,0,100,100,0,0,0,0,0,100,100,0,0.000000,0,9072,0.000000,0,0,0,0,108,8,0,8,100,4672,272,0,0,0,0,108,0,0,0,0,284,9400
3448,W2,1,1,5,5,0,0,0,0,0,0,0,100,100,0,0,0,0,0,100,100,0,0.000000,0,9072,0.000000,0,0,0,0,108,8,0,8,100,4672,272,0,0,0,0,108,0,0,0,0,295,9400
3449,W2,1,1,5,5,0,0,0,0,0,0,0,100,100,0,0,0,0,0,100,100,0,0.000000,0,9072,0.000000,0,0,0,0,108,8,0,8,100,4672,272,0,0,0,0,108,0,0,0,0,341,9400
3450,W2,1,1,5,5,0,0,0,0,0,0,0,100,100,0,0,0,0,0,100,100,0,0.000000,0,9072,0.000000,0,0,0,0,108,8,0,8,100,4672,272,0,0,0,0,108,0,0,0,0,298,9400
3451,W2,1,1,5,5,0,0,0,0,0,0,0,100,100,0,0,0,0,0,100,100,0,0.000000,0,9072,0.000000,0,0,0,0,108,8,0,8,100,4672,272,0,0,0,0,108,0,0,0,0,296,9400
3452,W2,1,1,5,5,0,0,0,0,0,0,0,100,100,100,0,0,0,0,100,100,100,100.000000,1600,9072,17.636684,10,10,10,10,108,8,0,8,100,4672,272,0,0,0,0,108,0,0,0,0,294,9400
3453,W2,1,1,5,5,0,0,0,0,0,0,0,100,100,0,0,0,0,0,100,100,0,0.000000,0,9072,0.000000,0,0,0,0,108,8,0,8,100,4672,272,0,0,0,0,108,0,0,0,0,309,9400
3454,W2,1,1,5,5,0,0,0,0,0,0,0,100,100,0,0,0,0,0,100,100,0,0.000000,0,9072,0.000000,0,0,0,0,108,8,0,8,100,4672,272,0,0,0,0,108,0,0,0,0,288,9400
3455,W2,1,1,5,5,0,0,0,0,0,0,0,100,100,0,0,0,0,0,100,100,0,0.000000,0,9072,0.000000,0,0,0,0,108,8,0,8,100,4672,272,0,0,0,0,108,0,0,0,0,284,9400
3456,W2,1,1,5,5,0,0,0,0,0,0,0,100,100,0,0,0,0,0,100,100,0,0.000000,0,9072,0.000000,0,0,0,0,108,8,0,8,100,4672,272,0,0,0,0,108,0,0,0,0,332,9400
3457,W2,1,1,5,5,0,0,0,0,0,0,0,100,100,0,0,0,0,0,100,100,0,0.000000,0,9072,0.000000,0,0,0,0,108,8,0,8,100,4672,272,0,0,0,0,108,0,0,0,0,320,9400
3458,W2,1,1,5,5,0,0,0,0,0,0,0,100,100,0,0,0,0,0,100,100,0,0.000000,0,9072,0.000000,0,0,0,0,108,8,0,8,100,4672,272,0,0,0,0,108,0,0,0,0,348,9400
3459,W2,1,1,5,5,0,0,0,0,0,0,0,100,100,0,0,0,0,0,100,100,0,0.000000,0,9072,0.000000,0,0,0,0,108,8,0,8,100,4672,272,0,0,0,0,108,0,0,0,0,295,9400
3460,W2,1,1,5,5,0,0,0,0,0,0,0,100,100,0,0,0,0,0,100,100,0,0.000000,0,9072,0.000000,0,0,0,0,108,8,0,8,100,4672,272,0,0,0,0,108,0,0,0,0,301,9400
3461,W2,1,1,5,5,0,0,0,0,0,0,0,100,100,100,0,0,0,0,100,100,100,100.000000,1600,9072,17.636684,10,10,10,10,108,8,0,8,100,4672,272,0,0,0,0,108,0,0,0,0,332,9400
3462,W2,1,1,5,5,0,0,0,0,0,0,0,100,100,0,0,0,0,0,100,100,0,0.000000,0,9072,0.000000,0,0,0,0,108,8,0,8,100,4672,272,0,0,0,0,108,0,0,0,0,318,9400
3463,W2,1,1,5,5,0,0,0,0,0,0,0,100,100,0,0,0,0,0,100,100,0,0.000000,0,9072,0.000000,0,0,0,0,108,8,0,8,100,4672,272,0,0,0,0,108,0,0,0,0,329,9400
3464,W2,1,1,5,5,0,0,0,0,0,0,0,100,100,0,0,0,0,0,100,100,0,0.000000,0,9072,0.000000,0,0,0,0,108,8,0,8,100,4672,272,0,0,0,0,108,0,0,0,0,301,9400
3465,W2,1,1,5,5,0,0,0,0,0,0,0,100,100,0,0,0,0,0,100,100,0,0.000000,0,9072,0.000000,0,0,0,0,108,8,0,8,100,4672,272,0,0,0,0,108,0,0,0,0,296,9400
3466,W2,1,1,5,5,0,0,0,0,0,0,0,100,100,0,0,0,0,0,100,100,0,0.000000,0,9072,0.000000,0,0,0,0,108,8,0,8,100,4672,272,0,0,0,0,108,0,0,0,0,303,9400
3467,W2,1,1,5,5,0,0,0,0,0,0,0,100,100,0,0,0,0,0,100,100,0,0.000000,0,9072,0.000000,0,0,0,0,108,8,0,8,100,4672,272,0,0,0,0,108,0,0,0,0,359,9400
3468,W2,1,1,5,5,0,0,0,0,0,0,0,100,100,0,0,0,0,0,100,100,0,0.000000,0,9072,0.000000,0,0,0,0,108,8,0,8,100,4672,272,0,0,0,0,108,0,0,0,0,294,9400
3469,W2,1,1,5,5,0,0,0,0,0,0,0,100,100,0,0,0,0,0,100,100,0,0.000000,0,9072,0.000000,0,0,0,0,108,8,0,8,100,4672,272,0,0,0,0,108,0,0,0,0,327,9400
3470,W2,1,1,5,5,0,0,0,0,0,0,0,100,100,100,0,0,0,0,100,100,100,100.000000,1600,9072,17.636684,10,10,10,10,108,8,0,8,100,4672,272,0,0,0,0,108,0,0,0,0,288,9400
3471,W2,1,1,5,5,0,0,0,0,0,0,0,100,100,0,0,0,0,0,100,100,0,0.000000,0,9072,0.000000,0,0,0,0,108,8,0,8,100,4672,272,0,0,0,0,108,0,0,0,0,327,9400
3472,W2,1,1,5,5,0,0,0,0,0,0,0,100,100,0,0,0,0,0,100,100,0,0.000000,0,9072,0.000000,0,0,0,0,108,8,0,8,100,4672,272,0,0,0,0,108,0,0,0,0,324,9400
3473,W2,1,1,5,5,0,0,0,0,0,0,0,100,100,0,0,0,0,0,100,100,0,0.000000,0,9072,0.000000,0,0,0,0,108,8,0,8,100,4672,272,0,0,0,0,108,0,0,0,0,289,9400
3474,W2,1,1,5,5,0,0,0,0,0,0,0,100,100,0,0,0,0,0,100,100,0,0.000000,0,9072,0.000000,0,0,0,0,108,8,0,8,100,4672,272,0,0,0,0,108,0,0,0,0,289,9400
3475,W2,1,1,5,5,0,0,0,0,0,0,0,100,100,0,0,0,0,0,100,100,0,0.000000,0,9072,0.000000,0,0,0,0,108,8,0,8,100,4672,272,0,0,0,0,108,0,0,0,0,288,9400
3476,W2,1,1,5,5,0,0,0,0,0,0,0,100,100,0,0,0,0,0,100,100,0,0.000000,0,9072,0.000000,0,0,0,0,108,8,0,8,100,4672,272,0,0,0,0,108,0,0,0,0,289,9400
3477,W2,1,1,5,5,0,0,0,0,0,0,0,100,100,0,0,0,0,0,100,100,0,0.000000,0,9072,0.000000,0,0,0,0,108,8,0,8,100,4672,272,0,0,0,0,108,0,0,0,0,285,9400
3478,W2,1,1,5,5,0,0,0,0,0,0,0,100,100,0,0,0,0,0,100,100,0,0.000000,0,9072,0.000000,0,0,0,0,108,8,0,8,100,4672,272,0,0,0,0,108,0,0,0,0,285,9400
3479,W2,1,1,5,5,0,0,0,0,0,0,0,100,100,100,0,0,0,0,100,100,100,100.000000,1600,9072,17.636684,10,10,10,10,108,8,0,8,100,4672,272,0,0,0,0,108,0,0,0,0,337,9400
3480,W2,1,1,5,5,0,0,0,0,0,0,0,100,100,0,0,0,0,0,100,100,0,0.000000,0,9072,0.000000,0,0,0,0,108,8,0,8,100,4672,272,0,0,0,0,108,0,0,0,0,287,9400
3481,W2,1,1,5,5,0,0,0,0,0,0,0,100,100,0,0,0,0,0,100,100,0,0.000000,0,9072,0.000000,0,0,0,0,108,8,0,8,100,4672,272,0,0,0,0,108,0,0,0,0,284,9400
3482,W2,1,1,5,5,0,0,0,0,0,0,0,100,100,0,0,0,0,0,100,100,0,0.000000,0,9072,0.000000,0,0,0,0,108,8,0,8,100,4672,272,0,0,0,0,108,0,0,0,0,291,9400
3483,W2,1,1,5,5,0,0,0,0,0,0,0,100,100,0,0,0,0,0,100,100,0,0.000000,0,9072,0.000000,0,0,0,0,108,8,0,8,100,4672,272,0,0,0,0,108,0,0,0,0,305,9400
3484,W2,1,1,5,5,0,0,0,0,0,0,0,100,100,0,0,0,0,0,100,100,0,0.000000,0,9072,0.000000,0,0,0,0,108,8,0,8,100,4672,272,0,0,0,0,108,0,0,0,0,282,9400
3485,W2,1,1,5,5,0,0,0,0,0,0,0,100,100,0,0,0,0,0,100,100,0,0.000000,0,9072,0.000000,0,0,0,0,108,8,0,8,100,4672,272,0,0,0,0,108,0,0,0,0,288,9400
3486,W2,1,1,5,5,0,0,0,0,0,0,0,100,100,0,0,0,0,0,100,100,0,0.000000,0,9072,0.000000,0,0,0,0,108,8,0,8,100,4672,272,0,0,0,0,108,0,0,0,0,303,9400
3487,W2,1,1,5,5,0,0,0,0,0,0,0,100,100,0,0,0,0,0,100,100,0,0.000000,0,9072,0.000000,0,0,0,0,108,8,0,8,100,4672,272,0,0,0,0,108,0,0,0,0,285,9400
3488,W2,1,1,5,5,0,0,0,0,0,0,0,100,100,100,0,0,0,0,100,100,100,100.000000,1600,9072,17.636684,10,10,10,10,108,8,0,8,100,4672,272,0,0,0,0,108,0,0,0,0,293,9400
3489,W2,1,1,5,5,0,0,0,0,0,0,0,100,100,0,0,0,0,0,100,100,0,0.000000,0,9072,0.000000,0,0,0,0,108,8,0,8,100,4672,272,0,0,0,0,108,0,0,0,0,294,9400
3490,W2,1,1,5,5,0,0,0,0,0,0,0,100,100,0,0,0,0,0,100,100,0,0.000000,0,9072,0.000000,0,0,0,0,108,8,0,8,100,4672,272,0,0,0,0,108,0,0,0,0,301,9400
3491,W2,1,1,5,5,0,0,0,0,0,0,0,100,100,0,0,0,0,0,100,100,0,0.000000,0,9072,0.000000,0,0,0,0,108,8,0,8,100,4672,272,0,0,0,0,108,0,0,0,0,294,9400
3492,W2,1,1,5,5,0,0,0,0,0,0,0,100,100,0,0,0,0,0,100,100,0,0.000000,0,9072,0.000000,0,0,0,0,108,8,0,8,100,4672,272,0,0,0,0,108,0,0,0,0,317,9400
3493,W2,1,1,5,5,0,0,0,0,0,0,0,100,100,0,0,0,0,0,100,100,0,0.000000,0,9072,0.000000,0,0,0,0,108,8,0,8,100,4672,272,0,0,0,0,108,0,0,0,0,308,9400
3494,W2,1,1,5,5,0,0,0,0,0,0,0,100,100,0,0,0,0,0,100,100,0,0.000000,0,9072,0.000000,0,0,0,0,108,8,0,8,100,4672,272,0,0,0,0,108,0,0,0,0,302,9400
3495,W2,1,1,5,5,0,0,0,0,0,0,0,100,100,0,0,0,0,0,100,100,0,0.000000,0,9072,0.000000,0,0,0,0,108,8,0,8,100,4672,272,0,0,0,0,108,0,0,0,0,308,9400
3496,W2,1,1,5,5,0,0,0,0,0,0,0,100,100,0,0,0,0,0,100,100,0,0.000000,0,9072,0.000000,0,0,0,0,108,8,0,8,100,4672,272,0,0,0,0,108,0,0,0,0,336,9400
3497,W2,1,1,5,5,0,0,0,0,0,0,0,100,100,100,0,0,0,0,100,100,100,100.000000,1600,9072,17.636684,10,10,10,10,108,8,0,8,100,4672,272,0,0,0,0,108,0,0,0,0,299,9400
3498,W2,1,1,5,5,0,0,0,0,0,0,0,100,100,0,0,0,0,0,100,100,0,0.000000,0,9072,0.000000,0,0,0,0,108,8,0,8,100,4672,272,0,0,0,0,108,0,0,0,0,304,9400
3499,W2,1,1,5,5,0,0,0,0,0,0,0,100,100,0,0,0,0,0,100,100,0,0.000000,0,9072,0.000000,0,0,0,0,108,8,0,8,100,4672,272,0,0,0,0,108,0,0,0,0,299,9400
3500,W2,1,1,5,5,0,0,0,0,0,0,0,100,100,0,0,0,0,0,100,100,0,0.000000,0,9072,0.000000,0,0,0,0,108,8,0,8,100,4672,272,0,0,0,0,108,0,0,0,0,322,9400
3501,W2,1,1,5,5,0,0,0,0,0,0,0,100,100,0,0,0,0,0,100,100,0,0.000000,0,9072,0.000000,0,0,0,0,108,8,0,8,100,4672,272,0,0,0,0,108,0,0,0,0,298,9400
3502,W2,1,1,5,5,0,0,0,0,0,0,0,100,100,0,0,0,0,0,100,100,0,0.000000,0,9072,0.000000,0,0,0,0,108,8,0,8,100,4672,272,0,0,0,0,108,0,0,0,0,325,9400
3503,W2,1,1,5,5,0,0,0,0,0,0,0,100,100,0,0,0,0,0,100,100,0,0.000000,0,9072,0.000000,0,0,0,0,108,8,0,8,100,4672,272,0,0,0,0,108,0,0,0,0,292,9400
3504,W2,1,1,5,5,0,0,0,0,0,0,0,100,100,0,0,0,0,0,100,100,0,0.000000,0,9072,0.000000,0,0,0,0,108,8,0,8,100,4672,272,0,0,0,0,108,0,0,0,0,318,9400
3505,W2,1,1,5,5,0,0,0,0,0,0,0,100,100,0,0,0,0,0,100,100,0,0.000000,0,9072,0.000000,0,0,0,0,108,8,0,8,100,4672,272,0,0,0,0,108,0,0,0,0,275,9400
3506,W2,1,1,5,5,0,0,0,0,0,0,0,100,100,100,0,0,0,0,100,100,100,100.000000,1600,9072,17.636684,10,10,10,10,108,8,0,8,100,4672,272,0,0,0,0,108,0,0,0,0,324,9400
3507,W2,1,1,5,5,0,0,0,0,0,0,0,100,100,0,0,0,0,0,100,100,0,0.000000,0,9072,0.000000,0,0,0,0,108,8,0,8,100,4672,272,0,0,0,0,108,0,0,0,0,305,9400
3508,W2,1,1,5,5,0,0,0,0,0,0,0,100,100,0,0,0,0,0,100,100,0,0.000000,0,9072,0.000000,0,0,0,0,108,8,0,8,100,4672,272,0,0,0,0,108,0,0,0,0,296,9400
3509,W2,1,1,5,5,0,0,0,0,0,0,0,100,100,0,0,0,0,0,100,100,0,0.000000,0,9072,0.000000,0,0,0,0,108,8,0,8,100,4672,272,0,0,0,0,108,0,0,0,0,318,9400
3510,W2,1,1,5,5,0,0,0,0,0,0,0,100,100,0,0,0,0,0,100,100,0,0.000000,0,9072,0.000000,0,0,0,0,108,8,0,8,100,4672,272,0,0,0,0,108,0,0,0,0,331,9400
3511,W2,1,1,5,5,0,0,0,0,0,0,0,100,100,0,0,0,0,0,100,100,0,0.000000,0,9072,0.000000,0,0,0,0,108,8,0,8,100,4672,272,0,0,0,0,108,0,0,0,0,307,9400
3512,W2,1,1,5,5,0,0,0,0,0,0,0,100,100,0,0,0,0,0,100,100,0,0.000000,0,9072,0.000000,0,0,0,0,108,8,0,8,100,4672,272,0,0,0,0,108,0,0,0,0,340,9400
3513,W2,1,1,5,5,0,0,0,0,0,0,0,100,100,0,0,0,0,0,100,100,0,0.000000,0,9072,0.000000,0,0,0,0,108,8,0,8,100,4672,272,0,0,0,0,108,0,0,0,0,300,9400
3514,W2,1,1,5,5,0,0,0,0,0,0,0,100,100,0,0,0,0,0,100,100,0,0.000000,0,9072,0.000000,0,0,0,0,108,8,0,8,100,4672,272,0,0,0,0,108,0,0,0,0,323,9400
3515,W2,1,1,5,5,0,0,0,0,0,0,0,100,100,100,0,0,0,0,100,100,100,100.000000,1600,9072,17.636684,10,10,10,10,108,8,0,8,100,4672,272,0,0,0,0,108,0,0,0,0,332,9400
3516,W2,1,1,5,5,0,0,0,0,0,0,0,100,100,0,0,0,0,0,100,100,0,0.000000,0,9072,0.000000,0,0,0,0,108,8,0,8,100,4672,272,0,0,0,0,108,0,0,0,0,303,9400
3517,W2,1,1,5,5,0,0,0,0,0,0,0,100,100,0,0,0,0,0,100,100,0,0.000000,0,9072,0.000000,0,0,0,0,108,8,0,8,100,4672,272,0,0,0,0,108,0,0,0,0,297,9400
3518,W2,1,1,5,5,0,0,0,0,0,0,0,100,100,0,0,0,0,0,100,100,0,0.000000,0,9072,0.000000,0,0,0,0,108,8,0,8,100,4672,272,0,0,0,0,108,0,0,0,0,304,9400
3519,W2,1,1,5,5,0,0,0,0,0,0,0,100,100,0,0,0,0,0,100,100,0,0.000000,0,9072,0.000000,0,0,0,0,108,8,0,8,100,4672,272,0,0,0,0,108,0,0,0,0,297,9400
3520,W2,1,1,5,5,0,0,0,0,0,0,0,100,100,0,0,0,0,0,100,100,0,0.000000,0,9072,0.000000,0,0,0,0,108,8,0,8,100,4672,272,0,0,0,0,108,0,0,0,0,338,9400
3521,W2,1,1,5,5,0,0,0,0,0,0,0,100,100,0,0,0,0,0,100,100,0,0.000000,0,9072,0.000000,0,0,0,0,108,8,0,8,100,4672,272,0,0,0,0,108,0,0,0,0,332,9400
3522,W2,1,1,5,5,0,0,0,0,0,0,0,100,100,0,0,0,0,0,100,100,0,0.000000,0,9072,0.000000,0,0,0,0,108,8,0,8,100,4672,272,0,0,0,0,108,0,0,0,0,314,9400
3523,W2,1,1,5,5,0,0,0,0,0,0,0,100,100,0,0,0,0,0,100,100,0,0.000000,0,9072,0.000000,0,0,0,0,108,8,0,8,100,4672,272,0,0,0,0,108,0,0,0,0,304,9400
3524,W2,1,1,5,5,0,0,0,0,0,0,0,100,100,100,0,0,0,0,100,100,100,100.000000,1600,9072,17.636684,10,10,10,10,108,8,0,8,100,4672,272,0,0,0,0,108,0,0,0,0,298,9400
3525,W2,1,1,5,5,0,0,0,0,0,0,0,100,100,0,0,0,0,0,100,100,0,0.000000,0,9072,0.000000,0,0,0,0,108,8,0,8,100,4672,272,0,0,0,0,108,0,0,0,0,306,9400
3526,W2,1,1,5,5,0,0,0,0,0,0,0,100,100,0,0,0,0,0,100,100,0,0.000000,0,9072,0.000000,0,0,0,0,108,8,0,8,100,4672,272,0,0,0,0,108,0,0,0,0,313,9400
3527,W2,1,1,5,5,0,0,0,0,0,0,0,100,100,0,0,0,0,0,100,100,0,0.000000,0,9072,0.000000,0,0,0,0,108,8,0,8,100,4672,272,0,0,0,0,108,0,0,0,0,298,9400
3528,W2,1,1,5,5,0,0,0,0,0,0,0,100,100,0,0,0,0,0,100,100,0,0.000000,0,9072,0.000000,0,0,0,0,108,8,0,8,100,4672,272,0,0,0,0,108,0,0,0,0,306,9400
3529,W2,1,1,5,5,0,0,0,0,0,0,0,100,100,0,0,0,0,0,100,100,0,0.000000,0,9072,0.000000,0,0,0,0,108,8,0,8,100,4672,272,0,0,0,0,108,0,0,0,0,296,9400
3530,W2,1,1,5,5,0,0,0,0,0,0,0,100,100,0,0,0,0,0,100,100,0,0.000000,0,9072,0.000000,0,0,0,0,108,8,0,8,100,4672,272,0,0,0,0,108,0,0,0,0,309,9400
3531,W2,1,1,5,5,0,0,0,0,0,0,0,100,100,0,0,0,0,0,100,100,0,0.000000,0,9072,0.000000,0,0,0,0,108,8,0,8,100,4672,272,0,0,0,0,108,0,0,0,0,305,9400
3532,W2,1,1,5,5,0,0,0,0,0,0,0,100,100,0,0,0,0,0,100,100,0,0.000000,0,9072,0.000000,0,0,0,0,108,8,0,8,100,4672,272,0,0,0,0,108,0,0,0,0,297,9400
3533,W2,1,1,5,5,0,0,0,0,0,0,0,100,100,100,0,0,0,0,100,100,100,100.000000,1600,9072,17.636684,10,10,10,10,108,8,0,8,100,4672,272,0,0,0,0,108,0,0,0,0,316,9400
3534,W2,1,1,5,5,0,0,0,0,0,0,0,100,100,0,0,0,0,0,100,100,0,0.000000,0,9072,0.000000,0,0,0,0,108,8,0,8,100,4672,272,0,0,0,0,108,0,0,0,0,302,9400
3535,W2,1,1,5,5,0,0,0,0,0,0,0,100,100,0,0,0,0,0,100,100,0,0.000000,0,9072,0.000000,0,0,0,0,108,8,0,8,100,4672,272,0,0,0,0,108,0,0,0,0,299,9400
3536,W2,1,1,5,5,0,0,0,0,0,0,0,100,100,0,0,0,0,0,100,100,0,0.000000,0,9072,0.000000,0,0,0,0,108,8,0,8,100,4672,272,0,0,0,0,108,0,0,0,0,296,9400
3537,W2,1,1,5,5,0,0,0,0,0,0,0,100,100,0,0,0,0,0,100,100,0,0.000000,0,9072,0.000000,0,0,0,0,108,8,0,8,100,4672,272,0,0,0,0,108,0,0,0,0,301,9400
3538,W2,1,1,5,5,0,0,0,0,0,0,0,100,100,0,0,0,0,0,100,100,0,0.000000,0,9072,0.000000,0,0,0,0,108,8,0,8,100,4672,272,0,0,0,0,108,0,0,0,0,289,9400
3539,W2,1,1,5,5,0,0,0,0,0,0,0,100,100,0,0,0,0,0,100,100,0,0.000000,0,9072,0.000000,0,0,0,0,108,8,0,8,100,4672,272,0,0,0,0,108,0,0,0,0,290,9400
3540,W2,1,1,5,5,0,0,0,0,0,0,0,100,100,0,0,0,0,0,100,100,0,0.000000,0,9072,0.000000,0,0,0,0,108,8,0,8,100,4672,272,0,0,0,0,108,0,0,0,0,295,9400
3541,W2,1,1,5,5,0,0,0,0,0,0,0,100,100,0,0,0,0,0,100,100,0,0.000000,0,9072,0.000000,0,0,0,0,108,8,0,8,100,4672,272,0,0,0,0,108,0,0,0,0,284,9400
3542,W2,1,1,5,5,0,0,0,0,0,0,0,100,100,100,0,0,0,0,100,100,100,100.000000,1600,9072,17.636684,10,10,10,10,108,8,0,8,100,4672,272,0,0,0,0,108,0,0,0,0,302,9400
3543,W2,1,1,5,5,0,0,0,0,0,0,0,100,100,0,0,0,0,0,100,100,0,0.000000,0,9072,0.000000,0,0,0,0,108,8,0,8,100,4672,272,0,0,0,0,108,0,0,0,0,294,9400
3544,W2,1,1,5,5,0,0,0,0,0,0,0,100,100,0,0,0,0,0,100,100,0,0.000000,0,9072,0.000000,0,0,0,0,108,8,0,8,100,4672,272,0,0,0,0,108,0,0,0,0,294,9400
3545,W2,1,1,5,5,0,0,0,0,0,0,0,100,100,0,0,0,0,0,100,100,0,0.000000,0,9072,0.000000,0,0,0,0,108,8,0,8,100,4672,272,0,0,0,0,108,0,0,0,0,284,9400
3546,W2,1,1,5,5,0,0,0,0,0,0,0,100,100,0,0,0,0,0,100,100,0,0.000000,0,9072,0.000000,0,0,0,0,108,8,0,8,100,4672,272,0,0,0,0,108,0,0,0,0,290,9400
3547,W2,1,1,5,5,0,0,0,0,0,0,0,100,100,0,0,0,0,0,100,100,0,0.000000,0,9072,0.000000,0,0,0,0,108,8,0,8,100,4672,272,0,0,0,0,108,0,0,0,0,298,9400
3548,W2,1,1,5,5,0,0,0,0,0,0,0,100,100,0,0,0,0,0,100,100,0,0.000000,0,9072,0.000000,0,0,0,0,108,8,0,8,100,4672,272,0,0,0,0,108,0,0,0,0,288,9400
3549,W2,1,1,5,5,0,0,0,0,0,0,0,100,100,0,0,0,0,0,100,100,0,0.000000,0,9072,0.000000,0,0,0,0,108,8,0,8,100,4672,272,0,0,0,0,108,0,0,0,0,292,9400
3550,W2,1,1,5,5,0,0,0,0,0,0,0,100,100,0,0,0,0,0,100,100,0,0.000000,0,9072,0.000000,0,0,0,0,108,8,0,8,100,4672,272,0,0,0,0,108,0,0,0,0,296,9400
3551,W2,1,1,5,5,0,0,0,0,0,0,0,100,100,100,0,0,0,0,100,100,100,100.000000,1600,9072,17.636684,10,10,10,10,108,8,0,8,100,4672,272,0,0,0,0,108,0,0,0,0,296,9400
3552,W2,1,1,5,5,0,0,0,0,0,0,0,100,100,0,0,0,0,0,100,100,0,0.000000,0,9072,0.000000,0,0,0,0,108,8,0,8,100,4672,272,0,0,0,0,108,0,0,0,0,370,9400
3553,W2,1,1,5,5,0,0,0,0,0,0,0,100,100,0,0,0,0,0,100,100,0,0.000000,0,9072,0.000000,0,0,0,0,108,8,0,8,100,4672,272,0,0,0,0,108,0,0,0,0,289,9400
3554,W2,1,1,5,5,0,0,0,0,0,0,0,100,100,0,0,0,0,0,100,100,0,0.000000,0,9072,0.000000,0,0,0,0,108,8,0,8,100,4672,272,0,0,0,0,108,0,0,0,0,312,9400
3555,W2,1,1,5,5,0,0,0,0,0,0,0,100,100,0,0,0,0,0,100,100,0,0.000000,0,9072,0.000000,0,0,0,0,108,8,0,8,100,4672,272,0,0,0,0,108,0,0,0,0,284,9400
3556,W2,1,1,5,5,0,0,0,0,0,0,0,100,100,0,0,0,0,0,100,100,0,0.000000,0,9072,0.000000,0,0,0,0,108,8,0,8,100,4672,272,0,0,0,0,108,0,0,0,0,293,9400
3557,W2,1,1,5,5,0,0,0,0,0,0,0,100,100,0,0,0,0,0,100,100,0,0.000000,0,9072,0.000000,0,0,0,0,108,8,0,8,100,4672,272,0,0,0,0,108,0,0,0,0,310,9400
3558,W2,1,1,5,5,0,0,0,0,0,0,0,100,100,0,0,0,0,0,100,100,0,0.000000,0,9072,0.000000,0,0,0,0,108,8,0,8,100,4672,272,0,0,0,0,108,0,0,0,0,301,9400
3559,W2,1,1,5,5,0,0,0,0,0,0,0,100,100,0,0,0,0,0,100,100,0,0.000000,0,9072,0.000000,0,0,0,0,108,8,0,8,100,4672,272,0,0,0,0,108,0,0,0,0,293,9400
3560,W2,1,1,5,5,0,0,0,0,0,0,0,100,100,100,0,0,0,0,100,100,100,100.000000,1600,9072,17.636684,10,10,10,10,108,8,0,8,100,4672,272,0,0,0,0,108,0,0,0,0,371,9400
3561,W2,1,1,5,5,0,0,0,0,0,0,0,100,100,0,0,0,0,0,100,100,0,0.000000,0,9072,0.000000,0,0,0,0,108,8,0,8,100,4672,272,0,0,0,0,108,0,0,0,0,324,9400
3562,W2,1,1,5,5,0,0,0,0,0,0,0,100,100,0,0,0,0,0,100,100,0,0.000000,0,9072,0.000000,0,0,0,0,108,8,0,8,100,4672,272,0,0,0,0,108,0,0,0,0,289,9400
3563,W2,1,1,5,5,0,0,0,0,0,0,0,100,100,0,0,0,0,0,100,100,0,0.000000,0,9072,0.000000,0,0,0,0,108,8,0,8,100,4672,272,0,0,0,0,108,0,0,0,0,336,9400
3564,W2,1,1,5,5,0,0,0,0,0,0,0,100,100,0,0,0,0,0,100,100,0,0.000000,0,9072,0.000000,0,0,0,0,108,8,0,8,100,4672,272,0,0,0,0,108,0,0,0,0,350,9400
3565,W2,1,1,5,5,0,0,0,0,0,0,0,100,100,0,0,0,0,0,100,100,0,0.000000,0,9072,0.000000,0,0,0,0,108,8,0,8,100,4672,272,0,0,0,0,108,0,0,0,0,300,9400
3566,W2,1,1,5,5,0,0,0,0,0,0,0,100,100,0,0,0,0,0,100,100,0,0.000000,0,9072,0.000000,0,0,0,0,108,8,0,8,100,4672,272,0,0,0,0,108,0,0,0,0,299,9400
3567,W2,1,1,5,5,0,0,0,0,0,0,0,100,100,0,0,0,0,0,100,100,0,0.000000,0,9072,0.000000,0,0,0,0,108,8,0,8,100,4672,272,0,0,0,0,108,0,0,0,0,303,9400
3568,W2,1,1,5,5,0,0,0,0,0,0,0,100,100,0,0,0,0,0,100,100,0,0.000000,0,9072,0.000000,0,0,0,0,108,8,0,8,100,4672,272,0,0,0,0,108,0,0,0,0,318,9400
3569,W2,1,1,5,5,0,0,0,0,0,0,0,100,100,100,0,0,0,0,100,100,100,100.000000,1600,9072,17.636684,10,10,10,10,108,8,0,8,100,4672,272,0,0,0,0,108,0,0,0,0,297,9400
3570,W2,1,1,5,5,0,0,0,0,0,0,0,100,100,0,0,0,0,0,100,100,0,0.000000,0,9072,0.000000,0,0,0,0,108,8,0,8,100,4672,272,0,0,0,0,108,0,0,0,0,351,9400
3571,W2,1,1,5,5,0,0,0,0,0,0,0,100,100,0,0,0,0,0,100,100,0,0.000000,0,9072,0.000000,0,0,0,0,108,8,0,8,100,4672,272,0,0,0,0,108,0,0,0,0,298,9400
3572,W2,1,1,5,5,0,0,0,0,0,0,0,100,100,0,0,0,0,0,100,100,0,0.000000,0,9072,0.000000,0,0,0,0,108,8,0,8,100,4672,272,0,0,0,0,108,0,0,0,0,307,9400
3573,W2,1,1,5,5,0,0,0,0,0,0,0,100,100,0,0,0,0,0,100,100,0,0.000000,0,9072,0.000000,0,0,0,0,108,8,0,8,100,4672,272,0,0,0,0,108,0,0,0,0,317,9400
3574,W2,1,1,5,5,0,0,0,0,0,0,0,100,100,0,0,0,0,0,100,100,0,0.000000,0,9072,0.000000,0,0,0,0,108,8,0,8,100,4672,272,0,0,0,0,108,0,0,0,0,314,9400
3575,W2,1,1,5,5,0,0,0,0,0,0,0,100,100,0,0,0,0,0,100,100,0,0.000000,0,9072,0.000000,0,0,0,0,108,8,0,8,100,4672,272,0,0,0,0,108,0,0,0,0,300,9400
3576,W2,1,1,5,5,0,0,0,0,0,0,0,100,100,0,0,0,0,0,100,100,0,0.000000,0,9072,0.000000,0,0,0,0,108,8,0,8,100,4672,272,0,0,0,0,108,0,0,0,0,295,9400
3577,W2,1,1,5,5,0,0,0,0,0,0,0,100,100,0,0,0,0,0,100,100,0,0.000000,0,9072,0.000000,0,0,0,0,108,8,0,8,100,4672,272,0,0,0,0,108,0,0,0,0,309,9400
3578,W2,1,1,5,5,0,0,0,0,0,0,0,100,100,100,0,0,0,0,100,100,100,100.000000,1600,9072,17.636684,10,10,10,10,108,8,0,8,100,4672,272,0,0,0,0,108,0,0,0,0,312,9400
3579,W2,1,1,5,5,0,0,0,0,0,0,0,100,100,0,0,0,0,0,100,100,0,0.000000,0,9072,0.000000,0,0,0,0,108,8,0,8,100,4672,272,0,0,0,0,108,0,0,0,0,284,9400
3580,W2,1,1,5,5,0,0,0,0,0,0,0,100,100,0,0,0,0,0,100,100,0,0.000000,0,9072,0.000000,0,0,0,0,108,8,0,8,100,4672,272,0,0,0,0,108,0,0,0,0,317,9400
3581,W2,1,1,5,5,0,0,0,0,0,0,0,100,100,0,0,0,0,0,100,100,0,0.000000,0,9072,0.000000,0,0,0,0,108,8,0,8,100,4672,272,0,0,0,0,108,0,0,0,0,298,9400
3582,W2,1,1,5,5,0,0,0,0,0,0,0,100,100,0,0,0,0,0,100,100,0,0.000000,0,9072,0.000000,0,0,0,0,108,8,0,8,100,4672,272,0,0,0,0,108,0,0,0,0,289,9400
3583,W2,1,1,5,5,0,0,0,0,0,0,0,100,100,0,0,0,0,0,100,100,0,0.000000,0,9072,0.000000,0,0,0,0,108,8,0,8,100,4672,272,0,0,0,0,108,0,0,0,0,289,9400
3584,W2,1,1,5,5,0,0,0,0,0,0,0,100,100,0,0,0,0,0,100,100,0,0.000000,0,9072,0.000000,0,0,0,0,108,8,0,8,100,4672,272,0,0,0,0,108,0,0,0,0,295,9400
3585,W2,1,1,5,5,0,0,0,0,0,0,0,100,100,0,0,0,0,0,100,100,0,0.000000,0,9072,0.000000,0,0,0,0,108,8,0,8,100,4672,272,0,0,0,0,108,0,0,0,0,290,9400
3586,W2,1,1,5,5,0,0,0,0,0,0,0,100,100,0,0,0,0,0,100,100,0,0.000000,0,9072,0.000000,0,0,0,0,108,8,0,8,100,4672,272,0,0,0,0,108,0,0,0,0,291,9400
3587,W2,1,1,5,5,0,0,0,0,0,0,0,100,100,100,0,0,0,0,100,100,100,100.000000,1600,9072,17.636684,10,10,10,10,108,8,0,8,100,4672,272,0,0,0,0,108,0,0,0,0,325,9400
3588,W2,1,1,5,5,0,0,0,0,0,0,0,100,100,0,0,0,0,0,100,100,0,0.000000,0,9072,0.000000,0,0,0,0,108,8,0,8,100,4672,272,0,0,0,0,108,0,0,0,0,283,9400
3589,W2,1,1,5,5,0,0,0,0,0,0,0,100,100,0,0,0,0,0,100,100,0,0.000000,0,9072,0.000000,0,0,0,0,108,8,0,8,100,4672,272,0,0,0,0,108,0,0,0,0,318,9400
3590,W2,1,1,5,5,0,0,0,0,0,0,0,100,100,0,0,0,0,0,100,100,0,0.000000,0,9072,0.000000,0,0,0,0,108,8,0,8,100,4672,272,0,0,0,0,108,0,0,0,0,292,9400
3591,W2,1,1,5,5,0,0,0,0,0,0,0,100,100,0,0,0,0,0,100,100,0,0.000000,0,9072,0.000000,0,0,0,0,108,8,0,8,100,4672,272,0,0,0,0,108,0,0,0,0,285,9400
3592,W2,1,1,5,5,0,0,0,0,0,0,0,100,100,0,0,0,0,0,100,100,0,0.000000,0,9072,0.000000,0,0,0,0,108,8,0,8,100,4672,272,0,0,0,0,108,0,0,0,0,337,9400
3593,W2,1,1,5,5,0,0,0,0,0,0,0,100,100,0,0,0,0,0,100,100,0,0.000000,0,9072,0.000000,0,0,0,0,108,8,0,8,100,4672,272,0,0,0,0,108,0,0,0,0,292,9400
3594,W2,1,1,5,5,0,0,0,0,0,0,0,100,100,0,0,0,0,0,100,100,0,0.000000,0,9072,0.000000,0,0,0,0,108,8,0,8,100,4672,272,0,0,0,0,108,0,0,0,0,317,9400
3595,W2,1,1,5,5,0,0,0,0,0,0,0,100,100,0,0,0,0,0,100,100,0,0.000000,0,9072,0.000000,0,0,0,0,108,8,0,8,100,4672,272,0,0,0,0,108,0,0,0,0,328,9400
3596,W2,1,1,5,5,0,0,0,0,0,0,0,100,100,100,0,0,0,0,100,100,100,100.000000,1600,9072,17.636684,10,10,10,10,108,8,0,8,100,4672,272,0,0,0,0,108,0,0,0,0,304,9400
3597,W2,1,1,5,5,0,0,0,0,0,0,0,100,100,0,0,0,0,0,100,100,0,0.000000,0,9072,0.000000,0,0,0,0,108,8,0,8,100,4672,272,0,0,0,0,108,0,0,0,0,344,9400
3598,W2,1,1,5,5,0,0,0,0,0,0,0,100,100,0,0,0,0,0,100,100,0,0.000000,0,9072,0.000000,0,0,0,0,108,8,0,8,100,4672,272,0,0,0,0,108,0,0,0,0,322,9400
3599,W2,1,1,5,5,0,0,0,0,0,0,0,100,100,0,0,0,0,0,100,100,0,0.000000,0,9072,0.000000,0,0,0,0,108,8,0,8,100,4672,272,0,0,0,0,108,0,0,0,0,334,9400
3600,W2,1,1,5,5,0,0,0,0,0,0,0,100,100,0,0,0,0,0,100,100,0,0.000000,0,9072,0.000000,0,0,0,0,108,8,0,8,100,4672,272,0,0,0,0,108,0,0,0,0,290,9400
3601,W2,1,1,5,5,0,0,0,0,0,0,0,100,100,0,0,0,0,0,100,100,0,0.000000,0,9072,0.000000,0,0,0,0,108,8,0,8,100,4672,272,0,0,0,0,108,0,0,0,0,312,9400
3602,W2,1,1,5,5,0,0,0,0,0,0,0,100,100,0,0,0,0,0,100,100,0,0.000000,0,9072,0.000000,0,0,0,0,108,8,0,8,100,4672,272,0,0,0,0,108,0,0,0,0,287,9400
3603,W2,1,1,5,5,0,0,0,0,0,0,0,100,100,0,0,0,0,0,100,100,0,0.000000,0,9072,0.000000,0,0,0,0,108,8,0,8,100,4672,272,0,0,0,0,108,0,0,0,0,284,9400
3604,W2,1,1,5,5,0,0,0,0,0,0,0,100,100,0,0,0,0,0,100,100,0,0.000000,0,9072,0.000000,0,0,0,0,108,8,0,8,100,4672,272,0,0,0,0,108,0,0,0,0,299,9400
3605,W2,1,1,5,5,0,0,0,0,0,0,0,100,100,100,0,0,0,0,100,100,100,100.000000,1600,9072,17.636684,10,10,10,10,108,8,0,8,100,4672,272,0,0,0,0,108,0,0,0,0,291,9400
3606,W2,1,1,5,5,0,0,0,0,0,0,0,100,100,0,0,0,0,0,100,100,0,0.000000,0,9072,0.000000,0,0,0,0,108,8,0,8,100,4672,272,0,0,0,0,108,0,0,0,0,334,9400
3607,W2,1,1,5,5,0,0,0,0,0,0,0,100,100,0,0,0,0,0,100,100,0,0.000000,0,9072,0.000000,0,0,0,0,108,8,0,8,100,4672,272,0,0,0,0,108,0,0,0,0,289,9400
3608,W2,1,1,5,5,0,0,0,0,0,0,0,100,100,0,0,0,0,0,100,100,0,0.000000,0,9072,0.000000,0,0,0,0,108,8,0,8,100,4672,272,0,0,0,0,108,0,0,0,0,305,9400
3609,W2,1,1,5,5,0,0,0,0,0,0,0,100,100,0,0,0,0,0,100,100,0,0.000000,0,9072,0.000000,0,0,0,0,108,8,0,8,100,4672,272,0,0,0,0,108,0,0,0,0,296,9400
3610,W2,1,1,5,5,0,0,0,0,0,0,0,100,100,0,0,0,0,0,100,100,0,0.000000,0,9072,0.000000,0,0,0,0,108,8,0,8,100,4672,272,0,0,0,0,108,0,0,0,0,294,9400
3611,W2,1,1,5,5,0,0,0,0,0,0,0,100,100,0,0,0,0,0,100,100,0,0.000000,0,9072,0.000000,0,0,0,0,108,8,0,8,100,4672,272,0,0,0,0,108,0,0,0,0,308,9400
3612,W2,1,1,5,5,0,0,0,0,0,0,0,100,100,0,0,0,0,0,100,100,0,0.000000,0,9072,0.000000,0,0,0,0,108,8,0,8,100,4672,272,0,0,0,0,108,0,0,0,0,297,9400
3613,W2,1,1,5,5,0,0,0,0,0,0,0,100,100,0,0,0,0,0,100,100,0,0.000000,0,9072,0.000000,0,0,0,0,108,8,0,8,100,4672,272,0,0,0,0,108,0,0,0,0,316,9400
3614,W2,1,1,5,5,0,0,0,0,0,0,0,100,100,100,0,0,0,0,100,100,100,100.000000,1600,9072,17.636684,10,10,10,10,108,8,0,8,100,4672,272,0,0,0,0,108,0,0,0,0,300,9400
3615,W2,1,1,5,5,0,0,0,0,0,0,0,100,100,0,0,0,0,0,100,100,0,0.000000,0,9072,0.000000,0,0,0,0,108,8,0,8,100,4672,272,0,0,0,0,108,0,0,0,0,360,9400
3616,W2,1,1,5,5,0,0,0,0,0,0,0,100,100,0,0,0,0,0,100,100,0,0.000000,0,9072,0.000000,0,0,0,0,108,8,0,8,100,4672,272,0,0,0,0,108,0,0,0,0,321,9400
3617,W2,1,1,5,5,0,0,0,0,0,0,0,100,100,0,0,0,0,0,100,100,0,0.000000,0,9072,0.000000,0,0,0,0,108,8,0,8,100,4672,272,0,0,0,0,108,0,0,0,0,306,9400
3618,W2,1,1,5,5,0,0,0,0,0,0,0,100,100,0,0,0,0,0,100,100,0,0.000000,0,9072,0.000000,0,0,0,0,108,8,0,8,100,4672,272,0,0,0,0,108,0,0,0,0,372,9400
3619,W2,1,1,5,5,0,0,0,0,0,0,0,100,100,0,0,0,0,0,100,100,0,0.000000,0,9072,0.000000,0,0,0,0,108,8,0,8,100,4672,272,0,0,0,0,108,0,0,0,0,291,9400
3620,W2,1,1,5,5,0,0,0,0,0,0,0,100,100,0,0,0,0,0,100,100,0,0.000000,0,9072,0.000000,0,0,0,0,108,8,0,8,100,4672,272,0,0,0,0,108,0,0,0,0,302,9400
3621,W2,1,1,5,5,0,0,0,0,0,0,0,100,100,0,0,0,0,0,100,100,0,0.000000,0,9072,0.000000,0,0,0,0,108,8,0,8,100,4672,272,0,0,0,0,108,0,0,0,0,282,9400
3622,W2,1,1,5,5,0,0,0,0,0,0,0,100,100,0,0,0,0,0,100,100,0,0.000000,0,9072,0.000000,0,0,0,0,108,8,0,8,100,4672,272,0,0,0,0,108,0,0,0,0,313,9400
3623,W2,1,1,5,5,0,0,0,0,0,0,0,100,100,100,0,0,0,0,100,100,100,100.000000,1600,9072,17.636684,10,10,10,10,108,8,0,8,100,4672,272,0,0,0,0,108,0,0,0,0,313,9400
3624,W2,1,1,5,5,0,0,0,0,0,0,0,100,100,0,0,0,0,0,100,100,0,0.000000,0,9072,0.000000,0,0,0,0,108,8,0,8,100,4672,272,0,0,0,0,108,0,0,0,0,287,9400
3625,W2,1,1,5,5,0,0,0,0,0,0,0,100,100,0,0,0,0,0,100,100,0,0.000000,0,9072,0.000000,0,0,0,0,108,8,0,8,100,4672,272,0,0,0,0,108,0,0,0,0,286,9400
3626,W2,1,1,5,5,0,0,0,0,0,0,0,100,100,0,0,0,0,0,100,100,0,0.000000,0,9072,0.000000,0,0,0,0,108,8,0,8,100,4672,272,0,0,0,0,108,0,0,0,0,316,9400
3627,W2,1,1,5,5,0,0,0,0,0,0,0,100,100,0,0,0,0,0,100,100,0,0.000000,0,9072,0.000000,0,0,0,0,108,8,0,8,100,4672,272,0,0,0,0,108,0,0,0,0,340,9400
3628,W2,1,1,5,5,0,0,0,0,0,0,0,100,100,0,0,0,0,0,100,100,0,0.000000,0,9072,0.000000,0,0,0,0,108,8,0,8,100,4672,272,0,0,0,0,108,0,0,0,0,286,9400
3629,W2,1,1,5,5,0,0,0,0,0,0,0,100,100,0,0,0,0,0,100,100,0,0.000000,0,9072,0.000000,0,0,0,0,108,8,0,8,100,4672,272,0,0,0,0,108,0,0,0,0,295,9400
3630,W2,1,1,5,5,0,0,0,0,0,0,0,100,100,0,0,0,0,0,100,100,0,0.000000,0,9072,0.000000,0,0,0,0,108,8,0,8,100,4672,272,0,0,0,0,108,0,0,0,0,336,9400
3631,W2,1,1,5,5,0,0,0,0,0,0,0,100,100,0,0,0,0,0,100,100,0,0.000000,0,9072,0.000000,0,0,0,0,108,8,0,8,100,4672,272,0,0,0,0,108,0,0,0,0,320,9400
3632,W2,1,1,5,5,0,0,0,0,0,0,0,100,100,100,0,0,0,0,100,100,100,100.000000,1600,9072,17.636684,10,10,10,10,108,8,0,8,100,4672,272,0,0,0,0,108,0,0,0,0,308,9400
3633,W2,1,1,5,5,0,0,0,0,0,0,0,100,100,0,0,0,0,0,100,100,0,0.000000,0,9072,0.000000,0,0,0,0,108,8,0,8,100,4672,272,0,0,0,0,108,0,0,0,0,299,9400
3634,W2,1,1,5,5,0,0,0,0,0,0,0,100,100,0,0,0,0,0,100,100,0,0.000000,0,9072,0.000000,0,0,0,0,108,8,0,8,100,4672,272,0,0,0,0,108,0,0,0,0,304,9400
3635,W2,1,1,5,5,0,0,0,0,0,0,0,100,100,0,0,0,0,0,100,100,0,0.000000,0,9072,0.000000,0,0,0,0,108,8,0,8,100,4672,272,0,0,0,0,108,0,0,0,0,290,9400
3636,W2,1,1,5,5,0,0,0,0,0,0,0,100,100,0,0,0,0,0,100,100,0,0.000000,0,9072,0.000000,0,0,0,0,108,8,0,8,100,4672,272,0,0,0,0,108,0,0,0,0,297,9400
3637,W2,1,1,5,5,0,0,0,0,0,0,0,100,100,0,0,0,0,0,100,100,0,0.000000,0,9072,0.000000,0,0,0,0,108,8,0,8,100,4672,272,0,0,0,0,108,0,0,0,0,277,9400
3638,W2,1,1,5,5,0,0,0,0,0,0,0,100,100,0,0,0,0,0,100,100,0,0.000000,0,9072,0.000000,0,0,0,0,108,8,0,8,100,4672,272,0,0,0,0,108,0,0,0,0,337,9400
3639,W2,1,1,5,5,0,0,0,0,0,0,0,100,100,0,0,0,0,0,100,100,0,0.000000,0,9072,0.000000,0,0,0,0,108,8,0,8,100,4672,272,0,0,0,0,108,0,0,0,0,305,9400
3640,W2,1,1,5,5,0,0,0,0,0,0,0,100,100,0,0,0,0,0,100,100,0,0.000000,0,9072,0.000000,0,0,0,0,108,8,0,8,100,4672,272,0,0,0,0,108,0,0,0,0,315,9400
3641,W2,1,1,5,5,0,0,0,0,0,0,0,100,100,100,0,0,0,0,100,100,100,100.000000,1600,9072,17.636684,10,10,10,10,108,8,0,8,100,4672,272,0,0,0,0,108,0,0,0,0,301,9400
3642,W2,1,1,5,5,0,0,0,0,0,0,0,100,100,0,0,0,0,0,100,100,0,0.000000,0,9072,0.000000,0,0,0,0,108,8,0,8,100,4672,272,0,0,0,0,108,0,0,0,0,297,9400
3643,W2,1,1,5,5,0,0,0,0,0,0,0,100,100,0,0,0,0,0,100,100,0,0.000000,0,9072,0.000000,0,0,0,0,108,8,0,8,100,4672,272,0,0,0,0,108,0,0,0,0,284,9400
3644,W2,1,1,5,5,0,0,0,0,0,0,0,100,100,0,0,0,0,0,100,100,0,0.000000,0,9072,0.000000,0,0,0,0,108,8,0,8,100,4672,272,0,0,0,0,108,0,0,0,0,302,9400
3645,W2,1,1,5,5,0,0,0,0,0,0,0,100,100,0,0,0,0,0,100,100,0,0.000000,0,9072,0.000000,0,0,0,0,108,8,0,8,100,4672,272,0,0,0,0,108,0,0,0,0,289,9400
3646,W2,1,1,5,5,0,0,0,0,0,0,0,100,100,0,0,0,0,0,100,100,0,0.000000,0,9072,0.000000,0,0,0,0,108,8,0,8,100,4672,272,0,0,0,0,108,0,0,0,0,285,9400
3647,W2,1,1,5,5,0,0,0,0,0,0,0,100,100,0,0,0,0,0,100,100,0,0.000000,0,9072,0.000000,0,0,0,0,108,8,0,8,100,4672,272,0,0,0,0,108,0,0,0,0,290,9400
3648,W2,1,1,5,5,0,0,0,0,0,0,0,100,100,0,0,0,0,0,100,100,0,0.000000,0,9072,0.000000,0,0,0,0,108,8,0,8,100,4672,272,0,0,0,0,108,0,0,0,0,307,9400
3649,W2,1,1,5,5,0,0,0,0,0,0,0,100,100,0,0,0,0,0,100,100,0,0.000000,0,9072,0.000000,0,0,0,0,108,8,0,8,100,4672,272,0,0,0,0,108,0,0,0,0,278,9400
3650,W2,1,1,5,5,0,0,0,0,0,0,0,100,100,100,0,0,0,0,100,100,100,100.000000,1600,9072,17.636684,10,10,10,10,108,8,0,8,100,4672,272,0,0,0,0,108,0,0,0,0,345,9400
3651,W2,1,1,5,5,0,0,0,0,0,0,0,100,100,0,0,0,0,0,100,100,0,0.000000,0,9072,0.000000,0,0,0,0,108,8,0,8,100,4672,272,0,0,0,0,108,0,0,0,0,289,9400
3652,W2,1,1,5,5,0,0,0,0,0,0,0,100,100,0,0,0,0,0,100,100,0,0.000000,0,9072,0.000000,0,0,0,0,108,8,0,8,100,4672,272,0,0,0,0,108,0,0,0,0,287,9400
3653,W2,1,1,5,5,0,0,0,0,0,0,0,100,100,0,0,0,0,0,100,100,0,0.000000,0,9072,0.000000,0,0,0,0,108,8,0,8,100,4672,272,0,0,0,0,108,0,0,0,0,282,9400
3654,W2,1,1,5,5,0,0,0,0,0,0,0,100,100,0,0,0,0,0,100,100,0,0.000000,0,9072,0.000000,0,0,0,0,108,8,0,8,100,4672,272,0,0,0,0,108,0,0,0,0,310,9400
3655,W2,1,1,5,5,0,0,0,0,0,0,0,100,100,0,0,0,0,0,100,100,0,0.000000,0,9072,0.000000,0,0,0,0,108,8,0,8,100,4672,272,0,0,0,0,108,0,0,0,0,297,9400
3656,W2,1,1,5,5,0,0,0,0,0,0,0,100,100,0,0,0,0,0,100,100,0,0.000000,0,9072,0.000000,0,0,0,0,108,8,0,8,100,4672,272,0,0,0,0,108,0,0,0,0,296,9400
3657,W2,1,1,5,5,0,0,0,0,0,0,0,100,100,0,0,0,0,0,100,100,0,0.000000,0,9072,0.000000,0,0,0,0,108,8,0,8,100,4672,272,0,0,0,0,108,0,0,0,0,322,9400
3658,W2,1,1,5,5,0,0,0,0,0,0,0,100,100,0,0,0,0,0,100,100,0,0.000000,0,9072,0.000000,0,0,0,0,108,8,0,8,100,4672,272,0,0,0,0,108,0,0,0,0,311,9400
3659,W2,1,1,5,5,0,0,0,0,0,0,0,100,100,100,0,0,0,0,100,100,100,100.000000,1600,9072,17.636684,10,10,10,10,108,8,0,8,100,4672,272,0,0,0,0,108,0,0,0,0,315,9400
3660,W2,1,1,5,5,0,0,0,0,0,0,0,100,100,0,0,0,0,0,100,100,0,0.000000,0,9072,0.000000,0,0,0,0,108,8,0,8,100,4672,272,0,0,0,0,108,0,0,0,0,304,9400
3661,W2,1,1,5,5,0,0,0,0,0,0,0,100,100,0,0,0,0,0,100,100,0,0.000000,0,9072,0.000000,0,0,0,0,108,8,0,8,100,4672,272,0,0,0,0,108,0,0,0,0,307,9400
3662,W2,1,1,5,5,0,0,0,0,0,0,0,100,100,0,0,0,0,0,100,100,0,0.000000,0,9072,0.000000,0,0,0,0,108,8,0,8,100,4672,272,0,0,0,0,108,0,0,0,0,306,9400
3663,W2,1,1,5,5,0,0,0,0,0,0,0,100,100,0,0,0,0,0,100,100,0,0.000000,0,9072,0.000000,0,0,0,0,108,8,0,8,100,4672,272,0,0,0,0,108,0,0,0,0,307,9400
3664,W2,1,1,5,5,0,0,0,0,0,0,0,100,100,0,0,0,0,0,100,100,0,0.000000,0,9072,0.000000,0,0,0,0,108,8,0,8,100,4672,272,0,0,0,0,108,0,0,0,0,311,9400
3665,W2,1,1,5,5,0,0,0,0,0,0,0,100,100,0,0,0,0,0,100,100,0,0.000000,0,9072,0.000000,0,0,0,0,108,8,0,8,100,4672,272,0,0,0,0,108,0,0,0,0,358,9400
3666,W2,1,1,5,5,0,0,0,0,0,0,0,100,100,0,0,0,0,0,100,100,0,0.000000,0,9072,0.000000,0,0,0,0,108,8,0,8,100,4672,272,0,0,0,0,108,0,0,0,0,300,9400
3667,W2,1,1,5,5,0,0,0,0,0,0,0,100,100,0,0,0,0,0,100,100,0,0.000000,0,9072,0.000000,0,0,0,0,108,8,0,8,100,4672,272,0,0,0,0,108,0,0,0,0,301,9400
3668,W2,1,1,5,5,0,0,0,0,0,0,0,100,100,100,0,0,0,0,100,100,100,100.000000,1600,9072,17.636684,10,10,10,10,108,8,0,8,100,4672,272,0,0,0,0,108,0,0,0,0,304,9400
3669,W2,1,1,5,5,0,0,0,0,0,0,0,100,100,0,0,0,0,0,100,100,0,0.000000,0,9072,0.000000,0,0,0,0,108,8,0,8,100,4672,272,0,0,0,0,108,0,0,0,0,319,9400
3670,W2,1,1,5,5,0,0,0,0,0,0,0,100,100,0,0,0,0,0,100,100,0,0.000000,0,9072,0.000000,0,0,0,0,108,8,0,8,100,4672,272,0,0,0,0,108,0,0,0,0,305,9400
3671,W2,1,1,5,5,0,0,0,0,0,0,0,100,100,0,0,0,0,0,100,100,0,0.000000,0,9072,0.000000,0,0,0,0,108,8,0,8,100,4672,272,0,0,0,0,108,0,0,0,0,309,9400
3672,W2,1,1,5,5,0,0,0,0,0,0,0,100,100,0,0,0,0,0,100,100,0,0.000000,0,9072,0.000000,0,0,0,0,108,8,0,8,100,4672,272,0,0,0,0,108,0,0,0,0,303,9400
3673,W2,1,1,5,5,0,0,0,0,0,0,0,100,100,0,0,0,0,0,100,100,0,0.000000,0,9072,0.000000,0,0,0,0,108,8,0,8,100,4672,272,0,0,0,0,108,0,0,0,0,330,9400
3674,W2,1,1,5,5,0,0,0,0,0,0,0,100,100,0,0,0,0,0,100,100,0,0.000000,0,9072,0.000000,0,0,0,0,108,8,0,8,100,4672,272,0,0,0,0,108,0,0,0,0,315,9400
3675,W2,1,1,5,5,0,0,0,0,0,0,0,100,100,0,0,0,0,0,100,100,0,0.000000,0,9072,0.000000,0,0,0,0,108,8,0,8,100,4672,272,0,0,0,0,108,0,0,0,0,330,9400
3676,W2,1,1,5,5,0,0,0,0,0,0,0,100,100,0,0,0,0,0,100,100,0,0.000000,0,9072,0.000000,0,0,0,0,108,8,0,8,100,4672,272,0,0,0,0,108,0,0,0,0,312,9400
3677,W2,1,1,5,5,0,0,0,0,0,0,0,100,100,100,0,0,0,0,100,100,100,100.000000,1600,9072,17.636684,10,10,10,10,108,8,0,8,100,4672,272,0,0,0,0,108,0,0,0,0,288,9400
3678,W2,1,1,5,5,0,0,0,0,0,0,0,100,100,0,0,0,0,0,100,100,0,0.000000,0,9072,0.000000,0,0,0,0,108,8,0,8,100,4672,272,0,0,0,0,108,0,0,0,0,292,9400
3679,W2,1,1,5,5,0,0,0,0,0,0,0,100,100,0,0,0,0,0,100,100,0,0.000000,0,9072,0.000000,0,0,0,0,108,8,0,8,100,4672,272,0,0,0,0,108,0,0,0,0,311,9400
3680,W2,1,1,5,5,0,0,0,0,0,0,0,100,100,0,0,0,0,0,100,100,0,0.000000,0,9072,0.000000,0,0,0,0,108,8,0,8,100,4672,272,0,0,0,0,108,0,0,0,0,401,9400
3681,W2,1,1,5,5,0,0,0,0,0,0,0,100,100,0,0,0,0,0,100,100,0,0.000000,0,9072,0.000000,0,0,0,0,108,8,0,8,100,4672,272,0,0,0,0,108,0,0,0,0,287,9400
3682,W2,1,1,5,5,0,0,0,0,0,0,0,100,100,0,0,0,0,0,100,100,0,0.000000,0,9072,0.000000,0,0,0,0,108,8,0,8,100,4672,272,0,0,0,0,108,0,0,0,0,304,9400
3683,W2,1,1,5,5,0,0,0,0,0,0,0,100,100,0,0,0,0,0,100,100,0,0.000000,0,9072,0.000000,0,0,0,0,108,8,0,8,100,4672,272,0,0,0,0,108,0,0,0,0,316,9400
3684,W2,1,1,5,5,0,0,0,0,0,0,0,100,100,0,0,0,0,0,100,100,0,0.000000,0,9072,0.000000,0,0,0,0,108,8,0,8,100,4672,272,0,0,0,0,108,0,0,0,0,342,9400
3685,W2,1,1,5,5,0,0,0,0,0,0,0,100,100,0,0,0,0,0,100,100,0,0.000000,0,9072,0.000000,0,0,0,0,108,8,0,8,100,4672,272,0,0,0,0,108,0,0,0,0,292,9400
3686,W2,1,1,5,5,0,0,0,0,0,0,0,100,100,100,0,0,0,0,100,100,100,100.000000,1600,9072,17.636684,10,10,10,10,108,8,0,8,100,4672,272,0,0,0,0,108,0,0,0,0,334,9400
3687,W2,1,1,5,5,0,0,0,0,0,0,0,100,100,0,0,0,0,0,100,100,0,0.000000,0,9072,0.000000,0,0,0,0,108,8,0,8,100,4672,272,0,0,0,0,108,0,0,0,0,330,9400
3688,W2,1,1,5,5,0,0,0,0,0,0,0,100,100,0,0,0,0,0,100,100,0,0.000000,0,9072,0.000000,0,0,0,0,108,8,0,8,100,4672,272,0,0,0,0,108,0,0,0,0,328,9400
3689,W2,1,1,5,5,0,0,0,0,0,0,0,100,100,0,0,0,0,0,100,100,0,0.000000,0,9072,0.000000,0,0,0,0,108,8,0,8,100,4672,272,0,0,0,0,108,0,0,0,0,295,9400
3690,W2,1,1,5,5,0,0,0,0,0,0,0,100,100,0,0,0,0,0,100,100,0,0.000000,0,9072,0.000000,0,0,0,0,108,8,0,8,100,4672,272,0,0,0,0,108,0,0,0,0,317,9400
3691,W2,1,1,5,5,0,0,0,0,0,0,0,100,100,0,0,0,0,0,100,100,0,0.000000,0,9072,0.000000,0,0,0,0,108,8,0,8,100,4672,272,0,0,0,0,108,0,0,0,0,294,9400
3692,W2,1,1,5,5,0,0,0,0,0,0,0,100,100,0,0,0,0,0,100,100,0,0.000000,0,9072,0.000000,0,0,0,0,108,8,0,8,100,4672,272,0,0,0,0,108,0,0,0,0,304,9400
3693,W2,1,1,5,5,0,0,0,0,0,0,0,100,100,0,0,0,0,0,100,100,0,0.000000,0,9072,0.000000,0,0,0,0,108,8,0,8,100,4672,272,0,0,0,0,108,0,0,0,0,325,9400
3694,W2,1,1,5,5,0,0,0,0,0,0,0,100,100,0,0,0,0,0,100,100,0,0.000000,0,9072,0.000000,0,0,0,0,108,8,0,8,100,4672,272,0,0,0,0,108,0,0,0,0,333,9400
3695,W2,1,1,5,5,0,0,0,0,0,0,0,100,100,100,0,0,0,0,100,100,100,100.000000,1600,9072,17.636684,10,10,10,10,108,8,0,8,100,4672,272,0,0,0,0,108,0,0,0,0,301,9400
3696,W2,1,1,5,5,0,0,0,0,0,0,0,100,100,0,0,0,0,0,100,100,0,0.000000,0,9072,0.000000,0,0,0,0,108,8,0,8,100,4672,272,0,0,0,0,108,0,0,0,0,323,9400
3697,W2,1,1,5,5,0,0,0,0,0,0,0,100,100,0,0,0,0,0,100,100,0,0.000000,0,9072,0.000000,0,0,0,0,108,8,0,8,100,4672,272,0,0,0,0,108,0,0,0,0,309,9400
3698,W2,1,1,5,5,0,0,0,0,0,0,0,100,100,0,0,0,0,0,100,100,0,0.000000,0,9072,0.000000,0,0,0,0,108,8,0,8,100,4672,272,0,0,0,0,108,0,0,0,0,338,9400
3699,W2,1,1,5,5,0,0,0,0,0,0,0,100,100,0,0,0,0,0,100,100,0,0.000000,0,9072,0.000000,0,0,0,0,108,8,0,8,100,4672,272,0,0,0,0,108,0,0,0,0,303,9400
3700,W2,1,1,5,5,0,0,0,0,0,0,0,100,100,0,0,0,0,0,100,100,0,0.000000,0,9072,0.000000,0,0,0,0,108,8,0,8,100,4672,272,0,0,0,0,108,0,0,0,0,326,9400
3701,W2,1,1,5,5,0,0,0,0,0,0,0,100,100,0,0,0,0,0,100,100,0,0.000000,0,9072,0.000000,0,0,0,0,108,8,0,8,100,4672,272,0,0,0,0,108,0,0,0,0,312,9400
3702,W2,1,1,5,5,0,0,0,0,0,0,0,100,100,0,0,0,0,0,100,100,0,0.000000,0,9072,0.000000,0,0,0,0,108,8,0,8,100,4672,272,0,0,0,0,108,0,0,0,0,302,9400
3703,W2,1,1,5,5,0,0,0,0,0,0,0,100,100,0,0,0,0,0,100,100,0,0.000000,0,9072,0.000000,0,0,0,0,108,8,0,8,100,4672,272,0,0,0,0,108,0,0,0,0,299,9400
3704,W2,1,1,5,5,0,0,0,0,0,0,0,100,100,100,0,0,0,0,100,100,100,100.000000,1600,9072,17.636684,10,10,10,10,108,8,0,8,100,4672,272,0,0,0,0,108,0,0,0,0,326,9400
3705,W2,1,1,5,5,0,0,0,0,0,0,0,100,100,0,0,0,0,0,100,100,0,0.000000,0,9072,0.000000,0,0,0,0,108,8,0,8,100,4672,272,0,0,0,0,108,0,0,0,0,368,9400
3706,W2,1,1,5,5,0,0,0,0,0,0,0,100,100,0,0,0,0,0,100,100,0,0.000000,0,9072,0.000000,0,0,0,0,108,8,0,8,100,4672,272,0,0,0,0,108,0,0,0,0,293,9400
3707,W2,1,1,5,5,0,0,0,0,0,0,0,100,100,0,0,0,0,0,100,100,0,0.000000,0,9072,0.000000,0,0,0,0,108,8,0,8,100,4672,272,0,0,0,0,108,0,0,0,0,288,9400
3708,W2,1,1,5,5,0,0,0,0,0,0,0,100,100,0,0,0,0,0,100,100,0,0.000000,0,9072,0.000000,0,0,0,0,108,8,0,8,100,4672,272,0,0,0,0,108,0,0,0,0,312,9400
3709,W2,1,1,5,5,0,0,0,0,0,0,0,100,100,0,0,0,0,0,100,100,0,0.000000,0,9072,0.000000,0,0,0,0,108,8,0,8,100,4672,272,0,0,0,0,108,0,0,0,0,287,9400
3710,W2,1,1,5,5,0,0,0,0,0,0,0,100,100,0,0,0,0,0,100,100,0,0.000000,0,9072,0.000000,0,0,0,0,108,8,0,8,100,4672,272,0,0,0,0,108,0,0,0,0,292,9400
3711,W2,1,1,5,5,0,0,0,0,0,0,0,100,100,0,0,0,0,0,100,100,0,0.000000,0,9072,0.000000,0,0,0,0,108,8,0,8,100,4672,272,0,0,0,0,108,0,0,0,0,301,9400
3712,W2,1,1,5,5,0,0,0,0,0,0,0,100,100,0,0,0,0,0,100,100,0,0.000000,0,9072,0.000000,0,0,0,0,108,8,0,8,100,4672,272,0,0,0,0,108,0,0,0,0,354,9400
3713,W2,1,1,5,5,0,0,0,0,0,0,0,100,100,100,0,0,0,0,100,100,100,100.000000,1600,9072,17.636684,10,10,10,10,108,8,0,8,100,4672,272,0,0,0,0,108,0,0,0,0,301,9400
3714,W2,1,1,5,5,0,0,0,0,0,0,0,100,100,0,0,0,0,0,100,100,0,0.000000,0,9072,0.000000,0,0,0,0,108,8,0,8,100,4672,272,0,0,0,0,108,0,0,0,0,346,9400
3715,W2,1,1,5,5,0,0,0,0,0,0,0,100,100,0,0,0,0,0,100,100,0,0.000000,0,9072,0.000000,0,0,0,0,108,8,0,8,100,4672,272,0,0,0,0,108,0,0,0,0,305,9400
3716,W2,1,1,5,5,0,0,0,0,0,0,0,100,100,0,0,0,0,0,100,100,0,0.000000,0,9072,0.000000,0,0,0,0,108,8,0,8,100,4672,272,0,0,0,0,108,0,0,0,0,368,9400
3717,W2,1,1,5,5,0,0,0,0,0,0,0,100,100,0,0,0,0,0,100,100,0,0.000000,0,9072,0.000000,0,0,0,0,108,8,0,8,100,4672,272,0,0,0,0,108,0,0,0,0,299,9400
3718,W2,1,1,5,5,0,0,0,0,0,0,0,100,100,0,0,0,0,0,100,100,0,0.000000,0,9072,0.000000,0,0,0,0,108,8,0,8,100,4672,272,0,0,0,0,108,0,0,0,0,302,9400
3719,W2,1,1,5,5,0,0,0,0,0,0,0,100,100,0,0,0,0,0,100,100,0,0.000000,0,9072,0.000000,0,0,0,0,108,8,0,8,100,4672,272,0,0,0,0,108,0,0,0,0,298,9400
3720,W2,1,1,5,5,0,0,0,0,0,0,0,100,100,0,0,0,0,0,100,100,0,0.000000,0,9072,0.000000,0,0,0,0,108,8,0,8,100,4672,272,0,0,0,0,108,0,0,0,0,311,9400
3721,W2,1,1,5,5,0,0,0,0,0,0,0,100,100,0,0,0,0,0,100,100,0,0.000000,0,9072,0.000000,0,0,0,0,108,8,0,8,100,4672,272,0,0,0,0,108,0,0,0,0,298,9400
3722,W2,1,1,5,5,0,0,0,0,0,0,0,100,100,100,0,0,0,0,100,100,100,100.000000,1600,9072,17.636684,10,10,10,10,108,8,0,8,100,4672,272,0,0,0,0,108,0,0,0,0,309,9400
3723,W2,1,1,5,5,0,0,0,0,0,0,0,100,100,0,0,0,0,0,100,100,0,0.000000,0,9072,0.000000,0,0,0,0,108,8,0,8,100,4672,272,0,0,0,0,108,0,0,0,0,329,9400
3724,W2,1,1,5,5,0,0,0,0,0,0,0,100,100,0,0,0,0,0,100,100,0,0.000000,0,9072,0.000000,0,0,0,0,108,8,0,8,100,4672,272,0,0,0,0,108,0,0,0,0,305,9400
3725,W2,1,1,5,5,0,0,0,0,0,0,0,100,100,0,0,0,0,0,100,100,0,0.000000,0,9072,0.000000,0,0,0,0,108,8,0,8,100,4672,272,0,0,0,0,108,0,0,0,0,335,9400
3726,W2,1,1,5,5,0,0,0,0,0,0,0,100,100,0,0,0,0,0,100,100,0,0.000000,0,9072,0.000000,0,0,0,0,108,8,0,8,100,4672,272,0,0,0,0,108,0,0,0,0,311,9400
3727,W2,1,1,5,5,0,0,0,0,0,0,0,100,100,0,0,0,0,0,100,100,0,0.000000,0,9072,0.000000,0,0,0,0,108,8,0,8,100,4672,272,0,0,0,0,108,0,0,0,0,305,9400
3728,W2,1,1,5,5,0,0,0,0,0,0,0,100,100,0,0,0,0,0,100,100,0,0.000000,0,9072,0.000000,0,0,0,0,108,8,0,8,100,4672,272,0,0,0,0,108,0,0,0,0,303,9400
3729,W2,1,1,5,5,0,0,0,0,0,0,0,100,100,0,0,0,0,0,100,100,0,0.000000,0,9072,0.000000,0,0,0,0,108,8,0,8,100,4672,272,0,0,0,0,108,0,0,0,0,328,9400
3730,W2,1,1,5,5,0,0,0,0,0,0,0,100,100,0,0,0,0,0,100,100,0,0.000000,0,9072,0.000000,0,0,0,0,108,8,0,8,100,4672,272,0,0,0,0,108,0,0,0,0,363,9400
3731,W2,1,1,5,5,0,0,0,0,0,0,0,100,100,100,0,0,0,0,100,100,100,100.000000,1600,9072,17.636684,10,10,10,10,108,8,0,8,100,4672,272,0,0,0,0,108,0,0,0,0,320,9400
3732,W2,1,1,5,5,0,0,0,0,0,0,0,100,100,0,0,0,0,0,100,100,0,0.000000,0,9072,0.000000,0,0,0,0,108,8,0,8,100,4672,272,0,0,0,0,108,0,0,0,0,314,9400
3733,W2,1,1,5,5,0,0,0,0,0,0,0,100,100,0,0,0,0,0,100,100,0,0.000000,0,9072,0.000000,0,0,0,0,108,8,0,8,100,4672,272,0,0,0,0,108,0,0,0,0,285,9400
3734,W2,1,1,5,5,0,0,0,0,0,0,0,100,100,0,0,0,0,0,100,100,0,0.000000,0,9072,0.000000,0,0,0,0,108,8,0,8,100,4672,272,0,0,0,0,108,0,0,0,0,287,9400
3735,W2,1,1,5,5,0,0,0,0,0,0,0,100,100,0,0,0,0,0,100,100,0,0.000000,0,9072,0.000000,0,0,0,0,108,8,0,8,100,4672,272,0,0,0,0,108,0,0,0,0,300,9400
3736,W2,1,1,5,5,0,0,0,0,0,0,0,100,100,0,0,0,0,0,100,100,0,0.000000,0,9072,0.000000,0,0,0,0,108,8,0,8,100,4672,272,0,0,0,0,108,0,0,0,0,297,9400
3737,W2,1,1,5,5,0,0,0,0,0,0,0,100,100,0,0,0,0,0,100,100,0,0.000000,0,9072,0.000000,0,0,0,0,108,8,0,8,100,4672,272,0,0,0,0,108,0,0,0,0,321,9400
3738,W2,1,1,5,5,0,0,0,0,0,0,0,100,100,0,0,0,0,0,100,100,0,0.000000,0,9072,0.000000,0,0,0,0,108,8,0,8,100,4672,272,0,0,0,0,108,0,0,0,0,301,9400
3739,W2,1,1,5,5,0,0,0,0,0,0,0,100,100,0,0,0,0,0,100,100,0,0.000000,0,9072,0.000000,0,0,0,0,108,8,0,8,100,4672,272,0,0,0,0,108,0,0,0,0,322,9400
3740,W2,1,1,5,5,0,0,0,0,0,0,0,100,100,100,0,0,0,0,100,100,100,100.000000,1600,9072,17.636684,10,10,10,10,108,8,0,8,100,4672,272,0,0,0,0,108,0,0,0,0,294,9400
3741,W2,1,1,5,5,0,0,0,0,0,0,0,100,100,0,0,0,0,0,100,100,0,0.000000,0,9072,0.000000,0,0,0,0,108,8,0,8,100,4672,272,0,0,0,0,108,0,0,0,0,340,9400
3742,W2,1,1,5,5,0,0,0,0,0,0,0,100,100,0,0,0,0,0,100,100,0,0.000000,0,9072,0.000000,0,0,0,0,108,8,0,8,100,4672,272,0,0,0,0,108,0,0,0,0,313,9400
3743,W2,1,1,5,5,0,0,0,0,0,0,0,100,100,0,0,0,0,0,100,100,0,0.000000,0,9072,0.000000,0,0,0,0,108,8,0,8,100,4672,272,0,0,0,0,108,0,0,0,0,347,9400
3744,W2,1,1,5,5,0,0,0,0,0,0,0,100,100,0,0,0,0,0,100,100,0,0.000000,0,9072,0.000000,0,0,0,0,108,8,0,8,100,4672,272,0,0,0,0,108,0,0,0,0,320,9400
3745,W2,1,1,5,5,0,0,0,0,0,0,0,100,100,0,0,0,0,0,100,100,0,0.000000,0,9072,0.000000,0,0,0,0,108,8,0,8,100,4672,272,0,0,0,0,108,0,0,0,0,297,9400
3746,W2,1,1,5,5,0,0,0,0,0,0,0,100,100,0,0,0,0,0,100,100,0,0.000000,0,9072,0.000000,0,0,0,0,108,8,0,8,100,4672,272,0,0,0,0,108,0,0,0,0,328,9400
3747,W2,1,1,5,5,0,0,0,0,0,0,0,100,100,0,0,0,0,0,100,100,0,0.000000,0,9072,0.000000,0,0,0,0,108,8,0,8,100,4672,272,0,0,0,0,108,0,0,0,0,305,9400
3748,W2,1,1,5,5,0,0,0,0,0,0,0,100,100,0,0,0,0,0,100,100,0,0.000000,0,9072,0.000000,0,0,0,0,108,8,0,8,100,4672,272,0,0,0,0,108,0,0,0,0,304,9400
3749,W2,1,1,5,5,0,0,0,0,0,0,0,100,100,100,0,0,0,0,100,100,100,100.000000,1600,9072,17.636684,10,10,10,10,108,8,0,8,100,4672,272,0,0,0,0,108,0,0,0,0,315,9400
3750,W2,1,1,5,5,0,0,0,0,0,0,0,100,100,0,0,0,0,0,100,100,0,0.000000,0,9072,0.000000,0,0,0,0,108,8,0,8,100,4672,272,0,0,0,0,108,0,0,0,0,310,9400
3751,W2,1,1,5,5,0,0,0,0,0,0,0,100,100,0,0,0,0,0,100,100,0,0.000000,0,9072,0.000000,0,0,0,0,108,8,0,8,100,4672,272,0,0,0,0,108,0,0,0,0,345,9400
3752,W2,1,1,5,5,0,0,0,0,0,0,0,100,100,0,0,0,0,0,100,100,0,0.000000,0,9072,0.000000,0,0,0,0,108,8,0,8,100,4672,272,0,0,0,0,108,0,0,0,0,313,9400
3753,W2,1,1,5,5,0,0,0,0,0,0,0,100,100,0,0,0,0,0,100,100,0,0.000000,0,9072,0.000000,0,0,0,0,108,8,0,8,100,4672,272,0,0,0,0,108,0,0,0,0,302,9400
3754,W2,1,1,5,5,0,0,0,0,0,0,0,100,100,0,0,0,0,0,100,100,0,0.000000,0,9072,0.000000,0,0,0,0,108,8,0,8,100,4672,272,0,0,0,0,108,0,0,0,0,331,9400
3755,W2,1,1,5,5,0,0,0,0,0,0,0,100,100,0,0,0,0,0,100,100,0,0.000000,0,9072,0.000000,0,0,0,0,108,8,0,8,100,4672,272,0,0,0,0,108,0,0,0,0,321,9400
3756,W2,1,1,5,5,0,0,0,0,0,0,0,100,100,0,0,0,0,0,100,100,0,0.000000,0,9072,0.000000,0,0,0,0,108,8,0,8,100,4672,272,0,0,0,0,108,0,0,0,0,328,9400
3757,W2,1,1,5,5,0,0,0,0,0,0,0,100,100,0,0,0,0,0,100,100,0,0.000000,0,9072,0.000000,0,0,0,0,108,8,0,8,100,4672,272,0,0,0,0,108,0,0,0,0,305,9400
3758,W2,1,1,5,5,0,0,0,0,0,0,0,100,100,100,0,0,0,0,100,100,100,100.000000,1600,9072,17.636684,10,10,10,10,108,8,0,8,100,4672,272,0,0,0,0,108,0,0,0,0,311,9400
3759,W2,1,1,5,5,0,0,0,0,0,0,0,100,100,0,0,0,0,0,100,100,0,0.000000,0,9072,0.000000,0,0,0,0,108,8,0,8,100,4672,272,0,0,0,0,108,0,0,0,0,340,9400
3760,W2,1,1,5,5,0,0,0,0,0,0,0,100,100,0,0,0,0,0,100,100,0,0.000000,0,9072,0.000000,0,0,0,0,108,8,0,8,100,4672,272,0,0,0,0,108,0,0,0,0,308,9400
3761,W2,1,1,5,5,0,0,0,0,0,0,0,100,100,0,0,0,0,0,100,100,0,0.000000,0,9072,0.000000,0,0,0,0,108,8,0,8,100,4672,272,0,0,0,0,108,0,0,0,0,297,9400
3762,W2,1,1,5,5,0,0,0,0,0,0,0,100,100,0,0,0,0,0,100,100,0,0.000000,0,9072,0.000000,0,0,0,0,108,8,0,8,100,4672,272,0,0,0,0,108,0,0,0,0,314,9400
3763,W2,1,1,5,5,0,0,0,0,0,0,0,100,100,0,0,0,0,0,100,100,0,0.000000,0,9072,0.000000,0,0,0,0,108,8,0,8,100,4672,272,0,0,0,0,108,0,0,0,0,337,9400
3764,W2,1,1,5,5,0,0,0,0,0,0,0,100,100,0,0,0,0,0,100,100,0,0.000000,0,9072,0.000000,0,0,0,0,108,8,0,8,100,4672,272,0,0,0,0,108,0,0,0,0,309,9400
3765,W2,1,1,5,5,0,0,0,0,0,0,0,100,100,0,0,0,0,0,100,100,0,0.000000,0,9072,0.000000,0,0,0,0,108,8,0,8,100,4672,272,0,0,0,0,108,0,0,0,0,310,9400
3766,W2,1,1,5,5,0,0,0,0,0,0,0,100,100,0,0,0,0,0,100,100,0,0.000000,0,9072,0.000000,0,0,0,0,108,8,0,8,100,4672,272,0,0,0,0,108,0,0,0,0,328,9400
3767,W2,1,1,5,5,0,0,0,0,0,0,0,100,100,100,0,0,0,0,100,100,100,100.000000,1600,9072,17.636684,10,10,10,10,108,8,0,8,100,4672,272,0,0,0,0,108,0,0,0,0,325,9400
3768,W2,1,1,5,5,0,0,0,0,0,0,0,100,100,0,0,0,0,0,100,100,0,0.000000,0,9072,0.000000,0,0,0,0,108,8,0,8,100,4672,272,0,0,0,0,108,0,0,0,0,289,9400
3769,W2,1,1,5,5,0,0,0,0,0,0,0,100,100,0,0,0,0,0,100,100,0,0.000000,0,9072,0.000000,0,0,0,0,108,8,0,8,100,4672,272,0,0,0,0,108,0,0,0,0,277,9400
3770,W2,1,1,5,5,0,0,0,0,0,0,0,100,100,0,0,0,0,0,100,100,0,0.000000,0,9072,0.000000,0,0,0,0,108,8,0,8,100,4672,272,0,0,0,0,108,0,0,0,0,292,9400
3771,W2,1,1,5,5,0,0,0,0,0,0,0,100,100,0,0,0,0,0,100,100,0,0.000000,0,9072,0.000000,0,0,0,0,108,8,0,8,100,4672,272,0,0,0,0,108,0,0,0,0,304,9400
3772,W2,1,1,5,5,0,0,0,0,0,0,0,100,100,0,0,0,0,0,100,100,0,0.000000,0,9072,0.000000,0,0,0,0,108,8,0,8,100,4672,272,0,0,0,0,108,0,0,0,0,282,9400
3773,W2,1,1,5,5,0,0,0,0,0,0,0,100,100,0,0,0,0,0,100,100,0,0.000000,0,9072,0.000000,0,0,0,0,108,8,0,8,100,4672,272,0,0,0,0,108,0,0,0,0,287,9400
3774,W2,1,1,5,5,0,0,0,0,0,0,0,100,100,0,0,0,0,0,100,100,0,0.000000,0,9072,0.000000,0,0,0,0,108,8,0,8,100,4672,272,0,0,0,0,108,0,0,0,0,299,9400
3775,W2,1,1,5,5,0,0,0,0,0,0,0,100,100,0,0,0,0,0,100,100,0,0.000000,0,9072,0.000000,0,0,0,0,108,8,0,8,100,4672,272,0,0,0,0,108,0,0,0,0,284,9400
3776,W2,1,1,5,5,0,0,0,0,0,0,0,100,100,100,0,0,0,0,100,100,100,100.000000,1600,9072,17.636684,10,10,10,10,108,8,0,8,100,4672,272,0,0,0,0,108,0,0,0,0,300,9400
3777,W2,1,1,5,5,0,0,0,0,0,0,0,100,100,0,0,0,0,0,100,100,0,0.000000,0,9072,0.000000,0,0,0,0,108,8,0,8,100,4672,272,0,0,0,0,108,0,0,0,0,286,9400
3778,W2,1,1,5,5,0,0,0,0,0,0,0,100,100,0,0,0,0,0,100,100,0,0.000000,0,9072,0.000000,0,0,0,0,108,8,0,8,100,4672,272,0,0,0,0,108,0,0,0,0,289,9400
3779,W2,1,1,5,5,0,0,0,0,0,0,0,100,100,0,0,0,0,0,100,100,0,0.000000,0,9072,0.000000,0,0,0,0,108,8,0,8,100,4672,272,0,0,0,0,108,0,0,0,0,324,9400
3780,W2,1,1,5,5,0,0,0,0,0,0,0,100,100,0,0,0,0,0,100,100,0,0.000000,0,9072,0.000000,0,0,0,0,108,8,0,8,100,4672,272,0,0,0,0,108,0,0,0,0,286,9400
3781,W2,1,1,5,5,0,0,0,0,0,0,0,100,100,0,0,0,0,0,100,100,0,0.000000,0,9072,0.000000,0,0,0,0,108,8,0,8,100,4672,272,0,0,0,0,108,0,0,0,0,289,9400
3782,W2,1,1,5,5,0,0,0,0,0,0,0,100,100,0,0,0,0,0,100,100,0,0.000000,0,9072,0.000000,0,0,0,0,108,8,0,8,100,4672,272,0,0,0,0,108,0,0,0,0,314,9400
3783,W2,1,1,5,5,0,0,0,0,0,0,0,100,100,0,0,0,0,0,100,100,0,0.000000,0,9072,0.000000,0,0,0,0,108,8,0,8,100,4672,272,0,0,0,0,108,0,0,0,0,305,9400
3784,W2,1,1,5,5,0,0,0,0,0,0,0,100,100,0,0,0,0,0,100,100,0,0.000000,0,9072,0.000000,0,0,0,0,108,8,0,8,100,4672,272,0,0,0,0,108,0,0,0,0,314,9400
3785,W2,1,1,5,5,0,0,0,0,0,0,0,100,100,100,0,0,0,0,100,100,100,100.000000,1600,9072,17.636684,10,10,10,10,108,8,0,8,100,4672,272,0,0,0,0,108,0,0,0,0,312,9400
3786,W2,1,1,5,5,0,0,0,0,0,0,0,100,100,0,0,0,0,0,100,100,0,0.000000,0,9072,0.000000,0,0,0,0,108,8,0,8,100,4672,272,0,0,0,0,108,0,0,0,0,288,9400
3787,W2,1,1,5,5,0,0,0,0,0,0,0,100,100,0,0,0,0,0,100,100,0,0.000000,0,9072,0.000000,0,0,0,0,108,8,0,8,100,4672,272,0,0,0,0,108,0,0,0,0,312,9400
3788,W2,1,1,5,5,0,0,0,0,0,0,0,100,100,0,0,0,0,0,100,100,0,0.000000,0,9072,0.000000,0,0,0,0,108,8,0,8,100,4672,272,0,0,0,0,108,0,0,0,0,290,9400
3789,W2,1,1,5,5,0,0,0,0,0,0,0,100,100,0,0,0,0,0,100,100,0,0.000000,0,9072,0.000000,0,0,0,0,108,8,0,8,100,4672,272,0,0,0,0,108,0,0,0,0,326,9400
3790,W2,1,1,5,5,0,0,0,0,0,0,0,100,100,0,0,0,0,0,100,100,0,0.000000,0,9072,0.000000,0,0,0,0,108,8,0,8,100,4672,272,0,0,0,0,108,0,0,0,0,307,9400
3791,W2,1,1,5,5,0,0,0,0,0,0,0,100,100,0,0,0,0,0,100,100,0,0.000000,0,9072,0.000000,0,0,0,0,108,8,0,8,100,4672,272,0,0,0,0,108,0,0,0,0,294,9400
3792,W2,1,1,5,5,0,0,0,0,0,0,0,100,100,0,0,0,0,0,100,100,0,0.000000,0,9072,0.000000,0,0,0,0,108,8,0,8,100,4672,272,0,0,0,0,108,0,0,0,0,286,9400
3793,W2,1,1,5,5,0,0,0,0,0,0,0,100,100,0,0,0,0,0,100,100,0,0.000000,0,9072,0.000000,0,0,0,0,108,8,0,8,100,4672,272,0,0,0,0,108,0,0,0,0,293,9400
3794,W2,1,1,5,5,0,0,0,0,0,0,0,100,100,100,0,0,0,0,100,100,100,100.000000,1600,9072,17.636684,10,10,10,10,108,8,0,8,100,4672,272,0,0,0,0,108,0,0,0,0,288,9400
3795,W2,1,1,5,5,0,0,0,0,0,0,0,100,100,0,0,0,0,0,100,100,0,0.000000,0,9072,0.000000,0,0,0,0,108,8,0,8,100,4672,272,0,0,0,0,108,0,0,0,0,313,9400
3796,W2,1,1,5,5,0,0,0,0,0,0,0,100,100,0,0,0,0,0,100,100,0,0.000000,0,9072,0.000000,0,0,0,0,108,8,0,8,100,4672,272,0,0,0,0,108,0,0,0,0,308,9400
3797,W2,1,1,5,5,0,0,0,0,0,0,0,100,100,0,0,0,0,0,100,100,0,0.000000,0,9072,0.000000,0,0,0,0,108,8,0,8,100,4672,272,0,0,0,0,108,0,0,0,0,297,9400
3798,W2,1,1,5,5,0,0,0,0,0,0,0,100,100,0,0,0,0,0,100,100,0,0.000000,0,9072,0.000000,0,0,0,0,108,8,0,8,100,4672,272,0,0,0,0,108,0,0,0,0,336,9400
3799,W2,1,1,5,5,0,0,0,0,0,0,0,100,100,0,0,0,0,0,100,100,0,0.000000,0,9072,0.000000,0,0,0,0,108,8,0,8,100,4672,272,0,0,0,0,108,0,0,0,0,297,9400
3800,W2,1,1,5,5,0,0,0,0,0,0,0,100,100,0,0,0,0,0,100,100,0,0.000000,0,9072,0.000000,0,0,0,0,108,8,0,8,100,4672,272,0,0,0,0,108,0,0,0,0,298,9400
3801,W2,1,1,5,5,0,0,0,0,0,0,0,100,100,0,0,0,0,0,100,100,0,0.000000,0,9072,0.000000,0,0,0,0,108,8,0,8,100,4672,272,0,0,0,0,108,0,0,0,0,298,9400
3802,W2,1,1,5,5,0,0,0,0,0,0,0,100,100,0,0,0,0,0,100,100,0,0.000000,0,9072,0.000000,0,0,0,0,108,8,0,8,100,4672,272,0,0,0,0,108,0,0,0,0,346,9400
3803,W2,1,1,5,5,0,0,0,0,0,0,0,100,100,100,0,0,0,0,100,100,100,100.000000,1600,9072,17.636684,10,10,10,10,108,8,0,8,100,4672,272,0,0,0,0,108,0,0,0,0,297,9400
3804,W2,1,1,5,5,0,0,0,0,0,0,0,100,100,0,0,0,0,0,100,100,0,0.000000,0,9072,0.000000,0,0,0,0,108,8,0,8,100,4672,272,0,0,0,0,108,0,0,0,0,316,9400
3805,W2,1,1,5,5,0,0,0,0,0,0,0,100,100,0,0,0,0,0,100,100,0,0.000000,0,9072,0.000000,0,0,0,0,108,8,0,8,100,4672,272,0,0,0,0,108,0,0,0,0,316,9400
3806,W2,1,1,5,5,0,0,0,0,0,0,0,100,100,0,0,0,0,0,100,100,0,0.000000,0,9072,0.000000,0,0,0,0,108,8,0,8,100,4672,272,0,0,0,0,108,0,0,0,0,300,9400
3807,W2,1,1,5,5,0,0,0,0,0,0,0,100,100,0,0,0,0,0,100,100,0,0.000000,0,9072,0.000000,0,0,0,0,108,8,0,8,100,4672,272,0,0,0,0,108,0,0,0,0,322,9400
3808,W2,1,1,5,5,0,0,0,0,0,0,0,100,100,0,0,0,0,0,100,100,0,0.000000,0,9072,0.000000,0,0,0,0,108,8,0,8,100,4672,272,0,0,0,0,108,0,0,0,0,306,9400
3809,W2,1,1,5,5,0,0,0,0,0,0,0,100,100,0,0,0,0,0,100,100,0,0.000000,0,9072,0.000000,0,0,0,0,108,8,0,8,100,4672,272,0,0,0,0,108,0,0,0,0,317,9400
3810,W2,1,1,5,5,0,0,0,0,0,0,0,100,100,0,0,0,0,0,100,100,0,0.000000,0,9072,0.000000,0,0,0,0,108,8,0,8,100,4672,272,0,0,0,0,108,0,0,0,0,291,9400
3811,W2,1,1,5,5,0,0,0,0,0,0,0,100,100,0,0,0,0,0,100,100,0,0.000000,0,9072,0.000000,0,0,0,0,108,8,0,8,100,4672,272,0,0,0,0,108,0,0,0,0,293,9400
3812,W2,1,1,5,5,0,0,0,0,0,0,0,100,100,100,0,0,0,0,100,100,100,100.000000,1600,9072,17.636684,10,10,10,10,108,8,0,8,100,4672,272,0,0,0,0,108,0,0,0,0,328,9400
3813,W2,1,1,5,5,0,0,0,0,0,0,0,100,100,0,0,0,0,0,100,100,0,0.000000,0,9072,0.000000,0,0,0,0,108,8,0,8,100,4672,272,0,0,0,0,108,0,0,0,0,302,9400
3814,W2,1,1,5,5,0,0,0,0,0,0,0,100,100,0,0,0,0,0,100,100,0,0.000000,0,9072,0.000000,0,0,0,0,108,8,0,8,100,4672,272,0,0,0,0,108,0,0,0,0,294,9400
3815,W2,1,1,5,5,0,0,0,0,0,0,0,100,100,0,0,0,0,0,100,100,0,0.000000,0,9072,0.000000,0,0,0,0,108,8,0,8,100,4672,272,0,0,0,0,108,0,0,0,0,292,9400
3816,W2,1,1,5,5,0,0,0,0,0,0,0,100,100,0,0,0,0,0,100,100,0,0.000000,0,9072,0.000000,0,0,0,0,108,8,0,8,100,4672,272,0,0,0,0,108,0,0,0,0,321,9400
3817,W2,1,1,5,5,0,0,0,0,0,0,0,100,100,0,0,0,0,0,100,100,0,0.000000,0,9072,0.000000,0,0,0,0,108,8,0,8,100,4672,272,0,0,0,0,108,0,0,0,0,338,9400
3818,W2,1,1,5,5,0,0,0,0,0,0,0,100,100,0,0,0,0,0,100,100,0,0.000000,0,9072,0.000000,0,0,0,0,108,8,0,8,100,4672,272,0,0,0,0,108,0,0,0,0,292,9400
3819,W2,1,1,5,5,0,0,0,0,0,0,0,100,100,0,0,0,0,0,100,100,0,0.000000,0,9072,0.000000,0,0,0,0,108,8,0,8,100,4672,272,0,0,0,0,108,0,0,0,0,299,9400
3820,W2,1,1,5,5,0,0,0,0,0,0,0,100,100,0,0,0,0,0,100,100,0,0.000000,0,9072,0.000000,0,0,0,0,108,8,0,8,100,4672,272,0,0,0,0,108,0,0,0,0,294,9400
3821,W2,1,1,5,5,0,0,0,0,0,0,0,100,100,100,0,0,0,0,100,100,100,100.000000,1600,9072,17.636684,10,10,10,10,108,8,0,8,100,4672,272,0,0,0,0,108,0,0,0,0,301,9400
3822,W2,1,1,5,5,0,0,0,0,0,0,0,100,100,0,0,0,0,0,100,100,0,0.000000,0,9072,0.000000,0,0,0,0,108,8,0,8,100,4672,272,0,0,0,0,108,0,0,0,0,299,9400
3823,W2,1,1,5,5,0,0,0,0,0,0,0,100,100,0,0,0,0,0,100,100,0,0.000000,0,9072,0.000000,0,0,0,0,108,8,0,8,100,4672,272,0,0,0,0,108,0,0,0,0,287,9400
3824,W2,1,1,5,5,0,0,0,0,0,0,0,100,100,0,0,0,0,0,100,100,0,0.000000,0,9072,0.000000,0,0,0,0,108,8,0,8,100,4672,272,0,0,0,0,108,0,0,0,0,302,9400
3825,W2,1,1,5,5,0,0,0,0,0,0,0,100,100,0,0,0,0,0,100,100,0,0.000000,0,9072,0.000000,0,0,0,0,108,8,0,8,100,4672,272,0,0,0,0,108,0,0,0,0,303,9400
3826,W2,1,1,5,5,0,0,0,0,0,0,0,100,100,0,0,0,0,0,100,100,0,0.000000,0,9072,0.000000,0,0,0,0,108,8,0,8,100,4672,272,0,0,0,0,108,0,0,0,0,323,9400
3827,W2,1,1,5,5,0,0,0,0,0,0,0,100,100,0,0,0,0,0,100,100,0,0.000000,0,9072,0.000000,0,0,0,0,108,8,0,8,100,4672,272,0,0,0,0,108,0,0,0,0,306,9400
3828,W2,1,1,5,5,0,0,0,0,0,0,0,100,100,0,0,0,0,0,100,100,0,0.000000,0,9072,0.000000,0,0,0,0,108,8,0,8,100,4672,272,0,0,0,0,108,0,0,0,0,318,9400
3829,W2,1,1,5,5,0,0,0,0,0,0,0,100,100,0,0,0,0,0,100,100,0,0.000000,0,9072,0.000000,0,0,0,0,108,8,0,8,100,4672,272,0,0,0,0,108,0,0,0,0,304,9400
3830,W2,1,1,5,5,0,0,0,0,0,0,0,100,100,100,0,0,0,0,100,100,100,100.000000,1600,9072,17.636684,10,10,10,10,108,8,0,8,100,4672,272,0,0,0,0,108,0,0,0,0,306,9400
3831,W2,1,1,5,5,0,0,0,0,0,0,0,100,100,0,0,0,0,0,100,100,0,0.000000,0,9072,0.000000,0,0,0,0,108,8,0,8,100,4672,272,0,0,0,0,108,0,0,0,0,279,9400
3832,W2,1,1,5,5,0,0,0,0,0,0,0,100,100,0,0,0,0,0,100,100,0,0.000000,0,9072,0.000000,0,0,0,0,108,8,0,8,100,4672,272,0,0,0,0,108,0,0,0,0,289,9400
3833,W2,1,1,5,5,0,0,0,0,0,0,0,100,100,0,0,0,0,0,100,100,0,0.000000,0,9072,0.000000,0,0,0,0,108,8,0,8,100,4672,272,0,0,0,0,108,0,0,0,0,286,9400
3834,W2,1,1,5,5,0,0,0,0,0,0,0,100,100,0,0,0,0,0,100,100,0,0.000000,0,9072,0.000000,0,0,0,0,108,8,0,8,100,4672,272,0,0,0,0,108,0,0,0,0,292,9400
3835,W2,1,1,5,5,0,0,0,0,0,0,0,100,100,0,0,0,0,0,100,100,0,0.000000,0,9072,0.000000,0,0,0,0,108,8,0,8,100,4672,272,0,0,0,0,108,0,0,0,0,288,9400
3836,W2,1,1,5,5,0,0,0,0,0,0,0,100,100,0,0,0,0,0,100,100,0,0.000000,0,9072,0.000000,0,0,0,0,108,8,0,8,100,4672,272,0,0,0,0,108,0,0,0,0,290,9400
3837,W2,1,1,5,5,0,0,0,0,0,0,0,100,100,0,0,0,0,0,100,100,0,0.000000,0,9072,0.000000,0,0,0,0,108,8,0,8,100,4672,272,0,0,0,0,108,0,0,0,0,294,9400
3838,W2,1,1,5,5,0,0,0,0,0,0,0,100,100,0,0,0,0,0,100,100,0,0.000000,0,9072,0.000000,0,0,0,0,108,8,0,8,100,4672,272,0,0,0,0,108,0,0,0,0,313,9400
3839,W2,1,1,5,5,0,0,0,0,0,0,0,100,100,100,0,0,0,0,100,100,100,100.000000,1600,9072,17.636684,10,10,10,10,108,8,0,8,100,4672,272,0,0,0,0,108,0,0,0,0,295,9400
3840,W2,1,1,5,5,0,0,0,0,0,0,0,100,100,0,0,0,0,0,100,100,0,0.000000,0,9072,0.000000,0,0,0,0,108,8,0,8,100,4672,272,0,0,0,0,108,0,0,0,0,323,9400
3841,W2,1,1,5,5,0,0,0,0,0,0,0,100,100,0,0,0,0,0,100,100,0,0.000000,0,9072,0.000000,0,0,0,0,108,8,0,8,100,4672,272,0,0,0,0,108,0,0,0,0,290,9400
3842,W2,1,1,5,5,0,0,0,0,0,0,0,100,100,0,0,0,0,0,100,100,0,0.000000,0,9072,0.000000,0,0,0,0,108,8,0,8,100,4672,272,0,0,0,0,108,0,0,0,0,305,9400
3843,W2,1,1,5,5,0,0,0,0,0,0,0,100,100,0,0,0,0,0,100,100,0,0.000000,0,9072,0.000000,0,0,0,0,108,8,0,8,100,4672,272,0,0,0,0,108,0,0,0,0,297,9400
3844,W2,1,1,5,5,0,0,0,0,0,0,0,100,100,0,0,0,0,0,100,100,0,0.000000,0,9072,0.000000,0,0,0,0,108,8,0,8,100,4672,272,0,0,0,0,108,0,0,0,0,301,9400
3845,W2,1,1,5,5,0,0,0,0,0,0,0,100,100,0,0,0,0,0,100,100,0,0.000000,0,9072,0.000000,0,0,0,0,108,8,0,8,100,4672,272,0,0,0,0,108,0,0,0,0,297,9400
3846,W2,1,1,5,5,0,0,0,0,0,0,0,100,100,0,0,0,0,0,100,100,0,0.000000,0,9072,0.000000,0,0,0,0,108,8,0,8,100,4672,272,0,0,0,0,108,0,0,0,0,297,9400
3847,W2,1,1,5,5,0,0,0,0,0,0,0,100,100,0,0,0,0,0,100,100,0,0.000000,0,9072,0.000000,0,0,0,0,108,8,0,8,100,4672,272,0,0,0,0,108,0,0,0,0,352,9400
3848,W2,1,1,5,5,0,0,0,0,0,0,0,100,100,100,0,0,0,0,100,100,100,100.000000,1600,9072,17.636684,10,10,10,10,108,8,0,8,100,4672,272,0,0,0,0,108,0,0,0,0,304,9400
3849,W2,1,1,5,5,0,0,0,0,0,0,0,100,100,0,0,0,0,0,100,100,0,0.000000,0,9072,0.000000,0,0,0,0,108,8,0,8,100,4672,272,0,0,0,0,108,0,0,0,0,306,9400
3850,W2,1,1,5,5,0,0,0,0,0,0,0,100,100,0,0,0,0,0,100,100,0,0.000000,0,9072,0.000000,0,0,0,0,108,8,0,8,100,4672,272,0,0,0,0,108,0,0,0,0,301,9400
3851,W2,1,1,5,5,0,0,0,0,0,0,0,100,100,0,0,0,0,0,100,100,0,0.000000,0,9072,0.000000,0,0,0,0,108,8,0,8,100,4672,272,0,0,0,0,108,0,0,0,0,310,9400
3852,W2,1,1,5,5,0,0,0,0,0,0,0,100,100,0,0,0,0,0,100,100,0,0.000000,0,9072,0.000000,0,0,0,0,108,8,0,8,100,4672,272,0,0,0,0,108,0,0,0,0,295,9400
3853,W2,1,1,5,5,0,0,0,0,0,0,0,100,100,0,0,0,0,0,100,100,0,0.000000,0,9072,0.000000,0,0,0,0,108,8,0,8,100,4672,272,0,0,0,0,108,0,0,0,0,284,9400
3854,W2,1,1,5,5,0,0,0,0,0,0,0,100,100,0,0,0,0,0,100,100,0,0.000000,0,9072,0.000000,0,0,0,0,108,8,0,8,100,4672,272,0,0,0,0,108,0,0,0,0,290,9400
3855,W2,1,1,5,5,0,0,0,0,0,0,0,100,100,0,0,0,0,0,100,100,0,0.000000,0,9072,0.000000,0,0,0,0,108,8,0,8,100,4672,272,0,0,0,0,108,0,0,0,0,303,9400
3856,W2,1,1,5,5,0,0,0,0,0,0,0,100,100,0,0,0,0,0,100,100,0,0.000000,0,9072,0.000000,0,0,0,0,108,8,0,8,100,4672,272,0,0,0,0,108,0,0,0,0,332,9400
3857,W2,1,1,5,5,0,0,0,0,0,0,0,100,100,100,0,0,0,0,100,100,100,100.000000,1600,9072,17.636684,10,10,10,10,108,8,0,8,100,4672,272,0,0,0,0,108,0,0,0,0,340,9400
3858,W2,1,1,5,5,0,0,0,0,0,0,0,100,100,0,0,0,0,0,100,100,0,0.000000,0,9072,0.000000,0,0,0,0,108,8,0,8,100,4672,272,0,0,0,0,108,0,0,0,0,292,9400
3859,W2,1,1,5,5,0,0,0,0,0,0,0,100,100,0,0,0,0,0,100,100,0,0.000000,0,9072,0.000000,0,0,0,0,108,8,0,8,100,4672,272,0,0,0,0,108,0,0,0,0,297,9400
3860,W2,1,1,5,5,0,0,0,0,0,0,0,100,100,0,0,0,0,0,100,100,0,0.000000,0,9072,0.000000,0,0,0,0,108,8,0,8,100,4672,272,0,0,0,0,108,0,0,0,0,320,9400
3861,W2,1,1,5,5,0,0,0,0,0,0,0,100,100,0,0,0,0,0,100,100,0,0.000000,0,9072,0.000000,0,0,0,0,108,8,0,8,100,4672,272,0,0,0,0,108,0,0,0,0,285,9400
3862,W2,1,1,5,5,0,0,0,0,0,0,0,100,100,0,0,0,0,0,100,100,0,0.000000,0,9072,0.000000,0,0,0,0,108,8,0,8,100,4672,272,0,0,0,0,108,0,0,0,0,287,9400
3863,W2,1,1,5,5,0,0,0,0,0,0,0,100,100,0,0,0,0,0,100,100,0,0.000000,0,9072,0.000000,0,0,0,0,108,8,0,8,100,4672,272,0,0,0,0,108,0,0,0,0,308,9400
3864,W2,1,1,5,5,0,0,0,0,0,0,0,100,100,0,0,0,0,0,100,100,0,0.000000,0,9072,0.000000,0,0,0,0,108,8,0,8,100,4672,272,0,0,0,0,108,0,0,0,0,293,9400
3865,W2,1,1,5,5,0,0,0,0,0,0,0,100,100,0,0,0,0,0,100,100,0,0.000000,0,9072,0.000000,0,0,0,0,108,8,0,8,100,4672,272,0,0,0,0,108,0,0,0,0,290,9400
3866,W2,1,1,5,5,0,0,0,0,0,0,0,100,100,100,0,0,0,0,100,100,100,100.000000,1600,9072,17.636684,10,10,10,10,108,8,0,8,100,4672,272,0,0,0,0,108,0,0,0,0,329,9400
3867,W2,1,1,5,5,0,0,0,0,0,0,0,100,100,0,0,0,0,0,100,100,0,0.000000,0,9072,0.000000,0,0,0,0,108,8,0,8,100,4672,272,0,0,0,0,108,0,0,0,0,319,9400
3868,W2,1,1,5,5,0,0,0,0,0,0,0,100,100,0,0,0,0,0,100,100,0,0.000000,0,9072,0.000000,0,0,0,0,108,8,0,8,100,4672,272,0,0,0,0,108,0,0,0,0,301,9400
3869,W2,1,1,5,5,0,0,0,0,0,0,0,100,100,0,0,0,0,0,100,100,0,0.000000,0,9072,0.000000,0,0,0,0,108,8,0,8,100,4672,272,0,0,0,0,108,0,0,0,0,326,9400
3870,W2,1,1,5,5,0,0,0,0,0,0,0,100,100,0,0,0,0,0,100,100,0,0.000000,0,9072,0.000000,0,0,0,0,108,8,0,8,100,4672,272,0,0,0,0,108,0,0,0,0,300,9400
3871,W2,1,1,5,5,0,0,0,0,0,0,0,100,100,0,0,0,0,0,100,100,0,0.000000,0,9072,0.000000,0,0,0,0,108,8,0,8,100,4672,272,0,0,0,0,108,0,0,0,0,326,9400
3872,W2,1,1,5,5,0,0,0,0,0,0,0,100,100,0,0,0,0,0,100,100,0,0.000000,0,9072,0.000000,0,0,0,0,108,8,0,8,100,4672,272,0,0,0,0,108,0,0,0,0,335,9400
3873,W2,1,1,5,5,0,0,0,0,0,0,0,100,100,0,0,0,0,0,100,100,0,0.000000,0,9072,0.000000,0,0,0,0,108,8,0,8,100,4672,272,0,0,0,0,108,0,0,0,0,307,9400
3874,W2,1,1,5,5,0,0,0,0,0,0,0,100,100,0,0,0,0,0,100,100,0,0.000000,0,9072,0.000000,0,0,0,0,108,8,0,8,100,4672,272,0,0,0,0,108,0,0,0,0,308,9400
3875,W2,1,1,5,5,0,0,0,0,0,0,0,100,100,100,0,0,0,0,100,100,100,100.000000,1600,9072,17.636684,10,10,10,10,108,8,0,8,100,4672,272,0,0,0,0,108,0,0,0,0,305,9400
3876,W2,1,1,5,5,0,0,0,0,0,0,0,100,100,0,0,0,0,0,100,100,0,0.000000,0,9072,0.000000,0,0,0,0,108,8,0,8,100,4672,272,0,0,0,0,108,0,0,0,0,297,9400
3877,W2,1,1,5,5,0,0,0,0,0,0,0,100,100,0,0,0,0,0,100,100,0,0.000000,0,9072,0.000000,0,0,0,0,108,8,0,8,100,4672,272,0,0,0,0,108,0,0,0,0,327,9400
3878,W2,1,1,5,5,0,0,0,0,0,0,0,100,100,0,0,0,0,0,100,100,0,0.000000,0,9072,0.000000,0,0,0,0,108,8,0,8,100,4672,272,0,0,0,0,108,0,0,0,0,341,9400
3879,W2,1,1,5,5,0,0,0,0,0,0,0,100,100,0,0,0,0,0,100,100,0,0.000000,0,9072,0.000000,0,0,0,0,108,8,0,8,100,4672,272,0,0,0,0,108,0,0,0,0,305,9400
3880,W2,1,1,5,5,0,0,0,0,0,0,0,100,100,0,0,0,0,0,100,100,0,0.000000,0,9072,0.000000,0,0,0,0,108,8,0,8,100,4672,272,0,0,0,0,108,0,0,0,0,315,9400
3881,W2,1,1,5,5,0,0,0,0,0,0,0,100,100,0,0,0,0,0,100,100,0,0.000000,0,9072,0.000000,0,0,0,0,108,8,0,8,100,4672,272,0,0,0,0,108,0,0,0,0,285,9400
3882,W2,1,1,5,5,0,0,0,0,0,0,0,100,100,0,0,0,0,0,100,100,0,0.000000,0,9072,0.000000,0,0,0,0,108,8,0,8,100,4672,272,0,0,0,0,108,0,0,0,0,294,9400
3883,W2,1,1,5,5,0,0,0,0,0,0,0,100,100,0,0,0,0,0,100,100,0,0.000000,0,9072,0.000000,0,0,0,0,108,8,0,8,100,4672,272,0,0,0,0,108,0,0,0,0,287,9400
3884,W2,1,1,5,5,0,0,0,0,0,0,0,100,100,100,0,0,0,0,100,100,100,100.000000,1600,9072,17.636684,10,10,10,10,108,8,0,8,100,4672,272,0,0,0,0,108,0,0,0,0,340,9400
3885,W2,1,1,5,5,0,0,0,0,0,0,0,100,100,0,0,0,0,0,100,100,0,0.000000,0,9072,0.000000,0,0,0,0,108,8,0,8,100,4672,272,0,0,0,0,108,0,0,0,0,339,9400
3886,W2,1,1,5,5,0,0,0,0,0,0,0,100,100,0,0,0,0,0,100,100,0,0.000000,0,9072,0.000000,0,0,0,0,108,8,0,8,100,4672,272,0,0,0,0,108,0,0,0,0,313,9400
3887,W2,1,1,5,5,0,0,0,0,0,0,0,100,100,0,0,0,0,0,100,100,0,0.000000,0,9072,0.000000,0,0,0,0,108,8,0,8,100,4672,272,0,0,0,0,108,0,0,0,0,295,9400
3888,W2,1,1,5,5,0,0,0,0,0,0,0,100,100,0,0,0,0,0,100,100,0,0.000000,0,9072,0.000000,0,0,0,0,108,8,0,8,100,4672,272,0,0,0,0,108,0,0,0,0,297,9400
3889,W2,1,1,5,5,0,0,0,0,0,0,0,100,100,0,0,0,0,0,100,100,0,0.000000,0,9072,0.000000,0,0,0,0,108,8,0,8,100,4672,272,0,0,0,0,108,0,0,0,0,317,9400
3890,W2,1,1,5,5,0,0,0,0,0,0,0,100,100,0,0,0,0,0,100,100,0,0.000000,0,9072,0.000000,0,0,0,0,108,8,0,8,100,4672,272,0,0,0,0,108,0,0,0,0,324,9400
3891,W2,1,1,5,5,0,0,0,0,0,0,0,100,100,0,0,0,0,0,100,100,0,0.000000,0,9072,0.000000,0,0,0,0,108,8,0,8,100,4672,272,0,0,0,0,108,0,0,0,0,325,9400
3892,W2,1,1,5,5,0,0,0,0,0,0,0,100,100,0,0,0,0,0,100,100,0,0.000000,0,9072,0.000000,0,0,0,0,108,8,0,8,100,4672,272,0,0,0,0,108,0,0,0,0,323,9400
3893,W2,1,1,5,5,0,0,0,0,0,0,0,100,100,100,0,0,0,0,100,100,100,100.000000,1600,9072,17.636684,10,10,10,10,108,8,0,8,100,4672,272,0,0,0,0,108,0,0,0,0,325,9400
3894,W2,1,1,5,5,0,0,0,0,0,0,0,100,100,0,0,0,0,0,100,100,0,0.000000,0,9072,0.000000,0,0,0,0,108,8,0,8,100,4672,272,0,0,0,0,108,0,0,0,0,301,9400
3895,W2,1,1,5,5,0,0,0,0,0,0,0,100,100,0,0,0,0,0,100,100,0,0.000000,0,9072,0.000000,0,0,0,0,108,8,0,8,100,4672,272,0,0,0,0,108,0,0,0,0,289,9400
3896,W2,1,1,5,5,0,0,0,0,0,0,0,100,100,0,0,0,0,0,100,100,0,0.000000,0,9072,0.000000,0,0,0,0,108,8,0,8,100,4672,272,0,0,0,0,108,0,0,0,0,289,9400
3897,W2,1,1,5,5,0,0,0,0,0,0,0,100,100,0,0,0,0,0,100,100,0,0.000000,0,9072,0.000000,0,0,0,0,108,8,0,8,100,4672,272,0,0,0,0,108,0,0,0,0,280,9400
3898,W2,1,1,5,5,0,0,0,0,0,0,0,100,100,0,0,0,0,0,100,100,0,0.000000,0,9072,0.000000,0,0,0,0,108,8,0,8,100,4672,272,0,0,0,0,108,0,0,0,0,288,9400
3899,W2,1,1,5,5,0,0,0,0,0,0,0,100,100,0,0,0,0,0,100,100,0,0.000000,0,9072,0.000000,0,0,0,0,108,8,0,8,100,4672,272,0,0,0,0,108,0,0,0,0,292,9400
3900,W2,1,1,5,5,0,0,0,0,0,0,0,100,100,0,0,0,0,0,100,100,0,0.000000,0,9072,0.000000,0,0,0,0,108,8,0,8,100,4672,272,0,0,0,0,108,0,0,0,0,289,9400
3901,W2,1,1,5,5,0,0,0,0,0,0,0,100,100,0,0,0,0,0,100,100,0,0.000000,0,9072,0.000000,0,0,0,0,108,8,0,8,100,4672,272,0,0,0,0,108,0,0,0,0,316,9400
3902,W2,1,1,5,5,0,0,0,0,0,0,0,100,100,100,0,0,0,0,100,100,100,100.000000,1600,9072,17.636684,10,10,10,10,108,8,0,8,100,4672,272,0,0,0,0,108,0,0,0,0,332,9400
3903,W2,1,1,5,5,0,0,0,0,0,0,0,100,100,0,0,0,0,0,100,100,0,0.000000,0,9072,0.000000,0,0,0,0,108,8,0,8,100,4672,272,0,0,0,0,108,0,0,0,0,324,9400
3904,W2,1,1,5,5,0,0,0,0,0,0,0,100,100,0,0,0,0,0,100,100,0,0.000000,0,9072,0.000000,0,0,0,0,108,8,0,8,100,4672,272,0,0,0,0,108,0,0,0,0,298,9400
3905,W2,1,1,5,5,0,0,0,0,0,0,0,100,100,0,0,0,0,0,100,100,0,0.000000,0,9072,0.000000,0,0,0,0,108,8,0,8,100,4672,272,0,0,0,0,108,0,0,0,0,325,9400
3906,W2,1,1,5,5,0,0,0,0,0,0,0,100,100,0,0,0,0,0,100,100,0,0.000000,0,9072,0.000000,0,0,0,0,108,8,0,8,100,4672,272,0,0,0,0,108,0,0,0,0,326,9400
3907,W2,1,1,5,5,0,0,0,0,0,0,0,100,100,0,0,0,0,0,100,100,0,0.000000,0,9072,0.000000,0,0,0,0,108,8,0,8,100,4672,272,0,0,0,0,108,0,0,0,0,321,9400
3908,W2,1,1,5,5,0,0,0,0,0,0,0,100,100,0,0,0,0,0,100,100,0,0.000000,0,9072,0.000000,0,0,0,0,108,8,0,8,100,4672,272,0,0,0,0,108,0,0,0,0,303,9400
3909,W2,1,1,5,5,0,0,0,0,0,0,0,100,100,0,0,0,0,0,100,100,0,0.000000,0,9072,0.000000,0,0,0,0,108,8,0,8,100,4672,272,0,0,0,0,108,0,0,0,0,331,9400
3910,W2,1,1,5,5,0,0,0,0,0,0,0,100,100,0,0,0,0,0,100,100,0,0.000000,0,9072,0.000000,0,0,0,0,108,8,0,8,100,4672,272,0,0,0,0,108,0,0,0,0,288,9400
3911,W2,1,1,5,5,0,0,0,0,0,0,0,100,100,100,0,0,0,0,100,100,100,100.000000,1600,9072,17.636684,10,10,10,10,108,8,0,8,100,4672,272,0,0,0,0,108,0,0,0,0,321,9400
3912,W2,1,1,5,5,0,0,0,0,0,0,0,100,100,0,0,0,0,0,100,100,0,0.000000,0,9072,0.000000,0,0,0,0,108,8,0,8,100,4672,272,0,0,0,0,108,0,0,0,0,298,9400
3913,W2,1,1,5,5,0,0,0,0,0,0,0,100,100,0,0,0,0,0,100,100,0,0.000000,0,9072,0.000000,0,0,0,0,108,8,0,8,100,4672,272,0,0,0,0,108,0,0,0,0,309,9400
3914,W2,1,1,5,5,0,0,0,0,0,0,0,100,100,0,0,0,0,0,100,100,0,0.000000,0,9072,0.000000,0,0,0,0,108,8,0,8,100,4672,272,0,0,0,0,108,0,0,0,0,289,9400
3915,W2,1,1,5,5,0,0,0,0,0,0,0,100,100,0,0,0,0,0,100,100,0,0.000000,0,9072,0.000000,0,0,0,0,108,8,0,8,100,4672,272,0,0,0,0,108,0,0,0,0,305,9400
3916,W2,1,1,5,5,0,0,0,0,0,0,0,100,100,0,0,0,0,0,100,100,0,0.000000,0,9072,0.000000,0,0,0,0,108,8,0,8,100,4672,272,0,0,0,0,108,0,0,0,0,290,9400
3917,W2,1,1,5,5,0,0,0,0,0,0,0,100,100,0,0,0,0,0,100,100,0,0.000000,0,9072,0.000000,0,0,0,0,108,8,0,8,100,4672,272,0,0,0,0,108,0,0,0,0,293,9400
3918,W2,1,1,5,5,0,0,0,0,0,0,0,100,100,0,0,0,0,0,100,100,0,0.000000,0,9072,0.000000,0,0,0,0,108,8,0,8,100,4672,272,0,0,0,0,108,0,0,0,0,318,9400
3919,W2,1,1,5,5,0,0,0,0,0,0,0,100,100,0,0,0,0,0,100,100,0,0.000000,0,9072,0.000000,0,0,0,0,108,8,0,8,100,4672,272,0,0,0,0,108,0,0,0,0,342,9400
3920,W2,1,1,5,5,0,0,0,0,0,0,0,100,100,100,0,0,0,0,100,100,100,100.000000,1600,9072,17.636684,10,10,10,10,108,8,0,8,100,4672,272,0,0,0,0,108,0,0,0,0,341,9400
3921,W2,1,1,5,5,0,0,0,0,0,0,0,100,100,0,0,0,0,0,100,100,0,0.000000,0,9072,0.000000,0,0,0,0,108,8,0,8,100,4672,272,0,0,0,0,108,0,0,0,0,294,9400
3922,W2,1,1,5,5,0,0,0,0,0,0,0,100,100,0,0,0,0,0,100,100,0,0.000000,0,9072,0.000000,0,0,0,0,108,8,0,8,100,4672,272,0,0,0,0,108,0,0,0,0,285,9400
3923,W2,1,1,5,5,0,0,0,0,0,0,0,100,100,0,0,0,0,0,100,100,0,0.000000,0,9072,0.000000,0,0,0,0,108,8,0,8,100,4672,272,0,0,0,0,108,0,0,0,0,289,9400
3924,W2,1,1,5,5,0,0,0,0,0,0,0,100,100,0,0,0,0,0,100,100,0,0.000000,0,9072,0.000000,0,0,0,0,108,8,0,8,100,4672,272,0,0,0,0,108,0,0,0,0,350,9400
3925,W2,1,1,5,5,0,0,0,0,0,0,0,100,100,0,0,0,0,0,100,100,0,0.000000,0,9072,0.000000,0,0,0,0,108,8,0,8,100,4672,272,0,0,0,0,108,0,0,0,0,298,9400
3926,W2,1,1,5,5,0,0,0,0,0,0,0,100,100,0,0,0,0,0,100,100,0,0.000000,0,9072,0.000000,0,0,0,0,108,8,0,8,100,4672,272,0,0,0,0,108,0,0,0,0,294,9400
3927,W2,1,1,5,5,0,0,0,0,0,0,0,100,100,0,0,0,0,0,100,100,0,0.000000,0,9072,0.000000,0,0,0,0,108,8,0,8,100,4672,272,0,0,0,0,108,0,0,0,0,303,9400
3928,W2,1,1,5,5,0,0,0,0,0,0,0,100,100,0,0,0,0,0,100,100,0,0.000000,0,9072,0.000000,0,0,0,0,108,8,0,8,100,4672,272,0,0,0,0,108,0,0,0,0,292,9400
3929,W2,1,1,5,5,0,0,0,0,0,0,0,100,100,100,0,0,0,0,100,100,100,100.000000,1600,9072,17.636684,10,10,10,10,108,8,0,8,100,4672,272,0,0,0,0,108,0,0,0,0,315,9400
3930,W2,1,1,5,5,0,0,0,0,0,0,0,100,100,0,0,0,0,0,100,100,0,0.000000,0,9072,0.000000,0,0,0,0,108,8,0,8,100,4672,272,0,0,0,0,108,0,0,0,0,335,9400
3931,W2,1,1,5,5,0,0,0,0,0,0,0,100,100,0,0,0,0,0,100,100,0,0.000000,0,9072,0.000000,0,0,0,0,108,8,0,8,100,4672,272,0,0,0,0,108,0,0,0,0,298,9400
3932,W2,1,1,5,5,0,0,0,0,0,0,0,100,100,0,0,0,0,0,100,100,0,0.000000,0,9072,0.000000,0,0,0,0,108,8,0,8,100,4672,272,0,0,0,0,108,0,0,0,0,310,9400
3933,W2,1,1,5,5,0,0,0,0,0,0,0,100,100,0,0,0,0,0,100,100,0,0.000000,0,9072,0.000000,0,0,0,0,108,8,0,8,100,4672,272,0,0,0,0,108,0,0,0,0,288,9400
3934,W2,1,1,5,5,0,0,0,0,0,0,0,100,100,0,0,0,0,0,100,100,0,0.000000,0,9072,0.000000,0,0,0,0,108,8,0,8,100,4672,272,0,0,0,0,108,0,0,0,0,315,9400
3935,W2,1,1,5,5,0,0,0,0,0,0,0,100,100,0,0,0,0,0,100,100,0,0.000000,0,9072,0.000000,0,0,0,0,108,8,0,8,100,4672,272,0,0,0,0,108,0,0,0,0,281,9400
3936,W2,1,1,5,5,0,0,0,0,0,0,0,100,100,0,0,0,0,0,100,100,0,0.000000,0,9072,0.000000,0,0,0,0,108,8,0,8,100,4672,272,0,0,0,0,108,0,0,0,0,308,9400
3937,W2,1,1,5,5,0,0,0,0,0,0,0,100,100,0,0,0,0,0,100,100,0,0.000000,0,9072,0.000000,0,0,0,0,108,8,0,8,100,4672,272,0,0,0,0,108,0,0,0,0,281,9400
3938,W2,1,1,5,5,0,0,0,0,0,0,0,100,100,100,0,0,0,0,100,100,100,100.000000,1600,9072,17.636684,10,10,10,10,108,8,0,8,100,4672,272,0,0,0,0,108,0,0,0,0,287,9400
3939,W2,1,1,5,5,0,0,0,0,0,0,0,100,100,0,0,0,0,0,100,100,0,0.000000,0,9072,0.000000,0,0,0,0,108,8,0,8,100,4672,272,0,0,0,0,108,0,0,0,0,325,9400
3940,W2,1,1,5,5,0,0,0,0,0,0,0,100,100,0,0,0,0,0,100,100,0,0.000000,0,9072,0.000000,0,0,0,0,108,8,0,8,100,4672,272,0,0,0,0,108,0,0,0,0,286,9400
3941,W2,1,1,5,5,0,0,0,0,0,0,0,100,100,0,0,0,0,0,100,100,0,0.000000,0,9072,0.000000,0,0,0,0,108,8,0,8,100,4672,272,0,0,0,0,108,0,0,0,0,306,9400
3942,W2,1,1,5,5,0,0,0,0,0,0,0,100,100,0,0,0,0,0,100,100,0,0.000000,0,9072,0.000000,0,0,0,0,108,8,0,8,100,4672,272,0,0,0,0,108,0,0,0,0,330,9400
3943,W2,1,1,5,5,0,0,0,0,0,0,0,100,100,0,0,0,0,0,100,100,0,0.000000,0,9072,0.000000,0,0,0,0,108,8,0,8,100,4672,272,0,0,0,0,108,0,0,0,0,303,9400
3944,W2,1,1,5,5,0,0,0,0,0,0,0,100,100,0,0,0,0,0,100,100,0,0.000000,0,9072,0.000000,0,0,0,0,108,8,0,8,100,4672,272,0,0,0,0,108,0,0,0,0,308,9400
3945,W2,1,1,5,5,0,0,0,0,0,0,0,100,100,0,0,0,0,0,100,100,0,0.000000,0,9072,0.000000,0,0,0,0,108,8,0,8,100,4672,272,0,0,0,0,108,0,0,0,0,324,9400
3946,W2,1,1,5,5,0,0,0,0,0,0,0,100,100,0,0,0,0,0,100,100,0,0.000000,0,9072,0.000000,0,0,0,0,108,8,0,8,100,4672,272,0,0,0,0,108,0,0,0,0,305,9400
3947,W2,1,1,5,5,0,0,0,0,0,0,0,100,100,100,0,0,0,0,100,100,100,100.000000,1600,9072,17.636684,10,10,10,10,108,8,0,8,100,4672,272,0,0,0,0,108,0,0,0,0,329,9400
3948,W2,1,1,5,5,0,0,0,0,0,0,0,100,100,0,0,0,0,0,100,100,0,0.000000,0,9072,0.000000,0,0,0,0,108,8,0,8,100,4672,272,0,0,0,0,108,0,0,0,0,308,9400
3949,W2,1,1,5,5,0,0,0,0,0,0,0,100,100,0,0,0,0,0,100,100,0,0.000000,0,9072,0.000000,0,0,0,0,108,8,0,8,100,4672,272,0,0,0,0,108,0,0,0,0,297,9400
3950,W2,1,1,5,5,0,0,0,0,0,0,0,100,100,0,0,0,0,0,100,100,0,0.000000,0,9072,0.000000,0,0,0,0,108,8,0,8,100,4672,272,0,0,0,0,108,0,0,0,0,311,9400
3951,W2,1,1,5,5,0,0,0,0,0,0,0,100,100,0,0,0,0,0,100,100,0,0.000000,0,9072,0.000000,0,0,0,0,108,8,0,8,100,4672,272,0,0,0,0,108,0,0,0,0,296,9400
3952,W2,1,1,5,5,0,0,0,0,0,0,0,100,100,0,0,0,0,0,100,100,0,0.000000,0,9072,0.000000,0,0,0,0,108,8,0,8,100,4672,272,0,0,0,0,108,0,0,0,0,315,9400
3953,W2,1,1,5,5,0,0,0,0,0,0,0,100,100,0,0,0,0,0,100,100,0,0.000000,0,9072,0.000000,0,0,0,0,108,8,0,8,100,4672,272,0,0,0,0,108,0,0,0,0,295,9400
3954,W2,1,1,5,5,0,0,0,0,0,0,0,100,100,0,0,0,0,0,100,100,0,0.000000,0,9072,0.000000,0,0,0,0,108,8,0,8,100,4672,272,0,0,0,0,108,0,0,0,0,309,9400
3955,W2,1,1,5,5,0,0,0,0,0,0,0,100,100,0,0,0,0,0,100,100,0,0.000000,0,9072,0.000000,0,0,0,0,108,8,0,8,100,4672,272,0,0,0,0,108,0,0,0,0,302,9400
3956,W2,1,1,5,5,0,0,0,0,0,0,0,100,100,100,0,0,0,0,100,100,100,100.000000,1600,9072,17.636684,10,10,10,10,108,8,0,8,100,4672,272,0,0,0,0,108,0,0,0,0,299,9400
3957,W2,1,1,5,5,0,0,0,0,0,0,0,100,100,0,0,0,0,0,100,100,0,0.000000,0,9072,0.000000,0,0,0,0,108,8,0,8,100,4672,272,0,0,0,0,108,0,0,0,0,285,9400
3958,W2,1,1,5,5,0,0,0,0,0,0,0,100,100,0,0,0,0,0,100,100,0,0.000000,0,9072,0.000000,0,0,0,0,108,8,0,8,100,4672,272,0,0,0,0,108,0,0,0,0,297,9400
3959,W2,1,1,5,5,0,0,0,0,0,0,0,100,100,0,0,0,0,0,100,100,0,0.000000,0,9072,0.000000,0,0,0,0,108,8,0,8,100,4672,272,0,0,0,0,108,0,0,0,0,299,9400
3960,W2,1,1,5,5,0,0,0,0,0,0,0,100,100,0,0,0,0,0,100,100,0,0.000000,0,9072,0.000000,0,0,0,0,108,8,0,8,100,4672,272,0,0,0,0,108,0,0,0,0,321,9400
3961,W2,1,1,5,5,0,0,0,0,0,0,0,100,100,0,0,0,0,0,100,100,0,0.000000,0,9072,0.000000,0,0,0,0,108,8,0,8,100,4672,272,0,0,0,0,108,0,0,0,0,302,9400
3962,W2,1,1,5,5,0,0,0,0,0,0,0,100,100,0,0,0,0,0,100,100,0,0.000000,0,9072,0.000000,0,0,0,0,108,8,0,8,100,4672,272,0,0,0,0,108,0,0,0,0,300,9400
3963,W2,1,1,5,5,0,0,0,0,0,0,0,100,100,0,0,0,0,0,100,100,0,0.000000,0,9072,0.000000,0,0,0,0,108,8,0,8,100,4672,272,0,0,0,0,108,0,0,0,0,345,9400
3964,W2,1,1,5,5,0,0,0,0,0,0,0,100,100,0,0,0,0,0,100,100,0,0.000000,0,9072,0.000000,0,0,0,0,108,8,0,8,100,4672,272,0,0,0,0,108,0,0,0,0,311,9400
3965,W2,1,1,5,5,0,0,0,0,0,0,0,100,100,100,0,0,0,0,100,100,100,100.000000,1600,9072,17.636684,10,10,10,10,108,8,0,8,100,4672,272,0,0,0,0,108,0,0,0,0,286,9400
3966,W2,1,1,5,5,0,0,0,0,0,0,0,100,100,0,0,0,0,0,100,100,0,0.000000,0,9072,0.000000,0,0,0,0,108,8,0,8,100,4672,272,0,0,0,0,108,0,0,0,0,352,9400
3967,W2,1,1,5,5,0,0,0,0,0,0,0,100,100,0,0,0,0,0,100,100,0,0.000000,0,9072,0.000000,0,0,0,0,108,8,0,8,100,4672,272,0,0,0,0,108,0,0,0,0,284,9400
3968,W2,1,1,5,5,0,0,0,0,0,0,0,100,100,0,0,0,0,0,100,100,0,0.000000,0,9072,0.000000,0,0,0,0,108,8,0,8,100,4672,272,0,0,0,0,108,0,0,0,0,355,9400
3969,W2,1,1,5,5,0,0,0,0,0,0,0,100,100,0,0,0,0,0,100,100,0,0.000000,0,9072,0.000000,0,0,0,0,108,8,0,8,100,4672,272,0,0,0,0,108,0,0,0,0,293,9400
3970,W2,1,1,5,5,0,0,0,0,0,0,0,100,100,0,0,0,0,0,100,100,0,0.000000,0,9072,0.000000,0,0,0,0,108,8,0,8,100,4672,272,0,0,0,0,108,0,0,0,0,299,9400
3971,W2,1,1,5,5,0,0,0,0,0,0,0,100,100,0,0,0,0,0,100,100,0,0.000000,0,9072,0.000000,0,0,0,0,108,8,0,8,100,4672,272,0,0,0,0,108,0,0,0,0,286,9400
3972,W2,1,1,5,5,0,0,0,0,0,0,0,100,100,0,0,0,0,0,100,100,0,0.000000,0,9072,0.000000,0,0,0,0,108,8,0,8,100,4672,272,0,0,0,0,108,0,0,0,0,290,9400
3973,W2,1,1,5,5,0,0,0,0,0,0,0,100,100,0,0,0,0,0,100,100,0,0.000000,0,9072,0.000000,0,0,0,0,108,8,0,8,100,4672,272,0,0,0,0,108,0,0,0,0,284,9400
3974,W2,1,1,5,5,0,0,0,0,0,0,0,100,100,100,0,0,0,0,100,100,100,100.000000,1600,9072,17.636684,10,10,10,10,108,8,0,8,100,4672,272,0,0,0,0,108,0,0,0,0,296,9400
3975,W2,1,1,5,5,0,0,0,0,0,0,0,100,100,0,0,0,0,0,100,100,0,0.000000,0,9072,0.000000,0,0,0,0,108,8,0,8,100,4672,272,0,0,0,0,108,0,0,0,0,313,9400
3976,W2,1,1,5,5,0,0,0,0,0,0,0,100,100,0,0,0,0,0,100,100,0,0.000000,0,9072,0.000000,0,0,0,0,108,8,0,8,100,4672,272,0,0,0,0,108,0,0,0,0,315,9400
3977,W2,1,1,5,5,0,0,0,0,0,0,0,100,100,0,0,0,0,0,100,100,0,0.000000,0,9072,0.000000,0,0,0,0,108,8,0,8,100,4672,272,0,0,0,0,108,0,0,0,0,310,9400
3978,W2,1,1,5,5,0,0,0,0,0,0,0,100,100,0,0,0,0,0,100,100,0,0.000000,0,9072,0.000000,0,0,0,0,108,8,0,8,100,4672,272,0,0,0,0,108,0,0,0,0,304,9400
3979,W2,1,1,5,5,0,0,0,0,0,0,0,100,100,0,0,0,0,0,100,100,0,0.000000,0,9072,0.000000,0,0,0,0,108,8,0,8,100,4672,272,0,0,0,0,108,0,0,0,0,298,9400
3980,W2,1,1,5,5,0,0,0,0,0,0,0,100,100,0,0,0,0,0,100,100,0,0.000000,0,9072,0.000000,0,0,0,0,108,8,0,8,100,4672,272,0,0,0,0,108,0,0,0,0,318,9400
3981,W2,1,1,5,5,0,0,0,0,0,0,0,100,100,0,0,0,0,0,100,100,0,0.000000,0,9072,0.000000,0,0,0,0,108,8,0,8,100,4672,272,0,0,0,0,108,0,0,0,0,309,9400
3982,W2,1,1,5,5,0,0,0,0,0,0,0,100,100,0,0,0,0,0,100,100,0,0.000000,0,9072,0.000000,0,0,0,0,108,8,0,8,100,4672,272,0,0,0,0,108,0,0,0,0,307,9400
3983,W2,1,1,5,5,0,0,0,0,0,0,0,100,100,100,0,0,0,0,100,100,100,100.000000,1600,9072,17.636684,10,10,10,10,108,8,0,8,100,4672,272,0,0,0,0,108,0,0,0,0,300,9400
3984,W2,1,1,5,5,0,0,0,0,0,0,0,100,100,0,0,0,0,0,100,100,0,0.000000,0,9072,0.000000,0,0,0,0,108,8,0,8,100,4672,272,0,0,0,0,108,0,0,0,0,335,9400
3985,W2,1,1,5,5,0,0,0,0,0,0,0,100,100,0,0,0,0,0,100,100,0,0.000000,0,9072,0.000000,0,0,0,0,108,8,0,8,100,4672,272,0,0,0,0,108,0,0,0,0,287,9400
3986,W2,1,1,5,5,0,0,0,0,0,0,0,100,100,0,0,0,0,0,100,100,0,0.000000,0,9072,0.000000,0,0,0,0,108,8,0,8,100,4672,272,0,0,0,0,108,0,0,0,0,301,9400
3987,W2,1,1,5,5,0,0,0,0,0,0,0,100,100,0,0,0,0,0,100,100,0,0.000000,0,9072,0.000000,0,0,0,0,108,8,0,8,100,4672,272,0,0,0,0,108,0,0,0,0,297,9400
3988,W2,1,1,5,5,0,0,0,0,0,0,0,100,100,0,0,0,0,0,100,100,0,0.000000,0,9072,0.000000,0,0,0,0,108,8,0,8,100,4672,272,0,0,0,0,108,0,0,0,0,318,9400
3989,W2,1,1,5,5,0,0,0,0,0,0,0,100,100,0,0,0,0,0,100,100,0,0.000000,0,9072,0.000000,0,0,0,0,108,8,0,8,100,4672,272,0,0,0,0,108,0,0,0,0,467,9400
3990,W2,1,1,5,5,0,0,0,0,0,0,0,100,100,0,0,0,0,0,100,100,0,0.000000,0,9072,0.000000,0,0,0,0,108,8,0,8,100,4672,272,0,0,0,0,108,0,0,0,0,304,9400
3991,W2,1,1,5,5,0,0,0,0,0,0,0,100,100,0,0,0,0,0,100,100,0,0.000000,0,9072,0.000000,0,0,0,0,108,8,0,8,100,4672,272,0,0,0,0,108,0,0,0,0,320,9400
3992,W2,1,1,5,5,0,0,0,0,0,0,0,100,100,100,0,0,0,0,100,100,100,100.000000,1600,9072,17.636684,10,10,10,10,108,8,0,8,100,4672,272,0,0,0,0,108,0,0,0,0,315,9400
3993,W2,1,1,5,5,0,0,0,0,0,0,0,100,100,0,0,0,0,0,100,100,0,0.000000,0,9072,0.000000,0,0,0,0,108,8,0,8,100,4672,272,0,0,0,0,108,0,0,0,0,296,9400
3994,W2,1,1,5,5,0,0,0,0,0,0,0,100,100,0,0,0,0,0,100,100,0,0.000000,0,9072,0.000000,0,0,0,0,108,8,0,8,100,4672,272,0,0,0,0,108,0,0,0,0,309,9400
3995,W2,1,1,5,5,0,0,0,0,0,0,0,100,100,0,0,0,0,0,100,100,0,0.000000,0,9072,0.000000,0,0,0,0,108,8,0,8,100,4672,272,0,0,0,0,108,0,0,0,0,324,9400
3996,W2,1,1,5,5,0,0,0,0,0,0,0,100,100,0,0,0,0,0,100,100,0,0.000000,0,9072,0.000000,0,0,0,0,108,8,0,8,100,4672,272,0,0,0,0,108,0,0,0,0,304,9400
3997,W2,1,1,5,5,0,0,0,0,0,0,0,100,100,0,0,0,0,0,100,100,0,0.000000,0,9072,0.000000,0,0,0,0,108,8,0,8,100,4672,272,0,0,0,0,108,0,0,0,0,325,9400
3998,W2,1,1,5,5,0,0,0,0,0,0,0,100,100,0,0,0,0,0,100,100,0,0.000000,0,9072,0.000000,0,0,0,0,108,8,0,8,100,4672,272,0,0,0,0,108,0,0,0,0,302,9400
3999,W2,1,1,5,5,0,0,0,0,0,0,0,100,100,0,0,0,0,0,100,100,0,0.000000,0,9072,0.000000,0,0,0,0,108,8,0,8,100,4672,272,0,0,0,0,108,0,0,0,0,337,9400
4000,W2,1,1,5,5,0,0,0,0,0,0,0,100,100,0,0,0,0,0,100,100,0,0.000000,0,9072,0.000000,0,0,0,0,108,8,0,8,100,4672,272,0,0,0,0,108,0,0,0,0,321,9400
4001,W2,1,1,5,5,0,0,0,0,0,0,0,100,100,100,0,0,0,0,100,100,100,100.000000,1600,9072,17.636684,10,10,10,10,108,8,0,8,100,4672,272,0,0,0,0,108,0,0,0,0,297,9400
4002,W2,1,1,5,5,0,0,0,0,0,0,0,100,100,0,0,0,0,0,100,100,0,0.000000,0,9072,0.000000,0,0,0,0,108,8,0,8,100,4672,272,0,0,0,0,108,0,0,0,0,330,9400
4003,W2,1,1,5,5,0,0,0,0,0,0,0,100,100,0,0,0,0,0,100,100,0,0.000000,0,9072,0.000000,0,0,0,0,108,8,0,8,100,4672,272,0,0,0,0,108,0,0,0,0,294,9400
4004,W2,1,1,5,5,0,0,0,0,0,0,0,100,100,0,0,0,0,0,100,100,0,0.000000,0,9072,0.000000,0,0,0,0,108,8,0,8,100,4672,272,0,0,0,0,108,0,0,0,0,308,9400
4005,W2,1,1,5,5,0,0,0,0,0,0,0,100,100,0,0,0,0,0,100,100,0,0.000000,0,9072,0.000000,0,0,0,0,108,8,0,8,100,4672,272,0,0,0,0,108,0,0,0,0,306,9400
4006,W2,1,1,5,5,0,0,0,0,0,0,0,100,100,0,0,0,0,0,100,100,0,0.000000,0,9072,0.000000,0,0,0,0,108,8,0,8,100,4672,272,0,0,0,0,108,0,0,0,0,295,9400
4007,W2,1,1,5,5,0,0,0,0,0,0,0,100,100,0,0,0,0,0,100,100,0,0.000000,0,9072,0.000000,0,0,0,0,108,8,0,8,100,4672,272,0,0,0,0,108,0,0,0,0,318,9400
4008,W2,1,1,5,5,0,0,0,0,0,0,0,100,100,0,0,0,0,0,100,100,0,0.000000,0,9072,0.000000,0,0,0,0,108,8,0,8,100,4672,272,0,0,0,0,108,0,0,0,0,337,9400
4009,W2,1,1,5,5,0,0,0,0,0,0,0,100,100,0,0,0,0,0,100,100,0,0.000000,0,9072,0.000000,0,0,0,0,108,8,0,8,100,4672,272,0,0,0,0,108,0,0,0,0,296,9400
4010,W2,1,1,5,5,0,0,0,0,0,0,0,100,100,100,0,0,0,0,100,100,100,100.000000,1600,9072,17.636684,10,10,10,10,108,8,0,8,100,4672,272,0,0,0,0,108,0,0,0,0,322,9400
4011,W2,1,1,5,5,0,0,0,0,0,0,0,100,100,0,0,0,0,0,100,100,0,0.000000,0,9072,0.000000,0,0,0,0,108,8,0,8,100,4672,272,0,0,0,0,108,0,0,0,0,299,9400
4012,W2,1,1,5,5,0,0,0,0,0,0,0,100,100,0,0,0,0,0,100,100,0,0.000000,0,9072,0.000000,0,0,0,0,108,8,0,8,100,4672,272,0,0,0,0,108,0,0,0,0,300,9400
4013,W2,1,1,5,5,0,0,0,0,0,0,0,100,100,0,0,0,0,0,100,100,0,0.000000,0,9072,0.000000,0,0,0,0,108,8,0,8,100,4672,272,0,0,0,0,108,0,0,0,0,296,9400
4014,W2,1,1,5,5,0,0,0,0,0,0,0,100,100,0,0,0,0,0,100,100,0,0.000000,0,9072,0.000000,0,0,0,0,108,8,0,8,100,4672,272,0,0,0,0,108,0,0,0,0,297,9400
4015,W2,1,1,5,5,0,0,0,0,0,0,0,100,100,0,0,0,0,0,100,100,0,0.000000,0,9072,0.000000,0,0,0,0,108,8,0,8,100,4672,272,0,0,0,0,108,0,0,0,0,304,9400
4016,W2,1,1,5,5,0,0,0,0,0,0,0,100,100,0,0,0,0,0,100,100,0,0.000000,0,9072,0.000000,0,0,0,0,108,8,0,8,100,4672,272,0,0,0,0,108,0,0,0,0,305,9400
4017,W2,1,1,5,5,0,0,0,0,0,0,0,100,100,0,0,0,0,0,100,100,0,0.000000,0,9072,0.000000,0,0,0,0,108,8,0,8,100,4672,272,0,0,0,0,108,0,0,0,0,305,9400
4018,W2,1,1,5,5,0,0,0,0,0,0,0,100,100,0,0,0,0,0,100,100,0,0.000000,0,9072,0.000000,0,0,0,0,108,8,0,8,100,4672,272,0,0,0,0,108,0,0,0,0,342,9400
4019,W2,1,1,5,5,0,0,0,0,0,0,0,100,100,100,0,0,0,0,100,100,100,100.000000,1600,9072,17.636684,10,10,10,10,108,8,0,8,100,4672,272,0,0,0,0,108,0,0,0,0,310,9400
4020,W2,1,1,5,5,0,0,0,0,0,0,0,100,100,0,0,0,0,0,100,100,0,0.000000,0,9072,0.000000,0,0,0,0,108,8,0,8,100,4672,272,0,0,0,0,108,0,0,0,0,294,9400
4021,W2,1,1,5,5,0,0,0,0,0,0,0,100,100,0,0,0,0,0,100,100,0,0.000000,0,9072,0.000000,0,0,0,0,108,8,0,8,100,4672,272,0,0,0,0,108,0,0,0,0,296,9400
4022,W2,1,1,5,5,0,0,0,0,0,0,0,100,100,0,0,0,0,0,100,100,0,0.000000,0,9072,0.000000,0,0,0,0,108,8,0,8,100,4672,272,0,0,0,0,108,0,0,0,0,353,9400
4023,W2,1,1,5,5,0,0,0,0,0,0,0,100,100,0,0,0,0,0,100,100,0,0.000000,0,9072,0.000000,0,0,0,0,108,8,0,8,100,4672,272,0,0,0,0,108,0,0,0,0,297,9400
4024,W2,1,1,5,5,0,0,0,0,0,0,0,100,100,0,0,0,0,0,100,100,0,0.000000,0,9072,0.000000,0,0,0,0,108,8,0,8,100,4672,272,0,0,0,0,108,0,0,0,0,294,9400
4025,W2,1,1,5,5,0,0,0,0,0,0,0,100,100,0,0,0,0,0,100,100,0,0.000000,0,9072,0.000000,0,0,0,0,108,8,0,8,100,4672,272,0,0,0,0,108,0,0,0,0,299,9400
4026,W2,1,1,5,5,0,0,0,0,0,0,0,100,100,0,0,0,0,0,100,100,0,0.000000,0,9072,0.000000,0,0,0,0,108,8,0,8,100,4672,272,0,0,0,0,108,0,0,0,0,295,9400
4027,W2,1,1,5,5,0,0,0,0,0,0,0,100,100,0,0,0,0,0,100,100,0,0.000000,0,9072,0.000000,0,0,0,0,108,8,0,8,100,4672,272,0,0,0,0,108,0,0,0,0,293,9400
4028,W2,1,1,5,5,0,0,0,0,0,0,0,100,100,100,0,0,0,0,100,100,100,100.000000,1600,9072,17.636684,10,10,10,10,108,8,0,8,100,4672,272,0,0,0,0,108,0,0,0,0,293,9400
4029,W2,1,1,5,5,0,0,0,0,0,0,0,100,100,0,0,0,0,0,100,100,0,0.000000,0,9072,0.000000,0,0,0,0,108,8,0,8,100,4672,272,0,0,0,0,108,0,0,0,0,290,9400
4030,W2,1,1,5,5,0,0,0,0,0,0,0,100,100,0,0,0,0,0,100,100,0,0.000000,0,9072,0.000000,0,0,0,0,108,8,0,8,100,4672,272,0,0,0,0,108,0,0,0,0,312,9400
4031,W2,1,1,5,5,0,0,0,0,0,0,0,100,100,0,0,0,0,0,100,100,0,0.000000,0,9072,0.000000,0,0,0,0,108,8,0,8,100,4672,272,0,0,0,0,108,0,0,0,0,298,9400
4032,W2,1,1,5,5,0,0,0,0,0,0,0,100,100,0,0,0,0,0,100,100,0,0.000000,0,9072,0.000000,0,0,0,0,108,8,0,8,100,4672,272,0,0,0,0,108,0,0,0,0,339,9400
4033,W2,1,1,5,5,0,0,0,0,0,0,0,100,100,0,0,0,0,0,100,100,0,0.000000,0,9072,0.000000,0,0,0,0,108,8,0,8,100,4672,272,0,0,0,0,108,0,0,0,0,308,9400
4034,W2,1,1,5,5,0,0,0,0,0,0,0,100,100,0,0,0,0,0,100,100,0,0.000000,0,9072,0.000000,0,0,0,0,108,8,0,8,100,4672,272,0,0,0,0,108,0,0,0,0,319,9400
4035,W2,1,1,5,5,0,0,0,0,0,0,0,100,100,0,0,0,0,0,100,100,0,0.000000,0,9072,0.000000,0,0,0,0,108,8,0,8,100,4672,272,0,0,0,0,108,0,0,0,0,321,9400
4036,W2,1,1,5,5,0,0,0,0,0,0,0,100,100,0,0,0,0,0,100,100,0,0.000000,0,9072,0.000000,0,0,0,0,108,8,0,8,100,4672,272,0,0,0,0,108,0,0,0,0,309,9400
4037,W2,1,1,5,5,0,0,0,0,0,0,0,100,100,100,0,0,0,0,100,100,100,100.000000,1600,9072,17.636684,10,10,10,10,108,8,0,8,100,4672,272,0,0,0,0,108,0,0,0,0,318,9400
4038,W2,1,1,5,5,0,0,0,0,0,0,0,100,100,0,0,0,0,0,100,100,0,0.000000,0,9072,0.000000,0,0,0,0,108,8,0,8,100,4672,272,0,0,0,0,108,0,0,0,0,324,9400
4039,W2,1,1,5,5,0,0,0,0,0,0,0,100,100,0,0,0,0,0,100,100,0,0.000000,0,9072,0.000000,0,0,0,0,108,8,0,8,100,4672,272,0,0,0,0,108,0,0,0,0,337,9400
4040,W2,1,1,5,5,0,0,0,0,0,0,0,100,100,0,0,0,0,0,100,100,0,0.000000,0,9072,0.000000,0,0,0,0,108,8,0,8,100,4672,272,0,0,0,0,108,0,0,0,0,329,9400
4041,W2,1,1,5,5,0,0,0,0,0,0,0,100,100,0,0,0,0,0,100,100,0,0.000000,0,9072,0.000000,0,0,0,0,108,8,0,8,100,4672,272,0,0,0,0,108,0,0,0,0,315,9400
4042,W2,1,1,5,5,0,0,0,0,0,0,0,100,100,0,0,0,0,0,100,100,0,0.000000,0,9072,0.000000,0,0,0,0,108,8,0,8,100,4672,272,0,0,0,0,108,0,0,0,0,377,9400
4043,W2,1,1,5,5,0,0,0,0,0,0,0,100,100,0,0,0,0,0,100,100,0,0.000000,0,9072,0.000000,0,0,0,0,108,8,0,8,100,4672,272,0,0,0,0,108,0,0,0,0,319,9400
4044,W2,1,1,5,5,0,0,0,0,0,0,0,100,100,0,0,0,0,0,100,100,0,0.000000,0,9072,0.000000,0,0,0,0,108,8,0,8,100,4672,272,0,0,0,0,108,0,0,0,0,306,9400
4045,W2,1,1,5,5,0,0,0,0,0,0,0,100,100,0,0,0,0,0,100,100,0,0.000000,0,9072,0.000000,0,0,0,0,108,8,0,8,100,4672,272,0,0,0,0,108,0,0,0,0,305,9400
4046,W2,1,1,5,5,0,0,0,0,0,0,0,100,100,100,0,0,0,0,100,100,100,100.000000,1600,9072,17.636684,10,10,10,10,108,8,0,8,100,4672,272,0,0,0,0,108,0,0,0,0,329,9400
4047,W2,1,1,5,5,0,0,0,0,0,0,0,100,100,0,0,0,0,0,100,100,0,0.000000,0,9072,0.000000,0,0,0,0,108,8,0,8,100,4672,272,0,0,0,0,108,0,0,0,0,297,9400
4048,W2,1,1,5,5,0,0,0,0,0,0,0,100,100,0,0,0,0,0,100,100,0,0.000000,0,9072,0.000000,0,0,0,0,108,8,0,8,100,4672,272,0,0,0,0,108,0,0,0,0,309,9400
4049,W2,1,1,5,5,0,0,0,0,0,0,0,100,100,0,0,0,0,0,100,100,0,0.000000,0,9072,0.000000,0,0,0,0,108,8,0,8,100,4672,272,0,0,0,0,108,0,0,0,0,315,9400
4050,W2,1,1,5,5,0,0,0,0,0,0,0,100,100,0,0,0,0,0,100,100,0,0.000000,0,9072,0.000000,0,0,0,0,108,8,0,8,100,4672,272,0,0,0,0,108,0,0,0,0,301,9400
4051,W2,1,1,5,5,0,0,0,0,0,0,0,100,100,0,0,0,0,0,100,100,0,0.000000,0,9072,0.000000,0,0,0,0,108,8,0,8,100,4672,272,0,0,0,0,108,0,0,0,0,291,9400
4052,W2,1,1,5,5,0,0,0,0,0,0,0,100,100,0,0,0,0,0,100,100,0,0.000000,0,9072,0.000000,0,0,0,0,108,8,0,8,100,4672,272,0,0,0,0,108,0,0,0,0,313,9400
4053,W2,1,1,5,5,0,0,0,0,0,0,0,100,100,0,0,0,0,0,100,100,0,0.000000,0,9072,0.000000,0,0,0,0,108,8,0,8,100,4672,272,0,0,0,0,108,0,0,0,0,293,9400
4054,W2,1,1,5,5,0,0,0,0,0,0,0,100,100,0,0,0,0,0,100,100,0,0.000000,0,9072,0.000000,0,0,0,0,108,8,0,8,100,4672,272,0,0,0,0,108,0,0,0,0,303,9400
4055,W2,1,1,5,5,0,0,0,0,0,0,0,100,100,100,0,0,0,0,100,100,100,100.000000,1600,9072,17.636684,10,10,10,10,108,8,0,8,100,4672,272,0,0,0,0,108,0,0,0,0,334,9400
4056,W2,1,1,5,5,0,0,0,0,0,0,0,100,100,0,0,0,0,0,100,100,0,0.000000,0,9072,0.000000,0,0,0,0,108,8,0,8,100,4672,272,0,0,0,0,108,0,0,0,0,327,9400
4057,W2,1,1,5,5,0,0,0,0,0,0,0,100,100,0,0,0,0,0,100,100,0,0.000000,0,9072,0.000000,0,0,0,0,108,8,0,8,100,4672,272,0,0,0,0,108,0,0,0,0,309,9400
4058,W2,1,1,5,5,0,0,0,0,0,0,0,100,100,0,0,0,0,0,100,100,0,0.000000,0,9072,0.000000,0,0,0,0,108,8,0,8,100,4672,272,0,0,0,0,108,0,0,0,0,345,9400
4059,W2,1,1,5,5,0,0,0,0,0,0,0,100,100,0,0,0,0,0,100,100,0,0.000000,0,9072,0.000000,0,0,0,0,108,8,0,8,100,4672,272,0,0,0,0,108,0,0,0,0,305,9400
4060,W2,1,1,5,5,0,0,0,0,0,0,0,100,100,0,0,0,0,0,100,100,0,0.000000,0,9072,0.000000,0,0,0,0,108,8,0,8,100,4672,272,0,0,0,0,108,0,0,0,0,341,9400
4061,W2,1,1,5,5,0,0,0,0,0,0,0,100,100,0,0,0,0,0,100,100,0,0.000000,0,9072,0.000000,0,0,0,0,108,8,0,8,100,4672,272,0,0,0,0,108,0,0,0,0,343,9400
4062,W2,1,1,5,5,0,0,0,0,0,0,0,100,100,0,0,0,0,0,100,100,0,0.000000,0,9072,0.000000,0,0,0,0,108,8,0,8,100,4672,272,0,0,0,0,108,0,0,0,0,327,9400
4063,W2,1,1,5,5,0,0,0,0,0,0,0,100,100,0,0,0,0,0,100,100,0,0.000000,0,9072,0.000000,0,0,0,0,108,8,0,8,100,4672,272,0,0,0,0,108,0,0,0,0,316,9400
4064,W2,1,1,5,5,0,0,0,0,0,0,0,100,100,100,0,0,0,0,100,100,100,100.000000,1600,9072,17.636684,10,10,10,10,108,8,0,8,100,4672,272,0,0,0,0,108,0,0,0,0,367,9400
4065,W2,1,1,5,5,0,0,0,0,0,0,0,100,100,0,0,0,0,0,100,100,0,0.000000,0,9072,0.000000,0,0,0,0,108,8,0,8,100,4672,272,0,0,0,0,108,0,0,0,0,349,9400
4066,W2,1,1,5,5,0,0,0,0,0,0,0,100,100,0,0,0,0,0,100,100,0,0.000000,0,9072,0.000000,0,0,0,0,108,8,0,8,100,4672,272,0,0,0,0,108,0,0,0,0,329,9400
4067,W2,1,1,5,5,0,0,0,0,0,0,0,100,100,0,0,0,0,0,100,100,0,0.000000,0,9072,0.000000,0,0,0,0,108,8,0,8,100,4672,272,0,0,0,0,108,0,0,0,0,325,9400
4068,W2,1,1,5,5,0,0,0,0,0,0,0,100,100,0,0,0,0,0,100,100,0,0.000000,0,9072,0.000000,0,0,0,0,108,8,0,8,100,4672,272,0,0,0,0,108,0,0,0,0,313,9400
4069,W2,1,1,5,5,0,0,0,0,0,0,0,100,100,0,0,0,0,0,100,100,0,0.000000,0,9072,0.000000,0,0,0,0,108,8,0,8,100,4672,272,0,0,0,0,108,0,0,0,0,283,9400
4070,W2,1,1,5,5,0,0,0,0,0,0,0,100,100,0,0,0,0,0,100,100,0,0.000000,0,9072,0.000000,0,0,0,0,108,8,0,8,100,4672,272,0,0,0,0,108,0,0,0,0,297,9400
4071,W2,1,1,5,5,0,0,0,0,0,0,0,100,100,0,0,0,0,0,100,100,0,0.000000,0,9072,0.000000,0,0,0,0,108,8,0,8,100,4672,272,0,0,0,0,108,0,0,0,0,292,9400
4072,W2,1,1,5,5,0,0,0,0,0,0,0,100,100,0,0,0,0,0,100,100,0,0.000000,0,9072,0.000000,0,0,0,0,108,8,0,8,100,4672,272,0,0,0,0,108,0,0,0,0,334,9400
4073,W2,1,1,5,5,0,0,0,0,0,0,0,100,100,100,0,0,0,0,100,100,100,100.000000,1600,9072,17.636684,10,10,10,10,108,8,0,8,100,4672,272,0,0,0,0,108,0,0,0,0,298,9400
4074,W2,1,1,5,5,0,0,0,0,0,0,0,100,100,0,0,0,0,0,100,100,0,0.000000,0,9072,0.000000,0,0,0,0,108,8,0,8,100,4672,272,0,0,0,0,108,0,0,0,0,321,9400
4075,W2,1,1,5,5,0,0,0,0,0,0,0,100,100,0,0,0,0,0,100,100,0,0.000000,0,9072,0.000000,0,0,0,0,108,8,0,8,100,4672,272,0,0,0,0,108,0,0,0,0,323,9400
4076,W2,1,1,5,5,0,0,0,0,0,0,0,100,100,0,0,0,0,0,100,100,0,0.000000,0,9072,0.000000,0,0,0,0,108,8,0,8,100,4672,272,0,0,0,0,108,0,0,0,0,323,9400
4077,W2,1,1,5,5,0,0,0,0,0,0,0,100,100,0,0,0,0,0,100,100,0,0.000000,0,9072,0.000000,0,0,0,0,108,8,0,8,100,4672,272,0,0,0,0,108,0,0,0,0,316,9400
4078,W2,1,1,5,5,0,0,0,0,0,0,0,100,100,0,0,0,0,0,100,100,0,0.000000,0,9072,0.000000,0,0,0,0,108,8,0,8,100,4672,272,0,0,0,0,108,0,0,0,0,315,9400
4079,W2,1,1,5,5,0,0,0,0,0,0,0,100,100,0,0,0,0,0,100,100,0,0.000000,0,9072,0.000000,0,0,0,0,108,8,0,8,100,4672,272,0,0,0,0,108,0,0,0,0,311,9400
4080,W2,1,1,5,5,0,0,0,0,0,0,0,100,100,0,0,0,0,0,100,100,0,0.000000,0,9072,0.000000,0,0,0,0,108,8,0,8,100,4672,272,0,0,0,0,108,0,0,0,0,289,9400
4081,W2,1,1,5,5,0,0,0,0,0,0,0,100,100,0,0,0,0,0,100,100,0,0.000000,0,9072,0.000000,0,0,0,0,108,8,0,8,100,4672,272,0,0,0,0,108,0,0,0,0,297,9400
4082,W2,1,1,5,5,0,0,0,0,0,0,0,100,100,100,0,0,0,0,100,100,100,100.000000,1600,9072,17.636684,10,10,10,10,108,8,0,8,100,4672,272,0,0,0,0,108,0,0,0,0,294,9400
4083,W2,1,1,5,5,0,0,0,0,0,0,0,100,100,0,0,0,0,0,100,100,0,0.000000,0,9072,0.000000,0,0,0,0,108,8,0,8,100,4672,272,0,0,0,0,108,0,0,0,0,291,9400
4084,W2,1,1,5,5,0,0,0,0,0,0,0,100,100,0,0,0,0,0,100,100,0,0.000000,0,9072,0.000000,0,0,0,0,108,8,0,8,100,4672,272,0,0,0,0,108,0,0,0,0,323,9400
4085,W2,1,1,5,5,0,0,0,0,0,0,0,100,100,0,0,0,0,0,100,100,0,0.000000,0,9072,0.000000,0,0,0,0,108,8,0,8,100,4672,272,0,0,0,0,108,0,0,0,0,335,9400
4086,W2,1,1,5,5,0,0,0,0,0,0,0,100,100,0,0,0,0,0,100,100,0,0.000000,0,9072,0.000000,0,0,0,0,108,8,0,8,100,4672,272,0,0,0,0,108,0,0,0,0,297,9400
4087,W2,1,1,5,5,0,0,0,0,0,0,0,100,100,0,0,0,0,0,100,100,0,0.000000,0,9072,0.000000,0,0,0,0,108,8,0,8,100,4672,272,0,0,0,0,108,0,0,0,0,289,9400
4088,W2,1,1,5,5,0,0,0,0,0,0,0,100,100,0,0,0,0,0,100,100,0,0.000000,0,9072,0.000000,0,0,0,0,108,8,0,8,100,4672,272,0,0,0,0,108,0,0,0,0,294,9400
4089,W2,1,1,5,5,0,0,0,0,0,0,0,100,100,0,0,0,0,0,100,100,0,0.000000,0,9072,0.000000,0,0,0,0,108,8,0,8,100,4672,272,0,0,0,0,108,0,0,0,0,290,9400
4090,W2,1,1,5,5,0,0,0,0,0,0,0,100,100,0,0,0,0,0,100,100,0,0.000000,0,9072,0.000000,0,0,0,0,108,8,0,8,100,4672,272,0,0,0,0,108,0,0,0,0,290,9400
4091,W2,1,1,5,5,0,0,0,0,0,0,0,100,100,100,0,0,0,0,100,100,100,100.000000,1600,9072,17.636684,10,10,10,10,108,8,0,8,100,4672,272,0,0,0,0,108,0,0,0,0,288,9400
4092,W2,1,1,5,5,0,0,0,0,0,0,0,100,100,0,0,0,0,0,100,100,0,0.000000,0,9072,0.000000,0,0,0,0,108,8,0,8,100,4672,272,0,0,0,0,108,0,0,0,0,310,9400
4093,W2,1,1,5,5,0,0,0,0,0,0,0,100,100,0,0,0,0,0,100,100,0,0.000000,0,9072,0.000000,0,0,0,0,108,8,0,8,100,4672,272,0,0,0,0,108,0,0,0,0,285,9400
4094,W2,1,1,5,5,0,0,0,0,0,0,0,100,100,0,0,0,0,0,100,100,0,0.000000,0,9072,0.000000,0,0,0,0,108,8,0,8,100,4672,272,0,0,0,0,108,0,0,0,0,293,9400
4095,W2,1,1,5,5,0,0,0,0,0,0,0,100,100,0,0,0,0,0,100,100,0,0.000000,0,9072,0.000000,0,0,0,0,108,8,0,8,100,4672,272,0,0,0,0,108,0,0,0,0,311,9400
4096,W2,1,1,5,5,0,0,0,0,0,0,0,100,100,0,0,0,0,0,100,100,0,0.000000,0,9072,0.000000,0,0,0,0,108,8,0,8,100,4672,272,0,0,0,0,108,0,0,0,0,306,9400
