node_id,wire_profile,degree,admitted,routes_current,routes_hwm,discoveries_hwm,candidates_hwm,q0_hwm,q1_hwm,pending_q1_hwm,paths_hwm,flows_hwm,app_generated,app_accepted,origin_delivered,duplicate_deliveries,q0_generated,q0_accepted,q0_delivered,q1_generated,q1_accepted,q1_delivered,delivery_pct,payload_delivered_bytes,origin_wire_bytes,wire_efficiency_pct,latency_p50_ms,latency_p95_ms,latency_p99_ms,latency_max_ms,frames_tx,frames_rx,forwarded_frames_tx,control_frames_tx,business_frames_tx,wire_bytes_tx,wire_bytes_rx,no_space,no_route,link_down,other_rejected,core_tx_sent,core_rx_delivered,route_requests_sent,route_errors_sent,control_budget_dropped,host_work_us,node_storage_bytes
1,W1,3,3,8,8,0,0,0,0,0,0,0,100,100,100,0,0,0,0,100,100,100,100.000000,1600,8496,18.832392,10,10,10,10,424,1224,300,24,400,16296,47496,0,0,0,0,424,500,0,0,0,2363,9400
2,W1,4,4,8,8,0,0,0,0,0,0,0,100,100,100,0,0,0,0,100,100,100,100.000000,1600,8728,18.331806,10,10,10,10,532,1532,400,32,500,20428,59428,0,0,0,0,532,400,0,0,0,1909,9400
3,W1,4,4,8,8,0,0,0,0,0,0,0,100,100,100,0,0,0,0,100,100,100,100.000000,1600,8728,18.331806,10,10,10,10,432,1332,300,32,400,16528,51628,0,0,0,0,432,300,0,0,0,1414,9400
4,W1,4,4,8,8,0,0,0,0,0,0,0,100,100,100,0,0,0,0,100,100,100,100.000000,1600,8728,18.331806,10,10,10,10,432,1232,300,32,400,16528,47728,0,0,0,0,432,200,0,0,0,1302,9400
5,W1,4,4,8,8,0,0,0,0,0,0,0,100,100,100,0,0,0,0,100,100,100,100.000000,1600,8728,18.331806,10,10,10,10,432,1332,300,32,400,16528,51628,0,0,0,0,432,200,0,0,0,1474,9400
6,W1,4,4,8,8,0,0,0,0,0,0,0,100,100,100,0,0,0,0,100,100,100,100.000000,1600,8728,18.331806,10,10,10,10,432,1232,300,32,400,16528,47728,0,0,0,0,432,100,0,0,0,1283,9400
7,W1,4,4,8,8,0,0,0,0,0,0,0,100,100,100,0,0,0,0,100,100,100,100.000000,1600,8728,18.331806,10,10,10,10,432,1232,300,32,400,16528,47728,0,0,0,0,432,100,0,0,0,1268,9400
8,W1,4,4,8,8,0,0,0,0,0,0,0,100,100,100,0,0,0,0,100,100,100,100.000000,1600,8728,18.331806,10,10,10,10,432,1232,300,32,400,16528,47728,0,0,0,0,432,100,0,0,0,1255,9400
9,W1,4,4,8,8,0,0,0,0,0,0,0,100,100,100,0,0,0,0,100,100,100,100.000000,1600,8728,18.331806,10,10,10,10,432,1232,300,32,400,16528,47728,0,0,0,0,432,100,0,0,0,1174,9400
10,W1,4,4,8,8,0,0,0,0,0,0,0,100,100,0,0,0,0,0,100,100,0,0.000000,0,8728,0.000000,0,0,0,0,432,1232,300,32,400,16528,47728,0,0,0,0,432,100,0,0,0,1286,9400
11,W1,4,4,8,8,0,0,0,0,0,0,0,100,100,0,0,0,0,0,100,100,0,0.000000,0,8728,0.000000,0,0,0,0,432,1232,300,32,400,16528,47728,0,0,0,0,432,100,0,0,0,1247,9400
12,W1,4,4,8,8,0,0,0,0,0,0,0,100,100,0,0,0,0,0,100,100,0,0.000000,0,8728,0.000000,0,0,0,0,432,1232,300,32,400,16528,47728,0,0,0,0,432,100,0,0,0,1213,9400
13,W1,4,4,8,8,0,0,0,0,0,0,0,100,100,0,0,0,0,0,100,100,0,0.000000,0,8728,0.000000,0,0,0,0,432,1232,300,32,400,16528,47728,0,0,0,0,432,100,0,0,0,1180,9400
14,W1,4,4,8,8,0,0,0,0,0,0,0,100,100,100,0,0,0,0,100,100,100,100.000000,1600,8728,18.331806,10,10,10,10,432,1232,300,32,400,16528,47728,0,0,0,0,432,100,0,0,0,1244,9400
15,W1,4,4,8,8,0,0,0,0,0,0,0,100,100,100,0,0,0,0,100,100,100,100.000000,1600,8728,18.331806,10,10,10,10,432,1232,300,32,400,16528,47728,0,0,0,0,432,100,0,0,0,1191,9400
16,W1,4,4,8,8,0,0,0,0,0,0,0,100,100,0,0,0,0,0,100,100,0,0.000000,0,8728,0.000000,0,0,0,0,432,1232,300,32,400,16528,47728,0,0,0,0,432,100,0,0,0,1186,9400
17,W1,4,4,8,8,0,0,0,0,0,0,0,100,100,0,0,0,0,0,100,100,0,0.000000,0,8728,0.000000,0,0,0,0,432,1232,300,32,400,16528,47728,0,0,0,0,432,100,0,0,0,1180,9400
18,W1,4,4,8,8,0,0,0,0,0,0,0,100,100,0,0,0,0,0,100,100,0,0.000000,0,8728,0.000000,0,0,0,0,432,1232,300,32,400,16528,47728,0,0,0,0,432,100,0,0,0,1205,9400
19,W1,4,4,8,8,0,0,0,0,0,0,0,100,100,0,0,0,0,0,100,100,0,0.000000,0,8728,0.000000,0,0,0,0,432,1232,300,32,400,16528,47728,0,0,0,0,432,100,0,0,0,1220,9400
20,W1,4,4,8,8,0,0,0,0,0,0,0,100,100,0,0,0,0,0,100,100,0,0.000000,0,8728,0.000000,0,0,0,0,432,1232,300,32,400,16528,47728,0,0,0,0,432,100,0,0,0,1181,9400
21,W1,4,4,8,8,0,0,0,0,0,0,0,100,100,0,0,0,0,0,100,100,0,0.000000,0,8728,0.000000,0,0,0,0,432,1232,300,32,400,16528,47728,0,0,0,0,432,100,0,0,0,1158,9400
22,W1,4,4,8,8,0,0,0,0,0,0,0,100,100,0,0,0,0,0,100,100,0,0.000000,0,8728,0.000000,0,0,0,0,432,1232,300,32,400,16528,47728,0,0,0,0,432,100,0,0,0,1177,9400
23,W1,4,4,8,8,0,0,0,0,0,0,0,100,100,100,0,0,0,0,100,100,100,100.000000,1600,8728,18.331806,10,10,10,10,432,1232,300,32,400,16528,47728,0,0,0,0,432,100,0,0,0,1206,9400
24,W1,4,4,8,8,0,0,0,0,0,0,0,100,100,100,0,0,0,0,100,100,100,100.000000,1600,8728,18.331806,10,10,10,10,432,1232,300,32,400,16528,47728,0,0,0,0,432,100,0,0,0,1196,9400
25,W1,4,4,8,8,0,0,0,0,0,0,0,100,100,0,0,0,0,0,100,100,0,0.000000,0,8728,0.000000,0,0,0,0,432,1232,300,32,400,16528,47728,0,0,0,0,432,100,0,0,0,1212,9400
26,W1,4,4,8,8,0,0,0,0,0,0,0,100,100,0,0,0,0,0,100,100,0,0.000000,0,8728,0.000000,0,0,0,0,432,1232,300,32,400,16528,47728,0,0,0,0,432,100,0,0,0,1197,9400
27,W1,4,4,8,8,0,0,0,0,0,0,0,100,100,0,0,0,0,0,100,100,0,0.000000,0,8728,0.000000,0,0,0,0,432,1232,300,32,400,16528,47728,0,0,0,0,432,100,0,0,0,1231,9400
28,W1,4,4,8,8,0,0,0,0,0,0,0,100,100,0,0,0,0,0,100,100,0,0.000000,0,8728,0.000000,0,0,0,0,432,1232,300,32,400,16528,47728,0,0,0,0,432,100,0,0,0,1193,9400
29,W1,4,4,8,8,0,0,0,0,0,0,0,100,100,0,0,0,0,0,100,100,0,0.000000,0,8728,0.000000,0,0,0,0,432,1232,300,32,400,16528,47728,0,0,0,0,432,100,0,0,0,1162,9400
30,W1,4,4,8,8,0,0,0,0,0,0,0,100,100,0,0,0,0,0,100,100,0,0.000000,0,8728,0.000000,0,0,0,0,432,1232,300,32,400,16528,47728,0,0,0,0,432,100,0,0,0,1195,9400
31,W1,4,4,8,8,0,0,0,0,0,0,0,100,100,0,0,0,0,0,100,100,0,0.000000,0,8728,0.000000,0,0,0,0,432,1232,300,32,400,16528,47728,0,0,0,0,432,100,0,0,0,1187,9400
32,W1,4,4,8,8,0,0,0,0,0,0,0,100,100,100,0,0,0,0,100,100,100,100.000000,1600,8728,18.331806,10,10,10,10,432,1232,300,32,400,16528,47728,0,0,0,0,432,100,0,0,0,1205,9400
33,W1,4,4,8,8,0,0,0,0,0,0,0,100,100,100,0,0,0,0,100,100,100,100.000000,1600,8728,18.331806,10,10,10,10,432,1232,300,32,400,16528,47728,0,0,0,0,432,100,0,0,0,1175,9400
34,W1,4,4,8,8,0,0,0,0,0,0,0,100,100,0,0,0,0,0,100,100,0,0.000000,0,8728,0.000000,0,0,0,0,432,1232,300,32,400,16528,47728,0,0,0,0,432,100,0,0,0,1223,9400
35,W1,4,4,8,8,0,0,0,0,0,0,0,100,100,0,0,0,0,0,100,100,0,0.000000,0,8728,0.000000,0,0,0,0,432,1232,300,32,400,16528,47728,0,0,0,0,432,100,0,0,0,1265,9400
36,W1,4,4,8,8,0,0,0,0,0,0,0,100,100,0,0,0,0,0,100,100,0,0.000000,0,8728,0.000000,0,0,0,0,432,1232,300,32,400,16528,47728,0,0,0,0,432,100,0,0,0,1277,9400
37,W1,4,4,8,8,0,0,0,0,0,0,0,100,100,0,0,0,0,0,100,100,0,0.000000,0,8728,0.000000,0,0,0,0,432,1232,300,32,400,16528,47728,0,0,0,0,432,100,0,0,0,1194,9400
38,W1,4,4,8,8,0,0,0,0,0,0,0,100,100,0,0,0,0,0,100,100,0,0.000000,0,8728,0.000000,0,0,0,0,432,1232,300,32,400,16528,47728,0,0,0,0,432,100,0,0,0,1216,9400
39,W1,4,4,8,8,0,0,0,0,0,0,0,100,100,0,0,0,0,0,100,100,0,0.000000,0,8728,0.000000,0,0,0,0,432,1232,300,32,400,16528,47728,0,0,0,0,432,100,0,0,0,1234,9400
40,W1,4,4,8,8,0,0,0,0,0,0,0,100,100,0,0,0,0,0,100,100,0,0.000000,0,8728,0.000000,0,0,0,0,432,1232,300,32,400,16528,47728,0,0,0,0,432,100,0,0,0,1224,9400
41,W1,4,4,8,8,0,0,0,0,0,0,0,100,100,100,0,0,0,0,100,100,100,100.000000,1600,8728,18.331806,10,10,10,10,432,1232,300,32,400,16528,47728,0,0,0,0,432,100,0,0,0,1220,9400
42,W1,4,4,8,8,0,0,0,0,0,0,0,100,100,0,0,0,0,0,100,100,0,0.000000,0,8728,0.000000,0,0,0,0,432,1232,300,32,400,16528,47728,0,0,0,0,432,100,0,0,0,1187,9400
43,W1,4,4,8,8,0,0,0,0,0,0,0,100,100,0,0,0,0,0,100,100,0,0.000000,0,8728,0.000000,0,0,0,0,432,1232,300,32,400,16528,47728,0,0,0,0,432,100,0,0,0,1228,9400
44,W1,4,4,8,8,0,0,0,0,0,0,0,100,100,0,0,0,0,0,100,100,0,0.000000,0,8728,0.000000,0,0,0,0,432,1232,300,32,400,16528,47728,0,0,0,0,432,100,0,0,0,1269,9400
45,W1,4,4,8,8,0,0,0,0,0,0,0,100,100,0,0,0,0,0,100,100,0,0.000000,0,8728,0.000000,0,0,0,0,432,1232,300,32,400,16528,47728,0,0,0,0,432,100,0,0,0,1192,9400
46,W1,4,4,8,8,0,0,0,0,0,0,0,100,100,0,0,0,0,0,100,100,0,0.000000,0,8728,0.000000,0,0,0,0,432,1232,300,32,400,16528,47728,0,0,0,0,432,100,0,0,0,1238,9400
47,W1,4,4,8,8,0,0,0,0,0,0,0,100,100,0,0,0,0,0,100,100,0,0.000000,0,8728,0.000000,0,0,0,0,432,1232,300,32,400,16528,47728,0,0,0,0,432,100,0,0,0,1236,9400
48,W1,4,4,8,8,0,0,0,0,0,0,0,100,100,0,0,0,0,0,100,100,0,0.000000,0,8728,0.000000,0,0,0,0,432,1232,300,32,400,16528,47728,0,0,0,0,432,100,0,0,0,1248,9400
49,W1,4,4,8,8,0,0,0,0,0,0,0,100,100,0,0,0,0,0,100,100,0,0.000000,0,8728,0.000000,0,0,0,0,432,1232,300,32,400,16528,47728,0,0,0,0,432,100,0,0,0,1215,9400
50,W1,4,4,8,8,0,0,0,0,0,0,0,100,100,100,0,0,0,0,100,100,100,100.000000,1600,8728,18.331806,10,10,10,10,432,1232,300,32,400,16528,47728,0,0,0,0,432,100,0,0,0,1245,9400
51,W1,4,4,8,8,0,0,0,0,0,0,0,100,100,0,0,0,0,0,100,100,0,0.000000,0,8728,0.000000,0,0,0,0,432,1232,300,32,400,16528,47728,0,0,0,0,432,100,0,0,0,1215,9400
52,W1,4,4,8,8,0,0,0,0,0,0,0,100,100,0,0,0,0,0,100,100,0,0.000000,0,8728,0.000000,0,0,0,0,432,1232,300,32,400,16528,47728,0,0,0,0,432,100,0,0,0,1215,9400
53,W1,4,4,8,8,0,0,0,0,0,0,0,100,100,0,0,0,0,0,100,100,0,0.000000,0,8728,0.000000,0,0,0,0,432,1232,300,32,400,16528,47728,0,0,0,0,432,100,0,0,0,1254,9400
54,W1,4,4,8,8,0,0,0,0,0,0,0,100,100,0,0,0,0,0,100,100,0,0.000000,0,8728,0.000000,0,0,0,0,432,1232,300,32,400,16528,47728,0,0,0,0,432,100,0,0,0,1209,9400
55,W1,4,4,8,8,0,0,0,0,0,0,0,100,100,0,0,0,0,0,100,100,0,0.000000,0,8728,0.000000,0,0,0,0,432,1232,300,32,400,16528,47728,0,0,0,0,432,100,0,0,0,1252,9400
56,W1,4,4,8,8,0,0,0,0,0,0,0,100,100,0,0,0,0,0,100,100,0,0.000000,0,8728,0.000000,0,0,0,0,432,1232,300,32,400,16528,47728,0,0,0,0,432,100,0,0,0,1207,9400
57,W1,4,4,8,8,0,0,0,0,0,0,0,100,100,0,0,0,0,0,100,100,0,0.000000,0,8728,0.000000,0,0,0,0,432,1232,300,32,400,16528,47728,0,0,0,0,432,100,0,0,0,1282,9400
58,W1,4,4,8,8,0,0,0,0,0,0,0,100,100,0,0,0,0,0,100,100,0,0.000000,0,8728,0.000000,0,0,0,0,432,1232,300,32,400,16528,47728,0,0,0,0,432,100,0,0,0,1249,9400
59,W1,4,4,8,8,0,0,0,0,0,0,0,100,100,100,0,0,0,0,100,100,100,100.000000,1600,8728,18.331806,10,10,10,10,432,1232,300,32,400,16528,47728,0,0,0,0,432,100,0,0,0,1173,9400
60,W1,4,4,8,8,0,0,0,0,0,0,0,100,100,0,0,0,0,0,100,100,0,0.000000,0,8728,0.000000,0,0,0,0,432,1232,300,32,400,16528,47728,0,0,0,0,432,100,0,0,0,1189,9400
61,W1,4,4,8,8,0,0,0,0,0,0,0,100,100,0,0,0,0,0,100,100,0,0.000000,0,8728,0.000000,0,0,0,0,432,1232,300,32,400,16528,47728,0,0,0,0,432,100,0,0,0,1151,9400
62,W1,4,4,8,8,0,0,0,0,0,0,0,100,100,0,0,0,0,0,100,100,0,0.000000,0,8728,0.000000,0,0,0,0,432,1232,300,32,400,16528,47728,0,0,0,0,432,100,0,0,0,1235,9400
63,W1,4,4,8,8,0,0,0,0,0,0,0,100,100,0,0,0,0,0,100,100,0,0.000000,0,8728,0.000000,0,0,0,0,432,1232,300,32,400,16528,47728,0,0,0,0,432,100,0,0,0,1149,9400
64,W1,4,4,8,8,0,0,0,0,0,0,0,100,100,0,0,0,0,0,100,100,0,0.000000,0,8728,0.000000,0,0,0,0,432,1232,300,32,400,16528,47728,0,0,0,0,432,100,0,0,0,1180,9400
65,W1,4,4,8,8,0,0,0,0,0,0,0,100,100,0,0,0,0,0,100,100,0,0.000000,0,8728,0.000000,0,0,0,0,432,1232,300,32,400,16528,47728,0,0,0,0,432,100,0,0,0,1173,9400
66,W1,4,4,8,8,0,0,0,0,0,0,0,100,100,0,0,0,0,0,100,100,0,0.000000,0,8728,0.000000,0,0,0,0,432,1232,300,32,400,16528,47728,0,0,0,0,432,100,0,0,0,1173,9400
67,W1,4,4,8,8,0,0,0,0,0,0,0,100,100,0,0,0,0,0,100,100,0,0.000000,0,8728,0.000000,0,0,0,0,432,1232,300,32,400,16528,47728,0,0,0,0,432,100,0,0,0,1309,9400
68,W1,4,4,8,8,0,0,0,0,0,0,0,100,100,100,0,0,0,0,100,100,100,100.000000,1600,8728,18.331806,10,10,10,10,432,1232,300,32,400,16528,47728,0,0,0,0,432,100,0,0,0,1223,9400
69,W1,4,4,8,8,0,0,0,0,0,0,0,100,100,0,0,0,0,0,100,100,0,0.000000,0,8728,0.000000,0,0,0,0,432,1232,300,32,400,16528,47728,0,0,0,0,432,100,0,0,0,1224,9400
70,W1,4,4,8,8,0,0,0,0,0,0,0,100,100,0,0,0,0,0,100,100,0,0.000000,0,8728,0.000000,0,0,0,0,432,1232,300,32,400,16528,47728,0,0,0,0,432,100,0,0,0,1215,9400
71,W1,4,4,8,8,0,0,0,0,0,0,0,100,100,0,0,0,0,0,100,100,0,0.000000,0,8728,0.000000,0,0,0,0,432,1232,300,32,400,16528,47728,0,0,0,0,432,100,0,0,0,1216,9400
72,W1,4,4,8,8,0,0,0,0,0,0,0,100,100,0,0,0,0,0,100,100,0,0.000000,0,8728,0.000000,0,0,0,0,432,1232,300,32,400,16528,47728,0,0,0,0,432,100,0,0,0,1188,9400
73,W1,4,4,8,8,0,0,0,0,0,0,0,100,100,0,0,0,0,0,100,100,0,0.000000,0,8728,0.000000,0,0,0,0,432,1232,300,32,400,16528,47728,0,0,0,0,432,100,0,0,0,1237,9400
74,W1,4,4,8,8,0,0,0,0,0,0,0,100,100,0,0,0,0,0,100,100,0,0.000000,0,8728,0.000000,0,0,0,0,432,1232,300,32,400,16528,47728,0,0,0,0,432,100,0,0,0,1203,9400
75,W1,4,4,8,8,0,0,0,0,0,0,0,100,100,0,0,0,0,0,100,100,0,0.000000,0,8728,0.000000,0,0,0,0,432,1232,300,32,400,16528,47728,0,0,0,0,432,100,0,0,0,1151,9400
76,W1,4,4,8,8,0,0,0,0,0,0,0,100,100,0,0,0,0,0,100,100,0,0.000000,0,8728,0.000000,0,0,0,0,432,1232,300,32,400,16528,47728,0,0,0,0,432,100,0,0,0,1206,9400
77,W1,4,4,8,8,0,0,0,0,0,0,0,100,100,100,0,0,0,0,100,100,100,100.000000,1600,8728,18.331806,10,10,10,10,432,1232,300,32,400,16528,47728,0,0,0,0,432,100,0,0,0,1210,9400
78,W1,4,4,8,8,0,0,0,0,0,0,0,100,100,0,0,0,0,0,100,100,0,0.000000,0,8728,0.000000,0,0,0,0,432,1232,300,32,400,16528,47728,0,0,0,0,432,100,0,0,0,1205,9400
79,W1,4,4,8,8,0,0,0,0,0,0,0,100,100,0,0,0,0,0,100,100,0,0.000000,0,8728,0.000000,0,0,0,0,432,1232,300,32,400,16528,47728,0,0,0,0,432,100,0,0,0,1220,9400
80,W1,4,4,8,8,0,0,0,0,0,0,0,100,100,0,0,0,0,0,100,100,0,0.000000,0,8728,0.000000,0,0,0,0,432,1232,300,32,400,16528,47728,0,0,0,0,432,100,0,0,0,1210,9400
81,W1,4,4,8,8,0,0,0,0,0,0,0,100,100,0,0,0,0,0,100,100,0,0.000000,0,8728,0.000000,0,0,0,0,432,1232,300,32,400,16528,47728,0,0,0,0,432,100,0,0,0,1206,9400
82,W1,4,4,8,8,0,0,0,0,0,0,0,100,100,0,0,0,0,0,100,100,0,0.000000,0,8728,0.000000,0,0,0,0,432,1232,300,32,400,16528,47728,0,0,0,0,432,100,0,0,0,1214,9400
83,W1,4,4,8,8,0,0,0,0,0,0,0,100,100,0,0,0,0,0,100,100,0,0.000000,0,8728,0.000000,0,0,0,0,432,1232,300,32,400,16528,47728,0,0,0,0,432,100,0,0,0,1312,9400
84,W1,4,4,8,8,0,0,0,0,0,0,0,100,100,0,0,0,0,0,100,100,0,0.000000,0,8728,0.000000,0,0,0,0,432,1232,300,32,400,16528,47728,0,0,0,0,432,100,0,0,0,1225,9400
85,W1,4,4,8,8,0,0,0,0,0,0,0,100,100,0,0,0,0,0,100,100,0,0.000000,0,8728,0.000000,0,0,0,0,432,1232,300,32,400,16528,47728,0,0,0,0,432,100,0,0,0,1215,9400
86,W1,4,4,8,8,0,0,0,0,0,0,0,100,100,100,0,0,0,0,100,100,100,100.000000,1600,8728,18.331806,10,10,10,10,432,1232,300,32,400,16528,47728,0,0,0,0,432,100,0,0,0,1348,9400
87,W1,4,4,8,8,0,0,0,0,0,0,0,100,100,0,0,0,0,0,100,100,0,0.000000,0,8728,0.000000,0,0,0,0,432,1232,300,32,400,16528,47728,0,0,0,0,432,100,0,0,0,1238,9400
88,W1,4,4,8,8,0,0,0,0,0,0,0,100,100,0,0,0,0,0,100,100,0,0.000000,0,8728,0.000000,0,0,0,0,432,1232,300,32,400,16528,47728,0,0,0,0,432,100,0,0,0,1165,9400
89,W1,4,4,8,8,0,0,0,0,0,0,0,100,100,0,0,0,0,0,100,100,0,0.000000,0,8728,0.000000,0,0,0,0,432,1232,300,32,400,16528,47728,0,0,0,0,432,100,0,0,0,1200,9400
90,W1,4,4,8,8,0,0,0,0,0,0,0,100,100,0,0,0,0,0,100,100,0,0.000000,0,8728,0.000000,0,0,0,0,432,1232,300,32,400,16528,47728,0,0,0,0,432,100,0,0,0,1198,9400
91,W1,4,4,8,8,0,0,0,0,0,0,0,100,100,0,0,0,0,0,100,100,0,0.000000,0,8728,0.000000,0,0,0,0,432,1232,300,32,400,16528,47728,0,0,0,0,432,100,0,0,0,1225,9400
92,W1,4,4,8,8,0,0,0,0,0,0,0,100,100,0,0,0,0,0,100,100,0,0.000000,0,8728,0.000000,0,0,0,0,432,1232,300,32,400,16528,47728,0,0,0,0,432,100,0,0,0,1245,9400
93,W1,4,4,8,8,0,0,0,0,0,0,0,100,100,0,0,0,0,0,100,100,0,0.000000,0,8728,0.000000,0,0,0,0,432,1232,300,32,400,16528,47728,0,0,0,0,432,100,0,0,0,1227,9400
94,W1,4,4,8,8,0,0,0,0,0,0,0,100,100,0,0,0,0,0,100,100,0,0.000000,0,8728,0.000000,0,0,0,0,432,1232,300,32,400,16528,47728,0,0,0,0,432,100,0,0,0,1214,9400
95,W1,4,4,8,8,0,0,0,0,0,0,0,100,100,100,0,0,0,0,100,100,100,100.000000,1600,8728,18.331806,10,10,10,10,432,1232,300,32,400,16528,47728,0,0,0,0,432,100,0,0,0,1179,9400
96,W1,4,4,8,8,0,0,0,0,0,0,0,100,100,0,0,0,0,0,100,100,0,0.000000,0,8728,0.000000,0,0,0,0,432,1232,300,32,400,16528,47728,0,0,0,0,432,100,0,0,0,1190,9400
97,W1,4,4,8,8,0,0,0,0,0,0,0,100,100,0,0,0,0,0,100,100,0,0.000000,0,8728,0.000000,0,0,0,0,432,1232,300,32,400,16528,47728,0,0,0,0,432,100,0,0,0,1241,9400
98,W1,4,4,8,8,0,0,0,0,0,0,0,100,100,0,0,0,0,0,100,100,0,0.000000,0,8728,0.000000,0,0,0,0,432,1232,300,32,400,16528,47728,0,0,0,0,432,100,0,0,0,1189,9400
99,W1,4,4,8,8,0,0,0,0,0,0,0,100,100,0,0,0,0,0,100,100,0,0.000000,0,8728,0.000000,0,0,0,0,432,1232,300,32,400,16528,47728,0,0,0,0,432,100,0,0,0,1224,9400
100,W1,4,4,8,8,0,0,0,0,0,0,0,100,100,0,0,0,0,0,100,100,0,0.000000,0,8728,0.000000,0,0,0,0,432,1232,300,32,400,16528,47728,0,0,0,0,432,100,0,0,0,1163,9400
101,W1,4,4,8,8,0,0,0,0,0,0,0,100,100,0,0,0,0,0,100,100,0,0.000000,0,8728,0.000000,0,0,0,0,432,1232,300,32,400,16528,47728,0,0,0,0,432,100,0,0,0,1174,9400
102,W1,4,4,8,8,0,0,0,0,0,0,0,100,100,0,0,0,0,0,100,100,0,0.000000,0,8728,0.000000,0,0,0,0,432,1232,300,32,400,16528,47728,0,0,0,0,432,100,0,0,0,1220,9400
103,W1,4,4,8,8,0,0,0,0,0,0,0,100,100,0,0,0,0,0,100,100,0,0.000000,0,8728,0.000000,0,0,0,0,432,1232,300,32,400,16528,47728,0,0,0,0,432,100,0,0,0,1189,9400
104,W1,4,4,8,8,0,0,0,0,0,0,0,100,100,100,0,0,0,0,100,100,100,100.000000,1600,8728,18.331806,10,10,10,10,432,1232,300,32,400,16528,47728,0,0,0,0,432,100,0,0,0,1203,9400
105,W1,4,4,8,8,0,0,0,0,0,0,0,100,100,0,0,0,0,0,100,100,0,0.000000,0,8728,0.000000,0,0,0,0,432,1232,300,32,400,16528,47728,0,0,0,0,432,100,0,0,0,1232,9400
106,W1,4,4,8,8,0,0,0,0,0,0,0,100,100,0,0,0,0,0,100,100,0,0.000000,0,8728,0.000000,0,0,0,0,432,1232,300,32,400,16528,47728,0,0,0,0,432,100,0,0,0,1163,9400
107,W1,4,4,8,8,0,0,0,0,0,0,0,100,100,0,0,0,0,0,100,100,0,0.000000,0,8728,0.000000,0,0,0,0,432,1232,300,32,400,16528,47728,0,0,0,0,432,100,0,0,0,1231,9400
108,W1,4,4,8,8,0,0,0,0,0,0,0,100,100,0,0,0,0,0,100,100,0,0.000000,0,8728,0.000000,0,0,0,0,432,1232,300,32,400,16528,47728,0,0,0,0,432,100,0,0,0,1167,9400
109,W1,4,4,8,8,0,0,0,0,0,0,0,100,100,0,0,0,0,0,100,100,0,0.000000,0,8728,0.000000,0,0,0,0,432,1232,300,32,400,16528,47728,0,0,0,0,432,100,0,0,0,1207,9400
110,W1,4,4,8,8,0,0,0,0,0,0,0,100,100,0,0,0,0,0,100,100,0,0.000000,0,8728,0.000000,0,0,0,0,432,1232,300,32,400,16528,47728,0,0,0,0,432,100,0,0,0,1171,9400
111,W1,4,4,8,8,0,0,0,0,0,0,0,100,100,0,0,0,0,0,100,100,0,0.000000,0,8728,0.000000,0,0,0,0,432,1232,300,32,400,16528,47728,0,0,0,0,432,100,0,0,0,1248,9400
112,W1,4,4,8,8,0,0,0,0,0,0,0,100,100,0,0,0,0,0,100,100,0,0.000000,0,8728,0.000000,0,0,0,0,432,1232,300,32,400,16528,47728,0,0,0,0,432,100,0,0,0,1194,9400
113,W1,4,4,8,8,0,0,0,0,0,0,0,100,100,100,0,0,0,0,100,100,100,100.000000,1600,8728,18.331806,10,10,10,10,432,1232,300,32,400,16528,47728,0,0,0,0,432,100,0,0,0,1230,9400
114,W1,4,4,8,8,0,0,0,0,0,0,0,100,100,0,0,0,0,0,100,100,0,0.000000,0,8728,0.000000,0,0,0,0,432,1232,300,32,400,16528,47728,0,0,0,0,432,100,0,0,0,1185,9400
115,W1,4,4,8,8,0,0,0,0,0,0,0,100,100,0,0,0,0,0,100,100,0,0.000000,0,8728,0.000000,0,0,0,0,432,1232,300,32,400,16528,47728,0,0,0,0,432,100,0,0,0,1216,9400
116,W1,4,4,8,8,0,0,0,0,0,0,0,100,100,0,0,0,0,0,100,100,0,0.000000,0,8728,0.000000,0,0,0,0,432,1232,300,32,400,16528,47728,0,0,0,0,432,100,0,0,0,1237,9400
117,W1,4,4,8,8,0,0,0,0,0,0,0,100,100,0,0,0,0,0,100,100,0,0.000000,0,8728,0.000000,0,0,0,0,432,1232,300,32,400,16528,47728,0,0,0,0,432,100,0,0,0,1202,9400
118,W1,4,4,8,8,0,0,0,0,0,0,0,100,100,0,0,0,0,0,100,100,0,0.000000,0,8728,0.000000,0,0,0,0,432,1232,300,32,400,16528,47728,0,0,0,0,432,100,0,0,0,1212,9400
119,W1,4,4,8,8,0,0,0,0,0,0,0,100,100,0,0,0,0,0,100,100,0,0.000000,0,8728,0.000000,0,0,0,0,432,1232,300,32,400,16528,47728,0,0,0,0,432,100,0,0,0,1212,9400
120,W1,4,4,8,8,0,0,0,0,0,0,0,100,100,0,0,0,0,0,100,100,0,0.000000,0,8728,0.000000,0,0,0,0,432,1232,300,32,400,16528,47728,0,0,0,0,432,100,0,0,0,1200,9400
121,W1,4,4,8,8,0,0,0,0,0,0,0,100,100,0,0,0,0,0,100,100,0,0.000000,0,8728,0.000000,0,0,0,0,432,1232,300,32,400,16528,47728,0,0,0,0,432,100,0,0,0,1303,9400
122,W1,4,4,8,8,0,0,0,0,0,0,0,100,100,100,0,0,0,0,100,100,100,100.000000,1600,8728,18.331806,10,10,10,10,432,1232,300,32,400,16528,47728,0,0,0,0,432,100,0,0,0,1184,9400
123,W1,4,4,8,8,0,0,0,0,0,0,0,100,100,0,0,0,0,0,100,100,0,0.000000,0,8728,0.000000,0,0,0,0,432,1232,300,32,400,16528,47728,0,0,0,0,432,100,0,0,0,1226,9400
124,W1,4,4,8,8,0,0,0,0,0,0,0,100,100,0,0,0,0,0,100,100,0,0.000000,0,8728,0.000000,0,0,0,0,432,1232,300,32,400,16528,47728,0,0,0,0,432,100,0,0,0,1176,9400
125,W1,4,4,8,8,0,0,0,0,0,0,0,100,100,0,0,0,0,0,100,100,0,0.000000,0,8728,0.000000,0,0,0,0,432,1232,300,32,400,16528,47728,0,0,0,0,432,100,0,0,0,1183,9400
126,W1,4,4,8,8,0,0,0,0,0,0,0,100,100,0,0,0,0,0,100,100,0,0.000000,0,8728,0.000000,0,0,0,0,432,1232,300,32,400,16528,47728,0,0,0,0,432,100,0,0,0,1147,9400
127,W1,4,4,8,8,0,0,0,0,0,0,0,100,100,0,0,0,0,0,100,100,0,0.000000,0,8728,0.000000,0,0,0,0,432,1232,300,32,400,16528,47728,0,0,0,0,432,100,0,0,0,1188,9400
128,W1,4,4,8,8,0,0,0,0,0,0,0,100,100,0,0,0,0,0,100,100,0,0.000000,0,8728,0.000000,0,0,0,0,432,1232,300,32,400,16528,47728,0,0,0,0,432,100,0,0,0,1239,9400
129,W1,4,4,8,8,0,0,0,0,0,0,0,100,100,0,0,0,0,0,100,100,0,0.000000,0,8728,0.000000,0,0,0,0,432,1232,300,32,400,16528,47728,0,0,0,0,432,100,0,0,0,1180,9400
130,W1,4,4,8,8,0,0,0,0,0,0,0,100,100,0,0,0,0,0,100,100,0,0.000000,0,8728,0.000000,0,0,0,0,432,1232,300,32,400,16528,47728,0,0,0,0,432,100,0,0,0,1215,9400
131,W1,4,4,8,8,0,0,0,0,0,0,0,100,100,100,0,0,0,0,100,100,100,100.000000,1600,8728,18.331806,10,10,10,10,432,1232,300,32,400,16528,47728,0,0,0,0,432,100,0,0,0,1170,9400
132,W1,4,4,8,8,0,0,0,0,0,0,0,100,100,0,0,0,0,0,100,100,0,0.000000,0,8728,0.000000,0,0,0,0,432,1232,300,32,400,16528,47728,0,0,0,0,432,100,0,0,0,1210,9400
133,W1,4,4,8,8,0,0,0,0,0,0,0,100,100,0,0,0,0,0,100,100,0,0.000000,0,8728,0.000000,0,0,0,0,432,1232,300,32,400,16528,47728,0,0,0,0,432,100,0,0,0,1201,9400
134,W1,4,4,8,8,0,0,0,0,0,0,0,100,100,0,0,0,0,0,100,100,0,0.000000,0,8728,0.000000,0,0,0,0,432,1232,300,32,400,16528,47728,0,0,0,0,432,100,0,0,0,1211,9400
135,W1,4,4,8,8,0,0,0,0,0,0,0,100,100,0,0,0,0,0,100,100,0,0.000000,0,8728,0.000000,0,0,0,0,432,1232,300,32,400,16528,47728,0,0,0,0,432,100,0,0,0,1225,9400
136,W1,4,4,8,8,0,0,0,0,0,0,0,100,100,0,0,0,0,0,100,100,0,0.000000,0,8728,0.000000,0,0,0,0,432,1232,300,32,400,16528,47728,0,0,0,0,432,100,0,0,0,1226,9400
137,W1,4,4,8,8,0,0,0,0,0,0,0,100,100,0,0,0,0,0,100,100,0,0.000000,0,8728,0.000000,0,0,0,0,432,1232,300,32,400,16528,47728,0,0,0,0,432,100,0,0,0,1198,9400
138,W1,4,4,8,8,0,0,0,0,0,0,0,100,100,0,0,0,0,0,100,100,0,0.000000,0,8728,0.000000,0,0,0,0,432,1232,300,32,400,16528,47728,0,0,0,0,432,100,0,0,0,1153,9400
139,W1,4,4,8,8,0,0,0,0,0,0,0,100,100,0,0,0,0,0,100,100,0,0.000000,0,8728,0.000000,0,0,0,0,432,1232,300,32,400,16528,47728,0,0,0,0,432,100,0,0,0,1196,9400
140,W1,4,4,8,8,0,0,0,0,0,0,0,100,100,100,0,0,0,0,100,100,100,100.000000,1600,8728,18.331806,10,10,10,10,432,1232,300,32,400,16528,47728,0,0,0,0,432,100,0,0,0,1154,9400
141,W1,4,4,8,8,0,0,0,0,0,0,0,100,100,0,0,0,0,0,100,100,0,0.000000,0,8728,0.000000,0,0,0,0,432,1232,300,32,400,16528,47728,0,0,0,0,432,100,0,0,0,1193,9400
142,W1,4,4,8,8,0,0,0,0,0,0,0,100,100,0,0,0,0,0,100,100,0,0.000000,0,8728,0.000000,0,0,0,0,432,1232,300,32,400,16528,47728,0,0,0,0,432,100,0,0,0,1199,9400
143,W1,4,4,8,8,0,0,0,0,0,0,0,100,100,0,0,0,0,0,100,100,0,0.000000,0,8728,0.000000,0,0,0,0,432,1232,300,32,400,16528,47728,0,0,0,0,432,100,0,0,0,1236,9400
144,W1,4,4,8,8,0,0,0,0,0,0,0,100,100,0,0,0,0,0,100,100,0,0.000000,0,8728,0.000000,0,0,0,0,432,1232,300,32,400,16528,47728,0,0,0,0,432,100,0,0,0,1178,9400
145,W1,4,4,8,8,0,0,0,0,0,0,0,100,100,0,0,0,0,0,100,100,0,0.000000,0,8728,0.000000,0,0,0,0,432,1232,300,32,400,16528,47728,0,0,0,0,432,100,0,0,0,1205,9400
146,W1,4,4,8,8,0,0,0,0,0,0,0,100,100,0,0,0,0,0,100,100,0,0.000000,0,8728,0.000000,0,0,0,0,432,1232,300,32,400,16528,47728,0,0,0,0,432,100,0,0,0,1229,9400
147,W1,4,4,8,8,0,0,0,0,0,0,0,100,100,0,0,0,0,0,100,100,0,0.000000,0,8728,0.000000,0,0,0,0,432,1232,300,32,400,16528,47728,0,0,0,0,432,100,0,0,0,1181,9400
148,W1,4,4,8,8,0,0,0,0,0,0,0,100,100,0,0,0,0,0,100,100,0,0.000000,0,8728,0.000000,0,0,0,0,432,1232,300,32,400,16528,47728,0,0,0,0,432,100,0,0,0,1155,9400
149,W1,4,4,8,8,0,0,0,0,0,0,0,100,100,100,0,0,0,0,100,100,100,100.000000,1600,8728,18.331806,10,10,10,10,432,1232,300,32,400,16528,47728,0,0,0,0,432,100,0,0,0,1245,9400
150,W1,4,4,8,8,0,0,0,0,0,0,0,100,100,0,0,0,0,0,100,100,0,0.000000,0,8728,0.000000,0,0,0,0,432,1232,300,32,400,16528,47728,0,0,0,0,432,100,0,0,0,1220,9400
151,W1,4,4,8,8,0,0,0,0,0,0,0,100,100,0,0,0,0,0,100,100,0,0.000000,0,8728,0.000000,0,0,0,0,432,1232,300,32,400,16528,47728,0,0,0,0,432,100,0,0,0,1198,9400
152,W1,4,4,8,8,0,0,0,0,0,0,0,100,100,0,0,0,0,0,100,100,0,0.000000,0,8728,0.000000,0,0,0,0,432,1232,300,32,400,16528,47728,0,0,0,0,432,100,0,0,0,1215,9400
153,W1,4,4,8,8,0,0,0,0,0,0,0,100,100,0,0,0,0,0,100,100,0,0.000000,0,8728,0.000000,0,0,0,0,432,1232,300,32,400,16528,47728,0,0,0,0,432,100,0,0,0,1268,9400
154,W1,4,4,8,8,0,0,0,0,0,0,0,100,100,0,0,0,0,0,100,100,0,0.000000,0,8728,0.000000,0,0,0,0,432,1232,300,32,400,16528,47728,0,0,0,0,432,100,0,0,0,1184,9400
155,W1,4,4,8,8,0,0,0,0,0,0,0,100,100,0,0,0,0,0,100,100,0,0.000000,0,8728,0.000000,0,0,0,0,432,1232,300,32,400,16528,47728,0,0,0,0,432,100,0,0,0,1268,9400
156,W1,4,4,8,8,0,0,0,0,0,0,0,100,100,0,0,0,0,0,100,100,0,0.000000,0,8728,0.000000,0,0,0,0,432,1232,300,32,400,16528,47728,0,0,0,0,432,100,0,0,0,1201,9400
157,W1,4,4,8,8,0,0,0,0,0,0,0,100,100,0,0,0,0,0,100,100,0,0.000000,0,8728,0.000000,0,0,0,0,432,1232,300,32,400,16528,47728,0,0,0,0,432,100,0,0,0,1204,9400
158,W1,4,4,8,8,0,0,0,0,0,0,0,100,100,100,0,0,0,0,100,100,100,100.000000,1600,8728,18.331806,10,10,10,10,432,1232,300,32,400,16528,47728,0,0,0,0,432,100,0,0,0,1195,9400
159,W1,4,4,8,8,0,0,0,0,0,0,0,100,100,0,0,0,0,0,100,100,0,0.000000,0,8728,0.000000,0,0,0,0,432,1232,300,32,400,16528,47728,0,0,0,0,432,100,0,0,0,1181,9400
160,W1,4,4,8,8,0,0,0,0,0,0,0,100,100,0,0,0,0,0,100,100,0,0.000000,0,8728,0.000000,0,0,0,0,432,1232,300,32,400,16528,47728,0,0,0,0,432,100,0,0,0,1191,9400
161,W1,4,4,8,8,0,0,0,0,0,0,0,100,100,0,0,0,0,0,100,100,0,0.000000,0,8728,0.000000,0,0,0,0,432,1232,300,32,400,16528,47728,0,0,0,0,432,100,0,0,0,1201,9400
162,W1,4,4,8,8,0,0,0,0,0,0,0,100,100,0,0,0,0,0,100,100,0,0.000000,0,8728,0.000000,0,0,0,0,432,1232,300,32,400,16528,47728,0,0,0,0,432,100,0,0,0,1209,9400
163,W1,4,4,8,8,0,0,0,0,0,0,0,100,100,0,0,0,0,0,100,100,0,0.000000,0,8728,0.000000,0,0,0,0,432,1232,300,32,400,16528,47728,0,0,0,0,432,100,0,0,0,1206,9400
164,W1,4,4,8,8,0,0,0,0,0,0,0,100,100,0,0,0,0,0,100,100,0,0.000000,0,8728,0.000000,0,0,0,0,432,1232,300,32,400,16528,47728,0,0,0,0,432,100,0,0,0,1172,9400
165,W1,4,4,8,8,0,0,0,0,0,0,0,100,100,0,0,0,0,0,100,100,0,0.000000,0,8728,0.000000,0,0,0,0,432,1232,300,32,400,16528,47728,0,0,0,0,432,100,0,0,0,1201,9400
166,W1,4,4,8,8,0,0,0,0,0,0,0,100,100,0,0,0,0,0,100,100,0,0.000000,0,8728,0.000000,0,0,0,0,432,1232,300,32,400,16528,47728,0,0,0,0,432,100,0,0,0,1202,9400
167,W1,4,4,8,8,0,0,0,0,0,0,0,100,100,100,0,0,0,0,100,100,100,100.000000,1600,8728,18.331806,10,10,10,10,432,1232,300,32,400,16528,47728,0,0,0,0,432,100,0,0,0,1162,9400
168,W1,4,4,8,8,0,0,0,0,0,0,0,100,100,0,0,0,0,0,100,100,0,0.000000,0,8728,0.000000,0,0,0,0,432,1232,300,32,400,16528,47728,0,0,0,0,432,100,0,0,0,1185,9400
169,W1,4,4,8,8,0,0,0,0,0,0,0,100,100,0,0,0,0,0,100,100,0,0.000000,0,8728,0.000000,0,0,0,0,432,1232,300,32,400,16528,47728,0,0,0,0,432,100,0,0,0,1194,9400
170,W1,4,4,8,8,0,0,0,0,0,0,0,100,100,0,0,0,0,0,100,100,0,0.000000,0,8728,0.000000,0,0,0,0,432,1232,300,32,400,16528,47728,0,0,0,0,432,100,0,0,0,1174,9400
171,W1,4,4,8,8,0,0,0,0,0,0,0,100,100,0,0,0,0,0,100,100,0,0.000000,0,8728,0.000000,0,0,0,0,432,1232,300,32,400,16528,47728,0,0,0,0,432,100,0,0,0,1167,9400
172,W1,4,4,8,8,0,0,0,0,0,0,0,100,100,0,0,0,0,0,100,100,0,0.000000,0,8728,0.000000,0,0,0,0,432,1232,300,32,400,16528,47728,0,0,0,0,432,100,0,0,0,1167,9400
173,W1,4,4,8,8,0,0,0,0,0,0,0,100,100,0,0,0,0,0,100,100,0,0.000000,0,8728,0.000000,0,0,0,0,432,1232,300,32,400,16528,47728,0,0,0,0,432,100,0,0,0,1168,9400
174,W1,4,4,8,8,0,0,0,0,0,0,0,100,100,0,0,0,0,0,100,100,0,0.000000,0,8728,0.000000,0,0,0,0,432,1232,300,32,400,16528,47728,0,0,0,0,432,100,0,0,0,1248,9400
175,W1,4,4,8,8,0,0,0,0,0,0,0,100,100,0,0,0,0,0,100,100,0,0.000000,0,8728,0.000000,0,0,0,0,432,1232,300,32,400,16528,47728,0,0,0,0,432,100,0,0,0,1227,9400
176,W1,4,4,8,8,0,0,0,0,0,0,0,100,100,100,0,0,0,0,100,100,100,100.000000,1600,8728,18.331806,10,10,10,10,432,1232,300,32,400,16528,47728,0,0,0,0,432,100,0,0,0,1231,9400
177,W1,4,4,8,8,0,0,0,0,0,0,0,100,100,0,0,0,0,0,100,100,0,0.000000,0,8728,0.000000,0,0,0,0,432,1232,300,32,400,16528,47728,0,0,0,0,432,100,0,0,0,1217,9400
178,W1,4,4,8,8,0,0,0,0,0,0,0,100,100,0,0,0,0,0,100,100,0,0.000000,0,8728,0.000000,0,0,0,0,432,1232,300,32,400,16528,47728,0,0,0,0,432,100,0,0,0,1223,9400
179,W1,4,4,8,8,0,0,0,0,0,0,0,100,100,0,0,0,0,0,100,100,0,0.000000,0,8728,0.000000,0,0,0,0,432,1232,300,32,400,16528,47728,0,0,0,0,432,100,0,0,0,1224,9400
180,W1,4,4,8,8,0,0,0,0,0,0,0,100,100,0,0,0,0,0,100,100,0,0.000000,0,8728,0.000000,0,0,0,0,432,1232,300,32,400,16528,47728,0,0,0,0,432,100,0,0,0,1211,9400
181,W1,4,4,8,8,0,0,0,0,0,0,0,100,100,0,0,0,0,0,100,100,0,0.000000,0,8728,0.000000,0,0,0,0,432,1232,300,32,400,16528,47728,0,0,0,0,432,100,0,0,0,1170,9400
182,W1,4,4,8,8,0,0,0,0,0,0,0,100,100,0,0,0,0,0,100,100,0,0.000000,0,8728,0.000000,0,0,0,0,432,1232,300,32,400,16528,47728,0,0,0,0,432,100,0,0,0,1151,9400
183,W1,4,4,8,8,0,0,0,0,0,0,0,100,100,0,0,0,0,0,100,100,0,0.000000,0,8728,0.000000,0,0,0,0,432,1232,300,32,400,16528,47728,0,0,0,0,432,100,0,0,0,1241,9400
184,W1,4,4,8,8,0,0,0,0,0,0,0,100,100,0,0,0,0,0,100,100,0,0.000000,0,8728,0.000000,0,0,0,0,432,1232,300,32,400,16528,47728,0,0,0,0,432,100,0,0,0,1193,9400
185,W1,4,4,8,8,0,0,0,0,0,0,0,100,100,100,0,0,0,0,100,100,100,100.000000,1600,8728,18.331806,10,10,10,10,432,1232,300,32,400,16528,47728,0,0,0,0,432,100,0,0,0,1161,9400
186,W1,4,4,8,8,0,0,0,0,0,0,0,100,100,0,0,0,0,0,100,100,0,0.000000,0,8728,0.000000,0,0,0,0,432,1232,300,32,400,16528,47728,0,0,0,0,432,100,0,0,0,1144,9400
187,W1,4,4,8,8,0,0,0,0,0,0,0,100,100,0,0,0,0,0,100,100,0,0.000000,0,8728,0.000000,0,0,0,0,432,1232,300,32,400,16528,47728,0,0,0,0,432,100,0,0,0,1210,9400
188,W1,4,4,8,8,0,0,0,0,0,0,0,100,100,0,0,0,0,0,100,100,0,0.000000,0,8728,0.000000,0,0,0,0,432,1232,300,32,400,16528,47728,0,0,0,0,432,100,0,0,0,1210,9400
189,W1,4,4,8,8,0,0,0,0,0,0,0,100,100,0,0,0,0,0,100,100,0,0.000000,0,8728,0.000000,0,0,0,0,432,1232,300,32,400,16528,47728,0,0,0,0,432,100,0,0,0,1165,9400
190,W1,4,4,8,8,0,0,0,0,0,0,0,100,100,0,0,0,0,0,100,100,0,0.000000,0,8728,0.000000,0,0,0,0,432,1232,300,32,400,16528,47728,0,0,0,0,432,100,0,0,0,1227,9400
191,W1,4,4,8,8,0,0,0,0,0,0,0,100,100,0,0,0,0,0,100,100,0,0.000000,0,8728,0.000000,0,0,0,0,432,1232,300,32,400,16528,47728,0,0,0,0,432,100,0,0,0,1243,9400
192,W1,4,4,8,8,0,0,0,0,0,0,0,100,100,0,0,0,0,0,100,100,0,0.000000,0,8728,0.000000,0,0,0,0,432,1232,300,32,400,16528,47728,0,0,0,0,432,100,0,0,0,1213,9400
193,W1,4,4,8,8,0,0,0,0,0,0,0,100,100,0,0,0,0,0,100,100,0,0.000000,0,8728,0.000000,0,0,0,0,432,1232,300,32,400,16528,47728,0,0,0,0,432,100,0,0,0,1200,9400
194,W1,4,4,8,8,0,0,0,0,0,0,0,100,100,100,0,0,0,0,100,100,100,100.000000,1600,8728,18.331806,10,10,10,10,432,1232,300,32,400,16528,47728,0,0,0,0,432,100,0,0,0,1195,9400
195,W1,4,4,8,8,0,0,0,0,0,0,0,100,100,0,0,0,0,0,100,100,0,0.000000,0,8728,0.000000,0,0,0,0,432,1232,300,32,400,16528,47728,0,0,0,0,432,100,0,0,0,1177,9400
196,W1,4,4,8,8,0,0,0,0,0,0,0,100,100,0,0,0,0,0,100,100,0,0.000000,0,8728,0.000000,0,0,0,0,432,1232,300,32,400,16528,47728,0,0,0,0,432,100,0,0,0,1186,9400
197,W1,4,4,8,8,0,0,0,0,0,0,0,100,100,0,0,0,0,0,100,100,0,0.000000,0,8728,0.000000,0,0,0,0,432,1232,300,32,400,16528,47728,0,0,0,0,432,100,0,0,0,1141,9400
198,W1,4,4,8,8,0,0,0,0,0,0,0,100,100,0,0,0,0,0,100,100,0,0.000000,0,8728,0.000000,0,0,0,0,432,1232,300,32,400,16528,47728,0,0,0,0,432,100,0,0,0,1189,9400
199,W1,4,4,8,8,0,0,0,0,0,0,0,100,100,0,0,0,0,0,100,100,0,0.000000,0,8728,0.000000,0,0,0,0,432,1232,300,32,400,16528,47728,0,0,0,0,432,100,0,0,0,1287,9400
200,W1,4,4,8,8,0,0,0,0,0,0,0,100,100,0,0,0,0,0,100,100,0,0.000000,0,8728,0.000000,0,0,0,0,432,1232,300,32,400,16528,47728,0,0,0,0,432,100,0,0,0,1211,9400
201,W1,4,4,8,8,0,0,0,0,0,0,0,100,100,0,0,0,0,0,100,100,0,0.000000,0,8728,0.000000,0,0,0,0,432,1232,300,32,400,16528,47728,0,0,0,0,432,100,0,0,0,1213,9400
202,W1,4,4,8,8,0,0,0,0,0,0,0,100,100,0,0,0,0,0,100,100,0,0.000000,0,8728,0.000000,0,0,0,0,432,1232,300,32,400,16528,47728,0,0,0,0,432,100,0,0,0,1182,9400
203,W1,4,4,8,8,0,0,0,0,0,0,0,100,100,100,0,0,0,0,100,100,100,100.000000,1600,8728,18.331806,10,10,10,10,432,1232,300,32,400,16528,47728,0,0,0,0,432,100,0,0,0,1238,9400
204,W1,4,4,8,8,0,0,0,0,0,0,0,100,100,0,0,0,0,0,100,100,0,0.000000,0,8728,0.000000,0,0,0,0,432,1232,300,32,400,16528,47728,0,0,0,0,432,100,0,0,0,1210,9400
205,W1,4,4,8,8,0,0,0,0,0,0,0,100,100,0,0,0,0,0,100,100,0,0.000000,0,8728,0.000000,0,0,0,0,432,1232,300,32,400,16528,47728,0,0,0,0,432,100,0,0,0,1215,9400
206,W1,4,4,8,8,0,0,0,0,0,0,0,100,100,0,0,0,0,0,100,100,0,0.000000,0,8728,0.000000,0,0,0,0,432,1232,300,32,400,16528,47728,0,0,0,0,432,100,0,0,0,1206,9400
207,W1,4,4,8,8,0,0,0,0,0,0,0,100,100,0,0,0,0,0,100,100,0,0.000000,0,8728,0.000000,0,0,0,0,432,1232,300,32,400,16528,47728,0,0,0,0,432,100,0,0,0,1260,9400
208,W1,4,4,8,8,0,0,0,0,0,0,0,100,100,0,0,0,0,0,100,100,0,0.000000,0,8728,0.000000,0,0,0,0,432,1232,300,32,400,16528,47728,0,0,0,0,432,100,0,0,0,1184,9400
209,W1,4,4,8,8,0,0,0,0,0,0,0,100,100,0,0,0,0,0,100,100,0,0.000000,0,8728,0.000000,0,0,0,0,432,1232,300,32,400,16528,47728,0,0,0,0,432,100,0,0,0,1175,9400
210,W1,4,4,8,8,0,0,0,0,0,0,0,100,100,0,0,0,0,0,100,100,0,0.000000,0,8728,0.000000,0,0,0,0,432,1232,300,32,400,16528,47728,0,0,0,0,432,100,0,0,0,1207,9400
211,W1,4,4,8,8,0,0,0,0,0,0,0,100,100,0,0,0,0,0,100,100,0,0.000000,0,8728,0.000000,0,0,0,0,432,1232,300,32,400,16528,47728,0,0,0,0,432,100,0,0,0,1200,9400
212,W1,4,4,8,8,0,0,0,0,0,0,0,100,100,100,0,0,0,0,100,100,100,100.000000,1600,8728,18.331806,10,10,10,10,432,1232,300,32,400,16528,47728,0,0,0,0,432,100,0,0,0,1198,9400
213,W1,4,4,8,8,0,0,0,0,0,0,0,100,100,0,0,0,0,0,100,100,0,0.000000,0,8728,0.000000,0,0,0,0,432,1232,300,32,400,16528,47728,0,0,0,0,432,100,0,0,0,1159,9400
214,W1,4,4,8,8,0,0,0,0,0,0,0,100,100,0,0,0,0,0,100,100,0,0.000000,0,8728,0.000000,0,0,0,0,432,1232,300,32,400,16528,47728,0,0,0,0,432,100,0,0,0,1190,9400
215,W1,4,4,8,8,0,0,0,0,0,0,0,100,100,0,0,0,0,0,100,100,0,0.000000,0,8728,0.000000,0,0,0,0,432,1232,300,32,400,16528,47728,0,0,0,0,432,100,0,0,0,1161,9400
216,W1,4,4,8,8,0,0,0,0,0,0,0,100,100,0,0,0,0,0,100,100,0,0.000000,0,8728,0.000000,0,0,0,0,432,1232,300,32,400,16528,47728,0,0,0,0,432,100,0,0,0,1195,9400
217,W1,4,4,8,8,0,0,0,0,0,0,0,100,100,0,0,0,0,0,100,100,0,0.000000,0,8728,0.000000,0,0,0,0,432,1232,300,32,400,16528,47728,0,0,0,0,432,100,0,0,0,1254,9400
218,W1,4,4,8,8,0,0,0,0,0,0,0,100,100,0,0,0,0,0,100,100,0,0.000000,0,8728,0.000000,0,0,0,0,432,1232,300,32,400,16528,47728,0,0,0,0,432,100,0,0,0,1148,9400
219,W1,4,4,8,8,0,0,0,0,0,0,0,100,100,0,0,0,0,0,100,100,0,0.000000,0,8728,0.000000,0,0,0,0,432,1232,300,32,400,16528,47728,0,0,0,0,432,100,0,0,0,1217,9400
220,W1,4,4,8,8,0,0,0,0,0,0,0,100,100,0,0,0,0,0,100,100,0,0.000000,0,8728,0.000000,0,0,0,0,432,1232,300,32,400,16528,47728,0,0,0,0,432,100,0,0,0,1156,9400
221,W1,4,4,8,8,0,0,0,0,0,0,0,100,100,100,0,0,0,0,100,100,100,100.000000,1600,8728,18.331806,10,10,10,10,432,1232,300,32,400,16528,47728,0,0,0,0,432,100,0,0,0,1175,9400
222,W1,4,4,8,8,0,0,0,0,0,0,0,100,100,0,0,0,0,0,100,100,0,0.000000,0,8728,0.000000,0,0,0,0,432,1232,300,32,400,16528,47728,0,0,0,0,432,100,0,0,0,1229,9400
223,W1,4,4,8,8,0,0,0,0,0,0,0,100,100,0,0,0,0,0,100,100,0,0.000000,0,8728,0.000000,0,0,0,0,432,1232,300,32,400,16528,47728,0,0,0,0,432,100,0,0,0,1190,9400
224,W1,4,4,8,8,0,0,0,0,0,0,0,100,100,0,0,0,0,0,100,100,0,0.000000,0,8728,0.000000,0,0,0,0,432,1232,300,32,400,16528,47728,0,0,0,0,432,100,0,0,0,1215,9400
225,W1,4,4,8,8,0,0,0,0,0,0,0,100,100,0,0,0,0,0,100,100,0,0.000000,0,8728,0.000000,0,0,0,0,432,1232,300,32,400,16528,47728,0,0,0,0,432,100,0,0,0,1165,9400
226,W1,4,4,8,8,0,0,0,0,0,0,0,100,100,0,0,0,0,0,100,100,0,0.000000,0,8728,0.000000,0,0,0,0,432,1232,300,32,400,16528,47728,0,0,0,0,432,100,0,0,0,1214,9400
227,W1,4,4,8,8,0,0,0,0,0,0,0,100,100,0,0,0,0,0,100,100,0,0.000000,0,8728,0.000000,0,0,0,0,432,1232,300,32,400,16528,47728,0,0,0,0,432,100,0,0,0,1156,9400
228,W1,4,4,8,8,0,0,0,0,0,0,0,100,100,0,0,0,0,0,100,100,0,0.000000,0,8728,0.000000,0,0,0,0,432,1232,300,32,400,16528,47728,0,0,0,0,432,100,0,0,0,1212,9400
229,W1,4,4,8,8,0,0,0,0,0,0,0,100,100,0,0,0,0,0,100,100,0,0.000000,0,8728,0.000000,0,0,0,0,432,1232,300,32,400,16528,47728,0,0,0,0,432,100,0,0,0,1155,9400
230,W1,4,4,8,8,0,0,0,0,0,0,0,100,100,100,0,0,0,0,100,100,100,100.000000,1600,8728,18.331806,10,10,10,10,432,1232,300,32,400,16528,47728,0,0,0,0,432,100,0,0,0,1209,9400
231,W1,4,4,8,8,0,0,0,0,0,0,0,100,100,0,0,0,0,0,100,100,0,0.000000,0,8728,0.000000,0,0,0,0,432,1232,300,32,400,16528,47728,0,0,0,0,432,100,0,0,0,1264,9400
232,W1,4,4,8,8,0,0,0,0,0,0,0,100,100,0,0,0,0,0,100,100,0,0.000000,0,8728,0.000000,0,0,0,0,432,1232,300,32,400,16528,47728,0,0,0,0,432,100,0,0,0,1168,9400
233,W1,4,4,8,8,0,0,0,0,0,0,0,100,100,0,0,0,0,0,100,100,0,0.000000,0,8728,0.000000,0,0,0,0,432,1232,300,32,400,16528,47728,0,0,0,0,432,100,0,0,0,1204,9400
234,W1,4,4,8,8,0,0,0,0,0,0,0,100,100,0,0,0,0,0,100,100,0,0.000000,0,8728,0.000000,0,0,0,0,432,1232,300,32,400,16528,47728,0,0,0,0,432,100,0,0,0,1198,9400
235,W1,4,4,8,8,0,0,0,0,0,0,0,100,100,0,0,0,0,0,100,100,0,0.000000,0,8728,0.000000,0,0,0,0,432,1232,300,32,400,16528,47728,0,0,0,0,432,100,0,0,0,1172,9400
236,W1,4,4,8,8,0,0,0,0,0,0,0,100,100,0,0,0,0,0,100,100,0,0.000000,0,8728,0.000000,0,0,0,0,432,1232,300,32,400,16528,47728,0,0,0,0,432,100,0,0,0,1183,9400
237,W1,4,4,8,8,0,0,0,0,0,0,0,100,100,0,0,0,0,0,100,100,0,0.000000,0,8728,0.000000,0,0,0,0,432,1232,300,32,400,16528,47728,0,0,0,0,432,100,0,0,0,1155,9400
238,W1,4,4,8,8,0,0,0,0,0,0,0,100,100,0,0,0,0,0,100,100,0,0.000000,0,8728,0.000000,0,0,0,0,432,1232,300,32,400,16528,47728,0,0,0,0,432,100,0,0,0,1178,9400
239,W1,4,4,8,8,0,0,0,0,0,0,0,100,100,100,0,0,0,0,100,100,100,100.000000,1600,8728,18.331806,10,10,10,10,432,1232,300,32,400,16528,47728,0,0,0,0,432,100,0,0,0,1211,9400
240,W1,4,4,8,8,0,0,0,0,0,0,0,100,100,0,0,0,0,0,100,100,0,0.000000,0,8728,0.000000,0,0,0,0,432,1232,300,32,400,16528,47728,0,0,0,0,432,100,0,0,0,1176,9400
241,W1,4,4,8,8,0,0,0,0,0,0,0,100,100,0,0,0,0,0,100,100,0,0.000000,0,8728,0.000000,0,0,0,0,432,1232,300,32,400,16528,47728,0,0,0,0,432,100,0,0,0,1157,9400
242,W1,4,4,8,8,0,0,0,0,0,0,0,100,100,0,0,0,0,0,100,100,0,0.000000,0,8728,0.000000,0,0,0,0,432,1232,300,32,400,16528,47728,0,0,0,0,432,100,0,0,0,1200,9400
243,W1,4,4,8,8,0,0,0,0,0,0,0,100,100,0,0,0,0,0,100,100,0,0.000000,0,8728,0.000000,0,0,0,0,432,1232,300,32,400,16528,47728,0,0,0,0,432,100,0,0,0,1157,9400
244,W1,4,4,8,8,0,0,0,0,0,0,0,100,100,0,0,0,0,0,100,100,0,0.000000,0,8728,0.000000,0,0,0,0,432,1232,300,32,400,16528,47728,0,0,0,0,432,100,0,0,0,1220,9400
245,W1,4,4,8,8,0,0,0,0,0,0,0,100,100,0,0,0,0,0,100,100,0,0.000000,0,8728,0.000000,0,0,0,0,432,1232,300,32,400,16528,47728,0,0,0,0,432,100,0,0,0,1168,9400
246,W1,4,4,8,8,0,0,0,0,0,0,0,100,100,0,0,0,0,0,100,100,0,0.000000,0,8728,0.000000,0,0,0,0,432,1232,300,32,400,16528,47728,0,0,0,0,432,100,0,0,0,1187,9400
247,W1,4,4,8,8,0,0,0,0,0,0,0,100,100,0,0,0,0,0,100,100,0,0.000000,0,8728,0.000000,0,0,0,0,432,1232,300,32,400,16528,47728,0,0,0,0,432,100,0,0,0,1178,9400
248,W1,4,4,8,8,0,0,0,0,0,0,0,100,100,100,0,0,0,0,100,100,100,100.000000,1600,8728,18.331806,10,10,10,10,432,1232,300,32,400,16528,47728,0,0,0,0,432,100,0,0,0,1194,9400
249,W1,4,4,8,8,0,0,0,0,0,0,0,100,100,0,0,0,0,0,100,100,0,0.000000,0,8728,0.000000,0,0,0,0,432,1232,300,32,400,16528,47728,0,0,0,0,432,100,0,0,0,1161,9400
250,W1,4,4,8,8,0,0,0,0,0,0,0,100,100,0,0,0,0,0,100,100,0,0.000000,0,8728,0.000000,0,0,0,0,432,1232,300,32,400,16528,47728,0,0,0,0,432,100,0,0,0,1167,9400
251,W1,4,4,8,8,0,0,0,0,0,0,0,100,100,0,0,0,0,0,100,100,0,0.000000,0,8728,0.000000,0,0,0,0,432,1232,300,32,400,16528,47728,0,0,0,0,432,100,0,0,0,1297,9400
252,W1,4,4,8,8,0,0,0,0,0,0,0,100,100,0,0,0,0,0,100,100,0,0.000000,0,8728,0.000000,0,0,0,0,432,1232,300,32,400,16528,47728,0,0,0,0,432,100,0,0,0,1239,9400
253,W1,4,4,8,8,0,0,0,0,0,0,0,100,100,0,0,0,0,0,100,100,0,0.000000,0,8728,0.000000,0,0,0,0,432,1232,300,32,400,16528,47728,0,0,0,0,432,100,0,0,0,1240,9400
254,W1,4,4,8,8,0,0,0,0,0,0,0,100,100,0,0,0,0,0,100,100,0,0.000000,0,8728,0.000000,0,0,0,0,432,1232,300,32,400,16528,47728,0,0,0,0,432,100,0,0,0,1231,9400
255,W1,4,4,8,8,0,0,0,0,0,0,0,100,100,0,0,0,0,0,100,100,0,0.000000,0,8728,0.000000,0,0,0,0,432,1232,300,32,400,16528,47728,0,0,0,0,432,100,0,0,0,1184,9400
256,W1,4,4,8,8,0,0,0,0,0,0,0,100,100,0,0,0,0,0,100,100,0,0.000000,0,8728,0.000000,0,0,0,0,432,1232,300,32,400,16528,47728,0,0,0,0,432,100,0,0,0,1215,9400
257,W1,4,4,8,8,0,0,0,0,0,0,0,100,100,100,0,0,0,0,100,100,100,100.000000,1600,8728,18.331806,10,10,10,10,432,1232,300,32,400,16528,47728,0,0,0,0,432,100,0,0,0,1176,9400
258,W1,4,4,8,8,0,0,0,0,0,0,0,100,100,0,0,0,0,0,100,100,0,0.000000,0,8728,0.000000,0,0,0,0,432,1232,300,32,400,16528,47728,0,0,0,0,432,100,0,0,0,1212,9400
259,W1,4,4,8,8,0,0,0,0,0,0,0,100,100,0,0,0,0,0,100,100,0,0.000000,0,8728,0.000000,0,0,0,0,432,1232,300,32,400,16528,47728,0,0,0,0,432,100,0,0,0,1180,9400
260,W1,4,4,8,8,0,0,0,0,0,0,0,100,100,0,0,0,0,0,100,100,0,0.000000,0,8728,0.000000,0,0,0,0,432,1232,300,32,400,16528,47728,0,0,0,0,432,100,0,0,0,1205,9400
261,W1,4,4,8,8,0,0,0,0,0,0,0,100,100,0,0,0,0,0,100,100,0,0.000000,0,8728,0.000000,0,0,0,0,432,1232,300,32,400,16528,47728,0,0,0,0,432,100,0,0,0,1225,9400
262,W1,4,4,8,8,0,0,0,0,0,0,0,100,100,0,0,0,0,0,100,100,0,0.000000,0,8728,0.000000,0,0,0,0,432,1232,300,32,400,16528,47728,0,0,0,0,432,100,0,0,0,1209,9400
263,W1,4,4,8,8,0,0,0,0,0,0,0,100,100,0,0,0,0,0,100,100,0,0.000000,0,8728,0.000000,0,0,0,0,432,1232,300,32,400,16528,47728,0,0,0,0,432,100,0,0,0,1191,9400
264,W1,4,4,8,8,0,0,0,0,0,0,0,100,100,0,0,0,0,0,100,100,0,0.000000,0,8728,0.000000,0,0,0,0,432,1232,300,32,400,16528,47728,0,0,0,0,432,100,0,0,0,1262,9400
265,W1,4,4,8,8,0,0,0,0,0,0,0,100,100,0,0,0,0,0,100,100,0,0.000000,0,8728,0.000000,0,0,0,0,432,1232,300,32,400,16528,47728,0,0,0,0,432,100,0,0,0,1182,9400
266,W1,4,4,8,8,0,0,0,0,0,0,0,100,100,100,0,0,0,0,100,100,100,100.000000,1600,8728,18.331806,10,10,10,10,432,1232,300,32,400,16528,47728,0,0,0,0,432,100,0,0,0,1234,9400
267,W1,4,4,8,8,0,0,0,0,0,0,0,100,100,0,0,0,0,0,100,100,0,0.000000,0,8728,0.000000,0,0,0,0,432,1232,300,32,400,16528,47728,0,0,0,0,432,100,0,0,0,1297,9400
268,W1,4,4,8,8,0,0,0,0,0,0,0,100,100,0,0,0,0,0,100,100,0,0.000000,0,8728,0.000000,0,0,0,0,432,1232,300,32,400,16528,47728,0,0,0,0,432,100,0,0,0,1172,9400
269,W1,4,4,8,8,0,0,0,0,0,0,0,100,100,0,0,0,0,0,100,100,0,0.000000,0,8728,0.000000,0,0,0,0,432,1232,300,32,400,16528,47728,0,0,0,0,432,100,0,0,0,1144,9400
270,W1,4,4,8,8,0,0,0,0,0,0,0,100,100,0,0,0,0,0,100,100,0,0.000000,0,8728,0.000000,0,0,0,0,432,1232,300,32,400,16528,47728,0,0,0,0,432,100,0,0,0,1217,9400
271,W1,4,4,8,8,0,0,0,0,0,0,0,100,100,0,0,0,0,0,100,100,0,0.000000,0,8728,0.000000,0,0,0,0,432,1232,300,32,400,16528,47728,0,0,0,0,432,100,0,0,0,1151,9400
272,W1,4,4,8,8,0,0,0,0,0,0,0,100,100,0,0,0,0,0,100,100,0,0.000000,0,8728,0.000000,0,0,0,0,432,1232,300,32,400,16528,47728,0,0,0,0,432,100,0,0,0,1177,9400
273,W1,4,4,8,8,0,0,0,0,0,0,0,100,100,0,0,0,0,0,100,100,0,0.000000,0,8728,0.000000,0,0,0,0,432,1232,300,32,400,16528,47728,0,0,0,0,432,100,0,0,0,1232,9400
274,W1,4,4,8,8,0,0,0,0,0,0,0,100,100,0,0,0,0,0,100,100,0,0.000000,0,8728,0.000000,0,0,0,0,432,1232,300,32,400,16528,47728,0,0,0,0,432,100,0,0,0,1254,9400
275,W1,4,4,8,8,0,0,0,0,0,0,0,100,100,100,0,0,0,0,100,100,100,100.000000,1600,8728,18.331806,10,10,10,10,432,1232,300,32,400,16528,47728,0,0,0,0,432,100,0,0,0,1193,9400
276,W1,4,4,8,8,0,0,0,0,0,0,0,100,100,0,0,0,0,0,100,100,0,0.000000,0,8728,0.000000,0,0,0,0,432,1232,300,32,400,16528,47728,0,0,0,0,432,100,0,0,0,1156,9400
277,W1,4,4,8,8,0,0,0,0,0,0,0,100,100,0,0,0,0,0,100,100,0,0.000000,0,8728,0.000000,0,0,0,0,432,1232,300,32,400,16528,47728,0,0,0,0,432,100,0,0,0,1230,9400
278,W1,4,4,8,8,0,0,0,0,0,0,0,100,100,0,0,0,0,0,100,100,0,0.000000,0,8728,0.000000,0,0,0,0,432,1232,300,32,400,16528,47728,0,0,0,0,432,100,0,0,0,1182,9400
279,W1,4,4,8,8,0,0,0,0,0,0,0,100,100,0,0,0,0,0,100,100,0,0.000000,0,8728,0.000000,0,0,0,0,432,1232,300,32,400,16528,47728,0,0,0,0,432,100,0,0,0,1182,9400
280,W1,4,4,8,8,0,0,0,0,0,0,0,100,100,0,0,0,0,0,100,100,0,0.000000,0,8728,0.000000,0,0,0,0,432,1232,300,32,400,16528,47728,0,0,0,0,432,100,0,0,0,1194,9400
281,W1,4,4,8,8,0,0,0,0,0,0,0,100,100,0,0,0,0,0,100,100,0,0.000000,0,8728,0.000000,0,0,0,0,432,1232,300,32,400,16528,47728,0,0,0,0,432,100,0,0,0,1186,9400
282,W1,4,4,8,8,0,0,0,0,0,0,0,100,100,0,0,0,0,0,100,100,0,0.000000,0,8728,0.000000,0,0,0,0,432,1232,300,32,400,16528,47728,0,0,0,0,432,100,0,0,0,1188,9400
283,W1,4,4,8,8,0,0,0,0,0,0,0,100,100,0,0,0,0,0,100,100,0,0.000000,0,8728,0.000000,0,0,0,0,432,1232,300,32,400,16528,47728,0,0,0,0,432,100,0,0,0,1170,9400
284,W1,4,4,8,8,0,0,0,0,0,0,0,100,100,100,0,0,0,0,100,100,100,100.000000,1600,8728,18.331806,10,10,10,10,432,1232,300,32,400,16528,47728,0,0,0,0,432,100,0,0,0,1184,9400
285,W1,4,4,8,8,0,0,0,0,0,0,0,100,100,0,0,0,0,0,100,100,0,0.000000,0,8728,0.000000,0,0,0,0,432,1232,300,32,400,16528,47728,0,0,0,0,432,100,0,0,0,1172,9400
286,W1,4,4,8,8,0,0,0,0,0,0,0,100,100,0,0,0,0,0,100,100,0,0.000000,0,8728,0.000000,0,0,0,0,432,1232,300,32,400,16528,47728,0,0,0,0,432,100,0,0,0,1179,9400
287,W1,4,4,8,8,0,0,0,0,0,0,0,100,100,0,0,0,0,0,100,100,0,0.000000,0,8728,0.000000,0,0,0,0,432,1232,300,32,400,16528,47728,0,0,0,0,432,100,0,0,0,1182,9400
288,W1,4,4,8,8,0,0,0,0,0,0,0,100,100,0,0,0,0,0,100,100,0,0.000000,0,8728,0.000000,0,0,0,0,432,1232,300,32,400,16528,47728,0,0,0,0,432,100,0,0,0,1256,9400
289,W1,4,4,8,8,0,0,0,0,0,0,0,100,100,0,0,0,0,0,100,100,0,0.000000,0,8728,0.000000,0,0,0,0,432,1232,300,32,400,16528,47728,0,0,0,0,432,100,0,0,0,1172,9400
290,W1,4,4,8,8,0,0,0,0,0,0,0,100,100,0,0,0,0,0,100,100,0,0.000000,0,8728,0.000000,0,0,0,0,432,1232,300,32,400,16528,47728,0,0,0,0,432,100,0,0,0,1146,9400
291,W1,4,4,8,8,0,0,0,0,0,0,0,100,100,0,0,0,0,0,100,100,0,0.000000,0,8728,0.000000,0,0,0,0,432,1232,300,32,400,16528,47728,0,0,0,0,432,100,0,0,0,1203,9400
292,W1,4,4,8,8,0,0,0,0,0,0,0,100,100,0,0,0,0,0,100,100,0,0.000000,0,8728,0.000000,0,0,0,0,432,1232,300,32,400,16528,47728,0,0,0,0,432,100,0,0,0,1275,9400
293,W1,4,4,8,8,0,0,0,0,0,0,0,100,100,100,0,0,0,0,100,100,100,100.000000,1600,8728,18.331806,10,10,10,10,432,1232,300,32,400,16528,47728,0,0,0,0,432,100,0,0,0,1177,9400
294,W1,4,4,8,8,0,0,0,0,0,0,0,100,100,0,0,0,0,0,100,100,0,0.000000,0,8728,0.000000,0,0,0,0,432,1232,300,32,400,16528,47728,0,0,0,0,432,100,0,0,0,1296,9400
295,W1,4,4,8,8,0,0,0,0,0,0,0,100,100,0,0,0,0,0,100,100,0,0.000000,0,8728,0.000000,0,0,0,0,432,1232,300,32,400,16528,47728,0,0,0,0,432,100,0,0,0,1232,9400
296,W1,4,4,8,8,0,0,0,0,0,0,0,100,100,0,0,0,0,0,100,100,0,0.000000,0,8728,0.000000,0,0,0,0,432,1232,300,32,400,16528,47728,0,0,0,0,432,100,0,0,0,1254,9400
297,W1,4,4,8,8,0,0,0,0,0,0,0,100,100,0,0,0,0,0,100,100,0,0.000000,0,8728,0.000000,0,0,0,0,432,1232,300,32,400,16528,47728,0,0,0,0,432,100,0,0,0,1171,9400
298,W1,4,4,8,8,0,0,0,0,0,0,0,100,100,0,0,0,0,0,100,100,0,0.000000,0,8728,0.000000,0,0,0,0,432,1232,300,32,400,16528,47728,0,0,0,0,432,100,0,0,0,1196,9400
299,W1,4,4,8,8,0,0,0,0,0,0,0,100,100,0,0,0,0,0,100,100,0,0.000000,0,8728,0.000000,0,0,0,0,432,1232,300,32,400,16528,47728,0,0,0,0,432,100,0,0,0,1209,9400
300,W1,4,4,8,8,0,0,0,0,0,0,0,100,100,0,0,0,0,0,100,100,0,0.000000,0,8728,0.000000,0,0,0,0,432,1232,300,32,400,16528,47728,0,0,0,0,432,100,0,0,0,1196,9400
301,W1,4,4,8,8,0,0,0,0,0,0,0,100,100,0,0,0,0,0,100,100,0,0.000000,0,8728,0.000000,0,0,0,0,432,1232,300,32,400,16528,47728,0,0,0,0,432,100,0,0,0,1190,9400
302,W1,4,4,8,8,0,0,0,0,0,0,0,100,100,100,0,0,0,0,100,100,100,100.000000,1600,8728,18.331806,10,10,10,10,432,1232,300,32,400,16528,47728,0,0,0,0,432,100,0,0,0,1226,9400
303,W1,4,4,8,8,0,0,0,0,0,0,0,100,100,0,0,0,0,0,100,100,0,0.000000,0,8728,0.000000,0,0,0,0,432,1232,300,32,400,16528,47728,0,0,0,0,432,100,0,0,0,1252,9400
304,W1,4,4,8,8,0,0,0,0,0,0,0,100,100,0,0,0,0,0,100,100,0,0.000000,0,8728,0.000000,0,0,0,0,432,1232,300,32,400,16528,47728,0,0,0,0,432,100,0,0,0,1293,9400
305,W1,4,4,8,8,0,0,0,0,0,0,0,100,100,0,0,0,0,0,100,100,0,0.000000,0,8728,0.000000,0,0,0,0,432,1232,300,32,400,16528,47728,0,0,0,0,432,100,0,0,0,1199,9400
306,W1,4,4,8,8,0,0,0,0,0,0,0,100,100,0,0,0,0,0,100,100,0,0.000000,0,8728,0.000000,0,0,0,0,432,1232,300,32,400,16528,47728,0,0,0,0,432,100,0,0,0,1241,9400
307,W1,4,4,8,8,0,0,0,0,0,0,0,100,100,0,0,0,0,0,100,100,0,0.000000,0,8728,0.000000,0,0,0,0,432,1232,300,32,400,16528,47728,0,0,0,0,432,100,0,0,0,1194,9400
308,W1,4,4,8,8,0,0,0,0,0,0,0,100,100,0,0,0,0,0,100,100,0,0.000000,0,8728,0.000000,0,0,0,0,432,1232,300,32,400,16528,47728,0,0,0,0,432,100,0,0,0,1217,9400
309,W1,4,4,8,8,0,0,0,0,0,0,0,100,100,0,0,0,0,0,100,100,0,0.000000,0,8728,0.000000,0,0,0,0,432,1232,300,32,400,16528,47728,0,0,0,0,432,100,0,0,0,1232,9400
310,W1,4,4,8,8,0,0,0,0,0,0,0,100,100,0,0,0,0,0,100,100,0,0.000000,0,8728,0.000000,0,0,0,0,432,1232,300,32,400,16528,47728,0,0,0,0,432,100,0,0,0,1156,9400
311,W1,4,4,8,8,0,0,0,0,0,0,0,100,100,100,0,0,0,0,100,100,100,100.000000,1600,8728,18.331806,10,10,10,10,432,1232,300,32,400,16528,47728,0,0,0,0,432,100,0,0,0,1176,9400
312,W1,4,4,8,8,0,0,0,0,0,0,0,100,100,0,0,0,0,0,100,100,0,0.000000,0,8728,0.000000,0,0,0,0,432,1232,300,32,400,16528,47728,0,0,0,0,432,100,0,0,0,1178,9400
313,W1,4,4,8,8,0,0,0,0,0,0,0,100,100,0,0,0,0,0,100,100,0,0.000000,0,8728,0.000000,0,0,0,0,432,1232,300,32,400,16528,47728,0,0,0,0,432,100,0,0,0,1172,9400
314,W1,4,4,8,8,0,0,0,0,0,0,0,100,100,0,0,0,0,0,100,100,0,0.000000,0,8728,0.000000,0,0,0,0,432,1232,300,32,400,16528,47728,0,0,0,0,432,100,0,0,0,1364,9400
315,W1,4,4,8,8,0,0,0,0,0,0,0,100,100,0,0,0,0,0,100,100,0,0.000000,0,8728,0.000000,0,0,0,0,432,1232,300,32,400,16528,47728,0,0,0,0,432,100,0,0,0,1200,9400
316,W1,4,4,8,8,0,0,0,0,0,0,0,100,100,0,0,0,0,0,100,100,0,0.000000,0,8728,0.000000,0,0,0,0,432,1232,300,32,400,16528,47728,0,0,0,0,432,100,0,0,0,1203,9400
317,W1,4,4,8,8,0,0,0,0,0,0,0,100,100,0,0,0,0,0,100,100,0,0.000000,0,8728,0.000000,0,0,0,0,432,1232,300,32,400,16528,47728,0,0,0,0,432,100,0,0,0,1185,9400
318,W1,4,4,8,8,0,0,0,0,0,0,0,100,100,0,0,0,0,0,100,100,0,0.000000,0,8728,0.000000,0,0,0,0,432,1232,300,32,400,16528,47728,0,0,0,0,432,100,0,0,0,1239,9400
319,W1,4,4,8,8,0,0,0,0,0,0,0,100,100,0,0,0,0,0,100,100,0,0.000000,0,8728,0.000000,0,0,0,0,432,1232,300,32,400,16528,47728,0,0,0,0,432,100,0,0,0,1198,9400
320,W1,4,4,8,8,0,0,0,0,0,0,0,100,100,100,0,0,0,0,100,100,100,100.000000,1600,8728,18.331806,10,10,10,10,432,1232,300,32,400,16528,47728,0,0,0,0,432,100,0,0,0,1218,9400
321,W1,4,4,8,8,0,0,0,0,0,0,0,100,100,0,0,0,0,0,100,100,0,0.000000,0,8728,0.000000,0,0,0,0,432,1232,300,32,400,16528,47728,0,0,0,0,432,100,0,0,0,1196,9400
322,W1,4,4,8,8,0,0,0,0,0,0,0,100,100,0,0,0,0,0,100,100,0,0.000000,0,8728,0.000000,0,0,0,0,432,1232,300,32,400,16528,47728,0,0,0,0,432,100,0,0,0,1230,9400
323,W1,4,4,8,8,0,0,0,0,0,0,0,100,100,0,0,0,0,0,100,100,0,0.000000,0,8728,0.000000,0,0,0,0,432,1232,300,32,400,16528,47728,0,0,0,0,432,100,0,0,0,1180,9400
324,W1,4,4,8,8,0,0,0,0,0,0,0,100,100,0,0,0,0,0,100,100,0,0.000000,0,8728,0.000000,0,0,0,0,432,1232,300,32,400,16528,47728,0,0,0,0,432,100,0,0,0,1176,9400
325,W1,4,4,8,8,0,0,0,0,0,0,0,100,100,0,0,0,0,0,100,100,0,0.000000,0,8728,0.000000,0,0,0,0,432,1232,300,32,400,16528,47728,0,0,0,0,432,100,0,0,0,1234,9400
326,W1,4,4,8,8,0,0,0,0,0,0,0,100,100,0,0,0,0,0,100,100,0,0.000000,0,8728,0.000000,0,0,0,0,432,1232,300,32,400,16528,47728,0,0,0,0,432,100,0,0,0,1200,9400
327,W1,4,4,8,8,0,0,0,0,0,0,0,100,100,0,0,0,0,0,100,100,0,0.000000,0,8728,0.000000,0,0,0,0,432,1232,300,32,400,16528,47728,0,0,0,0,432,100,0,0,0,1173,9400
328,W1,4,4,8,8,0,0,0,0,0,0,0,100,100,0,0,0,0,0,100,100,0,0.000000,0,8728,0.000000,0,0,0,0,432,1232,300,32,400,16528,47728,0,0,0,0,432,100,0,0,0,1209,9400
329,W1,4,4,8,8,0,0,0,0,0,0,0,100,100,100,0,0,0,0,100,100,100,100.000000,1600,8728,18.331806,10,10,10,10,432,1232,300,32,400,16528,47728,0,0,0,0,432,100,0,0,0,1187,9400
330,W1,4,4,8,8,0,0,0,0,0,0,0,100,100,0,0,0,0,0,100,100,0,0.000000,0,8728,0.000000,0,0,0,0,432,1232,300,32,400,16528,47728,0,0,0,0,432,100,0,0,0,1251,9400
331,W1,4,4,8,8,0,0,0,0,0,0,0,100,100,0,0,0,0,0,100,100,0,0.000000,0,8728,0.000000,0,0,0,0,432,1232,300,32,400,16528,47728,0,0,0,0,432,100,0,0,0,1168,9400
332,W1,4,4,8,8,0,0,0,0,0,0,0,100,100,0,0,0,0,0,100,100,0,0.000000,0,8728,0.000000,0,0,0,0,432,1232,300,32,400,16528,47728,0,0,0,0,432,100,0,0,0,1150,9400
333,W1,4,4,8,8,0,0,0,0,0,0,0,100,100,0,0,0,0,0,100,100,0,0.000000,0,8728,0.000000,0,0,0,0,432,1232,300,32,400,16528,47728,0,0,0,0,432,100,0,0,0,1209,9400
334,W1,4,4,8,8,0,0,0,0,0,0,0,100,100,0,0,0,0,0,100,100,0,0.000000,0,8728,0.000000,0,0,0,0,432,1232,300,32,400,16528,47728,0,0,0,0,432,100,0,0,0,1211,9400
335,W1,4,4,8,8,0,0,0,0,0,0,0,100,100,0,0,0,0,0,100,100,0,0.000000,0,8728,0.000000,0,0,0,0,432,1232,300,32,400,16528,47728,0,0,0,0,432,100,0,0,0,1148,9400
336,W1,4,4,8,8,0,0,0,0,0,0,0,100,100,0,0,0,0,0,100,100,0,0.000000,0,8728,0.000000,0,0,0,0,432,1232,300,32,400,16528,47728,0,0,0,0,432,100,0,0,0,1208,9400
337,W1,4,4,8,8,0,0,0,0,0,0,0,100,100,0,0,0,0,0,100,100,0,0.000000,0,8728,0.000000,0,0,0,0,432,1232,300,32,400,16528,47728,0,0,0,0,432,100,0,0,0,1277,9400
338,W1,4,4,8,8,0,0,0,0,0,0,0,100,100,100,0,0,0,0,100,100,100,100.000000,1600,8728,18.331806,10,10,10,10,432,1232,300,32,400,16528,47728,0,0,0,0,432,100,0,0,0,1185,9400
339,W1,4,4,8,8,0,0,0,0,0,0,0,100,100,0,0,0,0,0,100,100,0,0.000000,0,8728,0.000000,0,0,0,0,432,1232,300,32,400,16528,47728,0,0,0,0,432,100,0,0,0,1225,9400
340,W1,4,4,8,8,0,0,0,0,0,0,0,100,100,0,0,0,0,0,100,100,0,0.000000,0,8728,0.000000,0,0,0,0,432,1232,300,32,400,16528,47728,0,0,0,0,432,100,0,0,0,1188,9400
341,W1,4,4,8,8,0,0,0,0,0,0,0,100,100,0,0,0,0,0,100,100,0,0.000000,0,8728,0.000000,0,0,0,0,432,1232,300,32,400,16528,47728,0,0,0,0,432,100,0,0,0,1192,9400
342,W1,4,4,8,8,0,0,0,0,0,0,0,100,100,0,0,0,0,0,100,100,0,0.000000,0,8728,0.000000,0,0,0,0,432,1232,300,32,400,16528,47728,0,0,0,0,432,100,0,0,0,1243,9400
343,W1,4,4,8,8,0,0,0,0,0,0,0,100,100,0,0,0,0,0,100,100,0,0.000000,0,8728,0.000000,0,0,0,0,432,1232,300,32,400,16528,47728,0,0,0,0,432,100,0,0,0,1232,9400
344,W1,4,4,8,8,0,0,0,0,0,0,0,100,100,0,0,0,0,0,100,100,0,0.000000,0,8728,0.000000,0,0,0,0,432,1232,300,32,400,16528,47728,0,0,0,0,432,100,0,0,0,1220,9400
345,W1,4,4,8,8,0,0,0,0,0,0,0,100,100,0,0,0,0,0,100,100,0,0.000000,0,8728,0.000000,0,0,0,0,432,1232,300,32,400,16528,47728,0,0,0,0,432,100,0,0,0,1183,9400
346,W1,4,4,8,8,0,0,0,0,0,0,0,100,100,0,0,0,0,0,100,100,0,0.000000,0,8728,0.000000,0,0,0,0,432,1232,300,32,400,16528,47728,0,0,0,0,432,100,0,0,0,1243,9400
347,W1,4,4,8,8,0,0,0,0,0,0,0,100,100,100,0,0,0,0,100,100,100,100.000000,1600,8728,18.331806,10,10,10,10,432,1232,300,32,400,16528,47728,0,0,0,0,432,100,0,0,0,1180,9400
348,W1,4,4,8,8,0,0,0,0,0,0,0,100,100,0,0,0,0,0,100,100,0,0.000000,0,8728,0.000000,0,0,0,0,432,1232,300,32,400,16528,47728,0,0,0,0,432,100,0,0,0,1179,9400
349,W1,4,4,8,8,0,0,0,0,0,0,0,100,100,0,0,0,0,0,100,100,0,0.000000,0,8728,0.000000,0,0,0,0,432,1232,300,32,400,16528,47728,0,0,0,0,432,100,0,0,0,1194,9400
350,W1,4,4,8,8,0,0,0,0,0,0,0,100,100,0,0,0,0,0,100,100,0,0.000000,0,8728,0.000000,0,0,0,0,432,1232,300,32,400,16528,47728,0,0,0,0,432,100,0,0,0,1206,9400
351,W1,4,4,8,8,0,0,0,0,0,0,0,100,100,0,0,0,0,0,100,100,0,0.000000,0,8728,0.000000,0,0,0,0,432,1232,300,32,400,16528,47728,0,0,0,0,432,100,0,0,0,1177,9400
352,W1,4,4,8,8,0,0,0,0,0,0,0,100,100,0,0,0,0,0,100,100,0,0.000000,0,8728,0.000000,0,0,0,0,432,1232,300,32,400,16528,47728,0,0,0,0,432,100,0,0,0,1213,9400
353,W1,4,4,8,8,0,0,0,0,0,0,0,100,100,0,0,0,0,0,100,100,0,0.000000,0,8728,0.000000,0,0,0,0,432,1232,300,32,400,16528,47728,0,0,0,0,432,100,0,0,0,1209,9400
354,W1,4,4,8,8,0,0,0,0,0,0,0,100,100,0,0,0,0,0,100,100,0,0.000000,0,8728,0.000000,0,0,0,0,432,1232,300,32,400,16528,47728,0,0,0,0,432,100,0,0,0,1171,9400
355,W1,4,4,8,8,0,0,0,0,0,0,0,100,100,0,0,0,0,0,100,100,0,0.000000,0,8728,0.000000,0,0,0,0,432,1232,300,32,400,16528,47728,0,0,0,0,432,100,0,0,0,1172,9400
356,W1,4,4,8,8,0,0,0,0,0,0,0,100,100,100,0,0,0,0,100,100,100,100.000000,1600,8728,18.331806,10,10,10,10,432,1232,300,32,400,16528,47728,0,0,0,0,432,100,0,0,0,1204,9400
357,W1,4,4,8,8,0,0,0,0,0,0,0,100,100,0,0,0,0,0,100,100,0,0.000000,0,8728,0.000000,0,0,0,0,432,1232,300,32,400,16528,47728,0,0,0,0,432,100,0,0,0,1163,9400
358,W1,4,4,8,8,0,0,0,0,0,0,0,100,100,0,0,0,0,0,100,100,0,0.000000,0,8728,0.000000,0,0,0,0,432,1232,300,32,400,16528,47728,0,0,0,0,432,100,0,0,0,1179,9400
359,W1,4,4,8,8,0,0,0,0,0,0,0,100,100,0,0,0,0,0,100,100,0,0.000000,0,8728,0.000000,0,0,0,0,432,1232,300,32,400,16528,47728,0,0,0,0,432,100,0,0,0,1195,9400
360,W1,4,4,8,8,0,0,0,0,0,0,0,100,100,0,0,0,0,0,100,100,0,0.000000,0,8728,0.000000,0,0,0,0,432,1232,300,32,400,16528,47728,0,0,0,0,432,100,0,0,0,1183,9400
361,W1,4,4,8,8,0,0,0,0,0,0,0,100,100,0,0,0,0,0,100,100,0,0.000000,0,8728,0.000000,0,0,0,0,432,1232,300,32,400,16528,47728,0,0,0,0,432,100,0,0,0,1225,9400
362,W1,4,4,8,8,0,0,0,0,0,0,0,100,100,0,0,0,0,0,100,100,0,0.000000,0,8728,0.000000,0,0,0,0,432,1232,300,32,400,16528,47728,0,0,0,0,432,100,0,0,0,1152,9400
363,W1,4,4,8,8,0,0,0,0,0,0,0,100,100,0,0,0,0,0,100,100,0,0.000000,0,8728,0.000000,0,0,0,0,432,1232,300,32,400,16528,47728,0,0,0,0,432,100,0,0,0,1160,9400
364,W1,4,4,8,8,0,0,0,0,0,0,0,100,100,0,0,0,0,0,100,100,0,0.000000,0,8728,0.000000,0,0,0,0,432,1232,300,32,400,16528,47728,0,0,0,0,432,100,0,0,0,1171,9400
365,W1,4,4,8,8,0,0,0,0,0,0,0,100,100,100,0,0,0,0,100,100,100,100.000000,1600,8728,18.331806,10,10,10,10,432,1232,300,32,400,16528,47728,0,0,0,0,432,100,0,0,0,1185,9400
366,W1,4,4,8,8,0,0,0,0,0,0,0,100,100,0,0,0,0,0,100,100,0,0.000000,0,8728,0.000000,0,0,0,0,432,1232,300,32,400,16528,47728,0,0,0,0,432,100,0,0,0,1172,9400
367,W1,4,4,8,8,0,0,0,0,0,0,0,100,100,0,0,0,0,0,100,100,0,0.000000,0,8728,0.000000,0,0,0,0,432,1232,300,32,400,16528,47728,0,0,0,0,432,100,0,0,0,1211,9400
368,W1,4,4,8,8,0,0,0,0,0,0,0,100,100,0,0,0,0,0,100,100,0,0.000000,0,8728,0.000000,0,0,0,0,432,1232,300,32,400,16528,47728,0,0,0,0,432,100,0,0,0,1209,9400
369,W1,4,4,8,8,0,0,0,0,0,0,0,100,100,0,0,0,0,0,100,100,0,0.000000,0,8728,0.000000,0,0,0,0,432,1232,300,32,400,16528,47728,0,0,0,0,432,100,0,0,0,1263,9400
370,W1,4,4,8,8,0,0,0,0,0,0,0,100,100,0,0,0,0,0,100,100,0,0.000000,0,8728,0.000000,0,0,0,0,432,1232,300,32,400,16528,47728,0,0,0,0,432,100,0,0,0,1187,9400
371,W1,4,4,8,8,0,0,0,0,0,0,0,100,100,0,0,0,0,0,100,100,0,0.000000,0,8728,0.000000,0,0,0,0,432,1232,300,32,400,16528,47728,0,0,0,0,432,100,0,0,0,1207,9400
372,W1,4,4,8,8,0,0,0,0,0,0,0,100,100,0,0,0,0,0,100,100,0,0.000000,0,8728,0.000000,0,0,0,0,432,1232,300,32,400,16528,47728,0,0,0,0,432,100,0,0,0,1204,9400
373,W1,4,4,8,8,0,0,0,0,0,0,0,100,100,0,0,0,0,0,100,100,0,0.000000,0,8728,0.000000,0,0,0,0,432,1232,300,32,400,16528,47728,0,0,0,0,432,100,0,0,0,1215,9400
374,W1,4,4,8,8,0,0,0,0,0,0,0,100,100,100,0,0,0,0,100,100,100,100.000000,1600,8728,18.331806,10,10,10,10,432,1232,300,32,400,16528,47728,0,0,0,0,432,100,0,0,0,1183,9400
375,W1,4,4,8,8,0,0,0,0,0,0,0,100,100,0,0,0,0,0,100,100,0,0.000000,0,8728,0.000000,0,0,0,0,432,1232,300,32,400,16528,47728,0,0,0,0,432,100,0,0,0,1223,9400
376,W1,4,4,8,8,0,0,0,0,0,0,0,100,100,0,0,0,0,0,100,100,0,0.000000,0,8728,0.000000,0,0,0,0,432,1232,300,32,400,16528,47728,0,0,0,0,432,100,0,0,0,1164,9400
377,W1,4,4,8,8,0,0,0,0,0,0,0,100,100,0,0,0,0,0,100,100,0,0.000000,0,8728,0.000000,0,0,0,0,432,1232,300,32,400,16528,47728,0,0,0,0,432,100,0,0,0,1157,9400
378,W1,4,4,8,8,0,0,0,0,0,0,0,100,100,0,0,0,0,0,100,100,0,0.000000,0,8728,0.000000,0,0,0,0,432,1232,300,32,400,16528,47728,0,0,0,0,432,100,0,0,0,1256,9400
379,W1,4,4,8,8,0,0,0,0,0,0,0,100,100,0,0,0,0,0,100,100,0,0.000000,0,8728,0.000000,0,0,0,0,432,1232,300,32,400,16528,47728,0,0,0,0,432,100,0,0,0,1211,9400
380,W1,4,4,8,8,0,0,0,0,0,0,0,100,100,0,0,0,0,0,100,100,0,0.000000,0,8728,0.000000,0,0,0,0,432,1232,300,32,400,16528,47728,0,0,0,0,432,100,0,0,0,1214,9400
381,W1,4,4,8,8,0,0,0,0,0,0,0,100,100,0,0,0,0,0,100,100,0,0.000000,0,8728,0.000000,0,0,0,0,432,1232,300,32,400,16528,47728,0,0,0,0,432,100,0,0,0,1184,9400
382,W1,4,4,8,8,0,0,0,0,0,0,0,100,100,0,0,0,0,0,100,100,0,0.000000,0,8728,0.000000,0,0,0,0,432,1232,300,32,400,16528,47728,0,0,0,0,432,100,0,0,0,1172,9400
383,W1,4,4,8,8,0,0,0,0,0,0,0,100,100,100,0,0,0,0,100,100,100,100.000000,1600,8728,18.331806,10,10,10,10,432,1232,300,32,400,16528,47728,0,0,0,0,432,100,0,0,0,1232,9400
384,W1,4,4,8,8,0,0,0,0,0,0,0,100,100,0,0,0,0,0,100,100,0,0.000000,0,8728,0.000000,0,0,0,0,432,1232,300,32,400,16528,47728,0,0,0,0,432,100,0,0,0,1229,9400
385,W1,4,4,8,8,0,0,0,0,0,0,0,100,100,0,0,0,0,0,100,100,0,0.000000,0,8728,0.000000,0,0,0,0,432,1232,300,32,400,16528,47728,0,0,0,0,432,100,0,0,0,1191,9400
386,W1,4,4,8,8,0,0,0,0,0,0,0,100,100,0,0,0,0,0,100,100,0,0.000000,0,8728,0.000000,0,0,0,0,432,1232,300,32,400,16528,47728,0,0,0,0,432,100,0,0,0,1241,9400
387,W1,4,4,8,8,0,0,0,0,0,0,0,100,100,0,0,0,0,0,100,100,0,0.000000,0,8728,0.000000,0,0,0,0,432,1232,300,32,400,16528,47728,0,0,0,0,432,100,0,0,0,1181,9400
388,W1,4,4,8,8,0,0,0,0,0,0,0,100,100,0,0,0,0,0,100,100,0,0.000000,0,8728,0.000000,0,0,0,0,432,1232,300,32,400,16528,47728,0,0,0,0,432,100,0,0,0,1174,9400
389,W1,4,4,8,8,0,0,0,0,0,0,0,100,100,0,0,0,0,0,100,100,0,0.000000,0,8728,0.000000,0,0,0,0,432,1232,300,32,400,16528,47728,0,0,0,0,432,100,0,0,0,1149,9400
390,W1,4,4,8,8,0,0,0,0,0,0,0,100,100,0,0,0,0,0,100,100,0,0.000000,0,8728,0.000000,0,0,0,0,432,1232,300,32,400,16528,47728,0,0,0,0,432,100,0,0,0,1273,9400
391,W1,4,4,8,8,0,0,0,0,0,0,0,100,100,0,0,0,0,0,100,100,0,0.000000,0,8728,0.000000,0,0,0,0,432,1232,300,32,400,16528,47728,0,0,0,0,432,100,0,0,0,1168,9400
392,W1,4,4,8,8,0,0,0,0,0,0,0,100,100,100,0,0,0,0,100,100,100,100.000000,1600,8728,18.331806,10,10,10,10,432,1232,300,32,400,16528,47728,0,0,0,0,432,100,0,0,0,1199,9400
393,W1,4,4,8,8,0,0,0,0,0,0,0,100,100,0,0,0,0,0,100,100,0,0.000000,0,8728,0.000000,0,0,0,0,432,1232,300,32,400,16528,47728,0,0,0,0,432,100,0,0,0,1168,9400
394,W1,4,4,8,8,0,0,0,0,0,0,0,100,100,0,0,0,0,0,100,100,0,0.000000,0,8728,0.000000,0,0,0,0,432,1232,300,32,400,16528,47728,0,0,0,0,432,100,0,0,0,1175,9400
395,W1,4,4,8,8,0,0,0,0,0,0,0,100,100,0,0,0,0,0,100,100,0,0.000000,0,8728,0.000000,0,0,0,0,432,1232,300,32,400,16528,47728,0,0,0,0,432,100,0,0,0,1153,9400
396,W1,4,4,8,8,0,0,0,0,0,0,0,100,100,0,0,0,0,0,100,100,0,0.000000,0,8728,0.000000,0,0,0,0,432,1232,300,32,400,16528,47728,0,0,0,0,432,100,0,0,0,1197,9400
397,W1,4,4,8,8,0,0,0,0,0,0,0,100,100,0,0,0,0,0,100,100,0,0.000000,0,8728,0.000000,0,0,0,0,432,1232,300,32,400,16528,47728,0,0,0,0,432,100,0,0,0,1233,9400
398,W1,4,4,8,8,0,0,0,0,0,0,0,100,100,0,0,0,0,0,100,100,0,0.000000,0,8728,0.000000,0,0,0,0,432,1232,300,32,400,16528,47728,0,0,0,0,432,100,0,0,0,1184,9400
399,W1,4,4,8,8,0,0,0,0,0,0,0,100,100,0,0,0,0,0,100,100,0,0.000000,0,8728,0.000000,0,0,0,0,432,1232,300,32,400,16528,47728,0,0,0,0,432,100,0,0,0,1190,9400
400,W1,4,4,8,8,0,0,0,0,0,0,0,100,100,0,0,0,0,0,100,100,0,0.000000,0,8728,0.000000,0,0,0,0,432,1232,300,32,400,16528,47728,0,0,0,0,432,100,0,0,0,1208,9400
401,W1,4,4,8,8,0,0,0,0,0,0,0,100,100,100,0,0,0,0,100,100,100,100.000000,1600,8728,18.331806,10,10,10,10,432,1232,300,32,400,16528,47728,0,0,0,0,432,100,0,0,0,1157,9400
402,W1,4,4,8,8,0,0,0,0,0,0,0,100,100,0,0,0,0,0,100,100,0,0.000000,0,8728,0.000000,0,0,0,0,432,1232,300,32,400,16528,47728,0,0,0,0,432,100,0,0,0,1180,9400
403,W1,4,4,8,8,0,0,0,0,0,0,0,100,100,0,0,0,0,0,100,100,0,0.000000,0,8728,0.000000,0,0,0,0,432,1232,300,32,400,16528,47728,0,0,0,0,432,100,0,0,0,1149,9400
404,W1,4,4,8,8,0,0,0,0,0,0,0,100,100,0,0,0,0,0,100,100,0,0.000000,0,8728,0.000000,0,0,0,0,432,1232,300,32,400,16528,47728,0,0,0,0,432,100,0,0,0,1203,9400
405,W1,4,4,8,8,0,0,0,0,0,0,0,100,100,0,0,0,0,0,100,100,0,0.000000,0,8728,0.000000,0,0,0,0,432,1232,300,32,400,16528,47728,0,0,0,0,432,100,0,0,0,1149,9400
406,W1,4,4,8,8,0,0,0,0,0,0,0,100,100,0,0,0,0,0,100,100,0,0.000000,0,8728,0.000000,0,0,0,0,432,1232,300,32,400,16528,47728,0,0,0,0,432,100,0,0,0,1188,9400
407,W1,4,4,8,8,0,0,0,0,0,0,0,100,100,0,0,0,0,0,100,100,0,0.000000,0,8728,0.000000,0,0,0,0,432,1232,300,32,400,16528,47728,0,0,0,0,432,100,0,0,0,1265,9400
408,W1,4,4,8,8,0,0,0,0,0,0,0,100,100,0,0,0,0,0,100,100,0,0.000000,0,8728,0.000000,0,0,0,0,432,1232,300,32,400,16528,47728,0,0,0,0,432,100,0,0,0,1153,9400
409,W1,4,4,8,8,0,0,0,0,0,0,0,100,100,0,0,0,0,0,100,100,0,0.000000,0,8728,0.000000,0,0,0,0,432,1232,300,32,400,16528,47728,0,0,0,0,432,100,0,0,0,1212,9400
410,W1,4,4,8,8,0,0,0,0,0,0,0,100,100,100,0,0,0,0,100,100,100,100.000000,1600,8728,18.331806,10,10,10,10,432,1232,300,32,400,16528,47728,0,0,0,0,432,100,0,0,0,1198,9400
411,W1,4,4,8,8,0,0,0,0,0,0,0,100,100,0,0,0,0,0,100,100,0,0.000000,0,8728,0.000000,0,0,0,0,432,1232,300,32,400,16528,47728,0,0,0,0,432,100,0,0,0,1202,9400
412,W1,4,4,8,8,0,0,0,0,0,0,0,100,100,0,0,0,0,0,100,100,0,0.000000,0,8728,0.000000,0,0,0,0,432,1232,300,32,400,16528,47728,0,0,0,0,432,100,0,0,0,1249,9400
413,W1,4,4,8,8,0,0,0,0,0,0,0,100,100,0,0,0,0,0,100,100,0,0.000000,0,8728,0.000000,0,0,0,0,432,1232,300,32,400,16528,47728,0,0,0,0,432,100,0,0,0,1178,9400
414,W1,4,4,8,8,0,0,0,0,0,0,0,100,100,0,0,0,0,0,100,100,0,0.000000,0,8728,0.000000,0,0,0,0,432,1232,300,32,400,16528,47728,0,0,0,0,432,100,0,0,0,1229,9400
415,W1,4,4,8,8,0,0,0,0,0,0,0,100,100,0,0,0,0,0,100,100,0,0.000000,0,8728,0.000000,0,0,0,0,432,1232,300,32,400,16528,47728,0,0,0,0,432,100,0,0,0,1171,9400
416,W1,4,4,8,8,0,0,0,0,0,0,0,100,100,0,0,0,0,0,100,100,0,0.000000,0,8728,0.000000,0,0,0,0,432,1232,300,32,400,16528,47728,0,0,0,0,432,100,0,0,0,1190,9400
417,W1,4,4,8,8,0,0,0,0,0,0,0,100,100,0,0,0,0,0,100,100,0,0.000000,0,8728,0.000000,0,0,0,0,432,1232,300,32,400,16528,47728,0,0,0,0,432,100,0,0,0,1179,9400
418,W1,4,4,8,8,0,0,0,0,0,0,0,100,100,0,0,0,0,0,100,100,0,0.000000,0,8728,0.000000,0,0,0,0,432,1232,300,32,400,16528,47728,0,0,0,0,432,100,0,0,0,1182,9400
419,W1,4,4,8,8,0,0,0,0,0,0,0,100,100,100,0,0,0,0,100,100,100,100.000000,1600,8728,18.331806,10,10,10,10,432,1232,300,32,400,16528,47728,0,0,0,0,432,100,0,0,0,1202,9400
420,W1,4,4,8,8,0,0,0,0,0,0,0,100,100,0,0,0,0,0,100,100,0,0.000000,0,8728,0.000000,0,0,0,0,432,1232,300,32,400,16528,47728,0,0,0,0,432,100,0,0,0,1241,9400
421,W1,4,4,8,8,0,0,0,0,0,0,0,100,100,0,0,0,0,0,100,100,0,0.000000,0,8728,0.000000,0,0,0,0,432,1232,300,32,400,16528,47728,0,0,0,0,432,100,0,0,0,1215,9400
422,W1,4,4,8,8,0,0,0,0,0,0,0,100,100,0,0,0,0,0,100,100,0,0.000000,0,8728,0.000000,0,0,0,0,432,1232,300,32,400,16528,47728,0,0,0,0,432,100,0,0,0,1209,9400
423,W1,4,4,8,8,0,0,0,0,0,0,0,100,100,0,0,0,0,0,100,100,0,0.000000,0,8728,0.000000,0,0,0,0,432,1232,300,32,400,16528,47728,0,0,0,0,432,100,0,0,0,1160,9400
424,W1,4,4,8,8,0,0,0,0,0,0,0,100,100,0,0,0,0,0,100,100,0,0.000000,0,8728,0.000000,0,0,0,0,432,1232,300,32,400,16528,47728,0,0,0,0,432,100,0,0,0,1180,9400
425,W1,4,4,8,8,0,0,0,0,0,0,0,100,100,0,0,0,0,0,100,100,0,0.000000,0,8728,0.000000,0,0,0,0,432,1232,300,32,400,16528,47728,0,0,0,0,432,100,0,0,0,1149,9400
426,W1,4,4,8,8,0,0,0,0,0,0,0,100,100,0,0,0,0,0,100,100,0,0.000000,0,8728,0.000000,0,0,0,0,432,1232,300,32,400,16528,47728,0,0,0,0,432,100,0,0,0,1169,9400
427,W1,4,4,8,8,0,0,0,0,0,0,0,100,100,0,0,0,0,0,100,100,0,0.000000,0,8728,0.000000,0,0,0,0,432,1232,300,32,400,16528,47728,0,0,0,0,432,100,0,0,0,1188,9400
428,W1,4,4,8,8,0,0,0,0,0,0,0,100,100,100,0,0,0,0,100,100,100,100.000000,1600,8728,18.331806,10,10,10,10,432,1232,300,32,400,16528,47728,0,0,0,0,432,100,0,0,0,1186,9400
429,W1,4,4,8,8,0,0,0,0,0,0,0,100,100,0,0,0,0,0,100,100,0,0.000000,0,8728,0.000000,0,0,0,0,432,1232,300,32,400,16528,47728,0,0,0,0,432,100,0,0,0,1154,9400
430,W1,4,4,8,8,0,0,0,0,0,0,0,100,100,0,0,0,0,0,100,100,0,0.000000,0,8728,0.000000,0,0,0,0,432,1232,300,32,400,16528,47728,0,0,0,0,432,100,0,0,0,1190,9400
431,W1,4,4,8,8,0,0,0,0,0,0,0,100,100,0,0,0,0,0,100,100,0,0.000000,0,8728,0.000000,0,0,0,0,432,1232,300,32,400,16528,47728,0,0,0,0,432,100,0,0,0,1160,9400
432,W1,4,4,8,8,0,0,0,0,0,0,0,100,100,0,0,0,0,0,100,100,0,0.000000,0,8728,0.000000,0,0,0,0,432,1232,300,32,400,16528,47728,0,0,0,0,432,100,0,0,0,1190,9400
433,W1,4,4,8,8,0,0,0,0,0,0,0,100,100,0,0,0,0,0,100,100,0,0.000000,0,8728,0.000000,0,0,0,0,432,1232,300,32,400,16528,47728,0,0,0,0,432,100,0,0,0,1173,9400
434,W1,4,4,8,8,0,0,0,0,0,0,0,100,100,0,0,0,0,0,100,100,0,0.000000,0,8728,0.000000,0,0,0,0,432,1232,300,32,400,16528,47728,0,0,0,0,432,100,0,0,0,1219,9400
435,W1,4,4,8,8,0,0,0,0,0,0,0,100,100,0,0,0,0,0,100,100,0,0.000000,0,8728,0.000000,0,0,0,0,432,1232,300,32,400,16528,47728,0,0,0,0,432,100,0,0,0,1212,9400
436,W1,4,4,8,8,0,0,0,0,0,0,0,100,100,0,0,0,0,0,100,100,0,0.000000,0,8728,0.000000,0,0,0,0,432,1232,300,32,400,16528,47728,0,0,0,0,432,100,0,0,0,1250,9400
437,W1,4,4,8,8,0,0,0,0,0,0,0,100,100,100,0,0,0,0,100,100,100,100.000000,1600,8728,18.331806,10,10,10,10,432,1232,300,32,400,16528,47728,0,0,0,0,432,100,0,0,0,1204,9400
438,W1,4,4,8,8,0,0,0,0,0,0,0,100,100,0,0,0,0,0,100,100,0,0.000000,0,8728,0.000000,0,0,0,0,432,1232,300,32,400,16528,47728,0,0,0,0,432,100,0,0,0,1211,9400
439,W1,4,4,8,8,0,0,0,0,0,0,0,100,100,0,0,0,0,0,100,100,0,0.000000,0,8728,0.000000,0,0,0,0,432,1232,300,32,400,16528,47728,0,0,0,0,432,100,0,0,0,1172,9400
440,W1,4,4,8,8,0,0,0,0,0,0,0,100,100,0,0,0,0,0,100,100,0,0.000000,0,8728,0.000000,0,0,0,0,432,1232,300,32,400,16528,47728,0,0,0,0,432,100,0,0,0,1160,9400
441,W1,4,4,8,8,0,0,0,0,0,0,0,100,100,0,0,0,0,0,100,100,0,0.000000,0,8728,0.000000,0,0,0,0,432,1232,300,32,400,16528,47728,0,0,0,0,432,100,0,0,0,1214,9400
442,W1,4,4,8,8,0,0,0,0,0,0,0,100,100,0,0,0,0,0,100,100,0,0.000000,0,8728,0.000000,0,0,0,0,432,1232,300,32,400,16528,47728,0,0,0,0,432,100,0,0,0,1184,9400
443,W1,4,4,8,8,0,0,0,0,0,0,0,100,100,0,0,0,0,0,100,100,0,0.000000,0,8728,0.000000,0,0,0,0,432,1232,300,32,400,16528,47728,0,0,0,0,432,100,0,0,0,1184,9400
444,W1,4,4,8,8,0,0,0,0,0,0,0,100,100,0,0,0,0,0,100,100,0,0.000000,0,8728,0.000000,0,0,0,0,432,1232,300,32,400,16528,47728,0,0,0,0,432,100,0,0,0,1187,9400
445,W1,4,4,8,8,0,0,0,0,0,0,0,100,100,0,0,0,0,0,100,100,0,0.000000,0,8728,0.000000,0,0,0,0,432,1232,300,32,400,16528,47728,0,0,0,0,432,100,0,0,0,1245,9400
446,W1,4,4,8,8,0,0,0,0,0,0,0,100,100,100,0,0,0,0,100,100,100,100.000000,1600,8728,18.331806,10,10,10,10,432,1232,300,32,400,16528,47728,0,0,0,0,432,100,0,0,0,1162,9400
447,W1,4,4,8,8,0,0,0,0,0,0,0,100,100,0,0,0,0,0,100,100,0,0.000000,0,8728,0.000000,0,0,0,0,432,1232,300,32,400,16528,47728,0,0,0,0,432,100,0,0,0,1144,9400
448,W1,4,4,8,8,0,0,0,0,0,0,0,100,100,0,0,0,0,0,100,100,0,0.000000,0,8728,0.000000,0,0,0,0,432,1232,300,32,400,16528,47728,0,0,0,0,432,100,0,0,0,1162,9400
449,W1,4,4,8,8,0,0,0,0,0,0,0,100,100,0,0,0,0,0,100,100,0,0.000000,0,8728,0.000000,0,0,0,0,432,1232,300,32,400,16528,47728,0,0,0,0,432,100,0,0,0,1196,9400
450,W1,4,4,8,8,0,0,0,0,0,0,0,100,100,0,0,0,0,0,100,100,0,0.000000,0,8728,0.000000,0,0,0,0,432,1232,300,32,400,16528,47728,0,0,0,0,432,100,0,0,0,1258,9400
451,W1,4,4,8,8,0,0,0,0,0,0,0,100,100,0,0,0,0,0,100,100,0,0.000000,0,8728,0.000000,0,0,0,0,432,1232,300,32,400,16528,47728,0,0,0,0,432,100,0,0,0,1195,9400
452,W1,4,4,8,8,0,0,0,0,0,0,0,100,100,0,0,0,0,0,100,100,0,0.000000,0,8728,0.000000,0,0,0,0,432,1232,300,32,400,16528,47728,0,0,0,0,432,100,0,0,0,1173,9400
453,W1,4,4,8,8,0,0,0,0,0,0,0,100,100,0,0,0,0,0,100,100,0,0.000000,0,8728,0.000000,0,0,0,0,432,1232,300,32,400,16528,47728,0,0,0,0,432,100,0,0,0,1194,9400
454,W1,4,4,8,8,0,0,0,0,0,0,0,100,100,0,0,0,0,0,100,100,0,0.000000,0,8728,0.000000,0,0,0,0,432,1232,300,32,400,16528,47728,0,0,0,0,432,100,0,0,0,1191,9400
455,W1,4,4,8,8,0,0,0,0,0,0,0,100,100,100,0,0,0,0,100,100,100,100.000000,1600,8728,18.331806,10,10,10,10,432,932,300,32,400,16528,36028,0,0,0,0,432,100,0,0,0,1100,9400
456,W1,4,4,8,8,0,0,0,0,0,0,0,100,100,0,0,0,0,0,100,100,0,0.000000,0,8728,0.000000,0,0,0,0,432,332,300,32,400,16528,12628,0,0,0,0,432,0,0,0,0,759,9400
457,W1,4,4,8,8,0,0,0,0,0,0,0,100,100,0,0,0,0,0,100,100,0,0.000000,0,8728,0.000000,0,0,0,0,432,332,300,32,400,16528,12628,0,0,0,0,432,0,0,0,0,741,9400
458,W1,4,4,8,8,0,0,0,0,0,0,0,100,100,0,0,0,0,0,100,100,0,0.000000,0,8728,0.000000,0,0,0,0,432,332,300,32,400,16528,12628,0,0,0,0,432,0,0,0,0,796,9400
459,W1,4,4,8,8,0,0,0,0,0,0,0,100,100,0,0,0,0,0,100,100,0,0.000000,0,8728,0.000000,0,0,0,0,432,332,300,32,400,16528,12628,0,0,0,0,432,0,0,0,0,744,9400
460,W1,4,4,8,8,0,0,0,0,0,0,0,100,100,0,0,0,0,0,100,100,0,0.000000,0,8728,0.000000,0,0,0,0,432,332,300,32,400,16528,12628,0,0,0,0,432,0,0,0,0,759,9400
461,W1,4,4,8,8,0,0,0,0,0,0,0,100,100,0,0,0,0,0,100,100,0,0.000000,0,8728,0.000000,0,0,0,0,432,332,300,32,400,16528,12628,0,0,0,0,432,0,0,0,0,868,9400
462,W1,4,4,8,8,0,0,0,0,0,0,0,100,100,0,0,0,0,0,100,100,0,0.000000,0,8728,0.000000,0,0,0,0,432,332,300,32,400,16528,12628,0,0,0,0,432,0,0,0,0,787,9400
463,W1,4,4,8,8,0,0,0,0,0,0,0,100,100,0,0,0,0,0,100,100,0,0.000000,0,8728,0.000000,0,0,0,0,432,332,300,32,400,16528,12628,0,0,0,0,432,0,0,0,0,789,9400
464,W1,4,4,8,8,0,0,0,0,0,0,0,100,100,100,0,0,0,0,100,100,100,100.000000,1600,8728,18.331806,10,10,10,10,432,332,300,32,400,16528,12628,0,0,0,0,432,0,0,0,0,770,9400
465,W1,4,4,8,8,0,0,0,0,0,0,0,100,100,0,0,0,0,0,100,100,0,0.000000,0,8728,0.000000,0,0,0,0,432,332,300,32,400,16528,12628,0,0,0,0,432,0,0,0,0,745,9400
466,W1,4,4,8,8,0,0,0,0,0,0,0,100,100,0,0,0,0,0,100,100,0,0.000000,0,8728,0.000000,0,0,0,0,432,332,300,32,400,16528,12628,0,0,0,0,432,0,0,0,0,734,9400
467,W1,4,4,8,8,0,0,0,0,0,0,0,100,100,0,0,0,0,0,100,100,0,0.000000,0,8728,0.000000,0,0,0,0,432,332,300,32,400,16528,12628,0,0,0,0,432,0,0,0,0,779,9400
468,W1,4,4,8,8,0,0,0,0,0,0,0,100,100,0,0,0,0,0,100,100,0,0.000000,0,8728,0.000000,0,0,0,0,432,332,300,32,400,16528,12628,0,0,0,0,432,0,0,0,0,749,9400
469,W1,4,4,8,8,0,0,0,0,0,0,0,100,100,0,0,0,0,0,100,100,0,0.000000,0,8728,0.000000,0,0,0,0,432,332,300,32,400,16528,12628,0,0,0,0,432,0,0,0,0,733,9400
470,W1,4,4,8,8,0,0,0,0,0,0,0,100,100,0,0,0,0,0,100,100,0,0.000000,0,8728,0.000000,0,0,0,0,432,332,300,32,400,16528,12628,0,0,0,0,432,0,0,0,0,779,9400
471,W1,4,4,8,8,0,0,0,0,0,0,0,100,100,0,0,0,0,0,100,100,0,0.000000,0,8728,0.000000,0,0,0,0,432,332,300,32,400,16528,12628,0,0,0,0,432,0,0,0,0,728,9400
472,W1,4,4,8,8,0,0,0,0,0,0,0,100,100,0,0,0,0,0,100,100,0,0.000000,0,8728,0.000000,0,0,0,0,432,332,300,32,400,16528,12628,0,0,0,0,432,0,0,0,0,741,9400
473,W1,4,4,8,8,0,0,0,0,0,0,0,100,100,100,0,0,0,0,100,100,100,100.000000,1600,8728,18.331806,10,10,10,10,432,332,300,32,400,16528,12628,0,0,0,0,432,0,0,0,0,737,9400
474,W1,4,4,8,8,0,0,0,0,0,0,0,100,100,0,0,0,0,0,100,100,0,0.000000,0,8728,0.000000,0,0,0,0,432,332,300,32,400,16528,12628,0,0,0,0,432,0,0,0,0,739,9400
475,W1,4,4,8,8,0,0,0,0,0,0,0,100,100,0,0,0,0,0,100,100,0,0.000000,0,8728,0.000000,0,0,0,0,432,332,300,32,400,16528,12628,0,0,0,0,432,0,0,0,0,756,9400
476,W1,4,4,8,8,0,0,0,0,0,0,0,100,100,0,0,0,0,0,100,100,0,0.000000,0,8728,0.000000,0,0,0,0,432,332,300,32,400,16528,12628,0,0,0,0,432,0,0,0,0,754,9400
477,W1,4,4,8,8,0,0,0,0,0,0,0,100,100,0,0,0,0,0,100,100,0,0.000000,0,8728,0.000000,0,0,0,0,432,332,300,32,400,16528,12628,0,0,0,0,432,0,0,0,0,760,9400
478,W1,4,4,8,8,0,0,0,0,0,0,0,100,100,0,0,0,0,0,100,100,0,0.000000,0,8728,0.000000,0,0,0,0,432,332,300,32,400,16528,12628,0,0,0,0,432,0,0,0,0,739,9400
479,W1,4,4,8,8,0,0,0,0,0,0,0,100,100,0,0,0,0,0,100,100,0,0.000000,0,8728,0.000000,0,0,0,0,432,332,300,32,400,16528,12628,0,0,0,0,432,0,0,0,0,742,9400
480,W1,4,4,8,8,0,0,0,0,0,0,0,100,100,0,0,0,0,0,100,100,0,0.000000,0,8728,0.000000,0,0,0,0,432,332,300,32,400,16528,12628,0,0,0,0,432,0,0,0,0,748,9400
481,W1,4,4,8,8,0,0,0,0,0,0,0,100,100,0,0,0,0,0,100,100,0,0.000000,0,8728,0.000000,0,0,0,0,432,332,300,32,400,16528,12628,0,0,0,0,432,0,0,0,0,776,9400
482,W1,4,4,8,8,0,0,0,0,0,0,0,100,100,100,0,0,0,0,100,100,100,100.000000,1600,8728,18.331806,10,10,10,10,432,332,300,32,400,16528,12628,0,0,0,0,432,0,0,0,0,784,9400
483,W1,4,4,8,8,0,0,0,0,0,0,0,100,100,0,0,0,0,0,100,100,0,0.000000,0,8728,0.000000,0,0,0,0,432,332,300,32,400,16528,12628,0,0,0,0,432,0,0,0,0,737,9400
484,W1,4,4,8,8,0,0,0,0,0,0,0,100,100,0,0,0,0,0,100,100,0,0.000000,0,8728,0.000000,0,0,0,0,432,332,300,32,400,16528,12628,0,0,0,0,432,0,0,0,0,751,9400
485,W1,4,4,8,8,0,0,0,0,0,0,0,100,100,0,0,0,0,0,100,100,0,0.000000,0,8728,0.000000,0,0,0,0,432,332,300,32,400,16528,12628,0,0,0,0,432,0,0,0,0,769,9400
486,W1,4,4,8,8,0,0,0,0,0,0,0,100,100,0,0,0,0,0,100,100,0,0.000000,0,8728,0.000000,0,0,0,0,432,332,300,32,400,16528,12628,0,0,0,0,432,0,0,0,0,771,9400
487,W1,4,4,8,8,0,0,0,0,0,0,0,100,100,0,0,0,0,0,100,100,0,0.000000,0,8728,0.000000,0,0,0,0,432,332,300,32,400,16528,12628,0,0,0,0,432,0,0,0,0,767,9400
488,W1,4,4,8,8,0,0,0,0,0,0,0,100,100,0,0,0,0,0,100,100,0,0.000000,0,8728,0.000000,0,0,0,0,432,332,300,32,400,16528,12628,0,0,0,0,432,0,0,0,0,756,9400
489,W1,4,4,8,8,0,0,0,0,0,0,0,100,100,0,0,0,0,0,100,100,0,0.000000,0,8728,0.000000,0,0,0,0,432,332,300,32,400,16528,12628,0,0,0,0,432,0,0,0,0,802,9400
490,W1,4,4,8,8,0,0,0,0,0,0,0,100,100,0,0,0,0,0,100,100,0,0.000000,0,8728,0.000000,0,0,0,0,432,332,300,32,400,16528,12628,0,0,0,0,432,0,0,0,0,773,9400
491,W1,4,4,8,8,0,0,0,0,0,0,0,100,100,100,0,0,0,0,100,100,100,100.000000,1600,8728,18.331806,10,10,10,10,432,332,300,32,400,16528,12628,0,0,0,0,432,0,0,0,0,782,9400
492,W1,4,4,8,8,0,0,0,0,0,0,0,100,100,0,0,0,0,0,100,100,0,0.000000,0,8728,0.000000,0,0,0,0,432,332,300,32,400,16528,12628,0,0,0,0,432,0,0,0,0,810,9400
493,W1,4,4,8,8,0,0,0,0,0,0,0,100,100,0,0,0,0,0,100,100,0,0.000000,0,8728,0.000000,0,0,0,0,432,332,300,32,400,16528,12628,0,0,0,0,432,0,0,0,0,720,9400
494,W1,4,4,8,8,0,0,0,0,0,0,0,100,100,0,0,0,0,0,100,100,0,0.000000,0,8728,0.000000,0,0,0,0,432,332,300,32,400,16528,12628,0,0,0,0,432,0,0,0,0,738,9400
495,W1,4,4,8,8,0,0,0,0,0,0,0,100,100,0,0,0,0,0,100,100,0,0.000000,0,8728,0.000000,0,0,0,0,432,332,300,32,400,16528,12628,0,0,0,0,432,0,0,0,0,763,9400
496,W1,4,4,8,8,0,0,0,0,0,0,0,100,100,0,0,0,0,0,100,100,0,0.000000,0,8728,0.000000,0,0,0,0,432,332,300,32,400,16528,12628,0,0,0,0,432,0,0,0,0,795,9400
497,W1,4,4,8,8,0,0,0,0,0,0,0,100,100,0,0,0,0,0,100,100,0,0.000000,0,8728,0.000000,0,0,0,0,432,332,300,32,400,16528,12628,0,0,0,0,432,0,0,0,0,747,9400
498,W1,4,4,8,8,0,0,0,0,0,0,0,100,100,0,0,0,0,0,100,100,0,0.000000,0,8728,0.000000,0,0,0,0,432,332,300,32,400,16528,12628,0,0,0,0,432,0,0,0,0,805,9400
499,W1,4,4,8,8,0,0,0,0,0,0,0,100,100,0,0,0,0,0,100,100,0,0.000000,0,8728,0.000000,0,0,0,0,432,332,300,32,400,16528,12628,0,0,0,0,432,0,0,0,0,773,9400
500,W1,4,4,8,8,0,0,0,0,0,0,0,100,100,100,0,0,0,0,100,100,100,100.000000,1600,8728,18.331806,10,10,10,10,432,332,300,32,400,16528,12628,0,0,0,0,432,0,0,0,0,746,9400
501,W1,4,4,8,8,0,0,0,0,0,0,0,100,100,0,0,0,0,0,100,100,0,0.000000,0,8728,0.000000,0,0,0,0,432,332,300,32,400,16528,12628,0,0,0,0,432,0,0,0,0,786,9400
502,W1,4,4,8,8,0,0,0,0,0,0,0,100,100,0,0,0,0,0,100,100,0,0.000000,0,8728,0.000000,0,0,0,0,432,332,300,32,400,16528,12628,0,0,0,0,432,0,0,0,0,761,9400
503,W1,4,4,8,8,0,0,0,0,0,0,0,100,100,0,0,0,0,0,100,100,0,0.000000,0,8728,0.000000,0,0,0,0,432,332,300,32,400,16528,12628,0,0,0,0,432,0,0,0,0,759,9400
504,W1,4,4,8,8,0,0,0,0,0,0,0,100,100,0,0,0,0,0,100,100,0,0.000000,0,8728,0.000000,0,0,0,0,432,332,300,32,400,16528,12628,0,0,0,0,432,0,0,0,0,783,9400
505,W1,4,4,8,8,0,0,0,0,0,0,0,100,100,0,0,0,0,0,100,100,0,0.000000,0,8728,0.000000,0,0,0,0,432,332,300,32,400,16528,12628,0,0,0,0,432,0,0,0,0,753,9400
506,W1,4,4,8,8,0,0,0,0,0,0,0,100,100,0,0,0,0,0,100,100,0,0.000000,0,8728,0.000000,0,0,0,0,432,332,300,32,400,16528,12628,0,0,0,0,432,0,0,0,0,761,9400
507,W1,4,4,8,8,0,0,0,0,0,0,0,100,100,0,0,0,0,0,100,100,0,0.000000,0,8728,0.000000,0,0,0,0,432,332,300,32,400,16528,12628,0,0,0,0,432,0,0,0,0,800,9400
508,W1,4,4,8,8,0,0,0,0,0,0,0,100,100,0,0,0,0,0,100,100,0,0.000000,0,8728,0.000000,0,0,0,0,432,332,300,32,400,16528,12628,0,0,0,0,432,0,0,0,0,760,9400
509,W1,4,4,8,8,0,0,0,0,0,0,0,100,100,100,0,0,0,0,100,100,100,100.000000,1600,8728,18.331806,10,10,10,10,432,332,300,32,400,16528,12628,0,0,0,0,432,0,0,0,0,760,9400
510,W1,4,4,8,8,0,0,0,0,0,0,0,100,100,0,0,0,0,0,100,100,0,0.000000,0,8728,0.000000,0,0,0,0,432,332,300,32,400,16528,12628,0,0,0,0,432,0,0,0,0,765,9400
511,W1,4,4,8,8,0,0,0,0,0,0,0,100,100,0,0,0,0,0,100,100,0,0.000000,0,8728,0.000000,0,0,0,0,432,332,300,32,400,16528,12628,0,0,0,0,432,0,0,0,0,789,9400
512,W1,4,4,8,8,0,0,0,0,0,0,0,100,100,0,0,0,0,0,100,100,0,0.000000,0,8728,0.000000,0,0,0,0,432,332,300,32,400,16528,12628,0,0,0,0,432,0,0,0,0,846,9400
513,W1,4,4,8,8,0,0,0,0,0,0,0,100,100,0,0,0,0,0,100,100,0,0.000000,0,8728,0.000000,0,0,0,0,432,332,300,32,400,16528,12628,0,0,0,0,432,0,0,0,0,749,9400
514,W1,4,4,8,8,0,0,0,0,0,0,0,100,100,0,0,0,0,0,100,100,0,0.000000,0,8728,0.000000,0,0,0,0,432,332,300,32,400,16528,12628,0,0,0,0,432,0,0,0,0,740,9400
515,W1,4,4,8,8,0,0,0,0,0,0,0,100,100,0,0,0,0,0,100,100,0,0.000000,0,8728,0.000000,0,0,0,0,432,332,300,32,400,16528,12628,0,0,0,0,432,0,0,0,0,779,9400
516,W1,4,4,8,8,0,0,0,0,0,0,0,100,100,0,0,0,0,0,100,100,0,0.000000,0,8728,0.000000,0,0,0,0,432,332,300,32,400,16528,12628,0,0,0,0,432,0,0,0,0,757,9400
517,W1,4,4,8,8,0,0,0,0,0,0,0,100,100,0,0,0,0,0,100,100,0,0.000000,0,8728,0.000000,0,0,0,0,432,332,300,32,400,16528,12628,0,0,0,0,432,0,0,0,0,727,9400
518,W1,4,4,8,8,0,0,0,0,0,0,0,100,100,100,0,0,0,0,100,100,100,100.000000,1600,8728,18.331806,10,10,10,10,432,332,300,32,400,16528,12628,0,0,0,0,432,0,0,0,0,755,9400
519,W1,4,4,8,8,0,0,0,0,0,0,0,100,100,0,0,0,0,0,100,100,0,0.000000,0,8728,0.000000,0,0,0,0,432,332,300,32,400,16528,12628,0,0,0,0,432,0,0,0,0,739,9400
520,W1,4,4,8,8,0,0,0,0,0,0,0,100,100,0,0,0,0,0,100,100,0,0.000000,0,8728,0.000000,0,0,0,0,432,332,300,32,400,16528,12628,0,0,0,0,432,0,0,0,0,778,9400
521,W1,4,4,8,8,0,0,0,0,0,0,0,100,100,0,0,0,0,0,100,100,0,0.000000,0,8728,0.000000,0,0,0,0,432,332,300,32,400,16528,12628,0,0,0,0,432,0,0,0,0,748,9400
522,W1,4,4,8,8,0,0,0,0,0,0,0,100,100,0,0,0,0,0,100,100,0,0.000000,0,8728,0.000000,0,0,0,0,432,332,300,32,400,16528,12628,0,0,0,0,432,0,0,0,0,739,9400
523,W1,4,4,8,8,0,0,0,0,0,0,0,100,100,0,0,0,0,0,100,100,0,0.000000,0,8728,0.000000,0,0,0,0,432,332,300,32,400,16528,12628,0,0,0,0,432,0,0,0,0,790,9400
524,W1,4,4,8,8,0,0,0,0,0,0,0,100,100,0,0,0,0,0,100,100,0,0.000000,0,8728,0.000000,0,0,0,0,432,332,300,32,400,16528,12628,0,0,0,0,432,0,0,0,0,738,9400
525,W1,4,4,8,8,0,0,0,0,0,0,0,100,100,0,0,0,0,0,100,100,0,0.000000,0,8728,0.000000,0,0,0,0,432,332,300,32,400,16528,12628,0,0,0,0,432,0,0,0,0,745,9400
526,W1,4,4,8,8,0,0,0,0,0,0,0,100,100,0,0,0,0,0,100,100,0,0.000000,0,8728,0.000000,0,0,0,0,432,332,300,32,400,16528,12628,0,0,0,0,432,0,0,0,0,793,9400
527,W1,4,4,8,8,0,0,0,0,0,0,0,100,100,100,0,0,0,0,100,100,100,100.000000,1600,8728,18.331806,10,10,10,10,432,332,300,32,400,16528,12628,0,0,0,0,432,0,0,0,0,754,9400
528,W1,4,4,8,8,0,0,0,0,0,0,0,100,100,0,0,0,0,0,100,100,0,0.000000,0,8728,0.000000,0,0,0,0,432,332,300,32,400,16528,12628,0,0,0,0,432,0,0,0,0,739,9400
529,W1,4,4,8,8,0,0,0,0,0,0,0,100,100,0,0,0,0,0,100,100,0,0.000000,0,8728,0.000000,0,0,0,0,432,332,300,32,400,16528,12628,0,0,0,0,432,0,0,0,0,800,9400
530,W1,4,4,8,8,0,0,0,0,0,0,0,100,100,0,0,0,0,0,100,100,0,0.000000,0,8728,0.000000,0,0,0,0,432,332,300,32,400,16528,12628,0,0,0,0,432,0,0,0,0,755,9400
531,W1,4,4,8,8,0,0,0,0,0,0,0,100,100,0,0,0,0,0,100,100,0,0.000000,0,8728,0.000000,0,0,0,0,432,332,300,32,400,16528,12628,0,0,0,0,432,0,0,0,0,822,9400
532,W1,4,4,8,8,0,0,0,0,0,0,0,100,100,0,0,0,0,0,100,100,0,0.000000,0,8728,0.000000,0,0,0,0,432,332,300,32,400,16528,12628,0,0,0,0,432,0,0,0,0,756,9400
533,W1,4,4,8,8,0,0,0,0,0,0,0,100,100,0,0,0,0,0,100,100,0,0.000000,0,8728,0.000000,0,0,0,0,432,332,300,32,400,16528,12628,0,0,0,0,432,0,0,0,0,717,9400
534,W1,4,4,8,8,0,0,0,0,0,0,0,100,100,0,0,0,0,0,100,100,0,0.000000,0,8728,0.000000,0,0,0,0,432,332,300,32,400,16528,12628,0,0,0,0,432,0,0,0,0,762,9400
535,W1,4,4,8,8,0,0,0,0,0,0,0,100,100,0,0,0,0,0,100,100,0,0.000000,0,8728,0.000000,0,0,0,0,432,332,300,32,400,16528,12628,0,0,0,0,432,0,0,0,0,742,9400
536,W1,4,4,8,8,0,0,0,0,0,0,0,100,100,100,0,0,0,0,100,100,100,100.000000,1600,8728,18.331806,10,10,10,10,432,332,300,32,400,16528,12628,0,0,0,0,432,0,0,0,0,767,9400
537,W1,4,4,8,8,0,0,0,0,0,0,0,100,100,0,0,0,0,0,100,100,0,0.000000,0,8728,0.000000,0,0,0,0,432,332,300,32,400,16528,12628,0,0,0,0,432,0,0,0,0,770,9400
538,W1,4,4,8,8,0,0,0,0,0,0,0,100,100,0,0,0,0,0,100,100,0,0.000000,0,8728,0.000000,0,0,0,0,432,332,300,32,400,16528,12628,0,0,0,0,432,0,0,0,0,801,9400
539,W1,4,4,8,8,0,0,0,0,0,0,0,100,100,0,0,0,0,0,100,100,0,0.000000,0,8728,0.000000,0,0,0,0,432,332,300,32,400,16528,12628,0,0,0,0,432,0,0,0,0,770,9400
540,W1,4,4,8,8,0,0,0,0,0,0,0,100,100,0,0,0,0,0,100,100,0,0.000000,0,8728,0.000000,0,0,0,0,432,332,300,32,400,16528,12628,0,0,0,0,432,0,0,0,0,802,9400
541,W1,4,4,8,8,0,0,0,0,0,0,0,100,100,0,0,0,0,0,100,100,0,0.000000,0,8728,0.000000,0,0,0,0,432,332,300,32,400,16528,12628,0,0,0,0,432,0,0,0,0,753,9400
542,W1,4,4,8,8,0,0,0,0,0,0,0,100,100,0,0,0,0,0,100,100,0,0.000000,0,8728,0.000000,0,0,0,0,432,332,300,32,400,16528,12628,0,0,0,0,432,0,0,0,0,744,9400
543,W1,4,4,8,8,0,0,0,0,0,0,0,100,100,0,0,0,0,0,100,100,0,0.000000,0,8728,0.000000,0,0,0,0,432,332,300,32,400,16528,12628,0,0,0,0,432,0,0,0,0,825,9400
544,W1,4,4,8,8,0,0,0,0,0,0,0,100,100,0,0,0,0,0,100,100,0,0.000000,0,8728,0.000000,0,0,0,0,432,332,300,32,400,16528,12628,0,0,0,0,432,0,0,0,0,776,9400
545,W1,4,4,8,8,0,0,0,0,0,0,0,100,100,100,0,0,0,0,100,100,100,100.000000,1600,8728,18.331806,10,10,10,10,432,332,300,32,400,16528,12628,0,0,0,0,432,0,0,0,0,799,9400
546,W1,4,4,8,8,0,0,0,0,0,0,0,100,100,0,0,0,0,0,100,100,0,0.000000,0,8728,0.000000,0,0,0,0,432,332,300,32,400,16528,12628,0,0,0,0,432,0,0,0,0,814,9400
547,W1,4,4,8,8,0,0,0,0,0,0,0,100,100,0,0,0,0,0,100,100,0,0.000000,0,8728,0.000000,0,0,0,0,432,332,300,32,400,16528,12628,0,0,0,0,432,0,0,0,0,744,9400
548,W1,4,4,8,8,0,0,0,0,0,0,0,100,100,0,0,0,0,0,100,100,0,0.000000,0,8728,0.000000,0,0,0,0,432,332,300,32,400,16528,12628,0,0,0,0,432,0,0,0,0,784,9400
549,W1,4,4,8,8,0,0,0,0,0,0,0,100,100,0,0,0,0,0,100,100,0,0.000000,0,8728,0.000000,0,0,0,0,432,332,300,32,400,16528,12628,0,0,0,0,432,0,0,0,0,725,9400
550,W1,4,4,8,8,0,0,0,0,0,0,0,100,100,0,0,0,0,0,100,100,0,0.000000,0,8728,0.000000,0,0,0,0,432,332,300,32,400,16528,12628,0,0,0,0,432,0,0,0,0,753,9400
551,W1,4,4,8,8,0,0,0,0,0,0,0,100,100,0,0,0,0,0,100,100,0,0.000000,0,8728,0.000000,0,0,0,0,432,332,300,32,400,16528,12628,0,0,0,0,432,0,0,0,0,777,9400
552,W1,4,4,8,8,0,0,0,0,0,0,0,100,100,0,0,0,0,0,100,100,0,0.000000,0,8728,0.000000,0,0,0,0,432,332,300,32,400,16528,12628,0,0,0,0,432,0,0,0,0,747,9400
553,W1,4,4,8,8,0,0,0,0,0,0,0,100,100,0,0,0,0,0,100,100,0,0.000000,0,8728,0.000000,0,0,0,0,432,332,300,32,400,16528,12628,0,0,0,0,432,0,0,0,0,737,9400
554,W1,4,4,8,8,0,0,0,0,0,0,0,100,100,100,0,0,0,0,100,100,100,100.000000,1600,8728,18.331806,10,10,10,10,432,332,300,32,400,16528,12628,0,0,0,0,432,0,0,0,0,726,9400
555,W1,4,4,8,8,0,0,0,0,0,0,0,100,100,0,0,0,0,0,100,100,0,0.000000,0,8728,0.000000,0,0,0,0,432,332,300,32,400,16528,12628,0,0,0,0,432,0,0,0,0,727,9400
556,W1,4,4,8,8,0,0,0,0,0,0,0,100,100,0,0,0,0,0,100,100,0,0.000000,0,8728,0.000000,0,0,0,0,432,332,300,32,400,16528,12628,0,0,0,0,432,0,0,0,0,746,9400
557,W1,4,4,8,8,0,0,0,0,0,0,0,100,100,0,0,0,0,0,100,100,0,0.000000,0,8728,0.000000,0,0,0,0,432,332,300,32,400,16528,12628,0,0,0,0,432,0,0,0,0,754,9400
558,W1,4,4,8,8,0,0,0,0,0,0,0,100,100,0,0,0,0,0,100,100,0,0.000000,0,8728,0.000000,0,0,0,0,432,332,300,32,400,16528,12628,0,0,0,0,432,0,0,0,0,718,9400
559,W1,4,4,8,8,0,0,0,0,0,0,0,100,100,0,0,0,0,0,100,100,0,0.000000,0,8728,0.000000,0,0,0,0,432,332,300,32,400,16528,12628,0,0,0,0,432,0,0,0,0,734,9400
560,W1,4,4,8,8,0,0,0,0,0,0,0,100,100,0,0,0,0,0,100,100,0,0.000000,0,8728,0.000000,0,0,0,0,432,332,300,32,400,16528,12628,0,0,0,0,432,0,0,0,0,735,9400
561,W1,4,4,8,8,0,0,0,0,0,0,0,100,100,0,0,0,0,0,100,100,0,0.000000,0,8728,0.000000,0,0,0,0,432,332,300,32,400,16528,12628,0,0,0,0,432,0,0,0,0,747,9400
562,W1,4,4,8,8,0,0,0,0,0,0,0,100,100,0,0,0,0,0,100,100,0,0.000000,0,8728,0.000000,0,0,0,0,432,332,300,32,400,16528,12628,0,0,0,0,432,0,0,0,0,761,9400
563,W1,4,4,8,8,0,0,0,0,0,0,0,100,100,100,0,0,0,0,100,100,100,100.000000,1600,8728,18.331806,10,10,10,10,432,332,300,32,400,16528,12628,0,0,0,0,432,0,0,0,0,732,9400
564,W1,4,4,8,8,0,0,0,0,0,0,0,100,100,0,0,0,0,0,100,100,0,0.000000,0,8728,0.000000,0,0,0,0,432,332,300,32,400,16528,12628,0,0,0,0,432,0,0,0,0,760,9400
565,W1,4,4,8,8,0,0,0,0,0,0,0,100,100,0,0,0,0,0,100,100,0,0.000000,0,8728,0.000000,0,0,0,0,432,332,300,32,400,16528,12628,0,0,0,0,432,0,0,0,0,745,9400
566,W1,4,4,8,8,0,0,0,0,0,0,0,100,100,0,0,0,0,0,100,100,0,0.000000,0,8728,0.000000,0,0,0,0,432,332,300,32,400,16528,12628,0,0,0,0,432,0,0,0,0,781,9400
567,W1,4,4,8,8,0,0,0,0,0,0,0,100,100,0,0,0,0,0,100,100,0,0.000000,0,8728,0.000000,0,0,0,0,432,332,300,32,400,16528,12628,0,0,0,0,432,0,0,0,0,737,9400
568,W1,4,4,8,8,0,0,0,0,0,0,0,100,100,0,0,0,0,0,100,100,0,0.000000,0,8728,0.000000,0,0,0,0,432,332,300,32,400,16528,12628,0,0,0,0,432,0,0,0,0,740,9400
569,W1,4,4,8,8,0,0,0,0,0,0,0,100,100,0,0,0,0,0,100,100,0,0.000000,0,8728,0.000000,0,0,0,0,432,332,300,32,400,16528,12628,0,0,0,0,432,0,0,0,0,726,9400
570,W1,4,4,8,8,0,0,0,0,0,0,0,100,100,0,0,0,0,0,100,100,0,0.000000,0,8728,0.000000,0,0,0,0,432,332,300,32,400,16528,12628,0,0,0,0,432,0,0,0,0,726,9400
571,W1,4,4,8,8,0,0,0,0,0,0,0,100,100,0,0,0,0,0,100,100,0,0.000000,0,8728,0.000000,0,0,0,0,432,332,300,32,400,16528,12628,0,0,0,0,432,0,0,0,0,763,9400
572,W1,4,4,8,8,0,0,0,0,0,0,0,100,100,100,0,0,0,0,100,100,100,100.000000,1600,8728,18.331806,10,10,10,10,432,332,300,32,400,16528,12628,0,0,0,0,432,0,0,0,0,728,9400
573,W1,4,4,8,8,0,0,0,0,0,0,0,100,100,0,0,0,0,0,100,100,0,0.000000,0,8728,0.000000,0,0,0,0,432,332,300,32,400,16528,12628,0,0,0,0,432,0,0,0,0,726,9400
574,W1,4,4,8,8,0,0,0,0,0,0,0,100,100,0,0,0,0,0,100,100,0,0.000000,0,8728,0.000000,0,0,0,0,432,332,300,32,400,16528,12628,0,0,0,0,432,0,0,0,0,734,9400
575,W1,4,4,8,8,0,0,0,0,0,0,0,100,100,0,0,0,0,0,100,100,0,0.000000,0,8728,0.000000,0,0,0,0,432,332,300,32,400,16528,12628,0,0,0,0,432,0,0,0,0,754,9400
576,W1,4,4,8,8,0,0,0,0,0,0,0,100,100,0,0,0,0,0,100,100,0,0.000000,0,8728,0.000000,0,0,0,0,432,332,300,32,400,16528,12628,0,0,0,0,432,0,0,0,0,731,9400
577,W1,4,4,8,8,0,0,0,0,0,0,0,100,100,0,0,0,0,0,100,100,0,0.000000,0,8728,0.000000,0,0,0,0,432,332,300,32,400,16528,12628,0,0,0,0,432,0,0,0,0,749,9400
578,W1,4,4,8,8,0,0,0,0,0,0,0,100,100,0,0,0,0,0,100,100,0,0.000000,0,8728,0.000000,0,0,0,0,432,332,300,32,400,16528,12628,0,0,0,0,432,0,0,0,0,730,9400
579,W1,4,4,8,8,0,0,0,0,0,0,0,100,100,0,0,0,0,0,100,100,0,0.000000,0,8728,0.000000,0,0,0,0,432,332,300,32,400,16528,12628,0,0,0,0,432,0,0,0,0,757,9400
580,W1,4,4,8,8,0,0,0,0,0,0,0,100,100,0,0,0,0,0,100,100,0,0.000000,0,8728,0.000000,0,0,0,0,432,332,300,32,400,16528,12628,0,0,0,0,432,0,0,0,0,803,9400
581,W1,4,4,8,8,0,0,0,0,0,0,0,100,100,100,0,0,0,0,100,100,100,100.000000,1600,8728,18.331806,10,10,10,10,432,332,300,32,400,16528,12628,0,0,0,0,432,0,0,0,0,741,9400
582,W1,4,4,8,8,0,0,0,0,0,0,0,100,100,0,0,0,0,0,100,100,0,0.000000,0,8728,0.000000,0,0,0,0,432,332,300,32,400,16528,12628,0,0,0,0,432,0,0,0,0,724,9400
583,W1,4,4,8,8,0,0,0,0,0,0,0,100,100,0,0,0,0,0,100,100,0,0.000000,0,8728,0.000000,0,0,0,0,432,332,300,32,400,16528,12628,0,0,0,0,432,0,0,0,0,753,9400
584,W1,4,4,8,8,0,0,0,0,0,0,0,100,100,0,0,0,0,0,100,100,0,0.000000,0,8728,0.000000,0,0,0,0,432,332,300,32,400,16528,12628,0,0,0,0,432,0,0,0,0,769,9400
585,W1,4,4,8,8,0,0,0,0,0,0,0,100,100,0,0,0,0,0,100,100,0,0.000000,0,8728,0.000000,0,0,0,0,432,332,300,32,400,16528,12628,0,0,0,0,432,0,0,0,0,722,9400
586,W1,4,4,8,8,0,0,0,0,0,0,0,100,100,0,0,0,0,0,100,100,0,0.000000,0,8728,0.000000,0,0,0,0,432,332,300,32,400,16528,12628,0,0,0,0,432,0,0,0,0,817,9400
587,W1,4,4,8,8,0,0,0,0,0,0,0,100,100,0,0,0,0,0,100,100,0,0.000000,0,8728,0.000000,0,0,0,0,432,332,300,32,400,16528,12628,0,0,0,0,432,0,0,0,0,764,9400
588,W1,4,4,8,8,0,0,0,0,0,0,0,100,100,0,0,0,0,0,100,100,0,0.000000,0,8728,0.000000,0,0,0,0,432,332,300,32,400,16528,12628,0,0,0,0,432,0,0,0,0,749,9400
589,W1,4,4,8,8,0,0,0,0,0,0,0,100,100,0,0,0,0,0,100,100,0,0.000000,0,8728,0.000000,0,0,0,0,432,332,300,32,400,16528,12628,0,0,0,0,432,0,0,0,0,776,9400
590,W1,4,4,8,8,0,0,0,0,0,0,0,100,100,100,0,0,0,0,100,100,100,100.000000,1600,8728,18.331806,10,10,10,10,432,332,300,32,400,16528,12628,0,0,0,0,432,0,0,0,0,813,9400
591,W1,4,4,8,8,0,0,0,0,0,0,0,100,100,0,0,0,0,0,100,100,0,0.000000,0,8728,0.000000,0,0,0,0,432,332,300,32,400,16528,12628,0,0,0,0,432,0,0,0,0,728,9400
592,W1,4,4,8,8,0,0,0,0,0,0,0,100,100,0,0,0,0,0,100,100,0,0.000000,0,8728,0.000000,0,0,0,0,432,332,300,32,400,16528,12628,0,0,0,0,432,0,0,0,0,802,9400
593,W1,4,4,8,8,0,0,0,0,0,0,0,100,100,0,0,0,0,0,100,100,0,0.000000,0,8728,0.000000,0,0,0,0,432,332,300,32,400,16528,12628,0,0,0,0,432,0,0,0,0,748,9400
594,W1,4,4,8,8,0,0,0,0,0,0,0,100,100,0,0,0,0,0,100,100,0,0.000000,0,8728,0.000000,0,0,0,0,432,332,300,32,400,16528,12628,0,0,0,0,432,0,0,0,0,735,9400
595,W1,4,4,8,8,0,0,0,0,0,0,0,100,100,0,0,0,0,0,100,100,0,0.000000,0,8728,0.000000,0,0,0,0,432,332,300,32,400,16528,12628,0,0,0,0,432,0,0,0,0,764,9400
596,W1,4,4,8,8,0,0,0,0,0,0,0,100,100,0,0,0,0,0,100,100,0,0.000000,0,8728,0.000000,0,0,0,0,432,332,300,32,400,16528,12628,0,0,0,0,432,0,0,0,0,787,9400
597,W1,4,4,8,8,0,0,0,0,0,0,0,100,100,0,0,0,0,0,100,100,0,0.000000,0,8728,0.000000,0,0,0,0,432,332,300,32,400,16528,12628,0,0,0,0,432,0,0,0,0,790,9400
598,W1,4,4,8,8,0,0,0,0,0,0,0,100,100,0,0,0,0,0,100,100,0,0.000000,0,8728,0.000000,0,0,0,0,432,332,300,32,400,16528,12628,0,0,0,0,432,0,0,0,0,821,9400
599,W1,4,4,8,8,0,0,0,0,0,0,0,100,100,100,0,0,0,0,100,100,100,100.000000,1600,8728,18.331806,10,10,10,10,432,332,300,32,400,16528,12628,0,0,0,0,432,0,0,0,0,749,9400
600,W1,4,4,8,8,0,0,0,0,0,0,0,100,100,0,0,0,0,0,100,100,0,0.000000,0,8728,0.000000,0,0,0,0,432,332,300,32,400,16528,12628,0,0,0,0,432,0,0,0,0,757,9400
601,W1,4,4,8,8,0,0,0,0,0,0,0,100,100,0,0,0,0,0,100,100,0,0.000000,0,8728,0.000000,0,0,0,0,432,332,300,32,400,16528,12628,0,0,0,0,432,0,0,0,0,809,9400
602,W1,4,4,8,8,0,0,0,0,0,0,0,100,100,0,0,0,0,0,100,100,0,0.000000,0,8728,0.000000,0,0,0,0,432,332,300,32,400,16528,12628,0,0,0,0,432,0,0,0,0,794,9400
603,W1,4,4,8,8,0,0,0,0,0,0,0,100,100,0,0,0,0,0,100,100,0,0.000000,0,8728,0.000000,0,0,0,0,432,332,300,32,400,16528,12628,0,0,0,0,432,0,0,0,0,748,9400
604,W1,4,4,8,8,0,0,0,0,0,0,0,100,100,0,0,0,0,0,100,100,0,0.000000,0,8728,0.000000,0,0,0,0,432,332,300,32,400,16528,12628,0,0,0,0,432,0,0,0,0,786,9400
605,W1,4,4,8,8,0,0,0,0,0,0,0,100,100,0,0,0,0,0,100,100,0,0.000000,0,8728,0.000000,0,0,0,0,432,332,300,32,400,16528,12628,0,0,0,0,432,0,0,0,0,734,9400
606,W1,4,4,8,8,0,0,0,0,0,0,0,100,100,0,0,0,0,0,100,100,0,0.000000,0,8728,0.000000,0,0,0,0,432,332,300,32,400,16528,12628,0,0,0,0,432,0,0,0,0,761,9400
607,W1,4,4,8,8,0,0,0,0,0,0,0,100,100,0,0,0,0,0,100,100,0,0.000000,0,8728,0.000000,0,0,0,0,432,332,300,32,400,16528,12628,0,0,0,0,432,0,0,0,0,774,9400
608,W1,4,4,8,8,0,0,0,0,0,0,0,100,100,100,0,0,0,0,100,100,100,100.000000,1600,8728,18.331806,10,10,10,10,432,332,300,32,400,16528,12628,0,0,0,0,432,0,0,0,0,782,9400
609,W1,4,4,8,8,0,0,0,0,0,0,0,100,100,0,0,0,0,0,100,100,0,0.000000,0,8728,0.000000,0,0,0,0,432,332,300,32,400,16528,12628,0,0,0,0,432,0,0,0,0,807,9400
610,W1,4,4,8,8,0,0,0,0,0,0,0,100,100,0,0,0,0,0,100,100,0,0.000000,0,8728,0.000000,0,0,0,0,432,332,300,32,400,16528,12628,0,0,0,0,432,0,0,0,0,774,9400
611,W1,4,4,8,8,0,0,0,0,0,0,0,100,100,0,0,0,0,0,100,100,0,0.000000,0,8728,0.000000,0,0,0,0,432,332,300,32,400,16528,12628,0,0,0,0,432,0,0,0,0,744,9400
612,W1,4,4,8,8,0,0,0,0,0,0,0,100,100,0,0,0,0,0,100,100,0,0.000000,0,8728,0.000000,0,0,0,0,432,332,300,32,400,16528,12628,0,0,0,0,432,0,0,0,0,726,9400
613,W1,4,4,8,8,0,0,0,0,0,0,0,100,100,0,0,0,0,0,100,100,0,0.000000,0,8728,0.000000,0,0,0,0,432,332,300,32,400,16528,12628,0,0,0,0,432,0,0,0,0,760,9400
614,W1,4,4,8,8,0,0,0,0,0,0,0,100,100,0,0,0,0,0,100,100,0,0.000000,0,8728,0.000000,0,0,0,0,432,332,300,32,400,16528,12628,0,0,0,0,432,0,0,0,0,752,9400
615,W1,4,4,8,8,0,0,0,0,0,0,0,100,100,0,0,0,0,0,100,100,0,0.000000,0,8728,0.000000,0,0,0,0,432,332,300,32,400,16528,12628,0,0,0,0,432,0,0,0,0,769,9400
616,W1,4,4,8,8,0,0,0,0,0,0,0,100,100,0,0,0,0,0,100,100,0,0.000000,0,8728,0.000000,0,0,0,0,432,332,300,32,400,16528,12628,0,0,0,0,432,0,0,0,0,802,9400
617,W1,4,4,8,8,0,0,0,0,0,0,0,100,100,100,0,0,0,0,100,100,100,100.000000,1600,8728,18.331806,10,10,10,10,432,332,300,32,400,16528,12628,0,0,0,0,432,0,0,0,0,724,9400
618,W1,4,4,8,8,0,0,0,0,0,0,0,100,100,0,0,0,0,0,100,100,0,0.000000,0,8728,0.000000,0,0,0,0,432,332,300,32,400,16528,12628,0,0,0,0,432,0,0,0,0,766,9400
619,W1,4,4,8,8,0,0,0,0,0,0,0,100,100,0,0,0,0,0,100,100,0,0.000000,0,8728,0.000000,0,0,0,0,432,332,300,32,400,16528,12628,0,0,0,0,432,0,0,0,0,777,9400
620,W1,4,4,8,8,0,0,0,0,0,0,0,100,100,0,0,0,0,0,100,100,0,0.000000,0,8728,0.000000,0,0,0,0,432,332,300,32,400,16528,12628,0,0,0,0,432,0,0,0,0,728,9400
621,W1,4,4,8,8,0,0,0,0,0,0,0,100,100,0,0,0,0,0,100,100,0,0.000000,0,8728,0.000000,0,0,0,0,432,332,300,32,400,16528,12628,0,0,0,0,432,0,0,0,0,743,9400
622,W1,4,4,8,8,0,0,0,0,0,0,0,100,100,0,0,0,0,0,100,100,0,0.000000,0,8728,0.000000,0,0,0,0,432,332,300,32,400,16528,12628,0,0,0,0,432,0,0,0,0,731,9400
623,W1,4,4,8,8,0,0,0,0,0,0,0,100,100,0,0,0,0,0,100,100,0,0.000000,0,8728,0.000000,0,0,0,0,432,332,300,32,400,16528,12628,0,0,0,0,432,0,0,0,0,734,9400
624,W1,4,4,8,8,0,0,0,0,0,0,0,100,100,0,0,0,0,0,100,100,0,0.000000,0,8728,0.000000,0,0,0,0,432,332,300,32,400,16528,12628,0,0,0,0,432,0,0,0,0,744,9400
625,W1,4,4,8,8,0,0,0,0,0,0,0,100,100,0,0,0,0,0,100,100,0,0.000000,0,8728,0.000000,0,0,0,0,432,332,300,32,400,16528,12628,0,0,0,0,432,0,0,0,0,801,9400
626,W1,4,4,8,8,0,0,0,0,0,0,0,100,100,100,0,0,0,0,100,100,100,100.000000,1600,8728,18.331806,10,10,10,10,432,332,300,32,400,16528,12628,0,0,0,0,432,0,0,0,0,725,9400
627,W1,4,4,8,8,0,0,0,0,0,0,0,100,100,0,0,0,0,0,100,100,0,0.000000,0,8728,0.000000,0,0,0,0,432,332,300,32,400,16528,12628,0,0,0,0,432,0,0,0,0,738,9400
628,W1,4,4,8,8,0,0,0,0,0,0,0,100,100,0,0,0,0,0,100,100,0,0.000000,0,8728,0.000000,0,0,0,0,432,332,300,32,400,16528,12628,0,0,0,0,432,0,0,0,0,745,9400
629,W1,4,4,8,8,0,0,0,0,0,0,0,100,100,0,0,0,0,0,100,100,0,0.000000,0,8728,0.000000,0,0,0,0,432,332,300,32,400,16528,12628,0,0,0,0,432,0,0,0,0,737,9400
630,W1,4,4,8,8,0,0,0,0,0,0,0,100,100,0,0,0,0,0,100,100,0,0.000000,0,8728,0.000000,0,0,0,0,432,332,300,32,400,16528,12628,0,0,0,0,432,0,0,0,0,773,9400
631,W1,4,4,8,8,0,0,0,0,0,0,0,100,100,0,0,0,0,0,100,100,0,0.000000,0,8728,0.000000,0,0,0,0,432,332,300,32,400,16528,12628,0,0,0,0,432,0,0,0,0,743,9400
632,W1,4,4,8,8,0,0,0,0,0,0,0,100,100,0,0,0,0,0,100,100,0,0.000000,0,8728,0.000000,0,0,0,0,432,332,300,32,400,16528,12628,0,0,0,0,432,0,0,0,0,746,9400
633,W1,4,4,8,8,0,0,0,0,0,0,0,100,100,0,0,0,0,0,100,100,0,0.000000,0,8728,0.000000,0,0,0,0,432,332,300,32,400,16528,12628,0,0,0,0,432,0,0,0,0,760,9400
634,W1,4,4,8,8,0,0,0,0,0,0,0,100,100,0,0,0,0,0,100,100,0,0.000000,0,8728,0.000000,0,0,0,0,432,332,300,32,400,16528,12628,0,0,0,0,432,0,0,0,0,778,9400
635,W1,4,4,8,8,0,0,0,0,0,0,0,100,100,100,0,0,0,0,100,100,100,100.000000,1600,8728,18.331806,10,10,10,10,432,332,300,32,400,16528,12628,0,0,0,0,432,0,0,0,0,766,9400
636,W1,4,4,8,8,0,0,0,0,0,0,0,100,100,0,0,0,0,0,100,100,0,0.000000,0,8728,0.000000,0,0,0,0,432,332,300,32,400,16528,12628,0,0,0,0,432,0,0,0,0,825,9400
637,W1,4,4,8,8,0,0,0,0,0,0,0,100,100,0,0,0,0,0,100,100,0,0.000000,0,8728,0.000000,0,0,0,0,432,332,300,32,400,16528,12628,0,0,0,0,432,0,0,0,0,739,9400
638,W1,4,4,8,8,0,0,0,0,0,0,0,100,100,0,0,0,0,0,100,100,0,0.000000,0,8728,0.000000,0,0,0,0,432,332,300,32,400,16528,12628,0,0,0,0,432,0,0,0,0,768,9400
639,W1,4,4,8,8,0,0,0,0,0,0,0,100,100,0,0,0,0,0,100,100,0,0.000000,0,8728,0.000000,0,0,0,0,432,332,300,32,400,16528,12628,0,0,0,0,432,0,0,0,0,750,9400
640,W1,4,4,8,8,0,0,0,0,0,0,0,100,100,0,0,0,0,0,100,100,0,0.000000,0,8728,0.000000,0,0,0,0,432,332,300,32,400,16528,12628,0,0,0,0,432,0,0,0,0,753,9400
641,W1,4,4,8,8,0,0,0,0,0,0,0,100,100,0,0,0,0,0,100,100,0,0.000000,0,8728,0.000000,0,0,0,0,432,332,300,32,400,16528,12628,0,0,0,0,432,0,0,0,0,738,9400
642,W1,4,4,8,8,0,0,0,0,0,0,0,100,100,0,0,0,0,0,100,100,0,0.000000,0,8728,0.000000,0,0,0,0,432,332,300,32,400,16528,12628,0,0,0,0,432,0,0,0,0,740,9400
643,W1,4,4,8,8,0,0,0,0,0,0,0,100,100,0,0,0,0,0,100,100,0,0.000000,0,8728,0.000000,0,0,0,0,432,332,300,32,400,16528,12628,0,0,0,0,432,0,0,0,0,728,9400
644,W1,4,4,8,8,0,0,0,0,0,0,0,100,100,100,0,0,0,0,100,100,100,100.000000,1600,8728,18.331806,10,10,10,10,432,332,300,32,400,16528,12628,0,0,0,0,432,0,0,0,0,832,9400
645,W1,4,4,8,8,0,0,0,0,0,0,0,100,100,0,0,0,0,0,100,100,0,0.000000,0,8728,0.000000,0,0,0,0,432,332,300,32,400,16528,12628,0,0,0,0,432,0,0,0,0,768,9400
646,W1,4,4,8,8,0,0,0,0,0,0,0,100,100,0,0,0,0,0,100,100,0,0.000000,0,8728,0.000000,0,0,0,0,432,332,300,32,400,16528,12628,0,0,0,0,432,0,0,0,0,740,9400
647,W1,4,4,8,8,0,0,0,0,0,0,0,100,100,0,0,0,0,0,100,100,0,0.000000,0,8728,0.000000,0,0,0,0,432,332,300,32,400,16528,12628,0,0,0,0,432,0,0,0,0,781,9400
648,W1,4,4,8,8,0,0,0,0,0,0,0,100,100,0,0,0,0,0,100,100,0,0.000000,0,8728,0.000000,0,0,0,0,432,332,300,32,400,16528,12628,0,0,0,0,432,0,0,0,0,828,9400
649,W1,4,4,8,8,0,0,0,0,0,0,0,100,100,0,0,0,0,0,100,100,0,0.000000,0,8728,0.000000,0,0,0,0,432,332,300,32,400,16528,12628,0,0,0,0,432,0,0,0,0,773,9400
650,W1,4,4,8,8,0,0,0,0,0,0,0,100,100,0,0,0,0,0,100,100,0,0.000000,0,8728,0.000000,0,0,0,0,432,332,300,32,400,16528,12628,0,0,0,0,432,0,0,0,0,794,9400
651,W1,4,4,8,8,0,0,0,0,0,0,0,100,100,0,0,0,0,0,100,100,0,0.000000,0,8728,0.000000,0,0,0,0,432,332,300,32,400,16528,12628,0,0,0,0,432,0,0,0,0,763,9400
652,W1,4,4,8,8,0,0,0,0,0,0,0,100,100,0,0,0,0,0,100,100,0,0.000000,0,8728,0.000000,0,0,0,0,432,332,300,32,400,16528,12628,0,0,0,0,432,0,0,0,0,756,9400
653,W1,4,4,8,8,0,0,0,0,0,0,0,100,100,100,0,0,0,0,100,100,100,100.000000,1600,8728,18.331806,10,10,10,10,432,332,300,32,400,16528,12628,0,0,0,0,432,0,0,0,0,753,9400
654,W1,4,4,8,8,0,0,0,0,0,0,0,100,100,0,0,0,0,0,100,100,0,0.000000,0,8728,0.000000,0,0,0,0,432,332,300,32,400,16528,12628,0,0,0,0,432,0,0,0,0,745,9400
655,W1,4,4,8,8,0,0,0,0,0,0,0,100,100,0,0,0,0,0,100,100,0,0.000000,0,8728,0.000000,0,0,0,0,432,332,300,32,400,16528,12628,0,0,0,0,432,0,0,0,0,766,9400
656,W1,4,4,8,8,0,0,0,0,0,0,0,100,100,0,0,0,0,0,100,100,0,0.000000,0,8728,0.000000,0,0,0,0,432,332,300,32,400,16528,12628,0,0,0,0,432,0,0,0,0,773,9400
657,W1,4,4,8,8,0,0,0,0,0,0,0,100,100,0,0,0,0,0,100,100,0,0.000000,0,8728,0.000000,0,0,0,0,432,332,300,32,400,16528,12628,0,0,0,0,432,0,0,0,0,801,9400
658,W1,4,4,8,8,0,0,0,0,0,0,0,100,100,0,0,0,0,0,100,100,0,0.000000,0,8728,0.000000,0,0,0,0,432,332,300,32,400,16528,12628,0,0,0,0,432,0,0,0,0,791,9400
659,W1,4,4,8,8,0,0,0,0,0,0,0,100,100,0,0,0,0,0,100,100,0,0.000000,0,8728,0.000000,0,0,0,0,432,332,300,32,400,16528,12628,0,0,0,0,432,0,0,0,0,788,9400
660,W1,4,4,8,8,0,0,0,0,0,0,0,100,100,0,0,0,0,0,100,100,0,0.000000,0,8728,0.000000,0,0,0,0,432,332,300,32,400,16528,12628,0,0,0,0,432,0,0,0,0,800,9400
661,W1,4,4,8,8,0,0,0,0,0,0,0,100,100,0,0,0,0,0,100,100,0,0.000000,0,8728,0.000000,0,0,0,0,432,332,300,32,400,16528,12628,0,0,0,0,432,0,0,0,0,738,9400
662,W1,4,4,8,8,0,0,0,0,0,0,0,100,100,100,0,0,0,0,100,100,100,100.000000,1600,8728,18.331806,10,10,10,10,432,332,300,32,400,16528,12628,0,0,0,0,432,0,0,0,0,725,9400
663,W1,4,4,8,8,0,0,0,0,0,0,0,100,100,0,0,0,0,0,100,100,0,0.000000,0,8728,0.000000,0,0,0,0,432,332,300,32,400,16528,12628,0,0,0,0,432,0,0,0,0,725,9400
664,W1,4,4,8,8,0,0,0,0,0,0,0,100,100,0,0,0,0,0,100,100,0,0.000000,0,8728,0.000000,0,0,0,0,432,332,300,32,400,16528,12628,0,0,0,0,432,0,0,0,0,770,9400
665,W1,4,4,8,8,0,0,0,0,0,0,0,100,100,0,0,0,0,0,100,100,0,0.000000,0,8728,0.000000,0,0,0,0,432,332,300,32,400,16528,12628,0,0,0,0,432,0,0,0,0,811,9400
666,W1,4,4,8,8,0,0,0,0,0,0,0,100,100,0,0,0,0,0,100,100,0,0.000000,0,8728,0.000000,0,0,0,0,432,332,300,32,400,16528,12628,0,0,0,0,432,0,0,0,0,748,9400
667,W1,4,4,8,8,0,0,0,0,0,0,0,100,100,0,0,0,0,0,100,100,0,0.000000,0,8728,0.000000,0,0,0,0,432,332,300,32,400,16528,12628,0,0,0,0,432,0,0,0,0,754,9400
668,W1,4,4,8,8,0,0,0,0,0,0,0,100,100,0,0,0,0,0,100,100,0,0.000000,0,8728,0.000000,0,0,0,0,432,332,300,32,400,16528,12628,0,0,0,0,432,0,0,0,0,758,9400
669,W1,4,4,8,8,0,0,0,0,0,0,0,100,100,0,0,0,0,0,100,100,0,0.000000,0,8728,0.000000,0,0,0,0,432,332,300,32,400,16528,12628,0,0,0,0,432,0,0,0,0,727,9400
670,W1,4,4,8,8,0,0,0,0,0,0,0,100,100,0,0,0,0,0,100,100,0,0.000000,0,8728,0.000000,0,0,0,0,432,332,300,32,400,16528,12628,0,0,0,0,432,0,0,0,0,737,9400
671,W1,4,4,8,8,0,0,0,0,0,0,0,100,100,100,0,0,0,0,100,100,100,100.000000,1600,8728,18.331806,10,10,10,10,432,332,300,32,400,16528,12628,0,0,0,0,432,0,0,0,0,744,9400
672,W1,4,4,8,8,0,0,0,0,0,0,0,100,100,0,0,0,0,0,100,100,0,0.000000,0,8728,0.000000,0,0,0,0,432,332,300,32,400,16528,12628,0,0,0,0,432,0,0,0,0,774,9400
673,W1,4,4,8,8,0,0,0,0,0,0,0,100,100,0,0,0,0,0,100,100,0,0.000000,0,8728,0.000000,0,0,0,0,432,332,300,32,400,16528,12628,0,0,0,0,432,0,0,0,0,753,9400
674,W1,4,4,8,8,0,0,0,0,0,0,0,100,100,0,0,0,0,0,100,100,0,0.000000,0,8728,0.000000,0,0,0,0,432,332,300,32,400,16528,12628,0,0,0,0,432,0,0,0,0,789,9400
675,W1,4,4,8,8,0,0,0,0,0,0,0,100,100,0,0,0,0,0,100,100,0,0.000000,0,8728,0.000000,0,0,0,0,432,332,300,32,400,16528,12628,0,0,0,0,432,0,0,0,0,760,9400
676,W1,4,4,8,8,0,0,0,0,0,0,0,100,100,0,0,0,0,0,100,100,0,0.000000,0,8728,0.000000,0,0,0,0,432,332,300,32,400,16528,12628,0,0,0,0,432,0,0,0,0,758,9400
677,W1,4,4,8,8,0,0,0,0,0,0,0,100,100,0,0,0,0,0,100,100,0,0.000000,0,8728,0.000000,0,0,0,0,432,332,300,32,400,16528,12628,0,0,0,0,432,0,0,0,0,757,9400
678,W1,4,4,8,8,0,0,0,0,0,0,0,100,100,0,0,0,0,0,100,100,0,0.000000,0,8728,0.000000,0,0,0,0,432,332,300,32,400,16528,12628,0,0,0,0,432,0,0,0,0,733,9400
679,W1,4,4,8,8,0,0,0,0,0,0,0,100,100,0,0,0,0,0,100,100,0,0.000000,0,8728,0.000000,0,0,0,0,432,332,300,32,400,16528,12628,0,0,0,0,432,0,0,0,0,809,9400
680,W1,4,4,8,8,0,0,0,0,0,0,0,100,100,100,0,0,0,0,100,100,100,100.000000,1600,8728,18.331806,10,10,10,10,432,332,300,32,400,16528,12628,0,0,0,0,432,0,0,0,0,764,9400
681,W1,4,4,8,8,0,0,0,0,0,0,0,100,100,0,0,0,0,0,100,100,0,0.000000,0,8728,0.000000,0,0,0,0,432,332,300,32,400,16528,12628,0,0,0,0,432,0,0,0,0,847,9400
682,W1,4,4,8,8,0,0,0,0,0,0,0,100,100,0,0,0,0,0,100,100,0,0.000000,0,8728,0.000000,0,0,0,0,432,332,300,32,400,16528,12628,0,0,0,0,432,0,0,0,0,748,9400
683,W1,4,4,8,8,0,0,0,0,0,0,0,100,100,0,0,0,0,0,100,100,0,0.000000,0,8728,0.000000,0,0,0,0,432,332,300,32,400,16528,12628,0,0,0,0,432,0,0,0,0,740,9400
684,W1,4,4,8,8,0,0,0,0,0,0,0,100,100,0,0,0,0,0,100,100,0,0.000000,0,8728,0.000000,0,0,0,0,432,332,300,32,400,16528,12628,0,0,0,0,432,0,0,0,0,752,9400
685,W1,4,4,8,8,0,0,0,0,0,0,0,100,100,0,0,0,0,0,100,100,0,0.000000,0,8728,0.000000,0,0,0,0,432,332,300,32,400,16528,12628,0,0,0,0,432,0,0,0,0,730,9400
686,W1,4,4,8,8,0,0,0,0,0,0,0,100,100,0,0,0,0,0,100,100,0,0.000000,0,8728,0.000000,0,0,0,0,432,332,300,32,400,16528,12628,0,0,0,0,432,0,0,0,0,742,9400
687,W1,4,4,8,8,0,0,0,0,0,0,0,100,100,0,0,0,0,0,100,100,0,0.000000,0,8728,0.000000,0,0,0,0,432,332,300,32,400,16528,12628,0,0,0,0,432,0,0,0,0,735,9400
688,W1,4,4,8,8,0,0,0,0,0,0,0,100,100,0,0,0,0,0,100,100,0,0.000000,0,8728,0.000000,0,0,0,0,432,332,300,32,400,16528,12628,0,0,0,0,432,0,0,0,0,730,9400
689,W1,4,4,8,8,0,0,0,0,0,0,0,100,100,100,0,0,0,0,100,100,100,100.000000,1600,8728,18.331806,10,10,10,10,432,332,300,32,400,16528,12628,0,0,0,0,432,0,0,0,0,742,9400
690,W1,4,4,8,8,0,0,0,0,0,0,0,100,100,0,0,0,0,0,100,100,0,0.000000,0,8728,0.000000,0,0,0,0,432,332,300,32,400,16528,12628,0,0,0,0,432,0,0,0,0,759,9400
691,W1,4,4,8,8,0,0,0,0,0,0,0,100,100,0,0,0,0,0,100,100,0,0.000000,0,8728,0.000000,0,0,0,0,432,332,300,32,400,16528,12628,0,0,0,0,432,0,0,0,0,759,9400
692,W1,4,4,8,8,0,0,0,0,0,0,0,100,100,0,0,0,0,0,100,100,0,0.000000,0,8728,0.000000,0,0,0,0,432,332,300,32,400,16528,12628,0,0,0,0,432,0,0,0,0,785,9400
693,W1,4,4,8,8,0,0,0,0,0,0,0,100,100,0,0,0,0,0,100,100,0,0.000000,0,8728,0.000000,0,0,0,0,432,332,300,32,400,16528,12628,0,0,0,0,432,0,0,0,0,742,9400
694,W1,4,4,8,8,0,0,0,0,0,0,0,100,100,0,0,0,0,0,100,100,0,0.000000,0,8728,0.000000,0,0,0,0,432,332,300,32,400,16528,12628,0,0,0,0,432,0,0,0,0,752,9400
695,W1,4,4,8,8,0,0,0,0,0,0,0,100,100,0,0,0,0,0,100,100,0,0.000000,0,8728,0.000000,0,0,0,0,432,332,300,32,400,16528,12628,0,0,0,0,432,0,0,0,0,731,9400
696,W1,4,4,8,8,0,0,0,0,0,0,0,100,100,0,0,0,0,0,100,100,0,0.000000,0,8728,0.000000,0,0,0,0,432,332,300,32,400,16528,12628,0,0,0,0,432,0,0,0,0,739,9400
697,W1,4,4,8,8,0,0,0,0,0,0,0,100,100,0,0,0,0,0,100,100,0,0.000000,0,8728,0.000000,0,0,0,0,432,332,300,32,400,16528,12628,0,0,0,0,432,0,0,0,0,765,9400
698,W1,4,4,8,8,0,0,0,0,0,0,0,100,100,100,0,0,0,0,100,100,100,100.000000,1600,8728,18.331806,10,10,10,10,432,332,300,32,400,16528,12628,0,0,0,0,432,0,0,0,0,734,9400
699,W1,4,4,8,8,0,0,0,0,0,0,0,100,100,0,0,0,0,0,100,100,0,0.000000,0,8728,0.000000,0,0,0,0,432,332,300,32,400,16528,12628,0,0,0,0,432,0,0,0,0,770,9400
700,W1,4,4,8,8,0,0,0,0,0,0,0,100,100,0,0,0,0,0,100,100,0,0.000000,0,8728,0.000000,0,0,0,0,432,332,300,32,400,16528,12628,0,0,0,0,432,0,0,0,0,760,9400
701,W1,4,4,8,8,0,0,0,0,0,0,0,100,100,0,0,0,0,0,100,100,0,0.000000,0,8728,0.000000,0,0,0,0,432,332,300,32,400,16528,12628,0,0,0,0,432,0,0,0,0,772,9400
702,W1,4,4,8,8,0,0,0,0,0,0,0,100,100,0,0,0,0,0,100,100,0,0.000000,0,8728,0.000000,0,0,0,0,432,332,300,32,400,16528,12628,0,0,0,0,432,0,0,0,0,731,9400
703,W1,4,4,8,8,0,0,0,0,0,0,0,100,100,0,0,0,0,0,100,100,0,0.000000,0,8728,0.000000,0,0,0,0,432,332,300,32,400,16528,12628,0,0,0,0,432,0,0,0,0,748,9400
704,W1,4,4,8,8,0,0,0,0,0,0,0,100,100,0,0,0,0,0,100,100,0,0.000000,0,8728,0.000000,0,0,0,0,432,332,300,32,400,16528,12628,0,0,0,0,432,0,0,0,0,743,9400
705,W1,4,4,8,8,0,0,0,0,0,0,0,100,100,0,0,0,0,0,100,100,0,0.000000,0,8728,0.000000,0,0,0,0,432,332,300,32,400,16528,12628,0,0,0,0,432,0,0,0,0,750,9400
706,W1,4,4,8,8,0,0,0,0,0,0,0,100,100,0,0,0,0,0,100,100,0,0.000000,0,8728,0.000000,0,0,0,0,432,332,300,32,400,16528,12628,0,0,0,0,432,0,0,0,0,753,9400
707,W1,4,4,8,8,0,0,0,0,0,0,0,100,100,100,0,0,0,0,100,100,100,100.000000,1600,8728,18.331806,10,10,10,10,432,332,300,32,400,16528,12628,0,0,0,0,432,0,0,0,0,773,9400
708,W1,4,4,8,8,0,0,0,0,0,0,0,100,100,0,0,0,0,0,100,100,0,0.000000,0,8728,0.000000,0,0,0,0,432,332,300,32,400,16528,12628,0,0,0,0,432,0,0,0,0,762,9400
709,W1,4,4,8,8,0,0,0,0,0,0,0,100,100,0,0,0,0,0,100,100,0,0.000000,0,8728,0.000000,0,0,0,0,432,332,300,32,400,16528,12628,0,0,0,0,432,0,0,0,0,727,9400
710,W1,4,4,8,8,0,0,0,0,0,0,0,100,100,0,0,0,0,0,100,100,0,0.000000,0,8728,0.000000,0,0,0,0,432,332,300,32,400,16528,12628,0,0,0,0,432,0,0,0,0,781,9400
711,W1,4,4,8,8,0,0,0,0,0,0,0,100,100,0,0,0,0,0,100,100,0,0.000000,0,8728,0.000000,0,0,0,0,432,332,300,32,400,16528,12628,0,0,0,0,432,0,0,0,0,758,9400
712,W1,4,4,8,8,0,0,0,0,0,0,0,100,100,0,0,0,0,0,100,100,0,0.000000,0,8728,0.000000,0,0,0,0,432,332,300,32,400,16528,12628,0,0,0,0,432,0,0,0,0,734,9400
713,W1,4,4,8,8,0,0,0,0,0,0,0,100,100,0,0,0,0,0,100,100,0,0.000000,0,8728,0.000000,0,0,0,0,432,332,300,32,400,16528,12628,0,0,0,0,432,0,0,0,0,795,9400
714,W1,4,4,8,8,0,0,0,0,0,0,0,100,100,0,0,0,0,0,100,100,0,0.000000,0,8728,0.000000,0,0,0,0,432,332,300,32,400,16528,12628,0,0,0,0,432,0,0,0,0,769,9400
715,W1,4,4,8,8,0,0,0,0,0,0,0,100,100,0,0,0,0,0,100,100,0,0.000000,0,8728,0.000000,0,0,0,0,432,332,300,32,400,16528,12628,0,0,0,0,432,0,0,0,0,735,9400
716,W1,4,4,8,8,0,0,0,0,0,0,0,100,100,100,0,0,0,0,100,100,100,100.000000,1600,8728,18.331806,10,10,10,10,432,332,300,32,400,16528,12628,0,0,0,0,432,0,0,0,0,778,9400
717,W1,4,4,8,8,0,0,0,0,0,0,0,100,100,0,0,0,0,0,100,100,0,0.000000,0,8728,0.000000,0,0,0,0,432,332,300,32,400,16528,12628,0,0,0,0,432,0,0,0,0,731,9400
718,W1,4,4,8,8,0,0,0,0,0,0,0,100,100,0,0,0,0,0,100,100,0,0.000000,0,8728,0.000000,0,0,0,0,432,332,300,32,400,16528,12628,0,0,0,0,432,0,0,0,0,733,9400
719,W1,4,4,8,8,0,0,0,0,0,0,0,100,100,0,0,0,0,0,100,100,0,0.000000,0,8728,0.000000,0,0,0,0,432,332,300,32,400,16528,12628,0,0,0,0,432,0,0,0,0,776,9400
720,W1,4,4,8,8,0,0,0,0,0,0,0,100,100,0,0,0,0,0,100,100,0,0.000000,0,8728,0.000000,0,0,0,0,432,332,300,32,400,16528,12628,0,0,0,0,432,0,0,0,0,788,9400
721,W1,4,4,8,8,0,0,0,0,0,0,0,100,100,0,0,0,0,0,100,100,0,0.000000,0,8728,0.000000,0,0,0,0,432,332,300,32,400,16528,12628,0,0,0,0,432,0,0,0,0,783,9400
722,W1,4,4,8,8,0,0,0,0,0,0,0,100,100,0,0,0,0,0,100,100,0,0.000000,0,8728,0.000000,0,0,0,0,432,332,300,32,400,16528,12628,0,0,0,0,432,0,0,0,0,753,9400
723,W1,4,4,8,8,0,0,0,0,0,0,0,100,100,0,0,0,0,0,100,100,0,0.000000,0,8728,0.000000,0,0,0,0,432,332,300,32,400,16528,12628,0,0,0,0,432,0,0,0,0,761,9400
724,W1,4,4,8,8,0,0,0,0,0,0,0,100,100,0,0,0,0,0,100,100,0,0.000000,0,8728,0.000000,0,0,0,0,432,332,300,32,400,16528,12628,0,0,0,0,432,0,0,0,0,751,9400
725,W1,4,4,8,8,0,0,0,0,0,0,0,100,100,100,0,0,0,0,100,100,100,100.000000,1600,8728,18.331806,10,10,10,10,432,332,300,32,400,16528,12628,0,0,0,0,432,0,0,0,0,733,9400
726,W1,4,4,8,8,0,0,0,0,0,0,0,100,100,0,0,0,0,0,100,100,0,0.000000,0,8728,0.000000,0,0,0,0,432,332,300,32,400,16528,12628,0,0,0,0,432,0,0,0,0,772,9400
727,W1,4,4,8,8,0,0,0,0,0,0,0,100,100,0,0,0,0,0,100,100,0,0.000000,0,8728,0.000000,0,0,0,0,432,332,300,32,400,16528,12628,0,0,0,0,432,0,0,0,0,776,9400
728,W1,4,4,8,8,0,0,0,0,0,0,0,100,100,0,0,0,0,0,100,100,0,0.000000,0,8728,0.000000,0,0,0,0,432,332,300,32,400,16528,12628,0,0,0,0,432,0,0,0,0,748,9400
729,W1,4,4,8,8,0,0,0,0,0,0,0,100,100,0,0,0,0,0,100,100,0,0.000000,0,8728,0.000000,0,0,0,0,432,332,300,32,400,16528,12628,0,0,0,0,432,0,0,0,0,747,9400
730,W1,4,4,8,8,0,0,0,0,0,0,0,100,100,0,0,0,0,0,100,100,0,0.000000,0,8728,0.000000,0,0,0,0,432,332,300,32,400,16528,12628,0,0,0,0,432,0,0,0,0,730,9400
731,W1,4,4,8,8,0,0,0,0,0,0,0,100,100,0,0,0,0,0,100,100,0,0.000000,0,8728,0.000000,0,0,0,0,432,332,300,32,400,16528,12628,0,0,0,0,432,0,0,0,0,789,9400
732,W1,4,4,8,8,0,0,0,0,0,0,0,100,100,0,0,0,0,0,100,100,0,0.000000,0,8728,0.000000,0,0,0,0,432,332,300,32,400,16528,12628,0,0,0,0,432,0,0,0,0,783,9400
733,W1,4,4,8,8,0,0,0,0,0,0,0,100,100,0,0,0,0,0,100,100,0,0.000000,0,8728,0.000000,0,0,0,0,432,332,300,32,400,16528,12628,0,0,0,0,432,0,0,0,0,742,9400
734,W1,4,4,8,8,0,0,0,0,0,0,0,100,100,100,0,0,0,0,100,100,100,100.000000,1600,8728,18.331806,10,10,10,10,432,332,300,32,400,16528,12628,0,0,0,0,432,0,0,0,0,781,9400
735,W1,4,4,8,8,0,0,0,0,0,0,0,100,100,0,0,0,0,0,100,100,0,0.000000,0,8728,0.000000,0,0,0,0,432,332,300,32,400,16528,12628,0,0,0,0,432,0,0,0,0,796,9400
736,W1,4,4,8,8,0,0,0,0,0,0,0,100,100,0,0,0,0,0,100,100,0,0.000000,0,8728,0.000000,0,0,0,0,432,332,300,32,400,16528,12628,0,0,0,0,432,0,0,0,0,740,9400
737,W1,4,4,8,8,0,0,0,0,0,0,0,100,100,0,0,0,0,0,100,100,0,0.000000,0,8728,0.000000,0,0,0,0,432,332,300,32,400,16528,12628,0,0,0,0,432,0,0,0,0,738,9400
738,W1,4,4,8,8,0,0,0,0,0,0,0,100,100,0,0,0,0,0,100,100,0,0.000000,0,8728,0.000000,0,0,0,0,432,332,300,32,400,16528,12628,0,0,0,0,432,0,0,0,0,770,9400
739,W1,4,4,8,8,0,0,0,0,0,0,0,100,100,0,0,0,0,0,100,100,0,0.000000,0,8728,0.000000,0,0,0,0,432,332,300,32,400,16528,12628,0,0,0,0,432,0,0,0,0,737,9400
740,W1,4,4,8,8,0,0,0,0,0,0,0,100,100,0,0,0,0,0,100,100,0,0.000000,0,8728,0.000000,0,0,0,0,432,332,300,32,400,16528,12628,0,0,0,0,432,0,0,0,0,908,9400
741,W1,4,4,8,8,0,0,0,0,0,0,0,100,100,0,0,0,0,0,100,100,0,0.000000,0,8728,0.000000,0,0,0,0,432,332,300,32,400,16528,12628,0,0,0,0,432,0,0,0,0,741,9400
742,W1,4,4,8,8,0,0,0,0,0,0,0,100,100,0,0,0,0,0,100,100,0,0.000000,0,8728,0.000000,0,0,0,0,432,332,300,32,400,16528,12628,0,0,0,0,432,0,0,0,0,739,9400
743,W1,4,4,8,8,0,0,0,0,0,0,0,100,100,100,0,0,0,0,100,100,100,100.000000,1600,8728,18.331806,10,10,10,10,432,332,300,32,400,16528,12628,0,0,0,0,432,0,0,0,0,801,9400
744,W1,4,4,8,8,0,0,0,0,0,0,0,100,100,0,0,0,0,0,100,100,0,0.000000,0,8728,0.000000,0,0,0,0,432,332,300,32,400,16528,12628,0,0,0,0,432,0,0,0,0,752,9400
745,W1,4,4,8,8,0,0,0,0,0,0,0,100,100,0,0,0,0,0,100,100,0,0.000000,0,8728,0.000000,0,0,0,0,432,332,300,32,400,16528,12628,0,0,0,0,432,0,0,0,0,729,9400
746,W1,4,4,8,8,0,0,0,0,0,0,0,100,100,0,0,0,0,0,100,100,0,0.000000,0,8728,0.000000,0,0,0,0,432,332,300,32,400,16528,12628,0,0,0,0,432,0,0,0,0,756,9400
747,W1,4,4,8,8,0,0,0,0,0,0,0,100,100,0,0,0,0,0,100,100,0,0.000000,0,8728,0.000000,0,0,0,0,432,332,300,32,400,16528,12628,0,0,0,0,432,0,0,0,0,746,9400
748,W1,4,4,8,8,0,0,0,0,0,0,0,100,100,0,0,0,0,0,100,100,0,0.000000,0,8728,0.000000,0,0,0,0,432,332,300,32,400,16528,12628,0,0,0,0,432,0,0,0,0,757,9400
749,W1,4,4,8,8,0,0,0,0,0,0,0,100,100,0,0,0,0,0,100,100,0,0.000000,0,8728,0.000000,0,0,0,0,432,332,300,32,400,16528,12628,0,0,0,0,432,0,0,0,0,757,9400
750,W1,4,4,8,8,0,0,0,0,0,0,0,100,100,0,0,0,0,0,100,100,0,0.000000,0,8728,0.000000,0,0,0,0,432,332,300,32,400,16528,12628,0,0,0,0,432,0,0,0,0,791,9400
751,W1,4,4,8,8,0,0,0,0,0,0,0,100,100,0,0,0,0,0,100,100,0,0.000000,0,8728,0.000000,0,0,0,0,432,332,300,32,400,16528,12628,0,0,0,0,432,0,0,0,0,773,9400
752,W1,4,4,8,8,0,0,0,0,0,0,0,100,100,100,0,0,0,0,100,100,100,100.000000,1600,8728,18.331806,10,10,10,10,432,332,300,32,400,16528,12628,0,0,0,0,432,0,0,0,0,722,9400
753,W1,4,4,8,8,0,0,0,0,0,0,0,100,100,0,0,0,0,0,100,100,0,0.000000,0,8728,0.000000,0,0,0,0,432,332,300,32,400,16528,12628,0,0,0,0,432,0,0,0,0,754,9400
754,W1,4,4,8,8,0,0,0,0,0,0,0,100,100,0,0,0,0,0,100,100,0,0.000000,0,8728,0.000000,0,0,0,0,432,332,300,32,400,16528,12628,0,0,0,0,432,0,0,0,0,755,9400
755,W1,4,4,8,8,0,0,0,0,0,0,0,100,100,0,0,0,0,0,100,100,0,0.000000,0,8728,0.000000,0,0,0,0,432,332,300,32,400,16528,12628,0,0,0,0,432,0,0,0,0,749,9400
756,W1,4,4,8,8,0,0,0,0,0,0,0,100,100,0,0,0,0,0,100,100,0,0.000000,0,8728,0.000000,0,0,0,0,432,332,300,32,400,16528,12628,0,0,0,0,432,0,0,0,0,771,9400
757,W1,4,4,8,8,0,0,0,0,0,0,0,100,100,0,0,0,0,0,100,100,0,0.000000,0,8728,0.000000,0,0,0,0,432,332,300,32,400,16528,12628,0,0,0,0,432,0,0,0,0,783,9400
758,W1,4,4,8,8,0,0,0,0,0,0,0,100,100,0,0,0,0,0,100,100,0,0.000000,0,8728,0.000000,0,0,0,0,432,332,300,32,400,16528,12628,0,0,0,0,432,0,0,0,0,868,9400
759,W1,4,4,8,8,0,0,0,0,0,0,0,100,100,0,0,0,0,0,100,100,0,0.000000,0,8728,0.000000,0,0,0,0,432,332,300,32,400,16528,12628,0,0,0,0,432,0,0,0,0,796,9400
760,W1,4,4,8,8,0,0,0,0,0,0,0,100,100,0,0,0,0,0,100,100,0,0.000000,0,8728,0.000000,0,0,0,0,432,332,300,32,400,16528,12628,0,0,0,0,432,0,0,0,0,764,9400
761,W1,4,4,8,8,0,0,0,0,0,0,0,100,100,100,0,0,0,0,100,100,100,100.000000,1600,8728,18.331806,10,10,10,10,432,332,300,32,400,16528,12628,0,0,0,0,432,0,0,0,0,767,9400
762,W1,4,4,8,8,0,0,0,0,0,0,0,100,100,0,0,0,0,0,100,100,0,0.000000,0,8728,0.000000,0,0,0,0,432,332,300,32,400,16528,12628,0,0,0,0,432,0,0,0,0,795,9400
763,W1,4,4,8,8,0,0,0,0,0,0,0,100,100,0,0,0,0,0,100,100,0,0.000000,0,8728,0.000000,0,0,0,0,432,332,300,32,400,16528,12628,0,0,0,0,432,0,0,0,0,779,9400
764,W1,4,4,8,8,0,0,0,0,0,0,0,100,100,0,0,0,0,0,100,100,0,0.000000,0,8728,0.000000,0,0,0,0,432,332,300,32,400,16528,12628,0,0,0,0,432,0,0,0,0,755,9400
765,W1,4,4,8,8,0,0,0,0,0,0,0,100,100,0,0,0,0,0,100,100,0,0.000000,0,8728,0.000000,0,0,0,0,432,332,300,32,400,16528,12628,0,0,0,0,432,0,0,0,0,858,9400
766,W1,4,4,8,8,0,0,0,0,0,0,0,100,100,0,0,0,0,0,100,100,0,0.000000,0,8728,0.000000,0,0,0,0,432,332,300,32,400,16528,12628,0,0,0,0,432,0,0,0,0,740,9400
767,W1,4,4,8,8,0,0,0,0,0,0,0,100,100,0,0,0,0,0,100,100,0,0.000000,0,8728,0.000000,0,0,0,0,432,332,300,32,400,16528,12628,0,0,0,0,432,0,0,0,0,738,9400
768,W1,4,4,8,8,0,0,0,0,0,0,0,100,100,0,0,0,0,0,100,100,0,0.000000,0,8728,0.000000,0,0,0,0,432,332,300,32,400,16528,12628,0,0,0,0,432,0,0,0,0,738,9400
769,W1,4,4,8,8,0,0,0,0,0,0,0,100,100,0,0,0,0,0,100,100,0,0.000000,0,8728,0.000000,0,0,0,0,432,332,300,32,400,16528,12628,0,0,0,0,432,0,0,0,0,744,9400
770,W1,4,4,8,8,0,0,0,0,0,0,0,100,100,100,0,0,0,0,100,100,100,100.000000,1600,8728,18.331806,10,10,10,10,432,332,300,32,400,16528,12628,0,0,0,0,432,0,0,0,0,872,9400
771,W1,4,4,8,8,0,0,0,0,0,0,0,100,100,0,0,0,0,0,100,100,0,0.000000,0,8728,0.000000,0,0,0,0,432,332,300,32,400,16528,12628,0,0,0,0,432,0,0,0,0,740,9400
772,W1,4,4,8,8,0,0,0,0,0,0,0,100,100,0,0,0,0,0,100,100,0,0.000000,0,8728,0.000000,0,0,0,0,432,332,300,32,400,16528,12628,0,0,0,0,432,0,0,0,0,768,9400
773,W1,4,4,8,8,0,0,0,0,0,0,0,100,100,0,0,0,0,0,100,100,0,0.000000,0,8728,0.000000,0,0,0,0,432,332,300,32,400,16528,12628,0,0,0,0,432,0,0,0,0,771,9400
774,W1,4,4,8,8,0,0,0,0,0,0,0,100,100,0,0,0,0,0,100,100,0,0.000000,0,8728,0.000000,0,0,0,0,432,332,300,32,400,16528,12628,0,0,0,0,432,0,0,0,0,754,9400
775,W1,4,4,8,8,0,0,0,0,0,0,0,100,100,0,0,0,0,0,100,100,0,0.000000,0,8728,0.000000,0,0,0,0,432,332,300,32,400,16528,12628,0,0,0,0,432,0,0,0,0,743,9400
776,W1,4,4,8,8,0,0,0,0,0,0,0,100,100,0,0,0,0,0,100,100,0,0.000000,0,8728,0.000000,0,0,0,0,432,332,300,32,400,16528,12628,0,0,0,0,432,0,0,0,0,721,9400
777,W1,4,4,8,8,0,0,0,0,0,0,0,100,100,0,0,0,0,0,100,100,0,0.000000,0,8728,0.000000,0,0,0,0,432,332,300,32,400,16528,12628,0,0,0,0,432,0,0,0,0,732,9400
778,W1,4,4,8,8,0,0,0,0,0,0,0,100,100,0,0,0,0,0,100,100,0,0.000000,0,8728,0.000000,0,0,0,0,432,332,300,32,400,16528,12628,0,0,0,0,432,0,0,0,0,751,9400
779,W1,4,4,8,8,0,0,0,0,0,0,0,100,100,100,0,0,0,0,100,100,100,100.000000,1600,8728,18.331806,10,10,10,10,432,332,300,32,400,16528,12628,0,0,0,0,432,0,0,0,0,804,9400
780,W1,4,4,8,8,0,0,0,0,0,0,0,100,100,0,0,0,0,0,100,100,0,0.000000,0,8728,0.000000,0,0,0,0,432,332,300,32,400,16528,12628,0,0,0,0,432,0,0,0,0,745,9400
781,W1,4,4,8,8,0,0,0,0,0,0,0,100,100,0,0,0,0,0,100,100,0,0.000000,0,8728,0.000000,0,0,0,0,432,332,300,32,400,16528,12628,0,0,0,0,432,0,0,0,0,761,9400
782,W1,4,4,8,8,0,0,0,0,0,0,0,100,100,0,0,0,0,0,100,100,0,0.000000,0,8728,0.000000,0,0,0,0,432,332,300,32,400,16528,12628,0,0,0,0,432,0,0,0,0,765,9400
783,W1,4,4,8,8,0,0,0,0,0,0,0,100,100,0,0,0,0,0,100,100,0,0.000000,0,8728,0.000000,0,0,0,0,432,332,300,32,400,16528,12628,0,0,0,0,432,0,0,0,0,757,9400
784,W1,4,4,8,8,0,0,0,0,0,0,0,100,100,0,0,0,0,0,100,100,0,0.000000,0,8728,0.000000,0,0,0,0,432,332,300,32,400,16528,12628,0,0,0,0,432,0,0,0,0,745,9400
785,W1,4,4,8,8,0,0,0,0,0,0,0,100,100,0,0,0,0,0,100,100,0,0.000000,0,8728,0.000000,0,0,0,0,432,332,300,32,400,16528,12628,0,0,0,0,432,0,0,0,0,760,9400
786,W1,4,4,8,8,0,0,0,0,0,0,0,100,100,0,0,0,0,0,100,100,0,0.000000,0,8728,0.000000,0,0,0,0,432,332,300,32,400,16528,12628,0,0,0,0,432,0,0,0,0,723,9400
787,W1,4,4,8,8,0,0,0,0,0,0,0,100,100,0,0,0,0,0,100,100,0,0.000000,0,8728,0.000000,0,0,0,0,432,332,300,32,400,16528,12628,0,0,0,0,432,0,0,0,0,809,9400
788,W1,4,4,8,8,0,0,0,0,0,0,0,100,100,100,0,0,0,0,100,100,100,100.000000,1600,8728,18.331806,10,10,10,10,432,332,300,32,400,16528,12628,0,0,0,0,432,0,0,0,0,753,9400
789,W1,4,4,8,8,0,0,0,0,0,0,0,100,100,0,0,0,0,0,100,100,0,0.000000,0,8728,0.000000,0,0,0,0,432,332,300,32,400,16528,12628,0,0,0,0,432,0,0,0,0,717,9400
790,W1,4,4,8,8,0,0,0,0,0,0,0,100,100,0,0,0,0,0,100,100,0,0.000000,0,8728,0.000000,0,0,0,0,432,332,300,32,400,16528,12628,0,0,0,0,432,0,0,0,0,745,9400
791,W1,4,4,8,8,0,0,0,0,0,0,0,100,100,0,0,0,0,0,100,100,0,0.000000,0,8728,0.000000,0,0,0,0,432,332,300,32,400,16528,12628,0,0,0,0,432,0,0,0,0,813,9400
792,W1,4,4,8,8,0,0,0,0,0,0,0,100,100,0,0,0,0,0,100,100,0,0.000000,0,8728,0.000000,0,0,0,0,432,332,300,32,400,16528,12628,0,0,0,0,432,0,0,0,0,757,9400
793,W1,4,4,8,8,0,0,0,0,0,0,0,100,100,0,0,0,0,0,100,100,0,0.000000,0,8728,0.000000,0,0,0,0,432,332,300,32,400,16528,12628,0,0,0,0,432,0,0,0,0,789,9400
794,W1,4,4,8,8,0,0,0,0,0,0,0,100,100,0,0,0,0,0,100,100,0,0.000000,0,8728,0.000000,0,0,0,0,432,332,300,32,400,16528,12628,0,0,0,0,432,0,0,0,0,784,9400
795,W1,4,4,8,8,0,0,0,0,0,0,0,100,100,0,0,0,0,0,100,100,0,0.000000,0,8728,0.000000,0,0,0,0,432,332,300,32,400,16528,12628,0,0,0,0,432,0,0,0,0,760,9400
796,W1,4,4,8,8,0,0,0,0,0,0,0,100,100,0,0,0,0,0,100,100,0,0.000000,0,8728,0.000000,0,0,0,0,432,332,300,32,400,16528,12628,0,0,0,0,432,0,0,0,0,755,9400
797,W1,4,4,8,8,0,0,0,0,0,0,0,100,100,100,0,0,0,0,100,100,100,100.000000,1600,8728,18.331806,10,10,10,10,432,332,300,32,400,16528,12628,0,0,0,0,432,0,0,0,0,789,9400
798,W1,4,4,8,8,0,0,0,0,0,0,0,100,100,0,0,0,0,0,100,100,0,0.000000,0,8728,0.000000,0,0,0,0,432,332,300,32,400,16528,12628,0,0,0,0,432,0,0,0,0,760,9400
799,W1,4,4,8,8,0,0,0,0,0,0,0,100,100,0,0,0,0,0,100,100,0,0.000000,0,8728,0.000000,0,0,0,0,432,332,300,32,400,16528,12628,0,0,0,0,432,0,0,0,0,729,9400
800,W1,4,4,8,8,0,0,0,0,0,0,0,100,100,0,0,0,0,0,100,100,0,0.000000,0,8728,0.000000,0,0,0,0,432,332,300,32,400,16528,12628,0,0,0,0,432,0,0,0,0,735,9400
801,W1,4,4,8,8,0,0,0,0,0,0,0,100,100,0,0,0,0,0,100,100,0,0.000000,0,8728,0.000000,0,0,0,0,432,332,300,32,400,16528,12628,0,0,0,0,432,0,0,0,0,774,9400
802,W1,4,4,8,8,0,0,0,0,0,0,0,100,100,0,0,0,0,0,100,100,0,0.000000,0,8728,0.000000,0,0,0,0,432,332,300,32,400,16528,12628,0,0,0,0,432,0,0,0,0,723,9400
803,W1,4,4,8,8,0,0,0,0,0,0,0,100,100,0,0,0,0,0,100,100,0,0.000000,0,8728,0.000000,0,0,0,0,432,332,300,32,400,16528,12628,0,0,0,0,432,0,0,0,0,738,9400
804,W1,4,4,8,8,0,0,0,0,0,0,0,100,100,0,0,0,0,0,100,100,0,0.000000,0,8728,0.000000,0,0,0,0,432,332,300,32,400,16528,12628,0,0,0,0,432,0,0,0,0,732,9400
805,W1,4,4,8,8,0,0,0,0,0,0,0,100,100,0,0,0,0,0,100,100,0,0.000000,0,8728,0.000000,0,0,0,0,432,332,300,32,400,16528,12628,0,0,0,0,432,0,0,0,0,759,9400
806,W1,4,4,8,8,0,0,0,0,0,0,0,100,100,100,0,0,0,0,100,100,100,100.000000,1600,8728,18.331806,10,10,10,10,432,332,300,32,400,16528,12628,0,0,0,0,432,0,0,0,0,717,9400
807,W1,4,4,8,8,0,0,0,0,0,0,0,100,100,0,0,0,0,0,100,100,0,0.000000,0,8728,0.000000,0,0,0,0,432,332,300,32,400,16528,12628,0,0,0,0,432,0,0,0,0,754,9400
808,W1,4,4,8,8,0,0,0,0,0,0,0,100,100,0,0,0,0,0,100,100,0,0.000000,0,8728,0.000000,0,0,0,0,432,332,300,32,400,16528,12628,0,0,0,0,432,0,0,0,0,775,9400
809,W1,4,4,8,8,0,0,0,0,0,0,0,100,100,0,0,0,0,0,100,100,0,0.000000,0,8728,0.000000,0,0,0,0,432,332,300,32,400,16528,12628,0,0,0,0,432,0,0,0,0,759,9400
810,W1,4,4,8,8,0,0,0,0,0,0,0,100,100,0,0,0,0,0,100,100,0,0.000000,0,8728,0.000000,0,0,0,0,432,332,300,32,400,16528,12628,0,0,0,0,432,0,0,0,0,742,9400
811,W1,4,4,8,8,0,0,0,0,0,0,0,100,100,0,0,0,0,0,100,100,0,0.000000,0,8728,0.000000,0,0,0,0,432,332,300,32,400,16528,12628,0,0,0,0,432,0,0,0,0,739,9400
812,W1,4,4,8,8,0,0,0,0,0,0,0,100,100,0,0,0,0,0,100,100,0,0.000000,0,8728,0.000000,0,0,0,0,432,332,300,32,400,16528,12628,0,0,0,0,432,0,0,0,0,731,9400
813,W1,4,4,8,8,0,0,0,0,0,0,0,100,100,0,0,0,0,0,100,100,0,0.000000,0,8728,0.000000,0,0,0,0,432,332,300,32,400,16528,12628,0,0,0,0,432,0,0,0,0,707,9400
814,W1,4,4,8,8,0,0,0,0,0,0,0,100,100,0,0,0,0,0,100,100,0,0.000000,0,8728,0.000000,0,0,0,0,432,332,300,32,400,16528,12628,0,0,0,0,432,0,0,0,0,740,9400
815,W1,4,4,8,8,0,0,0,0,0,0,0,100,100,100,0,0,0,0,100,100,100,100.000000,1600,8728,18.331806,10,10,10,10,432,332,300,32,400,16528,12628,0,0,0,0,432,0,0,0,0,778,9400
816,W1,4,4,8,8,0,0,0,0,0,0,0,100,100,0,0,0,0,0,100,100,0,0.000000,0,8728,0.000000,0,0,0,0,432,332,300,32,400,16528,12628,0,0,0,0,432,0,0,0,0,750,9400
817,W1,4,4,8,8,0,0,0,0,0,0,0,100,100,0,0,0,0,0,100,100,0,0.000000,0,8728,0.000000,0,0,0,0,432,332,300,32,400,16528,12628,0,0,0,0,432,0,0,0,0,742,9400
818,W1,4,4,8,8,0,0,0,0,0,0,0,100,100,0,0,0,0,0,100,100,0,0.000000,0,8728,0.000000,0,0,0,0,432,332,300,32,400,16528,12628,0,0,0,0,432,0,0,0,0,781,9400
819,W1,4,4,8,8,0,0,0,0,0,0,0,100,100,0,0,0,0,0,100,100,0,0.000000,0,8728,0.000000,0,0,0,0,432,332,300,32,400,16528,12628,0,0,0,0,432,0,0,0,0,754,9400
820,W1,4,4,8,8,0,0,0,0,0,0,0,100,100,0,0,0,0,0,100,100,0,0.000000,0,8728,0.000000,0,0,0,0,432,332,300,32,400,16528,12628,0,0,0,0,432,0,0,0,0,746,9400
821,W1,4,4,8,8,0,0,0,0,0,0,0,100,100,0,0,0,0,0,100,100,0,0.000000,0,8728,0.000000,0,0,0,0,432,332,300,32,400,16528,12628,0,0,0,0,432,0,0,0,0,712,9400
822,W1,4,4,8,8,0,0,0,0,0,0,0,100,100,0,0,0,0,0,100,100,0,0.000000,0,8728,0.000000,0,0,0,0,432,332,300,32,400,16528,12628,0,0,0,0,432,0,0,0,0,757,9400
823,W1,4,4,8,8,0,0,0,0,0,0,0,100,100,0,0,0,0,0,100,100,0,0.000000,0,8728,0.000000,0,0,0,0,432,332,300,32,400,16528,12628,0,0,0,0,432,0,0,0,0,746,9400
824,W1,4,4,8,8,0,0,0,0,0,0,0,100,100,100,0,0,0,0,100,100,100,100.000000,1600,8728,18.331806,10,10,10,10,432,332,300,32,400,16528,12628,0,0,0,0,432,0,0,0,0,739,9400
825,W1,4,4,8,8,0,0,0,0,0,0,0,100,100,0,0,0,0,0,100,100,0,0.000000,0,8728,0.000000,0,0,0,0,432,332,300,32,400,16528,12628,0,0,0,0,432,0,0,0,0,731,9400
826,W1,4,4,8,8,0,0,0,0,0,0,0,100,100,0,0,0,0,0,100,100,0,0.000000,0,8728,0.000000,0,0,0,0,432,332,300,32,400,16528,12628,0,0,0,0,432,0,0,0,0,753,9400
827,W1,4,4,8,8,0,0,0,0,0,0,0,100,100,0,0,0,0,0,100,100,0,0.000000,0,8728,0.000000,0,0,0,0,432,332,300,32,400,16528,12628,0,0,0,0,432,0,0,0,0,725,9400
828,W1,4,4,8,8,0,0,0,0,0,0,0,100,100,0,0,0,0,0,100,100,0,0.000000,0,8728,0.000000,0,0,0,0,432,332,300,32,400,16528,12628,0,0,0,0,432,0,0,0,0,748,9400
829,W1,4,4,8,8,0,0,0,0,0,0,0,100,100,0,0,0,0,0,100,100,0,0.000000,0,8728,0.000000,0,0,0,0,432,332,300,32,400,16528,12628,0,0,0,0,432,0,0,0,0,742,9400
830,W1,4,4,8,8,0,0,0,0,0,0,0,100,100,0,0,0,0,0,100,100,0,0.000000,0,8728,0.000000,0,0,0,0,432,332,300,32,400,16528,12628,0,0,0,0,432,0,0,0,0,736,9400
831,W1,4,4,8,8,0,0,0,0,0,0,0,100,100,0,0,0,0,0,100,100,0,0.000000,0,8728,0.000000,0,0,0,0,432,332,300,32,400,16528,12628,0,0,0,0,432,0,0,0,0,750,9400
832,W1,4,4,8,8,0,0,0,0,0,0,0,100,100,0,0,0,0,0,100,100,0,0.000000,0,8728,0.000000,0,0,0,0,432,332,300,32,400,16528,12628,0,0,0,0,432,0,0,0,0,726,9400
833,W1,4,4,8,8,0,0,0,0,0,0,0,100,100,100,0,0,0,0,100,100,100,100.000000,1600,8728,18.331806,10,10,10,10,432,332,300,32,400,16528,12628,0,0,0,0,432,0,0,0,0,772,9400
834,W1,4,4,8,8,0,0,0,0,0,0,0,100,100,0,0,0,0,0,100,100,0,0.000000,0,8728,0.000000,0,0,0,0,432,332,300,32,400,16528,12628,0,0,0,0,432,0,0,0,0,764,9400
835,W1,4,4,8,8,0,0,0,0,0,0,0,100,100,0,0,0,0,0,100,100,0,0.000000,0,8728,0.000000,0,0,0,0,432,332,300,32,400,16528,12628,0,0,0,0,432,0,0,0,0,742,9400
836,W1,4,4,8,8,0,0,0,0,0,0,0,100,100,0,0,0,0,0,100,100,0,0.000000,0,8728,0.000000,0,0,0,0,432,332,300,32,400,16528,12628,0,0,0,0,432,0,0,0,0,732,9400
837,W1,4,4,8,8,0,0,0,0,0,0,0,100,100,0,0,0,0,0,100,100,0,0.000000,0,8728,0.000000,0,0,0,0,432,332,300,32,400,16528,12628,0,0,0,0,432,0,0,0,0,822,9400
838,W1,4,4,8,8,0,0,0,0,0,0,0,100,100,0,0,0,0,0,100,100,0,0.000000,0,8728,0.000000,0,0,0,0,432,332,300,32,400,16528,12628,0,0,0,0,432,0,0,0,0,733,9400
839,W1,4,4,8,8,0,0,0,0,0,0,0,100,100,0,0,0,0,0,100,100,0,0.000000,0,8728,0.000000,0,0,0,0,432,332,300,32,400,16528,12628,0,0,0,0,432,0,0,0,0,778,9400
840,W1,4,4,8,8,0,0,0,0,0,0,0,100,100,0,0,0,0,0,100,100,0,0.000000,0,8728,0.000000,0,0,0,0,432,332,300,32,400,16528,12628,0,0,0,0,432,0,0,0,0,751,9400
841,W1,4,4,8,8,0,0,0,0,0,0,0,100,100,0,0,0,0,0,100,100,0,0.000000,0,8728,0.000000,0,0,0,0,432,332,300,32,400,16528,12628,0,0,0,0,432,0,0,0,0,769,9400
842,W1,4,4,8,8,0,0,0,0,0,0,0,100,100,100,0,0,0,0,100,100,100,100.000000,1600,8728,18.331806,10,10,10,10,432,332,300,32,400,16528,12628,0,0,0,0,432,0,0,0,0,717,9400
843,W1,4,4,8,8,0,0,0,0,0,0,0,100,100,0,0,0,0,0,100,100,0,0.000000,0,8728,0.000000,0,0,0,0,432,332,300,32,400,16528,12628,0,0,0,0,432,0,0,0,0,738,9400
844,W1,4,4,8,8,0,0,0,0,0,0,0,100,100,0,0,0,0,0,100,100,0,0.000000,0,8728,0.000000,0,0,0,0,432,332,300,32,400,16528,12628,0,0,0,0,432,0,0,0,0,738,9400
845,W1,4,4,8,8,0,0,0,0,0,0,0,100,100,0,0,0,0,0,100,100,0,0.000000,0,8728,0.000000,0,0,0,0,432,332,300,32,400,16528,12628,0,0,0,0,432,0,0,0,0,715,9400
846,W1,4,4,8,8,0,0,0,0,0,0,0,100,100,0,0,0,0,0,100,100,0,0.000000,0,8728,0.000000,0,0,0,0,432,332,300,32,400,16528,12628,0,0,0,0,432,0,0,0,0,770,9400
847,W1,4,4,8,8,0,0,0,0,0,0,0,100,100,0,0,0,0,0,100,100,0,0.000000,0,8728,0.000000,0,0,0,0,432,332,300,32,400,16528,12628,0,0,0,0,432,0,0,0,0,756,9400
848,W1,4,4,8,8,0,0,0,0,0,0,0,100,100,0,0,0,0,0,100,100,0,0.000000,0,8728,0.000000,0,0,0,0,432,332,300,32,400,16528,12628,0,0,0,0,432,0,0,0,0,770,9400
849,W1,4,4,8,8,0,0,0,0,0,0,0,100,100,0,0,0,0,0,100,100,0,0.000000,0,8728,0.000000,0,0,0,0,432,332,300,32,400,16528,12628,0,0,0,0,432,0,0,0,0,742,9400
850,W1,4,4,8,8,0,0,0,0,0,0,0,100,100,0,0,0,0,0,100,100,0,0.000000,0,8728,0.000000,0,0,0,0,432,332,300,32,400,16528,12628,0,0,0,0,432,0,0,0,0,799,9400
851,W1,4,4,8,8,0,0,0,0,0,0,0,100,100,100,0,0,0,0,100,100,100,100.000000,1600,8728,18.331806,10,10,10,10,432,332,300,32,400,16528,12628,0,0,0,0,432,0,0,0,0,732,9400
852,W1,4,4,8,8,0,0,0,0,0,0,0,100,100,0,0,0,0,0,100,100,0,0.000000,0,8728,0.000000,0,0,0,0,432,332,300,32,400,16528,12628,0,0,0,0,432,0,0,0,0,745,9400
853,W1,4,4,8,8,0,0,0,0,0,0,0,100,100,0,0,0,0,0,100,100,0,0.000000,0,8728,0.000000,0,0,0,0,432,332,300,32,400,16528,12628,0,0,0,0,432,0,0,0,0,771,9400
854,W1,4,4,8,8,0,0,0,0,0,0,0,100,100,0,0,0,0,0,100,100,0,0.000000,0,8728,0.000000,0,0,0,0,432,332,300,32,400,16528,12628,0,0,0,0,432,0,0,0,0,726,9400
855,W1,4,4,8,8,0,0,0,0,0,0,0,100,100,0,0,0,0,0,100,100,0,0.000000,0,8728,0.000000,0,0,0,0,432,332,300,32,400,16528,12628,0,0,0,0,432,0,0,0,0,766,9400
856,W1,4,4,8,8,0,0,0,0,0,0,0,100,100,0,0,0,0,0,100,100,0,0.000000,0,8728,0.000000,0,0,0,0,432,332,300,32,400,16528,12628,0,0,0,0,432,0,0,0,0,754,9400
857,W1,4,4,8,8,0,0,0,0,0,0,0,100,100,0,0,0,0,0,100,100,0,0.000000,0,8728,0.000000,0,0,0,0,432,332,300,32,400,16528,12628,0,0,0,0,432,0,0,0,0,748,9400
858,W1,4,4,8,8,0,0,0,0,0,0,0,100,100,0,0,0,0,0,100,100,0,0.000000,0,8728,0.000000,0,0,0,0,432,332,300,32,400,16528,12628,0,0,0,0,432,0,0,0,0,775,9400
859,W1,4,4,8,8,0,0,0,0,0,0,0,100,100,0,0,0,0,0,100,100,0,0.000000,0,8728,0.000000,0,0,0,0,432,332,300,32,400,16528,12628,0,0,0,0,432,0,0,0,0,800,9400
860,W1,4,4,8,8,0,0,0,0,0,0,0,100,100,100,0,0,0,0,100,100,100,100.000000,1600,8728,18.331806,10,10,10,10,432,332,300,32,400,16528,12628,0,0,0,0,432,0,0,0,0,742,9400
861,W1,4,4,8,8,0,0,0,0,0,0,0,100,100,0,0,0,0,0,100,100,0,0.000000,0,8728,0.000000,0,0,0,0,432,332,300,32,400,16528,12628,0,0,0,0,432,0,0,0,0,729,9400
862,W1,4,4,8,8,0,0,0,0,0,0,0,100,100,0,0,0,0,0,100,100,0,0.000000,0,8728,0.000000,0,0,0,0,432,332,300,32,400,16528,12628,0,0,0,0,432,0,0,0,0,738,9400
863,W1,4,4,8,8,0,0,0,0,0,0,0,100,100,0,0,0,0,0,100,100,0,0.000000,0,8728,0.000000,0,0,0,0,432,332,300,32,400,16528,12628,0,0,0,0,432,0,0,0,0,731,9400
864,W1,4,4,8,8,0,0,0,0,0,0,0,100,100,0,0,0,0,0,100,100,0,0.000000,0,8728,0.000000,0,0,0,0,432,332,300,32,400,16528,12628,0,0,0,0,432,0,0,0,0,764,9400
865,W1,4,4,8,8,0,0,0,0,0,0,0,100,100,0,0,0,0,0,100,100,0,0.000000,0,8728,0.000000,0,0,0,0,432,332,300,32,400,16528,12628,0,0,0,0,432,0,0,0,0,784,9400
866,W1,4,4,8,8,0,0,0,0,0,0,0,100,100,0,0,0,0,0,100,100,0,0.000000,0,8728,0.000000,0,0,0,0,432,332,300,32,400,16528,12628,0,0,0,0,432,0,0,0,0,747,9400
867,W1,4,4,8,8,0,0,0,0,0,0,0,100,100,0,0,0,0,0,100,100,0,0.000000,0,8728,0.000000,0,0,0,0,432,332,300,32,400,16528,12628,0,0,0,0,432,0,0,0,0,761,9400
868,W1,4,4,8,8,0,0,0,0,0,0,0,100,100,0,0,0,0,0,100,100,0,0.000000,0,8728,0.000000,0,0,0,0,432,332,300,32,400,16528,12628,0,0,0,0,432,0,0,0,0,755,9400
869,W1,4,4,8,8,0,0,0,0,0,0,0,100,100,100,0,0,0,0,100,100,100,100.000000,1600,8728,18.331806,10,10,10,10,432,332,300,32,400,16528,12628,0,0,0,0,432,0,0,0,0,743,9400
870,W1,4,4,8,8,0,0,0,0,0,0,0,100,100,0,0,0,0,0,100,100,0,0.000000,0,8728,0.000000,0,0,0,0,432,332,300,32,400,16528,12628,0,0,0,0,432,0,0,0,0,756,9400
871,W1,4,4,8,8,0,0,0,0,0,0,0,100,100,0,0,0,0,0,100,100,0,0.000000,0,8728,0.000000,0,0,0,0,432,332,300,32,400,16528,12628,0,0,0,0,432,0,0,0,0,763,9400
872,W1,4,4,8,8,0,0,0,0,0,0,0,100,100,0,0,0,0,0,100,100,0,0.000000,0,8728,0.000000,0,0,0,0,432,332,300,32,400,16528,12628,0,0,0,0,432,0,0,0,0,813,9400
873,W1,4,4,8,8,0,0,0,0,0,0,0,100,100,0,0,0,0,0,100,100,0,0.000000,0,8728,0.000000,0,0,0,0,432,332,300,32,400,16528,12628,0,0,0,0,432,0,0,0,0,783,9400
874,W1,4,4,8,8,0,0,0,0,0,0,0,100,100,0,0,0,0,0,100,100,0,0.000000,0,8728,0.000000,0,0,0,0,432,332,300,32,400,16528,12628,0,0,0,0,432,0,0,0,0,751,9400
875,W1,4,4,8,8,0,0,0,0,0,0,0,100,100,0,0,0,0,0,100,100,0,0.000000,0,8728,0.000000,0,0,0,0,432,332,300,32,400,16528,12628,0,0,0,0,432,0,0,0,0,761,9400
876,W1,4,4,8,8,0,0,0,0,0,0,0,100,100,0,0,0,0,0,100,100,0,0.000000,0,8728,0.000000,0,0,0,0,432,332,300,32,400,16528,12628,0,0,0,0,432,0,0,0,0,739,9400
877,W1,4,4,8,8,0,0,0,0,0,0,0,100,100,0,0,0,0,0,100,100,0,0.000000,0,8728,0.000000,0,0,0,0,432,332,300,32,400,16528,12628,0,0,0,0,432,0,0,0,0,727,9400
878,W1,4,4,8,8,0,0,0,0,0,0,0,100,100,100,0,0,0,0,100,100,100,100.000000,1600,8728,18.331806,10,10,10,10,432,332,300,32,400,16528,12628,0,0,0,0,432,0,0,0,0,779,9400
879,W1,4,4,8,8,0,0,0,0,0,0,0,100,100,0,0,0,0,0,100,100,0,0.000000,0,8728,0.000000,0,0,0,0,432,332,300,32,400,16528,12628,0,0,0,0,432,0,0,0,0,759,9400
880,W1,4,4,8,8,0,0,0,0,0,0,0,100,100,0,0,0,0,0,100,100,0,0.000000,0,8728,0.000000,0,0,0,0,432,332,300,32,400,16528,12628,0,0,0,0,432,0,0,0,0,751,9400
881,W1,4,4,8,8,0,0,0,0,0,0,0,100,100,0,0,0,0,0,100,100,0,0.000000,0,8728,0.000000,0,0,0,0,432,332,300,32,400,16528,12628,0,0,0,0,432,0,0,0,0,751,9400
882,W1,4,4,8,8,0,0,0,0,0,0,0,100,100,0,0,0,0,0,100,100,0,0.000000,0,8728,0.000000,0,0,0,0,432,332,300,32,400,16528,12628,0,0,0,0,432,0,0,0,0,758,9400
883,W1,4,4,8,8,0,0,0,0,0,0,0,100,100,0,0,0,0,0,100,100,0,0.000000,0,8728,0.000000,0,0,0,0,432,332,300,32,400,16528,12628,0,0,0,0,432,0,0,0,0,783,9400
884,W1,4,4,8,8,0,0,0,0,0,0,0,100,100,0,0,0,0,0,100,100,0,0.000000,0,8728,0.000000,0,0,0,0,432,332,300,32,400,16528,12628,0,0,0,0,432,0,0,0,0,737,9400
885,W1,4,4,8,8,0,0,0,0,0,0,0,100,100,0,0,0,0,0,100,100,0,0.000000,0,8728,0.000000,0,0,0,0,432,332,300,32,400,16528,12628,0,0,0,0,432,0,0,0,0,738,9400
886,W1,4,4,8,8,0,0,0,0,0,0,0,100,100,0,0,0,0,0,100,100,0,0.000000,0,8728,0.000000,0,0,0,0,432,332,300,32,400,16528,12628,0,0,0,0,432,0,0,0,0,802,9400
887,W1,4,4,8,8,0,0,0,0,0,0,0,100,100,100,0,0,0,0,100,100,100,100.000000,1600,8728,18.331806,10,10,10,10,432,332,300,32,400,16528,12628,0,0,0,0,432,0,0,0,0,781,9400
888,W1,4,4,8,8,0,0,0,0,0,0,0,100,100,0,0,0,0,0,100,100,0,0.000000,0,8728,0.000000,0,0,0,0,432,332,300,32,400,16528,12628,0,0,0,0,432,0,0,0,0,733,9400
889,W1,4,4,8,8,0,0,0,0,0,0,0,100,100,0,0,0,0,0,100,100,0,0.000000,0,8728,0.000000,0,0,0,0,432,332,300,32,400,16528,12628,0,0,0,0,432,0,0,0,0,727,9400
890,W1,4,4,8,8,0,0,0,0,0,0,0,100,100,0,0,0,0,0,100,100,0,0.000000,0,8728,0.000000,0,0,0,0,432,332,300,32,400,16528,12628,0,0,0,0,432,0,0,0,0,863,9400
891,W1,4,4,8,8,0,0,0,0,0,0,0,100,100,0,0,0,0,0,100,100,0,0.000000,0,8728,0.000000,0,0,0,0,432,332,300,32,400,16528,12628,0,0,0,0,432,0,0,0,0,734,9400
892,W1,4,4,8,8,0,0,0,0,0,0,0,100,100,0,0,0,0,0,100,100,0,0.000000,0,8728,0.000000,0,0,0,0,432,332,300,32,400,16528,12628,0,0,0,0,432,0,0,0,0,753,9400
893,W1,4,4,8,8,0,0,0,0,0,0,0,100,100,0,0,0,0,0,100,100,0,0.000000,0,8728,0.000000,0,0,0,0,432,332,300,32,400,16528,12628,0,0,0,0,432,0,0,0,0,726,9400
894,W1,4,4,8,8,0,0,0,0,0,0,0,100,100,0,0,0,0,0,100,100,0,0.000000,0,8728,0.000000,0,0,0,0,432,332,300,32,400,16528,12628,0,0,0,0,432,0,0,0,0,725,9400
895,W1,4,4,8,8,0,0,0,0,0,0,0,100,100,0,0,0,0,0,100,100,0,0.000000,0,8728,0.000000,0,0,0,0,432,332,300,32,400,16528,12628,0,0,0,0,432,0,0,0,0,731,9400
896,W1,4,4,8,8,0,0,0,0,0,0,0,100,100,100,0,0,0,0,100,100,100,100.000000,1600,8728,18.331806,10,10,10,10,432,332,300,32,400,16528,12628,0,0,0,0,432,0,0,0,0,765,9400
897,W1,4,4,8,8,0,0,0,0,0,0,0,100,100,0,0,0,0,0,100,100,0,0.000000,0,8728,0.000000,0,0,0,0,432,332,300,32,400,16528,12628,0,0,0,0,432,0,0,0,0,721,9400
898,W1,4,4,8,8,0,0,0,0,0,0,0,100,100,0,0,0,0,0,100,100,0,0.000000,0,8728,0.000000,0,0,0,0,432,332,300,32,400,16528,12628,0,0,0,0,432,0,0,0,0,765,9400
899,W1,4,4,8,8,0,0,0,0,0,0,0,100,100,0,0,0,0,0,100,100,0,0.000000,0,8728,0.000000,0,0,0,0,432,332,300,32,400,16528,12628,0,0,0,0,432,0,0,0,0,771,9400
900,W1,4,4,8,8,0,0,0,0,0,0,0,100,100,0,0,0,0,0,100,100,0,0.000000,0,8728,0.000000,0,0,0,0,432,332,300,32,400,16528,12628,0,0,0,0,432,0,0,0,0,790,9400
901,W1,4,4,8,8,0,0,0,0,0,0,0,100,100,0,0,0,0,0,100,100,0,0.000000,0,8728,0.000000,0,0,0,0,432,332,300,32,400,16528,12628,0,0,0,0,432,0,0,0,0,764,9400
902,W1,4,4,8,8,0,0,0,0,0,0,0,100,100,0,0,0,0,0,100,100,0,0.000000,0,8728,0.000000,0,0,0,0,432,332,300,32,400,16528,12628,0,0,0,0,432,0,0,0,0,812,9400
903,W1,4,4,8,8,0,0,0,0,0,0,0,100,100,0,0,0,0,0,100,100,0,0.000000,0,8728,0.000000,0,0,0,0,432,332,300,32,400,16528,12628,0,0,0,0,432,0,0,0,0,728,9400
904,W1,4,4,8,8,0,0,0,0,0,0,0,100,100,0,0,0,0,0,100,100,0,0.000000,0,8728,0.000000,0,0,0,0,432,332,300,32,400,16528,12628,0,0,0,0,432,0,0,0,0,724,9400
905,W1,4,4,8,8,0,0,0,0,0,0,0,100,100,100,0,0,0,0,100,100,100,100.000000,1600,8728,18.331806,10,10,10,10,432,332,300,32,400,16528,12628,0,0,0,0,432,0,0,0,0,714,9400
906,W1,4,4,8,8,0,0,0,0,0,0,0,100,100,0,0,0,0,0,100,100,0,0.000000,0,8728,0.000000,0,0,0,0,432,332,300,32,400,16528,12628,0,0,0,0,432,0,0,0,0,715,9400
907,W1,4,4,8,8,0,0,0,0,0,0,0,100,100,0,0,0,0,0,100,100,0,0.000000,0,8728,0.000000,0,0,0,0,432,332,300,32,400,16528,12628,0,0,0,0,432,0,0,0,0,731,9400
908,W1,4,4,8,8,0,0,0,0,0,0,0,100,100,0,0,0,0,0,100,100,0,0.000000,0,8728,0.000000,0,0,0,0,432,332,300,32,400,16528,12628,0,0,0,0,432,0,0,0,0,741,9400
909,W1,4,4,8,8,0,0,0,0,0,0,0,100,100,0,0,0,0,0,100,100,0,0.000000,0,8728,0.000000,0,0,0,0,432,332,300,32,400,16528,12628,0,0,0,0,432,0,0,0,0,736,9400
910,W1,4,4,8,8,0,0,0,0,0,0,0,100,100,0,0,0,0,0,100,100,0,0.000000,0,8728,0.000000,0,0,0,0,432,332,300,32,400,16528,12628,0,0,0,0,432,0,0,0,0,757,9400
911,W1,4,4,8,8,0,0,0,0,0,0,0,100,100,0,0,0,0,0,100,100,0,0.000000,0,8728,0.000000,0,0,0,0,432,332,300,32,400,16528,12628,0,0,0,0,432,0,0,0,0,738,9400
912,W1,4,4,8,8,0,0,0,0,0,0,0,100,100,0,0,0,0,0,100,100,0,0.000000,0,8728,0.000000,0,0,0,0,432,332,300,32,400,16528,12628,0,0,0,0,432,0,0,0,0,745,9400
913,W1,4,4,8,8,0,0,0,0,0,0,0,100,100,0,0,0,0,0,100,100,0,0.000000,0,8728,0.000000,0,0,0,0,432,332,300,32,400,16528,12628,0,0,0,0,432,0,0,0,0,782,9400
914,W1,4,4,8,8,0,0,0,0,0,0,0,100,100,100,0,0,0,0,100,100,100,100.000000,1600,8728,18.331806,10,10,10,10,432,332,300,32,400,16528,12628,0,0,0,0,432,0,0,0,0,763,9400
915,W1,4,4,8,8,0,0,0,0,0,0,0,100,100,0,0,0,0,0,100,100,0,0.000000,0,8728,0.000000,0,0,0,0,432,332,300,32,400,16528,12628,0,0,0,0,432,0,0,0,0,726,9400
916,W1,4,4,8,8,0,0,0,0,0,0,0,100,100,0,0,0,0,0,100,100,0,0.000000,0,8728,0.000000,0,0,0,0,432,332,300,32,400,16528,12628,0,0,0,0,432,0,0,0,0,783,9400
917,W1,4,4,8,8,0,0,0,0,0,0,0,100,100,0,0,0,0,0,100,100,0,0.000000,0,8728,0.000000,0,0,0,0,432,332,300,32,400,16528,12628,0,0,0,0,432,0,0,0,0,738,9400
918,W1,4,4,8,8,0,0,0,0,0,0,0,100,100,0,0,0,0,0,100,100,0,0.000000,0,8728,0.000000,0,0,0,0,432,332,300,32,400,16528,12628,0,0,0,0,432,0,0,0,0,741,9400
919,W1,4,4,8,8,0,0,0,0,0,0,0,100,100,0,0,0,0,0,100,100,0,0.000000,0,8728,0.000000,0,0,0,0,432,332,300,32,400,16528,12628,0,0,0,0,432,0,0,0,0,761,9400
920,W1,4,4,8,8,0,0,0,0,0,0,0,100,100,0,0,0,0,0,100,100,0,0.000000,0,8728,0.000000,0,0,0,0,432,332,300,32,400,16528,12628,0,0,0,0,432,0,0,0,0,773,9400
921,W1,4,4,8,8,0,0,0,0,0,0,0,100,100,0,0,0,0,0,100,100,0,0.000000,0,8728,0.000000,0,0,0,0,432,332,300,32,400,16528,12628,0,0,0,0,432,0,0,0,0,790,9400
922,W1,4,4,8,8,0,0,0,0,0,0,0,100,100,0,0,0,0,0,100,100,0,0.000000,0,8728,0.000000,0,0,0,0,432,332,300,32,400,16528,12628,0,0,0,0,432,0,0,0,0,741,9400
923,W1,4,4,8,8,0,0,0,0,0,0,0,100,100,100,0,0,0,0,100,100,100,100.000000,1600,8728,18.331806,10,10,10,10,432,332,300,32,400,16528,12628,0,0,0,0,432,0,0,0,0,755,9400
924,W1,4,4,8,8,0,0,0,0,0,0,0,100,100,0,0,0,0,0,100,100,0,0.000000,0,8728,0.000000,0,0,0,0,432,332,300,32,400,16528,12628,0,0,0,0,432,0,0,0,0,730,9400
925,W1,4,4,8,8,0,0,0,0,0,0,0,100,100,0,0,0,0,0,100,100,0,0.000000,0,8728,0.000000,0,0,0,0,432,332,300,32,400,16528,12628,0,0,0,0,432,0,0,0,0,751,9400
926,W1,4,4,8,8,0,0,0,0,0,0,0,100,100,0,0,0,0,0,100,100,0,0.000000,0,8728,0.000000,0,0,0,0,432,332,300,32,400,16528,12628,0,0,0,0,432,0,0,0,0,807,9400
927,W1,4,4,8,8,0,0,0,0,0,0,0,100,100,0,0,0,0,0,100,100,0,0.000000,0,8728,0.000000,0,0,0,0,432,332,300,32,400,16528,12628,0,0,0,0,432,0,0,0,0,742,9400
928,W1,4,4,8,8,0,0,0,0,0,0,0,100,100,0,0,0,0,0,100,100,0,0.000000,0,8728,0.000000,0,0,0,0,432,332,300,32,400,16528,12628,0,0,0,0,432,0,0,0,0,803,9400
929,W1,4,4,8,8,0,0,0,0,0,0,0,100,100,0,0,0,0,0,100,100,0,0.000000,0,8728,0.000000,0,0,0,0,432,332,300,32,400,16528,12628,0,0,0,0,432,0,0,0,0,759,9400
930,W1,4,4,8,8,0,0,0,0,0,0,0,100,100,0,0,0,0,0,100,100,0,0.000000,0,8728,0.000000,0,0,0,0,432,332,300,32,400,16528,12628,0,0,0,0,432,0,0,0,0,761,9400
931,W1,4,4,8,8,0,0,0,0,0,0,0,100,100,0,0,0,0,0,100,100,0,0.000000,0,8728,0.000000,0,0,0,0,432,332,300,32,400,16528,12628,0,0,0,0,432,0,0,0,0,755,9400
932,W1,4,4,8,8,0,0,0,0,0,0,0,100,100,100,0,0,0,0,100,100,100,100.000000,1600,8728,18.331806,10,10,10,10,432,332,300,32,400,16528,12628,0,0,0,0,432,0,0,0,0,779,9400
933,W1,4,4,8,8,0,0,0,0,0,0,0,100,100,0,0,0,0,0,100,100,0,0.000000,0,8728,0.000000,0,0,0,0,432,332,300,32,400,16528,12628,0,0,0,0,432,0,0,0,0,800,9400
934,W1,4,4,8,8,0,0,0,0,0,0,0,100,100,0,0,0,0,0,100,100,0,0.000000,0,8728,0.000000,0,0,0,0,432,332,300,32,400,16528,12628,0,0,0,0,432,0,0,0,0,748,9400
935,W1,4,4,8,8,0,0,0,0,0,0,0,100,100,0,0,0,0,0,100,100,0,0.000000,0,8728,0.000000,0,0,0,0,432,332,300,32,400,16528,12628,0,0,0,0,432,0,0,0,0,795,9400
936,W1,4,4,8,8,0,0,0,0,0,0,0,100,100,0,0,0,0,0,100,100,0,0.000000,0,8728,0.000000,0,0,0,0,432,332,300,32,400,16528,12628,0,0,0,0,432,0,0,0,0,823,9400
937,W1,4,4,8,8,0,0,0,0,0,0,0,100,100,0,0,0,0,0,100,100,0,0.000000,0,8728,0.000000,0,0,0,0,432,332,300,32,400,16528,12628,0,0,0,0,432,0,0,0,0,749,9400
938,W1,4,4,8,8,0,0,0,0,0,0,0,100,100,0,0,0,0,0,100,100,0,0.000000,0,8728,0.000000,0,0,0,0,432,332,300,32,400,16528,12628,0,0,0,0,432,0,0,0,0,743,9400
939,W1,4,4,8,8,0,0,0,0,0,0,0,100,100,0,0,0,0,0,100,100,0,0.000000,0,8728,0.000000,0,0,0,0,432,332,300,32,400,16528,12628,0,0,0,0,432,0,0,0,0,802,9400
940,W1,4,4,8,8,0,0,0,0,0,0,0,100,100,0,0,0,0,0,100,100,0,0.000000,0,8728,0.000000,0,0,0,0,432,332,300,32,400,16528,12628,0,0,0,0,432,0,0,0,0,779,9400
941,W1,4,4,8,8,0,0,0,0,0,0,0,100,100,100,0,0,0,0,100,100,100,100.000000,1600,8728,18.331806,10,10,10,10,432,332,300,32,400,16528,12628,0,0,0,0,432,0,0,0,0,788,9400
942,W1,4,4,8,8,0,0,0,0,0,0,0,100,100,0,0,0,0,0,100,100,0,0.000000,0,8728,0.000000,0,0,0,0,432,332,300,32,400,16528,12628,0,0,0,0,432,0,0,0,0,759,9400
943,W1,4,4,8,8,0,0,0,0,0,0,0,100,100,0,0,0,0,0,100,100,0,0.000000,0,8728,0.000000,0,0,0,0,432,332,300,32,400,16528,12628,0,0,0,0,432,0,0,0,0,759,9400
944,W1,4,4,8,8,0,0,0,0,0,0,0,100,100,0,0,0,0,0,100,100,0,0.000000,0,8728,0.000000,0,0,0,0,432,332,300,32,400,16528,12628,0,0,0,0,432,0,0,0,0,802,9400
945,W1,4,4,8,8,0,0,0,0,0,0,0,100,100,0,0,0,0,0,100,100,0,0.000000,0,8728,0.000000,0,0,0,0,432,332,300,32,400,16528,12628,0,0,0,0,432,0,0,0,0,729,9400
946,W1,4,4,8,8,0,0,0,0,0,0,0,100,100,0,0,0,0,0,100,100,0,0.000000,0,8728,0.000000,0,0,0,0,432,332,300,32,400,16528,12628,0,0,0,0,432,0,0,0,0,739,9400
947,W1,4,4,8,8,0,0,0,0,0,0,0,100,100,0,0,0,0,0,100,100,0,0.000000,0,8728,0.000000,0,0,0,0,432,332,300,32,400,16528,12628,0,0,0,0,432,0,0,0,0,742,9400
948,W1,4,4,8,8,0,0,0,0,0,0,0,100,100,0,0,0,0,0,100,100,0,0.000000,0,8728,0.000000,0,0,0,0,432,332,300,32,400,16528,12628,0,0,0,0,432,0,0,0,0,749,9400
949,W1,4,4,8,8,0,0,0,0,0,0,0,100,100,0,0,0,0,0,100,100,0,0.000000,0,8728,0.000000,0,0,0,0,432,332,300,32,400,16528,12628,0,0,0,0,432,0,0,0,0,752,9400
950,W1,4,4,8,8,0,0,0,0,0,0,0,100,100,100,0,0,0,0,100,100,100,100.000000,1600,8728,18.331806,10,10,10,10,432,332,300,32,400,16528,12628,0,0,0,0,432,0,0,0,0,750,9400
951,W1,4,4,8,8,0,0,0,0,0,0,0,100,100,0,0,0,0,0,100,100,0,0.000000,0,8728,0.000000,0,0,0,0,432,332,300,32,400,16528,12628,0,0,0,0,432,0,0,0,0,740,9400
952,W1,4,4,8,8,0,0,0,0,0,0,0,100,100,0,0,0,0,0,100,100,0,0.000000,0,8728,0.000000,0,0,0,0,432,332,300,32,400,16528,12628,0,0,0,0,432,0,0,0,0,736,9400
953,W1,4,4,8,8,0,0,0,0,0,0,0,100,100,0,0,0,0,0,100,100,0,0.000000,0,8728,0.000000,0,0,0,0,432,332,300,32,400,16528,12628,0,0,0,0,432,0,0,0,0,756,9400
954,W1,4,4,8,8,0,0,0,0,0,0,0,100,100,0,0,0,0,0,100,100,0,0.000000,0,8728,0.000000,0,0,0,0,432,332,300,32,400,16528,12628,0,0,0,0,432,0,0,0,0,746,9400
955,W1,4,4,8,8,0,0,0,0,0,0,0,100,100,0,0,0,0,0,100,100,0,0.000000,0,8728,0.000000,0,0,0,0,432,332,300,32,400,16528,12628,0,0,0,0,432,0,0,0,0,805,9400
956,W1,4,4,8,8,0,0,0,0,0,0,0,100,100,0,0,0,0,0,100,100,0,0.000000,0,8728,0.000000,0,0,0,0,432,332,300,32,400,16528,12628,0,0,0,0,432,0,0,0,0,732,9400
957,W1,4,4,8,8,0,0,0,0,0,0,0,100,100,0,0,0,0,0,100,100,0,0.000000,0,8728,0.000000,0,0,0,0,432,332,300,32,400,16528,12628,0,0,0,0,432,0,0,0,0,748,9400
958,W1,4,4,8,8,0,0,0,0,0,0,0,100,100,0,0,0,0,0,100,100,0,0.000000,0,8728,0.000000,0,0,0,0,432,332,300,32,400,16528,12628,0,0,0,0,432,0,0,0,0,771,9400
959,W1,4,4,8,8,0,0,0,0,0,0,0,100,100,100,0,0,0,0,100,100,100,100.000000,1600,8728,18.331806,10,10,10,10,432,332,300,32,400,16528,12628,0,0,0,0,432,0,0,0,0,717,9400
960,W1,4,4,8,8,0,0,0,0,0,0,0,100,100,0,0,0,0,0,100,100,0,0.000000,0,8728,0.000000,0,0,0,0,432,332,300,32,400,16528,12628,0,0,0,0,432,0,0,0,0,714,9400
961,W1,4,4,8,8,0,0,0,0,0,0,0,100,100,0,0,0,0,0,100,100,0,0.000000,0,8728,0.000000,0,0,0,0,432,332,300,32,400,16528,12628,0,0,0,0,432,0,0,0,0,755,9400
962,W1,4,4,8,8,0,0,0,0,0,0,0,100,100,0,0,0,0,0,100,100,0,0.000000,0,8728,0.000000,0,0,0,0,432,332,300,32,400,16528,12628,0,0,0,0,432,0,0,0,0,720,9400
963,W1,4,4,8,8,0,0,0,0,0,0,0,100,100,0,0,0,0,0,100,100,0,0.000000,0,8728,0.000000,0,0,0,0,432,332,300,32,400,16528,12628,0,0,0,0,432,0,0,0,0,800,9400
964,W1,4,4,8,8,0,0,0,0,0,0,0,100,100,0,0,0,0,0,100,100,0,0.000000,0,8728,0.000000,0,0,0,0,432,332,300,32,400,16528,12628,0,0,0,0,432,0,0,0,0,742,9400
965,W1,4,4,8,8,0,0,0,0,0,0,0,100,100,0,0,0,0,0,100,100,0,0.000000,0,8728,0.000000,0,0,0,0,432,332,300,32,400,16528,12628,0,0,0,0,432,0,0,0,0,748,9400
966,W1,4,4,8,8,0,0,0,0,0,0,0,100,100,0,0,0,0,0,100,100,0,0.000000,0,8728,0.000000,0,0,0,0,432,332,300,32,400,16528,12628,0,0,0,0,432,0,0,0,0,736,9400
967,W1,4,4,8,8,0,0,0,0,0,0,0,100,100,0,0,0,0,0,100,100,0,0.000000,0,8728,0.000000,0,0,0,0,432,332,300,32,400,16528,12628,0,0,0,0,432,0,0,0,0,717,9400
968,W1,4,4,8,8,0,0,0,0,0,0,0,100,100,100,0,0,0,0,100,100,100,100.000000,1600,8728,18.331806,10,10,10,10,432,332,300,32,400,16528,12628,0,0,0,0,432,0,0,0,0,722,9400
969,W1,4,4,8,8,0,0,0,0,0,0,0,100,100,0,0,0,0,0,100,100,0,0.000000,0,8728,0.000000,0,0,0,0,432,332,300,32,400,16528,12628,0,0,0,0,432,0,0,0,0,744,9400
970,W1,4,4,8,8,0,0,0,0,0,0,0,100,100,0,0,0,0,0,100,100,0,0.000000,0,8728,0.000000,0,0,0,0,432,332,300,32,400,16528,12628,0,0,0,0,432,0,0,0,0,756,9400
971,W1,4,4,8,8,0,0,0,0,0,0,0,100,100,0,0,0,0,0,100,100,0,0.000000,0,8728,0.000000,0,0,0,0,432,332,300,32,400,16528,12628,0,0,0,0,432,0,0,0,0,750,9400
972,W1,4,4,8,8,0,0,0,0,0,0,0,100,100,0,0,0,0,0,100,100,0,0.000000,0,8728,0.000000,0,0,0,0,432,332,300,32,400,16528,12628,0,0,0,0,432,0,0,0,0,788,9400
973,W1,4,4,8,8,0,0,0,0,0,0,0,100,100,0,0,0,0,0,100,100,0,0.000000,0,8728,0.000000,0,0,0,0,432,332,300,32,400,16528,12628,0,0,0,0,432,0,0,0,0,749,9400
974,W1,4,4,8,8,0,0,0,0,0,0,0,100,100,0,0,0,0,0,100,100,0,0.000000,0,8728,0.000000,0,0,0,0,432,332,300,32,400,16528,12628,0,0,0,0,432,0,0,0,0,785,9400
975,W1,4,4,8,8,0,0,0,0,0,0,0,100,100,0,0,0,0,0,100,100,0,0.000000,0,8728,0.000000,0,0,0,0,432,332,300,32,400,16528,12628,0,0,0,0,432,0,0,0,0,726,9400
976,W1,4,4,8,8,0,0,0,0,0,0,0,100,100,0,0,0,0,0,100,100,0,0.000000,0,8728,0.000000,0,0,0,0,432,332,300,32,400,16528,12628,0,0,0,0,432,0,0,0,0,752,9400
977,W1,4,4,8,8,0,0,0,0,0,0,0,100,100,100,0,0,0,0,100,100,100,100.000000,1600,8728,18.331806,10,10,10,10,432,332,300,32,400,16528,12628,0,0,0,0,432,0,0,0,0,786,9400
978,W1,4,4,8,8,0,0,0,0,0,0,0,100,100,0,0,0,0,0,100,100,0,0.000000,0,8728,0.000000,0,0,0,0,432,332,300,32,400,16528,12628,0,0,0,0,432,0,0,0,0,755,9400
979,W1,4,4,8,8,0,0,0,0,0,0,0,100,100,0,0,0,0,0,100,100,0,0.000000,0,8728,0.000000,0,0,0,0,432,332,300,32,400,16528,12628,0,0,0,0,432,0,0,0,0,747,9400
980,W1,4,4,8,8,0,0,0,0,0,0,0,100,100,0,0,0,0,0,100,100,0,0.000000,0,8728,0.000000,0,0,0,0,432,332,300,32,400,16528,12628,0,0,0,0,432,0,0,0,0,764,9400
981,W1,4,4,8,8,0,0,0,0,0,0,0,100,100,0,0,0,0,0,100,100,0,0.000000,0,8728,0.000000,0,0,0,0,432,332,300,32,400,16528,12628,0,0,0,0,432,0,0,0,0,794,9400
982,W1,4,4,8,8,0,0,0,0,0,0,0,100,100,0,0,0,0,0,100,100,0,0.000000,0,8728,0.000000,0,0,0,0,432,332,300,32,400,16528,12628,0,0,0,0,432,0,0,0,0,732,9400
983,W1,4,4,8,8,0,0,0,0,0,0,0,100,100,0,0,0,0,0,100,100,0,0.000000,0,8728,0.000000,0,0,0,0,432,332,300,32,400,16528,12628,0,0,0,0,432,0,0,0,0,761,9400
984,W1,4,4,8,8,0,0,0,0,0,0,0,100,100,0,0,0,0,0,100,100,0,0.000000,0,8728,0.000000,0,0,0,0,432,332,300,32,400,16528,12628,0,0,0,0,432,0,0,0,0,787,9400
985,W1,4,4,8,8,0,0,0,0,0,0,0,100,100,0,0,0,0,0,100,100,0,0.000000,0,8728,0.000000,0,0,0,0,432,332,300,32,400,16528,12628,0,0,0,0,432,0,0,0,0,763,9400
986,W1,4,4,8,8,0,0,0,0,0,0,0,100,100,100,0,0,0,0,100,100,100,100.000000,1600,8728,18.331806,10,10,10,10,432,332,300,32,400,16528,12628,0,0,0,0,432,0,0,0,0,749,9400
987,W1,4,4,8,8,0,0,0,0,0,0,0,100,100,0,0,0,0,0,100,100,0,0.000000,0,8728,0.000000,0,0,0,0,432,332,300,32,400,16528,12628,0,0,0,0,432,0,0,0,0,737,9400
988,W1,4,4,8,8,0,0,0,0,0,0,0,100,100,0,0,0,0,0,100,100,0,0.000000,0,8728,0.000000,0,0,0,0,432,332,300,32,400,16528,12628,0,0,0,0,432,0,0,0,0,719,9400
989,W1,4,4,8,8,0,0,0,0,0,0,0,100,100,0,0,0,0,0,100,100,0,0.000000,0,8728,0.000000,0,0,0,0,432,332,300,32,400,16528,12628,0,0,0,0,432,0,0,0,0,712,9400
990,W1,4,4,8,8,0,0,0,0,0,0,0,100,100,0,0,0,0,0,100,100,0,0.000000,0,8728,0.000000,0,0,0,0,432,332,300,32,400,16528,12628,0,0,0,0,432,0,0,0,0,799,9400
991,W1,4,4,8,8,0,0,0,0,0,0,0,100,100,0,0,0,0,0,100,100,0,0.000000,0,8728,0.000000,0,0,0,0,432,332,300,32,400,16528,12628,0,0,0,0,432,0,0,0,0,751,9400
992,W1,4,4,8,8,0,0,0,0,0,0,0,100,100,0,0,0,0,0,100,100,0,0.000000,0,8728,0.000000,0,0,0,0,432,332,300,32,400,16528,12628,0,0,0,0,432,0,0,0,0,793,9400
993,W1,4,4,8,8,0,0,0,0,0,0,0,100,100,0,0,0,0,0,100,100,0,0.000000,0,8728,0.000000,0,0,0,0,432,332,300,32,400,16528,12628,0,0,0,0,432,0,0,0,0,764,9400
994,W1,4,4,8,8,0,0,0,0,0,0,0,100,100,0,0,0,0,0,100,100,0,0.000000,0,8728,0.000000,0,0,0,0,432,332,300,32,400,16528,12628,0,0,0,0,432,0,0,0,0,765,9400
995,W1,4,4,8,8,0,0,0,0,0,0,0,100,100,100,0,0,0,0,100,100,100,100.000000,1600,8728,18.331806,10,10,10,10,432,332,300,32,400,16528,12628,0,0,0,0,432,0,0,0,0,723,9400
996,W1,4,4,8,8,0,0,0,0,0,0,0,100,100,0,0,0,0,0,100,100,0,0.000000,0,8728,0.000000,0,0,0,0,432,332,300,32,400,16528,12628,0,0,0,0,432,0,0,0,0,719,9400
997,W1,4,4,8,8,0,0,0,0,0,0,0,100,100,0,0,0,0,0,100,100,0,0.000000,0,8728,0.000000,0,0,0,0,432,332,300,32,400,16528,12628,0,0,0,0,432,0,0,0,0,714,9400
998,W1,4,4,8,8,0,0,0,0,0,0,0,100,100,0,0,0,0,0,100,100,0,0.000000,0,8728,0.000000,0,0,0,0,432,332,300,32,400,16528,12628,0,0,0,0,432,0,0,0,0,768,9400
999,W1,4,4,8,8,0,0,0,0,0,0,0,100,100,0,0,0,0,0,100,100,0,0.000000,0,8728,0.000000,0,0,0,0,432,332,300,32,400,16528,12628,0,0,0,0,432,0,0,0,0,763,9400
1000,W1,4,4,8,8,0,0,0,0,0,0,0,100,100,0,0,0,0,0,100,100,0,0.000000,0,8728,0.000000,0,0,0,0,432,332,300,32,400,16528,12628,0,0,0,0,432,0,0,0,0,731,9400
1001,W1,4,4,8,8,0,0,0,0,0,0,0,100,100,0,0,0,0,0,100,100,0,0.000000,0,8728,0.000000,0,0,0,0,432,332,300,32,400,16528,12628,0,0,0,0,432,0,0,0,0,769,9400
1002,W1,4,4,8,8,0,0,0,0,0,0,0,100,100,0,0,0,0,0,100,100,0,0.000000,0,8728,0.000000,0,0,0,0,432,332,300,32,400,16528,12628,0,0,0,0,432,0,0,0,0,746,9400
1003,W1,4,4,8,8,0,0,0,0,0,0,0,100,100,0,0,0,0,0,100,100,0,0.000000,0,8728,0.000000,0,0,0,0,432,332,300,32,400,16528,12628,0,0,0,0,432,0,0,0,0,741,9400
1004,W1,4,4,8,8,0,0,0,0,0,0,0,100,100,100,0,0,0,0,100,100,100,100.000000,1600,8728,18.331806,10,10,10,10,432,332,300,32,400,16528,12628,0,0,0,0,432,0,0,0,0,741,9400
1005,W1,4,4,8,8,0,0,0,0,0,0,0,100,100,0,0,0,0,0,100,100,0,0.000000,0,8728,0.000000,0,0,0,0,432,332,300,32,400,16528,12628,0,0,0,0,432,0,0,0,0,722,9400
1006,W1,4,4,8,8,0,0,0,0,0,0,0,100,100,0,0,0,0,0,100,100,0,0.000000,0,8728,0.000000,0,0,0,0,432,332,300,32,400,16528,12628,0,0,0,0,432,0,0,0,0,778,9400
1007,W1,4,4,8,8,0,0,0,0,0,0,0,100,100,0,0,0,0,0,100,100,0,0.000000,0,8728,0.000000,0,0,0,0,432,332,300,32,400,16528,12628,0,0,0,0,432,0,0,0,0,730,9400
1008,W1,4,4,8,8,0,0,0,0,0,0,0,100,100,0,0,0,0,0,100,100,0,0.000000,0,8728,0.000000,0,0,0,0,432,332,300,32,400,16528,12628,0,0,0,0,432,0,0,0,0,797,9400
1009,W1,4,4,8,8,0,0,0,0,0,0,0,100,100,0,0,0,0,0,100,100,0,0.000000,0,8728,0.000000,0,0,0,0,432,332,300,32,400,16528,12628,0,0,0,0,432,0,0,0,0,736,9400
1010,W1,4,4,8,8,0,0,0,0,0,0,0,100,100,0,0,0,0,0,100,100,0,0.000000,0,8728,0.000000,0,0,0,0,432,332,300,32,400,16528,12628,0,0,0,0,432,0,0,0,0,732,9400
1011,W1,4,4,8,8,0,0,0,0,0,0,0,100,100,0,0,0,0,0,100,100,0,0.000000,0,8728,0.000000,0,0,0,0,432,332,300,32,400,16528,12628,0,0,0,0,432,0,0,0,0,725,9400
1012,W1,4,4,8,8,0,0,0,0,0,0,0,100,100,0,0,0,0,0,100,100,0,0.000000,0,8728,0.000000,0,0,0,0,432,332,300,32,400,16528,12628,0,0,0,0,432,0,0,0,0,784,9400
1013,W1,4,4,8,8,0,0,0,0,0,0,0,100,100,100,0,0,0,0,100,100,100,100.000000,1600,8728,18.331806,10,10,10,10,432,332,300,32,400,16528,12628,0,0,0,0,432,0,0,0,0,737,9400
1014,W1,4,4,8,8,0,0,0,0,0,0,0,100,100,0,0,0,0,0,100,100,0,0.000000,0,8728,0.000000,0,0,0,0,432,332,300,32,400,16528,12628,0,0,0,0,432,0,0,0,0,731,9400
1015,W1,4,4,8,8,0,0,0,0,0,0,0,100,100,0,0,0,0,0,100,100,0,0.000000,0,8728,0.000000,0,0,0,0,432,332,300,32,400,16528,12628,0,0,0,0,432,0,0,0,0,748,9400
1016,W1,4,4,8,8,0,0,0,0,0,0,0,100,100,0,0,0,0,0,100,100,0,0.000000,0,8728,0.000000,0,0,0,0,432,332,300,32,400,16528,12628,0,0,0,0,432,0,0,0,0,729,9400
1017,W1,4,4,8,8,0,0,0,0,0,0,0,100,100,0,0,0,0,0,100,100,0,0.000000,0,8728,0.000000,0,0,0,0,432,332,300,32,400,16528,12628,0,0,0,0,432,0,0,0,0,757,9400
1018,W1,4,4,8,8,0,0,0,0,0,0,0,100,100,0,0,0,0,0,100,100,0,0.000000,0,8728,0.000000,0,0,0,0,432,332,300,32,400,16528,12628,0,0,0,0,432,0,0,0,0,774,9400
1019,W1,4,4,8,8,0,0,0,0,0,0,0,100,100,0,0,0,0,0,100,100,0,0.000000,0,8728,0.000000,0,0,0,0,432,332,300,32,400,16528,12628,0,0,0,0,432,0,0,0,0,791,9400
1020,W1,4,4,8,8,0,0,0,0,0,0,0,100,100,0,0,0,0,0,100,100,0,0.000000,0,8728,0.000000,0,0,0,0,432,332,300,32,400,16528,12628,0,0,0,0,432,0,0,0,0,752,9400
1021,W1,4,4,8,8,0,0,0,0,0,0,0,100,100,0,0,0,0,0,100,100,0,0.000000,0,8728,0.000000,0,0,0,0,432,332,300,32,400,16528,12628,0,0,0,0,432,0,0,0,0,725,9400
1022,W1,4,4,8,8,0,0,0,0,0,0,0,100,100,100,0,0,0,0,100,100,100,100.000000,1600,8728,18.331806,10,10,10,10,432,332,300,32,400,16528,12628,0,0,0,0,432,0,0,0,0,728,9400
1023,W1,4,4,8,8,0,0,0,0,0,0,0,100,100,0,0,0,0,0,100,100,0,0.000000,0,8728,0.000000,0,0,0,0,432,332,300,32,400,16528,12628,0,0,0,0,432,0,0,0,0,725,9400
1024,W1,4,4,8,8,0,0,0,0,0,0,0,100,100,0,0,0,0,0,100,100,0,0.000000,0,8728,0.000000,0,0,0,0,432,332,300,32,400,16528,12628,0,0,0,0,432,0,0,0,0,728,9400
1025,W1,4,4,8,8,0,0,0,0,0,0,0,100,100,0,0,0,0,0,100,100,0,0.000000,0,8728,0.000000,0,0,0,0,432,332,300,32,400,16528,12628,0,0,0,0,432,0,0,0,0,728,9400
1026,W1,4,4,8,8,0,0,0,0,0,0,0,100,100,0,0,0,0,0,100,100,0,0.000000,0,8728,0.000000,0,0,0,0,432,332,300,32,400,16528,12628,0,0,0,0,432,0,0,0,0,759,9400
1027,W1,4,4,8,8,0,0,0,0,0,0,0,100,100,0,0,0,0,0,100,100,0,0.000000,0,8728,0.000000,0,0,0,0,432,332,300,32,400,16528,12628,0,0,0,0,432,0,0,0,0,747,9400
1028,W1,4,4,8,8,0,0,0,0,0,0,0,100,100,0,0,0,0,0,100,100,0,0.000000,0,8728,0.000000,0,0,0,0,432,332,300,32,400,16528,12628,0,0,0,0,432,0,0,0,0,736,9400
1029,W1,4,4,8,8,0,0,0,0,0,0,0,100,100,0,0,0,0,0,100,100,0,0.000000,0,8728,0.000000,0,0,0,0,432,332,300,32,400,16528,12628,0,0,0,0,432,0,0,0,0,724,9400
1030,W1,4,4,8,8,0,0,0,0,0,0,0,100,100,0,0,0,0,0,100,100,0,0.000000,0,8728,0.000000,0,0,0,0,432,332,300,32,400,16528,12628,0,0,0,0,432,0,0,0,0,762,9400
1031,W1,4,4,8,8,0,0,0,0,0,0,0,100,100,100,0,0,0,0,100,100,100,100.000000,1600,8728,18.331806,10,10,10,10,432,332,300,32,400,16528,12628,0,0,0,0,432,0,0,0,0,742,9400
1032,W1,4,4,8,8,0,0,0,0,0,0,0,100,100,0,0,0,0,0,100,100,0,0.000000,0,8728,0.000000,0,0,0,0,432,332,300,32,400,16528,12628,0,0,0,0,432,0,0,0,0,734,9400
1033,W1,4,4,8,8,0,0,0,0,0,0,0,100,100,0,0,0,0,0,100,100,0,0.000000,0,8728,0.000000,0,0,0,0,432,332,300,32,400,16528,12628,0,0,0,0,432,0,0,0,0,761,9400
1034,W1,4,4,8,8,0,0,0,0,0,0,0,100,100,0,0,0,0,0,100,100,0,0.000000,0,8728,0.000000,0,0,0,0,432,332,300,32,400,16528,12628,0,0,0,0,432,0,0,0,0,755,9400
1035,W1,4,4,8,8,0,0,0,0,0,0,0,100,100,0,0,0,0,0,100,100,0,0.000000,0,8728,0.000000,0,0,0,0,432,332,300,32,400,16528,12628,0,0,0,0,432,0,0,0,0,777,9400
1036,W1,4,4,8,8,0,0,0,0,0,0,0,100,100,0,0,0,0,0,100,100,0,0.000000,0,8728,0.000000,0,0,0,0,432,332,300,32,400,16528,12628,0,0,0,0,432,0,0,0,0,734,9400
1037,W1,4,4,8,8,0,0,0,0,0,0,0,100,100,0,0,0,0,0,100,100,0,0.000000,0,8728,0.000000,0,0,0,0,432,332,300,32,400,16528,12628,0,0,0,0,432,0,0,0,0,811,9400
1038,W1,4,4,8,8,0,0,0,0,0,0,0,100,100,0,0,0,0,0,100,100,0,0.000000,0,8728,0.000000,0,0,0,0,432,332,300,32,400,16528,12628,0,0,0,0,432,0,0,0,0,757,9400
1039,W1,4,4,8,8,0,0,0,0,0,0,0,100,100,0,0,0,0,0,100,100,0,0.000000,0,8728,0.000000,0,0,0,0,432,332,300,32,400,16528,12628,0,0,0,0,432,0,0,0,0,732,9400
1040,W1,4,4,8,8,0,0,0,0,0,0,0,100,100,100,0,0,0,0,100,100,100,100.000000,1600,8728,18.331806,10,10,10,10,432,332,300,32,400,16528,12628,0,0,0,0,432,0,0,0,0,784,9400
1041,W1,4,4,8,8,0,0,0,0,0,0,0,100,100,0,0,0,0,0,100,100,0,0.000000,0,8728,0.000000,0,0,0,0,432,332,300,32,400,16528,12628,0,0,0,0,432,0,0,0,0,761,9400
1042,W1,4,4,8,8,0,0,0,0,0,0,0,100,100,0,0,0,0,0,100,100,0,0.000000,0,8728,0.000000,0,0,0,0,432,332,300,32,400,16528,12628,0,0,0,0,432,0,0,0,0,790,9400
1043,W1,4,4,8,8,0,0,0,0,0,0,0,100,100,0,0,0,0,0,100,100,0,0.000000,0,8728,0.000000,0,0,0,0,432,332,300,32,400,16528,12628,0,0,0,0,432,0,0,0,0,768,9400
1044,W1,4,4,8,8,0,0,0,0,0,0,0,100,100,0,0,0,0,0,100,100,0,0.000000,0,8728,0.000000,0,0,0,0,432,332,300,32,400,16528,12628,0,0,0,0,432,0,0,0,0,738,9400
1045,W1,4,4,8,8,0,0,0,0,0,0,0,100,100,0,0,0,0,0,100,100,0,0.000000,0,8728,0.000000,0,0,0,0,432,332,300,32,400,16528,12628,0,0,0,0,432,0,0,0,0,759,9400
1046,W1,4,4,8,8,0,0,0,0,0,0,0,100,100,0,0,0,0,0,100,100,0,0.000000,0,8728,0.000000,0,0,0,0,432,332,300,32,400,16528,12628,0,0,0,0,432,0,0,0,0,751,9400
1047,W1,4,4,8,8,0,0,0,0,0,0,0,100,100,0,0,0,0,0,100,100,0,0.000000,0,8728,0.000000,0,0,0,0,432,332,300,32,400,16528,12628,0,0,0,0,432,0,0,0,0,731,9400
1048,W1,4,4,8,8,0,0,0,0,0,0,0,100,100,0,0,0,0,0,100,100,0,0.000000,0,8728,0.000000,0,0,0,0,432,332,300,32,400,16528,12628,0,0,0,0,432,0,0,0,0,751,9400
1049,W1,4,4,8,8,0,0,0,0,0,0,0,100,100,100,0,0,0,0,100,100,100,100.000000,1600,8728,18.331806,10,10,10,10,432,332,300,32,400,16528,12628,0,0,0,0,432,0,0,0,0,763,9400
1050,W1,4,4,8,8,0,0,0,0,0,0,0,100,100,0,0,0,0,0,100,100,0,0.000000,0,8728,0.000000,0,0,0,0,432,332,300,32,400,16528,12628,0,0,0,0,432,0,0,0,0,792,9400
1051,W1,4,4,8,8,0,0,0,0,0,0,0,100,100,0,0,0,0,0,100,100,0,0.000000,0,8728,0.000000,0,0,0,0,432,332,300,32,400,16528,12628,0,0,0,0,432,0,0,0,0,758,9400
1052,W1,4,4,8,8,0,0,0,0,0,0,0,100,100,0,0,0,0,0,100,100,0,0.000000,0,8728,0.000000,0,0,0,0,432,332,300,32,400,16528,12628,0,0,0,0,432,0,0,0,0,738,9400
1053,W1,4,4,8,8,0,0,0,0,0,0,0,100,100,0,0,0,0,0,100,100,0,0.000000,0,8728,0.000000,0,0,0,0,432,332,300,32,400,16528,12628,0,0,0,0,432,0,0,0,0,728,9400
1054,W1,4,4,8,8,0,0,0,0,0,0,0,100,100,0,0,0,0,0,100,100,0,0.000000,0,8728,0.000000,0,0,0,0,432,332,300,32,400,16528,12628,0,0,0,0,432,0,0,0,0,741,9400
1055,W1,4,4,8,8,0,0,0,0,0,0,0,100,100,0,0,0,0,0,100,100,0,0.000000,0,8728,0.000000,0,0,0,0,432,332,300,32,400,16528,12628,0,0,0,0,432,0,0,0,0,761,9400
1056,W1,4,4,8,8,0,0,0,0,0,0,0,100,100,0,0,0,0,0,100,100,0,0.000000,0,8728,0.000000,0,0,0,0,432,332,300,32,400,16528,12628,0,0,0,0,432,0,0,0,0,783,9400
1057,W1,4,4,8,8,0,0,0,0,0,0,0,100,100,0,0,0,0,0,100,100,0,0.000000,0,8728,0.000000,0,0,0,0,432,332,300,32,400,16528,12628,0,0,0,0,432,0,0,0,0,774,9400
1058,W1,4,4,8,8,0,0,0,0,0,0,0,100,100,100,0,0,0,0,100,100,100,100.000000,1600,8728,18.331806,10,10,10,10,432,332,300,32,400,16528,12628,0,0,0,0,432,0,0,0,0,782,9400
1059,W1,4,4,8,8,0,0,0,0,0,0,0,100,100,0,0,0,0,0,100,100,0,0.000000,0,8728,0.000000,0,0,0,0,432,332,300,32,400,16528,12628,0,0,0,0,432,0,0,0,0,805,9400
1060,W1,4,4,8,8,0,0,0,0,0,0,0,100,100,0,0,0,0,0,100,100,0,0.000000,0,8728,0.000000,0,0,0,0,432,332,300,32,400,16528,12628,0,0,0,0,432,0,0,0,0,820,9400
1061,W1,4,4,8,8,0,0,0,0,0,0,0,100,100,0,0,0,0,0,100,100,0,0.000000,0,8728,0.000000,0,0,0,0,432,332,300,32,400,16528,12628,0,0,0,0,432,0,0,0,0,769,9400
1062,W1,4,4,8,8,0,0,0,0,0,0,0,100,100,0,0,0,0,0,100,100,0,0.000000,0,8728,0.000000,0,0,0,0,432,332,300,32,400,16528,12628,0,0,0,0,432,0,0,0,0,783,9400
1063,W1,4,4,8,8,0,0,0,0,0,0,0,100,100,0,0,0,0,0,100,100,0,0.000000,0,8728,0.000000,0,0,0,0,432,332,300,32,400,16528,12628,0,0,0,0,432,0,0,0,0,770,9400
1064,W1,4,4,8,8,0,0,0,0,0,0,0,100,100,0,0,0,0,0,100,100,0,0.000000,0,8728,0.000000,0,0,0,0,432,332,300,32,400,16528,12628,0,0,0,0,432,0,0,0,0,786,9400
1065,W1,4,4,8,8,0,0,0,0,0,0,0,100,100,0,0,0,0,0,100,100,0,0.000000,0,8728,0.000000,0,0,0,0,432,332,300,32,400,16528,12628,0,0,0,0,432,0,0,0,0,741,9400
1066,W1,4,4,8,8,0,0,0,0,0,0,0,100,100,0,0,0,0,0,100,100,0,0.000000,0,8728,0.000000,0,0,0,0,432,332,300,32,400,16528,12628,0,0,0,0,432,0,0,0,0,734,9400
1067,W1,4,4,8,8,0,0,0,0,0,0,0,100,100,100,0,0,0,0,100,100,100,100.000000,1600,8728,18.331806,10,10,10,10,432,332,300,32,400,16528,12628,0,0,0,0,432,0,0,0,0,731,9400
1068,W1,4,4,8,8,0,0,0,0,0,0,0,100,100,0,0,0,0,0,100,100,0,0.000000,0,8728,0.000000,0,0,0,0,432,332,300,32,400,16528,12628,0,0,0,0,432,0,0,0,0,746,9400
1069,W1,4,4,8,8,0,0,0,0,0,0,0,100,100,0,0,0,0,0,100,100,0,0.000000,0,8728,0.000000,0,0,0,0,432,332,300,32,400,16528,12628,0,0,0,0,432,0,0,0,0,762,9400
1070,W1,4,4,8,8,0,0,0,0,0,0,0,100,100,0,0,0,0,0,100,100,0,0.000000,0,8728,0.000000,0,0,0,0,432,332,300,32,400,16528,12628,0,0,0,0,432,0,0,0,0,755,9400
1071,W1,4,4,8,8,0,0,0,0,0,0,0,100,100,0,0,0,0,0,100,100,0,0.000000,0,8728,0.000000,0,0,0,0,432,332,300,32,400,16528,12628,0,0,0,0,432,0,0,0,0,755,9400
1072,W1,4,4,8,8,0,0,0,0,0,0,0,100,100,0,0,0,0,0,100,100,0,0.000000,0,8728,0.000000,0,0,0,0,432,332,300,32,400,16528,12628,0,0,0,0,432,0,0,0,0,779,9400
1073,W1,4,4,8,8,0,0,0,0,0,0,0,100,100,0,0,0,0,0,100,100,0,0.000000,0,8728,0.000000,0,0,0,0,432,332,300,32,400,16528,12628,0,0,0,0,432,0,0,0,0,765,9400
1074,W1,4,4,8,8,0,0,0,0,0,0,0,100,100,0,0,0,0,0,100,100,0,0.000000,0,8728,0.000000,0,0,0,0,432,332,300,32,400,16528,12628,0,0,0,0,432,0,0,0,0,770,9400
1075,W1,4,4,8,8,0,0,0,0,0,0,0,100,100,0,0,0,0,0,100,100,0,0.000000,0,8728,0.000000,0,0,0,0,432,332,300,32,400,16528,12628,0,0,0,0,432,0,0,0,0,769,9400
1076,W1,4,4,8,8,0,0,0,0,0,0,0,100,100,100,0,0,0,0,100,100,100,100.000000,1600,8728,18.331806,10,10,10,10,432,332,300,32,400,16528,12628,0,0,0,0,432,0,0,0,0,731,9400
1077,W1,4,4,8,8,0,0,0,0,0,0,0,100,100,0,0,0,0,0,100,100,0,0.000000,0,8728,0.000000,0,0,0,0,432,332,300,32,400,16528,12628,0,0,0,0,432,0,0,0,0,739,9400
1078,W1,4,4,8,8,0,0,0,0,0,0,0,100,100,0,0,0,0,0,100,100,0,0.000000,0,8728,0.000000,0,0,0,0,432,332,300,32,400,16528,12628,0,0,0,0,432,0,0,0,0,736,9400
1079,W1,4,4,8,8,0,0,0,0,0,0,0,100,100,0,0,0,0,0,100,100,0,0.000000,0,8728,0.000000,0,0,0,0,432,332,300,32,400,16528,12628,0,0,0,0,432,0,0,0,0,734,9400
1080,W1,4,4,8,8,0,0,0,0,0,0,0,100,100,0,0,0,0,0,100,100,0,0.000000,0,8728,0.000000,0,0,0,0,432,332,300,32,400,16528,12628,0,0,0,0,432,0,0,0,0,720,9400
1081,W1,4,4,8,8,0,0,0,0,0,0,0,100,100,0,0,0,0,0,100,100,0,0.000000,0,8728,0.000000,0,0,0,0,432,332,300,32,400,16528,12628,0,0,0,0,432,0,0,0,0,737,9400
1082,W1,4,4,8,8,0,0,0,0,0,0,0,100,100,0,0,0,0,0,100,100,0,0.000000,0,8728,0.000000,0,0,0,0,432,332,300,32,400,16528,12628,0,0,0,0,432,0,0,0,0,714,9400
1083,W1,4,4,8,8,0,0,0,0,0,0,0,100,100,0,0,0,0,0,100,100,0,0.000000,0,8728,0.000000,0,0,0,0,432,332,300,32,400,16528,12628,0,0,0,0,432,0,0,0,0,729,9400
1084,W1,4,4,8,8,0,0,0,0,0,0,0,100,100,0,0,0,0,0,100,100,0,0.000000,0,8728,0.000000,0,0,0,0,432,332,300,32,400,16528,12628,0,0,0,0,432,0,0,0,0,728,9400
1085,W1,4,4,8,8,0,0,0,0,0,0,0,100,100,100,0,0,0,0,100,100,100,100.000000,1600,8728,18.331806,10,10,10,10,432,332,300,32,400,16528,12628,0,0,0,0,432,0,0,0,0,767,9400
1086,W1,4,4,8,8,0,0,0,0,0,0,0,100,100,0,0,0,0,0,100,100,0,0.000000,0,8728,0.000000,0,0,0,0,432,332,300,32,400,16528,12628,0,0,0,0,432,0,0,0,0,733,9400
1087,W1,4,4,8,8,0,0,0,0,0,0,0,100,100,0,0,0,0,0,100,100,0,0.000000,0,8728,0.000000,0,0,0,0,432,332,300,32,400,16528,12628,0,0,0,0,432,0,0,0,0,788,9400
1088,W1,4,4,8,8,0,0,0,0,0,0,0,100,100,0,0,0,0,0,100,100,0,0.000000,0,8728,0.000000,0,0,0,0,432,332,300,32,400,16528,12628,0,0,0,0,432,0,0,0,0,728,9400
1089,W1,4,4,8,8,0,0,0,0,0,0,0,100,100,0,0,0,0,0,100,100,0,0.000000,0,8728,0.000000,0,0,0,0,432,332,300,32,400,16528,12628,0,0,0,0,432,0,0,0,0,739,9400
1090,W1,4,4,8,8,0,0,0,0,0,0,0,100,100,0,0,0,0,0,100,100,0,0.000000,0,8728,0.000000,0,0,0,0,432,332,300,32,400,16528,12628,0,0,0,0,432,0,0,0,0,723,9400
1091,W1,4,4,8,8,0,0,0,0,0,0,0,100,100,0,0,0,0,0,100,100,0,0.000000,0,8728,0.000000,0,0,0,0,432,332,300,32,400,16528,12628,0,0,0,0,432,0,0,0,0,747,9400
1092,W1,4,4,8,8,0,0,0,0,0,0,0,100,100,0,0,0,0,0,100,100,0,0.000000,0,8728,0.000000,0,0,0,0,432,332,300,32,400,16528,12628,0,0,0,0,432,0,0,0,0,728,9400
1093,W1,4,4,8,8,0,0,0,0,0,0,0,100,100,0,0,0,0,0,100,100,0,0.000000,0,8728,0.000000,0,0,0,0,432,332,300,32,400,16528,12628,0,0,0,0,432,0,0,0,0,774,9400
1094,W1,4,4,8,8,0,0,0,0,0,0,0,100,100,100,0,0,0,0,100,100,100,100.000000,1600,8728,18.331806,10,10,10,10,432,332,300,32,400,16528,12628,0,0,0,0,432,0,0,0,0,739,9400
1095,W1,4,4,8,8,0,0,0,0,0,0,0,100,100,0,0,0,0,0,100,100,0,0.000000,0,8728,0.000000,0,0,0,0,432,332,300,32,400,16528,12628,0,0,0,0,432,0,0,0,0,854,9400
1096,W1,4,4,8,8,0,0,0,0,0,0,0,100,100,0,0,0,0,0,100,100,0,0.000000,0,8728,0.000000,0,0,0,0,432,332,300,32,400,16528,12628,0,0,0,0,432,0,0,0,0,721,9400
1097,W1,4,4,8,8,0,0,0,0,0,0,0,100,100,0,0,0,0,0,100,100,0,0.000000,0,8728,0.000000,0,0,0,0,432,332,300,32,400,16528,12628,0,0,0,0,432,0,0,0,0,790,9400
1098,W1,4,4,8,8,0,0,0,0,0,0,0,100,100,0,0,0,0,0,100,100,0,0.000000,0,8728,0.000000,0,0,0,0,432,332,300,32,400,16528,12628,0,0,0,0,432,0,0,0,0,796,9400
1099,W1,4,4,8,8,0,0,0,0,0,0,0,100,100,0,0,0,0,0,100,100,0,0.000000,0,8728,0.000000,0,0,0,0,432,332,300,32,400,16528,12628,0,0,0,0,432,0,0,0,0,740,9400
1100,W1,4,4,8,8,0,0,0,0,0,0,0,100,100,0,0,0,0,0,100,100,0,0.000000,0,8728,0.000000,0,0,0,0,432,332,300,32,400,16528,12628,0,0,0,0,432,0,0,0,0,731,9400
1101,W1,4,4,8,8,0,0,0,0,0,0,0,100,100,0,0,0,0,0,100,100,0,0.000000,0,8728,0.000000,0,0,0,0,432,332,300,32,400,16528,12628,0,0,0,0,432,0,0,0,0,765,9400
1102,W1,4,4,8,8,0,0,0,0,0,0,0,100,100,0,0,0,0,0,100,100,0,0.000000,0,8728,0.000000,0,0,0,0,432,332,300,32,400,16528,12628,0,0,0,0,432,0,0,0,0,744,9400
1103,W1,4,4,8,8,0,0,0,0,0,0,0,100,100,100,0,0,0,0,100,100,100,100.000000,1600,8728,18.331806,10,10,10,10,432,332,300,32,400,16528,12628,0,0,0,0,432,0,0,0,0,742,9400
1104,W1,4,4,8,8,0,0,0,0,0,0,0,100,100,0,0,0,0,0,100,100,0,0.000000,0,8728,0.000000,0,0,0,0,432,332,300,32,400,16528,12628,0,0,0,0,432,0,0,0,0,748,9400
1105,W1,4,4,8,8,0,0,0,0,0,0,0,100,100,0,0,0,0,0,100,100,0,0.000000,0,8728,0.000000,0,0,0,0,432,332,300,32,400,16528,12628,0,0,0,0,432,0,0,0,0,746,9400
1106,W1,4,4,8,8,0,0,0,0,0,0,0,100,100,0,0,0,0,0,100,100,0,0.000000,0,8728,0.000000,0,0,0,0,432,332,300,32,400,16528,12628,0,0,0,0,432,0,0,0,0,801,9400
1107,W1,4,4,8,8,0,0,0,0,0,0,0,100,100,0,0,0,0,0,100,100,0,0.000000,0,8728,0.000000,0,0,0,0,432,332,300,32,400,16528,12628,0,0,0,0,432,0,0,0,0,730,9400
1108,W1,4,4,8,8,0,0,0,0,0,0,0,100,100,0,0,0,0,0,100,100,0,0.000000,0,8728,0.000000,0,0,0,0,432,332,300,32,400,16528,12628,0,0,0,0,432,0,0,0,0,732,9400
1109,W1,4,4,8,8,0,0,0,0,0,0,0,100,100,0,0,0,0,0,100,100,0,0.000000,0,8728,0.000000,0,0,0,0,432,332,300,32,400,16528,12628,0,0,0,0,432,0,0,0,0,782,9400
1110,W1,4,4,8,8,0,0,0,0,0,0,0,100,100,0,0,0,0,0,100,100,0,0.000000,0,8728,0.000000,0,0,0,0,432,332,300,32,400,16528,12628,0,0,0,0,432,0,0,0,0,854,9400
1111,W1,4,4,8,8,0,0,0,0,0,0,0,100,100,0,0,0,0,0,100,100,0,0.000000,0,8728,0.000000,0,0,0,0,432,332,300,32,400,16528,12628,0,0,0,0,432,0,0,0,0,742,9400
1112,W1,4,4,8,8,0,0,0,0,0,0,0,100,100,100,0,0,0,0,100,100,100,100.000000,1600,8728,18.331806,10,10,10,10,432,332,300,32,400,16528,12628,0,0,0,0,432,0,0,0,0,756,9400
1113,W1,4,4,8,8,0,0,0,0,0,0,0,100,100,0,0,0,0,0,100,100,0,0.000000,0,8728,0.000000,0,0,0,0,432,332,300,32,400,16528,12628,0,0,0,0,432,0,0,0,0,785,9400
1114,W1,4,4,8,8,0,0,0,0,0,0,0,100,100,0,0,0,0,0,100,100,0,0.000000,0,8728,0.000000,0,0,0,0,432,332,300,32,400,16528,12628,0,0,0,0,432,0,0,0,0,780,9400
1115,W1,4,4,8,8,0,0,0,0,0,0,0,100,100,0,0,0,0,0,100,100,0,0.000000,0,8728,0.000000,0,0,0,0,432,332,300,32,400,16528,12628,0,0,0,0,432,0,0,0,0,803,9400
1116,W1,4,4,8,8,0,0,0,0,0,0,0,100,100,0,0,0,0,0,100,100,0,0.000000,0,8728,0.000000,0,0,0,0,432,332,300,32,400,16528,12628,0,0,0,0,432,0,0,0,0,774,9400
1117,W1,4,4,8,8,0,0,0,0,0,0,0,100,100,0,0,0,0,0,100,100,0,0.000000,0,8728,0.000000,0,0,0,0,432,332,300,32,400,16528,12628,0,0,0,0,432,0,0,0,0,746,9400
1118,W1,4,4,8,8,0,0,0,0,0,0,0,100,100,0,0,0,0,0,100,100,0,0.000000,0,8728,0.000000,0,0,0,0,432,332,300,32,400,16528,12628,0,0,0,0,432,0,0,0,0,756,9400
1119,W1,4,4,8,8,0,0,0,0,0,0,0,100,100,0,0,0,0,0,100,100,0,0.000000,0,8728,0.000000,0,0,0,0,432,332,300,32,400,16528,12628,0,0,0,0,432,0,0,0,0,755,9400
1120,W1,4,4,8,8,0,0,0,0,0,0,0,100,100,0,0,0,0,0,100,100,0,0.000000,0,8728,0.000000,0,0,0,0,432,332,300,32,400,16528,12628,0,0,0,0,432,0,0,0,0,767,9400
1121,W1,4,4,8,8,0,0,0,0,0,0,0,100,100,100,0,0,0,0,100,100,100,100.000000,1600,8728,18.331806,10,10,10,10,432,332,300,32,400,16528,12628,0,0,0,0,432,0,0,0,0,745,9400
1122,W1,4,4,8,8,0,0,0,0,0,0,0,100,100,0,0,0,0,0,100,100,0,0.000000,0,8728,0.000000,0,0,0,0,432,332,300,32,400,16528,12628,0,0,0,0,432,0,0,0,0,750,9400
1123,W1,4,4,8,8,0,0,0,0,0,0,0,100,100,0,0,0,0,0,100,100,0,0.000000,0,8728,0.000000,0,0,0,0,432,332,300,32,400,16528,12628,0,0,0,0,432,0,0,0,0,724,9400
1124,W1,4,4,8,8,0,0,0,0,0,0,0,100,100,0,0,0,0,0,100,100,0,0.000000,0,8728,0.000000,0,0,0,0,432,332,300,32,400,16528,12628,0,0,0,0,432,0,0,0,0,737,9400
1125,W1,4,4,8,8,0,0,0,0,0,0,0,100,100,0,0,0,0,0,100,100,0,0.000000,0,8728,0.000000,0,0,0,0,432,332,300,32,400,16528,12628,0,0,0,0,432,0,0,0,0,742,9400
1126,W1,4,4,8,8,0,0,0,0,0,0,0,100,100,0,0,0,0,0,100,100,0,0.000000,0,8728,0.000000,0,0,0,0,432,332,300,32,400,16528,12628,0,0,0,0,432,0,0,0,0,816,9400
1127,W1,4,4,8,8,0,0,0,0,0,0,0,100,100,0,0,0,0,0,100,100,0,0.000000,0,8728,0.000000,0,0,0,0,432,332,300,32,400,16528,12628,0,0,0,0,432,0,0,0,0,791,9400
1128,W1,4,4,8,8,0,0,0,0,0,0,0,100,100,0,0,0,0,0,100,100,0,0.000000,0,8728,0.000000,0,0,0,0,432,332,300,32,400,16528,12628,0,0,0,0,432,0,0,0,0,800,9400
1129,W1,4,4,8,8,0,0,0,0,0,0,0,100,100,0,0,0,0,0,100,100,0,0.000000,0,8728,0.000000,0,0,0,0,432,332,300,32,400,16528,12628,0,0,0,0,432,0,0,0,0,752,9400
1130,W1,4,4,8,8,0,0,0,0,0,0,0,100,100,100,0,0,0,0,100,100,100,100.000000,1600,8728,18.331806,10,10,10,10,432,332,300,32,400,16528,12628,0,0,0,0,432,0,0,0,0,757,9400
1131,W1,4,4,8,8,0,0,0,0,0,0,0,100,100,0,0,0,0,0,100,100,0,0.000000,0,8728,0.000000,0,0,0,0,432,332,300,32,400,16528,12628,0,0,0,0,432,0,0,0,0,785,9400
1132,W1,4,4,8,8,0,0,0,0,0,0,0,100,100,0,0,0,0,0,100,100,0,0.000000,0,8728,0.000000,0,0,0,0,432,332,300,32,400,16528,12628,0,0,0,0,432,0,0,0,0,774,9400
1133,W1,4,4,8,8,0,0,0,0,0,0,0,100,100,0,0,0,0,0,100,100,0,0.000000,0,8728,0.000000,0,0,0,0,432,332,300,32,400,16528,12628,0,0,0,0,432,0,0,0,0,725,9400
1134,W1,4,4,8,8,0,0,0,0,0,0,0,100,100,0,0,0,0,0,100,100,0,0.000000,0,8728,0.000000,0,0,0,0,432,332,300,32,400,16528,12628,0,0,0,0,432,0,0,0,0,743,9400
1135,W1,4,4,8,8,0,0,0,0,0,0,0,100,100,0,0,0,0,0,100,100,0,0.000000,0,8728,0.000000,0,0,0,0,432,332,300,32,400,16528,12628,0,0,0,0,432,0,0,0,0,723,9400
1136,W1,4,4,8,8,0,0,0,0,0,0,0,100,100,0,0,0,0,0,100,100,0,0.000000,0,8728,0.000000,0,0,0,0,432,332,300,32,400,16528,12628,0,0,0,0,432,0,0,0,0,724,9400
1137,W1,4,4,8,8,0,0,0,0,0,0,0,100,100,0,0,0,0,0,100,100,0,0.000000,0,8728,0.000000,0,0,0,0,432,332,300,32,400,16528,12628,0,0,0,0,432,0,0,0,0,787,9400
1138,W1,4,4,8,8,0,0,0,0,0,0,0,100,100,0,0,0,0,0,100,100,0,0.000000,0,8728,0.000000,0,0,0,0,432,332,300,32,400,16528,12628,0,0,0,0,432,0,0,0,0,732,9400
1139,W1,4,4,8,8,0,0,0,0,0,0,0,100,100,100,0,0,0,0,100,100,100,100.000000,1600,8728,18.331806,10,10,10,10,432,332,300,32,400,16528,12628,0,0,0,0,432,0,0,0,0,758,9400
1140,W1,4,4,8,8,0,0,0,0,0,0,0,100,100,0,0,0,0,0,100,100,0,0.000000,0,8728,0.000000,0,0,0,0,432,332,300,32,400,16528,12628,0,0,0,0,432,0,0,0,0,777,9400
1141,W1,4,4,8,8,0,0,0,0,0,0,0,100,100,0,0,0,0,0,100,100,0,0.000000,0,8728,0.000000,0,0,0,0,432,332,300,32,400,16528,12628,0,0,0,0,432,0,0,0,0,724,9400
1142,W1,4,4,8,8,0,0,0,0,0,0,0,100,100,0,0,0,0,0,100,100,0,0.000000,0,8728,0.000000,0,0,0,0,432,332,300,32,400,16528,12628,0,0,0,0,432,0,0,0,0,755,9400
1143,W1,4,4,8,8,0,0,0,0,0,0,0,100,100,0,0,0,0,0,100,100,0,0.000000,0,8728,0.000000,0,0,0,0,432,332,300,32,400,16528,12628,0,0,0,0,432,0,0,0,0,778,9400
1144,W1,4,4,8,8,0,0,0,0,0,0,0,100,100,0,0,0,0,0,100,100,0,0.000000,0,8728,0.000000,0,0,0,0,432,332,300,32,400,16528,12628,0,0,0,0,432,0,0,0,0,759,9400
1145,W1,4,4,8,8,0,0,0,0,0,0,0,100,100,0,0,0,0,0,100,100,0,0.000000,0,8728,0.000000,0,0,0,0,432,332,300,32,400,16528,12628,0,0,0,0,432,0,0,0,0,752,9400
1146,W1,4,4,8,8,0,0,0,0,0,0,0,100,100,0,0,0,0,0,100,100,0,0.000000,0,8728,0.000000,0,0,0,0,432,332,300,32,400,16528,12628,0,0,0,0,432,0,0,0,0,803,9400
1147,W1,4,4,8,8,0,0,0,0,0,0,0,100,100,0,0,0,0,0,100,100,0,0.000000,0,8728,0.000000,0,0,0,0,432,332,300,32,400,16528,12628,0,0,0,0,432,0,0,0,0,757,9400
1148,W1,4,4,8,8,0,0,0,0,0,0,0,100,100,100,0,0,0,0,100,100,100,100.000000,1600,8728,18.331806,10,10,10,10,432,332,300,32,400,16528,12628,0,0,0,0,432,0,0,0,0,734,9400
1149,W1,4,4,8,8,0,0,0,0,0,0,0,100,100,0,0,0,0,0,100,100,0,0.000000,0,8728,0.000000,0,0,0,0,432,332,300,32,400,16528,12628,0,0,0,0,432,0,0,0,0,730,9400
1150,W1,4,4,8,8,0,0,0,0,0,0,0,100,100,0,0,0,0,0,100,100,0,0.000000,0,8728,0.000000,0,0,0,0,432,332,300,32,400,16528,12628,0,0,0,0,432,0,0,0,0,730,9400
1151,W1,4,4,8,8,0,0,0,0,0,0,0,100,100,0,0,0,0,0,100,100,0,0.000000,0,8728,0.000000,0,0,0,0,432,332,300,32,400,16528,12628,0,0,0,0,432,0,0,0,0,716,9400
1152,W1,4,4,8,8,0,0,0,0,0,0,0,100,100,0,0,0,0,0,100,100,0,0.000000,0,8728,0.000000,0,0,0,0,432,332,300,32,400,16528,12628,0,0,0,0,432,0,0,0,0,726,9400
1153,W1,4,4,8,8,0,0,0,0,0,0,0,100,100,0,0,0,0,0,100,100,0,0.000000,0,8728,0.000000,0,0,0,0,432,332,300,32,400,16528,12628,0,0,0,0,432,0,0,0,0,772,9400
1154,W1,4,4,8,8,0,0,0,0,0,0,0,100,100,0,0,0,0,0,100,100,0,0.000000,0,8728,0.000000,0,0,0,0,432,332,300,32,400,16528,12628,0,0,0,0,432,0,0,0,0,765,9400
1155,W1,4,4,8,8,0,0,0,0,0,0,0,100,100,0,0,0,0,0,100,100,0,0.000000,0,8728,0.000000,0,0,0,0,432,332,300,32,400,16528,12628,0,0,0,0,432,0,0,0,0,729,9400
1156,W1,4,4,8,8,0,0,0,0,0,0,0,100,100,0,0,0,0,0,100,100,0,0.000000,0,8728,0.000000,0,0,0,0,432,332,300,32,400,16528,12628,0,0,0,0,432,0,0,0,0,740,9400
1157,W1,4,4,8,8,0,0,0,0,0,0,0,100,100,100,0,0,0,0,100,100,100,100.000000,1600,8728,18.331806,10,10,10,10,432,332,300,32,400,16528,12628,0,0,0,0,432,0,0,0,0,731,9400
1158,W1,4,4,8,8,0,0,0,0,0,0,0,100,100,0,0,0,0,0,100,100,0,0.000000,0,8728,0.000000,0,0,0,0,432,332,300,32,400,16528,12628,0,0,0,0,432,0,0,0,0,793,9400
1159,W1,4,4,8,8,0,0,0,0,0,0,0,100,100,0,0,0,0,0,100,100,0,0.000000,0,8728,0.000000,0,0,0,0,432,332,300,32,400,16528,12628,0,0,0,0,432,0,0,0,0,760,9400
1160,W1,4,4,8,8,0,0,0,0,0,0,0,100,100,0,0,0,0,0,100,100,0,0.000000,0,8728,0.000000,0,0,0,0,432,332,300,32,400,16528,12628,0,0,0,0,432,0,0,0,0,817,9400
1161,W1,4,4,8,8,0,0,0,0,0,0,0,100,100,0,0,0,0,0,100,100,0,0.000000,0,8728,0.000000,0,0,0,0,432,332,300,32,400,16528,12628,0,0,0,0,432,0,0,0,0,745,9400
1162,W1,4,4,8,8,0,0,0,0,0,0,0,100,100,0,0,0,0,0,100,100,0,0.000000,0,8728,0.000000,0,0,0,0,432,332,300,32,400,16528,12628,0,0,0,0,432,0,0,0,0,748,9400
1163,W1,4,4,8,8,0,0,0,0,0,0,0,100,100,0,0,0,0,0,100,100,0,0.000000,0,8728,0.000000,0,0,0,0,432,332,300,32,400,16528,12628,0,0,0,0,432,0,0,0,0,750,9400
1164,W1,4,4,8,8,0,0,0,0,0,0,0,100,100,0,0,0,0,0,100,100,0,0.000000,0,8728,0.000000,0,0,0,0,432,332,300,32,400,16528,12628,0,0,0,0,432,0,0,0,0,734,9400
1165,W1,4,4,8,8,0,0,0,0,0,0,0,100,100,0,0,0,0,0,100,100,0,0.000000,0,8728,0.000000,0,0,0,0,432,332,300,32,400,16528,12628,0,0,0,0,432,0,0,0,0,718,9400
1166,W1,4,4,8,8,0,0,0,0,0,0,0,100,100,100,0,0,0,0,100,100,100,100.000000,1600,8728,18.331806,10,10,10,10,432,332,300,32,400,16528,12628,0,0,0,0,432,0,0,0,0,733,9400
1167,W1,4,4,8,8,0,0,0,0,0,0,0,100,100,0,0,0,0,0,100,100,0,0.000000,0,8728,0.000000,0,0,0,0,432,332,300,32,400,16528,12628,0,0,0,0,432,0,0,0,0,766,9400
1168,W1,4,4,8,8,0,0,0,0,0,0,0,100,100,0,0,0,0,0,100,100,0,0.000000,0,8728,0.000000,0,0,0,0,432,332,300,32,400,16528,12628,0,0,0,0,432,0,0,0,0,807,9400
1169,W1,4,4,8,8,0,0,0,0,0,0,0,100,100,0,0,0,0,0,100,100,0,0.000000,0,8728,0.000000,0,0,0,0,432,332,300,32,400,16528,12628,0,0,0,0,432,0,0,0,0,734,9400
1170,W1,4,4,8,8,0,0,0,0,0,0,0,100,100,0,0,0,0,0,100,100,0,0.000000,0,8728,0.000000,0,0,0,0,432,332,300,32,400,16528,12628,0,0,0,0,432,0,0,0,0,742,9400
1171,W1,4,4,8,8,0,0,0,0,0,0,0,100,100,0,0,0,0,0,100,100,0,0.000000,0,8728,0.000000,0,0,0,0,432,332,300,32,400,16528,12628,0,0,0,0,432,0,0,0,0,760,9400
1172,W1,4,4,8,8,0,0,0,0,0,0,0,100,100,0,0,0,0,0,100,100,0,0.000000,0,8728,0.000000,0,0,0,0,432,332,300,32,400,16528,12628,0,0,0,0,432,0,0,0,0,758,9400
1173,W1,4,4,8,8,0,0,0,0,0,0,0,100,100,0,0,0,0,0,100,100,0,0.000000,0,8728,0.000000,0,0,0,0,432,332,300,32,400,16528,12628,0,0,0,0,432,0,0,0,0,730,9400
1174,W1,4,4,8,8,0,0,0,0,0,0,0,100,100,0,0,0,0,0,100,100,0,0.000000,0,8728,0.000000,0,0,0,0,432,332,300,32,400,16528,12628,0,0,0,0,432,0,0,0,0,763,9400
1175,W1,4,4,8,8,0,0,0,0,0,0,0,100,100,100,0,0,0,0,100,100,100,100.000000,1600,8728,18.331806,10,10,10,10,432,332,300,32,400,16528,12628,0,0,0,0,432,0,0,0,0,729,9400
1176,W1,4,4,8,8,0,0,0,0,0,0,0,100,100,0,0,0,0,0,100,100,0,0.000000,0,8728,0.000000,0,0,0,0,432,332,300,32,400,16528,12628,0,0,0,0,432,0,0,0,0,726,9400
1177,W1,4,4,8,8,0,0,0,0,0,0,0,100,100,0,0,0,0,0,100,100,0,0.000000,0,8728,0.000000,0,0,0,0,432,332,300,32,400,16528,12628,0,0,0,0,432,0,0,0,0,726,9400
1178,W1,4,4,8,8,0,0,0,0,0,0,0,100,100,0,0,0,0,0,100,100,0,0.000000,0,8728,0.000000,0,0,0,0,432,332,300,32,400,16528,12628,0,0,0,0,432,0,0,0,0,799,9400
1179,W1,4,4,8,8,0,0,0,0,0,0,0,100,100,0,0,0,0,0,100,100,0,0.000000,0,8728,0.000000,0,0,0,0,432,332,300,32,400,16528,12628,0,0,0,0,432,0,0,0,0,736,9400
1180,W1,4,4,8,8,0,0,0,0,0,0,0,100,100,0,0,0,0,0,100,100,0,0.000000,0,8728,0.000000,0,0,0,0,432,332,300,32,400,16528,12628,0,0,0,0,432,0,0,0,0,722,9400
1181,W1,4,4,8,8,0,0,0,0,0,0,0,100,100,0,0,0,0,0,100,100,0,0.000000,0,8728,0.000000,0,0,0,0,432,332,300,32,400,16528,12628,0,0,0,0,432,0,0,0,0,798,9400
1182,W1,4,4,8,8,0,0,0,0,0,0,0,100,100,0,0,0,0,0,100,100,0,0.000000,0,8728,0.000000,0,0,0,0,432,332,300,32,400,16528,12628,0,0,0,0,432,0,0,0,0,718,9400
1183,W1,4,4,8,8,0,0,0,0,0,0,0,100,100,0,0,0,0,0,100,100,0,0.000000,0,8728,0.000000,0,0,0,0,432,332,300,32,400,16528,12628,0,0,0,0,432,0,0,0,0,727,9400
1184,W1,4,4,8,8,0,0,0,0,0,0,0,100,100,100,0,0,0,0,100,100,100,100.000000,1600,8728,18.331806,10,10,10,10,432,332,300,32,400,16528,12628,0,0,0,0,432,0,0,0,0,735,9400
1185,W1,4,4,8,8,0,0,0,0,0,0,0,100,100,0,0,0,0,0,100,100,0,0.000000,0,8728,0.000000,0,0,0,0,432,332,300,32,400,16528,12628,0,0,0,0,432,0,0,0,0,733,9400
1186,W1,4,4,8,8,0,0,0,0,0,0,0,100,100,0,0,0,0,0,100,100,0,0.000000,0,8728,0.000000,0,0,0,0,432,332,300,32,400,16528,12628,0,0,0,0,432,0,0,0,0,815,9400
1187,W1,4,4,8,8,0,0,0,0,0,0,0,100,100,0,0,0,0,0,100,100,0,0.000000,0,8728,0.000000,0,0,0,0,432,332,300,32,400,16528,12628,0,0,0,0,432,0,0,0,0,736,9400
1188,W1,4,4,8,8,0,0,0,0,0,0,0,100,100,0,0,0,0,0,100,100,0,0.000000,0,8728,0.000000,0,0,0,0,432,332,300,32,400,16528,12628,0,0,0,0,432,0,0,0,0,733,9400
1189,W1,4,4,8,8,0,0,0,0,0,0,0,100,100,0,0,0,0,0,100,100,0,0.000000,0,8728,0.000000,0,0,0,0,432,332,300,32,400,16528,12628,0,0,0,0,432,0,0,0,0,721,9400
1190,W1,4,4,8,8,0,0,0,0,0,0,0,100,100,0,0,0,0,0,100,100,0,0.000000,0,8728,0.000000,0,0,0,0,432,332,300,32,400,16528,12628,0,0,0,0,432,0,0,0,0,749,9400
1191,W1,4,4,8,8,0,0,0,0,0,0,0,100,100,0,0,0,0,0,100,100,0,0.000000,0,8728,0.000000,0,0,0,0,432,332,300,32,400,16528,12628,0,0,0,0,432,0,0,0,0,732,9400
1192,W1,4,4,8,8,0,0,0,0,0,0,0,100,100,0,0,0,0,0,100,100,0,0.000000,0,8728,0.000000,0,0,0,0,432,332,300,32,400,16528,12628,0,0,0,0,432,0,0,0,0,765,9400
1193,W1,4,4,8,8,0,0,0,0,0,0,0,100,100,100,0,0,0,0,100,100,100,100.000000,1600,8728,18.331806,10,10,10,10,432,332,300,32,400,16528,12628,0,0,0,0,432,0,0,0,0,745,9400
1194,W1,4,4,8,8,0,0,0,0,0,0,0,100,100,0,0,0,0,0,100,100,0,0.000000,0,8728,0.000000,0,0,0,0,432,332,300,32,400,16528,12628,0,0,0,0,432,0,0,0,0,727,9400
1195,W1,4,4,8,8,0,0,0,0,0,0,0,100,100,0,0,0,0,0,100,100,0,0.000000,0,8728,0.000000,0,0,0,0,432,332,300,32,400,16528,12628,0,0,0,0,432,0,0,0,0,752,9400
1196,W1,4,4,8,8,0,0,0,0,0,0,0,100,100,0,0,0,0,0,100,100,0,0.000000,0,8728,0.000000,0,0,0,0,432,332,300,32,400,16528,12628,0,0,0,0,432,0,0,0,0,737,9400
1197,W1,4,4,8,8,0,0,0,0,0,0,0,100,100,0,0,0,0,0,100,100,0,0.000000,0,8728,0.000000,0,0,0,0,432,332,300,32,400,16528,12628,0,0,0,0,432,0,0,0,0,730,9400
1198,W1,4,4,8,8,0,0,0,0,0,0,0,100,100,0,0,0,0,0,100,100,0,0.000000,0,8728,0.000000,0,0,0,0,432,332,300,32,400,16528,12628,0,0,0,0,432,0,0,0,0,776,9400
1199,W1,4,4,8,8,0,0,0,0,0,0,0,100,100,0,0,0,0,0,100,100,0,0.000000,0,8728,0.000000,0,0,0,0,432,332,300,32,400,16528,12628,0,0,0,0,432,0,0,0,0,752,9400
1200,W1,4,4,8,8,0,0,0,0,0,0,0,100,100,0,0,0,0,0,100,100,0,0.000000,0,8728,0.000000,0,0,0,0,432,332,300,32,400,16528,12628,0,0,0,0,432,0,0,0,0,856,9400
1201,W1,4,4,8,8,0,0,0,0,0,0,0,100,100,0,0,0,0,0,100,100,0,0.000000,0,8728,0.000000,0,0,0,0,432,332,300,32,400,16528,12628,0,0,0,0,432,0,0,0,0,733,9400
1202,W1,4,4,8,8,0,0,0,0,0,0,0,100,100,100,0,0,0,0,100,100,100,100.000000,1600,8728,18.331806,10,10,10,10,432,332,300,32,400,16528,12628,0,0,0,0,432,0,0,0,0,751,9400
1203,W1,4,4,8,8,0,0,0,0,0,0,0,100,100,0,0,0,0,0,100,100,0,0.000000,0,8728,0.000000,0,0,0,0,432,332,300,32,400,16528,12628,0,0,0,0,432,0,0,0,0,813,9400
1204,W1,4,4,8,8,0,0,0,0,0,0,0,100,100,0,0,0,0,0,100,100,0,0.000000,0,8728,0.000000,0,0,0,0,432,332,300,32,400,16528,12628,0,0,0,0,432,0,0,0,0,781,9400
1205,W1,4,4,8,8,0,0,0,0,0,0,0,100,100,0,0,0,0,0,100,100,0,0.000000,0,8728,0.000000,0,0,0,0,432,332,300,32,400,16528,12628,0,0,0,0,432,0,0,0,0,750,9400
1206,W1,4,4,8,8,0,0,0,0,0,0,0,100,100,0,0,0,0,0,100,100,0,0.000000,0,8728,0.000000,0,0,0,0,432,332,300,32,400,16528,12628,0,0,0,0,432,0,0,0,0,801,9400
1207,W1,4,4,8,8,0,0,0,0,0,0,0,100,100,0,0,0,0,0,100,100,0,0.000000,0,8728,0.000000,0,0,0,0,432,332,300,32,400,16528,12628,0,0,0,0,432,0,0,0,0,763,9400
1208,W1,4,4,8,8,0,0,0,0,0,0,0,100,100,0,0,0,0,0,100,100,0,0.000000,0,8728,0.000000,0,0,0,0,432,332,300,32,400,16528,12628,0,0,0,0,432,0,0,0,0,739,9400
1209,W1,4,4,8,8,0,0,0,0,0,0,0,100,100,0,0,0,0,0,100,100,0,0.000000,0,8728,0.000000,0,0,0,0,432,332,300,32,400,16528,12628,0,0,0,0,432,0,0,0,0,732,9400
1210,W1,4,4,8,8,0,0,0,0,0,0,0,100,100,0,0,0,0,0,100,100,0,0.000000,0,8728,0.000000,0,0,0,0,432,332,300,32,400,16528,12628,0,0,0,0,432,0,0,0,0,734,9400
1211,W1,4,4,8,8,0,0,0,0,0,0,0,100,100,100,0,0,0,0,100,100,100,100.000000,1600,8728,18.331806,10,10,10,10,432,332,300,32,400,16528,12628,0,0,0,0,432,0,0,0,0,721,9400
1212,W1,4,4,8,8,0,0,0,0,0,0,0,100,100,0,0,0,0,0,100,100,0,0.000000,0,8728,0.000000,0,0,0,0,432,332,300,32,400,16528,12628,0,0,0,0,432,0,0,0,0,730,9400
1213,W1,4,4,8,8,0,0,0,0,0,0,0,100,100,0,0,0,0,0,100,100,0,0.000000,0,8728,0.000000,0,0,0,0,432,332,300,32,400,16528,12628,0,0,0,0,432,0,0,0,0,735,9400
1214,W1,4,4,8,8,0,0,0,0,0,0,0,100,100,0,0,0,0,0,100,100,0,0.000000,0,8728,0.000000,0,0,0,0,432,332,300,32,400,16528,12628,0,0,0,0,432,0,0,0,0,788,9400
1215,W1,4,4,8,8,0,0,0,0,0,0,0,100,100,0,0,0,0,0,100,100,0,0.000000,0,8728,0.000000,0,0,0,0,432,332,300,32,400,16528,12628,0,0,0,0,432,0,0,0,0,744,9400
1216,W1,4,4,8,8,0,0,0,0,0,0,0,100,100,0,0,0,0,0,100,100,0,0.000000,0,8728,0.000000,0,0,0,0,432,332,300,32,400,16528,12628,0,0,0,0,432,0,0,0,0,730,9400
1217,W1,4,4,8,8,0,0,0,0,0,0,0,100,100,0,0,0,0,0,100,100,0,0.000000,0,8728,0.000000,0,0,0,0,432,332,300,32,400,16528,12628,0,0,0,0,432,0,0,0,0,788,9400
1218,W1,4,4,8,8,0,0,0,0,0,0,0,100,100,0,0,0,0,0,100,100,0,0.000000,0,8728,0.000000,0,0,0,0,432,332,300,32,400,16528,12628,0,0,0,0,432,0,0,0,0,760,9400
1219,W1,4,4,8,8,0,0,0,0,0,0,0,100,100,0,0,0,0,0,100,100,0,0.000000,0,8728,0.000000,0,0,0,0,432,332,300,32,400,16528,12628,0,0,0,0,432,0,0,0,0,742,9400
1220,W1,4,4,8,8,0,0,0,0,0,0,0,100,100,100,0,0,0,0,100,100,100,100.000000,1600,8728,18.331806,10,10,10,10,432,332,300,32,400,16528,12628,0,0,0,0,432,0,0,0,0,748,9400
1221,W1,4,4,8,8,0,0,0,0,0,0,0,100,100,0,0,0,0,0,100,100,0,0.000000,0,8728,0.000000,0,0,0,0,432,332,300,32,400,16528,12628,0,0,0,0,432,0,0,0,0,738,9400
1222,W1,4,4,8,8,0,0,0,0,0,0,0,100,100,0,0,0,0,0,100,100,0,0.000000,0,8728,0.000000,0,0,0,0,432,332,300,32,400,16528,12628,0,0,0,0,432,0,0,0,0,744,9400
1223,W1,4,4,8,8,0,0,0,0,0,0,0,100,100,0,0,0,0,0,100,100,0,0.000000,0,8728,0.000000,0,0,0,0,432,332,300,32,400,16528,12628,0,0,0,0,432,0,0,0,0,728,9400
1224,W1,4,4,8,8,0,0,0,0,0,0,0,100,100,0,0,0,0,0,100,100,0,0.000000,0,8728,0.000000,0,0,0,0,432,332,300,32,400,16528,12628,0,0,0,0,432,0,0,0,0,764,9400
1225,W1,4,4,8,8,0,0,0,0,0,0,0,100,100,0,0,0,0,0,100,100,0,0.000000,0,8728,0.000000,0,0,0,0,432,332,300,32,400,16528,12628,0,0,0,0,432,0,0,0,0,766,9400
1226,W1,4,4,8,8,0,0,0,0,0,0,0,100,100,0,0,0,0,0,100,100,0,0.000000,0,8728,0.000000,0,0,0,0,432,332,300,32,400,16528,12628,0,0,0,0,432,0,0,0,0,822,9400
1227,W1,4,4,8,8,0,0,0,0,0,0,0,100,100,0,0,0,0,0,100,100,0,0.000000,0,8728,0.000000,0,0,0,0,432,332,300,32,400,16528,12628,0,0,0,0,432,0,0,0,0,757,9400
1228,W1,4,4,8,8,0,0,0,0,0,0,0,100,100,0,0,0,0,0,100,100,0,0.000000,0,8728,0.000000,0,0,0,0,432,332,300,32,400,16528,12628,0,0,0,0,432,0,0,0,0,827,9400
1229,W1,4,4,8,8,0,0,0,0,0,0,0,100,100,100,0,0,0,0,100,100,100,100.000000,1600,8728,18.331806,10,10,10,10,432,332,300,32,400,16528,12628,0,0,0,0,432,0,0,0,0,720,9400
1230,W1,4,4,8,8,0,0,0,0,0,0,0,100,100,0,0,0,0,0,100,100,0,0.000000,0,8728,0.000000,0,0,0,0,432,332,300,32,400,16528,12628,0,0,0,0,432,0,0,0,0,753,9400
1231,W1,4,4,8,8,0,0,0,0,0,0,0,100,100,0,0,0,0,0,100,100,0,0.000000,0,8728,0.000000,0,0,0,0,432,332,300,32,400,16528,12628,0,0,0,0,432,0,0,0,0,730,9400
1232,W1,4,4,8,8,0,0,0,0,0,0,0,100,100,0,0,0,0,0,100,100,0,0.000000,0,8728,0.000000,0,0,0,0,432,332,300,32,400,16528,12628,0,0,0,0,432,0,0,0,0,796,9400
1233,W1,4,4,8,8,0,0,0,0,0,0,0,100,100,0,0,0,0,0,100,100,0,0.000000,0,8728,0.000000,0,0,0,0,432,332,300,32,400,16528,12628,0,0,0,0,432,0,0,0,0,739,9400
1234,W1,4,4,8,8,0,0,0,0,0,0,0,100,100,0,0,0,0,0,100,100,0,0.000000,0,8728,0.000000,0,0,0,0,432,332,300,32,400,16528,12628,0,0,0,0,432,0,0,0,0,732,9400
1235,W1,4,4,8,8,0,0,0,0,0,0,0,100,100,0,0,0,0,0,100,100,0,0.000000,0,8728,0.000000,0,0,0,0,432,332,300,32,400,16528,12628,0,0,0,0,432,0,0,0,0,809,9400
1236,W1,4,4,8,8,0,0,0,0,0,0,0,100,100,0,0,0,0,0,100,100,0,0.000000,0,8728,0.000000,0,0,0,0,432,332,300,32,400,16528,12628,0,0,0,0,432,0,0,0,0,766,9400
1237,W1,4,4,8,8,0,0,0,0,0,0,0,100,100,0,0,0,0,0,100,100,0,0.000000,0,8728,0.000000,0,0,0,0,432,332,300,32,400,16528,12628,0,0,0,0,432,0,0,0,0,769,9400
1238,W1,4,4,8,8,0,0,0,0,0,0,0,100,100,100,0,0,0,0,100,100,100,100.000000,1600,8728,18.331806,10,10,10,10,432,332,300,32,400,16528,12628,0,0,0,0,432,0,0,0,0,743,9400
1239,W1,4,4,8,8,0,0,0,0,0,0,0,100,100,0,0,0,0,0,100,100,0,0.000000,0,8728,0.000000,0,0,0,0,432,332,300,32,400,16528,12628,0,0,0,0,432,0,0,0,0,744,9400
1240,W1,4,4,8,8,0,0,0,0,0,0,0,100,100,0,0,0,0,0,100,100,0,0.000000,0,8728,0.000000,0,0,0,0,432,332,300,32,400,16528,12628,0,0,0,0,432,0,0,0,0,725,9400
1241,W1,4,4,8,8,0,0,0,0,0,0,0,100,100,0,0,0,0,0,100,100,0,0.000000,0,8728,0.000000,0,0,0,0,432,332,300,32,400,16528,12628,0,0,0,0,432,0,0,0,0,739,9400
1242,W1,4,4,8,8,0,0,0,0,0,0,0,100,100,0,0,0,0,0,100,100,0,0.000000,0,8728,0.000000,0,0,0,0,432,332,300,32,400,16528,12628,0,0,0,0,432,0,0,0,0,738,9400
1243,W1,4,4,8,8,0,0,0,0,0,0,0,100,100,0,0,0,0,0,100,100,0,0.000000,0,8728,0.000000,0,0,0,0,432,332,300,32,400,16528,12628,0,0,0,0,432,0,0,0,0,733,9400
1244,W1,4,4,8,8,0,0,0,0,0,0,0,100,100,0,0,0,0,0,100,100,0,0.000000,0,8728,0.000000,0,0,0,0,432,332,300,32,400,16528,12628,0,0,0,0,432,0,0,0,0,737,9400
1245,W1,4,4,8,8,0,0,0,0,0,0,0,100,100,0,0,0,0,0,100,100,0,0.000000,0,8728,0.000000,0,0,0,0,432,332,300,32,400,16528,12628,0,0,0,0,432,0,0,0,0,716,9400
1246,W1,4,4,8,8,0,0,0,0,0,0,0,100,100,0,0,0,0,0,100,100,0,0.000000,0,8728,0.000000,0,0,0,0,432,332,300,32,400,16528,12628,0,0,0,0,432,0,0,0,0,743,9400
1247,W1,4,4,8,8,0,0,0,0,0,0,0,100,100,100,0,0,0,0,100,100,100,100.000000,1600,8728,18.331806,10,10,10,10,432,332,300,32,400,16528,12628,0,0,0,0,432,0,0,0,0,714,9400
1248,W1,4,4,8,8,0,0,0,0,0,0,0,100,100,0,0,0,0,0,100,100,0,0.000000,0,8728,0.000000,0,0,0,0,432,332,300,32,400,16528,12628,0,0,0,0,432,0,0,0,0,734,9400
1249,W1,4,4,8,8,0,0,0,0,0,0,0,100,100,0,0,0,0,0,100,100,0,0.000000,0,8728,0.000000,0,0,0,0,432,332,300,32,400,16528,12628,0,0,0,0,432,0,0,0,0,767,9400
1250,W1,4,4,8,8,0,0,0,0,0,0,0,100,100,0,0,0,0,0,100,100,0,0.000000,0,8728,0.000000,0,0,0,0,432,332,300,32,400,16528,12628,0,0,0,0,432,0,0,0,0,720,9400
1251,W1,4,4,8,8,0,0,0,0,0,0,0,100,100,0,0,0,0,0,100,100,0,0.000000,0,8728,0.000000,0,0,0,0,432,332,300,32,400,16528,12628,0,0,0,0,432,0,0,0,0,736,9400
1252,W1,4,4,8,8,0,0,0,0,0,0,0,100,100,0,0,0,0,0,100,100,0,0.000000,0,8728,0.000000,0,0,0,0,432,332,300,32,400,16528,12628,0,0,0,0,432,0,0,0,0,723,9400
1253,W1,4,4,8,8,0,0,0,0,0,0,0,100,100,0,0,0,0,0,100,100,0,0.000000,0,8728,0.000000,0,0,0,0,432,332,300,32,400,16528,12628,0,0,0,0,432,0,0,0,0,717,9400
1254,W1,4,4,8,8,0,0,0,0,0,0,0,100,100,0,0,0,0,0,100,100,0,0.000000,0,8728,0.000000,0,0,0,0,432,332,300,32,400,16528,12628,0,0,0,0,432,0,0,0,0,725,9400
1255,W1,4,4,8,8,0,0,0,0,0,0,0,100,100,0,0,0,0,0,100,100,0,0.000000,0,8728,0.000000,0,0,0,0,432,332,300,32,400,16528,12628,0,0,0,0,432,0,0,0,0,770,9400
1256,W1,4,4,8,8,0,0,0,0,0,0,0,100,100,100,0,0,0,0,100,100,100,100.000000,1600,8728,18.331806,10,10,10,10,432,332,300,32,400,16528,12628,0,0,0,0,432,0,0,0,0,750,9400
1257,W1,4,4,8,8,0,0,0,0,0,0,0,100,100,0,0,0,0,0,100,100,0,0.000000,0,8728,0.000000,0,0,0,0,432,332,300,32,400,16528,12628,0,0,0,0,432,0,0,0,0,795,9400
1258,W1,4,4,8,8,0,0,0,0,0,0,0,100,100,0,0,0,0,0,100,100,0,0.000000,0,8728,0.000000,0,0,0,0,432,332,300,32,400,16528,12628,0,0,0,0,432,0,0,0,0,778,9400
1259,W1,4,4,8,8,0,0,0,0,0,0,0,100,100,0,0,0,0,0,100,100,0,0.000000,0,8728,0.000000,0,0,0,0,432,332,300,32,400,16528,12628,0,0,0,0,432,0,0,0,0,742,9400
1260,W1,4,4,8,8,0,0,0,0,0,0,0,100,100,0,0,0,0,0,100,100,0,0.000000,0,8728,0.000000,0,0,0,0,432,332,300,32,400,16528,12628,0,0,0,0,432,0,0,0,0,747,9400
1261,W1,4,4,8,8,0,0,0,0,0,0,0,100,100,0,0,0,0,0,100,100,0,0.000000,0,8728,0.000000,0,0,0,0,432,332,300,32,400,16528,12628,0,0,0,0,432,0,0,0,0,733,9400
1262,W1,4,4,8,8,0,0,0,0,0,0,0,100,100,0,0,0,0,0,100,100,0,0.000000,0,8728,0.000000,0,0,0,0,432,332,300,32,400,16528,12628,0,0,0,0,432,0,0,0,0,713,9400
1263,W1,4,4,8,8,0,0,0,0,0,0,0,100,100,0,0,0,0,0,100,100,0,0.000000,0,8728,0.000000,0,0,0,0,432,332,300,32,400,16528,12628,0,0,0,0,432,0,0,0,0,712,9400
1264,W1,4,4,8,8,0,0,0,0,0,0,0,100,100,0,0,0,0,0,100,100,0,0.000000,0,8728,0.000000,0,0,0,0,432,332,300,32,400,16528,12628,0,0,0,0,432,0,0,0,0,718,9400
1265,W1,4,4,8,8,0,0,0,0,0,0,0,100,100,100,0,0,0,0,100,100,100,100.000000,1600,8728,18.331806,10,10,10,10,432,332,300,32,400,16528,12628,0,0,0,0,432,0,0,0,0,713,9400
1266,W1,4,4,8,8,0,0,0,0,0,0,0,100,100,0,0,0,0,0,100,100,0,0.000000,0,8728,0.000000,0,0,0,0,432,332,300,32,400,16528,12628,0,0,0,0,432,0,0,0,0,749,9400
1267,W1,4,4,8,8,0,0,0,0,0,0,0,100,100,0,0,0,0,0,100,100,0,0.000000,0,8728,0.000000,0,0,0,0,432,332,300,32,400,16528,12628,0,0,0,0,432,0,0,0,0,785,9400
1268,W1,4,4,8,8,0,0,0,0,0,0,0,100,100,0,0,0,0,0,100,100,0,0.000000,0,8728,0.000000,0,0,0,0,432,332,300,32,400,16528,12628,0,0,0,0,432,0,0,0,0,760,9400
1269,W1,4,4,8,8,0,0,0,0,0,0,0,100,100,0,0,0,0,0,100,100,0,0.000000,0,8728,0.000000,0,0,0,0,432,332,300,32,400,16528,12628,0,0,0,0,432,0,0,0,0,756,9400
1270,W1,4,4,8,8,0,0,0,0,0,0,0,100,100,0,0,0,0,0,100,100,0,0.000000,0,8728,0.000000,0,0,0,0,432,332,300,32,400,16528,12628,0,0,0,0,432,0,0,0,0,735,9400
1271,W1,4,4,8,8,0,0,0,0,0,0,0,100,100,0,0,0,0,0,100,100,0,0.000000,0,8728,0.000000,0,0,0,0,432,332,300,32,400,16528,12628,0,0,0,0,432,0,0,0,0,727,9400
1272,W1,4,4,8,8,0,0,0,0,0,0,0,100,100,0,0,0,0,0,100,100,0,0.000000,0,8728,0.000000,0,0,0,0,432,332,300,32,400,16528,12628,0,0,0,0,432,0,0,0,0,739,9400
1273,W1,4,4,8,8,0,0,0,0,0,0,0,100,100,0,0,0,0,0,100,100,0,0.000000,0,8728,0.000000,0,0,0,0,432,332,300,32,400,16528,12628,0,0,0,0,432,0,0,0,0,739,9400
1274,W1,4,4,8,8,0,0,0,0,0,0,0,100,100,100,0,0,0,0,100,100,100,100.000000,1600,8728,18.331806,10,10,10,10,432,332,300,32,400,16528,12628,0,0,0,0,432,0,0,0,0,745,9400
1275,W1,4,4,8,8,0,0,0,0,0,0,0,100,100,0,0,0,0,0,100,100,0,0.000000,0,8728,0.000000,0,0,0,0,432,332,300,32,400,16528,12628,0,0,0,0,432,0,0,0,0,788,9400
1276,W1,4,4,8,8,0,0,0,0,0,0,0,100,100,0,0,0,0,0,100,100,0,0.000000,0,8728,0.000000,0,0,0,0,432,332,300,32,400,16528,12628,0,0,0,0,432,0,0,0,0,719,9400
1277,W1,4,4,8,8,0,0,0,0,0,0,0,100,100,0,0,0,0,0,100,100,0,0.000000,0,8728,0.000000,0,0,0,0,432,332,300,32,400,16528,12628,0,0,0,0,432,0,0,0,0,735,9400
1278,W1,4,4,8,8,0,0,0,0,0,0,0,100,100,0,0,0,0,0,100,100,0,0.000000,0,8728,0.000000,0,0,0,0,432,332,300,32,400,16528,12628,0,0,0,0,432,0,0,0,0,779,9400
1279,W1,4,4,8,8,0,0,0,0,0,0,0,100,100,0,0,0,0,0,100,100,0,0.000000,0,8728,0.000000,0,0,0,0,432,332,300,32,400,16528,12628,0,0,0,0,432,0,0,0,0,784,9400
1280,W1,4,4,8,8,0,0,0,0,0,0,0,100,100,0,0,0,0,0,100,100,0,0.000000,0,8728,0.000000,0,0,0,0,432,332,300,32,400,16528,12628,0,0,0,0,432,0,0,0,0,772,9400
1281,W1,4,4,8,8,0,0,0,0,0,0,0,100,100,0,0,0,0,0,100,100,0,0.000000,0,8728,0.000000,0,0,0,0,432,332,300,32,400,16528,12628,0,0,0,0,432,0,0,0,0,750,9400
1282,W1,4,4,8,8,0,0,0,0,0,0,0,100,100,0,0,0,0,0,100,100,0,0.000000,0,8728,0.000000,0,0,0,0,432,332,300,32,400,16528,12628,0,0,0,0,432,0,0,0,0,847,9400
1283,W1,4,4,8,8,0,0,0,0,0,0,0,100,100,100,0,0,0,0,100,100,100,100.000000,1600,8728,18.331806,10,10,10,10,432,332,300,32,400,16528,12628,0,0,0,0,432,0,0,0,0,732,9400
1284,W1,4,4,8,8,0,0,0,0,0,0,0,100,100,0,0,0,0,0,100,100,0,0.000000,0,8728,0.000000,0,0,0,0,432,332,300,32,400,16528,12628,0,0,0,0,432,0,0,0,0,731,9400
1285,W1,4,4,8,8,0,0,0,0,0,0,0,100,100,0,0,0,0,0,100,100,0,0.000000,0,8728,0.000000,0,0,0,0,432,332,300,32,400,16528,12628,0,0,0,0,432,0,0,0,0,718,9400
1286,W1,4,4,8,8,0,0,0,0,0,0,0,100,100,0,0,0,0,0,100,100,0,0.000000,0,8728,0.000000,0,0,0,0,432,332,300,32,400,16528,12628,0,0,0,0,432,0,0,0,0,775,9400
1287,W1,4,4,8,8,0,0,0,0,0,0,0,100,100,0,0,0,0,0,100,100,0,0.000000,0,8728,0.000000,0,0,0,0,432,332,300,32,400,16528,12628,0,0,0,0,432,0,0,0,0,749,9400
1288,W1,4,4,8,8,0,0,0,0,0,0,0,100,100,0,0,0,0,0,100,100,0,0.000000,0,8728,0.000000,0,0,0,0,432,332,300,32,400,16528,12628,0,0,0,0,432,0,0,0,0,720,9400
1289,W1,4,4,8,8,0,0,0,0,0,0,0,100,100,0,0,0,0,0,100,100,0,0.000000,0,8728,0.000000,0,0,0,0,432,332,300,32,400,16528,12628,0,0,0,0,432,0,0,0,0,739,9400
1290,W1,4,4,8,8,0,0,0,0,0,0,0,100,100,0,0,0,0,0,100,100,0,0.000000,0,8728,0.000000,0,0,0,0,432,332,300,32,400,16528,12628,0,0,0,0,432,0,0,0,0,760,9400
1291,W1,4,4,8,8,0,0,0,0,0,0,0,100,100,0,0,0,0,0,100,100,0,0.000000,0,8728,0.000000,0,0,0,0,432,332,300,32,400,16528,12628,0,0,0,0,432,0,0,0,0,734,9400
1292,W1,4,4,8,8,0,0,0,0,0,0,0,100,100,100,0,0,0,0,100,100,100,100.000000,1600,8728,18.331806,10,10,10,10,432,332,300,32,400,16528,12628,0,0,0,0,432,0,0,0,0,758,9400
1293,W1,4,4,8,8,0,0,0,0,0,0,0,100,100,0,0,0,0,0,100,100,0,0.000000,0,8728,0.000000,0,0,0,0,432,332,300,32,400,16528,12628,0,0,0,0,432,0,0,0,0,732,9400
1294,W1,4,4,8,8,0,0,0,0,0,0,0,100,100,0,0,0,0,0,100,100,0,0.000000,0,8728,0.000000,0,0,0,0,432,332,300,32,400,16528,12628,0,0,0,0,432,0,0,0,0,730,9400
1295,W1,4,4,8,8,0,0,0,0,0,0,0,100,100,0,0,0,0,0,100,100,0,0.000000,0,8728,0.000000,0,0,0,0,432,332,300,32,400,16528,12628,0,0,0,0,432,0,0,0,0,746,9400
1296,W1,4,4,8,8,0,0,0,0,0,0,0,100,100,0,0,0,0,0,100,100,0,0.000000,0,8728,0.000000,0,0,0,0,432,332,300,32,400,16528,12628,0,0,0,0,432,0,0,0,0,777,9400
1297,W1,4,4,8,8,0,0,0,0,0,0,0,100,100,0,0,0,0,0,100,100,0,0.000000,0,8728,0.000000,0,0,0,0,432,332,300,32,400,16528,12628,0,0,0,0,432,0,0,0,0,744,9400
1298,W1,4,4,8,8,0,0,0,0,0,0,0,100,100,0,0,0,0,0,100,100,0,0.000000,0,8728,0.000000,0,0,0,0,432,332,300,32,400,16528,12628,0,0,0,0,432,0,0,0,0,744,9400
1299,W1,4,4,8,8,0,0,0,0,0,0,0,100,100,0,0,0,0,0,100,100,0,0.000000,0,8728,0.000000,0,0,0,0,432,332,300,32,400,16528,12628,0,0,0,0,432,0,0,0,0,707,9400
1300,W1,4,4,8,8,0,0,0,0,0,0,0,100,100,0,0,0,0,0,100,100,0,0.000000,0,8728,0.000000,0,0,0,0,432,332,300,32,400,16528,12628,0,0,0,0,432,0,0,0,0,721,9400
1301,W1,4,4,8,8,0,0,0,0,0,0,0,100,100,100,0,0,0,0,100,100,100,100.000000,1600,8728,18.331806,10,10,10,10,432,332,300,32,400,16528,12628,0,0,0,0,432,0,0,0,0,720,9400
1302,W1,4,4,8,8,0,0,0,0,0,0,0,100,100,0,0,0,0,0,100,100,0,0.000000,0,8728,0.000000,0,0,0,0,432,332,300,32,400,16528,12628,0,0,0,0,432,0,0,0,0,713,9400
1303,W1,4,4,8,8,0,0,0,0,0,0,0,100,100,0,0,0,0,0,100,100,0,0.000000,0,8728,0.000000,0,0,0,0,432,332,300,32,400,16528,12628,0,0,0,0,432,0,0,0,0,761,9400
1304,W1,4,4,8,8,0,0,0,0,0,0,0,100,100,0,0,0,0,0,100,100,0,0.000000,0,8728,0.000000,0,0,0,0,432,332,300,32,400,16528,12628,0,0,0,0,432,0,0,0,0,707,9400
1305,W1,4,4,8,8,0,0,0,0,0,0,0,100,100,0,0,0,0,0,100,100,0,0.000000,0,8728,0.000000,0,0,0,0,432,332,300,32,400,16528,12628,0,0,0,0,432,0,0,0,0,769,9400
1306,W1,4,4,8,8,0,0,0,0,0,0,0,100,100,0,0,0,0,0,100,100,0,0.000000,0,8728,0.000000,0,0,0,0,432,332,300,32,400,16528,12628,0,0,0,0,432,0,0,0,0,712,9400
1307,W1,4,4,8,8,0,0,0,0,0,0,0,100,100,0,0,0,0,0,100,100,0,0.000000,0,8728,0.000000,0,0,0,0,432,332,300,32,400,16528,12628,0,0,0,0,432,0,0,0,0,714,9400
1308,W1,4,4,8,8,0,0,0,0,0,0,0,100,100,0,0,0,0,0,100,100,0,0.000000,0,8728,0.000000,0,0,0,0,432,332,300,32,400,16528,12628,0,0,0,0,432,0,0,0,0,745,9400
1309,W1,4,4,8,8,0,0,0,0,0,0,0,100,100,0,0,0,0,0,100,100,0,0.000000,0,8728,0.000000,0,0,0,0,432,332,300,32,400,16528,12628,0,0,0,0,432,0,0,0,0,735,9400
1310,W1,4,4,8,8,0,0,0,0,0,0,0,100,100,100,0,0,0,0,100,100,100,100.000000,1600,8728,18.331806,10,10,10,10,432,332,300,32,400,16528,12628,0,0,0,0,432,0,0,0,0,744,9400
1311,W1,4,4,8,8,0,0,0,0,0,0,0,100,100,0,0,0,0,0,100,100,0,0.000000,0,8728,0.000000,0,0,0,0,432,332,300,32,400,16528,12628,0,0,0,0,432,0,0,0,0,736,9400
1312,W1,4,4,8,8,0,0,0,0,0,0,0,100,100,0,0,0,0,0,100,100,0,0.000000,0,8728,0.000000,0,0,0,0,432,332,300,32,400,16528,12628,0,0,0,0,432,0,0,0,0,720,9400
1313,W1,4,4,8,8,0,0,0,0,0,0,0,100,100,0,0,0,0,0,100,100,0,0.000000,0,8728,0.000000,0,0,0,0,432,332,300,32,400,16528,12628,0,0,0,0,432,0,0,0,0,752,9400
1314,W1,4,4,8,8,0,0,0,0,0,0,0,100,100,0,0,0,0,0,100,100,0,0.000000,0,8728,0.000000,0,0,0,0,432,332,300,32,400,16528,12628,0,0,0,0,432,0,0,0,0,786,9400
1315,W1,4,4,8,8,0,0,0,0,0,0,0,100,100,0,0,0,0,0,100,100,0,0.000000,0,8728,0.000000,0,0,0,0,432,332,300,32,400,16528,12628,0,0,0,0,432,0,0,0,0,784,9400
1316,W1,4,4,8,8,0,0,0,0,0,0,0,100,100,0,0,0,0,0,100,100,0,0.000000,0,8728,0.000000,0,0,0,0,432,332,300,32,400,16528,12628,0,0,0,0,432,0,0,0,0,769,9400
1317,W1,4,4,8,8,0,0,0,0,0,0,0,100,100,0,0,0,0,0,100,100,0,0.000000,0,8728,0.000000,0,0,0,0,432,332,300,32,400,16528,12628,0,0,0,0,432,0,0,0,0,727,9400
1318,W1,4,4,8,8,0,0,0,0,0,0,0,100,100,0,0,0,0,0,100,100,0,0.000000,0,8728,0.000000,0,0,0,0,432,332,300,32,400,16528,12628,0,0,0,0,432,0,0,0,0,738,9400
1319,W1,4,4,8,8,0,0,0,0,0,0,0,100,100,100,0,0,0,0,100,100,100,100.000000,1600,8728,18.331806,10,10,10,10,432,332,300,32,400,16528,12628,0,0,0,0,432,0,0,0,0,741,9400
1320,W1,4,4,8,8,0,0,0,0,0,0,0,100,100,0,0,0,0,0,100,100,0,0.000000,0,8728,0.000000,0,0,0,0,432,332,300,32,400,16528,12628,0,0,0,0,432,0,0,0,0,745,9400
1321,W1,4,4,8,8,0,0,0,0,0,0,0,100,100,0,0,0,0,0,100,100,0,0.000000,0,8728,0.000000,0,0,0,0,432,332,300,32,400,16528,12628,0,0,0,0,432,0,0,0,0,773,9400
1322,W1,4,4,8,8,0,0,0,0,0,0,0,100,100,0,0,0,0,0,100,100,0,0.000000,0,8728,0.000000,0,0,0,0,432,332,300,32,400,16528,12628,0,0,0,0,432,0,0,0,0,756,9400
1323,W1,4,4,8,8,0,0,0,0,0,0,0,100,100,0,0,0,0,0,100,100,0,0.000000,0,8728,0.000000,0,0,0,0,432,332,300,32,400,16528,12628,0,0,0,0,432,0,0,0,0,719,9400
1324,W1,4,4,8,8,0,0,0,0,0,0,0,100,100,0,0,0,0,0,100,100,0,0.000000,0,8728,0.000000,0,0,0,0,432,332,300,32,400,16528,12628,0,0,0,0,432,0,0,0,0,827,9400
1325,W1,4,4,8,8,0,0,0,0,0,0,0,100,100,0,0,0,0,0,100,100,0,0.000000,0,8728,0.000000,0,0,0,0,432,332,300,32,400,16528,12628,0,0,0,0,432,0,0,0,0,720,9400
1326,W1,4,4,8,8,0,0,0,0,0,0,0,100,100,0,0,0,0,0,100,100,0,0.000000,0,8728,0.000000,0,0,0,0,432,332,300,32,400,16528,12628,0,0,0,0,432,0,0,0,0,724,9400
1327,W1,4,4,8,8,0,0,0,0,0,0,0,100,100,0,0,0,0,0,100,100,0,0.000000,0,8728,0.000000,0,0,0,0,432,332,300,32,400,16528,12628,0,0,0,0,432,0,0,0,0,781,9400
1328,W1,4,4,8,8,0,0,0,0,0,0,0,100,100,100,0,0,0,0,100,100,100,100.000000,1600,8728,18.331806,10,10,10,10,432,332,300,32,400,16528,12628,0,0,0,0,432,0,0,0,0,775,9400
1329,W1,4,4,8,8,0,0,0,0,0,0,0,100,100,0,0,0,0,0,100,100,0,0.000000,0,8728,0.000000,0,0,0,0,432,332,300,32,400,16528,12628,0,0,0,0,432,0,0,0,0,744,9400
1330,W1,4,4,8,8,0,0,0,0,0,0,0,100,100,0,0,0,0,0,100,100,0,0.000000,0,8728,0.000000,0,0,0,0,432,332,300,32,400,16528,12628,0,0,0,0,432,0,0,0,0,748,9400
1331,W1,4,4,8,8,0,0,0,0,0,0,0,100,100,0,0,0,0,0,100,100,0,0.000000,0,8728,0.000000,0,0,0,0,432,332,300,32,400,16528,12628,0,0,0,0,432,0,0,0,0,818,9400
1332,W1,4,4,8,8,0,0,0,0,0,0,0,100,100,0,0,0,0,0,100,100,0,0.000000,0,8728,0.000000,0,0,0,0,432,332,300,32,400,16528,12628,0,0,0,0,432,0,0,0,0,785,9400
1333,W1,4,4,8,8,0,0,0,0,0,0,0,100,100,0,0,0,0,0,100,100,0,0.000000,0,8728,0.000000,0,0,0,0,432,332,300,32,400,16528,12628,0,0,0,0,432,0,0,0,0,723,9400
1334,W1,4,4,8,8,0,0,0,0,0,0,0,100,100,0,0,0,0,0,100,100,0,0.000000,0,8728,0.000000,0,0,0,0,432,332,300,32,400,16528,12628,0,0,0,0,432,0,0,0,0,780,9400
1335,W1,4,4,8,8,0,0,0,0,0,0,0,100,100,0,0,0,0,0,100,100,0,0.000000,0,8728,0.000000,0,0,0,0,432,332,300,32,400,16528,12628,0,0,0,0,432,0,0,0,0,750,9400
1336,W1,4,4,8,8,0,0,0,0,0,0,0,100,100,0,0,0,0,0,100,100,0,0.000000,0,8728,0.000000,0,0,0,0,432,332,300,32,400,16528,12628,0,0,0,0,432,0,0,0,0,744,9400
1337,W1,4,4,8,8,0,0,0,0,0,0,0,100,100,100,0,0,0,0,100,100,100,100.000000,1600,8728,18.331806,10,10,10,10,432,332,300,32,400,16528,12628,0,0,0,0,432,0,0,0,0,707,9400
1338,W1,4,4,8,8,0,0,0,0,0,0,0,100,100,0,0,0,0,0,100,100,0,0.000000,0,8728,0.000000,0,0,0,0,432,332,300,32,400,16528,12628,0,0,0,0,432,0,0,0,0,739,9400
1339,W1,4,4,8,8,0,0,0,0,0,0,0,100,100,0,0,0,0,0,100,100,0,0.000000,0,8728,0.000000,0,0,0,0,432,332,300,32,400,16528,12628,0,0,0,0,432,0,0,0,0,794,9400
1340,W1,4,4,8,8,0,0,0,0,0,0,0,100,100,0,0,0,0,0,100,100,0,0.000000,0,8728,0.000000,0,0,0,0,432,332,300,32,400,16528,12628,0,0,0,0,432,0,0,0,0,720,9400
1341,W1,4,4,8,8,0,0,0,0,0,0,0,100,100,0,0,0,0,0,100,100,0,0.000000,0,8728,0.000000,0,0,0,0,432,332,300,32,400,16528,12628,0,0,0,0,432,0,0,0,0,726,9400
1342,W1,4,4,8,8,0,0,0,0,0,0,0,100,100,0,0,0,0,0,100,100,0,0.000000,0,8728,0.000000,0,0,0,0,432,332,300,32,400,16528,12628,0,0,0,0,432,0,0,0,0,803,9400
1343,W1,4,4,8,8,0,0,0,0,0,0,0,100,100,0,0,0,0,0,100,100,0,0.000000,0,8728,0.000000,0,0,0,0,432,332,300,32,400,16528,12628,0,0,0,0,432,0,0,0,0,763,9400
1344,W1,4,4,8,8,0,0,0,0,0,0,0,100,100,0,0,0,0,0,100,100,0,0.000000,0,8728,0.000000,0,0,0,0,432,332,300,32,400,16528,12628,0,0,0,0,432,0,0,0,0,730,9400
1345,W1,4,4,8,8,0,0,0,0,0,0,0,100,100,0,0,0,0,0,100,100,0,0.000000,0,8728,0.000000,0,0,0,0,432,332,300,32,400,16528,12628,0,0,0,0,432,0,0,0,0,743,9400
1346,W1,4,4,8,8,0,0,0,0,0,0,0,100,100,100,0,0,0,0,100,100,100,100.000000,1600,8728,18.331806,10,10,10,10,432,332,300,32,400,16528,12628,0,0,0,0,432,0,0,0,0,729,9400
1347,W1,4,4,8,8,0,0,0,0,0,0,0,100,100,0,0,0,0,0,100,100,0,0.000000,0,8728,0.000000,0,0,0,0,432,332,300,32,400,16528,12628,0,0,0,0,432,0,0,0,0,739,9400
1348,W1,4,4,8,8,0,0,0,0,0,0,0,100,100,0,0,0,0,0,100,100,0,0.000000,0,8728,0.000000,0,0,0,0,432,332,300,32,400,16528,12628,0,0,0,0,432,0,0,0,0,741,9400
1349,W1,4,4,8,8,0,0,0,0,0,0,0,100,100,0,0,0,0,0,100,100,0,0.000000,0,8728,0.000000,0,0,0,0,432,332,300,32,400,16528,12628,0,0,0,0,432,0,0,0,0,788,9400
1350,W1,4,4,8,8,0,0,0,0,0,0,0,100,100,0,0,0,0,0,100,100,0,0.000000,0,8728,0.000000,0,0,0,0,432,332,300,32,400,16528,12628,0,0,0,0,432,0,0,0,0,783,9400
1351,W1,4,4,8,8,0,0,0,0,0,0,0,100,100,0,0,0,0,0,100,100,0,0.000000,0,8728,0.000000,0,0,0,0,432,332,300,32,400,16528,12628,0,0,0,0,432,0,0,0,0,714,9400
1352,W1,4,4,8,8,0,0,0,0,0,0,0,100,100,0,0,0,0,0,100,100,0,0.000000,0,8728,0.000000,0,0,0,0,432,332,300,32,400,16528,12628,0,0,0,0,432,0,0,0,0,765,9400
1353,W1,4,4,8,8,0,0,0,0,0,0,0,100,100,0,0,0,0,0,100,100,0,0.000000,0,8728,0.000000,0,0,0,0,432,332,300,32,400,16528,12628,0,0,0,0,432,0,0,0,0,755,9400
1354,W1,4,4,8,8,0,0,0,0,0,0,0,100,100,0,0,0,0,0,100,100,0,0.000000,0,8728,0.000000,0,0,0,0,432,332,300,32,400,16528,12628,0,0,0,0,432,0,0,0,0,734,9400
1355,W1,4,4,8,8,0,0,0,0,0,0,0,100,100,100,0,0,0,0,100,100,100,100.000000,1600,8728,18.331806,10,10,10,10,432,332,300,32,400,16528,12628,0,0,0,0,432,0,0,0,0,737,9400
1356,W1,4,4,8,8,0,0,0,0,0,0,0,100,100,0,0,0,0,0,100,100,0,0.000000,0,8728,0.000000,0,0,0,0,432,332,300,32,400,16528,12628,0,0,0,0,432,0,0,0,0,767,9400
1357,W1,4,4,8,8,0,0,0,0,0,0,0,100,100,0,0,0,0,0,100,100,0,0.000000,0,8728,0.000000,0,0,0,0,432,332,300,32,400,16528,12628,0,0,0,0,432,0,0,0,0,723,9400
1358,W1,4,4,8,8,0,0,0,0,0,0,0,100,100,0,0,0,0,0,100,100,0,0.000000,0,8728,0.000000,0,0,0,0,432,332,300,32,400,16528,12628,0,0,0,0,432,0,0,0,0,763,9400
1359,W1,4,4,8,8,0,0,0,0,0,0,0,100,100,0,0,0,0,0,100,100,0,0.000000,0,8728,0.000000,0,0,0,0,432,332,300,32,400,16528,12628,0,0,0,0,432,0,0,0,0,721,9400
1360,W1,4,4,8,8,0,0,0,0,0,0,0,100,100,0,0,0,0,0,100,100,0,0.000000,0,8728,0.000000,0,0,0,0,432,332,300,32,400,16528,12628,0,0,0,0,432,0,0,0,0,765,9400
1361,W1,4,4,8,8,0,0,0,0,0,0,0,100,100,0,0,0,0,0,100,100,0,0.000000,0,8728,0.000000,0,0,0,0,432,332,300,32,400,16528,12628,0,0,0,0,432,0,0,0,0,741,9400
1362,W1,4,4,8,8,0,0,0,0,0,0,0,100,100,0,0,0,0,0,100,100,0,0.000000,0,8728,0.000000,0,0,0,0,432,332,300,32,400,16528,12628,0,0,0,0,432,0,0,0,0,750,9400
1363,W1,4,4,8,8,0,0,0,0,0,0,0,100,100,0,0,0,0,0,100,100,0,0.000000,0,8728,0.000000,0,0,0,0,432,332,300,32,400,16528,12628,0,0,0,0,432,0,0,0,0,713,9400
1364,W1,4,4,8,8,0,0,0,0,0,0,0,100,100,100,0,0,0,0,100,100,100,100.000000,1600,8728,18.331806,10,10,10,10,432,332,300,32,400,16528,12628,0,0,0,0,432,0,0,0,0,751,9400
1365,W1,4,4,8,8,0,0,0,0,0,0,0,100,100,0,0,0,0,0,100,100,0,0.000000,0,8728,0.000000,0,0,0,0,432,332,300,32,400,16528,12628,0,0,0,0,432,0,0,0,0,718,9400
1366,W1,1,1,5,5,0,0,0,0,0,0,0,100,100,0,0,0,0,0,100,100,0,0.000000,0,8032,0.000000,0,0,0,0,108,8,0,8,100,4132,232,0,0,0,0,108,0,0,0,0,327,9400
1367,W1,1,1,5,5,0,0,0,0,0,0,0,100,100,0,0,0,0,0,100,100,0,0.000000,0,8032,0.000000,0,0,0,0,108,8,0,8,100,4132,232,0,0,0,0,108,0,0,0,0,276,9400
1368,W1,1,1,5,5,0,0,0,0,0,0,0,100,100,0,0,0,0,0,100,100,0,0.000000,0,8032,0.000000,0,0,0,0,108,8,0,8,100,4132,232,0,0,0,0,108,0,0,0,0,301,9400
1369,W1,1,1,5,5,0,0,0,0,0,0,0,100,100,0,0,0,0,0,100,100,0,0.000000,0,8032,0.000000,0,0,0,0,108,8,0,8,100,4132,232,0,0,0,0,108,0,0,0,0,286,9400
1370,W1,1,1,5,5,0,0,0,0,0,0,0,100,100,0,0,0,0,0,100,100,0,0.000000,0,8032,0.000000,0,0,0,0,108,8,0,8,100,4132,232,0,0,0,0,108,0,0,0,0,285,9400
1371,W1,1,1,5,5,0,0,0,0,0,0,0,100,100,0,0,0,0,0,100,100,0,0.000000,0,8032,0.000000,0,0,0,0,108,8,0,8,100,4132,232,0,0,0,0,108,0,0,0,0,311,9400
1372,W1,1,1,5,5,0,0,0,0,0,0,0,100,100,0,0,0,0,0,100,100,0,0.000000,0,8032,0.000000,0,0,0,0,108,8,0,8,100,4132,232,0,0,0,0,108,0,0,0,0,269,9400
1373,W1,1,1,5,5,0,0,0,0,0,0,0,100,100,100,0,0,0,0,100,100,100,100.000000,1600,8032,19.920319,10,10,10,10,108,8,0,8,100,4132,232,0,0,0,0,108,0,0,0,0,268,9400
1374,W1,1,1,5,5,0,0,0,0,0,0,0,100,100,0,0,0,0,0,100,100,0,0.000000,0,8032,0.000000,0,0,0,0,108,8,0,8,100,4132,232,0,0,0,0,108,0,0,0,0,276,9400
1375,W1,1,1,5,5,0,0,0,0,0,0,0,100,100,0,0,0,0,0,100,100,0,0.000000,0,8032,0.000000,0,0,0,0,108,8,0,8,100,4132,232,0,0,0,0,108,0,0,0,0,287,9400
1376,W1,1,1,5,5,0,0,0,0,0,0,0,100,100,0,0,0,0,0,100,100,0,0.000000,0,8032,0.000000,0,0,0,0,108,8,0,8,100,4132,232,0,0,0,0,108,0,0,0,0,302,9400
1377,W1,1,1,5,5,0,0,0,0,0,0,0,100,100,0,0,0,0,0,100,100,0,0.000000,0,8032,0.000000,0,0,0,0,108,8,0,8,100,4132,232,0,0,0,0,108,0,0,0,0,303,9400
1378,W1,1,1,5,5,0,0,0,0,0,0,0,100,100,0,0,0,0,0,100,100,0,0.000000,0,8032,0.000000,0,0,0,0,108,8,0,8,100,4132,232,0,0,0,0,108,0,0,0,0,283,9400
1379,W1,1,1,5,5,0,0,0,0,0,0,0,100,100,0,0,0,0,0,100,100,0,0.000000,0,8032,0.000000,0,0,0,0,108,8,0,8,100,4132,232,0,0,0,0,108,0,0,0,0,272,9400
1380,W1,1,1,5,5,0,0,0,0,0,0,0,100,100,0,0,0,0,0,100,100,0,0.000000,0,8032,0.000000,0,0,0,0,108,8,0,8,100,4132,232,0,0,0,0,108,0,0,0,0,290,9400
1381,W1,1,1,5,5,0,0,0,0,0,0,0,100,100,0,0,0,0,0,100,100,0,0.000000,0,8032,0.000000,0,0,0,0,108,8,0,8,100,4132,232,0,0,0,0,108,0,0,0,0,279,9400
1382,W1,1,1,5,5,0,0,0,0,0,0,0,100,100,100,0,0,0,0,100,100,100,100.000000,1600,8032,19.920319,10,10,10,10,108,8,0,8,100,4132,232,0,0,0,0,108,0,0,0,0,313,9400
1383,W1,1,1,5,5,0,0,0,0,0,0,0,100,100,0,0,0,0,0,100,100,0,0.000000,0,8032,0.000000,0,0,0,0,108,8,0,8,100,4132,232,0,0,0,0,108,0,0,0,0,288,9400
1384,W1,1,1,5,5,0,0,0,0,0,0,0,100,100,0,0,0,0,0,100,100,0,0.000000,0,8032,0.000000,0,0,0,0,108,8,0,8,100,4132,232,0,0,0,0,108,0,0,0,0,284,9400
1385,W1,1,1,5,5,0,0,0,0,0,0,0,100,100,0,0,0,0,0,100,100,0,0.000000,0,8032,0.000000,0,0,0,0,108,8,0,8,100,4132,232,0,0,0,0,108,0,0,0,0,299,9400
1386,W1,1,1,5,5,0,0,0,0,0,0,0,100,100,0,0,0,0,0,100,100,0,0.000000,0,8032,0.000000,0,0,0,0,108,8,0,8,100,4132,232,0,0,0,0,108,0,0,0,0,312,9400
1387,W1,1,1,5,5,0,0,0,0,0,0,0,100,100,0,0,0,0,0,100,100,0,0.000000,0,8032,0.000000,0,0,0,0,108,8,0,8,100,4132,232,0,0,0,0,108,0,0,0,0,307,9400
1388,W1,1,1,5,5,0,0,0,0,0,0,0,100,100,0,0,0,0,0,100,100,0,0.000000,0,8032,0.000000,0,0,0,0,108,8,0,8,100,4132,232,0,0,0,0,108,0,0,0,0,314,9400
1389,W1,1,1,5,5,0,0,0,0,0,0,0,100,100,0,0,0,0,0,100,100,0,0.000000,0,8032,0.000000,0,0,0,0,108,8,0,8,100,4132,232,0,0,0,0,108,0,0,0,0,283,9400
1390,W1,1,1,5,5,0,0,0,0,0,0,0,100,100,0,0,0,0,0,100,100,0,0.000000,0,8032,0.000000,0,0,0,0,108,8,0,8,100,4132,232,0,0,0,0,108,0,0,0,0,320,9400
1391,W1,1,1,5,5,0,0,0,0,0,0,0,100,100,100,0,0,0,0,100,100,100,100.000000,1600,8032,19.920319,10,10,10,10,108,8,0,8,100,4132,232,0,0,0,0,108,0,0,0,0,279,9400
1392,W1,1,1,5,5,0,0,0,0,0,0,0,100,100,0,0,0,0,0,100,100,0,0.000000,0,8032,0.000000,0,0,0,0,108,8,0,8,100,4132,232,0,0,0,0,108,0,0,0,0,307,9400
1393,W1,1,1,5,5,0,0,0,0,0,0,0,100,100,0,0,0,0,0,100,100,0,0.000000,0,8032,0.000000,0,0,0,0,108,8,0,8,100,4132,232,0,0,0,0,108,0,0,0,0,282,9400
1394,W1,1,1,5,5,0,0,0,0,0,0,0,100,100,0,0,0,0,0,100,100,0,0.000000,0,8032,0.000000,0,0,0,0,108,8,0,8,100,4132,232,0,0,0,0,108,0,0,0,0,387,9400
1395,W1,1,1,5,5,0,0,0,0,0,0,0,100,100,0,0,0,0,0,100,100,0,0.000000,0,8032,0.000000,0,0,0,0,108,8,0,8,100,4132,232,0,0,0,0,108,0,0,0,0,285,9400
1396,W1,1,1,5,5,0,0,0,0,0,0,0,100,100,0,0,0,0,0,100,100,0,0.000000,0,8032,0.000000,0,0,0,0,108,8,0,8,100,4132,232,0,0,0,0,108,0,0,0,0,312,9400
1397,W1,1,1,5,5,0,0,0,0,0,0,0,100,100,0,0,0,0,0,100,100,0,0.000000,0,8032,0.000000,0,0,0,0,108,8,0,8,100,4132,232,0,0,0,0,108,0,0,0,0,298,9400
1398,W1,1,1,5,5,0,0,0,0,0,0,0,100,100,0,0,0,0,0,100,100,0,0.000000,0,8032,0.000000,0,0,0,0,108,8,0,8,100,4132,232,0,0,0,0,108,0,0,0,0,293,9400
1399,W1,1,1,5,5,0,0,0,0,0,0,0,100,100,0,0,0,0,0,100,100,0,0.000000,0,8032,0.000000,0,0,0,0,108,8,0,8,100,4132,232,0,0,0,0,108,0,0,0,0,357,9400
1400,W1,1,1,5,5,0,0,0,0,0,0,0,100,100,100,0,0,0,0,100,100,100,100.000000,1600,8032,19.920319,10,10,10,10,108,8,0,8,100,4132,232,0,0,0,0,108,0,0,0,0,345,9400
1401,W1,1,1,5,5,0,0,0,0,0,0,0,100,100,0,0,0,0,0,100,100,0,0.000000,0,8032,0.000000,0,0,0,0,108,8,0,8,100,4132,232,0,0,0,0,108,0,0,0,0,282,9400
1402,W1,1,1,5,5,0,0,0,0,0,0,0,100,100,0,0,0,0,0,100,100,0,0.000000,0,8032,0.000000,0,0,0,0,108,8,0,8,100,4132,232,0,0,0,0,108,0,0,0,0,310,9400
1403,W1,1,1,5,5,0,0,0,0,0,0,0,100,100,0,0,0,0,0,100,100,0,0.000000,0,8032,0.000000,0,0,0,0,108,8,0,8,100,4132,232,0,0,0,0,108,0,0,0,0,330,9400
1404,W1,1,1,5,5,0,0,0,0,0,0,0,100,100,0,0,0,0,0,100,100,0,0.000000,0,8032,0.000000,0,0,0,0,108,8,0,8,100,4132,232,0,0,0,0,108,0,0,0,0,356,9400
1405,W1,1,1,5,5,0,0,0,0,0,0,0,100,100,0,0,0,0,0,100,100,0,0.000000,0,8032,0.000000,0,0,0,0,108,8,0,8,100,4132,232,0,0,0,0,108,0,0,0,0,298,9400
1406,W1,1,1,5,5,0,0,0,0,0,0,0,100,100,0,0,0,0,0,100,100,0,0.000000,0,8032,0.000000,0,0,0,0,108,8,0,8,100,4132,232,0,0,0,0,108,0,0,0,0,282,9400
1407,W1,1,1,5,5,0,0,0,0,0,0,0,100,100,0,0,0,0,0,100,100,0,0.000000,0,8032,0.000000,0,0,0,0,108,8,0,8,100,4132,232,0,0,0,0,108,0,0,0,0,279,9400
1408,W1,1,1,5,5,0,0,0,0,0,0,0,100,100,0,0,0,0,0,100,100,0,0.000000,0,8032,0.000000,0,0,0,0,108,8,0,8,100,4132,232,0,0,0,0,108,0,0,0,0,274,9400
1409,W1,1,1,5,5,0,0,0,0,0,0,0,100,100,100,0,0,0,0,100,100,100,100.000000,1600,8032,19.920319,10,10,10,10,108,8,0,8,100,4132,232,0,0,0,0,108,0,0,0,0,278,9400
1410,W1,1,1,5,5,0,0,0,0,0,0,0,100,100,0,0,0,0,0,100,100,0,0.000000,0,8032,0.000000,0,0,0,0,108,8,0,8,100,4132,232,0,0,0,0,108,0,0,0,0,285,9400
1411,W1,1,1,5,5,0,0,0,0,0,0,0,100,100,0,0,0,0,0,100,100,0,0.000000,0,8032,0.000000,0,0,0,0,108,8,0,8,100,4132,232,0,0,0,0,108,0,0,0,0,337,9400
1412,W1,1,1,5,5,0,0,0,0,0,0,0,100,100,0,0,0,0,0,100,100,0,0.000000,0,8032,0.000000,0,0,0,0,108,8,0,8,100,4132,232,0,0,0,0,108,0,0,0,0,309,9400
1413,W1,1,1,5,5,0,0,0,0,0,0,0,100,100,0,0,0,0,0,100,100,0,0.000000,0,8032,0.000000,0,0,0,0,108,8,0,8,100,4132,232,0,0,0,0,108,0,0,0,0,329,9400
1414,W1,1,1,5,5,0,0,0,0,0,0,0,100,100,0,0,0,0,0,100,100,0,0.000000,0,8032,0.000000,0,0,0,0,108,8,0,8,100,4132,232,0,0,0,0,108,0,0,0,0,295,9400
1415,W1,1,1,5,5,0,0,0,0,0,0,0,100,100,0,0,0,0,0,100,100,0,0.000000,0,8032,0.000000,0,0,0,0,108,8,0,8,100,4132,232,0,0,0,0,108,0,0,0,0,297,9400
1416,W1,1,1,5,5,0,0,0,0,0,0,0,100,100,0,0,0,0,0,100,100,0,0.000000,0,8032,0.000000,0,0,0,0,108,8,0,8,100,4132,232,0,0,0,0,108,0,0,0,0,290,9400
1417,W1,1,1,5,5,0,0,0,0,0,0,0,100,100,0,0,0,0,0,100,100,0,0.000000,0,8032,0.000000,0,0,0,0,108,8,0,8,100,4132,232,0,0,0,0,108,0,0,0,0,287,9400
1418,W1,1,1,5,5,0,0,0,0,0,0,0,100,100,100,0,0,0,0,100,100,100,100.000000,1600,8032,19.920319,10,10,10,10,108,8,0,8,100,4132,232,0,0,0,0,108,0,0,0,0,329,9400
1419,W1,1,1,5,5,0,0,0,0,0,0,0,100,100,0,0,0,0,0,100,100,0,0.000000,0,8032,0.000000,0,0,0,0,108,8,0,8,100,4132,232,0,0,0,0,108,0,0,0,0,288,9400
1420,W1,1,1,5,5,0,0,0,0,0,0,0,100,100,0,0,0,0,0,100,100,0,0.000000,0,8032,0.000000,0,0,0,0,108,8,0,8,100,4132,232,0,0,0,0,108,0,0,0,0,281,9400
1421,W1,1,1,5,5,0,0,0,0,0,0,0,100,100,0,0,0,0,0,100,100,0,0.000000,0,8032,0.000000,0,0,0,0,108,8,0,8,100,4132,232,0,0,0,0,108,0,0,0,0,302,9400
1422,W1,1,1,5,5,0,0,0,0,0,0,0,100,100,0,0,0,0,0,100,100,0,0.000000,0,8032,0.000000,0,0,0,0,108,8,0,8,100,4132,232,0,0,0,0,108,0,0,0,0,305,9400
1423,W1,1,1,5,5,0,0,0,0,0,0,0,100,100,0,0,0,0,0,100,100,0,0.000000,0,8032,0.000000,0,0,0,0,108,8,0,8,100,4132,232,0,0,0,0,108,0,0,0,0,296,9400
1424,W1,1,1,5,5,0,0,0,0,0,0,0,100,100,0,0,0,0,0,100,100,0,0.000000,0,8032,0.000000,0,0,0,0,108,8,0,8,100,4132,232,0,0,0,0,108,0,0,0,0,297,9400
1425,W1,1,1,5,5,0,0,0,0,0,0,0,100,100,0,0,0,0,0,100,100,0,0.000000,0,8032,0.000000,0,0,0,0,108,8,0,8,100,4132,232,0,0,0,0,108,0,0,0,0,324,9400
1426,W1,1,1,5,5,0,0,0,0,0,0,0,100,100,0,0,0,0,0,100,100,0,0.000000,0,8032,0.000000,0,0,0,0,108,8,0,8,100,4132,232,0,0,0,0,108,0,0,0,0,281,9400
1427,W1,1,1,5,5,0,0,0,0,0,0,0,100,100,100,0,0,0,0,100,100,100,100.000000,1600,8032,19.920319,10,10,10,10,108,8,0,8,100,4132,232,0,0,0,0,108,0,0,0,0,281,9400
1428,W1,1,1,5,5,0,0,0,0,0,0,0,100,100,0,0,0,0,0,100,100,0,0.000000,0,8032,0.000000,0,0,0,0,108,8,0,8,100,4132,232,0,0,0,0,108,0,0,0,0,276,9400
1429,W1,1,1,5,5,0,0,0,0,0,0,0,100,100,0,0,0,0,0,100,100,0,0.000000,0,8032,0.000000,0,0,0,0,108,8,0,8,100,4132,232,0,0,0,0,108,0,0,0,0,300,9400
1430,W1,1,1,5,5,0,0,0,0,0,0,0,100,100,0,0,0,0,0,100,100,0,0.000000,0,8032,0.000000,0,0,0,0,108,8,0,8,100,4132,232,0,0,0,0,108,0,0,0,0,291,9400
1431,W1,1,1,5,5,0,0,0,0,0,0,0,100,100,0,0,0,0,0,100,100,0,0.000000,0,8032,0.000000,0,0,0,0,108,8,0,8,100,4132,232,0,0,0,0,108,0,0,0,0,278,9400
1432,W1,1,1,5,5,0,0,0,0,0,0,0,100,100,0,0,0,0,0,100,100,0,0.000000,0,8032,0.000000,0,0,0,0,108,8,0,8,100,4132,232,0,0,0,0,108,0,0,0,0,303,9400
1433,W1,1,1,5,5,0,0,0,0,0,0,0,100,100,0,0,0,0,0,100,100,0,0.000000,0,8032,0.000000,0,0,0,0,108,8,0,8,100,4132,232,0,0,0,0,108,0,0,0,0,281,9400
1434,W1,1,1,5,5,0,0,0,0,0,0,0,100,100,0,0,0,0,0,100,100,0,0.000000,0,8032,0.000000,0,0,0,0,108,8,0,8,100,4132,232,0,0,0,0,108,0,0,0,0,331,9400
1435,W1,1,1,5,5,0,0,0,0,0,0,0,100,100,0,0,0,0,0,100,100,0,0.000000,0,8032,0.000000,0,0,0,0,108,8,0,8,100,4132,232,0,0,0,0,108,0,0,0,0,306,9400
1436,W1,1,1,5,5,0,0,0,0,0,0,0,100,100,100,0,0,0,0,100,100,100,100.000000,1600,8032,19.920319,10,10,10,10,108,8,0,8,100,4132,232,0,0,0,0,108,0,0,0,0,284,9400
1437,W1,1,1,5,5,0,0,0,0,0,0,0,100,100,0,0,0,0,0,100,100,0,0.000000,0,8032,0.000000,0,0,0,0,108,8,0,8,100,4132,232,0,0,0,0,108,0,0,0,0,300,9400
1438,W1,1,1,5,5,0,0,0,0,0,0,0,100,100,0,0,0,0,0,100,100,0,0.000000,0,8032,0.000000,0,0,0,0,108,8,0,8,100,4132,232,0,0,0,0,108,0,0,0,0,293,9400
1439,W1,1,1,5,5,0,0,0,0,0,0,0,100,100,0,0,0,0,0,100,100,0,0.000000,0,8032,0.000000,0,0,0,0,108,8,0,8,100,4132,232,0,0,0,0,108,0,0,0,0,294,9400
1440,W1,1,1,5,5,0,0,0,0,0,0,0,100,100,0,0,0,0,0,100,100,0,0.000000,0,8032,0.000000,0,0,0,0,108,8,0,8,100,4132,232,0,0,0,0,108,0,0,0,0,302,9400
1441,W1,1,1,5,5,0,0,0,0,0,0,0,100,100,0,0,0,0,0,100,100,0,0.000000,0,8032,0.000000,0,0,0,0,108,8,0,8,100,4132,232,0,0,0,0,108,0,0,0,0,292,9400
1442,W1,1,1,5,5,0,0,0,0,0,0,0,100,100,0,0,0,0,0,100,100,0,0.000000,0,8032,0.000000,0,0,0,0,108,8,0,8,100,4132,232,0,0,0,0,108,0,0,0,0,308,9400
1443,W1,1,1,5,5,0,0,0,0,0,0,0,100,100,0,0,0,0,0,100,100,0,0.000000,0,8032,0.000000,0,0,0,0,108,8,0,8,100,4132,232,0,0,0,0,108,0,0,0,0,307,9400
1444,W1,1,1,5,5,0,0,0,0,0,0,0,100,100,0,0,0,0,0,100,100,0,0.000000,0,8032,0.000000,0,0,0,0,108,8,0,8,100,4132,232,0,0,0,0,108,0,0,0,0,301,9400
1445,W1,1,1,5,5,0,0,0,0,0,0,0,100,100,100,0,0,0,0,100,100,100,100.000000,1600,8032,19.920319,10,10,10,10,108,8,0,8,100,4132,232,0,0,0,0,108,0,0,0,0,328,9400
1446,W1,1,1,5,5,0,0,0,0,0,0,0,100,100,0,0,0,0,0,100,100,0,0.000000,0,8032,0.000000,0,0,0,0,108,8,0,8,100,4132,232,0,0,0,0,108,0,0,0,0,306,9400
1447,W1,1,1,5,5,0,0,0,0,0,0,0,100,100,0,0,0,0,0,100,100,0,0.000000,0,8032,0.000000,0,0,0,0,108,8,0,8,100,4132,232,0,0,0,0,108,0,0,0,0,278,9400
1448,W1,1,1,5,5,0,0,0,0,0,0,0,100,100,0,0,0,0,0,100,100,0,0.000000,0,8032,0.000000,0,0,0,0,108,8,0,8,100,4132,232,0,0,0,0,108,0,0,0,0,281,9400
1449,W1,1,1,5,5,0,0,0,0,0,0,0,100,100,0,0,0,0,0,100,100,0,0.000000,0,8032,0.000000,0,0,0,0,108,8,0,8,100,4132,232,0,0,0,0,108,0,0,0,0,268,9400
1450,W1,1,1,5,5,0,0,0,0,0,0,0,100,100,0,0,0,0,0,100,100,0,0.000000,0,8032,0.000000,0,0,0,0,108,8,0,8,100,4132,232,0,0,0,0,108,0,0,0,0,278,9400
1451,W1,1,1,5,5,0,0,0,0,0,0,0,100,100,0,0,0,0,0,100,100,0,0.000000,0,8032,0.000000,0,0,0,0,108,8,0,8,100,4132,232,0,0,0,0,108,0,0,0,0,277,9400
1452,W1,1,1,5,5,0,0,0,0,0,0,0,100,100,0,0,0,0,0,100,100,0,0.000000,0,8032,0.000000,0,0,0,0,108,8,0,8,100,4132,232,0,0,0,0,108,0,0,0,0,307,9400
1453,W1,1,1,5,5,0,0,0,0,0,0,0,100,100,0,0,0,0,0,100,100,0,0.000000,0,8032,0.000000,0,0,0,0,108,8,0,8,100,4132,232,0,0,0,0,108,0,0,0,0,292,9400
1454,W1,1,1,5,5,0,0,0,0,0,0,0,100,100,100,0,0,0,0,100,100,100,100.000000,1600,8032,19.920319,10,10,10,10,108,8,0,8,100,4132,232,0,0,0,0,108,0,0,0,0,282,9400
1455,W1,1,1,5,5,0,0,0,0,0,0,0,100,100,0,0,0,0,0,100,100,0,0.000000,0,8032,0.000000,0,0,0,0,108,8,0,8,100,4132,232,0,0,0,0,108,0,0,0,0,285,9400
1456,W1,1,1,5,5,0,0,0,0,0,0,0,100,100,0,0,0,0,0,100,100,0,0.000000,0,8032,0.000000,0,0,0,0,108,8,0,8,100,4132,232,0,0,0,0,108,0,0,0,0,278,9400
1457,W1,1,1,5,5,0,0,0,0,0,0,0,100,100,0,0,0,0,0,100,100,0,0.000000,0,8032,0.000000,0,0,0,0,108,8,0,8,100,4132,232,0,0,0,0,108,0,0,0,0,294,9400
1458,W1,1,1,5,5,0,0,0,0,0,0,0,100,100,0,0,0,0,0,100,100,0,0.000000,0,8032,0.000000,0,0,0,0,108,8,0,8,100,4132,232,0,0,0,0,108,0,0,0,0,285,9400
1459,W1,1,1,5,5,0,0,0,0,0,0,0,100,100,0,0,0,0,0,100,100,0,0.000000,0,8032,0.000000,0,0,0,0,108,8,0,8,100,4132,232,0,0,0,0,108,0,0,0,0,278,9400
1460,W1,1,1,5,5,0,0,0,0,0,0,0,100,100,0,0,0,0,0,100,100,0,0.000000,0,8032,0.000000,0,0,0,0,108,8,0,8,100,4132,232,0,0,0,0,108,0,0,0,0,282,9400
1461,W1,1,1,5,5,0,0,0,0,0,0,0,100,100,0,0,0,0,0,100,100,0,0.000000,0,8032,0.000000,0,0,0,0,108,8,0,8,100,4132,232,0,0,0,0,108,0,0,0,0,282,9400
1462,W1,1,1,5,5,0,0,0,0,0,0,0,100,100,0,0,0,0,0,100,100,0,0.000000,0,8032,0.000000,0,0,0,0,108,8,0,8,100,4132,232,0,0,0,0,108,0,0,0,0,304,9400
1463,W1,1,1,5,5,0,0,0,0,0,0,0,100,100,100,0,0,0,0,100,100,100,100.000000,1600,8032,19.920319,10,10,10,10,108,8,0,8,100,4132,232,0,0,0,0,108,0,0,0,0,309,9400
1464,W1,1,1,5,5,0,0,0,0,0,0,0,100,100,0,0,0,0,0,100,100,0,0.000000,0,8032,0.000000,0,0,0,0,108,8,0,8,100,4132,232,0,0,0,0,108,0,0,0,0,286,9400
1465,W1,1,1,5,5,0,0,0,0,0,0,0,100,100,0,0,0,0,0,100,100,0,0.000000,0,8032,0.000000,0,0,0,0,108,8,0,8,100,4132,232,0,0,0,0,108,0,0,0,0,360,9400
1466,W1,1,1,5,5,0,0,0,0,0,0,0,100,100,0,0,0,0,0,100,100,0,0.000000,0,8032,0.000000,0,0,0,0,108,8,0,8,100,4132,232,0,0,0,0,108,0,0,0,0,280,9400
1467,W1,1,1,5,5,0,0,0,0,0,0,0,100,100,0,0,0,0,0,100,100,0,0.000000,0,8032,0.000000,0,0,0,0,108,8,0,8,100,4132,232,0,0,0,0,108,0,0,0,0,283,9400
1468,W1,1,1,5,5,0,0,0,0,0,0,0,100,100,0,0,0,0,0,100,100,0,0.000000,0,8032,0.000000,0,0,0,0,108,8,0,8,100,4132,232,0,0,0,0,108,0,0,0,0,282,9400
1469,W1,1,1,5,5,0,0,0,0,0,0,0,100,100,0,0,0,0,0,100,100,0,0.000000,0,8032,0.000000,0,0,0,0,108,8,0,8,100,4132,232,0,0,0,0,108,0,0,0,0,287,9400
1470,W1,1,1,5,5,0,0,0,0,0,0,0,100,100,0,0,0,0,0,100,100,0,0.000000,0,8032,0.000000,0,0,0,0,108,8,0,8,100,4132,232,0,0,0,0,108,0,0,0,0,298,9400
1471,W1,1,1,5,5,0,0,0,0,0,0,0,100,100,0,0,0,0,0,100,100,0,0.000000,0,8032,0.000000,0,0,0,0,108,8,0,8,100,4132,232,0,0,0,0,108,0,0,0,0,307,9400
1472,W1,1,1,5,5,0,0,0,0,0,0,0,100,100,100,0,0,0,0,100,100,100,100.000000,1600,8032,19.920319,10,10,10,10,108,8,0,8,100,4132,232,0,0,0,0,108,0,0,0,0,307,9400
1473,W1,1,1,5,5,0,0,0,0,0,0,0,100,100,0,0,0,0,0,100,100,0,0.000000,0,8032,0.000000,0,0,0,0,108,8,0,8,100,4132,232,0,0,0,0,108,0,0,0,0,289,9400
1474,W1,1,1,5,5,0,0,0,0,0,0,0,100,100,0,0,0,0,0,100,100,0,0.000000,0,8032,0.000000,0,0,0,0,108,8,0,8,100,4132,232,0,0,0,0,108,0,0,0,0,313,9400
1475,W1,1,1,5,5,0,0,0,0,0,0,0,100,100,0,0,0,0,0,100,100,0,0.000000,0,8032,0.000000,0,0,0,0,108,8,0,8,100,4132,232,0,0,0,0,108,0,0,0,0,318,9400
1476,W1,1,1,5,5,0,0,0,0,0,0,0,100,100,0,0,0,0,0,100,100,0,0.000000,0,8032,0.000000,0,0,0,0,108,8,0,8,100,4132,232,0,0,0,0,108,0,0,0,0,315,9400
1477,W1,1,1,5,5,0,0,0,0,0,0,0,100,100,0,0,0,0,0,100,100,0,0.000000,0,8032,0.000000,0,0,0,0,108,8,0,8,100,4132,232,0,0,0,0,108,0,0,0,0,293,9400
1478,W1,1,1,5,5,0,0,0,0,0,0,0,100,100,0,0,0,0,0,100,100,0,0.000000,0,8032,0.000000,0,0,0,0,108,8,0,8,100,4132,232,0,0,0,0,108,0,0,0,0,346,9400
1479,W1,1,1,5,5,0,0,0,0,0,0,0,100,100,0,0,0,0,0,100,100,0,0.000000,0,8032,0.000000,0,0,0,0,108,8,0,8,100,4132,232,0,0,0,0,108,0,0,0,0,302,9400
1480,W1,1,1,5,5,0,0,0,0,0,0,0,100,100,0,0,0,0,0,100,100,0,0.000000,0,8032,0.000000,0,0,0,0,108,8,0,8,100,4132,232,0,0,0,0,108,0,0,0,0,310,9400
1481,W1,1,1,5,5,0,0,0,0,0,0,0,100,100,100,0,0,0,0,100,100,100,100.000000,1600,8032,19.920319,10,10,10,10,108,8,0,8,100,4132,232,0,0,0,0,108,0,0,0,0,287,9400
1482,W1,1,1,5,5,0,0,0,0,0,0,0,100,100,0,0,0,0,0,100,100,0,0.000000,0,8032,0.000000,0,0,0,0,108,8,0,8,100,4132,232,0,0,0,0,108,0,0,0,0,311,9400
1483,W1,1,1,5,5,0,0,0,0,0,0,0,100,100,0,0,0,0,0,100,100,0,0.000000,0,8032,0.000000,0,0,0,0,108,8,0,8,100,4132,232,0,0,0,0,108,0,0,0,0,310,9400
1484,W1,1,1,5,5,0,0,0,0,0,0,0,100,100,0,0,0,0,0,100,100,0,0.000000,0,8032,0.000000,0,0,0,0,108,8,0,8,100,4132,232,0,0,0,0,108,0,0,0,0,287,9400
1485,W1,1,1,5,5,0,0,0,0,0,0,0,100,100,0,0,0,0,0,100,100,0,0.000000,0,8032,0.000000,0,0,0,0,108,8,0,8,100,4132,232,0,0,0,0,108,0,0,0,0,283,9400
1486,W1,1,1,5,5,0,0,0,0,0,0,0,100,100,0,0,0,0,0,100,100,0,0.000000,0,8032,0.000000,0,0,0,0,108,8,0,8,100,4132,232,0,0,0,0,108,0,0,0,0,324,9400
1487,W1,1,1,5,5,0,0,0,0,0,0,0,100,100,0,0,0,0,0,100,100,0,0.000000,0,8032,0.000000,0,0,0,0,108,8,0,8,100,4132,232,0,0,0,0,108,0,0,0,0,293,9400
1488,W1,1,1,5,5,0,0,0,0,0,0,0,100,100,0,0,0,0,0,100,100,0,0.000000,0,8032,0.000000,0,0,0,0,108,8,0,8,100,4132,232,0,0,0,0,108,0,0,0,0,288,9400
1489,W1,1,1,5,5,0,0,0,0,0,0,0,100,100,0,0,0,0,0,100,100,0,0.000000,0,8032,0.000000,0,0,0,0,108,8,0,8,100,4132,232,0,0,0,0,108,0,0,0,0,280,9400
1490,W1,1,1,5,5,0,0,0,0,0,0,0,100,100,100,0,0,0,0,100,100,100,100.000000,1600,8032,19.920319,10,10,10,10,108,8,0,8,100,4132,232,0,0,0,0,108,0,0,0,0,324,9400
1491,W1,1,1,5,5,0,0,0,0,0,0,0,100,100,0,0,0,0,0,100,100,0,0.000000,0,8032,0.000000,0,0,0,0,108,8,0,8,100,4132,232,0,0,0,0,108,0,0,0,0,278,9400
1492,W1,1,1,5,5,0,0,0,0,0,0,0,100,100,0,0,0,0,0,100,100,0,0.000000,0,8032,0.000000,0,0,0,0,108,8,0,8,100,4132,232,0,0,0,0,108,0,0,0,0,284,9400
1493,W1,1,1,5,5,0,0,0,0,0,0,0,100,100,0,0,0,0,0,100,100,0,0.000000,0,8032,0.000000,0,0,0,0,108,8,0,8,100,4132,232,0,0,0,0,108,0,0,0,0,278,9400
1494,W1,1,1,5,5,0,0,0,0,0,0,0,100,100,0,0,0,0,0,100,100,0,0.000000,0,8032,0.000000,0,0,0,0,108,8,0,8,100,4132,232,0,0,0,0,108,0,0,0,0,310,9400
1495,W1,1,1,5,5,0,0,0,0,0,0,0,100,100,0,0,0,0,0,100,100,0,0.000000,0,8032,0.000000,0,0,0,0,108,8,0,8,100,4132,232,0,0,0,0,108,0,0,0,0,285,9400
1496,W1,1,1,5,5,0,0,0,0,0,0,0,100,100,0,0,0,0,0,100,100,0,0.000000,0,8032,0.000000,0,0,0,0,108,8,0,8,100,4132,232,0,0,0,0,108,0,0,0,0,283,9400
1497,W1,1,1,5,5,0,0,0,0,0,0,0,100,100,0,0,0,0,0,100,100,0,0.000000,0,8032,0.000000,0,0,0,0,108,8,0,8,100,4132,232,0,0,0,0,108,0,0,0,0,276,9400
1498,W1,1,1,5,5,0,0,0,0,0,0,0,100,100,0,0,0,0,0,100,100,0,0.000000,0,8032,0.000000,0,0,0,0,108,8,0,8,100,4132,232,0,0,0,0,108,0,0,0,0,281,9400
1499,W1,1,1,5,5,0,0,0,0,0,0,0,100,100,100,0,0,0,0,100,100,100,100.000000,1600,8032,19.920319,10,10,10,10,108,8,0,8,100,4132,232,0,0,0,0,108,0,0,0,0,298,9400
1500,W1,1,1,5,5,0,0,0,0,0,0,0,100,100,0,0,0,0,0,100,100,0,0.000000,0,8032,0.000000,0,0,0,0,108,8,0,8,100,4132,232,0,0,0,0,108,0,0,0,0,267,9400
1501,W1,1,1,5,5,0,0,0,0,0,0,0,100,100,0,0,0,0,0,100,100,0,0.000000,0,8032,0.000000,0,0,0,0,108,8,0,8,100,4132,232,0,0,0,0,108,0,0,0,0,296,9400
1502,W1,1,1,5,5,0,0,0,0,0,0,0,100,100,0,0,0,0,0,100,100,0,0.000000,0,8032,0.000000,0,0,0,0,108,8,0,8,100,4132,232,0,0,0,0,108,0,0,0,0,297,9400
1503,W1,1,1,5,5,0,0,0,0,0,0,0,100,100,0,0,0,0,0,100,100,0,0.000000,0,8032,0.000000,0,0,0,0,108,8,0,8,100,4132,232,0,0,0,0,108,0,0,0,0,274,9400
1504,W1,1,1,5,5,0,0,0,0,0,0,0,100,100,0,0,0,0,0,100,100,0,0.000000,0,8032,0.000000,0,0,0,0,108,8,0,8,100,4132,232,0,0,0,0,108,0,0,0,0,282,9400
1505,W1,1,1,5,5,0,0,0,0,0,0,0,100,100,0,0,0,0,0,100,100,0,0.000000,0,8032,0.000000,0,0,0,0,108,8,0,8,100,4132,232,0,0,0,0,108,0,0,0,0,313,9400
1506,W1,1,1,5,5,0,0,0,0,0,0,0,100,100,0,0,0,0,0,100,100,0,0.000000,0,8032,0.000000,0,0,0,0,108,8,0,8,100,4132,232,0,0,0,0,108,0,0,0,0,328,9400
1507,W1,1,1,5,5,0,0,0,0,0,0,0,100,100,0,0,0,0,0,100,100,0,0.000000,0,8032,0.000000,0,0,0,0,108,8,0,8,100,4132,232,0,0,0,0,108,0,0,0,0,273,9400
1508,W1,1,1,5,5,0,0,0,0,0,0,0,100,100,100,0,0,0,0,100,100,100,100.000000,1600,8032,19.920319,10,10,10,10,108,8,0,8,100,4132,232,0,0,0,0,108,0,0,0,0,297,9400
1509,W1,1,1,5,5,0,0,0,0,0,0,0,100,100,0,0,0,0,0,100,100,0,0.000000,0,8032,0.000000,0,0,0,0,108,8,0,8,100,4132,232,0,0,0,0,108,0,0,0,0,305,9400
1510,W1,1,1,5,5,0,0,0,0,0,0,0,100,100,0,0,0,0,0,100,100,0,0.000000,0,8032,0.000000,0,0,0,0,108,8,0,8,100,4132,232,0,0,0,0,108,0,0,0,0,332,9400
1511,W1,1,1,5,5,0,0,0,0,0,0,0,100,100,0,0,0,0,0,100,100,0,0.000000,0,8032,0.000000,0,0,0,0,108,8,0,8,100,4132,232,0,0,0,0,108,0,0,0,0,285,9400
1512,W1,1,1,5,5,0,0,0,0,0,0,0,100,100,0,0,0,0,0,100,100,0,0.000000,0,8032,0.000000,0,0,0,0,108,8,0,8,100,4132,232,0,0,0,0,108,0,0,0,0,321,9400
1513,W1,1,1,5,5,0,0,0,0,0,0,0,100,100,0,0,0,0,0,100,100,0,0.000000,0,8032,0.000000,0,0,0,0,108,8,0,8,100,4132,232,0,0,0,0,108,0,0,0,0,278,9400
1514,W1,1,1,5,5,0,0,0,0,0,0,0,100,100,0,0,0,0,0,100,100,0,0.000000,0,8032,0.000000,0,0,0,0,108,8,0,8,100,4132,232,0,0,0,0,108,0,0,0,0,286,9400
1515,W1,1,1,5,5,0,0,0,0,0,0,0,100,100,0,0,0,0,0,100,100,0,0.000000,0,8032,0.000000,0,0,0,0,108,8,0,8,100,4132,232,0,0,0,0,108,0,0,0,0,342,9400
1516,W1,1,1,5,5,0,0,0,0,0,0,0,100,100,0,0,0,0,0,100,100,0,0.000000,0,8032,0.000000,0,0,0,0,108,8,0,8,100,4132,232,0,0,0,0,108,0,0,0,0,294,9400
1517,W1,1,1,5,5,0,0,0,0,0,0,0,100,100,100,0,0,0,0,100,100,100,100.000000,1600,8032,19.920319,10,10,10,10,108,8,0,8,100,4132,232,0,0,0,0,108,0,0,0,0,324,9400
1518,W1,1,1,5,5,0,0,0,0,0,0,0,100,100,0,0,0,0,0,100,100,0,0.000000,0,8032,0.000000,0,0,0,0,108,8,0,8,100,4132,232,0,0,0,0,108,0,0,0,0,302,9400
1519,W1,1,1,5,5,0,0,0,0,0,0,0,100,100,0,0,0,0,0,100,100,0,0.000000,0,8032,0.000000,0,0,0,0,108,8,0,8,100,4132,232,0,0,0,0,108,0,0,0,0,298,9400
1520,W1,1,1,5,5,0,0,0,0,0,0,0,100,100,0,0,0,0,0,100,100,0,0.000000,0,8032,0.000000,0,0,0,0,108,8,0,8,100,4132,232,0,0,0,0,108,0,0,0,0,284,9400
1521,W1,1,1,5,5,0,0,0,0,0,0,0,100,100,0,0,0,0,0,100,100,0,0.000000,0,8032,0.000000,0,0,0,0,108,8,0,8,100,4132,232,0,0,0,0,108,0,0,0,0,286,9400
1522,W1,1,1,5,5,0,0,0,0,0,0,0,100,100,0,0,0,0,0,100,100,0,0.000000,0,8032,0.000000,0,0,0,0,108,8,0,8,100,4132,232,0,0,0,0,108,0,0,0,0,288,9400
1523,W1,1,1,5,5,0,0,0,0,0,0,0,100,100,0,0,0,0,0,100,100,0,0.000000,0,8032,0.000000,0,0,0,0,108,8,0,8,100,4132,232,0,0,0,0,108,0,0,0,0,294,9400
1524,W1,1,1,5,5,0,0,0,0,0,0,0,100,100,0,0,0,0,0,100,100,0,0.000000,0,8032,0.000000,0,0,0,0,108,8,0,8,100,4132,232,0,0,0,0,108,0,0,0,0,267,9400
1525,W1,1,1,5,5,0,0,0,0,0,0,0,100,100,0,0,0,0,0,100,100,0,0.000000,0,8032,0.000000,0,0,0,0,108,8,0,8,100,4132,232,0,0,0,0,108,0,0,0,0,263,9400
1526,W1,1,1,5,5,0,0,0,0,0,0,0,100,100,100,0,0,0,0,100,100,100,100.000000,1600,8032,19.920319,10,10,10,10,108,8,0,8,100,4132,232,0,0,0,0,108,0,0,0,0,293,9400
1527,W1,1,1,5,5,0,0,0,0,0,0,0,100,100,0,0,0,0,0,100,100,0,0.000000,0,8032,0.000000,0,0,0,0,108,8,0,8,100,4132,232,0,0,0,0,108,0,0,0,0,279,9400
1528,W1,1,1,5,5,0,0,0,0,0,0,0,100,100,0,0,0,0,0,100,100,0,0.000000,0,8032,0.000000,0,0,0,0,108,8,0,8,100,4132,232,0,0,0,0,108,0,0,0,0,306,9400
1529,W1,1,1,5,5,0,0,0,0,0,0,0,100,100,0,0,0,0,0,100,100,0,0.000000,0,8032,0.000000,0,0,0,0,108,8,0,8,100,4132,232,0,0,0,0,108,0,0,0,0,274,9400
1530,W1,1,1,5,5,0,0,0,0,0,0,0,100,100,0,0,0,0,0,100,100,0,0.000000,0,8032,0.000000,0,0,0,0,108,8,0,8,100,4132,232,0,0,0,0,108,0,0,0,0,285,9400
1531,W1,1,1,5,5,0,0,0,0,0,0,0,100,100,0,0,0,0,0,100,100,0,0.000000,0,8032,0.000000,0,0,0,0,108,8,0,8,100,4132,232,0,0,0,0,108,0,0,0,0,295,9400
1532,W1,1,1,5,5,0,0,0,0,0,0,0,100,100,0,0,0,0,0,100,100,0,0.000000,0,8032,0.000000,0,0,0,0,108,8,0,8,100,4132,232,0,0,0,0,108,0,0,0,0,316,9400
1533,W1,1,1,5,5,0,0,0,0,0,0,0,100,100,0,0,0,0,0,100,100,0,0.000000,0,8032,0.000000,0,0,0,0,108,8,0,8,100,4132,232,0,0,0,0,108,0,0,0,0,304,9400
1534,W1,1,1,5,5,0,0,0,0,0,0,0,100,100,0,0,0,0,0,100,100,0,0.000000,0,8032,0.000000,0,0,0,0,108,8,0,8,100,4132,232,0,0,0,0,108,0,0,0,0,282,9400
1535,W1,1,1,5,5,0,0,0,0,0,0,0,100,100,100,0,0,0,0,100,100,100,100.000000,1600,8032,19.920319,10,10,10,10,108,8,0,8,100,4132,232,0,0,0,0,108,0,0,0,0,307,9400
1536,W1,1,1,5,5,0,0,0,0,0,0,0,100,100,0,0,0,0,0,100,100,0,0.000000,0,8032,0.000000,0,0,0,0,108,8,0,8,100,4132,232,0,0,0,0,108,0,0,0,0,287,9400
1537,W1,1,1,5,5,0,0,0,0,0,0,0,100,100,0,0,0,0,0,100,100,0,0.000000,0,8032,0.000000,0,0,0,0,108,8,0,8,100,4132,232,0,0,0,0,108,0,0,0,0,285,9400
1538,W1,1,1,5,5,0,0,0,0,0,0,0,100,100,0,0,0,0,0,100,100,0,0.000000,0,8032,0.000000,0,0,0,0,108,8,0,8,100,4132,232,0,0,0,0,108,0,0,0,0,288,9400
1539,W1,1,1,5,5,0,0,0,0,0,0,0,100,100,0,0,0,0,0,100,100,0,0.000000,0,8032,0.000000,0,0,0,0,108,8,0,8,100,4132,232,0,0,0,0,108,0,0,0,0,293,9400
1540,W1,1,1,5,5,0,0,0,0,0,0,0,100,100,0,0,0,0,0,100,100,0,0.000000,0,8032,0.000000,0,0,0,0,108,8,0,8,100,4132,232,0,0,0,0,108,0,0,0,0,294,9400
1541,W1,1,1,5,5,0,0,0,0,0,0,0,100,100,0,0,0,0,0,100,100,0,0.000000,0,8032,0.000000,0,0,0,0,108,8,0,8,100,4132,232,0,0,0,0,108,0,0,0,0,313,9400
1542,W1,1,1,5,5,0,0,0,0,0,0,0,100,100,0,0,0,0,0,100,100,0,0.000000,0,8032,0.000000,0,0,0,0,108,8,0,8,100,4132,232,0,0,0,0,108,0,0,0,0,309,9400
1543,W1,1,1,5,5,0,0,0,0,0,0,0,100,100,0,0,0,0,0,100,100,0,0.000000,0,8032,0.000000,0,0,0,0,108,8,0,8,100,4132,232,0,0,0,0,108,0,0,0,0,287,9400
1544,W1,1,1,5,5,0,0,0,0,0,0,0,100,100,100,0,0,0,0,100,100,100,100.000000,1600,8032,19.920319,10,10,10,10,108,8,0,8,100,4132,232,0,0,0,0,108,0,0,0,0,307,9400
1545,W1,1,1,5,5,0,0,0,0,0,0,0,100,100,0,0,0,0,0,100,100,0,0.000000,0,8032,0.000000,0,0,0,0,108,8,0,8,100,4132,232,0,0,0,0,108,0,0,0,0,311,9400
1546,W1,1,1,5,5,0,0,0,0,0,0,0,100,100,0,0,0,0,0,100,100,0,0.000000,0,8032,0.000000,0,0,0,0,108,8,0,8,100,4132,232,0,0,0,0,108,0,0,0,0,339,9400
1547,W1,1,1,5,5,0,0,0,0,0,0,0,100,100,0,0,0,0,0,100,100,0,0.000000,0,8032,0.000000,0,0,0,0,108,8,0,8,100,4132,232,0,0,0,0,108,0,0,0,0,325,9400
1548,W1,1,1,5,5,0,0,0,0,0,0,0,100,100,0,0,0,0,0,100,100,0,0.000000,0,8032,0.000000,0,0,0,0,108,8,0,8,100,4132,232,0,0,0,0,108,0,0,0,0,288,9400
1549,W1,1,1,5,5,0,0,0,0,0,0,0,100,100,0,0,0,0,0,100,100,0,0.000000,0,8032,0.000000,0,0,0,0,108,8,0,8,100,4132,232,0,0,0,0,108,0,0,0,0,289,9400
1550,W1,1,1,5,5,0,0,0,0,0,0,0,100,100,0,0,0,0,0,100,100,0,0.000000,0,8032,0.000000,0,0,0,0,108,8,0,8,100,4132,232,0,0,0,0,108,0,0,0,0,312,9400
1551,W1,1,1,5,5,0,0,0,0,0,0,0,100,100,0,0,0,0,0,100,100,0,0.000000,0,8032,0.000000,0,0,0,0,108,8,0,8,100,4132,232,0,0,0,0,108,0,0,0,0,312,9400
1552,W1,1,1,5,5,0,0,0,0,0,0,0,100,100,0,0,0,0,0,100,100,0,0.000000,0,8032,0.000000,0,0,0,0,108,8,0,8,100,4132,232,0,0,0,0,108,0,0,0,0,300,9400
1553,W1,1,1,5,5,0,0,0,0,0,0,0,100,100,100,0,0,0,0,100,100,100,100.000000,1600,8032,19.920319,10,10,10,10,108,8,0,8,100,4132,232,0,0,0,0,108,0,0,0,0,286,9400
1554,W1,1,1,5,5,0,0,0,0,0,0,0,100,100,0,0,0,0,0,100,100,0,0.000000,0,8032,0.000000,0,0,0,0,108,8,0,8,100,4132,232,0,0,0,0,108,0,0,0,0,293,9400
1555,W1,1,1,5,5,0,0,0,0,0,0,0,100,100,0,0,0,0,0,100,100,0,0.000000,0,8032,0.000000,0,0,0,0,108,8,0,8,100,4132,232,0,0,0,0,108,0,0,0,0,296,9400
1556,W1,1,1,5,5,0,0,0,0,0,0,0,100,100,0,0,0,0,0,100,100,0,0.000000,0,8032,0.000000,0,0,0,0,108,8,0,8,100,4132,232,0,0,0,0,108,0,0,0,0,328,9400
1557,W1,1,1,5,5,0,0,0,0,0,0,0,100,100,0,0,0,0,0,100,100,0,0.000000,0,8032,0.000000,0,0,0,0,108,8,0,8,100,4132,232,0,0,0,0,108,0,0,0,0,284,9400
1558,W1,1,1,5,5,0,0,0,0,0,0,0,100,100,0,0,0,0,0,100,100,0,0.000000,0,8032,0.000000,0,0,0,0,108,8,0,8,100,4132,232,0,0,0,0,108,0,0,0,0,287,9400
1559,W1,1,1,5,5,0,0,0,0,0,0,0,100,100,0,0,0,0,0,100,100,0,0.000000,0,8032,0.000000,0,0,0,0,108,8,0,8,100,4132,232,0,0,0,0,108,0,0,0,0,281,9400
1560,W1,1,1,5,5,0,0,0,0,0,0,0,100,100,0,0,0,0,0,100,100,0,0.000000,0,8032,0.000000,0,0,0,0,108,8,0,8,100,4132,232,0,0,0,0,108,0,0,0,0,311,9400
1561,W1,1,1,5,5,0,0,0,0,0,0,0,100,100,0,0,0,0,0,100,100,0,0.000000,0,8032,0.000000,0,0,0,0,108,8,0,8,100,4132,232,0,0,0,0,108,0,0,0,0,306,9400
1562,W1,1,1,5,5,0,0,0,0,0,0,0,100,100,100,0,0,0,0,100,100,100,100.000000,1600,8032,19.920319,10,10,10,10,108,8,0,8,100,4132,232,0,0,0,0,108,0,0,0,0,278,9400
1563,W1,1,1,5,5,0,0,0,0,0,0,0,100,100,0,0,0,0,0,100,100,0,0.000000,0,8032,0.000000,0,0,0,0,108,8,0,8,100,4132,232,0,0,0,0,108,0,0,0,0,314,9400
1564,W1,1,1,5,5,0,0,0,0,0,0,0,100,100,0,0,0,0,0,100,100,0,0.000000,0,8032,0.000000,0,0,0,0,108,8,0,8,100,4132,232,0,0,0,0,108,0,0,0,0,307,9400
1565,W1,1,1,5,5,0,0,0,0,0,0,0,100,100,0,0,0,0,0,100,100,0,0.000000,0,8032,0.000000,0,0,0,0,108,8,0,8,100,4132,232,0,0,0,0,108,0,0,0,0,286,9400
1566,W1,1,1,5,5,0,0,0,0,0,0,0,100,100,0,0,0,0,0,100,100,0,0.000000,0,8032,0.000000,0,0,0,0,108,8,0,8,100,4132,232,0,0,0,0,108,0,0,0,0,286,9400
1567,W1,1,1,5,5,0,0,0,0,0,0,0,100,100,0,0,0,0,0,100,100,0,0.000000,0,8032,0.000000,0,0,0,0,108,8,0,8,100,4132,232,0,0,0,0,108,0,0,0,0,280,9400
1568,W1,1,1,5,5,0,0,0,0,0,0,0,100,100,0,0,0,0,0,100,100,0,0.000000,0,8032,0.000000,0,0,0,0,108,8,0,8,100,4132,232,0,0,0,0,108,0,0,0,0,287,9400
1569,W1,1,1,5,5,0,0,0,0,0,0,0,100,100,0,0,0,0,0,100,100,0,0.000000,0,8032,0.000000,0,0,0,0,108,8,0,8,100,4132,232,0,0,0,0,108,0,0,0,0,304,9400
1570,W1,1,1,5,5,0,0,0,0,0,0,0,100,100,0,0,0,0,0,100,100,0,0.000000,0,8032,0.000000,0,0,0,0,108,8,0,8,100,4132,232,0,0,0,0,108,0,0,0,0,291,9400
1571,W1,1,1,5,5,0,0,0,0,0,0,0,100,100,100,0,0,0,0,100,100,100,100.000000,1600,8032,19.920319,10,10,10,10,108,8,0,8,100,4132,232,0,0,0,0,108,0,0,0,0,280,9400
1572,W1,1,1,5,5,0,0,0,0,0,0,0,100,100,0,0,0,0,0,100,100,0,0.000000,0,8032,0.000000,0,0,0,0,108,8,0,8,100,4132,232,0,0,0,0,108,0,0,0,0,304,9400
1573,W1,1,1,5,5,0,0,0,0,0,0,0,100,100,0,0,0,0,0,100,100,0,0.000000,0,8032,0.000000,0,0,0,0,108,8,0,8,100,4132,232,0,0,0,0,108,0,0,0,0,272,9400
1574,W1,1,1,5,5,0,0,0,0,0,0,0,100,100,0,0,0,0,0,100,100,0,0.000000,0,8032,0.000000,0,0,0,0,108,8,0,8,100,4132,232,0,0,0,0,108,0,0,0,0,295,9400
1575,W1,1,1,5,5,0,0,0,0,0,0,0,100,100,0,0,0,0,0,100,100,0,0.000000,0,8032,0.000000,0,0,0,0,108,8,0,8,100,4132,232,0,0,0,0,108,0,0,0,0,272,9400
1576,W1,1,1,5,5,0,0,0,0,0,0,0,100,100,0,0,0,0,0,100,100,0,0.000000,0,8032,0.000000,0,0,0,0,108,8,0,8,100,4132,232,0,0,0,0,108,0,0,0,0,278,9400
1577,W1,1,1,5,5,0,0,0,0,0,0,0,100,100,0,0,0,0,0,100,100,0,0.000000,0,8032,0.000000,0,0,0,0,108,8,0,8,100,4132,232,0,0,0,0,108,0,0,0,0,282,9400
1578,W1,1,1,5,5,0,0,0,0,0,0,0,100,100,0,0,0,0,0,100,100,0,0.000000,0,8032,0.000000,0,0,0,0,108,8,0,8,100,4132,232,0,0,0,0,108,0,0,0,0,278,9400
1579,W1,1,1,5,5,0,0,0,0,0,0,0,100,100,0,0,0,0,0,100,100,0,0.000000,0,8032,0.000000,0,0,0,0,108,8,0,8,100,4132,232,0,0,0,0,108,0,0,0,0,319,9400
1580,W1,1,1,5,5,0,0,0,0,0,0,0,100,100,100,0,0,0,0,100,100,100,100.000000,1600,8032,19.920319,10,10,10,10,108,8,0,8,100,4132,232,0,0,0,0,108,0,0,0,0,288,9400
1581,W1,1,1,5,5,0,0,0,0,0,0,0,100,100,0,0,0,0,0,100,100,0,0.000000,0,8032,0.000000,0,0,0,0,108,8,0,8,100,4132,232,0,0,0,0,108,0,0,0,0,282,9400
1582,W1,1,1,5,5,0,0,0,0,0,0,0,100,100,0,0,0,0,0,100,100,0,0.000000,0,8032,0.000000,0,0,0,0,108,8,0,8,100,4132,232,0,0,0,0,108,0,0,0,0,295,9400
1583,W1,1,1,5,5,0,0,0,0,0,0,0,100,100,0,0,0,0,0,100,100,0,0.000000,0,8032,0.000000,0,0,0,0,108,8,0,8,100,4132,232,0,0,0,0,108,0,0,0,0,285,9400
1584,W1,1,1,5,5,0,0,0,0,0,0,0,100,100,0,0,0,0,0,100,100,0,0.000000,0,8032,0.000000,0,0,0,0,108,8,0,8,100,4132,232,0,0,0,0,108,0,0,0,0,312,9400
1585,W1,1,1,5,5,0,0,0,0,0,0,0,100,100,0,0,0,0,0,100,100,0,0.000000,0,8032,0.000000,0,0,0,0,108,8,0,8,100,4132,232,0,0,0,0,108,0,0,0,0,288,9400
1586,W1,1,1,5,5,0,0,0,0,0,0,0,100,100,0,0,0,0,0,100,100,0,0.000000,0,8032,0.000000,0,0,0,0,108,8,0,8,100,4132,232,0,0,0,0,108,0,0,0,0,288,9400
1587,W1,1,1,5,5,0,0,0,0,0,0,0,100,100,0,0,0,0,0,100,100,0,0.000000,0,8032,0.000000,0,0,0,0,108,8,0,8,100,4132,232,0,0,0,0,108,0,0,0,0,285,9400
1588,W1,1,1,5,5,0,0,0,0,0,0,0,100,100,0,0,0,0,0,100,100,0,0.000000,0,8032,0.000000,0,0,0,0,108,8,0,8,100,4132,232,0,0,0,0,108,0,0,0,0,277,9400
1589,W1,1,1,5,5,0,0,0,0,0,0,0,100,100,100,0,0,0,0,100,100,100,100.000000,1600,8032,19.920319,10,10,10,10,108,8,0,8,100,4132,232,0,0,0,0,108,0,0,0,0,270,9400
1590,W1,1,1,5,5,0,0,0,0,0,0,0,100,100,0,0,0,0,0,100,100,0,0.000000,0,8032,0.000000,0,0,0,0,108,8,0,8,100,4132,232,0,0,0,0,108,0,0,0,0,362,9400
1591,W1,1,1,5,5,0,0,0,0,0,0,0,100,100,0,0,0,0,0,100,100,0,0.000000,0,8032,0.000000,0,0,0,0,108,8,0,8,100,4132,232,0,0,0,0,108,0,0,0,0,274,9400
1592,W1,1,1,5,5,0,0,0,0,0,0,0,100,100,0,0,0,0,0,100,100,0,0.000000,0,8032,0.000000,0,0,0,0,108,8,0,8,100,4132,232,0,0,0,0,108,0,0,0,0,281,9400
1593,W1,1,1,5,5,0,0,0,0,0,0,0,100,100,0,0,0,0,0,100,100,0,0.000000,0,8032,0.000000,0,0,0,0,108,8,0,8,100,4132,232,0,0,0,0,108,0,0,0,0,283,9400
1594,W1,1,1,5,5,0,0,0,0,0,0,0,100,100,0,0,0,0,0,100,100,0,0.000000,0,8032,0.000000,0,0,0,0,108,8,0,8,100,4132,232,0,0,0,0,108,0,0,0,0,329,9400
1595,W1,1,1,5,5,0,0,0,0,0,0,0,100,100,0,0,0,0,0,100,100,0,0.000000,0,8032,0.000000,0,0,0,0,108,8,0,8,100,4132,232,0,0,0,0,108,0,0,0,0,291,9400
1596,W1,1,1,5,5,0,0,0,0,0,0,0,100,100,0,0,0,0,0,100,100,0,0.000000,0,8032,0.000000,0,0,0,0,108,8,0,8,100,4132,232,0,0,0,0,108,0,0,0,0,302,9400
1597,W1,1,1,5,5,0,0,0,0,0,0,0,100,100,0,0,0,0,0,100,100,0,0.000000,0,8032,0.000000,0,0,0,0,108,8,0,8,100,4132,232,0,0,0,0,108,0,0,0,0,285,9400
1598,W1,1,1,5,5,0,0,0,0,0,0,0,100,100,100,0,0,0,0,100,100,100,100.000000,1600,8032,19.920319,10,10,10,10,108,8,0,8,100,4132,232,0,0,0,0,108,0,0,0,0,321,9400
1599,W1,1,1,5,5,0,0,0,0,0,0,0,100,100,0,0,0,0,0,100,100,0,0.000000,0,8032,0.000000,0,0,0,0,108,8,0,8,100,4132,232,0,0,0,0,108,0,0,0,0,298,9400
1600,W1,1,1,5,5,0,0,0,0,0,0,0,100,100,0,0,0,0,0,100,100,0,0.000000,0,8032,0.000000,0,0,0,0,108,8,0,8,100,4132,232,0,0,0,0,108,0,0,0,0,318,9400
1601,W1,1,1,5,5,0,0,0,0,0,0,0,100,100,0,0,0,0,0,100,100,0,0.000000,0,8032,0.000000,0,0,0,0,108,8,0,8,100,4132,232,0,0,0,0,108,0,0,0,0,291,9400
1602,W1,1,1,5,5,0,0,0,0,0,0,0,100,100,0,0,0,0,0,100,100,0,0.000000,0,8032,0.000000,0,0,0,0,108,8,0,8,100,4132,232,0,0,0,0,108,0,0,0,0,303,9400
1603,W1,1,1,5,5,0,0,0,0,0,0,0,100,100,0,0,0,0,0,100,100,0,0.000000,0,8032,0.000000,0,0,0,0,108,8,0,8,100,4132,232,0,0,0,0,108,0,0,0,0,270,9400
1604,W1,1,1,5,5,0,0,0,0,0,0,0,100,100,0,0,0,0,0,100,100,0,0.000000,0,8032,0.000000,0,0,0,0,108,8,0,8,100,4132,232,0,0,0,0,108,0,0,0,0,275,9400
1605,W1,1,1,5,5,0,0,0,0,0,0,0,100,100,0,0,0,0,0,100,100,0,0.000000,0,8032,0.000000,0,0,0,0,108,8,0,8,100,4132,232,0,0,0,0,108,0,0,0,0,296,9400
1606,W1,1,1,5,5,0,0,0,0,0,0,0,100,100,0,0,0,0,0,100,100,0,0.000000,0,8032,0.000000,0,0,0,0,108,8,0,8,100,4132,232,0,0,0,0,108,0,0,0,0,284,9400
1607,W1,1,1,5,5,0,0,0,0,0,0,0,100,100,100,0,0,0,0,100,100,100,100.000000,1600,8032,19.920319,10,10,10,10,108,8,0,8,100,4132,232,0,0,0,0,108,0,0,0,0,302,9400
1608,W1,1,1,5,5,0,0,0,0,0,0,0,100,100,0,0,0,0,0,100,100,0,0.000000,0,8032,0.000000,0,0,0,0,108,8,0,8,100,4132,232,0,0,0,0,108,0,0,0,0,320,9400
1609,W1,1,1,5,5,0,0,0,0,0,0,0,100,100,0,0,0,0,0,100,100,0,0.000000,0,8032,0.000000,0,0,0,0,108,8,0,8,100,4132,232,0,0,0,0,108,0,0,0,0,284,9400
1610,W1,1,1,5,5,0,0,0,0,0,0,0,100,100,0,0,0,0,0,100,100,0,0.000000,0,8032,0.000000,0,0,0,0,108,8,0,8,100,4132,232,0,0,0,0,108,0,0,0,0,292,9400
1611,W1,1,1,5,5,0,0,0,0,0,0,0,100,100,0,0,0,0,0,100,100,0,0.000000,0,8032,0.000000,0,0,0,0,108,8,0,8,100,4132,232,0,0,0,0,108,0,0,0,0,286,9400
1612,W1,1,1,5,5,0,0,0,0,0,0,0,100,100,0,0,0,0,0,100,100,0,0.000000,0,8032,0.000000,0,0,0,0,108,8,0,8,100,4132,232,0,0,0,0,108,0,0,0,0,289,9400
1613,W1,1,1,5,5,0,0,0,0,0,0,0,100,100,0,0,0,0,0,100,100,0,0.000000,0,8032,0.000000,0,0,0,0,108,8,0,8,100,4132,232,0,0,0,0,108,0,0,0,0,312,9400
1614,W1,1,1,5,5,0,0,0,0,0,0,0,100,100,0,0,0,0,0,100,100,0,0.000000,0,8032,0.000000,0,0,0,0,108,8,0,8,100,4132,232,0,0,0,0,108,0,0,0,0,289,9400
1615,W1,1,1,5,5,0,0,0,0,0,0,0,100,100,0,0,0,0,0,100,100,0,0.000000,0,8032,0.000000,0,0,0,0,108,8,0,8,100,4132,232,0,0,0,0,108,0,0,0,0,293,9400
1616,W1,1,1,5,5,0,0,0,0,0,0,0,100,100,100,0,0,0,0,100,100,100,100.000000,1600,8032,19.920319,10,10,10,10,108,8,0,8,100,4132,232,0,0,0,0,108,0,0,0,0,290,9400
1617,W1,1,1,5,5,0,0,0,0,0,0,0,100,100,0,0,0,0,0,100,100,0,0.000000,0,8032,0.000000,0,0,0,0,108,8,0,8,100,4132,232,0,0,0,0,108,0,0,0,0,287,9400
1618,W1,1,1,5,5,0,0,0,0,0,0,0,100,100,0,0,0,0,0,100,100,0,0.000000,0,8032,0.000000,0,0,0,0,108,8,0,8,100,4132,232,0,0,0,0,108,0,0,0,0,315,9400
1619,W1,1,1,5,5,0,0,0,0,0,0,0,100,100,0,0,0,0,0,100,100,0,0.000000,0,8032,0.000000,0,0,0,0,108,8,0,8,100,4132,232,0,0,0,0,108,0,0,0,0,299,9400
1620,W1,1,1,5,5,0,0,0,0,0,0,0,100,100,0,0,0,0,0,100,100,0,0.000000,0,8032,0.000000,0,0,0,0,108,8,0,8,100,4132,232,0,0,0,0,108,0,0,0,0,319,9400
1621,W1,1,1,5,5,0,0,0,0,0,0,0,100,100,0,0,0,0,0,100,100,0,0.000000,0,8032,0.000000,0,0,0,0,108,8,0,8,100,4132,232,0,0,0,0,108,0,0,0,0,339,9400
1622,W1,1,1,5,5,0,0,0,0,0,0,0,100,100,0,0,0,0,0,100,100,0,0.000000,0,8032,0.000000,0,0,0,0,108,8,0,8,100,4132,232,0,0,0,0,108,0,0,0,0,291,9400
1623,W1,1,1,5,5,0,0,0,0,0,0,0,100,100,0,0,0,0,0,100,100,0,0.000000,0,8032,0.000000,0,0,0,0,108,8,0,8,100,4132,232,0,0,0,0,108,0,0,0,0,286,9400
1624,W1,1,1,5,5,0,0,0,0,0,0,0,100,100,0,0,0,0,0,100,100,0,0.000000,0,8032,0.000000,0,0,0,0,108,8,0,8,100,4132,232,0,0,0,0,108,0,0,0,0,328,9400
1625,W1,1,1,5,5,0,0,0,0,0,0,0,100,100,100,0,0,0,0,100,100,100,100.000000,1600,8032,19.920319,10,10,10,10,108,8,0,8,100,4132,232,0,0,0,0,108,0,0,0,0,320,9400
1626,W1,1,1,5,5,0,0,0,0,0,0,0,100,100,0,0,0,0,0,100,100,0,0.000000,0,8032,0.000000,0,0,0,0,108,8,0,8,100,4132,232,0,0,0,0,108,0,0,0,0,321,9400
1627,W1,1,1,5,5,0,0,0,0,0,0,0,100,100,0,0,0,0,0,100,100,0,0.000000,0,8032,0.000000,0,0,0,0,108,8,0,8,100,4132,232,0,0,0,0,108,0,0,0,0,300,9400
1628,W1,1,1,5,5,0,0,0,0,0,0,0,100,100,0,0,0,0,0,100,100,0,0.000000,0,8032,0.000000,0,0,0,0,108,8,0,8,100,4132,232,0,0,0,0,108,0,0,0,0,296,9400
1629,W1,1,1,5,5,0,0,0,0,0,0,0,100,100,0,0,0,0,0,100,100,0,0.000000,0,8032,0.000000,0,0,0,0,108,8,0,8,100,4132,232,0,0,0,0,108,0,0,0,0,273,9400
1630,W1,1,1,5,5,0,0,0,0,0,0,0,100,100,0,0,0,0,0,100,100,0,0.000000,0,8032,0.000000,0,0,0,0,108,8,0,8,100,4132,232,0,0,0,0,108,0,0,0,0,278,9400
1631,W1,1,1,5,5,0,0,0,0,0,0,0,100,100,0,0,0,0,0,100,100,0,0.000000,0,8032,0.000000,0,0,0,0,108,8,0,8,100,4132,232,0,0,0,0,108,0,0,0,0,288,9400
1632,W1,1,1,5,5,0,0,0,0,0,0,0,100,100,0,0,0,0,0,100,100,0,0.000000,0,8032,0.000000,0,0,0,0,108,8,0,8,100,4132,232,0,0,0,0,108,0,0,0,0,289,9400
1633,W1,1,1,5,5,0,0,0,0,0,0,0,100,100,0,0,0,0,0,100,100,0,0.000000,0,8032,0.000000,0,0,0,0,108,8,0,8,100,4132,232,0,0,0,0,108,0,0,0,0,283,9400
1634,W1,1,1,5,5,0,0,0,0,0,0,0,100,100,100,0,0,0,0,100,100,100,100.000000,1600,8032,19.920319,10,10,10,10,108,8,0,8,100,4132,232,0,0,0,0,108,0,0,0,0,312,9400
1635,W1,1,1,5,5,0,0,0,0,0,0,0,100,100,0,0,0,0,0,100,100,0,0.000000,0,8032,0.000000,0,0,0,0,108,8,0,8,100,4132,232,0,0,0,0,108,0,0,0,0,312,9400
1636,W1,1,1,5,5,0,0,0,0,0,0,0,100,100,0,0,0,0,0,100,100,0,0.000000,0,8032,0.000000,0,0,0,0,108,8,0,8,100,4132,232,0,0,0,0,108,0,0,0,0,282,9400
1637,W1,1,1,5,5,0,0,0,0,0,0,0,100,100,0,0,0,0,0,100,100,0,0.000000,0,8032,0.000000,0,0,0,0,108,8,0,8,100,4132,232,0,0,0,0,108,0,0,0,0,296,9400
1638,W1,1,1,5,5,0,0,0,0,0,0,0,100,100,0,0,0,0,0,100,100,0,0.000000,0,8032,0.000000,0,0,0,0,108,8,0,8,100,4132,232,0,0,0,0,108,0,0,0,0,309,9400
1639,W1,1,1,5,5,0,0,0,0,0,0,0,100,100,0,0,0,0,0,100,100,0,0.000000,0,8032,0.000000,0,0,0,0,108,8,0,8,100,4132,232,0,0,0,0,108,0,0,0,0,343,9400
1640,W1,1,1,5,5,0,0,0,0,0,0,0,100,100,0,0,0,0,0,100,100,0,0.000000,0,8032,0.000000,0,0,0,0,108,8,0,8,100,4132,232,0,0,0,0,108,0,0,0,0,295,9400
1641,W1,1,1,5,5,0,0,0,0,0,0,0,100,100,0,0,0,0,0,100,100,0,0.000000,0,8032,0.000000,0,0,0,0,108,8,0,8,100,4132,232,0,0,0,0,108,0,0,0,0,334,9400
1642,W1,1,1,5,5,0,0,0,0,0,0,0,100,100,0,0,0,0,0,100,100,0,0.000000,0,8032,0.000000,0,0,0,0,108,8,0,8,100,4132,232,0,0,0,0,108,0,0,0,0,325,9400
1643,W1,1,1,5,5,0,0,0,0,0,0,0,100,100,100,0,0,0,0,100,100,100,100.000000,1600,8032,19.920319,10,10,10,10,108,8,0,8,100,4132,232,0,0,0,0,108,0,0,0,0,293,9400
1644,W1,1,1,5,5,0,0,0,0,0,0,0,100,100,0,0,0,0,0,100,100,0,0.000000,0,8032,0.000000,0,0,0,0,108,8,0,8,100,4132,232,0,0,0,0,108,0,0,0,0,333,9400
1645,W1,1,1,5,5,0,0,0,0,0,0,0,100,100,0,0,0,0,0,100,100,0,0.000000,0,8032,0.000000,0,0,0,0,108,8,0,8,100,4132,232,0,0,0,0,108,0,0,0,0,343,9400
1646,W1,1,1,5,5,0,0,0,0,0,0,0,100,100,0,0,0,0,0,100,100,0,0.000000,0,8032,0.000000,0,0,0,0,108,8,0,8,100,4132,232,0,0,0,0,108,0,0,0,0,358,9400
1647,W1,1,1,5,5,0,0,0,0,0,0,0,100,100,0,0,0,0,0,100,100,0,0.000000,0,8032,0.000000,0,0,0,0,108,8,0,8,100,4132,232,0,0,0,0,108,0,0,0,0,289,9400
1648,W1,1,1,5,5,0,0,0,0,0,0,0,100,100,0,0,0,0,0,100,100,0,0.000000,0,8032,0.000000,0,0,0,0,108,8,0,8,100,4132,232,0,0,0,0,108,0,0,0,0,294,9400
1649,W1,1,1,5,5,0,0,0,0,0,0,0,100,100,0,0,0,0,0,100,100,0,0.000000,0,8032,0.000000,0,0,0,0,108,8,0,8,100,4132,232,0,0,0,0,108,0,0,0,0,290,9400
1650,W1,1,1,5,5,0,0,0,0,0,0,0,100,100,0,0,0,0,0,100,100,0,0.000000,0,8032,0.000000,0,0,0,0,108,8,0,8,100,4132,232,0,0,0,0,108,0,0,0,0,297,9400
1651,W1,1,1,5,5,0,0,0,0,0,0,0,100,100,0,0,0,0,0,100,100,0,0.000000,0,8032,0.000000,0,0,0,0,108,8,0,8,100,4132,232,0,0,0,0,108,0,0,0,0,293,9400
1652,W1,1,1,5,5,0,0,0,0,0,0,0,100,100,100,0,0,0,0,100,100,100,100.000000,1600,8032,19.920319,10,10,10,10,108,8,0,8,100,4132,232,0,0,0,0,108,0,0,0,0,299,9400
1653,W1,1,1,5,5,0,0,0,0,0,0,0,100,100,0,0,0,0,0,100,100,0,0.000000,0,8032,0.000000,0,0,0,0,108,8,0,8,100,4132,232,0,0,0,0,108,0,0,0,0,351,9400
1654,W1,1,1,5,5,0,0,0,0,0,0,0,100,100,0,0,0,0,0,100,100,0,0.000000,0,8032,0.000000,0,0,0,0,108,8,0,8,100,4132,232,0,0,0,0,108,0,0,0,0,302,9400
1655,W1,1,1,5,5,0,0,0,0,0,0,0,100,100,0,0,0,0,0,100,100,0,0.000000,0,8032,0.000000,0,0,0,0,108,8,0,8,100,4132,232,0,0,0,0,108,0,0,0,0,340,9400
1656,W1,1,1,5,5,0,0,0,0,0,0,0,100,100,0,0,0,0,0,100,100,0,0.000000,0,8032,0.000000,0,0,0,0,108,8,0,8,100,4132,232,0,0,0,0,108,0,0,0,0,293,9400
1657,W1,1,1,5,5,0,0,0,0,0,0,0,100,100,0,0,0,0,0,100,100,0,0.000000,0,8032,0.000000,0,0,0,0,108,8,0,8,100,4132,232,0,0,0,0,108,0,0,0,0,322,9400
1658,W1,1,1,5,5,0,0,0,0,0,0,0,100,100,0,0,0,0,0,100,100,0,0.000000,0,8032,0.000000,0,0,0,0,108,8,0,8,100,4132,232,0,0,0,0,108,0,0,0,0,298,9400
1659,W1,1,1,5,5,0,0,0,0,0,0,0,100,100,0,0,0,0,0,100,100,0,0.000000,0,8032,0.000000,0,0,0,0,108,8,0,8,100,4132,232,0,0,0,0,108,0,0,0,0,317,9400
1660,W1,1,1,5,5,0,0,0,0,0,0,0,100,100,0,0,0,0,0,100,100,0,0.000000,0,8032,0.000000,0,0,0,0,108,8,0,8,100,4132,232,0,0,0,0,108,0,0,0,0,332,9400
1661,W1,1,1,5,5,0,0,0,0,0,0,0,100,100,100,0,0,0,0,100,100,100,100.000000,1600,8032,19.920319,10,10,10,10,108,8,0,8,100,4132,232,0,0,0,0,108,0,0,0,0,309,9400
1662,W1,1,1,5,5,0,0,0,0,0,0,0,100,100,0,0,0,0,0,100,100,0,0.000000,0,8032,0.000000,0,0,0,0,108,8,0,8,100,4132,232,0,0,0,0,108,0,0,0,0,322,9400
1663,W1,1,1,5,5,0,0,0,0,0,0,0,100,100,0,0,0,0,0,100,100,0,0.000000,0,8032,0.000000,0,0,0,0,108,8,0,8,100,4132,232,0,0,0,0,108,0,0,0,0,295,9400
1664,W1,1,1,5,5,0,0,0,0,0,0,0,100,100,0,0,0,0,0,100,100,0,0.000000,0,8032,0.000000,0,0,0,0,108,8,0,8,100,4132,232,0,0,0,0,108,0,0,0,0,304,9400
1665,W1,1,1,5,5,0,0,0,0,0,0,0,100,100,0,0,0,0,0,100,100,0,0.000000,0,8032,0.000000,0,0,0,0,108,8,0,8,100,4132,232,0,0,0,0,108,0,0,0,0,314,9400
1666,W1,1,1,5,5,0,0,0,0,0,0,0,100,100,0,0,0,0,0,100,100,0,0.000000,0,8032,0.000000,0,0,0,0,108,8,0,8,100,4132,232,0,0,0,0,108,0,0,0,0,336,9400
1667,W1,1,1,5,5,0,0,0,0,0,0,0,100,100,0,0,0,0,0,100,100,0,0.000000,0,8032,0.000000,0,0,0,0,108,8,0,8,100,4132,232,0,0,0,0,108,0,0,0,0,360,9400
1668,W1,1,1,5,5,0,0,0,0,0,0,0,100,100,0,0,0,0,0,100,100,0,0.000000,0,8032,0.000000,0,0,0,0,108,8,0,8,100,4132,232,0,0,0,0,108,0,0,0,0,314,9400
1669,W1,1,1,5,5,0,0,0,0,0,0,0,100,100,0,0,0,0,0,100,100,0,0.000000,0,8032,0.000000,0,0,0,0,108,8,0,8,100,4132,232,0,0,0,0,108,0,0,0,0,324,9400
1670,W1,1,1,5,5,0,0,0,0,0,0,0,100,100,100,0,0,0,0,100,100,100,100.000000,1600,8032,19.920319,10,10,10,10,108,8,0,8,100,4132,232,0,0,0,0,108,0,0,0,0,319,9400
1671,W1,1,1,5,5,0,0,0,0,0,0,0,100,100,0,0,0,0,0,100,100,0,0.000000,0,8032,0.000000,0,0,0,0,108,8,0,8,100,4132,232,0,0,0,0,108,0,0,0,0,306,9400
1672,W1,1,1,5,5,0,0,0,0,0,0,0,100,100,0,0,0,0,0,100,100,0,0.000000,0,8032,0.000000,0,0,0,0,108,8,0,8,100,4132,232,0,0,0,0,108,0,0,0,0,281,9400
1673,W1,1,1,5,5,0,0,0,0,0,0,0,100,100,0,0,0,0,0,100,100,0,0.000000,0,8032,0.000000,0,0,0,0,108,8,0,8,100,4132,232,0,0,0,0,108,0,0,0,0,294,9400
1674,W1,1,1,5,5,0,0,0,0,0,0,0,100,100,0,0,0,0,0,100,100,0,0.000000,0,8032,0.000000,0,0,0,0,108,8,0,8,100,4132,232,0,0,0,0,108,0,0,0,0,283,9400
1675,W1,1,1,5,5,0,0,0,0,0,0,0,100,100,0,0,0,0,0,100,100,0,0.000000,0,8032,0.000000,0,0,0,0,108,8,0,8,100,4132,232,0,0,0,0,108,0,0,0,0,285,9400
1676,W1,1,1,5,5,0,0,0,0,0,0,0,100,100,0,0,0,0,0,100,100,0,0.000000,0,8032,0.000000,0,0,0,0,108,8,0,8,100,4132,232,0,0,0,0,108,0,0,0,0,316,9400
1677,W1,1,1,5,5,0,0,0,0,0,0,0,100,100,0,0,0,0,0,100,100,0,0.000000,0,8032,0.000000,0,0,0,0,108,8,0,8,100,4132,232,0,0,0,0,108,0,0,0,0,289,9400
1678,W1,1,1,5,5,0,0,0,0,0,0,0,100,100,0,0,0,0,0,100,100,0,0.000000,0,8032,0.000000,0,0,0,0,108,8,0,8,100,4132,232,0,0,0,0,108,0,0,0,0,305,9400
1679,W1,1,1,5,5,0,0,0,0,0,0,0,100,100,100,0,0,0,0,100,100,100,100.000000,1600,8032,19.920319,10,10,10,10,108,8,0,8,100,4132,232,0,0,0,0,108,0,0,0,0,293,9400
1680,W1,1,1,5,5,0,0,0,0,0,0,0,100,100,0,0,0,0,0,100,100,0,0.000000,0,8032,0.000000,0,0,0,0,108,8,0,8,100,4132,232,0,0,0,0,108,0,0,0,0,350,9400
1681,W1,1,1,5,5,0,0,0,0,0,0,0,100,100,0,0,0,0,0,100,100,0,0.000000,0,8032,0.000000,0,0,0,0,108,8,0,8,100,4132,232,0,0,0,0,108,0,0,0,0,325,9400
1682,W1,1,1,5,5,0,0,0,0,0,0,0,100,100,0,0,0,0,0,100,100,0,0.000000,0,8032,0.000000,0,0,0,0,108,8,0,8,100,4132,232,0,0,0,0,108,0,0,0,0,298,9400
1683,W1,1,1,5,5,0,0,0,0,0,0,0,100,100,0,0,0,0,0,100,100,0,0.000000,0,8032,0.000000,0,0,0,0,108,8,0,8,100,4132,232,0,0,0,0,108,0,0,0,0,294,9400
1684,W1,1,1,5,5,0,0,0,0,0,0,0,100,100,0,0,0,0,0,100,100,0,0.000000,0,8032,0.000000,0,0,0,0,108,8,0,8,100,4132,232,0,0,0,0,108,0,0,0,0,295,9400
1685,W1,1,1,5,5,0,0,0,0,0,0,0,100,100,0,0,0,0,0,100,100,0,0.000000,0,8032,0.000000,0,0,0,0,108,8,0,8,100,4132,232,0,0,0,0,108,0,0,0,0,316,9400
1686,W1,1,1,5,5,0,0,0,0,0,0,0,100,100,0,0,0,0,0,100,100,0,0.000000,0,8032,0.000000,0,0,0,0,108,8,0,8,100,4132,232,0,0,0,0,108,0,0,0,0,306,9400
1687,W1,1,1,5,5,0,0,0,0,0,0,0,100,100,0,0,0,0,0,100,100,0,0.000000,0,8032,0.000000,0,0,0,0,108,8,0,8,100,4132,232,0,0,0,0,108,0,0,0,0,311,9400
1688,W1,1,1,5,5,0,0,0,0,0,0,0,100,100,100,0,0,0,0,100,100,100,100.000000,1600,8032,19.920319,10,10,10,10,108,8,0,8,100,4132,232,0,0,0,0,108,0,0,0,0,301,9400
1689,W1,1,1,5,5,0,0,0,0,0,0,0,100,100,0,0,0,0,0,100,100,0,0.000000,0,8032,0.000000,0,0,0,0,108,8,0,8,100,4132,232,0,0,0,0,108,0,0,0,0,316,9400
1690,W1,1,1,5,5,0,0,0,0,0,0,0,100,100,0,0,0,0,0,100,100,0,0.000000,0,8032,0.000000,0,0,0,0,108,8,0,8,100,4132,232,0,0,0,0,108,0,0,0,0,296,9400
1691,W1,1,1,5,5,0,0,0,0,0,0,0,100,100,0,0,0,0,0,100,100,0,0.000000,0,8032,0.000000,0,0,0,0,108,8,0,8,100,4132,232,0,0,0,0,108,0,0,0,0,289,9400
1692,W1,1,1,5,5,0,0,0,0,0,0,0,100,100,0,0,0,0,0,100,100,0,0.000000,0,8032,0.000000,0,0,0,0,108,8,0,8,100,4132,232,0,0,0,0,108,0,0,0,0,292,9400
1693,W1,1,1,5,5,0,0,0,0,0,0,0,100,100,0,0,0,0,0,100,100,0,0.000000,0,8032,0.000000,0,0,0,0,108,8,0,8,100,4132,232,0,0,0,0,108,0,0,0,0,285,9400
1694,W1,1,1,5,5,0,0,0,0,0,0,0,100,100,0,0,0,0,0,100,100,0,0.000000,0,8032,0.000000,0,0,0,0,108,8,0,8,100,4132,232,0,0,0,0,108,0,0,0,0,300,9400
1695,W1,1,1,5,5,0,0,0,0,0,0,0,100,100,0,0,0,0,0,100,100,0,0.000000,0,8032,0.000000,0,0,0,0,108,8,0,8,100,4132,232,0,0,0,0,108,0,0,0,0,289,9400
1696,W1,1,1,5,5,0,0,0,0,0,0,0,100,100,0,0,0,0,0,100,100,0,0.000000,0,8032,0.000000,0,0,0,0,108,8,0,8,100,4132,232,0,0,0,0,108,0,0,0,0,287,9400
1697,W1,1,1,5,5,0,0,0,0,0,0,0,100,100,100,0,0,0,0,100,100,100,100.000000,1600,8032,19.920319,10,10,10,10,108,8,0,8,100,4132,232,0,0,0,0,108,0,0,0,0,292,9400
1698,W1,1,1,5,5,0,0,0,0,0,0,0,100,100,0,0,0,0,0,100,100,0,0.000000,0,8032,0.000000,0,0,0,0,108,8,0,8,100,4132,232,0,0,0,0,108,0,0,0,0,293,9400
1699,W1,1,1,5,5,0,0,0,0,0,0,0,100,100,0,0,0,0,0,100,100,0,0.000000,0,8032,0.000000,0,0,0,0,108,8,0,8,100,4132,232,0,0,0,0,108,0,0,0,0,313,9400
1700,W1,1,1,5,5,0,0,0,0,0,0,0,100,100,0,0,0,0,0,100,100,0,0.000000,0,8032,0.000000,0,0,0,0,108,8,0,8,100,4132,232,0,0,0,0,108,0,0,0,0,295,9400
1701,W1,1,1,5,5,0,0,0,0,0,0,0,100,100,0,0,0,0,0,100,100,0,0.000000,0,8032,0.000000,0,0,0,0,108,8,0,8,100,4132,232,0,0,0,0,108,0,0,0,0,288,9400
1702,W1,1,1,5,5,0,0,0,0,0,0,0,100,100,0,0,0,0,0,100,100,0,0.000000,0,8032,0.000000,0,0,0,0,108,8,0,8,100,4132,232,0,0,0,0,108,0,0,0,0,299,9400
1703,W1,1,1,5,5,0,0,0,0,0,0,0,100,100,0,0,0,0,0,100,100,0,0.000000,0,8032,0.000000,0,0,0,0,108,8,0,8,100,4132,232,0,0,0,0,108,0,0,0,0,284,9400
1704,W1,1,1,5,5,0,0,0,0,0,0,0,100,100,0,0,0,0,0,100,100,0,0.000000,0,8032,0.000000,0,0,0,0,108,8,0,8,100,4132,232,0,0,0,0,108,0,0,0,0,303,9400
1705,W1,1,1,5,5,0,0,0,0,0,0,0,100,100,0,0,0,0,0,100,100,0,0.000000,0,8032,0.000000,0,0,0,0,108,8,0,8,100,4132,232,0,0,0,0,108,0,0,0,0,285,9400
1706,W1,1,1,5,5,0,0,0,0,0,0,0,100,100,100,0,0,0,0,100,100,100,100.000000,1600,8032,19.920319,10,10,10,10,108,8,0,8,100,4132,232,0,0,0,0,108,0,0,0,0,295,9400
1707,W1,1,1,5,5,0,0,0,0,0,0,0,100,100,0,0,0,0,0,100,100,0,0.000000,0,8032,0.000000,0,0,0,0,108,8,0,8,100,4132,232,0,0,0,0,108,0,0,0,0,295,9400
1708,W1,1,1,5,5,0,0,0,0,0,0,0,100,100,0,0,0,0,0,100,100,0,0.000000,0,8032,0.000000,0,0,0,0,108,8,0,8,100,4132,232,0,0,0,0,108,0,0,0,0,292,9400
1709,W1,1,1,5,5,0,0,0,0,0,0,0,100,100,0,0,0,0,0,100,100,0,0.000000,0,8032,0.000000,0,0,0,0,108,8,0,8,100,4132,232,0,0,0,0,108,0,0,0,0,319,9400
1710,W1,1,1,5,5,0,0,0,0,0,0,0,100,100,0,0,0,0,0,100,100,0,0.000000,0,8032,0.000000,0,0,0,0,108,8,0,8,100,4132,232,0,0,0,0,108,0,0,0,0,289,9400
1711,W1,1,1,5,5,0,0,0,0,0,0,0,100,100,0,0,0,0,0,100,100,0,0.000000,0,8032,0.000000,0,0,0,0,108,8,0,8,100,4132,232,0,0,0,0,108,0,0,0,0,285,9400
1712,W1,1,1,5,5,0,0,0,0,0,0,0,100,100,0,0,0,0,0,100,100,0,0.000000,0,8032,0.000000,0,0,0,0,108,8,0,8,100,4132,232,0,0,0,0,108,0,0,0,0,327,9400
1713,W1,1,1,5,5,0,0,0,0,0,0,0,100,100,0,0,0,0,0,100,100,0,0.000000,0,8032,0.000000,0,0,0,0,108,8,0,8,100,4132,232,0,0,0,0,108,0,0,0,0,287,9400
1714,W1,1,1,5,5,0,0,0,0,0,0,0,100,100,0,0,0,0,0,100,100,0,0.000000,0,8032,0.000000,0,0,0,0,108,8,0,8,100,4132,232,0,0,0,0,108,0,0,0,0,294,9400
1715,W1,1,1,5,5,0,0,0,0,0,0,0,100,100,100,0,0,0,0,100,100,100,100.000000,1600,8032,19.920319,10,10,10,10,108,8,0,8,100,4132,232,0,0,0,0,108,0,0,0,0,289,9400
1716,W1,1,1,5,5,0,0,0,0,0,0,0,100,100,0,0,0,0,0,100,100,0,0.000000,0,8032,0.000000,0,0,0,0,108,8,0,8,100,4132,232,0,0,0,0,108,0,0,0,0,295,9400
1717,W1,1,1,5,5,0,0,0,0,0,0,0,100,100,0,0,0,0,0,100,100,0,0.000000,0,8032,0.000000,0,0,0,0,108,8,0,8,100,4132,232,0,0,0,0,108,0,0,0,0,321,9400
1718,W1,1,1,5,5,0,0,0,0,0,0,0,100,100,0,0,0,0,0,100,100,0,0.000000,0,8032,0.000000,0,0,0,0,108,8,0,8,100,4132,232,0,0,0,0,108,0,0,0,0,324,9400
1719,W1,1,1,5,5,0,0,0,0,0,0,0,100,100,0,0,0,0,0,100,100,0,0.000000,0,8032,0.000000,0,0,0,0,108,8,0,8,100,4132,232,0,0,0,0,108,0,0,0,0,296,9400
1720,W1,1,1,5,5,0,0,0,0,0,0,0,100,100,0,0,0,0,0,100,100,0,0.000000,0,8032,0.000000,0,0,0,0,108,8,0,8,100,4132,232,0,0,0,0,108,0,0,0,0,284,9400
1721,W1,1,1,5,5,0,0,0,0,0,0,0,100,100,0,0,0,0,0,100,100,0,0.000000,0,8032,0.000000,0,0,0,0,108,8,0,8,100,4132,232,0,0,0,0,108,0,0,0,0,311,9400
1722,W1,1,1,5,5,0,0,0,0,0,0,0,100,100,0,0,0,0,0,100,100,0,0.000000,0,8032,0.000000,0,0,0,0,108,8,0,8,100,4132,232,0,0,0,0,108,0,0,0,0,297,9400
1723,W1,1,1,5,5,0,0,0,0,0,0,0,100,100,0,0,0,0,0,100,100,0,0.000000,0,8032,0.000000,0,0,0,0,108,8,0,8,100,4132,232,0,0,0,0,108,0,0,0,0,309,9400
1724,W1,1,1,5,5,0,0,0,0,0,0,0,100,100,100,0,0,0,0,100,100,100,100.000000,1600,8032,19.920319,10,10,10,10,108,8,0,8,100,4132,232,0,0,0,0,108,0,0,0,0,293,9400
1725,W1,1,1,5,5,0,0,0,0,0,0,0,100,100,0,0,0,0,0,100,100,0,0.000000,0,8032,0.000000,0,0,0,0,108,8,0,8,100,4132,232,0,0,0,0,108,0,0,0,0,284,9400
1726,W1,1,1,5,5,0,0,0,0,0,0,0,100,100,0,0,0,0,0,100,100,0,0.000000,0,8032,0.000000,0,0,0,0,108,8,0,8,100,4132,232,0,0,0,0,108,0,0,0,0,282,9400
1727,W1,1,1,5,5,0,0,0,0,0,0,0,100,100,0,0,0,0,0,100,100,0,0.000000,0,8032,0.000000,0,0,0,0,108,8,0,8,100,4132,232,0,0,0,0,108,0,0,0,0,376,9400
1728,W1,1,1,5,5,0,0,0,0,0,0,0,100,100,0,0,0,0,0,100,100,0,0.000000,0,8032,0.000000,0,0,0,0,108,8,0,8,100,4132,232,0,0,0,0,108,0,0,0,0,282,9400
1729,W1,1,1,5,5,0,0,0,0,0,0,0,100,100,0,0,0,0,0,100,100,0,0.000000,0,8032,0.000000,0,0,0,0,108,8,0,8,100,4132,232,0,0,0,0,108,0,0,0,0,282,9400
1730,W1,1,1,5,5,0,0,0,0,0,0,0,100,100,0,0,0,0,0,100,100,0,0.000000,0,8032,0.000000,0,0,0,0,108,8,0,8,100,4132,232,0,0,0,0,108,0,0,0,0,292,9400
1731,W1,1,1,5,5,0,0,0,0,0,0,0,100,100,0,0,0,0,0,100,100,0,0.000000,0,8032,0.000000,0,0,0,0,108,8,0,8,100,4132,232,0,0,0,0,108,0,0,0,0,303,9400
1732,W1,1,1,5,5,0,0,0,0,0,0,0,100,100,0,0,0,0,0,100,100,0,0.000000,0,8032,0.000000,0,0,0,0,108,8,0,8,100,4132,232,0,0,0,0,108,0,0,0,0,292,9400
1733,W1,1,1,5,5,0,0,0,0,0,0,0,100,100,100,0,0,0,0,100,100,100,100.000000,1600,8032,19.920319,10,10,10,10,108,8,0,8,100,4132,232,0,0,0,0,108,0,0,0,0,281,9400
1734,W1,1,1,5,5,0,0,0,0,0,0,0,100,100,0,0,0,0,0,100,100,0,0.000000,0,8032,0.000000,0,0,0,0,108,8,0,8,100,4132,232,0,0,0,0,108,0,0,0,0,285,9400
1735,W1,1,1,5,5,0,0,0,0,0,0,0,100,100,0,0,0,0,0,100,100,0,0.000000,0,8032,0.000000,0,0,0,0,108,8,0,8,100,4132,232,0,0,0,0,108,0,0,0,0,290,9400
1736,W1,1,1,5,5,0,0,0,0,0,0,0,100,100,0,0,0,0,0,100,100,0,0.000000,0,8032,0.000000,0,0,0,0,108,8,0,8,100,4132,232,0,0,0,0,108,0,0,0,0,317,9400
1737,W1,1,1,5,5,0,0,0,0,0,0,0,100,100,0,0,0,0,0,100,100,0,0.000000,0,8032,0.000000,0,0,0,0,108,8,0,8,100,4132,232,0,0,0,0,108,0,0,0,0,294,9400
1738,W1,1,1,5,5,0,0,0,0,0,0,0,100,100,0,0,0,0,0,100,100,0,0.000000,0,8032,0.000000,0,0,0,0,108,8,0,8,100,4132,232,0,0,0,0,108,0,0,0,0,295,9400
1739,W1,1,1,5,5,0,0,0,0,0,0,0,100,100,0,0,0,0,0,100,100,0,0.000000,0,8032,0.000000,0,0,0,0,108,8,0,8,100,4132,232,0,0,0,0,108,0,0,0,0,296,9400
1740,W1,1,1,5,5,0,0,0,0,0,0,0,100,100,0,0,0,0,0,100,100,0,0.000000,0,8032,0.000000,0,0,0,0,108,8,0,8,100,4132,232,0,0,0,0,108,0,0,0,0,298,9400
1741,W1,1,1,5,5,0,0,0,0,0,0,0,100,100,0,0,0,0,0,100,100,0,0.000000,0,8032,0.000000,0,0,0,0,108,8,0,8,100,4132,232,0,0,0,0,108,0,0,0,0,318,9400
1742,W1,1,1,5,5,0,0,0,0,0,0,0,100,100,100,0,0,0,0,100,100,100,100.000000,1600,8032,19.920319,10,10,10,10,108,8,0,8,100,4132,232,0,0,0,0,108,0,0,0,0,291,9400
1743,W1,1,1,5,5,0,0,0,0,0,0,0,100,100,0,0,0,0,0,100,100,0,0.000000,0,8032,0.000000,0,0,0,0,108,8,0,8,100,4132,232,0,0,0,0,108,0,0,0,0,287,9400
1744,W1,1,1,5,5,0,0,0,0,0,0,0,100,100,0,0,0,0,0,100,100,0,0.000000,0,8032,0.000000,0,0,0,0,108,8,0,8,100,4132,232,0,0,0,0,108,0,0,0,0,298,9400
1745,W1,1,1,5,5,0,0,0,0,0,0,0,100,100,0,0,0,0,0,100,100,0,0.000000,0,8032,0.000000,0,0,0,0,108,8,0,8,100,4132,232,0,0,0,0,108,0,0,0,0,287,9400
1746,W1,1,1,5,5,0,0,0,0,0,0,0,100,100,0,0,0,0,0,100,100,0,0.000000,0,8032,0.000000,0,0,0,0,108,8,0,8,100,4132,232,0,0,0,0,108,0,0,0,0,284,9400
1747,W1,1,1,5,5,0,0,0,0,0,0,0,100,100,0,0,0,0,0,100,100,0,0.000000,0,8032,0.000000,0,0,0,0,108,8,0,8,100,4132,232,0,0,0,0,108,0,0,0,0,297,9400
1748,W1,1,1,5,5,0,0,0,0,0,0,0,100,100,0,0,0,0,0,100,100,0,0.000000,0,8032,0.000000,0,0,0,0,108,8,0,8,100,4132,232,0,0,0,0,108,0,0,0,0,274,9400
1749,W1,1,1,5,5,0,0,0,0,0,0,0,100,100,0,0,0,0,0,100,100,0,0.000000,0,8032,0.000000,0,0,0,0,108,8,0,8,100,4132,232,0,0,0,0,108,0,0,0,0,274,9400
1750,W1,1,1,5,5,0,0,0,0,0,0,0,100,100,0,0,0,0,0,100,100,0,0.000000,0,8032,0.000000,0,0,0,0,108,8,0,8,100,4132,232,0,0,0,0,108,0,0,0,0,282,9400
1751,W1,1,1,5,5,0,0,0,0,0,0,0,100,100,100,0,0,0,0,100,100,100,100.000000,1600,8032,19.920319,10,10,10,10,108,8,0,8,100,4132,232,0,0,0,0,108,0,0,0,0,269,9400
1752,W1,1,1,5,5,0,0,0,0,0,0,0,100,100,0,0,0,0,0,100,100,0,0.000000,0,8032,0.000000,0,0,0,0,108,8,0,8,100,4132,232,0,0,0,0,108,0,0,0,0,284,9400
1753,W1,1,1,5,5,0,0,0,0,0,0,0,100,100,0,0,0,0,0,100,100,0,0.000000,0,8032,0.000000,0,0,0,0,108,8,0,8,100,4132,232,0,0,0,0,108,0,0,0,0,283,9400
1754,W1,1,1,5,5,0,0,0,0,0,0,0,100,100,0,0,0,0,0,100,100,0,0.000000,0,8032,0.000000,0,0,0,0,108,8,0,8,100,4132,232,0,0,0,0,108,0,0,0,0,281,9400
1755,W1,1,1,5,5,0,0,0,0,0,0,0,100,100,0,0,0,0,0,100,100,0,0.000000,0,8032,0.000000,0,0,0,0,108,8,0,8,100,4132,232,0,0,0,0,108,0,0,0,0,291,9400
1756,W1,1,1,5,5,0,0,0,0,0,0,0,100,100,0,0,0,0,0,100,100,0,0.000000,0,8032,0.000000,0,0,0,0,108,8,0,8,100,4132,232,0,0,0,0,108,0,0,0,0,269,9400
1757,W1,1,1,5,5,0,0,0,0,0,0,0,100,100,0,0,0,0,0,100,100,0,0.000000,0,8032,0.000000,0,0,0,0,108,8,0,8,100,4132,232,0,0,0,0,108,0,0,0,0,272,9400
1758,W1,1,1,5,5,0,0,0,0,0,0,0,100,100,0,0,0,0,0,100,100,0,0.000000,0,8032,0.000000,0,0,0,0,108,8,0,8,100,4132,232,0,0,0,0,108,0,0,0,0,278,9400
1759,W1,1,1,5,5,0,0,0,0,0,0,0,100,100,0,0,0,0,0,100,100,0,0.000000,0,8032,0.000000,0,0,0,0,108,8,0,8,100,4132,232,0,0,0,0,108,0,0,0,0,266,9400
1760,W1,1,1,5,5,0,0,0,0,0,0,0,100,100,100,0,0,0,0,100,100,100,100.000000,1600,8032,19.920319,10,10,10,10,108,8,0,8,100,4132,232,0,0,0,0,108,0,0,0,0,302,9400
1761,W1,1,1,5,5,0,0,0,0,0,0,0,100,100,0,0,0,0,0,100,100,0,0.000000,0,8032,0.000000,0,0,0,0,108,8,0,8,100,4132,232,0,0,0,0,108,0,0,0,0,284,9400
1762,W1,1,1,5,5,0,0,0,0,0,0,0,100,100,0,0,0,0,0,100,100,0,0.000000,0,8032,0.000000,0,0,0,0,108,8,0,8,100,4132,232,0,0,0,0,108,0,0,0,0,303,9400
1763,W1,1,1,5,5,0,0,0,0,0,0,0,100,100,0,0,0,0,0,100,100,0,0.000000,0,8032,0.000000,0,0,0,0,108,8,0,8,100,4132,232,0,0,0,0,108,0,0,0,0,275,9400
1764,W1,1,1,5,5,0,0,0,0,0,0,0,100,100,0,0,0,0,0,100,100,0,0.000000,0,8032,0.000000,0,0,0,0,108,8,0,8,100,4132,232,0,0,0,0,108,0,0,0,0,288,9400
1765,W1,1,1,5,5,0,0,0,0,0,0,0,100,100,0,0,0,0,0,100,100,0,0.000000,0,8032,0.000000,0,0,0,0,108,8,0,8,100,4132,232,0,0,0,0,108,0,0,0,0,280,9400
1766,W1,1,1,5,5,0,0,0,0,0,0,0,100,100,0,0,0,0,0,100,100,0,0.000000,0,8032,0.000000,0,0,0,0,108,8,0,8,100,4132,232,0,0,0,0,108,0,0,0,0,343,9400
1767,W1,1,1,5,5,0,0,0,0,0,0,0,100,100,0,0,0,0,0,100,100,0,0.000000,0,8032,0.000000,0,0,0,0,108,8,0,8,100,4132,232,0,0,0,0,108,0,0,0,0,294,9400
1768,W1,1,1,5,5,0,0,0,0,0,0,0,100,100,0,0,0,0,0,100,100,0,0.000000,0,8032,0.000000,0,0,0,0,108,8,0,8,100,4132,232,0,0,0,0,108,0,0,0,0,340,9400
1769,W1,1,1,5,5,0,0,0,0,0,0,0,100,100,100,0,0,0,0,100,100,100,100.000000,1600,8032,19.920319,10,10,10,10,108,8,0,8,100,4132,232,0,0,0,0,108,0,0,0,0,270,9400
1770,W1,1,1,5,5,0,0,0,0,0,0,0,100,100,0,0,0,0,0,100,100,0,0.000000,0,8032,0.000000,0,0,0,0,108,8,0,8,100,4132,232,0,0,0,0,108,0,0,0,0,288,9400
1771,W1,1,1,5,5,0,0,0,0,0,0,0,100,100,0,0,0,0,0,100,100,0,0.000000,0,8032,0.000000,0,0,0,0,108,8,0,8,100,4132,232,0,0,0,0,108,0,0,0,0,300,9400
1772,W1,1,1,5,5,0,0,0,0,0,0,0,100,100,0,0,0,0,0,100,100,0,0.000000,0,8032,0.000000,0,0,0,0,108,8,0,8,100,4132,232,0,0,0,0,108,0,0,0,0,277,9400
1773,W1,1,1,5,5,0,0,0,0,0,0,0,100,100,0,0,0,0,0,100,100,0,0.000000,0,8032,0.000000,0,0,0,0,108,8,0,8,100,4132,232,0,0,0,0,108,0,0,0,0,279,9400
1774,W1,1,1,5,5,0,0,0,0,0,0,0,100,100,0,0,0,0,0,100,100,0,0.000000,0,8032,0.000000,0,0,0,0,108,8,0,8,100,4132,232,0,0,0,0,108,0,0,0,0,300,9400
1775,W1,1,1,5,5,0,0,0,0,0,0,0,100,100,0,0,0,0,0,100,100,0,0.000000,0,8032,0.000000,0,0,0,0,108,8,0,8,100,4132,232,0,0,0,0,108,0,0,0,0,299,9400
1776,W1,1,1,5,5,0,0,0,0,0,0,0,100,100,0,0,0,0,0,100,100,0,0.000000,0,8032,0.000000,0,0,0,0,108,8,0,8,100,4132,232,0,0,0,0,108,0,0,0,0,280,9400
1777,W1,1,1,5,5,0,0,0,0,0,0,0,100,100,0,0,0,0,0,100,100,0,0.000000,0,8032,0.000000,0,0,0,0,108,8,0,8,100,4132,232,0,0,0,0,108,0,0,0,0,299,9400
1778,W1,1,1,5,5,0,0,0,0,0,0,0,100,100,100,0,0,0,0,100,100,100,100.000000,1600,8032,19.920319,10,10,10,10,108,8,0,8,100,4132,232,0,0,0,0,108,0,0,0,0,277,9400
1779,W1,1,1,5,5,0,0,0,0,0,0,0,100,100,0,0,0,0,0,100,100,0,0.000000,0,8032,0.000000,0,0,0,0,108,8,0,8,100,4132,232,0,0,0,0,108,0,0,0,0,301,9400
1780,W1,1,1,5,5,0,0,0,0,0,0,0,100,100,0,0,0,0,0,100,100,0,0.000000,0,8032,0.000000,0,0,0,0,108,8,0,8,100,4132,232,0,0,0,0,108,0,0,0,0,279,9400
1781,W1,1,1,5,5,0,0,0,0,0,0,0,100,100,0,0,0,0,0,100,100,0,0.000000,0,8032,0.000000,0,0,0,0,108,8,0,8,100,4132,232,0,0,0,0,108,0,0,0,0,273,9400
1782,W1,1,1,5,5,0,0,0,0,0,0,0,100,100,0,0,0,0,0,100,100,0,0.000000,0,8032,0.000000,0,0,0,0,108,8,0,8,100,4132,232,0,0,0,0,108,0,0,0,0,277,9400
1783,W1,1,1,5,5,0,0,0,0,0,0,0,100,100,0,0,0,0,0,100,100,0,0.000000,0,8032,0.000000,0,0,0,0,108,8,0,8,100,4132,232,0,0,0,0,108,0,0,0,0,272,9400
1784,W1,1,1,5,5,0,0,0,0,0,0,0,100,100,0,0,0,0,0,100,100,0,0.000000,0,8032,0.000000,0,0,0,0,108,8,0,8,100,4132,232,0,0,0,0,108,0,0,0,0,300,9400
1785,W1,1,1,5,5,0,0,0,0,0,0,0,100,100,0,0,0,0,0,100,100,0,0.000000,0,8032,0.000000,0,0,0,0,108,8,0,8,100,4132,232,0,0,0,0,108,0,0,0,0,272,9400
1786,W1,1,1,5,5,0,0,0,0,0,0,0,100,100,0,0,0,0,0,100,100,0,0.000000,0,8032,0.000000,0,0,0,0,108,8,0,8,100,4132,232,0,0,0,0,108,0,0,0,0,281,9400
1787,W1,1,1,5,5,0,0,0,0,0,0,0,100,100,100,0,0,0,0,100,100,100,100.000000,1600,8032,19.920319,10,10,10,10,108,8,0,8,100,4132,232,0,0,0,0,108,0,0,0,0,276,9400
1788,W1,1,1,5,5,0,0,0,0,0,0,0,100,100,0,0,0,0,0,100,100,0,0.000000,0,8032,0.000000,0,0,0,0,108,8,0,8,100,4132,232,0,0,0,0,108,0,0,0,0,321,9400
1789,W1,1,1,5,5,0,0,0,0,0,0,0,100,100,0,0,0,0,0,100,100,0,0.000000,0,8032,0.000000,0,0,0,0,108,8,0,8,100,4132,232,0,0,0,0,108,0,0,0,0,281,9400
1790,W1,1,1,5,5,0,0,0,0,0,0,0,100,100,0,0,0,0,0,100,100,0,0.000000,0,8032,0.000000,0,0,0,0,108,8,0,8,100,4132,232,0,0,0,0,108,0,0,0,0,328,9400
1791,W1,1,1,5,5,0,0,0,0,0,0,0,100,100,0,0,0,0,0,100,100,0,0.000000,0,8032,0.000000,0,0,0,0,108,8,0,8,100,4132,232,0,0,0,0,108,0,0,0,0,312,9400
1792,W1,1,1,5,5,0,0,0,0,0,0,0,100,100,0,0,0,0,0,100,100,0,0.000000,0,8032,0.000000,0,0,0,0,108,8,0,8,100,4132,232,0,0,0,0,108,0,0,0,0,308,9400
1793,W1,1,1,5,5,0,0,0,0,0,0,0,100,100,0,0,0,0,0,100,100,0,0.000000,0,8032,0.000000,0,0,0,0,108,8,0,8,100,4132,232,0,0,0,0,108,0,0,0,0,279,9400
1794,W1,1,1,5,5,0,0,0,0,0,0,0,100,100,0,0,0,0,0,100,100,0,0.000000,0,8032,0.000000,0,0,0,0,108,8,0,8,100,4132,232,0,0,0,0,108,0,0,0,0,323,9400
1795,W1,1,1,5,5,0,0,0,0,0,0,0,100,100,0,0,0,0,0,100,100,0,0.000000,0,8032,0.000000,0,0,0,0,108,8,0,8,100,4132,232,0,0,0,0,108,0,0,0,0,286,9400
1796,W1,1,1,5,5,0,0,0,0,0,0,0,100,100,100,0,0,0,0,100,100,100,100.000000,1600,8032,19.920319,10,10,10,10,108,8,0,8,100,4132,232,0,0,0,0,108,0,0,0,0,311,9400
1797,W1,1,1,5,5,0,0,0,0,0,0,0,100,100,0,0,0,0,0,100,100,0,0.000000,0,8032,0.000000,0,0,0,0,108,8,0,8,100,4132,232,0,0,0,0,108,0,0,0,0,339,9400
1798,W1,1,1,5,5,0,0,0,0,0,0,0,100,100,0,0,0,0,0,100,100,0,0.000000,0,8032,0.000000,0,0,0,0,108,8,0,8,100,4132,232,0,0,0,0,108,0,0,0,0,300,9400
1799,W1,1,1,5,5,0,0,0,0,0,0,0,100,100,0,0,0,0,0,100,100,0,0.000000,0,8032,0.000000,0,0,0,0,108,8,0,8,100,4132,232,0,0,0,0,108,0,0,0,0,287,9400
1800,W1,1,1,5,5,0,0,0,0,0,0,0,100,100,0,0,0,0,0,100,100,0,0.000000,0,8032,0.000000,0,0,0,0,108,8,0,8,100,4132,232,0,0,0,0,108,0,0,0,0,291,9400
1801,W1,1,1,5,5,0,0,0,0,0,0,0,100,100,0,0,0,0,0,100,100,0,0.000000,0,8032,0.000000,0,0,0,0,108,8,0,8,100,4132,232,0,0,0,0,108,0,0,0,0,311,9400
1802,W1,1,1,5,5,0,0,0,0,0,0,0,100,100,0,0,0,0,0,100,100,0,0.000000,0,8032,0.000000,0,0,0,0,108,8,0,8,100,4132,232,0,0,0,0,108,0,0,0,0,284,9400
1803,W1,1,1,5,5,0,0,0,0,0,0,0,100,100,0,0,0,0,0,100,100,0,0.000000,0,8032,0.000000,0,0,0,0,108,8,0,8,100,4132,232,0,0,0,0,108,0,0,0,0,353,9400
1804,W1,1,1,5,5,0,0,0,0,0,0,0,100,100,0,0,0,0,0,100,100,0,0.000000,0,8032,0.000000,0,0,0,0,108,8,0,8,100,4132,232,0,0,0,0,108,0,0,0,0,285,9400
1805,W1,1,1,5,5,0,0,0,0,0,0,0,100,100,100,0,0,0,0,100,100,100,100.000000,1600,8032,19.920319,10,10,10,10,108,8,0,8,100,4132,232,0,0,0,0,108,0,0,0,0,290,9400
1806,W1,1,1,5,5,0,0,0,0,0,0,0,100,100,0,0,0,0,0,100,100,0,0.000000,0,8032,0.000000,0,0,0,0,108,8,0,8,100,4132,232,0,0,0,0,108,0,0,0,0,269,9400
1807,W1,1,1,5,5,0,0,0,0,0,0,0,100,100,0,0,0,0,0,100,100,0,0.000000,0,8032,0.000000,0,0,0,0,108,8,0,8,100,4132,232,0,0,0,0,108,0,0,0,0,273,9400
1808,W1,1,1,5,5,0,0,0,0,0,0,0,100,100,0,0,0,0,0,100,100,0,0.000000,0,8032,0.000000,0,0,0,0,108,8,0,8,100,4132,232,0,0,0,0,108,0,0,0,0,294,9400
1809,W1,1,1,5,5,0,0,0,0,0,0,0,100,100,0,0,0,0,0,100,100,0,0.000000,0,8032,0.000000,0,0,0,0,108,8,0,8,100,4132,232,0,0,0,0,108,0,0,0,0,280,9400
1810,W1,1,1,5,5,0,0,0,0,0,0,0,100,100,0,0,0,0,0,100,100,0,0.000000,0,8032,0.000000,0,0,0,0,108,8,0,8,100,4132,232,0,0,0,0,108,0,0,0,0,293,9400
1811,W1,1,1,5,5,0,0,0,0,0,0,0,100,100,0,0,0,0,0,100,100,0,0.000000,0,8032,0.000000,0,0,0,0,108,8,0,8,100,4132,232,0,0,0,0,108,0,0,0,0,307,9400
1812,W1,1,1,5,5,0,0,0,0,0,0,0,100,100,0,0,0,0,0,100,100,0,0.000000,0,8032,0.000000,0,0,0,0,108,8,0,8,100,4132,232,0,0,0,0,108,0,0,0,0,307,9400
1813,W1,1,1,5,5,0,0,0,0,0,0,0,100,100,0,0,0,0,0,100,100,0,0.000000,0,8032,0.000000,0,0,0,0,108,8,0,8,100,4132,232,0,0,0,0,108,0,0,0,0,285,9400
1814,W1,1,1,5,5,0,0,0,0,0,0,0,100,100,100,0,0,0,0,100,100,100,100.000000,1600,8032,19.920319,10,10,10,10,108,8,0,8,100,4132,232,0,0,0,0,108,0,0,0,0,307,9400
1815,W1,1,1,5,5,0,0,0,0,0,0,0,100,100,0,0,0,0,0,100,100,0,0.000000,0,8032,0.000000,0,0,0,0,108,8,0,8,100,4132,232,0,0,0,0,108,0,0,0,0,287,9400
1816,W1,1,1,5,5,0,0,0,0,0,0,0,100,100,0,0,0,0,0,100,100,0,0.000000,0,8032,0.000000,0,0,0,0,108,8,0,8,100,4132,232,0,0,0,0,108,0,0,0,0,296,9400
1817,W1,1,1,5,5,0,0,0,0,0,0,0,100,100,0,0,0,0,0,100,100,0,0.000000,0,8032,0.000000,0,0,0,0,108,8,0,8,100,4132,232,0,0,0,0,108,0,0,0,0,265,9400
1818,W1,1,1,5,5,0,0,0,0,0,0,0,100,100,0,0,0,0,0,100,100,0,0.000000,0,8032,0.000000,0,0,0,0,108,8,0,8,100,4132,232,0,0,0,0,108,0,0,0,0,271,9400
1819,W1,1,1,5,5,0,0,0,0,0,0,0,100,100,0,0,0,0,0,100,100,0,0.000000,0,8032,0.000000,0,0,0,0,108,8,0,8,100,4132,232,0,0,0,0,108,0,0,0,0,268,9400
1820,W1,1,1,5,5,0,0,0,0,0,0,0,100,100,0,0,0,0,0,100,100,0,0.000000,0,8032,0.000000,0,0,0,0,108,8,0,8,100,4132,232,0,0,0,0,108,0,0,0,0,272,9400
1821,W1,1,1,5,5,0,0,0,0,0,0,0,100,100,0,0,0,0,0,100,100,0,0.000000,0,8032,0.000000,0,0,0,0,108,8,0,8,100,4132,232,0,0,0,0,108,0,0,0,0,265,9400
1822,W1,1,1,5,5,0,0,0,0,0,0,0,100,100,0,0,0,0,0,100,100,0,0.000000,0,8032,0.000000,0,0,0,0,108,8,0,8,100,4132,232,0,0,0,0,108,0,0,0,0,272,9400
1823,W1,1,1,5,5,0,0,0,0,0,0,0,100,100,100,0,0,0,0,100,100,100,100.000000,1600,8032,19.920319,10,10,10,10,108,8,0,8,100,4132,232,0,0,0,0,108,0,0,0,0,276,9400
1824,W1,1,1,5,5,0,0,0,0,0,0,0,100,100,0,0,0,0,0,100,100,0,0.000000,0,8032,0.000000,0,0,0,0,108,8,0,8,100,4132,232,0,0,0,0,108,0,0,0,0,272,9400
1825,W1,1,1,5,5,0,0,0,0,0,0,0,100,100,0,0,0,0,0,100,100,0,0.000000,0,8032,0.000000,0,0,0,0,108,8,0,8,100,4132,232,0,0,0,0,108,0,0,0,0,281,9400
1826,W1,1,1,5,5,0,0,0,0,0,0,0,100,100,0,0,0,0,0,100,100,0,0.000000,0,8032,0.000000,0,0,0,0,108,8,0,8,100,4132,232,0,0,0,0,108,0,0,0,0,273,9400
1827,W1,1,1,5,5,0,0,0,0,0,0,0,100,100,0,0,0,0,0,100,100,0,0.000000,0,8032,0.000000,0,0,0,0,108,8,0,8,100,4132,232,0,0,0,0,108,0,0,0,0,275,9400
1828,W1,1,1,5,5,0,0,0,0,0,0,0,100,100,0,0,0,0,0,100,100,0,0.000000,0,8032,0.000000,0,0,0,0,108,8,0,8,100,4132,232,0,0,0,0,108,0,0,0,0,276,9400
1829,W1,1,1,5,5,0,0,0,0,0,0,0,100,100,0,0,0,0,0,100,100,0,0.000000,0,8032,0.000000,0,0,0,0,108,8,0,8,100,4132,232,0,0,0,0,108,0,0,0,0,322,9400
1830,W1,1,1,5,5,0,0,0,0,0,0,0,100,100,0,0,0,0,0,100,100,0,0.000000,0,8032,0.000000,0,0,0,0,108,8,0,8,100,4132,232,0,0,0,0,108,0,0,0,0,277,9400
1831,W1,1,1,5,5,0,0,0,0,0,0,0,100,100,0,0,0,0,0,100,100,0,0.000000,0,8032,0.000000,0,0,0,0,108,8,0,8,100,4132,232,0,0,0,0,108,0,0,0,0,291,9400
1832,W1,1,1,5,5,0,0,0,0,0,0,0,100,100,100,0,0,0,0,100,100,100,100.000000,1600,8032,19.920319,10,10,10,10,108,8,0,8,100,4132,232,0,0,0,0,108,0,0,0,0,288,9400
1833,W1,1,1,5,5,0,0,0,0,0,0,0,100,100,0,0,0,0,0,100,100,0,0.000000,0,8032,0.000000,0,0,0,0,108,8,0,8,100,4132,232,0,0,0,0,108,0,0,0,0,276,9400
1834,W1,1,1,5,5,0,0,0,0,0,0,0,100,100,0,0,0,0,0,100,100,0,0.000000,0,8032,0.000000,0,0,0,0,108,8,0,8,100,4132,232,0,0,0,0,108,0,0,0,0,278,9400
1835,W1,1,1,5,5,0,0,0,0,0,0,0,100,100,0,0,0,0,0,100,100,0,0.000000,0,8032,0.000000,0,0,0,0,108,8,0,8,100,4132,232,0,0,0,0,108,0,0,0,0,271,9400
1836,W1,1,1,5,5,0,0,0,0,0,0,0,100,100,0,0,0,0,0,100,100,0,0.000000,0,8032,0.000000,0,0,0,0,108,8,0,8,100,4132,232,0,0,0,0,108,0,0,0,0,274,9400
1837,W1,1,1,5,5,0,0,0,0,0,0,0,100,100,0,0,0,0,0,100,100,0,0.000000,0,8032,0.000000,0,0,0,0,108,8,0,8,100,4132,232,0,0,0,0,108,0,0,0,0,281,9400
1838,W1,1,1,5,5,0,0,0,0,0,0,0,100,100,0,0,0,0,0,100,100,0,0.000000,0,8032,0.000000,0,0,0,0,108,8,0,8,100,4132,232,0,0,0,0,108,0,0,0,0,291,9400
1839,W1,1,1,5,5,0,0,0,0,0,0,0,100,100,0,0,0,0,0,100,100,0,0.000000,0,8032,0.000000,0,0,0,0,108,8,0,8,100,4132,232,0,0,0,0,108,0,0,0,0,283,9400
1840,W1,1,1,5,5,0,0,0,0,0,0,0,100,100,0,0,0,0,0,100,100,0,0.000000,0,8032,0.000000,0,0,0,0,108,8,0,8,100,4132,232,0,0,0,0,108,0,0,0,0,290,9400
1841,W1,1,1,5,5,0,0,0,0,0,0,0,100,100,100,0,0,0,0,100,100,100,100.000000,1600,8032,19.920319,10,10,10,10,108,8,0,8,100,4132,232,0,0,0,0,108,0,0,0,0,284,9400
1842,W1,1,1,5,5,0,0,0,0,0,0,0,100,100,0,0,0,0,0,100,100,0,0.000000,0,8032,0.000000,0,0,0,0,108,8,0,8,100,4132,232,0,0,0,0,108,0,0,0,0,309,9400
1843,W1,1,1,5,5,0,0,0,0,0,0,0,100,100,0,0,0,0,0,100,100,0,0.000000,0,8032,0.000000,0,0,0,0,108,8,0,8,100,4132,232,0,0,0,0,108,0,0,0,0,349,9400
1844,W1,1,1,5,5,0,0,0,0,0,0,0,100,100,0,0,0,0,0,100,100,0,0.000000,0,8032,0.000000,0,0,0,0,108,8,0,8,100,4132,232,0,0,0,0,108,0,0,0,0,345,9400
1845,W1,1,1,5,5,0,0,0,0,0,0,0,100,100,0,0,0,0,0,100,100,0,0.000000,0,8032,0.000000,0,0,0,0,108,8,0,8,100,4132,232,0,0,0,0,108,0,0,0,0,280,9400
1846,W1,1,1,5,5,0,0,0,0,0,0,0,100,100,0,0,0,0,0,100,100,0,0.000000,0,8032,0.000000,0,0,0,0,108,8,0,8,100,4132,232,0,0,0,0,108,0,0,0,0,274,9400
1847,W1,1,1,5,5,0,0,0,0,0,0,0,100,100,0,0,0,0,0,100,100,0,0.000000,0,8032,0.000000,0,0,0,0,108,8,0,8,100,4132,232,0,0,0,0,108,0,0,0,0,293,9400
1848,W1,1,1,5,5,0,0,0,0,0,0,0,100,100,0,0,0,0,0,100,100,0,0.000000,0,8032,0.000000,0,0,0,0,108,8,0,8,100,4132,232,0,0,0,0,108,0,0,0,0,284,9400
1849,W1,1,1,5,5,0,0,0,0,0,0,0,100,100,0,0,0,0,0,100,100,0,0.000000,0,8032,0.000000,0,0,0,0,108,8,0,8,100,4132,232,0,0,0,0,108,0,0,0,0,288,9400
1850,W1,1,1,5,5,0,0,0,0,0,0,0,100,100,100,0,0,0,0,100,100,100,100.000000,1600,8032,19.920319,10,10,10,10,108,8,0,8,100,4132,232,0,0,0,0,108,0,0,0,0,279,9400
1851,W1,1,1,5,5,0,0,0,0,0,0,0,100,100,0,0,0,0,0,100,100,0,0.000000,0,8032,0.000000,0,0,0,0,108,8,0,8,100,4132,232,0,0,0,0,108,0,0,0,0,290,9400
1852,W1,1,1,5,5,0,0,0,0,0,0,0,100,100,0,0,0,0,0,100,100,0,0.000000,0,8032,0.000000,0,0,0,0,108,8,0,8,100,4132,232,0,0,0,0,108,0,0,0,0,288,9400
1853,W1,1,1,5,5,0,0,0,0,0,0,0,100,100,0,0,0,0,0,100,100,0,0.000000,0,8032,0.000000,0,0,0,0,108,8,0,8,100,4132,232,0,0,0,0,108,0,0,0,0,286,9400
1854,W1,1,1,5,5,0,0,0,0,0,0,0,100,100,0,0,0,0,0,100,100,0,0.000000,0,8032,0.000000,0,0,0,0,108,8,0,8,100,4132,232,0,0,0,0,108,0,0,0,0,325,9400
1855,W1,1,1,5,5,0,0,0,0,0,0,0,100,100,0,0,0,0,0,100,100,0,0.000000,0,8032,0.000000,0,0,0,0,108,8,0,8,100,4132,232,0,0,0,0,108,0,0,0,0,312,9400
1856,W1,1,1,5,5,0,0,0,0,0,0,0,100,100,0,0,0,0,0,100,100,0,0.000000,0,8032,0.000000,0,0,0,0,108,8,0,8,100,4132,232,0,0,0,0,108,0,0,0,0,305,9400
1857,W1,1,1,5,5,0,0,0,0,0,0,0,100,100,0,0,0,0,0,100,100,0,0.000000,0,8032,0.000000,0,0,0,0,108,8,0,8,100,4132,232,0,0,0,0,108,0,0,0,0,282,9400
1858,W1,1,1,5,5,0,0,0,0,0,0,0,100,100,0,0,0,0,0,100,100,0,0.000000,0,8032,0.000000,0,0,0,0,108,8,0,8,100,4132,232,0,0,0,0,108,0,0,0,0,280,9400
1859,W1,1,1,5,5,0,0,0,0,0,0,0,100,100,100,0,0,0,0,100,100,100,100.000000,1600,8032,19.920319,10,10,10,10,108,8,0,8,100,4132,232,0,0,0,0,108,0,0,0,0,300,9400
1860,W1,1,1,5,5,0,0,0,0,0,0,0,100,100,0,0,0,0,0,100,100,0,0.000000,0,8032,0.000000,0,0,0,0,108,8,0,8,100,4132,232,0,0,0,0,108,0,0,0,0,282,9400
1861,W1,1,1,5,5,0,0,0,0,0,0,0,100,100,0,0,0,0,0,100,100,0,0.000000,0,8032,0.000000,0,0,0,0,108,8,0,8,100,4132,232,0,0,0,0,108,0,0,0,0,296,9400
1862,W1,1,1,5,5,0,0,0,0,0,0,0,100,100,0,0,0,0,0,100,100,0,0.000000,0,8032,0.000000,0,0,0,0,108,8,0,8,100,4132,232,0,0,0,0,108,0,0,0,0,324,9400
1863,W1,1,1,5,5,0,0,0,0,0,0,0,100,100,0,0,0,0,0,100,100,0,0.000000,0,8032,0.000000,0,0,0,0,108,8,0,8,100,4132,232,0,0,0,0,108,0,0,0,0,281,9400
1864,W1,1,1,5,5,0,0,0,0,0,0,0,100,100,0,0,0,0,0,100,100,0,0.000000,0,8032,0.000000,0,0,0,0,108,8,0,8,100,4132,232,0,0,0,0,108,0,0,0,0,285,9400
1865,W1,1,1,5,5,0,0,0,0,0,0,0,100,100,0,0,0,0,0,100,100,0,0.000000,0,8032,0.000000,0,0,0,0,108,8,0,8,100,4132,232,0,0,0,0,108,0,0,0,0,305,9400
1866,W1,1,1,5,5,0,0,0,0,0,0,0,100,100,0,0,0,0,0,100,100,0,0.000000,0,8032,0.000000,0,0,0,0,108,8,0,8,100,4132,232,0,0,0,0,108,0,0,0,0,299,9400
1867,W1,1,1,5,5,0,0,0,0,0,0,0,100,100,0,0,0,0,0,100,100,0,0.000000,0,8032,0.000000,0,0,0,0,108,8,0,8,100,4132,232,0,0,0,0,108,0,0,0,0,301,9400
1868,W1,1,1,5,5,0,0,0,0,0,0,0,100,100,100,0,0,0,0,100,100,100,100.000000,1600,8032,19.920319,10,10,10,10,108,8,0,8,100,4132,232,0,0,0,0,108,0,0,0,0,304,9400
1869,W1,1,1,5,5,0,0,0,0,0,0,0,100,100,0,0,0,0,0,100,100,0,0.000000,0,8032,0.000000,0,0,0,0,108,8,0,8,100,4132,232,0,0,0,0,108,0,0,0,0,295,9400
1870,W1,1,1,5,5,0,0,0,0,0,0,0,100,100,0,0,0,0,0,100,100,0,0.000000,0,8032,0.000000,0,0,0,0,108,8,0,8,100,4132,232,0,0,0,0,108,0,0,0,0,306,9400
1871,W1,1,1,5,5,0,0,0,0,0,0,0,100,100,0,0,0,0,0,100,100,0,0.000000,0,8032,0.000000,0,0,0,0,108,8,0,8,100,4132,232,0,0,0,0,108,0,0,0,0,298,9400
1872,W1,1,1,5,5,0,0,0,0,0,0,0,100,100,0,0,0,0,0,100,100,0,0.000000,0,8032,0.000000,0,0,0,0,108,8,0,8,100,4132,232,0,0,0,0,108,0,0,0,0,304,9400
1873,W1,1,1,5,5,0,0,0,0,0,0,0,100,100,0,0,0,0,0,100,100,0,0.000000,0,8032,0.000000,0,0,0,0,108,8,0,8,100,4132,232,0,0,0,0,108,0,0,0,0,292,9400
1874,W1,1,1,5,5,0,0,0,0,0,0,0,100,100,0,0,0,0,0,100,100,0,0.000000,0,8032,0.000000,0,0,0,0,108,8,0,8,100,4132,232,0,0,0,0,108,0,0,0,0,299,9400
1875,W1,1,1,5,5,0,0,0,0,0,0,0,100,100,0,0,0,0,0,100,100,0,0.000000,0,8032,0.000000,0,0,0,0,108,8,0,8,100,4132,232,0,0,0,0,108,0,0,0,0,296,9400
1876,W1,1,1,5,5,0,0,0,0,0,0,0,100,100,0,0,0,0,0,100,100,0,0.000000,0,8032,0.000000,0,0,0,0,108,8,0,8,100,4132,232,0,0,0,0,108,0,0,0,0,308,9400
1877,W1,1,1,5,5,0,0,0,0,0,0,0,100,100,100,0,0,0,0,100,100,100,100.000000,1600,8032,19.920319,10,10,10,10,108,8,0,8,100,4132,232,0,0,0,0,108,0,0,0,0,275,9400
1878,W1,1,1,5,5,0,0,0,0,0,0,0,100,100,0,0,0,0,0,100,100,0,0.000000,0,8032,0.000000,0,0,0,0,108,8,0,8,100,4132,232,0,0,0,0,108,0,0,0,0,283,9400
1879,W1,1,1,5,5,0,0,0,0,0,0,0,100,100,0,0,0,0,0,100,100,0,0.000000,0,8032,0.000000,0,0,0,0,108,8,0,8,100,4132,232,0,0,0,0,108,0,0,0,0,283,9400
1880,W1,1,1,5,5,0,0,0,0,0,0,0,100,100,0,0,0,0,0,100,100,0,0.000000,0,8032,0.000000,0,0,0,0,108,8,0,8,100,4132,232,0,0,0,0,108,0,0,0,0,275,9400
1881,W1,1,1,5,5,0,0,0,0,0,0,0,100,100,0,0,0,0,0,100,100,0,0.000000,0,8032,0.000000,0,0,0,0,108,8,0,8,100,4132,232,0,0,0,0,108,0,0,0,0,271,9400
1882,W1,1,1,5,5,0,0,0,0,0,0,0,100,100,0,0,0,0,0,100,100,0,0.000000,0,8032,0.000000,0,0,0,0,108,8,0,8,100,4132,232,0,0,0,0,108,0,0,0,0,283,9400
1883,W1,1,1,5,5,0,0,0,0,0,0,0,100,100,0,0,0,0,0,100,100,0,0.000000,0,8032,0.000000,0,0,0,0,108,8,0,8,100,4132,232,0,0,0,0,108,0,0,0,0,296,9400
1884,W1,1,1,5,5,0,0,0,0,0,0,0,100,100,0,0,0,0,0,100,100,0,0.000000,0,8032,0.000000,0,0,0,0,108,8,0,8,100,4132,232,0,0,0,0,108,0,0,0,0,299,9400
1885,W1,1,1,5,5,0,0,0,0,0,0,0,100,100,0,0,0,0,0,100,100,0,0.000000,0,8032,0.000000,0,0,0,0,108,8,0,8,100,4132,232,0,0,0,0,108,0,0,0,0,272,9400
1886,W1,1,1,5,5,0,0,0,0,0,0,0,100,100,100,0,0,0,0,100,100,100,100.000000,1600,8032,19.920319,10,10,10,10,108,8,0,8,100,4132,232,0,0,0,0,108,0,0,0,0,281,9400
1887,W1,1,1,5,5,0,0,0,0,0,0,0,100,100,0,0,0,0,0,100,100,0,0.000000,0,8032,0.000000,0,0,0,0,108,8,0,8,100,4132,232,0,0,0,0,108,0,0,0,0,282,9400
1888,W1,1,1,5,5,0,0,0,0,0,0,0,100,100,0,0,0,0,0,100,100,0,0.000000,0,8032,0.000000,0,0,0,0,108,8,0,8,100,4132,232,0,0,0,0,108,0,0,0,0,286,9400
1889,W1,1,1,5,5,0,0,0,0,0,0,0,100,100,0,0,0,0,0,100,100,0,0.000000,0,8032,0.000000,0,0,0,0,108,8,0,8,100,4132,232,0,0,0,0,108,0,0,0,0,284,9400
1890,W1,1,1,5,5,0,0,0,0,0,0,0,100,100,0,0,0,0,0,100,100,0,0.000000,0,8032,0.000000,0,0,0,0,108,8,0,8,100,4132,232,0,0,0,0,108,0,0,0,0,279,9400
1891,W1,1,1,5,5,0,0,0,0,0,0,0,100,100,0,0,0,0,0,100,100,0,0.000000,0,8032,0.000000,0,0,0,0,108,8,0,8,100,4132,232,0,0,0,0,108,0,0,0,0,311,9400
1892,W1,1,1,5,5,0,0,0,0,0,0,0,100,100,0,0,0,0,0,100,100,0,0.000000,0,8032,0.000000,0,0,0,0,108,8,0,8,100,4132,232,0,0,0,0,108,0,0,0,0,325,9400
1893,W1,1,1,5,5,0,0,0,0,0,0,0,100,100,0,0,0,0,0,100,100,0,0.000000,0,8032,0.000000,0,0,0,0,108,8,0,8,100,4132,232,0,0,0,0,108,0,0,0,0,284,9400
1894,W1,1,1,5,5,0,0,0,0,0,0,0,100,100,0,0,0,0,0,100,100,0,0.000000,0,8032,0.000000,0,0,0,0,108,8,0,8,100,4132,232,0,0,0,0,108,0,0,0,0,381,9400
1895,W1,1,1,5,5,0,0,0,0,0,0,0,100,100,100,0,0,0,0,100,100,100,100.000000,1600,8032,19.920319,10,10,10,10,108,8,0,8,100,4132,232,0,0,0,0,108,0,0,0,0,317,9400
1896,W1,1,1,5,5,0,0,0,0,0,0,0,100,100,0,0,0,0,0,100,100,0,0.000000,0,8032,0.000000,0,0,0,0,108,8,0,8,100,4132,232,0,0,0,0,108,0,0,0,0,316,9400
1897,W1,1,1,5,5,0,0,0,0,0,0,0,100,100,0,0,0,0,0,100,100,0,0.000000,0,8032,0.000000,0,0,0,0,108,8,0,8,100,4132,232,0,0,0,0,108,0,0,0,0,283,9400
1898,W1,1,1,5,5,0,0,0,0,0,0,0,100,100,0,0,0,0,0,100,100,0,0.000000,0,8032,0.000000,0,0,0,0,108,8,0,8,100,4132,232,0,0,0,0,108,0,0,0,0,289,9400
1899,W1,1,1,5,5,0,0,0,0,0,0,0,100,100,0,0,0,0,0,100,100,0,0.000000,0,8032,0.000000,0,0,0,0,108,8,0,8,100,4132,232,0,0,0,0,108,0,0,0,0,307,9400
1900,W1,1,1,5,5,0,0,0,0,0,0,0,100,100,0,0,0,0,0,100,100,0,0.000000,0,8032,0.000000,0,0,0,0,108,8,0,8,100,4132,232,0,0,0,0,108,0,0,0,0,284,9400
1901,W1,1,1,5,5,0,0,0,0,0,0,0,100,100,0,0,0,0,0,100,100,0,0.000000,0,8032,0.000000,0,0,0,0,108,8,0,8,100,4132,232,0,0,0,0,108,0,0,0,0,288,9400
1902,W1,1,1,5,5,0,0,0,0,0,0,0,100,100,0,0,0,0,0,100,100,0,0.000000,0,8032,0.000000,0,0,0,0,108,8,0,8,100,4132,232,0,0,0,0,108,0,0,0,0,273,9400
1903,W1,1,1,5,5,0,0,0,0,0,0,0,100,100,0,0,0,0,0,100,100,0,0.000000,0,8032,0.000000,0,0,0,0,108,8,0,8,100,4132,232,0,0,0,0,108,0,0,0,0,316,9400
1904,W1,1,1,5,5,0,0,0,0,0,0,0,100,100,100,0,0,0,0,100,100,100,100.000000,1600,8032,19.920319,10,10,10,10,108,8,0,8,100,4132,232,0,0,0,0,108,0,0,0,0,281,9400
1905,W1,1,1,5,5,0,0,0,0,0,0,0,100,100,0,0,0,0,0,100,100,0,0.000000,0,8032,0.000000,0,0,0,0,108,8,0,8,100,4132,232,0,0,0,0,108,0,0,0,0,274,9400
1906,W1,1,1,5,5,0,0,0,0,0,0,0,100,100,0,0,0,0,0,100,100,0,0.000000,0,8032,0.000000,0,0,0,0,108,8,0,8,100,4132,232,0,0,0,0,108,0,0,0,0,303,9400
1907,W1,1,1,5,5,0,0,0,0,0,0,0,100,100,0,0,0,0,0,100,100,0,0.000000,0,8032,0.000000,0,0,0,0,108,8,0,8,100,4132,232,0,0,0,0,108,0,0,0,0,285,9400
1908,W1,1,1,5,5,0,0,0,0,0,0,0,100,100,0,0,0,0,0,100,100,0,0.000000,0,8032,0.000000,0,0,0,0,108,8,0,8,100,4132,232,0,0,0,0,108,0,0,0,0,330,9400
1909,W1,1,1,5,5,0,0,0,0,0,0,0,100,100,0,0,0,0,0,100,100,0,0.000000,0,8032,0.000000,0,0,0,0,108,8,0,8,100,4132,232,0,0,0,0,108,0,0,0,0,291,9400
1910,W1,1,1,5,5,0,0,0,0,0,0,0,100,100,0,0,0,0,0,100,100,0,0.000000,0,8032,0.000000,0,0,0,0,108,8,0,8,100,4132,232,0,0,0,0,108,0,0,0,0,290,9400
1911,W1,1,1,5,5,0,0,0,0,0,0,0,100,100,0,0,0,0,0,100,100,0,0.000000,0,8032,0.000000,0,0,0,0,108,8,0,8,100,4132,232,0,0,0,0,108,0,0,0,0,284,9400
1912,W1,1,1,5,5,0,0,0,0,0,0,0,100,100,0,0,0,0,0,100,100,0,0.000000,0,8032,0.000000,0,0,0,0,108,8,0,8,100,4132,232,0,0,0,0,108,0,0,0,0,314,9400
1913,W1,1,1,5,5,0,0,0,0,0,0,0,100,100,100,0,0,0,0,100,100,100,100.000000,1600,8032,19.920319,10,10,10,10,108,8,0,8,100,4132,232,0,0,0,0,108,0,0,0,0,298,9400
1914,W1,1,1,5,5,0,0,0,0,0,0,0,100,100,0,0,0,0,0,100,100,0,0.000000,0,8032,0.000000,0,0,0,0,108,8,0,8,100,4132,232,0,0,0,0,108,0,0,0,0,274,9400
1915,W1,1,1,5,5,0,0,0,0,0,0,0,100,100,0,0,0,0,0,100,100,0,0.000000,0,8032,0.000000,0,0,0,0,108,8,0,8,100,4132,232,0,0,0,0,108,0,0,0,0,293,9400
1916,W1,1,1,5,5,0,0,0,0,0,0,0,100,100,0,0,0,0,0,100,100,0,0.000000,0,8032,0.000000,0,0,0,0,108,8,0,8,100,4132,232,0,0,0,0,108,0,0,0,0,271,9400
1917,W1,1,1,5,5,0,0,0,0,0,0,0,100,100,0,0,0,0,0,100,100,0,0.000000,0,8032,0.000000,0,0,0,0,108,8,0,8,100,4132,232,0,0,0,0,108,0,0,0,0,344,9400
1918,W1,1,1,5,5,0,0,0,0,0,0,0,100,100,0,0,0,0,0,100,100,0,0.000000,0,8032,0.000000,0,0,0,0,108,8,0,8,100,4132,232,0,0,0,0,108,0,0,0,0,269,9400
1919,W1,1,1,5,5,0,0,0,0,0,0,0,100,100,0,0,0,0,0,100,100,0,0.000000,0,8032,0.000000,0,0,0,0,108,8,0,8,100,4132,232,0,0,0,0,108,0,0,0,0,276,9400
1920,W1,1,1,5,5,0,0,0,0,0,0,0,100,100,0,0,0,0,0,100,100,0,0.000000,0,8032,0.000000,0,0,0,0,108,8,0,8,100,4132,232,0,0,0,0,108,0,0,0,0,288,9400
1921,W1,1,1,5,5,0,0,0,0,0,0,0,100,100,0,0,0,0,0,100,100,0,0.000000,0,8032,0.000000,0,0,0,0,108,8,0,8,100,4132,232,0,0,0,0,108,0,0,0,0,264,9400
1922,W1,1,1,5,5,0,0,0,0,0,0,0,100,100,100,0,0,0,0,100,100,100,100.000000,1600,8032,19.920319,10,10,10,10,108,8,0,8,100,4132,232,0,0,0,0,108,0,0,0,0,274,9400
1923,W1,1,1,5,5,0,0,0,0,0,0,0,100,100,0,0,0,0,0,100,100,0,0.000000,0,8032,0.000000,0,0,0,0,108,8,0,8,100,4132,232,0,0,0,0,108,0,0,0,0,272,9400
1924,W1,1,1,5,5,0,0,0,0,0,0,0,100,100,0,0,0,0,0,100,100,0,0.000000,0,8032,0.000000,0,0,0,0,108,8,0,8,100,4132,232,0,0,0,0,108,0,0,0,0,277,9400
1925,W1,1,1,5,5,0,0,0,0,0,0,0,100,100,0,0,0,0,0,100,100,0,0.000000,0,8032,0.000000,0,0,0,0,108,8,0,8,100,4132,232,0,0,0,0,108,0,0,0,0,263,9400
1926,W1,1,1,5,5,0,0,0,0,0,0,0,100,100,0,0,0,0,0,100,100,0,0.000000,0,8032,0.000000,0,0,0,0,108,8,0,8,100,4132,232,0,0,0,0,108,0,0,0,0,289,9400
1927,W1,1,1,5,5,0,0,0,0,0,0,0,100,100,0,0,0,0,0,100,100,0,0.000000,0,8032,0.000000,0,0,0,0,108,8,0,8,100,4132,232,0,0,0,0,108,0,0,0,0,312,9400
1928,W1,1,1,5,5,0,0,0,0,0,0,0,100,100,0,0,0,0,0,100,100,0,0.000000,0,8032,0.000000,0,0,0,0,108,8,0,8,100,4132,232,0,0,0,0,108,0,0,0,0,282,9400
1929,W1,1,1,5,5,0,0,0,0,0,0,0,100,100,0,0,0,0,0,100,100,0,0.000000,0,8032,0.000000,0,0,0,0,108,8,0,8,100,4132,232,0,0,0,0,108,0,0,0,0,293,9400
1930,W1,1,1,5,5,0,0,0,0,0,0,0,100,100,0,0,0,0,0,100,100,0,0.000000,0,8032,0.000000,0,0,0,0,108,8,0,8,100,4132,232,0,0,0,0,108,0,0,0,0,278,9400
1931,W1,1,1,5,5,0,0,0,0,0,0,0,100,100,100,0,0,0,0,100,100,100,100.000000,1600,8032,19.920319,10,10,10,10,108,8,0,8,100,4132,232,0,0,0,0,108,0,0,0,0,300,9400
1932,W1,1,1,5,5,0,0,0,0,0,0,0,100,100,0,0,0,0,0,100,100,0,0.000000,0,8032,0.000000,0,0,0,0,108,8,0,8,100,4132,232,0,0,0,0,108,0,0,0,0,287,9400
1933,W1,1,1,5,5,0,0,0,0,0,0,0,100,100,0,0,0,0,0,100,100,0,0.000000,0,8032,0.000000,0,0,0,0,108,8,0,8,100,4132,232,0,0,0,0,108,0,0,0,0,287,9400
1934,W1,1,1,5,5,0,0,0,0,0,0,0,100,100,0,0,0,0,0,100,100,0,0.000000,0,8032,0.000000,0,0,0,0,108,8,0,8,100,4132,232,0,0,0,0,108,0,0,0,0,290,9400
1935,W1,1,1,5,5,0,0,0,0,0,0,0,100,100,0,0,0,0,0,100,100,0,0.000000,0,8032,0.000000,0,0,0,0,108,8,0,8,100,4132,232,0,0,0,0,108,0,0,0,0,328,9400
1936,W1,1,1,5,5,0,0,0,0,0,0,0,100,100,0,0,0,0,0,100,100,0,0.000000,0,8032,0.000000,0,0,0,0,108,8,0,8,100,4132,232,0,0,0,0,108,0,0,0,0,298,9400
1937,W1,1,1,5,5,0,0,0,0,0,0,0,100,100,0,0,0,0,0,100,100,0,0.000000,0,8032,0.000000,0,0,0,0,108,8,0,8,100,4132,232,0,0,0,0,108,0,0,0,0,296,9400
1938,W1,1,1,5,5,0,0,0,0,0,0,0,100,100,0,0,0,0,0,100,100,0,0.000000,0,8032,0.000000,0,0,0,0,108,8,0,8,100,4132,232,0,0,0,0,108,0,0,0,0,282,9400
1939,W1,1,1,5,5,0,0,0,0,0,0,0,100,100,0,0,0,0,0,100,100,0,0.000000,0,8032,0.000000,0,0,0,0,108,8,0,8,100,4132,232,0,0,0,0,108,0,0,0,0,306,9400
1940,W1,1,1,5,5,0,0,0,0,0,0,0,100,100,100,0,0,0,0,100,100,100,100.000000,1600,8032,19.920319,10,10,10,10,108,8,0,8,100,4132,232,0,0,0,0,108,0,0,0,0,282,9400
1941,W1,1,1,5,5,0,0,0,0,0,0,0,100,100,0,0,0,0,0,100,100,0,0.000000,0,8032,0.000000,0,0,0,0,108,8,0,8,100,4132,232,0,0,0,0,108,0,0,0,0,296,9400
1942,W1,1,1,5,5,0,0,0,0,0,0,0,100,100,0,0,0,0,0,100,100,0,0.000000,0,8032,0.000000,0,0,0,0,108,8,0,8,100,4132,232,0,0,0,0,108,0,0,0,0,299,9400
1943,W1,1,1,5,5,0,0,0,0,0,0,0,100,100,0,0,0,0,0,100,100,0,0.000000,0,8032,0.000000,0,0,0,0,108,8,0,8,100,4132,232,0,0,0,0,108,0,0,0,0,314,9400
1944,W1,1,1,5,5,0,0,0,0,0,0,0,100,100,0,0,0,0,0,100,100,0,0.000000,0,8032,0.000000,0,0,0,0,108,8,0,8,100,4132,232,0,0,0,0,108,0,0,0,0,290,9400
1945,W1,1,1,5,5,0,0,0,0,0,0,0,100,100,0,0,0,0,0,100,100,0,0.000000,0,8032,0.000000,0,0,0,0,108,8,0,8,100,4132,232,0,0,0,0,108,0,0,0,0,293,9400
1946,W1,1,1,5,5,0,0,0,0,0,0,0,100,100,0,0,0,0,0,100,100,0,0.000000,0,8032,0.000000,0,0,0,0,108,8,0,8,100,4132,232,0,0,0,0,108,0,0,0,0,295,9400
1947,W1,1,1,5,5,0,0,0,0,0,0,0,100,100,0,0,0,0,0,100,100,0,0.000000,0,8032,0.000000,0,0,0,0,108,8,0,8,100,4132,232,0,0,0,0,108,0,0,0,0,286,9400
1948,W1,1,1,5,5,0,0,0,0,0,0,0,100,100,0,0,0,0,0,100,100,0,0.000000,0,8032,0.000000,0,0,0,0,108,8,0,8,100,4132,232,0,0,0,0,108,0,0,0,0,283,9400
1949,W1,1,1,5,5,0,0,0,0,0,0,0,100,100,100,0,0,0,0,100,100,100,100.000000,1600,8032,19.920319,10,10,10,10,108,8,0,8,100,4132,232,0,0,0,0,108,0,0,0,0,287,9400
1950,W1,1,1,5,5,0,0,0,0,0,0,0,100,100,0,0,0,0,0,100,100,0,0.000000,0,8032,0.000000,0,0,0,0,108,8,0,8,100,4132,232,0,0,0,0,108,0,0,0,0,285,9400
1951,W1,1,1,5,5,0,0,0,0,0,0,0,100,100,0,0,0,0,0,100,100,0,0.000000,0,8032,0.000000,0,0,0,0,108,8,0,8,100,4132,232,0,0,0,0,108,0,0,0,0,288,9400
1952,W1,1,1,5,5,0,0,0,0,0,0,0,100,100,0,0,0,0,0,100,100,0,0.000000,0,8032,0.000000,0,0,0,0,108,8,0,8,100,4132,232,0,0,0,0,108,0,0,0,0,288,9400
1953,W1,1,1,5,5,0,0,0,0,0,0,0,100,100,0,0,0,0,0,100,100,0,0.000000,0,8032,0.000000,0,0,0,0,108,8,0,8,100,4132,232,0,0,0,0,108,0,0,0,0,285,9400
1954,W1,1,1,5,5,0,0,0,0,0,0,0,100,100,0,0,0,0,0,100,100,0,0.000000,0,8032,0.000000,0,0,0,0,108,8,0,8,100,4132,232,0,0,0,0,108,0,0,0,0,310,9400
1955,W1,1,1,5,5,0,0,0,0,0,0,0,100,100,0,0,0,0,0,100,100,0,0.000000,0,8032,0.000000,0,0,0,0,108,8,0,8,100,4132,232,0,0,0,0,108,0,0,0,0,316,9400
1956,W1,1,1,5,5,0,0,0,0,0,0,0,100,100,0,0,0,0,0,100,100,0,0.000000,0,8032,0.000000,0,0,0,0,108,8,0,8,100,4132,232,0,0,0,0,108,0,0,0,0,286,9400
1957,W1,1,1,5,5,0,0,0,0,0,0,0,100,100,0,0,0,0,0,100,100,0,0.000000,0,8032,0.000000,0,0,0,0,108,8,0,8,100,4132,232,0,0,0,0,108,0,0,0,0,280,9400
1958,W1,1,1,5,5,0,0,0,0,0,0,0,100,100,100,0,0,0,0,100,100,100,100.000000,1600,8032,19.920319,10,10,10,10,108,8,0,8,100,4132,232,0,0,0,0,108,0,0,0,0,295,9400
1959,W1,1,1,5,5,0,0,0,0,0,0,0,100,100,0,0,0,0,0,100,100,0,0.000000,0,8032,0.000000,0,0,0,0,108,8,0,8,100,4132,232,0,0,0,0,108,0,0,0,0,294,9400
1960,W1,1,1,5,5,0,0,0,0,0,0,0,100,100,0,0,0,0,0,100,100,0,0.000000,0,8032,0.000000,0,0,0,0,108,8,0,8,100,4132,232,0,0,0,0,108,0,0,0,0,299,9400
1961,W1,1,1,5,5,0,0,0,0,0,0,0,100,100,0,0,0,0,0,100,100,0,0.000000,0,8032,0.000000,0,0,0,0,108,8,0,8,100,4132,232,0,0,0,0,108,0,0,0,0,285,9400
1962,W1,1,1,5,5,0,0,0,0,0,0,0,100,100,0,0,0,0,0,100,100,0,0.000000,0,8032,0.000000,0,0,0,0,108,8,0,8,100,4132,232,0,0,0,0,108,0,0,0,0,302,9400
1963,W1,1,1,5,5,0,0,0,0,0,0,0,100,100,0,0,0,0,0,100,100,0,0.000000,0,8032,0.000000,0,0,0,0,108,8,0,8,100,4132,232,0,0,0,0,108,0,0,0,0,283,9400
1964,W1,1,1,5,5,0,0,0,0,0,0,0,100,100,0,0,0,0,0,100,100,0,0.000000,0,8032,0.000000,0,0,0,0,108,8,0,8,100,4132,232,0,0,0,0,108,0,0,0,0,327,9400
1965,W1,1,1,5,5,0,0,0,0,0,0,0,100,100,0,0,0,0,0,100,100,0,0.000000,0,8032,0.000000,0,0,0,0,108,8,0,8,100,4132,232,0,0,0,0,108,0,0,0,0,308,9400
1966,W1,1,1,5,5,0,0,0,0,0,0,0,100,100,0,0,0,0,0,100,100,0,0.000000,0,8032,0.000000,0,0,0,0,108,8,0,8,100,4132,232,0,0,0,0,108,0,0,0,0,311,9400
1967,W1,1,1,5,5,0,0,0,0,0,0,0,100,100,100,0,0,0,0,100,100,100,100.000000,1600,8032,19.920319,10,10,10,10,108,8,0,8,100,4132,232,0,0,0,0,108,0,0,0,0,297,9400
1968,W1,1,1,5,5,0,0,0,0,0,0,0,100,100,0,0,0,0,0,100,100,0,0.000000,0,8032,0.000000,0,0,0,0,108,8,0,8,100,4132,232,0,0,0,0,108,0,0,0,0,291,9400
1969,W1,1,1,5,5,0,0,0,0,0,0,0,100,100,0,0,0,0,0,100,100,0,0.000000,0,8032,0.000000,0,0,0,0,108,8,0,8,100,4132,232,0,0,0,0,108,0,0,0,0,291,9400
1970,W1,1,1,5,5,0,0,0,0,0,0,0,100,100,0,0,0,0,0,100,100,0,0.000000,0,8032,0.000000,0,0,0,0,108,8,0,8,100,4132,232,0,0,0,0,108,0,0,0,0,282,9400
1971,W1,1,1,5,5,0,0,0,0,0,0,0,100,100,0,0,0,0,0,100,100,0,0.000000,0,8032,0.000000,0,0,0,0,108,8,0,8,100,4132,232,0,0,0,0,108,0,0,0,0,309,9400
1972,W1,1,1,5,5,0,0,0,0,0,0,0,100,100,0,0,0,0,0,100,100,0,0.000000,0,8032,0.000000,0,0,0,0,108,8,0,8,100,4132,232,0,0,0,0,108,0,0,0,0,310,9400
1973,W1,1,1,5,5,0,0,0,0,0,0,0,100,100,0,0,0,0,0,100,100,0,0.000000,0,8032,0.000000,0,0,0,0,108,8,0,8,100,4132,232,0,0,0,0,108,0,0,0,0,292,9400
1974,W1,1,1,5,5,0,0,0,0,0,0,0,100,100,0,0,0,0,0,100,100,0,0.000000,0,8032,0.000000,0,0,0,0,108,8,0,8,100,4132,232,0,0,0,0,108,0,0,0,0,307,9400
1975,W1,1,1,5,5,0,0,0,0,0,0,0,100,100,0,0,0,0,0,100,100,0,0.000000,0,8032,0.000000,0,0,0,0,108,8,0,8,100,4132,232,0,0,0,0,108,0,0,0,0,270,9400
1976,W1,1,1,5,5,0,0,0,0,0,0,0,100,100,100,0,0,0,0,100,100,100,100.000000,1600,8032,19.920319,10,10,10,10,108,8,0,8,100,4132,232,0,0,0,0,108,0,0,0,0,310,9400
1977,W1,1,1,5,5,0,0,0,0,0,0,0,100,100,0,0,0,0,0,100,100,0,0.000000,0,8032,0.000000,0,0,0,0,108,8,0,8,100,4132,232,0,0,0,0,108,0,0,0,0,271,9400
1978,W1,1,1,5,5,0,0,0,0,0,0,0,100,100,0,0,0,0,0,100,100,0,0.000000,0,8032,0.000000,0,0,0,0,108,8,0,8,100,4132,232,0,0,0,0,108,0,0,0,0,296,9400
1979,W1,1,1,5,5,0,0,0,0,0,0,0,100,100,0,0,0,0,0,100,100,0,0.000000,0,8032,0.000000,0,0,0,0,108,8,0,8,100,4132,232,0,0,0,0,108,0,0,0,0,300,9400
1980,W1,1,1,5,5,0,0,0,0,0,0,0,100,100,0,0,0,0,0,100,100,0,0.000000,0,8032,0.000000,0,0,0,0,108,8,0,8,100,4132,232,0,0,0,0,108,0,0,0,0,291,9400
1981,W1,1,1,5,5,0,0,0,0,0,0,0,100,100,0,0,0,0,0,100,100,0,0.000000,0,8032,0.000000,0,0,0,0,108,8,0,8,100,4132,232,0,0,0,0,108,0,0,0,0,322,9400
1982,W1,1,1,5,5,0,0,0,0,0,0,0,100,100,0,0,0,0,0,100,100,0,0.000000,0,8032,0.000000,0,0,0,0,108,8,0,8,100,4132,232,0,0,0,0,108,0,0,0,0,318,9400
1983,W1,1,1,5,5,0,0,0,0,0,0,0,100,100,0,0,0,0,0,100,100,0,0.000000,0,8032,0.000000,0,0,0,0,108,8,0,8,100,4132,232,0,0,0,0,108,0,0,0,0,283,9400
1984,W1,1,1,5,5,0,0,0,0,0,0,0,100,100,0,0,0,0,0,100,100,0,0.000000,0,8032,0.000000,0,0,0,0,108,8,0,8,100,4132,232,0,0,0,0,108,0,0,0,0,275,9400
1985,W1,1,1,5,5,0,0,0,0,0,0,0,100,100,100,0,0,0,0,100,100,100,100.000000,1600,8032,19.920319,10,10,10,10,108,8,0,8,100,4132,232,0,0,0,0,108,0,0,0,0,275,9400
1986,W1,1,1,5,5,0,0,0,0,0,0,0,100,100,0,0,0,0,0,100,100,0,0.000000,0,8032,0.000000,0,0,0,0,108,8,0,8,100,4132,232,0,0,0,0,108,0,0,0,0,271,9400
1987,W1,1,1,5,5,0,0,0,0,0,0,0,100,100,0,0,0,0,0,100,100,0,0.000000,0,8032,0.000000,0,0,0,0,108,8,0,8,100,4132,232,0,0,0,0,108,0,0,0,0,298,9400
1988,W1,1,1,5,5,0,0,0,0,0,0,0,100,100,0,0,0,0,0,100,100,0,0.000000,0,8032,0.000000,0,0,0,0,108,8,0,8,100,4132,232,0,0,0,0,108,0,0,0,0,287,9400
1989,W1,1,1,5,5,0,0,0,0,0,0,0,100,100,0,0,0,0,0,100,100,0,0.000000,0,8032,0.000000,0,0,0,0,108,8,0,8,100,4132,232,0,0,0,0,108,0,0,0,0,298,9400
1990,W1,1,1,5,5,0,0,0,0,0,0,0,100,100,0,0,0,0,0,100,100,0,0.000000,0,8032,0.000000,0,0,0,0,108,8,0,8,100,4132,232,0,0,0,0,108,0,0,0,0,317,9400
1991,W1,1,1,5,5,0,0,0,0,0,0,0,100,100,0,0,0,0,0,100,100,0,0.000000,0,8032,0.000000,0,0,0,0,108,8,0,8,100,4132,232,0,0,0,0,108,0,0,0,0,279,9400
1992,W1,1,1,5,5,0,0,0,0,0,0,0,100,100,0,0,0,0,0,100,100,0,0.000000,0,8032,0.000000,0,0,0,0,108,8,0,8,100,4132,232,0,0,0,0,108,0,0,0,0,288,9400
1993,W1,1,1,5,5,0,0,0,0,0,0,0,100,100,0,0,0,0,0,100,100,0,0.000000,0,8032,0.000000,0,0,0,0,108,8,0,8,100,4132,232,0,0,0,0,108,0,0,0,0,303,9400
1994,W1,1,1,5,5,0,0,0,0,0,0,0,100,100,100,0,0,0,0,100,100,100,100.000000,1600,8032,19.920319,10,10,10,10,108,8,0,8,100,4132,232,0,0,0,0,108,0,0,0,0,293,9400
1995,W1,1,1,5,5,0,0,0,0,0,0,0,100,100,0,0,0,0,0,100,100,0,0.000000,0,8032,0.000000,0,0,0,0,108,8,0,8,100,4132,232,0,0,0,0,108,0,0,0,0,281,9400
1996,W1,1,1,5,5,0,0,0,0,0,0,0,100,100,0,0,0,0,0,100,100,0,0.000000,0,8032,0.000000,0,0,0,0,108,8,0,8,100,4132,232,0,0,0,0,108,0,0,0,0,288,9400
1997,W1,1,1,5,5,0,0,0,0,0,0,0,100,100,0,0,0,0,0,100,100,0,0.000000,0,8032,0.000000,0,0,0,0,108,8,0,8,100,4132,232,0,0,0,0,108,0,0,0,0,295,9400
1998,W1,1,1,5,5,0,0,0,0,0,0,0,100,100,0,0,0,0,0,100,100,0,0.000000,0,8032,0.000000,0,0,0,0,108,8,0,8,100,4132,232,0,0,0,0,108,0,0,0,0,314,9400
1999,W1,1,1,5,5,0,0,0,0,0,0,0,100,100,0,0,0,0,0,100,100,0,0.000000,0,8032,0.000000,0,0,0,0,108,8,0,8,100,4132,232,0,0,0,0,108,0,0,0,0,289,9400
2000,W1,1,1,5,5,0,0,0,0,0,0,0,100,100,0,0,0,0,0,100,100,0,0.000000,0,8032,0.000000,0,0,0,0,108,8,0,8,100,4132,232,0,0,0,0,108,0,0,0,0,318,9400
2001,W1,1,1,5,5,0,0,0,0,0,0,0,100,100,0,0,0,0,0,100,100,0,0.000000,0,8032,0.000000,0,0,0,0,108,8,0,8,100,4132,232,0,0,0,0,108,0,0,0,0,319,9400
2002,W1,1,1,5,5,0,0,0,0,0,0,0,100,100,0,0,0,0,0,100,100,0,0.000000,0,8032,0.000000,0,0,0,0,108,8,0,8,100,4132,232,0,0,0,0,108,0,0,0,0,292,9400
2003,W1,1,1,5,5,0,0,0,0,0,0,0,100,100,100,0,0,0,0,100,100,100,100.000000,1600,8032,19.920319,10,10,10,10,108,8,0,8,100,4132,232,0,0,0,0,108,0,0,0,0,287,9400
2004,W1,1,1,5,5,0,0,0,0,0,0,0,100,100,0,0,0,0,0,100,100,0,0.000000,0,8032,0.000000,0,0,0,0,108,8,0,8,100,4132,232,0,0,0,0,108,0,0,0,0,294,9400
2005,W1,1,1,5,5,0,0,0,0,0,0,0,100,100,0,0,0,0,0,100,100,0,0.000000,0,8032,0.000000,0,0,0,0,108,8,0,8,100,4132,232,0,0,0,0,108,0,0,0,0,292,9400
2006,W1,1,1,5,5,0,0,0,0,0,0,0,100,100,0,0,0,0,0,100,100,0,0.000000,0,8032,0.000000,0,0,0,0,108,8,0,8,100,4132,232,0,0,0,0,108,0,0,0,0,279,9400
2007,W1,1,1,5,5,0,0,0,0,0,0,0,100,100,0,0,0,0,0,100,100,0,0.000000,0,8032,0.000000,0,0,0,0,108,8,0,8,100,4132,232,0,0,0,0,108,0,0,0,0,278,9400
2008,W1,1,1,5,5,0,0,0,0,0,0,0,100,100,0,0,0,0,0,100,100,0,0.000000,0,8032,0.000000,0,0,0,0,108,8,0,8,100,4132,232,0,0,0,0,108,0,0,0,0,281,9400
2009,W1,1,1,5,5,0,0,0,0,0,0,0,100,100,0,0,0,0,0,100,100,0,0.000000,0,8032,0.000000,0,0,0,0,108,8,0,8,100,4132,232,0,0,0,0,108,0,0,0,0,272,9400
2010,W1,1,1,5,5,0,0,0,0,0,0,0,100,100,0,0,0,0,0,100,100,0,0.000000,0,8032,0.000000,0,0,0,0,108,8,0,8,100,4132,232,0,0,0,0,108,0,0,0,0,287,9400
2011,W1,1,1,5,5,0,0,0,0,0,0,0,100,100,0,0,0,0,0,100,100,0,0.000000,0,8032,0.000000,0,0,0,0,108,8,0,8,100,4132,232,0,0,0,0,108,0,0,0,0,286,9400
2012,W1,1,1,5,5,0,0,0,0,0,0,0,100,100,100,0,0,0,0,100,100,100,100.000000,1600,8032,19.920319,10,10,10,10,108,8,0,8,100,4132,232,0,0,0,0,108,0,0,0,0,318,9400
2013,W1,1,1,5,5,0,0,0,0,0,0,0,100,100,0,0,0,0,0,100,100,0,0.000000,0,8032,0.000000,0,0,0,0,108,8,0,8,100,4132,232,0,0,0,0,108,0,0,0,0,284,9400
2014,W1,1,1,5,5,0,0,0,0,0,0,0,100,100,0,0,0,0,0,100,100,0,0.000000,0,8032,0.000000,0,0,0,0,108,8,0,8,100,4132,232,0,0,0,0,108,0,0,0,0,319,9400
2015,W1,1,1,5,5,0,0,0,0,0,0,0,100,100,0,0,0,0,0,100,100,0,0.000000,0,8032,0.000000,0,0,0,0,108,8,0,8,100,4132,232,0,0,0,0,108,0,0,0,0,302,9400
2016,W1,1,1,5,5,0,0,0,0,0,0,0,100,100,0,0,0,0,0,100,100,0,0.000000,0,8032,0.000000,0,0,0,0,108,8,0,8,100,4132,232,0,0,0,0,108,0,0,0,0,289,9400
2017,W1,1,1,5,5,0,0,0,0,0,0,0,100,100,0,0,0,0,0,100,100,0,0.000000,0,8032,0.000000,0,0,0,0,108,8,0,8,100,4132,232,0,0,0,0,108,0,0,0,0,285,9400
2018,W1,1,1,5,5,0,0,0,0,0,0,0,100,100,0,0,0,0,0,100,100,0,0.000000,0,8032,0.000000,0,0,0,0,108,8,0,8,100,4132,232,0,0,0,0,108,0,0,0,0,287,9400
2019,W1,1,1,5,5,0,0,0,0,0,0,0,100,100,0,0,0,0,0,100,100,0,0.000000,0,8032,0.000000,0,0,0,0,108,8,0,8,100,4132,232,0,0,0,0,108,0,0,0,0,283,9400
2020,W1,1,1,5,5,0,0,0,0,0,0,0,100,100,0,0,0,0,0,100,100,0,0.000000,0,8032,0.000000,0,0,0,0,108,8,0,8,100,4132,232,0,0,0,0,108,0,0,0,0,305,9400
2021,W1,1,1,5,5,0,0,0,0,0,0,0,100,100,100,0,0,0,0,100,100,100,100.000000,1600,8032,19.920319,10,10,10,10,108,8,0,8,100,4132,232,0,0,0,0,108,0,0,0,0,303,9400
2022,W1,1,1,5,5,0,0,0,0,0,0,0,100,100,0,0,0,0,0,100,100,0,0.000000,0,8032,0.000000,0,0,0,0,108,8,0,8,100,4132,232,0,0,0,0,108,0,0,0,0,305,9400
2023,W1,1,1,5,5,0,0,0,0,0,0,0,100,100,0,0,0,0,0,100,100,0,0.000000,0,8032,0.000000,0,0,0,0,108,8,0,8,100,4132,232,0,0,0,0,108,0,0,0,0,279,9400
2024,W1,1,1,5,5,0,0,0,0,0,0,0,100,100,0,0,0,0,0,100,100,0,0.000000,0,8032,0.000000,0,0,0,0,108,8,0,8,100,4132,232,0,0,0,0,108,0,0,0,0,310,9400
2025,W1,1,1,5,5,0,0,0,0,0,0,0,100,100,0,0,0,0,0,100,100,0,0.000000,0,8032,0.000000,0,0,0,0,108,8,0,8,100,4132,232,0,0,0,0,108,0,0,0,0,315,9400
2026,W1,1,1,5,5,0,0,0,0,0,0,0,100,100,0,0,0,0,0,100,100,0,0.000000,0,8032,0.000000,0,0,0,0,108,8,0,8,100,4132,232,0,0,0,0,108,0,0,0,0,274,9400
2027,W1,1,1,5,5,0,0,0,0,0,0,0,100,100,0,0,0,0,0,100,100,0,0.000000,0,8032,0.000000,0,0,0,0,108,8,0,8,100,4132,232,0,0,0,0,108,0,0,0,0,330,9400
2028,W1,1,1,5,5,0,0,0,0,0,0,0,100,100,0,0,0,0,0,100,100,0,0.000000,0,8032,0.000000,0,0,0,0,108,8,0,8,100,4132,232,0,0,0,0,108,0,0,0,0,340,9400
2029,W1,1,1,5,5,0,0,0,0,0,0,0,100,100,0,0,0,0,0,100,100,0,0.000000,0,8032,0.000000,0,0,0,0,108,8,0,8,100,4132,232,0,0,0,0,108,0,0,0,0,279,9400
2030,W1,1,1,5,5,0,0,0,0,0,0,0,100,100,100,0,0,0,0,100,100,100,100.000000,1600,8032,19.920319,10,10,10,10,108,8,0,8,100,4132,232,0,0,0,0,108,0,0,0,0,304,9400
2031,W1,1,1,5,5,0,0,0,0,0,0,0,100,100,0,0,0,0,0,100,100,0,0.000000,0,8032,0.000000,0,0,0,0,108,8,0,8,100,4132,232,0,0,0,0,108,0,0,0,0,289,9400
2032,W1,1,1,5,5,0,0,0,0,0,0,0,100,100,0,0,0,0,0,100,100,0,0.000000,0,8032,0.000000,0,0,0,0,108,8,0,8,100,4132,232,0,0,0,0,108,0,0,0,0,279,9400
2033,W1,1,1,5,5,0,0,0,0,0,0,0,100,100,0,0,0,0,0,100,100,0,0.000000,0,8032,0.000000,0,0,0,0,108,8,0,8,100,4132,232,0,0,0,0,108,0,0,0,0,284,9400
2034,W1,1,1,5,5,0,0,0,0,0,0,0,100,100,0,0,0,0,0,100,100,0,0.000000,0,8032,0.000000,0,0,0,0,108,8,0,8,100,4132,232,0,0,0,0,108,0,0,0,0,277,9400
2035,W1,1,1,5,5,0,0,0,0,0,0,0,100,100,0,0,0,0,0,100,100,0,0.000000,0,8032,0.000000,0,0,0,0,108,8,0,8,100,4132,232,0,0,0,0,108,0,0,0,0,289,9400
2036,W1,1,1,5,5,0,0,0,0,0,0,0,100,100,0,0,0,0,0,100,100,0,0.000000,0,8032,0.000000,0,0,0,0,108,8,0,8,100,4132,232,0,0,0,0,108,0,0,0,0,273,9400
2037,W1,1,1,5,5,0,0,0,0,0,0,0,100,100,0,0,0,0,0,100,100,0,0.000000,0,8032,0.000000,0,0,0,0,108,8,0,8,100,4132,232,0,0,0,0,108,0,0,0,0,273,9400
2038,W1,1,1,5,5,0,0,0,0,0,0,0,100,100,0,0,0,0,0,100,100,0,0.000000,0,8032,0.000000,0,0,0,0,108,8,0,8,100,4132,232,0,0,0,0,108,0,0,0,0,324,9400
2039,W1,1,1,5,5,0,0,0,0,0,0,0,100,100,100,0,0,0,0,100,100,100,100.000000,1600,8032,19.920319,10,10,10,10,108,8,0,8,100,4132,232,0,0,0,0,108,0,0,0,0,299,9400
2040,W1,1,1,5,5,0,0,0,0,0,0,0,100,100,0,0,0,0,0,100,100,0,0.000000,0,8032,0.000000,0,0,0,0,108,8,0,8,100,4132,232,0,0,0,0,108,0,0,0,0,299,9400
2041,W1,1,1,5,5,0,0,0,0,0,0,0,100,100,0,0,0,0,0,100,100,0,0.000000,0,8032,0.000000,0,0,0,0,108,8,0,8,100,4132,232,0,0,0,0,108,0,0,0,0,296,9400
2042,W1,1,1,5,5,0,0,0,0,0,0,0,100,100,0,0,0,0,0,100,100,0,0.000000,0,8032,0.000000,0,0,0,0,108,8,0,8,100,4132,232,0,0,0,0,108,0,0,0,0,310,9400
2043,W1,1,1,5,5,0,0,0,0,0,0,0,100,100,0,0,0,0,0,100,100,0,0.000000,0,8032,0.000000,0,0,0,0,108,8,0,8,100,4132,232,0,0,0,0,108,0,0,0,0,346,9400
2044,W1,1,1,5,5,0,0,0,0,0,0,0,100,100,0,0,0,0,0,100,100,0,0.000000,0,8032,0.000000,0,0,0,0,108,8,0,8,100,4132,232,0,0,0,0,108,0,0,0,0,307,9400
2045,W1,1,1,5,5,0,0,0,0,0,0,0,100,100,0,0,0,0,0,100,100,0,0.000000,0,8032,0.000000,0,0,0,0,108,8,0,8,100,4132,232,0,0,0,0,108,0,0,0,0,315,9400
2046,W1,1,1,5,5,0,0,0,0,0,0,0,100,100,0,0,0,0,0,100,100,0,0.000000,0,8032,0.000000,0,0,0,0,108,8,0,8,100,4132,232,0,0,0,0,108,0,0,0,0,287,9400
2047,W1,1,1,5,5,0,0,0,0,0,0,0,100,100,0,0,0,0,0,100,100,0,0.000000,0,8032,0.000000,0,0,0,0,108,8,0,8,100,4132,232,0,0,0,0,108,0,0,0,0,275,9400
2048,W1,1,1,5,5,0,0,0,0,0,0,0,100,100,100,0,0,0,0,100,100,100,100.000000,1600,8032,19.920319,10,10,10,10,108,8,0,8,100,4132,232,0,0,0,0,108,0,0,0,0,304,9400
2049,W1,1,1,5,5,0,0,0,0,0,0,0,100,100,0,0,0,0,0,100,100,0,0.000000,0,8032,0.000000,0,0,0,0,108,8,0,8,100,4132,232,0,0,0,0,108,0,0,0,0,305,9400
2050,W1,1,1,5,5,0,0,0,0,0,0,0,100,100,0,0,0,0,0,100,100,0,0.000000,0,8032,0.000000,0,0,0,0,108,8,0,8,100,4132,232,0,0,0,0,108,0,0,0,0,279,9400
2051,W1,1,1,5,5,0,0,0,0,0,0,0,100,100,0,0,0,0,0,100,100,0,0.000000,0,8032,0.000000,0,0,0,0,108,8,0,8,100,4132,232,0,0,0,0,108,0,0,0,0,272,9400
2052,W1,1,1,5,5,0,0,0,0,0,0,0,100,100,0,0,0,0,0,100,100,0,0.000000,0,8032,0.000000,0,0,0,0,108,8,0,8,100,4132,232,0,0,0,0,108,0,0,0,0,307,9400
2053,W1,1,1,5,5,0,0,0,0,0,0,0,100,100,0,0,0,0,0,100,100,0,0.000000,0,8032,0.000000,0,0,0,0,108,8,0,8,100,4132,232,0,0,0,0,108,0,0,0,0,301,9400
2054,W1,1,1,5,5,0,0,0,0,0,0,0,100,100,0,0,0,0,0,100,100,0,0.000000,0,8032,0.000000,0,0,0,0,108,8,0,8,100,4132,232,0,0,0,0,108,0,0,0,0,281,9400
2055,W1,1,1,5,5,0,0,0,0,0,0,0,100,100,0,0,0,0,0,100,100,0,0.000000,0,8032,0.000000,0,0,0,0,108,8,0,8,100,4132,232,0,0,0,0,108,0,0,0,0,302,9400
2056,W1,1,1,5,5,0,0,0,0,0,0,0,100,100,0,0,0,0,0,100,100,0,0.000000,0,8032,0.000000,0,0,0,0,108,8,0,8,100,4132,232,0,0,0,0,108,0,0,0,0,282,9400
2057,W1,1,1,5,5,0,0,0,0,0,0,0,100,100,100,0,0,0,0,100,100,100,100.000000,1600,8032,19.920319,10,10,10,10,108,8,0,8,100,4132,232,0,0,0,0,108,0,0,0,0,324,9400
2058,W1,1,1,5,5,0,0,0,0,0,0,0,100,100,0,0,0,0,0,100,100,0,0.000000,0,8032,0.000000,0,0,0,0,108,8,0,8,100,4132,232,0,0,0,0,108,0,0,0,0,275,9400
2059,W1,1,1,5,5,0,0,0,0,0,0,0,100,100,0,0,0,0,0,100,100,0,0.000000,0,8032,0.000000,0,0,0,0,108,8,0,8,100,4132,232,0,0,0,0,108,0,0,0,0,302,9400
2060,W1,1,1,5,5,0,0,0,0,0,0,0,100,100,0,0,0,0,0,100,100,0,0.000000,0,8032,0.000000,0,0,0,0,108,8,0,8,100,4132,232,0,0,0,0,108,0,0,0,0,279,9400
2061,W1,1,1,5,5,0,0,0,0,0,0,0,100,100,0,0,0,0,0,100,100,0,0.000000,0,8032,0.000000,0,0,0,0,108,8,0,8,100,4132,232,0,0,0,0,108,0,0,0,0,277,9400
2062,W1,1,1,5,5,0,0,0,0,0,0,0,100,100,0,0,0,0,0,100,100,0,0.000000,0,8032,0.000000,0,0,0,0,108,8,0,8,100,4132,232,0,0,0,0,108,0,0,0,0,297,9400
2063,W1,1,1,5,5,0,0,0,0,0,0,0,100,100,0,0,0,0,0,100,100,0,0.000000,0,8032,0.000000,0,0,0,0,108,8,0,8,100,4132,232,0,0,0,0,108,0,0,0,0,313,9400
2064,W1,1,1,5,5,0,0,0,0,0,0,0,100,100,0,0,0,0,0,100,100,0,0.000000,0,8032,0.000000,0,0,0,0,108,8,0,8,100,4132,232,0,0,0,0,108,0,0,0,0,291,9400
2065,W1,1,1,5,5,0,0,0,0,0,0,0,100,100,0,0,0,0,0,100,100,0,0.000000,0,8032,0.000000,0,0,0,0,108,8,0,8,100,4132,232,0,0,0,0,108,0,0,0,0,292,9400
2066,W1,1,1,5,5,0,0,0,0,0,0,0,100,100,100,0,0,0,0,100,100,100,100.000000,1600,8032,19.920319,10,10,10,10,108,8,0,8,100,4132,232,0,0,0,0,108,0,0,0,0,291,9400
2067,W1,1,1,5,5,0,0,0,0,0,0,0,100,100,0,0,0,0,0,100,100,0,0.000000,0,8032,0.000000,0,0,0,0,108,8,0,8,100,4132,232,0,0,0,0,108,0,0,0,0,268,9400
2068,W1,1,1,5,5,0,0,0,0,0,0,0,100,100,0,0,0,0,0,100,100,0,0.000000,0,8032,0.000000,0,0,0,0,108,8,0,8,100,4132,232,0,0,0,0,108,0,0,0,0,274,9400
2069,W1,1,1,5,5,0,0,0,0,0,0,0,100,100,0,0,0,0,0,100,100,0,0.000000,0,8032,0.000000,0,0,0,0,108,8,0,8,100,4132,232,0,0,0,0,108,0,0,0,0,282,9400
2070,W1,1,1,5,5,0,0,0,0,0,0,0,100,100,0,0,0,0,0,100,100,0,0.000000,0,8032,0.000000,0,0,0,0,108,8,0,8,100,4132,232,0,0,0,0,108,0,0,0,0,275,9400
2071,W1,1,1,5,5,0,0,0,0,0,0,0,100,100,0,0,0,0,0,100,100,0,0.000000,0,8032,0.000000,0,0,0,0,108,8,0,8,100,4132,232,0,0,0,0,108,0,0,0,0,270,9400
2072,W1,1,1,5,5,0,0,0,0,0,0,0,100,100,0,0,0,0,0,100,100,0,0.000000,0,8032,0.000000,0,0,0,0,108,8,0,8,100,4132,232,0,0,0,0,108,0,0,0,0,277,9400
2073,W1,1,1,5,5,0,0,0,0,0,0,0,100,100,0,0,0,0,0,100,100,0,0.000000,0,8032,0.000000,0,0,0,0,108,8,0,8,100,4132,232,0,0,0,0,108,0,0,0,0,287,9400
2074,W1,1,1,5,5,0,0,0,0,0,0,0,100,100,0,0,0,0,0,100,100,0,0.000000,0,8032,0.000000,0,0,0,0,108,8,0,8,100,4132,232,0,0,0,0,108,0,0,0,0,298,9400
2075,W1,1,1,5,5,0,0,0,0,0,0,0,100,100,100,0,0,0,0,100,100,100,100.000000,1600,8032,19.920319,10,10,10,10,108,8,0,8,100,4132,232,0,0,0,0,108,0,0,0,0,292,9400
2076,W1,1,1,5,5,0,0,0,0,0,0,0,100,100,0,0,0,0,0,100,100,0,0.000000,0,8032,0.000000,0,0,0,0,108,8,0,8,100,4132,232,0,0,0,0,108,0,0,0,0,292,9400
2077,W1,1,1,5,5,0,0,0,0,0,0,0,100,100,0,0,0,0,0,100,100,0,0.000000,0,8032,0.000000,0,0,0,0,108,8,0,8,100,4132,232,0,0,0,0,108,0,0,0,0,286,9400
2078,W1,1,1,5,5,0,0,0,0,0,0,0,100,100,0,0,0,0,0,100,100,0,0.000000,0,8032,0.000000,0,0,0,0,108,8,0,8,100,4132,232,0,0,0,0,108,0,0,0,0,328,9400
2079,W1,1,1,5,5,0,0,0,0,0,0,0,100,100,0,0,0,0,0,100,100,0,0.000000,0,8032,0.000000,0,0,0,0,108,8,0,8,100,4132,232,0,0,0,0,108,0,0,0,0,284,9400
2080,W1,1,1,5,5,0,0,0,0,0,0,0,100,100,0,0,0,0,0,100,100,0,0.000000,0,8032,0.000000,0,0,0,0,108,8,0,8,100,4132,232,0,0,0,0,108,0,0,0,0,288,9400
2081,W1,1,1,5,5,0,0,0,0,0,0,0,100,100,0,0,0,0,0,100,100,0,0.000000,0,8032,0.000000,0,0,0,0,108,8,0,8,100,4132,232,0,0,0,0,108,0,0,0,0,279,9400
2082,W1,1,1,5,5,0,0,0,0,0,0,0,100,100,0,0,0,0,0,100,100,0,0.000000,0,8032,0.000000,0,0,0,0,108,8,0,8,100,4132,232,0,0,0,0,108,0,0,0,0,295,9400
2083,W1,1,1,5,5,0,0,0,0,0,0,0,100,100,0,0,0,0,0,100,100,0,0.000000,0,8032,0.000000,0,0,0,0,108,8,0,8,100,4132,232,0,0,0,0,108,0,0,0,0,328,9400
2084,W1,1,1,5,5,0,0,0,0,0,0,0,100,100,100,0,0,0,0,100,100,100,100.000000,1600,8032,19.920319,10,10,10,10,108,8,0,8,100,4132,232,0,0,0,0,108,0,0,0,0,305,9400
2085,W1,1,1,5,5,0,0,0,0,0,0,0,100,100,0,0,0,0,0,100,100,0,0.000000,0,8032,0.000000,0,0,0,0,108,8,0,8,100,4132,232,0,0,0,0,108,0,0,0,0,300,9400
2086,W1,1,1,5,5,0,0,0,0,0,0,0,100,100,0,0,0,0,0,100,100,0,0.000000,0,8032,0.000000,0,0,0,0,108,8,0,8,100,4132,232,0,0,0,0,108,0,0,0,0,299,9400
2087,W1,1,1,5,5,0,0,0,0,0,0,0,100,100,0,0,0,0,0,100,100,0,0.000000,0,8032,0.000000,0,0,0,0,108,8,0,8,100,4132,232,0,0,0,0,108,0,0,0,0,321,9400
2088,W1,1,1,5,5,0,0,0,0,0,0,0,100,100,0,0,0,0,0,100,100,0,0.000000,0,8032,0.000000,0,0,0,0,108,8,0,8,100,4132,232,0,0,0,0,108,0,0,0,0,319,9400
2089,W1,1,1,5,5,0,0,0,0,0,0,0,100,100,0,0,0,0,0,100,100,0,0.000000,0,8032,0.000000,0,0,0,0,108,8,0,8,100,4132,232,0,0,0,0,108,0,0,0,0,300,9400
2090,W1,1,1,5,5,0,0,0,0,0,0,0,100,100,0,0,0,0,0,100,100,0,0.000000,0,8032,0.000000,0,0,0,0,108,8,0,8,100,4132,232,0,0,0,0,108,0,0,0,0,283,9400
2091,W1,1,1,5,5,0,0,0,0,0,0,0,100,100,0,0,0,0,0,100,100,0,0.000000,0,8032,0.000000,0,0,0,0,108,8,0,8,100,4132,232,0,0,0,0,108,0,0,0,0,327,9400
2092,W1,1,1,5,5,0,0,0,0,0,0,0,100,100,0,0,0,0,0,100,100,0,0.000000,0,8032,0.000000,0,0,0,0,108,8,0,8,100,4132,232,0,0,0,0,108,0,0,0,0,337,9400
2093,W1,1,1,5,5,0,0,0,0,0,0,0,100,100,100,0,0,0,0,100,100,100,100.000000,1600,8032,19.920319,10,10,10,10,108,8,0,8,100,4132,232,0,0,0,0,108,0,0,0,0,314,9400
2094,W1,1,1,5,5,0,0,0,0,0,0,0,100,100,0,0,0,0,0,100,100,0,0.000000,0,8032,0.000000,0,0,0,0,108,8,0,8,100,4132,232,0,0,0,0,108,0,0,0,0,286,9400
2095,W1,1,1,5,5,0,0,0,0,0,0,0,100,100,0,0,0,0,0,100,100,0,0.000000,0,8032,0.000000,0,0,0,0,108,8,0,8,100,4132,232,0,0,0,0,108,0,0,0,0,289,9400
2096,W1,1,1,5,5,0,0,0,0,0,0,0,100,100,0,0,0,0,0,100,100,0,0.000000,0,8032,0.000000,0,0,0,0,108,8,0,8,100,4132,232,0,0,0,0,108,0,0,0,0,317,9400
2097,W1,1,1,5,5,0,0,0,0,0,0,0,100,100,0,0,0,0,0,100,100,0,0.000000,0,8032,0.000000,0,0,0,0,108,8,0,8,100,4132,232,0,0,0,0,108,0,0,0,0,309,9400
2098,W1,1,1,5,5,0,0,0,0,0,0,0,100,100,0,0,0,0,0,100,100,0,0.000000,0,8032,0.000000,0,0,0,0,108,8,0,8,100,4132,232,0,0,0,0,108,0,0,0,0,280,9400
2099,W1,1,1,5,5,0,0,0,0,0,0,0,100,100,0,0,0,0,0,100,100,0,0.000000,0,8032,0.000000,0,0,0,0,108,8,0,8,100,4132,232,0,0,0,0,108,0,0,0,0,301,9400
2100,W1,1,1,5,5,0,0,0,0,0,0,0,100,100,0,0,0,0,0,100,100,0,0.000000,0,8032,0.000000,0,0,0,0,108,8,0,8,100,4132,232,0,0,0,0,108,0,0,0,0,285,9400
2101,W1,1,1,5,5,0,0,0,0,0,0,0,100,100,0,0,0,0,0,100,100,0,0.000000,0,8032,0.000000,0,0,0,0,108,8,0,8,100,4132,232,0,0,0,0,108,0,0,0,0,279,9400
2102,W1,1,1,5,5,0,0,0,0,0,0,0,100,100,100,0,0,0,0,100,100,100,100.000000,1600,8032,19.920319,10,10,10,10,108,8,0,8,100,4132,232,0,0,0,0,108,0,0,0,0,304,9400
2103,W1,1,1,5,5,0,0,0,0,0,0,0,100,100,0,0,0,0,0,100,100,0,0.000000,0,8032,0.000000,0,0,0,0,108,8,0,8,100,4132,232,0,0,0,0,108,0,0,0,0,293,9400
2104,W1,1,1,5,5,0,0,0,0,0,0,0,100,100,0,0,0,0,0,100,100,0,0.000000,0,8032,0.000000,0,0,0,0,108,8,0,8,100,4132,232,0,0,0,0,108,0,0,0,0,275,9400
2105,W1,1,1,5,5,0,0,0,0,0,0,0,100,100,0,0,0,0,0,100,100,0,0.000000,0,8032,0.000000,0,0,0,0,108,8,0,8,100,4132,232,0,0,0,0,108,0,0,0,0,271,9400
2106,W1,1,1,5,5,0,0,0,0,0,0,0,100,100,0,0,0,0,0,100,100,0,0.000000,0,8032,0.000000,0,0,0,0,108,8,0,8,100,4132,232,0,0,0,0,108,0,0,0,0,279,9400
2107,W1,1,1,5,5,0,0,0,0,0,0,0,100,100,0,0,0,0,0,100,100,0,0.000000,0,8032,0.000000,0,0,0,0,108,8,0,8,100,4132,232,0,0,0,0,108,0,0,0,0,281,9400
2108,W1,1,1,5,5,0,0,0,0,0,0,0,100,100,0,0,0,0,0,100,100,0,0.000000,0,8032,0.000000,0,0,0,0,108,8,0,8,100,4132,232,0,0,0,0,108,0,0,0,0,306,9400
2109,W1,1,1,5,5,0,0,0,0,0,0,0,100,100,0,0,0,0,0,100,100,0,0.000000,0,8032,0.000000,0,0,0,0,108,8,0,8,100,4132,232,0,0,0,0,108,0,0,0,0,340,9400
2110,W1,1,1,5,5,0,0,0,0,0,0,0,100,100,0,0,0,0,0,100,100,0,0.000000,0,8032,0.000000,0,0,0,0,108,8,0,8,100,4132,232,0,0,0,0,108,0,0,0,0,317,9400
2111,W1,1,1,5,5,0,0,0,0,0,0,0,100,100,100,0,0,0,0,100,100,100,100.000000,1600,8032,19.920319,10,10,10,10,108,8,0,8,100,4132,232,0,0,0,0,108,0,0,0,0,289,9400
2112,W1,1,1,5,5,0,0,0,0,0,0,0,100,100,0,0,0,0,0,100,100,0,0.000000,0,8032,0.000000,0,0,0,0,108,8,0,8,100,4132,232,0,0,0,0,108,0,0,0,0,298,9400
2113,W1,1,1,5,5,0,0,0,0,0,0,0,100,100,0,0,0,0,0,100,100,0,0.000000,0,8032,0.000000,0,0,0,0,108,8,0,8,100,4132,232,0,0,0,0,108,0,0,0,0,300,9400
2114,W1,1,1,5,5,0,0,0,0,0,0,0,100,100,0,0,0,0,0,100,100,0,0.000000,0,8032,0.000000,0,0,0,0,108,8,0,8,100,4132,232,0,0,0,0,108,0,0,0,0,286,9400
2115,W1,1,1,5,5,0,0,0,0,0,0,0,100,100,0,0,0,0,0,100,100,0,0.000000,0,8032,0.000000,0,0,0,0,108,8,0,8,100,4132,232,0,0,0,0,108,0,0,0,0,294,9400
2116,W1,1,1,5,5,0,0,0,0,0,0,0,100,100,0,0,0,0,0,100,100,0,0.000000,0,8032,0.000000,0,0,0,0,108,8,0,8,100,4132,232,0,0,0,0,108,0,0,0,0,293,9400
2117,W1,1,1,5,5,0,0,0,0,0,0,0,100,100,0,0,0,0,0,100,100,0,0.000000,0,8032,0.000000,0,0,0,0,108,8,0,8,100,4132,232,0,0,0,0,108,0,0,0,0,287,9400
2118,W1,1,1,5,5,0,0,0,0,0,0,0,100,100,0,0,0,0,0,100,100,0,0.000000,0,8032,0.000000,0,0,0,0,108,8,0,8,100,4132,232,0,0,0,0,108,0,0,0,0,306,9400
2119,W1,1,1,5,5,0,0,0,0,0,0,0,100,100,0,0,0,0,0,100,100,0,0.000000,0,8032,0.000000,0,0,0,0,108,8,0,8,100,4132,232,0,0,0,0,108,0,0,0,0,274,9400
2120,W1,1,1,5,5,0,0,0,0,0,0,0,100,100,100,0,0,0,0,100,100,100,100.000000,1600,8032,19.920319,10,10,10,10,108,8,0,8,100,4132,232,0,0,0,0,108,0,0,0,0,296,9400
2121,W1,1,1,5,5,0,0,0,0,0,0,0,100,100,0,0,0,0,0,100,100,0,0.000000,0,8032,0.000000,0,0,0,0,108,8,0,8,100,4132,232,0,0,0,0,108,0,0,0,0,321,9400
2122,W1,1,1,5,5,0,0,0,0,0,0,0,100,100,0,0,0,0,0,100,100,0,0.000000,0,8032,0.000000,0,0,0,0,108,8,0,8,100,4132,232,0,0,0,0,108,0,0,0,0,304,9400
2123,W1,1,1,5,5,0,0,0,0,0,0,0,100,100,0,0,0,0,0,100,100,0,0.000000,0,8032,0.000000,0,0,0,0,108,8,0,8,100,4132,232,0,0,0,0,108,0,0,0,0,274,9400
2124,W1,1,1,5,5,0,0,0,0,0,0,0,100,100,0,0,0,0,0,100,100,0,0.000000,0,8032,0.000000,0,0,0,0,108,8,0,8,100,4132,232,0,0,0,0,108,0,0,0,0,283,9400
2125,W1,1,1,5,5,0,0,0,0,0,0,0,100,100,0,0,0,0,0,100,100,0,0.000000,0,8032,0.000000,0,0,0,0,108,8,0,8,100,4132,232,0,0,0,0,108,0,0,0,0,286,9400
2126,W1,1,1,5,5,0,0,0,0,0,0,0,100,100,0,0,0,0,0,100,100,0,0.000000,0,8032,0.000000,0,0,0,0,108,8,0,8,100,4132,232,0,0,0,0,108,0,0,0,0,276,9400
2127,W1,1,1,5,5,0,0,0,0,0,0,0,100,100,0,0,0,0,0,100,100,0,0.000000,0,8032,0.000000,0,0,0,0,108,8,0,8,100,4132,232,0,0,0,0,108,0,0,0,0,277,9400
2128,W1,1,1,5,5,0,0,0,0,0,0,0,100,100,0,0,0,0,0,100,100,0,0.000000,0,8032,0.000000,0,0,0,0,108,8,0,8,100,4132,232,0,0,0,0,108,0,0,0,0,275,9400
2129,W1,1,1,5,5,0,0,0,0,0,0,0,100,100,100,0,0,0,0,100,100,100,100.000000,1600,8032,19.920319,10,10,10,10,108,8,0,8,100,4132,232,0,0,0,0,108,0,0,0,0,282,9400
2130,W1,1,1,5,5,0,0,0,0,0,0,0,100,100,0,0,0,0,0,100,100,0,0.000000,0,8032,0.000000,0,0,0,0,108,8,0,8,100,4132,232,0,0,0,0,108,0,0,0,0,288,9400
2131,W1,1,1,5,5,0,0,0,0,0,0,0,100,100,0,0,0,0,0,100,100,0,0.000000,0,8032,0.000000,0,0,0,0,108,8,0,8,100,4132,232,0,0,0,0,108,0,0,0,0,293,9400
2132,W1,1,1,5,5,0,0,0,0,0,0,0,100,100,0,0,0,0,0,100,100,0,0.000000,0,8032,0.000000,0,0,0,0,108,8,0,8,100,4132,232,0,0,0,0,108,0,0,0,0,320,9400
2133,W1,1,1,5,5,0,0,0,0,0,0,0,100,100,0,0,0,0,0,100,100,0,0.000000,0,8032,0.000000,0,0,0,0,108,8,0,8,100,4132,232,0,0,0,0,108,0,0,0,0,283,9400
2134,W1,1,1,5,5,0,0,0,0,0,0,0,100,100,0,0,0,0,0,100,100,0,0.000000,0,8032,0.000000,0,0,0,0,108,8,0,8,100,4132,232,0,0,0,0,108,0,0,0,0,290,9400
2135,W1,1,1,5,5,0,0,0,0,0,0,0,100,100,0,0,0,0,0,100,100,0,0.000000,0,8032,0.000000,0,0,0,0,108,8,0,8,100,4132,232,0,0,0,0,108,0,0,0,0,289,9400
2136,W1,1,1,5,5,0,0,0,0,0,0,0,100,100,0,0,0,0,0,100,100,0,0.000000,0,8032,0.000000,0,0,0,0,108,8,0,8,100,4132,232,0,0,0,0,108,0,0,0,0,291,9400
2137,W1,1,1,5,5,0,0,0,0,0,0,0,100,100,0,0,0,0,0,100,100,0,0.000000,0,8032,0.000000,0,0,0,0,108,8,0,8,100,4132,232,0,0,0,0,108,0,0,0,0,283,9400
2138,W1,1,1,5,5,0,0,0,0,0,0,0,100,100,100,0,0,0,0,100,100,100,100.000000,1600,8032,19.920319,10,10,10,10,108,8,0,8,100,4132,232,0,0,0,0,108,0,0,0,0,316,9400
2139,W1,1,1,5,5,0,0,0,0,0,0,0,100,100,0,0,0,0,0,100,100,0,0.000000,0,8032,0.000000,0,0,0,0,108,8,0,8,100,4132,232,0,0,0,0,108,0,0,0,0,326,9400
2140,W1,1,1,5,5,0,0,0,0,0,0,0,100,100,0,0,0,0,0,100,100,0,0.000000,0,8032,0.000000,0,0,0,0,108,8,0,8,100,4132,232,0,0,0,0,108,0,0,0,0,308,9400
2141,W1,1,1,5,5,0,0,0,0,0,0,0,100,100,0,0,0,0,0,100,100,0,0.000000,0,8032,0.000000,0,0,0,0,108,8,0,8,100,4132,232,0,0,0,0,108,0,0,0,0,282,9400
2142,W1,1,1,5,5,0,0,0,0,0,0,0,100,100,0,0,0,0,0,100,100,0,0.000000,0,8032,0.000000,0,0,0,0,108,8,0,8,100,4132,232,0,0,0,0,108,0,0,0,0,330,9400
2143,W1,1,1,5,5,0,0,0,0,0,0,0,100,100,0,0,0,0,0,100,100,0,0.000000,0,8032,0.000000,0,0,0,0,108,8,0,8,100,4132,232,0,0,0,0,108,0,0,0,0,337,9400
2144,W1,1,1,5,5,0,0,0,0,0,0,0,100,100,0,0,0,0,0,100,100,0,0.000000,0,8032,0.000000,0,0,0,0,108,8,0,8,100,4132,232,0,0,0,0,108,0,0,0,0,291,9400
2145,W1,1,1,5,5,0,0,0,0,0,0,0,100,100,0,0,0,0,0,100,100,0,0.000000,0,8032,0.000000,0,0,0,0,108,8,0,8,100,4132,232,0,0,0,0,108,0,0,0,0,293,9400
2146,W1,1,1,5,5,0,0,0,0,0,0,0,100,100,0,0,0,0,0,100,100,0,0.000000,0,8032,0.000000,0,0,0,0,108,8,0,8,100,4132,232,0,0,0,0,108,0,0,0,0,299,9400
2147,W1,1,1,5,5,0,0,0,0,0,0,0,100,100,100,0,0,0,0,100,100,100,100.000000,1600,8032,19.920319,10,10,10,10,108,8,0,8,100,4132,232,0,0,0,0,108,0,0,0,0,306,9400
2148,W1,1,1,5,5,0,0,0,0,0,0,0,100,100,0,0,0,0,0,100,100,0,0.000000,0,8032,0.000000,0,0,0,0,108,8,0,8,100,4132,232,0,0,0,0,108,0,0,0,0,315,9400
2149,W1,1,1,5,5,0,0,0,0,0,0,0,100,100,0,0,0,0,0,100,100,0,0.000000,0,8032,0.000000,0,0,0,0,108,8,0,8,100,4132,232,0,0,0,0,108,0,0,0,0,285,9400
2150,W1,1,1,5,5,0,0,0,0,0,0,0,100,100,0,0,0,0,0,100,100,0,0.000000,0,8032,0.000000,0,0,0,0,108,8,0,8,100,4132,232,0,0,0,0,108,0,0,0,0,342,9400
2151,W1,1,1,5,5,0,0,0,0,0,0,0,100,100,0,0,0,0,0,100,100,0,0.000000,0,8032,0.000000,0,0,0,0,108,8,0,8,100,4132,232,0,0,0,0,108,0,0,0,0,289,9400
2152,W1,1,1,5,5,0,0,0,0,0,0,0,100,100,0,0,0,0,0,100,100,0,0.000000,0,8032,0.000000,0,0,0,0,108,8,0,8,100,4132,232,0,0,0,0,108,0,0,0,0,302,9400
2153,W1,1,1,5,5,0,0,0,0,0,0,0,100,100,0,0,0,0,0,100,100,0,0.000000,0,8032,0.000000,0,0,0,0,108,8,0,8,100,4132,232,0,0,0,0,108,0,0,0,0,288,9400
2154,W1,1,1,5,5,0,0,0,0,0,0,0,100,100,0,0,0,0,0,100,100,0,0.000000,0,8032,0.000000,0,0,0,0,108,8,0,8,100,4132,232,0,0,0,0,108,0,0,0,0,287,9400
2155,W1,1,1,5,5,0,0,0,0,0,0,0,100,100,0,0,0,0,0,100,100,0,0.000000,0,8032,0.000000,0,0,0,0,108,8,0,8,100,4132,232,0,0,0,0,108,0,0,0,0,289,9400
2156,W1,1,1,5,5,0,0,0,0,0,0,0,100,100,100,0,0,0,0,100,100,100,100.000000,1600,8032,19.920319,10,10,10,10,108,8,0,8,100,4132,232,0,0,0,0,108,0,0,0,0,298,9400
2157,W1,1,1,5,5,0,0,0,0,0,0,0,100,100,0,0,0,0,0,100,100,0,0.000000,0,8032,0.000000,0,0,0,0,108,8,0,8,100,4132,232,0,0,0,0,108,0,0,0,0,303,9400
2158,W1,1,1,5,5,0,0,0,0,0,0,0,100,100,0,0,0,0,0,100,100,0,0.000000,0,8032,0.000000,0,0,0,0,108,8,0,8,100,4132,232,0,0,0,0,108,0,0,0,0,290,9400
2159,W1,1,1,5,5,0,0,0,0,0,0,0,100,100,0,0,0,0,0,100,100,0,0.000000,0,8032,0.000000,0,0,0,0,108,8,0,8,100,4132,232,0,0,0,0,108,0,0,0,0,273,9400
2160,W1,1,1,5,5,0,0,0,0,0,0,0,100,100,0,0,0,0,0,100,100,0,0.000000,0,8032,0.000000,0,0,0,0,108,8,0,8,100,4132,232,0,0,0,0,108,0,0,0,0,308,9400
2161,W1,1,1,5,5,0,0,0,0,0,0,0,100,100,0,0,0,0,0,100,100,0,0.000000,0,8032,0.000000,0,0,0,0,108,8,0,8,100,4132,232,0,0,0,0,108,0,0,0,0,286,9400
2162,W1,1,1,5,5,0,0,0,0,0,0,0,100,100,0,0,0,0,0,100,100,0,0.000000,0,8032,0.000000,0,0,0,0,108,8,0,8,100,4132,232,0,0,0,0,108,0,0,0,0,291,9400
2163,W1,1,1,5,5,0,0,0,0,0,0,0,100,100,0,0,0,0,0,100,100,0,0.000000,0,8032,0.000000,0,0,0,0,108,8,0,8,100,4132,232,0,0,0,0,108,0,0,0,0,275,9400
2164,W1,1,1,5,5,0,0,0,0,0,0,0,100,100,0,0,0,0,0,100,100,0,0.000000,0,8032,0.000000,0,0,0,0,108,8,0,8,100,4132,232,0,0,0,0,108,0,0,0,0,290,9400
2165,W1,1,1,5,5,0,0,0,0,0,0,0,100,100,100,0,0,0,0,100,100,100,100.000000,1600,8032,19.920319,10,10,10,10,108,8,0,8,100,4132,232,0,0,0,0,108,0,0,0,0,310,9400
2166,W1,1,1,5,5,0,0,0,0,0,0,0,100,100,0,0,0,0,0,100,100,0,0.000000,0,8032,0.000000,0,0,0,0,108,8,0,8,100,4132,232,0,0,0,0,108,0,0,0,0,276,9400
2167,W1,1,1,5,5,0,0,0,0,0,0,0,100,100,0,0,0,0,0,100,100,0,0.000000,0,8032,0.000000,0,0,0,0,108,8,0,8,100,4132,232,0,0,0,0,108,0,0,0,0,268,9400
2168,W1,1,1,5,5,0,0,0,0,0,0,0,100,100,0,0,0,0,0,100,100,0,0.000000,0,8032,0.000000,0,0,0,0,108,8,0,8,100,4132,232,0,0,0,0,108,0,0,0,0,276,9400
2169,W1,1,1,5,5,0,0,0,0,0,0,0,100,100,0,0,0,0,0,100,100,0,0.000000,0,8032,0.000000,0,0,0,0,108,8,0,8,100,4132,232,0,0,0,0,108,0,0,0,0,274,9400
2170,W1,1,1,5,5,0,0,0,0,0,0,0,100,100,0,0,0,0,0,100,100,0,0.000000,0,8032,0.000000,0,0,0,0,108,8,0,8,100,4132,232,0,0,0,0,108,0,0,0,0,281,9400
2171,W1,1,1,5,5,0,0,0,0,0,0,0,100,100,0,0,0,0,0,100,100,0,0.000000,0,8032,0.000000,0,0,0,0,108,8,0,8,100,4132,232,0,0,0,0,108,0,0,0,0,296,9400
2172,W1,1,1,5,5,0,0,0,0,0,0,0,100,100,0,0,0,0,0,100,100,0,0.000000,0,8032,0.000000,0,0,0,0,108,8,0,8,100,4132,232,0,0,0,0,108,0,0,0,0,274,9400
2173,W1,1,1,5,5,0,0,0,0,0,0,0,100,100,0,0,0,0,0,100,100,0,0.000000,0,8032,0.000000,0,0,0,0,108,8,0,8,100,4132,232,0,0,0,0,108,0,0,0,0,277,9400
2174,W1,1,1,5,5,0,0,0,0,0,0,0,100,100,100,0,0,0,0,100,100,100,100.000000,1600,8032,19.920319,10,10,10,10,108,8,0,8,100,4132,232,0,0,0,0,108,0,0,0,0,312,9400
2175,W1,1,1,5,5,0,0,0,0,0,0,0,100,100,0,0,0,0,0,100,100,0,0.000000,0,8032,0.000000,0,0,0,0,108,8,0,8,100,4132,232,0,0,0,0,108,0,0,0,0,297,9400
2176,W1,1,1,5,5,0,0,0,0,0,0,0,100,100,0,0,0,0,0,100,100,0,0.000000,0,8032,0.000000,0,0,0,0,108,8,0,8,100,4132,232,0,0,0,0,108,0,0,0,0,288,9400
2177,W1,1,1,5,5,0,0,0,0,0,0,0,100,100,0,0,0,0,0,100,100,0,0.000000,0,8032,0.000000,0,0,0,0,108,8,0,8,100,4132,232,0,0,0,0,108,0,0,0,0,285,9400
2178,W1,1,1,5,5,0,0,0,0,0,0,0,100,100,0,0,0,0,0,100,100,0,0.000000,0,8032,0.000000,0,0,0,0,108,8,0,8,100,4132,232,0,0,0,0,108,0,0,0,0,308,9400
2179,W1,1,1,5,5,0,0,0,0,0,0,0,100,100,0,0,0,0,0,100,100,0,0.000000,0,8032,0.000000,0,0,0,0,108,8,0,8,100,4132,232,0,0,0,0,108,0,0,0,0,278,9400
2180,W1,1,1,5,5,0,0,0,0,0,0,0,100,100,0,0,0,0,0,100,100,0,0.000000,0,8032,0.000000,0,0,0,0,108,8,0,8,100,4132,232,0,0,0,0,108,0,0,0,0,296,9400
2181,W1,1,1,5,5,0,0,0,0,0,0,0,100,100,0,0,0,0,0,100,100,0,0.000000,0,8032,0.000000,0,0,0,0,108,8,0,8,100,4132,232,0,0,0,0,108,0,0,0,0,272,9400
2182,W1,1,1,5,5,0,0,0,0,0,0,0,100,100,0,0,0,0,0,100,100,0,0.000000,0,8032,0.000000,0,0,0,0,108,8,0,8,100,4132,232,0,0,0,0,108,0,0,0,0,335,9400
2183,W1,1,1,5,5,0,0,0,0,0,0,0,100,100,100,0,0,0,0,100,100,100,100.000000,1600,8032,19.920319,10,10,10,10,108,8,0,8,100,4132,232,0,0,0,0,108,0,0,0,0,304,9400
2184,W1,1,1,5,5,0,0,0,0,0,0,0,100,100,0,0,0,0,0,100,100,0,0.000000,0,8032,0.000000,0,0,0,0,108,8,0,8,100,4132,232,0,0,0,0,108,0,0,0,0,299,9400
2185,W1,1,1,5,5,0,0,0,0,0,0,0,100,100,0,0,0,0,0,100,100,0,0.000000,0,8032,0.000000,0,0,0,0,108,8,0,8,100,4132,232,0,0,0,0,108,0,0,0,0,302,9400
2186,W1,1,1,5,5,0,0,0,0,0,0,0,100,100,0,0,0,0,0,100,100,0,0.000000,0,8032,0.000000,0,0,0,0,108,8,0,8,100,4132,232,0,0,0,0,108,0,0,0,0,271,9400
2187,W1,1,1,5,5,0,0,0,0,0,0,0,100,100,0,0,0,0,0,100,100,0,0.000000,0,8032,0.000000,0,0,0,0,108,8,0,8,100,4132,232,0,0,0,0,108,0,0,0,0,278,9400
2188,W1,1,1,5,5,0,0,0,0,0,0,0,100,100,0,0,0,0,0,100,100,0,0.000000,0,8032,0.000000,0,0,0,0,108,8,0,8,100,4132,232,0,0,0,0,108,0,0,0,0,287,9400
2189,W1,1,1,5,5,0,0,0,0,0,0,0,100,100,0,0,0,0,0,100,100,0,0.000000,0,8032,0.000000,0,0,0,0,108,8,0,8,100,4132,232,0,0,0,0,108,0,0,0,0,267,9400
2190,W1,1,1,5,5,0,0,0,0,0,0,0,100,100,0,0,0,0,0,100,100,0,0.000000,0,8032,0.000000,0,0,0,0,108,8,0,8,100,4132,232,0,0,0,0,108,0,0,0,0,277,9400
2191,W1,1,1,5,5,0,0,0,0,0,0,0,100,100,0,0,0,0,0,100,100,0,0.000000,0,8032,0.000000,0,0,0,0,108,8,0,8,100,4132,232,0,0,0,0,108,0,0,0,0,271,9400
2192,W1,1,1,5,5,0,0,0,0,0,0,0,100,100,100,0,0,0,0,100,100,100,100.000000,1600,8032,19.920319,10,10,10,10,108,8,0,8,100,4132,232,0,0,0,0,108,0,0,0,0,285,9400
2193,W1,1,1,5,5,0,0,0,0,0,0,0,100,100,0,0,0,0,0,100,100,0,0.000000,0,8032,0.000000,0,0,0,0,108,8,0,8,100,4132,232,0,0,0,0,108,0,0,0,0,276,9400
2194,W1,1,1,5,5,0,0,0,0,0,0,0,100,100,0,0,0,0,0,100,100,0,0.000000,0,8032,0.000000,0,0,0,0,108,8,0,8,100,4132,232,0,0,0,0,108,0,0,0,0,273,9400
2195,W1,1,1,5,5,0,0,0,0,0,0,0,100,100,0,0,0,0,0,100,100,0,0.000000,0,8032,0.000000,0,0,0,0,108,8,0,8,100,4132,232,0,0,0,0,108,0,0,0,0,275,9400
2196,W1,1,1,5,5,0,0,0,0,0,0,0,100,100,0,0,0,0,0,100,100,0,0.000000,0,8032,0.000000,0,0,0,0,108,8,0,8,100,4132,232,0,0,0,0,108,0,0,0,0,280,9400
2197,W1,1,1,5,5,0,0,0,0,0,0,0,100,100,0,0,0,0,0,100,100,0,0.000000,0,8032,0.000000,0,0,0,0,108,8,0,8,100,4132,232,0,0,0,0,108,0,0,0,0,267,9400
2198,W1,1,1,5,5,0,0,0,0,0,0,0,100,100,0,0,0,0,0,100,100,0,0.000000,0,8032,0.000000,0,0,0,0,108,8,0,8,100,4132,232,0,0,0,0,108,0,0,0,0,280,9400
2199,W1,1,1,5,5,0,0,0,0,0,0,0,100,100,0,0,0,0,0,100,100,0,0.000000,0,8032,0.000000,0,0,0,0,108,8,0,8,100,4132,232,0,0,0,0,108,0,0,0,0,277,9400
2200,W1,1,1,5,5,0,0,0,0,0,0,0,100,100,0,0,0,0,0,100,100,0,0.000000,0,8032,0.000000,0,0,0,0,108,8,0,8,100,4132,232,0,0,0,0,108,0,0,0,0,284,9400
2201,W1,1,1,5,5,0,0,0,0,0,0,0,100,100,100,0,0,0,0,100,100,100,100.000000,1600,8032,19.920319,10,10,10,10,108,8,0,8,100,4132,232,0,0,0,0,108,0,0,0,0,269,9400
2202,W1,1,1,5,5,0,0,0,0,0,0,0,100,100,0,0,0,0,0,100,100,0,0.000000,0,8032,0.000000,0,0,0,0,108,8,0,8,100,4132,232,0,0,0,0,108,0,0,0,0,294,9400
2203,W1,1,1,5,5,0,0,0,0,0,0,0,100,100,0,0,0,0,0,100,100,0,0.000000,0,8032,0.000000,0,0,0,0,108,8,0,8,100,4132,232,0,0,0,0,108,0,0,0,0,270,9400
2204,W1,1,1,5,5,0,0,0,0,0,0,0,100,100,0,0,0,0,0,100,100,0,0.000000,0,8032,0.000000,0,0,0,0,108,8,0,8,100,4132,232,0,0,0,0,108,0,0,0,0,272,9400
2205,W1,1,1,5,5,0,0,0,0,0,0,0,100,100,0,0,0,0,0,100,100,0,0.000000,0,8032,0.000000,0,0,0,0,108,8,0,8,100,4132,232,0,0,0,0,108,0,0,0,0,297,9400
2206,W1,1,1,5,5,0,0,0,0,0,0,0,100,100,0,0,0,0,0,100,100,0,0.000000,0,8032,0.000000,0,0,0,0,108,8,0,8,100,4132,232,0,0,0,0,108,0,0,0,0,287,9400
2207,W1,1,1,5,5,0,0,0,0,0,0,0,100,100,0,0,0,0,0,100,100,0,0.000000,0,8032,0.000000,0,0,0,0,108,8,0,8,100,4132,232,0,0,0,0,108,0,0,0,0,294,9400
2208,W1,1,1,5,5,0,0,0,0,0,0,0,100,100,0,0,0,0,0,100,100,0,0.000000,0,8032,0.000000,0,0,0,0,108,8,0,8,100,4132,232,0,0,0,0,108,0,0,0,0,315,9400
2209,W1,1,1,5,5,0,0,0,0,0,0,0,100,100,0,0,0,0,0,100,100,0,0.000000,0,8032,0.000000,0,0,0,0,108,8,0,8,100,4132,232,0,0,0,0,108,0,0,0,0,296,9400
2210,W1,1,1,5,5,0,0,0,0,0,0,0,100,100,100,0,0,0,0,100,100,100,100.000000,1600,8032,19.920319,10,10,10,10,108,8,0,8,100,4132,232,0,0,0,0,108,0,0,0,0,310,9400
2211,W1,1,1,5,5,0,0,0,0,0,0,0,100,100,0,0,0,0,0,100,100,0,0.000000,0,8032,0.000000,0,0,0,0,108,8,0,8,100,4132,232,0,0,0,0,108,0,0,0,0,301,9400
2212,W1,1,1,5,5,0,0,0,0,0,0,0,100,100,0,0,0,0,0,100,100,0,0.000000,0,8032,0.000000,0,0,0,0,108,8,0,8,100,4132,232,0,0,0,0,108,0,0,0,0,294,9400
2213,W1,1,1,5,5,0,0,0,0,0,0,0,100,100,0,0,0,0,0,100,100,0,0.000000,0,8032,0.000000,0,0,0,0,108,8,0,8,100,4132,232,0,0,0,0,108,0,0,0,0,297,9400
2214,W1,1,1,5,5,0,0,0,0,0,0,0,100,100,0,0,0,0,0,100,100,0,0.000000,0,8032,0.000000,0,0,0,0,108,8,0,8,100,4132,232,0,0,0,0,108,0,0,0,0,290,9400
2215,W1,1,1,5,5,0,0,0,0,0,0,0,100,100,0,0,0,0,0,100,100,0,0.000000,0,8032,0.000000,0,0,0,0,108,8,0,8,100,4132,232,0,0,0,0,108,0,0,0,0,281,9400
2216,W1,1,1,5,5,0,0,0,0,0,0,0,100,100,0,0,0,0,0,100,100,0,0.000000,0,8032,0.000000,0,0,0,0,108,8,0,8,100,4132,232,0,0,0,0,108,0,0,0,0,291,9400
2217,W1,1,1,5,5,0,0,0,0,0,0,0,100,100,0,0,0,0,0,100,100,0,0.000000,0,8032,0.000000,0,0,0,0,108,8,0,8,100,4132,232,0,0,0,0,108,0,0,0,0,292,9400
2218,W1,1,1,5,5,0,0,0,0,0,0,0,100,100,0,0,0,0,0,100,100,0,0.000000,0,8032,0.000000,0,0,0,0,108,8,0,8,100,4132,232,0,0,0,0,108,0,0,0,0,295,9400
2219,W1,1,1,5,5,0,0,0,0,0,0,0,100,100,100,0,0,0,0,100,100,100,100.000000,1600,8032,19.920319,10,10,10,10,108,8,0,8,100,4132,232,0,0,0,0,108,0,0,0,0,282,9400
2220,W1,1,1,5,5,0,0,0,0,0,0,0,100,100,0,0,0,0,0,100,100,0,0.000000,0,8032,0.000000,0,0,0,0,108,8,0,8,100,4132,232,0,0,0,0,108,0,0,0,0,329,9400
2221,W1,1,1,5,5,0,0,0,0,0,0,0,100,100,0,0,0,0,0,100,100,0,0.000000,0,8032,0.000000,0,0,0,0,108,8,0,8,100,4132,232,0,0,0,0,108,0,0,0,0,277,9400
2222,W1,1,1,5,5,0,0,0,0,0,0,0,100,100,0,0,0,0,0,100,100,0,0.000000,0,8032,0.000000,0,0,0,0,108,8,0,8,100,4132,232,0,0,0,0,108,0,0,0,0,297,9400
2223,W1,1,1,5,5,0,0,0,0,0,0,0,100,100,0,0,0,0,0,100,100,0,0.000000,0,8032,0.000000,0,0,0,0,108,8,0,8,100,4132,232,0,0,0,0,108,0,0,0,0,279,9400
2224,W1,1,1,5,5,0,0,0,0,0,0,0,100,100,0,0,0,0,0,100,100,0,0.000000,0,8032,0.000000,0,0,0,0,108,8,0,8,100,4132,232,0,0,0,0,108,0,0,0,0,291,9400
2225,W1,1,1,5,5,0,0,0,0,0,0,0,100,100,0,0,0,0,0,100,100,0,0.000000,0,8032,0.000000,0,0,0,0,108,8,0,8,100,4132,232,0,0,0,0,108,0,0,0,0,303,9400
2226,W1,1,1,5,5,0,0,0,0,0,0,0,100,100,0,0,0,0,0,100,100,0,0.000000,0,8032,0.000000,0,0,0,0,108,8,0,8,100,4132,232,0,0,0,0,108,0,0,0,0,283,9400
2227,W1,1,1,5,5,0,0,0,0,0,0,0,100,100,0,0,0,0,0,100,100,0,0.000000,0,8032,0.000000,0,0,0,0,108,8,0,8,100,4132,232,0,0,0,0,108,0,0,0,0,299,9400
2228,W1,1,1,5,5,0,0,0,0,0,0,0,100,100,100,0,0,0,0,100,100,100,100.000000,1600,8032,19.920319,10,10,10,10,108,8,0,8,100,4132,232,0,0,0,0,108,0,0,0,0,283,9400
2229,W1,1,1,5,5,0,0,0,0,0,0,0,100,100,0,0,0,0,0,100,100,0,0.000000,0,8032,0.000000,0,0,0,0,108,8,0,8,100,4132,232,0,0,0,0,108,0,0,0,0,269,9400
2230,W1,1,1,5,5,0,0,0,0,0,0,0,100,100,0,0,0,0,0,100,100,0,0.000000,0,8032,0.000000,0,0,0,0,108,8,0,8,100,4132,232,0,0,0,0,108,0,0,0,0,278,9400
2231,W1,1,1,5,5,0,0,0,0,0,0,0,100,100,0,0,0,0,0,100,100,0,0.000000,0,8032,0.000000,0,0,0,0,108,8,0,8,100,4132,232,0,0,0,0,108,0,0,0,0,332,9400
2232,W1,1,1,5,5,0,0,0,0,0,0,0,100,100,0,0,0,0,0,100,100,0,0.000000,0,8032,0.000000,0,0,0,0,108,8,0,8,100,4132,232,0,0,0,0,108,0,0,0,0,319,9400
2233,W1,1,1,5,5,0,0,0,0,0,0,0,100,100,0,0,0,0,0,100,100,0,0.000000,0,8032,0.000000,0,0,0,0,108,8,0,8,100,4132,232,0,0,0,0,108,0,0,0,0,278,9400
2234,W1,1,1,5,5,0,0,0,0,0,0,0,100,100,0,0,0,0,0,100,100,0,0.000000,0,8032,0.000000,0,0,0,0,108,8,0,8,100,4132,232,0,0,0,0,108,0,0,0,0,300,9400
2235,W1,1,1,5,5,0,0,0,0,0,0,0,100,100,0,0,0,0,0,100,100,0,0.000000,0,8032,0.000000,0,0,0,0,108,8,0,8,100,4132,232,0,0,0,0,108,0,0,0,0,287,9400
2236,W1,1,1,5,5,0,0,0,0,0,0,0,100,100,0,0,0,0,0,100,100,0,0.000000,0,8032,0.000000,0,0,0,0,108,8,0,8,100,4132,232,0,0,0,0,108,0,0,0,0,284,9400
2237,W1,1,1,5,5,0,0,0,0,0,0,0,100,100,100,0,0,0,0,100,100,100,100.000000,1600,8032,19.920319,10,10,10,10,108,8,0,8,100,4132,232,0,0,0,0,108,0,0,0,0,307,9400
2238,W1,1,1,5,5,0,0,0,0,0,0,0,100,100,0,0,0,0,0,100,100,0,0.000000,0,8032,0.000000,0,0,0,0,108,8,0,8,100,4132,232,0,0,0,0,108,0,0,0,0,304,9400
2239,W1,1,1,5,5,0,0,0,0,0,0,0,100,100,0,0,0,0,0,100,100,0,0.000000,0,8032,0.000000,0,0,0,0,108,8,0,8,100,4132,232,0,0,0,0,108,0,0,0,0,291,9400
2240,W1,1,1,5,5,0,0,0,0,0,0,0,100,100,0,0,0,0,0,100,100,0,0.000000,0,8032,0.000000,0,0,0,0,108,8,0,8,100,4132,232,0,0,0,0,108,0,0,0,0,336,9400
2241,W1,1,1,5,5,0,0,0,0,0,0,0,100,100,0,0,0,0,0,100,100,0,0.000000,0,8032,0.000000,0,0,0,0,108,8,0,8,100,4132,232,0,0,0,0,108,0,0,0,0,303,9400
2242,W1,1,1,5,5,0,0,0,0,0,0,0,100,100,0,0,0,0,0,100,100,0,0.000000,0,8032,0.000000,0,0,0,0,108,8,0,8,100,4132,232,0,0,0,0,108,0,0,0,0,281,9400
2243,W1,1,1,5,5,0,0,0,0,0,0,0,100,100,0,0,0,0,0,100,100,0,0.000000,0,8032,0.000000,0,0,0,0,108,8,0,8,100,4132,232,0,0,0,0,108,0,0,0,0,338,9400
2244,W1,1,1,5,5,0,0,0,0,0,0,0,100,100,0,0,0,0,0,100,100,0,0.000000,0,8032,0.000000,0,0,0,0,108,8,0,8,100,4132,232,0,0,0,0,108,0,0,0,0,274,9400
2245,W1,1,1,5,5,0,0,0,0,0,0,0,100,100,0,0,0,0,0,100,100,0,0.000000,0,8032,0.000000,0,0,0,0,108,8,0,8,100,4132,232,0,0,0,0,108,0,0,0,0,303,9400
2246,W1,1,1,5,5,0,0,0,0,0,0,0,100,100,100,0,0,0,0,100,100,100,100.000000,1600,8032,19.920319,10,10,10,10,108,8,0,8,100,4132,232,0,0,0,0,108,0,0,0,0,305,9400
2247,W1,1,1,5,5,0,0,0,0,0,0,0,100,100,0,0,0,0,0,100,100,0,0.000000,0,8032,0.000000,0,0,0,0,108,8,0,8,100,4132,232,0,0,0,0,108,0,0,0,0,285,9400
2248,W1,1,1,5,5,0,0,0,0,0,0,0,100,100,0,0,0,0,0,100,100,0,0.000000,0,8032,0.000000,0,0,0,0,108,8,0,8,100,4132,232,0,0,0,0,108,0,0,0,0,279,9400
2249,W1,1,1,5,5,0,0,0,0,0,0,0,100,100,0,0,0,0,0,100,100,0,0.000000,0,8032,0.000000,0,0,0,0,108,8,0,8,100,4132,232,0,0,0,0,108,0,0,0,0,282,9400
2250,W1,1,1,5,5,0,0,0,0,0,0,0,100,100,0,0,0,0,0,100,100,0,0.000000,0,8032,0.000000,0,0,0,0,108,8,0,8,100,4132,232,0,0,0,0,108,0,0,0,0,277,9400
2251,W1,1,1,5,5,0,0,0,0,0,0,0,100,100,0,0,0,0,0,100,100,0,0.000000,0,8032,0.000000,0,0,0,0,108,8,0,8,100,4132,232,0,0,0,0,108,0,0,0,0,282,9400
2252,W1,1,1,5,5,0,0,0,0,0,0,0,100,100,0,0,0,0,0,100,100,0,0.000000,0,8032,0.000000,0,0,0,0,108,8,0,8,100,4132,232,0,0,0,0,108,0,0,0,0,273,9400
2253,W1,1,1,5,5,0,0,0,0,0,0,0,100,100,0,0,0,0,0,100,100,0,0.000000,0,8032,0.000000,0,0,0,0,108,8,0,8,100,4132,232,0,0,0,0,108,0,0,0,0,275,9400
2254,W1,1,1,5,5,0,0,0,0,0,0,0,100,100,0,0,0,0,0,100,100,0,0.000000,0,8032,0.000000,0,0,0,0,108,8,0,8,100,4132,232,0,0,0,0,108,0,0,0,0,295,9400
2255,W1,1,1,5,5,0,0,0,0,0,0,0,100,100,100,0,0,0,0,100,100,100,100.000000,1600,8032,19.920319,10,10,10,10,108,8,0,8,100,4132,232,0,0,0,0,108,0,0,0,0,305,9400
2256,W1,1,1,5,5,0,0,0,0,0,0,0,100,100,0,0,0,0,0,100,100,0,0.000000,0,8032,0.000000,0,0,0,0,108,8,0,8,100,4132,232,0,0,0,0,108,0,0,0,0,279,9400
2257,W1,1,1,5,5,0,0,0,0,0,0,0,100,100,0,0,0,0,0,100,100,0,0.000000,0,8032,0.000000,0,0,0,0,108,8,0,8,100,4132,232,0,0,0,0,108,0,0,0,0,275,9400
2258,W1,1,1,5,5,0,0,0,0,0,0,0,100,100,0,0,0,0,0,100,100,0,0.000000,0,8032,0.000000,0,0,0,0,108,8,0,8,100,4132,232,0,0,0,0,108,0,0,0,0,273,9400
2259,W1,1,1,5,5,0,0,0,0,0,0,0,100,100,0,0,0,0,0,100,100,0,0.000000,0,8032,0.000000,0,0,0,0,108,8,0,8,100,4132,232,0,0,0,0,108,0,0,0,0,335,9400
2260,W1,1,1,5,5,0,0,0,0,0,0,0,100,100,0,0,0,0,0,100,100,0,0.000000,0,8032,0.000000,0,0,0,0,108,8,0,8,100,4132,232,0,0,0,0,108,0,0,0,0,358,9400
2261,W1,1,1,5,5,0,0,0,0,0,0,0,100,100,0,0,0,0,0,100,100,0,0.000000,0,8032,0.000000,0,0,0,0,108,8,0,8,100,4132,232,0,0,0,0,108,0,0,0,0,275,9400
2262,W1,1,1,5,5,0,0,0,0,0,0,0,100,100,0,0,0,0,0,100,100,0,0.000000,0,8032,0.000000,0,0,0,0,108,8,0,8,100,4132,232,0,0,0,0,108,0,0,0,0,317,9400
2263,W1,1,1,5,5,0,0,0,0,0,0,0,100,100,0,0,0,0,0,100,100,0,0.000000,0,8032,0.000000,0,0,0,0,108,8,0,8,100,4132,232,0,0,0,0,108,0,0,0,0,277,9400
2264,W1,1,1,5,5,0,0,0,0,0,0,0,100,100,100,0,0,0,0,100,100,100,100.000000,1600,8032,19.920319,10,10,10,10,108,8,0,8,100,4132,232,0,0,0,0,108,0,0,0,0,310,9400
2265,W1,1,1,5,5,0,0,0,0,0,0,0,100,100,0,0,0,0,0,100,100,0,0.000000,0,8032,0.000000,0,0,0,0,108,8,0,8,100,4132,232,0,0,0,0,108,0,0,0,0,293,9400
2266,W1,1,1,5,5,0,0,0,0,0,0,0,100,100,0,0,0,0,0,100,100,0,0.000000,0,8032,0.000000,0,0,0,0,108,8,0,8,100,4132,232,0,0,0,0,108,0,0,0,0,280,9400
2267,W1,1,1,5,5,0,0,0,0,0,0,0,100,100,0,0,0,0,0,100,100,0,0.000000,0,8032,0.000000,0,0,0,0,108,8,0,8,100,4132,232,0,0,0,0,108,0,0,0,0,273,9400
2268,W1,1,1,5,5,0,0,0,0,0,0,0,100,100,0,0,0,0,0,100,100,0,0.000000,0,8032,0.000000,0,0,0,0,108,8,0,8,100,4132,232,0,0,0,0,108,0,0,0,0,270,9400
2269,W1,1,1,5,5,0,0,0,0,0,0,0,100,100,0,0,0,0,0,100,100,0,0.000000,0,8032,0.000000,0,0,0,0,108,8,0,8,100,4132,232,0,0,0,0,108,0,0,0,0,293,9400
2270,W1,1,1,5,5,0,0,0,0,0,0,0,100,100,0,0,0,0,0,100,100,0,0.000000,0,8032,0.000000,0,0,0,0,108,8,0,8,100,4132,232,0,0,0,0,108,0,0,0,0,290,9400
2271,W1,1,1,5,5,0,0,0,0,0,0,0,100,100,0,0,0,0,0,100,100,0,0.000000,0,8032,0.000000,0,0,0,0,108,8,0,8,100,4132,232,0,0,0,0,108,0,0,0,0,291,9400
2272,W1,1,1,5,5,0,0,0,0,0,0,0,100,100,0,0,0,0,0,100,100,0,0.000000,0,8032,0.000000,0,0,0,0,108,8,0,8,100,4132,232,0,0,0,0,108,0,0,0,0,316,9400
2273,W1,1,1,5,5,0,0,0,0,0,0,0,100,100,100,0,0,0,0,100,100,100,100.000000,1600,8032,19.920319,10,10,10,10,108,8,0,8,100,4132,232,0,0,0,0,108,0,0,0,0,273,9400
2274,W1,1,1,5,5,0,0,0,0,0,0,0,100,100,0,0,0,0,0,100,100,0,0.000000,0,8032,0.000000,0,0,0,0,108,8,0,8,100,4132,232,0,0,0,0,108,0,0,0,0,297,9400
2275,W1,1,1,5,5,0,0,0,0,0,0,0,100,100,0,0,0,0,0,100,100,0,0.000000,0,8032,0.000000,0,0,0,0,108,8,0,8,100,4132,232,0,0,0,0,108,0,0,0,0,314,9400
2276,W1,1,1,5,5,0,0,0,0,0,0,0,100,100,0,0,0,0,0,100,100,0,0.000000,0,8032,0.000000,0,0,0,0,108,8,0,8,100,4132,232,0,0,0,0,108,0,0,0,0,301,9400
2277,W1,1,1,5,5,0,0,0,0,0,0,0,100,100,0,0,0,0,0,100,100,0,0.000000,0,8032,0.000000,0,0,0,0,108,8,0,8,100,4132,232,0,0,0,0,108,0,0,0,0,299,9400
2278,W1,1,1,5,5,0,0,0,0,0,0,0,100,100,0,0,0,0,0,100,100,0,0.000000,0,8032,0.000000,0,0,0,0,108,8,0,8,100,4132,232,0,0,0,0,108,0,0,0,0,288,9400
2279,W1,1,1,5,5,0,0,0,0,0,0,0,100,100,0,0,0,0,0,100,100,0,0.000000,0,8032,0.000000,0,0,0,0,108,8,0,8,100,4132,232,0,0,0,0,108,0,0,0,0,301,9400
2280,W1,1,1,5,5,0,0,0,0,0,0,0,100,100,0,0,0,0,0,100,100,0,0.000000,0,8032,0.000000,0,0,0,0,108,8,0,8,100,4132,232,0,0,0,0,108,0,0,0,0,314,9400
2281,W1,1,1,5,5,0,0,0,0,0,0,0,100,100,0,0,0,0,0,100,100,0,0.000000,0,8032,0.000000,0,0,0,0,108,8,0,8,100,4132,232,0,0,0,0,108,0,0,0,0,325,9400
2282,W1,1,1,5,5,0,0,0,0,0,0,0,100,100,100,0,0,0,0,100,100,100,100.000000,1600,8032,19.920319,10,10,10,10,108,8,0,8,100,4132,232,0,0,0,0,108,0,0,0,0,320,9400
2283,W1,1,1,5,5,0,0,0,0,0,0,0,100,100,0,0,0,0,0,100,100,0,0.000000,0,8032,0.000000,0,0,0,0,108,8,0,8,100,4132,232,0,0,0,0,108,0,0,0,0,286,9400
2284,W1,1,1,5,5,0,0,0,0,0,0,0,100,100,0,0,0,0,0,100,100,0,0.000000,0,8032,0.000000,0,0,0,0,108,8,0,8,100,4132,232,0,0,0,0,108,0,0,0,0,293,9400
2285,W1,1,1,5,5,0,0,0,0,0,0,0,100,100,0,0,0,0,0,100,100,0,0.000000,0,8032,0.000000,0,0,0,0,108,8,0,8,100,4132,232,0,0,0,0,108,0,0,0,0,288,9400
2286,W1,1,1,5,5,0,0,0,0,0,0,0,100,100,0,0,0,0,0,100,100,0,0.000000,0,8032,0.000000,0,0,0,0,108,8,0,8,100,4132,232,0,0,0,0,108,0,0,0,0,300,9400
2287,W1,1,1,5,5,0,0,0,0,0,0,0,100,100,0,0,0,0,0,100,100,0,0.000000,0,8032,0.000000,0,0,0,0,108,8,0,8,100,4132,232,0,0,0,0,108,0,0,0,0,307,9400
2288,W1,1,1,5,5,0,0,0,0,0,0,0,100,100,0,0,0,0,0,100,100,0,0.000000,0,8032,0.000000,0,0,0,0,108,8,0,8,100,4132,232,0,0,0,0,108,0,0,0,0,288,9400
2289,W1,1,1,5,5,0,0,0,0,0,0,0,100,100,0,0,0,0,0,100,100,0,0.000000,0,8032,0.000000,0,0,0,0,108,8,0,8,100,4132,232,0,0,0,0,108,0,0,0,0,316,9400
2290,W1,1,1,5,5,0,0,0,0,0,0,0,100,100,0,0,0,0,0,100,100,0,0.000000,0,8032,0.000000,0,0,0,0,108,8,0,8,100,4132,232,0,0,0,0,108,0,0,0,0,287,9400
2291,W1,1,1,5,5,0,0,0,0,0,0,0,100,100,100,0,0,0,0,100,100,100,100.000000,1600,8032,19.920319,10,10,10,10,108,8,0,8,100,4132,232,0,0,0,0,108,0,0,0,0,280,9400
2292,W1,1,1,5,5,0,0,0,0,0,0,0,100,100,0,0,0,0,0,100,100,0,0.000000,0,8032,0.000000,0,0,0,0,108,8,0,8,100,4132,232,0,0,0,0,108,0,0,0,0,280,9400
2293,W1,1,1,5,5,0,0,0,0,0,0,0,100,100,0,0,0,0,0,100,100,0,0.000000,0,8032,0.000000,0,0,0,0,108,8,0,8,100,4132,232,0,0,0,0,108,0,0,0,0,320,9400
2294,W1,1,1,5,5,0,0,0,0,0,0,0,100,100,0,0,0,0,0,100,100,0,0.000000,0,8032,0.000000,0,0,0,0,108,8,0,8,100,4132,232,0,0,0,0,108,0,0,0,0,278,9400
2295,W1,1,1,5,5,0,0,0,0,0,0,0,100,100,0,0,0,0,0,100,100,0,0.000000,0,8032,0.000000,0,0,0,0,108,8,0,8,100,4132,232,0,0,0,0,108,0,0,0,0,278,9400
2296,W1,1,1,5,5,0,0,0,0,0,0,0,100,100,0,0,0,0,0,100,100,0,0.000000,0,8032,0.000000,0,0,0,0,108,8,0,8,100,4132,232,0,0,0,0,108,0,0,0,0,280,9400
2297,W1,1,1,5,5,0,0,0,0,0,0,0,100,100,0,0,0,0,0,100,100,0,0.000000,0,8032,0.000000,0,0,0,0,108,8,0,8,100,4132,232,0,0,0,0,108,0,0,0,0,285,9400
2298,W1,1,1,5,5,0,0,0,0,0,0,0,100,100,0,0,0,0,0,100,100,0,0.000000,0,8032,0.000000,0,0,0,0,108,8,0,8,100,4132,232,0,0,0,0,108,0,0,0,0,298,9400
2299,W1,1,1,5,5,0,0,0,0,0,0,0,100,100,0,0,0,0,0,100,100,0,0.000000,0,8032,0.000000,0,0,0,0,108,8,0,8,100,4132,232,0,0,0,0,108,0,0,0,0,289,9400
2300,W1,1,1,5,5,0,0,0,0,0,0,0,100,100,100,0,0,0,0,100,100,100,100.000000,1600,8032,19.920319,10,10,10,10,108,8,0,8,100,4132,232,0,0,0,0,108,0,0,0,0,326,9400
2301,W1,1,1,5,5,0,0,0,0,0,0,0,100,100,0,0,0,0,0,100,100,0,0.000000,0,8032,0.000000,0,0,0,0,108,8,0,8,100,4132,232,0,0,0,0,108,0,0,0,0,313,9400
2302,W1,1,1,5,5,0,0,0,0,0,0,0,100,100,0,0,0,0,0,100,100,0,0.000000,0,8032,0.000000,0,0,0,0,108,8,0,8,100,4132,232,0,0,0,0,108,0,0,0,0,284,9400
2303,W1,1,1,5,5,0,0,0,0,0,0,0,100,100,0,0,0,0,0,100,100,0,0.000000,0,8032,0.000000,0,0,0,0,108,8,0,8,100,4132,232,0,0,0,0,108,0,0,0,0,282,9400
2304,W1,1,1,5,5,0,0,0,0,0,0,0,100,100,0,0,0,0,0,100,100,0,0.000000,0,8032,0.000000,0,0,0,0,108,8,0,8,100,4132,232,0,0,0,0,108,0,0,0,0,301,9400
2305,W1,1,1,5,5,0,0,0,0,0,0,0,100,100,0,0,0,0,0,100,100,0,0.000000,0,8032,0.000000,0,0,0,0,108,8,0,8,100,4132,232,0,0,0,0,108,0,0,0,0,285,9400
2306,W1,1,1,5,5,0,0,0,0,0,0,0,100,100,0,0,0,0,0,100,100,0,0.000000,0,8032,0.000000,0,0,0,0,108,8,0,8,100,4132,232,0,0,0,0,108,0,0,0,0,297,9400
2307,W1,1,1,5,5,0,0,0,0,0,0,0,100,100,0,0,0,0,0,100,100,0,0.000000,0,8032,0.000000,0,0,0,0,108,8,0,8,100,4132,232,0,0,0,0,108,0,0,0,0,287,9400
2308,W1,1,1,5,5,0,0,0,0,0,0,0,100,100,0,0,0,0,0,100,100,0,0.000000,0,8032,0.000000,0,0,0,0,108,8,0,8,100,4132,232,0,0,0,0,108,0,0,0,0,289,9400
2309,W1,1,1,5,5,0,0,0,0,0,0,0,100,100,100,0,0,0,0,100,100,100,100.000000,1600,8032,19.920319,10,10,10,10,108,8,0,8,100,4132,232,0,0,0,0,108,0,0,0,0,310,9400
2310,W1,1,1,5,5,0,0,0,0,0,0,0,100,100,0,0,0,0,0,100,100,0,0.000000,0,8032,0.000000,0,0,0,0,108,8,0,8,100,4132,232,0,0,0,0,108,0,0,0,0,313,9400
2311,W1,1,1,5,5,0,0,0,0,0,0,0,100,100,0,0,0,0,0,100,100,0,0.000000,0,8032,0.000000,0,0,0,0,108,8,0,8,100,4132,232,0,0,0,0,108,0,0,0,0,293,9400
2312,W1,1,1,5,5,0,0,0,0,0,0,0,100,100,0,0,0,0,0,100,100,0,0.000000,0,8032,0.000000,0,0,0,0,108,8,0,8,100,4132,232,0,0,0,0,108,0,0,0,0,318,9400
2313,W1,1,1,5,5,0,0,0,0,0,0,0,100,100,0,0,0,0,0,100,100,0,0.000000,0,8032,0.000000,0,0,0,0,108,8,0,8,100,4132,232,0,0,0,0,108,0,0,0,0,285,9400
2314,W1,1,1,5,5,0,0,0,0,0,0,0,100,100,0,0,0,0,0,100,100,0,0.000000,0,8032,0.000000,0,0,0,0,108,8,0,8,100,4132,232,0,0,0,0,108,0,0,0,0,275,9400
2315,W1,1,1,5,5,0,0,0,0,0,0,0,100,100,0,0,0,0,0,100,100,0,0.000000,0,8032,0.000000,0,0,0,0,108,8,0,8,100,4132,232,0,0,0,0,108,0,0,0,0,293,9400
2316,W1,1,1,5,5,0,0,0,0,0,0,0,100,100,0,0,0,0,0,100,100,0,0.000000,0,8032,0.000000,0,0,0,0,108,8,0,8,100,4132,232,0,0,0,0,108,0,0,0,0,279,9400
2317,W1,1,1,5,5,0,0,0,0,0,0,0,100,100,0,0,0,0,0,100,100,0,0.000000,0,8032,0.000000,0,0,0,0,108,8,0,8,100,4132,232,0,0,0,0,108,0,0,0,0,297,9400
2318,W1,1,1,5,5,0,0,0,0,0,0,0,100,100,100,0,0,0,0,100,100,100,100.000000,1600,8032,19.920319,10,10,10,10,108,8,0,8,100,4132,232,0,0,0,0,108,0,0,0,0,278,9400
2319,W1,1,1,5,5,0,0,0,0,0,0,0,100,100,0,0,0,0,0,100,100,0,0.000000,0,8032,0.000000,0,0,0,0,108,8,0,8,100,4132,232,0,0,0,0,108,0,0,0,0,327,9400
2320,W1,1,1,5,5,0,0,0,0,0,0,0,100,100,0,0,0,0,0,100,100,0,0.000000,0,8032,0.000000,0,0,0,0,108,8,0,8,100,4132,232,0,0,0,0,108,0,0,0,0,320,9400
2321,W1,1,1,5,5,0,0,0,0,0,0,0,100,100,0,0,0,0,0,100,100,0,0.000000,0,8032,0.000000,0,0,0,0,108,8,0,8,100,4132,232,0,0,0,0,108,0,0,0,0,294,9400
2322,W1,1,1,5,5,0,0,0,0,0,0,0,100,100,0,0,0,0,0,100,100,0,0.000000,0,8032,0.000000,0,0,0,0,108,8,0,8,100,4132,232,0,0,0,0,108,0,0,0,0,287,9400
2323,W1,1,1,5,5,0,0,0,0,0,0,0,100,100,0,0,0,0,0,100,100,0,0.000000,0,8032,0.000000,0,0,0,0,108,8,0,8,100,4132,232,0,0,0,0,108,0,0,0,0,306,9400
2324,W1,1,1,5,5,0,0,0,0,0,0,0,100,100,0,0,0,0,0,100,100,0,0.000000,0,8032,0.000000,0,0,0,0,108,8,0,8,100,4132,232,0,0,0,0,108,0,0,0,0,285,9400
2325,W1,1,1,5,5,0,0,0,0,0,0,0,100,100,0,0,0,0,0,100,100,0,0.000000,0,8032,0.000000,0,0,0,0,108,8,0,8,100,4132,232,0,0,0,0,108,0,0,0,0,283,9400
2326,W1,1,1,5,5,0,0,0,0,0,0,0,100,100,0,0,0,0,0,100,100,0,0.000000,0,8032,0.000000,0,0,0,0,108,8,0,8,100,4132,232,0,0,0,0,108,0,0,0,0,320,9400
2327,W1,1,1,5,5,0,0,0,0,0,0,0,100,100,100,0,0,0,0,100,100,100,100.000000,1600,8032,19.920319,10,10,10,10,108,8,0,8,100,4132,232,0,0,0,0,108,0,0,0,0,295,9400
2328,W1,1,1,5,5,0,0,0,0,0,0,0,100,100,0,0,0,0,0,100,100,0,0.000000,0,8032,0.000000,0,0,0,0,108,8,0,8,100,4132,232,0,0,0,0,108,0,0,0,0,319,9400
2329,W1,1,1,5,5,0,0,0,0,0,0,0,100,100,0,0,0,0,0,100,100,0,0.000000,0,8032,0.000000,0,0,0,0,108,8,0,8,100,4132,232,0,0,0,0,108,0,0,0,0,324,9400
2330,W1,1,1,5,5,0,0,0,0,0,0,0,100,100,0,0,0,0,0,100,100,0,0.000000,0,8032,0.000000,0,0,0,0,108,8,0,8,100,4132,232,0,0,0,0,108,0,0,0,0,320,9400
2331,W1,1,1,5,5,0,0,0,0,0,0,0,100,100,0,0,0,0,0,100,100,0,0.000000,0,8032,0.000000,0,0,0,0,108,8,0,8,100,4132,232,0,0,0,0,108,0,0,0,0,298,9400
2332,W1,1,1,5,5,0,0,0,0,0,0,0,100,100,0,0,0,0,0,100,100,0,0.000000,0,8032,0.000000,0,0,0,0,108,8,0,8,100,4132,232,0,0,0,0,108,0,0,0,0,281,9400
2333,W1,1,1,5,5,0,0,0,0,0,0,0,100,100,0,0,0,0,0,100,100,0,0.000000,0,8032,0.000000,0,0,0,0,108,8,0,8,100,4132,232,0,0,0,0,108,0,0,0,0,294,9400
2334,W1,1,1,5,5,0,0,0,0,0,0,0,100,100,0,0,0,0,0,100,100,0,0.000000,0,8032,0.000000,0,0,0,0,108,8,0,8,100,4132,232,0,0,0,0,108,0,0,0,0,292,9400
2335,W1,1,1,5,5,0,0,0,0,0,0,0,100,100,0,0,0,0,0,100,100,0,0.000000,0,8032,0.000000,0,0,0,0,108,8,0,8,100,4132,232,0,0,0,0,108,0,0,0,0,276,9400
2336,W1,1,1,5,5,0,0,0,0,0,0,0,100,100,100,0,0,0,0,100,100,100,100.000000,1600,8032,19.920319,10,10,10,10,108,8,0,8,100,4132,232,0,0,0,0,108,0,0,0,0,306,9400
2337,W1,1,1,5,5,0,0,0,0,0,0,0,100,100,0,0,0,0,0,100,100,0,0.000000,0,8032,0.000000,0,0,0,0,108,8,0,8,100,4132,232,0,0,0,0,108,0,0,0,0,274,9400
2338,W1,1,1,5,5,0,0,0,0,0,0,0,100,100,0,0,0,0,0,100,100,0,0.000000,0,8032,0.000000,0,0,0,0,108,8,0,8,100,4132,232,0,0,0,0,108,0,0,0,0,289,9400
2339,W1,1,1,5,5,0,0,0,0,0,0,0,100,100,0,0,0,0,0,100,100,0,0.000000,0,8032,0.000000,0,0,0,0,108,8,0,8,100,4132,232,0,0,0,0,108,0,0,0,0,303,9400
2340,W1,1,1,5,5,0,0,0,0,0,0,0,100,100,0,0,0,0,0,100,100,0,0.000000,0,8032,0.000000,0,0,0,0,108,8,0,8,100,4132,232,0,0,0,0,108,0,0,0,0,314,9400
2341,W1,1,1,5,5,0,0,0,0,0,0,0,100,100,0,0,0,0,0,100,100,0,0.000000,0,8032,0.000000,0,0,0,0,108,8,0,8,100,4132,232,0,0,0,0,108,0,0,0,0,291,9400
2342,W1,1,1,5,5,0,0,0,0,0,0,0,100,100,0,0,0,0,0,100,100,0,0.000000,0,8032,0.000000,0,0,0,0,108,8,0,8,100,4132,232,0,0,0,0,108,0,0,0,0,289,9400
2343,W1,1,1,5,5,0,0,0,0,0,0,0,100,100,0,0,0,0,0,100,100,0,0.000000,0,8032,0.000000,0,0,0,0,108,8,0,8,100,4132,232,0,0,0,0,108,0,0,0,0,297,9400
2344,W1,1,1,5,5,0,0,0,0,0,0,0,100,100,0,0,0,0,0,100,100,0,0.000000,0,8032,0.000000,0,0,0,0,108,8,0,8,100,4132,232,0,0,0,0,108,0,0,0,0,298,9400
2345,W1,1,1,5,5,0,0,0,0,0,0,0,100,100,100,0,0,0,0,100,100,100,100.000000,1600,8032,19.920319,10,10,10,10,108,8,0,8,100,4132,232,0,0,0,0,108,0,0,0,0,291,9400
2346,W1,1,1,5,5,0,0,0,0,0,0,0,100,100,0,0,0,0,0,100,100,0,0.000000,0,8032,0.000000,0,0,0,0,108,8,0,8,100,4132,232,0,0,0,0,108,0,0,0,0,287,9400
2347,W1,1,1,5,5,0,0,0,0,0,0,0,100,100,0,0,0,0,0,100,100,0,0.000000,0,8032,0.000000,0,0,0,0,108,8,0,8,100,4132,232,0,0,0,0,108,0,0,0,0,301,9400
2348,W1,1,1,5,5,0,0,0,0,0,0,0,100,100,0,0,0,0,0,100,100,0,0.000000,0,8032,0.000000,0,0,0,0,108,8,0,8,100,4132,232,0,0,0,0,108,0,0,0,0,285,9400
2349,W1,1,1,5,5,0,0,0,0,0,0,0,100,100,0,0,0,0,0,100,100,0,0.000000,0,8032,0.000000,0,0,0,0,108,8,0,8,100,4132,232,0,0,0,0,108,0,0,0,0,282,9400
2350,W1,1,1,5,5,0,0,0,0,0,0,0,100,100,0,0,0,0,0,100,100,0,0.000000,0,8032,0.000000,0,0,0,0,108,8,0,8,100,4132,232,0,0,0,0,108,0,0,0,0,305,9400
2351,W1,1,1,5,5,0,0,0,0,0,0,0,100,100,0,0,0,0,0,100,100,0,0.000000,0,8032,0.000000,0,0,0,0,108,8,0,8,100,4132,232,0,0,0,0,108,0,0,0,0,291,9400
2352,W1,1,1,5,5,0,0,0,0,0,0,0,100,100,0,0,0,0,0,100,100,0,0.000000,0,8032,0.000000,0,0,0,0,108,8,0,8,100,4132,232,0,0,0,0,108,0,0,0,0,297,9400
2353,W1,1,1,5,5,0,0,0,0,0,0,0,100,100,0,0,0,0,0,100,100,0,0.000000,0,8032,0.000000,0,0,0,0,108,8,0,8,100,4132,232,0,0,0,0,108,0,0,0,0,278,9400
2354,W1,1,1,5,5,0,0,0,0,0,0,0,100,100,100,0,0,0,0,100,100,100,100.000000,1600,8032,19.920319,10,10,10,10,108,8,0,8,100,4132,232,0,0,0,0,108,0,0,0,0,345,9400
2355,W1,1,1,5,5,0,0,0,0,0,0,0,100,100,0,0,0,0,0,100,100,0,0.000000,0,8032,0.000000,0,0,0,0,108,8,0,8,100,4132,232,0,0,0,0,108,0,0,0,0,302,9400
2356,W1,1,1,5,5,0,0,0,0,0,0,0,100,100,0,0,0,0,0,100,100,0,0.000000,0,8032,0.000000,0,0,0,0,108,8,0,8,100,4132,232,0,0,0,0,108,0,0,0,0,296,9400
2357,W1,1,1,5,5,0,0,0,0,0,0,0,100,100,0,0,0,0,0,100,100,0,0.000000,0,8032,0.000000,0,0,0,0,108,8,0,8,100,4132,232,0,0,0,0,108,0,0,0,0,284,9400
2358,W1,1,1,5,5,0,0,0,0,0,0,0,100,100,0,0,0,0,0,100,100,0,0.000000,0,8032,0.000000,0,0,0,0,108,8,0,8,100,4132,232,0,0,0,0,108,0,0,0,0,391,9400
2359,W1,1,1,5,5,0,0,0,0,0,0,0,100,100,0,0,0,0,0,100,100,0,0.000000,0,8032,0.000000,0,0,0,0,108,8,0,8,100,4132,232,0,0,0,0,108,0,0,0,0,304,9400
2360,W1,1,1,5,5,0,0,0,0,0,0,0,100,100,0,0,0,0,0,100,100,0,0.000000,0,8032,0.000000,0,0,0,0,108,8,0,8,100,4132,232,0,0,0,0,108,0,0,0,0,315,9400
2361,W1,1,1,5,5,0,0,0,0,0,0,0,100,100,0,0,0,0,0,100,100,0,0.000000,0,8032,0.000000,0,0,0,0,108,8,0,8,100,4132,232,0,0,0,0,108,0,0,0,0,312,9400
2362,W1,1,1,5,5,0,0,0,0,0,0,0,100,100,0,0,0,0,0,100,100,0,0.000000,0,8032,0.000000,0,0,0,0,108,8,0,8,100,4132,232,0,0,0,0,108,0,0,0,0,288,9400
2363,W1,1,1,5,5,0,0,0,0,0,0,0,100,100,100,0,0,0,0,100,100,100,100.000000,1600,8032,19.920319,10,10,10,10,108,8,0,8,100,4132,232,0,0,0,0,108,0,0,0,0,325,9400
2364,W1,1,1,5,5,0,0,0,0,0,0,0,100,100,0,0,0,0,0,100,100,0,0.000000,0,8032,0.000000,0,0,0,0,108,8,0,8,100,4132,232,0,0,0,0,108,0,0,0,0,282,9400
2365,W1,1,1,5,5,0,0,0,0,0,0,0,100,100,0,0,0,0,0,100,100,0,0.000000,0,8032,0.000000,0,0,0,0,108,8,0,8,100,4132,232,0,0,0,0,108,0,0,0,0,295,9400
2366,W1,1,1,5,5,0,0,0,0,0,0,0,100,100,0,0,0,0,0,100,100,0,0.000000,0,8032,0.000000,0,0,0,0,108,8,0,8,100,4132,232,0,0,0,0,108,0,0,0,0,297,9400
2367,W1,1,1,5,5,0,0,0,0,0,0,0,100,100,0,0,0,0,0,100,100,0,0.000000,0,8032,0.000000,0,0,0,0,108,8,0,8,100,4132,232,0,0,0,0,108,0,0,0,0,310,9400
2368,W1,1,1,5,5,0,0,0,0,0,0,0,100,100,0,0,0,0,0,100,100,0,0.000000,0,8032,0.000000,0,0,0,0,108,8,0,8,100,4132,232,0,0,0,0,108,0,0,0,0,301,9400
2369,W1,1,1,5,5,0,0,0,0,0,0,0,100,100,0,0,0,0,0,100,100,0,0.000000,0,8032,0.000000,0,0,0,0,108,8,0,8,100,4132,232,0,0,0,0,108,0,0,0,0,301,9400
2370,W1,1,1,5,5,0,0,0,0,0,0,0,100,100,0,0,0,0,0,100,100,0,0.000000,0,8032,0.000000,0,0,0,0,108,8,0,8,100,4132,232,0,0,0,0,108,0,0,0,0,301,9400
2371,W1,1,1,5,5,0,0,0,0,0,0,0,100,100,0,0,0,0,0,100,100,0,0.000000,0,8032,0.000000,0,0,0,0,108,8,0,8,100,4132,232,0,0,0,0,108,0,0,0,0,298,9400
2372,W1,1,1,5,5,0,0,0,0,0,0,0,100,100,100,0,0,0,0,100,100,100,100.000000,1600,8032,19.920319,10,10,10,10,108,8,0,8,100,4132,232,0,0,0,0,108,0,0,0,0,320,9400
2373,W1,1,1,5,5,0,0,0,0,0,0,0,100,100,0,0,0,0,0,100,100,0,0.000000,0,8032,0.000000,0,0,0,0,108,8,0,8,100,4132,232,0,0,0,0,108,0,0,0,0,287,9400
2374,W1,1,1,5,5,0,0,0,0,0,0,0,100,100,0,0,0,0,0,100,100,0,0.000000,0,8032,0.000000,0,0,0,0,108,8,0,8,100,4132,232,0,0,0,0,108,0,0,0,0,294,9400
2375,W1,1,1,5,5,0,0,0,0,0,0,0,100,100,0,0,0,0,0,100,100,0,0.000000,0,8032,0.000000,0,0,0,0,108,8,0,8,100,4132,232,0,0,0,0,108,0,0,0,0,335,9400
2376,W1,1,1,5,5,0,0,0,0,0,0,0,100,100,0,0,0,0,0,100,100,0,0.000000,0,8032,0.000000,0,0,0,0,108,8,0,8,100,4132,232,0,0,0,0,108,0,0,0,0,292,9400
2377,W1,1,1,5,5,0,0,0,0,0,0,0,100,100,0,0,0,0,0,100,100,0,0.000000,0,8032,0.000000,0,0,0,0,108,8,0,8,100,4132,232,0,0,0,0,108,0,0,0,0,288,9400
2378,W1,1,1,5,5,0,0,0,0,0,0,0,100,100,0,0,0,0,0,100,100,0,0.000000,0,8032,0.000000,0,0,0,0,108,8,0,8,100,4132,232,0,0,0,0,108,0,0,0,0,321,9400
2379,W1,1,1,5,5,0,0,0,0,0,0,0,100,100,0,0,0,0,0,100,100,0,0.000000,0,8032,0.000000,0,0,0,0,108,8,0,8,100,4132,232,0,0,0,0,108,0,0,0,0,293,9400
2380,W1,1,1,5,5,0,0,0,0,0,0,0,100,100,0,0,0,0,0,100,100,0,0.000000,0,8032,0.000000,0,0,0,0,108,8,0,8,100,4132,232,0,0,0,0,108,0,0,0,0,328,9400
2381,W1,1,1,5,5,0,0,0,0,0,0,0,100,100,100,0,0,0,0,100,100,100,100.000000,1600,8032,19.920319,10,10,10,10,108,8,0,8,100,4132,232,0,0,0,0,108,0,0,0,0,283,9400
2382,W1,1,1,5,5,0,0,0,0,0,0,0,100,100,0,0,0,0,0,100,100,0,0.000000,0,8032,0.000000,0,0,0,0,108,8,0,8,100,4132,232,0,0,0,0,108,0,0,0,0,293,9400
2383,W1,1,1,5,5,0,0,0,0,0,0,0,100,100,0,0,0,0,0,100,100,0,0.000000,0,8032,0.000000,0,0,0,0,108,8,0,8,100,4132,232,0,0,0,0,108,0,0,0,0,304,9400
2384,W1,1,1,5,5,0,0,0,0,0,0,0,100,100,0,0,0,0,0,100,100,0,0.000000,0,8032,0.000000,0,0,0,0,108,8,0,8,100,4132,232,0,0,0,0,108,0,0,0,0,319,9400
2385,W1,1,1,5,5,0,0,0,0,0,0,0,100,100,0,0,0,0,0,100,100,0,0.000000,0,8032,0.000000,0,0,0,0,108,8,0,8,100,4132,232,0,0,0,0,108,0,0,0,0,295,9400
2386,W1,1,1,5,5,0,0,0,0,0,0,0,100,100,0,0,0,0,0,100,100,0,0.000000,0,8032,0.000000,0,0,0,0,108,8,0,8,100,4132,232,0,0,0,0,108,0,0,0,0,305,9400
2387,W1,1,1,5,5,0,0,0,0,0,0,0,100,100,0,0,0,0,0,100,100,0,0.000000,0,8032,0.000000,0,0,0,0,108,8,0,8,100,4132,232,0,0,0,0,108,0,0,0,0,320,9400
2388,W1,1,1,5,5,0,0,0,0,0,0,0,100,100,0,0,0,0,0,100,100,0,0.000000,0,8032,0.000000,0,0,0,0,108,8,0,8,100,4132,232,0,0,0,0,108,0,0,0,0,287,9400
2389,W1,1,1,5,5,0,0,0,0,0,0,0,100,100,0,0,0,0,0,100,100,0,0.000000,0,8032,0.000000,0,0,0,0,108,8,0,8,100,4132,232,0,0,0,0,108,0,0,0,0,293,9400
2390,W1,1,1,5,5,0,0,0,0,0,0,0,100,100,100,0,0,0,0,100,100,100,100.000000,1600,8032,19.920319,10,10,10,10,108,8,0,8,100,4132,232,0,0,0,0,108,0,0,0,0,303,9400
2391,W1,1,1,5,5,0,0,0,0,0,0,0,100,100,0,0,0,0,0,100,100,0,0.000000,0,8032,0.000000,0,0,0,0,108,8,0,8,100,4132,232,0,0,0,0,108,0,0,0,0,305,9400
2392,W1,1,1,5,5,0,0,0,0,0,0,0,100,100,0,0,0,0,0,100,100,0,0.000000,0,8032,0.000000,0,0,0,0,108,8,0,8,100,4132,232,0,0,0,0,108,0,0,0,0,318,9400
2393,W1,1,1,5,5,0,0,0,0,0,0,0,100,100,0,0,0,0,0,100,100,0,0.000000,0,8032,0.000000,0,0,0,0,108,8,0,8,100,4132,232,0,0,0,0,108,0,0,0,0,341,9400
2394,W1,1,1,5,5,0,0,0,0,0,0,0,100,100,0,0,0,0,0,100,100,0,0.000000,0,8032,0.000000,0,0,0,0,108,8,0,8,100,4132,232,0,0,0,0,108,0,0,0,0,300,9400
2395,W1,1,1,5,5,0,0,0,0,0,0,0,100,100,0,0,0,0,0,100,100,0,0.000000,0,8032,0.000000,0,0,0,0,108,8,0,8,100,4132,232,0,0,0,0,108,0,0,0,0,359,9400
2396,W1,1,1,5,5,0,0,0,0,0,0,0,100,100,0,0,0,0,0,100,100,0,0.000000,0,8032,0.000000,0,0,0,0,108,8,0,8,100,4132,232,0,0,0,0,108,0,0,0,0,321,9400
2397,W1,1,1,5,5,0,0,0,0,0,0,0,100,100,0,0,0,0,0,100,100,0,0.000000,0,8032,0.000000,0,0,0,0,108,8,0,8,100,4132,232,0,0,0,0,108,0,0,0,0,297,9400
2398,W1,1,1,5,5,0,0,0,0,0,0,0,100,100,0,0,0,0,0,100,100,0,0.000000,0,8032,0.000000,0,0,0,0,108,8,0,8,100,4132,232,0,0,0,0,108,0,0,0,0,313,9400
2399,W1,1,1,5,5,0,0,0,0,0,0,0,100,100,100,0,0,0,0,100,100,100,100.000000,1600,8032,19.920319,10,10,10,10,108,8,0,8,100,4132,232,0,0,0,0,108,0,0,0,0,293,9400
2400,W1,1,1,5,5,0,0,0,0,0,0,0,100,100,0,0,0,0,0,100,100,0,0.000000,0,8032,0.000000,0,0,0,0,108,8,0,8,100,4132,232,0,0,0,0,108,0,0,0,0,354,9400
2401,W1,1,1,5,5,0,0,0,0,0,0,0,100,100,0,0,0,0,0,100,100,0,0.000000,0,8032,0.000000,0,0,0,0,108,8,0,8,100,4132,232,0,0,0,0,108,0,0,0,0,345,9400
2402,W1,1,1,5,5,0,0,0,0,0,0,0,100,100,0,0,0,0,0,100,100,0,0.000000,0,8032,0.000000,0,0,0,0,108,8,0,8,100,4132,232,0,0,0,0,108,0,0,0,0,277,9400
2403,W1,1,1,5,5,0,0,0,0,0,0,0,100,100,0,0,0,0,0,100,100,0,0.000000,0,8032,0.000000,0,0,0,0,108,8,0,8,100,4132,232,0,0,0,0,108,0,0,0,0,317,9400
2404,W1,1,1,5,5,0,0,0,0,0,0,0,100,100,0,0,0,0,0,100,100,0,0.000000,0,8032,0.000000,0,0,0,0,108,8,0,8,100,4132,232,0,0,0,0,108,0,0,0,0,286,9400
2405,W1,1,1,5,5,0,0,0,0,0,0,0,100,100,0,0,0,0,0,100,100,0,0.000000,0,8032,0.000000,0,0,0,0,108,8,0,8,100,4132,232,0,0,0,0,108,0,0,0,0,270,9400
2406,W1,1,1,5,5,0,0,0,0,0,0,0,100,100,0,0,0,0,0,100,100,0,0.000000,0,8032,0.000000,0,0,0,0,108,8,0,8,100,4132,232,0,0,0,0,108,0,0,0,0,283,9400
2407,W1,1,1,5,5,0,0,0,0,0,0,0,100,100,0,0,0,0,0,100,100,0,0.000000,0,8032,0.000000,0,0,0,0,108,8,0,8,100,4132,232,0,0,0,0,108,0,0,0,0,286,9400
2408,W1,1,1,5,5,0,0,0,0,0,0,0,100,100,100,0,0,0,0,100,100,100,100.000000,1600,8032,19.920319,10,10,10,10,108,8,0,8,100,4132,232,0,0,0,0,108,0,0,0,0,322,9400
2409,W1,1,1,5,5,0,0,0,0,0,0,0,100,100,0,0,0,0,0,100,100,0,0.000000,0,8032,0.000000,0,0,0,0,108,8,0,8,100,4132,232,0,0,0,0,108,0,0,0,0,303,9400
2410,W1,1,1,5,5,0,0,0,0,0,0,0,100,100,0,0,0,0,0,100,100,0,0.000000,0,8032,0.000000,0,0,0,0,108,8,0,8,100,4132,232,0,0,0,0,108,0,0,0,0,286,9400
2411,W1,1,1,5,5,0,0,0,0,0,0,0,100,100,0,0,0,0,0,100,100,0,0.000000,0,8032,0.000000,0,0,0,0,108,8,0,8,100,4132,232,0,0,0,0,108,0,0,0,0,290,9400
2412,W1,1,1,5,5,0,0,0,0,0,0,0,100,100,0,0,0,0,0,100,100,0,0.000000,0,8032,0.000000,0,0,0,0,108,8,0,8,100,4132,232,0,0,0,0,108,0,0,0,0,295,9400
2413,W1,1,1,5,5,0,0,0,0,0,0,0,100,100,0,0,0,0,0,100,100,0,0.000000,0,8032,0.000000,0,0,0,0,108,8,0,8,100,4132,232,0,0,0,0,108,0,0,0,0,309,9400
2414,W1,1,1,5,5,0,0,0,0,0,0,0,100,100,0,0,0,0,0,100,100,0,0.000000,0,8032,0.000000,0,0,0,0,108,8,0,8,100,4132,232,0,0,0,0,108,0,0,0,0,297,9400
2415,W1,1,1,5,5,0,0,0,0,0,0,0,100,100,0,0,0,0,0,100,100,0,0.000000,0,8032,0.000000,0,0,0,0,108,8,0,8,100,4132,232,0,0,0,0,108,0,0,0,0,316,9400
2416,W1,1,1,5,5,0,0,0,0,0,0,0,100,100,0,0,0,0,0,100,100,0,0.000000,0,8032,0.000000,0,0,0,0,108,8,0,8,100,4132,232,0,0,0,0,108,0,0,0,0,292,9400
2417,W1,1,1,5,5,0,0,0,0,0,0,0,100,100,100,0,0,0,0,100,100,100,100.000000,1600,8032,19.920319,10,10,10,10,108,8,0,8,100,4132,232,0,0,0,0,108,0,0,0,0,299,9400
2418,W1,1,1,5,5,0,0,0,0,0,0,0,100,100,0,0,0,0,0,100,100,0,0.000000,0,8032,0.000000,0,0,0,0,108,8,0,8,100,4132,232,0,0,0,0,108,0,0,0,0,297,9400
2419,W1,1,1,5,5,0,0,0,0,0,0,0,100,100,0,0,0,0,0,100,100,0,0.000000,0,8032,0.000000,0,0,0,0,108,8,0,8,100,4132,232,0,0,0,0,108,0,0,0,0,319,9400
2420,W1,1,1,5,5,0,0,0,0,0,0,0,100,100,0,0,0,0,0,100,100,0,0.000000,0,8032,0.000000,0,0,0,0,108,8,0,8,100,4132,232,0,0,0,0,108,0,0,0,0,285,9400
2421,W1,1,1,5,5,0,0,0,0,0,0,0,100,100,0,0,0,0,0,100,100,0,0.000000,0,8032,0.000000,0,0,0,0,108,8,0,8,100,4132,232,0,0,0,0,108,0,0,0,0,305,9400
2422,W1,1,1,5,5,0,0,0,0,0,0,0,100,100,0,0,0,0,0,100,100,0,0.000000,0,8032,0.000000,0,0,0,0,108,8,0,8,100,4132,232,0,0,0,0,108,0,0,0,0,302,9400
2423,W1,1,1,5,5,0,0,0,0,0,0,0,100,100,0,0,0,0,0,100,100,0,0.000000,0,8032,0.000000,0,0,0,0,108,8,0,8,100,4132,232,0,0,0,0,108,0,0,0,0,291,9400
2424,W1,1,1,5,5,0,0,0,0,0,0,0,100,100,0,0,0,0,0,100,100,0,0.000000,0,8032,0.000000,0,0,0,0,108,8,0,8,100,4132,232,0,0,0,0,108,0,0,0,0,285,9400
2425,W1,1,1,5,5,0,0,0,0,0,0,0,100,100,0,0,0,0,0,100,100,0,0.000000,0,8032,0.000000,0,0,0,0,108,8,0,8,100,4132,232,0,0,0,0,108,0,0,0,0,282,9400
2426,W1,1,1,5,5,0,0,0,0,0,0,0,100,100,100,0,0,0,0,100,100,100,100.000000,1600,8032,19.920319,10,10,10,10,108,8,0,8,100,4132,232,0,0,0,0,108,0,0,0,0,307,9400
2427,W1,1,1,5,5,0,0,0,0,0,0,0,100,100,0,0,0,0,0,100,100,0,0.000000,0,8032,0.000000,0,0,0,0,108,8,0,8,100,4132,232,0,0,0,0,108,0,0,0,0,282,9400
2428,W1,1,1,5,5,0,0,0,0,0,0,0,100,100,0,0,0,0,0,100,100,0,0.000000,0,8032,0.000000,0,0,0,0,108,8,0,8,100,4132,232,0,0,0,0,108,0,0,0,0,278,9400
2429,W1,1,1,5,5,0,0,0,0,0,0,0,100,100,0,0,0,0,0,100,100,0,0.000000,0,8032,0.000000,0,0,0,0,108,8,0,8,100,4132,232,0,0,0,0,108,0,0,0,0,294,9400
2430,W1,1,1,5,5,0,0,0,0,0,0,0,100,100,0,0,0,0,0,100,100,0,0.000000,0,8032,0.000000,0,0,0,0,108,8,0,8,100,4132,232,0,0,0,0,108,0,0,0,0,331,9400
2431,W1,1,1,5,5,0,0,0,0,0,0,0,100,100,0,0,0,0,0,100,100,0,0.000000,0,8032,0.000000,0,0,0,0,108,8,0,8,100,4132,232,0,0,0,0,108,0,0,0,0,280,9400
2432,W1,1,1,5,5,0,0,0,0,0,0,0,100,100,0,0,0,0,0,100,100,0,0.000000,0,8032,0.000000,0,0,0,0,108,8,0,8,100,4132,232,0,0,0,0,108,0,0,0,0,273,9400
2433,W1,1,1,5,5,0,0,0,0,0,0,0,100,100,0,0,0,0,0,100,100,0,0.000000,0,8032,0.000000,0,0,0,0,108,8,0,8,100,4132,232,0,0,0,0,108,0,0,0,0,280,9400
2434,W1,1,1,5,5,0,0,0,0,0,0,0,100,100,0,0,0,0,0,100,100,0,0.000000,0,8032,0.000000,0,0,0,0,108,8,0,8,100,4132,232,0,0,0,0,108,0,0,0,0,274,9400
2435,W1,1,1,5,5,0,0,0,0,0,0,0,100,100,100,0,0,0,0,100,100,100,100.000000,1600,8032,19.920319,10,10,10,10,108,8,0,8,100,4132,232,0,0,0,0,108,0,0,0,0,276,9400
2436,W1,1,1,5,5,0,0,0,0,0,0,0,100,100,0,0,0,0,0,100,100,0,0.000000,0,8032,0.000000,0,0,0,0,108,8,0,8,100,4132,232,0,0,0,0,108,0,0,0,0,306,9400
2437,W1,1,1,5,5,0,0,0,0,0,0,0,100,100,0,0,0,0,0,100,100,0,0.000000,0,8032,0.000000,0,0,0,0,108,8,0,8,100,4132,232,0,0,0,0,108,0,0,0,0,268,9400
2438,W1,1,1,5,5,0,0,0,0,0,0,0,100,100,0,0,0,0,0,100,100,0,0.000000,0,8032,0.000000,0,0,0,0,108,8,0,8,100,4132,232,0,0,0,0,108,0,0,0,0,277,9400
2439,W1,1,1,5,5,0,0,0,0,0,0,0,100,100,0,0,0,0,0,100,100,0,0.000000,0,8032,0.000000,0,0,0,0,108,8,0,8,100,4132,232,0,0,0,0,108,0,0,0,0,275,9400
2440,W1,1,1,5,5,0,0,0,0,0,0,0,100,100,0,0,0,0,0,100,100,0,0.000000,0,8032,0.000000,0,0,0,0,108,8,0,8,100,4132,232,0,0,0,0,108,0,0,0,0,299,9400
2441,W1,1,1,5,5,0,0,0,0,0,0,0,100,100,0,0,0,0,0,100,100,0,0.000000,0,8032,0.000000,0,0,0,0,108,8,0,8,100,4132,232,0,0,0,0,108,0,0,0,0,345,9400
2442,W1,1,1,5,5,0,0,0,0,0,0,0,100,100,0,0,0,0,0,100,100,0,0.000000,0,8032,0.000000,0,0,0,0,108,8,0,8,100,4132,232,0,0,0,0,108,0,0,0,0,324,9400
2443,W1,1,1,5,5,0,0,0,0,0,0,0,100,100,0,0,0,0,0,100,100,0,0.000000,0,8032,0.000000,0,0,0,0,108,8,0,8,100,4132,232,0,0,0,0,108,0,0,0,0,299,9400
2444,W1,1,1,5,5,0,0,0,0,0,0,0,100,100,100,0,0,0,0,100,100,100,100.000000,1600,8032,19.920319,10,10,10,10,108,8,0,8,100,4132,232,0,0,0,0,108,0,0,0,0,280,9400
2445,W1,1,1,5,5,0,0,0,0,0,0,0,100,100,0,0,0,0,0,100,100,0,0.000000,0,8032,0.000000,0,0,0,0,108,8,0,8,100,4132,232,0,0,0,0,108,0,0,0,0,274,9400
2446,W1,1,1,5,5,0,0,0,0,0,0,0,100,100,0,0,0,0,0,100,100,0,0.000000,0,8032,0.000000,0,0,0,0,108,8,0,8,100,4132,232,0,0,0,0,108,0,0,0,0,295,9400
2447,W1,1,1,5,5,0,0,0,0,0,0,0,100,100,0,0,0,0,0,100,100,0,0.000000,0,8032,0.000000,0,0,0,0,108,8,0,8,100,4132,232,0,0,0,0,108,0,0,0,0,283,9400
2448,W1,1,1,5,5,0,0,0,0,0,0,0,100,100,0,0,0,0,0,100,100,0,0.000000,0,8032,0.000000,0,0,0,0,108,8,0,8,100,4132,232,0,0,0,0,108,0,0,0,0,297,9400
2449,W1,1,1,5,5,0,0,0,0,0,0,0,100,100,0,0,0,0,0,100,100,0,0.000000,0,8032,0.000000,0,0,0,0,108,8,0,8,100,4132,232,0,0,0,0,108,0,0,0,0,347,9400
2450,W1,1,1,5,5,0,0,0,0,0,0,0,100,100,0,0,0,0,0,100,100,0,0.000000,0,8032,0.000000,0,0,0,0,108,8,0,8,100,4132,232,0,0,0,0,108,0,0,0,0,294,9400
2451,W1,1,1,5,5,0,0,0,0,0,0,0,100,100,0,0,0,0,0,100,100,0,0.000000,0,8032,0.000000,0,0,0,0,108,8,0,8,100,4132,232,0,0,0,0,108,0,0,0,0,290,9400
2452,W1,1,1,5,5,0,0,0,0,0,0,0,100,100,0,0,0,0,0,100,100,0,0.000000,0,8032,0.000000,0,0,0,0,108,8,0,8,100,4132,232,0,0,0,0,108,0,0,0,0,283,9400
2453,W1,1,1,5,5,0,0,0,0,0,0,0,100,100,100,0,0,0,0,100,100,100,100.000000,1600,8032,19.920319,10,10,10,10,108,8,0,8,100,4132,232,0,0,0,0,108,0,0,0,0,299,9400
2454,W1,1,1,5,5,0,0,0,0,0,0,0,100,100,0,0,0,0,0,100,100,0,0.000000,0,8032,0.000000,0,0,0,0,108,8,0,8,100,4132,232,0,0,0,0,108,0,0,0,0,314,9400
2455,W1,1,1,5,5,0,0,0,0,0,0,0,100,100,0,0,0,0,0,100,100,0,0.000000,0,8032,0.000000,0,0,0,0,108,8,0,8,100,4132,232,0,0,0,0,108,0,0,0,0,294,9400
2456,W1,1,1,5,5,0,0,0,0,0,0,0,100,100,0,0,0,0,0,100,100,0,0.000000,0,8032,0.000000,0,0,0,0,108,8,0,8,100,4132,232,0,0,0,0,108,0,0,0,0,347,9400
2457,W1,1,1,5,5,0,0,0,0,0,0,0,100,100,0,0,0,0,0,100,100,0,0.000000,0,8032,0.000000,0,0,0,0,108,8,0,8,100,4132,232,0,0,0,0,108,0,0,0,0,329,9400
2458,W1,1,1,5,5,0,0,0,0,0,0,0,100,100,0,0,0,0,0,100,100,0,0.000000,0,8032,0.000000,0,0,0,0,108,8,0,8,100,4132,232,0,0,0,0,108,0,0,0,0,281,9400
2459,W1,1,1,5,5,0,0,0,0,0,0,0,100,100,0,0,0,0,0,100,100,0,0.000000,0,8032,0.000000,0,0,0,0,108,8,0,8,100,4132,232,0,0,0,0,108,0,0,0,0,276,9400
2460,W1,1,1,5,5,0,0,0,0,0,0,0,100,100,0,0,0,0,0,100,100,0,0.000000,0,8032,0.000000,0,0,0,0,108,8,0,8,100,4132,232,0,0,0,0,108,0,0,0,0,268,9400
2461,W1,1,1,5,5,0,0,0,0,0,0,0,100,100,0,0,0,0,0,100,100,0,0.000000,0,8032,0.000000,0,0,0,0,108,8,0,8,100,4132,232,0,0,0,0,108,0,0,0,0,293,9400
2462,W1,1,1,5,5,0,0,0,0,0,0,0,100,100,100,0,0,0,0,100,100,100,100.000000,1600,8032,19.920319,10,10,10,10,108,8,0,8,100,4132,232,0,0,0,0,108,0,0,0,0,302,9400
2463,W1,1,1,5,5,0,0,0,0,0,0,0,100,100,0,0,0,0,0,100,100,0,0.000000,0,8032,0.000000,0,0,0,0,108,8,0,8,100,4132,232,0,0,0,0,108,0,0,0,0,300,9400
2464,W1,1,1,5,5,0,0,0,0,0,0,0,100,100,0,0,0,0,0,100,100,0,0.000000,0,8032,0.000000,0,0,0,0,108,8,0,8,100,4132,232,0,0,0,0,108,0,0,0,0,289,9400
2465,W1,1,1,5,5,0,0,0,0,0,0,0,100,100,0,0,0,0,0,100,100,0,0.000000,0,8032,0.000000,0,0,0,0,108,8,0,8,100,4132,232,0,0,0,0,108,0,0,0,0,283,9400
2466,W1,1,1,5,5,0,0,0,0,0,0,0,100,100,0,0,0,0,0,100,100,0,0.000000,0,8032,0.000000,0,0,0,0,108,8,0,8,100,4132,232,0,0,0,0,108,0,0,0,0,332,9400
2467,W1,1,1,5,5,0,0,0,0,0,0,0,100,100,0,0,0,0,0,100,100,0,0.000000,0,8032,0.000000,0,0,0,0,108,8,0,8,100,4132,232,0,0,0,0,108,0,0,0,0,298,9400
2468,W1,1,1,5,5,0,0,0,0,0,0,0,100,100,0,0,0,0,0,100,100,0,0.000000,0,8032,0.000000,0,0,0,0,108,8,0,8,100,4132,232,0,0,0,0,108,0,0,0,0,292,9400
2469,W1,1,1,5,5,0,0,0,0,0,0,0,100,100,0,0,0,0,0,100,100,0,0.000000,0,8032,0.000000,0,0,0,0,108,8,0,8,100,4132,232,0,0,0,0,108,0,0,0,0,343,9400
2470,W1,1,1,5,5,0,0,0,0,0,0,0,100,100,0,0,0,0,0,100,100,0,0.000000,0,8032,0.000000,0,0,0,0,108,8,0,8,100,4132,232,0,0,0,0,108,0,0,0,0,294,9400
2471,W1,1,1,5,5,0,0,0,0,0,0,0,100,100,100,0,0,0,0,100,100,100,100.000000,1600,8032,19.920319,10,10,10,10,108,8,0,8,100,4132,232,0,0,0,0,108,0,0,0,0,288,9400
2472,W1,1,1,5,5,0,0,0,0,0,0,0,100,100,0,0,0,0,0,100,100,0,0.000000,0,8032,0.000000,0,0,0,0,108,8,0,8,100,4132,232,0,0,0,0,108,0,0,0,0,276,9400
2473,W1,1,1,5,5,0,0,0,0,0,0,0,100,100,0,0,0,0,0,100,100,0,0.000000,0,8032,0.000000,0,0,0,0,108,8,0,8,100,4132,232,0,0,0,0,108,0,0,0,0,312,9400
2474,W1,1,1,5,5,0,0,0,0,0,0,0,100,100,0,0,0,0,0,100,100,0,0.000000,0,8032,0.000000,0,0,0,0,108,8,0,8,100,4132,232,0,0,0,0,108,0,0,0,0,303,9400
2475,W1,1,1,5,5,0,0,0,0,0,0,0,100,100,0,0,0,0,0,100,100,0,0.000000,0,8032,0.000000,0,0,0,0,108,8,0,8,100,4132,232,0,0,0,0,108,0,0,0,0,320,9400
2476,W1,1,1,5,5,0,0,0,0,0,0,0,100,100,0,0,0,0,0,100,100,0,0.000000,0,8032,0.000000,0,0,0,0,108,8,0,8,100,4132,232,0,0,0,0,108,0,0,0,0,353,9400
2477,W1,1,1,5,5,0,0,0,0,0,0,0,100,100,0,0,0,0,0,100,100,0,0.000000,0,8032,0.000000,0,0,0,0,108,8,0,8,100,4132,232,0,0,0,0,108,0,0,0,0,296,9400
2478,W1,1,1,5,5,0,0,0,0,0,0,0,100,100,0,0,0,0,0,100,100,0,0.000000,0,8032,0.000000,0,0,0,0,108,8,0,8,100,4132,232,0,0,0,0,108,0,0,0,0,282,9400
2479,W1,1,1,5,5,0,0,0,0,0,0,0,100,100,0,0,0,0,0,100,100,0,0.000000,0,8032,0.000000,0,0,0,0,108,8,0,8,100,4132,232,0,0,0,0,108,0,0,0,0,277,9400
2480,W1,1,1,5,5,0,0,0,0,0,0,0,100,100,100,0,0,0,0,100,100,100,100.000000,1600,8032,19.920319,10,10,10,10,108,8,0,8,100,4132,232,0,0,0,0,108,0,0,0,0,281,9400
2481,W1,1,1,5,5,0,0,0,0,0,0,0,100,100,0,0,0,0,0,100,100,0,0.000000,0,8032,0.000000,0,0,0,0,108,8,0,8,100,4132,232,0,0,0,0,108,0,0,0,0,278,9400
2482,W1,1,1,5,5,0,0,0,0,0,0,0,100,100,0,0,0,0,0,100,100,0,0.000000,0,8032,0.000000,0,0,0,0,108,8,0,8,100,4132,232,0,0,0,0,108,0,0,0,0,305,9400
2483,W1,1,1,5,5,0,0,0,0,0,0,0,100,100,0,0,0,0,0,100,100,0,0.000000,0,8032,0.000000,0,0,0,0,108,8,0,8,100,4132,232,0,0,0,0,108,0,0,0,0,280,9400
2484,W1,1,1,5,5,0,0,0,0,0,0,0,100,100,0,0,0,0,0,100,100,0,0.000000,0,8032,0.000000,0,0,0,0,108,8,0,8,100,4132,232,0,0,0,0,108,0,0,0,0,278,9400
2485,W1,1,1,5,5,0,0,0,0,0,0,0,100,100,0,0,0,0,0,100,100,0,0.000000,0,8032,0.000000,0,0,0,0,108,8,0,8,100,4132,232,0,0,0,0,108,0,0,0,0,313,9400
2486,W1,1,1,5,5,0,0,0,0,0,0,0,100,100,0,0,0,0,0,100,100,0,0.000000,0,8032,0.000000,0,0,0,0,108,8,0,8,100,4132,232,0,0,0,0,108,0,0,0,0,303,9400
2487,W1,1,1,5,5,0,0,0,0,0,0,0,100,100,0,0,0,0,0,100,100,0,0.000000,0,8032,0.000000,0,0,0,0,108,8,0,8,100,4132,232,0,0,0,0,108,0,0,0,0,377,9400
2488,W1,1,1,5,5,0,0,0,0,0,0,0,100,100,0,0,0,0,0,100,100,0,0.000000,0,8032,0.000000,0,0,0,0,108,8,0,8,100,4132,232,0,0,0,0,108,0,0,0,0,272,9400
2489,W1,1,1,5,5,0,0,0,0,0,0,0,100,100,100,0,0,0,0,100,100,100,100.000000,1600,8032,19.920319,10,10,10,10,108,8,0,8,100,4132,232,0,0,0,0,108,0,0,0,0,299,9400
2490,W1,1,1,5,5,0,0,0,0,0,0,0,100,100,0,0,0,0,0,100,100,0,0.000000,0,8032,0.000000,0,0,0,0,108,8,0,8,100,4132,232,0,0,0,0,108,0,0,0,0,301,9400
2491,W1,1,1,5,5,0,0,0,0,0,0,0,100,100,0,0,0,0,0,100,100,0,0.000000,0,8032,0.000000,0,0,0,0,108,8,0,8,100,4132,232,0,0,0,0,108,0,0,0,0,299,9400
2492,W1,1,1,5,5,0,0,0,0,0,0,0,100,100,0,0,0,0,0,100,100,0,0.000000,0,8032,0.000000,0,0,0,0,108,8,0,8,100,4132,232,0,0,0,0,108,0,0,0,0,289,9400
2493,W1,1,1,5,5,0,0,0,0,0,0,0,100,100,0,0,0,0,0,100,100,0,0.000000,0,8032,0.000000,0,0,0,0,108,8,0,8,100,4132,232,0,0,0,0,108,0,0,0,0,285,9400
2494,W1,1,1,5,5,0,0,0,0,0,0,0,100,100,0,0,0,0,0,100,100,0,0.000000,0,8032,0.000000,0,0,0,0,108,8,0,8,100,4132,232,0,0,0,0,108,0,0,0,0,314,9400
2495,W1,1,1,5,5,0,0,0,0,0,0,0,100,100,0,0,0,0,0,100,100,0,0.000000,0,8032,0.000000,0,0,0,0,108,8,0,8,100,4132,232,0,0,0,0,108,0,0,0,0,288,9400
2496,W1,1,1,5,5,0,0,0,0,0,0,0,100,100,0,0,0,0,0,100,100,0,0.000000,0,8032,0.000000,0,0,0,0,108,8,0,8,100,4132,232,0,0,0,0,108,0,0,0,0,292,9400
2497,W1,1,1,5,5,0,0,0,0,0,0,0,100,100,0,0,0,0,0,100,100,0,0.000000,0,8032,0.000000,0,0,0,0,108,8,0,8,100,4132,232,0,0,0,0,108,0,0,0,0,284,9400
2498,W1,1,1,5,5,0,0,0,0,0,0,0,100,100,100,0,0,0,0,100,100,100,100.000000,1600,8032,19.920319,10,10,10,10,108,8,0,8,100,4132,232,0,0,0,0,108,0,0,0,0,335,9400
2499,W1,1,1,5,5,0,0,0,0,0,0,0,100,100,0,0,0,0,0,100,100,0,0.000000,0,8032,0.000000,0,0,0,0,108,8,0,8,100,4132,232,0,0,0,0,108,0,0,0,0,313,9400
2500,W1,1,1,5,5,0,0,0,0,0,0,0,100,100,0,0,0,0,0,100,100,0,0.000000,0,8032,0.000000,0,0,0,0,108,8,0,8,100,4132,232,0,0,0,0,108,0,0,0,0,296,9400
2501,W1,1,1,5,5,0,0,0,0,0,0,0,100,100,0,0,0,0,0,100,100,0,0.000000,0,8032,0.000000,0,0,0,0,108,8,0,8,100,4132,232,0,0,0,0,108,0,0,0,0,281,9400
2502,W1,1,1,5,5,0,0,0,0,0,0,0,100,100,0,0,0,0,0,100,100,0,0.000000,0,8032,0.000000,0,0,0,0,108,8,0,8,100,4132,232,0,0,0,0,108,0,0,0,0,287,9400
2503,W1,1,1,5,5,0,0,0,0,0,0,0,100,100,0,0,0,0,0,100,100,0,0.000000,0,8032,0.000000,0,0,0,0,108,8,0,8,100,4132,232,0,0,0,0,108,0,0,0,0,337,9400
2504,W1,1,1,5,5,0,0,0,0,0,0,0,100,100,0,0,0,0,0,100,100,0,0.000000,0,8032,0.000000,0,0,0,0,108,8,0,8,100,4132,232,0,0,0,0,108,0,0,0,0,303,9400
2505,W1,1,1,5,5,0,0,0,0,0,0,0,100,100,0,0,0,0,0,100,100,0,0.000000,0,8032,0.000000,0,0,0,0,108,8,0,8,100,4132,232,0,0,0,0,108,0,0,0,0,288,9400
2506,W1,1,1,5,5,0,0,0,0,0,0,0,100,100,0,0,0,0,0,100,100,0,0.000000,0,8032,0.000000,0,0,0,0,108,8,0,8,100,4132,232,0,0,0,0,108,0,0,0,0,285,9400
2507,W1,1,1,5,5,0,0,0,0,0,0,0,100,100,100,0,0,0,0,100,100,100,100.000000,1600,8032,19.920319,10,10,10,10,108,8,0,8,100,4132,232,0,0,0,0,108,0,0,0,0,286,9400
2508,W1,1,1,5,5,0,0,0,0,0,0,0,100,100,0,0,0,0,0,100,100,0,0.000000,0,8032,0.000000,0,0,0,0,108,8,0,8,100,4132,232,0,0,0,0,108,0,0,0,0,282,9400
2509,W1,1,1,5,5,0,0,0,0,0,0,0,100,100,0,0,0,0,0,100,100,0,0.000000,0,8032,0.000000,0,0,0,0,108,8,0,8,100,4132,232,0,0,0,0,108,0,0,0,0,268,9400
2510,W1,1,1,5,5,0,0,0,0,0,0,0,100,100,0,0,0,0,0,100,100,0,0.000000,0,8032,0.000000,0,0,0,0,108,8,0,8,100,4132,232,0,0,0,0,108,0,0,0,0,272,9400
2511,W1,1,1,5,5,0,0,0,0,0,0,0,100,100,0,0,0,0,0,100,100,0,0.000000,0,8032,0.000000,0,0,0,0,108,8,0,8,100,4132,232,0,0,0,0,108,0,0,0,0,298,9400
2512,W1,1,1,5,5,0,0,0,0,0,0,0,100,100,0,0,0,0,0,100,100,0,0.000000,0,8032,0.000000,0,0,0,0,108,8,0,8,100,4132,232,0,0,0,0,108,0,0,0,0,280,9400
2513,W1,1,1,5,5,0,0,0,0,0,0,0,100,100,0,0,0,0,0,100,100,0,0.000000,0,8032,0.000000,0,0,0,0,108,8,0,8,100,4132,232,0,0,0,0,108,0,0,0,0,295,9400
2514,W1,1,1,5,5,0,0,0,0,0,0,0,100,100,0,0,0,0,0,100,100,0,0.000000,0,8032,0.000000,0,0,0,0,108,8,0,8,100,4132,232,0,0,0,0,108,0,0,0,0,312,9400
2515,W1,1,1,5,5,0,0,0,0,0,0,0,100,100,0,0,0,0,0,100,100,0,0.000000,0,8032,0.000000,0,0,0,0,108,8,0,8,100,4132,232,0,0,0,0,108,0,0,0,0,349,9400
2516,W1,1,1,5,5,0,0,0,0,0,0,0,100,100,100,0,0,0,0,100,100,100,100.000000,1600,8032,19.920319,10,10,10,10,108,8,0,8,100,4132,232,0,0,0,0,108,0,0,0,0,290,9400
2517,W1,1,1,5,5,0,0,0,0,0,0,0,100,100,0,0,0,0,0,100,100,0,0.000000,0,8032,0.000000,0,0,0,0,108,8,0,8,100,4132,232,0,0,0,0,108,0,0,0,0,273,9400
2518,W1,1,1,5,5,0,0,0,0,0,0,0,100,100,0,0,0,0,0,100,100,0,0.000000,0,8032,0.000000,0,0,0,0,108,8,0,8,100,4132,232,0,0,0,0,108,0,0,0,0,311,9400
2519,W1,1,1,5,5,0,0,0,0,0,0,0,100,100,0,0,0,0,0,100,100,0,0.000000,0,8032,0.000000,0,0,0,0,108,8,0,8,100,4132,232,0,0,0,0,108,0,0,0,0,287,9400
2520,W1,1,1,5,5,0,0,0,0,0,0,0,100,100,0,0,0,0,0,100,100,0,0.000000,0,8032,0.000000,0,0,0,0,108,8,0,8,100,4132,232,0,0,0,0,108,0,0,0,0,347,9400
2521,W1,1,1,5,5,0,0,0,0,0,0,0,100,100,0,0,0,0,0,100,100,0,0.000000,0,8032,0.000000,0,0,0,0,108,8,0,8,100,4132,232,0,0,0,0,108,0,0,0,0,275,9400
2522,W1,1,1,5,5,0,0,0,0,0,0,0,100,100,0,0,0,0,0,100,100,0,0.000000,0,8032,0.000000,0,0,0,0,108,8,0,8,100,4132,232,0,0,0,0,108,0,0,0,0,288,9400
2523,W1,1,1,5,5,0,0,0,0,0,0,0,100,100,0,0,0,0,0,100,100,0,0.000000,0,8032,0.000000,0,0,0,0,108,8,0,8,100,4132,232,0,0,0,0,108,0,0,0,0,295,9400
2524,W1,1,1,5,5,0,0,0,0,0,0,0,100,100,0,0,0,0,0,100,100,0,0.000000,0,8032,0.000000,0,0,0,0,108,8,0,8,100,4132,232,0,0,0,0,108,0,0,0,0,269,9400
2525,W1,1,1,5,5,0,0,0,0,0,0,0,100,100,100,0,0,0,0,100,100,100,100.000000,1600,8032,19.920319,10,10,10,10,108,8,0,8,100,4132,232,0,0,0,0,108,0,0,0,0,294,9400
2526,W1,1,1,5,5,0,0,0,0,0,0,0,100,100,0,0,0,0,0,100,100,0,0.000000,0,8032,0.000000,0,0,0,0,108,8,0,8,100,4132,232,0,0,0,0,108,0,0,0,0,278,9400
2527,W1,1,1,5,5,0,0,0,0,0,0,0,100,100,0,0,0,0,0,100,100,0,0.000000,0,8032,0.000000,0,0,0,0,108,8,0,8,100,4132,232,0,0,0,0,108,0,0,0,0,284,9400
2528,W1,1,1,5,5,0,0,0,0,0,0,0,100,100,0,0,0,0,0,100,100,0,0.000000,0,8032,0.000000,0,0,0,0,108,8,0,8,100,4132,232,0,0,0,0,108,0,0,0,0,287,9400
2529,W1,1,1,5,5,0,0,0,0,0,0,0,100,100,0,0,0,0,0,100,100,0,0.000000,0,8032,0.000000,0,0,0,0,108,8,0,8,100,4132,232,0,0,0,0,108,0,0,0,0,266,9400
2530,W1,1,1,5,5,0,0,0,0,0,0,0,100,100,0,0,0,0,0,100,100,0,0.000000,0,8032,0.000000,0,0,0,0,108,8,0,8,100,4132,232,0,0,0,0,108,0,0,0,0,305,9400
2531,W1,1,1,5,5,0,0,0,0,0,0,0,100,100,0,0,0,0,0,100,100,0,0.000000,0,8032,0.000000,0,0,0,0,108,8,0,8,100,4132,232,0,0,0,0,108,0,0,0,0,274,9400
2532,W1,1,1,5,5,0,0,0,0,0,0,0,100,100,0,0,0,0,0,100,100,0,0.000000,0,8032,0.000000,0,0,0,0,108,8,0,8,100,4132,232,0,0,0,0,108,0,0,0,0,271,9400
2533,W1,1,1,5,5,0,0,0,0,0,0,0,100,100,0,0,0,0,0,100,100,0,0.000000,0,8032,0.000000,0,0,0,0,108,8,0,8,100,4132,232,0,0,0,0,108,0,0,0,0,262,9400
2534,W1,1,1,5,5,0,0,0,0,0,0,0,100,100,100,0,0,0,0,100,100,100,100.000000,1600,8032,19.920319,10,10,10,10,108,8,0,8,100,4132,232,0,0,0,0,108,0,0,0,0,318,9400
2535,W1,1,1,5,5,0,0,0,0,0,0,0,100,100,0,0,0,0,0,100,100,0,0.000000,0,8032,0.000000,0,0,0,0,108,8,0,8,100,4132,232,0,0,0,0,108,0,0,0,0,302,9400
2536,W1,1,1,5,5,0,0,0,0,0,0,0,100,100,0,0,0,0,0,100,100,0,0.000000,0,8032,0.000000,0,0,0,0,108,8,0,8,100,4132,232,0,0,0,0,108,0,0,0,0,278,9400
2537,W1,1,1,5,5,0,0,0,0,0,0,0,100,100,0,0,0,0,0,100,100,0,0.000000,0,8032,0.000000,0,0,0,0,108,8,0,8,100,4132,232,0,0,0,0,108,0,0,0,0,284,9400
2538,W1,1,1,5,5,0,0,0,0,0,0,0,100,100,0,0,0,0,0,100,100,0,0.000000,0,8032,0.000000,0,0,0,0,108,8,0,8,100,4132,232,0,0,0,0,108,0,0,0,0,291,9400
2539,W1,1,1,5,5,0,0,0,0,0,0,0,100,100,0,0,0,0,0,100,100,0,0.000000,0,8032,0.000000,0,0,0,0,108,8,0,8,100,4132,232,0,0,0,0,108,0,0,0,0,266,9400
2540,W1,1,1,5,5,0,0,0,0,0,0,0,100,100,0,0,0,0,0,100,100,0,0.000000,0,8032,0.000000,0,0,0,0,108,8,0,8,100,4132,232,0,0,0,0,108,0,0,0,0,377,9400
2541,W1,1,1,5,5,0,0,0,0,0,0,0,100,100,0,0,0,0,0,100,100,0,0.000000,0,8032,0.000000,0,0,0,0,108,8,0,8,100,4132,232,0,0,0,0,108,0,0,0,0,282,9400
2542,W1,1,1,5,5,0,0,0,0,0,0,0,100,100,0,0,0,0,0,100,100,0,0.000000,0,8032,0.000000,0,0,0,0,108,8,0,8,100,4132,232,0,0,0,0,108,0,0,0,0,292,9400
2543,W1,1,1,5,5,0,0,0,0,0,0,0,100,100,100,0,0,0,0,100,100,100,100.000000,1600,8032,19.920319,10,10,10,10,108,8,0,8,100,4132,232,0,0,0,0,108,0,0,0,0,310,9400
2544,W1,1,1,5,5,0,0,0,0,0,0,0,100,100,0,0,0,0,0,100,100,0,0.000000,0,8032,0.000000,0,0,0,0,108,8,0,8,100,4132,232,0,0,0,0,108,0,0,0,0,336,9400
2545,W1,1,1,5,5,0,0,0,0,0,0,0,100,100,0,0,0,0,0,100,100,0,0.000000,0,8032,0.000000,0,0,0,0,108,8,0,8,100,4132,232,0,0,0,0,108,0,0,0,0,281,9400
2546,W1,1,1,5,5,0,0,0,0,0,0,0,100,100,0,0,0,0,0,100,100,0,0.000000,0,8032,0.000000,0,0,0,0,108,8,0,8,100,4132,232,0,0,0,0,108,0,0,0,0,289,9400
2547,W1,1,1,5,5,0,0,0,0,0,0,0,100,100,0,0,0,0,0,100,100,0,0.000000,0,8032,0.000000,0,0,0,0,108,8,0,8,100,4132,232,0,0,0,0,108,0,0,0,0,286,9400
2548,W1,1,1,5,5,0,0,0,0,0,0,0,100,100,0,0,0,0,0,100,100,0,0.000000,0,8032,0.000000,0,0,0,0,108,8,0,8,100,4132,232,0,0,0,0,108,0,0,0,0,280,9400
2549,W1,1,1,5,5,0,0,0,0,0,0,0,100,100,0,0,0,0,0,100,100,0,0.000000,0,8032,0.000000,0,0,0,0,108,8,0,8,100,4132,232,0,0,0,0,108,0,0,0,0,271,9400
2550,W1,1,1,5,5,0,0,0,0,0,0,0,100,100,0,0,0,0,0,100,100,0,0.000000,0,8032,0.000000,0,0,0,0,108,8,0,8,100,4132,232,0,0,0,0,108,0,0,0,0,304,9400
2551,W1,1,1,5,5,0,0,0,0,0,0,0,100,100,0,0,0,0,0,100,100,0,0.000000,0,8032,0.000000,0,0,0,0,108,8,0,8,100,4132,232,0,0,0,0,108,0,0,0,0,286,9400
2552,W1,1,1,5,5,0,0,0,0,0,0,0,100,100,100,0,0,0,0,100,100,100,100.000000,1600,8032,19.920319,10,10,10,10,108,8,0,8,100,4132,232,0,0,0,0,108,0,0,0,0,278,9400
2553,W1,1,1,5,5,0,0,0,0,0,0,0,100,100,0,0,0,0,0,100,100,0,0.000000,0,8032,0.000000,0,0,0,0,108,8,0,8,100,4132,232,0,0,0,0,108,0,0,0,0,290,9400
2554,W1,1,1,5,5,0,0,0,0,0,0,0,100,100,0,0,0,0,0,100,100,0,0.000000,0,8032,0.000000,0,0,0,0,108,8,0,8,100,4132,232,0,0,0,0,108,0,0,0,0,285,9400
2555,W1,1,1,5,5,0,0,0,0,0,0,0,100,100,0,0,0,0,0,100,100,0,0.000000,0,8032,0.000000,0,0,0,0,108,8,0,8,100,4132,232,0,0,0,0,108,0,0,0,0,294,9400
2556,W1,1,1,5,5,0,0,0,0,0,0,0,100,100,0,0,0,0,0,100,100,0,0.000000,0,8032,0.000000,0,0,0,0,108,8,0,8,100,4132,232,0,0,0,0,108,0,0,0,0,293,9400
2557,W1,1,1,5,5,0,0,0,0,0,0,0,100,100,0,0,0,0,0,100,100,0,0.000000,0,8032,0.000000,0,0,0,0,108,8,0,8,100,4132,232,0,0,0,0,108,0,0,0,0,271,9400
2558,W1,1,1,5,5,0,0,0,0,0,0,0,100,100,0,0,0,0,0,100,100,0,0.000000,0,8032,0.000000,0,0,0,0,108,8,0,8,100,4132,232,0,0,0,0,108,0,0,0,0,284,9400
2559,W1,1,1,5,5,0,0,0,0,0,0,0,100,100,0,0,0,0,0,100,100,0,0.000000,0,8032,0.000000,0,0,0,0,108,8,0,8,100,4132,232,0,0,0,0,108,0,0,0,0,297,9400
2560,W1,1,1,5,5,0,0,0,0,0,0,0,100,100,0,0,0,0,0,100,100,0,0.000000,0,8032,0.000000,0,0,0,0,108,8,0,8,100,4132,232,0,0,0,0,108,0,0,0,0,284,9400
2561,W1,1,1,5,5,0,0,0,0,0,0,0,100,100,100,0,0,0,0,100,100,100,100.000000,1600,8032,19.920319,10,10,10,10,108,8,0,8,100,4132,232,0,0,0,0,108,0,0,0,0,281,9400
2562,W1,1,1,5,5,0,0,0,0,0,0,0,100,100,0,0,0,0,0,100,100,0,0.000000,0,8032,0.000000,0,0,0,0,108,8,0,8,100,4132,232,0,0,0,0,108,0,0,0,0,273,9400
2563,W1,1,1,5,5,0,0,0,0,0,0,0,100,100,0,0,0,0,0,100,100,0,0.000000,0,8032,0.000000,0,0,0,0,108,8,0,8,100,4132,232,0,0,0,0,108,0,0,0,0,264,9400
2564,W1,1,1,5,5,0,0,0,0,0,0,0,100,100,0,0,0,0,0,100,100,0,0.000000,0,8032,0.000000,0,0,0,0,108,8,0,8,100,4132,232,0,0,0,0,108,0,0,0,0,297,9400
2565,W1,1,1,5,5,0,0,0,0,0,0,0,100,100,0,0,0,0,0,100,100,0,0.000000,0,8032,0.000000,0,0,0,0,108,8,0,8,100,4132,232,0,0,0,0,108,0,0,0,0,275,9400
2566,W1,1,1,5,5,0,0,0,0,0,0,0,100,100,0,0,0,0,0,100,100,0,0.000000,0,8032,0.000000,0,0,0,0,108,8,0,8,100,4132,232,0,0,0,0,108,0,0,0,0,296,9400
2567,W1,1,1,5,5,0,0,0,0,0,0,0,100,100,0,0,0,0,0,100,100,0,0.000000,0,8032,0.000000,0,0,0,0,108,8,0,8,100,4132,232,0,0,0,0,108,0,0,0,0,305,9400
2568,W1,1,1,5,5,0,0,0,0,0,0,0,100,100,0,0,0,0,0,100,100,0,0.000000,0,8032,0.000000,0,0,0,0,108,8,0,8,100,4132,232,0,0,0,0,108,0,0,0,0,332,9400
2569,W1,1,1,5,5,0,0,0,0,0,0,0,100,100,0,0,0,0,0,100,100,0,0.000000,0,8032,0.000000,0,0,0,0,108,8,0,8,100,4132,232,0,0,0,0,108,0,0,0,0,275,9400
2570,W1,1,1,5,5,0,0,0,0,0,0,0,100,100,100,0,0,0,0,100,100,100,100.000000,1600,8032,19.920319,10,10,10,10,108,8,0,8,100,4132,232,0,0,0,0,108,0,0,0,0,276,9400
2571,W1,1,1,5,5,0,0,0,0,0,0,0,100,100,0,0,0,0,0,100,100,0,0.000000,0,8032,0.000000,0,0,0,0,108,8,0,8,100,4132,232,0,0,0,0,108,0,0,0,0,268,9400
2572,W1,1,1,5,5,0,0,0,0,0,0,0,100,100,0,0,0,0,0,100,100,0,0.000000,0,8032,0.000000,0,0,0,0,108,8,0,8,100,4132,232,0,0,0,0,108,0,0,0,0,282,9400
2573,W1,1,1,5,5,0,0,0,0,0,0,0,100,100,0,0,0,0,0,100,100,0,0.000000,0,8032,0.000000,0,0,0,0,108,8,0,8,100,4132,232,0,0,0,0,108,0,0,0,0,305,9400
2574,W1,1,1,5,5,0,0,0,0,0,0,0,100,100,0,0,0,0,0,100,100,0,0.000000,0,8032,0.000000,0,0,0,0,108,8,0,8,100,4132,232,0,0,0,0,108,0,0,0,0,281,9400
2575,W1,1,1,5,5,0,0,0,0,0,0,0,100,100,0,0,0,0,0,100,100,0,0.000000,0,8032,0.000000,0,0,0,0,108,8,0,8,100,4132,232,0,0,0,0,108,0,0,0,0,309,9400
2576,W1,1,1,5,5,0,0,0,0,0,0,0,100,100,0,0,0,0,0,100,100,0,0.000000,0,8032,0.000000,0,0,0,0,108,8,0,8,100,4132,232,0,0,0,0,108,0,0,0,0,282,9400
2577,W1,1,1,5,5,0,0,0,0,0,0,0,100,100,0,0,0,0,0,100,100,0,0.000000,0,8032,0.000000,0,0,0,0,108,8,0,8,100,4132,232,0,0,0,0,108,0,0,0,0,320,9400
2578,W1,1,1,5,5,0,0,0,0,0,0,0,100,100,0,0,0,0,0,100,100,0,0.000000,0,8032,0.000000,0,0,0,0,108,8,0,8,100,4132,232,0,0,0,0,108,0,0,0,0,293,9400
2579,W1,1,1,5,5,0,0,0,0,0,0,0,100,100,100,0,0,0,0,100,100,100,100.000000,1600,8032,19.920319,10,10,10,10,108,8,0,8,100,4132,232,0,0,0,0,108,0,0,0,0,302,9400
2580,W1,1,1,5,5,0,0,0,0,0,0,0,100,100,0,0,0,0,0,100,100,0,0.000000,0,8032,0.000000,0,0,0,0,108,8,0,8,100,4132,232,0,0,0,0,108,0,0,0,0,285,9400
2581,W1,1,1,5,5,0,0,0,0,0,0,0,100,100,0,0,0,0,0,100,100,0,0.000000,0,8032,0.000000,0,0,0,0,108,8,0,8,100,4132,232,0,0,0,0,108,0,0,0,0,303,9400
2582,W1,1,1,5,5,0,0,0,0,0,0,0,100,100,0,0,0,0,0,100,100,0,0.000000,0,8032,0.000000,0,0,0,0,108,8,0,8,100,4132,232,0,0,0,0,108,0,0,0,0,306,9400
2583,W1,1,1,5,5,0,0,0,0,0,0,0,100,100,0,0,0,0,0,100,100,0,0.000000,0,8032,0.000000,0,0,0,0,108,8,0,8,100,4132,232,0,0,0,0,108,0,0,0,0,271,9400
2584,W1,1,1,5,5,0,0,0,0,0,0,0,100,100,0,0,0,0,0,100,100,0,0.000000,0,8032,0.000000,0,0,0,0,108,8,0,8,100,4132,232,0,0,0,0,108,0,0,0,0,304,9400
2585,W1,1,1,5,5,0,0,0,0,0,0,0,100,100,0,0,0,0,0,100,100,0,0.000000,0,8032,0.000000,0,0,0,0,108,8,0,8,100,4132,232,0,0,0,0,108,0,0,0,0,275,9400
2586,W1,1,1,5,5,0,0,0,0,0,0,0,100,100,0,0,0,0,0,100,100,0,0.000000,0,8032,0.000000,0,0,0,0,108,8,0,8,100,4132,232,0,0,0,0,108,0,0,0,0,268,9400
2587,W1,1,1,5,5,0,0,0,0,0,0,0,100,100,0,0,0,0,0,100,100,0,0.000000,0,8032,0.000000,0,0,0,0,108,8,0,8,100,4132,232,0,0,0,0,108,0,0,0,0,275,9400
2588,W1,1,1,5,5,0,0,0,0,0,0,0,100,100,100,0,0,0,0,100,100,100,100.000000,1600,8032,19.920319,10,10,10,10,108,8,0,8,100,4132,232,0,0,0,0,108,0,0,0,0,287,9400
2589,W1,1,1,5,5,0,0,0,0,0,0,0,100,100,0,0,0,0,0,100,100,0,0.000000,0,8032,0.000000,0,0,0,0,108,8,0,8,100,4132,232,0,0,0,0,108,0,0,0,0,276,9400
2590,W1,1,1,5,5,0,0,0,0,0,0,0,100,100,0,0,0,0,0,100,100,0,0.000000,0,8032,0.000000,0,0,0,0,108,8,0,8,100,4132,232,0,0,0,0,108,0,0,0,0,278,9400
2591,W1,1,1,5,5,0,0,0,0,0,0,0,100,100,0,0,0,0,0,100,100,0,0.000000,0,8032,0.000000,0,0,0,0,108,8,0,8,100,4132,232,0,0,0,0,108,0,0,0,0,293,9400
2592,W1,1,1,5,5,0,0,0,0,0,0,0,100,100,0,0,0,0,0,100,100,0,0.000000,0,8032,0.000000,0,0,0,0,108,8,0,8,100,4132,232,0,0,0,0,108,0,0,0,0,306,9400
2593,W1,1,1,5,5,0,0,0,0,0,0,0,100,100,0,0,0,0,0,100,100,0,0.000000,0,8032,0.000000,0,0,0,0,108,8,0,8,100,4132,232,0,0,0,0,108,0,0,0,0,270,9400
2594,W1,1,1,5,5,0,0,0,0,0,0,0,100,100,0,0,0,0,0,100,100,0,0.000000,0,8032,0.000000,0,0,0,0,108,8,0,8,100,4132,232,0,0,0,0,108,0,0,0,0,275,9400
2595,W1,1,1,5,5,0,0,0,0,0,0,0,100,100,0,0,0,0,0,100,100,0,0.000000,0,8032,0.000000,0,0,0,0,108,8,0,8,100,4132,232,0,0,0,0,108,0,0,0,0,296,9400
2596,W1,1,1,5,5,0,0,0,0,0,0,0,100,100,0,0,0,0,0,100,100,0,0.000000,0,8032,0.000000,0,0,0,0,108,8,0,8,100,4132,232,0,0,0,0,108,0,0,0,0,281,9400
2597,W1,1,1,5,5,0,0,0,0,0,0,0,100,100,100,0,0,0,0,100,100,100,100.000000,1600,8032,19.920319,10,10,10,10,108,8,0,8,100,4132,232,0,0,0,0,108,0,0,0,0,278,9400
2598,W1,1,1,5,5,0,0,0,0,0,0,0,100,100,0,0,0,0,0,100,100,0,0.000000,0,8032,0.000000,0,0,0,0,108,8,0,8,100,4132,232,0,0,0,0,108,0,0,0,0,308,9400
2599,W1,1,1,5,5,0,0,0,0,0,0,0,100,100,0,0,0,0,0,100,100,0,0.000000,0,8032,0.000000,0,0,0,0,108,8,0,8,100,4132,232,0,0,0,0,108,0,0,0,0,312,9400
2600,W1,1,1,5,5,0,0,0,0,0,0,0,100,100,0,0,0,0,0,100,100,0,0.000000,0,8032,0.000000,0,0,0,0,108,8,0,8,100,4132,232,0,0,0,0,108,0,0,0,0,285,9400
2601,W1,1,1,5,5,0,0,0,0,0,0,0,100,100,0,0,0,0,0,100,100,0,0.000000,0,8032,0.000000,0,0,0,0,108,8,0,8,100,4132,232,0,0,0,0,108,0,0,0,0,281,9400
2602,W1,1,1,5,5,0,0,0,0,0,0,0,100,100,0,0,0,0,0,100,100,0,0.000000,0,8032,0.000000,0,0,0,0,108,8,0,8,100,4132,232,0,0,0,0,108,0,0,0,0,287,9400
2603,W1,1,1,5,5,0,0,0,0,0,0,0,100,100,0,0,0,0,0,100,100,0,0.000000,0,8032,0.000000,0,0,0,0,108,8,0,8,100,4132,232,0,0,0,0,108,0,0,0,0,300,9400
2604,W1,1,1,5,5,0,0,0,0,0,0,0,100,100,0,0,0,0,0,100,100,0,0.000000,0,8032,0.000000,0,0,0,0,108,8,0,8,100,4132,232,0,0,0,0,108,0,0,0,0,283,9400
2605,W1,1,1,5,5,0,0,0,0,0,0,0,100,100,0,0,0,0,0,100,100,0,0.000000,0,8032,0.000000,0,0,0,0,108,8,0,8,100,4132,232,0,0,0,0,108,0,0,0,0,305,9400
2606,W1,1,1,5,5,0,0,0,0,0,0,0,100,100,100,0,0,0,0,100,100,100,100.000000,1600,8032,19.920319,10,10,10,10,108,8,0,8,100,4132,232,0,0,0,0,108,0,0,0,0,286,9400
2607,W1,1,1,5,5,0,0,0,0,0,0,0,100,100,0,0,0,0,0,100,100,0,0.000000,0,8032,0.000000,0,0,0,0,108,8,0,8,100,4132,232,0,0,0,0,108,0,0,0,0,281,9400
2608,W1,1,1,5,5,0,0,0,0,0,0,0,100,100,0,0,0,0,0,100,100,0,0.000000,0,8032,0.000000,0,0,0,0,108,8,0,8,100,4132,232,0,0,0,0,108,0,0,0,0,303,9400
2609,W1,1,1,5,5,0,0,0,0,0,0,0,100,100,0,0,0,0,0,100,100,0,0.000000,0,8032,0.000000,0,0,0,0,108,8,0,8,100,4132,232,0,0,0,0,108,0,0,0,0,311,9400
2610,W1,1,1,5,5,0,0,0,0,0,0,0,100,100,0,0,0,0,0,100,100,0,0.000000,0,8032,0.000000,0,0,0,0,108,8,0,8,100,4132,232,0,0,0,0,108,0,0,0,0,290,9400
2611,W1,1,1,5,5,0,0,0,0,0,0,0,100,100,0,0,0,0,0,100,100,0,0.000000,0,8032,0.000000,0,0,0,0,108,8,0,8,100,4132,232,0,0,0,0,108,0,0,0,0,294,9400
2612,W1,1,1,5,5,0,0,0,0,0,0,0,100,100,0,0,0,0,0,100,100,0,0.000000,0,8032,0.000000,0,0,0,0,108,8,0,8,100,4132,232,0,0,0,0,108,0,0,0,0,280,9400
2613,W1,1,1,5,5,0,0,0,0,0,0,0,100,100,0,0,0,0,0,100,100,0,0.000000,0,8032,0.000000,0,0,0,0,108,8,0,8,100,4132,232,0,0,0,0,108,0,0,0,0,268,9400
2614,W1,1,1,5,5,0,0,0,0,0,0,0,100,100,0,0,0,0,0,100,100,0,0.000000,0,8032,0.000000,0,0,0,0,108,8,0,8,100,4132,232,0,0,0,0,108,0,0,0,0,280,9400
2615,W1,1,1,5,5,0,0,0,0,0,0,0,100,100,100,0,0,0,0,100,100,100,100.000000,1600,8032,19.920319,10,10,10,10,108,8,0,8,100,4132,232,0,0,0,0,108,0,0,0,0,272,9400
2616,W1,1,1,5,5,0,0,0,0,0,0,0,100,100,0,0,0,0,0,100,100,0,0.000000,0,8032,0.000000,0,0,0,0,108,8,0,8,100,4132,232,0,0,0,0,108,0,0,0,0,272,9400
2617,W1,1,1,5,5,0,0,0,0,0,0,0,100,100,0,0,0,0,0,100,100,0,0.000000,0,8032,0.000000,0,0,0,0,108,8,0,8,100,4132,232,0,0,0,0,108,0,0,0,0,321,9400
2618,W1,1,1,5,5,0,0,0,0,0,0,0,100,100,0,0,0,0,0,100,100,0,0.000000,0,8032,0.000000,0,0,0,0,108,8,0,8,100,4132,232,0,0,0,0,108,0,0,0,0,280,9400
2619,W1,1,1,5,5,0,0,0,0,0,0,0,100,100,0,0,0,0,0,100,100,0,0.000000,0,8032,0.000000,0,0,0,0,108,8,0,8,100,4132,232,0,0,0,0,108,0,0,0,0,281,9400
2620,W1,1,1,5,5,0,0,0,0,0,0,0,100,100,0,0,0,0,0,100,100,0,0.000000,0,8032,0.000000,0,0,0,0,108,8,0,8,100,4132,232,0,0,0,0,108,0,0,0,0,286,9400
2621,W1,1,1,5,5,0,0,0,0,0,0,0,100,100,0,0,0,0,0,100,100,0,0.000000,0,8032,0.000000,0,0,0,0,108,8,0,8,100,4132,232,0,0,0,0,108,0,0,0,0,282,9400
2622,W1,1,1,5,5,0,0,0,0,0,0,0,100,100,0,0,0,0,0,100,100,0,0.000000,0,8032,0.000000,0,0,0,0,108,8,0,8,100,4132,232,0,0,0,0,108,0,0,0,0,302,9400
2623,W1,1,1,5,5,0,0,0,0,0,0,0,100,100,0,0,0,0,0,100,100,0,0.000000,0,8032,0.000000,0,0,0,0,108,8,0,8,100,4132,232,0,0,0,0,108,0,0,0,0,309,9400
2624,W1,1,1,5,5,0,0,0,0,0,0,0,100,100,100,0,0,0,0,100,100,100,100.000000,1600,8032,19.920319,10,10,10,10,108,8,0,8,100,4132,232,0,0,0,0,108,0,0,0,0,307,9400
2625,W1,1,1,5,5,0,0,0,0,0,0,0,100,100,0,0,0,0,0,100,100,0,0.000000,0,8032,0.000000,0,0,0,0,108,8,0,8,100,4132,232,0,0,0,0,108,0,0,0,0,266,9400
2626,W1,1,1,5,5,0,0,0,0,0,0,0,100,100,0,0,0,0,0,100,100,0,0.000000,0,8032,0.000000,0,0,0,0,108,8,0,8,100,4132,232,0,0,0,0,108,0,0,0,0,342,9400
2627,W1,1,1,5,5,0,0,0,0,0,0,0,100,100,0,0,0,0,0,100,100,0,0.000000,0,8032,0.000000,0,0,0,0,108,8,0,8,100,4132,232,0,0,0,0,108,0,0,0,0,278,9400
2628,W1,1,1,5,5,0,0,0,0,0,0,0,100,100,0,0,0,0,0,100,100,0,0.000000,0,8032,0.000000,0,0,0,0,108,8,0,8,100,4132,232,0,0,0,0,108,0,0,0,0,273,9400
2629,W1,1,1,5,5,0,0,0,0,0,0,0,100,100,0,0,0,0,0,100,100,0,0.000000,0,8032,0.000000,0,0,0,0,108,8,0,8,100,4132,232,0,0,0,0,108,0,0,0,0,287,9400
2630,W1,1,1,5,5,0,0,0,0,0,0,0,100,100,0,0,0,0,0,100,100,0,0.000000,0,8032,0.000000,0,0,0,0,108,8,0,8,100,4132,232,0,0,0,0,108,0,0,0,0,326,9400
2631,W1,1,1,5,5,0,0,0,0,0,0,0,100,100,0,0,0,0,0,100,100,0,0.000000,0,8032,0.000000,0,0,0,0,108,8,0,8,100,4132,232,0,0,0,0,108,0,0,0,0,307,9400
2632,W1,1,1,5,5,0,0,0,0,0,0,0,100,100,0,0,0,0,0,100,100,0,0.000000,0,8032,0.000000,0,0,0,0,108,8,0,8,100,4132,232,0,0,0,0,108,0,0,0,0,285,9400
2633,W1,1,1,5,5,0,0,0,0,0,0,0,100,100,100,0,0,0,0,100,100,100,100.000000,1600,8032,19.920319,10,10,10,10,108,8,0,8,100,4132,232,0,0,0,0,108,0,0,0,0,286,9400
2634,W1,1,1,5,5,0,0,0,0,0,0,0,100,100,0,0,0,0,0,100,100,0,0.000000,0,8032,0.000000,0,0,0,0,108,8,0,8,100,4132,232,0,0,0,0,108,0,0,0,0,290,9400
2635,W1,1,1,5,5,0,0,0,0,0,0,0,100,100,0,0,0,0,0,100,100,0,0.000000,0,8032,0.000000,0,0,0,0,108,8,0,8,100,4132,232,0,0,0,0,108,0,0,0,0,291,9400
2636,W1,1,1,5,5,0,0,0,0,0,0,0,100,100,0,0,0,0,0,100,100,0,0.000000,0,8032,0.000000,0,0,0,0,108,8,0,8,100,4132,232,0,0,0,0,108,0,0,0,0,310,9400
2637,W1,1,1,5,5,0,0,0,0,0,0,0,100,100,0,0,0,0,0,100,100,0,0.000000,0,8032,0.000000,0,0,0,0,108,8,0,8,100,4132,232,0,0,0,0,108,0,0,0,0,285,9400
2638,W1,1,1,5,5,0,0,0,0,0,0,0,100,100,0,0,0,0,0,100,100,0,0.000000,0,8032,0.000000,0,0,0,0,108,8,0,8,100,4132,232,0,0,0,0,108,0,0,0,0,314,9400
2639,W1,1,1,5,5,0,0,0,0,0,0,0,100,100,0,0,0,0,0,100,100,0,0.000000,0,8032,0.000000,0,0,0,0,108,8,0,8,100,4132,232,0,0,0,0,108,0,0,0,0,287,9400
2640,W1,1,1,5,5,0,0,0,0,0,0,0,100,100,0,0,0,0,0,100,100,0,0.000000,0,8032,0.000000,0,0,0,0,108,8,0,8,100,4132,232,0,0,0,0,108,0,0,0,0,304,9400
2641,W1,1,1,5,5,0,0,0,0,0,0,0,100,100,0,0,0,0,0,100,100,0,0.000000,0,8032,0.000000,0,0,0,0,108,8,0,8,100,4132,232,0,0,0,0,108,0,0,0,0,306,9400
2642,W1,1,1,5,5,0,0,0,0,0,0,0,100,100,100,0,0,0,0,100,100,100,100.000000,1600,8032,19.920319,10,10,10,10,108,8,0,8,100,4132,232,0,0,0,0,108,0,0,0,0,289,9400
2643,W1,1,1,5,5,0,0,0,0,0,0,0,100,100,0,0,0,0,0,100,100,0,0.000000,0,8032,0.000000,0,0,0,0,108,8,0,8,100,4132,232,0,0,0,0,108,0,0,0,0,308,9400
2644,W1,1,1,5,5,0,0,0,0,0,0,0,100,100,0,0,0,0,0,100,100,0,0.000000,0,8032,0.000000,0,0,0,0,108,8,0,8,100,4132,232,0,0,0,0,108,0,0,0,0,292,9400
2645,W1,1,1,5,5,0,0,0,0,0,0,0,100,100,0,0,0,0,0,100,100,0,0.000000,0,8032,0.000000,0,0,0,0,108,8,0,8,100,4132,232,0,0,0,0,108,0,0,0,0,326,9400
2646,W1,1,1,5,5,0,0,0,0,0,0,0,100,100,0,0,0,0,0,100,100,0,0.000000,0,8032,0.000000,0,0,0,0,108,8,0,8,100,4132,232,0,0,0,0,108,0,0,0,0,286,9400
2647,W1,1,1,5,5,0,0,0,0,0,0,0,100,100,0,0,0,0,0,100,100,0,0.000000,0,8032,0.000000,0,0,0,0,108,8,0,8,100,4132,232,0,0,0,0,108,0,0,0,0,281,9400
2648,W1,1,1,5,5,0,0,0,0,0,0,0,100,100,0,0,0,0,0,100,100,0,0.000000,0,8032,0.000000,0,0,0,0,108,8,0,8,100,4132,232,0,0,0,0,108,0,0,0,0,287,9400
2649,W1,1,1,5,5,0,0,0,0,0,0,0,100,100,0,0,0,0,0,100,100,0,0.000000,0,8032,0.000000,0,0,0,0,108,8,0,8,100,4132,232,0,0,0,0,108,0,0,0,0,318,9400
2650,W1,1,1,5,5,0,0,0,0,0,0,0,100,100,0,0,0,0,0,100,100,0,0.000000,0,8032,0.000000,0,0,0,0,108,8,0,8,100,4132,232,0,0,0,0,108,0,0,0,0,366,9400
2651,W1,1,1,5,5,0,0,0,0,0,0,0,100,100,100,0,0,0,0,100,100,100,100.000000,1600,8032,19.920319,10,10,10,10,108,8,0,8,100,4132,232,0,0,0,0,108,0,0,0,0,309,9400
2652,W1,1,1,5,5,0,0,0,0,0,0,0,100,100,0,0,0,0,0,100,100,0,0.000000,0,8032,0.000000,0,0,0,0,108,8,0,8,100,4132,232,0,0,0,0,108,0,0,0,0,305,9400
2653,W1,1,1,5,5,0,0,0,0,0,0,0,100,100,0,0,0,0,0,100,100,0,0.000000,0,8032,0.000000,0,0,0,0,108,8,0,8,100,4132,232,0,0,0,0,108,0,0,0,0,286,9400
2654,W1,1,1,5,5,0,0,0,0,0,0,0,100,100,0,0,0,0,0,100,100,0,0.000000,0,8032,0.000000,0,0,0,0,108,8,0,8,100,4132,232,0,0,0,0,108,0,0,0,0,371,9400
2655,W1,1,1,5,5,0,0,0,0,0,0,0,100,100,0,0,0,0,0,100,100,0,0.000000,0,8032,0.000000,0,0,0,0,108,8,0,8,100,4132,232,0,0,0,0,108,0,0,0,0,321,9400
2656,W1,1,1,5,5,0,0,0,0,0,0,0,100,100,0,0,0,0,0,100,100,0,0.000000,0,8032,0.000000,0,0,0,0,108,8,0,8,100,4132,232,0,0,0,0,108,0,0,0,0,289,9400
2657,W1,1,1,5,5,0,0,0,0,0,0,0,100,100,0,0,0,0,0,100,100,0,0.000000,0,8032,0.000000,0,0,0,0,108,8,0,8,100,4132,232,0,0,0,0,108,0,0,0,0,286,9400
2658,W1,1,1,5,5,0,0,0,0,0,0,0,100,100,0,0,0,0,0,100,100,0,0.000000,0,8032,0.000000,0,0,0,0,108,8,0,8,100,4132,232,0,0,0,0,108,0,0,0,0,334,9400
2659,W1,1,1,5,5,0,0,0,0,0,0,0,100,100,0,0,0,0,0,100,100,0,0.000000,0,8032,0.000000,0,0,0,0,108,8,0,8,100,4132,232,0,0,0,0,108,0,0,0,0,331,9400
2660,W1,1,1,5,5,0,0,0,0,0,0,0,100,100,100,0,0,0,0,100,100,100,100.000000,1600,8032,19.920319,10,10,10,10,108,8,0,8,100,4132,232,0,0,0,0,108,0,0,0,0,333,9400
2661,W1,1,1,5,5,0,0,0,0,0,0,0,100,100,0,0,0,0,0,100,100,0,0.000000,0,8032,0.000000,0,0,0,0,108,8,0,8,100,4132,232,0,0,0,0,108,0,0,0,0,276,9400
2662,W1,1,1,5,5,0,0,0,0,0,0,0,100,100,0,0,0,0,0,100,100,0,0.000000,0,8032,0.000000,0,0,0,0,108,8,0,8,100,4132,232,0,0,0,0,108,0,0,0,0,299,9400
2663,W1,1,1,5,5,0,0,0,0,0,0,0,100,100,0,0,0,0,0,100,100,0,0.000000,0,8032,0.000000,0,0,0,0,108,8,0,8,100,4132,232,0,0,0,0,108,0,0,0,0,281,9400
2664,W1,1,1,5,5,0,0,0,0,0,0,0,100,100,0,0,0,0,0,100,100,0,0.000000,0,8032,0.000000,0,0,0,0,108,8,0,8,100,4132,232,0,0,0,0,108,0,0,0,0,303,9400
2665,W1,1,1,5,5,0,0,0,0,0,0,0,100,100,0,0,0,0,0,100,100,0,0.000000,0,8032,0.000000,0,0,0,0,108,8,0,8,100,4132,232,0,0,0,0,108,0,0,0,0,281,9400
2666,W1,1,1,5,5,0,0,0,0,0,0,0,100,100,0,0,0,0,0,100,100,0,0.000000,0,8032,0.000000,0,0,0,0,108,8,0,8,100,4132,232,0,0,0,0,108,0,0,0,0,302,9400
2667,W1,1,1,5,5,0,0,0,0,0,0,0,100,100,0,0,0,0,0,100,100,0,0.000000,0,8032,0.000000,0,0,0,0,108,8,0,8,100,4132,232,0,0,0,0,108,0,0,0,0,281,9400
2668,W1,1,1,5,5,0,0,0,0,0,0,0,100,100,0,0,0,0,0,100,100,0,0.000000,0,8032,0.000000,0,0,0,0,108,8,0,8,100,4132,232,0,0,0,0,108,0,0,0,0,300,9400
2669,W1,1,1,5,5,0,0,0,0,0,0,0,100,100,100,0,0,0,0,100,100,100,100.000000,1600,8032,19.920319,10,10,10,10,108,8,0,8,100,4132,232,0,0,0,0,108,0,0,0,0,290,9400
2670,W1,1,1,5,5,0,0,0,0,0,0,0,100,100,0,0,0,0,0,100,100,0,0.000000,0,8032,0.000000,0,0,0,0,108,8,0,8,100,4132,232,0,0,0,0,108,0,0,0,0,319,9400
2671,W1,1,1,5,5,0,0,0,0,0,0,0,100,100,0,0,0,0,0,100,100,0,0.000000,0,8032,0.000000,0,0,0,0,108,8,0,8,100,4132,232,0,0,0,0,108,0,0,0,0,290,9400
2672,W1,1,1,5,5,0,0,0,0,0,0,0,100,100,0,0,0,0,0,100,100,0,0.000000,0,8032,0.000000,0,0,0,0,108,8,0,8,100,4132,232,0,0,0,0,108,0,0,0,0,294,9400
2673,W1,1,1,5,5,0,0,0,0,0,0,0,100,100,0,0,0,0,0,100,100,0,0.000000,0,8032,0.000000,0,0,0,0,108,8,0,8,100,4132,232,0,0,0,0,108,0,0,0,0,297,9400
2674,W1,1,1,5,5,0,0,0,0,0,0,0,100,100,0,0,0,0,0,100,100,0,0.000000,0,8032,0.000000,0,0,0,0,108,8,0,8,100,4132,232,0,0,0,0,108,0,0,0,0,293,9400
2675,W1,1,1,5,5,0,0,0,0,0,0,0,100,100,0,0,0,0,0,100,100,0,0.000000,0,8032,0.000000,0,0,0,0,108,8,0,8,100,4132,232,0,0,0,0,108,0,0,0,0,292,9400
2676,W1,1,1,5,5,0,0,0,0,0,0,0,100,100,0,0,0,0,0,100,100,0,0.000000,0,8032,0.000000,0,0,0,0,108,8,0,8,100,4132,232,0,0,0,0,108,0,0,0,0,295,9400
2677,W1,1,1,5,5,0,0,0,0,0,0,0,100,100,0,0,0,0,0,100,100,0,0.000000,0,8032,0.000000,0,0,0,0,108,8,0,8,100,4132,232,0,0,0,0,108,0,0,0,0,283,9400
2678,W1,1,1,5,5,0,0,0,0,0,0,0,100,100,100,0,0,0,0,100,100,100,100.000000,1600,8032,19.920319,10,10,10,10,108,8,0,8,100,4132,232,0,0,0,0,108,0,0,0,0,348,9400
2679,W1,1,1,5,5,0,0,0,0,0,0,0,100,100,0,0,0,0,0,100,100,0,0.000000,0,8032,0.000000,0,0,0,0,108,8,0,8,100,4132,232,0,0,0,0,108,0,0,0,0,293,9400
2680,W1,1,1,5,5,0,0,0,0,0,0,0,100,100,0,0,0,0,0,100,100,0,0.000000,0,8032,0.000000,0,0,0,0,108,8,0,8,100,4132,232,0,0,0,0,108,0,0,0,0,294,9400
2681,W1,1,1,5,5,0,0,0,0,0,0,0,100,100,0,0,0,0,0,100,100,0,0.000000,0,8032,0.000000,0,0,0,0,108,8,0,8,100,4132,232,0,0,0,0,108,0,0,0,0,278,9400
2682,W1,1,1,5,5,0,0,0,0,0,0,0,100,100,0,0,0,0,0,100,100,0,0.000000,0,8032,0.000000,0,0,0,0,108,8,0,8,100,4132,232,0,0,0,0,108,0,0,0,0,278,9400
2683,W1,1,1,5,5,0,0,0,0,0,0,0,100,100,0,0,0,0,0,100,100,0,0.000000,0,8032,0.000000,0,0,0,0,108,8,0,8,100,4132,232,0,0,0,0,108,0,0,0,0,302,9400
2684,W1,1,1,5,5,0,0,0,0,0,0,0,100,100,0,0,0,0,0,100,100,0,0.000000,0,8032,0.000000,0,0,0,0,108,8,0,8,100,4132,232,0,0,0,0,108,0,0,0,0,303,9400
2685,W1,1,1,5,5,0,0,0,0,0,0,0,100,100,0,0,0,0,0,100,100,0,0.000000,0,8032,0.000000,0,0,0,0,108,8,0,8,100,4132,232,0,0,0,0,108,0,0,0,0,276,9400
2686,W1,1,1,5,5,0,0,0,0,0,0,0,100,100,0,0,0,0,0,100,100,0,0.000000,0,8032,0.000000,0,0,0,0,108,8,0,8,100,4132,232,0,0,0,0,108,0,0,0,0,302,9400
2687,W1,1,1,5,5,0,0,0,0,0,0,0,100,100,100,0,0,0,0,100,100,100,100.000000,1600,8032,19.920319,10,10,10,10,108,8,0,8,100,4132,232,0,0,0,0,108,0,0,0,0,281,9400
2688,W1,1,1,5,5,0,0,0,0,0,0,0,100,100,0,0,0,0,0,100,100,0,0.000000,0,8032,0.000000,0,0,0,0,108,8,0,8,100,4132,232,0,0,0,0,108,0,0,0,0,292,9400
2689,W1,1,1,5,5,0,0,0,0,0,0,0,100,100,0,0,0,0,0,100,100,0,0.000000,0,8032,0.000000,0,0,0,0,108,8,0,8,100,4132,232,0,0,0,0,108,0,0,0,0,286,9400
2690,W1,1,1,5,5,0,0,0,0,0,0,0,100,100,0,0,0,0,0,100,100,0,0.000000,0,8032,0.000000,0,0,0,0,108,8,0,8,100,4132,232,0,0,0,0,108,0,0,0,0,336,9400
2691,W1,1,1,5,5,0,0,0,0,0,0,0,100,100,0,0,0,0,0,100,100,0,0.000000,0,8032,0.000000,0,0,0,0,108,8,0,8,100,4132,232,0,0,0,0,108,0,0,0,0,299,9400
2692,W1,1,1,5,5,0,0,0,0,0,0,0,100,100,0,0,0,0,0,100,100,0,0.000000,0,8032,0.000000,0,0,0,0,108,8,0,8,100,4132,232,0,0,0,0,108,0,0,0,0,291,9400
2693,W1,1,1,5,5,0,0,0,0,0,0,0,100,100,0,0,0,0,0,100,100,0,0.000000,0,8032,0.000000,0,0,0,0,108,8,0,8,100,4132,232,0,0,0,0,108,0,0,0,0,283,9400
2694,W1,1,1,5,5,0,0,0,0,0,0,0,100,100,0,0,0,0,0,100,100,0,0.000000,0,8032,0.000000,0,0,0,0,108,8,0,8,100,4132,232,0,0,0,0,108,0,0,0,0,281,9400
2695,W1,1,1,5,5,0,0,0,0,0,0,0,100,100,0,0,0,0,0,100,100,0,0.000000,0,8032,0.000000,0,0,0,0,108,8,0,8,100,4132,232,0,0,0,0,108,0,0,0,0,286,9400
2696,W1,1,1,5,5,0,0,0,0,0,0,0,100,100,100,0,0,0,0,100,100,100,100.000000,1600,8032,19.920319,10,10,10,10,108,8,0,8,100,4132,232,0,0,0,0,108,0,0,0,0,290,9400
2697,W1,1,1,5,5,0,0,0,0,0,0,0,100,100,0,0,0,0,0,100,100,0,0.000000,0,8032,0.000000,0,0,0,0,108,8,0,8,100,4132,232,0,0,0,0,108,0,0,0,0,309,9400
2698,W1,1,1,5,5,0,0,0,0,0,0,0,100,100,0,0,0,0,0,100,100,0,0.000000,0,8032,0.000000,0,0,0,0,108,8,0,8,100,4132,232,0,0,0,0,108,0,0,0,0,287,9400
2699,W1,1,1,5,5,0,0,0,0,0,0,0,100,100,0,0,0,0,0,100,100,0,0.000000,0,8032,0.000000,0,0,0,0,108,8,0,8,100,4132,232,0,0,0,0,108,0,0,0,0,305,9400
2700,W1,1,1,5,5,0,0,0,0,0,0,0,100,100,0,0,0,0,0,100,100,0,0.000000,0,8032,0.000000,0,0,0,0,108,8,0,8,100,4132,232,0,0,0,0,108,0,0,0,0,284,9400
2701,W1,1,1,5,5,0,0,0,0,0,0,0,100,100,0,0,0,0,0,100,100,0,0.000000,0,8032,0.000000,0,0,0,0,108,8,0,8,100,4132,232,0,0,0,0,108,0,0,0,0,284,9400
2702,W1,1,1,5,5,0,0,0,0,0,0,0,100,100,0,0,0,0,0,100,100,0,0.000000,0,8032,0.000000,0,0,0,0,108,8,0,8,100,4132,232,0,0,0,0,108,0,0,0,0,282,9400
2703,W1,1,1,5,5,0,0,0,0,0,0,0,100,100,0,0,0,0,0,100,100,0,0.000000,0,8032,0.000000,0,0,0,0,108,8,0,8,100,4132,232,0,0,0,0,108,0,0,0,0,319,9400
2704,W1,1,1,5,5,0,0,0,0,0,0,0,100,100,0,0,0,0,0,100,100,0,0.000000,0,8032,0.000000,0,0,0,0,108,8,0,8,100,4132,232,0,0,0,0,108,0,0,0,0,312,9400
2705,W1,1,1,5,5,0,0,0,0,0,0,0,100,100,100,0,0,0,0,100,100,100,100.000000,1600,8032,19.920319,10,10,10,10,108,8,0,8,100,4132,232,0,0,0,0,108,0,0,0,0,282,9400
2706,W1,1,1,5,5,0,0,0,0,0,0,0,100,100,0,0,0,0,0,100,100,0,0.000000,0,8032,0.000000,0,0,0,0,108,8,0,8,100,4132,232,0,0,0,0,108,0,0,0,0,289,9400
2707,W1,1,1,5,5,0,0,0,0,0,0,0,100,100,0,0,0,0,0,100,100,0,0.000000,0,8032,0.000000,0,0,0,0,108,8,0,8,100,4132,232,0,0,0,0,108,0,0,0,0,274,9400
2708,W1,1,1,5,5,0,0,0,0,0,0,0,100,100,0,0,0,0,0,100,100,0,0.000000,0,8032,0.000000,0,0,0,0,108,8,0,8,100,4132,232,0,0,0,0,108,0,0,0,0,307,9400
2709,W1,1,1,5,5,0,0,0,0,0,0,0,100,100,0,0,0,0,0,100,100,0,0.000000,0,8032,0.000000,0,0,0,0,108,8,0,8,100,4132,232,0,0,0,0,108,0,0,0,0,306,9400
2710,W1,1,1,5,5,0,0,0,0,0,0,0,100,100,0,0,0,0,0,100,100,0,0.000000,0,8032,0.000000,0,0,0,0,108,8,0,8,100,4132,232,0,0,0,0,108,0,0,0,0,287,9400
2711,W1,1,1,5,5,0,0,0,0,0,0,0,100,100,0,0,0,0,0,100,100,0,0.000000,0,8032,0.000000,0,0,0,0,108,8,0,8,100,4132,232,0,0,0,0,108,0,0,0,0,317,9400
2712,W1,1,1,5,5,0,0,0,0,0,0,0,100,100,0,0,0,0,0,100,100,0,0.000000,0,8032,0.000000,0,0,0,0,108,8,0,8,100,4132,232,0,0,0,0,108,0,0,0,0,299,9400
2713,W1,1,1,5,5,0,0,0,0,0,0,0,100,100,0,0,0,0,0,100,100,0,0.000000,0,8032,0.000000,0,0,0,0,108,8,0,8,100,4132,232,0,0,0,0,108,0,0,0,0,328,9400
2714,W1,1,1,5,5,0,0,0,0,0,0,0,100,100,100,0,0,0,0,100,100,100,100.000000,1600,8032,19.920319,10,10,10,10,108,8,0,8,100,4132,232,0,0,0,0,108,0,0,0,0,289,9400
2715,W1,1,1,5,5,0,0,0,0,0,0,0,100,100,0,0,0,0,0,100,100,0,0.000000,0,8032,0.000000,0,0,0,0,108,8,0,8,100,4132,232,0,0,0,0,108,0,0,0,0,288,9400
2716,W1,1,1,5,5,0,0,0,0,0,0,0,100,100,0,0,0,0,0,100,100,0,0.000000,0,8032,0.000000,0,0,0,0,108,8,0,8,100,4132,232,0,0,0,0,108,0,0,0,0,286,9400
2717,W1,1,1,5,5,0,0,0,0,0,0,0,100,100,0,0,0,0,0,100,100,0,0.000000,0,8032,0.000000,0,0,0,0,108,8,0,8,100,4132,232,0,0,0,0,108,0,0,0,0,305,9400
2718,W1,1,1,5,5,0,0,0,0,0,0,0,100,100,0,0,0,0,0,100,100,0,0.000000,0,8032,0.000000,0,0,0,0,108,8,0,8,100,4132,232,0,0,0,0,108,0,0,0,0,303,9400
2719,W1,1,1,5,5,0,0,0,0,0,0,0,100,100,0,0,0,0,0,100,100,0,0.000000,0,8032,0.000000,0,0,0,0,108,8,0,8,100,4132,232,0,0,0,0,108,0,0,0,0,332,9400
2720,W1,1,1,5,5,0,0,0,0,0,0,0,100,100,0,0,0,0,0,100,100,0,0.000000,0,8032,0.000000,0,0,0,0,108,8,0,8,100,4132,232,0,0,0,0,108,0,0,0,0,310,9400
2721,W1,1,1,5,5,0,0,0,0,0,0,0,100,100,0,0,0,0,0,100,100,0,0.000000,0,8032,0.000000,0,0,0,0,108,8,0,8,100,4132,232,0,0,0,0,108,0,0,0,0,290,9400
2722,W1,1,1,5,5,0,0,0,0,0,0,0,100,100,0,0,0,0,0,100,100,0,0.000000,0,8032,0.000000,0,0,0,0,108,8,0,8,100,4132,232,0,0,0,0,108,0,0,0,0,315,9400
2723,W1,1,1,5,5,0,0,0,0,0,0,0,100,100,100,0,0,0,0,100,100,100,100.000000,1600,8032,19.920319,10,10,10,10,108,8,0,8,100,4132,232,0,0,0,0,108,0,0,0,0,288,9400
2724,W1,1,1,5,5,0,0,0,0,0,0,0,100,100,0,0,0,0,0,100,100,0,0.000000,0,8032,0.000000,0,0,0,0,108,8,0,8,100,4132,232,0,0,0,0,108,0,0,0,0,273,9400
2725,W1,1,1,5,5,0,0,0,0,0,0,0,100,100,0,0,0,0,0,100,100,0,0.000000,0,8032,0.000000,0,0,0,0,108,8,0,8,100,4132,232,0,0,0,0,108,0,0,0,0,277,9400
2726,W1,1,1,5,5,0,0,0,0,0,0,0,100,100,0,0,0,0,0,100,100,0,0.000000,0,8032,0.000000,0,0,0,0,108,8,0,8,100,4132,232,0,0,0,0,108,0,0,0,0,283,9400
2727,W1,1,1,5,5,0,0,0,0,0,0,0,100,100,0,0,0,0,0,100,100,0,0.000000,0,8032,0.000000,0,0,0,0,108,8,0,8,100,4132,232,0,0,0,0,108,0,0,0,0,298,9400
2728,W1,1,1,5,5,0,0,0,0,0,0,0,100,100,0,0,0,0,0,100,100,0,0.000000,0,8032,0.000000,0,0,0,0,108,8,0,8,100,4132,232,0,0,0,0,108,0,0,0,0,301,9400
2729,W1,1,1,5,5,0,0,0,0,0,0,0,100,100,0,0,0,0,0,100,100,0,0.000000,0,8032,0.000000,0,0,0,0,108,8,0,8,100,4132,232,0,0,0,0,108,0,0,0,0,296,9400
2730,W1,1,1,5,5,0,0,0,0,0,0,0,100,100,0,0,0,0,0,100,100,0,0.000000,0,8032,0.000000,0,0,0,0,108,8,0,8,100,4132,232,0,0,0,0,108,0,0,0,0,334,9400
2731,W1,1,1,5,5,0,0,0,0,0,0,0,100,100,0,0,0,0,0,100,100,0,0.000000,0,8032,0.000000,0,0,0,0,108,8,0,8,100,4132,232,0,0,0,0,108,0,0,0,0,284,9400
2732,W1,1,1,5,5,0,0,0,0,0,0,0,100,100,100,0,0,0,0,100,100,100,100.000000,1600,8032,19.920319,10,10,10,10,108,8,0,8,100,4132,232,0,0,0,0,108,0,0,0,0,303,9400
2733,W1,1,1,5,5,0,0,0,0,0,0,0,100,100,0,0,0,0,0,100,100,0,0.000000,0,8032,0.000000,0,0,0,0,108,8,0,8,100,4132,232,0,0,0,0,108,0,0,0,0,319,9400
2734,W1,1,1,5,5,0,0,0,0,0,0,0,100,100,0,0,0,0,0,100,100,0,0.000000,0,8032,0.000000,0,0,0,0,108,8,0,8,100,4132,232,0,0,0,0,108,0,0,0,0,296,9400
2735,W1,1,1,5,5,0,0,0,0,0,0,0,100,100,0,0,0,0,0,100,100,0,0.000000,0,8032,0.000000,0,0,0,0,108,8,0,8,100,4132,232,0,0,0,0,108,0,0,0,0,318,9400
2736,W1,1,1,5,5,0,0,0,0,0,0,0,100,100,0,0,0,0,0,100,100,0,0.000000,0,8032,0.000000,0,0,0,0,108,8,0,8,100,4132,232,0,0,0,0,108,0,0,0,0,303,9400
2737,W1,1,1,5,5,0,0,0,0,0,0,0,100,100,0,0,0,0,0,100,100,0,0.000000,0,8032,0.000000,0,0,0,0,108,8,0,8,100,4132,232,0,0,0,0,108,0,0,0,0,282,9400
2738,W1,1,1,5,5,0,0,0,0,0,0,0,100,100,0,0,0,0,0,100,100,0,0.000000,0,8032,0.000000,0,0,0,0,108,8,0,8,100,4132,232,0,0,0,0,108,0,0,0,0,316,9400
2739,W1,1,1,5,5,0,0,0,0,0,0,0,100,100,0,0,0,0,0,100,100,0,0.000000,0,8032,0.000000,0,0,0,0,108,8,0,8,100,4132,232,0,0,0,0,108,0,0,0,0,310,9400
2740,W1,1,1,5,5,0,0,0,0,0,0,0,100,100,0,0,0,0,0,100,100,0,0.000000,0,8032,0.000000,0,0,0,0,108,8,0,8,100,4132,232,0,0,0,0,108,0,0,0,0,299,9400
2741,W1,1,1,5,5,0,0,0,0,0,0,0,100,100,100,0,0,0,0,100,100,100,100.000000,1600,8032,19.920319,10,10,10,10,108,8,0,8,100,4132,232,0,0,0,0,108,0,0,0,0,319,9400
2742,W1,1,1,5,5,0,0,0,0,0,0,0,100,100,0,0,0,0,0,100,100,0,0.000000,0,8032,0.000000,0,0,0,0,108,8,0,8,100,4132,232,0,0,0,0,108,0,0,0,0,314,9400
2743,W1,1,1,5,5,0,0,0,0,0,0,0,100,100,0,0,0,0,0,100,100,0,0.000000,0,8032,0.000000,0,0,0,0,108,8,0,8,100,4132,232,0,0,0,0,108,0,0,0,0,314,9400
2744,W1,1,1,5,5,0,0,0,0,0,0,0,100,100,0,0,0,0,0,100,100,0,0.000000,0,8032,0.000000,0,0,0,0,108,8,0,8,100,4132,232,0,0,0,0,108,0,0,0,0,282,9400
2745,W1,1,1,5,5,0,0,0,0,0,0,0,100,100,0,0,0,0,0,100,100,0,0.000000,0,8032,0.000000,0,0,0,0,108,8,0,8,100,4132,232,0,0,0,0,108,0,0,0,0,296,9400
2746,W1,1,1,5,5,0,0,0,0,0,0,0,100,100,0,0,0,0,0,100,100,0,0.000000,0,8032,0.000000,0,0,0,0,108,8,0,8,100,4132,232,0,0,0,0,108,0,0,0,0,281,9400
2747,W1,1,1,5,5,0,0,0,0,0,0,0,100,100,0,0,0,0,0,100,100,0,0.000000,0,8032,0.000000,0,0,0,0,108,8,0,8,100,4132,232,0,0,0,0,108,0,0,0,0,284,9400
2748,W1,1,1,5,5,0,0,0,0,0,0,0,100,100,0,0,0,0,0,100,100,0,0.000000,0,8032,0.000000,0,0,0,0,108,8,0,8,100,4132,232,0,0,0,0,108,0,0,0,0,283,9400
2749,W1,1,1,5,5,0,0,0,0,0,0,0,100,100,0,0,0,0,0,100,100,0,0.000000,0,8032,0.000000,0,0,0,0,108,8,0,8,100,4132,232,0,0,0,0,108,0,0,0,0,270,9400
2750,W1,1,1,5,5,0,0,0,0,0,0,0,100,100,100,0,0,0,0,100,100,100,100.000000,1600,8032,19.920319,10,10,10,10,108,8,0,8,100,4132,232,0,0,0,0,108,0,0,0,0,293,9400
2751,W1,1,1,5,5,0,0,0,0,0,0,0,100,100,0,0,0,0,0,100,100,0,0.000000,0,8032,0.000000,0,0,0,0,108,8,0,8,100,4132,232,0,0,0,0,108,0,0,0,0,302,9400
2752,W1,1,1,5,5,0,0,0,0,0,0,0,100,100,0,0,0,0,0,100,100,0,0.000000,0,8032,0.000000,0,0,0,0,108,8,0,8,100,4132,232,0,0,0,0,108,0,0,0,0,290,9400
2753,W1,1,1,5,5,0,0,0,0,0,0,0,100,100,0,0,0,0,0,100,100,0,0.000000,0,8032,0.000000,0,0,0,0,108,8,0,8,100,4132,232,0,0,0,0,108,0,0,0,0,285,9400
2754,W1,1,1,5,5,0,0,0,0,0,0,0,100,100,0,0,0,0,0,100,100,0,0.000000,0,8032,0.000000,0,0,0,0,108,8,0,8,100,4132,232,0,0,0,0,108,0,0,0,0,316,9400
2755,W1,1,1,5,5,0,0,0,0,0,0,0,100,100,0,0,0,0,0,100,100,0,0.000000,0,8032,0.000000,0,0,0,0,108,8,0,8,100,4132,232,0,0,0,0,108,0,0,0,0,332,9400
2756,W1,1,1,5,5,0,0,0,0,0,0,0,100,100,0,0,0,0,0,100,100,0,0.000000,0,8032,0.000000,0,0,0,0,108,8,0,8,100,4132,232,0,0,0,0,108,0,0,0,0,315,9400
2757,W1,1,1,5,5,0,0,0,0,0,0,0,100,100,0,0,0,0,0,100,100,0,0.000000,0,8032,0.000000,0,0,0,0,108,8,0,8,100,4132,232,0,0,0,0,108,0,0,0,0,330,9400
2758,W1,1,1,5,5,0,0,0,0,0,0,0,100,100,0,0,0,0,0,100,100,0,0.000000,0,8032,0.000000,0,0,0,0,108,8,0,8,100,4132,232,0,0,0,0,108,0,0,0,0,316,9400
2759,W1,1,1,5,5,0,0,0,0,0,0,0,100,100,100,0,0,0,0,100,100,100,100.000000,1600,8032,19.920319,10,10,10,10,108,8,0,8,100,4132,232,0,0,0,0,108,0,0,0,0,289,9400
2760,W1,1,1,5,5,0,0,0,0,0,0,0,100,100,0,0,0,0,0,100,100,0,0.000000,0,8032,0.000000,0,0,0,0,108,8,0,8,100,4132,232,0,0,0,0,108,0,0,0,0,292,9400
2761,W1,1,1,5,5,0,0,0,0,0,0,0,100,100,0,0,0,0,0,100,100,0,0.000000,0,8032,0.000000,0,0,0,0,108,8,0,8,100,4132,232,0,0,0,0,108,0,0,0,0,298,9400
2762,W1,1,1,5,5,0,0,0,0,0,0,0,100,100,0,0,0,0,0,100,100,0,0.000000,0,8032,0.000000,0,0,0,0,108,8,0,8,100,4132,232,0,0,0,0,108,0,0,0,0,284,9400
2763,W1,1,1,5,5,0,0,0,0,0,0,0,100,100,0,0,0,0,0,100,100,0,0.000000,0,8032,0.000000,0,0,0,0,108,8,0,8,100,4132,232,0,0,0,0,108,0,0,0,0,278,9400
2764,W1,1,1,5,5,0,0,0,0,0,0,0,100,100,0,0,0,0,0,100,100,0,0.000000,0,8032,0.000000,0,0,0,0,108,8,0,8,100,4132,232,0,0,0,0,108,0,0,0,0,294,9400
2765,W1,1,1,5,5,0,0,0,0,0,0,0,100,100,0,0,0,0,0,100,100,0,0.000000,0,8032,0.000000,0,0,0,0,108,8,0,8,100,4132,232,0,0,0,0,108,0,0,0,0,280,9400
2766,W1,1,1,5,5,0,0,0,0,0,0,0,100,100,0,0,0,0,0,100,100,0,0.000000,0,8032,0.000000,0,0,0,0,108,8,0,8,100,4132,232,0,0,0,0,108,0,0,0,0,286,9400
2767,W1,1,1,5,5,0,0,0,0,0,0,0,100,100,0,0,0,0,0,100,100,0,0.000000,0,8032,0.000000,0,0,0,0,108,8,0,8,100,4132,232,0,0,0,0,108,0,0,0,0,297,9400
2768,W1,1,1,5,5,0,0,0,0,0,0,0,100,100,100,0,0,0,0,100,100,100,100.000000,1600,8032,19.920319,10,10,10,10,108,8,0,8,100,4132,232,0,0,0,0,108,0,0,0,0,298,9400
2769,W1,1,1,5,5,0,0,0,0,0,0,0,100,100,0,0,0,0,0,100,100,0,0.000000,0,8032,0.000000,0,0,0,0,108,8,0,8,100,4132,232,0,0,0,0,108,0,0,0,0,291,9400
2770,W1,1,1,5,5,0,0,0,0,0,0,0,100,100,0,0,0,0,0,100,100,0,0.000000,0,8032,0.000000,0,0,0,0,108,8,0,8,100,4132,232,0,0,0,0,108,0,0,0,0,304,9400
2771,W1,1,1,5,5,0,0,0,0,0,0,0,100,100,0,0,0,0,0,100,100,0,0.000000,0,8032,0.000000,0,0,0,0,108,8,0,8,100,4132,232,0,0,0,0,108,0,0,0,0,335,9400
2772,W1,1,1,5,5,0,0,0,0,0,0,0,100,100,0,0,0,0,0,100,100,0,0.000000,0,8032,0.000000,0,0,0,0,108,8,0,8,100,4132,232,0,0,0,0,108,0,0,0,0,296,9400
2773,W1,1,1,5,5,0,0,0,0,0,0,0,100,100,0,0,0,0,0,100,100,0,0.000000,0,8032,0.000000,0,0,0,0,108,8,0,8,100,4132,232,0,0,0,0,108,0,0,0,0,283,9400
2774,W1,1,1,5,5,0,0,0,0,0,0,0,100,100,0,0,0,0,0,100,100,0,0.000000,0,8032,0.000000,0,0,0,0,108,8,0,8,100,4132,232,0,0,0,0,108,0,0,0,0,304,9400
2775,W1,1,1,5,5,0,0,0,0,0,0,0,100,100,0,0,0,0,0,100,100,0,0.000000,0,8032,0.000000,0,0,0,0,108,8,0,8,100,4132,232,0,0,0,0,108,0,0,0,0,303,9400
2776,W1,1,1,5,5,0,0,0,0,0,0,0,100,100,0,0,0,0,0,100,100,0,0.000000,0,8032,0.000000,0,0,0,0,108,8,0,8,100,4132,232,0,0,0,0,108,0,0,0,0,290,9400
2777,W1,1,1,5,5,0,0,0,0,0,0,0,100,100,100,0,0,0,0,100,100,100,100.000000,1600,8032,19.920319,10,10,10,10,108,8,0,8,100,4132,232,0,0,0,0,108,0,0,0,0,286,9400
2778,W1,1,1,5,5,0,0,0,0,0,0,0,100,100,0,0,0,0,0,100,100,0,0.000000,0,8032,0.000000,0,0,0,0,108,8,0,8,100,4132,232,0,0,0,0,108,0,0,0,0,283,9400
2779,W1,1,1,5,5,0,0,0,0,0,0,0,100,100,0,0,0,0,0,100,100,0,0.000000,0,8032,0.000000,0,0,0,0,108,8,0,8,100,4132,232,0,0,0,0,108,0,0,0,0,289,9400
2780,W1,1,1,5,5,0,0,0,0,0,0,0,100,100,0,0,0,0,0,100,100,0,0.000000,0,8032,0.000000,0,0,0,0,108,8,0,8,100,4132,232,0,0,0,0,108,0,0,0,0,280,9400
2781,W1,1,1,5,5,0,0,0,0,0,0,0,100,100,0,0,0,0,0,100,100,0,0.000000,0,8032,0.000000,0,0,0,0,108,8,0,8,100,4132,232,0,0,0,0,108,0,0,0,0,303,9400
2782,W1,1,1,5,5,0,0,0,0,0,0,0,100,100,0,0,0,0,0,100,100,0,0.000000,0,8032,0.000000,0,0,0,0,108,8,0,8,100,4132,232,0,0,0,0,108,0,0,0,0,281,9400
2783,W1,1,1,5,5,0,0,0,0,0,0,0,100,100,0,0,0,0,0,100,100,0,0.000000,0,8032,0.000000,0,0,0,0,108,8,0,8,100,4132,232,0,0,0,0,108,0,0,0,0,292,9400
2784,W1,1,1,5,5,0,0,0,0,0,0,0,100,100,0,0,0,0,0,100,100,0,0.000000,0,8032,0.000000,0,0,0,0,108,8,0,8,100,4132,232,0,0,0,0,108,0,0,0,0,307,9400
2785,W1,1,1,5,5,0,0,0,0,0,0,0,100,100,0,0,0,0,0,100,100,0,0.000000,0,8032,0.000000,0,0,0,0,108,8,0,8,100,4132,232,0,0,0,0,108,0,0,0,0,286,9400
2786,W1,1,1,5,5,0,0,0,0,0,0,0,100,100,100,0,0,0,0,100,100,100,100.000000,1600,8032,19.920319,10,10,10,10,108,8,0,8,100,4132,232,0,0,0,0,108,0,0,0,0,293,9400
2787,W1,1,1,5,5,0,0,0,0,0,0,0,100,100,0,0,0,0,0,100,100,0,0.000000,0,8032,0.000000,0,0,0,0,108,8,0,8,100,4132,232,0,0,0,0,108,0,0,0,0,300,9400
2788,W1,1,1,5,5,0,0,0,0,0,0,0,100,100,0,0,0,0,0,100,100,0,0.000000,0,8032,0.000000,0,0,0,0,108,8,0,8,100,4132,232,0,0,0,0,108,0,0,0,0,326,9400
2789,W1,1,1,5,5,0,0,0,0,0,0,0,100,100,0,0,0,0,0,100,100,0,0.000000,0,8032,0.000000,0,0,0,0,108,8,0,8,100,4132,232,0,0,0,0,108,0,0,0,0,296,9400
2790,W1,1,1,5,5,0,0,0,0,0,0,0,100,100,0,0,0,0,0,100,100,0,0.000000,0,8032,0.000000,0,0,0,0,108,8,0,8,100,4132,232,0,0,0,0,108,0,0,0,0,292,9400
2791,W1,1,1,5,5,0,0,0,0,0,0,0,100,100,0,0,0,0,0,100,100,0,0.000000,0,8032,0.000000,0,0,0,0,108,8,0,8,100,4132,232,0,0,0,0,108,0,0,0,0,296,9400
2792,W1,1,1,5,5,0,0,0,0,0,0,0,100,100,0,0,0,0,0,100,100,0,0.000000,0,8032,0.000000,0,0,0,0,108,8,0,8,100,4132,232,0,0,0,0,108,0,0,0,0,295,9400
2793,W1,1,1,5,5,0,0,0,0,0,0,0,100,100,0,0,0,0,0,100,100,0,0.000000,0,8032,0.000000,0,0,0,0,108,8,0,8,100,4132,232,0,0,0,0,108,0,0,0,0,274,9400
2794,W1,1,1,5,5,0,0,0,0,0,0,0,100,100,0,0,0,0,0,100,100,0,0.000000,0,8032,0.000000,0,0,0,0,108,8,0,8,100,4132,232,0,0,0,0,108,0,0,0,0,284,9400
2795,W1,1,1,5,5,0,0,0,0,0,0,0,100,100,100,0,0,0,0,100,100,100,100.000000,1600,8032,19.920319,10,10,10,10,108,8,0,8,100,4132,232,0,0,0,0,108,0,0,0,0,330,9400
2796,W1,1,1,5,5,0,0,0,0,0,0,0,100,100,0,0,0,0,0,100,100,0,0.000000,0,8032,0.000000,0,0,0,0,108,8,0,8,100,4132,232,0,0,0,0,108,0,0,0,0,279,9400
2797,W1,1,1,5,5,0,0,0,0,0,0,0,100,100,0,0,0,0,0,100,100,0,0.000000,0,8032,0.000000,0,0,0,0,108,8,0,8,100,4132,232,0,0,0,0,108,0,0,0,0,288,9400
2798,W1,1,1,5,5,0,0,0,0,0,0,0,100,100,0,0,0,0,0,100,100,0,0.000000,0,8032,0.000000,0,0,0,0,108,8,0,8,100,4132,232,0,0,0,0,108,0,0,0,0,273,9400
2799,W1,1,1,5,5,0,0,0,0,0,0,0,100,100,0,0,0,0,0,100,100,0,0.000000,0,8032,0.000000,0,0,0,0,108,8,0,8,100,4132,232,0,0,0,0,108,0,0,0,0,353,9400
2800,W1,1,1,5,5,0,0,0,0,0,0,0,100,100,0,0,0,0,0,100,100,0,0.000000,0,8032,0.000000,0,0,0,0,108,8,0,8,100,4132,232,0,0,0,0,108,0,0,0,0,300,9400
2801,W1,1,1,5,5,0,0,0,0,0,0,0,100,100,0,0,0,0,0,100,100,0,0.000000,0,8032,0.000000,0,0,0,0,108,8,0,8,100,4132,232,0,0,0,0,108,0,0,0,0,282,9400
2802,W1,1,1,5,5,0,0,0,0,0,0,0,100,100,0,0,0,0,0,100,100,0,0.000000,0,8032,0.000000,0,0,0,0,108,8,0,8,100,4132,232,0,0,0,0,108,0,0,0,0,291,9400
2803,W1,1,1,5,5,0,0,0,0,0,0,0,100,100,0,0,0,0,0,100,100,0,0.000000,0,8032,0.000000,0,0,0,0,108,8,0,8,100,4132,232,0,0,0,0,108,0,0,0,0,288,9400
2804,W1,1,1,5,5,0,0,0,0,0,0,0,100,100,100,0,0,0,0,100,100,100,100.000000,1600,8032,19.920319,10,10,10,10,108,8,0,8,100,4132,232,0,0,0,0,108,0,0,0,0,287,9400
2805,W1,1,1,5,5,0,0,0,0,0,0,0,100,100,0,0,0,0,0,100,100,0,0.000000,0,8032,0.000000,0,0,0,0,108,8,0,8,100,4132,232,0,0,0,0,108,0,0,0,0,280,9400
2806,W1,1,1,5,5,0,0,0,0,0,0,0,100,100,0,0,0,0,0,100,100,0,0.000000,0,8032,0.000000,0,0,0,0,108,8,0,8,100,4132,232,0,0,0,0,108,0,0,0,0,310,9400
2807,W1,1,1,5,5,0,0,0,0,0,0,0,100,100,0,0,0,0,0,100,100,0,0.000000,0,8032,0.000000,0,0,0,0,108,8,0,8,100,4132,232,0,0,0,0,108,0,0,0,0,307,9400
2808,W1,1,1,5,5,0,0,0,0,0,0,0,100,100,0,0,0,0,0,100,100,0,0.000000,0,8032,0.000000,0,0,0,0,108,8,0,8,100,4132,232,0,0,0,0,108,0,0,0,0,294,9400
2809,W1,1,1,5,5,0,0,0,0,0,0,0,100,100,0,0,0,0,0,100,100,0,0.000000,0,8032,0.000000,0,0,0,0,108,8,0,8,100,4132,232,0,0,0,0,108,0,0,0,0,290,9400
2810,W1,1,1,5,5,0,0,0,0,0,0,0,100,100,0,0,0,0,0,100,100,0,0.000000,0,8032,0.000000,0,0,0,0,108,8,0,8,100,4132,232,0,0,0,0,108,0,0,0,0,290,9400
2811,W1,1,1,5,5,0,0,0,0,0,0,0,100,100,0,0,0,0,0,100,100,0,0.000000,0,8032,0.000000,0,0,0,0,108,8,0,8,100,4132,232,0,0,0,0,108,0,0,0,0,330,9400
2812,W1,1,1,5,5,0,0,0,0,0,0,0,100,100,0,0,0,0,0,100,100,0,0.000000,0,8032,0.000000,0,0,0,0,108,8,0,8,100,4132,232,0,0,0,0,108,0,0,0,0,302,9400
2813,W1,1,1,5,5,0,0,0,0,0,0,0,100,100,100,0,0,0,0,100,100,100,100.000000,1600,8032,19.920319,10,10,10,10,108,8,0,8,100,4132,232,0,0,0,0,108,0,0,0,0,300,9400
2814,W1,1,1,5,5,0,0,0,0,0,0,0,100,100,0,0,0,0,0,100,100,0,0.000000,0,8032,0.000000,0,0,0,0,108,8,0,8,100,4132,232,0,0,0,0,108,0,0,0,0,288,9400
2815,W1,1,1,5,5,0,0,0,0,0,0,0,100,100,0,0,0,0,0,100,100,0,0.000000,0,8032,0.000000,0,0,0,0,108,8,0,8,100,4132,232,0,0,0,0,108,0,0,0,0,270,9400
2816,W1,1,1,5,5,0,0,0,0,0,0,0,100,100,0,0,0,0,0,100,100,0,0.000000,0,8032,0.000000,0,0,0,0,108,8,0,8,100,4132,232,0,0,0,0,108,0,0,0,0,279,9400
2817,W1,1,1,5,5,0,0,0,0,0,0,0,100,100,0,0,0,0,0,100,100,0,0.000000,0,8032,0.000000,0,0,0,0,108,8,0,8,100,4132,232,0,0,0,0,108,0,0,0,0,283,9400
2818,W1,1,1,5,5,0,0,0,0,0,0,0,100,100,0,0,0,0,0,100,100,0,0.000000,0,8032,0.000000,0,0,0,0,108,8,0,8,100,4132,232,0,0,0,0,108,0,0,0,0,294,9400
2819,W1,1,1,5,5,0,0,0,0,0,0,0,100,100,0,0,0,0,0,100,100,0,0.000000,0,8032,0.000000,0,0,0,0,108,8,0,8,100,4132,232,0,0,0,0,108,0,0,0,0,283,9400
2820,W1,1,1,5,5,0,0,0,0,0,0,0,100,100,0,0,0,0,0,100,100,0,0.000000,0,8032,0.000000,0,0,0,0,108,8,0,8,100,4132,232,0,0,0,0,108,0,0,0,0,278,9400
2821,W1,1,1,5,5,0,0,0,0,0,0,0,100,100,0,0,0,0,0,100,100,0,0.000000,0,8032,0.000000,0,0,0,0,108,8,0,8,100,4132,232,0,0,0,0,108,0,0,0,0,291,9400
2822,W1,1,1,5,5,0,0,0,0,0,0,0,100,100,100,0,0,0,0,100,100,100,100.000000,1600,8032,19.920319,10,10,10,10,108,8,0,8,100,4132,232,0,0,0,0,108,0,0,0,0,272,9400
2823,W1,1,1,5,5,0,0,0,0,0,0,0,100,100,0,0,0,0,0,100,100,0,0.000000,0,8032,0.000000,0,0,0,0,108,8,0,8,100,4132,232,0,0,0,0,108,0,0,0,0,315,9400
2824,W1,1,1,5,5,0,0,0,0,0,0,0,100,100,0,0,0,0,0,100,100,0,0.000000,0,8032,0.000000,0,0,0,0,108,8,0,8,100,4132,232,0,0,0,0,108,0,0,0,0,284,9400
2825,W1,1,1,5,5,0,0,0,0,0,0,0,100,100,0,0,0,0,0,100,100,0,0.000000,0,8032,0.000000,0,0,0,0,108,8,0,8,100,4132,232,0,0,0,0,108,0,0,0,0,277,9400
2826,W1,1,1,5,5,0,0,0,0,0,0,0,100,100,0,0,0,0,0,100,100,0,0.000000,0,8032,0.000000,0,0,0,0,108,8,0,8,100,4132,232,0,0,0,0,108,0,0,0,0,292,9400
2827,W1,1,1,5,5,0,0,0,0,0,0,0,100,100,0,0,0,0,0,100,100,0,0.000000,0,8032,0.000000,0,0,0,0,108,8,0,8,100,4132,232,0,0,0,0,108,0,0,0,0,293,9400
2828,W1,1,1,5,5,0,0,0,0,0,0,0,100,100,0,0,0,0,0,100,100,0,0.000000,0,8032,0.000000,0,0,0,0,108,8,0,8,100,4132,232,0,0,0,0,108,0,0,0,0,278,9400
2829,W1,1,1,5,5,0,0,0,0,0,0,0,100,100,0,0,0,0,0,100,100,0,0.000000,0,8032,0.000000,0,0,0,0,108,8,0,8,100,4132,232,0,0,0,0,108,0,0,0,0,266,9400
2830,W1,1,1,5,5,0,0,0,0,0,0,0,100,100,0,0,0,0,0,100,100,0,0.000000,0,8032,0.000000,0,0,0,0,108,8,0,8,100,4132,232,0,0,0,0,108,0,0,0,0,342,9400
2831,W1,1,1,5,5,0,0,0,0,0,0,0,100,100,100,0,0,0,0,100,100,100,100.000000,1600,8032,19.920319,10,10,10,10,108,8,0,8,100,4132,232,0,0,0,0,108,0,0,0,0,282,9400
2832,W1,1,1,5,5,0,0,0,0,0,0,0,100,100,0,0,0,0,0,100,100,0,0.000000,0,8032,0.000000,0,0,0,0,108,8,0,8,100,4132,232,0,0,0,0,108,0,0,0,0,318,9400
2833,W1,1,1,5,5,0,0,0,0,0,0,0,100,100,0,0,0,0,0,100,100,0,0.000000,0,8032,0.000000,0,0,0,0,108,8,0,8,100,4132,232,0,0,0,0,108,0,0,0,0,304,9400
2834,W1,1,1,5,5,0,0,0,0,0,0,0,100,100,0,0,0,0,0,100,100,0,0.000000,0,8032,0.000000,0,0,0,0,108,8,0,8,100,4132,232,0,0,0,0,108,0,0,0,0,282,9400
2835,W1,1,1,5,5,0,0,0,0,0,0,0,100,100,0,0,0,0,0,100,100,0,0.000000,0,8032,0.000000,0,0,0,0,108,8,0,8,100,4132,232,0,0,0,0,108,0,0,0,0,298,9400
2836,W1,1,1,5,5,0,0,0,0,0,0,0,100,100,0,0,0,0,0,100,100,0,0.000000,0,8032,0.000000,0,0,0,0,108,8,0,8,100,4132,232,0,0,0,0,108,0,0,0,0,297,9400
2837,W1,1,1,5,5,0,0,0,0,0,0,0,100,100,0,0,0,0,0,100,100,0,0.000000,0,8032,0.000000,0,0,0,0,108,8,0,8,100,4132,232,0,0,0,0,108,0,0,0,0,278,9400
2838,W1,1,1,5,5,0,0,0,0,0,0,0,100,100,0,0,0,0,0,100,100,0,0.000000,0,8032,0.000000,0,0,0,0,108,8,0,8,100,4132,232,0,0,0,0,108,0,0,0,0,306,9400
2839,W1,1,1,5,5,0,0,0,0,0,0,0,100,100,0,0,0,0,0,100,100,0,0.000000,0,8032,0.000000,0,0,0,0,108,8,0,8,100,4132,232,0,0,0,0,108,0,0,0,0,274,9400
2840,W1,1,1,5,5,0,0,0,0,0,0,0,100,100,100,0,0,0,0,100,100,100,100.000000,1600,8032,19.920319,10,10,10,10,108,8,0,8,100,4132,232,0,0,0,0,108,0,0,0,0,274,9400
2841,W1,1,1,5,5,0,0,0,0,0,0,0,100,100,0,0,0,0,0,100,100,0,0.000000,0,8032,0.000000,0,0,0,0,108,8,0,8,100,4132,232,0,0,0,0,108,0,0,0,0,274,9400
2842,W1,1,1,5,5,0,0,0,0,0,0,0,100,100,0,0,0,0,0,100,100,0,0.000000,0,8032,0.000000,0,0,0,0,108,8,0,8,100,4132,232,0,0,0,0,108,0,0,0,0,292,9400
2843,W1,1,1,5,5,0,0,0,0,0,0,0,100,100,0,0,0,0,0,100,100,0,0.000000,0,8032,0.000000,0,0,0,0,108,8,0,8,100,4132,232,0,0,0,0,108,0,0,0,0,283,9400
2844,W1,1,1,5,5,0,0,0,0,0,0,0,100,100,0,0,0,0,0,100,100,0,0.000000,0,8032,0.000000,0,0,0,0,108,8,0,8,100,4132,232,0,0,0,0,108,0,0,0,0,286,9400
2845,W1,1,1,5,5,0,0,0,0,0,0,0,100,100,0,0,0,0,0,100,100,0,0.000000,0,8032,0.000000,0,0,0,0,108,8,0,8,100,4132,232,0,0,0,0,108,0,0,0,0,301,9400
2846,W1,1,1,5,5,0,0,0,0,0,0,0,100,100,0,0,0,0,0,100,100,0,0.000000,0,8032,0.000000,0,0,0,0,108,8,0,8,100,4132,232,0,0,0,0,108,0,0,0,0,291,9400
2847,W1,1,1,5,5,0,0,0,0,0,0,0,100,100,0,0,0,0,0,100,100,0,0.000000,0,8032,0.000000,0,0,0,0,108,8,0,8,100,4132,232,0,0,0,0,108,0,0,0,0,288,9400
2848,W1,1,1,5,5,0,0,0,0,0,0,0,100,100,0,0,0,0,0,100,100,0,0.000000,0,8032,0.000000,0,0,0,0,108,8,0,8,100,4132,232,0,0,0,0,108,0,0,0,0,296,9400
2849,W1,1,1,5,5,0,0,0,0,0,0,0,100,100,100,0,0,0,0,100,100,100,100.000000,1600,8032,19.920319,10,10,10,10,108,8,0,8,100,4132,232,0,0,0,0,108,0,0,0,0,287,9400
2850,W1,1,1,5,5,0,0,0,0,0,0,0,100,100,0,0,0,0,0,100,100,0,0.000000,0,8032,0.000000,0,0,0,0,108,8,0,8,100,4132,232,0,0,0,0,108,0,0,0,0,289,9400
2851,W1,1,1,5,5,0,0,0,0,0,0,0,100,100,0,0,0,0,0,100,100,0,0.000000,0,8032,0.000000,0,0,0,0,108,8,0,8,100,4132,232,0,0,0,0,108,0,0,0,0,274,9400
2852,W1,1,1,5,5,0,0,0,0,0,0,0,100,100,0,0,0,0,0,100,100,0,0.000000,0,8032,0.000000,0,0,0,0,108,8,0,8,100,4132,232,0,0,0,0,108,0,0,0,0,279,9400
2853,W1,1,1,5,5,0,0,0,0,0,0,0,100,100,0,0,0,0,0,100,100,0,0.000000,0,8032,0.000000,0,0,0,0,108,8,0,8,100,4132,232,0,0,0,0,108,0,0,0,0,294,9400
2854,W1,1,1,5,5,0,0,0,0,0,0,0,100,100,0,0,0,0,0,100,100,0,0.000000,0,8032,0.000000,0,0,0,0,108,8,0,8,100,4132,232,0,0,0,0,108,0,0,0,0,277,9400
2855,W1,1,1,5,5,0,0,0,0,0,0,0,100,100,0,0,0,0,0,100,100,0,0.000000,0,8032,0.000000,0,0,0,0,108,8,0,8,100,4132,232,0,0,0,0,108,0,0,0,0,293,9400
2856,W1,1,1,5,5,0,0,0,0,0,0,0,100,100,0,0,0,0,0,100,100,0,0.000000,0,8032,0.000000,0,0,0,0,108,8,0,8,100,4132,232,0,0,0,0,108,0,0,0,0,281,9400
2857,W1,1,1,5,5,0,0,0,0,0,0,0,100,100,0,0,0,0,0,100,100,0,0.000000,0,8032,0.000000,0,0,0,0,108,8,0,8,100,4132,232,0,0,0,0,108,0,0,0,0,269,9400
2858,W1,1,1,5,5,0,0,0,0,0,0,0,100,100,100,0,0,0,0,100,100,100,100.000000,1600,8032,19.920319,10,10,10,10,108,8,0,8,100,4132,232,0,0,0,0,108,0,0,0,0,280,9400
2859,W1,1,1,5,5,0,0,0,0,0,0,0,100,100,0,0,0,0,0,100,100,0,0.000000,0,8032,0.000000,0,0,0,0,108,8,0,8,100,4132,232,0,0,0,0,108,0,0,0,0,264,9400
2860,W1,1,1,5,5,0,0,0,0,0,0,0,100,100,0,0,0,0,0,100,100,0,0.000000,0,8032,0.000000,0,0,0,0,108,8,0,8,100,4132,232,0,0,0,0,108,0,0,0,0,274,9400
2861,W1,1,1,5,5,0,0,0,0,0,0,0,100,100,0,0,0,0,0,100,100,0,0.000000,0,8032,0.000000,0,0,0,0,108,8,0,8,100,4132,232,0,0,0,0,108,0,0,0,0,274,9400
2862,W1,1,1,5,5,0,0,0,0,0,0,0,100,100,0,0,0,0,0,100,100,0,0.000000,0,8032,0.000000,0,0,0,0,108,8,0,8,100,4132,232,0,0,0,0,108,0,0,0,0,279,9400
2863,W1,1,1,5,5,0,0,0,0,0,0,0,100,100,0,0,0,0,0,100,100,0,0.000000,0,8032,0.000000,0,0,0,0,108,8,0,8,100,4132,232,0,0,0,0,108,0,0,0,0,283,9400
2864,W1,1,1,5,5,0,0,0,0,0,0,0,100,100,0,0,0,0,0,100,100,0,0.000000,0,8032,0.000000,0,0,0,0,108,8,0,8,100,4132,232,0,0,0,0,108,0,0,0,0,303,9400
2865,W1,1,1,5,5,0,0,0,0,0,0,0,100,100,0,0,0,0,0,100,100,0,0.000000,0,8032,0.000000,0,0,0,0,108,8,0,8,100,4132,232,0,0,0,0,108,0,0,0,0,281,9400
2866,W1,1,1,5,5,0,0,0,0,0,0,0,100,100,0,0,0,0,0,100,100,0,0.000000,0,8032,0.000000,0,0,0,0,108,8,0,8,100,4132,232,0,0,0,0,108,0,0,0,0,326,9400
2867,W1,1,1,5,5,0,0,0,0,0,0,0,100,100,100,0,0,0,0,100,100,100,100.000000,1600,8032,19.920319,10,10,10,10,108,8,0,8,100,4132,232,0,0,0,0,108,0,0,0,0,304,9400
2868,W1,1,1,5,5,0,0,0,0,0,0,0,100,100,0,0,0,0,0,100,100,0,0.000000,0,8032,0.000000,0,0,0,0,108,8,0,8,100,4132,232,0,0,0,0,108,0,0,0,0,303,9400
2869,W1,1,1,5,5,0,0,0,0,0,0,0,100,100,0,0,0,0,0,100,100,0,0.000000,0,8032,0.000000,0,0,0,0,108,8,0,8,100,4132,232,0,0,0,0,108,0,0,0,0,267,9400
2870,W1,1,1,5,5,0,0,0,0,0,0,0,100,100,0,0,0,0,0,100,100,0,0.000000,0,8032,0.000000,0,0,0,0,108,8,0,8,100,4132,232,0,0,0,0,108,0,0,0,0,276,9400
2871,W1,1,1,5,5,0,0,0,0,0,0,0,100,100,0,0,0,0,0,100,100,0,0.000000,0,8032,0.000000,0,0,0,0,108,8,0,8,100,4132,232,0,0,0,0,108,0,0,0,0,293,9400
2872,W1,1,1,5,5,0,0,0,0,0,0,0,100,100,0,0,0,0,0,100,100,0,0.000000,0,8032,0.000000,0,0,0,0,108,8,0,8,100,4132,232,0,0,0,0,108,0,0,0,0,282,9400
2873,W1,1,1,5,5,0,0,0,0,0,0,0,100,100,0,0,0,0,0,100,100,0,0.000000,0,8032,0.000000,0,0,0,0,108,8,0,8,100,4132,232,0,0,0,0,108,0,0,0,0,276,9400
2874,W1,1,1,5,5,0,0,0,0,0,0,0,100,100,0,0,0,0,0,100,100,0,0.000000,0,8032,0.000000,0,0,0,0,108,8,0,8,100,4132,232,0,0,0,0,108,0,0,0,0,266,9400
2875,W1,1,1,5,5,0,0,0,0,0,0,0,100,100,0,0,0,0,0,100,100,0,0.000000,0,8032,0.000000,0,0,0,0,108,8,0,8,100,4132,232,0,0,0,0,108,0,0,0,0,286,9400
2876,W1,1,1,5,5,0,0,0,0,0,0,0,100,100,100,0,0,0,0,100,100,100,100.000000,1600,8032,19.920319,10,10,10,10,108,8,0,8,100,4132,232,0,0,0,0,108,0,0,0,0,281,9400
2877,W1,1,1,5,5,0,0,0,0,0,0,0,100,100,0,0,0,0,0,100,100,0,0.000000,0,8032,0.000000,0,0,0,0,108,8,0,8,100,4132,232,0,0,0,0,108,0,0,0,0,280,9400
2878,W1,1,1,5,5,0,0,0,0,0,0,0,100,100,0,0,0,0,0,100,100,0,0.000000,0,8032,0.000000,0,0,0,0,108,8,0,8,100,4132,232,0,0,0,0,108,0,0,0,0,313,9400
2879,W1,1,1,5,5,0,0,0,0,0,0,0,100,100,0,0,0,0,0,100,100,0,0.000000,0,8032,0.000000,0,0,0,0,108,8,0,8,100,4132,232,0,0,0,0,108,0,0,0,0,291,9400
2880,W1,1,1,5,5,0,0,0,0,0,0,0,100,100,0,0,0,0,0,100,100,0,0.000000,0,8032,0.000000,0,0,0,0,108,8,0,8,100,4132,232,0,0,0,0,108,0,0,0,0,291,9400
2881,W1,1,1,5,5,0,0,0,0,0,0,0,100,100,0,0,0,0,0,100,100,0,0.000000,0,8032,0.000000,0,0,0,0,108,8,0,8,100,4132,232,0,0,0,0,108,0,0,0,0,300,9400
2882,W1,1,1,5,5,0,0,0,0,0,0,0,100,100,0,0,0,0,0,100,100,0,0.000000,0,8032,0.000000,0,0,0,0,108,8,0,8,100,4132,232,0,0,0,0,108,0,0,0,0,295,9400
2883,W1,1,1,5,5,0,0,0,0,0,0,0,100,100,0,0,0,0,0,100,100,0,0.000000,0,8032,0.000000,0,0,0,0,108,8,0,8,100,4132,232,0,0,0,0,108,0,0,0,0,282,9400
2884,W1,1,1,5,5,0,0,0,0,0,0,0,100,100,0,0,0,0,0,100,100,0,0.000000,0,8032,0.000000,0,0,0,0,108,8,0,8,100,4132,232,0,0,0,0,108,0,0,0,0,285,9400
2885,W1,1,1,5,5,0,0,0,0,0,0,0,100,100,100,0,0,0,0,100,100,100,100.000000,1600,8032,19.920319,10,10,10,10,108,8,0,8,100,4132,232,0,0,0,0,108,0,0,0,0,296,9400
2886,W1,1,1,5,5,0,0,0,0,0,0,0,100,100,0,0,0,0,0,100,100,0,0.000000,0,8032,0.000000,0,0,0,0,108,8,0,8,100,4132,232,0,0,0,0,108,0,0,0,0,287,9400
2887,W1,1,1,5,5,0,0,0,0,0,0,0,100,100,0,0,0,0,0,100,100,0,0.000000,0,8032,0.000000,0,0,0,0,108,8,0,8,100,4132,232,0,0,0,0,108,0,0,0,0,267,9400
2888,W1,1,1,5,5,0,0,0,0,0,0,0,100,100,0,0,0,0,0,100,100,0,0.000000,0,8032,0.000000,0,0,0,0,108,8,0,8,100,4132,232,0,0,0,0,108,0,0,0,0,281,9400
2889,W1,1,1,5,5,0,0,0,0,0,0,0,100,100,0,0,0,0,0,100,100,0,0.000000,0,8032,0.000000,0,0,0,0,108,8,0,8,100,4132,232,0,0,0,0,108,0,0,0,0,299,9400
2890,W1,1,1,5,5,0,0,0,0,0,0,0,100,100,0,0,0,0,0,100,100,0,0.000000,0,8032,0.000000,0,0,0,0,108,8,0,8,100,4132,232,0,0,0,0,108,0,0,0,0,272,9400
2891,W1,1,1,5,5,0,0,0,0,0,0,0,100,100,0,0,0,0,0,100,100,0,0.000000,0,8032,0.000000,0,0,0,0,108,8,0,8,100,4132,232,0,0,0,0,108,0,0,0,0,301,9400
2892,W1,1,1,5,5,0,0,0,0,0,0,0,100,100,0,0,0,0,0,100,100,0,0.000000,0,8032,0.000000,0,0,0,0,108,8,0,8,100,4132,232,0,0,0,0,108,0,0,0,0,303,9400
2893,W1,1,1,5,5,0,0,0,0,0,0,0,100,100,0,0,0,0,0,100,100,0,0.000000,0,8032,0.000000,0,0,0,0,108,8,0,8,100,4132,232,0,0,0,0,108,0,0,0,0,273,9400
2894,W1,1,1,5,5,0,0,0,0,0,0,0,100,100,100,0,0,0,0,100,100,100,100.000000,1600,8032,19.920319,10,10,10,10,108,8,0,8,100,4132,232,0,0,0,0,108,0,0,0,0,315,9400
2895,W1,1,1,5,5,0,0,0,0,0,0,0,100,100,0,0,0,0,0,100,100,0,0.000000,0,8032,0.000000,0,0,0,0,108,8,0,8,100,4132,232,0,0,0,0,108,0,0,0,0,292,9400
2896,W1,1,1,5,5,0,0,0,0,0,0,0,100,100,0,0,0,0,0,100,100,0,0.000000,0,8032,0.000000,0,0,0,0,108,8,0,8,100,4132,232,0,0,0,0,108,0,0,0,0,313,9400
2897,W1,1,1,5,5,0,0,0,0,0,0,0,100,100,0,0,0,0,0,100,100,0,0.000000,0,8032,0.000000,0,0,0,0,108,8,0,8,100,4132,232,0,0,0,0,108,0,0,0,0,294,9400
2898,W1,1,1,5,5,0,0,0,0,0,0,0,100,100,0,0,0,0,0,100,100,0,0.000000,0,8032,0.000000,0,0,0,0,108,8,0,8,100,4132,232,0,0,0,0,108,0,0,0,0,275,9400
2899,W1,1,1,5,5,0,0,0,0,0,0,0,100,100,0,0,0,0,0,100,100,0,0.000000,0,8032,0.000000,0,0,0,0,108,8,0,8,100,4132,232,0,0,0,0,108,0,0,0,0,266,9400
2900,W1,1,1,5,5,0,0,0,0,0,0,0,100,100,0,0,0,0,0,100,100,0,0.000000,0,8032,0.000000,0,0,0,0,108,8,0,8,100,4132,232,0,0,0,0,108,0,0,0,0,306,9400
2901,W1,1,1,5,5,0,0,0,0,0,0,0,100,100,0,0,0,0,0,100,100,0,0.000000,0,8032,0.000000,0,0,0,0,108,8,0,8,100,4132,232,0,0,0,0,108,0,0,0,0,267,9400
2902,W1,1,1,5,5,0,0,0,0,0,0,0,100,100,0,0,0,0,0,100,100,0,0.000000,0,8032,0.000000,0,0,0,0,108,8,0,8,100,4132,232,0,0,0,0,108,0,0,0,0,280,9400
2903,W1,1,1,5,5,0,0,0,0,0,0,0,100,100,100,0,0,0,0,100,100,100,100.000000,1600,8032,19.920319,10,10,10,10,108,8,0,8,100,4132,232,0,0,0,0,108,0,0,0,0,293,9400
2904,W1,1,1,5,5,0,0,0,0,0,0,0,100,100,0,0,0,0,0,100,100,0,0.000000,0,8032,0.000000,0,0,0,0,108,8,0,8,100,4132,232,0,0,0,0,108,0,0,0,0,284,9400
2905,W1,1,1,5,5,0,0,0,0,0,0,0,100,100,0,0,0,0,0,100,100,0,0.000000,0,8032,0.000000,0,0,0,0,108,8,0,8,100,4132,232,0,0,0,0,108,0,0,0,0,280,9400
2906,W1,1,1,5,5,0,0,0,0,0,0,0,100,100,0,0,0,0,0,100,100,0,0.000000,0,8032,0.000000,0,0,0,0,108,8,0,8,100,4132,232,0,0,0,0,108,0,0,0,0,287,9400
2907,W1,1,1,5,5,0,0,0,0,0,0,0,100,100,0,0,0,0,0,100,100,0,0.000000,0,8032,0.000000,0,0,0,0,108,8,0,8,100,4132,232,0,0,0,0,108,0,0,0,0,291,9400
2908,W1,1,1,5,5,0,0,0,0,0,0,0,100,100,0,0,0,0,0,100,100,0,0.000000,0,8032,0.000000,0,0,0,0,108,8,0,8,100,4132,232,0,0,0,0,108,0,0,0,0,285,9400
2909,W1,1,1,5,5,0,0,0,0,0,0,0,100,100,0,0,0,0,0,100,100,0,0.000000,0,8032,0.000000,0,0,0,0,108,8,0,8,100,4132,232,0,0,0,0,108,0,0,0,0,309,9400
2910,W1,1,1,5,5,0,0,0,0,0,0,0,100,100,0,0,0,0,0,100,100,0,0.000000,0,8032,0.000000,0,0,0,0,108,8,0,8,100,4132,232,0,0,0,0,108,0,0,0,0,319,9400
2911,W1,1,1,5,5,0,0,0,0,0,0,0,100,100,0,0,0,0,0,100,100,0,0.000000,0,8032,0.000000,0,0,0,0,108,8,0,8,100,4132,232,0,0,0,0,108,0,0,0,0,329,9400
2912,W1,1,1,5,5,0,0,0,0,0,0,0,100,100,100,0,0,0,0,100,100,100,100.000000,1600,8032,19.920319,10,10,10,10,108,8,0,8,100,4132,232,0,0,0,0,108,0,0,0,0,295,9400
2913,W1,1,1,5,5,0,0,0,0,0,0,0,100,100,0,0,0,0,0,100,100,0,0.000000,0,8032,0.000000,0,0,0,0,108,8,0,8,100,4132,232,0,0,0,0,108,0,0,0,0,314,9400
2914,W1,1,1,5,5,0,0,0,0,0,0,0,100,100,0,0,0,0,0,100,100,0,0.000000,0,8032,0.000000,0,0,0,0,108,8,0,8,100,4132,232,0,0,0,0,108,0,0,0,0,287,9400
2915,W1,1,1,5,5,0,0,0,0,0,0,0,100,100,0,0,0,0,0,100,100,0,0.000000,0,8032,0.000000,0,0,0,0,108,8,0,8,100,4132,232,0,0,0,0,108,0,0,0,0,311,9400
2916,W1,1,1,5,5,0,0,0,0,0,0,0,100,100,0,0,0,0,0,100,100,0,0.000000,0,8032,0.000000,0,0,0,0,108,8,0,8,100,4132,232,0,0,0,0,108,0,0,0,0,288,9400
2917,W1,1,1,5,5,0,0,0,0,0,0,0,100,100,0,0,0,0,0,100,100,0,0.000000,0,8032,0.000000,0,0,0,0,108,8,0,8,100,4132,232,0,0,0,0,108,0,0,0,0,307,9400
2918,W1,1,1,5,5,0,0,0,0,0,0,0,100,100,0,0,0,0,0,100,100,0,0.000000,0,8032,0.000000,0,0,0,0,108,8,0,8,100,4132,232,0,0,0,0,108,0,0,0,0,288,9400
2919,W1,1,1,5,5,0,0,0,0,0,0,0,100,100,0,0,0,0,0,100,100,0,0.000000,0,8032,0.000000,0,0,0,0,108,8,0,8,100,4132,232,0,0,0,0,108,0,0,0,0,296,9400
2920,W1,1,1,5,5,0,0,0,0,0,0,0,100,100,0,0,0,0,0,100,100,0,0.000000,0,8032,0.000000,0,0,0,0,108,8,0,8,100,4132,232,0,0,0,0,108,0,0,0,0,285,9400
2921,W1,1,1,5,5,0,0,0,0,0,0,0,100,100,100,0,0,0,0,100,100,100,100.000000,1600,8032,19.920319,10,10,10,10,108,8,0,8,100,4132,232,0,0,0,0,108,0,0,0,0,286,9400
2922,W1,1,1,5,5,0,0,0,0,0,0,0,100,100,0,0,0,0,0,100,100,0,0.000000,0,8032,0.000000,0,0,0,0,108,8,0,8,100,4132,232,0,0,0,0,108,0,0,0,0,288,9400
2923,W1,1,1,5,5,0,0,0,0,0,0,0,100,100,0,0,0,0,0,100,100,0,0.000000,0,8032,0.000000,0,0,0,0,108,8,0,8,100,4132,232,0,0,0,0,108,0,0,0,0,308,9400
2924,W1,1,1,5,5,0,0,0,0,0,0,0,100,100,0,0,0,0,0,100,100,0,0.000000,0,8032,0.000000,0,0,0,0,108,8,0,8,100,4132,232,0,0,0,0,108,0,0,0,0,293,9400
2925,W1,1,1,5,5,0,0,0,0,0,0,0,100,100,0,0,0,0,0,100,100,0,0.000000,0,8032,0.000000,0,0,0,0,108,8,0,8,100,4132,232,0,0,0,0,108,0,0,0,0,284,9400
2926,W1,1,1,5,5,0,0,0,0,0,0,0,100,100,0,0,0,0,0,100,100,0,0.000000,0,8032,0.000000,0,0,0,0,108,8,0,8,100,4132,232,0,0,0,0,108,0,0,0,0,295,9400
2927,W1,1,1,5,5,0,0,0,0,0,0,0,100,100,0,0,0,0,0,100,100,0,0.000000,0,8032,0.000000,0,0,0,0,108,8,0,8,100,4132,232,0,0,0,0,108,0,0,0,0,379,9400
2928,W1,1,1,5,5,0,0,0,0,0,0,0,100,100,0,0,0,0,0,100,100,0,0.000000,0,8032,0.000000,0,0,0,0,108,8,0,8,100,4132,232,0,0,0,0,108,0,0,0,0,288,9400
2929,W1,1,1,5,5,0,0,0,0,0,0,0,100,100,0,0,0,0,0,100,100,0,0.000000,0,8032,0.000000,0,0,0,0,108,8,0,8,100,4132,232,0,0,0,0,108,0,0,0,0,306,9400
2930,W1,1,1,5,5,0,0,0,0,0,0,0,100,100,100,0,0,0,0,100,100,100,100.000000,1600,8032,19.920319,10,10,10,10,108,8,0,8,100,4132,232,0,0,0,0,108,0,0,0,0,296,9400
2931,W1,1,1,5,5,0,0,0,0,0,0,0,100,100,0,0,0,0,0,100,100,0,0.000000,0,8032,0.000000,0,0,0,0,108,8,0,8,100,4132,232,0,0,0,0,108,0,0,0,0,293,9400
2932,W1,1,1,5,5,0,0,0,0,0,0,0,100,100,0,0,0,0,0,100,100,0,0.000000,0,8032,0.000000,0,0,0,0,108,8,0,8,100,4132,232,0,0,0,0,108,0,0,0,0,296,9400
2933,W1,1,1,5,5,0,0,0,0,0,0,0,100,100,0,0,0,0,0,100,100,0,0.000000,0,8032,0.000000,0,0,0,0,108,8,0,8,100,4132,232,0,0,0,0,108,0,0,0,0,278,9400
2934,W1,1,1,5,5,0,0,0,0,0,0,0,100,100,0,0,0,0,0,100,100,0,0.000000,0,8032,0.000000,0,0,0,0,108,8,0,8,100,4132,232,0,0,0,0,108,0,0,0,0,287,9400
2935,W1,1,1,5,5,0,0,0,0,0,0,0,100,100,0,0,0,0,0,100,100,0,0.000000,0,8032,0.000000,0,0,0,0,108,8,0,8,100,4132,232,0,0,0,0,108,0,0,0,0,292,9400
2936,W1,1,1,5,5,0,0,0,0,0,0,0,100,100,0,0,0,0,0,100,100,0,0.000000,0,8032,0.000000,0,0,0,0,108,8,0,8,100,4132,232,0,0,0,0,108,0,0,0,0,292,9400
2937,W1,1,1,5,5,0,0,0,0,0,0,0,100,100,0,0,0,0,0,100,100,0,0.000000,0,8032,0.000000,0,0,0,0,108,8,0,8,100,4132,232,0,0,0,0,108,0,0,0,0,310,9400
2938,W1,1,1,5,5,0,0,0,0,0,0,0,100,100,0,0,0,0,0,100,100,0,0.000000,0,8032,0.000000,0,0,0,0,108,8,0,8,100,4132,232,0,0,0,0,108,0,0,0,0,287,9400
2939,W1,1,1,5,5,0,0,0,0,0,0,0,100,100,100,0,0,0,0,100,100,100,100.000000,1600,8032,19.920319,10,10,10,10,108,8,0,8,100,4132,232,0,0,0,0,108,0,0,0,0,299,9400
2940,W1,1,1,5,5,0,0,0,0,0,0,0,100,100,0,0,0,0,0,100,100,0,0.000000,0,8032,0.000000,0,0,0,0,108,8,0,8,100,4132,232,0,0,0,0,108,0,0,0,0,275,9400
2941,W1,1,1,5,5,0,0,0,0,0,0,0,100,100,0,0,0,0,0,100,100,0,0.000000,0,8032,0.000000,0,0,0,0,108,8,0,8,100,4132,232,0,0,0,0,108,0,0,0,0,341,9400
2942,W1,1,1,5,5,0,0,0,0,0,0,0,100,100,0,0,0,0,0,100,100,0,0.000000,0,8032,0.000000,0,0,0,0,108,8,0,8,100,4132,232,0,0,0,0,108,0,0,0,0,287,9400
2943,W1,1,1,5,5,0,0,0,0,0,0,0,100,100,0,0,0,0,0,100,100,0,0.000000,0,8032,0.000000,0,0,0,0,108,8,0,8,100,4132,232,0,0,0,0,108,0,0,0,0,293,9400
2944,W1,1,1,5,5,0,0,0,0,0,0,0,100,100,0,0,0,0,0,100,100,0,0.000000,0,8032,0.000000,0,0,0,0,108,8,0,8,100,4132,232,0,0,0,0,108,0,0,0,0,336,9400
2945,W1,1,1,5,5,0,0,0,0,0,0,0,100,100,0,0,0,0,0,100,100,0,0.000000,0,8032,0.000000,0,0,0,0,108,8,0,8,100,4132,232,0,0,0,0,108,0,0,0,0,311,9400
2946,W1,1,1,5,5,0,0,0,0,0,0,0,100,100,0,0,0,0,0,100,100,0,0.000000,0,8032,0.000000,0,0,0,0,108,8,0,8,100,4132,232,0,0,0,0,108,0,0,0,0,306,9400
2947,W1,1,1,5,5,0,0,0,0,0,0,0,100,100,0,0,0,0,0,100,100,0,0.000000,0,8032,0.000000,0,0,0,0,108,8,0,8,100,4132,232,0,0,0,0,108,0,0,0,0,293,9400
2948,W1,1,1,5,5,0,0,0,0,0,0,0,100,100,100,0,0,0,0,100,100,100,100.000000,1600,8032,19.920319,10,10,10,10,108,8,0,8,100,4132,232,0,0,0,0,108,0,0,0,0,292,9400
2949,W1,1,1,5,5,0,0,0,0,0,0,0,100,100,0,0,0,0,0,100,100,0,0.000000,0,8032,0.000000,0,0,0,0,108,8,0,8,100,4132,232,0,0,0,0,108,0,0,0,0,289,9400
2950,W1,1,1,5,5,0,0,0,0,0,0,0,100,100,0,0,0,0,0,100,100,0,0.000000,0,8032,0.000000,0,0,0,0,108,8,0,8,100,4132,232,0,0,0,0,108,0,0,0,0,318,9400
2951,W1,1,1,5,5,0,0,0,0,0,0,0,100,100,0,0,0,0,0,100,100,0,0.000000,0,8032,0.000000,0,0,0,0,108,8,0,8,100,4132,232,0,0,0,0,108,0,0,0,0,292,9400
2952,W1,1,1,5,5,0,0,0,0,0,0,0,100,100,0,0,0,0,0,100,100,0,0.000000,0,8032,0.000000,0,0,0,0,108,8,0,8,100,4132,232,0,0,0,0,108,0,0,0,0,289,9400
2953,W1,1,1,5,5,0,0,0,0,0,0,0,100,100,0,0,0,0,0,100,100,0,0.000000,0,8032,0.000000,0,0,0,0,108,8,0,8,100,4132,232,0,0,0,0,108,0,0,0,0,322,9400
2954,W1,1,1,5,5,0,0,0,0,0,0,0,100,100,0,0,0,0,0,100,100,0,0.000000,0,8032,0.000000,0,0,0,0,108,8,0,8,100,4132,232,0,0,0,0,108,0,0,0,0,363,9400
2955,W1,1,1,5,5,0,0,0,0,0,0,0,100,100,0,0,0,0,0,100,100,0,0.000000,0,8032,0.000000,0,0,0,0,108,8,0,8,100,4132,232,0,0,0,0,108,0,0,0,0,289,9400
2956,W1,1,1,5,5,0,0,0,0,0,0,0,100,100,0,0,0,0,0,100,100,0,0.000000,0,8032,0.000000,0,0,0,0,108,8,0,8,100,4132,232,0,0,0,0,108,0,0,0,0,295,9400
2957,W1,1,1,5,5,0,0,0,0,0,0,0,100,100,100,0,0,0,0,100,100,100,100.000000,1600,8032,19.920319,10,10,10,10,108,8,0,8,100,4132,232,0,0,0,0,108,0,0,0,0,339,9400
2958,W1,1,1,5,5,0,0,0,0,0,0,0,100,100,0,0,0,0,0,100,100,0,0.000000,0,8032,0.000000,0,0,0,0,108,8,0,8,100,4132,232,0,0,0,0,108,0,0,0,0,296,9400
2959,W1,1,1,5,5,0,0,0,0,0,0,0,100,100,0,0,0,0,0,100,100,0,0.000000,0,8032,0.000000,0,0,0,0,108,8,0,8,100,4132,232,0,0,0,0,108,0,0,0,0,308,9400
2960,W1,1,1,5,5,0,0,0,0,0,0,0,100,100,0,0,0,0,0,100,100,0,0.000000,0,8032,0.000000,0,0,0,0,108,8,0,8,100,4132,232,0,0,0,0,108,0,0,0,0,293,9400
2961,W1,1,1,5,5,0,0,0,0,0,0,0,100,100,0,0,0,0,0,100,100,0,0.000000,0,8032,0.000000,0,0,0,0,108,8,0,8,100,4132,232,0,0,0,0,108,0,0,0,0,285,9400
2962,W1,1,1,5,5,0,0,0,0,0,0,0,100,100,0,0,0,0,0,100,100,0,0.000000,0,8032,0.000000,0,0,0,0,108,8,0,8,100,4132,232,0,0,0,0,108,0,0,0,0,273,9400
2963,W1,1,1,5,5,0,0,0,0,0,0,0,100,100,0,0,0,0,0,100,100,0,0.000000,0,8032,0.000000,0,0,0,0,108,8,0,8,100,4132,232,0,0,0,0,108,0,0,0,0,296,9400
2964,W1,1,1,5,5,0,0,0,0,0,0,0,100,100,0,0,0,0,0,100,100,0,0.000000,0,8032,0.000000,0,0,0,0,108,8,0,8,100,4132,232,0,0,0,0,108,0,0,0,0,283,9400
2965,W1,1,1,5,5,0,0,0,0,0,0,0,100,100,0,0,0,0,0,100,100,0,0.000000,0,8032,0.000000,0,0,0,0,108,8,0,8,100,4132,232,0,0,0,0,108,0,0,0,0,303,9400
2966,W1,1,1,5,5,0,0,0,0,0,0,0,100,100,100,0,0,0,0,100,100,100,100.000000,1600,8032,19.920319,10,10,10,10,108,8,0,8,100,4132,232,0,0,0,0,108,0,0,0,0,286,9400
2967,W1,1,1,5,5,0,0,0,0,0,0,0,100,100,0,0,0,0,0,100,100,0,0.000000,0,8032,0.000000,0,0,0,0,108,8,0,8,100,4132,232,0,0,0,0,108,0,0,0,0,281,9400
2968,W1,1,1,5,5,0,0,0,0,0,0,0,100,100,0,0,0,0,0,100,100,0,0.000000,0,8032,0.000000,0,0,0,0,108,8,0,8,100,4132,232,0,0,0,0,108,0,0,0,0,327,9400
2969,W1,1,1,5,5,0,0,0,0,0,0,0,100,100,0,0,0,0,0,100,100,0,0.000000,0,8032,0.000000,0,0,0,0,108,8,0,8,100,4132,232,0,0,0,0,108,0,0,0,0,311,9400
2970,W1,1,1,5,5,0,0,0,0,0,0,0,100,100,0,0,0,0,0,100,100,0,0.000000,0,8032,0.000000,0,0,0,0,108,8,0,8,100,4132,232,0,0,0,0,108,0,0,0,0,291,9400
2971,W1,1,1,5,5,0,0,0,0,0,0,0,100,100,0,0,0,0,0,100,100,0,0.000000,0,8032,0.000000,0,0,0,0,108,8,0,8,100,4132,232,0,0,0,0,108,0,0,0,0,304,9400
2972,W1,1,1,5,5,0,0,0,0,0,0,0,100,100,0,0,0,0,0,100,100,0,0.000000,0,8032,0.000000,0,0,0,0,108,8,0,8,100,4132,232,0,0,0,0,108,0,0,0,0,339,9400
2973,W1,1,1,5,5,0,0,0,0,0,0,0,100,100,0,0,0,0,0,100,100,0,0.000000,0,8032,0.000000,0,0,0,0,108,8,0,8,100,4132,232,0,0,0,0,108,0,0,0,0,281,9400
2974,W1,1,1,5,5,0,0,0,0,0,0,0,100,100,0,0,0,0,0,100,100,0,0.000000,0,8032,0.000000,0,0,0,0,108,8,0,8,100,4132,232,0,0,0,0,108,0,0,0,0,284,9400
2975,W1,1,1,5,5,0,0,0,0,0,0,0,100,100,100,0,0,0,0,100,100,100,100.000000,1600,8032,19.920319,10,10,10,10,108,8,0,8,100,4132,232,0,0,0,0,108,0,0,0,0,271,9400
2976,W1,1,1,5,5,0,0,0,0,0,0,0,100,100,0,0,0,0,0,100,100,0,0.000000,0,8032,0.000000,0,0,0,0,108,8,0,8,100,4132,232,0,0,0,0,108,0,0,0,0,273,9400
2977,W1,1,1,5,5,0,0,0,0,0,0,0,100,100,0,0,0,0,0,100,100,0,0.000000,0,8032,0.000000,0,0,0,0,108,8,0,8,100,4132,232,0,0,0,0,108,0,0,0,0,273,9400
2978,W1,1,1,5,5,0,0,0,0,0,0,0,100,100,0,0,0,0,0,100,100,0,0.000000,0,8032,0.000000,0,0,0,0,108,8,0,8,100,4132,232,0,0,0,0,108,0,0,0,0,346,9400
2979,W1,1,1,5,5,0,0,0,0,0,0,0,100,100,0,0,0,0,0,100,100,0,0.000000,0,8032,0.000000,0,0,0,0,108,8,0,8,100,4132,232,0,0,0,0,108,0,0,0,0,275,9400
2980,W1,1,1,5,5,0,0,0,0,0,0,0,100,100,0,0,0,0,0,100,100,0,0.000000,0,8032,0.000000,0,0,0,0,108,8,0,8,100,4132,232,0,0,0,0,108,0,0,0,0,268,9400
2981,W1,1,1,5,5,0,0,0,0,0,0,0,100,100,0,0,0,0,0,100,100,0,0.000000,0,8032,0.000000,0,0,0,0,108,8,0,8,100,4132,232,0,0,0,0,108,0,0,0,0,309,9400
2982,W1,1,1,5,5,0,0,0,0,0,0,0,100,100,0,0,0,0,0,100,100,0,0.000000,0,8032,0.000000,0,0,0,0,108,8,0,8,100,4132,232,0,0,0,0,108,0,0,0,0,290,9400
2983,W1,1,1,5,5,0,0,0,0,0,0,0,100,100,0,0,0,0,0,100,100,0,0.000000,0,8032,0.000000,0,0,0,0,108,8,0,8,100,4132,232,0,0,0,0,108,0,0,0,0,315,9400
2984,W1,1,1,5,5,0,0,0,0,0,0,0,100,100,100,0,0,0,0,100,100,100,100.000000,1600,8032,19.920319,10,10,10,10,108,8,0,8,100,4132,232,0,0,0,0,108,0,0,0,0,294,9400
2985,W1,1,1,5,5,0,0,0,0,0,0,0,100,100,0,0,0,0,0,100,100,0,0.000000,0,8032,0.000000,0,0,0,0,108,8,0,8,100,4132,232,0,0,0,0,108,0,0,0,0,285,9400
2986,W1,1,1,5,5,0,0,0,0,0,0,0,100,100,0,0,0,0,0,100,100,0,0.000000,0,8032,0.000000,0,0,0,0,108,8,0,8,100,4132,232,0,0,0,0,108,0,0,0,0,306,9400
2987,W1,1,1,5,5,0,0,0,0,0,0,0,100,100,0,0,0,0,0,100,100,0,0.000000,0,8032,0.000000,0,0,0,0,108,8,0,8,100,4132,232,0,0,0,0,108,0,0,0,0,314,9400
2988,W1,1,1,5,5,0,0,0,0,0,0,0,100,100,0,0,0,0,0,100,100,0,0.000000,0,8032,0.000000,0,0,0,0,108,8,0,8,100,4132,232,0,0,0,0,108,0,0,0,0,341,9400
2989,W1,1,1,5,5,0,0,0,0,0,0,0,100,100,0,0,0,0,0,100,100,0,0.000000,0,8032,0.000000,0,0,0,0,108,8,0,8,100,4132,232,0,0,0,0,108,0,0,0,0,335,9400
2990,W1,1,1,5,5,0,0,0,0,0,0,0,100,100,0,0,0,0,0,100,100,0,0.000000,0,8032,0.000000,0,0,0,0,108,8,0,8,100,4132,232,0,0,0,0,108,0,0,0,0,300,9400
2991,W1,1,1,5,5,0,0,0,0,0,0,0,100,100,0,0,0,0,0,100,100,0,0.000000,0,8032,0.000000,0,0,0,0,108,8,0,8,100,4132,232,0,0,0,0,108,0,0,0,0,297,9400
2992,W1,1,1,5,5,0,0,0,0,0,0,0,100,100,0,0,0,0,0,100,100,0,0.000000,0,8032,0.000000,0,0,0,0,108,8,0,8,100,4132,232,0,0,0,0,108,0,0,0,0,300,9400
2993,W1,1,1,5,5,0,0,0,0,0,0,0,100,100,100,0,0,0,0,100,100,100,100.000000,1600,8032,19.920319,10,10,10,10,108,8,0,8,100,4132,232,0,0,0,0,108,0,0,0,0,312,9400
2994,W1,1,1,5,5,0,0,0,0,0,0,0,100,100,0,0,0,0,0,100,100,0,0.000000,0,8032,0.000000,0,0,0,0,108,8,0,8,100,4132,232,0,0,0,0,108,0,0,0,0,280,9400
2995,W1,1,1,5,5,0,0,0,0,0,0,0,100,100,0,0,0,0,0,100,100,0,0.000000,0,8032,0.000000,0,0,0,0,108,8,0,8,100,4132,232,0,0,0,0,108,0,0,0,0,276,9400
2996,W1,1,1,5,5,0,0,0,0,0,0,0,100,100,0,0,0,0,0,100,100,0,0.000000,0,8032,0.000000,0,0,0,0,108,8,0,8,100,4132,232,0,0,0,0,108,0,0,0,0,280,9400
2997,W1,1,1,5,5,0,0,0,0,0,0,0,100,100,0,0,0,0,0,100,100,0,0.000000,0,8032,0.000000,0,0,0,0,108,8,0,8,100,4132,232,0,0,0,0,108,0,0,0,0,279,9400
2998,W1,1,1,5,5,0,0,0,0,0,0,0,100,100,0,0,0,0,0,100,100,0,0.000000,0,8032,0.000000,0,0,0,0,108,8,0,8,100,4132,232,0,0,0,0,108,0,0,0,0,295,9400
2999,W1,1,1,5,5,0,0,0,0,0,0,0,100,100,0,0,0,0,0,100,100,0,0.000000,0,8032,0.000000,0,0,0,0,108,8,0,8,100,4132,232,0,0,0,0,108,0,0,0,0,280,9400
3000,W1,1,1,5,5,0,0,0,0,0,0,0,100,100,0,0,0,0,0,100,100,0,0.000000,0,8032,0.000000,0,0,0,0,108,8,0,8,100,4132,232,0,0,0,0,108,0,0,0,0,367,9400
3001,W1,1,1,5,5,0,0,0,0,0,0,0,100,100,0,0,0,0,0,100,100,0,0.000000,0,8032,0.000000,0,0,0,0,108,8,0,8,100,4132,232,0,0,0,0,108,0,0,0,0,276,9400
3002,W1,1,1,5,5,0,0,0,0,0,0,0,100,100,100,0,0,0,0,100,100,100,100.000000,1600,8032,19.920319,10,10,10,10,108,8,0,8,100,4132,232,0,0,0,0,108,0,0,0,0,279,9400
3003,W1,1,1,5,5,0,0,0,0,0,0,0,100,100,0,0,0,0,0,100,100,0,0.000000,0,8032,0.000000,0,0,0,0,108,8,0,8,100,4132,232,0,0,0,0,108,0,0,0,0,281,9400
3004,W1,1,1,5,5,0,0,0,0,0,0,0,100,100,0,0,0,0,0,100,100,0,0.000000,0,8032,0.000000,0,0,0,0,108,8,0,8,100,4132,232,0,0,0,0,108,0,0,0,0,292,9400
3005,W1,1,1,5,5,0,0,0,0,0,0,0,100,100,0,0,0,0,0,100,100,0,0.000000,0,8032,0.000000,0,0,0,0,108,8,0,8,100,4132,232,0,0,0,0,108,0,0,0,0,270,9400
3006,W1,1,1,5,5,0,0,0,0,0,0,0,100,100,0,0,0,0,0,100,100,0,0.000000,0,8032,0.000000,0,0,0,0,108,8,0,8,100,4132,232,0,0,0,0,108,0,0,0,0,281,9400
3007,W1,1,1,5,5,0,0,0,0,0,0,0,100,100,0,0,0,0,0,100,100,0,0.000000,0,8032,0.000000,0,0,0,0,108,8,0,8,100,4132,232,0,0,0,0,108,0,0,0,0,277,9400
3008,W1,1,1,5,5,0,0,0,0,0,0,0,100,100,0,0,0,0,0,100,100,0,0.000000,0,8032,0.000000,0,0,0,0,108,8,0,8,100,4132,232,0,0,0,0,108,0,0,0,0,279,9400
3009,W1,1,1,5,5,0,0,0,0,0,0,0,100,100,0,0,0,0,0,100,100,0,0.000000,0,8032,0.000000,0,0,0,0,108,8,0,8,100,4132,232,0,0,0,0,108,0,0,0,0,271,9400
3010,W1,1,1,5,5,0,0,0,0,0,0,0,100,100,0,0,0,0,0,100,100,0,0.000000,0,8032,0.000000,0,0,0,0,108,8,0,8,100,4132,232,0,0,0,0,108,0,0,0,0,274,9400
3011,W1,1,1,5,5,0,0,0,0,0,0,0,100,100,100,0,0,0,0,100,100,100,100.000000,1600,8032,19.920319,10,10,10,10,108,8,0,8,100,4132,232,0,0,0,0,108,0,0,0,0,302,9400
3012,W1,1,1,5,5,0,0,0,0,0,0,0,100,100,0,0,0,0,0,100,100,0,0.000000,0,8032,0.000000,0,0,0,0,108,8,0,8,100,4132,232,0,0,0,0,108,0,0,0,0,285,9400
3013,W1,1,1,5,5,0,0,0,0,0,0,0,100,100,0,0,0,0,0,100,100,0,0.000000,0,8032,0.000000,0,0,0,0,108,8,0,8,100,4132,232,0,0,0,0,108,0,0,0,0,295,9400
3014,W1,1,1,5,5,0,0,0,0,0,0,0,100,100,0,0,0,0,0,100,100,0,0.000000,0,8032,0.000000,0,0,0,0,108,8,0,8,100,4132,232,0,0,0,0,108,0,0,0,0,286,9400
3015,W1,1,1,5,5,0,0,0,0,0,0,0,100,100,0,0,0,0,0,100,100,0,0.000000,0,8032,0.000000,0,0,0,0,108,8,0,8,100,4132,232,0,0,0,0,108,0,0,0,0,274,9400
3016,W1,1,1,5,5,0,0,0,0,0,0,0,100,100,0,0,0,0,0,100,100,0,0.000000,0,8032,0.000000,0,0,0,0,108,8,0,8,100,4132,232,0,0,0,0,108,0,0,0,0,276,9400
3017,W1,1,1,5,5,0,0,0,0,0,0,0,100,100,0,0,0,0,0,100,100,0,0.000000,0,8032,0.000000,0,0,0,0,108,8,0,8,100,4132,232,0,0,0,0,108,0,0,0,0,308,9400
3018,W1,1,1,5,5,0,0,0,0,0,0,0,100,100,0,0,0,0,0,100,100,0,0.000000,0,8032,0.000000,0,0,0,0,108,8,0,8,100,4132,232,0,0,0,0,108,0,0,0,0,297,9400
3019,W1,1,1,5,5,0,0,0,0,0,0,0,100,100,0,0,0,0,0,100,100,0,0.000000,0,8032,0.000000,0,0,0,0,108,8,0,8,100,4132,232,0,0,0,0,108,0,0,0,0,284,9400
3020,W1,1,1,5,5,0,0,0,0,0,0,0,100,100,100,0,0,0,0,100,100,100,100.000000,1600,8032,19.920319,10,10,10,10,108,8,0,8,100,4132,232,0,0,0,0,108,0,0,0,0,283,9400
3021,W1,1,1,5,5,0,0,0,0,0,0,0,100,100,0,0,0,0,0,100,100,0,0.000000,0,8032,0.000000,0,0,0,0,108,8,0,8,100,4132,232,0,0,0,0,108,0,0,0,0,314,9400
3022,W1,1,1,5,5,0,0,0,0,0,0,0,100,100,0,0,0,0,0,100,100,0,0.000000,0,8032,0.000000,0,0,0,0,108,8,0,8,100,4132,232,0,0,0,0,108,0,0,0,0,278,9400
3023,W1,1,1,5,5,0,0,0,0,0,0,0,100,100,0,0,0,0,0,100,100,0,0.000000,0,8032,0.000000,0,0,0,0,108,8,0,8,100,4132,232,0,0,0,0,108,0,0,0,0,279,9400
3024,W1,1,1,5,5,0,0,0,0,0,0,0,100,100,0,0,0,0,0,100,100,0,0.000000,0,8032,0.000000,0,0,0,0,108,8,0,8,100,4132,232,0,0,0,0,108,0,0,0,0,279,9400
3025,W1,1,1,5,5,0,0,0,0,0,0,0,100,100,0,0,0,0,0,100,100,0,0.000000,0,8032,0.000000,0,0,0,0,108,8,0,8,100,4132,232,0,0,0,0,108,0,0,0,0,304,9400
3026,W1,1,1,5,5,0,0,0,0,0,0,0,100,100,0,0,0,0,0,100,100,0,0.000000,0,8032,0.000000,0,0,0,0,108,8,0,8,100,4132,232,0,0,0,0,108,0,0,0,0,303,9400
3027,W1,1,1,5,5,0,0,0,0,0,0,0,100,100,0,0,0,0,0,100,100,0,0.000000,0,8032,0.000000,0,0,0,0,108,8,0,8,100,4132,232,0,0,0,0,108,0,0,0,0,287,9400
3028,W1,1,1,5,5,0,0,0,0,0,0,0,100,100,0,0,0,0,0,100,100,0,0.000000,0,8032,0.000000,0,0,0,0,108,8,0,8,100,4132,232,0,0,0,0,108,0,0,0,0,300,9400
3029,W1,1,1,5,5,0,0,0,0,0,0,0,100,100,100,0,0,0,0,100,100,100,100.000000,1600,8032,19.920319,10,10,10,10,108,8,0,8,100,4132,232,0,0,0,0,108,0,0,0,0,276,9400
3030,W1,1,1,5,5,0,0,0,0,0,0,0,100,100,0,0,0,0,0,100,100,0,0.000000,0,8032,0.000000,0,0,0,0,108,8,0,8,100,4132,232,0,0,0,0,108,0,0,0,0,300,9400
3031,W1,1,1,5,5,0,0,0,0,0,0,0,100,100,0,0,0,0,0,100,100,0,0.000000,0,8032,0.000000,0,0,0,0,108,8,0,8,100,4132,232,0,0,0,0,108,0,0,0,0,326,9400
3032,W1,1,1,5,5,0,0,0,0,0,0,0,100,100,0,0,0,0,0,100,100,0,0.000000,0,8032,0.000000,0,0,0,0,108,8,0,8,100,4132,232,0,0,0,0,108,0,0,0,0,315,9400
3033,W1,1,1,5,5,0,0,0,0,0,0,0,100,100,0,0,0,0,0,100,100,0,0.000000,0,8032,0.000000,0,0,0,0,108,8,0,8,100,4132,232,0,0,0,0,108,0,0,0,0,279,9400
3034,W1,1,1,5,5,0,0,0,0,0,0,0,100,100,0,0,0,0,0,100,100,0,0.000000,0,8032,0.000000,0,0,0,0,108,8,0,8,100,4132,232,0,0,0,0,108,0,0,0,0,297,9400
3035,W1,1,1,5,5,0,0,0,0,0,0,0,100,100,0,0,0,0,0,100,100,0,0.000000,0,8032,0.000000,0,0,0,0,108,8,0,8,100,4132,232,0,0,0,0,108,0,0,0,0,286,9400
3036,W1,1,1,5,5,0,0,0,0,0,0,0,100,100,0,0,0,0,0,100,100,0,0.000000,0,8032,0.000000,0,0,0,0,108,8,0,8,100,4132,232,0,0,0,0,108,0,0,0,0,313,9400
3037,W1,1,1,5,5,0,0,0,0,0,0,0,100,100,0,0,0,0,0,100,100,0,0.000000,0,8032,0.000000,0,0,0,0,108,8,0,8,100,4132,232,0,0,0,0,108,0,0,0,0,283,9400
3038,W1,1,1,5,5,0,0,0,0,0,0,0,100,100,100,0,0,0,0,100,100,100,100.000000,1600,8032,19.920319,10,10,10,10,108,8,0,8,100,4132,232,0,0,0,0,108,0,0,0,0,301,9400
3039,W1,1,1,5,5,0,0,0,0,0,0,0,100,100,0,0,0,0,0,100,100,0,0.000000,0,8032,0.000000,0,0,0,0,108,8,0,8,100,4132,232,0,0,0,0,108,0,0,0,0,313,9400
3040,W1,1,1,5,5,0,0,0,0,0,0,0,100,100,0,0,0,0,0,100,100,0,0.000000,0,8032,0.000000,0,0,0,0,108,8,0,8,100,4132,232,0,0,0,0,108,0,0,0,0,322,9400
3041,W1,1,1,5,5,0,0,0,0,0,0,0,100,100,0,0,0,0,0,100,100,0,0.000000,0,8032,0.000000,0,0,0,0,108,8,0,8,100,4132,232,0,0,0,0,108,0,0,0,0,281,9400
3042,W1,1,1,5,5,0,0,0,0,0,0,0,100,100,0,0,0,0,0,100,100,0,0.000000,0,8032,0.000000,0,0,0,0,108,8,0,8,100,4132,232,0,0,0,0,108,0,0,0,0,291,9400
3043,W1,1,1,5,5,0,0,0,0,0,0,0,100,100,0,0,0,0,0,100,100,0,0.000000,0,8032,0.000000,0,0,0,0,108,8,0,8,100,4132,232,0,0,0,0,108,0,0,0,0,320,9400
3044,W1,1,1,5,5,0,0,0,0,0,0,0,100,100,0,0,0,0,0,100,100,0,0.000000,0,8032,0.000000,0,0,0,0,108,8,0,8,100,4132,232,0,0,0,0,108,0,0,0,0,289,9400
3045,W1,1,1,5,5,0,0,0,0,0,0,0,100,100,0,0,0,0,0,100,100,0,0.000000,0,8032,0.000000,0,0,0,0,108,8,0,8,100,4132,232,0,0,0,0,108,0,0,0,0,287,9400
3046,W1,1,1,5,5,0,0,0,0,0,0,0,100,100,0,0,0,0,0,100,100,0,0.000000,0,8032,0.000000,0,0,0,0,108,8,0,8,100,4132,232,0,0,0,0,108,0,0,0,0,298,9400
3047,W1,1,1,5,5,0,0,0,0,0,0,0,100,100,100,0,0,0,0,100,100,100,100.000000,1600,8032,19.920319,10,10,10,10,108,8,0,8,100,4132,232,0,0,0,0,108,0,0,0,0,284,9400
3048,W1,1,1,5,5,0,0,0,0,0,0,0,100,100,0,0,0,0,0,100,100,0,0.000000,0,8032,0.000000,0,0,0,0,108,8,0,8,100,4132,232,0,0,0,0,108,0,0,0,0,291,9400
3049,W1,1,1,5,5,0,0,0,0,0,0,0,100,100,0,0,0,0,0,100,100,0,0.000000,0,8032,0.000000,0,0,0,0,108,8,0,8,100,4132,232,0,0,0,0,108,0,0,0,0,278,9400
3050,W1,1,1,5,5,0,0,0,0,0,0,0,100,100,0,0,0,0,0,100,100,0,0.000000,0,8032,0.000000,0,0,0,0,108,8,0,8,100,4132,232,0,0,0,0,108,0,0,0,0,282,9400
3051,W1,1,1,5,5,0,0,0,0,0,0,0,100,100,0,0,0,0,0,100,100,0,0.000000,0,8032,0.000000,0,0,0,0,108,8,0,8,100,4132,232,0,0,0,0,108,0,0,0,0,287,9400
3052,W1,1,1,5,5,0,0,0,0,0,0,0,100,100,0,0,0,0,0,100,100,0,0.000000,0,8032,0.000000,0,0,0,0,108,8,0,8,100,4132,232,0,0,0,0,108,0,0,0,0,283,9400
3053,W1,1,1,5,5,0,0,0,0,0,0,0,100,100,0,0,0,0,0,100,100,0,0.000000,0,8032,0.000000,0,0,0,0,108,8,0,8,100,4132,232,0,0,0,0,108,0,0,0,0,304,9400
3054,W1,1,1,5,5,0,0,0,0,0,0,0,100,100,0,0,0,0,0,100,100,0,0.000000,0,8032,0.000000,0,0,0,0,108,8,0,8,100,4132,232,0,0,0,0,108,0,0,0,0,290,9400
3055,W1,1,1,5,5,0,0,0,0,0,0,0,100,100,0,0,0,0,0,100,100,0,0.000000,0,8032,0.000000,0,0,0,0,108,8,0,8,100,4132,232,0,0,0,0,108,0,0,0,0,302,9400
3056,W1,1,1,5,5,0,0,0,0,0,0,0,100,100,100,0,0,0,0,100,100,100,100.000000,1600,8032,19.920319,10,10,10,10,108,8,0,8,100,4132,232,0,0,0,0,108,0,0,0,0,306,9400
3057,W1,1,1,5,5,0,0,0,0,0,0,0,100,100,0,0,0,0,0,100,100,0,0.000000,0,8032,0.000000,0,0,0,0,108,8,0,8,100,4132,232,0,0,0,0,108,0,0,0,0,276,9400
3058,W1,1,1,5,5,0,0,0,0,0,0,0,100,100,0,0,0,0,0,100,100,0,0.000000,0,8032,0.000000,0,0,0,0,108,8,0,8,100,4132,232,0,0,0,0,108,0,0,0,0,277,9400
3059,W1,1,1,5,5,0,0,0,0,0,0,0,100,100,0,0,0,0,0,100,100,0,0.000000,0,8032,0.000000,0,0,0,0,108,8,0,8,100,4132,232,0,0,0,0,108,0,0,0,0,278,9400
3060,W1,1,1,5,5,0,0,0,0,0,0,0,100,100,0,0,0,0,0,100,100,0,0.000000,0,8032,0.000000,0,0,0,0,108,8,0,8,100,4132,232,0,0,0,0,108,0,0,0,0,276,9400
3061,W1,1,1,5,5,0,0,0,0,0,0,0,100,100,0,0,0,0,0,100,100,0,0.000000,0,8032,0.000000,0,0,0,0,108,8,0,8,100,4132,232,0,0,0,0,108,0,0,0,0,277,9400
3062,W1,1,1,5,5,0,0,0,0,0,0,0,100,100,0,0,0,0,0,100,100,0,0.000000,0,8032,0.000000,0,0,0,0,108,8,0,8,100,4132,232,0,0,0,0,108,0,0,0,0,305,9400
3063,W1,1,1,5,5,0,0,0,0,0,0,0,100,100,0,0,0,0,0,100,100,0,0.000000,0,8032,0.000000,0,0,0,0,108,8,0,8,100,4132,232,0,0,0,0,108,0,0,0,0,310,9400
3064,W1,1,1,5,5,0,0,0,0,0,0,0,100,100,0,0,0,0,0,100,100,0,0.000000,0,8032,0.000000,0,0,0,0,108,8,0,8,100,4132,232,0,0,0,0,108,0,0,0,0,274,9400
3065,W1,1,1,5,5,0,0,0,0,0,0,0,100,100,100,0,0,0,0,100,100,100,100.000000,1600,8032,19.920319,10,10,10,10,108,8,0,8,100,4132,232,0,0,0,0,108,0,0,0,0,267,9400
3066,W1,1,1,5,5,0,0,0,0,0,0,0,100,100,0,0,0,0,0,100,100,0,0.000000,0,8032,0.000000,0,0,0,0,108,8,0,8,100,4132,232,0,0,0,0,108,0,0,0,0,269,9400
3067,W1,1,1,5,5,0,0,0,0,0,0,0,100,100,0,0,0,0,0,100,100,0,0.000000,0,8032,0.000000,0,0,0,0,108,8,0,8,100,4132,232,0,0,0,0,108,0,0,0,0,270,9400
3068,W1,1,1,5,5,0,0,0,0,0,0,0,100,100,0,0,0,0,0,100,100,0,0.000000,0,8032,0.000000,0,0,0,0,108,8,0,8,100,4132,232,0,0,0,0,108,0,0,0,0,276,9400
3069,W1,1,1,5,5,0,0,0,0,0,0,0,100,100,0,0,0,0,0,100,100,0,0.000000,0,8032,0.000000,0,0,0,0,108,8,0,8,100,4132,232,0,0,0,0,108,0,0,0,0,287,9400
3070,W1,1,1,5,5,0,0,0,0,0,0,0,100,100,0,0,0,0,0,100,100,0,0.000000,0,8032,0.000000,0,0,0,0,108,8,0,8,100,4132,232,0,0,0,0,108,0,0,0,0,288,9400
3071,W1,1,1,5,5,0,0,0,0,0,0,0,100,100,0,0,0,0,0,100,100,0,0.000000,0,8032,0.000000,0,0,0,0,108,8,0,8,100,4132,232,0,0,0,0,108,0,0,0,0,291,9400
3072,W1,1,1,5,5,0,0,0,0,0,0,0,100,100,0,0,0,0,0,100,100,0,0.000000,0,8032,0.000000,0,0,0,0,108,8,0,8,100,4132,232,0,0,0,0,108,0,0,0,0,293,9400
3073,W1,1,1,5,5,0,0,0,0,0,0,0,100,100,0,0,0,0,0,100,100,0,0.000000,0,8032,0.000000,0,0,0,0,108,8,0,8,100,4132,232,0,0,0,0,108,0,0,0,0,276,9400
3074,W1,1,1,5,5,0,0,0,0,0,0,0,100,100,100,0,0,0,0,100,100,100,100.000000,1600,8032,19.920319,10,10,10,10,108,8,0,8,100,4132,232,0,0,0,0,108,0,0,0,0,316,9400
3075,W1,1,1,5,5,0,0,0,0,0,0,0,100,100,0,0,0,0,0,100,100,0,0.000000,0,8032,0.000000,0,0,0,0,108,8,0,8,100,4132,232,0,0,0,0,108,0,0,0,0,298,9400
3076,W1,1,1,5,5,0,0,0,0,0,0,0,100,100,0,0,0,0,0,100,100,0,0.000000,0,8032,0.000000,0,0,0,0,108,8,0,8,100,4132,232,0,0,0,0,108,0,0,0,0,325,9400
3077,W1,1,1,5,5,0,0,0,0,0,0,0,100,100,0,0,0,0,0,100,100,0,0.000000,0,8032,0.000000,0,0,0,0,108,8,0,8,100,4132,232,0,0,0,0,108,0,0,0,0,313,9400
3078,W1,1,1,5,5,0,0,0,0,0,0,0,100,100,0,0,0,0,0,100,100,0,0.000000,0,8032,0.000000,0,0,0,0,108,8,0,8,100,4132,232,0,0,0,0,108,0,0,0,0,312,9400
3079,W1,1,1,5,5,0,0,0,0,0,0,0,100,100,0,0,0,0,0,100,100,0,0.000000,0,8032,0.000000,0,0,0,0,108,8,0,8,100,4132,232,0,0,0,0,108,0,0,0,0,317,9400
3080,W1,1,1,5,5,0,0,0,0,0,0,0,100,100,0,0,0,0,0,100,100,0,0.000000,0,8032,0.000000,0,0,0,0,108,8,0,8,100,4132,232,0,0,0,0,108,0,0,0,0,283,9400
3081,W1,1,1,5,5,0,0,0,0,0,0,0,100,100,0,0,0,0,0,100,100,0,0.000000,0,8032,0.000000,0,0,0,0,108,8,0,8,100,4132,232,0,0,0,0,108,0,0,0,0,302,9400
3082,W1,1,1,5,5,0,0,0,0,0,0,0,100,100,0,0,0,0,0,100,100,0,0.000000,0,8032,0.000000,0,0,0,0,108,8,0,8,100,4132,232,0,0,0,0,108,0,0,0,0,294,9400
3083,W1,1,1,5,5,0,0,0,0,0,0,0,100,100,100,0,0,0,0,100,100,100,100.000000,1600,8032,19.920319,10,10,10,10,108,8,0,8,100,4132,232,0,0,0,0,108,0,0,0,0,326,9400
3084,W1,1,1,5,5,0,0,0,0,0,0,0,100,100,0,0,0,0,0,100,100,0,0.000000,0,8032,0.000000,0,0,0,0,108,8,0,8,100,4132,232,0,0,0,0,108,0,0,0,0,285,9400
3085,W1,1,1,5,5,0,0,0,0,0,0,0,100,100,0,0,0,0,0,100,100,0,0.000000,0,8032,0.000000,0,0,0,0,108,8,0,8,100,4132,232,0,0,0,0,108,0,0,0,0,276,9400
3086,W1,1,1,5,5,0,0,0,0,0,0,0,100,100,0,0,0,0,0,100,100,0,0.000000,0,8032,0.000000,0,0,0,0,108,8,0,8,100,4132,232,0,0,0,0,108,0,0,0,0,387,9400
3087,W1,1,1,5,5,0,0,0,0,0,0,0,100,100,0,0,0,0,0,100,100,0,0.000000,0,8032,0.000000,0,0,0,0,108,8,0,8,100,4132,232,0,0,0,0,108,0,0,0,0,269,9400
3088,W1,1,1,5,5,0,0,0,0,0,0,0,100,100,0,0,0,0,0,100,100,0,0.000000,0,8032,0.000000,0,0,0,0,108,8,0,8,100,4132,232,0,0,0,0,108,0,0,0,0,278,9400
3089,W1,1,1,5,5,0,0,0,0,0,0,0,100,100,0,0,0,0,0,100,100,0,0.000000,0,8032,0.000000,0,0,0,0,108,8,0,8,100,4132,232,0,0,0,0,108,0,0,0,0,300,9400
3090,W1,1,1,5,5,0,0,0,0,0,0,0,100,100,0,0,0,0,0,100,100,0,0.000000,0,8032,0.000000,0,0,0,0,108,8,0,8,100,4132,232,0,0,0,0,108,0,0,0,0,309,9400
3091,W1,1,1,5,5,0,0,0,0,0,0,0,100,100,0,0,0,0,0,100,100,0,0.000000,0,8032,0.000000,0,0,0,0,108,8,0,8,100,4132,232,0,0,0,0,108,0,0,0,0,312,9400
3092,W1,1,1,5,5,0,0,0,0,0,0,0,100,100,100,0,0,0,0,100,100,100,100.000000,1600,8032,19.920319,10,10,10,10,108,8,0,8,100,4132,232,0,0,0,0,108,0,0,0,0,307,9400
3093,W1,1,1,5,5,0,0,0,0,0,0,0,100,100,0,0,0,0,0,100,100,0,0.000000,0,8032,0.000000,0,0,0,0,108,8,0,8,100,4132,232,0,0,0,0,108,0,0,0,0,297,9400
3094,W1,1,1,5,5,0,0,0,0,0,0,0,100,100,0,0,0,0,0,100,100,0,0.000000,0,8032,0.000000,0,0,0,0,108,8,0,8,100,4132,232,0,0,0,0,108,0,0,0,0,318,9400
3095,W1,1,1,5,5,0,0,0,0,0,0,0,100,100,0,0,0,0,0,100,100,0,0.000000,0,8032,0.000000,0,0,0,0,108,8,0,8,100,4132,232,0,0,0,0,108,0,0,0,0,299,9400
3096,W1,1,1,5,5,0,0,0,0,0,0,0,100,100,0,0,0,0,0,100,100,0,0.000000,0,8032,0.000000,0,0,0,0,108,8,0,8,100,4132,232,0,0,0,0,108,0,0,0,0,299,9400
3097,W1,1,1,5,5,0,0,0,0,0,0,0,100,100,0,0,0,0,0,100,100,0,0.000000,0,8032,0.000000,0,0,0,0,108,8,0,8,100,4132,232,0,0,0,0,108,0,0,0,0,277,9400
3098,W1,1,1,5,5,0,0,0,0,0,0,0,100,100,0,0,0,0,0,100,100,0,0.000000,0,8032,0.000000,0,0,0,0,108,8,0,8,100,4132,232,0,0,0,0,108,0,0,0,0,306,9400
3099,W1,1,1,5,5,0,0,0,0,0,0,0,100,100,0,0,0,0,0,100,100,0,0.000000,0,8032,0.000000,0,0,0,0,108,8,0,8,100,4132,232,0,0,0,0,108,0,0,0,0,296,9400
3100,W1,1,1,5,5,0,0,0,0,0,0,0,100,100,0,0,0,0,0,100,100,0,0.000000,0,8032,0.000000,0,0,0,0,108,8,0,8,100,4132,232,0,0,0,0,108,0,0,0,0,296,9400
3101,W1,1,1,5,5,0,0,0,0,0,0,0,100,100,100,0,0,0,0,100,100,100,100.000000,1600,8032,19.920319,10,10,10,10,108,8,0,8,100,4132,232,0,0,0,0,108,0,0,0,0,353,9400
3102,W1,1,1,5,5,0,0,0,0,0,0,0,100,100,0,0,0,0,0,100,100,0,0.000000,0,8032,0.000000,0,0,0,0,108,8,0,8,100,4132,232,0,0,0,0,108,0,0,0,0,279,9400
3103,W1,1,1,5,5,0,0,0,0,0,0,0,100,100,0,0,0,0,0,100,100,0,0.000000,0,8032,0.000000,0,0,0,0,108,8,0,8,100,4132,232,0,0,0,0,108,0,0,0,0,296,9400
3104,W1,1,1,5,5,0,0,0,0,0,0,0,100,100,0,0,0,0,0,100,100,0,0.000000,0,8032,0.000000,0,0,0,0,108,8,0,8,100,4132,232,0,0,0,0,108,0,0,0,0,280,9400
3105,W1,1,1,5,5,0,0,0,0,0,0,0,100,100,0,0,0,0,0,100,100,0,0.000000,0,8032,0.000000,0,0,0,0,108,8,0,8,100,4132,232,0,0,0,0,108,0,0,0,0,278,9400
3106,W1,1,1,5,5,0,0,0,0,0,0,0,100,100,0,0,0,0,0,100,100,0,0.000000,0,8032,0.000000,0,0,0,0,108,8,0,8,100,4132,232,0,0,0,0,108,0,0,0,0,276,9400
3107,W1,1,1,5,5,0,0,0,0,0,0,0,100,100,0,0,0,0,0,100,100,0,0.000000,0,8032,0.000000,0,0,0,0,108,8,0,8,100,4132,232,0,0,0,0,108,0,0,0,0,284,9400
3108,W1,1,1,5,5,0,0,0,0,0,0,0,100,100,0,0,0,0,0,100,100,0,0.000000,0,8032,0.000000,0,0,0,0,108,8,0,8,100,4132,232,0,0,0,0,108,0,0,0,0,282,9400
3109,W1,1,1,5,5,0,0,0,0,0,0,0,100,100,0,0,0,0,0,100,100,0,0.000000,0,8032,0.000000,0,0,0,0,108,8,0,8,100,4132,232,0,0,0,0,108,0,0,0,0,314,9400
3110,W1,1,1,5,5,0,0,0,0,0,0,0,100,100,100,0,0,0,0,100,100,100,100.000000,1600,8032,19.920319,10,10,10,10,108,8,0,8,100,4132,232,0,0,0,0,108,0,0,0,0,304,9400
3111,W1,1,1,5,5,0,0,0,0,0,0,0,100,100,0,0,0,0,0,100,100,0,0.000000,0,8032,0.000000,0,0,0,0,108,8,0,8,100,4132,232,0,0,0,0,108,0,0,0,0,279,9400
3112,W1,1,1,5,5,0,0,0,0,0,0,0,100,100,0,0,0,0,0,100,100,0,0.000000,0,8032,0.000000,0,0,0,0,108,8,0,8,100,4132,232,0,0,0,0,108,0,0,0,0,274,9400
3113,W1,1,1,5,5,0,0,0,0,0,0,0,100,100,0,0,0,0,0,100,100,0,0.000000,0,8032,0.000000,0,0,0,0,108,8,0,8,100,4132,232,0,0,0,0,108,0,0,0,0,284,9400
3114,W1,1,1,5,5,0,0,0,0,0,0,0,100,100,0,0,0,0,0,100,100,0,0.000000,0,8032,0.000000,0,0,0,0,108,8,0,8,100,4132,232,0,0,0,0,108,0,0,0,0,274,9400
3115,W1,1,1,5,5,0,0,0,0,0,0,0,100,100,0,0,0,0,0,100,100,0,0.000000,0,8032,0.000000,0,0,0,0,108,8,0,8,100,4132,232,0,0,0,0,108,0,0,0,0,275,9400
3116,W1,1,1,5,5,0,0,0,0,0,0,0,100,100,0,0,0,0,0,100,100,0,0.000000,0,8032,0.000000,0,0,0,0,108,8,0,8,100,4132,232,0,0,0,0,108,0,0,0,0,282,9400
3117,W1,1,1,5,5,0,0,0,0,0,0,0,100,100,0,0,0,0,0,100,100,0,0.000000,0,8032,0.000000,0,0,0,0,108,8,0,8,100,4132,232,0,0,0,0,108,0,0,0,0,272,9400
3118,W1,1,1,5,5,0,0,0,0,0,0,0,100,100,0,0,0,0,0,100,100,0,0.000000,0,8032,0.000000,0,0,0,0,108,8,0,8,100,4132,232,0,0,0,0,108,0,0,0,0,296,9400
3119,W1,1,1,5,5,0,0,0,0,0,0,0,100,100,100,0,0,0,0,100,100,100,100.000000,1600,8032,19.920319,10,10,10,10,108,8,0,8,100,4132,232,0,0,0,0,108,0,0,0,0,284,9400
3120,W1,1,1,5,5,0,0,0,0,0,0,0,100,100,0,0,0,0,0,100,100,0,0.000000,0,8032,0.000000,0,0,0,0,108,8,0,8,100,4132,232,0,0,0,0,108,0,0,0,0,336,9400
3121,W1,1,1,5,5,0,0,0,0,0,0,0,100,100,0,0,0,0,0,100,100,0,0.000000,0,8032,0.000000,0,0,0,0,108,8,0,8,100,4132,232,0,0,0,0,108,0,0,0,0,282,9400
3122,W1,1,1,5,5,0,0,0,0,0,0,0,100,100,0,0,0,0,0,100,100,0,0.000000,0,8032,0.000000,0,0,0,0,108,8,0,8,100,4132,232,0,0,0,0,108,0,0,0,0,291,9400
3123,W1,1,1,5,5,0,0,0,0,0,0,0,100,100,0,0,0,0,0,100,100,0,0.000000,0,8032,0.000000,0,0,0,0,108,8,0,8,100,4132,232,0,0,0,0,108,0,0,0,0,290,9400
3124,W1,1,1,5,5,0,0,0,0,0,0,0,100,100,0,0,0,0,0,100,100,0,0.000000,0,8032,0.000000,0,0,0,0,108,8,0,8,100,4132,232,0,0,0,0,108,0,0,0,0,292,9400
3125,W1,1,1,5,5,0,0,0,0,0,0,0,100,100,0,0,0,0,0,100,100,0,0.000000,0,8032,0.000000,0,0,0,0,108,8,0,8,100,4132,232,0,0,0,0,108,0,0,0,0,311,9400
3126,W1,1,1,5,5,0,0,0,0,0,0,0,100,100,0,0,0,0,0,100,100,0,0.000000,0,8032,0.000000,0,0,0,0,108,8,0,8,100,4132,232,0,0,0,0,108,0,0,0,0,307,9400
3127,W1,1,1,5,5,0,0,0,0,0,0,0,100,100,0,0,0,0,0,100,100,0,0.000000,0,8032,0.000000,0,0,0,0,108,8,0,8,100,4132,232,0,0,0,0,108,0,0,0,0,288,9400
3128,W1,1,1,5,5,0,0,0,0,0,0,0,100,100,100,0,0,0,0,100,100,100,100.000000,1600,8032,19.920319,10,10,10,10,108,8,0,8,100,4132,232,0,0,0,0,108,0,0,0,0,273,9400
3129,W1,1,1,5,5,0,0,0,0,0,0,0,100,100,0,0,0,0,0,100,100,0,0.000000,0,8032,0.000000,0,0,0,0,108,8,0,8,100,4132,232,0,0,0,0,108,0,0,0,0,299,9400
3130,W1,1,1,5,5,0,0,0,0,0,0,0,100,100,0,0,0,0,0,100,100,0,0.000000,0,8032,0.000000,0,0,0,0,108,8,0,8,100,4132,232,0,0,0,0,108,0,0,0,0,274,9400
3131,W1,1,1,5,5,0,0,0,0,0,0,0,100,100,0,0,0,0,0,100,100,0,0.000000,0,8032,0.000000,0,0,0,0,108,8,0,8,100,4132,232,0,0,0,0,108,0,0,0,0,274,9400
3132,W1,1,1,5,5,0,0,0,0,0,0,0,100,100,0,0,0,0,0,100,100,0,0.000000,0,8032,0.000000,0,0,0,0,108,8,0,8,100,4132,232,0,0,0,0,108,0,0,0,0,321,9400
3133,W1,1,1,5,5,0,0,0,0,0,0,0,100,100,0,0,0,0,0,100,100,0,0.000000,0,8032,0.000000,0,0,0,0,108,8,0,8,100,4132,232,0,0,0,0,108,0,0,0,0,318,9400
3134,W1,1,1,5,5,0,0,0,0,0,0,0,100,100,0,0,0,0,0,100,100,0,0.000000,0,8032,0.000000,0,0,0,0,108,8,0,8,100,4132,232,0,0,0,0,108,0,0,0,0,282,9400
3135,W1,1,1,5,5,0,0,0,0,0,0,0,100,100,0,0,0,0,0,100,100,0,0.000000,0,8032,0.000000,0,0,0,0,108,8,0,8,100,4132,232,0,0,0,0,108,0,0,0,0,272,9400
3136,W1,1,1,5,5,0,0,0,0,0,0,0,100,100,0,0,0,0,0,100,100,0,0.000000,0,8032,0.000000,0,0,0,0,108,8,0,8,100,4132,232,0,0,0,0,108,0,0,0,0,306,9400
3137,W1,1,1,5,5,0,0,0,0,0,0,0,100,100,100,0,0,0,0,100,100,100,100.000000,1600,8032,19.920319,10,10,10,10,108,8,0,8,100,4132,232,0,0,0,0,108,0,0,0,0,278,9400
3138,W1,1,1,5,5,0,0,0,0,0,0,0,100,100,0,0,0,0,0,100,100,0,0.000000,0,8032,0.000000,0,0,0,0,108,8,0,8,100,4132,232,0,0,0,0,108,0,0,0,0,278,9400
3139,W1,1,1,5,5,0,0,0,0,0,0,0,100,100,0,0,0,0,0,100,100,0,0.000000,0,8032,0.000000,0,0,0,0,108,8,0,8,100,4132,232,0,0,0,0,108,0,0,0,0,279,9400
3140,W1,1,1,5,5,0,0,0,0,0,0,0,100,100,0,0,0,0,0,100,100,0,0.000000,0,8032,0.000000,0,0,0,0,108,8,0,8,100,4132,232,0,0,0,0,108,0,0,0,0,310,9400
3141,W1,1,1,5,5,0,0,0,0,0,0,0,100,100,0,0,0,0,0,100,100,0,0.000000,0,8032,0.000000,0,0,0,0,108,8,0,8,100,4132,232,0,0,0,0,108,0,0,0,0,320,9400
3142,W1,1,1,5,5,0,0,0,0,0,0,0,100,100,0,0,0,0,0,100,100,0,0.000000,0,8032,0.000000,0,0,0,0,108,8,0,8,100,4132,232,0,0,0,0,108,0,0,0,0,288,9400
3143,W1,1,1,5,5,0,0,0,0,0,0,0,100,100,0,0,0,0,0,100,100,0,0.000000,0,8032,0.000000,0,0,0,0,108,8,0,8,100,4132,232,0,0,0,0,108,0,0,0,0,287,9400
3144,W1,1,1,5,5,0,0,0,0,0,0,0,100,100,0,0,0,0,0,100,100,0,0.000000,0,8032,0.000000,0,0,0,0,108,8,0,8,100,4132,232,0,0,0,0,108,0,0,0,0,288,9400
3145,W1,1,1,5,5,0,0,0,0,0,0,0,100,100,0,0,0,0,0,100,100,0,0.000000,0,8032,0.000000,0,0,0,0,108,8,0,8,100,4132,232,0,0,0,0,108,0,0,0,0,279,9400
3146,W1,1,1,5,5,0,0,0,0,0,0,0,100,100,100,0,0,0,0,100,100,100,100.000000,1600,8032,19.920319,10,10,10,10,108,8,0,8,100,4132,232,0,0,0,0,108,0,0,0,0,344,9400
3147,W1,1,1,5,5,0,0,0,0,0,0,0,100,100,0,0,0,0,0,100,100,0,0.000000,0,8032,0.000000,0,0,0,0,108,8,0,8,100,4132,232,0,0,0,0,108,0,0,0,0,312,9400
3148,W1,1,1,5,5,0,0,0,0,0,0,0,100,100,0,0,0,0,0,100,100,0,0.000000,0,8032,0.000000,0,0,0,0,108,8,0,8,100,4132,232,0,0,0,0,108,0,0,0,0,281,9400
3149,W1,1,1,5,5,0,0,0,0,0,0,0,100,100,0,0,0,0,0,100,100,0,0.000000,0,8032,0.000000,0,0,0,0,108,8,0,8,100,4132,232,0,0,0,0,108,0,0,0,0,333,9400
3150,W1,1,1,5,5,0,0,0,0,0,0,0,100,100,0,0,0,0,0,100,100,0,0.000000,0,8032,0.000000,0,0,0,0,108,8,0,8,100,4132,232,0,0,0,0,108,0,0,0,0,281,9400
3151,W1,1,1,5,5,0,0,0,0,0,0,0,100,100,0,0,0,0,0,100,100,0,0.000000,0,8032,0.000000,0,0,0,0,108,8,0,8,100,4132,232,0,0,0,0,108,0,0,0,0,285,9400
3152,W1,1,1,5,5,0,0,0,0,0,0,0,100,100,0,0,0,0,0,100,100,0,0.000000,0,8032,0.000000,0,0,0,0,108,8,0,8,100,4132,232,0,0,0,0,108,0,0,0,0,279,9400
3153,W1,1,1,5,5,0,0,0,0,0,0,0,100,100,0,0,0,0,0,100,100,0,0.000000,0,8032,0.000000,0,0,0,0,108,8,0,8,100,4132,232,0,0,0,0,108,0,0,0,0,275,9400
3154,W1,1,1,5,5,0,0,0,0,0,0,0,100,100,0,0,0,0,0,100,100,0,0.000000,0,8032,0.000000,0,0,0,0,108,8,0,8,100,4132,232,0,0,0,0,108,0,0,0,0,296,9400
3155,W1,1,1,5,5,0,0,0,0,0,0,0,100,100,100,0,0,0,0,100,100,100,100.000000,1600,8032,19.920319,10,10,10,10,108,8,0,8,100,4132,232,0,0,0,0,108,0,0,0,0,293,9400
3156,W1,1,1,5,5,0,0,0,0,0,0,0,100,100,0,0,0,0,0,100,100,0,0.000000,0,8032,0.000000,0,0,0,0,108,8,0,8,100,4132,232,0,0,0,0,108,0,0,0,0,278,9400
3157,W1,1,1,5,5,0,0,0,0,0,0,0,100,100,0,0,0,0,0,100,100,0,0.000000,0,8032,0.000000,0,0,0,0,108,8,0,8,100,4132,232,0,0,0,0,108,0,0,0,0,272,9400
3158,W1,1,1,5,5,0,0,0,0,0,0,0,100,100,0,0,0,0,0,100,100,0,0.000000,0,8032,0.000000,0,0,0,0,108,8,0,8,100,4132,232,0,0,0,0,108,0,0,0,0,285,9400
3159,W1,1,1,5,5,0,0,0,0,0,0,0,100,100,0,0,0,0,0,100,100,0,0.000000,0,8032,0.000000,0,0,0,0,108,8,0,8,100,4132,232,0,0,0,0,108,0,0,0,0,274,9400
3160,W1,1,1,5,5,0,0,0,0,0,0,0,100,100,0,0,0,0,0,100,100,0,0.000000,0,8032,0.000000,0,0,0,0,108,8,0,8,100,4132,232,0,0,0,0,108,0,0,0,0,285,9400
3161,W1,1,1,5,5,0,0,0,0,0,0,0,100,100,0,0,0,0,0,100,100,0,0.000000,0,8032,0.000000,0,0,0,0,108,8,0,8,100,4132,232,0,0,0,0,108,0,0,0,0,283,9400
3162,W1,1,1,5,5,0,0,0,0,0,0,0,100,100,0,0,0,0,0,100,100,0,0.000000,0,8032,0.000000,0,0,0,0,108,8,0,8,100,4132,232,0,0,0,0,108,0,0,0,0,284,9400
3163,W1,1,1,5,5,0,0,0,0,0,0,0,100,100,0,0,0,0,0,100,100,0,0.000000,0,8032,0.000000,0,0,0,0,108,8,0,8,100,4132,232,0,0,0,0,108,0,0,0,0,313,9400
3164,W1,1,1,5,5,0,0,0,0,0,0,0,100,100,100,0,0,0,0,100,100,100,100.000000,1600,8032,19.920319,10,10,10,10,108,8,0,8,100,4132,232,0,0,0,0,108,0,0,0,0,311,9400
3165,W1,1,1,5,5,0,0,0,0,0,0,0,100,100,0,0,0,0,0,100,100,0,0.000000,0,8032,0.000000,0,0,0,0,108,8,0,8,100,4132,232,0,0,0,0,108,0,0,0,0,278,9400
3166,W1,1,1,5,5,0,0,0,0,0,0,0,100,100,0,0,0,0,0,100,100,0,0.000000,0,8032,0.000000,0,0,0,0,108,8,0,8,100,4132,232,0,0,0,0,108,0,0,0,0,275,9400
3167,W1,1,1,5,5,0,0,0,0,0,0,0,100,100,0,0,0,0,0,100,100,0,0.000000,0,8032,0.000000,0,0,0,0,108,8,0,8,100,4132,232,0,0,0,0,108,0,0,0,0,286,9400
3168,W1,1,1,5,5,0,0,0,0,0,0,0,100,100,0,0,0,0,0,100,100,0,0.000000,0,8032,0.000000,0,0,0,0,108,8,0,8,100,4132,232,0,0,0,0,108,0,0,0,0,309,9400
3169,W1,1,1,5,5,0,0,0,0,0,0,0,100,100,0,0,0,0,0,100,100,0,0.000000,0,8032,0.000000,0,0,0,0,108,8,0,8,100,4132,232,0,0,0,0,108,0,0,0,0,313,9400
3170,W1,1,1,5,5,0,0,0,0,0,0,0,100,100,0,0,0,0,0,100,100,0,0.000000,0,8032,0.000000,0,0,0,0,108,8,0,8,100,4132,232,0,0,0,0,108,0,0,0,0,292,9400
3171,W1,1,1,5,5,0,0,0,0,0,0,0,100,100,0,0,0,0,0,100,100,0,0.000000,0,8032,0.000000,0,0,0,0,108,8,0,8,100,4132,232,0,0,0,0,108,0,0,0,0,280,9400
3172,W1,1,1,5,5,0,0,0,0,0,0,0,100,100,0,0,0,0,0,100,100,0,0.000000,0,8032,0.000000,0,0,0,0,108,8,0,8,100,4132,232,0,0,0,0,108,0,0,0,0,292,9400
3173,W1,1,1,5,5,0,0,0,0,0,0,0,100,100,100,0,0,0,0,100,100,100,100.000000,1600,8032,19.920319,10,10,10,10,108,8,0,8,100,4132,232,0,0,0,0,108,0,0,0,0,304,9400
3174,W1,1,1,5,5,0,0,0,0,0,0,0,100,100,0,0,0,0,0,100,100,0,0.000000,0,8032,0.000000,0,0,0,0,108,8,0,8,100,4132,232,0,0,0,0,108,0,0,0,0,313,9400
3175,W1,1,1,5,5,0,0,0,0,0,0,0,100,100,0,0,0,0,0,100,100,0,0.000000,0,8032,0.000000,0,0,0,0,108,8,0,8,100,4132,232,0,0,0,0,108,0,0,0,0,291,9400
3176,W1,1,1,5,5,0,0,0,0,0,0,0,100,100,0,0,0,0,0,100,100,0,0.000000,0,8032,0.000000,0,0,0,0,108,8,0,8,100,4132,232,0,0,0,0,108,0,0,0,0,308,9400
3177,W1,1,1,5,5,0,0,0,0,0,0,0,100,100,0,0,0,0,0,100,100,0,0.000000,0,8032,0.000000,0,0,0,0,108,8,0,8,100,4132,232,0,0,0,0,108,0,0,0,0,329,9400
3178,W1,1,1,5,5,0,0,0,0,0,0,0,100,100,0,0,0,0,0,100,100,0,0.000000,0,8032,0.000000,0,0,0,0,108,8,0,8,100,4132,232,0,0,0,0,108,0,0,0,0,282,9400
3179,W1,1,1,5,5,0,0,0,0,0,0,0,100,100,0,0,0,0,0,100,100,0,0.000000,0,8032,0.000000,0,0,0,0,108,8,0,8,100,4132,232,0,0,0,0,108,0,0,0,0,287,9400
3180,W1,1,1,5,5,0,0,0,0,0,0,0,100,100,0,0,0,0,0,100,100,0,0.000000,0,8032,0.000000,0,0,0,0,108,8,0,8,100,4132,232,0,0,0,0,108,0,0,0,0,297,9400
3181,W1,1,1,5,5,0,0,0,0,0,0,0,100,100,0,0,0,0,0,100,100,0,0.000000,0,8032,0.000000,0,0,0,0,108,8,0,8,100,4132,232,0,0,0,0,108,0,0,0,0,280,9400
3182,W1,1,1,5,5,0,0,0,0,0,0,0,100,100,100,0,0,0,0,100,100,100,100.000000,1600,8032,19.920319,10,10,10,10,108,8,0,8,100,4132,232,0,0,0,0,108,0,0,0,0,300,9400
3183,W1,1,1,5,5,0,0,0,0,0,0,0,100,100,0,0,0,0,0,100,100,0,0.000000,0,8032,0.000000,0,0,0,0,108,8,0,8,100,4132,232,0,0,0,0,108,0,0,0,0,293,9400
3184,W1,1,1,5,5,0,0,0,0,0,0,0,100,100,0,0,0,0,0,100,100,0,0.000000,0,8032,0.000000,0,0,0,0,108,8,0,8,100,4132,232,0,0,0,0,108,0,0,0,0,293,9400
3185,W1,1,1,5,5,0,0,0,0,0,0,0,100,100,0,0,0,0,0,100,100,0,0.000000,0,8032,0.000000,0,0,0,0,108,8,0,8,100,4132,232,0,0,0,0,108,0,0,0,0,280,9400
3186,W1,1,1,5,5,0,0,0,0,0,0,0,100,100,0,0,0,0,0,100,100,0,0.000000,0,8032,0.000000,0,0,0,0,108,8,0,8,100,4132,232,0,0,0,0,108,0,0,0,0,315,9400
3187,W1,1,1,5,5,0,0,0,0,0,0,0,100,100,0,0,0,0,0,100,100,0,0.000000,0,8032,0.000000,0,0,0,0,108,8,0,8,100,4132,232,0,0,0,0,108,0,0,0,0,294,9400
3188,W1,1,1,5,5,0,0,0,0,0,0,0,100,100,0,0,0,0,0,100,100,0,0.000000,0,8032,0.000000,0,0,0,0,108,8,0,8,100,4132,232,0,0,0,0,108,0,0,0,0,293,9400
3189,W1,1,1,5,5,0,0,0,0,0,0,0,100,100,0,0,0,0,0,100,100,0,0.000000,0,8032,0.000000,0,0,0,0,108,8,0,8,100,4132,232,0,0,0,0,108,0,0,0,0,309,9400
3190,W1,1,1,5,5,0,0,0,0,0,0,0,100,100,0,0,0,0,0,100,100,0,0.000000,0,8032,0.000000,0,0,0,0,108,8,0,8,100,4132,232,0,0,0,0,108,0,0,0,0,287,9400
3191,W1,1,1,5,5,0,0,0,0,0,0,0,100,100,100,0,0,0,0,100,100,100,100.000000,1600,8032,19.920319,10,10,10,10,108,8,0,8,100,4132,232,0,0,0,0,108,0,0,0,0,283,9400
3192,W1,1,1,5,5,0,0,0,0,0,0,0,100,100,0,0,0,0,0,100,100,0,0.000000,0,8032,0.000000,0,0,0,0,108,8,0,8,100,4132,232,0,0,0,0,108,0,0,0,0,293,9400
3193,W1,1,1,5,5,0,0,0,0,0,0,0,100,100,0,0,0,0,0,100,100,0,0.000000,0,8032,0.000000,0,0,0,0,108,8,0,8,100,4132,232,0,0,0,0,108,0,0,0,0,278,9400
3194,W1,1,1,5,5,0,0,0,0,0,0,0,100,100,0,0,0,0,0,100,100,0,0.000000,0,8032,0.000000,0,0,0,0,108,8,0,8,100,4132,232,0,0,0,0,108,0,0,0,0,299,9400
3195,W1,1,1,5,5,0,0,0,0,0,0,0,100,100,0,0,0,0,0,100,100,0,0.000000,0,8032,0.000000,0,0,0,0,108,8,0,8,100,4132,232,0,0,0,0,108,0,0,0,0,279,9400
3196,W1,1,1,5,5,0,0,0,0,0,0,0,100,100,0,0,0,0,0,100,100,0,0.000000,0,8032,0.000000,0,0,0,0,108,8,0,8,100,4132,232,0,0,0,0,108,0,0,0,0,280,9400
3197,W1,1,1,5,5,0,0,0,0,0,0,0,100,100,0,0,0,0,0,100,100,0,0.000000,0,8032,0.000000,0,0,0,0,108,8,0,8,100,4132,232,0,0,0,0,108,0,0,0,0,282,9400
3198,W1,1,1,5,5,0,0,0,0,0,0,0,100,100,0,0,0,0,0,100,100,0,0.000000,0,8032,0.000000,0,0,0,0,108,8,0,8,100,4132,232,0,0,0,0,108,0,0,0,0,284,9400
3199,W1,1,1,5,5,0,0,0,0,0,0,0,100,100,0,0,0,0,0,100,100,0,0.000000,0,8032,0.000000,0,0,0,0,108,8,0,8,100,4132,232,0,0,0,0,108,0,0,0,0,297,9400
3200,W1,1,1,5,5,0,0,0,0,0,0,0,100,100,100,0,0,0,0,100,100,100,100.000000,1600,8032,19.920319,10,10,10,10,108,8,0,8,100,4132,232,0,0,0,0,108,0,0,0,0,292,9400
3201,W1,1,1,5,5,0,0,0,0,0,0,0,100,100,0,0,0,0,0,100,100,0,0.000000,0,8032,0.000000,0,0,0,0,108,8,0,8,100,4132,232,0,0,0,0,108,0,0,0,0,318,9400
3202,W1,1,1,5,5,0,0,0,0,0,0,0,100,100,0,0,0,0,0,100,100,0,0.000000,0,8032,0.000000,0,0,0,0,108,8,0,8,100,4132,232,0,0,0,0,108,0,0,0,0,395,9400
3203,W1,1,1,5,5,0,0,0,0,0,0,0,100,100,0,0,0,0,0,100,100,0,0.000000,0,8032,0.000000,0,0,0,0,108,8,0,8,100,4132,232,0,0,0,0,108,0,0,0,0,295,9400
3204,W1,1,1,5,5,0,0,0,0,0,0,0,100,100,0,0,0,0,0,100,100,0,0.000000,0,8032,0.000000,0,0,0,0,108,8,0,8,100,4132,232,0,0,0,0,108,0,0,0,0,313,9400
3205,W1,1,1,5,5,0,0,0,0,0,0,0,100,100,0,0,0,0,0,100,100,0,0.000000,0,8032,0.000000,0,0,0,0,108,8,0,8,100,4132,232,0,0,0,0,108,0,0,0,0,297,9400
3206,W1,1,1,5,5,0,0,0,0,0,0,0,100,100,0,0,0,0,0,100,100,0,0.000000,0,8032,0.000000,0,0,0,0,108,8,0,8,100,4132,232,0,0,0,0,108,0,0,0,0,303,9400
3207,W1,1,1,5,5,0,0,0,0,0,0,0,100,100,0,0,0,0,0,100,100,0,0.000000,0,8032,0.000000,0,0,0,0,108,8,0,8,100,4132,232,0,0,0,0,108,0,0,0,0,294,9400
3208,W1,1,1,5,5,0,0,0,0,0,0,0,100,100,0,0,0,0,0,100,100,0,0.000000,0,8032,0.000000,0,0,0,0,108,8,0,8,100,4132,232,0,0,0,0,108,0,0,0,0,324,9400
3209,W1,1,1,5,5,0,0,0,0,0,0,0,100,100,100,0,0,0,0,100,100,100,100.000000,1600,8032,19.920319,10,10,10,10,108,8,0,8,100,4132,232,0,0,0,0,108,0,0,0,0,294,9400
3210,W1,1,1,5,5,0,0,0,0,0,0,0,100,100,0,0,0,0,0,100,100,0,0.000000,0,8032,0.000000,0,0,0,0,108,8,0,8,100,4132,232,0,0,0,0,108,0,0,0,0,316,9400
3211,W1,1,1,5,5,0,0,0,0,0,0,0,100,100,0,0,0,0,0,100,100,0,0.000000,0,8032,0.000000,0,0,0,0,108,8,0,8,100,4132,232,0,0,0,0,108,0,0,0,0,284,9400
3212,W1,1,1,5,5,0,0,0,0,0,0,0,100,100,0,0,0,0,0,100,100,0,0.000000,0,8032,0.000000,0,0,0,0,108,8,0,8,100,4132,232,0,0,0,0,108,0,0,0,0,286,9400
3213,W1,1,1,5,5,0,0,0,0,0,0,0,100,100,0,0,0,0,0,100,100,0,0.000000,0,8032,0.000000,0,0,0,0,108,8,0,8,100,4132,232,0,0,0,0,108,0,0,0,0,316,9400
3214,W1,1,1,5,5,0,0,0,0,0,0,0,100,100,0,0,0,0,0,100,100,0,0.000000,0,8032,0.000000,0,0,0,0,108,8,0,8,100,4132,232,0,0,0,0,108,0,0,0,0,293,9400
3215,W1,1,1,5,5,0,0,0,0,0,0,0,100,100,0,0,0,0,0,100,100,0,0.000000,0,8032,0.000000,0,0,0,0,108,8,0,8,100,4132,232,0,0,0,0,108,0,0,0,0,358,9400
3216,W1,1,1,5,5,0,0,0,0,0,0,0,100,100,0,0,0,0,0,100,100,0,0.000000,0,8032,0.000000,0,0,0,0,108,8,0,8,100,4132,232,0,0,0,0,108,0,0,0,0,308,9400
3217,W1,1,1,5,5,0,0,0,0,0,0,0,100,100,0,0,0,0,0,100,100,0,0.000000,0,8032,0.000000,0,0,0,0,108,8,0,8,100,4132,232,0,0,0,0,108,0,0,0,0,314,9400
3218,W1,1,1,5,5,0,0,0,0,0,0,0,100,100,100,0,0,0,0,100,100,100,100.000000,1600,8032,19.920319,10,10,10,10,108,8,0,8,100,4132,232,0,0,0,0,108,0,0,0,0,290,9400
3219,W1,1,1,5,5,0,0,0,0,0,0,0,100,100,0,0,0,0,0,100,100,0,0.000000,0,8032,0.000000,0,0,0,0,108,8,0,8,100,4132,232,0,0,0,0,108,0,0,0,0,287,9400
3220,W1,1,1,5,5,0,0,0,0,0,0,0,100,100,0,0,0,0,0,100,100,0,0.000000,0,8032,0.000000,0,0,0,0,108,8,0,8,100,4132,232,0,0,0,0,108,0,0,0,0,315,9400
3221,W1,1,1,5,5,0,0,0,0,0,0,0,100,100,0,0,0,0,0,100,100,0,0.000000,0,8032,0.000000,0,0,0,0,108,8,0,8,100,4132,232,0,0,0,0,108,0,0,0,0,283,9400
3222,W1,1,1,5,5,0,0,0,0,0,0,0,100,100,0,0,0,0,0,100,100,0,0.000000,0,8032,0.000000,0,0,0,0,108,8,0,8,100,4132,232,0,0,0,0,108,0,0,0,0,346,9400
3223,W1,1,1,5,5,0,0,0,0,0,0,0,100,100,0,0,0,0,0,100,100,0,0.000000,0,8032,0.000000,0,0,0,0,108,8,0,8,100,4132,232,0,0,0,0,108,0,0,0,0,293,9400
3224,W1,1,1,5,5,0,0,0,0,0,0,0,100,100,0,0,0,0,0,100,100,0,0.000000,0,8032,0.000000,0,0,0,0,108,8,0,8,100,4132,232,0,0,0,0,108,0,0,0,0,289,9400
3225,W1,1,1,5,5,0,0,0,0,0,0,0,100,100,0,0,0,0,0,100,100,0,0.000000,0,8032,0.000000,0,0,0,0,108,8,0,8,100,4132,232,0,0,0,0,108,0,0,0,0,273,9400
3226,W1,1,1,5,5,0,0,0,0,0,0,0,100,100,0,0,0,0,0,100,100,0,0.000000,0,8032,0.000000,0,0,0,0,108,8,0,8,100,4132,232,0,0,0,0,108,0,0,0,0,277,9400
3227,W1,1,1,5,5,0,0,0,0,0,0,0,100,100,100,0,0,0,0,100,100,100,100.000000,1600,8032,19.920319,10,10,10,10,108,8,0,8,100,4132,232,0,0,0,0,108,0,0,0,0,275,9400
3228,W1,1,1,5,5,0,0,0,0,0,0,0,100,100,0,0,0,0,0,100,100,0,0.000000,0,8032,0.000000,0,0,0,0,108,8,0,8,100,4132,232,0,0,0,0,108,0,0,0,0,297,9400
3229,W1,1,1,5,5,0,0,0,0,0,0,0,100,100,0,0,0,0,0,100,100,0,0.000000,0,8032,0.000000,0,0,0,0,108,8,0,8,100,4132,232,0,0,0,0,108,0,0,0,0,280,9400
3230,W1,1,1,5,5,0,0,0,0,0,0,0,100,100,0,0,0,0,0,100,100,0,0.000000,0,8032,0.000000,0,0,0,0,108,8,0,8,100,4132,232,0,0,0,0,108,0,0,0,0,283,9400
3231,W1,1,1,5,5,0,0,0,0,0,0,0,100,100,0,0,0,0,0,100,100,0,0.000000,0,8032,0.000000,0,0,0,0,108,8,0,8,100,4132,232,0,0,0,0,108,0,0,0,0,289,9400
3232,W1,1,1,5,5,0,0,0,0,0,0,0,100,100,0,0,0,0,0,100,100,0,0.000000,0,8032,0.000000,0,0,0,0,108,8,0,8,100,4132,232,0,0,0,0,108,0,0,0,0,287,9400
3233,W1,1,1,5,5,0,0,0,0,0,0,0,100,100,0,0,0,0,0,100,100,0,0.000000,0,8032,0.000000,0,0,0,0,108,8,0,8,100,4132,232,0,0,0,0,108,0,0,0,0,286,9400
3234,W1,1,1,5,5,0,0,0,0,0,0,0,100,100,0,0,0,0,0,100,100,0,0.000000,0,8032,0.000000,0,0,0,0,108,8,0,8,100,4132,232,0,0,0,0,108,0,0,0,0,293,9400
3235,W1,1,1,5,5,0,0,0,0,0,0,0,100,100,0,0,0,0,0,100,100,0,0.000000,0,8032,0.000000,0,0,0,0,108,8,0,8,100,4132,232,0,0,0,0,108,0,0,0,0,314,9400
3236,W1,1,1,5,5,0,0,0,0,0,0,0,100,100,100,0,0,0,0,100,100,100,100.000000,1600,8032,19.920319,10,10,10,10,108,8,0,8,100,4132,232,0,0,0,0,108,0,0,0,0,288,9400
3237,W1,1,1,5,5,0,0,0,0,0,0,0,100,100,0,0,0,0,0,100,100,0,0.000000,0,8032,0.000000,0,0,0,0,108,8,0,8,100,4132,232,0,0,0,0,108,0,0,0,0,319,9400
3238,W1,1,1,5,5,0,0,0,0,0,0,0,100,100,0,0,0,0,0,100,100,0,0.000000,0,8032,0.000000,0,0,0,0,108,8,0,8,100,4132,232,0,0,0,0,108,0,0,0,0,291,9400
3239,W1,1,1,5,5,0,0,0,0,0,0,0,100,100,0,0,0,0,0,100,100,0,0.000000,0,8032,0.000000,0,0,0,0,108,8,0,8,100,4132,232,0,0,0,0,108,0,0,0,0,284,9400
3240,W1,1,1,5,5,0,0,0,0,0,0,0,100,100,0,0,0,0,0,100,100,0,0.000000,0,8032,0.000000,0,0,0,0,108,8,0,8,100,4132,232,0,0,0,0,108,0,0,0,0,298,9400
3241,W1,1,1,5,5,0,0,0,0,0,0,0,100,100,0,0,0,0,0,100,100,0,0.000000,0,8032,0.000000,0,0,0,0,108,8,0,8,100,4132,232,0,0,0,0,108,0,0,0,0,286,9400
3242,W1,1,1,5,5,0,0,0,0,0,0,0,100,100,0,0,0,0,0,100,100,0,0.000000,0,8032,0.000000,0,0,0,0,108,8,0,8,100,4132,232,0,0,0,0,108,0,0,0,0,335,9400
3243,W1,1,1,5,5,0,0,0,0,0,0,0,100,100,0,0,0,0,0,100,100,0,0.000000,0,8032,0.000000,0,0,0,0,108,8,0,8,100,4132,232,0,0,0,0,108,0,0,0,0,303,9400
3244,W1,1,1,5,5,0,0,0,0,0,0,0,100,100,0,0,0,0,0,100,100,0,0.000000,0,8032,0.000000,0,0,0,0,108,8,0,8,100,4132,232,0,0,0,0,108,0,0,0,0,293,9400
3245,W1,1,1,5,5,0,0,0,0,0,0,0,100,100,100,0,0,0,0,100,100,100,100.000000,1600,8032,19.920319,10,10,10,10,108,8,0,8,100,4132,232,0,0,0,0,108,0,0,0,0,291,9400
3246,W1,1,1,5,5,0,0,0,0,0,0,0,100,100,0,0,0,0,0,100,100,0,0.000000,0,8032,0.000000,0,0,0,0,108,8,0,8,100,4132,232,0,0,0,0,108,0,0,0,0,295,9400
3247,W1,1,1,5,5,0,0,0,0,0,0,0,100,100,0,0,0,0,0,100,100,0,0.000000,0,8032,0.000000,0,0,0,0,108,8,0,8,100,4132,232,0,0,0,0,108,0,0,0,0,296,9400
3248,W1,1,1,5,5,0,0,0,0,0,0,0,100,100,0,0,0,0,0,100,100,0,0.000000,0,8032,0.000000,0,0,0,0,108,8,0,8,100,4132,232,0,0,0,0,108,0,0,0,0,288,9400
3249,W1,1,1,5,5,0,0,0,0,0,0,0,100,100,0,0,0,0,0,100,100,0,0.000000,0,8032,0.000000,0,0,0,0,108,8,0,8,100,4132,232,0,0,0,0,108,0,0,0,0,285,9400
3250,W1,1,1,5,5,0,0,0,0,0,0,0,100,100,0,0,0,0,0,100,100,0,0.000000,0,8032,0.000000,0,0,0,0,108,8,0,8,100,4132,232,0,0,0,0,108,0,0,0,0,294,9400
3251,W1,1,1,5,5,0,0,0,0,0,0,0,100,100,0,0,0,0,0,100,100,0,0.000000,0,8032,0.000000,0,0,0,0,108,8,0,8,100,4132,232,0,0,0,0,108,0,0,0,0,286,9400
3252,W1,1,1,5,5,0,0,0,0,0,0,0,100,100,0,0,0,0,0,100,100,0,0.000000,0,8032,0.000000,0,0,0,0,108,8,0,8,100,4132,232,0,0,0,0,108,0,0,0,0,293,9400
3253,W1,1,1,5,5,0,0,0,0,0,0,0,100,100,0,0,0,0,0,100,100,0,0.000000,0,8032,0.000000,0,0,0,0,108,8,0,8,100,4132,232,0,0,0,0,108,0,0,0,0,281,9400
3254,W1,1,1,5,5,0,0,0,0,0,0,0,100,100,100,0,0,0,0,100,100,100,100.000000,1600,8032,19.920319,10,10,10,10,108,8,0,8,100,4132,232,0,0,0,0,108,0,0,0,0,324,9400
3255,W1,1,1,5,5,0,0,0,0,0,0,0,100,100,0,0,0,0,0,100,100,0,0.000000,0,8032,0.000000,0,0,0,0,108,8,0,8,100,4132,232,0,0,0,0,108,0,0,0,0,292,9400
3256,W1,1,1,5,5,0,0,0,0,0,0,0,100,100,0,0,0,0,0,100,100,0,0.000000,0,8032,0.000000,0,0,0,0,108,8,0,8,100,4132,232,0,0,0,0,108,0,0,0,0,287,9400
3257,W1,1,1,5,5,0,0,0,0,0,0,0,100,100,0,0,0,0,0,100,100,0,0.000000,0,8032,0.000000,0,0,0,0,108,8,0,8,100,4132,232,0,0,0,0,108,0,0,0,0,301,9400
3258,W1,1,1,5,5,0,0,0,0,0,0,0,100,100,0,0,0,0,0,100,100,0,0.000000,0,8032,0.000000,0,0,0,0,108,8,0,8,100,4132,232,0,0,0,0,108,0,0,0,0,384,9400
3259,W1,1,1,5,5,0,0,0,0,0,0,0,100,100,0,0,0,0,0,100,100,0,0.000000,0,8032,0.000000,0,0,0,0,108,8,0,8,100,4132,232,0,0,0,0,108,0,0,0,0,283,9400
3260,W1,1,1,5,5,0,0,0,0,0,0,0,100,100,0,0,0,0,0,100,100,0,0.000000,0,8032,0.000000,0,0,0,0,108,8,0,8,100,4132,232,0,0,0,0,108,0,0,0,0,277,9400
3261,W1,1,1,5,5,0,0,0,0,0,0,0,100,100,0,0,0,0,0,100,100,0,0.000000,0,8032,0.000000,0,0,0,0,108,8,0,8,100,4132,232,0,0,0,0,108,0,0,0,0,300,9400
3262,W1,1,1,5,5,0,0,0,0,0,0,0,100,100,0,0,0,0,0,100,100,0,0.000000,0,8032,0.000000,0,0,0,0,108,8,0,8,100,4132,232,0,0,0,0,108,0,0,0,0,324,9400
3263,W1,1,1,5,5,0,0,0,0,0,0,0,100,100,100,0,0,0,0,100,100,100,100.000000,1600,8032,19.920319,10,10,10,10,108,8,0,8,100,4132,232,0,0,0,0,108,0,0,0,0,366,9400
3264,W1,1,1,5,5,0,0,0,0,0,0,0,100,100,0,0,0,0,0,100,100,0,0.000000,0,8032,0.000000,0,0,0,0,108,8,0,8,100,4132,232,0,0,0,0,108,0,0,0,0,281,9400
3265,W1,1,1,5,5,0,0,0,0,0,0,0,100,100,0,0,0,0,0,100,100,0,0.000000,0,8032,0.000000,0,0,0,0,108,8,0,8,100,4132,232,0,0,0,0,108,0,0,0,0,292,9400
3266,W1,1,1,5,5,0,0,0,0,0,0,0,100,100,0,0,0,0,0,100,100,0,0.000000,0,8032,0.000000,0,0,0,0,108,8,0,8,100,4132,232,0,0,0,0,108,0,0,0,0,303,9400
3267,W1,1,1,5,5,0,0,0,0,0,0,0,100,100,0,0,0,0,0,100,100,0,0.000000,0,8032,0.000000,0,0,0,0,108,8,0,8,100,4132,232,0,0,0,0,108,0,0,0,0,299,9400
3268,W1,1,1,5,5,0,0,0,0,0,0,0,100,100,0,0,0,0,0,100,100,0,0.000000,0,8032,0.000000,0,0,0,0,108,8,0,8,100,4132,232,0,0,0,0,108,0,0,0,0,281,9400
3269,W1,1,1,5,5,0,0,0,0,0,0,0,100,100,0,0,0,0,0,100,100,0,0.000000,0,8032,0.000000,0,0,0,0,108,8,0,8,100,4132,232,0,0,0,0,108,0,0,0,0,305,9400
3270,W1,1,1,5,5,0,0,0,0,0,0,0,100,100,0,0,0,0,0,100,100,0,0.000000,0,8032,0.000000,0,0,0,0,108,8,0,8,100,4132,232,0,0,0,0,108,0,0,0,0,289,9400
3271,W1,1,1,5,5,0,0,0,0,0,0,0,100,100,0,0,0,0,0,100,100,0,0.000000,0,8032,0.000000,0,0,0,0,108,8,0,8,100,4132,232,0,0,0,0,108,0,0,0,0,297,9400
3272,W1,1,1,5,5,0,0,0,0,0,0,0,100,100,100,0,0,0,0,100,100,100,100.000000,1600,8032,19.920319,10,10,10,10,108,8,0,8,100,4132,232,0,0,0,0,108,0,0,0,0,320,9400
3273,W1,1,1,5,5,0,0,0,0,0,0,0,100,100,0,0,0,0,0,100,100,0,0.000000,0,8032,0.000000,0,0,0,0,108,8,0,8,100,4132,232,0,0,0,0,108,0,0,0,0,278,9400
3274,W1,1,1,5,5,0,0,0,0,0,0,0,100,100,0,0,0,0,0,100,100,0,0.000000,0,8032,0.000000,0,0,0,0,108,8,0,8,100,4132,232,0,0,0,0,108,0,0,0,0,276,9400
3275,W1,1,1,5,5,0,0,0,0,0,0,0,100,100,0,0,0,0,0,100,100,0,0.000000,0,8032,0.000000,0,0,0,0,108,8,0,8,100,4132,232,0,0,0,0,108,0,0,0,0,273,9400
3276,W1,1,1,5,5,0,0,0,0,0,0,0,100,100,0,0,0,0,0,100,100,0,0.000000,0,8032,0.000000,0,0,0,0,108,8,0,8,100,4132,232,0,0,0,0,108,0,0,0,0,291,9400
3277,W1,1,1,5,5,0,0,0,0,0,0,0,100,100,0,0,0,0,0,100,100,0,0.000000,0,8032,0.000000,0,0,0,0,108,8,0,8,100,4132,232,0,0,0,0,108,0,0,0,0,270,9400
3278,W1,1,1,5,5,0,0,0,0,0,0,0,100,100,0,0,0,0,0,100,100,0,0.000000,0,8032,0.000000,0,0,0,0,108,8,0,8,100,4132,232,0,0,0,0,108,0,0,0,0,277,9400
3279,W1,1,1,5,5,0,0,0,0,0,0,0,100,100,0,0,0,0,0,100,100,0,0.000000,0,8032,0.000000,0,0,0,0,108,8,0,8,100,4132,232,0,0,0,0,108,0,0,0,0,286,9400
3280,W1,1,1,5,5,0,0,0,0,0,0,0,100,100,0,0,0,0,0,100,100,0,0.000000,0,8032,0.000000,0,0,0,0,108,8,0,8,100,4132,232,0,0,0,0,108,0,0,0,0,289,9400
3281,W1,1,1,5,5,0,0,0,0,0,0,0,100,100,100,0,0,0,0,100,100,100,100.000000,1600,8032,19.920319,10,10,10,10,108,8,0,8,100,4132,232,0,0,0,0,108,0,0,0,0,286,9400
3282,W1,1,1,5,5,0,0,0,0,0,0,0,100,100,0,0,0,0,0,100,100,0,0.000000,0,8032,0.000000,0,0,0,0,108,8,0,8,100,4132,232,0,0,0,0,108,0,0,0,0,277,9400
3283,W1,1,1,5,5,0,0,0,0,0,0,0,100,100,0,0,0,0,0,100,100,0,0.000000,0,8032,0.000000,0,0,0,0,108,8,0,8,100,4132,232,0,0,0,0,108,0,0,0,0,289,9400
3284,W1,1,1,5,5,0,0,0,0,0,0,0,100,100,0,0,0,0,0,100,100,0,0.000000,0,8032,0.000000,0,0,0,0,108,8,0,8,100,4132,232,0,0,0,0,108,0,0,0,0,277,9400
3285,W1,1,1,5,5,0,0,0,0,0,0,0,100,100,0,0,0,0,0,100,100,0,0.000000,0,8032,0.000000,0,0,0,0,108,8,0,8,100,4132,232,0,0,0,0,108,0,0,0,0,270,9400
3286,W1,1,1,5,5,0,0,0,0,0,0,0,100,100,0,0,0,0,0,100,100,0,0.000000,0,8032,0.000000,0,0,0,0,108,8,0,8,100,4132,232,0,0,0,0,108,0,0,0,0,293,9400
3287,W1,1,1,5,5,0,0,0,0,0,0,0,100,100,0,0,0,0,0,100,100,0,0.000000,0,8032,0.000000,0,0,0,0,108,8,0,8,100,4132,232,0,0,0,0,108,0,0,0,0,296,9400
3288,W1,1,1,5,5,0,0,0,0,0,0,0,100,100,0,0,0,0,0,100,100,0,0.000000,0,8032,0.000000,0,0,0,0,108,8,0,8,100,4132,232,0,0,0,0,108,0,0,0,0,296,9400
3289,W1,1,1,5,5,0,0,0,0,0,0,0,100,100,0,0,0,0,0,100,100,0,0.000000,0,8032,0.000000,0,0,0,0,108,8,0,8,100,4132,232,0,0,0,0,108,0,0,0,0,314,9400
3290,W1,1,1,5,5,0,0,0,0,0,0,0,100,100,100,0,0,0,0,100,100,100,100.000000,1600,8032,19.920319,10,10,10,10,108,8,0,8,100,4132,232,0,0,0,0,108,0,0,0,0,303,9400
3291,W1,1,1,5,5,0,0,0,0,0,0,0,100,100,0,0,0,0,0,100,100,0,0.000000,0,8032,0.000000,0,0,0,0,108,8,0,8,100,4132,232,0,0,0,0,108,0,0,0,0,328,9400
3292,W1,1,1,5,5,0,0,0,0,0,0,0,100,100,0,0,0,0,0,100,100,0,0.000000,0,8032,0.000000,0,0,0,0,108,8,0,8,100,4132,232,0,0,0,0,108,0,0,0,0,286,9400
3293,W1,1,1,5,5,0,0,0,0,0,0,0,100,100,0,0,0,0,0,100,100,0,0.000000,0,8032,0.000000,0,0,0,0,108,8,0,8,100,4132,232,0,0,0,0,108,0,0,0,0,310,9400
3294,W1,1,1,5,5,0,0,0,0,0,0,0,100,100,0,0,0,0,0,100,100,0,0.000000,0,8032,0.000000,0,0,0,0,108,8,0,8,100,4132,232,0,0,0,0,108,0,0,0,0,287,9400
3295,W1,1,1,5,5,0,0,0,0,0,0,0,100,100,0,0,0,0,0,100,100,0,0.000000,0,8032,0.000000,0,0,0,0,108,8,0,8,100,4132,232,0,0,0,0,108,0,0,0,0,283,9400
3296,W1,1,1,5,5,0,0,0,0,0,0,0,100,100,0,0,0,0,0,100,100,0,0.000000,0,8032,0.000000,0,0,0,0,108,8,0,8,100,4132,232,0,0,0,0,108,0,0,0,0,284,9400
3297,W1,1,1,5,5,0,0,0,0,0,0,0,100,100,0,0,0,0,0,100,100,0,0.000000,0,8032,0.000000,0,0,0,0,108,8,0,8,100,4132,232,0,0,0,0,108,0,0,0,0,271,9400
3298,W1,1,1,5,5,0,0,0,0,0,0,0,100,100,0,0,0,0,0,100,100,0,0.000000,0,8032,0.000000,0,0,0,0,108,8,0,8,100,4132,232,0,0,0,0,108,0,0,0,0,276,9400
3299,W1,1,1,5,5,0,0,0,0,0,0,0,100,100,100,0,0,0,0,100,100,100,100.000000,1600,8032,19.920319,10,10,10,10,108,8,0,8,100,4132,232,0,0,0,0,108,0,0,0,0,285,9400
3300,W1,1,1,5,5,0,0,0,0,0,0,0,100,100,0,0,0,0,0,100,100,0,0.000000,0,8032,0.000000,0,0,0,0,108,8,0,8,100,4132,232,0,0,0,0,108,0,0,0,0,307,9400
3301,W1,1,1,5,5,0,0,0,0,0,0,0,100,100,0,0,0,0,0,100,100,0,0.000000,0,8032,0.000000,0,0,0,0,108,8,0,8,100,4132,232,0,0,0,0,108,0,0,0,0,277,9400
3302,W1,1,1,5,5,0,0,0,0,0,0,0,100,100,0,0,0,0,0,100,100,0,0.000000,0,8032,0.000000,0,0,0,0,108,8,0,8,100,4132,232,0,0,0,0,108,0,0,0,0,275,9400
3303,W1,1,1,5,5,0,0,0,0,0,0,0,100,100,0,0,0,0,0,100,100,0,0.000000,0,8032,0.000000,0,0,0,0,108,8,0,8,100,4132,232,0,0,0,0,108,0,0,0,0,278,9400
3304,W1,1,1,5,5,0,0,0,0,0,0,0,100,100,0,0,0,0,0,100,100,0,0.000000,0,8032,0.000000,0,0,0,0,108,8,0,8,100,4132,232,0,0,0,0,108,0,0,0,0,295,9400
3305,W1,1,1,5,5,0,0,0,0,0,0,0,100,100,0,0,0,0,0,100,100,0,0.000000,0,8032,0.000000,0,0,0,0,108,8,0,8,100,4132,232,0,0,0,0,108,0,0,0,0,277,9400
3306,W1,1,1,5,5,0,0,0,0,0,0,0,100,100,0,0,0,0,0,100,100,0,0.000000,0,8032,0.000000,0,0,0,0,108,8,0,8,100,4132,232,0,0,0,0,108,0,0,0,0,305,9400
3307,W1,1,1,5,5,0,0,0,0,0,0,0,100,100,0,0,0,0,0,100,100,0,0.000000,0,8032,0.000000,0,0,0,0,108,8,0,8,100,4132,232,0,0,0,0,108,0,0,0,0,307,9400
3308,W1,1,1,5,5,0,0,0,0,0,0,0,100,100,100,0,0,0,0,100,100,100,100.000000,1600,8032,19.920319,10,10,10,10,108,8,0,8,100,4132,232,0,0,0,0,108,0,0,0,0,283,9400
3309,W1,1,1,5,5,0,0,0,0,0,0,0,100,100,0,0,0,0,0,100,100,0,0.000000,0,8032,0.000000,0,0,0,0,108,8,0,8,100,4132,232,0,0,0,0,108,0,0,0,0,296,9400
3310,W1,1,1,5,5,0,0,0,0,0,0,0,100,100,0,0,0,0,0,100,100,0,0.000000,0,8032,0.000000,0,0,0,0,108,8,0,8,100,4132,232,0,0,0,0,108,0,0,0,0,313,9400
3311,W1,1,1,5,5,0,0,0,0,0,0,0,100,100,0,0,0,0,0,100,100,0,0.000000,0,8032,0.000000,0,0,0,0,108,8,0,8,100,4132,232,0,0,0,0,108,0,0,0,0,296,9400
3312,W1,1,1,5,5,0,0,0,0,0,0,0,100,100,0,0,0,0,0,100,100,0,0.000000,0,8032,0.000000,0,0,0,0,108,8,0,8,100,4132,232,0,0,0,0,108,0,0,0,0,292,9400
3313,W1,1,1,5,5,0,0,0,0,0,0,0,100,100,0,0,0,0,0,100,100,0,0.000000,0,8032,0.000000,0,0,0,0,108,8,0,8,100,4132,232,0,0,0,0,108,0,0,0,0,287,9400
3314,W1,1,1,5,5,0,0,0,0,0,0,0,100,100,0,0,0,0,0,100,100,0,0.000000,0,8032,0.000000,0,0,0,0,108,8,0,8,100,4132,232,0,0,0,0,108,0,0,0,0,290,9400
3315,W1,1,1,5,5,0,0,0,0,0,0,0,100,100,0,0,0,0,0,100,100,0,0.000000,0,8032,0.000000,0,0,0,0,108,8,0,8,100,4132,232,0,0,0,0,108,0,0,0,0,337,9400
3316,W1,1,1,5,5,0,0,0,0,0,0,0,100,100,0,0,0,0,0,100,100,0,0.000000,0,8032,0.000000,0,0,0,0,108,8,0,8,100,4132,232,0,0,0,0,108,0,0,0,0,290,9400
3317,W1,1,1,5,5,0,0,0,0,0,0,0,100,100,100,0,0,0,0,100,100,100,100.000000,1600,8032,19.920319,10,10,10,10,108,8,0,8,100,4132,232,0,0,0,0,108,0,0,0,0,271,9400
3318,W1,1,1,5,5,0,0,0,0,0,0,0,100,100,0,0,0,0,0,100,100,0,0.000000,0,8032,0.000000,0,0,0,0,108,8,0,8,100,4132,232,0,0,0,0,108,0,0,0,0,314,9400
3319,W1,1,1,5,5,0,0,0,0,0,0,0,100,100,0,0,0,0,0,100,100,0,0.000000,0,8032,0.000000,0,0,0,0,108,8,0,8,100,4132,232,0,0,0,0,108,0,0,0,0,291,9400
3320,W1,1,1,5,5,0,0,0,0,0,0,0,100,100,0,0,0,0,0,100,100,0,0.000000,0,8032,0.000000,0,0,0,0,108,8,0,8,100,4132,232,0,0,0,0,108,0,0,0,0,288,9400
3321,W1,1,1,5,5,0,0,0,0,0,0,0,100,100,0,0,0,0,0,100,100,0,0.000000,0,8032,0.000000,0,0,0,0,108,8,0,8,100,4132,232,0,0,0,0,108,0,0,0,0,286,9400
3322,W1,1,1,5,5,0,0,0,0,0,0,0,100,100,0,0,0,0,0,100,100,0,0.000000,0,8032,0.000000,0,0,0,0,108,8,0,8,100,4132,232,0,0,0,0,108,0,0,0,0,352,9400
3323,W1,1,1,5,5,0,0,0,0,0,0,0,100,100,0,0,0,0,0,100,100,0,0.000000,0,8032,0.000000,0,0,0,0,108,8,0,8,100,4132,232,0,0,0,0,108,0,0,0,0,279,9400
3324,W1,1,1,5,5,0,0,0,0,0,0,0,100,100,0,0,0,0,0,100,100,0,0.000000,0,8032,0.000000,0,0,0,0,108,8,0,8,100,4132,232,0,0,0,0,108,0,0,0,0,313,9400
3325,W1,1,1,5,5,0,0,0,0,0,0,0,100,100,0,0,0,0,0,100,100,0,0.000000,0,8032,0.000000,0,0,0,0,108,8,0,8,100,4132,232,0,0,0,0,108,0,0,0,0,271,9400
3326,W1,1,1,5,5,0,0,0,0,0,0,0,100,100,100,0,0,0,0,100,100,100,100.000000,1600,8032,19.920319,10,10,10,10,108,8,0,8,100,4132,232,0,0,0,0,108,0,0,0,0,277,9400
3327,W1,1,1,5,5,0,0,0,0,0,0,0,100,100,0,0,0,0,0,100,100,0,0.000000,0,8032,0.000000,0,0,0,0,108,8,0,8,100,4132,232,0,0,0,0,108,0,0,0,0,301,9400
3328,W1,1,1,5,5,0,0,0,0,0,0,0,100,100,0,0,0,0,0,100,100,0,0.000000,0,8032,0.000000,0,0,0,0,108,8,0,8,100,4132,232,0,0,0,0,108,0,0,0,0,276,9400
3329,W1,1,1,5,5,0,0,0,0,0,0,0,100,100,0,0,0,0,0,100,100,0,0.000000,0,8032,0.000000,0,0,0,0,108,8,0,8,100,4132,232,0,0,0,0,108,0,0,0,0,296,9400
3330,W1,1,1,5,5,0,0,0,0,0,0,0,100,100,0,0,0,0,0,100,100,0,0.000000,0,8032,0.000000,0,0,0,0,108,8,0,8,100,4132,232,0,0,0,0,108,0,0,0,0,307,9400
3331,W1,1,1,5,5,0,0,0,0,0,0,0,100,100,0,0,0,0,0,100,100,0,0.000000,0,8032,0.000000,0,0,0,0,108,8,0,8,100,4132,232,0,0,0,0,108,0,0,0,0,283,9400
3332,W1,1,1,5,5,0,0,0,0,0,0,0,100,100,0,0,0,0,0,100,100,0,0.000000,0,8032,0.000000,0,0,0,0,108,8,0,8,100,4132,232,0,0,0,0,108,0,0,0,0,276,9400
3333,W1,1,1,5,5,0,0,0,0,0,0,0,100,100,0,0,0,0,0,100,100,0,0.000000,0,8032,0.000000,0,0,0,0,108,8,0,8,100,4132,232,0,0,0,0,108,0,0,0,0,299,9400
3334,W1,1,1,5,5,0,0,0,0,0,0,0,100,100,0,0,0,0,0,100,100,0,0.000000,0,8032,0.000000,0,0,0,0,108,8,0,8,100,4132,232,0,0,0,0,108,0,0,0,0,287,9400
3335,W1,1,1,5,5,0,0,0,0,0,0,0,100,100,100,0,0,0,0,100,100,100,100.000000,1600,8032,19.920319,10,10,10,10,108,8,0,8,100,4132,232,0,0,0,0,108,0,0,0,0,291,9400
3336,W1,1,1,5,5,0,0,0,0,0,0,0,100,100,0,0,0,0,0,100,100,0,0.000000,0,8032,0.000000,0,0,0,0,108,8,0,8,100,4132,232,0,0,0,0,108,0,0,0,0,286,9400
3337,W1,1,1,5,5,0,0,0,0,0,0,0,100,100,0,0,0,0,0,100,100,0,0.000000,0,8032,0.000000,0,0,0,0,108,8,0,8,100,4132,232,0,0,0,0,108,0,0,0,0,289,9400
3338,W1,1,1,5,5,0,0,0,0,0,0,0,100,100,0,0,0,0,0,100,100,0,0.000000,0,8032,0.000000,0,0,0,0,108,8,0,8,100,4132,232,0,0,0,0,108,0,0,0,0,297,9400
3339,W1,1,1,5,5,0,0,0,0,0,0,0,100,100,0,0,0,0,0,100,100,0,0.000000,0,8032,0.000000,0,0,0,0,108,8,0,8,100,4132,232,0,0,0,0,108,0,0,0,0,327,9400
3340,W1,1,1,5,5,0,0,0,0,0,0,0,100,100,0,0,0,0,0,100,100,0,0.000000,0,8032,0.000000,0,0,0,0,108,8,0,8,100,4132,232,0,0,0,0,108,0,0,0,0,295,9400
3341,W1,1,1,5,5,0,0,0,0,0,0,0,100,100,0,0,0,0,0,100,100,0,0.000000,0,8032,0.000000,0,0,0,0,108,8,0,8,100,4132,232,0,0,0,0,108,0,0,0,0,290,9400
3342,W1,1,1,5,5,0,0,0,0,0,0,0,100,100,0,0,0,0,0,100,100,0,0.000000,0,8032,0.000000,0,0,0,0,108,8,0,8,100,4132,232,0,0,0,0,108,0,0,0,0,289,9400
3343,W1,1,1,5,5,0,0,0,0,0,0,0,100,100,0,0,0,0,0,100,100,0,0.000000,0,8032,0.000000,0,0,0,0,108,8,0,8,100,4132,232,0,0,0,0,108,0,0,0,0,278,9400
3344,W1,1,1,5,5,0,0,0,0,0,0,0,100,100,100,0,0,0,0,100,100,100,100.000000,1600,8032,19.920319,10,10,10,10,108,8,0,8,100,4132,232,0,0,0,0,108,0,0,0,0,304,9400
3345,W1,1,1,5,5,0,0,0,0,0,0,0,100,100,0,0,0,0,0,100,100,0,0.000000,0,8032,0.000000,0,0,0,0,108,8,0,8,100,4132,232,0,0,0,0,108,0,0,0,0,295,9400
3346,W1,1,1,5,5,0,0,0,0,0,0,0,100,100,0,0,0,0,0,100,100,0,0.000000,0,8032,0.000000,0,0,0,0,108,8,0,8,100,4132,232,0,0,0,0,108,0,0,0,0,304,9400
3347,W1,1,1,5,5,0,0,0,0,0,0,0,100,100,0,0,0,0,0,100,100,0,0.000000,0,8032,0.000000,0,0,0,0,108,8,0,8,100,4132,232,0,0,0,0,108,0,0,0,0,290,9400
3348,W1,1,1,5,5,0,0,0,0,0,0,0,100,100,0,0,0,0,0,100,100,0,0.000000,0,8032,0.000000,0,0,0,0,108,8,0,8,100,4132,232,0,0,0,0,108,0,0,0,0,302,9400
3349,W1,1,1,5,5,0,0,0,0,0,0,0,100,100,0,0,0,0,0,100,100,0,0.000000,0,8032,0.000000,0,0,0,0,108,8,0,8,100,4132,232,0,0,0,0,108,0,0,0,0,275,9400
3350,W1,1,1,5,5,0,0,0,0,0,0,0,100,100,0,0,0,0,0,100,100,0,0.000000,0,8032,0.000000,0,0,0,0,108,8,0,8,100,4132,232,0,0,0,0,108,0,0,0,0,284,9400
3351,W1,1,1,5,5,0,0,0,0,0,0,0,100,100,0,0,0,0,0,100,100,0,0.000000,0,8032,0.000000,0,0,0,0,108,8,0,8,100,4132,232,0,0,0,0,108,0,0,0,0,295,9400
3352,W1,1,1,5,5,0,0,0,0,0,0,0,100,100,0,0,0,0,0,100,100,0,0.000000,0,8032,0.000000,0,0,0,0,108,8,0,8,100,4132,232,0,0,0,0,108,0,0,0,0,286,9400
3353,W1,1,1,5,5,0,0,0,0,0,0,0,100,100,100,0,0,0,0,100,100,100,100.000000,1600,8032,19.920319,10,10,10,10,108,8,0,8,100,4132,232,0,0,0,0,108,0,0,0,0,348,9400
3354,W1,1,1,5,5,0,0,0,0,0,0,0,100,100,0,0,0,0,0,100,100,0,0.000000,0,8032,0.000000,0,0,0,0,108,8,0,8,100,4132,232,0,0,0,0,108,0,0,0,0,293,9400
3355,W1,1,1,5,5,0,0,0,0,0,0,0,100,100,0,0,0,0,0,100,100,0,0.000000,0,8032,0.000000,0,0,0,0,108,8,0,8,100,4132,232,0,0,0,0,108,0,0,0,0,294,9400
3356,W1,1,1,5,5,0,0,0,0,0,0,0,100,100,0,0,0,0,0,100,100,0,0.000000,0,8032,0.000000,0,0,0,0,108,8,0,8,100,4132,232,0,0,0,0,108,0,0,0,0,316,9400
3357,W1,1,1,5,5,0,0,0,0,0,0,0,100,100,0,0,0,0,0,100,100,0,0.000000,0,8032,0.000000,0,0,0,0,108,8,0,8,100,4132,232,0,0,0,0,108,0,0,0,0,272,9400
3358,W1,1,1,5,5,0,0,0,0,0,0,0,100,100,0,0,0,0,0,100,100,0,0.000000,0,8032,0.000000,0,0,0,0,108,8,0,8,100,4132,232,0,0,0,0,108,0,0,0,0,281,9400
3359,W1,1,1,5,5,0,0,0,0,0,0,0,100,100,0,0,0,0,0,100,100,0,0.000000,0,8032,0.000000,0,0,0,0,108,8,0,8,100,4132,232,0,0,0,0,108,0,0,0,0,277,9400
3360,W1,1,1,5,5,0,0,0,0,0,0,0,100,100,0,0,0,0,0,100,100,0,0.000000,0,8032,0.000000,0,0,0,0,108,8,0,8,100,4132,232,0,0,0,0,108,0,0,0,0,304,9400
3361,W1,1,1,5,5,0,0,0,0,0,0,0,100,100,0,0,0,0,0,100,100,0,0.000000,0,8032,0.000000,0,0,0,0,108,8,0,8,100,4132,232,0,0,0,0,108,0,0,0,0,364,9400
3362,W1,1,1,5,5,0,0,0,0,0,0,0,100,100,100,0,0,0,0,100,100,100,100.000000,1600,8032,19.920319,10,10,10,10,108,8,0,8,100,4132,232,0,0,0,0,108,0,0,0,0,274,9400
3363,W1,1,1,5,5,0,0,0,0,0,0,0,100,100,0,0,0,0,0,100,100,0,0.000000,0,8032,0.000000,0,0,0,0,108,8,0,8,100,4132,232,0,0,0,0,108,0,0,0,0,279,9400
3364,W1,1,1,5,5,0,0,0,0,0,0,0,100,100,0,0,0,0,0,100,100,0,0.000000,0,8032,0.000000,0,0,0,0,108,8,0,8,100,4132,232,0,0,0,0,108,0,0,0,0,270,9400
3365,W1,1,1,5,5,0,0,0,0,0,0,0,100,100,0,0,0,0,0,100,100,0,0.000000,0,8032,0.000000,0,0,0,0,108,8,0,8,100,4132,232,0,0,0,0,108,0,0,0,0,280,9400
3366,W1,1,1,5,5,0,0,0,0,0,0,0,100,100,0,0,0,0,0,100,100,0,0.000000,0,8032,0.000000,0,0,0,0,108,8,0,8,100,4132,232,0,0,0,0,108,0,0,0,0,275,9400
3367,W1,1,1,5,5,0,0,0,0,0,0,0,100,100,0,0,0,0,0,100,100,0,0.000000,0,8032,0.000000,0,0,0,0,108,8,0,8,100,4132,232,0,0,0,0,108,0,0,0,0,272,9400
3368,W1,1,1,5,5,0,0,0,0,0,0,0,100,100,0,0,0,0,0,100,100,0,0.000000,0,8032,0.000000,0,0,0,0,108,8,0,8,100,4132,232,0,0,0,0,108,0,0,0,0,278,9400
3369,W1,1,1,5,5,0,0,0,0,0,0,0,100,100,0,0,0,0,0,100,100,0,0.000000,0,8032,0.000000,0,0,0,0,108,8,0,8,100,4132,232,0,0,0,0,108,0,0,0,0,282,9400
3370,W1,1,1,5,5,0,0,0,0,0,0,0,100,100,0,0,0,0,0,100,100,0,0.000000,0,8032,0.000000,0,0,0,0,108,8,0,8,100,4132,232,0,0,0,0,108,0,0,0,0,276,9400
3371,W1,1,1,5,5,0,0,0,0,0,0,0,100,100,100,0,0,0,0,100,100,100,100.000000,1600,8032,19.920319,10,10,10,10,108,8,0,8,100,4132,232,0,0,0,0,108,0,0,0,0,290,9400
3372,W1,1,1,5,5,0,0,0,0,0,0,0,100,100,0,0,0,0,0,100,100,0,0.000000,0,8032,0.000000,0,0,0,0,108,8,0,8,100,4132,232,0,0,0,0,108,0,0,0,0,275,9400
3373,W1,1,1,5,5,0,0,0,0,0,0,0,100,100,0,0,0,0,0,100,100,0,0.000000,0,8032,0.000000,0,0,0,0,108,8,0,8,100,4132,232,0,0,0,0,108,0,0,0,0,270,9400
3374,W1,1,1,5,5,0,0,0,0,0,0,0,100,100,0,0,0,0,0,100,100,0,0.000000,0,8032,0.000000,0,0,0,0,108,8,0,8,100,4132,232,0,0,0,0,108,0,0,0,0,299,9400
3375,W1,1,1,5,5,0,0,0,0,0,0,0,100,100,0,0,0,0,0,100,100,0,0.000000,0,8032,0.000000,0,0,0,0,108,8,0,8,100,4132,232,0,0,0,0,108,0,0,0,0,271,9400
3376,W1,1,1,5,5,0,0,0,0,0,0,0,100,100,0,0,0,0,0,100,100,0,0.000000,0,8032,0.000000,0,0,0,0,108,8,0,8,100,4132,232,0,0,0,0,108,0,0,0,0,276,9400
3377,W1,1,1,5,5,0,0,0,0,0,0,0,100,100,0,0,0,0,0,100,100,0,0.000000,0,8032,0.000000,0,0,0,0,108,8,0,8,100,4132,232,0,0,0,0,108,0,0,0,0,281,9400
3378,W1,1,1,5,5,0,0,0,0,0,0,0,100,100,0,0,0,0,0,100,100,0,0.000000,0,8032,0.000000,0,0,0,0,108,8,0,8,100,4132,232,0,0,0,0,108,0,0,0,0,287,9400
3379,W1,1,1,5,5,0,0,0,0,0,0,0,100,100,0,0,0,0,0,100,100,0,0.000000,0,8032,0.000000,0,0,0,0,108,8,0,8,100,4132,232,0,0,0,0,108,0,0,0,0,317,9400
3380,W1,1,1,5,5,0,0,0,0,0,0,0,100,100,100,0,0,0,0,100,100,100,100.000000,1600,8032,19.920319,10,10,10,10,108,8,0,8,100,4132,232,0,0,0,0,108,0,0,0,0,287,9400
3381,W1,1,1,5,5,0,0,0,0,0,0,0,100,100,0,0,0,0,0,100,100,0,0.000000,0,8032,0.000000,0,0,0,0,108,8,0,8,100,4132,232,0,0,0,0,108,0,0,0,0,299,9400
3382,W1,1,1,5,5,0,0,0,0,0,0,0,100,100,0,0,0,0,0,100,100,0,0.000000,0,8032,0.000000,0,0,0,0,108,8,0,8,100,4132,232,0,0,0,0,108,0,0,0,0,291,9400
3383,W1,1,1,5,5,0,0,0,0,0,0,0,100,100,0,0,0,0,0,100,100,0,0.000000,0,8032,0.000000,0,0,0,0,108,8,0,8,100,4132,232,0,0,0,0,108,0,0,0,0,298,9400
3384,W1,1,1,5,5,0,0,0,0,0,0,0,100,100,0,0,0,0,0,100,100,0,0.000000,0,8032,0.000000,0,0,0,0,108,8,0,8,100,4132,232,0,0,0,0,108,0,0,0,0,299,9400
3385,W1,1,1,5,5,0,0,0,0,0,0,0,100,100,0,0,0,0,0,100,100,0,0.000000,0,8032,0.000000,0,0,0,0,108,8,0,8,100,4132,232,0,0,0,0,108,0,0,0,0,290,9400
3386,W1,1,1,5,5,0,0,0,0,0,0,0,100,100,0,0,0,0,0,100,100,0,0.000000,0,8032,0.000000,0,0,0,0,108,8,0,8,100,4132,232,0,0,0,0,108,0,0,0,0,304,9400
3387,W1,1,1,5,5,0,0,0,0,0,0,0,100,100,0,0,0,0,0,100,100,0,0.000000,0,8032,0.000000,0,0,0,0,108,8,0,8,100,4132,232,0,0,0,0,108,0,0,0,0,285,9400
3388,W1,1,1,5,5,0,0,0,0,0,0,0,100,100,0,0,0,0,0,100,100,0,0.000000,0,8032,0.000000,0,0,0,0,108,8,0,8,100,4132,232,0,0,0,0,108,0,0,0,0,339,9400
3389,W1,1,1,5,5,0,0,0,0,0,0,0,100,100,100,0,0,0,0,100,100,100,100.000000,1600,8032,19.920319,10,10,10,10,108,8,0,8,100,4132,232,0,0,0,0,108,0,0,0,0,347,9400
3390,W1,1,1,5,5,0,0,0,0,0,0,0,100,100,0,0,0,0,0,100,100,0,0.000000,0,8032,0.000000,0,0,0,0,108,8,0,8,100,4132,232,0,0,0,0,108,0,0,0,0,297,9400
3391,W1,1,1,5,5,0,0,0,0,0,0,0,100,100,0,0,0,0,0,100,100,0,0.000000,0,8032,0.000000,0,0,0,0,108,8,0,8,100,4132,232,0,0,0,0,108,0,0,0,0,346,9400
3392,W1,1,1,5,5,0,0,0,0,0,0,0,100,100,0,0,0,0,0,100,100,0,0.000000,0,8032,0.000000,0,0,0,0,108,8,0,8,100,4132,232,0,0,0,0,108,0,0,0,0,275,9400
3393,W1,1,1,5,5,0,0,0,0,0,0,0,100,100,0,0,0,0,0,100,100,0,0.000000,0,8032,0.000000,0,0,0,0,108,8,0,8,100,4132,232,0,0,0,0,108,0,0,0,0,272,9400
3394,W1,1,1,5,5,0,0,0,0,0,0,0,100,100,0,0,0,0,0,100,100,0,0.000000,0,8032,0.000000,0,0,0,0,108,8,0,8,100,4132,232,0,0,0,0,108,0,0,0,0,282,9400
3395,W1,1,1,5,5,0,0,0,0,0,0,0,100,100,0,0,0,0,0,100,100,0,0.000000,0,8032,0.000000,0,0,0,0,108,8,0,8,100,4132,232,0,0,0,0,108,0,0,0,0,269,9400
3396,W1,1,1,5,5,0,0,0,0,0,0,0,100,100,0,0,0,0,0,100,100,0,0.000000,0,8032,0.000000,0,0,0,0,108,8,0,8,100,4132,232,0,0,0,0,108,0,0,0,0,296,9400
3397,W1,1,1,5,5,0,0,0,0,0,0,0,100,100,0,0,0,0,0,100,100,0,0.000000,0,8032,0.000000,0,0,0,0,108,8,0,8,100,4132,232,0,0,0,0,108,0,0,0,0,284,9400
3398,W1,1,1,5,5,0,0,0,0,0,0,0,100,100,100,0,0,0,0,100,100,100,100.000000,1600,8032,19.920319,10,10,10,10,108,8,0,8,100,4132,232,0,0,0,0,108,0,0,0,0,294,9400
3399,W1,1,1,5,5,0,0,0,0,0,0,0,100,100,0,0,0,0,0,100,100,0,0.000000,0,8032,0.000000,0,0,0,0,108,8,0,8,100,4132,232,0,0,0,0,108,0,0,0,0,273,9400
3400,W1,1,1,5,5,0,0,0,0,0,0,0,100,100,0,0,0,0,0,100,100,0,0.000000,0,8032,0.000000,0,0,0,0,108,8,0,8,100,4132,232,0,0,0,0,108,0,0,0,0,282,9400
3401,W1,1,1,5,5,0,0,0,0,0,0,0,100,100,0,0,0,0,0,100,100,0,0.000000,0,8032,0.000000,0,0,0,0,108,8,0,8,100,4132,232,0,0,0,0,108,0,0,0,0,314,9400
3402,W1,1,1,5,5,0,0,0,0,0,0,0,100,100,0,0,0,0,0,100,100,0,0.000000,0,8032,0.000000,0,0,0,0,108,8,0,8,100,4132,232,0,0,0,0,108,0,0,0,0,280,9400
3403,W1,1,1,5,5,0,0,0,0,0,0,0,100,100,0,0,0,0,0,100,100,0,0.000000,0,8032,0.000000,0,0,0,0,108,8,0,8,100,4132,232,0,0,0,0,108,0,0,0,0,281,9400
3404,W1,1,1,5,5,0,0,0,0,0,0,0,100,100,0,0,0,0,0,100,100,0,0.000000,0,8032,0.000000,0,0,0,0,108,8,0,8,100,4132,232,0,0,0,0,108,0,0,0,0,281,9400
3405,W1,1,1,5,5,0,0,0,0,0,0,0,100,100,0,0,0,0,0,100,100,0,0.000000,0,8032,0.000000,0,0,0,0,108,8,0,8,100,4132,232,0,0,0,0,108,0,0,0,0,290,9400
3406,W1,1,1,5,5,0,0,0,0,0,0,0,100,100,0,0,0,0,0,100,100,0,0.000000,0,8032,0.000000,0,0,0,0,108,8,0,8,100,4132,232,0,0,0,0,108,0,0,0,0,316,9400
3407,W1,1,1,5,5,0,0,0,0,0,0,0,100,100,100,0,0,0,0,100,100,100,100.000000,1600,8032,19.920319,10,10,10,10,108,8,0,8,100,4132,232,0,0,0,0,108,0,0,0,0,285,9400
3408,W1,1,1,5,5,0,0,0,0,0,0,0,100,100,0,0,0,0,0,100,100,0,0.000000,0,8032,0.000000,0,0,0,0,108,8,0,8,100,4132,232,0,0,0,0,108,0,0,0,0,305,9400
3409,W1,1,1,5,5,0,0,0,0,0,0,0,100,100,0,0,0,0,0,100,100,0,0.000000,0,8032,0.000000,0,0,0,0,108,8,0,8,100,4132,232,0,0,0,0,108,0,0,0,0,302,9400
3410,W1,1,1,5,5,0,0,0,0,0,0,0,100,100,0,0,0,0,0,100,100,0,0.000000,0,8032,0.000000,0,0,0,0,108,8,0,8,100,4132,232,0,0,0,0,108,0,0,0,0,286,9400
3411,W1,1,1,5,5,0,0,0,0,0,0,0,100,100,0,0,0,0,0,100,100,0,0.000000,0,8032,0.000000,0,0,0,0,108,8,0,8,100,4132,232,0,0,0,0,108,0,0,0,0,325,9400
3412,W1,1,1,5,5,0,0,0,0,0,0,0,100,100,0,0,0,0,0,100,100,0,0.000000,0,8032,0.000000,0,0,0,0,108,8,0,8,100,4132,232,0,0,0,0,108,0,0,0,0,303,9400
3413,W1,1,1,5,5,0,0,0,0,0,0,0,100,100,0,0,0,0,0,100,100,0,0.000000,0,8032,0.000000,0,0,0,0,108,8,0,8,100,4132,232,0,0,0,0,108,0,0,0,0,315,9400
3414,W1,1,1,5,5,0,0,0,0,0,0,0,100,100,0,0,0,0,0,100,100,0,0.000000,0,8032,0.000000,0,0,0,0,108,8,0,8,100,4132,232,0,0,0,0,108,0,0,0,0,292,9400
3415,W1,1,1,5,5,0,0,0,0,0,0,0,100,100,0,0,0,0,0,100,100,0,0.000000,0,8032,0.000000,0,0,0,0,108,8,0,8,100,4132,232,0,0,0,0,108,0,0,0,0,294,9400
3416,W1,1,1,5,5,0,0,0,0,0,0,0,100,100,100,0,0,0,0,100,100,100,100.000000,1600,8032,19.920319,10,10,10,10,108,8,0,8,100,4132,232,0,0,0,0,108,0,0,0,0,292,9400
3417,W1,1,1,5,5,0,0,0,0,0,0,0,100,100,0,0,0,0,0,100,100,0,0.000000,0,8032,0.000000,0,0,0,0,108,8,0,8,100,4132,232,0,0,0,0,108,0,0,0,0,311,9400
3418,W1,1,1,5,5,0,0,0,0,0,0,0,100,100,0,0,0,0,0,100,100,0,0.000000,0,8032,0.000000,0,0,0,0,108,8,0,8,100,4132,232,0,0,0,0,108,0,0,0,0,295,9400
3419,W1,1,1,5,5,0,0,0,0,0,0,0,100,100,0,0,0,0,0,100,100,0,0.000000,0,8032,0.000000,0,0,0,0,108,8,0,8,100,4132,232,0,0,0,0,108,0,0,0,0,305,9400
3420,W1,1,1,5,5,0,0,0,0,0,0,0,100,100,0,0,0,0,0,100,100,0,0.000000,0,8032,0.000000,0,0,0,0,108,8,0,8,100,4132,232,0,0,0,0,108,0,0,0,0,289,9400
3421,W1,1,1,5,5,0,0,0,0,0,0,0,100,100,0,0,0,0,0,100,100,0,0.000000,0,8032,0.000000,0,0,0,0,108,8,0,8,100,4132,232,0,0,0,0,108,0,0,0,0,293,9400
3422,W1,1,1,5,5,0,0,0,0,0,0,0,100,100,0,0,0,0,0,100,100,0,0.000000,0,8032,0.000000,0,0,0,0,108,8,0,8,100,4132,232,0,0,0,0,108,0,0,0,0,320,9400
3423,W1,1,1,5,5,0,0,0,0,0,0,0,100,100,0,0,0,0,0,100,100,0,0.000000,0,8032,0.000000,0,0,0,0,108,8,0,8,100,4132,232,0,0,0,0,108,0,0,0,0,289,9400
3424,W1,1,1,5,5,0,0,0,0,0,0,0,100,100,0,0,0,0,0,100,100,0,0.000000,0,8032,0.000000,0,0,0,0,108,8,0,8,100,4132,232,0,0,0,0,108,0,0,0,0,322,9400
3425,W1,1,1,5,5,0,0,0,0,0,0,0,100,100,100,0,0,0,0,100,100,100,100.000000,1600,8032,19.920319,10,10,10,10,108,8,0,8,100,4132,232,0,0,0,0,108,0,0,0,0,324,9400
3426,W1,1,1,5,5,0,0,0,0,0,0,0,100,100,0,0,0,0,0,100,100,0,0.000000,0,8032,0.000000,0,0,0,0,108,8,0,8,100,4132,232,0,0,0,0,108,0,0,0,0,304,9400
3427,W1,1,1,5,5,0,0,0,0,0,0,0,100,100,0,0,0,0,0,100,100,0,0.000000,0,8032,0.000000,0,0,0,0,108,8,0,8,100,4132,232,0,0,0,0,108,0,0,0,0,283,9400
3428,W1,1,1,5,5,0,0,0,0,0,0,0,100,100,0,0,0,0,0,100,100,0,0.000000,0,8032,0.000000,0,0,0,0,108,8,0,8,100,4132,232,0,0,0,0,108,0,0,0,0,309,9400
3429,W1,1,1,5,5,0,0,0,0,0,0,0,100,100,0,0,0,0,0,100,100,0,0.000000,0,8032,0.000000,0,0,0,0,108,8,0,8,100,4132,232,0,0,0,0,108,0,0,0,0,293,9400
3430,W1,1,1,5,5,0,0,0,0,0,0,0,100,100,0,0,0,0,0,100,100,0,0.000000,0,8032,0.000000,0,0,0,0,108,8,0,8,100,4132,232,0,0,0,0,108,0,0,0,0,287,9400
3431,W1,1,1,5,5,0,0,0,0,0,0,0,100,100,0,0,0,0,0,100,100,0,0.000000,0,8032,0.000000,0,0,0,0,108,8,0,8,100,4132,232,0,0,0,0,108,0,0,0,0,291,9400
3432,W1,1,1,5,5,0,0,0,0,0,0,0,100,100,0,0,0,0,0,100,100,0,0.000000,0,8032,0.000000,0,0,0,0,108,8,0,8,100,4132,232,0,0,0,0,108,0,0,0,0,300,9400
3433,W1,1,1,5,5,0,0,0,0,0,0,0,100,100,0,0,0,0,0,100,100,0,0.000000,0,8032,0.000000,0,0,0,0,108,8,0,8,100,4132,232,0,0,0,0,108,0,0,0,0,290,9400
3434,W1,1,1,5,5,0,0,0,0,0,0,0,100,100,100,0,0,0,0,100,100,100,100.000000,1600,8032,19.920319,10,10,10,10,108,8,0,8,100,4132,232,0,0,0,0,108,0,0,0,0,294,9400
3435,W1,1,1,5,5,0,0,0,0,0,0,0,100,100,0,0,0,0,0,100,100,0,0.000000,0,8032,0.000000,0,0,0,0,108,8,0,8,100,4132,232,0,0,0,0,108,0,0,0,0,297,9400
3436,W1,1,1,5,5,0,0,0,0,0,0,0,100,100,0,0,0,0,0,100,100,0,0.000000,0,8032,0.000000,0,0,0,0,108,8,0,8,100,4132,232,0,0,0,0,108,0,0,0,0,294,9400
3437,W1,1,1,5,5,0,0,0,0,0,0,0,100,100,0,0,0,0,0,100,100,0,0.000000,0,8032,0.000000,0,0,0,0,108,8,0,8,100,4132,232,0,0,0,0,108,0,0,0,0,297,9400
3438,W1,1,1,5,5,0,0,0,0,0,0,0,100,100,0,0,0,0,0,100,100,0,0.000000,0,8032,0.000000,0,0,0,0,108,8,0,8,100,4132,232,0,0,0,0,108,0,0,0,0,310,9400
3439,W1,1,1,5,5,0,0,0,0,0,0,0,100,100,0,0,0,0,0,100,100,0,0.000000,0,8032,0.000000,0,0,0,0,108,8,0,8,100,4132,232,0,0,0,0,108,0,0,0,0,293,9400
3440,W1,1,1,5,5,0,0,0,0,0,0,0,100,100,0,0,0,0,0,100,100,0,0.000000,0,8032,0.000000,0,0,0,0,108,8,0,8,100,4132,232,0,0,0,0,108,0,0,0,0,300,9400
3441,W1,1,1,5,5,0,0,0,0,0,0,0,100,100,0,0,0,0,0,100,100,0,0.000000,0,8032,0.000000,0,0,0,0,108,8,0,8,100,4132,232,0,0,0,0,108,0,0,0,0,287,9400
3442,W1,1,1,5,5,0,0,0,0,0,0,0,100,100,0,0,0,0,0,100,100,0,0.000000,0,8032,0.000000,0,0,0,0,108,8,0,8,100,4132,232,0,0,0,0,108,0,0,0,0,351,9400
3443,W1,1,1,5,5,0,0,0,0,0,0,0,100,100,100,0,0,0,0,100,100,100,100.000000,1600,8032,19.920319,10,10,10,10,108,8,0,8,100,4132,232,0,0,0,0,108,0,0,0,0,298,9400
3444,W1,1,1,5,5,0,0,0,0,0,0,0,100,100,0,0,0,0,0,100,100,0,0.000000,0,8032,0.000000,0,0,0,0,108,8,0,8,100,4132,232,0,0,0,0,108,0,0,0,0,297,9400
3445,W1,1,1,5,5,0,0,0,0,0,0,0,100,100,0,0,0,0,0,100,100,0,0.000000,0,8032,0.000000,0,0,0,0,108,8,0,8,100,4132,232,0,0,0,0,108,0,0,0,0,344,9400
3446,W1,1,1,5,5,0,0,0,0,0,0,0,100,100,0,0,0,0,0,100,100,0,0.000000,0,8032,0.000000,0,0,0,0,108,8,0,8,100,4132,232,0,0,0,0,108,0,0,0,0,295,9400
3447,W1,1,1,5,5,0,0,0,0,0,0,0,100,100,0,0,0,0,0,100,100,0,0.000000,0,8032,0.000000,0,0,0,0,108,8,0,8,100,4132,232,0,0,0,0,108,0,0,0,0,345,9400
3448,W1,1,1,5,5,0,0,0,0,0,0,0,100,100,0,0,0,0,0,100,100,0,0.000000,0,8032,0.000000,0,0,0,0,108,8,0,8,100,4132,232,0,0,0,0,108,0,0,0,0,325,9400
3449,W1,1,1,5,5,0,0,0,0,0,0,0,100,100,0,0,0,0,0,100,100,0,0.000000,0,8032,0.000000,0,0,0,0,108,8,0,8,100,4132,232,0,0,0,0,108,0,0,0,0,305,9400
3450,W1,1,1,5,5,0,0,0,0,0,0,0,100,100,0,0,0,0,0,100,100,0,0.000000,0,8032,0.000000,0,0,0,0,108,8,0,8,100,4132,232,0,0,0,0,108,0,0,0,0,321,9400
3451,W1,1,1,5,5,0,0,0,0,0,0,0,100,100,0,0,0,0,0,100,100,0,0.000000,0,8032,0.000000,0,0,0,0,108,8,0,8,100,4132,232,0,0,0,0,108,0,0,0,0,298,9400
3452,W1,1,1,5,5,0,0,0,0,0,0,0,100,100,100,0,0,0,0,100,100,100,100.000000,1600,8032,19.920319,10,10,10,10,108,8,0,8,100,4132,232,0,0,0,0,108,0,0,0,0,323,9400
3453,W1,1,1,5,5,0,0,0,0,0,0,0,100,100,0,0,0,0,0,100,100,0,0.000000,0,8032,0.000000,0,0,0,0,108,8,0,8,100,4132,232,0,0,0,0,108,0,0,0,0,290,9400
3454,W1,1,1,5,5,0,0,0,0,0,0,0,100,100,0,0,0,0,0,100,100,0,0.000000,0,8032,0.000000,0,0,0,0,108,8,0,8,100,4132,232,0,0,0,0,108,0,0,0,0,313,9400
3455,W1,1,1,5,5,0,0,0,0,0,0,0,100,100,0,0,0,0,0,100,100,0,0.000000,0,8032,0.000000,0,0,0,0,108,8,0,8,100,4132,232,0,0,0,0,108,0,0,0,0,298,9400
3456,W1,1,1,5,5,0,0,0,0,0,0,0,100,100,0,0,0,0,0,100,100,0,0.000000,0,8032,0.000000,0,0,0,0,108,8,0,8,100,4132,232,0,0,0,0,108,0,0,0,0,318,9400
3457,W1,1,1,5,5,0,0,0,0,0,0,0,100,100,0,0,0,0,0,100,100,0,0.000000,0,8032,0.000000,0,0,0,0,108,8,0,8,100,4132,232,0,0,0,0,108,0,0,0,0,293,9400
3458,W1,1,1,5,5,0,0,0,0,0,0,0,100,100,0,0,0,0,0,100,100,0,0.000000,0,8032,0.000000,0,0,0,0,108,8,0,8,100,4132,232,0,0,0,0,108,0,0,0,0,294,9400
3459,W1,1,1,5,5,0,0,0,0,0,0,0,100,100,0,0,0,0,0,100,100,0,0.000000,0,8032,0.000000,0,0,0,0,108,8,0,8,100,4132,232,0,0,0,0,108,0,0,0,0,339,9400
3460,W1,1,1,5,5,0,0,0,0,0,0,0,100,100,0,0,0,0,0,100,100,0,0.000000,0,8032,0.000000,0,0,0,0,108,8,0,8,100,4132,232,0,0,0,0,108,0,0,0,0,294,9400
3461,W1,1,1,5,5,0,0,0,0,0,0,0,100,100,100,0,0,0,0,100,100,100,100.000000,1600,8032,19.920319,10,10,10,10,108,8,0,8,100,4132,232,0,0,0,0,108,0,0,0,0,291,9400
3462,W1,1,1,5,5,0,0,0,0,0,0,0,100,100,0,0,0,0,0,100,100,0,0.000000,0,8032,0.000000,0,0,0,0,108,8,0,8,100,4132,232,0,0,0,0,108,0,0,0,0,307,9400
3463,W1,1,1,5,5,0,0,0,0,0,0,0,100,100,0,0,0,0,0,100,100,0,0.000000,0,8032,0.000000,0,0,0,0,108,8,0,8,100,4132,232,0,0,0,0,108,0,0,0,0,285,9400
3464,W1,1,1,5,5,0,0,0,0,0,0,0,100,100,0,0,0,0,0,100,100,0,0.000000,0,8032,0.000000,0,0,0,0,108,8,0,8,100,4132,232,0,0,0,0,108,0,0,0,0,323,9400
3465,W1,1,1,5,5,0,0,0,0,0,0,0,100,100,0,0,0,0,0,100,100,0,0.000000,0,8032,0.000000,0,0,0,0,108,8,0,8,100,4132,232,0,0,0,0,108,0,0,0,0,292,9400
3466,W1,1,1,5,5,0,0,0,0,0,0,0,100,100,0,0,0,0,0,100,100,0,0.000000,0,8032,0.000000,0,0,0,0,108,8,0,8,100,4132,232,0,0,0,0,108,0,0,0,0,302,9400
3467,W1,1,1,5,5,0,0,0,0,0,0,0,100,100,0,0,0,0,0,100,100,0,0.000000,0,8032,0.000000,0,0,0,0,108,8,0,8,100,4132,232,0,0,0,0,108,0,0,0,0,310,9400
3468,W1,1,1,5,5,0,0,0,0,0,0,0,100,100,0,0,0,0,0,100,100,0,0.000000,0,8032,0.000000,0,0,0,0,108,8,0,8,100,4132,232,0,0,0,0,108,0,0,0,0,333,9400
3469,W1,1,1,5,5,0,0,0,0,0,0,0,100,100,0,0,0,0,0,100,100,0,0.000000,0,8032,0.000000,0,0,0,0,108,8,0,8,100,4132,232,0,0,0,0,108,0,0,0,0,298,9400
3470,W1,1,1,5,5,0,0,0,0,0,0,0,100,100,100,0,0,0,0,100,100,100,100.000000,1600,8032,19.920319,10,10,10,10,108,8,0,8,100,4132,232,0,0,0,0,108,0,0,0,0,294,9400
3471,W1,1,1,5,5,0,0,0,0,0,0,0,100,100,0,0,0,0,0,100,100,0,0.000000,0,8032,0.000000,0,0,0,0,108,8,0,8,100,4132,232,0,0,0,0,108,0,0,0,0,291,9400
3472,W1,1,1,5,5,0,0,0,0,0,0,0,100,100,0,0,0,0,0,100,100,0,0.000000,0,8032,0.000000,0,0,0,0,108,8,0,8,100,4132,232,0,0,0,0,108,0,0,0,0,300,9400
3473,W1,1,1,5,5,0,0,0,0,0,0,0,100,100,0,0,0,0,0,100,100,0,0.000000,0,8032,0.000000,0,0,0,0,108,8,0,8,100,4132,232,0,0,0,0,108,0,0,0,0,307,9400
3474,W1,1,1,5,5,0,0,0,0,0,0,0,100,100,0,0,0,0,0,100,100,0,0.000000,0,8032,0.000000,0,0,0,0,108,8,0,8,100,4132,232,0,0,0,0,108,0,0,0,0,338,9400
3475,W1,1,1,5,5,0,0,0,0,0,0,0,100,100,0,0,0,0,0,100,100,0,0.000000,0,8032,0.000000,0,0,0,0,108,8,0,8,100,4132,232,0,0,0,0,108,0,0,0,0,289,9400
3476,W1,1,1,5,5,0,0,0,0,0,0,0,100,100,0,0,0,0,0,100,100,0,0.000000,0,8032,0.000000,0,0,0,0,108,8,0,8,100,4132,232,0,0,0,0,108,0,0,0,0,317,9400
3477,W1,1,1,5,5,0,0,0,0,0,0,0,100,100,0,0,0,0,0,100,100,0,0.000000,0,8032,0.000000,0,0,0,0,108,8,0,8,100,4132,232,0,0,0,0,108,0,0,0,0,273,9400
3478,W1,1,1,5,5,0,0,0,0,0,0,0,100,100,0,0,0,0,0,100,100,0,0.000000,0,8032,0.000000,0,0,0,0,108,8,0,8,100,4132,232,0,0,0,0,108,0,0,0,0,283,9400
3479,W1,1,1,5,5,0,0,0,0,0,0,0,100,100,100,0,0,0,0,100,100,100,100.000000,1600,8032,19.920319,10,10,10,10,108,8,0,8,100,4132,232,0,0,0,0,108,0,0,0,0,290,9400
3480,W1,1,1,5,5,0,0,0,0,0,0,0,100,100,0,0,0,0,0,100,100,0,0.000000,0,8032,0.000000,0,0,0,0,108,8,0,8,100,4132,232,0,0,0,0,108,0,0,0,0,305,9400
3481,W1,1,1,5,5,0,0,0,0,0,0,0,100,100,0,0,0,0,0,100,100,0,0.000000,0,8032,0.000000,0,0,0,0,108,8,0,8,100,4132,232,0,0,0,0,108,0,0,0,0,309,9400
3482,W1,1,1,5,5,0,0,0,0,0,0,0,100,100,0,0,0,0,0,100,100,0,0.000000,0,8032,0.000000,0,0,0,0,108,8,0,8,100,4132,232,0,0,0,0,108,0,0,0,0,337,9400
3483,W1,1,1,5,5,0,0,0,0,0,0,0,100,100,0,0,0,0,0,100,100,0,0.000000,0,8032,0.000000,0,0,0,0,108,8,0,8,100,4132,232,0,0,0,0,108,0,0,0,0,342,9400
3484,W1,1,1,5,5,0,0,0,0,0,0,0,100,100,0,0,0,0,0,100,100,0,0.000000,0,8032,0.000000,0,0,0,0,108,8,0,8,100,4132,232,0,0,0,0,108,0,0,0,0,300,9400
3485,W1,1,1,5,5,0,0,0,0,0,0,0,100,100,0,0,0,0,0,100,100,0,0.000000,0,8032,0.000000,0,0,0,0,108,8,0,8,100,4132,232,0,0,0,0,108,0,0,0,0,289,9400
3486,W1,1,1,5,5,0,0,0,0,0,0,0,100,100,0,0,0,0,0,100,100,0,0.000000,0,8032,0.000000,0,0,0,0,108,8,0,8,100,4132,232,0,0,0,0,108,0,0,0,0,343,9400
3487,W1,1,1,5,5,0,0,0,0,0,0,0,100,100,0,0,0,0,0,100,100,0,0.000000,0,8032,0.000000,0,0,0,0,108,8,0,8,100,4132,232,0,0,0,0,108,0,0,0,0,292,9400
3488,W1,1,1,5,5,0,0,0,0,0,0,0,100,100,100,0,0,0,0,100,100,100,100.000000,1600,8032,19.920319,10,10,10,10,108,8,0,8,100,4132,232,0,0,0,0,108,0,0,0,0,323,9400
3489,W1,1,1,5,5,0,0,0,0,0,0,0,100,100,0,0,0,0,0,100,100,0,0.000000,0,8032,0.000000,0,0,0,0,108,8,0,8,100,4132,232,0,0,0,0,108,0,0,0,0,292,9400
3490,W1,1,1,5,5,0,0,0,0,0,0,0,100,100,0,0,0,0,0,100,100,0,0.000000,0,8032,0.000000,0,0,0,0,108,8,0,8,100,4132,232,0,0,0,0,108,0,0,0,0,323,9400
3491,W1,1,1,5,5,0,0,0,0,0,0,0,100,100,0,0,0,0,0,100,100,0,0.000000,0,8032,0.000000,0,0,0,0,108,8,0,8,100,4132,232,0,0,0,0,108,0,0,0,0,309,9400
3492,W1,1,1,5,5,0,0,0,0,0,0,0,100,100,0,0,0,0,0,100,100,0,0.000000,0,8032,0.000000,0,0,0,0,108,8,0,8,100,4132,232,0,0,0,0,108,0,0,0,0,312,9400
3493,W1,1,1,5,5,0,0,0,0,0,0,0,100,100,0,0,0,0,0,100,100,0,0.000000,0,8032,0.000000,0,0,0,0,108,8,0,8,100,4132,232,0,0,0,0,108,0,0,0,0,327,9400
3494,W1,1,1,5,5,0,0,0,0,0,0,0,100,100,0,0,0,0,0,100,100,0,0.000000,0,8032,0.000000,0,0,0,0,108,8,0,8,100,4132,232,0,0,0,0,108,0,0,0,0,320,9400
3495,W1,1,1,5,5,0,0,0,0,0,0,0,100,100,0,0,0,0,0,100,100,0,0.000000,0,8032,0.000000,0,0,0,0,108,8,0,8,100,4132,232,0,0,0,0,108,0,0,0,0,301,9400
3496,W1,1,1,5,5,0,0,0,0,0,0,0,100,100,0,0,0,0,0,100,100,0,0.000000,0,8032,0.000000,0,0,0,0,108,8,0,8,100,4132,232,0,0,0,0,108,0,0,0,0,300,9400
3497,W1,1,1,5,5,0,0,0,0,0,0,0,100,100,100,0,0,0,0,100,100,100,100.000000,1600,8032,19.920319,10,10,10,10,108,8,0,8,100,4132,232,0,0,0,0,108,0,0,0,0,281,9400
3498,W1,1,1,5,5,0,0,0,0,0,0,0,100,100,0,0,0,0,0,100,100,0,0.000000,0,8032,0.000000,0,0,0,0,108,8,0,8,100,4132,232,0,0,0,0,108,0,0,0,0,288,9400
3499,W1,1,1,5,5,0,0,0,0,0,0,0,100,100,0,0,0,0,0,100,100,0,0.000000,0,8032,0.000000,0,0,0,0,108,8,0,8,100,4132,232,0,0,0,0,108,0,0,0,0,275,9400
3500,W1,1,1,5,5,0,0,0,0,0,0,0,100,100,0,0,0,0,0,100,100,0,0.000000,0,8032,0.000000,0,0,0,0,108,8,0,8,100,4132,232,0,0,0,0,108,0,0,0,0,281,9400
3501,W1,1,1,5,5,0,0,0,0,0,0,0,100,100,0,0,0,0,0,100,100,0,0.000000,0,8032,0.000000,0,0,0,0,108,8,0,8,100,4132,232,0,0,0,0,108,0,0,0,0,269,9400
3502,W1,1,1,5,5,0,0,0,0,0,0,0,100,100,0,0,0,0,0,100,100,0,0.000000,0,8032,0.000000,0,0,0,0,108,8,0,8,100,4132,232,0,0,0,0,108,0,0,0,0,284,9400
3503,W1,1,1,5,5,0,0,0,0,0,0,0,100,100,0,0,0,0,0,100,100,0,0.000000,0,8032,0.000000,0,0,0,0,108,8,0,8,100,4132,232,0,0,0,0,108,0,0,0,0,285,9400
3504,W1,1,1,5,5,0,0,0,0,0,0,0,100,100,0,0,0,0,0,100,100,0,0.000000,0,8032,0.000000,0,0,0,0,108,8,0,8,100,4132,232,0,0,0,0,108,0,0,0,0,280,9400
3505,W1,1,1,5,5,0,0,0,0,0,0,0,100,100,0,0,0,0,0,100,100,0,0.000000,0,8032,0.000000,0,0,0,0,108,8,0,8,100,4132,232,0,0,0,0,108,0,0,0,0,275,9400
3506,W1,1,1,5,5,0,0,0,0,0,0,0,100,100,100,0,0,0,0,100,100,100,100.000000,1600,8032,19.920319,10,10,10,10,108,8,0,8,100,4132,232,0,0,0,0,108,0,0,0,0,308,9400
3507,W1,1,1,5,5,0,0,0,0,0,0,0,100,100,0,0,0,0,0,100,100,0,0.000000,0,8032,0.000000,0,0,0,0,108,8,0,8,100,4132,232,0,0,0,0,108,0,0,0,0,274,9400
3508,W1,1,1,5,5,0,0,0,0,0,0,0,100,100,0,0,0,0,0,100,100,0,0.000000,0,8032,0.000000,0,0,0,0,108,8,0,8,100,4132,232,0,0,0,0,108,0,0,0,0,280,9400
3509,W1,1,1,5,5,0,0,0,0,0,0,0,100,100,0,0,0,0,0,100,100,0,0.000000,0,8032,0.000000,0,0,0,0,108,8,0,8,100,4132,232,0,0,0,0,108,0,0,0,0,388,9400
3510,W1,1,1,5,5,0,0,0,0,0,0,0,100,100,0,0,0,0,0,100,100,0,0.000000,0,8032,0.000000,0,0,0,0,108,8,0,8,100,4132,232,0,0,0,0,108,0,0,0,0,296,9400
3511,W1,1,1,5,5,0,0,0,0,0,0,0,100,100,0,0,0,0,0,100,100,0,0.000000,0,8032,0.000000,0,0,0,0,108,8,0,8,100,4132,232,0,0,0,0,108,0,0,0,0,275,9400
3512,W1,1,1,5,5,0,0,0,0,0,0,0,100,100,0,0,0,0,0,100,100,0,0.000000,0,8032,0.000000,0,0,0,0,108,8,0,8,100,4132,232,0,0,0,0,108,0,0,0,0,322,9400
3513,W1,1,1,5,5,0,0,0,0,0,0,0,100,100,0,0,0,0,0,100,100,0,0.000000,0,8032,0.000000,0,0,0,0,108,8,0,8,100,4132,232,0,0,0,0,108,0,0,0,0,289,9400
3514,W1,1,1,5,5,0,0,0,0,0,0,0,100,100,0,0,0,0,0,100,100,0,0.000000,0,8032,0.000000,0,0,0,0,108,8,0,8,100,4132,232,0,0,0,0,108,0,0,0,0,273,9400
3515,W1,1,1,5,5,0,0,0,0,0,0,0,100,100,100,0,0,0,0,100,100,100,100.000000,1600,8032,19.920319,10,10,10,10,108,8,0,8,100,4132,232,0,0,0,0,108,0,0,0,0,300,9400
3516,W1,1,1,5,5,0,0,0,0,0,0,0,100,100,0,0,0,0,0,100,100,0,0.000000,0,8032,0.000000,0,0,0,0,108,8,0,8,100,4132,232,0,0,0,0,108,0,0,0,0,275,9400
3517,W1,1,1,5,5,0,0,0,0,0,0,0,100,100,0,0,0,0,0,100,100,0,0.000000,0,8032,0.000000,0,0,0,0,108,8,0,8,100,4132,232,0,0,0,0,108,0,0,0,0,279,9400
3518,W1,1,1,5,5,0,0,0,0,0,0,0,100,100,0,0,0,0,0,100,100,0,0.000000,0,8032,0.000000,0,0,0,0,108,8,0,8,100,4132,232,0,0,0,0,108,0,0,0,0,281,9400
3519,W1,1,1,5,5,0,0,0,0,0,0,0,100,100,0,0,0,0,0,100,100,0,0.000000,0,8032,0.000000,0,0,0,0,108,8,0,8,100,4132,232,0,0,0,0,108,0,0,0,0,275,9400
3520,W1,1,1,5,5,0,0,0,0,0,0,0,100,100,0,0,0,0,0,100,100,0,0.000000,0,8032,0.000000,0,0,0,0,108,8,0,8,100,4132,232,0,0,0,0,108,0,0,0,0,305,9400
3521,W1,1,1,5,5,0,0,0,0,0,0,0,100,100,0,0,0,0,0,100,100,0,0.000000,0,8032,0.000000,0,0,0,0,108,8,0,8,100,4132,232,0,0,0,0,108,0,0,0,0,274,9400
3522,W1,1,1,5,5,0,0,0,0,0,0,0,100,100,0,0,0,0,0,100,100,0,0.000000,0,8032,0.000000,0,0,0,0,108,8,0,8,100,4132,232,0,0,0,0,108,0,0,0,0,316,9400
3523,W1,1,1,5,5,0,0,0,0,0,0,0,100,100,0,0,0,0,0,100,100,0,0.000000,0,8032,0.000000,0,0,0,0,108,8,0,8,100,4132,232,0,0,0,0,108,0,0,0,0,291,9400
3524,W1,1,1,5,5,0,0,0,0,0,0,0,100,100,100,0,0,0,0,100,100,100,100.000000,1600,8032,19.920319,10,10,10,10,108,8,0,8,100,4132,232,0,0,0,0,108,0,0,0,0,278,9400
3525,W1,1,1,5,5,0,0,0,0,0,0,0,100,100,0,0,0,0,0,100,100,0,0.000000,0,8032,0.000000,0,0,0,0,108,8,0,8,100,4132,232,0,0,0,0,108,0,0,0,0,269,9400
3526,W1,1,1,5,5,0,0,0,0,0,0,0,100,100,0,0,0,0,0,100,100,0,0.000000,0,8032,0.000000,0,0,0,0,108,8,0,8,100,4132,232,0,0,0,0,108,0,0,0,0,309,9400
3527,W1,1,1,5,5,0,0,0,0,0,0,0,100,100,0,0,0,0,0,100,100,0,0.000000,0,8032,0.000000,0,0,0,0,108,8,0,8,100,4132,232,0,0,0,0,108,0,0,0,0,287,9400
3528,W1,1,1,5,5,0,0,0,0,0,0,0,100,100,0,0,0,0,0,100,100,0,0.000000,0,8032,0.000000,0,0,0,0,108,8,0,8,100,4132,232,0,0,0,0,108,0,0,0,0,277,9400
3529,W1,1,1,5,5,0,0,0,0,0,0,0,100,100,0,0,0,0,0,100,100,0,0.000000,0,8032,0.000000,0,0,0,0,108,8,0,8,100,4132,232,0,0,0,0,108,0,0,0,0,266,9400
3530,W1,1,1,5,5,0,0,0,0,0,0,0,100,100,0,0,0,0,0,100,100,0,0.000000,0,8032,0.000000,0,0,0,0,108,8,0,8,100,4132,232,0,0,0,0,108,0,0,0,0,299,9400
3531,W1,1,1,5,5,0,0,0,0,0,0,0,100,100,0,0,0,0,0,100,100,0,0.000000,0,8032,0.000000,0,0,0,0,108,8,0,8,100,4132,232,0,0,0,0,108,0,0,0,0,277,9400
3532,W1,1,1,5,5,0,0,0,0,0,0,0,100,100,0,0,0,0,0,100,100,0,0.000000,0,8032,0.000000,0,0,0,0,108,8,0,8,100,4132,232,0,0,0,0,108,0,0,0,0,292,9400
3533,W1,1,1,5,5,0,0,0,0,0,0,0,100,100,100,0,0,0,0,100,100,100,100.000000,1600,8032,19.920319,10,10,10,10,108,8,0,8,100,4132,232,0,0,0,0,108,0,0,0,0,281,9400
3534,W1,1,1,5,5,0,0,0,0,0,0,0,100,100,0,0,0,0,0,100,100,0,0.000000,0,8032,0.000000,0,0,0,0,108,8,0,8,100,4132,232,0,0,0,0,108,0,0,0,0,314,9400
3535,W1,1,1,5,5,0,0,0,0,0,0,0,100,100,0,0,0,0,0,100,100,0,0.000000,0,8032,0.000000,0,0,0,0,108,8,0,8,100,4132,232,0,0,0,0,108,0,0,0,0,321,9400
3536,W1,1,1,5,5,0,0,0,0,0,0,0,100,100,0,0,0,0,0,100,100,0,0.000000,0,8032,0.000000,0,0,0,0,108,8,0,8,100,4132,232,0,0,0,0,108,0,0,0,0,291,9400
3537,W1,1,1,5,5,0,0,0,0,0,0,0,100,100,0,0,0,0,0,100,100,0,0.000000,0,8032,0.000000,0,0,0,0,108,8,0,8,100,4132,232,0,0,0,0,108,0,0,0,0,285,9400
3538,W1,1,1,5,5,0,0,0,0,0,0,0,100,100,0,0,0,0,0,100,100,0,0.000000,0,8032,0.000000,0,0,0,0,108,8,0,8,100,4132,232,0,0,0,0,108,0,0,0,0,281,9400
3539,W1,1,1,5,5,0,0,0,0,0,0,0,100,100,0,0,0,0,0,100,100,0,0.000000,0,8032,0.000000,0,0,0,0,108,8,0,8,100,4132,232,0,0,0,0,108,0,0,0,0,319,9400
3540,W1,1,1,5,5,0,0,0,0,0,0,0,100,100,0,0,0,0,0,100,100,0,0.000000,0,8032,0.000000,0,0,0,0,108,8,0,8,100,4132,232,0,0,0,0,108,0,0,0,0,338,9400
3541,W1,1,1,5,5,0,0,0,0,0,0,0,100,100,0,0,0,0,0,100,100,0,0.000000,0,8032,0.000000,0,0,0,0,108,8,0,8,100,4132,232,0,0,0,0,108,0,0,0,0,300,9400
3542,W1,1,1,5,5,0,0,0,0,0,0,0,100,100,100,0,0,0,0,100,100,100,100.000000,1600,8032,19.920319,10,10,10,10,108,8,0,8,100,4132,232,0,0,0,0,108,0,0,0,0,353,9400
3543,W1,1,1,5,5,0,0,0,0,0,0,0,100,100,0,0,0,0,0,100,100,0,0.000000,0,8032,0.000000,0,0,0,0,108,8,0,8,100,4132,232,0,0,0,0,108,0,0,0,0,279,9400
3544,W1,1,1,5,5,0,0,0,0,0,0,0,100,100,0,0,0,0,0,100,100,0,0.000000,0,8032,0.000000,0,0,0,0,108,8,0,8,100,4132,232,0,0,0,0,108,0,0,0,0,278,9400
3545,W1,1,1,5,5,0,0,0,0,0,0,0,100,100,0,0,0,0,0,100,100,0,0.000000,0,8032,0.000000,0,0,0,0,108,8,0,8,100,4132,232,0,0,0,0,108,0,0,0,0,281,9400
3546,W1,1,1,5,5,0,0,0,0,0,0,0,100,100,0,0,0,0,0,100,100,0,0.000000,0,8032,0.000000,0,0,0,0,108,8,0,8,100,4132,232,0,0,0,0,108,0,0,0,0,287,9400
3547,W1,1,1,5,5,0,0,0,0,0,0,0,100,100,0,0,0,0,0,100,100,0,0.000000,0,8032,0.000000,0,0,0,0,108,8,0,8,100,4132,232,0,0,0,0,108,0,0,0,0,301,9400
3548,W1,1,1,5,5,0,0,0,0,0,0,0,100,100,0,0,0,0,0,100,100,0,0.000000,0,8032,0.000000,0,0,0,0,108,8,0,8,100,4132,232,0,0,0,0,108,0,0,0,0,282,9400
3549,W1,1,1,5,5,0,0,0,0,0,0,0,100,100,0,0,0,0,0,100,100,0,0.000000,0,8032,0.000000,0,0,0,0,108,8,0,8,100,4132,232,0,0,0,0,108,0,0,0,0,287,9400
3550,W1,1,1,5,5,0,0,0,0,0,0,0,100,100,0,0,0,0,0,100,100,0,0.000000,0,8032,0.000000,0,0,0,0,108,8,0,8,100,4132,232,0,0,0,0,108,0,0,0,0,289,9400
3551,W1,1,1,5,5,0,0,0,0,0,0,0,100,100,100,0,0,0,0,100,100,100,100.000000,1600,8032,19.920319,10,10,10,10,108,8,0,8,100,4132,232,0,0,0,0,108,0,0,0,0,302,9400
3552,W1,1,1,5,5,0,0,0,0,0,0,0,100,100,0,0,0,0,0,100,100,0,0.000000,0,8032,0.000000,0,0,0,0,108,8,0,8,100,4132,232,0,0,0,0,108,0,0,0,0,286,9400
3553,W1,1,1,5,5,0,0,0,0,0,0,0,100,100,0,0,0,0,0,100,100,0,0.000000,0,8032,0.000000,0,0,0,0,108,8,0,8,100,4132,232,0,0,0,0,108,0,0,0,0,296,9400
3554,W1,1,1,5,5,0,0,0,0,0,0,0,100,100,0,0,0,0,0,100,100,0,0.000000,0,8032,0.000000,0,0,0,0,108,8,0,8,100,4132,232,0,0,0,0,108,0,0,0,0,309,9400
3555,W1,1,1,5,5,0,0,0,0,0,0,0,100,100,0,0,0,0,0,100,100,0,0.000000,0,8032,0.000000,0,0,0,0,108,8,0,8,100,4132,232,0,0,0,0,108,0,0,0,0,296,9400
3556,W1,1,1,5,5,0,0,0,0,0,0,0,100,100,0,0,0,0,0,100,100,0,0.000000,0,8032,0.000000,0,0,0,0,108,8,0,8,100,4132,232,0,0,0,0,108,0,0,0,0,334,9400
3557,W1,1,1,5,5,0,0,0,0,0,0,0,100,100,0,0,0,0,0,100,100,0,0.000000,0,8032,0.000000,0,0,0,0,108,8,0,8,100,4132,232,0,0,0,0,108,0,0,0,0,273,9400
3558,W1,1,1,5,5,0,0,0,0,0,0,0,100,100,0,0,0,0,0,100,100,0,0.000000,0,8032,0.000000,0,0,0,0,108,8,0,8,100,4132,232,0,0,0,0,108,0,0,0,0,284,9400
3559,W1,1,1,5,5,0,0,0,0,0,0,0,100,100,0,0,0,0,0,100,100,0,0.000000,0,8032,0.000000,0,0,0,0,108,8,0,8,100,4132,232,0,0,0,0,108,0,0,0,0,327,9400
3560,W1,1,1,5,5,0,0,0,0,0,0,0,100,100,100,0,0,0,0,100,100,100,100.000000,1600,8032,19.920319,10,10,10,10,108,8,0,8,100,4132,232,0,0,0,0,108,0,0,0,0,284,9400
3561,W1,1,1,5,5,0,0,0,0,0,0,0,100,100,0,0,0,0,0,100,100,0,0.000000,0,8032,0.000000,0,0,0,0,108,8,0,8,100,4132,232,0,0,0,0,108,0,0,0,0,272,9400
3562,W1,1,1,5,5,0,0,0,0,0,0,0,100,100,0,0,0,0,0,100,100,0,0.000000,0,8032,0.000000,0,0,0,0,108,8,0,8,100,4132,232,0,0,0,0,108,0,0,0,0,283,9400
3563,W1,1,1,5,5,0,0,0,0,0,0,0,100,100,0,0,0,0,0,100,100,0,0.000000,0,8032,0.000000,0,0,0,0,108,8,0,8,100,4132,232,0,0,0,0,108,0,0,0,0,286,9400
3564,W1,1,1,5,5,0,0,0,0,0,0,0,100,100,0,0,0,0,0,100,100,0,0.000000,0,8032,0.000000,0,0,0,0,108,8,0,8,100,4132,232,0,0,0,0,108,0,0,0,0,292,9400
3565,W1,1,1,5,5,0,0,0,0,0,0,0,100,100,0,0,0,0,0,100,100,0,0.000000,0,8032,0.000000,0,0,0,0,108,8,0,8,100,4132,232,0,0,0,0,108,0,0,0,0,276,9400
3566,W1,1,1,5,5,0,0,0,0,0,0,0,100,100,0,0,0,0,0,100,100,0,0.000000,0,8032,0.000000,0,0,0,0,108,8,0,8,100,4132,232,0,0,0,0,108,0,0,0,0,307,9400
3567,W1,1,1,5,5,0,0,0,0,0,0,0,100,100,0,0,0,0,0,100,100,0,0.000000,0,8032,0.000000,0,0,0,0,108,8,0,8,100,4132,232,0,0,0,0,108,0,0,0,0,320,9400
3568,W1,1,1,5,5,0,0,0,0,0,0,0,100,100,0,0,0,0,0,100,100,0,0.000000,0,8032,0.000000,0,0,0,0,108,8,0,8,100,4132,232,0,0,0,0,108,0,0,0,0,291,9400
3569,W1,1,1,5,5,0,0,0,0,0,0,0,100,100,100,0,0,0,0,100,100,100,100.000000,1600,8032,19.920319,10,10,10,10,108,8,0,8,100,4132,232,0,0,0,0,108,0,0,0,0,297,9400
3570,W1,1,1,5,5,0,0,0,0,0,0,0,100,100,0,0,0,0,0,100,100,0,0.000000,0,8032,0.000000,0,0,0,0,108,8,0,8,100,4132,232,0,0,0,0,108,0,0,0,0,288,9400
3571,W1,1,1,5,5,0,0,0,0,0,0,0,100,100,0,0,0,0,0,100,100,0,0.000000,0,8032,0.000000,0,0,0,0,108,8,0,8,100,4132,232,0,0,0,0,108,0,0,0,0,314,9400
3572,W1,1,1,5,5,0,0,0,0,0,0,0,100,100,0,0,0,0,0,100,100,0,0.000000,0,8032,0.000000,0,0,0,0,108,8,0,8,100,4132,232,0,0,0,0,108,0,0,0,0,314,9400
3573,W1,1,1,5,5,0,0,0,0,0,0,0,100,100,0,0,0,0,0,100,100,0,0.000000,0,8032,0.000000,0,0,0,0,108,8,0,8,100,4132,232,0,0,0,0,108,0,0,0,0,296,9400
3574,W1,1,1,5,5,0,0,0,0,0,0,0,100,100,0,0,0,0,0,100,100,0,0.000000,0,8032,0.000000,0,0,0,0,108,8,0,8,100,4132,232,0,0,0,0,108,0,0,0,0,296,9400
3575,W1,1,1,5,5,0,0,0,0,0,0,0,100,100,0,0,0,0,0,100,100,0,0.000000,0,8032,0.000000,0,0,0,0,108,8,0,8,100,4132,232,0,0,0,0,108,0,0,0,0,273,9400
3576,W1,1,1,5,5,0,0,0,0,0,0,0,100,100,0,0,0,0,0,100,100,0,0.000000,0,8032,0.000000,0,0,0,0,108,8,0,8,100,4132,232,0,0,0,0,108,0,0,0,0,270,9400
3577,W1,1,1,5,5,0,0,0,0,0,0,0,100,100,0,0,0,0,0,100,100,0,0.000000,0,8032,0.000000,0,0,0,0,108,8,0,8,100,4132,232,0,0,0,0,108,0,0,0,0,287,9400
3578,W1,1,1,5,5,0,0,0,0,0,0,0,100,100,100,0,0,0,0,100,100,100,100.000000,1600,8032,19.920319,10,10,10,10,108,8,0,8,100,4132,232,0,0,0,0,108,0,0,0,0,300,9400
3579,W1,1,1,5,5,0,0,0,0,0,0,0,100,100,0,0,0,0,0,100,100,0,0.000000,0,8032,0.000000,0,0,0,0,108,8,0,8,100,4132,232,0,0,0,0,108,0,0,0,0,300,9400
3580,W1,1,1,5,5,0,0,0,0,0,0,0,100,100,0,0,0,0,0,100,100,0,0.000000,0,8032,0.000000,0,0,0,0,108,8,0,8,100,4132,232,0,0,0,0,108,0,0,0,0,281,9400
3581,W1,1,1,5,5,0,0,0,0,0,0,0,100,100,0,0,0,0,0,100,100,0,0.000000,0,8032,0.000000,0,0,0,0,108,8,0,8,100,4132,232,0,0,0,0,108,0,0,0,0,371,9400
3582,W1,1,1,5,5,0,0,0,0,0,0,0,100,100,0,0,0,0,0,100,100,0,0.000000,0,8032,0.000000,0,0,0,0,108,8,0,8,100,4132,232,0,0,0,0,108,0,0,0,0,291,9400
3583,W1,1,1,5,5,0,0,0,0,0,0,0,100,100,0,0,0,0,0,100,100,0,0.000000,0,8032,0.000000,0,0,0,0,108,8,0,8,100,4132,232,0,0,0,0,108,0,0,0,0,433,9400
3584,W1,1,1,5,5,0,0,0,0,0,0,0,100,100,0,0,0,0,0,100,100,0,0.000000,0,8032,0.000000,0,0,0,0,108,8,0,8,100,4132,232,0,0,0,0,108,0,0,0,0,302,9400
3585,W1,1,1,5,5,0,0,0,0,0,0,0,100,100,0,0,0,0,0,100,100,0,0.000000,0,8032,0.000000,0,0,0,0,108,8,0,8,100,4132,232,0,0,0,0,108,0,0,0,0,285,9400
3586,W1,1,1,5,5,0,0,0,0,0,0,0,100,100,0,0,0,0,0,100,100,0,0.000000,0,8032,0.000000,0,0,0,0,108,8,0,8,100,4132,232,0,0,0,0,108,0,0,0,0,300,9400
3587,W1,1,1,5,5,0,0,0,0,0,0,0,100,100,100,0,0,0,0,100,100,100,100.000000,1600,8032,19.920319,10,10,10,10,108,8,0,8,100,4132,232,0,0,0,0,108,0,0,0,0,277,9400
3588,W1,1,1,5,5,0,0,0,0,0,0,0,100,100,0,0,0,0,0,100,100,0,0.000000,0,8032,0.000000,0,0,0,0,108,8,0,8,100,4132,232,0,0,0,0,108,0,0,0,0,285,9400
3589,W1,1,1,5,5,0,0,0,0,0,0,0,100,100,0,0,0,0,0,100,100,0,0.000000,0,8032,0.000000,0,0,0,0,108,8,0,8,100,4132,232,0,0,0,0,108,0,0,0,0,290,9400
3590,W1,1,1,5,5,0,0,0,0,0,0,0,100,100,0,0,0,0,0,100,100,0,0.000000,0,8032,0.000000,0,0,0,0,108,8,0,8,100,4132,232,0,0,0,0,108,0,0,0,0,284,9400
3591,W1,1,1,5,5,0,0,0,0,0,0,0,100,100,0,0,0,0,0,100,100,0,0.000000,0,8032,0.000000,0,0,0,0,108,8,0,8,100,4132,232,0,0,0,0,108,0,0,0,0,269,9400
3592,W1,1,1,5,5,0,0,0,0,0,0,0,100,100,0,0,0,0,0,100,100,0,0.000000,0,8032,0.000000,0,0,0,0,108,8,0,8,100,4132,232,0,0,0,0,108,0,0,0,0,282,9400
3593,W1,1,1,5,5,0,0,0,0,0,0,0,100,100,0,0,0,0,0,100,100,0,0.000000,0,8032,0.000000,0,0,0,0,108,8,0,8,100,4132,232,0,0,0,0,108,0,0,0,0,299,9400
3594,W1,1,1,5,5,0,0,0,0,0,0,0,100,100,0,0,0,0,0,100,100,0,0.000000,0,8032,0.000000,0,0,0,0,108,8,0,8,100,4132,232,0,0,0,0,108,0,0,0,0,292,9400
3595,W1,1,1,5,5,0,0,0,0,0,0,0,100,100,0,0,0,0,0,100,100,0,0.000000,0,8032,0.000000,0,0,0,0,108,8,0,8,100,4132,232,0,0,0,0,108,0,0,0,0,307,9400
3596,W1,1,1,5,5,0,0,0,0,0,0,0,100,100,100,0,0,0,0,100,100,100,100.000000,1600,8032,19.920319,10,10,10,10,108,8,0,8,100,4132,232,0,0,0,0,108,0,0,0,0,300,9400
3597,W1,1,1,5,5,0,0,0,0,0,0,0,100,100,0,0,0,0,0,100,100,0,0.000000,0,8032,0.000000,0,0,0,0,108,8,0,8,100,4132,232,0,0,0,0,108,0,0,0,0,307,9400
3598,W1,1,1,5,5,0,0,0,0,0,0,0,100,100,0,0,0,0,0,100,100,0,0.000000,0,8032,0.000000,0,0,0,0,108,8,0,8,100,4132,232,0,0,0,0,108,0,0,0,0,369,9400
3599,W1,1,1,5,5,0,0,0,0,0,0,0,100,100,0,0,0,0,0,100,100,0,0.000000,0,8032,0.000000,0,0,0,0,108,8,0,8,100,4132,232,0,0,0,0,108,0,0,0,0,345,9400
3600,W1,1,1,5,5,0,0,0,0,0,0,0,100,100,0,0,0,0,0,100,100,0,0.000000,0,8032,0.000000,0,0,0,0,108,8,0,8,100,4132,232,0,0,0,0,108,0,0,0,0,301,9400
3601,W1,1,1,5,5,0,0,0,0,0,0,0,100,100,0,0,0,0,0,100,100,0,0.000000,0,8032,0.000000,0,0,0,0,108,8,0,8,100,4132,232,0,0,0,0,108,0,0,0,0,293,9400
3602,W1,1,1,5,5,0,0,0,0,0,0,0,100,100,0,0,0,0,0,100,100,0,0.000000,0,8032,0.000000,0,0,0,0,108,8,0,8,100,4132,232,0,0,0,0,108,0,0,0,0,320,9400
3603,W1,1,1,5,5,0,0,0,0,0,0,0,100,100,0,0,0,0,0,100,100,0,0.000000,0,8032,0.000000,0,0,0,0,108,8,0,8,100,4132,232,0,0,0,0,108,0,0,0,0,287,9400
3604,W1,1,1,5,5,0,0,0,0,0,0,0,100,100,0,0,0,0,0,100,100,0,0.000000,0,8032,0.000000,0,0,0,0,108,8,0,8,100,4132,232,0,0,0,0,108,0,0,0,0,295,9400
3605,W1,1,1,5,5,0,0,0,0,0,0,0,100,100,100,0,0,0,0,100,100,100,100.000000,1600,8032,19.920319,10,10,10,10,108,8,0,8,100,4132,232,0,0,0,0,108,0,0,0,0,279,9400
3606,W1,1,1,5,5,0,0,0,0,0,0,0,100,100,0,0,0,0,0,100,100,0,0.000000,0,8032,0.000000,0,0,0,0,108,8,0,8,100,4132,232,0,0,0,0,108,0,0,0,0,413,9400
3607,W1,1,1,5,5,0,0,0,0,0,0,0,100,100,0,0,0,0,0,100,100,0,0.000000,0,8032,0.000000,0,0,0,0,108,8,0,8,100,4132,232,0,0,0,0,108,0,0,0,0,313,9400
3608,W1,1,1,5,5,0,0,0,0,0,0,0,100,100,0,0,0,0,0,100,100,0,0.000000,0,8032,0.000000,0,0,0,0,108,8,0,8,100,4132,232,0,0,0,0,108,0,0,0,0,315,9400
3609,W1,1,1,5,5,0,0,0,0,0,0,0,100,100,0,0,0,0,0,100,100,0,0.000000,0,8032,0.000000,0,0,0,0,108,8,0,8,100,4132,232,0,0,0,0,108,0,0,0,0,288,9400
3610,W1,1,1,5,5,0,0,0,0,0,0,0,100,100,0,0,0,0,0,100,100,0,0.000000,0,8032,0.000000,0,0,0,0,108,8,0,8,100,4132,232,0,0,0,0,108,0,0,0,0,296,9400
3611,W1,1,1,5,5,0,0,0,0,0,0,0,100,100,0,0,0,0,0,100,100,0,0.000000,0,8032,0.000000,0,0,0,0,108,8,0,8,100,4132,232,0,0,0,0,108,0,0,0,0,304,9400
3612,W1,1,1,5,5,0,0,0,0,0,0,0,100,100,0,0,0,0,0,100,100,0,0.000000,0,8032,0.000000,0,0,0,0,108,8,0,8,100,4132,232,0,0,0,0,108,0,0,0,0,295,9400
3613,W1,1,1,5,5,0,0,0,0,0,0,0,100,100,0,0,0,0,0,100,100,0,0.000000,0,8032,0.000000,0,0,0,0,108,8,0,8,100,4132,232,0,0,0,0,108,0,0,0,0,294,9400
3614,W1,1,1,5,5,0,0,0,0,0,0,0,100,100,100,0,0,0,0,100,100,100,100.000000,1600,8032,19.920319,10,10,10,10,108,8,0,8,100,4132,232,0,0,0,0,108,0,0,0,0,315,9400
3615,W1,1,1,5,5,0,0,0,0,0,0,0,100,100,0,0,0,0,0,100,100,0,0.000000,0,8032,0.000000,0,0,0,0,108,8,0,8,100,4132,232,0,0,0,0,108,0,0,0,0,291,9400
3616,W1,1,1,5,5,0,0,0,0,0,0,0,100,100,0,0,0,0,0,100,100,0,0.000000,0,8032,0.000000,0,0,0,0,108,8,0,8,100,4132,232,0,0,0,0,108,0,0,0,0,292,9400
3617,W1,1,1,5,5,0,0,0,0,0,0,0,100,100,0,0,0,0,0,100,100,0,0.000000,0,8032,0.000000,0,0,0,0,108,8,0,8,100,4132,232,0,0,0,0,108,0,0,0,0,287,9400
3618,W1,1,1,5,5,0,0,0,0,0,0,0,100,100,0,0,0,0,0,100,100,0,0.000000,0,8032,0.000000,0,0,0,0,108,8,0,8,100,4132,232,0,0,0,0,108,0,0,0,0,323,9400
3619,W1,1,1,5,5,0,0,0,0,0,0,0,100,100,0,0,0,0,0,100,100,0,0.000000,0,8032,0.000000,0,0,0,0,108,8,0,8,100,4132,232,0,0,0,0,108,0,0,0,0,300,9400
3620,W1,1,1,5,5,0,0,0,0,0,0,0,100,100,0,0,0,0,0,100,100,0,0.000000,0,8032,0.000000,0,0,0,0,108,8,0,8,100,4132,232,0,0,0,0,108,0,0,0,0,299,9400
3621,W1,1,1,5,5,0,0,0,0,0,0,0,100,100,0,0,0,0,0,100,100,0,0.000000,0,8032,0.000000,0,0,0,0,108,8,0,8,100,4132,232,0,0,0,0,108,0,0,0,0,329,9400
3622,W1,1,1,5,5,0,0,0,0,0,0,0,100,100,0,0,0,0,0,100,100,0,0.000000,0,8032,0.000000,0,0,0,0,108,8,0,8,100,4132,232,0,0,0,0,108,0,0,0,0,283,9400
3623,W1,1,1,5,5,0,0,0,0,0,0,0,100,100,100,0,0,0,0,100,100,100,100.000000,1600,8032,19.920319,10,10,10,10,108,8,0,8,100,4132,232,0,0,0,0,108,0,0,0,0,300,9400
3624,W1,1,1,5,5,0,0,0,0,0,0,0,100,100,0,0,0,0,0,100,100,0,0.000000,0,8032,0.000000,0,0,0,0,108,8,0,8,100,4132,232,0,0,0,0,108,0,0,0,0,278,9400
3625,W1,1,1,5,5,0,0,0,0,0,0,0,100,100,0,0,0,0,0,100,100,0,0.000000,0,8032,0.000000,0,0,0,0,108,8,0,8,100,4132,232,0,0,0,0,108,0,0,0,0,274,9400
3626,W1,1,1,5,5,0,0,0,0,0,0,0,100,100,0,0,0,0,0,100,100,0,0.000000,0,8032,0.000000,0,0,0,0,108,8,0,8,100,4132,232,0,0,0,0,108,0,0,0,0,287,9400
3627,W1,1,1,5,5,0,0,0,0,0,0,0,100,100,0,0,0,0,0,100,100,0,0.000000,0,8032,0.000000,0,0,0,0,108,8,0,8,100,4132,232,0,0,0,0,108,0,0,0,0,297,9400
3628,W1,1,1,5,5,0,0,0,0,0,0,0,100,100,0,0,0,0,0,100,100,0,0.000000,0,8032,0.000000,0,0,0,0,108,8,0,8,100,4132,232,0,0,0,0,108,0,0,0,0,318,9400
3629,W1,1,1,5,5,0,0,0,0,0,0,0,100,100,0,0,0,0,0,100,100,0,0.000000,0,8032,0.000000,0,0,0,0,108,8,0,8,100,4132,232,0,0,0,0,108,0,0,0,0,309,9400
3630,W1,1,1,5,5,0,0,0,0,0,0,0,100,100,0,0,0,0,0,100,100,0,0.000000,0,8032,0.000000,0,0,0,0,108,8,0,8,100,4132,232,0,0,0,0,108,0,0,0,0,291,9400
3631,W1,1,1,5,5,0,0,0,0,0,0,0,100,100,0,0,0,0,0,100,100,0,0.000000,0,8032,0.000000,0,0,0,0,108,8,0,8,100,4132,232,0,0,0,0,108,0,0,0,0,304,9400
3632,W1,1,1,5,5,0,0,0,0,0,0,0,100,100,100,0,0,0,0,100,100,100,100.000000,1600,8032,19.920319,10,10,10,10,108,8,0,8,100,4132,232,0,0,0,0,108,0,0,0,0,294,9400
3633,W1,1,1,5,5,0,0,0,0,0,0,0,100,100,0,0,0,0,0,100,100,0,0.000000,0,8032,0.000000,0,0,0,0,108,8,0,8,100,4132,232,0,0,0,0,108,0,0,0,0,282,9400
3634,W1,1,1,5,5,0,0,0,0,0,0,0,100,100,0,0,0,0,0,100,100,0,0.000000,0,8032,0.000000,0,0,0,0,108,8,0,8,100,4132,232,0,0,0,0,108,0,0,0,0,317,9400
3635,W1,1,1,5,5,0,0,0,0,0,0,0,100,100,0,0,0,0,0,100,100,0,0.000000,0,8032,0.000000,0,0,0,0,108,8,0,8,100,4132,232,0,0,0,0,108,0,0,0,0,343,9400
3636,W1,1,1,5,5,0,0,0,0,0,0,0,100,100,0,0,0,0,0,100,100,0,0.000000,0,8032,0.000000,0,0,0,0,108,8,0,8,100,4132,232,0,0,0,0,108,0,0,0,0,307,9400
3637,W1,1,1,5,5,0,0,0,0,0,0,0,100,100,0,0,0,0,0,100,100,0,0.000000,0,8032,0.000000,0,0,0,0,108,8,0,8,100,4132,232,0,0,0,0,108,0,0,0,0,292,9400
3638,W1,1,1,5,5,0,0,0,0,0,0,0,100,100,0,0,0,0,0,100,100,0,0.000000,0,8032,0.000000,0,0,0,0,108,8,0,8,100,4132,232,0,0,0,0,108,0,0,0,0,322,9400
3639,W1,1,1,5,5,0,0,0,0,0,0,0,100,100,0,0,0,0,0,100,100,0,0.000000,0,8032,0.000000,0,0,0,0,108,8,0,8,100,4132,232,0,0,0,0,108,0,0,0,0,297,9400
3640,W1,1,1,5,5,0,0,0,0,0,0,0,100,100,0,0,0,0,0,100,100,0,0.000000,0,8032,0.000000,0,0,0,0,108,8,0,8,100,4132,232,0,0,0,0,108,0,0,0,0,307,9400
3641,W1,1,1,5,5,0,0,0,0,0,0,0,100,100,100,0,0,0,0,100,100,100,100.000000,1600,8032,19.920319,10,10,10,10,108,8,0,8,100,4132,232,0,0,0,0,108,0,0,0,0,303,9400
3642,W1,1,1,5,5,0,0,0,0,0,0,0,100,100,0,0,0,0,0,100,100,0,0.000000,0,8032,0.000000,0,0,0,0,108,8,0,8,100,4132,232,0,0,0,0,108,0,0,0,0,336,9400
3643,W1,1,1,5,5,0,0,0,0,0,0,0,100,100,0,0,0,0,0,100,100,0,0.000000,0,8032,0.000000,0,0,0,0,108,8,0,8,100,4132,232,0,0,0,0,108,0,0,0,0,311,9400
3644,W1,1,1,5,5,0,0,0,0,0,0,0,100,100,0,0,0,0,0,100,100,0,0.000000,0,8032,0.000000,0,0,0,0,108,8,0,8,100,4132,232,0,0,0,0,108,0,0,0,0,294,9400
3645,W1,1,1,5,5,0,0,0,0,0,0,0,100,100,0,0,0,0,0,100,100,0,0.000000,0,8032,0.000000,0,0,0,0,108,8,0,8,100,4132,232,0,0,0,0,108,0,0,0,0,282,9400
3646,W1,1,1,5,5,0,0,0,0,0,0,0,100,100,0,0,0,0,0,100,100,0,0.000000,0,8032,0.000000,0,0,0,0,108,8,0,8,100,4132,232,0,0,0,0,108,0,0,0,0,300,9400
3647,W1,1,1,5,5,0,0,0,0,0,0,0,100,100,0,0,0,0,0,100,100,0,0.000000,0,8032,0.000000,0,0,0,0,108,8,0,8,100,4132,232,0,0,0,0,108,0,0,0,0,280,9400
3648,W1,1,1,5,5,0,0,0,0,0,0,0,100,100,0,0,0,0,0,100,100,0,0.000000,0,8032,0.000000,0,0,0,0,108,8,0,8,100,4132,232,0,0,0,0,108,0,0,0,0,302,9400
3649,W1,1,1,5,5,0,0,0,0,0,0,0,100,100,0,0,0,0,0,100,100,0,0.000000,0,8032,0.000000,0,0,0,0,108,8,0,8,100,4132,232,0,0,0,0,108,0,0,0,0,313,9400
3650,W1,1,1,5,5,0,0,0,0,0,0,0,100,100,100,0,0,0,0,100,100,100,100.000000,1600,8032,19.920319,10,10,10,10,108,8,0,8,100,4132,232,0,0,0,0,108,0,0,0,0,297,9400
3651,W1,1,1,5,5,0,0,0,0,0,0,0,100,100,0,0,0,0,0,100,100,0,0.000000,0,8032,0.000000,0,0,0,0,108,8,0,8,100,4132,232,0,0,0,0,108,0,0,0,0,336,9400
3652,W1,1,1,5,5,0,0,0,0,0,0,0,100,100,0,0,0,0,0,100,100,0,0.000000,0,8032,0.000000,0,0,0,0,108,8,0,8,100,4132,232,0,0,0,0,108,0,0,0,0,323,9400
3653,W1,1,1,5,5,0,0,0,0,0,0,0,100,100,0,0,0,0,0,100,100,0,0.000000,0,8032,0.000000,0,0,0,0,108,8,0,8,100,4132,232,0,0,0,0,108,0,0,0,0,288,9400
3654,W1,1,1,5,5,0,0,0,0,0,0,0,100,100,0,0,0,0,0,100,100,0,0.000000,0,8032,0.000000,0,0,0,0,108,8,0,8,100,4132,232,0,0,0,0,108,0,0,0,0,297,9400
3655,W1,1,1,5,5,0,0,0,0,0,0,0,100,100,0,0,0,0,0,100,100,0,0.000000,0,8032,0.000000,0,0,0,0,108,8,0,8,100,4132,232,0,0,0,0,108,0,0,0,0,325,9400
3656,W1,1,1,5,5,0,0,0,0,0,0,0,100,100,0,0,0,0,0,100,100,0,0.000000,0,8032,0.000000,0,0,0,0,108,8,0,8,100,4132,232,0,0,0,0,108,0,0,0,0,326,9400
3657,W1,1,1,5,5,0,0,0,0,0,0,0,100,100,0,0,0,0,0,100,100,0,0.000000,0,8032,0.000000,0,0,0,0,108,8,0,8,100,4132,232,0,0,0,0,108,0,0,0,0,272,9400
3658,W1,1,1,5,5,0,0,0,0,0,0,0,100,100,0,0,0,0,0,100,100,0,0.000000,0,8032,0.000000,0,0,0,0,108,8,0,8,100,4132,232,0,0,0,0,108,0,0,0,0,302,9400
3659,W1,1,1,5,5,0,0,0,0,0,0,0,100,100,100,0,0,0,0,100,100,100,100.000000,1600,8032,19.920319,10,10,10,10,108,8,0,8,100,4132,232,0,0,0,0,108,0,0,0,0,294,9400
3660,W1,1,1,5,5,0,0,0,0,0,0,0,100,100,0,0,0,0,0,100,100,0,0.000000,0,8032,0.000000,0,0,0,0,108,8,0,8,100,4132,232,0,0,0,0,108,0,0,0,0,279,9400
3661,W1,1,1,5,5,0,0,0,0,0,0,0,100,100,0,0,0,0,0,100,100,0,0.000000,0,8032,0.000000,0,0,0,0,108,8,0,8,100,4132,232,0,0,0,0,108,0,0,0,0,277,9400
3662,W1,1,1,5,5,0,0,0,0,0,0,0,100,100,0,0,0,0,0,100,100,0,0.000000,0,8032,0.000000,0,0,0,0,108,8,0,8,100,4132,232,0,0,0,0,108,0,0,0,0,312,9400
3663,W1,1,1,5,5,0,0,0,0,0,0,0,100,100,0,0,0,0,0,100,100,0,0.000000,0,8032,0.000000,0,0,0,0,108,8,0,8,100,4132,232,0,0,0,0,108,0,0,0,0,318,9400
3664,W1,1,1,5,5,0,0,0,0,0,0,0,100,100,0,0,0,0,0,100,100,0,0.000000,0,8032,0.000000,0,0,0,0,108,8,0,8,100,4132,232,0,0,0,0,108,0,0,0,0,319,9400
3665,W1,1,1,5,5,0,0,0,0,0,0,0,100,100,0,0,0,0,0,100,100,0,0.000000,0,8032,0.000000,0,0,0,0,108,8,0,8,100,4132,232,0,0,0,0,108,0,0,0,0,311,9400
3666,W1,1,1,5,5,0,0,0,0,0,0,0,100,100,0,0,0,0,0,100,100,0,0.000000,0,8032,0.000000,0,0,0,0,108,8,0,8,100,4132,232,0,0,0,0,108,0,0,0,0,293,9400
3667,W1,1,1,5,5,0,0,0,0,0,0,0,100,100,0,0,0,0,0,100,100,0,0.000000,0,8032,0.000000,0,0,0,0,108,8,0,8,100,4132,232,0,0,0,0,108,0,0,0,0,300,9400
3668,W1,1,1,5,5,0,0,0,0,0,0,0,100,100,100,0,0,0,0,100,100,100,100.000000,1600,8032,19.920319,10,10,10,10,108,8,0,8,100,4132,232,0,0,0,0,108,0,0,0,0,305,9400
3669,W1,1,1,5,5,0,0,0,0,0,0,0,100,100,0,0,0,0,0,100,100,0,0.000000,0,8032,0.000000,0,0,0,0,108,8,0,8,100,4132,232,0,0,0,0,108,0,0,0,0,332,9400
3670,W1,1,1,5,5,0,0,0,0,0,0,0,100,100,0,0,0,0,0,100,100,0,0.000000,0,8032,0.000000,0,0,0,0,108,8,0,8,100,4132,232,0,0,0,0,108,0,0,0,0,294,9400
3671,W1,1,1,5,5,0,0,0,0,0,0,0,100,100,0,0,0,0,0,100,100,0,0.000000,0,8032,0.000000,0,0,0,0,108,8,0,8,100,4132,232,0,0,0,0,108,0,0,0,0,299,9400
3672,W1,1,1,5,5,0,0,0,0,0,0,0,100,100,0,0,0,0,0,100,100,0,0.000000,0,8032,0.000000,0,0,0,0,108,8,0,8,100,4132,232,0,0,0,0,108,0,0,0,0,297,9400
3673,W1,1,1,5,5,0,0,0,0,0,0,0,100,100,0,0,0,0,0,100,100,0,0.000000,0,8032,0.000000,0,0,0,0,108,8,0,8,100,4132,232,0,0,0,0,108,0,0,0,0,289,9400
3674,W1,1,1,5,5,0,0,0,0,0,0,0,100,100,0,0,0,0,0,100,100,0,0.000000,0,8032,0.000000,0,0,0,0,108,8,0,8,100,4132,232,0,0,0,0,108,0,0,0,0,293,9400
3675,W1,1,1,5,5,0,0,0,0,0,0,0,100,100,0,0,0,0,0,100,100,0,0.000000,0,8032,0.000000,0,0,0,0,108,8,0,8,100,4132,232,0,0,0,0,108,0,0,0,0,288,9400
3676,W1,1,1,5,5,0,0,0,0,0,0,0,100,100,0,0,0,0,0,100,100,0,0.000000,0,8032,0.000000,0,0,0,0,108,8,0,8,100,4132,232,0,0,0,0,108,0,0,0,0,296,9400
3677,W1,1,1,5,5,0,0,0,0,0,0,0,100,100,100,0,0,0,0,100,100,100,100.000000,1600,8032,19.920319,10,10,10,10,108,8,0,8,100,4132,232,0,0,0,0,108,0,0,0,0,295,9400
3678,W1,1,1,5,5,0,0,0,0,0,0,0,100,100,0,0,0,0,0,100,100,0,0.000000,0,8032,0.000000,0,0,0,0,108,8,0,8,100,4132,232,0,0,0,0,108,0,0,0,0,312,9400
3679,W1,1,1,5,5,0,0,0,0,0,0,0,100,100,0,0,0,0,0,100,100,0,0.000000,0,8032,0.000000,0,0,0,0,108,8,0,8,100,4132,232,0,0,0,0,108,0,0,0,0,302,9400
3680,W1,1,1,5,5,0,0,0,0,0,0,0,100,100,0,0,0,0,0,100,100,0,0.000000,0,8032,0.000000,0,0,0,0,108,8,0,8,100,4132,232,0,0,0,0,108,0,0,0,0,301,9400
3681,W1,1,1,5,5,0,0,0,0,0,0,0,100,100,0,0,0,0,0,100,100,0,0.000000,0,8032,0.000000,0,0,0,0,108,8,0,8,100,4132,232,0,0,0,0,108,0,0,0,0,324,9400
3682,W1,1,1,5,5,0,0,0,0,0,0,0,100,100,0,0,0,0,0,100,100,0,0.000000,0,8032,0.000000,0,0,0,0,108,8,0,8,100,4132,232,0,0,0,0,108,0,0,0,0,293,9400
3683,W1,1,1,5,5,0,0,0,0,0,0,0,100,100,0,0,0,0,0,100,100,0,0.000000,0,8032,0.000000,0,0,0,0,108,8,0,8,100,4132,232,0,0,0,0,108,0,0,0,0,282,9400
3684,W1,1,1,5,5,0,0,0,0,0,0,0,100,100,0,0,0,0,0,100,100,0,0.000000,0,8032,0.000000,0,0,0,0,108,8,0,8,100,4132,232,0,0,0,0,108,0,0,0,0,293,9400
3685,W1,1,1,5,5,0,0,0,0,0,0,0,100,100,0,0,0,0,0,100,100,0,0.000000,0,8032,0.000000,0,0,0,0,108,8,0,8,100,4132,232,0,0,0,0,108,0,0,0,0,279,9400
3686,W1,1,1,5,5,0,0,0,0,0,0,0,100,100,100,0,0,0,0,100,100,100,100.000000,1600,8032,19.920319,10,10,10,10,108,8,0,8,100,4132,232,0,0,0,0,108,0,0,0,0,292,9400
3687,W1,1,1,5,5,0,0,0,0,0,0,0,100,100,0,0,0,0,0,100,100,0,0.000000,0,8032,0.000000,0,0,0,0,108,8,0,8,100,4132,232,0,0,0,0,108,0,0,0,0,272,9400
3688,W1,1,1,5,5,0,0,0,0,0,0,0,100,100,0,0,0,0,0,100,100,0,0.000000,0,8032,0.000000,0,0,0,0,108,8,0,8,100,4132,232,0,0,0,0,108,0,0,0,0,303,9400
3689,W1,1,1,5,5,0,0,0,0,0,0,0,100,100,0,0,0,0,0,100,100,0,0.000000,0,8032,0.000000,0,0,0,0,108,8,0,8,100,4132,232,0,0,0,0,108,0,0,0,0,273,9400
3690,W1,1,1,5,5,0,0,0,0,0,0,0,100,100,0,0,0,0,0,100,100,0,0.000000,0,8032,0.000000,0,0,0,0,108,8,0,8,100,4132,232,0,0,0,0,108,0,0,0,0,274,9400
3691,W1,1,1,5,5,0,0,0,0,0,0,0,100,100,0,0,0,0,0,100,100,0,0.000000,0,8032,0.000000,0,0,0,0,108,8,0,8,100,4132,232,0,0,0,0,108,0,0,0,0,303,9400
3692,W1,1,1,5,5,0,0,0,0,0,0,0,100,100,0,0,0,0,0,100,100,0,0.000000,0,8032,0.000000,0,0,0,0,108,8,0,8,100,4132,232,0,0,0,0,108,0,0,0,0,308,9400
3693,W1,1,1,5,5,0,0,0,0,0,0,0,100,100,0,0,0,0,0,100,100,0,0.000000,0,8032,0.000000,0,0,0,0,108,8,0,8,100,4132,232,0,0,0,0,108,0,0,0,0,302,9400
3694,W1,1,1,5,5,0,0,0,0,0,0,0,100,100,0,0,0,0,0,100,100,0,0.000000,0,8032,0.000000,0,0,0,0,108,8,0,8,100,4132,232,0,0,0,0,108,0,0,0,0,313,9400
3695,W1,1,1,5,5,0,0,0,0,0,0,0,100,100,100,0,0,0,0,100,100,100,100.000000,1600,8032,19.920319,10,10,10,10,108,8,0,8,100,4132,232,0,0,0,0,108,0,0,0,0,296,9400
3696,W1,1,1,5,5,0,0,0,0,0,0,0,100,100,0,0,0,0,0,100,100,0,0.000000,0,8032,0.000000,0,0,0,0,108,8,0,8,100,4132,232,0,0,0,0,108,0,0,0,0,297,9400
3697,W1,1,1,5,5,0,0,0,0,0,0,0,100,100,0,0,0,0,0,100,100,0,0.000000,0,8032,0.000000,0,0,0,0,108,8,0,8,100,4132,232,0,0,0,0,108,0,0,0,0,281,9400
3698,W1,1,1,5,5,0,0,0,0,0,0,0,100,100,0,0,0,0,0,100,100,0,0.000000,0,8032,0.000000,0,0,0,0,108,8,0,8,100,4132,232,0,0,0,0,108,0,0,0,0,296,9400
3699,W1,1,1,5,5,0,0,0,0,0,0,0,100,100,0,0,0,0,0,100,100,0,0.000000,0,8032,0.000000,0,0,0,0,108,8,0,8,100,4132,232,0,0,0,0,108,0,0,0,0,288,9400
3700,W1,1,1,5,5,0,0,0,0,0,0,0,100,100,0,0,0,0,0,100,100,0,0.000000,0,8032,0.000000,0,0,0,0,108,8,0,8,100,4132,232,0,0,0,0,108,0,0,0,0,294,9400
3701,W1,1,1,5,5,0,0,0,0,0,0,0,100,100,0,0,0,0,0,100,100,0,0.000000,0,8032,0.000000,0,0,0,0,108,8,0,8,100,4132,232,0,0,0,0,108,0,0,0,0,282,9400
3702,W1,1,1,5,5,0,0,0,0,0,0,0,100,100,0,0,0,0,0,100,100,0,0.000000,0,8032,0.000000,0,0,0,0,108,8,0,8,100,4132,232,0,0,0,0,108,0,0,0,0,283,9400
3703,W1,1,1,5,5,0,0,0,0,0,0,0,100,100,0,0,0,0,0,100,100,0,0.000000,0,8032,0.000000,0,0,0,0,108,8,0,8,100,4132,232,0,0,0,0,108,0,0,0,0,292,9400
3704,W1,1,1,5,5,0,0,0,0,0,0,0,100,100,100,0,0,0,0,100,100,100,100.000000,1600,8032,19.920319,10,10,10,10,108,8,0,8,100,4132,232,0,0,0,0,108,0,0,0,0,356,9400
3705,W1,1,1,5,5,0,0,0,0,0,0,0,100,100,0,0,0,0,0,100,100,0,0.000000,0,8032,0.000000,0,0,0,0,108,8,0,8,100,4132,232,0,0,0,0,108,0,0,0,0,293,9400
3706,W1,1,1,5,5,0,0,0,0,0,0,0,100,100,0,0,0,0,0,100,100,0,0.000000,0,8032,0.000000,0,0,0,0,108,8,0,8,100,4132,232,0,0,0,0,108,0,0,0,0,270,9400
3707,W1,1,1,5,5,0,0,0,0,0,0,0,100,100,0,0,0,0,0,100,100,0,0.000000,0,8032,0.000000,0,0,0,0,108,8,0,8,100,4132,232,0,0,0,0,108,0,0,0,0,304,9400
3708,W1,1,1,5,5,0,0,0,0,0,0,0,100,100,0,0,0,0,0,100,100,0,0.000000,0,8032,0.000000,0,0,0,0,108,8,0,8,100,4132,232,0,0,0,0,108,0,0,0,0,282,9400
3709,W1,1,1,5,5,0,0,0,0,0,0,0,100,100,0,0,0,0,0,100,100,0,0.000000,0,8032,0.000000,0,0,0,0,108,8,0,8,100,4132,232,0,0,0,0,108,0,0,0,0,279,9400
3710,W1,1,1,5,5,0,0,0,0,0,0,0,100,100,0,0,0,0,0,100,100,0,0.000000,0,8032,0.000000,0,0,0,0,108,8,0,8,100,4132,232,0,0,0,0,108,0,0,0,0,308,9400
3711,W1,1,1,5,5,0,0,0,0,0,0,0,100,100,0,0,0,0,0,100,100,0,0.000000,0,8032,0.000000,0,0,0,0,108,8,0,8,100,4132,232,0,0,0,0,108,0,0,0,0,270,9400
3712,W1,1,1,5,5,0,0,0,0,0,0,0,100,100,0,0,0,0,0,100,100,0,0.000000,0,8032,0.000000,0,0,0,0,108,8,0,8,100,4132,232,0,0,0,0,108,0,0,0,0,310,9400
3713,W1,1,1,5,5,0,0,0,0,0,0,0,100,100,100,0,0,0,0,100,100,100,100.000000,1600,8032,19.920319,10,10,10,10,108,8,0,8,100,4132,232,0,0,0,0,108,0,0,0,0,278,9400
3714,W1,1,1,5,5,0,0,0,0,0,0,0,100,100,0,0,0,0,0,100,100,0,0.000000,0,8032,0.000000,0,0,0,0,108,8,0,8,100,4132,232,0,0,0,0,108,0,0,0,0,289,9400
3715,W1,1,1,5,5,0,0,0,0,0,0,0,100,100,0,0,0,0,0,100,100,0,0.000000,0,8032,0.000000,0,0,0,0,108,8,0,8,100,4132,232,0,0,0,0,108,0,0,0,0,276,9400
3716,W1,1,1,5,5,0,0,0,0,0,0,0,100,100,0,0,0,0,0,100,100,0,0.000000,0,8032,0.000000,0,0,0,0,108,8,0,8,100,4132,232,0,0,0,0,108,0,0,0,0,283,9400
3717,W1,1,1,5,5,0,0,0,0,0,0,0,100,100,0,0,0,0,0,100,100,0,0.000000,0,8032,0.000000,0,0,0,0,108,8,0,8,100,4132,232,0,0,0,0,108,0,0,0,0,309,9400
3718,W1,1,1,5,5,0,0,0,0,0,0,0,100,100,0,0,0,0,0,100,100,0,0.000000,0,8032,0.000000,0,0,0,0,108,8,0,8,100,4132,232,0,0,0,0,108,0,0,0,0,319,9400
3719,W1,1,1,5,5,0,0,0,0,0,0,0,100,100,0,0,0,0,0,100,100,0,0.000000,0,8032,0.000000,0,0,0,0,108,8,0,8,100,4132,232,0,0,0,0,108,0,0,0,0,296,9400
3720,W1,1,1,5,5,0,0,0,0,0,0,0,100,100,0,0,0,0,0,100,100,0,0.000000,0,8032,0.000000,0,0,0,0,108,8,0,8,100,4132,232,0,0,0,0,108,0,0,0,0,289,9400
3721,W1,1,1,5,5,0,0,0,0,0,0,0,100,100,0,0,0,0,0,100,100,0,0.000000,0,8032,0.000000,0,0,0,0,108,8,0,8,100,4132,232,0,0,0,0,108,0,0,0,0,275,9400
3722,W1,1,1,5,5,0,0,0,0,0,0,0,100,100,100,0,0,0,0,100,100,100,100.000000,1600,8032,19.920319,10,10,10,10,108,8,0,8,100,4132,232,0,0,0,0,108,0,0,0,0,300,9400
3723,W1,1,1,5,5,0,0,0,0,0,0,0,100,100,0,0,0,0,0,100,100,0,0.000000,0,8032,0.000000,0,0,0,0,108,8,0,8,100,4132,232,0,0,0,0,108,0,0,0,0,288,9400
3724,W1,1,1,5,5,0,0,0,0,0,0,0,100,100,0,0,0,0,0,100,100,0,0.000000,0,8032,0.000000,0,0,0,0,108,8,0,8,100,4132,232,0,0,0,0,108,0,0,0,0,299,9400
3725,W1,1,1,5,5,0,0,0,0,0,0,0,100,100,0,0,0,0,0,100,100,0,0.000000,0,8032,0.000000,0,0,0,0,108,8,0,8,100,4132,232,0,0,0,0,108,0,0,0,0,337,9400
3726,W1,1,1,5,5,0,0,0,0,0,0,0,100,100,0,0,0,0,0,100,100,0,0.000000,0,8032,0.000000,0,0,0,0,108,8,0,8,100,4132,232,0,0,0,0,108,0,0,0,0,298,9400
3727,W1,1,1,5,5,0,0,0,0,0,0,0,100,100,0,0,0,0,0,100,100,0,0.000000,0,8032,0.000000,0,0,0,0,108,8,0,8,100,4132,232,0,0,0,0,108,0,0,0,0,295,9400
3728,W1,1,1,5,5,0,0,0,0,0,0,0,100,100,0,0,0,0,0,100,100,0,0.000000,0,8032,0.000000,0,0,0,0,108,8,0,8,100,4132,232,0,0,0,0,108,0,0,0,0,306,9400
3729,W1,1,1,5,5,0,0,0,0,0,0,0,100,100,0,0,0,0,0,100,100,0,0.000000,0,8032,0.000000,0,0,0,0,108,8,0,8,100,4132,232,0,0,0,0,108,0,0,0,0,290,9400
3730,W1,1,1,5,5,0,0,0,0,0,0,0,100,100,0,0,0,0,0,100,100,0,0.000000,0,8032,0.000000,0,0,0,0,108,8,0,8,100,4132,232,0,0,0,0,108,0,0,0,0,292,9400
3731,W1,1,1,5,5,0,0,0,0,0,0,0,100,100,100,0,0,0,0,100,100,100,100.000000,1600,8032,19.920319,10,10,10,10,108,8,0,8,100,4132,232,0,0,0,0,108,0,0,0,0,344,9400
3732,W1,1,1,5,5,0,0,0,0,0,0,0,100,100,0,0,0,0,0,100,100,0,0.000000,0,8032,0.000000,0,0,0,0,108,8,0,8,100,4132,232,0,0,0,0,108,0,0,0,0,288,9400
3733,W1,1,1,5,5,0,0,0,0,0,0,0,100,100,0,0,0,0,0,100,100,0,0.000000,0,8032,0.000000,0,0,0,0,108,8,0,8,100,4132,232,0,0,0,0,108,0,0,0,0,289,9400
3734,W1,1,1,5,5,0,0,0,0,0,0,0,100,100,0,0,0,0,0,100,100,0,0.000000,0,8032,0.000000,0,0,0,0,108,8,0,8,100,4132,232,0,0,0,0,108,0,0,0,0,309,9400
3735,W1,1,1,5,5,0,0,0,0,0,0,0,100,100,0,0,0,0,0,100,100,0,0.000000,0,8032,0.000000,0,0,0,0,108,8,0,8,100,4132,232,0,0,0,0,108,0,0,0,0,303,9400
3736,W1,1,1,5,5,0,0,0,0,0,0,0,100,100,0,0,0,0,0,100,100,0,0.000000,0,8032,0.000000,0,0,0,0,108,8,0,8,100,4132,232,0,0,0,0,108,0,0,0,0,289,9400
3737,W1,1,1,5,5,0,0,0,0,0,0,0,100,100,0,0,0,0,0,100,100,0,0.000000,0,8032,0.000000,0,0,0,0,108,8,0,8,100,4132,232,0,0,0,0,108,0,0,0,0,296,9400
3738,W1,1,1,5,5,0,0,0,0,0,0,0,100,100,0,0,0,0,0,100,100,0,0.000000,0,8032,0.000000,0,0,0,0,108,8,0,8,100,4132,232,0,0,0,0,108,0,0,0,0,284,9400
3739,W1,1,1,5,5,0,0,0,0,0,0,0,100,100,0,0,0,0,0,100,100,0,0.000000,0,8032,0.000000,0,0,0,0,108,8,0,8,100,4132,232,0,0,0,0,108,0,0,0,0,284,9400
3740,W1,1,1,5,5,0,0,0,0,0,0,0,100,100,100,0,0,0,0,100,100,100,100.000000,1600,8032,19.920319,10,10,10,10,108,8,0,8,100,4132,232,0,0,0,0,108,0,0,0,0,283,9400
3741,W1,1,1,5,5,0,0,0,0,0,0,0,100,100,0,0,0,0,0,100,100,0,0.000000,0,8032,0.000000,0,0,0,0,108,8,0,8,100,4132,232,0,0,0,0,108,0,0,0,0,284,9400
3742,W1,1,1,5,5,0,0,0,0,0,0,0,100,100,0,0,0,0,0,100,100,0,0.000000,0,8032,0.000000,0,0,0,0,108,8,0,8,100,4132,232,0,0,0,0,108,0,0,0,0,269,9400
3743,W1,1,1,5,5,0,0,0,0,0,0,0,100,100,0,0,0,0,0,100,100,0,0.000000,0,8032,0.000000,0,0,0,0,108,8,0,8,100,4132,232,0,0,0,0,108,0,0,0,0,268,9400
3744,W1,1,1,5,5,0,0,0,0,0,0,0,100,100,0,0,0,0,0,100,100,0,0.000000,0,8032,0.000000,0,0,0,0,108,8,0,8,100,4132,232,0,0,0,0,108,0,0,0,0,285,9400
3745,W1,1,1,5,5,0,0,0,0,0,0,0,100,100,0,0,0,0,0,100,100,0,0.000000,0,8032,0.000000,0,0,0,0,108,8,0,8,100,4132,232,0,0,0,0,108,0,0,0,0,269,9400
3746,W1,1,1,5,5,0,0,0,0,0,0,0,100,100,0,0,0,0,0,100,100,0,0.000000,0,8032,0.000000,0,0,0,0,108,8,0,8,100,4132,232,0,0,0,0,108,0,0,0,0,294,9400
3747,W1,1,1,5,5,0,0,0,0,0,0,0,100,100,0,0,0,0,0,100,100,0,0.000000,0,8032,0.000000,0,0,0,0,108,8,0,8,100,4132,232,0,0,0,0,108,0,0,0,0,272,9400
3748,W1,1,1,5,5,0,0,0,0,0,0,0,100,100,0,0,0,0,0,100,100,0,0.000000,0,8032,0.000000,0,0,0,0,108,8,0,8,100,4132,232,0,0,0,0,108,0,0,0,0,306,9400
3749,W1,1,1,5,5,0,0,0,0,0,0,0,100,100,100,0,0,0,0,100,100,100,100.000000,1600,8032,19.920319,10,10,10,10,108,8,0,8,100,4132,232,0,0,0,0,108,0,0,0,0,269,9400
3750,W1,1,1,5,5,0,0,0,0,0,0,0,100,100,0,0,0,0,0,100,100,0,0.000000,0,8032,0.000000,0,0,0,0,108,8,0,8,100,4132,232,0,0,0,0,108,0,0,0,0,277,9400
3751,W1,1,1,5,5,0,0,0,0,0,0,0,100,100,0,0,0,0,0,100,100,0,0.000000,0,8032,0.000000,0,0,0,0,108,8,0,8,100,4132,232,0,0,0,0,108,0,0,0,0,285,9400
3752,W1,1,1,5,5,0,0,0,0,0,0,0,100,100,0,0,0,0,0,100,100,0,0.000000,0,8032,0.000000,0,0,0,0,108,8,0,8,100,4132,232,0,0,0,0,108,0,0,0,0,287,9400
3753,W1,1,1,5,5,0,0,0,0,0,0,0,100,100,0,0,0,0,0,100,100,0,0.000000,0,8032,0.000000,0,0,0,0,108,8,0,8,100,4132,232,0,0,0,0,108,0,0,0,0,278,9400
3754,W1,1,1,5,5,0,0,0,0,0,0,0,100,100,0,0,0,0,0,100,100,0,0.000000,0,8032,0.000000,0,0,0,0,108,8,0,8,100,4132,232,0,0,0,0,108,0,0,0,0,272,9400
3755,W1,1,1,5,5,0,0,0,0,0,0,0,100,100,0,0,0,0,0,100,100,0,0.000000,0,8032,0.000000,0,0,0,0,108,8,0,8,100,4132,232,0,0,0,0,108,0,0,0,0,265,9400
3756,W1,1,1,5,5,0,0,0,0,0,0,0,100,100,0,0,0,0,0,100,100,0,0.000000,0,8032,0.000000,0,0,0,0,108,8,0,8,100,4132,232,0,0,0,0,108,0,0,0,0,263,9400
3757,W1,1,1,5,5,0,0,0,0,0,0,0,100,100,0,0,0,0,0,100,100,0,0.000000,0,8032,0.000000,0,0,0,0,108,8,0,8,100,4132,232,0,0,0,0,108,0,0,0,0,275,9400
3758,W1,1,1,5,5,0,0,0,0,0,0,0,100,100,100,0,0,0,0,100,100,100,100.000000,1600,8032,19.920319,10,10,10,10,108,8,0,8,100,4132,232,0,0,0,0,108,0,0,0,0,286,9400
3759,W1,1,1,5,5,0,0,0,0,0,0,0,100,100,0,0,0,0,0,100,100,0,0.000000,0,8032,0.000000,0,0,0,0,108,8,0,8,100,4132,232,0,0,0,0,108,0,0,0,0,288,9400
3760,W1,1,1,5,5,0,0,0,0,0,0,0,100,100,0,0,0,0,0,100,100,0,0.000000,0,8032,0.000000,0,0,0,0,108,8,0,8,100,4132,232,0,0,0,0,108,0,0,0,0,275,9400
3761,W1,1,1,5,5,0,0,0,0,0,0,0,100,100,0,0,0,0,0,100,100,0,0.000000,0,8032,0.000000,0,0,0,0,108,8,0,8,100,4132,232,0,0,0,0,108,0,0,0,0,273,9400
3762,W1,1,1,5,5,0,0,0,0,0,0,0,100,100,0,0,0,0,0,100,100,0,0.000000,0,8032,0.000000,0,0,0,0,108,8,0,8,100,4132,232,0,0,0,0,108,0,0,0,0,278,9400
3763,W1,1,1,5,5,0,0,0,0,0,0,0,100,100,0,0,0,0,0,100,100,0,0.000000,0,8032,0.000000,0,0,0,0,108,8,0,8,100,4132,232,0,0,0,0,108,0,0,0,0,278,9400
3764,W1,1,1,5,5,0,0,0,0,0,0,0,100,100,0,0,0,0,0,100,100,0,0.000000,0,8032,0.000000,0,0,0,0,108,8,0,8,100,4132,232,0,0,0,0,108,0,0,0,0,325,9400
3765,W1,1,1,5,5,0,0,0,0,0,0,0,100,100,0,0,0,0,0,100,100,0,0.000000,0,8032,0.000000,0,0,0,0,108,8,0,8,100,4132,232,0,0,0,0,108,0,0,0,0,302,9400
3766,W1,1,1,5,5,0,0,0,0,0,0,0,100,100,0,0,0,0,0,100,100,0,0.000000,0,8032,0.000000,0,0,0,0,108,8,0,8,100,4132,232,0,0,0,0,108,0,0,0,0,303,9400
3767,W1,1,1,5,5,0,0,0,0,0,0,0,100,100,100,0,0,0,0,100,100,100,100.000000,1600,8032,19.920319,10,10,10,10,108,8,0,8,100,4132,232,0,0,0,0,108,0,0,0,0,275,9400
3768,W1,1,1,5,5,0,0,0,0,0,0,0,100,100,0,0,0,0,0,100,100,0,0.000000,0,8032,0.000000,0,0,0,0,108,8,0,8,100,4132,232,0,0,0,0,108,0,0,0,0,289,9400
3769,W1,1,1,5,5,0,0,0,0,0,0,0,100,100,0,0,0,0,0,100,100,0,0.000000,0,8032,0.000000,0,0,0,0,108,8,0,8,100,4132,232,0,0,0,0,108,0,0,0,0,285,9400
3770,W1,1,1,5,5,0,0,0,0,0,0,0,100,100,0,0,0,0,0,100,100,0,0.000000,0,8032,0.000000,0,0,0,0,108,8,0,8,100,4132,232,0,0,0,0,108,0,0,0,0,309,9400
3771,W1,1,1,5,5,0,0,0,0,0,0,0,100,100,0,0,0,0,0,100,100,0,0.000000,0,8032,0.000000,0,0,0,0,108,8,0,8,100,4132,232,0,0,0,0,108,0,0,0,0,309,9400
3772,W1,1,1,5,5,0,0,0,0,0,0,0,100,100,0,0,0,0,0,100,100,0,0.000000,0,8032,0.000000,0,0,0,0,108,8,0,8,100,4132,232,0,0,0,0,108,0,0,0,0,279,9400
3773,W1,1,1,5,5,0,0,0,0,0,0,0,100,100,0,0,0,0,0,100,100,0,0.000000,0,8032,0.000000,0,0,0,0,108,8,0,8,100,4132,232,0,0,0,0,108,0,0,0,0,286,9400
3774,W1,1,1,5,5,0,0,0,0,0,0,0,100,100,0,0,0,0,0,100,100,0,0.000000,0,8032,0.000000,0,0,0,0,108,8,0,8,100,4132,232,0,0,0,0,108,0,0,0,0,287,9400
3775,W1,1,1,5,5,0,0,0,0,0,0,0,100,100,0,0,0,0,0,100,100,0,0.000000,0,8032,0.000000,0,0,0,0,108,8,0,8,100,4132,232,0,0,0,0,108,0,0,0,0,269,9400
3776,W1,1,1,5,5,0,0,0,0,0,0,0,100,100,100,0,0,0,0,100,100,100,100.000000,1600,8032,19.920319,10,10,10,10,108,8,0,8,100,4132,232,0,0,0,0,108,0,0,0,0,293,9400
3777,W1,1,1,5,5,0,0,0,0,0,0,0,100,100,0,0,0,0,0,100,100,0,0.000000,0,8032,0.000000,0,0,0,0,108,8,0,8,100,4132,232,0,0,0,0,108,0,0,0,0,269,9400
3778,W1,1,1,5,5,0,0,0,0,0,0,0,100,100,0,0,0,0,0,100,100,0,0.000000,0,8032,0.000000,0,0,0,0,108,8,0,8,100,4132,232,0,0,0,0,108,0,0,0,0,304,9400
3779,W1,1,1,5,5,0,0,0,0,0,0,0,100,100,0,0,0,0,0,100,100,0,0.000000,0,8032,0.000000,0,0,0,0,108,8,0,8,100,4132,232,0,0,0,0,108,0,0,0,0,270,9400
3780,W1,1,1,5,5,0,0,0,0,0,0,0,100,100,0,0,0,0,0,100,100,0,0.000000,0,8032,0.000000,0,0,0,0,108,8,0,8,100,4132,232,0,0,0,0,108,0,0,0,0,277,9400
3781,W1,1,1,5,5,0,0,0,0,0,0,0,100,100,0,0,0,0,0,100,100,0,0.000000,0,8032,0.000000,0,0,0,0,108,8,0,8,100,4132,232,0,0,0,0,108,0,0,0,0,269,9400
3782,W1,1,1,5,5,0,0,0,0,0,0,0,100,100,0,0,0,0,0,100,100,0,0.000000,0,8032,0.000000,0,0,0,0,108,8,0,8,100,4132,232,0,0,0,0,108,0,0,0,0,289,9400
3783,W1,1,1,5,5,0,0,0,0,0,0,0,100,100,0,0,0,0,0,100,100,0,0.000000,0,8032,0.000000,0,0,0,0,108,8,0,8,100,4132,232,0,0,0,0,108,0,0,0,0,284,9400
3784,W1,1,1,5,5,0,0,0,0,0,0,0,100,100,0,0,0,0,0,100,100,0,0.000000,0,8032,0.000000,0,0,0,0,108,8,0,8,100,4132,232,0,0,0,0,108,0,0,0,0,288,9400
3785,W1,1,1,5,5,0,0,0,0,0,0,0,100,100,100,0,0,0,0,100,100,100,100.000000,1600,8032,19.920319,10,10,10,10,108,8,0,8,100,4132,232,0,0,0,0,108,0,0,0,0,321,9400
3786,W1,1,1,5,5,0,0,0,0,0,0,0,100,100,0,0,0,0,0,100,100,0,0.000000,0,8032,0.000000,0,0,0,0,108,8,0,8,100,4132,232,0,0,0,0,108,0,0,0,0,283,9400
3787,W1,1,1,5,5,0,0,0,0,0,0,0,100,100,0,0,0,0,0,100,100,0,0.000000,0,8032,0.000000,0,0,0,0,108,8,0,8,100,4132,232,0,0,0,0,108,0,0,0,0,287,9400
3788,W1,1,1,5,5,0,0,0,0,0,0,0,100,100,0,0,0,0,0,100,100,0,0.000000,0,8032,0.000000,0,0,0,0,108,8,0,8,100,4132,232,0,0,0,0,108,0,0,0,0,307,9400
3789,W1,1,1,5,5,0,0,0,0,0,0,0,100,100,0,0,0,0,0,100,100,0,0.000000,0,8032,0.000000,0,0,0,0,108,8,0,8,100,4132,232,0,0,0,0,108,0,0,0,0,294,9400
3790,W1,1,1,5,5,0,0,0,0,0,0,0,100,100,0,0,0,0,0,100,100,0,0.000000,0,8032,0.000000,0,0,0,0,108,8,0,8,100,4132,232,0,0,0,0,108,0,0,0,0,322,9400
3791,W1,1,1,5,5,0,0,0,0,0,0,0,100,100,0,0,0,0,0,100,100,0,0.000000,0,8032,0.000000,0,0,0,0,108,8,0,8,100,4132,232,0,0,0,0,108,0,0,0,0,284,9400
3792,W1,1,1,5,5,0,0,0,0,0,0,0,100,100,0,0,0,0,0,100,100,0,0.000000,0,8032,0.000000,0,0,0,0,108,8,0,8,100,4132,232,0,0,0,0,108,0,0,0,0,310,9400
3793,W1,1,1,5,5,0,0,0,0,0,0,0,100,100,0,0,0,0,0,100,100,0,0.000000,0,8032,0.000000,0,0,0,0,108,8,0,8,100,4132,232,0,0,0,0,108,0,0,0,0,285,9400
3794,W1,1,1,5,5,0,0,0,0,0,0,0,100,100,100,0,0,0,0,100,100,100,100.000000,1600,8032,19.920319,10,10,10,10,108,8,0,8,100,4132,232,0,0,0,0,108,0,0,0,0,312,9400
3795,W1,1,1,5,5,0,0,0,0,0,0,0,100,100,0,0,0,0,0,100,100,0,0.000000,0,8032,0.000000,0,0,0,0,108,8,0,8,100,4132,232,0,0,0,0,108,0,0,0,0,285,9400
3796,W1,1,1,5,5,0,0,0,0,0,0,0,100,100,0,0,0,0,0,100,100,0,0.000000,0,8032,0.000000,0,0,0,0,108,8,0,8,100,4132,232,0,0,0,0,108,0,0,0,0,325,9400
3797,W1,1,1,5,5,0,0,0,0,0,0,0,100,100,0,0,0,0,0,100,100,0,0.000000,0,8032,0.000000,0,0,0,0,108,8,0,8,100,4132,232,0,0,0,0,108,0,0,0,0,276,9400
3798,W1,1,1,5,5,0,0,0,0,0,0,0,100,100,0,0,0,0,0,100,100,0,0.000000,0,8032,0.000000,0,0,0,0,108,8,0,8,100,4132,232,0,0,0,0,108,0,0,0,0,279,9400
3799,W1,1,1,5,5,0,0,0,0,0,0,0,100,100,0,0,0,0,0,100,100,0,0.000000,0,8032,0.000000,0,0,0,0,108,8,0,8,100,4132,232,0,0,0,0,108,0,0,0,0,281,9400
3800,W1,1,1,5,5,0,0,0,0,0,0,0,100,100,0,0,0,0,0,100,100,0,0.000000,0,8032,0.000000,0,0,0,0,108,8,0,8,100,4132,232,0,0,0,0,108,0,0,0,0,282,9400
3801,W1,1,1,5,5,0,0,0,0,0,0,0,100,100,0,0,0,0,0,100,100,0,0.000000,0,8032,0.000000,0,0,0,0,108,8,0,8,100,4132,232,0,0,0,0,108,0,0,0,0,278,9400
3802,W1,1,1,5,5,0,0,0,0,0,0,0,100,100,0,0,0,0,0,100,100,0,0.000000,0,8032,0.000000,0,0,0,0,108,8,0,8,100,4132,232,0,0,0,0,108,0,0,0,0,302,9400
3803,W1,1,1,5,5,0,0,0,0,0,0,0,100,100,100,0,0,0,0,100,100,100,100.000000,1600,8032,19.920319,10,10,10,10,108,8,0,8,100,4132,232,0,0,0,0,108,0,0,0,0,278,9400
3804,W1,1,1,5,5,0,0,0,0,0,0,0,100,100,0,0,0,0,0,100,100,0,0.000000,0,8032,0.000000,0,0,0,0,108,8,0,8,100,4132,232,0,0,0,0,108,0,0,0,0,308,9400
3805,W1,1,1,5,5,0,0,0,0,0,0,0,100,100,0,0,0,0,0,100,100,0,0.000000,0,8032,0.000000,0,0,0,0,108,8,0,8,100,4132,232,0,0,0,0,108,0,0,0,0,274,9400
3806,W1,1,1,5,5,0,0,0,0,0,0,0,100,100,0,0,0,0,0,100,100,0,0.000000,0,8032,0.000000,0,0,0,0,108,8,0,8,100,4132,232,0,0,0,0,108,0,0,0,0,301,9400
3807,W1,1,1,5,5,0,0,0,0,0,0,0,100,100,0,0,0,0,0,100,100,0,0.000000,0,8032,0.000000,0,0,0,0,108,8,0,8,100,4132,232,0,0,0,0,108,0,0,0,0,273,9400
3808,W1,1,1,5,5,0,0,0,0,0,0,0,100,100,0,0,0,0,0,100,100,0,0.000000,0,8032,0.000000,0,0,0,0,108,8,0,8,100,4132,232,0,0,0,0,108,0,0,0,0,283,9400
3809,W1,1,1,5,5,0,0,0,0,0,0,0,100,100,0,0,0,0,0,100,100,0,0.000000,0,8032,0.000000,0,0,0,0,108,8,0,8,100,4132,232,0,0,0,0,108,0,0,0,0,275,9400
3810,W1,1,1,5,5,0,0,0,0,0,0,0,100,100,0,0,0,0,0,100,100,0,0.000000,0,8032,0.000000,0,0,0,0,108,8,0,8,100,4132,232,0,0,0,0,108,0,0,0,0,286,9400
3811,W1,1,1,5,5,0,0,0,0,0,0,0,100,100,0,0,0,0,0,100,100,0,0.000000,0,8032,0.000000,0,0,0,0,108,8,0,8,100,4132,232,0,0,0,0,108,0,0,0,0,278,9400
3812,W1,1,1,5,5,0,0,0,0,0,0,0,100,100,100,0,0,0,0,100,100,100,100.000000,1600,8032,19.920319,10,10,10,10,108,8,0,8,100,4132,232,0,0,0,0,108,0,0,0,0,286,9400
3813,W1,1,1,5,5,0,0,0,0,0,0,0,100,100,0,0,0,0,0,100,100,0,0.000000,0,8032,0.000000,0,0,0,0,108,8,0,8,100,4132,232,0,0,0,0,108,0,0,0,0,293,9400
3814,W1,1,1,5,5,0,0,0,0,0,0,0,100,100,0,0,0,0,0,100,100,0,0.000000,0,8032,0.000000,0,0,0,0,108,8,0,8,100,4132,232,0,0,0,0,108,0,0,0,0,290,9400
3815,W1,1,1,5,5,0,0,0,0,0,0,0,100,100,0,0,0,0,0,100,100,0,0.000000,0,8032,0.000000,0,0,0,0,108,8,0,8,100,4132,232,0,0,0,0,108,0,0,0,0,289,9400
3816,W1,1,1,5,5,0,0,0,0,0,0,0,100,100,0,0,0,0,0,100,100,0,0.000000,0,8032,0.000000,0,0,0,0,108,8,0,8,100,4132,232,0,0,0,0,108,0,0,0,0,337,9400
3817,W1,1,1,5,5,0,0,0,0,0,0,0,100,100,0,0,0,0,0,100,100,0,0.000000,0,8032,0.000000,0,0,0,0,108,8,0,8,100,4132,232,0,0,0,0,108,0,0,0,0,304,9400
3818,W1,1,1,5,5,0,0,0,0,0,0,0,100,100,0,0,0,0,0,100,100,0,0.000000,0,8032,0.000000,0,0,0,0,108,8,0,8,100,4132,232,0,0,0,0,108,0,0,0,0,293,9400
3819,W1,1,1,5,5,0,0,0,0,0,0,0,100,100,0,0,0,0,0,100,100,0,0.000000,0,8032,0.000000,0,0,0,0,108,8,0,8,100,4132,232,0,0,0,0,108,0,0,0,0,281,9400
3820,W1,1,1,5,5,0,0,0,0,0,0,0,100,100,0,0,0,0,0,100,100,0,0.000000,0,8032,0.000000,0,0,0,0,108,8,0,8,100,4132,232,0,0,0,0,108,0,0,0,0,271,9400
3821,W1,1,1,5,5,0,0,0,0,0,0,0,100,100,100,0,0,0,0,100,100,100,100.000000,1600,8032,19.920319,10,10,10,10,108,8,0,8,100,4132,232,0,0,0,0,108,0,0,0,0,272,9400
3822,W1,1,1,5,5,0,0,0,0,0,0,0,100,100,0,0,0,0,0,100,100,0,0.000000,0,8032,0.000000,0,0,0,0,108,8,0,8,100,4132,232,0,0,0,0,108,0,0,0,0,288,9400
3823,W1,1,1,5,5,0,0,0,0,0,0,0,100,100,0,0,0,0,0,100,100,0,0.000000,0,8032,0.000000,0,0,0,0,108,8,0,8,100,4132,232,0,0,0,0,108,0,0,0,0,275,9400
3824,W1,1,1,5,5,0,0,0,0,0,0,0,100,100,0,0,0,0,0,100,100,0,0.000000,0,8032,0.000000,0,0,0,0,108,8,0,8,100,4132,232,0,0,0,0,108,0,0,0,0,333,9400
3825,W1,1,1,5,5,0,0,0,0,0,0,0,100,100,0,0,0,0,0,100,100,0,0.000000,0,8032,0.000000,0,0,0,0,108,8,0,8,100,4132,232,0,0,0,0,108,0,0,0,0,287,9400
3826,W1,1,1,5,5,0,0,0,0,0,0,0,100,100,0,0,0,0,0,100,100,0,0.000000,0,8032,0.000000,0,0,0,0,108,8,0,8,100,4132,232,0,0,0,0,108,0,0,0,0,270,9400
3827,W1,1,1,5,5,0,0,0,0,0,0,0,100,100,0,0,0,0,0,100,100,0,0.000000,0,8032,0.000000,0,0,0,0,108,8,0,8,100,4132,232,0,0,0,0,108,0,0,0,0,269,9400
3828,W1,1,1,5,5,0,0,0,0,0,0,0,100,100,0,0,0,0,0,100,100,0,0.000000,0,8032,0.000000,0,0,0,0,108,8,0,8,100,4132,232,0,0,0,0,108,0,0,0,0,270,9400
3829,W1,1,1,5,5,0,0,0,0,0,0,0,100,100,0,0,0,0,0,100,100,0,0.000000,0,8032,0.000000,0,0,0,0,108,8,0,8,100,4132,232,0,0,0,0,108,0,0,0,0,296,9400
3830,W1,1,1,5,5,0,0,0,0,0,0,0,100,100,100,0,0,0,0,100,100,100,100.000000,1600,8032,19.920319,10,10,10,10,108,8,0,8,100,4132,232,0,0,0,0,108,0,0,0,0,289,9400
3831,W1,1,1,5,5,0,0,0,0,0,0,0,100,100,0,0,0,0,0,100,100,0,0.000000,0,8032,0.000000,0,0,0,0,108,8,0,8,100,4132,232,0,0,0,0,108,0,0,0,0,282,9400
3832,W1,1,1,5,5,0,0,0,0,0,0,0,100,100,0,0,0,0,0,100,100,0,0.000000,0,8032,0.000000,0,0,0,0,108,8,0,8,100,4132,232,0,0,0,0,108,0,0,0,0,333,9400
3833,W1,1,1,5,5,0,0,0,0,0,0,0,100,100,0,0,0,0,0,100,100,0,0.000000,0,8032,0.000000,0,0,0,0,108,8,0,8,100,4132,232,0,0,0,0,108,0,0,0,0,283,9400
3834,W1,1,1,5,5,0,0,0,0,0,0,0,100,100,0,0,0,0,0,100,100,0,0.000000,0,8032,0.000000,0,0,0,0,108,8,0,8,100,4132,232,0,0,0,0,108,0,0,0,0,293,9400
3835,W1,1,1,5,5,0,0,0,0,0,0,0,100,100,0,0,0,0,0,100,100,0,0.000000,0,8032,0.000000,0,0,0,0,108,8,0,8,100,4132,232,0,0,0,0,108,0,0,0,0,299,9400
3836,W1,1,1,5,5,0,0,0,0,0,0,0,100,100,0,0,0,0,0,100,100,0,0.000000,0,8032,0.000000,0,0,0,0,108,8,0,8,100,4132,232,0,0,0,0,108,0,0,0,0,283,9400
3837,W1,1,1,5,5,0,0,0,0,0,0,0,100,100,0,0,0,0,0,100,100,0,0.000000,0,8032,0.000000,0,0,0,0,108,8,0,8,100,4132,232,0,0,0,0,108,0,0,0,0,309,9400
3838,W1,1,1,5,5,0,0,0,0,0,0,0,100,100,0,0,0,0,0,100,100,0,0.000000,0,8032,0.000000,0,0,0,0,108,8,0,8,100,4132,232,0,0,0,0,108,0,0,0,0,291,9400
3839,W1,1,1,5,5,0,0,0,0,0,0,0,100,100,100,0,0,0,0,100,100,100,100.000000,1600,8032,19.920319,10,10,10,10,108,8,0,8,100,4132,232,0,0,0,0,108,0,0,0,0,332,9400
3840,W1,1,1,5,5,0,0,0,0,0,0,0,100,100,0,0,0,0,0,100,100,0,0.000000,0,8032,0.000000,0,0,0,0,108,8,0,8,100,4132,232,0,0,0,0,108,0,0,0,0,281,9400
3841,W1,1,1,5,5,0,0,0,0,0,0,0,100,100,0,0,0,0,0,100,100,0,0.000000,0,8032,0.000000,0,0,0,0,108,8,0,8,100,4132,232,0,0,0,0,108,0,0,0,0,293,9400
3842,W1,1,1,5,5,0,0,0,0,0,0,0,100,100,0,0,0,0,0,100,100,0,0.000000,0,8032,0.000000,0,0,0,0,108,8,0,8,100,4132,232,0,0,0,0,108,0,0,0,0,296,9400
3843,W1,1,1,5,5,0,0,0,0,0,0,0,100,100,0,0,0,0,0,100,100,0,0.000000,0,8032,0.000000,0,0,0,0,108,8,0,8,100,4132,232,0,0,0,0,108,0,0,0,0,303,9400
3844,W1,1,1,5,5,0,0,0,0,0,0,0,100,100,0,0,0,0,0,100,100,0,0.000000,0,8032,0.000000,0,0,0,0,108,8,0,8,100,4132,232,0,0,0,0,108,0,0,0,0,298,9400
3845,W1,1,1,5,5,0,0,0,0,0,0,0,100,100,0,0,0,0,0,100,100,0,0.000000,0,8032,0.000000,0,0,0,0,108,8,0,8,100,4132,232,0,0,0,0,108,0,0,0,0,281,9400
3846,W1,1,1,5,5,0,0,0,0,0,0,0,100,100,0,0,0,0,0,100,100,0,0.000000,0,8032,0.000000,0,0,0,0,108,8,0,8,100,4132,232,0,0,0,0,108,0,0,0,0,322,9400
3847,W1,1,1,5,5,0,0,0,0,0,0,0,100,100,0,0,0,0,0,100,100,0,0.000000,0,8032,0.000000,0,0,0,0,108,8,0,8,100,4132,232,0,0,0,0,108,0,0,0,0,300,9400
3848,W1,1,1,5,5,0,0,0,0,0,0,0,100,100,100,0,0,0,0,100,100,100,100.000000,1600,8032,19.920319,10,10,10,10,108,8,0,8,100,4132,232,0,0,0,0,108,0,0,0,0,308,9400
3849,W1,1,1,5,5,0,0,0,0,0,0,0,100,100,0,0,0,0,0,100,100,0,0.000000,0,8032,0.000000,0,0,0,0,108,8,0,8,100,4132,232,0,0,0,0,108,0,0,0,0,292,9400
3850,W1,1,1,5,5,0,0,0,0,0,0,0,100,100,0,0,0,0,0,100,100,0,0.000000,0,8032,0.000000,0,0,0,0,108,8,0,8,100,4132,232,0,0,0,0,108,0,0,0,0,316,9400
3851,W1,1,1,5,5,0,0,0,0,0,0,0,100,100,0,0,0,0,0,100,100,0,0.000000,0,8032,0.000000,0,0,0,0,108,8,0,8,100,4132,232,0,0,0,0,108,0,0,0,0,307,9400
3852,W1,1,1,5,5,0,0,0,0,0,0,0,100,100,0,0,0,0,0,100,100,0,0.000000,0,8032,0.000000,0,0,0,0,108,8,0,8,100,4132,232,0,0,0,0,108,0,0,0,0,288,9400
3853,W1,1,1,5,5,0,0,0,0,0,0,0,100,100,0,0,0,0,0,100,100,0,0.000000,0,8032,0.000000,0,0,0,0,108,8,0,8,100,4132,232,0,0,0,0,108,0,0,0,0,289,9400
3854,W1,1,1,5,5,0,0,0,0,0,0,0,100,100,0,0,0,0,0,100,100,0,0.000000,0,8032,0.000000,0,0,0,0,108,8,0,8,100,4132,232,0,0,0,0,108,0,0,0,0,289,9400
3855,W1,1,1,5,5,0,0,0,0,0,0,0,100,100,0,0,0,0,0,100,100,0,0.000000,0,8032,0.000000,0,0,0,0,108,8,0,8,100,4132,232,0,0,0,0,108,0,0,0,0,325,9400
3856,W1,1,1,5,5,0,0,0,0,0,0,0,100,100,0,0,0,0,0,100,100,0,0.000000,0,8032,0.000000,0,0,0,0,108,8,0,8,100,4132,232,0,0,0,0,108,0,0,0,0,330,9400
3857,W1,1,1,5,5,0,0,0,0,0,0,0,100,100,100,0,0,0,0,100,100,100,100.000000,1600,8032,19.920319,10,10,10,10,108,8,0,8,100,4132,232,0,0,0,0,108,0,0,0,0,295,9400
3858,W1,1,1,5,5,0,0,0,0,0,0,0,100,100,0,0,0,0,0,100,100,0,0.000000,0,8032,0.000000,0,0,0,0,108,8,0,8,100,4132,232,0,0,0,0,108,0,0,0,0,304,9400
3859,W1,1,1,5,5,0,0,0,0,0,0,0,100,100,0,0,0,0,0,100,100,0,0.000000,0,8032,0.000000,0,0,0,0,108,8,0,8,100,4132,232,0,0,0,0,108,0,0,0,0,279,9400
3860,W1,1,1,5,5,0,0,0,0,0,0,0,100,100,0,0,0,0,0,100,100,0,0.000000,0,8032,0.000000,0,0,0,0,108,8,0,8,100,4132,232,0,0,0,0,108,0,0,0,0,277,9400
3861,W1,1,1,5,5,0,0,0,0,0,0,0,100,100,0,0,0,0,0,100,100,0,0.000000,0,8032,0.000000,0,0,0,0,108,8,0,8,100,4132,232,0,0,0,0,108,0,0,0,0,293,9400
3862,W1,1,1,5,5,0,0,0,0,0,0,0,100,100,0,0,0,0,0,100,100,0,0.000000,0,8032,0.000000,0,0,0,0,108,8,0,8,100,4132,232,0,0,0,0,108,0,0,0,0,282,9400
3863,W1,1,1,5,5,0,0,0,0,0,0,0,100,100,0,0,0,0,0,100,100,0,0.000000,0,8032,0.000000,0,0,0,0,108,8,0,8,100,4132,232,0,0,0,0,108,0,0,0,0,293,9400
3864,W1,1,1,5,5,0,0,0,0,0,0,0,100,100,0,0,0,0,0,100,100,0,0.000000,0,8032,0.000000,0,0,0,0,108,8,0,8,100,4132,232,0,0,0,0,108,0,0,0,0,279,9400
3865,W1,1,1,5,5,0,0,0,0,0,0,0,100,100,0,0,0,0,0,100,100,0,0.000000,0,8032,0.000000,0,0,0,0,108,8,0,8,100,4132,232,0,0,0,0,108,0,0,0,0,274,9400
3866,W1,1,1,5,5,0,0,0,0,0,0,0,100,100,100,0,0,0,0,100,100,100,100.000000,1600,8032,19.920319,10,10,10,10,108,8,0,8,100,4132,232,0,0,0,0,108,0,0,0,0,279,9400
3867,W1,1,1,5,5,0,0,0,0,0,0,0,100,100,0,0,0,0,0,100,100,0,0.000000,0,8032,0.000000,0,0,0,0,108,8,0,8,100,4132,232,0,0,0,0,108,0,0,0,0,269,9400
3868,W1,1,1,5,5,0,0,0,0,0,0,0,100,100,0,0,0,0,0,100,100,0,0.000000,0,8032,0.000000,0,0,0,0,108,8,0,8,100,4132,232,0,0,0,0,108,0,0,0,0,270,9400
3869,W1,1,1,5,5,0,0,0,0,0,0,0,100,100,0,0,0,0,0,100,100,0,0.000000,0,8032,0.000000,0,0,0,0,108,8,0,8,100,4132,232,0,0,0,0,108,0,0,0,0,310,9400
3870,W1,1,1,5,5,0,0,0,0,0,0,0,100,100,0,0,0,0,0,100,100,0,0.000000,0,8032,0.000000,0,0,0,0,108,8,0,8,100,4132,232,0,0,0,0,108,0,0,0,0,278,9400
3871,W1,1,1,5,5,0,0,0,0,0,0,0,100,100,0,0,0,0,0,100,100,0,0.000000,0,8032,0.000000,0,0,0,0,108,8,0,8,100,4132,232,0,0,0,0,108,0,0,0,0,280,9400
3872,W1,1,1,5,5,0,0,0,0,0,0,0,100,100,0,0,0,0,0,100,100,0,0.000000,0,8032,0.000000,0,0,0,0,108,8,0,8,100,4132,232,0,0,0,0,108,0,0,0,0,297,9400
3873,W1,1,1,5,5,0,0,0,0,0,0,0,100,100,0,0,0,0,0,100,100,0,0.000000,0,8032,0.000000,0,0,0,0,108,8,0,8,100,4132,232,0,0,0,0,108,0,0,0,0,291,9400
3874,W1,1,1,5,5,0,0,0,0,0,0,0,100,100,0,0,0,0,0,100,100,0,0.000000,0,8032,0.000000,0,0,0,0,108,8,0,8,100,4132,232,0,0,0,0,108,0,0,0,0,274,9400
3875,W1,1,1,5,5,0,0,0,0,0,0,0,100,100,100,0,0,0,0,100,100,100,100.000000,1600,8032,19.920319,10,10,10,10,108,8,0,8,100,4132,232,0,0,0,0,108,0,0,0,0,312,9400
3876,W1,1,1,5,5,0,0,0,0,0,0,0,100,100,0,0,0,0,0,100,100,0,0.000000,0,8032,0.000000,0,0,0,0,108,8,0,8,100,4132,232,0,0,0,0,108,0,0,0,0,307,9400
3877,W1,1,1,5,5,0,0,0,0,0,0,0,100,100,0,0,0,0,0,100,100,0,0.000000,0,8032,0.000000,0,0,0,0,108,8,0,8,100,4132,232,0,0,0,0,108,0,0,0,0,304,9400
3878,W1,1,1,5,5,0,0,0,0,0,0,0,100,100,0,0,0,0,0,100,100,0,0.000000,0,8032,0.000000,0,0,0,0,108,8,0,8,100,4132,232,0,0,0,0,108,0,0,0,0,311,9400
3879,W1,1,1,5,5,0,0,0,0,0,0,0,100,100,0,0,0,0,0,100,100,0,0.000000,0,8032,0.000000,0,0,0,0,108,8,0,8,100,4132,232,0,0,0,0,108,0,0,0,0,321,9400
3880,W1,1,1,5,5,0,0,0,0,0,0,0,100,100,0,0,0,0,0,100,100,0,0.000000,0,8032,0.000000,0,0,0,0,108,8,0,8,100,4132,232,0,0,0,0,108,0,0,0,0,304,9400
3881,W1,1,1,5,5,0,0,0,0,0,0,0,100,100,0,0,0,0,0,100,100,0,0.000000,0,8032,0.000000,0,0,0,0,108,8,0,8,100,4132,232,0,0,0,0,108,0,0,0,0,286,9400
3882,W1,1,1,5,5,0,0,0,0,0,0,0,100,100,0,0,0,0,0,100,100,0,0.000000,0,8032,0.000000,0,0,0,0,108,8,0,8,100,4132,232,0,0,0,0,108,0,0,0,0,286,9400
3883,W1,1,1,5,5,0,0,0,0,0,0,0,100,100,0,0,0,0,0,100,100,0,0.000000,0,8032,0.000000,0,0,0,0,108,8,0,8,100,4132,232,0,0,0,0,108,0,0,0,0,302,9400
3884,W1,1,1,5,5,0,0,0,0,0,0,0,100,100,100,0,0,0,0,100,100,100,100.000000,1600,8032,19.920319,10,10,10,10,108,8,0,8,100,4132,232,0,0,0,0,108,0,0,0,0,339,9400
3885,W1,1,1,5,5,0,0,0,0,0,0,0,100,100,0,0,0,0,0,100,100,0,0.000000,0,8032,0.000000,0,0,0,0,108,8,0,8,100,4132,232,0,0,0,0,108,0,0,0,0,291,9400
3886,W1,1,1,5,5,0,0,0,0,0,0,0,100,100,0,0,0,0,0,100,100,0,0.000000,0,8032,0.000000,0,0,0,0,108,8,0,8,100,4132,232,0,0,0,0,108,0,0,0,0,304,9400
3887,W1,1,1,5,5,0,0,0,0,0,0,0,100,100,0,0,0,0,0,100,100,0,0.000000,0,8032,0.000000,0,0,0,0,108,8,0,8,100,4132,232,0,0,0,0,108,0,0,0,0,293,9400
3888,W1,1,1,5,5,0,0,0,0,0,0,0,100,100,0,0,0,0,0,100,100,0,0.000000,0,8032,0.000000,0,0,0,0,108,8,0,8,100,4132,232,0,0,0,0,108,0,0,0,0,300,9400
3889,W1,1,1,5,5,0,0,0,0,0,0,0,100,100,0,0,0,0,0,100,100,0,0.000000,0,8032,0.000000,0,0,0,0,108,8,0,8,100,4132,232,0,0,0,0,108,0,0,0,0,282,9400
3890,W1,1,1,5,5,0,0,0,0,0,0,0,100,100,0,0,0,0,0,100,100,0,0.000000,0,8032,0.000000,0,0,0,0,108,8,0,8,100,4132,232,0,0,0,0,108,0,0,0,0,296,9400
3891,W1,1,1,5,5,0,0,0,0,0,0,0,100,100,0,0,0,0,0,100,100,0,0.000000,0,8032,0.000000,0,0,0,0,108,8,0,8,100,4132,232,0,0,0,0,108,0,0,0,0,325,9400
3892,W1,1,1,5,5,0,0,0,0,0,0,0,100,100,0,0,0,0,0,100,100,0,0.000000,0,8032,0.000000,0,0,0,0,108,8,0,8,100,4132,232,0,0,0,0,108,0,0,0,0,296,9400
3893,W1,1,1,5,5,0,0,0,0,0,0,0,100,100,100,0,0,0,0,100,100,100,100.000000,1600,8032,19.920319,10,10,10,10,108,8,0,8,100,4132,232,0,0,0,0,108,0,0,0,0,301,9400
3894,W1,1,1,5,5,0,0,0,0,0,0,0,100,100,0,0,0,0,0,100,100,0,0.000000,0,8032,0.000000,0,0,0,0,108,8,0,8,100,4132,232,0,0,0,0,108,0,0,0,0,282,9400
3895,W1,1,1,5,5,0,0,0,0,0,0,0,100,100,0,0,0,0,0,100,100,0,0.000000,0,8032,0.000000,0,0,0,0,108,8,0,8,100,4132,232,0,0,0,0,108,0,0,0,0,280,9400
3896,W1,1,1,5,5,0,0,0,0,0,0,0,100,100,0,0,0,0,0,100,100,0,0.000000,0,8032,0.000000,0,0,0,0,108,8,0,8,100,4132,232,0,0,0,0,108,0,0,0,0,318,9400
3897,W1,1,1,5,5,0,0,0,0,0,0,0,100,100,0,0,0,0,0,100,100,0,0.000000,0,8032,0.000000,0,0,0,0,108,8,0,8,100,4132,232,0,0,0,0,108,0,0,0,0,275,9400
3898,W1,1,1,5,5,0,0,0,0,0,0,0,100,100,0,0,0,0,0,100,100,0,0.000000,0,8032,0.000000,0,0,0,0,108,8,0,8,100,4132,232,0,0,0,0,108,0,0,0,0,287,9400
3899,W1,1,1,5,5,0,0,0,0,0,0,0,100,100,0,0,0,0,0,100,100,0,0.000000,0,8032,0.000000,0,0,0,0,108,8,0,8,100,4132,232,0,0,0,0,108,0,0,0,0,285,9400
3900,W1,1,1,5,5,0,0,0,0,0,0,0,100,100,0,0,0,0,0,100,100,0,0.000000,0,8032,0.000000,0,0,0,0,108,8,0,8,100,4132,232,0,0,0,0,108,0,0,0,0,288,9400
3901,W1,1,1,5,5,0,0,0,0,0,0,0,100,100,0,0,0,0,0,100,100,0,0.000000,0,8032,0.000000,0,0,0,0,108,8,0,8,100,4132,232,0,0,0,0,108,0,0,0,0,293,9400
3902,W1,1,1,5,5,0,0,0,0,0,0,0,100,100,100,0,0,0,0,100,100,100,100.000000,1600,8032,19.920319,10,10,10,10,108,8,0,8,100,4132,232,0,0,0,0,108,0,0,0,0,287,9400
3903,W1,1,1,5,5,0,0,0,0,0,0,0,100,100,0,0,0,0,0,100,100,0,0.000000,0,8032,0.000000,0,0,0,0,108,8,0,8,100,4132,232,0,0,0,0,108,0,0,0,0,322,9400
3904,W1,1,1,5,5,0,0,0,0,0,0,0,100,100,0,0,0,0,0,100,100,0,0.000000,0,8032,0.000000,0,0,0,0,108,8,0,8,100,4132,232,0,0,0,0,108,0,0,0,0,278,9400
3905,W1,1,1,5,5,0,0,0,0,0,0,0,100,100,0,0,0,0,0,100,100,0,0.000000,0,8032,0.000000,0,0,0,0,108,8,0,8,100,4132,232,0,0,0,0,108,0,0,0,0,271,9400
3906,W1,1,1,5,5,0,0,0,0,0,0,0,100,100,0,0,0,0,0,100,100,0,0.000000,0,8032,0.000000,0,0,0,0,108,8,0,8,100,4132,232,0,0,0,0,108,0,0,0,0,290,9400
3907,W1,1,1,5,5,0,0,0,0,0,0,0,100,100,0,0,0,0,0,100,100,0,0.000000,0,8032,0.000000,0,0,0,0,108,8,0,8,100,4132,232,0,0,0,0,108,0,0,0,0,315,9400
3908,W1,1,1,5,5,0,0,0,0,0,0,0,100,100,0,0,0,0,0,100,100,0,0.000000,0,8032,0.000000,0,0,0,0,108,8,0,8,100,4132,232,0,0,0,0,108,0,0,0,0,310,9400
3909,W1,1,1,5,5,0,0,0,0,0,0,0,100,100,0,0,0,0,0,100,100,0,0.000000,0,8032,0.000000,0,0,0,0,108,8,0,8,100,4132,232,0,0,0,0,108,0,0,0,0,274,9400
3910,W1,1,1,5,5,0,0,0,0,0,0,0,100,100,0,0,0,0,0,100,100,0,0.000000,0,8032,0.000000,0,0,0,0,108,8,0,8,100,4132,232,0,0,0,0,108,0,0,0,0,301,9400
3911,W1,1,1,5,5,0,0,0,0,0,0,0,100,100,100,0,0,0,0,100,100,100,100.000000,1600,8032,19.920319,10,10,10,10,108,8,0,8,100,4132,232,0,0,0,0,108,0,0,0,0,272,9400
3912,W1,1,1,5,5,0,0,0,0,0,0,0,100,100,0,0,0,0,0,100,100,0,0.000000,0,8032,0.000000,0,0,0,0,108,8,0,8,100,4132,232,0,0,0,0,108,0,0,0,0,281,9400
3913,W1,1,1,5,5,0,0,0,0,0,0,0,100,100,0,0,0,0,0,100,100,0,0.000000,0,8032,0.000000,0,0,0,0,108,8,0,8,100,4132,232,0,0,0,0,108,0,0,0,0,321,9400
3914,W1,1,1,5,5,0,0,0,0,0,0,0,100,100,0,0,0,0,0,100,100,0,0.000000,0,8032,0.000000,0,0,0,0,108,8,0,8,100,4132,232,0,0,0,0,108,0,0,0,0,285,9400
3915,W1,1,1,5,5,0,0,0,0,0,0,0,100,100,0,0,0,0,0,100,100,0,0.000000,0,8032,0.000000,0,0,0,0,108,8,0,8,100,4132,232,0,0,0,0,108,0,0,0,0,300,9400
3916,W1,1,1,5,5,0,0,0,0,0,0,0,100,100,0,0,0,0,0,100,100,0,0.000000,0,8032,0.000000,0,0,0,0,108,8,0,8,100,4132,232,0,0,0,0,108,0,0,0,0,308,9400
3917,W1,1,1,5,5,0,0,0,0,0,0,0,100,100,0,0,0,0,0,100,100,0,0.000000,0,8032,0.000000,0,0,0,0,108,8,0,8,100,4132,232,0,0,0,0,108,0,0,0,0,288,9400
3918,W1,1,1,5,5,0,0,0,0,0,0,0,100,100,0,0,0,0,0,100,100,0,0.000000,0,8032,0.000000,0,0,0,0,108,8,0,8,100,4132,232,0,0,0,0,108,0,0,0,0,303,9400
3919,W1,1,1,5,5,0,0,0,0,0,0,0,100,100,0,0,0,0,0,100,100,0,0.000000,0,8032,0.000000,0,0,0,0,108,8,0,8,100,4132,232,0,0,0,0,108,0,0,0,0,298,9400
3920,W1,1,1,5,5,0,0,0,0,0,0,0,100,100,100,0,0,0,0,100,100,100,100.000000,1600,8032,19.920319,10,10,10,10,108,8,0,8,100,4132,232,0,0,0,0,108,0,0,0,0,314,9400
3921,W1,1,1,5,5,0,0,0,0,0,0,0,100,100,0,0,0,0,0,100,100,0,0.000000,0,8032,0.000000,0,0,0,0,108,8,0,8,100,4132,232,0,0,0,0,108,0,0,0,0,295,9400
3922,W1,1,1,5,5,0,0,0,0,0,0,0,100,100,0,0,0,0,0,100,100,0,0.000000,0,8032,0.000000,0,0,0,0,108,8,0,8,100,4132,232,0,0,0,0,108,0,0,0,0,295,9400
3923,W1,1,1,5,5,0,0,0,0,0,0,0,100,100,0,0,0,0,0,100,100,0,0.000000,0,8032,0.000000,0,0,0,0,108,8,0,8,100,4132,232,0,0,0,0,108,0,0,0,0,323,9400
3924,W1,1,1,5,5,0,0,0,0,0,0,0,100,100,0,0,0,0,0,100,100,0,0.000000,0,8032,0.000000,0,0,0,0,108,8,0,8,100,4132,232,0,0,0,0,108,0,0,0,0,290,9400
3925,W1,1,1,5,5,0,0,0,0,0,0,0,100,100,0,0,0,0,0,100,100,0,0.000000,0,8032,0.000000,0,0,0,0,108,8,0,8,100,4132,232,0,0,0,0,108,0,0,0,0,357,9400
3926,W1,1,1,5,5,0,0,0,0,0,0,0,100,100,0,0,0,0,0,100,100,0,0.000000,0,8032,0.000000,0,0,0,0,108,8,0,8,100,4132,232,0,0,0,0,108,0,0,0,0,287,9400
3927,W1,1,1,5,5,0,0,0,0,0,0,0,100,100,0,0,0,0,0,100,100,0,0.000000,0,8032,0.000000,0,0,0,0,108,8,0,8,100,4132,232,0,0,0,0,108,0,0,0,0,313,9400
3928,W1,1,1,5,5,0,0,0,0,0,0,0,100,100,0,0,0,0,0,100,100,0,0.000000,0,8032,0.000000,0,0,0,0,108,8,0,8,100,4132,232,0,0,0,0,108,0,0,0,0,307,9400
3929,W1,1,1,5,5,0,0,0,0,0,0,0,100,100,100,0,0,0,0,100,100,100,100.000000,1600,8032,19.920319,10,10,10,10,108,8,0,8,100,4132,232,0,0,0,0,108,0,0,0,0,293,9400
3930,W1,1,1,5,5,0,0,0,0,0,0,0,100,100,0,0,0,0,0,100,100,0,0.000000,0,8032,0.000000,0,0,0,0,108,8,0,8,100,4132,232,0,0,0,0,108,0,0,0,0,306,9400
3931,W1,1,1,5,5,0,0,0,0,0,0,0,100,100,0,0,0,0,0,100,100,0,0.000000,0,8032,0.000000,0,0,0,0,108,8,0,8,100,4132,232,0,0,0,0,108,0,0,0,0,286,9400
3932,W1,1,1,5,5,0,0,0,0,0,0,0,100,100,0,0,0,0,0,100,100,0,0.000000,0,8032,0.000000,0,0,0,0,108,8,0,8,100,4132,232,0,0,0,0,108,0,0,0,0,293,9400
3933,W1,1,1,5,5,0,0,0,0,0,0,0,100,100,0,0,0,0,0,100,100,0,0.000000,0,8032,0.000000,0,0,0,0,108,8,0,8,100,4132,232,0,0,0,0,108,0,0,0,0,278,9400
3934,W1,1,1,5,5,0,0,0,0,0,0,0,100,100,0,0,0,0,0,100,100,0,0.000000,0,8032,0.000000,0,0,0,0,108,8,0,8,100,4132,232,0,0,0,0,108,0,0,0,0,293,9400
3935,W1,1,1,5,5,0,0,0,0,0,0,0,100,100,0,0,0,0,0,100,100,0,0.000000,0,8032,0.000000,0,0,0,0,108,8,0,8,100,4132,232,0,0,0,0,108,0,0,0,0,292,9400
3936,W1,1,1,5,5,0,0,0,0,0,0,0,100,100,0,0,0,0,0,100,100,0,0.000000,0,8032,0.000000,0,0,0,0,108,8,0,8,100,4132,232,0,0,0,0,108,0,0,0,0,321,9400
3937,W1,1,1,5,5,0,0,0,0,0,0,0,100,100,0,0,0,0,0,100,100,0,0.000000,0,8032,0.000000,0,0,0,0,108,8,0,8,100,4132,232,0,0,0,0,108,0,0,0,0,288,9400
3938,W1,1,1,5,5,0,0,0,0,0,0,0,100,100,100,0,0,0,0,100,100,100,100.000000,1600,8032,19.920319,10,10,10,10,108,8,0,8,100,4132,232,0,0,0,0,108,0,0,0,0,291,9400
3939,W1,1,1,5,5,0,0,0,0,0,0,0,100,100,0,0,0,0,0,100,100,0,0.000000,0,8032,0.000000,0,0,0,0,108,8,0,8,100,4132,232,0,0,0,0,108,0,0,0,0,293,9400
3940,W1,1,1,5,5,0,0,0,0,0,0,0,100,100,0,0,0,0,0,100,100,0,0.000000,0,8032,0.000000,0,0,0,0,108,8,0,8,100,4132,232,0,0,0,0,108,0,0,0,0,341,9400
3941,W1,1,1,5,5,0,0,0,0,0,0,0,100,100,0,0,0,0,0,100,100,0,0.000000,0,8032,0.000000,0,0,0,0,108,8,0,8,100,4132,232,0,0,0,0,108,0,0,0,0,306,9400
3942,W1,1,1,5,5,0,0,0,0,0,0,0,100,100,0,0,0,0,0,100,100,0,0.000000,0,8032,0.000000,0,0,0,0,108,8,0,8,100,4132,232,0,0,0,0,108,0,0,0,0,291,9400
3943,W1,1,1,5,5,0,0,0,0,0,0,0,100,100,0,0,0,0,0,100,100,0,0.000000,0,8032,0.000000,0,0,0,0,108,8,0,8,100,4132,232,0,0,0,0,108,0,0,0,0,285,9400
3944,W1,1,1,5,5,0,0,0,0,0,0,0,100,100,0,0,0,0,0,100,100,0,0.000000,0,8032,0.000000,0,0,0,0,108,8,0,8,100,4132,232,0,0,0,0,108,0,0,0,0,322,9400
3945,W1,1,1,5,5,0,0,0,0,0,0,0,100,100,0,0,0,0,0,100,100,0,0.000000,0,8032,0.000000,0,0,0,0,108,8,0,8,100,4132,232,0,0,0,0,108,0,0,0,0,287,9400
3946,W1,1,1,5,5,0,0,0,0,0,0,0,100,100,0,0,0,0,0,100,100,0,0.000000,0,8032,0.000000,0,0,0,0,108,8,0,8,100,4132,232,0,0,0,0,108,0,0,0,0,296,9400
3947,W1,1,1,5,5,0,0,0,0,0,0,0,100,100,100,0,0,0,0,100,100,100,100.000000,1600,8032,19.920319,10,10,10,10,108,8,0,8,100,4132,232,0,0,0,0,108,0,0,0,0,307,9400
3948,W1,1,1,5,5,0,0,0,0,0,0,0,100,100,0,0,0,0,0,100,100,0,0.000000,0,8032,0.000000,0,0,0,0,108,8,0,8,100,4132,232,0,0,0,0,108,0,0,0,0,295,9400
3949,W1,1,1,5,5,0,0,0,0,0,0,0,100,100,0,0,0,0,0,100,100,0,0.000000,0,8032,0.000000,0,0,0,0,108,8,0,8,100,4132,232,0,0,0,0,108,0,0,0,0,289,9400
3950,W1,1,1,5,5,0,0,0,0,0,0,0,100,100,0,0,0,0,0,100,100,0,0.000000,0,8032,0.000000,0,0,0,0,108,8,0,8,100,4132,232,0,0,0,0,108,0,0,0,0,298,9400
3951,W1,1,1,5,5,0,0,0,0,0,0,0,100,100,0,0,0,0,0,100,100,0,0.000000,0,8032,0.000000,0,0,0,0,108,8,0,8,100,4132,232,0,0,0,0,108,0,0,0,0,289,9400
3952,W1,1,1,5,5,0,0,0,0,0,0,0,100,100,0,0,0,0,0,100,100,0,0.000000,0,8032,0.000000,0,0,0,0,108,8,0,8,100,4132,232,0,0,0,0,108,0,0,0,0,292,9400
3953,W1,1,1,5,5,0,0,0,0,0,0,0,100,100,0,0,0,0,0,100,100,0,0.000000,0,8032,0.000000,0,0,0,0,108,8,0,8,100,4132,232,0,0,0,0,108,0,0,0,0,290,9400
3954,W1,1,1,5,5,0,0,0,0,0,0,0,100,100,0,0,0,0,0,100,100,0,0.000000,0,8032,0.000000,0,0,0,0,108,8,0,8,100,4132,232,0,0,0,0,108,0,0,0,0,308,9400
3955,W1,1,1,5,5,0,0,0,0,0,0,0,100,100,0,0,0,0,0,100,100,0,0.000000,0,8032,0.000000,0,0,0,0,108,8,0,8,100,4132,232,0,0,0,0,108,0,0,0,0,294,9400
3956,W1,1,1,5,5,0,0,0,0,0,0,0,100,100,100,0,0,0,0,100,100,100,100.000000,1600,8032,19.920319,10,10,10,10,108,8,0,8,100,4132,232,0,0,0,0,108,0,0,0,0,295,9400
3957,W1,1,1,5,5,0,0,0,0,0,0,0,100,100,0,0,0,0,0,100,100,0,0.000000,0,8032,0.000000,0,0,0,0,108,8,0,8,100,4132,232,0,0,0,0,108,0,0,0,0,283,9400
3958,W1,1,1,5,5,0,0,0,0,0,0,0,100,100,0,0,0,0,0,100,100,0,0.000000,0,8032,0.000000,0,0,0,0,108,8,0,8,100,4132,232,0,0,0,0,108,0,0,0,0,286,9400
3959,W1,1,1,5,5,0,0,0,0,0,0,0,100,100,0,0,0,0,0,100,100,0,0.000000,0,8032,0.000000,0,0,0,0,108,8,0,8,100,4132,232,0,0,0,0,108,0,0,0,0,280,9400
3960,W1,1,1,5,5,0,0,0,0,0,0,0,100,100,0,0,0,0,0,100,100,0,0.000000,0,8032,0.000000,0,0,0,0,108,8,0,8,100,4132,232,0,0,0,0,108,0,0,0,0,281,9400
3961,W1,1,1,5,5,0,0,0,0,0,0,0,100,100,0,0,0,0,0,100,100,0,0.000000,0,8032,0.000000,0,0,0,0,108,8,0,8,100,4132,232,0,0,0,0,108,0,0,0,0,286,9400
3962,W1,1,1,5,5,0,0,0,0,0,0,0,100,100,0,0,0,0,0,100,100,0,0.000000,0,8032,0.000000,0,0,0,0,108,8,0,8,100,4132,232,0,0,0,0,108,0,0,0,0,285,9400
3963,W1,1,1,5,5,0,0,0,0,0,0,0,100,100,0,0,0,0,0,100,100,0,0.000000,0,8032,0.000000,0,0,0,0,108,8,0,8,100,4132,232,0,0,0,0,108,0,0,0,0,274,9400
3964,W1,1,1,5,5,0,0,0,0,0,0,0,100,100,0,0,0,0,0,100,100,0,0.000000,0,8032,0.000000,0,0,0,0,108,8,0,8,100,4132,232,0,0,0,0,108,0,0,0,0,271,9400
3965,W1,1,1,5,5,0,0,0,0,0,0,0,100,100,100,0,0,0,0,100,100,100,100.000000,1600,8032,19.920319,10,10,10,10,108,8,0,8,100,4132,232,0,0,0,0,108,0,0,0,0,276,9400
3966,W1,1,1,5,5,0,0,0,0,0,0,0,100,100,0,0,0,0,0,100,100,0,0.000000,0,8032,0.000000,0,0,0,0,108,8,0,8,100,4132,232,0,0,0,0,108,0,0,0,0,276,9400
3967,W1,1,1,5,5,0,0,0,0,0,0,0,100,100,0,0,0,0,0,100,100,0,0.000000,0,8032,0.000000,0,0,0,0,108,8,0,8,100,4132,232,0,0,0,0,108,0,0,0,0,275,9400
3968,W1,1,1,5,5,0,0,0,0,0,0,0,100,100,0,0,0,0,0,100,100,0,0.000000,0,8032,0.000000,0,0,0,0,108,8,0,8,100,4132,232,0,0,0,0,108,0,0,0,0,331,9400
3969,W1,1,1,5,5,0,0,0,0,0,0,0,100,100,0,0,0,0,0,100,100,0,0.000000,0,8032,0.000000,0,0,0,0,108,8,0,8,100,4132,232,0,0,0,0,108,0,0,0,0,279,9400
3970,W1,1,1,5,5,0,0,0,0,0,0,0,100,100,0,0,0,0,0,100,100,0,0.000000,0,8032,0.000000,0,0,0,0,108,8,0,8,100,4132,232,0,0,0,0,108,0,0,0,0,303,9400
3971,W1,1,1,5,5,0,0,0,0,0,0,0,100,100,0,0,0,0,0,100,100,0,0.000000,0,8032,0.000000,0,0,0,0,108,8,0,8,100,4132,232,0,0,0,0,108,0,0,0,0,285,9400
3972,W1,1,1,5,5,0,0,0,0,0,0,0,100,100,0,0,0,0,0,100,100,0,0.000000,0,8032,0.000000,0,0,0,0,108,8,0,8,100,4132,232,0,0,0,0,108,0,0,0,0,320,9400
3973,W1,1,1,5,5,0,0,0,0,0,0,0,100,100,0,0,0,0,0,100,100,0,0.000000,0,8032,0.000000,0,0,0,0,108,8,0,8,100,4132,232,0,0,0,0,108,0,0,0,0,284,9400
3974,W1,1,1,5,5,0,0,0,0,0,0,0,100,100,100,0,0,0,0,100,100,100,100.000000,1600,8032,19.920319,10,10,10,10,108,8,0,8,100,4132,232,0,0,0,0,108,0,0,0,0,297,9400
3975,W1,1,1,5,5,0,0,0,0,0,0,0,100,100,0,0,0,0,0,100,100,0,0.000000,0,8032,0.000000,0,0,0,0,108,8,0,8,100,4132,232,0,0,0,0,108,0,0,0,0,291,9400
3976,W1,1,1,5,5,0,0,0,0,0,0,0,100,100,0,0,0,0,0,100,100,0,0.000000,0,8032,0.000000,0,0,0,0,108,8,0,8,100,4132,232,0,0,0,0,108,0,0,0,0,314,9400
3977,W1,1,1,5,5,0,0,0,0,0,0,0,100,100,0,0,0,0,0,100,100,0,0.000000,0,8032,0.000000,0,0,0,0,108,8,0,8,100,4132,232,0,0,0,0,108,0,0,0,0,291,9400
3978,W1,1,1,5,5,0,0,0,0,0,0,0,100,100,0,0,0,0,0,100,100,0,0.000000,0,8032,0.000000,0,0,0,0,108,8,0,8,100,4132,232,0,0,0,0,108,0,0,0,0,294,9400
3979,W1,1,1,5,5,0,0,0,0,0,0,0,100,100,0,0,0,0,0,100,100,0,0.000000,0,8032,0.000000,0,0,0,0,108,8,0,8,100,4132,232,0,0,0,0,108,0,0,0,0,279,9400
3980,W1,1,1,5,5,0,0,0,0,0,0,0,100,100,0,0,0,0,0,100,100,0,0.000000,0,8032,0.000000,0,0,0,0,108,8,0,8,100,4132,232,0,0,0,0,108,0,0,0,0,281,9400
3981,W1,1,1,5,5,0,0,0,0,0,0,0,100,100,0,0,0,0,0,100,100,0,0.000000,0,8032,0.000000,0,0,0,0,108,8,0,8,100,4132,232,0,0,0,0,108,0,0,0,0,312,9400
3982,W1,1,1,5,5,0,0,0,0,0,0,0,100,100,0,0,0,0,0,100,100,0,0.000000,0,8032,0.000000,0,0,0,0,108,8,0,8,100,4132,232,0,0,0,0,108,0,0,0,0,295,9400
3983,W1,1,1,5,5,0,0,0,0,0,0,0,100,100,100,0,0,0,0,100,100,100,100.000000,1600,8032,19.920319,10,10,10,10,108,8,0,8,100,4132,232,0,0,0,0,108,0,0,0,0,295,9400
3984,W1,1,1,5,5,0,0,0,0,0,0,0,100,100,0,0,0,0,0,100,100,0,0.000000,0,8032,0.000000,0,0,0,0,108,8,0,8,100,4132,232,0,0,0,0,108,0,0,0,0,292,9400
3985,W1,1,1,5,5,0,0,0,0,0,0,0,100,100,0,0,0,0,0,100,100,0,0.000000,0,8032,0.000000,0,0,0,0,108,8,0,8,100,4132,232,0,0,0,0,108,0,0,0,0,285,9400
3986,W1,1,1,5,5,0,0,0,0,0,0,0,100,100,0,0,0,0,0,100,100,0,0.000000,0,8032,0.000000,0,0,0,0,108,8,0,8,100,4132,232,0,0,0,0,108,0,0,0,0,288,9400
3987,W1,1,1,5,5,0,0,0,0,0,0,0,100,100,0,0,0,0,0,100,100,0,0.000000,0,8032,0.000000,0,0,0,0,108,8,0,8,100,4132,232,0,0,0,0,108,0,0,0,0,303,9400
3988,W1,1,1,5,5,0,0,0,0,0,0,0,100,100,0,0,0,0,0,100,100,0,0.000000,0,8032,0.000000,0,0,0,0,108,8,0,8,100,4132,232,0,0,0,0,108,0,0,0,0,289,9400
3989,W1,1,1,5,5,0,0,0,0,0,0,0,100,100,0,0,0,0,0,100,100,0,0.000000,0,8032,0.000000,0,0,0,0,108,8,0,8,100,4132,232,0,0,0,0,108,0,0,0,0,276,9400
3990,W1,1,1,5,5,0,0,0,0,0,0,0,100,100,0,0,0,0,0,100,100,0,0.000000,0,8032,0.000000,0,0,0,0,108,8,0,8,100,4132,232,0,0,0,0,108,0,0,0,0,282,9400
3991,W1,1,1,5,5,0,0,0,0,0,0,0,100,100,0,0,0,0,0,100,100,0,0.000000,0,8032,0.000000,0,0,0,0,108,8,0,8,100,4132,232,0,0,0,0,108,0,0,0,0,307,9400
3992,W1,1,1,5,5,0,0,0,0,0,0,0,100,100,100,0,0,0,0,100,100,100,100.000000,1600,8032,19.920319,10,10,10,10,108,8,0,8,100,4132,232,0,0,0,0,108,0,0,0,0,298,9400
3993,W1,1,1,5,5,0,0,0,0,0,0,0,100,100,0,0,0,0,0,100,100,0,0.000000,0,8032,0.000000,0,0,0,0,108,8,0,8,100,4132,232,0,0,0,0,108,0,0,0,0,271,9400
3994,W1,1,1,5,5,0,0,0,0,0,0,0,100,100,0,0,0,0,0,100,100,0,0.000000,0,8032,0.000000,0,0,0,0,108,8,0,8,100,4132,232,0,0,0,0,108,0,0,0,0,272,9400
3995,W1,1,1,5,5,0,0,0,0,0,0,0,100,100,0,0,0,0,0,100,100,0,0.000000,0,8032,0.000000,0,0,0,0,108,8,0,8,100,4132,232,0,0,0,0,108,0,0,0,0,294,9400
3996,W1,1,1,5,5,0,0,0,0,0,0,0,100,100,0,0,0,0,0,100,100,0,0.000000,0,8032,0.000000,0,0,0,0,108,8,0,8,100,4132,232,0,0,0,0,108,0,0,0,0,278,9400
3997,W1,1,1,5,5,0,0,0,0,0,0,0,100,100,0,0,0,0,0,100,100,0,0.000000,0,8032,0.000000,0,0,0,0,108,8,0,8,100,4132,232,0,0,0,0,108,0,0,0,0,283,9400
3998,W1,1,1,5,5,0,0,0,0,0,0,0,100,100,0,0,0,0,0,100,100,0,0.000000,0,8032,0.000000,0,0,0,0,108,8,0,8,100,4132,232,0,0,0,0,108,0,0,0,0,320,9400
3999,W1,1,1,5,5,0,0,0,0,0,0,0,100,100,0,0,0,0,0,100,100,0,0.000000,0,8032,0.000000,0,0,0,0,108,8,0,8,100,4132,232,0,0,0,0,108,0,0,0,0,291,9400
4000,W1,1,1,5,5,0,0,0,0,0,0,0,100,100,0,0,0,0,0,100,100,0,0.000000,0,8032,0.000000,0,0,0,0,108,8,0,8,100,4132,232,0,0,0,0,108,0,0,0,0,288,9400
4001,W1,1,1,5,5,0,0,0,0,0,0,0,100,100,100,0,0,0,0,100,100,100,100.000000,1600,8032,19.920319,10,10,10,10,108,8,0,8,100,4132,232,0,0,0,0,108,0,0,0,0,290,9400
4002,W1,1,1,5,5,0,0,0,0,0,0,0,100,100,0,0,0,0,0,100,100,0,0.000000,0,8032,0.000000,0,0,0,0,108,8,0,8,100,4132,232,0,0,0,0,108,0,0,0,0,289,9400
4003,W1,1,1,5,5,0,0,0,0,0,0,0,100,100,0,0,0,0,0,100,100,0,0.000000,0,8032,0.000000,0,0,0,0,108,8,0,8,100,4132,232,0,0,0,0,108,0,0,0,0,293,9400
4004,W1,1,1,5,5,0,0,0,0,0,0,0,100,100,0,0,0,0,0,100,100,0,0.000000,0,8032,0.000000,0,0,0,0,108,8,0,8,100,4132,232,0,0,0,0,108,0,0,0,0,285,9400
4005,W1,1,1,5,5,0,0,0,0,0,0,0,100,100,0,0,0,0,0,100,100,0,0.000000,0,8032,0.000000,0,0,0,0,108,8,0,8,100,4132,232,0,0,0,0,108,0,0,0,0,359,9400
4006,W1,1,1,5,5,0,0,0,0,0,0,0,100,100,0,0,0,0,0,100,100,0,0.000000,0,8032,0.000000,0,0,0,0,108,8,0,8,100,4132,232,0,0,0,0,108,0,0,0,0,330,9400
4007,W1,1,1,5,5,0,0,0,0,0,0,0,100,100,0,0,0,0,0,100,100,0,0.000000,0,8032,0.000000,0,0,0,0,108,8,0,8,100,4132,232,0,0,0,0,108,0,0,0,0,294,9400
4008,W1,1,1,5,5,0,0,0,0,0,0,0,100,100,0,0,0,0,0,100,100,0,0.000000,0,8032,0.000000,0,0,0,0,108,8,0,8,100,4132,232,0,0,0,0,108,0,0,0,0,297,9400
4009,W1,1,1,5,5,0,0,0,0,0,0,0,100,100,0,0,0,0,0,100,100,0,0.000000,0,8032,0.000000,0,0,0,0,108,8,0,8,100,4132,232,0,0,0,0,108,0,0,0,0,289,9400
4010,W1,1,1,5,5,0,0,0,0,0,0,0,100,100,100,0,0,0,0,100,100,100,100.000000,1600,8032,19.920319,10,10,10,10,108,8,0,8,100,4132,232,0,0,0,0,108,0,0,0,0,291,9400
4011,W1,1,1,5,5,0,0,0,0,0,0,0,100,100,0,0,0,0,0,100,100,0,0.000000,0,8032,0.000000,0,0,0,0,108,8,0,8,100,4132,232,0,0,0,0,108,0,0,0,0,341,9400
4012,W1,1,1,5,5,0,0,0,0,0,0,0,100,100,0,0,0,0,0,100,100,0,0.000000,0,8032,0.000000,0,0,0,0,108,8,0,8,100,4132,232,0,0,0,0,108,0,0,0,0,281,9400
4013,W1,1,1,5,5,0,0,0,0,0,0,0,100,100,0,0,0,0,0,100,100,0,0.000000,0,8032,0.000000,0,0,0,0,108,8,0,8,100,4132,232,0,0,0,0,108,0,0,0,0,303,9400
4014,W1,1,1,5,5,0,0,0,0,0,0,0,100,100,0,0,0,0,0,100,100,0,0.000000,0,8032,0.000000,0,0,0,0,108,8,0,8,100,4132,232,0,0,0,0,108,0,0,0,0,284,9400
4015,W1,1,1,5,5,0,0,0,0,0,0,0,100,100,0,0,0,0,0,100,100,0,0.000000,0,8032,0.000000,0,0,0,0,108,8,0,8,100,4132,232,0,0,0,0,108,0,0,0,0,287,9400
4016,W1,1,1,5,5,0,0,0,0,0,0,0,100,100,0,0,0,0,0,100,100,0,0.000000,0,8032,0.000000,0,0,0,0,108,8,0,8,100,4132,232,0,0,0,0,108,0,0,0,0,293,9400
4017,W1,1,1,5,5,0,0,0,0,0,0,0,100,100,0,0,0,0,0,100,100,0,0.000000,0,8032,0.000000,0,0,0,0,108,8,0,8,100,4132,232,0,0,0,0,108,0,0,0,0,289,9400
4018,W1,1,1,5,5,0,0,0,0,0,0,0,100,100,0,0,0,0,0,100,100,0,0.000000,0,8032,0.000000,0,0,0,0,108,8,0,8,100,4132,232,0,0,0,0,108,0,0,0,0,281,9400
4019,W1,1,1,5,5,0,0,0,0,0,0,0,100,100,100,0,0,0,0,100,100,100,100.000000,1600,8032,19.920319,10,10,10,10,108,8,0,8,100,4132,232,0,0,0,0,108,0,0,0,0,296,9400
4020,W1,1,1,5,5,0,0,0,0,0,0,0,100,100,0,0,0,0,0,100,100,0,0.000000,0,8032,0.000000,0,0,0,0,108,8,0,8,100,4132,232,0,0,0,0,108,0,0,0,0,327,9400
4021,W1,1,1,5,5,0,0,0,0,0,0,0,100,100,0,0,0,0,0,100,100,0,0.000000,0,8032,0.000000,0,0,0,0,108,8,0,8,100,4132,232,0,0,0,0,108,0,0,0,0,292,9400
4022,W1,1,1,5,5,0,0,0,0,0,0,0,100,100,0,0,0,0,0,100,100,0,0.000000,0,8032,0.000000,0,0,0,0,108,8,0,8,100,4132,232,0,0,0,0,108,0,0,0,0,318,9400
4023,W1,1,1,5,5,0,0,0,0,0,0,0,100,100,0,0,0,0,0,100,100,0,0.000000,0,8032,0.000000,0,0,0,0,108,8,0,8,100,4132,232,0,0,0,0,108,0,0,0,0,307,9400
4024,W1,1,1,5,5,0,0,0,0,0,0,0,100,100,0,0,0,0,0,100,100,0,0.000000,0,8032,0.000000,0,0,0,0,108,8,0,8,100,4132,232,0,0,0,0,108,0,0,0,0,301,9400
4025,W1,1,1,5,5,0,0,0,0,0,0,0,100,100,0,0,0,0,0,100,100,0,0.000000,0,8032,0.000000,0,0,0,0,108,8,0,8,100,4132,232,0,0,0,0,108,0,0,0,0,306,9400
4026,W1,1,1,5,5,0,0,0,0,0,0,0,100,100,0,0,0,0,0,100,100,0,0.000000,0,8032,0.000000,0,0,0,0,108,8,0,8,100,4132,232,0,0,0,0,108,0,0,0,0,294,9400
4027,W1,1,1,5,5,0,0,0,0,0,0,0,100,100,0,0,0,0,0,100,100,0,0.000000,0,8032,0.000000,0,0,0,0,108,8,0,8,100,4132,232,0,0,0,0,108,0,0,0,0,327,9400
4028,W1,1,1,5,5,0,0,0,0,0,0,0,100,100,100,0,0,0,0,100,100,100,100.000000,1600,8032,19.920319,10,10,10,10,108,8,0,8,100,4132,232,0,0,0,0,108,0,0,0,0,295,9400
4029,W1,1,1,5,5,0,0,0,0,0,0,0,100,100,0,0,0,0,0,100,100,0,0.000000,0,8032,0.000000,0,0,0,0,108,8,0,8,100,4132,232,0,0,0,0,108,0,0,0,0,297,9400
4030,W1,1,1,5,5,0,0,0,0,0,0,0,100,100,0,0,0,0,0,100,100,0,0.000000,0,8032,0.000000,0,0,0,0,108,8,0,8,100,4132,232,0,0,0,0,108,0,0,0,0,314,9400
4031,W1,1,1,5,5,0,0,0,0,0,0,0,100,100,0,0,0,0,0,100,100,0,0.000000,0,8032,0.000000,0,0,0,0,108,8,0,8,100,4132,232,0,0,0,0,108,0,0,0,0,289,9400
4032,W1,1,1,5,5,0,0,0,0,0,0,0,100,100,0,0,0,0,0,100,100,0,0.000000,0,8032,0.000000,0,0,0,0,108,8,0,8,100,4132,232,0,0,0,0,108,0,0,0,0,295,9400
4033,W1,1,1,5,5,0,0,0,0,0,0,0,100,100,0,0,0,0,0,100,100,0,0.000000,0,8032,0.000000,0,0,0,0,108,8,0,8,100,4132,232,0,0,0,0,108,0,0,0,0,294,9400
4034,W1,1,1,5,5,0,0,0,0,0,0,0,100,100,0,0,0,0,0,100,100,0,0.000000,0,8032,0.000000,0,0,0,0,108,8,0,8,100,4132,232,0,0,0,0,108,0,0,0,0,315,9400
4035,W1,1,1,5,5,0,0,0,0,0,0,0,100,100,0,0,0,0,0,100,100,0,0.000000,0,8032,0.000000,0,0,0,0,108,8,0,8,100,4132,232,0,0,0,0,108,0,0,0,0,286,9400
4036,W1,1,1,5,5,0,0,0,0,0,0,0,100,100,0,0,0,0,0,100,100,0,0.000000,0,8032,0.000000,0,0,0,0,108,8,0,8,100,4132,232,0,0,0,0,108,0,0,0,0,326,9400
4037,W1,1,1,5,5,0,0,0,0,0,0,0,100,100,100,0,0,0,0,100,100,100,100.000000,1600,8032,19.920319,10,10,10,10,108,8,0,8,100,4132,232,0,0,0,0,108,0,0,0,0,285,9400
4038,W1,1,1,5,5,0,0,0,0,0,0,0,100,100,0,0,0,0,0,100,100,0,0.000000,0,8032,0.000000,0,0,0,0,108,8,0,8,100,4132,232,0,0,0,0,108,0,0,0,0,292,9400
4039,W1,1,1,5,5,0,0,0,0,0,0,0,100,100,0,0,0,0,0,100,100,0,0.000000,0,8032,0.000000,0,0,0,0,108,8,0,8,100,4132,232,0,0,0,0,108,0,0,0,0,286,9400
4040,W1,1,1,5,5,0,0,0,0,0,0,0,100,100,0,0,0,0,0,100,100,0,0.000000,0,8032,0.000000,0,0,0,0,108,8,0,8,100,4132,232,0,0,0,0,108,0,0,0,0,291,9400
4041,W1,1,1,5,5,0,0,0,0,0,0,0,100,100,0,0,0,0,0,100,100,0,0.000000,0,8032,0.000000,0,0,0,0,108,8,0,8,100,4132,232,0,0,0,0,108,0,0,0,0,311,9400
4042,W1,1,1,5,5,0,0,0,0,0,0,0,100,100,0,0,0,0,0,100,100,0,0.000000,0,8032,0.000000,0,0,0,0,108,8,0,8,100,4132,232,0,0,0,0,108,0,0,0,0,295,9400
4043,W1,1,1,5,5,0,0,0,0,0,0,0,100,100,0,0,0,0,0,100,100,0,0.000000,0,8032,0.000000,0,0,0,0,108,8,0,8,100,4132,232,0,0,0,0,108,0,0,0,0,283,9400
4044,W1,1,1,5,5,0,0,0,0,0,0,0,100,100,0,0,0,0,0,100,100,0,0.000000,0,8032,0.000000,0,0,0,0,108,8,0,8,100,4132,232,0,0,0,0,108,0,0,0,0,313,9400
4045,W1,1,1,5,5,0,0,0,0,0,0,0,100,100,0,0,0,0,0,100,100,0,0.000000,0,8032,0.000000,0,0,0,0,108,8,0,8,100,4132,232,0,0,0,0,108,0,0,0,0,283,9400
4046,W1,1,1,5,5,0,0,0,0,0,0,0,100,100,100,0,0,0,0,100,100,100,100.000000,1600,8032,19.920319,10,10,10,10,108,8,0,8,100,4132,232,0,0,0,0,108,0,0,0,0,395,9400
4047,W1,1,1,5,5,0,0,0,0,0,0,0,100,100,0,0,0,0,0,100,100,0,0.000000,0,8032,0.000000,0,0,0,0,108,8,0,8,100,4132,232,0,0,0,0,108,0,0,0,0,281,9400
4048,W1,1,1,5,5,0,0,0,0,0,0,0,100,100,0,0,0,0,0,100,100,0,0.000000,0,8032,0.000000,0,0,0,0,108,8,0,8,100,4132,232,0,0,0,0,108,0,0,0,0,320,9400
4049,W1,1,1,5,5,0,0,0,0,0,0,0,100,100,0,0,0,0,0,100,100,0,0.000000,0,8032,0.000000,0,0,0,0,108,8,0,8,100,4132,232,0,0,0,0,108,0,0,0,0,294,9400
4050,W1,1,1,5,5,0,0,0,0,0,0,0,100,100,0,0,0,0,0,100,100,0,0.000000,0,8032,0.000000,0,0,0,0,108,8,0,8,100,4132,232,0,0,0,0,108,0,0,0,0,274,9400
4051,W1,1,1,5,5,0,0,0,0,0,0,0,100,100,0,0,0,0,0,100,100,0,0.000000,0,8032,0.000000,0,0,0,0,108,8,0,8,100,4132,232,0,0,0,0,108,0,0,0,0,275,9400
4052,W1,1,1,5,5,0,0,0,0,0,0,0,100,100,0,0,0,0,0,100,100,0,0.000000,0,8032,0.000000,0,0,0,0,108,8,0,8,100,4132,232,0,0,0,0,108,0,0,0,0,301,9400
4053,W1,1,1,5,5,0,0,0,0,0,0,0,100,100,0,0,0,0,0,100,100,0,0.000000,0,8032,0.000000,0,0,0,0,108,8,0,8,100,4132,232,0,0,0,0,108,0,0,0,0,275,9400
4054,W1,1,1,5,5,0,0,0,0,0,0,0,100,100,0,0,0,0,0,100,100,0,0.000000,0,8032,0.000000,0,0,0,0,108,8,0,8,100,4132,232,0,0,0,0,108,0,0,0,0,301,9400
4055,W1,1,1,5,5,0,0,0,0,0,0,0,100,100,100,0,0,0,0,100,100,100,100.000000,1600,8032,19.920319,10,10,10,10,108,8,0,8,100,4132,232,0,0,0,0,108,0,0,0,0,314,9400
4056,W1,1,1,5,5,0,0,0,0,0,0,0,100,100,0,0,0,0,0,100,100,0,0.000000,0,8032,0.000000,0,0,0,0,108,8,0,8,100,4132,232,0,0,0,0,108,0,0,0,0,281,9400
4057,W1,1,1,5,5,0,0,0,0,0,0,0,100,100,0,0,0,0,0,100,100,0,0.000000,0,8032,0.000000,0,0,0,0,108,8,0,8,100,4132,232,0,0,0,0,108,0,0,0,0,286,9400
4058,W1,1,1,5,5,0,0,0,0,0,0,0,100,100,0,0,0,0,0,100,100,0,0.000000,0,8032,0.000000,0,0,0,0,108,8,0,8,100,4132,232,0,0,0,0,108,0,0,0,0,292,9400
4059,W1,1,1,5,5,0,0,0,0,0,0,0,100,100,0,0,0,0,0,100,100,0,0.000000,0,8032,0.000000,0,0,0,0,108,8,0,8,100,4132,232,0,0,0,0,108,0,0,0,0,296,9400
4060,W1,1,1,5,5,0,0,0,0,0,0,0,100,100,0,0,0,0,0,100,100,0,0.000000,0,8032,0.000000,0,0,0,0,108,8,0,8,100,4132,232,0,0,0,0,108,0,0,0,0,290,9400
4061,W1,1,1,5,5,0,0,0,0,0,0,0,100,100,0,0,0,0,0,100,100,0,0.000000,0,8032,0.000000,0,0,0,0,108,8,0,8,100,4132,232,0,0,0,0,108,0,0,0,0,277,9400
4062,W1,1,1,5,5,0,0,0,0,0,0,0,100,100,0,0,0,0,0,100,100,0,0.000000,0,8032,0.000000,0,0,0,0,108,8,0,8,100,4132,232,0,0,0,0,108,0,0,0,0,288,9400
4063,W1,1,1,5,5,0,0,0,0,0,0,0,100,100,0,0,0,0,0,100,100,0,0.000000,0,8032,0.000000,0,0,0,0,108,8,0,8,100,4132,232,0,0,0,0,108,0,0,0,0,295,9400
4064,W1,1,1,5,5,0,0,0,0,0,0,0,100,100,100,0,0,0,0,100,100,100,100.000000,1600,8032,19.920319,10,10,10,10,108,8,0,8,100,4132,232,0,0,0,0,108,0,0,0,0,290,9400
4065,W1,1,1,5,5,0,0,0,0,0,0,0,100,100,0,0,0,0,0,100,100,0,0.000000,0,8032,0.000000,0,0,0,0,108,8,0,8,100,4132,232,0,0,0,0,108,0,0,0,0,272,9400
4066,W1,1,1,5,5,0,0,0,0,0,0,0,100,100,0,0,0,0,0,100,100,0,0.000000,0,8032,0.000000,0,0,0,0,108,8,0,8,100,4132,232,0,0,0,0,108,0,0,0,0,279,9400
4067,W1,1,1,5,5,0,0,0,0,0,0,0,100,100,0,0,0,0,0,100,100,0,0.000000,0,8032,0.000000,0,0,0,0,108,8,0,8,100,4132,232,0,0,0,0,108,0,0,0,0,278,9400
4068,W1,1,1,5,5,0,0,0,0,0,0,0,100,100,0,0,0,0,0,100,100,0,0.000000,0,8032,0.000000,0,0,0,0,108,8,0,8,100,4132,232,0,0,0,0,108,0,0,0,0,328,9400
4069,W1,1,1,5,5,0,0,0,0,0,0,0,100,100,0,0,0,0,0,100,100,0,0.000000,0,8032,0.000000,0,0,0,0,108,8,0,8,100,4132,232,0,0,0,0,108,0,0,0,0,288,9400
4070,W1,1,1,5,5,0,0,0,0,0,0,0,100,100,0,0,0,0,0,100,100,0,0.000000,0,8032,0.000000,0,0,0,0,108,8,0,8,100,4132,232,0,0,0,0,108,0,0,0,0,292,9400
4071,W1,1,1,5,5,0,0,0,0,0,0,0,100,100,0,0,0,0,0,100,100,0,0.000000,0,8032,0.000000,0,0,0,0,108,8,0,8,100,4132,232,0,0,0,0,108,0,0,0,0,299,9400
4072,W1,1,1,5,5,0,0,0,0,0,0,0,100,100,0,0,0,0,0,100,100,0,0.000000,0,8032,0.000000,0,0,0,0,108,8,0,8,100,4132,232,0,0,0,0,108,0,0,0,0,311,9400
4073,W1,1,1,5,5,0,0,0,0,0,0,0,100,100,100,0,0,0,0,100,100,100,100.000000,1600,8032,19.920319,10,10,10,10,108,8,0,8,100,4132,232,0,0,0,0,108,0,0,0,0,294,9400
4074,W1,1,1,5,5,0,0,0,0,0,0,0,100,100,0,0,0,0,0,100,100,0,0.000000,0,8032,0.000000,0,0,0,0,108,8,0,8,100,4132,232,0,0,0,0,108,0,0,0,0,299,9400
4075,W1,1,1,5,5,0,0,0,0,0,0,0,100,100,0,0,0,0,0,100,100,0,0.000000,0,8032,0.000000,0,0,0,0,108,8,0,8,100,4132,232,0,0,0,0,108,0,0,0,0,292,9400
4076,W1,1,1,5,5,0,0,0,0,0,0,0,100,100,0,0,0,0,0,100,100,0,0.000000,0,8032,0.000000,0,0,0,0,108,8,0,8,100,4132,232,0,0,0,0,108,0,0,0,0,306,9400
4077,W1,1,1,5,5,0,0,0,0,0,0,0,100,100,0,0,0,0,0,100,100,0,0.000000,0,8032,0.000000,0,0,0,0,108,8,0,8,100,4132,232,0,0,0,0,108,0,0,0,0,288,9400
4078,W1,1,1,5,5,0,0,0,0,0,0,0,100,100,0,0,0,0,0,100,100,0,0.000000,0,8032,0.000000,0,0,0,0,108,8,0,8,100,4132,232,0,0,0,0,108,0,0,0,0,301,9400
4079,W1,1,1,5,5,0,0,0,0,0,0,0,100,100,0,0,0,0,0,100,100,0,0.000000,0,8032,0.000000,0,0,0,0,108,8,0,8,100,4132,232,0,0,0,0,108,0,0,0,0,290,9400
4080,W1,1,1,5,5,0,0,0,0,0,0,0,100,100,0,0,0,0,0,100,100,0,0.000000,0,8032,0.000000,0,0,0,0,108,8,0,8,100,4132,232,0,0,0,0,108,0,0,0,0,289,9400
4081,W1,1,1,5,5,0,0,0,0,0,0,0,100,100,0,0,0,0,0,100,100,0,0.000000,0,8032,0.000000,0,0,0,0,108,8,0,8,100,4132,232,0,0,0,0,108,0,0,0,0,305,9400
4082,W1,1,1,5,5,0,0,0,0,0,0,0,100,100,100,0,0,0,0,100,100,100,100.000000,1600,8032,19.920319,10,10,10,10,108,8,0,8,100,4132,232,0,0,0,0,108,0,0,0,0,326,9400
4083,W1,1,1,5,5,0,0,0,0,0,0,0,100,100,0,0,0,0,0,100,100,0,0.000000,0,8032,0.000000,0,0,0,0,108,8,0,8,100,4132,232,0,0,0,0,108,0,0,0,0,300,9400
4084,W1,1,1,5,5,0,0,0,0,0,0,0,100,100,0,0,0,0,0,100,100,0,0.000000,0,8032,0.000000,0,0,0,0,108,8,0,8,100,4132,232,0,0,0,0,108,0,0,0,0,290,9400
4085,W1,1,1,5,5,0,0,0,0,0,0,0,100,100,0,0,0,0,0,100,100,0,0.000000,0,8032,0.000000,0,0,0,0,108,8,0,8,100,4132,232,0,0,0,0,108,0,0,0,0,293,9400
4086,W1,1,1,5,5,0,0,0,0,0,0,0,100,100,0,0,0,0,0,100,100,0,0.000000,0,8032,0.000000,0,0,0,0,108,8,0,8,100,4132,232,0,0,0,0,108,0,0,0,0,294,9400
4087,W1,1,1,5,5,0,0,0,0,0,0,0,100,100,0,0,0,0,0,100,100,0,0.000000,0,8032,0.000000,0,0,0,0,108,8,0,8,100,4132,232,0,0,0,0,108,0,0,0,0,297,9400
4088,W1,1,1,5,5,0,0,0,0,0,0,0,100,100,0,0,0,0,0,100,100,0,0.000000,0,8032,0.000000,0,0,0,0,108,8,0,8,100,4132,232,0,0,0,0,108,0,0,0,0,291,9400
4089,W1,1,1,5,5,0,0,0,0,0,0,0,100,100,0,0,0,0,0,100,100,0,0.000000,0,8032,0.000000,0,0,0,0,108,8,0,8,100,4132,232,0,0,0,0,108,0,0,0,0,278,9400
4090,W1,1,1,5,5,0,0,0,0,0,0,0,100,100,0,0,0,0,0,100,100,0,0.000000,0,8032,0.000000,0,0,0,0,108,8,0,8,100,4132,232,0,0,0,0,108,0,0,0,0,286,9400
4091,W1,1,1,5,5,0,0,0,0,0,0,0,100,100,100,0,0,0,0,100,100,100,100.000000,1600,8032,19.920319,10,10,10,10,108,8,0,8,100,4132,232,0,0,0,0,108,0,0,0,0,278,9400
4092,W1,1,1,5,5,0,0,0,0,0,0,0,100,100,0,0,0,0,0,100,100,0,0.000000,0,8032,0.000000,0,0,0,0,108,8,0,8,100,4132,232,0,0,0,0,108,0,0,0,0,276,9400
4093,W1,1,1,5,5,0,0,0,0,0,0,0,100,100,0,0,0,0,0,100,100,0,0.000000,0,8032,0.000000,0,0,0,0,108,8,0,8,100,4132,232,0,0,0,0,108,0,0,0,0,276,9400
4094,W1,1,1,5,5,0,0,0,0,0,0,0,100,100,0,0,0,0,0,100,100,0,0.000000,0,8032,0.000000,0,0,0,0,108,8,0,8,100,4132,232,0,0,0,0,108,0,0,0,0,280,9400
4095,W1,1,1,5,5,0,0,0,0,0,0,0,100,100,0,0,0,0,0,100,100,0,0.000000,0,8032,0.000000,0,0,0,0,108,8,0,8,100,4132,232,0,0,0,0,108,0,0,0,0,286,9400
4096,W1,1,1,5,5,0,0,0,0,0,0,0,100,100,0,0,0,0,0,100,100,0,0.000000,0,8032,0.000000,0,0,0,0,108,8,0,8,100,4132,232,0,0,0,0,108,0,0,0,0,292,9400
