node_id,wire_profile,degree,admitted,routes_current,routes_hwm,discoveries_hwm,candidates_hwm,q0_hwm,q1_hwm,pending_q1_hwm,paths_hwm,flows_hwm,app_generated,app_accepted,origin_delivered,duplicate_deliveries,q0_generated,q0_accepted,q0_delivered,q1_generated,q1_accepted,q1_delivered,delivery_pct,payload_delivered_bytes,origin_wire_bytes,wire_efficiency_pct,latency_p50_ms,latency_p95_ms,latency_p99_ms,latency_max_ms,frames_tx,frames_rx,forwarded_frames_tx,control_frames_tx,business_frames_tx,wire_bytes_tx,wire_bytes_rx,no_space,no_route,link_down,other_rejected,core_tx_sent,core_rx_delivered,route_requests_sent,route_errors_sent,control_budget_dropped,host_work_us,node_storage_bytes
1,W3,3,3,8,8,0,0,0,0,0,0,0,410,410,0,0,10,10,0,400,400,0,0.000000,0,53360,0.000000,0,0,0,0,848,1305,409,42,806,53288,82114,0,0,0,0,848,388,0,0,0,2737,9400
2,W3,4,4,8,8,1,0,0,0,4,0,0,410,370,0,0,10,10,0,400,360,0,0.000000,0,5380,0.000000,0,0,0,0,894,3045,822,93,801,55084,193136,40,0,0,0,894,394,9,0,40,4213,9400
3,W3,4,4,8,8,0,0,0,0,0,0,0,410,410,0,0,10,10,0,400,400,0,0.000000,0,53184,0.000000,0,0,0,0,467,1334,21,57,410,28530,83436,0,0,0,0,467,385,0,0,0,1748,9400
4,W3,4,4,8,8,1,0,0,0,4,0,0,410,370,0,0,10,10,0,400,360,0,0.000000,0,6098,0.000000,0,0,0,0,483,2180,412,88,395,28888,137982,40,0,0,0,483,393,9,0,40,2899,9400
5,W3,4,4,8,8,1,0,0,0,4,0,0,410,370,0,0,10,10,0,400,360,0,0.000000,0,6070,0.000000,0,0,0,0,497,1817,427,97,400,29576,114182,40,0,0,0,497,394,9,0,40,2549,9400
6,W3,4,4,8,8,1,0,0,0,4,0,0,410,370,0,0,10,10,0,400,360,0,0.000000,0,7566,0.000000,0,0,0,0,497,2624,431,97,400,29560,166004,40,0,0,0,497,785,9,0,40,3157,9400
7,W3,4,4,8,8,0,0,0,0,0,0,0,410,410,388,0,10,10,10,400,400,378,94.634146,12416,53300,23.294559,20,20,30,30,1260,3082,816,49,1211,79466,195518,0,0,0,0,1260,396,0,0,0,3790,9400
8,W3,4,4,8,8,1,0,0,0,4,0,0,410,370,0,0,10,10,0,400,360,0,0.000000,0,5332,0.000000,0,0,0,0,484,951,412,89,395,28926,58946,40,0,0,0,484,0,9,0,40,1702,9400
9,W3,4,4,8,8,1,0,0,0,4,0,0,410,370,0,0,10,10,0,400,360,0,0.000000,0,10450,0.000000,0,0,0,0,889,3442,818,89,800,54828,218898,40,0,0,0,889,775,9,0,40,4000,9400
10,W3,4,4,8,8,1,0,0,0,4,0,0,410,370,0,0,10,10,0,400,360,0,0.000000,0,4838,0.000000,0,0,0,0,90,523,19,90,0,3686,31300,40,0,0,0,90,0,9,0,40,787,9400
11,W3,4,4,8,8,0,0,0,0,0,0,0,410,410,0,0,10,10,0,400,400,0,0.000000,0,52890,0.000000,0,0,0,0,469,2209,26,59,410,28618,139096,0,0,0,0,469,782,0,0,0,2297,9400
12,W3,4,4,8,8,1,0,0,0,4,0,0,410,370,0,0,10,10,0,400,360,0,0.000000,0,6224,0.000000,0,0,0,0,1276,2199,1205,77,1199,79870,138986,40,0,0,0,1276,387,9,0,40,3507,9400
13,W3,4,4,8,8,1,0,0,0,4,0,0,410,370,0,0,10,10,0,400,360,0,0.000000,0,6344,0.000000,0,0,0,0,503,3424,436,102,401,29836,217402,40,0,0,0,503,1558,9,0,40,3805,9400
14,W3,4,4,8,8,1,0,0,0,4,0,0,410,370,0,0,10,10,0,400,360,0,0.000000,0,6130,0.000000,0,0,0,0,509,4299,441,107,402,30094,273498,40,0,0,0,509,784,9,0,40,4098,9400
15,W3,4,4,8,8,0,0,0,0,0,0,0,410,410,0,0,10,10,0,400,400,0,0.000000,0,53056,0.000000,0,0,0,0,867,3872,425,53,814,54194,246130,0,0,0,0,867,1173,0,0,0,4031,9400
16,W3,4,4,8,8,1,0,0,0,4,0,0,410,370,0,0,10,10,0,400,360,0,0.000000,0,6382,0.000000,0,0,0,0,109,3862,41,109,0,4462,245352,40,0,0,0,109,1566,9,0,40,3459,9400
17,W3,4,4,8,8,0,0,0,0,0,0,0,410,410,394,0,10,10,8,400,400,386,96.097561,12608,53018,23.780603,20,20,30,30,876,4331,435,67,809,54466,275438,0,0,0,0,876,780,0,0,0,4173,9400
18,W3,4,4,8,8,1,0,0,0,4,0,0,410,370,0,0,10,10,0,400,360,0,0.000000,0,7226,0.000000,0,0,0,0,1279,4727,1212,79,1200,79994,301164,40,0,0,0,1279,1184,9,0,40,5548,9400
19,W3,4,4,8,8,1,0,0,0,4,0,0,410,370,0,0,10,10,0,400,360,0,0.000000,0,6810,0.000000,0,0,0,0,499,4247,433,102,397,29572,270302,40,0,0,0,499,1171,9,0,40,4169,9400
20,W3,4,4,8,8,1,0,0,0,4,0,0,410,370,0,0,10,10,0,400,360,0,0.000000,0,8020,0.000000,0,0,0,0,876,4660,808,80,796,54176,297148,40,0,0,0,876,1165,9,0,40,5112,9400
21,W3,4,4,8,8,0,0,0,0,0,0,0,410,410,0,0,10,10,0,400,400,0,0.000000,0,52890,0.000000,0,0,0,0,1267,4301,826,54,1213,79788,274004,0,0,0,0,1267,774,0,0,0,4489,9400
22,W3,4,4,8,8,0,0,0,0,0,0,0,410,410,0,0,10,10,0,400,400,0,0.000000,0,53248,0.000000,0,0,0,0,880,4285,438,67,813,54730,272738,0,0,0,0,880,778,0,0,0,4025,9400
23,W3,4,4,8,8,0,0,0,0,0,0,0,410,410,0,0,10,10,0,400,400,0,0.000000,0,52736,0.000000,0,0,0,0,486,3863,44,76,410,29316,245350,0,0,0,0,486,780,0,0,0,3235,9400
24,W3,4,4,8,8,1,0,0,0,4,0,0,410,370,0,0,10,10,0,400,360,0,0.000000,0,5866,0.000000,0,0,0,0,509,2632,438,104,405,30178,166454,40,0,0,0,509,395,9,0,40,2800,9400
25,W3,4,4,8,8,1,0,0,0,4,0,0,410,370,0,0,10,10,0,400,360,0,0.000000,0,5470,0.000000,0,0,0,0,110,2627,40,110,0,4510,165988,40,0,0,0,110,0,9,0,40,2244,9400
26,W3,4,4,8,8,1,0,0,0,4,0,0,410,370,0,0,10,10,0,400,360,0,0.000000,0,7138,0.000000,0,0,0,0,883,4679,815,92,791,54378,298074,40,0,0,0,883,1159,9,0,40,4778,9400
27,W3,4,4,8,8,0,0,0,0,0,0,0,410,410,0,0,10,10,0,400,400,0,0.000000,0,53120,0.000000,0,0,0,0,870,4269,428,62,808,54188,271644,0,0,0,0,870,1168,0,0,0,4007,9400
28,W3,4,4,8,8,0,0,0,0,0,0,0,410,410,385,0,10,10,9,400,400,376,93.902439,12320,52992,23.248792,20,20,30,30,1654,5121,1212,44,1610,104760,326526,0,0,0,0,1654,786,0,0,0,5441,9400
29,W3,4,4,8,8,1,0,0,0,4,0,0,410,370,0,0,10,10,0,400,360,0,0.000000,0,6134,0.000000,0,0,0,0,113,3864,46,113,0,4628,245494,40,0,0,0,113,1164,9,0,40,3583,9400
30,W3,4,4,8,8,1,0,0,0,4,0,0,410,370,0,0,10,10,0,400,360,0,0.000000,0,7642,0.000000,0,0,0,0,504,4306,436,99,405,29956,273972,40,0,0,0,504,1568,9,0,40,4264,9400
31,W3,4,4,8,8,1,0,0,0,4,0,0,410,370,0,0,10,10,0,400,360,0,0.000000,0,5966,0.000000,0,0,0,0,111,3861,44,111,0,4550,245312,40,0,0,0,111,1165,9,0,40,3450,9400
32,W3,4,4,8,8,1,0,0,0,4,0,0,410,370,0,0,10,10,0,400,360,0,0.000000,0,6886,0.000000,0,0,0,0,878,4670,810,85,793,54206,297686,40,0,0,0,878,1155,9,0,40,4822,9400
33,W3,4,4,8,8,1,0,0,0,4,0,0,410,370,0,0,10,10,0,400,360,0,0.000000,0,8398,0.000000,0,0,0,0,1266,5105,1198,71,1195,79334,325698,40,0,0,0,1266,1165,9,0,40,5458,9400
34,W3,4,4,8,8,1,0,0,0,4,0,0,410,370,0,0,10,10,0,400,360,0,0.000000,0,5966,0.000000,0,0,0,0,100,3832,33,100,0,4076,243594,40,0,0,0,100,1556,9,0,40,3528,9400
35,W3,4,4,8,8,0,0,0,0,0,0,0,410,410,0,0,10,10,0,400,400,0,0.000000,0,52928,0.000000,0,0,0,0,884,4295,442,76,808,54788,273404,0,0,0,0,884,794,0,0,0,4092,9400
36,W3,4,4,8,8,0,0,0,0,0,0,0,410,410,0,0,10,10,0,400,400,0,0.000000,0,53056,0.000000,0,0,0,0,492,3869,50,82,410,29568,245898,0,0,0,0,492,787,0,0,0,3459,9400
37,W3,4,4,8,8,0,0,0,0,0,0,0,410,410,393,0,10,10,10,400,400,383,95.853659,12576,53120,23.674699,20,20,30,30,882,4303,440,74,808,54692,273822,0,0,0,0,882,775,0,0,0,4117,9400
38,W3,4,4,8,8,1,0,0,0,4,0,0,410,370,0,0,10,10,0,400,360,0,0.000000,0,5966,0.000000,0,0,0,0,500,4257,433,100,400,29676,270744,40,0,0,0,500,1561,9,0,40,4156,9400
39,W3,4,4,8,8,0,0,0,0,0,0,0,410,410,0,0,10,10,0,400,400,0,0.000000,0,53120,0.000000,0,0,0,0,1648,5178,1206,47,1601,104310,330142,0,0,0,0,1648,1182,0,0,0,5442,9400
40,W3,4,4,8,8,1,0,0,0,4,0,0,410,370,0,0,10,10,0,400,360,0,0.000000,0,5424,0.000000,0,0,0,0,1273,5135,1207,75,1198,79702,327430,40,0,0,0,1273,1570,9,0,40,5621,9400
41,W3,4,4,8,8,1,0,0,0,4,0,0,410,370,0,0,10,10,0,400,360,0,0.000000,0,6130,0.000000,0,0,0,0,1286,5182,1218,77,1209,80482,330302,40,0,0,0,1286,1178,9,0,40,5582,9400
42,W3,4,4,8,8,1,0,0,0,4,0,0,410,370,0,0,10,10,0,400,360,0,0.000000,0,5626,0.000000,0,0,0,0,1269,4662,1201,77,1192,79394,297122,40,0,0,0,1269,1161,9,0,40,5231,9400
43,W3,4,4,8,8,0,0,0,0,0,0,0,410,410,394,0,10,10,10,400,400,384,96.097561,12608,53184,23.706378,20,20,30,30,1648,5154,1206,41,1607,104442,328418,0,0,0,0,1648,1164,0,0,0,5558,9400
44,W3,4,4,8,8,0,0,0,0,0,0,0,410,410,0,0,10,10,0,400,400,0,0.000000,0,53274,0.000000,0,0,0,0,1260,4665,819,49,1211,79438,297328,0,0,0,0,1260,1164,0,0,0,4939,9400
45,W3,4,4,8,8,1,0,0,0,4,0,0,410,370,0,0,10,10,0,400,360,0,0.000000,0,5336,0.000000,0,0,0,0,1272,5134,1205,67,1205,79810,327582,40,0,0,0,1272,1163,9,0,40,5389,9400
46,W3,4,4,8,8,1,0,0,0,4,0,0,410,370,0,0,10,10,0,400,360,0,0.000000,0,5210,0.000000,0,0,0,0,1271,5114,1204,67,1204,79746,326258,40,0,0,0,1271,1562,9,0,40,5652,9400
47,W3,4,4,8,8,1,0,0,0,4,0,0,410,370,0,0,10,10,0,400,360,0,0.000000,0,6344,0.000000,0,0,0,0,1284,5131,1217,79,1205,80314,327060,40,0,0,0,1284,1551,9,0,40,5573,9400
48,W3,4,4,8,8,1,0,0,0,4,0,0,410,370,0,0,10,10,0,400,360,0,0.000000,0,5550,0.000000,0,0,0,0,1279,5142,1213,78,1201,80020,327826,40,0,0,0,1279,1174,9,0,40,5470,9400
49,W3,4,4,8,8,1,0,0,0,4,0,0,410,370,0,0,10,10,0,400,360,0,0.000000,0,5626,0.000000,0,0,0,0,1282,5153,1214,80,1202,80160,328386,40,0,0,0,1282,1159,9,0,40,5748,9400
50,W3,4,4,8,8,0,0,0,0,0,0,0,410,410,0,0,10,10,0,400,400,0,0.000000,0,52992,0.000000,0,0,0,0,1646,5134,1204,38,1608,104380,327406,0,0,0,0,1646,1171,0,0,0,5541,9400
51,W3,4,4,8,8,1,0,0,0,4,0,0,410,370,0,0,10,10,0,400,360,0,0.000000,0,6634,0.000000,0,0,0,0,1272,5162,1204,68,1204,79784,329290,40,0,0,0,1272,1576,9,0,40,5788,9400
52,W3,4,4,8,8,1,0,0,0,4,0,0,410,370,0,0,10,10,0,400,360,0,0.000000,0,5500,0.000000,0,0,0,0,1279,5129,1211,77,1202,80034,327196,40,0,0,0,1279,1164,9,0,40,5564,9400
53,W3,4,4,8,8,0,0,0,0,0,0,0,410,410,395,0,10,10,9,400,400,386,96.341463,12640,53248,23.737981,20,20,30,30,1266,4741,824,59,1207,79598,302112,0,0,0,0,1266,785,0,0,0,4735,9400
54,W3,4,4,8,8,0,0,0,0,0,0,0,410,410,0,0,10,10,0,400,400,0,0.000000,0,52608,0.000000,0,0,0,0,1660,5108,1218,50,1610,105012,325768,0,0,0,0,1660,777,0,0,0,5514,9400
55,W3,4,4,8,8,0,0,0,0,0,0,0,410,410,0,0,10,10,0,400,400,0,0.000000,0,53274,0.000000,0,0,0,0,1656,5125,1215,46,1610,104848,326756,0,0,0,0,1656,794,0,0,0,5678,9400
56,W3,4,4,8,8,1,0,0,0,4,0,0,410,370,0,0,10,10,0,400,360,0,0.000000,0,5374,0.000000,0,0,0,0,1279,5183,1211,77,1202,80034,330428,40,0,0,0,1279,1556,9,0,40,5712,9400
57,W3,4,4,8,8,0,0,0,0,0,0,0,410,410,390,0,10,10,10,400,400,380,95.121951,12480,52864,23.607748,20,20,30,30,1647,5118,1205,41,1606,104378,326170,0,0,0,0,1647,1162,0,0,0,5420,9400
58,W3,4,4,8,8,1,0,0,0,4,0,0,410,370,0,0,10,10,0,400,360,0,0.000000,0,5626,0.000000,0,0,0,0,1271,5194,1203,77,1194,79522,331188,40,0,0,0,1271,1173,9,0,40,5569,9400
59,W3,4,4,8,8,0,0,0,0,0,0,0,410,410,0,0,10,10,0,400,400,0,0.000000,0,52660,0.000000,0,0,0,0,1643,5147,1203,39,1604,104174,328316,0,0,0,0,1643,1165,0,0,0,5491,9400
60,W3,4,4,8,8,0,0,0,0,0,0,0,410,410,0,0,10,10,0,400,400,0,0.000000,0,53120,0.000000,0,0,0,0,1653,4722,1211,44,1609,104696,301006,0,0,0,0,1653,775,0,0,0,5067,9400
61,W3,4,4,8,8,1,0,0,0,4,0,0,410,370,0,0,10,10,0,400,360,0,0.000000,0,5626,0.000000,0,0,0,0,1275,5082,1207,80,1195,79712,324214,40,0,0,0,1275,1171,9,0,40,5244,9400
62,W3,4,4,8,8,0,0,0,0,0,0,0,410,410,396,0,10,10,8,400,400,388,96.585366,12672,53184,23.826715,20,20,30,30,1635,4995,1193,32,1603,103808,318646,0,0,0,0,1635,773,0,0,0,5198,9400
63,W3,4,4,8,8,1,0,0,0,4,0,0,410,370,0,0,10,10,0,400,360,0,0.000000,0,5966,0.000000,0,0,0,0,1277,5158,1210,67,1210,80130,329192,40,0,0,0,1277,1557,9,0,40,5607,9400
64,W3,4,4,8,8,0,0,0,0,0,0,0,410,410,0,0,10,10,0,400,400,0,0.000000,0,53120,0.000000,0,0,0,0,1251,4709,809,41,1210,79034,300084,0,0,0,0,1251,1187,0,0,0,4680,9400
65,W3,4,4,8,8,1,0,0,0,4,0,0,410,370,0,0,10,10,0,400,360,0,0.000000,0,6382,0.000000,0,0,0,0,1276,5113,1208,68,1208,80040,326184,40,0,0,0,1276,1159,9,0,40,5201,9400
66,W3,4,4,8,8,0,0,0,0,0,0,0,410,410,0,0,10,10,0,400,400,0,0.000000,0,53210,0.000000,0,0,0,0,1654,5132,1213,40,1614,104852,327426,0,0,0,0,1654,781,0,0,0,5260,9400
67,W3,4,4,8,8,1,0,0,0,4,0,0,410,370,0,0,10,10,0,400,360,0,0.000000,0,6382,0.000000,0,0,0,0,1281,5160,1213,77,1204,80162,329106,40,0,0,0,1281,788,9,0,40,5357,9400
68,W3,4,4,8,8,1,0,0,0,4,0,0,410,370,0,0,10,10,0,400,360,0,0.000000,0,5336,0.000000,0,0,0,0,1268,5128,1201,67,1201,79554,326998,40,0,0,0,1268,1547,9,0,40,5398,9400
69,W3,4,4,8,8,1,0,0,0,4,0,0,410,370,0,0,10,10,0,400,360,0,0.000000,0,5752,0.000000,0,0,0,0,1270,5102,1202,68,1202,79656,325376,40,0,0,0,1270,1565,9,0,40,5393,9400
70,W3,4,4,8,8,1,0,0,0,4,0,0,410,370,0,0,10,10,0,400,360,0,0.000000,0,5626,0.000000,0,0,0,0,1275,5108,1207,68,1207,79976,325756,40,0,0,0,1275,1181,9,0,40,5284,9400
71,W3,4,4,8,8,1,0,0,0,4,0,0,410,370,0,0,10,10,0,400,360,0,0.000000,0,6004,0.000000,0,0,0,0,1284,5129,1216,77,1207,80354,327002,40,0,0,0,1284,1559,9,0,40,5433,9400
72,W3,4,4,8,8,1,0,0,0,4,0,0,410,370,0,0,10,10,0,400,360,0,0.000000,0,5374,0.000000,0,0,0,0,507,4098,439,106,401,30000,260546,40,0,0,0,507,783,9,0,40,3996,9400
73,W3,4,4,8,8,0,0,0,0,0,0,0,410,410,0,0,10,10,0,400,400,0,0.000000,0,53376,0.000000,0,0,0,0,877,4325,435,65,812,54570,275088,0,0,0,0,877,779,0,0,0,4068,9400
74,W3,4,4,8,8,1,0,0,0,4,0,0,410,370,0,0,10,10,0,400,360,0,0.000000,0,6092,0.000000,0,0,0,0,1283,5169,1216,73,1210,80382,329618,40,0,0,0,1283,1564,9,0,40,5461,9400
75,W3,4,4,8,8,1,0,0,0,4,0,0,410,370,0,0,10,10,0,400,360,0,0.000000,0,4996,0.000000,0,0,0,0,104,3849,36,104,0,4240,244342,40,0,0,0,104,1167,9,0,40,3247,9400
76,W3,4,4,8,8,1,0,0,0,4,0,0,410,370,0,0,10,10,0,400,360,0,0.000000,0,6256,0.000000,0,0,0,0,1279,5146,1211,74,1205,80100,327952,40,0,0,0,1279,1957,9,0,40,5633,9400
77,W3,4,4,8,8,1,0,0,0,4,0,0,410,370,0,0,10,10,0,400,360,0,0.000000,0,5500,0.000000,0,0,0,0,1271,5121,1203,77,1194,79522,326526,40,0,0,0,1271,1166,9,0,40,5472,9400
78,W3,4,4,8,8,0,0,0,0,0,0,0,410,410,0,0,10,10,0,400,400,0,0.000000,0,52672,0.000000,0,0,0,0,1644,4692,1202,44,1600,104120,298898,0,0,0,0,1644,1164,0,0,0,5120,9400
79,W3,4,4,8,8,0,0,0,0,0,0,0,410,410,389,0,10,10,8,400,400,381,94.878049,12448,52788,23.581117,20,20,30,30,1656,5118,1216,42,1614,104940,326346,0,0,0,0,1656,1153,0,0,0,5430,9400
80,W3,4,4,8,8,1,0,0,0,4,0,0,410,370,0,0,10,10,0,400,360,0,0.000000,0,5374,0.000000,0,0,0,0,1278,5165,1210,77,1201,79970,329548,40,0,0,0,1278,1168,9,0,40,5419,9400
81,W3,4,4,8,8,1,0,0,0,4,0,0,410,370,0,0,10,10,0,400,360,0,0.000000,0,8738,0.000000,0,0,0,0,1269,5145,1202,67,1202,79618,328368,40,0,0,0,1269,1167,9,0,40,5286,9400
82,W3,4,4,8,8,0,0,0,0,0,0,0,410,410,0,0,10,10,0,400,400,0,0.000000,0,52928,0.000000,0,0,0,0,1651,4313,1209,47,1604,104502,274778,0,0,0,0,1651,791,0,0,0,4731,9400
83,W3,4,4,8,8,0,0,0,0,0,0,0,410,410,0,0,10,10,0,400,400,0,0.000000,0,53018,0.000000,0,0,0,0,1646,5066,1205,40,1606,104340,323278,0,0,0,0,1646,1161,0,0,0,5283,9400
84,W3,4,4,8,8,0,0,0,0,0,0,0,410,410,386,0,10,10,9,400,400,377,94.146341,12352,52928,23.337364,20,20,30,30,1665,5111,1223,41,1624,105530,326210,0,0,0,0,1665,1185,0,0,0,5549,9400
85,W3,4,4,8,8,0,0,0,0,0,0,0,410,410,0,0,10,10,0,400,400,0,0.000000,0,53146,0.000000,0,0,0,0,1651,4335,1210,40,1611,104660,276226,0,0,0,0,1651,1166,0,0,0,5004,9400
86,W3,4,4,8,8,1,0,0,0,4,0,0,410,370,0,0,10,10,0,400,360,0,0.000000,0,5168,0.000000,0,0,0,0,1264,5110,1197,76,1188,79100,325602,40,0,0,0,1264,1163,9,0,40,5409,9400
87,W3,4,4,8,8,1,0,0,0,4,0,0,410,370,0,0,10,10,0,400,360,0,0.000000,0,5714,0.000000,0,0,0,0,1276,4811,1209,79,1197,79802,306732,40,0,0,0,1276,492,9,0,40,4997,9400
88,W3,4,4,8,8,1,0,0,0,4,0,0,410,370,0,0,10,10,0,400,360,0,0.000000,0,5878,0.000000,0,0,0,0,1278,5176,1210,74,1204,80036,329798,40,0,0,0,1278,1558,9,0,40,5497,9400
89,W3,4,4,8,8,0,0,0,0,0,0,0,410,410,0,0,10,10,0,400,400,0,0.000000,0,53376,0.000000,0,0,0,0,1665,5183,1223,47,1618,105398,330462,0,0,0,0,1665,783,0,0,0,5294,9400
90,W3,4,4,8,8,1,0,0,0,4,0,0,410,370,0,0,10,10,0,400,360,0,0.000000,0,5626,0.000000,0,0,0,0,1278,5168,1210,77,1201,79970,329578,40,0,0,0,1278,1179,9,0,40,5507,9400
91,W3,4,4,8,8,1,0,0,0,4,0,0,410,370,0,0,10,10,0,400,360,0,0.000000,0,5626,0.000000,0,0,0,0,1270,5131,1202,77,1193,79458,327192,40,0,0,0,1270,1557,9,0,40,5466,9400
92,W3,4,4,8,8,1,0,0,0,4,0,0,410,370,0,0,10,10,0,400,360,0,0.000000,0,5752,0.000000,0,0,0,0,1278,5107,1210,80,1198,79904,325508,40,0,0,0,1278,1165,9,0,40,5519,9400
93,W3,4,4,8,8,1,0,0,0,4,0,0,410,370,0,0,10,10,0,400,360,0,0.000000,0,5626,0.000000,0,0,0,0,1281,5176,1213,80,1201,80096,329876,40,0,0,0,1281,1175,9,0,40,5449,9400
94,W3,4,4,8,8,1,0,0,0,4,0,0,410,370,0,0,10,10,0,400,360,0,0.000000,0,6004,0.000000,0,0,0,0,1279,5107,1211,77,1202,80034,325494,40,0,0,0,1279,1175,9,0,40,5411,9400
95,W3,4,4,8,8,0,0,0,0,0,0,0,410,410,387,0,10,10,9,400,400,378,94.390244,12384,52736,23.483010,20,20,30,30,1650,4526,1208,47,1603,104438,288410,0,0,0,0,1650,578,0,0,0,4855,9400
96,W3,4,4,8,8,1,0,0,0,4,0,0,410,370,0,0,10,10,0,400,360,0,0.000000,0,8188,0.000000,0,0,0,0,1276,5140,1208,80,1196,79776,327828,40,0,0,0,1276,1178,9,0,40,5586,9400
97,W3,4,4,8,8,0,0,0,0,0,0,0,410,410,0,0,10,10,0,400,400,0,0.000000,0,52928,0.000000,0,0,0,0,1653,5130,1211,47,1606,104630,327128,0,0,0,0,1653,776,0,0,0,5278,9400
98,W3,4,4,8,8,0,0,0,0,0,0,0,410,410,395,0,10,10,10,400,400,385,96.341463,12640,53248,23.737981,20,20,30,30,1657,5130,1215,44,1613,104952,327168,0,0,0,0,1657,1179,0,0,0,5396,9400
99,W3,4,4,8,8,0,0,0,0,0,0,0,410,410,0,0,10,10,0,400,400,0,0.000000,0,52954,0.000000,0,0,0,0,1654,5144,1213,40,1614,104852,328142,0,0,0,0,1654,1175,0,0,0,5530,9400
100,W3,4,4,8,8,0,0,0,0,0,0,0,410,410,0,0,10,10,0,400,400,0,0.000000,0,52608,0.000000,0,0,0,0,1653,4705,1211,44,1609,104696,299932,0,0,0,0,1653,780,0,0,0,5104,9400
101,W3,4,4,8,8,1,0,0,0,4,0,0,410,370,0,0,10,10,0,400,360,0,0.000000,0,5500,0.000000,0,0,0,0,1274,5142,1206,80,1194,79648,327778,40,0,0,0,1274,1176,9,0,40,5599,9400
102,W3,4,4,8,8,1,0,0,0,4,0,0,410,370,0,0,10,10,0,400,360,0,0.000000,0,6596,0.000000,0,0,0,0,1274,5153,1207,82,1192,79608,328538,40,0,0,0,1274,1177,9,0,40,5509,9400
103,W3,4,4,8,8,1,0,0,0,4,0,0,410,370,0,0,10,10,0,400,360,0,0.000000,0,6130,0.000000,0,0,0,0,1271,5115,1203,80,1191,79456,326210,40,0,0,0,1271,1161,9,0,40,5438,9400
104,W3,4,4,8,8,1,0,0,0,4,0,0,410,370,0,0,10,10,0,400,360,0,0.000000,0,5840,0.000000,0,0,0,0,1280,5138,1213,73,1207,80190,327676,40,0,0,0,1280,1166,9,0,40,5536,9400
105,W3,4,4,8,8,1,0,0,0,4,0,0,410,370,0,0,10,10,0,400,360,0,0.000000,0,6634,0.000000,0,0,0,0,1269,5140,1201,68,1201,79592,327854,40,0,0,0,1269,1164,9,0,40,5448,9400
106,W3,4,4,8,8,0,0,0,0,0,0,0,410,410,387,0,10,10,10,400,400,377,94.390244,12384,52890,23.414634,20,20,30,30,1647,5115,1206,34,1613,104536,326172,0,0,0,0,1647,1165,0,0,0,5520,9400
107,W3,4,4,8,8,1,0,0,0,4,0,0,410,370,0,0,10,10,0,400,360,0,0.000000,0,5588,0.000000,0,0,0,0,1274,5121,1207,73,1201,79806,326650,40,0,0,0,1274,1174,9,0,40,5429,9400
108,W3,4,4,8,8,1,0,0,0,4,0,0,410,370,0,0,10,10,0,400,360,0,0.000000,0,7894,0.000000,0,0,0,0,1262,5146,1194,68,1194,79144,328180,40,0,0,0,1262,1571,9,0,40,5494,9400
109,W3,4,4,8,8,1,0,0,0,4,0,0,410,370,0,0,10,10,0,400,360,0,0.000000,0,5500,0.000000,0,0,0,0,1269,5120,1201,80,1189,79328,326606,40,0,0,0,1269,782,9,0,40,5251,9400
110,W3,4,4,8,8,1,0,0,0,4,0,0,410,370,0,0,10,10,0,400,360,0,0.000000,0,5840,0.000000,0,0,0,0,1274,5102,1207,73,1201,79806,325528,40,0,0,0,1274,1162,9,0,40,5405,9400
111,W3,4,4,8,8,0,0,0,0,0,0,0,410,410,0,0,10,10,0,400,400,0,0.000000,0,52928,0.000000,0,0,0,0,1645,4271,1203,44,1601,104184,272032,0,0,0,0,1645,787,0,0,0,4739,9400
112,W3,4,4,8,8,1,0,0,0,4,0,0,410,370,0,0,10,10,0,400,360,0,0.000000,0,7138,0.000000,0,0,0,0,1266,5142,1198,68,1198,79400,327958,40,0,0,0,1266,1555,9,0,40,5629,9400
113,W3,4,4,8,8,1,0,0,0,4,0,0,410,370,0,0,10,10,0,400,360,0,0.000000,0,6004,0.000000,0,0,0,0,1271,5109,1203,77,1194,79522,325788,40,0,0,0,1271,1155,9,0,40,5469,9400
114,W3,4,4,8,8,1,0,0,0,4,0,0,410,370,0,0,10,10,0,400,360,0,0.000000,0,4240,0.000000,0,0,0,0,1288,2623,1220,83,1205,80478,166636,40,0,0,0,1288,772,9,0,40,3785,9400
115,W3,4,4,7,7,0,0,0,0,0,0,0,410,410,0,0,10,10,0,400,400,0,0.000000,0,53056,0.000000,0,0,0,0,1664,1352,1222,59,1605,105070,85226,0,0,0,0,1664,0,0,0,0,2672,9400
116,W3,4,4,8,8,0,0,0,0,0,0,0,410,410,392,0,10,10,10,400,400,382,95.609756,12544,53120,23.614458,20,20,30,30,1665,1336,1223,47,1618,105398,84410,0,0,0,0,1665,0,0,0,0,2654,9400
117,W3,4,4,8,8,0,0,0,0,0,0,0,410,410,0,0,10,10,0,400,400,0,0.000000,0,52468,0.000000,0,0,0,0,1661,1346,1221,42,1619,105260,85276,0,0,0,0,1661,0,0,0,0,2592,9400
118,W3,4,4,8,8,0,0,0,0,0,0,0,410,410,386,0,10,10,10,400,400,376,94.146341,12352,52928,23.337364,20,20,30,30,1655,1344,1213,47,1608,104758,85022,0,0,0,0,1655,0,0,0,0,2647,9400
119,W3,4,4,6,6,0,0,0,0,0,0,0,410,410,388,0,10,10,10,400,400,378,94.634146,12416,52928,23.458283,20,20,30,30,1661,1330,1219,59,1602,104878,83980,0,0,0,0,1661,0,0,0,0,2569,9400
120,W3,4,4,6,6,0,0,0,0,0,0,0,410,410,392,0,10,10,10,400,400,382,95.609756,12544,52724,23.791822,20,20,30,30,1666,1356,1226,57,1609,105250,85810,0,0,0,0,1666,0,0,0,0,2668,9400
121,W3,4,4,7,7,0,0,0,0,0,0,0,410,410,0,0,10,10,0,400,400,0,0.000000,0,53312,0.000000,0,0,0,0,1670,1362,1228,59,1611,105454,85964,0,0,0,0,1670,0,0,0,0,2682,9400
122,W3,4,4,8,8,0,0,0,0,0,0,0,410,410,394,0,10,10,10,400,400,384,96.097561,12608,53120,23.734940,20,20,30,30,1683,1348,1241,59,1624,106286,85176,0,0,0,0,1683,0,0,0,0,2697,9400
123,W3,4,4,8,8,0,0,0,0,0,0,0,410,410,0,0,10,10,0,400,400,0,0.000000,0,53210,0.000000,0,0,0,0,1669,1340,1228,58,1611,105416,84742,0,0,0,0,1669,0,0,0,0,2600,9400
124,W3,4,4,7,7,0,0,0,0,0,0,0,410,410,0,0,10,10,0,400,400,0,0.000000,0,53376,0.000000,0,0,0,0,1654,1319,1212,59,1595,104430,83194,0,0,0,0,1654,0,0,0,0,2600,9400
125,W3,4,4,8,8,0,0,0,0,0,0,0,410,410,390,0,10,10,9,400,400,381,95.121951,12480,53044,23.527637,20,20,30,30,1667,1348,1227,57,1610,105314,85202,0,0,0,0,1667,0,0,0,0,2579,9400
126,W3,4,4,8,8,0,0,0,0,0,0,0,410,410,0,0,10,10,0,400,400,0,0.000000,0,52660,0.000000,0,0,0,0,1252,908,812,54,1198,78820,56804,0,0,0,0,1252,0,0,0,0,2100,9400
127,W3,4,4,8,8,0,0,0,0,0,0,0,410,410,0,0,10,10,0,400,400,0,0.000000,0,52800,0.000000,0,0,0,0,1658,1332,1216,59,1599,104686,84078,0,0,0,0,1658,0,0,0,0,2782,9400
128,W3,4,4,7,7,0,0,0,0,0,0,0,410,410,0,0,10,10,0,400,400,0,0.000000,0,52864,0.000000,0,0,0,0,1642,1315,1200,41,1601,104058,83158,0,0,0,0,1642,0,0,0,0,2637,9400
129,W3,4,4,8,8,0,0,0,0,0,0,0,410,410,0,0,10,10,0,400,400,0,0.000000,0,52826,0.000000,0,0,0,0,1648,1318,1207,40,1608,104468,83454,0,0,0,0,1648,0,0,0,0,2590,9400
130,W3,4,4,8,8,0,0,0,0,0,0,0,410,410,0,0,10,10,0,400,400,0,0.000000,0,53248,0.000000,0,0,0,0,1648,1323,1206,41,1607,104442,83722,0,0,0,0,1648,0,0,0,0,2605,9400
131,W3,4,4,7,7,1,0,0,0,4,0,0,410,370,0,0,10,10,0,400,360,0,0.000000,0,4076,0.000000,0,0,0,0,1266,1329,1199,73,1193,79294,84128,40,0,0,0,1266,0,9,0,40,2787,9400
132,W3,4,4,8,8,0,0,0,0,0,0,0,410,410,388,0,10,10,9,400,400,379,94.634146,12416,52992,23.429952,20,20,30,30,1659,1345,1217,50,1609,104948,85038,0,0,0,0,1659,0,0,0,0,2607,9400
133,W3,4,4,8,8,0,0,0,0,0,0,0,410,410,0,0,10,10,0,400,400,0,0.000000,0,53184,0.000000,0,0,0,0,1644,1337,1202,47,1597,104054,84522,0,0,0,0,1644,0,0,0,0,2578,9400
134,W3,4,4,8,8,0,0,0,0,0,0,0,410,410,0,0,10,10,0,400,400,0,0.000000,0,53120,0.000000,0,0,0,0,1663,1335,1221,53,1610,105138,84388,0,0,0,0,1663,0,0,0,0,2644,9400
135,W3,4,4,8,8,0,0,0,0,0,0,0,410,410,0,0,10,10,0,400,400,0,0.000000,0,53248,0.000000,0,0,0,0,1648,1331,1206,47,1601,104310,84080,0,0,0,0,1648,0,0,0,0,2566,9400
136,W3,4,4,8,8,0,0,0,0,0,0,0,410,410,0,0,10,10,0,400,400,0,0.000000,0,53120,0.000000,0,0,0,0,1663,1346,1221,50,1613,105204,85040,0,0,0,0,1663,0,0,0,0,2549,9400
137,W3,4,4,7,7,0,0,0,0,0,0,0,410,410,395,0,10,10,10,400,400,385,96.341463,12640,53364,23.686380,20,20,30,30,1658,1345,1218,48,1610,104936,85046,0,0,0,0,1658,0,0,0,0,2586,9400
138,W3,4,4,7,7,0,0,0,0,0,0,0,410,410,0,0,10,10,0,400,400,0,0.000000,0,52928,0.000000,0,0,0,0,1669,1329,1227,53,1616,105522,84052,0,0,0,0,1669,0,0,0,0,2656,9400
139,W3,4,4,7,7,0,0,0,0,0,0,0,410,410,390,0,10,10,10,400,400,380,95.121951,12480,53056,23.522316,20,20,30,30,1667,1341,1225,53,1614,105394,84816,0,0,0,0,1667,0,0,0,0,2571,9400
140,W3,4,4,8,8,0,0,0,0,0,0,0,410,410,0,0,10,10,0,400,400,0,0.000000,0,52992,0.000000,0,0,0,0,1673,1350,1231,59,1614,105646,85100,0,0,0,0,1673,0,0,0,0,2718,9400
141,W3,4,4,7,7,0,0,0,0,0,0,0,410,410,392,0,10,10,9,400,400,383,95.609756,12544,53184,23.586041,20,20,30,30,1674,1349,1232,59,1615,105710,85122,0,0,0,0,1674,0,0,0,0,2690,9400
142,W3,4,4,7,7,0,0,0,0,0,0,0,410,410,0,0,10,10,0,400,400,0,0.000000,0,53274,0.000000,0,0,0,0,1665,1342,1224,58,1607,105160,84718,0,0,0,0,1665,0,0,0,0,2697,9400
143,W3,4,4,7,7,0,0,0,0,0,0,0,410,410,0,0,10,10,0,400,400,0,0.000000,0,53120,0.000000,0,0,0,0,1677,1362,1235,59,1618,105902,85998,0,0,0,0,1677,0,0,0,0,2724,9400
144,W3,4,4,7,7,0,0,0,0,0,0,0,410,410,0,0,10,10,0,400,400,0,0.000000,0,53120,0.000000,0,0,0,0,1675,1334,1233,59,1616,105774,84240,0,0,0,0,1675,0,0,0,0,2671,9400
145,W3,4,4,8,8,0,0,0,0,0,0,0,410,410,0,0,10,10,0,400,400,0,0.000000,0,52992,0.000000,0,0,0,0,1667,1347,1225,59,1608,105262,85016,0,0,0,0,1667,0,0,0,0,2661,9400
146,W3,4,4,8,8,0,0,0,0,0,0,0,410,410,391,0,10,10,9,400,400,382,95.365854,12512,53044,23.587965,20,20,30,30,1667,1336,1227,57,1610,105314,84386,0,0,0,0,1667,0,0,0,0,2670,9400
147,W3,4,4,7,7,0,0,0,0,0,0,0,410,410,394,0,10,10,9,400,400,385,96.097561,12608,53108,23.740303,20,20,30,30,1659,1342,1219,51,1608,104934,84796,0,0,0,0,1659,0,0,0,0,2737,9400
148,W3,4,4,8,8,0,0,0,0,0,0,0,410,410,389,0,10,10,10,400,400,379,94.878049,12448,52954,23.507195,20,20,30,30,1669,1334,1228,58,1611,105416,84188,0,0,0,0,1669,0,0,0,0,2659,9400
149,W3,4,4,8,8,0,0,0,0,0,0,0,410,410,0,0,10,10,0,400,400,0,0.000000,0,52954,0.000000,0,0,0,0,1642,1328,1201,37,1605,104150,84064,0,0,0,0,1642,0,0,0,0,2586,9400
150,W3,4,4,8,8,0,0,0,0,0,0,0,410,410,0,0,10,10,0,400,400,0,0.000000,0,52890,0.000000,0,0,0,0,1646,1314,1205,37,1609,104406,83272,0,0,0,0,1646,0,0,0,0,2611,9400
151,W3,4,4,8,8,0,0,0,0,0,0,0,410,410,0,0,10,10,0,400,400,0,0.000000,0,53120,0.000000,0,0,0,0,1644,1327,1202,38,1606,104252,84026,0,0,0,0,1644,0,0,0,0,2592,9400
152,W3,4,4,7,7,0,0,0,0,0,0,0,410,410,393,0,10,10,10,400,400,383,95.853659,12576,53120,23.674699,20,20,30,30,1667,1340,1225,53,1614,105394,84730,0,0,0,0,1667,0,0,0,0,2629,9400
153,W3,4,4,7,7,0,0,0,0,0,0,0,410,410,0,0,10,10,0,400,400,0,0.000000,0,53248,0.000000,0,0,0,0,1658,1332,1216,44,1614,105016,84270,0,0,0,0,1658,0,0,0,0,2581,9400
154,W3,4,4,7,7,0,0,0,0,0,0,0,410,410,0,0,10,10,0,400,400,0,0.000000,0,53018,0.000000,0,0,0,0,1656,1359,1215,43,1613,104914,85872,0,0,0,0,1656,0,0,0,0,2689,9400
155,W3,4,4,8,8,0,0,0,0,0,0,0,410,410,0,0,10,10,0,400,400,0,0.000000,0,52890,0.000000,0,0,0,0,1666,1328,1225,58,1608,105224,83922,0,0,0,0,1666,0,0,0,0,2713,9400
156,W3,4,4,8,8,0,0,0,0,0,0,0,410,410,0,0,10,10,0,400,400,0,0.000000,0,53248,0.000000,0,0,0,0,1670,1353,1228,59,1611,105454,85474,0,0,0,0,1670,0,0,0,0,2763,9400
157,W3,4,4,8,8,0,0,0,0,0,0,0,410,410,387,0,10,10,9,400,400,378,94.390244,12384,53120,23.313253,20,20,30,30,1668,1333,1226,59,1609,105326,84160,0,0,0,0,1668,0,0,0,0,2595,9400
158,W3,4,4,8,8,0,0,0,0,0,0,0,410,410,0,0,10,10,0,400,400,0,0.000000,0,52992,0.000000,0,0,0,0,1654,1326,1212,47,1607,104694,83860,0,0,0,0,1654,0,0,0,0,2684,9400
159,W3,4,4,8,8,1,0,0,0,4,0,0,410,370,0,0,10,10,0,400,360,0,0.000000,0,3736,0.000000,0,0,0,0,1269,1326,1201,74,1195,79460,83874,40,0,0,0,1269,0,9,0,40,2664,9400
160,W3,4,4,8,8,0,0,0,0,0,0,0,410,410,0,0,10,10,0,400,400,0,0.000000,0,52928,0.000000,0,0,0,0,1660,1343,1218,47,1613,105078,84848,0,0,0,0,1660,0,0,0,0,2756,9400
161,W3,4,4,8,8,0,0,0,0,0,0,0,410,410,390,0,10,10,10,400,400,380,95.121951,12480,53018,23.539175,20,20,30,30,1645,1328,1204,40,1605,104276,83976,0,0,0,0,1645,0,0,0,0,2705,9400
162,W3,4,4,8,8,0,0,0,0,0,0,0,410,410,398,0,10,10,10,400,400,388,97.073171,12736,53312,23.889556,20,20,30,30,1653,1326,1211,41,1612,104762,83826,0,0,0,0,1653,0,0,0,0,2676,9400
163,W3,4,4,8,8,0,0,0,0,0,0,0,410,410,0,0,10,10,0,400,400,0,0.000000,0,52800,0.000000,0,0,0,0,1654,1325,1212,50,1604,104628,83814,0,0,0,0,1654,0,0,0,0,2703,9400
164,W3,4,4,8,8,0,0,0,0,0,0,0,410,410,0,0,10,10,0,400,400,0,0.000000,0,53018,0.000000,0,0,0,0,1649,1327,1208,40,1609,104532,83990,0,0,0,0,1649,0,0,0,0,2697,9400
165,W3,4,4,8,8,0,0,0,0,0,0,0,410,410,0,0,10,10,0,400,400,0,0.000000,0,52864,0.000000,0,0,0,0,1662,1338,1220,47,1615,105206,84564,0,0,0,0,1662,0,0,0,0,2599,9400
166,W3,4,4,8,8,0,0,0,0,0,0,0,410,410,396,0,10,10,10,400,400,386,96.585366,12672,53248,23.798077,20,20,30,30,1651,1336,1209,41,1610,104634,84484,0,0,0,0,1651,0,0,0,0,2612,9400
167,W3,4,4,7,7,0,0,0,0,0,0,0,410,410,395,0,10,10,10,400,400,385,96.341463,12640,53120,23.795181,20,20,30,30,1671,1335,1229,59,1612,105518,84274,0,0,0,0,1671,0,0,0,0,2721,9400
168,W3,4,4,7,7,0,0,0,0,0,0,0,410,410,0,0,10,10,0,400,400,0,0.000000,0,53146,0.000000,0,0,0,0,1666,1346,1225,52,1614,105356,85030,0,0,0,0,1666,0,0,0,0,2686,9400
169,W3,4,4,7,7,0,0,0,0,0,0,0,410,410,0,0,10,10,0,400,400,0,0.000000,0,52992,0.000000,0,0,0,0,1660,1337,1218,56,1604,104880,84390,0,0,0,0,1660,0,0,0,0,2706,9400
170,W3,4,4,8,8,0,0,0,0,0,0,0,410,410,0,0,10,10,0,400,400,0,0.000000,0,52800,0.000000,0,0,0,0,1648,1313,1206,41,1607,104442,83160,0,0,0,0,1648,0,0,0,0,2593,9400
171,W3,4,4,8,8,0,0,0,0,0,0,0,410,410,0,0,10,10,0,400,400,0,0.000000,0,53146,0.000000,0,0,0,0,1632,1314,1191,37,1595,103510,83220,0,0,0,0,1632,0,0,0,0,2628,9400
172,W3,4,4,8,8,0,0,0,0,0,0,0,410,410,384,0,10,10,9,400,400,375,93.658537,12288,52928,23.216445,20,20,30,30,1649,1338,1207,41,1608,104506,84656,0,0,0,0,1649,0,0,0,0,2564,9400
173,W3,4,4,8,8,0,0,0,0,0,0,0,410,410,0,0,10,10,0,400,400,0,0.000000,0,53018,0.000000,0,0,0,0,1681,1367,1240,58,1623,106184,86318,0,0,0,0,1681,0,0,0,0,2659,9400
174,W3,4,4,8,8,0,0,0,0,0,0,0,410,410,0,0,10,10,0,400,400,0,0.000000,0,52736,0.000000,0,0,0,0,1673,1355,1231,59,1614,105646,85524,0,0,0,0,1673,0,0,0,0,2625,9400
175,W3,4,4,8,8,0,0,0,0,0,0,0,410,410,392,0,10,10,9,400,400,383,95.609756,12544,52992,23.671498,20,20,30,30,1667,1345,1225,59,1608,105262,84880,0,0,0,0,1667,0,0,0,0,2618,9400
176,W3,4,4,7,7,0,0,0,0,0,0,0,410,410,390,0,10,10,10,400,400,380,95.121951,12480,52992,23.550725,20,20,30,30,1652,1355,1210,41,1611,104698,85748,0,0,0,0,1652,0,0,0,0,2717,9400
177,W3,4,4,8,8,0,0,0,0,0,0,0,410,410,0,0,10,10,0,400,400,0,0.000000,0,52928,0.000000,0,0,0,0,1649,1342,1207,41,1608,104506,84964,0,0,0,0,1649,0,0,0,0,2665,9400
178,W3,4,4,8,8,0,0,0,0,0,0,0,410,410,387,0,10,10,10,400,400,377,94.390244,12384,52826,23.443002,20,20,30,30,1658,1334,1217,40,1618,105108,84430,0,0,0,0,1658,0,0,0,0,2724,9400
179,W3,4,4,8,8,0,0,0,0,0,0,0,410,410,388,0,10,10,10,400,400,378,94.634146,12416,53248,23.317308,20,20,30,30,1652,1334,1210,44,1608,104632,84434,0,0,0,0,1652,0,0,0,0,2644,9400
180,W3,4,4,8,8,0,0,0,0,0,0,0,410,410,0,0,10,10,0,400,400,0,0.000000,0,52928,0.000000,0,0,0,0,1661,1335,1219,44,1617,105208,84416,0,0,0,0,1661,0,0,0,0,2730,9400
181,W3,4,4,8,8,0,0,0,0,0,0,0,410,410,0,0,10,10,0,400,400,0,0.000000,0,52890,0.000000,0,0,0,0,1267,915,826,58,1209,79688,57372,0,0,0,0,1267,0,0,0,0,1894,9400
182,W3,4,4,8,8,0,0,0,0,0,0,0,410,410,0,0,10,10,0,400,400,0,0.000000,0,52928,0.000000,0,0,0,0,1677,1356,1235,59,1618,105902,85614,0,0,0,0,1677,0,0,0,0,2711,9400
183,W3,4,4,8,8,0,0,0,0,0,0,0,410,410,0,0,10,10,0,400,400,0,0.000000,0,53120,0.000000,0,0,0,0,1674,1349,1232,59,1615,105710,85166,0,0,0,0,1674,0,0,0,0,2698,9400
184,W3,4,4,7,7,0,0,0,0,0,0,0,410,410,0,0,10,10,0,400,400,0,0.000000,0,52800,0.000000,0,0,0,0,1659,1326,1217,59,1600,104750,83572,0,0,0,0,1659,0,0,0,0,2719,9400
185,W3,4,3,7,8,0,0,0,0,0,0,0,410,410,0,0,10,10,0,400,400,0,0.000000,0,52624,0.000000,0,0,0,0,1528,1210,1094,24,1504,97168,76816,0,0,0,0,1528,0,0,0,0,2431,9400
186,W3,4,4,8,8,0,0,0,0,0,0,0,410,410,383,0,10,10,10,400,400,373,93.414634,12256,52672,23.268530,20,20,30,30,1634,1322,1192,32,1602,103744,83646,0,0,0,0,1634,0,0,0,0,2604,9400
187,W3,4,4,8,8,0,0,0,0,0,0,0,410,410,0,0,10,10,0,400,400,0,0.000000,0,53082,0.000000,0,0,0,0,1625,1312,1184,31,1594,103194,83162,0,0,0,0,1625,0,0,0,0,2633,9400
188,W3,4,4,7,7,0,0,0,0,0,0,0,410,410,391,0,10,10,10,400,400,381,95.365854,12512,53210,23.514377,20,20,30,30,1662,1342,1221,52,1610,105100,84854,0,0,0,0,1662,0,0,0,0,2655,9400
189,W3,4,4,7,7,0,0,0,0,0,0,0,410,410,0,0,10,10,0,400,400,0,0.000000,0,53120,0.000000,0,0,0,0,1661,1354,1219,53,1608,105010,85474,0,0,0,0,1661,0,0,0,0,2712,9400
190,W3,4,4,5,5,0,0,0,0,0,0,0,410,410,0,0,10,10,0,400,400,0,0.000000,0,53440,0.000000,0,0,0,0,1664,1347,1222,56,1608,105136,85112,0,0,0,0,1664,0,0,0,0,2610,9400
191,W3,4,4,7,7,1,0,0,0,4,0,0,410,370,0,0,10,10,0,400,360,0,0.000000,0,3736,0.000000,0,0,0,0,1266,1327,1198,68,1198,79400,84044,40,0,0,0,1266,0,9,0,40,2668,9400
192,W3,4,4,7,7,0,0,0,0,0,0,0,410,410,0,0,10,10,0,400,400,0,0.000000,0,53248,0.000000,0,0,0,0,1645,1338,1203,38,1607,104316,84704,0,0,0,0,1645,0,0,0,0,2577,9400
193,W3,4,4,8,8,0,0,0,0,0,0,0,410,410,0,0,10,10,0,400,400,0,0.000000,0,52826,0.000000,0,0,0,0,1656,1336,1215,40,1616,104980,84632,0,0,0,0,1656,0,0,0,0,2681,9400
194,W3,4,4,8,8,0,0,0,0,0,0,0,410,410,0,0,10,10,0,400,400,0,0.000000,0,53376,0.000000,0,0,0,0,1654,1345,1212,44,1610,104760,84998,0,0,0,0,1654,0,0,0,0,2695,9400
195,W3,4,4,8,8,0,0,0,0,0,0,0,410,410,0,0,10,10,0,400,400,0,0.000000,0,53120,0.000000,0,0,0,0,1663,1333,1221,53,1610,105138,84208,0,0,0,0,1663,0,0,0,0,2613,9400
196,W3,4,4,8,8,0,0,0,0,0,0,0,410,410,0,0,10,10,0,400,400,0,0.000000,0,53146,0.000000,0,0,0,0,1663,1344,1222,55,1608,105098,84886,0,0,0,0,1663,0,0,0,0,2661,9400
197,W3,4,4,8,8,0,0,0,0,0,0,0,410,410,0,0,10,10,0,400,400,0,0.000000,0,53210,0.000000,0,0,0,0,1649,1332,1208,40,1609,104532,84376,0,0,0,0,1649,0,0,0,0,2555,9400
198,W3,4,4,8,8,0,0,0,0,0,0,0,410,410,386,0,10,10,9,400,400,377,94.146341,12352,52890,23.354131,20,20,30,30,1629,1324,1188,31,1598,103450,83760,0,0,0,0,1629,0,0,0,0,2674,9400
199,W3,4,4,8,8,0,0,0,0,0,0,0,410,410,0,0,10,10,0,400,400,0,0.000000,0,53210,0.000000,0,0,0,0,1648,1339,1207,40,1608,104468,84772,0,0,0,0,1648,0,0,0,0,2694,9400
200,W3,4,4,8,8,0,0,0,0,0,0,0,410,410,0,0,10,10,0,400,400,0,0.000000,0,53082,0.000000,0,0,0,0,1654,1355,1213,49,1605,104654,85536,0,0,0,0,1654,0,0,0,0,2674,9400
201,W3,4,4,8,8,0,0,0,0,0,0,0,410,410,0,0,10,10,0,400,400,0,0.000000,0,52954,0.000000,0,0,0,0,1659,1345,1218,49,1610,104974,84936,0,0,0,0,1659,0,0,0,0,2636,9400
202,W3,4,4,8,8,0,0,0,0,0,0,0,410,410,392,0,10,10,10,400,400,382,95.609756,12544,53236,23.563002,20,20,30,30,1655,1330,1215,51,1604,104678,84054,0,0,0,0,1655,0,0,0,0,2548,9400
203,W3,4,4,7,7,0,0,0,0,0,0,0,410,410,0,0,10,10,0,400,400,0,0.000000,0,53146,0.000000,0,0,0,0,1644,1323,1203,46,1598,104080,83638,0,0,0,0,1644,0,0,0,0,2647,9400
204,W3,4,4,7,7,0,0,0,0,0,0,0,410,410,0,0,10,10,0,400,400,0,0.000000,0,52992,0.000000,0,0,0,0,1654,1319,1212,50,1604,104628,83226,0,0,0,0,1654,0,0,0,0,2705,9400
205,W3,4,4,7,7,0,0,0,0,0,0,0,410,410,390,0,10,10,10,400,400,380,95.121951,12480,53018,23.539175,20,20,30,30,1650,1330,1209,52,1598,104332,83960,0,0,0,0,1650,0,0,0,0,2732,9400
206,W3,4,4,7,7,0,0,0,0,0,0,0,410,410,0,0,10,10,0,400,400,0,0.000000,0,53082,0.000000,0,0,0,0,1670,1339,1229,52,1618,105612,84592,0,0,0,0,1670,0,0,0,0,2732,9400
207,W3,4,4,7,7,0,0,0,0,0,0,0,410,410,0,0,10,10,0,400,400,0,0.000000,0,52954,0.000000,0,0,0,0,1653,1323,1212,49,1604,104590,83564,0,0,0,0,1653,0,0,0,0,2639,9400
208,W3,4,4,7,7,0,0,0,0,0,0,0,410,410,0,0,10,10,0,400,400,0,0.000000,0,53184,0.000000,0,0,0,0,1666,1335,1224,53,1613,105330,84306,0,0,0,0,1666,0,0,0,0,2794,9400
209,W3,4,4,8,8,0,0,0,0,0,0,0,410,410,0,0,10,10,0,400,400,0,0.000000,0,53146,0.000000,0,0,0,0,1646,1312,1205,52,1594,104076,82960,0,0,0,0,1646,0,0,0,0,2566,9400
210,W3,4,4,8,8,0,0,0,0,0,0,0,410,410,0,0,10,10,0,400,400,0,0.000000,0,53056,0.000000,0,0,0,0,1661,1345,1219,53,1608,105010,85024,0,0,0,0,1661,0,0,0,0,2686,9400
211,W3,4,4,8,8,0,0,0,0,0,0,0,410,410,390,0,10,10,10,400,400,380,95.121951,12480,53376,23.381295,20,20,30,30,1659,1341,1217,50,1609,104948,84816,0,0,0,0,1659,0,0,0,0,2695,9400
212,W3,4,4,6,6,0,0,0,0,0,0,0,410,410,395,0,10,10,10,400,400,385,96.341463,12640,53312,23.709484,20,20,30,30,1667,1338,1225,59,1608,105262,84462,0,0,0,0,1667,0,0,0,0,2744,9400
213,W3,4,4,7,7,0,0,0,0,0,0,0,410,410,0,0,10,10,0,400,400,0,0.000000,0,52992,0.000000,0,0,0,0,1660,1339,1218,59,1601,104814,84500,0,0,0,0,1660,0,0,0,0,2613,9400
214,W3,4,4,7,7,0,0,0,0,0,0,0,410,410,0,0,10,10,0,400,400,0,0.000000,0,53312,0.000000,0,0,0,0,1676,1347,1234,59,1617,105838,84920,0,0,0,0,1676,0,0,0,0,2729,9400
215,W3,4,4,8,8,1,0,0,0,4,0,0,410,370,0,0,10,10,0,400,360,0,0.000000,0,3408,0.000000,0,0,0,0,1296,1347,1230,90,1206,80844,85038,40,0,0,0,1296,0,9,0,40,2693,9400
216,W3,4,4,8,8,0,0,0,0,0,0,0,410,410,0,0,10,10,0,400,400,0,0.000000,0,53082,0.000000,0,0,0,0,1659,1349,1218,55,1604,104842,85002,0,0,0,0,1659,0,0,0,0,2637,9400
217,W3,4,4,8,8,1,0,0,0,4,0,0,410,370,0,0,10,10,0,400,360,0,0.000000,0,3358,0.000000,0,0,0,0,1082,1142,1014,86,996,67228,71638,40,0,0,0,1082,0,9,0,40,2308,9400
218,W3,4,4,8,8,1,0,0,0,4,0,0,410,370,0,0,10,10,0,400,360,0,0.000000,0,3358,0.000000,0,0,0,0,1273,1329,1205,80,1193,79584,83952,40,0,0,0,1273,0,9,0,40,2687,9400
219,W3,4,4,8,8,1,0,0,0,4,0,0,410,370,0,0,10,10,0,400,360,0,0.000000,0,3698,0.000000,0,0,0,0,1280,1337,1213,79,1201,80058,84486,40,0,0,0,1280,0,9,0,40,2637,9400
220,W3,4,4,8,8,0,0,0,0,0,0,0,410,410,0,0,10,10,0,400,400,0,0.000000,0,53184,0.000000,0,0,0,0,1663,1348,1221,47,1616,105270,85168,0,0,0,0,1663,0,0,0,0,2623,9400
221,W3,4,4,7,7,0,0,0,0,0,0,0,410,410,0,0,10,10,0,400,400,0,0.000000,0,53312,0.000000,0,0,0,0,1670,1330,1228,59,1611,105454,84024,0,0,0,0,1670,0,0,0,0,2596,9400
222,W3,4,4,6,6,0,0,0,0,0,0,0,410,410,0,0,10,10,0,400,400,0,0.000000,0,53146,0.000000,0,0,0,0,1668,1332,1227,58,1610,105352,84152,0,0,0,0,1668,0,0,0,0,2553,9400
223,W3,4,4,7,7,0,0,0,0,0,0,0,410,410,0,0,10,10,0,400,400,0,0.000000,0,53312,0.000000,0,0,0,0,1666,1339,1224,56,1610,105264,84604,0,0,0,0,1666,0,0,0,0,2656,9400
224,W3,4,4,8,8,1,0,0,0,4,0,0,410,370,0,0,10,10,0,400,360,0,0.000000,0,3320,0.000000,0,0,0,0,1289,1342,1222,94,1195,80304,84686,40,0,0,0,1289,0,9,0,40,2693,9400
225,W3,4,4,8,8,1,0,0,0,4,0,0,410,370,0,0,10,10,0,400,360,0,0.000000,0,3358,0.000000,0,0,0,0,1294,1350,1226,95,1199,80598,85128,40,0,0,0,1294,0,9,0,40,2614,9400
226,W3,4,4,8,8,1,0,0,0,4,0,0,410,370,0,0,10,10,0,400,360,0,0.000000,0,3484,0.000000,0,0,0,0,1290,1344,1222,95,1195,80342,84762,40,0,0,0,1290,0,9,0,40,2715,9400
227,W3,4,4,5,5,0,0,0,0,0,0,0,410,410,0,0,10,10,0,400,400,0,0.000000,0,53440,0.000000,0,0,0,0,1679,1371,1237,59,1620,106030,86592,0,0,0,0,1679,0,0,0,0,2664,9400
228,W3,4,4,7,7,0,0,0,0,0,0,0,410,410,0,0,10,10,0,400,400,0,0.000000,0,53018,0.000000,0,0,0,0,1659,1330,1218,58,1601,104776,84020,0,0,0,0,1659,0,0,0,0,2643,9400
229,W3,4,4,6,6,0,0,0,0,0,0,0,410,410,0,0,10,10,0,400,400,0,0.000000,0,52954,0.000000,0,0,0,0,1676,1340,1235,58,1618,105864,84534,0,0,0,0,1676,0,0,0,0,2675,9400
230,W3,4,4,8,8,0,0,0,0,0,0,0,410,410,0,0,10,10,0,400,400,0,0.000000,0,53120,0.000000,0,0,0,0,1668,1333,1226,59,1609,105326,84172,0,0,0,0,1668,0,0,0,0,2628,9400
231,W3,4,4,8,8,0,0,0,0,0,0,0,410,410,0,0,10,10,0,400,400,0,0.000000,0,52800,0.000000,0,0,0,0,1665,1337,1223,59,1606,105134,84372,0,0,0,0,1665,0,0,0,0,2624,9400
232,W3,4,4,8,8,0,0,0,0,0,0,0,410,410,0,0,10,10,0,400,400,0,0.000000,0,52864,0.000000,0,0,0,0,1668,1328,1226,59,1609,105326,83918,0,0,0,0,1668,0,0,0,0,2604,9400
233,W3,4,4,8,8,0,0,0,0,0,0,0,410,410,382,0,10,10,9,400,400,373,93.170732,12224,52672,23.207776,20,20,30,30,1263,916,821,56,1207,79472,57406,0,0,0,0,1263,0,0,0,0,2004,9400
234,W3,4,4,8,8,0,0,0,0,0,0,0,410,410,0,0,10,10,0,400,400,0,0.000000,0,53146,0.000000,0,0,0,0,1654,1340,1213,40,1614,104852,84862,0,0,0,0,1654,0,0,0,0,2654,9400
235,W3,4,4,8,8,0,0,0,0,0,0,0,410,410,383,0,10,10,10,400,400,373,93.414634,12256,52634,23.285329,20,20,30,30,1652,1347,1211,43,1609,104658,85236,0,0,0,0,1652,0,0,0,0,2637,9400
236,W3,4,4,7,7,0,0,0,0,0,0,0,410,410,394,0,10,10,9,400,400,385,96.097561,12608,53146,23.723328,20,20,30,30,1654,1334,1213,43,1611,104786,84382,0,0,0,0,1654,0,0,0,0,2630,9400
237,W3,4,4,8,8,0,0,0,0,0,0,0,410,410,0,0,10,10,0,400,400,0,0.000000,0,53312,0.000000,0,0,0,0,1647,1333,1205,44,1603,104312,84366,0,0,0,0,1647,0,0,0,0,2628,9400
238,W3,4,4,7,7,0,0,0,0,0,0,0,410,410,0,0,10,10,0,400,400,0,0.000000,0,52928,0.000000,0,0,0,0,1645,1313,1203,44,1601,104184,83112,0,0,0,0,1645,0,0,0,0,2583,9400
239,W3,4,4,8,8,0,0,0,0,0,0,0,410,410,390,0,10,10,10,400,400,380,95.121951,12480,52928,23.579202,20,20,30,30,1665,1344,1223,59,1606,105134,84816,0,0,0,0,1665,0,0,0,0,2615,9400
240,W3,4,4,8,8,0,0,0,0,0,0,0,410,410,389,0,10,10,10,400,400,379,94.878049,12448,53082,23.450511,20,20,30,30,1671,1343,1230,58,1613,105544,84760,0,0,0,0,1671,0,0,0,0,2659,9400
241,W3,4,4,8,8,0,0,0,0,0,0,0,410,410,0,0,10,10,0,400,400,0,0.000000,0,53108,0.000000,0,0,0,0,1669,1342,1229,57,1612,105442,84796,0,0,0,0,1669,0,0,0,0,2607,9400
242,W3,4,4,8,8,0,0,0,0,0,0,0,410,410,389,0,10,10,10,400,400,379,94.878049,12448,53120,23.433735,20,20,30,30,1669,1356,1227,53,1616,105522,85624,0,0,0,0,1669,0,0,0,0,2692,9400
243,W3,4,4,8,8,0,0,0,0,0,0,0,410,410,0,0,10,10,0,400,400,0,0.000000,0,53056,0.000000,0,0,0,0,1670,1349,1228,53,1617,105586,85176,0,0,0,0,1670,0,0,0,0,2702,9400
244,W3,4,4,8,8,0,0,0,0,0,0,0,410,410,0,0,10,10,0,400,400,0,0.000000,0,53082,0.000000,0,0,0,0,1654,1313,1213,49,1605,104654,82946,0,0,0,0,1654,0,0,0,0,2626,9400
245,W3,4,4,8,8,0,0,0,0,0,0,0,410,410,0,0,10,10,0,400,400,0,0.000000,0,53312,0.000000,0,0,0,0,1644,1325,1202,41,1603,104186,83806,0,0,0,0,1644,0,0,0,0,2725,9400
246,W3,4,4,8,8,0,0,0,0,0,0,0,410,410,0,0,10,10,0,400,400,0,0.000000,0,52864,0.000000,0,0,0,0,1652,1334,1210,41,1611,104698,84412,0,0,0,0,1652,0,0,0,0,2597,9400
247,W3,4,4,8,8,0,0,0,0,0,0,0,410,410,0,0,10,10,0,400,400,0,0.000000,0,52570,0.000000,0,0,0,0,877,496,436,61,816,54662,30336,0,0,0,0,877,0,0,0,0,1142,9400
248,W3,4,4,8,8,0,0,0,0,0,0,0,410,410,0,0,10,10,0,400,400,0,0.000000,0,52992,0.000000,0,0,0,0,1647,1342,1205,41,1606,104378,84890,0,0,0,0,1647,0,0,0,0,2654,9400
249,W3,4,4,8,8,0,0,0,0,0,0,0,410,410,0,0,10,10,0,400,400,0,0.000000,0,53056,0.000000,0,0,0,0,1644,1336,1202,41,1603,104186,84554,0,0,0,0,1644,0,0,0,0,2678,9400
250,W3,4,4,7,7,0,0,0,0,0,0,0,410,410,0,0,10,10,0,400,400,0,0.000000,0,52864,0.000000,0,0,0,0,1641,1314,1199,41,1600,103994,83198,0,0,0,0,1641,0,0,0,0,2603,9400
251,W3,4,4,8,8,0,0,0,0,0,0,0,410,410,0,0,10,10,0,400,400,0,0.000000,0,53338,0.000000,0,0,0,0,1656,1324,1215,40,1616,104980,83760,0,0,0,0,1656,0,0,0,0,2745,9400
252,W3,4,4,8,8,0,0,0,0,0,0,0,410,410,0,0,10,10,0,400,400,0,0.000000,0,53402,0.000000,0,0,0,0,1643,1327,1202,40,1603,104148,83978,0,0,0,0,1643,0,0,0,0,2594,9400
253,W3,4,4,8,8,0,0,0,0,0,0,0,410,410,0,0,10,10,0,400,400,0,0.000000,0,53248,0.000000,0,0,0,0,1655,1343,1213,41,1614,104890,85080,0,0,0,0,1655,0,0,0,0,2570,9400
254,W3,4,4,8,8,0,0,0,0,0,0,0,410,410,396,0,10,10,9,400,400,387,96.585366,12672,53248,23.798077,20,20,20,30,879,484,437,71,808,54566,29564,0,0,0,0,879,0,0,0,0,1191,9400
255,W3,4,4,8,8,0,0,0,0,0,0,0,410,410,0,0,10,10,0,400,400,0,0.000000,0,53018,0.000000,0,0,0,0,1638,1329,1197,40,1598,103828,84132,0,0,0,0,1638,0,0,0,0,2604,9400
256,W3,4,4,8,8,0,0,0,0,0,0,0,410,410,390,0,10,10,10,400,400,380,95.121951,12480,52928,23.579202,20,20,30,30,1655,1339,1213,38,1617,104956,84846,0,0,0,0,1655,0,0,0,0,2626,9400
257,W3,4,4,8,8,0,0,0,0,0,0,0,410,410,0,0,10,10,0,400,400,0,0.000000,0,52698,0.000000,0,0,0,0,1671,1351,1230,52,1619,105676,85398,0,0,0,0,1671,0,0,0,0,2575,9400
258,W3,4,4,8,8,0,0,0,0,0,0,0,410,410,0,0,10,10,0,400,400,0,0.000000,0,53018,0.000000,0,0,0,0,1658,1343,1217,58,1600,104712,84808,0,0,0,0,1658,0,0,0,0,2617,9400
259,W3,4,4,8,8,0,0,0,0,0,0,0,410,410,389,0,10,10,10,400,400,379,94.878049,12448,52608,23.661800,20,20,30,30,1663,1329,1221,53,1610,105138,83838,0,0,0,0,1663,0,0,0,0,2645,9400
260,W3,4,4,8,8,0,0,0,0,0,0,0,410,410,385,0,10,10,10,400,400,375,93.902439,12320,52736,23.361650,20,20,30,30,1666,1342,1224,59,1607,105198,84744,0,0,0,0,1666,0,0,0,0,2733,9400
261,W3,4,3,8,8,0,0,0,0,0,0,0,410,410,0,0,10,10,0,400,400,0,0.000000,0,52688,0.000000,0,0,0,0,1345,1008,911,45,1300,84994,63506,0,0,0,0,1345,0,0,0,0,2005,9400
262,W3,4,4,8,8,0,0,0,0,0,0,0,410,410,0,0,10,10,0,400,400,0,0.000000,0,53248,0.000000,0,0,0,0,1656,1328,1214,56,1600,104624,83818,0,0,0,0,1656,0,0,0,0,2650,9400
263,W3,4,4,7,7,0,0,0,0,0,0,0,410,410,0,0,10,10,0,400,400,0,0.000000,0,53248,0.000000,0,0,0,0,1667,1322,1225,59,1608,105262,83482,0,0,0,0,1667,0,0,0,0,2662,9400
264,W3,4,4,7,7,0,0,0,0,0,0,0,410,410,390,0,10,10,10,400,400,380,95.121951,12480,53120,23.493976,20,20,30,30,1673,1347,1231,59,1614,105646,85086,0,0,0,0,1673,0,0,0,0,2590,9400
265,W3,4,4,7,7,0,0,0,0,0,0,0,410,410,0,0,10,10,0,400,400,0,0.000000,0,53056,0.000000,0,0,0,0,1667,1329,1225,59,1608,105262,83960,0,0,0,0,1667,0,0,0,0,2631,9400
266,W3,4,4,8,8,0,0,0,0,0,0,0,410,410,0,0,10,10,0,400,400,0,0.000000,0,53198,0.000000,0,0,0,0,1655,1329,1216,41,1614,104902,84188,0,0,0,0,1655,0,0,0,0,2723,9400
267,W3,4,4,8,8,0,0,0,0,0,0,0,410,410,0,0,10,10,0,400,400,0,0.000000,0,53146,0.000000,0,0,0,0,1655,1350,1214,43,1612,104850,85258,0,0,0,0,1655,0,0,0,0,2722,9400
268,W3,4,4,8,8,0,0,0,0,0,0,0,410,410,395,0,10,10,10,400,400,385,96.341463,12640,53146,23.783540,20,20,30,30,1657,1333,1216,43,1614,104978,84418,0,0,0,0,1657,0,0,0,0,2559,9400
269,W3,4,4,8,8,0,0,0,0,0,0,0,410,410,0,0,10,10,0,400,400,0,0.000000,0,52864,0.000000,0,0,0,0,1679,1350,1237,59,1620,106030,85226,0,0,0,0,1679,0,0,0,0,2607,9400
270,W3,4,4,8,8,0,0,0,0,0,0,0,410,410,0,0,10,10,0,400,400,0,0.000000,0,53082,0.000000,0,0,0,0,1663,1338,1222,58,1605,105032,84484,0,0,0,0,1663,0,0,0,0,2623,9400
271,W3,4,4,8,8,0,0,0,0,0,0,0,410,410,393,0,10,10,10,400,400,383,95.853659,12576,53210,23.634655,20,20,30,30,1672,1334,1231,58,1614,105608,84332,0,0,0,0,1672,0,0,0,0,2625,9400
272,W3,4,4,7,7,0,0,0,0,0,0,0,410,410,384,0,10,10,8,400,400,376,93.658537,12288,52928,23.216445,20,20,30,30,1660,1325,1218,59,1601,104814,83582,0,0,0,0,1660,0,0,0,0,2581,9400
273,W3,4,4,7,7,0,0,0,0,0,0,0,410,410,0,0,10,10,0,400,400,0,0.000000,0,52800,0.000000,0,0,0,0,1669,1345,1227,59,1610,105390,84958,0,0,0,0,1669,0,0,0,0,2823,9400
274,W3,4,4,7,7,0,0,0,0,0,0,0,410,410,396,0,10,10,10,400,400,386,96.585366,12672,52992,23.913043,20,20,30,30,1670,1343,1228,59,1611,105454,84756,0,0,0,0,1670,0,0,0,0,2652,9400
275,W3,4,4,8,8,0,0,0,0,0,0,0,410,410,391,0,10,10,10,400,400,381,95.365854,12512,52954,23.628055,20,20,30,30,1667,1337,1226,58,1609,105288,84402,0,0,0,0,1667,0,0,0,0,2698,9400
276,W3,4,4,7,7,0,0,0,0,0,0,0,410,410,0,0,10,10,0,400,400,0,0.000000,0,52736,0.000000,0,0,0,0,1665,1346,1223,53,1612,105266,84922,0,0,0,0,1665,0,0,0,0,2825,9400
277,W3,4,4,7,7,0,0,0,0,0,0,0,410,410,0,0,10,10,0,400,400,0,0.000000,0,53312,0.000000,0,0,0,0,1676,1356,1234,59,1617,105838,85510,0,0,0,0,1676,0,0,0,0,2653,9400
278,W3,4,4,8,8,0,0,0,0,0,0,0,410,410,385,0,10,10,9,400,400,376,93.902439,12320,52992,23.248792,20,20,30,30,1671,1353,1229,59,1612,105518,85326,0,0,0,0,1671,0,0,0,0,2716,9400
279,W3,4,4,8,8,0,0,0,0,0,0,0,410,410,389,0,10,10,10,400,400,379,94.878049,12448,53274,23.365995,20,20,30,30,1664,1334,1223,58,1606,105096,84158,0,0,0,0,1664,0,0,0,0,2693,9400
280,W3,4,4,7,7,0,0,0,0,0,0,0,410,410,0,0,10,10,0,400,400,0,0.000000,0,52928,0.000000,0,0,0,0,1661,1328,1219,50,1611,105076,83770,0,0,0,0,1661,0,0,0,0,2595,9400
281,W3,4,4,7,7,0,0,0,0,0,0,0,410,410,0,0,10,10,0,400,400,0,0.000000,0,53082,0.000000,0,0,0,0,1671,1355,1230,58,1613,105544,85550,0,0,0,0,1671,0,0,0,0,2596,9400
282,W3,4,4,8,8,0,0,0,0,0,0,0,410,410,0,0,10,10,0,400,400,0,0.000000,0,53184,0.000000,0,0,0,0,1667,1353,1225,59,1608,105262,85344,0,0,0,0,1667,0,0,0,0,2693,9400
283,W3,4,4,8,8,0,0,0,0,0,0,0,410,410,0,0,10,10,0,400,400,0,0.000000,0,52992,0.000000,0,0,0,0,1669,1346,1227,59,1610,105390,84996,0,0,0,0,1669,0,0,0,0,2662,9400
284,W3,4,4,8,8,0,0,0,0,0,0,0,410,410,0,0,10,10,0,400,400,0,0.000000,0,53120,0.000000,0,0,0,0,1663,1332,1221,47,1616,105270,84306,0,0,0,0,1663,0,0,0,0,2696,9400
285,W3,4,3,7,8,0,0,0,0,0,0,0,410,410,380,0,10,10,8,400,400,372,92.682927,12160,52304,23.248700,20,20,30,30,1047,677,613,44,1003,65944,42348,0,0,0,0,1047,0,0,0,0,1469,9400
286,W3,4,4,8,8,0,0,0,0,0,0,0,410,410,0,0,10,10,0,400,400,0,0.000000,0,52954,0.000000,0,0,0,0,1653,1327,1212,46,1607,104656,83990,0,0,0,0,1653,0,0,0,0,2682,9400
287,W3,4,4,6,6,0,0,0,0,0,0,0,410,410,0,0,10,10,0,400,400,0,0.000000,0,53056,0.000000,0,0,0,0,1663,1328,1221,59,1604,105006,83844,0,0,0,0,1663,0,0,0,0,2642,9400
288,W3,4,4,7,7,0,0,0,0,0,0,0,410,410,0,0,10,10,0,400,400,0,0.000000,0,52864,0.000000,0,0,0,0,1667,1352,1225,59,1608,105262,85340,0,0,0,0,1667,0,0,0,0,2582,9400
289,W3,4,4,8,8,0,0,0,0,0,0,0,410,410,385,0,10,10,9,400,400,376,93.902439,12320,52992,23.248792,20,20,30,30,1675,1345,1233,59,1616,105774,84944,0,0,0,0,1675,0,0,0,0,2708,9400
290,W3,4,4,8,8,0,0,0,0,0,0,0,410,410,0,0,10,10,0,400,400,0,0.000000,0,53018,0.000000,0,0,0,0,1662,1334,1221,46,1616,105232,84390,0,0,0,0,1662,0,0,0,0,2712,9400
291,W3,4,4,8,8,0,0,0,0,0,0,0,410,410,0,0,10,10,0,400,400,0,0.000000,0,52928,0.000000,0,0,0,0,1657,1330,1215,47,1610,104886,84100,0,0,0,0,1657,0,0,0,0,2551,9400
292,W3,4,4,8,8,0,0,0,0,0,0,0,410,410,390,0,10,10,9,400,400,381,95.121951,12480,52890,23.596143,20,20,30,30,1652,1336,1211,46,1606,104592,84458,0,0,0,0,1652,0,0,0,0,2613,9400
293,W3,4,4,8,8,0,0,0,0,0,0,0,410,410,0,0,10,10,0,400,400,0,0.000000,0,53018,0.000000,0,0,0,0,1652,1324,1211,40,1612,104724,83864,0,0,0,0,1652,0,0,0,0,2610,9400
294,W3,4,4,8,8,0,0,0,0,0,0,0,410,410,0,0,10,10,0,400,400,0,0.000000,0,53248,0.000000,0,0,0,0,1657,1329,1215,44,1613,104952,84092,0,0,0,0,1657,0,0,0,0,2657,9400
295,W3,4,4,8,8,0,0,0,0,0,0,0,410,410,0,0,10,10,0,400,400,0,0.000000,0,52942,0.000000,0,0,0,0,1646,1326,1207,41,1605,104326,84048,0,0,0,0,1646,0,0,0,0,2588,9400
296,W3,4,4,8,8,0,0,0,0,0,0,0,410,410,389,0,10,10,9,400,400,380,94.878049,12448,53056,23.462002,20,20,30,30,1654,1346,1212,41,1613,104826,85194,0,0,0,0,1654,0,0,0,0,2639,9400
297,W3,4,4,8,8,0,0,0,0,0,0,0,410,410,0,0,10,10,0,400,400,0,0.000000,0,53184,0.000000,0,0,0,0,1659,1344,1217,38,1621,105212,85088,0,0,0,0,1659,0,0,0,0,2624,9400
298,W3,4,4,8,8,0,0,0,0,0,0,0,410,410,393,0,10,10,9,400,400,384,95.853659,12576,53184,23.646209,20,20,30,30,1650,1332,1208,41,1609,104570,84324,0,0,0,0,1650,0,0,0,0,2597,9400
299,W3,4,4,8,8,0,0,0,0,0,0,0,410,410,0,0,10,10,0,400,400,0,0.000000,0,52992,0.000000,0,0,0,0,1650,1325,1208,44,1606,104504,83880,0,0,0,0,1650,0,0,0,0,2542,9400
300,W3,4,4,8,8,0,0,0,0,0,0,0,410,410,383,0,10,10,10,400,400,373,93.414634,12256,53018,23.116677,20,20,30,30,1655,1335,1214,43,1612,104850,84442,0,0,0,0,1655,0,0,0,0,2581,9400
301,W3,4,4,8,8,0,0,0,0,0,0,0,410,410,0,0,10,10,0,400,400,0,0.000000,0,52980,0.000000,0,0,0,0,1264,910,824,57,1207,79522,57074,0,0,0,0,1264,0,0,0,0,1910,9400
302,W3,4,4,8,8,0,0,0,0,0,0,0,410,410,387,0,10,10,10,400,400,377,94.390244,12384,52672,23.511543,20,20,30,30,1661,1331,1219,56,1605,104944,83940,0,0,0,0,1661,0,0,0,0,2612,9400
303,W3,4,4,8,8,0,0,0,0,0,0,0,410,410,0,0,10,10,0,400,400,0,0.000000,0,53056,0.000000,0,0,0,0,1676,1347,1234,59,1617,105838,85038,0,0,0,0,1676,0,0,0,0,2603,9400
304,W3,4,4,7,7,0,0,0,0,0,0,0,410,410,396,0,10,10,10,400,400,386,96.585366,12672,53056,23.884198,20,20,30,30,1668,1341,1226,59,1609,105326,84680,0,0,0,0,1668,0,0,0,0,2586,9400
305,W3,4,4,8,8,0,0,0,0,0,0,0,410,410,0,0,10,10,0,400,400,0,0.000000,0,52864,0.000000,0,0,0,0,1672,1332,1230,59,1613,105582,84108,0,0,0,0,1672,0,0,0,0,2653,9400
306,W3,4,4,8,8,0,0,0,0,0,0,0,410,410,0,0,10,10,0,400,400,0,0.000000,0,52864,0.000000,0,0,0,0,1667,1335,1225,59,1608,105262,84278,0,0,0,0,1667,0,0,0,0,2611,9400
307,W3,4,4,7,7,0,0,0,0,0,0,0,410,410,0,0,10,10,0,400,400,0,0.000000,0,52928,0.000000,0,0,0,0,1667,1339,1225,59,1608,105262,84556,0,0,0,0,1667,0,0,0,0,2623,9400
308,W3,4,4,7,7,0,0,0,0,0,0,0,410,410,382,0,10,10,8,400,400,374,93.170732,12224,52596,23.241311,20,20,30,30,1666,1338,1226,57,1609,105250,84544,0,0,0,0,1666,0,0,0,0,2649,9400
309,W3,4,4,7,7,0,0,0,0,0,0,0,410,410,0,0,10,10,0,400,400,0,0.000000,0,52928,0.000000,0,0,0,0,1657,1317,1215,59,1598,104622,83148,0,0,0,0,1657,0,0,0,0,2647,9400
310,W3,4,4,8,8,0,0,0,0,0,0,0,410,410,391,0,10,10,10,400,400,381,95.365854,12512,52916,23.645022,20,20,30,30,1666,1347,1226,57,1609,105250,84860,0,0,0,0,1666,0,0,0,0,2822,9400
311,W3,4,4,8,8,0,0,0,0,0,0,0,410,410,397,0,10,10,10,400,400,387,96.829268,12704,53312,23.829532,20,20,30,30,1668,1332,1226,59,1609,105326,84074,0,0,0,0,1668,0,0,0,0,2624,9400
312,W3,4,4,8,8,0,0,0,0,0,0,0,410,410,397,0,10,10,10,400,400,387,96.829268,12704,53120,23.915663,20,20,30,30,1663,1347,1221,59,1604,105006,85008,0,0,0,0,1663,0,0,0,0,2588,9400
313,W3,4,4,8,8,0,0,0,0,0,0,0,410,410,0,0,10,10,0,400,400,0,0.000000,0,53184,0.000000,0,0,0,0,1678,1334,1236,59,1619,105966,84254,0,0,0,0,1678,0,0,0,0,2579,9400
314,W3,4,4,8,8,0,0,0,0,0,0,0,410,410,0,0,10,10,0,400,400,0,0.000000,0,52762,0.000000,0,0,0,0,1661,1342,1220,46,1615,105168,84736,0,0,0,0,1661,0,0,0,0,2686,9400
315,W3,4,4,8,8,0,0,0,0,0,0,0,410,410,0,0,10,10,0,400,400,0,0.000000,0,53466,0.000000,0,0,0,0,1656,1339,1215,52,1604,104716,84692,0,0,0,0,1656,0,0,0,0,2676,9400
316,W3,4,4,8,8,0,0,0,0,0,0,0,410,410,0,0,10,10,0,400,400,0,0.000000,0,52890,0.000000,0,0,0,0,1660,1337,1219,52,1608,104972,84564,0,0,0,0,1660,0,0,0,0,2753,9400
317,W3,4,4,8,8,0,0,0,0,0,0,0,410,410,0,0,10,10,0,400,400,0,0.000000,0,53248,0.000000,0,0,0,0,1647,1335,1205,35,1612,104510,84534,0,0,0,0,1647,0,0,0,0,2609,9400
318,W3,4,4,8,8,0,0,0,0,0,0,0,410,410,0,0,10,10,0,400,400,0,0.000000,0,53018,0.000000,0,0,0,0,1639,1330,1198,34,1605,104024,84266,0,0,0,0,1639,0,0,0,0,2666,9400
319,W3,4,4,7,7,0,0,0,0,0,0,0,410,410,0,0,10,10,0,400,400,0,0.000000,0,53056,0.000000,0,0,0,0,1645,1333,1203,32,1613,104448,84428,0,0,0,0,1645,0,0,0,0,2579,9400
320,W3,4,4,8,8,0,0,0,0,0,0,0,410,410,0,0,10,10,0,400,400,0,0.000000,0,52992,0.000000,0,0,0,0,1655,1340,1213,53,1602,104626,84630,0,0,0,0,1655,0,0,0,0,2649,9400
321,W3,4,4,8,8,0,0,0,0,0,0,0,410,410,394,0,10,10,10,400,400,384,96.097561,12608,53120,23.734940,20,20,30,30,1668,1341,1226,59,1609,105326,84672,0,0,0,0,1668,0,0,0,0,2645,9400
322,W3,4,4,8,8,0,0,0,0,0,0,0,410,410,0,0,10,10,0,400,400,0,0.000000,0,53082,0.000000,0,0,0,0,1679,1349,1238,58,1621,106056,85288,0,0,0,0,1679,0,0,0,0,2652,9400
323,W3,4,4,7,7,0,0,0,0,0,0,0,410,410,0,0,10,10,0,400,400,0,0.000000,0,52928,0.000000,0,0,0,0,1655,1320,1213,53,1602,104626,83376,0,0,0,0,1655,0,0,0,0,2681,9400
324,W3,4,4,7,7,0,0,0,0,0,0,0,410,410,0,0,10,10,0,400,400,0,0.000000,0,52928,0.000000,0,0,0,0,1671,1357,1229,53,1618,105650,85718,0,0,0,0,1671,0,0,0,0,2714,9400
325,W3,4,4,7,7,0,0,0,0,0,0,0,410,410,0,0,10,10,0,400,400,0,0.000000,0,52852,0.000000,0,0,0,0,1665,1349,1225,51,1614,105318,85232,0,0,0,0,1665,0,0,0,0,2609,9400
326,W3,4,4,8,8,0,0,0,0,0,0,0,410,410,0,0,10,10,0,400,400,0,0.000000,0,52698,0.000000,0,0,0,0,1669,1353,1228,55,1614,105482,85474,0,0,0,0,1669,0,0,0,0,2641,9400
327,W3,4,4,8,8,0,0,0,0,0,0,0,410,410,0,0,10,10,0,400,400,0,0.000000,0,52736,0.000000,0,0,0,0,1661,1338,1219,56,1605,104944,84388,0,0,0,0,1661,0,0,0,0,2611,9400
328,W3,4,4,8,8,0,0,0,0,0,0,0,410,410,393,0,10,10,9,400,400,384,95.853659,12576,52992,23.731884,20,20,30,30,1661,1328,1219,56,1605,104944,83800,0,0,0,0,1661,0,0,0,0,2618,9400
329,W3,4,4,8,8,0,0,0,0,0,0,0,410,410,0,0,10,10,0,400,400,0,0.000000,0,52890,0.000000,0,0,0,0,1679,1344,1238,58,1621,106056,84846,0,0,0,0,1679,0,0,0,0,2606,9400
330,W3,4,4,8,8,0,0,0,0,0,0,0,410,410,389,0,10,10,9,400,400,380,94.878049,12448,52788,23.581117,20,20,30,30,1655,1330,1215,57,1598,104546,84102,0,0,0,0,1655,0,0,0,0,2585,9400
331,W3,4,4,8,8,0,0,0,0,0,0,0,410,410,0,0,10,10,0,400,400,0,0.000000,0,53440,0.000000,0,0,0,0,1668,1343,1226,59,1609,105326,84748,0,0,0,0,1668,0,0,0,0,2623,9400
332,W3,4,4,8,8,0,0,0,0,0,0,0,410,410,0,0,10,10,0,400,400,0,0.000000,0,52736,0.000000,0,0,0,0,1645,1351,1203,38,1607,104316,85444,0,0,0,0,1645,0,0,0,0,2566,9400
333,W3,4,4,8,8,0,0,0,0,0,0,0,410,410,0,0,10,10,0,400,400,0,0.000000,0,52788,0.000000,0,0,0,0,1266,914,826,51,1215,79782,57308,0,0,0,0,1266,0,0,0,0,1887,9400
334,W3,4,4,8,8,0,0,0,0,0,0,0,410,410,386,0,10,10,10,400,400,376,94.146341,12352,52992,23.309179,20,20,30,30,1262,918,820,53,1209,79474,57564,0,0,0,0,1262,0,0,0,0,1968,9400
335,W3,4,4,7,7,0,0,0,0,0,0,0,410,410,0,0,10,10,0,400,400,0,0.000000,0,53312,0.000000,0,0,0,0,1667,1353,1225,53,1614,105394,85484,0,0,0,0,1667,0,0,0,0,2690,9400
336,W3,4,4,7,7,0,0,0,0,0,0,0,410,410,0,0,10,10,0,400,400,0,0.000000,0,52992,0.000000,0,0,0,0,1666,1340,1224,53,1613,105330,84582,0,0,0,0,1666,0,0,0,0,2628,9400
337,W3,4,4,7,7,0,0,0,0,0,0,0,410,410,0,0,10,10,0,400,400,0,0.000000,0,52736,0.000000,0,0,0,0,1659,1332,1217,53,1606,104882,84222,0,0,0,0,1659,0,0,0,0,2730,9400
338,W3,4,4,8,8,0,0,0,0,0,0,0,410,410,387,0,10,10,9,400,400,378,94.390244,12384,52788,23.459877,20,20,30,30,1664,1330,1224,57,1607,105122,84058,0,0,0,0,1664,0,0,0,0,2796,9400
339,W3,4,4,7,7,0,0,0,0,0,0,0,410,410,0,0,10,10,0,400,400,0,0.000000,0,53018,0.000000,0,0,0,0,1667,1352,1226,58,1609,105288,85358,0,0,0,0,1667,0,0,0,0,2622,9400
340,W3,4,4,8,8,0,0,0,0,0,0,0,410,410,0,0,10,10,0,400,400,0,0.000000,0,52864,0.000000,0,0,0,0,1664,1332,1222,59,1605,105070,84104,0,0,0,0,1664,0,0,0,0,2604,9400
341,W3,4,4,8,8,0,0,0,0,0,0,0,410,410,387,0,10,10,10,400,400,377,94.390244,12384,53184,23.285199,20,20,30,30,1674,1355,1232,59,1615,105710,85506,0,0,0,0,1674,0,0,0,0,2685,9400
342,W3,1,1,6,6,0,0,0,0,0,0,0,410,410,0,0,10,10,0,400,400,0,0.000000,0,52298,0.000000,0,0,0,0,417,24,0,7,410,26506,980,0,0,0,0,417,0,0,0,0,239,9400
343,W3,1,1,6,6,0,0,0,0,0,0,0,410,410,392,0,10,10,10,400,400,382,95.609756,12544,52144,24.056459,20,20,30,30,418,23,0,8,410,26544,934,0,0,0,0,418,0,0,0,0,219,9400
344,W3,1,1,6,6,0,0,0,0,0,0,0,410,410,395,0,10,10,10,400,400,385,96.341463,12640,52080,24.270353,20,20,30,30,418,17,0,8,410,26544,682,0,0,0,0,418,0,0,0,0,230,9400
345,W3,1,1,7,7,0,0,0,0,0,0,0,410,410,0,0,10,10,0,400,400,0,0.000000,0,52144,0.000000,0,0,0,0,418,18,0,8,410,26544,720,0,0,0,0,418,0,0,0,0,217,9400
346,W3,1,1,7,7,0,0,0,0,0,0,0,410,410,0,0,10,10,0,400,400,0,0.000000,0,51888,0.000000,0,0,0,0,418,17,0,8,410,26544,678,0,0,0,0,418,0,0,0,0,251,9400
347,W3,1,1,7,7,0,0,0,0,0,0,0,410,410,391,0,10,10,10,400,400,381,95.365854,12512,52144,23.995091,20,20,30,30,418,13,0,8,410,26544,514,0,0,0,0,418,0,0,0,0,245,9400
348,W3,1,1,6,6,0,0,0,0,0,0,0,410,410,0,0,10,10,0,400,400,0,0.000000,0,52464,0.000000,0,0,0,0,418,14,0,8,410,26544,556,0,0,0,0,418,0,0,0,0,267,9400
349,W3,1,1,6,6,0,0,0,0,0,0,0,410,410,0,0,10,10,0,400,400,0,0.000000,0,52336,0.000000,0,0,0,0,418,14,0,8,410,26544,556,0,0,0,0,418,0,0,0,0,225,9400
350,W3,1,1,7,7,0,0,0,0,0,0,0,410,410,397,0,10,10,10,400,400,387,96.829268,12704,52528,24.185196,20,20,30,30,418,13,0,8,410,26544,510,0,0,0,0,418,0,0,0,0,217,9400
351,W3,1,1,7,7,0,0,0,0,0,0,0,410,410,0,0,10,10,0,400,400,0,0.000000,0,52272,0.000000,0,0,0,0,418,13,0,8,410,26544,510,0,0,0,0,418,0,0,0,0,198,9400
352,W3,1,1,6,6,0,0,0,0,0,0,0,410,410,0,0,10,10,0,400,400,0,0.000000,0,52208,0.000000,0,0,0,0,418,15,0,8,410,26544,594,0,0,0,0,418,0,0,0,0,213,9400
353,W3,1,1,6,6,0,0,0,0,0,0,0,410,410,394,0,10,10,8,400,400,386,96.097561,12608,51978,24.256416,20,20,30,30,417,13,0,7,410,26506,518,0,0,0,0,417,0,0,0,0,211,9400
354,W3,1,1,6,6,0,0,0,0,0,0,0,410,410,0,0,10,10,0,400,400,0,0.000000,0,51888,0.000000,0,0,0,0,418,16,0,8,410,26544,632,0,0,0,0,418,0,0,0,0,205,9400
355,W3,1,1,6,6,0,0,0,0,0,0,0,410,410,0,0,10,10,0,400,400,0,0.000000,0,52400,0.000000,0,0,0,0,418,13,0,8,410,26544,514,0,0,0,0,418,0,0,0,0,203,9400
356,W3,1,1,5,5,0,0,0,0,0,0,0,410,410,0,0,10,10,0,400,400,0,0.000000,0,51952,0.000000,0,0,0,0,418,17,0,8,410,26544,682,0,0,0,0,418,0,0,0,0,213,9400
357,W3,1,1,5,5,0,0,0,0,0,0,0,410,410,0,0,10,10,0,400,400,0,0.000000,0,52016,0.000000,0,0,0,0,418,18,0,8,410,26544,720,0,0,0,0,418,0,0,0,0,203,9400
358,W3,1,1,5,5,0,0,0,0,0,0,0,410,410,392,0,10,10,10,400,400,382,95.609756,12544,51952,24.145365,20,20,30,30,418,18,0,8,410,26544,724,0,0,0,0,418,0,0,0,0,204,9400
359,W3,1,1,5,5,0,0,0,0,0,0,0,410,410,0,0,10,10,0,400,400,0,0.000000,0,52336,0.000000,0,0,0,0,418,19,0,8,410,26544,762,0,0,0,0,418,0,0,0,0,201,9400
360,W3,1,1,5,5,0,0,0,0,0,0,0,410,410,0,0,10,10,0,400,400,0,0.000000,0,51952,0.000000,0,0,0,0,418,17,0,8,410,26544,682,0,0,0,0,418,0,0,0,0,207,9400
361,W3,1,1,5,5,0,0,0,0,0,0,0,410,410,395,0,10,10,10,400,400,385,96.341463,12640,52042,24.288075,20,20,30,30,417,16,0,7,410,26506,644,0,0,0,0,417,0,0,0,0,221,9400
362,W3,1,1,6,6,0,0,0,0,0,0,0,410,410,0,0,10,10,0,400,400,0,0.000000,0,52016,0.000000,0,0,0,0,418,18,0,8,410,26544,724,0,0,0,0,418,0,0,0,0,201,9400
363,W3,1,1,6,6,0,0,0,0,0,0,0,410,410,391,0,10,10,10,400,400,381,95.365854,12512,52208,23.965676,20,20,30,30,418,18,0,8,410,26544,728,0,0,0,0,418,0,0,0,0,215,9400
364,W3,1,1,6,6,0,0,0,0,0,0,0,410,410,392,0,10,10,9,400,400,383,95.609756,12544,52272,23.997551,20,20,30,30,418,16,0,8,410,26544,644,0,0,0,0,418,0,0,0,0,198,9400
365,W3,1,1,6,6,0,0,0,0,0,0,0,410,410,0,0,10,10,0,400,400,0,0.000000,0,52400,0.000000,0,0,0,0,418,19,0,8,410,26544,766,0,0,0,0,418,0,0,0,0,205,9400
366,W3,1,1,7,7,0,0,0,0,0,0,0,410,410,0,0,10,10,0,400,400,0,0.000000,0,52400,0.000000,0,0,0,0,418,15,0,8,410,26544,598,0,0,0,0,418,0,0,0,0,218,9400
367,W3,1,1,7,7,0,0,0,0,0,0,0,410,410,397,0,10,10,10,400,400,387,96.829268,12704,52528,24.185196,20,20,30,30,418,19,0,8,410,26544,758,0,0,0,0,418,0,0,0,0,223,9400
368,W3,1,1,7,7,0,0,0,0,0,0,0,410,410,0,0,10,10,0,400,400,0,0.000000,0,52106,0.000000,0,0,0,0,417,17,0,7,410,26506,690,0,0,0,0,417,0,0,0,0,217,9400
369,W3,1,1,7,7,0,0,0,0,0,0,0,410,410,392,0,10,10,10,400,400,382,95.609756,12544,52336,23.968205,20,20,30,30,418,17,0,8,410,26544,682,0,0,0,0,418,0,0,0,0,207,9400
370,W3,1,1,7,7,0,0,0,0,0,0,0,410,410,0,0,10,10,0,400,400,0,0.000000,0,52016,0.000000,0,0,0,0,418,18,0,8,410,26544,720,0,0,0,0,418,0,0,0,0,215,9400
371,W3,1,1,6,6,0,0,0,0,0,0,0,410,410,389,0,10,10,9,400,400,380,94.878049,12448,51786,24.037385,20,20,30,30,417,19,0,7,410,26506,762,0,0,0,0,417,0,0,0,0,211,9400
372,W3,1,1,6,6,0,0,0,0,0,0,0,410,410,0,0,10,10,0,400,400,0,0.000000,0,52080,0.000000,0,0,0,0,418,17,0,8,410,26544,682,0,0,0,0,418,0,0,0,0,215,9400
373,W3,1,1,7,7,0,0,0,0,0,0,0,410,410,0,0,10,10,0,400,400,0,0.000000,0,51568,0.000000,0,0,0,0,418,18,0,8,410,26544,724,0,0,0,0,418,0,0,0,0,226,9400
374,W3,1,1,7,7,0,0,0,0,0,0,0,410,410,0,0,10,10,0,400,400,0,0.000000,0,52208,0.000000,0,0,0,0,418,18,0,8,410,26544,720,0,0,0,0,418,0,0,0,0,213,9400
375,W3,1,1,7,7,0,0,0,0,0,0,0,410,410,387,0,10,10,10,400,400,377,94.390244,12384,52080,23.778802,20,20,30,30,418,18,0,8,410,26544,720,0,0,0,0,418,0,0,0,0,209,9400
376,W3,1,1,6,6,0,0,0,0,0,0,0,410,410,0,0,10,10,0,400,400,0,0.000000,0,52144,0.000000,0,0,0,0,418,16,0,8,410,26544,644,0,0,0,0,418,0,0,0,0,230,9400
377,W3,1,1,7,7,1,0,0,0,4,0,0,410,410,0,0,10,10,0,400,400,0,0.000000,0,26154,0.000000,0,0,0,0,214,16,0,14,200,13356,640,0,0,0,0,214,0,6,0,0,235,9400
378,W3,1,1,8,8,1,0,0,0,4,0,0,410,410,0,0,10,10,0,400,400,0,0.000000,0,25834,0.000000,0,0,0,0,214,18,0,14,200,13356,716,0,0,0,0,214,0,6,0,0,270,9400
379,W3,1,1,7,7,0,0,0,0,0,0,0,410,410,0,0,10,10,0,400,400,0,0.000000,0,51952,0.000000,0,0,0,0,418,14,0,8,410,26544,560,0,0,0,0,418,0,0,0,0,213,9400
380,W3,1,1,7,7,0,0,0,0,0,0,0,410,410,0,0,10,10,0,400,400,0,0.000000,0,51632,0.000000,0,0,0,0,418,17,0,8,410,26544,682,0,0,0,0,418,0,0,0,0,228,9400
381,W3,1,1,6,6,0,0,0,0,0,0,0,410,410,385,0,10,10,7,400,400,378,93.902439,12320,51760,23.802164,20,20,30,30,418,18,0,8,410,26544,720,0,0,0,0,418,0,0,0,0,228,9400
382,W3,1,1,6,6,0,0,0,0,0,0,0,410,410,389,0,10,10,10,400,400,379,94.878049,12448,52336,23.784775,20,20,30,30,418,17,0,8,410,26544,682,0,0,0,0,418,0,0,0,0,210,9400
383,W3,1,1,7,7,0,0,0,0,0,0,0,410,410,0,0,10,10,0,400,400,0,0.000000,0,51760,0.000000,0,0,0,0,418,11,0,8,410,26544,430,0,0,0,0,418,0,0,0,0,209,9400
384,W3,1,1,6,6,0,0,0,0,0,0,0,410,410,384,0,10,10,10,400,400,374,93.658537,12288,51888,23.681776,20,20,30,30,418,11,0,8,410,26544,430,0,0,0,0,418,0,0,0,0,216,9400
385,W3,1,1,7,7,0,0,0,0,0,0,0,410,410,0,0,10,10,0,400,400,0,0.000000,0,52170,0.000000,0,0,0,0,417,11,0,7,410,26506,434,0,0,0,0,417,0,0,0,0,213,9400
386,W3,1,1,7,7,0,0,0,0,0,0,0,410,410,0,0,10,10,0,400,400,0,0.000000,0,52400,0.000000,0,0,0,0,418,10,0,8,410,26544,392,0,0,0,0,418,0,0,0,0,237,9400
387,W3,1,1,7,7,0,0,0,0,0,0,0,410,410,0,0,10,10,0,400,400,0,0.000000,0,51952,0.000000,0,0,0,0,418,11,0,8,410,26544,430,0,0,0,0,418,0,0,0,0,207,9400
388,W3,1,1,7,7,0,0,0,0,0,0,0,410,410,387,0,10,10,9,400,400,378,94.390244,12384,51952,23.837388,20,20,30,30,418,11,0,8,410,26544,430,0,0,0,0,418,0,0,0,0,206,9400
389,W3,1,1,7,7,0,0,0,0,0,0,0,410,410,0,0,10,10,0,400,400,0,0.000000,0,52144,0.000000,0,0,0,0,418,12,0,8,410,26544,472,0,0,0,0,418,0,0,0,0,210,9400
390,W3,1,1,6,6,0,0,0,0,0,0,0,410,410,393,0,10,10,10,400,400,383,95.853659,12576,52016,24.177176,20,20,30,30,418,14,0,8,410,26544,544,0,0,0,0,418,0,0,0,0,212,9400
391,W3,1,1,7,7,0,0,0,0,0,0,0,410,410,0,0,10,10,0,400,400,0,0.000000,0,52080,0.000000,0,0,0,0,418,11,0,8,410,26544,430,0,0,0,0,418,0,0,0,0,203,9400
392,W3,1,1,6,6,0,0,0,0,0,0,0,410,410,0,0,10,10,0,400,400,0,0.000000,0,52016,0.000000,0,0,0,0,418,23,0,8,410,26544,930,0,0,0,0,418,0,0,0,0,228,9400
393,W3,1,1,6,6,0,0,0,0,0,0,0,410,410,0,0,10,10,0,400,400,0,0.000000,0,52208,0.000000,0,0,0,0,418,18,0,8,410,26544,724,0,0,0,0,418,0,0,0,0,224,9400
394,W3,1,1,6,6,0,0,0,0,0,0,0,410,410,0,0,10,10,0,400,400,0,0.000000,0,51760,0.000000,0,0,0,0,418,20,0,8,410,26544,808,0,0,0,0,418,0,0,0,0,197,9400
395,W3,1,1,6,6,0,0,0,0,0,0,0,410,410,389,0,10,10,10,400,400,379,94.878049,12448,52144,23.872353,20,20,30,30,418,18,0,8,410,26544,712,0,0,0,0,418,0,0,0,0,198,9400
396,W3,1,1,6,6,0,0,0,0,0,0,0,410,410,0,0,10,10,0,400,400,0,0.000000,0,52272,0.000000,0,0,0,0,418,17,0,8,410,26544,670,0,0,0,0,418,0,0,0,0,206,9400
397,W3,1,1,6,6,0,0,0,0,0,0,0,410,410,387,0,10,10,9,400,400,378,94.390244,12384,51952,23.837388,20,20,30,30,418,14,0,8,410,26544,556,0,0,0,0,418,0,0,0,0,199,9400
398,W3,1,1,6,6,0,0,0,0,0,0,0,410,410,388,0,10,10,9,400,400,379,94.634146,12416,51888,23.928461,20,20,30,30,418,14,0,8,410,26544,556,0,0,0,0,418,0,0,0,0,224,9400
399,W3,1,1,6,6,0,0,0,0,0,0,0,410,410,0,0,10,10,0,400,400,0,0.000000,0,51760,0.000000,0,0,0,0,418,15,0,8,410,26544,590,0,0,0,0,418,0,0,0,0,196,9400
400,W3,1,1,6,6,0,0,0,0,0,0,0,410,410,0,0,10,10,0,400,400,0,0.000000,0,51952,0.000000,0,0,0,0,418,13,0,8,410,26544,514,0,0,0,0,418,0,0,0,0,187,9400
401,W3,1,1,5,5,0,0,0,0,0,0,0,410,410,387,0,10,10,10,400,400,377,94.390244,12384,52170,23.737780,20,20,30,30,417,14,0,7,410,26506,564,0,0,0,0,417,0,0,0,0,230,9400
402,W3,1,1,5,5,0,0,0,0,0,0,0,410,410,0,0,10,10,0,400,400,0,0.000000,0,52208,0.000000,0,0,0,0,418,16,0,8,410,26544,636,0,0,0,0,418,0,0,0,0,206,9400
403,W3,1,1,5,5,0,0,0,0,0,0,0,410,410,388,0,10,10,10,400,400,378,94.634146,12416,52016,23.869579,20,20,30,30,418,16,0,8,410,26544,636,0,0,0,0,418,0,0,0,0,205,9400
404,W3,1,1,5,5,0,0,0,0,0,0,0,410,410,388,0,10,10,8,400,400,380,94.634146,12416,51952,23.898984,20,20,30,30,418,13,0,8,410,26544,514,0,0,0,0,418,0,0,0,0,202,9400
405,W3,1,1,6,6,0,0,0,0,0,0,0,410,410,0,0,10,10,0,400,400,0,0.000000,0,51824,0.000000,0,0,0,0,418,16,0,8,410,26544,632,0,0,0,0,418,0,0,0,0,235,9400
406,W3,1,1,5,5,0,0,0,0,0,0,0,410,410,0,0,10,10,0,400,400,0,0.000000,0,52080,0.000000,0,0,0,0,418,14,0,8,410,26544,552,0,0,0,0,418,0,0,0,0,211,9400
407,W3,1,1,5,5,0,0,0,0,0,0,0,410,410,0,0,10,10,0,400,400,0,0.000000,0,52400,0.000000,0,0,0,0,418,15,0,8,410,26544,594,0,0,0,0,418,0,0,0,0,201,9400
408,W3,1,1,5,5,0,0,0,0,0,0,0,410,410,0,0,10,10,0,400,400,0,0.000000,0,52272,0.000000,0,0,0,0,418,14,0,8,410,26544,556,0,0,0,0,418,0,0,0,0,198,9400
409,W3,1,1,5,5,0,0,0,0,0,0,0,410,410,0,0,10,10,0,400,400,0,0.000000,0,51952,0.000000,0,0,0,0,418,15,0,8,410,26544,594,0,0,0,0,418,0,0,0,0,205,9400
410,W3,1,1,5,5,0,0,0,0,0,0,0,410,410,388,0,10,10,10,400,400,378,94.634146,12416,52080,23.840246,20,20,30,30,418,12,0,8,410,26544,480,0,0,0,0,418,0,0,0,0,199,9400
411,W3,1,1,5,5,0,0,0,0,0,0,0,410,410,0,0,10,10,0,400,400,0,0.000000,0,52080,0.000000,0,0,0,0,418,15,0,8,410,26544,598,0,0,0,0,418,0,0,0,0,196,9400
412,W3,1,1,5,5,0,0,0,0,0,0,0,410,410,394,0,10,10,10,400,400,384,96.097561,12608,52272,24.119988,20,20,30,30,418,14,0,8,410,26544,556,0,0,0,0,418,0,0,0,0,228,9400
413,W3,1,1,5,5,0,0,0,0,0,0,0,410,410,393,0,10,10,10,400,400,383,95.853659,12576,52272,24.058770,20,20,30,30,418,17,0,8,410,26544,674,0,0,0,0,418,0,0,0,0,217,9400
414,W3,1,1,5,5,0,0,0,0,0,0,0,410,410,0,0,10,10,0,400,400,0,0.000000,0,52106,0.000000,0,0,0,0,417,14,0,7,410,26506,560,0,0,0,0,417,0,0,0,0,203,9400
415,W3,1,1,5,5,0,0,0,0,0,0,0,410,410,0,0,10,10,0,400,400,0,0.000000,0,52400,0.000000,0,0,0,0,418,13,0,8,410,26544,522,0,0,0,0,418,0,0,0,0,198,9400
416,W3,1,1,5,5,0,0,0,0,0,0,0,410,410,0,0,10,10,0,400,400,0,0.000000,0,52336,0.000000,0,0,0,0,418,15,0,8,410,26544,598,0,0,0,0,418,0,0,0,0,214,9400
417,W3,1,1,5,5,0,0,0,0,0,0,0,410,410,0,0,10,10,0,400,400,0,0.000000,0,52272,0.000000,0,0,0,0,418,15,0,8,410,26544,598,0,0,0,0,418,0,0,0,0,187,9400
418,W3,1,1,5,5,0,0,0,0,0,0,0,410,410,387,0,10,10,8,400,400,379,94.390244,12384,52080,23.778802,20,20,30,30,418,17,0,8,410,26544,678,0,0,0,0,418,0,0,0,0,200,9400
419,W3,1,1,7,7,0,0,0,0,0,0,0,410,410,0,0,10,10,0,400,400,0,0.000000,0,52336,0.000000,0,0,0,0,418,18,0,8,410,26544,724,0,0,0,0,418,0,0,0,0,214,9400
420,W3,1,1,7,7,0,0,0,0,0,0,0,410,410,0,0,10,10,0,400,400,0,0.000000,0,52080,0.000000,0,0,0,0,418,20,0,8,410,26544,800,0,0,0,0,418,0,0,0,0,208,9400
421,W3,1,1,6,6,0,0,0,0,0,0,0,410,410,391,0,10,10,10,400,400,381,95.365854,12512,52272,23.936333,20,20,30,30,418,17,0,8,410,26544,682,0,0,0,0,418,0,0,0,0,237,9400
422,W3,1,1,6,6,0,0,0,0,0,0,0,410,410,392,0,10,10,9,400,400,383,95.609756,12544,52336,23.968205,20,20,30,30,418,18,0,8,410,26544,724,0,0,0,0,418,0,0,0,0,242,9400
423,W3,1,1,7,7,0,0,0,0,0,0,0,410,410,0,0,10,10,0,400,400,0,0.000000,0,52272,0.000000,0,0,0,0,418,18,0,8,410,26544,720,0,0,0,0,418,0,0,0,0,242,9400
424,W3,1,1,6,6,0,0,0,0,0,0,0,410,410,0,0,10,10,0,400,400,0,0.000000,0,52144,0.000000,0,0,0,0,418,19,0,8,410,26544,758,0,0,0,0,418,0,0,0,0,212,9400
425,W3,1,1,7,7,0,0,0,0,0,0,0,410,410,386,0,10,10,9,400,400,377,94.146341,12352,51888,23.805119,20,20,30,30,418,20,0,8,410,26544,796,0,0,0,0,418,0,0,0,0,228,9400
426,W3,1,1,6,6,0,0,0,0,0,0,0,410,410,0,0,10,10,0,400,400,0,0.000000,0,52272,0.000000,0,0,0,0,418,18,0,8,410,26544,724,0,0,0,0,418,0,0,0,0,227,9400
427,W3,1,1,7,7,0,0,0,0,0,0,0,410,410,382,0,10,10,10,400,400,372,93.170732,12224,52080,23.471582,20,20,30,30,418,19,0,8,410,26544,762,0,0,0,0,418,0,0,0,0,222,9400
428,W3,1,1,6,6,0,0,0,0,0,0,0,410,410,0,0,10,10,0,400,400,0,0.000000,0,52464,0.000000,0,0,0,0,418,18,0,8,410,26544,720,0,0,0,0,418,0,0,0,0,249,9400
429,W3,1,1,6,6,0,0,0,0,0,0,0,410,410,0,0,10,10,0,400,400,0,0.000000,0,52016,0.000000,0,0,0,0,418,17,0,8,410,26544,682,0,0,0,0,418,0,0,0,0,239,9400
430,W3,1,1,5,5,0,0,0,0,0,0,0,410,410,0,0,10,10,0,400,400,0,0.000000,0,52464,0.000000,0,0,0,0,418,18,0,8,410,26544,720,0,0,0,0,418,0,0,0,0,234,9400
431,W3,1,1,6,6,0,0,0,0,0,0,0,410,410,388,0,10,10,10,400,400,378,94.634146,12416,52042,23.857653,20,20,30,30,417,17,0,7,410,26506,682,0,0,0,0,417,0,0,0,0,201,9400
432,W3,1,1,6,6,0,0,0,0,0,0,0,410,410,396,0,10,10,10,400,400,386,96.585366,12672,52336,24.212779,20,20,30,30,418,17,0,8,410,26544,682,0,0,0,0,418,0,0,0,0,214,9400
433,W3,1,1,6,6,0,0,0,0,0,0,0,410,410,0,0,10,10,0,400,400,0,0.000000,0,52400,0.000000,0,0,0,0,418,18,0,8,410,26544,724,0,0,0,0,418,0,0,0,0,213,9400
434,W3,1,1,7,7,0,0,0,0,0,0,0,410,410,0,0,10,10,0,400,400,0,0.000000,0,52208,0.000000,0,0,0,0,418,20,0,8,410,26544,800,0,0,0,0,418,0,0,0,0,221,9400
435,W3,1,1,6,6,0,0,0,0,0,0,0,410,410,0,0,10,10,0,400,400,0,0.000000,0,51888,0.000000,0,0,0,0,418,18,0,8,410,26544,720,0,0,0,0,418,0,0,0,0,216,9400
436,W3,1,1,6,6,0,0,0,0,0,0,0,410,410,390,0,10,10,10,400,400,380,95.121951,12480,52208,23.904382,20,20,30,30,418,17,0,8,410,26544,682,0,0,0,0,418,0,0,0,0,213,9400
437,W3,1,1,7,7,0,0,0,0,0,0,0,410,410,0,0,10,10,0,400,400,0,0.000000,0,52208,0.000000,0,0,0,0,418,17,0,8,410,26544,682,0,0,0,0,418,0,0,0,0,227,9400
438,W3,1,1,7,7,0,0,0,0,0,0,0,410,410,0,0,10,10,0,400,400,0,0.000000,0,52464,0.000000,0,0,0,0,418,18,0,8,410,26544,724,0,0,0,0,418,0,0,0,0,211,9400
439,W3,1,1,6,6,0,0,0,0,0,0,0,410,410,0,0,10,10,0,400,400,0,0.000000,0,51760,0.000000,0,0,0,0,418,20,0,8,410,26544,804,0,0,0,0,418,0,0,0,0,218,9400
440,W3,1,1,7,7,0,0,0,0,0,0,0,410,410,0,0,10,10,0,400,400,0,0.000000,0,52080,0.000000,0,0,0,0,418,16,0,8,410,26544,640,0,0,0,0,418,0,0,0,0,225,9400
441,W3,1,1,7,7,0,0,0,0,0,0,0,410,410,391,0,10,10,10,400,400,381,95.365854,12512,52208,23.965676,20,20,30,30,418,15,0,8,410,26544,598,0,0,0,0,418,0,0,0,0,242,9400
442,W3,1,1,6,6,0,0,0,0,0,0,0,410,410,380,0,10,10,10,400,400,370,92.682927,12160,52016,23.377422,20,20,30,30,418,16,0,8,410,26544,640,0,0,0,0,418,0,0,0,0,216,9400
443,W3,1,1,6,6,0,0,0,0,0,0,0,410,410,0,0,10,10,0,400,400,0,0.000000,0,52016,0.000000,0,0,0,0,418,16,0,8,410,26544,640,0,0,0,0,418,0,0,0,0,203,9400
444,W3,1,1,7,7,0,0,0,0,0,0,0,410,410,0,0,10,10,0,400,400,0,0.000000,0,52144,0.000000,0,0,0,0,418,18,0,8,410,26544,720,0,0,0,0,418,0,0,0,0,225,9400
445,W3,1,1,7,7,0,0,0,0,0,0,0,410,410,388,0,10,10,10,400,400,378,94.634146,12416,52336,23.723632,20,20,30,30,418,20,0,8,410,26544,800,0,0,0,0,418,0,0,0,0,203,9400
446,W3,1,1,6,6,0,0,0,0,0,0,0,410,410,0,0,10,10,0,400,400,0,0.000000,0,51440,0.000000,0,0,0,0,418,9,0,8,410,26544,350,0,0,0,0,418,0,0,0,0,223,9400
447,W3,1,1,6,6,0,0,0,0,0,0,0,410,410,0,0,10,10,0,400,400,0,0.000000,0,52208,0.000000,0,0,0,0,418,10,0,8,410,26544,388,0,0,0,0,418,0,0,0,0,201,9400
448,W3,1,1,6,6,0,0,0,0,0,0,0,410,410,391,0,10,10,10,400,400,381,95.365854,12512,52464,23.848734,20,20,30,30,418,10,0,8,410,26544,388,0,0,0,0,418,0,0,0,0,194,9400
449,W3,1,1,6,6,0,0,0,0,0,0,0,410,410,393,0,10,10,10,400,400,383,95.853659,12576,52144,24.117828,20,20,30,30,418,10,0,8,410,26544,388,0,0,0,0,418,0,0,0,0,187,9400
450,W3,1,1,6,6,0,0,0,0,0,0,0,410,410,0,0,10,10,0,400,400,0,0.000000,0,52016,0.000000,0,0,0,0,418,8,0,8,410,26544,312,0,0,0,0,418,0,0,0,0,211,9400
451,W3,1,1,6,6,0,0,0,0,0,0,0,410,410,387,0,10,10,9,400,400,378,94.390244,12384,52170,23.737780,20,20,30,30,417,9,0,7,410,26506,350,0,0,0,0,417,0,0,0,0,210,9400
452,W3,1,1,6,6,0,0,0,0,0,0,0,410,410,0,0,10,10,0,400,400,0,0.000000,0,52144,0.000000,0,0,0,0,418,10,0,8,410,26544,388,0,0,0,0,418,0,0,0,0,205,9400
453,W3,1,1,6,6,0,0,0,0,0,0,0,410,410,0,0,10,10,0,400,400,0,0.000000,0,51952,0.000000,0,0,0,0,418,12,0,8,410,26544,464,0,0,0,0,418,0,0,0,0,281,9400
454,W3,1,1,6,6,0,0,0,0,0,0,0,410,410,0,0,10,10,0,400,400,0,0.000000,0,52080,0.000000,0,0,0,0,418,13,0,8,410,26544,502,0,0,0,0,418,0,0,0,0,204,9400
455,W3,1,1,5,5,0,0,0,0,0,0,0,410,410,391,0,10,10,10,400,400,381,95.365854,12512,52042,24.042120,20,20,30,30,417,15,0,7,410,26506,598,0,0,0,0,417,0,0,0,0,208,9400
456,W3,1,1,5,5,0,0,0,0,0,0,0,410,410,0,0,10,10,0,400,400,0,0.000000,0,52336,0.000000,0,0,0,0,418,15,0,8,410,26544,598,0,0,0,0,418,0,0,0,0,200,9400
457,W3,1,1,5,5,0,0,0,0,0,0,0,410,410,0,0,10,10,0,400,400,0,0.000000,0,52272,0.000000,0,0,0,0,418,15,0,8,410,26544,598,0,0,0,0,418,0,0,0,0,217,9400
458,W3,1,1,5,5,0,0,0,0,0,0,0,410,410,0,0,10,10,0,400,400,0,0.000000,0,52234,0.000000,0,0,0,0,417,11,0,7,410,26506,434,0,0,0,0,417,0,0,0,0,201,9400
459,W3,1,1,5,5,0,0,0,0,0,0,0,410,410,396,0,10,10,10,400,400,386,96.585366,12672,52298,24.230372,20,20,30,30,417,13,0,7,410,26506,514,0,0,0,0,417,0,0,0,0,196,9400
460,W3,1,1,6,6,0,0,0,0,0,0,0,410,410,0,0,10,10,0,400,400,0,0.000000,0,52080,0.000000,0,0,0,0,418,16,0,8,410,26544,624,0,0,0,0,418,0,0,0,0,208,9400
461,W3,1,1,6,6,0,0,0,0,0,0,0,410,410,0,0,10,10,0,400,400,0,0.000000,0,52272,0.000000,0,0,0,0,418,13,0,8,410,26544,514,0,0,0,0,418,0,0,0,0,202,9400
462,W3,1,1,5,5,0,0,0,0,0,0,0,410,410,395,0,10,10,10,400,400,385,96.341463,12640,52400,24.122137,20,20,30,30,418,12,0,8,410,26544,472,0,0,0,0,418,0,0,0,0,233,9400
463,W3,1,1,5,5,0,0,0,0,0,0,0,410,410,394,0,10,10,9,400,400,385,96.097561,12608,51952,24.268556,20,20,30,30,418,14,0,8,410,26544,552,0,0,0,0,418,0,0,0,0,207,9400
464,W3,1,1,6,6,0,0,0,0,0,0,0,410,410,386,0,10,10,9,400,400,377,94.146341,12352,51786,23.852006,20,20,30,30,417,15,0,7,410,26506,602,0,0,0,0,417,0,0,0,0,212,9400
465,W3,1,1,6,6,0,0,0,0,0,0,0,410,410,0,0,10,10,0,400,400,0,0.000000,0,52144,0.000000,0,0,0,0,418,22,0,8,410,26544,880,0,0,0,0,418,0,0,0,0,225,9400
466,W3,1,1,6,6,0,0,0,0,0,0,0,410,410,0,0,10,10,0,400,400,0,0.000000,0,52298,0.000000,0,0,0,0,417,16,0,7,410,26506,644,0,0,0,0,417,0,0,0,0,214,9400
467,W3,1,1,6,6,0,0,0,0,0,0,0,410,410,0,0,10,10,0,400,400,0,0.000000,0,52144,0.000000,0,0,0,0,418,19,0,8,410,26544,762,0,0,0,0,418,0,0,0,0,213,9400
468,W3,1,1,6,6,0,0,0,0,0,0,0,410,410,0,0,10,10,0,400,400,0,0.000000,0,52144,0.000000,0,0,0,0,418,18,0,8,410,26544,724,0,0,0,0,418,0,0,0,0,224,9400
469,W3,1,1,6,6,0,0,0,0,0,0,0,410,410,390,0,10,10,10,400,400,380,95.121951,12480,52170,23.921794,20,20,30,30,417,18,0,7,410,26506,720,0,0,0,0,417,0,0,0,0,194,9400
470,W3,1,1,6,6,0,0,0,0,0,0,0,410,410,388,0,10,10,8,400,400,380,94.634146,12416,52080,23.840246,20,20,30,30,418,20,0,8,410,26544,804,0,0,0,0,418,0,0,0,0,220,9400
471,W3,1,1,6,6,0,0,0,0,0,0,0,410,410,0,0,10,10,0,400,400,0,0.000000,0,52272,0.000000,0,0,0,0,418,19,0,8,410,26544,762,0,0,0,0,418,0,0,0,0,194,9400
472,W3,1,1,6,6,0,0,0,0,0,0,0,410,410,0,0,10,10,0,400,400,0,0.000000,0,52016,0.000000,0,0,0,0,418,19,0,8,410,26544,762,0,0,0,0,418,0,0,0,0,213,9400
473,W3,1,1,7,7,0,0,0,0,0,0,0,410,410,0,0,10,10,0,400,400,0,0.000000,0,51824,0.000000,0,0,0,0,418,16,0,8,410,26544,636,0,0,0,0,418,0,0,0,0,203,9400
474,W3,1,1,7,7,0,0,0,0,0,0,0,410,410,390,0,10,10,10,400,400,380,95.121951,12480,52208,23.904382,20,20,30,30,418,14,0,8,410,26544,552,0,0,0,0,418,0,0,0,0,201,9400
475,W3,1,1,7,7,0,0,0,0,0,0,0,410,410,0,0,10,10,0,400,400,0,0.000000,0,52170,0.000000,0,0,0,0,417,11,0,7,410,26506,438,0,0,0,0,417,0,0,0,0,208,9400
476,W3,1,1,6,6,0,0,0,0,0,0,0,410,410,0,0,10,10,0,400,400,0,0.000000,0,52208,0.000000,0,0,0,0,418,20,0,8,410,26544,804,0,0,0,0,418,0,0,0,0,210,9400
477,W3,1,1,6,6,0,0,0,0,0,0,0,410,410,0,0,10,10,0,400,400,0,0.000000,0,51722,0.000000,0,0,0,0,417,19,0,7,410,26506,770,0,0,0,0,417,0,0,0,0,201,9400
478,W3,1,1,6,6,0,0,0,0,0,0,0,410,410,0,0,10,10,0,400,400,0,0.000000,0,52144,0.000000,0,0,0,0,418,19,0,8,410,26544,766,0,0,0,0,418,0,0,0,0,214,9400
479,W3,1,1,7,7,0,0,0,0,0,0,0,410,410,395,0,10,10,9,400,400,386,96.341463,12640,52208,24.210849,20,20,30,30,418,15,0,8,410,26544,590,0,0,0,0,418,0,0,0,0,203,9400
480,W3,1,1,6,6,0,0,0,0,0,0,0,410,410,0,0,10,10,0,400,400,0,0.000000,0,52144,0.000000,0,0,0,0,418,15,0,8,410,26544,594,0,0,0,0,418,0,0,0,0,205,9400
481,W3,1,1,7,7,0,0,0,0,0,0,0,410,410,0,0,10,10,0,400,400,0,0.000000,0,52272,0.000000,0,0,0,0,418,13,0,8,410,26544,514,0,0,0,0,418,0,0,0,0,235,9400
482,W3,1,1,6,6,0,0,0,0,0,0,0,410,410,0,0,10,10,0,400,400,0,0.000000,0,51952,0.000000,0,0,0,0,418,11,0,8,410,26544,430,0,0,0,0,418,0,0,0,0,241,9400
483,W3,1,1,6,6,0,0,0,0,0,0,0,410,410,388,0,10,10,10,400,400,378,94.634146,12416,52080,23.840246,20,20,30,30,418,12,0,8,410,26544,476,0,0,0,0,418,0,0,0,0,303,9400
484,W3,1,1,6,6,0,0,0,0,0,0,0,410,410,389,0,10,10,9,400,400,380,94.878049,12448,52080,23.901690,20,20,30,30,418,13,0,8,410,26544,506,0,0,0,0,418,0,0,0,0,239,9400
485,W3,1,1,6,6,0,0,0,0,0,0,0,410,410,0,0,10,10,0,400,400,0,0.000000,0,52298,0.000000,0,0,0,0,417,10,0,7,410,26506,392,0,0,0,0,417,0,0,0,0,202,9400
486,W3,1,1,6,6,0,0,0,0,0,0,0,410,410,0,0,10,10,0,400,400,0,0.000000,0,51824,0.000000,0,0,0,0,418,13,0,8,410,26544,510,0,0,0,0,418,0,0,0,0,204,9400
487,W3,1,1,6,6,0,0,0,0,0,0,0,410,410,0,0,10,10,0,400,400,0,0.000000,0,52400,0.000000,0,0,0,0,418,9,0,8,410,26544,354,0,0,0,0,418,0,0,0,0,247,9400
488,W3,1,1,7,7,0,0,0,0,0,0,0,410,410,0,0,10,10,0,400,400,0,0.000000,0,51888,0.000000,0,0,0,0,418,14,0,8,410,26544,556,0,0,0,0,418,0,0,0,0,236,9400
489,W3,1,1,7,7,0,0,0,0,0,0,0,410,410,0,0,10,10,0,400,400,0,0.000000,0,51978,0.000000,0,0,0,0,417,14,0,7,410,26506,560,0,0,0,0,417,0,0,0,0,221,9400
490,W3,1,1,7,7,0,0,0,0,0,0,0,410,410,0,0,10,10,0,400,400,0,0.000000,0,52144,0.000000,0,0,0,0,418,14,0,8,410,26544,556,0,0,0,0,418,0,0,0,0,209,9400
491,W3,1,1,5,5,0,0,0,0,0,0,0,410,410,0,0,10,10,0,400,400,0,0.000000,0,52464,0.000000,0,0,0,0,418,11,0,8,410,26544,430,0,0,0,0,418,0,0,0,0,209,9400
492,W3,1,1,5,5,0,0,0,0,0,0,0,410,410,0,0,10,10,0,400,400,0,0.000000,0,52016,0.000000,0,0,0,0,418,12,0,8,410,26544,464,0,0,0,0,418,0,0,0,0,201,9400
493,W3,1,1,6,6,0,0,0,0,0,0,0,410,410,0,0,10,10,0,400,400,0,0.000000,0,51888,0.000000,0,0,0,0,418,14,0,8,410,26544,544,0,0,0,0,418,0,0,0,0,230,9400
494,W3,1,1,6,6,0,0,0,0,0,0,0,410,410,0,0,10,10,0,400,400,0,0.000000,0,52144,0.000000,0,0,0,0,418,14,0,8,410,26544,556,0,0,0,0,418,0,0,0,0,213,9400
495,W3,1,1,7,7,0,0,0,0,0,0,0,410,410,398,0,10,10,9,400,400,389,97.073171,12736,52656,24.187177,20,20,30,30,418,14,0,8,410,26544,556,0,0,0,0,418,0,0,0,0,219,9400
496,W3,1,1,6,6,0,0,0,0,0,0,0,410,410,0,0,10,10,0,400,400,0,0.000000,0,51952,0.000000,0,0,0,0,418,15,0,8,410,26544,590,0,0,0,0,418,0,0,0,0,213,9400
497,W3,1,1,6,6,0,0,0,0,0,0,0,410,410,0,0,10,10,0,400,400,0,0.000000,0,51824,0.000000,0,0,0,0,418,10,0,8,410,26544,388,0,0,0,0,418,0,0,0,0,229,9400
498,W3,1,1,6,6,0,0,0,0,0,0,0,410,410,396,0,10,10,10,400,400,386,96.585366,12672,52528,24.124277,20,20,30,30,418,11,0,8,410,26544,430,0,0,0,0,418,0,0,0,0,215,9400
499,W3,1,1,6,6,0,0,0,0,0,0,0,410,410,0,0,10,10,0,400,400,0,0.000000,0,52080,0.000000,0,0,0,0,418,12,0,8,410,26544,472,0,0,0,0,418,0,0,0,0,189,9400
500,W3,1,1,6,6,0,0,0,0,0,0,0,410,410,0,0,10,10,0,400,400,0,0.000000,0,52144,0.000000,0,0,0,0,418,16,0,8,410,26544,644,0,0,0,0,418,0,0,0,0,202,9400
501,W3,1,1,6,6,0,0,0,0,0,0,0,410,410,0,0,10,10,0,400,400,0,0.000000,0,52144,0.000000,0,0,0,0,418,18,0,8,410,26544,724,0,0,0,0,418,0,0,0,0,226,9400
502,W3,1,1,6,6,0,0,0,0,0,0,0,410,410,394,0,10,10,10,400,400,384,96.097561,12608,52272,24.119988,20,20,30,30,418,17,0,8,410,26544,682,0,0,0,0,418,0,0,0,0,218,9400
503,W3,1,1,6,6,0,0,0,0,0,0,0,410,410,0,0,10,10,0,400,400,0,0.000000,0,52336,0.000000,0,0,0,0,418,16,0,8,410,26544,636,0,0,0,0,418,0,0,0,0,208,9400
504,W3,1,1,6,6,0,0,0,0,0,0,0,410,410,0,0,10,10,0,400,400,0,0.000000,0,52336,0.000000,0,0,0,0,418,14,0,8,410,26544,560,0,0,0,0,418,0,0,0,0,212,9400
505,W3,1,1,6,6,0,0,0,0,0,0,0,410,410,0,0,10,10,0,400,400,0,0.000000,0,51978,0.000000,0,0,0,0,417,16,0,7,410,26506,644,0,0,0,0,417,0,0,0,0,214,9400
506,W3,1,1,6,6,0,0,0,0,0,0,0,410,410,386,0,10,10,10,400,400,376,94.146341,12352,51888,23.805119,20,20,30,30,418,17,0,8,410,26544,682,0,0,0,0,418,0,0,0,0,202,9400
507,W3,1,1,6,6,0,0,0,0,0,0,0,410,410,391,0,10,10,10,400,400,381,95.365854,12512,52400,23.877863,20,20,30,30,418,16,0,8,410,26544,636,0,0,0,0,418,0,0,0,0,203,9400
508,W3,1,1,5,5,0,0,0,0,0,0,0,410,410,385,0,10,10,9,400,400,376,93.902439,12320,51760,23.802164,20,20,30,30,418,17,0,8,410,26544,682,0,0,0,0,418,0,0,0,0,240,9400
509,W3,1,1,6,6,0,0,0,0,0,0,0,410,410,389,0,10,10,9,400,400,380,94.878049,12448,52144,23.872353,20,20,30,30,418,11,0,8,410,26544,430,0,0,0,0,418,0,0,0,0,206,9400
510,W3,1,1,7,7,0,0,0,0,0,0,0,410,410,385,0,10,10,9,400,400,376,93.902439,12320,52016,23.685020,20,20,30,30,418,13,0,8,410,26544,510,0,0,0,0,418,0,0,0,0,214,9400
511,W3,1,1,7,7,0,0,0,0,0,0,0,410,410,0,0,10,10,0,400,400,0,0.000000,0,52042,0.000000,0,0,0,0,417,11,0,7,410,26506,434,0,0,0,0,417,0,0,0,0,193,9400
512,W3,1,1,6,6,0,0,0,0,0,0,0,410,410,0,0,10,10,0,400,400,0,0.000000,0,51760,0.000000,0,0,0,0,418,9,0,8,410,26544,350,0,0,0,0,418,0,0,0,0,228,9400
513,W3,1,1,6,6,0,0,0,0,0,0,0,410,410,0,0,10,10,0,400,400,0,0.000000,0,51824,0.000000,0,0,0,0,418,9,0,8,410,26544,350,0,0,0,0,418,0,0,0,0,188,9400
514,W3,1,1,7,7,0,0,0,0,0,0,0,410,410,0,0,10,10,0,400,400,0,0.000000,0,51888,0.000000,0,0,0,0,418,11,0,8,410,26544,426,0,0,0,0,418,0,0,0,0,202,9400
515,W3,1,1,7,7,0,0,0,0,0,0,0,410,410,0,0,10,10,0,400,400,0,0.000000,0,51952,0.000000,0,0,0,0,418,12,0,8,410,26544,468,0,0,0,0,418,0,0,0,0,202,9400
516,W3,1,1,8,8,0,0,0,0,0,0,0,410,410,388,0,10,10,9,400,400,379,94.634146,12416,51952,23.898984,20,20,30,30,418,11,0,8,410,26544,430,0,0,0,0,418,0,0,0,0,228,9400
517,W3,1,1,7,7,0,0,0,0,0,0,0,410,410,0,0,10,10,0,400,400,0,0.000000,0,52400,0.000000,0,0,0,0,418,11,0,8,410,26544,430,0,0,0,0,418,0,0,0,0,216,9400
518,W3,1,1,6,6,0,0,0,0,0,0,0,410,410,0,0,10,10,0,400,400,0,0.000000,0,52528,0.000000,0,0,0,0,418,17,0,8,410,26544,686,0,0,0,0,418,0,0,0,0,214,9400
519,W3,1,1,5,5,0,0,0,0,0,0,0,410,410,0,0,10,10,0,400,400,0,0.000000,0,52336,0.000000,0,0,0,0,418,17,0,8,410,26544,682,0,0,0,0,418,0,0,0,0,211,9400
520,W3,1,1,5,5,0,0,0,0,0,0,0,410,410,394,0,10,10,10,400,400,384,96.097561,12608,52400,24.061069,20,20,30,30,418,18,0,8,410,26544,720,0,0,0,0,418,0,0,0,0,204,9400
521,W3,1,1,6,6,0,0,0,0,0,0,0,410,410,0,0,10,10,0,400,400,0,0.000000,0,52400,0.000000,0,0,0,0,418,19,0,8,410,26544,766,0,0,0,0,418,0,0,0,0,204,9400
522,W3,1,1,6,6,0,0,0,0,0,0,0,410,410,0,0,10,10,0,400,400,0,0.000000,0,51952,0.000000,0,0,0,0,418,18,0,8,410,26544,720,0,0,0,0,418,0,0,0,0,207,9400
523,W3,1,1,6,6,0,0,0,0,0,0,0,410,410,393,0,10,10,10,400,400,383,95.853659,12576,52336,24.029349,20,20,30,30,418,19,0,8,410,26544,766,0,0,0,0,418,0,0,0,0,209,9400
524,W3,1,1,6,6,0,0,0,0,0,0,0,410,410,0,0,10,10,0,400,400,0,0.000000,0,52016,0.000000,0,0,0,0,418,18,0,8,410,26544,720,0,0,0,0,418,0,0,0,0,204,9400
525,W3,1,1,6,6,0,0,0,0,0,0,0,410,410,386,0,10,10,10,400,400,376,94.146341,12352,52208,23.659209,20,20,30,30,418,18,0,8,410,26544,724,0,0,0,0,418,0,0,0,0,195,9400
526,W3,1,1,6,6,0,0,0,0,0,0,0,410,410,0,0,10,10,0,400,400,0,0.000000,0,52080,0.000000,0,0,0,0,418,17,0,8,410,26544,682,0,0,0,0,418,0,0,0,0,228,9400
527,W3,1,1,5,5,0,0,0,0,0,0,0,410,410,0,0,10,10,0,400,400,0,0.000000,0,52336,0.000000,0,0,0,0,418,12,0,8,410,26544,468,0,0,0,0,418,0,0,0,0,210,9400
528,W3,1,1,6,6,0,0,0,0,0,0,0,410,410,0,0,10,10,0,400,400,0,0.000000,0,52016,0.000000,0,0,0,0,418,12,0,8,410,26544,468,0,0,0,0,418,0,0,0,0,203,9400
529,W3,1,1,6,6,0,0,0,0,0,0,0,410,410,0,0,10,10,0,400,400,0,0.000000,0,52144,0.000000,0,0,0,0,418,11,0,8,410,26544,430,0,0,0,0,418,0,0,0,0,197,9400
530,W3,1,1,6,6,0,0,0,0,0,0,0,410,410,386,0,10,10,10,400,400,376,94.146341,12352,52144,23.688248,20,20,30,30,418,13,0,8,410,26544,510,0,0,0,0,418,0,0,0,0,217,9400
531,W3,1,1,5,5,0,0,0,0,0,0,0,410,410,393,0,10,10,9,400,400,384,95.853659,12576,52080,24.147465,20,20,30,30,418,11,0,8,410,26544,430,0,0,0,0,418,0,0,0,0,205,9400
532,W3,1,1,6,6,0,0,0,0,0,0,0,410,410,0,0,10,10,0,400,400,0,0.000000,0,52080,0.000000,0,0,0,0,418,11,0,8,410,26544,430,0,0,0,0,418,0,0,0,0,212,9400
533,W3,1,1,6,6,0,0,0,0,0,0,0,410,410,0,0,10,10,0,400,400,0,0.000000,0,52400,0.000000,0,0,0,0,418,10,0,8,410,26544,392,0,0,0,0,418,0,0,0,0,197,9400
534,W3,1,1,6,6,0,0,0,0,0,0,0,410,410,0,0,10,10,0,400,400,0,0.000000,0,52336,0.000000,0,0,0,0,418,12,0,8,410,26544,472,0,0,0,0,418,0,0,0,0,208,9400
535,W3,1,1,6,6,0,0,0,0,0,0,0,410,410,386,0,10,10,10,400,400,376,94.146341,12352,52208,23.659209,20,20,30,30,418,11,0,8,410,26544,430,0,0,0,0,418,0,0,0,0,207,9400
536,W3,1,1,5,5,0,0,0,0,0,0,0,410,410,0,0,10,10,0,400,400,0,0.000000,0,51952,0.000000,0,0,0,0,418,13,0,8,410,26544,510,0,0,0,0,418,0,0,0,0,200,9400
537,W3,1,1,6,6,0,0,0,0,0,0,0,410,410,387,0,10,10,9,400,400,378,94.390244,12384,52016,23.808059,20,20,30,30,418,13,0,8,410,26544,514,0,0,0,0,418,0,0,0,0,193,9400
538,W3,1,1,6,6,0,0,0,0,0,0,0,410,410,0,0,10,10,0,400,400,0,0.000000,0,52336,0.000000,0,0,0,0,418,13,0,8,410,26544,510,0,0,0,0,418,0,0,0,0,207,9400
539,W3,1,1,6,6,0,0,0,0,0,0,0,410,410,388,0,10,10,9,400,400,379,94.634146,12416,52272,23.752678,20,20,30,30,418,13,0,8,410,26544,514,0,0,0,0,418,0,0,0,0,202,9400
540,W3,1,1,6,6,0,0,0,0,0,0,0,410,410,0,0,10,10,0,400,400,0,0.000000,0,52336,0.000000,0,0,0,0,418,12,0,8,410,26544,472,0,0,0,0,418,0,0,0,0,192,9400
541,W3,1,1,6,6,0,0,0,0,0,0,0,410,410,0,0,10,10,0,400,400,0,0.000000,0,52272,0.000000,0,0,0,0,418,12,0,8,410,26544,472,0,0,0,0,418,0,0,0,0,191,9400
542,W3,1,1,6,6,0,0,0,0,0,0,0,410,410,0,0,10,10,0,400,400,0,0.000000,0,52080,0.000000,0,0,0,0,418,19,0,8,410,26544,762,0,0,0,0,418,0,0,0,0,209,9400
543,W3,1,1,5,5,1,0,0,0,4,0,0,410,410,0,0,10,10,0,400,400,0,0.000000,0,1354,0.000000,0,0,0,0,18,12,0,18,0,724,472,0,0,0,0,18,0,10,0,0,246,9400
544,W3,1,1,6,6,0,0,0,0,0,0,0,410,410,0,0,10,10,0,400,400,0,0.000000,0,52144,0.000000,0,0,0,0,418,17,0,8,410,26544,686,0,0,0,0,418,0,0,0,0,239,9400
545,W3,1,1,6,6,0,0,0,0,0,0,0,410,410,0,0,10,10,0,400,400,0,0.000000,0,52400,0.000000,0,0,0,0,418,19,0,8,410,26544,762,0,0,0,0,418,0,0,0,0,246,9400
546,W3,1,1,6,6,0,0,0,0,0,0,0,410,410,398,0,10,10,9,400,400,389,97.073171,12736,52362,24.322982,20,20,30,30,417,18,0,7,410,26506,720,0,0,0,0,417,0,0,0,0,222,9400
547,W3,1,1,6,6,0,0,0,0,0,0,0,410,410,0,0,10,10,0,400,400,0,0.000000,0,52144,0.000000,0,0,0,0,418,19,0,8,410,26544,762,0,0,0,0,418,0,0,0,0,199,9400
548,W3,1,1,5,5,0,0,0,0,0,0,0,410,410,0,0,10,10,0,400,400,0,0.000000,0,52528,0.000000,0,0,0,0,418,18,0,8,410,26544,720,0,0,0,0,418,0,0,0,0,212,9400
549,W3,1,1,6,6,0,0,0,0,0,0,0,410,410,387,0,10,10,8,400,400,379,94.390244,12384,52144,23.749616,20,20,30,30,418,20,0,8,410,26544,804,0,0,0,0,418,0,0,0,0,207,9400
550,W3,1,1,6,6,0,0,0,0,0,0,0,410,410,0,0,10,10,0,400,400,0,0.000000,0,52080,0.000000,0,0,0,0,418,18,0,8,410,26544,724,0,0,0,0,418,0,0,0,0,212,9400
551,W3,1,1,6,6,0,0,0,0,0,0,0,410,410,0,0,10,10,0,400,400,0,0.000000,0,51952,0.000000,0,0,0,0,418,17,0,8,410,26544,682,0,0,0,0,418,0,0,0,0,269,9400
552,W3,1,1,6,6,0,0,0,0,0,0,0,410,410,386,0,10,10,9,400,400,377,94.146341,12352,51952,23.775793,20,20,30,30,418,19,0,8,410,26544,758,0,0,0,0,418,0,0,0,0,204,9400
553,W3,1,1,6,6,0,0,0,0,0,0,0,410,410,0,0,10,10,0,400,400,0,0.000000,0,51888,0.000000,0,0,0,0,418,18,0,8,410,26544,720,0,0,0,0,418,0,0,0,0,215,9400
554,W3,1,1,5,5,0,0,0,0,0,0,0,410,410,0,0,10,10,0,400,400,0,0.000000,0,52144,0.000000,0,0,0,0,418,8,0,8,410,26544,304,0,0,0,0,418,0,0,0,0,224,9400
555,W3,1,0,0,5,0,0,0,0,0,0,0,410,310,0,0,10,10,0,400,300,0,0.000000,0,38924,0.000000,0,0,0,0,310,1,0,2,308,19788,38,94,5,1,0,310,0,0,0,94,174,9400
556,W3,1,1,5,5,0,0,0,0,0,0,0,410,410,0,0,10,10,0,400,400,0,0.000000,0,51824,0.000000,0,0,0,0,418,8,0,8,410,26544,304,0,0,0,0,418,0,0,0,0,206,9400
557,W3,1,1,5,5,0,0,0,0,0,0,0,410,410,0,0,10,10,0,400,400,0,0.000000,0,52336,0.000000,0,0,0,0,418,7,0,8,410,26544,266,0,0,0,0,418,0,0,0,0,203,9400
558,W3,1,1,5,5,0,0,0,0,0,0,0,410,410,0,0,10,10,0,400,400,0,0.000000,0,52016,0.000000,0,0,0,0,418,8,0,8,410,26544,304,0,0,0,0,418,0,0,0,0,189,9400
559,W3,1,1,5,5,0,0,0,0,0,0,0,410,410,0,0,10,10,0,400,400,0,0.000000,0,51568,0.000000,0,0,0,0,418,9,0,8,410,26544,342,0,0,0,0,418,0,0,0,0,199,9400
560,W3,1,1,5,5,0,0,0,0,0,0,0,410,410,386,0,10,10,10,400,400,376,94.146341,12352,51888,23.805119,20,20,30,30,418,9,0,8,410,26544,342,0,0,0,0,418,0,0,0,0,188,9400
561,W3,1,1,5,5,0,0,0,0,0,0,0,410,410,387,0,10,10,10,400,400,377,94.390244,12384,51760,23.925811,20,20,30,30,418,9,0,8,410,26544,342,0,0,0,0,418,0,0,0,0,197,9400
562,W3,1,1,5,5,0,0,0,0,0,0,0,410,410,0,0,10,10,0,400,400,0,0.000000,0,51760,0.000000,0,0,0,0,418,7,0,8,410,26544,266,0,0,0,0,418,0,0,0,0,185,9400
563,W3,1,1,5,5,0,0,0,0,0,0,0,410,410,393,0,10,10,10,400,400,383,95.853659,12576,52208,24.088262,20,20,30,30,418,15,0,8,410,26544,598,0,0,0,0,418,0,0,0,0,214,9400
564,W3,1,1,5,5,0,0,0,0,0,0,0,410,410,0,0,10,10,0,400,400,0,0.000000,0,52592,0.000000,0,0,0,0,418,14,0,8,410,26544,560,0,0,0,0,418,0,0,0,0,208,9400
565,W3,1,1,5,5,0,0,0,0,0,0,0,410,410,384,0,10,10,10,400,400,374,93.658537,12288,51632,23.799194,20,20,30,30,418,15,0,8,410,26544,598,0,0,0,0,418,0,0,0,0,210,9400
566,W3,1,1,5,5,0,0,0,0,0,0,0,410,410,0,0,10,10,0,400,400,0,0.000000,0,51952,0.000000,0,0,0,0,418,20,0,8,410,26544,800,0,0,0,0,418,0,0,0,0,241,9400
567,W3,1,1,5,5,0,0,0,0,0,0,0,410,410,389,0,10,10,10,400,400,379,94.878049,12448,52080,23.901690,20,20,30,30,418,14,0,8,410,26544,556,0,0,0,0,418,0,0,0,0,202,9400
568,W3,1,1,5,5,0,0,0,0,0,0,0,410,410,391,0,10,10,8,400,400,383,95.365854,12512,52272,23.936333,20,20,30,30,418,16,0,8,410,26544,640,0,0,0,0,418,0,0,0,0,197,9400
569,W3,1,1,5,5,0,0,0,0,0,0,0,410,410,0,0,10,10,0,400,400,0,0.000000,0,51952,0.000000,0,0,0,0,418,18,0,8,410,26544,724,0,0,0,0,418,0,0,0,0,197,9400
570,W3,1,1,5,5,0,0,0,0,0,0,0,410,410,0,0,10,10,0,400,400,0,0.000000,0,52208,0.000000,0,0,0,0,418,16,0,8,410,26544,640,0,0,0,0,418,0,0,0,0,208,9400
571,W3,1,1,5,5,0,0,0,0,0,0,0,410,410,0,0,10,10,0,400,400,0,0.000000,0,52144,0.000000,0,0,0,0,418,18,0,8,410,26544,720,0,0,0,0,418,0,0,0,0,204,9400
572,W3,1,1,5,5,0,0,0,0,0,0,0,410,410,0,0,10,10,0,400,400,0,0.000000,0,52400,0.000000,0,0,0,0,418,17,0,8,410,26544,678,0,0,0,0,418,0,0,0,0,214,9400
573,W3,1,1,5,5,0,0,0,0,0,0,0,410,410,0,0,10,10,0,400,400,0,0.000000,0,52144,0.000000,0,0,0,0,418,21,0,8,410,26544,846,0,0,0,0,418,0,0,0,0,212,9400
574,W3,1,1,5,5,0,0,0,0,0,0,0,410,410,0,0,10,10,0,400,400,0,0.000000,0,51760,0.000000,0,0,0,0,418,16,0,8,410,26544,644,0,0,0,0,418,0,0,0,0,208,9400
575,W3,1,1,6,6,0,0,0,0,0,0,0,410,410,0,0,10,10,0,400,400,0,0.000000,0,51696,0.000000,0,0,0,0,418,12,0,8,410,26544,464,0,0,0,0,418,0,0,0,0,209,9400
576,W3,1,1,5,5,0,0,0,0,0,0,0,410,410,397,0,10,10,9,400,400,388,96.829268,12704,52400,24.244275,20,20,30,30,418,10,0,8,410,26544,388,0,0,0,0,418,0,0,0,0,222,9400
577,W3,1,1,6,6,0,0,0,0,0,0,0,410,410,0,0,10,10,0,400,400,0,0.000000,0,52144,0.000000,0,0,0,0,418,9,0,8,410,26544,350,0,0,0,0,418,0,0,0,0,203,9400
578,W3,1,1,6,6,0,0,0,0,0,0,0,410,410,396,0,10,10,10,400,400,386,96.585366,12672,52528,24.124277,20,20,30,30,418,11,0,8,410,26544,430,0,0,0,0,418,0,0,0,0,223,9400
579,W3,1,1,6,6,0,0,0,0,0,0,0,410,410,394,0,10,10,10,400,400,384,96.097561,12608,52272,24.119988,20,20,30,30,418,10,0,8,410,26544,392,0,0,0,0,418,0,0,0,0,199,9400
580,W3,1,1,6,6,0,0,0,0,0,0,0,410,410,0,0,10,10,0,400,400,0,0.000000,0,52016,0.000000,0,0,0,0,418,11,0,8,410,26544,430,0,0,0,0,418,0,0,0,0,193,9400
581,W3,1,1,5,5,0,0,0,0,0,0,0,410,410,0,0,10,10,0,400,400,0,0.000000,0,52080,0.000000,0,0,0,0,418,12,0,8,410,26544,472,0,0,0,0,418,0,0,0,0,199,9400
582,W3,1,1,5,5,0,0,0,0,0,0,0,410,410,0,0,10,10,0,400,400,0,0.000000,0,52144,0.000000,0,0,0,0,418,13,0,8,410,26544,514,0,0,0,0,418,0,0,0,0,208,9400
583,W3,1,1,6,6,0,0,0,0,0,0,0,410,410,0,0,10,10,0,400,400,0,0.000000,0,52208,0.000000,0,0,0,0,418,14,0,8,410,26544,552,0,0,0,0,418,0,0,0,0,191,9400
584,W3,1,1,5,5,0,0,0,0,0,0,0,410,410,382,0,10,10,10,400,400,372,93.170732,12224,51952,23.529412,20,20,30,30,418,17,0,8,410,26544,678,0,0,0,0,418,0,0,0,0,197,9400
585,W3,1,1,5,5,0,0,0,0,0,0,0,410,410,395,0,10,10,9,400,400,386,96.341463,12640,52426,24.110174,20,20,30,30,417,15,0,7,410,26506,602,0,0,0,0,417,0,0,0,0,225,9400
586,W3,1,1,5,5,0,0,0,0,0,0,0,410,410,382,0,10,10,9,400,400,373,93.170732,12224,52016,23.500461,20,20,30,30,418,15,0,8,410,26544,602,0,0,0,0,418,0,0,0,0,209,9400
587,W3,1,1,5,5,0,0,0,0,0,0,0,410,410,0,0,10,10,0,400,400,0,0.000000,0,52144,0.000000,0,0,0,0,418,17,0,8,410,26544,678,0,0,0,0,418,0,0,0,0,215,9400
588,W3,1,1,5,5,0,0,0,0,0,0,0,410,410,0,0,10,10,0,400,400,0,0.000000,0,51760,0.000000,0,0,0,0,418,16,0,8,410,26544,644,0,0,0,0,418,0,0,0,0,217,9400
589,W3,1,1,5,5,0,0,0,0,0,0,0,410,410,0,0,10,10,0,400,400,0,0.000000,0,52400,0.000000,0,0,0,0,418,15,0,8,410,26544,602,0,0,0,0,418,0,0,0,0,196,9400
590,W3,1,1,5,5,0,0,0,0,0,0,0,410,410,0,0,10,10,0,400,400,0,0.000000,0,51914,0.000000,0,0,0,0,417,10,0,7,410,26506,392,0,0,0,0,417,0,0,0,0,196,9400
591,W3,1,1,5,5,0,0,0,0,0,0,0,410,410,394,0,10,10,10,400,400,384,96.097561,12608,52426,24.049136,20,20,30,30,417,10,0,7,410,26506,396,0,0,0,0,417,0,0,0,0,219,9400
592,W3,1,1,5,5,0,0,0,0,0,0,0,410,410,0,0,10,10,0,400,400,0,0.000000,0,51914,0.000000,0,0,0,0,417,12,0,7,410,26506,472,0,0,0,0,417,0,0,0,0,220,9400
593,W3,1,1,5,5,0,0,0,0,0,0,0,410,410,0,0,10,10,0,400,400,0,0.000000,0,51888,0.000000,0,0,0,0,418,7,0,8,410,26544,266,0,0,0,0,418,0,0,0,0,194,9400
594,W3,1,1,5,5,0,0,0,0,0,0,0,410,410,0,0,10,10,0,400,400,0,0.000000,0,51760,0.000000,0,0,0,0,418,7,0,8,410,26544,266,0,0,0,0,418,0,0,0,0,194,9400
595,W3,1,1,5,5,0,0,0,0,0,0,0,410,410,0,0,10,10,0,400,400,0,0.000000,0,51978,0.000000,0,0,0,0,417,6,0,7,410,26506,228,0,0,0,0,417,0,0,0,0,186,9400
596,W3,1,1,5,5,0,0,0,0,0,0,0,410,410,387,0,10,10,10,400,400,377,94.390244,12384,52016,23.808059,20,20,30,30,418,12,0,8,410,26544,468,0,0,0,0,418,0,0,0,0,195,9400
597,W3,1,1,5,5,0,0,0,0,0,0,0,410,410,0,0,10,10,0,400,400,0,0.000000,0,52208,0.000000,0,0,0,0,418,13,0,8,410,26544,506,0,0,0,0,418,0,0,0,0,191,9400
598,W3,1,1,5,5,0,0,0,0,0,0,0,410,410,0,0,10,10,0,400,400,0,0.000000,0,52080,0.000000,0,0,0,0,418,12,0,8,410,26544,468,0,0,0,0,418,0,0,0,0,223,9400
599,W3,1,1,5,5,0,0,0,0,0,0,0,410,410,0,0,10,10,0,400,400,0,0.000000,0,51952,0.000000,0,0,0,0,418,15,0,8,410,26544,598,0,0,0,0,418,0,0,0,0,196,9400
600,W3,1,1,5,5,0,0,0,0,0,0,0,410,410,0,0,10,10,0,400,400,0,0.000000,0,52016,0.000000,0,0,0,0,418,13,0,8,410,26544,518,0,0,0,0,418,0,0,0,0,195,9400
601,W3,1,1,5,5,0,0,0,0,0,0,0,410,410,0,0,10,10,0,400,400,0,0.000000,0,52144,0.000000,0,0,0,0,418,14,0,8,410,26544,556,0,0,0,0,418,0,0,0,0,205,9400
602,W3,1,1,5,5,0,0,0,0,0,0,0,410,410,0,0,10,10,0,400,400,0,0.000000,0,52208,0.000000,0,0,0,0,418,15,0,8,410,26544,594,0,0,0,0,418,0,0,0,0,254,9400
603,W3,1,1,5,5,0,0,0,0,0,0,0,410,410,396,0,10,10,10,400,400,386,96.585366,12672,52144,24.301933,20,20,30,30,418,13,0,8,410,26544,514,0,0,0,0,418,0,0,0,0,218,9400
604,W3,1,1,5,5,0,0,0,0,0,0,0,410,410,392,0,10,10,10,400,400,382,95.609756,12544,52080,24.086022,20,20,30,30,418,14,0,8,410,26544,556,0,0,0,0,418,0,0,0,0,213,9400
605,W3,1,1,6,6,0,0,0,0,0,0,0,410,410,0,0,10,10,0,400,400,0,0.000000,0,51594,0.000000,0,0,0,0,417,20,0,7,410,26506,804,0,0,0,0,417,0,0,0,0,215,9400
606,W3,1,1,6,6,0,0,0,0,0,0,0,410,410,0,0,10,10,0,400,400,0,0.000000,0,52144,0.000000,0,0,0,0,418,14,0,8,410,26544,560,0,0,0,0,418,0,0,0,0,204,9400
607,W3,1,1,7,7,0,0,0,0,0,0,0,410,410,0,0,10,10,0,400,400,0,0.000000,0,52272,0.000000,0,0,0,0,418,12,0,8,410,26544,480,0,0,0,0,418,0,0,0,0,211,9400
608,W3,1,1,5,5,0,0,0,0,0,0,0,410,410,382,0,10,10,10,400,400,372,93.170732,12224,51696,23.645930,20,20,30,30,418,13,0,8,410,26544,514,0,0,0,0,418,0,0,0,0,209,9400
609,W3,1,1,5,5,0,0,0,0,0,0,0,410,410,0,0,10,10,0,400,400,0,0.000000,0,52080,0.000000,0,0,0,0,418,14,0,8,410,26544,552,0,0,0,0,418,0,0,0,0,242,9400
610,W3,1,1,6,6,0,0,0,0,0,0,0,410,410,0,0,10,10,0,400,400,0,0.000000,0,51888,0.000000,0,0,0,0,418,13,0,8,410,26544,514,0,0,0,0,418,0,0,0,0,224,9400
611,W3,1,1,5,5,0,0,0,0,0,0,0,410,410,0,0,10,10,0,400,400,0,0.000000,0,52080,0.000000,0,0,0,0,418,15,0,8,410,26544,594,0,0,0,0,418,0,0,0,0,230,9400
612,W3,1,1,5,5,0,0,0,0,0,0,0,410,410,397,0,10,10,9,400,400,388,96.829268,12704,52272,24.303642,20,20,30,30,418,16,0,8,410,26544,636,0,0,0,0,418,0,0,0,0,211,9400
613,W3,1,1,5,5,0,0,0,0,0,0,0,410,410,0,0,10,10,0,400,400,0,0.000000,0,51696,0.000000,0,0,0,0,418,15,0,8,410,26544,594,0,0,0,0,418,0,0,0,0,202,9400
614,W3,1,1,5,5,0,0,0,0,0,0,0,410,410,0,0,10,10,0,400,400,0,0.000000,0,51760,0.000000,0,0,0,0,418,15,0,8,410,26544,602,0,0,0,0,418,0,0,0,0,207,9400
615,W3,1,1,5,5,0,0,0,0,0,0,0,410,410,383,0,10,10,9,400,400,374,93.414634,12256,51824,23.649274,20,20,30,30,418,16,0,8,410,26544,640,0,0,0,0,418,0,0,0,0,213,9400
616,W3,1,1,5,5,0,0,0,0,0,0,0,410,410,385,0,10,10,10,400,400,375,93.902439,12320,52080,23.655914,20,20,30,30,418,19,0,8,410,26544,754,0,0,0,0,418,0,0,0,0,211,9400
617,W3,1,1,5,5,0,0,0,0,0,0,0,410,410,0,0,10,10,0,400,400,0,0.000000,0,52336,0.000000,0,0,0,0,418,14,0,8,410,26544,560,0,0,0,0,418,0,0,0,0,198,9400
618,W3,1,1,5,5,0,0,0,0,0,0,0,410,410,396,0,10,10,10,400,400,386,96.585366,12672,52144,24.301933,20,20,30,30,418,15,0,8,410,26544,598,0,0,0,0,418,0,0,0,0,205,9400
619,W3,1,1,5,5,0,0,0,0,0,0,0,410,410,0,0,10,10,0,400,400,0,0.000000,0,52464,0.000000,0,0,0,0,418,17,0,8,410,26544,678,0,0,0,0,418,0,0,0,0,194,9400
620,W3,1,1,5,5,0,0,0,0,0,0,0,410,410,386,0,10,10,9,400,400,377,94.146341,12352,52016,23.746540,20,20,30,30,418,13,0,8,410,26544,522,0,0,0,0,418,0,0,0,0,226,9400
621,W3,1,1,5,5,0,0,0,0,0,0,0,410,410,0,0,10,10,0,400,400,0,0.000000,0,52144,0.000000,0,0,0,0,418,15,0,8,410,26544,598,0,0,0,0,418,0,0,0,0,200,9400
622,W3,1,1,5,5,0,0,0,0,0,0,0,410,410,0,0,10,10,0,400,400,0,0.000000,0,51888,0.000000,0,0,0,0,418,15,0,8,410,26544,598,0,0,0,0,418,0,0,0,0,200,9400
623,W3,1,1,5,5,0,0,0,0,0,0,0,410,410,391,0,10,10,10,400,400,381,95.365854,12512,52272,23.936333,20,20,30,30,418,16,0,8,410,26544,636,0,0,0,0,418,0,0,0,0,191,9400
624,W3,1,1,5,5,0,0,0,0,0,0,0,410,410,0,0,10,10,0,400,400,0,0.000000,0,52080,0.000000,0,0,0,0,418,16,0,8,410,26544,636,0,0,0,0,418,0,0,0,0,226,9400
625,W3,1,1,5,5,0,0,0,0,0,0,0,410,410,392,0,10,10,10,400,400,382,95.609756,12544,52272,23.997551,20,20,30,30,418,17,0,8,410,26544,678,0,0,0,0,418,0,0,0,0,194,9400
626,W3,1,1,5,5,0,0,0,0,0,0,0,410,410,0,0,10,10,0,400,400,0,0.000000,0,51184,0.000000,0,0,0,0,418,15,0,8,410,26544,598,0,0,0,0,418,0,0,0,0,193,9400
627,W3,1,1,5,5,0,0,0,0,0,0,0,410,410,0,0,10,10,0,400,400,0,0.000000,0,51760,0.000000,0,0,0,0,418,16,0,8,410,26544,640,0,0,0,0,418,0,0,0,0,216,9400
628,W3,1,1,6,6,0,0,0,0,0,0,0,410,410,402,0,10,10,10,400,400,392,98.048780,12864,52464,24.519671,20,20,30,30,418,15,0,8,410,26544,598,0,0,0,0,418,0,0,0,0,215,9400
629,W3,1,1,5,5,0,0,0,0,0,0,0,410,410,391,0,10,10,10,400,400,381,95.365854,12512,52336,23.907062,20,20,30,30,418,15,0,8,410,26544,598,0,0,0,0,418,0,0,0,0,198,9400
630,W3,1,1,5,5,0,0,0,0,0,0,0,410,410,388,0,10,10,9,400,400,379,94.634146,12416,52016,23.869579,20,20,30,30,418,15,0,8,410,26544,594,0,0,0,0,418,0,0,0,0,238,9400
631,W3,1,1,5,5,0,0,0,0,0,0,0,410,410,0,0,10,10,0,400,400,0,0.000000,0,51952,0.000000,0,0,0,0,418,16,0,8,410,26544,636,0,0,0,0,418,0,0,0,0,190,9400
632,W3,1,1,5,5,0,0,0,0,0,0,0,410,410,0,0,10,10,0,400,400,0,0.000000,0,51978,0.000000,0,0,0,0,417,13,0,7,410,26506,518,0,0,0,0,417,0,0,0,0,245,9400
633,W3,1,1,5,5,0,0,0,0,0,0,0,410,410,0,0,10,10,0,400,400,0,0.000000,0,52144,0.000000,0,0,0,0,418,15,0,8,410,26544,590,0,0,0,0,418,0,0,0,0,194,9400
634,W3,1,1,5,5,0,0,0,0,0,0,0,410,410,0,0,10,10,0,400,400,0,0.000000,0,52208,0.000000,0,0,0,0,418,15,0,8,410,26544,598,0,0,0,0,418,0,0,0,0,199,9400
635,W3,1,1,5,5,0,0,0,0,0,0,0,410,410,393,0,10,10,10,400,400,383,95.853659,12576,52144,24.117828,20,20,30,30,418,18,0,8,410,26544,720,0,0,0,0,418,0,0,0,0,236,9400
636,W3,1,1,6,6,0,0,0,0,0,0,0,410,410,0,0,10,10,0,400,400,0,0.000000,0,52144,0.000000,0,0,0,0,418,17,0,8,410,26544,682,0,0,0,0,418,0,0,0,0,226,9400
637,W3,1,1,5,5,0,0,0,0,0,0,0,410,410,0,0,10,10,0,400,400,0,0.000000,0,52016,0.000000,0,0,0,0,418,18,0,8,410,26544,720,0,0,0,0,418,0,0,0,0,232,9400
638,W3,1,1,6,6,0,0,0,0,0,0,0,410,410,0,0,10,10,0,400,400,0,0.000000,0,51952,0.000000,0,0,0,0,418,18,0,8,410,26544,724,0,0,0,0,418,0,0,0,0,216,9400
639,W3,1,1,6,6,0,0,0,0,0,0,0,410,410,392,0,10,10,10,400,400,382,95.609756,12544,52080,24.086022,20,20,30,30,418,18,0,8,410,26544,724,0,0,0,0,418,0,0,0,0,204,9400
640,W3,1,1,6,6,0,0,0,0,0,0,0,410,410,0,0,10,10,0,400,400,0,0.000000,0,51824,0.000000,0,0,0,0,418,19,0,8,410,26544,762,0,0,0,0,418,0,0,0,0,192,9400
641,W3,1,1,6,6,0,0,0,0,0,0,0,410,410,390,0,10,10,9,400,400,381,95.121951,12480,52298,23.863245,20,20,30,30,417,18,0,7,410,26506,728,0,0,0,0,417,0,0,0,0,192,9400
642,W3,1,1,6,6,0,0,0,0,0,0,0,410,410,384,0,10,10,9,400,400,375,93.658537,12288,52298,23.496118,20,20,30,30,417,15,0,7,410,26506,602,0,0,0,0,417,0,0,0,0,220,9400
643,W3,1,1,5,5,0,0,0,0,0,0,0,410,410,0,0,10,10,0,400,400,0,0.000000,0,52208,0.000000,0,0,0,0,418,20,0,8,410,26544,796,0,0,0,0,418,0,0,0,0,211,9400
644,W3,1,1,5,5,0,0,0,0,0,0,0,410,410,0,0,10,10,0,400,400,0,0.000000,0,51952,0.000000,0,0,0,0,418,28,0,8,410,26544,1136,0,0,0,0,418,0,0,0,0,230,9400
645,W3,1,1,5,5,0,0,0,0,0,0,0,410,410,392,0,10,10,9,400,400,383,95.609756,12544,52336,23.968205,20,20,30,30,418,26,0,8,410,26544,1064,0,0,0,0,418,0,0,0,0,215,9400
646,W3,1,1,5,5,0,0,0,0,0,0,0,410,410,0,0,10,10,0,400,400,0,0.000000,0,52528,0.000000,0,0,0,0,418,27,0,8,410,26544,1106,0,0,0,0,418,0,0,0,0,215,9400
647,W3,1,1,7,7,0,0,0,0,0,0,0,410,410,0,0,10,10,0,400,400,0,0.000000,0,52106,0.000000,0,0,0,0,417,15,0,7,410,26506,606,0,0,0,0,417,0,0,0,0,216,9400
648,W3,1,1,8,8,0,0,0,0,0,0,0,410,410,0,0,10,10,0,400,400,0,0.000000,0,51760,0.000000,0,0,0,0,418,17,0,8,410,26544,678,0,0,0,0,418,0,0,0,0,233,9400
649,W3,1,1,7,7,0,0,0,0,0,0,0,410,410,0,0,10,10,0,400,400,0,0.000000,0,52106,0.000000,0,0,0,0,417,14,0,7,410,26506,560,0,0,0,0,417,0,0,0,0,218,9400
650,W3,1,1,7,7,1,0,0,0,4,0,0,410,410,0,0,10,10,0,400,400,0,0.000000,0,26346,0.000000,0,0,0,0,218,25,0,14,204,13612,1014,0,0,0,0,218,0,6,0,0,239,9400
651,W3,1,1,5,5,0,0,0,0,0,0,0,410,410,0,0,10,10,0,400,400,0,0.000000,0,52080,0.000000,0,0,0,0,418,24,0,8,410,26544,972,0,0,0,0,418,0,0,0,0,223,9400
652,W3,1,1,5,5,0,0,0,0,0,0,0,410,410,391,0,10,10,9,400,400,382,95.365854,12512,52144,23.995091,20,20,30,30,418,27,0,8,410,26544,1102,0,0,0,0,418,0,0,0,0,209,9400
653,W3,1,1,6,6,0,0,0,0,0,0,0,410,410,0,0,10,10,0,400,400,0,0.000000,0,52144,0.000000,0,0,0,0,418,22,0,8,410,26544,888,0,0,0,0,418,0,0,0,0,214,9400
654,W3,1,1,7,7,0,0,0,0,0,0,0,410,410,0,0,10,10,0,400,400,0,0.000000,0,52016,0.000000,0,0,0,0,418,20,0,8,410,26544,808,0,0,0,0,418,0,0,0,0,207,9400
655,W3,1,1,7,7,0,0,0,0,0,0,0,410,410,0,0,10,10,0,400,400,0,0.000000,0,51824,0.000000,0,0,0,0,418,22,0,8,410,26544,888,0,0,0,0,418,0,0,0,0,220,9400
656,W3,1,1,6,6,0,0,0,0,0,0,0,410,410,390,0,10,10,9,400,400,381,95.121951,12480,52106,23.951176,20,20,30,30,417,20,0,7,410,26506,816,0,0,0,0,417,0,0,0,0,247,9400
657,W3,1,1,6,6,0,0,0,0,0,0,0,410,410,389,0,10,10,9,400,400,380,94.878049,12448,52016,23.931098,20,20,30,30,418,20,0,8,410,26544,812,0,0,0,0,418,0,0,0,0,223,9400
658,W3,1,1,6,6,0,0,0,0,0,0,0,410,410,0,0,10,10,0,400,400,0,0.000000,0,52336,0.000000,0,0,0,0,418,22,0,8,410,26544,892,0,0,0,0,418,0,0,0,0,230,9400
659,W3,1,1,7,7,0,0,0,0,0,0,0,410,410,0,0,10,10,0,400,400,0,0.000000,0,51952,0.000000,0,0,0,0,418,15,0,8,410,26544,594,0,0,0,0,418,0,0,0,0,249,9400
660,W3,1,1,8,8,0,0,0,0,0,0,0,410,410,0,0,10,10,0,400,400,0,0.000000,0,52464,0.000000,0,0,0,0,418,13,0,8,410,26544,514,0,0,0,0,418,0,0,0,0,240,9400
661,W3,1,1,7,7,0,0,0,0,0,0,0,410,410,0,0,10,10,0,400,400,0,0.000000,0,52400,0.000000,0,0,0,0,418,18,0,8,410,26544,712,0,0,0,0,418,0,0,0,0,202,9400
662,W3,1,1,6,6,0,0,0,0,0,0,0,410,410,398,0,10,10,9,400,400,389,97.073171,12736,52208,24.394729,20,20,30,30,418,16,0,8,410,26544,640,0,0,0,0,418,0,0,0,0,211,9400
663,W3,1,1,6,6,0,0,0,0,0,0,0,410,410,386,0,10,10,10,400,400,376,94.146341,12352,52016,23.746540,20,20,30,30,418,17,0,8,410,26544,682,0,0,0,0,418,0,0,0,0,216,9400
664,W3,1,1,6,6,0,0,0,0,0,0,0,410,410,392,0,10,10,10,400,400,382,95.609756,12544,52272,23.997551,20,20,30,30,418,20,0,8,410,26544,808,0,0,0,0,418,0,0,0,0,232,9400
665,W3,1,1,6,6,0,0,0,0,0,0,0,410,410,0,0,10,10,0,400,400,0,0.000000,0,52016,0.000000,0,0,0,0,418,16,0,8,410,26544,640,0,0,0,0,418,0,0,0,0,234,9400
666,W3,1,1,5,5,0,0,0,0,0,0,0,410,410,0,0,10,10,0,400,400,0,0.000000,0,52080,0.000000,0,0,0,0,418,18,0,8,410,26544,716,0,0,0,0,418,0,0,0,0,211,9400
667,W3,1,1,6,6,0,0,0,0,0,0,0,410,410,0,0,10,10,0,400,400,0,0.000000,0,52336,0.000000,0,0,0,0,418,17,0,8,410,26544,682,0,0,0,0,418,0,0,0,0,238,9400
668,W3,1,1,6,6,0,0,0,0,0,0,0,410,410,388,0,10,10,10,400,400,378,94.634146,12416,51850,23.945998,20,20,30,30,417,15,0,7,410,26506,602,0,0,0,0,417,0,0,0,0,209,9400
669,W3,1,1,6,6,0,0,0,0,0,0,0,410,410,0,0,10,10,0,400,400,0,0.000000,0,52336,0.000000,0,0,0,0,418,18,0,8,410,26544,724,0,0,0,0,418,0,0,0,0,205,9400
670,W3,1,1,6,6,0,0,0,0,0,0,0,410,410,0,0,10,10,0,400,400,0,0.000000,0,52208,0.000000,0,0,0,0,418,16,0,8,410,26544,640,0,0,0,0,418,0,0,0,0,211,9400
671,W3,1,1,5,5,0,0,0,0,0,0,0,410,410,394,0,10,10,10,400,400,384,96.097561,12608,52336,24.090492,20,20,30,30,418,28,0,8,410,26544,1144,0,0,0,0,418,0,0,0,0,218,9400
672,W3,1,1,5,5,0,0,0,0,0,0,0,410,410,0,0,10,10,0,400,400,0,0.000000,0,51888,0.000000,0,0,0,0,418,27,0,8,410,26544,1098,0,0,0,0,418,0,0,0,0,266,9400
673,W3,1,1,5,5,0,0,0,0,0,0,0,410,410,382,0,10,10,10,400,400,372,93.170732,12224,51888,23.558434,20,20,30,30,418,28,0,8,410,26544,1140,0,0,0,0,418,0,0,0,0,211,9400
674,W3,1,1,5,5,0,0,0,0,0,0,0,410,410,391,0,10,10,10,400,400,381,95.365854,12512,52144,23.995091,20,20,30,30,418,28,0,8,410,26544,1140,0,0,0,0,418,0,0,0,0,241,9400
675,W3,1,1,5,5,0,0,0,0,0,0,0,410,410,0,0,10,10,0,400,400,0,0.000000,0,52272,0.000000,0,0,0,0,418,25,0,8,410,26544,1010,0,0,0,0,418,0,0,0,0,219,9400
676,W3,1,1,6,6,0,0,0,0,0,0,0,410,410,0,0,10,10,0,400,400,0,0.000000,0,51914,0.000000,0,0,0,0,417,25,0,7,410,26506,1026,0,0,0,0,417,0,0,0,0,264,9400
677,W3,1,1,5,5,0,0,0,0,0,0,0,410,410,0,0,10,10,0,400,400,0,0.000000,0,52144,0.000000,0,0,0,0,418,26,0,8,410,26544,1060,0,0,0,0,418,0,0,0,0,214,9400
678,W3,1,1,5,5,0,0,0,0,0,0,0,410,410,0,0,10,10,0,400,400,0,0.000000,0,51888,0.000000,0,0,0,0,418,28,0,8,410,26544,1144,0,0,0,0,418,0,0,0,0,222,9400
679,W3,1,1,6,6,0,0,0,0,0,0,0,410,410,0,0,10,10,0,400,400,0,0.000000,0,52042,0.000000,0,0,0,0,417,30,0,7,410,26506,1220,0,0,0,0,417,0,0,0,0,226,9400
680,W3,1,1,5,5,0,0,0,0,0,0,0,410,410,390,0,10,10,9,400,400,381,95.121951,12480,52208,23.904382,20,20,30,30,418,16,0,8,410,26544,640,0,0,0,0,418,0,0,0,0,208,9400
681,W3,1,1,5,5,0,0,0,0,0,0,0,410,410,396,0,10,10,10,400,400,386,96.585366,12672,52400,24.183206,20,20,30,30,418,21,0,8,410,26544,842,0,0,0,0,418,0,0,0,0,228,9400
682,W3,1,1,6,6,0,0,0,0,0,0,0,410,410,0,0,10,10,0,400,400,0,0.000000,0,52464,0.000000,0,0,0,0,418,18,0,8,410,26544,720,0,0,0,0,418,0,0,0,0,217,9400
683,W3,1,1,5,5,0,0,0,0,0,0,0,410,410,0,0,10,10,0,400,400,0,0.000000,0,51722,0.000000,0,0,0,0,417,17,0,7,410,26506,690,0,0,0,0,417,0,0,0,0,228,9400
684,W3,1,1,5,5,0,0,0,0,0,0,0,410,410,0,0,10,10,0,400,400,0,0.000000,0,52080,0.000000,0,0,0,0,418,20,0,8,410,26544,804,0,0,0,0,418,0,0,0,0,245,9400
685,W3,1,1,5,5,0,0,0,0,0,0,0,410,410,0,0,10,10,0,400,400,0,0.000000,0,52016,0.000000,0,0,0,0,418,19,0,8,410,26544,758,0,0,0,0,418,0,0,0,0,248,9400
686,W3,1,1,6,6,0,0,0,0,0,0,0,410,410,391,0,10,10,10,400,400,381,95.365854,12512,52336,23.907062,20,20,30,30,418,21,0,8,410,26544,842,0,0,0,0,418,0,0,0,0,210,9400
687,W3,1,1,5,5,0,0,0,0,0,0,0,410,410,392,0,10,10,10,400,400,382,95.609756,12544,52400,23.938931,20,20,30,30,418,16,0,8,410,26544,640,0,0,0,0,418,0,0,0,0,238,9400
688,W3,1,1,6,6,0,0,0,0,0,0,0,410,410,388,0,10,10,10,400,400,378,94.634146,12416,52208,23.781796,20,20,30,30,418,16,0,8,410,26544,644,0,0,0,0,418,0,0,0,0,209,9400
689,W3,1,1,6,6,0,0,0,0,0,0,0,410,410,0,0,10,10,0,400,400,0,0.000000,0,52234,0.000000,0,0,0,0,417,17,0,7,410,26506,686,0,0,0,0,417,0,0,0,0,205,9400
690,W3,1,1,6,6,0,0,0,0,0,0,0,410,410,0,0,10,10,0,400,400,0,0.000000,0,52208,0.000000,0,0,0,0,418,17,0,8,410,26544,682,0,0,0,0,418,0,0,0,0,215,9400
691,W3,1,1,6,6,0,0,0,0,0,0,0,410,410,0,0,10,10,0,400,400,0,0.000000,0,51888,0.000000,0,0,0,0,418,17,0,8,410,26544,682,0,0,0,0,418,0,0,0,0,210,9400
692,W3,1,1,6,6,0,0,0,0,0,0,0,410,410,388,0,10,10,9,400,400,379,94.634146,12416,52208,23.781796,20,20,30,30,418,21,0,8,410,26544,838,0,0,0,0,418,0,0,0,0,211,9400
693,W3,1,1,6,6,0,0,0,0,0,0,0,410,410,0,0,10,10,0,400,400,0,0.000000,0,51824,0.000000,0,0,0,0,418,19,0,8,410,26544,766,0,0,0,0,418,0,0,0,0,201,9400
694,W3,1,1,6,6,0,0,0,0,0,0,0,410,410,386,0,10,10,9,400,400,377,94.146341,12352,52106,23.705523,20,20,30,30,417,17,0,7,410,26506,682,0,0,0,0,417,0,0,0,0,211,9400
695,W3,1,1,6,6,0,0,0,0,0,0,0,410,410,0,0,10,10,0,400,400,0,0.000000,0,52144,0.000000,0,0,0,0,418,17,0,8,410,26544,682,0,0,0,0,418,0,0,0,0,202,9400
696,W3,1,1,6,6,0,0,0,0,0,0,0,410,410,0,0,10,10,0,400,400,0,0.000000,0,52144,0.000000,0,0,0,0,418,18,0,8,410,26544,720,0,0,0,0,418,0,0,0,0,195,9400
697,W3,1,1,5,5,0,0,0,0,0,0,0,410,410,392,0,10,10,8,400,400,384,95.609756,12544,52080,24.086022,20,20,30,30,418,16,0,8,410,26544,640,0,0,0,0,418,0,0,0,0,204,9400
698,W3,1,1,8,8,0,0,0,0,0,0,0,410,410,387,0,10,10,9,400,400,378,94.390244,12384,52208,23.720503,20,20,30,30,418,18,0,8,410,26544,724,0,0,0,0,418,0,0,0,0,236,9400
699,W3,1,1,6,6,1,0,0,0,4,0,0,410,410,0,0,10,10,0,400,400,0,0.000000,0,1354,0.000000,0,0,0,0,18,11,0,18,0,724,430,0,0,0,0,18,0,10,0,0,216,9400
700,W3,1,1,7,7,0,0,0,0,0,0,0,410,410,387,0,10,10,9,400,400,378,94.390244,12384,51888,23.866790,20,20,30,30,418,14,0,8,410,26544,556,0,0,0,0,418,0,0,0,0,220,9400
701,W3,1,1,6,6,0,0,0,0,0,0,0,410,410,0,0,10,10,0,400,400,0,0.000000,0,52080,0.000000,0,0,0,0,418,10,0,8,410,26544,392,0,0,0,0,418,0,0,0,0,187,9400
702,W3,1,1,6,6,0,0,0,0,0,0,0,410,410,0,0,10,10,0,400,400,0,0.000000,0,52592,0.000000,0,0,0,0,418,11,0,8,410,26544,430,0,0,0,0,418,0,0,0,0,195,9400
703,W3,1,1,6,6,0,0,0,0,0,0,0,410,410,0,0,10,10,0,400,400,0,0.000000,0,52016,0.000000,0,0,0,0,418,11,0,8,410,26544,430,0,0,0,0,418,0,0,0,0,186,9400
704,W3,1,1,6,6,0,0,0,0,0,0,0,410,410,0,0,10,10,0,400,400,0,0.000000,0,51978,0.000000,0,0,0,0,417,11,0,7,410,26506,434,0,0,0,0,417,0,0,0,0,224,9400
705,W3,1,1,6,6,0,0,0,0,0,0,0,410,410,390,0,10,10,10,400,400,380,95.121951,12480,52336,23.845919,20,20,30,30,418,13,0,8,410,26544,510,0,0,0,0,418,0,0,0,0,221,9400
706,W3,1,1,6,6,0,0,0,0,0,0,0,410,410,0,0,10,10,0,400,400,0,0.000000,0,52016,0.000000,0,0,0,0,418,12,0,8,410,26544,472,0,0,0,0,418,0,0,0,0,205,9400
707,W3,1,1,6,6,0,0,0,0,0,0,0,410,410,0,0,10,10,0,400,400,0,0.000000,0,52272,0.000000,0,0,0,0,418,13,0,8,410,26544,510,0,0,0,0,418,0,0,0,0,188,9400
708,W3,1,1,7,7,0,0,0,0,0,0,0,410,410,0,0,10,10,0,400,400,0,0.000000,0,52144,0.000000,0,0,0,0,418,13,0,8,410,26544,514,0,0,0,0,418,0,0,0,0,212,9400
709,W3,1,1,6,6,0,0,0,0,0,0,0,410,410,387,0,10,10,10,400,400,377,94.390244,12384,52080,23.778802,20,20,30,30,418,12,0,8,410,26544,472,0,0,0,0,418,0,0,0,0,215,9400
710,W3,1,1,6,6,0,0,0,0,0,0,0,410,410,0,0,10,10,0,400,400,0,0.000000,0,52208,0.000000,0,0,0,0,418,14,0,8,410,26544,552,0,0,0,0,418,0,0,0,0,197,9400
711,W3,1,1,7,7,0,0,0,0,0,0,0,410,410,381,0,10,10,9,400,400,372,92.926829,12192,51696,23.584030,20,20,30,30,418,13,0,8,410,26544,510,0,0,0,0,418,0,0,0,0,204,9400
712,W3,1,1,7,7,0,0,0,0,0,0,0,410,410,0,0,10,10,0,400,400,0,0.000000,0,52080,0.000000,0,0,0,0,418,12,0,8,410,26544,472,0,0,0,0,418,0,0,0,0,207,9400
713,W3,1,1,6,6,0,0,0,0,0,0,0,410,410,385,0,10,10,10,400,400,375,93.902439,12320,51952,23.714198,20,20,30,30,418,14,0,8,410,26544,548,0,0,0,0,418,0,0,0,0,205,9400
714,W3,1,1,6,6,0,0,0,0,0,0,0,410,410,0,0,10,10,0,400,400,0,0.000000,0,52080,0.000000,0,0,0,0,418,14,0,8,410,26544,552,0,0,0,0,418,0,0,0,0,197,9400
715,W3,1,1,6,6,0,0,0,0,0,0,0,410,410,0,0,10,10,0,400,400,0,0.000000,0,51824,0.000000,0,0,0,0,418,12,0,8,410,26544,472,0,0,0,0,418,0,0,0,0,196,9400
716,W3,1,1,6,6,0,0,0,0,0,0,0,410,410,0,0,10,10,0,400,400,0,0.000000,0,52208,0.000000,0,0,0,0,418,17,0,8,410,26544,682,0,0,0,0,418,0,0,0,0,205,9400
717,W3,1,1,6,6,0,0,0,0,0,0,0,410,410,389,0,10,10,9,400,400,380,94.878049,12448,52208,23.843089,20,20,30,30,418,18,0,8,410,26544,716,0,0,0,0,418,0,0,0,0,203,9400
718,W3,1,1,6,6,0,0,0,0,0,0,0,410,410,387,0,10,10,10,400,400,377,94.390244,12384,51760,23.925811,20,20,30,30,418,17,0,8,410,26544,682,0,0,0,0,418,0,0,0,0,218,9400
719,W3,1,1,6,6,0,0,0,0,0,0,0,410,410,392,0,10,10,9,400,400,383,95.609756,12544,52528,23.880597,20,20,30,30,418,17,0,8,410,26544,686,0,0,0,0,418,0,0,0,0,215,9400
720,W3,1,1,6,6,0,0,0,0,0,0,0,410,410,0,0,10,10,0,400,400,0,0.000000,0,51952,0.000000,0,0,0,0,418,17,0,8,410,26544,682,0,0,0,0,418,0,0,0,0,221,9400
721,W3,1,1,6,6,0,0,0,0,0,0,0,410,410,0,0,10,10,0,400,400,0,0.000000,0,52106,0.000000,0,0,0,0,417,16,0,7,410,26506,644,0,0,0,0,417,0,0,0,0,240,9400
722,W3,1,1,5,5,0,0,0,0,0,0,0,410,410,0,0,10,10,0,400,400,0,0.000000,0,52208,0.000000,0,0,0,0,418,16,0,8,410,26544,644,0,0,0,0,418,0,0,0,0,220,9400
723,W3,1,1,6,6,0,0,0,0,0,0,0,410,410,0,0,10,10,0,400,400,0,0.000000,0,52208,0.000000,0,0,0,0,418,18,0,8,410,26544,720,0,0,0,0,418,0,0,0,0,228,9400
724,W3,1,1,6,6,0,0,0,0,0,0,0,410,410,0,0,10,10,0,400,400,0,0.000000,0,52144,0.000000,0,0,0,0,418,16,0,8,410,26544,640,0,0,0,0,418,0,0,0,0,244,9400
725,W3,1,1,5,5,0,0,0,0,0,0,0,410,410,0,0,10,10,0,400,400,0,0.000000,0,52336,0.000000,0,0,0,0,418,18,0,8,410,26544,716,0,0,0,0,418,0,0,0,0,237,9400
726,W3,1,1,5,5,0,0,0,0,0,0,0,410,410,0,0,10,10,0,400,400,0,0.000000,0,52208,0.000000,0,0,0,0,418,14,0,8,410,26544,560,0,0,0,0,418,0,0,0,0,242,9400
727,W3,1,1,5,5,0,0,0,0,0,0,0,410,410,0,0,10,10,0,400,400,0,0.000000,0,52272,0.000000,0,0,0,0,418,16,0,8,410,26544,636,0,0,0,0,418,0,0,0,0,220,9400
728,W3,1,1,5,5,0,0,0,0,0,0,0,410,410,0,0,10,10,0,400,400,0,0.000000,0,52336,0.000000,0,0,0,0,418,18,0,8,410,26544,724,0,0,0,0,418,0,0,0,0,235,9400
729,W3,1,1,5,5,0,0,0,0,0,0,0,410,410,396,0,10,10,10,400,400,386,96.585366,12672,52272,24.242424,20,20,30,30,418,15,0,8,410,26544,594,0,0,0,0,418,0,0,0,0,197,9400
730,W3,1,1,5,5,0,0,0,0,0,0,0,410,410,0,0,10,10,0,400,400,0,0.000000,0,52272,0.000000,0,0,0,0,418,17,0,8,410,26544,678,0,0,0,0,418,0,0,0,0,201,9400
731,W3,1,1,5,5,0,0,0,0,0,0,0,410,410,390,0,10,10,10,400,400,380,95.121951,12480,52272,23.875115,20,20,30,30,418,16,0,8,410,26544,636,0,0,0,0,418,0,0,0,0,215,9400
732,W3,1,1,5,5,0,0,0,0,0,0,0,410,410,381,0,10,10,9,400,400,372,92.926829,12192,51696,23.584030,20,20,30,30,418,14,0,8,410,26544,556,0,0,0,0,418,0,0,0,0,214,9400
733,W3,1,1,5,5,0,0,0,0,0,0,0,410,410,0,0,10,10,0,400,400,0,0.000000,0,52144,0.000000,0,0,0,0,418,13,0,8,410,26544,518,0,0,0,0,418,0,0,0,0,208,9400
734,W3,1,1,6,6,0,0,0,0,0,0,0,410,410,395,0,10,10,10,400,400,385,96.341463,12640,52080,24.270353,20,20,30,30,418,12,0,8,410,26544,472,0,0,0,0,418,0,0,0,0,231,9400
735,W3,1,1,6,6,0,0,0,0,0,0,0,410,410,0,0,10,10,0,400,400,0,0.000000,0,51978,0.000000,0,0,0,0,417,8,0,7,410,26506,312,0,0,0,0,417,0,0,0,0,187,9400
736,W3,1,1,6,6,0,0,0,0,0,0,0,410,410,0,0,10,10,0,400,400,0,0.000000,0,51888,0.000000,0,0,0,0,418,11,0,8,410,26544,430,0,0,0,0,418,0,0,0,0,212,9400
737,W3,1,1,6,6,0,0,0,0,0,0,0,410,410,0,0,10,10,0,400,400,0,0.000000,0,52144,0.000000,0,0,0,0,418,11,0,8,410,26544,430,0,0,0,0,418,0,0,0,0,186,9400
738,W3,1,1,6,6,0,0,0,0,0,0,0,410,410,0,0,10,10,0,400,400,0,0.000000,0,52144,0.000000,0,0,0,0,418,11,0,8,410,26544,430,0,0,0,0,418,0,0,0,0,194,9400
739,W3,1,1,6,6,0,0,0,0,0,0,0,410,410,0,0,10,10,0,400,400,0,0.000000,0,52208,0.000000,0,0,0,0,418,11,0,8,410,26544,430,0,0,0,0,418,0,0,0,0,193,9400
740,W3,1,1,7,7,0,0,0,0,0,0,0,410,410,396,0,10,10,10,400,400,386,96.585366,12672,52528,24.124277,20,20,30,30,418,18,0,8,410,26544,724,0,0,0,0,418,0,0,0,0,234,9400
741,W3,1,1,6,6,1,0,0,0,4,0,0,410,410,0,0,10,10,0,400,400,0,0.000000,0,1228,0.000000,0,0,0,0,18,15,0,18,0,724,598,0,0,0,0,18,0,10,0,0,222,9400
742,W3,1,1,6,6,1,0,0,0,4,0,0,410,410,0,0,10,10,0,400,400,0,0.000000,0,1064,0.000000,0,0,0,0,17,14,0,17,0,686,564,0,0,0,0,17,0,10,0,0,204,9400
743,W3,1,1,6,6,0,0,0,0,0,0,0,410,410,387,0,10,10,8,400,400,379,94.390244,12384,52144,23.749616,20,20,30,30,418,11,0,8,410,26544,430,0,0,0,0,418,0,0,0,0,194,9400
744,W3,1,1,6,6,0,0,0,0,0,0,0,410,410,0,0,10,10,0,400,400,0,0.000000,0,52016,0.000000,0,0,0,0,418,13,0,8,410,26544,510,0,0,0,0,418,0,0,0,0,217,9400
745,W3,1,1,6,6,0,0,0,0,0,0,0,410,410,0,0,10,10,0,400,400,0,0.000000,0,52016,0.000000,0,0,0,0,418,13,0,8,410,26544,506,0,0,0,0,418,0,0,0,0,189,9400
746,W3,1,1,6,6,0,0,0,0,0,0,0,410,410,0,0,10,10,0,400,400,0,0.000000,0,51888,0.000000,0,0,0,0,418,13,0,8,410,26544,514,0,0,0,0,418,0,0,0,0,223,9400
747,W3,1,1,6,6,0,0,0,0,0,0,0,410,410,389,0,10,10,10,400,400,379,94.878049,12448,52208,23.843089,20,20,30,30,418,10,0,8,410,26544,392,0,0,0,0,418,0,0,0,0,217,9400
748,W3,1,1,6,6,0,0,0,0,0,0,0,410,410,0,0,10,10,0,400,400,0,0.000000,0,51888,0.000000,0,0,0,0,418,12,0,8,410,26544,472,0,0,0,0,418,0,0,0,0,211,9400
749,W3,1,1,6,6,0,0,0,0,0,0,0,410,410,0,0,10,10,0,400,400,0,0.000000,0,51978,0.000000,0,0,0,0,417,11,0,7,410,26506,430,0,0,0,0,417,0,0,0,0,192,9400
750,W3,1,1,6,6,0,0,0,0,0,0,0,410,410,0,0,10,10,0,400,400,0,0.000000,0,51824,0.000000,0,0,0,0,418,11,0,8,410,26544,430,0,0,0,0,418,0,0,0,0,211,9400
751,W3,1,1,6,6,0,0,0,0,0,0,0,410,410,385,0,10,10,10,400,400,375,93.902439,12320,51914,23.731556,20,20,30,30,417,12,0,7,410,26506,476,0,0,0,0,417,0,0,0,0,191,9400
752,W3,1,1,6,6,0,0,0,0,0,0,0,410,410,0,0,10,10,0,400,400,0,0.000000,0,52208,0.000000,0,0,0,0,418,11,0,8,410,26544,430,0,0,0,0,418,0,0,0,0,189,9400
753,W3,1,1,6,6,0,0,0,0,0,0,0,410,410,401,0,10,10,10,400,400,391,97.804878,12832,52464,24.458676,20,20,30,30,418,11,0,8,410,26544,430,0,0,0,0,418,0,0,0,0,216,9400
754,W3,1,1,6,6,0,0,0,0,0,0,0,410,410,0,0,10,10,0,400,400,0,0.000000,0,52144,0.000000,0,0,0,0,418,11,0,8,410,26544,430,0,0,0,0,418,0,0,0,0,196,9400
755,W3,1,1,6,6,0,0,0,0,0,0,0,410,410,0,0,10,10,0,400,400,0,0.000000,0,52016,0.000000,0,0,0,0,418,14,0,8,410,26544,552,0,0,0,0,418,0,0,0,0,185,9400
756,W3,1,1,6,6,0,0,0,0,0,0,0,410,410,0,0,10,10,0,400,400,0,0.000000,0,51760,0.000000,0,0,0,0,418,10,0,8,410,26544,392,0,0,0,0,418,0,0,0,0,194,9400
757,W3,1,1,6,6,0,0,0,0,0,0,0,410,410,0,0,10,10,0,400,400,0,0.000000,0,52208,0.000000,0,0,0,0,418,13,0,8,410,26544,510,0,0,0,0,418,0,0,0,0,188,9400
758,W3,1,1,6,6,0,0,0,0,0,0,0,410,410,392,0,10,10,10,400,400,382,95.609756,12544,52464,23.909729,20,20,30,30,418,12,0,8,410,26544,472,0,0,0,0,418,0,0,0,0,197,9400
759,W3,1,1,6,6,0,0,0,0,0,0,0,410,410,0,0,10,10,0,400,400,0,0.000000,0,51722,0.000000,0,0,0,0,417,11,0,7,410,26506,430,0,0,0,0,417,0,0,0,0,185,9400
760,W3,1,1,6,6,0,0,0,0,0,0,0,410,410,392,0,10,10,10,400,400,382,95.609756,12544,52464,23.909729,20,20,30,30,418,12,0,8,410,26544,468,0,0,0,0,418,0,0,0,0,187,9400
761,W3,1,1,5,5,1,0,0,0,4,0,0,410,410,0,0,10,10,0,400,400,0,0.000000,0,1354,0.000000,0,0,0,0,18,19,0,18,0,724,758,0,0,0,0,18,0,10,0,0,255,9400
762,W3,1,1,5,5,1,0,0,0,4,0,0,410,410,0,0,10,10,0,400,400,0,0.000000,0,1354,0.000000,0,0,0,0,18,16,0,18,0,724,640,0,0,0,0,18,0,10,0,0,238,9400
763,W3,1,1,6,6,0,0,0,0,0,0,0,410,410,0,0,10,10,0,400,400,0,0.000000,0,52016,0.000000,0,0,0,0,418,23,0,8,410,26544,934,0,0,0,0,418,0,0,0,0,222,9400
764,W3,1,1,6,6,0,0,0,0,0,0,0,410,410,0,0,10,10,0,400,400,0,0.000000,0,52272,0.000000,0,0,0,0,418,12,0,8,410,26544,468,0,0,0,0,418,0,0,0,0,202,9400
765,W3,1,1,6,6,0,0,0,0,0,0,0,410,410,0,0,10,10,0,400,400,0,0.000000,0,51760,0.000000,0,0,0,0,418,13,0,8,410,26544,506,0,0,0,0,418,0,0,0,0,218,9400
766,W3,1,1,6,6,0,0,0,0,0,0,0,410,410,377,0,10,10,9,400,400,368,91.951220,12064,51632,23.365355,20,20,30,30,418,11,0,8,410,26544,430,0,0,0,0,418,0,0,0,0,206,9400
767,W3,1,1,5,5,0,0,0,0,0,0,0,410,410,395,0,10,10,10,400,400,385,96.341463,12640,52490,24.080777,20,20,30,30,417,9,0,7,410,26506,350,0,0,0,0,417,0,0,0,0,199,9400
768,W3,1,1,5,5,0,0,0,0,0,0,0,410,410,394,0,10,10,10,400,400,384,96.097561,12608,52336,24.090492,20,20,30,30,418,12,0,8,410,26544,464,0,0,0,0,418,0,0,0,0,224,9400
769,W3,1,1,5,5,0,0,0,0,0,0,0,410,410,0,0,10,10,0,400,400,0,0.000000,0,52016,0.000000,0,0,0,0,418,10,0,8,410,26544,388,0,0,0,0,418,0,0,0,0,197,9400
770,W3,1,1,6,6,0,0,0,0,0,0,0,410,410,0,0,10,10,0,400,400,0,0.000000,0,52528,0.000000,0,0,0,0,418,18,0,8,410,26544,724,0,0,0,0,418,0,0,0,0,256,9400
771,W3,1,1,5,5,0,0,0,0,0,0,0,410,410,0,0,10,10,0,400,400,0,0.000000,0,52144,0.000000,0,0,0,0,418,14,0,8,410,26544,556,0,0,0,0,418,0,0,0,0,217,9400
772,W3,1,1,7,7,0,0,0,0,0,0,0,410,410,0,0,10,10,0,400,400,0,0.000000,0,52336,0.000000,0,0,0,0,418,15,0,8,410,26544,602,0,0,0,0,418,0,0,0,0,263,9400
773,W3,1,1,6,6,0,0,0,0,0,0,0,410,410,0,0,10,10,0,400,400,0,0.000000,0,51952,0.000000,0,0,0,0,418,17,0,8,410,26544,674,0,0,0,0,418,0,0,0,0,266,9400
774,W3,1,1,6,6,0,0,0,0,0,0,0,410,410,388,0,10,10,10,400,400,378,94.634146,12416,51952,23.898984,20,20,30,30,418,16,0,8,410,26544,644,0,0,0,0,418,0,0,0,0,228,9400
775,W3,1,1,7,7,0,0,0,0,0,0,0,410,410,388,0,10,10,10,400,400,378,94.634146,12416,51888,23.928461,20,20,30,30,418,17,0,8,410,26544,686,0,0,0,0,418,0,0,0,0,221,9400
776,W3,1,1,7,7,0,0,0,0,0,0,0,410,410,0,0,10,10,0,400,400,0,0.000000,0,52400,0.000000,0,0,0,0,418,13,0,8,410,26544,518,0,0,0,0,418,0,0,0,0,218,9400
777,W3,1,1,8,8,0,0,0,0,0,0,0,410,410,0,0,10,10,0,400,400,0,0.000000,0,52016,0.000000,0,0,0,0,418,16,0,8,410,26544,636,0,0,0,0,418,0,0,0,0,234,9400
778,W3,1,1,7,7,0,0,0,0,0,0,0,410,410,387,0,10,10,9,400,400,378,94.390244,12384,52016,23.808059,20,20,30,30,418,16,0,8,410,26544,640,0,0,0,0,418,0,0,0,0,209,9400
779,W3,1,1,7,7,0,0,0,0,0,0,0,410,410,0,0,10,10,0,400,400,0,0.000000,0,52208,0.000000,0,0,0,0,418,17,0,8,410,26544,682,0,0,0,0,418,0,0,0,0,217,9400
780,W3,1,1,7,7,0,0,0,0,0,0,0,410,410,0,0,10,10,0,400,400,0,0.000000,0,51722,0.000000,0,0,0,0,417,18,0,7,410,26506,724,0,0,0,0,417,0,0,0,0,230,9400
781,W3,1,1,7,7,0,0,0,0,0,0,0,410,410,395,0,10,10,10,400,400,385,96.341463,12640,52272,24.181206,20,20,30,30,418,19,0,8,410,26544,762,0,0,0,0,418,0,0,0,0,270,9400
782,W3,1,1,6,6,0,0,0,0,0,0,0,410,410,0,0,10,10,0,400,400,0,0.000000,0,51952,0.000000,0,0,0,0,418,19,0,8,410,26544,762,0,0,0,0,418,0,0,0,0,220,9400
783,W3,1,0,0,6,0,0,0,0,0,0,0,410,110,97,0,10,10,2,400,100,95,88.181818,3104,12928,24.009901,20,20,30,30,103,3,0,0,103,6592,126,289,10,1,0,103,0,0,0,289,169,9400
784,W3,1,1,7,7,0,0,0,0,0,0,0,410,410,0,0,10,10,0,400,400,0,0.000000,0,51760,0.000000,0,0,0,0,418,18,0,8,410,26544,724,0,0,0,0,418,0,0,0,0,248,9400
785,W3,1,1,5,5,0,0,0,0,0,0,0,410,410,0,0,10,10,0,400,400,0,0.000000,0,52336,0.000000,0,0,0,0,418,17,0,8,410,26544,682,0,0,0,0,418,0,0,0,0,226,9400
786,W3,1,1,6,6,0,0,0,0,0,0,0,410,410,0,0,10,10,0,400,400,0,0.000000,0,51568,0.000000,0,0,0,0,418,17,0,8,410,26544,682,0,0,0,0,418,0,0,0,0,229,9400
787,W3,1,1,6,6,0,0,0,0,0,0,0,410,410,0,0,10,10,0,400,400,0,0.000000,0,51888,0.000000,0,0,0,0,418,19,0,8,410,26544,762,0,0,0,0,418,0,0,0,0,213,9400
788,W3,1,1,5,5,0,0,0,0,0,0,0,410,410,389,0,10,10,9,400,400,380,94.878049,12448,52144,23.872353,20,20,30,30,418,18,0,8,410,26544,724,0,0,0,0,418,0,0,0,0,214,9400
789,W3,1,1,6,6,0,0,0,0,0,0,0,410,410,0,0,10,10,0,400,400,0,0.000000,0,52144,0.000000,0,0,0,0,418,18,0,8,410,26544,724,0,0,0,0,418,0,0,0,0,213,9400
790,W3,1,1,5,5,0,0,0,0,0,0,0,410,410,388,0,10,10,9,400,400,379,94.634146,12416,51978,23.887029,20,20,30,30,417,17,0,7,410,26506,682,0,0,0,0,417,0,0,0,0,211,9400
791,W3,1,1,5,5,0,0,0,0,0,0,0,410,410,389,0,10,10,10,400,400,379,94.878049,12448,52272,23.813897,20,20,30,30,418,18,0,8,410,26544,724,0,0,0,0,418,0,0,0,0,212,9400
792,W3,1,1,6,6,0,0,0,0,0,0,0,410,410,0,0,10,10,0,400,400,0,0.000000,0,52464,0.000000,0,0,0,0,418,18,0,8,410,26544,724,0,0,0,0,418,0,0,0,0,203,9400
793,W3,1,1,5,5,0,0,0,0,0,0,0,410,410,392,0,10,10,10,400,400,382,95.609756,12544,51952,24.145365,20,20,30,30,418,19,0,8,410,26544,766,0,0,0,0,418,0,0,0,0,209,9400
794,W3,1,1,6,6,0,0,0,0,0,0,0,410,410,0,0,10,10,0,400,400,0,0.000000,0,52144,0.000000,0,0,0,0,418,18,0,8,410,26544,724,0,0,0,0,418,0,0,0,0,215,9400
795,W3,1,1,6,6,0,0,0,0,0,0,0,410,410,0,0,10,10,0,400,400,0,0.000000,0,52016,0.000000,0,0,0,0,418,20,0,8,410,26544,808,0,0,0,0,418,0,0,0,0,228,9400
796,W3,1,1,6,6,0,0,0,0,0,0,0,410,410,0,0,10,10,0,400,400,0,0.000000,0,52106,0.000000,0,0,0,0,417,17,0,7,410,26506,678,0,0,0,0,417,0,0,0,0,232,9400
797,W3,1,1,6,6,0,0,0,0,0,0,0,410,410,0,0,10,10,0,400,400,0,0.000000,0,52400,0.000000,0,0,0,0,418,10,0,8,410,26544,396,0,0,0,0,418,0,0,0,0,205,9400
798,W3,1,1,6,6,0,0,0,0,0,0,0,410,410,0,0,10,10,0,400,400,0,0.000000,0,51824,0.000000,0,0,0,0,418,16,0,8,410,26544,632,0,0,0,0,418,0,0,0,0,233,9400
799,W3,1,1,7,7,0,0,0,0,0,0,0,410,410,0,0,10,10,0,400,400,0,0.000000,0,52464,0.000000,0,0,0,0,418,11,0,8,410,26544,430,0,0,0,0,418,0,0,0,0,213,9400
800,W3,1,1,7,7,0,0,0,0,0,0,0,410,410,395,0,10,10,10,400,400,385,96.341463,12640,52272,24.181206,20,20,30,30,418,12,0,8,410,26544,472,0,0,0,0,418,0,0,0,0,213,9400
801,W3,1,1,7,7,0,0,0,0,0,0,0,410,410,0,0,10,10,0,400,400,0,0.000000,0,52208,0.000000,0,0,0,0,418,11,0,8,410,26544,434,0,0,0,0,418,0,0,0,0,209,9400
802,W3,1,1,7,7,0,0,0,0,0,0,0,410,410,0,0,10,10,0,400,400,0,0.000000,0,52080,0.000000,0,0,0,0,418,12,0,8,410,26544,468,0,0,0,0,418,0,0,0,0,209,9400
803,W3,1,1,6,6,0,0,0,0,0,0,0,410,410,0,0,10,10,0,400,400,0,0.000000,0,52208,0.000000,0,0,0,0,418,10,0,8,410,26544,396,0,0,0,0,418,0,0,0,0,214,9400
804,W3,1,1,6,6,0,0,0,0,0,0,0,410,410,0,0,10,10,0,400,400,0,0.000000,0,52336,0.000000,0,0,0,0,418,13,0,8,410,26544,510,0,0,0,0,418,0,0,0,0,196,9400
805,W3,1,1,6,6,0,0,0,0,0,0,0,410,410,388,0,10,10,9,400,400,379,94.634146,12416,52144,23.810985,20,20,30,30,418,13,0,8,410,26544,510,0,0,0,0,418,0,0,0,0,215,9400
806,W3,1,1,6,6,0,0,0,0,0,0,0,410,410,393,0,10,10,10,400,400,383,95.853659,12576,52272,24.058770,20,20,30,30,418,18,0,8,410,26544,720,0,0,0,0,418,0,0,0,0,202,9400
807,W3,1,1,5,5,0,0,0,0,0,0,0,410,410,0,0,10,10,0,400,400,0,0.000000,0,52464,0.000000,0,0,0,0,418,16,0,8,410,26544,644,0,0,0,0,418,0,0,0,0,204,9400
808,W3,1,1,6,6,0,0,0,0,0,0,0,410,410,0,0,10,10,0,400,400,0,0.000000,0,52336,0.000000,0,0,0,0,418,18,0,8,410,26544,724,0,0,0,0,418,0,0,0,0,197,9400
809,W3,1,1,6,6,0,0,0,0,0,0,0,410,410,0,0,10,10,0,400,400,0,0.000000,0,52208,0.000000,0,0,0,0,418,17,0,8,410,26544,682,0,0,0,0,418,0,0,0,0,211,9400
810,W3,1,1,6,6,0,0,0,0,0,0,0,410,410,388,0,10,10,10,400,400,378,94.634146,12416,51952,23.898984,20,20,30,30,418,19,0,8,410,26544,762,0,0,0,0,418,0,0,0,0,222,9400
811,W3,1,1,6,6,0,0,0,0,0,0,0,410,410,0,0,10,10,0,400,400,0,0.000000,0,51952,0.000000,0,0,0,0,418,19,0,8,410,26544,766,0,0,0,0,418,0,0,0,0,219,9400
812,W3,1,1,5,5,0,0,0,0,0,0,0,410,410,0,0,10,10,0,400,400,0,0.000000,0,52336,0.000000,0,0,0,0,418,15,0,8,410,26544,598,0,0,0,0,418,0,0,0,0,234,9400
813,W3,1,1,5,5,0,0,0,0,0,0,0,410,410,398,0,10,10,10,400,400,388,97.073171,12736,52400,24.305344,20,20,30,30,418,19,0,8,410,26544,758,0,0,0,0,418,0,0,0,0,214,9400
814,W3,1,1,5,5,0,0,0,0,0,0,0,410,410,0,0,10,10,0,400,400,0,0.000000,0,51952,0.000000,0,0,0,0,418,14,0,8,410,26544,564,0,0,0,0,418,0,0,0,0,209,9400
815,W3,1,1,6,6,0,0,0,0,0,0,0,410,410,0,0,10,10,0,400,400,0,0.000000,0,52080,0.000000,0,0,0,0,418,17,0,8,410,26544,686,0,0,0,0,418,0,0,0,0,236,9400
816,W3,1,1,6,6,0,0,0,0,0,0,0,410,410,383,0,10,10,8,400,400,375,93.414634,12256,51824,23.649274,20,20,30,30,418,18,0,8,410,26544,724,0,0,0,0,418,0,0,0,0,209,9400
817,W3,1,1,6,6,0,0,0,0,0,0,0,410,410,0,0,10,10,0,400,400,0,0.000000,0,51952,0.000000,0,0,0,0,418,18,0,8,410,26544,720,0,0,0,0,418,0,0,0,0,212,9400
818,W3,1,1,6,6,0,0,0,0,0,0,0,410,410,0,0,10,10,0,400,400,0,0.000000,0,52272,0.000000,0,0,0,0,418,20,0,8,410,26544,804,0,0,0,0,418,0,0,0,0,254,9400
819,W3,1,1,6,6,0,0,0,0,0,0,0,410,410,388,0,10,10,10,400,400,378,94.634146,12416,52080,23.840246,20,20,30,30,418,18,0,8,410,26544,724,0,0,0,0,418,0,0,0,0,213,9400
820,W3,1,1,6,6,0,0,0,0,0,0,0,410,410,0,0,10,10,0,400,400,0,0.000000,0,52080,0.000000,0,0,0,0,418,19,0,8,410,26544,758,0,0,0,0,418,0,0,0,0,214,9400
821,W3,1,1,6,6,0,0,0,0,0,0,0,410,410,387,0,10,10,9,400,400,378,94.390244,12384,52016,23.808059,20,20,30,30,418,18,0,8,410,26544,720,0,0,0,0,418,0,0,0,0,217,9400
822,W3,1,1,6,6,0,0,0,0,0,0,0,410,410,399,0,10,10,10,400,400,389,97.317073,12768,52592,24.277457,20,20,30,30,418,19,0,8,410,26544,758,0,0,0,0,418,0,0,0,0,211,9400
823,W3,1,1,6,6,0,0,0,0,0,0,0,410,410,0,0,10,10,0,400,400,0,0.000000,0,51888,0.000000,0,0,0,0,418,20,0,8,410,26544,800,0,0,0,0,418,0,0,0,0,211,9400
824,W3,1,1,6,6,0,0,0,0,0,0,0,410,410,0,0,10,10,0,400,400,0,0.000000,0,52208,0.000000,0,0,0,0,418,19,0,8,410,26544,762,0,0,0,0,418,0,0,0,0,235,9400
825,W3,1,1,6,6,0,0,0,0,0,0,0,410,410,386,0,10,10,9,400,400,377,94.146341,12352,51952,23.775793,20,20,30,30,418,19,0,8,410,26544,762,0,0,0,0,418,0,0,0,0,217,9400
826,W3,1,1,6,6,0,0,0,0,0,0,0,410,410,0,0,10,10,0,400,400,0,0.000000,0,52208,0.000000,0,0,0,0,418,17,0,8,410,26544,682,0,0,0,0,418,0,0,0,0,249,9400
827,W3,1,1,6,6,0,0,0,0,0,0,0,410,410,0,0,10,10,0,400,400,0,0.000000,0,52208,0.000000,0,0,0,0,418,15,0,8,410,26544,598,0,0,0,0,418,0,0,0,0,225,9400
828,W3,1,1,6,6,0,0,0,0,0,0,0,410,410,392,0,10,10,10,400,400,382,95.609756,12544,52272,23.997551,20,20,30,30,418,17,0,8,410,26544,678,0,0,0,0,418,0,0,0,0,223,9400
829,W3,1,1,6,6,0,0,0,0,0,0,0,410,410,0,0,10,10,0,400,400,0,0.000000,0,52042,0.000000,0,0,0,0,417,16,0,7,410,26506,640,0,0,0,0,417,0,0,0,0,212,9400
830,W3,1,1,7,7,0,0,0,0,0,0,0,410,410,0,0,10,10,0,400,400,0,0.000000,0,52016,0.000000,0,0,0,0,418,15,0,8,410,26544,606,0,0,0,0,418,0,0,0,0,242,9400
831,W3,1,1,6,6,0,0,0,0,0,0,0,410,410,0,0,10,10,0,400,400,0,0.000000,0,52464,0.000000,0,0,0,0,418,19,0,8,410,26544,762,0,0,0,0,418,0,0,0,0,226,9400
832,W3,1,1,5,5,0,0,0,0,0,0,0,410,410,387,0,10,10,9,400,400,378,94.390244,12384,52400,23.633588,20,20,30,30,418,17,0,8,410,26544,678,0,0,0,0,418,0,0,0,0,227,9400
833,W3,1,1,7,7,0,0,0,0,0,0,0,410,410,0,0,10,10,0,400,400,0,0.000000,0,52234,0.000000,0,0,0,0,417,17,0,7,410,26506,682,0,0,0,0,417,0,0,0,0,228,9400
834,W3,1,1,7,7,0,0,0,0,0,0,0,410,410,397,0,10,10,10,400,400,387,96.829268,12704,52272,24.303642,20,20,30,30,418,19,0,8,410,26544,754,0,0,0,0,418,0,0,0,0,268,9400
835,W3,1,1,7,7,0,0,0,0,0,0,0,410,410,389,0,10,10,10,400,400,379,94.878049,12448,52016,23.931098,20,20,30,30,418,17,0,8,410,26544,682,0,0,0,0,418,0,0,0,0,222,9400
836,W3,1,1,6,6,0,0,0,0,0,0,0,410,410,0,0,10,10,0,400,400,0,0.000000,0,52144,0.000000,0,0,0,0,418,18,0,8,410,26544,724,0,0,0,0,418,0,0,0,0,228,9400
837,W3,1,1,6,6,0,0,0,0,0,0,0,410,410,0,0,10,10,0,400,400,0,0.000000,0,52016,0.000000,0,0,0,0,418,17,0,8,410,26544,682,0,0,0,0,418,0,0,0,0,210,9400
838,W3,1,1,6,6,0,0,0,0,0,0,0,410,410,389,0,10,10,10,400,400,379,94.878049,12448,52016,23.931098,20,20,30,30,418,17,0,8,410,26544,682,0,0,0,0,418,0,0,0,0,216,9400
839,W3,1,1,7,7,0,0,0,0,0,0,0,410,410,0,0,10,10,0,400,400,0,0.000000,0,52400,0.000000,0,0,0,0,418,14,0,8,410,26544,556,0,0,0,0,418,0,0,0,0,224,9400
840,W3,1,1,7,7,0,0,0,0,0,0,0,410,410,0,0,10,10,0,400,400,0,0.000000,0,52208,0.000000,0,0,0,0,418,14,0,8,410,26544,560,0,0,0,0,418,0,0,0,0,214,9400
841,W3,1,1,7,7,0,0,0,0,0,0,0,410,410,0,0,10,10,0,400,400,0,0.000000,0,51888,0.000000,0,0,0,0,418,15,0,8,410,26544,594,0,0,0,0,418,0,0,0,0,198,9400
842,W3,1,1,7,7,0,0,0,0,0,0,0,410,410,0,0,10,10,0,400,400,0,0.000000,0,52336,0.000000,0,0,0,0,418,19,0,8,410,26544,762,0,0,0,0,418,0,0,0,0,240,9400
843,W3,1,1,6,6,0,0,0,0,0,0,0,410,410,392,0,10,10,9,400,400,383,95.609756,12544,52016,24.115657,20,20,30,30,418,18,0,8,410,26544,724,0,0,0,0,418,0,0,0,0,218,9400
844,W3,1,1,6,6,0,0,0,0,0,0,0,410,410,391,0,10,10,10,400,400,381,95.365854,12512,52234,23.953747,20,20,30,30,417,19,0,7,410,26506,770,0,0,0,0,417,0,0,0,0,212,9400
845,W3,1,1,7,7,0,0,0,0,0,0,0,410,410,0,0,10,10,0,400,400,0,0.000000,0,52080,0.000000,0,0,0,0,418,17,0,8,410,26544,682,0,0,0,0,418,0,0,0,0,242,9400
846,W3,1,1,6,6,0,0,0,0,0,0,0,410,410,0,0,10,10,0,400,400,0,0.000000,0,52336,0.000000,0,0,0,0,418,17,0,8,410,26544,678,0,0,0,0,418,0,0,0,0,216,9400
847,W3,1,1,7,7,0,0,0,0,0,0,0,410,410,0,0,10,10,0,400,400,0,0.000000,0,51888,0.000000,0,0,0,0,418,18,0,8,410,26544,724,0,0,0,0,418,0,0,0,0,208,9400
848,W3,1,1,7,7,0,0,0,0,0,0,0,410,410,392,0,10,10,8,400,400,384,95.609756,12544,52144,24.056459,20,20,30,30,418,18,0,8,410,26544,724,0,0,0,0,418,0,0,0,0,221,9400
849,W3,1,1,7,7,0,0,0,0,0,0,0,410,410,0,0,10,10,0,400,400,0,0.000000,0,52016,0.000000,0,0,0,0,418,16,0,8,410,26544,640,0,0,0,0,418,0,0,0,0,199,9400
850,W3,1,1,6,6,0,0,0,0,0,0,0,410,410,0,0,10,10,0,400,400,0,0.000000,0,52272,0.000000,0,0,0,0,418,18,0,8,410,26544,724,0,0,0,0,418,0,0,0,0,251,9400
851,W3,1,1,6,6,0,0,0,0,0,0,0,410,410,0,0,10,10,0,400,400,0,0.000000,0,52336,0.000000,0,0,0,0,418,14,0,8,410,26544,556,0,0,0,0,418,0,0,0,0,210,9400
852,W3,1,1,7,7,0,0,0,0,0,0,0,410,410,0,0,10,10,0,400,400,0,0.000000,0,52528,0.000000,0,0,0,0,418,14,0,8,410,26544,552,0,0,0,0,418,0,0,0,0,258,9400
853,W3,1,1,7,7,0,0,0,0,0,0,0,410,410,0,0,10,10,0,400,400,0,0.000000,0,51914,0.000000,0,0,0,0,417,13,0,7,410,26506,514,0,0,0,0,417,0,0,0,0,225,9400
854,W3,1,1,6,6,1,0,0,0,4,0,0,410,410,0,0,10,10,0,400,400,0,0.000000,0,1144,0.000000,0,0,0,0,18,14,0,18,0,724,552,0,0,0,0,18,0,10,0,0,228,9400
855,W3,1,1,8,8,0,0,0,0,0,0,0,410,410,385,0,10,10,9,400,400,376,93.902439,12320,51888,23.743447,20,20,30,30,418,19,0,8,410,26544,762,0,0,0,0,418,0,0,0,0,255,9400
856,W3,1,0,0,6,0,0,0,0,0,0,0,410,210,193,0,10,10,5,400,200,188,91.904762,6176,25728,24.004975,20,20,30,30,205,0,0,0,205,13120,0,192,7,1,0,205,0,0,0,192,151,9400
857,W3,1,1,7,7,0,0,0,0,0,0,0,410,410,0,0,10,10,0,400,400,0,0.000000,0,52208,0.000000,0,0,0,0,418,13,0,8,410,26544,514,0,0,0,0,418,0,0,0,0,248,9400
858,W3,1,1,6,6,0,0,0,0,0,0,0,410,410,0,0,10,10,0,400,400,0,0.000000,0,52208,0.000000,0,0,0,0,418,12,0,8,410,26544,476,0,0,0,0,418,0,0,0,0,205,9400
859,W3,1,1,7,7,0,0,0,0,0,0,0,410,410,0,0,10,10,0,400,400,0,0.000000,0,51824,0.000000,0,0,0,0,418,13,0,8,410,26544,510,0,0,0,0,418,0,0,0,0,202,9400
860,W3,1,1,5,5,0,0,0,0,0,0,0,410,410,382,0,10,10,10,400,400,372,93.170732,12224,51786,23.604835,20,20,30,30,417,17,0,7,410,26506,686,0,0,0,0,417,0,0,0,0,206,9400
861,W3,1,1,6,6,0,0,0,0,0,0,0,410,410,0,0,10,10,0,400,400,0,0.000000,0,52336,0.000000,0,0,0,0,418,17,0,8,410,26544,682,0,0,0,0,418,0,0,0,0,207,9400
862,W3,1,1,5,5,0,0,0,0,0,0,0,410,410,0,0,10,10,0,400,400,0,0.000000,0,51888,0.000000,0,0,0,0,418,18,0,8,410,26544,720,0,0,0,0,418,0,0,0,0,209,9400
863,W3,1,1,6,6,0,0,0,0,0,0,0,410,410,398,0,10,10,9,400,400,389,97.073171,12736,52528,24.246116,20,20,30,30,418,17,0,8,410,26544,682,0,0,0,0,418,0,0,0,0,193,9400
864,W3,1,1,6,6,0,0,0,0,0,0,0,410,410,0,0,10,10,0,400,400,0,0.000000,0,51760,0.000000,0,0,0,0,418,17,0,8,410,26544,686,0,0,0,0,418,0,0,0,0,199,9400
865,W3,1,1,6,6,0,0,0,0,0,0,0,410,410,0,0,10,10,0,400,400,0,0.000000,0,52016,0.000000,0,0,0,0,418,16,0,8,410,26544,640,0,0,0,0,418,0,0,0,0,204,9400
866,W3,1,1,5,5,0,0,0,0,0,0,0,410,410,398,0,10,10,9,400,400,389,97.073171,12736,52362,24.322982,20,20,30,30,417,16,0,7,410,26506,644,0,0,0,0,417,0,0,0,0,205,9400
867,W3,1,1,6,6,0,0,0,0,0,0,0,410,410,0,0,10,10,0,400,400,0,0.000000,0,52208,0.000000,0,0,0,0,418,19,0,8,410,26544,766,0,0,0,0,418,0,0,0,0,265,9400
868,W3,1,1,5,5,0,0,0,0,0,0,0,410,410,0,0,10,10,0,400,400,0,0.000000,0,52208,0.000000,0,0,0,0,418,19,0,8,410,26544,770,0,0,0,0,418,0,0,0,0,235,9400
869,W3,1,1,6,6,0,0,0,0,0,0,0,410,410,0,0,10,10,0,400,400,0,0.000000,0,52144,0.000000,0,0,0,0,418,14,0,8,410,26544,556,0,0,0,0,418,0,0,0,0,204,9400
870,W3,1,1,6,6,0,0,0,0,0,0,0,410,410,0,0,10,10,0,400,400,0,0.000000,0,52272,0.000000,0,0,0,0,418,11,0,8,410,26544,434,0,0,0,0,418,0,0,0,0,223,9400
871,W3,1,1,6,6,0,0,0,0,0,0,0,410,410,0,0,10,10,0,400,400,0,0.000000,0,52400,0.000000,0,0,0,0,418,14,0,8,410,26544,556,0,0,0,0,418,0,0,0,0,193,9400
872,W3,1,1,7,7,0,0,0,0,0,0,0,410,410,0,0,10,10,0,400,400,0,0.000000,0,52080,0.000000,0,0,0,0,418,15,0,8,410,26544,594,0,0,0,0,418,0,0,0,0,239,9400
873,W3,1,1,7,7,0,0,0,0,0,0,0,410,410,388,0,10,10,10,400,400,378,94.634146,12416,52144,23.810985,20,20,30,30,418,13,0,8,410,26544,514,0,0,0,0,418,0,0,0,0,202,9400
874,W3,1,1,7,7,0,0,0,0,0,0,0,410,410,0,0,10,10,0,400,400,0,0.000000,0,52208,0.000000,0,0,0,0,418,14,0,8,410,26544,552,0,0,0,0,418,0,0,0,0,232,9400
875,W3,1,1,7,7,0,0,0,0,0,0,0,410,410,0,0,10,10,0,400,400,0,0.000000,0,52400,0.000000,0,0,0,0,418,13,0,8,410,26544,514,0,0,0,0,418,0,0,0,0,207,9400
876,W3,1,1,6,6,0,0,0,0,0,0,0,410,410,388,0,10,10,10,400,400,378,94.634146,12416,51824,23.958012,20,20,30,30,418,13,0,8,410,26544,514,0,0,0,0,418,0,0,0,0,190,9400
877,W3,1,1,7,7,0,0,0,0,0,0,0,410,410,0,0,10,10,0,400,400,0,0.000000,0,51952,0.000000,0,0,0,0,418,11,0,8,410,26544,434,0,0,0,0,418,0,0,0,0,195,9400
878,W3,1,1,5,5,0,0,0,0,0,0,0,410,410,0,0,10,10,0,400,400,0,0.000000,0,51696,0.000000,0,0,0,0,418,11,0,8,410,26544,430,0,0,0,0,418,0,0,0,0,201,9400
879,W3,1,1,5,5,0,0,0,0,0,0,0,410,410,0,0,10,10,0,400,400,0,0.000000,0,52464,0.000000,0,0,0,0,418,10,0,8,410,26544,392,0,0,0,0,418,0,0,0,0,193,9400
880,W3,1,1,5,5,0,0,0,0,0,0,0,410,410,0,0,10,10,0,400,400,0,0.000000,0,52400,0.000000,0,0,0,0,418,11,0,8,410,26544,430,0,0,0,0,418,0,0,0,0,209,9400
881,W3,1,1,6,6,0,0,0,0,0,0,0,410,410,0,0,10,10,0,400,400,0,0.000000,0,52144,0.000000,0,0,0,0,418,13,0,8,410,26544,514,0,0,0,0,418,0,0,0,0,239,9400
882,W3,1,1,6,6,0,0,0,0,0,0,0,410,410,0,0,10,10,0,400,400,0,0.000000,0,52080,0.000000,0,0,0,0,418,11,0,8,410,26544,434,0,0,0,0,418,0,0,0,0,223,9400
883,W3,1,1,6,6,0,0,0,0,0,0,0,410,410,394,0,10,10,7,400,400,387,96.097561,12608,52400,24.061069,20,20,30,30,418,13,0,8,410,26544,510,0,0,0,0,418,0,0,0,0,217,9400
884,W3,1,1,6,6,0,0,0,0,0,0,0,410,410,394,0,10,10,10,400,400,384,96.097561,12608,52170,24.167146,20,20,30,30,417,11,0,7,410,26506,434,0,0,0,0,417,0,0,0,0,203,9400
885,W3,1,1,6,6,0,0,0,0,0,0,0,410,410,0,0,10,10,0,400,400,0,0.000000,0,51952,0.000000,0,0,0,0,418,12,0,8,410,26544,476,0,0,0,0,418,0,0,0,0,200,9400
886,W3,1,1,6,6,0,0,0,0,0,0,0,410,410,391,0,10,10,10,400,400,381,95.365854,12512,51952,24.083770,20,20,30,30,418,12,0,8,410,26544,476,0,0,0,0,418,0,0,0,0,255,9400
887,W3,1,1,6,6,0,0,0,0,0,0,0,410,410,394,0,10,10,10,400,400,384,96.097561,12608,52208,24.149556,20,20,30,30,418,12,0,8,410,26544,472,0,0,0,0,418,0,0,0,0,263,9400
888,W3,1,1,6,6,0,0,0,0,0,0,0,410,410,394,0,10,10,9,400,400,385,96.097561,12608,52208,24.149556,20,20,30,30,418,11,0,8,410,26544,430,0,0,0,0,418,0,0,0,0,210,9400
889,W3,1,1,5,5,0,0,0,0,0,0,0,410,410,387,0,10,10,10,400,400,377,94.390244,12384,52208,23.720503,20,20,30,30,418,10,0,8,410,26544,392,0,0,0,0,418,0,0,0,0,216,9400
890,W3,1,1,5,5,0,0,0,0,0,0,0,410,410,0,0,10,10,0,400,400,0,0.000000,0,52528,0.000000,0,0,0,0,418,10,0,8,410,26544,388,0,0,0,0,418,0,0,0,0,222,9400
891,W3,1,1,6,6,0,0,0,0,0,0,0,410,410,0,0,10,10,0,400,400,0,0.000000,0,52400,0.000000,0,0,0,0,418,9,0,8,410,26544,350,0,0,0,0,418,0,0,0,0,206,9400
892,W3,1,1,5,5,0,0,0,0,0,0,0,410,410,0,0,10,10,0,400,400,0,0.000000,0,52208,0.000000,0,0,0,0,418,10,0,8,410,26544,388,0,0,0,0,418,0,0,0,0,192,9400
893,W3,1,1,6,6,0,0,0,0,0,0,0,410,410,0,0,10,10,0,400,400,0,0.000000,0,52400,0.000000,0,0,0,0,418,11,0,8,410,26544,430,0,0,0,0,418,0,0,0,0,208,9400
894,W3,1,1,5,5,0,0,0,0,0,0,0,410,410,0,0,10,10,0,400,400,0,0.000000,0,52016,0.000000,0,0,0,0,418,11,0,8,410,26544,430,0,0,0,0,418,0,0,0,0,226,9400
895,W3,1,1,6,6,0,0,0,0,0,0,0,410,410,0,0,10,10,0,400,400,0,0.000000,0,51952,0.000000,0,0,0,0,418,13,0,8,410,26544,510,0,0,0,0,418,0,0,0,0,190,9400
896,W3,1,1,6,6,0,0,0,0,0,0,0,410,410,0,0,10,10,0,400,400,0,0.000000,0,51952,0.000000,0,0,0,0,418,11,0,8,410,26544,430,0,0,0,0,418,0,0,0,0,256,9400
897,W3,1,1,5,5,0,0,0,0,0,0,0,410,410,0,0,10,10,0,400,400,0,0.000000,0,52144,0.000000,0,0,0,0,418,13,0,8,410,26544,514,0,0,0,0,418,0,0,0,0,201,9400
898,W3,1,1,6,6,0,0,0,0,0,0,0,410,410,0,0,10,10,0,400,400,0,0.000000,0,52080,0.000000,0,0,0,0,418,13,0,8,410,26544,514,0,0,0,0,418,0,0,0,0,217,9400
899,W3,1,1,6,6,0,0,0,0,0,0,0,410,410,0,0,10,10,0,400,400,0,0.000000,0,52208,0.000000,0,0,0,0,418,12,0,8,410,26544,472,0,0,0,0,418,0,0,0,0,200,9400
900,W3,1,1,6,6,0,0,0,0,0,0,0,410,410,391,0,10,10,10,400,400,381,95.365854,12512,52400,23.877863,20,20,30,30,418,12,0,8,410,26544,472,0,0,0,0,418,0,0,0,0,204,9400
901,W3,1,1,6,6,0,0,0,0,0,0,0,410,410,389,0,10,10,10,400,400,379,94.878049,12448,51952,23.960579,20,20,30,30,418,11,0,8,410,26544,434,0,0,0,0,418,0,0,0,0,203,9400
902,W3,1,1,6,6,1,0,0,0,4,0,0,410,410,0,0,10,10,0,400,400,0,0.000000,0,1354,0.000000,0,0,0,0,18,13,0,18,0,724,510,0,0,0,0,18,0,10,0,0,238,9400
903,W3,1,1,6,6,0,0,0,0,0,0,0,410,410,0,0,10,10,0,400,400,0,0.000000,0,51952,0.000000,0,0,0,0,418,19,0,8,410,26544,762,0,0,0,0,418,0,0,0,0,219,9400
904,W3,1,1,7,7,0,0,0,0,0,0,0,410,410,0,0,10,10,0,400,400,0,0.000000,0,52144,0.000000,0,0,0,0,418,15,0,8,410,26544,602,0,0,0,0,418,0,0,0,0,211,9400
905,W3,1,1,7,7,0,0,0,0,0,0,0,410,410,0,0,10,10,0,400,400,0,0.000000,0,51952,0.000000,0,0,0,0,418,17,0,8,410,26544,682,0,0,0,0,418,0,0,0,0,224,9400
906,W3,1,1,6,6,0,0,0,0,0,0,0,410,410,0,0,10,10,0,400,400,0,0.000000,0,52144,0.000000,0,0,0,0,418,18,0,8,410,26544,720,0,0,0,0,418,0,0,0,0,223,9400
907,W3,1,1,7,7,0,0,0,0,0,0,0,410,410,0,0,10,10,0,400,400,0,0.000000,0,52016,0.000000,0,0,0,0,418,16,0,8,410,26544,640,0,0,0,0,418,0,0,0,0,278,9400
908,W3,1,1,7,7,0,0,0,0,0,0,0,410,410,391,0,10,10,9,400,400,382,95.365854,12512,52208,23.965676,20,20,30,30,418,19,0,8,410,26544,762,0,0,0,0,418,0,0,0,0,300,9400
909,W3,1,1,7,7,0,0,0,0,0,0,0,410,410,392,0,10,10,9,400,400,383,95.609756,12544,52208,24.026969,20,20,30,30,418,17,0,8,410,26544,678,0,0,0,0,418,0,0,0,0,328,9400
910,W3,1,1,6,6,0,0,0,0,0,0,0,410,410,393,0,10,10,10,400,400,383,95.853659,12576,52464,23.970723,20,20,30,30,418,18,0,8,410,26544,720,0,0,0,0,418,0,0,0,0,249,9400
911,W3,1,1,6,6,0,0,0,0,0,0,0,410,410,0,0,10,10,0,400,400,0,0.000000,0,52016,0.000000,0,0,0,0,418,18,0,8,410,26544,716,0,0,0,0,418,0,0,0,0,222,9400
912,W3,1,1,6,6,0,0,0,0,0,0,0,410,410,0,0,10,10,0,400,400,0,0.000000,0,52080,0.000000,0,0,0,0,418,18,0,8,410,26544,724,0,0,0,0,418,0,0,0,0,251,9400
913,W3,1,1,6,6,0,0,0,0,0,0,0,410,410,0,0,10,10,0,400,400,0,0.000000,0,52272,0.000000,0,0,0,0,418,18,0,8,410,26544,720,0,0,0,0,418,0,0,0,0,221,9400
914,W3,1,1,7,7,0,0,0,0,0,0,0,410,410,393,0,10,10,9,400,400,384,95.853659,12576,52170,24.105808,20,20,30,30,417,15,0,7,410,26506,606,0,0,0,0,417,0,0,0,0,239,9400
915,W3,1,1,7,7,0,0,0,0,0,0,0,410,410,394,0,10,10,10,400,400,384,96.097561,12608,52336,24.090492,20,20,30,30,418,19,0,8,410,26544,762,0,0,0,0,418,0,0,0,0,229,9400
916,W3,1,1,7,7,0,0,0,0,0,0,0,410,410,0,0,10,10,0,400,400,0,0.000000,0,52080,0.000000,0,0,0,0,418,17,0,8,410,26544,678,0,0,0,0,418,0,0,0,0,199,9400
917,W3,1,1,6,6,0,0,0,0,0,0,0,410,410,0,0,10,10,0,400,400,0,0.000000,0,52144,0.000000,0,0,0,0,418,20,0,8,410,26544,800,0,0,0,0,418,0,0,0,0,203,9400
918,W3,1,1,6,6,0,0,0,0,0,0,0,410,410,390,0,10,10,10,400,400,380,95.121951,12480,52080,23.963134,20,20,30,30,418,18,0,8,410,26544,720,0,0,0,0,418,0,0,0,0,212,9400
919,W3,1,1,6,6,0,0,0,0,0,0,0,410,410,0,0,10,10,0,400,400,0,0.000000,0,52080,0.000000,0,0,0,0,418,19,0,8,410,26544,762,0,0,0,0,418,0,0,0,0,196,9400
920,W3,1,1,7,7,0,0,0,0,0,0,0,410,410,0,0,10,10,0,400,400,0,0.000000,0,52080,0.000000,0,0,0,0,418,19,0,8,410,26544,758,0,0,0,0,418,0,0,0,0,205,9400
921,W3,1,1,6,6,0,0,0,0,0,0,0,410,410,0,0,10,10,0,400,400,0,0.000000,0,51824,0.000000,0,0,0,0,418,17,0,8,410,26544,682,0,0,0,0,418,0,0,0,0,197,9400
922,W3,1,1,7,7,0,0,0,0,0,0,0,410,410,0,0,10,10,0,400,400,0,0.000000,0,52400,0.000000,0,0,0,0,418,18,0,8,410,26544,720,0,0,0,0,418,0,0,0,0,228,9400
923,W3,1,1,6,6,0,0,0,0,0,0,0,410,410,0,0,10,10,0,400,400,0,0.000000,0,52016,0.000000,0,0,0,0,418,18,0,8,410,26544,716,0,0,0,0,418,0,0,0,0,228,9400
924,W3,1,1,6,6,0,0,0,0,0,0,0,410,410,0,0,10,10,0,400,400,0,0.000000,0,52208,0.000000,0,0,0,0,418,18,0,8,410,26544,724,0,0,0,0,418,0,0,0,0,206,9400
925,W3,1,1,7,7,0,0,0,0,0,0,0,410,410,389,0,10,10,9,400,400,380,94.878049,12448,52106,23.889763,20,20,30,30,417,16,0,7,410,26506,648,0,0,0,0,417,0,0,0,0,203,9400
926,W3,1,1,5,5,0,0,0,0,0,0,0,410,410,0,0,10,10,0,400,400,0,0.000000,0,51952,0.000000,0,0,0,0,418,17,0,8,410,26544,682,0,0,0,0,418,0,0,0,0,210,9400
927,W3,1,1,6,6,0,0,0,0,0,0,0,410,410,0,0,10,10,0,400,400,0,0.000000,0,51952,0.000000,0,0,0,0,418,19,0,8,410,26544,766,0,0,0,0,418,0,0,0,0,199,9400
928,W3,1,1,7,7,0,0,0,0,0,0,0,410,410,0,0,10,10,0,400,400,0,0.000000,0,51760,0.000000,0,0,0,0,418,17,0,8,410,26544,682,0,0,0,0,418,0,0,0,0,239,9400
929,W3,1,1,7,7,0,0,0,0,0,0,0,410,410,0,0,10,10,0,400,400,0,0.000000,0,52144,0.000000,0,0,0,0,418,19,0,8,410,26544,762,0,0,0,0,418,0,0,0,0,207,9400
930,W3,1,1,6,6,0,0,0,0,0,0,0,410,410,392,0,10,10,10,400,400,382,95.609756,12544,52336,23.968205,20,20,30,30,418,16,0,8,410,26544,644,0,0,0,0,418,0,0,0,0,214,9400
931,W3,1,1,7,7,0,0,0,0,0,0,0,410,410,380,0,10,10,10,400,400,370,92.682927,12160,51888,23.435091,20,20,30,30,418,18,0,8,410,26544,720,0,0,0,0,418,0,0,0,0,213,9400
932,W3,1,1,6,6,0,0,0,0,0,0,0,410,410,0,0,10,10,0,400,400,0,0.000000,0,52080,0.000000,0,0,0,0,418,17,0,8,410,26544,682,0,0,0,0,418,0,0,0,0,237,9400
933,W3,1,1,6,6,0,0,0,0,0,0,0,410,410,0,0,10,10,0,400,400,0,0.000000,0,52208,0.000000,0,0,0,0,418,21,0,8,410,26544,842,0,0,0,0,418,0,0,0,0,218,9400
934,W3,1,1,6,6,0,0,0,0,0,0,0,410,410,0,0,10,10,0,400,400,0,0.000000,0,52080,0.000000,0,0,0,0,418,19,0,8,410,26544,766,0,0,0,0,418,0,0,0,0,332,9400
935,W3,1,1,6,6,0,0,0,0,0,0,0,410,410,390,0,10,10,9,400,400,381,95.121951,12480,52106,23.951176,20,20,30,30,417,17,0,7,410,26506,686,0,0,0,0,417,0,0,0,0,223,9400
936,W3,1,1,6,6,0,0,0,0,0,0,0,410,410,0,0,10,10,0,400,400,0,0.000000,0,51786,0.000000,0,0,0,0,417,16,0,7,410,26506,644,0,0,0,0,417,0,0,0,0,210,9400
937,W3,1,1,6,6,0,0,0,0,0,0,0,410,410,383,0,10,10,9,400,400,374,93.414634,12256,52080,23.533026,20,20,30,30,418,20,0,8,410,26544,808,0,0,0,0,418,0,0,0,0,215,9400
938,W3,1,1,6,6,0,0,0,0,0,0,0,410,410,0,0,10,10,0,400,400,0,0.000000,0,52400,0.000000,0,0,0,0,418,16,0,8,410,26544,644,0,0,0,0,418,0,0,0,0,209,9400
939,W3,1,1,6,6,0,0,0,0,0,0,0,410,410,0,0,10,10,0,400,400,0,0.000000,0,52400,0.000000,0,0,0,0,418,19,0,8,410,26544,766,0,0,0,0,418,0,0,0,0,232,9400
940,W3,1,1,6,6,0,0,0,0,0,0,0,410,410,393,0,10,10,10,400,400,383,95.853659,12576,52208,24.088262,20,20,30,30,418,18,0,8,410,26544,720,0,0,0,0,418,0,0,0,0,211,9400
941,W3,1,1,6,6,0,0,0,0,0,0,0,410,410,0,0,10,10,0,400,400,0,0.000000,0,52400,0.000000,0,0,0,0,418,13,0,8,410,26544,514,0,0,0,0,418,0,0,0,0,232,9400
942,W3,1,1,5,5,0,0,0,0,0,0,0,410,410,385,0,10,10,10,400,400,375,93.902439,12320,52144,23.626879,20,20,30,30,418,13,0,8,410,26544,514,0,0,0,0,418,0,0,0,0,217,9400
943,W3,1,1,5,5,0,0,0,0,0,0,0,410,410,0,0,10,10,0,400,400,0,0.000000,0,52208,0.000000,0,0,0,0,418,13,0,8,410,26544,514,0,0,0,0,418,0,0,0,0,214,9400
944,W3,1,1,5,5,0,0,0,0,0,0,0,410,410,0,0,10,10,0,400,400,0,0.000000,0,51824,0.000000,0,0,0,0,418,15,0,8,410,26544,598,0,0,0,0,418,0,0,0,0,230,9400
945,W3,1,1,5,5,0,0,0,0,0,0,0,410,410,0,0,10,10,0,400,400,0,0.000000,0,52144,0.000000,0,0,0,0,418,19,0,8,410,26544,762,0,0,0,0,418,0,0,0,0,225,9400
946,W3,1,1,5,5,0,0,0,0,0,0,0,410,410,392,0,10,10,10,400,400,382,95.609756,12544,52080,24.086022,20,20,30,30,418,16,0,8,410,26544,640,0,0,0,0,418,0,0,0,0,220,9400
947,W3,1,1,5,5,0,0,0,0,0,0,0,410,410,0,0,10,10,0,400,400,0,0.000000,0,51888,0.000000,0,0,0,0,418,17,0,8,410,26544,678,0,0,0,0,418,0,0,0,0,258,9400
948,W3,1,1,5,5,0,0,0,0,0,0,0,410,410,0,0,10,10,0,400,400,0,0.000000,0,52362,0.000000,0,0,0,0,417,15,0,7,410,26506,602,0,0,0,0,417,0,0,0,0,239,9400
949,W3,1,1,5,5,0,0,0,0,0,0,0,410,410,387,0,10,10,10,400,400,377,94.390244,12384,52016,23.808059,20,20,30,30,418,14,0,8,410,26544,560,0,0,0,0,418,0,0,0,0,212,9400
950,W3,1,1,6,6,0,0,0,0,0,0,0,410,410,389,0,10,10,10,400,400,379,94.878049,12448,51952,23.960579,20,20,30,30,418,10,0,8,410,26544,384,0,0,0,0,418,0,0,0,0,231,9400
951,W3,1,1,6,6,0,0,0,0,0,0,0,410,410,0,0,10,10,0,400,400,0,0.000000,0,52464,0.000000,0,0,0,0,418,9,0,8,410,26544,346,0,0,0,0,418,0,0,0,0,200,9400
952,W3,1,1,6,6,0,0,0,0,0,0,0,410,410,0,0,10,10,0,400,400,0,0.000000,0,52144,0.000000,0,0,0,0,418,10,0,8,410,26544,384,0,0,0,0,418,0,0,0,0,208,9400
953,W3,1,1,6,6,0,0,0,0,0,0,0,410,410,0,0,10,10,0,400,400,0,0.000000,0,51952,0.000000,0,0,0,0,418,9,0,8,410,26544,346,0,0,0,0,418,0,0,0,0,186,9400
954,W3,1,1,6,6,0,0,0,0,0,0,0,410,410,387,0,10,10,9,400,400,378,94.390244,12384,51952,23.837388,20,20,30,30,418,10,0,8,410,26544,384,0,0,0,0,418,0,0,0,0,189,9400
955,W3,1,1,6,6,0,0,0,0,0,0,0,410,410,389,0,10,10,9,400,400,380,94.878049,12448,52208,23.843089,20,20,30,30,418,9,0,8,410,26544,346,0,0,0,0,418,0,0,0,0,200,9400
956,W3,1,1,5,5,0,0,0,0,0,0,0,410,410,0,0,10,10,0,400,400,0,0.000000,0,52170,0.000000,0,0,0,0,417,7,0,7,410,26506,266,0,0,0,0,417,0,0,0,0,199,9400
957,W3,1,1,5,5,0,0,0,0,0,0,0,410,410,0,0,10,10,0,400,400,0,0.000000,0,52400,0.000000,0,0,0,0,418,8,0,8,410,26544,304,0,0,0,0,418,0,0,0,0,187,9400
958,W3,1,1,5,5,0,0,0,0,0,0,0,410,410,0,0,10,10,0,400,400,0,0.000000,0,52016,0.000000,0,0,0,0,418,8,0,8,410,26544,304,0,0,0,0,418,0,0,0,0,186,9400
959,W3,1,1,6,6,0,0,0,0,0,0,0,410,410,389,0,10,10,10,400,400,379,94.878049,12448,52080,23.901690,20,20,30,30,418,15,0,8,410,26544,598,0,0,0,0,418,0,0,0,0,197,9400
960,W3,1,1,6,6,0,0,0,0,0,0,0,410,410,0,0,10,10,0,400,400,0,0.000000,0,52144,0.000000,0,0,0,0,418,15,0,8,410,26544,598,0,0,0,0,418,0,0,0,0,195,9400
961,W3,1,1,7,7,0,0,0,0,0,0,0,410,410,0,0,10,10,0,400,400,0,0.000000,0,51696,0.000000,0,0,0,0,418,16,0,8,410,26544,636,0,0,0,0,418,0,0,0,0,224,9400
962,W3,1,1,6,6,0,0,0,0,0,0,0,410,410,0,0,10,10,0,400,400,0,0.000000,0,52234,0.000000,0,0,0,0,417,16,0,7,410,26506,648,0,0,0,0,417,0,0,0,0,211,9400
963,W3,1,1,6,6,0,0,0,0,0,0,0,410,410,0,0,10,10,0,400,400,0,0.000000,0,52106,0.000000,0,0,0,0,417,16,0,7,410,26506,644,0,0,0,0,417,0,0,0,0,226,9400
964,W3,1,1,6,6,0,0,0,0,0,0,0,410,410,384,0,10,10,9,400,400,375,93.658537,12288,51952,23.652602,20,20,30,30,418,17,0,8,410,26544,682,0,0,0,0,418,0,0,0,0,229,9400
965,W3,1,1,6,6,0,0,0,0,0,0,0,410,410,0,0,10,10,0,400,400,0,0.000000,0,52080,0.000000,0,0,0,0,418,20,0,8,410,26544,804,0,0,0,0,418,0,0,0,0,193,9400
966,W3,1,1,6,6,0,0,0,0,0,0,0,410,410,0,0,10,10,0,400,400,0,0.000000,0,52464,0.000000,0,0,0,0,418,18,0,8,410,26544,724,0,0,0,0,418,0,0,0,0,234,9400
967,W3,1,1,6,6,0,0,0,0,0,0,0,410,410,401,0,10,10,10,400,400,391,97.804878,12832,52592,24.399148,20,20,30,30,418,18,0,8,410,26544,720,0,0,0,0,418,0,0,0,0,201,9400
968,W3,1,1,5,5,0,0,0,0,0,0,0,410,410,0,0,10,10,0,400,400,0,0.000000,0,51888,0.000000,0,0,0,0,418,16,0,8,410,26544,640,0,0,0,0,418,0,0,0,0,202,9400
969,W3,1,1,5,5,0,0,0,0,0,0,0,410,410,390,0,10,10,10,400,400,380,95.121951,12480,51914,24.039758,20,20,30,30,417,15,0,7,410,26506,598,0,0,0,0,417,0,0,0,0,224,9400
970,W3,1,1,5,5,0,0,0,0,0,0,0,410,410,0,0,10,10,0,400,400,0,0.000000,0,52080,0.000000,0,0,0,0,418,16,0,8,410,26544,636,0,0,0,0,418,0,0,0,0,223,9400
971,W3,1,1,5,5,0,0,0,0,0,0,0,410,410,392,0,10,10,8,400,400,384,95.609756,12544,52528,23.880597,20,20,30,30,418,16,0,8,410,26544,636,0,0,0,0,418,0,0,0,0,205,9400
972,W3,1,1,5,5,0,0,0,0,0,0,0,410,410,0,0,10,10,0,400,400,0,0.000000,0,52464,0.000000,0,0,0,0,418,15,0,8,410,26544,598,0,0,0,0,418,0,0,0,0,203,9400
973,W3,1,1,5,5,0,0,0,0,0,0,0,410,410,0,0,10,10,0,400,400,0,0.000000,0,51952,0.000000,0,0,0,0,418,15,0,8,410,26544,598,0,0,0,0,418,0,0,0,0,192,9400
974,W3,1,1,5,5,0,0,0,0,0,0,0,410,410,392,0,10,10,10,400,400,382,95.609756,12544,52080,24.086022,20,20,30,30,418,14,0,8,410,26544,560,0,0,0,0,418,0,0,0,0,208,9400
975,W3,1,1,5,5,0,0,0,0,0,0,0,410,410,0,0,10,10,0,400,400,0,0.000000,0,52464,0.000000,0,0,0,0,418,14,0,8,410,26544,560,0,0,0,0,418,0,0,0,0,214,9400
976,W3,1,1,5,5,0,0,0,0,0,0,0,410,410,397,0,10,10,10,400,400,387,96.829268,12704,52106,24.381069,20,20,30,30,417,15,0,7,410,26506,602,0,0,0,0,417,0,0,0,0,201,9400
977,W3,1,1,6,6,0,0,0,0,0,0,0,410,410,0,0,10,10,0,400,400,0,0.000000,0,51952,0.000000,0,0,0,0,418,15,0,8,410,26544,602,0,0,0,0,418,0,0,0,0,216,9400
978,W3,1,1,6,6,0,0,0,0,0,0,0,410,410,0,0,10,10,0,400,400,0,0.000000,0,52400,0.000000,0,0,0,0,418,17,0,8,410,26544,682,0,0,0,0,418,0,0,0,0,205,9400
979,W3,1,1,6,6,0,0,0,0,0,0,0,410,410,0,0,10,10,0,400,400,0,0.000000,0,52336,0.000000,0,0,0,0,418,18,0,8,410,26544,720,0,0,0,0,418,0,0,0,0,232,9400
980,W3,1,1,6,6,0,0,0,0,0,0,0,410,410,391,0,10,10,8,400,400,383,95.365854,12512,51952,24.083770,20,20,30,30,418,17,0,8,410,26544,682,0,0,0,0,418,0,0,0,0,295,9400
981,W3,1,1,6,6,0,0,0,0,0,0,0,410,410,0,0,10,10,0,400,400,0,0.000000,0,52016,0.000000,0,0,0,0,418,15,0,8,410,26544,602,0,0,0,0,418,0,0,0,0,220,9400
982,W3,1,1,6,6,0,0,0,0,0,0,0,410,410,391,0,10,10,10,400,400,381,95.365854,12512,52144,23.995091,20,20,30,30,418,17,0,8,410,26544,678,0,0,0,0,418,0,0,0,0,197,9400
983,W3,1,1,5,5,0,0,0,0,0,0,0,410,410,0,0,10,10,0,400,400,0,0.000000,0,52144,0.000000,0,0,0,0,418,18,0,8,410,26544,716,0,0,0,0,418,0,0,0,0,251,9400
984,W3,1,1,6,6,0,0,0,0,0,0,0,410,410,0,0,10,10,0,400,400,0,0.000000,0,52080,0.000000,0,0,0,0,418,19,0,8,410,26544,758,0,0,0,0,418,0,0,0,0,221,9400
985,W3,1,1,6,6,0,0,0,0,0,0,0,410,410,0,0,10,10,0,400,400,0,0.000000,0,51888,0.000000,0,0,0,0,418,16,0,8,410,26544,636,0,0,0,0,418,0,0,0,0,232,9400
986,W3,1,1,6,6,0,0,0,0,0,0,0,410,410,395,0,10,10,9,400,400,386,96.341463,12640,52528,24.063357,20,20,30,30,418,19,0,8,410,26544,762,0,0,0,0,418,0,0,0,0,208,9400
987,W3,1,1,6,6,0,0,0,0,0,0,0,410,410,0,0,10,10,0,400,400,0,0.000000,0,52272,0.000000,0,0,0,0,418,17,0,8,410,26544,682,0,0,0,0,418,0,0,0,0,197,9400
988,W3,1,1,6,6,0,0,0,0,0,0,0,410,410,0,0,10,10,0,400,400,0,0.000000,0,52336,0.000000,0,0,0,0,418,17,0,8,410,26544,678,0,0,0,0,418,0,0,0,0,208,9400
989,W3,1,1,6,6,0,0,0,0,0,0,0,410,410,381,0,10,10,9,400,400,372,92.926829,12192,51440,23.701400,20,20,30,30,418,17,0,8,410,26544,686,0,0,0,0,418,0,0,0,0,210,9400
990,W3,1,1,6,6,0,0,0,0,0,0,0,410,410,0,0,10,10,0,400,400,0,0.000000,0,52080,0.000000,0,0,0,0,418,17,0,8,410,26544,682,0,0,0,0,418,0,0,0,0,231,9400
991,W3,1,1,6,6,0,0,0,0,0,0,0,410,410,0,0,10,10,0,400,400,0,0.000000,0,52144,0.000000,0,0,0,0,418,18,0,8,410,26544,720,0,0,0,0,418,0,0,0,0,212,9400
992,W3,1,1,6,6,0,0,0,0,0,0,0,410,410,0,0,10,10,0,400,400,0,0.000000,0,51760,0.000000,0,0,0,0,418,17,0,8,410,26544,682,0,0,0,0,418,0,0,0,0,210,9400
993,W3,1,1,6,6,0,0,0,0,0,0,0,410,410,0,0,10,10,0,400,400,0,0.000000,0,52400,0.000000,0,0,0,0,418,18,0,8,410,26544,724,0,0,0,0,418,0,0,0,0,236,9400
994,W3,1,1,6,6,0,0,0,0,0,0,0,410,410,386,0,10,10,8,400,400,378,94.146341,12352,52208,23.659209,20,20,30,30,418,18,0,8,410,26544,720,0,0,0,0,418,0,0,0,0,236,9400
995,W3,1,1,6,6,0,0,0,0,0,0,0,410,410,0,0,10,10,0,400,400,0,0.000000,0,52208,0.000000,0,0,0,0,418,10,0,8,410,26544,388,0,0,0,0,418,0,0,0,0,227,9400
996,W3,1,1,6,6,0,0,0,0,0,0,0,410,410,396,0,10,10,10,400,400,386,96.585366,12672,52144,24.301933,20,20,30,30,418,11,0,8,410,26544,426,0,0,0,0,418,0,0,0,0,204,9400
997,W3,1,1,6,6,0,0,0,0,0,0,0,410,410,0,0,10,10,0,400,400,0,0.000000,0,51888,0.000000,0,0,0,0,418,11,0,8,410,26544,426,0,0,0,0,418,0,0,0,0,208,9400
998,W3,1,1,5,5,1,0,0,0,4,0,0,410,410,0,0,10,10,0,400,400,0,0.000000,0,1354,0.000000,0,0,0,0,18,12,0,18,0,724,468,0,0,0,0,18,0,10,0,0,244,9400
999,W3,1,1,6,6,0,0,0,0,0,0,0,410,410,0,0,10,10,0,400,400,0,0.000000,0,52208,0.000000,0,0,0,0,418,16,0,8,410,26544,636,0,0,0,0,418,0,0,0,0,217,9400
1000,W3,1,1,5,5,0,0,0,0,0,0,0,410,410,0,0,10,10,0,400,400,0,0.000000,0,52400,0.000000,0,0,0,0,418,14,0,8,410,26544,560,0,0,0,0,418,0,0,0,0,216,9400
1001,W3,1,1,6,6,0,0,0,0,0,0,0,410,410,0,0,10,10,0,400,400,0,0.000000,0,51952,0.000000,0,0,0,0,418,15,0,8,410,26544,598,0,0,0,0,418,0,0,0,0,226,9400
1002,W3,1,1,6,6,0,0,0,0,0,0,0,410,410,391,0,10,10,10,400,400,381,95.365854,12512,52272,23.936333,20,20,30,30,418,15,0,8,410,26544,598,0,0,0,0,418,0,0,0,0,222,9400
1003,W3,1,1,5,5,1,0,0,0,4,0,0,410,410,0,0,10,10,0,400,400,0,0.000000,0,1354,0.000000,0,0,0,0,18,10,0,18,0,724,388,0,0,0,0,18,0,10,0,0,266,9400
1004,W3,1,1,5,5,0,0,0,0,0,0,0,410,410,0,0,10,10,0,400,400,0,0.000000,0,52080,0.000000,0,0,0,0,418,17,0,8,410,26544,682,0,0,0,0,418,0,0,0,0,214,9400
1005,W3,1,1,5,5,0,0,0,0,0,0,0,410,410,0,0,10,10,0,400,400,0,0.000000,0,52144,0.000000,0,0,0,0,418,16,0,8,410,26544,636,0,0,0,0,418,0,0,0,0,230,9400
1006,W3,1,1,5,5,0,0,0,0,0,0,0,410,410,394,0,10,10,10,400,400,384,96.097561,12608,52464,24.031717,20,20,30,30,418,18,0,8,410,26544,720,0,0,0,0,418,0,0,0,0,218,9400
1007,W3,1,1,5,5,0,0,0,0,0,0,0,410,410,0,0,10,10,0,400,400,0,0.000000,0,52080,0.000000,0,0,0,0,418,17,0,8,410,26544,678,0,0,0,0,418,0,0,0,0,207,9400
1008,W3,1,1,5,5,0,0,0,0,0,0,0,410,410,0,0,10,10,0,400,400,0,0.000000,0,52272,0.000000,0,0,0,0,418,17,0,8,410,26544,678,0,0,0,0,418,0,0,0,0,210,9400
1009,W3,1,1,5,5,0,0,0,0,0,0,0,410,410,389,0,10,10,9,400,400,380,94.878049,12448,52272,23.813897,20,20,30,30,418,17,0,8,410,26544,678,0,0,0,0,418,0,0,0,0,216,9400
1010,W3,1,1,5,5,0,0,0,0,0,0,0,410,410,385,0,10,10,9,400,400,376,93.902439,12320,52144,23.626879,20,20,30,30,418,15,0,8,410,26544,598,0,0,0,0,418,0,0,0,0,247,9400
1011,W3,1,1,5,5,0,0,0,0,0,0,0,410,410,387,0,10,10,10,400,400,377,94.390244,12384,51952,23.837388,20,20,30,30,418,16,0,8,410,26544,636,0,0,0,0,418,0,0,0,0,211,9400
1012,W3,1,1,5,5,0,0,0,0,0,0,0,410,410,0,0,10,10,0,400,400,0,0.000000,0,52042,0.000000,0,0,0,0,417,15,0,7,410,26506,598,0,0,0,0,417,0,0,0,0,221,9400
1013,W3,1,1,5,5,0,0,0,0,0,0,0,410,410,0,0,10,10,0,400,400,0,0.000000,0,52144,0.000000,0,0,0,0,418,16,0,8,410,26544,640,0,0,0,0,418,0,0,0,0,211,9400
1014,W3,1,1,5,5,0,0,0,0,0,0,0,410,410,0,0,10,10,0,400,400,0,0.000000,0,52080,0.000000,0,0,0,0,418,18,0,8,410,26544,720,0,0,0,0,418,0,0,0,0,215,9400
1015,W3,1,1,5,5,0,0,0,0,0,0,0,410,410,388,0,10,10,10,400,400,378,94.634146,12416,51978,23.887029,20,20,30,30,417,16,0,7,410,26506,648,0,0,0,0,417,0,0,0,0,226,9400
1016,W3,1,1,5,5,0,0,0,0,0,0,0,410,410,387,0,10,10,9,400,400,378,94.390244,12384,52272,23.691460,20,20,30,30,418,18,0,8,410,26544,724,0,0,0,0,418,0,0,0,0,216,9400
1017,W3,1,1,5,5,0,0,0,0,0,0,0,410,410,0,0,10,10,0,400,400,0,0.000000,0,52144,0.000000,0,0,0,0,418,18,0,8,410,26544,720,0,0,0,0,418,0,0,0,0,207,9400
1018,W3,1,1,6,6,0,0,0,0,0,0,0,410,410,0,0,10,10,0,400,400,0,0.000000,0,51952,0.000000,0,0,0,0,418,18,0,8,410,26544,724,0,0,0,0,418,0,0,0,0,269,9400
1019,W3,1,1,6,6,0,0,0,0,0,0,0,410,410,0,0,10,10,0,400,400,0,0.000000,0,52016,0.000000,0,0,0,0,418,19,0,8,410,26544,762,0,0,0,0,418,0,0,0,0,211,9400
1020,W3,1,1,6,6,0,0,0,0,0,0,0,410,410,0,0,10,10,0,400,400,0,0.000000,0,52400,0.000000,0,0,0,0,418,19,0,8,410,26544,758,0,0,0,0,418,0,0,0,0,209,9400
1021,W3,1,1,6,6,0,0,0,0,0,0,0,410,410,380,0,10,10,7,400,400,373,92.682927,12160,51696,23.522129,20,20,30,30,418,19,0,8,410,26544,762,0,0,0,0,418,0,0,0,0,218,9400
1022,W3,1,1,7,7,0,0,0,0,0,0,0,410,410,388,0,10,10,9,400,400,379,94.634146,12416,52336,23.723632,20,20,30,30,418,18,0,8,410,26544,724,0,0,0,0,418,0,0,0,0,221,9400
1023,W3,1,1,7,7,0,0,0,0,0,0,0,410,410,0,0,10,10,0,400,400,0,0.000000,0,52080,0.000000,0,0,0,0,418,18,0,8,410,26544,720,0,0,0,0,418,0,0,0,0,239,9400
1024,W3,1,1,6,6,0,0,0,0,0,0,0,410,410,384,0,10,10,9,400,400,375,93.658537,12288,52336,23.479058,20,20,30,30,418,19,0,8,410,26544,762,0,0,0,0,418,0,0,0,0,213,9400
