node_id,wire_profile,degree,admitted,routes_current,routes_hwm,discoveries_hwm,candidates_hwm,q0_hwm,q1_hwm,pending_q1_hwm,paths_hwm,flows_hwm,app_generated,app_accepted,origin_delivered,duplicate_deliveries,q0_generated,q0_accepted,q0_delivered,q1_generated,q1_accepted,q1_delivered,delivery_pct,payload_delivered_bytes,origin_wire_bytes,wire_efficiency_pct,latency_p50_ms,latency_p95_ms,latency_p99_ms,latency_max_ms,frames_tx,frames_rx,forwarded_frames_tx,control_frames_tx,business_frames_tx,wire_bytes_tx,wire_bytes_rx,no_space,no_route,link_down,other_rejected,core_tx_sent,core_rx_delivered,route_requests_sent,route_errors_sent,control_budget_dropped,host_work_us,node_storage_bytes
1,W1,3,3,8,8,0,0,0,0,0,0,0,410,410,0,0,10,10,0,400,400,0,0.000000,0,45746,0.000000,0,0,0,0,848,1305,409,42,806,45632,70297,0,0,0,0,848,388,0,0,0,2577,9400
2,W1,4,4,8,8,1,0,0,0,4,0,0,410,370,0,0,10,10,0,400,360,0,0.000000,0,4030,0.000000,0,0,0,0,894,3045,822,93,801,46930,165661,40,0,0,0,894,394,9,0,40,3829,9400
3,W1,4,4,8,8,0,0,0,0,0,0,0,410,410,0,0,10,10,0,400,400,0,0.000000,0,45570,0.000000,0,0,0,0,467,1334,21,57,410,24285,71334,0,0,0,0,467,385,0,0,0,1500,9400
4,W1,4,4,8,8,1,0,0,0,4,0,0,410,370,0,0,10,10,0,400,360,0,0.000000,0,4559,0.000000,0,0,0,0,483,2180,412,88,395,24439,118296,40,0,0,0,483,393,9,0,40,2544,9400
5,W1,4,4,8,8,1,0,0,0,4,0,0,410,370,0,0,10,10,0,400,360,0,0.000000,0,4525,0.000000,0,0,0,0,497,1817,427,97,400,24983,97729,40,0,0,0,497,394,9,0,40,2188,9400
6,W1,4,4,8,8,1,0,0,0,4,0,0,410,370,0,0,10,10,0,400,360,0,0.000000,0,5613,0.000000,0,0,0,0,497,2624,431,97,400,24955,142290,40,0,0,0,497,785,9,0,40,2600,9400
7,W1,4,4,8,8,0,0,0,0,0,0,0,410,410,388,0,10,10,10,400,400,378,94.634146,12416,45677,27.182170,20,20,30,30,1260,3082,816,49,1211,68096,167696,0,0,0,0,1260,396,0,0,0,3388,9400
8,W1,4,4,8,8,1,0,0,0,4,0,0,410,370,0,0,10,10,0,400,360,0,0.000000,0,3991,0.000000,0,0,0,0,484,951,412,89,395,24468,50295,40,0,0,0,484,0,9,0,40,1424,9400
9,W1,4,4,8,8,1,0,0,0,4,0,0,410,370,0,0,10,10,0,400,360,0,0.000000,0,7765,0.000000,0,0,0,0,889,3442,818,89,800,46719,187874,40,0,0,0,889,775,9,0,40,3377,9400
10,W1,4,4,8,8,1,0,0,0,4,0,0,410,370,0,0,10,10,0,400,360,0,0.000000,0,3629,0.000000,0,0,0,0,90,523,19,90,0,2768,26475,40,0,0,0,90,0,9,0,40,716,9400
11,W1,4,4,8,8,0,0,0,0,0,0,0,410,410,0,0,10,10,0,400,400,0,0.000000,0,45330,0.000000,0,0,0,0,469,2209,26,59,410,24349,119091,0,0,0,0,469,782,0,0,0,2114,9400
12,W1,4,4,8,8,1,0,0,0,4,0,0,410,370,0,0,10,10,0,400,360,0,0.000000,0,4652,0.000000,0,0,0,0,1276,2199,1205,77,1199,68302,119113,40,0,0,0,1276,387,9,0,40,3012,9400
13,W1,4,4,8,8,1,0,0,0,4,0,0,410,370,0,0,10,10,0,400,360,0,0.000000,0,4712,0.000000,0,0,0,0,503,3424,436,102,401,25171,186506,40,0,0,0,503,1558,9,0,40,3245,9400
14,W1,4,4,8,8,1,0,0,0,4,0,0,410,370,0,0,10,10,0,400,360,0,0.000000,0,4555,0.000000,0,0,0,0,509,4299,441,107,402,25363,234739,40,0,0,0,509,784,9,0,40,3547,9400
15,W1,4,4,8,8,0,0,0,0,0,0,0,410,410,0,0,10,10,0,400,400,0,0.000000,0,45478,0.000000,0,0,0,0,867,3872,425,53,814,46349,211198,0,0,0,0,867,1173,0,0,0,3477,9400
16,W1,4,4,8,8,1,0,0,0,4,0,0,410,370,0,0,10,10,0,400,360,0,0.000000,0,4741,0.000000,0,0,0,0,109,3862,41,109,0,3331,210508,40,0,0,0,109,1566,9,0,40,3139,9400
17,W1,4,4,8,8,0,0,0,0,0,0,0,410,410,394,0,10,10,8,400,400,386,96.097561,12608,45449,27.740984,20,20,30,30,876,4331,435,67,809,46510,236383,0,0,0,0,876,780,0,0,0,3574,9400
18,W1,4,4,8,8,1,0,0,0,4,0,0,410,370,0,0,10,10,0,400,360,0,0.000000,0,5363,0.000000,0,0,0,0,1279,4727,1212,79,1200,68387,258575,40,0,0,0,1279,1184,9,0,40,4744,9400
19,W1,4,4,8,8,1,0,0,0,4,0,0,410,370,0,0,10,10,0,400,360,0,0.000000,0,5055,0.000000,0,0,0,0,499,4247,433,102,397,24937,232005,40,0,0,0,499,1171,9,0,40,3699,9400
20,W1,4,4,8,8,1,0,0,0,4,0,0,410,370,0,0,10,10,0,400,360,0,0.000000,0,5950,0.000000,0,0,0,0,876,4660,808,80,796,46196,255182,40,0,0,0,876,1165,9,0,40,4179,9400
21,W1,4,4,8,8,0,0,0,0,0,0,0,410,410,0,0,10,10,0,400,400,0,0.000000,0,45339,0.000000,0,0,0,0,1267,4301,826,54,1213,68343,235259,0,0,0,0,1267,774,0,0,0,3904,9400
22,W1,4,4,8,8,0,0,0,0,0,0,0,410,410,0,0,10,10,0,400,400,0,0.000000,0,45643,0.000000,0,0,0,0,880,4285,438,67,813,46744,234115,0,0,0,0,880,778,0,0,0,3644,9400
23,W1,4,4,8,8,0,0,0,0,0,0,0,410,410,0,0,10,10,0,400,400,0,0.000000,0,45203,0.000000,0,0,0,0,486,3863,44,76,410,24858,210499,0,0,0,0,486,780,0,0,0,3068,9400
24,W1,4,4,8,8,1,0,0,0,4,0,0,410,370,0,0,10,10,0,400,360,0,0.000000,0,4378,0.000000,0,0,0,0,509,2632,438,104,405,25459,142668,40,0,0,0,509,395,9,0,40,2551,9400
25,W1,4,4,8,8,1,0,0,0,4,0,0,410,370,0,0,10,10,0,400,360,0,0.000000,0,4075,0.000000,0,0,0,0,110,2627,40,110,0,3370,142237,40,0,0,0,110,0,9,0,40,2064,9400
26,W1,4,4,8,8,1,0,0,0,4,0,0,410,370,0,0,10,10,0,400,360,0,0.000000,0,5299,0.000000,0,0,0,0,883,4679,815,92,791,46317,255915,40,0,0,0,883,1159,9,0,40,4269,9400
27,W1,4,4,8,8,0,0,0,0,0,0,0,410,410,0,0,10,10,0,400,400,0,0.000000,0,45533,0.000000,0,0,0,0,870,4269,428,62,808,46298,233151,0,0,0,0,870,1168,0,0,0,3755,9400
28,W1,4,4,8,8,0,0,0,0,0,0,0,410,410,385,0,10,10,9,400,400,376,93.902439,12320,45423,27.122823,20,20,30,30,1654,5121,1212,44,1610,89850,280409,0,0,0,0,1654,786,0,0,0,4783,9400
29,W1,4,4,8,8,1,0,0,0,4,0,0,410,370,0,0,10,10,0,400,360,0,0.000000,0,4557,0.000000,0,0,0,0,113,3864,46,113,0,3449,210628,40,0,0,0,113,1164,9,0,40,3122,9400
30,W1,4,4,8,8,1,0,0,0,4,0,0,410,370,0,0,10,10,0,400,360,0,0.000000,0,5671,0.000000,0,0,0,0,504,4306,436,99,405,25288,235158,40,0,0,0,504,1568,9,0,40,3595,9400
31,W1,4,4,8,8,1,0,0,0,4,0,0,410,370,0,0,10,10,0,400,360,0,0.000000,0,4433,0.000000,0,0,0,0,111,3861,44,111,0,3395,210481,40,0,0,0,111,1165,9,0,40,3026,9400
32,W1,4,4,8,8,1,0,0,0,4,0,0,410,370,0,0,10,10,0,400,360,0,0.000000,0,5113,0.000000,0,0,0,0,878,4670,810,85,793,46202,255626,40,0,0,0,878,1155,9,0,40,4094,9400
33,W1,4,4,8,8,1,0,0,0,4,0,0,410,370,0,0,10,10,0,400,360,0,0.000000,0,6229,0.000000,0,0,0,0,1266,5105,1198,71,1195,67862,279741,40,0,0,0,1266,1165,9,0,40,4774,9400
34,W1,4,4,8,8,1,0,0,0,4,0,0,410,370,0,0,10,10,0,400,360,0,0.000000,0,4433,0.000000,0,0,0,0,100,3832,33,100,0,3038,209036,40,0,0,0,100,1556,9,0,40,3081,9400
35,W1,4,4,8,8,0,0,0,0,0,0,0,410,410,0,0,10,10,0,400,400,0,0.000000,0,45368,0.000000,0,0,0,0,884,4295,442,76,808,46748,234691,0,0,0,0,884,794,0,0,0,3561,9400
36,W1,4,4,8,8,0,0,0,0,0,0,0,410,410,0,0,10,10,0,400,400,0,0.000000,0,45478,0.000000,0,0,0,0,492,3869,50,82,410,25044,210997,0,0,0,0,492,787,0,0,0,2902,9400
37,W1,4,4,8,8,0,0,0,0,0,0,0,410,410,393,0,10,10,10,400,400,383,95.853659,12576,45533,27.619529,20,20,30,30,882,4303,440,74,808,46670,235035,0,0,0,0,882,775,0,0,0,3527,9400
38,W1,4,4,8,8,1,0,0,0,4,0,0,410,370,0,0,10,10,0,400,360,0,0.000000,0,4433,0.000000,0,0,0,0,500,4257,433,100,400,25038,232349,40,0,0,0,500,1561,9,0,40,3593,9400
39,W1,4,4,8,8,0,0,0,0,0,0,0,410,410,0,0,10,10,0,400,400,0,0.000000,0,45533,0.000000,0,0,0,0,1648,5178,1206,47,1601,89448,283502,0,0,0,0,1648,1182,0,0,0,4827,9400
40,W1,4,4,8,8,1,0,0,0,4,0,0,410,370,0,0,10,10,0,400,360,0,0.000000,0,4032,0.000000,0,0,0,0,1273,5135,1207,75,1198,68155,281183,40,0,0,0,1273,1570,9,0,40,4711,9400
41,W1,4,4,8,8,1,0,0,0,4,0,0,410,370,0,0,10,10,0,400,360,0,0.000000,0,4555,0.000000,0,0,0,0,1286,5182,1218,77,1209,68818,283622,40,0,0,0,1286,1178,9,0,40,4736,9400
42,W1,4,4,8,8,1,0,0,0,4,0,0,410,370,0,0,10,10,0,400,360,0,0.000000,0,4183,0.000000,0,0,0,0,1269,4662,1201,77,1192,67883,255124,40,0,0,0,1269,1161,9,0,40,4509,9400
43,W1,4,4,8,8,0,0,0,0,0,0,0,410,410,394,0,10,10,10,400,400,384,96.097561,12608,45588,27.656401,20,20,30,30,1648,5154,1206,41,1607,89592,281984,0,0,0,0,1648,1164,0,0,0,4950,9400
44,W1,4,4,8,8,0,0,0,0,0,0,0,410,410,0,0,10,10,0,400,400,0,0.000000,0,45669,0.000000,0,0,0,0,1260,4665,819,49,1211,68062,255309,0,0,0,0,1260,1164,0,0,0,4087,9400
45,W1,4,4,8,8,1,0,0,0,4,0,0,410,370,0,0,10,10,0,400,360,0,0.000000,0,3968,0.000000,0,0,0,0,1272,5134,1205,67,1205,68290,281366,40,0,0,0,1272,1163,9,0,40,4859,9400
46,W1,4,4,8,8,1,0,0,0,4,0,0,410,370,0,0,10,10,0,400,360,0,0.000000,0,3875,0.000000,0,0,0,0,1271,5114,1204,67,1204,68235,280218,40,0,0,0,1271,1562,9,0,40,4826,9400
47,W1,4,4,8,8,1,0,0,0,4,0,0,410,370,0,0,10,10,0,400,360,0,0.000000,0,4712,0.000000,0,0,0,0,1284,5131,1217,79,1205,68662,280841,40,0,0,0,1284,1551,9,0,40,4770,9400
48,W1,4,4,8,8,1,0,0,0,4,0,0,410,370,0,0,10,10,0,400,360,0,0.000000,0,4125,0.000000,0,0,0,0,1279,5142,1213,78,1201,68413,281508,40,0,0,0,1279,1174,9,0,40,4718,9400
49,W1,4,4,8,8,1,0,0,0,4,0,0,410,370,0,0,10,10,0,400,360,0,0.000000,0,4183,0.000000,0,0,0,0,1282,5153,1214,80,1202,68526,281963,40,0,0,0,1282,1159,9,0,40,4670,9400
50,W1,4,4,8,8,0,0,0,0,0,0,0,410,410,0,0,10,10,0,400,400,0,0.000000,0,45423,0.000000,0,0,0,0,1646,5134,1204,38,1608,89554,281174,0,0,0,0,1646,1171,0,0,0,4752,9400
51,W1,4,4,8,8,1,0,0,0,4,0,0,410,370,0,0,10,10,0,400,360,0,0.000000,0,4927,0.000000,0,0,0,0,1272,5162,1204,68,1204,68264,282812,40,0,0,0,1272,1576,9,0,40,4829,9400
52,W1,4,4,8,8,1,0,0,0,4,0,0,410,370,0,0,10,10,0,400,360,0,0.000000,0,4090,0.000000,0,0,0,0,1279,5129,1211,77,1202,68433,281019,40,0,0,0,1279,1164,9,0,40,4829,9400
53,W1,4,4,8,8,0,0,0,0,0,0,0,410,410,395,0,10,10,9,400,400,386,96.341463,12640,45643,27.693184,20,20,30,30,1266,4741,824,59,1207,68150,259397,0,0,0,0,1266,785,0,0,0,4150,9400
54,W1,4,4,8,8,0,0,0,0,0,0,0,410,410,0,0,10,10,0,400,400,0,0.000000,0,45093,0.000000,0,0,0,0,1660,5108,1218,50,1610,90036,279770,0,0,0,0,1660,777,0,0,0,4587,9400
55,W1,4,4,8,8,0,0,0,0,0,0,0,410,410,0,0,10,10,0,400,400,0,0.000000,0,45669,0.000000,0,0,0,0,1656,5125,1215,46,1610,89914,280603,0,0,0,0,1656,794,0,0,0,4627,9400
56,W1,4,4,8,8,1,0,0,0,4,0,0,410,370,0,0,10,10,0,400,360,0,0.000000,0,3997,0.000000,0,0,0,0,1279,5183,1211,77,1202,68433,283747,40,0,0,0,1279,1556,9,0,40,4900,9400
57,W1,4,4,8,8,0,0,0,0,0,0,0,410,410,390,0,10,10,10,400,400,380,95.121951,12480,45313,27.541765,20,20,30,30,1647,5118,1205,41,1606,89537,280058,0,0,0,0,1647,1162,0,0,0,4654,9400
58,W1,4,4,8,8,1,0,0,0,4,0,0,410,370,0,0,10,10,0,400,360,0,0.000000,0,4183,0.000000,0,0,0,0,1271,5194,1203,77,1194,67993,284406,40,0,0,0,1271,1173,9,0,40,4613,9400
59,W1,4,4,8,8,0,0,0,0,0,0,0,410,410,0,0,10,10,0,400,400,0,0.000000,0,45145,0.000000,0,0,0,0,1643,5147,1203,39,1604,89369,281967,0,0,0,0,1643,1165,0,0,0,4556,9400
60,W1,4,4,8,8,0,0,0,0,0,0,0,410,410,0,0,10,10,0,400,400,0,0.000000,0,45533,0.000000,0,0,0,0,1653,4722,1211,44,1609,89795,258472,0,0,0,0,1653,775,0,0,0,4530,9400
61,W1,4,4,8,8,1,0,0,0,4,0,0,410,370,0,0,10,10,0,400,360,0,0.000000,0,4183,0.000000,0,0,0,0,1275,5082,1207,80,1195,68141,278460,40,0,0,0,1275,1171,9,0,40,4723,9400
62,W1,4,4,8,8,0,0,0,0,0,0,0,410,410,396,0,10,10,8,400,400,388,96.585366,12672,45588,27.796789,20,20,30,30,1635,4995,1193,32,1603,89093,273675,0,0,0,0,1635,773,0,0,0,4667,9400
63,W1,4,4,8,8,1,0,0,0,4,0,0,410,370,0,0,10,10,0,400,360,0,0.000000,0,4433,0.000000,0,0,0,0,1277,5158,1210,67,1210,68565,282764,40,0,0,0,1277,1557,9,0,40,4856,9400
64,W1,4,4,8,8,0,0,0,0,0,0,0,410,410,0,0,10,10,0,400,400,0,0.000000,0,45533,0.000000,0,0,0,0,1251,4709,809,41,1210,67757,257673,0,0,0,0,1251,1187,0,0,0,4059,9400
65,W1,4,4,8,8,1,0,0,0,4,0,0,410,370,0,0,10,10,0,400,360,0,0.000000,0,4741,0.000000,0,0,0,0,1276,5113,1208,68,1208,68484,280155,40,0,0,0,1276,1159,9,0,40,4771,9400
66,W1,4,4,8,8,0,0,0,0,0,0,0,410,410,0,0,10,10,0,400,400,0,0.000000,0,45614,0.000000,0,0,0,0,1654,5132,1213,40,1614,89948,281216,0,0,0,0,1654,781,0,0,0,4706,9400
67,W1,4,4,8,8,1,0,0,0,4,0,0,410,370,0,0,10,10,0,400,360,0,0.000000,0,4741,0.000000,0,0,0,0,1281,5160,1213,77,1204,68543,282648,40,0,0,0,1281,788,9,0,40,4781,9400
68,W1,4,4,8,8,1,0,0,0,4,0,0,410,370,0,0,10,10,0,400,360,0,0.000000,0,3968,0.000000,0,0,0,0,1268,5128,1201,67,1201,68070,280816,40,0,0,0,1268,1547,9,0,40,4855,9400
69,W1,4,4,8,8,1,0,0,0,4,0,0,410,370,0,0,10,10,0,400,360,0,0.000000,0,4276,0.000000,0,0,0,0,1270,5102,1202,68,1202,68154,279436,40,0,0,0,1270,1565,9,0,40,4921,9400
70,W1,4,4,8,8,1,0,0,0,4,0,0,410,370,0,0,10,10,0,400,360,0,0.000000,0,4183,0.000000,0,0,0,0,1275,5108,1207,68,1207,68429,279756,40,0,0,0,1275,1181,9,0,40,4762,9400
71,W1,4,4,8,8,1,0,0,0,4,0,0,410,370,0,0,10,10,0,400,360,0,0.000000,0,4462,0.000000,0,0,0,0,1284,5129,1216,77,1207,68708,280805,40,0,0,0,1284,1559,9,0,40,4811,9400
72,W1,4,4,8,8,1,0,0,0,4,0,0,410,370,0,0,10,10,0,400,360,0,0.000000,0,3997,0.000000,0,0,0,0,507,4098,439,106,401,25293,223588,40,0,0,0,507,783,9,0,40,3544,9400
73,W1,4,4,8,8,0,0,0,0,0,0,0,410,410,0,0,10,10,0,400,400,0,0.000000,0,45753,0.000000,0,0,0,0,877,4325,435,65,812,46611,236083,0,0,0,0,877,779,0,0,0,3576,9400
74,W1,4,4,8,8,1,0,0,0,4,0,0,410,370,0,0,10,10,0,400,360,0,0.000000,0,4526,0.000000,0,0,0,0,1283,5169,1216,73,1210,68751,283059,40,0,0,0,1283,1564,9,0,40,4855,9400
75,W1,4,4,8,8,1,0,0,0,4,0,0,410,370,0,0,10,10,0,400,360,0,0.000000,0,3718,0.000000,0,0,0,0,104,3849,36,104,0,3160,209603,40,0,0,0,104,1167,9,0,40,2956,9400
76,W1,4,4,8,8,1,0,0,0,4,0,0,410,370,0,0,10,10,0,400,360,0,0.000000,0,4648,0.000000,0,0,0,0,1279,5146,1211,74,1205,68505,281598,40,0,0,0,1279,1957,9,0,40,4873,9400
77,W1,4,4,8,8,1,0,0,0,4,0,0,410,370,0,0,10,10,0,400,360,0,0.000000,0,4090,0.000000,0,0,0,0,1271,5121,1203,77,1194,67993,280411,40,0,0,0,1271,1166,9,0,40,4737,9400
78,W1,4,4,8,8,0,0,0,0,0,0,0,410,410,0,0,10,10,0,400,400,0,0.000000,0,45148,0.000000,0,0,0,0,1644,4692,1202,44,1600,89300,256624,0,0,0,0,1644,1164,0,0,0,4602,9400
79,W1,4,4,8,8,0,0,0,0,0,0,0,410,410,389,0,10,10,8,400,400,381,94.878049,12448,45255,27.506353,20,20,30,30,1656,5118,1216,42,1614,90012,280250,0,0,0,0,1656,1153,0,0,0,4704,9400
80,W1,4,4,8,8,1,0,0,0,4,0,0,410,370,0,0,10,10,0,400,360,0,0.000000,0,3997,0.000000,0,0,0,0,1278,5165,1210,77,1201,68378,283049,40,0,0,0,1278,1168,9,0,40,4711,9400
81,W1,4,4,8,8,1,0,0,0,4,0,0,410,370,0,0,10,10,0,400,360,0,0.000000,0,6479,0.000000,0,0,0,0,1269,5145,1202,67,1202,68125,282051,40,0,0,0,1269,1167,9,0,40,4753,9400
82,W1,4,4,8,8,0,0,0,0,0,0,0,410,410,0,0,10,10,0,400,400,0,0.000000,0,45368,0.000000,0,0,0,0,1651,4313,1209,47,1604,89613,235925,0,0,0,0,1651,791,0,0,0,4190,9400
83,W1,4,4,8,8,0,0,0,0,0,0,0,410,410,0,0,10,10,0,400,400,0,0.000000,0,45449,0.000000,0,0,0,0,1646,5066,1205,40,1606,89508,277676,0,0,0,0,1646,1161,0,0,0,4646,9400
84,W1,4,4,8,8,0,0,0,0,0,0,0,410,410,386,0,10,10,9,400,400,377,94.146341,12352,45368,27.226239,20,20,30,30,1665,5111,1223,41,1624,90527,280203,0,0,0,0,1665,1185,0,0,0,4832,9400
85,W1,4,4,8,8,0,0,0,0,0,0,0,410,410,0,0,10,10,0,400,400,0,0.000000,0,45559,0.000000,0,0,0,0,1651,4335,1210,40,1611,89783,237181,0,0,0,0,1651,1166,0,0,0,4401,9400
86,W1,4,4,8,8,1,0,0,0,4,0,0,410,370,0,0,10,10,0,400,360,0,0.000000,0,3844,0.000000,0,0,0,0,1264,5110,1197,76,1188,67634,279564,40,0,0,0,1264,1163,9,0,40,4749,9400
87,W1,4,4,8,8,1,0,0,0,4,0,0,410,370,0,0,10,10,0,400,360,0,0.000000,0,4247,0.000000,0,0,0,0,1276,4811,1209,79,1197,68222,263395,40,0,0,0,1276,492,9,0,40,4394,9400
88,W1,4,4,8,8,1,0,0,0,4,0,0,410,370,0,0,10,10,0,400,360,0,0.000000,0,4369,0.000000,0,0,0,0,1278,5176,1210,74,1204,68450,283172,40,0,0,0,1278,1558,9,0,40,4777,9400
89,W1,4,4,8,8,0,0,0,0,0,0,0,410,410,0,0,10,10,0,400,400,0,0.000000,0,45753,0.000000,0,0,0,0,1665,5183,1223,47,1618,90383,283777,0,0,0,0,1665,783,0,0,0,4631,9400
90,W1,4,4,8,8,1,0,0,0,4,0,0,410,370,0,0,10,10,0,400,360,0,0.000000,0,4183,0.000000,0,0,0,0,1278,5168,1210,77,1201,68378,283034,40,0,0,0,1278,1179,9,0,40,4684,9400
91,W1,4,4,8,8,1,0,0,0,4,0,0,410,370,0,0,10,10,0,400,360,0,0.000000,0,4183,0.000000,0,0,0,0,1270,5131,1202,77,1193,67938,280985,40,0,0,0,1270,1557,9,0,40,4820,9400
92,W1,4,4,8,8,1,0,0,0,4,0,0,410,370,0,0,10,10,0,400,360,0,0.000000,0,4276,0.000000,0,0,0,0,1278,5107,1210,80,1198,68306,279505,40,0,0,0,1278,1165,9,0,40,4715,9400
93,W1,4,4,8,8,1,0,0,0,4,0,0,410,370,0,0,10,10,0,400,360,0,0.000000,0,4183,0.000000,0,0,0,0,1281,5176,1213,80,1201,68471,283250,40,0,0,0,1281,1175,9,0,40,4760,9400
94,W1,4,4,8,8,1,0,0,0,4,0,0,410,370,0,0,10,10,0,400,360,0,0.000000,0,4462,0.000000,0,0,0,0,1279,5107,1211,77,1202,68433,279493,40,0,0,0,1279,1175,9,0,40,4874,9400
95,W1,4,4,8,8,0,0,0,0,0,0,0,410,410,387,0,10,10,9,400,400,378,94.390244,12384,45203,27.396412,20,20,30,30,1650,4526,1208,47,1603,89558,247640,0,0,0,0,1650,578,0,0,0,4264,9400
96,W1,4,4,8,8,1,0,0,0,4,0,0,410,370,0,0,10,10,0,400,360,0,0.000000,0,6074,0.000000,0,0,0,0,1276,5140,1208,80,1196,68196,281546,40,0,0,0,1276,1178,9,0,40,4856,9400
97,W1,4,4,8,8,0,0,0,0,0,0,0,410,410,0,0,10,10,0,400,400,0,0.000000,0,45368,0.000000,0,0,0,0,1653,5130,1211,47,1606,89723,280930,0,0,0,0,1653,776,0,0,0,4774,9400
98,W1,4,4,8,8,0,0,0,0,0,0,0,410,410,395,0,10,10,10,400,400,385,96.341463,12640,45643,27.693184,20,20,30,30,1657,5130,1215,44,1613,90015,280976,0,0,0,0,1657,1179,0,0,0,4791,9400
99,W1,4,4,8,8,0,0,0,0,0,0,0,410,410,0,0,10,10,0,400,400,0,0.000000,0,45394,0.000000,0,0,0,0,1654,5144,1213,40,1614,89948,281824,0,0,0,0,1654,1175,0,0,0,4848,9400
100,W1,4,4,8,8,0,0,0,0,0,0,0,410,410,0,0,10,10,0,400,400,0,0.000000,0,45093,0.000000,0,0,0,0,1653,4705,1211,44,1609,89795,257557,0,0,0,0,1653,780,0,0,0,4488,9400
101,W1,4,4,8,8,1,0,0,0,4,0,0,410,370,0,0,10,10,0,400,360,0,0.000000,0,4090,0.000000,0,0,0,0,1274,5142,1206,80,1194,68086,281466,40,0,0,0,1274,1176,9,0,40,4770,9400
102,W1,4,4,8,8,1,0,0,0,4,0,0,410,370,0,0,10,10,0,400,360,0,0.000000,0,4898,0.000000,0,0,0,0,1274,5153,1207,82,1192,68040,282125,40,0,0,0,1274,1177,9,0,40,4810,9400
103,W1,4,4,8,8,1,0,0,0,4,0,0,410,370,0,0,10,10,0,400,360,0,0.000000,0,4555,0.000000,0,0,0,0,1271,5115,1203,80,1191,67921,280139,40,0,0,0,1271,1161,9,0,40,4681,9400
104,W1,4,4,8,8,1,0,0,0,4,0,0,410,370,0,0,10,10,0,400,360,0,0.000000,0,4340,0.000000,0,0,0,0,1280,5138,1213,73,1207,68586,281414,40,0,0,0,1280,1166,9,0,40,4765,9400
105,W1,4,4,8,8,1,0,0,0,4,0,0,410,370,0,0,10,10,0,400,360,0,0.000000,0,4927,0.000000,0,0,0,0,1269,5140,1201,68,1201,68099,281572,40,0,0,0,1269,1164,9,0,40,4658,9400
106,W1,4,4,8,8,0,0,0,0,0,0,0,410,410,387,0,10,10,10,400,400,377,94.390244,12384,45339,27.314233,20,20,30,30,1647,5115,1206,34,1613,89707,280107,0,0,0,0,1647,1165,0,0,0,4660,9400
107,W1,4,4,8,8,1,0,0,0,4,0,0,410,370,0,0,10,10,0,400,360,0,0.000000,0,4154,0.000000,0,0,0,0,1274,5121,1207,73,1201,68256,280541,40,0,0,0,1274,1174,9,0,40,4991,9400
108,W1,4,4,8,8,1,0,0,0,4,0,0,410,370,0,0,10,10,0,400,360,0,0.000000,0,5857,0.000000,0,0,0,0,1262,5146,1194,68,1194,67714,281842,40,0,0,0,1262,1571,9,0,40,4914,9400
109,W1,4,4,8,8,1,0,0,0,4,0,0,410,370,0,0,10,10,0,400,360,0,0.000000,0,4090,0.000000,0,0,0,0,1269,5120,1201,80,1189,67811,280504,40,0,0,0,1269,782,9,0,40,4598,9400
110,W1,4,4,8,8,1,0,0,0,4,0,0,410,370,0,0,10,10,0,400,360,0,0.000000,0,4340,0.000000,0,0,0,0,1274,5102,1207,73,1201,68256,279590,40,0,0,0,1274,1162,9,0,40,4739,9400
111,W1,4,4,8,8,0,0,0,0,0,0,0,410,410,0,0,10,10,0,400,400,0,0.000000,0,45368,0.000000,0,0,0,0,1645,4271,1203,44,1601,89355,233547,0,0,0,0,1645,787,0,0,0,4073,9400
112,W1,4,4,8,8,1,0,0,0,4,0,0,410,370,0,0,10,10,0,400,360,0,0.000000,0,5299,0.000000,0,0,0,0,1266,5142,1198,68,1198,67934,281660,40,0,0,0,1266,1555,9,0,40,4710,9400
113,W1,4,4,8,8,1,0,0,0,4,0,0,410,370,0,0,10,10,0,400,360,0,0.000000,0,4462,0.000000,0,0,0,0,1271,5109,1203,77,1194,67993,279777,40,0,0,0,1271,1155,9,0,40,4832,9400
114,W1,4,4,8,8,1,0,0,0,4,0,0,410,370,0,0,10,10,0,400,360,0,0.000000,0,3160,0.000000,0,0,0,0,1288,2623,1220,83,1205,68784,142997,40,0,0,0,1288,772,9,0,40,3153,9400
115,W1,4,4,7,7,0,0,0,0,0,0,0,410,410,0,0,10,10,0,400,400,0,0.000000,0,45478,0.000000,0,0,0,0,1664,1352,1222,59,1605,90040,73020,0,0,0,0,1664,0,0,0,0,2283,9400
116,W1,4,4,8,8,0,0,0,0,0,0,0,410,410,392,0,10,10,10,400,400,382,95.609756,12544,45533,27.549250,20,20,30,30,1665,1336,1223,47,1618,90383,72374,0,0,0,0,1665,0,0,0,0,2247,9400
117,W1,4,4,8,8,0,0,0,0,0,0,0,410,410,0,0,10,10,0,400,400,0,0.000000,0,44980,0.000000,0,0,0,0,1661,1346,1221,42,1619,90287,73154,0,0,0,0,1661,0,0,0,0,2278,9400
118,W1,4,4,8,8,0,0,0,0,0,0,0,410,410,386,0,10,10,10,400,400,376,94.146341,12352,45368,27.226239,20,20,30,30,1655,1344,1213,47,1608,89833,72916,0,0,0,0,1655,0,0,0,0,2311,9400
119,W1,4,4,6,6,0,0,0,0,0,0,0,410,410,388,0,10,10,10,400,400,378,94.634146,12416,45368,27.367307,20,20,30,30,1661,1330,1219,59,1602,89875,71982,0,0,0,0,1661,0,0,0,0,2286,9400
120,W1,4,4,6,6,0,0,0,0,0,0,0,410,410,392,0,10,10,10,400,400,382,95.609756,12544,45200,27.752212,20,20,30,30,1666,1356,1226,57,1609,90202,73586,0,0,0,0,1666,0,0,0,0,2301,9400
121,W1,4,4,7,7,0,0,0,0,0,0,0,410,410,0,0,10,10,0,400,400,0,0.000000,0,45698,0.000000,0,0,0,0,1670,1362,1228,59,1611,90370,73684,0,0,0,0,1670,0,0,0,0,2205,9400
122,W1,4,4,8,8,0,0,0,0,0,0,0,410,410,394,0,10,10,10,400,400,384,96.097561,12608,45533,27.689807,20,20,30,30,1683,1348,1241,59,1624,91085,73020,0,0,0,0,1683,0,0,0,0,2272,9400
123,W1,4,4,8,8,0,0,0,0,0,0,0,410,410,0,0,10,10,0,400,400,0,0.000000,0,45614,0.000000,0,0,0,0,1669,1340,1228,58,1611,90341,72658,0,0,0,0,1669,0,0,0,0,2364,9400
124,W1,4,4,7,7,0,0,0,0,0,0,0,410,410,0,0,10,10,0,400,400,0,0.000000,0,45753,0.000000,0,0,0,0,1654,1319,1212,59,1595,89490,71297,0,0,0,0,1654,0,0,0,0,2225,9400
125,W1,4,4,8,8,0,0,0,0,0,0,0,410,410,390,0,10,10,9,400,400,381,95.121951,12480,45475,27.443650,20,20,30,30,1667,1348,1227,57,1610,90257,73046,0,0,0,0,1667,0,0,0,0,2287,9400
126,W1,4,4,8,8,0,0,0,0,0,0,0,410,410,0,0,10,10,0,400,400,0,0.000000,0,45145,0.000000,0,0,0,0,1252,908,812,54,1198,67504,48584,0,0,0,0,1252,0,0,0,0,1818,9400
127,W1,4,4,8,8,0,0,0,0,0,0,0,410,410,0,0,10,10,0,400,400,0,0.000000,0,45258,0.000000,0,0,0,0,1658,1332,1216,59,1599,89710,72064,0,0,0,0,1658,0,0,0,0,2267,9400
128,W1,4,4,7,7,0,0,0,0,0,0,0,410,410,0,0,10,10,0,400,400,0,0.000000,0,45313,0.000000,0,0,0,0,1642,1315,1200,41,1601,89262,71317,0,0,0,0,1642,0,0,0,0,2378,9400
129,W1,4,4,8,8,0,0,0,0,0,0,0,410,410,0,0,10,10,0,400,400,0,0.000000,0,45284,0.000000,0,0,0,0,1648,1318,1207,40,1608,89618,71586,0,0,0,0,1648,0,0,0,0,2251,9400
130,W1,4,4,8,8,0,0,0,0,0,0,0,410,410,0,0,10,10,0,400,400,0,0.000000,0,45643,0.000000,0,0,0,0,1648,1323,1206,41,1607,89592,71809,0,0,0,0,1648,0,0,0,0,2321,9400
131,W1,4,4,7,7,1,0,0,0,4,0,0,410,370,0,0,10,10,0,400,360,0,0.000000,0,3038,0.000000,0,0,0,0,1266,1329,1199,73,1193,67816,72163,40,0,0,0,1266,0,9,0,40,2271,9400
132,W1,4,4,8,8,0,0,0,0,0,0,0,410,410,388,0,10,10,9,400,400,379,94.634146,12416,45423,27.334170,20,20,30,30,1659,1345,1217,50,1609,89981,72921,0,0,0,0,1659,0,0,0,0,2353,9400
133,W1,4,4,8,8,0,0,0,0,0,0,0,410,410,0,0,10,10,0,400,400,0,0.000000,0,45588,0.000000,0,0,0,0,1644,1337,1202,47,1597,89228,72479,0,0,0,0,1644,0,0,0,0,2223,9400
134,W1,4,4,8,8,0,0,0,0,0,0,0,410,410,0,0,10,10,0,400,400,0,0.000000,0,45533,0.000000,0,0,0,0,1663,1335,1221,53,1610,90129,72353,0,0,0,0,1663,0,0,0,0,2336,9400
135,W1,4,4,8,8,0,0,0,0,0,0,0,410,410,0,0,10,10,0,400,400,0,0.000000,0,45643,0.000000,0,0,0,0,1648,1331,1206,47,1601,89448,72081,0,0,0,0,1648,0,0,0,0,2251,9400
136,W1,4,4,8,8,0,0,0,0,0,0,0,410,410,0,0,10,10,0,400,400,0,0.000000,0,45533,0.000000,0,0,0,0,1663,1346,1221,50,1613,90201,72906,0,0,0,0,1663,0,0,0,0,2359,9400
137,W1,4,4,7,7,0,0,0,0,0,0,0,410,410,395,0,10,10,10,400,400,385,96.341463,12640,45750,27.628415,20,20,30,30,1658,1345,1218,48,1610,89978,72925,0,0,0,0,1658,0,0,0,0,2366,9400
138,W1,4,4,7,7,0,0,0,0,0,0,0,410,410,0,0,10,10,0,400,400,0,0.000000,0,45368,0.000000,0,0,0,0,1669,1329,1227,53,1616,90459,72073,0,0,0,0,1669,0,0,0,0,2391,9400
139,W1,4,4,7,7,0,0,0,0,0,0,0,410,410,390,0,10,10,10,400,400,380,95.121951,12480,45478,27.441840,20,20,30,30,1667,1341,1225,53,1614,90349,72731,0,0,0,0,1667,0,0,0,0,2380,9400
140,W1,4,4,8,8,0,0,0,0,0,0,0,410,410,0,0,10,10,0,400,400,0,0.000000,0,45423,0.000000,0,0,0,0,1673,1350,1231,59,1614,90535,72924,0,0,0,0,1673,0,0,0,0,2337,9400
141,W1,4,4,7,7,0,0,0,0,0,0,0,410,410,392,0,10,10,9,400,400,383,95.609756,12544,45588,27.516013,20,20,30,30,1674,1349,1232,59,1615,90590,72951,0,0,0,0,1674,0,0,0,0,2326,9400
142,W1,4,4,7,7,0,0,0,0,0,0,0,410,410,0,0,10,10,0,400,400,0,0.000000,0,45669,0.000000,0,0,0,0,1665,1342,1224,58,1607,90121,72614,0,0,0,0,1665,0,0,0,0,2375,9400
143,W1,4,4,7,7,0,0,0,0,0,0,0,410,410,0,0,10,10,0,400,400,0,0.000000,0,45533,0.000000,0,0,0,0,1677,1362,1235,59,1618,90755,73714,0,0,0,0,1677,0,0,0,0,2360,9400
144,W1,4,4,7,7,0,0,0,0,0,0,0,410,410,0,0,10,10,0,400,400,0,0.000000,0,45533,0.000000,0,0,0,0,1675,1334,1233,59,1616,90645,72204,0,0,0,0,1675,0,0,0,0,2340,9400
145,W1,4,4,8,8,0,0,0,0,0,0,0,410,410,0,0,10,10,0,400,400,0,0.000000,0,45423,0.000000,0,0,0,0,1667,1347,1225,59,1608,90205,72865,0,0,0,0,1667,0,0,0,0,2286,9400
146,W1,4,4,8,8,0,0,0,0,0,0,0,410,410,391,0,10,10,9,400,400,382,95.365854,12512,45475,27.514019,20,20,30,30,1667,1336,1227,57,1610,90257,72336,0,0,0,0,1667,0,0,0,0,2405,9400
147,W1,4,4,7,7,0,0,0,0,0,0,0,410,410,394,0,10,10,9,400,400,385,96.097561,12608,45530,27.691632,20,20,30,30,1659,1342,1219,51,1608,89961,72692,0,0,0,0,1659,0,0,0,0,2282,9400
148,W1,4,4,8,8,0,0,0,0,0,0,0,410,410,389,0,10,10,10,400,400,379,94.878049,12448,45394,27.422126,20,20,30,30,1669,1334,1228,58,1611,90341,72152,0,0,0,0,1669,0,0,0,0,2360,9400
149,W1,4,4,8,8,0,0,0,0,0,0,0,410,410,0,0,10,10,0,400,400,0,0.000000,0,45394,0.000000,0,0,0,0,1642,1328,1201,37,1605,89360,72108,0,0,0,0,1642,0,0,0,0,2255,9400
150,W1,4,4,8,8,0,0,0,0,0,0,0,410,410,0,0,10,10,0,400,400,0,0.000000,0,45339,0.000000,0,0,0,0,1646,1314,1205,37,1609,89580,71442,0,0,0,0,1646,0,0,0,0,2218,9400
151,W1,4,4,8,8,0,0,0,0,0,0,0,410,410,0,0,10,10,0,400,400,0,0.000000,0,45533,0.000000,0,0,0,0,1644,1327,1202,38,1606,89444,72079,0,0,0,0,1644,0,0,0,0,2302,9400
152,W1,4,4,7,7,0,0,0,0,0,0,0,410,410,393,0,10,10,10,400,400,383,95.853659,12576,45533,27.619529,20,20,30,30,1667,1340,1225,53,1614,90349,72652,0,0,0,0,1667,0,0,0,0,2325,9400
153,W1,4,4,7,7,0,0,0,0,0,0,0,410,410,0,0,10,10,0,400,400,0,0.000000,0,45643,0.000000,0,0,0,0,1658,1332,1216,44,1614,90070,72264,0,0,0,0,1658,0,0,0,0,2262,9400
154,W1,4,4,7,7,0,0,0,0,0,0,0,410,410,0,0,10,10,0,400,400,0,0.000000,0,45449,0.000000,0,0,0,0,1656,1359,1215,43,1613,89986,73621,0,0,0,0,1656,0,0,0,0,2346,9400
155,W1,4,4,8,8,0,0,0,0,0,0,0,410,410,0,0,10,10,0,400,400,0,0.000000,0,45339,0.000000,0,0,0,0,1666,1328,1225,58,1608,90176,71946,0,0,0,0,1666,0,0,0,0,2363,9400
156,W1,4,4,8,8,0,0,0,0,0,0,0,410,410,0,0,10,10,0,400,400,0,0.000000,0,45643,0.000000,0,0,0,0,1670,1353,1228,59,1611,90370,73271,0,0,0,0,1670,0,0,0,0,2245,9400
157,W1,4,4,8,8,0,0,0,0,0,0,0,410,410,387,0,10,10,9,400,400,378,94.390244,12384,45533,27.197856,20,20,30,30,1668,1333,1226,59,1609,90260,72141,0,0,0,0,1668,0,0,0,0,2286,9400
158,W1,4,4,8,8,0,0,0,0,0,0,0,410,410,0,0,10,10,0,400,400,0,0.000000,0,45423,0.000000,0,0,0,0,1654,1326,1212,47,1607,89778,71908,0,0,0,0,1654,0,0,0,0,2250,9400
159,W1,4,4,8,8,1,0,0,0,4,0,0,410,370,0,0,10,10,0,400,360,0,0.000000,0,2788,0.000000,0,0,0,0,1269,1326,1201,74,1195,67955,71928,40,0,0,0,1269,0,9,0,40,2306,9400
160,W1,4,4,8,8,0,0,0,0,0,0,0,410,410,0,0,10,10,0,400,400,0,0.000000,0,45368,0.000000,0,0,0,0,1660,1343,1218,47,1613,90108,72741,0,0,0,0,1660,0,0,0,0,2320,9400
161,W1,4,4,8,8,0,0,0,0,0,0,0,410,410,390,0,10,10,10,400,400,380,95.121951,12480,45449,27.459350,20,20,30,30,1645,1328,1204,40,1605,89453,72012,0,0,0,0,1645,0,0,0,0,2287,9400
162,W1,4,4,8,8,0,0,0,0,0,0,0,410,410,398,0,10,10,10,400,400,388,97.073171,12736,45698,27.869929,20,20,30,30,1653,1326,1211,41,1612,89867,71878,0,0,0,0,1653,0,0,0,0,2372,9400
163,W1,4,4,8,8,0,0,0,0,0,0,0,410,410,0,0,10,10,0,400,400,0,0.000000,0,45258,0.000000,0,0,0,0,1654,1325,1212,50,1604,89706,71875,0,0,0,0,1654,0,0,0,0,2224,9400
164,W1,4,4,8,8,0,0,0,0,0,0,0,410,410,0,0,10,10,0,400,400,0,0.000000,0,45449,0.000000,0,0,0,0,1649,1327,1208,40,1609,89673,72035,0,0,0,0,1649,0,0,0,0,2264,9400
165,W1,4,4,8,8,0,0,0,0,0,0,0,410,410,0,0,10,10,0,400,400,0,0.000000,0,45313,0.000000,0,0,0,0,1662,1338,1220,47,1615,90218,72510,0,0,0,0,1662,0,0,0,0,2230,9400
166,W1,4,4,8,8,0,0,0,0,0,0,0,410,410,396,0,10,10,10,400,400,386,96.585366,12672,45643,27.763293,20,20,30,30,1651,1336,1209,41,1610,89757,72450,0,0,0,0,1651,0,0,0,0,2280,9400
167,W1,4,4,7,7,0,0,0,0,0,0,0,410,410,395,0,10,10,10,400,400,385,96.341463,12640,45533,27.760086,20,20,30,30,1671,1335,1229,59,1612,90425,72231,0,0,0,0,1671,0,0,0,0,2316,9400
168,W1,4,4,7,7,0,0,0,0,0,0,0,410,410,0,0,10,10,0,400,400,0,0.000000,0,45559,0.000000,0,0,0,0,1666,1346,1225,52,1614,90320,72888,0,0,0,0,1666,0,0,0,0,2313,9400
169,W1,4,4,7,7,0,0,0,0,0,0,0,410,410,0,0,10,10,0,400,400,0,0.000000,0,45423,0.000000,0,0,0,0,1660,1337,1218,56,1604,89892,72335,0,0,0,0,1660,0,0,0,0,2290,9400
170,W1,4,4,8,8,0,0,0,0,0,0,0,410,410,0,0,10,10,0,400,400,0,0.000000,0,45258,0.000000,0,0,0,0,1648,1313,1206,41,1607,89592,71337,0,0,0,0,1648,0,0,0,0,2198,9400
171,W1,4,4,8,8,0,0,0,0,0,0,0,410,410,0,0,10,10,0,400,400,0,0.000000,0,45559,0.000000,0,0,0,0,1632,1314,1191,37,1595,88810,71390,0,0,0,0,1632,0,0,0,0,2241,9400
172,W1,4,4,8,8,0,0,0,0,0,0,0,410,410,384,0,10,10,9,400,400,375,93.658537,12288,45368,27.085170,20,20,30,30,1649,1338,1207,41,1608,89647,72608,0,0,0,0,1649,0,0,0,0,2287,9400
173,W1,4,4,8,8,0,0,0,0,0,0,0,410,410,0,0,10,10,0,400,400,0,0.000000,0,45449,0.000000,0,0,0,0,1681,1367,1240,58,1623,91001,73989,0,0,0,0,1681,0,0,0,0,2299,9400
174,W1,4,4,8,8,0,0,0,0,0,0,0,410,410,0,0,10,10,0,400,400,0,0.000000,0,45203,0.000000,0,0,0,0,1673,1355,1231,59,1614,90535,73303,0,0,0,0,1673,0,0,0,0,2344,9400
175,W1,4,4,8,8,0,0,0,0,0,0,0,410,410,392,0,10,10,9,400,400,383,95.609756,12544,45423,27.615965,20,20,30,30,1667,1345,1225,59,1608,90205,72751,0,0,0,0,1667,0,0,0,0,2347,9400
176,W1,4,4,7,7,0,0,0,0,0,0,0,410,410,390,0,10,10,10,400,400,380,95.121951,12480,45423,27.475068,20,20,30,30,1652,1355,1210,41,1611,89812,73545,0,0,0,0,1652,0,0,0,0,2264,9400
177,W1,4,4,8,8,0,0,0,0,0,0,0,410,410,0,0,10,10,0,400,400,0,0.000000,0,45368,0.000000,0,0,0,0,1649,1342,1207,41,1608,89647,72880,0,0,0,0,1649,0,0,0,0,2258,9400
178,W1,4,4,8,8,0,0,0,0,0,0,0,410,410,387,0,10,10,10,400,400,377,94.390244,12384,45284,27.347407,20,20,30,30,1658,1334,1217,40,1618,90168,72416,0,0,0,0,1658,0,0,0,0,2366,9400
179,W1,4,4,8,8,0,0,0,0,0,0,0,410,410,388,0,10,10,10,400,400,378,94.634146,12416,45643,27.202419,20,20,30,30,1652,1334,1210,44,1608,89740,72418,0,0,0,0,1652,0,0,0,0,2321,9400
180,W1,4,4,8,8,0,0,0,0,0,0,0,410,410,0,0,10,10,0,400,400,0,0.000000,0,45368,0.000000,0,0,0,0,1661,1335,1219,44,1617,90235,72393,0,0,0,0,1661,0,0,0,0,2313,9400
181,W1,4,4,8,8,0,0,0,0,0,0,0,410,410,0,0,10,10,0,400,400,0,0.000000,0,45339,0.000000,0,0,0,0,1267,915,826,58,1209,68231,49107,0,0,0,0,1267,0,0,0,0,1679,9400
182,W1,4,4,8,8,0,0,0,0,0,0,0,410,410,0,0,10,10,0,400,400,0,0.000000,0,45368,0.000000,0,0,0,0,1677,1356,1235,59,1618,90755,73384,0,0,0,0,1677,0,0,0,0,2348,9400
183,W1,4,4,8,8,0,0,0,0,0,0,0,410,410,0,0,10,10,0,400,400,0,0.000000,0,45533,0.000000,0,0,0,0,1674,1349,1232,59,1615,90590,72999,0,0,0,0,1674,0,0,0,0,2341,9400
184,W1,4,4,7,7,0,0,0,0,0,0,0,410,410,0,0,10,10,0,400,400,0,0.000000,0,45258,0.000000,0,0,0,0,1659,1326,1217,59,1600,89765,71608,0,0,0,0,1659,0,0,0,0,2287,9400
185,W1,4,3,7,8,0,0,0,0,0,0,0,410,410,0,0,10,10,0,400,400,0,0.000000,0,45136,0.000000,0,0,0,0,1528,1210,1094,24,1504,83416,65926,0,0,0,0,1528,0,0,0,0,2067,9400
186,W1,4,4,8,8,0,0,0,0,0,0,0,410,410,383,0,10,10,10,400,400,373,93.414634,12256,45148,27.146274,20,20,30,30,1634,1322,1192,32,1602,89038,71748,0,0,0,0,1634,0,0,0,0,2383,9400
187,W1,4,4,8,8,0,0,0,0,0,0,0,410,410,0,0,10,10,0,400,400,0,0.000000,0,45504,0.000000,0,0,0,0,1625,1312,1184,31,1594,88569,71354,0,0,0,0,1625,0,0,0,0,2297,9400
188,W1,4,4,7,7,0,0,0,0,0,0,0,410,410,391,0,10,10,10,400,400,381,95.365854,12512,45614,27.430175,20,20,30,30,1662,1342,1221,52,1610,90100,72760,0,0,0,0,1662,0,0,0,0,2294,9400
189,W1,4,4,7,7,0,0,0,0,0,0,0,410,410,0,0,10,10,0,400,400,0,0.000000,0,45533,0.000000,0,0,0,0,1661,1354,1219,53,1608,90019,73268,0,0,0,0,1661,0,0,0,0,2251,9400
190,W1,4,4,5,5,0,0,0,0,0,0,0,410,410,0,0,10,10,0,400,400,0,0.000000,0,45808,0.000000,0,0,0,0,1664,1347,1222,56,1608,90112,72965,0,0,0,0,1664,0,0,0,0,2326,9400
191,W1,4,4,7,7,1,0,0,0,4,0,0,410,370,0,0,10,10,0,400,360,0,0.000000,0,2788,0.000000,0,0,0,0,1266,1327,1198,68,1198,67934,72101,40,0,0,0,1266,0,9,0,40,2354,9400
192,W1,4,4,7,7,0,0,0,0,0,0,0,410,410,0,0,10,10,0,400,400,0,0.000000,0,45643,0.000000,0,0,0,0,1645,1338,1203,38,1607,89499,72658,0,0,0,0,1645,0,0,0,0,2215,9400
193,W1,4,4,8,8,0,0,0,0,0,0,0,410,410,0,0,10,10,0,400,400,0,0.000000,0,45284,0.000000,0,0,0,0,1656,1336,1215,40,1616,90058,72602,0,0,0,0,1656,0,0,0,0,2203,9400
194,W1,4,4,8,8,0,0,0,0,0,0,0,410,410,0,0,10,10,0,400,400,0,0.000000,0,45753,0.000000,0,0,0,0,1654,1345,1212,44,1610,89850,72875,0,0,0,0,1654,0,0,0,0,2261,9400
195,W1,4,4,8,8,0,0,0,0,0,0,0,410,410,0,0,10,10,0,400,400,0,0.000000,0,45533,0.000000,0,0,0,0,1663,1333,1221,53,1610,90129,72191,0,0,0,0,1663,0,0,0,0,2332,9400
196,W1,4,4,8,8,0,0,0,0,0,0,0,410,410,0,0,10,10,0,400,400,0,0.000000,0,45559,0.000000,0,0,0,0,1663,1344,1222,55,1608,90083,72770,0,0,0,0,1663,0,0,0,0,2332,9400
197,W1,4,4,8,8,0,0,0,0,0,0,0,410,410,0,0,10,10,0,400,400,0,0.000000,0,45614,0.000000,0,0,0,0,1649,1332,1208,40,1609,89673,72382,0,0,0,0,1649,0,0,0,0,2318,9400
198,W1,4,4,8,8,0,0,0,0,0,0,0,410,410,386,0,10,10,9,400,400,377,94.146341,12352,45339,27.243653,20,20,30,30,1629,1324,1188,31,1598,88789,71838,0,0,0,0,1629,0,0,0,0,2282,9400
199,W1,4,4,8,8,0,0,0,0,0,0,0,410,410,0,0,10,10,0,400,400,0,0.000000,0,45614,0.000000,0,0,0,0,1648,1339,1207,40,1608,89618,72715,0,0,0,0,1648,0,0,0,0,2292,9400
200,W1,4,4,8,8,0,0,0,0,0,0,0,410,410,0,0,10,10,0,400,400,0,0.000000,0,45504,0.000000,0,0,0,0,1654,1355,1213,49,1605,89732,73309,0,0,0,0,1654,0,0,0,0,2211,9400
201,W1,4,4,8,8,0,0,0,0,0,0,0,410,410,0,0,10,10,0,400,400,0,0.000000,0,45394,0.000000,0,0,0,0,1659,1345,1218,49,1610,90007,72805,0,0,0,0,1659,0,0,0,0,2245,9400
202,W1,4,4,8,8,0,0,0,0,0,0,0,410,410,392,0,10,10,10,400,400,382,95.609756,12544,45640,27.484663,20,20,30,30,1655,1330,1215,51,1604,89741,72058,0,0,0,0,1655,0,0,0,0,2257,9400
203,W1,4,4,7,7,0,0,0,0,0,0,0,410,410,0,0,10,10,0,400,400,0,0.000000,0,45559,0.000000,0,0,0,0,1644,1323,1203,46,1598,89254,71715,0,0,0,0,1644,0,0,0,0,2225,9400
204,W1,4,4,7,7,0,0,0,0,0,0,0,410,410,0,0,10,10,0,400,400,0,0.000000,0,45423,0.000000,0,0,0,0,1654,1319,1212,50,1604,89706,71339,0,0,0,0,1654,0,0,0,0,2320,9400
205,W1,4,4,7,7,0,0,0,0,0,0,0,410,410,390,0,10,10,10,400,400,380,95.121951,12480,45449,27.459350,20,20,30,30,1650,1330,1209,52,1598,89440,71972,0,0,0,0,1650,0,0,0,0,2217,9400
206,W1,4,4,7,7,0,0,0,0,0,0,0,410,410,0,0,10,10,0,400,400,0,0.000000,0,45504,0.000000,0,0,0,0,1670,1339,1229,52,1618,90540,72521,0,0,0,0,1670,0,0,0,0,2276,9400
207,W1,4,4,7,7,0,0,0,0,0,0,0,410,410,0,0,10,10,0,400,400,0,0.000000,0,45394,0.000000,0,0,0,0,1653,1323,1212,49,1604,89677,71639,0,0,0,0,1653,0,0,0,0,2375,9400
208,W1,4,4,7,7,0,0,0,0,0,0,0,410,410,0,0,10,10,0,400,400,0,0.000000,0,45588,0.000000,0,0,0,0,1666,1335,1224,53,1613,90294,72273,0,0,0,0,1666,0,0,0,0,2399,9400
209,W1,4,4,8,8,0,0,0,0,0,0,0,410,410,0,0,10,10,0,400,400,0,0.000000,0,45559,0.000000,0,0,0,0,1646,1312,1205,52,1594,89220,71136,0,0,0,0,1646,0,0,0,0,2332,9400
210,W1,4,4,8,8,0,0,0,0,0,0,0,410,410,0,0,10,10,0,400,400,0,0.000000,0,45478,0.000000,0,0,0,0,1661,1345,1219,53,1608,90019,72901,0,0,0,0,1661,0,0,0,0,2248,9400
211,W1,4,4,8,8,0,0,0,0,0,0,0,410,410,390,0,10,10,10,400,400,380,95.121951,12480,45753,27.276900,20,20,30,30,1659,1341,1217,50,1609,89981,72731,0,0,0,0,1659,0,0,0,0,2328,9400
212,W1,4,4,6,6,0,0,0,0,0,0,0,410,410,395,0,10,10,10,400,400,385,96.341463,12640,45698,27.659854,20,20,30,30,1667,1338,1225,59,1608,90205,72394,0,0,0,0,1667,0,0,0,0,2333,9400
213,W1,4,4,7,7,0,0,0,0,0,0,0,410,410,0,0,10,10,0,400,400,0,0.000000,0,45423,0.000000,0,0,0,0,1660,1339,1218,59,1601,89820,72423,0,0,0,0,1660,0,0,0,0,2267,9400
214,W1,4,4,7,7,0,0,0,0,0,0,0,410,410,0,0,10,10,0,400,400,0,0.000000,0,45698,0.000000,0,0,0,0,1676,1347,1234,59,1617,90700,72765,0,0,0,0,1676,0,0,0,0,2261,9400
215,W1,4,4,8,8,1,0,0,0,4,0,0,410,370,0,0,10,10,0,400,360,0,0.000000,0,2544,0.000000,0,0,0,0,1296,1347,1230,90,1206,69060,72881,40,0,0,0,1296,0,9,0,40,2377,9400
216,W1,4,4,8,8,0,0,0,0,0,0,0,410,410,0,0,10,10,0,400,400,0,0.000000,0,45504,0.000000,0,0,0,0,1659,1349,1218,55,1604,89863,72813,0,0,0,0,1659,0,0,0,0,2218,9400
217,W1,4,4,8,8,1,0,0,0,4,0,0,410,370,0,0,10,10,0,400,360,0,0.000000,0,2509,0.000000,0,0,0,0,1082,1142,1014,86,996,57382,61310,40,0,0,0,1082,0,9,0,40,2006,9400
218,W1,4,4,8,8,1,0,0,0,4,0,0,410,370,0,0,10,10,0,400,360,0,0.000000,0,2509,0.000000,0,0,0,0,1273,1329,1205,80,1193,68031,71971,40,0,0,0,1273,0,9,0,40,2358,9400
219,W1,4,4,8,8,1,0,0,0,4,0,0,410,370,0,0,10,10,0,400,360,0,0.000000,0,2759,0.000000,0,0,0,0,1280,1337,1213,79,1201,68442,72435,40,0,0,0,1280,0,9,0,40,2347,9400
220,W1,4,4,8,8,0,0,0,0,0,0,0,410,410,0,0,10,10,0,400,400,0,0.000000,0,45588,0.000000,0,0,0,0,1663,1348,1221,47,1616,90273,73016,0,0,0,0,1663,0,0,0,0,2255,9400
221,W1,4,4,7,7,0,0,0,0,0,0,0,410,410,0,0,10,10,0,400,400,0,0.000000,0,45698,0.000000,0,0,0,0,1670,1330,1228,59,1611,90370,72030,0,0,0,0,1670,0,0,0,0,2263,9400
222,W1,4,4,6,6,0,0,0,0,0,0,0,410,410,0,0,10,10,0,400,400,0,0.000000,0,45559,0.000000,0,0,0,0,1668,1332,1227,58,1610,90286,72140,0,0,0,0,1668,0,0,0,0,2311,9400
223,W1,4,4,7,7,0,0,0,0,0,0,0,410,410,0,0,10,10,0,400,400,0,0.000000,0,45698,0.000000,0,0,0,0,1666,1339,1224,56,1610,90222,72527,0,0,0,0,1666,0,0,0,0,2276,9400
224,W1,4,4,8,8,1,0,0,0,4,0,0,410,370,0,0,10,10,0,400,360,0,0.000000,0,2480,0.000000,0,0,0,0,1289,1342,1222,94,1195,68577,72572,40,0,0,0,1289,0,9,0,40,2425,9400
225,W1,4,4,8,8,1,0,0,0,4,0,0,410,370,0,0,10,10,0,400,360,0,0.000000,0,2509,0.000000,0,0,0,0,1294,1350,1226,95,1199,68826,72938,40,0,0,0,1294,0,9,0,40,2306,9400
226,W1,4,4,8,8,1,0,0,0,4,0,0,410,370,0,0,10,10,0,400,360,0,0.000000,0,2602,0.000000,0,0,0,0,1290,1344,1222,95,1195,68606,72630,40,0,0,0,1290,0,9,0,40,2302,9400
227,W1,4,4,5,5,0,0,0,0,0,0,0,410,410,0,0,10,10,0,400,400,0,0.000000,0,45808,0.000000,0,0,0,0,1679,1371,1237,59,1620,90865,74231,0,0,0,0,1679,0,0,0,0,2374,9400
228,W1,4,4,7,7,0,0,0,0,0,0,0,410,410,0,0,10,10,0,400,400,0,0.000000,0,45449,0.000000,0,0,0,0,1659,1330,1218,58,1601,89791,72028,0,0,0,0,1659,0,0,0,0,2359,9400
229,W1,4,4,6,6,0,0,0,0,0,0,0,410,410,0,0,10,10,0,400,400,0,0.000000,0,45394,0.000000,0,0,0,0,1676,1340,1235,58,1618,90726,72450,0,0,0,0,1676,0,0,0,0,2313,9400
230,W1,4,4,8,8,0,0,0,0,0,0,0,410,410,0,0,10,10,0,400,400,0,0.000000,0,45533,0.000000,0,0,0,0,1668,1333,1226,59,1609,90260,72147,0,0,0,0,1668,0,0,0,0,2394,9400
231,W1,4,4,8,8,0,0,0,0,0,0,0,410,410,0,0,10,10,0,400,400,0,0.000000,0,45258,0.000000,0,0,0,0,1665,1337,1223,59,1606,90095,72313,0,0,0,0,1665,0,0,0,0,2319,9400
232,W1,4,4,8,8,0,0,0,0,0,0,0,410,410,0,0,10,10,0,400,400,0,0.000000,0,45313,0.000000,0,0,0,0,1668,1328,1226,59,1609,90260,71944,0,0,0,0,1668,0,0,0,0,2308,9400
233,W1,4,4,8,8,0,0,0,0,0,0,0,410,410,382,0,10,10,9,400,400,373,93.170732,12224,45148,27.075396,20,20,30,30,1263,916,821,56,1207,68057,49134,0,0,0,0,1263,0,0,0,0,1722,9400
234,W1,4,4,8,8,0,0,0,0,0,0,0,410,410,0,0,10,10,0,400,400,0,0.000000,0,45559,0.000000,0,0,0,0,1654,1340,1213,40,1614,89948,72796,0,0,0,0,1654,0,0,0,0,2348,9400
235,W1,4,4,8,8,0,0,0,0,0,0,0,410,410,383,0,10,10,10,400,400,373,93.414634,12256,45119,27.163723,20,20,30,30,1652,1347,1211,43,1609,89766,73105,0,0,0,0,1652,0,0,0,0,2305,9400
236,W1,4,4,7,7,0,0,0,0,0,0,0,410,410,394,0,10,10,9,400,400,385,96.097561,12608,45559,27.674005,20,20,30,30,1654,1334,1213,43,1611,89876,72366,0,0,0,0,1654,0,0,0,0,2316,9400
237,W1,4,4,8,8,0,0,0,0,0,0,0,410,410,0,0,10,10,0,400,400,0,0.000000,0,45698,0.000000,0,0,0,0,1647,1333,1205,44,1603,89465,72361,0,0,0,0,1647,0,0,0,0,2241,9400
238,W1,4,4,7,7,0,0,0,0,0,0,0,410,410,0,0,10,10,0,400,400,0,0.000000,0,45368,0.000000,0,0,0,0,1645,1313,1203,44,1601,89355,71287,0,0,0,0,1645,0,0,0,0,2334,9400
239,W1,4,4,8,8,0,0,0,0,0,0,0,410,410,390,0,10,10,10,400,400,380,95.121951,12480,45368,27.508376,20,20,30,30,1665,1344,1223,59,1606,90095,72696,0,0,0,0,1665,0,0,0,0,2312,9400
240,W1,4,4,8,8,0,0,0,0,0,0,0,410,410,389,0,10,10,10,400,400,379,94.878049,12448,45504,27.355837,20,20,30,30,1671,1343,1230,58,1613,90451,72645,0,0,0,0,1671,0,0,0,0,2326,9400
241,W1,4,4,8,8,0,0,0,0,0,0,0,410,410,0,0,10,10,0,400,400,0,0.000000,0,45530,0.000000,0,0,0,0,1669,1342,1229,57,1612,90367,72692,0,0,0,0,1669,0,0,0,0,2346,9400
242,W1,4,4,8,8,0,0,0,0,0,0,0,410,410,389,0,10,10,10,400,400,379,94.878049,12448,45533,27.338414,20,20,30,30,1669,1356,1227,53,1616,90459,73402,0,0,0,0,1669,0,0,0,0,2328,9400
243,W1,4,4,8,8,0,0,0,0,0,0,0,410,410,0,0,10,10,0,400,400,0,0.000000,0,45478,0.000000,0,0,0,0,1670,1349,1228,53,1617,90514,73017,0,0,0,0,1670,0,0,0,0,2537,9400
244,W1,4,4,8,8,0,0,0,0,0,0,0,410,410,0,0,10,10,0,400,400,0,0.000000,0,45504,0.000000,0,0,0,0,1654,1313,1213,49,1605,89732,71113,0,0,0,0,1654,0,0,0,0,2307,9400
245,W1,4,4,8,8,0,0,0,0,0,0,0,410,410,0,0,10,10,0,400,400,0,0.000000,0,45698,0.000000,0,0,0,0,1644,1325,1202,41,1603,89372,71871,0,0,0,0,1644,0,0,0,0,2194,9400
246,W1,4,4,8,8,0,0,0,0,0,0,0,410,410,0,0,10,10,0,400,400,0,0.000000,0,45313,0.000000,0,0,0,0,1652,1334,1210,41,1611,89812,72394,0,0,0,0,1652,0,0,0,0,2312,9400
247,W1,4,4,8,8,0,0,0,0,0,0,0,410,410,0,0,10,10,0,400,400,0,0.000000,0,45064,0.000000,0,0,0,0,877,496,436,61,816,46709,25822,0,0,0,0,877,0,0,0,0,1022,9400
248,W1,4,4,8,8,0,0,0,0,0,0,0,410,410,0,0,10,10,0,400,400,0,0.000000,0,45423,0.000000,0,0,0,0,1647,1342,1205,41,1606,89537,72804,0,0,0,0,1647,0,0,0,0,2270,9400
249,W1,4,4,8,8,0,0,0,0,0,0,0,410,410,0,0,10,10,0,400,400,0,0.000000,0,45478,0.000000,0,0,0,0,1644,1336,1202,41,1603,89372,72524,0,0,0,0,1644,0,0,0,0,2354,9400
250,W1,4,4,7,7,0,0,0,0,0,0,0,410,410,0,0,10,10,0,400,400,0,0.000000,0,45313,0.000000,0,0,0,0,1641,1314,1199,41,1600,89207,71366,0,0,0,0,1641,0,0,0,0,2281,9400
251,W1,4,4,8,8,0,0,0,0,0,0,0,410,410,0,0,10,10,0,400,400,0,0.000000,0,45724,0.000000,0,0,0,0,1656,1324,1215,40,1616,90058,71838,0,0,0,0,1656,0,0,0,0,2260,9400
252,W1,4,4,8,8,0,0,0,0,0,0,0,410,410,0,0,10,10,0,400,400,0,0.000000,0,45779,0.000000,0,0,0,0,1643,1327,1202,40,1603,89343,72029,0,0,0,0,1643,0,0,0,0,2294,9400
253,W1,4,4,8,8,0,0,0,0,0,0,0,410,410,0,0,10,10,0,400,400,0,0.000000,0,45643,0.000000,0,0,0,0,1655,1343,1213,41,1614,89977,72987,0,0,0,0,1655,0,0,0,0,2318,9400
254,W1,4,4,8,8,0,0,0,0,0,0,0,410,410,396,0,10,10,9,400,400,387,96.585366,12672,45643,27.763293,20,20,20,30,879,484,437,71,808,46577,25160,0,0,0,0,879,0,0,0,0,1064,9400
255,W1,4,4,8,8,0,0,0,0,0,0,0,410,410,0,0,10,10,0,400,400,0,0.000000,0,45449,0.000000,0,0,0,0,1638,1329,1197,40,1598,89068,72165,0,0,0,0,1638,0,0,0,0,2359,9400
256,W1,4,4,8,8,0,0,0,0,0,0,0,410,410,390,0,10,10,10,400,400,380,95.121951,12480,45368,27.508376,20,20,30,30,1655,1339,1213,38,1617,90049,72791,0,0,0,0,1655,0,0,0,0,2301,9400
257,W1,4,4,8,8,0,0,0,0,0,0,0,410,410,0,0,10,10,0,400,400,0,0.000000,0,45174,0.000000,0,0,0,0,1671,1351,1230,52,1619,90595,73213,0,0,0,0,1671,0,0,0,0,2358,9400
258,W1,4,4,8,8,0,0,0,0,0,0,0,410,410,0,0,10,10,0,400,400,0,0.000000,0,45449,0.000000,0,0,0,0,1658,1343,1217,58,1600,89736,72695,0,0,0,0,1658,0,0,0,0,2253,9400
259,W1,4,4,8,8,0,0,0,0,0,0,0,410,410,389,0,10,10,10,400,400,379,94.878049,12448,45093,27.605172,20,20,30,30,1663,1329,1221,53,1610,90129,71849,0,0,0,0,1663,0,0,0,0,2260,9400
260,W1,4,4,8,8,0,0,0,0,0,0,0,410,410,385,0,10,10,10,400,400,375,93.902439,12320,45203,27.254828,20,20,30,30,1666,1342,1224,59,1607,90150,72640,0,0,0,0,1666,0,0,0,0,2329,9400
261,W1,4,3,8,8,0,0,0,0,0,0,0,410,410,0,0,10,10,0,400,400,0,0.000000,0,45191,0.000000,0,0,0,0,1345,1008,911,45,1300,72847,54404,0,0,0,0,1345,0,0,0,0,1761,9400
262,W1,4,4,8,8,0,0,0,0,0,0,0,410,410,0,0,10,10,0,400,400,0,0.000000,0,45643,0.000000,0,0,0,0,1656,1328,1214,56,1600,89672,71842,0,0,0,0,1656,0,0,0,0,2277,9400
263,W1,4,4,7,7,0,0,0,0,0,0,0,410,410,0,0,10,10,0,400,400,0,0.000000,0,45643,0.000000,0,0,0,0,1667,1322,1225,59,1608,90205,71562,0,0,0,0,1667,0,0,0,0,2298,9400
264,W1,4,4,7,7,0,0,0,0,0,0,0,410,410,390,0,10,10,10,400,400,380,95.121951,12480,45533,27.408693,20,20,30,30,1673,1347,1231,59,1614,90535,72939,0,0,0,0,1673,0,0,0,0,2251,9400
265,W1,4,4,7,7,0,0,0,0,0,0,0,410,410,0,0,10,10,0,400,400,0,0.000000,0,45478,0.000000,0,0,0,0,1667,1329,1225,59,1608,90205,71975,0,0,0,0,1667,0,0,0,0,2330,9400
266,W1,4,4,8,8,0,0,0,0,0,0,0,410,410,0,0,10,10,0,400,400,0,0.000000,0,45611,0.000000,0,0,0,0,1655,1329,1216,41,1614,89983,72219,0,0,0,0,1655,0,0,0,0,2285,9400
267,W1,4,4,8,8,0,0,0,0,0,0,0,410,410,0,0,10,10,0,400,400,0,0.000000,0,45559,0.000000,0,0,0,0,1655,1350,1214,43,1612,89931,73094,0,0,0,0,1655,0,0,0,0,2186,9400
268,W1,4,4,8,8,0,0,0,0,0,0,0,410,410,395,0,10,10,10,400,400,385,96.341463,12640,45559,27.744244,20,20,30,30,1657,1333,1216,43,1614,90041,72413,0,0,0,0,1657,0,0,0,0,2414,9400
269,W1,4,4,8,8,0,0,0,0,0,0,0,410,410,0,0,10,10,0,400,400,0,0.000000,0,45313,0.000000,0,0,0,0,1679,1350,1237,59,1620,90865,73052,0,0,0,0,1679,0,0,0,0,2335,9400
270,W1,4,4,8,8,0,0,0,0,0,0,0,410,410,0,0,10,10,0,400,400,0,0.000000,0,45504,0.000000,0,0,0,0,1663,1338,1222,58,1605,90011,72418,0,0,0,0,1663,0,0,0,0,2223,9400
271,W1,4,4,8,8,0,0,0,0,0,0,0,410,410,393,0,10,10,10,400,400,383,95.853659,12576,45614,27.570483,20,20,30,30,1672,1334,1231,58,1614,90506,72302,0,0,0,0,1672,0,0,0,0,2247,9400
272,W1,4,4,7,7,0,0,0,0,0,0,0,410,410,384,0,10,10,8,400,400,376,93.658537,12288,45368,27.085170,20,20,30,30,1660,1325,1218,59,1601,89820,71629,0,0,0,0,1660,0,0,0,0,2249,9400
273,W1,4,4,7,7,0,0,0,0,0,0,0,410,410,0,0,10,10,0,400,400,0,0.000000,0,45258,0.000000,0,0,0,0,1669,1345,1227,59,1610,90315,72829,0,0,0,0,1669,0,0,0,0,2288,9400
274,W1,4,4,7,7,0,0,0,0,0,0,0,410,410,396,0,10,10,10,400,400,386,96.585366,12672,45423,27.897761,20,20,30,30,1670,1343,1228,59,1611,90370,72643,0,0,0,0,1670,0,0,0,0,2319,9400
275,W1,4,4,8,8,0,0,0,0,0,0,0,410,410,391,0,10,10,10,400,400,381,95.365854,12512,45394,27.563114,20,20,30,30,1667,1337,1226,58,1609,90231,72341,0,0,0,0,1667,0,0,0,0,2287,9400
276,W1,4,4,7,7,0,0,0,0,0,0,0,410,410,0,0,10,10,0,400,400,0,0.000000,0,45203,0.000000,0,0,0,0,1665,1346,1223,53,1612,90239,72782,0,0,0,0,1665,0,0,0,0,2541,9400
277,W1,4,4,7,7,0,0,0,0,0,0,0,410,410,0,0,10,10,0,400,400,0,0.000000,0,45698,0.000000,0,0,0,0,1676,1356,1234,59,1617,90700,73280,0,0,0,0,1676,0,0,0,0,2243,9400
278,W1,4,4,8,8,0,0,0,0,0,0,0,410,410,385,0,10,10,9,400,400,376,93.902439,12320,45423,27.122823,20,20,30,30,1671,1353,1229,59,1612,90425,73119,0,0,0,0,1671,0,0,0,0,2270,9400
279,W1,4,4,8,8,0,0,0,0,0,0,0,410,410,389,0,10,10,10,400,400,379,94.878049,12448,45669,27.257001,20,20,30,30,1664,1334,1223,58,1606,90066,72124,0,0,0,0,1664,0,0,0,0,2249,9400
280,W1,4,4,7,7,0,0,0,0,0,0,0,410,410,0,0,10,10,0,400,400,0,0.000000,0,45368,0.000000,0,0,0,0,1661,1328,1219,50,1611,90091,71792,0,0,0,0,1661,0,0,0,0,2332,9400
281,W1,4,4,7,7,0,0,0,0,0,0,0,410,410,0,0,10,10,0,400,400,0,0.000000,0,45504,0.000000,0,0,0,0,1671,1355,1230,58,1613,90451,73329,0,0,0,0,1671,0,0,0,0,2256,9400
282,W1,4,4,8,8,0,0,0,0,0,0,0,410,410,0,0,10,10,0,400,400,0,0.000000,0,45588,0.000000,0,0,0,0,1667,1353,1225,59,1608,90205,73141,0,0,0,0,1667,0,0,0,0,2249,9400
283,W1,4,4,8,8,0,0,0,0,0,0,0,410,410,0,0,10,10,0,400,400,0,0.000000,0,45423,0.000000,0,0,0,0,1669,1346,1227,59,1610,90315,72858,0,0,0,0,1669,0,0,0,0,2293,9400
284,W1,4,4,8,8,0,0,0,0,0,0,0,410,410,0,0,10,10,0,400,400,0,0.000000,0,45533,0.000000,0,0,0,0,1663,1332,1221,47,1616,90273,72308,0,0,0,0,1663,0,0,0,0,2348,9400
285,W1,4,3,7,8,0,0,0,0,0,0,0,410,410,380,0,10,10,8,400,400,372,92.682927,12160,44861,27.105949,20,20,30,30,1047,677,613,44,1003,56481,36225,0,0,0,0,1047,0,0,0,0,1331,9400
286,W1,4,4,8,8,0,0,0,0,0,0,0,410,410,0,0,10,10,0,400,400,0,0.000000,0,45394,0.000000,0,0,0,0,1653,1327,1212,46,1607,89749,72035,0,0,0,0,1653,0,0,0,0,2314,9400
287,W1,4,4,6,6,0,0,0,0,0,0,0,410,410,0,0,10,10,0,400,400,0,0.000000,0,45478,0.000000,0,0,0,0,1663,1328,1221,59,1604,89985,71868,0,0,0,0,1663,0,0,0,0,2315,9400
288,W1,4,4,7,7,0,0,0,0,0,0,0,410,410,0,0,10,10,0,400,400,0,0.000000,0,45313,0.000000,0,0,0,0,1667,1352,1225,59,1608,90205,73142,0,0,0,0,1667,0,0,0,0,2282,9400
289,W1,4,4,8,8,0,0,0,0,0,0,0,410,410,385,0,10,10,9,400,400,376,93.902439,12320,45423,27.122823,20,20,30,30,1675,1345,1233,59,1616,90645,72809,0,0,0,0,1675,0,0,0,0,2233,9400
290,W1,4,4,8,8,0,0,0,0,0,0,0,410,410,0,0,10,10,0,400,400,0,0.000000,0,45449,0.000000,0,0,0,0,1662,1334,1221,46,1616,90244,72370,0,0,0,0,1662,0,0,0,0,2419,9400
291,W1,4,4,8,8,0,0,0,0,0,0,0,410,410,0,0,10,10,0,400,400,0,0.000000,0,45368,0.000000,0,0,0,0,1657,1330,1215,47,1610,89943,72120,0,0,0,0,1657,0,0,0,0,2284,9400
292,W1,4,4,8,8,0,0,0,0,0,0,0,410,410,390,0,10,10,9,400,400,381,95.121951,12480,45339,27.525971,20,20,30,30,1652,1336,1211,46,1606,89694,72424,0,0,0,0,1652,0,0,0,0,2348,9400
293,W1,4,4,8,8,0,0,0,0,0,0,0,410,410,0,0,10,10,0,400,400,0,0.000000,0,45449,0.000000,0,0,0,0,1652,1324,1211,40,1612,89838,71942,0,0,0,0,1652,0,0,0,0,2223,9400
294,W1,4,4,8,8,0,0,0,0,0,0,0,410,410,0,0,10,10,0,400,400,0,0.000000,0,45643,0.000000,0,0,0,0,1657,1329,1215,44,1613,90015,72119,0,0,0,0,1657,0,0,0,0,2259,9400
295,W1,4,4,8,8,0,0,0,0,0,0,0,410,410,0,0,10,10,0,400,400,0,0.000000,0,45391,0.000000,0,0,0,0,1646,1326,1207,41,1605,89488,72106,0,0,0,0,1646,0,0,0,0,2252,9400
296,W1,4,4,8,8,0,0,0,0,0,0,0,410,410,389,0,10,10,9,400,400,380,94.878049,12448,45478,27.371476,20,20,30,30,1654,1346,1212,41,1613,89922,73074,0,0,0,0,1654,0,0,0,0,2255,9400
297,W1,4,4,8,8,0,0,0,0,0,0,0,410,410,0,0,10,10,0,400,400,0,0.000000,0,45588,0.000000,0,0,0,0,1659,1344,1217,38,1621,90269,72988,0,0,0,0,1659,0,0,0,0,2307,9400
298,W1,4,4,8,8,0,0,0,0,0,0,0,410,410,393,0,10,10,9,400,400,384,95.853659,12576,45588,27.586207,20,20,30,30,1650,1332,1208,41,1609,89702,72330,0,0,0,0,1650,0,0,0,0,2351,9400
299,W1,4,4,8,8,0,0,0,0,0,0,0,410,410,0,0,10,10,0,400,400,0,0.000000,0,45423,0.000000,0,0,0,0,1650,1325,1208,44,1606,89630,71947,0,0,0,0,1650,0,0,0,0,2285,9400
300,W1,4,4,8,8,0,0,0,0,0,0,0,410,410,383,0,10,10,10,400,400,373,93.414634,12256,45449,26.966490,20,20,30,30,1655,1335,1214,43,1612,89931,72419,0,0,0,0,1655,0,0,0,0,2257,9400
301,W1,4,4,8,8,0,0,0,0,0,0,0,410,410,0,0,10,10,0,400,400,0,0.000000,0,45420,0.000000,0,0,0,0,1264,910,824,57,1207,68092,48856,0,0,0,0,1264,0,0,0,0,1639,9400
302,W1,4,4,8,8,0,0,0,0,0,0,0,410,410,387,0,10,10,10,400,400,377,94.390244,12384,45148,27.429786,20,20,30,30,1661,1331,1219,56,1605,89947,71933,0,0,0,0,1661,0,0,0,0,2239,9400
303,W1,4,4,8,8,0,0,0,0,0,0,0,410,410,0,0,10,10,0,400,400,0,0.000000,0,45478,0.000000,0,0,0,0,1676,1347,1234,59,1617,90700,72889,0,0,0,0,1676,0,0,0,0,2363,9400
304,W1,4,4,7,7,0,0,0,0,0,0,0,410,410,396,0,10,10,10,400,400,386,96.585366,12672,45478,27.864022,20,20,30,30,1668,1341,1226,59,1609,90260,72585,0,0,0,0,1668,0,0,0,0,2289,9400
305,W1,4,4,8,8,0,0,0,0,0,0,0,410,410,0,0,10,10,0,400,400,0,0.000000,0,45313,0.000000,0,0,0,0,1672,1332,1230,59,1613,90480,72092,0,0,0,0,1672,0,0,0,0,2310,9400
306,W1,4,4,8,8,0,0,0,0,0,0,0,410,410,0,0,10,10,0,400,400,0,0.000000,0,45313,0.000000,0,0,0,0,1667,1335,1225,59,1608,90205,72233,0,0,0,0,1667,0,0,0,0,2337,9400
307,W1,4,4,7,7,0,0,0,0,0,0,0,410,410,0,0,10,10,0,400,400,0,0.000000,0,45368,0.000000,0,0,0,0,1667,1339,1225,59,1608,90205,72477,0,0,0,0,1667,0,0,0,0,2337,9400
308,W1,4,4,7,7,0,0,0,0,0,0,0,410,410,382,0,10,10,8,400,400,374,93.170732,12224,45090,27.110224,20,20,30,30,1666,1338,1226,57,1609,90202,72474,0,0,0,0,1666,0,0,0,0,2268,9400
309,W1,4,4,7,7,0,0,0,0,0,0,0,410,410,0,0,10,10,0,400,400,0,0.000000,0,45368,0.000000,0,0,0,0,1657,1317,1215,59,1598,89655,71267,0,0,0,0,1657,0,0,0,0,2281,9400
310,W1,4,4,8,8,0,0,0,0,0,0,0,410,410,391,0,10,10,10,400,400,381,95.365854,12512,45365,27.580734,20,20,30,30,1666,1347,1226,57,1609,90202,72709,0,0,0,0,1666,0,0,0,0,2305,9400
311,W1,4,4,8,8,0,0,0,0,0,0,0,410,410,397,0,10,10,10,400,400,387,96.829268,12704,45698,27.799904,20,20,30,30,1668,1332,1226,59,1609,90260,72062,0,0,0,0,1668,0,0,0,0,2319,9400
312,W1,4,4,8,8,0,0,0,0,0,0,0,410,410,397,0,10,10,10,400,400,387,96.829268,12704,45533,27.900643,20,20,30,30,1663,1347,1221,59,1604,89985,72861,0,0,0,0,1663,0,0,0,0,2313,9400
313,W1,4,4,8,8,0,0,0,0,0,0,0,410,410,0,0,10,10,0,400,400,0,0.000000,0,45588,0.000000,0,0,0,0,1678,1334,1236,59,1619,90810,72224,0,0,0,0,1678,0,0,0,0,2302,9400
314,W1,4,4,8,8,0,0,0,0,0,0,0,410,410,0,0,10,10,0,400,400,0,0.000000,0,45229,0.000000,0,0,0,0,1661,1342,1220,46,1615,90189,72636,0,0,0,0,1661,0,0,0,0,2495,9400
315,W1,4,4,8,8,0,0,0,0,0,0,0,410,410,0,0,10,10,0,400,400,0,0.000000,0,45834,0.000000,0,0,0,0,1656,1339,1215,52,1604,89770,72623,0,0,0,0,1656,0,0,0,0,2272,9400
316,W1,4,4,8,8,0,0,0,0,0,0,0,410,410,0,0,10,10,0,400,400,0,0.000000,0,45339,0.000000,0,0,0,0,1660,1337,1219,52,1608,89990,72513,0,0,0,0,1660,0,0,0,0,2342,9400
317,W1,4,4,8,8,0,0,0,0,0,0,0,410,410,0,0,10,10,0,400,400,0,0.000000,0,45643,0.000000,0,0,0,0,1647,1335,1205,35,1612,89681,72517,0,0,0,0,1647,0,0,0,0,2320,9400
318,W1,4,4,8,8,0,0,0,0,0,0,0,410,410,0,0,10,10,0,400,400,0,0.000000,0,45449,0.000000,0,0,0,0,1639,1330,1198,34,1605,89267,72294,0,0,0,0,1639,0,0,0,0,2469,9400
319,W1,4,4,7,7,0,0,0,0,0,0,0,410,410,0,0,10,10,0,400,400,0,0.000000,0,45478,0.000000,0,0,0,0,1645,1333,1203,32,1613,89643,72431,0,0,0,0,1645,0,0,0,0,2333,9400
320,W1,4,4,8,8,0,0,0,0,0,0,0,410,410,0,0,10,10,0,400,400,0,0.000000,0,45423,0.000000,0,0,0,0,1655,1340,1213,53,1602,89689,72550,0,0,0,0,1655,0,0,0,0,2303,9400
321,W1,4,4,8,8,0,0,0,0,0,0,0,410,410,394,0,10,10,10,400,400,384,96.097561,12608,45533,27.689807,20,20,30,30,1668,1341,1226,59,1609,90260,72581,0,0,0,0,1668,0,0,0,0,2318,9400
322,W1,4,4,8,8,0,0,0,0,0,0,0,410,410,0,0,10,10,0,400,400,0,0.000000,0,45504,0.000000,0,0,0,0,1679,1349,1238,58,1621,90891,73125,0,0,0,0,1679,0,0,0,0,2343,9400
323,W1,4,4,7,7,0,0,0,0,0,0,0,410,410,0,0,10,10,0,400,400,0,0.000000,0,45368,0.000000,0,0,0,0,1655,1320,1213,53,1602,89689,71476,0,0,0,0,1655,0,0,0,0,2311,9400
324,W1,4,4,7,7,0,0,0,0,0,0,0,410,410,0,0,10,10,0,400,400,0,0.000000,0,45368,0.000000,0,0,0,0,1671,1357,1229,53,1618,90569,73485,0,0,0,0,1671,0,0,0,0,2323,9400
325,W1,4,4,7,7,0,0,0,0,0,0,0,410,410,0,0,10,10,0,400,400,0,0.000000,0,45310,0.000000,0,0,0,0,1665,1349,1225,51,1614,90291,73071,0,0,0,0,1665,0,0,0,0,2273,9400
326,W1,4,4,8,8,0,0,0,0,0,0,0,410,410,0,0,10,10,0,400,400,0,0.000000,0,45174,0.000000,0,0,0,0,1669,1353,1228,55,1614,90413,73271,0,0,0,0,1669,0,0,0,0,2317,9400
327,W1,4,4,8,8,0,0,0,0,0,0,0,410,410,0,0,10,10,0,400,400,0,0.000000,0,45203,0.000000,0,0,0,0,1661,1338,1219,56,1605,89947,72318,0,0,0,0,1661,0,0,0,0,2322,9400
328,W1,4,4,8,8,0,0,0,0,0,0,0,410,410,393,0,10,10,9,400,400,384,95.853659,12576,45423,27.686414,20,20,30,30,1661,1328,1219,56,1605,89947,71820,0,0,0,0,1661,0,0,0,0,2262,9400
329,W1,4,4,8,8,0,0,0,0,0,0,0,410,410,0,0,10,10,0,400,400,0,0.000000,0,45339,0.000000,0,0,0,0,1679,1344,1238,58,1621,90891,72724,0,0,0,0,1679,0,0,0,0,2319,9400
330,W1,4,4,8,8,0,0,0,0,0,0,0,410,410,389,0,10,10,9,400,400,380,94.878049,12448,45255,27.506353,20,20,30,30,1655,1330,1215,57,1598,89597,72108,0,0,0,0,1655,0,0,0,0,2294,9400
331,W1,4,4,8,8,0,0,0,0,0,0,0,410,410,0,0,10,10,0,400,400,0,0.000000,0,45808,0.000000,0,0,0,0,1668,1343,1226,59,1609,90260,72639,0,0,0,0,1668,0,0,0,0,2297,9400
332,W1,4,4,8,8,0,0,0,0,0,0,0,410,410,0,0,10,10,0,400,400,0,0.000000,0,45203,0.000000,0,0,0,0,1645,1351,1203,38,1607,89499,73275,0,0,0,0,1645,0,0,0,0,2333,9400
333,W1,4,4,8,8,0,0,0,0,0,0,0,410,410,0,0,10,10,0,400,400,0,0.000000,0,45255,0.000000,0,0,0,0,1266,914,826,51,1215,68346,49052,0,0,0,0,1266,0,0,0,0,1713,9400
334,W1,4,4,8,8,0,0,0,0,0,0,0,410,410,386,0,10,10,10,400,400,376,94.146341,12352,45423,27.193272,20,20,30,30,1262,918,820,53,1209,68074,49272,0,0,0,0,1262,0,0,0,0,1706,9400
335,W1,4,4,7,7,0,0,0,0,0,0,0,410,410,0,0,10,10,0,400,400,0,0.000000,0,45698,0.000000,0,0,0,0,1667,1353,1225,53,1614,90349,73289,0,0,0,0,1667,0,0,0,0,2421,9400
336,W1,4,4,7,7,0,0,0,0,0,0,0,410,410,0,0,10,10,0,400,400,0,0.000000,0,45423,0.000000,0,0,0,0,1666,1340,1224,53,1613,90294,72500,0,0,0,0,1666,0,0,0,0,2477,9400
337,W1,4,4,7,7,0,0,0,0,0,0,0,410,410,0,0,10,10,0,400,400,0,0.000000,0,45203,0.000000,0,0,0,0,1659,1332,1217,53,1606,89909,72214,0,0,0,0,1659,0,0,0,0,2267,9400
338,W1,4,4,8,8,0,0,0,0,0,0,0,410,410,387,0,10,10,9,400,400,378,94.390244,12384,45255,27.364932,20,20,30,30,1664,1330,1224,57,1607,90092,72060,0,0,0,0,1664,0,0,0,0,2337,9400
339,W1,4,4,7,7,0,0,0,0,0,0,0,410,410,0,0,10,10,0,400,400,0,0.000000,0,45449,0.000000,0,0,0,0,1667,1352,1226,58,1609,90231,73164,0,0,0,0,1667,0,0,0,0,2366,9400
340,W1,4,4,8,8,0,0,0,0,0,0,0,410,410,0,0,10,10,0,400,400,0,0.000000,0,45313,0.000000,0,0,0,0,1664,1332,1222,59,1605,90040,72090,0,0,0,0,1664,0,0,0,0,2495,9400
341,W1,4,4,8,8,0,0,0,0,0,0,0,410,410,387,0,10,10,10,400,400,377,94.390244,12384,45588,27.165043,20,20,30,30,1674,1355,1232,59,1615,90590,73281,0,0,0,0,1674,0,0,0,0,2300,9400
342,W1,1,1,6,6,0,0,0,0,0,0,0,410,410,0,0,10,10,0,400,400,0,0.000000,0,44918,0.000000,0,0,0,0,417,24,0,7,410,22753,730,0,0,0,0,417,0,0,0,0,255,9400
343,W1,1,1,6,6,0,0,0,0,0,0,0,410,410,392,0,10,10,10,400,400,382,95.609756,12544,44782,28.011255,20,20,30,30,418,23,0,8,410,22782,697,0,0,0,0,418,0,0,0,0,219,9400
344,W1,1,1,6,6,0,0,0,0,0,0,0,410,410,395,0,10,10,10,400,400,385,96.341463,12640,44727,28.260335,20,20,30,30,418,17,0,8,410,22782,511,0,0,0,0,418,0,0,0,0,205,9400
345,W1,1,1,7,7,0,0,0,0,0,0,0,410,410,0,0,10,10,0,400,400,0,0.000000,0,44782,0.000000,0,0,0,0,418,18,0,8,410,22782,540,0,0,0,0,418,0,0,0,0,214,9400
346,W1,1,1,7,7,0,0,0,0,0,0,0,410,410,0,0,10,10,0,400,400,0,0.000000,0,44562,0.000000,0,0,0,0,418,17,0,8,410,22782,509,0,0,0,0,418,0,0,0,0,234,9400
347,W1,1,1,7,7,0,0,0,0,0,0,0,410,410,391,0,10,10,10,400,400,381,95.365854,12512,44782,27.939797,20,20,30,30,418,13,0,8,410,22782,387,0,0,0,0,418,0,0,0,0,243,9400
348,W1,1,1,6,6,0,0,0,0,0,0,0,410,410,0,0,10,10,0,400,400,0,0.000000,0,45057,0.000000,0,0,0,0,418,14,0,8,410,22782,418,0,0,0,0,418,0,0,0,0,204,9400
349,W1,1,1,6,6,0,0,0,0,0,0,0,410,410,0,0,10,10,0,400,400,0,0.000000,0,44947,0.000000,0,0,0,0,418,14,0,8,410,22782,418,0,0,0,0,418,0,0,0,0,225,9400
350,W1,1,1,7,7,0,0,0,0,0,0,0,410,410,397,0,10,10,10,400,400,387,96.829268,12704,45112,28.161021,20,20,30,30,418,13,0,8,410,22782,385,0,0,0,0,418,0,0,0,0,205,9400
351,W1,1,1,7,7,0,0,0,0,0,0,0,410,410,0,0,10,10,0,400,400,0,0.000000,0,44892,0.000000,0,0,0,0,418,13,0,8,410,22782,385,0,0,0,0,418,0,0,0,0,201,9400
352,W1,1,1,6,6,0,0,0,0,0,0,0,410,410,0,0,10,10,0,400,400,0,0.000000,0,44837,0.000000,0,0,0,0,418,15,0,8,410,22782,447,0,0,0,0,418,0,0,0,0,201,9400
353,W1,1,1,6,6,0,0,0,0,0,0,0,410,410,394,0,10,10,8,400,400,386,96.097561,12608,44643,28.241830,20,20,30,30,417,13,0,7,410,22753,389,0,0,0,0,417,0,0,0,0,208,9400
354,W1,1,1,6,6,0,0,0,0,0,0,0,410,410,0,0,10,10,0,400,400,0,0.000000,0,44562,0.000000,0,0,0,0,418,16,0,8,410,22782,476,0,0,0,0,418,0,0,0,0,220,9400
355,W1,1,1,6,6,0,0,0,0,0,0,0,410,410,0,0,10,10,0,400,400,0,0.000000,0,45002,0.000000,0,0,0,0,418,13,0,8,410,22782,387,0,0,0,0,418,0,0,0,0,214,9400
356,W1,1,1,5,5,0,0,0,0,0,0,0,410,410,0,0,10,10,0,400,400,0,0.000000,0,44617,0.000000,0,0,0,0,418,17,0,8,410,22782,511,0,0,0,0,418,0,0,0,0,245,9400
357,W1,1,1,5,5,0,0,0,0,0,0,0,410,410,0,0,10,10,0,400,400,0,0.000000,0,44672,0.000000,0,0,0,0,418,18,0,8,410,22782,540,0,0,0,0,418,0,0,0,0,221,9400
358,W1,1,1,5,5,0,0,0,0,0,0,0,410,410,392,0,10,10,10,400,400,382,95.609756,12544,44617,28.114844,20,20,30,30,418,18,0,8,410,22782,542,0,0,0,0,418,0,0,0,0,216,9400
359,W1,1,1,5,5,0,0,0,0,0,0,0,410,410,0,0,10,10,0,400,400,0,0.000000,0,44947,0.000000,0,0,0,0,418,19,0,8,410,22782,571,0,0,0,0,418,0,0,0,0,207,9400
360,W1,1,1,5,5,0,0,0,0,0,0,0,410,410,0,0,10,10,0,400,400,0,0.000000,0,44617,0.000000,0,0,0,0,418,17,0,8,410,22782,511,0,0,0,0,418,0,0,0,0,244,9400
361,W1,1,1,5,5,0,0,0,0,0,0,0,410,410,395,0,10,10,10,400,400,385,96.341463,12640,44698,28.278670,20,20,30,30,417,16,0,7,410,22753,482,0,0,0,0,417,0,0,0,0,250,9400
362,W1,1,1,6,6,0,0,0,0,0,0,0,410,410,0,0,10,10,0,400,400,0,0.000000,0,44672,0.000000,0,0,0,0,418,18,0,8,410,22782,542,0,0,0,0,418,0,0,0,0,233,9400
363,W1,1,1,6,6,0,0,0,0,0,0,0,410,410,391,0,10,10,10,400,400,381,95.365854,12512,44837,27.905524,20,20,30,30,418,18,0,8,410,22782,544,0,0,0,0,418,0,0,0,0,241,9400
364,W1,1,1,6,6,0,0,0,0,0,0,0,410,410,392,0,10,10,9,400,400,383,95.609756,12544,44892,27.942618,20,20,30,30,418,16,0,8,410,22782,482,0,0,0,0,418,0,0,0,0,230,9400
365,W1,1,1,6,6,0,0,0,0,0,0,0,410,410,0,0,10,10,0,400,400,0,0.000000,0,45002,0.000000,0,0,0,0,418,19,0,8,410,22782,573,0,0,0,0,418,0,0,0,0,248,9400
366,W1,1,1,7,7,0,0,0,0,0,0,0,410,410,0,0,10,10,0,400,400,0,0.000000,0,45002,0.000000,0,0,0,0,418,15,0,8,410,22782,449,0,0,0,0,418,0,0,0,0,233,9400
367,W1,1,1,7,7,0,0,0,0,0,0,0,410,410,397,0,10,10,10,400,400,387,96.829268,12704,45112,28.161021,20,20,30,30,418,19,0,8,410,22782,569,0,0,0,0,418,0,0,0,0,253,9400
368,W1,1,1,7,7,0,0,0,0,0,0,0,410,410,0,0,10,10,0,400,400,0,0.000000,0,44753,0.000000,0,0,0,0,417,17,0,7,410,22753,515,0,0,0,0,417,0,0,0,0,222,9400
369,W1,1,1,7,7,0,0,0,0,0,0,0,410,410,392,0,10,10,10,400,400,382,95.609756,12544,44947,27.908425,20,20,30,30,418,17,0,8,410,22782,511,0,0,0,0,418,0,0,0,0,210,9400
370,W1,1,1,7,7,0,0,0,0,0,0,0,410,410,0,0,10,10,0,400,400,0,0.000000,0,44672,0.000000,0,0,0,0,418,18,0,8,410,22782,540,0,0,0,0,418,0,0,0,0,215,9400
371,W1,1,1,6,6,0,0,0,0,0,0,0,410,410,389,0,10,10,9,400,400,380,94.878049,12448,44478,27.986870,20,20,30,30,417,19,0,7,410,22753,571,0,0,0,0,417,0,0,0,0,244,9400
372,W1,1,1,6,6,0,0,0,0,0,0,0,410,410,0,0,10,10,0,400,400,0,0.000000,0,44727,0.000000,0,0,0,0,418,17,0,8,410,22782,511,0,0,0,0,418,0,0,0,0,198,9400
373,W1,1,1,7,7,0,0,0,0,0,0,0,410,410,0,0,10,10,0,400,400,0,0.000000,0,44287,0.000000,0,0,0,0,418,18,0,8,410,22782,542,0,0,0,0,418,0,0,0,0,233,9400
374,W1,1,1,7,7,0,0,0,0,0,0,0,410,410,0,0,10,10,0,400,400,0,0.000000,0,44837,0.000000,0,0,0,0,418,18,0,8,410,22782,540,0,0,0,0,418,0,0,0,0,208,9400
375,W1,1,1,7,7,0,0,0,0,0,0,0,410,410,387,0,10,10,10,400,400,377,94.390244,12384,44727,27.687974,20,20,30,30,418,18,0,8,410,22782,540,0,0,0,0,418,0,0,0,0,209,9400
376,W1,1,1,6,6,0,0,0,0,0,0,0,410,410,0,0,10,10,0,400,400,0,0.000000,0,44782,0.000000,0,0,0,0,418,16,0,8,410,22782,482,0,0,0,0,418,0,0,0,0,198,9400
377,W1,1,1,7,7,1,0,0,0,4,0,0,410,410,0,0,10,10,0,400,400,0,0.000000,0,22401,0.000000,0,0,0,0,214,16,0,14,200,11418,480,0,0,0,0,214,0,6,0,0,244,9400
378,W1,1,1,8,8,1,0,0,0,4,0,0,410,410,0,0,10,10,0,400,400,0,0.000000,0,22126,0.000000,0,0,0,0,214,18,0,14,200,11418,538,0,0,0,0,214,0,6,0,0,233,9400
379,W1,1,1,7,7,0,0,0,0,0,0,0,410,410,0,0,10,10,0,400,400,0,0.000000,0,44617,0.000000,0,0,0,0,418,14,0,8,410,22782,420,0,0,0,0,418,0,0,0,0,185,9400
380,W1,1,1,7,7,0,0,0,0,0,0,0,410,410,0,0,10,10,0,400,400,0,0.000000,0,44342,0.000000,0,0,0,0,418,17,0,8,410,22782,511,0,0,0,0,418,0,0,0,0,201,9400
381,W1,1,1,6,6,0,0,0,0,0,0,0,410,410,385,0,10,10,7,400,400,378,93.902439,12320,44452,27.715288,20,20,30,30,418,18,0,8,410,22782,540,0,0,0,0,418,0,0,0,0,194,9400
382,W1,1,1,6,6,0,0,0,0,0,0,0,410,410,389,0,10,10,10,400,400,379,94.878049,12448,44947,27.694841,20,20,30,30,418,17,0,8,410,22782,511,0,0,0,0,418,0,0,0,0,188,9400
383,W1,1,1,7,7,0,0,0,0,0,0,0,410,410,0,0,10,10,0,400,400,0,0.000000,0,44452,0.000000,0,0,0,0,418,11,0,8,410,22782,325,0,0,0,0,418,0,0,0,0,186,9400
384,W1,1,1,6,6,0,0,0,0,0,0,0,410,410,384,0,10,10,10,400,400,374,93.658537,12288,44562,27.575064,20,20,30,30,418,11,0,8,410,22782,325,0,0,0,0,418,0,0,0,0,209,9400
385,W1,1,1,7,7,0,0,0,0,0,0,0,410,410,0,0,10,10,0,400,400,0,0.000000,0,44808,0.000000,0,0,0,0,417,11,0,7,410,22753,327,0,0,0,0,417,0,0,0,0,205,9400
386,W1,1,1,7,7,0,0,0,0,0,0,0,410,410,0,0,10,10,0,400,400,0,0.000000,0,45002,0.000000,0,0,0,0,418,10,0,8,410,22782,296,0,0,0,0,418,0,0,0,0,197,9400
387,W1,1,1,7,7,0,0,0,0,0,0,0,410,410,0,0,10,10,0,400,400,0,0.000000,0,44617,0.000000,0,0,0,0,418,11,0,8,410,22782,325,0,0,0,0,418,0,0,0,0,183,9400
388,W1,1,1,7,7,0,0,0,0,0,0,0,410,410,387,0,10,10,9,400,400,378,94.390244,12384,44617,27.756236,20,20,30,30,418,11,0,8,410,22782,325,0,0,0,0,418,0,0,0,0,187,9400
389,W1,1,1,7,7,0,0,0,0,0,0,0,410,410,0,0,10,10,0,400,400,0,0.000000,0,44782,0.000000,0,0,0,0,418,12,0,8,410,22782,356,0,0,0,0,418,0,0,0,0,190,9400
390,W1,1,1,6,6,0,0,0,0,0,0,0,410,410,393,0,10,10,10,400,400,383,95.853659,12576,44672,28.151862,20,20,30,30,418,14,0,8,410,22782,412,0,0,0,0,418,0,0,0,0,198,9400
391,W1,1,1,7,7,0,0,0,0,0,0,0,410,410,0,0,10,10,0,400,400,0,0.000000,0,44727,0.000000,0,0,0,0,418,11,0,8,410,22782,325,0,0,0,0,418,0,0,0,0,202,9400
392,W1,1,1,6,6,0,0,0,0,0,0,0,410,410,0,0,10,10,0,400,400,0,0.000000,0,44672,0.000000,0,0,0,0,418,23,0,8,410,22782,695,0,0,0,0,418,0,0,0,0,210,9400
393,W1,1,1,6,6,0,0,0,0,0,0,0,410,410,0,0,10,10,0,400,400,0,0.000000,0,44837,0.000000,0,0,0,0,418,18,0,8,410,22782,542,0,0,0,0,418,0,0,0,0,200,9400
394,W1,1,1,6,6,0,0,0,0,0,0,0,410,410,0,0,10,10,0,400,400,0,0.000000,0,44452,0.000000,0,0,0,0,418,20,0,8,410,22782,604,0,0,0,0,418,0,0,0,0,186,9400
395,W1,1,1,6,6,0,0,0,0,0,0,0,410,410,389,0,10,10,10,400,400,379,94.878049,12448,44782,27.796883,20,20,30,30,418,18,0,8,410,22782,536,0,0,0,0,418,0,0,0,0,211,9400
396,W1,1,1,6,6,0,0,0,0,0,0,0,410,410,0,0,10,10,0,400,400,0,0.000000,0,44892,0.000000,0,0,0,0,418,17,0,8,410,22782,505,0,0,0,0,418,0,0,0,0,203,9400
397,W1,1,1,6,6,0,0,0,0,0,0,0,410,410,387,0,10,10,9,400,400,378,94.390244,12384,44617,27.756236,20,20,30,30,418,14,0,8,410,22782,418,0,0,0,0,418,0,0,0,0,192,9400
398,W1,1,1,6,6,0,0,0,0,0,0,0,410,410,388,0,10,10,9,400,400,379,94.634146,12416,44562,27.862304,20,20,30,30,418,14,0,8,410,22782,418,0,0,0,0,418,0,0,0,0,186,9400
399,W1,1,1,6,6,0,0,0,0,0,0,0,410,410,0,0,10,10,0,400,400,0,0.000000,0,44452,0.000000,0,0,0,0,418,15,0,8,410,22782,445,0,0,0,0,418,0,0,0,0,205,9400
400,W1,1,1,6,6,0,0,0,0,0,0,0,410,410,0,0,10,10,0,400,400,0,0.000000,0,44617,0.000000,0,0,0,0,418,13,0,8,410,22782,387,0,0,0,0,418,0,0,0,0,189,9400
401,W1,1,1,5,5,0,0,0,0,0,0,0,410,410,387,0,10,10,10,400,400,377,94.390244,12384,44808,27.637922,20,20,30,30,417,14,0,7,410,22753,422,0,0,0,0,417,0,0,0,0,207,9400
402,W1,1,1,5,5,0,0,0,0,0,0,0,410,410,0,0,10,10,0,400,400,0,0.000000,0,44837,0.000000,0,0,0,0,418,16,0,8,410,22782,478,0,0,0,0,418,0,0,0,0,211,9400
403,W1,1,1,5,5,0,0,0,0,0,0,0,410,410,388,0,10,10,10,400,400,378,94.634146,12416,44672,27.793696,20,20,30,30,418,16,0,8,410,22782,478,0,0,0,0,418,0,0,0,0,220,9400
404,W1,1,1,5,5,0,0,0,0,0,0,0,410,410,388,0,10,10,8,400,400,380,94.634146,12416,44617,27.827958,20,20,30,30,418,13,0,8,410,22782,387,0,0,0,0,418,0,0,0,0,193,9400
405,W1,1,1,6,6,0,0,0,0,0,0,0,410,410,0,0,10,10,0,400,400,0,0.000000,0,44507,0.000000,0,0,0,0,418,16,0,8,410,22782,476,0,0,0,0,418,0,0,0,0,198,9400
406,W1,1,1,5,5,0,0,0,0,0,0,0,410,410,0,0,10,10,0,400,400,0,0.000000,0,44727,0.000000,0,0,0,0,418,14,0,8,410,22782,416,0,0,0,0,418,0,0,0,0,203,9400
407,W1,1,1,5,5,0,0,0,0,0,0,0,410,410,0,0,10,10,0,400,400,0,0.000000,0,45002,0.000000,0,0,0,0,418,15,0,8,410,22782,447,0,0,0,0,418,0,0,0,0,218,9400
408,W1,1,1,5,5,0,0,0,0,0,0,0,410,410,0,0,10,10,0,400,400,0,0.000000,0,44892,0.000000,0,0,0,0,418,14,0,8,410,22782,418,0,0,0,0,418,0,0,0,0,194,9400
409,W1,1,1,5,5,0,0,0,0,0,0,0,410,410,0,0,10,10,0,400,400,0,0.000000,0,44617,0.000000,0,0,0,0,418,15,0,8,410,22782,447,0,0,0,0,418,0,0,0,0,206,9400
410,W1,1,1,5,5,0,0,0,0,0,0,0,410,410,388,0,10,10,10,400,400,378,94.634146,12416,44727,27.759519,20,20,30,30,418,12,0,8,410,22782,360,0,0,0,0,418,0,0,0,0,191,9400
411,W1,1,1,5,5,0,0,0,0,0,0,0,410,410,0,0,10,10,0,400,400,0,0.000000,0,44727,0.000000,0,0,0,0,418,15,0,8,410,22782,449,0,0,0,0,418,0,0,0,0,218,9400
412,W1,1,1,5,5,0,0,0,0,0,0,0,410,410,394,0,10,10,10,400,400,384,96.097561,12608,44892,28.085182,20,20,30,30,418,14,0,8,410,22782,418,0,0,0,0,418,0,0,0,0,179,9400
413,W1,1,1,5,5,0,0,0,0,0,0,0,410,410,393,0,10,10,10,400,400,383,95.853659,12576,44892,28.013900,20,20,30,30,418,17,0,8,410,22782,507,0,0,0,0,418,0,0,0,0,188,9400
414,W1,1,1,5,5,0,0,0,0,0,0,0,410,410,0,0,10,10,0,400,400,0,0.000000,0,44753,0.000000,0,0,0,0,417,14,0,7,410,22753,420,0,0,0,0,417,0,0,0,0,195,9400
415,W1,1,1,5,5,0,0,0,0,0,0,0,410,410,0,0,10,10,0,400,400,0,0.000000,0,45002,0.000000,0,0,0,0,418,13,0,8,410,22782,391,0,0,0,0,418,0,0,0,0,182,9400
416,W1,1,1,5,5,0,0,0,0,0,0,0,410,410,0,0,10,10,0,400,400,0,0.000000,0,44947,0.000000,0,0,0,0,418,15,0,8,410,22782,449,0,0,0,0,418,0,0,0,0,199,9400
417,W1,1,1,5,5,0,0,0,0,0,0,0,410,410,0,0,10,10,0,400,400,0,0.000000,0,44892,0.000000,0,0,0,0,418,15,0,8,410,22782,449,0,0,0,0,418,0,0,0,0,196,9400
418,W1,1,1,5,5,0,0,0,0,0,0,0,410,410,387,0,10,10,8,400,400,379,94.390244,12384,44727,27.687974,20,20,30,30,418,17,0,8,410,22782,509,0,0,0,0,418,0,0,0,0,206,9400
419,W1,1,1,7,7,0,0,0,0,0,0,0,410,410,0,0,10,10,0,400,400,0,0.000000,0,44947,0.000000,0,0,0,0,418,18,0,8,410,22782,542,0,0,0,0,418,0,0,0,0,213,9400
420,W1,1,1,7,7,0,0,0,0,0,0,0,410,410,0,0,10,10,0,400,400,0,0.000000,0,44727,0.000000,0,0,0,0,418,20,0,8,410,22782,600,0,0,0,0,418,0,0,0,0,229,9400
421,W1,1,1,6,6,0,0,0,0,0,0,0,410,410,391,0,10,10,10,400,400,381,95.365854,12512,44892,27.871336,20,20,30,30,418,17,0,8,410,22782,511,0,0,0,0,418,0,0,0,0,211,9400
422,W1,1,1,6,6,0,0,0,0,0,0,0,410,410,392,0,10,10,9,400,400,383,95.609756,12544,44947,27.908425,20,20,30,30,418,18,0,8,410,22782,542,0,0,0,0,418,0,0,0,0,206,9400
423,W1,1,1,7,7,0,0,0,0,0,0,0,410,410,0,0,10,10,0,400,400,0,0.000000,0,44892,0.000000,0,0,0,0,418,18,0,8,410,22782,540,0,0,0,0,418,0,0,0,0,266,9400
424,W1,1,1,6,6,0,0,0,0,0,0,0,410,410,0,0,10,10,0,400,400,0,0.000000,0,44782,0.000000,0,0,0,0,418,19,0,8,410,22782,569,0,0,0,0,418,0,0,0,0,234,9400
425,W1,1,1,7,7,0,0,0,0,0,0,0,410,410,386,0,10,10,9,400,400,377,94.146341,12352,44562,27.718684,20,20,30,30,418,20,0,8,410,22782,598,0,0,0,0,418,0,0,0,0,197,9400
426,W1,1,1,6,6,0,0,0,0,0,0,0,410,410,0,0,10,10,0,400,400,0,0.000000,0,44892,0.000000,0,0,0,0,418,18,0,8,410,22782,542,0,0,0,0,418,0,0,0,0,223,9400
427,W1,1,1,7,7,0,0,0,0,0,0,0,410,410,382,0,10,10,10,400,400,372,93.170732,12224,44727,27.330248,20,20,30,30,418,19,0,8,410,22782,571,0,0,0,0,418,0,0,0,0,255,9400
428,W1,1,1,6,6,0,0,0,0,0,0,0,410,410,0,0,10,10,0,400,400,0,0.000000,0,45057,0.000000,0,0,0,0,418,18,0,8,410,22782,540,0,0,0,0,418,0,0,0,0,205,9400
429,W1,1,1,6,6,0,0,0,0,0,0,0,410,410,0,0,10,10,0,400,400,0,0.000000,0,44672,0.000000,0,0,0,0,418,17,0,8,410,22782,511,0,0,0,0,418,0,0,0,0,209,9400
430,W1,1,1,5,5,0,0,0,0,0,0,0,410,410,0,0,10,10,0,400,400,0,0.000000,0,45057,0.000000,0,0,0,0,418,18,0,8,410,22782,540,0,0,0,0,418,0,0,0,0,222,9400
431,W1,1,1,6,6,0,0,0,0,0,0,0,410,410,388,0,10,10,10,400,400,378,94.634146,12416,44698,27.777529,20,20,30,30,417,17,0,7,410,22753,511,0,0,0,0,417,0,0,0,0,208,9400
432,W1,1,1,6,6,0,0,0,0,0,0,0,410,410,396,0,10,10,10,400,400,386,96.585366,12672,44947,28.193205,20,20,30,30,418,17,0,8,410,22782,511,0,0,0,0,418,0,0,0,0,202,9400
433,W1,1,1,6,6,0,0,0,0,0,0,0,410,410,0,0,10,10,0,400,400,0,0.000000,0,45002,0.000000,0,0,0,0,418,18,0,8,410,22782,542,0,0,0,0,418,0,0,0,0,194,9400
434,W1,1,1,7,7,0,0,0,0,0,0,0,410,410,0,0,10,10,0,400,400,0,0.000000,0,44837,0.000000,0,0,0,0,418,20,0,8,410,22782,600,0,0,0,0,418,0,0,0,0,218,9400
435,W1,1,1,6,6,0,0,0,0,0,0,0,410,410,0,0,10,10,0,400,400,0,0.000000,0,44562,0.000000,0,0,0,0,418,18,0,8,410,22782,540,0,0,0,0,418,0,0,0,0,222,9400
436,W1,1,1,6,6,0,0,0,0,0,0,0,410,410,390,0,10,10,10,400,400,380,95.121951,12480,44837,27.834155,20,20,30,30,418,17,0,8,410,22782,511,0,0,0,0,418,0,0,0,0,209,9400
437,W1,1,1,7,7,0,0,0,0,0,0,0,410,410,0,0,10,10,0,400,400,0,0.000000,0,44837,0.000000,0,0,0,0,418,17,0,8,410,22782,511,0,0,0,0,418,0,0,0,0,215,9400
438,W1,1,1,7,7,0,0,0,0,0,0,0,410,410,0,0,10,10,0,400,400,0,0.000000,0,45057,0.000000,0,0,0,0,418,18,0,8,410,22782,542,0,0,0,0,418,0,0,0,0,222,9400
439,W1,1,1,6,6,0,0,0,0,0,0,0,410,410,0,0,10,10,0,400,400,0,0.000000,0,44452,0.000000,0,0,0,0,418,20,0,8,410,22782,602,0,0,0,0,418,0,0,0,0,210,9400
440,W1,1,1,7,7,0,0,0,0,0,0,0,410,410,0,0,10,10,0,400,400,0,0.000000,0,44727,0.000000,0,0,0,0,418,16,0,8,410,22782,480,0,0,0,0,418,0,0,0,0,214,9400
441,W1,1,1,7,7,0,0,0,0,0,0,0,410,410,391,0,10,10,10,400,400,381,95.365854,12512,44837,27.905524,20,20,30,30,418,15,0,8,410,22782,449,0,0,0,0,418,0,0,0,0,228,9400
442,W1,1,1,6,6,0,0,0,0,0,0,0,410,410,380,0,10,10,10,400,400,370,92.682927,12160,44672,27.220630,20,20,30,30,418,16,0,8,410,22782,480,0,0,0,0,418,0,0,0,0,209,9400
443,W1,1,1,6,6,0,0,0,0,0,0,0,410,410,0,0,10,10,0,400,400,0,0.000000,0,44672,0.000000,0,0,0,0,418,16,0,8,410,22782,480,0,0,0,0,418,0,0,0,0,219,9400
444,W1,1,1,7,7,0,0,0,0,0,0,0,410,410,0,0,10,10,0,400,400,0,0.000000,0,44782,0.000000,0,0,0,0,418,18,0,8,410,22782,540,0,0,0,0,418,0,0,0,0,249,9400
445,W1,1,1,7,7,0,0,0,0,0,0,0,410,410,388,0,10,10,10,400,400,378,94.634146,12416,44947,27.623646,20,20,30,30,418,20,0,8,410,22782,600,0,0,0,0,418,0,0,0,0,247,9400
446,W1,1,1,6,6,0,0,0,0,0,0,0,410,410,0,0,10,10,0,400,400,0,0.000000,0,44177,0.000000,0,0,0,0,418,9,0,8,410,22782,265,0,0,0,0,418,0,0,0,0,240,9400
447,W1,1,1,6,6,0,0,0,0,0,0,0,410,410,0,0,10,10,0,400,400,0,0.000000,0,44837,0.000000,0,0,0,0,418,10,0,8,410,22782,294,0,0,0,0,418,0,0,0,0,241,9400
448,W1,1,1,6,6,0,0,0,0,0,0,0,410,410,391,0,10,10,10,400,400,381,95.365854,12512,45057,27.769270,20,20,30,30,418,10,0,8,410,22782,294,0,0,0,0,418,0,0,0,0,241,9400
449,W1,1,1,6,6,0,0,0,0,0,0,0,410,410,393,0,10,10,10,400,400,383,95.853659,12576,44782,28.082712,20,20,30,30,418,10,0,8,410,22782,294,0,0,0,0,418,0,0,0,0,237,9400
450,W1,1,1,6,6,0,0,0,0,0,0,0,410,410,0,0,10,10,0,400,400,0,0.000000,0,44672,0.000000,0,0,0,0,418,8,0,8,410,22782,236,0,0,0,0,418,0,0,0,0,252,9400
451,W1,1,1,6,6,0,0,0,0,0,0,0,410,410,387,0,10,10,9,400,400,378,94.390244,12384,44808,27.637922,20,20,30,30,417,9,0,7,410,22753,265,0,0,0,0,417,0,0,0,0,200,9400
452,W1,1,1,6,6,0,0,0,0,0,0,0,410,410,0,0,10,10,0,400,400,0,0.000000,0,44782,0.000000,0,0,0,0,418,10,0,8,410,22782,294,0,0,0,0,418,0,0,0,0,190,9400
453,W1,1,1,6,6,0,0,0,0,0,0,0,410,410,0,0,10,10,0,400,400,0,0.000000,0,44617,0.000000,0,0,0,0,418,12,0,8,410,22782,352,0,0,0,0,418,0,0,0,0,241,9400
454,W1,1,1,6,6,0,0,0,0,0,0,0,410,410,0,0,10,10,0,400,400,0,0.000000,0,44727,0.000000,0,0,0,0,418,13,0,8,410,22782,381,0,0,0,0,418,0,0,0,0,187,9400
455,W1,1,1,5,5,0,0,0,0,0,0,0,410,410,391,0,10,10,10,400,400,381,95.365854,12512,44698,27.992304,20,20,30,30,417,15,0,7,410,22753,449,0,0,0,0,417,0,0,0,0,208,9400
456,W1,1,1,5,5,0,0,0,0,0,0,0,410,410,0,0,10,10,0,400,400,0,0.000000,0,44947,0.000000,0,0,0,0,418,15,0,8,410,22782,449,0,0,0,0,418,0,0,0,0,198,9400
457,W1,1,1,5,5,0,0,0,0,0,0,0,410,410,0,0,10,10,0,400,400,0,0.000000,0,44892,0.000000,0,0,0,0,418,15,0,8,410,22782,449,0,0,0,0,418,0,0,0,0,201,9400
458,W1,1,1,5,5,0,0,0,0,0,0,0,410,410,0,0,10,10,0,400,400,0,0.000000,0,44863,0.000000,0,0,0,0,417,11,0,7,410,22753,327,0,0,0,0,417,0,0,0,0,232,9400
459,W1,1,1,5,5,0,0,0,0,0,0,0,410,410,396,0,10,10,10,400,400,386,96.585366,12672,44918,28.211407,20,20,30,30,417,13,0,7,410,22753,387,0,0,0,0,417,0,0,0,0,194,9400
460,W1,1,1,6,6,0,0,0,0,0,0,0,410,410,0,0,10,10,0,400,400,0,0.000000,0,44727,0.000000,0,0,0,0,418,16,0,8,410,22782,472,0,0,0,0,418,0,0,0,0,198,9400
461,W1,1,1,6,6,0,0,0,0,0,0,0,410,410,0,0,10,10,0,400,400,0,0.000000,0,44892,0.000000,0,0,0,0,418,13,0,8,410,22782,387,0,0,0,0,418,0,0,0,0,202,9400
462,W1,1,1,5,5,0,0,0,0,0,0,0,410,410,395,0,10,10,10,400,400,385,96.341463,12640,45002,28.087641,20,20,30,30,418,12,0,8,410,22782,356,0,0,0,0,418,0,0,0,0,210,9400
463,W1,1,1,5,5,0,0,0,0,0,0,0,410,410,394,0,10,10,9,400,400,385,96.097561,12608,44617,28.258287,20,20,30,30,418,14,0,8,410,22782,416,0,0,0,0,418,0,0,0,0,198,9400
464,W1,1,1,6,6,0,0,0,0,0,0,0,410,410,386,0,10,10,9,400,400,377,94.146341,12352,44478,27.771033,20,20,30,30,417,15,0,7,410,22753,451,0,0,0,0,417,0,0,0,0,284,9400
465,W1,1,1,6,6,0,0,0,0,0,0,0,410,410,0,0,10,10,0,400,400,0,0.000000,0,44782,0.000000,0,0,0,0,418,22,0,8,410,22782,660,0,0,0,0,418,0,0,0,0,221,9400
466,W1,1,1,6,6,0,0,0,0,0,0,0,410,410,0,0,10,10,0,400,400,0,0.000000,0,44918,0.000000,0,0,0,0,417,16,0,7,410,22753,482,0,0,0,0,417,0,0,0,0,224,9400
467,W1,1,1,6,6,0,0,0,0,0,0,0,410,410,0,0,10,10,0,400,400,0,0.000000,0,44782,0.000000,0,0,0,0,418,19,0,8,410,22782,571,0,0,0,0,418,0,0,0,0,247,9400
468,W1,1,1,6,6,0,0,0,0,0,0,0,410,410,0,0,10,10,0,400,400,0,0.000000,0,44782,0.000000,0,0,0,0,418,18,0,8,410,22782,542,0,0,0,0,418,0,0,0,0,211,9400
469,W1,1,1,6,6,0,0,0,0,0,0,0,410,410,390,0,10,10,10,400,400,380,95.121951,12480,44808,27.852169,20,20,30,30,417,18,0,7,410,22753,540,0,0,0,0,417,0,0,0,0,193,9400
470,W1,1,1,6,6,0,0,0,0,0,0,0,410,410,388,0,10,10,8,400,400,380,94.634146,12416,44727,27.759519,20,20,30,30,418,20,0,8,410,22782,602,0,0,0,0,418,0,0,0,0,216,9400
471,W1,1,1,6,6,0,0,0,0,0,0,0,410,410,0,0,10,10,0,400,400,0,0.000000,0,44892,0.000000,0,0,0,0,418,19,0,8,410,22782,571,0,0,0,0,418,0,0,0,0,213,9400
472,W1,1,1,6,6,0,0,0,0,0,0,0,410,410,0,0,10,10,0,400,400,0,0.000000,0,44672,0.000000,0,0,0,0,418,19,0,8,410,22782,571,0,0,0,0,418,0,0,0,0,247,9400
473,W1,1,1,7,7,0,0,0,0,0,0,0,410,410,0,0,10,10,0,400,400,0,0.000000,0,44507,0.000000,0,0,0,0,418,16,0,8,410,22782,478,0,0,0,0,418,0,0,0,0,227,9400
474,W1,1,1,7,7,0,0,0,0,0,0,0,410,410,390,0,10,10,10,400,400,380,95.121951,12480,44837,27.834155,20,20,30,30,418,14,0,8,410,22782,416,0,0,0,0,418,0,0,0,0,228,9400
475,W1,1,1,7,7,0,0,0,0,0,0,0,410,410,0,0,10,10,0,400,400,0,0.000000,0,44808,0.000000,0,0,0,0,417,11,0,7,410,22753,329,0,0,0,0,417,0,0,0,0,212,9400
476,W1,1,1,6,6,0,0,0,0,0,0,0,410,410,0,0,10,10,0,400,400,0,0.000000,0,44837,0.000000,0,0,0,0,418,20,0,8,410,22782,602,0,0,0,0,418,0,0,0,0,291,9400
477,W1,1,1,6,6,0,0,0,0,0,0,0,410,410,0,0,10,10,0,400,400,0,0.000000,0,44423,0.000000,0,0,0,0,417,19,0,7,410,22753,575,0,0,0,0,417,0,0,0,0,210,9400
478,W1,1,1,6,6,0,0,0,0,0,0,0,410,410,0,0,10,10,0,400,400,0,0.000000,0,44782,0.000000,0,0,0,0,418,19,0,8,410,22782,573,0,0,0,0,418,0,0,0,0,243,9400
479,W1,1,1,7,7,0,0,0,0,0,0,0,410,410,395,0,10,10,9,400,400,386,96.341463,12640,44837,28.191003,20,20,30,30,418,15,0,8,410,22782,445,0,0,0,0,418,0,0,0,0,189,9400
480,W1,1,1,6,6,0,0,0,0,0,0,0,410,410,0,0,10,10,0,400,400,0,0.000000,0,44782,0.000000,0,0,0,0,418,15,0,8,410,22782,447,0,0,0,0,418,0,0,0,0,188,9400
481,W1,1,1,7,7,0,0,0,0,0,0,0,410,410,0,0,10,10,0,400,400,0,0.000000,0,44892,0.000000,0,0,0,0,418,13,0,8,410,22782,387,0,0,0,0,418,0,0,0,0,180,9400
482,W1,1,1,6,6,0,0,0,0,0,0,0,410,410,0,0,10,10,0,400,400,0,0.000000,0,44617,0.000000,0,0,0,0,418,11,0,8,410,22782,325,0,0,0,0,418,0,0,0,0,194,9400
483,W1,1,1,6,6,0,0,0,0,0,0,0,410,410,388,0,10,10,10,400,400,378,94.634146,12416,44727,27.759519,20,20,30,30,418,12,0,8,410,22782,358,0,0,0,0,418,0,0,0,0,181,9400
484,W1,1,1,6,6,0,0,0,0,0,0,0,410,410,389,0,10,10,9,400,400,380,94.878049,12448,44727,27.831064,20,20,30,30,418,13,0,8,410,22782,383,0,0,0,0,418,0,0,0,0,202,9400
485,W1,1,1,6,6,0,0,0,0,0,0,0,410,410,0,0,10,10,0,400,400,0,0.000000,0,44918,0.000000,0,0,0,0,417,10,0,7,410,22753,296,0,0,0,0,417,0,0,0,0,174,9400
486,W1,1,1,6,6,0,0,0,0,0,0,0,410,410,0,0,10,10,0,400,400,0,0.000000,0,44507,0.000000,0,0,0,0,418,13,0,8,410,22782,385,0,0,0,0,418,0,0,0,0,186,9400
487,W1,1,1,6,6,0,0,0,0,0,0,0,410,410,0,0,10,10,0,400,400,0,0.000000,0,45002,0.000000,0,0,0,0,418,9,0,8,410,22782,267,0,0,0,0,418,0,0,0,0,223,9400
488,W1,1,1,7,7,0,0,0,0,0,0,0,410,410,0,0,10,10,0,400,400,0,0.000000,0,44562,0.000000,0,0,0,0,418,14,0,8,410,22782,418,0,0,0,0,418,0,0,0,0,229,9400
489,W1,1,1,7,7,0,0,0,0,0,0,0,410,410,0,0,10,10,0,400,400,0,0.000000,0,44643,0.000000,0,0,0,0,417,14,0,7,410,22753,420,0,0,0,0,417,0,0,0,0,201,9400
490,W1,1,1,7,7,0,0,0,0,0,0,0,410,410,0,0,10,10,0,400,400,0,0.000000,0,44782,0.000000,0,0,0,0,418,14,0,8,410,22782,418,0,0,0,0,418,0,0,0,0,190,9400
491,W1,1,1,5,5,0,0,0,0,0,0,0,410,410,0,0,10,10,0,400,400,0,0.000000,0,45057,0.000000,0,0,0,0,418,11,0,8,410,22782,325,0,0,0,0,418,0,0,0,0,203,9400
492,W1,1,1,5,5,0,0,0,0,0,0,0,410,410,0,0,10,10,0,400,400,0,0.000000,0,44672,0.000000,0,0,0,0,418,12,0,8,410,22782,352,0,0,0,0,418,0,0,0,0,182,9400
493,W1,1,1,6,6,0,0,0,0,0,0,0,410,410,0,0,10,10,0,400,400,0,0.000000,0,44562,0.000000,0,0,0,0,418,14,0,8,410,22782,412,0,0,0,0,418,0,0,0,0,189,9400
494,W1,1,1,6,6,0,0,0,0,0,0,0,410,410,0,0,10,10,0,400,400,0,0.000000,0,44782,0.000000,0,0,0,0,418,14,0,8,410,22782,418,0,0,0,0,418,0,0,0,0,207,9400
495,W1,1,1,7,7,0,0,0,0,0,0,0,410,410,398,0,10,10,9,400,400,389,97.073171,12736,45222,28.163283,20,20,30,30,418,14,0,8,410,22782,418,0,0,0,0,418,0,0,0,0,195,9400
496,W1,1,1,6,6,0,0,0,0,0,0,0,410,410,0,0,10,10,0,400,400,0,0.000000,0,44617,0.000000,0,0,0,0,418,15,0,8,410,22782,445,0,0,0,0,418,0,0,0,0,204,9400
497,W1,1,1,6,6,0,0,0,0,0,0,0,410,410,0,0,10,10,0,400,400,0,0.000000,0,44507,0.000000,0,0,0,0,418,10,0,8,410,22782,294,0,0,0,0,418,0,0,0,0,184,9400
498,W1,1,1,6,6,0,0,0,0,0,0,0,410,410,396,0,10,10,10,400,400,386,96.585366,12672,45112,28.090087,20,20,30,30,418,11,0,8,410,22782,325,0,0,0,0,418,0,0,0,0,202,9400
499,W1,1,1,6,6,0,0,0,0,0,0,0,410,410,0,0,10,10,0,400,400,0,0.000000,0,44727,0.000000,0,0,0,0,418,12,0,8,410,22782,356,0,0,0,0,418,0,0,0,0,199,9400
500,W1,1,1,6,6,0,0,0,0,0,0,0,410,410,0,0,10,10,0,400,400,0,0.000000,0,44782,0.000000,0,0,0,0,418,16,0,8,410,22782,482,0,0,0,0,418,0,0,0,0,227,9400
501,W1,1,1,6,6,0,0,0,0,0,0,0,410,410,0,0,10,10,0,400,400,0,0.000000,0,44782,0.000000,0,0,0,0,418,18,0,8,410,22782,542,0,0,0,0,418,0,0,0,0,205,9400
502,W1,1,1,6,6,0,0,0,0,0,0,0,410,410,394,0,10,10,10,400,400,384,96.097561,12608,44892,28.085182,20,20,30,30,418,17,0,8,410,22782,511,0,0,0,0,418,0,0,0,0,265,9400
503,W1,1,1,6,6,0,0,0,0,0,0,0,410,410,0,0,10,10,0,400,400,0,0.000000,0,44947,0.000000,0,0,0,0,418,16,0,8,410,22782,478,0,0,0,0,418,0,0,0,0,205,9400
504,W1,1,1,6,6,0,0,0,0,0,0,0,410,410,0,0,10,10,0,400,400,0,0.000000,0,44947,0.000000,0,0,0,0,418,14,0,8,410,22782,420,0,0,0,0,418,0,0,0,0,217,9400
505,W1,1,1,6,6,0,0,0,0,0,0,0,410,410,0,0,10,10,0,400,400,0,0.000000,0,44643,0.000000,0,0,0,0,417,16,0,7,410,22753,482,0,0,0,0,417,0,0,0,0,191,9400
506,W1,1,1,6,6,0,0,0,0,0,0,0,410,410,386,0,10,10,10,400,400,376,94.146341,12352,44562,27.718684,20,20,30,30,418,17,0,8,410,22782,511,0,0,0,0,418,0,0,0,0,236,9400
507,W1,1,1,6,6,0,0,0,0,0,0,0,410,410,391,0,10,10,10,400,400,381,95.365854,12512,45002,27.803209,20,20,30,30,418,16,0,8,410,22782,478,0,0,0,0,418,0,0,0,0,195,9400
508,W1,1,1,5,5,0,0,0,0,0,0,0,410,410,385,0,10,10,9,400,400,376,93.902439,12320,44452,27.715288,20,20,30,30,418,17,0,8,410,22782,511,0,0,0,0,418,0,0,0,0,221,9400
509,W1,1,1,6,6,0,0,0,0,0,0,0,410,410,389,0,10,10,9,400,400,380,94.878049,12448,44782,27.796883,20,20,30,30,418,11,0,8,410,22782,325,0,0,0,0,418,0,0,0,0,188,9400
510,W1,1,1,7,7,0,0,0,0,0,0,0,410,410,385,0,10,10,9,400,400,376,93.902439,12320,44672,27.578797,20,20,30,30,418,13,0,8,410,22782,385,0,0,0,0,418,0,0,0,0,286,9400
511,W1,1,1,7,7,0,0,0,0,0,0,0,410,410,0,0,10,10,0,400,400,0,0.000000,0,44698,0.000000,0,0,0,0,417,11,0,7,410,22753,327,0,0,0,0,417,0,0,0,0,195,9400
512,W1,1,1,6,6,0,0,0,0,0,0,0,410,410,0,0,10,10,0,400,400,0,0.000000,0,44452,0.000000,0,0,0,0,418,9,0,8,410,22782,265,0,0,0,0,418,0,0,0,0,206,9400
513,W1,1,1,6,6,0,0,0,0,0,0,0,410,410,0,0,10,10,0,400,400,0,0.000000,0,44507,0.000000,0,0,0,0,418,9,0,8,410,22782,265,0,0,0,0,418,0,0,0,0,198,9400
514,W1,1,1,7,7,0,0,0,0,0,0,0,410,410,0,0,10,10,0,400,400,0,0.000000,0,44562,0.000000,0,0,0,0,418,11,0,8,410,22782,323,0,0,0,0,418,0,0,0,0,197,9400
515,W1,1,1,7,7,0,0,0,0,0,0,0,410,410,0,0,10,10,0,400,400,0,0.000000,0,44617,0.000000,0,0,0,0,418,12,0,8,410,22782,354,0,0,0,0,418,0,0,0,0,198,9400
516,W1,1,1,8,8,0,0,0,0,0,0,0,410,410,388,0,10,10,9,400,400,379,94.634146,12416,44617,27.827958,20,20,30,30,418,11,0,8,410,22782,325,0,0,0,0,418,0,0,0,0,214,9400
517,W1,1,1,7,7,0,0,0,0,0,0,0,410,410,0,0,10,10,0,400,400,0,0.000000,0,45002,0.000000,0,0,0,0,418,11,0,8,410,22782,325,0,0,0,0,418,0,0,0,0,212,9400
518,W1,1,1,6,6,0,0,0,0,0,0,0,410,410,0,0,10,10,0,400,400,0,0.000000,0,45112,0.000000,0,0,0,0,418,17,0,8,410,22782,513,0,0,0,0,418,0,0,0,0,209,9400
519,W1,1,1,5,5,0,0,0,0,0,0,0,410,410,0,0,10,10,0,400,400,0,0.000000,0,44947,0.000000,0,0,0,0,418,17,0,8,410,22782,511,0,0,0,0,418,0,0,0,0,214,9400
520,W1,1,1,5,5,0,0,0,0,0,0,0,410,410,394,0,10,10,10,400,400,384,96.097561,12608,45002,28.016533,20,20,30,30,418,18,0,8,410,22782,540,0,0,0,0,418,0,0,0,0,216,9400
521,W1,1,1,6,6,0,0,0,0,0,0,0,410,410,0,0,10,10,0,400,400,0,0.000000,0,45002,0.000000,0,0,0,0,418,19,0,8,410,22782,573,0,0,0,0,418,0,0,0,0,225,9400
522,W1,1,1,6,6,0,0,0,0,0,0,0,410,410,0,0,10,10,0,400,400,0,0.000000,0,44617,0.000000,0,0,0,0,418,18,0,8,410,22782,540,0,0,0,0,418,0,0,0,0,200,9400
523,W1,1,1,6,6,0,0,0,0,0,0,0,410,410,393,0,10,10,10,400,400,383,95.853659,12576,44947,27.979620,20,20,30,30,418,19,0,8,410,22782,573,0,0,0,0,418,0,0,0,0,200,9400
524,W1,1,1,6,6,0,0,0,0,0,0,0,410,410,0,0,10,10,0,400,400,0,0.000000,0,44672,0.000000,0,0,0,0,418,18,0,8,410,22782,540,0,0,0,0,418,0,0,0,0,205,9400
525,W1,1,1,6,6,0,0,0,0,0,0,0,410,410,386,0,10,10,10,400,400,376,94.146341,12352,44837,27.548676,20,20,30,30,418,18,0,8,410,22782,542,0,0,0,0,418,0,0,0,0,201,9400
526,W1,1,1,6,6,0,0,0,0,0,0,0,410,410,0,0,10,10,0,400,400,0,0.000000,0,44727,0.000000,0,0,0,0,418,17,0,8,410,22782,511,0,0,0,0,418,0,0,0,0,227,9400
527,W1,1,1,5,5,0,0,0,0,0,0,0,410,410,0,0,10,10,0,400,400,0,0.000000,0,44947,0.000000,0,0,0,0,418,12,0,8,410,22782,354,0,0,0,0,418,0,0,0,0,196,9400
528,W1,1,1,6,6,0,0,0,0,0,0,0,410,410,0,0,10,10,0,400,400,0,0.000000,0,44672,0.000000,0,0,0,0,418,12,0,8,410,22782,354,0,0,0,0,418,0,0,0,0,220,9400
529,W1,1,1,6,6,0,0,0,0,0,0,0,410,410,0,0,10,10,0,400,400,0,0.000000,0,44782,0.000000,0,0,0,0,418,11,0,8,410,22782,325,0,0,0,0,418,0,0,0,0,200,9400
530,W1,1,1,6,6,0,0,0,0,0,0,0,410,410,386,0,10,10,10,400,400,376,94.146341,12352,44782,27.582511,20,20,30,30,418,13,0,8,410,22782,385,0,0,0,0,418,0,0,0,0,205,9400
531,W1,1,1,5,5,0,0,0,0,0,0,0,410,410,393,0,10,10,9,400,400,384,95.853659,12576,44727,28.117245,20,20,30,30,418,11,0,8,410,22782,325,0,0,0,0,418,0,0,0,0,203,9400
532,W1,1,1,6,6,0,0,0,0,0,0,0,410,410,0,0,10,10,0,400,400,0,0.000000,0,44727,0.000000,0,0,0,0,418,11,0,8,410,22782,325,0,0,0,0,418,0,0,0,0,205,9400
533,W1,1,1,6,6,0,0,0,0,0,0,0,410,410,0,0,10,10,0,400,400,0,0.000000,0,45002,0.000000,0,0,0,0,418,10,0,8,410,22782,296,0,0,0,0,418,0,0,0,0,203,9400
534,W1,1,1,6,6,0,0,0,0,0,0,0,410,410,0,0,10,10,0,400,400,0,0.000000,0,44947,0.000000,0,0,0,0,418,12,0,8,410,22782,356,0,0,0,0,418,0,0,0,0,197,9400
535,W1,1,1,6,6,0,0,0,0,0,0,0,410,410,386,0,10,10,10,400,400,376,94.146341,12352,44837,27.548676,20,20,30,30,418,11,0,8,410,22782,325,0,0,0,0,418,0,0,0,0,200,9400
536,W1,1,1,5,5,0,0,0,0,0,0,0,410,410,0,0,10,10,0,400,400,0,0.000000,0,44617,0.000000,0,0,0,0,418,13,0,8,410,22782,385,0,0,0,0,418,0,0,0,0,220,9400
537,W1,1,1,6,6,0,0,0,0,0,0,0,410,410,387,0,10,10,9,400,400,378,94.390244,12384,44672,27.722063,20,20,30,30,418,13,0,8,410,22782,387,0,0,0,0,418,0,0,0,0,194,9400
538,W1,1,1,6,6,0,0,0,0,0,0,0,410,410,0,0,10,10,0,400,400,0,0.000000,0,44947,0.000000,0,0,0,0,418,13,0,8,410,22782,385,0,0,0,0,418,0,0,0,0,194,9400
539,W1,1,1,6,6,0,0,0,0,0,0,0,410,410,388,0,10,10,9,400,400,379,94.634146,12416,44892,27.657489,20,20,30,30,418,13,0,8,410,22782,387,0,0,0,0,418,0,0,0,0,200,9400
540,W1,1,1,6,6,0,0,0,0,0,0,0,410,410,0,0,10,10,0,400,400,0,0.000000,0,44947,0.000000,0,0,0,0,418,12,0,8,410,22782,356,0,0,0,0,418,0,0,0,0,195,9400
541,W1,1,1,6,6,0,0,0,0,0,0,0,410,410,0,0,10,10,0,400,400,0,0.000000,0,44892,0.000000,0,0,0,0,418,12,0,8,410,22782,356,0,0,0,0,418,0,0,0,0,209,9400
542,W1,1,1,6,6,0,0,0,0,0,0,0,410,410,0,0,10,10,0,400,400,0,0.000000,0,44727,0.000000,0,0,0,0,418,19,0,8,410,22782,571,0,0,0,0,418,0,0,0,0,212,9400
543,W1,1,1,5,5,1,0,0,0,4,0,0,410,410,0,0,10,10,0,400,400,0,0.000000,0,1007,0.000000,0,0,0,0,18,12,0,18,0,542,356,0,0,0,0,18,0,10,0,0,238,9400
544,W1,1,1,6,6,0,0,0,0,0,0,0,410,410,0,0,10,10,0,400,400,0,0.000000,0,44782,0.000000,0,0,0,0,418,17,0,8,410,22782,513,0,0,0,0,418,0,0,0,0,227,9400
545,W1,1,1,6,6,0,0,0,0,0,0,0,410,410,0,0,10,10,0,400,400,0,0.000000,0,45002,0.000000,0,0,0,0,418,19,0,8,410,22782,571,0,0,0,0,418,0,0,0,0,206,9400
546,W1,1,1,6,6,0,0,0,0,0,0,0,410,410,398,0,10,10,9,400,400,389,97.073171,12736,44973,28.319214,20,20,30,30,417,18,0,7,410,22753,540,0,0,0,0,417,0,0,0,0,223,9400
547,W1,1,1,6,6,0,0,0,0,0,0,0,410,410,0,0,10,10,0,400,400,0,0.000000,0,44782,0.000000,0,0,0,0,418,19,0,8,410,22782,571,0,0,0,0,418,0,0,0,0,212,9400
548,W1,1,1,5,5,0,0,0,0,0,0,0,410,410,0,0,10,10,0,400,400,0,0.000000,0,45112,0.000000,0,0,0,0,418,18,0,8,410,22782,540,0,0,0,0,418,0,0,0,0,219,9400
549,W1,1,1,6,6,0,0,0,0,0,0,0,410,410,387,0,10,10,8,400,400,379,94.390244,12384,44782,27.653968,20,20,30,30,418,20,0,8,410,22782,602,0,0,0,0,418,0,0,0,0,195,9400
550,W1,1,1,6,6,0,0,0,0,0,0,0,410,410,0,0,10,10,0,400,400,0,0.000000,0,44727,0.000000,0,0,0,0,418,18,0,8,410,22782,542,0,0,0,0,418,0,0,0,0,208,9400
551,W1,1,1,6,6,0,0,0,0,0,0,0,410,410,0,0,10,10,0,400,400,0,0.000000,0,44617,0.000000,0,0,0,0,418,17,0,8,410,22782,511,0,0,0,0,418,0,0,0,0,188,9400
552,W1,1,1,6,6,0,0,0,0,0,0,0,410,410,386,0,10,10,9,400,400,377,94.146341,12352,44617,27.684515,20,20,30,30,418,19,0,8,410,22782,569,0,0,0,0,418,0,0,0,0,212,9400
553,W1,1,1,6,6,0,0,0,0,0,0,0,410,410,0,0,10,10,0,400,400,0,0.000000,0,44562,0.000000,0,0,0,0,418,18,0,8,410,22782,540,0,0,0,0,418,0,0,0,0,236,9400
554,W1,1,1,5,5,0,0,0,0,0,0,0,410,410,0,0,10,10,0,400,400,0,0.000000,0,44782,0.000000,0,0,0,0,418,8,0,8,410,22782,232,0,0,0,0,418,0,0,0,0,207,9400
555,W1,1,0,0,5,0,0,0,0,0,0,0,410,310,0,0,10,10,0,400,300,0,0.000000,0,33443,0.000000,0,0,0,0,310,1,0,2,308,16998,29,94,5,1,0,310,0,0,0,94,180,9400
556,W1,1,1,5,5,0,0,0,0,0,0,0,410,410,0,0,10,10,0,400,400,0,0.000000,0,44507,0.000000,0,0,0,0,418,8,0,8,410,22782,232,0,0,0,0,418,0,0,0,0,222,9400
557,W1,1,1,5,5,0,0,0,0,0,0,0,410,410,0,0,10,10,0,400,400,0,0.000000,0,44947,0.000000,0,0,0,0,418,7,0,8,410,22782,203,0,0,0,0,418,0,0,0,0,248,9400
558,W1,1,1,5,5,0,0,0,0,0,0,0,410,410,0,0,10,10,0,400,400,0,0.000000,0,44672,0.000000,0,0,0,0,418,8,0,8,410,22782,232,0,0,0,0,418,0,0,0,0,191,9400
559,W1,1,1,5,5,0,0,0,0,0,0,0,410,410,0,0,10,10,0,400,400,0,0.000000,0,44287,0.000000,0,0,0,0,418,9,0,8,410,22782,261,0,0,0,0,418,0,0,0,0,185,9400
560,W1,1,1,5,5,0,0,0,0,0,0,0,410,410,386,0,10,10,10,400,400,376,94.146341,12352,44562,27.718684,20,20,30,30,418,9,0,8,410,22782,261,0,0,0,0,418,0,0,0,0,232,9400
561,W1,1,1,5,5,0,0,0,0,0,0,0,410,410,387,0,10,10,10,400,400,377,94.390244,12384,44452,27.859264,20,20,30,30,418,9,0,8,410,22782,261,0,0,0,0,418,0,0,0,0,204,9400
562,W1,1,1,5,5,0,0,0,0,0,0,0,410,410,0,0,10,10,0,400,400,0,0.000000,0,44452,0.000000,0,0,0,0,418,7,0,8,410,22782,203,0,0,0,0,418,0,0,0,0,202,9400
563,W1,1,1,5,5,0,0,0,0,0,0,0,410,410,393,0,10,10,10,400,400,383,95.853659,12576,44837,28.048264,20,20,30,30,418,15,0,8,410,22782,449,0,0,0,0,418,0,0,0,0,191,9400
564,W1,1,1,5,5,0,0,0,0,0,0,0,410,410,0,0,10,10,0,400,400,0,0.000000,0,45167,0.000000,0,0,0,0,418,14,0,8,410,22782,420,0,0,0,0,418,0,0,0,0,223,9400
565,W1,1,1,5,5,0,0,0,0,0,0,0,410,410,384,0,10,10,10,400,400,374,93.658537,12288,44342,27.711876,20,20,30,30,418,15,0,8,410,22782,449,0,0,0,0,418,0,0,0,0,206,9400
566,W1,1,1,5,5,0,0,0,0,0,0,0,410,410,0,0,10,10,0,400,400,0,0.000000,0,44617,0.000000,0,0,0,0,418,20,0,8,410,22782,600,0,0,0,0,418,0,0,0,0,221,9400
567,W1,1,1,5,5,0,0,0,0,0,0,0,410,410,389,0,10,10,10,400,400,379,94.878049,12448,44727,27.831064,20,20,30,30,418,14,0,8,410,22782,418,0,0,0,0,418,0,0,0,0,249,9400
568,W1,1,1,5,5,0,0,0,0,0,0,0,410,410,391,0,10,10,8,400,400,383,95.365854,12512,44892,27.871336,20,20,30,30,418,16,0,8,410,22782,480,0,0,0,0,418,0,0,0,0,212,9400
569,W1,1,1,5,5,0,0,0,0,0,0,0,410,410,0,0,10,10,0,400,400,0,0.000000,0,44617,0.000000,0,0,0,0,418,18,0,8,410,22782,542,0,0,0,0,418,0,0,0,0,219,9400
570,W1,1,1,5,5,0,0,0,0,0,0,0,410,410,0,0,10,10,0,400,400,0,0.000000,0,44837,0.000000,0,0,0,0,418,16,0,8,410,22782,480,0,0,0,0,418,0,0,0,0,221,9400
571,W1,1,1,5,5,0,0,0,0,0,0,0,410,410,0,0,10,10,0,400,400,0,0.000000,0,44782,0.000000,0,0,0,0,418,18,0,8,410,22782,540,0,0,0,0,418,0,0,0,0,202,9400
572,W1,1,1,5,5,0,0,0,0,0,0,0,410,410,0,0,10,10,0,400,400,0,0.000000,0,45002,0.000000,0,0,0,0,418,17,0,8,410,22782,509,0,0,0,0,418,0,0,0,0,200,9400
573,W1,1,1,5,5,0,0,0,0,0,0,0,410,410,0,0,10,10,0,400,400,0,0.000000,0,44782,0.000000,0,0,0,0,418,21,0,8,410,22782,633,0,0,0,0,418,0,0,0,0,227,9400
574,W1,1,1,5,5,0,0,0,0,0,0,0,410,410,0,0,10,10,0,400,400,0,0.000000,0,44452,0.000000,0,0,0,0,418,16,0,8,410,22782,482,0,0,0,0,418,0,0,0,0,212,9400
575,W1,1,1,6,6,0,0,0,0,0,0,0,410,410,0,0,10,10,0,400,400,0,0.000000,0,44397,0.000000,0,0,0,0,418,12,0,8,410,22782,352,0,0,0,0,418,0,0,0,0,209,9400
576,W1,1,1,5,5,0,0,0,0,0,0,0,410,410,397,0,10,10,9,400,400,388,96.829268,12704,45002,28.229856,20,20,30,30,418,10,0,8,410,22782,294,0,0,0,0,418,0,0,0,0,206,9400
577,W1,1,1,6,6,0,0,0,0,0,0,0,410,410,0,0,10,10,0,400,400,0,0.000000,0,44782,0.000000,0,0,0,0,418,9,0,8,410,22782,265,0,0,0,0,418,0,0,0,0,194,9400
578,W1,1,1,6,6,0,0,0,0,0,0,0,410,410,396,0,10,10,10,400,400,386,96.585366,12672,45112,28.090087,20,20,30,30,418,11,0,8,410,22782,325,0,0,0,0,418,0,0,0,0,218,9400
579,W1,1,1,6,6,0,0,0,0,0,0,0,410,410,394,0,10,10,10,400,400,384,96.097561,12608,44892,28.085182,20,20,30,30,418,10,0,8,410,22782,296,0,0,0,0,418,0,0,0,0,197,9400
580,W1,1,1,6,6,0,0,0,0,0,0,0,410,410,0,0,10,10,0,400,400,0,0.000000,0,44672,0.000000,0,0,0,0,418,11,0,8,410,22782,325,0,0,0,0,418,0,0,0,0,189,9400
581,W1,1,1,5,5,0,0,0,0,0,0,0,410,410,0,0,10,10,0,400,400,0,0.000000,0,44727,0.000000,0,0,0,0,418,12,0,8,410,22782,356,0,0,0,0,418,0,0,0,0,209,9400
582,W1,1,1,5,5,0,0,0,0,0,0,0,410,410,0,0,10,10,0,400,400,0,0.000000,0,44782,0.000000,0,0,0,0,418,13,0,8,410,22782,387,0,0,0,0,418,0,0,0,0,201,9400
583,W1,1,1,6,6,0,0,0,0,0,0,0,410,410,0,0,10,10,0,400,400,0,0.000000,0,44837,0.000000,0,0,0,0,418,14,0,8,410,22782,416,0,0,0,0,418,0,0,0,0,196,9400
584,W1,1,1,5,5,0,0,0,0,0,0,0,410,410,382,0,10,10,10,400,400,372,93.170732,12224,44617,27.397629,20,20,30,30,418,17,0,8,410,22782,509,0,0,0,0,418,0,0,0,0,228,9400
585,W1,1,1,5,5,0,0,0,0,0,0,0,410,410,395,0,10,10,9,400,400,386,96.341463,12640,45028,28.071422,20,20,30,30,417,15,0,7,410,22753,451,0,0,0,0,417,0,0,0,0,225,9400
586,W1,1,1,5,5,0,0,0,0,0,0,0,410,410,382,0,10,10,9,400,400,373,93.170732,12224,44672,27.363897,20,20,30,30,418,15,0,8,410,22782,451,0,0,0,0,418,0,0,0,0,230,9400
587,W1,1,1,5,5,0,0,0,0,0,0,0,410,410,0,0,10,10,0,400,400,0,0.000000,0,44782,0.000000,0,0,0,0,418,17,0,8,410,22782,509,0,0,0,0,418,0,0,0,0,217,9400
588,W1,1,1,5,5,0,0,0,0,0,0,0,410,410,0,0,10,10,0,400,400,0,0.000000,0,44452,0.000000,0,0,0,0,418,16,0,8,410,22782,482,0,0,0,0,418,0,0,0,0,234,9400
589,W1,1,1,5,5,0,0,0,0,0,0,0,410,410,0,0,10,10,0,400,400,0,0.000000,0,45002,0.000000,0,0,0,0,418,15,0,8,410,22782,451,0,0,0,0,418,0,0,0,0,240,9400
590,W1,1,1,5,5,0,0,0,0,0,0,0,410,410,0,0,10,10,0,400,400,0,0.000000,0,44588,0.000000,0,0,0,0,417,10,0,7,410,22753,296,0,0,0,0,417,0,0,0,0,225,9400
591,W1,1,1,5,5,0,0,0,0,0,0,0,410,410,394,0,10,10,10,400,400,384,96.097561,12608,45028,28.000355,20,20,30,30,417,10,0,7,410,22753,298,0,0,0,0,417,0,0,0,0,191,9400
592,W1,1,1,5,5,0,0,0,0,0,0,0,410,410,0,0,10,10,0,400,400,0,0.000000,0,44588,0.000000,0,0,0,0,417,12,0,7,410,22753,356,0,0,0,0,417,0,0,0,0,188,9400
593,W1,1,1,5,5,0,0,0,0,0,0,0,410,410,0,0,10,10,0,400,400,0,0.000000,0,44562,0.000000,0,0,0,0,418,7,0,8,410,22782,203,0,0,0,0,418,0,0,0,0,176,9400
594,W1,1,1,5,5,0,0,0,0,0,0,0,410,410,0,0,10,10,0,400,400,0,0.000000,0,44452,0.000000,0,0,0,0,418,7,0,8,410,22782,203,0,0,0,0,418,0,0,0,0,178,9400
595,W1,1,1,5,5,0,0,0,0,0,0,0,410,410,0,0,10,10,0,400,400,0,0.000000,0,44643,0.000000,0,0,0,0,417,6,0,7,410,22753,174,0,0,0,0,417,0,0,0,0,203,9400
596,W1,1,1,5,5,0,0,0,0,0,0,0,410,410,387,0,10,10,10,400,400,377,94.390244,12384,44672,27.722063,20,20,30,30,418,12,0,8,410,22782,354,0,0,0,0,418,0,0,0,0,186,9400
597,W1,1,1,5,5,0,0,0,0,0,0,0,410,410,0,0,10,10,0,400,400,0,0.000000,0,44837,0.000000,0,0,0,0,418,13,0,8,410,22782,383,0,0,0,0,418,0,0,0,0,202,9400
598,W1,1,1,5,5,0,0,0,0,0,0,0,410,410,0,0,10,10,0,400,400,0,0.000000,0,44727,0.000000,0,0,0,0,418,12,0,8,410,22782,354,0,0,0,0,418,0,0,0,0,211,9400
599,W1,1,1,5,5,0,0,0,0,0,0,0,410,410,0,0,10,10,0,400,400,0,0.000000,0,44617,0.000000,0,0,0,0,418,15,0,8,410,22782,449,0,0,0,0,418,0,0,0,0,204,9400
600,W1,1,1,5,5,0,0,0,0,0,0,0,410,410,0,0,10,10,0,400,400,0,0.000000,0,44672,0.000000,0,0,0,0,418,13,0,8,410,22782,389,0,0,0,0,418,0,0,0,0,218,9400
601,W1,1,1,5,5,0,0,0,0,0,0,0,410,410,0,0,10,10,0,400,400,0,0.000000,0,44782,0.000000,0,0,0,0,418,14,0,8,410,22782,418,0,0,0,0,418,0,0,0,0,216,9400
602,W1,1,1,5,5,0,0,0,0,0,0,0,410,410,0,0,10,10,0,400,400,0,0.000000,0,44837,0.000000,0,0,0,0,418,15,0,8,410,22782,447,0,0,0,0,418,0,0,0,0,216,9400
603,W1,1,1,5,5,0,0,0,0,0,0,0,410,410,396,0,10,10,10,400,400,386,96.585366,12672,44782,28.297084,20,20,30,30,418,13,0,8,410,22782,387,0,0,0,0,418,0,0,0,0,199,9400
604,W1,1,1,5,5,0,0,0,0,0,0,0,410,410,392,0,10,10,10,400,400,382,95.609756,12544,44727,28.045699,20,20,30,30,418,14,0,8,410,22782,418,0,0,0,0,418,0,0,0,0,203,9400
605,W1,1,1,6,6,0,0,0,0,0,0,0,410,410,0,0,10,10,0,400,400,0,0.000000,0,44313,0.000000,0,0,0,0,417,20,0,7,410,22753,602,0,0,0,0,417,0,0,0,0,200,9400
606,W1,1,1,6,6,0,0,0,0,0,0,0,410,410,0,0,10,10,0,400,400,0,0.000000,0,44782,0.000000,0,0,0,0,418,14,0,8,410,22782,420,0,0,0,0,418,0,0,0,0,213,9400
607,W1,1,1,7,7,0,0,0,0,0,0,0,410,410,0,0,10,10,0,400,400,0,0.000000,0,44892,0.000000,0,0,0,0,418,12,0,8,410,22782,360,0,0,0,0,418,0,0,0,0,199,9400
608,W1,1,1,5,5,0,0,0,0,0,0,0,410,410,382,0,10,10,10,400,400,372,93.170732,12224,44397,27.533392,20,20,30,30,418,13,0,8,410,22782,387,0,0,0,0,418,0,0,0,0,216,9400
609,W1,1,1,5,5,0,0,0,0,0,0,0,410,410,0,0,10,10,0,400,400,0,0.000000,0,44727,0.000000,0,0,0,0,418,14,0,8,410,22782,416,0,0,0,0,418,0,0,0,0,180,9400
610,W1,1,1,6,6,0,0,0,0,0,0,0,410,410,0,0,10,10,0,400,400,0,0.000000,0,44562,0.000000,0,0,0,0,418,13,0,8,410,22782,387,0,0,0,0,418,0,0,0,0,196,9400
611,W1,1,1,5,5,0,0,0,0,0,0,0,410,410,0,0,10,10,0,400,400,0,0.000000,0,44727,0.000000,0,0,0,0,418,15,0,8,410,22782,447,0,0,0,0,418,0,0,0,0,225,9400
612,W1,1,1,5,5,0,0,0,0,0,0,0,410,410,397,0,10,10,9,400,400,388,96.829268,12704,44892,28.299029,20,20,30,30,418,16,0,8,410,22782,478,0,0,0,0,418,0,0,0,0,194,9400
613,W1,1,1,5,5,0,0,0,0,0,0,0,410,410,0,0,10,10,0,400,400,0,0.000000,0,44397,0.000000,0,0,0,0,418,15,0,8,410,22782,447,0,0,0,0,418,0,0,0,0,401,9400
614,W1,1,1,5,5,0,0,0,0,0,0,0,410,410,0,0,10,10,0,400,400,0,0.000000,0,44452,0.000000,0,0,0,0,418,15,0,8,410,22782,451,0,0,0,0,418,0,0,0,0,202,9400
615,W1,1,1,5,5,0,0,0,0,0,0,0,410,410,383,0,10,10,9,400,400,374,93.414634,12256,44507,27.537241,20,20,30,30,418,16,0,8,410,22782,480,0,0,0,0,418,0,0,0,0,196,9400
616,W1,1,1,5,5,0,0,0,0,0,0,0,410,410,385,0,10,10,10,400,400,375,93.902439,12320,44727,27.544883,20,20,30,30,418,19,0,8,410,22782,567,0,0,0,0,418,0,0,0,0,188,9400
617,W1,1,1,5,5,0,0,0,0,0,0,0,410,410,0,0,10,10,0,400,400,0,0.000000,0,44947,0.000000,0,0,0,0,418,14,0,8,410,22782,420,0,0,0,0,418,0,0,0,0,186,9400
618,W1,1,1,5,5,0,0,0,0,0,0,0,410,410,396,0,10,10,10,400,400,386,96.585366,12672,44782,28.297084,20,20,30,30,418,15,0,8,410,22782,449,0,0,0,0,418,0,0,0,0,215,9400
619,W1,1,1,5,5,0,0,0,0,0,0,0,410,410,0,0,10,10,0,400,400,0,0.000000,0,45057,0.000000,0,0,0,0,418,17,0,8,410,22782,509,0,0,0,0,418,0,0,0,0,198,9400
620,W1,1,1,5,5,0,0,0,0,0,0,0,410,410,386,0,10,10,9,400,400,377,94.146341,12352,44672,27.650430,20,20,30,30,418,13,0,8,410,22782,391,0,0,0,0,418,0,0,0,0,212,9400
621,W1,1,1,5,5,0,0,0,0,0,0,0,410,410,0,0,10,10,0,400,400,0,0.000000,0,44782,0.000000,0,0,0,0,418,15,0,8,410,22782,449,0,0,0,0,418,0,0,0,0,230,9400
622,W1,1,1,5,5,0,0,0,0,0,0,0,410,410,0,0,10,10,0,400,400,0,0.000000,0,44562,0.000000,0,0,0,0,418,15,0,8,410,22782,449,0,0,0,0,418,0,0,0,0,217,9400
623,W1,1,1,5,5,0,0,0,0,0,0,0,410,410,391,0,10,10,10,400,400,381,95.365854,12512,44892,27.871336,20,20,30,30,418,16,0,8,410,22782,478,0,0,0,0,418,0,0,0,0,242,9400
624,W1,1,1,5,5,0,0,0,0,0,0,0,410,410,0,0,10,10,0,400,400,0,0.000000,0,44727,0.000000,0,0,0,0,418,16,0,8,410,22782,478,0,0,0,0,418,0,0,0,0,221,9400
625,W1,1,1,5,5,0,0,0,0,0,0,0,410,410,392,0,10,10,10,400,400,382,95.609756,12544,44892,27.942618,20,20,30,30,418,17,0,8,410,22782,509,0,0,0,0,418,0,0,0,0,210,9400
626,W1,1,1,5,5,0,0,0,0,0,0,0,410,410,0,0,10,10,0,400,400,0,0.000000,0,43957,0.000000,0,0,0,0,418,15,0,8,410,22782,449,0,0,0,0,418,0,0,0,0,200,9400
627,W1,1,1,5,5,0,0,0,0,0,0,0,410,410,0,0,10,10,0,400,400,0,0.000000,0,44452,0.000000,0,0,0,0,418,16,0,8,410,22782,480,0,0,0,0,418,0,0,0,0,196,9400
628,W1,1,1,6,6,0,0,0,0,0,0,0,410,410,402,0,10,10,10,400,400,392,98.048780,12864,45057,28.550503,20,20,30,30,418,15,0,8,410,22782,449,0,0,0,0,418,0,0,0,0,235,9400
629,W1,1,1,5,5,0,0,0,0,0,0,0,410,410,391,0,10,10,10,400,400,381,95.365854,12512,44947,27.837231,20,20,30,30,418,15,0,8,410,22782,449,0,0,0,0,418,0,0,0,0,210,9400
630,W1,1,1,5,5,0,0,0,0,0,0,0,410,410,388,0,10,10,9,400,400,379,94.634146,12416,44672,27.793696,20,20,30,30,418,15,0,8,410,22782,447,0,0,0,0,418,0,0,0,0,210,9400
631,W1,1,1,5,5,0,0,0,0,0,0,0,410,410,0,0,10,10,0,400,400,0,0.000000,0,44617,0.000000,0,0,0,0,418,16,0,8,410,22782,478,0,0,0,0,418,0,0,0,0,255,9400
632,W1,1,1,5,5,0,0,0,0,0,0,0,410,410,0,0,10,10,0,400,400,0,0.000000,0,44643,0.000000,0,0,0,0,417,13,0,7,410,22753,389,0,0,0,0,417,0,0,0,0,209,9400
633,W1,1,1,5,5,0,0,0,0,0,0,0,410,410,0,0,10,10,0,400,400,0,0.000000,0,44782,0.000000,0,0,0,0,418,15,0,8,410,22782,445,0,0,0,0,418,0,0,0,0,196,9400
634,W1,1,1,5,5,0,0,0,0,0,0,0,410,410,0,0,10,10,0,400,400,0,0.000000,0,44837,0.000000,0,0,0,0,418,15,0,8,410,22782,449,0,0,0,0,418,0,0,0,0,200,9400
635,W1,1,1,5,5,0,0,0,0,0,0,0,410,410,393,0,10,10,10,400,400,383,95.853659,12576,44782,28.082712,20,20,30,30,418,18,0,8,410,22782,540,0,0,0,0,418,0,0,0,0,284,9400
636,W1,1,1,6,6,0,0,0,0,0,0,0,410,410,0,0,10,10,0,400,400,0,0.000000,0,44782,0.000000,0,0,0,0,418,17,0,8,410,22782,511,0,0,0,0,418,0,0,0,0,213,9400
637,W1,1,1,5,5,0,0,0,0,0,0,0,410,410,0,0,10,10,0,400,400,0,0.000000,0,44672,0.000000,0,0,0,0,418,18,0,8,410,22782,540,0,0,0,0,418,0,0,0,0,231,9400
638,W1,1,1,6,6,0,0,0,0,0,0,0,410,410,0,0,10,10,0,400,400,0,0.000000,0,44617,0.000000,0,0,0,0,418,18,0,8,410,22782,542,0,0,0,0,418,0,0,0,0,198,9400
639,W1,1,1,6,6,0,0,0,0,0,0,0,410,410,392,0,10,10,10,400,400,382,95.609756,12544,44727,28.045699,20,20,30,30,418,18,0,8,410,22782,542,0,0,0,0,418,0,0,0,0,222,9400
640,W1,1,1,6,6,0,0,0,0,0,0,0,410,410,0,0,10,10,0,400,400,0,0.000000,0,44507,0.000000,0,0,0,0,418,19,0,8,410,22782,571,0,0,0,0,418,0,0,0,0,212,9400
641,W1,1,1,6,6,0,0,0,0,0,0,0,410,410,390,0,10,10,9,400,400,381,95.121951,12480,44918,27.783962,20,20,30,30,417,18,0,7,410,22753,544,0,0,0,0,417,0,0,0,0,200,9400
642,W1,1,1,6,6,0,0,0,0,0,0,0,410,410,384,0,10,10,9,400,400,375,93.658537,12288,44918,27.356516,20,20,30,30,417,15,0,7,410,22753,451,0,0,0,0,417,0,0,0,0,259,9400
643,W1,1,1,5,5,0,0,0,0,0,0,0,410,410,0,0,10,10,0,400,400,0,0.000000,0,44837,0.000000,0,0,0,0,418,20,0,8,410,22782,598,0,0,0,0,418,0,0,0,0,257,9400
644,W1,1,1,5,5,0,0,0,0,0,0,0,410,410,0,0,10,10,0,400,400,0,0.000000,0,44617,0.000000,0,0,0,0,418,28,0,8,410,22782,848,0,0,0,0,418,0,0,0,0,256,9400
645,W1,1,1,5,5,0,0,0,0,0,0,0,410,410,392,0,10,10,9,400,400,383,95.609756,12544,44947,27.908425,20,20,30,30,418,26,0,8,410,22782,792,0,0,0,0,418,0,0,0,0,236,9400
646,W1,1,1,5,5,0,0,0,0,0,0,0,410,410,0,0,10,10,0,400,400,0,0.000000,0,45112,0.000000,0,0,0,0,418,27,0,8,410,22782,823,0,0,0,0,418,0,0,0,0,280,9400
647,W1,1,1,7,7,0,0,0,0,0,0,0,410,410,0,0,10,10,0,400,400,0,0.000000,0,44753,0.000000,0,0,0,0,417,15,0,7,410,22753,453,0,0,0,0,417,0,0,0,0,229,9400
648,W1,1,1,8,8,0,0,0,0,0,0,0,410,410,0,0,10,10,0,400,400,0,0.000000,0,44452,0.000000,0,0,0,0,418,17,0,8,410,22782,509,0,0,0,0,418,0,0,0,0,284,9400
649,W1,1,1,7,7,0,0,0,0,0,0,0,410,410,0,0,10,10,0,400,400,0,0.000000,0,44753,0.000000,0,0,0,0,417,14,0,7,410,22753,420,0,0,0,0,417,0,0,0,0,234,9400
650,W1,1,1,7,7,1,0,0,0,4,0,0,410,410,0,0,10,10,0,400,400,0,0.000000,0,22566,0.000000,0,0,0,0,218,25,0,14,204,11638,757,0,0,0,0,218,0,6,0,0,316,9400
651,W1,1,1,5,5,0,0,0,0,0,0,0,410,410,0,0,10,10,0,400,400,0,0.000000,0,44727,0.000000,0,0,0,0,418,24,0,8,410,22782,726,0,0,0,0,418,0,0,0,0,300,9400
652,W1,1,1,5,5,0,0,0,0,0,0,0,410,410,391,0,10,10,9,400,400,382,95.365854,12512,44782,27.939797,20,20,30,30,418,27,0,8,410,22782,821,0,0,0,0,418,0,0,0,0,222,9400
653,W1,1,1,6,6,0,0,0,0,0,0,0,410,410,0,0,10,10,0,400,400,0,0.000000,0,44782,0.000000,0,0,0,0,418,22,0,8,410,22782,664,0,0,0,0,418,0,0,0,0,228,9400
654,W1,1,1,7,7,0,0,0,0,0,0,0,410,410,0,0,10,10,0,400,400,0,0.000000,0,44672,0.000000,0,0,0,0,418,20,0,8,410,22782,604,0,0,0,0,418,0,0,0,0,207,9400
655,W1,1,1,7,7,0,0,0,0,0,0,0,410,410,0,0,10,10,0,400,400,0,0.000000,0,44507,0.000000,0,0,0,0,418,22,0,8,410,22782,664,0,0,0,0,418,0,0,0,0,206,9400
656,W1,1,1,6,6,0,0,0,0,0,0,0,410,410,390,0,10,10,9,400,400,381,95.121951,12480,44753,27.886399,20,20,30,30,417,20,0,7,410,22753,608,0,0,0,0,417,0,0,0,0,250,9400
657,W1,1,1,6,6,0,0,0,0,0,0,0,410,410,389,0,10,10,9,400,400,380,94.878049,12448,44672,27.865330,20,20,30,30,418,20,0,8,410,22782,606,0,0,0,0,418,0,0,0,0,217,9400
658,W1,1,1,6,6,0,0,0,0,0,0,0,410,410,0,0,10,10,0,400,400,0,0.000000,0,44947,0.000000,0,0,0,0,418,22,0,8,410,22782,666,0,0,0,0,418,0,0,0,0,224,9400
659,W1,1,1,7,7,0,0,0,0,0,0,0,410,410,0,0,10,10,0,400,400,0,0.000000,0,44617,0.000000,0,0,0,0,418,15,0,8,410,22782,447,0,0,0,0,418,0,0,0,0,208,9400
660,W1,1,1,8,8,0,0,0,0,0,0,0,410,410,0,0,10,10,0,400,400,0,0.000000,0,45057,0.000000,0,0,0,0,418,13,0,8,410,22782,387,0,0,0,0,418,0,0,0,0,255,9400
661,W1,1,1,7,7,0,0,0,0,0,0,0,410,410,0,0,10,10,0,400,400,0,0.000000,0,45002,0.000000,0,0,0,0,418,18,0,8,410,22782,536,0,0,0,0,418,0,0,0,0,210,9400
662,W1,1,1,6,6,0,0,0,0,0,0,0,410,410,398,0,10,10,9,400,400,389,97.073171,12736,44837,28.405112,20,20,30,30,418,16,0,8,410,22782,480,0,0,0,0,418,0,0,0,0,203,9400
663,W1,1,1,6,6,0,0,0,0,0,0,0,410,410,386,0,10,10,10,400,400,376,94.146341,12352,44672,27.650430,20,20,30,30,418,17,0,8,410,22782,511,0,0,0,0,418,0,0,0,0,196,9400
664,W1,1,1,6,6,0,0,0,0,0,0,0,410,410,392,0,10,10,10,400,400,382,95.609756,12544,44892,27.942618,20,20,30,30,418,20,0,8,410,22782,604,0,0,0,0,418,0,0,0,0,218,9400
665,W1,1,1,6,6,0,0,0,0,0,0,0,410,410,0,0,10,10,0,400,400,0,0.000000,0,44672,0.000000,0,0,0,0,418,16,0,8,410,22782,480,0,0,0,0,418,0,0,0,0,213,9400
666,W1,1,1,5,5,0,0,0,0,0,0,0,410,410,0,0,10,10,0,400,400,0,0.000000,0,44727,0.000000,0,0,0,0,418,18,0,8,410,22782,538,0,0,0,0,418,0,0,0,0,272,9400
667,W1,1,1,6,6,0,0,0,0,0,0,0,410,410,0,0,10,10,0,400,400,0,0.000000,0,44947,0.000000,0,0,0,0,418,17,0,8,410,22782,511,0,0,0,0,418,0,0,0,0,267,9400
668,W1,1,1,6,6,0,0,0,0,0,0,0,410,410,388,0,10,10,10,400,400,378,94.634146,12416,44533,27.880448,20,20,30,30,417,15,0,7,410,22753,451,0,0,0,0,417,0,0,0,0,245,9400
669,W1,1,1,6,6,0,0,0,0,0,0,0,410,410,0,0,10,10,0,400,400,0,0.000000,0,44947,0.000000,0,0,0,0,418,18,0,8,410,22782,542,0,0,0,0,418,0,0,0,0,236,9400
670,W1,1,1,6,6,0,0,0,0,0,0,0,410,410,0,0,10,10,0,400,400,0,0.000000,0,44837,0.000000,0,0,0,0,418,16,0,8,410,22782,480,0,0,0,0,418,0,0,0,0,248,9400
671,W1,1,1,5,5,0,0,0,0,0,0,0,410,410,394,0,10,10,10,400,400,384,96.097561,12608,44947,28.050815,20,20,30,30,418,28,0,8,410,22782,852,0,0,0,0,418,0,0,0,0,257,9400
672,W1,1,1,5,5,0,0,0,0,0,0,0,410,410,0,0,10,10,0,400,400,0,0.000000,0,44562,0.000000,0,0,0,0,418,27,0,8,410,22782,819,0,0,0,0,418,0,0,0,0,262,9400
673,W1,1,1,5,5,0,0,0,0,0,0,0,410,410,382,0,10,10,10,400,400,372,93.170732,12224,44562,27.431444,20,20,30,30,418,28,0,8,410,22782,850,0,0,0,0,418,0,0,0,0,257,9400
674,W1,1,1,5,5,0,0,0,0,0,0,0,410,410,391,0,10,10,10,400,400,381,95.365854,12512,44782,27.939797,20,20,30,30,418,28,0,8,410,22782,850,0,0,0,0,418,0,0,0,0,241,9400
675,W1,1,1,5,5,0,0,0,0,0,0,0,410,410,0,0,10,10,0,400,400,0,0.000000,0,44892,0.000000,0,0,0,0,418,25,0,8,410,22782,755,0,0,0,0,418,0,0,0,0,238,9400
676,W1,1,1,6,6,0,0,0,0,0,0,0,410,410,0,0,10,10,0,400,400,0,0.000000,0,44588,0.000000,0,0,0,0,417,25,0,7,410,22753,763,0,0,0,0,417,0,0,0,0,222,9400
677,W1,1,1,5,5,0,0,0,0,0,0,0,410,410,0,0,10,10,0,400,400,0,0.000000,0,44782,0.000000,0,0,0,0,418,26,0,8,410,22782,790,0,0,0,0,418,0,0,0,0,206,9400
678,W1,1,1,5,5,0,0,0,0,0,0,0,410,410,0,0,10,10,0,400,400,0,0.000000,0,44562,0.000000,0,0,0,0,418,28,0,8,410,22782,852,0,0,0,0,418,0,0,0,0,252,9400
679,W1,1,1,6,6,0,0,0,0,0,0,0,410,410,0,0,10,10,0,400,400,0,0.000000,0,44698,0.000000,0,0,0,0,417,30,0,7,410,22753,910,0,0,0,0,417,0,0,0,0,238,9400
680,W1,1,1,5,5,0,0,0,0,0,0,0,410,410,390,0,10,10,9,400,400,381,95.121951,12480,44837,27.834155,20,20,30,30,418,16,0,8,410,22782,480,0,0,0,0,418,0,0,0,0,206,9400
681,W1,1,1,5,5,0,0,0,0,0,0,0,410,410,396,0,10,10,10,400,400,386,96.585366,12672,45002,28.158749,20,20,30,30,418,21,0,8,410,22782,631,0,0,0,0,418,0,0,0,0,213,9400
682,W1,1,1,6,6,0,0,0,0,0,0,0,410,410,0,0,10,10,0,400,400,0,0.000000,0,45057,0.000000,0,0,0,0,418,18,0,8,410,22782,540,0,0,0,0,418,0,0,0,0,207,9400
683,W1,1,1,5,5,0,0,0,0,0,0,0,410,410,0,0,10,10,0,400,400,0,0.000000,0,44423,0.000000,0,0,0,0,417,17,0,7,410,22753,515,0,0,0,0,417,0,0,0,0,201,9400
684,W1,1,1,5,5,0,0,0,0,0,0,0,410,410,0,0,10,10,0,400,400,0,0.000000,0,44727,0.000000,0,0,0,0,418,20,0,8,410,22782,602,0,0,0,0,418,0,0,0,0,219,9400
685,W1,1,1,5,5,0,0,0,0,0,0,0,410,410,0,0,10,10,0,400,400,0,0.000000,0,44672,0.000000,0,0,0,0,418,19,0,8,410,22782,569,0,0,0,0,418,0,0,0,0,205,9400
686,W1,1,1,6,6,0,0,0,0,0,0,0,410,410,391,0,10,10,10,400,400,381,95.365854,12512,44947,27.837231,20,20,30,30,418,21,0,8,410,22782,631,0,0,0,0,418,0,0,0,0,206,9400
687,W1,1,1,5,5,0,0,0,0,0,0,0,410,410,392,0,10,10,10,400,400,382,95.609756,12544,45002,27.874317,20,20,30,30,418,16,0,8,410,22782,480,0,0,0,0,418,0,0,0,0,199,9400
688,W1,1,1,6,6,0,0,0,0,0,0,0,410,410,388,0,10,10,10,400,400,378,94.634146,12416,44837,27.691416,20,20,30,30,418,16,0,8,410,22782,482,0,0,0,0,418,0,0,0,0,213,9400
689,W1,1,1,6,6,0,0,0,0,0,0,0,410,410,0,0,10,10,0,400,400,0,0.000000,0,44863,0.000000,0,0,0,0,417,17,0,7,410,22753,513,0,0,0,0,417,0,0,0,0,209,9400
690,W1,1,1,6,6,0,0,0,0,0,0,0,410,410,0,0,10,10,0,400,400,0,0.000000,0,44837,0.000000,0,0,0,0,418,17,0,8,410,22782,511,0,0,0,0,418,0,0,0,0,226,9400
691,W1,1,1,6,6,0,0,0,0,0,0,0,410,410,0,0,10,10,0,400,400,0,0.000000,0,44562,0.000000,0,0,0,0,418,17,0,8,410,22782,511,0,0,0,0,418,0,0,0,0,221,9400
692,W1,1,1,6,6,0,0,0,0,0,0,0,410,410,388,0,10,10,9,400,400,379,94.634146,12416,44837,27.691416,20,20,30,30,418,21,0,8,410,22782,629,0,0,0,0,418,0,0,0,0,215,9400
693,W1,1,1,6,6,0,0,0,0,0,0,0,410,410,0,0,10,10,0,400,400,0,0.000000,0,44507,0.000000,0,0,0,0,418,19,0,8,410,22782,573,0,0,0,0,418,0,0,0,0,196,9400
694,W1,1,1,6,6,0,0,0,0,0,0,0,410,410,386,0,10,10,9,400,400,377,94.146341,12352,44753,27.600384,20,20,30,30,417,17,0,7,410,22753,511,0,0,0,0,417,0,0,0,0,212,9400
695,W1,1,1,6,6,0,0,0,0,0,0,0,410,410,0,0,10,10,0,400,400,0,0.000000,0,44782,0.000000,0,0,0,0,418,17,0,8,410,22782,511,0,0,0,0,418,0,0,0,0,222,9400
696,W1,1,1,6,6,0,0,0,0,0,0,0,410,410,0,0,10,10,0,400,400,0,0.000000,0,44782,0.000000,0,0,0,0,418,18,0,8,410,22782,540,0,0,0,0,418,0,0,0,0,275,9400
697,W1,1,1,5,5,0,0,0,0,0,0,0,410,410,392,0,10,10,8,400,400,384,95.609756,12544,44727,28.045699,20,20,30,30,418,16,0,8,410,22782,480,0,0,0,0,418,0,0,0,0,228,9400
698,W1,1,1,8,8,0,0,0,0,0,0,0,410,410,387,0,10,10,9,400,400,378,94.390244,12384,44837,27.620046,20,20,30,30,418,18,0,8,410,22782,542,0,0,0,0,418,0,0,0,0,230,9400
699,W1,1,1,6,6,1,0,0,0,4,0,0,410,410,0,0,10,10,0,400,400,0,0.000000,0,1007,0.000000,0,0,0,0,18,11,0,18,0,542,325,0,0,0,0,18,0,10,0,0,230,9400
700,W1,1,1,7,7,0,0,0,0,0,0,0,410,410,387,0,10,10,9,400,400,378,94.390244,12384,44562,27.790494,20,20,30,30,418,14,0,8,410,22782,418,0,0,0,0,418,0,0,0,0,224,9400
701,W1,1,1,6,6,0,0,0,0,0,0,0,410,410,0,0,10,10,0,400,400,0,0.000000,0,44727,0.000000,0,0,0,0,418,10,0,8,410,22782,296,0,0,0,0,418,0,0,0,0,255,9400
702,W1,1,1,6,6,0,0,0,0,0,0,0,410,410,0,0,10,10,0,400,400,0,0.000000,0,45167,0.000000,0,0,0,0,418,11,0,8,410,22782,325,0,0,0,0,418,0,0,0,0,189,9400
703,W1,1,1,6,6,0,0,0,0,0,0,0,410,410,0,0,10,10,0,400,400,0,0.000000,0,44672,0.000000,0,0,0,0,418,11,0,8,410,22782,325,0,0,0,0,418,0,0,0,0,175,9400
704,W1,1,1,6,6,0,0,0,0,0,0,0,410,410,0,0,10,10,0,400,400,0,0.000000,0,44643,0.000000,0,0,0,0,417,11,0,7,410,22753,327,0,0,0,0,417,0,0,0,0,191,9400
705,W1,1,1,6,6,0,0,0,0,0,0,0,410,410,390,0,10,10,10,400,400,380,95.121951,12480,44947,27.766036,20,20,30,30,418,13,0,8,410,22782,385,0,0,0,0,418,0,0,0,0,184,9400
706,W1,1,1,6,6,0,0,0,0,0,0,0,410,410,0,0,10,10,0,400,400,0,0.000000,0,44672,0.000000,0,0,0,0,418,12,0,8,410,22782,356,0,0,0,0,418,0,0,0,0,194,9400
707,W1,1,1,6,6,0,0,0,0,0,0,0,410,410,0,0,10,10,0,400,400,0,0.000000,0,44892,0.000000,0,0,0,0,418,13,0,8,410,22782,385,0,0,0,0,418,0,0,0,0,187,9400
708,W1,1,1,7,7,0,0,0,0,0,0,0,410,410,0,0,10,10,0,400,400,0,0.000000,0,44782,0.000000,0,0,0,0,418,13,0,8,410,22782,387,0,0,0,0,418,0,0,0,0,198,9400
709,W1,1,1,6,6,0,0,0,0,0,0,0,410,410,387,0,10,10,10,400,400,377,94.390244,12384,44727,27.687974,20,20,30,30,418,12,0,8,410,22782,356,0,0,0,0,418,0,0,0,0,188,9400
710,W1,1,1,6,6,0,0,0,0,0,0,0,410,410,0,0,10,10,0,400,400,0,0.000000,0,44837,0.000000,0,0,0,0,418,14,0,8,410,22782,416,0,0,0,0,418,0,0,0,0,195,9400
711,W1,1,1,7,7,0,0,0,0,0,0,0,410,410,381,0,10,10,9,400,400,372,92.926829,12192,44397,27.461315,20,20,30,30,418,13,0,8,410,22782,385,0,0,0,0,418,0,0,0,0,187,9400
712,W1,1,1,7,7,0,0,0,0,0,0,0,410,410,0,0,10,10,0,400,400,0,0.000000,0,44727,0.000000,0,0,0,0,418,12,0,8,410,22782,356,0,0,0,0,418,0,0,0,0,218,9400
713,W1,1,1,6,6,0,0,0,0,0,0,0,410,410,385,0,10,10,10,400,400,375,93.902439,12320,44617,27.612793,20,20,30,30,418,14,0,8,410,22782,414,0,0,0,0,418,0,0,0,0,187,9400
714,W1,1,1,6,6,0,0,0,0,0,0,0,410,410,0,0,10,10,0,400,400,0,0.000000,0,44727,0.000000,0,0,0,0,418,14,0,8,410,22782,416,0,0,0,0,418,0,0,0,0,187,9400
715,W1,1,1,6,6,0,0,0,0,0,0,0,410,410,0,0,10,10,0,400,400,0,0.000000,0,44507,0.000000,0,0,0,0,418,12,0,8,410,22782,356,0,0,0,0,418,0,0,0,0,189,9400
716,W1,1,1,6,6,0,0,0,0,0,0,0,410,410,0,0,10,10,0,400,400,0,0.000000,0,44837,0.000000,0,0,0,0,418,17,0,8,410,22782,511,0,0,0,0,418,0,0,0,0,208,9400
717,W1,1,1,6,6,0,0,0,0,0,0,0,410,410,389,0,10,10,9,400,400,380,94.878049,12448,44837,27.762785,20,20,30,30,418,18,0,8,410,22782,538,0,0,0,0,418,0,0,0,0,209,9400
718,W1,1,1,6,6,0,0,0,0,0,0,0,410,410,387,0,10,10,10,400,400,377,94.390244,12384,44452,27.859264,20,20,30,30,418,17,0,8,410,22782,511,0,0,0,0,418,0,0,0,0,230,9400
719,W1,1,1,6,6,0,0,0,0,0,0,0,410,410,392,0,10,10,9,400,400,383,95.609756,12544,45112,27.806349,20,20,30,30,418,17,0,8,410,22782,513,0,0,0,0,418,0,0,0,0,225,9400
720,W1,1,1,6,6,0,0,0,0,0,0,0,410,410,0,0,10,10,0,400,400,0,0.000000,0,44617,0.000000,0,0,0,0,418,17,0,8,410,22782,511,0,0,0,0,418,0,0,0,0,238,9400
721,W1,1,1,6,6,0,0,0,0,0,0,0,410,410,0,0,10,10,0,400,400,0,0.000000,0,44753,0.000000,0,0,0,0,417,16,0,7,410,22753,482,0,0,0,0,417,0,0,0,0,250,9400
722,W1,1,1,5,5,0,0,0,0,0,0,0,410,410,0,0,10,10,0,400,400,0,0.000000,0,44837,0.000000,0,0,0,0,418,16,0,8,410,22782,482,0,0,0,0,418,0,0,0,0,233,9400
723,W1,1,1,6,6,0,0,0,0,0,0,0,410,410,0,0,10,10,0,400,400,0,0.000000,0,44837,0.000000,0,0,0,0,418,18,0,8,410,22782,540,0,0,0,0,418,0,0,0,0,193,9400
724,W1,1,1,6,6,0,0,0,0,0,0,0,410,410,0,0,10,10,0,400,400,0,0.000000,0,44782,0.000000,0,0,0,0,418,16,0,8,410,22782,480,0,0,0,0,418,0,0,0,0,197,9400
725,W1,1,1,5,5,0,0,0,0,0,0,0,410,410,0,0,10,10,0,400,400,0,0.000000,0,44947,0.000000,0,0,0,0,418,18,0,8,410,22782,538,0,0,0,0,418,0,0,0,0,215,9400
726,W1,1,1,5,5,0,0,0,0,0,0,0,410,410,0,0,10,10,0,400,400,0,0.000000,0,44837,0.000000,0,0,0,0,418,14,0,8,410,22782,420,0,0,0,0,418,0,0,0,0,210,9400
727,W1,1,1,5,5,0,0,0,0,0,0,0,410,410,0,0,10,10,0,400,400,0,0.000000,0,44892,0.000000,0,0,0,0,418,16,0,8,410,22782,478,0,0,0,0,418,0,0,0,0,190,9400
728,W1,1,1,5,5,0,0,0,0,0,0,0,410,410,0,0,10,10,0,400,400,0,0.000000,0,44947,0.000000,0,0,0,0,418,18,0,8,410,22782,542,0,0,0,0,418,0,0,0,0,195,9400
729,W1,1,1,5,5,0,0,0,0,0,0,0,410,410,396,0,10,10,10,400,400,386,96.585366,12672,44892,28.227747,20,20,30,30,418,15,0,8,410,22782,447,0,0,0,0,418,0,0,0,0,183,9400
730,W1,1,1,5,5,0,0,0,0,0,0,0,410,410,0,0,10,10,0,400,400,0,0.000000,0,44892,0.000000,0,0,0,0,418,17,0,8,410,22782,509,0,0,0,0,418,0,0,0,0,211,9400
731,W1,1,1,5,5,0,0,0,0,0,0,0,410,410,390,0,10,10,10,400,400,380,95.121951,12480,44892,27.800053,20,20,30,30,418,16,0,8,410,22782,478,0,0,0,0,418,0,0,0,0,229,9400
732,W1,1,1,5,5,0,0,0,0,0,0,0,410,410,381,0,10,10,9,400,400,372,92.926829,12192,44397,27.461315,20,20,30,30,418,14,0,8,410,22782,418,0,0,0,0,418,0,0,0,0,197,9400
733,W1,1,1,5,5,0,0,0,0,0,0,0,410,410,0,0,10,10,0,400,400,0,0.000000,0,44782,0.000000,0,0,0,0,418,13,0,8,410,22782,389,0,0,0,0,418,0,0,0,0,201,9400
734,W1,1,1,6,6,0,0,0,0,0,0,0,410,410,395,0,10,10,10,400,400,385,96.341463,12640,44727,28.260335,20,20,30,30,418,12,0,8,410,22782,356,0,0,0,0,418,0,0,0,0,205,9400
735,W1,1,1,6,6,0,0,0,0,0,0,0,410,410,0,0,10,10,0,400,400,0,0.000000,0,44643,0.000000,0,0,0,0,417,8,0,7,410,22753,236,0,0,0,0,417,0,0,0,0,203,9400
736,W1,1,1,6,6,0,0,0,0,0,0,0,410,410,0,0,10,10,0,400,400,0,0.000000,0,44562,0.000000,0,0,0,0,418,11,0,8,410,22782,325,0,0,0,0,418,0,0,0,0,205,9400
737,W1,1,1,6,6,0,0,0,0,0,0,0,410,410,0,0,10,10,0,400,400,0,0.000000,0,44782,0.000000,0,0,0,0,418,11,0,8,410,22782,325,0,0,0,0,418,0,0,0,0,201,9400
738,W1,1,1,6,6,0,0,0,0,0,0,0,410,410,0,0,10,10,0,400,400,0,0.000000,0,44782,0.000000,0,0,0,0,418,11,0,8,410,22782,325,0,0,0,0,418,0,0,0,0,187,9400
739,W1,1,1,6,6,0,0,0,0,0,0,0,410,410,0,0,10,10,0,400,400,0,0.000000,0,44837,0.000000,0,0,0,0,418,11,0,8,410,22782,325,0,0,0,0,418,0,0,0,0,179,9400
740,W1,1,1,7,7,0,0,0,0,0,0,0,410,410,396,0,10,10,10,400,400,386,96.585366,12672,45112,28.090087,20,20,30,30,418,18,0,8,410,22782,542,0,0,0,0,418,0,0,0,0,218,9400
741,W1,1,1,6,6,1,0,0,0,4,0,0,410,410,0,0,10,10,0,400,400,0,0.000000,0,914,0.000000,0,0,0,0,18,15,0,18,0,542,449,0,0,0,0,18,0,10,0,0,206,9400
742,W1,1,1,6,6,1,0,0,0,4,0,0,410,410,0,0,10,10,0,400,400,0,0.000000,0,792,0.000000,0,0,0,0,17,14,0,17,0,513,422,0,0,0,0,17,0,10,0,0,224,9400
743,W1,1,1,6,6,0,0,0,0,0,0,0,410,410,387,0,10,10,8,400,400,379,94.390244,12384,44782,27.653968,20,20,30,30,418,11,0,8,410,22782,325,0,0,0,0,418,0,0,0,0,186,9400
744,W1,1,1,6,6,0,0,0,0,0,0,0,410,410,0,0,10,10,0,400,400,0,0.000000,0,44672,0.000000,0,0,0,0,418,13,0,8,410,22782,385,0,0,0,0,418,0,0,0,0,207,9400
745,W1,1,1,6,6,0,0,0,0,0,0,0,410,410,0,0,10,10,0,400,400,0,0.000000,0,44672,0.000000,0,0,0,0,418,13,0,8,410,22782,383,0,0,0,0,418,0,0,0,0,199,9400
746,W1,1,1,6,6,0,0,0,0,0,0,0,410,410,0,0,10,10,0,400,400,0,0.000000,0,44562,0.000000,0,0,0,0,418,13,0,8,410,22782,387,0,0,0,0,418,0,0,0,0,230,9400
747,W1,1,1,6,6,0,0,0,0,0,0,0,410,410,389,0,10,10,10,400,400,379,94.878049,12448,44837,27.762785,20,20,30,30,418,10,0,8,410,22782,296,0,0,0,0,418,0,0,0,0,198,9400
748,W1,1,1,6,6,0,0,0,0,0,0,0,410,410,0,0,10,10,0,400,400,0,0.000000,0,44562,0.000000,0,0,0,0,418,12,0,8,410,22782,356,0,0,0,0,418,0,0,0,0,203,9400
749,W1,1,1,6,6,0,0,0,0,0,0,0,410,410,0,0,10,10,0,400,400,0,0.000000,0,44643,0.000000,0,0,0,0,417,11,0,7,410,22753,325,0,0,0,0,417,0,0,0,0,185,9400
750,W1,1,1,6,6,0,0,0,0,0,0,0,410,410,0,0,10,10,0,400,400,0,0.000000,0,44507,0.000000,0,0,0,0,418,11,0,8,410,22782,325,0,0,0,0,418,0,0,0,0,197,9400
751,W1,1,1,6,6,0,0,0,0,0,0,0,410,410,385,0,10,10,10,400,400,375,93.902439,12320,44588,27.630753,20,20,30,30,417,12,0,7,410,22753,358,0,0,0,0,417,0,0,0,0,181,9400
752,W1,1,1,6,6,0,0,0,0,0,0,0,410,410,0,0,10,10,0,400,400,0,0.000000,0,44837,0.000000,0,0,0,0,418,11,0,8,410,22782,325,0,0,0,0,418,0,0,0,0,228,9400
753,W1,1,1,6,6,0,0,0,0,0,0,0,410,410,401,0,10,10,10,400,400,391,97.804878,12832,45057,28.479482,20,20,30,30,418,11,0,8,410,22782,325,0,0,0,0,418,0,0,0,0,198,9400
754,W1,1,1,6,6,0,0,0,0,0,0,0,410,410,0,0,10,10,0,400,400,0,0.000000,0,44782,0.000000,0,0,0,0,418,11,0,8,410,22782,325,0,0,0,0,418,0,0,0,0,205,9400
755,W1,1,1,6,6,0,0,0,0,0,0,0,410,410,0,0,10,10,0,400,400,0,0.000000,0,44672,0.000000,0,0,0,0,418,14,0,8,410,22782,416,0,0,0,0,418,0,0,0,0,201,9400
756,W1,1,1,6,6,0,0,0,0,0,0,0,410,410,0,0,10,10,0,400,400,0,0.000000,0,44452,0.000000,0,0,0,0,418,10,0,8,410,22782,296,0,0,0,0,418,0,0,0,0,185,9400
757,W1,1,1,6,6,0,0,0,0,0,0,0,410,410,0,0,10,10,0,400,400,0,0.000000,0,44837,0.000000,0,0,0,0,418,13,0,8,410,22782,385,0,0,0,0,418,0,0,0,0,211,9400
758,W1,1,1,6,6,0,0,0,0,0,0,0,410,410,392,0,10,10,10,400,400,382,95.609756,12544,45057,27.840291,20,20,30,30,418,12,0,8,410,22782,356,0,0,0,0,418,0,0,0,0,204,9400
759,W1,1,1,6,6,0,0,0,0,0,0,0,410,410,0,0,10,10,0,400,400,0,0.000000,0,44423,0.000000,0,0,0,0,417,11,0,7,410,22753,325,0,0,0,0,417,0,0,0,0,189,9400
760,W1,1,1,6,6,0,0,0,0,0,0,0,410,410,392,0,10,10,10,400,400,382,95.609756,12544,45057,27.840291,20,20,30,30,418,12,0,8,410,22782,354,0,0,0,0,418,0,0,0,0,204,9400
761,W1,1,1,5,5,1,0,0,0,4,0,0,410,410,0,0,10,10,0,400,400,0,0.000000,0,1007,0.000000,0,0,0,0,18,19,0,18,0,542,569,0,0,0,0,18,0,10,0,0,272,9400
762,W1,1,1,5,5,1,0,0,0,4,0,0,410,410,0,0,10,10,0,400,400,0,0.000000,0,1007,0.000000,0,0,0,0,18,16,0,18,0,542,480,0,0,0,0,18,0,10,0,0,218,9400
763,W1,1,1,6,6,0,0,0,0,0,0,0,410,410,0,0,10,10,0,400,400,0,0.000000,0,44672,0.000000,0,0,0,0,418,23,0,8,410,22782,697,0,0,0,0,418,0,0,0,0,216,9400
764,W1,1,1,6,6,0,0,0,0,0,0,0,410,410,0,0,10,10,0,400,400,0,0.000000,0,44892,0.000000,0,0,0,0,418,12,0,8,410,22782,354,0,0,0,0,418,0,0,0,0,251,9400
765,W1,1,1,6,6,0,0,0,0,0,0,0,410,410,0,0,10,10,0,400,400,0,0.000000,0,44452,0.000000,0,0,0,0,418,13,0,8,410,22782,383,0,0,0,0,418,0,0,0,0,202,9400
766,W1,1,1,6,6,0,0,0,0,0,0,0,410,410,377,0,10,10,9,400,400,368,91.951220,12064,44342,27.206711,20,20,30,30,418,11,0,8,410,22782,325,0,0,0,0,418,0,0,0,0,225,9400
767,W1,1,1,5,5,0,0,0,0,0,0,0,410,410,395,0,10,10,10,400,400,385,96.341463,12640,45083,28.037176,20,20,30,30,417,9,0,7,410,22753,265,0,0,0,0,417,0,0,0,0,191,9400
768,W1,1,1,5,5,0,0,0,0,0,0,0,410,410,394,0,10,10,10,400,400,384,96.097561,12608,44947,28.050815,20,20,30,30,418,12,0,8,410,22782,352,0,0,0,0,418,0,0,0,0,257,9400
769,W1,1,1,5,5,0,0,0,0,0,0,0,410,410,0,0,10,10,0,400,400,0,0.000000,0,44672,0.000000,0,0,0,0,418,10,0,8,410,22782,294,0,0,0,0,418,0,0,0,0,204,9400
770,W1,1,1,6,6,0,0,0,0,0,0,0,410,410,0,0,10,10,0,400,400,0,0.000000,0,45112,0.000000,0,0,0,0,418,18,0,8,410,22782,542,0,0,0,0,418,0,0,0,0,237,9400
771,W1,1,1,5,5,0,0,0,0,0,0,0,410,410,0,0,10,10,0,400,400,0,0.000000,0,44782,0.000000,0,0,0,0,418,14,0,8,410,22782,418,0,0,0,0,418,0,0,0,0,206,9400
772,W1,1,1,7,7,0,0,0,0,0,0,0,410,410,0,0,10,10,0,400,400,0,0.000000,0,44947,0.000000,0,0,0,0,418,15,0,8,410,22782,451,0,0,0,0,418,0,0,0,0,238,9400
773,W1,1,1,6,6,0,0,0,0,0,0,0,410,410,0,0,10,10,0,400,400,0,0.000000,0,44617,0.000000,0,0,0,0,418,17,0,8,410,22782,507,0,0,0,0,418,0,0,0,0,194,9400
774,W1,1,1,6,6,0,0,0,0,0,0,0,410,410,388,0,10,10,10,400,400,378,94.634146,12416,44617,27.827958,20,20,30,30,418,16,0,8,410,22782,482,0,0,0,0,418,0,0,0,0,205,9400
775,W1,1,1,7,7,0,0,0,0,0,0,0,410,410,388,0,10,10,10,400,400,378,94.634146,12416,44562,27.862304,20,20,30,30,418,17,0,8,410,22782,513,0,0,0,0,418,0,0,0,0,199,9400
776,W1,1,1,7,7,0,0,0,0,0,0,0,410,410,0,0,10,10,0,400,400,0,0.000000,0,45002,0.000000,0,0,0,0,418,13,0,8,410,22782,389,0,0,0,0,418,0,0,0,0,200,9400
777,W1,1,1,8,8,0,0,0,0,0,0,0,410,410,0,0,10,10,0,400,400,0,0.000000,0,44672,0.000000,0,0,0,0,418,16,0,8,410,22782,478,0,0,0,0,418,0,0,0,0,203,9400
778,W1,1,1,7,7,0,0,0,0,0,0,0,410,410,387,0,10,10,9,400,400,378,94.390244,12384,44672,27.722063,20,20,30,30,418,16,0,8,410,22782,480,0,0,0,0,418,0,0,0,0,207,9400
779,W1,1,1,7,7,0,0,0,0,0,0,0,410,410,0,0,10,10,0,400,400,0,0.000000,0,44837,0.000000,0,0,0,0,418,17,0,8,410,22782,511,0,0,0,0,418,0,0,0,0,222,9400
780,W1,1,1,7,7,0,0,0,0,0,0,0,410,410,0,0,10,10,0,400,400,0,0.000000,0,44423,0.000000,0,0,0,0,417,18,0,7,410,22753,542,0,0,0,0,417,0,0,0,0,211,9400
781,W1,1,1,7,7,0,0,0,0,0,0,0,410,410,395,0,10,10,10,400,400,385,96.341463,12640,44892,28.156464,20,20,30,30,418,19,0,8,410,22782,571,0,0,0,0,418,0,0,0,0,209,9400
782,W1,1,1,6,6,0,0,0,0,0,0,0,410,410,0,0,10,10,0,400,400,0,0.000000,0,44617,0.000000,0,0,0,0,418,19,0,8,410,22782,571,0,0,0,0,418,0,0,0,0,209,9400
783,W1,1,0,0,6,0,0,0,0,0,0,0,410,110,97,0,10,10,2,400,100,95,88.181818,3104,11110,27.938794,20,20,30,30,103,3,0,0,103,5665,93,289,10,1,0,103,0,0,0,289,169,9400
784,W1,1,1,7,7,0,0,0,0,0,0,0,410,410,0,0,10,10,0,400,400,0,0.000000,0,44452,0.000000,0,0,0,0,418,18,0,8,410,22782,542,0,0,0,0,418,0,0,0,0,257,9400
785,W1,1,1,5,5,0,0,0,0,0,0,0,410,410,0,0,10,10,0,400,400,0,0.000000,0,44947,0.000000,0,0,0,0,418,17,0,8,410,22782,511,0,0,0,0,418,0,0,0,0,201,9400
786,W1,1,1,6,6,0,0,0,0,0,0,0,410,410,0,0,10,10,0,400,400,0,0.000000,0,44287,0.000000,0,0,0,0,418,17,0,8,410,22782,511,0,0,0,0,418,0,0,0,0,284,9400
787,W1,1,1,6,6,0,0,0,0,0,0,0,410,410,0,0,10,10,0,400,400,0,0.000000,0,44562,0.000000,0,0,0,0,418,19,0,8,410,22782,571,0,0,0,0,418,0,0,0,0,331,9400
788,W1,1,1,5,5,0,0,0,0,0,0,0,410,410,389,0,10,10,9,400,400,380,94.878049,12448,44782,27.796883,20,20,30,30,418,18,0,8,410,22782,542,0,0,0,0,418,0,0,0,0,295,9400
789,W1,1,1,6,6,0,0,0,0,0,0,0,410,410,0,0,10,10,0,400,400,0,0.000000,0,44782,0.000000,0,0,0,0,418,18,0,8,410,22782,542,0,0,0,0,418,0,0,0,0,263,9400
790,W1,1,1,5,5,0,0,0,0,0,0,0,410,410,388,0,10,10,9,400,400,379,94.634146,12416,44643,27.811751,20,20,30,30,417,17,0,7,410,22753,511,0,0,0,0,417,0,0,0,0,287,9400
791,W1,1,1,5,5,0,0,0,0,0,0,0,410,410,389,0,10,10,10,400,400,379,94.878049,12448,44892,27.728771,20,20,30,30,418,18,0,8,410,22782,542,0,0,0,0,418,0,0,0,0,270,9400
792,W1,1,1,6,6,0,0,0,0,0,0,0,410,410,0,0,10,10,0,400,400,0,0.000000,0,45057,0.000000,0,0,0,0,418,18,0,8,410,22782,542,0,0,0,0,418,0,0,0,0,317,9400
793,W1,1,1,5,5,0,0,0,0,0,0,0,410,410,392,0,10,10,10,400,400,382,95.609756,12544,44617,28.114844,20,20,30,30,418,19,0,8,410,22782,573,0,0,0,0,418,0,0,0,0,275,9400
794,W1,1,1,6,6,0,0,0,0,0,0,0,410,410,0,0,10,10,0,400,400,0,0.000000,0,44782,0.000000,0,0,0,0,418,18,0,8,410,22782,542,0,0,0,0,418,0,0,0,0,275,9400
795,W1,1,1,6,6,0,0,0,0,0,0,0,410,410,0,0,10,10,0,400,400,0,0.000000,0,44672,0.000000,0,0,0,0,418,20,0,8,410,22782,604,0,0,0,0,418,0,0,0,0,250,9400
796,W1,1,1,6,6,0,0,0,0,0,0,0,410,410,0,0,10,10,0,400,400,0,0.000000,0,44753,0.000000,0,0,0,0,417,17,0,7,410,22753,509,0,0,0,0,417,0,0,0,0,283,9400
797,W1,1,1,6,6,0,0,0,0,0,0,0,410,410,0,0,10,10,0,400,400,0,0.000000,0,45002,0.000000,0,0,0,0,418,10,0,8,410,22782,298,0,0,0,0,418,0,0,0,0,285,9400
798,W1,1,1,6,6,0,0,0,0,0,0,0,410,410,0,0,10,10,0,400,400,0,0.000000,0,44507,0.000000,0,0,0,0,418,16,0,8,410,22782,476,0,0,0,0,418,0,0,0,0,305,9400
799,W1,1,1,7,7,0,0,0,0,0,0,0,410,410,0,0,10,10,0,400,400,0,0.000000,0,45057,0.000000,0,0,0,0,418,11,0,8,410,22782,325,0,0,0,0,418,0,0,0,0,255,9400
800,W1,1,1,7,7,0,0,0,0,0,0,0,410,410,395,0,10,10,10,400,400,385,96.341463,12640,44892,28.156464,20,20,30,30,418,12,0,8,410,22782,356,0,0,0,0,418,0,0,0,0,255,9400
801,W1,1,1,7,7,0,0,0,0,0,0,0,410,410,0,0,10,10,0,400,400,0,0.000000,0,44837,0.000000,0,0,0,0,418,11,0,8,410,22782,327,0,0,0,0,418,0,0,0,0,306,9400
802,W1,1,1,7,7,0,0,0,0,0,0,0,410,410,0,0,10,10,0,400,400,0,0.000000,0,44727,0.000000,0,0,0,0,418,12,0,8,410,22782,354,0,0,0,0,418,0,0,0,0,260,9400
803,W1,1,1,6,6,0,0,0,0,0,0,0,410,410,0,0,10,10,0,400,400,0,0.000000,0,44837,0.000000,0,0,0,0,418,10,0,8,410,22782,298,0,0,0,0,418,0,0,0,0,259,9400
804,W1,1,1,6,6,0,0,0,0,0,0,0,410,410,0,0,10,10,0,400,400,0,0.000000,0,44947,0.000000,0,0,0,0,418,13,0,8,410,22782,385,0,0,0,0,418,0,0,0,0,296,9400
805,W1,1,1,6,6,0,0,0,0,0,0,0,410,410,388,0,10,10,9,400,400,379,94.634146,12416,44782,27.725425,20,20,30,30,418,13,0,8,410,22782,385,0,0,0,0,418,0,0,0,0,250,9400
806,W1,1,1,6,6,0,0,0,0,0,0,0,410,410,393,0,10,10,10,400,400,383,95.853659,12576,44892,28.013900,20,20,30,30,418,18,0,8,410,22782,540,0,0,0,0,418,0,0,0,0,291,9400
807,W1,1,1,5,5,0,0,0,0,0,0,0,410,410,0,0,10,10,0,400,400,0,0.000000,0,45057,0.000000,0,0,0,0,418,16,0,8,410,22782,482,0,0,0,0,418,0,0,0,0,332,9400
808,W1,1,1,6,6,0,0,0,0,0,0,0,410,410,0,0,10,10,0,400,400,0,0.000000,0,44947,0.000000,0,0,0,0,418,18,0,8,410,22782,542,0,0,0,0,418,0,0,0,0,258,9400
809,W1,1,1,6,6,0,0,0,0,0,0,0,410,410,0,0,10,10,0,400,400,0,0.000000,0,44837,0.000000,0,0,0,0,418,17,0,8,410,22782,511,0,0,0,0,418,0,0,0,0,239,9400
810,W1,1,1,6,6,0,0,0,0,0,0,0,410,410,388,0,10,10,10,400,400,378,94.634146,12416,44617,27.827958,20,20,30,30,418,19,0,8,410,22782,571,0,0,0,0,418,0,0,0,0,257,9400
811,W1,1,1,6,6,0,0,0,0,0,0,0,410,410,0,0,10,10,0,400,400,0,0.000000,0,44617,0.000000,0,0,0,0,418,19,0,8,410,22782,573,0,0,0,0,418,0,0,0,0,259,9400
812,W1,1,1,5,5,0,0,0,0,0,0,0,410,410,0,0,10,10,0,400,400,0,0.000000,0,44947,0.000000,0,0,0,0,418,15,0,8,410,22782,449,0,0,0,0,418,0,0,0,0,253,9400
813,W1,1,1,5,5,0,0,0,0,0,0,0,410,410,398,0,10,10,10,400,400,388,97.073171,12736,45002,28.300964,20,20,30,30,418,19,0,8,410,22782,569,0,0,0,0,418,0,0,0,0,273,9400
814,W1,1,1,5,5,0,0,0,0,0,0,0,410,410,0,0,10,10,0,400,400,0,0.000000,0,44617,0.000000,0,0,0,0,418,14,0,8,410,22782,422,0,0,0,0,418,0,0,0,0,247,9400
815,W1,1,1,6,6,0,0,0,0,0,0,0,410,410,0,0,10,10,0,400,400,0,0.000000,0,44727,0.000000,0,0,0,0,418,17,0,8,410,22782,513,0,0,0,0,418,0,0,0,0,243,9400
816,W1,1,1,6,6,0,0,0,0,0,0,0,410,410,383,0,10,10,8,400,400,375,93.414634,12256,44507,27.537241,20,20,30,30,418,18,0,8,410,22782,542,0,0,0,0,418,0,0,0,0,231,9400
817,W1,1,1,6,6,0,0,0,0,0,0,0,410,410,0,0,10,10,0,400,400,0,0.000000,0,44617,0.000000,0,0,0,0,418,18,0,8,410,22782,540,0,0,0,0,418,0,0,0,0,225,9400
818,W1,1,1,6,6,0,0,0,0,0,0,0,410,410,0,0,10,10,0,400,400,0,0.000000,0,44892,0.000000,0,0,0,0,418,20,0,8,410,22782,602,0,0,0,0,418,0,0,0,0,242,9400
819,W1,1,1,6,6,0,0,0,0,0,0,0,410,410,388,0,10,10,10,400,400,378,94.634146,12416,44727,27.759519,20,20,30,30,418,18,0,8,410,22782,542,0,0,0,0,418,0,0,0,0,264,9400
820,W1,1,1,6,6,0,0,0,0,0,0,0,410,410,0,0,10,10,0,400,400,0,0.000000,0,44727,0.000000,0,0,0,0,418,19,0,8,410,22782,569,0,0,0,0,418,0,0,0,0,240,9400
821,W1,1,1,6,6,0,0,0,0,0,0,0,410,410,387,0,10,10,9,400,400,378,94.390244,12384,44672,27.722063,20,20,30,30,418,18,0,8,410,22782,540,0,0,0,0,418,0,0,0,0,239,9400
822,W1,1,1,6,6,0,0,0,0,0,0,0,410,410,399,0,10,10,10,400,400,389,97.317073,12768,45167,28.268426,20,20,30,30,418,19,0,8,410,22782,569,0,0,0,0,418,0,0,0,0,245,9400
823,W1,1,1,6,6,0,0,0,0,0,0,0,410,410,0,0,10,10,0,400,400,0,0.000000,0,44562,0.000000,0,0,0,0,418,20,0,8,410,22782,600,0,0,0,0,418,0,0,0,0,254,9400
824,W1,1,1,6,6,0,0,0,0,0,0,0,410,410,0,0,10,10,0,400,400,0,0.000000,0,44837,0.000000,0,0,0,0,418,19,0,8,410,22782,571,0,0,0,0,418,0,0,0,0,238,9400
825,W1,1,1,6,6,0,0,0,0,0,0,0,410,410,386,0,10,10,9,400,400,377,94.146341,12352,44617,27.684515,20,20,30,30,418,19,0,8,410,22782,571,0,0,0,0,418,0,0,0,0,239,9400
826,W1,1,1,6,6,0,0,0,0,0,0,0,410,410,0,0,10,10,0,400,400,0,0.000000,0,44837,0.000000,0,0,0,0,418,17,0,8,410,22782,511,0,0,0,0,418,0,0,0,0,285,9400
827,W1,1,1,6,6,0,0,0,0,0,0,0,410,410,0,0,10,10,0,400,400,0,0.000000,0,44837,0.000000,0,0,0,0,418,15,0,8,410,22782,449,0,0,0,0,418,0,0,0,0,255,9400
828,W1,1,1,6,6,0,0,0,0,0,0,0,410,410,392,0,10,10,10,400,400,382,95.609756,12544,44892,27.942618,20,20,30,30,418,17,0,8,410,22782,509,0,0,0,0,418,0,0,0,0,272,9400
829,W1,1,1,6,6,0,0,0,0,0,0,0,410,410,0,0,10,10,0,400,400,0,0.000000,0,44698,0.000000,0,0,0,0,417,16,0,7,410,22753,480,0,0,0,0,417,0,0,0,0,242,9400
830,W1,1,1,7,7,0,0,0,0,0,0,0,410,410,0,0,10,10,0,400,400,0,0.000000,0,44672,0.000000,0,0,0,0,418,15,0,8,410,22782,453,0,0,0,0,418,0,0,0,0,257,9400
831,W1,1,1,6,6,0,0,0,0,0,0,0,410,410,0,0,10,10,0,400,400,0,0.000000,0,45057,0.000000,0,0,0,0,418,19,0,8,410,22782,571,0,0,0,0,418,0,0,0,0,266,9400
832,W1,1,1,5,5,0,0,0,0,0,0,0,410,410,387,0,10,10,9,400,400,378,94.390244,12384,45002,27.518777,20,20,30,30,418,17,0,8,410,22782,509,0,0,0,0,418,0,0,0,0,246,9400
833,W1,1,1,7,7,0,0,0,0,0,0,0,410,410,0,0,10,10,0,400,400,0,0.000000,0,44863,0.000000,0,0,0,0,417,17,0,7,410,22753,511,0,0,0,0,417,0,0,0,0,266,9400
834,W1,1,1,7,7,0,0,0,0,0,0,0,410,410,397,0,10,10,10,400,400,387,96.829268,12704,44892,28.299029,20,20,30,30,418,19,0,8,410,22782,567,0,0,0,0,418,0,0,0,0,251,9400
835,W1,1,1,7,7,0,0,0,0,0,0,0,410,410,389,0,10,10,10,400,400,379,94.878049,12448,44672,27.865330,20,20,30,30,418,17,0,8,410,22782,511,0,0,0,0,418,0,0,0,0,314,9400
836,W1,1,1,6,6,0,0,0,0,0,0,0,410,410,0,0,10,10,0,400,400,0,0.000000,0,44782,0.000000,0,0,0,0,418,18,0,8,410,22782,542,0,0,0,0,418,0,0,0,0,255,9400
837,W1,1,1,6,6,0,0,0,0,0,0,0,410,410,0,0,10,10,0,400,400,0,0.000000,0,44672,0.000000,0,0,0,0,418,17,0,8,410,22782,511,0,0,0,0,418,0,0,0,0,249,9400
838,W1,1,1,6,6,0,0,0,0,0,0,0,410,410,389,0,10,10,10,400,400,379,94.878049,12448,44672,27.865330,20,20,30,30,418,17,0,8,410,22782,511,0,0,0,0,418,0,0,0,0,227,9400
839,W1,1,1,7,7,0,0,0,0,0,0,0,410,410,0,0,10,10,0,400,400,0,0.000000,0,45002,0.000000,0,0,0,0,418,14,0,8,410,22782,418,0,0,0,0,418,0,0,0,0,238,9400
840,W1,1,1,7,7,0,0,0,0,0,0,0,410,410,0,0,10,10,0,400,400,0,0.000000,0,44837,0.000000,0,0,0,0,418,14,0,8,410,22782,420,0,0,0,0,418,0,0,0,0,271,9400
841,W1,1,1,7,7,0,0,0,0,0,0,0,410,410,0,0,10,10,0,400,400,0,0.000000,0,44562,0.000000,0,0,0,0,418,15,0,8,410,22782,447,0,0,0,0,418,0,0,0,0,263,9400
842,W1,1,1,7,7,0,0,0,0,0,0,0,410,410,0,0,10,10,0,400,400,0,0.000000,0,44947,0.000000,0,0,0,0,418,19,0,8,410,22782,571,0,0,0,0,418,0,0,0,0,247,9400
843,W1,1,1,6,6,0,0,0,0,0,0,0,410,410,392,0,10,10,9,400,400,383,95.609756,12544,44672,28.080229,20,20,30,30,418,18,0,8,410,22782,542,0,0,0,0,418,0,0,0,0,240,9400
844,W1,1,1,6,6,0,0,0,0,0,0,0,410,410,391,0,10,10,10,400,400,381,95.365854,12512,44863,27.889352,20,20,30,30,417,19,0,7,410,22753,575,0,0,0,0,417,0,0,0,0,222,9400
845,W1,1,1,7,7,0,0,0,0,0,0,0,410,410,0,0,10,10,0,400,400,0,0.000000,0,44727,0.000000,0,0,0,0,418,17,0,8,410,22782,511,0,0,0,0,418,0,0,0,0,210,9400
846,W1,1,1,6,6,0,0,0,0,0,0,0,410,410,0,0,10,10,0,400,400,0,0.000000,0,44947,0.000000,0,0,0,0,418,17,0,8,410,22782,509,0,0,0,0,418,0,0,0,0,253,9400
847,W1,1,1,7,7,0,0,0,0,0,0,0,410,410,0,0,10,10,0,400,400,0,0.000000,0,44562,0.000000,0,0,0,0,418,18,0,8,410,22782,542,0,0,0,0,418,0,0,0,0,233,9400
848,W1,1,1,7,7,0,0,0,0,0,0,0,410,410,392,0,10,10,8,400,400,384,95.609756,12544,44782,28.011255,20,20,30,30,418,18,0,8,410,22782,542,0,0,0,0,418,0,0,0,0,249,9400
849,W1,1,1,7,7,0,0,0,0,0,0,0,410,410,0,0,10,10,0,400,400,0,0.000000,0,44672,0.000000,0,0,0,0,418,16,0,8,410,22782,480,0,0,0,0,418,0,0,0,0,235,9400
850,W1,1,1,6,6,0,0,0,0,0,0,0,410,410,0,0,10,10,0,400,400,0,0.000000,0,44892,0.000000,0,0,0,0,418,18,0,8,410,22782,542,0,0,0,0,418,0,0,0,0,278,9400
851,W1,1,1,6,6,0,0,0,0,0,0,0,410,410,0,0,10,10,0,400,400,0,0.000000,0,44947,0.000000,0,0,0,0,418,14,0,8,410,22782,418,0,0,0,0,418,0,0,0,0,267,9400
852,W1,1,1,7,7,0,0,0,0,0,0,0,410,410,0,0,10,10,0,400,400,0,0.000000,0,45112,0.000000,0,0,0,0,418,14,0,8,410,22782,416,0,0,0,0,418,0,0,0,0,224,9400
853,W1,1,1,7,7,0,0,0,0,0,0,0,410,410,0,0,10,10,0,400,400,0,0.000000,0,44588,0.000000,0,0,0,0,417,13,0,7,410,22753,387,0,0,0,0,417,0,0,0,0,231,9400
854,W1,1,1,6,6,1,0,0,0,4,0,0,410,410,0,0,10,10,0,400,400,0,0.000000,0,852,0.000000,0,0,0,0,18,14,0,18,0,542,416,0,0,0,0,18,0,10,0,0,261,9400
855,W1,1,1,8,8,0,0,0,0,0,0,0,410,410,385,0,10,10,9,400,400,376,93.902439,12320,44562,27.646874,20,20,30,30,418,19,0,8,410,22782,571,0,0,0,0,418,0,0,0,0,298,9400
856,W1,1,0,0,6,0,0,0,0,0,0,0,410,210,193,0,10,10,5,400,200,188,91.904762,6176,22110,27.933062,20,20,30,30,205,0,0,0,205,11275,0,192,7,1,0,205,0,0,0,192,220,9400
857,W1,1,1,7,7,0,0,0,0,0,0,0,410,410,0,0,10,10,0,400,400,0,0.000000,0,44837,0.000000,0,0,0,0,418,13,0,8,410,22782,387,0,0,0,0,418,0,0,0,0,286,9400
858,W1,1,1,6,6,0,0,0,0,0,0,0,410,410,0,0,10,10,0,400,400,0,0.000000,0,44837,0.000000,0,0,0,0,418,12,0,8,410,22782,358,0,0,0,0,418,0,0,0,0,226,9400
859,W1,1,1,7,7,0,0,0,0,0,0,0,410,410,0,0,10,10,0,400,400,0,0.000000,0,44507,0.000000,0,0,0,0,418,13,0,8,410,22782,385,0,0,0,0,418,0,0,0,0,207,9400
860,W1,1,1,5,5,0,0,0,0,0,0,0,410,410,382,0,10,10,10,400,400,372,93.170732,12224,44478,27.483250,20,20,30,30,417,17,0,7,410,22753,513,0,0,0,0,417,0,0,0,0,238,9400
861,W1,1,1,6,6,0,0,0,0,0,0,0,410,410,0,0,10,10,0,400,400,0,0.000000,0,44947,0.000000,0,0,0,0,418,17,0,8,410,22782,511,0,0,0,0,418,0,0,0,0,239,9400
862,W1,1,1,5,5,0,0,0,0,0,0,0,410,410,0,0,10,10,0,400,400,0,0.000000,0,44562,0.000000,0,0,0,0,418,18,0,8,410,22782,540,0,0,0,0,418,0,0,0,0,252,9400
863,W1,1,1,6,6,0,0,0,0,0,0,0,410,410,398,0,10,10,9,400,400,389,97.073171,12736,45112,28.231956,20,20,30,30,418,17,0,8,410,22782,511,0,0,0,0,418,0,0,0,0,234,9400
864,W1,1,1,6,6,0,0,0,0,0,0,0,410,410,0,0,10,10,0,400,400,0,0.000000,0,44452,0.000000,0,0,0,0,418,17,0,8,410,22782,513,0,0,0,0,418,0,0,0,0,229,9400
865,W1,1,1,6,6,0,0,0,0,0,0,0,410,410,0,0,10,10,0,400,400,0,0.000000,0,44672,0.000000,0,0,0,0,418,16,0,8,410,22782,480,0,0,0,0,418,0,0,0,0,219,9400
866,W1,1,1,5,5,0,0,0,0,0,0,0,410,410,398,0,10,10,9,400,400,389,97.073171,12736,44973,28.319214,20,20,30,30,417,16,0,7,410,22753,482,0,0,0,0,417,0,0,0,0,217,9400
867,W1,1,1,6,6,0,0,0,0,0,0,0,410,410,0,0,10,10,0,400,400,0,0.000000,0,44837,0.000000,0,0,0,0,418,19,0,8,410,22782,573,0,0,0,0,418,0,0,0,0,209,9400
868,W1,1,1,5,5,0,0,0,0,0,0,0,410,410,0,0,10,10,0,400,400,0,0.000000,0,44837,0.000000,0,0,0,0,418,19,0,8,410,22782,575,0,0,0,0,418,0,0,0,0,242,9400
869,W1,1,1,6,6,0,0,0,0,0,0,0,410,410,0,0,10,10,0,400,400,0,0.000000,0,44782,0.000000,0,0,0,0,418,14,0,8,410,22782,418,0,0,0,0,418,0,0,0,0,230,9400
870,W1,1,1,6,6,0,0,0,0,0,0,0,410,410,0,0,10,10,0,400,400,0,0.000000,0,44892,0.000000,0,0,0,0,418,11,0,8,410,22782,327,0,0,0,0,418,0,0,0,0,228,9400
871,W1,1,1,6,6,0,0,0,0,0,0,0,410,410,0,0,10,10,0,400,400,0,0.000000,0,45002,0.000000,0,0,0,0,418,14,0,8,410,22782,418,0,0,0,0,418,0,0,0,0,211,9400
872,W1,1,1,7,7,0,0,0,0,0,0,0,410,410,0,0,10,10,0,400,400,0,0.000000,0,44727,0.000000,0,0,0,0,418,15,0,8,410,22782,447,0,0,0,0,418,0,0,0,0,239,9400
873,W1,1,1,7,7,0,0,0,0,0,0,0,410,410,388,0,10,10,10,400,400,378,94.634146,12416,44782,27.725425,20,20,30,30,418,13,0,8,410,22782,387,0,0,0,0,418,0,0,0,0,215,9400
874,W1,1,1,7,7,0,0,0,0,0,0,0,410,410,0,0,10,10,0,400,400,0,0.000000,0,44837,0.000000,0,0,0,0,418,14,0,8,410,22782,416,0,0,0,0,418,0,0,0,0,224,9400
875,W1,1,1,7,7,0,0,0,0,0,0,0,410,410,0,0,10,10,0,400,400,0,0.000000,0,45002,0.000000,0,0,0,0,418,13,0,8,410,22782,387,0,0,0,0,418,0,0,0,0,259,9400
876,W1,1,1,6,6,0,0,0,0,0,0,0,410,410,388,0,10,10,10,400,400,378,94.634146,12416,44507,27.896735,20,20,30,30,418,13,0,8,410,22782,387,0,0,0,0,418,0,0,0,0,254,9400
877,W1,1,1,7,7,0,0,0,0,0,0,0,410,410,0,0,10,10,0,400,400,0,0.000000,0,44617,0.000000,0,0,0,0,418,11,0,8,410,22782,327,0,0,0,0,418,0,0,0,0,206,9400
878,W1,1,1,5,5,0,0,0,0,0,0,0,410,410,0,0,10,10,0,400,400,0,0.000000,0,44397,0.000000,0,0,0,0,418,11,0,8,410,22782,325,0,0,0,0,418,0,0,0,0,232,9400
879,W1,1,1,5,5,0,0,0,0,0,0,0,410,410,0,0,10,10,0,400,400,0,0.000000,0,45057,0.000000,0,0,0,0,418,10,0,8,410,22782,296,0,0,0,0,418,0,0,0,0,204,9400
880,W1,1,1,5,5,0,0,0,0,0,0,0,410,410,0,0,10,10,0,400,400,0,0.000000,0,45002,0.000000,0,0,0,0,418,11,0,8,410,22782,325,0,0,0,0,418,0,0,0,0,221,9400
881,W1,1,1,6,6,0,0,0,0,0,0,0,410,410,0,0,10,10,0,400,400,0,0.000000,0,44782,0.000000,0,0,0,0,418,13,0,8,410,22782,387,0,0,0,0,418,0,0,0,0,232,9400
882,W1,1,1,6,6,0,0,0,0,0,0,0,410,410,0,0,10,10,0,400,400,0,0.000000,0,44727,0.000000,0,0,0,0,418,11,0,8,410,22782,327,0,0,0,0,418,0,0,0,0,255,9400
883,W1,1,1,6,6,0,0,0,0,0,0,0,410,410,394,0,10,10,7,400,400,387,96.097561,12608,45002,28.016533,20,20,30,30,418,13,0,8,410,22782,385,0,0,0,0,418,0,0,0,0,226,9400
884,W1,1,1,6,6,0,0,0,0,0,0,0,410,410,394,0,10,10,10,400,400,384,96.097561,12608,44808,28.137833,20,20,30,30,417,11,0,7,410,22753,327,0,0,0,0,417,0,0,0,0,234,9400
885,W1,1,1,6,6,0,0,0,0,0,0,0,410,410,0,0,10,10,0,400,400,0,0.000000,0,44617,0.000000,0,0,0,0,418,12,0,8,410,22782,358,0,0,0,0,418,0,0,0,0,223,9400
886,W1,1,1,6,6,0,0,0,0,0,0,0,410,410,391,0,10,10,10,400,400,381,95.365854,12512,44617,28.043123,20,20,30,30,418,12,0,8,410,22782,358,0,0,0,0,418,0,0,0,0,209,9400
887,W1,1,1,6,6,0,0,0,0,0,0,0,410,410,394,0,10,10,10,400,400,384,96.097561,12608,44837,28.119633,20,20,30,30,418,12,0,8,410,22782,356,0,0,0,0,418,0,0,0,0,209,9400
888,W1,1,1,6,6,0,0,0,0,0,0,0,410,410,394,0,10,10,9,400,400,385,96.097561,12608,44837,28.119633,20,20,30,30,418,11,0,8,410,22782,325,0,0,0,0,418,0,0,0,0,238,9400
889,W1,1,1,5,5,0,0,0,0,0,0,0,410,410,387,0,10,10,10,400,400,377,94.390244,12384,44837,27.620046,20,20,30,30,418,10,0,8,410,22782,296,0,0,0,0,418,0,0,0,0,209,9400
890,W1,1,1,5,5,0,0,0,0,0,0,0,410,410,0,0,10,10,0,400,400,0,0.000000,0,45112,0.000000,0,0,0,0,418,10,0,8,410,22782,294,0,0,0,0,418,0,0,0,0,224,9400
891,W1,1,1,6,6,0,0,0,0,0,0,0,410,410,0,0,10,10,0,400,400,0,0.000000,0,45002,0.000000,0,0,0,0,418,9,0,8,410,22782,265,0,0,0,0,418,0,0,0,0,212,9400
892,W1,1,1,5,5,0,0,0,0,0,0,0,410,410,0,0,10,10,0,400,400,0,0.000000,0,44837,0.000000,0,0,0,0,418,10,0,8,410,22782,294,0,0,0,0,418,0,0,0,0,221,9400
893,W1,1,1,6,6,0,0,0,0,0,0,0,410,410,0,0,10,10,0,400,400,0,0.000000,0,45002,0.000000,0,0,0,0,418,11,0,8,410,22782,325,0,0,0,0,418,0,0,0,0,207,9400
894,W1,1,1,5,5,0,0,0,0,0,0,0,410,410,0,0,10,10,0,400,400,0,0.000000,0,44672,0.000000,0,0,0,0,418,11,0,8,410,22782,325,0,0,0,0,418,0,0,0,0,212,9400
895,W1,1,1,6,6,0,0,0,0,0,0,0,410,410,0,0,10,10,0,400,400,0,0.000000,0,44617,0.000000,0,0,0,0,418,13,0,8,410,22782,385,0,0,0,0,418,0,0,0,0,228,9400
896,W1,1,1,6,6,0,0,0,0,0,0,0,410,410,0,0,10,10,0,400,400,0,0.000000,0,44617,0.000000,0,0,0,0,418,11,0,8,410,22782,325,0,0,0,0,418,0,0,0,0,213,9400
897,W1,1,1,5,5,0,0,0,0,0,0,0,410,410,0,0,10,10,0,400,400,0,0.000000,0,44782,0.000000,0,0,0,0,418,13,0,8,410,22782,387,0,0,0,0,418,0,0,0,0,213,9400
898,W1,1,1,6,6,0,0,0,0,0,0,0,410,410,0,0,10,10,0,400,400,0,0.000000,0,44727,0.000000,0,0,0,0,418,13,0,8,410,22782,387,0,0,0,0,418,0,0,0,0,210,9400
899,W1,1,1,6,6,0,0,0,0,0,0,0,410,410,0,0,10,10,0,400,400,0,0.000000,0,44837,0.000000,0,0,0,0,418,12,0,8,410,22782,356,0,0,0,0,418,0,0,0,0,201,9400
900,W1,1,1,6,6,0,0,0,0,0,0,0,410,410,391,0,10,10,10,400,400,381,95.365854,12512,45002,27.803209,20,20,30,30,418,12,0,8,410,22782,356,0,0,0,0,418,0,0,0,0,219,9400
901,W1,1,1,6,6,0,0,0,0,0,0,0,410,410,389,0,10,10,10,400,400,379,94.878049,12448,44617,27.899679,20,20,30,30,418,11,0,8,410,22782,327,0,0,0,0,418,0,0,0,0,214,9400
902,W1,1,1,6,6,1,0,0,0,4,0,0,410,410,0,0,10,10,0,400,400,0,0.000000,0,1007,0.000000,0,0,0,0,18,13,0,18,0,542,385,0,0,0,0,18,0,10,0,0,253,9400
903,W1,1,1,6,6,0,0,0,0,0,0,0,410,410,0,0,10,10,0,400,400,0,0.000000,0,44617,0.000000,0,0,0,0,418,19,0,8,410,22782,571,0,0,0,0,418,0,0,0,0,210,9400
904,W1,1,1,7,7,0,0,0,0,0,0,0,410,410,0,0,10,10,0,400,400,0,0.000000,0,44782,0.000000,0,0,0,0,418,15,0,8,410,22782,451,0,0,0,0,418,0,0,0,0,263,9400
905,W1,1,1,7,7,0,0,0,0,0,0,0,410,410,0,0,10,10,0,400,400,0,0.000000,0,44617,0.000000,0,0,0,0,418,17,0,8,410,22782,511,0,0,0,0,418,0,0,0,0,281,9400
906,W1,1,1,6,6,0,0,0,0,0,0,0,410,410,0,0,10,10,0,400,400,0,0.000000,0,44782,0.000000,0,0,0,0,418,18,0,8,410,22782,540,0,0,0,0,418,0,0,0,0,268,9400
907,W1,1,1,7,7,0,0,0,0,0,0,0,410,410,0,0,10,10,0,400,400,0,0.000000,0,44672,0.000000,0,0,0,0,418,16,0,8,410,22782,480,0,0,0,0,418,0,0,0,0,271,9400
908,W1,1,1,7,7,0,0,0,0,0,0,0,410,410,391,0,10,10,9,400,400,382,95.365854,12512,44837,27.905524,20,20,30,30,418,19,0,8,410,22782,571,0,0,0,0,418,0,0,0,0,280,9400
909,W1,1,1,7,7,0,0,0,0,0,0,0,410,410,392,0,10,10,9,400,400,383,95.609756,12544,44837,27.976894,20,20,30,30,418,17,0,8,410,22782,509,0,0,0,0,418,0,0,0,0,272,9400
910,W1,1,1,6,6,0,0,0,0,0,0,0,410,410,393,0,10,10,10,400,400,383,95.853659,12576,45057,27.911312,20,20,30,30,418,18,0,8,410,22782,540,0,0,0,0,418,0,0,0,0,274,9400
911,W1,1,1,6,6,0,0,0,0,0,0,0,410,410,0,0,10,10,0,400,400,0,0.000000,0,44672,0.000000,0,0,0,0,418,18,0,8,410,22782,538,0,0,0,0,418,0,0,0,0,280,9400
912,W1,1,1,6,6,0,0,0,0,0,0,0,410,410,0,0,10,10,0,400,400,0,0.000000,0,44727,0.000000,0,0,0,0,418,18,0,8,410,22782,542,0,0,0,0,418,0,0,0,0,256,9400
913,W1,1,1,6,6,0,0,0,0,0,0,0,410,410,0,0,10,10,0,400,400,0,0.000000,0,44892,0.000000,0,0,0,0,418,18,0,8,410,22782,540,0,0,0,0,418,0,0,0,0,251,9400
914,W1,1,1,7,7,0,0,0,0,0,0,0,410,410,393,0,10,10,9,400,400,384,95.853659,12576,44808,28.066417,20,20,30,30,417,15,0,7,410,22753,453,0,0,0,0,417,0,0,0,0,315,9400
915,W1,1,1,7,7,0,0,0,0,0,0,0,410,410,394,0,10,10,10,400,400,384,96.097561,12608,44947,28.050815,20,20,30,30,418,19,0,8,410,22782,571,0,0,0,0,418,0,0,0,0,294,9400
916,W1,1,1,7,7,0,0,0,0,0,0,0,410,410,0,0,10,10,0,400,400,0,0.000000,0,44727,0.000000,0,0,0,0,418,17,0,8,410,22782,509,0,0,0,0,418,0,0,0,0,331,9400
917,W1,1,1,6,6,0,0,0,0,0,0,0,410,410,0,0,10,10,0,400,400,0,0.000000,0,44782,0.000000,0,0,0,0,418,20,0,8,410,22782,600,0,0,0,0,418,0,0,0,0,242,9400
918,W1,1,1,6,6,0,0,0,0,0,0,0,410,410,390,0,10,10,10,400,400,380,95.121951,12480,44727,27.902609,20,20,30,30,418,18,0,8,410,22782,540,0,0,0,0,418,0,0,0,0,261,9400
919,W1,1,1,6,6,0,0,0,0,0,0,0,410,410,0,0,10,10,0,400,400,0,0.000000,0,44727,0.000000,0,0,0,0,418,19,0,8,410,22782,571,0,0,0,0,418,0,0,0,0,253,9400
920,W1,1,1,7,7,0,0,0,0,0,0,0,410,410,0,0,10,10,0,400,400,0,0.000000,0,44727,0.000000,0,0,0,0,418,19,0,8,410,22782,569,0,0,0,0,418,0,0,0,0,257,9400
921,W1,1,1,6,6,0,0,0,0,0,0,0,410,410,0,0,10,10,0,400,400,0,0.000000,0,44507,0.000000,0,0,0,0,418,17,0,8,410,22782,511,0,0,0,0,418,0,0,0,0,271,9400
922,W1,1,1,7,7,0,0,0,0,0,0,0,410,410,0,0,10,10,0,400,400,0,0.000000,0,45002,0.000000,0,0,0,0,418,18,0,8,410,22782,540,0,0,0,0,418,0,0,0,0,286,9400
923,W1,1,1,6,6,0,0,0,0,0,0,0,410,410,0,0,10,10,0,400,400,0,0.000000,0,44672,0.000000,0,0,0,0,418,18,0,8,410,22782,538,0,0,0,0,418,0,0,0,0,278,9400
924,W1,1,1,6,6,0,0,0,0,0,0,0,410,410,0,0,10,10,0,400,400,0,0.000000,0,44837,0.000000,0,0,0,0,418,18,0,8,410,22782,542,0,0,0,0,418,0,0,0,0,249,9400
925,W1,1,1,7,7,0,0,0,0,0,0,0,410,410,389,0,10,10,9,400,400,380,94.878049,12448,44753,27.814895,20,20,30,30,417,16,0,7,410,22753,484,0,0,0,0,417,0,0,0,0,242,9400
926,W1,1,1,5,5,0,0,0,0,0,0,0,410,410,0,0,10,10,0,400,400,0,0.000000,0,44617,0.000000,0,0,0,0,418,17,0,8,410,22782,511,0,0,0,0,418,0,0,0,0,275,9400
927,W1,1,1,6,6,0,0,0,0,0,0,0,410,410,0,0,10,10,0,400,400,0,0.000000,0,44617,0.000000,0,0,0,0,418,19,0,8,410,22782,573,0,0,0,0,418,0,0,0,0,253,9400
928,W1,1,1,7,7,0,0,0,0,0,0,0,410,410,0,0,10,10,0,400,400,0,0.000000,0,44452,0.000000,0,0,0,0,418,17,0,8,410,22782,511,0,0,0,0,418,0,0,0,0,294,9400
929,W1,1,1,7,7,0,0,0,0,0,0,0,410,410,0,0,10,10,0,400,400,0,0.000000,0,44782,0.000000,0,0,0,0,418,19,0,8,410,22782,571,0,0,0,0,418,0,0,0,0,250,9400
930,W1,1,1,6,6,0,0,0,0,0,0,0,410,410,392,0,10,10,10,400,400,382,95.609756,12544,44947,27.908425,20,20,30,30,418,16,0,8,410,22782,482,0,0,0,0,418,0,0,0,0,300,9400
931,W1,1,1,7,7,0,0,0,0,0,0,0,410,410,380,0,10,10,10,400,400,370,92.682927,12160,44562,27.287824,20,20,30,30,418,18,0,8,410,22782,540,0,0,0,0,418,0,0,0,0,241,9400
932,W1,1,1,6,6,0,0,0,0,0,0,0,410,410,0,0,10,10,0,400,400,0,0.000000,0,44727,0.000000,0,0,0,0,418,17,0,8,410,22782,511,0,0,0,0,418,0,0,0,0,248,9400
933,W1,1,1,6,6,0,0,0,0,0,0,0,410,410,0,0,10,10,0,400,400,0,0.000000,0,44837,0.000000,0,0,0,0,418,21,0,8,410,22782,631,0,0,0,0,418,0,0,0,0,252,9400
934,W1,1,1,6,6,0,0,0,0,0,0,0,410,410,0,0,10,10,0,400,400,0,0.000000,0,44727,0.000000,0,0,0,0,418,19,0,8,410,22782,573,0,0,0,0,418,0,0,0,0,246,9400
935,W1,1,1,6,6,0,0,0,0,0,0,0,410,410,390,0,10,10,9,400,400,381,95.121951,12480,44753,27.886399,20,20,30,30,417,17,0,7,410,22753,513,0,0,0,0,417,0,0,0,0,247,9400
936,W1,1,1,6,6,0,0,0,0,0,0,0,410,410,0,0,10,10,0,400,400,0,0.000000,0,44478,0.000000,0,0,0,0,417,16,0,7,410,22753,482,0,0,0,0,417,0,0,0,0,278,9400
937,W1,1,1,6,6,0,0,0,0,0,0,0,410,410,383,0,10,10,9,400,400,374,93.414634,12256,44727,27.401793,20,20,30,30,418,20,0,8,410,22782,604,0,0,0,0,418,0,0,0,0,246,9400
938,W1,1,1,6,6,0,0,0,0,0,0,0,410,410,0,0,10,10,0,400,400,0,0.000000,0,45002,0.000000,0,0,0,0,418,16,0,8,410,22782,482,0,0,0,0,418,0,0,0,0,249,9400
939,W1,1,1,6,6,0,0,0,0,0,0,0,410,410,0,0,10,10,0,400,400,0,0.000000,0,45002,0.000000,0,0,0,0,418,19,0,8,410,22782,573,0,0,0,0,418,0,0,0,0,240,9400
940,W1,1,1,6,6,0,0,0,0,0,0,0,410,410,393,0,10,10,10,400,400,383,95.853659,12576,44837,28.048264,20,20,30,30,418,18,0,8,410,22782,540,0,0,0,0,418,0,0,0,0,289,9400
941,W1,1,1,6,6,0,0,0,0,0,0,0,410,410,0,0,10,10,0,400,400,0,0.000000,0,45002,0.000000,0,0,0,0,418,13,0,8,410,22782,387,0,0,0,0,418,0,0,0,0,246,9400
942,W1,1,1,5,5,0,0,0,0,0,0,0,410,410,385,0,10,10,10,400,400,375,93.902439,12320,44782,27.511054,20,20,30,30,418,13,0,8,410,22782,387,0,0,0,0,418,0,0,0,0,275,9400
943,W1,1,1,5,5,0,0,0,0,0,0,0,410,410,0,0,10,10,0,400,400,0,0.000000,0,44837,0.000000,0,0,0,0,418,13,0,8,410,22782,387,0,0,0,0,418,0,0,0,0,282,9400
944,W1,1,1,5,5,0,0,0,0,0,0,0,410,410,0,0,10,10,0,400,400,0,0.000000,0,44507,0.000000,0,0,0,0,418,15,0,8,410,22782,449,0,0,0,0,418,0,0,0,0,269,9400
945,W1,1,1,5,5,0,0,0,0,0,0,0,410,410,0,0,10,10,0,400,400,0,0.000000,0,44782,0.000000,0,0,0,0,418,19,0,8,410,22782,571,0,0,0,0,418,0,0,0,0,249,9400
946,W1,1,1,5,5,0,0,0,0,0,0,0,410,410,392,0,10,10,10,400,400,382,95.609756,12544,44727,28.045699,20,20,30,30,418,16,0,8,410,22782,480,0,0,0,0,418,0,0,0,0,293,9400
947,W1,1,1,5,5,0,0,0,0,0,0,0,410,410,0,0,10,10,0,400,400,0,0.000000,0,44562,0.000000,0,0,0,0,418,17,0,8,410,22782,509,0,0,0,0,418,0,0,0,0,249,9400
948,W1,1,1,5,5,0,0,0,0,0,0,0,410,410,0,0,10,10,0,400,400,0,0.000000,0,44973,0.000000,0,0,0,0,417,15,0,7,410,22753,451,0,0,0,0,417,0,0,0,0,255,9400
949,W1,1,1,5,5,0,0,0,0,0,0,0,410,410,387,0,10,10,10,400,400,377,94.390244,12384,44672,27.722063,20,20,30,30,418,14,0,8,410,22782,420,0,0,0,0,418,0,0,0,0,250,9400
950,W1,1,1,6,6,0,0,0,0,0,0,0,410,410,389,0,10,10,10,400,400,379,94.878049,12448,44617,27.899679,20,20,30,30,418,10,0,8,410,22782,292,0,0,0,0,418,0,0,0,0,257,9400
951,W1,1,1,6,6,0,0,0,0,0,0,0,410,410,0,0,10,10,0,400,400,0,0.000000,0,45057,0.000000,0,0,0,0,418,9,0,8,410,22782,263,0,0,0,0,418,0,0,0,0,274,9400
952,W1,1,1,6,6,0,0,0,0,0,0,0,410,410,0,0,10,10,0,400,400,0,0.000000,0,44782,0.000000,0,0,0,0,418,10,0,8,410,22782,292,0,0,0,0,418,0,0,0,0,242,9400
953,W1,1,1,6,6,0,0,0,0,0,0,0,410,410,0,0,10,10,0,400,400,0,0.000000,0,44617,0.000000,0,0,0,0,418,9,0,8,410,22782,263,0,0,0,0,418,0,0,0,0,233,9400
954,W1,1,1,6,6,0,0,0,0,0,0,0,410,410,387,0,10,10,9,400,400,378,94.390244,12384,44617,27.756236,20,20,30,30,418,10,0,8,410,22782,292,0,0,0,0,418,0,0,0,0,238,9400
955,W1,1,1,6,6,0,0,0,0,0,0,0,410,410,389,0,10,10,9,400,400,380,94.878049,12448,44837,27.762785,20,20,30,30,418,9,0,8,410,22782,263,0,0,0,0,418,0,0,0,0,229,9400
956,W1,1,1,5,5,0,0,0,0,0,0,0,410,410,0,0,10,10,0,400,400,0,0.000000,0,44808,0.000000,0,0,0,0,417,7,0,7,410,22753,203,0,0,0,0,417,0,0,0,0,244,9400
957,W1,1,1,5,5,0,0,0,0,0,0,0,410,410,0,0,10,10,0,400,400,0,0.000000,0,45002,0.000000,0,0,0,0,418,8,0,8,410,22782,232,0,0,0,0,418,0,0,0,0,261,9400
958,W1,1,1,5,5,0,0,0,0,0,0,0,410,410,0,0,10,10,0,400,400,0,0.000000,0,44672,0.000000,0,0,0,0,418,8,0,8,410,22782,232,0,0,0,0,418,0,0,0,0,307,9400
959,W1,1,1,6,6,0,0,0,0,0,0,0,410,410,389,0,10,10,10,400,400,379,94.878049,12448,44727,27.831064,20,20,30,30,418,15,0,8,410,22782,449,0,0,0,0,418,0,0,0,0,241,9400
960,W1,1,1,6,6,0,0,0,0,0,0,0,410,410,0,0,10,10,0,400,400,0,0.000000,0,44782,0.000000,0,0,0,0,418,15,0,8,410,22782,449,0,0,0,0,418,0,0,0,0,247,9400
961,W1,1,1,7,7,0,0,0,0,0,0,0,410,410,0,0,10,10,0,400,400,0,0.000000,0,44397,0.000000,0,0,0,0,418,16,0,8,410,22782,478,0,0,0,0,418,0,0,0,0,253,9400
962,W1,1,1,6,6,0,0,0,0,0,0,0,410,410,0,0,10,10,0,400,400,0,0.000000,0,44863,0.000000,0,0,0,0,417,16,0,7,410,22753,484,0,0,0,0,417,0,0,0,0,247,9400
963,W1,1,1,6,6,0,0,0,0,0,0,0,410,410,0,0,10,10,0,400,400,0,0.000000,0,44753,0.000000,0,0,0,0,417,16,0,7,410,22753,482,0,0,0,0,417,0,0,0,0,257,9400
964,W1,1,1,6,6,0,0,0,0,0,0,0,410,410,384,0,10,10,9,400,400,375,93.658537,12288,44617,27.541072,20,20,30,30,418,17,0,8,410,22782,511,0,0,0,0,418,0,0,0,0,241,9400
965,W1,1,1,6,6,0,0,0,0,0,0,0,410,410,0,0,10,10,0,400,400,0,0.000000,0,44727,0.000000,0,0,0,0,418,20,0,8,410,22782,602,0,0,0,0,418,0,0,0,0,260,9400
966,W1,1,1,6,6,0,0,0,0,0,0,0,410,410,0,0,10,10,0,400,400,0,0.000000,0,45057,0.000000,0,0,0,0,418,18,0,8,410,22782,542,0,0,0,0,418,0,0,0,0,233,9400
967,W1,1,1,6,6,0,0,0,0,0,0,0,410,410,401,0,10,10,10,400,400,391,97.804878,12832,45167,28.410122,20,20,30,30,418,18,0,8,410,22782,540,0,0,0,0,418,0,0,0,0,262,9400
968,W1,1,1,5,5,0,0,0,0,0,0,0,410,410,0,0,10,10,0,400,400,0,0.000000,0,44562,0.000000,0,0,0,0,418,16,0,8,410,22782,480,0,0,0,0,418,0,0,0,0,238,9400
969,W1,1,1,5,5,0,0,0,0,0,0,0,410,410,390,0,10,10,10,400,400,380,95.121951,12480,44588,27.989594,20,20,30,30,417,15,0,7,410,22753,449,0,0,0,0,417,0,0,0,0,244,9400
970,W1,1,1,5,5,0,0,0,0,0,0,0,410,410,0,0,10,10,0,400,400,0,0.000000,0,44727,0.000000,0,0,0,0,418,16,0,8,410,22782,478,0,0,0,0,418,0,0,0,0,265,9400
971,W1,1,1,5,5,0,0,0,0,0,0,0,410,410,392,0,10,10,8,400,400,384,95.609756,12544,45112,27.806349,20,20,30,30,418,16,0,8,410,22782,478,0,0,0,0,418,0,0,0,0,242,9400
972,W1,1,1,5,5,0,0,0,0,0,0,0,410,410,0,0,10,10,0,400,400,0,0.000000,0,45057,0.000000,0,0,0,0,418,15,0,8,410,22782,449,0,0,0,0,418,0,0,0,0,243,9400
973,W1,1,1,5,5,0,0,0,0,0,0,0,410,410,0,0,10,10,0,400,400,0,0.000000,0,44617,0.000000,0,0,0,0,418,15,0,8,410,22782,449,0,0,0,0,418,0,0,0,0,232,9400
974,W1,1,1,5,5,0,0,0,0,0,0,0,410,410,392,0,10,10,10,400,400,382,95.609756,12544,44727,28.045699,20,20,30,30,418,14,0,8,410,22782,420,0,0,0,0,418,0,0,0,0,256,9400
975,W1,1,1,5,5,0,0,0,0,0,0,0,410,410,0,0,10,10,0,400,400,0,0.000000,0,45057,0.000000,0,0,0,0,418,14,0,8,410,22782,420,0,0,0,0,418,0,0,0,0,263,9400
976,W1,1,1,5,5,0,0,0,0,0,0,0,410,410,397,0,10,10,10,400,400,387,96.829268,12704,44753,28.386924,20,20,30,30,417,15,0,7,410,22753,451,0,0,0,0,417,0,0,0,0,264,9400
977,W1,1,1,6,6,0,0,0,0,0,0,0,410,410,0,0,10,10,0,400,400,0,0.000000,0,44617,0.000000,0,0,0,0,418,15,0,8,410,22782,451,0,0,0,0,418,0,0,0,0,309,9400
978,W1,1,1,6,6,0,0,0,0,0,0,0,410,410,0,0,10,10,0,400,400,0,0.000000,0,45002,0.000000,0,0,0,0,418,17,0,8,410,22782,511,0,0,0,0,418,0,0,0,0,299,9400
979,W1,1,1,6,6,0,0,0,0,0,0,0,410,410,0,0,10,10,0,400,400,0,0.000000,0,44947,0.000000,0,0,0,0,418,18,0,8,410,22782,540,0,0,0,0,418,0,0,0,0,261,9400
980,W1,1,1,6,6,0,0,0,0,0,0,0,410,410,391,0,10,10,8,400,400,383,95.365854,12512,44617,28.043123,20,20,30,30,418,17,0,8,410,22782,511,0,0,0,0,418,0,0,0,0,270,9400
981,W1,1,1,6,6,0,0,0,0,0,0,0,410,410,0,0,10,10,0,400,400,0,0.000000,0,44672,0.000000,0,0,0,0,418,15,0,8,410,22782,451,0,0,0,0,418,0,0,0,0,235,9400
982,W1,1,1,6,6,0,0,0,0,0,0,0,410,410,391,0,10,10,10,400,400,381,95.365854,12512,44782,27.939797,20,20,30,30,418,17,0,8,410,22782,509,0,0,0,0,418,0,0,0,0,257,9400
983,W1,1,1,5,5,0,0,0,0,0,0,0,410,410,0,0,10,10,0,400,400,0,0.000000,0,44782,0.000000,0,0,0,0,418,18,0,8,410,22782,538,0,0,0,0,418,0,0,0,0,302,9400
984,W1,1,1,6,6,0,0,0,0,0,0,0,410,410,0,0,10,10,0,400,400,0,0.000000,0,44727,0.000000,0,0,0,0,418,19,0,8,410,22782,569,0,0,0,0,418,0,0,0,0,288,9400
985,W1,1,1,6,6,0,0,0,0,0,0,0,410,410,0,0,10,10,0,400,400,0,0.000000,0,44562,0.000000,0,0,0,0,418,16,0,8,410,22782,478,0,0,0,0,418,0,0,0,0,244,9400
986,W1,1,1,6,6,0,0,0,0,0,0,0,410,410,395,0,10,10,9,400,400,386,96.341463,12640,45112,28.019152,20,20,30,30,418,19,0,8,410,22782,571,0,0,0,0,418,0,0,0,0,252,9400
987,W1,1,1,6,6,0,0,0,0,0,0,0,410,410,0,0,10,10,0,400,400,0,0.000000,0,44892,0.000000,0,0,0,0,418,17,0,8,410,22782,511,0,0,0,0,418,0,0,0,0,250,9400
988,W1,1,1,6,6,0,0,0,0,0,0,0,410,410,0,0,10,10,0,400,400,0,0.000000,0,44947,0.000000,0,0,0,0,418,17,0,8,410,22782,509,0,0,0,0,418,0,0,0,0,226,9400
989,W1,1,1,6,6,0,0,0,0,0,0,0,410,410,381,0,10,10,9,400,400,372,92.926829,12192,44177,27.598071,20,20,30,30,418,17,0,8,410,22782,513,0,0,0,0,418,0,0,0,0,259,9400
990,W1,1,1,6,6,0,0,0,0,0,0,0,410,410,0,0,10,10,0,400,400,0,0.000000,0,44727,0.000000,0,0,0,0,418,17,0,8,410,22782,511,0,0,0,0,418,0,0,0,0,237,9400
991,W1,1,1,6,6,0,0,0,0,0,0,0,410,410,0,0,10,10,0,400,400,0,0.000000,0,44782,0.000000,0,0,0,0,418,18,0,8,410,22782,540,0,0,0,0,418,0,0,0,0,285,9400
992,W1,1,1,6,6,0,0,0,0,0,0,0,410,410,0,0,10,10,0,400,400,0,0.000000,0,44452,0.000000,0,0,0,0,418,17,0,8,410,22782,511,0,0,0,0,418,0,0,0,0,265,9400
993,W1,1,1,6,6,0,0,0,0,0,0,0,410,410,0,0,10,10,0,400,400,0,0.000000,0,45002,0.000000,0,0,0,0,418,18,0,8,410,22782,542,0,0,0,0,418,0,0,0,0,282,9400
994,W1,1,1,6,6,0,0,0,0,0,0,0,410,410,386,0,10,10,8,400,400,378,94.146341,12352,44837,27.548676,20,20,30,30,418,18,0,8,410,22782,540,0,0,0,0,418,0,0,0,0,249,9400
995,W1,1,1,6,6,0,0,0,0,0,0,0,410,410,0,0,10,10,0,400,400,0,0.000000,0,44837,0.000000,0,0,0,0,418,10,0,8,410,22782,294,0,0,0,0,418,0,0,0,0,222,9400
996,W1,1,1,6,6,0,0,0,0,0,0,0,410,410,396,0,10,10,10,400,400,386,96.585366,12672,44782,28.297084,20,20,30,30,418,11,0,8,410,22782,323,0,0,0,0,418,0,0,0,0,245,9400
997,W1,1,1,6,6,0,0,0,0,0,0,0,410,410,0,0,10,10,0,400,400,0,0.000000,0,44562,0.000000,0,0,0,0,418,11,0,8,410,22782,323,0,0,0,0,418,0,0,0,0,260,9400
998,W1,1,1,5,5,1,0,0,0,4,0,0,410,410,0,0,10,10,0,400,400,0,0.000000,0,1007,0.000000,0,0,0,0,18,12,0,18,0,542,354,0,0,0,0,18,0,10,0,0,278,9400
999,W1,1,1,6,6,0,0,0,0,0,0,0,410,410,0,0,10,10,0,400,400,0,0.000000,0,44837,0.000000,0,0,0,0,418,16,0,8,410,22782,478,0,0,0,0,418,0,0,0,0,261,9400
1000,W1,1,1,5,5,0,0,0,0,0,0,0,410,410,0,0,10,10,0,400,400,0,0.000000,0,45002,0.000000,0,0,0,0,418,14,0,8,410,22782,420,0,0,0,0,418,0,0,0,0,250,9400
1001,W1,1,1,6,6,0,0,0,0,0,0,0,410,410,0,0,10,10,0,400,400,0,0.000000,0,44617,0.000000,0,0,0,0,418,15,0,8,410,22782,449,0,0,0,0,418,0,0,0,0,262,9400
1002,W1,1,1,6,6,0,0,0,0,0,0,0,410,410,391,0,10,10,10,400,400,381,95.365854,12512,44892,27.871336,20,20,30,30,418,15,0,8,410,22782,449,0,0,0,0,418,0,0,0,0,219,9400
1003,W1,1,1,5,5,1,0,0,0,4,0,0,410,410,0,0,10,10,0,400,400,0,0.000000,0,1007,0.000000,0,0,0,0,18,10,0,18,0,542,294,0,0,0,0,18,0,10,0,0,223,9400
1004,W1,1,1,5,5,0,0,0,0,0,0,0,410,410,0,0,10,10,0,400,400,0,0.000000,0,44727,0.000000,0,0,0,0,418,17,0,8,410,22782,511,0,0,0,0,418,0,0,0,0,240,9400
1005,W1,1,1,5,5,0,0,0,0,0,0,0,410,410,0,0,10,10,0,400,400,0,0.000000,0,44782,0.000000,0,0,0,0,418,16,0,8,410,22782,478,0,0,0,0,418,0,0,0,0,230,9400
1006,W1,1,1,5,5,0,0,0,0,0,0,0,410,410,394,0,10,10,10,400,400,384,96.097561,12608,45057,27.982333,20,20,30,30,418,18,0,8,410,22782,540,0,0,0,0,418,0,0,0,0,219,9400
1007,W1,1,1,5,5,0,0,0,0,0,0,0,410,410,0,0,10,10,0,400,400,0,0.000000,0,44727,0.000000,0,0,0,0,418,17,0,8,410,22782,509,0,0,0,0,418,0,0,0,0,210,9400
1008,W1,1,1,5,5,0,0,0,0,0,0,0,410,410,0,0,10,10,0,400,400,0,0.000000,0,44892,0.000000,0,0,0,0,418,17,0,8,410,22782,509,0,0,0,0,418,0,0,0,0,231,9400
1009,W1,1,1,5,5,0,0,0,0,0,0,0,410,410,389,0,10,10,9,400,400,380,94.878049,12448,44892,27.728771,20,20,30,30,418,17,0,8,410,22782,509,0,0,0,0,418,0,0,0,0,218,9400
1010,W1,1,1,5,5,0,0,0,0,0,0,0,410,410,385,0,10,10,9,400,400,376,93.902439,12320,44782,27.511054,20,20,30,30,418,15,0,8,410,22782,449,0,0,0,0,418,0,0,0,0,212,9400
1011,W1,1,1,5,5,0,0,0,0,0,0,0,410,410,387,0,10,10,10,400,400,377,94.390244,12384,44617,27.756236,20,20,30,30,418,16,0,8,410,22782,478,0,0,0,0,418,0,0,0,0,190,9400
1012,W1,1,1,5,5,0,0,0,0,0,0,0,410,410,0,0,10,10,0,400,400,0,0.000000,0,44698,0.000000,0,0,0,0,417,15,0,7,410,22753,449,0,0,0,0,417,0,0,0,0,226,9400
1013,W1,1,1,5,5,0,0,0,0,0,0,0,410,410,0,0,10,10,0,400,400,0,0.000000,0,44782,0.000000,0,0,0,0,418,16,0,8,410,22782,480,0,0,0,0,418,0,0,0,0,214,9400
1014,W1,1,1,5,5,0,0,0,0,0,0,0,410,410,0,0,10,10,0,400,400,0,0.000000,0,44727,0.000000,0,0,0,0,418,18,0,8,410,22782,540,0,0,0,0,418,0,0,0,0,249,9400
1015,W1,1,1,5,5,0,0,0,0,0,0,0,410,410,388,0,10,10,10,400,400,378,94.634146,12416,44643,27.811751,20,20,30,30,417,16,0,7,410,22753,484,0,0,0,0,417,0,0,0,0,228,9400
1016,W1,1,1,5,5,0,0,0,0,0,0,0,410,410,387,0,10,10,9,400,400,378,94.390244,12384,44892,27.586207,20,20,30,30,418,18,0,8,410,22782,542,0,0,0,0,418,0,0,0,0,261,9400
1017,W1,1,1,5,5,0,0,0,0,0,0,0,410,410,0,0,10,10,0,400,400,0,0.000000,0,44782,0.000000,0,0,0,0,418,18,0,8,410,22782,540,0,0,0,0,418,0,0,0,0,210,9400
1018,W1,1,1,6,6,0,0,0,0,0,0,0,410,410,0,0,10,10,0,400,400,0,0.000000,0,44617,0.000000,0,0,0,0,418,18,0,8,410,22782,542,0,0,0,0,418,0,0,0,0,212,9400
1019,W1,1,1,6,6,0,0,0,0,0,0,0,410,410,0,0,10,10,0,400,400,0,0.000000,0,44672,0.000000,0,0,0,0,418,19,0,8,410,22782,571,0,0,0,0,418,0,0,0,0,248,9400
1020,W1,1,1,6,6,0,0,0,0,0,0,0,410,410,0,0,10,10,0,400,400,0,0.000000,0,45002,0.000000,0,0,0,0,418,19,0,8,410,22782,569,0,0,0,0,418,0,0,0,0,231,9400
1021,W1,1,1,6,6,0,0,0,0,0,0,0,410,410,380,0,10,10,7,400,400,373,92.682927,12160,44397,27.389238,20,20,30,30,418,19,0,8,410,22782,571,0,0,0,0,418,0,0,0,0,202,9400
1022,W1,1,1,7,7,0,0,0,0,0,0,0,410,410,388,0,10,10,9,400,400,379,94.634146,12416,44947,27.623646,20,20,30,30,418,18,0,8,410,22782,542,0,0,0,0,418,0,0,0,0,284,9400
1023,W1,1,1,7,7,0,0,0,0,0,0,0,410,410,0,0,10,10,0,400,400,0,0.000000,0,44727,0.000000,0,0,0,0,418,18,0,8,410,22782,540,0,0,0,0,418,0,0,0,0,226,9400
1024,W1,1,1,6,6,0,0,0,0,0,0,0,410,410,384,0,10,10,9,400,400,375,93.658537,12288,44947,27.338866,20,20,30,30,418,19,0,8,410,22782,571,0,0,0,0,418,0,0,0,0,207,9400
