node_id,wire_profile,degree,admitted,routes_current,routes_hwm,discoveries_hwm,candidates_hwm,q0_hwm,q1_hwm,pending_q1_hwm,paths_hwm,flows_hwm,app_generated,app_accepted,origin_delivered,duplicate_deliveries,q0_generated,q0_accepted,q0_delivered,q1_generated,q1_accepted,q1_delivered,delivery_pct,payload_delivered_bytes,origin_wire_bytes,wire_efficiency_pct,latency_p50_ms,latency_p95_ms,latency_p99_ms,latency_max_ms,frames_tx,frames_rx,forwarded_frames_tx,control_frames_tx,business_frames_tx,wire_bytes_tx,wire_bytes_rx,no_space,no_route,link_down,other_rejected,core_tx_sent,core_rx_delivered,route_requests_sent,route_errors_sent,control_budget_dropped,host_work_us,node_storage_bytes
1,W3,3,3,8,8,0,0,0,0,0,0,0,100,100,100,0,0,0,0,100,100,100,100.000000,1600,10512,15.220700,10,10,10,10,424,1224,300,24,400,20112,58512,0,0,0,0,424,500,0,0,0,2602,9400
2,W3,4,4,8,8,0,0,0,0,0,0,0,100,100,100,0,0,0,0,100,100,100,100.000000,1600,10816,14.792899,10,10,10,10,532,1532,400,32,500,25216,73216,0,0,0,0,532,400,0,0,0,2510,9400
3,W3,4,4,8,8,0,0,0,0,0,0,0,100,100,100,0,0,0,0,100,100,100,100.000000,1600,10816,14.792899,10,10,10,10,432,1332,300,32,400,20416,63616,0,0,0,0,432,300,0,0,0,1801,9400
4,W3,4,4,8,8,0,0,0,0,0,0,0,100,100,100,0,0,0,0,100,100,100,100.000000,1600,10816,14.792899,10,10,10,10,432,1232,300,32,400,20416,58816,0,0,0,0,432,200,0,0,0,1696,9400
5,W3,4,4,8,8,0,0,0,0,0,0,0,100,100,100,0,0,0,0,100,100,100,100.000000,1600,10816,14.792899,10,10,10,10,432,1332,300,32,400,20416,63616,0,0,0,0,432,200,0,0,0,1840,9400
6,W3,4,4,8,8,0,0,0,0,0,0,0,100,100,100,0,0,0,0,100,100,100,100.000000,1600,10816,14.792899,10,10,10,10,432,1232,300,32,400,20416,58816,0,0,0,0,432,100,0,0,0,1641,9400
7,W3,4,4,8,8,0,0,0,0,0,0,0,100,100,100,0,0,0,0,100,100,100,100.000000,1600,10816,14.792899,10,10,10,10,432,1232,300,32,400,20416,58816,0,0,0,0,432,100,0,0,0,1612,9400
8,W3,4,4,8,8,0,0,0,0,0,0,0,100,100,100,0,0,0,0,100,100,100,100.000000,1600,10816,14.792899,10,10,10,10,432,1232,300,32,400,20416,58816,0,0,0,0,432,100,0,0,0,1601,9400
9,W3,4,4,8,8,0,0,0,0,0,0,0,100,100,100,0,0,0,0,100,100,100,100.000000,1600,10816,14.792899,10,10,10,10,432,1232,300,32,400,20416,58816,0,0,0,0,432,100,0,0,0,1494,9400
10,W3,4,4,8,8,0,0,0,0,0,0,0,100,100,0,0,0,0,0,100,100,0,0.000000,0,10816,0.000000,0,0,0,0,432,1232,300,32,400,20416,58816,0,0,0,0,432,100,0,0,0,1554,9400
11,W3,4,4,8,8,0,0,0,0,0,0,0,100,100,0,0,0,0,0,100,100,0,0.000000,0,10816,0.000000,0,0,0,0,432,1232,300,32,400,20416,58816,0,0,0,0,432,100,0,0,0,1536,9400
12,W3,4,4,8,8,0,0,0,0,0,0,0,100,100,0,0,0,0,0,100,100,0,0.000000,0,10816,0.000000,0,0,0,0,432,1232,300,32,400,20416,58816,0,0,0,0,432,100,0,0,0,1542,9400
13,W3,4,4,8,8,0,0,0,0,0,0,0,100,100,0,0,0,0,0,100,100,0,0.000000,0,10816,0.000000,0,0,0,0,432,1232,300,32,400,20416,58816,0,0,0,0,432,100,0,0,0,1546,9400
14,W3,4,4,8,8,0,0,0,0,0,0,0,100,100,100,0,0,0,0,100,100,100,100.000000,1600,10816,14.792899,10,10,10,10,432,1232,300,32,400,20416,58816,0,0,0,0,432,100,0,0,0,1470,9400
15,W3,4,4,8,8,0,0,0,0,0,0,0,100,100,100,0,0,0,0,100,100,100,100.000000,1600,10816,14.792899,10,10,10,10,432,1232,300,32,400,20416,58816,0,0,0,0,432,100,0,0,0,1574,9400
16,W3,4,4,8,8,0,0,0,0,0,0,0,100,100,0,0,0,0,0,100,100,0,0.000000,0,10816,0.000000,0,0,0,0,432,1232,300,32,400,20416,58816,0,0,0,0,432,100,0,0,0,1582,9400
17,W3,4,4,8,8,0,0,0,0,0,0,0,100,100,0,0,0,0,0,100,100,0,0.000000,0,10816,0.000000,0,0,0,0,432,1232,300,32,400,20416,58816,0,0,0,0,432,100,0,0,0,1577,9400
18,W3,4,4,8,8,0,0,0,0,0,0,0,100,100,0,0,0,0,0,100,100,0,0.000000,0,10816,0.000000,0,0,0,0,432,1232,300,32,400,20416,58816,0,0,0,0,432,100,0,0,0,1520,9400
19,W3,4,4,8,8,0,0,0,0,0,0,0,100,100,0,0,0,0,0,100,100,0,0.000000,0,10816,0.000000,0,0,0,0,432,1232,300,32,400,20416,58816,0,0,0,0,432,100,0,0,0,1541,9400
20,W3,4,4,8,8,0,0,0,0,0,0,0,100,100,0,0,0,0,0,100,100,0,0.000000,0,10816,0.000000,0,0,0,0,432,1232,300,32,400,20416,58816,0,0,0,0,432,100,0,0,0,1538,9400
21,W3,4,4,8,8,0,0,0,0,0,0,0,100,100,0,0,0,0,0,100,100,0,0.000000,0,10816,0.000000,0,0,0,0,432,1232,300,32,400,20416,58816,0,0,0,0,432,100,0,0,0,1520,9400
22,W3,4,4,8,8,0,0,0,0,0,0,0,100,100,0,0,0,0,0,100,100,0,0.000000,0,10816,0.000000,0,0,0,0,432,1232,300,32,400,20416,58816,0,0,0,0,432,100,0,0,0,1560,9400
23,W3,4,4,8,8,0,0,0,0,0,0,0,100,100,100,0,0,0,0,100,100,100,100.000000,1600,10816,14.792899,10,10,10,10,432,1232,300,32,400,20416,58816,0,0,0,0,432,100,0,0,0,1543,9400
24,W3,4,4,8,8,0,0,0,0,0,0,0,100,100,100,0,0,0,0,100,100,100,100.000000,1600,10816,14.792899,10,10,10,10,432,1232,300,32,400,20416,58816,0,0,0,0,432,100,0,0,0,1517,9400
25,W3,4,4,8,8,0,0,0,0,0,0,0,100,100,0,0,0,0,0,100,100,0,0.000000,0,10816,0.000000,0,0,0,0,432,1232,300,32,400,20416,58816,0,0,0,0,432,100,0,0,0,1581,9400
26,W3,4,4,8,8,0,0,0,0,0,0,0,100,100,0,0,0,0,0,100,100,0,0.000000,0,10816,0.000000,0,0,0,0,432,1232,300,32,400,20416,58816,0,0,0,0,432,100,0,0,0,1550,9400
27,W3,4,4,8,8,0,0,0,0,0,0,0,100,100,0,0,0,0,0,100,100,0,0.000000,0,10816,0.000000,0,0,0,0,432,1232,300,32,400,20416,58816,0,0,0,0,432,100,0,0,0,1599,9400
28,W3,4,4,8,8,0,0,0,0,0,0,0,100,100,0,0,0,0,0,100,100,0,0.000000,0,10816,0.000000,0,0,0,0,432,1232,300,32,400,20416,58816,0,0,0,0,432,100,0,0,0,1552,9400
29,W3,4,4,8,8,0,0,0,0,0,0,0,100,100,0,0,0,0,0,100,100,0,0.000000,0,10816,0.000000,0,0,0,0,432,1232,300,32,400,20416,58816,0,0,0,0,432,100,0,0,0,1500,9400
30,W3,4,4,8,8,0,0,0,0,0,0,0,100,100,0,0,0,0,0,100,100,0,0.000000,0,10816,0.000000,0,0,0,0,432,1232,300,32,400,20416,58816,0,0,0,0,432,100,0,0,0,1522,9400
31,W3,4,4,8,8,0,0,0,0,0,0,0,100,100,0,0,0,0,0,100,100,0,0.000000,0,10816,0.000000,0,0,0,0,432,1232,300,32,400,20416,58816,0,0,0,0,432,100,0,0,0,1529,9400
32,W3,4,4,8,8,0,0,0,0,0,0,0,100,100,100,0,0,0,0,100,100,100,100.000000,1600,10816,14.792899,10,10,10,10,432,1232,300,32,400,20416,58816,0,0,0,0,432,100,0,0,0,1542,9400
33,W3,4,4,8,8,0,0,0,0,0,0,0,100,100,100,0,0,0,0,100,100,100,100.000000,1600,10816,14.792899,10,10,10,10,432,1232,300,32,400,20416,58816,0,0,0,0,432,100,0,0,0,1465,9400
34,W3,4,4,8,8,0,0,0,0,0,0,0,100,100,0,0,0,0,0,100,100,0,0.000000,0,10816,0.000000,0,0,0,0,432,1232,300,32,400,20416,58816,0,0,0,0,432,100,0,0,0,1547,9400
35,W3,4,4,8,8,0,0,0,0,0,0,0,100,100,0,0,0,0,0,100,100,0,0.000000,0,10816,0.000000,0,0,0,0,432,1232,300,32,400,20416,58816,0,0,0,0,432,100,0,0,0,1513,9400
36,W3,4,4,8,8,0,0,0,0,0,0,0,100,100,0,0,0,0,0,100,100,0,0.000000,0,10816,0.000000,0,0,0,0,432,1232,300,32,400,20416,58816,0,0,0,0,432,100,0,0,0,1499,9400
37,W3,4,4,8,8,0,0,0,0,0,0,0,100,100,0,0,0,0,0,100,100,0,0.000000,0,10816,0.000000,0,0,0,0,432,1232,300,32,400,20416,58816,0,0,0,0,432,100,0,0,0,1513,9400
38,W3,4,4,8,8,0,0,0,0,0,0,0,100,100,0,0,0,0,0,100,100,0,0.000000,0,10816,0.000000,0,0,0,0,432,1232,300,32,400,20416,58816,0,0,0,0,432,100,0,0,0,1483,9400
39,W3,4,4,8,8,0,0,0,0,0,0,0,100,100,0,0,0,0,0,100,100,0,0.000000,0,10816,0.000000,0,0,0,0,432,1232,300,32,400,20416,58816,0,0,0,0,432,100,0,0,0,1550,9400
40,W3,4,4,8,8,0,0,0,0,0,0,0,100,100,0,0,0,0,0,100,100,0,0.000000,0,10816,0.000000,0,0,0,0,432,1232,300,32,400,20416,58816,0,0,0,0,432,100,0,0,0,1579,9400
41,W3,4,4,8,8,0,0,0,0,0,0,0,100,100,100,0,0,0,0,100,100,100,100.000000,1600,10816,14.792899,10,10,10,10,432,1232,300,32,400,20416,58816,0,0,0,0,432,100,0,0,0,1553,9400
42,W3,4,4,8,8,0,0,0,0,0,0,0,100,100,0,0,0,0,0,100,100,0,0.000000,0,10816,0.000000,0,0,0,0,432,1232,300,32,400,20416,58816,0,0,0,0,432,100,0,0,0,1486,9400
43,W3,4,4,8,8,0,0,0,0,0,0,0,100,100,0,0,0,0,0,100,100,0,0.000000,0,10816,0.000000,0,0,0,0,432,1232,300,32,400,20416,58816,0,0,0,0,432,100,0,0,0,1509,9400
44,W3,4,4,8,8,0,0,0,0,0,0,0,100,100,0,0,0,0,0,100,100,0,0.000000,0,10816,0.000000,0,0,0,0,432,1232,300,32,400,20416,58816,0,0,0,0,432,100,0,0,0,1605,9400
45,W3,4,4,8,8,0,0,0,0,0,0,0,100,100,0,0,0,0,0,100,100,0,0.000000,0,10816,0.000000,0,0,0,0,432,1232,300,32,400,20416,58816,0,0,0,0,432,100,0,0,0,1470,9400
46,W3,4,4,8,8,0,0,0,0,0,0,0,100,100,0,0,0,0,0,100,100,0,0.000000,0,10816,0.000000,0,0,0,0,432,1232,300,32,400,20416,58816,0,0,0,0,432,100,0,0,0,1484,9400
47,W3,4,4,8,8,0,0,0,0,0,0,0,100,100,0,0,0,0,0,100,100,0,0.000000,0,10816,0.000000,0,0,0,0,432,1232,300,32,400,20416,58816,0,0,0,0,432,100,0,0,0,1488,9400
48,W3,4,4,8,8,0,0,0,0,0,0,0,100,100,0,0,0,0,0,100,100,0,0.000000,0,10816,0.000000,0,0,0,0,432,1232,300,32,400,20416,58816,0,0,0,0,432,100,0,0,0,1571,9400
49,W3,4,4,8,8,0,0,0,0,0,0,0,100,100,0,0,0,0,0,100,100,0,0.000000,0,10816,0.000000,0,0,0,0,432,1232,300,32,400,20416,58816,0,0,0,0,432,100,0,0,0,1603,9400
50,W3,4,4,8,8,0,0,0,0,0,0,0,100,100,100,0,0,0,0,100,100,100,100.000000,1600,10816,14.792899,10,10,10,10,432,1232,300,32,400,20416,58816,0,0,0,0,432,100,0,0,0,1575,9400
51,W3,4,4,8,8,0,0,0,0,0,0,0,100,100,0,0,0,0,0,100,100,0,0.000000,0,10816,0.000000,0,0,0,0,432,1232,300,32,400,20416,58816,0,0,0,0,432,100,0,0,0,1488,9400
52,W3,4,4,8,8,0,0,0,0,0,0,0,100,100,0,0,0,0,0,100,100,0,0.000000,0,10816,0.000000,0,0,0,0,432,1232,300,32,400,20416,58816,0,0,0,0,432,100,0,0,0,1516,9400
53,W3,4,4,8,8,0,0,0,0,0,0,0,100,100,0,0,0,0,0,100,100,0,0.000000,0,10816,0.000000,0,0,0,0,432,1232,300,32,400,20416,58816,0,0,0,0,432,100,0,0,0,1490,9400
54,W3,4,4,8,8,0,0,0,0,0,0,0,100,100,0,0,0,0,0,100,100,0,0.000000,0,10816,0.000000,0,0,0,0,432,1232,300,32,400,20416,58816,0,0,0,0,432,100,0,0,0,1532,9400
55,W3,4,4,8,8,0,0,0,0,0,0,0,100,100,0,0,0,0,0,100,100,0,0.000000,0,10816,0.000000,0,0,0,0,432,1232,300,32,400,20416,58816,0,0,0,0,432,100,0,0,0,1577,9400
56,W3,4,4,8,8,0,0,0,0,0,0,0,100,100,0,0,0,0,0,100,100,0,0.000000,0,10816,0.000000,0,0,0,0,432,1232,300,32,400,20416,58816,0,0,0,0,432,100,0,0,0,1500,9400
57,W3,4,4,8,8,0,0,0,0,0,0,0,100,100,0,0,0,0,0,100,100,0,0.000000,0,10816,0.000000,0,0,0,0,432,1232,300,32,400,20416,58816,0,0,0,0,432,100,0,0,0,1568,9400
58,W3,4,4,8,8,0,0,0,0,0,0,0,100,100,0,0,0,0,0,100,100,0,0.000000,0,10816,0.000000,0,0,0,0,432,1232,300,32,400,20416,58816,0,0,0,0,432,100,0,0,0,1486,9400
59,W3,4,4,8,8,0,0,0,0,0,0,0,100,100,100,0,0,0,0,100,100,100,100.000000,1600,10816,14.792899,10,10,10,10,432,1232,300,32,400,20416,58816,0,0,0,0,432,100,0,0,0,1523,9400
60,W3,4,4,8,8,0,0,0,0,0,0,0,100,100,0,0,0,0,0,100,100,0,0.000000,0,10816,0.000000,0,0,0,0,432,1232,300,32,400,20416,58816,0,0,0,0,432,100,0,0,0,1485,9400
61,W3,4,4,8,8,0,0,0,0,0,0,0,100,100,0,0,0,0,0,100,100,0,0.000000,0,10816,0.000000,0,0,0,0,432,1232,300,32,400,20416,58816,0,0,0,0,432,100,0,0,0,1533,9400
62,W3,4,4,8,8,0,0,0,0,0,0,0,100,100,0,0,0,0,0,100,100,0,0.000000,0,10816,0.000000,0,0,0,0,432,1232,300,32,400,20416,58816,0,0,0,0,432,100,0,0,0,1509,9400
63,W3,4,4,8,8,0,0,0,0,0,0,0,100,100,0,0,0,0,0,100,100,0,0.000000,0,10816,0.000000,0,0,0,0,432,1232,300,32,400,20416,58816,0,0,0,0,432,100,0,0,0,1509,9400
64,W3,4,4,8,8,0,0,0,0,0,0,0,100,100,0,0,0,0,0,100,100,0,0.000000,0,10816,0.000000,0,0,0,0,432,1232,300,32,400,20416,58816,0,0,0,0,432,100,0,0,0,1507,9400
65,W3,4,4,8,8,0,0,0,0,0,0,0,100,100,0,0,0,0,0,100,100,0,0.000000,0,10816,0.000000,0,0,0,0,432,1232,300,32,400,20416,58816,0,0,0,0,432,100,0,0,0,1489,9400
66,W3,4,4,8,8,0,0,0,0,0,0,0,100,100,0,0,0,0,0,100,100,0,0.000000,0,10816,0.000000,0,0,0,0,432,1232,300,32,400,20416,58816,0,0,0,0,432,100,0,0,0,1524,9400
67,W3,4,4,8,8,0,0,0,0,0,0,0,100,100,0,0,0,0,0,100,100,0,0.000000,0,10816,0.000000,0,0,0,0,432,1232,300,32,400,20416,58816,0,0,0,0,432,100,0,0,0,1506,9400
68,W3,4,4,8,8,0,0,0,0,0,0,0,100,100,100,0,0,0,0,100,100,100,100.000000,1600,10816,14.792899,10,10,10,10,432,1232,300,32,400,20416,58816,0,0,0,0,432,100,0,0,0,1528,9400
69,W3,4,4,8,8,0,0,0,0,0,0,0,100,100,0,0,0,0,0,100,100,0,0.000000,0,10816,0.000000,0,0,0,0,432,1232,300,32,400,20416,58816,0,0,0,0,432,100,0,0,0,1434,9400
70,W3,4,4,8,8,0,0,0,0,0,0,0,100,100,0,0,0,0,0,100,100,0,0.000000,0,10816,0.000000,0,0,0,0,432,1232,300,32,400,20416,58816,0,0,0,0,432,100,0,0,0,1494,9400
71,W3,4,4,8,8,0,0,0,0,0,0,0,100,100,0,0,0,0,0,100,100,0,0.000000,0,10816,0.000000,0,0,0,0,432,1232,300,32,400,20416,58816,0,0,0,0,432,100,0,0,0,1538,9400
72,W3,4,4,8,8,0,0,0,0,0,0,0,100,100,0,0,0,0,0,100,100,0,0.000000,0,10816,0.000000,0,0,0,0,432,1232,300,32,400,20416,58816,0,0,0,0,432,100,0,0,0,1555,9400
73,W3,4,4,8,8,0,0,0,0,0,0,0,100,100,0,0,0,0,0,100,100,0,0.000000,0,10816,0.000000,0,0,0,0,432,1232,300,32,400,20416,58816,0,0,0,0,432,100,0,0,0,1485,9400
74,W3,4,4,8,8,0,0,0,0,0,0,0,100,100,0,0,0,0,0,100,100,0,0.000000,0,10816,0.000000,0,0,0,0,432,1232,300,32,400,20416,58816,0,0,0,0,432,100,0,0,0,1465,9400
75,W3,4,4,8,8,0,0,0,0,0,0,0,100,100,0,0,0,0,0,100,100,0,0.000000,0,10816,0.000000,0,0,0,0,432,1232,300,32,400,20416,58816,0,0,0,0,432,100,0,0,0,1468,9400
76,W3,4,4,8,8,0,0,0,0,0,0,0,100,100,0,0,0,0,0,100,100,0,0.000000,0,10816,0.000000,0,0,0,0,432,1232,300,32,400,20416,58816,0,0,0,0,432,100,0,0,0,1525,9400
77,W3,4,4,8,8,0,0,0,0,0,0,0,100,100,100,0,0,0,0,100,100,100,100.000000,1600,10816,14.792899,10,10,10,10,432,1232,300,32,400,20416,58816,0,0,0,0,432,100,0,0,0,1475,9400
78,W3,4,4,8,8,0,0,0,0,0,0,0,100,100,0,0,0,0,0,100,100,0,0.000000,0,10816,0.000000,0,0,0,0,432,1232,300,32,400,20416,58816,0,0,0,0,432,100,0,0,0,1529,9400
79,W3,4,4,8,8,0,0,0,0,0,0,0,100,100,0,0,0,0,0,100,100,0,0.000000,0,10816,0.000000,0,0,0,0,432,1232,300,32,400,20416,58816,0,0,0,0,432,100,0,0,0,1527,9400
80,W3,4,4,8,8,0,0,0,0,0,0,0,100,100,0,0,0,0,0,100,100,0,0.000000,0,10816,0.000000,0,0,0,0,432,1232,300,32,400,20416,58816,0,0,0,0,432,100,0,0,0,1499,9400
81,W3,4,4,8,8,0,0,0,0,0,0,0,100,100,0,0,0,0,0,100,100,0,0.000000,0,10816,0.000000,0,0,0,0,432,1232,300,32,400,20416,58816,0,0,0,0,432,100,0,0,0,1503,9400
82,W3,4,4,8,8,0,0,0,0,0,0,0,100,100,0,0,0,0,0,100,100,0,0.000000,0,10816,0.000000,0,0,0,0,432,1232,300,32,400,20416,58816,0,0,0,0,432,100,0,0,0,1563,9400
83,W3,4,4,8,8,0,0,0,0,0,0,0,100,100,0,0,0,0,0,100,100,0,0.000000,0,10816,0.000000,0,0,0,0,432,1232,300,32,400,20416,58816,0,0,0,0,432,100,0,0,0,1506,9400
84,W3,4,4,8,8,0,0,0,0,0,0,0,100,100,0,0,0,0,0,100,100,0,0.000000,0,10816,0.000000,0,0,0,0,432,1232,300,32,400,20416,58816,0,0,0,0,432,100,0,0,0,1469,9400
85,W3,4,4,8,8,0,0,0,0,0,0,0,100,100,0,0,0,0,0,100,100,0,0.000000,0,10816,0.000000,0,0,0,0,432,1232,300,32,400,20416,58816,0,0,0,0,432,100,0,0,0,1488,9400
86,W3,4,4,8,8,0,0,0,0,0,0,0,100,100,100,0,0,0,0,100,100,100,100.000000,1600,10816,14.792899,10,10,10,10,432,1232,300,32,400,20416,58816,0,0,0,0,432,100,0,0,0,1498,9400
87,W3,4,4,8,8,0,0,0,0,0,0,0,100,100,0,0,0,0,0,100,100,0,0.000000,0,10816,0.000000,0,0,0,0,432,1232,300,32,400,20416,58816,0,0,0,0,432,100,0,0,0,1524,9400
88,W3,4,4,8,8,0,0,0,0,0,0,0,100,100,0,0,0,0,0,100,100,0,0.000000,0,10816,0.000000,0,0,0,0,432,1232,300,32,400,20416,58816,0,0,0,0,432,100,0,0,0,1593,9400
89,W3,4,4,8,8,0,0,0,0,0,0,0,100,100,0,0,0,0,0,100,100,0,0.000000,0,10816,0.000000,0,0,0,0,432,1232,300,32,400,20416,58816,0,0,0,0,432,100,0,0,0,1494,9400
90,W3,4,4,8,8,0,0,0,0,0,0,0,100,100,0,0,0,0,0,100,100,0,0.000000,0,10816,0.000000,0,0,0,0,432,1232,300,32,400,20416,58816,0,0,0,0,432,100,0,0,0,1450,9400
91,W3,4,4,8,8,0,0,0,0,0,0,0,100,100,0,0,0,0,0,100,100,0,0.000000,0,10816,0.000000,0,0,0,0,432,1232,300,32,400,20416,58816,0,0,0,0,432,100,0,0,0,1527,9400
92,W3,4,4,8,8,0,0,0,0,0,0,0,100,100,0,0,0,0,0,100,100,0,0.000000,0,10816,0.000000,0,0,0,0,432,1232,300,32,400,20416,58816,0,0,0,0,432,100,0,0,0,1581,9400
93,W3,4,4,8,8,0,0,0,0,0,0,0,100,100,0,0,0,0,0,100,100,0,0.000000,0,10816,0.000000,0,0,0,0,432,1232,300,32,400,20416,58816,0,0,0,0,432,100,0,0,0,1457,9400
94,W3,4,4,8,8,0,0,0,0,0,0,0,100,100,0,0,0,0,0,100,100,0,0.000000,0,10816,0.000000,0,0,0,0,432,1232,300,32,400,20416,58816,0,0,0,0,432,100,0,0,0,1578,9400
95,W3,4,4,8,8,0,0,0,0,0,0,0,100,100,100,0,0,0,0,100,100,100,100.000000,1600,10816,14.792899,10,10,10,10,432,1232,300,32,400,20416,58816,0,0,0,0,432,100,0,0,0,1515,9400
96,W3,4,4,8,8,0,0,0,0,0,0,0,100,100,0,0,0,0,0,100,100,0,0.000000,0,10816,0.000000,0,0,0,0,432,1232,300,32,400,20416,58816,0,0,0,0,432,100,0,0,0,1492,9400
97,W3,4,4,8,8,0,0,0,0,0,0,0,100,100,0,0,0,0,0,100,100,0,0.000000,0,10816,0.000000,0,0,0,0,432,1232,300,32,400,20416,58816,0,0,0,0,432,100,0,0,0,1603,9400
98,W3,4,4,8,8,0,0,0,0,0,0,0,100,100,0,0,0,0,0,100,100,0,0.000000,0,10816,0.000000,0,0,0,0,432,1232,300,32,400,20416,58816,0,0,0,0,432,100,0,0,0,1473,9400
99,W3,4,4,8,8,0,0,0,0,0,0,0,100,100,0,0,0,0,0,100,100,0,0.000000,0,10816,0.000000,0,0,0,0,432,1232,300,32,400,20416,58816,0,0,0,0,432,100,0,0,0,1512,9400
100,W3,4,4,8,8,0,0,0,0,0,0,0,100,100,0,0,0,0,0,100,100,0,0.000000,0,10816,0.000000,0,0,0,0,432,1232,300,32,400,20416,58816,0,0,0,0,432,100,0,0,0,1527,9400
101,W3,4,4,8,8,0,0,0,0,0,0,0,100,100,0,0,0,0,0,100,100,0,0.000000,0,10816,0.000000,0,0,0,0,432,1232,300,32,400,20416,58816,0,0,0,0,432,100,0,0,0,1512,9400
102,W3,4,4,8,8,0,0,0,0,0,0,0,100,100,0,0,0,0,0,100,100,0,0.000000,0,10816,0.000000,0,0,0,0,432,1232,300,32,400,20416,58816,0,0,0,0,432,100,0,0,0,1520,9400
103,W3,4,4,8,8,0,0,0,0,0,0,0,100,100,0,0,0,0,0,100,100,0,0.000000,0,10816,0.000000,0,0,0,0,432,1232,300,32,400,20416,58816,0,0,0,0,432,100,0,0,0,1522,9400
104,W3,4,4,8,8,0,0,0,0,0,0,0,100,100,100,0,0,0,0,100,100,100,100.000000,1600,10816,14.792899,10,10,10,10,432,1232,300,32,400,20416,58816,0,0,0,0,432,100,0,0,0,1535,9400
105,W3,4,4,8,8,0,0,0,0,0,0,0,100,100,0,0,0,0,0,100,100,0,0.000000,0,10816,0.000000,0,0,0,0,432,1232,300,32,400,20416,58816,0,0,0,0,432,100,0,0,0,1489,9400
106,W3,4,4,8,8,0,0,0,0,0,0,0,100,100,0,0,0,0,0,100,100,0,0.000000,0,10816,0.000000,0,0,0,0,432,1232,300,32,400,20416,58816,0,0,0,0,432,100,0,0,0,1518,9400
107,W3,4,4,8,8,0,0,0,0,0,0,0,100,100,0,0,0,0,0,100,100,0,0.000000,0,10816,0.000000,0,0,0,0,432,1232,300,32,400,20416,58816,0,0,0,0,432,100,0,0,0,1573,9400
108,W3,4,4,8,8,0,0,0,0,0,0,0,100,100,0,0,0,0,0,100,100,0,0.000000,0,10816,0.000000,0,0,0,0,432,1232,300,32,400,20416,58816,0,0,0,0,432,100,0,0,0,1486,9400
109,W3,4,4,8,8,0,0,0,0,0,0,0,100,100,0,0,0,0,0,100,100,0,0.000000,0,10816,0.000000,0,0,0,0,432,1232,300,32,400,20416,58816,0,0,0,0,432,100,0,0,0,1500,9400
110,W3,4,4,8,8,0,0,0,0,0,0,0,100,100,0,0,0,0,0,100,100,0,0.000000,0,10816,0.000000,0,0,0,0,432,1232,300,32,400,20416,58816,0,0,0,0,432,100,0,0,0,1509,9400
111,W3,4,4,8,8,0,0,0,0,0,0,0,100,100,0,0,0,0,0,100,100,0,0.000000,0,10816,0.000000,0,0,0,0,432,1232,300,32,400,20416,58816,0,0,0,0,432,100,0,0,0,1489,9400
112,W3,4,4,8,8,0,0,0,0,0,0,0,100,100,0,0,0,0,0,100,100,0,0.000000,0,10816,0.000000,0,0,0,0,432,1232,300,32,400,20416,58816,0,0,0,0,432,100,0,0,0,1528,9400
113,W3,4,4,8,8,0,0,0,0,0,0,0,100,100,100,0,0,0,0,100,100,100,100.000000,1600,10816,14.792899,10,10,10,10,432,1232,300,32,400,20416,58816,0,0,0,0,432,100,0,0,0,1511,9400
114,W3,4,4,8,8,0,0,0,0,0,0,0,100,100,0,0,0,0,0,100,100,0,0.000000,0,10816,0.000000,0,0,0,0,432,1232,300,32,400,20416,58816,0,0,0,0,432,100,0,0,0,1509,9400
115,W3,4,4,8,8,0,0,0,0,0,0,0,100,100,0,0,0,0,0,100,100,0,0.000000,0,10816,0.000000,0,0,0,0,432,1232,300,32,400,20416,58816,0,0,0,0,432,100,0,0,0,1521,9400
116,W3,4,4,8,8,0,0,0,0,0,0,0,100,100,0,0,0,0,0,100,100,0,0.000000,0,10816,0.000000,0,0,0,0,432,1232,300,32,400,20416,58816,0,0,0,0,432,100,0,0,0,1551,9400
117,W3,4,4,8,8,0,0,0,0,0,0,0,100,100,0,0,0,0,0,100,100,0,0.000000,0,10816,0.000000,0,0,0,0,432,1232,300,32,400,20416,58816,0,0,0,0,432,100,0,0,0,1493,9400
118,W3,4,4,8,8,0,0,0,0,0,0,0,100,100,0,0,0,0,0,100,100,0,0.000000,0,10816,0.000000,0,0,0,0,432,1232,300,32,400,20416,58816,0,0,0,0,432,100,0,0,0,1478,9400
119,W3,4,4,8,8,0,0,0,0,0,0,0,100,100,0,0,0,0,0,100,100,0,0.000000,0,10816,0.000000,0,0,0,0,432,1232,300,32,400,20416,58816,0,0,0,0,432,100,0,0,0,1527,9400
120,W3,4,4,8,8,0,0,0,0,0,0,0,100,100,0,0,0,0,0,100,100,0,0.000000,0,10816,0.000000,0,0,0,0,432,1232,300,32,400,20416,58816,0,0,0,0,432,100,0,0,0,1483,9400
121,W3,4,4,8,8,0,0,0,0,0,0,0,100,100,0,0,0,0,0,100,100,0,0.000000,0,10816,0.000000,0,0,0,0,432,1232,300,32,400,20416,58816,0,0,0,0,432,100,0,0,0,1458,9400
122,W3,4,4,8,8,0,0,0,0,0,0,0,100,100,100,0,0,0,0,100,100,100,100.000000,1600,10816,14.792899,10,10,10,10,432,1232,300,32,400,20416,58816,0,0,0,0,432,100,0,0,0,1581,9400
123,W3,4,4,8,8,0,0,0,0,0,0,0,100,100,0,0,0,0,0,100,100,0,0.000000,0,10816,0.000000,0,0,0,0,432,1232,300,32,400,20416,58816,0,0,0,0,432,100,0,0,0,1544,9400
124,W3,4,4,8,8,0,0,0,0,0,0,0,100,100,0,0,0,0,0,100,100,0,0.000000,0,10816,0.000000,0,0,0,0,432,1232,300,32,400,20416,58816,0,0,0,0,432,100,0,0,0,1465,9400
125,W3,4,4,8,8,0,0,0,0,0,0,0,100,100,0,0,0,0,0,100,100,0,0.000000,0,10816,0.000000,0,0,0,0,432,1232,300,32,400,20416,58816,0,0,0,0,432,100,0,0,0,1490,9400
126,W3,4,4,8,8,0,0,0,0,0,0,0,100,100,0,0,0,0,0,100,100,0,0.000000,0,10816,0.000000,0,0,0,0,432,1232,300,32,400,20416,58816,0,0,0,0,432,100,0,0,0,1587,9400
127,W3,4,4,8,8,0,0,0,0,0,0,0,100,100,0,0,0,0,0,100,100,0,0.000000,0,10816,0.000000,0,0,0,0,432,1232,300,32,400,20416,58816,0,0,0,0,432,100,0,0,0,1451,9400
128,W3,4,4,8,8,0,0,0,0,0,0,0,100,100,0,0,0,0,0,100,100,0,0.000000,0,10816,0.000000,0,0,0,0,432,1232,300,32,400,20416,58816,0,0,0,0,432,100,0,0,0,1559,9400
129,W3,4,4,8,8,0,0,0,0,0,0,0,100,100,0,0,0,0,0,100,100,0,0.000000,0,10816,0.000000,0,0,0,0,432,1232,300,32,400,20416,58816,0,0,0,0,432,100,0,0,0,1519,9400
130,W3,4,4,8,8,0,0,0,0,0,0,0,100,100,0,0,0,0,0,100,100,0,0.000000,0,10816,0.000000,0,0,0,0,432,1232,300,32,400,20416,58816,0,0,0,0,432,100,0,0,0,1547,9400
131,W3,4,4,8,8,0,0,0,0,0,0,0,100,100,100,0,0,0,0,100,100,100,100.000000,1600,10816,14.792899,10,10,10,10,432,1232,300,32,400,20416,58816,0,0,0,0,432,100,0,0,0,1510,9400
132,W3,4,4,8,8,0,0,0,0,0,0,0,100,100,0,0,0,0,0,100,100,0,0.000000,0,10816,0.000000,0,0,0,0,432,1232,300,32,400,20416,58816,0,0,0,0,432,100,0,0,0,1515,9400
133,W3,4,4,8,8,0,0,0,0,0,0,0,100,100,0,0,0,0,0,100,100,0,0.000000,0,10816,0.000000,0,0,0,0,432,1232,300,32,400,20416,58816,0,0,0,0,432,100,0,0,0,1545,9400
134,W3,4,4,8,8,0,0,0,0,0,0,0,100,100,0,0,0,0,0,100,100,0,0.000000,0,10816,0.000000,0,0,0,0,432,1232,300,32,400,20416,58816,0,0,0,0,432,100,0,0,0,1510,9400
135,W3,4,4,8,8,0,0,0,0,0,0,0,100,100,0,0,0,0,0,100,100,0,0.000000,0,10816,0.000000,0,0,0,0,432,1232,300,32,400,20416,58816,0,0,0,0,432,100,0,0,0,1517,9400
136,W3,4,4,8,8,0,0,0,0,0,0,0,100,100,0,0,0,0,0,100,100,0,0.000000,0,10816,0.000000,0,0,0,0,432,1232,300,32,400,20416,58816,0,0,0,0,432,100,0,0,0,1816,9400
137,W3,4,4,8,8,0,0,0,0,0,0,0,100,100,0,0,0,0,0,100,100,0,0.000000,0,10816,0.000000,0,0,0,0,432,1232,300,32,400,20416,58816,0,0,0,0,432,100,0,0,0,1565,9400
138,W3,4,4,8,8,0,0,0,0,0,0,0,100,100,0,0,0,0,0,100,100,0,0.000000,0,10816,0.000000,0,0,0,0,432,1232,300,32,400,20416,58816,0,0,0,0,432,100,0,0,0,1516,9400
139,W3,4,4,8,8,0,0,0,0,0,0,0,100,100,0,0,0,0,0,100,100,0,0.000000,0,10816,0.000000,0,0,0,0,432,1232,300,32,400,20416,58816,0,0,0,0,432,100,0,0,0,1533,9400
140,W3,4,4,8,8,0,0,0,0,0,0,0,100,100,100,0,0,0,0,100,100,100,100.000000,1600,10816,14.792899,10,10,10,10,432,1232,300,32,400,20416,58816,0,0,0,0,432,100,0,0,0,1548,9400
141,W3,4,4,8,8,0,0,0,0,0,0,0,100,100,0,0,0,0,0,100,100,0,0.000000,0,10816,0.000000,0,0,0,0,432,1232,300,32,400,20416,58816,0,0,0,0,432,100,0,0,0,1559,9400
142,W3,4,4,8,8,0,0,0,0,0,0,0,100,100,0,0,0,0,0,100,100,0,0.000000,0,10816,0.000000,0,0,0,0,432,1232,300,32,400,20416,58816,0,0,0,0,432,100,0,0,0,1522,9400
143,W3,4,4,8,8,0,0,0,0,0,0,0,100,100,0,0,0,0,0,100,100,0,0.000000,0,10816,0.000000,0,0,0,0,432,1232,300,32,400,20416,58816,0,0,0,0,432,100,0,0,0,1487,9400
144,W3,4,4,8,8,0,0,0,0,0,0,0,100,100,0,0,0,0,0,100,100,0,0.000000,0,10816,0.000000,0,0,0,0,432,1232,300,32,400,20416,58816,0,0,0,0,432,100,0,0,0,1519,9400
145,W3,4,4,8,8,0,0,0,0,0,0,0,100,100,0,0,0,0,0,100,100,0,0.000000,0,10816,0.000000,0,0,0,0,432,1232,300,32,400,20416,58816,0,0,0,0,432,100,0,0,0,1530,9400
146,W3,4,4,8,8,0,0,0,0,0,0,0,100,100,0,0,0,0,0,100,100,0,0.000000,0,10816,0.000000,0,0,0,0,432,1232,300,32,400,20416,58816,0,0,0,0,432,100,0,0,0,1460,9400
147,W3,4,4,8,8,0,0,0,0,0,0,0,100,100,0,0,0,0,0,100,100,0,0.000000,0,10816,0.000000,0,0,0,0,432,1232,300,32,400,20416,58816,0,0,0,0,432,100,0,0,0,1523,9400
148,W3,4,4,8,8,0,0,0,0,0,0,0,100,100,0,0,0,0,0,100,100,0,0.000000,0,10816,0.000000,0,0,0,0,432,1232,300,32,400,20416,58816,0,0,0,0,432,100,0,0,0,1491,9400
149,W3,4,4,8,8,0,0,0,0,0,0,0,100,100,100,0,0,0,0,100,100,100,100.000000,1600,10816,14.792899,10,10,10,10,432,1232,300,32,400,20416,58816,0,0,0,0,432,100,0,0,0,1437,9400
150,W3,4,4,8,8,0,0,0,0,0,0,0,100,100,0,0,0,0,0,100,100,0,0.000000,0,10816,0.000000,0,0,0,0,432,1232,300,32,400,20416,58816,0,0,0,0,432,100,0,0,0,1503,9400
151,W3,4,4,8,8,0,0,0,0,0,0,0,100,100,0,0,0,0,0,100,100,0,0.000000,0,10816,0.000000,0,0,0,0,432,1232,300,32,400,20416,58816,0,0,0,0,432,100,0,0,0,1587,9400
152,W3,4,4,8,8,0,0,0,0,0,0,0,100,100,0,0,0,0,0,100,100,0,0.000000,0,10816,0.000000,0,0,0,0,432,1232,300,32,400,20416,58816,0,0,0,0,432,100,0,0,0,1566,9400
153,W3,4,4,8,8,0,0,0,0,0,0,0,100,100,0,0,0,0,0,100,100,0,0.000000,0,10816,0.000000,0,0,0,0,432,1232,300,32,400,20416,58816,0,0,0,0,432,100,0,0,0,1466,9400
154,W3,4,4,8,8,0,0,0,0,0,0,0,100,100,0,0,0,0,0,100,100,0,0.000000,0,10816,0.000000,0,0,0,0,432,1232,300,32,400,20416,58816,0,0,0,0,432,100,0,0,0,1577,9400
155,W3,4,4,8,8,0,0,0,0,0,0,0,100,100,0,0,0,0,0,100,100,0,0.000000,0,10816,0.000000,0,0,0,0,432,1232,300,32,400,20416,58816,0,0,0,0,432,100,0,0,0,1512,9400
156,W3,4,4,8,8,0,0,0,0,0,0,0,100,100,0,0,0,0,0,100,100,0,0.000000,0,10816,0.000000,0,0,0,0,432,1232,300,32,400,20416,58816,0,0,0,0,432,100,0,0,0,1480,9400
157,W3,4,4,8,8,0,0,0,0,0,0,0,100,100,0,0,0,0,0,100,100,0,0.000000,0,10816,0.000000,0,0,0,0,432,1232,300,32,400,20416,58816,0,0,0,0,432,100,0,0,0,1530,9400
158,W3,4,4,8,8,0,0,0,0,0,0,0,100,100,100,0,0,0,0,100,100,100,100.000000,1600,10816,14.792899,10,10,10,10,432,1232,300,32,400,20416,58816,0,0,0,0,432,100,0,0,0,1528,9400
159,W3,4,4,8,8,0,0,0,0,0,0,0,100,100,0,0,0,0,0,100,100,0,0.000000,0,10816,0.000000,0,0,0,0,432,1232,300,32,400,20416,58816,0,0,0,0,432,100,0,0,0,1483,9400
160,W3,4,4,8,8,0,0,0,0,0,0,0,100,100,0,0,0,0,0,100,100,0,0.000000,0,10816,0.000000,0,0,0,0,432,1232,300,32,400,20416,58816,0,0,0,0,432,100,0,0,0,1535,9400
161,W3,4,4,8,8,0,0,0,0,0,0,0,100,100,0,0,0,0,0,100,100,0,0.000000,0,10816,0.000000,0,0,0,0,432,1232,300,32,400,20416,58816,0,0,0,0,432,100,0,0,0,1612,9400
162,W3,4,4,8,8,0,0,0,0,0,0,0,100,100,0,0,0,0,0,100,100,0,0.000000,0,10816,0.000000,0,0,0,0,432,1232,300,32,400,20416,58816,0,0,0,0,432,100,0,0,0,1491,9400
163,W3,4,4,8,8,0,0,0,0,0,0,0,100,100,0,0,0,0,0,100,100,0,0.000000,0,10816,0.000000,0,0,0,0,432,1232,300,32,400,20416,58816,0,0,0,0,432,100,0,0,0,1476,9400
164,W3,4,4,8,8,0,0,0,0,0,0,0,100,100,0,0,0,0,0,100,100,0,0.000000,0,10816,0.000000,0,0,0,0,432,1232,300,32,400,20416,58816,0,0,0,0,432,100,0,0,0,1499,9400
165,W3,4,4,8,8,0,0,0,0,0,0,0,100,100,0,0,0,0,0,100,100,0,0.000000,0,10816,0.000000,0,0,0,0,432,1232,300,32,400,20416,58816,0,0,0,0,432,100,0,0,0,1464,9400
166,W3,4,4,8,8,0,0,0,0,0,0,0,100,100,0,0,0,0,0,100,100,0,0.000000,0,10816,0.000000,0,0,0,0,432,1232,300,32,400,20416,58816,0,0,0,0,432,100,0,0,0,1476,9400
167,W3,4,4,8,8,0,0,0,0,0,0,0,100,100,100,0,0,0,0,100,100,100,100.000000,1600,10816,14.792899,10,10,10,10,432,1232,300,32,400,20416,58816,0,0,0,0,432,100,0,0,0,1633,9400
168,W3,4,4,8,8,0,0,0,0,0,0,0,100,100,0,0,0,0,0,100,100,0,0.000000,0,10816,0.000000,0,0,0,0,432,1232,300,32,400,20416,58816,0,0,0,0,432,100,0,0,0,1539,9400
169,W3,4,4,8,8,0,0,0,0,0,0,0,100,100,0,0,0,0,0,100,100,0,0.000000,0,10816,0.000000,0,0,0,0,432,1232,300,32,400,20416,58816,0,0,0,0,432,100,0,0,0,1464,9400
170,W3,4,4,8,8,0,0,0,0,0,0,0,100,100,0,0,0,0,0,100,100,0,0.000000,0,10816,0.000000,0,0,0,0,432,1232,300,32,400,20416,58816,0,0,0,0,432,100,0,0,0,1505,9400
171,W3,4,4,8,8,0,0,0,0,0,0,0,100,100,0,0,0,0,0,100,100,0,0.000000,0,10816,0.000000,0,0,0,0,432,1232,300,32,400,20416,58816,0,0,0,0,432,100,0,0,0,1511,9400
172,W3,4,4,8,8,0,0,0,0,0,0,0,100,100,0,0,0,0,0,100,100,0,0.000000,0,10816,0.000000,0,0,0,0,432,1232,300,32,400,20416,58816,0,0,0,0,432,100,0,0,0,1550,9400
173,W3,4,4,8,8,0,0,0,0,0,0,0,100,100,0,0,0,0,0,100,100,0,0.000000,0,10816,0.000000,0,0,0,0,432,1232,300,32,400,20416,58816,0,0,0,0,432,100,0,0,0,1443,9400
174,W3,4,4,8,8,0,0,0,0,0,0,0,100,100,0,0,0,0,0,100,100,0,0.000000,0,10816,0.000000,0,0,0,0,432,1232,300,32,400,20416,58816,0,0,0,0,432,100,0,0,0,1486,9400
175,W3,4,4,8,8,0,0,0,0,0,0,0,100,100,0,0,0,0,0,100,100,0,0.000000,0,10816,0.000000,0,0,0,0,432,1232,300,32,400,20416,58816,0,0,0,0,432,100,0,0,0,1460,9400
176,W3,4,4,8,8,0,0,0,0,0,0,0,100,100,100,0,0,0,0,100,100,100,100.000000,1600,10816,14.792899,10,10,10,10,432,1232,300,32,400,20416,58816,0,0,0,0,432,100,0,0,0,1555,9400
177,W3,4,4,8,8,0,0,0,0,0,0,0,100,100,0,0,0,0,0,100,100,0,0.000000,0,10816,0.000000,0,0,0,0,432,1232,300,32,400,20416,58816,0,0,0,0,432,100,0,0,0,1540,9400
178,W3,4,4,8,8,0,0,0,0,0,0,0,100,100,0,0,0,0,0,100,100,0,0.000000,0,10816,0.000000,0,0,0,0,432,1232,300,32,400,20416,58816,0,0,0,0,432,100,0,0,0,1524,9400
179,W3,4,4,8,8,0,0,0,0,0,0,0,100,100,0,0,0,0,0,100,100,0,0.000000,0,10816,0.000000,0,0,0,0,432,1232,300,32,400,20416,58816,0,0,0,0,432,100,0,0,0,1465,9400
180,W3,4,4,8,8,0,0,0,0,0,0,0,100,100,0,0,0,0,0,100,100,0,0.000000,0,10816,0.000000,0,0,0,0,432,1232,300,32,400,20416,58816,0,0,0,0,432,100,0,0,0,1529,9400
181,W3,4,4,8,8,0,0,0,0,0,0,0,100,100,0,0,0,0,0,100,100,0,0.000000,0,10816,0.000000,0,0,0,0,432,1232,300,32,400,20416,58816,0,0,0,0,432,100,0,0,0,1454,9400
182,W3,4,4,8,8,0,0,0,0,0,0,0,100,100,0,0,0,0,0,100,100,0,0.000000,0,10816,0.000000,0,0,0,0,432,1232,300,32,400,20416,58816,0,0,0,0,432,100,0,0,0,1456,9400
183,W3,4,4,8,8,0,0,0,0,0,0,0,100,100,0,0,0,0,0,100,100,0,0.000000,0,10816,0.000000,0,0,0,0,432,1232,300,32,400,20416,58816,0,0,0,0,432,100,0,0,0,1480,9400
184,W3,4,4,8,8,0,0,0,0,0,0,0,100,100,0,0,0,0,0,100,100,0,0.000000,0,10816,0.000000,0,0,0,0,432,1232,300,32,400,20416,58816,0,0,0,0,432,100,0,0,0,1527,9400
185,W3,4,4,8,8,0,0,0,0,0,0,0,100,100,100,0,0,0,0,100,100,100,100.000000,1600,10816,14.792899,10,10,10,10,432,1232,300,32,400,20416,58816,0,0,0,0,432,100,0,0,0,1555,9400
186,W3,4,4,8,8,0,0,0,0,0,0,0,100,100,0,0,0,0,0,100,100,0,0.000000,0,10816,0.000000,0,0,0,0,432,1232,300,32,400,20416,58816,0,0,0,0,432,100,0,0,0,1478,9400
187,W3,4,4,8,8,0,0,0,0,0,0,0,100,100,0,0,0,0,0,100,100,0,0.000000,0,10816,0.000000,0,0,0,0,432,1232,300,32,400,20416,58816,0,0,0,0,432,100,0,0,0,1472,9400
188,W3,4,4,8,8,0,0,0,0,0,0,0,100,100,0,0,0,0,0,100,100,0,0.000000,0,10816,0.000000,0,0,0,0,432,1232,300,32,400,20416,58816,0,0,0,0,432,100,0,0,0,1574,9400
189,W3,4,4,8,8,0,0,0,0,0,0,0,100,100,0,0,0,0,0,100,100,0,0.000000,0,10816,0.000000,0,0,0,0,432,1232,300,32,400,20416,58816,0,0,0,0,432,100,0,0,0,1671,9400
190,W3,4,4,8,8,0,0,0,0,0,0,0,100,100,0,0,0,0,0,100,100,0,0.000000,0,10816,0.000000,0,0,0,0,432,1232,300,32,400,20416,58816,0,0,0,0,432,100,0,0,0,1573,9400
191,W3,4,4,8,8,0,0,0,0,0,0,0,100,100,0,0,0,0,0,100,100,0,0.000000,0,10816,0.000000,0,0,0,0,432,1232,300,32,400,20416,58816,0,0,0,0,432,100,0,0,0,1539,9400
192,W3,4,4,8,8,0,0,0,0,0,0,0,100,100,0,0,0,0,0,100,100,0,0.000000,0,10816,0.000000,0,0,0,0,432,1232,300,32,400,20416,58816,0,0,0,0,432,100,0,0,0,1526,9400
193,W3,4,4,8,8,0,0,0,0,0,0,0,100,100,0,0,0,0,0,100,100,0,0.000000,0,10816,0.000000,0,0,0,0,432,1232,300,32,400,20416,58816,0,0,0,0,432,100,0,0,0,1503,9400
194,W3,4,4,8,8,0,0,0,0,0,0,0,100,100,100,0,0,0,0,100,100,100,100.000000,1600,10816,14.792899,10,10,10,10,432,1232,300,32,400,20416,58816,0,0,0,0,432,100,0,0,0,1494,9400
195,W3,4,4,8,8,0,0,0,0,0,0,0,100,100,0,0,0,0,0,100,100,0,0.000000,0,10816,0.000000,0,0,0,0,432,1232,300,32,400,20416,58816,0,0,0,0,432,100,0,0,0,1433,9400
196,W3,4,4,8,8,0,0,0,0,0,0,0,100,100,0,0,0,0,0,100,100,0,0.000000,0,10816,0.000000,0,0,0,0,432,1232,300,32,400,20416,58816,0,0,0,0,432,100,0,0,0,1468,9400
197,W3,4,4,8,8,0,0,0,0,0,0,0,100,100,0,0,0,0,0,100,100,0,0.000000,0,10816,0.000000,0,0,0,0,432,1232,300,32,400,20416,58816,0,0,0,0,432,100,0,0,0,1534,9400
198,W3,4,4,8,8,0,0,0,0,0,0,0,100,100,0,0,0,0,0,100,100,0,0.000000,0,10816,0.000000,0,0,0,0,432,1232,300,32,400,20416,58816,0,0,0,0,432,100,0,0,0,1484,9400
199,W3,4,4,8,8,0,0,0,0,0,0,0,100,100,0,0,0,0,0,100,100,0,0.000000,0,10816,0.000000,0,0,0,0,432,1232,300,32,400,20416,58816,0,0,0,0,432,100,0,0,0,1466,9400
200,W3,4,4,8,8,0,0,0,0,0,0,0,100,100,0,0,0,0,0,100,100,0,0.000000,0,10816,0.000000,0,0,0,0,432,1232,300,32,400,20416,58816,0,0,0,0,432,100,0,0,0,1496,9400
201,W3,4,4,8,8,0,0,0,0,0,0,0,100,100,0,0,0,0,0,100,100,0,0.000000,0,10816,0.000000,0,0,0,0,432,1232,300,32,400,20416,58816,0,0,0,0,432,100,0,0,0,1485,9400
202,W3,4,4,8,8,0,0,0,0,0,0,0,100,100,0,0,0,0,0,100,100,0,0.000000,0,10816,0.000000,0,0,0,0,432,1232,300,32,400,20416,58816,0,0,0,0,432,100,0,0,0,1461,9400
203,W3,4,4,8,8,0,0,0,0,0,0,0,100,100,100,0,0,0,0,100,100,100,100.000000,1600,10816,14.792899,10,10,10,10,432,1232,300,32,400,20416,58816,0,0,0,0,432,100,0,0,0,1498,9400
204,W3,4,4,8,8,0,0,0,0,0,0,0,100,100,0,0,0,0,0,100,100,0,0.000000,0,10816,0.000000,0,0,0,0,432,1232,300,32,400,20416,58816,0,0,0,0,432,100,0,0,0,1556,9400
205,W3,4,4,8,8,0,0,0,0,0,0,0,100,100,0,0,0,0,0,100,100,0,0.000000,0,10816,0.000000,0,0,0,0,432,1232,300,32,400,20416,58816,0,0,0,0,432,100,0,0,0,1458,9400
206,W3,4,4,8,8,0,0,0,0,0,0,0,100,100,0,0,0,0,0,100,100,0,0.000000,0,10816,0.000000,0,0,0,0,432,1232,300,32,400,20416,58816,0,0,0,0,432,100,0,0,0,1579,9400
207,W3,4,4,8,8,0,0,0,0,0,0,0,100,100,0,0,0,0,0,100,100,0,0.000000,0,10816,0.000000,0,0,0,0,432,1232,300,32,400,20416,58816,0,0,0,0,432,100,0,0,0,1555,9400
208,W3,4,4,8,8,0,0,0,0,0,0,0,100,100,0,0,0,0,0,100,100,0,0.000000,0,10816,0.000000,0,0,0,0,432,1232,300,32,400,20416,58816,0,0,0,0,432,100,0,0,0,1551,9400
209,W3,4,4,8,8,0,0,0,0,0,0,0,100,100,0,0,0,0,0,100,100,0,0.000000,0,10816,0.000000,0,0,0,0,432,1232,300,32,400,20416,58816,0,0,0,0,432,100,0,0,0,1550,9400
210,W3,4,4,8,8,0,0,0,0,0,0,0,100,100,0,0,0,0,0,100,100,0,0.000000,0,10816,0.000000,0,0,0,0,432,1232,300,32,400,20416,58816,0,0,0,0,432,100,0,0,0,1471,9400
211,W3,4,4,8,8,0,0,0,0,0,0,0,100,100,0,0,0,0,0,100,100,0,0.000000,0,10816,0.000000,0,0,0,0,432,1232,300,32,400,20416,58816,0,0,0,0,432,100,0,0,0,1614,9400
212,W3,4,4,8,8,0,0,0,0,0,0,0,100,100,100,0,0,0,0,100,100,100,100.000000,1600,10816,14.792899,10,10,10,10,432,1232,300,32,400,20416,58816,0,0,0,0,432,100,0,0,0,1558,9400
213,W3,4,4,8,8,0,0,0,0,0,0,0,100,100,0,0,0,0,0,100,100,0,0.000000,0,10816,0.000000,0,0,0,0,432,1232,300,32,400,20416,58816,0,0,0,0,432,100,0,0,0,1529,9400
214,W3,4,4,8,8,0,0,0,0,0,0,0,100,100,0,0,0,0,0,100,100,0,0.000000,0,10816,0.000000,0,0,0,0,432,1232,300,32,400,20416,58816,0,0,0,0,432,100,0,0,0,1505,9400
215,W3,4,4,8,8,0,0,0,0,0,0,0,100,100,0,0,0,0,0,100,100,0,0.000000,0,10816,0.000000,0,0,0,0,432,1232,300,32,400,20416,58816,0,0,0,0,432,100,0,0,0,1442,9400
216,W3,4,4,8,8,0,0,0,0,0,0,0,100,100,0,0,0,0,0,100,100,0,0.000000,0,10816,0.000000,0,0,0,0,432,1232,300,32,400,20416,58816,0,0,0,0,432,100,0,0,0,1555,9400
217,W3,4,4,8,8,0,0,0,0,0,0,0,100,100,0,0,0,0,0,100,100,0,0.000000,0,10816,0.000000,0,0,0,0,432,1232,300,32,400,20416,58816,0,0,0,0,432,100,0,0,0,1501,9400
218,W3,4,4,8,8,0,0,0,0,0,0,0,100,100,0,0,0,0,0,100,100,0,0.000000,0,10816,0.000000,0,0,0,0,432,1232,300,32,400,20416,58816,0,0,0,0,432,100,0,0,0,1477,9400
219,W3,4,4,8,8,0,0,0,0,0,0,0,100,100,0,0,0,0,0,100,100,0,0.000000,0,10816,0.000000,0,0,0,0,432,1232,300,32,400,20416,58816,0,0,0,0,432,100,0,0,0,1509,9400
220,W3,4,4,8,8,0,0,0,0,0,0,0,100,100,0,0,0,0,0,100,100,0,0.000000,0,10816,0.000000,0,0,0,0,432,1232,300,32,400,20416,58816,0,0,0,0,432,100,0,0,0,1506,9400
221,W3,4,4,8,8,0,0,0,0,0,0,0,100,100,100,0,0,0,0,100,100,100,100.000000,1600,10816,14.792899,10,10,10,10,432,1232,300,32,400,20416,58816,0,0,0,0,432,100,0,0,0,1532,9400
222,W3,4,4,8,8,0,0,0,0,0,0,0,100,100,0,0,0,0,0,100,100,0,0.000000,0,10816,0.000000,0,0,0,0,432,1232,300,32,400,20416,58816,0,0,0,0,432,100,0,0,0,1479,9400
223,W3,4,4,8,8,0,0,0,0,0,0,0,100,100,0,0,0,0,0,100,100,0,0.000000,0,10816,0.000000,0,0,0,0,432,1232,300,32,400,20416,58816,0,0,0,0,432,100,0,0,0,1485,9400
224,W3,4,4,8,8,0,0,0,0,0,0,0,100,100,0,0,0,0,0,100,100,0,0.000000,0,10816,0.000000,0,0,0,0,432,1232,300,32,400,20416,58816,0,0,0,0,432,100,0,0,0,1509,9400
225,W3,4,4,8,8,0,0,0,0,0,0,0,100,100,0,0,0,0,0,100,100,0,0.000000,0,10816,0.000000,0,0,0,0,432,1232,300,32,400,20416,58816,0,0,0,0,432,100,0,0,0,1461,9400
226,W3,4,4,8,8,0,0,0,0,0,0,0,100,100,0,0,0,0,0,100,100,0,0.000000,0,10816,0.000000,0,0,0,0,432,1232,300,32,400,20416,58816,0,0,0,0,432,100,0,0,0,1456,9400
227,W3,4,4,8,8,0,0,0,0,0,0,0,100,100,0,0,0,0,0,100,100,0,0.000000,0,10816,0.000000,0,0,0,0,432,1232,300,32,400,20416,58816,0,0,0,0,432,100,0,0,0,1549,9400
228,W3,4,4,8,8,0,0,0,0,0,0,0,100,100,0,0,0,0,0,100,100,0,0.000000,0,10816,0.000000,0,0,0,0,432,1232,300,32,400,20416,58816,0,0,0,0,432,100,0,0,0,1533,9400
229,W3,4,4,8,8,0,0,0,0,0,0,0,100,100,0,0,0,0,0,100,100,0,0.000000,0,10816,0.000000,0,0,0,0,432,1232,300,32,400,20416,58816,0,0,0,0,432,100,0,0,0,1482,9400
230,W3,4,4,8,8,0,0,0,0,0,0,0,100,100,100,0,0,0,0,100,100,100,100.000000,1600,10816,14.792899,10,10,10,10,432,1232,300,32,400,20416,58816,0,0,0,0,432,100,0,0,0,1627,9400
231,W3,4,4,8,8,0,0,0,0,0,0,0,100,100,0,0,0,0,0,100,100,0,0.000000,0,10816,0.000000,0,0,0,0,432,1232,300,32,400,20416,58816,0,0,0,0,432,100,0,0,0,1620,9400
232,W3,4,4,8,8,0,0,0,0,0,0,0,100,100,0,0,0,0,0,100,100,0,0.000000,0,10816,0.000000,0,0,0,0,432,1232,300,32,400,20416,58816,0,0,0,0,432,100,0,0,0,1482,9400
233,W3,4,4,8,8,0,0,0,0,0,0,0,100,100,0,0,0,0,0,100,100,0,0.000000,0,10816,0.000000,0,0,0,0,432,1232,300,32,400,20416,58816,0,0,0,0,432,100,0,0,0,1575,9400
234,W3,4,4,8,8,0,0,0,0,0,0,0,100,100,0,0,0,0,0,100,100,0,0.000000,0,10816,0.000000,0,0,0,0,432,1232,300,32,400,20416,58816,0,0,0,0,432,100,0,0,0,1528,9400
235,W3,4,4,8,8,0,0,0,0,0,0,0,100,100,0,0,0,0,0,100,100,0,0.000000,0,10816,0.000000,0,0,0,0,432,1232,300,32,400,20416,58816,0,0,0,0,432,100,0,0,0,1699,9400
236,W3,4,4,8,8,0,0,0,0,0,0,0,100,100,0,0,0,0,0,100,100,0,0.000000,0,10816,0.000000,0,0,0,0,432,1232,300,32,400,20416,58816,0,0,0,0,432,100,0,0,0,1545,9400
237,W3,4,4,8,8,0,0,0,0,0,0,0,100,100,0,0,0,0,0,100,100,0,0.000000,0,10816,0.000000,0,0,0,0,432,1232,300,32,400,20416,58816,0,0,0,0,432,100,0,0,0,1461,9400
238,W3,4,4,8,8,0,0,0,0,0,0,0,100,100,0,0,0,0,0,100,100,0,0.000000,0,10816,0.000000,0,0,0,0,432,1232,300,32,400,20416,58816,0,0,0,0,432,100,0,0,0,1530,9400
239,W3,4,4,8,8,0,0,0,0,0,0,0,100,100,100,0,0,0,0,100,100,100,100.000000,1600,10816,14.792899,10,10,10,10,432,1232,300,32,400,20416,58816,0,0,0,0,432,100,0,0,0,1513,9400
240,W3,4,4,8,8,0,0,0,0,0,0,0,100,100,0,0,0,0,0,100,100,0,0.000000,0,10816,0.000000,0,0,0,0,432,1232,300,32,400,20416,58816,0,0,0,0,432,100,0,0,0,1497,9400
241,W3,4,4,8,8,0,0,0,0,0,0,0,100,100,0,0,0,0,0,100,100,0,0.000000,0,10816,0.000000,0,0,0,0,432,1232,300,32,400,20416,58816,0,0,0,0,432,100,0,0,0,1556,9400
242,W3,4,4,8,8,0,0,0,0,0,0,0,100,100,0,0,0,0,0,100,100,0,0.000000,0,10816,0.000000,0,0,0,0,432,1232,300,32,400,20416,58816,0,0,0,0,432,100,0,0,0,1490,9400
243,W3,4,4,8,8,0,0,0,0,0,0,0,100,100,0,0,0,0,0,100,100,0,0.000000,0,10816,0.000000,0,0,0,0,432,1232,300,32,400,20416,58816,0,0,0,0,432,100,0,0,0,1535,9400
244,W3,4,4,8,8,0,0,0,0,0,0,0,100,100,0,0,0,0,0,100,100,0,0.000000,0,10816,0.000000,0,0,0,0,432,1232,300,32,400,20416,58816,0,0,0,0,432,100,0,0,0,1486,9400
245,W3,4,4,8,8,0,0,0,0,0,0,0,100,100,0,0,0,0,0,100,100,0,0.000000,0,10816,0.000000,0,0,0,0,432,1232,300,32,400,20416,58816,0,0,0,0,432,100,0,0,0,1501,9400
246,W3,4,4,8,8,0,0,0,0,0,0,0,100,100,0,0,0,0,0,100,100,0,0.000000,0,10816,0.000000,0,0,0,0,432,1232,300,32,400,20416,58816,0,0,0,0,432,100,0,0,0,1486,9400
247,W3,4,4,8,8,0,0,0,0,0,0,0,100,100,0,0,0,0,0,100,100,0,0.000000,0,10816,0.000000,0,0,0,0,432,1232,300,32,400,20416,58816,0,0,0,0,432,100,0,0,0,1494,9400
248,W3,4,4,8,8,0,0,0,0,0,0,0,100,100,100,0,0,0,0,100,100,100,100.000000,1600,10816,14.792899,10,10,10,10,432,1232,300,32,400,20416,58816,0,0,0,0,432,100,0,0,0,1504,9400
249,W3,4,4,8,8,0,0,0,0,0,0,0,100,100,0,0,0,0,0,100,100,0,0.000000,0,10816,0.000000,0,0,0,0,432,1232,300,32,400,20416,58816,0,0,0,0,432,100,0,0,0,1518,9400
250,W3,4,4,8,8,0,0,0,0,0,0,0,100,100,0,0,0,0,0,100,100,0,0.000000,0,10816,0.000000,0,0,0,0,432,1232,300,32,400,20416,58816,0,0,0,0,432,100,0,0,0,1500,9400
251,W3,4,4,8,8,0,0,0,0,0,0,0,100,100,0,0,0,0,0,100,100,0,0.000000,0,10816,0.000000,0,0,0,0,432,1232,300,32,400,20416,58816,0,0,0,0,432,100,0,0,0,1517,9400
252,W3,4,4,8,8,0,0,0,0,0,0,0,100,100,0,0,0,0,0,100,100,0,0.000000,0,10816,0.000000,0,0,0,0,432,1232,300,32,400,20416,58816,0,0,0,0,432,100,0,0,0,1500,9400
253,W3,4,4,8,8,0,0,0,0,0,0,0,100,100,0,0,0,0,0,100,100,0,0.000000,0,10816,0.000000,0,0,0,0,432,1232,300,32,400,20416,58816,0,0,0,0,432,100,0,0,0,1551,9400
254,W3,4,4,8,8,0,0,0,0,0,0,0,100,100,0,0,0,0,0,100,100,0,0.000000,0,10816,0.000000,0,0,0,0,432,1232,300,32,400,20416,58816,0,0,0,0,432,100,0,0,0,1492,9400
255,W3,4,4,8,8,0,0,0,0,0,0,0,100,100,0,0,0,0,0,100,100,0,0.000000,0,10816,0.000000,0,0,0,0,432,1232,300,32,400,20416,58816,0,0,0,0,432,100,0,0,0,1572,9400
256,W3,4,4,8,8,0,0,0,0,0,0,0,100,100,0,0,0,0,0,100,100,0,0.000000,0,10816,0.000000,0,0,0,0,432,1232,300,32,400,20416,58816,0,0,0,0,432,100,0,0,0,1515,9400
257,W3,4,4,8,8,0,0,0,0,0,0,0,100,100,100,0,0,0,0,100,100,100,100.000000,1600,10816,14.792899,10,10,10,10,432,1232,300,32,400,20416,58816,0,0,0,0,432,100,0,0,0,1467,9400
258,W3,4,4,8,8,0,0,0,0,0,0,0,100,100,0,0,0,0,0,100,100,0,0.000000,0,10816,0.000000,0,0,0,0,432,1232,300,32,400,20416,58816,0,0,0,0,432,100,0,0,0,1472,9400
259,W3,4,4,8,8,0,0,0,0,0,0,0,100,100,0,0,0,0,0,100,100,0,0.000000,0,10816,0.000000,0,0,0,0,432,1232,300,32,400,20416,58816,0,0,0,0,432,100,0,0,0,1579,9400
260,W3,4,4,8,8,0,0,0,0,0,0,0,100,100,0,0,0,0,0,100,100,0,0.000000,0,10816,0.000000,0,0,0,0,432,1232,300,32,400,20416,58816,0,0,0,0,432,100,0,0,0,1552,9400
261,W3,4,4,8,8,0,0,0,0,0,0,0,100,100,0,0,0,0,0,100,100,0,0.000000,0,10816,0.000000,0,0,0,0,432,1232,300,32,400,20416,58816,0,0,0,0,432,100,0,0,0,1521,9400
262,W3,4,4,8,8,0,0,0,0,0,0,0,100,100,0,0,0,0,0,100,100,0,0.000000,0,10816,0.000000,0,0,0,0,432,1232,300,32,400,20416,58816,0,0,0,0,432,100,0,0,0,1497,9400
263,W3,4,4,8,8,0,0,0,0,0,0,0,100,100,0,0,0,0,0,100,100,0,0.000000,0,10816,0.000000,0,0,0,0,432,1232,300,32,400,20416,58816,0,0,0,0,432,100,0,0,0,1522,9400
264,W3,4,4,8,8,0,0,0,0,0,0,0,100,100,0,0,0,0,0,100,100,0,0.000000,0,10816,0.000000,0,0,0,0,432,1232,300,32,400,20416,58816,0,0,0,0,432,100,0,0,0,1477,9400
265,W3,4,4,8,8,0,0,0,0,0,0,0,100,100,0,0,0,0,0,100,100,0,0.000000,0,10816,0.000000,0,0,0,0,432,1232,300,32,400,20416,58816,0,0,0,0,432,100,0,0,0,1432,9400
266,W3,4,4,8,8,0,0,0,0,0,0,0,100,100,100,0,0,0,0,100,100,100,100.000000,1600,10816,14.792899,10,10,10,10,432,1232,300,32,400,20416,58816,0,0,0,0,432,100,0,0,0,1454,9400
267,W3,4,4,8,8,0,0,0,0,0,0,0,100,100,0,0,0,0,0,100,100,0,0.000000,0,10816,0.000000,0,0,0,0,432,1232,300,32,400,20416,58816,0,0,0,0,432,100,0,0,0,1472,9400
268,W3,4,4,8,8,0,0,0,0,0,0,0,100,100,0,0,0,0,0,100,100,0,0.000000,0,10816,0.000000,0,0,0,0,432,1232,300,32,400,20416,58816,0,0,0,0,432,100,0,0,0,1520,9400
269,W3,4,4,8,8,0,0,0,0,0,0,0,100,100,0,0,0,0,0,100,100,0,0.000000,0,10816,0.000000,0,0,0,0,432,1232,300,32,400,20416,58816,0,0,0,0,432,100,0,0,0,1473,9400
270,W3,4,4,8,8,0,0,0,0,0,0,0,100,100,0,0,0,0,0,100,100,0,0.000000,0,10816,0.000000,0,0,0,0,432,1232,300,32,400,20416,58816,0,0,0,0,432,100,0,0,0,1505,9400
271,W3,4,4,8,8,0,0,0,0,0,0,0,100,100,0,0,0,0,0,100,100,0,0.000000,0,10816,0.000000,0,0,0,0,432,1232,300,32,400,20416,58816,0,0,0,0,432,100,0,0,0,1500,9400
272,W3,4,4,8,8,0,0,0,0,0,0,0,100,100,0,0,0,0,0,100,100,0,0.000000,0,10816,0.000000,0,0,0,0,432,1232,300,32,400,20416,58816,0,0,0,0,432,100,0,0,0,1548,9400
273,W3,4,4,8,8,0,0,0,0,0,0,0,100,100,0,0,0,0,0,100,100,0,0.000000,0,10816,0.000000,0,0,0,0,432,1232,300,32,400,20416,58816,0,0,0,0,432,100,0,0,0,1499,9400
274,W3,4,4,8,8,0,0,0,0,0,0,0,100,100,0,0,0,0,0,100,100,0,0.000000,0,10816,0.000000,0,0,0,0,432,1232,300,32,400,20416,58816,0,0,0,0,432,100,0,0,0,1453,9400
275,W3,4,4,8,8,0,0,0,0,0,0,0,100,100,100,0,0,0,0,100,100,100,100.000000,1600,10816,14.792899,10,10,10,10,432,1232,300,32,400,20416,58816,0,0,0,0,432,100,0,0,0,1453,9400
276,W3,4,4,8,8,0,0,0,0,0,0,0,100,100,0,0,0,0,0,100,100,0,0.000000,0,10816,0.000000,0,0,0,0,432,1232,300,32,400,20416,58816,0,0,0,0,432,100,0,0,0,1494,9400
277,W3,4,4,8,8,0,0,0,0,0,0,0,100,100,0,0,0,0,0,100,100,0,0.000000,0,10816,0.000000,0,0,0,0,432,1232,300,32,400,20416,58816,0,0,0,0,432,100,0,0,0,1424,9400
278,W3,4,4,8,8,0,0,0,0,0,0,0,100,100,0,0,0,0,0,100,100,0,0.000000,0,10816,0.000000,0,0,0,0,432,1232,300,32,400,20416,58816,0,0,0,0,432,100,0,0,0,1526,9400
279,W3,4,4,8,8,0,0,0,0,0,0,0,100,100,0,0,0,0,0,100,100,0,0.000000,0,10816,0.000000,0,0,0,0,432,1232,300,32,400,20416,58816,0,0,0,0,432,100,0,0,0,1486,9400
280,W3,4,4,8,8,0,0,0,0,0,0,0,100,100,0,0,0,0,0,100,100,0,0.000000,0,10816,0.000000,0,0,0,0,432,1232,300,32,400,20416,58816,0,0,0,0,432,100,0,0,0,1454,9400
281,W3,4,4,8,8,0,0,0,0,0,0,0,100,100,0,0,0,0,0,100,100,0,0.000000,0,10816,0.000000,0,0,0,0,432,1232,300,32,400,20416,58816,0,0,0,0,432,100,0,0,0,1460,9400
282,W3,4,4,8,8,0,0,0,0,0,0,0,100,100,0,0,0,0,0,100,100,0,0.000000,0,10816,0.000000,0,0,0,0,432,1232,300,32,400,20416,58816,0,0,0,0,432,100,0,0,0,1449,9400
283,W3,4,4,8,8,0,0,0,0,0,0,0,100,100,0,0,0,0,0,100,100,0,0.000000,0,10816,0.000000,0,0,0,0,432,1232,300,32,400,20416,58816,0,0,0,0,432,100,0,0,0,1470,9400
284,W3,4,4,8,8,0,0,0,0,0,0,0,100,100,100,0,0,0,0,100,100,100,100.000000,1600,10816,14.792899,10,10,10,10,432,1232,300,32,400,20416,58816,0,0,0,0,432,100,0,0,0,1569,9400
285,W3,4,4,8,8,0,0,0,0,0,0,0,100,100,0,0,0,0,0,100,100,0,0.000000,0,10816,0.000000,0,0,0,0,432,1232,300,32,400,20416,58816,0,0,0,0,432,100,0,0,0,1511,9400
286,W3,4,4,8,8,0,0,0,0,0,0,0,100,100,0,0,0,0,0,100,100,0,0.000000,0,10816,0.000000,0,0,0,0,432,1232,300,32,400,20416,58816,0,0,0,0,432,100,0,0,0,1465,9400
287,W3,4,4,8,8,0,0,0,0,0,0,0,100,100,0,0,0,0,0,100,100,0,0.000000,0,10816,0.000000,0,0,0,0,432,1232,300,32,400,20416,58816,0,0,0,0,432,100,0,0,0,1480,9400
288,W3,4,4,8,8,0,0,0,0,0,0,0,100,100,0,0,0,0,0,100,100,0,0.000000,0,10816,0.000000,0,0,0,0,432,1232,300,32,400,20416,58816,0,0,0,0,432,100,0,0,0,1558,9400
289,W3,4,4,8,8,0,0,0,0,0,0,0,100,100,0,0,0,0,0,100,100,0,0.000000,0,10816,0.000000,0,0,0,0,432,1232,300,32,400,20416,58816,0,0,0,0,432,100,0,0,0,1465,9400
290,W3,4,4,8,8,0,0,0,0,0,0,0,100,100,0,0,0,0,0,100,100,0,0.000000,0,10816,0.000000,0,0,0,0,432,1232,300,32,400,20416,58816,0,0,0,0,432,100,0,0,0,1499,9400
291,W3,4,4,8,8,0,0,0,0,0,0,0,100,100,0,0,0,0,0,100,100,0,0.000000,0,10816,0.000000,0,0,0,0,432,1232,300,32,400,20416,58816,0,0,0,0,432,100,0,0,0,1482,9400
292,W3,4,4,8,8,0,0,0,0,0,0,0,100,100,0,0,0,0,0,100,100,0,0.000000,0,10816,0.000000,0,0,0,0,432,1232,300,32,400,20416,58816,0,0,0,0,432,100,0,0,0,1490,9400
293,W3,4,4,8,8,0,0,0,0,0,0,0,100,100,100,0,0,0,0,100,100,100,100.000000,1600,10816,14.792899,10,10,10,10,432,1232,300,32,400,20416,58816,0,0,0,0,432,100,0,0,0,1496,9400
294,W3,4,4,8,8,0,0,0,0,0,0,0,100,100,0,0,0,0,0,100,100,0,0.000000,0,10816,0.000000,0,0,0,0,432,1232,300,32,400,20416,58816,0,0,0,0,432,100,0,0,0,1509,9400
295,W3,4,4,8,8,0,0,0,0,0,0,0,100,100,0,0,0,0,0,100,100,0,0.000000,0,10816,0.000000,0,0,0,0,432,1232,300,32,400,20416,58816,0,0,0,0,432,100,0,0,0,1525,9400
296,W3,4,4,8,8,0,0,0,0,0,0,0,100,100,0,0,0,0,0,100,100,0,0.000000,0,10816,0.000000,0,0,0,0,432,1232,300,32,400,20416,58816,0,0,0,0,432,100,0,0,0,1496,9400
297,W3,4,4,8,8,0,0,0,0,0,0,0,100,100,0,0,0,0,0,100,100,0,0.000000,0,10816,0.000000,0,0,0,0,432,1232,300,32,400,20416,58816,0,0,0,0,432,100,0,0,0,1464,9400
298,W3,4,4,8,8,0,0,0,0,0,0,0,100,100,0,0,0,0,0,100,100,0,0.000000,0,10816,0.000000,0,0,0,0,432,1232,300,32,400,20416,58816,0,0,0,0,432,100,0,0,0,1588,9400
299,W3,4,4,8,8,0,0,0,0,0,0,0,100,100,0,0,0,0,0,100,100,0,0.000000,0,10816,0.000000,0,0,0,0,432,1232,300,32,400,20416,58816,0,0,0,0,432,100,0,0,0,1592,9400
300,W3,4,4,8,8,0,0,0,0,0,0,0,100,100,0,0,0,0,0,100,100,0,0.000000,0,10816,0.000000,0,0,0,0,432,1232,300,32,400,20416,58816,0,0,0,0,432,100,0,0,0,1519,9400
301,W3,4,4,8,8,0,0,0,0,0,0,0,100,100,0,0,0,0,0,100,100,0,0.000000,0,10816,0.000000,0,0,0,0,432,1232,300,32,400,20416,58816,0,0,0,0,432,100,0,0,0,1489,9400
302,W3,4,4,8,8,0,0,0,0,0,0,0,100,100,100,0,0,0,0,100,100,100,100.000000,1600,10816,14.792899,10,10,10,10,432,1232,300,32,400,20416,58816,0,0,0,0,432,100,0,0,0,1457,9400
303,W3,4,4,8,8,0,0,0,0,0,0,0,100,100,0,0,0,0,0,100,100,0,0.000000,0,10816,0.000000,0,0,0,0,432,1232,300,32,400,20416,58816,0,0,0,0,432,100,0,0,0,1598,9400
304,W3,4,4,8,8,0,0,0,0,0,0,0,100,100,0,0,0,0,0,100,100,0,0.000000,0,10816,0.000000,0,0,0,0,432,1232,300,32,400,20416,58816,0,0,0,0,432,100,0,0,0,1566,9400
305,W3,4,4,8,8,0,0,0,0,0,0,0,100,100,0,0,0,0,0,100,100,0,0.000000,0,10816,0.000000,0,0,0,0,432,1232,300,32,400,20416,58816,0,0,0,0,432,100,0,0,0,1539,9400
306,W3,4,4,8,8,0,0,0,0,0,0,0,100,100,0,0,0,0,0,100,100,0,0.000000,0,10816,0.000000,0,0,0,0,432,1232,300,32,400,20416,58816,0,0,0,0,432,100,0,0,0,1456,9400
307,W3,4,4,8,8,0,0,0,0,0,0,0,100,100,0,0,0,0,0,100,100,0,0.000000,0,10816,0.000000,0,0,0,0,432,1232,300,32,400,20416,58816,0,0,0,0,432,100,0,0,0,1455,9400
308,W3,4,4,8,8,0,0,0,0,0,0,0,100,100,0,0,0,0,0,100,100,0,0.000000,0,10816,0.000000,0,0,0,0,432,1232,300,32,400,20416,58816,0,0,0,0,432,100,0,0,0,1485,9400
309,W3,4,4,8,8,0,0,0,0,0,0,0,100,100,0,0,0,0,0,100,100,0,0.000000,0,10816,0.000000,0,0,0,0,432,1232,300,32,400,20416,58816,0,0,0,0,432,100,0,0,0,1458,9400
310,W3,4,4,8,8,0,0,0,0,0,0,0,100,100,0,0,0,0,0,100,100,0,0.000000,0,10816,0.000000,0,0,0,0,432,1232,300,32,400,20416,58816,0,0,0,0,432,100,0,0,0,1446,9400
311,W3,4,4,8,8,0,0,0,0,0,0,0,100,100,100,0,0,0,0,100,100,100,100.000000,1600,10816,14.792899,10,10,10,10,432,1232,300,32,400,20416,58816,0,0,0,0,432,100,0,0,0,1533,9400
312,W3,4,4,8,8,0,0,0,0,0,0,0,100,100,0,0,0,0,0,100,100,0,0.000000,0,10816,0.000000,0,0,0,0,432,1232,300,32,400,20416,58816,0,0,0,0,432,100,0,0,0,1491,9400
313,W3,4,4,8,8,0,0,0,0,0,0,0,100,100,0,0,0,0,0,100,100,0,0.000000,0,10816,0.000000,0,0,0,0,432,1232,300,32,400,20416,58816,0,0,0,0,432,100,0,0,0,1488,9400
314,W3,4,4,8,8,0,0,0,0,0,0,0,100,100,0,0,0,0,0,100,100,0,0.000000,0,10816,0.000000,0,0,0,0,432,1232,300,32,400,20416,58816,0,0,0,0,432,100,0,0,0,1432,9400
315,W3,4,4,8,8,0,0,0,0,0,0,0,100,100,0,0,0,0,0,100,100,0,0.000000,0,10816,0.000000,0,0,0,0,432,1232,300,32,400,20416,58816,0,0,0,0,432,100,0,0,0,1448,9400
316,W3,4,4,8,8,0,0,0,0,0,0,0,100,100,0,0,0,0,0,100,100,0,0.000000,0,10816,0.000000,0,0,0,0,432,1232,300,32,400,20416,58816,0,0,0,0,432,100,0,0,0,1549,9400
317,W3,4,4,8,8,0,0,0,0,0,0,0,100,100,0,0,0,0,0,100,100,0,0.000000,0,10816,0.000000,0,0,0,0,432,1232,300,32,400,20416,58816,0,0,0,0,432,100,0,0,0,1502,9400
318,W3,4,4,8,8,0,0,0,0,0,0,0,100,100,0,0,0,0,0,100,100,0,0.000000,0,10816,0.000000,0,0,0,0,432,1232,300,32,400,20416,58816,0,0,0,0,432,100,0,0,0,1524,9400
319,W3,4,4,8,8,0,0,0,0,0,0,0,100,100,0,0,0,0,0,100,100,0,0.000000,0,10816,0.000000,0,0,0,0,432,1232,300,32,400,20416,58816,0,0,0,0,432,100,0,0,0,1463,9400
320,W3,4,4,8,8,0,0,0,0,0,0,0,100,100,100,0,0,0,0,100,100,100,100.000000,1600,10816,14.792899,10,10,10,10,432,1232,300,32,400,20416,58816,0,0,0,0,432,100,0,0,0,1530,9400
321,W3,4,4,8,8,0,0,0,0,0,0,0,100,100,0,0,0,0,0,100,100,0,0.000000,0,10816,0.000000,0,0,0,0,432,1232,300,32,400,20416,58816,0,0,0,0,432,100,0,0,0,1484,9400
322,W3,4,4,8,8,0,0,0,0,0,0,0,100,100,0,0,0,0,0,100,100,0,0.000000,0,10816,0.000000,0,0,0,0,432,1232,300,32,400,20416,58816,0,0,0,0,432,100,0,0,0,1594,9400
323,W3,4,4,8,8,0,0,0,0,0,0,0,100,100,0,0,0,0,0,100,100,0,0.000000,0,10816,0.000000,0,0,0,0,432,1232,300,32,400,20416,58816,0,0,0,0,432,100,0,0,0,1535,9400
324,W3,4,4,8,8,0,0,0,0,0,0,0,100,100,0,0,0,0,0,100,100,0,0.000000,0,10816,0.000000,0,0,0,0,432,1232,300,32,400,20416,58816,0,0,0,0,432,100,0,0,0,1528,9400
325,W3,4,4,8,8,0,0,0,0,0,0,0,100,100,0,0,0,0,0,100,100,0,0.000000,0,10816,0.000000,0,0,0,0,432,1232,300,32,400,20416,58816,0,0,0,0,432,100,0,0,0,1526,9400
326,W3,4,4,8,8,0,0,0,0,0,0,0,100,100,0,0,0,0,0,100,100,0,0.000000,0,10816,0.000000,0,0,0,0,432,1232,300,32,400,20416,58816,0,0,0,0,432,100,0,0,0,1553,9400
327,W3,4,4,8,8,0,0,0,0,0,0,0,100,100,0,0,0,0,0,100,100,0,0.000000,0,10816,0.000000,0,0,0,0,432,1232,300,32,400,20416,58816,0,0,0,0,432,100,0,0,0,1547,9400
328,W3,4,4,8,8,0,0,0,0,0,0,0,100,100,0,0,0,0,0,100,100,0,0.000000,0,10816,0.000000,0,0,0,0,432,1232,300,32,400,20416,58816,0,0,0,0,432,100,0,0,0,1498,9400
329,W3,4,4,8,8,0,0,0,0,0,0,0,100,100,100,0,0,0,0,100,100,100,100.000000,1600,10816,14.792899,10,10,10,10,432,1232,300,32,400,20416,58816,0,0,0,0,432,100,0,0,0,1572,9400
330,W3,4,4,8,8,0,0,0,0,0,0,0,100,100,0,0,0,0,0,100,100,0,0.000000,0,10816,0.000000,0,0,0,0,432,1232,300,32,400,20416,58816,0,0,0,0,432,100,0,0,0,1554,9400
331,W3,4,4,8,8,0,0,0,0,0,0,0,100,100,0,0,0,0,0,100,100,0,0.000000,0,10816,0.000000,0,0,0,0,432,1232,300,32,400,20416,58816,0,0,0,0,432,100,0,0,0,1496,9400
332,W3,4,4,8,8,0,0,0,0,0,0,0,100,100,0,0,0,0,0,100,100,0,0.000000,0,10816,0.000000,0,0,0,0,432,1232,300,32,400,20416,58816,0,0,0,0,432,100,0,0,0,1544,9400
333,W3,4,4,8,8,0,0,0,0,0,0,0,100,100,0,0,0,0,0,100,100,0,0.000000,0,10816,0.000000,0,0,0,0,432,1232,300,32,400,20416,58816,0,0,0,0,432,100,0,0,0,1542,9400
334,W3,4,4,8,8,0,0,0,0,0,0,0,100,100,0,0,0,0,0,100,100,0,0.000000,0,10816,0.000000,0,0,0,0,432,1232,300,32,400,20416,58816,0,0,0,0,432,100,0,0,0,1550,9400
335,W3,4,4,8,8,0,0,0,0,0,0,0,100,100,0,0,0,0,0,100,100,0,0.000000,0,10816,0.000000,0,0,0,0,432,1232,300,32,400,20416,58816,0,0,0,0,432,100,0,0,0,1467,9400
336,W3,4,4,8,8,0,0,0,0,0,0,0,100,100,0,0,0,0,0,100,100,0,0.000000,0,10816,0.000000,0,0,0,0,432,1232,300,32,400,20416,58816,0,0,0,0,432,100,0,0,0,1498,9400
337,W3,4,4,8,8,0,0,0,0,0,0,0,100,100,0,0,0,0,0,100,100,0,0.000000,0,10816,0.000000,0,0,0,0,432,1232,300,32,400,20416,58816,0,0,0,0,432,100,0,0,0,1547,9400
338,W3,4,4,8,8,0,0,0,0,0,0,0,100,100,100,0,0,0,0,100,100,100,100.000000,1600,10816,14.792899,10,10,10,10,432,1232,300,32,400,20416,58816,0,0,0,0,432,100,0,0,0,1487,9400
339,W3,4,4,8,8,0,0,0,0,0,0,0,100,100,0,0,0,0,0,100,100,0,0.000000,0,10816,0.000000,0,0,0,0,432,1232,300,32,400,20416,58816,0,0,0,0,432,100,0,0,0,1622,9400
340,W3,4,4,8,8,0,0,0,0,0,0,0,100,100,0,0,0,0,0,100,100,0,0.000000,0,10816,0.000000,0,0,0,0,432,1232,300,32,400,20416,58816,0,0,0,0,432,100,0,0,0,1487,9400
341,W3,4,4,8,8,0,0,0,0,0,0,0,100,100,0,0,0,0,0,100,100,0,0.000000,0,10816,0.000000,0,0,0,0,432,1232,300,32,400,20416,58816,0,0,0,0,432,100,0,0,0,1494,9400
342,W3,4,4,8,8,0,0,0,0,0,0,0,100,100,0,0,0,0,0,100,100,0,0.000000,0,10816,0.000000,0,0,0,0,432,1232,300,32,400,20416,58816,0,0,0,0,432,100,0,0,0,1510,9400
343,W3,4,4,8,8,0,0,0,0,0,0,0,100,100,0,0,0,0,0,100,100,0,0.000000,0,10816,0.000000,0,0,0,0,432,1232,300,32,400,20416,58816,0,0,0,0,432,100,0,0,0,1581,9400
344,W3,4,4,8,8,0,0,0,0,0,0,0,100,100,0,0,0,0,0,100,100,0,0.000000,0,10816,0.000000,0,0,0,0,432,1232,300,32,400,20416,58816,0,0,0,0,432,100,0,0,0,1552,9400
345,W3,4,4,8,8,0,0,0,0,0,0,0,100,100,0,0,0,0,0,100,100,0,0.000000,0,10816,0.000000,0,0,0,0,432,1232,300,32,400,20416,58816,0,0,0,0,432,100,0,0,0,1506,9400
346,W3,4,4,8,8,0,0,0,0,0,0,0,100,100,0,0,0,0,0,100,100,0,0.000000,0,10816,0.000000,0,0,0,0,432,1232,300,32,400,20416,58816,0,0,0,0,432,100,0,0,0,1545,9400
347,W3,4,4,8,8,0,0,0,0,0,0,0,100,100,100,0,0,0,0,100,100,100,100.000000,1600,10816,14.792899,10,10,10,10,432,1232,300,32,400,20416,58816,0,0,0,0,432,100,0,0,0,1475,9400
348,W3,4,4,8,8,0,0,0,0,0,0,0,100,100,0,0,0,0,0,100,100,0,0.000000,0,10816,0.000000,0,0,0,0,432,1232,300,32,400,20416,58816,0,0,0,0,432,100,0,0,0,1540,9400
349,W3,4,4,8,8,0,0,0,0,0,0,0,100,100,0,0,0,0,0,100,100,0,0.000000,0,10816,0.000000,0,0,0,0,432,1232,300,32,400,20416,58816,0,0,0,0,432,100,0,0,0,1447,9400
350,W3,4,4,8,8,0,0,0,0,0,0,0,100,100,0,0,0,0,0,100,100,0,0.000000,0,10816,0.000000,0,0,0,0,432,1232,300,32,400,20416,58816,0,0,0,0,432,100,0,0,0,1517,9400
351,W3,4,4,8,8,0,0,0,0,0,0,0,100,100,0,0,0,0,0,100,100,0,0.000000,0,10816,0.000000,0,0,0,0,432,1232,300,32,400,20416,58816,0,0,0,0,432,100,0,0,0,1490,9400
352,W3,4,4,8,8,0,0,0,0,0,0,0,100,100,0,0,0,0,0,100,100,0,0.000000,0,10816,0.000000,0,0,0,0,432,1232,300,32,400,20416,58816,0,0,0,0,432,100,0,0,0,1512,9400
353,W3,4,4,8,8,0,0,0,0,0,0,0,100,100,0,0,0,0,0,100,100,0,0.000000,0,10816,0.000000,0,0,0,0,432,1232,300,32,400,20416,58816,0,0,0,0,432,100,0,0,0,1531,9400
354,W3,4,4,8,8,0,0,0,0,0,0,0,100,100,0,0,0,0,0,100,100,0,0.000000,0,10816,0.000000,0,0,0,0,432,1232,300,32,400,20416,58816,0,0,0,0,432,100,0,0,0,1473,9400
355,W3,4,4,8,8,0,0,0,0,0,0,0,100,100,0,0,0,0,0,100,100,0,0.000000,0,10816,0.000000,0,0,0,0,432,1232,300,32,400,20416,58816,0,0,0,0,432,100,0,0,0,1444,9400
356,W3,4,4,8,8,0,0,0,0,0,0,0,100,100,100,0,0,0,0,100,100,100,100.000000,1600,10816,14.792899,10,10,10,10,432,1232,300,32,400,20416,58816,0,0,0,0,432,100,0,0,0,1516,9400
357,W3,4,4,8,8,0,0,0,0,0,0,0,100,100,0,0,0,0,0,100,100,0,0.000000,0,10816,0.000000,0,0,0,0,432,1232,300,32,400,20416,58816,0,0,0,0,432,100,0,0,0,1523,9400
358,W3,4,4,8,8,0,0,0,0,0,0,0,100,100,0,0,0,0,0,100,100,0,0.000000,0,10816,0.000000,0,0,0,0,432,1232,300,32,400,20416,58816,0,0,0,0,432,100,0,0,0,1489,9400
359,W3,4,4,8,8,0,0,0,0,0,0,0,100,100,0,0,0,0,0,100,100,0,0.000000,0,10816,0.000000,0,0,0,0,432,1232,300,32,400,20416,58816,0,0,0,0,432,100,0,0,0,1497,9400
360,W3,4,4,8,8,0,0,0,0,0,0,0,100,100,0,0,0,0,0,100,100,0,0.000000,0,10816,0.000000,0,0,0,0,432,1232,300,32,400,20416,58816,0,0,0,0,432,100,0,0,0,1491,9400
361,W3,4,4,8,8,0,0,0,0,0,0,0,100,100,0,0,0,0,0,100,100,0,0.000000,0,10816,0.000000,0,0,0,0,432,1232,300,32,400,20416,58816,0,0,0,0,432,100,0,0,0,1465,9400
362,W3,4,4,8,8,0,0,0,0,0,0,0,100,100,0,0,0,0,0,100,100,0,0.000000,0,10816,0.000000,0,0,0,0,432,1232,300,32,400,20416,58816,0,0,0,0,432,100,0,0,0,1549,9400
363,W3,4,4,8,8,0,0,0,0,0,0,0,100,100,0,0,0,0,0,100,100,0,0.000000,0,10816,0.000000,0,0,0,0,432,1232,300,32,400,20416,58816,0,0,0,0,432,100,0,0,0,1546,9400
364,W3,4,4,8,8,0,0,0,0,0,0,0,100,100,0,0,0,0,0,100,100,0,0.000000,0,10816,0.000000,0,0,0,0,432,1232,300,32,400,20416,58816,0,0,0,0,432,100,0,0,0,1532,9400
365,W3,4,4,8,8,0,0,0,0,0,0,0,100,100,100,0,0,0,0,100,100,100,100.000000,1600,10816,14.792899,10,10,10,10,432,1232,300,32,400,20416,58816,0,0,0,0,432,100,0,0,0,1570,9400
366,W3,4,4,8,8,0,0,0,0,0,0,0,100,100,0,0,0,0,0,100,100,0,0.000000,0,10816,0.000000,0,0,0,0,432,1232,300,32,400,20416,58816,0,0,0,0,432,100,0,0,0,1536,9400
367,W3,4,4,8,8,0,0,0,0,0,0,0,100,100,0,0,0,0,0,100,100,0,0.000000,0,10816,0.000000,0,0,0,0,432,1232,300,32,400,20416,58816,0,0,0,0,432,100,0,0,0,1555,9400
368,W3,4,4,8,8,0,0,0,0,0,0,0,100,100,0,0,0,0,0,100,100,0,0.000000,0,10816,0.000000,0,0,0,0,432,1232,300,32,400,20416,58816,0,0,0,0,432,100,0,0,0,1541,9400
369,W3,4,4,8,8,0,0,0,0,0,0,0,100,100,0,0,0,0,0,100,100,0,0.000000,0,10816,0.000000,0,0,0,0,432,1232,300,32,400,20416,58816,0,0,0,0,432,100,0,0,0,1474,9400
370,W3,4,4,8,8,0,0,0,0,0,0,0,100,100,0,0,0,0,0,100,100,0,0.000000,0,10816,0.000000,0,0,0,0,432,1232,300,32,400,20416,58816,0,0,0,0,432,100,0,0,0,1563,9400
371,W3,4,4,8,8,0,0,0,0,0,0,0,100,100,0,0,0,0,0,100,100,0,0.000000,0,10816,0.000000,0,0,0,0,432,1232,300,32,400,20416,58816,0,0,0,0,432,100,0,0,0,1520,9400
372,W3,4,4,8,8,0,0,0,0,0,0,0,100,100,0,0,0,0,0,100,100,0,0.000000,0,10816,0.000000,0,0,0,0,432,1232,300,32,400,20416,58816,0,0,0,0,432,100,0,0,0,1485,9400
373,W3,4,4,8,8,0,0,0,0,0,0,0,100,100,0,0,0,0,0,100,100,0,0.000000,0,10816,0.000000,0,0,0,0,432,1232,300,32,400,20416,58816,0,0,0,0,432,100,0,0,0,1462,9400
374,W3,4,4,8,8,0,0,0,0,0,0,0,100,100,100,0,0,0,0,100,100,100,100.000000,1600,10816,14.792899,10,10,10,10,432,1232,300,32,400,20416,58816,0,0,0,0,432,100,0,0,0,1545,9400
375,W3,4,4,8,8,0,0,0,0,0,0,0,100,100,0,0,0,0,0,100,100,0,0.000000,0,10816,0.000000,0,0,0,0,432,1232,300,32,400,20416,58816,0,0,0,0,432,100,0,0,0,1526,9400
376,W3,4,4,8,8,0,0,0,0,0,0,0,100,100,0,0,0,0,0,100,100,0,0.000000,0,10816,0.000000,0,0,0,0,432,1232,300,32,400,20416,58816,0,0,0,0,432,100,0,0,0,1504,9400
377,W3,4,4,8,8,0,0,0,0,0,0,0,100,100,0,0,0,0,0,100,100,0,0.000000,0,10816,0.000000,0,0,0,0,432,1232,300,32,400,20416,58816,0,0,0,0,432,100,0,0,0,1614,9400
378,W3,4,4,8,8,0,0,0,0,0,0,0,100,100,0,0,0,0,0,100,100,0,0.000000,0,10816,0.000000,0,0,0,0,432,1232,300,32,400,20416,58816,0,0,0,0,432,100,0,0,0,1558,9400
379,W3,4,4,8,8,0,0,0,0,0,0,0,100,100,0,0,0,0,0,100,100,0,0.000000,0,10816,0.000000,0,0,0,0,432,1232,300,32,400,20416,58816,0,0,0,0,432,100,0,0,0,1470,9400
380,W3,4,4,8,8,0,0,0,0,0,0,0,100,100,0,0,0,0,0,100,100,0,0.000000,0,10816,0.000000,0,0,0,0,432,1232,300,32,400,20416,58816,0,0,0,0,432,100,0,0,0,1555,9400
381,W3,4,4,8,8,0,0,0,0,0,0,0,100,100,0,0,0,0,0,100,100,0,0.000000,0,10816,0.000000,0,0,0,0,432,1232,300,32,400,20416,58816,0,0,0,0,432,100,0,0,0,1499,9400
382,W3,4,4,8,8,0,0,0,0,0,0,0,100,100,0,0,0,0,0,100,100,0,0.000000,0,10816,0.000000,0,0,0,0,432,1232,300,32,400,20416,58816,0,0,0,0,432,100,0,0,0,1505,9400
383,W3,4,4,8,8,0,0,0,0,0,0,0,100,100,100,0,0,0,0,100,100,100,100.000000,1600,10816,14.792899,10,10,10,10,432,1232,300,32,400,20416,58816,0,0,0,0,432,100,0,0,0,1550,9400
384,W3,4,4,8,8,0,0,0,0,0,0,0,100,100,0,0,0,0,0,100,100,0,0.000000,0,10816,0.000000,0,0,0,0,432,1232,300,32,400,20416,58816,0,0,0,0,432,100,0,0,0,1526,9400
385,W3,4,4,8,8,0,0,0,0,0,0,0,100,100,0,0,0,0,0,100,100,0,0.000000,0,10816,0.000000,0,0,0,0,432,1232,300,32,400,20416,58816,0,0,0,0,432,100,0,0,0,1556,9400
386,W3,4,4,8,8,0,0,0,0,0,0,0,100,100,0,0,0,0,0,100,100,0,0.000000,0,10816,0.000000,0,0,0,0,432,1232,300,32,400,20416,58816,0,0,0,0,432,100,0,0,0,1492,9400
387,W3,4,4,8,8,0,0,0,0,0,0,0,100,100,0,0,0,0,0,100,100,0,0.000000,0,10816,0.000000,0,0,0,0,432,1232,300,32,400,20416,58816,0,0,0,0,432,100,0,0,0,1561,9400
388,W3,4,4,8,8,0,0,0,0,0,0,0,100,100,0,0,0,0,0,100,100,0,0.000000,0,10816,0.000000,0,0,0,0,432,1232,300,32,400,20416,58816,0,0,0,0,432,100,0,0,0,1517,9400
389,W3,4,4,8,8,0,0,0,0,0,0,0,100,100,0,0,0,0,0,100,100,0,0.000000,0,10816,0.000000,0,0,0,0,432,1232,300,32,400,20416,58816,0,0,0,0,432,100,0,0,0,1496,9400
390,W3,4,4,8,8,0,0,0,0,0,0,0,100,100,0,0,0,0,0,100,100,0,0.000000,0,10816,0.000000,0,0,0,0,432,1232,300,32,400,20416,58816,0,0,0,0,432,100,0,0,0,1483,9400
391,W3,4,4,8,8,0,0,0,0,0,0,0,100,100,0,0,0,0,0,100,100,0,0.000000,0,10816,0.000000,0,0,0,0,432,1232,300,32,400,20416,58816,0,0,0,0,432,100,0,0,0,1492,9400
392,W3,4,4,8,8,0,0,0,0,0,0,0,100,100,100,0,0,0,0,100,100,100,100.000000,1600,10816,14.792899,10,10,10,10,432,1232,300,32,400,20416,58816,0,0,0,0,432,100,0,0,0,1457,9400
393,W3,4,4,8,8,0,0,0,0,0,0,0,100,100,0,0,0,0,0,100,100,0,0.000000,0,10816,0.000000,0,0,0,0,432,1232,300,32,400,20416,58816,0,0,0,0,432,100,0,0,0,1436,9400
394,W3,4,4,8,8,0,0,0,0,0,0,0,100,100,0,0,0,0,0,100,100,0,0.000000,0,10816,0.000000,0,0,0,0,432,1232,300,32,400,20416,58816,0,0,0,0,432,100,0,0,0,1490,9400
395,W3,4,4,8,8,0,0,0,0,0,0,0,100,100,0,0,0,0,0,100,100,0,0.000000,0,10816,0.000000,0,0,0,0,432,1232,300,32,400,20416,58816,0,0,0,0,432,100,0,0,0,1499,9400
396,W3,4,4,8,8,0,0,0,0,0,0,0,100,100,0,0,0,0,0,100,100,0,0.000000,0,10816,0.000000,0,0,0,0,432,1232,300,32,400,20416,58816,0,0,0,0,432,100,0,0,0,1589,9400
397,W3,4,4,8,8,0,0,0,0,0,0,0,100,100,0,0,0,0,0,100,100,0,0.000000,0,10816,0.000000,0,0,0,0,432,1232,300,32,400,20416,58816,0,0,0,0,432,100,0,0,0,1448,9400
398,W3,4,4,8,8,0,0,0,0,0,0,0,100,100,0,0,0,0,0,100,100,0,0.000000,0,10816,0.000000,0,0,0,0,432,1232,300,32,400,20416,58816,0,0,0,0,432,100,0,0,0,1505,9400
399,W3,4,4,8,8,0,0,0,0,0,0,0,100,100,0,0,0,0,0,100,100,0,0.000000,0,10816,0.000000,0,0,0,0,432,1232,300,32,400,20416,58816,0,0,0,0,432,100,0,0,0,1465,9400
400,W3,4,4,8,8,0,0,0,0,0,0,0,100,100,0,0,0,0,0,100,100,0,0.000000,0,10816,0.000000,0,0,0,0,432,1232,300,32,400,20416,58816,0,0,0,0,432,100,0,0,0,1477,9400
401,W3,4,4,8,8,0,0,0,0,0,0,0,100,100,100,0,0,0,0,100,100,100,100.000000,1600,10816,14.792899,10,10,10,10,432,1232,300,32,400,20416,58816,0,0,0,0,432,100,0,0,0,1534,9400
402,W3,4,4,8,8,0,0,0,0,0,0,0,100,100,0,0,0,0,0,100,100,0,0.000000,0,10816,0.000000,0,0,0,0,432,1232,300,32,400,20416,58816,0,0,0,0,432,100,0,0,0,1502,9400
403,W3,4,4,8,8,0,0,0,0,0,0,0,100,100,0,0,0,0,0,100,100,0,0.000000,0,10816,0.000000,0,0,0,0,432,1232,300,32,400,20416,58816,0,0,0,0,432,100,0,0,0,1519,9400
404,W3,4,4,8,8,0,0,0,0,0,0,0,100,100,0,0,0,0,0,100,100,0,0.000000,0,10816,0.000000,0,0,0,0,432,1232,300,32,400,20416,58816,0,0,0,0,432,100,0,0,0,1452,9400
405,W3,4,4,8,8,0,0,0,0,0,0,0,100,100,0,0,0,0,0,100,100,0,0.000000,0,10816,0.000000,0,0,0,0,432,1232,300,32,400,20416,58816,0,0,0,0,432,100,0,0,0,1523,9400
406,W3,4,4,8,8,0,0,0,0,0,0,0,100,100,0,0,0,0,0,100,100,0,0.000000,0,10816,0.000000,0,0,0,0,432,1232,300,32,400,20416,58816,0,0,0,0,432,100,0,0,0,1541,9400
407,W3,4,4,8,8,0,0,0,0,0,0,0,100,100,0,0,0,0,0,100,100,0,0.000000,0,10816,0.000000,0,0,0,0,432,1232,300,32,400,20416,58816,0,0,0,0,432,100,0,0,0,1509,9400
408,W3,4,4,8,8,0,0,0,0,0,0,0,100,100,0,0,0,0,0,100,100,0,0.000000,0,10816,0.000000,0,0,0,0,432,1232,300,32,400,20416,58816,0,0,0,0,432,100,0,0,0,1461,9400
409,W3,4,4,8,8,0,0,0,0,0,0,0,100,100,0,0,0,0,0,100,100,0,0.000000,0,10816,0.000000,0,0,0,0,432,1232,300,32,400,20416,58816,0,0,0,0,432,100,0,0,0,1504,9400
410,W3,4,4,8,8,0,0,0,0,0,0,0,100,100,100,0,0,0,0,100,100,100,100.000000,1600,10816,14.792899,10,10,10,10,432,1232,300,32,400,20416,58816,0,0,0,0,432,100,0,0,0,1581,9400
411,W3,4,4,8,8,0,0,0,0,0,0,0,100,100,0,0,0,0,0,100,100,0,0.000000,0,10816,0.000000,0,0,0,0,432,1232,300,32,400,20416,58816,0,0,0,0,432,100,0,0,0,1529,9400
412,W3,4,4,8,8,0,0,0,0,0,0,0,100,100,0,0,0,0,0,100,100,0,0.000000,0,10816,0.000000,0,0,0,0,432,1232,300,32,400,20416,58816,0,0,0,0,432,100,0,0,0,1725,9400
413,W3,4,4,8,8,0,0,0,0,0,0,0,100,100,0,0,0,0,0,100,100,0,0.000000,0,10816,0.000000,0,0,0,0,432,1232,300,32,400,20416,58816,0,0,0,0,432,100,0,0,0,1566,9400
414,W3,4,4,8,8,0,0,0,0,0,0,0,100,100,0,0,0,0,0,100,100,0,0.000000,0,10816,0.000000,0,0,0,0,432,1232,300,32,400,20416,58816,0,0,0,0,432,100,0,0,0,1538,9400
415,W3,4,4,8,8,0,0,0,0,0,0,0,100,100,0,0,0,0,0,100,100,0,0.000000,0,10816,0.000000,0,0,0,0,432,1232,300,32,400,20416,58816,0,0,0,0,432,100,0,0,0,1526,9400
416,W3,4,4,8,8,0,0,0,0,0,0,0,100,100,0,0,0,0,0,100,100,0,0.000000,0,10816,0.000000,0,0,0,0,432,1232,300,32,400,20416,58816,0,0,0,0,432,100,0,0,0,1552,9400
417,W3,4,4,8,8,0,0,0,0,0,0,0,100,100,0,0,0,0,0,100,100,0,0.000000,0,10816,0.000000,0,0,0,0,432,1232,300,32,400,20416,58816,0,0,0,0,432,100,0,0,0,1527,9400
418,W3,4,4,8,8,0,0,0,0,0,0,0,100,100,0,0,0,0,0,100,100,0,0.000000,0,10816,0.000000,0,0,0,0,432,1232,300,32,400,20416,58816,0,0,0,0,432,100,0,0,0,1455,9400
419,W3,4,4,8,8,0,0,0,0,0,0,0,100,100,100,0,0,0,0,100,100,100,100.000000,1600,10816,14.792899,10,10,10,10,432,1232,300,32,400,20416,58816,0,0,0,0,432,100,0,0,0,1500,9400
420,W3,4,4,8,8,0,0,0,0,0,0,0,100,100,0,0,0,0,0,100,100,0,0.000000,0,10816,0.000000,0,0,0,0,432,1232,300,32,400,20416,58816,0,0,0,0,432,100,0,0,0,1538,9400
421,W3,4,4,8,8,0,0,0,0,0,0,0,100,100,0,0,0,0,0,100,100,0,0.000000,0,10816,0.000000,0,0,0,0,432,1232,300,32,400,20416,58816,0,0,0,0,432,100,0,0,0,1554,9400
422,W3,4,4,8,8,0,0,0,0,0,0,0,100,100,0,0,0,0,0,100,100,0,0.000000,0,10816,0.000000,0,0,0,0,432,1232,300,32,400,20416,58816,0,0,0,0,432,100,0,0,0,1464,9400
423,W3,4,4,8,8,0,0,0,0,0,0,0,100,100,0,0,0,0,0,100,100,0,0.000000,0,10816,0.000000,0,0,0,0,432,1232,300,32,400,20416,58816,0,0,0,0,432,100,0,0,0,1493,9400
424,W3,4,4,8,8,0,0,0,0,0,0,0,100,100,0,0,0,0,0,100,100,0,0.000000,0,10816,0.000000,0,0,0,0,432,1232,300,32,400,20416,58816,0,0,0,0,432,100,0,0,0,1532,9400
425,W3,4,4,8,8,0,0,0,0,0,0,0,100,100,0,0,0,0,0,100,100,0,0.000000,0,10816,0.000000,0,0,0,0,432,1232,300,32,400,20416,58816,0,0,0,0,432,100,0,0,0,1501,9400
426,W3,4,4,8,8,0,0,0,0,0,0,0,100,100,0,0,0,0,0,100,100,0,0.000000,0,10816,0.000000,0,0,0,0,432,1232,300,32,400,20416,58816,0,0,0,0,432,100,0,0,0,1594,9400
427,W3,4,4,8,8,0,0,0,0,0,0,0,100,100,0,0,0,0,0,100,100,0,0.000000,0,10816,0.000000,0,0,0,0,432,1232,300,32,400,20416,58816,0,0,0,0,432,100,0,0,0,1510,9400
428,W3,4,4,8,8,0,0,0,0,0,0,0,100,100,100,0,0,0,0,100,100,100,100.000000,1600,10816,14.792899,10,10,10,10,432,1232,300,32,400,20416,58816,0,0,0,0,432,100,0,0,0,1525,9400
429,W3,4,4,8,8,0,0,0,0,0,0,0,100,100,0,0,0,0,0,100,100,0,0.000000,0,10816,0.000000,0,0,0,0,432,1232,300,32,400,20416,58816,0,0,0,0,432,100,0,0,0,1702,9400
430,W3,4,4,8,8,0,0,0,0,0,0,0,100,100,0,0,0,0,0,100,100,0,0.000000,0,10816,0.000000,0,0,0,0,432,1232,300,32,400,20416,58816,0,0,0,0,432,100,0,0,0,1565,9400
431,W3,4,4,8,8,0,0,0,0,0,0,0,100,100,0,0,0,0,0,100,100,0,0.000000,0,10816,0.000000,0,0,0,0,432,1232,300,32,400,20416,58816,0,0,0,0,432,100,0,0,0,1557,9400
432,W3,4,4,8,8,0,0,0,0,0,0,0,100,100,0,0,0,0,0,100,100,0,0.000000,0,10816,0.000000,0,0,0,0,432,1232,300,32,400,20416,58816,0,0,0,0,432,100,0,0,0,1555,9400
433,W3,4,4,8,8,0,0,0,0,0,0,0,100,100,0,0,0,0,0,100,100,0,0.000000,0,10816,0.000000,0,0,0,0,432,1232,300,32,400,20416,58816,0,0,0,0,432,100,0,0,0,1505,9400
434,W3,4,4,8,8,0,0,0,0,0,0,0,100,100,0,0,0,0,0,100,100,0,0.000000,0,10816,0.000000,0,0,0,0,432,1232,300,32,400,20416,58816,0,0,0,0,432,100,0,0,0,1584,9400
435,W3,4,4,8,8,0,0,0,0,0,0,0,100,100,0,0,0,0,0,100,100,0,0.000000,0,10816,0.000000,0,0,0,0,432,1232,300,32,400,20416,58816,0,0,0,0,432,100,0,0,0,1518,9400
436,W3,4,4,8,8,0,0,0,0,0,0,0,100,100,0,0,0,0,0,100,100,0,0.000000,0,10816,0.000000,0,0,0,0,432,1232,300,32,400,20416,58816,0,0,0,0,432,100,0,0,0,1524,9400
437,W3,4,4,8,8,0,0,0,0,0,0,0,100,100,100,0,0,0,0,100,100,100,100.000000,1600,10816,14.792899,10,10,10,10,432,1232,300,32,400,20416,58816,0,0,0,0,432,100,0,0,0,1585,9400
438,W3,4,4,8,8,0,0,0,0,0,0,0,100,100,0,0,0,0,0,100,100,0,0.000000,0,10816,0.000000,0,0,0,0,432,1232,300,32,400,20416,58816,0,0,0,0,432,100,0,0,0,1477,9400
439,W3,4,4,8,8,0,0,0,0,0,0,0,100,100,0,0,0,0,0,100,100,0,0.000000,0,10816,0.000000,0,0,0,0,432,1232,300,32,400,20416,58816,0,0,0,0,432,100,0,0,0,1561,9400
440,W3,4,4,8,8,0,0,0,0,0,0,0,100,100,0,0,0,0,0,100,100,0,0.000000,0,10816,0.000000,0,0,0,0,432,1232,300,32,400,20416,58816,0,0,0,0,432,100,0,0,0,1472,9400
441,W3,4,4,8,8,0,0,0,0,0,0,0,100,100,0,0,0,0,0,100,100,0,0.000000,0,10816,0.000000,0,0,0,0,432,1232,300,32,400,20416,58816,0,0,0,0,432,100,0,0,0,1491,9400
442,W3,4,4,8,8,0,0,0,0,0,0,0,100,100,0,0,0,0,0,100,100,0,0.000000,0,10816,0.000000,0,0,0,0,432,1232,300,32,400,20416,58816,0,0,0,0,432,100,0,0,0,1487,9400
443,W3,4,4,8,8,0,0,0,0,0,0,0,100,100,0,0,0,0,0,100,100,0,0.000000,0,10816,0.000000,0,0,0,0,432,1232,300,32,400,20416,58816,0,0,0,0,432,100,0,0,0,1494,9400
444,W3,4,4,8,8,0,0,0,0,0,0,0,100,100,0,0,0,0,0,100,100,0,0.000000,0,10816,0.000000,0,0,0,0,432,1232,300,32,400,20416,58816,0,0,0,0,432,100,0,0,0,1561,9400
445,W3,4,4,8,8,0,0,0,0,0,0,0,100,100,0,0,0,0,0,100,100,0,0.000000,0,10816,0.000000,0,0,0,0,432,1232,300,32,400,20416,58816,0,0,0,0,432,100,0,0,0,1528,9400
446,W3,4,4,8,8,0,0,0,0,0,0,0,100,100,100,0,0,0,0,100,100,100,100.000000,1600,10816,14.792899,10,10,10,10,432,1232,300,32,400,20416,58816,0,0,0,0,432,100,0,0,0,1564,9400
447,W3,4,4,8,8,0,0,0,0,0,0,0,100,100,0,0,0,0,0,100,100,0,0.000000,0,10816,0.000000,0,0,0,0,432,1232,300,32,400,20416,58816,0,0,0,0,432,100,0,0,0,1542,9400
448,W3,4,4,8,8,0,0,0,0,0,0,0,100,100,0,0,0,0,0,100,100,0,0.000000,0,10816,0.000000,0,0,0,0,432,1232,300,32,400,20416,58816,0,0,0,0,432,100,0,0,0,1480,9400
449,W3,4,4,8,8,0,0,0,0,0,0,0,100,100,0,0,0,0,0,100,100,0,0.000000,0,10816,0.000000,0,0,0,0,432,1232,300,32,400,20416,58816,0,0,0,0,432,100,0,0,0,1547,9400
450,W3,4,4,8,8,0,0,0,0,0,0,0,100,100,0,0,0,0,0,100,100,0,0.000000,0,10816,0.000000,0,0,0,0,432,1232,300,32,400,20416,58816,0,0,0,0,432,100,0,0,0,1462,9400
451,W3,4,4,8,8,0,0,0,0,0,0,0,100,100,0,0,0,0,0,100,100,0,0.000000,0,10816,0.000000,0,0,0,0,432,1232,300,32,400,20416,58816,0,0,0,0,432,100,0,0,0,1529,9400
452,W3,4,4,8,8,0,0,0,0,0,0,0,100,100,0,0,0,0,0,100,100,0,0.000000,0,10816,0.000000,0,0,0,0,432,1232,300,32,400,20416,58816,0,0,0,0,432,100,0,0,0,1650,9400
453,W3,4,4,8,8,0,0,0,0,0,0,0,100,100,0,0,0,0,0,100,100,0,0.000000,0,10816,0.000000,0,0,0,0,432,1232,300,32,400,20416,58816,0,0,0,0,432,100,0,0,0,1502,9400
454,W3,4,4,8,8,0,0,0,0,0,0,0,100,100,0,0,0,0,0,100,100,0,0.000000,0,10816,0.000000,0,0,0,0,432,1232,300,32,400,20416,58816,0,0,0,0,432,100,0,0,0,1483,9400
455,W3,4,4,8,8,0,0,0,0,0,0,0,100,100,100,0,0,0,0,100,100,100,100.000000,1600,10816,14.792899,10,10,10,10,432,932,300,32,400,20416,44416,0,0,0,0,432,100,0,0,0,1348,9400
456,W3,4,4,8,8,0,0,0,0,0,0,0,100,100,0,0,0,0,0,100,100,0,0.000000,0,10816,0.000000,0,0,0,0,432,332,300,32,400,20416,15616,0,0,0,0,432,0,0,0,0,902,9400
457,W3,4,4,8,8,0,0,0,0,0,0,0,100,100,0,0,0,0,0,100,100,0,0.000000,0,10816,0.000000,0,0,0,0,432,332,300,32,400,20416,15616,0,0,0,0,432,0,0,0,0,870,9400
458,W3,4,4,8,8,0,0,0,0,0,0,0,100,100,0,0,0,0,0,100,100,0,0.000000,0,10816,0.000000,0,0,0,0,432,332,300,32,400,20416,15616,0,0,0,0,432,0,0,0,0,921,9400
459,W3,4,4,8,8,0,0,0,0,0,0,0,100,100,0,0,0,0,0,100,100,0,0.000000,0,10816,0.000000,0,0,0,0,432,332,300,32,400,20416,15616,0,0,0,0,432,0,0,0,0,922,9400
460,W3,4,4,8,8,0,0,0,0,0,0,0,100,100,0,0,0,0,0,100,100,0,0.000000,0,10816,0.000000,0,0,0,0,432,332,300,32,400,20416,15616,0,0,0,0,432,0,0,0,0,935,9400
461,W3,4,4,8,8,0,0,0,0,0,0,0,100,100,0,0,0,0,0,100,100,0,0.000000,0,10816,0.000000,0,0,0,0,432,332,300,32,400,20416,15616,0,0,0,0,432,0,0,0,0,916,9400
462,W3,4,4,8,8,0,0,0,0,0,0,0,100,100,0,0,0,0,0,100,100,0,0.000000,0,10816,0.000000,0,0,0,0,432,332,300,32,400,20416,15616,0,0,0,0,432,0,0,0,0,903,9400
463,W3,4,4,8,8,0,0,0,0,0,0,0,100,100,0,0,0,0,0,100,100,0,0.000000,0,10816,0.000000,0,0,0,0,432,332,300,32,400,20416,15616,0,0,0,0,432,0,0,0,0,878,9400
464,W3,4,4,8,8,0,0,0,0,0,0,0,100,100,100,0,0,0,0,100,100,100,100.000000,1600,10816,14.792899,10,10,10,10,432,332,300,32,400,20416,15616,0,0,0,0,432,0,0,0,0,917,9400
465,W3,4,4,8,8,0,0,0,0,0,0,0,100,100,0,0,0,0,0,100,100,0,0.000000,0,10816,0.000000,0,0,0,0,432,332,300,32,400,20416,15616,0,0,0,0,432,0,0,0,0,976,9400
466,W3,4,4,8,8,0,0,0,0,0,0,0,100,100,0,0,0,0,0,100,100,0,0.000000,0,10816,0.000000,0,0,0,0,432,332,300,32,400,20416,15616,0,0,0,0,432,0,0,0,0,912,9400
467,W3,4,4,8,8,0,0,0,0,0,0,0,100,100,0,0,0,0,0,100,100,0,0.000000,0,10816,0.000000,0,0,0,0,432,332,300,32,400,20416,15616,0,0,0,0,432,0,0,0,0,921,9400
468,W3,4,4,8,8,0,0,0,0,0,0,0,100,100,0,0,0,0,0,100,100,0,0.000000,0,10816,0.000000,0,0,0,0,432,332,300,32,400,20416,15616,0,0,0,0,432,0,0,0,0,1002,9400
469,W3,4,4,8,8,0,0,0,0,0,0,0,100,100,0,0,0,0,0,100,100,0,0.000000,0,10816,0.000000,0,0,0,0,432,332,300,32,400,20416,15616,0,0,0,0,432,0,0,0,0,934,9400
470,W3,4,4,8,8,0,0,0,0,0,0,0,100,100,0,0,0,0,0,100,100,0,0.000000,0,10816,0.000000,0,0,0,0,432,332,300,32,400,20416,15616,0,0,0,0,432,0,0,0,0,913,9400
471,W3,4,4,8,8,0,0,0,0,0,0,0,100,100,0,0,0,0,0,100,100,0,0.000000,0,10816,0.000000,0,0,0,0,432,332,300,32,400,20416,15616,0,0,0,0,432,0,0,0,0,919,9400
472,W3,4,4,8,8,0,0,0,0,0,0,0,100,100,0,0,0,0,0,100,100,0,0.000000,0,10816,0.000000,0,0,0,0,432,332,300,32,400,20416,15616,0,0,0,0,432,0,0,0,0,905,9400
473,W3,4,4,8,8,0,0,0,0,0,0,0,100,100,100,0,0,0,0,100,100,100,100.000000,1600,10816,14.792899,10,10,10,10,432,332,300,32,400,20416,15616,0,0,0,0,432,0,0,0,0,999,9400
474,W3,4,4,8,8,0,0,0,0,0,0,0,100,100,0,0,0,0,0,100,100,0,0.000000,0,10816,0.000000,0,0,0,0,432,332,300,32,400,20416,15616,0,0,0,0,432,0,0,0,0,926,9400
475,W3,4,4,8,8,0,0,0,0,0,0,0,100,100,0,0,0,0,0,100,100,0,0.000000,0,10816,0.000000,0,0,0,0,432,332,300,32,400,20416,15616,0,0,0,0,432,0,0,0,0,988,9400
476,W3,4,4,8,8,0,0,0,0,0,0,0,100,100,0,0,0,0,0,100,100,0,0.000000,0,10816,0.000000,0,0,0,0,432,332,300,32,400,20416,15616,0,0,0,0,432,0,0,0,0,956,9400
477,W3,4,4,8,8,0,0,0,0,0,0,0,100,100,0,0,0,0,0,100,100,0,0.000000,0,10816,0.000000,0,0,0,0,432,332,300,32,400,20416,15616,0,0,0,0,432,0,0,0,0,875,9400
478,W3,4,4,8,8,0,0,0,0,0,0,0,100,100,0,0,0,0,0,100,100,0,0.000000,0,10816,0.000000,0,0,0,0,432,332,300,32,400,20416,15616,0,0,0,0,432,0,0,0,0,908,9400
479,W3,4,4,8,8,0,0,0,0,0,0,0,100,100,0,0,0,0,0,100,100,0,0.000000,0,10816,0.000000,0,0,0,0,432,332,300,32,400,20416,15616,0,0,0,0,432,0,0,0,0,947,9400
480,W3,4,4,8,8,0,0,0,0,0,0,0,100,100,0,0,0,0,0,100,100,0,0.000000,0,10816,0.000000,0,0,0,0,432,332,300,32,400,20416,15616,0,0,0,0,432,0,0,0,0,932,9400
481,W3,4,4,8,8,0,0,0,0,0,0,0,100,100,0,0,0,0,0,100,100,0,0.000000,0,10816,0.000000,0,0,0,0,432,332,300,32,400,20416,15616,0,0,0,0,432,0,0,0,0,869,9400
482,W3,4,4,8,8,0,0,0,0,0,0,0,100,100,100,0,0,0,0,100,100,100,100.000000,1600,10816,14.792899,10,10,10,10,432,332,300,32,400,20416,15616,0,0,0,0,432,0,0,0,0,911,9400
483,W3,4,4,8,8,0,0,0,0,0,0,0,100,100,0,0,0,0,0,100,100,0,0.000000,0,10816,0.000000,0,0,0,0,432,332,300,32,400,20416,15616,0,0,0,0,432,0,0,0,0,862,9400
484,W3,4,4,8,8,0,0,0,0,0,0,0,100,100,0,0,0,0,0,100,100,0,0.000000,0,10816,0.000000,0,0,0,0,432,332,300,32,400,20416,15616,0,0,0,0,432,0,0,0,0,898,9400
485,W3,4,4,8,8,0,0,0,0,0,0,0,100,100,0,0,0,0,0,100,100,0,0.000000,0,10816,0.000000,0,0,0,0,432,332,300,32,400,20416,15616,0,0,0,0,432,0,0,0,0,893,9400
486,W3,4,4,8,8,0,0,0,0,0,0,0,100,100,0,0,0,0,0,100,100,0,0.000000,0,10816,0.000000,0,0,0,0,432,332,300,32,400,20416,15616,0,0,0,0,432,0,0,0,0,938,9400
487,W3,4,4,8,8,0,0,0,0,0,0,0,100,100,0,0,0,0,0,100,100,0,0.000000,0,10816,0.000000,0,0,0,0,432,332,300,32,400,20416,15616,0,0,0,0,432,0,0,0,0,1030,9400
488,W3,4,4,8,8,0,0,0,0,0,0,0,100,100,0,0,0,0,0,100,100,0,0.000000,0,10816,0.000000,0,0,0,0,432,332,300,32,400,20416,15616,0,0,0,0,432,0,0,0,0,902,9400
489,W3,4,4,8,8,0,0,0,0,0,0,0,100,100,0,0,0,0,0,100,100,0,0.000000,0,10816,0.000000,0,0,0,0,432,332,300,32,400,20416,15616,0,0,0,0,432,0,0,0,0,885,9400
490,W3,4,4,8,8,0,0,0,0,0,0,0,100,100,0,0,0,0,0,100,100,0,0.000000,0,10816,0.000000,0,0,0,0,432,332,300,32,400,20416,15616,0,0,0,0,432,0,0,0,0,884,9400
491,W3,4,4,8,8,0,0,0,0,0,0,0,100,100,100,0,0,0,0,100,100,100,100.000000,1600,10816,14.792899,10,10,10,10,432,332,300,32,400,20416,15616,0,0,0,0,432,0,0,0,0,907,9400
492,W3,4,4,8,8,0,0,0,0,0,0,0,100,100,0,0,0,0,0,100,100,0,0.000000,0,10816,0.000000,0,0,0,0,432,332,300,32,400,20416,15616,0,0,0,0,432,0,0,0,0,939,9400
493,W3,4,4,8,8,0,0,0,0,0,0,0,100,100,0,0,0,0,0,100,100,0,0.000000,0,10816,0.000000,0,0,0,0,432,332,300,32,400,20416,15616,0,0,0,0,432,0,0,0,0,955,9400
494,W3,4,4,8,8,0,0,0,0,0,0,0,100,100,0,0,0,0,0,100,100,0,0.000000,0,10816,0.000000,0,0,0,0,432,332,300,32,400,20416,15616,0,0,0,0,432,0,0,0,0,913,9400
495,W3,4,4,8,8,0,0,0,0,0,0,0,100,100,0,0,0,0,0,100,100,0,0.000000,0,10816,0.000000,0,0,0,0,432,332,300,32,400,20416,15616,0,0,0,0,432,0,0,0,0,908,9400
496,W3,4,4,8,8,0,0,0,0,0,0,0,100,100,0,0,0,0,0,100,100,0,0.000000,0,10816,0.000000,0,0,0,0,432,332,300,32,400,20416,15616,0,0,0,0,432,0,0,0,0,929,9400
497,W3,4,4,8,8,0,0,0,0,0,0,0,100,100,0,0,0,0,0,100,100,0,0.000000,0,10816,0.000000,0,0,0,0,432,332,300,32,400,20416,15616,0,0,0,0,432,0,0,0,0,892,9400
498,W3,4,4,8,8,0,0,0,0,0,0,0,100,100,0,0,0,0,0,100,100,0,0.000000,0,10816,0.000000,0,0,0,0,432,332,300,32,400,20416,15616,0,0,0,0,432,0,0,0,0,942,9400
499,W3,4,4,8,8,0,0,0,0,0,0,0,100,100,0,0,0,0,0,100,100,0,0.000000,0,10816,0.000000,0,0,0,0,432,332,300,32,400,20416,15616,0,0,0,0,432,0,0,0,0,887,9400
500,W3,4,4,8,8,0,0,0,0,0,0,0,100,100,100,0,0,0,0,100,100,100,100.000000,1600,10816,14.792899,10,10,10,10,432,332,300,32,400,20416,15616,0,0,0,0,432,0,0,0,0,872,9400
501,W3,4,4,8,8,0,0,0,0,0,0,0,100,100,0,0,0,0,0,100,100,0,0.000000,0,10816,0.000000,0,0,0,0,432,332,300,32,400,20416,15616,0,0,0,0,432,0,0,0,0,876,9400
502,W3,4,4,8,8,0,0,0,0,0,0,0,100,100,0,0,0,0,0,100,100,0,0.000000,0,10816,0.000000,0,0,0,0,432,332,300,32,400,20416,15616,0,0,0,0,432,0,0,0,0,981,9400
503,W3,4,4,8,8,0,0,0,0,0,0,0,100,100,0,0,0,0,0,100,100,0,0.000000,0,10816,0.000000,0,0,0,0,432,332,300,32,400,20416,15616,0,0,0,0,432,0,0,0,0,957,9400
504,W3,4,4,8,8,0,0,0,0,0,0,0,100,100,0,0,0,0,0,100,100,0,0.000000,0,10816,0.000000,0,0,0,0,432,332,300,32,400,20416,15616,0,0,0,0,432,0,0,0,0,933,9400
505,W3,4,4,8,8,0,0,0,0,0,0,0,100,100,0,0,0,0,0,100,100,0,0.000000,0,10816,0.000000,0,0,0,0,432,332,300,32,400,20416,15616,0,0,0,0,432,0,0,0,0,901,9400
506,W3,4,4,8,8,0,0,0,0,0,0,0,100,100,0,0,0,0,0,100,100,0,0.000000,0,10816,0.000000,0,0,0,0,432,332,300,32,400,20416,15616,0,0,0,0,432,0,0,0,0,908,9400
507,W3,4,4,8,8,0,0,0,0,0,0,0,100,100,0,0,0,0,0,100,100,0,0.000000,0,10816,0.000000,0,0,0,0,432,332,300,32,400,20416,15616,0,0,0,0,432,0,0,0,0,928,9400
508,W3,4,4,8,8,0,0,0,0,0,0,0,100,100,0,0,0,0,0,100,100,0,0.000000,0,10816,0.000000,0,0,0,0,432,332,300,32,400,20416,15616,0,0,0,0,432,0,0,0,0,939,9400
509,W3,4,4,8,8,0,0,0,0,0,0,0,100,100,100,0,0,0,0,100,100,100,100.000000,1600,10816,14.792899,10,10,10,10,432,332,300,32,400,20416,15616,0,0,0,0,432,0,0,0,0,901,9400
510,W3,4,4,8,8,0,0,0,0,0,0,0,100,100,0,0,0,0,0,100,100,0,0.000000,0,10816,0.000000,0,0,0,0,432,332,300,32,400,20416,15616,0,0,0,0,432,0,0,0,0,885,9400
511,W3,4,4,8,8,0,0,0,0,0,0,0,100,100,0,0,0,0,0,100,100,0,0.000000,0,10816,0.000000,0,0,0,0,432,332,300,32,400,20416,15616,0,0,0,0,432,0,0,0,0,884,9400
512,W3,4,4,8,8,0,0,0,0,0,0,0,100,100,0,0,0,0,0,100,100,0,0.000000,0,10816,0.000000,0,0,0,0,432,332,300,32,400,20416,15616,0,0,0,0,432,0,0,0,0,929,9400
513,W3,4,4,8,8,0,0,0,0,0,0,0,100,100,0,0,0,0,0,100,100,0,0.000000,0,10816,0.000000,0,0,0,0,432,332,300,32,400,20416,15616,0,0,0,0,432,0,0,0,0,915,9400
514,W3,4,4,8,8,0,0,0,0,0,0,0,100,100,0,0,0,0,0,100,100,0,0.000000,0,10816,0.000000,0,0,0,0,432,332,300,32,400,20416,15616,0,0,0,0,432,0,0,0,0,891,9400
515,W3,4,4,8,8,0,0,0,0,0,0,0,100,100,0,0,0,0,0,100,100,0,0.000000,0,10816,0.000000,0,0,0,0,432,332,300,32,400,20416,15616,0,0,0,0,432,0,0,0,0,875,9400
516,W3,4,4,8,8,0,0,0,0,0,0,0,100,100,0,0,0,0,0,100,100,0,0.000000,0,10816,0.000000,0,0,0,0,432,332,300,32,400,20416,15616,0,0,0,0,432,0,0,0,0,881,9400
517,W3,4,4,8,8,0,0,0,0,0,0,0,100,100,0,0,0,0,0,100,100,0,0.000000,0,10816,0.000000,0,0,0,0,432,332,300,32,400,20416,15616,0,0,0,0,432,0,0,0,0,894,9400
518,W3,4,4,8,8,0,0,0,0,0,0,0,100,100,100,0,0,0,0,100,100,100,100.000000,1600,10816,14.792899,10,10,10,10,432,332,300,32,400,20416,15616,0,0,0,0,432,0,0,0,0,877,9400
519,W3,4,4,8,8,0,0,0,0,0,0,0,100,100,0,0,0,0,0,100,100,0,0.000000,0,10816,0.000000,0,0,0,0,432,332,300,32,400,20416,15616,0,0,0,0,432,0,0,0,0,957,9400
520,W3,4,4,8,8,0,0,0,0,0,0,0,100,100,0,0,0,0,0,100,100,0,0.000000,0,10816,0.000000,0,0,0,0,432,332,300,32,400,20416,15616,0,0,0,0,432,0,0,0,0,940,9400
521,W3,4,4,8,8,0,0,0,0,0,0,0,100,100,0,0,0,0,0,100,100,0,0.000000,0,10816,0.000000,0,0,0,0,432,332,300,32,400,20416,15616,0,0,0,0,432,0,0,0,0,889,9400
522,W3,4,4,8,8,0,0,0,0,0,0,0,100,100,0,0,0,0,0,100,100,0,0.000000,0,10816,0.000000,0,0,0,0,432,332,300,32,400,20416,15616,0,0,0,0,432,0,0,0,0,908,9400
523,W3,4,4,8,8,0,0,0,0,0,0,0,100,100,0,0,0,0,0,100,100,0,0.000000,0,10816,0.000000,0,0,0,0,432,332,300,32,400,20416,15616,0,0,0,0,432,0,0,0,0,894,9400
524,W3,4,4,8,8,0,0,0,0,0,0,0,100,100,0,0,0,0,0,100,100,0,0.000000,0,10816,0.000000,0,0,0,0,432,332,300,32,400,20416,15616,0,0,0,0,432,0,0,0,0,901,9400
525,W3,4,4,8,8,0,0,0,0,0,0,0,100,100,0,0,0,0,0,100,100,0,0.000000,0,10816,0.000000,0,0,0,0,432,332,300,32,400,20416,15616,0,0,0,0,432,0,0,0,0,902,9400
526,W3,4,4,8,8,0,0,0,0,0,0,0,100,100,0,0,0,0,0,100,100,0,0.000000,0,10816,0.000000,0,0,0,0,432,332,300,32,400,20416,15616,0,0,0,0,432,0,0,0,0,921,9400
527,W3,4,4,8,8,0,0,0,0,0,0,0,100,100,100,0,0,0,0,100,100,100,100.000000,1600,10816,14.792899,10,10,10,10,432,332,300,32,400,20416,15616,0,0,0,0,432,0,0,0,0,941,9400
528,W3,4,4,8,8,0,0,0,0,0,0,0,100,100,0,0,0,0,0,100,100,0,0.000000,0,10816,0.000000,0,0,0,0,432,332,300,32,400,20416,15616,0,0,0,0,432,0,0,0,0,971,9400
529,W3,4,4,8,8,0,0,0,0,0,0,0,100,100,0,0,0,0,0,100,100,0,0.000000,0,10816,0.000000,0,0,0,0,432,332,300,32,400,20416,15616,0,0,0,0,432,0,0,0,0,926,9400
530,W3,4,4,8,8,0,0,0,0,0,0,0,100,100,0,0,0,0,0,100,100,0,0.000000,0,10816,0.000000,0,0,0,0,432,332,300,32,400,20416,15616,0,0,0,0,432,0,0,0,0,922,9400
531,W3,4,4,8,8,0,0,0,0,0,0,0,100,100,0,0,0,0,0,100,100,0,0.000000,0,10816,0.000000,0,0,0,0,432,332,300,32,400,20416,15616,0,0,0,0,432,0,0,0,0,905,9400
532,W3,4,4,8,8,0,0,0,0,0,0,0,100,100,0,0,0,0,0,100,100,0,0.000000,0,10816,0.000000,0,0,0,0,432,332,300,32,400,20416,15616,0,0,0,0,432,0,0,0,0,919,9400
533,W3,4,4,8,8,0,0,0,0,0,0,0,100,100,0,0,0,0,0,100,100,0,0.000000,0,10816,0.000000,0,0,0,0,432,332,300,32,400,20416,15616,0,0,0,0,432,0,0,0,0,910,9400
534,W3,4,4,8,8,0,0,0,0,0,0,0,100,100,0,0,0,0,0,100,100,0,0.000000,0,10816,0.000000,0,0,0,0,432,332,300,32,400,20416,15616,0,0,0,0,432,0,0,0,0,908,9400
535,W3,4,4,8,8,0,0,0,0,0,0,0,100,100,0,0,0,0,0,100,100,0,0.000000,0,10816,0.000000,0,0,0,0,432,332,300,32,400,20416,15616,0,0,0,0,432,0,0,0,0,953,9400
536,W3,4,4,8,8,0,0,0,0,0,0,0,100,100,100,0,0,0,0,100,100,100,100.000000,1600,10816,14.792899,10,10,10,10,432,332,300,32,400,20416,15616,0,0,0,0,432,0,0,0,0,948,9400
537,W3,4,4,8,8,0,0,0,0,0,0,0,100,100,0,0,0,0,0,100,100,0,0.000000,0,10816,0.000000,0,0,0,0,432,332,300,32,400,20416,15616,0,0,0,0,432,0,0,0,0,909,9400
538,W3,4,4,8,8,0,0,0,0,0,0,0,100,100,0,0,0,0,0,100,100,0,0.000000,0,10816,0.000000,0,0,0,0,432,332,300,32,400,20416,15616,0,0,0,0,432,0,0,0,0,943,9400
539,W3,4,4,8,8,0,0,0,0,0,0,0,100,100,0,0,0,0,0,100,100,0,0.000000,0,10816,0.000000,0,0,0,0,432,332,300,32,400,20416,15616,0,0,0,0,432,0,0,0,0,915,9400
540,W3,4,4,8,8,0,0,0,0,0,0,0,100,100,0,0,0,0,0,100,100,0,0.000000,0,10816,0.000000,0,0,0,0,432,332,300,32,400,20416,15616,0,0,0,0,432,0,0,0,0,938,9400
541,W3,4,4,8,8,0,0,0,0,0,0,0,100,100,0,0,0,0,0,100,100,0,0.000000,0,10816,0.000000,0,0,0,0,432,332,300,32,400,20416,15616,0,0,0,0,432,0,0,0,0,958,9400
542,W3,4,4,8,8,0,0,0,0,0,0,0,100,100,0,0,0,0,0,100,100,0,0.000000,0,10816,0.000000,0,0,0,0,432,332,300,32,400,20416,15616,0,0,0,0,432,0,0,0,0,892,9400
543,W3,4,4,8,8,0,0,0,0,0,0,0,100,100,0,0,0,0,0,100,100,0,0.000000,0,10816,0.000000,0,0,0,0,432,332,300,32,400,20416,15616,0,0,0,0,432,0,0,0,0,920,9400
544,W3,4,4,8,8,0,0,0,0,0,0,0,100,100,0,0,0,0,0,100,100,0,0.000000,0,10816,0.000000,0,0,0,0,432,332,300,32,400,20416,15616,0,0,0,0,432,0,0,0,0,926,9400
545,W3,4,4,8,8,0,0,0,0,0,0,0,100,100,100,0,0,0,0,100,100,100,100.000000,1600,10816,14.792899,10,10,10,10,432,332,300,32,400,20416,15616,0,0,0,0,432,0,0,0,0,936,9400
546,W3,4,4,8,8,0,0,0,0,0,0,0,100,100,0,0,0,0,0,100,100,0,0.000000,0,10816,0.000000,0,0,0,0,432,332,300,32,400,20416,15616,0,0,0,0,432,0,0,0,0,919,9400
547,W3,4,4,8,8,0,0,0,0,0,0,0,100,100,0,0,0,0,0,100,100,0,0.000000,0,10816,0.000000,0,0,0,0,432,332,300,32,400,20416,15616,0,0,0,0,432,0,0,0,0,932,9400
548,W3,4,4,8,8,0,0,0,0,0,0,0,100,100,0,0,0,0,0,100,100,0,0.000000,0,10816,0.000000,0,0,0,0,432,332,300,32,400,20416,15616,0,0,0,0,432,0,0,0,0,907,9400
549,W3,4,4,8,8,0,0,0,0,0,0,0,100,100,0,0,0,0,0,100,100,0,0.000000,0,10816,0.000000,0,0,0,0,432,332,300,32,400,20416,15616,0,0,0,0,432,0,0,0,0,894,9400
550,W3,4,4,8,8,0,0,0,0,0,0,0,100,100,0,0,0,0,0,100,100,0,0.000000,0,10816,0.000000,0,0,0,0,432,332,300,32,400,20416,15616,0,0,0,0,432,0,0,0,0,918,9400
551,W3,4,4,8,8,0,0,0,0,0,0,0,100,100,0,0,0,0,0,100,100,0,0.000000,0,10816,0.000000,0,0,0,0,432,332,300,32,400,20416,15616,0,0,0,0,432,0,0,0,0,921,9400
552,W3,4,4,8,8,0,0,0,0,0,0,0,100,100,0,0,0,0,0,100,100,0,0.000000,0,10816,0.000000,0,0,0,0,432,332,300,32,400,20416,15616,0,0,0,0,432,0,0,0,0,920,9400
553,W3,4,4,8,8,0,0,0,0,0,0,0,100,100,0,0,0,0,0,100,100,0,0.000000,0,10816,0.000000,0,0,0,0,432,332,300,32,400,20416,15616,0,0,0,0,432,0,0,0,0,933,9400
554,W3,4,4,8,8,0,0,0,0,0,0,0,100,100,100,0,0,0,0,100,100,100,100.000000,1600,10816,14.792899,10,10,10,10,432,332,300,32,400,20416,15616,0,0,0,0,432,0,0,0,0,916,9400
555,W3,4,4,8,8,0,0,0,0,0,0,0,100,100,0,0,0,0,0,100,100,0,0.000000,0,10816,0.000000,0,0,0,0,432,332,300,32,400,20416,15616,0,0,0,0,432,0,0,0,0,958,9400
556,W3,4,4,8,8,0,0,0,0,0,0,0,100,100,0,0,0,0,0,100,100,0,0.000000,0,10816,0.000000,0,0,0,0,432,332,300,32,400,20416,15616,0,0,0,0,432,0,0,0,0,928,9400
557,W3,4,4,8,8,0,0,0,0,0,0,0,100,100,0,0,0,0,0,100,100,0,0.000000,0,10816,0.000000,0,0,0,0,432,332,300,32,400,20416,15616,0,0,0,0,432,0,0,0,0,896,9400
558,W3,4,4,8,8,0,0,0,0,0,0,0,100,100,0,0,0,0,0,100,100,0,0.000000,0,10816,0.000000,0,0,0,0,432,332,300,32,400,20416,15616,0,0,0,0,432,0,0,0,0,869,9400
559,W3,4,4,8,8,0,0,0,0,0,0,0,100,100,0,0,0,0,0,100,100,0,0.000000,0,10816,0.000000,0,0,0,0,432,332,300,32,400,20416,15616,0,0,0,0,432,0,0,0,0,887,9400
560,W3,4,4,8,8,0,0,0,0,0,0,0,100,100,0,0,0,0,0,100,100,0,0.000000,0,10816,0.000000,0,0,0,0,432,332,300,32,400,20416,15616,0,0,0,0,432,0,0,0,0,883,9400
561,W3,4,4,8,8,0,0,0,0,0,0,0,100,100,0,0,0,0,0,100,100,0,0.000000,0,10816,0.000000,0,0,0,0,432,332,300,32,400,20416,15616,0,0,0,0,432,0,0,0,0,891,9400
562,W3,4,4,8,8,0,0,0,0,0,0,0,100,100,0,0,0,0,0,100,100,0,0.000000,0,10816,0.000000,0,0,0,0,432,332,300,32,400,20416,15616,0,0,0,0,432,0,0,0,0,874,9400
563,W3,4,4,8,8,0,0,0,0,0,0,0,100,100,100,0,0,0,0,100,100,100,100.000000,1600,10816,14.792899,10,10,10,10,432,332,300,32,400,20416,15616,0,0,0,0,432,0,0,0,0,923,9400
564,W3,4,4,8,8,0,0,0,0,0,0,0,100,100,0,0,0,0,0,100,100,0,0.000000,0,10816,0.000000,0,0,0,0,432,332,300,32,400,20416,15616,0,0,0,0,432,0,0,0,0,920,9400
565,W3,4,4,8,8,0,0,0,0,0,0,0,100,100,0,0,0,0,0,100,100,0,0.000000,0,10816,0.000000,0,0,0,0,432,332,300,32,400,20416,15616,0,0,0,0,432,0,0,0,0,869,9400
566,W3,4,4,8,8,0,0,0,0,0,0,0,100,100,0,0,0,0,0,100,100,0,0.000000,0,10816,0.000000,0,0,0,0,432,332,300,32,400,20416,15616,0,0,0,0,432,0,0,0,0,919,9400
567,W3,4,4,8,8,0,0,0,0,0,0,0,100,100,0,0,0,0,0,100,100,0,0.000000,0,10816,0.000000,0,0,0,0,432,332,300,32,400,20416,15616,0,0,0,0,432,0,0,0,0,914,9400
568,W3,4,4,8,8,0,0,0,0,0,0,0,100,100,0,0,0,0,0,100,100,0,0.000000,0,10816,0.000000,0,0,0,0,432,332,300,32,400,20416,15616,0,0,0,0,432,0,0,0,0,896,9400
569,W3,4,4,8,8,0,0,0,0,0,0,0,100,100,0,0,0,0,0,100,100,0,0.000000,0,10816,0.000000,0,0,0,0,432,332,300,32,400,20416,15616,0,0,0,0,432,0,0,0,0,918,9400
570,W3,4,4,8,8,0,0,0,0,0,0,0,100,100,0,0,0,0,0,100,100,0,0.000000,0,10816,0.000000,0,0,0,0,432,332,300,32,400,20416,15616,0,0,0,0,432,0,0,0,0,911,9400
571,W3,4,4,8,8,0,0,0,0,0,0,0,100,100,0,0,0,0,0,100,100,0,0.000000,0,10816,0.000000,0,0,0,0,432,332,300,32,400,20416,15616,0,0,0,0,432,0,0,0,0,918,9400
572,W3,4,4,8,8,0,0,0,0,0,0,0,100,100,100,0,0,0,0,100,100,100,100.000000,1600,10816,14.792899,10,10,10,10,432,332,300,32,400,20416,15616,0,0,0,0,432,0,0,0,0,873,9400
573,W3,4,4,8,8,0,0,0,0,0,0,0,100,100,0,0,0,0,0,100,100,0,0.000000,0,10816,0.000000,0,0,0,0,432,332,300,32,400,20416,15616,0,0,0,0,432,0,0,0,0,951,9400
574,W3,4,4,8,8,0,0,0,0,0,0,0,100,100,0,0,0,0,0,100,100,0,0.000000,0,10816,0.000000,0,0,0,0,432,332,300,32,400,20416,15616,0,0,0,0,432,0,0,0,0,890,9400
575,W3,4,4,8,8,0,0,0,0,0,0,0,100,100,0,0,0,0,0,100,100,0,0.000000,0,10816,0.000000,0,0,0,0,432,332,300,32,400,20416,15616,0,0,0,0,432,0,0,0,0,944,9400
576,W3,4,4,8,8,0,0,0,0,0,0,0,100,100,0,0,0,0,0,100,100,0,0.000000,0,10816,0.000000,0,0,0,0,432,332,300,32,400,20416,15616,0,0,0,0,432,0,0,0,0,909,9400
577,W3,4,4,8,8,0,0,0,0,0,0,0,100,100,0,0,0,0,0,100,100,0,0.000000,0,10816,0.000000,0,0,0,0,432,332,300,32,400,20416,15616,0,0,0,0,432,0,0,0,0,906,9400
578,W3,4,4,8,8,0,0,0,0,0,0,0,100,100,0,0,0,0,0,100,100,0,0.000000,0,10816,0.000000,0,0,0,0,432,332,300,32,400,20416,15616,0,0,0,0,432,0,0,0,0,902,9400
579,W3,4,4,8,8,0,0,0,0,0,0,0,100,100,0,0,0,0,0,100,100,0,0.000000,0,10816,0.000000,0,0,0,0,432,332,300,32,400,20416,15616,0,0,0,0,432,0,0,0,0,927,9400
580,W3,4,4,8,8,0,0,0,0,0,0,0,100,100,0,0,0,0,0,100,100,0,0.000000,0,10816,0.000000,0,0,0,0,432,332,300,32,400,20416,15616,0,0,0,0,432,0,0,0,0,903,9400
581,W3,4,4,8,8,0,0,0,0,0,0,0,100,100,100,0,0,0,0,100,100,100,100.000000,1600,10816,14.792899,10,10,10,10,432,332,300,32,400,20416,15616,0,0,0,0,432,0,0,0,0,898,9400
582,W3,4,4,8,8,0,0,0,0,0,0,0,100,100,0,0,0,0,0,100,100,0,0.000000,0,10816,0.000000,0,0,0,0,432,332,300,32,400,20416,15616,0,0,0,0,432,0,0,0,0,902,9400
583,W3,4,4,8,8,0,0,0,0,0,0,0,100,100,0,0,0,0,0,100,100,0,0.000000,0,10816,0.000000,0,0,0,0,432,332,300,32,400,20416,15616,0,0,0,0,432,0,0,0,0,922,9400
584,W3,4,4,8,8,0,0,0,0,0,0,0,100,100,0,0,0,0,0,100,100,0,0.000000,0,10816,0.000000,0,0,0,0,432,332,300,32,400,20416,15616,0,0,0,0,432,0,0,0,0,933,9400
585,W3,4,4,8,8,0,0,0,0,0,0,0,100,100,0,0,0,0,0,100,100,0,0.000000,0,10816,0.000000,0,0,0,0,432,332,300,32,400,20416,15616,0,0,0,0,432,0,0,0,0,869,9400
586,W3,4,4,8,8,0,0,0,0,0,0,0,100,100,0,0,0,0,0,100,100,0,0.000000,0,10816,0.000000,0,0,0,0,432,332,300,32,400,20416,15616,0,0,0,0,432,0,0,0,0,918,9400
587,W3,4,4,8,8,0,0,0,0,0,0,0,100,100,0,0,0,0,0,100,100,0,0.000000,0,10816,0.000000,0,0,0,0,432,332,300,32,400,20416,15616,0,0,0,0,432,0,0,0,0,932,9400
588,W3,4,4,8,8,0,0,0,0,0,0,0,100,100,0,0,0,0,0,100,100,0,0.000000,0,10816,0.000000,0,0,0,0,432,332,300,32,400,20416,15616,0,0,0,0,432,0,0,0,0,965,9400
589,W3,4,4,8,8,0,0,0,0,0,0,0,100,100,0,0,0,0,0,100,100,0,0.000000,0,10816,0.000000,0,0,0,0,432,332,300,32,400,20416,15616,0,0,0,0,432,0,0,0,0,870,9400
590,W3,4,4,8,8,0,0,0,0,0,0,0,100,100,100,0,0,0,0,100,100,100,100.000000,1600,10816,14.792899,10,10,10,10,432,332,300,32,400,20416,15616,0,0,0,0,432,0,0,0,0,923,9400
591,W3,4,4,8,8,0,0,0,0,0,0,0,100,100,0,0,0,0,0,100,100,0,0.000000,0,10816,0.000000,0,0,0,0,432,332,300,32,400,20416,15616,0,0,0,0,432,0,0,0,0,876,9400
592,W3,4,4,8,8,0,0,0,0,0,0,0,100,100,0,0,0,0,0,100,100,0,0.000000,0,10816,0.000000,0,0,0,0,432,332,300,32,400,20416,15616,0,0,0,0,432,0,0,0,0,887,9400
593,W3,4,4,8,8,0,0,0,0,0,0,0,100,100,0,0,0,0,0,100,100,0,0.000000,0,10816,0.000000,0,0,0,0,432,332,300,32,400,20416,15616,0,0,0,0,432,0,0,0,0,898,9400
594,W3,4,4,8,8,0,0,0,0,0,0,0,100,100,0,0,0,0,0,100,100,0,0.000000,0,10816,0.000000,0,0,0,0,432,332,300,32,400,20416,15616,0,0,0,0,432,0,0,0,0,871,9400
595,W3,4,4,8,8,0,0,0,0,0,0,0,100,100,0,0,0,0,0,100,100,0,0.000000,0,10816,0.000000,0,0,0,0,432,332,300,32,400,20416,15616,0,0,0,0,432,0,0,0,0,888,9400
596,W3,4,4,8,8,0,0,0,0,0,0,0,100,100,0,0,0,0,0,100,100,0,0.000000,0,10816,0.000000,0,0,0,0,432,332,300,32,400,20416,15616,0,0,0,0,432,0,0,0,0,906,9400
597,W3,4,4,8,8,0,0,0,0,0,0,0,100,100,0,0,0,0,0,100,100,0,0.000000,0,10816,0.000000,0,0,0,0,432,332,300,32,400,20416,15616,0,0,0,0,432,0,0,0,0,906,9400
598,W3,4,4,8,8,0,0,0,0,0,0,0,100,100,0,0,0,0,0,100,100,0,0.000000,0,10816,0.000000,0,0,0,0,432,332,300,32,400,20416,15616,0,0,0,0,432,0,0,0,0,915,9400
599,W3,4,4,8,8,0,0,0,0,0,0,0,100,100,100,0,0,0,0,100,100,100,100.000000,1600,10816,14.792899,10,10,10,10,432,332,300,32,400,20416,15616,0,0,0,0,432,0,0,0,0,884,9400
600,W3,4,4,8,8,0,0,0,0,0,0,0,100,100,0,0,0,0,0,100,100,0,0.000000,0,10816,0.000000,0,0,0,0,432,332,300,32,400,20416,15616,0,0,0,0,432,0,0,0,0,982,9400
601,W3,4,4,8,8,0,0,0,0,0,0,0,100,100,0,0,0,0,0,100,100,0,0.000000,0,10816,0.000000,0,0,0,0,432,332,300,32,400,20416,15616,0,0,0,0,432,0,0,0,0,888,9400
602,W3,4,4,8,8,0,0,0,0,0,0,0,100,100,0,0,0,0,0,100,100,0,0.000000,0,10816,0.000000,0,0,0,0,432,332,300,32,400,20416,15616,0,0,0,0,432,0,0,0,0,864,9400
603,W3,4,4,8,8,0,0,0,0,0,0,0,100,100,0,0,0,0,0,100,100,0,0.000000,0,10816,0.000000,0,0,0,0,432,332,300,32,400,20416,15616,0,0,0,0,432,0,0,0,0,916,9400
604,W3,4,4,8,8,0,0,0,0,0,0,0,100,100,0,0,0,0,0,100,100,0,0.000000,0,10816,0.000000,0,0,0,0,432,332,300,32,400,20416,15616,0,0,0,0,432,0,0,0,0,952,9400
605,W3,4,4,8,8,0,0,0,0,0,0,0,100,100,0,0,0,0,0,100,100,0,0.000000,0,10816,0.000000,0,0,0,0,432,332,300,32,400,20416,15616,0,0,0,0,432,0,0,0,0,927,9400
606,W3,4,4,8,8,0,0,0,0,0,0,0,100,100,0,0,0,0,0,100,100,0,0.000000,0,10816,0.000000,0,0,0,0,432,332,300,32,400,20416,15616,0,0,0,0,432,0,0,0,0,937,9400
607,W3,4,4,8,8,0,0,0,0,0,0,0,100,100,0,0,0,0,0,100,100,0,0.000000,0,10816,0.000000,0,0,0,0,432,332,300,32,400,20416,15616,0,0,0,0,432,0,0,0,0,936,9400
608,W3,4,4,8,8,0,0,0,0,0,0,0,100,100,100,0,0,0,0,100,100,100,100.000000,1600,10816,14.792899,10,10,10,10,432,332,300,32,400,20416,15616,0,0,0,0,432,0,0,0,0,938,9400
609,W3,4,4,8,8,0,0,0,0,0,0,0,100,100,0,0,0,0,0,100,100,0,0.000000,0,10816,0.000000,0,0,0,0,432,332,300,32,400,20416,15616,0,0,0,0,432,0,0,0,0,898,9400
610,W3,4,4,8,8,0,0,0,0,0,0,0,100,100,0,0,0,0,0,100,100,0,0.000000,0,10816,0.000000,0,0,0,0,432,332,300,32,400,20416,15616,0,0,0,0,432,0,0,0,0,934,9400
611,W3,4,4,8,8,0,0,0,0,0,0,0,100,100,0,0,0,0,0,100,100,0,0.000000,0,10816,0.000000,0,0,0,0,432,332,300,32,400,20416,15616,0,0,0,0,432,0,0,0,0,974,9400
612,W3,4,4,8,8,0,0,0,0,0,0,0,100,100,0,0,0,0,0,100,100,0,0.000000,0,10816,0.000000,0,0,0,0,432,332,300,32,400,20416,15616,0,0,0,0,432,0,0,0,0,962,9400
613,W3,4,4,8,8,0,0,0,0,0,0,0,100,100,0,0,0,0,0,100,100,0,0.000000,0,10816,0.000000,0,0,0,0,432,332,300,32,400,20416,15616,0,0,0,0,432,0,0,0,0,886,9400
614,W3,4,4,8,8,0,0,0,0,0,0,0,100,100,0,0,0,0,0,100,100,0,0.000000,0,10816,0.000000,0,0,0,0,432,332,300,32,400,20416,15616,0,0,0,0,432,0,0,0,0,866,9400
615,W3,4,4,8,8,0,0,0,0,0,0,0,100,100,0,0,0,0,0,100,100,0,0.000000,0,10816,0.000000,0,0,0,0,432,332,300,32,400,20416,15616,0,0,0,0,432,0,0,0,0,932,9400
616,W3,4,4,8,8,0,0,0,0,0,0,0,100,100,0,0,0,0,0,100,100,0,0.000000,0,10816,0.000000,0,0,0,0,432,332,300,32,400,20416,15616,0,0,0,0,432,0,0,0,0,884,9400
617,W3,4,4,8,8,0,0,0,0,0,0,0,100,100,100,0,0,0,0,100,100,100,100.000000,1600,10816,14.792899,10,10,10,10,432,332,300,32,400,20416,15616,0,0,0,0,432,0,0,0,0,931,9400
618,W3,4,4,8,8,0,0,0,0,0,0,0,100,100,0,0,0,0,0,100,100,0,0.000000,0,10816,0.000000,0,0,0,0,432,332,300,32,400,20416,15616,0,0,0,0,432,0,0,0,0,1008,9400
619,W3,4,4,8,8,0,0,0,0,0,0,0,100,100,0,0,0,0,0,100,100,0,0.000000,0,10816,0.000000,0,0,0,0,432,332,300,32,400,20416,15616,0,0,0,0,432,0,0,0,0,874,9400
620,W3,4,4,8,8,0,0,0,0,0,0,0,100,100,0,0,0,0,0,100,100,0,0.000000,0,10816,0.000000,0,0,0,0,432,332,300,32,400,20416,15616,0,0,0,0,432,0,0,0,0,917,9400
621,W3,4,4,8,8,0,0,0,0,0,0,0,100,100,0,0,0,0,0,100,100,0,0.000000,0,10816,0.000000,0,0,0,0,432,332,300,32,400,20416,15616,0,0,0,0,432,0,0,0,0,872,9400
622,W3,4,4,8,8,0,0,0,0,0,0,0,100,100,0,0,0,0,0,100,100,0,0.000000,0,10816,0.000000,0,0,0,0,432,332,300,32,400,20416,15616,0,0,0,0,432,0,0,0,0,982,9400
623,W3,4,4,8,8,0,0,0,0,0,0,0,100,100,0,0,0,0,0,100,100,0,0.000000,0,10816,0.000000,0,0,0,0,432,332,300,32,400,20416,15616,0,0,0,0,432,0,0,0,0,887,9400
624,W3,4,4,8,8,0,0,0,0,0,0,0,100,100,0,0,0,0,0,100,100,0,0.000000,0,10816,0.000000,0,0,0,0,432,332,300,32,400,20416,15616,0,0,0,0,432,0,0,0,0,883,9400
625,W3,4,4,8,8,0,0,0,0,0,0,0,100,100,0,0,0,0,0,100,100,0,0.000000,0,10816,0.000000,0,0,0,0,432,332,300,32,400,20416,15616,0,0,0,0,432,0,0,0,0,945,9400
626,W3,4,4,8,8,0,0,0,0,0,0,0,100,100,100,0,0,0,0,100,100,100,100.000000,1600,10816,14.792899,10,10,10,10,432,332,300,32,400,20416,15616,0,0,0,0,432,0,0,0,0,886,9400
627,W3,4,4,8,8,0,0,0,0,0,0,0,100,100,0,0,0,0,0,100,100,0,0.000000,0,10816,0.000000,0,0,0,0,432,332,300,32,400,20416,15616,0,0,0,0,432,0,0,0,0,866,9400
628,W3,4,4,8,8,0,0,0,0,0,0,0,100,100,0,0,0,0,0,100,100,0,0.000000,0,10816,0.000000,0,0,0,0,432,332,300,32,400,20416,15616,0,0,0,0,432,0,0,0,0,941,9400
629,W3,4,4,8,8,0,0,0,0,0,0,0,100,100,0,0,0,0,0,100,100,0,0.000000,0,10816,0.000000,0,0,0,0,432,332,300,32,400,20416,15616,0,0,0,0,432,0,0,0,0,887,9400
630,W3,4,4,8,8,0,0,0,0,0,0,0,100,100,0,0,0,0,0,100,100,0,0.000000,0,10816,0.000000,0,0,0,0,432,332,300,32,400,20416,15616,0,0,0,0,432,0,0,0,0,887,9400
631,W3,4,4,8,8,0,0,0,0,0,0,0,100,100,0,0,0,0,0,100,100,0,0.000000,0,10816,0.000000,0,0,0,0,432,332,300,32,400,20416,15616,0,0,0,0,432,0,0,0,0,880,9400
632,W3,4,4,8,8,0,0,0,0,0,0,0,100,100,0,0,0,0,0,100,100,0,0.000000,0,10816,0.000000,0,0,0,0,432,332,300,32,400,20416,15616,0,0,0,0,432,0,0,0,0,935,9400
633,W3,4,4,8,8,0,0,0,0,0,0,0,100,100,0,0,0,0,0,100,100,0,0.000000,0,10816,0.000000,0,0,0,0,432,332,300,32,400,20416,15616,0,0,0,0,432,0,0,0,0,944,9400
634,W3,4,4,8,8,0,0,0,0,0,0,0,100,100,0,0,0,0,0,100,100,0,0.000000,0,10816,0.000000,0,0,0,0,432,332,300,32,400,20416,15616,0,0,0,0,432,0,0,0,0,905,9400
635,W3,4,4,8,8,0,0,0,0,0,0,0,100,100,100,0,0,0,0,100,100,100,100.000000,1600,10816,14.792899,10,10,10,10,432,332,300,32,400,20416,15616,0,0,0,0,432,0,0,0,0,989,9400
636,W3,4,4,8,8,0,0,0,0,0,0,0,100,100,0,0,0,0,0,100,100,0,0.000000,0,10816,0.000000,0,0,0,0,432,332,300,32,400,20416,15616,0,0,0,0,432,0,0,0,0,921,9400
637,W3,4,4,8,8,0,0,0,0,0,0,0,100,100,0,0,0,0,0,100,100,0,0.000000,0,10816,0.000000,0,0,0,0,432,332,300,32,400,20416,15616,0,0,0,0,432,0,0,0,0,974,9400
638,W3,4,4,8,8,0,0,0,0,0,0,0,100,100,0,0,0,0,0,100,100,0,0.000000,0,10816,0.000000,0,0,0,0,432,332,300,32,400,20416,15616,0,0,0,0,432,0,0,0,0,892,9400
639,W3,4,4,8,8,0,0,0,0,0,0,0,100,100,0,0,0,0,0,100,100,0,0.000000,0,10816,0.000000,0,0,0,0,432,332,300,32,400,20416,15616,0,0,0,0,432,0,0,0,0,898,9400
640,W3,4,4,8,8,0,0,0,0,0,0,0,100,100,0,0,0,0,0,100,100,0,0.000000,0,10816,0.000000,0,0,0,0,432,332,300,32,400,20416,15616,0,0,0,0,432,0,0,0,0,916,9400
641,W3,4,4,8,8,0,0,0,0,0,0,0,100,100,0,0,0,0,0,100,100,0,0.000000,0,10816,0.000000,0,0,0,0,432,332,300,32,400,20416,15616,0,0,0,0,432,0,0,0,0,923,9400
642,W3,4,4,8,8,0,0,0,0,0,0,0,100,100,0,0,0,0,0,100,100,0,0.000000,0,10816,0.000000,0,0,0,0,432,332,300,32,400,20416,15616,0,0,0,0,432,0,0,0,0,913,9400
643,W3,4,4,8,8,0,0,0,0,0,0,0,100,100,0,0,0,0,0,100,100,0,0.000000,0,10816,0.000000,0,0,0,0,432,332,300,32,400,20416,15616,0,0,0,0,432,0,0,0,0,924,9400
644,W3,4,4,8,8,0,0,0,0,0,0,0,100,100,100,0,0,0,0,100,100,100,100.000000,1600,10816,14.792899,10,10,10,10,432,332,300,32,400,20416,15616,0,0,0,0,432,0,0,0,0,935,9400
645,W3,4,4,8,8,0,0,0,0,0,0,0,100,100,0,0,0,0,0,100,100,0,0.000000,0,10816,0.000000,0,0,0,0,432,332,300,32,400,20416,15616,0,0,0,0,432,0,0,0,0,887,9400
646,W3,4,4,8,8,0,0,0,0,0,0,0,100,100,0,0,0,0,0,100,100,0,0.000000,0,10816,0.000000,0,0,0,0,432,332,300,32,400,20416,15616,0,0,0,0,432,0,0,0,0,908,9400
647,W3,4,4,8,8,0,0,0,0,0,0,0,100,100,0,0,0,0,0,100,100,0,0.000000,0,10816,0.000000,0,0,0,0,432,332,300,32,400,20416,15616,0,0,0,0,432,0,0,0,0,952,9400
648,W3,4,4,8,8,0,0,0,0,0,0,0,100,100,0,0,0,0,0,100,100,0,0.000000,0,10816,0.000000,0,0,0,0,432,332,300,32,400,20416,15616,0,0,0,0,432,0,0,0,0,876,9400
649,W3,4,4,8,8,0,0,0,0,0,0,0,100,100,0,0,0,0,0,100,100,0,0.000000,0,10816,0.000000,0,0,0,0,432,332,300,32,400,20416,15616,0,0,0,0,432,0,0,0,0,977,9400
650,W3,4,4,8,8,0,0,0,0,0,0,0,100,100,0,0,0,0,0,100,100,0,0.000000,0,10816,0.000000,0,0,0,0,432,332,300,32,400,20416,15616,0,0,0,0,432,0,0,0,0,901,9400
651,W3,4,4,8,8,0,0,0,0,0,0,0,100,100,0,0,0,0,0,100,100,0,0.000000,0,10816,0.000000,0,0,0,0,432,332,300,32,400,20416,15616,0,0,0,0,432,0,0,0,0,897,9400
652,W3,4,4,8,8,0,0,0,0,0,0,0,100,100,0,0,0,0,0,100,100,0,0.000000,0,10816,0.000000,0,0,0,0,432,332,300,32,400,20416,15616,0,0,0,0,432,0,0,0,0,914,9400
653,W3,4,4,8,8,0,0,0,0,0,0,0,100,100,100,0,0,0,0,100,100,100,100.000000,1600,10816,14.792899,10,10,10,10,432,332,300,32,400,20416,15616,0,0,0,0,432,0,0,0,0,956,9400
654,W3,4,4,8,8,0,0,0,0,0,0,0,100,100,0,0,0,0,0,100,100,0,0.000000,0,10816,0.000000,0,0,0,0,432,332,300,32,400,20416,15616,0,0,0,0,432,0,0,0,0,915,9400
655,W3,4,4,8,8,0,0,0,0,0,0,0,100,100,0,0,0,0,0,100,100,0,0.000000,0,10816,0.000000,0,0,0,0,432,332,300,32,400,20416,15616,0,0,0,0,432,0,0,0,0,937,9400
656,W3,4,4,8,8,0,0,0,0,0,0,0,100,100,0,0,0,0,0,100,100,0,0.000000,0,10816,0.000000,0,0,0,0,432,332,300,32,400,20416,15616,0,0,0,0,432,0,0,0,0,927,9400
657,W3,4,4,8,8,0,0,0,0,0,0,0,100,100,0,0,0,0,0,100,100,0,0.000000,0,10816,0.000000,0,0,0,0,432,332,300,32,400,20416,15616,0,0,0,0,432,0,0,0,0,929,9400
658,W3,4,4,8,8,0,0,0,0,0,0,0,100,100,0,0,0,0,0,100,100,0,0.000000,0,10816,0.000000,0,0,0,0,432,332,300,32,400,20416,15616,0,0,0,0,432,0,0,0,0,978,9400
659,W3,4,4,8,8,0,0,0,0,0,0,0,100,100,0,0,0,0,0,100,100,0,0.000000,0,10816,0.000000,0,0,0,0,432,332,300,32,400,20416,15616,0,0,0,0,432,0,0,0,0,883,9400
660,W3,4,4,8,8,0,0,0,0,0,0,0,100,100,0,0,0,0,0,100,100,0,0.000000,0,10816,0.000000,0,0,0,0,432,332,300,32,400,20416,15616,0,0,0,0,432,0,0,0,0,912,9400
661,W3,4,4,8,8,0,0,0,0,0,0,0,100,100,0,0,0,0,0,100,100,0,0.000000,0,10816,0.000000,0,0,0,0,432,332,300,32,400,20416,15616,0,0,0,0,432,0,0,0,0,966,9400
662,W3,4,4,8,8,0,0,0,0,0,0,0,100,100,100,0,0,0,0,100,100,100,100.000000,1600,10816,14.792899,10,10,10,10,432,332,300,32,400,20416,15616,0,0,0,0,432,0,0,0,0,895,9400
663,W3,4,4,8,8,0,0,0,0,0,0,0,100,100,0,0,0,0,0,100,100,0,0.000000,0,10816,0.000000,0,0,0,0,432,332,300,32,400,20416,15616,0,0,0,0,432,0,0,0,0,937,9400
664,W3,4,4,8,8,0,0,0,0,0,0,0,100,100,0,0,0,0,0,100,100,0,0.000000,0,10816,0.000000,0,0,0,0,432,332,300,32,400,20416,15616,0,0,0,0,432,0,0,0,0,996,9400
665,W3,4,4,8,8,0,0,0,0,0,0,0,100,100,0,0,0,0,0,100,100,0,0.000000,0,10816,0.000000,0,0,0,0,432,332,300,32,400,20416,15616,0,0,0,0,432,0,0,0,0,1005,9400
666,W3,4,4,8,8,0,0,0,0,0,0,0,100,100,0,0,0,0,0,100,100,0,0.000000,0,10816,0.000000,0,0,0,0,432,332,300,32,400,20416,15616,0,0,0,0,432,0,0,0,0,882,9400
667,W3,4,4,8,8,0,0,0,0,0,0,0,100,100,0,0,0,0,0,100,100,0,0.000000,0,10816,0.000000,0,0,0,0,432,332,300,32,400,20416,15616,0,0,0,0,432,0,0,0,0,961,9400
668,W3,4,4,8,8,0,0,0,0,0,0,0,100,100,0,0,0,0,0,100,100,0,0.000000,0,10816,0.000000,0,0,0,0,432,332,300,32,400,20416,15616,0,0,0,0,432,0,0,0,0,970,9400
669,W3,4,4,8,8,0,0,0,0,0,0,0,100,100,0,0,0,0,0,100,100,0,0.000000,0,10816,0.000000,0,0,0,0,432,332,300,32,400,20416,15616,0,0,0,0,432,0,0,0,0,922,9400
670,W3,4,4,8,8,0,0,0,0,0,0,0,100,100,0,0,0,0,0,100,100,0,0.000000,0,10816,0.000000,0,0,0,0,432,332,300,32,400,20416,15616,0,0,0,0,432,0,0,0,0,902,9400
671,W3,4,4,8,8,0,0,0,0,0,0,0,100,100,100,0,0,0,0,100,100,100,100.000000,1600,10816,14.792899,10,10,10,10,432,332,300,32,400,20416,15616,0,0,0,0,432,0,0,0,0,911,9400
672,W3,4,4,8,8,0,0,0,0,0,0,0,100,100,0,0,0,0,0,100,100,0,0.000000,0,10816,0.000000,0,0,0,0,432,332,300,32,400,20416,15616,0,0,0,0,432,0,0,0,0,955,9400
673,W3,4,4,8,8,0,0,0,0,0,0,0,100,100,0,0,0,0,0,100,100,0,0.000000,0,10816,0.000000,0,0,0,0,432,332,300,32,400,20416,15616,0,0,0,0,432,0,0,0,0,936,9400
674,W3,4,4,8,8,0,0,0,0,0,0,0,100,100,0,0,0,0,0,100,100,0,0.000000,0,10816,0.000000,0,0,0,0,432,332,300,32,400,20416,15616,0,0,0,0,432,0,0,0,0,885,9400
675,W3,4,4,8,8,0,0,0,0,0,0,0,100,100,0,0,0,0,0,100,100,0,0.000000,0,10816,0.000000,0,0,0,0,432,332,300,32,400,20416,15616,0,0,0,0,432,0,0,0,0,910,9400
676,W3,4,4,8,8,0,0,0,0,0,0,0,100,100,0,0,0,0,0,100,100,0,0.000000,0,10816,0.000000,0,0,0,0,432,332,300,32,400,20416,15616,0,0,0,0,432,0,0,0,0,933,9400
677,W3,4,4,8,8,0,0,0,0,0,0,0,100,100,0,0,0,0,0,100,100,0,0.000000,0,10816,0.000000,0,0,0,0,432,332,300,32,400,20416,15616,0,0,0,0,432,0,0,0,0,938,9400
678,W3,4,4,8,8,0,0,0,0,0,0,0,100,100,0,0,0,0,0,100,100,0,0.000000,0,10816,0.000000,0,0,0,0,432,332,300,32,400,20416,15616,0,0,0,0,432,0,0,0,0,913,9400
679,W3,4,4,8,8,0,0,0,0,0,0,0,100,100,0,0,0,0,0,100,100,0,0.000000,0,10816,0.000000,0,0,0,0,432,332,300,32,400,20416,15616,0,0,0,0,432,0,0,0,0,1009,9400
680,W3,4,4,8,8,0,0,0,0,0,0,0,100,100,100,0,0,0,0,100,100,100,100.000000,1600,10816,14.792899,10,10,10,10,432,332,300,32,400,20416,15616,0,0,0,0,432,0,0,0,0,942,9400
681,W3,4,4,8,8,0,0,0,0,0,0,0,100,100,0,0,0,0,0,100,100,0,0.000000,0,10816,0.000000,0,0,0,0,432,332,300,32,400,20416,15616,0,0,0,0,432,0,0,0,0,892,9400
682,W3,4,4,8,8,0,0,0,0,0,0,0,100,100,0,0,0,0,0,100,100,0,0.000000,0,10816,0.000000,0,0,0,0,432,332,300,32,400,20416,15616,0,0,0,0,432,0,0,0,0,930,9400
683,W3,4,4,8,8,0,0,0,0,0,0,0,100,100,0,0,0,0,0,100,100,0,0.000000,0,10816,0.000000,0,0,0,0,432,332,300,32,400,20416,15616,0,0,0,0,432,0,0,0,0,928,9400
684,W3,4,4,8,8,0,0,0,0,0,0,0,100,100,0,0,0,0,0,100,100,0,0.000000,0,10816,0.000000,0,0,0,0,432,332,300,32,400,20416,15616,0,0,0,0,432,0,0,0,0,929,9400
685,W3,4,4,8,8,0,0,0,0,0,0,0,100,100,0,0,0,0,0,100,100,0,0.000000,0,10816,0.000000,0,0,0,0,432,332,300,32,400,20416,15616,0,0,0,0,432,0,0,0,0,931,9400
686,W3,4,4,8,8,0,0,0,0,0,0,0,100,100,0,0,0,0,0,100,100,0,0.000000,0,10816,0.000000,0,0,0,0,432,332,300,32,400,20416,15616,0,0,0,0,432,0,0,0,0,933,9400
687,W3,4,4,8,8,0,0,0,0,0,0,0,100,100,0,0,0,0,0,100,100,0,0.000000,0,10816,0.000000,0,0,0,0,432,332,300,32,400,20416,15616,0,0,0,0,432,0,0,0,0,910,9400
688,W3,4,4,8,8,0,0,0,0,0,0,0,100,100,0,0,0,0,0,100,100,0,0.000000,0,10816,0.000000,0,0,0,0,432,332,300,32,400,20416,15616,0,0,0,0,432,0,0,0,0,915,9400
689,W3,4,4,8,8,0,0,0,0,0,0,0,100,100,100,0,0,0,0,100,100,100,100.000000,1600,10816,14.792899,10,10,10,10,432,332,300,32,400,20416,15616,0,0,0,0,432,0,0,0,0,899,9400
690,W3,4,4,8,8,0,0,0,0,0,0,0,100,100,0,0,0,0,0,100,100,0,0.000000,0,10816,0.000000,0,0,0,0,432,332,300,32,400,20416,15616,0,0,0,0,432,0,0,0,0,963,9400
691,W3,4,4,8,8,0,0,0,0,0,0,0,100,100,0,0,0,0,0,100,100,0,0.000000,0,10816,0.000000,0,0,0,0,432,332,300,32,400,20416,15616,0,0,0,0,432,0,0,0,0,969,9400
692,W3,4,4,8,8,0,0,0,0,0,0,0,100,100,0,0,0,0,0,100,100,0,0.000000,0,10816,0.000000,0,0,0,0,432,332,300,32,400,20416,15616,0,0,0,0,432,0,0,0,0,931,9400
693,W3,4,4,8,8,0,0,0,0,0,0,0,100,100,0,0,0,0,0,100,100,0,0.000000,0,10816,0.000000,0,0,0,0,432,332,300,32,400,20416,15616,0,0,0,0,432,0,0,0,0,884,9400
694,W3,4,4,8,8,0,0,0,0,0,0,0,100,100,0,0,0,0,0,100,100,0,0.000000,0,10816,0.000000,0,0,0,0,432,332,300,32,400,20416,15616,0,0,0,0,432,0,0,0,0,980,9400
695,W3,4,4,8,8,0,0,0,0,0,0,0,100,100,0,0,0,0,0,100,100,0,0.000000,0,10816,0.000000,0,0,0,0,432,332,300,32,400,20416,15616,0,0,0,0,432,0,0,0,0,896,9400
696,W3,4,4,8,8,0,0,0,0,0,0,0,100,100,0,0,0,0,0,100,100,0,0.000000,0,10816,0.000000,0,0,0,0,432,332,300,32,400,20416,15616,0,0,0,0,432,0,0,0,0,906,9400
697,W3,4,4,8,8,0,0,0,0,0,0,0,100,100,0,0,0,0,0,100,100,0,0.000000,0,10816,0.000000,0,0,0,0,432,332,300,32,400,20416,15616,0,0,0,0,432,0,0,0,0,959,9400
698,W3,4,4,8,8,0,0,0,0,0,0,0,100,100,100,0,0,0,0,100,100,100,100.000000,1600,10816,14.792899,10,10,10,10,432,332,300,32,400,20416,15616,0,0,0,0,432,0,0,0,0,960,9400
699,W3,4,4,8,8,0,0,0,0,0,0,0,100,100,0,0,0,0,0,100,100,0,0.000000,0,10816,0.000000,0,0,0,0,432,332,300,32,400,20416,15616,0,0,0,0,432,0,0,0,0,894,9400
700,W3,4,4,8,8,0,0,0,0,0,0,0,100,100,0,0,0,0,0,100,100,0,0.000000,0,10816,0.000000,0,0,0,0,432,332,300,32,400,20416,15616,0,0,0,0,432,0,0,0,0,898,9400
701,W3,4,4,8,8,0,0,0,0,0,0,0,100,100,0,0,0,0,0,100,100,0,0.000000,0,10816,0.000000,0,0,0,0,432,332,300,32,400,20416,15616,0,0,0,0,432,0,0,0,0,973,9400
702,W3,4,4,8,8,0,0,0,0,0,0,0,100,100,0,0,0,0,0,100,100,0,0.000000,0,10816,0.000000,0,0,0,0,432,332,300,32,400,20416,15616,0,0,0,0,432,0,0,0,0,928,9400
703,W3,4,4,8,8,0,0,0,0,0,0,0,100,100,0,0,0,0,0,100,100,0,0.000000,0,10816,0.000000,0,0,0,0,432,332,300,32,400,20416,15616,0,0,0,0,432,0,0,0,0,969,9400
704,W3,4,4,8,8,0,0,0,0,0,0,0,100,100,0,0,0,0,0,100,100,0,0.000000,0,10816,0.000000,0,0,0,0,432,332,300,32,400,20416,15616,0,0,0,0,432,0,0,0,0,918,9400
705,W3,4,4,8,8,0,0,0,0,0,0,0,100,100,0,0,0,0,0,100,100,0,0.000000,0,10816,0.000000,0,0,0,0,432,332,300,32,400,20416,15616,0,0,0,0,432,0,0,0,0,947,9400
706,W3,4,4,8,8,0,0,0,0,0,0,0,100,100,0,0,0,0,0,100,100,0,0.000000,0,10816,0.000000,0,0,0,0,432,332,300,32,400,20416,15616,0,0,0,0,432,0,0,0,0,893,9400
707,W3,4,4,8,8,0,0,0,0,0,0,0,100,100,100,0,0,0,0,100,100,100,100.000000,1600,10816,14.792899,10,10,10,10,432,332,300,32,400,20416,15616,0,0,0,0,432,0,0,0,0,887,9400
708,W3,4,4,8,8,0,0,0,0,0,0,0,100,100,0,0,0,0,0,100,100,0,0.000000,0,10816,0.000000,0,0,0,0,432,332,300,32,400,20416,15616,0,0,0,0,432,0,0,0,0,901,9400
709,W3,4,4,8,8,0,0,0,0,0,0,0,100,100,0,0,0,0,0,100,100,0,0.000000,0,10816,0.000000,0,0,0,0,432,332,300,32,400,20416,15616,0,0,0,0,432,0,0,0,0,898,9400
710,W3,4,4,8,8,0,0,0,0,0,0,0,100,100,0,0,0,0,0,100,100,0,0.000000,0,10816,0.000000,0,0,0,0,432,332,300,32,400,20416,15616,0,0,0,0,432,0,0,0,0,880,9400
711,W3,4,4,8,8,0,0,0,0,0,0,0,100,100,0,0,0,0,0,100,100,0,0.000000,0,10816,0.000000,0,0,0,0,432,332,300,32,400,20416,15616,0,0,0,0,432,0,0,0,0,887,9400
712,W3,4,4,8,8,0,0,0,0,0,0,0,100,100,0,0,0,0,0,100,100,0,0.000000,0,10816,0.000000,0,0,0,0,432,332,300,32,400,20416,15616,0,0,0,0,432,0,0,0,0,897,9400
713,W3,4,4,8,8,0,0,0,0,0,0,0,100,100,0,0,0,0,0,100,100,0,0.000000,0,10816,0.000000,0,0,0,0,432,332,300,32,400,20416,15616,0,0,0,0,432,0,0,0,0,872,9400
714,W3,4,4,8,8,0,0,0,0,0,0,0,100,100,0,0,0,0,0,100,100,0,0.000000,0,10816,0.000000,0,0,0,0,432,332,300,32,400,20416,15616,0,0,0,0,432,0,0,0,0,907,9400
715,W3,4,4,8,8,0,0,0,0,0,0,0,100,100,0,0,0,0,0,100,100,0,0.000000,0,10816,0.000000,0,0,0,0,432,332,300,32,400,20416,15616,0,0,0,0,432,0,0,0,0,940,9400
716,W3,4,4,8,8,0,0,0,0,0,0,0,100,100,100,0,0,0,0,100,100,100,100.000000,1600,10816,14.792899,10,10,10,10,432,332,300,32,400,20416,15616,0,0,0,0,432,0,0,0,0,919,9400
717,W3,4,4,8,8,0,0,0,0,0,0,0,100,100,0,0,0,0,0,100,100,0,0.000000,0,10816,0.000000,0,0,0,0,432,332,300,32,400,20416,15616,0,0,0,0,432,0,0,0,0,939,9400
718,W3,4,4,8,8,0,0,0,0,0,0,0,100,100,0,0,0,0,0,100,100,0,0.000000,0,10816,0.000000,0,0,0,0,432,332,300,32,400,20416,15616,0,0,0,0,432,0,0,0,0,906,9400
719,W3,4,4,8,8,0,0,0,0,0,0,0,100,100,0,0,0,0,0,100,100,0,0.000000,0,10816,0.000000,0,0,0,0,432,332,300,32,400,20416,15616,0,0,0,0,432,0,0,0,0,902,9400
720,W3,4,4,8,8,0,0,0,0,0,0,0,100,100,0,0,0,0,0,100,100,0,0.000000,0,10816,0.000000,0,0,0,0,432,332,300,32,400,20416,15616,0,0,0,0,432,0,0,0,0,919,9400
721,W3,4,4,8,8,0,0,0,0,0,0,0,100,100,0,0,0,0,0,100,100,0,0.000000,0,10816,0.000000,0,0,0,0,432,332,300,32,400,20416,15616,0,0,0,0,432,0,0,0,0,894,9400
722,W3,4,4,8,8,0,0,0,0,0,0,0,100,100,0,0,0,0,0,100,100,0,0.000000,0,10816,0.000000,0,0,0,0,432,332,300,32,400,20416,15616,0,0,0,0,432,0,0,0,0,896,9400
723,W3,4,4,8,8,0,0,0,0,0,0,0,100,100,0,0,0,0,0,100,100,0,0.000000,0,10816,0.000000,0,0,0,0,432,332,300,32,400,20416,15616,0,0,0,0,432,0,0,0,0,912,9400
724,W3,4,4,8,8,0,0,0,0,0,0,0,100,100,0,0,0,0,0,100,100,0,0.000000,0,10816,0.000000,0,0,0,0,432,332,300,32,400,20416,15616,0,0,0,0,432,0,0,0,0,907,9400
725,W3,4,4,8,8,0,0,0,0,0,0,0,100,100,100,0,0,0,0,100,100,100,100.000000,1600,10816,14.792899,10,10,10,10,432,332,300,32,400,20416,15616,0,0,0,0,432,0,0,0,0,959,9400
726,W3,4,4,8,8,0,0,0,0,0,0,0,100,100,0,0,0,0,0,100,100,0,0.000000,0,10816,0.000000,0,0,0,0,432,332,300,32,400,20416,15616,0,0,0,0,432,0,0,0,0,945,9400
727,W3,4,4,8,8,0,0,0,0,0,0,0,100,100,0,0,0,0,0,100,100,0,0.000000,0,10816,0.000000,0,0,0,0,432,332,300,32,400,20416,15616,0,0,0,0,432,0,0,0,0,897,9400
728,W3,4,4,8,8,0,0,0,0,0,0,0,100,100,0,0,0,0,0,100,100,0,0.000000,0,10816,0.000000,0,0,0,0,432,332,300,32,400,20416,15616,0,0,0,0,432,0,0,0,0,931,9400
729,W3,4,4,8,8,0,0,0,0,0,0,0,100,100,0,0,0,0,0,100,100,0,0.000000,0,10816,0.000000,0,0,0,0,432,332,300,32,400,20416,15616,0,0,0,0,432,0,0,0,0,880,9400
730,W3,4,4,8,8,0,0,0,0,0,0,0,100,100,0,0,0,0,0,100,100,0,0.000000,0,10816,0.000000,0,0,0,0,432,332,300,32,400,20416,15616,0,0,0,0,432,0,0,0,0,904,9400
731,W3,4,4,8,8,0,0,0,0,0,0,0,100,100,0,0,0,0,0,100,100,0,0.000000,0,10816,0.000000,0,0,0,0,432,332,300,32,400,20416,15616,0,0,0,0,432,0,0,0,0,965,9400
732,W3,4,4,8,8,0,0,0,0,0,0,0,100,100,0,0,0,0,0,100,100,0,0.000000,0,10816,0.000000,0,0,0,0,432,332,300,32,400,20416,15616,0,0,0,0,432,0,0,0,0,981,9400
733,W3,4,4,8,8,0,0,0,0,0,0,0,100,100,0,0,0,0,0,100,100,0,0.000000,0,10816,0.000000,0,0,0,0,432,332,300,32,400,20416,15616,0,0,0,0,432,0,0,0,0,947,9400
734,W3,4,4,8,8,0,0,0,0,0,0,0,100,100,100,0,0,0,0,100,100,100,100.000000,1600,10816,14.792899,10,10,10,10,432,332,300,32,400,20416,15616,0,0,0,0,432,0,0,0,0,886,9400
735,W3,4,4,8,8,0,0,0,0,0,0,0,100,100,0,0,0,0,0,100,100,0,0.000000,0,10816,0.000000,0,0,0,0,432,332,300,32,400,20416,15616,0,0,0,0,432,0,0,0,0,889,9400
736,W3,4,4,8,8,0,0,0,0,0,0,0,100,100,0,0,0,0,0,100,100,0,0.000000,0,10816,0.000000,0,0,0,0,432,332,300,32,400,20416,15616,0,0,0,0,432,0,0,0,0,962,9400
737,W3,4,4,8,8,0,0,0,0,0,0,0,100,100,0,0,0,0,0,100,100,0,0.000000,0,10816,0.000000,0,0,0,0,432,332,300,32,400,20416,15616,0,0,0,0,432,0,0,0,0,931,9400
738,W3,4,4,8,8,0,0,0,0,0,0,0,100,100,0,0,0,0,0,100,100,0,0.000000,0,10816,0.000000,0,0,0,0,432,332,300,32,400,20416,15616,0,0,0,0,432,0,0,0,0,886,9400
739,W3,4,4,8,8,0,0,0,0,0,0,0,100,100,0,0,0,0,0,100,100,0,0.000000,0,10816,0.000000,0,0,0,0,432,332,300,32,400,20416,15616,0,0,0,0,432,0,0,0,0,907,9400
740,W3,4,4,8,8,0,0,0,0,0,0,0,100,100,0,0,0,0,0,100,100,0,0.000000,0,10816,0.000000,0,0,0,0,432,332,300,32,400,20416,15616,0,0,0,0,432,0,0,0,0,901,9400
741,W3,4,4,8,8,0,0,0,0,0,0,0,100,100,0,0,0,0,0,100,100,0,0.000000,0,10816,0.000000,0,0,0,0,432,332,300,32,400,20416,15616,0,0,0,0,432,0,0,0,0,874,9400
742,W3,4,4,8,8,0,0,0,0,0,0,0,100,100,0,0,0,0,0,100,100,0,0.000000,0,10816,0.000000,0,0,0,0,432,332,300,32,400,20416,15616,0,0,0,0,432,0,0,0,0,869,9400
743,W3,4,4,8,8,0,0,0,0,0,0,0,100,100,100,0,0,0,0,100,100,100,100.000000,1600,10816,14.792899,10,10,10,10,432,332,300,32,400,20416,15616,0,0,0,0,432,0,0,0,0,935,9400
744,W3,4,4,8,8,0,0,0,0,0,0,0,100,100,0,0,0,0,0,100,100,0,0.000000,0,10816,0.000000,0,0,0,0,432,332,300,32,400,20416,15616,0,0,0,0,432,0,0,0,0,948,9400
745,W3,4,4,8,8,0,0,0,0,0,0,0,100,100,0,0,0,0,0,100,100,0,0.000000,0,10816,0.000000,0,0,0,0,432,332,300,32,400,20416,15616,0,0,0,0,432,0,0,0,0,907,9400
746,W3,4,4,8,8,0,0,0,0,0,0,0,100,100,0,0,0,0,0,100,100,0,0.000000,0,10816,0.000000,0,0,0,0,432,332,300,32,400,20416,15616,0,0,0,0,432,0,0,0,0,942,9400
747,W3,4,4,8,8,0,0,0,0,0,0,0,100,100,0,0,0,0,0,100,100,0,0.000000,0,10816,0.000000,0,0,0,0,432,332,300,32,400,20416,15616,0,0,0,0,432,0,0,0,0,885,9400
748,W3,4,4,8,8,0,0,0,0,0,0,0,100,100,0,0,0,0,0,100,100,0,0.000000,0,10816,0.000000,0,0,0,0,432,332,300,32,400,20416,15616,0,0,0,0,432,0,0,0,0,880,9400
749,W3,4,4,8,8,0,0,0,0,0,0,0,100,100,0,0,0,0,0,100,100,0,0.000000,0,10816,0.000000,0,0,0,0,432,332,300,32,400,20416,15616,0,0,0,0,432,0,0,0,0,890,9400
750,W3,4,4,8,8,0,0,0,0,0,0,0,100,100,0,0,0,0,0,100,100,0,0.000000,0,10816,0.000000,0,0,0,0,432,332,300,32,400,20416,15616,0,0,0,0,432,0,0,0,0,880,9400
751,W3,4,4,8,8,0,0,0,0,0,0,0,100,100,0,0,0,0,0,100,100,0,0.000000,0,10816,0.000000,0,0,0,0,432,332,300,32,400,20416,15616,0,0,0,0,432,0,0,0,0,927,9400
752,W3,4,4,8,8,0,0,0,0,0,0,0,100,100,100,0,0,0,0,100,100,100,100.000000,1600,10816,14.792899,10,10,10,10,432,332,300,32,400,20416,15616,0,0,0,0,432,0,0,0,0,918,9400
753,W3,4,4,8,8,0,0,0,0,0,0,0,100,100,0,0,0,0,0,100,100,0,0.000000,0,10816,0.000000,0,0,0,0,432,332,300,32,400,20416,15616,0,0,0,0,432,0,0,0,0,918,9400
754,W3,4,4,8,8,0,0,0,0,0,0,0,100,100,0,0,0,0,0,100,100,0,0.000000,0,10816,0.000000,0,0,0,0,432,332,300,32,400,20416,15616,0,0,0,0,432,0,0,0,0,915,9400
755,W3,4,4,8,8,0,0,0,0,0,0,0,100,100,0,0,0,0,0,100,100,0,0.000000,0,10816,0.000000,0,0,0,0,432,332,300,32,400,20416,15616,0,0,0,0,432,0,0,0,0,923,9400
756,W3,4,4,8,8,0,0,0,0,0,0,0,100,100,0,0,0,0,0,100,100,0,0.000000,0,10816,0.000000,0,0,0,0,432,332,300,32,400,20416,15616,0,0,0,0,432,0,0,0,0,903,9400
757,W3,4,4,8,8,0,0,0,0,0,0,0,100,100,0,0,0,0,0,100,100,0,0.000000,0,10816,0.000000,0,0,0,0,432,332,300,32,400,20416,15616,0,0,0,0,432,0,0,0,0,910,9400
758,W3,4,4,8,8,0,0,0,0,0,0,0,100,100,0,0,0,0,0,100,100,0,0.000000,0,10816,0.000000,0,0,0,0,432,332,300,32,400,20416,15616,0,0,0,0,432,0,0,0,0,962,9400
759,W3,4,4,8,8,0,0,0,0,0,0,0,100,100,0,0,0,0,0,100,100,0,0.000000,0,10816,0.000000,0,0,0,0,432,332,300,32,400,20416,15616,0,0,0,0,432,0,0,0,0,890,9400
760,W3,4,4,8,8,0,0,0,0,0,0,0,100,100,0,0,0,0,0,100,100,0,0.000000,0,10816,0.000000,0,0,0,0,432,332,300,32,400,20416,15616,0,0,0,0,432,0,0,0,0,896,9400
761,W3,4,4,8,8,0,0,0,0,0,0,0,100,100,100,0,0,0,0,100,100,100,100.000000,1600,10816,14.792899,10,10,10,10,432,332,300,32,400,20416,15616,0,0,0,0,432,0,0,0,0,910,9400
762,W3,4,4,8,8,0,0,0,0,0,0,0,100,100,0,0,0,0,0,100,100,0,0.000000,0,10816,0.000000,0,0,0,0,432,332,300,32,400,20416,15616,0,0,0,0,432,0,0,0,0,945,9400
763,W3,4,4,8,8,0,0,0,0,0,0,0,100,100,0,0,0,0,0,100,100,0,0.000000,0,10816,0.000000,0,0,0,0,432,332,300,32,400,20416,15616,0,0,0,0,432,0,0,0,0,963,9400
764,W3,4,4,8,8,0,0,0,0,0,0,0,100,100,0,0,0,0,0,100,100,0,0.000000,0,10816,0.000000,0,0,0,0,432,332,300,32,400,20416,15616,0,0,0,0,432,0,0,0,0,896,9400
765,W3,4,4,8,8,0,0,0,0,0,0,0,100,100,0,0,0,0,0,100,100,0,0.000000,0,10816,0.000000,0,0,0,0,432,332,300,32,400,20416,15616,0,0,0,0,432,0,0,0,0,878,9400
766,W3,4,4,8,8,0,0,0,0,0,0,0,100,100,0,0,0,0,0,100,100,0,0.000000,0,10816,0.000000,0,0,0,0,432,332,300,32,400,20416,15616,0,0,0,0,432,0,0,0,0,899,9400
767,W3,4,4,8,8,0,0,0,0,0,0,0,100,100,0,0,0,0,0,100,100,0,0.000000,0,10816,0.000000,0,0,0,0,432,332,300,32,400,20416,15616,0,0,0,0,432,0,0,0,0,902,9400
768,W3,4,4,8,8,0,0,0,0,0,0,0,100,100,0,0,0,0,0,100,100,0,0.000000,0,10816,0.000000,0,0,0,0,432,332,300,32,400,20416,15616,0,0,0,0,432,0,0,0,0,877,9400
769,W3,4,4,8,8,0,0,0,0,0,0,0,100,100,0,0,0,0,0,100,100,0,0.000000,0,10816,0.000000,0,0,0,0,432,332,300,32,400,20416,15616,0,0,0,0,432,0,0,0,0,889,9400
770,W3,4,4,8,8,0,0,0,0,0,0,0,100,100,100,0,0,0,0,100,100,100,100.000000,1600,10816,14.792899,10,10,10,10,432,332,300,32,400,20416,15616,0,0,0,0,432,0,0,0,0,901,9400
771,W3,4,4,8,8,0,0,0,0,0,0,0,100,100,0,0,0,0,0,100,100,0,0.000000,0,10816,0.000000,0,0,0,0,432,332,300,32,400,20416,15616,0,0,0,0,432,0,0,0,0,898,9400
772,W3,4,4,8,8,0,0,0,0,0,0,0,100,100,0,0,0,0,0,100,100,0,0.000000,0,10816,0.000000,0,0,0,0,432,332,300,32,400,20416,15616,0,0,0,0,432,0,0,0,0,940,9400
773,W3,4,4,8,8,0,0,0,0,0,0,0,100,100,0,0,0,0,0,100,100,0,0.000000,0,10816,0.000000,0,0,0,0,432,332,300,32,400,20416,15616,0,0,0,0,432,0,0,0,0,868,9400
774,W3,4,4,8,8,0,0,0,0,0,0,0,100,100,0,0,0,0,0,100,100,0,0.000000,0,10816,0.000000,0,0,0,0,432,332,300,32,400,20416,15616,0,0,0,0,432,0,0,0,0,884,9400
775,W3,4,4,8,8,0,0,0,0,0,0,0,100,100,0,0,0,0,0,100,100,0,0.000000,0,10816,0.000000,0,0,0,0,432,332,300,32,400,20416,15616,0,0,0,0,432,0,0,0,0,894,9400
776,W3,4,4,8,8,0,0,0,0,0,0,0,100,100,0,0,0,0,0,100,100,0,0.000000,0,10816,0.000000,0,0,0,0,432,332,300,32,400,20416,15616,0,0,0,0,432,0,0,0,0,931,9400
777,W3,4,4,8,8,0,0,0,0,0,0,0,100,100,0,0,0,0,0,100,100,0,0.000000,0,10816,0.000000,0,0,0,0,432,332,300,32,400,20416,15616,0,0,0,0,432,0,0,0,0,860,9400
778,W3,4,4,8,8,0,0,0,0,0,0,0,100,100,0,0,0,0,0,100,100,0,0.000000,0,10816,0.000000,0,0,0,0,432,332,300,32,400,20416,15616,0,0,0,0,432,0,0,0,0,886,9400
779,W3,4,4,8,8,0,0,0,0,0,0,0,100,100,100,0,0,0,0,100,100,100,100.000000,1600,10816,14.792899,10,10,10,10,432,332,300,32,400,20416,15616,0,0,0,0,432,0,0,0,0,940,9400
780,W3,4,4,8,8,0,0,0,0,0,0,0,100,100,0,0,0,0,0,100,100,0,0.000000,0,10816,0.000000,0,0,0,0,432,332,300,32,400,20416,15616,0,0,0,0,432,0,0,0,0,929,9400
781,W3,4,4,8,8,0,0,0,0,0,0,0,100,100,0,0,0,0,0,100,100,0,0.000000,0,10816,0.000000,0,0,0,0,432,332,300,32,400,20416,15616,0,0,0,0,432,0,0,0,0,912,9400
782,W3,4,4,8,8,0,0,0,0,0,0,0,100,100,0,0,0,0,0,100,100,0,0.000000,0,10816,0.000000,0,0,0,0,432,332,300,32,400,20416,15616,0,0,0,0,432,0,0,0,0,938,9400
783,W3,4,4,8,8,0,0,0,0,0,0,0,100,100,0,0,0,0,0,100,100,0,0.000000,0,10816,0.000000,0,0,0,0,432,332,300,32,400,20416,15616,0,0,0,0,432,0,0,0,0,888,9400
784,W3,4,4,8,8,0,0,0,0,0,0,0,100,100,0,0,0,0,0,100,100,0,0.000000,0,10816,0.000000,0,0,0,0,432,332,300,32,400,20416,15616,0,0,0,0,432,0,0,0,0,905,9400
785,W3,4,4,8,8,0,0,0,0,0,0,0,100,100,0,0,0,0,0,100,100,0,0.000000,0,10816,0.000000,0,0,0,0,432,332,300,32,400,20416,15616,0,0,0,0,432,0,0,0,0,910,9400
786,W3,4,4,8,8,0,0,0,0,0,0,0,100,100,0,0,0,0,0,100,100,0,0.000000,0,10816,0.000000,0,0,0,0,432,332,300,32,400,20416,15616,0,0,0,0,432,0,0,0,0,931,9400
787,W3,4,4,8,8,0,0,0,0,0,0,0,100,100,0,0,0,0,0,100,100,0,0.000000,0,10816,0.000000,0,0,0,0,432,332,300,32,400,20416,15616,0,0,0,0,432,0,0,0,0,947,9400
788,W3,4,4,8,8,0,0,0,0,0,0,0,100,100,100,0,0,0,0,100,100,100,100.000000,1600,10816,14.792899,10,10,10,10,432,332,300,32,400,20416,15616,0,0,0,0,432,0,0,0,0,892,9400
789,W3,4,4,8,8,0,0,0,0,0,0,0,100,100,0,0,0,0,0,100,100,0,0.000000,0,10816,0.000000,0,0,0,0,432,332,300,32,400,20416,15616,0,0,0,0,432,0,0,0,0,895,9400
790,W3,4,4,8,8,0,0,0,0,0,0,0,100,100,0,0,0,0,0,100,100,0,0.000000,0,10816,0.000000,0,0,0,0,432,332,300,32,400,20416,15616,0,0,0,0,432,0,0,0,0,901,9400
791,W3,4,4,8,8,0,0,0,0,0,0,0,100,100,0,0,0,0,0,100,100,0,0.000000,0,10816,0.000000,0,0,0,0,432,332,300,32,400,20416,15616,0,0,0,0,432,0,0,0,0,899,9400
792,W3,4,4,8,8,0,0,0,0,0,0,0,100,100,0,0,0,0,0,100,100,0,0.000000,0,10816,0.000000,0,0,0,0,432,332,300,32,400,20416,15616,0,0,0,0,432,0,0,0,0,864,9400
793,W3,4,4,8,8,0,0,0,0,0,0,0,100,100,0,0,0,0,0,100,100,0,0.000000,0,10816,0.000000,0,0,0,0,432,332,300,32,400,20416,15616,0,0,0,0,432,0,0,0,0,914,9400
794,W3,4,4,8,8,0,0,0,0,0,0,0,100,100,0,0,0,0,0,100,100,0,0.000000,0,10816,0.000000,0,0,0,0,432,332,300,32,400,20416,15616,0,0,0,0,432,0,0,0,0,893,9400
795,W3,4,4,8,8,0,0,0,0,0,0,0,100,100,0,0,0,0,0,100,100,0,0.000000,0,10816,0.000000,0,0,0,0,432,332,300,32,400,20416,15616,0,0,0,0,432,0,0,0,0,853,9400
796,W3,4,4,8,8,0,0,0,0,0,0,0,100,100,0,0,0,0,0,100,100,0,0.000000,0,10816,0.000000,0,0,0,0,432,332,300,32,400,20416,15616,0,0,0,0,432,0,0,0,0,888,9400
797,W3,4,4,8,8,0,0,0,0,0,0,0,100,100,100,0,0,0,0,100,100,100,100.000000,1600,10816,14.792899,10,10,10,10,432,332,300,32,400,20416,15616,0,0,0,0,432,0,0,0,0,883,9400
798,W3,4,4,8,8,0,0,0,0,0,0,0,100,100,0,0,0,0,0,100,100,0,0.000000,0,10816,0.000000,0,0,0,0,432,332,300,32,400,20416,15616,0,0,0,0,432,0,0,0,0,948,9400
799,W3,4,4,8,8,0,0,0,0,0,0,0,100,100,0,0,0,0,0,100,100,0,0.000000,0,10816,0.000000,0,0,0,0,432,332,300,32,400,20416,15616,0,0,0,0,432,0,0,0,0,926,9400
800,W3,4,4,8,8,0,0,0,0,0,0,0,100,100,0,0,0,0,0,100,100,0,0.000000,0,10816,0.000000,0,0,0,0,432,332,300,32,400,20416,15616,0,0,0,0,432,0,0,0,0,867,9400
801,W3,4,4,8,8,0,0,0,0,0,0,0,100,100,0,0,0,0,0,100,100,0,0.000000,0,10816,0.000000,0,0,0,0,432,332,300,32,400,20416,15616,0,0,0,0,432,0,0,0,0,867,9400
802,W3,4,4,8,8,0,0,0,0,0,0,0,100,100,0,0,0,0,0,100,100,0,0.000000,0,10816,0.000000,0,0,0,0,432,332,300,32,400,20416,15616,0,0,0,0,432,0,0,0,0,894,9400
803,W3,4,4,8,8,0,0,0,0,0,0,0,100,100,0,0,0,0,0,100,100,0,0.000000,0,10816,0.000000,0,0,0,0,432,332,300,32,400,20416,15616,0,0,0,0,432,0,0,0,0,893,9400
804,W3,4,4,8,8,0,0,0,0,0,0,0,100,100,0,0,0,0,0,100,100,0,0.000000,0,10816,0.000000,0,0,0,0,432,332,300,32,400,20416,15616,0,0,0,0,432,0,0,0,0,930,9400
805,W3,4,4,8,8,0,0,0,0,0,0,0,100,100,0,0,0,0,0,100,100,0,0.000000,0,10816,0.000000,0,0,0,0,432,332,300,32,400,20416,15616,0,0,0,0,432,0,0,0,0,865,9400
806,W3,4,4,8,8,0,0,0,0,0,0,0,100,100,100,0,0,0,0,100,100,100,100.000000,1600,10816,14.792899,10,10,10,10,432,332,300,32,400,20416,15616,0,0,0,0,432,0,0,0,0,945,9400
807,W3,4,4,8,8,0,0,0,0,0,0,0,100,100,0,0,0,0,0,100,100,0,0.000000,0,10816,0.000000,0,0,0,0,432,332,300,32,400,20416,15616,0,0,0,0,432,0,0,0,0,900,9400
808,W3,4,4,8,8,0,0,0,0,0,0,0,100,100,0,0,0,0,0,100,100,0,0.000000,0,10816,0.000000,0,0,0,0,432,332,300,32,400,20416,15616,0,0,0,0,432,0,0,0,0,913,9400
809,W3,4,4,8,8,0,0,0,0,0,0,0,100,100,0,0,0,0,0,100,100,0,0.000000,0,10816,0.000000,0,0,0,0,432,332,300,32,400,20416,15616,0,0,0,0,432,0,0,0,0,878,9400
810,W3,4,4,8,8,0,0,0,0,0,0,0,100,100,0,0,0,0,0,100,100,0,0.000000,0,10816,0.000000,0,0,0,0,432,332,300,32,400,20416,15616,0,0,0,0,432,0,0,0,0,901,9400
811,W3,4,4,8,8,0,0,0,0,0,0,0,100,100,0,0,0,0,0,100,100,0,0.000000,0,10816,0.000000,0,0,0,0,432,332,300,32,400,20416,15616,0,0,0,0,432,0,0,0,0,949,9400
812,W3,4,4,8,8,0,0,0,0,0,0,0,100,100,0,0,0,0,0,100,100,0,0.000000,0,10816,0.000000,0,0,0,0,432,332,300,32,400,20416,15616,0,0,0,0,432,0,0,0,0,895,9400
813,W3,4,4,8,8,0,0,0,0,0,0,0,100,100,0,0,0,0,0,100,100,0,0.000000,0,10816,0.000000,0,0,0,0,432,332,300,32,400,20416,15616,0,0,0,0,432,0,0,0,0,931,9400
814,W3,4,4,8,8,0,0,0,0,0,0,0,100,100,0,0,0,0,0,100,100,0,0.000000,0,10816,0.000000,0,0,0,0,432,332,300,32,400,20416,15616,0,0,0,0,432,0,0,0,0,887,9400
815,W3,4,4,8,8,0,0,0,0,0,0,0,100,100,100,0,0,0,0,100,100,100,100.000000,1600,10816,14.792899,10,10,10,10,432,332,300,32,400,20416,15616,0,0,0,0,432,0,0,0,0,945,9400
816,W3,4,4,8,8,0,0,0,0,0,0,0,100,100,0,0,0,0,0,100,100,0,0.000000,0,10816,0.000000,0,0,0,0,432,332,300,32,400,20416,15616,0,0,0,0,432,0,0,0,0,912,9400
817,W3,4,4,8,8,0,0,0,0,0,0,0,100,100,0,0,0,0,0,100,100,0,0.000000,0,10816,0.000000,0,0,0,0,432,332,300,32,400,20416,15616,0,0,0,0,432,0,0,0,0,897,9400
818,W3,4,4,8,8,0,0,0,0,0,0,0,100,100,0,0,0,0,0,100,100,0,0.000000,0,10816,0.000000,0,0,0,0,432,332,300,32,400,20416,15616,0,0,0,0,432,0,0,0,0,888,9400
819,W3,4,4,8,8,0,0,0,0,0,0,0,100,100,0,0,0,0,0,100,100,0,0.000000,0,10816,0.000000,0,0,0,0,432,332,300,32,400,20416,15616,0,0,0,0,432,0,0,0,0,901,9400
820,W3,4,4,8,8,0,0,0,0,0,0,0,100,100,0,0,0,0,0,100,100,0,0.000000,0,10816,0.000000,0,0,0,0,432,332,300,32,400,20416,15616,0,0,0,0,432,0,0,0,0,903,9400
821,W3,4,4,8,8,0,0,0,0,0,0,0,100,100,0,0,0,0,0,100,100,0,0.000000,0,10816,0.000000,0,0,0,0,432,332,300,32,400,20416,15616,0,0,0,0,432,0,0,0,0,860,9400
822,W3,4,4,8,8,0,0,0,0,0,0,0,100,100,0,0,0,0,0,100,100,0,0.000000,0,10816,0.000000,0,0,0,0,432,332,300,32,400,20416,15616,0,0,0,0,432,0,0,0,0,986,9400
823,W3,4,4,8,8,0,0,0,0,0,0,0,100,100,0,0,0,0,0,100,100,0,0.000000,0,10816,0.000000,0,0,0,0,432,332,300,32,400,20416,15616,0,0,0,0,432,0,0,0,0,904,9400
824,W3,4,4,8,8,0,0,0,0,0,0,0,100,100,100,0,0,0,0,100,100,100,100.000000,1600,10816,14.792899,10,10,10,10,432,332,300,32,400,20416,15616,0,0,0,0,432,0,0,0,0,912,9400
825,W3,4,4,8,8,0,0,0,0,0,0,0,100,100,0,0,0,0,0,100,100,0,0.000000,0,10816,0.000000,0,0,0,0,432,332,300,32,400,20416,15616,0,0,0,0,432,0,0,0,0,874,9400
826,W3,4,4,8,8,0,0,0,0,0,0,0,100,100,0,0,0,0,0,100,100,0,0.000000,0,10816,0.000000,0,0,0,0,432,332,300,32,400,20416,15616,0,0,0,0,432,0,0,0,0,903,9400
827,W3,4,4,8,8,0,0,0,0,0,0,0,100,100,0,0,0,0,0,100,100,0,0.000000,0,10816,0.000000,0,0,0,0,432,332,300,32,400,20416,15616,0,0,0,0,432,0,0,0,0,908,9400
828,W3,4,4,8,8,0,0,0,0,0,0,0,100,100,0,0,0,0,0,100,100,0,0.000000,0,10816,0.000000,0,0,0,0,432,332,300,32,400,20416,15616,0,0,0,0,432,0,0,0,0,922,9400
829,W3,4,4,8,8,0,0,0,0,0,0,0,100,100,0,0,0,0,0,100,100,0,0.000000,0,10816,0.000000,0,0,0,0,432,332,300,32,400,20416,15616,0,0,0,0,432,0,0,0,0,916,9400
830,W3,4,4,8,8,0,0,0,0,0,0,0,100,100,0,0,0,0,0,100,100,0,0.000000,0,10816,0.000000,0,0,0,0,432,332,300,32,400,20416,15616,0,0,0,0,432,0,0,0,0,928,9400
831,W3,4,4,8,8,0,0,0,0,0,0,0,100,100,0,0,0,0,0,100,100,0,0.000000,0,10816,0.000000,0,0,0,0,432,332,300,32,400,20416,15616,0,0,0,0,432,0,0,0,0,904,9400
832,W3,4,4,8,8,0,0,0,0,0,0,0,100,100,0,0,0,0,0,100,100,0,0.000000,0,10816,0.000000,0,0,0,0,432,332,300,32,400,20416,15616,0,0,0,0,432,0,0,0,0,1025,9400
833,W3,4,4,8,8,0,0,0,0,0,0,0,100,100,100,0,0,0,0,100,100,100,100.000000,1600,10816,14.792899,10,10,10,10,432,332,300,32,400,20416,15616,0,0,0,0,432,0,0,0,0,920,9400
834,W3,4,4,8,8,0,0,0,0,0,0,0,100,100,0,0,0,0,0,100,100,0,0.000000,0,10816,0.000000,0,0,0,0,432,332,300,32,400,20416,15616,0,0,0,0,432,0,0,0,0,950,9400
835,W3,4,4,8,8,0,0,0,0,0,0,0,100,100,0,0,0,0,0,100,100,0,0.000000,0,10816,0.000000,0,0,0,0,432,332,300,32,400,20416,15616,0,0,0,0,432,0,0,0,0,952,9400
836,W3,4,4,8,8,0,0,0,0,0,0,0,100,100,0,0,0,0,0,100,100,0,0.000000,0,10816,0.000000,0,0,0,0,432,332,300,32,400,20416,15616,0,0,0,0,432,0,0,0,0,958,9400
837,W3,4,4,8,8,0,0,0,0,0,0,0,100,100,0,0,0,0,0,100,100,0,0.000000,0,10816,0.000000,0,0,0,0,432,332,300,32,400,20416,15616,0,0,0,0,432,0,0,0,0,923,9400
838,W3,4,4,8,8,0,0,0,0,0,0,0,100,100,0,0,0,0,0,100,100,0,0.000000,0,10816,0.000000,0,0,0,0,432,332,300,32,400,20416,15616,0,0,0,0,432,0,0,0,0,921,9400
839,W3,4,4,8,8,0,0,0,0,0,0,0,100,100,0,0,0,0,0,100,100,0,0.000000,0,10816,0.000000,0,0,0,0,432,332,300,32,400,20416,15616,0,0,0,0,432,0,0,0,0,967,9400
840,W3,4,4,8,8,0,0,0,0,0,0,0,100,100,0,0,0,0,0,100,100,0,0.000000,0,10816,0.000000,0,0,0,0,432,332,300,32,400,20416,15616,0,0,0,0,432,0,0,0,0,888,9400
841,W3,4,4,8,8,0,0,0,0,0,0,0,100,100,0,0,0,0,0,100,100,0,0.000000,0,10816,0.000000,0,0,0,0,432,332,300,32,400,20416,15616,0,0,0,0,432,0,0,0,0,915,9400
842,W3,4,4,8,8,0,0,0,0,0,0,0,100,100,100,0,0,0,0,100,100,100,100.000000,1600,10816,14.792899,10,10,10,10,432,332,300,32,400,20416,15616,0,0,0,0,432,0,0,0,0,891,9400
843,W3,4,4,8,8,0,0,0,0,0,0,0,100,100,0,0,0,0,0,100,100,0,0.000000,0,10816,0.000000,0,0,0,0,432,332,300,32,400,20416,15616,0,0,0,0,432,0,0,0,0,870,9400
844,W3,4,4,8,8,0,0,0,0,0,0,0,100,100,0,0,0,0,0,100,100,0,0.000000,0,10816,0.000000,0,0,0,0,432,332,300,32,400,20416,15616,0,0,0,0,432,0,0,0,0,905,9400
845,W3,4,4,8,8,0,0,0,0,0,0,0,100,100,0,0,0,0,0,100,100,0,0.000000,0,10816,0.000000,0,0,0,0,432,332,300,32,400,20416,15616,0,0,0,0,432,0,0,0,0,945,9400
846,W3,4,4,8,8,0,0,0,0,0,0,0,100,100,0,0,0,0,0,100,100,0,0.000000,0,10816,0.000000,0,0,0,0,432,332,300,32,400,20416,15616,0,0,0,0,432,0,0,0,0,924,9400
847,W3,4,4,8,8,0,0,0,0,0,0,0,100,100,0,0,0,0,0,100,100,0,0.000000,0,10816,0.000000,0,0,0,0,432,332,300,32,400,20416,15616,0,0,0,0,432,0,0,0,0,911,9400
848,W3,4,4,8,8,0,0,0,0,0,0,0,100,100,0,0,0,0,0,100,100,0,0.000000,0,10816,0.000000,0,0,0,0,432,332,300,32,400,20416,15616,0,0,0,0,432,0,0,0,0,963,9400
849,W3,4,4,8,8,0,0,0,0,0,0,0,100,100,0,0,0,0,0,100,100,0,0.000000,0,10816,0.000000,0,0,0,0,432,332,300,32,400,20416,15616,0,0,0,0,432,0,0,0,0,865,9400
850,W3,4,4,8,8,0,0,0,0,0,0,0,100,100,0,0,0,0,0,100,100,0,0.000000,0,10816,0.000000,0,0,0,0,432,332,300,32,400,20416,15616,0,0,0,0,432,0,0,0,0,866,9400
851,W3,4,4,8,8,0,0,0,0,0,0,0,100,100,100,0,0,0,0,100,100,100,100.000000,1600,10816,14.792899,10,10,10,10,432,332,300,32,400,20416,15616,0,0,0,0,432,0,0,0,0,915,9400
852,W3,4,4,8,8,0,0,0,0,0,0,0,100,100,0,0,0,0,0,100,100,0,0.000000,0,10816,0.000000,0,0,0,0,432,332,300,32,400,20416,15616,0,0,0,0,432,0,0,0,0,957,9400
853,W3,4,4,8,8,0,0,0,0,0,0,0,100,100,0,0,0,0,0,100,100,0,0.000000,0,10816,0.000000,0,0,0,0,432,332,300,32,400,20416,15616,0,0,0,0,432,0,0,0,0,890,9400
854,W3,4,4,8,8,0,0,0,0,0,0,0,100,100,0,0,0,0,0,100,100,0,0.000000,0,10816,0.000000,0,0,0,0,432,332,300,32,400,20416,15616,0,0,0,0,432,0,0,0,0,896,9400
855,W3,4,4,8,8,0,0,0,0,0,0,0,100,100,0,0,0,0,0,100,100,0,0.000000,0,10816,0.000000,0,0,0,0,432,332,300,32,400,20416,15616,0,0,0,0,432,0,0,0,0,903,9400
856,W3,4,4,8,8,0,0,0,0,0,0,0,100,100,0,0,0,0,0,100,100,0,0.000000,0,10816,0.000000,0,0,0,0,432,332,300,32,400,20416,15616,0,0,0,0,432,0,0,0,0,959,9400
857,W3,4,4,8,8,0,0,0,0,0,0,0,100,100,0,0,0,0,0,100,100,0,0.000000,0,10816,0.000000,0,0,0,0,432,332,300,32,400,20416,15616,0,0,0,0,432,0,0,0,0,893,9400
858,W3,4,4,8,8,0,0,0,0,0,0,0,100,100,0,0,0,0,0,100,100,0,0.000000,0,10816,0.000000,0,0,0,0,432,332,300,32,400,20416,15616,0,0,0,0,432,0,0,0,0,947,9400
859,W3,4,4,8,8,0,0,0,0,0,0,0,100,100,0,0,0,0,0,100,100,0,0.000000,0,10816,0.000000,0,0,0,0,432,332,300,32,400,20416,15616,0,0,0,0,432,0,0,0,0,878,9400
860,W3,4,4,8,8,0,0,0,0,0,0,0,100,100,100,0,0,0,0,100,100,100,100.000000,1600,10816,14.792899,10,10,10,10,432,332,300,32,400,20416,15616,0,0,0,0,432,0,0,0,0,890,9400
861,W3,4,4,8,8,0,0,0,0,0,0,0,100,100,0,0,0,0,0,100,100,0,0.000000,0,10816,0.000000,0,0,0,0,432,332,300,32,400,20416,15616,0,0,0,0,432,0,0,0,0,930,9400
862,W3,4,4,8,8,0,0,0,0,0,0,0,100,100,0,0,0,0,0,100,100,0,0.000000,0,10816,0.000000,0,0,0,0,432,332,300,32,400,20416,15616,0,0,0,0,432,0,0,0,0,910,9400
863,W3,4,4,8,8,0,0,0,0,0,0,0,100,100,0,0,0,0,0,100,100,0,0.000000,0,10816,0.000000,0,0,0,0,432,332,300,32,400,20416,15616,0,0,0,0,432,0,0,0,0,896,9400
864,W3,4,4,8,8,0,0,0,0,0,0,0,100,100,0,0,0,0,0,100,100,0,0.000000,0,10816,0.000000,0,0,0,0,432,332,300,32,400,20416,15616,0,0,0,0,432,0,0,0,0,892,9400
865,W3,4,4,8,8,0,0,0,0,0,0,0,100,100,0,0,0,0,0,100,100,0,0.000000,0,10816,0.000000,0,0,0,0,432,332,300,32,400,20416,15616,0,0,0,0,432,0,0,0,0,917,9400
866,W3,4,4,8,8,0,0,0,0,0,0,0,100,100,0,0,0,0,0,100,100,0,0.000000,0,10816,0.000000,0,0,0,0,432,332,300,32,400,20416,15616,0,0,0,0,432,0,0,0,0,879,9400
867,W3,4,4,8,8,0,0,0,0,0,0,0,100,100,0,0,0,0,0,100,100,0,0.000000,0,10816,0.000000,0,0,0,0,432,332,300,32,400,20416,15616,0,0,0,0,432,0,0,0,0,893,9400
868,W3,4,4,8,8,0,0,0,0,0,0,0,100,100,0,0,0,0,0,100,100,0,0.000000,0,10816,0.000000,0,0,0,0,432,332,300,32,400,20416,15616,0,0,0,0,432,0,0,0,0,883,9400
869,W3,4,4,8,8,0,0,0,0,0,0,0,100,100,100,0,0,0,0,100,100,100,100.000000,1600,10816,14.792899,10,10,10,10,432,332,300,32,400,20416,15616,0,0,0,0,432,0,0,0,0,916,9400
870,W3,4,4,8,8,0,0,0,0,0,0,0,100,100,0,0,0,0,0,100,100,0,0.000000,0,10816,0.000000,0,0,0,0,432,332,300,32,400,20416,15616,0,0,0,0,432,0,0,0,0,978,9400
871,W3,4,4,8,8,0,0,0,0,0,0,0,100,100,0,0,0,0,0,100,100,0,0.000000,0,10816,0.000000,0,0,0,0,432,332,300,32,400,20416,15616,0,0,0,0,432,0,0,0,0,871,9400
872,W3,4,4,8,8,0,0,0,0,0,0,0,100,100,0,0,0,0,0,100,100,0,0.000000,0,10816,0.000000,0,0,0,0,432,332,300,32,400,20416,15616,0,0,0,0,432,0,0,0,0,948,9400
873,W3,4,4,8,8,0,0,0,0,0,0,0,100,100,0,0,0,0,0,100,100,0,0.000000,0,10816,0.000000,0,0,0,0,432,332,300,32,400,20416,15616,0,0,0,0,432,0,0,0,0,893,9400
874,W3,4,4,8,8,0,0,0,0,0,0,0,100,100,0,0,0,0,0,100,100,0,0.000000,0,10816,0.000000,0,0,0,0,432,332,300,32,400,20416,15616,0,0,0,0,432,0,0,0,0,864,9400
875,W3,4,4,8,8,0,0,0,0,0,0,0,100,100,0,0,0,0,0,100,100,0,0.000000,0,10816,0.000000,0,0,0,0,432,332,300,32,400,20416,15616,0,0,0,0,432,0,0,0,0,921,9400
876,W3,4,4,8,8,0,0,0,0,0,0,0,100,100,0,0,0,0,0,100,100,0,0.000000,0,10816,0.000000,0,0,0,0,432,332,300,32,400,20416,15616,0,0,0,0,432,0,0,0,0,925,9400
877,W3,4,4,8,8,0,0,0,0,0,0,0,100,100,0,0,0,0,0,100,100,0,0.000000,0,10816,0.000000,0,0,0,0,432,332,300,32,400,20416,15616,0,0,0,0,432,0,0,0,0,923,9400
878,W3,4,4,8,8,0,0,0,0,0,0,0,100,100,100,0,0,0,0,100,100,100,100.000000,1600,10816,14.792899,10,10,10,10,432,332,300,32,400,20416,15616,0,0,0,0,432,0,0,0,0,930,9400
879,W3,4,4,8,8,0,0,0,0,0,0,0,100,100,0,0,0,0,0,100,100,0,0.000000,0,10816,0.000000,0,0,0,0,432,332,300,32,400,20416,15616,0,0,0,0,432,0,0,0,0,930,9400
880,W3,4,4,8,8,0,0,0,0,0,0,0,100,100,0,0,0,0,0,100,100,0,0.000000,0,10816,0.000000,0,0,0,0,432,332,300,32,400,20416,15616,0,0,0,0,432,0,0,0,0,881,9400
881,W3,4,4,8,8,0,0,0,0,0,0,0,100,100,0,0,0,0,0,100,100,0,0.000000,0,10816,0.000000,0,0,0,0,432,332,300,32,400,20416,15616,0,0,0,0,432,0,0,0,0,870,9400
882,W3,4,4,8,8,0,0,0,0,0,0,0,100,100,0,0,0,0,0,100,100,0,0.000000,0,10816,0.000000,0,0,0,0,432,332,300,32,400,20416,15616,0,0,0,0,432,0,0,0,0,956,9400
883,W3,4,4,8,8,0,0,0,0,0,0,0,100,100,0,0,0,0,0,100,100,0,0.000000,0,10816,0.000000,0,0,0,0,432,332,300,32,400,20416,15616,0,0,0,0,432,0,0,0,0,1059,9400
884,W3,4,4,8,8,0,0,0,0,0,0,0,100,100,0,0,0,0,0,100,100,0,0.000000,0,10816,0.000000,0,0,0,0,432,332,300,32,400,20416,15616,0,0,0,0,432,0,0,0,0,917,9400
885,W3,4,4,8,8,0,0,0,0,0,0,0,100,100,0,0,0,0,0,100,100,0,0.000000,0,10816,0.000000,0,0,0,0,432,332,300,32,400,20416,15616,0,0,0,0,432,0,0,0,0,870,9400
886,W3,4,4,8,8,0,0,0,0,0,0,0,100,100,0,0,0,0,0,100,100,0,0.000000,0,10816,0.000000,0,0,0,0,432,332,300,32,400,20416,15616,0,0,0,0,432,0,0,0,0,923,9400
887,W3,4,4,8,8,0,0,0,0,0,0,0,100,100,100,0,0,0,0,100,100,100,100.000000,1600,10816,14.792899,10,10,10,10,432,332,300,32,400,20416,15616,0,0,0,0,432,0,0,0,0,1002,9400
888,W3,4,4,8,8,0,0,0,0,0,0,0,100,100,0,0,0,0,0,100,100,0,0.000000,0,10816,0.000000,0,0,0,0,432,332,300,32,400,20416,15616,0,0,0,0,432,0,0,0,0,915,9400
889,W3,4,4,8,8,0,0,0,0,0,0,0,100,100,0,0,0,0,0,100,100,0,0.000000,0,10816,0.000000,0,0,0,0,432,332,300,32,400,20416,15616,0,0,0,0,432,0,0,0,0,878,9400
890,W3,4,4,8,8,0,0,0,0,0,0,0,100,100,0,0,0,0,0,100,100,0,0.000000,0,10816,0.000000,0,0,0,0,432,332,300,32,400,20416,15616,0,0,0,0,432,0,0,0,0,884,9400
891,W3,4,4,8,8,0,0,0,0,0,0,0,100,100,0,0,0,0,0,100,100,0,0.000000,0,10816,0.000000,0,0,0,0,432,332,300,32,400,20416,15616,0,0,0,0,432,0,0,0,0,877,9400
892,W3,4,4,8,8,0,0,0,0,0,0,0,100,100,0,0,0,0,0,100,100,0,0.000000,0,10816,0.000000,0,0,0,0,432,332,300,32,400,20416,15616,0,0,0,0,432,0,0,0,0,936,9400
893,W3,4,4,8,8,0,0,0,0,0,0,0,100,100,0,0,0,0,0,100,100,0,0.000000,0,10816,0.000000,0,0,0,0,432,332,300,32,400,20416,15616,0,0,0,0,432,0,0,0,0,887,9400
894,W3,4,4,8,8,0,0,0,0,0,0,0,100,100,0,0,0,0,0,100,100,0,0.000000,0,10816,0.000000,0,0,0,0,432,332,300,32,400,20416,15616,0,0,0,0,432,0,0,0,0,905,9400
895,W3,4,4,8,8,0,0,0,0,0,0,0,100,100,0,0,0,0,0,100,100,0,0.000000,0,10816,0.000000,0,0,0,0,432,332,300,32,400,20416,15616,0,0,0,0,432,0,0,0,0,949,9400
896,W3,4,4,8,8,0,0,0,0,0,0,0,100,100,100,0,0,0,0,100,100,100,100.000000,1600,10816,14.792899,10,10,10,10,432,332,300,32,400,20416,15616,0,0,0,0,432,0,0,0,0,915,9400
897,W3,4,4,8,8,0,0,0,0,0,0,0,100,100,0,0,0,0,0,100,100,0,0.000000,0,10816,0.000000,0,0,0,0,432,332,300,32,400,20416,15616,0,0,0,0,432,0,0,0,0,892,9400
898,W3,4,4,8,8,0,0,0,0,0,0,0,100,100,0,0,0,0,0,100,100,0,0.000000,0,10816,0.000000,0,0,0,0,432,332,300,32,400,20416,15616,0,0,0,0,432,0,0,0,0,931,9400
899,W3,4,4,8,8,0,0,0,0,0,0,0,100,100,0,0,0,0,0,100,100,0,0.000000,0,10816,0.000000,0,0,0,0,432,332,300,32,400,20416,15616,0,0,0,0,432,0,0,0,0,873,9400
900,W3,4,4,8,8,0,0,0,0,0,0,0,100,100,0,0,0,0,0,100,100,0,0.000000,0,10816,0.000000,0,0,0,0,432,332,300,32,400,20416,15616,0,0,0,0,432,0,0,0,0,879,9400
901,W3,4,4,8,8,0,0,0,0,0,0,0,100,100,0,0,0,0,0,100,100,0,0.000000,0,10816,0.000000,0,0,0,0,432,332,300,32,400,20416,15616,0,0,0,0,432,0,0,0,0,942,9400
902,W3,4,4,8,8,0,0,0,0,0,0,0,100,100,0,0,0,0,0,100,100,0,0.000000,0,10816,0.000000,0,0,0,0,432,332,300,32,400,20416,15616,0,0,0,0,432,0,0,0,0,896,9400
903,W3,4,4,8,8,0,0,0,0,0,0,0,100,100,0,0,0,0,0,100,100,0,0.000000,0,10816,0.000000,0,0,0,0,432,332,300,32,400,20416,15616,0,0,0,0,432,0,0,0,0,924,9400
904,W3,4,4,8,8,0,0,0,0,0,0,0,100,100,0,0,0,0,0,100,100,0,0.000000,0,10816,0.000000,0,0,0,0,432,332,300,32,400,20416,15616,0,0,0,0,432,0,0,0,0,934,9400
905,W3,4,4,8,8,0,0,0,0,0,0,0,100,100,100,0,0,0,0,100,100,100,100.000000,1600,10816,14.792899,10,10,10,10,432,332,300,32,400,20416,15616,0,0,0,0,432,0,0,0,0,902,9400
906,W3,4,4,8,8,0,0,0,0,0,0,0,100,100,0,0,0,0,0,100,100,0,0.000000,0,10816,0.000000,0,0,0,0,432,332,300,32,400,20416,15616,0,0,0,0,432,0,0,0,0,927,9400
907,W3,4,4,8,8,0,0,0,0,0,0,0,100,100,0,0,0,0,0,100,100,0,0.000000,0,10816,0.000000,0,0,0,0,432,332,300,32,400,20416,15616,0,0,0,0,432,0,0,0,0,911,9400
908,W3,4,4,8,8,0,0,0,0,0,0,0,100,100,0,0,0,0,0,100,100,0,0.000000,0,10816,0.000000,0,0,0,0,432,332,300,32,400,20416,15616,0,0,0,0,432,0,0,0,0,946,9400
909,W3,4,4,8,8,0,0,0,0,0,0,0,100,100,0,0,0,0,0,100,100,0,0.000000,0,10816,0.000000,0,0,0,0,432,332,300,32,400,20416,15616,0,0,0,0,432,0,0,0,0,894,9400
910,W3,4,4,8,8,0,0,0,0,0,0,0,100,100,0,0,0,0,0,100,100,0,0.000000,0,10816,0.000000,0,0,0,0,432,332,300,32,400,20416,15616,0,0,0,0,432,0,0,0,0,1002,9400
911,W3,4,4,8,8,0,0,0,0,0,0,0,100,100,0,0,0,0,0,100,100,0,0.000000,0,10816,0.000000,0,0,0,0,432,332,300,32,400,20416,15616,0,0,0,0,432,0,0,0,0,904,9400
912,W3,4,4,8,8,0,0,0,0,0,0,0,100,100,0,0,0,0,0,100,100,0,0.000000,0,10816,0.000000,0,0,0,0,432,332,300,32,400,20416,15616,0,0,0,0,432,0,0,0,0,962,9400
913,W3,4,4,8,8,0,0,0,0,0,0,0,100,100,0,0,0,0,0,100,100,0,0.000000,0,10816,0.000000,0,0,0,0,432,332,300,32,400,20416,15616,0,0,0,0,432,0,0,0,0,911,9400
914,W3,4,4,8,8,0,0,0,0,0,0,0,100,100,100,0,0,0,0,100,100,100,100.000000,1600,10816,14.792899,10,10,10,10,432,332,300,32,400,20416,15616,0,0,0,0,432,0,0,0,0,890,9400
915,W3,4,4,8,8,0,0,0,0,0,0,0,100,100,0,0,0,0,0,100,100,0,0.000000,0,10816,0.000000,0,0,0,0,432,332,300,32,400,20416,15616,0,0,0,0,432,0,0,0,0,937,9400
916,W3,4,4,8,8,0,0,0,0,0,0,0,100,100,0,0,0,0,0,100,100,0,0.000000,0,10816,0.000000,0,0,0,0,432,332,300,32,400,20416,15616,0,0,0,0,432,0,0,0,0,932,9400
917,W3,4,4,8,8,0,0,0,0,0,0,0,100,100,0,0,0,0,0,100,100,0,0.000000,0,10816,0.000000,0,0,0,0,432,332,300,32,400,20416,15616,0,0,0,0,432,0,0,0,0,964,9400
918,W3,4,4,8,8,0,0,0,0,0,0,0,100,100,0,0,0,0,0,100,100,0,0.000000,0,10816,0.000000,0,0,0,0,432,332,300,32,400,20416,15616,0,0,0,0,432,0,0,0,0,918,9400
919,W3,4,4,8,8,0,0,0,0,0,0,0,100,100,0,0,0,0,0,100,100,0,0.000000,0,10816,0.000000,0,0,0,0,432,332,300,32,400,20416,15616,0,0,0,0,432,0,0,0,0,869,9400
920,W3,4,4,8,8,0,0,0,0,0,0,0,100,100,0,0,0,0,0,100,100,0,0.000000,0,10816,0.000000,0,0,0,0,432,332,300,32,400,20416,15616,0,0,0,0,432,0,0,0,0,900,9400
921,W3,4,4,8,8,0,0,0,0,0,0,0,100,100,0,0,0,0,0,100,100,0,0.000000,0,10816,0.000000,0,0,0,0,432,332,300,32,400,20416,15616,0,0,0,0,432,0,0,0,0,913,9400
922,W3,4,4,8,8,0,0,0,0,0,0,0,100,100,0,0,0,0,0,100,100,0,0.000000,0,10816,0.000000,0,0,0,0,432,332,300,32,400,20416,15616,0,0,0,0,432,0,0,0,0,905,9400
923,W3,4,4,8,8,0,0,0,0,0,0,0,100,100,100,0,0,0,0,100,100,100,100.000000,1600,10816,14.792899,10,10,10,10,432,332,300,32,400,20416,15616,0,0,0,0,432,0,0,0,0,960,9400
924,W3,4,4,8,8,0,0,0,0,0,0,0,100,100,0,0,0,0,0,100,100,0,0.000000,0,10816,0.000000,0,0,0,0,432,332,300,32,400,20416,15616,0,0,0,0,432,0,0,0,0,883,9400
925,W3,4,4,8,8,0,0,0,0,0,0,0,100,100,0,0,0,0,0,100,100,0,0.000000,0,10816,0.000000,0,0,0,0,432,332,300,32,400,20416,15616,0,0,0,0,432,0,0,0,0,907,9400
926,W3,4,4,8,8,0,0,0,0,0,0,0,100,100,0,0,0,0,0,100,100,0,0.000000,0,10816,0.000000,0,0,0,0,432,332,300,32,400,20416,15616,0,0,0,0,432,0,0,0,0,920,9400
927,W3,4,4,8,8,0,0,0,0,0,0,0,100,100,0,0,0,0,0,100,100,0,0.000000,0,10816,0.000000,0,0,0,0,432,332,300,32,400,20416,15616,0,0,0,0,432,0,0,0,0,898,9400
928,W3,4,4,8,8,0,0,0,0,0,0,0,100,100,0,0,0,0,0,100,100,0,0.000000,0,10816,0.000000,0,0,0,0,432,332,300,32,400,20416,15616,0,0,0,0,432,0,0,0,0,981,9400
929,W3,4,4,8,8,0,0,0,0,0,0,0,100,100,0,0,0,0,0,100,100,0,0.000000,0,10816,0.000000,0,0,0,0,432,332,300,32,400,20416,15616,0,0,0,0,432,0,0,0,0,881,9400
930,W3,4,4,8,8,0,0,0,0,0,0,0,100,100,0,0,0,0,0,100,100,0,0.000000,0,10816,0.000000,0,0,0,0,432,332,300,32,400,20416,15616,0,0,0,0,432,0,0,0,0,972,9400
931,W3,4,4,8,8,0,0,0,0,0,0,0,100,100,0,0,0,0,0,100,100,0,0.000000,0,10816,0.000000,0,0,0,0,432,332,300,32,400,20416,15616,0,0,0,0,432,0,0,0,0,875,9400
932,W3,4,4,8,8,0,0,0,0,0,0,0,100,100,100,0,0,0,0,100,100,100,100.000000,1600,10816,14.792899,10,10,10,10,432,332,300,32,400,20416,15616,0,0,0,0,432,0,0,0,0,900,9400
933,W3,4,4,8,8,0,0,0,0,0,0,0,100,100,0,0,0,0,0,100,100,0,0.000000,0,10816,0.000000,0,0,0,0,432,332,300,32,400,20416,15616,0,0,0,0,432,0,0,0,0,876,9400
934,W3,4,4,8,8,0,0,0,0,0,0,0,100,100,0,0,0,0,0,100,100,0,0.000000,0,10816,0.000000,0,0,0,0,432,332,300,32,400,20416,15616,0,0,0,0,432,0,0,0,0,907,9400
935,W3,4,4,8,8,0,0,0,0,0,0,0,100,100,0,0,0,0,0,100,100,0,0.000000,0,10816,0.000000,0,0,0,0,432,332,300,32,400,20416,15616,0,0,0,0,432,0,0,0,0,962,9400
936,W3,4,4,8,8,0,0,0,0,0,0,0,100,100,0,0,0,0,0,100,100,0,0.000000,0,10816,0.000000,0,0,0,0,432,332,300,32,400,20416,15616,0,0,0,0,432,0,0,0,0,903,9400
937,W3,4,4,8,8,0,0,0,0,0,0,0,100,100,0,0,0,0,0,100,100,0,0.000000,0,10816,0.000000,0,0,0,0,432,332,300,32,400,20416,15616,0,0,0,0,432,0,0,0,0,880,9400
938,W3,4,4,8,8,0,0,0,0,0,0,0,100,100,0,0,0,0,0,100,100,0,0.000000,0,10816,0.000000,0,0,0,0,432,332,300,32,400,20416,15616,0,0,0,0,432,0,0,0,0,922,9400
939,W3,4,4,8,8,0,0,0,0,0,0,0,100,100,0,0,0,0,0,100,100,0,0.000000,0,10816,0.000000,0,0,0,0,432,332,300,32,400,20416,15616,0,0,0,0,432,0,0,0,0,885,9400
940,W3,4,4,8,8,0,0,0,0,0,0,0,100,100,0,0,0,0,0,100,100,0,0.000000,0,10816,0.000000,0,0,0,0,432,332,300,32,400,20416,15616,0,0,0,0,432,0,0,0,0,906,9400
941,W3,4,4,8,8,0,0,0,0,0,0,0,100,100,100,0,0,0,0,100,100,100,100.000000,1600,10816,14.792899,10,10,10,10,432,332,300,32,400,20416,15616,0,0,0,0,432,0,0,0,0,896,9400
942,W3,4,4,8,8,0,0,0,0,0,0,0,100,100,0,0,0,0,0,100,100,0,0.000000,0,10816,0.000000,0,0,0,0,432,332,300,32,400,20416,15616,0,0,0,0,432,0,0,0,0,951,9400
943,W3,4,4,8,8,0,0,0,0,0,0,0,100,100,0,0,0,0,0,100,100,0,0.000000,0,10816,0.000000,0,0,0,0,432,332,300,32,400,20416,15616,0,0,0,0,432,0,0,0,0,900,9400
944,W3,4,4,8,8,0,0,0,0,0,0,0,100,100,0,0,0,0,0,100,100,0,0.000000,0,10816,0.000000,0,0,0,0,432,332,300,32,400,20416,15616,0,0,0,0,432,0,0,0,0,876,9400
945,W3,4,4,8,8,0,0,0,0,0,0,0,100,100,0,0,0,0,0,100,100,0,0.000000,0,10816,0.000000,0,0,0,0,432,332,300,32,400,20416,15616,0,0,0,0,432,0,0,0,0,882,9400
946,W3,4,4,8,8,0,0,0,0,0,0,0,100,100,0,0,0,0,0,100,100,0,0.000000,0,10816,0.000000,0,0,0,0,432,332,300,32,400,20416,15616,0,0,0,0,432,0,0,0,0,924,9400
947,W3,4,4,8,8,0,0,0,0,0,0,0,100,100,0,0,0,0,0,100,100,0,0.000000,0,10816,0.000000,0,0,0,0,432,332,300,32,400,20416,15616,0,0,0,0,432,0,0,0,0,943,9400
948,W3,4,4,8,8,0,0,0,0,0,0,0,100,100,0,0,0,0,0,100,100,0,0.000000,0,10816,0.000000,0,0,0,0,432,332,300,32,400,20416,15616,0,0,0,0,432,0,0,0,0,984,9400
949,W3,4,4,8,8,0,0,0,0,0,0,0,100,100,0,0,0,0,0,100,100,0,0.000000,0,10816,0.000000,0,0,0,0,432,332,300,32,400,20416,15616,0,0,0,0,432,0,0,0,0,893,9400
950,W3,4,4,8,8,0,0,0,0,0,0,0,100,100,100,0,0,0,0,100,100,100,100.000000,1600,10816,14.792899,10,10,10,10,432,332,300,32,400,20416,15616,0,0,0,0,432,0,0,0,0,956,9400
951,W3,4,4,8,8,0,0,0,0,0,0,0,100,100,0,0,0,0,0,100,100,0,0.000000,0,10816,0.000000,0,0,0,0,432,332,300,32,400,20416,15616,0,0,0,0,432,0,0,0,0,923,9400
952,W3,4,4,8,8,0,0,0,0,0,0,0,100,100,0,0,0,0,0,100,100,0,0.000000,0,10816,0.000000,0,0,0,0,432,332,300,32,400,20416,15616,0,0,0,0,432,0,0,0,0,895,9400
953,W3,4,4,8,8,0,0,0,0,0,0,0,100,100,0,0,0,0,0,100,100,0,0.000000,0,10816,0.000000,0,0,0,0,432,332,300,32,400,20416,15616,0,0,0,0,432,0,0,0,0,883,9400
954,W3,4,4,8,8,0,0,0,0,0,0,0,100,100,0,0,0,0,0,100,100,0,0.000000,0,10816,0.000000,0,0,0,0,432,332,300,32,400,20416,15616,0,0,0,0,432,0,0,0,0,907,9400
955,W3,4,4,8,8,0,0,0,0,0,0,0,100,100,0,0,0,0,0,100,100,0,0.000000,0,10816,0.000000,0,0,0,0,432,332,300,32,400,20416,15616,0,0,0,0,432,0,0,0,0,879,9400
956,W3,4,4,8,8,0,0,0,0,0,0,0,100,100,0,0,0,0,0,100,100,0,0.000000,0,10816,0.000000,0,0,0,0,432,332,300,32,400,20416,15616,0,0,0,0,432,0,0,0,0,880,9400
957,W3,4,4,8,8,0,0,0,0,0,0,0,100,100,0,0,0,0,0,100,100,0,0.000000,0,10816,0.000000,0,0,0,0,432,332,300,32,400,20416,15616,0,0,0,0,432,0,0,0,0,912,9400
958,W3,4,4,8,8,0,0,0,0,0,0,0,100,100,0,0,0,0,0,100,100,0,0.000000,0,10816,0.000000,0,0,0,0,432,332,300,32,400,20416,15616,0,0,0,0,432,0,0,0,0,884,9400
959,W3,4,4,8,8,0,0,0,0,0,0,0,100,100,100,0,0,0,0,100,100,100,100.000000,1600,10816,14.792899,10,10,10,10,432,332,300,32,400,20416,15616,0,0,0,0,432,0,0,0,0,979,9400
960,W3,4,4,8,8,0,0,0,0,0,0,0,100,100,0,0,0,0,0,100,100,0,0.000000,0,10816,0.000000,0,0,0,0,432,332,300,32,400,20416,15616,0,0,0,0,432,0,0,0,0,912,9400
961,W3,4,4,8,8,0,0,0,0,0,0,0,100,100,0,0,0,0,0,100,100,0,0.000000,0,10816,0.000000,0,0,0,0,432,332,300,32,400,20416,15616,0,0,0,0,432,0,0,0,0,891,9400
962,W3,4,4,8,8,0,0,0,0,0,0,0,100,100,0,0,0,0,0,100,100,0,0.000000,0,10816,0.000000,0,0,0,0,432,332,300,32,400,20416,15616,0,0,0,0,432,0,0,0,0,879,9400
963,W3,4,4,8,8,0,0,0,0,0,0,0,100,100,0,0,0,0,0,100,100,0,0.000000,0,10816,0.000000,0,0,0,0,432,332,300,32,400,20416,15616,0,0,0,0,432,0,0,0,0,937,9400
964,W3,4,4,8,8,0,0,0,0,0,0,0,100,100,0,0,0,0,0,100,100,0,0.000000,0,10816,0.000000,0,0,0,0,432,332,300,32,400,20416,15616,0,0,0,0,432,0,0,0,0,933,9400
965,W3,4,4,8,8,0,0,0,0,0,0,0,100,100,0,0,0,0,0,100,100,0,0.000000,0,10816,0.000000,0,0,0,0,432,332,300,32,400,20416,15616,0,0,0,0,432,0,0,0,0,901,9400
966,W3,4,4,8,8,0,0,0,0,0,0,0,100,100,0,0,0,0,0,100,100,0,0.000000,0,10816,0.000000,0,0,0,0,432,332,300,32,400,20416,15616,0,0,0,0,432,0,0,0,0,912,9400
967,W3,4,4,8,8,0,0,0,0,0,0,0,100,100,0,0,0,0,0,100,100,0,0.000000,0,10816,0.000000,0,0,0,0,432,332,300,32,400,20416,15616,0,0,0,0,432,0,0,0,0,946,9400
968,W3,4,4,8,8,0,0,0,0,0,0,0,100,100,100,0,0,0,0,100,100,100,100.000000,1600,10816,14.792899,10,10,10,10,432,332,300,32,400,20416,15616,0,0,0,0,432,0,0,0,0,933,9400
969,W3,4,4,8,8,0,0,0,0,0,0,0,100,100,0,0,0,0,0,100,100,0,0.000000,0,10816,0.000000,0,0,0,0,432,332,300,32,400,20416,15616,0,0,0,0,432,0,0,0,0,893,9400
970,W3,4,4,8,8,0,0,0,0,0,0,0,100,100,0,0,0,0,0,100,100,0,0.000000,0,10816,0.000000,0,0,0,0,432,332,300,32,400,20416,15616,0,0,0,0,432,0,0,0,0,895,9400
971,W3,4,4,8,8,0,0,0,0,0,0,0,100,100,0,0,0,0,0,100,100,0,0.000000,0,10816,0.000000,0,0,0,0,432,332,300,32,400,20416,15616,0,0,0,0,432,0,0,0,0,925,9400
972,W3,4,4,8,8,0,0,0,0,0,0,0,100,100,0,0,0,0,0,100,100,0,0.000000,0,10816,0.000000,0,0,0,0,432,332,300,32,400,20416,15616,0,0,0,0,432,0,0,0,0,910,9400
973,W3,4,4,8,8,0,0,0,0,0,0,0,100,100,0,0,0,0,0,100,100,0,0.000000,0,10816,0.000000,0,0,0,0,432,332,300,32,400,20416,15616,0,0,0,0,432,0,0,0,0,872,9400
974,W3,4,4,8,8,0,0,0,0,0,0,0,100,100,0,0,0,0,0,100,100,0,0.000000,0,10816,0.000000,0,0,0,0,432,332,300,32,400,20416,15616,0,0,0,0,432,0,0,0,0,905,9400
975,W3,4,4,8,8,0,0,0,0,0,0,0,100,100,0,0,0,0,0,100,100,0,0.000000,0,10816,0.000000,0,0,0,0,432,332,300,32,400,20416,15616,0,0,0,0,432,0,0,0,0,953,9400
976,W3,4,4,8,8,0,0,0,0,0,0,0,100,100,0,0,0,0,0,100,100,0,0.000000,0,10816,0.000000,0,0,0,0,432,332,300,32,400,20416,15616,0,0,0,0,432,0,0,0,0,938,9400
977,W3,4,4,8,8,0,0,0,0,0,0,0,100,100,100,0,0,0,0,100,100,100,100.000000,1600,10816,14.792899,10,10,10,10,432,332,300,32,400,20416,15616,0,0,0,0,432,0,0,0,0,926,9400
978,W3,4,4,8,8,0,0,0,0,0,0,0,100,100,0,0,0,0,0,100,100,0,0.000000,0,10816,0.000000,0,0,0,0,432,332,300,32,400,20416,15616,0,0,0,0,432,0,0,0,0,933,9400
979,W3,4,4,8,8,0,0,0,0,0,0,0,100,100,0,0,0,0,0,100,100,0,0.000000,0,10816,0.000000,0,0,0,0,432,332,300,32,400,20416,15616,0,0,0,0,432,0,0,0,0,892,9400
980,W3,4,4,8,8,0,0,0,0,0,0,0,100,100,0,0,0,0,0,100,100,0,0.000000,0,10816,0.000000,0,0,0,0,432,332,300,32,400,20416,15616,0,0,0,0,432,0,0,0,0,890,9400
981,W3,4,4,8,8,0,0,0,0,0,0,0,100,100,0,0,0,0,0,100,100,0,0.000000,0,10816,0.000000,0,0,0,0,432,332,300,32,400,20416,15616,0,0,0,0,432,0,0,0,0,925,9400
982,W3,4,4,8,8,0,0,0,0,0,0,0,100,100,0,0,0,0,0,100,100,0,0.000000,0,10816,0.000000,0,0,0,0,432,332,300,32,400,20416,15616,0,0,0,0,432,0,0,0,0,867,9400
983,W3,4,4,8,8,0,0,0,0,0,0,0,100,100,0,0,0,0,0,100,100,0,0.000000,0,10816,0.000000,0,0,0,0,432,332,300,32,400,20416,15616,0,0,0,0,432,0,0,0,0,925,9400
984,W3,4,4,8,8,0,0,0,0,0,0,0,100,100,0,0,0,0,0,100,100,0,0.000000,0,10816,0.000000,0,0,0,0,432,332,300,32,400,20416,15616,0,0,0,0,432,0,0,0,0,921,9400
985,W3,4,4,8,8,0,0,0,0,0,0,0,100,100,0,0,0,0,0,100,100,0,0.000000,0,10816,0.000000,0,0,0,0,432,332,300,32,400,20416,15616,0,0,0,0,432,0,0,0,0,948,9400
986,W3,4,4,8,8,0,0,0,0,0,0,0,100,100,100,0,0,0,0,100,100,100,100.000000,1600,10816,14.792899,10,10,10,10,432,332,300,32,400,20416,15616,0,0,0,0,432,0,0,0,0,876,9400
987,W3,4,4,8,8,0,0,0,0,0,0,0,100,100,0,0,0,0,0,100,100,0,0.000000,0,10816,0.000000,0,0,0,0,432,332,300,32,400,20416,15616,0,0,0,0,432,0,0,0,0,903,9400
988,W3,4,4,8,8,0,0,0,0,0,0,0,100,100,0,0,0,0,0,100,100,0,0.000000,0,10816,0.000000,0,0,0,0,432,332,300,32,400,20416,15616,0,0,0,0,432,0,0,0,0,871,9400
989,W3,4,4,8,8,0,0,0,0,0,0,0,100,100,0,0,0,0,0,100,100,0,0.000000,0,10816,0.000000,0,0,0,0,432,332,300,32,400,20416,15616,0,0,0,0,432,0,0,0,0,881,9400
990,W3,4,4,8,8,0,0,0,0,0,0,0,100,100,0,0,0,0,0,100,100,0,0.000000,0,10816,0.000000,0,0,0,0,432,332,300,32,400,20416,15616,0,0,0,0,432,0,0,0,0,856,9400
991,W3,4,4,8,8,0,0,0,0,0,0,0,100,100,0,0,0,0,0,100,100,0,0.000000,0,10816,0.000000,0,0,0,0,432,332,300,32,400,20416,15616,0,0,0,0,432,0,0,0,0,960,9400
992,W3,4,4,8,8,0,0,0,0,0,0,0,100,100,0,0,0,0,0,100,100,0,0.000000,0,10816,0.000000,0,0,0,0,432,332,300,32,400,20416,15616,0,0,0,0,432,0,0,0,0,857,9400
993,W3,4,4,8,8,0,0,0,0,0,0,0,100,100,0,0,0,0,0,100,100,0,0.000000,0,10816,0.000000,0,0,0,0,432,332,300,32,400,20416,15616,0,0,0,0,432,0,0,0,0,909,9400
994,W3,4,4,8,8,0,0,0,0,0,0,0,100,100,0,0,0,0,0,100,100,0,0.000000,0,10816,0.000000,0,0,0,0,432,332,300,32,400,20416,15616,0,0,0,0,432,0,0,0,0,860,9400
995,W3,4,4,8,8,0,0,0,0,0,0,0,100,100,100,0,0,0,0,100,100,100,100.000000,1600,10816,14.792899,10,10,10,10,432,332,300,32,400,20416,15616,0,0,0,0,432,0,0,0,0,965,9400
996,W3,4,4,8,8,0,0,0,0,0,0,0,100,100,0,0,0,0,0,100,100,0,0.000000,0,10816,0.000000,0,0,0,0,432,332,300,32,400,20416,15616,0,0,0,0,432,0,0,0,0,887,9400
997,W3,4,4,8,8,0,0,0,0,0,0,0,100,100,0,0,0,0,0,100,100,0,0.000000,0,10816,0.000000,0,0,0,0,432,332,300,32,400,20416,15616,0,0,0,0,432,0,0,0,0,1017,9400
998,W3,4,4,8,8,0,0,0,0,0,0,0,100,100,0,0,0,0,0,100,100,0,0.000000,0,10816,0.000000,0,0,0,0,432,332,300,32,400,20416,15616,0,0,0,0,432,0,0,0,0,910,9400
999,W3,4,4,8,8,0,0,0,0,0,0,0,100,100,0,0,0,0,0,100,100,0,0.000000,0,10816,0.000000,0,0,0,0,432,332,300,32,400,20416,15616,0,0,0,0,432,0,0,0,0,895,9400
1000,W3,4,4,8,8,0,0,0,0,0,0,0,100,100,0,0,0,0,0,100,100,0,0.000000,0,10816,0.000000,0,0,0,0,432,332,300,32,400,20416,15616,0,0,0,0,432,0,0,0,0,908,9400
1001,W3,4,4,8,8,0,0,0,0,0,0,0,100,100,0,0,0,0,0,100,100,0,0.000000,0,10816,0.000000,0,0,0,0,432,332,300,32,400,20416,15616,0,0,0,0,432,0,0,0,0,883,9400
1002,W3,4,4,8,8,0,0,0,0,0,0,0,100,100,0,0,0,0,0,100,100,0,0.000000,0,10816,0.000000,0,0,0,0,432,332,300,32,400,20416,15616,0,0,0,0,432,0,0,0,0,893,9400
1003,W3,4,4,8,8,0,0,0,0,0,0,0,100,100,0,0,0,0,0,100,100,0,0.000000,0,10816,0.000000,0,0,0,0,432,332,300,32,400,20416,15616,0,0,0,0,432,0,0,0,0,893,9400
1004,W3,4,4,8,8,0,0,0,0,0,0,0,100,100,100,0,0,0,0,100,100,100,100.000000,1600,10816,14.792899,10,10,10,10,432,332,300,32,400,20416,15616,0,0,0,0,432,0,0,0,0,937,9400
1005,W3,4,4,8,8,0,0,0,0,0,0,0,100,100,0,0,0,0,0,100,100,0,0.000000,0,10816,0.000000,0,0,0,0,432,332,300,32,400,20416,15616,0,0,0,0,432,0,0,0,0,881,9400
1006,W3,4,4,8,8,0,0,0,0,0,0,0,100,100,0,0,0,0,0,100,100,0,0.000000,0,10816,0.000000,0,0,0,0,432,332,300,32,400,20416,15616,0,0,0,0,432,0,0,0,0,946,9400
1007,W3,4,4,8,8,0,0,0,0,0,0,0,100,100,0,0,0,0,0,100,100,0,0.000000,0,10816,0.000000,0,0,0,0,432,332,300,32,400,20416,15616,0,0,0,0,432,0,0,0,0,891,9400
1008,W3,4,4,8,8,0,0,0,0,0,0,0,100,100,0,0,0,0,0,100,100,0,0.000000,0,10816,0.000000,0,0,0,0,432,332,300,32,400,20416,15616,0,0,0,0,432,0,0,0,0,872,9400
1009,W3,4,4,8,8,0,0,0,0,0,0,0,100,100,0,0,0,0,0,100,100,0,0.000000,0,10816,0.000000,0,0,0,0,432,332,300,32,400,20416,15616,0,0,0,0,432,0,0,0,0,912,9400
1010,W3,4,4,8,8,0,0,0,0,0,0,0,100,100,0,0,0,0,0,100,100,0,0.000000,0,10816,0.000000,0,0,0,0,432,332,300,32,400,20416,15616,0,0,0,0,432,0,0,0,0,934,9400
1011,W3,4,4,8,8,0,0,0,0,0,0,0,100,100,0,0,0,0,0,100,100,0,0.000000,0,10816,0.000000,0,0,0,0,432,332,300,32,400,20416,15616,0,0,0,0,432,0,0,0,0,867,9400
1012,W3,4,4,8,8,0,0,0,0,0,0,0,100,100,0,0,0,0,0,100,100,0,0.000000,0,10816,0.000000,0,0,0,0,432,332,300,32,400,20416,15616,0,0,0,0,432,0,0,0,0,899,9400
1013,W3,4,4,8,8,0,0,0,0,0,0,0,100,100,100,0,0,0,0,100,100,100,100.000000,1600,10816,14.792899,10,10,10,10,432,332,300,32,400,20416,15616,0,0,0,0,432,0,0,0,0,887,9400
1014,W3,4,4,8,8,0,0,0,0,0,0,0,100,100,0,0,0,0,0,100,100,0,0.000000,0,10816,0.000000,0,0,0,0,432,332,300,32,400,20416,15616,0,0,0,0,432,0,0,0,0,950,9400
1015,W3,4,4,8,8,0,0,0,0,0,0,0,100,100,0,0,0,0,0,100,100,0,0.000000,0,10816,0.000000,0,0,0,0,432,332,300,32,400,20416,15616,0,0,0,0,432,0,0,0,0,952,9400
1016,W3,4,4,8,8,0,0,0,0,0,0,0,100,100,0,0,0,0,0,100,100,0,0.000000,0,10816,0.000000,0,0,0,0,432,332,300,32,400,20416,15616,0,0,0,0,432,0,0,0,0,922,9400
1017,W3,4,4,8,8,0,0,0,0,0,0,0,100,100,0,0,0,0,0,100,100,0,0.000000,0,10816,0.000000,0,0,0,0,432,332,300,32,400,20416,15616,0,0,0,0,432,0,0,0,0,882,9400
1018,W3,4,4,8,8,0,0,0,0,0,0,0,100,100,0,0,0,0,0,100,100,0,0.000000,0,10816,0.000000,0,0,0,0,432,332,300,32,400,20416,15616,0,0,0,0,432,0,0,0,0,887,9400
1019,W3,4,4,8,8,0,0,0,0,0,0,0,100,100,0,0,0,0,0,100,100,0,0.000000,0,10816,0.000000,0,0,0,0,432,332,300,32,400,20416,15616,0,0,0,0,432,0,0,0,0,876,9400
1020,W3,4,4,8,8,0,0,0,0,0,0,0,100,100,0,0,0,0,0,100,100,0,0.000000,0,10816,0.000000,0,0,0,0,432,332,300,32,400,20416,15616,0,0,0,0,432,0,0,0,0,877,9400
1021,W3,4,4,8,8,0,0,0,0,0,0,0,100,100,0,0,0,0,0,100,100,0,0.000000,0,10816,0.000000,0,0,0,0,432,332,300,32,400,20416,15616,0,0,0,0,432,0,0,0,0,869,9400
1022,W3,4,4,8,8,0,0,0,0,0,0,0,100,100,100,0,0,0,0,100,100,100,100.000000,1600,10816,14.792899,10,10,10,10,432,332,300,32,400,20416,15616,0,0,0,0,432,0,0,0,0,877,9400
1023,W3,4,4,8,8,0,0,0,0,0,0,0,100,100,0,0,0,0,0,100,100,0,0.000000,0,10816,0.000000,0,0,0,0,432,332,300,32,400,20416,15616,0,0,0,0,432,0,0,0,0,885,9400
1024,W3,4,4,8,8,0,0,0,0,0,0,0,100,100,0,0,0,0,0,100,100,0,0.000000,0,10816,0.000000,0,0,0,0,432,332,300,32,400,20416,15616,0,0,0,0,432,0,0,0,0,941,9400
1025,W3,4,4,8,8,0,0,0,0,0,0,0,100,100,0,0,0,0,0,100,100,0,0.000000,0,10816,0.000000,0,0,0,0,432,332,300,32,400,20416,15616,0,0,0,0,432,0,0,0,0,907,9400
1026,W3,4,4,8,8,0,0,0,0,0,0,0,100,100,0,0,0,0,0,100,100,0,0.000000,0,10816,0.000000,0,0,0,0,432,332,300,32,400,20416,15616,0,0,0,0,432,0,0,0,0,923,9400
1027,W3,4,4,8,8,0,0,0,0,0,0,0,100,100,0,0,0,0,0,100,100,0,0.000000,0,10816,0.000000,0,0,0,0,432,332,300,32,400,20416,15616,0,0,0,0,432,0,0,0,0,927,9400
1028,W3,4,4,8,8,0,0,0,0,0,0,0,100,100,0,0,0,0,0,100,100,0,0.000000,0,10816,0.000000,0,0,0,0,432,332,300,32,400,20416,15616,0,0,0,0,432,0,0,0,0,934,9400
1029,W3,4,4,8,8,0,0,0,0,0,0,0,100,100,0,0,0,0,0,100,100,0,0.000000,0,10816,0.000000,0,0,0,0,432,332,300,32,400,20416,15616,0,0,0,0,432,0,0,0,0,926,9400
1030,W3,4,4,8,8,0,0,0,0,0,0,0,100,100,0,0,0,0,0,100,100,0,0.000000,0,10816,0.000000,0,0,0,0,432,332,300,32,400,20416,15616,0,0,0,0,432,0,0,0,0,872,9400
1031,W3,4,4,8,8,0,0,0,0,0,0,0,100,100,100,0,0,0,0,100,100,100,100.000000,1600,10816,14.792899,10,10,10,10,432,332,300,32,400,20416,15616,0,0,0,0,432,0,0,0,0,887,9400
1032,W3,4,4,8,8,0,0,0,0,0,0,0,100,100,0,0,0,0,0,100,100,0,0.000000,0,10816,0.000000,0,0,0,0,432,332,300,32,400,20416,15616,0,0,0,0,432,0,0,0,0,940,9400
1033,W3,4,4,8,8,0,0,0,0,0,0,0,100,100,0,0,0,0,0,100,100,0,0.000000,0,10816,0.000000,0,0,0,0,432,332,300,32,400,20416,15616,0,0,0,0,432,0,0,0,0,913,9400
1034,W3,4,4,8,8,0,0,0,0,0,0,0,100,100,0,0,0,0,0,100,100,0,0.000000,0,10816,0.000000,0,0,0,0,432,332,300,32,400,20416,15616,0,0,0,0,432,0,0,0,0,901,9400
1035,W3,4,4,8,8,0,0,0,0,0,0,0,100,100,0,0,0,0,0,100,100,0,0.000000,0,10816,0.000000,0,0,0,0,432,332,300,32,400,20416,15616,0,0,0,0,432,0,0,0,0,864,9400
1036,W3,4,4,8,8,0,0,0,0,0,0,0,100,100,0,0,0,0,0,100,100,0,0.000000,0,10816,0.000000,0,0,0,0,432,332,300,32,400,20416,15616,0,0,0,0,432,0,0,0,0,883,9400
1037,W3,4,4,8,8,0,0,0,0,0,0,0,100,100,0,0,0,0,0,100,100,0,0.000000,0,10816,0.000000,0,0,0,0,432,332,300,32,400,20416,15616,0,0,0,0,432,0,0,0,0,961,9400
1038,W3,4,4,8,8,0,0,0,0,0,0,0,100,100,0,0,0,0,0,100,100,0,0.000000,0,10816,0.000000,0,0,0,0,432,332,300,32,400,20416,15616,0,0,0,0,432,0,0,0,0,925,9400
1039,W3,4,4,8,8,0,0,0,0,0,0,0,100,100,0,0,0,0,0,100,100,0,0.000000,0,10816,0.000000,0,0,0,0,432,332,300,32,400,20416,15616,0,0,0,0,432,0,0,0,0,860,9400
1040,W3,4,4,8,8,0,0,0,0,0,0,0,100,100,100,0,0,0,0,100,100,100,100.000000,1600,10816,14.792899,10,10,10,10,432,332,300,32,400,20416,15616,0,0,0,0,432,0,0,0,0,909,9400
1041,W3,4,4,8,8,0,0,0,0,0,0,0,100,100,0,0,0,0,0,100,100,0,0.000000,0,10816,0.000000,0,0,0,0,432,332,300,32,400,20416,15616,0,0,0,0,432,0,0,0,0,891,9400
1042,W3,4,4,8,8,0,0,0,0,0,0,0,100,100,0,0,0,0,0,100,100,0,0.000000,0,10816,0.000000,0,0,0,0,432,332,300,32,400,20416,15616,0,0,0,0,432,0,0,0,0,885,9400
1043,W3,4,4,8,8,0,0,0,0,0,0,0,100,100,0,0,0,0,0,100,100,0,0.000000,0,10816,0.000000,0,0,0,0,432,332,300,32,400,20416,15616,0,0,0,0,432,0,0,0,0,908,9400
1044,W3,4,4,8,8,0,0,0,0,0,0,0,100,100,0,0,0,0,0,100,100,0,0.000000,0,10816,0.000000,0,0,0,0,432,332,300,32,400,20416,15616,0,0,0,0,432,0,0,0,0,954,9400
1045,W3,4,4,8,8,0,0,0,0,0,0,0,100,100,0,0,0,0,0,100,100,0,0.000000,0,10816,0.000000,0,0,0,0,432,332,300,32,400,20416,15616,0,0,0,0,432,0,0,0,0,908,9400
1046,W3,4,4,8,8,0,0,0,0,0,0,0,100,100,0,0,0,0,0,100,100,0,0.000000,0,10816,0.000000,0,0,0,0,432,332,300,32,400,20416,15616,0,0,0,0,432,0,0,0,0,869,9400
1047,W3,4,4,8,8,0,0,0,0,0,0,0,100,100,0,0,0,0,0,100,100,0,0.000000,0,10816,0.000000,0,0,0,0,432,332,300,32,400,20416,15616,0,0,0,0,432,0,0,0,0,920,9400
1048,W3,4,4,8,8,0,0,0,0,0,0,0,100,100,0,0,0,0,0,100,100,0,0.000000,0,10816,0.000000,0,0,0,0,432,332,300,32,400,20416,15616,0,0,0,0,432,0,0,0,0,922,9400
1049,W3,4,4,8,8,0,0,0,0,0,0,0,100,100,100,0,0,0,0,100,100,100,100.000000,1600,10816,14.792899,10,10,10,10,432,332,300,32,400,20416,15616,0,0,0,0,432,0,0,0,0,885,9400
1050,W3,4,4,8,8,0,0,0,0,0,0,0,100,100,0,0,0,0,0,100,100,0,0.000000,0,10816,0.000000,0,0,0,0,432,332,300,32,400,20416,15616,0,0,0,0,432,0,0,0,0,967,9400
1051,W3,4,4,8,8,0,0,0,0,0,0,0,100,100,0,0,0,0,0,100,100,0,0.000000,0,10816,0.000000,0,0,0,0,432,332,300,32,400,20416,15616,0,0,0,0,432,0,0,0,0,886,9400
1052,W3,4,4,8,8,0,0,0,0,0,0,0,100,100,0,0,0,0,0,100,100,0,0.000000,0,10816,0.000000,0,0,0,0,432,332,300,32,400,20416,15616,0,0,0,0,432,0,0,0,0,897,9400
1053,W3,4,4,8,8,0,0,0,0,0,0,0,100,100,0,0,0,0,0,100,100,0,0.000000,0,10816,0.000000,0,0,0,0,432,332,300,32,400,20416,15616,0,0,0,0,432,0,0,0,0,877,9400
1054,W3,4,4,8,8,0,0,0,0,0,0,0,100,100,0,0,0,0,0,100,100,0,0.000000,0,10816,0.000000,0,0,0,0,432,332,300,32,400,20416,15616,0,0,0,0,432,0,0,0,0,884,9400
1055,W3,4,4,8,8,0,0,0,0,0,0,0,100,100,0,0,0,0,0,100,100,0,0.000000,0,10816,0.000000,0,0,0,0,432,332,300,32,400,20416,15616,0,0,0,0,432,0,0,0,0,903,9400
1056,W3,4,4,8,8,0,0,0,0,0,0,0,100,100,0,0,0,0,0,100,100,0,0.000000,0,10816,0.000000,0,0,0,0,432,332,300,32,400,20416,15616,0,0,0,0,432,0,0,0,0,920,9400
1057,W3,4,4,8,8,0,0,0,0,0,0,0,100,100,0,0,0,0,0,100,100,0,0.000000,0,10816,0.000000,0,0,0,0,432,332,300,32,400,20416,15616,0,0,0,0,432,0,0,0,0,910,9400
1058,W3,4,4,8,8,0,0,0,0,0,0,0,100,100,100,0,0,0,0,100,100,100,100.000000,1600,10816,14.792899,10,10,10,10,432,332,300,32,400,20416,15616,0,0,0,0,432,0,0,0,0,889,9400
1059,W3,4,4,8,8,0,0,0,0,0,0,0,100,100,0,0,0,0,0,100,100,0,0.000000,0,10816,0.000000,0,0,0,0,432,332,300,32,400,20416,15616,0,0,0,0,432,0,0,0,0,896,9400
1060,W3,4,4,8,8,0,0,0,0,0,0,0,100,100,0,0,0,0,0,100,100,0,0.000000,0,10816,0.000000,0,0,0,0,432,332,300,32,400,20416,15616,0,0,0,0,432,0,0,0,0,884,9400
1061,W3,4,4,8,8,0,0,0,0,0,0,0,100,100,0,0,0,0,0,100,100,0,0.000000,0,10816,0.000000,0,0,0,0,432,332,300,32,400,20416,15616,0,0,0,0,432,0,0,0,0,864,9400
1062,W3,4,4,8,8,0,0,0,0,0,0,0,100,100,0,0,0,0,0,100,100,0,0.000000,0,10816,0.000000,0,0,0,0,432,332,300,32,400,20416,15616,0,0,0,0,432,0,0,0,0,863,9400
1063,W3,4,4,8,8,0,0,0,0,0,0,0,100,100,0,0,0,0,0,100,100,0,0.000000,0,10816,0.000000,0,0,0,0,432,332,300,32,400,20416,15616,0,0,0,0,432,0,0,0,0,913,9400
1064,W3,4,4,8,8,0,0,0,0,0,0,0,100,100,0,0,0,0,0,100,100,0,0.000000,0,10816,0.000000,0,0,0,0,432,332,300,32,400,20416,15616,0,0,0,0,432,0,0,0,0,938,9400
1065,W3,4,4,8,8,0,0,0,0,0,0,0,100,100,0,0,0,0,0,100,100,0,0.000000,0,10816,0.000000,0,0,0,0,432,332,300,32,400,20416,15616,0,0,0,0,432,0,0,0,0,908,9400
1066,W3,4,4,8,8,0,0,0,0,0,0,0,100,100,0,0,0,0,0,100,100,0,0.000000,0,10816,0.000000,0,0,0,0,432,332,300,32,400,20416,15616,0,0,0,0,432,0,0,0,0,903,9400
1067,W3,4,4,8,8,0,0,0,0,0,0,0,100,100,100,0,0,0,0,100,100,100,100.000000,1600,10816,14.792899,10,10,10,10,432,332,300,32,400,20416,15616,0,0,0,0,432,0,0,0,0,862,9400
1068,W3,4,4,8,8,0,0,0,0,0,0,0,100,100,0,0,0,0,0,100,100,0,0.000000,0,10816,0.000000,0,0,0,0,432,332,300,32,400,20416,15616,0,0,0,0,432,0,0,0,0,979,9400
1069,W3,4,4,8,8,0,0,0,0,0,0,0,100,100,0,0,0,0,0,100,100,0,0.000000,0,10816,0.000000,0,0,0,0,432,332,300,32,400,20416,15616,0,0,0,0,432,0,0,0,0,879,9400
1070,W3,4,4,8,8,0,0,0,0,0,0,0,100,100,0,0,0,0,0,100,100,0,0.000000,0,10816,0.000000,0,0,0,0,432,332,300,32,400,20416,15616,0,0,0,0,432,0,0,0,0,942,9400
1071,W3,4,4,8,8,0,0,0,0,0,0,0,100,100,0,0,0,0,0,100,100,0,0.000000,0,10816,0.000000,0,0,0,0,432,332,300,32,400,20416,15616,0,0,0,0,432,0,0,0,0,922,9400
1072,W3,4,4,8,8,0,0,0,0,0,0,0,100,100,0,0,0,0,0,100,100,0,0.000000,0,10816,0.000000,0,0,0,0,432,332,300,32,400,20416,15616,0,0,0,0,432,0,0,0,0,879,9400
1073,W3,4,4,8,8,0,0,0,0,0,0,0,100,100,0,0,0,0,0,100,100,0,0.000000,0,10816,0.000000,0,0,0,0,432,332,300,32,400,20416,15616,0,0,0,0,432,0,0,0,0,910,9400
1074,W3,4,4,8,8,0,0,0,0,0,0,0,100,100,0,0,0,0,0,100,100,0,0.000000,0,10816,0.000000,0,0,0,0,432,332,300,32,400,20416,15616,0,0,0,0,432,0,0,0,0,889,9400
1075,W3,4,4,8,8,0,0,0,0,0,0,0,100,100,0,0,0,0,0,100,100,0,0.000000,0,10816,0.000000,0,0,0,0,432,332,300,32,400,20416,15616,0,0,0,0,432,0,0,0,0,904,9400
1076,W3,4,4,8,8,0,0,0,0,0,0,0,100,100,100,0,0,0,0,100,100,100,100.000000,1600,10816,14.792899,10,10,10,10,432,332,300,32,400,20416,15616,0,0,0,0,432,0,0,0,0,875,9400
1077,W3,4,4,8,8,0,0,0,0,0,0,0,100,100,0,0,0,0,0,100,100,0,0.000000,0,10816,0.000000,0,0,0,0,432,332,300,32,400,20416,15616,0,0,0,0,432,0,0,0,0,859,9400
1078,W3,4,4,8,8,0,0,0,0,0,0,0,100,100,0,0,0,0,0,100,100,0,0.000000,0,10816,0.000000,0,0,0,0,432,332,300,32,400,20416,15616,0,0,0,0,432,0,0,0,0,951,9400
1079,W3,4,4,8,8,0,0,0,0,0,0,0,100,100,0,0,0,0,0,100,100,0,0.000000,0,10816,0.000000,0,0,0,0,432,332,300,32,400,20416,15616,0,0,0,0,432,0,0,0,0,886,9400
1080,W3,4,4,8,8,0,0,0,0,0,0,0,100,100,0,0,0,0,0,100,100,0,0.000000,0,10816,0.000000,0,0,0,0,432,332,300,32,400,20416,15616,0,0,0,0,432,0,0,0,0,959,9400
1081,W3,4,4,8,8,0,0,0,0,0,0,0,100,100,0,0,0,0,0,100,100,0,0.000000,0,10816,0.000000,0,0,0,0,432,332,300,32,400,20416,15616,0,0,0,0,432,0,0,0,0,885,9400
1082,W3,4,4,8,8,0,0,0,0,0,0,0,100,100,0,0,0,0,0,100,100,0,0.000000,0,10816,0.000000,0,0,0,0,432,332,300,32,400,20416,15616,0,0,0,0,432,0,0,0,0,905,9400
1083,W3,4,4,8,8,0,0,0,0,0,0,0,100,100,0,0,0,0,0,100,100,0,0.000000,0,10816,0.000000,0,0,0,0,432,332,300,32,400,20416,15616,0,0,0,0,432,0,0,0,0,891,9400
1084,W3,4,4,8,8,0,0,0,0,0,0,0,100,100,0,0,0,0,0,100,100,0,0.000000,0,10816,0.000000,0,0,0,0,432,332,300,32,400,20416,15616,0,0,0,0,432,0,0,0,0,937,9400
1085,W3,4,4,8,8,0,0,0,0,0,0,0,100,100,100,0,0,0,0,100,100,100,100.000000,1600,10816,14.792899,10,10,10,10,432,332,300,32,400,20416,15616,0,0,0,0,432,0,0,0,0,930,9400
1086,W3,4,4,8,8,0,0,0,0,0,0,0,100,100,0,0,0,0,0,100,100,0,0.000000,0,10816,0.000000,0,0,0,0,432,332,300,32,400,20416,15616,0,0,0,0,432,0,0,0,0,950,9400
1087,W3,4,4,8,8,0,0,0,0,0,0,0,100,100,0,0,0,0,0,100,100,0,0.000000,0,10816,0.000000,0,0,0,0,432,332,300,32,400,20416,15616,0,0,0,0,432,0,0,0,0,880,9400
1088,W3,4,4,8,8,0,0,0,0,0,0,0,100,100,0,0,0,0,0,100,100,0,0.000000,0,10816,0.000000,0,0,0,0,432,332,300,32,400,20416,15616,0,0,0,0,432,0,0,0,0,883,9400
1089,W3,4,4,8,8,0,0,0,0,0,0,0,100,100,0,0,0,0,0,100,100,0,0.000000,0,10816,0.000000,0,0,0,0,432,332,300,32,400,20416,15616,0,0,0,0,432,0,0,0,0,897,9400
1090,W3,4,4,8,8,0,0,0,0,0,0,0,100,100,0,0,0,0,0,100,100,0,0.000000,0,10816,0.000000,0,0,0,0,432,332,300,32,400,20416,15616,0,0,0,0,432,0,0,0,0,917,9400
1091,W3,4,4,8,8,0,0,0,0,0,0,0,100,100,0,0,0,0,0,100,100,0,0.000000,0,10816,0.000000,0,0,0,0,432,332,300,32,400,20416,15616,0,0,0,0,432,0,0,0,0,940,9400
1092,W3,4,4,8,8,0,0,0,0,0,0,0,100,100,0,0,0,0,0,100,100,0,0.000000,0,10816,0.000000,0,0,0,0,432,332,300,32,400,20416,15616,0,0,0,0,432,0,0,0,0,909,9400
1093,W3,4,4,8,8,0,0,0,0,0,0,0,100,100,0,0,0,0,0,100,100,0,0.000000,0,10816,0.000000,0,0,0,0,432,332,300,32,400,20416,15616,0,0,0,0,432,0,0,0,0,864,9400
1094,W3,4,4,8,8,0,0,0,0,0,0,0,100,100,100,0,0,0,0,100,100,100,100.000000,1600,10816,14.792899,10,10,10,10,432,332,300,32,400,20416,15616,0,0,0,0,432,0,0,0,0,906,9400
1095,W3,4,4,8,8,0,0,0,0,0,0,0,100,100,0,0,0,0,0,100,100,0,0.000000,0,10816,0.000000,0,0,0,0,432,332,300,32,400,20416,15616,0,0,0,0,432,0,0,0,0,869,9400
1096,W3,4,4,8,8,0,0,0,0,0,0,0,100,100,0,0,0,0,0,100,100,0,0.000000,0,10816,0.000000,0,0,0,0,432,332,300,32,400,20416,15616,0,0,0,0,432,0,0,0,0,887,9400
1097,W3,4,4,8,8,0,0,0,0,0,0,0,100,100,0,0,0,0,0,100,100,0,0.000000,0,10816,0.000000,0,0,0,0,432,332,300,32,400,20416,15616,0,0,0,0,432,0,0,0,0,956,9400
1098,W3,4,4,8,8,0,0,0,0,0,0,0,100,100,0,0,0,0,0,100,100,0,0.000000,0,10816,0.000000,0,0,0,0,432,332,300,32,400,20416,15616,0,0,0,0,432,0,0,0,0,907,9400
1099,W3,4,4,8,8,0,0,0,0,0,0,0,100,100,0,0,0,0,0,100,100,0,0.000000,0,10816,0.000000,0,0,0,0,432,332,300,32,400,20416,15616,0,0,0,0,432,0,0,0,0,988,9400
1100,W3,4,4,8,8,0,0,0,0,0,0,0,100,100,0,0,0,0,0,100,100,0,0.000000,0,10816,0.000000,0,0,0,0,432,332,300,32,400,20416,15616,0,0,0,0,432,0,0,0,0,984,9400
1101,W3,4,4,8,8,0,0,0,0,0,0,0,100,100,0,0,0,0,0,100,100,0,0.000000,0,10816,0.000000,0,0,0,0,432,332,300,32,400,20416,15616,0,0,0,0,432,0,0,0,0,884,9400
1102,W3,4,4,8,8,0,0,0,0,0,0,0,100,100,0,0,0,0,0,100,100,0,0.000000,0,10816,0.000000,0,0,0,0,432,332,300,32,400,20416,15616,0,0,0,0,432,0,0,0,0,939,9400
1103,W3,4,4,8,8,0,0,0,0,0,0,0,100,100,100,0,0,0,0,100,100,100,100.000000,1600,10816,14.792899,10,10,10,10,432,332,300,32,400,20416,15616,0,0,0,0,432,0,0,0,0,940,9400
1104,W3,4,4,8,8,0,0,0,0,0,0,0,100,100,0,0,0,0,0,100,100,0,0.000000,0,10816,0.000000,0,0,0,0,432,332,300,32,400,20416,15616,0,0,0,0,432,0,0,0,0,921,9400
1105,W3,4,4,8,8,0,0,0,0,0,0,0,100,100,0,0,0,0,0,100,100,0,0.000000,0,10816,0.000000,0,0,0,0,432,332,300,32,400,20416,15616,0,0,0,0,432,0,0,0,0,904,9400
1106,W3,4,4,8,8,0,0,0,0,0,0,0,100,100,0,0,0,0,0,100,100,0,0.000000,0,10816,0.000000,0,0,0,0,432,332,300,32,400,20416,15616,0,0,0,0,432,0,0,0,0,953,9400
1107,W3,4,4,8,8,0,0,0,0,0,0,0,100,100,0,0,0,0,0,100,100,0,0.000000,0,10816,0.000000,0,0,0,0,432,332,300,32,400,20416,15616,0,0,0,0,432,0,0,0,0,904,9400
1108,W3,4,4,8,8,0,0,0,0,0,0,0,100,100,0,0,0,0,0,100,100,0,0.000000,0,10816,0.000000,0,0,0,0,432,332,300,32,400,20416,15616,0,0,0,0,432,0,0,0,0,879,9400
1109,W3,4,4,8,8,0,0,0,0,0,0,0,100,100,0,0,0,0,0,100,100,0,0.000000,0,10816,0.000000,0,0,0,0,432,332,300,32,400,20416,15616,0,0,0,0,432,0,0,0,0,887,9400
1110,W3,4,4,8,8,0,0,0,0,0,0,0,100,100,0,0,0,0,0,100,100,0,0.000000,0,10816,0.000000,0,0,0,0,432,332,300,32,400,20416,15616,0,0,0,0,432,0,0,0,0,942,9400
1111,W3,4,4,8,8,0,0,0,0,0,0,0,100,100,0,0,0,0,0,100,100,0,0.000000,0,10816,0.000000,0,0,0,0,432,332,300,32,400,20416,15616,0,0,0,0,432,0,0,0,0,885,9400
1112,W3,4,4,8,8,0,0,0,0,0,0,0,100,100,100,0,0,0,0,100,100,100,100.000000,1600,10816,14.792899,10,10,10,10,432,332,300,32,400,20416,15616,0,0,0,0,432,0,0,0,0,909,9400
1113,W3,4,4,8,8,0,0,0,0,0,0,0,100,100,0,0,0,0,0,100,100,0,0.000000,0,10816,0.000000,0,0,0,0,432,332,300,32,400,20416,15616,0,0,0,0,432,0,0,0,0,926,9400
1114,W3,4,4,8,8,0,0,0,0,0,0,0,100,100,0,0,0,0,0,100,100,0,0.000000,0,10816,0.000000,0,0,0,0,432,332,300,32,400,20416,15616,0,0,0,0,432,0,0,0,0,935,9400
1115,W3,4,4,8,8,0,0,0,0,0,0,0,100,100,0,0,0,0,0,100,100,0,0.000000,0,10816,0.000000,0,0,0,0,432,332,300,32,400,20416,15616,0,0,0,0,432,0,0,0,0,886,9400
1116,W3,4,4,8,8,0,0,0,0,0,0,0,100,100,0,0,0,0,0,100,100,0,0.000000,0,10816,0.000000,0,0,0,0,432,332,300,32,400,20416,15616,0,0,0,0,432,0,0,0,0,892,9400
1117,W3,4,4,8,8,0,0,0,0,0,0,0,100,100,0,0,0,0,0,100,100,0,0.000000,0,10816,0.000000,0,0,0,0,432,332,300,32,400,20416,15616,0,0,0,0,432,0,0,0,0,946,9400
1118,W3,4,4,8,8,0,0,0,0,0,0,0,100,100,0,0,0,0,0,100,100,0,0.000000,0,10816,0.000000,0,0,0,0,432,332,300,32,400,20416,15616,0,0,0,0,432,0,0,0,0,944,9400
1119,W3,4,4,8,8,0,0,0,0,0,0,0,100,100,0,0,0,0,0,100,100,0,0.000000,0,10816,0.000000,0,0,0,0,432,332,300,32,400,20416,15616,0,0,0,0,432,0,0,0,0,895,9400
1120,W3,4,4,8,8,0,0,0,0,0,0,0,100,100,0,0,0,0,0,100,100,0,0.000000,0,10816,0.000000,0,0,0,0,432,332,300,32,400,20416,15616,0,0,0,0,432,0,0,0,0,922,9400
1121,W3,4,4,8,8,0,0,0,0,0,0,0,100,100,100,0,0,0,0,100,100,100,100.000000,1600,10816,14.792899,10,10,10,10,432,332,300,32,400,20416,15616,0,0,0,0,432,0,0,0,0,897,9400
1122,W3,4,4,8,8,0,0,0,0,0,0,0,100,100,0,0,0,0,0,100,100,0,0.000000,0,10816,0.000000,0,0,0,0,432,332,300,32,400,20416,15616,0,0,0,0,432,0,0,0,0,892,9400
1123,W3,4,4,8,8,0,0,0,0,0,0,0,100,100,0,0,0,0,0,100,100,0,0.000000,0,10816,0.000000,0,0,0,0,432,332,300,32,400,20416,15616,0,0,0,0,432,0,0,0,0,940,9400
1124,W3,4,4,8,8,0,0,0,0,0,0,0,100,100,0,0,0,0,0,100,100,0,0.000000,0,10816,0.000000,0,0,0,0,432,332,300,32,400,20416,15616,0,0,0,0,432,0,0,0,0,945,9400
1125,W3,4,4,8,8,0,0,0,0,0,0,0,100,100,0,0,0,0,0,100,100,0,0.000000,0,10816,0.000000,0,0,0,0,432,332,300,32,400,20416,15616,0,0,0,0,432,0,0,0,0,890,9400
1126,W3,4,4,8,8,0,0,0,0,0,0,0,100,100,0,0,0,0,0,100,100,0,0.000000,0,10816,0.000000,0,0,0,0,432,332,300,32,400,20416,15616,0,0,0,0,432,0,0,0,0,882,9400
1127,W3,4,4,8,8,0,0,0,0,0,0,0,100,100,0,0,0,0,0,100,100,0,0.000000,0,10816,0.000000,0,0,0,0,432,332,300,32,400,20416,15616,0,0,0,0,432,0,0,0,0,954,9400
1128,W3,4,4,8,8,0,0,0,0,0,0,0,100,100,0,0,0,0,0,100,100,0,0.000000,0,10816,0.000000,0,0,0,0,432,332,300,32,400,20416,15616,0,0,0,0,432,0,0,0,0,1000,9400
1129,W3,4,4,8,8,0,0,0,0,0,0,0,100,100,0,0,0,0,0,100,100,0,0.000000,0,10816,0.000000,0,0,0,0,432,332,300,32,400,20416,15616,0,0,0,0,432,0,0,0,0,885,9400
1130,W3,4,4,8,8,0,0,0,0,0,0,0,100,100,100,0,0,0,0,100,100,100,100.000000,1600,10816,14.792899,10,10,10,10,432,332,300,32,400,20416,15616,0,0,0,0,432,0,0,0,0,884,9400
1131,W3,4,4,8,8,0,0,0,0,0,0,0,100,100,0,0,0,0,0,100,100,0,0.000000,0,10816,0.000000,0,0,0,0,432,332,300,32,400,20416,15616,0,0,0,0,432,0,0,0,0,955,9400
1132,W3,4,4,8,8,0,0,0,0,0,0,0,100,100,0,0,0,0,0,100,100,0,0.000000,0,10816,0.000000,0,0,0,0,432,332,300,32,400,20416,15616,0,0,0,0,432,0,0,0,0,919,9400
1133,W3,4,4,8,8,0,0,0,0,0,0,0,100,100,0,0,0,0,0,100,100,0,0.000000,0,10816,0.000000,0,0,0,0,432,332,300,32,400,20416,15616,0,0,0,0,432,0,0,0,0,927,9400
1134,W3,4,4,8,8,0,0,0,0,0,0,0,100,100,0,0,0,0,0,100,100,0,0.000000,0,10816,0.000000,0,0,0,0,432,332,300,32,400,20416,15616,0,0,0,0,432,0,0,0,0,1013,9400
1135,W3,4,4,8,8,0,0,0,0,0,0,0,100,100,0,0,0,0,0,100,100,0,0.000000,0,10816,0.000000,0,0,0,0,432,332,300,32,400,20416,15616,0,0,0,0,432,0,0,0,0,938,9400
1136,W3,4,4,8,8,0,0,0,0,0,0,0,100,100,0,0,0,0,0,100,100,0,0.000000,0,10816,0.000000,0,0,0,0,432,332,300,32,400,20416,15616,0,0,0,0,432,0,0,0,0,943,9400
1137,W3,4,4,8,8,0,0,0,0,0,0,0,100,100,0,0,0,0,0,100,100,0,0.000000,0,10816,0.000000,0,0,0,0,432,332,300,32,400,20416,15616,0,0,0,0,432,0,0,0,0,886,9400
1138,W3,4,4,8,8,0,0,0,0,0,0,0,100,100,0,0,0,0,0,100,100,0,0.000000,0,10816,0.000000,0,0,0,0,432,332,300,32,400,20416,15616,0,0,0,0,432,0,0,0,0,948,9400
1139,W3,4,4,8,8,0,0,0,0,0,0,0,100,100,100,0,0,0,0,100,100,100,100.000000,1600,10816,14.792899,10,10,10,10,432,332,300,32,400,20416,15616,0,0,0,0,432,0,0,0,0,891,9400
1140,W3,4,4,8,8,0,0,0,0,0,0,0,100,100,0,0,0,0,0,100,100,0,0.000000,0,10816,0.000000,0,0,0,0,432,332,300,32,400,20416,15616,0,0,0,0,432,0,0,0,0,919,9400
1141,W3,4,4,8,8,0,0,0,0,0,0,0,100,100,0,0,0,0,0,100,100,0,0.000000,0,10816,0.000000,0,0,0,0,432,332,300,32,400,20416,15616,0,0,0,0,432,0,0,0,0,910,9400
1142,W3,4,4,8,8,0,0,0,0,0,0,0,100,100,0,0,0,0,0,100,100,0,0.000000,0,10816,0.000000,0,0,0,0,432,332,300,32,400,20416,15616,0,0,0,0,432,0,0,0,0,953,9400
1143,W3,4,4,8,8,0,0,0,0,0,0,0,100,100,0,0,0,0,0,100,100,0,0.000000,0,10816,0.000000,0,0,0,0,432,332,300,32,400,20416,15616,0,0,0,0,432,0,0,0,0,907,9400
1144,W3,4,4,8,8,0,0,0,0,0,0,0,100,100,0,0,0,0,0,100,100,0,0.000000,0,10816,0.000000,0,0,0,0,432,332,300,32,400,20416,15616,0,0,0,0,432,0,0,0,0,925,9400
1145,W3,4,4,8,8,0,0,0,0,0,0,0,100,100,0,0,0,0,0,100,100,0,0.000000,0,10816,0.000000,0,0,0,0,432,332,300,32,400,20416,15616,0,0,0,0,432,0,0,0,0,954,9400
1146,W3,4,4,8,8,0,0,0,0,0,0,0,100,100,0,0,0,0,0,100,100,0,0.000000,0,10816,0.000000,0,0,0,0,432,332,300,32,400,20416,15616,0,0,0,0,432,0,0,0,0,934,9400
1147,W3,4,4,8,8,0,0,0,0,0,0,0,100,100,0,0,0,0,0,100,100,0,0.000000,0,10816,0.000000,0,0,0,0,432,332,300,32,400,20416,15616,0,0,0,0,432,0,0,0,0,879,9400
1148,W3,4,4,8,8,0,0,0,0,0,0,0,100,100,100,0,0,0,0,100,100,100,100.000000,1600,10816,14.792899,10,10,10,10,432,332,300,32,400,20416,15616,0,0,0,0,432,0,0,0,0,940,9400
1149,W3,4,4,8,8,0,0,0,0,0,0,0,100,100,0,0,0,0,0,100,100,0,0.000000,0,10816,0.000000,0,0,0,0,432,332,300,32,400,20416,15616,0,0,0,0,432,0,0,0,0,917,9400
1150,W3,4,4,8,8,0,0,0,0,0,0,0,100,100,0,0,0,0,0,100,100,0,0.000000,0,10816,0.000000,0,0,0,0,432,332,300,32,400,20416,15616,0,0,0,0,432,0,0,0,0,1022,9400
1151,W3,4,4,8,8,0,0,0,0,0,0,0,100,100,0,0,0,0,0,100,100,0,0.000000,0,10816,0.000000,0,0,0,0,432,332,300,32,400,20416,15616,0,0,0,0,432,0,0,0,0,912,9400
1152,W3,4,4,8,8,0,0,0,0,0,0,0,100,100,0,0,0,0,0,100,100,0,0.000000,0,10816,0.000000,0,0,0,0,432,332,300,32,400,20416,15616,0,0,0,0,432,0,0,0,0,959,9400
1153,W3,4,4,8,8,0,0,0,0,0,0,0,100,100,0,0,0,0,0,100,100,0,0.000000,0,10816,0.000000,0,0,0,0,432,332,300,32,400,20416,15616,0,0,0,0,432,0,0,0,0,925,9400
1154,W3,4,4,8,8,0,0,0,0,0,0,0,100,100,0,0,0,0,0,100,100,0,0.000000,0,10816,0.000000,0,0,0,0,432,332,300,32,400,20416,15616,0,0,0,0,432,0,0,0,0,922,9400
1155,W3,4,4,8,8,0,0,0,0,0,0,0,100,100,0,0,0,0,0,100,100,0,0.000000,0,10816,0.000000,0,0,0,0,432,332,300,32,400,20416,15616,0,0,0,0,432,0,0,0,0,902,9400
1156,W3,4,4,8,8,0,0,0,0,0,0,0,100,100,0,0,0,0,0,100,100,0,0.000000,0,10816,0.000000,0,0,0,0,432,332,300,32,400,20416,15616,0,0,0,0,432,0,0,0,0,939,9400
1157,W3,4,4,8,8,0,0,0,0,0,0,0,100,100,100,0,0,0,0,100,100,100,100.000000,1600,10816,14.792899,10,10,10,10,432,332,300,32,400,20416,15616,0,0,0,0,432,0,0,0,0,900,9400
1158,W3,4,4,8,8,0,0,0,0,0,0,0,100,100,0,0,0,0,0,100,100,0,0.000000,0,10816,0.000000,0,0,0,0,432,332,300,32,400,20416,15616,0,0,0,0,432,0,0,0,0,960,9400
1159,W3,4,4,8,8,0,0,0,0,0,0,0,100,100,0,0,0,0,0,100,100,0,0.000000,0,10816,0.000000,0,0,0,0,432,332,300,32,400,20416,15616,0,0,0,0,432,0,0,0,0,880,9400
1160,W3,4,4,8,8,0,0,0,0,0,0,0,100,100,0,0,0,0,0,100,100,0,0.000000,0,10816,0.000000,0,0,0,0,432,332,300,32,400,20416,15616,0,0,0,0,432,0,0,0,0,897,9400
1161,W3,4,4,8,8,0,0,0,0,0,0,0,100,100,0,0,0,0,0,100,100,0,0.000000,0,10816,0.000000,0,0,0,0,432,332,300,32,400,20416,15616,0,0,0,0,432,0,0,0,0,856,9400
1162,W3,4,4,8,8,0,0,0,0,0,0,0,100,100,0,0,0,0,0,100,100,0,0.000000,0,10816,0.000000,0,0,0,0,432,332,300,32,400,20416,15616,0,0,0,0,432,0,0,0,0,880,9400
1163,W3,4,4,8,8,0,0,0,0,0,0,0,100,100,0,0,0,0,0,100,100,0,0.000000,0,10816,0.000000,0,0,0,0,432,332,300,32,400,20416,15616,0,0,0,0,432,0,0,0,0,897,9400
1164,W3,4,4,8,8,0,0,0,0,0,0,0,100,100,0,0,0,0,0,100,100,0,0.000000,0,10816,0.000000,0,0,0,0,432,332,300,32,400,20416,15616,0,0,0,0,432,0,0,0,0,899,9400
1165,W3,4,4,8,8,0,0,0,0,0,0,0,100,100,0,0,0,0,0,100,100,0,0.000000,0,10816,0.000000,0,0,0,0,432,332,300,32,400,20416,15616,0,0,0,0,432,0,0,0,0,939,9400
1166,W3,4,4,8,8,0,0,0,0,0,0,0,100,100,100,0,0,0,0,100,100,100,100.000000,1600,10816,14.792899,10,10,10,10,432,332,300,32,400,20416,15616,0,0,0,0,432,0,0,0,0,941,9400
1167,W3,4,4,8,8,0,0,0,0,0,0,0,100,100,0,0,0,0,0,100,100,0,0.000000,0,10816,0.000000,0,0,0,0,432,332,300,32,400,20416,15616,0,0,0,0,432,0,0,0,0,934,9400
1168,W3,4,4,8,8,0,0,0,0,0,0,0,100,100,0,0,0,0,0,100,100,0,0.000000,0,10816,0.000000,0,0,0,0,432,332,300,32,400,20416,15616,0,0,0,0,432,0,0,0,0,996,9400
1169,W3,4,4,8,8,0,0,0,0,0,0,0,100,100,0,0,0,0,0,100,100,0,0.000000,0,10816,0.000000,0,0,0,0,432,332,300,32,400,20416,15616,0,0,0,0,432,0,0,0,0,981,9400
1170,W3,4,4,8,8,0,0,0,0,0,0,0,100,100,0,0,0,0,0,100,100,0,0.000000,0,10816,0.000000,0,0,0,0,432,332,300,32,400,20416,15616,0,0,0,0,432,0,0,0,0,903,9400
1171,W3,4,4,8,8,0,0,0,0,0,0,0,100,100,0,0,0,0,0,100,100,0,0.000000,0,10816,0.000000,0,0,0,0,432,332,300,32,400,20416,15616,0,0,0,0,432,0,0,0,0,897,9400
1172,W3,4,4,8,8,0,0,0,0,0,0,0,100,100,0,0,0,0,0,100,100,0,0.000000,0,10816,0.000000,0,0,0,0,432,332,300,32,400,20416,15616,0,0,0,0,432,0,0,0,0,903,9400
1173,W3,4,4,8,8,0,0,0,0,0,0,0,100,100,0,0,0,0,0,100,100,0,0.000000,0,10816,0.000000,0,0,0,0,432,332,300,32,400,20416,15616,0,0,0,0,432,0,0,0,0,894,9400
1174,W3,4,4,8,8,0,0,0,0,0,0,0,100,100,0,0,0,0,0,100,100,0,0.000000,0,10816,0.000000,0,0,0,0,432,332,300,32,400,20416,15616,0,0,0,0,432,0,0,0,0,929,9400
1175,W3,4,4,8,8,0,0,0,0,0,0,0,100,100,100,0,0,0,0,100,100,100,100.000000,1600,10816,14.792899,10,10,10,10,432,332,300,32,400,20416,15616,0,0,0,0,432,0,0,0,0,886,9400
1176,W3,4,4,8,8,0,0,0,0,0,0,0,100,100,0,0,0,0,0,100,100,0,0.000000,0,10816,0.000000,0,0,0,0,432,332,300,32,400,20416,15616,0,0,0,0,432,0,0,0,0,947,9400
1177,W3,4,4,8,8,0,0,0,0,0,0,0,100,100,0,0,0,0,0,100,100,0,0.000000,0,10816,0.000000,0,0,0,0,432,332,300,32,400,20416,15616,0,0,0,0,432,0,0,0,0,905,9400
1178,W3,4,4,8,8,0,0,0,0,0,0,0,100,100,0,0,0,0,0,100,100,0,0.000000,0,10816,0.000000,0,0,0,0,432,332,300,32,400,20416,15616,0,0,0,0,432,0,0,0,0,972,9400
1179,W3,4,4,8,8,0,0,0,0,0,0,0,100,100,0,0,0,0,0,100,100,0,0.000000,0,10816,0.000000,0,0,0,0,432,332,300,32,400,20416,15616,0,0,0,0,432,0,0,0,0,915,9400
1180,W3,4,4,8,8,0,0,0,0,0,0,0,100,100,0,0,0,0,0,100,100,0,0.000000,0,10816,0.000000,0,0,0,0,432,332,300,32,400,20416,15616,0,0,0,0,432,0,0,0,0,897,9400
1181,W3,4,4,8,8,0,0,0,0,0,0,0,100,100,0,0,0,0,0,100,100,0,0.000000,0,10816,0.000000,0,0,0,0,432,332,300,32,400,20416,15616,0,0,0,0,432,0,0,0,0,935,9400
1182,W3,4,4,8,8,0,0,0,0,0,0,0,100,100,0,0,0,0,0,100,100,0,0.000000,0,10816,0.000000,0,0,0,0,432,332,300,32,400,20416,15616,0,0,0,0,432,0,0,0,0,906,9400
1183,W3,4,4,8,8,0,0,0,0,0,0,0,100,100,0,0,0,0,0,100,100,0,0.000000,0,10816,0.000000,0,0,0,0,432,332,300,32,400,20416,15616,0,0,0,0,432,0,0,0,0,894,9400
1184,W3,4,4,8,8,0,0,0,0,0,0,0,100,100,100,0,0,0,0,100,100,100,100.000000,1600,10816,14.792899,10,10,10,10,432,332,300,32,400,20416,15616,0,0,0,0,432,0,0,0,0,903,9400
1185,W3,4,4,8,8,0,0,0,0,0,0,0,100,100,0,0,0,0,0,100,100,0,0.000000,0,10816,0.000000,0,0,0,0,432,332,300,32,400,20416,15616,0,0,0,0,432,0,0,0,0,926,9400
1186,W3,4,4,8,8,0,0,0,0,0,0,0,100,100,0,0,0,0,0,100,100,0,0.000000,0,10816,0.000000,0,0,0,0,432,332,300,32,400,20416,15616,0,0,0,0,432,0,0,0,0,910,9400
1187,W3,4,4,8,8,0,0,0,0,0,0,0,100,100,0,0,0,0,0,100,100,0,0.000000,0,10816,0.000000,0,0,0,0,432,332,300,32,400,20416,15616,0,0,0,0,432,0,0,0,0,929,9400
1188,W3,4,4,8,8,0,0,0,0,0,0,0,100,100,0,0,0,0,0,100,100,0,0.000000,0,10816,0.000000,0,0,0,0,432,332,300,32,400,20416,15616,0,0,0,0,432,0,0,0,0,910,9400
1189,W3,4,4,8,8,0,0,0,0,0,0,0,100,100,0,0,0,0,0,100,100,0,0.000000,0,10816,0.000000,0,0,0,0,432,332,300,32,400,20416,15616,0,0,0,0,432,0,0,0,0,943,9400
1190,W3,4,4,8,8,0,0,0,0,0,0,0,100,100,0,0,0,0,0,100,100,0,0.000000,0,10816,0.000000,0,0,0,0,432,332,300,32,400,20416,15616,0,0,0,0,432,0,0,0,0,984,9400
1191,W3,4,4,8,8,0,0,0,0,0,0,0,100,100,0,0,0,0,0,100,100,0,0.000000,0,10816,0.000000,0,0,0,0,432,332,300,32,400,20416,15616,0,0,0,0,432,0,0,0,0,946,9400
1192,W3,4,4,8,8,0,0,0,0,0,0,0,100,100,0,0,0,0,0,100,100,0,0.000000,0,10816,0.000000,0,0,0,0,432,332,300,32,400,20416,15616,0,0,0,0,432,0,0,0,0,873,9400
1193,W3,4,4,8,8,0,0,0,0,0,0,0,100,100,100,0,0,0,0,100,100,100,100.000000,1600,10816,14.792899,10,10,10,10,432,332,300,32,400,20416,15616,0,0,0,0,432,0,0,0,0,914,9400
1194,W3,4,4,8,8,0,0,0,0,0,0,0,100,100,0,0,0,0,0,100,100,0,0.000000,0,10816,0.000000,0,0,0,0,432,332,300,32,400,20416,15616,0,0,0,0,432,0,0,0,0,876,9400
1195,W3,4,4,8,8,0,0,0,0,0,0,0,100,100,0,0,0,0,0,100,100,0,0.000000,0,10816,0.000000,0,0,0,0,432,332,300,32,400,20416,15616,0,0,0,0,432,0,0,0,0,883,9400
1196,W3,4,4,8,8,0,0,0,0,0,0,0,100,100,0,0,0,0,0,100,100,0,0.000000,0,10816,0.000000,0,0,0,0,432,332,300,32,400,20416,15616,0,0,0,0,432,0,0,0,0,957,9400
1197,W3,4,4,8,8,0,0,0,0,0,0,0,100,100,0,0,0,0,0,100,100,0,0.000000,0,10816,0.000000,0,0,0,0,432,332,300,32,400,20416,15616,0,0,0,0,432,0,0,0,0,996,9400
1198,W3,4,4,8,8,0,0,0,0,0,0,0,100,100,0,0,0,0,0,100,100,0,0.000000,0,10816,0.000000,0,0,0,0,432,332,300,32,400,20416,15616,0,0,0,0,432,0,0,0,0,902,9400
1199,W3,4,4,8,8,0,0,0,0,0,0,0,100,100,0,0,0,0,0,100,100,0,0.000000,0,10816,0.000000,0,0,0,0,432,332,300,32,400,20416,15616,0,0,0,0,432,0,0,0,0,894,9400
1200,W3,4,4,8,8,0,0,0,0,0,0,0,100,100,0,0,0,0,0,100,100,0,0.000000,0,10816,0.000000,0,0,0,0,432,332,300,32,400,20416,15616,0,0,0,0,432,0,0,0,0,894,9400
1201,W3,4,4,8,8,0,0,0,0,0,0,0,100,100,0,0,0,0,0,100,100,0,0.000000,0,10816,0.000000,0,0,0,0,432,332,300,32,400,20416,15616,0,0,0,0,432,0,0,0,0,905,9400
1202,W3,4,4,8,8,0,0,0,0,0,0,0,100,100,100,0,0,0,0,100,100,100,100.000000,1600,10816,14.792899,10,10,10,10,432,332,300,32,400,20416,15616,0,0,0,0,432,0,0,0,0,927,9400
1203,W3,4,4,8,8,0,0,0,0,0,0,0,100,100,0,0,0,0,0,100,100,0,0.000000,0,10816,0.000000,0,0,0,0,432,332,300,32,400,20416,15616,0,0,0,0,432,0,0,0,0,944,9400
1204,W3,4,4,8,8,0,0,0,0,0,0,0,100,100,0,0,0,0,0,100,100,0,0.000000,0,10816,0.000000,0,0,0,0,432,332,300,32,400,20416,15616,0,0,0,0,432,0,0,0,0,908,9400
1205,W3,4,4,8,8,0,0,0,0,0,0,0,100,100,0,0,0,0,0,100,100,0,0.000000,0,10816,0.000000,0,0,0,0,432,332,300,32,400,20416,15616,0,0,0,0,432,0,0,0,0,924,9400
1206,W3,4,4,8,8,0,0,0,0,0,0,0,100,100,0,0,0,0,0,100,100,0,0.000000,0,10816,0.000000,0,0,0,0,432,332,300,32,400,20416,15616,0,0,0,0,432,0,0,0,0,911,9400
1207,W3,4,4,8,8,0,0,0,0,0,0,0,100,100,0,0,0,0,0,100,100,0,0.000000,0,10816,0.000000,0,0,0,0,432,332,300,32,400,20416,15616,0,0,0,0,432,0,0,0,0,919,9400
1208,W3,4,4,8,8,0,0,0,0,0,0,0,100,100,0,0,0,0,0,100,100,0,0.000000,0,10816,0.000000,0,0,0,0,432,332,300,32,400,20416,15616,0,0,0,0,432,0,0,0,0,933,9400
1209,W3,4,4,8,8,0,0,0,0,0,0,0,100,100,0,0,0,0,0,100,100,0,0.000000,0,10816,0.000000,0,0,0,0,432,332,300,32,400,20416,15616,0,0,0,0,432,0,0,0,0,893,9400
1210,W3,4,4,8,8,0,0,0,0,0,0,0,100,100,0,0,0,0,0,100,100,0,0.000000,0,10816,0.000000,0,0,0,0,432,332,300,32,400,20416,15616,0,0,0,0,432,0,0,0,0,933,9400
1211,W3,4,4,8,8,0,0,0,0,0,0,0,100,100,100,0,0,0,0,100,100,100,100.000000,1600,10816,14.792899,10,10,10,10,432,332,300,32,400,20416,15616,0,0,0,0,432,0,0,0,0,892,9400
1212,W3,4,4,8,8,0,0,0,0,0,0,0,100,100,0,0,0,0,0,100,100,0,0.000000,0,10816,0.000000,0,0,0,0,432,332,300,32,400,20416,15616,0,0,0,0,432,0,0,0,0,952,9400
1213,W3,4,4,8,8,0,0,0,0,0,0,0,100,100,0,0,0,0,0,100,100,0,0.000000,0,10816,0.000000,0,0,0,0,432,332,300,32,400,20416,15616,0,0,0,0,432,0,0,0,0,902,9400
1214,W3,4,4,8,8,0,0,0,0,0,0,0,100,100,0,0,0,0,0,100,100,0,0.000000,0,10816,0.000000,0,0,0,0,432,332,300,32,400,20416,15616,0,0,0,0,432,0,0,0,0,936,9400
1215,W3,4,4,8,8,0,0,0,0,0,0,0,100,100,0,0,0,0,0,100,100,0,0.000000,0,10816,0.000000,0,0,0,0,432,332,300,32,400,20416,15616,0,0,0,0,432,0,0,0,0,885,9400
1216,W3,4,4,8,8,0,0,0,0,0,0,0,100,100,0,0,0,0,0,100,100,0,0.000000,0,10816,0.000000,0,0,0,0,432,332,300,32,400,20416,15616,0,0,0,0,432,0,0,0,0,880,9400
1217,W3,4,4,8,8,0,0,0,0,0,0,0,100,100,0,0,0,0,0,100,100,0,0.000000,0,10816,0.000000,0,0,0,0,432,332,300,32,400,20416,15616,0,0,0,0,432,0,0,0,0,866,9400
1218,W3,4,4,8,8,0,0,0,0,0,0,0,100,100,0,0,0,0,0,100,100,0,0.000000,0,10816,0.000000,0,0,0,0,432,332,300,32,400,20416,15616,0,0,0,0,432,0,0,0,0,934,9400
1219,W3,4,4,8,8,0,0,0,0,0,0,0,100,100,0,0,0,0,0,100,100,0,0.000000,0,10816,0.000000,0,0,0,0,432,332,300,32,400,20416,15616,0,0,0,0,432,0,0,0,0,906,9400
1220,W3,4,4,8,8,0,0,0,0,0,0,0,100,100,100,0,0,0,0,100,100,100,100.000000,1600,10816,14.792899,10,10,10,10,432,332,300,32,400,20416,15616,0,0,0,0,432,0,0,0,0,921,9400
1221,W3,4,4,8,8,0,0,0,0,0,0,0,100,100,0,0,0,0,0,100,100,0,0.000000,0,10816,0.000000,0,0,0,0,432,332,300,32,400,20416,15616,0,0,0,0,432,0,0,0,0,927,9400
1222,W3,4,4,8,8,0,0,0,0,0,0,0,100,100,0,0,0,0,0,100,100,0,0.000000,0,10816,0.000000,0,0,0,0,432,332,300,32,400,20416,15616,0,0,0,0,432,0,0,0,0,902,9400
1223,W3,4,4,8,8,0,0,0,0,0,0,0,100,100,0,0,0,0,0,100,100,0,0.000000,0,10816,0.000000,0,0,0,0,432,332,300,32,400,20416,15616,0,0,0,0,432,0,0,0,0,885,9400
1224,W3,4,4,8,8,0,0,0,0,0,0,0,100,100,0,0,0,0,0,100,100,0,0.000000,0,10816,0.000000,0,0,0,0,432,332,300,32,400,20416,15616,0,0,0,0,432,0,0,0,0,889,9400
1225,W3,4,4,8,8,0,0,0,0,0,0,0,100,100,0,0,0,0,0,100,100,0,0.000000,0,10816,0.000000,0,0,0,0,432,332,300,32,400,20416,15616,0,0,0,0,432,0,0,0,0,959,9400
1226,W3,4,4,8,8,0,0,0,0,0,0,0,100,100,0,0,0,0,0,100,100,0,0.000000,0,10816,0.000000,0,0,0,0,432,332,300,32,400,20416,15616,0,0,0,0,432,0,0,0,0,911,9400
1227,W3,4,4,8,8,0,0,0,0,0,0,0,100,100,0,0,0,0,0,100,100,0,0.000000,0,10816,0.000000,0,0,0,0,432,332,300,32,400,20416,15616,0,0,0,0,432,0,0,0,0,921,9400
1228,W3,4,4,8,8,0,0,0,0,0,0,0,100,100,0,0,0,0,0,100,100,0,0.000000,0,10816,0.000000,0,0,0,0,432,332,300,32,400,20416,15616,0,0,0,0,432,0,0,0,0,909,9400
1229,W3,4,4,8,8,0,0,0,0,0,0,0,100,100,100,0,0,0,0,100,100,100,100.000000,1600,10816,14.792899,10,10,10,10,432,332,300,32,400,20416,15616,0,0,0,0,432,0,0,0,0,913,9400
1230,W3,4,4,8,8,0,0,0,0,0,0,0,100,100,0,0,0,0,0,100,100,0,0.000000,0,10816,0.000000,0,0,0,0,432,332,300,32,400,20416,15616,0,0,0,0,432,0,0,0,0,896,9400
1231,W3,4,4,8,8,0,0,0,0,0,0,0,100,100,0,0,0,0,0,100,100,0,0.000000,0,10816,0.000000,0,0,0,0,432,332,300,32,400,20416,15616,0,0,0,0,432,0,0,0,0,948,9400
1232,W3,4,4,8,8,0,0,0,0,0,0,0,100,100,0,0,0,0,0,100,100,0,0.000000,0,10816,0.000000,0,0,0,0,432,332,300,32,400,20416,15616,0,0,0,0,432,0,0,0,0,956,9400
1233,W3,4,4,8,8,0,0,0,0,0,0,0,100,100,0,0,0,0,0,100,100,0,0.000000,0,10816,0.000000,0,0,0,0,432,332,300,32,400,20416,15616,0,0,0,0,432,0,0,0,0,902,9400
1234,W3,4,4,8,8,0,0,0,0,0,0,0,100,100,0,0,0,0,0,100,100,0,0.000000,0,10816,0.000000,0,0,0,0,432,332,300,32,400,20416,15616,0,0,0,0,432,0,0,0,0,910,9400
1235,W3,4,4,8,8,0,0,0,0,0,0,0,100,100,0,0,0,0,0,100,100,0,0.000000,0,10816,0.000000,0,0,0,0,432,332,300,32,400,20416,15616,0,0,0,0,432,0,0,0,0,926,9400
1236,W3,4,4,8,8,0,0,0,0,0,0,0,100,100,0,0,0,0,0,100,100,0,0.000000,0,10816,0.000000,0,0,0,0,432,332,300,32,400,20416,15616,0,0,0,0,432,0,0,0,0,924,9400
1237,W3,4,4,8,8,0,0,0,0,0,0,0,100,100,0,0,0,0,0,100,100,0,0.000000,0,10816,0.000000,0,0,0,0,432,332,300,32,400,20416,15616,0,0,0,0,432,0,0,0,0,937,9400
1238,W3,4,4,8,8,0,0,0,0,0,0,0,100,100,100,0,0,0,0,100,100,100,100.000000,1600,10816,14.792899,10,10,10,10,432,332,300,32,400,20416,15616,0,0,0,0,432,0,0,0,0,932,9400
1239,W3,4,4,8,8,0,0,0,0,0,0,0,100,100,0,0,0,0,0,100,100,0,0.000000,0,10816,0.000000,0,0,0,0,432,332,300,32,400,20416,15616,0,0,0,0,432,0,0,0,0,943,9400
1240,W3,4,4,8,8,0,0,0,0,0,0,0,100,100,0,0,0,0,0,100,100,0,0.000000,0,10816,0.000000,0,0,0,0,432,332,300,32,400,20416,15616,0,0,0,0,432,0,0,0,0,943,9400
1241,W3,4,4,8,8,0,0,0,0,0,0,0,100,100,0,0,0,0,0,100,100,0,0.000000,0,10816,0.000000,0,0,0,0,432,332,300,32,400,20416,15616,0,0,0,0,432,0,0,0,0,903,9400
1242,W3,4,4,8,8,0,0,0,0,0,0,0,100,100,0,0,0,0,0,100,100,0,0.000000,0,10816,0.000000,0,0,0,0,432,332,300,32,400,20416,15616,0,0,0,0,432,0,0,0,0,989,9400
1243,W3,4,4,8,8,0,0,0,0,0,0,0,100,100,0,0,0,0,0,100,100,0,0.000000,0,10816,0.000000,0,0,0,0,432,332,300,32,400,20416,15616,0,0,0,0,432,0,0,0,0,897,9400
1244,W3,4,4,8,8,0,0,0,0,0,0,0,100,100,0,0,0,0,0,100,100,0,0.000000,0,10816,0.000000,0,0,0,0,432,332,300,32,400,20416,15616,0,0,0,0,432,0,0,0,0,917,9400
1245,W3,4,4,8,8,0,0,0,0,0,0,0,100,100,0,0,0,0,0,100,100,0,0.000000,0,10816,0.000000,0,0,0,0,432,332,300,32,400,20416,15616,0,0,0,0,432,0,0,0,0,909,9400
1246,W3,4,4,8,8,0,0,0,0,0,0,0,100,100,0,0,0,0,0,100,100,0,0.000000,0,10816,0.000000,0,0,0,0,432,332,300,32,400,20416,15616,0,0,0,0,432,0,0,0,0,924,9400
1247,W3,4,4,8,8,0,0,0,0,0,0,0,100,100,100,0,0,0,0,100,100,100,100.000000,1600,10816,14.792899,10,10,10,10,432,332,300,32,400,20416,15616,0,0,0,0,432,0,0,0,0,883,9400
1248,W3,4,4,8,8,0,0,0,0,0,0,0,100,100,0,0,0,0,0,100,100,0,0.000000,0,10816,0.000000,0,0,0,0,432,332,300,32,400,20416,15616,0,0,0,0,432,0,0,0,0,894,9400
1249,W3,4,4,8,8,0,0,0,0,0,0,0,100,100,0,0,0,0,0,100,100,0,0.000000,0,10816,0.000000,0,0,0,0,432,332,300,32,400,20416,15616,0,0,0,0,432,0,0,0,0,886,9400
1250,W3,4,4,8,8,0,0,0,0,0,0,0,100,100,0,0,0,0,0,100,100,0,0.000000,0,10816,0.000000,0,0,0,0,432,332,300,32,400,20416,15616,0,0,0,0,432,0,0,0,0,875,9400
1251,W3,4,4,8,8,0,0,0,0,0,0,0,100,100,0,0,0,0,0,100,100,0,0.000000,0,10816,0.000000,0,0,0,0,432,332,300,32,400,20416,15616,0,0,0,0,432,0,0,0,0,901,9400
1252,W3,4,4,8,8,0,0,0,0,0,0,0,100,100,0,0,0,0,0,100,100,0,0.000000,0,10816,0.000000,0,0,0,0,432,332,300,32,400,20416,15616,0,0,0,0,432,0,0,0,0,906,9400
1253,W3,4,4,8,8,0,0,0,0,0,0,0,100,100,0,0,0,0,0,100,100,0,0.000000,0,10816,0.000000,0,0,0,0,432,332,300,32,400,20416,15616,0,0,0,0,432,0,0,0,0,899,9400
1254,W3,4,4,8,8,0,0,0,0,0,0,0,100,100,0,0,0,0,0,100,100,0,0.000000,0,10816,0.000000,0,0,0,0,432,332,300,32,400,20416,15616,0,0,0,0,432,0,0,0,0,946,9400
1255,W3,4,4,8,8,0,0,0,0,0,0,0,100,100,0,0,0,0,0,100,100,0,0.000000,0,10816,0.000000,0,0,0,0,432,332,300,32,400,20416,15616,0,0,0,0,432,0,0,0,0,958,9400
1256,W3,4,4,8,8,0,0,0,0,0,0,0,100,100,100,0,0,0,0,100,100,100,100.000000,1600,10816,14.792899,10,10,10,10,432,332,300,32,400,20416,15616,0,0,0,0,432,0,0,0,0,929,9400
1257,W3,4,4,8,8,0,0,0,0,0,0,0,100,100,0,0,0,0,0,100,100,0,0.000000,0,10816,0.000000,0,0,0,0,432,332,300,32,400,20416,15616,0,0,0,0,432,0,0,0,0,931,9400
1258,W3,4,4,8,8,0,0,0,0,0,0,0,100,100,0,0,0,0,0,100,100,0,0.000000,0,10816,0.000000,0,0,0,0,432,332,300,32,400,20416,15616,0,0,0,0,432,0,0,0,0,928,9400
1259,W3,4,4,8,8,0,0,0,0,0,0,0,100,100,0,0,0,0,0,100,100,0,0.000000,0,10816,0.000000,0,0,0,0,432,332,300,32,400,20416,15616,0,0,0,0,432,0,0,0,0,937,9400
1260,W3,4,4,8,8,0,0,0,0,0,0,0,100,100,0,0,0,0,0,100,100,0,0.000000,0,10816,0.000000,0,0,0,0,432,332,300,32,400,20416,15616,0,0,0,0,432,0,0,0,0,938,9400
1261,W3,4,4,8,8,0,0,0,0,0,0,0,100,100,0,0,0,0,0,100,100,0,0.000000,0,10816,0.000000,0,0,0,0,432,332,300,32,400,20416,15616,0,0,0,0,432,0,0,0,0,926,9400
1262,W3,4,4,8,8,0,0,0,0,0,0,0,100,100,0,0,0,0,0,100,100,0,0.000000,0,10816,0.000000,0,0,0,0,432,332,300,32,400,20416,15616,0,0,0,0,432,0,0,0,0,894,9400
1263,W3,4,4,8,8,0,0,0,0,0,0,0,100,100,0,0,0,0,0,100,100,0,0.000000,0,10816,0.000000,0,0,0,0,432,332,300,32,400,20416,15616,0,0,0,0,432,0,0,0,0,880,9400
1264,W3,4,4,8,8,0,0,0,0,0,0,0,100,100,0,0,0,0,0,100,100,0,0.000000,0,10816,0.000000,0,0,0,0,432,332,300,32,400,20416,15616,0,0,0,0,432,0,0,0,0,880,9400
1265,W3,4,4,8,8,0,0,0,0,0,0,0,100,100,100,0,0,0,0,100,100,100,100.000000,1600,10816,14.792899,10,10,10,10,432,332,300,32,400,20416,15616,0,0,0,0,432,0,0,0,0,923,9400
1266,W3,4,4,8,8,0,0,0,0,0,0,0,100,100,0,0,0,0,0,100,100,0,0.000000,0,10816,0.000000,0,0,0,0,432,332,300,32,400,20416,15616,0,0,0,0,432,0,0,0,0,904,9400
1267,W3,4,4,8,8,0,0,0,0,0,0,0,100,100,0,0,0,0,0,100,100,0,0.000000,0,10816,0.000000,0,0,0,0,432,332,300,32,400,20416,15616,0,0,0,0,432,0,0,0,0,895,9400
1268,W3,4,4,8,8,0,0,0,0,0,0,0,100,100,0,0,0,0,0,100,100,0,0.000000,0,10816,0.000000,0,0,0,0,432,332,300,32,400,20416,15616,0,0,0,0,432,0,0,0,0,908,9400
1269,W3,4,4,8,8,0,0,0,0,0,0,0,100,100,0,0,0,0,0,100,100,0,0.000000,0,10816,0.000000,0,0,0,0,432,332,300,32,400,20416,15616,0,0,0,0,432,0,0,0,0,1009,9400
1270,W3,4,4,8,8,0,0,0,0,0,0,0,100,100,0,0,0,0,0,100,100,0,0.000000,0,10816,0.000000,0,0,0,0,432,332,300,32,400,20416,15616,0,0,0,0,432,0,0,0,0,891,9400
1271,W3,4,4,8,8,0,0,0,0,0,0,0,100,100,0,0,0,0,0,100,100,0,0.000000,0,10816,0.000000,0,0,0,0,432,332,300,32,400,20416,15616,0,0,0,0,432,0,0,0,0,899,9400
1272,W3,4,4,8,8,0,0,0,0,0,0,0,100,100,0,0,0,0,0,100,100,0,0.000000,0,10816,0.000000,0,0,0,0,432,332,300,32,400,20416,15616,0,0,0,0,432,0,0,0,0,890,9400
1273,W3,4,4,8,8,0,0,0,0,0,0,0,100,100,0,0,0,0,0,100,100,0,0.000000,0,10816,0.000000,0,0,0,0,432,332,300,32,400,20416,15616,0,0,0,0,432,0,0,0,0,877,9400
1274,W3,4,4,8,8,0,0,0,0,0,0,0,100,100,100,0,0,0,0,100,100,100,100.000000,1600,10816,14.792899,10,10,10,10,432,332,300,32,400,20416,15616,0,0,0,0,432,0,0,0,0,916,9400
1275,W3,4,4,8,8,0,0,0,0,0,0,0,100,100,0,0,0,0,0,100,100,0,0.000000,0,10816,0.000000,0,0,0,0,432,332,300,32,400,20416,15616,0,0,0,0,432,0,0,0,0,899,9400
1276,W3,4,4,8,8,0,0,0,0,0,0,0,100,100,0,0,0,0,0,100,100,0,0.000000,0,10816,0.000000,0,0,0,0,432,332,300,32,400,20416,15616,0,0,0,0,432,0,0,0,0,929,9400
1277,W3,4,4,8,8,0,0,0,0,0,0,0,100,100,0,0,0,0,0,100,100,0,0.000000,0,10816,0.000000,0,0,0,0,432,332,300,32,400,20416,15616,0,0,0,0,432,0,0,0,0,901,9400
1278,W3,4,4,8,8,0,0,0,0,0,0,0,100,100,0,0,0,0,0,100,100,0,0.000000,0,10816,0.000000,0,0,0,0,432,332,300,32,400,20416,15616,0,0,0,0,432,0,0,0,0,913,9400
1279,W3,4,4,8,8,0,0,0,0,0,0,0,100,100,0,0,0,0,0,100,100,0,0.000000,0,10816,0.000000,0,0,0,0,432,332,300,32,400,20416,15616,0,0,0,0,432,0,0,0,0,1016,9400
1280,W3,4,4,8,8,0,0,0,0,0,0,0,100,100,0,0,0,0,0,100,100,0,0.000000,0,10816,0.000000,0,0,0,0,432,332,300,32,400,20416,15616,0,0,0,0,432,0,0,0,0,999,9400
1281,W3,4,4,8,8,0,0,0,0,0,0,0,100,100,0,0,0,0,0,100,100,0,0.000000,0,10816,0.000000,0,0,0,0,432,332,300,32,400,20416,15616,0,0,0,0,432,0,0,0,0,867,9400
1282,W3,4,4,8,8,0,0,0,0,0,0,0,100,100,0,0,0,0,0,100,100,0,0.000000,0,10816,0.000000,0,0,0,0,432,332,300,32,400,20416,15616,0,0,0,0,432,0,0,0,0,954,9400
1283,W3,4,4,8,8,0,0,0,0,0,0,0,100,100,100,0,0,0,0,100,100,100,100.000000,1600,10816,14.792899,10,10,10,10,432,332,300,32,400,20416,15616,0,0,0,0,432,0,0,0,0,920,9400
1284,W3,4,4,8,8,0,0,0,0,0,0,0,100,100,0,0,0,0,0,100,100,0,0.000000,0,10816,0.000000,0,0,0,0,432,332,300,32,400,20416,15616,0,0,0,0,432,0,0,0,0,881,9400
1285,W3,4,4,8,8,0,0,0,0,0,0,0,100,100,0,0,0,0,0,100,100,0,0.000000,0,10816,0.000000,0,0,0,0,432,332,300,32,400,20416,15616,0,0,0,0,432,0,0,0,0,883,9400
1286,W3,4,4,8,8,0,0,0,0,0,0,0,100,100,0,0,0,0,0,100,100,0,0.000000,0,10816,0.000000,0,0,0,0,432,332,300,32,400,20416,15616,0,0,0,0,432,0,0,0,0,930,9400
1287,W3,4,4,8,8,0,0,0,0,0,0,0,100,100,0,0,0,0,0,100,100,0,0.000000,0,10816,0.000000,0,0,0,0,432,332,300,32,400,20416,15616,0,0,0,0,432,0,0,0,0,922,9400
1288,W3,4,4,8,8,0,0,0,0,0,0,0,100,100,0,0,0,0,0,100,100,0,0.000000,0,10816,0.000000,0,0,0,0,432,332,300,32,400,20416,15616,0,0,0,0,432,0,0,0,0,942,9400
1289,W3,4,4,8,8,0,0,0,0,0,0,0,100,100,0,0,0,0,0,100,100,0,0.000000,0,10816,0.000000,0,0,0,0,432,332,300,32,400,20416,15616,0,0,0,0,432,0,0,0,0,965,9400
1290,W3,4,4,8,8,0,0,0,0,0,0,0,100,100,0,0,0,0,0,100,100,0,0.000000,0,10816,0.000000,0,0,0,0,432,332,300,32,400,20416,15616,0,0,0,0,432,0,0,0,0,906,9400
1291,W3,4,4,8,8,0,0,0,0,0,0,0,100,100,0,0,0,0,0,100,100,0,0.000000,0,10816,0.000000,0,0,0,0,432,332,300,32,400,20416,15616,0,0,0,0,432,0,0,0,0,910,9400
1292,W3,4,4,8,8,0,0,0,0,0,0,0,100,100,100,0,0,0,0,100,100,100,100.000000,1600,10816,14.792899,10,10,10,10,432,332,300,32,400,20416,15616,0,0,0,0,432,0,0,0,0,896,9400
1293,W3,4,4,8,8,0,0,0,0,0,0,0,100,100,0,0,0,0,0,100,100,0,0.000000,0,10816,0.000000,0,0,0,0,432,332,300,32,400,20416,15616,0,0,0,0,432,0,0,0,0,886,9400
1294,W3,4,4,8,8,0,0,0,0,0,0,0,100,100,0,0,0,0,0,100,100,0,0.000000,0,10816,0.000000,0,0,0,0,432,332,300,32,400,20416,15616,0,0,0,0,432,0,0,0,0,925,9400
1295,W3,4,4,8,8,0,0,0,0,0,0,0,100,100,0,0,0,0,0,100,100,0,0.000000,0,10816,0.000000,0,0,0,0,432,332,300,32,400,20416,15616,0,0,0,0,432,0,0,0,0,882,9400
1296,W3,4,4,8,8,0,0,0,0,0,0,0,100,100,0,0,0,0,0,100,100,0,0.000000,0,10816,0.000000,0,0,0,0,432,332,300,32,400,20416,15616,0,0,0,0,432,0,0,0,0,962,9400
1297,W3,4,4,8,8,0,0,0,0,0,0,0,100,100,0,0,0,0,0,100,100,0,0.000000,0,10816,0.000000,0,0,0,0,432,332,300,32,400,20416,15616,0,0,0,0,432,0,0,0,0,920,9400
1298,W3,4,4,8,8,0,0,0,0,0,0,0,100,100,0,0,0,0,0,100,100,0,0.000000,0,10816,0.000000,0,0,0,0,432,332,300,32,400,20416,15616,0,0,0,0,432,0,0,0,0,943,9400
1299,W3,4,4,8,8,0,0,0,0,0,0,0,100,100,0,0,0,0,0,100,100,0,0.000000,0,10816,0.000000,0,0,0,0,432,332,300,32,400,20416,15616,0,0,0,0,432,0,0,0,0,920,9400
1300,W3,4,4,8,8,0,0,0,0,0,0,0,100,100,0,0,0,0,0,100,100,0,0.000000,0,10816,0.000000,0,0,0,0,432,332,300,32,400,20416,15616,0,0,0,0,432,0,0,0,0,897,9400
1301,W3,4,4,8,8,0,0,0,0,0,0,0,100,100,100,0,0,0,0,100,100,100,100.000000,1600,10816,14.792899,10,10,10,10,432,332,300,32,400,20416,15616,0,0,0,0,432,0,0,0,0,883,9400
1302,W3,4,4,8,8,0,0,0,0,0,0,0,100,100,0,0,0,0,0,100,100,0,0.000000,0,10816,0.000000,0,0,0,0,432,332,300,32,400,20416,15616,0,0,0,0,432,0,0,0,0,870,9400
1303,W3,4,4,8,8,0,0,0,0,0,0,0,100,100,0,0,0,0,0,100,100,0,0.000000,0,10816,0.000000,0,0,0,0,432,332,300,32,400,20416,15616,0,0,0,0,432,0,0,0,0,1002,9400
1304,W3,4,4,8,8,0,0,0,0,0,0,0,100,100,0,0,0,0,0,100,100,0,0.000000,0,10816,0.000000,0,0,0,0,432,332,300,32,400,20416,15616,0,0,0,0,432,0,0,0,0,904,9400
1305,W3,4,4,8,8,0,0,0,0,0,0,0,100,100,0,0,0,0,0,100,100,0,0.000000,0,10816,0.000000,0,0,0,0,432,332,300,32,400,20416,15616,0,0,0,0,432,0,0,0,0,870,9400
1306,W3,4,4,8,8,0,0,0,0,0,0,0,100,100,0,0,0,0,0,100,100,0,0.000000,0,10816,0.000000,0,0,0,0,432,332,300,32,400,20416,15616,0,0,0,0,432,0,0,0,0,894,9400
1307,W3,4,4,8,8,0,0,0,0,0,0,0,100,100,0,0,0,0,0,100,100,0,0.000000,0,10816,0.000000,0,0,0,0,432,332,300,32,400,20416,15616,0,0,0,0,432,0,0,0,0,900,9400
1308,W3,4,4,8,8,0,0,0,0,0,0,0,100,100,0,0,0,0,0,100,100,0,0.000000,0,10816,0.000000,0,0,0,0,432,332,300,32,400,20416,15616,0,0,0,0,432,0,0,0,0,908,9400
1309,W3,4,4,8,8,0,0,0,0,0,0,0,100,100,0,0,0,0,0,100,100,0,0.000000,0,10816,0.000000,0,0,0,0,432,332,300,32,400,20416,15616,0,0,0,0,432,0,0,0,0,962,9400
1310,W3,4,4,8,8,0,0,0,0,0,0,0,100,100,100,0,0,0,0,100,100,100,100.000000,1600,10816,14.792899,10,10,10,10,432,332,300,32,400,20416,15616,0,0,0,0,432,0,0,0,0,906,9400
1311,W3,4,4,8,8,0,0,0,0,0,0,0,100,100,0,0,0,0,0,100,100,0,0.000000,0,10816,0.000000,0,0,0,0,432,332,300,32,400,20416,15616,0,0,0,0,432,0,0,0,0,899,9400
1312,W3,4,4,8,8,0,0,0,0,0,0,0,100,100,0,0,0,0,0,100,100,0,0.000000,0,10816,0.000000,0,0,0,0,432,332,300,32,400,20416,15616,0,0,0,0,432,0,0,0,0,942,9400
1313,W3,4,4,8,8,0,0,0,0,0,0,0,100,100,0,0,0,0,0,100,100,0,0.000000,0,10816,0.000000,0,0,0,0,432,332,300,32,400,20416,15616,0,0,0,0,432,0,0,0,0,953,9400
1314,W3,4,4,8,8,0,0,0,0,0,0,0,100,100,0,0,0,0,0,100,100,0,0.000000,0,10816,0.000000,0,0,0,0,432,332,300,32,400,20416,15616,0,0,0,0,432,0,0,0,0,903,9400
1315,W3,4,4,8,8,0,0,0,0,0,0,0,100,100,0,0,0,0,0,100,100,0,0.000000,0,10816,0.000000,0,0,0,0,432,332,300,32,400,20416,15616,0,0,0,0,432,0,0,0,0,894,9400
1316,W3,4,4,8,8,0,0,0,0,0,0,0,100,100,0,0,0,0,0,100,100,0,0.000000,0,10816,0.000000,0,0,0,0,432,332,300,32,400,20416,15616,0,0,0,0,432,0,0,0,0,888,9400
1317,W3,4,4,8,8,0,0,0,0,0,0,0,100,100,0,0,0,0,0,100,100,0,0.000000,0,10816,0.000000,0,0,0,0,432,332,300,32,400,20416,15616,0,0,0,0,432,0,0,0,0,872,9400
1318,W3,4,4,8,8,0,0,0,0,0,0,0,100,100,0,0,0,0,0,100,100,0,0.000000,0,10816,0.000000,0,0,0,0,432,332,300,32,400,20416,15616,0,0,0,0,432,0,0,0,0,982,9400
1319,W3,4,4,8,8,0,0,0,0,0,0,0,100,100,100,0,0,0,0,100,100,100,100.000000,1600,10816,14.792899,10,10,10,10,432,332,300,32,400,20416,15616,0,0,0,0,432,0,0,0,0,900,9400
1320,W3,4,4,8,8,0,0,0,0,0,0,0,100,100,0,0,0,0,0,100,100,0,0.000000,0,10816,0.000000,0,0,0,0,432,332,300,32,400,20416,15616,0,0,0,0,432,0,0,0,0,893,9400
1321,W3,4,4,8,8,0,0,0,0,0,0,0,100,100,0,0,0,0,0,100,100,0,0.000000,0,10816,0.000000,0,0,0,0,432,332,300,32,400,20416,15616,0,0,0,0,432,0,0,0,0,953,9400
1322,W3,4,4,8,8,0,0,0,0,0,0,0,100,100,0,0,0,0,0,100,100,0,0.000000,0,10816,0.000000,0,0,0,0,432,332,300,32,400,20416,15616,0,0,0,0,432,0,0,0,0,880,9400
1323,W3,4,4,8,8,0,0,0,0,0,0,0,100,100,0,0,0,0,0,100,100,0,0.000000,0,10816,0.000000,0,0,0,0,432,332,300,32,400,20416,15616,0,0,0,0,432,0,0,0,0,915,9400
1324,W3,4,4,8,8,0,0,0,0,0,0,0,100,100,0,0,0,0,0,100,100,0,0.000000,0,10816,0.000000,0,0,0,0,432,332,300,32,400,20416,15616,0,0,0,0,432,0,0,0,0,897,9400
1325,W3,4,4,8,8,0,0,0,0,0,0,0,100,100,0,0,0,0,0,100,100,0,0.000000,0,10816,0.000000,0,0,0,0,432,332,300,32,400,20416,15616,0,0,0,0,432,0,0,0,0,869,9400
1326,W3,4,4,8,8,0,0,0,0,0,0,0,100,100,0,0,0,0,0,100,100,0,0.000000,0,10816,0.000000,0,0,0,0,432,332,300,32,400,20416,15616,0,0,0,0,432,0,0,0,0,942,9400
1327,W3,4,4,8,8,0,0,0,0,0,0,0,100,100,0,0,0,0,0,100,100,0,0.000000,0,10816,0.000000,0,0,0,0,432,332,300,32,400,20416,15616,0,0,0,0,432,0,0,0,0,924,9400
1328,W3,4,4,8,8,0,0,0,0,0,0,0,100,100,100,0,0,0,0,100,100,100,100.000000,1600,10816,14.792899,10,10,10,10,432,332,300,32,400,20416,15616,0,0,0,0,432,0,0,0,0,959,9400
1329,W3,4,4,8,8,0,0,0,0,0,0,0,100,100,0,0,0,0,0,100,100,0,0.000000,0,10816,0.000000,0,0,0,0,432,332,300,32,400,20416,15616,0,0,0,0,432,0,0,0,0,901,9400
1330,W3,4,4,8,8,0,0,0,0,0,0,0,100,100,0,0,0,0,0,100,100,0,0.000000,0,10816,0.000000,0,0,0,0,432,332,300,32,400,20416,15616,0,0,0,0,432,0,0,0,0,903,9400
1331,W3,4,4,8,8,0,0,0,0,0,0,0,100,100,0,0,0,0,0,100,100,0,0.000000,0,10816,0.000000,0,0,0,0,432,332,300,32,400,20416,15616,0,0,0,0,432,0,0,0,0,872,9400
1332,W3,4,4,8,8,0,0,0,0,0,0,0,100,100,0,0,0,0,0,100,100,0,0.000000,0,10816,0.000000,0,0,0,0,432,332,300,32,400,20416,15616,0,0,0,0,432,0,0,0,0,901,9400
1333,W3,4,4,8,8,0,0,0,0,0,0,0,100,100,0,0,0,0,0,100,100,0,0.000000,0,10816,0.000000,0,0,0,0,432,332,300,32,400,20416,15616,0,0,0,0,432,0,0,0,0,880,9400
1334,W3,4,4,8,8,0,0,0,0,0,0,0,100,100,0,0,0,0,0,100,100,0,0.000000,0,10816,0.000000,0,0,0,0,432,332,300,32,400,20416,15616,0,0,0,0,432,0,0,0,0,892,9400
1335,W3,4,4,8,8,0,0,0,0,0,0,0,100,100,0,0,0,0,0,100,100,0,0.000000,0,10816,0.000000,0,0,0,0,432,332,300,32,400,20416,15616,0,0,0,0,432,0,0,0,0,870,9400
1336,W3,4,4,8,8,0,0,0,0,0,0,0,100,100,0,0,0,0,0,100,100,0,0.000000,0,10816,0.000000,0,0,0,0,432,332,300,32,400,20416,15616,0,0,0,0,432,0,0,0,0,919,9400
1337,W3,4,4,8,8,0,0,0,0,0,0,0,100,100,100,0,0,0,0,100,100,100,100.000000,1600,10816,14.792899,10,10,10,10,432,332,300,32,400,20416,15616,0,0,0,0,432,0,0,0,0,1008,9400
1338,W3,4,4,8,8,0,0,0,0,0,0,0,100,100,0,0,0,0,0,100,100,0,0.000000,0,10816,0.000000,0,0,0,0,432,332,300,32,400,20416,15616,0,0,0,0,432,0,0,0,0,900,9400
1339,W3,4,4,8,8,0,0,0,0,0,0,0,100,100,0,0,0,0,0,100,100,0,0.000000,0,10816,0.000000,0,0,0,0,432,332,300,32,400,20416,15616,0,0,0,0,432,0,0,0,0,867,9400
1340,W3,4,4,8,8,0,0,0,0,0,0,0,100,100,0,0,0,0,0,100,100,0,0.000000,0,10816,0.000000,0,0,0,0,432,332,300,32,400,20416,15616,0,0,0,0,432,0,0,0,0,916,9400
1341,W3,4,4,8,8,0,0,0,0,0,0,0,100,100,0,0,0,0,0,100,100,0,0.000000,0,10816,0.000000,0,0,0,0,432,332,300,32,400,20416,15616,0,0,0,0,432,0,0,0,0,883,9400
1342,W3,4,4,8,8,0,0,0,0,0,0,0,100,100,0,0,0,0,0,100,100,0,0.000000,0,10816,0.000000,0,0,0,0,432,332,300,32,400,20416,15616,0,0,0,0,432,0,0,0,0,906,9400
1343,W3,4,4,8,8,0,0,0,0,0,0,0,100,100,0,0,0,0,0,100,100,0,0.000000,0,10816,0.000000,0,0,0,0,432,332,300,32,400,20416,15616,0,0,0,0,432,0,0,0,0,906,9400
1344,W3,4,4,8,8,0,0,0,0,0,0,0,100,100,0,0,0,0,0,100,100,0,0.000000,0,10816,0.000000,0,0,0,0,432,332,300,32,400,20416,15616,0,0,0,0,432,0,0,0,0,949,9400
1345,W3,4,4,8,8,0,0,0,0,0,0,0,100,100,0,0,0,0,0,100,100,0,0.000000,0,10816,0.000000,0,0,0,0,432,332,300,32,400,20416,15616,0,0,0,0,432,0,0,0,0,903,9400
1346,W3,4,4,8,8,0,0,0,0,0,0,0,100,100,100,0,0,0,0,100,100,100,100.000000,1600,10816,14.792899,10,10,10,10,432,332,300,32,400,20416,15616,0,0,0,0,432,0,0,0,0,915,9400
1347,W3,4,4,8,8,0,0,0,0,0,0,0,100,100,0,0,0,0,0,100,100,0,0.000000,0,10816,0.000000,0,0,0,0,432,332,300,32,400,20416,15616,0,0,0,0,432,0,0,0,0,889,9400
1348,W3,4,4,8,8,0,0,0,0,0,0,0,100,100,0,0,0,0,0,100,100,0,0.000000,0,10816,0.000000,0,0,0,0,432,332,300,32,400,20416,15616,0,0,0,0,432,0,0,0,0,914,9400
1349,W3,4,4,8,8,0,0,0,0,0,0,0,100,100,0,0,0,0,0,100,100,0,0.000000,0,10816,0.000000,0,0,0,0,432,332,300,32,400,20416,15616,0,0,0,0,432,0,0,0,0,880,9400
1350,W3,4,4,8,8,0,0,0,0,0,0,0,100,100,0,0,0,0,0,100,100,0,0.000000,0,10816,0.000000,0,0,0,0,432,332,300,32,400,20416,15616,0,0,0,0,432,0,0,0,0,937,9400
1351,W3,4,4,8,8,0,0,0,0,0,0,0,100,100,0,0,0,0,0,100,100,0,0.000000,0,10816,0.000000,0,0,0,0,432,332,300,32,400,20416,15616,0,0,0,0,432,0,0,0,0,876,9400
1352,W3,4,4,8,8,0,0,0,0,0,0,0,100,100,0,0,0,0,0,100,100,0,0.000000,0,10816,0.000000,0,0,0,0,432,332,300,32,400,20416,15616,0,0,0,0,432,0,0,0,0,956,9400
1353,W3,4,4,8,8,0,0,0,0,0,0,0,100,100,0,0,0,0,0,100,100,0,0.000000,0,10816,0.000000,0,0,0,0,432,332,300,32,400,20416,15616,0,0,0,0,432,0,0,0,0,869,9400
1354,W3,4,4,8,8,0,0,0,0,0,0,0,100,100,0,0,0,0,0,100,100,0,0.000000,0,10816,0.000000,0,0,0,0,432,332,300,32,400,20416,15616,0,0,0,0,432,0,0,0,0,903,9400
1355,W3,4,4,8,8,0,0,0,0,0,0,0,100,100,100,0,0,0,0,100,100,100,100.000000,1600,10816,14.792899,10,10,10,10,432,332,300,32,400,20416,15616,0,0,0,0,432,0,0,0,0,914,9400
1356,W3,4,4,8,8,0,0,0,0,0,0,0,100,100,0,0,0,0,0,100,100,0,0.000000,0,10816,0.000000,0,0,0,0,432,332,300,32,400,20416,15616,0,0,0,0,432,0,0,0,0,943,9400
1357,W3,4,4,8,8,0,0,0,0,0,0,0,100,100,0,0,0,0,0,100,100,0,0.000000,0,10816,0.000000,0,0,0,0,432,332,300,32,400,20416,15616,0,0,0,0,432,0,0,0,0,946,9400
1358,W3,4,4,8,8,0,0,0,0,0,0,0,100,100,0,0,0,0,0,100,100,0,0.000000,0,10816,0.000000,0,0,0,0,432,332,300,32,400,20416,15616,0,0,0,0,432,0,0,0,0,890,9400
1359,W3,4,4,8,8,0,0,0,0,0,0,0,100,100,0,0,0,0,0,100,100,0,0.000000,0,10816,0.000000,0,0,0,0,432,332,300,32,400,20416,15616,0,0,0,0,432,0,0,0,0,902,9400
1360,W3,4,4,8,8,0,0,0,0,0,0,0,100,100,0,0,0,0,0,100,100,0,0.000000,0,10816,0.000000,0,0,0,0,432,332,300,32,400,20416,15616,0,0,0,0,432,0,0,0,0,927,9400
1361,W3,4,4,8,8,0,0,0,0,0,0,0,100,100,0,0,0,0,0,100,100,0,0.000000,0,10816,0.000000,0,0,0,0,432,332,300,32,400,20416,15616,0,0,0,0,432,0,0,0,0,899,9400
1362,W3,4,4,8,8,0,0,0,0,0,0,0,100,100,0,0,0,0,0,100,100,0,0.000000,0,10816,0.000000,0,0,0,0,432,332,300,32,400,20416,15616,0,0,0,0,432,0,0,0,0,952,9400
1363,W3,4,4,8,8,0,0,0,0,0,0,0,100,100,0,0,0,0,0,100,100,0,0.000000,0,10816,0.000000,0,0,0,0,432,332,300,32,400,20416,15616,0,0,0,0,432,0,0,0,0,901,9400
1364,W3,4,4,8,8,0,0,0,0,0,0,0,100,100,100,0,0,0,0,100,100,100,100.000000,1600,10816,14.792899,10,10,10,10,432,332,300,32,400,20416,15616,0,0,0,0,432,0,0,0,0,941,9400
1365,W3,4,4,8,8,0,0,0,0,0,0,0,100,100,0,0,0,0,0,100,100,0,0.000000,0,10816,0.000000,0,0,0,0,432,332,300,32,400,20416,15616,0,0,0,0,432,0,0,0,0,911,9400
1366,W3,1,1,5,5,0,0,0,0,0,0,0,100,100,0,0,0,0,0,100,100,0,0.000000,0,9904,0.000000,0,0,0,0,108,8,0,8,100,5104,304,0,0,0,0,108,0,0,0,0,318,9400
1367,W3,1,1,5,5,0,0,0,0,0,0,0,100,100,0,0,0,0,0,100,100,0,0.000000,0,9904,0.000000,0,0,0,0,108,8,0,8,100,5104,304,0,0,0,0,108,0,0,0,0,304,9400
1368,W3,1,1,5,5,0,0,0,0,0,0,0,100,100,0,0,0,0,0,100,100,0,0.000000,0,9904,0.000000,0,0,0,0,108,8,0,8,100,5104,304,0,0,0,0,108,0,0,0,0,282,9400
1369,W3,1,1,5,5,0,0,0,0,0,0,0,100,100,0,0,0,0,0,100,100,0,0.000000,0,9904,0.000000,0,0,0,0,108,8,0,8,100,5104,304,0,0,0,0,108,0,0,0,0,282,9400
1370,W3,1,1,5,5,0,0,0,0,0,0,0,100,100,0,0,0,0,0,100,100,0,0.000000,0,9904,0.000000,0,0,0,0,108,8,0,8,100,5104,304,0,0,0,0,108,0,0,0,0,276,9400
1371,W3,1,1,5,5,0,0,0,0,0,0,0,100,100,0,0,0,0,0,100,100,0,0.000000,0,9904,0.000000,0,0,0,0,108,8,0,8,100,5104,304,0,0,0,0,108,0,0,0,0,280,9400
1372,W3,1,1,5,5,0,0,0,0,0,0,0,100,100,0,0,0,0,0,100,100,0,0.000000,0,9904,0.000000,0,0,0,0,108,8,0,8,100,5104,304,0,0,0,0,108,0,0,0,0,289,9400
1373,W3,1,1,5,5,0,0,0,0,0,0,0,100,100,100,0,0,0,0,100,100,100,100.000000,1600,9904,16.155089,10,10,10,10,108,8,0,8,100,5104,304,0,0,0,0,108,0,0,0,0,311,9400
1374,W3,1,1,5,5,0,0,0,0,0,0,0,100,100,0,0,0,0,0,100,100,0,0.000000,0,9904,0.000000,0,0,0,0,108,8,0,8,100,5104,304,0,0,0,0,108,0,0,0,0,288,9400
1375,W3,1,1,5,5,0,0,0,0,0,0,0,100,100,0,0,0,0,0,100,100,0,0.000000,0,9904,0.000000,0,0,0,0,108,8,0,8,100,5104,304,0,0,0,0,108,0,0,0,0,310,9400
1376,W3,1,1,5,5,0,0,0,0,0,0,0,100,100,0,0,0,0,0,100,100,0,0.000000,0,9904,0.000000,0,0,0,0,108,8,0,8,100,5104,304,0,0,0,0,108,0,0,0,0,281,9400
1377,W3,1,1,5,5,0,0,0,0,0,0,0,100,100,0,0,0,0,0,100,100,0,0.000000,0,9904,0.000000,0,0,0,0,108,8,0,8,100,5104,304,0,0,0,0,108,0,0,0,0,274,9400
1378,W3,1,1,5,5,0,0,0,0,0,0,0,100,100,0,0,0,0,0,100,100,0,0.000000,0,9904,0.000000,0,0,0,0,108,8,0,8,100,5104,304,0,0,0,0,108,0,0,0,0,284,9400
1379,W3,1,1,5,5,0,0,0,0,0,0,0,100,100,0,0,0,0,0,100,100,0,0.000000,0,9904,0.000000,0,0,0,0,108,8,0,8,100,5104,304,0,0,0,0,108,0,0,0,0,300,9400
1380,W3,1,1,5,5,0,0,0,0,0,0,0,100,100,0,0,0,0,0,100,100,0,0.000000,0,9904,0.000000,0,0,0,0,108,8,0,8,100,5104,304,0,0,0,0,108,0,0,0,0,305,9400
1381,W3,1,1,5,5,0,0,0,0,0,0,0,100,100,0,0,0,0,0,100,100,0,0.000000,0,9904,0.000000,0,0,0,0,108,8,0,8,100,5104,304,0,0,0,0,108,0,0,0,0,275,9400
1382,W3,1,1,5,5,0,0,0,0,0,0,0,100,100,100,0,0,0,0,100,100,100,100.000000,1600,9904,16.155089,10,10,10,10,108,8,0,8,100,5104,304,0,0,0,0,108,0,0,0,0,285,9400
1383,W3,1,1,5,5,0,0,0,0,0,0,0,100,100,0,0,0,0,0,100,100,0,0.000000,0,9904,0.000000,0,0,0,0,108,8,0,8,100,5104,304,0,0,0,0,108,0,0,0,0,271,9400
1384,W3,1,1,5,5,0,0,0,0,0,0,0,100,100,0,0,0,0,0,100,100,0,0.000000,0,9904,0.000000,0,0,0,0,108,8,0,8,100,5104,304,0,0,0,0,108,0,0,0,0,294,9400
1385,W3,1,1,5,5,0,0,0,0,0,0,0,100,100,0,0,0,0,0,100,100,0,0.000000,0,9904,0.000000,0,0,0,0,108,8,0,8,100,5104,304,0,0,0,0,108,0,0,0,0,281,9400
1386,W3,1,1,5,5,0,0,0,0,0,0,0,100,100,0,0,0,0,0,100,100,0,0.000000,0,9904,0.000000,0,0,0,0,108,8,0,8,100,5104,304,0,0,0,0,108,0,0,0,0,291,9400
1387,W3,1,1,5,5,0,0,0,0,0,0,0,100,100,0,0,0,0,0,100,100,0,0.000000,0,9904,0.000000,0,0,0,0,108,8,0,8,100,5104,304,0,0,0,0,108,0,0,0,0,304,9400
1388,W3,1,1,5,5,0,0,0,0,0,0,0,100,100,0,0,0,0,0,100,100,0,0.000000,0,9904,0.000000,0,0,0,0,108,8,0,8,100,5104,304,0,0,0,0,108,0,0,0,0,280,9400
1389,W3,1,1,5,5,0,0,0,0,0,0,0,100,100,0,0,0,0,0,100,100,0,0.000000,0,9904,0.000000,0,0,0,0,108,8,0,8,100,5104,304,0,0,0,0,108,0,0,0,0,411,9400
1390,W3,1,1,5,5,0,0,0,0,0,0,0,100,100,0,0,0,0,0,100,100,0,0.000000,0,9904,0.000000,0,0,0,0,108,8,0,8,100,5104,304,0,0,0,0,108,0,0,0,0,298,9400
1391,W3,1,1,5,5,0,0,0,0,0,0,0,100,100,100,0,0,0,0,100,100,100,100.000000,1600,9904,16.155089,10,10,10,10,108,8,0,8,100,5104,304,0,0,0,0,108,0,0,0,0,281,9400
1392,W3,1,1,5,5,0,0,0,0,0,0,0,100,100,0,0,0,0,0,100,100,0,0.000000,0,9904,0.000000,0,0,0,0,108,8,0,8,100,5104,304,0,0,0,0,108,0,0,0,0,288,9400
1393,W3,1,1,5,5,0,0,0,0,0,0,0,100,100,0,0,0,0,0,100,100,0,0.000000,0,9904,0.000000,0,0,0,0,108,8,0,8,100,5104,304,0,0,0,0,108,0,0,0,0,301,9400
1394,W3,1,1,5,5,0,0,0,0,0,0,0,100,100,0,0,0,0,0,100,100,0,0.000000,0,9904,0.000000,0,0,0,0,108,8,0,8,100,5104,304,0,0,0,0,108,0,0,0,0,315,9400
1395,W3,1,1,5,5,0,0,0,0,0,0,0,100,100,0,0,0,0,0,100,100,0,0.000000,0,9904,0.000000,0,0,0,0,108,8,0,8,100,5104,304,0,0,0,0,108,0,0,0,0,287,9400
1396,W3,1,1,5,5,0,0,0,0,0,0,0,100,100,0,0,0,0,0,100,100,0,0.000000,0,9904,0.000000,0,0,0,0,108,8,0,8,100,5104,304,0,0,0,0,108,0,0,0,0,319,9400
1397,W3,1,1,5,5,0,0,0,0,0,0,0,100,100,0,0,0,0,0,100,100,0,0.000000,0,9904,0.000000,0,0,0,0,108,8,0,8,100,5104,304,0,0,0,0,108,0,0,0,0,291,9400
1398,W3,1,1,5,5,0,0,0,0,0,0,0,100,100,0,0,0,0,0,100,100,0,0.000000,0,9904,0.000000,0,0,0,0,108,8,0,8,100,5104,304,0,0,0,0,108,0,0,0,0,296,9400
1399,W3,1,1,5,5,0,0,0,0,0,0,0,100,100,0,0,0,0,0,100,100,0,0.000000,0,9904,0.000000,0,0,0,0,108,8,0,8,100,5104,304,0,0,0,0,108,0,0,0,0,300,9400
1400,W3,1,1,5,5,0,0,0,0,0,0,0,100,100,100,0,0,0,0,100,100,100,100.000000,1600,9904,16.155089,10,10,10,10,108,8,0,8,100,5104,304,0,0,0,0,108,0,0,0,0,295,9400
1401,W3,1,1,5,5,0,0,0,0,0,0,0,100,100,0,0,0,0,0,100,100,0,0.000000,0,9904,0.000000,0,0,0,0,108,8,0,8,100,5104,304,0,0,0,0,108,0,0,0,0,306,9400
1402,W3,1,1,5,5,0,0,0,0,0,0,0,100,100,0,0,0,0,0,100,100,0,0.000000,0,9904,0.000000,0,0,0,0,108,8,0,8,100,5104,304,0,0,0,0,108,0,0,0,0,293,9400
1403,W3,1,1,5,5,0,0,0,0,0,0,0,100,100,0,0,0,0,0,100,100,0,0.000000,0,9904,0.000000,0,0,0,0,108,8,0,8,100,5104,304,0,0,0,0,108,0,0,0,0,290,9400
1404,W3,1,1,5,5,0,0,0,0,0,0,0,100,100,0,0,0,0,0,100,100,0,0.000000,0,9904,0.000000,0,0,0,0,108,8,0,8,100,5104,304,0,0,0,0,108,0,0,0,0,288,9400
1405,W3,1,1,5,5,0,0,0,0,0,0,0,100,100,0,0,0,0,0,100,100,0,0.000000,0,9904,0.000000,0,0,0,0,108,8,0,8,100,5104,304,0,0,0,0,108,0,0,0,0,280,9400
1406,W3,1,1,5,5,0,0,0,0,0,0,0,100,100,0,0,0,0,0,100,100,0,0.000000,0,9904,0.000000,0,0,0,0,108,8,0,8,100,5104,304,0,0,0,0,108,0,0,0,0,284,9400
1407,W3,1,1,5,5,0,0,0,0,0,0,0,100,100,0,0,0,0,0,100,100,0,0.000000,0,9904,0.000000,0,0,0,0,108,8,0,8,100,5104,304,0,0,0,0,108,0,0,0,0,308,9400
1408,W3,1,1,5,5,0,0,0,0,0,0,0,100,100,0,0,0,0,0,100,100,0,0.000000,0,9904,0.000000,0,0,0,0,108,8,0,8,100,5104,304,0,0,0,0,108,0,0,0,0,317,9400
1409,W3,1,1,5,5,0,0,0,0,0,0,0,100,100,100,0,0,0,0,100,100,100,100.000000,1600,9904,16.155089,10,10,10,10,108,8,0,8,100,5104,304,0,0,0,0,108,0,0,0,0,295,9400
1410,W3,1,1,5,5,0,0,0,0,0,0,0,100,100,0,0,0,0,0,100,100,0,0.000000,0,9904,0.000000,0,0,0,0,108,8,0,8,100,5104,304,0,0,0,0,108,0,0,0,0,316,9400
1411,W3,1,1,5,5,0,0,0,0,0,0,0,100,100,0,0,0,0,0,100,100,0,0.000000,0,9904,0.000000,0,0,0,0,108,8,0,8,100,5104,304,0,0,0,0,108,0,0,0,0,297,9400
1412,W3,1,1,5,5,0,0,0,0,0,0,0,100,100,0,0,0,0,0,100,100,0,0.000000,0,9904,0.000000,0,0,0,0,108,8,0,8,100,5104,304,0,0,0,0,108,0,0,0,0,280,9400
1413,W3,1,1,5,5,0,0,0,0,0,0,0,100,100,0,0,0,0,0,100,100,0,0.000000,0,9904,0.000000,0,0,0,0,108,8,0,8,100,5104,304,0,0,0,0,108,0,0,0,0,346,9400
1414,W3,1,1,5,5,0,0,0,0,0,0,0,100,100,0,0,0,0,0,100,100,0,0.000000,0,9904,0.000000,0,0,0,0,108,8,0,8,100,5104,304,0,0,0,0,108,0,0,0,0,303,9400
1415,W3,1,1,5,5,0,0,0,0,0,0,0,100,100,0,0,0,0,0,100,100,0,0.000000,0,9904,0.000000,0,0,0,0,108,8,0,8,100,5104,304,0,0,0,0,108,0,0,0,0,315,9400
1416,W3,1,1,5,5,0,0,0,0,0,0,0,100,100,0,0,0,0,0,100,100,0,0.000000,0,9904,0.000000,0,0,0,0,108,8,0,8,100,5104,304,0,0,0,0,108,0,0,0,0,315,9400
1417,W3,1,1,5,5,0,0,0,0,0,0,0,100,100,0,0,0,0,0,100,100,0,0.000000,0,9904,0.000000,0,0,0,0,108,8,0,8,100,5104,304,0,0,0,0,108,0,0,0,0,297,9400
1418,W3,1,1,5,5,0,0,0,0,0,0,0,100,100,100,0,0,0,0,100,100,100,100.000000,1600,9904,16.155089,10,10,10,10,108,8,0,8,100,5104,304,0,0,0,0,108,0,0,0,0,313,9400
1419,W3,1,1,5,5,0,0,0,0,0,0,0,100,100,0,0,0,0,0,100,100,0,0.000000,0,9904,0.000000,0,0,0,0,108,8,0,8,100,5104,304,0,0,0,0,108,0,0,0,0,291,9400
1420,W3,1,1,5,5,0,0,0,0,0,0,0,100,100,0,0,0,0,0,100,100,0,0.000000,0,9904,0.000000,0,0,0,0,108,8,0,8,100,5104,304,0,0,0,0,108,0,0,0,0,295,9400
1421,W3,1,1,5,5,0,0,0,0,0,0,0,100,100,0,0,0,0,0,100,100,0,0.000000,0,9904,0.000000,0,0,0,0,108,8,0,8,100,5104,304,0,0,0,0,108,0,0,0,0,281,9400
1422,W3,1,1,5,5,0,0,0,0,0,0,0,100,100,0,0,0,0,0,100,100,0,0.000000,0,9904,0.000000,0,0,0,0,108,8,0,8,100,5104,304,0,0,0,0,108,0,0,0,0,282,9400
1423,W3,1,1,5,5,0,0,0,0,0,0,0,100,100,0,0,0,0,0,100,100,0,0.000000,0,9904,0.000000,0,0,0,0,108,8,0,8,100,5104,304,0,0,0,0,108,0,0,0,0,294,9400
1424,W3,1,1,5,5,0,0,0,0,0,0,0,100,100,0,0,0,0,0,100,100,0,0.000000,0,9904,0.000000,0,0,0,0,108,8,0,8,100,5104,304,0,0,0,0,108,0,0,0,0,295,9400
1425,W3,1,1,5,5,0,0,0,0,0,0,0,100,100,0,0,0,0,0,100,100,0,0.000000,0,9904,0.000000,0,0,0,0,108,8,0,8,100,5104,304,0,0,0,0,108,0,0,0,0,301,9400
1426,W3,1,1,5,5,0,0,0,0,0,0,0,100,100,0,0,0,0,0,100,100,0,0.000000,0,9904,0.000000,0,0,0,0,108,8,0,8,100,5104,304,0,0,0,0,108,0,0,0,0,309,9400
1427,W3,1,1,5,5,0,0,0,0,0,0,0,100,100,100,0,0,0,0,100,100,100,100.000000,1600,9904,16.155089,10,10,10,10,108,8,0,8,100,5104,304,0,0,0,0,108,0,0,0,0,294,9400
1428,W3,1,1,5,5,0,0,0,0,0,0,0,100,100,0,0,0,0,0,100,100,0,0.000000,0,9904,0.000000,0,0,0,0,108,8,0,8,100,5104,304,0,0,0,0,108,0,0,0,0,289,9400
1429,W3,1,1,5,5,0,0,0,0,0,0,0,100,100,0,0,0,0,0,100,100,0,0.000000,0,9904,0.000000,0,0,0,0,108,8,0,8,100,5104,304,0,0,0,0,108,0,0,0,0,281,9400
1430,W3,1,1,5,5,0,0,0,0,0,0,0,100,100,0,0,0,0,0,100,100,0,0.000000,0,9904,0.000000,0,0,0,0,108,8,0,8,100,5104,304,0,0,0,0,108,0,0,0,0,297,9400
1431,W3,1,1,5,5,0,0,0,0,0,0,0,100,100,0,0,0,0,0,100,100,0,0.000000,0,9904,0.000000,0,0,0,0,108,8,0,8,100,5104,304,0,0,0,0,108,0,0,0,0,310,9400
1432,W3,1,1,5,5,0,0,0,0,0,0,0,100,100,0,0,0,0,0,100,100,0,0.000000,0,9904,0.000000,0,0,0,0,108,8,0,8,100,5104,304,0,0,0,0,108,0,0,0,0,305,9400
1433,W3,1,1,5,5,0,0,0,0,0,0,0,100,100,0,0,0,0,0,100,100,0,0.000000,0,9904,0.000000,0,0,0,0,108,8,0,8,100,5104,304,0,0,0,0,108,0,0,0,0,344,9400
1434,W3,1,1,5,5,0,0,0,0,0,0,0,100,100,0,0,0,0,0,100,100,0,0.000000,0,9904,0.000000,0,0,0,0,108,8,0,8,100,5104,304,0,0,0,0,108,0,0,0,0,280,9400
1435,W3,1,1,5,5,0,0,0,0,0,0,0,100,100,0,0,0,0,0,100,100,0,0.000000,0,9904,0.000000,0,0,0,0,108,8,0,8,100,5104,304,0,0,0,0,108,0,0,0,0,264,9400
1436,W3,1,1,5,5,0,0,0,0,0,0,0,100,100,100,0,0,0,0,100,100,100,100.000000,1600,9904,16.155089,10,10,10,10,108,8,0,8,100,5104,304,0,0,0,0,108,0,0,0,0,265,9400
1437,W3,1,1,5,5,0,0,0,0,0,0,0,100,100,0,0,0,0,0,100,100,0,0.000000,0,9904,0.000000,0,0,0,0,108,8,0,8,100,5104,304,0,0,0,0,108,0,0,0,0,272,9400
1438,W3,1,1,5,5,0,0,0,0,0,0,0,100,100,0,0,0,0,0,100,100,0,0.000000,0,9904,0.000000,0,0,0,0,108,8,0,8,100,5104,304,0,0,0,0,108,0,0,0,0,298,9400
1439,W3,1,1,5,5,0,0,0,0,0,0,0,100,100,0,0,0,0,0,100,100,0,0.000000,0,9904,0.000000,0,0,0,0,108,8,0,8,100,5104,304,0,0,0,0,108,0,0,0,0,286,9400
1440,W3,1,1,5,5,0,0,0,0,0,0,0,100,100,0,0,0,0,0,100,100,0,0.000000,0,9904,0.000000,0,0,0,0,108,8,0,8,100,5104,304,0,0,0,0,108,0,0,0,0,297,9400
1441,W3,1,1,5,5,0,0,0,0,0,0,0,100,100,0,0,0,0,0,100,100,0,0.000000,0,9904,0.000000,0,0,0,0,108,8,0,8,100,5104,304,0,0,0,0,108,0,0,0,0,345,9400
1442,W3,1,1,5,5,0,0,0,0,0,0,0,100,100,0,0,0,0,0,100,100,0,0.000000,0,9904,0.000000,0,0,0,0,108,8,0,8,100,5104,304,0,0,0,0,108,0,0,0,0,317,9400
1443,W3,1,1,5,5,0,0,0,0,0,0,0,100,100,0,0,0,0,0,100,100,0,0.000000,0,9904,0.000000,0,0,0,0,108,8,0,8,100,5104,304,0,0,0,0,108,0,0,0,0,288,9400
1444,W3,1,1,5,5,0,0,0,0,0,0,0,100,100,0,0,0,0,0,100,100,0,0.000000,0,9904,0.000000,0,0,0,0,108,8,0,8,100,5104,304,0,0,0,0,108,0,0,0,0,299,9400
1445,W3,1,1,5,5,0,0,0,0,0,0,0,100,100,100,0,0,0,0,100,100,100,100.000000,1600,9904,16.155089,10,10,10,10,108,8,0,8,100,5104,304,0,0,0,0,108,0,0,0,0,301,9400
1446,W3,1,1,5,5,0,0,0,0,0,0,0,100,100,0,0,0,0,0,100,100,0,0.000000,0,9904,0.000000,0,0,0,0,108,8,0,8,100,5104,304,0,0,0,0,108,0,0,0,0,298,9400
1447,W3,1,1,5,5,0,0,0,0,0,0,0,100,100,0,0,0,0,0,100,100,0,0.000000,0,9904,0.000000,0,0,0,0,108,8,0,8,100,5104,304,0,0,0,0,108,0,0,0,0,326,9400
1448,W3,1,1,5,5,0,0,0,0,0,0,0,100,100,0,0,0,0,0,100,100,0,0.000000,0,9904,0.000000,0,0,0,0,108,8,0,8,100,5104,304,0,0,0,0,108,0,0,0,0,306,9400
1449,W3,1,1,5,5,0,0,0,0,0,0,0,100,100,0,0,0,0,0,100,100,0,0.000000,0,9904,0.000000,0,0,0,0,108,8,0,8,100,5104,304,0,0,0,0,108,0,0,0,0,316,9400
1450,W3,1,1,5,5,0,0,0,0,0,0,0,100,100,0,0,0,0,0,100,100,0,0.000000,0,9904,0.000000,0,0,0,0,108,8,0,8,100,5104,304,0,0,0,0,108,0,0,0,0,312,9400
1451,W3,1,1,5,5,0,0,0,0,0,0,0,100,100,0,0,0,0,0,100,100,0,0.000000,0,9904,0.000000,0,0,0,0,108,8,0,8,100,5104,304,0,0,0,0,108,0,0,0,0,540,9400
1452,W3,1,1,5,5,0,0,0,0,0,0,0,100,100,0,0,0,0,0,100,100,0,0.000000,0,9904,0.000000,0,0,0,0,108,8,0,8,100,5104,304,0,0,0,0,108,0,0,0,0,301,9400
1453,W3,1,1,5,5,0,0,0,0,0,0,0,100,100,0,0,0,0,0,100,100,0,0.000000,0,9904,0.000000,0,0,0,0,108,8,0,8,100,5104,304,0,0,0,0,108,0,0,0,0,296,9400
1454,W3,1,1,5,5,0,0,0,0,0,0,0,100,100,100,0,0,0,0,100,100,100,100.000000,1600,9904,16.155089,10,10,10,10,108,8,0,8,100,5104,304,0,0,0,0,108,0,0,0,0,302,9400
1455,W3,1,1,5,5,0,0,0,0,0,0,0,100,100,0,0,0,0,0,100,100,0,0.000000,0,9904,0.000000,0,0,0,0,108,8,0,8,100,5104,304,0,0,0,0,108,0,0,0,0,303,9400
1456,W3,1,1,5,5,0,0,0,0,0,0,0,100,100,0,0,0,0,0,100,100,0,0.000000,0,9904,0.000000,0,0,0,0,108,8,0,8,100,5104,304,0,0,0,0,108,0,0,0,0,306,9400
1457,W3,1,1,5,5,0,0,0,0,0,0,0,100,100,0,0,0,0,0,100,100,0,0.000000,0,9904,0.000000,0,0,0,0,108,8,0,8,100,5104,304,0,0,0,0,108,0,0,0,0,288,9400
1458,W3,1,1,5,5,0,0,0,0,0,0,0,100,100,0,0,0,0,0,100,100,0,0.000000,0,9904,0.000000,0,0,0,0,108,8,0,8,100,5104,304,0,0,0,0,108,0,0,0,0,305,9400
1459,W3,1,1,5,5,0,0,0,0,0,0,0,100,100,0,0,0,0,0,100,100,0,0.000000,0,9904,0.000000,0,0,0,0,108,8,0,8,100,5104,304,0,0,0,0,108,0,0,0,0,304,9400
1460,W3,1,1,5,5,0,0,0,0,0,0,0,100,100,0,0,0,0,0,100,100,0,0.000000,0,9904,0.000000,0,0,0,0,108,8,0,8,100,5104,304,0,0,0,0,108,0,0,0,0,297,9400
1461,W3,1,1,5,5,0,0,0,0,0,0,0,100,100,0,0,0,0,0,100,100,0,0.000000,0,9904,0.000000,0,0,0,0,108,8,0,8,100,5104,304,0,0,0,0,108,0,0,0,0,329,9400
1462,W3,1,1,5,5,0,0,0,0,0,0,0,100,100,0,0,0,0,0,100,100,0,0.000000,0,9904,0.000000,0,0,0,0,108,8,0,8,100,5104,304,0,0,0,0,108,0,0,0,0,304,9400
1463,W3,1,1,5,5,0,0,0,0,0,0,0,100,100,100,0,0,0,0,100,100,100,100.000000,1600,9904,16.155089,10,10,10,10,108,8,0,8,100,5104,304,0,0,0,0,108,0,0,0,0,287,9400
1464,W3,1,1,5,5,0,0,0,0,0,0,0,100,100,0,0,0,0,0,100,100,0,0.000000,0,9904,0.000000,0,0,0,0,108,8,0,8,100,5104,304,0,0,0,0,108,0,0,0,0,310,9400
1465,W3,1,1,5,5,0,0,0,0,0,0,0,100,100,0,0,0,0,0,100,100,0,0.000000,0,9904,0.000000,0,0,0,0,108,8,0,8,100,5104,304,0,0,0,0,108,0,0,0,0,293,9400
1466,W3,1,1,5,5,0,0,0,0,0,0,0,100,100,0,0,0,0,0,100,100,0,0.000000,0,9904,0.000000,0,0,0,0,108,8,0,8,100,5104,304,0,0,0,0,108,0,0,0,0,289,9400
1467,W3,1,1,5,5,0,0,0,0,0,0,0,100,100,0,0,0,0,0,100,100,0,0.000000,0,9904,0.000000,0,0,0,0,108,8,0,8,100,5104,304,0,0,0,0,108,0,0,0,0,283,9400
1468,W3,1,1,5,5,0,0,0,0,0,0,0,100,100,0,0,0,0,0,100,100,0,0.000000,0,9904,0.000000,0,0,0,0,108,8,0,8,100,5104,304,0,0,0,0,108,0,0,0,0,282,9400
1469,W3,1,1,5,5,0,0,0,0,0,0,0,100,100,0,0,0,0,0,100,100,0,0.000000,0,9904,0.000000,0,0,0,0,108,8,0,8,100,5104,304,0,0,0,0,108,0,0,0,0,299,9400
1470,W3,1,1,5,5,0,0,0,0,0,0,0,100,100,0,0,0,0,0,100,100,0,0.000000,0,9904,0.000000,0,0,0,0,108,8,0,8,100,5104,304,0,0,0,0,108,0,0,0,0,280,9400
1471,W3,1,1,5,5,0,0,0,0,0,0,0,100,100,0,0,0,0,0,100,100,0,0.000000,0,9904,0.000000,0,0,0,0,108,8,0,8,100,5104,304,0,0,0,0,108,0,0,0,0,273,9400
1472,W3,1,1,5,5,0,0,0,0,0,0,0,100,100,100,0,0,0,0,100,100,100,100.000000,1600,9904,16.155089,10,10,10,10,108,8,0,8,100,5104,304,0,0,0,0,108,0,0,0,0,298,9400
1473,W3,1,1,5,5,0,0,0,0,0,0,0,100,100,0,0,0,0,0,100,100,0,0.000000,0,9904,0.000000,0,0,0,0,108,8,0,8,100,5104,304,0,0,0,0,108,0,0,0,0,272,9400
1474,W3,1,1,5,5,0,0,0,0,0,0,0,100,100,0,0,0,0,0,100,100,0,0.000000,0,9904,0.000000,0,0,0,0,108,8,0,8,100,5104,304,0,0,0,0,108,0,0,0,0,316,9400
1475,W3,1,1,5,5,0,0,0,0,0,0,0,100,100,0,0,0,0,0,100,100,0,0.000000,0,9904,0.000000,0,0,0,0,108,8,0,8,100,5104,304,0,0,0,0,108,0,0,0,0,281,9400
1476,W3,1,1,5,5,0,0,0,0,0,0,0,100,100,0,0,0,0,0,100,100,0,0.000000,0,9904,0.000000,0,0,0,0,108,8,0,8,100,5104,304,0,0,0,0,108,0,0,0,0,288,9400
1477,W3,1,1,5,5,0,0,0,0,0,0,0,100,100,0,0,0,0,0,100,100,0,0.000000,0,9904,0.000000,0,0,0,0,108,8,0,8,100,5104,304,0,0,0,0,108,0,0,0,0,293,9400
1478,W3,1,1,5,5,0,0,0,0,0,0,0,100,100,0,0,0,0,0,100,100,0,0.000000,0,9904,0.000000,0,0,0,0,108,8,0,8,100,5104,304,0,0,0,0,108,0,0,0,0,297,9400
1479,W3,1,1,5,5,0,0,0,0,0,0,0,100,100,0,0,0,0,0,100,100,0,0.000000,0,9904,0.000000,0,0,0,0,108,8,0,8,100,5104,304,0,0,0,0,108,0,0,0,0,308,9400
1480,W3,1,1,5,5,0,0,0,0,0,0,0,100,100,0,0,0,0,0,100,100,0,0.000000,0,9904,0.000000,0,0,0,0,108,8,0,8,100,5104,304,0,0,0,0,108,0,0,0,0,295,9400
1481,W3,1,1,5,5,0,0,0,0,0,0,0,100,100,100,0,0,0,0,100,100,100,100.000000,1600,9904,16.155089,10,10,10,10,108,8,0,8,100,5104,304,0,0,0,0,108,0,0,0,0,285,9400
1482,W3,1,1,5,5,0,0,0,0,0,0,0,100,100,0,0,0,0,0,100,100,0,0.000000,0,9904,0.000000,0,0,0,0,108,8,0,8,100,5104,304,0,0,0,0,108,0,0,0,0,322,9400
1483,W3,1,1,5,5,0,0,0,0,0,0,0,100,100,0,0,0,0,0,100,100,0,0.000000,0,9904,0.000000,0,0,0,0,108,8,0,8,100,5104,304,0,0,0,0,108,0,0,0,0,300,9400
1484,W3,1,1,5,5,0,0,0,0,0,0,0,100,100,0,0,0,0,0,100,100,0,0.000000,0,9904,0.000000,0,0,0,0,108,8,0,8,100,5104,304,0,0,0,0,108,0,0,0,0,298,9400
1485,W3,1,1,5,5,0,0,0,0,0,0,0,100,100,0,0,0,0,0,100,100,0,0.000000,0,9904,0.000000,0,0,0,0,108,8,0,8,100,5104,304,0,0,0,0,108,0,0,0,0,302,9400
1486,W3,1,1,5,5,0,0,0,0,0,0,0,100,100,0,0,0,0,0,100,100,0,0.000000,0,9904,0.000000,0,0,0,0,108,8,0,8,100,5104,304,0,0,0,0,108,0,0,0,0,314,9400
1487,W3,1,1,5,5,0,0,0,0,0,0,0,100,100,0,0,0,0,0,100,100,0,0.000000,0,9904,0.000000,0,0,0,0,108,8,0,8,100,5104,304,0,0,0,0,108,0,0,0,0,296,9400
1488,W3,1,1,5,5,0,0,0,0,0,0,0,100,100,0,0,0,0,0,100,100,0,0.000000,0,9904,0.000000,0,0,0,0,108,8,0,8,100,5104,304,0,0,0,0,108,0,0,0,0,301,9400
1489,W3,1,1,5,5,0,0,0,0,0,0,0,100,100,0,0,0,0,0,100,100,0,0.000000,0,9904,0.000000,0,0,0,0,108,8,0,8,100,5104,304,0,0,0,0,108,0,0,0,0,288,9400
1490,W3,1,1,5,5,0,0,0,0,0,0,0,100,100,100,0,0,0,0,100,100,100,100.000000,1600,9904,16.155089,10,10,10,10,108,8,0,8,100,5104,304,0,0,0,0,108,0,0,0,0,305,9400
1491,W3,1,1,5,5,0,0,0,0,0,0,0,100,100,0,0,0,0,0,100,100,0,0.000000,0,9904,0.000000,0,0,0,0,108,8,0,8,100,5104,304,0,0,0,0,108,0,0,0,0,283,9400
1492,W3,1,1,5,5,0,0,0,0,0,0,0,100,100,0,0,0,0,0,100,100,0,0.000000,0,9904,0.000000,0,0,0,0,108,8,0,8,100,5104,304,0,0,0,0,108,0,0,0,0,290,9400
1493,W3,1,1,5,5,0,0,0,0,0,0,0,100,100,0,0,0,0,0,100,100,0,0.000000,0,9904,0.000000,0,0,0,0,108,8,0,8,100,5104,304,0,0,0,0,108,0,0,0,0,286,9400
1494,W3,1,1,5,5,0,0,0,0,0,0,0,100,100,0,0,0,0,0,100,100,0,0.000000,0,9904,0.000000,0,0,0,0,108,8,0,8,100,5104,304,0,0,0,0,108,0,0,0,0,285,9400
1495,W3,1,1,5,5,0,0,0,0,0,0,0,100,100,0,0,0,0,0,100,100,0,0.000000,0,9904,0.000000,0,0,0,0,108,8,0,8,100,5104,304,0,0,0,0,108,0,0,0,0,281,9400
1496,W3,1,1,5,5,0,0,0,0,0,0,0,100,100,0,0,0,0,0,100,100,0,0.000000,0,9904,0.000000,0,0,0,0,108,8,0,8,100,5104,304,0,0,0,0,108,0,0,0,0,296,9400
1497,W3,1,1,5,5,0,0,0,0,0,0,0,100,100,0,0,0,0,0,100,100,0,0.000000,0,9904,0.000000,0,0,0,0,108,8,0,8,100,5104,304,0,0,0,0,108,0,0,0,0,310,9400
1498,W3,1,1,5,5,0,0,0,0,0,0,0,100,100,0,0,0,0,0,100,100,0,0.000000,0,9904,0.000000,0,0,0,0,108,8,0,8,100,5104,304,0,0,0,0,108,0,0,0,0,321,9400
1499,W3,1,1,5,5,0,0,0,0,0,0,0,100,100,100,0,0,0,0,100,100,100,100.000000,1600,9904,16.155089,10,10,10,10,108,8,0,8,100,5104,304,0,0,0,0,108,0,0,0,0,316,9400
1500,W3,1,1,5,5,0,0,0,0,0,0,0,100,100,0,0,0,0,0,100,100,0,0.000000,0,9904,0.000000,0,0,0,0,108,8,0,8,100,5104,304,0,0,0,0,108,0,0,0,0,290,9400
1501,W3,1,1,5,5,0,0,0,0,0,0,0,100,100,0,0,0,0,0,100,100,0,0.000000,0,9904,0.000000,0,0,0,0,108,8,0,8,100,5104,304,0,0,0,0,108,0,0,0,0,296,9400
1502,W3,1,1,5,5,0,0,0,0,0,0,0,100,100,0,0,0,0,0,100,100,0,0.000000,0,9904,0.000000,0,0,0,0,108,8,0,8,100,5104,304,0,0,0,0,108,0,0,0,0,328,9400
1503,W3,1,1,5,5,0,0,0,0,0,0,0,100,100,0,0,0,0,0,100,100,0,0.000000,0,9904,0.000000,0,0,0,0,108,8,0,8,100,5104,304,0,0,0,0,108,0,0,0,0,316,9400
1504,W3,1,1,5,5,0,0,0,0,0,0,0,100,100,0,0,0,0,0,100,100,0,0.000000,0,9904,0.000000,0,0,0,0,108,8,0,8,100,5104,304,0,0,0,0,108,0,0,0,0,295,9400
1505,W3,1,1,5,5,0,0,0,0,0,0,0,100,100,0,0,0,0,0,100,100,0,0.000000,0,9904,0.000000,0,0,0,0,108,8,0,8,100,5104,304,0,0,0,0,108,0,0,0,0,297,9400
1506,W3,1,1,5,5,0,0,0,0,0,0,0,100,100,0,0,0,0,0,100,100,0,0.000000,0,9904,0.000000,0,0,0,0,108,8,0,8,100,5104,304,0,0,0,0,108,0,0,0,0,281,9400
1507,W3,1,1,5,5,0,0,0,0,0,0,0,100,100,0,0,0,0,0,100,100,0,0.000000,0,9904,0.000000,0,0,0,0,108,8,0,8,100,5104,304,0,0,0,0,108,0,0,0,0,326,9400
1508,W3,1,1,5,5,0,0,0,0,0,0,0,100,100,100,0,0,0,0,100,100,100,100.000000,1600,9904,16.155089,10,10,10,10,108,8,0,8,100,5104,304,0,0,0,0,108,0,0,0,0,292,9400
1509,W3,1,1,5,5,0,0,0,0,0,0,0,100,100,0,0,0,0,0,100,100,0,0.000000,0,9904,0.000000,0,0,0,0,108,8,0,8,100,5104,304,0,0,0,0,108,0,0,0,0,288,9400
1510,W3,1,1,5,5,0,0,0,0,0,0,0,100,100,0,0,0,0,0,100,100,0,0.000000,0,9904,0.000000,0,0,0,0,108,8,0,8,100,5104,304,0,0,0,0,108,0,0,0,0,301,9400
1511,W3,1,1,5,5,0,0,0,0,0,0,0,100,100,0,0,0,0,0,100,100,0,0.000000,0,9904,0.000000,0,0,0,0,108,8,0,8,100,5104,304,0,0,0,0,108,0,0,0,0,314,9400
1512,W3,1,1,5,5,0,0,0,0,0,0,0,100,100,0,0,0,0,0,100,100,0,0.000000,0,9904,0.000000,0,0,0,0,108,8,0,8,100,5104,304,0,0,0,0,108,0,0,0,0,280,9400
1513,W3,1,1,5,5,0,0,0,0,0,0,0,100,100,0,0,0,0,0,100,100,0,0.000000,0,9904,0.000000,0,0,0,0,108,8,0,8,100,5104,304,0,0,0,0,108,0,0,0,0,292,9400
1514,W3,1,1,5,5,0,0,0,0,0,0,0,100,100,0,0,0,0,0,100,100,0,0.000000,0,9904,0.000000,0,0,0,0,108,8,0,8,100,5104,304,0,0,0,0,108,0,0,0,0,291,9400
1515,W3,1,1,5,5,0,0,0,0,0,0,0,100,100,0,0,0,0,0,100,100,0,0.000000,0,9904,0.000000,0,0,0,0,108,8,0,8,100,5104,304,0,0,0,0,108,0,0,0,0,316,9400
1516,W3,1,1,5,5,0,0,0,0,0,0,0,100,100,0,0,0,0,0,100,100,0,0.000000,0,9904,0.000000,0,0,0,0,108,8,0,8,100,5104,304,0,0,0,0,108,0,0,0,0,337,9400
1517,W3,1,1,5,5,0,0,0,0,0,0,0,100,100,100,0,0,0,0,100,100,100,100.000000,1600,9904,16.155089,10,10,10,10,108,8,0,8,100,5104,304,0,0,0,0,108,0,0,0,0,292,9400
1518,W3,1,1,5,5,0,0,0,0,0,0,0,100,100,0,0,0,0,0,100,100,0,0.000000,0,9904,0.000000,0,0,0,0,108,8,0,8,100,5104,304,0,0,0,0,108,0,0,0,0,331,9400
1519,W3,1,1,5,5,0,0,0,0,0,0,0,100,100,0,0,0,0,0,100,100,0,0.000000,0,9904,0.000000,0,0,0,0,108,8,0,8,100,5104,304,0,0,0,0,108,0,0,0,0,301,9400
1520,W3,1,1,5,5,0,0,0,0,0,0,0,100,100,0,0,0,0,0,100,100,0,0.000000,0,9904,0.000000,0,0,0,0,108,8,0,8,100,5104,304,0,0,0,0,108,0,0,0,0,285,9400
1521,W3,1,1,5,5,0,0,0,0,0,0,0,100,100,0,0,0,0,0,100,100,0,0.000000,0,9904,0.000000,0,0,0,0,108,8,0,8,100,5104,304,0,0,0,0,108,0,0,0,0,289,9400
1522,W3,1,1,5,5,0,0,0,0,0,0,0,100,100,0,0,0,0,0,100,100,0,0.000000,0,9904,0.000000,0,0,0,0,108,8,0,8,100,5104,304,0,0,0,0,108,0,0,0,0,295,9400
1523,W3,1,1,5,5,0,0,0,0,0,0,0,100,100,0,0,0,0,0,100,100,0,0.000000,0,9904,0.000000,0,0,0,0,108,8,0,8,100,5104,304,0,0,0,0,108,0,0,0,0,351,9400
1524,W3,1,1,5,5,0,0,0,0,0,0,0,100,100,0,0,0,0,0,100,100,0,0.000000,0,9904,0.000000,0,0,0,0,108,8,0,8,100,5104,304,0,0,0,0,108,0,0,0,0,317,9400
1525,W3,1,1,5,5,0,0,0,0,0,0,0,100,100,0,0,0,0,0,100,100,0,0.000000,0,9904,0.000000,0,0,0,0,108,8,0,8,100,5104,304,0,0,0,0,108,0,0,0,0,283,9400
1526,W3,1,1,5,5,0,0,0,0,0,0,0,100,100,100,0,0,0,0,100,100,100,100.000000,1600,9904,16.155089,10,10,10,10,108,8,0,8,100,5104,304,0,0,0,0,108,0,0,0,0,298,9400
1527,W3,1,1,5,5,0,0,0,0,0,0,0,100,100,0,0,0,0,0,100,100,0,0.000000,0,9904,0.000000,0,0,0,0,108,8,0,8,100,5104,304,0,0,0,0,108,0,0,0,0,281,9400
1528,W3,1,1,5,5,0,0,0,0,0,0,0,100,100,0,0,0,0,0,100,100,0,0.000000,0,9904,0.000000,0,0,0,0,108,8,0,8,100,5104,304,0,0,0,0,108,0,0,0,0,293,9400
1529,W3,1,1,5,5,0,0,0,0,0,0,0,100,100,0,0,0,0,0,100,100,0,0.000000,0,9904,0.000000,0,0,0,0,108,8,0,8,100,5104,304,0,0,0,0,108,0,0,0,0,330,9400
1530,W3,1,1,5,5,0,0,0,0,0,0,0,100,100,0,0,0,0,0,100,100,0,0.000000,0,9904,0.000000,0,0,0,0,108,8,0,8,100,5104,304,0,0,0,0,108,0,0,0,0,283,9400
1531,W3,1,1,5,5,0,0,0,0,0,0,0,100,100,0,0,0,0,0,100,100,0,0.000000,0,9904,0.000000,0,0,0,0,108,8,0,8,100,5104,304,0,0,0,0,108,0,0,0,0,294,9400
1532,W3,1,1,5,5,0,0,0,0,0,0,0,100,100,0,0,0,0,0,100,100,0,0.000000,0,9904,0.000000,0,0,0,0,108,8,0,8,100,5104,304,0,0,0,0,108,0,0,0,0,289,9400
1533,W3,1,1,5,5,0,0,0,0,0,0,0,100,100,0,0,0,0,0,100,100,0,0.000000,0,9904,0.000000,0,0,0,0,108,8,0,8,100,5104,304,0,0,0,0,108,0,0,0,0,288,9400
1534,W3,1,1,5,5,0,0,0,0,0,0,0,100,100,0,0,0,0,0,100,100,0,0.000000,0,9904,0.000000,0,0,0,0,108,8,0,8,100,5104,304,0,0,0,0,108,0,0,0,0,293,9400
1535,W3,1,1,5,5,0,0,0,0,0,0,0,100,100,100,0,0,0,0,100,100,100,100.000000,1600,9904,16.155089,10,10,10,10,108,8,0,8,100,5104,304,0,0,0,0,108,0,0,0,0,308,9400
1536,W3,1,1,5,5,0,0,0,0,0,0,0,100,100,0,0,0,0,0,100,100,0,0.000000,0,9904,0.000000,0,0,0,0,108,8,0,8,100,5104,304,0,0,0,0,108,0,0,0,0,289,9400
1537,W3,1,1,5,5,0,0,0,0,0,0,0,100,100,0,0,0,0,0,100,100,0,0.000000,0,9904,0.000000,0,0,0,0,108,8,0,8,100,5104,304,0,0,0,0,108,0,0,0,0,303,9400
1538,W3,1,1,5,5,0,0,0,0,0,0,0,100,100,0,0,0,0,0,100,100,0,0.000000,0,9904,0.000000,0,0,0,0,108,8,0,8,100,5104,304,0,0,0,0,108,0,0,0,0,289,9400
1539,W3,1,1,5,5,0,0,0,0,0,0,0,100,100,0,0,0,0,0,100,100,0,0.000000,0,9904,0.000000,0,0,0,0,108,8,0,8,100,5104,304,0,0,0,0,108,0,0,0,0,289,9400
1540,W3,1,1,5,5,0,0,0,0,0,0,0,100,100,0,0,0,0,0,100,100,0,0.000000,0,9904,0.000000,0,0,0,0,108,8,0,8,100,5104,304,0,0,0,0,108,0,0,0,0,297,9400
1541,W3,1,1,5,5,0,0,0,0,0,0,0,100,100,0,0,0,0,0,100,100,0,0.000000,0,9904,0.000000,0,0,0,0,108,8,0,8,100,5104,304,0,0,0,0,108,0,0,0,0,293,9400
1542,W3,1,1,5,5,0,0,0,0,0,0,0,100,100,0,0,0,0,0,100,100,0,0.000000,0,9904,0.000000,0,0,0,0,108,8,0,8,100,5104,304,0,0,0,0,108,0,0,0,0,320,9400
1543,W3,1,1,5,5,0,0,0,0,0,0,0,100,100,0,0,0,0,0,100,100,0,0.000000,0,9904,0.000000,0,0,0,0,108,8,0,8,100,5104,304,0,0,0,0,108,0,0,0,0,319,9400
1544,W3,1,1,5,5,0,0,0,0,0,0,0,100,100,100,0,0,0,0,100,100,100,100.000000,1600,9904,16.155089,10,10,10,10,108,8,0,8,100,5104,304,0,0,0,0,108,0,0,0,0,298,9400
1545,W3,1,1,5,5,0,0,0,0,0,0,0,100,100,0,0,0,0,0,100,100,0,0.000000,0,9904,0.000000,0,0,0,0,108,8,0,8,100,5104,304,0,0,0,0,108,0,0,0,0,329,9400
1546,W3,1,1,5,5,0,0,0,0,0,0,0,100,100,0,0,0,0,0,100,100,0,0.000000,0,9904,0.000000,0,0,0,0,108,8,0,8,100,5104,304,0,0,0,0,108,0,0,0,0,315,9400
1547,W3,1,1,5,5,0,0,0,0,0,0,0,100,100,0,0,0,0,0,100,100,0,0.000000,0,9904,0.000000,0,0,0,0,108,8,0,8,100,5104,304,0,0,0,0,108,0,0,0,0,337,9400
1548,W3,1,1,5,5,0,0,0,0,0,0,0,100,100,0,0,0,0,0,100,100,0,0.000000,0,9904,0.000000,0,0,0,0,108,8,0,8,100,5104,304,0,0,0,0,108,0,0,0,0,321,9400
1549,W3,1,1,5,5,0,0,0,0,0,0,0,100,100,0,0,0,0,0,100,100,0,0.000000,0,9904,0.000000,0,0,0,0,108,8,0,8,100,5104,304,0,0,0,0,108,0,0,0,0,283,9400
1550,W3,1,1,5,5,0,0,0,0,0,0,0,100,100,0,0,0,0,0,100,100,0,0.000000,0,9904,0.000000,0,0,0,0,108,8,0,8,100,5104,304,0,0,0,0,108,0,0,0,0,334,9400
1551,W3,1,1,5,5,0,0,0,0,0,0,0,100,100,0,0,0,0,0,100,100,0,0.000000,0,9904,0.000000,0,0,0,0,108,8,0,8,100,5104,304,0,0,0,0,108,0,0,0,0,296,9400
1552,W3,1,1,5,5,0,0,0,0,0,0,0,100,100,0,0,0,0,0,100,100,0,0.000000,0,9904,0.000000,0,0,0,0,108,8,0,8,100,5104,304,0,0,0,0,108,0,0,0,0,313,9400
1553,W3,1,1,5,5,0,0,0,0,0,0,0,100,100,100,0,0,0,0,100,100,100,100.000000,1600,9904,16.155089,10,10,10,10,108,8,0,8,100,5104,304,0,0,0,0,108,0,0,0,0,292,9400
1554,W3,1,1,5,5,0,0,0,0,0,0,0,100,100,0,0,0,0,0,100,100,0,0.000000,0,9904,0.000000,0,0,0,0,108,8,0,8,100,5104,304,0,0,0,0,108,0,0,0,0,294,9400
1555,W3,1,1,5,5,0,0,0,0,0,0,0,100,100,0,0,0,0,0,100,100,0,0.000000,0,9904,0.000000,0,0,0,0,108,8,0,8,100,5104,304,0,0,0,0,108,0,0,0,0,285,9400
1556,W3,1,1,5,5,0,0,0,0,0,0,0,100,100,0,0,0,0,0,100,100,0,0.000000,0,9904,0.000000,0,0,0,0,108,8,0,8,100,5104,304,0,0,0,0,108,0,0,0,0,287,9400
1557,W3,1,1,5,5,0,0,0,0,0,0,0,100,100,0,0,0,0,0,100,100,0,0.000000,0,9904,0.000000,0,0,0,0,108,8,0,8,100,5104,304,0,0,0,0,108,0,0,0,0,283,9400
1558,W3,1,1,5,5,0,0,0,0,0,0,0,100,100,0,0,0,0,0,100,100,0,0.000000,0,9904,0.000000,0,0,0,0,108,8,0,8,100,5104,304,0,0,0,0,108,0,0,0,0,291,9400
1559,W3,1,1,5,5,0,0,0,0,0,0,0,100,100,0,0,0,0,0,100,100,0,0.000000,0,9904,0.000000,0,0,0,0,108,8,0,8,100,5104,304,0,0,0,0,108,0,0,0,0,328,9400
1560,W3,1,1,5,5,0,0,0,0,0,0,0,100,100,0,0,0,0,0,100,100,0,0.000000,0,9904,0.000000,0,0,0,0,108,8,0,8,100,5104,304,0,0,0,0,108,0,0,0,0,327,9400
1561,W3,1,1,5,5,0,0,0,0,0,0,0,100,100,0,0,0,0,0,100,100,0,0.000000,0,9904,0.000000,0,0,0,0,108,8,0,8,100,5104,304,0,0,0,0,108,0,0,0,0,303,9400
1562,W3,1,1,5,5,0,0,0,0,0,0,0,100,100,100,0,0,0,0,100,100,100,100.000000,1600,9904,16.155089,10,10,10,10,108,8,0,8,100,5104,304,0,0,0,0,108,0,0,0,0,289,9400
1563,W3,1,1,5,5,0,0,0,0,0,0,0,100,100,0,0,0,0,0,100,100,0,0.000000,0,9904,0.000000,0,0,0,0,108,8,0,8,100,5104,304,0,0,0,0,108,0,0,0,0,298,9400
1564,W3,1,1,5,5,0,0,0,0,0,0,0,100,100,0,0,0,0,0,100,100,0,0.000000,0,9904,0.000000,0,0,0,0,108,8,0,8,100,5104,304,0,0,0,0,108,0,0,0,0,299,9400
1565,W3,1,1,5,5,0,0,0,0,0,0,0,100,100,0,0,0,0,0,100,100,0,0.000000,0,9904,0.000000,0,0,0,0,108,8,0,8,100,5104,304,0,0,0,0,108,0,0,0,0,297,9400
1566,W3,1,1,5,5,0,0,0,0,0,0,0,100,100,0,0,0,0,0,100,100,0,0.000000,0,9904,0.000000,0,0,0,0,108,8,0,8,100,5104,304,0,0,0,0,108,0,0,0,0,306,9400
1567,W3,1,1,5,5,0,0,0,0,0,0,0,100,100,0,0,0,0,0,100,100,0,0.000000,0,9904,0.000000,0,0,0,0,108,8,0,8,100,5104,304,0,0,0,0,108,0,0,0,0,320,9400
1568,W3,1,1,5,5,0,0,0,0,0,0,0,100,100,0,0,0,0,0,100,100,0,0.000000,0,9904,0.000000,0,0,0,0,108,8,0,8,100,5104,304,0,0,0,0,108,0,0,0,0,295,9400
1569,W3,1,1,5,5,0,0,0,0,0,0,0,100,100,0,0,0,0,0,100,100,0,0.000000,0,9904,0.000000,0,0,0,0,108,8,0,8,100,5104,304,0,0,0,0,108,0,0,0,0,296,9400
1570,W3,1,1,5,5,0,0,0,0,0,0,0,100,100,0,0,0,0,0,100,100,0,0.000000,0,9904,0.000000,0,0,0,0,108,8,0,8,100,5104,304,0,0,0,0,108,0,0,0,0,330,9400
1571,W3,1,1,5,5,0,0,0,0,0,0,0,100,100,100,0,0,0,0,100,100,100,100.000000,1600,9904,16.155089,10,10,10,10,108,8,0,8,100,5104,304,0,0,0,0,108,0,0,0,0,298,9400
1572,W3,1,1,5,5,0,0,0,0,0,0,0,100,100,0,0,0,0,0,100,100,0,0.000000,0,9904,0.000000,0,0,0,0,108,8,0,8,100,5104,304,0,0,0,0,108,0,0,0,0,320,9400
1573,W3,1,1,5,5,0,0,0,0,0,0,0,100,100,0,0,0,0,0,100,100,0,0.000000,0,9904,0.000000,0,0,0,0,108,8,0,8,100,5104,304,0,0,0,0,108,0,0,0,0,318,9400
1574,W3,1,1,5,5,0,0,0,0,0,0,0,100,100,0,0,0,0,0,100,100,0,0.000000,0,9904,0.000000,0,0,0,0,108,8,0,8,100,5104,304,0,0,0,0,108,0,0,0,0,342,9400
1575,W3,1,1,5,5,0,0,0,0,0,0,0,100,100,0,0,0,0,0,100,100,0,0.000000,0,9904,0.000000,0,0,0,0,108,8,0,8,100,5104,304,0,0,0,0,108,0,0,0,0,346,9400
1576,W3,1,1,5,5,0,0,0,0,0,0,0,100,100,0,0,0,0,0,100,100,0,0.000000,0,9904,0.000000,0,0,0,0,108,8,0,8,100,5104,304,0,0,0,0,108,0,0,0,0,297,9400
1577,W3,1,1,5,5,0,0,0,0,0,0,0,100,100,0,0,0,0,0,100,100,0,0.000000,0,9904,0.000000,0,0,0,0,108,8,0,8,100,5104,304,0,0,0,0,108,0,0,0,0,298,9400
1578,W3,1,1,5,5,0,0,0,0,0,0,0,100,100,0,0,0,0,0,100,100,0,0.000000,0,9904,0.000000,0,0,0,0,108,8,0,8,100,5104,304,0,0,0,0,108,0,0,0,0,302,9400
1579,W3,1,1,5,5,0,0,0,0,0,0,0,100,100,0,0,0,0,0,100,100,0,0.000000,0,9904,0.000000,0,0,0,0,108,8,0,8,100,5104,304,0,0,0,0,108,0,0,0,0,321,9400
1580,W3,1,1,5,5,0,0,0,0,0,0,0,100,100,100,0,0,0,0,100,100,100,100.000000,1600,9904,16.155089,10,10,10,10,108,8,0,8,100,5104,304,0,0,0,0,108,0,0,0,0,290,9400
1581,W3,1,1,5,5,0,0,0,0,0,0,0,100,100,0,0,0,0,0,100,100,0,0.000000,0,9904,0.000000,0,0,0,0,108,8,0,8,100,5104,304,0,0,0,0,108,0,0,0,0,290,9400
1582,W3,1,1,5,5,0,0,0,0,0,0,0,100,100,0,0,0,0,0,100,100,0,0.000000,0,9904,0.000000,0,0,0,0,108,8,0,8,100,5104,304,0,0,0,0,108,0,0,0,0,298,9400
1583,W3,1,1,5,5,0,0,0,0,0,0,0,100,100,0,0,0,0,0,100,100,0,0.000000,0,9904,0.000000,0,0,0,0,108,8,0,8,100,5104,304,0,0,0,0,108,0,0,0,0,297,9400
1584,W3,1,1,5,5,0,0,0,0,0,0,0,100,100,0,0,0,0,0,100,100,0,0.000000,0,9904,0.000000,0,0,0,0,108,8,0,8,100,5104,304,0,0,0,0,108,0,0,0,0,292,9400
1585,W3,1,1,5,5,0,0,0,0,0,0,0,100,100,0,0,0,0,0,100,100,0,0.000000,0,9904,0.000000,0,0,0,0,108,8,0,8,100,5104,304,0,0,0,0,108,0,0,0,0,307,9400
1586,W3,1,1,5,5,0,0,0,0,0,0,0,100,100,0,0,0,0,0,100,100,0,0.000000,0,9904,0.000000,0,0,0,0,108,8,0,8,100,5104,304,0,0,0,0,108,0,0,0,0,331,9400
1587,W3,1,1,5,5,0,0,0,0,0,0,0,100,100,0,0,0,0,0,100,100,0,0.000000,0,9904,0.000000,0,0,0,0,108,8,0,8,100,5104,304,0,0,0,0,108,0,0,0,0,312,9400
1588,W3,1,1,5,5,0,0,0,0,0,0,0,100,100,0,0,0,0,0,100,100,0,0.000000,0,9904,0.000000,0,0,0,0,108,8,0,8,100,5104,304,0,0,0,0,108,0,0,0,0,307,9400
1589,W3,1,1,5,5,0,0,0,0,0,0,0,100,100,100,0,0,0,0,100,100,100,100.000000,1600,9904,16.155089,10,10,10,10,108,8,0,8,100,5104,304,0,0,0,0,108,0,0,0,0,293,9400
1590,W3,1,1,5,5,0,0,0,0,0,0,0,100,100,0,0,0,0,0,100,100,0,0.000000,0,9904,0.000000,0,0,0,0,108,8,0,8,100,5104,304,0,0,0,0,108,0,0,0,0,290,9400
1591,W3,1,1,5,5,0,0,0,0,0,0,0,100,100,0,0,0,0,0,100,100,0,0.000000,0,9904,0.000000,0,0,0,0,108,8,0,8,100,5104,304,0,0,0,0,108,0,0,0,0,284,9400
1592,W3,1,1,5,5,0,0,0,0,0,0,0,100,100,0,0,0,0,0,100,100,0,0.000000,0,9904,0.000000,0,0,0,0,108,8,0,8,100,5104,304,0,0,0,0,108,0,0,0,0,282,9400
1593,W3,1,1,5,5,0,0,0,0,0,0,0,100,100,0,0,0,0,0,100,100,0,0.000000,0,9904,0.000000,0,0,0,0,108,8,0,8,100,5104,304,0,0,0,0,108,0,0,0,0,286,9400
1594,W3,1,1,5,5,0,0,0,0,0,0,0,100,100,0,0,0,0,0,100,100,0,0.000000,0,9904,0.000000,0,0,0,0,108,8,0,8,100,5104,304,0,0,0,0,108,0,0,0,0,303,9400
1595,W3,1,1,5,5,0,0,0,0,0,0,0,100,100,0,0,0,0,0,100,100,0,0.000000,0,9904,0.000000,0,0,0,0,108,8,0,8,100,5104,304,0,0,0,0,108,0,0,0,0,312,9400
1596,W3,1,1,5,5,0,0,0,0,0,0,0,100,100,0,0,0,0,0,100,100,0,0.000000,0,9904,0.000000,0,0,0,0,108,8,0,8,100,5104,304,0,0,0,0,108,0,0,0,0,302,9400
1597,W3,1,1,5,5,0,0,0,0,0,0,0,100,100,0,0,0,0,0,100,100,0,0.000000,0,9904,0.000000,0,0,0,0,108,8,0,8,100,5104,304,0,0,0,0,108,0,0,0,0,279,9400
1598,W3,1,1,5,5,0,0,0,0,0,0,0,100,100,100,0,0,0,0,100,100,100,100.000000,1600,9904,16.155089,10,10,10,10,108,8,0,8,100,5104,304,0,0,0,0,108,0,0,0,0,284,9400
1599,W3,1,1,5,5,0,0,0,0,0,0,0,100,100,0,0,0,0,0,100,100,0,0.000000,0,9904,0.000000,0,0,0,0,108,8,0,8,100,5104,304,0,0,0,0,108,0,0,0,0,284,9400
1600,W3,1,1,5,5,0,0,0,0,0,0,0,100,100,0,0,0,0,0,100,100,0,0.000000,0,9904,0.000000,0,0,0,0,108,8,0,8,100,5104,304,0,0,0,0,108,0,0,0,0,287,9400
1601,W3,1,1,5,5,0,0,0,0,0,0,0,100,100,0,0,0,0,0,100,100,0,0.000000,0,9904,0.000000,0,0,0,0,108,8,0,8,100,5104,304,0,0,0,0,108,0,0,0,0,298,9400
1602,W3,1,1,5,5,0,0,0,0,0,0,0,100,100,0,0,0,0,0,100,100,0,0.000000,0,9904,0.000000,0,0,0,0,108,8,0,8,100,5104,304,0,0,0,0,108,0,0,0,0,286,9400
1603,W3,1,1,5,5,0,0,0,0,0,0,0,100,100,0,0,0,0,0,100,100,0,0.000000,0,9904,0.000000,0,0,0,0,108,8,0,8,100,5104,304,0,0,0,0,108,0,0,0,0,309,9400
1604,W3,1,1,5,5,0,0,0,0,0,0,0,100,100,0,0,0,0,0,100,100,0,0.000000,0,9904,0.000000,0,0,0,0,108,8,0,8,100,5104,304,0,0,0,0,108,0,0,0,0,294,9400
1605,W3,1,1,5,5,0,0,0,0,0,0,0,100,100,0,0,0,0,0,100,100,0,0.000000,0,9904,0.000000,0,0,0,0,108,8,0,8,100,5104,304,0,0,0,0,108,0,0,0,0,290,9400
1606,W3,1,1,5,5,0,0,0,0,0,0,0,100,100,0,0,0,0,0,100,100,0,0.000000,0,9904,0.000000,0,0,0,0,108,8,0,8,100,5104,304,0,0,0,0,108,0,0,0,0,320,9400
1607,W3,1,1,5,5,0,0,0,0,0,0,0,100,100,100,0,0,0,0,100,100,100,100.000000,1600,9904,16.155089,10,10,10,10,108,8,0,8,100,5104,304,0,0,0,0,108,0,0,0,0,288,9400
1608,W3,1,1,5,5,0,0,0,0,0,0,0,100,100,0,0,0,0,0,100,100,0,0.000000,0,9904,0.000000,0,0,0,0,108,8,0,8,100,5104,304,0,0,0,0,108,0,0,0,0,366,9400
1609,W3,1,1,5,5,0,0,0,0,0,0,0,100,100,0,0,0,0,0,100,100,0,0.000000,0,9904,0.000000,0,0,0,0,108,8,0,8,100,5104,304,0,0,0,0,108,0,0,0,0,306,9400
1610,W3,1,1,5,5,0,0,0,0,0,0,0,100,100,0,0,0,0,0,100,100,0,0.000000,0,9904,0.000000,0,0,0,0,108,8,0,8,100,5104,304,0,0,0,0,108,0,0,0,0,279,9400
1611,W3,1,1,5,5,0,0,0,0,0,0,0,100,100,0,0,0,0,0,100,100,0,0.000000,0,9904,0.000000,0,0,0,0,108,8,0,8,100,5104,304,0,0,0,0,108,0,0,0,0,271,9400
1612,W3,1,1,5,5,0,0,0,0,0,0,0,100,100,0,0,0,0,0,100,100,0,0.000000,0,9904,0.000000,0,0,0,0,108,8,0,8,100,5104,304,0,0,0,0,108,0,0,0,0,287,9400
1613,W3,1,1,5,5,0,0,0,0,0,0,0,100,100,0,0,0,0,0,100,100,0,0.000000,0,9904,0.000000,0,0,0,0,108,8,0,8,100,5104,304,0,0,0,0,108,0,0,0,0,275,9400
1614,W3,1,1,5,5,0,0,0,0,0,0,0,100,100,0,0,0,0,0,100,100,0,0.000000,0,9904,0.000000,0,0,0,0,108,8,0,8,100,5104,304,0,0,0,0,108,0,0,0,0,287,9400
1615,W3,1,1,5,5,0,0,0,0,0,0,0,100,100,0,0,0,0,0,100,100,0,0.000000,0,9904,0.000000,0,0,0,0,108,8,0,8,100,5104,304,0,0,0,0,108,0,0,0,0,341,9400
1616,W3,1,1,5,5,0,0,0,0,0,0,0,100,100,100,0,0,0,0,100,100,100,100.000000,1600,9904,16.155089,10,10,10,10,108,8,0,8,100,5104,304,0,0,0,0,108,0,0,0,0,285,9400
1617,W3,1,1,5,5,0,0,0,0,0,0,0,100,100,0,0,0,0,0,100,100,0,0.000000,0,9904,0.000000,0,0,0,0,108,8,0,8,100,5104,304,0,0,0,0,108,0,0,0,0,293,9400
1618,W3,1,1,5,5,0,0,0,0,0,0,0,100,100,0,0,0,0,0,100,100,0,0.000000,0,9904,0.000000,0,0,0,0,108,8,0,8,100,5104,304,0,0,0,0,108,0,0,0,0,305,9400
1619,W3,1,1,5,5,0,0,0,0,0,0,0,100,100,0,0,0,0,0,100,100,0,0.000000,0,9904,0.000000,0,0,0,0,108,8,0,8,100,5104,304,0,0,0,0,108,0,0,0,0,298,9400
1620,W3,1,1,5,5,0,0,0,0,0,0,0,100,100,0,0,0,0,0,100,100,0,0.000000,0,9904,0.000000,0,0,0,0,108,8,0,8,100,5104,304,0,0,0,0,108,0,0,0,0,320,9400
1621,W3,1,1,5,5,0,0,0,0,0,0,0,100,100,0,0,0,0,0,100,100,0,0.000000,0,9904,0.000000,0,0,0,0,108,8,0,8,100,5104,304,0,0,0,0,108,0,0,0,0,289,9400
1622,W3,1,1,5,5,0,0,0,0,0,0,0,100,100,0,0,0,0,0,100,100,0,0.000000,0,9904,0.000000,0,0,0,0,108,8,0,8,100,5104,304,0,0,0,0,108,0,0,0,0,301,9400
1623,W3,1,1,5,5,0,0,0,0,0,0,0,100,100,0,0,0,0,0,100,100,0,0.000000,0,9904,0.000000,0,0,0,0,108,8,0,8,100,5104,304,0,0,0,0,108,0,0,0,0,314,9400
1624,W3,1,1,5,5,0,0,0,0,0,0,0,100,100,0,0,0,0,0,100,100,0,0.000000,0,9904,0.000000,0,0,0,0,108,8,0,8,100,5104,304,0,0,0,0,108,0,0,0,0,294,9400
1625,W3,1,1,5,5,0,0,0,0,0,0,0,100,100,100,0,0,0,0,100,100,100,100.000000,1600,9904,16.155089,10,10,10,10,108,8,0,8,100,5104,304,0,0,0,0,108,0,0,0,0,292,9400
1626,W3,1,1,5,5,0,0,0,0,0,0,0,100,100,0,0,0,0,0,100,100,0,0.000000,0,9904,0.000000,0,0,0,0,108,8,0,8,100,5104,304,0,0,0,0,108,0,0,0,0,298,9400
1627,W3,1,1,5,5,0,0,0,0,0,0,0,100,100,0,0,0,0,0,100,100,0,0.000000,0,9904,0.000000,0,0,0,0,108,8,0,8,100,5104,304,0,0,0,0,108,0,0,0,0,298,9400
1628,W3,1,1,5,5,0,0,0,0,0,0,0,100,100,0,0,0,0,0,100,100,0,0.000000,0,9904,0.000000,0,0,0,0,108,8,0,8,100,5104,304,0,0,0,0,108,0,0,0,0,294,9400
1629,W3,1,1,5,5,0,0,0,0,0,0,0,100,100,0,0,0,0,0,100,100,0,0.000000,0,9904,0.000000,0,0,0,0,108,8,0,8,100,5104,304,0,0,0,0,108,0,0,0,0,352,9400
1630,W3,1,1,5,5,0,0,0,0,0,0,0,100,100,0,0,0,0,0,100,100,0,0.000000,0,9904,0.000000,0,0,0,0,108,8,0,8,100,5104,304,0,0,0,0,108,0,0,0,0,315,9400
1631,W3,1,1,5,5,0,0,0,0,0,0,0,100,100,0,0,0,0,0,100,100,0,0.000000,0,9904,0.000000,0,0,0,0,108,8,0,8,100,5104,304,0,0,0,0,108,0,0,0,0,317,9400
1632,W3,1,1,5,5,0,0,0,0,0,0,0,100,100,0,0,0,0,0,100,100,0,0.000000,0,9904,0.000000,0,0,0,0,108,8,0,8,100,5104,304,0,0,0,0,108,0,0,0,0,280,9400
1633,W3,1,1,5,5,0,0,0,0,0,0,0,100,100,0,0,0,0,0,100,100,0,0.000000,0,9904,0.000000,0,0,0,0,108,8,0,8,100,5104,304,0,0,0,0,108,0,0,0,0,312,9400
1634,W3,1,1,5,5,0,0,0,0,0,0,0,100,100,100,0,0,0,0,100,100,100,100.000000,1600,9904,16.155089,10,10,10,10,108,8,0,8,100,5104,304,0,0,0,0,108,0,0,0,0,278,9400
1635,W3,1,1,5,5,0,0,0,0,0,0,0,100,100,0,0,0,0,0,100,100,0,0.000000,0,9904,0.000000,0,0,0,0,108,8,0,8,100,5104,304,0,0,0,0,108,0,0,0,0,334,9400
1636,W3,1,1,5,5,0,0,0,0,0,0,0,100,100,0,0,0,0,0,100,100,0,0.000000,0,9904,0.000000,0,0,0,0,108,8,0,8,100,5104,304,0,0,0,0,108,0,0,0,0,293,9400
1637,W3,1,1,5,5,0,0,0,0,0,0,0,100,100,0,0,0,0,0,100,100,0,0.000000,0,9904,0.000000,0,0,0,0,108,8,0,8,100,5104,304,0,0,0,0,108,0,0,0,0,293,9400
1638,W3,1,1,5,5,0,0,0,0,0,0,0,100,100,0,0,0,0,0,100,100,0,0.000000,0,9904,0.000000,0,0,0,0,108,8,0,8,100,5104,304,0,0,0,0,108,0,0,0,0,293,9400
1639,W3,1,1,5,5,0,0,0,0,0,0,0,100,100,0,0,0,0,0,100,100,0,0.000000,0,9904,0.000000,0,0,0,0,108,8,0,8,100,5104,304,0,0,0,0,108,0,0,0,0,294,9400
1640,W3,1,1,5,5,0,0,0,0,0,0,0,100,100,0,0,0,0,0,100,100,0,0.000000,0,9904,0.000000,0,0,0,0,108,8,0,8,100,5104,304,0,0,0,0,108,0,0,0,0,295,9400
1641,W3,1,1,5,5,0,0,0,0,0,0,0,100,100,0,0,0,0,0,100,100,0,0.000000,0,9904,0.000000,0,0,0,0,108,8,0,8,100,5104,304,0,0,0,0,108,0,0,0,0,288,9400
1642,W3,1,1,5,5,0,0,0,0,0,0,0,100,100,0,0,0,0,0,100,100,0,0.000000,0,9904,0.000000,0,0,0,0,108,8,0,8,100,5104,304,0,0,0,0,108,0,0,0,0,298,9400
1643,W3,1,1,5,5,0,0,0,0,0,0,0,100,100,100,0,0,0,0,100,100,100,100.000000,1600,9904,16.155089,10,10,10,10,108,8,0,8,100,5104,304,0,0,0,0,108,0,0,0,0,323,9400
1644,W3,1,1,5,5,0,0,0,0,0,0,0,100,100,0,0,0,0,0,100,100,0,0.000000,0,9904,0.000000,0,0,0,0,108,8,0,8,100,5104,304,0,0,0,0,108,0,0,0,0,291,9400
1645,W3,1,1,5,5,0,0,0,0,0,0,0,100,100,0,0,0,0,0,100,100,0,0.000000,0,9904,0.000000,0,0,0,0,108,8,0,8,100,5104,304,0,0,0,0,108,0,0,0,0,307,9400
1646,W3,1,1,5,5,0,0,0,0,0,0,0,100,100,0,0,0,0,0,100,100,0,0.000000,0,9904,0.000000,0,0,0,0,108,8,0,8,100,5104,304,0,0,0,0,108,0,0,0,0,301,9400
1647,W3,1,1,5,5,0,0,0,0,0,0,0,100,100,0,0,0,0,0,100,100,0,0.000000,0,9904,0.000000,0,0,0,0,108,8,0,8,100,5104,304,0,0,0,0,108,0,0,0,0,299,9400
1648,W3,1,1,5,5,0,0,0,0,0,0,0,100,100,0,0,0,0,0,100,100,0,0.000000,0,9904,0.000000,0,0,0,0,108,8,0,8,100,5104,304,0,0,0,0,108,0,0,0,0,325,9400
1649,W3,1,1,5,5,0,0,0,0,0,0,0,100,100,0,0,0,0,0,100,100,0,0.000000,0,9904,0.000000,0,0,0,0,108,8,0,8,100,5104,304,0,0,0,0,108,0,0,0,0,287,9400
1650,W3,1,1,5,5,0,0,0,0,0,0,0,100,100,0,0,0,0,0,100,100,0,0.000000,0,9904,0.000000,0,0,0,0,108,8,0,8,100,5104,304,0,0,0,0,108,0,0,0,0,313,9400
1651,W3,1,1,5,5,0,0,0,0,0,0,0,100,100,0,0,0,0,0,100,100,0,0.000000,0,9904,0.000000,0,0,0,0,108,8,0,8,100,5104,304,0,0,0,0,108,0,0,0,0,290,9400
1652,W3,1,1,5,5,0,0,0,0,0,0,0,100,100,100,0,0,0,0,100,100,100,100.000000,1600,9904,16.155089,10,10,10,10,108,8,0,8,100,5104,304,0,0,0,0,108,0,0,0,0,300,9400
1653,W3,1,1,5,5,0,0,0,0,0,0,0,100,100,0,0,0,0,0,100,100,0,0.000000,0,9904,0.000000,0,0,0,0,108,8,0,8,100,5104,304,0,0,0,0,108,0,0,0,0,268,9400
1654,W3,1,1,5,5,0,0,0,0,0,0,0,100,100,0,0,0,0,0,100,100,0,0.000000,0,9904,0.000000,0,0,0,0,108,8,0,8,100,5104,304,0,0,0,0,108,0,0,0,0,310,9400
1655,W3,1,1,5,5,0,0,0,0,0,0,0,100,100,0,0,0,0,0,100,100,0,0.000000,0,9904,0.000000,0,0,0,0,108,8,0,8,100,5104,304,0,0,0,0,108,0,0,0,0,280,9400
1656,W3,1,1,5,5,0,0,0,0,0,0,0,100,100,0,0,0,0,0,100,100,0,0.000000,0,9904,0.000000,0,0,0,0,108,8,0,8,100,5104,304,0,0,0,0,108,0,0,0,0,322,9400
1657,W3,1,1,5,5,0,0,0,0,0,0,0,100,100,0,0,0,0,0,100,100,0,0.000000,0,9904,0.000000,0,0,0,0,108,8,0,8,100,5104,304,0,0,0,0,108,0,0,0,0,270,9400
1658,W3,1,1,5,5,0,0,0,0,0,0,0,100,100,0,0,0,0,0,100,100,0,0.000000,0,9904,0.000000,0,0,0,0,108,8,0,8,100,5104,304,0,0,0,0,108,0,0,0,0,271,9400
1659,W3,1,1,5,5,0,0,0,0,0,0,0,100,100,0,0,0,0,0,100,100,0,0.000000,0,9904,0.000000,0,0,0,0,108,8,0,8,100,5104,304,0,0,0,0,108,0,0,0,0,294,9400
1660,W3,1,1,5,5,0,0,0,0,0,0,0,100,100,0,0,0,0,0,100,100,0,0.000000,0,9904,0.000000,0,0,0,0,108,8,0,8,100,5104,304,0,0,0,0,108,0,0,0,0,308,9400
1661,W3,1,1,5,5,0,0,0,0,0,0,0,100,100,100,0,0,0,0,100,100,100,100.000000,1600,9904,16.155089,10,10,10,10,108,8,0,8,100,5104,304,0,0,0,0,108,0,0,0,0,292,9400
1662,W3,1,1,5,5,0,0,0,0,0,0,0,100,100,0,0,0,0,0,100,100,0,0.000000,0,9904,0.000000,0,0,0,0,108,8,0,8,100,5104,304,0,0,0,0,108,0,0,0,0,300,9400
1663,W3,1,1,5,5,0,0,0,0,0,0,0,100,100,0,0,0,0,0,100,100,0,0.000000,0,9904,0.000000,0,0,0,0,108,8,0,8,100,5104,304,0,0,0,0,108,0,0,0,0,296,9400
1664,W3,1,1,5,5,0,0,0,0,0,0,0,100,100,0,0,0,0,0,100,100,0,0.000000,0,9904,0.000000,0,0,0,0,108,8,0,8,100,5104,304,0,0,0,0,108,0,0,0,0,292,9400
1665,W3,1,1,5,5,0,0,0,0,0,0,0,100,100,0,0,0,0,0,100,100,0,0.000000,0,9904,0.000000,0,0,0,0,108,8,0,8,100,5104,304,0,0,0,0,108,0,0,0,0,279,9400
1666,W3,1,1,5,5,0,0,0,0,0,0,0,100,100,0,0,0,0,0,100,100,0,0.000000,0,9904,0.000000,0,0,0,0,108,8,0,8,100,5104,304,0,0,0,0,108,0,0,0,0,326,9400
1667,W3,1,1,5,5,0,0,0,0,0,0,0,100,100,0,0,0,0,0,100,100,0,0.000000,0,9904,0.000000,0,0,0,0,108,8,0,8,100,5104,304,0,0,0,0,108,0,0,0,0,280,9400
1668,W3,1,1,5,5,0,0,0,0,0,0,0,100,100,0,0,0,0,0,100,100,0,0.000000,0,9904,0.000000,0,0,0,0,108,8,0,8,100,5104,304,0,0,0,0,108,0,0,0,0,311,9400
1669,W3,1,1,5,5,0,0,0,0,0,0,0,100,100,0,0,0,0,0,100,100,0,0.000000,0,9904,0.000000,0,0,0,0,108,8,0,8,100,5104,304,0,0,0,0,108,0,0,0,0,283,9400
1670,W3,1,1,5,5,0,0,0,0,0,0,0,100,100,100,0,0,0,0,100,100,100,100.000000,1600,9904,16.155089,10,10,10,10,108,8,0,8,100,5104,304,0,0,0,0,108,0,0,0,0,288,9400
1671,W3,1,1,5,5,0,0,0,0,0,0,0,100,100,0,0,0,0,0,100,100,0,0.000000,0,9904,0.000000,0,0,0,0,108,8,0,8,100,5104,304,0,0,0,0,108,0,0,0,0,304,9400
1672,W3,1,1,5,5,0,0,0,0,0,0,0,100,100,0,0,0,0,0,100,100,0,0.000000,0,9904,0.000000,0,0,0,0,108,8,0,8,100,5104,304,0,0,0,0,108,0,0,0,0,294,9400
1673,W3,1,1,5,5,0,0,0,0,0,0,0,100,100,0,0,0,0,0,100,100,0,0.000000,0,9904,0.000000,0,0,0,0,108,8,0,8,100,5104,304,0,0,0,0,108,0,0,0,0,300,9400
1674,W3,1,1,5,5,0,0,0,0,0,0,0,100,100,0,0,0,0,0,100,100,0,0.000000,0,9904,0.000000,0,0,0,0,108,8,0,8,100,5104,304,0,0,0,0,108,0,0,0,0,311,9400
1675,W3,1,1,5,5,0,0,0,0,0,0,0,100,100,0,0,0,0,0,100,100,0,0.000000,0,9904,0.000000,0,0,0,0,108,8,0,8,100,5104,304,0,0,0,0,108,0,0,0,0,300,9400
1676,W3,1,1,5,5,0,0,0,0,0,0,0,100,100,0,0,0,0,0,100,100,0,0.000000,0,9904,0.000000,0,0,0,0,108,8,0,8,100,5104,304,0,0,0,0,108,0,0,0,0,304,9400
1677,W3,1,1,5,5,0,0,0,0,0,0,0,100,100,0,0,0,0,0,100,100,0,0.000000,0,9904,0.000000,0,0,0,0,108,8,0,8,100,5104,304,0,0,0,0,108,0,0,0,0,289,9400
1678,W3,1,1,5,5,0,0,0,0,0,0,0,100,100,0,0,0,0,0,100,100,0,0.000000,0,9904,0.000000,0,0,0,0,108,8,0,8,100,5104,304,0,0,0,0,108,0,0,0,0,308,9400
1679,W3,1,1,5,5,0,0,0,0,0,0,0,100,100,100,0,0,0,0,100,100,100,100.000000,1600,9904,16.155089,10,10,10,10,108,8,0,8,100,5104,304,0,0,0,0,108,0,0,0,0,295,9400
1680,W3,1,1,5,5,0,0,0,0,0,0,0,100,100,0,0,0,0,0,100,100,0,0.000000,0,9904,0.000000,0,0,0,0,108,8,0,8,100,5104,304,0,0,0,0,108,0,0,0,0,322,9400
1681,W3,1,1,5,5,0,0,0,0,0,0,0,100,100,0,0,0,0,0,100,100,0,0.000000,0,9904,0.000000,0,0,0,0,108,8,0,8,100,5104,304,0,0,0,0,108,0,0,0,0,346,9400
1682,W3,1,1,5,5,0,0,0,0,0,0,0,100,100,0,0,0,0,0,100,100,0,0.000000,0,9904,0.000000,0,0,0,0,108,8,0,8,100,5104,304,0,0,0,0,108,0,0,0,0,308,9400
1683,W3,1,1,5,5,0,0,0,0,0,0,0,100,100,0,0,0,0,0,100,100,0,0.000000,0,9904,0.000000,0,0,0,0,108,8,0,8,100,5104,304,0,0,0,0,108,0,0,0,0,292,9400
1684,W3,1,1,5,5,0,0,0,0,0,0,0,100,100,0,0,0,0,0,100,100,0,0.000000,0,9904,0.000000,0,0,0,0,108,8,0,8,100,5104,304,0,0,0,0,108,0,0,0,0,321,9400
1685,W3,1,1,5,5,0,0,0,0,0,0,0,100,100,0,0,0,0,0,100,100,0,0.000000,0,9904,0.000000,0,0,0,0,108,8,0,8,100,5104,304,0,0,0,0,108,0,0,0,0,292,9400
1686,W3,1,1,5,5,0,0,0,0,0,0,0,100,100,0,0,0,0,0,100,100,0,0.000000,0,9904,0.000000,0,0,0,0,108,8,0,8,100,5104,304,0,0,0,0,108,0,0,0,0,327,9400
1687,W3,1,1,5,5,0,0,0,0,0,0,0,100,100,0,0,0,0,0,100,100,0,0.000000,0,9904,0.000000,0,0,0,0,108,8,0,8,100,5104,304,0,0,0,0,108,0,0,0,0,296,9400
1688,W3,1,1,5,5,0,0,0,0,0,0,0,100,100,100,0,0,0,0,100,100,100,100.000000,1600,9904,16.155089,10,10,10,10,108,8,0,8,100,5104,304,0,0,0,0,108,0,0,0,0,319,9400
1689,W3,1,1,5,5,0,0,0,0,0,0,0,100,100,0,0,0,0,0,100,100,0,0.000000,0,9904,0.000000,0,0,0,0,108,8,0,8,100,5104,304,0,0,0,0,108,0,0,0,0,296,9400
1690,W3,1,1,5,5,0,0,0,0,0,0,0,100,100,0,0,0,0,0,100,100,0,0.000000,0,9904,0.000000,0,0,0,0,108,8,0,8,100,5104,304,0,0,0,0,108,0,0,0,0,328,9400
1691,W3,1,1,5,5,0,0,0,0,0,0,0,100,100,0,0,0,0,0,100,100,0,0.000000,0,9904,0.000000,0,0,0,0,108,8,0,8,100,5104,304,0,0,0,0,108,0,0,0,0,313,9400
1692,W3,1,1,5,5,0,0,0,0,0,0,0,100,100,0,0,0,0,0,100,100,0,0.000000,0,9904,0.000000,0,0,0,0,108,8,0,8,100,5104,304,0,0,0,0,108,0,0,0,0,294,9400
1693,W3,1,1,5,5,0,0,0,0,0,0,0,100,100,0,0,0,0,0,100,100,0,0.000000,0,9904,0.000000,0,0,0,0,108,8,0,8,100,5104,304,0,0,0,0,108,0,0,0,0,290,9400
1694,W3,1,1,5,5,0,0,0,0,0,0,0,100,100,0,0,0,0,0,100,100,0,0.000000,0,9904,0.000000,0,0,0,0,108,8,0,8,100,5104,304,0,0,0,0,108,0,0,0,0,296,9400
1695,W3,1,1,5,5,0,0,0,0,0,0,0,100,100,0,0,0,0,0,100,100,0,0.000000,0,9904,0.000000,0,0,0,0,108,8,0,8,100,5104,304,0,0,0,0,108,0,0,0,0,325,9400
1696,W3,1,1,5,5,0,0,0,0,0,0,0,100,100,0,0,0,0,0,100,100,0,0.000000,0,9904,0.000000,0,0,0,0,108,8,0,8,100,5104,304,0,0,0,0,108,0,0,0,0,295,9400
1697,W3,1,1,5,5,0,0,0,0,0,0,0,100,100,100,0,0,0,0,100,100,100,100.000000,1600,9904,16.155089,10,10,10,10,108,8,0,8,100,5104,304,0,0,0,0,108,0,0,0,0,285,9400
1698,W3,1,1,5,5,0,0,0,0,0,0,0,100,100,0,0,0,0,0,100,100,0,0.000000,0,9904,0.000000,0,0,0,0,108,8,0,8,100,5104,304,0,0,0,0,108,0,0,0,0,289,9400
1699,W3,1,1,5,5,0,0,0,0,0,0,0,100,100,0,0,0,0,0,100,100,0,0.000000,0,9904,0.000000,0,0,0,0,108,8,0,8,100,5104,304,0,0,0,0,108,0,0,0,0,292,9400
1700,W3,1,1,5,5,0,0,0,0,0,0,0,100,100,0,0,0,0,0,100,100,0,0.000000,0,9904,0.000000,0,0,0,0,108,8,0,8,100,5104,304,0,0,0,0,108,0,0,0,0,299,9400
1701,W3,1,1,5,5,0,0,0,0,0,0,0,100,100,0,0,0,0,0,100,100,0,0.000000,0,9904,0.000000,0,0,0,0,108,8,0,8,100,5104,304,0,0,0,0,108,0,0,0,0,286,9400
1702,W3,1,1,5,5,0,0,0,0,0,0,0,100,100,0,0,0,0,0,100,100,0,0.000000,0,9904,0.000000,0,0,0,0,108,8,0,8,100,5104,304,0,0,0,0,108,0,0,0,0,288,9400
1703,W3,1,1,5,5,0,0,0,0,0,0,0,100,100,0,0,0,0,0,100,100,0,0.000000,0,9904,0.000000,0,0,0,0,108,8,0,8,100,5104,304,0,0,0,0,108,0,0,0,0,289,9400
1704,W3,1,1,5,5,0,0,0,0,0,0,0,100,100,0,0,0,0,0,100,100,0,0.000000,0,9904,0.000000,0,0,0,0,108,8,0,8,100,5104,304,0,0,0,0,108,0,0,0,0,292,9400
1705,W3,1,1,5,5,0,0,0,0,0,0,0,100,100,0,0,0,0,0,100,100,0,0.000000,0,9904,0.000000,0,0,0,0,108,8,0,8,100,5104,304,0,0,0,0,108,0,0,0,0,317,9400
1706,W3,1,1,5,5,0,0,0,0,0,0,0,100,100,100,0,0,0,0,100,100,100,100.000000,1600,9904,16.155089,10,10,10,10,108,8,0,8,100,5104,304,0,0,0,0,108,0,0,0,0,284,9400
1707,W3,1,1,5,5,0,0,0,0,0,0,0,100,100,0,0,0,0,0,100,100,0,0.000000,0,9904,0.000000,0,0,0,0,108,8,0,8,100,5104,304,0,0,0,0,108,0,0,0,0,285,9400
1708,W3,1,1,5,5,0,0,0,0,0,0,0,100,100,0,0,0,0,0,100,100,0,0.000000,0,9904,0.000000,0,0,0,0,108,8,0,8,100,5104,304,0,0,0,0,108,0,0,0,0,309,9400
1709,W3,1,1,5,5,0,0,0,0,0,0,0,100,100,0,0,0,0,0,100,100,0,0.000000,0,9904,0.000000,0,0,0,0,108,8,0,8,100,5104,304,0,0,0,0,108,0,0,0,0,327,9400
1710,W3,1,1,5,5,0,0,0,0,0,0,0,100,100,0,0,0,0,0,100,100,0,0.000000,0,9904,0.000000,0,0,0,0,108,8,0,8,100,5104,304,0,0,0,0,108,0,0,0,0,289,9400
1711,W3,1,1,5,5,0,0,0,0,0,0,0,100,100,0,0,0,0,0,100,100,0,0.000000,0,9904,0.000000,0,0,0,0,108,8,0,8,100,5104,304,0,0,0,0,108,0,0,0,0,300,9400
1712,W3,1,1,5,5,0,0,0,0,0,0,0,100,100,0,0,0,0,0,100,100,0,0.000000,0,9904,0.000000,0,0,0,0,108,8,0,8,100,5104,304,0,0,0,0,108,0,0,0,0,288,9400
1713,W3,1,1,5,5,0,0,0,0,0,0,0,100,100,0,0,0,0,0,100,100,0,0.000000,0,9904,0.000000,0,0,0,0,108,8,0,8,100,5104,304,0,0,0,0,108,0,0,0,0,287,9400
1714,W3,1,1,5,5,0,0,0,0,0,0,0,100,100,0,0,0,0,0,100,100,0,0.000000,0,9904,0.000000,0,0,0,0,108,8,0,8,100,5104,304,0,0,0,0,108,0,0,0,0,283,9400
1715,W3,1,1,5,5,0,0,0,0,0,0,0,100,100,100,0,0,0,0,100,100,100,100.000000,1600,9904,16.155089,10,10,10,10,108,8,0,8,100,5104,304,0,0,0,0,108,0,0,0,0,327,9400
1716,W3,1,1,5,5,0,0,0,0,0,0,0,100,100,0,0,0,0,0,100,100,0,0.000000,0,9904,0.000000,0,0,0,0,108,8,0,8,100,5104,304,0,0,0,0,108,0,0,0,0,317,9400
1717,W3,1,1,5,5,0,0,0,0,0,0,0,100,100,0,0,0,0,0,100,100,0,0.000000,0,9904,0.000000,0,0,0,0,108,8,0,8,100,5104,304,0,0,0,0,108,0,0,0,0,277,9400
1718,W3,1,1,5,5,0,0,0,0,0,0,0,100,100,0,0,0,0,0,100,100,0,0.000000,0,9904,0.000000,0,0,0,0,108,8,0,8,100,5104,304,0,0,0,0,108,0,0,0,0,278,9400
1719,W3,1,1,5,5,0,0,0,0,0,0,0,100,100,0,0,0,0,0,100,100,0,0.000000,0,9904,0.000000,0,0,0,0,108,8,0,8,100,5104,304,0,0,0,0,108,0,0,0,0,284,9400
1720,W3,1,1,5,5,0,0,0,0,0,0,0,100,100,0,0,0,0,0,100,100,0,0.000000,0,9904,0.000000,0,0,0,0,108,8,0,8,100,5104,304,0,0,0,0,108,0,0,0,0,286,9400
1721,W3,1,1,5,5,0,0,0,0,0,0,0,100,100,0,0,0,0,0,100,100,0,0.000000,0,9904,0.000000,0,0,0,0,108,8,0,8,100,5104,304,0,0,0,0,108,0,0,0,0,289,9400
1722,W3,1,1,5,5,0,0,0,0,0,0,0,100,100,0,0,0,0,0,100,100,0,0.000000,0,9904,0.000000,0,0,0,0,108,8,0,8,100,5104,304,0,0,0,0,108,0,0,0,0,283,9400
1723,W3,1,1,5,5,0,0,0,0,0,0,0,100,100,0,0,0,0,0,100,100,0,0.000000,0,9904,0.000000,0,0,0,0,108,8,0,8,100,5104,304,0,0,0,0,108,0,0,0,0,306,9400
1724,W3,1,1,5,5,0,0,0,0,0,0,0,100,100,100,0,0,0,0,100,100,100,100.000000,1600,9904,16.155089,10,10,10,10,108,8,0,8,100,5104,304,0,0,0,0,108,0,0,0,0,301,9400
1725,W3,1,1,5,5,0,0,0,0,0,0,0,100,100,0,0,0,0,0,100,100,0,0.000000,0,9904,0.000000,0,0,0,0,108,8,0,8,100,5104,304,0,0,0,0,108,0,0,0,0,280,9400
1726,W3,1,1,5,5,0,0,0,0,0,0,0,100,100,0,0,0,0,0,100,100,0,0.000000,0,9904,0.000000,0,0,0,0,108,8,0,8,100,5104,304,0,0,0,0,108,0,0,0,0,295,9400
1727,W3,1,1,5,5,0,0,0,0,0,0,0,100,100,0,0,0,0,0,100,100,0,0.000000,0,9904,0.000000,0,0,0,0,108,8,0,8,100,5104,304,0,0,0,0,108,0,0,0,0,314,9400
1728,W3,1,1,5,5,0,0,0,0,0,0,0,100,100,0,0,0,0,0,100,100,0,0.000000,0,9904,0.000000,0,0,0,0,108,8,0,8,100,5104,304,0,0,0,0,108,0,0,0,0,291,9400
1729,W3,1,1,5,5,0,0,0,0,0,0,0,100,100,0,0,0,0,0,100,100,0,0.000000,0,9904,0.000000,0,0,0,0,108,8,0,8,100,5104,304,0,0,0,0,108,0,0,0,0,291,9400
1730,W3,1,1,5,5,0,0,0,0,0,0,0,100,100,0,0,0,0,0,100,100,0,0.000000,0,9904,0.000000,0,0,0,0,108,8,0,8,100,5104,304,0,0,0,0,108,0,0,0,0,294,9400
1731,W3,1,1,5,5,0,0,0,0,0,0,0,100,100,0,0,0,0,0,100,100,0,0.000000,0,9904,0.000000,0,0,0,0,108,8,0,8,100,5104,304,0,0,0,0,108,0,0,0,0,275,9400
1732,W3,1,1,5,5,0,0,0,0,0,0,0,100,100,0,0,0,0,0,100,100,0,0.000000,0,9904,0.000000,0,0,0,0,108,8,0,8,100,5104,304,0,0,0,0,108,0,0,0,0,280,9400
1733,W3,1,1,5,5,0,0,0,0,0,0,0,100,100,100,0,0,0,0,100,100,100,100.000000,1600,9904,16.155089,10,10,10,10,108,8,0,8,100,5104,304,0,0,0,0,108,0,0,0,0,278,9400
1734,W3,1,1,5,5,0,0,0,0,0,0,0,100,100,0,0,0,0,0,100,100,0,0.000000,0,9904,0.000000,0,0,0,0,108,8,0,8,100,5104,304,0,0,0,0,108,0,0,0,0,280,9400
1735,W3,1,1,5,5,0,0,0,0,0,0,0,100,100,0,0,0,0,0,100,100,0,0.000000,0,9904,0.000000,0,0,0,0,108,8,0,8,100,5104,304,0,0,0,0,108,0,0,0,0,371,9400
1736,W3,1,1,5,5,0,0,0,0,0,0,0,100,100,0,0,0,0,0,100,100,0,0.000000,0,9904,0.000000,0,0,0,0,108,8,0,8,100,5104,304,0,0,0,0,108,0,0,0,0,280,9400
1737,W3,1,1,5,5,0,0,0,0,0,0,0,100,100,0,0,0,0,0,100,100,0,0.000000,0,9904,0.000000,0,0,0,0,108,8,0,8,100,5104,304,0,0,0,0,108,0,0,0,0,288,9400
1738,W3,1,1,5,5,0,0,0,0,0,0,0,100,100,0,0,0,0,0,100,100,0,0.000000,0,9904,0.000000,0,0,0,0,108,8,0,8,100,5104,304,0,0,0,0,108,0,0,0,0,310,9400
1739,W3,1,1,5,5,0,0,0,0,0,0,0,100,100,0,0,0,0,0,100,100,0,0.000000,0,9904,0.000000,0,0,0,0,108,8,0,8,100,5104,304,0,0,0,0,108,0,0,0,0,283,9400
1740,W3,1,1,5,5,0,0,0,0,0,0,0,100,100,0,0,0,0,0,100,100,0,0.000000,0,9904,0.000000,0,0,0,0,108,8,0,8,100,5104,304,0,0,0,0,108,0,0,0,0,284,9400
1741,W3,1,1,5,5,0,0,0,0,0,0,0,100,100,0,0,0,0,0,100,100,0,0.000000,0,9904,0.000000,0,0,0,0,108,8,0,8,100,5104,304,0,0,0,0,108,0,0,0,0,322,9400
1742,W3,1,1,5,5,0,0,0,0,0,0,0,100,100,100,0,0,0,0,100,100,100,100.000000,1600,9904,16.155089,10,10,10,10,108,8,0,8,100,5104,304,0,0,0,0,108,0,0,0,0,292,9400
1743,W3,1,1,5,5,0,0,0,0,0,0,0,100,100,0,0,0,0,0,100,100,0,0.000000,0,9904,0.000000,0,0,0,0,108,8,0,8,100,5104,304,0,0,0,0,108,0,0,0,0,309,9400
1744,W3,1,1,5,5,0,0,0,0,0,0,0,100,100,0,0,0,0,0,100,100,0,0.000000,0,9904,0.000000,0,0,0,0,108,8,0,8,100,5104,304,0,0,0,0,108,0,0,0,0,366,9400
1745,W3,1,1,5,5,0,0,0,0,0,0,0,100,100,0,0,0,0,0,100,100,0,0.000000,0,9904,0.000000,0,0,0,0,108,8,0,8,100,5104,304,0,0,0,0,108,0,0,0,0,296,9400
1746,W3,1,1,5,5,0,0,0,0,0,0,0,100,100,0,0,0,0,0,100,100,0,0.000000,0,9904,0.000000,0,0,0,0,108,8,0,8,100,5104,304,0,0,0,0,108,0,0,0,0,310,9400
1747,W3,1,1,5,5,0,0,0,0,0,0,0,100,100,0,0,0,0,0,100,100,0,0.000000,0,9904,0.000000,0,0,0,0,108,8,0,8,100,5104,304,0,0,0,0,108,0,0,0,0,338,9400
1748,W3,1,1,5,5,0,0,0,0,0,0,0,100,100,0,0,0,0,0,100,100,0,0.000000,0,9904,0.000000,0,0,0,0,108,8,0,8,100,5104,304,0,0,0,0,108,0,0,0,0,358,9400
1749,W3,1,1,5,5,0,0,0,0,0,0,0,100,100,0,0,0,0,0,100,100,0,0.000000,0,9904,0.000000,0,0,0,0,108,8,0,8,100,5104,304,0,0,0,0,108,0,0,0,0,291,9400
1750,W3,1,1,5,5,0,0,0,0,0,0,0,100,100,0,0,0,0,0,100,100,0,0.000000,0,9904,0.000000,0,0,0,0,108,8,0,8,100,5104,304,0,0,0,0,108,0,0,0,0,318,9400
1751,W3,1,1,5,5,0,0,0,0,0,0,0,100,100,100,0,0,0,0,100,100,100,100.000000,1600,9904,16.155089,10,10,10,10,108,8,0,8,100,5104,304,0,0,0,0,108,0,0,0,0,288,9400
1752,W3,1,1,5,5,0,0,0,0,0,0,0,100,100,0,0,0,0,0,100,100,0,0.000000,0,9904,0.000000,0,0,0,0,108,8,0,8,100,5104,304,0,0,0,0,108,0,0,0,0,341,9400
1753,W3,1,1,5,5,0,0,0,0,0,0,0,100,100,0,0,0,0,0,100,100,0,0.000000,0,9904,0.000000,0,0,0,0,108,8,0,8,100,5104,304,0,0,0,0,108,0,0,0,0,303,9400
1754,W3,1,1,5,5,0,0,0,0,0,0,0,100,100,0,0,0,0,0,100,100,0,0.000000,0,9904,0.000000,0,0,0,0,108,8,0,8,100,5104,304,0,0,0,0,108,0,0,0,0,357,9400
1755,W3,1,1,5,5,0,0,0,0,0,0,0,100,100,0,0,0,0,0,100,100,0,0.000000,0,9904,0.000000,0,0,0,0,108,8,0,8,100,5104,304,0,0,0,0,108,0,0,0,0,310,9400
1756,W3,1,1,5,5,0,0,0,0,0,0,0,100,100,0,0,0,0,0,100,100,0,0.000000,0,9904,0.000000,0,0,0,0,108,8,0,8,100,5104,304,0,0,0,0,108,0,0,0,0,281,9400
1757,W3,1,1,5,5,0,0,0,0,0,0,0,100,100,0,0,0,0,0,100,100,0,0.000000,0,9904,0.000000,0,0,0,0,108,8,0,8,100,5104,304,0,0,0,0,108,0,0,0,0,378,9400
1758,W3,1,1,5,5,0,0,0,0,0,0,0,100,100,0,0,0,0,0,100,100,0,0.000000,0,9904,0.000000,0,0,0,0,108,8,0,8,100,5104,304,0,0,0,0,108,0,0,0,0,287,9400
1759,W3,1,1,5,5,0,0,0,0,0,0,0,100,100,0,0,0,0,0,100,100,0,0.000000,0,9904,0.000000,0,0,0,0,108,8,0,8,100,5104,304,0,0,0,0,108,0,0,0,0,286,9400
1760,W3,1,1,5,5,0,0,0,0,0,0,0,100,100,100,0,0,0,0,100,100,100,100.000000,1600,9904,16.155089,10,10,10,10,108,8,0,8,100,5104,304,0,0,0,0,108,0,0,0,0,314,9400
1761,W3,1,1,5,5,0,0,0,0,0,0,0,100,100,0,0,0,0,0,100,100,0,0.000000,0,9904,0.000000,0,0,0,0,108,8,0,8,100,5104,304,0,0,0,0,108,0,0,0,0,304,9400
1762,W3,1,1,5,5,0,0,0,0,0,0,0,100,100,0,0,0,0,0,100,100,0,0.000000,0,9904,0.000000,0,0,0,0,108,8,0,8,100,5104,304,0,0,0,0,108,0,0,0,0,277,9400
1763,W3,1,1,5,5,0,0,0,0,0,0,0,100,100,0,0,0,0,0,100,100,0,0.000000,0,9904,0.000000,0,0,0,0,108,8,0,8,100,5104,304,0,0,0,0,108,0,0,0,0,273,9400
1764,W3,1,1,5,5,0,0,0,0,0,0,0,100,100,0,0,0,0,0,100,100,0,0.000000,0,9904,0.000000,0,0,0,0,108,8,0,8,100,5104,304,0,0,0,0,108,0,0,0,0,280,9400
1765,W3,1,1,5,5,0,0,0,0,0,0,0,100,100,0,0,0,0,0,100,100,0,0.000000,0,9904,0.000000,0,0,0,0,108,8,0,8,100,5104,304,0,0,0,0,108,0,0,0,0,303,9400
1766,W3,1,1,5,5,0,0,0,0,0,0,0,100,100,0,0,0,0,0,100,100,0,0.000000,0,9904,0.000000,0,0,0,0,108,8,0,8,100,5104,304,0,0,0,0,108,0,0,0,0,298,9400
1767,W3,1,1,5,5,0,0,0,0,0,0,0,100,100,0,0,0,0,0,100,100,0,0.000000,0,9904,0.000000,0,0,0,0,108,8,0,8,100,5104,304,0,0,0,0,108,0,0,0,0,286,9400
1768,W3,1,1,5,5,0,0,0,0,0,0,0,100,100,0,0,0,0,0,100,100,0,0.000000,0,9904,0.000000,0,0,0,0,108,8,0,8,100,5104,304,0,0,0,0,108,0,0,0,0,323,9400
1769,W3,1,1,5,5,0,0,0,0,0,0,0,100,100,100,0,0,0,0,100,100,100,100.000000,1600,9904,16.155089,10,10,10,10,108,8,0,8,100,5104,304,0,0,0,0,108,0,0,0,0,290,9400
1770,W3,1,1,5,5,0,0,0,0,0,0,0,100,100,0,0,0,0,0,100,100,0,0.000000,0,9904,0.000000,0,0,0,0,108,8,0,8,100,5104,304,0,0,0,0,108,0,0,0,0,319,9400
1771,W3,1,1,5,5,0,0,0,0,0,0,0,100,100,0,0,0,0,0,100,100,0,0.000000,0,9904,0.000000,0,0,0,0,108,8,0,8,100,5104,304,0,0,0,0,108,0,0,0,0,303,9400
1772,W3,1,1,5,5,0,0,0,0,0,0,0,100,100,0,0,0,0,0,100,100,0,0.000000,0,9904,0.000000,0,0,0,0,108,8,0,8,100,5104,304,0,0,0,0,108,0,0,0,0,285,9400
1773,W3,1,1,5,5,0,0,0,0,0,0,0,100,100,0,0,0,0,0,100,100,0,0.000000,0,9904,0.000000,0,0,0,0,108,8,0,8,100,5104,304,0,0,0,0,108,0,0,0,0,318,9400
1774,W3,1,1,5,5,0,0,0,0,0,0,0,100,100,0,0,0,0,0,100,100,0,0.000000,0,9904,0.000000,0,0,0,0,108,8,0,8,100,5104,304,0,0,0,0,108,0,0,0,0,332,9400
1775,W3,1,1,5,5,0,0,0,0,0,0,0,100,100,0,0,0,0,0,100,100,0,0.000000,0,9904,0.000000,0,0,0,0,108,8,0,8,100,5104,304,0,0,0,0,108,0,0,0,0,297,9400
1776,W3,1,1,5,5,0,0,0,0,0,0,0,100,100,0,0,0,0,0,100,100,0,0.000000,0,9904,0.000000,0,0,0,0,108,8,0,8,100,5104,304,0,0,0,0,108,0,0,0,0,310,9400
1777,W3,1,1,5,5,0,0,0,0,0,0,0,100,100,0,0,0,0,0,100,100,0,0.000000,0,9904,0.000000,0,0,0,0,108,8,0,8,100,5104,304,0,0,0,0,108,0,0,0,0,298,9400
1778,W3,1,1,5,5,0,0,0,0,0,0,0,100,100,100,0,0,0,0,100,100,100,100.000000,1600,9904,16.155089,10,10,10,10,108,8,0,8,100,5104,304,0,0,0,0,108,0,0,0,0,298,9400
1779,W3,1,1,5,5,0,0,0,0,0,0,0,100,100,0,0,0,0,0,100,100,0,0.000000,0,9904,0.000000,0,0,0,0,108,8,0,8,100,5104,304,0,0,0,0,108,0,0,0,0,317,9400
1780,W3,1,1,5,5,0,0,0,0,0,0,0,100,100,0,0,0,0,0,100,100,0,0.000000,0,9904,0.000000,0,0,0,0,108,8,0,8,100,5104,304,0,0,0,0,108,0,0,0,0,291,9400
1781,W3,1,1,5,5,0,0,0,0,0,0,0,100,100,0,0,0,0,0,100,100,0,0.000000,0,9904,0.000000,0,0,0,0,108,8,0,8,100,5104,304,0,0,0,0,108,0,0,0,0,284,9400
1782,W3,1,1,5,5,0,0,0,0,0,0,0,100,100,0,0,0,0,0,100,100,0,0.000000,0,9904,0.000000,0,0,0,0,108,8,0,8,100,5104,304,0,0,0,0,108,0,0,0,0,297,9400
1783,W3,1,1,5,5,0,0,0,0,0,0,0,100,100,0,0,0,0,0,100,100,0,0.000000,0,9904,0.000000,0,0,0,0,108,8,0,8,100,5104,304,0,0,0,0,108,0,0,0,0,297,9400
1784,W3,1,1,5,5,0,0,0,0,0,0,0,100,100,0,0,0,0,0,100,100,0,0.000000,0,9904,0.000000,0,0,0,0,108,8,0,8,100,5104,304,0,0,0,0,108,0,0,0,0,304,9400
1785,W3,1,1,5,5,0,0,0,0,0,0,0,100,100,0,0,0,0,0,100,100,0,0.000000,0,9904,0.000000,0,0,0,0,108,8,0,8,100,5104,304,0,0,0,0,108,0,0,0,0,323,9400
1786,W3,1,1,5,5,0,0,0,0,0,0,0,100,100,0,0,0,0,0,100,100,0,0.000000,0,9904,0.000000,0,0,0,0,108,8,0,8,100,5104,304,0,0,0,0,108,0,0,0,0,315,9400
1787,W3,1,1,5,5,0,0,0,0,0,0,0,100,100,100,0,0,0,0,100,100,100,100.000000,1600,9904,16.155089,10,10,10,10,108,8,0,8,100,5104,304,0,0,0,0,108,0,0,0,0,350,9400
1788,W3,1,1,5,5,0,0,0,0,0,0,0,100,100,0,0,0,0,0,100,100,0,0.000000,0,9904,0.000000,0,0,0,0,108,8,0,8,100,5104,304,0,0,0,0,108,0,0,0,0,320,9400
1789,W3,1,1,5,5,0,0,0,0,0,0,0,100,100,0,0,0,0,0,100,100,0,0.000000,0,9904,0.000000,0,0,0,0,108,8,0,8,100,5104,304,0,0,0,0,108,0,0,0,0,329,9400
1790,W3,1,1,5,5,0,0,0,0,0,0,0,100,100,0,0,0,0,0,100,100,0,0.000000,0,9904,0.000000,0,0,0,0,108,8,0,8,100,5104,304,0,0,0,0,108,0,0,0,0,293,9400
1791,W3,1,1,5,5,0,0,0,0,0,0,0,100,100,0,0,0,0,0,100,100,0,0.000000,0,9904,0.000000,0,0,0,0,108,8,0,8,100,5104,304,0,0,0,0,108,0,0,0,0,343,9400
1792,W3,1,1,5,5,0,0,0,0,0,0,0,100,100,0,0,0,0,0,100,100,0,0.000000,0,9904,0.000000,0,0,0,0,108,8,0,8,100,5104,304,0,0,0,0,108,0,0,0,0,321,9400
1793,W3,1,1,5,5,0,0,0,0,0,0,0,100,100,0,0,0,0,0,100,100,0,0.000000,0,9904,0.000000,0,0,0,0,108,8,0,8,100,5104,304,0,0,0,0,108,0,0,0,0,291,9400
1794,W3,1,1,5,5,0,0,0,0,0,0,0,100,100,0,0,0,0,0,100,100,0,0.000000,0,9904,0.000000,0,0,0,0,108,8,0,8,100,5104,304,0,0,0,0,108,0,0,0,0,328,9400
1795,W3,1,1,5,5,0,0,0,0,0,0,0,100,100,0,0,0,0,0,100,100,0,0.000000,0,9904,0.000000,0,0,0,0,108,8,0,8,100,5104,304,0,0,0,0,108,0,0,0,0,305,9400
1796,W3,1,1,5,5,0,0,0,0,0,0,0,100,100,100,0,0,0,0,100,100,100,100.000000,1600,9904,16.155089,10,10,10,10,108,8,0,8,100,5104,304,0,0,0,0,108,0,0,0,0,305,9400
1797,W3,1,1,5,5,0,0,0,0,0,0,0,100,100,0,0,0,0,0,100,100,0,0.000000,0,9904,0.000000,0,0,0,0,108,8,0,8,100,5104,304,0,0,0,0,108,0,0,0,0,307,9400
1798,W3,1,1,5,5,0,0,0,0,0,0,0,100,100,0,0,0,0,0,100,100,0,0.000000,0,9904,0.000000,0,0,0,0,108,8,0,8,100,5104,304,0,0,0,0,108,0,0,0,0,296,9400
1799,W3,1,1,5,5,0,0,0,0,0,0,0,100,100,0,0,0,0,0,100,100,0,0.000000,0,9904,0.000000,0,0,0,0,108,8,0,8,100,5104,304,0,0,0,0,108,0,0,0,0,282,9400
1800,W3,1,1,5,5,0,0,0,0,0,0,0,100,100,0,0,0,0,0,100,100,0,0.000000,0,9904,0.000000,0,0,0,0,108,8,0,8,100,5104,304,0,0,0,0,108,0,0,0,0,291,9400
1801,W3,1,1,5,5,0,0,0,0,0,0,0,100,100,0,0,0,0,0,100,100,0,0.000000,0,9904,0.000000,0,0,0,0,108,8,0,8,100,5104,304,0,0,0,0,108,0,0,0,0,326,9400
1802,W3,1,1,5,5,0,0,0,0,0,0,0,100,100,0,0,0,0,0,100,100,0,0.000000,0,9904,0.000000,0,0,0,0,108,8,0,8,100,5104,304,0,0,0,0,108,0,0,0,0,288,9400
1803,W3,1,1,5,5,0,0,0,0,0,0,0,100,100,0,0,0,0,0,100,100,0,0.000000,0,9904,0.000000,0,0,0,0,108,8,0,8,100,5104,304,0,0,0,0,108,0,0,0,0,279,9400
1804,W3,1,1,5,5,0,0,0,0,0,0,0,100,100,0,0,0,0,0,100,100,0,0.000000,0,9904,0.000000,0,0,0,0,108,8,0,8,100,5104,304,0,0,0,0,108,0,0,0,0,294,9400
1805,W3,1,1,5,5,0,0,0,0,0,0,0,100,100,100,0,0,0,0,100,100,100,100.000000,1600,9904,16.155089,10,10,10,10,108,8,0,8,100,5104,304,0,0,0,0,108,0,0,0,0,292,9400
1806,W3,1,1,5,5,0,0,0,0,0,0,0,100,100,0,0,0,0,0,100,100,0,0.000000,0,9904,0.000000,0,0,0,0,108,8,0,8,100,5104,304,0,0,0,0,108,0,0,0,0,292,9400
1807,W3,1,1,5,5,0,0,0,0,0,0,0,100,100,0,0,0,0,0,100,100,0,0.000000,0,9904,0.000000,0,0,0,0,108,8,0,8,100,5104,304,0,0,0,0,108,0,0,0,0,296,9400
1808,W3,1,1,5,5,0,0,0,0,0,0,0,100,100,0,0,0,0,0,100,100,0,0.000000,0,9904,0.000000,0,0,0,0,108,8,0,8,100,5104,304,0,0,0,0,108,0,0,0,0,323,9400
1809,W3,1,1,5,5,0,0,0,0,0,0,0,100,100,0,0,0,0,0,100,100,0,0.000000,0,9904,0.000000,0,0,0,0,108,8,0,8,100,5104,304,0,0,0,0,108,0,0,0,0,299,9400
1810,W3,1,1,5,5,0,0,0,0,0,0,0,100,100,0,0,0,0,0,100,100,0,0.000000,0,9904,0.000000,0,0,0,0,108,8,0,8,100,5104,304,0,0,0,0,108,0,0,0,0,299,9400
1811,W3,1,1,5,5,0,0,0,0,0,0,0,100,100,0,0,0,0,0,100,100,0,0.000000,0,9904,0.000000,0,0,0,0,108,8,0,8,100,5104,304,0,0,0,0,108,0,0,0,0,295,9400
1812,W3,1,1,5,5,0,0,0,0,0,0,0,100,100,0,0,0,0,0,100,100,0,0.000000,0,9904,0.000000,0,0,0,0,108,8,0,8,100,5104,304,0,0,0,0,108,0,0,0,0,293,9400
1813,W3,1,1,5,5,0,0,0,0,0,0,0,100,100,0,0,0,0,0,100,100,0,0.000000,0,9904,0.000000,0,0,0,0,108,8,0,8,100,5104,304,0,0,0,0,108,0,0,0,0,293,9400
1814,W3,1,1,5,5,0,0,0,0,0,0,0,100,100,100,0,0,0,0,100,100,100,100.000000,1600,9904,16.155089,10,10,10,10,108,8,0,8,100,5104,304,0,0,0,0,108,0,0,0,0,325,9400
1815,W3,1,1,5,5,0,0,0,0,0,0,0,100,100,0,0,0,0,0,100,100,0,0.000000,0,9904,0.000000,0,0,0,0,108,8,0,8,100,5104,304,0,0,0,0,108,0,0,0,0,300,9400
1816,W3,1,1,5,5,0,0,0,0,0,0,0,100,100,0,0,0,0,0,100,100,0,0.000000,0,9904,0.000000,0,0,0,0,108,8,0,8,100,5104,304,0,0,0,0,108,0,0,0,0,297,9400
1817,W3,1,1,5,5,0,0,0,0,0,0,0,100,100,0,0,0,0,0,100,100,0,0.000000,0,9904,0.000000,0,0,0,0,108,8,0,8,100,5104,304,0,0,0,0,108,0,0,0,0,298,9400
1818,W3,1,1,5,5,0,0,0,0,0,0,0,100,100,0,0,0,0,0,100,100,0,0.000000,0,9904,0.000000,0,0,0,0,108,8,0,8,100,5104,304,0,0,0,0,108,0,0,0,0,292,9400
1819,W3,1,1,5,5,0,0,0,0,0,0,0,100,100,0,0,0,0,0,100,100,0,0.000000,0,9904,0.000000,0,0,0,0,108,8,0,8,100,5104,304,0,0,0,0,108,0,0,0,0,280,9400
1820,W3,1,1,5,5,0,0,0,0,0,0,0,100,100,0,0,0,0,0,100,100,0,0.000000,0,9904,0.000000,0,0,0,0,108,8,0,8,100,5104,304,0,0,0,0,108,0,0,0,0,296,9400
1821,W3,1,1,5,5,0,0,0,0,0,0,0,100,100,0,0,0,0,0,100,100,0,0.000000,0,9904,0.000000,0,0,0,0,108,8,0,8,100,5104,304,0,0,0,0,108,0,0,0,0,279,9400
1822,W3,1,1,5,5,0,0,0,0,0,0,0,100,100,0,0,0,0,0,100,100,0,0.000000,0,9904,0.000000,0,0,0,0,108,8,0,8,100,5104,304,0,0,0,0,108,0,0,0,0,294,9400
1823,W3,1,1,5,5,0,0,0,0,0,0,0,100,100,100,0,0,0,0,100,100,100,100.000000,1600,9904,16.155089,10,10,10,10,108,8,0,8,100,5104,304,0,0,0,0,108,0,0,0,0,286,9400
1824,W3,1,1,5,5,0,0,0,0,0,0,0,100,100,0,0,0,0,0,100,100,0,0.000000,0,9904,0.000000,0,0,0,0,108,8,0,8,100,5104,304,0,0,0,0,108,0,0,0,0,289,9400
1825,W3,1,1,5,5,0,0,0,0,0,0,0,100,100,0,0,0,0,0,100,100,0,0.000000,0,9904,0.000000,0,0,0,0,108,8,0,8,100,5104,304,0,0,0,0,108,0,0,0,0,278,9400
1826,W3,1,1,5,5,0,0,0,0,0,0,0,100,100,0,0,0,0,0,100,100,0,0.000000,0,9904,0.000000,0,0,0,0,108,8,0,8,100,5104,304,0,0,0,0,108,0,0,0,0,285,9400
1827,W3,1,1,5,5,0,0,0,0,0,0,0,100,100,0,0,0,0,0,100,100,0,0.000000,0,9904,0.000000,0,0,0,0,108,8,0,8,100,5104,304,0,0,0,0,108,0,0,0,0,280,9400
1828,W3,1,1,5,5,0,0,0,0,0,0,0,100,100,0,0,0,0,0,100,100,0,0.000000,0,9904,0.000000,0,0,0,0,108,8,0,8,100,5104,304,0,0,0,0,108,0,0,0,0,307,9400
1829,W3,1,1,5,5,0,0,0,0,0,0,0,100,100,0,0,0,0,0,100,100,0,0.000000,0,9904,0.000000,0,0,0,0,108,8,0,8,100,5104,304,0,0,0,0,108,0,0,0,0,287,9400
1830,W3,1,1,5,5,0,0,0,0,0,0,0,100,100,0,0,0,0,0,100,100,0,0.000000,0,9904,0.000000,0,0,0,0,108,8,0,8,100,5104,304,0,0,0,0,108,0,0,0,0,338,9400
1831,W3,1,1,5,5,0,0,0,0,0,0,0,100,100,0,0,0,0,0,100,100,0,0.000000,0,9904,0.000000,0,0,0,0,108,8,0,8,100,5104,304,0,0,0,0,108,0,0,0,0,300,9400
1832,W3,1,1,5,5,0,0,0,0,0,0,0,100,100,100,0,0,0,0,100,100,100,100.000000,1600,9904,16.155089,10,10,10,10,108,8,0,8,100,5104,304,0,0,0,0,108,0,0,0,0,285,9400
1833,W3,1,1,5,5,0,0,0,0,0,0,0,100,100,0,0,0,0,0,100,100,0,0.000000,0,9904,0.000000,0,0,0,0,108,8,0,8,100,5104,304,0,0,0,0,108,0,0,0,0,276,9400
1834,W3,1,1,5,5,0,0,0,0,0,0,0,100,100,0,0,0,0,0,100,100,0,0.000000,0,9904,0.000000,0,0,0,0,108,8,0,8,100,5104,304,0,0,0,0,108,0,0,0,0,317,9400
1835,W3,1,1,5,5,0,0,0,0,0,0,0,100,100,0,0,0,0,0,100,100,0,0.000000,0,9904,0.000000,0,0,0,0,108,8,0,8,100,5104,304,0,0,0,0,108,0,0,0,0,281,9400
1836,W3,1,1,5,5,0,0,0,0,0,0,0,100,100,0,0,0,0,0,100,100,0,0.000000,0,9904,0.000000,0,0,0,0,108,8,0,8,100,5104,304,0,0,0,0,108,0,0,0,0,309,9400
1837,W3,1,1,5,5,0,0,0,0,0,0,0,100,100,0,0,0,0,0,100,100,0,0.000000,0,9904,0.000000,0,0,0,0,108,8,0,8,100,5104,304,0,0,0,0,108,0,0,0,0,308,9400
1838,W3,1,1,5,5,0,0,0,0,0,0,0,100,100,0,0,0,0,0,100,100,0,0.000000,0,9904,0.000000,0,0,0,0,108,8,0,8,100,5104,304,0,0,0,0,108,0,0,0,0,299,9400
1839,W3,1,1,5,5,0,0,0,0,0,0,0,100,100,0,0,0,0,0,100,100,0,0.000000,0,9904,0.000000,0,0,0,0,108,8,0,8,100,5104,304,0,0,0,0,108,0,0,0,0,287,9400
1840,W3,1,1,5,5,0,0,0,0,0,0,0,100,100,0,0,0,0,0,100,100,0,0.000000,0,9904,0.000000,0,0,0,0,108,8,0,8,100,5104,304,0,0,0,0,108,0,0,0,0,290,9400
1841,W3,1,1,5,5,0,0,0,0,0,0,0,100,100,100,0,0,0,0,100,100,100,100.000000,1600,9904,16.155089,10,10,10,10,108,8,0,8,100,5104,304,0,0,0,0,108,0,0,0,0,275,9400
1842,W3,1,1,5,5,0,0,0,0,0,0,0,100,100,0,0,0,0,0,100,100,0,0.000000,0,9904,0.000000,0,0,0,0,108,8,0,8,100,5104,304,0,0,0,0,108,0,0,0,0,283,9400
1843,W3,1,1,5,5,0,0,0,0,0,0,0,100,100,0,0,0,0,0,100,100,0,0.000000,0,9904,0.000000,0,0,0,0,108,8,0,8,100,5104,304,0,0,0,0,108,0,0,0,0,279,9400
1844,W3,1,1,5,5,0,0,0,0,0,0,0,100,100,0,0,0,0,0,100,100,0,0.000000,0,9904,0.000000,0,0,0,0,108,8,0,8,100,5104,304,0,0,0,0,108,0,0,0,0,289,9400
1845,W3,1,1,5,5,0,0,0,0,0,0,0,100,100,0,0,0,0,0,100,100,0,0.000000,0,9904,0.000000,0,0,0,0,108,8,0,8,100,5104,304,0,0,0,0,108,0,0,0,0,302,9400
1846,W3,1,1,5,5,0,0,0,0,0,0,0,100,100,0,0,0,0,0,100,100,0,0.000000,0,9904,0.000000,0,0,0,0,108,8,0,8,100,5104,304,0,0,0,0,108,0,0,0,0,294,9400
1847,W3,1,1,5,5,0,0,0,0,0,0,0,100,100,0,0,0,0,0,100,100,0,0.000000,0,9904,0.000000,0,0,0,0,108,8,0,8,100,5104,304,0,0,0,0,108,0,0,0,0,313,9400
1848,W3,1,1,5,5,0,0,0,0,0,0,0,100,100,0,0,0,0,0,100,100,0,0.000000,0,9904,0.000000,0,0,0,0,108,8,0,8,100,5104,304,0,0,0,0,108,0,0,0,0,321,9400
1849,W3,1,1,5,5,0,0,0,0,0,0,0,100,100,0,0,0,0,0,100,100,0,0.000000,0,9904,0.000000,0,0,0,0,108,8,0,8,100,5104,304,0,0,0,0,108,0,0,0,0,288,9400
1850,W3,1,1,5,5,0,0,0,0,0,0,0,100,100,100,0,0,0,0,100,100,100,100.000000,1600,9904,16.155089,10,10,10,10,108,8,0,8,100,5104,304,0,0,0,0,108,0,0,0,0,295,9400
1851,W3,1,1,5,5,0,0,0,0,0,0,0,100,100,0,0,0,0,0,100,100,0,0.000000,0,9904,0.000000,0,0,0,0,108,8,0,8,100,5104,304,0,0,0,0,108,0,0,0,0,291,9400
1852,W3,1,1,5,5,0,0,0,0,0,0,0,100,100,0,0,0,0,0,100,100,0,0.000000,0,9904,0.000000,0,0,0,0,108,8,0,8,100,5104,304,0,0,0,0,108,0,0,0,0,352,9400
1853,W3,1,1,5,5,0,0,0,0,0,0,0,100,100,0,0,0,0,0,100,100,0,0.000000,0,9904,0.000000,0,0,0,0,108,8,0,8,100,5104,304,0,0,0,0,108,0,0,0,0,292,9400
1854,W3,1,1,5,5,0,0,0,0,0,0,0,100,100,0,0,0,0,0,100,100,0,0.000000,0,9904,0.000000,0,0,0,0,108,8,0,8,100,5104,304,0,0,0,0,108,0,0,0,0,310,9400
1855,W3,1,1,5,5,0,0,0,0,0,0,0,100,100,0,0,0,0,0,100,100,0,0.000000,0,9904,0.000000,0,0,0,0,108,8,0,8,100,5104,304,0,0,0,0,108,0,0,0,0,296,9400
1856,W3,1,1,5,5,0,0,0,0,0,0,0,100,100,0,0,0,0,0,100,100,0,0.000000,0,9904,0.000000,0,0,0,0,108,8,0,8,100,5104,304,0,0,0,0,108,0,0,0,0,318,9400
1857,W3,1,1,5,5,0,0,0,0,0,0,0,100,100,0,0,0,0,0,100,100,0,0.000000,0,9904,0.000000,0,0,0,0,108,8,0,8,100,5104,304,0,0,0,0,108,0,0,0,0,314,9400
1858,W3,1,1,5,5,0,0,0,0,0,0,0,100,100,0,0,0,0,0,100,100,0,0.000000,0,9904,0.000000,0,0,0,0,108,8,0,8,100,5104,304,0,0,0,0,108,0,0,0,0,324,9400
1859,W3,1,1,5,5,0,0,0,0,0,0,0,100,100,100,0,0,0,0,100,100,100,100.000000,1600,9904,16.155089,10,10,10,10,108,8,0,8,100,5104,304,0,0,0,0,108,0,0,0,0,314,9400
1860,W3,1,1,5,5,0,0,0,0,0,0,0,100,100,0,0,0,0,0,100,100,0,0.000000,0,9904,0.000000,0,0,0,0,108,8,0,8,100,5104,304,0,0,0,0,108,0,0,0,0,292,9400
1861,W3,1,1,5,5,0,0,0,0,0,0,0,100,100,0,0,0,0,0,100,100,0,0.000000,0,9904,0.000000,0,0,0,0,108,8,0,8,100,5104,304,0,0,0,0,108,0,0,0,0,305,9400
1862,W3,1,1,5,5,0,0,0,0,0,0,0,100,100,0,0,0,0,0,100,100,0,0.000000,0,9904,0.000000,0,0,0,0,108,8,0,8,100,5104,304,0,0,0,0,108,0,0,0,0,310,9400
1863,W3,1,1,5,5,0,0,0,0,0,0,0,100,100,0,0,0,0,0,100,100,0,0.000000,0,9904,0.000000,0,0,0,0,108,8,0,8,100,5104,304,0,0,0,0,108,0,0,0,0,314,9400
1864,W3,1,1,5,5,0,0,0,0,0,0,0,100,100,0,0,0,0,0,100,100,0,0.000000,0,9904,0.000000,0,0,0,0,108,8,0,8,100,5104,304,0,0,0,0,108,0,0,0,0,323,9400
1865,W3,1,1,5,5,0,0,0,0,0,0,0,100,100,0,0,0,0,0,100,100,0,0.000000,0,9904,0.000000,0,0,0,0,108,8,0,8,100,5104,304,0,0,0,0,108,0,0,0,0,323,9400
1866,W3,1,1,5,5,0,0,0,0,0,0,0,100,100,0,0,0,0,0,100,100,0,0.000000,0,9904,0.000000,0,0,0,0,108,8,0,8,100,5104,304,0,0,0,0,108,0,0,0,0,296,9400
1867,W3,1,1,5,5,0,0,0,0,0,0,0,100,100,0,0,0,0,0,100,100,0,0.000000,0,9904,0.000000,0,0,0,0,108,8,0,8,100,5104,304,0,0,0,0,108,0,0,0,0,303,9400
1868,W3,1,1,5,5,0,0,0,0,0,0,0,100,100,100,0,0,0,0,100,100,100,100.000000,1600,9904,16.155089,10,10,10,10,108,8,0,8,100,5104,304,0,0,0,0,108,0,0,0,0,328,9400
1869,W3,1,1,5,5,0,0,0,0,0,0,0,100,100,0,0,0,0,0,100,100,0,0.000000,0,9904,0.000000,0,0,0,0,108,8,0,8,100,5104,304,0,0,0,0,108,0,0,0,0,292,9400
1870,W3,1,1,5,5,0,0,0,0,0,0,0,100,100,0,0,0,0,0,100,100,0,0.000000,0,9904,0.000000,0,0,0,0,108,8,0,8,100,5104,304,0,0,0,0,108,0,0,0,0,310,9400
1871,W3,1,1,5,5,0,0,0,0,0,0,0,100,100,0,0,0,0,0,100,100,0,0.000000,0,9904,0.000000,0,0,0,0,108,8,0,8,100,5104,304,0,0,0,0,108,0,0,0,0,304,9400
1872,W3,1,1,5,5,0,0,0,0,0,0,0,100,100,0,0,0,0,0,100,100,0,0.000000,0,9904,0.000000,0,0,0,0,108,8,0,8,100,5104,304,0,0,0,0,108,0,0,0,0,309,9400
1873,W3,1,1,5,5,0,0,0,0,0,0,0,100,100,0,0,0,0,0,100,100,0,0.000000,0,9904,0.000000,0,0,0,0,108,8,0,8,100,5104,304,0,0,0,0,108,0,0,0,0,293,9400
1874,W3,1,1,5,5,0,0,0,0,0,0,0,100,100,0,0,0,0,0,100,100,0,0.000000,0,9904,0.000000,0,0,0,0,108,8,0,8,100,5104,304,0,0,0,0,108,0,0,0,0,284,9400
1875,W3,1,1,5,5,0,0,0,0,0,0,0,100,100,0,0,0,0,0,100,100,0,0.000000,0,9904,0.000000,0,0,0,0,108,8,0,8,100,5104,304,0,0,0,0,108,0,0,0,0,276,9400
1876,W3,1,1,5,5,0,0,0,0,0,0,0,100,100,0,0,0,0,0,100,100,0,0.000000,0,9904,0.000000,0,0,0,0,108,8,0,8,100,5104,304,0,0,0,0,108,0,0,0,0,286,9400
1877,W3,1,1,5,5,0,0,0,0,0,0,0,100,100,100,0,0,0,0,100,100,100,100.000000,1600,9904,16.155089,10,10,10,10,108,8,0,8,100,5104,304,0,0,0,0,108,0,0,0,0,278,9400
1878,W3,1,1,5,5,0,0,0,0,0,0,0,100,100,0,0,0,0,0,100,100,0,0.000000,0,9904,0.000000,0,0,0,0,108,8,0,8,100,5104,304,0,0,0,0,108,0,0,0,0,276,9400
1879,W3,1,1,5,5,0,0,0,0,0,0,0,100,100,0,0,0,0,0,100,100,0,0.000000,0,9904,0.000000,0,0,0,0,108,8,0,8,100,5104,304,0,0,0,0,108,0,0,0,0,293,9400
1880,W3,1,1,5,5,0,0,0,0,0,0,0,100,100,0,0,0,0,0,100,100,0,0.000000,0,9904,0.000000,0,0,0,0,108,8,0,8,100,5104,304,0,0,0,0,108,0,0,0,0,280,9400
1881,W3,1,1,5,5,0,0,0,0,0,0,0,100,100,0,0,0,0,0,100,100,0,0.000000,0,9904,0.000000,0,0,0,0,108,8,0,8,100,5104,304,0,0,0,0,108,0,0,0,0,318,9400
1882,W3,1,1,5,5,0,0,0,0,0,0,0,100,100,0,0,0,0,0,100,100,0,0.000000,0,9904,0.000000,0,0,0,0,108,8,0,8,100,5104,304,0,0,0,0,108,0,0,0,0,309,9400
1883,W3,1,1,5,5,0,0,0,0,0,0,0,100,100,0,0,0,0,0,100,100,0,0.000000,0,9904,0.000000,0,0,0,0,108,8,0,8,100,5104,304,0,0,0,0,108,0,0,0,0,298,9400
1884,W3,1,1,5,5,0,0,0,0,0,0,0,100,100,0,0,0,0,0,100,100,0,0.000000,0,9904,0.000000,0,0,0,0,108,8,0,8,100,5104,304,0,0,0,0,108,0,0,0,0,277,9400
1885,W3,1,1,5,5,0,0,0,0,0,0,0,100,100,0,0,0,0,0,100,100,0,0.000000,0,9904,0.000000,0,0,0,0,108,8,0,8,100,5104,304,0,0,0,0,108,0,0,0,0,352,9400
1886,W3,1,1,5,5,0,0,0,0,0,0,0,100,100,100,0,0,0,0,100,100,100,100.000000,1600,9904,16.155089,10,10,10,10,108,8,0,8,100,5104,304,0,0,0,0,108,0,0,0,0,301,9400
1887,W3,1,1,5,5,0,0,0,0,0,0,0,100,100,0,0,0,0,0,100,100,0,0.000000,0,9904,0.000000,0,0,0,0,108,8,0,8,100,5104,304,0,0,0,0,108,0,0,0,0,281,9400
1888,W3,1,1,5,5,0,0,0,0,0,0,0,100,100,0,0,0,0,0,100,100,0,0.000000,0,9904,0.000000,0,0,0,0,108,8,0,8,100,5104,304,0,0,0,0,108,0,0,0,0,278,9400
1889,W3,1,1,5,5,0,0,0,0,0,0,0,100,100,0,0,0,0,0,100,100,0,0.000000,0,9904,0.000000,0,0,0,0,108,8,0,8,100,5104,304,0,0,0,0,108,0,0,0,0,277,9400
1890,W3,1,1,5,5,0,0,0,0,0,0,0,100,100,0,0,0,0,0,100,100,0,0.000000,0,9904,0.000000,0,0,0,0,108,8,0,8,100,5104,304,0,0,0,0,108,0,0,0,0,277,9400
1891,W3,1,1,5,5,0,0,0,0,0,0,0,100,100,0,0,0,0,0,100,100,0,0.000000,0,9904,0.000000,0,0,0,0,108,8,0,8,100,5104,304,0,0,0,0,108,0,0,0,0,283,9400
1892,W3,1,1,5,5,0,0,0,0,0,0,0,100,100,0,0,0,0,0,100,100,0,0.000000,0,9904,0.000000,0,0,0,0,108,8,0,8,100,5104,304,0,0,0,0,108,0,0,0,0,284,9400
1893,W3,1,1,5,5,0,0,0,0,0,0,0,100,100,0,0,0,0,0,100,100,0,0.000000,0,9904,0.000000,0,0,0,0,108,8,0,8,100,5104,304,0,0,0,0,108,0,0,0,0,273,9400
1894,W3,1,1,5,5,0,0,0,0,0,0,0,100,100,0,0,0,0,0,100,100,0,0.000000,0,9904,0.000000,0,0,0,0,108,8,0,8,100,5104,304,0,0,0,0,108,0,0,0,0,312,9400
1895,W3,1,1,5,5,0,0,0,0,0,0,0,100,100,100,0,0,0,0,100,100,100,100.000000,1600,9904,16.155089,10,10,10,10,108,8,0,8,100,5104,304,0,0,0,0,108,0,0,0,0,299,9400
1896,W3,1,1,5,5,0,0,0,0,0,0,0,100,100,0,0,0,0,0,100,100,0,0.000000,0,9904,0.000000,0,0,0,0,108,8,0,8,100,5104,304,0,0,0,0,108,0,0,0,0,333,9400
1897,W3,1,1,5,5,0,0,0,0,0,0,0,100,100,0,0,0,0,0,100,100,0,0.000000,0,9904,0.000000,0,0,0,0,108,8,0,8,100,5104,304,0,0,0,0,108,0,0,0,0,321,9400
1898,W3,1,1,5,5,0,0,0,0,0,0,0,100,100,0,0,0,0,0,100,100,0,0.000000,0,9904,0.000000,0,0,0,0,108,8,0,8,100,5104,304,0,0,0,0,108,0,0,0,0,296,9400
1899,W3,1,1,5,5,0,0,0,0,0,0,0,100,100,0,0,0,0,0,100,100,0,0.000000,0,9904,0.000000,0,0,0,0,108,8,0,8,100,5104,304,0,0,0,0,108,0,0,0,0,327,9400
1900,W3,1,1,5,5,0,0,0,0,0,0,0,100,100,0,0,0,0,0,100,100,0,0.000000,0,9904,0.000000,0,0,0,0,108,8,0,8,100,5104,304,0,0,0,0,108,0,0,0,0,323,9400
1901,W3,1,1,5,5,0,0,0,0,0,0,0,100,100,0,0,0,0,0,100,100,0,0.000000,0,9904,0.000000,0,0,0,0,108,8,0,8,100,5104,304,0,0,0,0,108,0,0,0,0,320,9400
1902,W3,1,1,5,5,0,0,0,0,0,0,0,100,100,0,0,0,0,0,100,100,0,0.000000,0,9904,0.000000,0,0,0,0,108,8,0,8,100,5104,304,0,0,0,0,108,0,0,0,0,316,9400
1903,W3,1,1,5,5,0,0,0,0,0,0,0,100,100,0,0,0,0,0,100,100,0,0.000000,0,9904,0.000000,0,0,0,0,108,8,0,8,100,5104,304,0,0,0,0,108,0,0,0,0,322,9400
1904,W3,1,1,5,5,0,0,0,0,0,0,0,100,100,100,0,0,0,0,100,100,100,100.000000,1600,9904,16.155089,10,10,10,10,108,8,0,8,100,5104,304,0,0,0,0,108,0,0,0,0,297,9400
1905,W3,1,1,5,5,0,0,0,0,0,0,0,100,100,0,0,0,0,0,100,100,0,0.000000,0,9904,0.000000,0,0,0,0,108,8,0,8,100,5104,304,0,0,0,0,108,0,0,0,0,317,9400
1906,W3,1,1,5,5,0,0,0,0,0,0,0,100,100,0,0,0,0,0,100,100,0,0.000000,0,9904,0.000000,0,0,0,0,108,8,0,8,100,5104,304,0,0,0,0,108,0,0,0,0,321,9400
1907,W3,1,1,5,5,0,0,0,0,0,0,0,100,100,0,0,0,0,0,100,100,0,0.000000,0,9904,0.000000,0,0,0,0,108,8,0,8,100,5104,304,0,0,0,0,108,0,0,0,0,325,9400
1908,W3,1,1,5,5,0,0,0,0,0,0,0,100,100,0,0,0,0,0,100,100,0,0.000000,0,9904,0.000000,0,0,0,0,108,8,0,8,100,5104,304,0,0,0,0,108,0,0,0,0,299,9400
1909,W3,1,1,5,5,0,0,0,0,0,0,0,100,100,0,0,0,0,0,100,100,0,0.000000,0,9904,0.000000,0,0,0,0,108,8,0,8,100,5104,304,0,0,0,0,108,0,0,0,0,307,9400
1910,W3,1,1,5,5,0,0,0,0,0,0,0,100,100,0,0,0,0,0,100,100,0,0.000000,0,9904,0.000000,0,0,0,0,108,8,0,8,100,5104,304,0,0,0,0,108,0,0,0,0,288,9400
1911,W3,1,1,5,5,0,0,0,0,0,0,0,100,100,0,0,0,0,0,100,100,0,0.000000,0,9904,0.000000,0,0,0,0,108,8,0,8,100,5104,304,0,0,0,0,108,0,0,0,0,320,9400
1912,W3,1,1,5,5,0,0,0,0,0,0,0,100,100,0,0,0,0,0,100,100,0,0.000000,0,9904,0.000000,0,0,0,0,108,8,0,8,100,5104,304,0,0,0,0,108,0,0,0,0,298,9400
1913,W3,1,1,5,5,0,0,0,0,0,0,0,100,100,100,0,0,0,0,100,100,100,100.000000,1600,9904,16.155089,10,10,10,10,108,8,0,8,100,5104,304,0,0,0,0,108,0,0,0,0,303,9400
1914,W3,1,1,5,5,0,0,0,0,0,0,0,100,100,0,0,0,0,0,100,100,0,0.000000,0,9904,0.000000,0,0,0,0,108,8,0,8,100,5104,304,0,0,0,0,108,0,0,0,0,295,9400
1915,W3,1,1,5,5,0,0,0,0,0,0,0,100,100,0,0,0,0,0,100,100,0,0.000000,0,9904,0.000000,0,0,0,0,108,8,0,8,100,5104,304,0,0,0,0,108,0,0,0,0,286,9400
1916,W3,1,1,5,5,0,0,0,0,0,0,0,100,100,0,0,0,0,0,100,100,0,0.000000,0,9904,0.000000,0,0,0,0,108,8,0,8,100,5104,304,0,0,0,0,108,0,0,0,0,294,9400
1917,W3,1,1,5,5,0,0,0,0,0,0,0,100,100,0,0,0,0,0,100,100,0,0.000000,0,9904,0.000000,0,0,0,0,108,8,0,8,100,5104,304,0,0,0,0,108,0,0,0,0,295,9400
1918,W3,1,1,5,5,0,0,0,0,0,0,0,100,100,0,0,0,0,0,100,100,0,0.000000,0,9904,0.000000,0,0,0,0,108,8,0,8,100,5104,304,0,0,0,0,108,0,0,0,0,302,9400
1919,W3,1,1,5,5,0,0,0,0,0,0,0,100,100,0,0,0,0,0,100,100,0,0.000000,0,9904,0.000000,0,0,0,0,108,8,0,8,100,5104,304,0,0,0,0,108,0,0,0,0,311,9400
1920,W3,1,1,5,5,0,0,0,0,0,0,0,100,100,0,0,0,0,0,100,100,0,0.000000,0,9904,0.000000,0,0,0,0,108,8,0,8,100,5104,304,0,0,0,0,108,0,0,0,0,300,9400
1921,W3,1,1,5,5,0,0,0,0,0,0,0,100,100,0,0,0,0,0,100,100,0,0.000000,0,9904,0.000000,0,0,0,0,108,8,0,8,100,5104,304,0,0,0,0,108,0,0,0,0,277,9400
1922,W3,1,1,5,5,0,0,0,0,0,0,0,100,100,100,0,0,0,0,100,100,100,100.000000,1600,9904,16.155089,10,10,10,10,108,8,0,8,100,5104,304,0,0,0,0,108,0,0,0,0,310,9400
1923,W3,1,1,5,5,0,0,0,0,0,0,0,100,100,0,0,0,0,0,100,100,0,0.000000,0,9904,0.000000,0,0,0,0,108,8,0,8,100,5104,304,0,0,0,0,108,0,0,0,0,282,9400
1924,W3,1,1,5,5,0,0,0,0,0,0,0,100,100,0,0,0,0,0,100,100,0,0.000000,0,9904,0.000000,0,0,0,0,108,8,0,8,100,5104,304,0,0,0,0,108,0,0,0,0,280,9400
1925,W3,1,1,5,5,0,0,0,0,0,0,0,100,100,0,0,0,0,0,100,100,0,0.000000,0,9904,0.000000,0,0,0,0,108,8,0,8,100,5104,304,0,0,0,0,108,0,0,0,0,382,9400
1926,W3,1,1,5,5,0,0,0,0,0,0,0,100,100,0,0,0,0,0,100,100,0,0.000000,0,9904,0.000000,0,0,0,0,108,8,0,8,100,5104,304,0,0,0,0,108,0,0,0,0,298,9400
1927,W3,1,1,5,5,0,0,0,0,0,0,0,100,100,0,0,0,0,0,100,100,0,0.000000,0,9904,0.000000,0,0,0,0,108,8,0,8,100,5104,304,0,0,0,0,108,0,0,0,0,286,9400
1928,W3,1,1,5,5,0,0,0,0,0,0,0,100,100,0,0,0,0,0,100,100,0,0.000000,0,9904,0.000000,0,0,0,0,108,8,0,8,100,5104,304,0,0,0,0,108,0,0,0,0,288,9400
1929,W3,1,1,5,5,0,0,0,0,0,0,0,100,100,0,0,0,0,0,100,100,0,0.000000,0,9904,0.000000,0,0,0,0,108,8,0,8,100,5104,304,0,0,0,0,108,0,0,0,0,305,9400
1930,W3,1,1,5,5,0,0,0,0,0,0,0,100,100,0,0,0,0,0,100,100,0,0.000000,0,9904,0.000000,0,0,0,0,108,8,0,8,100,5104,304,0,0,0,0,108,0,0,0,0,281,9400
1931,W3,1,1,5,5,0,0,0,0,0,0,0,100,100,100,0,0,0,0,100,100,100,100.000000,1600,9904,16.155089,10,10,10,10,108,8,0,8,100,5104,304,0,0,0,0,108,0,0,0,0,286,9400
1932,W3,1,1,5,5,0,0,0,0,0,0,0,100,100,0,0,0,0,0,100,100,0,0.000000,0,9904,0.000000,0,0,0,0,108,8,0,8,100,5104,304,0,0,0,0,108,0,0,0,0,303,9400
1933,W3,1,1,5,5,0,0,0,0,0,0,0,100,100,0,0,0,0,0,100,100,0,0.000000,0,9904,0.000000,0,0,0,0,108,8,0,8,100,5104,304,0,0,0,0,108,0,0,0,0,285,9400
1934,W3,1,1,5,5,0,0,0,0,0,0,0,100,100,0,0,0,0,0,100,100,0,0.000000,0,9904,0.000000,0,0,0,0,108,8,0,8,100,5104,304,0,0,0,0,108,0,0,0,0,288,9400
1935,W3,1,1,5,5,0,0,0,0,0,0,0,100,100,0,0,0,0,0,100,100,0,0.000000,0,9904,0.000000,0,0,0,0,108,8,0,8,100,5104,304,0,0,0,0,108,0,0,0,0,300,9400
1936,W3,1,1,5,5,0,0,0,0,0,0,0,100,100,0,0,0,0,0,100,100,0,0.000000,0,9904,0.000000,0,0,0,0,108,8,0,8,100,5104,304,0,0,0,0,108,0,0,0,0,288,9400
1937,W3,1,1,5,5,0,0,0,0,0,0,0,100,100,0,0,0,0,0,100,100,0,0.000000,0,9904,0.000000,0,0,0,0,108,8,0,8,100,5104,304,0,0,0,0,108,0,0,0,0,305,9400
1938,W3,1,1,5,5,0,0,0,0,0,0,0,100,100,0,0,0,0,0,100,100,0,0.000000,0,9904,0.000000,0,0,0,0,108,8,0,8,100,5104,304,0,0,0,0,108,0,0,0,0,284,9400
1939,W3,1,1,5,5,0,0,0,0,0,0,0,100,100,0,0,0,0,0,100,100,0,0.000000,0,9904,0.000000,0,0,0,0,108,8,0,8,100,5104,304,0,0,0,0,108,0,0,0,0,285,9400
1940,W3,1,1,5,5,0,0,0,0,0,0,0,100,100,100,0,0,0,0,100,100,100,100.000000,1600,9904,16.155089,10,10,10,10,108,8,0,8,100,5104,304,0,0,0,0,108,0,0,0,0,280,9400
1941,W3,1,1,5,5,0,0,0,0,0,0,0,100,100,0,0,0,0,0,100,100,0,0.000000,0,9904,0.000000,0,0,0,0,108,8,0,8,100,5104,304,0,0,0,0,108,0,0,0,0,271,9400
1942,W3,1,1,5,5,0,0,0,0,0,0,0,100,100,0,0,0,0,0,100,100,0,0.000000,0,9904,0.000000,0,0,0,0,108,8,0,8,100,5104,304,0,0,0,0,108,0,0,0,0,284,9400
1943,W3,1,1,5,5,0,0,0,0,0,0,0,100,100,0,0,0,0,0,100,100,0,0.000000,0,9904,0.000000,0,0,0,0,108,8,0,8,100,5104,304,0,0,0,0,108,0,0,0,0,320,9400
1944,W3,1,1,5,5,0,0,0,0,0,0,0,100,100,0,0,0,0,0,100,100,0,0.000000,0,9904,0.000000,0,0,0,0,108,8,0,8,100,5104,304,0,0,0,0,108,0,0,0,0,289,9400
1945,W3,1,1,5,5,0,0,0,0,0,0,0,100,100,0,0,0,0,0,100,100,0,0.000000,0,9904,0.000000,0,0,0,0,108,8,0,8,100,5104,304,0,0,0,0,108,0,0,0,0,316,9400
1946,W3,1,1,5,5,0,0,0,0,0,0,0,100,100,0,0,0,0,0,100,100,0,0.000000,0,9904,0.000000,0,0,0,0,108,8,0,8,100,5104,304,0,0,0,0,108,0,0,0,0,290,9400
1947,W3,1,1,5,5,0,0,0,0,0,0,0,100,100,0,0,0,0,0,100,100,0,0.000000,0,9904,0.000000,0,0,0,0,108,8,0,8,100,5104,304,0,0,0,0,108,0,0,0,0,294,9400
1948,W3,1,1,5,5,0,0,0,0,0,0,0,100,100,0,0,0,0,0,100,100,0,0.000000,0,9904,0.000000,0,0,0,0,108,8,0,8,100,5104,304,0,0,0,0,108,0,0,0,0,300,9400
1949,W3,1,1,5,5,0,0,0,0,0,0,0,100,100,100,0,0,0,0,100,100,100,100.000000,1600,9904,16.155089,10,10,10,10,108,8,0,8,100,5104,304,0,0,0,0,108,0,0,0,0,307,9400
1950,W3,1,1,5,5,0,0,0,0,0,0,0,100,100,0,0,0,0,0,100,100,0,0.000000,0,9904,0.000000,0,0,0,0,108,8,0,8,100,5104,304,0,0,0,0,108,0,0,0,0,289,9400
1951,W3,1,1,5,5,0,0,0,0,0,0,0,100,100,0,0,0,0,0,100,100,0,0.000000,0,9904,0.000000,0,0,0,0,108,8,0,8,100,5104,304,0,0,0,0,108,0,0,0,0,308,9400
1952,W3,1,1,5,5,0,0,0,0,0,0,0,100,100,0,0,0,0,0,100,100,0,0.000000,0,9904,0.000000,0,0,0,0,108,8,0,8,100,5104,304,0,0,0,0,108,0,0,0,0,290,9400
1953,W3,1,1,5,5,0,0,0,0,0,0,0,100,100,0,0,0,0,0,100,100,0,0.000000,0,9904,0.000000,0,0,0,0,108,8,0,8,100,5104,304,0,0,0,0,108,0,0,0,0,270,9400
1954,W3,1,1,5,5,0,0,0,0,0,0,0,100,100,0,0,0,0,0,100,100,0,0.000000,0,9904,0.000000,0,0,0,0,108,8,0,8,100,5104,304,0,0,0,0,108,0,0,0,0,287,9400
1955,W3,1,1,5,5,0,0,0,0,0,0,0,100,100,0,0,0,0,0,100,100,0,0.000000,0,9904,0.000000,0,0,0,0,108,8,0,8,100,5104,304,0,0,0,0,108,0,0,0,0,310,9400
1956,W3,1,1,5,5,0,0,0,0,0,0,0,100,100,0,0,0,0,0,100,100,0,0.000000,0,9904,0.000000,0,0,0,0,108,8,0,8,100,5104,304,0,0,0,0,108,0,0,0,0,289,9400
1957,W3,1,1,5,5,0,0,0,0,0,0,0,100,100,0,0,0,0,0,100,100,0,0.000000,0,9904,0.000000,0,0,0,0,108,8,0,8,100,5104,304,0,0,0,0,108,0,0,0,0,311,9400
1958,W3,1,1,5,5,0,0,0,0,0,0,0,100,100,100,0,0,0,0,100,100,100,100.000000,1600,9904,16.155089,10,10,10,10,108,8,0,8,100,5104,304,0,0,0,0,108,0,0,0,0,323,9400
1959,W3,1,1,5,5,0,0,0,0,0,0,0,100,100,0,0,0,0,0,100,100,0,0.000000,0,9904,0.000000,0,0,0,0,108,8,0,8,100,5104,304,0,0,0,0,108,0,0,0,0,297,9400
1960,W3,1,1,5,5,0,0,0,0,0,0,0,100,100,0,0,0,0,0,100,100,0,0.000000,0,9904,0.000000,0,0,0,0,108,8,0,8,100,5104,304,0,0,0,0,108,0,0,0,0,331,9400
1961,W3,1,1,5,5,0,0,0,0,0,0,0,100,100,0,0,0,0,0,100,100,0,0.000000,0,9904,0.000000,0,0,0,0,108,8,0,8,100,5104,304,0,0,0,0,108,0,0,0,0,304,9400
1962,W3,1,1,5,5,0,0,0,0,0,0,0,100,100,0,0,0,0,0,100,100,0,0.000000,0,9904,0.000000,0,0,0,0,108,8,0,8,100,5104,304,0,0,0,0,108,0,0,0,0,361,9400
1963,W3,1,1,5,5,0,0,0,0,0,0,0,100,100,0,0,0,0,0,100,100,0,0.000000,0,9904,0.000000,0,0,0,0,108,8,0,8,100,5104,304,0,0,0,0,108,0,0,0,0,291,9400
1964,W3,1,1,5,5,0,0,0,0,0,0,0,100,100,0,0,0,0,0,100,100,0,0.000000,0,9904,0.000000,0,0,0,0,108,8,0,8,100,5104,304,0,0,0,0,108,0,0,0,0,320,9400
1965,W3,1,1,5,5,0,0,0,0,0,0,0,100,100,0,0,0,0,0,100,100,0,0.000000,0,9904,0.000000,0,0,0,0,108,8,0,8,100,5104,304,0,0,0,0,108,0,0,0,0,312,9400
1966,W3,1,1,5,5,0,0,0,0,0,0,0,100,100,0,0,0,0,0,100,100,0,0.000000,0,9904,0.000000,0,0,0,0,108,8,0,8,100,5104,304,0,0,0,0,108,0,0,0,0,307,9400
1967,W3,1,1,5,5,0,0,0,0,0,0,0,100,100,100,0,0,0,0,100,100,100,100.000000,1600,9904,16.155089,10,10,10,10,108,8,0,8,100,5104,304,0,0,0,0,108,0,0,0,0,338,9400
1968,W3,1,1,5,5,0,0,0,0,0,0,0,100,100,0,0,0,0,0,100,100,0,0.000000,0,9904,0.000000,0,0,0,0,108,8,0,8,100,5104,304,0,0,0,0,108,0,0,0,0,300,9400
1969,W3,1,1,5,5,0,0,0,0,0,0,0,100,100,0,0,0,0,0,100,100,0,0.000000,0,9904,0.000000,0,0,0,0,108,8,0,8,100,5104,304,0,0,0,0,108,0,0,0,0,295,9400
1970,W3,1,1,5,5,0,0,0,0,0,0,0,100,100,0,0,0,0,0,100,100,0,0.000000,0,9904,0.000000,0,0,0,0,108,8,0,8,100,5104,304,0,0,0,0,108,0,0,0,0,376,9400
1971,W3,1,1,5,5,0,0,0,0,0,0,0,100,100,0,0,0,0,0,100,100,0,0.000000,0,9904,0.000000,0,0,0,0,108,8,0,8,100,5104,304,0,0,0,0,108,0,0,0,0,312,9400
1972,W3,1,1,5,5,0,0,0,0,0,0,0,100,100,0,0,0,0,0,100,100,0,0.000000,0,9904,0.000000,0,0,0,0,108,8,0,8,100,5104,304,0,0,0,0,108,0,0,0,0,283,9400
1973,W3,1,1,5,5,0,0,0,0,0,0,0,100,100,0,0,0,0,0,100,100,0,0.000000,0,9904,0.000000,0,0,0,0,108,8,0,8,100,5104,304,0,0,0,0,108,0,0,0,0,417,9400
1974,W3,1,1,5,5,0,0,0,0,0,0,0,100,100,0,0,0,0,0,100,100,0,0.000000,0,9904,0.000000,0,0,0,0,108,8,0,8,100,5104,304,0,0,0,0,108,0,0,0,0,312,9400
1975,W3,1,1,5,5,0,0,0,0,0,0,0,100,100,0,0,0,0,0,100,100,0,0.000000,0,9904,0.000000,0,0,0,0,108,8,0,8,100,5104,304,0,0,0,0,108,0,0,0,0,283,9400
1976,W3,1,1,5,5,0,0,0,0,0,0,0,100,100,100,0,0,0,0,100,100,100,100.000000,1600,9904,16.155089,10,10,10,10,108,8,0,8,100,5104,304,0,0,0,0,108,0,0,0,0,337,9400
1977,W3,1,1,5,5,0,0,0,0,0,0,0,100,100,0,0,0,0,0,100,100,0,0.000000,0,9904,0.000000,0,0,0,0,108,8,0,8,100,5104,304,0,0,0,0,108,0,0,0,0,283,9400
1978,W3,1,1,5,5,0,0,0,0,0,0,0,100,100,0,0,0,0,0,100,100,0,0.000000,0,9904,0.000000,0,0,0,0,108,8,0,8,100,5104,304,0,0,0,0,108,0,0,0,0,296,9400
1979,W3,1,1,5,5,0,0,0,0,0,0,0,100,100,0,0,0,0,0,100,100,0,0.000000,0,9904,0.000000,0,0,0,0,108,8,0,8,100,5104,304,0,0,0,0,108,0,0,0,0,281,9400
1980,W3,1,1,5,5,0,0,0,0,0,0,0,100,100,0,0,0,0,0,100,100,0,0.000000,0,9904,0.000000,0,0,0,0,108,8,0,8,100,5104,304,0,0,0,0,108,0,0,0,0,316,9400
1981,W3,1,1,5,5,0,0,0,0,0,0,0,100,100,0,0,0,0,0,100,100,0,0.000000,0,9904,0.000000,0,0,0,0,108,8,0,8,100,5104,304,0,0,0,0,108,0,0,0,0,295,9400
1982,W3,1,1,5,5,0,0,0,0,0,0,0,100,100,0,0,0,0,0,100,100,0,0.000000,0,9904,0.000000,0,0,0,0,108,8,0,8,100,5104,304,0,0,0,0,108,0,0,0,0,283,9400
1983,W3,1,1,5,5,0,0,0,0,0,0,0,100,100,0,0,0,0,0,100,100,0,0.000000,0,9904,0.000000,0,0,0,0,108,8,0,8,100,5104,304,0,0,0,0,108,0,0,0,0,330,9400
1984,W3,1,1,5,5,0,0,0,0,0,0,0,100,100,0,0,0,0,0,100,100,0,0.000000,0,9904,0.000000,0,0,0,0,108,8,0,8,100,5104,304,0,0,0,0,108,0,0,0,0,280,9400
1985,W3,1,1,5,5,0,0,0,0,0,0,0,100,100,100,0,0,0,0,100,100,100,100.000000,1600,9904,16.155089,10,10,10,10,108,8,0,8,100,5104,304,0,0,0,0,108,0,0,0,0,287,9400
1986,W3,1,1,5,5,0,0,0,0,0,0,0,100,100,0,0,0,0,0,100,100,0,0.000000,0,9904,0.000000,0,0,0,0,108,8,0,8,100,5104,304,0,0,0,0,108,0,0,0,0,289,9400
1987,W3,1,1,5,5,0,0,0,0,0,0,0,100,100,0,0,0,0,0,100,100,0,0.000000,0,9904,0.000000,0,0,0,0,108,8,0,8,100,5104,304,0,0,0,0,108,0,0,0,0,282,9400
1988,W3,1,1,5,5,0,0,0,0,0,0,0,100,100,0,0,0,0,0,100,100,0,0.000000,0,9904,0.000000,0,0,0,0,108,8,0,8,100,5104,304,0,0,0,0,108,0,0,0,0,297,9400
1989,W3,1,1,5,5,0,0,0,0,0,0,0,100,100,0,0,0,0,0,100,100,0,0.000000,0,9904,0.000000,0,0,0,0,108,8,0,8,100,5104,304,0,0,0,0,108,0,0,0,0,294,9400
1990,W3,1,1,5,5,0,0,0,0,0,0,0,100,100,0,0,0,0,0,100,100,0,0.000000,0,9904,0.000000,0,0,0,0,108,8,0,8,100,5104,304,0,0,0,0,108,0,0,0,0,296,9400
1991,W3,1,1,5,5,0,0,0,0,0,0,0,100,100,0,0,0,0,0,100,100,0,0.000000,0,9904,0.000000,0,0,0,0,108,8,0,8,100,5104,304,0,0,0,0,108,0,0,0,0,289,9400
1992,W3,1,1,5,5,0,0,0,0,0,0,0,100,100,0,0,0,0,0,100,100,0,0.000000,0,9904,0.000000,0,0,0,0,108,8,0,8,100,5104,304,0,0,0,0,108,0,0,0,0,351,9400
1993,W3,1,1,5,5,0,0,0,0,0,0,0,100,100,0,0,0,0,0,100,100,0,0.000000,0,9904,0.000000,0,0,0,0,108,8,0,8,100,5104,304,0,0,0,0,108,0,0,0,0,287,9400
1994,W3,1,1,5,5,0,0,0,0,0,0,0,100,100,100,0,0,0,0,100,100,100,100.000000,1600,9904,16.155089,10,10,10,10,108,8,0,8,100,5104,304,0,0,0,0,108,0,0,0,0,322,9400
1995,W3,1,1,5,5,0,0,0,0,0,0,0,100,100,0,0,0,0,0,100,100,0,0.000000,0,9904,0.000000,0,0,0,0,108,8,0,8,100,5104,304,0,0,0,0,108,0,0,0,0,330,9400
1996,W3,1,1,5,5,0,0,0,0,0,0,0,100,100,0,0,0,0,0,100,100,0,0.000000,0,9904,0.000000,0,0,0,0,108,8,0,8,100,5104,304,0,0,0,0,108,0,0,0,0,281,9400
1997,W3,1,1,5,5,0,0,0,0,0,0,0,100,100,0,0,0,0,0,100,100,0,0.000000,0,9904,0.000000,0,0,0,0,108,8,0,8,100,5104,304,0,0,0,0,108,0,0,0,0,299,9400
1998,W3,1,1,5,5,0,0,0,0,0,0,0,100,100,0,0,0,0,0,100,100,0,0.000000,0,9904,0.000000,0,0,0,0,108,8,0,8,100,5104,304,0,0,0,0,108,0,0,0,0,355,9400
1999,W3,1,1,5,5,0,0,0,0,0,0,0,100,100,0,0,0,0,0,100,100,0,0.000000,0,9904,0.000000,0,0,0,0,108,8,0,8,100,5104,304,0,0,0,0,108,0,0,0,0,276,9400
2000,W3,1,1,5,5,0,0,0,0,0,0,0,100,100,0,0,0,0,0,100,100,0,0.000000,0,9904,0.000000,0,0,0,0,108,8,0,8,100,5104,304,0,0,0,0,108,0,0,0,0,305,9400
2001,W3,1,1,5,5,0,0,0,0,0,0,0,100,100,0,0,0,0,0,100,100,0,0.000000,0,9904,0.000000,0,0,0,0,108,8,0,8,100,5104,304,0,0,0,0,108,0,0,0,0,280,9400
2002,W3,1,1,5,5,0,0,0,0,0,0,0,100,100,0,0,0,0,0,100,100,0,0.000000,0,9904,0.000000,0,0,0,0,108,8,0,8,100,5104,304,0,0,0,0,108,0,0,0,0,280,9400
2003,W3,1,1,5,5,0,0,0,0,0,0,0,100,100,100,0,0,0,0,100,100,100,100.000000,1600,9904,16.155089,10,10,10,10,108,8,0,8,100,5104,304,0,0,0,0,108,0,0,0,0,283,9400
2004,W3,1,1,5,5,0,0,0,0,0,0,0,100,100,0,0,0,0,0,100,100,0,0.000000,0,9904,0.000000,0,0,0,0,108,8,0,8,100,5104,304,0,0,0,0,108,0,0,0,0,326,9400
2005,W3,1,1,5,5,0,0,0,0,0,0,0,100,100,0,0,0,0,0,100,100,0,0.000000,0,9904,0.000000,0,0,0,0,108,8,0,8,100,5104,304,0,0,0,0,108,0,0,0,0,278,9400
2006,W3,1,1,5,5,0,0,0,0,0,0,0,100,100,0,0,0,0,0,100,100,0,0.000000,0,9904,0.000000,0,0,0,0,108,8,0,8,100,5104,304,0,0,0,0,108,0,0,0,0,315,9400
2007,W3,1,1,5,5,0,0,0,0,0,0,0,100,100,0,0,0,0,0,100,100,0,0.000000,0,9904,0.000000,0,0,0,0,108,8,0,8,100,5104,304,0,0,0,0,108,0,0,0,0,294,9400
2008,W3,1,1,5,5,0,0,0,0,0,0,0,100,100,0,0,0,0,0,100,100,0,0.000000,0,9904,0.000000,0,0,0,0,108,8,0,8,100,5104,304,0,0,0,0,108,0,0,0,0,337,9400
2009,W3,1,1,5,5,0,0,0,0,0,0,0,100,100,0,0,0,0,0,100,100,0,0.000000,0,9904,0.000000,0,0,0,0,108,8,0,8,100,5104,304,0,0,0,0,108,0,0,0,0,291,9400
2010,W3,1,1,5,5,0,0,0,0,0,0,0,100,100,0,0,0,0,0,100,100,0,0.000000,0,9904,0.000000,0,0,0,0,108,8,0,8,100,5104,304,0,0,0,0,108,0,0,0,0,285,9400
2011,W3,1,1,5,5,0,0,0,0,0,0,0,100,100,0,0,0,0,0,100,100,0,0.000000,0,9904,0.000000,0,0,0,0,108,8,0,8,100,5104,304,0,0,0,0,108,0,0,0,0,284,9400
2012,W3,1,1,5,5,0,0,0,0,0,0,0,100,100,100,0,0,0,0,100,100,100,100.000000,1600,9904,16.155089,10,10,10,10,108,8,0,8,100,5104,304,0,0,0,0,108,0,0,0,0,301,9400
2013,W3,1,1,5,5,0,0,0,0,0,0,0,100,100,0,0,0,0,0,100,100,0,0.000000,0,9904,0.000000,0,0,0,0,108,8,0,8,100,5104,304,0,0,0,0,108,0,0,0,0,329,9400
2014,W3,1,1,5,5,0,0,0,0,0,0,0,100,100,0,0,0,0,0,100,100,0,0.000000,0,9904,0.000000,0,0,0,0,108,8,0,8,100,5104,304,0,0,0,0,108,0,0,0,0,320,9400
2015,W3,1,1,5,5,0,0,0,0,0,0,0,100,100,0,0,0,0,0,100,100,0,0.000000,0,9904,0.000000,0,0,0,0,108,8,0,8,100,5104,304,0,0,0,0,108,0,0,0,0,316,9400
2016,W3,1,1,5,5,0,0,0,0,0,0,0,100,100,0,0,0,0,0,100,100,0,0.000000,0,9904,0.000000,0,0,0,0,108,8,0,8,100,5104,304,0,0,0,0,108,0,0,0,0,295,9400
2017,W3,1,1,5,5,0,0,0,0,0,0,0,100,100,0,0,0,0,0,100,100,0,0.000000,0,9904,0.000000,0,0,0,0,108,8,0,8,100,5104,304,0,0,0,0,108,0,0,0,0,322,9400
2018,W3,1,1,5,5,0,0,0,0,0,0,0,100,100,0,0,0,0,0,100,100,0,0.000000,0,9904,0.000000,0,0,0,0,108,8,0,8,100,5104,304,0,0,0,0,108,0,0,0,0,309,9400
2019,W3,1,1,5,5,0,0,0,0,0,0,0,100,100,0,0,0,0,0,100,100,0,0.000000,0,9904,0.000000,0,0,0,0,108,8,0,8,100,5104,304,0,0,0,0,108,0,0,0,0,293,9400
2020,W3,1,1,5,5,0,0,0,0,0,0,0,100,100,0,0,0,0,0,100,100,0,0.000000,0,9904,0.000000,0,0,0,0,108,8,0,8,100,5104,304,0,0,0,0,108,0,0,0,0,275,9400
2021,W3,1,1,5,5,0,0,0,0,0,0,0,100,100,100,0,0,0,0,100,100,100,100.000000,1600,9904,16.155089,10,10,10,10,108,8,0,8,100,5104,304,0,0,0,0,108,0,0,0,0,282,9400
2022,W3,1,1,5,5,0,0,0,0,0,0,0,100,100,0,0,0,0,0,100,100,0,0.000000,0,9904,0.000000,0,0,0,0,108,8,0,8,100,5104,304,0,0,0,0,108,0,0,0,0,293,9400
2023,W3,1,1,5,5,0,0,0,0,0,0,0,100,100,0,0,0,0,0,100,100,0,0.000000,0,9904,0.000000,0,0,0,0,108,8,0,8,100,5104,304,0,0,0,0,108,0,0,0,0,278,9400
2024,W3,1,1,5,5,0,0,0,0,0,0,0,100,100,0,0,0,0,0,100,100,0,0.000000,0,9904,0.000000,0,0,0,0,108,8,0,8,100,5104,304,0,0,0,0,108,0,0,0,0,280,9400
2025,W3,1,1,5,5,0,0,0,0,0,0,0,100,100,0,0,0,0,0,100,100,0,0.000000,0,9904,0.000000,0,0,0,0,108,8,0,8,100,5104,304,0,0,0,0,108,0,0,0,0,279,9400
2026,W3,1,1,5,5,0,0,0,0,0,0,0,100,100,0,0,0,0,0,100,100,0,0.000000,0,9904,0.000000,0,0,0,0,108,8,0,8,100,5104,304,0,0,0,0,108,0,0,0,0,285,9400
2027,W3,1,1,5,5,0,0,0,0,0,0,0,100,100,0,0,0,0,0,100,100,0,0.000000,0,9904,0.000000,0,0,0,0,108,8,0,8,100,5104,304,0,0,0,0,108,0,0,0,0,292,9400
2028,W3,1,1,5,5,0,0,0,0,0,0,0,100,100,0,0,0,0,0,100,100,0,0.000000,0,9904,0.000000,0,0,0,0,108,8,0,8,100,5104,304,0,0,0,0,108,0,0,0,0,357,9400
2029,W3,1,1,5,5,0,0,0,0,0,0,0,100,100,0,0,0,0,0,100,100,0,0.000000,0,9904,0.000000,0,0,0,0,108,8,0,8,100,5104,304,0,0,0,0,108,0,0,0,0,291,9400
2030,W3,1,1,5,5,0,0,0,0,0,0,0,100,100,100,0,0,0,0,100,100,100,100.000000,1600,9904,16.155089,10,10,10,10,108,8,0,8,100,5104,304,0,0,0,0,108,0,0,0,0,337,9400
2031,W3,1,1,5,5,0,0,0,0,0,0,0,100,100,0,0,0,0,0,100,100,0,0.000000,0,9904,0.000000,0,0,0,0,108,8,0,8,100,5104,304,0,0,0,0,108,0,0,0,0,293,9400
2032,W3,1,1,5,5,0,0,0,0,0,0,0,100,100,0,0,0,0,0,100,100,0,0.000000,0,9904,0.000000,0,0,0,0,108,8,0,8,100,5104,304,0,0,0,0,108,0,0,0,0,292,9400
2033,W3,1,1,5,5,0,0,0,0,0,0,0,100,100,0,0,0,0,0,100,100,0,0.000000,0,9904,0.000000,0,0,0,0,108,8,0,8,100,5104,304,0,0,0,0,108,0,0,0,0,303,9400
2034,W3,1,1,5,5,0,0,0,0,0,0,0,100,100,0,0,0,0,0,100,100,0,0.000000,0,9904,0.000000,0,0,0,0,108,8,0,8,100,5104,304,0,0,0,0,108,0,0,0,0,344,9400
2035,W3,1,1,5,5,0,0,0,0,0,0,0,100,100,0,0,0,0,0,100,100,0,0.000000,0,9904,0.000000,0,0,0,0,108,8,0,8,100,5104,304,0,0,0,0,108,0,0,0,0,307,9400
2036,W3,1,1,5,5,0,0,0,0,0,0,0,100,100,0,0,0,0,0,100,100,0,0.000000,0,9904,0.000000,0,0,0,0,108,8,0,8,100,5104,304,0,0,0,0,108,0,0,0,0,287,9400
2037,W3,1,1,5,5,0,0,0,0,0,0,0,100,100,0,0,0,0,0,100,100,0,0.000000,0,9904,0.000000,0,0,0,0,108,8,0,8,100,5104,304,0,0,0,0,108,0,0,0,0,283,9400
2038,W3,1,1,5,5,0,0,0,0,0,0,0,100,100,0,0,0,0,0,100,100,0,0.000000,0,9904,0.000000,0,0,0,0,108,8,0,8,100,5104,304,0,0,0,0,108,0,0,0,0,316,9400
2039,W3,1,1,5,5,0,0,0,0,0,0,0,100,100,100,0,0,0,0,100,100,100,100.000000,1600,9904,16.155089,10,10,10,10,108,8,0,8,100,5104,304,0,0,0,0,108,0,0,0,0,320,9400
2040,W3,1,1,5,5,0,0,0,0,0,0,0,100,100,0,0,0,0,0,100,100,0,0.000000,0,9904,0.000000,0,0,0,0,108,8,0,8,100,5104,304,0,0,0,0,108,0,0,0,0,300,9400
2041,W3,1,1,5,5,0,0,0,0,0,0,0,100,100,0,0,0,0,0,100,100,0,0.000000,0,9904,0.000000,0,0,0,0,108,8,0,8,100,5104,304,0,0,0,0,108,0,0,0,0,283,9400
2042,W3,1,1,5,5,0,0,0,0,0,0,0,100,100,0,0,0,0,0,100,100,0,0.000000,0,9904,0.000000,0,0,0,0,108,8,0,8,100,5104,304,0,0,0,0,108,0,0,0,0,322,9400
2043,W3,1,1,5,5,0,0,0,0,0,0,0,100,100,0,0,0,0,0,100,100,0,0.000000,0,9904,0.000000,0,0,0,0,108,8,0,8,100,5104,304,0,0,0,0,108,0,0,0,0,293,9400
2044,W3,1,1,5,5,0,0,0,0,0,0,0,100,100,0,0,0,0,0,100,100,0,0.000000,0,9904,0.000000,0,0,0,0,108,8,0,8,100,5104,304,0,0,0,0,108,0,0,0,0,289,9400
2045,W3,1,1,5,5,0,0,0,0,0,0,0,100,100,0,0,0,0,0,100,100,0,0.000000,0,9904,0.000000,0,0,0,0,108,8,0,8,100,5104,304,0,0,0,0,108,0,0,0,0,293,9400
2046,W3,1,1,5,5,0,0,0,0,0,0,0,100,100,0,0,0,0,0,100,100,0,0.000000,0,9904,0.000000,0,0,0,0,108,8,0,8,100,5104,304,0,0,0,0,108,0,0,0,0,290,9400
2047,W3,1,1,5,5,0,0,0,0,0,0,0,100,100,0,0,0,0,0,100,100,0,0.000000,0,9904,0.000000,0,0,0,0,108,8,0,8,100,5104,304,0,0,0,0,108,0,0,0,0,326,9400
2048,W3,1,1,5,5,0,0,0,0,0,0,0,100,100,100,0,0,0,0,100,100,100,100.000000,1600,9904,16.155089,10,10,10,10,108,8,0,8,100,5104,304,0,0,0,0,108,0,0,0,0,304,9400
2049,W3,1,1,5,5,0,0,0,0,0,0,0,100,100,0,0,0,0,0,100,100,0,0.000000,0,9904,0.000000,0,0,0,0,108,8,0,8,100,5104,304,0,0,0,0,108,0,0,0,0,322,9400
2050,W3,1,1,5,5,0,0,0,0,0,0,0,100,100,0,0,0,0,0,100,100,0,0.000000,0,9904,0.000000,0,0,0,0,108,8,0,8,100,5104,304,0,0,0,0,108,0,0,0,0,288,9400
2051,W3,1,1,5,5,0,0,0,0,0,0,0,100,100,0,0,0,0,0,100,100,0,0.000000,0,9904,0.000000,0,0,0,0,108,8,0,8,100,5104,304,0,0,0,0,108,0,0,0,0,301,9400
2052,W3,1,1,5,5,0,0,0,0,0,0,0,100,100,0,0,0,0,0,100,100,0,0.000000,0,9904,0.000000,0,0,0,0,108,8,0,8,100,5104,304,0,0,0,0,108,0,0,0,0,300,9400
2053,W3,1,1,5,5,0,0,0,0,0,0,0,100,100,0,0,0,0,0,100,100,0,0.000000,0,9904,0.000000,0,0,0,0,108,8,0,8,100,5104,304,0,0,0,0,108,0,0,0,0,286,9400
2054,W3,1,1,5,5,0,0,0,0,0,0,0,100,100,0,0,0,0,0,100,100,0,0.000000,0,9904,0.000000,0,0,0,0,108,8,0,8,100,5104,304,0,0,0,0,108,0,0,0,0,322,9400
2055,W3,1,1,5,5,0,0,0,0,0,0,0,100,100,0,0,0,0,0,100,100,0,0.000000,0,9904,0.000000,0,0,0,0,108,8,0,8,100,5104,304,0,0,0,0,108,0,0,0,0,329,9400
2056,W3,1,1,5,5,0,0,0,0,0,0,0,100,100,0,0,0,0,0,100,100,0,0.000000,0,9904,0.000000,0,0,0,0,108,8,0,8,100,5104,304,0,0,0,0,108,0,0,0,0,369,9400
2057,W3,1,1,5,5,0,0,0,0,0,0,0,100,100,100,0,0,0,0,100,100,100,100.000000,1600,9904,16.155089,10,10,10,10,108,8,0,8,100,5104,304,0,0,0,0,108,0,0,0,0,311,9400
2058,W3,1,1,5,5,0,0,0,0,0,0,0,100,100,0,0,0,0,0,100,100,0,0.000000,0,9904,0.000000,0,0,0,0,108,8,0,8,100,5104,304,0,0,0,0,108,0,0,0,0,299,9400
2059,W3,1,1,5,5,0,0,0,0,0,0,0,100,100,0,0,0,0,0,100,100,0,0.000000,0,9904,0.000000,0,0,0,0,108,8,0,8,100,5104,304,0,0,0,0,108,0,0,0,0,292,9400
2060,W3,1,1,5,5,0,0,0,0,0,0,0,100,100,0,0,0,0,0,100,100,0,0.000000,0,9904,0.000000,0,0,0,0,108,8,0,8,100,5104,304,0,0,0,0,108,0,0,0,0,298,9400
2061,W3,1,1,5,5,0,0,0,0,0,0,0,100,100,0,0,0,0,0,100,100,0,0.000000,0,9904,0.000000,0,0,0,0,108,8,0,8,100,5104,304,0,0,0,0,108,0,0,0,0,318,9400
2062,W3,1,1,5,5,0,0,0,0,0,0,0,100,100,0,0,0,0,0,100,100,0,0.000000,0,9904,0.000000,0,0,0,0,108,8,0,8,100,5104,304,0,0,0,0,108,0,0,0,0,310,9400
2063,W3,1,1,5,5,0,0,0,0,0,0,0,100,100,0,0,0,0,0,100,100,0,0.000000,0,9904,0.000000,0,0,0,0,108,8,0,8,100,5104,304,0,0,0,0,108,0,0,0,0,303,9400
2064,W3,1,1,5,5,0,0,0,0,0,0,0,100,100,0,0,0,0,0,100,100,0,0.000000,0,9904,0.000000,0,0,0,0,108,8,0,8,100,5104,304,0,0,0,0,108,0,0,0,0,304,9400
2065,W3,1,1,5,5,0,0,0,0,0,0,0,100,100,0,0,0,0,0,100,100,0,0.000000,0,9904,0.000000,0,0,0,0,108,8,0,8,100,5104,304,0,0,0,0,108,0,0,0,0,307,9400
2066,W3,1,1,5,5,0,0,0,0,0,0,0,100,100,100,0,0,0,0,100,100,100,100.000000,1600,9904,16.155089,10,10,10,10,108,8,0,8,100,5104,304,0,0,0,0,108,0,0,0,0,307,9400
2067,W3,1,1,5,5,0,0,0,0,0,0,0,100,100,0,0,0,0,0,100,100,0,0.000000,0,9904,0.000000,0,0,0,0,108,8,0,8,100,5104,304,0,0,0,0,108,0,0,0,0,300,9400
2068,W3,1,1,5,5,0,0,0,0,0,0,0,100,100,0,0,0,0,0,100,100,0,0.000000,0,9904,0.000000,0,0,0,0,108,8,0,8,100,5104,304,0,0,0,0,108,0,0,0,0,339,9400
2069,W3,1,1,5,5,0,0,0,0,0,0,0,100,100,0,0,0,0,0,100,100,0,0.000000,0,9904,0.000000,0,0,0,0,108,8,0,8,100,5104,304,0,0,0,0,108,0,0,0,0,358,9400
2070,W3,1,1,5,5,0,0,0,0,0,0,0,100,100,0,0,0,0,0,100,100,0,0.000000,0,9904,0.000000,0,0,0,0,108,8,0,8,100,5104,304,0,0,0,0,108,0,0,0,0,329,9400
2071,W3,1,1,5,5,0,0,0,0,0,0,0,100,100,0,0,0,0,0,100,100,0,0.000000,0,9904,0.000000,0,0,0,0,108,8,0,8,100,5104,304,0,0,0,0,108,0,0,0,0,299,9400
2072,W3,1,1,5,5,0,0,0,0,0,0,0,100,100,0,0,0,0,0,100,100,0,0.000000,0,9904,0.000000,0,0,0,0,108,8,0,8,100,5104,304,0,0,0,0,108,0,0,0,0,300,9400
2073,W3,1,1,5,5,0,0,0,0,0,0,0,100,100,0,0,0,0,0,100,100,0,0.000000,0,9904,0.000000,0,0,0,0,108,8,0,8,100,5104,304,0,0,0,0,108,0,0,0,0,308,9400
2074,W3,1,1,5,5,0,0,0,0,0,0,0,100,100,0,0,0,0,0,100,100,0,0.000000,0,9904,0.000000,0,0,0,0,108,8,0,8,100,5104,304,0,0,0,0,108,0,0,0,0,326,9400
2075,W3,1,1,5,5,0,0,0,0,0,0,0,100,100,100,0,0,0,0,100,100,100,100.000000,1600,9904,16.155089,10,10,10,10,108,8,0,8,100,5104,304,0,0,0,0,108,0,0,0,0,312,9400
2076,W3,1,1,5,5,0,0,0,0,0,0,0,100,100,0,0,0,0,0,100,100,0,0.000000,0,9904,0.000000,0,0,0,0,108,8,0,8,100,5104,304,0,0,0,0,108,0,0,0,0,305,9400
2077,W3,1,1,5,5,0,0,0,0,0,0,0,100,100,0,0,0,0,0,100,100,0,0.000000,0,9904,0.000000,0,0,0,0,108,8,0,8,100,5104,304,0,0,0,0,108,0,0,0,0,318,9400
2078,W3,1,1,5,5,0,0,0,0,0,0,0,100,100,0,0,0,0,0,100,100,0,0.000000,0,9904,0.000000,0,0,0,0,108,8,0,8,100,5104,304,0,0,0,0,108,0,0,0,0,308,9400
2079,W3,1,1,5,5,0,0,0,0,0,0,0,100,100,0,0,0,0,0,100,100,0,0.000000,0,9904,0.000000,0,0,0,0,108,8,0,8,100,5104,304,0,0,0,0,108,0,0,0,0,296,9400
2080,W3,1,1,5,5,0,0,0,0,0,0,0,100,100,0,0,0,0,0,100,100,0,0.000000,0,9904,0.000000,0,0,0,0,108,8,0,8,100,5104,304,0,0,0,0,108,0,0,0,0,293,9400
2081,W3,1,1,5,5,0,0,0,0,0,0,0,100,100,0,0,0,0,0,100,100,0,0.000000,0,9904,0.000000,0,0,0,0,108,8,0,8,100,5104,304,0,0,0,0,108,0,0,0,0,357,9400
2082,W3,1,1,5,5,0,0,0,0,0,0,0,100,100,0,0,0,0,0,100,100,0,0.000000,0,9904,0.000000,0,0,0,0,108,8,0,8,100,5104,304,0,0,0,0,108,0,0,0,0,315,9400
2083,W3,1,1,5,5,0,0,0,0,0,0,0,100,100,0,0,0,0,0,100,100,0,0.000000,0,9904,0.000000,0,0,0,0,108,8,0,8,100,5104,304,0,0,0,0,108,0,0,0,0,330,9400
2084,W3,1,1,5,5,0,0,0,0,0,0,0,100,100,100,0,0,0,0,100,100,100,100.000000,1600,9904,16.155089,10,10,10,10,108,8,0,8,100,5104,304,0,0,0,0,108,0,0,0,0,333,9400
2085,W3,1,1,5,5,0,0,0,0,0,0,0,100,100,0,0,0,0,0,100,100,0,0.000000,0,9904,0.000000,0,0,0,0,108,8,0,8,100,5104,304,0,0,0,0,108,0,0,0,0,317,9400
2086,W3,1,1,5,5,0,0,0,0,0,0,0,100,100,0,0,0,0,0,100,100,0,0.000000,0,9904,0.000000,0,0,0,0,108,8,0,8,100,5104,304,0,0,0,0,108,0,0,0,0,296,9400
2087,W3,1,1,5,5,0,0,0,0,0,0,0,100,100,0,0,0,0,0,100,100,0,0.000000,0,9904,0.000000,0,0,0,0,108,8,0,8,100,5104,304,0,0,0,0,108,0,0,0,0,299,9400
2088,W3,1,1,5,5,0,0,0,0,0,0,0,100,100,0,0,0,0,0,100,100,0,0.000000,0,9904,0.000000,0,0,0,0,108,8,0,8,100,5104,304,0,0,0,0,108,0,0,0,0,301,9400
2089,W3,1,1,5,5,0,0,0,0,0,0,0,100,100,0,0,0,0,0,100,100,0,0.000000,0,9904,0.000000,0,0,0,0,108,8,0,8,100,5104,304,0,0,0,0,108,0,0,0,0,315,9400
2090,W3,1,1,5,5,0,0,0,0,0,0,0,100,100,0,0,0,0,0,100,100,0,0.000000,0,9904,0.000000,0,0,0,0,108,8,0,8,100,5104,304,0,0,0,0,108,0,0,0,0,287,9400
2091,W3,1,1,5,5,0,0,0,0,0,0,0,100,100,0,0,0,0,0,100,100,0,0.000000,0,9904,0.000000,0,0,0,0,108,8,0,8,100,5104,304,0,0,0,0,108,0,0,0,0,300,9400
2092,W3,1,1,5,5,0,0,0,0,0,0,0,100,100,0,0,0,0,0,100,100,0,0.000000,0,9904,0.000000,0,0,0,0,108,8,0,8,100,5104,304,0,0,0,0,108,0,0,0,0,291,9400
2093,W3,1,1,5,5,0,0,0,0,0,0,0,100,100,100,0,0,0,0,100,100,100,100.000000,1600,9904,16.155089,10,10,10,10,108,8,0,8,100,5104,304,0,0,0,0,108,0,0,0,0,285,9400
2094,W3,1,1,5,5,0,0,0,0,0,0,0,100,100,0,0,0,0,0,100,100,0,0.000000,0,9904,0.000000,0,0,0,0,108,8,0,8,100,5104,304,0,0,0,0,108,0,0,0,0,292,9400
2095,W3,1,1,5,5,0,0,0,0,0,0,0,100,100,0,0,0,0,0,100,100,0,0.000000,0,9904,0.000000,0,0,0,0,108,8,0,8,100,5104,304,0,0,0,0,108,0,0,0,0,306,9400
2096,W3,1,1,5,5,0,0,0,0,0,0,0,100,100,0,0,0,0,0,100,100,0,0.000000,0,9904,0.000000,0,0,0,0,108,8,0,8,100,5104,304,0,0,0,0,108,0,0,0,0,310,9400
2097,W3,1,1,5,5,0,0,0,0,0,0,0,100,100,0,0,0,0,0,100,100,0,0.000000,0,9904,0.000000,0,0,0,0,108,8,0,8,100,5104,304,0,0,0,0,108,0,0,0,0,296,9400
2098,W3,1,1,5,5,0,0,0,0,0,0,0,100,100,0,0,0,0,0,100,100,0,0.000000,0,9904,0.000000,0,0,0,0,108,8,0,8,100,5104,304,0,0,0,0,108,0,0,0,0,312,9400
2099,W3,1,1,5,5,0,0,0,0,0,0,0,100,100,0,0,0,0,0,100,100,0,0.000000,0,9904,0.000000,0,0,0,0,108,8,0,8,100,5104,304,0,0,0,0,108,0,0,0,0,296,9400
2100,W3,1,1,5,5,0,0,0,0,0,0,0,100,100,0,0,0,0,0,100,100,0,0.000000,0,9904,0.000000,0,0,0,0,108,8,0,8,100,5104,304,0,0,0,0,108,0,0,0,0,302,9400
2101,W3,1,1,5,5,0,0,0,0,0,0,0,100,100,0,0,0,0,0,100,100,0,0.000000,0,9904,0.000000,0,0,0,0,108,8,0,8,100,5104,304,0,0,0,0,108,0,0,0,0,327,9400
2102,W3,1,1,5,5,0,0,0,0,0,0,0,100,100,100,0,0,0,0,100,100,100,100.000000,1600,9904,16.155089,10,10,10,10,108,8,0,8,100,5104,304,0,0,0,0,108,0,0,0,0,329,9400
2103,W3,1,1,5,5,0,0,0,0,0,0,0,100,100,0,0,0,0,0,100,100,0,0.000000,0,9904,0.000000,0,0,0,0,108,8,0,8,100,5104,304,0,0,0,0,108,0,0,0,0,309,9400
2104,W3,1,1,5,5,0,0,0,0,0,0,0,100,100,0,0,0,0,0,100,100,0,0.000000,0,9904,0.000000,0,0,0,0,108,8,0,8,100,5104,304,0,0,0,0,108,0,0,0,0,308,9400
2105,W3,1,1,5,5,0,0,0,0,0,0,0,100,100,0,0,0,0,0,100,100,0,0.000000,0,9904,0.000000,0,0,0,0,108,8,0,8,100,5104,304,0,0,0,0,108,0,0,0,0,285,9400
2106,W3,1,1,5,5,0,0,0,0,0,0,0,100,100,0,0,0,0,0,100,100,0,0.000000,0,9904,0.000000,0,0,0,0,108,8,0,8,100,5104,304,0,0,0,0,108,0,0,0,0,288,9400
2107,W3,1,1,5,5,0,0,0,0,0,0,0,100,100,0,0,0,0,0,100,100,0,0.000000,0,9904,0.000000,0,0,0,0,108,8,0,8,100,5104,304,0,0,0,0,108,0,0,0,0,298,9400
2108,W3,1,1,5,5,0,0,0,0,0,0,0,100,100,0,0,0,0,0,100,100,0,0.000000,0,9904,0.000000,0,0,0,0,108,8,0,8,100,5104,304,0,0,0,0,108,0,0,0,0,287,9400
2109,W3,1,1,5,5,0,0,0,0,0,0,0,100,100,0,0,0,0,0,100,100,0,0.000000,0,9904,0.000000,0,0,0,0,108,8,0,8,100,5104,304,0,0,0,0,108,0,0,0,0,278,9400
2110,W3,1,1,5,5,0,0,0,0,0,0,0,100,100,0,0,0,0,0,100,100,0,0.000000,0,9904,0.000000,0,0,0,0,108,8,0,8,100,5104,304,0,0,0,0,108,0,0,0,0,382,9400
2111,W3,1,1,5,5,0,0,0,0,0,0,0,100,100,100,0,0,0,0,100,100,100,100.000000,1600,9904,16.155089,10,10,10,10,108,8,0,8,100,5104,304,0,0,0,0,108,0,0,0,0,291,9400
2112,W3,1,1,5,5,0,0,0,0,0,0,0,100,100,0,0,0,0,0,100,100,0,0.000000,0,9904,0.000000,0,0,0,0,108,8,0,8,100,5104,304,0,0,0,0,108,0,0,0,0,290,9400
2113,W3,1,1,5,5,0,0,0,0,0,0,0,100,100,0,0,0,0,0,100,100,0,0.000000,0,9904,0.000000,0,0,0,0,108,8,0,8,100,5104,304,0,0,0,0,108,0,0,0,0,302,9400
2114,W3,1,1,5,5,0,0,0,0,0,0,0,100,100,0,0,0,0,0,100,100,0,0.000000,0,9904,0.000000,0,0,0,0,108,8,0,8,100,5104,304,0,0,0,0,108,0,0,0,0,287,9400
2115,W3,1,1,5,5,0,0,0,0,0,0,0,100,100,0,0,0,0,0,100,100,0,0.000000,0,9904,0.000000,0,0,0,0,108,8,0,8,100,5104,304,0,0,0,0,108,0,0,0,0,278,9400
2116,W3,1,1,5,5,0,0,0,0,0,0,0,100,100,0,0,0,0,0,100,100,0,0.000000,0,9904,0.000000,0,0,0,0,108,8,0,8,100,5104,304,0,0,0,0,108,0,0,0,0,292,9400
2117,W3,1,1,5,5,0,0,0,0,0,0,0,100,100,0,0,0,0,0,100,100,0,0.000000,0,9904,0.000000,0,0,0,0,108,8,0,8,100,5104,304,0,0,0,0,108,0,0,0,0,288,9400
2118,W3,1,1,5,5,0,0,0,0,0,0,0,100,100,0,0,0,0,0,100,100,0,0.000000,0,9904,0.000000,0,0,0,0,108,8,0,8,100,5104,304,0,0,0,0,108,0,0,0,0,322,9400
2119,W3,1,1,5,5,0,0,0,0,0,0,0,100,100,0,0,0,0,0,100,100,0,0.000000,0,9904,0.000000,0,0,0,0,108,8,0,8,100,5104,304,0,0,0,0,108,0,0,0,0,283,9400
2120,W3,1,1,5,5,0,0,0,0,0,0,0,100,100,100,0,0,0,0,100,100,100,100.000000,1600,9904,16.155089,10,10,10,10,108,8,0,8,100,5104,304,0,0,0,0,108,0,0,0,0,282,9400
2121,W3,1,1,5,5,0,0,0,0,0,0,0,100,100,0,0,0,0,0,100,100,0,0.000000,0,9904,0.000000,0,0,0,0,108,8,0,8,100,5104,304,0,0,0,0,108,0,0,0,0,281,9400
2122,W3,1,1,5,5,0,0,0,0,0,0,0,100,100,0,0,0,0,0,100,100,0,0.000000,0,9904,0.000000,0,0,0,0,108,8,0,8,100,5104,304,0,0,0,0,108,0,0,0,0,284,9400
2123,W3,1,1,5,5,0,0,0,0,0,0,0,100,100,0,0,0,0,0,100,100,0,0.000000,0,9904,0.000000,0,0,0,0,108,8,0,8,100,5104,304,0,0,0,0,108,0,0,0,0,283,9400
2124,W3,1,1,5,5,0,0,0,0,0,0,0,100,100,0,0,0,0,0,100,100,0,0.000000,0,9904,0.000000,0,0,0,0,108,8,0,8,100,5104,304,0,0,0,0,108,0,0,0,0,321,9400
2125,W3,1,1,5,5,0,0,0,0,0,0,0,100,100,0,0,0,0,0,100,100,0,0.000000,0,9904,0.000000,0,0,0,0,108,8,0,8,100,5104,304,0,0,0,0,108,0,0,0,0,293,9400
2126,W3,1,1,5,5,0,0,0,0,0,0,0,100,100,0,0,0,0,0,100,100,0,0.000000,0,9904,0.000000,0,0,0,0,108,8,0,8,100,5104,304,0,0,0,0,108,0,0,0,0,322,9400
2127,W3,1,1,5,5,0,0,0,0,0,0,0,100,100,0,0,0,0,0,100,100,0,0.000000,0,9904,0.000000,0,0,0,0,108,8,0,8,100,5104,304,0,0,0,0,108,0,0,0,0,314,9400
2128,W3,1,1,5,5,0,0,0,0,0,0,0,100,100,0,0,0,0,0,100,100,0,0.000000,0,9904,0.000000,0,0,0,0,108,8,0,8,100,5104,304,0,0,0,0,108,0,0,0,0,323,9400
2129,W3,1,1,5,5,0,0,0,0,0,0,0,100,100,100,0,0,0,0,100,100,100,100.000000,1600,9904,16.155089,10,10,10,10,108,8,0,8,100,5104,304,0,0,0,0,108,0,0,0,0,302,9400
2130,W3,1,1,5,5,0,0,0,0,0,0,0,100,100,0,0,0,0,0,100,100,0,0.000000,0,9904,0.000000,0,0,0,0,108,8,0,8,100,5104,304,0,0,0,0,108,0,0,0,0,298,9400
2131,W3,1,1,5,5,0,0,0,0,0,0,0,100,100,0,0,0,0,0,100,100,0,0.000000,0,9904,0.000000,0,0,0,0,108,8,0,8,100,5104,304,0,0,0,0,108,0,0,0,0,324,9400
2132,W3,1,1,5,5,0,0,0,0,0,0,0,100,100,0,0,0,0,0,100,100,0,0.000000,0,9904,0.000000,0,0,0,0,108,8,0,8,100,5104,304,0,0,0,0,108,0,0,0,0,320,9400
2133,W3,1,1,5,5,0,0,0,0,0,0,0,100,100,0,0,0,0,0,100,100,0,0.000000,0,9904,0.000000,0,0,0,0,108,8,0,8,100,5104,304,0,0,0,0,108,0,0,0,0,294,9400
2134,W3,1,1,5,5,0,0,0,0,0,0,0,100,100,0,0,0,0,0,100,100,0,0.000000,0,9904,0.000000,0,0,0,0,108,8,0,8,100,5104,304,0,0,0,0,108,0,0,0,0,350,9400
2135,W3,1,1,5,5,0,0,0,0,0,0,0,100,100,0,0,0,0,0,100,100,0,0.000000,0,9904,0.000000,0,0,0,0,108,8,0,8,100,5104,304,0,0,0,0,108,0,0,0,0,306,9400
2136,W3,1,1,5,5,0,0,0,0,0,0,0,100,100,0,0,0,0,0,100,100,0,0.000000,0,9904,0.000000,0,0,0,0,108,8,0,8,100,5104,304,0,0,0,0,108,0,0,0,0,297,9400
2137,W3,1,1,5,5,0,0,0,0,0,0,0,100,100,0,0,0,0,0,100,100,0,0.000000,0,9904,0.000000,0,0,0,0,108,8,0,8,100,5104,304,0,0,0,0,108,0,0,0,0,289,9400
2138,W3,1,1,5,5,0,0,0,0,0,0,0,100,100,100,0,0,0,0,100,100,100,100.000000,1600,9904,16.155089,10,10,10,10,108,8,0,8,100,5104,304,0,0,0,0,108,0,0,0,0,322,9400
2139,W3,1,1,5,5,0,0,0,0,0,0,0,100,100,0,0,0,0,0,100,100,0,0.000000,0,9904,0.000000,0,0,0,0,108,8,0,8,100,5104,304,0,0,0,0,108,0,0,0,0,308,9400
2140,W3,1,1,5,5,0,0,0,0,0,0,0,100,100,0,0,0,0,0,100,100,0,0.000000,0,9904,0.000000,0,0,0,0,108,8,0,8,100,5104,304,0,0,0,0,108,0,0,0,0,284,9400
2141,W3,1,1,5,5,0,0,0,0,0,0,0,100,100,0,0,0,0,0,100,100,0,0.000000,0,9904,0.000000,0,0,0,0,108,8,0,8,100,5104,304,0,0,0,0,108,0,0,0,0,302,9400
2142,W3,1,1,5,5,0,0,0,0,0,0,0,100,100,0,0,0,0,0,100,100,0,0.000000,0,9904,0.000000,0,0,0,0,108,8,0,8,100,5104,304,0,0,0,0,108,0,0,0,0,302,9400
2143,W3,1,1,5,5,0,0,0,0,0,0,0,100,100,0,0,0,0,0,100,100,0,0.000000,0,9904,0.000000,0,0,0,0,108,8,0,8,100,5104,304,0,0,0,0,108,0,0,0,0,308,9400
2144,W3,1,1,5,5,0,0,0,0,0,0,0,100,100,0,0,0,0,0,100,100,0,0.000000,0,9904,0.000000,0,0,0,0,108,8,0,8,100,5104,304,0,0,0,0,108,0,0,0,0,292,9400
2145,W3,1,1,5,5,0,0,0,0,0,0,0,100,100,0,0,0,0,0,100,100,0,0.000000,0,9904,0.000000,0,0,0,0,108,8,0,8,100,5104,304,0,0,0,0,108,0,0,0,0,289,9400
2146,W3,1,1,5,5,0,0,0,0,0,0,0,100,100,0,0,0,0,0,100,100,0,0.000000,0,9904,0.000000,0,0,0,0,108,8,0,8,100,5104,304,0,0,0,0,108,0,0,0,0,287,9400
2147,W3,1,1,5,5,0,0,0,0,0,0,0,100,100,100,0,0,0,0,100,100,100,100.000000,1600,9904,16.155089,10,10,10,10,108,8,0,8,100,5104,304,0,0,0,0,108,0,0,0,0,281,9400
2148,W3,1,1,5,5,0,0,0,0,0,0,0,100,100,0,0,0,0,0,100,100,0,0.000000,0,9904,0.000000,0,0,0,0,108,8,0,8,100,5104,304,0,0,0,0,108,0,0,0,0,307,9400
2149,W3,1,1,5,5,0,0,0,0,0,0,0,100,100,0,0,0,0,0,100,100,0,0.000000,0,9904,0.000000,0,0,0,0,108,8,0,8,100,5104,304,0,0,0,0,108,0,0,0,0,289,9400
2150,W3,1,1,5,5,0,0,0,0,0,0,0,100,100,0,0,0,0,0,100,100,0,0.000000,0,9904,0.000000,0,0,0,0,108,8,0,8,100,5104,304,0,0,0,0,108,0,0,0,0,320,9400
2151,W3,1,1,5,5,0,0,0,0,0,0,0,100,100,0,0,0,0,0,100,100,0,0.000000,0,9904,0.000000,0,0,0,0,108,8,0,8,100,5104,304,0,0,0,0,108,0,0,0,0,285,9400
2152,W3,1,1,5,5,0,0,0,0,0,0,0,100,100,0,0,0,0,0,100,100,0,0.000000,0,9904,0.000000,0,0,0,0,108,8,0,8,100,5104,304,0,0,0,0,108,0,0,0,0,291,9400
2153,W3,1,1,5,5,0,0,0,0,0,0,0,100,100,0,0,0,0,0,100,100,0,0.000000,0,9904,0.000000,0,0,0,0,108,8,0,8,100,5104,304,0,0,0,0,108,0,0,0,0,368,9400
2154,W3,1,1,5,5,0,0,0,0,0,0,0,100,100,0,0,0,0,0,100,100,0,0.000000,0,9904,0.000000,0,0,0,0,108,8,0,8,100,5104,304,0,0,0,0,108,0,0,0,0,336,9400
2155,W3,1,1,5,5,0,0,0,0,0,0,0,100,100,0,0,0,0,0,100,100,0,0.000000,0,9904,0.000000,0,0,0,0,108,8,0,8,100,5104,304,0,0,0,0,108,0,0,0,0,293,9400
2156,W3,1,1,5,5,0,0,0,0,0,0,0,100,100,100,0,0,0,0,100,100,100,100.000000,1600,9904,16.155089,10,10,10,10,108,8,0,8,100,5104,304,0,0,0,0,108,0,0,0,0,304,9400
2157,W3,1,1,5,5,0,0,0,0,0,0,0,100,100,0,0,0,0,0,100,100,0,0.000000,0,9904,0.000000,0,0,0,0,108,8,0,8,100,5104,304,0,0,0,0,108,0,0,0,0,326,9400
2158,W3,1,1,5,5,0,0,0,0,0,0,0,100,100,0,0,0,0,0,100,100,0,0.000000,0,9904,0.000000,0,0,0,0,108,8,0,8,100,5104,304,0,0,0,0,108,0,0,0,0,300,9400
2159,W3,1,1,5,5,0,0,0,0,0,0,0,100,100,0,0,0,0,0,100,100,0,0.000000,0,9904,0.000000,0,0,0,0,108,8,0,8,100,5104,304,0,0,0,0,108,0,0,0,0,287,9400
2160,W3,1,1,5,5,0,0,0,0,0,0,0,100,100,0,0,0,0,0,100,100,0,0.000000,0,9904,0.000000,0,0,0,0,108,8,0,8,100,5104,304,0,0,0,0,108,0,0,0,0,286,9400
2161,W3,1,1,5,5,0,0,0,0,0,0,0,100,100,0,0,0,0,0,100,100,0,0.000000,0,9904,0.000000,0,0,0,0,108,8,0,8,100,5104,304,0,0,0,0,108,0,0,0,0,279,9400
2162,W3,1,1,5,5,0,0,0,0,0,0,0,100,100,0,0,0,0,0,100,100,0,0.000000,0,9904,0.000000,0,0,0,0,108,8,0,8,100,5104,304,0,0,0,0,108,0,0,0,0,282,9400
2163,W3,1,1,5,5,0,0,0,0,0,0,0,100,100,0,0,0,0,0,100,100,0,0.000000,0,9904,0.000000,0,0,0,0,108,8,0,8,100,5104,304,0,0,0,0,108,0,0,0,0,288,9400
2164,W3,1,1,5,5,0,0,0,0,0,0,0,100,100,0,0,0,0,0,100,100,0,0.000000,0,9904,0.000000,0,0,0,0,108,8,0,8,100,5104,304,0,0,0,0,108,0,0,0,0,322,9400
2165,W3,1,1,5,5,0,0,0,0,0,0,0,100,100,100,0,0,0,0,100,100,100,100.000000,1600,9904,16.155089,10,10,10,10,108,8,0,8,100,5104,304,0,0,0,0,108,0,0,0,0,302,9400
2166,W3,1,1,5,5,0,0,0,0,0,0,0,100,100,0,0,0,0,0,100,100,0,0.000000,0,9904,0.000000,0,0,0,0,108,8,0,8,100,5104,304,0,0,0,0,108,0,0,0,0,295,9400
2167,W3,1,1,5,5,0,0,0,0,0,0,0,100,100,0,0,0,0,0,100,100,0,0.000000,0,9904,0.000000,0,0,0,0,108,8,0,8,100,5104,304,0,0,0,0,108,0,0,0,0,285,9400
2168,W3,1,1,5,5,0,0,0,0,0,0,0,100,100,0,0,0,0,0,100,100,0,0.000000,0,9904,0.000000,0,0,0,0,108,8,0,8,100,5104,304,0,0,0,0,108,0,0,0,0,284,9400
2169,W3,1,1,5,5,0,0,0,0,0,0,0,100,100,0,0,0,0,0,100,100,0,0.000000,0,9904,0.000000,0,0,0,0,108,8,0,8,100,5104,304,0,0,0,0,108,0,0,0,0,270,9400
2170,W3,1,1,5,5,0,0,0,0,0,0,0,100,100,0,0,0,0,0,100,100,0,0.000000,0,9904,0.000000,0,0,0,0,108,8,0,8,100,5104,304,0,0,0,0,108,0,0,0,0,351,9400
2171,W3,1,1,5,5,0,0,0,0,0,0,0,100,100,0,0,0,0,0,100,100,0,0.000000,0,9904,0.000000,0,0,0,0,108,8,0,8,100,5104,304,0,0,0,0,108,0,0,0,0,304,9400
2172,W3,1,1,5,5,0,0,0,0,0,0,0,100,100,0,0,0,0,0,100,100,0,0.000000,0,9904,0.000000,0,0,0,0,108,8,0,8,100,5104,304,0,0,0,0,108,0,0,0,0,308,9400
2173,W3,1,1,5,5,0,0,0,0,0,0,0,100,100,0,0,0,0,0,100,100,0,0.000000,0,9904,0.000000,0,0,0,0,108,8,0,8,100,5104,304,0,0,0,0,108,0,0,0,0,284,9400
2174,W3,1,1,5,5,0,0,0,0,0,0,0,100,100,100,0,0,0,0,100,100,100,100.000000,1600,9904,16.155089,10,10,10,10,108,8,0,8,100,5104,304,0,0,0,0,108,0,0,0,0,325,9400
2175,W3,1,1,5,5,0,0,0,0,0,0,0,100,100,0,0,0,0,0,100,100,0,0.000000,0,9904,0.000000,0,0,0,0,108,8,0,8,100,5104,304,0,0,0,0,108,0,0,0,0,279,9400
2176,W3,1,1,5,5,0,0,0,0,0,0,0,100,100,0,0,0,0,0,100,100,0,0.000000,0,9904,0.000000,0,0,0,0,108,8,0,8,100,5104,304,0,0,0,0,108,0,0,0,0,286,9400
2177,W3,1,1,5,5,0,0,0,0,0,0,0,100,100,0,0,0,0,0,100,100,0,0.000000,0,9904,0.000000,0,0,0,0,108,8,0,8,100,5104,304,0,0,0,0,108,0,0,0,0,289,9400
2178,W3,1,1,5,5,0,0,0,0,0,0,0,100,100,0,0,0,0,0,100,100,0,0.000000,0,9904,0.000000,0,0,0,0,108,8,0,8,100,5104,304,0,0,0,0,108,0,0,0,0,299,9400
2179,W3,1,1,5,5,0,0,0,0,0,0,0,100,100,0,0,0,0,0,100,100,0,0.000000,0,9904,0.000000,0,0,0,0,108,8,0,8,100,5104,304,0,0,0,0,108,0,0,0,0,318,9400
2180,W3,1,1,5,5,0,0,0,0,0,0,0,100,100,0,0,0,0,0,100,100,0,0.000000,0,9904,0.000000,0,0,0,0,108,8,0,8,100,5104,304,0,0,0,0,108,0,0,0,0,295,9400
2181,W3,1,1,5,5,0,0,0,0,0,0,0,100,100,0,0,0,0,0,100,100,0,0.000000,0,9904,0.000000,0,0,0,0,108,8,0,8,100,5104,304,0,0,0,0,108,0,0,0,0,277,9400
2182,W3,1,1,5,5,0,0,0,0,0,0,0,100,100,0,0,0,0,0,100,100,0,0.000000,0,9904,0.000000,0,0,0,0,108,8,0,8,100,5104,304,0,0,0,0,108,0,0,0,0,286,9400
2183,W3,1,1,5,5,0,0,0,0,0,0,0,100,100,100,0,0,0,0,100,100,100,100.000000,1600,9904,16.155089,10,10,10,10,108,8,0,8,100,5104,304,0,0,0,0,108,0,0,0,0,305,9400
2184,W3,1,1,5,5,0,0,0,0,0,0,0,100,100,0,0,0,0,0,100,100,0,0.000000,0,9904,0.000000,0,0,0,0,108,8,0,8,100,5104,304,0,0,0,0,108,0,0,0,0,294,9400
2185,W3,1,1,5,5,0,0,0,0,0,0,0,100,100,0,0,0,0,0,100,100,0,0.000000,0,9904,0.000000,0,0,0,0,108,8,0,8,100,5104,304,0,0,0,0,108,0,0,0,0,276,9400
2186,W3,1,1,5,5,0,0,0,0,0,0,0,100,100,0,0,0,0,0,100,100,0,0.000000,0,9904,0.000000,0,0,0,0,108,8,0,8,100,5104,304,0,0,0,0,108,0,0,0,0,282,9400
2187,W3,1,1,5,5,0,0,0,0,0,0,0,100,100,0,0,0,0,0,100,100,0,0.000000,0,9904,0.000000,0,0,0,0,108,8,0,8,100,5104,304,0,0,0,0,108,0,0,0,0,292,9400
2188,W3,1,1,5,5,0,0,0,0,0,0,0,100,100,0,0,0,0,0,100,100,0,0.000000,0,9904,0.000000,0,0,0,0,108,8,0,8,100,5104,304,0,0,0,0,108,0,0,0,0,291,9400
2189,W3,1,1,5,5,0,0,0,0,0,0,0,100,100,0,0,0,0,0,100,100,0,0.000000,0,9904,0.000000,0,0,0,0,108,8,0,8,100,5104,304,0,0,0,0,108,0,0,0,0,280,9400
2190,W3,1,1,5,5,0,0,0,0,0,0,0,100,100,0,0,0,0,0,100,100,0,0.000000,0,9904,0.000000,0,0,0,0,108,8,0,8,100,5104,304,0,0,0,0,108,0,0,0,0,293,9400
2191,W3,1,1,5,5,0,0,0,0,0,0,0,100,100,0,0,0,0,0,100,100,0,0.000000,0,9904,0.000000,0,0,0,0,108,8,0,8,100,5104,304,0,0,0,0,108,0,0,0,0,277,9400
2192,W3,1,1,5,5,0,0,0,0,0,0,0,100,100,100,0,0,0,0,100,100,100,100.000000,1600,9904,16.155089,10,10,10,10,108,8,0,8,100,5104,304,0,0,0,0,108,0,0,0,0,283,9400
2193,W3,1,1,5,5,0,0,0,0,0,0,0,100,100,0,0,0,0,0,100,100,0,0.000000,0,9904,0.000000,0,0,0,0,108,8,0,8,100,5104,304,0,0,0,0,108,0,0,0,0,284,9400
2194,W3,1,1,5,5,0,0,0,0,0,0,0,100,100,0,0,0,0,0,100,100,0,0.000000,0,9904,0.000000,0,0,0,0,108,8,0,8,100,5104,304,0,0,0,0,108,0,0,0,0,297,9400
2195,W3,1,1,5,5,0,0,0,0,0,0,0,100,100,0,0,0,0,0,100,100,0,0.000000,0,9904,0.000000,0,0,0,0,108,8,0,8,100,5104,304,0,0,0,0,108,0,0,0,0,290,9400
2196,W3,1,1,5,5,0,0,0,0,0,0,0,100,100,0,0,0,0,0,100,100,0,0.000000,0,9904,0.000000,0,0,0,0,108,8,0,8,100,5104,304,0,0,0,0,108,0,0,0,0,287,9400
2197,W3,1,1,5,5,0,0,0,0,0,0,0,100,100,0,0,0,0,0,100,100,0,0.000000,0,9904,0.000000,0,0,0,0,108,8,0,8,100,5104,304,0,0,0,0,108,0,0,0,0,297,9400
2198,W3,1,1,5,5,0,0,0,0,0,0,0,100,100,0,0,0,0,0,100,100,0,0.000000,0,9904,0.000000,0,0,0,0,108,8,0,8,100,5104,304,0,0,0,0,108,0,0,0,0,311,9400
2199,W3,1,1,5,5,0,0,0,0,0,0,0,100,100,0,0,0,0,0,100,100,0,0.000000,0,9904,0.000000,0,0,0,0,108,8,0,8,100,5104,304,0,0,0,0,108,0,0,0,0,299,9400
2200,W3,1,1,5,5,0,0,0,0,0,0,0,100,100,0,0,0,0,0,100,100,0,0.000000,0,9904,0.000000,0,0,0,0,108,8,0,8,100,5104,304,0,0,0,0,108,0,0,0,0,298,9400
2201,W3,1,1,5,5,0,0,0,0,0,0,0,100,100,100,0,0,0,0,100,100,100,100.000000,1600,9904,16.155089,10,10,10,10,108,8,0,8,100,5104,304,0,0,0,0,108,0,0,0,0,308,9400
2202,W3,1,1,5,5,0,0,0,0,0,0,0,100,100,0,0,0,0,0,100,100,0,0.000000,0,9904,0.000000,0,0,0,0,108,8,0,8,100,5104,304,0,0,0,0,108,0,0,0,0,308,9400
2203,W3,1,1,5,5,0,0,0,0,0,0,0,100,100,0,0,0,0,0,100,100,0,0.000000,0,9904,0.000000,0,0,0,0,108,8,0,8,100,5104,304,0,0,0,0,108,0,0,0,0,311,9400
2204,W3,1,1,5,5,0,0,0,0,0,0,0,100,100,0,0,0,0,0,100,100,0,0.000000,0,9904,0.000000,0,0,0,0,108,8,0,8,100,5104,304,0,0,0,0,108,0,0,0,0,305,9400
2205,W3,1,1,5,5,0,0,0,0,0,0,0,100,100,0,0,0,0,0,100,100,0,0.000000,0,9904,0.000000,0,0,0,0,108,8,0,8,100,5104,304,0,0,0,0,108,0,0,0,0,319,9400
2206,W3,1,1,5,5,0,0,0,0,0,0,0,100,100,0,0,0,0,0,100,100,0,0.000000,0,9904,0.000000,0,0,0,0,108,8,0,8,100,5104,304,0,0,0,0,108,0,0,0,0,291,9400
2207,W3,1,1,5,5,0,0,0,0,0,0,0,100,100,0,0,0,0,0,100,100,0,0.000000,0,9904,0.000000,0,0,0,0,108,8,0,8,100,5104,304,0,0,0,0,108,0,0,0,0,284,9400
2208,W3,1,1,5,5,0,0,0,0,0,0,0,100,100,0,0,0,0,0,100,100,0,0.000000,0,9904,0.000000,0,0,0,0,108,8,0,8,100,5104,304,0,0,0,0,108,0,0,0,0,285,9400
2209,W3,1,1,5,5,0,0,0,0,0,0,0,100,100,0,0,0,0,0,100,100,0,0.000000,0,9904,0.000000,0,0,0,0,108,8,0,8,100,5104,304,0,0,0,0,108,0,0,0,0,280,9400
2210,W3,1,1,5,5,0,0,0,0,0,0,0,100,100,100,0,0,0,0,100,100,100,100.000000,1600,9904,16.155089,10,10,10,10,108,8,0,8,100,5104,304,0,0,0,0,108,0,0,0,0,279,9400
2211,W3,1,1,5,5,0,0,0,0,0,0,0,100,100,0,0,0,0,0,100,100,0,0.000000,0,9904,0.000000,0,0,0,0,108,8,0,8,100,5104,304,0,0,0,0,108,0,0,0,0,290,9400
2212,W3,1,1,5,5,0,0,0,0,0,0,0,100,100,0,0,0,0,0,100,100,0,0.000000,0,9904,0.000000,0,0,0,0,108,8,0,8,100,5104,304,0,0,0,0,108,0,0,0,0,275,9400
2213,W3,1,1,5,5,0,0,0,0,0,0,0,100,100,0,0,0,0,0,100,100,0,0.000000,0,9904,0.000000,0,0,0,0,108,8,0,8,100,5104,304,0,0,0,0,108,0,0,0,0,305,9400
2214,W3,1,1,5,5,0,0,0,0,0,0,0,100,100,0,0,0,0,0,100,100,0,0.000000,0,9904,0.000000,0,0,0,0,108,8,0,8,100,5104,304,0,0,0,0,108,0,0,0,0,289,9400
2215,W3,1,1,5,5,0,0,0,0,0,0,0,100,100,0,0,0,0,0,100,100,0,0.000000,0,9904,0.000000,0,0,0,0,108,8,0,8,100,5104,304,0,0,0,0,108,0,0,0,0,313,9400
2216,W3,1,1,5,5,0,0,0,0,0,0,0,100,100,0,0,0,0,0,100,100,0,0.000000,0,9904,0.000000,0,0,0,0,108,8,0,8,100,5104,304,0,0,0,0,108,0,0,0,0,316,9400
2217,W3,1,1,5,5,0,0,0,0,0,0,0,100,100,0,0,0,0,0,100,100,0,0.000000,0,9904,0.000000,0,0,0,0,108,8,0,8,100,5104,304,0,0,0,0,108,0,0,0,0,287,9400
2218,W3,1,1,5,5,0,0,0,0,0,0,0,100,100,0,0,0,0,0,100,100,0,0.000000,0,9904,0.000000,0,0,0,0,108,8,0,8,100,5104,304,0,0,0,0,108,0,0,0,0,327,9400
2219,W3,1,1,5,5,0,0,0,0,0,0,0,100,100,100,0,0,0,0,100,100,100,100.000000,1600,9904,16.155089,10,10,10,10,108,8,0,8,100,5104,304,0,0,0,0,108,0,0,0,0,317,9400
2220,W3,1,1,5,5,0,0,0,0,0,0,0,100,100,0,0,0,0,0,100,100,0,0.000000,0,9904,0.000000,0,0,0,0,108,8,0,8,100,5104,304,0,0,0,0,108,0,0,0,0,312,9400
2221,W3,1,1,5,5,0,0,0,0,0,0,0,100,100,0,0,0,0,0,100,100,0,0.000000,0,9904,0.000000,0,0,0,0,108,8,0,8,100,5104,304,0,0,0,0,108,0,0,0,0,344,9400
2222,W3,1,1,5,5,0,0,0,0,0,0,0,100,100,0,0,0,0,0,100,100,0,0.000000,0,9904,0.000000,0,0,0,0,108,8,0,8,100,5104,304,0,0,0,0,108,0,0,0,0,300,9400
2223,W3,1,1,5,5,0,0,0,0,0,0,0,100,100,0,0,0,0,0,100,100,0,0.000000,0,9904,0.000000,0,0,0,0,108,8,0,8,100,5104,304,0,0,0,0,108,0,0,0,0,289,9400
2224,W3,1,1,5,5,0,0,0,0,0,0,0,100,100,0,0,0,0,0,100,100,0,0.000000,0,9904,0.000000,0,0,0,0,108,8,0,8,100,5104,304,0,0,0,0,108,0,0,0,0,291,9400
2225,W3,1,1,5,5,0,0,0,0,0,0,0,100,100,0,0,0,0,0,100,100,0,0.000000,0,9904,0.000000,0,0,0,0,108,8,0,8,100,5104,304,0,0,0,0,108,0,0,0,0,287,9400
2226,W3,1,1,5,5,0,0,0,0,0,0,0,100,100,0,0,0,0,0,100,100,0,0.000000,0,9904,0.000000,0,0,0,0,108,8,0,8,100,5104,304,0,0,0,0,108,0,0,0,0,304,9400
2227,W3,1,1,5,5,0,0,0,0,0,0,0,100,100,0,0,0,0,0,100,100,0,0.000000,0,9904,0.000000,0,0,0,0,108,8,0,8,100,5104,304,0,0,0,0,108,0,0,0,0,287,9400
2228,W3,1,1,5,5,0,0,0,0,0,0,0,100,100,100,0,0,0,0,100,100,100,100.000000,1600,9904,16.155089,10,10,10,10,108,8,0,8,100,5104,304,0,0,0,0,108,0,0,0,0,309,9400
2229,W3,1,1,5,5,0,0,0,0,0,0,0,100,100,0,0,0,0,0,100,100,0,0.000000,0,9904,0.000000,0,0,0,0,108,8,0,8,100,5104,304,0,0,0,0,108,0,0,0,0,299,9400
2230,W3,1,1,5,5,0,0,0,0,0,0,0,100,100,0,0,0,0,0,100,100,0,0.000000,0,9904,0.000000,0,0,0,0,108,8,0,8,100,5104,304,0,0,0,0,108,0,0,0,0,281,9400
2231,W3,1,1,5,5,0,0,0,0,0,0,0,100,100,0,0,0,0,0,100,100,0,0.000000,0,9904,0.000000,0,0,0,0,108,8,0,8,100,5104,304,0,0,0,0,108,0,0,0,0,282,9400
2232,W3,1,1,5,5,0,0,0,0,0,0,0,100,100,0,0,0,0,0,100,100,0,0.000000,0,9904,0.000000,0,0,0,0,108,8,0,8,100,5104,304,0,0,0,0,108,0,0,0,0,319,9400
2233,W3,1,1,5,5,0,0,0,0,0,0,0,100,100,0,0,0,0,0,100,100,0,0.000000,0,9904,0.000000,0,0,0,0,108,8,0,8,100,5104,304,0,0,0,0,108,0,0,0,0,282,9400
2234,W3,1,1,5,5,0,0,0,0,0,0,0,100,100,0,0,0,0,0,100,100,0,0.000000,0,9904,0.000000,0,0,0,0,108,8,0,8,100,5104,304,0,0,0,0,108,0,0,0,0,289,9400
2235,W3,1,1,5,5,0,0,0,0,0,0,0,100,100,0,0,0,0,0,100,100,0,0.000000,0,9904,0.000000,0,0,0,0,108,8,0,8,100,5104,304,0,0,0,0,108,0,0,0,0,283,9400
2236,W3,1,1,5,5,0,0,0,0,0,0,0,100,100,0,0,0,0,0,100,100,0,0.000000,0,9904,0.000000,0,0,0,0,108,8,0,8,100,5104,304,0,0,0,0,108,0,0,0,0,292,9400
2237,W3,1,1,5,5,0,0,0,0,0,0,0,100,100,100,0,0,0,0,100,100,100,100.000000,1600,9904,16.155089,10,10,10,10,108,8,0,8,100,5104,304,0,0,0,0,108,0,0,0,0,297,9400
2238,W3,1,1,5,5,0,0,0,0,0,0,0,100,100,0,0,0,0,0,100,100,0,0.000000,0,9904,0.000000,0,0,0,0,108,8,0,8,100,5104,304,0,0,0,0,108,0,0,0,0,298,9400
2239,W3,1,1,5,5,0,0,0,0,0,0,0,100,100,0,0,0,0,0,100,100,0,0.000000,0,9904,0.000000,0,0,0,0,108,8,0,8,100,5104,304,0,0,0,0,108,0,0,0,0,325,9400
2240,W3,1,1,5,5,0,0,0,0,0,0,0,100,100,0,0,0,0,0,100,100,0,0.000000,0,9904,0.000000,0,0,0,0,108,8,0,8,100,5104,304,0,0,0,0,108,0,0,0,0,308,9400
2241,W3,1,1,5,5,0,0,0,0,0,0,0,100,100,0,0,0,0,0,100,100,0,0.000000,0,9904,0.000000,0,0,0,0,108,8,0,8,100,5104,304,0,0,0,0,108,0,0,0,0,307,9400
2242,W3,1,1,5,5,0,0,0,0,0,0,0,100,100,0,0,0,0,0,100,100,0,0.000000,0,9904,0.000000,0,0,0,0,108,8,0,8,100,5104,304,0,0,0,0,108,0,0,0,0,311,9400
2243,W3,1,1,5,5,0,0,0,0,0,0,0,100,100,0,0,0,0,0,100,100,0,0.000000,0,9904,0.000000,0,0,0,0,108,8,0,8,100,5104,304,0,0,0,0,108,0,0,0,0,282,9400
2244,W3,1,1,5,5,0,0,0,0,0,0,0,100,100,0,0,0,0,0,100,100,0,0.000000,0,9904,0.000000,0,0,0,0,108,8,0,8,100,5104,304,0,0,0,0,108,0,0,0,0,298,9400
2245,W3,1,1,5,5,0,0,0,0,0,0,0,100,100,0,0,0,0,0,100,100,0,0.000000,0,9904,0.000000,0,0,0,0,108,8,0,8,100,5104,304,0,0,0,0,108,0,0,0,0,286,9400
2246,W3,1,1,5,5,0,0,0,0,0,0,0,100,100,100,0,0,0,0,100,100,100,100.000000,1600,9904,16.155089,10,10,10,10,108,8,0,8,100,5104,304,0,0,0,0,108,0,0,0,0,290,9400
2247,W3,1,1,5,5,0,0,0,0,0,0,0,100,100,0,0,0,0,0,100,100,0,0.000000,0,9904,0.000000,0,0,0,0,108,8,0,8,100,5104,304,0,0,0,0,108,0,0,0,0,290,9400
2248,W3,1,1,5,5,0,0,0,0,0,0,0,100,100,0,0,0,0,0,100,100,0,0.000000,0,9904,0.000000,0,0,0,0,108,8,0,8,100,5104,304,0,0,0,0,108,0,0,0,0,290,9400
2249,W3,1,1,5,5,0,0,0,0,0,0,0,100,100,0,0,0,0,0,100,100,0,0.000000,0,9904,0.000000,0,0,0,0,108,8,0,8,100,5104,304,0,0,0,0,108,0,0,0,0,324,9400
2250,W3,1,1,5,5,0,0,0,0,0,0,0,100,100,0,0,0,0,0,100,100,0,0.000000,0,9904,0.000000,0,0,0,0,108,8,0,8,100,5104,304,0,0,0,0,108,0,0,0,0,296,9400
2251,W3,1,1,5,5,0,0,0,0,0,0,0,100,100,0,0,0,0,0,100,100,0,0.000000,0,9904,0.000000,0,0,0,0,108,8,0,8,100,5104,304,0,0,0,0,108,0,0,0,0,293,9400
2252,W3,1,1,5,5,0,0,0,0,0,0,0,100,100,0,0,0,0,0,100,100,0,0.000000,0,9904,0.000000,0,0,0,0,108,8,0,8,100,5104,304,0,0,0,0,108,0,0,0,0,345,9400
2253,W3,1,1,5,5,0,0,0,0,0,0,0,100,100,0,0,0,0,0,100,100,0,0.000000,0,9904,0.000000,0,0,0,0,108,8,0,8,100,5104,304,0,0,0,0,108,0,0,0,0,317,9400
2254,W3,1,1,5,5,0,0,0,0,0,0,0,100,100,0,0,0,0,0,100,100,0,0.000000,0,9904,0.000000,0,0,0,0,108,8,0,8,100,5104,304,0,0,0,0,108,0,0,0,0,327,9400
2255,W3,1,1,5,5,0,0,0,0,0,0,0,100,100,100,0,0,0,0,100,100,100,100.000000,1600,9904,16.155089,10,10,10,10,108,8,0,8,100,5104,304,0,0,0,0,108,0,0,0,0,323,9400
2256,W3,1,1,5,5,0,0,0,0,0,0,0,100,100,0,0,0,0,0,100,100,0,0.000000,0,9904,0.000000,0,0,0,0,108,8,0,8,100,5104,304,0,0,0,0,108,0,0,0,0,297,9400
2257,W3,1,1,5,5,0,0,0,0,0,0,0,100,100,0,0,0,0,0,100,100,0,0.000000,0,9904,0.000000,0,0,0,0,108,8,0,8,100,5104,304,0,0,0,0,108,0,0,0,0,298,9400
2258,W3,1,1,5,5,0,0,0,0,0,0,0,100,100,0,0,0,0,0,100,100,0,0.000000,0,9904,0.000000,0,0,0,0,108,8,0,8,100,5104,304,0,0,0,0,108,0,0,0,0,337,9400
2259,W3,1,1,5,5,0,0,0,0,0,0,0,100,100,0,0,0,0,0,100,100,0,0.000000,0,9904,0.000000,0,0,0,0,108,8,0,8,100,5104,304,0,0,0,0,108,0,0,0,0,319,9400
2260,W3,1,1,5,5,0,0,0,0,0,0,0,100,100,0,0,0,0,0,100,100,0,0.000000,0,9904,0.000000,0,0,0,0,108,8,0,8,100,5104,304,0,0,0,0,108,0,0,0,0,301,9400
2261,W3,1,1,5,5,0,0,0,0,0,0,0,100,100,0,0,0,0,0,100,100,0,0.000000,0,9904,0.000000,0,0,0,0,108,8,0,8,100,5104,304,0,0,0,0,108,0,0,0,0,362,9400
2262,W3,1,1,5,5,0,0,0,0,0,0,0,100,100,0,0,0,0,0,100,100,0,0.000000,0,9904,0.000000,0,0,0,0,108,8,0,8,100,5104,304,0,0,0,0,108,0,0,0,0,332,9400
2263,W3,1,1,5,5,0,0,0,0,0,0,0,100,100,0,0,0,0,0,100,100,0,0.000000,0,9904,0.000000,0,0,0,0,108,8,0,8,100,5104,304,0,0,0,0,108,0,0,0,0,322,9400
2264,W3,1,1,5,5,0,0,0,0,0,0,0,100,100,100,0,0,0,0,100,100,100,100.000000,1600,9904,16.155089,10,10,10,10,108,8,0,8,100,5104,304,0,0,0,0,108,0,0,0,0,287,9400
2265,W3,1,1,5,5,0,0,0,0,0,0,0,100,100,0,0,0,0,0,100,100,0,0.000000,0,9904,0.000000,0,0,0,0,108,8,0,8,100,5104,304,0,0,0,0,108,0,0,0,0,329,9400
2266,W3,1,1,5,5,0,0,0,0,0,0,0,100,100,0,0,0,0,0,100,100,0,0.000000,0,9904,0.000000,0,0,0,0,108,8,0,8,100,5104,304,0,0,0,0,108,0,0,0,0,317,9400
2267,W3,1,1,5,5,0,0,0,0,0,0,0,100,100,0,0,0,0,0,100,100,0,0.000000,0,9904,0.000000,0,0,0,0,108,8,0,8,100,5104,304,0,0,0,0,108,0,0,0,0,284,9400
2268,W3,1,1,5,5,0,0,0,0,0,0,0,100,100,0,0,0,0,0,100,100,0,0.000000,0,9904,0.000000,0,0,0,0,108,8,0,8,100,5104,304,0,0,0,0,108,0,0,0,0,322,9400
2269,W3,1,1,5,5,0,0,0,0,0,0,0,100,100,0,0,0,0,0,100,100,0,0.000000,0,9904,0.000000,0,0,0,0,108,8,0,8,100,5104,304,0,0,0,0,108,0,0,0,0,291,9400
2270,W3,1,1,5,5,0,0,0,0,0,0,0,100,100,0,0,0,0,0,100,100,0,0.000000,0,9904,0.000000,0,0,0,0,108,8,0,8,100,5104,304,0,0,0,0,108,0,0,0,0,294,9400
2271,W3,1,1,5,5,0,0,0,0,0,0,0,100,100,0,0,0,0,0,100,100,0,0.000000,0,9904,0.000000,0,0,0,0,108,8,0,8,100,5104,304,0,0,0,0,108,0,0,0,0,282,9400
2272,W3,1,1,5,5,0,0,0,0,0,0,0,100,100,0,0,0,0,0,100,100,0,0.000000,0,9904,0.000000,0,0,0,0,108,8,0,8,100,5104,304,0,0,0,0,108,0,0,0,0,315,9400
2273,W3,1,1,5,5,0,0,0,0,0,0,0,100,100,100,0,0,0,0,100,100,100,100.000000,1600,9904,16.155089,10,10,10,10,108,8,0,8,100,5104,304,0,0,0,0,108,0,0,0,0,280,9400
2274,W3,1,1,5,5,0,0,0,0,0,0,0,100,100,0,0,0,0,0,100,100,0,0.000000,0,9904,0.000000,0,0,0,0,108,8,0,8,100,5104,304,0,0,0,0,108,0,0,0,0,301,9400
2275,W3,1,1,5,5,0,0,0,0,0,0,0,100,100,0,0,0,0,0,100,100,0,0.000000,0,9904,0.000000,0,0,0,0,108,8,0,8,100,5104,304,0,0,0,0,108,0,0,0,0,301,9400
2276,W3,1,1,5,5,0,0,0,0,0,0,0,100,100,0,0,0,0,0,100,100,0,0.000000,0,9904,0.000000,0,0,0,0,108,8,0,8,100,5104,304,0,0,0,0,108,0,0,0,0,287,9400
2277,W3,1,1,5,5,0,0,0,0,0,0,0,100,100,0,0,0,0,0,100,100,0,0.000000,0,9904,0.000000,0,0,0,0,108,8,0,8,100,5104,304,0,0,0,0,108,0,0,0,0,288,9400
2278,W3,1,1,5,5,0,0,0,0,0,0,0,100,100,0,0,0,0,0,100,100,0,0.000000,0,9904,0.000000,0,0,0,0,108,8,0,8,100,5104,304,0,0,0,0,108,0,0,0,0,289,9400
2279,W3,1,1,5,5,0,0,0,0,0,0,0,100,100,0,0,0,0,0,100,100,0,0.000000,0,9904,0.000000,0,0,0,0,108,8,0,8,100,5104,304,0,0,0,0,108,0,0,0,0,309,9400
2280,W3,1,1,5,5,0,0,0,0,0,0,0,100,100,0,0,0,0,0,100,100,0,0.000000,0,9904,0.000000,0,0,0,0,108,8,0,8,100,5104,304,0,0,0,0,108,0,0,0,0,317,9400
2281,W3,1,1,5,5,0,0,0,0,0,0,0,100,100,0,0,0,0,0,100,100,0,0.000000,0,9904,0.000000,0,0,0,0,108,8,0,8,100,5104,304,0,0,0,0,108,0,0,0,0,318,9400
2282,W3,1,1,5,5,0,0,0,0,0,0,0,100,100,100,0,0,0,0,100,100,100,100.000000,1600,9904,16.155089,10,10,10,10,108,8,0,8,100,5104,304,0,0,0,0,108,0,0,0,0,301,9400
2283,W3,1,1,5,5,0,0,0,0,0,0,0,100,100,0,0,0,0,0,100,100,0,0.000000,0,9904,0.000000,0,0,0,0,108,8,0,8,100,5104,304,0,0,0,0,108,0,0,0,0,305,9400
2284,W3,1,1,5,5,0,0,0,0,0,0,0,100,100,0,0,0,0,0,100,100,0,0.000000,0,9904,0.000000,0,0,0,0,108,8,0,8,100,5104,304,0,0,0,0,108,0,0,0,0,300,9400
2285,W3,1,1,5,5,0,0,0,0,0,0,0,100,100,0,0,0,0,0,100,100,0,0.000000,0,9904,0.000000,0,0,0,0,108,8,0,8,100,5104,304,0,0,0,0,108,0,0,0,0,284,9400
2286,W3,1,1,5,5,0,0,0,0,0,0,0,100,100,0,0,0,0,0,100,100,0,0.000000,0,9904,0.000000,0,0,0,0,108,8,0,8,100,5104,304,0,0,0,0,108,0,0,0,0,300,9400
2287,W3,1,1,5,5,0,0,0,0,0,0,0,100,100,0,0,0,0,0,100,100,0,0.000000,0,9904,0.000000,0,0,0,0,108,8,0,8,100,5104,304,0,0,0,0,108,0,0,0,0,290,9400
2288,W3,1,1,5,5,0,0,0,0,0,0,0,100,100,0,0,0,0,0,100,100,0,0.000000,0,9904,0.000000,0,0,0,0,108,8,0,8,100,5104,304,0,0,0,0,108,0,0,0,0,284,9400
2289,W3,1,1,5,5,0,0,0,0,0,0,0,100,100,0,0,0,0,0,100,100,0,0.000000,0,9904,0.000000,0,0,0,0,108,8,0,8,100,5104,304,0,0,0,0,108,0,0,0,0,346,9400
2290,W3,1,1,5,5,0,0,0,0,0,0,0,100,100,0,0,0,0,0,100,100,0,0.000000,0,9904,0.000000,0,0,0,0,108,8,0,8,100,5104,304,0,0,0,0,108,0,0,0,0,317,9400
2291,W3,1,1,5,5,0,0,0,0,0,0,0,100,100,100,0,0,0,0,100,100,100,100.000000,1600,9904,16.155089,10,10,10,10,108,8,0,8,100,5104,304,0,0,0,0,108,0,0,0,0,285,9400
2292,W3,1,1,5,5,0,0,0,0,0,0,0,100,100,0,0,0,0,0,100,100,0,0.000000,0,9904,0.000000,0,0,0,0,108,8,0,8,100,5104,304,0,0,0,0,108,0,0,0,0,293,9400
2293,W3,1,1,5,5,0,0,0,0,0,0,0,100,100,0,0,0,0,0,100,100,0,0.000000,0,9904,0.000000,0,0,0,0,108,8,0,8,100,5104,304,0,0,0,0,108,0,0,0,0,324,9400
2294,W3,1,1,5,5,0,0,0,0,0,0,0,100,100,0,0,0,0,0,100,100,0,0.000000,0,9904,0.000000,0,0,0,0,108,8,0,8,100,5104,304,0,0,0,0,108,0,0,0,0,321,9400
2295,W3,1,1,5,5,0,0,0,0,0,0,0,100,100,0,0,0,0,0,100,100,0,0.000000,0,9904,0.000000,0,0,0,0,108,8,0,8,100,5104,304,0,0,0,0,108,0,0,0,0,307,9400
2296,W3,1,1,5,5,0,0,0,0,0,0,0,100,100,0,0,0,0,0,100,100,0,0.000000,0,9904,0.000000,0,0,0,0,108,8,0,8,100,5104,304,0,0,0,0,108,0,0,0,0,307,9400
2297,W3,1,1,5,5,0,0,0,0,0,0,0,100,100,0,0,0,0,0,100,100,0,0.000000,0,9904,0.000000,0,0,0,0,108,8,0,8,100,5104,304,0,0,0,0,108,0,0,0,0,309,9400
2298,W3,1,1,5,5,0,0,0,0,0,0,0,100,100,0,0,0,0,0,100,100,0,0.000000,0,9904,0.000000,0,0,0,0,108,8,0,8,100,5104,304,0,0,0,0,108,0,0,0,0,312,9400
2299,W3,1,1,5,5,0,0,0,0,0,0,0,100,100,0,0,0,0,0,100,100,0,0.000000,0,9904,0.000000,0,0,0,0,108,8,0,8,100,5104,304,0,0,0,0,108,0,0,0,0,285,9400
2300,W3,1,1,5,5,0,0,0,0,0,0,0,100,100,100,0,0,0,0,100,100,100,100.000000,1600,9904,16.155089,10,10,10,10,108,8,0,8,100,5104,304,0,0,0,0,108,0,0,0,0,282,9400
2301,W3,1,1,5,5,0,0,0,0,0,0,0,100,100,0,0,0,0,0,100,100,0,0.000000,0,9904,0.000000,0,0,0,0,108,8,0,8,100,5104,304,0,0,0,0,108,0,0,0,0,277,9400
2302,W3,1,1,5,5,0,0,0,0,0,0,0,100,100,0,0,0,0,0,100,100,0,0.000000,0,9904,0.000000,0,0,0,0,108,8,0,8,100,5104,304,0,0,0,0,108,0,0,0,0,336,9400
2303,W3,1,1,5,5,0,0,0,0,0,0,0,100,100,0,0,0,0,0,100,100,0,0.000000,0,9904,0.000000,0,0,0,0,108,8,0,8,100,5104,304,0,0,0,0,108,0,0,0,0,299,9400
2304,W3,1,1,5,5,0,0,0,0,0,0,0,100,100,0,0,0,0,0,100,100,0,0.000000,0,9904,0.000000,0,0,0,0,108,8,0,8,100,5104,304,0,0,0,0,108,0,0,0,0,288,9400
2305,W3,1,1,5,5,0,0,0,0,0,0,0,100,100,0,0,0,0,0,100,100,0,0.000000,0,9904,0.000000,0,0,0,0,108,8,0,8,100,5104,304,0,0,0,0,108,0,0,0,0,293,9400
2306,W3,1,1,5,5,0,0,0,0,0,0,0,100,100,0,0,0,0,0,100,100,0,0.000000,0,9904,0.000000,0,0,0,0,108,8,0,8,100,5104,304,0,0,0,0,108,0,0,0,0,297,9400
2307,W3,1,1,5,5,0,0,0,0,0,0,0,100,100,0,0,0,0,0,100,100,0,0.000000,0,9904,0.000000,0,0,0,0,108,8,0,8,100,5104,304,0,0,0,0,108,0,0,0,0,285,9400
2308,W3,1,1,5,5,0,0,0,0,0,0,0,100,100,0,0,0,0,0,100,100,0,0.000000,0,9904,0.000000,0,0,0,0,108,8,0,8,100,5104,304,0,0,0,0,108,0,0,0,0,307,9400
2309,W3,1,1,5,5,0,0,0,0,0,0,0,100,100,100,0,0,0,0,100,100,100,100.000000,1600,9904,16.155089,10,10,10,10,108,8,0,8,100,5104,304,0,0,0,0,108,0,0,0,0,290,9400
2310,W3,1,1,5,5,0,0,0,0,0,0,0,100,100,0,0,0,0,0,100,100,0,0.000000,0,9904,0.000000,0,0,0,0,108,8,0,8,100,5104,304,0,0,0,0,108,0,0,0,0,285,9400
2311,W3,1,1,5,5,0,0,0,0,0,0,0,100,100,0,0,0,0,0,100,100,0,0.000000,0,9904,0.000000,0,0,0,0,108,8,0,8,100,5104,304,0,0,0,0,108,0,0,0,0,287,9400
2312,W3,1,1,5,5,0,0,0,0,0,0,0,100,100,0,0,0,0,0,100,100,0,0.000000,0,9904,0.000000,0,0,0,0,108,8,0,8,100,5104,304,0,0,0,0,108,0,0,0,0,306,9400
2313,W3,1,1,5,5,0,0,0,0,0,0,0,100,100,0,0,0,0,0,100,100,0,0.000000,0,9904,0.000000,0,0,0,0,108,8,0,8,100,5104,304,0,0,0,0,108,0,0,0,0,287,9400
2314,W3,1,1,5,5,0,0,0,0,0,0,0,100,100,0,0,0,0,0,100,100,0,0.000000,0,9904,0.000000,0,0,0,0,108,8,0,8,100,5104,304,0,0,0,0,108,0,0,0,0,279,9400
2315,W3,1,1,5,5,0,0,0,0,0,0,0,100,100,0,0,0,0,0,100,100,0,0.000000,0,9904,0.000000,0,0,0,0,108,8,0,8,100,5104,304,0,0,0,0,108,0,0,0,0,285,9400
2316,W3,1,1,5,5,0,0,0,0,0,0,0,100,100,0,0,0,0,0,100,100,0,0.000000,0,9904,0.000000,0,0,0,0,108,8,0,8,100,5104,304,0,0,0,0,108,0,0,0,0,290,9400
2317,W3,1,1,5,5,0,0,0,0,0,0,0,100,100,0,0,0,0,0,100,100,0,0.000000,0,9904,0.000000,0,0,0,0,108,8,0,8,100,5104,304,0,0,0,0,108,0,0,0,0,281,9400
2318,W3,1,1,5,5,0,0,0,0,0,0,0,100,100,100,0,0,0,0,100,100,100,100.000000,1600,9904,16.155089,10,10,10,10,108,8,0,8,100,5104,304,0,0,0,0,108,0,0,0,0,321,9400
2319,W3,1,1,5,5,0,0,0,0,0,0,0,100,100,0,0,0,0,0,100,100,0,0.000000,0,9904,0.000000,0,0,0,0,108,8,0,8,100,5104,304,0,0,0,0,108,0,0,0,0,311,9400
2320,W3,1,1,5,5,0,0,0,0,0,0,0,100,100,0,0,0,0,0,100,100,0,0.000000,0,9904,0.000000,0,0,0,0,108,8,0,8,100,5104,304,0,0,0,0,108,0,0,0,0,329,9400
2321,W3,1,1,5,5,0,0,0,0,0,0,0,100,100,0,0,0,0,0,100,100,0,0.000000,0,9904,0.000000,0,0,0,0,108,8,0,8,100,5104,304,0,0,0,0,108,0,0,0,0,344,9400
2322,W3,1,1,5,5,0,0,0,0,0,0,0,100,100,0,0,0,0,0,100,100,0,0.000000,0,9904,0.000000,0,0,0,0,108,8,0,8,100,5104,304,0,0,0,0,108,0,0,0,0,331,9400
2323,W3,1,1,5,5,0,0,0,0,0,0,0,100,100,0,0,0,0,0,100,100,0,0.000000,0,9904,0.000000,0,0,0,0,108,8,0,8,100,5104,304,0,0,0,0,108,0,0,0,0,348,9400
2324,W3,1,1,5,5,0,0,0,0,0,0,0,100,100,0,0,0,0,0,100,100,0,0.000000,0,9904,0.000000,0,0,0,0,108,8,0,8,100,5104,304,0,0,0,0,108,0,0,0,0,301,9400
2325,W3,1,1,5,5,0,0,0,0,0,0,0,100,100,0,0,0,0,0,100,100,0,0.000000,0,9904,0.000000,0,0,0,0,108,8,0,8,100,5104,304,0,0,0,0,108,0,0,0,0,295,9400
2326,W3,1,1,5,5,0,0,0,0,0,0,0,100,100,0,0,0,0,0,100,100,0,0.000000,0,9904,0.000000,0,0,0,0,108,8,0,8,100,5104,304,0,0,0,0,108,0,0,0,0,319,9400
2327,W3,1,1,5,5,0,0,0,0,0,0,0,100,100,100,0,0,0,0,100,100,100,100.000000,1600,9904,16.155089,10,10,10,10,108,8,0,8,100,5104,304,0,0,0,0,108,0,0,0,0,317,9400
2328,W3,1,1,5,5,0,0,0,0,0,0,0,100,100,0,0,0,0,0,100,100,0,0.000000,0,9904,0.000000,0,0,0,0,108,8,0,8,100,5104,304,0,0,0,0,108,0,0,0,0,283,9400
2329,W3,1,1,5,5,0,0,0,0,0,0,0,100,100,0,0,0,0,0,100,100,0,0.000000,0,9904,0.000000,0,0,0,0,108,8,0,8,100,5104,304,0,0,0,0,108,0,0,0,0,275,9400
2330,W3,1,1,5,5,0,0,0,0,0,0,0,100,100,0,0,0,0,0,100,100,0,0.000000,0,9904,0.000000,0,0,0,0,108,8,0,8,100,5104,304,0,0,0,0,108,0,0,0,0,284,9400
2331,W3,1,1,5,5,0,0,0,0,0,0,0,100,100,0,0,0,0,0,100,100,0,0.000000,0,9904,0.000000,0,0,0,0,108,8,0,8,100,5104,304,0,0,0,0,108,0,0,0,0,302,9400
2332,W3,1,1,5,5,0,0,0,0,0,0,0,100,100,0,0,0,0,0,100,100,0,0.000000,0,9904,0.000000,0,0,0,0,108,8,0,8,100,5104,304,0,0,0,0,108,0,0,0,0,318,9400
2333,W3,1,1,5,5,0,0,0,0,0,0,0,100,100,0,0,0,0,0,100,100,0,0.000000,0,9904,0.000000,0,0,0,0,108,8,0,8,100,5104,304,0,0,0,0,108,0,0,0,0,298,9400
2334,W3,1,1,5,5,0,0,0,0,0,0,0,100,100,0,0,0,0,0,100,100,0,0.000000,0,9904,0.000000,0,0,0,0,108,8,0,8,100,5104,304,0,0,0,0,108,0,0,0,0,297,9400
2335,W3,1,1,5,5,0,0,0,0,0,0,0,100,100,0,0,0,0,0,100,100,0,0.000000,0,9904,0.000000,0,0,0,0,108,8,0,8,100,5104,304,0,0,0,0,108,0,0,0,0,295,9400
2336,W3,1,1,5,5,0,0,0,0,0,0,0,100,100,100,0,0,0,0,100,100,100,100.000000,1600,9904,16.155089,10,10,10,10,108,8,0,8,100,5104,304,0,0,0,0,108,0,0,0,0,308,9400
2337,W3,1,1,5,5,0,0,0,0,0,0,0,100,100,0,0,0,0,0,100,100,0,0.000000,0,9904,0.000000,0,0,0,0,108,8,0,8,100,5104,304,0,0,0,0,108,0,0,0,0,317,9400
2338,W3,1,1,5,5,0,0,0,0,0,0,0,100,100,0,0,0,0,0,100,100,0,0.000000,0,9904,0.000000,0,0,0,0,108,8,0,8,100,5104,304,0,0,0,0,108,0,0,0,0,309,9400
2339,W3,1,1,5,5,0,0,0,0,0,0,0,100,100,0,0,0,0,0,100,100,0,0.000000,0,9904,0.000000,0,0,0,0,108,8,0,8,100,5104,304,0,0,0,0,108,0,0,0,0,306,9400
2340,W3,1,1,5,5,0,0,0,0,0,0,0,100,100,0,0,0,0,0,100,100,0,0.000000,0,9904,0.000000,0,0,0,0,108,8,0,8,100,5104,304,0,0,0,0,108,0,0,0,0,314,9400
2341,W3,1,1,5,5,0,0,0,0,0,0,0,100,100,0,0,0,0,0,100,100,0,0.000000,0,9904,0.000000,0,0,0,0,108,8,0,8,100,5104,304,0,0,0,0,108,0,0,0,0,319,9400
2342,W3,1,1,5,5,0,0,0,0,0,0,0,100,100,0,0,0,0,0,100,100,0,0.000000,0,9904,0.000000,0,0,0,0,108,8,0,8,100,5104,304,0,0,0,0,108,0,0,0,0,291,9400
2343,W3,1,1,5,5,0,0,0,0,0,0,0,100,100,0,0,0,0,0,100,100,0,0.000000,0,9904,0.000000,0,0,0,0,108,8,0,8,100,5104,304,0,0,0,0,108,0,0,0,0,290,9400
2344,W3,1,1,5,5,0,0,0,0,0,0,0,100,100,0,0,0,0,0,100,100,0,0.000000,0,9904,0.000000,0,0,0,0,108,8,0,8,100,5104,304,0,0,0,0,108,0,0,0,0,308,9400
2345,W3,1,1,5,5,0,0,0,0,0,0,0,100,100,100,0,0,0,0,100,100,100,100.000000,1600,9904,16.155089,10,10,10,10,108,8,0,8,100,5104,304,0,0,0,0,108,0,0,0,0,323,9400
2346,W3,1,1,5,5,0,0,0,0,0,0,0,100,100,0,0,0,0,0,100,100,0,0.000000,0,9904,0.000000,0,0,0,0,108,8,0,8,100,5104,304,0,0,0,0,108,0,0,0,0,333,9400
2347,W3,1,1,5,5,0,0,0,0,0,0,0,100,100,0,0,0,0,0,100,100,0,0.000000,0,9904,0.000000,0,0,0,0,108,8,0,8,100,5104,304,0,0,0,0,108,0,0,0,0,315,9400
2348,W3,1,1,5,5,0,0,0,0,0,0,0,100,100,0,0,0,0,0,100,100,0,0.000000,0,9904,0.000000,0,0,0,0,108,8,0,8,100,5104,304,0,0,0,0,108,0,0,0,0,290,9400
2349,W3,1,1,5,5,0,0,0,0,0,0,0,100,100,0,0,0,0,0,100,100,0,0.000000,0,9904,0.000000,0,0,0,0,108,8,0,8,100,5104,304,0,0,0,0,108,0,0,0,0,343,9400
2350,W3,1,1,5,5,0,0,0,0,0,0,0,100,100,0,0,0,0,0,100,100,0,0.000000,0,9904,0.000000,0,0,0,0,108,8,0,8,100,5104,304,0,0,0,0,108,0,0,0,0,347,9400
2351,W3,1,1,5,5,0,0,0,0,0,0,0,100,100,0,0,0,0,0,100,100,0,0.000000,0,9904,0.000000,0,0,0,0,108,8,0,8,100,5104,304,0,0,0,0,108,0,0,0,0,292,9400
2352,W3,1,1,5,5,0,0,0,0,0,0,0,100,100,0,0,0,0,0,100,100,0,0.000000,0,9904,0.000000,0,0,0,0,108,8,0,8,100,5104,304,0,0,0,0,108,0,0,0,0,299,9400
2353,W3,1,1,5,5,0,0,0,0,0,0,0,100,100,0,0,0,0,0,100,100,0,0.000000,0,9904,0.000000,0,0,0,0,108,8,0,8,100,5104,304,0,0,0,0,108,0,0,0,0,311,9400
2354,W3,1,1,5,5,0,0,0,0,0,0,0,100,100,100,0,0,0,0,100,100,100,100.000000,1600,9904,16.155089,10,10,10,10,108,8,0,8,100,5104,304,0,0,0,0,108,0,0,0,0,352,9400
2355,W3,1,1,5,5,0,0,0,0,0,0,0,100,100,0,0,0,0,0,100,100,0,0.000000,0,9904,0.000000,0,0,0,0,108,8,0,8,100,5104,304,0,0,0,0,108,0,0,0,0,342,9400
2356,W3,1,1,5,5,0,0,0,0,0,0,0,100,100,0,0,0,0,0,100,100,0,0.000000,0,9904,0.000000,0,0,0,0,108,8,0,8,100,5104,304,0,0,0,0,108,0,0,0,0,308,9400
2357,W3,1,1,5,5,0,0,0,0,0,0,0,100,100,0,0,0,0,0,100,100,0,0.000000,0,9904,0.000000,0,0,0,0,108,8,0,8,100,5104,304,0,0,0,0,108,0,0,0,0,317,9400
2358,W3,1,1,5,5,0,0,0,0,0,0,0,100,100,0,0,0,0,0,100,100,0,0.000000,0,9904,0.000000,0,0,0,0,108,8,0,8,100,5104,304,0,0,0,0,108,0,0,0,0,363,9400
2359,W3,1,1,5,5,0,0,0,0,0,0,0,100,100,0,0,0,0,0,100,100,0,0.000000,0,9904,0.000000,0,0,0,0,108,8,0,8,100,5104,304,0,0,0,0,108,0,0,0,0,295,9400
2360,W3,1,1,5,5,0,0,0,0,0,0,0,100,100,0,0,0,0,0,100,100,0,0.000000,0,9904,0.000000,0,0,0,0,108,8,0,8,100,5104,304,0,0,0,0,108,0,0,0,0,330,9400
2361,W3,1,1,5,5,0,0,0,0,0,0,0,100,100,0,0,0,0,0,100,100,0,0.000000,0,9904,0.000000,0,0,0,0,108,8,0,8,100,5104,304,0,0,0,0,108,0,0,0,0,318,9400
2362,W3,1,1,5,5,0,0,0,0,0,0,0,100,100,0,0,0,0,0,100,100,0,0.000000,0,9904,0.000000,0,0,0,0,108,8,0,8,100,5104,304,0,0,0,0,108,0,0,0,0,326,9400
2363,W3,1,1,5,5,0,0,0,0,0,0,0,100,100,100,0,0,0,0,100,100,100,100.000000,1600,9904,16.155089,10,10,10,10,108,8,0,8,100,5104,304,0,0,0,0,108,0,0,0,0,318,9400
2364,W3,1,1,5,5,0,0,0,0,0,0,0,100,100,0,0,0,0,0,100,100,0,0.000000,0,9904,0.000000,0,0,0,0,108,8,0,8,100,5104,304,0,0,0,0,108,0,0,0,0,296,9400
2365,W3,1,1,5,5,0,0,0,0,0,0,0,100,100,0,0,0,0,0,100,100,0,0.000000,0,9904,0.000000,0,0,0,0,108,8,0,8,100,5104,304,0,0,0,0,108,0,0,0,0,295,9400
2366,W3,1,1,5,5,0,0,0,0,0,0,0,100,100,0,0,0,0,0,100,100,0,0.000000,0,9904,0.000000,0,0,0,0,108,8,0,8,100,5104,304,0,0,0,0,108,0,0,0,0,317,9400
2367,W3,1,1,5,5,0,0,0,0,0,0,0,100,100,0,0,0,0,0,100,100,0,0.000000,0,9904,0.000000,0,0,0,0,108,8,0,8,100,5104,304,0,0,0,0,108,0,0,0,0,328,9400
2368,W3,1,1,5,5,0,0,0,0,0,0,0,100,100,0,0,0,0,0,100,100,0,0.000000,0,9904,0.000000,0,0,0,0,108,8,0,8,100,5104,304,0,0,0,0,108,0,0,0,0,316,9400
2369,W3,1,1,5,5,0,0,0,0,0,0,0,100,100,0,0,0,0,0,100,100,0,0.000000,0,9904,0.000000,0,0,0,0,108,8,0,8,100,5104,304,0,0,0,0,108,0,0,0,0,289,9400
2370,W3,1,1,5,5,0,0,0,0,0,0,0,100,100,0,0,0,0,0,100,100,0,0.000000,0,9904,0.000000,0,0,0,0,108,8,0,8,100,5104,304,0,0,0,0,108,0,0,0,0,291,9400
2371,W3,1,1,5,5,0,0,0,0,0,0,0,100,100,0,0,0,0,0,100,100,0,0.000000,0,9904,0.000000,0,0,0,0,108,8,0,8,100,5104,304,0,0,0,0,108,0,0,0,0,288,9400
2372,W3,1,1,5,5,0,0,0,0,0,0,0,100,100,100,0,0,0,0,100,100,100,100.000000,1600,9904,16.155089,10,10,10,10,108,8,0,8,100,5104,304,0,0,0,0,108,0,0,0,0,327,9400
2373,W3,1,1,5,5,0,0,0,0,0,0,0,100,100,0,0,0,0,0,100,100,0,0.000000,0,9904,0.000000,0,0,0,0,108,8,0,8,100,5104,304,0,0,0,0,108,0,0,0,0,312,9400
2374,W3,1,1,5,5,0,0,0,0,0,0,0,100,100,0,0,0,0,0,100,100,0,0.000000,0,9904,0.000000,0,0,0,0,108,8,0,8,100,5104,304,0,0,0,0,108,0,0,0,0,364,9400
2375,W3,1,1,5,5,0,0,0,0,0,0,0,100,100,0,0,0,0,0,100,100,0,0.000000,0,9904,0.000000,0,0,0,0,108,8,0,8,100,5104,304,0,0,0,0,108,0,0,0,0,335,9400
2376,W3,1,1,5,5,0,0,0,0,0,0,0,100,100,0,0,0,0,0,100,100,0,0.000000,0,9904,0.000000,0,0,0,0,108,8,0,8,100,5104,304,0,0,0,0,108,0,0,0,0,298,9400
2377,W3,1,1,5,5,0,0,0,0,0,0,0,100,100,0,0,0,0,0,100,100,0,0.000000,0,9904,0.000000,0,0,0,0,108,8,0,8,100,5104,304,0,0,0,0,108,0,0,0,0,308,9400
2378,W3,1,1,5,5,0,0,0,0,0,0,0,100,100,0,0,0,0,0,100,100,0,0.000000,0,9904,0.000000,0,0,0,0,108,8,0,8,100,5104,304,0,0,0,0,108,0,0,0,0,312,9400
2379,W3,1,1,5,5,0,0,0,0,0,0,0,100,100,0,0,0,0,0,100,100,0,0.000000,0,9904,0.000000,0,0,0,0,108,8,0,8,100,5104,304,0,0,0,0,108,0,0,0,0,305,9400
2380,W3,1,1,5,5,0,0,0,0,0,0,0,100,100,0,0,0,0,0,100,100,0,0.000000,0,9904,0.000000,0,0,0,0,108,8,0,8,100,5104,304,0,0,0,0,108,0,0,0,0,298,9400
2381,W3,1,1,5,5,0,0,0,0,0,0,0,100,100,100,0,0,0,0,100,100,100,100.000000,1600,9904,16.155089,10,10,10,10,108,8,0,8,100,5104,304,0,0,0,0,108,0,0,0,0,291,9400
2382,W3,1,1,5,5,0,0,0,0,0,0,0,100,100,0,0,0,0,0,100,100,0,0.000000,0,9904,0.000000,0,0,0,0,108,8,0,8,100,5104,304,0,0,0,0,108,0,0,0,0,312,9400
2383,W3,1,1,5,5,0,0,0,0,0,0,0,100,100,0,0,0,0,0,100,100,0,0.000000,0,9904,0.000000,0,0,0,0,108,8,0,8,100,5104,304,0,0,0,0,108,0,0,0,0,306,9400
2384,W3,1,1,5,5,0,0,0,0,0,0,0,100,100,0,0,0,0,0,100,100,0,0.000000,0,9904,0.000000,0,0,0,0,108,8,0,8,100,5104,304,0,0,0,0,108,0,0,0,0,312,9400
2385,W3,1,1,5,5,0,0,0,0,0,0,0,100,100,0,0,0,0,0,100,100,0,0.000000,0,9904,0.000000,0,0,0,0,108,8,0,8,100,5104,304,0,0,0,0,108,0,0,0,0,342,9400
2386,W3,1,1,5,5,0,0,0,0,0,0,0,100,100,0,0,0,0,0,100,100,0,0.000000,0,9904,0.000000,0,0,0,0,108,8,0,8,100,5104,304,0,0,0,0,108,0,0,0,0,300,9400
2387,W3,1,1,5,5,0,0,0,0,0,0,0,100,100,0,0,0,0,0,100,100,0,0.000000,0,9904,0.000000,0,0,0,0,108,8,0,8,100,5104,304,0,0,0,0,108,0,0,0,0,330,9400
2388,W3,1,1,5,5,0,0,0,0,0,0,0,100,100,0,0,0,0,0,100,100,0,0.000000,0,9904,0.000000,0,0,0,0,108,8,0,8,100,5104,304,0,0,0,0,108,0,0,0,0,313,9400
2389,W3,1,1,5,5,0,0,0,0,0,0,0,100,100,0,0,0,0,0,100,100,0,0.000000,0,9904,0.000000,0,0,0,0,108,8,0,8,100,5104,304,0,0,0,0,108,0,0,0,0,325,9400
2390,W3,1,1,5,5,0,0,0,0,0,0,0,100,100,100,0,0,0,0,100,100,100,100.000000,1600,9904,16.155089,10,10,10,10,108,8,0,8,100,5104,304,0,0,0,0,108,0,0,0,0,290,9400
2391,W3,1,1,5,5,0,0,0,0,0,0,0,100,100,0,0,0,0,0,100,100,0,0.000000,0,9904,0.000000,0,0,0,0,108,8,0,8,100,5104,304,0,0,0,0,108,0,0,0,0,301,9400
2392,W3,1,1,5,5,0,0,0,0,0,0,0,100,100,0,0,0,0,0,100,100,0,0.000000,0,9904,0.000000,0,0,0,0,108,8,0,8,100,5104,304,0,0,0,0,108,0,0,0,0,282,9400
2393,W3,1,1,5,5,0,0,0,0,0,0,0,100,100,0,0,0,0,0,100,100,0,0.000000,0,9904,0.000000,0,0,0,0,108,8,0,8,100,5104,304,0,0,0,0,108,0,0,0,0,293,9400
2394,W3,1,1,5,5,0,0,0,0,0,0,0,100,100,0,0,0,0,0,100,100,0,0.000000,0,9904,0.000000,0,0,0,0,108,8,0,8,100,5104,304,0,0,0,0,108,0,0,0,0,299,9400
2395,W3,1,1,5,5,0,0,0,0,0,0,0,100,100,0,0,0,0,0,100,100,0,0.000000,0,9904,0.000000,0,0,0,0,108,8,0,8,100,5104,304,0,0,0,0,108,0,0,0,0,318,9400
2396,W3,1,1,5,5,0,0,0,0,0,0,0,100,100,0,0,0,0,0,100,100,0,0.000000,0,9904,0.000000,0,0,0,0,108,8,0,8,100,5104,304,0,0,0,0,108,0,0,0,0,286,9400
2397,W3,1,1,5,5,0,0,0,0,0,0,0,100,100,0,0,0,0,0,100,100,0,0.000000,0,9904,0.000000,0,0,0,0,108,8,0,8,100,5104,304,0,0,0,0,108,0,0,0,0,305,9400
2398,W3,1,1,5,5,0,0,0,0,0,0,0,100,100,0,0,0,0,0,100,100,0,0.000000,0,9904,0.000000,0,0,0,0,108,8,0,8,100,5104,304,0,0,0,0,108,0,0,0,0,318,9400
2399,W3,1,1,5,5,0,0,0,0,0,0,0,100,100,100,0,0,0,0,100,100,100,100.000000,1600,9904,16.155089,10,10,10,10,108,8,0,8,100,5104,304,0,0,0,0,108,0,0,0,0,312,9400
2400,W3,1,1,5,5,0,0,0,0,0,0,0,100,100,0,0,0,0,0,100,100,0,0.000000,0,9904,0.000000,0,0,0,0,108,8,0,8,100,5104,304,0,0,0,0,108,0,0,0,0,303,9400
2401,W3,1,1,5,5,0,0,0,0,0,0,0,100,100,0,0,0,0,0,100,100,0,0.000000,0,9904,0.000000,0,0,0,0,108,8,0,8,100,5104,304,0,0,0,0,108,0,0,0,0,319,9400
2402,W3,1,1,5,5,0,0,0,0,0,0,0,100,100,0,0,0,0,0,100,100,0,0.000000,0,9904,0.000000,0,0,0,0,108,8,0,8,100,5104,304,0,0,0,0,108,0,0,0,0,294,9400
2403,W3,1,1,5,5,0,0,0,0,0,0,0,100,100,0,0,0,0,0,100,100,0,0.000000,0,9904,0.000000,0,0,0,0,108,8,0,8,100,5104,304,0,0,0,0,108,0,0,0,0,308,9400
2404,W3,1,1,5,5,0,0,0,0,0,0,0,100,100,0,0,0,0,0,100,100,0,0.000000,0,9904,0.000000,0,0,0,0,108,8,0,8,100,5104,304,0,0,0,0,108,0,0,0,0,297,9400
2405,W3,1,1,5,5,0,0,0,0,0,0,0,100,100,0,0,0,0,0,100,100,0,0.000000,0,9904,0.000000,0,0,0,0,108,8,0,8,100,5104,304,0,0,0,0,108,0,0,0,0,293,9400
2406,W3,1,1,5,5,0,0,0,0,0,0,0,100,100,0,0,0,0,0,100,100,0,0.000000,0,9904,0.000000,0,0,0,0,108,8,0,8,100,5104,304,0,0,0,0,108,0,0,0,0,323,9400
2407,W3,1,1,5,5,0,0,0,0,0,0,0,100,100,0,0,0,0,0,100,100,0,0.000000,0,9904,0.000000,0,0,0,0,108,8,0,8,100,5104,304,0,0,0,0,108,0,0,0,0,344,9400
2408,W3,1,1,5,5,0,0,0,0,0,0,0,100,100,100,0,0,0,0,100,100,100,100.000000,1600,9904,16.155089,10,10,10,10,108,8,0,8,100,5104,304,0,0,0,0,108,0,0,0,0,325,9400
2409,W3,1,1,5,5,0,0,0,0,0,0,0,100,100,0,0,0,0,0,100,100,0,0.000000,0,9904,0.000000,0,0,0,0,108,8,0,8,100,5104,304,0,0,0,0,108,0,0,0,0,294,9400
2410,W3,1,1,5,5,0,0,0,0,0,0,0,100,100,0,0,0,0,0,100,100,0,0.000000,0,9904,0.000000,0,0,0,0,108,8,0,8,100,5104,304,0,0,0,0,108,0,0,0,0,296,9400
2411,W3,1,1,5,5,0,0,0,0,0,0,0,100,100,0,0,0,0,0,100,100,0,0.000000,0,9904,0.000000,0,0,0,0,108,8,0,8,100,5104,304,0,0,0,0,108,0,0,0,0,306,9400
2412,W3,1,1,5,5,0,0,0,0,0,0,0,100,100,0,0,0,0,0,100,100,0,0.000000,0,9904,0.000000,0,0,0,0,108,8,0,8,100,5104,304,0,0,0,0,108,0,0,0,0,307,9400
2413,W3,1,1,5,5,0,0,0,0,0,0,0,100,100,0,0,0,0,0,100,100,0,0.000000,0,9904,0.000000,0,0,0,0,108,8,0,8,100,5104,304,0,0,0,0,108,0,0,0,0,321,9400
2414,W3,1,1,5,5,0,0,0,0,0,0,0,100,100,0,0,0,0,0,100,100,0,0.000000,0,9904,0.000000,0,0,0,0,108,8,0,8,100,5104,304,0,0,0,0,108,0,0,0,0,328,9400
2415,W3,1,1,5,5,0,0,0,0,0,0,0,100,100,0,0,0,0,0,100,100,0,0.000000,0,9904,0.000000,0,0,0,0,108,8,0,8,100,5104,304,0,0,0,0,108,0,0,0,0,325,9400
2416,W3,1,1,5,5,0,0,0,0,0,0,0,100,100,0,0,0,0,0,100,100,0,0.000000,0,9904,0.000000,0,0,0,0,108,8,0,8,100,5104,304,0,0,0,0,108,0,0,0,0,305,9400
2417,W3,1,1,5,5,0,0,0,0,0,0,0,100,100,100,0,0,0,0,100,100,100,100.000000,1600,9904,16.155089,10,10,10,10,108,8,0,8,100,5104,304,0,0,0,0,108,0,0,0,0,295,9400
2418,W3,1,1,5,5,0,0,0,0,0,0,0,100,100,0,0,0,0,0,100,100,0,0.000000,0,9904,0.000000,0,0,0,0,108,8,0,8,100,5104,304,0,0,0,0,108,0,0,0,0,305,9400
2419,W3,1,1,5,5,0,0,0,0,0,0,0,100,100,0,0,0,0,0,100,100,0,0.000000,0,9904,0.000000,0,0,0,0,108,8,0,8,100,5104,304,0,0,0,0,108,0,0,0,0,294,9400
2420,W3,1,1,5,5,0,0,0,0,0,0,0,100,100,0,0,0,0,0,100,100,0,0.000000,0,9904,0.000000,0,0,0,0,108,8,0,8,100,5104,304,0,0,0,0,108,0,0,0,0,293,9400
2421,W3,1,1,5,5,0,0,0,0,0,0,0,100,100,0,0,0,0,0,100,100,0,0.000000,0,9904,0.000000,0,0,0,0,108,8,0,8,100,5104,304,0,0,0,0,108,0,0,0,0,317,9400
2422,W3,1,1,5,5,0,0,0,0,0,0,0,100,100,0,0,0,0,0,100,100,0,0.000000,0,9904,0.000000,0,0,0,0,108,8,0,8,100,5104,304,0,0,0,0,108,0,0,0,0,310,9400
2423,W3,1,1,5,5,0,0,0,0,0,0,0,100,100,0,0,0,0,0,100,100,0,0.000000,0,9904,0.000000,0,0,0,0,108,8,0,8,100,5104,304,0,0,0,0,108,0,0,0,0,347,9400
2424,W3,1,1,5,5,0,0,0,0,0,0,0,100,100,0,0,0,0,0,100,100,0,0.000000,0,9904,0.000000,0,0,0,0,108,8,0,8,100,5104,304,0,0,0,0,108,0,0,0,0,312,9400
2425,W3,1,1,5,5,0,0,0,0,0,0,0,100,100,0,0,0,0,0,100,100,0,0.000000,0,9904,0.000000,0,0,0,0,108,8,0,8,100,5104,304,0,0,0,0,108,0,0,0,0,287,9400
2426,W3,1,1,5,5,0,0,0,0,0,0,0,100,100,100,0,0,0,0,100,100,100,100.000000,1600,9904,16.155089,10,10,10,10,108,8,0,8,100,5104,304,0,0,0,0,108,0,0,0,0,304,9400
2427,W3,1,1,5,5,0,0,0,0,0,0,0,100,100,0,0,0,0,0,100,100,0,0.000000,0,9904,0.000000,0,0,0,0,108,8,0,8,100,5104,304,0,0,0,0,108,0,0,0,0,286,9400
2428,W3,1,1,5,5,0,0,0,0,0,0,0,100,100,0,0,0,0,0,100,100,0,0.000000,0,9904,0.000000,0,0,0,0,108,8,0,8,100,5104,304,0,0,0,0,108,0,0,0,0,290,9400
2429,W3,1,1,5,5,0,0,0,0,0,0,0,100,100,0,0,0,0,0,100,100,0,0.000000,0,9904,0.000000,0,0,0,0,108,8,0,8,100,5104,304,0,0,0,0,108,0,0,0,0,290,9400
2430,W3,1,1,5,5,0,0,0,0,0,0,0,100,100,0,0,0,0,0,100,100,0,0.000000,0,9904,0.000000,0,0,0,0,108,8,0,8,100,5104,304,0,0,0,0,108,0,0,0,0,292,9400
2431,W3,1,1,5,5,0,0,0,0,0,0,0,100,100,0,0,0,0,0,100,100,0,0.000000,0,9904,0.000000,0,0,0,0,108,8,0,8,100,5104,304,0,0,0,0,108,0,0,0,0,305,9400
2432,W3,1,1,5,5,0,0,0,0,0,0,0,100,100,0,0,0,0,0,100,100,0,0.000000,0,9904,0.000000,0,0,0,0,108,8,0,8,100,5104,304,0,0,0,0,108,0,0,0,0,312,9400
2433,W3,1,1,5,5,0,0,0,0,0,0,0,100,100,0,0,0,0,0,100,100,0,0.000000,0,9904,0.000000,0,0,0,0,108,8,0,8,100,5104,304,0,0,0,0,108,0,0,0,0,282,9400
2434,W3,1,1,5,5,0,0,0,0,0,0,0,100,100,0,0,0,0,0,100,100,0,0.000000,0,9904,0.000000,0,0,0,0,108,8,0,8,100,5104,304,0,0,0,0,108,0,0,0,0,284,9400
2435,W3,1,1,5,5,0,0,0,0,0,0,0,100,100,100,0,0,0,0,100,100,100,100.000000,1600,9904,16.155089,10,10,10,10,108,8,0,8,100,5104,304,0,0,0,0,108,0,0,0,0,344,9400
2436,W3,1,1,5,5,0,0,0,0,0,0,0,100,100,0,0,0,0,0,100,100,0,0.000000,0,9904,0.000000,0,0,0,0,108,8,0,8,100,5104,304,0,0,0,0,108,0,0,0,0,320,9400
2437,W3,1,1,5,5,0,0,0,0,0,0,0,100,100,0,0,0,0,0,100,100,0,0.000000,0,9904,0.000000,0,0,0,0,108,8,0,8,100,5104,304,0,0,0,0,108,0,0,0,0,304,9400
2438,W3,1,1,5,5,0,0,0,0,0,0,0,100,100,0,0,0,0,0,100,100,0,0.000000,0,9904,0.000000,0,0,0,0,108,8,0,8,100,5104,304,0,0,0,0,108,0,0,0,0,317,9400
2439,W3,1,1,5,5,0,0,0,0,0,0,0,100,100,0,0,0,0,0,100,100,0,0.000000,0,9904,0.000000,0,0,0,0,108,8,0,8,100,5104,304,0,0,0,0,108,0,0,0,0,327,9400
2440,W3,1,1,5,5,0,0,0,0,0,0,0,100,100,0,0,0,0,0,100,100,0,0.000000,0,9904,0.000000,0,0,0,0,108,8,0,8,100,5104,304,0,0,0,0,108,0,0,0,0,282,9400
2441,W3,1,1,5,5,0,0,0,0,0,0,0,100,100,0,0,0,0,0,100,100,0,0.000000,0,9904,0.000000,0,0,0,0,108,8,0,8,100,5104,304,0,0,0,0,108,0,0,0,0,290,9400
2442,W3,1,1,5,5,0,0,0,0,0,0,0,100,100,0,0,0,0,0,100,100,0,0.000000,0,9904,0.000000,0,0,0,0,108,8,0,8,100,5104,304,0,0,0,0,108,0,0,0,0,322,9400
2443,W3,1,1,5,5,0,0,0,0,0,0,0,100,100,0,0,0,0,0,100,100,0,0.000000,0,9904,0.000000,0,0,0,0,108,8,0,8,100,5104,304,0,0,0,0,108,0,0,0,0,303,9400
2444,W3,1,1,5,5,0,0,0,0,0,0,0,100,100,100,0,0,0,0,100,100,100,100.000000,1600,9904,16.155089,10,10,10,10,108,8,0,8,100,5104,304,0,0,0,0,108,0,0,0,0,307,9400
2445,W3,1,1,5,5,0,0,0,0,0,0,0,100,100,0,0,0,0,0,100,100,0,0.000000,0,9904,0.000000,0,0,0,0,108,8,0,8,100,5104,304,0,0,0,0,108,0,0,0,0,285,9400
2446,W3,1,1,5,5,0,0,0,0,0,0,0,100,100,0,0,0,0,0,100,100,0,0.000000,0,9904,0.000000,0,0,0,0,108,8,0,8,100,5104,304,0,0,0,0,108,0,0,0,0,325,9400
2447,W3,1,1,5,5,0,0,0,0,0,0,0,100,100,0,0,0,0,0,100,100,0,0.000000,0,9904,0.000000,0,0,0,0,108,8,0,8,100,5104,304,0,0,0,0,108,0,0,0,0,287,9400
2448,W3,1,1,5,5,0,0,0,0,0,0,0,100,100,0,0,0,0,0,100,100,0,0.000000,0,9904,0.000000,0,0,0,0,108,8,0,8,100,5104,304,0,0,0,0,108,0,0,0,0,318,9400
2449,W3,1,1,5,5,0,0,0,0,0,0,0,100,100,0,0,0,0,0,100,100,0,0.000000,0,9904,0.000000,0,0,0,0,108,8,0,8,100,5104,304,0,0,0,0,108,0,0,0,0,309,9400
2450,W3,1,1,5,5,0,0,0,0,0,0,0,100,100,0,0,0,0,0,100,100,0,0.000000,0,9904,0.000000,0,0,0,0,108,8,0,8,100,5104,304,0,0,0,0,108,0,0,0,0,333,9400
2451,W3,1,1,5,5,0,0,0,0,0,0,0,100,100,0,0,0,0,0,100,100,0,0.000000,0,9904,0.000000,0,0,0,0,108,8,0,8,100,5104,304,0,0,0,0,108,0,0,0,0,289,9400
2452,W3,1,1,5,5,0,0,0,0,0,0,0,100,100,0,0,0,0,0,100,100,0,0.000000,0,9904,0.000000,0,0,0,0,108,8,0,8,100,5104,304,0,0,0,0,108,0,0,0,0,343,9400
2453,W3,1,1,5,5,0,0,0,0,0,0,0,100,100,100,0,0,0,0,100,100,100,100.000000,1600,9904,16.155089,10,10,10,10,108,8,0,8,100,5104,304,0,0,0,0,108,0,0,0,0,312,9400
2454,W3,1,1,5,5,0,0,0,0,0,0,0,100,100,0,0,0,0,0,100,100,0,0.000000,0,9904,0.000000,0,0,0,0,108,8,0,8,100,5104,304,0,0,0,0,108,0,0,0,0,295,9400
2455,W3,1,1,5,5,0,0,0,0,0,0,0,100,100,0,0,0,0,0,100,100,0,0.000000,0,9904,0.000000,0,0,0,0,108,8,0,8,100,5104,304,0,0,0,0,108,0,0,0,0,295,9400
2456,W3,1,1,5,5,0,0,0,0,0,0,0,100,100,0,0,0,0,0,100,100,0,0.000000,0,9904,0.000000,0,0,0,0,108,8,0,8,100,5104,304,0,0,0,0,108,0,0,0,0,291,9400
2457,W3,1,1,5,5,0,0,0,0,0,0,0,100,100,0,0,0,0,0,100,100,0,0.000000,0,9904,0.000000,0,0,0,0,108,8,0,8,100,5104,304,0,0,0,0,108,0,0,0,0,298,9400
2458,W3,1,1,5,5,0,0,0,0,0,0,0,100,100,0,0,0,0,0,100,100,0,0.000000,0,9904,0.000000,0,0,0,0,108,8,0,8,100,5104,304,0,0,0,0,108,0,0,0,0,333,9400
2459,W3,1,1,5,5,0,0,0,0,0,0,0,100,100,0,0,0,0,0,100,100,0,0.000000,0,9904,0.000000,0,0,0,0,108,8,0,8,100,5104,304,0,0,0,0,108,0,0,0,0,294,9400
2460,W3,1,1,5,5,0,0,0,0,0,0,0,100,100,0,0,0,0,0,100,100,0,0.000000,0,9904,0.000000,0,0,0,0,108,8,0,8,100,5104,304,0,0,0,0,108,0,0,0,0,304,9400
2461,W3,1,1,5,5,0,0,0,0,0,0,0,100,100,0,0,0,0,0,100,100,0,0.000000,0,9904,0.000000,0,0,0,0,108,8,0,8,100,5104,304,0,0,0,0,108,0,0,0,0,281,9400
2462,W3,1,1,5,5,0,0,0,0,0,0,0,100,100,100,0,0,0,0,100,100,100,100.000000,1600,9904,16.155089,10,10,10,10,108,8,0,8,100,5104,304,0,0,0,0,108,0,0,0,0,304,9400
2463,W3,1,1,5,5,0,0,0,0,0,0,0,100,100,0,0,0,0,0,100,100,0,0.000000,0,9904,0.000000,0,0,0,0,108,8,0,8,100,5104,304,0,0,0,0,108,0,0,0,0,291,9400
2464,W3,1,1,5,5,0,0,0,0,0,0,0,100,100,0,0,0,0,0,100,100,0,0.000000,0,9904,0.000000,0,0,0,0,108,8,0,8,100,5104,304,0,0,0,0,108,0,0,0,0,312,9400
2465,W3,1,1,5,5,0,0,0,0,0,0,0,100,100,0,0,0,0,0,100,100,0,0.000000,0,9904,0.000000,0,0,0,0,108,8,0,8,100,5104,304,0,0,0,0,108,0,0,0,0,296,9400
2466,W3,1,1,5,5,0,0,0,0,0,0,0,100,100,0,0,0,0,0,100,100,0,0.000000,0,9904,0.000000,0,0,0,0,108,8,0,8,100,5104,304,0,0,0,0,108,0,0,0,0,312,9400
2467,W3,1,1,5,5,0,0,0,0,0,0,0,100,100,0,0,0,0,0,100,100,0,0.000000,0,9904,0.000000,0,0,0,0,108,8,0,8,100,5104,304,0,0,0,0,108,0,0,0,0,326,9400
2468,W3,1,1,5,5,0,0,0,0,0,0,0,100,100,0,0,0,0,0,100,100,0,0.000000,0,9904,0.000000,0,0,0,0,108,8,0,8,100,5104,304,0,0,0,0,108,0,0,0,0,339,9400
2469,W3,1,1,5,5,0,0,0,0,0,0,0,100,100,0,0,0,0,0,100,100,0,0.000000,0,9904,0.000000,0,0,0,0,108,8,0,8,100,5104,304,0,0,0,0,108,0,0,0,0,309,9400
2470,W3,1,1,5,5,0,0,0,0,0,0,0,100,100,0,0,0,0,0,100,100,0,0.000000,0,9904,0.000000,0,0,0,0,108,8,0,8,100,5104,304,0,0,0,0,108,0,0,0,0,299,9400
2471,W3,1,1,5,5,0,0,0,0,0,0,0,100,100,100,0,0,0,0,100,100,100,100.000000,1600,9904,16.155089,10,10,10,10,108,8,0,8,100,5104,304,0,0,0,0,108,0,0,0,0,326,9400
2472,W3,1,1,5,5,0,0,0,0,0,0,0,100,100,0,0,0,0,0,100,100,0,0.000000,0,9904,0.000000,0,0,0,0,108,8,0,8,100,5104,304,0,0,0,0,108,0,0,0,0,343,9400
2473,W3,1,1,5,5,0,0,0,0,0,0,0,100,100,0,0,0,0,0,100,100,0,0.000000,0,9904,0.000000,0,0,0,0,108,8,0,8,100,5104,304,0,0,0,0,108,0,0,0,0,285,9400
2474,W3,1,1,5,5,0,0,0,0,0,0,0,100,100,0,0,0,0,0,100,100,0,0.000000,0,9904,0.000000,0,0,0,0,108,8,0,8,100,5104,304,0,0,0,0,108,0,0,0,0,287,9400
2475,W3,1,1,5,5,0,0,0,0,0,0,0,100,100,0,0,0,0,0,100,100,0,0.000000,0,9904,0.000000,0,0,0,0,108,8,0,8,100,5104,304,0,0,0,0,108,0,0,0,0,282,9400
2476,W3,1,1,5,5,0,0,0,0,0,0,0,100,100,0,0,0,0,0,100,100,0,0.000000,0,9904,0.000000,0,0,0,0,108,8,0,8,100,5104,304,0,0,0,0,108,0,0,0,0,297,9400
2477,W3,1,1,5,5,0,0,0,0,0,0,0,100,100,0,0,0,0,0,100,100,0,0.000000,0,9904,0.000000,0,0,0,0,108,8,0,8,100,5104,304,0,0,0,0,108,0,0,0,0,297,9400
2478,W3,1,1,5,5,0,0,0,0,0,0,0,100,100,0,0,0,0,0,100,100,0,0.000000,0,9904,0.000000,0,0,0,0,108,8,0,8,100,5104,304,0,0,0,0,108,0,0,0,0,284,9400
2479,W3,1,1,5,5,0,0,0,0,0,0,0,100,100,0,0,0,0,0,100,100,0,0.000000,0,9904,0.000000,0,0,0,0,108,8,0,8,100,5104,304,0,0,0,0,108,0,0,0,0,293,9400
2480,W3,1,1,5,5,0,0,0,0,0,0,0,100,100,100,0,0,0,0,100,100,100,100.000000,1600,9904,16.155089,10,10,10,10,108,8,0,8,100,5104,304,0,0,0,0,108,0,0,0,0,297,9400
2481,W3,1,1,5,5,0,0,0,0,0,0,0,100,100,0,0,0,0,0,100,100,0,0.000000,0,9904,0.000000,0,0,0,0,108,8,0,8,100,5104,304,0,0,0,0,108,0,0,0,0,322,9400
2482,W3,1,1,5,5,0,0,0,0,0,0,0,100,100,0,0,0,0,0,100,100,0,0.000000,0,9904,0.000000,0,0,0,0,108,8,0,8,100,5104,304,0,0,0,0,108,0,0,0,0,298,9400
2483,W3,1,1,5,5,0,0,0,0,0,0,0,100,100,0,0,0,0,0,100,100,0,0.000000,0,9904,0.000000,0,0,0,0,108,8,0,8,100,5104,304,0,0,0,0,108,0,0,0,0,314,9400
2484,W3,1,1,5,5,0,0,0,0,0,0,0,100,100,0,0,0,0,0,100,100,0,0.000000,0,9904,0.000000,0,0,0,0,108,8,0,8,100,5104,304,0,0,0,0,108,0,0,0,0,300,9400
2485,W3,1,1,5,5,0,0,0,0,0,0,0,100,100,0,0,0,0,0,100,100,0,0.000000,0,9904,0.000000,0,0,0,0,108,8,0,8,100,5104,304,0,0,0,0,108,0,0,0,0,304,9400
2486,W3,1,1,5,5,0,0,0,0,0,0,0,100,100,0,0,0,0,0,100,100,0,0.000000,0,9904,0.000000,0,0,0,0,108,8,0,8,100,5104,304,0,0,0,0,108,0,0,0,0,313,9400
2487,W3,1,1,5,5,0,0,0,0,0,0,0,100,100,0,0,0,0,0,100,100,0,0.000000,0,9904,0.000000,0,0,0,0,108,8,0,8,100,5104,304,0,0,0,0,108,0,0,0,0,304,9400
2488,W3,1,1,5,5,0,0,0,0,0,0,0,100,100,0,0,0,0,0,100,100,0,0.000000,0,9904,0.000000,0,0,0,0,108,8,0,8,100,5104,304,0,0,0,0,108,0,0,0,0,319,9400
2489,W3,1,1,5,5,0,0,0,0,0,0,0,100,100,100,0,0,0,0,100,100,100,100.000000,1600,9904,16.155089,10,10,10,10,108,8,0,8,100,5104,304,0,0,0,0,108,0,0,0,0,296,9400
2490,W3,1,1,5,5,0,0,0,0,0,0,0,100,100,0,0,0,0,0,100,100,0,0.000000,0,9904,0.000000,0,0,0,0,108,8,0,8,100,5104,304,0,0,0,0,108,0,0,0,0,297,9400
2491,W3,1,1,5,5,0,0,0,0,0,0,0,100,100,0,0,0,0,0,100,100,0,0.000000,0,9904,0.000000,0,0,0,0,108,8,0,8,100,5104,304,0,0,0,0,108,0,0,0,0,319,9400
2492,W3,1,1,5,5,0,0,0,0,0,0,0,100,100,0,0,0,0,0,100,100,0,0.000000,0,9904,0.000000,0,0,0,0,108,8,0,8,100,5104,304,0,0,0,0,108,0,0,0,0,298,9400
2493,W3,1,1,5,5,0,0,0,0,0,0,0,100,100,0,0,0,0,0,100,100,0,0.000000,0,9904,0.000000,0,0,0,0,108,8,0,8,100,5104,304,0,0,0,0,108,0,0,0,0,315,9400
2494,W3,1,1,5,5,0,0,0,0,0,0,0,100,100,0,0,0,0,0,100,100,0,0.000000,0,9904,0.000000,0,0,0,0,108,8,0,8,100,5104,304,0,0,0,0,108,0,0,0,0,320,9400
2495,W3,1,1,5,5,0,0,0,0,0,0,0,100,100,0,0,0,0,0,100,100,0,0.000000,0,9904,0.000000,0,0,0,0,108,8,0,8,100,5104,304,0,0,0,0,108,0,0,0,0,309,9400
2496,W3,1,1,5,5,0,0,0,0,0,0,0,100,100,0,0,0,0,0,100,100,0,0.000000,0,9904,0.000000,0,0,0,0,108,8,0,8,100,5104,304,0,0,0,0,108,0,0,0,0,301,9400
2497,W3,1,1,5,5,0,0,0,0,0,0,0,100,100,0,0,0,0,0,100,100,0,0.000000,0,9904,0.000000,0,0,0,0,108,8,0,8,100,5104,304,0,0,0,0,108,0,0,0,0,293,9400
2498,W3,1,1,5,5,0,0,0,0,0,0,0,100,100,100,0,0,0,0,100,100,100,100.000000,1600,9904,16.155089,10,10,10,10,108,8,0,8,100,5104,304,0,0,0,0,108,0,0,0,0,304,9400
2499,W3,1,1,5,5,0,0,0,0,0,0,0,100,100,0,0,0,0,0,100,100,0,0.000000,0,9904,0.000000,0,0,0,0,108,8,0,8,100,5104,304,0,0,0,0,108,0,0,0,0,294,9400
2500,W3,1,1,5,5,0,0,0,0,0,0,0,100,100,0,0,0,0,0,100,100,0,0.000000,0,9904,0.000000,0,0,0,0,108,8,0,8,100,5104,304,0,0,0,0,108,0,0,0,0,340,9400
2501,W3,1,1,5,5,0,0,0,0,0,0,0,100,100,0,0,0,0,0,100,100,0,0.000000,0,9904,0.000000,0,0,0,0,108,8,0,8,100,5104,304,0,0,0,0,108,0,0,0,0,296,9400
2502,W3,1,1,5,5,0,0,0,0,0,0,0,100,100,0,0,0,0,0,100,100,0,0.000000,0,9904,0.000000,0,0,0,0,108,8,0,8,100,5104,304,0,0,0,0,108,0,0,0,0,303,9400
2503,W3,1,1,5,5,0,0,0,0,0,0,0,100,100,0,0,0,0,0,100,100,0,0.000000,0,9904,0.000000,0,0,0,0,108,8,0,8,100,5104,304,0,0,0,0,108,0,0,0,0,308,9400
2504,W3,1,1,5,5,0,0,0,0,0,0,0,100,100,0,0,0,0,0,100,100,0,0.000000,0,9904,0.000000,0,0,0,0,108,8,0,8,100,5104,304,0,0,0,0,108,0,0,0,0,299,9400
2505,W3,1,1,5,5,0,0,0,0,0,0,0,100,100,0,0,0,0,0,100,100,0,0.000000,0,9904,0.000000,0,0,0,0,108,8,0,8,100,5104,304,0,0,0,0,108,0,0,0,0,297,9400
2506,W3,1,1,5,5,0,0,0,0,0,0,0,100,100,0,0,0,0,0,100,100,0,0.000000,0,9904,0.000000,0,0,0,0,108,8,0,8,100,5104,304,0,0,0,0,108,0,0,0,0,327,9400
2507,W3,1,1,5,5,0,0,0,0,0,0,0,100,100,100,0,0,0,0,100,100,100,100.000000,1600,9904,16.155089,10,10,10,10,108,8,0,8,100,5104,304,0,0,0,0,108,0,0,0,0,320,9400
2508,W3,1,1,5,5,0,0,0,0,0,0,0,100,100,0,0,0,0,0,100,100,0,0.000000,0,9904,0.000000,0,0,0,0,108,8,0,8,100,5104,304,0,0,0,0,108,0,0,0,0,290,9400
2509,W3,1,1,5,5,0,0,0,0,0,0,0,100,100,0,0,0,0,0,100,100,0,0.000000,0,9904,0.000000,0,0,0,0,108,8,0,8,100,5104,304,0,0,0,0,108,0,0,0,0,296,9400
2510,W3,1,1,5,5,0,0,0,0,0,0,0,100,100,0,0,0,0,0,100,100,0,0.000000,0,9904,0.000000,0,0,0,0,108,8,0,8,100,5104,304,0,0,0,0,108,0,0,0,0,305,9400
2511,W3,1,1,5,5,0,0,0,0,0,0,0,100,100,0,0,0,0,0,100,100,0,0.000000,0,9904,0.000000,0,0,0,0,108,8,0,8,100,5104,304,0,0,0,0,108,0,0,0,0,279,9400
2512,W3,1,1,5,5,0,0,0,0,0,0,0,100,100,0,0,0,0,0,100,100,0,0.000000,0,9904,0.000000,0,0,0,0,108,8,0,8,100,5104,304,0,0,0,0,108,0,0,0,0,340,9400
2513,W3,1,1,5,5,0,0,0,0,0,0,0,100,100,0,0,0,0,0,100,100,0,0.000000,0,9904,0.000000,0,0,0,0,108,8,0,8,100,5104,304,0,0,0,0,108,0,0,0,0,292,9400
2514,W3,1,1,5,5,0,0,0,0,0,0,0,100,100,0,0,0,0,0,100,100,0,0.000000,0,9904,0.000000,0,0,0,0,108,8,0,8,100,5104,304,0,0,0,0,108,0,0,0,0,332,9400
2515,W3,1,1,5,5,0,0,0,0,0,0,0,100,100,0,0,0,0,0,100,100,0,0.000000,0,9904,0.000000,0,0,0,0,108,8,0,8,100,5104,304,0,0,0,0,108,0,0,0,0,288,9400
2516,W3,1,1,5,5,0,0,0,0,0,0,0,100,100,100,0,0,0,0,100,100,100,100.000000,1600,9904,16.155089,10,10,10,10,108,8,0,8,100,5104,304,0,0,0,0,108,0,0,0,0,297,9400
2517,W3,1,1,5,5,0,0,0,0,0,0,0,100,100,0,0,0,0,0,100,100,0,0.000000,0,9904,0.000000,0,0,0,0,108,8,0,8,100,5104,304,0,0,0,0,108,0,0,0,0,327,9400
2518,W3,1,1,5,5,0,0,0,0,0,0,0,100,100,0,0,0,0,0,100,100,0,0.000000,0,9904,0.000000,0,0,0,0,108,8,0,8,100,5104,304,0,0,0,0,108,0,0,0,0,303,9400
2519,W3,1,1,5,5,0,0,0,0,0,0,0,100,100,0,0,0,0,0,100,100,0,0.000000,0,9904,0.000000,0,0,0,0,108,8,0,8,100,5104,304,0,0,0,0,108,0,0,0,0,309,9400
2520,W3,1,1,5,5,0,0,0,0,0,0,0,100,100,0,0,0,0,0,100,100,0,0.000000,0,9904,0.000000,0,0,0,0,108,8,0,8,100,5104,304,0,0,0,0,108,0,0,0,0,296,9400
2521,W3,1,1,5,5,0,0,0,0,0,0,0,100,100,0,0,0,0,0,100,100,0,0.000000,0,9904,0.000000,0,0,0,0,108,8,0,8,100,5104,304,0,0,0,0,108,0,0,0,0,315,9400
2522,W3,1,1,5,5,0,0,0,0,0,0,0,100,100,0,0,0,0,0,100,100,0,0.000000,0,9904,0.000000,0,0,0,0,108,8,0,8,100,5104,304,0,0,0,0,108,0,0,0,0,300,9400
2523,W3,1,1,5,5,0,0,0,0,0,0,0,100,100,0,0,0,0,0,100,100,0,0.000000,0,9904,0.000000,0,0,0,0,108,8,0,8,100,5104,304,0,0,0,0,108,0,0,0,0,306,9400
2524,W3,1,1,5,5,0,0,0,0,0,0,0,100,100,0,0,0,0,0,100,100,0,0.000000,0,9904,0.000000,0,0,0,0,108,8,0,8,100,5104,304,0,0,0,0,108,0,0,0,0,333,9400
2525,W3,1,1,5,5,0,0,0,0,0,0,0,100,100,100,0,0,0,0,100,100,100,100.000000,1600,9904,16.155089,10,10,10,10,108,8,0,8,100,5104,304,0,0,0,0,108,0,0,0,0,292,9400
2526,W3,1,1,5,5,0,0,0,0,0,0,0,100,100,0,0,0,0,0,100,100,0,0.000000,0,9904,0.000000,0,0,0,0,108,8,0,8,100,5104,304,0,0,0,0,108,0,0,0,0,329,9400
2527,W3,1,1,5,5,0,0,0,0,0,0,0,100,100,0,0,0,0,0,100,100,0,0.000000,0,9904,0.000000,0,0,0,0,108,8,0,8,100,5104,304,0,0,0,0,108,0,0,0,0,297,9400
2528,W3,1,1,5,5,0,0,0,0,0,0,0,100,100,0,0,0,0,0,100,100,0,0.000000,0,9904,0.000000,0,0,0,0,108,8,0,8,100,5104,304,0,0,0,0,108,0,0,0,0,299,9400
2529,W3,1,1,5,5,0,0,0,0,0,0,0,100,100,0,0,0,0,0,100,100,0,0.000000,0,9904,0.000000,0,0,0,0,108,8,0,8,100,5104,304,0,0,0,0,108,0,0,0,0,326,9400
2530,W3,1,1,5,5,0,0,0,0,0,0,0,100,100,0,0,0,0,0,100,100,0,0.000000,0,9904,0.000000,0,0,0,0,108,8,0,8,100,5104,304,0,0,0,0,108,0,0,0,0,307,9400
2531,W3,1,1,5,5,0,0,0,0,0,0,0,100,100,0,0,0,0,0,100,100,0,0.000000,0,9904,0.000000,0,0,0,0,108,8,0,8,100,5104,304,0,0,0,0,108,0,0,0,0,353,9400
2532,W3,1,1,5,5,0,0,0,0,0,0,0,100,100,0,0,0,0,0,100,100,0,0.000000,0,9904,0.000000,0,0,0,0,108,8,0,8,100,5104,304,0,0,0,0,108,0,0,0,0,296,9400
2533,W3,1,1,5,5,0,0,0,0,0,0,0,100,100,0,0,0,0,0,100,100,0,0.000000,0,9904,0.000000,0,0,0,0,108,8,0,8,100,5104,304,0,0,0,0,108,0,0,0,0,301,9400
2534,W3,1,1,5,5,0,0,0,0,0,0,0,100,100,100,0,0,0,0,100,100,100,100.000000,1600,9904,16.155089,10,10,10,10,108,8,0,8,100,5104,304,0,0,0,0,108,0,0,0,0,301,9400
2535,W3,1,1,5,5,0,0,0,0,0,0,0,100,100,0,0,0,0,0,100,100,0,0.000000,0,9904,0.000000,0,0,0,0,108,8,0,8,100,5104,304,0,0,0,0,108,0,0,0,0,298,9400
2536,W3,1,1,5,5,0,0,0,0,0,0,0,100,100,0,0,0,0,0,100,100,0,0.000000,0,9904,0.000000,0,0,0,0,108,8,0,8,100,5104,304,0,0,0,0,108,0,0,0,0,283,9400
2537,W3,1,1,5,5,0,0,0,0,0,0,0,100,100,0,0,0,0,0,100,100,0,0.000000,0,9904,0.000000,0,0,0,0,108,8,0,8,100,5104,304,0,0,0,0,108,0,0,0,0,287,9400
2538,W3,1,1,5,5,0,0,0,0,0,0,0,100,100,0,0,0,0,0,100,100,0,0.000000,0,9904,0.000000,0,0,0,0,108,8,0,8,100,5104,304,0,0,0,0,108,0,0,0,0,306,9400
2539,W3,1,1,5,5,0,0,0,0,0,0,0,100,100,0,0,0,0,0,100,100,0,0.000000,0,9904,0.000000,0,0,0,0,108,8,0,8,100,5104,304,0,0,0,0,108,0,0,0,0,310,9400
2540,W3,1,1,5,5,0,0,0,0,0,0,0,100,100,0,0,0,0,0,100,100,0,0.000000,0,9904,0.000000,0,0,0,0,108,8,0,8,100,5104,304,0,0,0,0,108,0,0,0,0,285,9400
2541,W3,1,1,5,5,0,0,0,0,0,0,0,100,100,0,0,0,0,0,100,100,0,0.000000,0,9904,0.000000,0,0,0,0,108,8,0,8,100,5104,304,0,0,0,0,108,0,0,0,0,277,9400
2542,W3,1,1,5,5,0,0,0,0,0,0,0,100,100,0,0,0,0,0,100,100,0,0.000000,0,9904,0.000000,0,0,0,0,108,8,0,8,100,5104,304,0,0,0,0,108,0,0,0,0,287,9400
2543,W3,1,1,5,5,0,0,0,0,0,0,0,100,100,100,0,0,0,0,100,100,100,100.000000,1600,9904,16.155089,10,10,10,10,108,8,0,8,100,5104,304,0,0,0,0,108,0,0,0,0,293,9400
2544,W3,1,1,5,5,0,0,0,0,0,0,0,100,100,0,0,0,0,0,100,100,0,0.000000,0,9904,0.000000,0,0,0,0,108,8,0,8,100,5104,304,0,0,0,0,108,0,0,0,0,294,9400
2545,W3,1,1,5,5,0,0,0,0,0,0,0,100,100,0,0,0,0,0,100,100,0,0.000000,0,9904,0.000000,0,0,0,0,108,8,0,8,100,5104,304,0,0,0,0,108,0,0,0,0,276,9400
2546,W3,1,1,5,5,0,0,0,0,0,0,0,100,100,0,0,0,0,0,100,100,0,0.000000,0,9904,0.000000,0,0,0,0,108,8,0,8,100,5104,304,0,0,0,0,108,0,0,0,0,290,9400
2547,W3,1,1,5,5,0,0,0,0,0,0,0,100,100,0,0,0,0,0,100,100,0,0.000000,0,9904,0.000000,0,0,0,0,108,8,0,8,100,5104,304,0,0,0,0,108,0,0,0,0,276,9400
2548,W3,1,1,5,5,0,0,0,0,0,0,0,100,100,0,0,0,0,0,100,100,0,0.000000,0,9904,0.000000,0,0,0,0,108,8,0,8,100,5104,304,0,0,0,0,108,0,0,0,0,282,9400
2549,W3,1,1,5,5,0,0,0,0,0,0,0,100,100,0,0,0,0,0,100,100,0,0.000000,0,9904,0.000000,0,0,0,0,108,8,0,8,100,5104,304,0,0,0,0,108,0,0,0,0,282,9400
2550,W3,1,1,5,5,0,0,0,0,0,0,0,100,100,0,0,0,0,0,100,100,0,0.000000,0,9904,0.000000,0,0,0,0,108,8,0,8,100,5104,304,0,0,0,0,108,0,0,0,0,283,9400
2551,W3,1,1,5,5,0,0,0,0,0,0,0,100,100,0,0,0,0,0,100,100,0,0.000000,0,9904,0.000000,0,0,0,0,108,8,0,8,100,5104,304,0,0,0,0,108,0,0,0,0,281,9400
2552,W3,1,1,5,5,0,0,0,0,0,0,0,100,100,100,0,0,0,0,100,100,100,100.000000,1600,9904,16.155089,10,10,10,10,108,8,0,8,100,5104,304,0,0,0,0,108,0,0,0,0,273,9400
2553,W3,1,1,5,5,0,0,0,0,0,0,0,100,100,0,0,0,0,0,100,100,0,0.000000,0,9904,0.000000,0,0,0,0,108,8,0,8,100,5104,304,0,0,0,0,108,0,0,0,0,278,9400
2554,W3,1,1,5,5,0,0,0,0,0,0,0,100,100,0,0,0,0,0,100,100,0,0.000000,0,9904,0.000000,0,0,0,0,108,8,0,8,100,5104,304,0,0,0,0,108,0,0,0,0,276,9400
2555,W3,1,1,5,5,0,0,0,0,0,0,0,100,100,0,0,0,0,0,100,100,0,0.000000,0,9904,0.000000,0,0,0,0,108,8,0,8,100,5104,304,0,0,0,0,108,0,0,0,0,290,9400
2556,W3,1,1,5,5,0,0,0,0,0,0,0,100,100,0,0,0,0,0,100,100,0,0.000000,0,9904,0.000000,0,0,0,0,108,8,0,8,100,5104,304,0,0,0,0,108,0,0,0,0,309,9400
2557,W3,1,1,5,5,0,0,0,0,0,0,0,100,100,0,0,0,0,0,100,100,0,0.000000,0,9904,0.000000,0,0,0,0,108,8,0,8,100,5104,304,0,0,0,0,108,0,0,0,0,290,9400
2558,W3,1,1,5,5,0,0,0,0,0,0,0,100,100,0,0,0,0,0,100,100,0,0.000000,0,9904,0.000000,0,0,0,0,108,8,0,8,100,5104,304,0,0,0,0,108,0,0,0,0,295,9400
2559,W3,1,1,5,5,0,0,0,0,0,0,0,100,100,0,0,0,0,0,100,100,0,0.000000,0,9904,0.000000,0,0,0,0,108,8,0,8,100,5104,304,0,0,0,0,108,0,0,0,0,300,9400
2560,W3,1,1,5,5,0,0,0,0,0,0,0,100,100,0,0,0,0,0,100,100,0,0.000000,0,9904,0.000000,0,0,0,0,108,8,0,8,100,5104,304,0,0,0,0,108,0,0,0,0,302,9400
2561,W3,1,1,5,5,0,0,0,0,0,0,0,100,100,100,0,0,0,0,100,100,100,100.000000,1600,9904,16.155089,10,10,10,10,108,8,0,8,100,5104,304,0,0,0,0,108,0,0,0,0,313,9400
2562,W3,1,1,5,5,0,0,0,0,0,0,0,100,100,0,0,0,0,0,100,100,0,0.000000,0,9904,0.000000,0,0,0,0,108,8,0,8,100,5104,304,0,0,0,0,108,0,0,0,0,301,9400
2563,W3,1,1,5,5,0,0,0,0,0,0,0,100,100,0,0,0,0,0,100,100,0,0.000000,0,9904,0.000000,0,0,0,0,108,8,0,8,100,5104,304,0,0,0,0,108,0,0,0,0,323,9400
2564,W3,1,1,5,5,0,0,0,0,0,0,0,100,100,0,0,0,0,0,100,100,0,0.000000,0,9904,0.000000,0,0,0,0,108,8,0,8,100,5104,304,0,0,0,0,108,0,0,0,0,297,9400
2565,W3,1,1,5,5,0,0,0,0,0,0,0,100,100,0,0,0,0,0,100,100,0,0.000000,0,9904,0.000000,0,0,0,0,108,8,0,8,100,5104,304,0,0,0,0,108,0,0,0,0,281,9400
2566,W3,1,1,5,5,0,0,0,0,0,0,0,100,100,0,0,0,0,0,100,100,0,0.000000,0,9904,0.000000,0,0,0,0,108,8,0,8,100,5104,304,0,0,0,0,108,0,0,0,0,286,9400
2567,W3,1,1,5,5,0,0,0,0,0,0,0,100,100,0,0,0,0,0,100,100,0,0.000000,0,9904,0.000000,0,0,0,0,108,8,0,8,100,5104,304,0,0,0,0,108,0,0,0,0,322,9400
2568,W3,1,1,5,5,0,0,0,0,0,0,0,100,100,0,0,0,0,0,100,100,0,0.000000,0,9904,0.000000,0,0,0,0,108,8,0,8,100,5104,304,0,0,0,0,108,0,0,0,0,295,9400
2569,W3,1,1,5,5,0,0,0,0,0,0,0,100,100,0,0,0,0,0,100,100,0,0.000000,0,9904,0.000000,0,0,0,0,108,8,0,8,100,5104,304,0,0,0,0,108,0,0,0,0,289,9400
2570,W3,1,1,5,5,0,0,0,0,0,0,0,100,100,100,0,0,0,0,100,100,100,100.000000,1600,9904,16.155089,10,10,10,10,108,8,0,8,100,5104,304,0,0,0,0,108,0,0,0,0,298,9400
2571,W3,1,1,5,5,0,0,0,0,0,0,0,100,100,0,0,0,0,0,100,100,0,0.000000,0,9904,0.000000,0,0,0,0,108,8,0,8,100,5104,304,0,0,0,0,108,0,0,0,0,286,9400
2572,W3,1,1,5,5,0,0,0,0,0,0,0,100,100,0,0,0,0,0,100,100,0,0.000000,0,9904,0.000000,0,0,0,0,108,8,0,8,100,5104,304,0,0,0,0,108,0,0,0,0,290,9400
2573,W3,1,1,5,5,0,0,0,0,0,0,0,100,100,0,0,0,0,0,100,100,0,0.000000,0,9904,0.000000,0,0,0,0,108,8,0,8,100,5104,304,0,0,0,0,108,0,0,0,0,307,9400
2574,W3,1,1,5,5,0,0,0,0,0,0,0,100,100,0,0,0,0,0,100,100,0,0.000000,0,9904,0.000000,0,0,0,0,108,8,0,8,100,5104,304,0,0,0,0,108,0,0,0,0,288,9400
2575,W3,1,1,5,5,0,0,0,0,0,0,0,100,100,0,0,0,0,0,100,100,0,0.000000,0,9904,0.000000,0,0,0,0,108,8,0,8,100,5104,304,0,0,0,0,108,0,0,0,0,290,9400
2576,W3,1,1,5,5,0,0,0,0,0,0,0,100,100,0,0,0,0,0,100,100,0,0.000000,0,9904,0.000000,0,0,0,0,108,8,0,8,100,5104,304,0,0,0,0,108,0,0,0,0,322,9400
2577,W3,1,1,5,5,0,0,0,0,0,0,0,100,100,0,0,0,0,0,100,100,0,0.000000,0,9904,0.000000,0,0,0,0,108,8,0,8,100,5104,304,0,0,0,0,108,0,0,0,0,314,9400
2578,W3,1,1,5,5,0,0,0,0,0,0,0,100,100,0,0,0,0,0,100,100,0,0.000000,0,9904,0.000000,0,0,0,0,108,8,0,8,100,5104,304,0,0,0,0,108,0,0,0,0,313,9400
2579,W3,1,1,5,5,0,0,0,0,0,0,0,100,100,100,0,0,0,0,100,100,100,100.000000,1600,9904,16.155089,10,10,10,10,108,8,0,8,100,5104,304,0,0,0,0,108,0,0,0,0,336,9400
2580,W3,1,1,5,5,0,0,0,0,0,0,0,100,100,0,0,0,0,0,100,100,0,0.000000,0,9904,0.000000,0,0,0,0,108,8,0,8,100,5104,304,0,0,0,0,108,0,0,0,0,285,9400
2581,W3,1,1,5,5,0,0,0,0,0,0,0,100,100,0,0,0,0,0,100,100,0,0.000000,0,9904,0.000000,0,0,0,0,108,8,0,8,100,5104,304,0,0,0,0,108,0,0,0,0,282,9400
2582,W3,1,1,5,5,0,0,0,0,0,0,0,100,100,0,0,0,0,0,100,100,0,0.000000,0,9904,0.000000,0,0,0,0,108,8,0,8,100,5104,304,0,0,0,0,108,0,0,0,0,287,9400
2583,W3,1,1,5,5,0,0,0,0,0,0,0,100,100,0,0,0,0,0,100,100,0,0.000000,0,9904,0.000000,0,0,0,0,108,8,0,8,100,5104,304,0,0,0,0,108,0,0,0,0,292,9400
2584,W3,1,1,5,5,0,0,0,0,0,0,0,100,100,0,0,0,0,0,100,100,0,0.000000,0,9904,0.000000,0,0,0,0,108,8,0,8,100,5104,304,0,0,0,0,108,0,0,0,0,309,9400
2585,W3,1,1,5,5,0,0,0,0,0,0,0,100,100,0,0,0,0,0,100,100,0,0.000000,0,9904,0.000000,0,0,0,0,108,8,0,8,100,5104,304,0,0,0,0,108,0,0,0,0,292,9400
2586,W3,1,1,5,5,0,0,0,0,0,0,0,100,100,0,0,0,0,0,100,100,0,0.000000,0,9904,0.000000,0,0,0,0,108,8,0,8,100,5104,304,0,0,0,0,108,0,0,0,0,319,9400
2587,W3,1,1,5,5,0,0,0,0,0,0,0,100,100,0,0,0,0,0,100,100,0,0.000000,0,9904,0.000000,0,0,0,0,108,8,0,8,100,5104,304,0,0,0,0,108,0,0,0,0,351,9400
2588,W3,1,1,5,5,0,0,0,0,0,0,0,100,100,100,0,0,0,0,100,100,100,100.000000,1600,9904,16.155089,10,10,10,10,108,8,0,8,100,5104,304,0,0,0,0,108,0,0,0,0,301,9400
2589,W3,1,1,5,5,0,0,0,0,0,0,0,100,100,0,0,0,0,0,100,100,0,0.000000,0,9904,0.000000,0,0,0,0,108,8,0,8,100,5104,304,0,0,0,0,108,0,0,0,0,321,9400
2590,W3,1,1,5,5,0,0,0,0,0,0,0,100,100,0,0,0,0,0,100,100,0,0.000000,0,9904,0.000000,0,0,0,0,108,8,0,8,100,5104,304,0,0,0,0,108,0,0,0,0,306,9400
2591,W3,1,1,5,5,0,0,0,0,0,0,0,100,100,0,0,0,0,0,100,100,0,0.000000,0,9904,0.000000,0,0,0,0,108,8,0,8,100,5104,304,0,0,0,0,108,0,0,0,0,309,9400
2592,W3,1,1,5,5,0,0,0,0,0,0,0,100,100,0,0,0,0,0,100,100,0,0.000000,0,9904,0.000000,0,0,0,0,108,8,0,8,100,5104,304,0,0,0,0,108,0,0,0,0,290,9400
2593,W3,1,1,5,5,0,0,0,0,0,0,0,100,100,0,0,0,0,0,100,100,0,0.000000,0,9904,0.000000,0,0,0,0,108,8,0,8,100,5104,304,0,0,0,0,108,0,0,0,0,280,9400
2594,W3,1,1,5,5,0,0,0,0,0,0,0,100,100,0,0,0,0,0,100,100,0,0.000000,0,9904,0.000000,0,0,0,0,108,8,0,8,100,5104,304,0,0,0,0,108,0,0,0,0,282,9400
2595,W3,1,1,5,5,0,0,0,0,0,0,0,100,100,0,0,0,0,0,100,100,0,0.000000,0,9904,0.000000,0,0,0,0,108,8,0,8,100,5104,304,0,0,0,0,108,0,0,0,0,302,9400
2596,W3,1,1,5,5,0,0,0,0,0,0,0,100,100,0,0,0,0,0,100,100,0,0.000000,0,9904,0.000000,0,0,0,0,108,8,0,8,100,5104,304,0,0,0,0,108,0,0,0,0,307,9400
2597,W3,1,1,5,5,0,0,0,0,0,0,0,100,100,100,0,0,0,0,100,100,100,100.000000,1600,9904,16.155089,10,10,10,10,108,8,0,8,100,5104,304,0,0,0,0,108,0,0,0,0,294,9400
2598,W3,1,1,5,5,0,0,0,0,0,0,0,100,100,0,0,0,0,0,100,100,0,0.000000,0,9904,0.000000,0,0,0,0,108,8,0,8,100,5104,304,0,0,0,0,108,0,0,0,0,341,9400
2599,W3,1,1,5,5,0,0,0,0,0,0,0,100,100,0,0,0,0,0,100,100,0,0.000000,0,9904,0.000000,0,0,0,0,108,8,0,8,100,5104,304,0,0,0,0,108,0,0,0,0,289,9400
2600,W3,1,1,5,5,0,0,0,0,0,0,0,100,100,0,0,0,0,0,100,100,0,0.000000,0,9904,0.000000,0,0,0,0,108,8,0,8,100,5104,304,0,0,0,0,108,0,0,0,0,313,9400
2601,W3,1,1,5,5,0,0,0,0,0,0,0,100,100,0,0,0,0,0,100,100,0,0.000000,0,9904,0.000000,0,0,0,0,108,8,0,8,100,5104,304,0,0,0,0,108,0,0,0,0,279,9400
2602,W3,1,1,5,5,0,0,0,0,0,0,0,100,100,0,0,0,0,0,100,100,0,0.000000,0,9904,0.000000,0,0,0,0,108,8,0,8,100,5104,304,0,0,0,0,108,0,0,0,0,313,9400
2603,W3,1,1,5,5,0,0,0,0,0,0,0,100,100,0,0,0,0,0,100,100,0,0.000000,0,9904,0.000000,0,0,0,0,108,8,0,8,100,5104,304,0,0,0,0,108,0,0,0,0,288,9400
2604,W3,1,1,5,5,0,0,0,0,0,0,0,100,100,0,0,0,0,0,100,100,0,0.000000,0,9904,0.000000,0,0,0,0,108,8,0,8,100,5104,304,0,0,0,0,108,0,0,0,0,346,9400
2605,W3,1,1,5,5,0,0,0,0,0,0,0,100,100,0,0,0,0,0,100,100,0,0.000000,0,9904,0.000000,0,0,0,0,108,8,0,8,100,5104,304,0,0,0,0,108,0,0,0,0,296,9400
2606,W3,1,1,5,5,0,0,0,0,0,0,0,100,100,100,0,0,0,0,100,100,100,100.000000,1600,9904,16.155089,10,10,10,10,108,8,0,8,100,5104,304,0,0,0,0,108,0,0,0,0,332,9400
2607,W3,1,1,5,5,0,0,0,0,0,0,0,100,100,0,0,0,0,0,100,100,0,0.000000,0,9904,0.000000,0,0,0,0,108,8,0,8,100,5104,304,0,0,0,0,108,0,0,0,0,331,9400
2608,W3,1,1,5,5,0,0,0,0,0,0,0,100,100,0,0,0,0,0,100,100,0,0.000000,0,9904,0.000000,0,0,0,0,108,8,0,8,100,5104,304,0,0,0,0,108,0,0,0,0,306,9400
2609,W3,1,1,5,5,0,0,0,0,0,0,0,100,100,0,0,0,0,0,100,100,0,0.000000,0,9904,0.000000,0,0,0,0,108,8,0,8,100,5104,304,0,0,0,0,108,0,0,0,0,319,9400
2610,W3,1,1,5,5,0,0,0,0,0,0,0,100,100,0,0,0,0,0,100,100,0,0.000000,0,9904,0.000000,0,0,0,0,108,8,0,8,100,5104,304,0,0,0,0,108,0,0,0,0,305,9400
2611,W3,1,1,5,5,0,0,0,0,0,0,0,100,100,0,0,0,0,0,100,100,0,0.000000,0,9904,0.000000,0,0,0,0,108,8,0,8,100,5104,304,0,0,0,0,108,0,0,0,0,301,9400
2612,W3,1,1,5,5,0,0,0,0,0,0,0,100,100,0,0,0,0,0,100,100,0,0.000000,0,9904,0.000000,0,0,0,0,108,8,0,8,100,5104,304,0,0,0,0,108,0,0,0,0,315,9400
2613,W3,1,1,5,5,0,0,0,0,0,0,0,100,100,0,0,0,0,0,100,100,0,0.000000,0,9904,0.000000,0,0,0,0,108,8,0,8,100,5104,304,0,0,0,0,108,0,0,0,0,320,9400
2614,W3,1,1,5,5,0,0,0,0,0,0,0,100,100,0,0,0,0,0,100,100,0,0.000000,0,9904,0.000000,0,0,0,0,108,8,0,8,100,5104,304,0,0,0,0,108,0,0,0,0,326,9400
2615,W3,1,1,5,5,0,0,0,0,0,0,0,100,100,100,0,0,0,0,100,100,100,100.000000,1600,9904,16.155089,10,10,10,10,108,8,0,8,100,5104,304,0,0,0,0,108,0,0,0,0,311,9400
2616,W3,1,1,5,5,0,0,0,0,0,0,0,100,100,0,0,0,0,0,100,100,0,0.000000,0,9904,0.000000,0,0,0,0,108,8,0,8,100,5104,304,0,0,0,0,108,0,0,0,0,328,9400
2617,W3,1,1,5,5,0,0,0,0,0,0,0,100,100,0,0,0,0,0,100,100,0,0.000000,0,9904,0.000000,0,0,0,0,108,8,0,8,100,5104,304,0,0,0,0,108,0,0,0,0,303,9400
2618,W3,1,1,5,5,0,0,0,0,0,0,0,100,100,0,0,0,0,0,100,100,0,0.000000,0,9904,0.000000,0,0,0,0,108,8,0,8,100,5104,304,0,0,0,0,108,0,0,0,0,300,9400
2619,W3,1,1,5,5,0,0,0,0,0,0,0,100,100,0,0,0,0,0,100,100,0,0.000000,0,9904,0.000000,0,0,0,0,108,8,0,8,100,5104,304,0,0,0,0,108,0,0,0,0,349,9400
2620,W3,1,1,5,5,0,0,0,0,0,0,0,100,100,0,0,0,0,0,100,100,0,0.000000,0,9904,0.000000,0,0,0,0,108,8,0,8,100,5104,304,0,0,0,0,108,0,0,0,0,293,9400
2621,W3,1,1,5,5,0,0,0,0,0,0,0,100,100,0,0,0,0,0,100,100,0,0.000000,0,9904,0.000000,0,0,0,0,108,8,0,8,100,5104,304,0,0,0,0,108,0,0,0,0,311,9400
2622,W3,1,1,5,5,0,0,0,0,0,0,0,100,100,0,0,0,0,0,100,100,0,0.000000,0,9904,0.000000,0,0,0,0,108,8,0,8,100,5104,304,0,0,0,0,108,0,0,0,0,297,9400
2623,W3,1,1,5,5,0,0,0,0,0,0,0,100,100,0,0,0,0,0,100,100,0,0.000000,0,9904,0.000000,0,0,0,0,108,8,0,8,100,5104,304,0,0,0,0,108,0,0,0,0,302,9400
2624,W3,1,1,5,5,0,0,0,0,0,0,0,100,100,100,0,0,0,0,100,100,100,100.000000,1600,9904,16.155089,10,10,10,10,108,8,0,8,100,5104,304,0,0,0,0,108,0,0,0,0,305,9400
2625,W3,1,1,5,5,0,0,0,0,0,0,0,100,100,0,0,0,0,0,100,100,0,0.000000,0,9904,0.000000,0,0,0,0,108,8,0,8,100,5104,304,0,0,0,0,108,0,0,0,0,300,9400
2626,W3,1,1,5,5,0,0,0,0,0,0,0,100,100,0,0,0,0,0,100,100,0,0.000000,0,9904,0.000000,0,0,0,0,108,8,0,8,100,5104,304,0,0,0,0,108,0,0,0,0,312,9400
2627,W3,1,1,5,5,0,0,0,0,0,0,0,100,100,0,0,0,0,0,100,100,0,0.000000,0,9904,0.000000,0,0,0,0,108,8,0,8,100,5104,304,0,0,0,0,108,0,0,0,0,291,9400
2628,W3,1,1,5,5,0,0,0,0,0,0,0,100,100,0,0,0,0,0,100,100,0,0.000000,0,9904,0.000000,0,0,0,0,108,8,0,8,100,5104,304,0,0,0,0,108,0,0,0,0,284,9400
2629,W3,1,1,5,5,0,0,0,0,0,0,0,100,100,0,0,0,0,0,100,100,0,0.000000,0,9904,0.000000,0,0,0,0,108,8,0,8,100,5104,304,0,0,0,0,108,0,0,0,0,296,9400
2630,W3,1,1,5,5,0,0,0,0,0,0,0,100,100,0,0,0,0,0,100,100,0,0.000000,0,9904,0.000000,0,0,0,0,108,8,0,8,100,5104,304,0,0,0,0,108,0,0,0,0,292,9400
2631,W3,1,1,5,5,0,0,0,0,0,0,0,100,100,0,0,0,0,0,100,100,0,0.000000,0,9904,0.000000,0,0,0,0,108,8,0,8,100,5104,304,0,0,0,0,108,0,0,0,0,306,9400
2632,W3,1,1,5,5,0,0,0,0,0,0,0,100,100,0,0,0,0,0,100,100,0,0.000000,0,9904,0.000000,0,0,0,0,108,8,0,8,100,5104,304,0,0,0,0,108,0,0,0,0,308,9400
2633,W3,1,1,5,5,0,0,0,0,0,0,0,100,100,100,0,0,0,0,100,100,100,100.000000,1600,9904,16.155089,10,10,10,10,108,8,0,8,100,5104,304,0,0,0,0,108,0,0,0,0,289,9400
2634,W3,1,1,5,5,0,0,0,0,0,0,0,100,100,0,0,0,0,0,100,100,0,0.000000,0,9904,0.000000,0,0,0,0,108,8,0,8,100,5104,304,0,0,0,0,108,0,0,0,0,298,9400
2635,W3,1,1,5,5,0,0,0,0,0,0,0,100,100,0,0,0,0,0,100,100,0,0.000000,0,9904,0.000000,0,0,0,0,108,8,0,8,100,5104,304,0,0,0,0,108,0,0,0,0,292,9400
2636,W3,1,1,5,5,0,0,0,0,0,0,0,100,100,0,0,0,0,0,100,100,0,0.000000,0,9904,0.000000,0,0,0,0,108,8,0,8,100,5104,304,0,0,0,0,108,0,0,0,0,304,9400
2637,W3,1,1,5,5,0,0,0,0,0,0,0,100,100,0,0,0,0,0,100,100,0,0.000000,0,9904,0.000000,0,0,0,0,108,8,0,8,100,5104,304,0,0,0,0,108,0,0,0,0,308,9400
2638,W3,1,1,5,5,0,0,0,0,0,0,0,100,100,0,0,0,0,0,100,100,0,0.000000,0,9904,0.000000,0,0,0,0,108,8,0,8,100,5104,304,0,0,0,0,108,0,0,0,0,334,9400
2639,W3,1,1,5,5,0,0,0,0,0,0,0,100,100,0,0,0,0,0,100,100,0,0.000000,0,9904,0.000000,0,0,0,0,108,8,0,8,100,5104,304,0,0,0,0,108,0,0,0,0,301,9400
2640,W3,1,1,5,5,0,0,0,0,0,0,0,100,100,0,0,0,0,0,100,100,0,0.000000,0,9904,0.000000,0,0,0,0,108,8,0,8,100,5104,304,0,0,0,0,108,0,0,0,0,299,9400
2641,W3,1,1,5,5,0,0,0,0,0,0,0,100,100,0,0,0,0,0,100,100,0,0.000000,0,9904,0.000000,0,0,0,0,108,8,0,8,100,5104,304,0,0,0,0,108,0,0,0,0,282,9400
2642,W3,1,1,5,5,0,0,0,0,0,0,0,100,100,100,0,0,0,0,100,100,100,100.000000,1600,9904,16.155089,10,10,10,10,108,8,0,8,100,5104,304,0,0,0,0,108,0,0,0,0,282,9400
2643,W3,1,1,5,5,0,0,0,0,0,0,0,100,100,0,0,0,0,0,100,100,0,0.000000,0,9904,0.000000,0,0,0,0,108,8,0,8,100,5104,304,0,0,0,0,108,0,0,0,0,274,9400
2644,W3,1,1,5,5,0,0,0,0,0,0,0,100,100,0,0,0,0,0,100,100,0,0.000000,0,9904,0.000000,0,0,0,0,108,8,0,8,100,5104,304,0,0,0,0,108,0,0,0,0,289,9400
2645,W3,1,1,5,5,0,0,0,0,0,0,0,100,100,0,0,0,0,0,100,100,0,0.000000,0,9904,0.000000,0,0,0,0,108,8,0,8,100,5104,304,0,0,0,0,108,0,0,0,0,312,9400
2646,W3,1,1,5,5,0,0,0,0,0,0,0,100,100,0,0,0,0,0,100,100,0,0.000000,0,9904,0.000000,0,0,0,0,108,8,0,8,100,5104,304,0,0,0,0,108,0,0,0,0,307,9400
2647,W3,1,1,5,5,0,0,0,0,0,0,0,100,100,0,0,0,0,0,100,100,0,0.000000,0,9904,0.000000,0,0,0,0,108,8,0,8,100,5104,304,0,0,0,0,108,0,0,0,0,301,9400
2648,W3,1,1,5,5,0,0,0,0,0,0,0,100,100,0,0,0,0,0,100,100,0,0.000000,0,9904,0.000000,0,0,0,0,108,8,0,8,100,5104,304,0,0,0,0,108,0,0,0,0,298,9400
2649,W3,1,1,5,5,0,0,0,0,0,0,0,100,100,0,0,0,0,0,100,100,0,0.000000,0,9904,0.000000,0,0,0,0,108,8,0,8,100,5104,304,0,0,0,0,108,0,0,0,0,301,9400
2650,W3,1,1,5,5,0,0,0,0,0,0,0,100,100,0,0,0,0,0,100,100,0,0.000000,0,9904,0.000000,0,0,0,0,108,8,0,8,100,5104,304,0,0,0,0,108,0,0,0,0,316,9400
2651,W3,1,1,5,5,0,0,0,0,0,0,0,100,100,100,0,0,0,0,100,100,100,100.000000,1600,9904,16.155089,10,10,10,10,108,8,0,8,100,5104,304,0,0,0,0,108,0,0,0,0,295,9400
2652,W3,1,1,5,5,0,0,0,0,0,0,0,100,100,0,0,0,0,0,100,100,0,0.000000,0,9904,0.000000,0,0,0,0,108,8,0,8,100,5104,304,0,0,0,0,108,0,0,0,0,309,9400
2653,W3,1,1,5,5,0,0,0,0,0,0,0,100,100,0,0,0,0,0,100,100,0,0.000000,0,9904,0.000000,0,0,0,0,108,8,0,8,100,5104,304,0,0,0,0,108,0,0,0,0,299,9400
2654,W3,1,1,5,5,0,0,0,0,0,0,0,100,100,0,0,0,0,0,100,100,0,0.000000,0,9904,0.000000,0,0,0,0,108,8,0,8,100,5104,304,0,0,0,0,108,0,0,0,0,304,9400
2655,W3,1,1,5,5,0,0,0,0,0,0,0,100,100,0,0,0,0,0,100,100,0,0.000000,0,9904,0.000000,0,0,0,0,108,8,0,8,100,5104,304,0,0,0,0,108,0,0,0,0,282,9400
2656,W3,1,1,5,5,0,0,0,0,0,0,0,100,100,0,0,0,0,0,100,100,0,0.000000,0,9904,0.000000,0,0,0,0,108,8,0,8,100,5104,304,0,0,0,0,108,0,0,0,0,311,9400
2657,W3,1,1,5,5,0,0,0,0,0,0,0,100,100,0,0,0,0,0,100,100,0,0.000000,0,9904,0.000000,0,0,0,0,108,8,0,8,100,5104,304,0,0,0,0,108,0,0,0,0,319,9400
2658,W3,1,1,5,5,0,0,0,0,0,0,0,100,100,0,0,0,0,0,100,100,0,0.000000,0,9904,0.000000,0,0,0,0,108,8,0,8,100,5104,304,0,0,0,0,108,0,0,0,0,331,9400
2659,W3,1,1,5,5,0,0,0,0,0,0,0,100,100,0,0,0,0,0,100,100,0,0.000000,0,9904,0.000000,0,0,0,0,108,8,0,8,100,5104,304,0,0,0,0,108,0,0,0,0,320,9400
2660,W3,1,1,5,5,0,0,0,0,0,0,0,100,100,100,0,0,0,0,100,100,100,100.000000,1600,9904,16.155089,10,10,10,10,108,8,0,8,100,5104,304,0,0,0,0,108,0,0,0,0,286,9400
2661,W3,1,1,5,5,0,0,0,0,0,0,0,100,100,0,0,0,0,0,100,100,0,0.000000,0,9904,0.000000,0,0,0,0,108,8,0,8,100,5104,304,0,0,0,0,108,0,0,0,0,335,9400
2662,W3,1,1,5,5,0,0,0,0,0,0,0,100,100,0,0,0,0,0,100,100,0,0.000000,0,9904,0.000000,0,0,0,0,108,8,0,8,100,5104,304,0,0,0,0,108,0,0,0,0,305,9400
2663,W3,1,1,5,5,0,0,0,0,0,0,0,100,100,0,0,0,0,0,100,100,0,0.000000,0,9904,0.000000,0,0,0,0,108,8,0,8,100,5104,304,0,0,0,0,108,0,0,0,0,299,9400
2664,W3,1,1,5,5,0,0,0,0,0,0,0,100,100,0,0,0,0,0,100,100,0,0.000000,0,9904,0.000000,0,0,0,0,108,8,0,8,100,5104,304,0,0,0,0,108,0,0,0,0,286,9400
2665,W3,1,1,5,5,0,0,0,0,0,0,0,100,100,0,0,0,0,0,100,100,0,0.000000,0,9904,0.000000,0,0,0,0,108,8,0,8,100,5104,304,0,0,0,0,108,0,0,0,0,295,9400
2666,W3,1,1,5,5,0,0,0,0,0,0,0,100,100,0,0,0,0,0,100,100,0,0.000000,0,9904,0.000000,0,0,0,0,108,8,0,8,100,5104,304,0,0,0,0,108,0,0,0,0,292,9400
2667,W3,1,1,5,5,0,0,0,0,0,0,0,100,100,0,0,0,0,0,100,100,0,0.000000,0,9904,0.000000,0,0,0,0,108,8,0,8,100,5104,304,0,0,0,0,108,0,0,0,0,298,9400
2668,W3,1,1,5,5,0,0,0,0,0,0,0,100,100,0,0,0,0,0,100,100,0,0.000000,0,9904,0.000000,0,0,0,0,108,8,0,8,100,5104,304,0,0,0,0,108,0,0,0,0,325,9400
2669,W3,1,1,5,5,0,0,0,0,0,0,0,100,100,100,0,0,0,0,100,100,100,100.000000,1600,9904,16.155089,10,10,10,10,108,8,0,8,100,5104,304,0,0,0,0,108,0,0,0,0,292,9400
2670,W3,1,1,5,5,0,0,0,0,0,0,0,100,100,0,0,0,0,0,100,100,0,0.000000,0,9904,0.000000,0,0,0,0,108,8,0,8,100,5104,304,0,0,0,0,108,0,0,0,0,296,9400
2671,W3,1,1,5,5,0,0,0,0,0,0,0,100,100,0,0,0,0,0,100,100,0,0.000000,0,9904,0.000000,0,0,0,0,108,8,0,8,100,5104,304,0,0,0,0,108,0,0,0,0,316,9400
2672,W3,1,1,5,5,0,0,0,0,0,0,0,100,100,0,0,0,0,0,100,100,0,0.000000,0,9904,0.000000,0,0,0,0,108,8,0,8,100,5104,304,0,0,0,0,108,0,0,0,0,329,9400
2673,W3,1,1,5,5,0,0,0,0,0,0,0,100,100,0,0,0,0,0,100,100,0,0.000000,0,9904,0.000000,0,0,0,0,108,8,0,8,100,5104,304,0,0,0,0,108,0,0,0,0,311,9400
2674,W3,1,1,5,5,0,0,0,0,0,0,0,100,100,0,0,0,0,0,100,100,0,0.000000,0,9904,0.000000,0,0,0,0,108,8,0,8,100,5104,304,0,0,0,0,108,0,0,0,0,301,9400
2675,W3,1,1,5,5,0,0,0,0,0,0,0,100,100,0,0,0,0,0,100,100,0,0.000000,0,9904,0.000000,0,0,0,0,108,8,0,8,100,5104,304,0,0,0,0,108,0,0,0,0,308,9400
2676,W3,1,1,5,5,0,0,0,0,0,0,0,100,100,0,0,0,0,0,100,100,0,0.000000,0,9904,0.000000,0,0,0,0,108,8,0,8,100,5104,304,0,0,0,0,108,0,0,0,0,317,9400
2677,W3,1,1,5,5,0,0,0,0,0,0,0,100,100,0,0,0,0,0,100,100,0,0.000000,0,9904,0.000000,0,0,0,0,108,8,0,8,100,5104,304,0,0,0,0,108,0,0,0,0,327,9400
2678,W3,1,1,5,5,0,0,0,0,0,0,0,100,100,100,0,0,0,0,100,100,100,100.000000,1600,9904,16.155089,10,10,10,10,108,8,0,8,100,5104,304,0,0,0,0,108,0,0,0,0,301,9400
2679,W3,1,1,5,5,0,0,0,0,0,0,0,100,100,0,0,0,0,0,100,100,0,0.000000,0,9904,0.000000,0,0,0,0,108,8,0,8,100,5104,304,0,0,0,0,108,0,0,0,0,321,9400
2680,W3,1,1,5,5,0,0,0,0,0,0,0,100,100,0,0,0,0,0,100,100,0,0.000000,0,9904,0.000000,0,0,0,0,108,8,0,8,100,5104,304,0,0,0,0,108,0,0,0,0,322,9400
2681,W3,1,1,5,5,0,0,0,0,0,0,0,100,100,0,0,0,0,0,100,100,0,0.000000,0,9904,0.000000,0,0,0,0,108,8,0,8,100,5104,304,0,0,0,0,108,0,0,0,0,323,9400
2682,W3,1,1,5,5,0,0,0,0,0,0,0,100,100,0,0,0,0,0,100,100,0,0.000000,0,9904,0.000000,0,0,0,0,108,8,0,8,100,5104,304,0,0,0,0,108,0,0,0,0,308,9400
2683,W3,1,1,5,5,0,0,0,0,0,0,0,100,100,0,0,0,0,0,100,100,0,0.000000,0,9904,0.000000,0,0,0,0,108,8,0,8,100,5104,304,0,0,0,0,108,0,0,0,0,300,9400
2684,W3,1,1,5,5,0,0,0,0,0,0,0,100,100,0,0,0,0,0,100,100,0,0.000000,0,9904,0.000000,0,0,0,0,108,8,0,8,100,5104,304,0,0,0,0,108,0,0,0,0,349,9400
2685,W3,1,1,5,5,0,0,0,0,0,0,0,100,100,0,0,0,0,0,100,100,0,0.000000,0,9904,0.000000,0,0,0,0,108,8,0,8,100,5104,304,0,0,0,0,108,0,0,0,0,293,9400
2686,W3,1,1,5,5,0,0,0,0,0,0,0,100,100,0,0,0,0,0,100,100,0,0.000000,0,9904,0.000000,0,0,0,0,108,8,0,8,100,5104,304,0,0,0,0,108,0,0,0,0,329,9400
2687,W3,1,1,5,5,0,0,0,0,0,0,0,100,100,100,0,0,0,0,100,100,100,100.000000,1600,9904,16.155089,10,10,10,10,108,8,0,8,100,5104,304,0,0,0,0,108,0,0,0,0,297,9400
2688,W3,1,1,5,5,0,0,0,0,0,0,0,100,100,0,0,0,0,0,100,100,0,0.000000,0,9904,0.000000,0,0,0,0,108,8,0,8,100,5104,304,0,0,0,0,108,0,0,0,0,304,9400
2689,W3,1,1,5,5,0,0,0,0,0,0,0,100,100,0,0,0,0,0,100,100,0,0.000000,0,9904,0.000000,0,0,0,0,108,8,0,8,100,5104,304,0,0,0,0,108,0,0,0,0,307,9400
2690,W3,1,1,5,5,0,0,0,0,0,0,0,100,100,0,0,0,0,0,100,100,0,0.000000,0,9904,0.000000,0,0,0,0,108,8,0,8,100,5104,304,0,0,0,0,108,0,0,0,0,322,9400
2691,W3,1,1,5,5,0,0,0,0,0,0,0,100,100,0,0,0,0,0,100,100,0,0.000000,0,9904,0.000000,0,0,0,0,108,8,0,8,100,5104,304,0,0,0,0,108,0,0,0,0,304,9400
2692,W3,1,1,5,5,0,0,0,0,0,0,0,100,100,0,0,0,0,0,100,100,0,0.000000,0,9904,0.000000,0,0,0,0,108,8,0,8,100,5104,304,0,0,0,0,108,0,0,0,0,315,9400
2693,W3,1,1,5,5,0,0,0,0,0,0,0,100,100,0,0,0,0,0,100,100,0,0.000000,0,9904,0.000000,0,0,0,0,108,8,0,8,100,5104,304,0,0,0,0,108,0,0,0,0,297,9400
2694,W3,1,1,5,5,0,0,0,0,0,0,0,100,100,0,0,0,0,0,100,100,0,0.000000,0,9904,0.000000,0,0,0,0,108,8,0,8,100,5104,304,0,0,0,0,108,0,0,0,0,339,9400
2695,W3,1,1,5,5,0,0,0,0,0,0,0,100,100,0,0,0,0,0,100,100,0,0.000000,0,9904,0.000000,0,0,0,0,108,8,0,8,100,5104,304,0,0,0,0,108,0,0,0,0,326,9400
2696,W3,1,1,5,5,0,0,0,0,0,0,0,100,100,100,0,0,0,0,100,100,100,100.000000,1600,9904,16.155089,10,10,10,10,108,8,0,8,100,5104,304,0,0,0,0,108,0,0,0,0,297,9400
2697,W3,1,1,5,5,0,0,0,0,0,0,0,100,100,0,0,0,0,0,100,100,0,0.000000,0,9904,0.000000,0,0,0,0,108,8,0,8,100,5104,304,0,0,0,0,108,0,0,0,0,318,9400
2698,W3,1,1,5,5,0,0,0,0,0,0,0,100,100,0,0,0,0,0,100,100,0,0.000000,0,9904,0.000000,0,0,0,0,108,8,0,8,100,5104,304,0,0,0,0,108,0,0,0,0,300,9400
2699,W3,1,1,5,5,0,0,0,0,0,0,0,100,100,0,0,0,0,0,100,100,0,0.000000,0,9904,0.000000,0,0,0,0,108,8,0,8,100,5104,304,0,0,0,0,108,0,0,0,0,294,9400
2700,W3,1,1,5,5,0,0,0,0,0,0,0,100,100,0,0,0,0,0,100,100,0,0.000000,0,9904,0.000000,0,0,0,0,108,8,0,8,100,5104,304,0,0,0,0,108,0,0,0,0,296,9400
2701,W3,1,1,5,5,0,0,0,0,0,0,0,100,100,0,0,0,0,0,100,100,0,0.000000,0,9904,0.000000,0,0,0,0,108,8,0,8,100,5104,304,0,0,0,0,108,0,0,0,0,281,9400
2702,W3,1,1,5,5,0,0,0,0,0,0,0,100,100,0,0,0,0,0,100,100,0,0.000000,0,9904,0.000000,0,0,0,0,108,8,0,8,100,5104,304,0,0,0,0,108,0,0,0,0,305,9400
2703,W3,1,1,5,5,0,0,0,0,0,0,0,100,100,0,0,0,0,0,100,100,0,0.000000,0,9904,0.000000,0,0,0,0,108,8,0,8,100,5104,304,0,0,0,0,108,0,0,0,0,289,9400
2704,W3,1,1,5,5,0,0,0,0,0,0,0,100,100,0,0,0,0,0,100,100,0,0.000000,0,9904,0.000000,0,0,0,0,108,8,0,8,100,5104,304,0,0,0,0,108,0,0,0,0,288,9400
2705,W3,1,1,5,5,0,0,0,0,0,0,0,100,100,100,0,0,0,0,100,100,100,100.000000,1600,9904,16.155089,10,10,10,10,108,8,0,8,100,5104,304,0,0,0,0,108,0,0,0,0,288,9400
2706,W3,1,1,5,5,0,0,0,0,0,0,0,100,100,0,0,0,0,0,100,100,0,0.000000,0,9904,0.000000,0,0,0,0,108,8,0,8,100,5104,304,0,0,0,0,108,0,0,0,0,312,9400
2707,W3,1,1,5,5,0,0,0,0,0,0,0,100,100,0,0,0,0,0,100,100,0,0.000000,0,9904,0.000000,0,0,0,0,108,8,0,8,100,5104,304,0,0,0,0,108,0,0,0,0,289,9400
2708,W3,1,1,5,5,0,0,0,0,0,0,0,100,100,0,0,0,0,0,100,100,0,0.000000,0,9904,0.000000,0,0,0,0,108,8,0,8,100,5104,304,0,0,0,0,108,0,0,0,0,299,9400
2709,W3,1,1,5,5,0,0,0,0,0,0,0,100,100,0,0,0,0,0,100,100,0,0.000000,0,9904,0.000000,0,0,0,0,108,8,0,8,100,5104,304,0,0,0,0,108,0,0,0,0,289,9400
2710,W3,1,1,5,5,0,0,0,0,0,0,0,100,100,0,0,0,0,0,100,100,0,0.000000,0,9904,0.000000,0,0,0,0,108,8,0,8,100,5104,304,0,0,0,0,108,0,0,0,0,287,9400
2711,W3,1,1,5,5,0,0,0,0,0,0,0,100,100,0,0,0,0,0,100,100,0,0.000000,0,9904,0.000000,0,0,0,0,108,8,0,8,100,5104,304,0,0,0,0,108,0,0,0,0,291,9400
2712,W3,1,1,5,5,0,0,0,0,0,0,0,100,100,0,0,0,0,0,100,100,0,0.000000,0,9904,0.000000,0,0,0,0,108,8,0,8,100,5104,304,0,0,0,0,108,0,0,0,0,319,9400
2713,W3,1,1,5,5,0,0,0,0,0,0,0,100,100,0,0,0,0,0,100,100,0,0.000000,0,9904,0.000000,0,0,0,0,108,8,0,8,100,5104,304,0,0,0,0,108,0,0,0,0,292,9400
2714,W3,1,1,5,5,0,0,0,0,0,0,0,100,100,100,0,0,0,0,100,100,100,100.000000,1600,9904,16.155089,10,10,10,10,108,8,0,8,100,5104,304,0,0,0,0,108,0,0,0,0,306,9400
2715,W3,1,1,5,5,0,0,0,0,0,0,0,100,100,0,0,0,0,0,100,100,0,0.000000,0,9904,0.000000,0,0,0,0,108,8,0,8,100,5104,304,0,0,0,0,108,0,0,0,0,284,9400
2716,W3,1,1,5,5,0,0,0,0,0,0,0,100,100,0,0,0,0,0,100,100,0,0.000000,0,9904,0.000000,0,0,0,0,108,8,0,8,100,5104,304,0,0,0,0,108,0,0,0,0,300,9400
2717,W3,1,1,5,5,0,0,0,0,0,0,0,100,100,0,0,0,0,0,100,100,0,0.000000,0,9904,0.000000,0,0,0,0,108,8,0,8,100,5104,304,0,0,0,0,108,0,0,0,0,283,9400
2718,W3,1,1,5,5,0,0,0,0,0,0,0,100,100,0,0,0,0,0,100,100,0,0.000000,0,9904,0.000000,0,0,0,0,108,8,0,8,100,5104,304,0,0,0,0,108,0,0,0,0,298,9400
2719,W3,1,1,5,5,0,0,0,0,0,0,0,100,100,0,0,0,0,0,100,100,0,0.000000,0,9904,0.000000,0,0,0,0,108,8,0,8,100,5104,304,0,0,0,0,108,0,0,0,0,320,9400
2720,W3,1,1,5,5,0,0,0,0,0,0,0,100,100,0,0,0,0,0,100,100,0,0.000000,0,9904,0.000000,0,0,0,0,108,8,0,8,100,5104,304,0,0,0,0,108,0,0,0,0,306,9400
2721,W3,1,1,5,5,0,0,0,0,0,0,0,100,100,0,0,0,0,0,100,100,0,0.000000,0,9904,0.000000,0,0,0,0,108,8,0,8,100,5104,304,0,0,0,0,108,0,0,0,0,292,9400
2722,W3,1,1,5,5,0,0,0,0,0,0,0,100,100,0,0,0,0,0,100,100,0,0.000000,0,9904,0.000000,0,0,0,0,108,8,0,8,100,5104,304,0,0,0,0,108,0,0,0,0,313,9400
2723,W3,1,1,5,5,0,0,0,0,0,0,0,100,100,100,0,0,0,0,100,100,100,100.000000,1600,9904,16.155089,10,10,10,10,108,8,0,8,100,5104,304,0,0,0,0,108,0,0,0,0,327,9400
2724,W3,1,1,5,5,0,0,0,0,0,0,0,100,100,0,0,0,0,0,100,100,0,0.000000,0,9904,0.000000,0,0,0,0,108,8,0,8,100,5104,304,0,0,0,0,108,0,0,0,0,318,9400
2725,W3,1,1,5,5,0,0,0,0,0,0,0,100,100,0,0,0,0,0,100,100,0,0.000000,0,9904,0.000000,0,0,0,0,108,8,0,8,100,5104,304,0,0,0,0,108,0,0,0,0,286,9400
2726,W3,1,1,5,5,0,0,0,0,0,0,0,100,100,0,0,0,0,0,100,100,0,0.000000,0,9904,0.000000,0,0,0,0,108,8,0,8,100,5104,304,0,0,0,0,108,0,0,0,0,286,9400
2727,W3,1,1,5,5,0,0,0,0,0,0,0,100,100,0,0,0,0,0,100,100,0,0.000000,0,9904,0.000000,0,0,0,0,108,8,0,8,100,5104,304,0,0,0,0,108,0,0,0,0,354,9400
2728,W3,1,1,5,5,0,0,0,0,0,0,0,100,100,0,0,0,0,0,100,100,0,0.000000,0,9904,0.000000,0,0,0,0,108,8,0,8,100,5104,304,0,0,0,0,108,0,0,0,0,286,9400
2729,W3,1,1,5,5,0,0,0,0,0,0,0,100,100,0,0,0,0,0,100,100,0,0.000000,0,9904,0.000000,0,0,0,0,108,8,0,8,100,5104,304,0,0,0,0,108,0,0,0,0,283,9400
2730,W3,1,1,5,5,0,0,0,0,0,0,0,100,100,0,0,0,0,0,100,100,0,0.000000,0,9904,0.000000,0,0,0,0,108,8,0,8,100,5104,304,0,0,0,0,108,0,0,0,0,296,9400
2731,W3,1,1,5,5,0,0,0,0,0,0,0,100,100,0,0,0,0,0,100,100,0,0.000000,0,9904,0.000000,0,0,0,0,108,8,0,8,100,5104,304,0,0,0,0,108,0,0,0,0,289,9400
2732,W3,1,1,5,5,0,0,0,0,0,0,0,100,100,100,0,0,0,0,100,100,100,100.000000,1600,9904,16.155089,10,10,10,10,108,8,0,8,100,5104,304,0,0,0,0,108,0,0,0,0,302,9400
2733,W3,1,1,5,5,0,0,0,0,0,0,0,100,100,0,0,0,0,0,100,100,0,0.000000,0,9904,0.000000,0,0,0,0,108,8,0,8,100,5104,304,0,0,0,0,108,0,0,0,0,299,9400
2734,W3,1,1,5,5,0,0,0,0,0,0,0,100,100,0,0,0,0,0,100,100,0,0.000000,0,9904,0.000000,0,0,0,0,108,8,0,8,100,5104,304,0,0,0,0,108,0,0,0,0,304,9400
2735,W3,1,1,5,5,0,0,0,0,0,0,0,100,100,0,0,0,0,0,100,100,0,0.000000,0,9904,0.000000,0,0,0,0,108,8,0,8,100,5104,304,0,0,0,0,108,0,0,0,0,331,9400
2736,W3,1,1,5,5,0,0,0,0,0,0,0,100,100,0,0,0,0,0,100,100,0,0.000000,0,9904,0.000000,0,0,0,0,108,8,0,8,100,5104,304,0,0,0,0,108,0,0,0,0,370,9400
2737,W3,1,1,5,5,0,0,0,0,0,0,0,100,100,0,0,0,0,0,100,100,0,0.000000,0,9904,0.000000,0,0,0,0,108,8,0,8,100,5104,304,0,0,0,0,108,0,0,0,0,308,9400
2738,W3,1,1,5,5,0,0,0,0,0,0,0,100,100,0,0,0,0,0,100,100,0,0.000000,0,9904,0.000000,0,0,0,0,108,8,0,8,100,5104,304,0,0,0,0,108,0,0,0,0,303,9400
2739,W3,1,1,5,5,0,0,0,0,0,0,0,100,100,0,0,0,0,0,100,100,0,0.000000,0,9904,0.000000,0,0,0,0,108,8,0,8,100,5104,304,0,0,0,0,108,0,0,0,0,321,9400
2740,W3,1,1,5,5,0,0,0,0,0,0,0,100,100,0,0,0,0,0,100,100,0,0.000000,0,9904,0.000000,0,0,0,0,108,8,0,8,100,5104,304,0,0,0,0,108,0,0,0,0,286,9400
2741,W3,1,1,5,5,0,0,0,0,0,0,0,100,100,100,0,0,0,0,100,100,100,100.000000,1600,9904,16.155089,10,10,10,10,108,8,0,8,100,5104,304,0,0,0,0,108,0,0,0,0,329,9400
2742,W3,1,1,5,5,0,0,0,0,0,0,0,100,100,0,0,0,0,0,100,100,0,0.000000,0,9904,0.000000,0,0,0,0,108,8,0,8,100,5104,304,0,0,0,0,108,0,0,0,0,303,9400
2743,W3,1,1,5,5,0,0,0,0,0,0,0,100,100,0,0,0,0,0,100,100,0,0.000000,0,9904,0.000000,0,0,0,0,108,8,0,8,100,5104,304,0,0,0,0,108,0,0,0,0,338,9400
2744,W3,1,1,5,5,0,0,0,0,0,0,0,100,100,0,0,0,0,0,100,100,0,0.000000,0,9904,0.000000,0,0,0,0,108,8,0,8,100,5104,304,0,0,0,0,108,0,0,0,0,338,9400
2745,W3,1,1,5,5,0,0,0,0,0,0,0,100,100,0,0,0,0,0,100,100,0,0.000000,0,9904,0.000000,0,0,0,0,108,8,0,8,100,5104,304,0,0,0,0,108,0,0,0,0,336,9400
2746,W3,1,1,5,5,0,0,0,0,0,0,0,100,100,0,0,0,0,0,100,100,0,0.000000,0,9904,0.000000,0,0,0,0,108,8,0,8,100,5104,304,0,0,0,0,108,0,0,0,0,319,9400
2747,W3,1,1,5,5,0,0,0,0,0,0,0,100,100,0,0,0,0,0,100,100,0,0.000000,0,9904,0.000000,0,0,0,0,108,8,0,8,100,5104,304,0,0,0,0,108,0,0,0,0,297,9400
2748,W3,1,1,5,5,0,0,0,0,0,0,0,100,100,0,0,0,0,0,100,100,0,0.000000,0,9904,0.000000,0,0,0,0,108,8,0,8,100,5104,304,0,0,0,0,108,0,0,0,0,310,9400
2749,W3,1,1,5,5,0,0,0,0,0,0,0,100,100,0,0,0,0,0,100,100,0,0.000000,0,9904,0.000000,0,0,0,0,108,8,0,8,100,5104,304,0,0,0,0,108,0,0,0,0,287,9400
2750,W3,1,1,5,5,0,0,0,0,0,0,0,100,100,100,0,0,0,0,100,100,100,100.000000,1600,9904,16.155089,10,10,10,10,108,8,0,8,100,5104,304,0,0,0,0,108,0,0,0,0,308,9400
2751,W3,1,1,5,5,0,0,0,0,0,0,0,100,100,0,0,0,0,0,100,100,0,0.000000,0,9904,0.000000,0,0,0,0,108,8,0,8,100,5104,304,0,0,0,0,108,0,0,0,0,293,9400
2752,W3,1,1,5,5,0,0,0,0,0,0,0,100,100,0,0,0,0,0,100,100,0,0.000000,0,9904,0.000000,0,0,0,0,108,8,0,8,100,5104,304,0,0,0,0,108,0,0,0,0,284,9400
2753,W3,1,1,5,5,0,0,0,0,0,0,0,100,100,0,0,0,0,0,100,100,0,0.000000,0,9904,0.000000,0,0,0,0,108,8,0,8,100,5104,304,0,0,0,0,108,0,0,0,0,371,9400
2754,W3,1,1,5,5,0,0,0,0,0,0,0,100,100,0,0,0,0,0,100,100,0,0.000000,0,9904,0.000000,0,0,0,0,108,8,0,8,100,5104,304,0,0,0,0,108,0,0,0,0,328,9400
2755,W3,1,1,5,5,0,0,0,0,0,0,0,100,100,0,0,0,0,0,100,100,0,0.000000,0,9904,0.000000,0,0,0,0,108,8,0,8,100,5104,304,0,0,0,0,108,0,0,0,0,301,9400
2756,W3,1,1,5,5,0,0,0,0,0,0,0,100,100,0,0,0,0,0,100,100,0,0.000000,0,9904,0.000000,0,0,0,0,108,8,0,8,100,5104,304,0,0,0,0,108,0,0,0,0,285,9400
2757,W3,1,1,5,5,0,0,0,0,0,0,0,100,100,0,0,0,0,0,100,100,0,0.000000,0,9904,0.000000,0,0,0,0,108,8,0,8,100,5104,304,0,0,0,0,108,0,0,0,0,291,9400
2758,W3,1,1,5,5,0,0,0,0,0,0,0,100,100,0,0,0,0,0,100,100,0,0.000000,0,9904,0.000000,0,0,0,0,108,8,0,8,100,5104,304,0,0,0,0,108,0,0,0,0,290,9400
2759,W3,1,1,5,5,0,0,0,0,0,0,0,100,100,100,0,0,0,0,100,100,100,100.000000,1600,9904,16.155089,10,10,10,10,108,8,0,8,100,5104,304,0,0,0,0,108,0,0,0,0,295,9400
2760,W3,1,1,5,5,0,0,0,0,0,0,0,100,100,0,0,0,0,0,100,100,0,0.000000,0,9904,0.000000,0,0,0,0,108,8,0,8,100,5104,304,0,0,0,0,108,0,0,0,0,292,9400
2761,W3,1,1,5,5,0,0,0,0,0,0,0,100,100,0,0,0,0,0,100,100,0,0.000000,0,9904,0.000000,0,0,0,0,108,8,0,8,100,5104,304,0,0,0,0,108,0,0,0,0,296,9400
2762,W3,1,1,5,5,0,0,0,0,0,0,0,100,100,0,0,0,0,0,100,100,0,0.000000,0,9904,0.000000,0,0,0,0,108,8,0,8,100,5104,304,0,0,0,0,108,0,0,0,0,298,9400
2763,W3,1,1,5,5,0,0,0,0,0,0,0,100,100,0,0,0,0,0,100,100,0,0.000000,0,9904,0.000000,0,0,0,0,108,8,0,8,100,5104,304,0,0,0,0,108,0,0,0,0,301,9400
2764,W3,1,1,5,5,0,0,0,0,0,0,0,100,100,0,0,0,0,0,100,100,0,0.000000,0,9904,0.000000,0,0,0,0,108,8,0,8,100,5104,304,0,0,0,0,108,0,0,0,0,297,9400
2765,W3,1,1,5,5,0,0,0,0,0,0,0,100,100,0,0,0,0,0,100,100,0,0.000000,0,9904,0.000000,0,0,0,0,108,8,0,8,100,5104,304,0,0,0,0,108,0,0,0,0,325,9400
2766,W3,1,1,5,5,0,0,0,0,0,0,0,100,100,0,0,0,0,0,100,100,0,0.000000,0,9904,0.000000,0,0,0,0,108,8,0,8,100,5104,304,0,0,0,0,108,0,0,0,0,304,9400
2767,W3,1,1,5,5,0,0,0,0,0,0,0,100,100,0,0,0,0,0,100,100,0,0.000000,0,9904,0.000000,0,0,0,0,108,8,0,8,100,5104,304,0,0,0,0,108,0,0,0,0,307,9400
2768,W3,1,1,5,5,0,0,0,0,0,0,0,100,100,100,0,0,0,0,100,100,100,100.000000,1600,9904,16.155089,10,10,10,10,108,8,0,8,100,5104,304,0,0,0,0,108,0,0,0,0,290,9400
2769,W3,1,1,5,5,0,0,0,0,0,0,0,100,100,0,0,0,0,0,100,100,0,0.000000,0,9904,0.000000,0,0,0,0,108,8,0,8,100,5104,304,0,0,0,0,108,0,0,0,0,298,9400
2770,W3,1,1,5,5,0,0,0,0,0,0,0,100,100,0,0,0,0,0,100,100,0,0.000000,0,9904,0.000000,0,0,0,0,108,8,0,8,100,5104,304,0,0,0,0,108,0,0,0,0,307,9400
2771,W3,1,1,5,5,0,0,0,0,0,0,0,100,100,0,0,0,0,0,100,100,0,0.000000,0,9904,0.000000,0,0,0,0,108,8,0,8,100,5104,304,0,0,0,0,108,0,0,0,0,331,9400
2772,W3,1,1,5,5,0,0,0,0,0,0,0,100,100,0,0,0,0,0,100,100,0,0.000000,0,9904,0.000000,0,0,0,0,108,8,0,8,100,5104,304,0,0,0,0,108,0,0,0,0,296,9400
2773,W3,1,1,5,5,0,0,0,0,0,0,0,100,100,0,0,0,0,0,100,100,0,0.000000,0,9904,0.000000,0,0,0,0,108,8,0,8,100,5104,304,0,0,0,0,108,0,0,0,0,295,9400
2774,W3,1,1,5,5,0,0,0,0,0,0,0,100,100,0,0,0,0,0,100,100,0,0.000000,0,9904,0.000000,0,0,0,0,108,8,0,8,100,5104,304,0,0,0,0,108,0,0,0,0,300,9400
2775,W3,1,1,5,5,0,0,0,0,0,0,0,100,100,0,0,0,0,0,100,100,0,0.000000,0,9904,0.000000,0,0,0,0,108,8,0,8,100,5104,304,0,0,0,0,108,0,0,0,0,288,9400
2776,W3,1,1,5,5,0,0,0,0,0,0,0,100,100,0,0,0,0,0,100,100,0,0.000000,0,9904,0.000000,0,0,0,0,108,8,0,8,100,5104,304,0,0,0,0,108,0,0,0,0,303,9400
2777,W3,1,1,5,5,0,0,0,0,0,0,0,100,100,100,0,0,0,0,100,100,100,100.000000,1600,9904,16.155089,10,10,10,10,108,8,0,8,100,5104,304,0,0,0,0,108,0,0,0,0,340,9400
2778,W3,1,1,5,5,0,0,0,0,0,0,0,100,100,0,0,0,0,0,100,100,0,0.000000,0,9904,0.000000,0,0,0,0,108,8,0,8,100,5104,304,0,0,0,0,108,0,0,0,0,295,9400
2779,W3,1,1,5,5,0,0,0,0,0,0,0,100,100,0,0,0,0,0,100,100,0,0.000000,0,9904,0.000000,0,0,0,0,108,8,0,8,100,5104,304,0,0,0,0,108,0,0,0,0,305,9400
2780,W3,1,1,5,5,0,0,0,0,0,0,0,100,100,0,0,0,0,0,100,100,0,0.000000,0,9904,0.000000,0,0,0,0,108,8,0,8,100,5104,304,0,0,0,0,108,0,0,0,0,307,9400
2781,W3,1,1,5,5,0,0,0,0,0,0,0,100,100,0,0,0,0,0,100,100,0,0.000000,0,9904,0.000000,0,0,0,0,108,8,0,8,100,5104,304,0,0,0,0,108,0,0,0,0,295,9400
2782,W3,1,1,5,5,0,0,0,0,0,0,0,100,100,0,0,0,0,0,100,100,0,0.000000,0,9904,0.000000,0,0,0,0,108,8,0,8,100,5104,304,0,0,0,0,108,0,0,0,0,286,9400
2783,W3,1,1,5,5,0,0,0,0,0,0,0,100,100,0,0,0,0,0,100,100,0,0.000000,0,9904,0.000000,0,0,0,0,108,8,0,8,100,5104,304,0,0,0,0,108,0,0,0,0,290,9400
2784,W3,1,1,5,5,0,0,0,0,0,0,0,100,100,0,0,0,0,0,100,100,0,0.000000,0,9904,0.000000,0,0,0,0,108,8,0,8,100,5104,304,0,0,0,0,108,0,0,0,0,302,9400
2785,W3,1,1,5,5,0,0,0,0,0,0,0,100,100,0,0,0,0,0,100,100,0,0.000000,0,9904,0.000000,0,0,0,0,108,8,0,8,100,5104,304,0,0,0,0,108,0,0,0,0,281,9400
2786,W3,1,1,5,5,0,0,0,0,0,0,0,100,100,100,0,0,0,0,100,100,100,100.000000,1600,9904,16.155089,10,10,10,10,108,8,0,8,100,5104,304,0,0,0,0,108,0,0,0,0,300,9400
2787,W3,1,1,5,5,0,0,0,0,0,0,0,100,100,0,0,0,0,0,100,100,0,0.000000,0,9904,0.000000,0,0,0,0,108,8,0,8,100,5104,304,0,0,0,0,108,0,0,0,0,290,9400
2788,W3,1,1,5,5,0,0,0,0,0,0,0,100,100,0,0,0,0,0,100,100,0,0.000000,0,9904,0.000000,0,0,0,0,108,8,0,8,100,5104,304,0,0,0,0,108,0,0,0,0,316,9400
2789,W3,1,1,5,5,0,0,0,0,0,0,0,100,100,0,0,0,0,0,100,100,0,0.000000,0,9904,0.000000,0,0,0,0,108,8,0,8,100,5104,304,0,0,0,0,108,0,0,0,0,333,9400
2790,W3,1,1,5,5,0,0,0,0,0,0,0,100,100,0,0,0,0,0,100,100,0,0.000000,0,9904,0.000000,0,0,0,0,108,8,0,8,100,5104,304,0,0,0,0,108,0,0,0,0,300,9400
2791,W3,1,1,5,5,0,0,0,0,0,0,0,100,100,0,0,0,0,0,100,100,0,0.000000,0,9904,0.000000,0,0,0,0,108,8,0,8,100,5104,304,0,0,0,0,108,0,0,0,0,299,9400
2792,W3,1,1,5,5,0,0,0,0,0,0,0,100,100,0,0,0,0,0,100,100,0,0.000000,0,9904,0.000000,0,0,0,0,108,8,0,8,100,5104,304,0,0,0,0,108,0,0,0,0,314,9400
2793,W3,1,1,5,5,0,0,0,0,0,0,0,100,100,0,0,0,0,0,100,100,0,0.000000,0,9904,0.000000,0,0,0,0,108,8,0,8,100,5104,304,0,0,0,0,108,0,0,0,0,347,9400
2794,W3,1,1,5,5,0,0,0,0,0,0,0,100,100,0,0,0,0,0,100,100,0,0.000000,0,9904,0.000000,0,0,0,0,108,8,0,8,100,5104,304,0,0,0,0,108,0,0,0,0,304,9400
2795,W3,1,1,5,5,0,0,0,0,0,0,0,100,100,100,0,0,0,0,100,100,100,100.000000,1600,9904,16.155089,10,10,10,10,108,8,0,8,100,5104,304,0,0,0,0,108,0,0,0,0,309,9400
2796,W3,1,1,5,5,0,0,0,0,0,0,0,100,100,0,0,0,0,0,100,100,0,0.000000,0,9904,0.000000,0,0,0,0,108,8,0,8,100,5104,304,0,0,0,0,108,0,0,0,0,338,9400
2797,W3,1,1,5,5,0,0,0,0,0,0,0,100,100,0,0,0,0,0,100,100,0,0.000000,0,9904,0.000000,0,0,0,0,108,8,0,8,100,5104,304,0,0,0,0,108,0,0,0,0,281,9400
2798,W3,1,1,5,5,0,0,0,0,0,0,0,100,100,0,0,0,0,0,100,100,0,0.000000,0,9904,0.000000,0,0,0,0,108,8,0,8,100,5104,304,0,0,0,0,108,0,0,0,0,292,9400
2799,W3,1,1,5,5,0,0,0,0,0,0,0,100,100,0,0,0,0,0,100,100,0,0.000000,0,9904,0.000000,0,0,0,0,108,8,0,8,100,5104,304,0,0,0,0,108,0,0,0,0,289,9400
2800,W3,1,1,5,5,0,0,0,0,0,0,0,100,100,0,0,0,0,0,100,100,0,0.000000,0,9904,0.000000,0,0,0,0,108,8,0,8,100,5104,304,0,0,0,0,108,0,0,0,0,289,9400
2801,W3,1,1,5,5,0,0,0,0,0,0,0,100,100,0,0,0,0,0,100,100,0,0.000000,0,9904,0.000000,0,0,0,0,108,8,0,8,100,5104,304,0,0,0,0,108,0,0,0,0,290,9400
2802,W3,1,1,5,5,0,0,0,0,0,0,0,100,100,0,0,0,0,0,100,100,0,0.000000,0,9904,0.000000,0,0,0,0,108,8,0,8,100,5104,304,0,0,0,0,108,0,0,0,0,304,9400
2803,W3,1,1,5,5,0,0,0,0,0,0,0,100,100,0,0,0,0,0,100,100,0,0.000000,0,9904,0.000000,0,0,0,0,108,8,0,8,100,5104,304,0,0,0,0,108,0,0,0,0,284,9400
2804,W3,1,1,5,5,0,0,0,0,0,0,0,100,100,100,0,0,0,0,100,100,100,100.000000,1600,9904,16.155089,10,10,10,10,108,8,0,8,100,5104,304,0,0,0,0,108,0,0,0,0,308,9400
2805,W3,1,1,5,5,0,0,0,0,0,0,0,100,100,0,0,0,0,0,100,100,0,0.000000,0,9904,0.000000,0,0,0,0,108,8,0,8,100,5104,304,0,0,0,0,108,0,0,0,0,280,9400
2806,W3,1,1,5,5,0,0,0,0,0,0,0,100,100,0,0,0,0,0,100,100,0,0.000000,0,9904,0.000000,0,0,0,0,108,8,0,8,100,5104,304,0,0,0,0,108,0,0,0,0,304,9400
2807,W3,1,1,5,5,0,0,0,0,0,0,0,100,100,0,0,0,0,0,100,100,0,0.000000,0,9904,0.000000,0,0,0,0,108,8,0,8,100,5104,304,0,0,0,0,108,0,0,0,0,316,9400
2808,W3,1,1,5,5,0,0,0,0,0,0,0,100,100,0,0,0,0,0,100,100,0,0.000000,0,9904,0.000000,0,0,0,0,108,8,0,8,100,5104,304,0,0,0,0,108,0,0,0,0,302,9400
2809,W3,1,1,5,5,0,0,0,0,0,0,0,100,100,0,0,0,0,0,100,100,0,0.000000,0,9904,0.000000,0,0,0,0,108,8,0,8,100,5104,304,0,0,0,0,108,0,0,0,0,301,9400
2810,W3,1,1,5,5,0,0,0,0,0,0,0,100,100,0,0,0,0,0,100,100,0,0.000000,0,9904,0.000000,0,0,0,0,108,8,0,8,100,5104,304,0,0,0,0,108,0,0,0,0,302,9400
2811,W3,1,1,5,5,0,0,0,0,0,0,0,100,100,0,0,0,0,0,100,100,0,0.000000,0,9904,0.000000,0,0,0,0,108,8,0,8,100,5104,304,0,0,0,0,108,0,0,0,0,301,9400
2812,W3,1,1,5,5,0,0,0,0,0,0,0,100,100,0,0,0,0,0,100,100,0,0.000000,0,9904,0.000000,0,0,0,0,108,8,0,8,100,5104,304,0,0,0,0,108,0,0,0,0,300,9400
2813,W3,1,1,5,5,0,0,0,0,0,0,0,100,100,100,0,0,0,0,100,100,100,100.000000,1600,9904,16.155089,10,10,10,10,108,8,0,8,100,5104,304,0,0,0,0,108,0,0,0,0,329,9400
2814,W3,1,1,5,5,0,0,0,0,0,0,0,100,100,0,0,0,0,0,100,100,0,0.000000,0,9904,0.000000,0,0,0,0,108,8,0,8,100,5104,304,0,0,0,0,108,0,0,0,0,327,9400
2815,W3,1,1,5,5,0,0,0,0,0,0,0,100,100,0,0,0,0,0,100,100,0,0.000000,0,9904,0.000000,0,0,0,0,108,8,0,8,100,5104,304,0,0,0,0,108,0,0,0,0,333,9400
2816,W3,1,1,5,5,0,0,0,0,0,0,0,100,100,0,0,0,0,0,100,100,0,0.000000,0,9904,0.000000,0,0,0,0,108,8,0,8,100,5104,304,0,0,0,0,108,0,0,0,0,307,9400
2817,W3,1,1,5,5,0,0,0,0,0,0,0,100,100,0,0,0,0,0,100,100,0,0.000000,0,9904,0.000000,0,0,0,0,108,8,0,8,100,5104,304,0,0,0,0,108,0,0,0,0,295,9400
2818,W3,1,1,5,5,0,0,0,0,0,0,0,100,100,0,0,0,0,0,100,100,0,0.000000,0,9904,0.000000,0,0,0,0,108,8,0,8,100,5104,304,0,0,0,0,108,0,0,0,0,306,9400
2819,W3,1,1,5,5,0,0,0,0,0,0,0,100,100,0,0,0,0,0,100,100,0,0.000000,0,9904,0.000000,0,0,0,0,108,8,0,8,100,5104,304,0,0,0,0,108,0,0,0,0,335,9400
2820,W3,1,1,5,5,0,0,0,0,0,0,0,100,100,0,0,0,0,0,100,100,0,0.000000,0,9904,0.000000,0,0,0,0,108,8,0,8,100,5104,304,0,0,0,0,108,0,0,0,0,306,9400
2821,W3,1,1,5,5,0,0,0,0,0,0,0,100,100,0,0,0,0,0,100,100,0,0.000000,0,9904,0.000000,0,0,0,0,108,8,0,8,100,5104,304,0,0,0,0,108,0,0,0,0,338,9400
2822,W3,1,1,5,5,0,0,0,0,0,0,0,100,100,100,0,0,0,0,100,100,100,100.000000,1600,9904,16.155089,10,10,10,10,108,8,0,8,100,5104,304,0,0,0,0,108,0,0,0,0,316,9400
2823,W3,1,1,5,5,0,0,0,0,0,0,0,100,100,0,0,0,0,0,100,100,0,0.000000,0,9904,0.000000,0,0,0,0,108,8,0,8,100,5104,304,0,0,0,0,108,0,0,0,0,332,9400
2824,W3,1,1,5,5,0,0,0,0,0,0,0,100,100,0,0,0,0,0,100,100,0,0.000000,0,9904,0.000000,0,0,0,0,108,8,0,8,100,5104,304,0,0,0,0,108,0,0,0,0,300,9400
2825,W3,1,1,5,5,0,0,0,0,0,0,0,100,100,0,0,0,0,0,100,100,0,0.000000,0,9904,0.000000,0,0,0,0,108,8,0,8,100,5104,304,0,0,0,0,108,0,0,0,0,312,9400
2826,W3,1,1,5,5,0,0,0,0,0,0,0,100,100,0,0,0,0,0,100,100,0,0.000000,0,9904,0.000000,0,0,0,0,108,8,0,8,100,5104,304,0,0,0,0,108,0,0,0,0,296,9400
2827,W3,1,1,5,5,0,0,0,0,0,0,0,100,100,0,0,0,0,0,100,100,0,0.000000,0,9904,0.000000,0,0,0,0,108,8,0,8,100,5104,304,0,0,0,0,108,0,0,0,0,297,9400
2828,W3,1,1,5,5,0,0,0,0,0,0,0,100,100,0,0,0,0,0,100,100,0,0.000000,0,9904,0.000000,0,0,0,0,108,8,0,8,100,5104,304,0,0,0,0,108,0,0,0,0,312,9400
2829,W3,1,1,5,5,0,0,0,0,0,0,0,100,100,0,0,0,0,0,100,100,0,0.000000,0,9904,0.000000,0,0,0,0,108,8,0,8,100,5104,304,0,0,0,0,108,0,0,0,0,290,9400
2830,W3,1,1,5,5,0,0,0,0,0,0,0,100,100,0,0,0,0,0,100,100,0,0.000000,0,9904,0.000000,0,0,0,0,108,8,0,8,100,5104,304,0,0,0,0,108,0,0,0,0,321,9400
2831,W3,1,1,5,5,0,0,0,0,0,0,0,100,100,100,0,0,0,0,100,100,100,100.000000,1600,9904,16.155089,10,10,10,10,108,8,0,8,100,5104,304,0,0,0,0,108,0,0,0,0,296,9400
2832,W3,1,1,5,5,0,0,0,0,0,0,0,100,100,0,0,0,0,0,100,100,0,0.000000,0,9904,0.000000,0,0,0,0,108,8,0,8,100,5104,304,0,0,0,0,108,0,0,0,0,299,9400
2833,W3,1,1,5,5,0,0,0,0,0,0,0,100,100,0,0,0,0,0,100,100,0,0.000000,0,9904,0.000000,0,0,0,0,108,8,0,8,100,5104,304,0,0,0,0,108,0,0,0,0,318,9400
2834,W3,1,1,5,5,0,0,0,0,0,0,0,100,100,0,0,0,0,0,100,100,0,0.000000,0,9904,0.000000,0,0,0,0,108,8,0,8,100,5104,304,0,0,0,0,108,0,0,0,0,284,9400
2835,W3,1,1,5,5,0,0,0,0,0,0,0,100,100,0,0,0,0,0,100,100,0,0.000000,0,9904,0.000000,0,0,0,0,108,8,0,8,100,5104,304,0,0,0,0,108,0,0,0,0,352,9400
2836,W3,1,1,5,5,0,0,0,0,0,0,0,100,100,0,0,0,0,0,100,100,0,0.000000,0,9904,0.000000,0,0,0,0,108,8,0,8,100,5104,304,0,0,0,0,108,0,0,0,0,297,9400
2837,W3,1,1,5,5,0,0,0,0,0,0,0,100,100,0,0,0,0,0,100,100,0,0.000000,0,9904,0.000000,0,0,0,0,108,8,0,8,100,5104,304,0,0,0,0,108,0,0,0,0,287,9400
2838,W3,1,1,5,5,0,0,0,0,0,0,0,100,100,0,0,0,0,0,100,100,0,0.000000,0,9904,0.000000,0,0,0,0,108,8,0,8,100,5104,304,0,0,0,0,108,0,0,0,0,297,9400
2839,W3,1,1,5,5,0,0,0,0,0,0,0,100,100,0,0,0,0,0,100,100,0,0.000000,0,9904,0.000000,0,0,0,0,108,8,0,8,100,5104,304,0,0,0,0,108,0,0,0,0,307,9400
2840,W3,1,1,5,5,0,0,0,0,0,0,0,100,100,100,0,0,0,0,100,100,100,100.000000,1600,9904,16.155089,10,10,10,10,108,8,0,8,100,5104,304,0,0,0,0,108,0,0,0,0,288,9400
2841,W3,1,1,5,5,0,0,0,0,0,0,0,100,100,0,0,0,0,0,100,100,0,0.000000,0,9904,0.000000,0,0,0,0,108,8,0,8,100,5104,304,0,0,0,0,108,0,0,0,0,290,9400
2842,W3,1,1,5,5,0,0,0,0,0,0,0,100,100,0,0,0,0,0,100,100,0,0.000000,0,9904,0.000000,0,0,0,0,108,8,0,8,100,5104,304,0,0,0,0,108,0,0,0,0,347,9400
2843,W3,1,1,5,5,0,0,0,0,0,0,0,100,100,0,0,0,0,0,100,100,0,0.000000,0,9904,0.000000,0,0,0,0,108,8,0,8,100,5104,304,0,0,0,0,108,0,0,0,0,291,9400
2844,W3,1,1,5,5,0,0,0,0,0,0,0,100,100,0,0,0,0,0,100,100,0,0.000000,0,9904,0.000000,0,0,0,0,108,8,0,8,100,5104,304,0,0,0,0,108,0,0,0,0,308,9400
2845,W3,1,1,5,5,0,0,0,0,0,0,0,100,100,0,0,0,0,0,100,100,0,0.000000,0,9904,0.000000,0,0,0,0,108,8,0,8,100,5104,304,0,0,0,0,108,0,0,0,0,293,9400
2846,W3,1,1,5,5,0,0,0,0,0,0,0,100,100,0,0,0,0,0,100,100,0,0.000000,0,9904,0.000000,0,0,0,0,108,8,0,8,100,5104,304,0,0,0,0,108,0,0,0,0,304,9400
2847,W3,1,1,5,5,0,0,0,0,0,0,0,100,100,0,0,0,0,0,100,100,0,0.000000,0,9904,0.000000,0,0,0,0,108,8,0,8,100,5104,304,0,0,0,0,108,0,0,0,0,290,9400
2848,W3,1,1,5,5,0,0,0,0,0,0,0,100,100,0,0,0,0,0,100,100,0,0.000000,0,9904,0.000000,0,0,0,0,108,8,0,8,100,5104,304,0,0,0,0,108,0,0,0,0,345,9400
2849,W3,1,1,5,5,0,0,0,0,0,0,0,100,100,100,0,0,0,0,100,100,100,100.000000,1600,9904,16.155089,10,10,10,10,108,8,0,8,100,5104,304,0,0,0,0,108,0,0,0,0,360,9400
2850,W3,1,1,5,5,0,0,0,0,0,0,0,100,100,0,0,0,0,0,100,100,0,0.000000,0,9904,0.000000,0,0,0,0,108,8,0,8,100,5104,304,0,0,0,0,108,0,0,0,0,316,9400
2851,W3,1,1,5,5,0,0,0,0,0,0,0,100,100,0,0,0,0,0,100,100,0,0.000000,0,9904,0.000000,0,0,0,0,108,8,0,8,100,5104,304,0,0,0,0,108,0,0,0,0,290,9400
2852,W3,1,1,5,5,0,0,0,0,0,0,0,100,100,0,0,0,0,0,100,100,0,0.000000,0,9904,0.000000,0,0,0,0,108,8,0,8,100,5104,304,0,0,0,0,108,0,0,0,0,289,9400
2853,W3,1,1,5,5,0,0,0,0,0,0,0,100,100,0,0,0,0,0,100,100,0,0.000000,0,9904,0.000000,0,0,0,0,108,8,0,8,100,5104,304,0,0,0,0,108,0,0,0,0,340,9400
2854,W3,1,1,5,5,0,0,0,0,0,0,0,100,100,0,0,0,0,0,100,100,0,0.000000,0,9904,0.000000,0,0,0,0,108,8,0,8,100,5104,304,0,0,0,0,108,0,0,0,0,297,9400
2855,W3,1,1,5,5,0,0,0,0,0,0,0,100,100,0,0,0,0,0,100,100,0,0.000000,0,9904,0.000000,0,0,0,0,108,8,0,8,100,5104,304,0,0,0,0,108,0,0,0,0,297,9400
2856,W3,1,1,5,5,0,0,0,0,0,0,0,100,100,0,0,0,0,0,100,100,0,0.000000,0,9904,0.000000,0,0,0,0,108,8,0,8,100,5104,304,0,0,0,0,108,0,0,0,0,303,9400
2857,W3,1,1,5,5,0,0,0,0,0,0,0,100,100,0,0,0,0,0,100,100,0,0.000000,0,9904,0.000000,0,0,0,0,108,8,0,8,100,5104,304,0,0,0,0,108,0,0,0,0,318,9400
2858,W3,1,1,5,5,0,0,0,0,0,0,0,100,100,100,0,0,0,0,100,100,100,100.000000,1600,9904,16.155089,10,10,10,10,108,8,0,8,100,5104,304,0,0,0,0,108,0,0,0,0,297,9400
2859,W3,1,1,5,5,0,0,0,0,0,0,0,100,100,0,0,0,0,0,100,100,0,0.000000,0,9904,0.000000,0,0,0,0,108,8,0,8,100,5104,304,0,0,0,0,108,0,0,0,0,303,9400
2860,W3,1,1,5,5,0,0,0,0,0,0,0,100,100,0,0,0,0,0,100,100,0,0.000000,0,9904,0.000000,0,0,0,0,108,8,0,8,100,5104,304,0,0,0,0,108,0,0,0,0,298,9400
2861,W3,1,1,5,5,0,0,0,0,0,0,0,100,100,0,0,0,0,0,100,100,0,0.000000,0,9904,0.000000,0,0,0,0,108,8,0,8,100,5104,304,0,0,0,0,108,0,0,0,0,326,9400
2862,W3,1,1,5,5,0,0,0,0,0,0,0,100,100,0,0,0,0,0,100,100,0,0.000000,0,9904,0.000000,0,0,0,0,108,8,0,8,100,5104,304,0,0,0,0,108,0,0,0,0,302,9400
2863,W3,1,1,5,5,0,0,0,0,0,0,0,100,100,0,0,0,0,0,100,100,0,0.000000,0,9904,0.000000,0,0,0,0,108,8,0,8,100,5104,304,0,0,0,0,108,0,0,0,0,339,9400
2864,W3,1,1,5,5,0,0,0,0,0,0,0,100,100,0,0,0,0,0,100,100,0,0.000000,0,9904,0.000000,0,0,0,0,108,8,0,8,100,5104,304,0,0,0,0,108,0,0,0,0,288,9400
2865,W3,1,1,5,5,0,0,0,0,0,0,0,100,100,0,0,0,0,0,100,100,0,0.000000,0,9904,0.000000,0,0,0,0,108,8,0,8,100,5104,304,0,0,0,0,108,0,0,0,0,285,9400
2866,W3,1,1,5,5,0,0,0,0,0,0,0,100,100,0,0,0,0,0,100,100,0,0.000000,0,9904,0.000000,0,0,0,0,108,8,0,8,100,5104,304,0,0,0,0,108,0,0,0,0,283,9400
2867,W3,1,1,5,5,0,0,0,0,0,0,0,100,100,100,0,0,0,0,100,100,100,100.000000,1600,9904,16.155089,10,10,10,10,108,8,0,8,100,5104,304,0,0,0,0,108,0,0,0,0,286,9400
2868,W3,1,1,5,5,0,0,0,0,0,0,0,100,100,0,0,0,0,0,100,100,0,0.000000,0,9904,0.000000,0,0,0,0,108,8,0,8,100,5104,304,0,0,0,0,108,0,0,0,0,325,9400
2869,W3,1,1,5,5,0,0,0,0,0,0,0,100,100,0,0,0,0,0,100,100,0,0.000000,0,9904,0.000000,0,0,0,0,108,8,0,8,100,5104,304,0,0,0,0,108,0,0,0,0,305,9400
2870,W3,1,1,5,5,0,0,0,0,0,0,0,100,100,0,0,0,0,0,100,100,0,0.000000,0,9904,0.000000,0,0,0,0,108,8,0,8,100,5104,304,0,0,0,0,108,0,0,0,0,297,9400
2871,W3,1,1,5,5,0,0,0,0,0,0,0,100,100,0,0,0,0,0,100,100,0,0.000000,0,9904,0.000000,0,0,0,0,108,8,0,8,100,5104,304,0,0,0,0,108,0,0,0,0,285,9400
2872,W3,1,1,5,5,0,0,0,0,0,0,0,100,100,0,0,0,0,0,100,100,0,0.000000,0,9904,0.000000,0,0,0,0,108,8,0,8,100,5104,304,0,0,0,0,108,0,0,0,0,285,9400
2873,W3,1,1,5,5,0,0,0,0,0,0,0,100,100,0,0,0,0,0,100,100,0,0.000000,0,9904,0.000000,0,0,0,0,108,8,0,8,100,5104,304,0,0,0,0,108,0,0,0,0,291,9400
2874,W3,1,1,5,5,0,0,0,0,0,0,0,100,100,0,0,0,0,0,100,100,0,0.000000,0,9904,0.000000,0,0,0,0,108,8,0,8,100,5104,304,0,0,0,0,108,0,0,0,0,296,9400
2875,W3,1,1,5,5,0,0,0,0,0,0,0,100,100,0,0,0,0,0,100,100,0,0.000000,0,9904,0.000000,0,0,0,0,108,8,0,8,100,5104,304,0,0,0,0,108,0,0,0,0,283,9400
2876,W3,1,1,5,5,0,0,0,0,0,0,0,100,100,100,0,0,0,0,100,100,100,100.000000,1600,9904,16.155089,10,10,10,10,108,8,0,8,100,5104,304,0,0,0,0,108,0,0,0,0,285,9400
2877,W3,1,1,5,5,0,0,0,0,0,0,0,100,100,0,0,0,0,0,100,100,0,0.000000,0,9904,0.000000,0,0,0,0,108,8,0,8,100,5104,304,0,0,0,0,108,0,0,0,0,289,9400
2878,W3,1,1,5,5,0,0,0,0,0,0,0,100,100,0,0,0,0,0,100,100,0,0.000000,0,9904,0.000000,0,0,0,0,108,8,0,8,100,5104,304,0,0,0,0,108,0,0,0,0,290,9400
2879,W3,1,1,5,5,0,0,0,0,0,0,0,100,100,0,0,0,0,0,100,100,0,0.000000,0,9904,0.000000,0,0,0,0,108,8,0,8,100,5104,304,0,0,0,0,108,0,0,0,0,286,9400
2880,W3,1,1,5,5,0,0,0,0,0,0,0,100,100,0,0,0,0,0,100,100,0,0.000000,0,9904,0.000000,0,0,0,0,108,8,0,8,100,5104,304,0,0,0,0,108,0,0,0,0,283,9400
2881,W3,1,1,5,5,0,0,0,0,0,0,0,100,100,0,0,0,0,0,100,100,0,0.000000,0,9904,0.000000,0,0,0,0,108,8,0,8,100,5104,304,0,0,0,0,108,0,0,0,0,285,9400
2882,W3,1,1,5,5,0,0,0,0,0,0,0,100,100,0,0,0,0,0,100,100,0,0.000000,0,9904,0.000000,0,0,0,0,108,8,0,8,100,5104,304,0,0,0,0,108,0,0,0,0,290,9400
2883,W3,1,1,5,5,0,0,0,0,0,0,0,100,100,0,0,0,0,0,100,100,0,0.000000,0,9904,0.000000,0,0,0,0,108,8,0,8,100,5104,304,0,0,0,0,108,0,0,0,0,287,9400
2884,W3,1,1,5,5,0,0,0,0,0,0,0,100,100,0,0,0,0,0,100,100,0,0.000000,0,9904,0.000000,0,0,0,0,108,8,0,8,100,5104,304,0,0,0,0,108,0,0,0,0,324,9400
2885,W3,1,1,5,5,0,0,0,0,0,0,0,100,100,100,0,0,0,0,100,100,100,100.000000,1600,9904,16.155089,10,10,10,10,108,8,0,8,100,5104,304,0,0,0,0,108,0,0,0,0,312,9400
2886,W3,1,1,5,5,0,0,0,0,0,0,0,100,100,0,0,0,0,0,100,100,0,0.000000,0,9904,0.000000,0,0,0,0,108,8,0,8,100,5104,304,0,0,0,0,108,0,0,0,0,304,9400
2887,W3,1,1,5,5,0,0,0,0,0,0,0,100,100,0,0,0,0,0,100,100,0,0.000000,0,9904,0.000000,0,0,0,0,108,8,0,8,100,5104,304,0,0,0,0,108,0,0,0,0,327,9400
2888,W3,1,1,5,5,0,0,0,0,0,0,0,100,100,0,0,0,0,0,100,100,0,0.000000,0,9904,0.000000,0,0,0,0,108,8,0,8,100,5104,304,0,0,0,0,108,0,0,0,0,325,9400
2889,W3,1,1,5,5,0,0,0,0,0,0,0,100,100,0,0,0,0,0,100,100,0,0.000000,0,9904,0.000000,0,0,0,0,108,8,0,8,100,5104,304,0,0,0,0,108,0,0,0,0,300,9400
2890,W3,1,1,5,5,0,0,0,0,0,0,0,100,100,0,0,0,0,0,100,100,0,0.000000,0,9904,0.000000,0,0,0,0,108,8,0,8,100,5104,304,0,0,0,0,108,0,0,0,0,329,9400
2891,W3,1,1,5,5,0,0,0,0,0,0,0,100,100,0,0,0,0,0,100,100,0,0.000000,0,9904,0.000000,0,0,0,0,108,8,0,8,100,5104,304,0,0,0,0,108,0,0,0,0,300,9400
2892,W3,1,1,5,5,0,0,0,0,0,0,0,100,100,0,0,0,0,0,100,100,0,0.000000,0,9904,0.000000,0,0,0,0,108,8,0,8,100,5104,304,0,0,0,0,108,0,0,0,0,320,9400
2893,W3,1,1,5,5,0,0,0,0,0,0,0,100,100,0,0,0,0,0,100,100,0,0.000000,0,9904,0.000000,0,0,0,0,108,8,0,8,100,5104,304,0,0,0,0,108,0,0,0,0,293,9400
2894,W3,1,1,5,5,0,0,0,0,0,0,0,100,100,100,0,0,0,0,100,100,100,100.000000,1600,9904,16.155089,10,10,10,10,108,8,0,8,100,5104,304,0,0,0,0,108,0,0,0,0,311,9400
2895,W3,1,1,5,5,0,0,0,0,0,0,0,100,100,0,0,0,0,0,100,100,0,0.000000,0,9904,0.000000,0,0,0,0,108,8,0,8,100,5104,304,0,0,0,0,108,0,0,0,0,310,9400
2896,W3,1,1,5,5,0,0,0,0,0,0,0,100,100,0,0,0,0,0,100,100,0,0.000000,0,9904,0.000000,0,0,0,0,108,8,0,8,100,5104,304,0,0,0,0,108,0,0,0,0,321,9400
2897,W3,1,1,5,5,0,0,0,0,0,0,0,100,100,0,0,0,0,0,100,100,0,0.000000,0,9904,0.000000,0,0,0,0,108,8,0,8,100,5104,304,0,0,0,0,108,0,0,0,0,301,9400
2898,W3,1,1,5,5,0,0,0,0,0,0,0,100,100,0,0,0,0,0,100,100,0,0.000000,0,9904,0.000000,0,0,0,0,108,8,0,8,100,5104,304,0,0,0,0,108,0,0,0,0,305,9400
2899,W3,1,1,5,5,0,0,0,0,0,0,0,100,100,0,0,0,0,0,100,100,0,0.000000,0,9904,0.000000,0,0,0,0,108,8,0,8,100,5104,304,0,0,0,0,108,0,0,0,0,329,9400
2900,W3,1,1,5,5,0,0,0,0,0,0,0,100,100,0,0,0,0,0,100,100,0,0.000000,0,9904,0.000000,0,0,0,0,108,8,0,8,100,5104,304,0,0,0,0,108,0,0,0,0,325,9400
2901,W3,1,1,5,5,0,0,0,0,0,0,0,100,100,0,0,0,0,0,100,100,0,0.000000,0,9904,0.000000,0,0,0,0,108,8,0,8,100,5104,304,0,0,0,0,108,0,0,0,0,300,9400
2902,W3,1,1,5,5,0,0,0,0,0,0,0,100,100,0,0,0,0,0,100,100,0,0.000000,0,9904,0.000000,0,0,0,0,108,8,0,8,100,5104,304,0,0,0,0,108,0,0,0,0,300,9400
2903,W3,1,1,5,5,0,0,0,0,0,0,0,100,100,100,0,0,0,0,100,100,100,100.000000,1600,9904,16.155089,10,10,10,10,108,8,0,8,100,5104,304,0,0,0,0,108,0,0,0,0,342,9400
2904,W3,1,1,5,5,0,0,0,0,0,0,0,100,100,0,0,0,0,0,100,100,0,0.000000,0,9904,0.000000,0,0,0,0,108,8,0,8,100,5104,304,0,0,0,0,108,0,0,0,0,304,9400
2905,W3,1,1,5,5,0,0,0,0,0,0,0,100,100,0,0,0,0,0,100,100,0,0.000000,0,9904,0.000000,0,0,0,0,108,8,0,8,100,5104,304,0,0,0,0,108,0,0,0,0,301,9400
2906,W3,1,1,5,5,0,0,0,0,0,0,0,100,100,0,0,0,0,0,100,100,0,0.000000,0,9904,0.000000,0,0,0,0,108,8,0,8,100,5104,304,0,0,0,0,108,0,0,0,0,298,9400
2907,W3,1,1,5,5,0,0,0,0,0,0,0,100,100,0,0,0,0,0,100,100,0,0.000000,0,9904,0.000000,0,0,0,0,108,8,0,8,100,5104,304,0,0,0,0,108,0,0,0,0,281,9400
2908,W3,1,1,5,5,0,0,0,0,0,0,0,100,100,0,0,0,0,0,100,100,0,0.000000,0,9904,0.000000,0,0,0,0,108,8,0,8,100,5104,304,0,0,0,0,108,0,0,0,0,289,9400
2909,W3,1,1,5,5,0,0,0,0,0,0,0,100,100,0,0,0,0,0,100,100,0,0.000000,0,9904,0.000000,0,0,0,0,108,8,0,8,100,5104,304,0,0,0,0,108,0,0,0,0,316,9400
2910,W3,1,1,5,5,0,0,0,0,0,0,0,100,100,0,0,0,0,0,100,100,0,0.000000,0,9904,0.000000,0,0,0,0,108,8,0,8,100,5104,304,0,0,0,0,108,0,0,0,0,303,9400
2911,W3,1,1,5,5,0,0,0,0,0,0,0,100,100,0,0,0,0,0,100,100,0,0.000000,0,9904,0.000000,0,0,0,0,108,8,0,8,100,5104,304,0,0,0,0,108,0,0,0,0,293,9400
2912,W3,1,1,5,5,0,0,0,0,0,0,0,100,100,100,0,0,0,0,100,100,100,100.000000,1600,9904,16.155089,10,10,10,10,108,8,0,8,100,5104,304,0,0,0,0,108,0,0,0,0,296,9400
2913,W3,1,1,5,5,0,0,0,0,0,0,0,100,100,0,0,0,0,0,100,100,0,0.000000,0,9904,0.000000,0,0,0,0,108,8,0,8,100,5104,304,0,0,0,0,108,0,0,0,0,319,9400
2914,W3,1,1,5,5,0,0,0,0,0,0,0,100,100,0,0,0,0,0,100,100,0,0.000000,0,9904,0.000000,0,0,0,0,108,8,0,8,100,5104,304,0,0,0,0,108,0,0,0,0,295,9400
2915,W3,1,1,5,5,0,0,0,0,0,0,0,100,100,0,0,0,0,0,100,100,0,0.000000,0,9904,0.000000,0,0,0,0,108,8,0,8,100,5104,304,0,0,0,0,108,0,0,0,0,295,9400
2916,W3,1,1,5,5,0,0,0,0,0,0,0,100,100,0,0,0,0,0,100,100,0,0.000000,0,9904,0.000000,0,0,0,0,108,8,0,8,100,5104,304,0,0,0,0,108,0,0,0,0,319,9400
2917,W3,1,1,5,5,0,0,0,0,0,0,0,100,100,0,0,0,0,0,100,100,0,0.000000,0,9904,0.000000,0,0,0,0,108,8,0,8,100,5104,304,0,0,0,0,108,0,0,0,0,324,9400
2918,W3,1,1,5,5,0,0,0,0,0,0,0,100,100,0,0,0,0,0,100,100,0,0.000000,0,9904,0.000000,0,0,0,0,108,8,0,8,100,5104,304,0,0,0,0,108,0,0,0,0,298,9400
2919,W3,1,1,5,5,0,0,0,0,0,0,0,100,100,0,0,0,0,0,100,100,0,0.000000,0,9904,0.000000,0,0,0,0,108,8,0,8,100,5104,304,0,0,0,0,108,0,0,0,0,297,9400
2920,W3,1,1,5,5,0,0,0,0,0,0,0,100,100,0,0,0,0,0,100,100,0,0.000000,0,9904,0.000000,0,0,0,0,108,8,0,8,100,5104,304,0,0,0,0,108,0,0,0,0,301,9400
2921,W3,1,1,5,5,0,0,0,0,0,0,0,100,100,100,0,0,0,0,100,100,100,100.000000,1600,9904,16.155089,10,10,10,10,108,8,0,8,100,5104,304,0,0,0,0,108,0,0,0,0,306,9400
2922,W3,1,1,5,5,0,0,0,0,0,0,0,100,100,0,0,0,0,0,100,100,0,0.000000,0,9904,0.000000,0,0,0,0,108,8,0,8,100,5104,304,0,0,0,0,108,0,0,0,0,310,9400
2923,W3,1,1,5,5,0,0,0,0,0,0,0,100,100,0,0,0,0,0,100,100,0,0.000000,0,9904,0.000000,0,0,0,0,108,8,0,8,100,5104,304,0,0,0,0,108,0,0,0,0,287,9400
2924,W3,1,1,5,5,0,0,0,0,0,0,0,100,100,0,0,0,0,0,100,100,0,0.000000,0,9904,0.000000,0,0,0,0,108,8,0,8,100,5104,304,0,0,0,0,108,0,0,0,0,312,9400
2925,W3,1,1,5,5,0,0,0,0,0,0,0,100,100,0,0,0,0,0,100,100,0,0.000000,0,9904,0.000000,0,0,0,0,108,8,0,8,100,5104,304,0,0,0,0,108,0,0,0,0,305,9400
2926,W3,1,1,5,5,0,0,0,0,0,0,0,100,100,0,0,0,0,0,100,100,0,0.000000,0,9904,0.000000,0,0,0,0,108,8,0,8,100,5104,304,0,0,0,0,108,0,0,0,0,316,9400
2927,W3,1,1,5,5,0,0,0,0,0,0,0,100,100,0,0,0,0,0,100,100,0,0.000000,0,9904,0.000000,0,0,0,0,108,8,0,8,100,5104,304,0,0,0,0,108,0,0,0,0,289,9400
2928,W3,1,1,5,5,0,0,0,0,0,0,0,100,100,0,0,0,0,0,100,100,0,0.000000,0,9904,0.000000,0,0,0,0,108,8,0,8,100,5104,304,0,0,0,0,108,0,0,0,0,333,9400
2929,W3,1,1,5,5,0,0,0,0,0,0,0,100,100,0,0,0,0,0,100,100,0,0.000000,0,9904,0.000000,0,0,0,0,108,8,0,8,100,5104,304,0,0,0,0,108,0,0,0,0,279,9400
2930,W3,1,1,5,5,0,0,0,0,0,0,0,100,100,100,0,0,0,0,100,100,100,100.000000,1600,9904,16.155089,10,10,10,10,108,8,0,8,100,5104,304,0,0,0,0,108,0,0,0,0,336,9400
2931,W3,1,1,5,5,0,0,0,0,0,0,0,100,100,0,0,0,0,0,100,100,0,0.000000,0,9904,0.000000,0,0,0,0,108,8,0,8,100,5104,304,0,0,0,0,108,0,0,0,0,284,9400
2932,W3,1,1,5,5,0,0,0,0,0,0,0,100,100,0,0,0,0,0,100,100,0,0.000000,0,9904,0.000000,0,0,0,0,108,8,0,8,100,5104,304,0,0,0,0,108,0,0,0,0,292,9400
2933,W3,1,1,5,5,0,0,0,0,0,0,0,100,100,0,0,0,0,0,100,100,0,0.000000,0,9904,0.000000,0,0,0,0,108,8,0,8,100,5104,304,0,0,0,0,108,0,0,0,0,308,9400
2934,W3,1,1,5,5,0,0,0,0,0,0,0,100,100,0,0,0,0,0,100,100,0,0.000000,0,9904,0.000000,0,0,0,0,108,8,0,8,100,5104,304,0,0,0,0,108,0,0,0,0,322,9400
2935,W3,1,1,5,5,0,0,0,0,0,0,0,100,100,0,0,0,0,0,100,100,0,0.000000,0,9904,0.000000,0,0,0,0,108,8,0,8,100,5104,304,0,0,0,0,108,0,0,0,0,291,9400
2936,W3,1,1,5,5,0,0,0,0,0,0,0,100,100,0,0,0,0,0,100,100,0,0.000000,0,9904,0.000000,0,0,0,0,108,8,0,8,100,5104,304,0,0,0,0,108,0,0,0,0,280,9400
2937,W3,1,1,5,5,0,0,0,0,0,0,0,100,100,0,0,0,0,0,100,100,0,0.000000,0,9904,0.000000,0,0,0,0,108,8,0,8,100,5104,304,0,0,0,0,108,0,0,0,0,286,9400
2938,W3,1,1,5,5,0,0,0,0,0,0,0,100,100,0,0,0,0,0,100,100,0,0.000000,0,9904,0.000000,0,0,0,0,108,8,0,8,100,5104,304,0,0,0,0,108,0,0,0,0,336,9400
2939,W3,1,1,5,5,0,0,0,0,0,0,0,100,100,100,0,0,0,0,100,100,100,100.000000,1600,9904,16.155089,10,10,10,10,108,8,0,8,100,5104,304,0,0,0,0,108,0,0,0,0,301,9400
2940,W3,1,1,5,5,0,0,0,0,0,0,0,100,100,0,0,0,0,0,100,100,0,0.000000,0,9904,0.000000,0,0,0,0,108,8,0,8,100,5104,304,0,0,0,0,108,0,0,0,0,306,9400
2941,W3,1,1,5,5,0,0,0,0,0,0,0,100,100,0,0,0,0,0,100,100,0,0.000000,0,9904,0.000000,0,0,0,0,108,8,0,8,100,5104,304,0,0,0,0,108,0,0,0,0,328,9400
2942,W3,1,1,5,5,0,0,0,0,0,0,0,100,100,0,0,0,0,0,100,100,0,0.000000,0,9904,0.000000,0,0,0,0,108,8,0,8,100,5104,304,0,0,0,0,108,0,0,0,0,282,9400
2943,W3,1,1,5,5,0,0,0,0,0,0,0,100,100,0,0,0,0,0,100,100,0,0.000000,0,9904,0.000000,0,0,0,0,108,8,0,8,100,5104,304,0,0,0,0,108,0,0,0,0,274,9400
2944,W3,1,1,5,5,0,0,0,0,0,0,0,100,100,0,0,0,0,0,100,100,0,0.000000,0,9904,0.000000,0,0,0,0,108,8,0,8,100,5104,304,0,0,0,0,108,0,0,0,0,282,9400
2945,W3,1,1,5,5,0,0,0,0,0,0,0,100,100,0,0,0,0,0,100,100,0,0.000000,0,9904,0.000000,0,0,0,0,108,8,0,8,100,5104,304,0,0,0,0,108,0,0,0,0,277,9400
2946,W3,1,1,5,5,0,0,0,0,0,0,0,100,100,0,0,0,0,0,100,100,0,0.000000,0,9904,0.000000,0,0,0,0,108,8,0,8,100,5104,304,0,0,0,0,108,0,0,0,0,333,9400
2947,W3,1,1,5,5,0,0,0,0,0,0,0,100,100,0,0,0,0,0,100,100,0,0.000000,0,9904,0.000000,0,0,0,0,108,8,0,8,100,5104,304,0,0,0,0,108,0,0,0,0,283,9400
2948,W3,1,1,5,5,0,0,0,0,0,0,0,100,100,100,0,0,0,0,100,100,100,100.000000,1600,9904,16.155089,10,10,10,10,108,8,0,8,100,5104,304,0,0,0,0,108,0,0,0,0,312,9400
2949,W3,1,1,5,5,0,0,0,0,0,0,0,100,100,0,0,0,0,0,100,100,0,0.000000,0,9904,0.000000,0,0,0,0,108,8,0,8,100,5104,304,0,0,0,0,108,0,0,0,0,315,9400
2950,W3,1,1,5,5,0,0,0,0,0,0,0,100,100,0,0,0,0,0,100,100,0,0.000000,0,9904,0.000000,0,0,0,0,108,8,0,8,100,5104,304,0,0,0,0,108,0,0,0,0,289,9400
2951,W3,1,1,5,5,0,0,0,0,0,0,0,100,100,0,0,0,0,0,100,100,0,0.000000,0,9904,0.000000,0,0,0,0,108,8,0,8,100,5104,304,0,0,0,0,108,0,0,0,0,307,9400
2952,W3,1,1,5,5,0,0,0,0,0,0,0,100,100,0,0,0,0,0,100,100,0,0.000000,0,9904,0.000000,0,0,0,0,108,8,0,8,100,5104,304,0,0,0,0,108,0,0,0,0,303,9400
2953,W3,1,1,5,5,0,0,0,0,0,0,0,100,100,0,0,0,0,0,100,100,0,0.000000,0,9904,0.000000,0,0,0,0,108,8,0,8,100,5104,304,0,0,0,0,108,0,0,0,0,279,9400
2954,W3,1,1,5,5,0,0,0,0,0,0,0,100,100,0,0,0,0,0,100,100,0,0.000000,0,9904,0.000000,0,0,0,0,108,8,0,8,100,5104,304,0,0,0,0,108,0,0,0,0,315,9400
2955,W3,1,1,5,5,0,0,0,0,0,0,0,100,100,0,0,0,0,0,100,100,0,0.000000,0,9904,0.000000,0,0,0,0,108,8,0,8,100,5104,304,0,0,0,0,108,0,0,0,0,295,9400
2956,W3,1,1,5,5,0,0,0,0,0,0,0,100,100,0,0,0,0,0,100,100,0,0.000000,0,9904,0.000000,0,0,0,0,108,8,0,8,100,5104,304,0,0,0,0,108,0,0,0,0,374,9400
2957,W3,1,1,5,5,0,0,0,0,0,0,0,100,100,100,0,0,0,0,100,100,100,100.000000,1600,9904,16.155089,10,10,10,10,108,8,0,8,100,5104,304,0,0,0,0,108,0,0,0,0,329,9400
2958,W3,1,1,5,5,0,0,0,0,0,0,0,100,100,0,0,0,0,0,100,100,0,0.000000,0,9904,0.000000,0,0,0,0,108,8,0,8,100,5104,304,0,0,0,0,108,0,0,0,0,297,9400
2959,W3,1,1,5,5,0,0,0,0,0,0,0,100,100,0,0,0,0,0,100,100,0,0.000000,0,9904,0.000000,0,0,0,0,108,8,0,8,100,5104,304,0,0,0,0,108,0,0,0,0,323,9400
2960,W3,1,1,5,5,0,0,0,0,0,0,0,100,100,0,0,0,0,0,100,100,0,0.000000,0,9904,0.000000,0,0,0,0,108,8,0,8,100,5104,304,0,0,0,0,108,0,0,0,0,324,9400
2961,W3,1,1,5,5,0,0,0,0,0,0,0,100,100,0,0,0,0,0,100,100,0,0.000000,0,9904,0.000000,0,0,0,0,108,8,0,8,100,5104,304,0,0,0,0,108,0,0,0,0,309,9400
2962,W3,1,1,5,5,0,0,0,0,0,0,0,100,100,0,0,0,0,0,100,100,0,0.000000,0,9904,0.000000,0,0,0,0,108,8,0,8,100,5104,304,0,0,0,0,108,0,0,0,0,322,9400
2963,W3,1,1,5,5,0,0,0,0,0,0,0,100,100,0,0,0,0,0,100,100,0,0.000000,0,9904,0.000000,0,0,0,0,108,8,0,8,100,5104,304,0,0,0,0,108,0,0,0,0,322,9400
2964,W3,1,1,5,5,0,0,0,0,0,0,0,100,100,0,0,0,0,0,100,100,0,0.000000,0,9904,0.000000,0,0,0,0,108,8,0,8,100,5104,304,0,0,0,0,108,0,0,0,0,307,9400
2965,W3,1,1,5,5,0,0,0,0,0,0,0,100,100,0,0,0,0,0,100,100,0,0.000000,0,9904,0.000000,0,0,0,0,108,8,0,8,100,5104,304,0,0,0,0,108,0,0,0,0,294,9400
2966,W3,1,1,5,5,0,0,0,0,0,0,0,100,100,100,0,0,0,0,100,100,100,100.000000,1600,9904,16.155089,10,10,10,10,108,8,0,8,100,5104,304,0,0,0,0,108,0,0,0,0,401,9400
2967,W3,1,1,5,5,0,0,0,0,0,0,0,100,100,0,0,0,0,0,100,100,0,0.000000,0,9904,0.000000,0,0,0,0,108,8,0,8,100,5104,304,0,0,0,0,108,0,0,0,0,301,9400
2968,W3,1,1,5,5,0,0,0,0,0,0,0,100,100,0,0,0,0,0,100,100,0,0.000000,0,9904,0.000000,0,0,0,0,108,8,0,8,100,5104,304,0,0,0,0,108,0,0,0,0,295,9400
2969,W3,1,1,5,5,0,0,0,0,0,0,0,100,100,0,0,0,0,0,100,100,0,0.000000,0,9904,0.000000,0,0,0,0,108,8,0,8,100,5104,304,0,0,0,0,108,0,0,0,0,292,9400
2970,W3,1,1,5,5,0,0,0,0,0,0,0,100,100,0,0,0,0,0,100,100,0,0.000000,0,9904,0.000000,0,0,0,0,108,8,0,8,100,5104,304,0,0,0,0,108,0,0,0,0,312,9400
2971,W3,1,1,5,5,0,0,0,0,0,0,0,100,100,0,0,0,0,0,100,100,0,0.000000,0,9904,0.000000,0,0,0,0,108,8,0,8,100,5104,304,0,0,0,0,108,0,0,0,0,314,9400
2972,W3,1,1,5,5,0,0,0,0,0,0,0,100,100,0,0,0,0,0,100,100,0,0.000000,0,9904,0.000000,0,0,0,0,108,8,0,8,100,5104,304,0,0,0,0,108,0,0,0,0,296,9400
2973,W3,1,1,5,5,0,0,0,0,0,0,0,100,100,0,0,0,0,0,100,100,0,0.000000,0,9904,0.000000,0,0,0,0,108,8,0,8,100,5104,304,0,0,0,0,108,0,0,0,0,336,9400
2974,W3,1,1,5,5,0,0,0,0,0,0,0,100,100,0,0,0,0,0,100,100,0,0.000000,0,9904,0.000000,0,0,0,0,108,8,0,8,100,5104,304,0,0,0,0,108,0,0,0,0,304,9400
2975,W3,1,1,5,5,0,0,0,0,0,0,0,100,100,100,0,0,0,0,100,100,100,100.000000,1600,9904,16.155089,10,10,10,10,108,8,0,8,100,5104,304,0,0,0,0,108,0,0,0,0,313,9400
2976,W3,1,1,5,5,0,0,0,0,0,0,0,100,100,0,0,0,0,0,100,100,0,0.000000,0,9904,0.000000,0,0,0,0,108,8,0,8,100,5104,304,0,0,0,0,108,0,0,0,0,298,9400
2977,W3,1,1,5,5,0,0,0,0,0,0,0,100,100,0,0,0,0,0,100,100,0,0.000000,0,9904,0.000000,0,0,0,0,108,8,0,8,100,5104,304,0,0,0,0,108,0,0,0,0,284,9400
2978,W3,1,1,5,5,0,0,0,0,0,0,0,100,100,0,0,0,0,0,100,100,0,0.000000,0,9904,0.000000,0,0,0,0,108,8,0,8,100,5104,304,0,0,0,0,108,0,0,0,0,353,9400
2979,W3,1,1,5,5,0,0,0,0,0,0,0,100,100,0,0,0,0,0,100,100,0,0.000000,0,9904,0.000000,0,0,0,0,108,8,0,8,100,5104,304,0,0,0,0,108,0,0,0,0,289,9400
2980,W3,1,1,5,5,0,0,0,0,0,0,0,100,100,0,0,0,0,0,100,100,0,0.000000,0,9904,0.000000,0,0,0,0,108,8,0,8,100,5104,304,0,0,0,0,108,0,0,0,0,322,9400
2981,W3,1,1,5,5,0,0,0,0,0,0,0,100,100,0,0,0,0,0,100,100,0,0.000000,0,9904,0.000000,0,0,0,0,108,8,0,8,100,5104,304,0,0,0,0,108,0,0,0,0,294,9400
2982,W3,1,1,5,5,0,0,0,0,0,0,0,100,100,0,0,0,0,0,100,100,0,0.000000,0,9904,0.000000,0,0,0,0,108,8,0,8,100,5104,304,0,0,0,0,108,0,0,0,0,308,9400
2983,W3,1,1,5,5,0,0,0,0,0,0,0,100,100,0,0,0,0,0,100,100,0,0.000000,0,9904,0.000000,0,0,0,0,108,8,0,8,100,5104,304,0,0,0,0,108,0,0,0,0,307,9400
2984,W3,1,1,5,5,0,0,0,0,0,0,0,100,100,100,0,0,0,0,100,100,100,100.000000,1600,9904,16.155089,10,10,10,10,108,8,0,8,100,5104,304,0,0,0,0,108,0,0,0,0,291,9400
2985,W3,1,1,5,5,0,0,0,0,0,0,0,100,100,0,0,0,0,0,100,100,0,0.000000,0,9904,0.000000,0,0,0,0,108,8,0,8,100,5104,304,0,0,0,0,108,0,0,0,0,300,9400
2986,W3,1,1,5,5,0,0,0,0,0,0,0,100,100,0,0,0,0,0,100,100,0,0.000000,0,9904,0.000000,0,0,0,0,108,8,0,8,100,5104,304,0,0,0,0,108,0,0,0,0,299,9400
2987,W3,1,1,5,5,0,0,0,0,0,0,0,100,100,0,0,0,0,0,100,100,0,0.000000,0,9904,0.000000,0,0,0,0,108,8,0,8,100,5104,304,0,0,0,0,108,0,0,0,0,296,9400
2988,W3,1,1,5,5,0,0,0,0,0,0,0,100,100,0,0,0,0,0,100,100,0,0.000000,0,9904,0.000000,0,0,0,0,108,8,0,8,100,5104,304,0,0,0,0,108,0,0,0,0,358,9400
2989,W3,1,1,5,5,0,0,0,0,0,0,0,100,100,0,0,0,0,0,100,100,0,0.000000,0,9904,0.000000,0,0,0,0,108,8,0,8,100,5104,304,0,0,0,0,108,0,0,0,0,294,9400
2990,W3,1,1,5,5,0,0,0,0,0,0,0,100,100,0,0,0,0,0,100,100,0,0.000000,0,9904,0.000000,0,0,0,0,108,8,0,8,100,5104,304,0,0,0,0,108,0,0,0,0,300,9400
2991,W3,1,1,5,5,0,0,0,0,0,0,0,100,100,0,0,0,0,0,100,100,0,0.000000,0,9904,0.000000,0,0,0,0,108,8,0,8,100,5104,304,0,0,0,0,108,0,0,0,0,294,9400
2992,W3,1,1,5,5,0,0,0,0,0,0,0,100,100,0,0,0,0,0,100,100,0,0.000000,0,9904,0.000000,0,0,0,0,108,8,0,8,100,5104,304,0,0,0,0,108,0,0,0,0,290,9400
2993,W3,1,1,5,5,0,0,0,0,0,0,0,100,100,100,0,0,0,0,100,100,100,100.000000,1600,9904,16.155089,10,10,10,10,108,8,0,8,100,5104,304,0,0,0,0,108,0,0,0,0,327,9400
2994,W3,1,1,5,5,0,0,0,0,0,0,0,100,100,0,0,0,0,0,100,100,0,0.000000,0,9904,0.000000,0,0,0,0,108,8,0,8,100,5104,304,0,0,0,0,108,0,0,0,0,303,9400
2995,W3,1,1,5,5,0,0,0,0,0,0,0,100,100,0,0,0,0,0,100,100,0,0.000000,0,9904,0.000000,0,0,0,0,108,8,0,8,100,5104,304,0,0,0,0,108,0,0,0,0,322,9400
2996,W3,1,1,5,5,0,0,0,0,0,0,0,100,100,0,0,0,0,0,100,100,0,0.000000,0,9904,0.000000,0,0,0,0,108,8,0,8,100,5104,304,0,0,0,0,108,0,0,0,0,285,9400
2997,W3,1,1,5,5,0,0,0,0,0,0,0,100,100,0,0,0,0,0,100,100,0,0.000000,0,9904,0.000000,0,0,0,0,108,8,0,8,100,5104,304,0,0,0,0,108,0,0,0,0,294,9400
2998,W3,1,1,5,5,0,0,0,0,0,0,0,100,100,0,0,0,0,0,100,100,0,0.000000,0,9904,0.000000,0,0,0,0,108,8,0,8,100,5104,304,0,0,0,0,108,0,0,0,0,289,9400
2999,W3,1,1,5,5,0,0,0,0,0,0,0,100,100,0,0,0,0,0,100,100,0,0.000000,0,9904,0.000000,0,0,0,0,108,8,0,8,100,5104,304,0,0,0,0,108,0,0,0,0,293,9400
3000,W3,1,1,5,5,0,0,0,0,0,0,0,100,100,0,0,0,0,0,100,100,0,0.000000,0,9904,0.000000,0,0,0,0,108,8,0,8,100,5104,304,0,0,0,0,108,0,0,0,0,289,9400
3001,W3,1,1,5,5,0,0,0,0,0,0,0,100,100,0,0,0,0,0,100,100,0,0.000000,0,9904,0.000000,0,0,0,0,108,8,0,8,100,5104,304,0,0,0,0,108,0,0,0,0,280,9400
3002,W3,1,1,5,5,0,0,0,0,0,0,0,100,100,100,0,0,0,0,100,100,100,100.000000,1600,9904,16.155089,10,10,10,10,108,8,0,8,100,5104,304,0,0,0,0,108,0,0,0,0,305,9400
3003,W3,1,1,5,5,0,0,0,0,0,0,0,100,100,0,0,0,0,0,100,100,0,0.000000,0,9904,0.000000,0,0,0,0,108,8,0,8,100,5104,304,0,0,0,0,108,0,0,0,0,315,9400
3004,W3,1,1,5,5,0,0,0,0,0,0,0,100,100,0,0,0,0,0,100,100,0,0.000000,0,9904,0.000000,0,0,0,0,108,8,0,8,100,5104,304,0,0,0,0,108,0,0,0,0,293,9400
3005,W3,1,1,5,5,0,0,0,0,0,0,0,100,100,0,0,0,0,0,100,100,0,0.000000,0,9904,0.000000,0,0,0,0,108,8,0,8,100,5104,304,0,0,0,0,108,0,0,0,0,295,9400
3006,W3,1,1,5,5,0,0,0,0,0,0,0,100,100,0,0,0,0,0,100,100,0,0.000000,0,9904,0.000000,0,0,0,0,108,8,0,8,100,5104,304,0,0,0,0,108,0,0,0,0,339,9400
3007,W3,1,1,5,5,0,0,0,0,0,0,0,100,100,0,0,0,0,0,100,100,0,0.000000,0,9904,0.000000,0,0,0,0,108,8,0,8,100,5104,304,0,0,0,0,108,0,0,0,0,327,9400
3008,W3,1,1,5,5,0,0,0,0,0,0,0,100,100,0,0,0,0,0,100,100,0,0.000000,0,9904,0.000000,0,0,0,0,108,8,0,8,100,5104,304,0,0,0,0,108,0,0,0,0,314,9400
3009,W3,1,1,5,5,0,0,0,0,0,0,0,100,100,0,0,0,0,0,100,100,0,0.000000,0,9904,0.000000,0,0,0,0,108,8,0,8,100,5104,304,0,0,0,0,108,0,0,0,0,296,9400
3010,W3,1,1,5,5,0,0,0,0,0,0,0,100,100,0,0,0,0,0,100,100,0,0.000000,0,9904,0.000000,0,0,0,0,108,8,0,8,100,5104,304,0,0,0,0,108,0,0,0,0,289,9400
3011,W3,1,1,5,5,0,0,0,0,0,0,0,100,100,100,0,0,0,0,100,100,100,100.000000,1600,9904,16.155089,10,10,10,10,108,8,0,8,100,5104,304,0,0,0,0,108,0,0,0,0,285,9400
3012,W3,1,1,5,5,0,0,0,0,0,0,0,100,100,0,0,0,0,0,100,100,0,0.000000,0,9904,0.000000,0,0,0,0,108,8,0,8,100,5104,304,0,0,0,0,108,0,0,0,0,338,9400
3013,W3,1,1,5,5,0,0,0,0,0,0,0,100,100,0,0,0,0,0,100,100,0,0.000000,0,9904,0.000000,0,0,0,0,108,8,0,8,100,5104,304,0,0,0,0,108,0,0,0,0,274,9400
3014,W3,1,1,5,5,0,0,0,0,0,0,0,100,100,0,0,0,0,0,100,100,0,0.000000,0,9904,0.000000,0,0,0,0,108,8,0,8,100,5104,304,0,0,0,0,108,0,0,0,0,295,9400
3015,W3,1,1,5,5,0,0,0,0,0,0,0,100,100,0,0,0,0,0,100,100,0,0.000000,0,9904,0.000000,0,0,0,0,108,8,0,8,100,5104,304,0,0,0,0,108,0,0,0,0,292,9400
3016,W3,1,1,5,5,0,0,0,0,0,0,0,100,100,0,0,0,0,0,100,100,0,0.000000,0,9904,0.000000,0,0,0,0,108,8,0,8,100,5104,304,0,0,0,0,108,0,0,0,0,292,9400
3017,W3,1,1,5,5,0,0,0,0,0,0,0,100,100,0,0,0,0,0,100,100,0,0.000000,0,9904,0.000000,0,0,0,0,108,8,0,8,100,5104,304,0,0,0,0,108,0,0,0,0,306,9400
3018,W3,1,1,5,5,0,0,0,0,0,0,0,100,100,0,0,0,0,0,100,100,0,0.000000,0,9904,0.000000,0,0,0,0,108,8,0,8,100,5104,304,0,0,0,0,108,0,0,0,0,307,9400
3019,W3,1,1,5,5,0,0,0,0,0,0,0,100,100,0,0,0,0,0,100,100,0,0.000000,0,9904,0.000000,0,0,0,0,108,8,0,8,100,5104,304,0,0,0,0,108,0,0,0,0,311,9400
3020,W3,1,1,5,5,0,0,0,0,0,0,0,100,100,100,0,0,0,0,100,100,100,100.000000,1600,9904,16.155089,10,10,10,10,108,8,0,8,100,5104,304,0,0,0,0,108,0,0,0,0,292,9400
3021,W3,1,1,5,5,0,0,0,0,0,0,0,100,100,0,0,0,0,0,100,100,0,0.000000,0,9904,0.000000,0,0,0,0,108,8,0,8,100,5104,304,0,0,0,0,108,0,0,0,0,289,9400
3022,W3,1,1,5,5,0,0,0,0,0,0,0,100,100,0,0,0,0,0,100,100,0,0.000000,0,9904,0.000000,0,0,0,0,108,8,0,8,100,5104,304,0,0,0,0,108,0,0,0,0,288,9400
3023,W3,1,1,5,5,0,0,0,0,0,0,0,100,100,0,0,0,0,0,100,100,0,0.000000,0,9904,0.000000,0,0,0,0,108,8,0,8,100,5104,304,0,0,0,0,108,0,0,0,0,379,9400
3024,W3,1,1,5,5,0,0,0,0,0,0,0,100,100,0,0,0,0,0,100,100,0,0.000000,0,9904,0.000000,0,0,0,0,108,8,0,8,100,5104,304,0,0,0,0,108,0,0,0,0,310,9400
3025,W3,1,1,5,5,0,0,0,0,0,0,0,100,100,0,0,0,0,0,100,100,0,0.000000,0,9904,0.000000,0,0,0,0,108,8,0,8,100,5104,304,0,0,0,0,108,0,0,0,0,290,9400
3026,W3,1,1,5,5,0,0,0,0,0,0,0,100,100,0,0,0,0,0,100,100,0,0.000000,0,9904,0.000000,0,0,0,0,108,8,0,8,100,5104,304,0,0,0,0,108,0,0,0,0,281,9400
3027,W3,1,1,5,5,0,0,0,0,0,0,0,100,100,0,0,0,0,0,100,100,0,0.000000,0,9904,0.000000,0,0,0,0,108,8,0,8,100,5104,304,0,0,0,0,108,0,0,0,0,305,9400
3028,W3,1,1,5,5,0,0,0,0,0,0,0,100,100,0,0,0,0,0,100,100,0,0.000000,0,9904,0.000000,0,0,0,0,108,8,0,8,100,5104,304,0,0,0,0,108,0,0,0,0,291,9400
3029,W3,1,1,5,5,0,0,0,0,0,0,0,100,100,100,0,0,0,0,100,100,100,100.000000,1600,9904,16.155089,10,10,10,10,108,8,0,8,100,5104,304,0,0,0,0,108,0,0,0,0,272,9400
3030,W3,1,1,5,5,0,0,0,0,0,0,0,100,100,0,0,0,0,0,100,100,0,0.000000,0,9904,0.000000,0,0,0,0,108,8,0,8,100,5104,304,0,0,0,0,108,0,0,0,0,280,9400
3031,W3,1,1,5,5,0,0,0,0,0,0,0,100,100,0,0,0,0,0,100,100,0,0.000000,0,9904,0.000000,0,0,0,0,108,8,0,8,100,5104,304,0,0,0,0,108,0,0,0,0,283,9400
3032,W3,1,1,5,5,0,0,0,0,0,0,0,100,100,0,0,0,0,0,100,100,0,0.000000,0,9904,0.000000,0,0,0,0,108,8,0,8,100,5104,304,0,0,0,0,108,0,0,0,0,294,9400
3033,W3,1,1,5,5,0,0,0,0,0,0,0,100,100,0,0,0,0,0,100,100,0,0.000000,0,9904,0.000000,0,0,0,0,108,8,0,8,100,5104,304,0,0,0,0,108,0,0,0,0,279,9400
3034,W3,1,1,5,5,0,0,0,0,0,0,0,100,100,0,0,0,0,0,100,100,0,0.000000,0,9904,0.000000,0,0,0,0,108,8,0,8,100,5104,304,0,0,0,0,108,0,0,0,0,286,9400
3035,W3,1,1,5,5,0,0,0,0,0,0,0,100,100,0,0,0,0,0,100,100,0,0.000000,0,9904,0.000000,0,0,0,0,108,8,0,8,100,5104,304,0,0,0,0,108,0,0,0,0,329,9400
3036,W3,1,1,5,5,0,0,0,0,0,0,0,100,100,0,0,0,0,0,100,100,0,0.000000,0,9904,0.000000,0,0,0,0,108,8,0,8,100,5104,304,0,0,0,0,108,0,0,0,0,312,9400
3037,W3,1,1,5,5,0,0,0,0,0,0,0,100,100,0,0,0,0,0,100,100,0,0.000000,0,9904,0.000000,0,0,0,0,108,8,0,8,100,5104,304,0,0,0,0,108,0,0,0,0,280,9400
3038,W3,1,1,5,5,0,0,0,0,0,0,0,100,100,100,0,0,0,0,100,100,100,100.000000,1600,9904,16.155089,10,10,10,10,108,8,0,8,100,5104,304,0,0,0,0,108,0,0,0,0,288,9400
3039,W3,1,1,5,5,0,0,0,0,0,0,0,100,100,0,0,0,0,0,100,100,0,0.000000,0,9904,0.000000,0,0,0,0,108,8,0,8,100,5104,304,0,0,0,0,108,0,0,0,0,347,9400
3040,W3,1,1,5,5,0,0,0,0,0,0,0,100,100,0,0,0,0,0,100,100,0,0.000000,0,9904,0.000000,0,0,0,0,108,8,0,8,100,5104,304,0,0,0,0,108,0,0,0,0,292,9400
3041,W3,1,1,5,5,0,0,0,0,0,0,0,100,100,0,0,0,0,0,100,100,0,0.000000,0,9904,0.000000,0,0,0,0,108,8,0,8,100,5104,304,0,0,0,0,108,0,0,0,0,302,9400
3042,W3,1,1,5,5,0,0,0,0,0,0,0,100,100,0,0,0,0,0,100,100,0,0.000000,0,9904,0.000000,0,0,0,0,108,8,0,8,100,5104,304,0,0,0,0,108,0,0,0,0,302,9400
3043,W3,1,1,5,5,0,0,0,0,0,0,0,100,100,0,0,0,0,0,100,100,0,0.000000,0,9904,0.000000,0,0,0,0,108,8,0,8,100,5104,304,0,0,0,0,108,0,0,0,0,296,9400
3044,W3,1,1,5,5,0,0,0,0,0,0,0,100,100,0,0,0,0,0,100,100,0,0.000000,0,9904,0.000000,0,0,0,0,108,8,0,8,100,5104,304,0,0,0,0,108,0,0,0,0,297,9400
3045,W3,1,1,5,5,0,0,0,0,0,0,0,100,100,0,0,0,0,0,100,100,0,0.000000,0,9904,0.000000,0,0,0,0,108,8,0,8,100,5104,304,0,0,0,0,108,0,0,0,0,288,9400
3046,W3,1,1,5,5,0,0,0,0,0,0,0,100,100,0,0,0,0,0,100,100,0,0.000000,0,9904,0.000000,0,0,0,0,108,8,0,8,100,5104,304,0,0,0,0,108,0,0,0,0,290,9400
3047,W3,1,1,5,5,0,0,0,0,0,0,0,100,100,100,0,0,0,0,100,100,100,100.000000,1600,9904,16.155089,10,10,10,10,108,8,0,8,100,5104,304,0,0,0,0,108,0,0,0,0,276,9400
3048,W3,1,1,5,5,0,0,0,0,0,0,0,100,100,0,0,0,0,0,100,100,0,0.000000,0,9904,0.000000,0,0,0,0,108,8,0,8,100,5104,304,0,0,0,0,108,0,0,0,0,288,9400
3049,W3,1,1,5,5,0,0,0,0,0,0,0,100,100,0,0,0,0,0,100,100,0,0.000000,0,9904,0.000000,0,0,0,0,108,8,0,8,100,5104,304,0,0,0,0,108,0,0,0,0,274,9400
3050,W3,1,1,5,5,0,0,0,0,0,0,0,100,100,0,0,0,0,0,100,100,0,0.000000,0,9904,0.000000,0,0,0,0,108,8,0,8,100,5104,304,0,0,0,0,108,0,0,0,0,285,9400
3051,W3,1,1,5,5,0,0,0,0,0,0,0,100,100,0,0,0,0,0,100,100,0,0.000000,0,9904,0.000000,0,0,0,0,108,8,0,8,100,5104,304,0,0,0,0,108,0,0,0,0,305,9400
3052,W3,1,1,5,5,0,0,0,0,0,0,0,100,100,0,0,0,0,0,100,100,0,0.000000,0,9904,0.000000,0,0,0,0,108,8,0,8,100,5104,304,0,0,0,0,108,0,0,0,0,280,9400
3053,W3,1,1,5,5,0,0,0,0,0,0,0,100,100,0,0,0,0,0,100,100,0,0.000000,0,9904,0.000000,0,0,0,0,108,8,0,8,100,5104,304,0,0,0,0,108,0,0,0,0,292,9400
3054,W3,1,1,5,5,0,0,0,0,0,0,0,100,100,0,0,0,0,0,100,100,0,0.000000,0,9904,0.000000,0,0,0,0,108,8,0,8,100,5104,304,0,0,0,0,108,0,0,0,0,294,9400
3055,W3,1,1,5,5,0,0,0,0,0,0,0,100,100,0,0,0,0,0,100,100,0,0.000000,0,9904,0.000000,0,0,0,0,108,8,0,8,100,5104,304,0,0,0,0,108,0,0,0,0,301,9400
3056,W3,1,1,5,5,0,0,0,0,0,0,0,100,100,100,0,0,0,0,100,100,100,100.000000,1600,9904,16.155089,10,10,10,10,108,8,0,8,100,5104,304,0,0,0,0,108,0,0,0,0,295,9400
3057,W3,1,1,5,5,0,0,0,0,0,0,0,100,100,0,0,0,0,0,100,100,0,0.000000,0,9904,0.000000,0,0,0,0,108,8,0,8,100,5104,304,0,0,0,0,108,0,0,0,0,291,9400
3058,W3,1,1,5,5,0,0,0,0,0,0,0,100,100,0,0,0,0,0,100,100,0,0.000000,0,9904,0.000000,0,0,0,0,108,8,0,8,100,5104,304,0,0,0,0,108,0,0,0,0,305,9400
3059,W3,1,1,5,5,0,0,0,0,0,0,0,100,100,0,0,0,0,0,100,100,0,0.000000,0,9904,0.000000,0,0,0,0,108,8,0,8,100,5104,304,0,0,0,0,108,0,0,0,0,308,9400
3060,W3,1,1,5,5,0,0,0,0,0,0,0,100,100,0,0,0,0,0,100,100,0,0.000000,0,9904,0.000000,0,0,0,0,108,8,0,8,100,5104,304,0,0,0,0,108,0,0,0,0,287,9400
3061,W3,1,1,5,5,0,0,0,0,0,0,0,100,100,0,0,0,0,0,100,100,0,0.000000,0,9904,0.000000,0,0,0,0,108,8,0,8,100,5104,304,0,0,0,0,108,0,0,0,0,277,9400
3062,W3,1,1,5,5,0,0,0,0,0,0,0,100,100,0,0,0,0,0,100,100,0,0.000000,0,9904,0.000000,0,0,0,0,108,8,0,8,100,5104,304,0,0,0,0,108,0,0,0,0,281,9400
3063,W3,1,1,5,5,0,0,0,0,0,0,0,100,100,0,0,0,0,0,100,100,0,0.000000,0,9904,0.000000,0,0,0,0,108,8,0,8,100,5104,304,0,0,0,0,108,0,0,0,0,291,9400
3064,W3,1,1,5,5,0,0,0,0,0,0,0,100,100,0,0,0,0,0,100,100,0,0.000000,0,9904,0.000000,0,0,0,0,108,8,0,8,100,5104,304,0,0,0,0,108,0,0,0,0,286,9400
3065,W3,1,1,5,5,0,0,0,0,0,0,0,100,100,100,0,0,0,0,100,100,100,100.000000,1600,9904,16.155089,10,10,10,10,108,8,0,8,100,5104,304,0,0,0,0,108,0,0,0,0,297,9400
3066,W3,1,1,5,5,0,0,0,0,0,0,0,100,100,0,0,0,0,0,100,100,0,0.000000,0,9904,0.000000,0,0,0,0,108,8,0,8,100,5104,304,0,0,0,0,108,0,0,0,0,313,9400
3067,W3,1,1,5,5,0,0,0,0,0,0,0,100,100,0,0,0,0,0,100,100,0,0.000000,0,9904,0.000000,0,0,0,0,108,8,0,8,100,5104,304,0,0,0,0,108,0,0,0,0,308,9400
3068,W3,1,1,5,5,0,0,0,0,0,0,0,100,100,0,0,0,0,0,100,100,0,0.000000,0,9904,0.000000,0,0,0,0,108,8,0,8,100,5104,304,0,0,0,0,108,0,0,0,0,297,9400
3069,W3,1,1,5,5,0,0,0,0,0,0,0,100,100,0,0,0,0,0,100,100,0,0.000000,0,9904,0.000000,0,0,0,0,108,8,0,8,100,5104,304,0,0,0,0,108,0,0,0,0,301,9400
3070,W3,1,1,5,5,0,0,0,0,0,0,0,100,100,0,0,0,0,0,100,100,0,0.000000,0,9904,0.000000,0,0,0,0,108,8,0,8,100,5104,304,0,0,0,0,108,0,0,0,0,324,9400
3071,W3,1,1,5,5,0,0,0,0,0,0,0,100,100,0,0,0,0,0,100,100,0,0.000000,0,9904,0.000000,0,0,0,0,108,8,0,8,100,5104,304,0,0,0,0,108,0,0,0,0,297,9400
3072,W3,1,1,5,5,0,0,0,0,0,0,0,100,100,0,0,0,0,0,100,100,0,0.000000,0,9904,0.000000,0,0,0,0,108,8,0,8,100,5104,304,0,0,0,0,108,0,0,0,0,309,9400
3073,W3,1,1,5,5,0,0,0,0,0,0,0,100,100,0,0,0,0,0,100,100,0,0.000000,0,9904,0.000000,0,0,0,0,108,8,0,8,100,5104,304,0,0,0,0,108,0,0,0,0,298,9400
3074,W3,1,1,5,5,0,0,0,0,0,0,0,100,100,100,0,0,0,0,100,100,100,100.000000,1600,9904,16.155089,10,10,10,10,108,8,0,8,100,5104,304,0,0,0,0,108,0,0,0,0,299,9400
3075,W3,1,1,5,5,0,0,0,0,0,0,0,100,100,0,0,0,0,0,100,100,0,0.000000,0,9904,0.000000,0,0,0,0,108,8,0,8,100,5104,304,0,0,0,0,108,0,0,0,0,318,9400
3076,W3,1,1,5,5,0,0,0,0,0,0,0,100,100,0,0,0,0,0,100,100,0,0.000000,0,9904,0.000000,0,0,0,0,108,8,0,8,100,5104,304,0,0,0,0,108,0,0,0,0,291,9400
3077,W3,1,1,5,5,0,0,0,0,0,0,0,100,100,0,0,0,0,0,100,100,0,0.000000,0,9904,0.000000,0,0,0,0,108,8,0,8,100,5104,304,0,0,0,0,108,0,0,0,0,295,9400
3078,W3,1,1,5,5,0,0,0,0,0,0,0,100,100,0,0,0,0,0,100,100,0,0.000000,0,9904,0.000000,0,0,0,0,108,8,0,8,100,5104,304,0,0,0,0,108,0,0,0,0,302,9400
3079,W3,1,1,5,5,0,0,0,0,0,0,0,100,100,0,0,0,0,0,100,100,0,0.000000,0,9904,0.000000,0,0,0,0,108,8,0,8,100,5104,304,0,0,0,0,108,0,0,0,0,322,9400
3080,W3,1,1,5,5,0,0,0,0,0,0,0,100,100,0,0,0,0,0,100,100,0,0.000000,0,9904,0.000000,0,0,0,0,108,8,0,8,100,5104,304,0,0,0,0,108,0,0,0,0,292,9400
3081,W3,1,1,5,5,0,0,0,0,0,0,0,100,100,0,0,0,0,0,100,100,0,0.000000,0,9904,0.000000,0,0,0,0,108,8,0,8,100,5104,304,0,0,0,0,108,0,0,0,0,285,9400
3082,W3,1,1,5,5,0,0,0,0,0,0,0,100,100,0,0,0,0,0,100,100,0,0.000000,0,9904,0.000000,0,0,0,0,108,8,0,8,100,5104,304,0,0,0,0,108,0,0,0,0,285,9400
3083,W3,1,1,5,5,0,0,0,0,0,0,0,100,100,100,0,0,0,0,100,100,100,100.000000,1600,9904,16.155089,10,10,10,10,108,8,0,8,100,5104,304,0,0,0,0,108,0,0,0,0,292,9400
3084,W3,1,1,5,5,0,0,0,0,0,0,0,100,100,0,0,0,0,0,100,100,0,0.000000,0,9904,0.000000,0,0,0,0,108,8,0,8,100,5104,304,0,0,0,0,108,0,0,0,0,290,9400
3085,W3,1,1,5,5,0,0,0,0,0,0,0,100,100,0,0,0,0,0,100,100,0,0.000000,0,9904,0.000000,0,0,0,0,108,8,0,8,100,5104,304,0,0,0,0,108,0,0,0,0,290,9400
3086,W3,1,1,5,5,0,0,0,0,0,0,0,100,100,0,0,0,0,0,100,100,0,0.000000,0,9904,0.000000,0,0,0,0,108,8,0,8,100,5104,304,0,0,0,0,108,0,0,0,0,323,9400
3087,W3,1,1,5,5,0,0,0,0,0,0,0,100,100,0,0,0,0,0,100,100,0,0.000000,0,9904,0.000000,0,0,0,0,108,8,0,8,100,5104,304,0,0,0,0,108,0,0,0,0,287,9400
3088,W3,1,1,5,5,0,0,0,0,0,0,0,100,100,0,0,0,0,0,100,100,0,0.000000,0,9904,0.000000,0,0,0,0,108,8,0,8,100,5104,304,0,0,0,0,108,0,0,0,0,285,9400
3089,W3,1,1,5,5,0,0,0,0,0,0,0,100,100,0,0,0,0,0,100,100,0,0.000000,0,9904,0.000000,0,0,0,0,108,8,0,8,100,5104,304,0,0,0,0,108,0,0,0,0,290,9400
3090,W3,1,1,5,5,0,0,0,0,0,0,0,100,100,0,0,0,0,0,100,100,0,0.000000,0,9904,0.000000,0,0,0,0,108,8,0,8,100,5104,304,0,0,0,0,108,0,0,0,0,290,9400
3091,W3,1,1,5,5,0,0,0,0,0,0,0,100,100,0,0,0,0,0,100,100,0,0.000000,0,9904,0.000000,0,0,0,0,108,8,0,8,100,5104,304,0,0,0,0,108,0,0,0,0,292,9400
3092,W3,1,1,5,5,0,0,0,0,0,0,0,100,100,100,0,0,0,0,100,100,100,100.000000,1600,9904,16.155089,10,10,10,10,108,8,0,8,100,5104,304,0,0,0,0,108,0,0,0,0,318,9400
3093,W3,1,1,5,5,0,0,0,0,0,0,0,100,100,0,0,0,0,0,100,100,0,0.000000,0,9904,0.000000,0,0,0,0,108,8,0,8,100,5104,304,0,0,0,0,108,0,0,0,0,298,9400
3094,W3,1,1,5,5,0,0,0,0,0,0,0,100,100,0,0,0,0,0,100,100,0,0.000000,0,9904,0.000000,0,0,0,0,108,8,0,8,100,5104,304,0,0,0,0,108,0,0,0,0,295,9400
3095,W3,1,1,5,5,0,0,0,0,0,0,0,100,100,0,0,0,0,0,100,100,0,0.000000,0,9904,0.000000,0,0,0,0,108,8,0,8,100,5104,304,0,0,0,0,108,0,0,0,0,292,9400
3096,W3,1,1,5,5,0,0,0,0,0,0,0,100,100,0,0,0,0,0,100,100,0,0.000000,0,9904,0.000000,0,0,0,0,108,8,0,8,100,5104,304,0,0,0,0,108,0,0,0,0,293,9400
3097,W3,1,1,5,5,0,0,0,0,0,0,0,100,100,0,0,0,0,0,100,100,0,0.000000,0,9904,0.000000,0,0,0,0,108,8,0,8,100,5104,304,0,0,0,0,108,0,0,0,0,281,9400
3098,W3,1,1,5,5,0,0,0,0,0,0,0,100,100,0,0,0,0,0,100,100,0,0.000000,0,9904,0.000000,0,0,0,0,108,8,0,8,100,5104,304,0,0,0,0,108,0,0,0,0,303,9400
3099,W3,1,1,5,5,0,0,0,0,0,0,0,100,100,0,0,0,0,0,100,100,0,0.000000,0,9904,0.000000,0,0,0,0,108,8,0,8,100,5104,304,0,0,0,0,108,0,0,0,0,311,9400
3100,W3,1,1,5,5,0,0,0,0,0,0,0,100,100,0,0,0,0,0,100,100,0,0.000000,0,9904,0.000000,0,0,0,0,108,8,0,8,100,5104,304,0,0,0,0,108,0,0,0,0,318,9400
3101,W3,1,1,5,5,0,0,0,0,0,0,0,100,100,100,0,0,0,0,100,100,100,100.000000,1600,9904,16.155089,10,10,10,10,108,8,0,8,100,5104,304,0,0,0,0,108,0,0,0,0,296,9400
3102,W3,1,1,5,5,0,0,0,0,0,0,0,100,100,0,0,0,0,0,100,100,0,0.000000,0,9904,0.000000,0,0,0,0,108,8,0,8,100,5104,304,0,0,0,0,108,0,0,0,0,331,9400
3103,W3,1,1,5,5,0,0,0,0,0,0,0,100,100,0,0,0,0,0,100,100,0,0.000000,0,9904,0.000000,0,0,0,0,108,8,0,8,100,5104,304,0,0,0,0,108,0,0,0,0,303,9400
3104,W3,1,1,5,5,0,0,0,0,0,0,0,100,100,0,0,0,0,0,100,100,0,0.000000,0,9904,0.000000,0,0,0,0,108,8,0,8,100,5104,304,0,0,0,0,108,0,0,0,0,327,9400
3105,W3,1,1,5,5,0,0,0,0,0,0,0,100,100,0,0,0,0,0,100,100,0,0.000000,0,9904,0.000000,0,0,0,0,108,8,0,8,100,5104,304,0,0,0,0,108,0,0,0,0,296,9400
3106,W3,1,1,5,5,0,0,0,0,0,0,0,100,100,0,0,0,0,0,100,100,0,0.000000,0,9904,0.000000,0,0,0,0,108,8,0,8,100,5104,304,0,0,0,0,108,0,0,0,0,305,9400
3107,W3,1,1,5,5,0,0,0,0,0,0,0,100,100,0,0,0,0,0,100,100,0,0.000000,0,9904,0.000000,0,0,0,0,108,8,0,8,100,5104,304,0,0,0,0,108,0,0,0,0,378,9400
3108,W3,1,1,5,5,0,0,0,0,0,0,0,100,100,0,0,0,0,0,100,100,0,0.000000,0,9904,0.000000,0,0,0,0,108,8,0,8,100,5104,304,0,0,0,0,108,0,0,0,0,289,9400
3109,W3,1,1,5,5,0,0,0,0,0,0,0,100,100,0,0,0,0,0,100,100,0,0.000000,0,9904,0.000000,0,0,0,0,108,8,0,8,100,5104,304,0,0,0,0,108,0,0,0,0,313,9400
3110,W3,1,1,5,5,0,0,0,0,0,0,0,100,100,100,0,0,0,0,100,100,100,100.000000,1600,9904,16.155089,10,10,10,10,108,8,0,8,100,5104,304,0,0,0,0,108,0,0,0,0,358,9400
3111,W3,1,1,5,5,0,0,0,0,0,0,0,100,100,0,0,0,0,0,100,100,0,0.000000,0,9904,0.000000,0,0,0,0,108,8,0,8,100,5104,304,0,0,0,0,108,0,0,0,0,298,9400
3112,W3,1,1,5,5,0,0,0,0,0,0,0,100,100,0,0,0,0,0,100,100,0,0.000000,0,9904,0.000000,0,0,0,0,108,8,0,8,100,5104,304,0,0,0,0,108,0,0,0,0,323,9400
3113,W3,1,1,5,5,0,0,0,0,0,0,0,100,100,0,0,0,0,0,100,100,0,0.000000,0,9904,0.000000,0,0,0,0,108,8,0,8,100,5104,304,0,0,0,0,108,0,0,0,0,307,9400
3114,W3,1,1,5,5,0,0,0,0,0,0,0,100,100,0,0,0,0,0,100,100,0,0.000000,0,9904,0.000000,0,0,0,0,108,8,0,8,100,5104,304,0,0,0,0,108,0,0,0,0,298,9400
3115,W3,1,1,5,5,0,0,0,0,0,0,0,100,100,0,0,0,0,0,100,100,0,0.000000,0,9904,0.000000,0,0,0,0,108,8,0,8,100,5104,304,0,0,0,0,108,0,0,0,0,315,9400
3116,W3,1,1,5,5,0,0,0,0,0,0,0,100,100,0,0,0,0,0,100,100,0,0.000000,0,9904,0.000000,0,0,0,0,108,8,0,8,100,5104,304,0,0,0,0,108,0,0,0,0,289,9400
3117,W3,1,1,5,5,0,0,0,0,0,0,0,100,100,0,0,0,0,0,100,100,0,0.000000,0,9904,0.000000,0,0,0,0,108,8,0,8,100,5104,304,0,0,0,0,108,0,0,0,0,294,9400
3118,W3,1,1,5,5,0,0,0,0,0,0,0,100,100,0,0,0,0,0,100,100,0,0.000000,0,9904,0.000000,0,0,0,0,108,8,0,8,100,5104,304,0,0,0,0,108,0,0,0,0,312,9400
3119,W3,1,1,5,5,0,0,0,0,0,0,0,100,100,100,0,0,0,0,100,100,100,100.000000,1600,9904,16.155089,10,10,10,10,108,8,0,8,100,5104,304,0,0,0,0,108,0,0,0,0,295,9400
3120,W3,1,1,5,5,0,0,0,0,0,0,0,100,100,0,0,0,0,0,100,100,0,0.000000,0,9904,0.000000,0,0,0,0,108,8,0,8,100,5104,304,0,0,0,0,108,0,0,0,0,292,9400
3121,W3,1,1,5,5,0,0,0,0,0,0,0,100,100,0,0,0,0,0,100,100,0,0.000000,0,9904,0.000000,0,0,0,0,108,8,0,8,100,5104,304,0,0,0,0,108,0,0,0,0,296,9400
3122,W3,1,1,5,5,0,0,0,0,0,0,0,100,100,0,0,0,0,0,100,100,0,0.000000,0,9904,0.000000,0,0,0,0,108,8,0,8,100,5104,304,0,0,0,0,108,0,0,0,0,303,9400
3123,W3,1,1,5,5,0,0,0,0,0,0,0,100,100,0,0,0,0,0,100,100,0,0.000000,0,9904,0.000000,0,0,0,0,108,8,0,8,100,5104,304,0,0,0,0,108,0,0,0,0,291,9400
3124,W3,1,1,5,5,0,0,0,0,0,0,0,100,100,0,0,0,0,0,100,100,0,0.000000,0,9904,0.000000,0,0,0,0,108,8,0,8,100,5104,304,0,0,0,0,108,0,0,0,0,281,9400
3125,W3,1,1,5,5,0,0,0,0,0,0,0,100,100,0,0,0,0,0,100,100,0,0.000000,0,9904,0.000000,0,0,0,0,108,8,0,8,100,5104,304,0,0,0,0,108,0,0,0,0,279,9400
3126,W3,1,1,5,5,0,0,0,0,0,0,0,100,100,0,0,0,0,0,100,100,0,0.000000,0,9904,0.000000,0,0,0,0,108,8,0,8,100,5104,304,0,0,0,0,108,0,0,0,0,280,9400
3127,W3,1,1,5,5,0,0,0,0,0,0,0,100,100,0,0,0,0,0,100,100,0,0.000000,0,9904,0.000000,0,0,0,0,108,8,0,8,100,5104,304,0,0,0,0,108,0,0,0,0,280,9400
3128,W3,1,1,5,5,0,0,0,0,0,0,0,100,100,100,0,0,0,0,100,100,100,100.000000,1600,9904,16.155089,10,10,10,10,108,8,0,8,100,5104,304,0,0,0,0,108,0,0,0,0,287,9400
3129,W3,1,1,5,5,0,0,0,0,0,0,0,100,100,0,0,0,0,0,100,100,0,0.000000,0,9904,0.000000,0,0,0,0,108,8,0,8,100,5104,304,0,0,0,0,108,0,0,0,0,322,9400
3130,W3,1,1,5,5,0,0,0,0,0,0,0,100,100,0,0,0,0,0,100,100,0,0.000000,0,9904,0.000000,0,0,0,0,108,8,0,8,100,5104,304,0,0,0,0,108,0,0,0,0,292,9400
3131,W3,1,1,5,5,0,0,0,0,0,0,0,100,100,0,0,0,0,0,100,100,0,0.000000,0,9904,0.000000,0,0,0,0,108,8,0,8,100,5104,304,0,0,0,0,108,0,0,0,0,324,9400
3132,W3,1,1,5,5,0,0,0,0,0,0,0,100,100,0,0,0,0,0,100,100,0,0.000000,0,9904,0.000000,0,0,0,0,108,8,0,8,100,5104,304,0,0,0,0,108,0,0,0,0,286,9400
3133,W3,1,1,5,5,0,0,0,0,0,0,0,100,100,0,0,0,0,0,100,100,0,0.000000,0,9904,0.000000,0,0,0,0,108,8,0,8,100,5104,304,0,0,0,0,108,0,0,0,0,292,9400
3134,W3,1,1,5,5,0,0,0,0,0,0,0,100,100,0,0,0,0,0,100,100,0,0.000000,0,9904,0.000000,0,0,0,0,108,8,0,8,100,5104,304,0,0,0,0,108,0,0,0,0,286,9400
3135,W3,1,1,5,5,0,0,0,0,0,0,0,100,100,0,0,0,0,0,100,100,0,0.000000,0,9904,0.000000,0,0,0,0,108,8,0,8,100,5104,304,0,0,0,0,108,0,0,0,0,283,9400
3136,W3,1,1,5,5,0,0,0,0,0,0,0,100,100,0,0,0,0,0,100,100,0,0.000000,0,9904,0.000000,0,0,0,0,108,8,0,8,100,5104,304,0,0,0,0,108,0,0,0,0,288,9400
3137,W3,1,1,5,5,0,0,0,0,0,0,0,100,100,100,0,0,0,0,100,100,100,100.000000,1600,9904,16.155089,10,10,10,10,108,8,0,8,100,5104,304,0,0,0,0,108,0,0,0,0,290,9400
3138,W3,1,1,5,5,0,0,0,0,0,0,0,100,100,0,0,0,0,0,100,100,0,0.000000,0,9904,0.000000,0,0,0,0,108,8,0,8,100,5104,304,0,0,0,0,108,0,0,0,0,284,9400
3139,W3,1,1,5,5,0,0,0,0,0,0,0,100,100,0,0,0,0,0,100,100,0,0.000000,0,9904,0.000000,0,0,0,0,108,8,0,8,100,5104,304,0,0,0,0,108,0,0,0,0,284,9400
3140,W3,1,1,5,5,0,0,0,0,0,0,0,100,100,0,0,0,0,0,100,100,0,0.000000,0,9904,0.000000,0,0,0,0,108,8,0,8,100,5104,304,0,0,0,0,108,0,0,0,0,316,9400
3141,W3,1,1,5,5,0,0,0,0,0,0,0,100,100,0,0,0,0,0,100,100,0,0.000000,0,9904,0.000000,0,0,0,0,108,8,0,8,100,5104,304,0,0,0,0,108,0,0,0,0,364,9400
3142,W3,1,1,5,5,0,0,0,0,0,0,0,100,100,0,0,0,0,0,100,100,0,0.000000,0,9904,0.000000,0,0,0,0,108,8,0,8,100,5104,304,0,0,0,0,108,0,0,0,0,288,9400
3143,W3,1,1,5,5,0,0,0,0,0,0,0,100,100,0,0,0,0,0,100,100,0,0.000000,0,9904,0.000000,0,0,0,0,108,8,0,8,100,5104,304,0,0,0,0,108,0,0,0,0,303,9400
3144,W3,1,1,5,5,0,0,0,0,0,0,0,100,100,0,0,0,0,0,100,100,0,0.000000,0,9904,0.000000,0,0,0,0,108,8,0,8,100,5104,304,0,0,0,0,108,0,0,0,0,341,9400
3145,W3,1,1,5,5,0,0,0,0,0,0,0,100,100,0,0,0,0,0,100,100,0,0.000000,0,9904,0.000000,0,0,0,0,108,8,0,8,100,5104,304,0,0,0,0,108,0,0,0,0,322,9400
3146,W3,1,1,5,5,0,0,0,0,0,0,0,100,100,100,0,0,0,0,100,100,100,100.000000,1600,9904,16.155089,10,10,10,10,108,8,0,8,100,5104,304,0,0,0,0,108,0,0,0,0,322,9400
3147,W3,1,1,5,5,0,0,0,0,0,0,0,100,100,0,0,0,0,0,100,100,0,0.000000,0,9904,0.000000,0,0,0,0,108,8,0,8,100,5104,304,0,0,0,0,108,0,0,0,0,313,9400
3148,W3,1,1,5,5,0,0,0,0,0,0,0,100,100,0,0,0,0,0,100,100,0,0.000000,0,9904,0.000000,0,0,0,0,108,8,0,8,100,5104,304,0,0,0,0,108,0,0,0,0,287,9400
3149,W3,1,1,5,5,0,0,0,0,0,0,0,100,100,0,0,0,0,0,100,100,0,0.000000,0,9904,0.000000,0,0,0,0,108,8,0,8,100,5104,304,0,0,0,0,108,0,0,0,0,290,9400
3150,W3,1,1,5,5,0,0,0,0,0,0,0,100,100,0,0,0,0,0,100,100,0,0.000000,0,9904,0.000000,0,0,0,0,108,8,0,8,100,5104,304,0,0,0,0,108,0,0,0,0,335,9400
3151,W3,1,1,5,5,0,0,0,0,0,0,0,100,100,0,0,0,0,0,100,100,0,0.000000,0,9904,0.000000,0,0,0,0,108,8,0,8,100,5104,304,0,0,0,0,108,0,0,0,0,311,9400
3152,W3,1,1,5,5,0,0,0,0,0,0,0,100,100,0,0,0,0,0,100,100,0,0.000000,0,9904,0.000000,0,0,0,0,108,8,0,8,100,5104,304,0,0,0,0,108,0,0,0,0,291,9400
3153,W3,1,1,5,5,0,0,0,0,0,0,0,100,100,0,0,0,0,0,100,100,0,0.000000,0,9904,0.000000,0,0,0,0,108,8,0,8,100,5104,304,0,0,0,0,108,0,0,0,0,290,9400
3154,W3,1,1,5,5,0,0,0,0,0,0,0,100,100,0,0,0,0,0,100,100,0,0.000000,0,9904,0.000000,0,0,0,0,108,8,0,8,100,5104,304,0,0,0,0,108,0,0,0,0,309,9400
3155,W3,1,1,5,5,0,0,0,0,0,0,0,100,100,100,0,0,0,0,100,100,100,100.000000,1600,9904,16.155089,10,10,10,10,108,8,0,8,100,5104,304,0,0,0,0,108,0,0,0,0,289,9400
3156,W3,1,1,5,5,0,0,0,0,0,0,0,100,100,0,0,0,0,0,100,100,0,0.000000,0,9904,0.000000,0,0,0,0,108,8,0,8,100,5104,304,0,0,0,0,108,0,0,0,0,303,9400
3157,W3,1,1,5,5,0,0,0,0,0,0,0,100,100,0,0,0,0,0,100,100,0,0.000000,0,9904,0.000000,0,0,0,0,108,8,0,8,100,5104,304,0,0,0,0,108,0,0,0,0,280,9400
3158,W3,1,1,5,5,0,0,0,0,0,0,0,100,100,0,0,0,0,0,100,100,0,0.000000,0,9904,0.000000,0,0,0,0,108,8,0,8,100,5104,304,0,0,0,0,108,0,0,0,0,297,9400
3159,W3,1,1,5,5,0,0,0,0,0,0,0,100,100,0,0,0,0,0,100,100,0,0.000000,0,9904,0.000000,0,0,0,0,108,8,0,8,100,5104,304,0,0,0,0,108,0,0,0,0,284,9400
3160,W3,1,1,5,5,0,0,0,0,0,0,0,100,100,0,0,0,0,0,100,100,0,0.000000,0,9904,0.000000,0,0,0,0,108,8,0,8,100,5104,304,0,0,0,0,108,0,0,0,0,290,9400
3161,W3,1,1,5,5,0,0,0,0,0,0,0,100,100,0,0,0,0,0,100,100,0,0.000000,0,9904,0.000000,0,0,0,0,108,8,0,8,100,5104,304,0,0,0,0,108,0,0,0,0,299,9400
3162,W3,1,1,5,5,0,0,0,0,0,0,0,100,100,0,0,0,0,0,100,100,0,0.000000,0,9904,0.000000,0,0,0,0,108,8,0,8,100,5104,304,0,0,0,0,108,0,0,0,0,293,9400
3163,W3,1,1,5,5,0,0,0,0,0,0,0,100,100,0,0,0,0,0,100,100,0,0.000000,0,9904,0.000000,0,0,0,0,108,8,0,8,100,5104,304,0,0,0,0,108,0,0,0,0,318,9400
3164,W3,1,1,5,5,0,0,0,0,0,0,0,100,100,100,0,0,0,0,100,100,100,100.000000,1600,9904,16.155089,10,10,10,10,108,8,0,8,100,5104,304,0,0,0,0,108,0,0,0,0,347,9400
3165,W3,1,1,5,5,0,0,0,0,0,0,0,100,100,0,0,0,0,0,100,100,0,0.000000,0,9904,0.000000,0,0,0,0,108,8,0,8,100,5104,304,0,0,0,0,108,0,0,0,0,301,9400
3166,W3,1,1,5,5,0,0,0,0,0,0,0,100,100,0,0,0,0,0,100,100,0,0.000000,0,9904,0.000000,0,0,0,0,108,8,0,8,100,5104,304,0,0,0,0,108,0,0,0,0,302,9400
3167,W3,1,1,5,5,0,0,0,0,0,0,0,100,100,0,0,0,0,0,100,100,0,0.000000,0,9904,0.000000,0,0,0,0,108,8,0,8,100,5104,304,0,0,0,0,108,0,0,0,0,305,9400
3168,W3,1,1,5,5,0,0,0,0,0,0,0,100,100,0,0,0,0,0,100,100,0,0.000000,0,9904,0.000000,0,0,0,0,108,8,0,8,100,5104,304,0,0,0,0,108,0,0,0,0,302,9400
3169,W3,1,1,5,5,0,0,0,0,0,0,0,100,100,0,0,0,0,0,100,100,0,0.000000,0,9904,0.000000,0,0,0,0,108,8,0,8,100,5104,304,0,0,0,0,108,0,0,0,0,306,9400
3170,W3,1,1,5,5,0,0,0,0,0,0,0,100,100,0,0,0,0,0,100,100,0,0.000000,0,9904,0.000000,0,0,0,0,108,8,0,8,100,5104,304,0,0,0,0,108,0,0,0,0,297,9400
3171,W3,1,1,5,5,0,0,0,0,0,0,0,100,100,0,0,0,0,0,100,100,0,0.000000,0,9904,0.000000,0,0,0,0,108,8,0,8,100,5104,304,0,0,0,0,108,0,0,0,0,285,9400
3172,W3,1,1,5,5,0,0,0,0,0,0,0,100,100,0,0,0,0,0,100,100,0,0.000000,0,9904,0.000000,0,0,0,0,108,8,0,8,100,5104,304,0,0,0,0,108,0,0,0,0,306,9400
3173,W3,1,1,5,5,0,0,0,0,0,0,0,100,100,100,0,0,0,0,100,100,100,100.000000,1600,9904,16.155089,10,10,10,10,108,8,0,8,100,5104,304,0,0,0,0,108,0,0,0,0,285,9400
3174,W3,1,1,5,5,0,0,0,0,0,0,0,100,100,0,0,0,0,0,100,100,0,0.000000,0,9904,0.000000,0,0,0,0,108,8,0,8,100,5104,304,0,0,0,0,108,0,0,0,0,303,9400
3175,W3,1,1,5,5,0,0,0,0,0,0,0,100,100,0,0,0,0,0,100,100,0,0.000000,0,9904,0.000000,0,0,0,0,108,8,0,8,100,5104,304,0,0,0,0,108,0,0,0,0,286,9400
3176,W3,1,1,5,5,0,0,0,0,0,0,0,100,100,0,0,0,0,0,100,100,0,0.000000,0,9904,0.000000,0,0,0,0,108,8,0,8,100,5104,304,0,0,0,0,108,0,0,0,0,287,9400
3177,W3,1,1,5,5,0,0,0,0,0,0,0,100,100,0,0,0,0,0,100,100,0,0.000000,0,9904,0.000000,0,0,0,0,108,8,0,8,100,5104,304,0,0,0,0,108,0,0,0,0,308,9400
3178,W3,1,1,5,5,0,0,0,0,0,0,0,100,100,0,0,0,0,0,100,100,0,0.000000,0,9904,0.000000,0,0,0,0,108,8,0,8,100,5104,304,0,0,0,0,108,0,0,0,0,293,9400
3179,W3,1,1,5,5,0,0,0,0,0,0,0,100,100,0,0,0,0,0,100,100,0,0.000000,0,9904,0.000000,0,0,0,0,108,8,0,8,100,5104,304,0,0,0,0,108,0,0,0,0,289,9400
3180,W3,1,1,5,5,0,0,0,0,0,0,0,100,100,0,0,0,0,0,100,100,0,0.000000,0,9904,0.000000,0,0,0,0,108,8,0,8,100,5104,304,0,0,0,0,108,0,0,0,0,293,9400
3181,W3,1,1,5,5,0,0,0,0,0,0,0,100,100,0,0,0,0,0,100,100,0,0.000000,0,9904,0.000000,0,0,0,0,108,8,0,8,100,5104,304,0,0,0,0,108,0,0,0,0,297,9400
3182,W3,1,1,5,5,0,0,0,0,0,0,0,100,100,100,0,0,0,0,100,100,100,100.000000,1600,9904,16.155089,10,10,10,10,108,8,0,8,100,5104,304,0,0,0,0,108,0,0,0,0,302,9400
3183,W3,1,1,5,5,0,0,0,0,0,0,0,100,100,0,0,0,0,0,100,100,0,0.000000,0,9904,0.000000,0,0,0,0,108,8,0,8,100,5104,304,0,0,0,0,108,0,0,0,0,318,9400
3184,W3,1,1,5,5,0,0,0,0,0,0,0,100,100,0,0,0,0,0,100,100,0,0.000000,0,9904,0.000000,0,0,0,0,108,8,0,8,100,5104,304,0,0,0,0,108,0,0,0,0,308,9400
3185,W3,1,1,5,5,0,0,0,0,0,0,0,100,100,0,0,0,0,0,100,100,0,0.000000,0,9904,0.000000,0,0,0,0,108,8,0,8,100,5104,304,0,0,0,0,108,0,0,0,0,280,9400
3186,W3,1,1,5,5,0,0,0,0,0,0,0,100,100,0,0,0,0,0,100,100,0,0.000000,0,9904,0.000000,0,0,0,0,108,8,0,8,100,5104,304,0,0,0,0,108,0,0,0,0,290,9400
3187,W3,1,1,5,5,0,0,0,0,0,0,0,100,100,0,0,0,0,0,100,100,0,0.000000,0,9904,0.000000,0,0,0,0,108,8,0,8,100,5104,304,0,0,0,0,108,0,0,0,0,296,9400
3188,W3,1,1,5,5,0,0,0,0,0,0,0,100,100,0,0,0,0,0,100,100,0,0.000000,0,9904,0.000000,0,0,0,0,108,8,0,8,100,5104,304,0,0,0,0,108,0,0,0,0,294,9400
3189,W3,1,1,5,5,0,0,0,0,0,0,0,100,100,0,0,0,0,0,100,100,0,0.000000,0,9904,0.000000,0,0,0,0,108,8,0,8,100,5104,304,0,0,0,0,108,0,0,0,0,304,9400
3190,W3,1,1,5,5,0,0,0,0,0,0,0,100,100,0,0,0,0,0,100,100,0,0.000000,0,9904,0.000000,0,0,0,0,108,8,0,8,100,5104,304,0,0,0,0,108,0,0,0,0,296,9400
3191,W3,1,1,5,5,0,0,0,0,0,0,0,100,100,100,0,0,0,0,100,100,100,100.000000,1600,9904,16.155089,10,10,10,10,108,8,0,8,100,5104,304,0,0,0,0,108,0,0,0,0,314,9400
3192,W3,1,1,5,5,0,0,0,0,0,0,0,100,100,0,0,0,0,0,100,100,0,0.000000,0,9904,0.000000,0,0,0,0,108,8,0,8,100,5104,304,0,0,0,0,108,0,0,0,0,303,9400
3193,W3,1,1,5,5,0,0,0,0,0,0,0,100,100,0,0,0,0,0,100,100,0,0.000000,0,9904,0.000000,0,0,0,0,108,8,0,8,100,5104,304,0,0,0,0,108,0,0,0,0,286,9400
3194,W3,1,1,5,5,0,0,0,0,0,0,0,100,100,0,0,0,0,0,100,100,0,0.000000,0,9904,0.000000,0,0,0,0,108,8,0,8,100,5104,304,0,0,0,0,108,0,0,0,0,285,9400
3195,W3,1,1,5,5,0,0,0,0,0,0,0,100,100,0,0,0,0,0,100,100,0,0.000000,0,9904,0.000000,0,0,0,0,108,8,0,8,100,5104,304,0,0,0,0,108,0,0,0,0,291,9400
3196,W3,1,1,5,5,0,0,0,0,0,0,0,100,100,0,0,0,0,0,100,100,0,0.000000,0,9904,0.000000,0,0,0,0,108,8,0,8,100,5104,304,0,0,0,0,108,0,0,0,0,282,9400
3197,W3,1,1,5,5,0,0,0,0,0,0,0,100,100,0,0,0,0,0,100,100,0,0.000000,0,9904,0.000000,0,0,0,0,108,8,0,8,100,5104,304,0,0,0,0,108,0,0,0,0,290,9400
3198,W3,1,1,5,5,0,0,0,0,0,0,0,100,100,0,0,0,0,0,100,100,0,0.000000,0,9904,0.000000,0,0,0,0,108,8,0,8,100,5104,304,0,0,0,0,108,0,0,0,0,279,9400
3199,W3,1,1,5,5,0,0,0,0,0,0,0,100,100,0,0,0,0,0,100,100,0,0.000000,0,9904,0.000000,0,0,0,0,108,8,0,8,100,5104,304,0,0,0,0,108,0,0,0,0,286,9400
3200,W3,1,1,5,5,0,0,0,0,0,0,0,100,100,100,0,0,0,0,100,100,100,100.000000,1600,9904,16.155089,10,10,10,10,108,8,0,8,100,5104,304,0,0,0,0,108,0,0,0,0,292,9400
3201,W3,1,1,5,5,0,0,0,0,0,0,0,100,100,0,0,0,0,0,100,100,0,0.000000,0,9904,0.000000,0,0,0,0,108,8,0,8,100,5104,304,0,0,0,0,108,0,0,0,0,289,9400
3202,W3,1,1,5,5,0,0,0,0,0,0,0,100,100,0,0,0,0,0,100,100,0,0.000000,0,9904,0.000000,0,0,0,0,108,8,0,8,100,5104,304,0,0,0,0,108,0,0,0,0,316,9400
3203,W3,1,1,5,5,0,0,0,0,0,0,0,100,100,0,0,0,0,0,100,100,0,0.000000,0,9904,0.000000,0,0,0,0,108,8,0,8,100,5104,304,0,0,0,0,108,0,0,0,0,283,9400
3204,W3,1,1,5,5,0,0,0,0,0,0,0,100,100,0,0,0,0,0,100,100,0,0.000000,0,9904,0.000000,0,0,0,0,108,8,0,8,100,5104,304,0,0,0,0,108,0,0,0,0,292,9400
3205,W3,1,1,5,5,0,0,0,0,0,0,0,100,100,0,0,0,0,0,100,100,0,0.000000,0,9904,0.000000,0,0,0,0,108,8,0,8,100,5104,304,0,0,0,0,108,0,0,0,0,280,9400
3206,W3,1,1,5,5,0,0,0,0,0,0,0,100,100,0,0,0,0,0,100,100,0,0.000000,0,9904,0.000000,0,0,0,0,108,8,0,8,100,5104,304,0,0,0,0,108,0,0,0,0,281,9400
3207,W3,1,1,5,5,0,0,0,0,0,0,0,100,100,0,0,0,0,0,100,100,0,0.000000,0,9904,0.000000,0,0,0,0,108,8,0,8,100,5104,304,0,0,0,0,108,0,0,0,0,299,9400
3208,W3,1,1,5,5,0,0,0,0,0,0,0,100,100,0,0,0,0,0,100,100,0,0.000000,0,9904,0.000000,0,0,0,0,108,8,0,8,100,5104,304,0,0,0,0,108,0,0,0,0,295,9400
3209,W3,1,1,5,5,0,0,0,0,0,0,0,100,100,100,0,0,0,0,100,100,100,100.000000,1600,9904,16.155089,10,10,10,10,108,8,0,8,100,5104,304,0,0,0,0,108,0,0,0,0,315,9400
3210,W3,1,1,5,5,0,0,0,0,0,0,0,100,100,0,0,0,0,0,100,100,0,0.000000,0,9904,0.000000,0,0,0,0,108,8,0,8,100,5104,304,0,0,0,0,108,0,0,0,0,329,9400
3211,W3,1,1,5,5,0,0,0,0,0,0,0,100,100,0,0,0,0,0,100,100,0,0.000000,0,9904,0.000000,0,0,0,0,108,8,0,8,100,5104,304,0,0,0,0,108,0,0,0,0,281,9400
3212,W3,1,1,5,5,0,0,0,0,0,0,0,100,100,0,0,0,0,0,100,100,0,0.000000,0,9904,0.000000,0,0,0,0,108,8,0,8,100,5104,304,0,0,0,0,108,0,0,0,0,308,9400
3213,W3,1,1,5,5,0,0,0,0,0,0,0,100,100,0,0,0,0,0,100,100,0,0.000000,0,9904,0.000000,0,0,0,0,108,8,0,8,100,5104,304,0,0,0,0,108,0,0,0,0,285,9400
3214,W3,1,1,5,5,0,0,0,0,0,0,0,100,100,0,0,0,0,0,100,100,0,0.000000,0,9904,0.000000,0,0,0,0,108,8,0,8,100,5104,304,0,0,0,0,108,0,0,0,0,291,9400
3215,W3,1,1,5,5,0,0,0,0,0,0,0,100,100,0,0,0,0,0,100,100,0,0.000000,0,9904,0.000000,0,0,0,0,108,8,0,8,100,5104,304,0,0,0,0,108,0,0,0,0,322,9400
3216,W3,1,1,5,5,0,0,0,0,0,0,0,100,100,0,0,0,0,0,100,100,0,0.000000,0,9904,0.000000,0,0,0,0,108,8,0,8,100,5104,304,0,0,0,0,108,0,0,0,0,297,9400
3217,W3,1,1,5,5,0,0,0,0,0,0,0,100,100,0,0,0,0,0,100,100,0,0.000000,0,9904,0.000000,0,0,0,0,108,8,0,8,100,5104,304,0,0,0,0,108,0,0,0,0,340,9400
3218,W3,1,1,5,5,0,0,0,0,0,0,0,100,100,100,0,0,0,0,100,100,100,100.000000,1600,9904,16.155089,10,10,10,10,108,8,0,8,100,5104,304,0,0,0,0,108,0,0,0,0,290,9400
3219,W3,1,1,5,5,0,0,0,0,0,0,0,100,100,0,0,0,0,0,100,100,0,0.000000,0,9904,0.000000,0,0,0,0,108,8,0,8,100,5104,304,0,0,0,0,108,0,0,0,0,294,9400
3220,W3,1,1,5,5,0,0,0,0,0,0,0,100,100,0,0,0,0,0,100,100,0,0.000000,0,9904,0.000000,0,0,0,0,108,8,0,8,100,5104,304,0,0,0,0,108,0,0,0,0,332,9400
3221,W3,1,1,5,5,0,0,0,0,0,0,0,100,100,0,0,0,0,0,100,100,0,0.000000,0,9904,0.000000,0,0,0,0,108,8,0,8,100,5104,304,0,0,0,0,108,0,0,0,0,276,9400
3222,W3,1,1,5,5,0,0,0,0,0,0,0,100,100,0,0,0,0,0,100,100,0,0.000000,0,9904,0.000000,0,0,0,0,108,8,0,8,100,5104,304,0,0,0,0,108,0,0,0,0,359,9400
3223,W3,1,1,5,5,0,0,0,0,0,0,0,100,100,0,0,0,0,0,100,100,0,0.000000,0,9904,0.000000,0,0,0,0,108,8,0,8,100,5104,304,0,0,0,0,108,0,0,0,0,282,9400
3224,W3,1,1,5,5,0,0,0,0,0,0,0,100,100,0,0,0,0,0,100,100,0,0.000000,0,9904,0.000000,0,0,0,0,108,8,0,8,100,5104,304,0,0,0,0,108,0,0,0,0,280,9400
3225,W3,1,1,5,5,0,0,0,0,0,0,0,100,100,0,0,0,0,0,100,100,0,0.000000,0,9904,0.000000,0,0,0,0,108,8,0,8,100,5104,304,0,0,0,0,108,0,0,0,0,320,9400
3226,W3,1,1,5,5,0,0,0,0,0,0,0,100,100,0,0,0,0,0,100,100,0,0.000000,0,9904,0.000000,0,0,0,0,108,8,0,8,100,5104,304,0,0,0,0,108,0,0,0,0,315,9400
3227,W3,1,1,5,5,0,0,0,0,0,0,0,100,100,100,0,0,0,0,100,100,100,100.000000,1600,9904,16.155089,10,10,10,10,108,8,0,8,100,5104,304,0,0,0,0,108,0,0,0,0,319,9400
3228,W3,1,1,5,5,0,0,0,0,0,0,0,100,100,0,0,0,0,0,100,100,0,0.000000,0,9904,0.000000,0,0,0,0,108,8,0,8,100,5104,304,0,0,0,0,108,0,0,0,0,294,9400
3229,W3,1,1,5,5,0,0,0,0,0,0,0,100,100,0,0,0,0,0,100,100,0,0.000000,0,9904,0.000000,0,0,0,0,108,8,0,8,100,5104,304,0,0,0,0,108,0,0,0,0,298,9400
3230,W3,1,1,5,5,0,0,0,0,0,0,0,100,100,0,0,0,0,0,100,100,0,0.000000,0,9904,0.000000,0,0,0,0,108,8,0,8,100,5104,304,0,0,0,0,108,0,0,0,0,298,9400
3231,W3,1,1,5,5,0,0,0,0,0,0,0,100,100,0,0,0,0,0,100,100,0,0.000000,0,9904,0.000000,0,0,0,0,108,8,0,8,100,5104,304,0,0,0,0,108,0,0,0,0,302,9400
3232,W3,1,1,5,5,0,0,0,0,0,0,0,100,100,0,0,0,0,0,100,100,0,0.000000,0,9904,0.000000,0,0,0,0,108,8,0,8,100,5104,304,0,0,0,0,108,0,0,0,0,300,9400
3233,W3,1,1,5,5,0,0,0,0,0,0,0,100,100,0,0,0,0,0,100,100,0,0.000000,0,9904,0.000000,0,0,0,0,108,8,0,8,100,5104,304,0,0,0,0,108,0,0,0,0,299,9400
3234,W3,1,1,5,5,0,0,0,0,0,0,0,100,100,0,0,0,0,0,100,100,0,0.000000,0,9904,0.000000,0,0,0,0,108,8,0,8,100,5104,304,0,0,0,0,108,0,0,0,0,296,9400
3235,W3,1,1,5,5,0,0,0,0,0,0,0,100,100,0,0,0,0,0,100,100,0,0.000000,0,9904,0.000000,0,0,0,0,108,8,0,8,100,5104,304,0,0,0,0,108,0,0,0,0,291,9400
3236,W3,1,1,5,5,0,0,0,0,0,0,0,100,100,100,0,0,0,0,100,100,100,100.000000,1600,9904,16.155089,10,10,10,10,108,8,0,8,100,5104,304,0,0,0,0,108,0,0,0,0,304,9400
3237,W3,1,1,5,5,0,0,0,0,0,0,0,100,100,0,0,0,0,0,100,100,0,0.000000,0,9904,0.000000,0,0,0,0,108,8,0,8,100,5104,304,0,0,0,0,108,0,0,0,0,305,9400
3238,W3,1,1,5,5,0,0,0,0,0,0,0,100,100,0,0,0,0,0,100,100,0,0.000000,0,9904,0.000000,0,0,0,0,108,8,0,8,100,5104,304,0,0,0,0,108,0,0,0,0,301,9400
3239,W3,1,1,5,5,0,0,0,0,0,0,0,100,100,0,0,0,0,0,100,100,0,0.000000,0,9904,0.000000,0,0,0,0,108,8,0,8,100,5104,304,0,0,0,0,108,0,0,0,0,295,9400
3240,W3,1,1,5,5,0,0,0,0,0,0,0,100,100,0,0,0,0,0,100,100,0,0.000000,0,9904,0.000000,0,0,0,0,108,8,0,8,100,5104,304,0,0,0,0,108,0,0,0,0,299,9400
3241,W3,1,1,5,5,0,0,0,0,0,0,0,100,100,0,0,0,0,0,100,100,0,0.000000,0,9904,0.000000,0,0,0,0,108,8,0,8,100,5104,304,0,0,0,0,108,0,0,0,0,293,9400
3242,W3,1,1,5,5,0,0,0,0,0,0,0,100,100,0,0,0,0,0,100,100,0,0.000000,0,9904,0.000000,0,0,0,0,108,8,0,8,100,5104,304,0,0,0,0,108,0,0,0,0,317,9400
3243,W3,1,1,5,5,0,0,0,0,0,0,0,100,100,0,0,0,0,0,100,100,0,0.000000,0,9904,0.000000,0,0,0,0,108,8,0,8,100,5104,304,0,0,0,0,108,0,0,0,0,290,9400
3244,W3,1,1,5,5,0,0,0,0,0,0,0,100,100,0,0,0,0,0,100,100,0,0.000000,0,9904,0.000000,0,0,0,0,108,8,0,8,100,5104,304,0,0,0,0,108,0,0,0,0,304,9400
3245,W3,1,1,5,5,0,0,0,0,0,0,0,100,100,100,0,0,0,0,100,100,100,100.000000,1600,9904,16.155089,10,10,10,10,108,8,0,8,100,5104,304,0,0,0,0,108,0,0,0,0,295,9400
3246,W3,1,1,5,5,0,0,0,0,0,0,0,100,100,0,0,0,0,0,100,100,0,0.000000,0,9904,0.000000,0,0,0,0,108,8,0,8,100,5104,304,0,0,0,0,108,0,0,0,0,315,9400
3247,W3,1,1,5,5,0,0,0,0,0,0,0,100,100,0,0,0,0,0,100,100,0,0.000000,0,9904,0.000000,0,0,0,0,108,8,0,8,100,5104,304,0,0,0,0,108,0,0,0,0,284,9400
3248,W3,1,1,5,5,0,0,0,0,0,0,0,100,100,0,0,0,0,0,100,100,0,0.000000,0,9904,0.000000,0,0,0,0,108,8,0,8,100,5104,304,0,0,0,0,108,0,0,0,0,293,9400
3249,W3,1,1,5,5,0,0,0,0,0,0,0,100,100,0,0,0,0,0,100,100,0,0.000000,0,9904,0.000000,0,0,0,0,108,8,0,8,100,5104,304,0,0,0,0,108,0,0,0,0,273,9400
3250,W3,1,1,5,5,0,0,0,0,0,0,0,100,100,0,0,0,0,0,100,100,0,0.000000,0,9904,0.000000,0,0,0,0,108,8,0,8,100,5104,304,0,0,0,0,108,0,0,0,0,276,9400
3251,W3,1,1,5,5,0,0,0,0,0,0,0,100,100,0,0,0,0,0,100,100,0,0.000000,0,9904,0.000000,0,0,0,0,108,8,0,8,100,5104,304,0,0,0,0,108,0,0,0,0,284,9400
3252,W3,1,1,5,5,0,0,0,0,0,0,0,100,100,0,0,0,0,0,100,100,0,0.000000,0,9904,0.000000,0,0,0,0,108,8,0,8,100,5104,304,0,0,0,0,108,0,0,0,0,287,9400
3253,W3,1,1,5,5,0,0,0,0,0,0,0,100,100,0,0,0,0,0,100,100,0,0.000000,0,9904,0.000000,0,0,0,0,108,8,0,8,100,5104,304,0,0,0,0,108,0,0,0,0,282,9400
3254,W3,1,1,5,5,0,0,0,0,0,0,0,100,100,100,0,0,0,0,100,100,100,100.000000,1600,9904,16.155089,10,10,10,10,108,8,0,8,100,5104,304,0,0,0,0,108,0,0,0,0,292,9400
3255,W3,1,1,5,5,0,0,0,0,0,0,0,100,100,0,0,0,0,0,100,100,0,0.000000,0,9904,0.000000,0,0,0,0,108,8,0,8,100,5104,304,0,0,0,0,108,0,0,0,0,280,9400
3256,W3,1,1,5,5,0,0,0,0,0,0,0,100,100,0,0,0,0,0,100,100,0,0.000000,0,9904,0.000000,0,0,0,0,108,8,0,8,100,5104,304,0,0,0,0,108,0,0,0,0,295,9400
3257,W3,1,1,5,5,0,0,0,0,0,0,0,100,100,0,0,0,0,0,100,100,0,0.000000,0,9904,0.000000,0,0,0,0,108,8,0,8,100,5104,304,0,0,0,0,108,0,0,0,0,289,9400
3258,W3,1,1,5,5,0,0,0,0,0,0,0,100,100,0,0,0,0,0,100,100,0,0.000000,0,9904,0.000000,0,0,0,0,108,8,0,8,100,5104,304,0,0,0,0,108,0,0,0,0,302,9400
3259,W3,1,1,5,5,0,0,0,0,0,0,0,100,100,0,0,0,0,0,100,100,0,0.000000,0,9904,0.000000,0,0,0,0,108,8,0,8,100,5104,304,0,0,0,0,108,0,0,0,0,289,9400
3260,W3,1,1,5,5,0,0,0,0,0,0,0,100,100,0,0,0,0,0,100,100,0,0.000000,0,9904,0.000000,0,0,0,0,108,8,0,8,100,5104,304,0,0,0,0,108,0,0,0,0,318,9400
3261,W3,1,1,5,5,0,0,0,0,0,0,0,100,100,0,0,0,0,0,100,100,0,0.000000,0,9904,0.000000,0,0,0,0,108,8,0,8,100,5104,304,0,0,0,0,108,0,0,0,0,291,9400
3262,W3,1,1,5,5,0,0,0,0,0,0,0,100,100,0,0,0,0,0,100,100,0,0.000000,0,9904,0.000000,0,0,0,0,108,8,0,8,100,5104,304,0,0,0,0,108,0,0,0,0,323,9400
3263,W3,1,1,5,5,0,0,0,0,0,0,0,100,100,100,0,0,0,0,100,100,100,100.000000,1600,9904,16.155089,10,10,10,10,108,8,0,8,100,5104,304,0,0,0,0,108,0,0,0,0,288,9400
3264,W3,1,1,5,5,0,0,0,0,0,0,0,100,100,0,0,0,0,0,100,100,0,0.000000,0,9904,0.000000,0,0,0,0,108,8,0,8,100,5104,304,0,0,0,0,108,0,0,0,0,316,9400
3265,W3,1,1,5,5,0,0,0,0,0,0,0,100,100,0,0,0,0,0,100,100,0,0.000000,0,9904,0.000000,0,0,0,0,108,8,0,8,100,5104,304,0,0,0,0,108,0,0,0,0,287,9400
3266,W3,1,1,5,5,0,0,0,0,0,0,0,100,100,0,0,0,0,0,100,100,0,0.000000,0,9904,0.000000,0,0,0,0,108,8,0,8,100,5104,304,0,0,0,0,108,0,0,0,0,292,9400
3267,W3,1,1,5,5,0,0,0,0,0,0,0,100,100,0,0,0,0,0,100,100,0,0.000000,0,9904,0.000000,0,0,0,0,108,8,0,8,100,5104,304,0,0,0,0,108,0,0,0,0,294,9400
3268,W3,1,1,5,5,0,0,0,0,0,0,0,100,100,0,0,0,0,0,100,100,0,0.000000,0,9904,0.000000,0,0,0,0,108,8,0,8,100,5104,304,0,0,0,0,108,0,0,0,0,307,9400
3269,W3,1,1,5,5,0,0,0,0,0,0,0,100,100,0,0,0,0,0,100,100,0,0.000000,0,9904,0.000000,0,0,0,0,108,8,0,8,100,5104,304,0,0,0,0,108,0,0,0,0,296,9400
3270,W3,1,1,5,5,0,0,0,0,0,0,0,100,100,0,0,0,0,0,100,100,0,0.000000,0,9904,0.000000,0,0,0,0,108,8,0,8,100,5104,304,0,0,0,0,108,0,0,0,0,289,9400
3271,W3,1,1,5,5,0,0,0,0,0,0,0,100,100,0,0,0,0,0,100,100,0,0.000000,0,9904,0.000000,0,0,0,0,108,8,0,8,100,5104,304,0,0,0,0,108,0,0,0,0,275,9400
3272,W3,1,1,5,5,0,0,0,0,0,0,0,100,100,100,0,0,0,0,100,100,100,100.000000,1600,9904,16.155089,10,10,10,10,108,8,0,8,100,5104,304,0,0,0,0,108,0,0,0,0,283,9400
3273,W3,1,1,5,5,0,0,0,0,0,0,0,100,100,0,0,0,0,0,100,100,0,0.000000,0,9904,0.000000,0,0,0,0,108,8,0,8,100,5104,304,0,0,0,0,108,0,0,0,0,283,9400
3274,W3,1,1,5,5,0,0,0,0,0,0,0,100,100,0,0,0,0,0,100,100,0,0.000000,0,9904,0.000000,0,0,0,0,108,8,0,8,100,5104,304,0,0,0,0,108,0,0,0,0,284,9400
3275,W3,1,1,5,5,0,0,0,0,0,0,0,100,100,0,0,0,0,0,100,100,0,0.000000,0,9904,0.000000,0,0,0,0,108,8,0,8,100,5104,304,0,0,0,0,108,0,0,0,0,331,9400
3276,W3,1,1,5,5,0,0,0,0,0,0,0,100,100,0,0,0,0,0,100,100,0,0.000000,0,9904,0.000000,0,0,0,0,108,8,0,8,100,5104,304,0,0,0,0,108,0,0,0,0,295,9400
3277,W3,1,1,5,5,0,0,0,0,0,0,0,100,100,0,0,0,0,0,100,100,0,0.000000,0,9904,0.000000,0,0,0,0,108,8,0,8,100,5104,304,0,0,0,0,108,0,0,0,0,278,9400
3278,W3,1,1,5,5,0,0,0,0,0,0,0,100,100,0,0,0,0,0,100,100,0,0.000000,0,9904,0.000000,0,0,0,0,108,8,0,8,100,5104,304,0,0,0,0,108,0,0,0,0,310,9400
3279,W3,1,1,5,5,0,0,0,0,0,0,0,100,100,0,0,0,0,0,100,100,0,0.000000,0,9904,0.000000,0,0,0,0,108,8,0,8,100,5104,304,0,0,0,0,108,0,0,0,0,307,9400
3280,W3,1,1,5,5,0,0,0,0,0,0,0,100,100,0,0,0,0,0,100,100,0,0.000000,0,9904,0.000000,0,0,0,0,108,8,0,8,100,5104,304,0,0,0,0,108,0,0,0,0,292,9400
3281,W3,1,1,5,5,0,0,0,0,0,0,0,100,100,100,0,0,0,0,100,100,100,100.000000,1600,9904,16.155089,10,10,10,10,108,8,0,8,100,5104,304,0,0,0,0,108,0,0,0,0,314,9400
3282,W3,1,1,5,5,0,0,0,0,0,0,0,100,100,0,0,0,0,0,100,100,0,0.000000,0,9904,0.000000,0,0,0,0,108,8,0,8,100,5104,304,0,0,0,0,108,0,0,0,0,310,9400
3283,W3,1,1,5,5,0,0,0,0,0,0,0,100,100,0,0,0,0,0,100,100,0,0.000000,0,9904,0.000000,0,0,0,0,108,8,0,8,100,5104,304,0,0,0,0,108,0,0,0,0,335,9400
3284,W3,1,1,5,5,0,0,0,0,0,0,0,100,100,0,0,0,0,0,100,100,0,0.000000,0,9904,0.000000,0,0,0,0,108,8,0,8,100,5104,304,0,0,0,0,108,0,0,0,0,325,9400
3285,W3,1,1,5,5,0,0,0,0,0,0,0,100,100,0,0,0,0,0,100,100,0,0.000000,0,9904,0.000000,0,0,0,0,108,8,0,8,100,5104,304,0,0,0,0,108,0,0,0,0,309,9400
3286,W3,1,1,5,5,0,0,0,0,0,0,0,100,100,0,0,0,0,0,100,100,0,0.000000,0,9904,0.000000,0,0,0,0,108,8,0,8,100,5104,304,0,0,0,0,108,0,0,0,0,340,9400
3287,W3,1,1,5,5,0,0,0,0,0,0,0,100,100,0,0,0,0,0,100,100,0,0.000000,0,9904,0.000000,0,0,0,0,108,8,0,8,100,5104,304,0,0,0,0,108,0,0,0,0,297,9400
3288,W3,1,1,5,5,0,0,0,0,0,0,0,100,100,0,0,0,0,0,100,100,0,0.000000,0,9904,0.000000,0,0,0,0,108,8,0,8,100,5104,304,0,0,0,0,108,0,0,0,0,301,9400
3289,W3,1,1,5,5,0,0,0,0,0,0,0,100,100,0,0,0,0,0,100,100,0,0.000000,0,9904,0.000000,0,0,0,0,108,8,0,8,100,5104,304,0,0,0,0,108,0,0,0,0,288,9400
3290,W3,1,1,5,5,0,0,0,0,0,0,0,100,100,100,0,0,0,0,100,100,100,100.000000,1600,9904,16.155089,10,10,10,10,108,8,0,8,100,5104,304,0,0,0,0,108,0,0,0,0,323,9400
3291,W3,1,1,5,5,0,0,0,0,0,0,0,100,100,0,0,0,0,0,100,100,0,0.000000,0,9904,0.000000,0,0,0,0,108,8,0,8,100,5104,304,0,0,0,0,108,0,0,0,0,278,9400
3292,W3,1,1,5,5,0,0,0,0,0,0,0,100,100,0,0,0,0,0,100,100,0,0.000000,0,9904,0.000000,0,0,0,0,108,8,0,8,100,5104,304,0,0,0,0,108,0,0,0,0,288,9400
3293,W3,1,1,5,5,0,0,0,0,0,0,0,100,100,0,0,0,0,0,100,100,0,0.000000,0,9904,0.000000,0,0,0,0,108,8,0,8,100,5104,304,0,0,0,0,108,0,0,0,0,284,9400
3294,W3,1,1,5,5,0,0,0,0,0,0,0,100,100,0,0,0,0,0,100,100,0,0.000000,0,9904,0.000000,0,0,0,0,108,8,0,8,100,5104,304,0,0,0,0,108,0,0,0,0,305,9400
3295,W3,1,1,5,5,0,0,0,0,0,0,0,100,100,0,0,0,0,0,100,100,0,0.000000,0,9904,0.000000,0,0,0,0,108,8,0,8,100,5104,304,0,0,0,0,108,0,0,0,0,314,9400
3296,W3,1,1,5,5,0,0,0,0,0,0,0,100,100,0,0,0,0,0,100,100,0,0.000000,0,9904,0.000000,0,0,0,0,108,8,0,8,100,5104,304,0,0,0,0,108,0,0,0,0,314,9400
3297,W3,1,1,5,5,0,0,0,0,0,0,0,100,100,0,0,0,0,0,100,100,0,0.000000,0,9904,0.000000,0,0,0,0,108,8,0,8,100,5104,304,0,0,0,0,108,0,0,0,0,300,9400
3298,W3,1,1,5,5,0,0,0,0,0,0,0,100,100,0,0,0,0,0,100,100,0,0.000000,0,9904,0.000000,0,0,0,0,108,8,0,8,100,5104,304,0,0,0,0,108,0,0,0,0,298,9400
3299,W3,1,1,5,5,0,0,0,0,0,0,0,100,100,100,0,0,0,0,100,100,100,100.000000,1600,9904,16.155089,10,10,10,10,108,8,0,8,100,5104,304,0,0,0,0,108,0,0,0,0,333,9400
3300,W3,1,1,5,5,0,0,0,0,0,0,0,100,100,0,0,0,0,0,100,100,0,0.000000,0,9904,0.000000,0,0,0,0,108,8,0,8,100,5104,304,0,0,0,0,108,0,0,0,0,298,9400
3301,W3,1,1,5,5,0,0,0,0,0,0,0,100,100,0,0,0,0,0,100,100,0,0.000000,0,9904,0.000000,0,0,0,0,108,8,0,8,100,5104,304,0,0,0,0,108,0,0,0,0,324,9400
3302,W3,1,1,5,5,0,0,0,0,0,0,0,100,100,0,0,0,0,0,100,100,0,0.000000,0,9904,0.000000,0,0,0,0,108,8,0,8,100,5104,304,0,0,0,0,108,0,0,0,0,302,9400
3303,W3,1,1,5,5,0,0,0,0,0,0,0,100,100,0,0,0,0,0,100,100,0,0.000000,0,9904,0.000000,0,0,0,0,108,8,0,8,100,5104,304,0,0,0,0,108,0,0,0,0,303,9400
3304,W3,1,1,5,5,0,0,0,0,0,0,0,100,100,0,0,0,0,0,100,100,0,0.000000,0,9904,0.000000,0,0,0,0,108,8,0,8,100,5104,304,0,0,0,0,108,0,0,0,0,346,9400
3305,W3,1,1,5,5,0,0,0,0,0,0,0,100,100,0,0,0,0,0,100,100,0,0.000000,0,9904,0.000000,0,0,0,0,108,8,0,8,100,5104,304,0,0,0,0,108,0,0,0,0,303,9400
3306,W3,1,1,5,5,0,0,0,0,0,0,0,100,100,0,0,0,0,0,100,100,0,0.000000,0,9904,0.000000,0,0,0,0,108,8,0,8,100,5104,304,0,0,0,0,108,0,0,0,0,306,9400
3307,W3,1,1,5,5,0,0,0,0,0,0,0,100,100,0,0,0,0,0,100,100,0,0.000000,0,9904,0.000000,0,0,0,0,108,8,0,8,100,5104,304,0,0,0,0,108,0,0,0,0,295,9400
3308,W3,1,1,5,5,0,0,0,0,0,0,0,100,100,100,0,0,0,0,100,100,100,100.000000,1600,9904,16.155089,10,10,10,10,108,8,0,8,100,5104,304,0,0,0,0,108,0,0,0,0,327,9400
3309,W3,1,1,5,5,0,0,0,0,0,0,0,100,100,0,0,0,0,0,100,100,0,0.000000,0,9904,0.000000,0,0,0,0,108,8,0,8,100,5104,304,0,0,0,0,108,0,0,0,0,306,9400
3310,W3,1,1,5,5,0,0,0,0,0,0,0,100,100,0,0,0,0,0,100,100,0,0.000000,0,9904,0.000000,0,0,0,0,108,8,0,8,100,5104,304,0,0,0,0,108,0,0,0,0,291,9400
3311,W3,1,1,5,5,0,0,0,0,0,0,0,100,100,0,0,0,0,0,100,100,0,0.000000,0,9904,0.000000,0,0,0,0,108,8,0,8,100,5104,304,0,0,0,0,108,0,0,0,0,289,9400
3312,W3,1,1,5,5,0,0,0,0,0,0,0,100,100,0,0,0,0,0,100,100,0,0.000000,0,9904,0.000000,0,0,0,0,108,8,0,8,100,5104,304,0,0,0,0,108,0,0,0,0,304,9400
3313,W3,1,1,5,5,0,0,0,0,0,0,0,100,100,0,0,0,0,0,100,100,0,0.000000,0,9904,0.000000,0,0,0,0,108,8,0,8,100,5104,304,0,0,0,0,108,0,0,0,0,343,9400
3314,W3,1,1,5,5,0,0,0,0,0,0,0,100,100,0,0,0,0,0,100,100,0,0.000000,0,9904,0.000000,0,0,0,0,108,8,0,8,100,5104,304,0,0,0,0,108,0,0,0,0,289,9400
3315,W3,1,1,5,5,0,0,0,0,0,0,0,100,100,0,0,0,0,0,100,100,0,0.000000,0,9904,0.000000,0,0,0,0,108,8,0,8,100,5104,304,0,0,0,0,108,0,0,0,0,302,9400
3316,W3,1,1,5,5,0,0,0,0,0,0,0,100,100,0,0,0,0,0,100,100,0,0.000000,0,9904,0.000000,0,0,0,0,108,8,0,8,100,5104,304,0,0,0,0,108,0,0,0,0,299,9400
3317,W3,1,1,5,5,0,0,0,0,0,0,0,100,100,100,0,0,0,0,100,100,100,100.000000,1600,9904,16.155089,10,10,10,10,108,8,0,8,100,5104,304,0,0,0,0,108,0,0,0,0,321,9400
3318,W3,1,1,5,5,0,0,0,0,0,0,0,100,100,0,0,0,0,0,100,100,0,0.000000,0,9904,0.000000,0,0,0,0,108,8,0,8,100,5104,304,0,0,0,0,108,0,0,0,0,328,9400
3319,W3,1,1,5,5,0,0,0,0,0,0,0,100,100,0,0,0,0,0,100,100,0,0.000000,0,9904,0.000000,0,0,0,0,108,8,0,8,100,5104,304,0,0,0,0,108,0,0,0,0,299,9400
3320,W3,1,1,5,5,0,0,0,0,0,0,0,100,100,0,0,0,0,0,100,100,0,0.000000,0,9904,0.000000,0,0,0,0,108,8,0,8,100,5104,304,0,0,0,0,108,0,0,0,0,298,9400
3321,W3,1,1,5,5,0,0,0,0,0,0,0,100,100,0,0,0,0,0,100,100,0,0.000000,0,9904,0.000000,0,0,0,0,108,8,0,8,100,5104,304,0,0,0,0,108,0,0,0,0,314,9400
3322,W3,1,1,5,5,0,0,0,0,0,0,0,100,100,0,0,0,0,0,100,100,0,0.000000,0,9904,0.000000,0,0,0,0,108,8,0,8,100,5104,304,0,0,0,0,108,0,0,0,0,316,9400
3323,W3,1,1,5,5,0,0,0,0,0,0,0,100,100,0,0,0,0,0,100,100,0,0.000000,0,9904,0.000000,0,0,0,0,108,8,0,8,100,5104,304,0,0,0,0,108,0,0,0,0,320,9400
3324,W3,1,1,5,5,0,0,0,0,0,0,0,100,100,0,0,0,0,0,100,100,0,0.000000,0,9904,0.000000,0,0,0,0,108,8,0,8,100,5104,304,0,0,0,0,108,0,0,0,0,314,9400
3325,W3,1,1,5,5,0,0,0,0,0,0,0,100,100,0,0,0,0,0,100,100,0,0.000000,0,9904,0.000000,0,0,0,0,108,8,0,8,100,5104,304,0,0,0,0,108,0,0,0,0,287,9400
3326,W3,1,1,5,5,0,0,0,0,0,0,0,100,100,100,0,0,0,0,100,100,100,100.000000,1600,9904,16.155089,10,10,10,10,108,8,0,8,100,5104,304,0,0,0,0,108,0,0,0,0,334,9400
3327,W3,1,1,5,5,0,0,0,0,0,0,0,100,100,0,0,0,0,0,100,100,0,0.000000,0,9904,0.000000,0,0,0,0,108,8,0,8,100,5104,304,0,0,0,0,108,0,0,0,0,324,9400
3328,W3,1,1,5,5,0,0,0,0,0,0,0,100,100,0,0,0,0,0,100,100,0,0.000000,0,9904,0.000000,0,0,0,0,108,8,0,8,100,5104,304,0,0,0,0,108,0,0,0,0,319,9400
3329,W3,1,1,5,5,0,0,0,0,0,0,0,100,100,0,0,0,0,0,100,100,0,0.000000,0,9904,0.000000,0,0,0,0,108,8,0,8,100,5104,304,0,0,0,0,108,0,0,0,0,300,9400
3330,W3,1,1,5,5,0,0,0,0,0,0,0,100,100,0,0,0,0,0,100,100,0,0.000000,0,9904,0.000000,0,0,0,0,108,8,0,8,100,5104,304,0,0,0,0,108,0,0,0,0,328,9400
3331,W3,1,1,5,5,0,0,0,0,0,0,0,100,100,0,0,0,0,0,100,100,0,0.000000,0,9904,0.000000,0,0,0,0,108,8,0,8,100,5104,304,0,0,0,0,108,0,0,0,0,285,9400
3332,W3,1,1,5,5,0,0,0,0,0,0,0,100,100,0,0,0,0,0,100,100,0,0.000000,0,9904,0.000000,0,0,0,0,108,8,0,8,100,5104,304,0,0,0,0,108,0,0,0,0,313,9400
3333,W3,1,1,5,5,0,0,0,0,0,0,0,100,100,0,0,0,0,0,100,100,0,0.000000,0,9904,0.000000,0,0,0,0,108,8,0,8,100,5104,304,0,0,0,0,108,0,0,0,0,289,9400
3334,W3,1,1,5,5,0,0,0,0,0,0,0,100,100,0,0,0,0,0,100,100,0,0.000000,0,9904,0.000000,0,0,0,0,108,8,0,8,100,5104,304,0,0,0,0,108,0,0,0,0,300,9400
3335,W3,1,1,5,5,0,0,0,0,0,0,0,100,100,100,0,0,0,0,100,100,100,100.000000,1600,9904,16.155089,10,10,10,10,108,8,0,8,100,5104,304,0,0,0,0,108,0,0,0,0,278,9400
3336,W3,1,1,5,5,0,0,0,0,0,0,0,100,100,0,0,0,0,0,100,100,0,0.000000,0,9904,0.000000,0,0,0,0,108,8,0,8,100,5104,304,0,0,0,0,108,0,0,0,0,290,9400
3337,W3,1,1,5,5,0,0,0,0,0,0,0,100,100,0,0,0,0,0,100,100,0,0.000000,0,9904,0.000000,0,0,0,0,108,8,0,8,100,5104,304,0,0,0,0,108,0,0,0,0,305,9400
3338,W3,1,1,5,5,0,0,0,0,0,0,0,100,100,0,0,0,0,0,100,100,0,0.000000,0,9904,0.000000,0,0,0,0,108,8,0,8,100,5104,304,0,0,0,0,108,0,0,0,0,294,9400
3339,W3,1,1,5,5,0,0,0,0,0,0,0,100,100,0,0,0,0,0,100,100,0,0.000000,0,9904,0.000000,0,0,0,0,108,8,0,8,100,5104,304,0,0,0,0,108,0,0,0,0,304,9400
3340,W3,1,1,5,5,0,0,0,0,0,0,0,100,100,0,0,0,0,0,100,100,0,0.000000,0,9904,0.000000,0,0,0,0,108,8,0,8,100,5104,304,0,0,0,0,108,0,0,0,0,298,9400
3341,W3,1,1,5,5,0,0,0,0,0,0,0,100,100,0,0,0,0,0,100,100,0,0.000000,0,9904,0.000000,0,0,0,0,108,8,0,8,100,5104,304,0,0,0,0,108,0,0,0,0,291,9400
3342,W3,1,1,5,5,0,0,0,0,0,0,0,100,100,0,0,0,0,0,100,100,0,0.000000,0,9904,0.000000,0,0,0,0,108,8,0,8,100,5104,304,0,0,0,0,108,0,0,0,0,305,9400
3343,W3,1,1,5,5,0,0,0,0,0,0,0,100,100,0,0,0,0,0,100,100,0,0.000000,0,9904,0.000000,0,0,0,0,108,8,0,8,100,5104,304,0,0,0,0,108,0,0,0,0,313,9400
3344,W3,1,1,5,5,0,0,0,0,0,0,0,100,100,100,0,0,0,0,100,100,100,100.000000,1600,9904,16.155089,10,10,10,10,108,8,0,8,100,5104,304,0,0,0,0,108,0,0,0,0,354,9400
3345,W3,1,1,5,5,0,0,0,0,0,0,0,100,100,0,0,0,0,0,100,100,0,0.000000,0,9904,0.000000,0,0,0,0,108,8,0,8,100,5104,304,0,0,0,0,108,0,0,0,0,303,9400
3346,W3,1,1,5,5,0,0,0,0,0,0,0,100,100,0,0,0,0,0,100,100,0,0.000000,0,9904,0.000000,0,0,0,0,108,8,0,8,100,5104,304,0,0,0,0,108,0,0,0,0,376,9400
3347,W3,1,1,5,5,0,0,0,0,0,0,0,100,100,0,0,0,0,0,100,100,0,0.000000,0,9904,0.000000,0,0,0,0,108,8,0,8,100,5104,304,0,0,0,0,108,0,0,0,0,300,9400
3348,W3,1,1,5,5,0,0,0,0,0,0,0,100,100,0,0,0,0,0,100,100,0,0.000000,0,9904,0.000000,0,0,0,0,108,8,0,8,100,5104,304,0,0,0,0,108,0,0,0,0,309,9400
3349,W3,1,1,5,5,0,0,0,0,0,0,0,100,100,0,0,0,0,0,100,100,0,0.000000,0,9904,0.000000,0,0,0,0,108,8,0,8,100,5104,304,0,0,0,0,108,0,0,0,0,314,9400
3350,W3,1,1,5,5,0,0,0,0,0,0,0,100,100,0,0,0,0,0,100,100,0,0.000000,0,9904,0.000000,0,0,0,0,108,8,0,8,100,5104,304,0,0,0,0,108,0,0,0,0,308,9400
3351,W3,1,1,5,5,0,0,0,0,0,0,0,100,100,0,0,0,0,0,100,100,0,0.000000,0,9904,0.000000,0,0,0,0,108,8,0,8,100,5104,304,0,0,0,0,108,0,0,0,0,334,9400
3352,W3,1,1,5,5,0,0,0,0,0,0,0,100,100,0,0,0,0,0,100,100,0,0.000000,0,9904,0.000000,0,0,0,0,108,8,0,8,100,5104,304,0,0,0,0,108,0,0,0,0,301,9400
3353,W3,1,1,5,5,0,0,0,0,0,0,0,100,100,100,0,0,0,0,100,100,100,100.000000,1600,9904,16.155089,10,10,10,10,108,8,0,8,100,5104,304,0,0,0,0,108,0,0,0,0,298,9400
3354,W3,1,1,5,5,0,0,0,0,0,0,0,100,100,0,0,0,0,0,100,100,0,0.000000,0,9904,0.000000,0,0,0,0,108,8,0,8,100,5104,304,0,0,0,0,108,0,0,0,0,301,9400
3355,W3,1,1,5,5,0,0,0,0,0,0,0,100,100,0,0,0,0,0,100,100,0,0.000000,0,9904,0.000000,0,0,0,0,108,8,0,8,100,5104,304,0,0,0,0,108,0,0,0,0,322,9400
3356,W3,1,1,5,5,0,0,0,0,0,0,0,100,100,0,0,0,0,0,100,100,0,0.000000,0,9904,0.000000,0,0,0,0,108,8,0,8,100,5104,304,0,0,0,0,108,0,0,0,0,295,9400
3357,W3,1,1,5,5,0,0,0,0,0,0,0,100,100,0,0,0,0,0,100,100,0,0.000000,0,9904,0.000000,0,0,0,0,108,8,0,8,100,5104,304,0,0,0,0,108,0,0,0,0,316,9400
3358,W3,1,1,5,5,0,0,0,0,0,0,0,100,100,0,0,0,0,0,100,100,0,0.000000,0,9904,0.000000,0,0,0,0,108,8,0,8,100,5104,304,0,0,0,0,108,0,0,0,0,320,9400
3359,W3,1,1,5,5,0,0,0,0,0,0,0,100,100,0,0,0,0,0,100,100,0,0.000000,0,9904,0.000000,0,0,0,0,108,8,0,8,100,5104,304,0,0,0,0,108,0,0,0,0,280,9400
3360,W3,1,1,5,5,0,0,0,0,0,0,0,100,100,0,0,0,0,0,100,100,0,0.000000,0,9904,0.000000,0,0,0,0,108,8,0,8,100,5104,304,0,0,0,0,108,0,0,0,0,289,9400
3361,W3,1,1,5,5,0,0,0,0,0,0,0,100,100,0,0,0,0,0,100,100,0,0.000000,0,9904,0.000000,0,0,0,0,108,8,0,8,100,5104,304,0,0,0,0,108,0,0,0,0,283,9400
3362,W3,1,1,5,5,0,0,0,0,0,0,0,100,100,100,0,0,0,0,100,100,100,100.000000,1600,9904,16.155089,10,10,10,10,108,8,0,8,100,5104,304,0,0,0,0,108,0,0,0,0,280,9400
3363,W3,1,1,5,5,0,0,0,0,0,0,0,100,100,0,0,0,0,0,100,100,0,0.000000,0,9904,0.000000,0,0,0,0,108,8,0,8,100,5104,304,0,0,0,0,108,0,0,0,0,281,9400
3364,W3,1,1,5,5,0,0,0,0,0,0,0,100,100,0,0,0,0,0,100,100,0,0.000000,0,9904,0.000000,0,0,0,0,108,8,0,8,100,5104,304,0,0,0,0,108,0,0,0,0,304,9400
3365,W3,1,1,5,5,0,0,0,0,0,0,0,100,100,0,0,0,0,0,100,100,0,0.000000,0,9904,0.000000,0,0,0,0,108,8,0,8,100,5104,304,0,0,0,0,108,0,0,0,0,287,9400
3366,W3,1,1,5,5,0,0,0,0,0,0,0,100,100,0,0,0,0,0,100,100,0,0.000000,0,9904,0.000000,0,0,0,0,108,8,0,8,100,5104,304,0,0,0,0,108,0,0,0,0,284,9400
3367,W3,1,1,5,5,0,0,0,0,0,0,0,100,100,0,0,0,0,0,100,100,0,0.000000,0,9904,0.000000,0,0,0,0,108,8,0,8,100,5104,304,0,0,0,0,108,0,0,0,0,293,9400
3368,W3,1,1,5,5,0,0,0,0,0,0,0,100,100,0,0,0,0,0,100,100,0,0.000000,0,9904,0.000000,0,0,0,0,108,8,0,8,100,5104,304,0,0,0,0,108,0,0,0,0,299,9400
3369,W3,1,1,5,5,0,0,0,0,0,0,0,100,100,0,0,0,0,0,100,100,0,0.000000,0,9904,0.000000,0,0,0,0,108,8,0,8,100,5104,304,0,0,0,0,108,0,0,0,0,317,9400
3370,W3,1,1,5,5,0,0,0,0,0,0,0,100,100,0,0,0,0,0,100,100,0,0.000000,0,9904,0.000000,0,0,0,0,108,8,0,8,100,5104,304,0,0,0,0,108,0,0,0,0,280,9400
3371,W3,1,1,5,5,0,0,0,0,0,0,0,100,100,100,0,0,0,0,100,100,100,100.000000,1600,9904,16.155089,10,10,10,10,108,8,0,8,100,5104,304,0,0,0,0,108,0,0,0,0,309,9400
3372,W3,1,1,5,5,0,0,0,0,0,0,0,100,100,0,0,0,0,0,100,100,0,0.000000,0,9904,0.000000,0,0,0,0,108,8,0,8,100,5104,304,0,0,0,0,108,0,0,0,0,295,9400
3373,W3,1,1,5,5,0,0,0,0,0,0,0,100,100,0,0,0,0,0,100,100,0,0.000000,0,9904,0.000000,0,0,0,0,108,8,0,8,100,5104,304,0,0,0,0,108,0,0,0,0,313,9400
3374,W3,1,1,5,5,0,0,0,0,0,0,0,100,100,0,0,0,0,0,100,100,0,0.000000,0,9904,0.000000,0,0,0,0,108,8,0,8,100,5104,304,0,0,0,0,108,0,0,0,0,311,9400
3375,W3,1,1,5,5,0,0,0,0,0,0,0,100,100,0,0,0,0,0,100,100,0,0.000000,0,9904,0.000000,0,0,0,0,108,8,0,8,100,5104,304,0,0,0,0,108,0,0,0,0,290,9400
3376,W3,1,1,5,5,0,0,0,0,0,0,0,100,100,0,0,0,0,0,100,100,0,0.000000,0,9904,0.000000,0,0,0,0,108,8,0,8,100,5104,304,0,0,0,0,108,0,0,0,0,306,9400
3377,W3,1,1,5,5,0,0,0,0,0,0,0,100,100,0,0,0,0,0,100,100,0,0.000000,0,9904,0.000000,0,0,0,0,108,8,0,8,100,5104,304,0,0,0,0,108,0,0,0,0,298,9400
3378,W3,1,1,5,5,0,0,0,0,0,0,0,100,100,0,0,0,0,0,100,100,0,0.000000,0,9904,0.000000,0,0,0,0,108,8,0,8,100,5104,304,0,0,0,0,108,0,0,0,0,322,9400
3379,W3,1,1,5,5,0,0,0,0,0,0,0,100,100,0,0,0,0,0,100,100,0,0.000000,0,9904,0.000000,0,0,0,0,108,8,0,8,100,5104,304,0,0,0,0,108,0,0,0,0,300,9400
3380,W3,1,1,5,5,0,0,0,0,0,0,0,100,100,100,0,0,0,0,100,100,100,100.000000,1600,9904,16.155089,10,10,10,10,108,8,0,8,100,5104,304,0,0,0,0,108,0,0,0,0,316,9400
3381,W3,1,1,5,5,0,0,0,0,0,0,0,100,100,0,0,0,0,0,100,100,0,0.000000,0,9904,0.000000,0,0,0,0,108,8,0,8,100,5104,304,0,0,0,0,108,0,0,0,0,302,9400
3382,W3,1,1,5,5,0,0,0,0,0,0,0,100,100,0,0,0,0,0,100,100,0,0.000000,0,9904,0.000000,0,0,0,0,108,8,0,8,100,5104,304,0,0,0,0,108,0,0,0,0,299,9400
3383,W3,1,1,5,5,0,0,0,0,0,0,0,100,100,0,0,0,0,0,100,100,0,0.000000,0,9904,0.000000,0,0,0,0,108,8,0,8,100,5104,304,0,0,0,0,108,0,0,0,0,291,9400
3384,W3,1,1,5,5,0,0,0,0,0,0,0,100,100,0,0,0,0,0,100,100,0,0.000000,0,9904,0.000000,0,0,0,0,108,8,0,8,100,5104,304,0,0,0,0,108,0,0,0,0,304,9400
3385,W3,1,1,5,5,0,0,0,0,0,0,0,100,100,0,0,0,0,0,100,100,0,0.000000,0,9904,0.000000,0,0,0,0,108,8,0,8,100,5104,304,0,0,0,0,108,0,0,0,0,280,9400
3386,W3,1,1,5,5,0,0,0,0,0,0,0,100,100,0,0,0,0,0,100,100,0,0.000000,0,9904,0.000000,0,0,0,0,108,8,0,8,100,5104,304,0,0,0,0,108,0,0,0,0,383,9400
3387,W3,1,1,5,5,0,0,0,0,0,0,0,100,100,0,0,0,0,0,100,100,0,0.000000,0,9904,0.000000,0,0,0,0,108,8,0,8,100,5104,304,0,0,0,0,108,0,0,0,0,307,9400
3388,W3,1,1,5,5,0,0,0,0,0,0,0,100,100,0,0,0,0,0,100,100,0,0.000000,0,9904,0.000000,0,0,0,0,108,8,0,8,100,5104,304,0,0,0,0,108,0,0,0,0,287,9400
3389,W3,1,1,5,5,0,0,0,0,0,0,0,100,100,100,0,0,0,0,100,100,100,100.000000,1600,9904,16.155089,10,10,10,10,108,8,0,8,100,5104,304,0,0,0,0,108,0,0,0,0,290,9400
3390,W3,1,1,5,5,0,0,0,0,0,0,0,100,100,0,0,0,0,0,100,100,0,0.000000,0,9904,0.000000,0,0,0,0,108,8,0,8,100,5104,304,0,0,0,0,108,0,0,0,0,296,9400
3391,W3,1,1,5,5,0,0,0,0,0,0,0,100,100,0,0,0,0,0,100,100,0,0.000000,0,9904,0.000000,0,0,0,0,108,8,0,8,100,5104,304,0,0,0,0,108,0,0,0,0,319,9400
3392,W3,1,1,5,5,0,0,0,0,0,0,0,100,100,0,0,0,0,0,100,100,0,0.000000,0,9904,0.000000,0,0,0,0,108,8,0,8,100,5104,304,0,0,0,0,108,0,0,0,0,290,9400
3393,W3,1,1,5,5,0,0,0,0,0,0,0,100,100,0,0,0,0,0,100,100,0,0.000000,0,9904,0.000000,0,0,0,0,108,8,0,8,100,5104,304,0,0,0,0,108,0,0,0,0,306,9400
3394,W3,1,1,5,5,0,0,0,0,0,0,0,100,100,0,0,0,0,0,100,100,0,0.000000,0,9904,0.000000,0,0,0,0,108,8,0,8,100,5104,304,0,0,0,0,108,0,0,0,0,338,9400
3395,W3,1,1,5,5,0,0,0,0,0,0,0,100,100,0,0,0,0,0,100,100,0,0.000000,0,9904,0.000000,0,0,0,0,108,8,0,8,100,5104,304,0,0,0,0,108,0,0,0,0,284,9400
3396,W3,1,1,5,5,0,0,0,0,0,0,0,100,100,0,0,0,0,0,100,100,0,0.000000,0,9904,0.000000,0,0,0,0,108,8,0,8,100,5104,304,0,0,0,0,108,0,0,0,0,305,9400
3397,W3,1,1,5,5,0,0,0,0,0,0,0,100,100,0,0,0,0,0,100,100,0,0.000000,0,9904,0.000000,0,0,0,0,108,8,0,8,100,5104,304,0,0,0,0,108,0,0,0,0,302,9400
3398,W3,1,1,5,5,0,0,0,0,0,0,0,100,100,100,0,0,0,0,100,100,100,100.000000,1600,9904,16.155089,10,10,10,10,108,8,0,8,100,5104,304,0,0,0,0,108,0,0,0,0,350,9400
3399,W3,1,1,5,5,0,0,0,0,0,0,0,100,100,0,0,0,0,0,100,100,0,0.000000,0,9904,0.000000,0,0,0,0,108,8,0,8,100,5104,304,0,0,0,0,108,0,0,0,0,301,9400
3400,W3,1,1,5,5,0,0,0,0,0,0,0,100,100,0,0,0,0,0,100,100,0,0.000000,0,9904,0.000000,0,0,0,0,108,8,0,8,100,5104,304,0,0,0,0,108,0,0,0,0,305,9400
3401,W3,1,1,5,5,0,0,0,0,0,0,0,100,100,0,0,0,0,0,100,100,0,0.000000,0,9904,0.000000,0,0,0,0,108,8,0,8,100,5104,304,0,0,0,0,108,0,0,0,0,312,9400
3402,W3,1,1,5,5,0,0,0,0,0,0,0,100,100,0,0,0,0,0,100,100,0,0.000000,0,9904,0.000000,0,0,0,0,108,8,0,8,100,5104,304,0,0,0,0,108,0,0,0,0,328,9400
3403,W3,1,1,5,5,0,0,0,0,0,0,0,100,100,0,0,0,0,0,100,100,0,0.000000,0,9904,0.000000,0,0,0,0,108,8,0,8,100,5104,304,0,0,0,0,108,0,0,0,0,311,9400
3404,W3,1,1,5,5,0,0,0,0,0,0,0,100,100,0,0,0,0,0,100,100,0,0.000000,0,9904,0.000000,0,0,0,0,108,8,0,8,100,5104,304,0,0,0,0,108,0,0,0,0,327,9400
3405,W3,1,1,5,5,0,0,0,0,0,0,0,100,100,0,0,0,0,0,100,100,0,0.000000,0,9904,0.000000,0,0,0,0,108,8,0,8,100,5104,304,0,0,0,0,108,0,0,0,0,383,9400
3406,W3,1,1,5,5,0,0,0,0,0,0,0,100,100,0,0,0,0,0,100,100,0,0.000000,0,9904,0.000000,0,0,0,0,108,8,0,8,100,5104,304,0,0,0,0,108,0,0,0,0,315,9400
3407,W3,1,1,5,5,0,0,0,0,0,0,0,100,100,100,0,0,0,0,100,100,100,100.000000,1600,9904,16.155089,10,10,10,10,108,8,0,8,100,5104,304,0,0,0,0,108,0,0,0,0,335,9400
3408,W3,1,1,5,5,0,0,0,0,0,0,0,100,100,0,0,0,0,0,100,100,0,0.000000,0,9904,0.000000,0,0,0,0,108,8,0,8,100,5104,304,0,0,0,0,108,0,0,0,0,314,9400
3409,W3,1,1,5,5,0,0,0,0,0,0,0,100,100,0,0,0,0,0,100,100,0,0.000000,0,9904,0.000000,0,0,0,0,108,8,0,8,100,5104,304,0,0,0,0,108,0,0,0,0,291,9400
3410,W3,1,1,5,5,0,0,0,0,0,0,0,100,100,0,0,0,0,0,100,100,0,0.000000,0,9904,0.000000,0,0,0,0,108,8,0,8,100,5104,304,0,0,0,0,108,0,0,0,0,295,9400
3411,W3,1,1,5,5,0,0,0,0,0,0,0,100,100,0,0,0,0,0,100,100,0,0.000000,0,9904,0.000000,0,0,0,0,108,8,0,8,100,5104,304,0,0,0,0,108,0,0,0,0,322,9400
3412,W3,1,1,5,5,0,0,0,0,0,0,0,100,100,0,0,0,0,0,100,100,0,0.000000,0,9904,0.000000,0,0,0,0,108,8,0,8,100,5104,304,0,0,0,0,108,0,0,0,0,324,9400
3413,W3,1,1,5,5,0,0,0,0,0,0,0,100,100,0,0,0,0,0,100,100,0,0.000000,0,9904,0.000000,0,0,0,0,108,8,0,8,100,5104,304,0,0,0,0,108,0,0,0,0,283,9400
3414,W3,1,1,5,5,0,0,0,0,0,0,0,100,100,0,0,0,0,0,100,100,0,0.000000,0,9904,0.000000,0,0,0,0,108,8,0,8,100,5104,304,0,0,0,0,108,0,0,0,0,304,9400
3415,W3,1,1,5,5,0,0,0,0,0,0,0,100,100,0,0,0,0,0,100,100,0,0.000000,0,9904,0.000000,0,0,0,0,108,8,0,8,100,5104,304,0,0,0,0,108,0,0,0,0,298,9400
3416,W3,1,1,5,5,0,0,0,0,0,0,0,100,100,100,0,0,0,0,100,100,100,100.000000,1600,9904,16.155089,10,10,10,10,108,8,0,8,100,5104,304,0,0,0,0,108,0,0,0,0,337,9400
3417,W3,1,1,5,5,0,0,0,0,0,0,0,100,100,0,0,0,0,0,100,100,0,0.000000,0,9904,0.000000,0,0,0,0,108,8,0,8,100,5104,304,0,0,0,0,108,0,0,0,0,326,9400
3418,W3,1,1,5,5,0,0,0,0,0,0,0,100,100,0,0,0,0,0,100,100,0,0.000000,0,9904,0.000000,0,0,0,0,108,8,0,8,100,5104,304,0,0,0,0,108,0,0,0,0,307,9400
3419,W3,1,1,5,5,0,0,0,0,0,0,0,100,100,0,0,0,0,0,100,100,0,0.000000,0,9904,0.000000,0,0,0,0,108,8,0,8,100,5104,304,0,0,0,0,108,0,0,0,0,303,9400
3420,W3,1,1,5,5,0,0,0,0,0,0,0,100,100,0,0,0,0,0,100,100,0,0.000000,0,9904,0.000000,0,0,0,0,108,8,0,8,100,5104,304,0,0,0,0,108,0,0,0,0,307,9400
3421,W3,1,1,5,5,0,0,0,0,0,0,0,100,100,0,0,0,0,0,100,100,0,0.000000,0,9904,0.000000,0,0,0,0,108,8,0,8,100,5104,304,0,0,0,0,108,0,0,0,0,322,9400
3422,W3,1,1,5,5,0,0,0,0,0,0,0,100,100,0,0,0,0,0,100,100,0,0.000000,0,9904,0.000000,0,0,0,0,108,8,0,8,100,5104,304,0,0,0,0,108,0,0,0,0,297,9400
3423,W3,1,1,5,5,0,0,0,0,0,0,0,100,100,0,0,0,0,0,100,100,0,0.000000,0,9904,0.000000,0,0,0,0,108,8,0,8,100,5104,304,0,0,0,0,108,0,0,0,0,316,9400
3424,W3,1,1,5,5,0,0,0,0,0,0,0,100,100,0,0,0,0,0,100,100,0,0.000000,0,9904,0.000000,0,0,0,0,108,8,0,8,100,5104,304,0,0,0,0,108,0,0,0,0,311,9400
3425,W3,1,1,5,5,0,0,0,0,0,0,0,100,100,100,0,0,0,0,100,100,100,100.000000,1600,9904,16.155089,10,10,10,10,108,8,0,8,100,5104,304,0,0,0,0,108,0,0,0,0,295,9400
3426,W3,1,1,5,5,0,0,0,0,0,0,0,100,100,0,0,0,0,0,100,100,0,0.000000,0,9904,0.000000,0,0,0,0,108,8,0,8,100,5104,304,0,0,0,0,108,0,0,0,0,317,9400
3427,W3,1,1,5,5,0,0,0,0,0,0,0,100,100,0,0,0,0,0,100,100,0,0.000000,0,9904,0.000000,0,0,0,0,108,8,0,8,100,5104,304,0,0,0,0,108,0,0,0,0,341,9400
3428,W3,1,1,5,5,0,0,0,0,0,0,0,100,100,0,0,0,0,0,100,100,0,0.000000,0,9904,0.000000,0,0,0,0,108,8,0,8,100,5104,304,0,0,0,0,108,0,0,0,0,312,9400
3429,W3,1,1,5,5,0,0,0,0,0,0,0,100,100,0,0,0,0,0,100,100,0,0.000000,0,9904,0.000000,0,0,0,0,108,8,0,8,100,5104,304,0,0,0,0,108,0,0,0,0,291,9400
3430,W3,1,1,5,5,0,0,0,0,0,0,0,100,100,0,0,0,0,0,100,100,0,0.000000,0,9904,0.000000,0,0,0,0,108,8,0,8,100,5104,304,0,0,0,0,108,0,0,0,0,303,9400
3431,W3,1,1,5,5,0,0,0,0,0,0,0,100,100,0,0,0,0,0,100,100,0,0.000000,0,9904,0.000000,0,0,0,0,108,8,0,8,100,5104,304,0,0,0,0,108,0,0,0,0,304,9400
3432,W3,1,1,5,5,0,0,0,0,0,0,0,100,100,0,0,0,0,0,100,100,0,0.000000,0,9904,0.000000,0,0,0,0,108,8,0,8,100,5104,304,0,0,0,0,108,0,0,0,0,298,9400
3433,W3,1,1,5,5,0,0,0,0,0,0,0,100,100,0,0,0,0,0,100,100,0,0.000000,0,9904,0.000000,0,0,0,0,108,8,0,8,100,5104,304,0,0,0,0,108,0,0,0,0,295,9400
3434,W3,1,1,5,5,0,0,0,0,0,0,0,100,100,100,0,0,0,0,100,100,100,100.000000,1600,9904,16.155089,10,10,10,10,108,8,0,8,100,5104,304,0,0,0,0,108,0,0,0,0,296,9400
3435,W3,1,1,5,5,0,0,0,0,0,0,0,100,100,0,0,0,0,0,100,100,0,0.000000,0,9904,0.000000,0,0,0,0,108,8,0,8,100,5104,304,0,0,0,0,108,0,0,0,0,294,9400
3436,W3,1,1,5,5,0,0,0,0,0,0,0,100,100,0,0,0,0,0,100,100,0,0.000000,0,9904,0.000000,0,0,0,0,108,8,0,8,100,5104,304,0,0,0,0,108,0,0,0,0,283,9400
3437,W3,1,1,5,5,0,0,0,0,0,0,0,100,100,0,0,0,0,0,100,100,0,0.000000,0,9904,0.000000,0,0,0,0,108,8,0,8,100,5104,304,0,0,0,0,108,0,0,0,0,276,9400
3438,W3,1,1,5,5,0,0,0,0,0,0,0,100,100,0,0,0,0,0,100,100,0,0.000000,0,9904,0.000000,0,0,0,0,108,8,0,8,100,5104,304,0,0,0,0,108,0,0,0,0,307,9400
3439,W3,1,1,5,5,0,0,0,0,0,0,0,100,100,0,0,0,0,0,100,100,0,0.000000,0,9904,0.000000,0,0,0,0,108,8,0,8,100,5104,304,0,0,0,0,108,0,0,0,0,363,9400
3440,W3,1,1,5,5,0,0,0,0,0,0,0,100,100,0,0,0,0,0,100,100,0,0.000000,0,9904,0.000000,0,0,0,0,108,8,0,8,100,5104,304,0,0,0,0,108,0,0,0,0,291,9400
3441,W3,1,1,5,5,0,0,0,0,0,0,0,100,100,0,0,0,0,0,100,100,0,0.000000,0,9904,0.000000,0,0,0,0,108,8,0,8,100,5104,304,0,0,0,0,108,0,0,0,0,287,9400
3442,W3,1,1,5,5,0,0,0,0,0,0,0,100,100,0,0,0,0,0,100,100,0,0.000000,0,9904,0.000000,0,0,0,0,108,8,0,8,100,5104,304,0,0,0,0,108,0,0,0,0,308,9400
3443,W3,1,1,5,5,0,0,0,0,0,0,0,100,100,100,0,0,0,0,100,100,100,100.000000,1600,9904,16.155089,10,10,10,10,108,8,0,8,100,5104,304,0,0,0,0,108,0,0,0,0,330,9400
3444,W3,1,1,5,5,0,0,0,0,0,0,0,100,100,0,0,0,0,0,100,100,0,0.000000,0,9904,0.000000,0,0,0,0,108,8,0,8,100,5104,304,0,0,0,0,108,0,0,0,0,292,9400
3445,W3,1,1,5,5,0,0,0,0,0,0,0,100,100,0,0,0,0,0,100,100,0,0.000000,0,9904,0.000000,0,0,0,0,108,8,0,8,100,5104,304,0,0,0,0,108,0,0,0,0,298,9400
3446,W3,1,1,5,5,0,0,0,0,0,0,0,100,100,0,0,0,0,0,100,100,0,0.000000,0,9904,0.000000,0,0,0,0,108,8,0,8,100,5104,304,0,0,0,0,108,0,0,0,0,292,9400
3447,W3,1,1,5,5,0,0,0,0,0,0,0,100,100,0,0,0,0,0,100,100,0,0.000000,0,9904,0.000000,0,0,0,0,108,8,0,8,100,5104,304,0,0,0,0,108,0,0,0,0,287,9400
3448,W3,1,1,5,5,0,0,0,0,0,0,0,100,100,0,0,0,0,0,100,100,0,0.000000,0,9904,0.000000,0,0,0,0,108,8,0,8,100,5104,304,0,0,0,0,108,0,0,0,0,284,9400
3449,W3,1,1,5,5,0,0,0,0,0,0,0,100,100,0,0,0,0,0,100,100,0,0.000000,0,9904,0.000000,0,0,0,0,108,8,0,8,100,5104,304,0,0,0,0,108,0,0,0,0,315,9400
3450,W3,1,1,5,5,0,0,0,0,0,0,0,100,100,0,0,0,0,0,100,100,0,0.000000,0,9904,0.000000,0,0,0,0,108,8,0,8,100,5104,304,0,0,0,0,108,0,0,0,0,387,9400
3451,W3,1,1,5,5,0,0,0,0,0,0,0,100,100,0,0,0,0,0,100,100,0,0.000000,0,9904,0.000000,0,0,0,0,108,8,0,8,100,5104,304,0,0,0,0,108,0,0,0,0,332,9400
3452,W3,1,1,5,5,0,0,0,0,0,0,0,100,100,100,0,0,0,0,100,100,100,100.000000,1600,9904,16.155089,10,10,10,10,108,8,0,8,100,5104,304,0,0,0,0,108,0,0,0,0,322,9400
3453,W3,1,1,5,5,0,0,0,0,0,0,0,100,100,0,0,0,0,0,100,100,0,0.000000,0,9904,0.000000,0,0,0,0,108,8,0,8,100,5104,304,0,0,0,0,108,0,0,0,0,294,9400
3454,W3,1,1,5,5,0,0,0,0,0,0,0,100,100,0,0,0,0,0,100,100,0,0.000000,0,9904,0.000000,0,0,0,0,108,8,0,8,100,5104,304,0,0,0,0,108,0,0,0,0,297,9400
3455,W3,1,1,5,5,0,0,0,0,0,0,0,100,100,0,0,0,0,0,100,100,0,0.000000,0,9904,0.000000,0,0,0,0,108,8,0,8,100,5104,304,0,0,0,0,108,0,0,0,0,293,9400
3456,W3,1,1,5,5,0,0,0,0,0,0,0,100,100,0,0,0,0,0,100,100,0,0.000000,0,9904,0.000000,0,0,0,0,108,8,0,8,100,5104,304,0,0,0,0,108,0,0,0,0,297,9400
3457,W3,1,1,5,5,0,0,0,0,0,0,0,100,100,0,0,0,0,0,100,100,0,0.000000,0,9904,0.000000,0,0,0,0,108,8,0,8,100,5104,304,0,0,0,0,108,0,0,0,0,295,9400
3458,W3,1,1,5,5,0,0,0,0,0,0,0,100,100,0,0,0,0,0,100,100,0,0.000000,0,9904,0.000000,0,0,0,0,108,8,0,8,100,5104,304,0,0,0,0,108,0,0,0,0,284,9400
3459,W3,1,1,5,5,0,0,0,0,0,0,0,100,100,0,0,0,0,0,100,100,0,0.000000,0,9904,0.000000,0,0,0,0,108,8,0,8,100,5104,304,0,0,0,0,108,0,0,0,0,307,9400
3460,W3,1,1,5,5,0,0,0,0,0,0,0,100,100,0,0,0,0,0,100,100,0,0.000000,0,9904,0.000000,0,0,0,0,108,8,0,8,100,5104,304,0,0,0,0,108,0,0,0,0,279,9400
3461,W3,1,1,5,5,0,0,0,0,0,0,0,100,100,100,0,0,0,0,100,100,100,100.000000,1600,9904,16.155089,10,10,10,10,108,8,0,8,100,5104,304,0,0,0,0,108,0,0,0,0,277,9400
3462,W3,1,1,5,5,0,0,0,0,0,0,0,100,100,0,0,0,0,0,100,100,0,0.000000,0,9904,0.000000,0,0,0,0,108,8,0,8,100,5104,304,0,0,0,0,108,0,0,0,0,304,9400
3463,W3,1,1,5,5,0,0,0,0,0,0,0,100,100,0,0,0,0,0,100,100,0,0.000000,0,9904,0.000000,0,0,0,0,108,8,0,8,100,5104,304,0,0,0,0,108,0,0,0,0,299,9400
3464,W3,1,1,5,5,0,0,0,0,0,0,0,100,100,0,0,0,0,0,100,100,0,0.000000,0,9904,0.000000,0,0,0,0,108,8,0,8,100,5104,304,0,0,0,0,108,0,0,0,0,296,9400
3465,W3,1,1,5,5,0,0,0,0,0,0,0,100,100,0,0,0,0,0,100,100,0,0.000000,0,9904,0.000000,0,0,0,0,108,8,0,8,100,5104,304,0,0,0,0,108,0,0,0,0,401,9400
3466,W3,1,1,5,5,0,0,0,0,0,0,0,100,100,0,0,0,0,0,100,100,0,0.000000,0,9904,0.000000,0,0,0,0,108,8,0,8,100,5104,304,0,0,0,0,108,0,0,0,0,309,9400
3467,W3,1,1,5,5,0,0,0,0,0,0,0,100,100,0,0,0,0,0,100,100,0,0.000000,0,9904,0.000000,0,0,0,0,108,8,0,8,100,5104,304,0,0,0,0,108,0,0,0,0,297,9400
3468,W3,1,1,5,5,0,0,0,0,0,0,0,100,100,0,0,0,0,0,100,100,0,0.000000,0,9904,0.000000,0,0,0,0,108,8,0,8,100,5104,304,0,0,0,0,108,0,0,0,0,345,9400
3469,W3,1,1,5,5,0,0,0,0,0,0,0,100,100,0,0,0,0,0,100,100,0,0.000000,0,9904,0.000000,0,0,0,0,108,8,0,8,100,5104,304,0,0,0,0,108,0,0,0,0,304,9400
3470,W3,1,1,5,5,0,0,0,0,0,0,0,100,100,100,0,0,0,0,100,100,100,100.000000,1600,9904,16.155089,10,10,10,10,108,8,0,8,100,5104,304,0,0,0,0,108,0,0,0,0,316,9400
3471,W3,1,1,5,5,0,0,0,0,0,0,0,100,100,0,0,0,0,0,100,100,0,0.000000,0,9904,0.000000,0,0,0,0,108,8,0,8,100,5104,304,0,0,0,0,108,0,0,0,0,301,9400
3472,W3,1,1,5,5,0,0,0,0,0,0,0,100,100,0,0,0,0,0,100,100,0,0.000000,0,9904,0.000000,0,0,0,0,108,8,0,8,100,5104,304,0,0,0,0,108,0,0,0,0,290,9400
3473,W3,1,1,5,5,0,0,0,0,0,0,0,100,100,0,0,0,0,0,100,100,0,0.000000,0,9904,0.000000,0,0,0,0,108,8,0,8,100,5104,304,0,0,0,0,108,0,0,0,0,305,9400
3474,W3,1,1,5,5,0,0,0,0,0,0,0,100,100,0,0,0,0,0,100,100,0,0.000000,0,9904,0.000000,0,0,0,0,108,8,0,8,100,5104,304,0,0,0,0,108,0,0,0,0,286,9400
3475,W3,1,1,5,5,0,0,0,0,0,0,0,100,100,0,0,0,0,0,100,100,0,0.000000,0,9904,0.000000,0,0,0,0,108,8,0,8,100,5104,304,0,0,0,0,108,0,0,0,0,299,9400
3476,W3,1,1,5,5,0,0,0,0,0,0,0,100,100,0,0,0,0,0,100,100,0,0.000000,0,9904,0.000000,0,0,0,0,108,8,0,8,100,5104,304,0,0,0,0,108,0,0,0,0,290,9400
3477,W3,1,1,5,5,0,0,0,0,0,0,0,100,100,0,0,0,0,0,100,100,0,0.000000,0,9904,0.000000,0,0,0,0,108,8,0,8,100,5104,304,0,0,0,0,108,0,0,0,0,354,9400
3478,W3,1,1,5,5,0,0,0,0,0,0,0,100,100,0,0,0,0,0,100,100,0,0.000000,0,9904,0.000000,0,0,0,0,108,8,0,8,100,5104,304,0,0,0,0,108,0,0,0,0,284,9400
3479,W3,1,1,5,5,0,0,0,0,0,0,0,100,100,100,0,0,0,0,100,100,100,100.000000,1600,9904,16.155089,10,10,10,10,108,8,0,8,100,5104,304,0,0,0,0,108,0,0,0,0,312,9400
3480,W3,1,1,5,5,0,0,0,0,0,0,0,100,100,0,0,0,0,0,100,100,0,0.000000,0,9904,0.000000,0,0,0,0,108,8,0,8,100,5104,304,0,0,0,0,108,0,0,0,0,292,9400
3481,W3,1,1,5,5,0,0,0,0,0,0,0,100,100,0,0,0,0,0,100,100,0,0.000000,0,9904,0.000000,0,0,0,0,108,8,0,8,100,5104,304,0,0,0,0,108,0,0,0,0,285,9400
3482,W3,1,1,5,5,0,0,0,0,0,0,0,100,100,0,0,0,0,0,100,100,0,0.000000,0,9904,0.000000,0,0,0,0,108,8,0,8,100,5104,304,0,0,0,0,108,0,0,0,0,283,9400
3483,W3,1,1,5,5,0,0,0,0,0,0,0,100,100,0,0,0,0,0,100,100,0,0.000000,0,9904,0.000000,0,0,0,0,108,8,0,8,100,5104,304,0,0,0,0,108,0,0,0,0,285,9400
3484,W3,1,1,5,5,0,0,0,0,0,0,0,100,100,0,0,0,0,0,100,100,0,0.000000,0,9904,0.000000,0,0,0,0,108,8,0,8,100,5104,304,0,0,0,0,108,0,0,0,0,282,9400
3485,W3,1,1,5,5,0,0,0,0,0,0,0,100,100,0,0,0,0,0,100,100,0,0.000000,0,9904,0.000000,0,0,0,0,108,8,0,8,100,5104,304,0,0,0,0,108,0,0,0,0,318,9400
3486,W3,1,1,5,5,0,0,0,0,0,0,0,100,100,0,0,0,0,0,100,100,0,0.000000,0,9904,0.000000,0,0,0,0,108,8,0,8,100,5104,304,0,0,0,0,108,0,0,0,0,282,9400
3487,W3,1,1,5,5,0,0,0,0,0,0,0,100,100,0,0,0,0,0,100,100,0,0.000000,0,9904,0.000000,0,0,0,0,108,8,0,8,100,5104,304,0,0,0,0,108,0,0,0,0,278,9400
3488,W3,1,1,5,5,0,0,0,0,0,0,0,100,100,100,0,0,0,0,100,100,100,100.000000,1600,9904,16.155089,10,10,10,10,108,8,0,8,100,5104,304,0,0,0,0,108,0,0,0,0,290,9400
3489,W3,1,1,5,5,0,0,0,0,0,0,0,100,100,0,0,0,0,0,100,100,0,0.000000,0,9904,0.000000,0,0,0,0,108,8,0,8,100,5104,304,0,0,0,0,108,0,0,0,0,311,9400
3490,W3,1,1,5,5,0,0,0,0,0,0,0,100,100,0,0,0,0,0,100,100,0,0.000000,0,9904,0.000000,0,0,0,0,108,8,0,8,100,5104,304,0,0,0,0,108,0,0,0,0,293,9400
3491,W3,1,1,5,5,0,0,0,0,0,0,0,100,100,0,0,0,0,0,100,100,0,0.000000,0,9904,0.000000,0,0,0,0,108,8,0,8,100,5104,304,0,0,0,0,108,0,0,0,0,290,9400
3492,W3,1,1,5,5,0,0,0,0,0,0,0,100,100,0,0,0,0,0,100,100,0,0.000000,0,9904,0.000000,0,0,0,0,108,8,0,8,100,5104,304,0,0,0,0,108,0,0,0,0,289,9400
3493,W3,1,1,5,5,0,0,0,0,0,0,0,100,100,0,0,0,0,0,100,100,0,0.000000,0,9904,0.000000,0,0,0,0,108,8,0,8,100,5104,304,0,0,0,0,108,0,0,0,0,322,9400
3494,W3,1,1,5,5,0,0,0,0,0,0,0,100,100,0,0,0,0,0,100,100,0,0.000000,0,9904,0.000000,0,0,0,0,108,8,0,8,100,5104,304,0,0,0,0,108,0,0,0,0,300,9400
3495,W3,1,1,5,5,0,0,0,0,0,0,0,100,100,0,0,0,0,0,100,100,0,0.000000,0,9904,0.000000,0,0,0,0,108,8,0,8,100,5104,304,0,0,0,0,108,0,0,0,0,294,9400
3496,W3,1,1,5,5,0,0,0,0,0,0,0,100,100,0,0,0,0,0,100,100,0,0.000000,0,9904,0.000000,0,0,0,0,108,8,0,8,100,5104,304,0,0,0,0,108,0,0,0,0,302,9400
3497,W3,1,1,5,5,0,0,0,0,0,0,0,100,100,100,0,0,0,0,100,100,100,100.000000,1600,9904,16.155089,10,10,10,10,108,8,0,8,100,5104,304,0,0,0,0,108,0,0,0,0,333,9400
3498,W3,1,1,5,5,0,0,0,0,0,0,0,100,100,0,0,0,0,0,100,100,0,0.000000,0,9904,0.000000,0,0,0,0,108,8,0,8,100,5104,304,0,0,0,0,108,0,0,0,0,289,9400
3499,W3,1,1,5,5,0,0,0,0,0,0,0,100,100,0,0,0,0,0,100,100,0,0.000000,0,9904,0.000000,0,0,0,0,108,8,0,8,100,5104,304,0,0,0,0,108,0,0,0,0,339,9400
3500,W3,1,1,5,5,0,0,0,0,0,0,0,100,100,0,0,0,0,0,100,100,0,0.000000,0,9904,0.000000,0,0,0,0,108,8,0,8,100,5104,304,0,0,0,0,108,0,0,0,0,288,9400
3501,W3,1,1,5,5,0,0,0,0,0,0,0,100,100,0,0,0,0,0,100,100,0,0.000000,0,9904,0.000000,0,0,0,0,108,8,0,8,100,5104,304,0,0,0,0,108,0,0,0,0,283,9400
3502,W3,1,1,5,5,0,0,0,0,0,0,0,100,100,0,0,0,0,0,100,100,0,0.000000,0,9904,0.000000,0,0,0,0,108,8,0,8,100,5104,304,0,0,0,0,108,0,0,0,0,290,9400
3503,W3,1,1,5,5,0,0,0,0,0,0,0,100,100,0,0,0,0,0,100,100,0,0.000000,0,9904,0.000000,0,0,0,0,108,8,0,8,100,5104,304,0,0,0,0,108,0,0,0,0,314,9400
3504,W3,1,1,5,5,0,0,0,0,0,0,0,100,100,0,0,0,0,0,100,100,0,0.000000,0,9904,0.000000,0,0,0,0,108,8,0,8,100,5104,304,0,0,0,0,108,0,0,0,0,292,9400
3505,W3,1,1,5,5,0,0,0,0,0,0,0,100,100,0,0,0,0,0,100,100,0,0.000000,0,9904,0.000000,0,0,0,0,108,8,0,8,100,5104,304,0,0,0,0,108,0,0,0,0,301,9400
3506,W3,1,1,5,5,0,0,0,0,0,0,0,100,100,100,0,0,0,0,100,100,100,100.000000,1600,9904,16.155089,10,10,10,10,108,8,0,8,100,5104,304,0,0,0,0,108,0,0,0,0,299,9400
3507,W3,1,1,5,5,0,0,0,0,0,0,0,100,100,0,0,0,0,0,100,100,0,0.000000,0,9904,0.000000,0,0,0,0,108,8,0,8,100,5104,304,0,0,0,0,108,0,0,0,0,287,9400
3508,W3,1,1,5,5,0,0,0,0,0,0,0,100,100,0,0,0,0,0,100,100,0,0.000000,0,9904,0.000000,0,0,0,0,108,8,0,8,100,5104,304,0,0,0,0,108,0,0,0,0,308,9400
3509,W3,1,1,5,5,0,0,0,0,0,0,0,100,100,0,0,0,0,0,100,100,0,0.000000,0,9904,0.000000,0,0,0,0,108,8,0,8,100,5104,304,0,0,0,0,108,0,0,0,0,314,9400
3510,W3,1,1,5,5,0,0,0,0,0,0,0,100,100,0,0,0,0,0,100,100,0,0.000000,0,9904,0.000000,0,0,0,0,108,8,0,8,100,5104,304,0,0,0,0,108,0,0,0,0,310,9400
3511,W3,1,1,5,5,0,0,0,0,0,0,0,100,100,0,0,0,0,0,100,100,0,0.000000,0,9904,0.000000,0,0,0,0,108,8,0,8,100,5104,304,0,0,0,0,108,0,0,0,0,296,9400
3512,W3,1,1,5,5,0,0,0,0,0,0,0,100,100,0,0,0,0,0,100,100,0,0.000000,0,9904,0.000000,0,0,0,0,108,8,0,8,100,5104,304,0,0,0,0,108,0,0,0,0,300,9400
3513,W3,1,1,5,5,0,0,0,0,0,0,0,100,100,0,0,0,0,0,100,100,0,0.000000,0,9904,0.000000,0,0,0,0,108,8,0,8,100,5104,304,0,0,0,0,108,0,0,0,0,322,9400
3514,W3,1,1,5,5,0,0,0,0,0,0,0,100,100,0,0,0,0,0,100,100,0,0.000000,0,9904,0.000000,0,0,0,0,108,8,0,8,100,5104,304,0,0,0,0,108,0,0,0,0,337,9400
3515,W3,1,1,5,5,0,0,0,0,0,0,0,100,100,100,0,0,0,0,100,100,100,100.000000,1600,9904,16.155089,10,10,10,10,108,8,0,8,100,5104,304,0,0,0,0,108,0,0,0,0,293,9400
3516,W3,1,1,5,5,0,0,0,0,0,0,0,100,100,0,0,0,0,0,100,100,0,0.000000,0,9904,0.000000,0,0,0,0,108,8,0,8,100,5104,304,0,0,0,0,108,0,0,0,0,292,9400
3517,W3,1,1,5,5,0,0,0,0,0,0,0,100,100,0,0,0,0,0,100,100,0,0.000000,0,9904,0.000000,0,0,0,0,108,8,0,8,100,5104,304,0,0,0,0,108,0,0,0,0,289,9400
3518,W3,1,1,5,5,0,0,0,0,0,0,0,100,100,0,0,0,0,0,100,100,0,0.000000,0,9904,0.000000,0,0,0,0,108,8,0,8,100,5104,304,0,0,0,0,108,0,0,0,0,342,9400
3519,W3,1,1,5,5,0,0,0,0,0,0,0,100,100,0,0,0,0,0,100,100,0,0.000000,0,9904,0.000000,0,0,0,0,108,8,0,8,100,5104,304,0,0,0,0,108,0,0,0,0,289,9400
3520,W3,1,1,5,5,0,0,0,0,0,0,0,100,100,0,0,0,0,0,100,100,0,0.000000,0,9904,0.000000,0,0,0,0,108,8,0,8,100,5104,304,0,0,0,0,108,0,0,0,0,338,9400
3521,W3,1,1,5,5,0,0,0,0,0,0,0,100,100,0,0,0,0,0,100,100,0,0.000000,0,9904,0.000000,0,0,0,0,108,8,0,8,100,5104,304,0,0,0,0,108,0,0,0,0,280,9400
3522,W3,1,1,5,5,0,0,0,0,0,0,0,100,100,0,0,0,0,0,100,100,0,0.000000,0,9904,0.000000,0,0,0,0,108,8,0,8,100,5104,304,0,0,0,0,108,0,0,0,0,296,9400
3523,W3,1,1,5,5,0,0,0,0,0,0,0,100,100,0,0,0,0,0,100,100,0,0.000000,0,9904,0.000000,0,0,0,0,108,8,0,8,100,5104,304,0,0,0,0,108,0,0,0,0,289,9400
3524,W3,1,1,5,5,0,0,0,0,0,0,0,100,100,100,0,0,0,0,100,100,100,100.000000,1600,9904,16.155089,10,10,10,10,108,8,0,8,100,5104,304,0,0,0,0,108,0,0,0,0,288,9400
3525,W3,1,1,5,5,0,0,0,0,0,0,0,100,100,0,0,0,0,0,100,100,0,0.000000,0,9904,0.000000,0,0,0,0,108,8,0,8,100,5104,304,0,0,0,0,108,0,0,0,0,302,9400
3526,W3,1,1,5,5,0,0,0,0,0,0,0,100,100,0,0,0,0,0,100,100,0,0.000000,0,9904,0.000000,0,0,0,0,108,8,0,8,100,5104,304,0,0,0,0,108,0,0,0,0,336,9400
3527,W3,1,1,5,5,0,0,0,0,0,0,0,100,100,0,0,0,0,0,100,100,0,0.000000,0,9904,0.000000,0,0,0,0,108,8,0,8,100,5104,304,0,0,0,0,108,0,0,0,0,319,9400
3528,W3,1,1,5,5,0,0,0,0,0,0,0,100,100,0,0,0,0,0,100,100,0,0.000000,0,9904,0.000000,0,0,0,0,108,8,0,8,100,5104,304,0,0,0,0,108,0,0,0,0,348,9400
3529,W3,1,1,5,5,0,0,0,0,0,0,0,100,100,0,0,0,0,0,100,100,0,0.000000,0,9904,0.000000,0,0,0,0,108,8,0,8,100,5104,304,0,0,0,0,108,0,0,0,0,301,9400
3530,W3,1,1,5,5,0,0,0,0,0,0,0,100,100,0,0,0,0,0,100,100,0,0.000000,0,9904,0.000000,0,0,0,0,108,8,0,8,100,5104,304,0,0,0,0,108,0,0,0,0,306,9400
3531,W3,1,1,5,5,0,0,0,0,0,0,0,100,100,0,0,0,0,0,100,100,0,0.000000,0,9904,0.000000,0,0,0,0,108,8,0,8,100,5104,304,0,0,0,0,108,0,0,0,0,353,9400
3532,W3,1,1,5,5,0,0,0,0,0,0,0,100,100,0,0,0,0,0,100,100,0,0.000000,0,9904,0.000000,0,0,0,0,108,8,0,8,100,5104,304,0,0,0,0,108,0,0,0,0,326,9400
3533,W3,1,1,5,5,0,0,0,0,0,0,0,100,100,100,0,0,0,0,100,100,100,100.000000,1600,9904,16.155089,10,10,10,10,108,8,0,8,100,5104,304,0,0,0,0,108,0,0,0,0,297,9400
3534,W3,1,1,5,5,0,0,0,0,0,0,0,100,100,0,0,0,0,0,100,100,0,0.000000,0,9904,0.000000,0,0,0,0,108,8,0,8,100,5104,304,0,0,0,0,108,0,0,0,0,342,9400
3535,W3,1,1,5,5,0,0,0,0,0,0,0,100,100,0,0,0,0,0,100,100,0,0.000000,0,9904,0.000000,0,0,0,0,108,8,0,8,100,5104,304,0,0,0,0,108,0,0,0,0,325,9400
3536,W3,1,1,5,5,0,0,0,0,0,0,0,100,100,0,0,0,0,0,100,100,0,0.000000,0,9904,0.000000,0,0,0,0,108,8,0,8,100,5104,304,0,0,0,0,108,0,0,0,0,342,9400
3537,W3,1,1,5,5,0,0,0,0,0,0,0,100,100,0,0,0,0,0,100,100,0,0.000000,0,9904,0.000000,0,0,0,0,108,8,0,8,100,5104,304,0,0,0,0,108,0,0,0,0,308,9400
3538,W3,1,1,5,5,0,0,0,0,0,0,0,100,100,0,0,0,0,0,100,100,0,0.000000,0,9904,0.000000,0,0,0,0,108,8,0,8,100,5104,304,0,0,0,0,108,0,0,0,0,329,9400
3539,W3,1,1,5,5,0,0,0,0,0,0,0,100,100,0,0,0,0,0,100,100,0,0.000000,0,9904,0.000000,0,0,0,0,108,8,0,8,100,5104,304,0,0,0,0,108,0,0,0,0,303,9400
3540,W3,1,1,5,5,0,0,0,0,0,0,0,100,100,0,0,0,0,0,100,100,0,0.000000,0,9904,0.000000,0,0,0,0,108,8,0,8,100,5104,304,0,0,0,0,108,0,0,0,0,302,9400
3541,W3,1,1,5,5,0,0,0,0,0,0,0,100,100,0,0,0,0,0,100,100,0,0.000000,0,9904,0.000000,0,0,0,0,108,8,0,8,100,5104,304,0,0,0,0,108,0,0,0,0,356,9400
3542,W3,1,1,5,5,0,0,0,0,0,0,0,100,100,100,0,0,0,0,100,100,100,100.000000,1600,9904,16.155089,10,10,10,10,108,8,0,8,100,5104,304,0,0,0,0,108,0,0,0,0,339,9400
3543,W3,1,1,5,5,0,0,0,0,0,0,0,100,100,0,0,0,0,0,100,100,0,0.000000,0,9904,0.000000,0,0,0,0,108,8,0,8,100,5104,304,0,0,0,0,108,0,0,0,0,342,9400
3544,W3,1,1,5,5,0,0,0,0,0,0,0,100,100,0,0,0,0,0,100,100,0,0.000000,0,9904,0.000000,0,0,0,0,108,8,0,8,100,5104,304,0,0,0,0,108,0,0,0,0,316,9400
3545,W3,1,1,5,5,0,0,0,0,0,0,0,100,100,0,0,0,0,0,100,100,0,0.000000,0,9904,0.000000,0,0,0,0,108,8,0,8,100,5104,304,0,0,0,0,108,0,0,0,0,310,9400
3546,W3,1,1,5,5,0,0,0,0,0,0,0,100,100,0,0,0,0,0,100,100,0,0.000000,0,9904,0.000000,0,0,0,0,108,8,0,8,100,5104,304,0,0,0,0,108,0,0,0,0,322,9400
3547,W3,1,1,5,5,0,0,0,0,0,0,0,100,100,0,0,0,0,0,100,100,0,0.000000,0,9904,0.000000,0,0,0,0,108,8,0,8,100,5104,304,0,0,0,0,108,0,0,0,0,302,9400
3548,W3,1,1,5,5,0,0,0,0,0,0,0,100,100,0,0,0,0,0,100,100,0,0.000000,0,9904,0.000000,0,0,0,0,108,8,0,8,100,5104,304,0,0,0,0,108,0,0,0,0,302,9400
3549,W3,1,1,5,5,0,0,0,0,0,0,0,100,100,0,0,0,0,0,100,100,0,0.000000,0,9904,0.000000,0,0,0,0,108,8,0,8,100,5104,304,0,0,0,0,108,0,0,0,0,308,9400
3550,W3,1,1,5,5,0,0,0,0,0,0,0,100,100,0,0,0,0,0,100,100,0,0.000000,0,9904,0.000000,0,0,0,0,108,8,0,8,100,5104,304,0,0,0,0,108,0,0,0,0,311,9400
3551,W3,1,1,5,5,0,0,0,0,0,0,0,100,100,100,0,0,0,0,100,100,100,100.000000,1600,9904,16.155089,10,10,10,10,108,8,0,8,100,5104,304,0,0,0,0,108,0,0,0,0,304,9400
3552,W3,1,1,5,5,0,0,0,0,0,0,0,100,100,0,0,0,0,0,100,100,0,0.000000,0,9904,0.000000,0,0,0,0,108,8,0,8,100,5104,304,0,0,0,0,108,0,0,0,0,311,9400
3553,W3,1,1,5,5,0,0,0,0,0,0,0,100,100,0,0,0,0,0,100,100,0,0.000000,0,9904,0.000000,0,0,0,0,108,8,0,8,100,5104,304,0,0,0,0,108,0,0,0,0,341,9400
3554,W3,1,1,5,5,0,0,0,0,0,0,0,100,100,0,0,0,0,0,100,100,0,0.000000,0,9904,0.000000,0,0,0,0,108,8,0,8,100,5104,304,0,0,0,0,108,0,0,0,0,325,9400
3555,W3,1,1,5,5,0,0,0,0,0,0,0,100,100,0,0,0,0,0,100,100,0,0.000000,0,9904,0.000000,0,0,0,0,108,8,0,8,100,5104,304,0,0,0,0,108,0,0,0,0,314,9400
3556,W3,1,1,5,5,0,0,0,0,0,0,0,100,100,0,0,0,0,0,100,100,0,0.000000,0,9904,0.000000,0,0,0,0,108,8,0,8,100,5104,304,0,0,0,0,108,0,0,0,0,309,9400
3557,W3,1,1,5,5,0,0,0,0,0,0,0,100,100,0,0,0,0,0,100,100,0,0.000000,0,9904,0.000000,0,0,0,0,108,8,0,8,100,5104,304,0,0,0,0,108,0,0,0,0,306,9400
3558,W3,1,1,5,5,0,0,0,0,0,0,0,100,100,0,0,0,0,0,100,100,0,0.000000,0,9904,0.000000,0,0,0,0,108,8,0,8,100,5104,304,0,0,0,0,108,0,0,0,0,342,9400
3559,W3,1,1,5,5,0,0,0,0,0,0,0,100,100,0,0,0,0,0,100,100,0,0.000000,0,9904,0.000000,0,0,0,0,108,8,0,8,100,5104,304,0,0,0,0,108,0,0,0,0,332,9400
3560,W3,1,1,5,5,0,0,0,0,0,0,0,100,100,100,0,0,0,0,100,100,100,100.000000,1600,9904,16.155089,10,10,10,10,108,8,0,8,100,5104,304,0,0,0,0,108,0,0,0,0,308,9400
3561,W3,1,1,5,5,0,0,0,0,0,0,0,100,100,0,0,0,0,0,100,100,0,0.000000,0,9904,0.000000,0,0,0,0,108,8,0,8,100,5104,304,0,0,0,0,108,0,0,0,0,296,9400
3562,W3,1,1,5,5,0,0,0,0,0,0,0,100,100,0,0,0,0,0,100,100,0,0.000000,0,9904,0.000000,0,0,0,0,108,8,0,8,100,5104,304,0,0,0,0,108,0,0,0,0,350,9400
3563,W3,1,1,5,5,0,0,0,0,0,0,0,100,100,0,0,0,0,0,100,100,0,0.000000,0,9904,0.000000,0,0,0,0,108,8,0,8,100,5104,304,0,0,0,0,108,0,0,0,0,306,9400
3564,W3,1,1,5,5,0,0,0,0,0,0,0,100,100,0,0,0,0,0,100,100,0,0.000000,0,9904,0.000000,0,0,0,0,108,8,0,8,100,5104,304,0,0,0,0,108,0,0,0,0,321,9400
3565,W3,1,1,5,5,0,0,0,0,0,0,0,100,100,0,0,0,0,0,100,100,0,0.000000,0,9904,0.000000,0,0,0,0,108,8,0,8,100,5104,304,0,0,0,0,108,0,0,0,0,288,9400
3566,W3,1,1,5,5,0,0,0,0,0,0,0,100,100,0,0,0,0,0,100,100,0,0.000000,0,9904,0.000000,0,0,0,0,108,8,0,8,100,5104,304,0,0,0,0,108,0,0,0,0,322,9400
3567,W3,1,1,5,5,0,0,0,0,0,0,0,100,100,0,0,0,0,0,100,100,0,0.000000,0,9904,0.000000,0,0,0,0,108,8,0,8,100,5104,304,0,0,0,0,108,0,0,0,0,368,9400
3568,W3,1,1,5,5,0,0,0,0,0,0,0,100,100,0,0,0,0,0,100,100,0,0.000000,0,9904,0.000000,0,0,0,0,108,8,0,8,100,5104,304,0,0,0,0,108,0,0,0,0,292,9400
3569,W3,1,1,5,5,0,0,0,0,0,0,0,100,100,100,0,0,0,0,100,100,100,100.000000,1600,9904,16.155089,10,10,10,10,108,8,0,8,100,5104,304,0,0,0,0,108,0,0,0,0,313,9400
3570,W3,1,1,5,5,0,0,0,0,0,0,0,100,100,0,0,0,0,0,100,100,0,0.000000,0,9904,0.000000,0,0,0,0,108,8,0,8,100,5104,304,0,0,0,0,108,0,0,0,0,299,9400
3571,W3,1,1,5,5,0,0,0,0,0,0,0,100,100,0,0,0,0,0,100,100,0,0.000000,0,9904,0.000000,0,0,0,0,108,8,0,8,100,5104,304,0,0,0,0,108,0,0,0,0,311,9400
3572,W3,1,1,5,5,0,0,0,0,0,0,0,100,100,0,0,0,0,0,100,100,0,0.000000,0,9904,0.000000,0,0,0,0,108,8,0,8,100,5104,304,0,0,0,0,108,0,0,0,0,296,9400
3573,W3,1,1,5,5,0,0,0,0,0,0,0,100,100,0,0,0,0,0,100,100,0,0.000000,0,9904,0.000000,0,0,0,0,108,8,0,8,100,5104,304,0,0,0,0,108,0,0,0,0,323,9400
3574,W3,1,1,5,5,0,0,0,0,0,0,0,100,100,0,0,0,0,0,100,100,0,0.000000,0,9904,0.000000,0,0,0,0,108,8,0,8,100,5104,304,0,0,0,0,108,0,0,0,0,320,9400
3575,W3,1,1,5,5,0,0,0,0,0,0,0,100,100,0,0,0,0,0,100,100,0,0.000000,0,9904,0.000000,0,0,0,0,108,8,0,8,100,5104,304,0,0,0,0,108,0,0,0,0,290,9400
3576,W3,1,1,5,5,0,0,0,0,0,0,0,100,100,0,0,0,0,0,100,100,0,0.000000,0,9904,0.000000,0,0,0,0,108,8,0,8,100,5104,304,0,0,0,0,108,0,0,0,0,307,9400
3577,W3,1,1,5,5,0,0,0,0,0,0,0,100,100,0,0,0,0,0,100,100,0,0.000000,0,9904,0.000000,0,0,0,0,108,8,0,8,100,5104,304,0,0,0,0,108,0,0,0,0,282,9400
3578,W3,1,1,5,5,0,0,0,0,0,0,0,100,100,100,0,0,0,0,100,100,100,100.000000,1600,9904,16.155089,10,10,10,10,108,8,0,8,100,5104,304,0,0,0,0,108,0,0,0,0,305,9400
3579,W3,1,1,5,5,0,0,0,0,0,0,0,100,100,0,0,0,0,0,100,100,0,0.000000,0,9904,0.000000,0,0,0,0,108,8,0,8,100,5104,304,0,0,0,0,108,0,0,0,0,288,9400
3580,W3,1,1,5,5,0,0,0,0,0,0,0,100,100,0,0,0,0,0,100,100,0,0.000000,0,9904,0.000000,0,0,0,0,108,8,0,8,100,5104,304,0,0,0,0,108,0,0,0,0,315,9400
3581,W3,1,1,5,5,0,0,0,0,0,0,0,100,100,0,0,0,0,0,100,100,0,0.000000,0,9904,0.000000,0,0,0,0,108,8,0,8,100,5104,304,0,0,0,0,108,0,0,0,0,335,9400
3582,W3,1,1,5,5,0,0,0,0,0,0,0,100,100,0,0,0,0,0,100,100,0,0.000000,0,9904,0.000000,0,0,0,0,108,8,0,8,100,5104,304,0,0,0,0,108,0,0,0,0,306,9400
3583,W3,1,1,5,5,0,0,0,0,0,0,0,100,100,0,0,0,0,0,100,100,0,0.000000,0,9904,0.000000,0,0,0,0,108,8,0,8,100,5104,304,0,0,0,0,108,0,0,0,0,292,9400
3584,W3,1,1,5,5,0,0,0,0,0,0,0,100,100,0,0,0,0,0,100,100,0,0.000000,0,9904,0.000000,0,0,0,0,108,8,0,8,100,5104,304,0,0,0,0,108,0,0,0,0,361,9400
3585,W3,1,1,5,5,0,0,0,0,0,0,0,100,100,0,0,0,0,0,100,100,0,0.000000,0,9904,0.000000,0,0,0,0,108,8,0,8,100,5104,304,0,0,0,0,108,0,0,0,0,309,9400
3586,W3,1,1,5,5,0,0,0,0,0,0,0,100,100,0,0,0,0,0,100,100,0,0.000000,0,9904,0.000000,0,0,0,0,108,8,0,8,100,5104,304,0,0,0,0,108,0,0,0,0,295,9400
3587,W3,1,1,5,5,0,0,0,0,0,0,0,100,100,100,0,0,0,0,100,100,100,100.000000,1600,9904,16.155089,10,10,10,10,108,8,0,8,100,5104,304,0,0,0,0,108,0,0,0,0,292,9400
3588,W3,1,1,5,5,0,0,0,0,0,0,0,100,100,0,0,0,0,0,100,100,0,0.000000,0,9904,0.000000,0,0,0,0,108,8,0,8,100,5104,304,0,0,0,0,108,0,0,0,0,306,9400
3589,W3,1,1,5,5,0,0,0,0,0,0,0,100,100,0,0,0,0,0,100,100,0,0.000000,0,9904,0.000000,0,0,0,0,108,8,0,8,100,5104,304,0,0,0,0,108,0,0,0,0,297,9400
3590,W3,1,1,5,5,0,0,0,0,0,0,0,100,100,0,0,0,0,0,100,100,0,0.000000,0,9904,0.000000,0,0,0,0,108,8,0,8,100,5104,304,0,0,0,0,108,0,0,0,0,354,9400
3591,W3,1,1,5,5,0,0,0,0,0,0,0,100,100,0,0,0,0,0,100,100,0,0.000000,0,9904,0.000000,0,0,0,0,108,8,0,8,100,5104,304,0,0,0,0,108,0,0,0,0,297,9400
3592,W3,1,1,5,5,0,0,0,0,0,0,0,100,100,0,0,0,0,0,100,100,0,0.000000,0,9904,0.000000,0,0,0,0,108,8,0,8,100,5104,304,0,0,0,0,108,0,0,0,0,303,9400
3593,W3,1,1,5,5,0,0,0,0,0,0,0,100,100,0,0,0,0,0,100,100,0,0.000000,0,9904,0.000000,0,0,0,0,108,8,0,8,100,5104,304,0,0,0,0,108,0,0,0,0,299,9400
3594,W3,1,1,5,5,0,0,0,0,0,0,0,100,100,0,0,0,0,0,100,100,0,0.000000,0,9904,0.000000,0,0,0,0,108,8,0,8,100,5104,304,0,0,0,0,108,0,0,0,0,301,9400
3595,W3,1,1,5,5,0,0,0,0,0,0,0,100,100,0,0,0,0,0,100,100,0,0.000000,0,9904,0.000000,0,0,0,0,108,8,0,8,100,5104,304,0,0,0,0,108,0,0,0,0,350,9400
3596,W3,1,1,5,5,0,0,0,0,0,0,0,100,100,100,0,0,0,0,100,100,100,100.000000,1600,9904,16.155089,10,10,10,10,108,8,0,8,100,5104,304,0,0,0,0,108,0,0,0,0,297,9400
3597,W3,1,1,5,5,0,0,0,0,0,0,0,100,100,0,0,0,0,0,100,100,0,0.000000,0,9904,0.000000,0,0,0,0,108,8,0,8,100,5104,304,0,0,0,0,108,0,0,0,0,296,9400
3598,W3,1,1,5,5,0,0,0,0,0,0,0,100,100,0,0,0,0,0,100,100,0,0.000000,0,9904,0.000000,0,0,0,0,108,8,0,8,100,5104,304,0,0,0,0,108,0,0,0,0,291,9400
3599,W3,1,1,5,5,0,0,0,0,0,0,0,100,100,0,0,0,0,0,100,100,0,0.000000,0,9904,0.000000,0,0,0,0,108,8,0,8,100,5104,304,0,0,0,0,108,0,0,0,0,286,9400
3600,W3,1,1,5,5,0,0,0,0,0,0,0,100,100,0,0,0,0,0,100,100,0,0.000000,0,9904,0.000000,0,0,0,0,108,8,0,8,100,5104,304,0,0,0,0,108,0,0,0,0,317,9400
3601,W3,1,1,5,5,0,0,0,0,0,0,0,100,100,0,0,0,0,0,100,100,0,0.000000,0,9904,0.000000,0,0,0,0,108,8,0,8,100,5104,304,0,0,0,0,108,0,0,0,0,299,9400
3602,W3,1,1,5,5,0,0,0,0,0,0,0,100,100,0,0,0,0,0,100,100,0,0.000000,0,9904,0.000000,0,0,0,0,108,8,0,8,100,5104,304,0,0,0,0,108,0,0,0,0,311,9400
3603,W3,1,1,5,5,0,0,0,0,0,0,0,100,100,0,0,0,0,0,100,100,0,0.000000,0,9904,0.000000,0,0,0,0,108,8,0,8,100,5104,304,0,0,0,0,108,0,0,0,0,288,9400
3604,W3,1,1,5,5,0,0,0,0,0,0,0,100,100,0,0,0,0,0,100,100,0,0.000000,0,9904,0.000000,0,0,0,0,108,8,0,8,100,5104,304,0,0,0,0,108,0,0,0,0,328,9400
3605,W3,1,1,5,5,0,0,0,0,0,0,0,100,100,100,0,0,0,0,100,100,100,100.000000,1600,9904,16.155089,10,10,10,10,108,8,0,8,100,5104,304,0,0,0,0,108,0,0,0,0,288,9400
3606,W3,1,1,5,5,0,0,0,0,0,0,0,100,100,0,0,0,0,0,100,100,0,0.000000,0,9904,0.000000,0,0,0,0,108,8,0,8,100,5104,304,0,0,0,0,108,0,0,0,0,320,9400
3607,W3,1,1,5,5,0,0,0,0,0,0,0,100,100,0,0,0,0,0,100,100,0,0.000000,0,9904,0.000000,0,0,0,0,108,8,0,8,100,5104,304,0,0,0,0,108,0,0,0,0,295,9400
3608,W3,1,1,5,5,0,0,0,0,0,0,0,100,100,0,0,0,0,0,100,100,0,0.000000,0,9904,0.000000,0,0,0,0,108,8,0,8,100,5104,304,0,0,0,0,108,0,0,0,0,303,9400
3609,W3,1,1,5,5,0,0,0,0,0,0,0,100,100,0,0,0,0,0,100,100,0,0.000000,0,9904,0.000000,0,0,0,0,108,8,0,8,100,5104,304,0,0,0,0,108,0,0,0,0,295,9400
3610,W3,1,1,5,5,0,0,0,0,0,0,0,100,100,0,0,0,0,0,100,100,0,0.000000,0,9904,0.000000,0,0,0,0,108,8,0,8,100,5104,304,0,0,0,0,108,0,0,0,0,313,9400
3611,W3,1,1,5,5,0,0,0,0,0,0,0,100,100,0,0,0,0,0,100,100,0,0.000000,0,9904,0.000000,0,0,0,0,108,8,0,8,100,5104,304,0,0,0,0,108,0,0,0,0,295,9400
3612,W3,1,1,5,5,0,0,0,0,0,0,0,100,100,0,0,0,0,0,100,100,0,0.000000,0,9904,0.000000,0,0,0,0,108,8,0,8,100,5104,304,0,0,0,0,108,0,0,0,0,295,9400
3613,W3,1,1,5,5,0,0,0,0,0,0,0,100,100,0,0,0,0,0,100,100,0,0.000000,0,9904,0.000000,0,0,0,0,108,8,0,8,100,5104,304,0,0,0,0,108,0,0,0,0,287,9400
3614,W3,1,1,5,5,0,0,0,0,0,0,0,100,100,100,0,0,0,0,100,100,100,100.000000,1600,9904,16.155089,10,10,10,10,108,8,0,8,100,5104,304,0,0,0,0,108,0,0,0,0,300,9400
3615,W3,1,1,5,5,0,0,0,0,0,0,0,100,100,0,0,0,0,0,100,100,0,0.000000,0,9904,0.000000,0,0,0,0,108,8,0,8,100,5104,304,0,0,0,0,108,0,0,0,0,304,9400
3616,W3,1,1,5,5,0,0,0,0,0,0,0,100,100,0,0,0,0,0,100,100,0,0.000000,0,9904,0.000000,0,0,0,0,108,8,0,8,100,5104,304,0,0,0,0,108,0,0,0,0,294,9400
3617,W3,1,1,5,5,0,0,0,0,0,0,0,100,100,0,0,0,0,0,100,100,0,0.000000,0,9904,0.000000,0,0,0,0,108,8,0,8,100,5104,304,0,0,0,0,108,0,0,0,0,287,9400
3618,W3,1,1,5,5,0,0,0,0,0,0,0,100,100,0,0,0,0,0,100,100,0,0.000000,0,9904,0.000000,0,0,0,0,108,8,0,8,100,5104,304,0,0,0,0,108,0,0,0,0,289,9400
3619,W3,1,1,5,5,0,0,0,0,0,0,0,100,100,0,0,0,0,0,100,100,0,0.000000,0,9904,0.000000,0,0,0,0,108,8,0,8,100,5104,304,0,0,0,0,108,0,0,0,0,284,9400
3620,W3,1,1,5,5,0,0,0,0,0,0,0,100,100,0,0,0,0,0,100,100,0,0.000000,0,9904,0.000000,0,0,0,0,108,8,0,8,100,5104,304,0,0,0,0,108,0,0,0,0,290,9400
3621,W3,1,1,5,5,0,0,0,0,0,0,0,100,100,0,0,0,0,0,100,100,0,0.000000,0,9904,0.000000,0,0,0,0,108,8,0,8,100,5104,304,0,0,0,0,108,0,0,0,0,326,9400
3622,W3,1,1,5,5,0,0,0,0,0,0,0,100,100,0,0,0,0,0,100,100,0,0.000000,0,9904,0.000000,0,0,0,0,108,8,0,8,100,5104,304,0,0,0,0,108,0,0,0,0,292,9400
3623,W3,1,1,5,5,0,0,0,0,0,0,0,100,100,100,0,0,0,0,100,100,100,100.000000,1600,9904,16.155089,10,10,10,10,108,8,0,8,100,5104,304,0,0,0,0,108,0,0,0,0,293,9400
3624,W3,1,1,5,5,0,0,0,0,0,0,0,100,100,0,0,0,0,0,100,100,0,0.000000,0,9904,0.000000,0,0,0,0,108,8,0,8,100,5104,304,0,0,0,0,108,0,0,0,0,324,9400
3625,W3,1,1,5,5,0,0,0,0,0,0,0,100,100,0,0,0,0,0,100,100,0,0.000000,0,9904,0.000000,0,0,0,0,108,8,0,8,100,5104,304,0,0,0,0,108,0,0,0,0,338,9400
3626,W3,1,1,5,5,0,0,0,0,0,0,0,100,100,0,0,0,0,0,100,100,0,0.000000,0,9904,0.000000,0,0,0,0,108,8,0,8,100,5104,304,0,0,0,0,108,0,0,0,0,291,9400
3627,W3,1,1,5,5,0,0,0,0,0,0,0,100,100,0,0,0,0,0,100,100,0,0.000000,0,9904,0.000000,0,0,0,0,108,8,0,8,100,5104,304,0,0,0,0,108,0,0,0,0,307,9400
3628,W3,1,1,5,5,0,0,0,0,0,0,0,100,100,0,0,0,0,0,100,100,0,0.000000,0,9904,0.000000,0,0,0,0,108,8,0,8,100,5104,304,0,0,0,0,108,0,0,0,0,290,9400
3629,W3,1,1,5,5,0,0,0,0,0,0,0,100,100,0,0,0,0,0,100,100,0,0.000000,0,9904,0.000000,0,0,0,0,108,8,0,8,100,5104,304,0,0,0,0,108,0,0,0,0,282,9400
3630,W3,1,1,5,5,0,0,0,0,0,0,0,100,100,0,0,0,0,0,100,100,0,0.000000,0,9904,0.000000,0,0,0,0,108,8,0,8,100,5104,304,0,0,0,0,108,0,0,0,0,292,9400
3631,W3,1,1,5,5,0,0,0,0,0,0,0,100,100,0,0,0,0,0,100,100,0,0.000000,0,9904,0.000000,0,0,0,0,108,8,0,8,100,5104,304,0,0,0,0,108,0,0,0,0,300,9400
3632,W3,1,1,5,5,0,0,0,0,0,0,0,100,100,100,0,0,0,0,100,100,100,100.000000,1600,9904,16.155089,10,10,10,10,108,8,0,8,100,5104,304,0,0,0,0,108,0,0,0,0,288,9400
3633,W3,1,1,5,5,0,0,0,0,0,0,0,100,100,0,0,0,0,0,100,100,0,0.000000,0,9904,0.000000,0,0,0,0,108,8,0,8,100,5104,304,0,0,0,0,108,0,0,0,0,284,9400
3634,W3,1,1,5,5,0,0,0,0,0,0,0,100,100,0,0,0,0,0,100,100,0,0.000000,0,9904,0.000000,0,0,0,0,108,8,0,8,100,5104,304,0,0,0,0,108,0,0,0,0,292,9400
3635,W3,1,1,5,5,0,0,0,0,0,0,0,100,100,0,0,0,0,0,100,100,0,0.000000,0,9904,0.000000,0,0,0,0,108,8,0,8,100,5104,304,0,0,0,0,108,0,0,0,0,299,9400
3636,W3,1,1,5,5,0,0,0,0,0,0,0,100,100,0,0,0,0,0,100,100,0,0.000000,0,9904,0.000000,0,0,0,0,108,8,0,8,100,5104,304,0,0,0,0,108,0,0,0,0,292,9400
3637,W3,1,1,5,5,0,0,0,0,0,0,0,100,100,0,0,0,0,0,100,100,0,0.000000,0,9904,0.000000,0,0,0,0,108,8,0,8,100,5104,304,0,0,0,0,108,0,0,0,0,287,9400
3638,W3,1,1,5,5,0,0,0,0,0,0,0,100,100,0,0,0,0,0,100,100,0,0.000000,0,9904,0.000000,0,0,0,0,108,8,0,8,100,5104,304,0,0,0,0,108,0,0,0,0,292,9400
3639,W3,1,1,5,5,0,0,0,0,0,0,0,100,100,0,0,0,0,0,100,100,0,0.000000,0,9904,0.000000,0,0,0,0,108,8,0,8,100,5104,304,0,0,0,0,108,0,0,0,0,300,9400
3640,W3,1,1,5,5,0,0,0,0,0,0,0,100,100,0,0,0,0,0,100,100,0,0.000000,0,9904,0.000000,0,0,0,0,108,8,0,8,100,5104,304,0,0,0,0,108,0,0,0,0,319,9400
3641,W3,1,1,5,5,0,0,0,0,0,0,0,100,100,100,0,0,0,0,100,100,100,100.000000,1600,9904,16.155089,10,10,10,10,108,8,0,8,100,5104,304,0,0,0,0,108,0,0,0,0,287,9400
3642,W3,1,1,5,5,0,0,0,0,0,0,0,100,100,0,0,0,0,0,100,100,0,0.000000,0,9904,0.000000,0,0,0,0,108,8,0,8,100,5104,304,0,0,0,0,108,0,0,0,0,312,9400
3643,W3,1,1,5,5,0,0,0,0,0,0,0,100,100,0,0,0,0,0,100,100,0,0.000000,0,9904,0.000000,0,0,0,0,108,8,0,8,100,5104,304,0,0,0,0,108,0,0,0,0,292,9400
3644,W3,1,1,5,5,0,0,0,0,0,0,0,100,100,0,0,0,0,0,100,100,0,0.000000,0,9904,0.000000,0,0,0,0,108,8,0,8,100,5104,304,0,0,0,0,108,0,0,0,0,296,9400
3645,W3,1,1,5,5,0,0,0,0,0,0,0,100,100,0,0,0,0,0,100,100,0,0.000000,0,9904,0.000000,0,0,0,0,108,8,0,8,100,5104,304,0,0,0,0,108,0,0,0,0,286,9400
3646,W3,1,1,5,5,0,0,0,0,0,0,0,100,100,0,0,0,0,0,100,100,0,0.000000,0,9904,0.000000,0,0,0,0,108,8,0,8,100,5104,304,0,0,0,0,108,0,0,0,0,294,9400
3647,W3,1,1,5,5,0,0,0,0,0,0,0,100,100,0,0,0,0,0,100,100,0,0.000000,0,9904,0.000000,0,0,0,0,108,8,0,8,100,5104,304,0,0,0,0,108,0,0,0,0,313,9400
3648,W3,1,1,5,5,0,0,0,0,0,0,0,100,100,0,0,0,0,0,100,100,0,0.000000,0,9904,0.000000,0,0,0,0,108,8,0,8,100,5104,304,0,0,0,0,108,0,0,0,0,297,9400
3649,W3,1,1,5,5,0,0,0,0,0,0,0,100,100,0,0,0,0,0,100,100,0,0.000000,0,9904,0.000000,0,0,0,0,108,8,0,8,100,5104,304,0,0,0,0,108,0,0,0,0,319,9400
3650,W3,1,1,5,5,0,0,0,0,0,0,0,100,100,100,0,0,0,0,100,100,100,100.000000,1600,9904,16.155089,10,10,10,10,108,8,0,8,100,5104,304,0,0,0,0,108,0,0,0,0,317,9400
3651,W3,1,1,5,5,0,0,0,0,0,0,0,100,100,0,0,0,0,0,100,100,0,0.000000,0,9904,0.000000,0,0,0,0,108,8,0,8,100,5104,304,0,0,0,0,108,0,0,0,0,295,9400
3652,W3,1,1,5,5,0,0,0,0,0,0,0,100,100,0,0,0,0,0,100,100,0,0.000000,0,9904,0.000000,0,0,0,0,108,8,0,8,100,5104,304,0,0,0,0,108,0,0,0,0,286,9400
3653,W3,1,1,5,5,0,0,0,0,0,0,0,100,100,0,0,0,0,0,100,100,0,0.000000,0,9904,0.000000,0,0,0,0,108,8,0,8,100,5104,304,0,0,0,0,108,0,0,0,0,283,9400
3654,W3,1,1,5,5,0,0,0,0,0,0,0,100,100,0,0,0,0,0,100,100,0,0.000000,0,9904,0.000000,0,0,0,0,108,8,0,8,100,5104,304,0,0,0,0,108,0,0,0,0,293,9400
3655,W3,1,1,5,5,0,0,0,0,0,0,0,100,100,0,0,0,0,0,100,100,0,0.000000,0,9904,0.000000,0,0,0,0,108,8,0,8,100,5104,304,0,0,0,0,108,0,0,0,0,324,9400
3656,W3,1,1,5,5,0,0,0,0,0,0,0,100,100,0,0,0,0,0,100,100,0,0.000000,0,9904,0.000000,0,0,0,0,108,8,0,8,100,5104,304,0,0,0,0,108,0,0,0,0,312,9400
3657,W3,1,1,5,5,0,0,0,0,0,0,0,100,100,0,0,0,0,0,100,100,0,0.000000,0,9904,0.000000,0,0,0,0,108,8,0,8,100,5104,304,0,0,0,0,108,0,0,0,0,291,9400
3658,W3,1,1,5,5,0,0,0,0,0,0,0,100,100,0,0,0,0,0,100,100,0,0.000000,0,9904,0.000000,0,0,0,0,108,8,0,8,100,5104,304,0,0,0,0,108,0,0,0,0,298,9400
3659,W3,1,1,5,5,0,0,0,0,0,0,0,100,100,100,0,0,0,0,100,100,100,100.000000,1600,9904,16.155089,10,10,10,10,108,8,0,8,100,5104,304,0,0,0,0,108,0,0,0,0,304,9400
3660,W3,1,1,5,5,0,0,0,0,0,0,0,100,100,0,0,0,0,0,100,100,0,0.000000,0,9904,0.000000,0,0,0,0,108,8,0,8,100,5104,304,0,0,0,0,108,0,0,0,0,302,9400
3661,W3,1,1,5,5,0,0,0,0,0,0,0,100,100,0,0,0,0,0,100,100,0,0.000000,0,9904,0.000000,0,0,0,0,108,8,0,8,100,5104,304,0,0,0,0,108,0,0,0,0,294,9400
3662,W3,1,1,5,5,0,0,0,0,0,0,0,100,100,0,0,0,0,0,100,100,0,0.000000,0,9904,0.000000,0,0,0,0,108,8,0,8,100,5104,304,0,0,0,0,108,0,0,0,0,304,9400
3663,W3,1,1,5,5,0,0,0,0,0,0,0,100,100,0,0,0,0,0,100,100,0,0.000000,0,9904,0.000000,0,0,0,0,108,8,0,8,100,5104,304,0,0,0,0,108,0,0,0,0,343,9400
3664,W3,1,1,5,5,0,0,0,0,0,0,0,100,100,0,0,0,0,0,100,100,0,0.000000,0,9904,0.000000,0,0,0,0,108,8,0,8,100,5104,304,0,0,0,0,108,0,0,0,0,318,9400
3665,W3,1,1,5,5,0,0,0,0,0,0,0,100,100,0,0,0,0,0,100,100,0,0.000000,0,9904,0.000000,0,0,0,0,108,8,0,8,100,5104,304,0,0,0,0,108,0,0,0,0,288,9400
3666,W3,1,1,5,5,0,0,0,0,0,0,0,100,100,0,0,0,0,0,100,100,0,0.000000,0,9904,0.000000,0,0,0,0,108,8,0,8,100,5104,304,0,0,0,0,108,0,0,0,0,293,9400
3667,W3,1,1,5,5,0,0,0,0,0,0,0,100,100,0,0,0,0,0,100,100,0,0.000000,0,9904,0.000000,0,0,0,0,108,8,0,8,100,5104,304,0,0,0,0,108,0,0,0,0,293,9400
3668,W3,1,1,5,5,0,0,0,0,0,0,0,100,100,100,0,0,0,0,100,100,100,100.000000,1600,9904,16.155089,10,10,10,10,108,8,0,8,100,5104,304,0,0,0,0,108,0,0,0,0,320,9400
3669,W3,1,1,5,5,0,0,0,0,0,0,0,100,100,0,0,0,0,0,100,100,0,0.000000,0,9904,0.000000,0,0,0,0,108,8,0,8,100,5104,304,0,0,0,0,108,0,0,0,0,294,9400
3670,W3,1,1,5,5,0,0,0,0,0,0,0,100,100,0,0,0,0,0,100,100,0,0.000000,0,9904,0.000000,0,0,0,0,108,8,0,8,100,5104,304,0,0,0,0,108,0,0,0,0,316,9400
3671,W3,1,1,5,5,0,0,0,0,0,0,0,100,100,0,0,0,0,0,100,100,0,0.000000,0,9904,0.000000,0,0,0,0,108,8,0,8,100,5104,304,0,0,0,0,108,0,0,0,0,296,9400
3672,W3,1,1,5,5,0,0,0,0,0,0,0,100,100,0,0,0,0,0,100,100,0,0.000000,0,9904,0.000000,0,0,0,0,108,8,0,8,100,5104,304,0,0,0,0,108,0,0,0,0,311,9400
3673,W3,1,1,5,5,0,0,0,0,0,0,0,100,100,0,0,0,0,0,100,100,0,0.000000,0,9904,0.000000,0,0,0,0,108,8,0,8,100,5104,304,0,0,0,0,108,0,0,0,0,299,9400
3674,W3,1,1,5,5,0,0,0,0,0,0,0,100,100,0,0,0,0,0,100,100,0,0.000000,0,9904,0.000000,0,0,0,0,108,8,0,8,100,5104,304,0,0,0,0,108,0,0,0,0,302,9400
3675,W3,1,1,5,5,0,0,0,0,0,0,0,100,100,0,0,0,0,0,100,100,0,0.000000,0,9904,0.000000,0,0,0,0,108,8,0,8,100,5104,304,0,0,0,0,108,0,0,0,0,320,9400
3676,W3,1,1,5,5,0,0,0,0,0,0,0,100,100,0,0,0,0,0,100,100,0,0.000000,0,9904,0.000000,0,0,0,0,108,8,0,8,100,5104,304,0,0,0,0,108,0,0,0,0,310,9400
3677,W3,1,1,5,5,0,0,0,0,0,0,0,100,100,100,0,0,0,0,100,100,100,100.000000,1600,9904,16.155089,10,10,10,10,108,8,0,8,100,5104,304,0,0,0,0,108,0,0,0,0,319,9400
3678,W3,1,1,5,5,0,0,0,0,0,0,0,100,100,0,0,0,0,0,100,100,0,0.000000,0,9904,0.000000,0,0,0,0,108,8,0,8,100,5104,304,0,0,0,0,108,0,0,0,0,305,9400
3679,W3,1,1,5,5,0,0,0,0,0,0,0,100,100,0,0,0,0,0,100,100,0,0.000000,0,9904,0.000000,0,0,0,0,108,8,0,8,100,5104,304,0,0,0,0,108,0,0,0,0,312,9400
3680,W3,1,1,5,5,0,0,0,0,0,0,0,100,100,0,0,0,0,0,100,100,0,0.000000,0,9904,0.000000,0,0,0,0,108,8,0,8,100,5104,304,0,0,0,0,108,0,0,0,0,298,9400
3681,W3,1,1,5,5,0,0,0,0,0,0,0,100,100,0,0,0,0,0,100,100,0,0.000000,0,9904,0.000000,0,0,0,0,108,8,0,8,100,5104,304,0,0,0,0,108,0,0,0,0,331,9400
3682,W3,1,1,5,5,0,0,0,0,0,0,0,100,100,0,0,0,0,0,100,100,0,0.000000,0,9904,0.000000,0,0,0,0,108,8,0,8,100,5104,304,0,0,0,0,108,0,0,0,0,310,9400
3683,W3,1,1,5,5,0,0,0,0,0,0,0,100,100,0,0,0,0,0,100,100,0,0.000000,0,9904,0.000000,0,0,0,0,108,8,0,8,100,5104,304,0,0,0,0,108,0,0,0,0,304,9400
3684,W3,1,1,5,5,0,0,0,0,0,0,0,100,100,0,0,0,0,0,100,100,0,0.000000,0,9904,0.000000,0,0,0,0,108,8,0,8,100,5104,304,0,0,0,0,108,0,0,0,0,285,9400
3685,W3,1,1,5,5,0,0,0,0,0,0,0,100,100,0,0,0,0,0,100,100,0,0.000000,0,9904,0.000000,0,0,0,0,108,8,0,8,100,5104,304,0,0,0,0,108,0,0,0,0,289,9400
3686,W3,1,1,5,5,0,0,0,0,0,0,0,100,100,100,0,0,0,0,100,100,100,100.000000,1600,9904,16.155089,10,10,10,10,108,8,0,8,100,5104,304,0,0,0,0,108,0,0,0,0,305,9400
3687,W3,1,1,5,5,0,0,0,0,0,0,0,100,100,0,0,0,0,0,100,100,0,0.000000,0,9904,0.000000,0,0,0,0,108,8,0,8,100,5104,304,0,0,0,0,108,0,0,0,0,296,9400
3688,W3,1,1,5,5,0,0,0,0,0,0,0,100,100,0,0,0,0,0,100,100,0,0.000000,0,9904,0.000000,0,0,0,0,108,8,0,8,100,5104,304,0,0,0,0,108,0,0,0,0,328,9400
3689,W3,1,1,5,5,0,0,0,0,0,0,0,100,100,0,0,0,0,0,100,100,0,0.000000,0,9904,0.000000,0,0,0,0,108,8,0,8,100,5104,304,0,0,0,0,108,0,0,0,0,303,9400
3690,W3,1,1,5,5,0,0,0,0,0,0,0,100,100,0,0,0,0,0,100,100,0,0.000000,0,9904,0.000000,0,0,0,0,108,8,0,8,100,5104,304,0,0,0,0,108,0,0,0,0,308,9400
3691,W3,1,1,5,5,0,0,0,0,0,0,0,100,100,0,0,0,0,0,100,100,0,0.000000,0,9904,0.000000,0,0,0,0,108,8,0,8,100,5104,304,0,0,0,0,108,0,0,0,0,299,9400
3692,W3,1,1,5,5,0,0,0,0,0,0,0,100,100,0,0,0,0,0,100,100,0,0.000000,0,9904,0.000000,0,0,0,0,108,8,0,8,100,5104,304,0,0,0,0,108,0,0,0,0,323,9400
3693,W3,1,1,5,5,0,0,0,0,0,0,0,100,100,0,0,0,0,0,100,100,0,0.000000,0,9904,0.000000,0,0,0,0,108,8,0,8,100,5104,304,0,0,0,0,108,0,0,0,0,309,9400
3694,W3,1,1,5,5,0,0,0,0,0,0,0,100,100,0,0,0,0,0,100,100,0,0.000000,0,9904,0.000000,0,0,0,0,108,8,0,8,100,5104,304,0,0,0,0,108,0,0,0,0,292,9400
3695,W3,1,1,5,5,0,0,0,0,0,0,0,100,100,100,0,0,0,0,100,100,100,100.000000,1600,9904,16.155089,10,10,10,10,108,8,0,8,100,5104,304,0,0,0,0,108,0,0,0,0,307,9400
3696,W3,1,1,5,5,0,0,0,0,0,0,0,100,100,0,0,0,0,0,100,100,0,0.000000,0,9904,0.000000,0,0,0,0,108,8,0,8,100,5104,304,0,0,0,0,108,0,0,0,0,310,9400
3697,W3,1,1,5,5,0,0,0,0,0,0,0,100,100,0,0,0,0,0,100,100,0,0.000000,0,9904,0.000000,0,0,0,0,108,8,0,8,100,5104,304,0,0,0,0,108,0,0,0,0,290,9400
3698,W3,1,1,5,5,0,0,0,0,0,0,0,100,100,0,0,0,0,0,100,100,0,0.000000,0,9904,0.000000,0,0,0,0,108,8,0,8,100,5104,304,0,0,0,0,108,0,0,0,0,289,9400
3699,W3,1,1,5,5,0,0,0,0,0,0,0,100,100,0,0,0,0,0,100,100,0,0.000000,0,9904,0.000000,0,0,0,0,108,8,0,8,100,5104,304,0,0,0,0,108,0,0,0,0,299,9400
3700,W3,1,1,5,5,0,0,0,0,0,0,0,100,100,0,0,0,0,0,100,100,0,0.000000,0,9904,0.000000,0,0,0,0,108,8,0,8,100,5104,304,0,0,0,0,108,0,0,0,0,308,9400
3701,W3,1,1,5,5,0,0,0,0,0,0,0,100,100,0,0,0,0,0,100,100,0,0.000000,0,9904,0.000000,0,0,0,0,108,8,0,8,100,5104,304,0,0,0,0,108,0,0,0,0,283,9400
3702,W3,1,1,5,5,0,0,0,0,0,0,0,100,100,0,0,0,0,0,100,100,0,0.000000,0,9904,0.000000,0,0,0,0,108,8,0,8,100,5104,304,0,0,0,0,108,0,0,0,0,320,9400
3703,W3,1,1,5,5,0,0,0,0,0,0,0,100,100,0,0,0,0,0,100,100,0,0.000000,0,9904,0.000000,0,0,0,0,108,8,0,8,100,5104,304,0,0,0,0,108,0,0,0,0,300,9400
3704,W3,1,1,5,5,0,0,0,0,0,0,0,100,100,100,0,0,0,0,100,100,100,100.000000,1600,9904,16.155089,10,10,10,10,108,8,0,8,100,5104,304,0,0,0,0,108,0,0,0,0,285,9400
3705,W3,1,1,5,5,0,0,0,0,0,0,0,100,100,0,0,0,0,0,100,100,0,0.000000,0,9904,0.000000,0,0,0,0,108,8,0,8,100,5104,304,0,0,0,0,108,0,0,0,0,288,9400
3706,W3,1,1,5,5,0,0,0,0,0,0,0,100,100,0,0,0,0,0,100,100,0,0.000000,0,9904,0.000000,0,0,0,0,108,8,0,8,100,5104,304,0,0,0,0,108,0,0,0,0,293,9400
3707,W3,1,1,5,5,0,0,0,0,0,0,0,100,100,0,0,0,0,0,100,100,0,0.000000,0,9904,0.000000,0,0,0,0,108,8,0,8,100,5104,304,0,0,0,0,108,0,0,0,0,293,9400
3708,W3,1,1,5,5,0,0,0,0,0,0,0,100,100,0,0,0,0,0,100,100,0,0.000000,0,9904,0.000000,0,0,0,0,108,8,0,8,100,5104,304,0,0,0,0,108,0,0,0,0,366,9400
3709,W3,1,1,5,5,0,0,0,0,0,0,0,100,100,0,0,0,0,0,100,100,0,0.000000,0,9904,0.000000,0,0,0,0,108,8,0,8,100,5104,304,0,0,0,0,108,0,0,0,0,285,9400
3710,W3,1,1,5,5,0,0,0,0,0,0,0,100,100,0,0,0,0,0,100,100,0,0.000000,0,9904,0.000000,0,0,0,0,108,8,0,8,100,5104,304,0,0,0,0,108,0,0,0,0,307,9400
3711,W3,1,1,5,5,0,0,0,0,0,0,0,100,100,0,0,0,0,0,100,100,0,0.000000,0,9904,0.000000,0,0,0,0,108,8,0,8,100,5104,304,0,0,0,0,108,0,0,0,0,293,9400
3712,W3,1,1,5,5,0,0,0,0,0,0,0,100,100,0,0,0,0,0,100,100,0,0.000000,0,9904,0.000000,0,0,0,0,108,8,0,8,100,5104,304,0,0,0,0,108,0,0,0,0,348,9400
3713,W3,1,1,5,5,0,0,0,0,0,0,0,100,100,100,0,0,0,0,100,100,100,100.000000,1600,9904,16.155089,10,10,10,10,108,8,0,8,100,5104,304,0,0,0,0,108,0,0,0,0,309,9400
3714,W3,1,1,5,5,0,0,0,0,0,0,0,100,100,0,0,0,0,0,100,100,0,0.000000,0,9904,0.000000,0,0,0,0,108,8,0,8,100,5104,304,0,0,0,0,108,0,0,0,0,314,9400
3715,W3,1,1,5,5,0,0,0,0,0,0,0,100,100,0,0,0,0,0,100,100,0,0.000000,0,9904,0.000000,0,0,0,0,108,8,0,8,100,5104,304,0,0,0,0,108,0,0,0,0,300,9400
3716,W3,1,1,5,5,0,0,0,0,0,0,0,100,100,0,0,0,0,0,100,100,0,0.000000,0,9904,0.000000,0,0,0,0,108,8,0,8,100,5104,304,0,0,0,0,108,0,0,0,0,302,9400
3717,W3,1,1,5,5,0,0,0,0,0,0,0,100,100,0,0,0,0,0,100,100,0,0.000000,0,9904,0.000000,0,0,0,0,108,8,0,8,100,5104,304,0,0,0,0,108,0,0,0,0,306,9400
3718,W3,1,1,5,5,0,0,0,0,0,0,0,100,100,0,0,0,0,0,100,100,0,0.000000,0,9904,0.000000,0,0,0,0,108,8,0,8,100,5104,304,0,0,0,0,108,0,0,0,0,325,9400
3719,W3,1,1,5,5,0,0,0,0,0,0,0,100,100,0,0,0,0,0,100,100,0,0.000000,0,9904,0.000000,0,0,0,0,108,8,0,8,100,5104,304,0,0,0,0,108,0,0,0,0,301,9400
3720,W3,1,1,5,5,0,0,0,0,0,0,0,100,100,0,0,0,0,0,100,100,0,0.000000,0,9904,0.000000,0,0,0,0,108,8,0,8,100,5104,304,0,0,0,0,108,0,0,0,0,323,9400
3721,W3,1,1,5,5,0,0,0,0,0,0,0,100,100,0,0,0,0,0,100,100,0,0.000000,0,9904,0.000000,0,0,0,0,108,8,0,8,100,5104,304,0,0,0,0,108,0,0,0,0,315,9400
3722,W3,1,1,5,5,0,0,0,0,0,0,0,100,100,100,0,0,0,0,100,100,100,100.000000,1600,9904,16.155089,10,10,10,10,108,8,0,8,100,5104,304,0,0,0,0,108,0,0,0,0,288,9400
3723,W3,1,1,5,5,0,0,0,0,0,0,0,100,100,0,0,0,0,0,100,100,0,0.000000,0,9904,0.000000,0,0,0,0,108,8,0,8,100,5104,304,0,0,0,0,108,0,0,0,0,287,9400
3724,W3,1,1,5,5,0,0,0,0,0,0,0,100,100,0,0,0,0,0,100,100,0,0.000000,0,9904,0.000000,0,0,0,0,108,8,0,8,100,5104,304,0,0,0,0,108,0,0,0,0,328,9400
3725,W3,1,1,5,5,0,0,0,0,0,0,0,100,100,0,0,0,0,0,100,100,0,0.000000,0,9904,0.000000,0,0,0,0,108,8,0,8,100,5104,304,0,0,0,0,108,0,0,0,0,286,9400
3726,W3,1,1,5,5,0,0,0,0,0,0,0,100,100,0,0,0,0,0,100,100,0,0.000000,0,9904,0.000000,0,0,0,0,108,8,0,8,100,5104,304,0,0,0,0,108,0,0,0,0,315,9400
3727,W3,1,1,5,5,0,0,0,0,0,0,0,100,100,0,0,0,0,0,100,100,0,0.000000,0,9904,0.000000,0,0,0,0,108,8,0,8,100,5104,304,0,0,0,0,108,0,0,0,0,287,9400
3728,W3,1,1,5,5,0,0,0,0,0,0,0,100,100,0,0,0,0,0,100,100,0,0.000000,0,9904,0.000000,0,0,0,0,108,8,0,8,100,5104,304,0,0,0,0,108,0,0,0,0,319,9400
3729,W3,1,1,5,5,0,0,0,0,0,0,0,100,100,0,0,0,0,0,100,100,0,0.000000,0,9904,0.000000,0,0,0,0,108,8,0,8,100,5104,304,0,0,0,0,108,0,0,0,0,307,9400
3730,W3,1,1,5,5,0,0,0,0,0,0,0,100,100,0,0,0,0,0,100,100,0,0.000000,0,9904,0.000000,0,0,0,0,108,8,0,8,100,5104,304,0,0,0,0,108,0,0,0,0,298,9400
3731,W3,1,1,5,5,0,0,0,0,0,0,0,100,100,100,0,0,0,0,100,100,100,100.000000,1600,9904,16.155089,10,10,10,10,108,8,0,8,100,5104,304,0,0,0,0,108,0,0,0,0,289,9400
3732,W3,1,1,5,5,0,0,0,0,0,0,0,100,100,0,0,0,0,0,100,100,0,0.000000,0,9904,0.000000,0,0,0,0,108,8,0,8,100,5104,304,0,0,0,0,108,0,0,0,0,283,9400
3733,W3,1,1,5,5,0,0,0,0,0,0,0,100,100,0,0,0,0,0,100,100,0,0.000000,0,9904,0.000000,0,0,0,0,108,8,0,8,100,5104,304,0,0,0,0,108,0,0,0,0,278,9400
3734,W3,1,1,5,5,0,0,0,0,0,0,0,100,100,0,0,0,0,0,100,100,0,0.000000,0,9904,0.000000,0,0,0,0,108,8,0,8,100,5104,304,0,0,0,0,108,0,0,0,0,286,9400
3735,W3,1,1,5,5,0,0,0,0,0,0,0,100,100,0,0,0,0,0,100,100,0,0.000000,0,9904,0.000000,0,0,0,0,108,8,0,8,100,5104,304,0,0,0,0,108,0,0,0,0,311,9400
3736,W3,1,1,5,5,0,0,0,0,0,0,0,100,100,0,0,0,0,0,100,100,0,0.000000,0,9904,0.000000,0,0,0,0,108,8,0,8,100,5104,304,0,0,0,0,108,0,0,0,0,303,9400
3737,W3,1,1,5,5,0,0,0,0,0,0,0,100,100,0,0,0,0,0,100,100,0,0.000000,0,9904,0.000000,0,0,0,0,108,8,0,8,100,5104,304,0,0,0,0,108,0,0,0,0,337,9400
3738,W3,1,1,5,5,0,0,0,0,0,0,0,100,100,0,0,0,0,0,100,100,0,0.000000,0,9904,0.000000,0,0,0,0,108,8,0,8,100,5104,304,0,0,0,0,108,0,0,0,0,286,9400
3739,W3,1,1,5,5,0,0,0,0,0,0,0,100,100,0,0,0,0,0,100,100,0,0.000000,0,9904,0.000000,0,0,0,0,108,8,0,8,100,5104,304,0,0,0,0,108,0,0,0,0,327,9400
3740,W3,1,1,5,5,0,0,0,0,0,0,0,100,100,100,0,0,0,0,100,100,100,100.000000,1600,9904,16.155089,10,10,10,10,108,8,0,8,100,5104,304,0,0,0,0,108,0,0,0,0,283,9400
3741,W3,1,1,5,5,0,0,0,0,0,0,0,100,100,0,0,0,0,0,100,100,0,0.000000,0,9904,0.000000,0,0,0,0,108,8,0,8,100,5104,304,0,0,0,0,108,0,0,0,0,286,9400
3742,W3,1,1,5,5,0,0,0,0,0,0,0,100,100,0,0,0,0,0,100,100,0,0.000000,0,9904,0.000000,0,0,0,0,108,8,0,8,100,5104,304,0,0,0,0,108,0,0,0,0,285,9400
3743,W3,1,1,5,5,0,0,0,0,0,0,0,100,100,0,0,0,0,0,100,100,0,0.000000,0,9904,0.000000,0,0,0,0,108,8,0,8,100,5104,304,0,0,0,0,108,0,0,0,0,282,9400
3744,W3,1,1,5,5,0,0,0,0,0,0,0,100,100,0,0,0,0,0,100,100,0,0.000000,0,9904,0.000000,0,0,0,0,108,8,0,8,100,5104,304,0,0,0,0,108,0,0,0,0,296,9400
3745,W3,1,1,5,5,0,0,0,0,0,0,0,100,100,0,0,0,0,0,100,100,0,0.000000,0,9904,0.000000,0,0,0,0,108,8,0,8,100,5104,304,0,0,0,0,108,0,0,0,0,286,9400
3746,W3,1,1,5,5,0,0,0,0,0,0,0,100,100,0,0,0,0,0,100,100,0,0.000000,0,9904,0.000000,0,0,0,0,108,8,0,8,100,5104,304,0,0,0,0,108,0,0,0,0,287,9400
3747,W3,1,1,5,5,0,0,0,0,0,0,0,100,100,0,0,0,0,0,100,100,0,0.000000,0,9904,0.000000,0,0,0,0,108,8,0,8,100,5104,304,0,0,0,0,108,0,0,0,0,305,9400
3748,W3,1,1,5,5,0,0,0,0,0,0,0,100,100,0,0,0,0,0,100,100,0,0.000000,0,9904,0.000000,0,0,0,0,108,8,0,8,100,5104,304,0,0,0,0,108,0,0,0,0,294,9400
3749,W3,1,1,5,5,0,0,0,0,0,0,0,100,100,100,0,0,0,0,100,100,100,100.000000,1600,9904,16.155089,10,10,10,10,108,8,0,8,100,5104,304,0,0,0,0,108,0,0,0,0,293,9400
3750,W3,1,1,5,5,0,0,0,0,0,0,0,100,100,0,0,0,0,0,100,100,0,0.000000,0,9904,0.000000,0,0,0,0,108,8,0,8,100,5104,304,0,0,0,0,108,0,0,0,0,320,9400
3751,W3,1,1,5,5,0,0,0,0,0,0,0,100,100,0,0,0,0,0,100,100,0,0.000000,0,9904,0.000000,0,0,0,0,108,8,0,8,100,5104,304,0,0,0,0,108,0,0,0,0,316,9400
3752,W3,1,1,5,5,0,0,0,0,0,0,0,100,100,0,0,0,0,0,100,100,0,0.000000,0,9904,0.000000,0,0,0,0,108,8,0,8,100,5104,304,0,0,0,0,108,0,0,0,0,308,9400
3753,W3,1,1,5,5,0,0,0,0,0,0,0,100,100,0,0,0,0,0,100,100,0,0.000000,0,9904,0.000000,0,0,0,0,108,8,0,8,100,5104,304,0,0,0,0,108,0,0,0,0,321,9400
3754,W3,1,1,5,5,0,0,0,0,0,0,0,100,100,0,0,0,0,0,100,100,0,0.000000,0,9904,0.000000,0,0,0,0,108,8,0,8,100,5104,304,0,0,0,0,108,0,0,0,0,325,9400
3755,W3,1,1,5,5,0,0,0,0,0,0,0,100,100,0,0,0,0,0,100,100,0,0.000000,0,9904,0.000000,0,0,0,0,108,8,0,8,100,5104,304,0,0,0,0,108,0,0,0,0,440,9400
3756,W3,1,1,5,5,0,0,0,0,0,0,0,100,100,0,0,0,0,0,100,100,0,0.000000,0,9904,0.000000,0,0,0,0,108,8,0,8,100,5104,304,0,0,0,0,108,0,0,0,0,300,9400
3757,W3,1,1,5,5,0,0,0,0,0,0,0,100,100,0,0,0,0,0,100,100,0,0.000000,0,9904,0.000000,0,0,0,0,108,8,0,8,100,5104,304,0,0,0,0,108,0,0,0,0,331,9400
3758,W3,1,1,5,5,0,0,0,0,0,0,0,100,100,100,0,0,0,0,100,100,100,100.000000,1600,9904,16.155089,10,10,10,10,108,8,0,8,100,5104,304,0,0,0,0,108,0,0,0,0,303,9400
3759,W3,1,1,5,5,0,0,0,0,0,0,0,100,100,0,0,0,0,0,100,100,0,0.000000,0,9904,0.000000,0,0,0,0,108,8,0,8,100,5104,304,0,0,0,0,108,0,0,0,0,288,9400
3760,W3,1,1,5,5,0,0,0,0,0,0,0,100,100,0,0,0,0,0,100,100,0,0.000000,0,9904,0.000000,0,0,0,0,108,8,0,8,100,5104,304,0,0,0,0,108,0,0,0,0,295,9400
3761,W3,1,1,5,5,0,0,0,0,0,0,0,100,100,0,0,0,0,0,100,100,0,0.000000,0,9904,0.000000,0,0,0,0,108,8,0,8,100,5104,304,0,0,0,0,108,0,0,0,0,309,9400
3762,W3,1,1,5,5,0,0,0,0,0,0,0,100,100,0,0,0,0,0,100,100,0,0.000000,0,9904,0.000000,0,0,0,0,108,8,0,8,100,5104,304,0,0,0,0,108,0,0,0,0,302,9400
3763,W3,1,1,5,5,0,0,0,0,0,0,0,100,100,0,0,0,0,0,100,100,0,0.000000,0,9904,0.000000,0,0,0,0,108,8,0,8,100,5104,304,0,0,0,0,108,0,0,0,0,293,9400
3764,W3,1,1,5,5,0,0,0,0,0,0,0,100,100,0,0,0,0,0,100,100,0,0.000000,0,9904,0.000000,0,0,0,0,108,8,0,8,100,5104,304,0,0,0,0,108,0,0,0,0,297,9400
3765,W3,1,1,5,5,0,0,0,0,0,0,0,100,100,0,0,0,0,0,100,100,0,0.000000,0,9904,0.000000,0,0,0,0,108,8,0,8,100,5104,304,0,0,0,0,108,0,0,0,0,381,9400
3766,W3,1,1,5,5,0,0,0,0,0,0,0,100,100,0,0,0,0,0,100,100,0,0.000000,0,9904,0.000000,0,0,0,0,108,8,0,8,100,5104,304,0,0,0,0,108,0,0,0,0,300,9400
3767,W3,1,1,5,5,0,0,0,0,0,0,0,100,100,100,0,0,0,0,100,100,100,100.000000,1600,9904,16.155089,10,10,10,10,108,8,0,8,100,5104,304,0,0,0,0,108,0,0,0,0,376,9400
3768,W3,1,1,5,5,0,0,0,0,0,0,0,100,100,0,0,0,0,0,100,100,0,0.000000,0,9904,0.000000,0,0,0,0,108,8,0,8,100,5104,304,0,0,0,0,108,0,0,0,0,306,9400
3769,W3,1,1,5,5,0,0,0,0,0,0,0,100,100,0,0,0,0,0,100,100,0,0.000000,0,9904,0.000000,0,0,0,0,108,8,0,8,100,5104,304,0,0,0,0,108,0,0,0,0,317,9400
3770,W3,1,1,5,5,0,0,0,0,0,0,0,100,100,0,0,0,0,0,100,100,0,0.000000,0,9904,0.000000,0,0,0,0,108,8,0,8,100,5104,304,0,0,0,0,108,0,0,0,0,298,9400
3771,W3,1,1,5,5,0,0,0,0,0,0,0,100,100,0,0,0,0,0,100,100,0,0.000000,0,9904,0.000000,0,0,0,0,108,8,0,8,100,5104,304,0,0,0,0,108,0,0,0,0,301,9400
3772,W3,1,1,5,5,0,0,0,0,0,0,0,100,100,0,0,0,0,0,100,100,0,0.000000,0,9904,0.000000,0,0,0,0,108,8,0,8,100,5104,304,0,0,0,0,108,0,0,0,0,305,9400
3773,W3,1,1,5,5,0,0,0,0,0,0,0,100,100,0,0,0,0,0,100,100,0,0.000000,0,9904,0.000000,0,0,0,0,108,8,0,8,100,5104,304,0,0,0,0,108,0,0,0,0,293,9400
3774,W3,1,1,5,5,0,0,0,0,0,0,0,100,100,0,0,0,0,0,100,100,0,0.000000,0,9904,0.000000,0,0,0,0,108,8,0,8,100,5104,304,0,0,0,0,108,0,0,0,0,290,9400
3775,W3,1,1,5,5,0,0,0,0,0,0,0,100,100,0,0,0,0,0,100,100,0,0.000000,0,9904,0.000000,0,0,0,0,108,8,0,8,100,5104,304,0,0,0,0,108,0,0,0,0,306,9400
3776,W3,1,1,5,5,0,0,0,0,0,0,0,100,100,100,0,0,0,0,100,100,100,100.000000,1600,9904,16.155089,10,10,10,10,108,8,0,8,100,5104,304,0,0,0,0,108,0,0,0,0,296,9400
3777,W3,1,1,5,5,0,0,0,0,0,0,0,100,100,0,0,0,0,0,100,100,0,0.000000,0,9904,0.000000,0,0,0,0,108,8,0,8,100,5104,304,0,0,0,0,108,0,0,0,0,305,9400
3778,W3,1,1,5,5,0,0,0,0,0,0,0,100,100,0,0,0,0,0,100,100,0,0.000000,0,9904,0.000000,0,0,0,0,108,8,0,8,100,5104,304,0,0,0,0,108,0,0,0,0,353,9400
3779,W3,1,1,5,5,0,0,0,0,0,0,0,100,100,0,0,0,0,0,100,100,0,0.000000,0,9904,0.000000,0,0,0,0,108,8,0,8,100,5104,304,0,0,0,0,108,0,0,0,0,321,9400
3780,W3,1,1,5,5,0,0,0,0,0,0,0,100,100,0,0,0,0,0,100,100,0,0.000000,0,9904,0.000000,0,0,0,0,108,8,0,8,100,5104,304,0,0,0,0,108,0,0,0,0,316,9400
3781,W3,1,1,5,5,0,0,0,0,0,0,0,100,100,0,0,0,0,0,100,100,0,0.000000,0,9904,0.000000,0,0,0,0,108,8,0,8,100,5104,304,0,0,0,0,108,0,0,0,0,371,9400
3782,W3,1,1,5,5,0,0,0,0,0,0,0,100,100,0,0,0,0,0,100,100,0,0.000000,0,9904,0.000000,0,0,0,0,108,8,0,8,100,5104,304,0,0,0,0,108,0,0,0,0,299,9400
3783,W3,1,1,5,5,0,0,0,0,0,0,0,100,100,0,0,0,0,0,100,100,0,0.000000,0,9904,0.000000,0,0,0,0,108,8,0,8,100,5104,304,0,0,0,0,108,0,0,0,0,297,9400
3784,W3,1,1,5,5,0,0,0,0,0,0,0,100,100,0,0,0,0,0,100,100,0,0.000000,0,9904,0.000000,0,0,0,0,108,8,0,8,100,5104,304,0,0,0,0,108,0,0,0,0,304,9400
3785,W3,1,1,5,5,0,0,0,0,0,0,0,100,100,100,0,0,0,0,100,100,100,100.000000,1600,9904,16.155089,10,10,10,10,108,8,0,8,100,5104,304,0,0,0,0,108,0,0,0,0,313,9400
3786,W3,1,1,5,5,0,0,0,0,0,0,0,100,100,0,0,0,0,0,100,100,0,0.000000,0,9904,0.000000,0,0,0,0,108,8,0,8,100,5104,304,0,0,0,0,108,0,0,0,0,306,9400
3787,W3,1,1,5,5,0,0,0,0,0,0,0,100,100,0,0,0,0,0,100,100,0,0.000000,0,9904,0.000000,0,0,0,0,108,8,0,8,100,5104,304,0,0,0,0,108,0,0,0,0,289,9400
3788,W3,1,1,5,5,0,0,0,0,0,0,0,100,100,0,0,0,0,0,100,100,0,0.000000,0,9904,0.000000,0,0,0,0,108,8,0,8,100,5104,304,0,0,0,0,108,0,0,0,0,298,9400
3789,W3,1,1,5,5,0,0,0,0,0,0,0,100,100,0,0,0,0,0,100,100,0,0.000000,0,9904,0.000000,0,0,0,0,108,8,0,8,100,5104,304,0,0,0,0,108,0,0,0,0,289,9400
3790,W3,1,1,5,5,0,0,0,0,0,0,0,100,100,0,0,0,0,0,100,100,0,0.000000,0,9904,0.000000,0,0,0,0,108,8,0,8,100,5104,304,0,0,0,0,108,0,0,0,0,302,9400
3791,W3,1,1,5,5,0,0,0,0,0,0,0,100,100,0,0,0,0,0,100,100,0,0.000000,0,9904,0.000000,0,0,0,0,108,8,0,8,100,5104,304,0,0,0,0,108,0,0,0,0,292,9400
3792,W3,1,1,5,5,0,0,0,0,0,0,0,100,100,0,0,0,0,0,100,100,0,0.000000,0,9904,0.000000,0,0,0,0,108,8,0,8,100,5104,304,0,0,0,0,108,0,0,0,0,319,9400
3793,W3,1,1,5,5,0,0,0,0,0,0,0,100,100,0,0,0,0,0,100,100,0,0.000000,0,9904,0.000000,0,0,0,0,108,8,0,8,100,5104,304,0,0,0,0,108,0,0,0,0,301,9400
3794,W3,1,1,5,5,0,0,0,0,0,0,0,100,100,100,0,0,0,0,100,100,100,100.000000,1600,9904,16.155089,10,10,10,10,108,8,0,8,100,5104,304,0,0,0,0,108,0,0,0,0,302,9400
3795,W3,1,1,5,5,0,0,0,0,0,0,0,100,100,0,0,0,0,0,100,100,0,0.000000,0,9904,0.000000,0,0,0,0,108,8,0,8,100,5104,304,0,0,0,0,108,0,0,0,0,348,9400
3796,W3,1,1,5,5,0,0,0,0,0,0,0,100,100,0,0,0,0,0,100,100,0,0.000000,0,9904,0.000000,0,0,0,0,108,8,0,8,100,5104,304,0,0,0,0,108,0,0,0,0,304,9400
3797,W3,1,1,5,5,0,0,0,0,0,0,0,100,100,0,0,0,0,0,100,100,0,0.000000,0,9904,0.000000,0,0,0,0,108,8,0,8,100,5104,304,0,0,0,0,108,0,0,0,0,296,9400
3798,W3,1,1,5,5,0,0,0,0,0,0,0,100,100,0,0,0,0,0,100,100,0,0.000000,0,9904,0.000000,0,0,0,0,108,8,0,8,100,5104,304,0,0,0,0,108,0,0,0,0,324,9400
3799,W3,1,1,5,5,0,0,0,0,0,0,0,100,100,0,0,0,0,0,100,100,0,0.000000,0,9904,0.000000,0,0,0,0,108,8,0,8,100,5104,304,0,0,0,0,108,0,0,0,0,321,9400
3800,W3,1,1,5,5,0,0,0,0,0,0,0,100,100,0,0,0,0,0,100,100,0,0.000000,0,9904,0.000000,0,0,0,0,108,8,0,8,100,5104,304,0,0,0,0,108,0,0,0,0,298,9400
3801,W3,1,1,5,5,0,0,0,0,0,0,0,100,100,0,0,0,0,0,100,100,0,0.000000,0,9904,0.000000,0,0,0,0,108,8,0,8,100,5104,304,0,0,0,0,108,0,0,0,0,310,9400
3802,W3,1,1,5,5,0,0,0,0,0,0,0,100,100,0,0,0,0,0,100,100,0,0.000000,0,9904,0.000000,0,0,0,0,108,8,0,8,100,5104,304,0,0,0,0,108,0,0,0,0,327,9400
3803,W3,1,1,5,5,0,0,0,0,0,0,0,100,100,100,0,0,0,0,100,100,100,100.000000,1600,9904,16.155089,10,10,10,10,108,8,0,8,100,5104,304,0,0,0,0,108,0,0,0,0,296,9400
3804,W3,1,1,5,5,0,0,0,0,0,0,0,100,100,0,0,0,0,0,100,100,0,0.000000,0,9904,0.000000,0,0,0,0,108,8,0,8,100,5104,304,0,0,0,0,108,0,0,0,0,309,9400
3805,W3,1,1,5,5,0,0,0,0,0,0,0,100,100,0,0,0,0,0,100,100,0,0.000000,0,9904,0.000000,0,0,0,0,108,8,0,8,100,5104,304,0,0,0,0,108,0,0,0,0,315,9400
3806,W3,1,1,5,5,0,0,0,0,0,0,0,100,100,0,0,0,0,0,100,100,0,0.000000,0,9904,0.000000,0,0,0,0,108,8,0,8,100,5104,304,0,0,0,0,108,0,0,0,0,301,9400
3807,W3,1,1,5,5,0,0,0,0,0,0,0,100,100,0,0,0,0,0,100,100,0,0.000000,0,9904,0.000000,0,0,0,0,108,8,0,8,100,5104,304,0,0,0,0,108,0,0,0,0,278,9400
3808,W3,1,1,5,5,0,0,0,0,0,0,0,100,100,0,0,0,0,0,100,100,0,0.000000,0,9904,0.000000,0,0,0,0,108,8,0,8,100,5104,304,0,0,0,0,108,0,0,0,0,309,9400
3809,W3,1,1,5,5,0,0,0,0,0,0,0,100,100,0,0,0,0,0,100,100,0,0.000000,0,9904,0.000000,0,0,0,0,108,8,0,8,100,5104,304,0,0,0,0,108,0,0,0,0,285,9400
3810,W3,1,1,5,5,0,0,0,0,0,0,0,100,100,0,0,0,0,0,100,100,0,0.000000,0,9904,0.000000,0,0,0,0,108,8,0,8,100,5104,304,0,0,0,0,108,0,0,0,0,293,9400
3811,W3,1,1,5,5,0,0,0,0,0,0,0,100,100,0,0,0,0,0,100,100,0,0.000000,0,9904,0.000000,0,0,0,0,108,8,0,8,100,5104,304,0,0,0,0,108,0,0,0,0,309,9400
3812,W3,1,1,5,5,0,0,0,0,0,0,0,100,100,100,0,0,0,0,100,100,100,100.000000,1600,9904,16.155089,10,10,10,10,108,8,0,8,100,5104,304,0,0,0,0,108,0,0,0,0,319,9400
3813,W3,1,1,5,5,0,0,0,0,0,0,0,100,100,0,0,0,0,0,100,100,0,0.000000,0,9904,0.000000,0,0,0,0,108,8,0,8,100,5104,304,0,0,0,0,108,0,0,0,0,304,9400
3814,W3,1,1,5,5,0,0,0,0,0,0,0,100,100,0,0,0,0,0,100,100,0,0.000000,0,9904,0.000000,0,0,0,0,108,8,0,8,100,5104,304,0,0,0,0,108,0,0,0,0,299,9400
3815,W3,1,1,5,5,0,0,0,0,0,0,0,100,100,0,0,0,0,0,100,100,0,0.000000,0,9904,0.000000,0,0,0,0,108,8,0,8,100,5104,304,0,0,0,0,108,0,0,0,0,280,9400
3816,W3,1,1,5,5,0,0,0,0,0,0,0,100,100,0,0,0,0,0,100,100,0,0.000000,0,9904,0.000000,0,0,0,0,108,8,0,8,100,5104,304,0,0,0,0,108,0,0,0,0,306,9400
3817,W3,1,1,5,5,0,0,0,0,0,0,0,100,100,0,0,0,0,0,100,100,0,0.000000,0,9904,0.000000,0,0,0,0,108,8,0,8,100,5104,304,0,0,0,0,108,0,0,0,0,309,9400
3818,W3,1,1,5,5,0,0,0,0,0,0,0,100,100,0,0,0,0,0,100,100,0,0.000000,0,9904,0.000000,0,0,0,0,108,8,0,8,100,5104,304,0,0,0,0,108,0,0,0,0,326,9400
3819,W3,1,1,5,5,0,0,0,0,0,0,0,100,100,0,0,0,0,0,100,100,0,0.000000,0,9904,0.000000,0,0,0,0,108,8,0,8,100,5104,304,0,0,0,0,108,0,0,0,0,296,9400
3820,W3,1,1,5,5,0,0,0,0,0,0,0,100,100,0,0,0,0,0,100,100,0,0.000000,0,9904,0.000000,0,0,0,0,108,8,0,8,100,5104,304,0,0,0,0,108,0,0,0,0,326,9400
3821,W3,1,1,5,5,0,0,0,0,0,0,0,100,100,100,0,0,0,0,100,100,100,100.000000,1600,9904,16.155089,10,10,10,10,108,8,0,8,100,5104,304,0,0,0,0,108,0,0,0,0,296,9400
3822,W3,1,1,5,5,0,0,0,0,0,0,0,100,100,0,0,0,0,0,100,100,0,0.000000,0,9904,0.000000,0,0,0,0,108,8,0,8,100,5104,304,0,0,0,0,108,0,0,0,0,322,9400
3823,W3,1,1,5,5,0,0,0,0,0,0,0,100,100,0,0,0,0,0,100,100,0,0.000000,0,9904,0.000000,0,0,0,0,108,8,0,8,100,5104,304,0,0,0,0,108,0,0,0,0,294,9400
3824,W3,1,1,5,5,0,0,0,0,0,0,0,100,100,0,0,0,0,0,100,100,0,0.000000,0,9904,0.000000,0,0,0,0,108,8,0,8,100,5104,304,0,0,0,0,108,0,0,0,0,308,9400
3825,W3,1,1,5,5,0,0,0,0,0,0,0,100,100,0,0,0,0,0,100,100,0,0.000000,0,9904,0.000000,0,0,0,0,108,8,0,8,100,5104,304,0,0,0,0,108,0,0,0,0,315,9400
3826,W3,1,1,5,5,0,0,0,0,0,0,0,100,100,0,0,0,0,0,100,100,0,0.000000,0,9904,0.000000,0,0,0,0,108,8,0,8,100,5104,304,0,0,0,0,108,0,0,0,0,301,9400
3827,W3,1,1,5,5,0,0,0,0,0,0,0,100,100,0,0,0,0,0,100,100,0,0.000000,0,9904,0.000000,0,0,0,0,108,8,0,8,100,5104,304,0,0,0,0,108,0,0,0,0,355,9400
3828,W3,1,1,5,5,0,0,0,0,0,0,0,100,100,0,0,0,0,0,100,100,0,0.000000,0,9904,0.000000,0,0,0,0,108,8,0,8,100,5104,304,0,0,0,0,108,0,0,0,0,316,9400
3829,W3,1,1,5,5,0,0,0,0,0,0,0,100,100,0,0,0,0,0,100,100,0,0.000000,0,9904,0.000000,0,0,0,0,108,8,0,8,100,5104,304,0,0,0,0,108,0,0,0,0,334,9400
3830,W3,1,1,5,5,0,0,0,0,0,0,0,100,100,100,0,0,0,0,100,100,100,100.000000,1600,9904,16.155089,10,10,10,10,108,8,0,8,100,5104,304,0,0,0,0,108,0,0,0,0,323,9400
3831,W3,1,1,5,5,0,0,0,0,0,0,0,100,100,0,0,0,0,0,100,100,0,0.000000,0,9904,0.000000,0,0,0,0,108,8,0,8,100,5104,304,0,0,0,0,108,0,0,0,0,330,9400
3832,W3,1,1,5,5,0,0,0,0,0,0,0,100,100,0,0,0,0,0,100,100,0,0.000000,0,9904,0.000000,0,0,0,0,108,8,0,8,100,5104,304,0,0,0,0,108,0,0,0,0,315,9400
3833,W3,1,1,5,5,0,0,0,0,0,0,0,100,100,0,0,0,0,0,100,100,0,0.000000,0,9904,0.000000,0,0,0,0,108,8,0,8,100,5104,304,0,0,0,0,108,0,0,0,0,287,9400
3834,W3,1,1,5,5,0,0,0,0,0,0,0,100,100,0,0,0,0,0,100,100,0,0.000000,0,9904,0.000000,0,0,0,0,108,8,0,8,100,5104,304,0,0,0,0,108,0,0,0,0,311,9400
3835,W3,1,1,5,5,0,0,0,0,0,0,0,100,100,0,0,0,0,0,100,100,0,0.000000,0,9904,0.000000,0,0,0,0,108,8,0,8,100,5104,304,0,0,0,0,108,0,0,0,0,289,9400
3836,W3,1,1,5,5,0,0,0,0,0,0,0,100,100,0,0,0,0,0,100,100,0,0.000000,0,9904,0.000000,0,0,0,0,108,8,0,8,100,5104,304,0,0,0,0,108,0,0,0,0,313,9400
3837,W3,1,1,5,5,0,0,0,0,0,0,0,100,100,0,0,0,0,0,100,100,0,0.000000,0,9904,0.000000,0,0,0,0,108,8,0,8,100,5104,304,0,0,0,0,108,0,0,0,0,307,9400
3838,W3,1,1,5,5,0,0,0,0,0,0,0,100,100,0,0,0,0,0,100,100,0,0.000000,0,9904,0.000000,0,0,0,0,108,8,0,8,100,5104,304,0,0,0,0,108,0,0,0,0,341,9400
3839,W3,1,1,5,5,0,0,0,0,0,0,0,100,100,100,0,0,0,0,100,100,100,100.000000,1600,9904,16.155089,10,10,10,10,108,8,0,8,100,5104,304,0,0,0,0,108,0,0,0,0,305,9400
3840,W3,1,1,5,5,0,0,0,0,0,0,0,100,100,0,0,0,0,0,100,100,0,0.000000,0,9904,0.000000,0,0,0,0,108,8,0,8,100,5104,304,0,0,0,0,108,0,0,0,0,314,9400
3841,W3,1,1,5,5,0,0,0,0,0,0,0,100,100,0,0,0,0,0,100,100,0,0.000000,0,9904,0.000000,0,0,0,0,108,8,0,8,100,5104,304,0,0,0,0,108,0,0,0,0,277,9400
3842,W3,1,1,5,5,0,0,0,0,0,0,0,100,100,0,0,0,0,0,100,100,0,0.000000,0,9904,0.000000,0,0,0,0,108,8,0,8,100,5104,304,0,0,0,0,108,0,0,0,0,317,9400
3843,W3,1,1,5,5,0,0,0,0,0,0,0,100,100,0,0,0,0,0,100,100,0,0.000000,0,9904,0.000000,0,0,0,0,108,8,0,8,100,5104,304,0,0,0,0,108,0,0,0,0,310,9400
3844,W3,1,1,5,5,0,0,0,0,0,0,0,100,100,0,0,0,0,0,100,100,0,0.000000,0,9904,0.000000,0,0,0,0,108,8,0,8,100,5104,304,0,0,0,0,108,0,0,0,0,316,9400
3845,W3,1,1,5,5,0,0,0,0,0,0,0,100,100,0,0,0,0,0,100,100,0,0.000000,0,9904,0.000000,0,0,0,0,108,8,0,8,100,5104,304,0,0,0,0,108,0,0,0,0,309,9400
3846,W3,1,1,5,5,0,0,0,0,0,0,0,100,100,0,0,0,0,0,100,100,0,0.000000,0,9904,0.000000,0,0,0,0,108,8,0,8,100,5104,304,0,0,0,0,108,0,0,0,0,318,9400
3847,W3,1,1,5,5,0,0,0,0,0,0,0,100,100,0,0,0,0,0,100,100,0,0.000000,0,9904,0.000000,0,0,0,0,108,8,0,8,100,5104,304,0,0,0,0,108,0,0,0,0,286,9400
3848,W3,1,1,5,5,0,0,0,0,0,0,0,100,100,100,0,0,0,0,100,100,100,100.000000,1600,9904,16.155089,10,10,10,10,108,8,0,8,100,5104,304,0,0,0,0,108,0,0,0,0,307,9400
3849,W3,1,1,5,5,0,0,0,0,0,0,0,100,100,0,0,0,0,0,100,100,0,0.000000,0,9904,0.000000,0,0,0,0,108,8,0,8,100,5104,304,0,0,0,0,108,0,0,0,0,285,9400
3850,W3,1,1,5,5,0,0,0,0,0,0,0,100,100,0,0,0,0,0,100,100,0,0.000000,0,9904,0.000000,0,0,0,0,108,8,0,8,100,5104,304,0,0,0,0,108,0,0,0,0,309,9400
3851,W3,1,1,5,5,0,0,0,0,0,0,0,100,100,0,0,0,0,0,100,100,0,0.000000,0,9904,0.000000,0,0,0,0,108,8,0,8,100,5104,304,0,0,0,0,108,0,0,0,0,299,9400
3852,W3,1,1,5,5,0,0,0,0,0,0,0,100,100,0,0,0,0,0,100,100,0,0.000000,0,9904,0.000000,0,0,0,0,108,8,0,8,100,5104,304,0,0,0,0,108,0,0,0,0,307,9400
3853,W3,1,1,5,5,0,0,0,0,0,0,0,100,100,0,0,0,0,0,100,100,0,0.000000,0,9904,0.000000,0,0,0,0,108,8,0,8,100,5104,304,0,0,0,0,108,0,0,0,0,323,9400
3854,W3,1,1,5,5,0,0,0,0,0,0,0,100,100,0,0,0,0,0,100,100,0,0.000000,0,9904,0.000000,0,0,0,0,108,8,0,8,100,5104,304,0,0,0,0,108,0,0,0,0,324,9400
3855,W3,1,1,5,5,0,0,0,0,0,0,0,100,100,0,0,0,0,0,100,100,0,0.000000,0,9904,0.000000,0,0,0,0,108,8,0,8,100,5104,304,0,0,0,0,108,0,0,0,0,300,9400
3856,W3,1,1,5,5,0,0,0,0,0,0,0,100,100,0,0,0,0,0,100,100,0,0.000000,0,9904,0.000000,0,0,0,0,108,8,0,8,100,5104,304,0,0,0,0,108,0,0,0,0,302,9400
3857,W3,1,1,5,5,0,0,0,0,0,0,0,100,100,100,0,0,0,0,100,100,100,100.000000,1600,9904,16.155089,10,10,10,10,108,8,0,8,100,5104,304,0,0,0,0,108,0,0,0,0,304,9400
3858,W3,1,1,5,5,0,0,0,0,0,0,0,100,100,0,0,0,0,0,100,100,0,0.000000,0,9904,0.000000,0,0,0,0,108,8,0,8,100,5104,304,0,0,0,0,108,0,0,0,0,302,9400
3859,W3,1,1,5,5,0,0,0,0,0,0,0,100,100,0,0,0,0,0,100,100,0,0.000000,0,9904,0.000000,0,0,0,0,108,8,0,8,100,5104,304,0,0,0,0,108,0,0,0,0,302,9400
3860,W3,1,1,5,5,0,0,0,0,0,0,0,100,100,0,0,0,0,0,100,100,0,0.000000,0,9904,0.000000,0,0,0,0,108,8,0,8,100,5104,304,0,0,0,0,108,0,0,0,0,316,9400
3861,W3,1,1,5,5,0,0,0,0,0,0,0,100,100,0,0,0,0,0,100,100,0,0.000000,0,9904,0.000000,0,0,0,0,108,8,0,8,100,5104,304,0,0,0,0,108,0,0,0,0,332,9400
3862,W3,1,1,5,5,0,0,0,0,0,0,0,100,100,0,0,0,0,0,100,100,0,0.000000,0,9904,0.000000,0,0,0,0,108,8,0,8,100,5104,304,0,0,0,0,108,0,0,0,0,285,9400
3863,W3,1,1,5,5,0,0,0,0,0,0,0,100,100,0,0,0,0,0,100,100,0,0.000000,0,9904,0.000000,0,0,0,0,108,8,0,8,100,5104,304,0,0,0,0,108,0,0,0,0,280,9400
3864,W3,1,1,5,5,0,0,0,0,0,0,0,100,100,0,0,0,0,0,100,100,0,0.000000,0,9904,0.000000,0,0,0,0,108,8,0,8,100,5104,304,0,0,0,0,108,0,0,0,0,281,9400
3865,W3,1,1,5,5,0,0,0,0,0,0,0,100,100,0,0,0,0,0,100,100,0,0.000000,0,9904,0.000000,0,0,0,0,108,8,0,8,100,5104,304,0,0,0,0,108,0,0,0,0,280,9400
3866,W3,1,1,5,5,0,0,0,0,0,0,0,100,100,100,0,0,0,0,100,100,100,100.000000,1600,9904,16.155089,10,10,10,10,108,8,0,8,100,5104,304,0,0,0,0,108,0,0,0,0,282,9400
3867,W3,1,1,5,5,0,0,0,0,0,0,0,100,100,0,0,0,0,0,100,100,0,0.000000,0,9904,0.000000,0,0,0,0,108,8,0,8,100,5104,304,0,0,0,0,108,0,0,0,0,292,9400
3868,W3,1,1,5,5,0,0,0,0,0,0,0,100,100,0,0,0,0,0,100,100,0,0.000000,0,9904,0.000000,0,0,0,0,108,8,0,8,100,5104,304,0,0,0,0,108,0,0,0,0,285,9400
3869,W3,1,1,5,5,0,0,0,0,0,0,0,100,100,0,0,0,0,0,100,100,0,0.000000,0,9904,0.000000,0,0,0,0,108,8,0,8,100,5104,304,0,0,0,0,108,0,0,0,0,339,9400
3870,W3,1,1,5,5,0,0,0,0,0,0,0,100,100,0,0,0,0,0,100,100,0,0.000000,0,9904,0.000000,0,0,0,0,108,8,0,8,100,5104,304,0,0,0,0,108,0,0,0,0,319,9400
3871,W3,1,1,5,5,0,0,0,0,0,0,0,100,100,0,0,0,0,0,100,100,0,0.000000,0,9904,0.000000,0,0,0,0,108,8,0,8,100,5104,304,0,0,0,0,108,0,0,0,0,290,9400
3872,W3,1,1,5,5,0,0,0,0,0,0,0,100,100,0,0,0,0,0,100,100,0,0.000000,0,9904,0.000000,0,0,0,0,108,8,0,8,100,5104,304,0,0,0,0,108,0,0,0,0,291,9400
3873,W3,1,1,5,5,0,0,0,0,0,0,0,100,100,0,0,0,0,0,100,100,0,0.000000,0,9904,0.000000,0,0,0,0,108,8,0,8,100,5104,304,0,0,0,0,108,0,0,0,0,287,9400
3874,W3,1,1,5,5,0,0,0,0,0,0,0,100,100,0,0,0,0,0,100,100,0,0.000000,0,9904,0.000000,0,0,0,0,108,8,0,8,100,5104,304,0,0,0,0,108,0,0,0,0,296,9400
3875,W3,1,1,5,5,0,0,0,0,0,0,0,100,100,100,0,0,0,0,100,100,100,100.000000,1600,9904,16.155089,10,10,10,10,108,8,0,8,100,5104,304,0,0,0,0,108,0,0,0,0,289,9400
3876,W3,1,1,5,5,0,0,0,0,0,0,0,100,100,0,0,0,0,0,100,100,0,0.000000,0,9904,0.000000,0,0,0,0,108,8,0,8,100,5104,304,0,0,0,0,108,0,0,0,0,293,9400
3877,W3,1,1,5,5,0,0,0,0,0,0,0,100,100,0,0,0,0,0,100,100,0,0.000000,0,9904,0.000000,0,0,0,0,108,8,0,8,100,5104,304,0,0,0,0,108,0,0,0,0,293,9400
3878,W3,1,1,5,5,0,0,0,0,0,0,0,100,100,0,0,0,0,0,100,100,0,0.000000,0,9904,0.000000,0,0,0,0,108,8,0,8,100,5104,304,0,0,0,0,108,0,0,0,0,304,9400
3879,W3,1,1,5,5,0,0,0,0,0,0,0,100,100,0,0,0,0,0,100,100,0,0.000000,0,9904,0.000000,0,0,0,0,108,8,0,8,100,5104,304,0,0,0,0,108,0,0,0,0,327,9400
3880,W3,1,1,5,5,0,0,0,0,0,0,0,100,100,0,0,0,0,0,100,100,0,0.000000,0,9904,0.000000,0,0,0,0,108,8,0,8,100,5104,304,0,0,0,0,108,0,0,0,0,304,9400
3881,W3,1,1,5,5,0,0,0,0,0,0,0,100,100,0,0,0,0,0,100,100,0,0.000000,0,9904,0.000000,0,0,0,0,108,8,0,8,100,5104,304,0,0,0,0,108,0,0,0,0,306,9400
3882,W3,1,1,5,5,0,0,0,0,0,0,0,100,100,0,0,0,0,0,100,100,0,0.000000,0,9904,0.000000,0,0,0,0,108,8,0,8,100,5104,304,0,0,0,0,108,0,0,0,0,296,9400
3883,W3,1,1,5,5,0,0,0,0,0,0,0,100,100,0,0,0,0,0,100,100,0,0.000000,0,9904,0.000000,0,0,0,0,108,8,0,8,100,5104,304,0,0,0,0,108,0,0,0,0,297,9400
3884,W3,1,1,5,5,0,0,0,0,0,0,0,100,100,100,0,0,0,0,100,100,100,100.000000,1600,9904,16.155089,10,10,10,10,108,8,0,8,100,5104,304,0,0,0,0,108,0,0,0,0,317,9400
3885,W3,1,1,5,5,0,0,0,0,0,0,0,100,100,0,0,0,0,0,100,100,0,0.000000,0,9904,0.000000,0,0,0,0,108,8,0,8,100,5104,304,0,0,0,0,108,0,0,0,0,298,9400
3886,W3,1,1,5,5,0,0,0,0,0,0,0,100,100,0,0,0,0,0,100,100,0,0.000000,0,9904,0.000000,0,0,0,0,108,8,0,8,100,5104,304,0,0,0,0,108,0,0,0,0,323,9400
3887,W3,1,1,5,5,0,0,0,0,0,0,0,100,100,0,0,0,0,0,100,100,0,0.000000,0,9904,0.000000,0,0,0,0,108,8,0,8,100,5104,304,0,0,0,0,108,0,0,0,0,295,9400
3888,W3,1,1,5,5,0,0,0,0,0,0,0,100,100,0,0,0,0,0,100,100,0,0.000000,0,9904,0.000000,0,0,0,0,108,8,0,8,100,5104,304,0,0,0,0,108,0,0,0,0,288,9400
3889,W3,1,1,5,5,0,0,0,0,0,0,0,100,100,0,0,0,0,0,100,100,0,0.000000,0,9904,0.000000,0,0,0,0,108,8,0,8,100,5104,304,0,0,0,0,108,0,0,0,0,267,9400
3890,W3,1,1,5,5,0,0,0,0,0,0,0,100,100,0,0,0,0,0,100,100,0,0.000000,0,9904,0.000000,0,0,0,0,108,8,0,8,100,5104,304,0,0,0,0,108,0,0,0,0,278,9400
3891,W3,1,1,5,5,0,0,0,0,0,0,0,100,100,0,0,0,0,0,100,100,0,0.000000,0,9904,0.000000,0,0,0,0,108,8,0,8,100,5104,304,0,0,0,0,108,0,0,0,0,279,9400
3892,W3,1,1,5,5,0,0,0,0,0,0,0,100,100,0,0,0,0,0,100,100,0,0.000000,0,9904,0.000000,0,0,0,0,108,8,0,8,100,5104,304,0,0,0,0,108,0,0,0,0,281,9400
3893,W3,1,1,5,5,0,0,0,0,0,0,0,100,100,100,0,0,0,0,100,100,100,100.000000,1600,9904,16.155089,10,10,10,10,108,8,0,8,100,5104,304,0,0,0,0,108,0,0,0,0,280,9400
3894,W3,1,1,5,5,0,0,0,0,0,0,0,100,100,0,0,0,0,0,100,100,0,0.000000,0,9904,0.000000,0,0,0,0,108,8,0,8,100,5104,304,0,0,0,0,108,0,0,0,0,279,9400
3895,W3,1,1,5,5,0,0,0,0,0,0,0,100,100,0,0,0,0,0,100,100,0,0.000000,0,9904,0.000000,0,0,0,0,108,8,0,8,100,5104,304,0,0,0,0,108,0,0,0,0,291,9400
3896,W3,1,1,5,5,0,0,0,0,0,0,0,100,100,0,0,0,0,0,100,100,0,0.000000,0,9904,0.000000,0,0,0,0,108,8,0,8,100,5104,304,0,0,0,0,108,0,0,0,0,290,9400
3897,W3,1,1,5,5,0,0,0,0,0,0,0,100,100,0,0,0,0,0,100,100,0,0.000000,0,9904,0.000000,0,0,0,0,108,8,0,8,100,5104,304,0,0,0,0,108,0,0,0,0,283,9400
3898,W3,1,1,5,5,0,0,0,0,0,0,0,100,100,0,0,0,0,0,100,100,0,0.000000,0,9904,0.000000,0,0,0,0,108,8,0,8,100,5104,304,0,0,0,0,108,0,0,0,0,292,9400
3899,W3,1,1,5,5,0,0,0,0,0,0,0,100,100,0,0,0,0,0,100,100,0,0.000000,0,9904,0.000000,0,0,0,0,108,8,0,8,100,5104,304,0,0,0,0,108,0,0,0,0,314,9400
3900,W3,1,1,5,5,0,0,0,0,0,0,0,100,100,0,0,0,0,0,100,100,0,0.000000,0,9904,0.000000,0,0,0,0,108,8,0,8,100,5104,304,0,0,0,0,108,0,0,0,0,295,9400
3901,W3,1,1,5,5,0,0,0,0,0,0,0,100,100,0,0,0,0,0,100,100,0,0.000000,0,9904,0.000000,0,0,0,0,108,8,0,8,100,5104,304,0,0,0,0,108,0,0,0,0,315,9400
3902,W3,1,1,5,5,0,0,0,0,0,0,0,100,100,100,0,0,0,0,100,100,100,100.000000,1600,9904,16.155089,10,10,10,10,108,8,0,8,100,5104,304,0,0,0,0,108,0,0,0,0,329,9400
3903,W3,1,1,5,5,0,0,0,0,0,0,0,100,100,0,0,0,0,0,100,100,0,0.000000,0,9904,0.000000,0,0,0,0,108,8,0,8,100,5104,304,0,0,0,0,108,0,0,0,0,289,9400
3904,W3,1,1,5,5,0,0,0,0,0,0,0,100,100,0,0,0,0,0,100,100,0,0.000000,0,9904,0.000000,0,0,0,0,108,8,0,8,100,5104,304,0,0,0,0,108,0,0,0,0,295,9400
3905,W3,1,1,5,5,0,0,0,0,0,0,0,100,100,0,0,0,0,0,100,100,0,0.000000,0,9904,0.000000,0,0,0,0,108,8,0,8,100,5104,304,0,0,0,0,108,0,0,0,0,289,9400
3906,W3,1,1,5,5,0,0,0,0,0,0,0,100,100,0,0,0,0,0,100,100,0,0.000000,0,9904,0.000000,0,0,0,0,108,8,0,8,100,5104,304,0,0,0,0,108,0,0,0,0,309,9400
3907,W3,1,1,5,5,0,0,0,0,0,0,0,100,100,0,0,0,0,0,100,100,0,0.000000,0,9904,0.000000,0,0,0,0,108,8,0,8,100,5104,304,0,0,0,0,108,0,0,0,0,305,9400
3908,W3,1,1,5,5,0,0,0,0,0,0,0,100,100,0,0,0,0,0,100,100,0,0.000000,0,9904,0.000000,0,0,0,0,108,8,0,8,100,5104,304,0,0,0,0,108,0,0,0,0,301,9400
3909,W3,1,1,5,5,0,0,0,0,0,0,0,100,100,0,0,0,0,0,100,100,0,0.000000,0,9904,0.000000,0,0,0,0,108,8,0,8,100,5104,304,0,0,0,0,108,0,0,0,0,291,9400
3910,W3,1,1,5,5,0,0,0,0,0,0,0,100,100,0,0,0,0,0,100,100,0,0.000000,0,9904,0.000000,0,0,0,0,108,8,0,8,100,5104,304,0,0,0,0,108,0,0,0,0,304,9400
3911,W3,1,1,5,5,0,0,0,0,0,0,0,100,100,100,0,0,0,0,100,100,100,100.000000,1600,9904,16.155089,10,10,10,10,108,8,0,8,100,5104,304,0,0,0,0,108,0,0,0,0,336,9400
3912,W3,1,1,5,5,0,0,0,0,0,0,0,100,100,0,0,0,0,0,100,100,0,0.000000,0,9904,0.000000,0,0,0,0,108,8,0,8,100,5104,304,0,0,0,0,108,0,0,0,0,287,9400
3913,W3,1,1,5,5,0,0,0,0,0,0,0,100,100,0,0,0,0,0,100,100,0,0.000000,0,9904,0.000000,0,0,0,0,108,8,0,8,100,5104,304,0,0,0,0,108,0,0,0,0,289,9400
3914,W3,1,1,5,5,0,0,0,0,0,0,0,100,100,0,0,0,0,0,100,100,0,0.000000,0,9904,0.000000,0,0,0,0,108,8,0,8,100,5104,304,0,0,0,0,108,0,0,0,0,290,9400
3915,W3,1,1,5,5,0,0,0,0,0,0,0,100,100,0,0,0,0,0,100,100,0,0.000000,0,9904,0.000000,0,0,0,0,108,8,0,8,100,5104,304,0,0,0,0,108,0,0,0,0,295,9400
3916,W3,1,1,5,5,0,0,0,0,0,0,0,100,100,0,0,0,0,0,100,100,0,0.000000,0,9904,0.000000,0,0,0,0,108,8,0,8,100,5104,304,0,0,0,0,108,0,0,0,0,303,9400
3917,W3,1,1,5,5,0,0,0,0,0,0,0,100,100,0,0,0,0,0,100,100,0,0.000000,0,9904,0.000000,0,0,0,0,108,8,0,8,100,5104,304,0,0,0,0,108,0,0,0,0,287,9400
3918,W3,1,1,5,5,0,0,0,0,0,0,0,100,100,0,0,0,0,0,100,100,0,0.000000,0,9904,0.000000,0,0,0,0,108,8,0,8,100,5104,304,0,0,0,0,108,0,0,0,0,307,9400
3919,W3,1,1,5,5,0,0,0,0,0,0,0,100,100,0,0,0,0,0,100,100,0,0.000000,0,9904,0.000000,0,0,0,0,108,8,0,8,100,5104,304,0,0,0,0,108,0,0,0,0,300,9400
3920,W3,1,1,5,5,0,0,0,0,0,0,0,100,100,100,0,0,0,0,100,100,100,100.000000,1600,9904,16.155089,10,10,10,10,108,8,0,8,100,5104,304,0,0,0,0,108,0,0,0,0,342,9400
3921,W3,1,1,5,5,0,0,0,0,0,0,0,100,100,0,0,0,0,0,100,100,0,0.000000,0,9904,0.000000,0,0,0,0,108,8,0,8,100,5104,304,0,0,0,0,108,0,0,0,0,323,9400
3922,W3,1,1,5,5,0,0,0,0,0,0,0,100,100,0,0,0,0,0,100,100,0,0.000000,0,9904,0.000000,0,0,0,0,108,8,0,8,100,5104,304,0,0,0,0,108,0,0,0,0,303,9400
3923,W3,1,1,5,5,0,0,0,0,0,0,0,100,100,0,0,0,0,0,100,100,0,0.000000,0,9904,0.000000,0,0,0,0,108,8,0,8,100,5104,304,0,0,0,0,108,0,0,0,0,293,9400
3924,W3,1,1,5,5,0,0,0,0,0,0,0,100,100,0,0,0,0,0,100,100,0,0.000000,0,9904,0.000000,0,0,0,0,108,8,0,8,100,5104,304,0,0,0,0,108,0,0,0,0,289,9400
3925,W3,1,1,5,5,0,0,0,0,0,0,0,100,100,0,0,0,0,0,100,100,0,0.000000,0,9904,0.000000,0,0,0,0,108,8,0,8,100,5104,304,0,0,0,0,108,0,0,0,0,278,9400
3926,W3,1,1,5,5,0,0,0,0,0,0,0,100,100,0,0,0,0,0,100,100,0,0.000000,0,9904,0.000000,0,0,0,0,108,8,0,8,100,5104,304,0,0,0,0,108,0,0,0,0,286,9400
3927,W3,1,1,5,5,0,0,0,0,0,0,0,100,100,0,0,0,0,0,100,100,0,0.000000,0,9904,0.000000,0,0,0,0,108,8,0,8,100,5104,304,0,0,0,0,108,0,0,0,0,311,9400
3928,W3,1,1,5,5,0,0,0,0,0,0,0,100,100,0,0,0,0,0,100,100,0,0.000000,0,9904,0.000000,0,0,0,0,108,8,0,8,100,5104,304,0,0,0,0,108,0,0,0,0,291,9400
3929,W3,1,1,5,5,0,0,0,0,0,0,0,100,100,100,0,0,0,0,100,100,100,100.000000,1600,9904,16.155089,10,10,10,10,108,8,0,8,100,5104,304,0,0,0,0,108,0,0,0,0,293,9400
3930,W3,1,1,5,5,0,0,0,0,0,0,0,100,100,0,0,0,0,0,100,100,0,0.000000,0,9904,0.000000,0,0,0,0,108,8,0,8,100,5104,304,0,0,0,0,108,0,0,0,0,307,9400
3931,W3,1,1,5,5,0,0,0,0,0,0,0,100,100,0,0,0,0,0,100,100,0,0.000000,0,9904,0.000000,0,0,0,0,108,8,0,8,100,5104,304,0,0,0,0,108,0,0,0,0,291,9400
3932,W3,1,1,5,5,0,0,0,0,0,0,0,100,100,0,0,0,0,0,100,100,0,0.000000,0,9904,0.000000,0,0,0,0,108,8,0,8,100,5104,304,0,0,0,0,108,0,0,0,0,289,9400
3933,W3,1,1,5,5,0,0,0,0,0,0,0,100,100,0,0,0,0,0,100,100,0,0.000000,0,9904,0.000000,0,0,0,0,108,8,0,8,100,5104,304,0,0,0,0,108,0,0,0,0,293,9400
3934,W3,1,1,5,5,0,0,0,0,0,0,0,100,100,0,0,0,0,0,100,100,0,0.000000,0,9904,0.000000,0,0,0,0,108,8,0,8,100,5104,304,0,0,0,0,108,0,0,0,0,308,9400
3935,W3,1,1,5,5,0,0,0,0,0,0,0,100,100,0,0,0,0,0,100,100,0,0.000000,0,9904,0.000000,0,0,0,0,108,8,0,8,100,5104,304,0,0,0,0,108,0,0,0,0,332,9400
3936,W3,1,1,5,5,0,0,0,0,0,0,0,100,100,0,0,0,0,0,100,100,0,0.000000,0,9904,0.000000,0,0,0,0,108,8,0,8,100,5104,304,0,0,0,0,108,0,0,0,0,338,9400
3937,W3,1,1,5,5,0,0,0,0,0,0,0,100,100,0,0,0,0,0,100,100,0,0.000000,0,9904,0.000000,0,0,0,0,108,8,0,8,100,5104,304,0,0,0,0,108,0,0,0,0,286,9400
3938,W3,1,1,5,5,0,0,0,0,0,0,0,100,100,100,0,0,0,0,100,100,100,100.000000,1600,9904,16.155089,10,10,10,10,108,8,0,8,100,5104,304,0,0,0,0,108,0,0,0,0,277,9400
3939,W3,1,1,5,5,0,0,0,0,0,0,0,100,100,0,0,0,0,0,100,100,0,0.000000,0,9904,0.000000,0,0,0,0,108,8,0,8,100,5104,304,0,0,0,0,108,0,0,0,0,284,9400
3940,W3,1,1,5,5,0,0,0,0,0,0,0,100,100,0,0,0,0,0,100,100,0,0.000000,0,9904,0.000000,0,0,0,0,108,8,0,8,100,5104,304,0,0,0,0,108,0,0,0,0,332,9400
3941,W3,1,1,5,5,0,0,0,0,0,0,0,100,100,0,0,0,0,0,100,100,0,0.000000,0,9904,0.000000,0,0,0,0,108,8,0,8,100,5104,304,0,0,0,0,108,0,0,0,0,303,9400
3942,W3,1,1,5,5,0,0,0,0,0,0,0,100,100,0,0,0,0,0,100,100,0,0.000000,0,9904,0.000000,0,0,0,0,108,8,0,8,100,5104,304,0,0,0,0,108,0,0,0,0,289,9400
3943,W3,1,1,5,5,0,0,0,0,0,0,0,100,100,0,0,0,0,0,100,100,0,0.000000,0,9904,0.000000,0,0,0,0,108,8,0,8,100,5104,304,0,0,0,0,108,0,0,0,0,309,9400
3944,W3,1,1,5,5,0,0,0,0,0,0,0,100,100,0,0,0,0,0,100,100,0,0.000000,0,9904,0.000000,0,0,0,0,108,8,0,8,100,5104,304,0,0,0,0,108,0,0,0,0,358,9400
3945,W3,1,1,5,5,0,0,0,0,0,0,0,100,100,0,0,0,0,0,100,100,0,0.000000,0,9904,0.000000,0,0,0,0,108,8,0,8,100,5104,304,0,0,0,0,108,0,0,0,0,286,9400
3946,W3,1,1,5,5,0,0,0,0,0,0,0,100,100,0,0,0,0,0,100,100,0,0.000000,0,9904,0.000000,0,0,0,0,108,8,0,8,100,5104,304,0,0,0,0,108,0,0,0,0,293,9400
3947,W3,1,1,5,5,0,0,0,0,0,0,0,100,100,100,0,0,0,0,100,100,100,100.000000,1600,9904,16.155089,10,10,10,10,108,8,0,8,100,5104,304,0,0,0,0,108,0,0,0,0,334,9400
3948,W3,1,1,5,5,0,0,0,0,0,0,0,100,100,0,0,0,0,0,100,100,0,0.000000,0,9904,0.000000,0,0,0,0,108,8,0,8,100,5104,304,0,0,0,0,108,0,0,0,0,309,9400
3949,W3,1,1,5,5,0,0,0,0,0,0,0,100,100,0,0,0,0,0,100,100,0,0.000000,0,9904,0.000000,0,0,0,0,108,8,0,8,100,5104,304,0,0,0,0,108,0,0,0,0,282,9400
3950,W3,1,1,5,5,0,0,0,0,0,0,0,100,100,0,0,0,0,0,100,100,0,0.000000,0,9904,0.000000,0,0,0,0,108,8,0,8,100,5104,304,0,0,0,0,108,0,0,0,0,298,9400
3951,W3,1,1,5,5,0,0,0,0,0,0,0,100,100,0,0,0,0,0,100,100,0,0.000000,0,9904,0.000000,0,0,0,0,108,8,0,8,100,5104,304,0,0,0,0,108,0,0,0,0,351,9400
3952,W3,1,1,5,5,0,0,0,0,0,0,0,100,100,0,0,0,0,0,100,100,0,0.000000,0,9904,0.000000,0,0,0,0,108,8,0,8,100,5104,304,0,0,0,0,108,0,0,0,0,302,9400
3953,W3,1,1,5,5,0,0,0,0,0,0,0,100,100,0,0,0,0,0,100,100,0,0.000000,0,9904,0.000000,0,0,0,0,108,8,0,8,100,5104,304,0,0,0,0,108,0,0,0,0,290,9400
3954,W3,1,1,5,5,0,0,0,0,0,0,0,100,100,0,0,0,0,0,100,100,0,0.000000,0,9904,0.000000,0,0,0,0,108,8,0,8,100,5104,304,0,0,0,0,108,0,0,0,0,308,9400
3955,W3,1,1,5,5,0,0,0,0,0,0,0,100,100,0,0,0,0,0,100,100,0,0.000000,0,9904,0.000000,0,0,0,0,108,8,0,8,100,5104,304,0,0,0,0,108,0,0,0,0,296,9400
3956,W3,1,1,5,5,0,0,0,0,0,0,0,100,100,100,0,0,0,0,100,100,100,100.000000,1600,9904,16.155089,10,10,10,10,108,8,0,8,100,5104,304,0,0,0,0,108,0,0,0,0,338,9400
3957,W3,1,1,5,5,0,0,0,0,0,0,0,100,100,0,0,0,0,0,100,100,0,0.000000,0,9904,0.000000,0,0,0,0,108,8,0,8,100,5104,304,0,0,0,0,108,0,0,0,0,326,9400
3958,W3,1,1,5,5,0,0,0,0,0,0,0,100,100,0,0,0,0,0,100,100,0,0.000000,0,9904,0.000000,0,0,0,0,108,8,0,8,100,5104,304,0,0,0,0,108,0,0,0,0,329,9400
3959,W3,1,1,5,5,0,0,0,0,0,0,0,100,100,0,0,0,0,0,100,100,0,0.000000,0,9904,0.000000,0,0,0,0,108,8,0,8,100,5104,304,0,0,0,0,108,0,0,0,0,335,9400
3960,W3,1,1,5,5,0,0,0,0,0,0,0,100,100,0,0,0,0,0,100,100,0,0.000000,0,9904,0.000000,0,0,0,0,108,8,0,8,100,5104,304,0,0,0,0,108,0,0,0,0,326,9400
3961,W3,1,1,5,5,0,0,0,0,0,0,0,100,100,0,0,0,0,0,100,100,0,0.000000,0,9904,0.000000,0,0,0,0,108,8,0,8,100,5104,304,0,0,0,0,108,0,0,0,0,302,9400
3962,W3,1,1,5,5,0,0,0,0,0,0,0,100,100,0,0,0,0,0,100,100,0,0.000000,0,9904,0.000000,0,0,0,0,108,8,0,8,100,5104,304,0,0,0,0,108,0,0,0,0,324,9400
3963,W3,1,1,5,5,0,0,0,0,0,0,0,100,100,0,0,0,0,0,100,100,0,0.000000,0,9904,0.000000,0,0,0,0,108,8,0,8,100,5104,304,0,0,0,0,108,0,0,0,0,308,9400
3964,W3,1,1,5,5,0,0,0,0,0,0,0,100,100,0,0,0,0,0,100,100,0,0.000000,0,9904,0.000000,0,0,0,0,108,8,0,8,100,5104,304,0,0,0,0,108,0,0,0,0,300,9400
3965,W3,1,1,5,5,0,0,0,0,0,0,0,100,100,100,0,0,0,0,100,100,100,100.000000,1600,9904,16.155089,10,10,10,10,108,8,0,8,100,5104,304,0,0,0,0,108,0,0,0,0,296,9400
3966,W3,1,1,5,5,0,0,0,0,0,0,0,100,100,0,0,0,0,0,100,100,0,0.000000,0,9904,0.000000,0,0,0,0,108,8,0,8,100,5104,304,0,0,0,0,108,0,0,0,0,301,9400
3967,W3,1,1,5,5,0,0,0,0,0,0,0,100,100,0,0,0,0,0,100,100,0,0.000000,0,9904,0.000000,0,0,0,0,108,8,0,8,100,5104,304,0,0,0,0,108,0,0,0,0,288,9400
3968,W3,1,1,5,5,0,0,0,0,0,0,0,100,100,0,0,0,0,0,100,100,0,0.000000,0,9904,0.000000,0,0,0,0,108,8,0,8,100,5104,304,0,0,0,0,108,0,0,0,0,381,9400
3969,W3,1,1,5,5,0,0,0,0,0,0,0,100,100,0,0,0,0,0,100,100,0,0.000000,0,9904,0.000000,0,0,0,0,108,8,0,8,100,5104,304,0,0,0,0,108,0,0,0,0,294,9400
3970,W3,1,1,5,5,0,0,0,0,0,0,0,100,100,0,0,0,0,0,100,100,0,0.000000,0,9904,0.000000,0,0,0,0,108,8,0,8,100,5104,304,0,0,0,0,108,0,0,0,0,340,9400
3971,W3,1,1,5,5,0,0,0,0,0,0,0,100,100,0,0,0,0,0,100,100,0,0.000000,0,9904,0.000000,0,0,0,0,108,8,0,8,100,5104,304,0,0,0,0,108,0,0,0,0,303,9400
3972,W3,1,1,5,5,0,0,0,0,0,0,0,100,100,0,0,0,0,0,100,100,0,0.000000,0,9904,0.000000,0,0,0,0,108,8,0,8,100,5104,304,0,0,0,0,108,0,0,0,0,315,9400
3973,W3,1,1,5,5,0,0,0,0,0,0,0,100,100,0,0,0,0,0,100,100,0,0.000000,0,9904,0.000000,0,0,0,0,108,8,0,8,100,5104,304,0,0,0,0,108,0,0,0,0,322,9400
3974,W3,1,1,5,5,0,0,0,0,0,0,0,100,100,100,0,0,0,0,100,100,100,100.000000,1600,9904,16.155089,10,10,10,10,108,8,0,8,100,5104,304,0,0,0,0,108,0,0,0,0,297,9400
3975,W3,1,1,5,5,0,0,0,0,0,0,0,100,100,0,0,0,0,0,100,100,0,0.000000,0,9904,0.000000,0,0,0,0,108,8,0,8,100,5104,304,0,0,0,0,108,0,0,0,0,300,9400
3976,W3,1,1,5,5,0,0,0,0,0,0,0,100,100,0,0,0,0,0,100,100,0,0.000000,0,9904,0.000000,0,0,0,0,108,8,0,8,100,5104,304,0,0,0,0,108,0,0,0,0,293,9400
3977,W3,1,1,5,5,0,0,0,0,0,0,0,100,100,0,0,0,0,0,100,100,0,0.000000,0,9904,0.000000,0,0,0,0,108,8,0,8,100,5104,304,0,0,0,0,108,0,0,0,0,297,9400
3978,W3,1,1,5,5,0,0,0,0,0,0,0,100,100,0,0,0,0,0,100,100,0,0.000000,0,9904,0.000000,0,0,0,0,108,8,0,8,100,5104,304,0,0,0,0,108,0,0,0,0,310,9400
3979,W3,1,1,5,5,0,0,0,0,0,0,0,100,100,0,0,0,0,0,100,100,0,0.000000,0,9904,0.000000,0,0,0,0,108,8,0,8,100,5104,304,0,0,0,0,108,0,0,0,0,287,9400
3980,W3,1,1,5,5,0,0,0,0,0,0,0,100,100,0,0,0,0,0,100,100,0,0.000000,0,9904,0.000000,0,0,0,0,108,8,0,8,100,5104,304,0,0,0,0,108,0,0,0,0,307,9400
3981,W3,1,1,5,5,0,0,0,0,0,0,0,100,100,0,0,0,0,0,100,100,0,0.000000,0,9904,0.000000,0,0,0,0,108,8,0,8,100,5104,304,0,0,0,0,108,0,0,0,0,321,9400
3982,W3,1,1,5,5,0,0,0,0,0,0,0,100,100,0,0,0,0,0,100,100,0,0.000000,0,9904,0.000000,0,0,0,0,108,8,0,8,100,5104,304,0,0,0,0,108,0,0,0,0,282,9400
3983,W3,1,1,5,5,0,0,0,0,0,0,0,100,100,100,0,0,0,0,100,100,100,100.000000,1600,9904,16.155089,10,10,10,10,108,8,0,8,100,5104,304,0,0,0,0,108,0,0,0,0,285,9400
3984,W3,1,1,5,5,0,0,0,0,0,0,0,100,100,0,0,0,0,0,100,100,0,0.000000,0,9904,0.000000,0,0,0,0,108,8,0,8,100,5104,304,0,0,0,0,108,0,0,0,0,316,9400
3985,W3,1,1,5,5,0,0,0,0,0,0,0,100,100,0,0,0,0,0,100,100,0,0.000000,0,9904,0.000000,0,0,0,0,108,8,0,8,100,5104,304,0,0,0,0,108,0,0,0,0,300,9400
3986,W3,1,1,5,5,0,0,0,0,0,0,0,100,100,0,0,0,0,0,100,100,0,0.000000,0,9904,0.000000,0,0,0,0,108,8,0,8,100,5104,304,0,0,0,0,108,0,0,0,0,302,9400
3987,W3,1,1,5,5,0,0,0,0,0,0,0,100,100,0,0,0,0,0,100,100,0,0.000000,0,9904,0.000000,0,0,0,0,108,8,0,8,100,5104,304,0,0,0,0,108,0,0,0,0,312,9400
3988,W3,1,1,5,5,0,0,0,0,0,0,0,100,100,0,0,0,0,0,100,100,0,0.000000,0,9904,0.000000,0,0,0,0,108,8,0,8,100,5104,304,0,0,0,0,108,0,0,0,0,289,9400
3989,W3,1,1,5,5,0,0,0,0,0,0,0,100,100,0,0,0,0,0,100,100,0,0.000000,0,9904,0.000000,0,0,0,0,108,8,0,8,100,5104,304,0,0,0,0,108,0,0,0,0,300,9400
3990,W3,1,1,5,5,0,0,0,0,0,0,0,100,100,0,0,0,0,0,100,100,0,0.000000,0,9904,0.000000,0,0,0,0,108,8,0,8,100,5104,304,0,0,0,0,108,0,0,0,0,293,9400
3991,W3,1,1,5,5,0,0,0,0,0,0,0,100,100,0,0,0,0,0,100,100,0,0.000000,0,9904,0.000000,0,0,0,0,108,8,0,8,100,5104,304,0,0,0,0,108,0,0,0,0,300,9400
3992,W3,1,1,5,5,0,0,0,0,0,0,0,100,100,100,0,0,0,0,100,100,100,100.000000,1600,9904,16.155089,10,10,10,10,108,8,0,8,100,5104,304,0,0,0,0,108,0,0,0,0,302,9400
3993,W3,1,1,5,5,0,0,0,0,0,0,0,100,100,0,0,0,0,0,100,100,0,0.000000,0,9904,0.000000,0,0,0,0,108,8,0,8,100,5104,304,0,0,0,0,108,0,0,0,0,314,9400
3994,W3,1,1,5,5,0,0,0,0,0,0,0,100,100,0,0,0,0,0,100,100,0,0.000000,0,9904,0.000000,0,0,0,0,108,8,0,8,100,5104,304,0,0,0,0,108,0,0,0,0,280,9400
3995,W3,1,1,5,5,0,0,0,0,0,0,0,100,100,0,0,0,0,0,100,100,0,0.000000,0,9904,0.000000,0,0,0,0,108,8,0,8,100,5104,304,0,0,0,0,108,0,0,0,0,311,9400
3996,W3,1,1,5,5,0,0,0,0,0,0,0,100,100,0,0,0,0,0,100,100,0,0.000000,0,9904,0.000000,0,0,0,0,108,8,0,8,100,5104,304,0,0,0,0,108,0,0,0,0,289,9400
3997,W3,1,1,5,5,0,0,0,0,0,0,0,100,100,0,0,0,0,0,100,100,0,0.000000,0,9904,0.000000,0,0,0,0,108,8,0,8,100,5104,304,0,0,0,0,108,0,0,0,0,288,9400
3998,W3,1,1,5,5,0,0,0,0,0,0,0,100,100,0,0,0,0,0,100,100,0,0.000000,0,9904,0.000000,0,0,0,0,108,8,0,8,100,5104,304,0,0,0,0,108,0,0,0,0,333,9400
3999,W3,1,1,5,5,0,0,0,0,0,0,0,100,100,0,0,0,0,0,100,100,0,0.000000,0,9904,0.000000,0,0,0,0,108,8,0,8,100,5104,304,0,0,0,0,108,0,0,0,0,286,9400
4000,W3,1,1,5,5,0,0,0,0,0,0,0,100,100,0,0,0,0,0,100,100,0,0.000000,0,9904,0.000000,0,0,0,0,108,8,0,8,100,5104,304,0,0,0,0,108,0,0,0,0,338,9400
4001,W3,1,1,5,5,0,0,0,0,0,0,0,100,100,100,0,0,0,0,100,100,100,100.000000,1600,9904,16.155089,10,10,10,10,108,8,0,8,100,5104,304,0,0,0,0,108,0,0,0,0,306,9400
4002,W3,1,1,5,5,0,0,0,0,0,0,0,100,100,0,0,0,0,0,100,100,0,0.000000,0,9904,0.000000,0,0,0,0,108,8,0,8,100,5104,304,0,0,0,0,108,0,0,0,0,307,9400
4003,W3,1,1,5,5,0,0,0,0,0,0,0,100,100,0,0,0,0,0,100,100,0,0.000000,0,9904,0.000000,0,0,0,0,108,8,0,8,100,5104,304,0,0,0,0,108,0,0,0,0,297,9400
4004,W3,1,1,5,5,0,0,0,0,0,0,0,100,100,0,0,0,0,0,100,100,0,0.000000,0,9904,0.000000,0,0,0,0,108,8,0,8,100,5104,304,0,0,0,0,108,0,0,0,0,302,9400
4005,W3,1,1,5,5,0,0,0,0,0,0,0,100,100,0,0,0,0,0,100,100,0,0.000000,0,9904,0.000000,0,0,0,0,108,8,0,8,100,5104,304,0,0,0,0,108,0,0,0,0,310,9400
4006,W3,1,1,5,5,0,0,0,0,0,0,0,100,100,0,0,0,0,0,100,100,0,0.000000,0,9904,0.000000,0,0,0,0,108,8,0,8,100,5104,304,0,0,0,0,108,0,0,0,0,356,9400
4007,W3,1,1,5,5,0,0,0,0,0,0,0,100,100,0,0,0,0,0,100,100,0,0.000000,0,9904,0.000000,0,0,0,0,108,8,0,8,100,5104,304,0,0,0,0,108,0,0,0,0,299,9400
4008,W3,1,1,5,5,0,0,0,0,0,0,0,100,100,0,0,0,0,0,100,100,0,0.000000,0,9904,0.000000,0,0,0,0,108,8,0,8,100,5104,304,0,0,0,0,108,0,0,0,0,341,9400
4009,W3,1,1,5,5,0,0,0,0,0,0,0,100,100,0,0,0,0,0,100,100,0,0.000000,0,9904,0.000000,0,0,0,0,108,8,0,8,100,5104,304,0,0,0,0,108,0,0,0,0,301,9400
4010,W3,1,1,5,5,0,0,0,0,0,0,0,100,100,100,0,0,0,0,100,100,100,100.000000,1600,9904,16.155089,10,10,10,10,108,8,0,8,100,5104,304,0,0,0,0,108,0,0,0,0,299,9400
4011,W3,1,1,5,5,0,0,0,0,0,0,0,100,100,0,0,0,0,0,100,100,0,0.000000,0,9904,0.000000,0,0,0,0,108,8,0,8,100,5104,304,0,0,0,0,108,0,0,0,0,307,9400
4012,W3,1,1,5,5,0,0,0,0,0,0,0,100,100,0,0,0,0,0,100,100,0,0.000000,0,9904,0.000000,0,0,0,0,108,8,0,8,100,5104,304,0,0,0,0,108,0,0,0,0,328,9400
4013,W3,1,1,5,5,0,0,0,0,0,0,0,100,100,0,0,0,0,0,100,100,0,0.000000,0,9904,0.000000,0,0,0,0,108,8,0,8,100,5104,304,0,0,0,0,108,0,0,0,0,303,9400
4014,W3,1,1,5,5,0,0,0,0,0,0,0,100,100,0,0,0,0,0,100,100,0,0.000000,0,9904,0.000000,0,0,0,0,108,8,0,8,100,5104,304,0,0,0,0,108,0,0,0,0,328,9400
4015,W3,1,1,5,5,0,0,0,0,0,0,0,100,100,0,0,0,0,0,100,100,0,0.000000,0,9904,0.000000,0,0,0,0,108,8,0,8,100,5104,304,0,0,0,0,108,0,0,0,0,312,9400
4016,W3,1,1,5,5,0,0,0,0,0,0,0,100,100,0,0,0,0,0,100,100,0,0.000000,0,9904,0.000000,0,0,0,0,108,8,0,8,100,5104,304,0,0,0,0,108,0,0,0,0,321,9400
4017,W3,1,1,5,5,0,0,0,0,0,0,0,100,100,0,0,0,0,0,100,100,0,0.000000,0,9904,0.000000,0,0,0,0,108,8,0,8,100,5104,304,0,0,0,0,108,0,0,0,0,533,9400
4018,W3,1,1,5,5,0,0,0,0,0,0,0,100,100,0,0,0,0,0,100,100,0,0.000000,0,9904,0.000000,0,0,0,0,108,8,0,8,100,5104,304,0,0,0,0,108,0,0,0,0,305,9400
4019,W3,1,1,5,5,0,0,0,0,0,0,0,100,100,100,0,0,0,0,100,100,100,100.000000,1600,9904,16.155089,10,10,10,10,108,8,0,8,100,5104,304,0,0,0,0,108,0,0,0,0,340,9400
4020,W3,1,1,5,5,0,0,0,0,0,0,0,100,100,0,0,0,0,0,100,100,0,0.000000,0,9904,0.000000,0,0,0,0,108,8,0,8,100,5104,304,0,0,0,0,108,0,0,0,0,316,9400
4021,W3,1,1,5,5,0,0,0,0,0,0,0,100,100,0,0,0,0,0,100,100,0,0.000000,0,9904,0.000000,0,0,0,0,108,8,0,8,100,5104,304,0,0,0,0,108,0,0,0,0,318,9400
4022,W3,1,1,5,5,0,0,0,0,0,0,0,100,100,0,0,0,0,0,100,100,0,0.000000,0,9904,0.000000,0,0,0,0,108,8,0,8,100,5104,304,0,0,0,0,108,0,0,0,0,337,9400
4023,W3,1,1,5,5,0,0,0,0,0,0,0,100,100,0,0,0,0,0,100,100,0,0.000000,0,9904,0.000000,0,0,0,0,108,8,0,8,100,5104,304,0,0,0,0,108,0,0,0,0,299,9400
4024,W3,1,1,5,5,0,0,0,0,0,0,0,100,100,0,0,0,0,0,100,100,0,0.000000,0,9904,0.000000,0,0,0,0,108,8,0,8,100,5104,304,0,0,0,0,108,0,0,0,0,336,9400
4025,W3,1,1,5,5,0,0,0,0,0,0,0,100,100,0,0,0,0,0,100,100,0,0.000000,0,9904,0.000000,0,0,0,0,108,8,0,8,100,5104,304,0,0,0,0,108,0,0,0,0,300,9400
4026,W3,1,1,5,5,0,0,0,0,0,0,0,100,100,0,0,0,0,0,100,100,0,0.000000,0,9904,0.000000,0,0,0,0,108,8,0,8,100,5104,304,0,0,0,0,108,0,0,0,0,327,9400
4027,W3,1,1,5,5,0,0,0,0,0,0,0,100,100,0,0,0,0,0,100,100,0,0.000000,0,9904,0.000000,0,0,0,0,108,8,0,8,100,5104,304,0,0,0,0,108,0,0,0,0,306,9400
4028,W3,1,1,5,5,0,0,0,0,0,0,0,100,100,100,0,0,0,0,100,100,100,100.000000,1600,9904,16.155089,10,10,10,10,108,8,0,8,100,5104,304,0,0,0,0,108,0,0,0,0,294,9400
4029,W3,1,1,5,5,0,0,0,0,0,0,0,100,100,0,0,0,0,0,100,100,0,0.000000,0,9904,0.000000,0,0,0,0,108,8,0,8,100,5104,304,0,0,0,0,108,0,0,0,0,350,9400
4030,W3,1,1,5,5,0,0,0,0,0,0,0,100,100,0,0,0,0,0,100,100,0,0.000000,0,9904,0.000000,0,0,0,0,108,8,0,8,100,5104,304,0,0,0,0,108,0,0,0,0,322,9400
4031,W3,1,1,5,5,0,0,0,0,0,0,0,100,100,0,0,0,0,0,100,100,0,0.000000,0,9904,0.000000,0,0,0,0,108,8,0,8,100,5104,304,0,0,0,0,108,0,0,0,0,307,9400
4032,W3,1,1,5,5,0,0,0,0,0,0,0,100,100,0,0,0,0,0,100,100,0,0.000000,0,9904,0.000000,0,0,0,0,108,8,0,8,100,5104,304,0,0,0,0,108,0,0,0,0,284,9400
4033,W3,1,1,5,5,0,0,0,0,0,0,0,100,100,0,0,0,0,0,100,100,0,0.000000,0,9904,0.000000,0,0,0,0,108,8,0,8,100,5104,304,0,0,0,0,108,0,0,0,0,313,9400
4034,W3,1,1,5,5,0,0,0,0,0,0,0,100,100,0,0,0,0,0,100,100,0,0.000000,0,9904,0.000000,0,0,0,0,108,8,0,8,100,5104,304,0,0,0,0,108,0,0,0,0,301,9400
4035,W3,1,1,5,5,0,0,0,0,0,0,0,100,100,0,0,0,0,0,100,100,0,0.000000,0,9904,0.000000,0,0,0,0,108,8,0,8,100,5104,304,0,0,0,0,108,0,0,0,0,292,9400
4036,W3,1,1,5,5,0,0,0,0,0,0,0,100,100,0,0,0,0,0,100,100,0,0.000000,0,9904,0.000000,0,0,0,0,108,8,0,8,100,5104,304,0,0,0,0,108,0,0,0,0,298,9400
4037,W3,1,1,5,5,0,0,0,0,0,0,0,100,100,100,0,0,0,0,100,100,100,100.000000,1600,9904,16.155089,10,10,10,10,108,8,0,8,100,5104,304,0,0,0,0,108,0,0,0,0,323,9400
4038,W3,1,1,5,5,0,0,0,0,0,0,0,100,100,0,0,0,0,0,100,100,0,0.000000,0,9904,0.000000,0,0,0,0,108,8,0,8,100,5104,304,0,0,0,0,108,0,0,0,0,334,9400
4039,W3,1,1,5,5,0,0,0,0,0,0,0,100,100,0,0,0,0,0,100,100,0,0.000000,0,9904,0.000000,0,0,0,0,108,8,0,8,100,5104,304,0,0,0,0,108,0,0,0,0,298,9400
4040,W3,1,1,5,5,0,0,0,0,0,0,0,100,100,0,0,0,0,0,100,100,0,0.000000,0,9904,0.000000,0,0,0,0,108,8,0,8,100,5104,304,0,0,0,0,108,0,0,0,0,299,9400
4041,W3,1,1,5,5,0,0,0,0,0,0,0,100,100,0,0,0,0,0,100,100,0,0.000000,0,9904,0.000000,0,0,0,0,108,8,0,8,100,5104,304,0,0,0,0,108,0,0,0,0,325,9400
4042,W3,1,1,5,5,0,0,0,0,0,0,0,100,100,0,0,0,0,0,100,100,0,0.000000,0,9904,0.000000,0,0,0,0,108,8,0,8,100,5104,304,0,0,0,0,108,0,0,0,0,320,9400
4043,W3,1,1,5,5,0,0,0,0,0,0,0,100,100,0,0,0,0,0,100,100,0,0.000000,0,9904,0.000000,0,0,0,0,108,8,0,8,100,5104,304,0,0,0,0,108,0,0,0,0,294,9400
4044,W3,1,1,5,5,0,0,0,0,0,0,0,100,100,0,0,0,0,0,100,100,0,0.000000,0,9904,0.000000,0,0,0,0,108,8,0,8,100,5104,304,0,0,0,0,108,0,0,0,0,308,9400
4045,W3,1,1,5,5,0,0,0,0,0,0,0,100,100,0,0,0,0,0,100,100,0,0.000000,0,9904,0.000000,0,0,0,0,108,8,0,8,100,5104,304,0,0,0,0,108,0,0,0,0,282,9400
4046,W3,1,1,5,5,0,0,0,0,0,0,0,100,100,100,0,0,0,0,100,100,100,100.000000,1600,9904,16.155089,10,10,10,10,108,8,0,8,100,5104,304,0,0,0,0,108,0,0,0,0,292,9400
4047,W3,1,1,5,5,0,0,0,0,0,0,0,100,100,0,0,0,0,0,100,100,0,0.000000,0,9904,0.000000,0,0,0,0,108,8,0,8,100,5104,304,0,0,0,0,108,0,0,0,0,297,9400
4048,W3,1,1,5,5,0,0,0,0,0,0,0,100,100,0,0,0,0,0,100,100,0,0.000000,0,9904,0.000000,0,0,0,0,108,8,0,8,100,5104,304,0,0,0,0,108,0,0,0,0,314,9400
4049,W3,1,1,5,5,0,0,0,0,0,0,0,100,100,0,0,0,0,0,100,100,0,0.000000,0,9904,0.000000,0,0,0,0,108,8,0,8,100,5104,304,0,0,0,0,108,0,0,0,0,315,9400
4050,W3,1,1,5,5,0,0,0,0,0,0,0,100,100,0,0,0,0,0,100,100,0,0.000000,0,9904,0.000000,0,0,0,0,108,8,0,8,100,5104,304,0,0,0,0,108,0,0,0,0,311,9400
4051,W3,1,1,5,5,0,0,0,0,0,0,0,100,100,0,0,0,0,0,100,100,0,0.000000,0,9904,0.000000,0,0,0,0,108,8,0,8,100,5104,304,0,0,0,0,108,0,0,0,0,334,9400
4052,W3,1,1,5,5,0,0,0,0,0,0,0,100,100,0,0,0,0,0,100,100,0,0.000000,0,9904,0.000000,0,0,0,0,108,8,0,8,100,5104,304,0,0,0,0,108,0,0,0,0,314,9400
4053,W3,1,1,5,5,0,0,0,0,0,0,0,100,100,0,0,0,0,0,100,100,0,0.000000,0,9904,0.000000,0,0,0,0,108,8,0,8,100,5104,304,0,0,0,0,108,0,0,0,0,290,9400
4054,W3,1,1,5,5,0,0,0,0,0,0,0,100,100,0,0,0,0,0,100,100,0,0.000000,0,9904,0.000000,0,0,0,0,108,8,0,8,100,5104,304,0,0,0,0,108,0,0,0,0,324,9400
4055,W3,1,1,5,5,0,0,0,0,0,0,0,100,100,100,0,0,0,0,100,100,100,100.000000,1600,9904,16.155089,10,10,10,10,108,8,0,8,100,5104,304,0,0,0,0,108,0,0,0,0,302,9400
4056,W3,1,1,5,5,0,0,0,0,0,0,0,100,100,0,0,0,0,0,100,100,0,0.000000,0,9904,0.000000,0,0,0,0,108,8,0,8,100,5104,304,0,0,0,0,108,0,0,0,0,289,9400
4057,W3,1,1,5,5,0,0,0,0,0,0,0,100,100,0,0,0,0,0,100,100,0,0.000000,0,9904,0.000000,0,0,0,0,108,8,0,8,100,5104,304,0,0,0,0,108,0,0,0,0,281,9400
4058,W3,1,1,5,5,0,0,0,0,0,0,0,100,100,0,0,0,0,0,100,100,0,0.000000,0,9904,0.000000,0,0,0,0,108,8,0,8,100,5104,304,0,0,0,0,108,0,0,0,0,293,9400
4059,W3,1,1,5,5,0,0,0,0,0,0,0,100,100,0,0,0,0,0,100,100,0,0.000000,0,9904,0.000000,0,0,0,0,108,8,0,8,100,5104,304,0,0,0,0,108,0,0,0,0,288,9400
4060,W3,1,1,5,5,0,0,0,0,0,0,0,100,100,0,0,0,0,0,100,100,0,0.000000,0,9904,0.000000,0,0,0,0,108,8,0,8,100,5104,304,0,0,0,0,108,0,0,0,0,302,9400
4061,W3,1,1,5,5,0,0,0,0,0,0,0,100,100,0,0,0,0,0,100,100,0,0.000000,0,9904,0.000000,0,0,0,0,108,8,0,8,100,5104,304,0,0,0,0,108,0,0,0,0,318,9400
4062,W3,1,1,5,5,0,0,0,0,0,0,0,100,100,0,0,0,0,0,100,100,0,0.000000,0,9904,0.000000,0,0,0,0,108,8,0,8,100,5104,304,0,0,0,0,108,0,0,0,0,320,9400
4063,W3,1,1,5,5,0,0,0,0,0,0,0,100,100,0,0,0,0,0,100,100,0,0.000000,0,9904,0.000000,0,0,0,0,108,8,0,8,100,5104,304,0,0,0,0,108,0,0,0,0,298,9400
4064,W3,1,1,5,5,0,0,0,0,0,0,0,100,100,100,0,0,0,0,100,100,100,100.000000,1600,9904,16.155089,10,10,10,10,108,8,0,8,100,5104,304,0,0,0,0,108,0,0,0,0,308,9400
4065,W3,1,1,5,5,0,0,0,0,0,0,0,100,100,0,0,0,0,0,100,100,0,0.000000,0,9904,0.000000,0,0,0,0,108,8,0,8,100,5104,304,0,0,0,0,108,0,0,0,0,313,9400
4066,W3,1,1,5,5,0,0,0,0,0,0,0,100,100,0,0,0,0,0,100,100,0,0.000000,0,9904,0.000000,0,0,0,0,108,8,0,8,100,5104,304,0,0,0,0,108,0,0,0,0,337,9400
4067,W3,1,1,5,5,0,0,0,0,0,0,0,100,100,0,0,0,0,0,100,100,0,0.000000,0,9904,0.000000,0,0,0,0,108,8,0,8,100,5104,304,0,0,0,0,108,0,0,0,0,284,9400
4068,W3,1,1,5,5,0,0,0,0,0,0,0,100,100,0,0,0,0,0,100,100,0,0.000000,0,9904,0.000000,0,0,0,0,108,8,0,8,100,5104,304,0,0,0,0,108,0,0,0,0,289,9400
4069,W3,1,1,5,5,0,0,0,0,0,0,0,100,100,0,0,0,0,0,100,100,0,0.000000,0,9904,0.000000,0,0,0,0,108,8,0,8,100,5104,304,0,0,0,0,108,0,0,0,0,304,9400
4070,W3,1,1,5,5,0,0,0,0,0,0,0,100,100,0,0,0,0,0,100,100,0,0.000000,0,9904,0.000000,0,0,0,0,108,8,0,8,100,5104,304,0,0,0,0,108,0,0,0,0,323,9400
4071,W3,1,1,5,5,0,0,0,0,0,0,0,100,100,0,0,0,0,0,100,100,0,0.000000,0,9904,0.000000,0,0,0,0,108,8,0,8,100,5104,304,0,0,0,0,108,0,0,0,0,300,9400
4072,W3,1,1,5,5,0,0,0,0,0,0,0,100,100,0,0,0,0,0,100,100,0,0.000000,0,9904,0.000000,0,0,0,0,108,8,0,8,100,5104,304,0,0,0,0,108,0,0,0,0,317,9400
4073,W3,1,1,5,5,0,0,0,0,0,0,0,100,100,100,0,0,0,0,100,100,100,100.000000,1600,9904,16.155089,10,10,10,10,108,8,0,8,100,5104,304,0,0,0,0,108,0,0,0,0,356,9400
4074,W3,1,1,5,5,0,0,0,0,0,0,0,100,100,0,0,0,0,0,100,100,0,0.000000,0,9904,0.000000,0,0,0,0,108,8,0,8,100,5104,304,0,0,0,0,108,0,0,0,0,332,9400
4075,W3,1,1,5,5,0,0,0,0,0,0,0,100,100,0,0,0,0,0,100,100,0,0.000000,0,9904,0.000000,0,0,0,0,108,8,0,8,100,5104,304,0,0,0,0,108,0,0,0,0,306,9400
4076,W3,1,1,5,5,0,0,0,0,0,0,0,100,100,0,0,0,0,0,100,100,0,0.000000,0,9904,0.000000,0,0,0,0,108,8,0,8,100,5104,304,0,0,0,0,108,0,0,0,0,344,9400
4077,W3,1,1,5,5,0,0,0,0,0,0,0,100,100,0,0,0,0,0,100,100,0,0.000000,0,9904,0.000000,0,0,0,0,108,8,0,8,100,5104,304,0,0,0,0,108,0,0,0,0,301,9400
4078,W3,1,1,5,5,0,0,0,0,0,0,0,100,100,0,0,0,0,0,100,100,0,0.000000,0,9904,0.000000,0,0,0,0,108,8,0,8,100,5104,304,0,0,0,0,108,0,0,0,0,300,9400
4079,W3,1,1,5,5,0,0,0,0,0,0,0,100,100,0,0,0,0,0,100,100,0,0.000000,0,9904,0.000000,0,0,0,0,108,8,0,8,100,5104,304,0,0,0,0,108,0,0,0,0,324,9400
4080,W3,1,1,5,5,0,0,0,0,0,0,0,100,100,0,0,0,0,0,100,100,0,0.000000,0,9904,0.000000,0,0,0,0,108,8,0,8,100,5104,304,0,0,0,0,108,0,0,0,0,310,9400
4081,W3,1,1,5,5,0,0,0,0,0,0,0,100,100,0,0,0,0,0,100,100,0,0.000000,0,9904,0.000000,0,0,0,0,108,8,0,8,100,5104,304,0,0,0,0,108,0,0,0,0,343,9400
4082,W3,1,1,5,5,0,0,0,0,0,0,0,100,100,100,0,0,0,0,100,100,100,100.000000,1600,9904,16.155089,10,10,10,10,108,8,0,8,100,5104,304,0,0,0,0,108,0,0,0,0,317,9400
4083,W3,1,1,5,5,0,0,0,0,0,0,0,100,100,0,0,0,0,0,100,100,0,0.000000,0,9904,0.000000,0,0,0,0,108,8,0,8,100,5104,304,0,0,0,0,108,0,0,0,0,317,9400
4084,W3,1,1,5,5,0,0,0,0,0,0,0,100,100,0,0,0,0,0,100,100,0,0.000000,0,9904,0.000000,0,0,0,0,108,8,0,8,100,5104,304,0,0,0,0,108,0,0,0,0,308,9400
4085,W3,1,1,5,5,0,0,0,0,0,0,0,100,100,0,0,0,0,0,100,100,0,0.000000,0,9904,0.000000,0,0,0,0,108,8,0,8,100,5104,304,0,0,0,0,108,0,0,0,0,299,9400
4086,W3,1,1,5,5,0,0,0,0,0,0,0,100,100,0,0,0,0,0,100,100,0,0.000000,0,9904,0.000000,0,0,0,0,108,8,0,8,100,5104,304,0,0,0,0,108,0,0,0,0,334,9400
4087,W3,1,1,5,5,0,0,0,0,0,0,0,100,100,0,0,0,0,0,100,100,0,0.000000,0,9904,0.000000,0,0,0,0,108,8,0,8,100,5104,304,0,0,0,0,108,0,0,0,0,322,9400
4088,W3,1,1,5,5,0,0,0,0,0,0,0,100,100,0,0,0,0,0,100,100,0,0.000000,0,9904,0.000000,0,0,0,0,108,8,0,8,100,5104,304,0,0,0,0,108,0,0,0,0,308,9400
4089,W3,1,1,5,5,0,0,0,0,0,0,0,100,100,0,0,0,0,0,100,100,0,0.000000,0,9904,0.000000,0,0,0,0,108,8,0,8,100,5104,304,0,0,0,0,108,0,0,0,0,305,9400
4090,W3,1,1,5,5,0,0,0,0,0,0,0,100,100,0,0,0,0,0,100,100,0,0.000000,0,9904,0.000000,0,0,0,0,108,8,0,8,100,5104,304,0,0,0,0,108,0,0,0,0,347,9400
4091,W3,1,1,5,5,0,0,0,0,0,0,0,100,100,100,0,0,0,0,100,100,100,100.000000,1600,9904,16.155089,10,10,10,10,108,8,0,8,100,5104,304,0,0,0,0,108,0,0,0,0,328,9400
4092,W3,1,1,5,5,0,0,0,0,0,0,0,100,100,0,0,0,0,0,100,100,0,0.000000,0,9904,0.000000,0,0,0,0,108,8,0,8,100,5104,304,0,0,0,0,108,0,0,0,0,316,9400
4093,W3,1,1,5,5,0,0,0,0,0,0,0,100,100,0,0,0,0,0,100,100,0,0.000000,0,9904,0.000000,0,0,0,0,108,8,0,8,100,5104,304,0,0,0,0,108,0,0,0,0,311,9400
4094,W3,1,1,5,5,0,0,0,0,0,0,0,100,100,0,0,0,0,0,100,100,0,0.000000,0,9904,0.000000,0,0,0,0,108,8,0,8,100,5104,304,0,0,0,0,108,0,0,0,0,308,9400
4095,W3,1,1,5,5,0,0,0,0,0,0,0,100,100,0,0,0,0,0,100,100,0,0.000000,0,9904,0.000000,0,0,0,0,108,8,0,8,100,5104,304,0,0,0,0,108,0,0,0,0,294,9400
4096,W3,1,1,5,5,0,0,0,0,0,0,0,100,100,0,0,0,0,0,100,100,0,0.000000,0,9904,0.000000,0,0,0,0,108,8,0,8,100,5104,304,0,0,0,0,108,0,0,0,0,295,9400
