node_id,wire_profile,degree,admitted,routes_current,routes_hwm,discoveries_hwm,candidates_hwm,q0_hwm,q1_hwm,pending_q1_hwm,paths_hwm,flows_hwm,app_generated,app_accepted,origin_delivered,duplicate_deliveries,q0_generated,q0_accepted,q0_delivered,q1_generated,q1_accepted,q1_delivered,delivery_pct,payload_delivered_bytes,origin_wire_bytes,wire_efficiency_pct,latency_p50_ms,latency_p95_ms,latency_p99_ms,latency_max_ms,frames_tx,frames_rx,forwarded_frames_tx,control_frames_tx,business_frames_tx,wire_bytes_tx,wire_bytes_rx,no_space,no_route,link_down,other_rejected,core_tx_sent,core_rx_delivered,route_requests_sent,route_errors_sent,control_budget_dropped,host_work_us,node_storage_bytes
1,W2,3,3,8,8,0,0,0,0,0,0,0,410,410,0,0,10,10,0,400,400,0,0.000000,0,49976,0.000000,0,0,0,0,848,1305,409,42,806,49884,76858,0,0,0,0,848,388,0,0,0,2753,9400
2,W2,4,4,8,8,1,0,0,0,4,0,0,410,370,0,0,10,10,0,400,360,0,0.000000,0,4770,0.000000,0,0,0,0,894,3045,822,93,801,51454,180921,40,0,0,0,894,394,9,0,40,4027,9400
3,W2,4,4,8,8,0,0,0,0,0,0,0,410,410,0,0,10,10,0,400,400,0,0.000000,0,49800,0.000000,0,0,0,0,467,1334,21,57,410,26641,78052,0,0,0,0,467,385,0,0,0,1574,9400
4,W2,4,4,8,8,1,0,0,0,4,0,0,410,370,0,0,10,10,0,400,360,0,0.000000,0,5402,0.000000,0,0,0,0,483,2180,412,88,395,26905,129229,40,0,0,0,483,393,9,0,40,2667,9400
5,W2,4,4,8,8,1,0,0,0,4,0,0,410,370,0,0,10,10,0,400,360,0,0.000000,0,5371,0.000000,0,0,0,0,497,1817,427,97,400,27528,106864,40,0,0,0,497,394,9,0,40,2422,9400
6,W2,4,4,8,8,1,0,0,0,4,0,0,410,370,0,0,10,10,0,400,360,0,0.000000,0,6681,0.000000,0,0,0,0,497,2624,431,97,400,27506,155459,40,0,0,0,497,785,9,0,40,2763,9400
7,W2,4,4,8,8,0,0,0,0,0,0,0,410,410,388,0,10,10,10,400,400,378,94.634146,12416,49912,24.875781,20,20,30,30,1260,3082,816,49,1211,74411,183148,0,0,0,0,1260,396,0,0,0,3603,9400
8,W2,4,4,8,8,1,0,0,0,4,0,0,410,370,0,0,10,10,0,400,360,0,0.000000,0,4726,0.000000,0,0,0,0,484,951,412,89,395,26939,55096,40,0,0,0,484,0,9,0,40,1588,9400
9,W2,4,4,8,8,1,0,0,0,4,0,0,410,370,0,0,10,10,0,400,360,0,0.000000,0,9233,0.000000,0,0,0,0,889,3442,818,89,800,51218,205107,40,0,0,0,889,775,9,0,40,3867,9400
10,W2,4,4,8,8,1,0,0,0,4,0,0,410,370,0,0,10,10,0,400,360,0,0.000000,0,4292,0.000000,0,0,0,0,90,523,19,90,0,3272,29149,40,0,0,0,90,0,9,0,40,770,9400
11,W2,4,4,8,8,0,0,0,0,0,0,0,410,410,0,0,10,10,0,400,400,0,0.000000,0,49530,0.000000,0,0,0,0,469,2209,26,59,410,26718,130198,0,0,0,0,469,782,0,0,0,2080,9400
12,W2,4,4,8,8,1,0,0,0,4,0,0,410,370,0,0,10,10,0,400,360,0,0.000000,0,5513,0.000000,0,0,0,0,1276,2199,1205,77,1199,74724,130149,40,0,0,0,1276,387,9,0,40,3257,9400
13,W2,4,4,8,8,1,0,0,0,4,0,0,410,370,0,0,10,10,0,400,360,0,0.000000,0,5605,0.000000,0,0,0,0,503,3424,436,102,401,27755,203666,40,0,0,0,503,1558,9,0,40,3460,9400
14,W2,4,4,8,8,1,0,0,0,4,0,0,410,370,0,0,10,10,0,400,360,0,0.000000,0,5417,0.000000,0,0,0,0,509,4299,441,107,402,27983,256268,40,0,0,0,509,784,9,0,40,3815,9400
15,W2,4,4,8,8,0,0,0,0,0,0,0,410,410,0,0,10,10,0,400,400,0,0.000000,0,49688,0.000000,0,0,0,0,867,3872,425,53,814,50705,230600,0,0,0,0,867,1173,0,0,0,3670,9400
16,W2,4,4,8,8,1,0,0,0,4,0,0,410,370,0,0,10,10,0,400,360,0,0.000000,0,5639,0.000000,0,0,0,0,109,3862,41,109,0,3951,229861,40,0,0,0,109,1566,9,0,40,3288,9400
17,W2,4,4,8,8,0,0,0,0,0,0,0,410,410,394,0,10,10,8,400,400,386,96.097561,12608,49654,25.391711,20,20,30,30,876,4331,435,67,809,50926,258076,0,0,0,0,876,780,0,0,0,3942,9400
18,W2,4,4,8,8,1,0,0,0,4,0,0,410,370,0,0,10,10,0,400,360,0,0.000000,0,6382,0.000000,0,0,0,0,1279,4727,1212,79,1200,74830,282233,40,0,0,0,1279,1184,9,0,40,4871,9400
19,W2,4,4,8,8,1,0,0,0,4,0,0,410,370,0,0,10,10,0,400,360,0,0.000000,0,6015,0.000000,0,0,0,0,499,4247,433,102,397,27504,253277,40,0,0,0,499,1171,9,0,40,3819,9400
20,W2,4,4,8,8,1,0,0,0,4,0,0,410,370,0,0,10,10,0,400,360,0,0.000000,0,7082,0.000000,0,0,0,0,876,4660,808,80,796,50624,278495,40,0,0,0,876,1165,9,0,40,4400,9400
21,W2,4,4,8,8,0,0,0,0,0,0,0,410,410,0,0,10,10,0,400,400,0,0.000000,0,49534,0.000000,0,0,0,0,1267,4301,826,54,1213,74699,256782,0,0,0,0,1267,774,0,0,0,4164,9400
22,W2,4,4,8,8,0,0,0,0,0,0,0,410,410,0,0,10,10,0,400,400,0,0.000000,0,49868,0.000000,0,0,0,0,880,4285,438,67,813,51177,255569,0,0,0,0,880,778,0,0,0,3764,9400
23,W2,4,4,8,8,0,0,0,0,0,0,0,410,410,0,0,10,10,0,400,400,0,0.000000,0,49388,0.000000,0,0,0,0,486,3863,44,76,410,27330,229856,0,0,0,0,486,780,0,0,0,3104,9400
24,W2,4,4,8,8,1,0,0,0,4,0,0,410,370,0,0,10,10,0,400,360,0,0.000000,0,5193,0.000000,0,0,0,0,509,2632,438,104,405,28073,155877,40,0,0,0,509,395,9,0,40,2659,9400
25,W2,4,4,8,8,1,0,0,0,4,0,0,410,370,0,0,10,10,0,400,360,0,0.000000,0,4839,0.000000,0,0,0,0,110,2627,40,110,0,3995,155426,40,0,0,0,110,0,9,0,40,2135,9400
26,W2,4,4,8,8,1,0,0,0,4,0,0,410,370,0,0,10,10,0,400,360,0,0.000000,0,6305,0.000000,0,0,0,0,883,4679,815,92,791,50789,279334,40,0,0,0,883,1159,9,0,40,4617,9400
27,W2,4,4,8,8,0,0,0,0,0,0,0,410,410,0,0,10,10,0,400,400,0,0.000000,0,49748,0.000000,0,0,0,0,870,4269,428,62,808,50678,254532,0,0,0,0,870,1168,0,0,0,3993,9400
28,W2,4,4,8,8,0,0,0,0,0,0,0,410,410,385,0,10,10,9,400,400,376,93.902439,12320,49628,24.824696,20,20,30,30,1654,5121,1212,44,1610,98132,306028,0,0,0,0,1654,786,0,0,0,5077,9400
29,W2,4,4,8,8,1,0,0,0,4,0,0,410,370,0,0,10,10,0,400,360,0,0.000000,0,5420,0.000000,0,0,0,0,113,3864,46,113,0,4095,229993,40,0,0,0,113,1164,9,0,40,3210,9400
30,W2,4,4,8,8,1,0,0,0,4,0,0,410,370,0,0,10,10,0,400,360,0,0.000000,0,6749,0.000000,0,0,0,0,504,4306,436,99,405,27874,256718,40,0,0,0,504,1568,9,0,40,3805,9400
31,W2,4,4,8,8,1,0,0,0,4,0,0,410,370,0,0,10,10,0,400,360,0,0.000000,0,5272,0.000000,0,0,0,0,111,3861,44,111,0,4028,229827,40,0,0,0,111,1165,9,0,40,3050,9400
32,W2,4,4,8,8,1,0,0,0,4,0,0,410,370,0,0,10,10,0,400,360,0,0.000000,0,6083,0.000000,0,0,0,0,878,4670,810,85,793,50643,278991,40,0,0,0,878,1155,9,0,40,4355,9400
33,W2,4,4,8,8,1,0,0,0,4,0,0,410,370,0,0,10,10,0,400,360,0,0.000000,0,7415,0.000000,0,0,0,0,1266,5105,1198,71,1195,74231,305272,40,0,0,0,1266,1165,9,0,40,5052,9400
34,W2,4,4,8,8,1,0,0,0,4,0,0,410,370,0,0,10,10,0,400,360,0,0.000000,0,5272,0.000000,0,0,0,0,100,3832,33,100,0,3607,228231,40,0,0,0,100,1556,9,0,40,3195,9400
35,W2,4,4,8,8,0,0,0,0,0,0,0,410,410,0,0,10,10,0,400,400,0,0.000000,0,49568,0.000000,0,0,0,0,884,4295,442,76,808,51210,256195,0,0,0,0,884,794,0,0,0,3674,9400
36,W2,4,4,8,8,0,0,0,0,0,0,0,410,410,0,0,10,10,0,400,400,0,0.000000,0,49688,0.000000,0,0,0,0,492,3869,50,82,410,27552,230382,0,0,0,0,492,787,0,0,0,3403,9400
37,W2,4,4,8,8,0,0,0,0,0,0,0,410,410,393,0,10,10,10,400,400,383,95.853659,12576,49748,25.279408,20,20,30,30,882,4303,440,74,808,51122,256580,0,0,0,0,882,775,0,0,0,4081,9400
38,W2,4,4,8,8,1,0,0,0,4,0,0,410,370,0,0,10,10,0,400,360,0,0.000000,0,5272,0.000000,0,0,0,0,500,4257,433,100,400,27607,253675,40,0,0,0,500,1561,9,0,40,4299,9400
39,W2,4,4,8,8,0,0,0,0,0,0,0,410,410,0,0,10,10,0,400,400,0,0.000000,0,49748,0.000000,0,0,0,0,1648,5178,1206,47,1601,97703,309411,0,0,0,0,1648,1182,0,0,0,5295,9400
40,W2,4,4,8,8,1,0,0,0,4,0,0,410,370,0,0,10,10,0,400,360,0,0.000000,0,4794,0.000000,0,0,0,0,1273,5135,1207,75,1198,74565,306874,40,0,0,0,1273,1570,9,0,40,5369,9400
41,W2,4,4,8,8,1,0,0,0,4,0,0,410,370,0,0,10,10,0,400,360,0,0.000000,0,5417,0.000000,0,0,0,0,1286,5182,1218,77,1209,75293,309553,40,0,0,0,1286,1178,9,0,40,5317,9400
42,W2,4,4,8,8,1,0,0,0,4,0,0,410,370,0,0,10,10,0,400,360,0,0.000000,0,4973,0.000000,0,0,0,0,1269,4662,1201,77,1192,74273,278454,40,0,0,0,1269,1161,9,0,40,5025,9400
43,W2,4,4,8,8,0,0,0,0,0,0,0,410,410,394,0,10,10,10,400,400,384,96.097561,12608,49808,25.313203,20,20,30,30,1648,5154,1206,41,1607,97841,307778,0,0,0,0,1648,1164,0,0,0,5176,9400
44,W2,4,4,8,8,0,0,0,0,0,0,0,410,410,0,0,10,10,0,400,400,0,0.000000,0,49894,0.000000,0,0,0,0,1260,4665,819,49,1211,74380,278651,0,0,0,0,1260,1164,0,0,0,4597,9400
45,W2,4,4,8,8,1,0,0,0,4,0,0,410,370,0,0,10,10,0,400,360,0,0.000000,0,4717,0.000000,0,0,0,0,1272,5134,1205,67,1205,74686,307041,40,0,0,0,1272,1163,9,0,40,5155,9400
46,W2,4,4,8,8,1,0,0,0,4,0,0,410,370,0,0,10,10,0,400,360,0,0.000000,0,4606,0.000000,0,0,0,0,1271,5114,1204,67,1204,74626,305795,40,0,0,0,1271,1562,9,0,40,5126,9400
47,W2,4,4,8,8,1,0,0,0,4,0,0,410,370,0,0,10,10,0,400,360,0,0.000000,0,5605,0.000000,0,0,0,0,1284,5131,1217,79,1205,75130,306516,40,0,0,0,1284,1551,9,0,40,5135,9400
48,W2,4,4,8,8,1,0,0,0,4,0,0,410,370,0,0,10,10,0,400,360,0,0.000000,0,4905,0.000000,0,0,0,0,1279,5142,1213,78,1201,74856,307238,40,0,0,0,1279,1174,9,0,40,4977,9400
49,W2,4,4,8,8,1,0,0,0,4,0,0,410,370,0,0,10,10,0,400,360,0,0.000000,0,4973,0.000000,0,0,0,0,1282,5153,1214,80,1202,74984,307751,40,0,0,0,1282,1159,9,0,40,5069,9400
50,W2,4,4,8,8,0,0,0,0,0,0,0,410,410,0,0,10,10,0,400,400,0,0.000000,0,49628,0.000000,0,0,0,0,1646,5134,1204,38,1608,97790,306857,0,0,0,0,1646,1171,0,0,0,5076,9400
51,W2,4,4,8,8,1,0,0,0,4,0,0,410,370,0,0,10,10,0,400,360,0,0.000000,0,5861,0.000000,0,0,0,0,1272,5162,1204,68,1204,74660,308632,40,0,0,0,1272,1576,9,0,40,5288,9400
52,W2,4,4,8,8,1,0,0,0,4,0,0,410,370,0,0,10,10,0,400,360,0,0.000000,0,4862,0.000000,0,0,0,0,1279,5129,1211,77,1202,74873,306672,40,0,0,0,1279,1164,9,0,40,5192,9400
53,W2,4,4,8,8,0,0,0,0,0,0,0,410,410,395,0,10,10,9,400,400,386,96.341463,12640,49868,25.346916,20,20,30,30,1266,4741,824,59,1207,74507,283125,0,0,0,0,1266,785,0,0,0,4241,9400
54,W2,4,4,8,8,0,0,0,0,0,0,0,410,410,0,0,10,10,0,400,400,0,0.000000,0,49268,0.000000,0,0,0,0,1660,5108,1218,50,1610,98354,305323,0,0,0,0,1660,777,0,0,0,4855,9400
55,W2,4,4,8,8,0,0,0,0,0,0,0,410,410,0,0,10,10,0,400,400,0,0.000000,0,49894,0.000000,0,0,0,0,1656,5125,1215,46,1610,98209,306242,0,0,0,0,1656,794,0,0,0,4950,9400
56,W2,4,4,8,8,1,0,0,0,4,0,0,410,370,0,0,10,10,0,400,360,0,0.000000,0,4751,0.000000,0,0,0,0,1279,5183,1211,77,1202,74873,309679,40,0,0,0,1279,1556,9,0,40,5244,9400
57,W2,4,4,8,8,0,0,0,0,0,0,0,410,410,390,0,10,10,10,400,400,380,95.121951,12480,49508,25.208047,20,20,30,30,1647,5118,1205,41,1606,97781,305673,0,0,0,0,1647,1162,0,0,0,5073,9400
58,W2,4,4,8,8,1,0,0,0,4,0,0,410,370,0,0,10,10,0,400,360,0,0.000000,0,4973,0.000000,0,0,0,0,1271,5194,1203,77,1194,74393,310394,40,0,0,0,1271,1173,9,0,40,5070,9400
59,W2,4,4,8,8,0,0,0,0,0,0,0,410,410,0,0,10,10,0,400,400,0,0.000000,0,49320,0.000000,0,0,0,0,1643,5147,1203,39,1604,97593,307715,0,0,0,0,1643,1165,0,0,0,4971,9400
60,W2,4,4,8,8,0,0,0,0,0,0,0,410,410,0,0,10,10,0,400,400,0,0.000000,0,49748,0.000000,0,0,0,0,1653,4722,1211,44,1609,98072,282100,0,0,0,0,1653,775,0,0,0,4689,9400
61,W2,4,4,8,8,1,0,0,0,4,0,0,410,370,0,0,10,10,0,400,360,0,0.000000,0,4973,0.000000,0,0,0,0,1275,5082,1207,80,1195,74564,303878,40,0,0,0,1275,1171,9,0,40,4969,9400
62,W2,4,4,8,8,0,0,0,0,0,0,0,410,410,396,0,10,10,8,400,400,388,96.585366,12672,49808,25.441696,20,20,30,30,1635,4995,1193,32,1603,97268,298658,0,0,0,0,1635,773,0,0,0,4783,9400
63,W2,4,4,8,8,1,0,0,0,4,0,0,410,370,0,0,10,10,0,400,360,0,0.000000,0,5272,0.000000,0,0,0,0,1277,5158,1210,67,1210,74986,308557,40,0,0,0,1277,1557,9,0,40,5081,9400
64,W2,4,4,8,8,0,0,0,0,0,0,0,410,410,0,0,10,10,0,400,400,0,0.000000,0,49748,0.000000,0,0,0,0,1251,4709,809,41,1210,74021,281233,0,0,0,0,1251,1187,0,0,0,4367,9400
65,W2,4,4,8,8,1,0,0,0,4,0,0,410,370,0,0,10,10,0,400,360,0,0.000000,0,5639,0.000000,0,0,0,0,1276,5113,1208,68,1208,74900,305726,40,0,0,0,1276,1159,9,0,40,5000,9400
66,W2,4,4,8,8,0,0,0,0,0,0,0,410,410,0,0,10,10,0,400,400,0,0.000000,0,49834,0.000000,0,0,0,0,1654,5132,1213,40,1614,98227,306887,0,0,0,0,1654,781,0,0,0,4954,9400
67,W2,4,4,8,8,1,0,0,0,4,0,0,410,370,0,0,10,10,0,400,360,0,0.000000,0,5639,0.000000,0,0,0,0,1281,5160,1213,77,1204,74993,308457,40,0,0,0,1281,788,9,0,40,4936,9400
68,W2,4,4,8,8,1,0,0,0,4,0,0,410,370,0,0,10,10,0,400,360,0,0.000000,0,4717,0.000000,0,0,0,0,1268,5128,1201,67,1201,74446,306471,40,0,0,0,1268,1547,9,0,40,5008,9400
69,W2,4,4,8,8,1,0,0,0,4,0,0,410,370,0,0,10,10,0,400,360,0,0.000000,0,5084,0.000000,0,0,0,0,1270,5102,1202,68,1202,74540,304957,40,0,0,0,1270,1565,9,0,40,5087,9400
70,W2,4,4,8,8,1,0,0,0,4,0,0,410,370,0,0,10,10,0,400,360,0,0.000000,0,4973,0.000000,0,0,0,0,1275,5108,1207,68,1207,74840,305310,40,0,0,0,1275,1181,9,0,40,5062,9400
71,W2,4,4,8,8,1,0,0,0,4,0,0,410,370,0,0,10,10,0,400,360,0,0.000000,0,5306,0.000000,0,0,0,0,1284,5129,1216,77,1207,75173,306468,40,0,0,0,1284,1559,9,0,40,5104,9400
72,W2,4,4,8,8,1,0,0,0,4,0,0,410,370,0,0,10,10,0,400,360,0,0.000000,0,4751,0.000000,0,0,0,0,507,4098,439,106,401,27900,244116,40,0,0,0,507,783,9,0,40,3598,9400
73,W2,4,4,8,8,0,0,0,0,0,0,0,410,410,0,0,10,10,0,400,400,0,0.000000,0,49988,0.000000,0,0,0,0,877,4325,435,65,812,51029,257748,0,0,0,0,877,779,0,0,0,3714,9400
74,W2,4,4,8,8,1,0,0,0,4,0,0,410,370,0,0,10,10,0,400,360,0,0.000000,0,5383,0.000000,0,0,0,0,1283,5169,1216,73,1210,75208,308923,40,0,0,0,1283,1564,9,0,40,5142,9400
75,W2,4,4,8,8,1,0,0,0,4,0,0,410,370,0,0,10,10,0,400,360,0,0.000000,0,4418,0.000000,0,0,0,0,104,3849,36,104,0,3752,228897,40,0,0,0,104,1167,9,0,40,3093,9400
76,W2,4,4,8,8,1,0,0,0,4,0,0,410,370,0,0,10,10,0,400,360,0,0.000000,0,5528,0.000000,0,0,0,0,1279,5146,1211,74,1205,74942,307348,40,0,0,0,1279,1957,9,0,40,5249,9400
77,W2,4,4,8,8,1,0,0,0,4,0,0,410,370,0,0,10,10,0,400,360,0,0.000000,0,4862,0.000000,0,0,0,0,1271,5121,1203,77,1194,74393,306029,40,0,0,0,1271,1166,9,0,40,4939,9400
78,W2,4,4,8,8,0,0,0,0,0,0,0,410,410,0,0,10,10,0,400,400,0,0.000000,0,49328,0.000000,0,0,0,0,1644,4692,1202,44,1600,97532,280107,0,0,0,0,1644,1164,0,0,0,4788,9400
79,W2,4,4,8,8,0,0,0,0,0,0,0,410,410,389,0,10,10,8,400,400,381,94.878049,12448,49440,25.177994,20,20,30,30,1656,5118,1216,42,1614,98304,305857,0,0,0,0,1656,1153,0,0,0,5019,9400
80,W2,4,4,8,8,1,0,0,0,4,0,0,410,370,0,0,10,10,0,400,360,0,0.000000,0,4751,0.000000,0,0,0,0,1278,5165,1210,77,1201,74813,308881,40,0,0,0,1278,1168,9,0,40,5084,9400
81,W2,4,4,8,8,1,0,0,0,4,0,0,410,370,0,0,10,10,0,400,360,0,0.000000,0,7714,0.000000,0,0,0,0,1269,5145,1202,67,1202,74506,307782,40,0,0,0,1269,1167,9,0,40,4961,9400
82,W2,4,4,8,8,0,0,0,0,0,0,0,410,410,0,0,10,10,0,400,400,0,0.000000,0,49568,0.000000,0,0,0,0,1651,4313,1209,47,1604,97883,257508,0,0,0,0,1651,791,0,0,0,4531,9400
83,W2,4,4,8,8,0,0,0,0,0,0,0,410,410,0,0,10,10,0,400,400,0,0.000000,0,49654,0.000000,0,0,0,0,1646,5066,1205,40,1606,97747,303010,0,0,0,0,1646,1161,0,0,0,4939,9400
84,W2,4,4,8,8,0,0,0,0,0,0,0,410,410,386,0,10,10,9,400,400,377,94.146341,12352,49568,24.919303,20,20,30,30,1665,5111,1223,41,1624,98861,305762,0,0,0,0,1665,1185,0,0,0,4956,9400
85,W2,4,4,8,8,0,0,0,0,0,0,0,410,410,0,0,10,10,0,400,400,0,0.000000,0,49774,0.000000,0,0,0,0,1651,4335,1210,40,1611,98047,258871,0,0,0,0,1651,1166,0,0,0,4883,9400
86,W2,4,4,8,8,1,0,0,0,4,0,0,410,370,0,0,10,10,0,400,360,0,0.000000,0,4569,0.000000,0,0,0,0,1264,5110,1197,76,1188,73999,305138,40,0,0,0,1264,1163,9,0,40,5058,9400
87,W2,4,4,8,8,1,0,0,0,4,0,0,410,370,0,0,10,10,0,400,360,0,0.000000,0,5050,0.000000,0,0,0,0,1276,4811,1209,79,1197,74650,287469,40,0,0,0,1276,492,9,0,40,4798,9400
88,W2,4,4,8,8,1,0,0,0,4,0,0,410,370,0,0,10,10,0,400,360,0,0.000000,0,5195,0.000000,0,0,0,0,1278,5176,1210,74,1204,74882,309073,40,0,0,0,1278,1558,9,0,40,5156,9400
89,W2,4,4,8,8,0,0,0,0,0,0,0,410,410,0,0,10,10,0,400,400,0,0.000000,0,49988,0.000000,0,0,0,0,1665,5183,1223,47,1618,98723,309711,0,0,0,0,1665,783,0,0,0,4905,9400
90,W2,4,4,8,8,1,0,0,0,4,0,0,410,370,0,0,10,10,0,400,360,0,0.000000,0,4973,0.000000,0,0,0,0,1278,5168,1210,77,1201,74813,308890,40,0,0,0,1278,1179,9,0,40,4990,9400
91,W2,4,4,8,8,1,0,0,0,4,0,0,410,370,0,0,10,10,0,400,360,0,0.000000,0,4973,0.000000,0,0,0,0,1270,5131,1202,77,1193,74333,306654,40,0,0,0,1270,1557,9,0,40,5263,9400
92,W2,4,4,8,8,1,0,0,0,4,0,0,410,370,0,0,10,10,0,400,360,0,0.000000,0,5084,0.000000,0,0,0,0,1278,5107,1210,80,1198,74744,305060,40,0,0,0,1278,1165,9,0,40,4981,9400
93,W2,4,4,8,8,1,0,0,0,4,0,0,410,370,0,0,10,10,0,400,360,0,0.000000,0,4973,0.000000,0,0,0,0,1281,5176,1213,80,1201,74924,309151,40,0,0,0,1281,1175,9,0,40,4836,9400
94,W2,4,4,8,8,1,0,0,0,4,0,0,410,370,0,0,10,10,0,400,360,0,0.000000,0,5306,0.000000,0,0,0,0,1279,5107,1211,77,1202,74873,305047,40,0,0,0,1279,1175,9,0,40,5001,9400
95,W2,4,4,8,8,0,0,0,0,0,0,0,410,410,387,0,10,10,9,400,400,378,94.390244,12384,49388,25.074917,20,20,30,30,1650,4526,1208,47,1603,97823,270288,0,0,0,0,1650,578,0,0,0,4438,9400
96,W2,4,4,8,8,1,0,0,0,4,0,0,410,370,0,0,10,10,0,400,360,0,0.000000,0,7230,0.000000,0,0,0,0,1276,5140,1208,80,1196,74624,307257,40,0,0,0,1276,1178,9,0,40,5021,9400
97,W2,4,4,8,8,0,0,0,0,0,0,0,410,410,0,0,10,10,0,400,400,0,0.000000,0,49568,0.000000,0,0,0,0,1653,5130,1211,47,1606,98003,306594,0,0,0,0,1653,776,0,0,0,4886,9400
98,W2,4,4,8,8,0,0,0,0,0,0,0,410,410,395,0,10,10,10,400,400,385,96.341463,12640,49868,25.346916,20,20,30,30,1657,5130,1215,44,1613,98312,306637,0,0,0,0,1657,1179,0,0,0,4911,9400
99,W2,4,4,8,8,0,0,0,0,0,0,0,410,410,0,0,10,10,0,400,400,0,0.000000,0,49594,0.000000,0,0,0,0,1654,5144,1213,40,1614,98227,307555,0,0,0,0,1654,1175,0,0,0,5108,9400
100,W2,4,4,8,8,0,0,0,0,0,0,0,410,410,0,0,10,10,0,400,400,0,0.000000,0,49268,0.000000,0,0,0,0,1653,4705,1211,44,1609,98072,281097,0,0,0,0,1653,780,0,0,0,4715,9400
101,W2,4,4,8,8,1,0,0,0,4,0,0,410,370,0,0,10,10,0,400,360,0,0.000000,0,4862,0.000000,0,0,0,0,1274,5142,1206,80,1194,74504,307193,40,0,0,0,1274,1176,9,0,40,5020,9400
102,W2,4,4,8,8,1,0,0,0,4,0,0,410,370,0,0,10,10,0,400,360,0,0.000000,0,5827,0.000000,0,0,0,0,1274,5153,1207,82,1192,74461,307908,40,0,0,0,1274,1177,9,0,40,4976,9400
103,W2,4,4,8,8,1,0,0,0,4,0,0,410,370,0,0,10,10,0,400,360,0,0.000000,0,5417,0.000000,0,0,0,0,1271,5115,1203,80,1191,74324,305732,40,0,0,0,1271,1161,9,0,40,5121,9400
104,W2,4,4,8,8,1,0,0,0,4,0,0,410,370,0,0,10,10,0,400,360,0,0.000000,0,5161,0.000000,0,0,0,0,1280,5138,1213,73,1207,75028,307114,40,0,0,0,1280,1166,9,0,40,5070,9400
105,W2,4,4,8,8,1,0,0,0,4,0,0,410,370,0,0,10,10,0,400,360,0,0.000000,0,5861,0.000000,0,0,0,0,1269,5140,1201,68,1201,74480,307283,40,0,0,0,1269,1164,9,0,40,5017,9400
106,W2,4,4,8,8,0,0,0,0,0,0,0,410,410,387,0,10,10,10,400,400,377,94.390244,12384,49534,25.001009,20,20,30,30,1647,5115,1206,34,1613,97945,305697,0,0,0,0,1647,1165,0,0,0,5132,9400
107,W2,4,4,8,8,1,0,0,0,4,0,0,410,370,0,0,10,10,0,400,360,0,0.000000,0,4939,0.000000,0,0,0,0,1274,5121,1207,73,1201,74668,306156,40,0,0,0,1274,1174,9,0,40,5069,9400
108,W2,4,4,8,8,1,0,0,0,4,0,0,410,370,0,0,10,10,0,400,360,0,0.000000,0,6971,0.000000,0,0,0,0,1262,5146,1194,68,1194,74060,307584,40,0,0,0,1262,1571,9,0,40,4994,9400
109,W2,4,4,8,8,1,0,0,0,4,0,0,410,370,0,0,10,10,0,400,360,0,0.000000,0,4862,0.000000,0,0,0,0,1269,5120,1201,80,1189,74204,306115,40,0,0,0,1269,782,9,0,40,4911,9400
110,W2,4,4,8,8,1,0,0,0,4,0,0,410,370,0,0,10,10,0,400,360,0,0.000000,0,5161,0.000000,0,0,0,0,1274,5102,1207,73,1201,74668,305110,40,0,0,0,1274,1162,9,0,40,4992,9400
111,W2,4,4,8,8,0,0,0,0,0,0,0,410,410,0,0,10,10,0,400,400,0,0.000000,0,49568,0.000000,0,0,0,0,1645,4271,1203,44,1601,97592,254925,0,0,0,0,1645,787,0,0,0,4535,9400
112,W2,4,4,8,8,1,0,0,0,4,0,0,410,370,0,0,10,10,0,400,360,0,0.000000,0,6305,0.000000,0,0,0,0,1266,5142,1198,68,1198,74300,307380,40,0,0,0,1266,1555,9,0,40,5182,9400
113,W2,4,4,8,8,1,0,0,0,4,0,0,410,370,0,0,10,10,0,400,360,0,0.000000,0,5306,0.000000,0,0,0,0,1271,5109,1203,77,1194,74393,305337,40,0,0,0,1271,1155,9,0,40,5053,9400
114,W2,4,4,8,8,1,0,0,0,4,0,0,410,370,0,0,10,10,0,400,360,0,0.000000,0,3752,0.000000,0,0,0,0,1288,2623,1220,83,1205,75275,156128,40,0,0,0,1288,772,9,0,40,3531,9400
115,W2,4,4,7,7,0,0,0,0,0,0,0,410,410,0,0,10,10,0,400,400,0,0.000000,0,49688,0.000000,0,0,0,0,1664,1352,1222,59,1605,98387,79799,0,0,0,0,1664,0,0,0,0,2498,9400
116,W2,4,4,8,8,0,0,0,0,0,0,0,410,410,392,0,10,10,10,400,400,382,95.609756,12544,49748,25.215084,20,20,30,30,1665,1336,1223,47,1618,98723,79060,0,0,0,0,1665,0,0,0,0,2425,9400
117,W2,4,4,8,8,0,0,0,0,0,0,0,410,410,0,0,10,10,0,400,400,0,0.000000,0,49140,0.000000,0,0,0,0,1661,1346,1221,42,1619,98604,79888,0,0,0,0,1661,0,0,0,0,2563,9400
118,W2,4,4,8,8,0,0,0,0,0,0,0,410,410,386,0,10,10,10,400,400,376,94.146341,12352,49568,24.919303,20,20,30,30,1655,1344,1213,47,1608,98123,79641,0,0,0,0,1655,0,0,0,0,2389,9400
119,W2,4,4,6,6,0,0,0,0,0,0,0,410,410,388,0,10,10,10,400,400,378,94.634146,12416,49568,25.048418,20,20,30,30,1661,1330,1219,59,1602,98207,78646,0,0,0,0,1661,0,0,0,0,2424,9400
120,W2,4,4,6,6,0,0,0,0,0,0,0,410,410,392,0,10,10,10,400,400,382,95.609756,12544,49380,25.402997,20,20,30,30,1666,1356,1226,57,1609,98559,80376,0,0,0,0,1666,0,0,0,0,2439,9400
121,W2,4,4,7,7,0,0,0,0,0,0,0,410,410,0,0,10,10,0,400,400,0,0.000000,0,49928,0.000000,0,0,0,0,1670,1362,1228,59,1611,98747,80505,0,0,0,0,1670,0,0,0,0,2468,9400
122,W2,4,4,8,8,0,0,0,0,0,0,0,410,410,394,0,10,10,10,400,400,384,96.097561,12608,49748,25.343732,20,20,30,30,1683,1348,1241,59,1624,99527,79772,0,0,0,0,1683,0,0,0,0,2431,9400
123,W2,4,4,8,8,0,0,0,0,0,0,0,410,410,0,0,10,10,0,400,400,0,0.000000,0,49834,0.000000,0,0,0,0,1669,1340,1228,58,1611,98713,79370,0,0,0,0,1669,0,0,0,0,2442,9400
124,W2,4,4,7,7,0,0,0,0,0,0,0,410,410,0,0,10,10,0,400,400,0,0.000000,0,49988,0.000000,0,0,0,0,1654,1319,1212,59,1595,97787,77905,0,0,0,0,1654,0,0,0,0,2390,9400
125,W2,4,4,8,8,0,0,0,0,0,0,0,410,410,390,0,10,10,9,400,400,381,95.121951,12480,49680,25.120773,20,20,30,30,1667,1348,1227,57,1610,98619,79798,0,0,0,0,1667,0,0,0,0,2425,9400
126,W2,4,4,8,8,0,0,0,0,0,0,0,410,410,0,0,10,10,0,400,400,0,0.000000,0,49320,0.000000,0,0,0,0,1252,908,812,54,1198,73788,53148,0,0,0,0,1252,0,0,0,0,1991,9400
127,W2,4,4,8,8,0,0,0,0,0,0,0,410,410,0,0,10,10,0,400,400,0,0.000000,0,49448,0.000000,0,0,0,0,1658,1332,1216,59,1599,98027,78737,0,0,0,0,1658,0,0,0,0,2425,9400
128,W2,4,4,7,7,0,0,0,0,0,0,0,410,410,0,0,10,10,0,400,400,0,0.000000,0,49508,0.000000,0,0,0,0,1642,1315,1200,41,1601,97481,77895,0,0,0,0,1642,0,0,0,0,2338,9400
129,W2,4,4,8,8,0,0,0,0,0,0,0,410,410,0,0,10,10,0,400,400,0,0.000000,0,49474,0.000000,0,0,0,0,1648,1318,1207,40,1608,97867,78179,0,0,0,0,1648,0,0,0,0,2377,9400
130,W2,4,4,8,8,0,0,0,0,0,0,0,410,410,0,0,10,10,0,400,400,0,0.000000,0,49868,0.000000,0,0,0,0,1648,1323,1206,41,1607,97841,78427,0,0,0,0,1648,0,0,0,0,2386,9400
131,W2,4,4,7,7,1,0,0,0,4,0,0,410,370,0,0,10,10,0,400,360,0,0.000000,0,3607,0.000000,0,0,0,0,1266,1329,1199,73,1193,74188,78810,40,0,0,0,1266,0,9,0,40,2341,9400
132,W2,4,4,8,8,0,0,0,0,0,0,0,410,410,388,0,10,10,9,400,400,379,94.634146,12416,49628,25.018135,20,20,30,30,1659,1345,1217,50,1609,98294,79652,0,0,0,0,1659,0,0,0,0,2329,9400
133,W2,4,4,8,8,0,0,0,0,0,0,0,410,410,0,0,10,10,0,400,400,0,0.000000,0,49808,0.000000,0,0,0,0,1644,1337,1202,47,1597,97463,79169,0,0,0,0,1644,0,0,0,0,2305,9400
134,W2,4,4,8,8,0,0,0,0,0,0,0,410,410,0,0,10,10,0,400,400,0,0.000000,0,49748,0.000000,0,0,0,0,1663,1335,1221,53,1610,98465,79038,0,0,0,0,1663,0,0,0,0,2453,9400
135,W2,4,4,8,8,0,0,0,0,0,0,0,410,410,0,0,10,10,0,400,400,0,0.000000,0,49868,0.000000,0,0,0,0,1648,1331,1206,47,1601,97703,78746,0,0,0,0,1648,0,0,0,0,2369,9400
136,W2,4,4,8,8,0,0,0,0,0,0,0,410,410,0,0,10,10,0,400,400,0,0.000000,0,49748,0.000000,0,0,0,0,1663,1346,1221,50,1613,98534,79646,0,0,0,0,1663,0,0,0,0,2481,9400
137,W2,4,4,7,7,0,0,0,0,0,0,0,410,410,395,0,10,10,10,400,400,385,96.341463,12640,49980,25.290116,20,20,30,30,1658,1345,1218,48,1610,98286,79658,0,0,0,0,1658,0,0,0,0,2378,9400
138,W2,4,4,7,7,0,0,0,0,0,0,0,410,410,0,0,10,10,0,400,400,0,0.000000,0,49568,0.000000,0,0,0,0,1669,1329,1227,53,1616,98825,78727,0,0,0,0,1669,0,0,0,0,2388,9400
139,W2,4,4,7,7,0,0,0,0,0,0,0,410,410,390,0,10,10,10,400,400,380,95.121951,12480,49688,25.116728,20,20,30,30,1667,1341,1225,53,1614,98705,79444,0,0,0,0,1667,0,0,0,0,2524,9400
140,W2,4,4,8,8,0,0,0,0,0,0,0,410,410,0,0,10,10,0,400,400,0,0.000000,0,49628,0.000000,0,0,0,0,1673,1350,1231,59,1614,98927,79687,0,0,0,0,1673,0,0,0,0,2452,9400
141,W2,4,4,7,7,0,0,0,0,0,0,0,410,410,392,0,10,10,9,400,400,383,95.609756,12544,49808,25.184709,20,20,30,30,1674,1349,1232,59,1615,98987,79711,0,0,0,0,1674,0,0,0,0,2538,9400
142,W2,4,4,7,7,0,0,0,0,0,0,0,410,410,0,0,10,10,0,400,400,0,0.000000,0,49894,0.000000,0,0,0,0,1665,1342,1224,58,1607,98473,79337,0,0,0,0,1665,0,0,0,0,2434,9400
143,W2,4,4,7,7,0,0,0,0,0,0,0,410,410,0,0,10,10,0,400,400,0,0.000000,0,49748,0.000000,0,0,0,0,1677,1362,1235,59,1618,99167,80537,0,0,0,0,1677,0,0,0,0,2556,9400
144,W2,4,4,7,7,0,0,0,0,0,0,0,410,410,0,0,10,10,0,400,400,0,0.000000,0,49748,0.000000,0,0,0,0,1675,1334,1233,59,1616,99047,78889,0,0,0,0,1675,0,0,0,0,2497,9400
145,W2,4,4,8,8,0,0,0,0,0,0,0,410,410,0,0,10,10,0,400,400,0,0.000000,0,49628,0.000000,0,0,0,0,1667,1347,1225,59,1608,98567,79614,0,0,0,0,1667,0,0,0,0,2497,9400
146,W2,4,4,8,8,0,0,0,0,0,0,0,410,410,391,0,10,10,9,400,400,382,95.365854,12512,49680,25.185185,20,20,30,30,1667,1336,1227,57,1610,98619,79029,0,0,0,0,1667,0,0,0,0,2515,9400
147,W2,4,4,7,7,0,0,0,0,0,0,0,410,410,394,0,10,10,9,400,400,385,96.097561,12608,49740,25.347809,20,20,30,30,1659,1342,1219,51,1608,98277,79415,0,0,0,0,1659,0,0,0,0,2478,9400
148,W2,4,4,8,8,0,0,0,0,0,0,0,410,410,389,0,10,10,10,400,400,379,94.878049,12448,49594,25.099810,20,20,30,30,1669,1334,1228,58,1611,98713,78837,0,0,0,0,1669,0,0,0,0,2409,9400
149,W2,4,4,8,8,0,0,0,0,0,0,0,410,410,0,0,10,10,0,400,400,0,0.000000,0,49594,0.000000,0,0,0,0,1642,1328,1201,37,1605,97576,78750,0,0,0,0,1642,0,0,0,0,2409,9400
150,W2,4,4,8,8,0,0,0,0,0,0,0,410,410,0,0,10,10,0,400,400,0,0.000000,0,49534,0.000000,0,0,0,0,1646,1314,1205,37,1609,97816,78014,0,0,0,0,1646,0,0,0,0,2357,9400
151,W2,4,4,8,8,0,0,0,0,0,0,0,410,410,0,0,10,10,0,400,400,0,0.000000,0,49748,0.000000,0,0,0,0,1644,1327,1202,38,1606,97670,78716,0,0,0,0,1644,0,0,0,0,2346,9400
152,W2,4,4,7,7,0,0,0,0,0,0,0,410,410,393,0,10,10,10,400,400,383,95.853659,12576,49748,25.279408,20,20,30,30,1667,1340,1225,53,1614,98705,79361,0,0,0,0,1667,0,0,0,0,2356,9400
153,W2,4,4,7,7,0,0,0,0,0,0,0,410,410,0,0,10,10,0,400,400,0,0.000000,0,49868,0.000000,0,0,0,0,1658,1332,1216,44,1614,98372,78933,0,0,0,0,1658,0,0,0,0,2425,9400
154,W2,4,4,7,7,0,0,0,0,0,0,0,410,410,0,0,10,10,0,400,400,0,0.000000,0,49654,0.000000,0,0,0,0,1656,1359,1215,43,1613,98278,80426,0,0,0,0,1656,0,0,0,0,2497,9400
155,W2,4,4,8,8,0,0,0,0,0,0,0,410,410,0,0,10,10,0,400,400,0,0.000000,0,49534,0.000000,0,0,0,0,1666,1328,1225,58,1608,98533,78598,0,0,0,0,1666,0,0,0,0,2484,9400
156,W2,4,4,8,8,0,0,0,0,0,0,0,410,410,0,0,10,10,0,400,400,0,0.000000,0,49868,0.000000,0,0,0,0,1670,1353,1228,59,1611,98747,80049,0,0,0,0,1670,0,0,0,0,2421,9400
157,W2,4,4,8,8,0,0,0,0,0,0,0,410,410,387,0,10,10,9,400,400,378,94.390244,12384,49748,24.893463,20,20,30,30,1668,1333,1226,59,1609,98627,78817,0,0,0,0,1668,0,0,0,0,2506,9400
158,W2,4,4,8,8,0,0,0,0,0,0,0,410,410,0,0,10,10,0,400,400,0,0.000000,0,49628,0.000000,0,0,0,0,1654,1326,1212,47,1607,98063,78547,0,0,0,0,1654,0,0,0,0,2370,9400
159,W2,4,4,8,8,1,0,0,0,4,0,0,410,370,0,0,10,10,0,400,360,0,0.000000,0,3308,0.000000,0,0,0,0,1269,1326,1201,74,1195,74342,78564,40,0,0,0,1269,0,9,0,40,2405,9400
160,W2,4,4,8,8,0,0,0,0,0,0,0,410,410,0,0,10,10,0,400,400,0,0.000000,0,49568,0.000000,0,0,0,0,1660,1343,1218,47,1613,98423,79466,0,0,0,0,1660,0,0,0,0,2455,9400
161,W2,4,4,8,8,0,0,0,0,0,0,0,410,410,390,0,10,10,10,400,400,380,95.121951,12480,49654,25.133927,20,20,30,30,1645,1328,1204,40,1605,97687,78658,0,0,0,0,1645,0,0,0,0,2443,9400
162,W2,4,4,8,8,0,0,0,0,0,0,0,410,410,398,0,10,10,10,400,400,388,97.073171,12736,49928,25.508733,20,20,30,30,1653,1326,1211,41,1612,98141,78515,0,0,0,0,1653,0,0,0,0,2404,9400
163,W2,4,4,8,8,0,0,0,0,0,0,0,410,410,0,0,10,10,0,400,400,0,0.000000,0,49448,0.000000,0,0,0,0,1654,1325,1212,50,1604,97994,78507,0,0,0,0,1654,0,0,0,0,2439,9400
164,W2,4,4,8,8,0,0,0,0,0,0,0,410,410,0,0,10,10,0,400,400,0,0.000000,0,49654,0.000000,0,0,0,0,1649,1327,1208,40,1609,97927,78676,0,0,0,0,1649,0,0,0,0,2474,9400
165,W2,4,4,8,8,0,0,0,0,0,0,0,410,410,0,0,10,10,0,400,400,0,0.000000,0,49508,0.000000,0,0,0,0,1662,1338,1220,47,1615,98543,79206,0,0,0,0,1662,0,0,0,0,2374,9400
166,W2,4,4,8,8,0,0,0,0,0,0,0,410,410,396,0,10,10,10,400,400,386,96.585366,12672,49868,25.411085,20,20,30,30,1651,1336,1209,41,1610,98021,79135,0,0,0,0,1651,0,0,0,0,2333,9400
167,W2,4,4,7,7,0,0,0,0,0,0,0,410,410,395,0,10,10,10,400,400,385,96.341463,12640,49748,25.408057,20,20,30,30,1671,1335,1229,59,1612,98807,78920,0,0,0,0,1671,0,0,0,0,2494,9400
168,W2,4,4,7,7,0,0,0,0,0,0,0,410,410,0,0,10,10,0,400,400,0,0.000000,0,49774,0.000000,0,0,0,0,1666,1346,1225,52,1614,98671,79632,0,0,0,0,1666,0,0,0,0,2536,9400
169,W2,4,4,7,7,0,0,0,0,0,0,0,410,410,0,0,10,10,0,400,400,0,0.000000,0,49628,0.000000,0,0,0,0,1660,1337,1218,56,1604,98216,79031,0,0,0,0,1660,0,0,0,0,2446,9400
170,W2,4,4,8,8,0,0,0,0,0,0,0,410,410,0,0,10,10,0,400,400,0,0.000000,0,49448,0.000000,0,0,0,0,1648,1313,1206,41,1607,97841,77905,0,0,0,0,1648,0,0,0,0,2471,9400
171,W2,4,4,8,8,0,0,0,0,0,0,0,410,410,0,0,10,10,0,400,400,0,0.000000,0,49774,0.000000,0,0,0,0,1632,1314,1191,37,1595,96976,77962,0,0,0,0,1632,0,0,0,0,2447,9400
172,W2,4,4,8,8,0,0,0,0,0,0,0,410,410,384,0,10,10,9,400,400,375,93.658537,12288,49568,24.790187,20,20,30,30,1649,1338,1207,41,1608,97901,79301,0,0,0,0,1649,0,0,0,0,2548,9400
173,W2,4,4,8,8,0,0,0,0,0,0,0,410,410,0,0,10,10,0,400,400,0,0.000000,0,49654,0.000000,0,0,0,0,1681,1367,1240,58,1623,99433,80837,0,0,0,0,1681,0,0,0,0,2509,9400
174,W2,4,4,8,8,0,0,0,0,0,0,0,410,410,0,0,10,10,0,400,400,0,0.000000,0,49388,0.000000,0,0,0,0,1673,1355,1231,59,1614,98927,80091,0,0,0,0,1673,0,0,0,0,2534,9400
175,W2,4,4,8,8,0,0,0,0,0,0,0,410,410,392,0,10,10,9,400,400,383,95.609756,12544,49628,25.276054,20,20,30,30,1667,1345,1225,59,1608,98567,79488,0,0,0,0,1667,0,0,0,0,2519,9400
176,W2,4,4,7,7,0,0,0,0,0,0,0,410,410,390,0,10,10,10,400,400,380,95.121951,12480,49628,25.147094,20,20,30,30,1652,1355,1210,41,1611,98081,80324,0,0,0,0,1652,0,0,0,0,2451,9400
177,W2,4,4,8,8,0,0,0,0,0,0,0,410,410,0,0,10,10,0,400,400,0,0.000000,0,49568,0.000000,0,0,0,0,1649,1342,1207,41,1608,97901,79593,0,0,0,0,1649,0,0,0,0,2393,9400
178,W2,4,4,8,8,0,0,0,0,0,0,0,410,410,387,0,10,10,10,400,400,377,94.390244,12384,49474,25.031330,20,20,30,30,1658,1334,1217,40,1618,98467,79090,0,0,0,0,1658,0,0,0,0,2490,9400
179,W2,4,4,8,8,0,0,0,0,0,0,0,410,410,388,0,10,10,10,400,400,378,94.634146,12416,49868,24.897730,20,20,30,30,1652,1334,1210,44,1608,98012,79093,0,0,0,0,1652,0,0,0,0,2450,9400
180,W2,4,4,8,8,0,0,0,0,0,0,0,410,410,0,0,10,10,0,400,400,0,0.000000,0,49568,0.000000,0,0,0,0,1661,1335,1219,44,1617,98552,79072,0,0,0,0,1661,0,0,0,0,2391,9400
181,W2,4,4,8,8,0,0,0,0,0,0,0,410,410,0,0,10,10,0,400,400,0,0.000000,0,49534,0.000000,0,0,0,0,1267,915,826,58,1209,74593,53697,0,0,0,0,1267,0,0,0,0,1756,9400
182,W2,4,4,8,8,0,0,0,0,0,0,0,410,410,0,0,10,10,0,400,400,0,0.000000,0,49568,0.000000,0,0,0,0,1677,1356,1235,59,1618,99167,80177,0,0,0,0,1677,0,0,0,0,2517,9400
183,W2,4,4,8,8,0,0,0,0,0,0,0,410,410,0,0,10,10,0,400,400,0,0.000000,0,49748,0.000000,0,0,0,0,1674,1349,1232,59,1615,98987,79757,0,0,0,0,1674,0,0,0,0,2486,9400
184,W2,4,4,7,7,0,0,0,0,0,0,0,410,410,0,0,10,10,0,400,400,0,0.000000,0,49448,0.000000,0,0,0,0,1659,1326,1217,59,1600,98087,78253,0,0,0,0,1659,0,0,0,0,2448,9400
185,W2,4,3,7,8,0,0,0,0,0,0,0,410,410,0,0,10,10,0,400,400,0,0.000000,0,49296,0.000000,0,0,0,0,1528,1210,1094,24,1504,91056,71976,0,0,0,0,1528,0,0,0,0,2222,9400
186,W2,4,4,8,8,0,0,0,0,0,0,0,410,410,383,0,10,10,10,400,400,373,93.414634,12256,49328,24.845929,20,20,30,30,1634,1322,1192,32,1602,97208,78358,0,0,0,0,1634,0,0,0,0,2412,9400
187,W2,4,4,8,8,0,0,0,0,0,0,0,410,410,0,0,10,10,0,400,400,0,0.000000,0,49714,0.000000,0,0,0,0,1625,1312,1184,31,1594,96694,77914,0,0,0,0,1625,0,0,0,0,2349,9400
188,W2,4,4,7,7,0,0,0,0,0,0,0,410,410,391,0,10,10,10,400,400,381,95.365854,12512,49834,25.107356,20,20,30,30,1662,1342,1221,52,1610,98431,79478,0,0,0,0,1662,0,0,0,0,2396,9400
189,W2,4,4,7,7,0,0,0,0,0,0,0,410,410,0,0,10,10,0,400,400,0,0.000000,0,49748,0.000000,0,0,0,0,1661,1354,1219,53,1608,98345,80048,0,0,0,0,1661,0,0,0,0,2342,9400
190,W2,4,4,5,5,0,0,0,0,0,0,0,410,410,0,0,10,10,0,400,400,0,0.000000,0,50048,0.000000,0,0,0,0,1664,1347,1222,56,1608,98456,79712,0,0,0,0,1664,0,0,0,0,2552,9400
191,W2,4,4,7,7,1,0,0,0,4,0,0,410,370,0,0,10,10,0,400,360,0,0.000000,0,3308,0.000000,0,0,0,0,1266,1327,1198,68,1198,74300,78736,40,0,0,0,1266,0,9,0,40,2474,9400
192,W2,4,4,7,7,0,0,0,0,0,0,0,410,410,0,0,10,10,0,400,400,0,0.000000,0,49868,0.000000,0,0,0,0,1645,1338,1203,38,1607,97730,79350,0,0,0,0,1645,0,0,0,0,2380,9400
193,W2,4,4,8,8,0,0,0,0,0,0,0,410,410,0,0,10,10,0,400,400,0,0.000000,0,49474,0.000000,0,0,0,0,1656,1336,1215,40,1616,98347,79285,0,0,0,0,1656,0,0,0,0,2350,9400
194,W2,4,4,8,8,0,0,0,0,0,0,0,410,410,0,0,10,10,0,400,400,0,0.000000,0,49988,0.000000,0,0,0,0,1654,1345,1212,44,1610,98132,79609,0,0,0,0,1654,0,0,0,0,2452,9400
195,W2,4,4,8,8,0,0,0,0,0,0,0,410,410,0,0,10,10,0,400,400,0,0.000000,0,49748,0.000000,0,0,0,0,1663,1333,1221,53,1610,98465,78866,0,0,0,0,1663,0,0,0,0,2361,9400
196,W2,4,4,8,8,0,0,0,0,0,0,0,410,410,0,0,10,10,0,400,400,0,0.000000,0,49774,0.000000,0,0,0,0,1663,1344,1222,55,1608,98422,79500,0,0,0,0,1663,0,0,0,0,2481,9400
197,W2,4,4,8,8,0,0,0,0,0,0,0,410,410,0,0,10,10,0,400,400,0,0.000000,0,49834,0.000000,0,0,0,0,1649,1332,1208,40,1609,97927,79045,0,0,0,0,1649,0,0,0,0,2416,9400
198,W2,4,4,8,8,0,0,0,0,0,0,0,410,410,386,0,10,10,9,400,400,377,94.146341,12352,49534,24.936407,20,20,30,30,1629,1324,1188,31,1598,96934,78461,0,0,0,0,1629,0,0,0,0,2341,9400
199,W2,4,4,8,8,0,0,0,0,0,0,0,410,410,0,0,10,10,0,400,400,0,0.000000,0,49834,0.000000,0,0,0,0,1648,1339,1207,40,1608,97867,79413,0,0,0,0,1648,0,0,0,0,2439,9400
200,W2,4,4,8,8,0,0,0,0,0,0,0,410,410,0,0,10,10,0,400,400,0,0.000000,0,49714,0.000000,0,0,0,0,1654,1355,1213,49,1605,98020,80100,0,0,0,0,1654,0,0,0,0,2464,9400
201,W2,4,4,8,8,0,0,0,0,0,0,0,410,410,0,0,10,10,0,400,400,0,0.000000,0,49594,0.000000,0,0,0,0,1659,1345,1218,49,1610,98320,79543,0,0,0,0,1659,0,0,0,0,2341,9400
202,W2,4,4,8,8,0,0,0,0,0,0,0,410,410,392,0,10,10,10,400,400,382,95.609756,12544,49860,25.158444,20,20,30,30,1655,1330,1215,51,1604,98037,78721,0,0,0,0,1655,0,0,0,0,2386,9400
203,W2,4,4,7,7,0,0,0,0,0,0,0,410,410,0,0,10,10,0,400,400,0,0.000000,0,49774,0.000000,0,0,0,0,1644,1323,1203,46,1598,97489,78338,0,0,0,0,1644,0,0,0,0,2431,9400
204,W2,4,4,7,7,0,0,0,0,0,0,0,410,410,0,0,10,10,0,400,400,0,0.000000,0,49628,0.000000,0,0,0,0,1654,1319,1212,50,1604,97994,77942,0,0,0,0,1654,0,0,0,0,2552,9400
205,W2,4,4,7,7,0,0,0,0,0,0,0,410,410,390,0,10,10,10,400,400,380,95.121951,12480,49654,25.133927,20,20,30,30,1650,1330,1209,52,1598,97711,78631,0,0,0,0,1650,0,0,0,0,2431,9400
206,W2,4,4,7,7,0,0,0,0,0,0,0,410,410,0,0,10,10,0,400,400,0,0.000000,0,49714,0.000000,0,0,0,0,1670,1339,1229,52,1618,98911,79226,0,0,0,0,1670,0,0,0,0,2544,9400
207,W2,4,4,7,7,0,0,0,0,0,0,0,410,410,0,0,10,10,0,400,400,0,0.000000,0,49594,0.000000,0,0,0,0,1653,1323,1212,49,1604,97960,78263,0,0,0,0,1653,0,0,0,0,2335,9400
208,W2,4,4,7,7,0,0,0,0,0,0,0,410,410,0,0,10,10,0,400,400,0,0.000000,0,49808,0.000000,0,0,0,0,1666,1335,1224,53,1613,98645,78957,0,0,0,0,1666,0,0,0,0,2559,9400
209,W2,4,4,8,8,0,0,0,0,0,0,0,410,410,0,0,10,10,0,400,400,0,0.000000,0,49774,0.000000,0,0,0,0,1646,1312,1205,52,1594,97471,77704,0,0,0,0,1646,0,0,0,0,2483,9400
210,W2,4,4,8,8,0,0,0,0,0,0,0,410,410,0,0,10,10,0,400,400,0,0.000000,0,49688,0.000000,0,0,0,0,1661,1345,1219,53,1608,98345,79635,0,0,0,0,1661,0,0,0,0,2444,9400
211,W2,4,4,8,8,0,0,0,0,0,0,0,410,410,390,0,10,10,10,400,400,380,95.121951,12480,49988,24.965992,20,20,30,30,1659,1341,1217,50,1609,98294,79444,0,0,0,0,1659,0,0,0,0,2435,9400
212,W2,4,4,6,6,0,0,0,0,0,0,0,410,410,395,0,10,10,10,400,400,385,96.341463,12640,49928,25.316456,20,20,30,30,1667,1338,1225,59,1608,98567,79097,0,0,0,0,1667,0,0,0,0,2568,9400
213,W2,4,4,7,7,0,0,0,0,0,0,0,410,410,0,0,10,10,0,400,400,0,0.000000,0,49628,0.000000,0,0,0,0,1660,1339,1218,59,1601,98147,79131,0,0,0,0,1660,0,0,0,0,2427,9400
214,W2,4,4,7,7,0,0,0,0,0,0,0,410,410,0,0,10,10,0,400,400,0,0.000000,0,49928,0.000000,0,0,0,0,1676,1347,1234,59,1617,99107,79516,0,0,0,0,1676,0,0,0,0,2441,9400
215,W2,4,4,8,8,1,0,0,0,4,0,0,410,370,0,0,10,10,0,400,360,0,0.000000,0,3018,0.000000,0,0,0,0,1296,1347,1230,90,1206,75600,79633,40,0,0,0,1296,0,9,0,40,2520,9400
216,W2,4,4,8,8,0,0,0,0,0,0,0,410,410,0,0,10,10,0,400,400,0,0.000000,0,49714,0.000000,0,0,0,0,1659,1349,1218,55,1604,98182,79582,0,0,0,0,1659,0,0,0,0,2456,9400
217,W2,4,4,8,8,1,0,0,0,4,0,0,410,370,0,0,10,10,0,400,360,0,0.000000,0,2975,0.000000,0,0,0,0,1082,1142,1014,86,996,62846,67045,40,0,0,0,1082,0,9,0,40,2362,9400
218,W2,4,4,8,8,1,0,0,0,4,0,0,410,370,0,0,10,10,0,400,360,0,0.000000,0,2975,0.000000,0,0,0,0,1273,1329,1205,80,1193,74444,78626,40,0,0,0,1273,0,9,0,40,2465,9400
219,W2,4,4,8,8,1,0,0,0,4,0,0,410,370,0,0,10,10,0,400,360,0,0.000000,0,3274,0.000000,0,0,0,0,1280,1337,1213,79,1201,74890,79129,40,0,0,0,1280,0,9,0,40,2465,9400
220,W2,4,4,8,8,0,0,0,0,0,0,0,410,410,0,0,10,10,0,400,400,0,0.000000,0,49808,0.000000,0,0,0,0,1663,1348,1221,47,1616,98603,79766,0,0,0,0,1663,0,0,0,0,2471,9400
221,W2,4,4,7,7,0,0,0,0,0,0,0,410,410,0,0,10,10,0,400,400,0,0.000000,0,49928,0.000000,0,0,0,0,1670,1330,1228,59,1611,98747,78692,0,0,0,0,1670,0,0,0,0,2356,9400
222,W2,4,4,6,6,0,0,0,0,0,0,0,410,410,0,0,10,10,0,400,400,0,0.000000,0,49774,0.000000,0,0,0,0,1668,1332,1227,58,1610,98653,78812,0,0,0,0,1668,0,0,0,0,2420,9400
223,W2,4,4,7,7,0,0,0,0,0,0,0,410,410,0,0,10,10,0,400,400,0,0.000000,0,49928,0.000000,0,0,0,0,1666,1339,1224,56,1610,98576,79235,0,0,0,0,1666,0,0,0,0,2521,9400
224,W2,4,4,8,8,1,0,0,0,4,0,0,410,370,0,0,10,10,0,400,360,0,0.000000,0,2941,0.000000,0,0,0,0,1289,1342,1222,94,1195,75085,79300,40,0,0,0,1289,0,9,0,40,2371,9400
225,W2,4,4,8,8,1,0,0,0,4,0,0,410,370,0,0,10,10,0,400,360,0,0.000000,0,2975,0.000000,0,0,0,0,1294,1350,1226,95,1199,75359,79708,40,0,0,0,1294,0,9,0,40,2378,9400
226,W2,4,4,8,8,1,0,0,0,4,0,0,410,370,0,0,10,10,0,400,360,0,0.000000,0,3086,0.000000,0,0,0,0,1290,1344,1222,95,1195,75119,79368,40,0,0,0,1290,0,9,0,40,2611,9400
227,W2,4,4,5,5,0,0,0,0,0,0,0,410,410,0,0,10,10,0,400,400,0,0.000000,0,50048,0.000000,0,0,0,0,1679,1371,1237,59,1620,99287,81097,0,0,0,0,1679,0,0,0,0,2485,9400
228,W2,4,4,7,7,0,0,0,0,0,0,0,410,410,0,0,10,10,0,400,400,0,0.000000,0,49654,0.000000,0,0,0,0,1659,1330,1218,58,1601,98113,78689,0,0,0,0,1659,0,0,0,0,2363,9400
229,W2,4,4,6,6,0,0,0,0,0,0,0,410,410,0,0,10,10,0,400,400,0,0.000000,0,49594,0.000000,0,0,0,0,1676,1340,1235,58,1618,99133,79162,0,0,0,0,1676,0,0,0,0,2457,9400
230,W2,4,4,8,8,0,0,0,0,0,0,0,410,410,0,0,10,10,0,400,400,0,0.000000,0,49748,0.000000,0,0,0,0,1668,1333,1226,59,1609,98627,78826,0,0,0,0,1668,0,0,0,0,2488,9400
231,W2,4,4,8,8,0,0,0,0,0,0,0,410,410,0,0,10,10,0,400,400,0,0.000000,0,49448,0.000000,0,0,0,0,1665,1337,1223,59,1606,98447,79011,0,0,0,0,1665,0,0,0,0,2544,9400
232,W2,4,4,8,8,0,0,0,0,0,0,0,410,410,0,0,10,10,0,400,400,0,0.000000,0,49508,0.000000,0,0,0,0,1668,1328,1226,59,1609,98627,78595,0,0,0,0,1668,0,0,0,0,2544,9400
233,W2,4,4,8,8,0,0,0,0,0,0,0,410,410,382,0,10,10,9,400,400,373,93.170732,12224,49328,24.781057,20,20,30,30,1263,916,821,56,1207,74396,53728,0,0,0,0,1263,0,0,0,0,1824,9400
234,W2,4,4,8,8,0,0,0,0,0,0,0,410,410,0,0,10,10,0,400,400,0,0.000000,0,49774,0.000000,0,0,0,0,1654,1340,1213,40,1614,98227,79499,0,0,0,0,1654,0,0,0,0,2428,9400
235,W2,4,4,8,8,0,0,0,0,0,0,0,410,410,383,0,10,10,10,400,400,373,93.414634,12256,49294,24.863066,20,20,30,30,1652,1347,1211,43,1609,98038,79844,0,0,0,0,1652,0,0,0,0,2486,9400
236,W2,4,4,7,7,0,0,0,0,0,0,0,410,410,394,0,10,10,9,400,400,385,96.097561,12608,49774,25.330494,20,20,30,30,1654,1334,1213,43,1611,98158,79041,0,0,0,0,1654,0,0,0,0,2460,9400
237,W2,4,4,8,8,0,0,0,0,0,0,0,410,410,0,0,10,10,0,400,400,0,0.000000,0,49928,0.000000,0,0,0,0,1647,1333,1205,44,1603,97712,79030,0,0,0,0,1647,0,0,0,0,2399,9400
238,W2,4,4,7,7,0,0,0,0,0,0,0,410,410,0,0,10,10,0,400,400,0,0.000000,0,49568,0.000000,0,0,0,0,1645,1313,1203,44,1601,97592,77856,0,0,0,0,1645,0,0,0,0,2631,9400
239,W2,4,4,8,8,0,0,0,0,0,0,0,410,410,390,0,10,10,10,400,400,380,95.121951,12480,49568,25.177534,20,20,30,30,1665,1344,1223,59,1606,98447,79428,0,0,0,0,1665,0,0,0,0,2468,9400
240,W2,4,4,8,8,0,0,0,0,0,0,0,410,410,389,0,10,10,10,400,400,379,94.878049,12448,49714,25.039224,20,20,30,30,1671,1343,1230,58,1613,98833,79374,0,0,0,0,1671,0,0,0,0,2460,9400
241,W2,4,4,8,8,0,0,0,0,0,0,0,410,410,0,0,10,10,0,400,400,0,0.000000,0,49740,0.000000,0,0,0,0,1669,1342,1229,57,1612,98739,79415,0,0,0,0,1669,0,0,0,0,2532,9400
242,W2,4,4,8,8,0,0,0,0,0,0,0,410,410,389,0,10,10,10,400,400,379,94.878049,12448,49748,25.022111,20,20,30,30,1669,1356,1227,53,1616,98825,80191,0,0,0,0,1669,0,0,0,0,2474,9400
243,W2,4,4,8,8,0,0,0,0,0,0,0,410,410,0,0,10,10,0,400,400,0,0.000000,0,49688,0.000000,0,0,0,0,1670,1349,1228,53,1617,98885,79771,0,0,0,0,1670,0,0,0,0,2496,9400
244,W2,4,4,8,8,0,0,0,0,0,0,0,410,410,0,0,10,10,0,400,400,0,0.000000,0,49714,0.000000,0,0,0,0,1654,1313,1213,49,1605,98020,77686,0,0,0,0,1654,0,0,0,0,2385,9400
245,W2,4,4,8,8,0,0,0,0,0,0,0,410,410,0,0,10,10,0,400,400,0,0.000000,0,49928,0.000000,0,0,0,0,1644,1325,1202,41,1603,97601,78501,0,0,0,0,1644,0,0,0,0,2445,9400
246,W2,4,4,8,8,0,0,0,0,0,0,0,410,410,0,0,10,10,0,400,400,0,0.000000,0,49508,0.000000,0,0,0,0,1652,1334,1210,41,1611,98081,79070,0,0,0,0,1652,0,0,0,0,2491,9400
247,W2,4,4,8,8,0,0,0,0,0,0,0,410,410,0,0,10,10,0,400,400,0,0.000000,0,49234,0.000000,0,0,0,0,877,496,436,61,816,51124,28327,0,0,0,0,877,0,0,0,0,1081,9400
248,W2,4,4,8,8,0,0,0,0,0,0,0,410,410,0,0,10,10,0,400,400,0,0.000000,0,49628,0.000000,0,0,0,0,1647,1342,1205,41,1606,97781,79518,0,0,0,0,1647,0,0,0,0,2394,9400
249,W2,4,4,8,8,0,0,0,0,0,0,0,410,410,0,0,10,10,0,400,400,0,0.000000,0,49688,0.000000,0,0,0,0,1644,1336,1202,41,1603,97601,79207,0,0,0,0,1644,0,0,0,0,2404,9400
250,W2,4,4,7,7,0,0,0,0,0,0,0,410,410,0,0,10,10,0,400,400,0,0.000000,0,49508,0.000000,0,0,0,0,1641,1314,1199,41,1600,97421,77939,0,0,0,0,1641,0,0,0,0,2384,9400
251,W2,4,4,8,8,0,0,0,0,0,0,0,410,410,0,0,10,10,0,400,400,0,0.000000,0,49954,0.000000,0,0,0,0,1656,1324,1215,40,1616,98347,78461,0,0,0,0,1656,0,0,0,0,2448,9400
252,W2,4,4,8,8,0,0,0,0,0,0,0,410,410,0,0,10,10,0,400,400,0,0.000000,0,50014,0.000000,0,0,0,0,1643,1327,1202,40,1603,97567,78667,0,0,0,0,1643,0,0,0,0,2407,9400
253,W2,4,4,8,8,0,0,0,0,0,0,0,410,410,0,0,10,10,0,400,400,0,0.000000,0,49868,0.000000,0,0,0,0,1655,1343,1213,41,1614,98261,79705,0,0,0,0,1655,0,0,0,0,2357,9400
254,W2,4,4,8,8,0,0,0,0,0,0,0,410,410,396,0,10,10,9,400,400,387,96.585366,12672,49868,25.411085,20,20,20,30,879,484,437,71,808,51011,27604,0,0,0,0,879,0,0,0,0,1093,9400
255,W2,4,4,8,8,0,0,0,0,0,0,0,410,410,0,0,10,10,0,400,400,0,0.000000,0,49654,0.000000,0,0,0,0,1638,1329,1197,40,1598,97267,78813,0,0,0,0,1638,0,0,0,0,2470,9400
256,W2,4,4,8,8,0,0,0,0,0,0,0,410,410,390,0,10,10,10,400,400,380,95.121951,12480,49568,25.177534,20,20,30,30,1655,1339,1213,38,1617,98330,79488,0,0,0,0,1655,0,0,0,0,2476,9400
257,W2,4,4,8,8,0,0,0,0,0,0,0,410,410,0,0,10,10,0,400,400,0,0.000000,0,49354,0.000000,0,0,0,0,1671,1351,1230,52,1619,98971,79981,0,0,0,0,1671,0,0,0,0,2586,9400
258,W2,4,4,8,8,0,0,0,0,0,0,0,410,410,0,0,10,10,0,400,400,0,0.000000,0,49654,0.000000,0,0,0,0,1658,1343,1217,58,1600,98053,79423,0,0,0,0,1658,0,0,0,0,2363,9400
259,W2,4,4,8,8,0,0,0,0,0,0,0,410,410,389,0,10,10,10,400,400,379,94.878049,12448,49268,25.265893,20,20,30,30,1663,1329,1221,53,1610,98465,78508,0,0,0,0,1663,0,0,0,0,2442,9400
260,W2,4,4,8,8,0,0,0,0,0,0,0,410,410,385,0,10,10,10,400,400,375,93.902439,12320,49388,24.945331,20,20,30,30,1666,1342,1224,59,1607,98507,79363,0,0,0,0,1666,0,0,0,0,2469,9400
261,W2,4,3,8,8,0,0,0,0,0,0,0,410,410,0,0,10,10,0,400,400,0,0.000000,0,49356,0.000000,0,0,0,0,1345,1008,911,45,1300,79593,59459,0,0,0,0,1345,0,0,0,0,1869,9400
262,W2,4,4,8,8,0,0,0,0,0,0,0,410,410,0,0,10,10,0,400,400,0,0.000000,0,49868,0.000000,0,0,0,0,1656,1328,1214,56,1600,97976,78494,0,0,0,0,1656,0,0,0,0,2429,9400
263,W2,4,4,7,7,0,0,0,0,0,0,0,410,410,0,0,10,10,0,400,400,0,0.000000,0,49868,0.000000,0,0,0,0,1667,1322,1225,59,1608,98567,78183,0,0,0,0,1667,0,0,0,0,2438,9400
264,W2,4,4,7,7,0,0,0,0,0,0,0,410,410,390,0,10,10,10,400,400,380,95.121951,12480,49748,25.086436,20,20,30,30,1673,1347,1231,59,1614,98927,79686,0,0,0,0,1673,0,0,0,0,2418,9400
265,W2,4,4,7,7,0,0,0,0,0,0,0,410,410,0,0,10,10,0,400,400,0,0.000000,0,49688,0.000000,0,0,0,0,1667,1329,1225,59,1608,98567,78632,0,0,0,0,1667,0,0,0,0,2493,9400
266,W2,4,4,8,8,0,0,0,0,0,0,0,410,410,0,0,10,10,0,400,400,0,0.000000,0,49826,0.000000,0,0,0,0,1655,1329,1216,41,1614,98270,78868,0,0,0,0,1655,0,0,0,0,2411,9400
267,W2,4,4,8,8,0,0,0,0,0,0,0,410,410,0,0,10,10,0,400,400,0,0.000000,0,49774,0.000000,0,0,0,0,1655,1350,1214,43,1612,98218,79851,0,0,0,0,1655,0,0,0,0,2438,9400
268,W2,4,4,8,8,0,0,0,0,0,0,0,410,410,395,0,10,10,10,400,400,385,96.341463,12640,49774,25.394784,20,20,30,30,1657,1333,1216,43,1614,98338,79082,0,0,0,0,1657,0,0,0,0,2531,9400
269,W2,4,4,8,8,0,0,0,0,0,0,0,410,410,0,0,10,10,0,400,400,0,0.000000,0,49508,0.000000,0,0,0,0,1679,1350,1237,59,1620,99287,79814,0,0,0,0,1679,0,0,0,0,2477,9400
270,W2,4,4,8,8,0,0,0,0,0,0,0,410,410,0,0,10,10,0,400,400,0,0.000000,0,49714,0.000000,0,0,0,0,1663,1338,1222,58,1605,98353,79120,0,0,0,0,1663,0,0,0,0,2429,9400
271,W2,4,4,8,8,0,0,0,0,0,0,0,410,410,393,0,10,10,10,400,400,383,95.853659,12576,49834,25.235783,20,20,30,30,1672,1334,1231,58,1614,98893,78984,0,0,0,0,1672,0,0,0,0,2434,9400
272,W2,4,4,7,7,0,0,0,0,0,0,0,410,410,384,0,10,10,8,400,400,376,93.658537,12288,49568,24.790187,20,20,30,30,1660,1325,1218,59,1601,98147,78268,0,0,0,0,1660,0,0,0,0,2521,9400
273,W2,4,4,7,7,0,0,0,0,0,0,0,410,410,0,0,10,10,0,400,400,0,0.000000,0,49448,0.000000,0,0,0,0,1669,1345,1227,59,1610,98687,79566,0,0,0,0,1669,0,0,0,0,2562,9400
274,W2,4,4,7,7,0,0,0,0,0,0,0,410,410,396,0,10,10,10,400,400,386,96.585366,12672,49628,25.533973,20,20,30,30,1670,1343,1228,59,1611,98747,79371,0,0,0,0,1670,0,0,0,0,2419,9400
275,W2,4,4,8,8,0,0,0,0,0,0,0,410,410,391,0,10,10,10,400,400,381,95.365854,12512,49594,25.228858,20,20,30,30,1667,1337,1226,58,1609,98593,79040,0,0,0,0,1667,0,0,0,0,2468,9400
276,W2,4,4,7,7,0,0,0,0,0,0,0,410,410,0,0,10,10,0,400,400,0,0.000000,0,49388,0.000000,0,0,0,0,1665,1346,1223,53,1612,98585,79525,0,0,0,0,1665,0,0,0,0,2532,9400
277,W2,4,4,7,7,0,0,0,0,0,0,0,410,410,0,0,10,10,0,400,400,0,0.000000,0,49928,0.000000,0,0,0,0,1676,1356,1234,59,1617,99107,80073,0,0,0,0,1676,0,0,0,0,2387,9400
278,W2,4,4,8,8,0,0,0,0,0,0,0,410,410,385,0,10,10,9,400,400,376,93.902439,12320,49628,24.824696,20,20,30,30,1671,1353,1229,59,1612,98807,79899,0,0,0,0,1671,0,0,0,0,2489,9400
279,W2,4,4,8,8,0,0,0,0,0,0,0,410,410,389,0,10,10,10,400,400,379,94.878049,12448,49894,24.948892,20,20,30,30,1664,1334,1223,58,1606,98413,78808,0,0,0,0,1664,0,0,0,0,2442,9400
280,W2,4,4,7,7,0,0,0,0,0,0,0,410,410,0,0,10,10,0,400,400,0,0.000000,0,49568,0.000000,0,0,0,0,1661,1328,1219,50,1611,98414,78445,0,0,0,0,1661,0,0,0,0,2404,9400
281,W2,4,4,7,7,0,0,0,0,0,0,0,410,410,0,0,10,10,0,400,400,0,0.000000,0,49714,0.000000,0,0,0,0,1671,1355,1230,58,1613,98833,80117,0,0,0,0,1671,0,0,0,0,2383,9400
282,W2,4,4,8,8,0,0,0,0,0,0,0,410,410,0,0,10,10,0,400,400,0,0.000000,0,49808,0.000000,0,0,0,0,1667,1353,1225,59,1608,98567,79919,0,0,0,0,1667,0,0,0,0,2443,9400
283,W2,4,4,8,8,0,0,0,0,0,0,0,410,410,0,0,10,10,0,400,400,0,0.000000,0,49628,0.000000,0,0,0,0,1669,1346,1227,59,1610,98687,79600,0,0,0,0,1669,0,0,0,0,2419,9400
284,W2,4,4,8,8,0,0,0,0,0,0,0,410,410,0,0,10,10,0,400,400,0,0.000000,0,49748,0.000000,0,0,0,0,1663,1332,1221,47,1616,98603,78973,0,0,0,0,1663,0,0,0,0,2402,9400
285,W2,4,3,7,8,0,0,0,0,0,0,0,410,410,380,0,10,10,8,400,400,372,92.682927,12160,48996,24.818353,20,20,30,30,1047,677,613,44,1003,61736,39625,0,0,0,0,1047,0,0,0,0,1376,9400
286,W2,4,4,8,8,0,0,0,0,0,0,0,410,410,0,0,10,10,0,400,400,0,0.000000,0,49594,0.000000,0,0,0,0,1653,1327,1212,46,1607,98029,78676,0,0,0,0,1653,0,0,0,0,2450,9400
287,W2,4,4,6,6,0,0,0,0,0,0,0,410,410,0,0,10,10,0,400,400,0,0.000000,0,49688,0.000000,0,0,0,0,1663,1328,1221,59,1604,98327,78520,0,0,0,0,1663,0,0,0,0,2364,9400
288,W2,4,4,7,7,0,0,0,0,0,0,0,410,410,0,0,10,10,0,400,400,0,0.000000,0,49508,0.000000,0,0,0,0,1667,1352,1225,59,1608,98567,79917,0,0,0,0,1667,0,0,0,0,2411,9400
289,W2,4,4,8,8,0,0,0,0,0,0,0,410,410,385,0,10,10,9,400,400,376,93.902439,12320,49628,24.824696,20,20,30,30,1675,1345,1233,59,1616,99047,79549,0,0,0,0,1675,0,0,0,0,2432,9400
290,W2,4,4,8,8,0,0,0,0,0,0,0,410,410,0,0,10,10,0,400,400,0,0.000000,0,49654,0.000000,0,0,0,0,1662,1334,1221,46,1616,98569,79047,0,0,0,0,1662,0,0,0,0,2488,9400
291,W2,4,4,8,8,0,0,0,0,0,0,0,410,410,0,0,10,10,0,400,400,0,0.000000,0,49568,0.000000,0,0,0,0,1657,1330,1215,47,1610,98243,78775,0,0,0,0,1657,0,0,0,0,2483,9400
292,W2,4,4,8,8,0,0,0,0,0,0,0,410,410,390,0,10,10,9,400,400,381,95.121951,12480,49534,25.194816,20,20,30,30,1652,1336,1211,46,1606,97969,79109,0,0,0,0,1652,0,0,0,0,2383,9400
293,W2,4,4,8,8,0,0,0,0,0,0,0,410,410,0,0,10,10,0,400,400,0,0.000000,0,49654,0.000000,0,0,0,0,1652,1324,1211,40,1612,98107,78565,0,0,0,0,1652,0,0,0,0,2392,9400
294,W2,4,4,8,8,0,0,0,0,0,0,0,410,410,0,0,10,10,0,400,400,0,0.000000,0,49868,0.000000,0,0,0,0,1657,1329,1215,44,1613,98312,78770,0,0,0,0,1657,0,0,0,0,2440,9400
295,W2,4,4,8,8,0,0,0,0,0,0,0,410,410,0,0,10,10,0,400,400,0,0.000000,0,49586,0.000000,0,0,0,0,1646,1326,1207,41,1605,97730,78740,0,0,0,0,1646,0,0,0,0,2425,9400
296,W2,4,4,8,8,0,0,0,0,0,0,0,410,410,389,0,10,10,9,400,400,380,94.878049,12448,49688,25.052327,20,20,30,30,1654,1346,1212,41,1613,98201,79807,0,0,0,0,1654,0,0,0,0,2614,9400
297,W2,4,4,8,8,0,0,0,0,0,0,0,410,410,0,0,10,10,0,400,400,0,0.000000,0,49808,0.000000,0,0,0,0,1659,1344,1217,38,1621,98570,79710,0,0,0,0,1659,0,0,0,0,2398,9400
298,W2,4,4,8,8,0,0,0,0,0,0,0,410,410,393,0,10,10,9,400,400,384,95.853659,12576,49808,25.248956,20,20,30,30,1650,1332,1208,41,1609,97961,78993,0,0,0,0,1650,0,0,0,0,2409,9400
299,W2,4,4,8,8,0,0,0,0,0,0,0,410,410,0,0,10,10,0,400,400,0,0.000000,0,49628,0.000000,0,0,0,0,1650,1325,1208,44,1606,97892,78576,0,0,0,0,1650,0,0,0,0,2382,9400
300,W2,4,4,8,8,0,0,0,0,0,0,0,410,410,383,0,10,10,10,400,400,373,93.414634,12256,49654,24.682805,20,20,30,30,1655,1335,1214,43,1612,98218,79098,0,0,0,0,1655,0,0,0,0,2508,9400
301,W2,4,4,8,8,0,0,0,0,0,0,0,410,410,0,0,10,10,0,400,400,0,0.000000,0,49620,0.000000,0,0,0,0,1264,910,824,57,1207,74439,53420,0,0,0,0,1264,0,0,0,0,1789,9400
302,W2,4,4,8,8,0,0,0,0,0,0,0,410,410,387,0,10,10,10,400,400,377,94.390244,12384,49328,25.105417,20,20,30,30,1661,1331,1219,56,1605,98276,78602,0,0,0,0,1661,0,0,0,0,2410,9400
303,W2,4,4,8,8,0,0,0,0,0,0,0,410,410,0,0,10,10,0,400,400,0,0.000000,0,49688,0.000000,0,0,0,0,1676,1347,1234,59,1617,99107,79637,0,0,0,0,1676,0,0,0,0,2469,9400
304,W2,4,4,7,7,0,0,0,0,0,0,0,410,410,396,0,10,10,10,400,400,386,96.585366,12672,49688,25.503140,20,20,30,30,1668,1341,1226,59,1609,98627,79303,0,0,0,0,1668,0,0,0,0,2441,9400
305,W2,4,4,8,8,0,0,0,0,0,0,0,410,410,0,0,10,10,0,400,400,0,0.000000,0,49508,0.000000,0,0,0,0,1672,1332,1230,59,1613,98867,78766,0,0,0,0,1672,0,0,0,0,2610,9400
306,W2,4,4,8,8,0,0,0,0,0,0,0,410,410,0,0,10,10,0,400,400,0,0.000000,0,49508,0.000000,0,0,0,0,1667,1335,1225,59,1608,98567,78923,0,0,0,0,1667,0,0,0,0,2487,9400
307,W2,4,4,7,7,0,0,0,0,0,0,0,410,410,0,0,10,10,0,400,400,0,0.000000,0,49568,0.000000,0,0,0,0,1667,1339,1225,59,1608,98567,79186,0,0,0,0,1667,0,0,0,0,2477,9400
308,W2,4,4,7,7,0,0,0,0,0,0,0,410,410,382,0,10,10,8,400,400,374,93.170732,12224,49260,24.815266,20,20,30,30,1666,1338,1226,57,1609,98559,79178,0,0,0,0,1666,0,0,0,0,2438,9400
309,W2,4,4,7,7,0,0,0,0,0,0,0,410,410,0,0,10,10,0,400,400,0,0.000000,0,49568,0.000000,0,0,0,0,1657,1317,1215,59,1598,97967,77866,0,0,0,0,1657,0,0,0,0,2467,9400
310,W2,4,4,8,8,0,0,0,0,0,0,0,410,410,391,0,10,10,10,400,400,381,95.365854,12512,49560,25.246166,20,20,30,30,1666,1347,1226,57,1609,98559,79458,0,0,0,0,1666,0,0,0,0,2426,9400
311,W2,4,4,8,8,0,0,0,0,0,0,0,410,410,397,0,10,10,10,400,400,387,96.829268,12704,49928,25.444640,20,20,30,30,1668,1332,1226,59,1609,98627,78734,0,0,0,0,1668,0,0,0,0,2369,9400
312,W2,4,4,8,8,0,0,0,0,0,0,0,410,410,397,0,10,10,10,400,400,387,96.829268,12704,49748,25.536705,20,20,30,30,1663,1347,1221,59,1604,98327,79608,0,0,0,0,1663,0,0,0,0,2421,9400
313,W2,4,4,8,8,0,0,0,0,0,0,0,410,410,0,0,10,10,0,400,400,0,0.000000,0,49808,0.000000,0,0,0,0,1678,1334,1236,59,1619,99227,78906,0,0,0,0,1678,0,0,0,0,2419,9400
314,W2,4,4,8,8,0,0,0,0,0,0,0,410,410,0,0,10,10,0,400,400,0,0.000000,0,49414,0.000000,0,0,0,0,1661,1342,1220,46,1615,98509,79357,0,0,0,0,1661,0,0,0,0,2425,9400
315,W2,4,4,8,8,0,0,0,0,0,0,0,410,410,0,0,10,10,0,400,400,0,0.000000,0,50074,0.000000,0,0,0,0,1656,1339,1215,52,1604,98071,79327,0,0,0,0,1656,0,0,0,0,2418,9400
316,W2,4,4,8,8,0,0,0,0,0,0,0,410,410,0,0,10,10,0,400,400,0,0.000000,0,49534,0.000000,0,0,0,0,1660,1337,1219,52,1608,98311,79207,0,0,0,0,1660,0,0,0,0,2488,9400
317,W2,4,4,8,8,0,0,0,0,0,0,0,410,410,0,0,10,10,0,400,400,0,0.000000,0,49868,0.000000,0,0,0,0,1647,1335,1205,35,1612,97919,79193,0,0,0,0,1647,0,0,0,0,2487,9400
318,W2,4,4,8,8,0,0,0,0,0,0,0,410,410,0,0,10,10,0,400,400,0,0.000000,0,49654,0.000000,0,0,0,0,1639,1330,1198,34,1605,97465,78945,0,0,0,0,1639,0,0,0,0,2458,9400
319,W2,4,4,7,7,0,0,0,0,0,0,0,410,410,0,0,10,10,0,400,400,0,0.000000,0,49688,0.000000,0,0,0,0,1645,1333,1203,32,1613,97868,79096,0,0,0,0,1645,0,0,0,0,2597,9400
320,W2,4,4,8,8,0,0,0,0,0,0,0,410,410,0,0,10,10,0,400,400,0,0.000000,0,49628,0.000000,0,0,0,0,1655,1340,1213,53,1602,97985,79260,0,0,0,0,1655,0,0,0,0,2484,9400
321,W2,4,4,8,8,0,0,0,0,0,0,0,410,410,394,0,10,10,10,400,400,384,96.097561,12608,49748,25.343732,20,20,30,30,1668,1341,1226,59,1609,98627,79297,0,0,0,0,1668,0,0,0,0,2456,9400
322,W2,4,4,8,8,0,0,0,0,0,0,0,410,410,0,0,10,10,0,400,400,0,0.000000,0,49714,0.000000,0,0,0,0,1679,1349,1238,58,1621,99313,79881,0,0,0,0,1679,0,0,0,0,2455,9400
323,W2,4,4,7,7,0,0,0,0,0,0,0,410,410,0,0,10,10,0,400,400,0,0.000000,0,49568,0.000000,0,0,0,0,1655,1320,1213,53,1602,97985,78086,0,0,0,0,1655,0,0,0,0,2526,9400
324,W2,4,4,7,7,0,0,0,0,0,0,0,410,410,0,0,10,10,0,400,400,0,0.000000,0,49568,0.000000,0,0,0,0,1671,1357,1229,53,1618,98945,80280,0,0,0,0,1671,0,0,0,0,2507,9400
325,W2,4,4,7,7,0,0,0,0,0,0,0,410,410,0,0,10,10,0,400,400,0,0.000000,0,49500,0.000000,0,0,0,0,1665,1349,1225,51,1614,98637,79826,0,0,0,0,1665,0,0,0,0,2475,9400
326,W2,4,4,8,8,0,0,0,0,0,0,0,410,410,0,0,10,10,0,400,400,0,0.000000,0,49354,0.000000,0,0,0,0,1669,1353,1228,55,1614,98782,80049,0,0,0,0,1669,0,0,0,0,2484,9400
327,W2,4,4,8,8,0,0,0,0,0,0,0,410,410,0,0,10,10,0,400,400,0,0.000000,0,49388,0.000000,0,0,0,0,1661,1338,1219,56,1605,98276,79022,0,0,0,0,1661,0,0,0,0,2431,9400
328,W2,4,4,8,8,0,0,0,0,0,0,0,410,410,393,0,10,10,9,400,400,384,95.853659,12576,49628,25.340534,20,20,30,30,1661,1328,1219,56,1605,98276,78474,0,0,0,0,1661,0,0,0,0,2563,9400
329,W2,4,4,8,8,0,0,0,0,0,0,0,410,410,0,0,10,10,0,400,400,0,0.000000,0,49534,0.000000,0,0,0,0,1679,1344,1238,58,1621,99313,79457,0,0,0,0,1679,0,0,0,0,2480,9400
330,W2,4,4,8,8,0,0,0,0,0,0,0,410,410,389,0,10,10,9,400,400,380,94.878049,12448,49440,25.177994,20,20,30,30,1655,1330,1215,57,1598,97899,78770,0,0,0,0,1655,0,0,0,0,2500,9400
331,W2,4,4,8,8,0,0,0,0,0,0,0,410,410,0,0,10,10,0,400,400,0,0.000000,0,50048,0.000000,0,0,0,0,1668,1343,1226,59,1609,98627,79365,0,0,0,0,1668,0,0,0,0,2396,9400
332,W2,4,4,8,8,0,0,0,0,0,0,0,410,410,0,0,10,10,0,400,400,0,0.000000,0,49388,0.000000,0,0,0,0,1645,1351,1203,38,1607,97730,80035,0,0,0,0,1645,0,0,0,0,2462,9400
333,W2,4,4,8,8,0,0,0,0,0,0,0,410,410,0,0,10,10,0,400,400,0,0.000000,0,49440,0.000000,0,0,0,0,1266,914,826,51,1215,74697,53637,0,0,0,0,1266,0,0,0,0,1792,9400
334,W2,4,4,8,8,0,0,0,0,0,0,0,410,410,386,0,10,10,10,400,400,376,94.146341,12352,49628,24.889175,20,20,30,30,1262,918,820,53,1209,74405,53877,0,0,0,0,1262,0,0,0,0,1757,9400
335,W2,4,4,7,7,0,0,0,0,0,0,0,410,410,0,0,10,10,0,400,400,0,0.000000,0,49928,0.000000,0,0,0,0,1667,1353,1225,53,1614,98705,80063,0,0,0,0,1667,0,0,0,0,2660,9400
336,W2,4,4,7,7,0,0,0,0,0,0,0,410,410,0,0,10,10,0,400,400,0,0.000000,0,49628,0.000000,0,0,0,0,1666,1340,1224,53,1613,98645,79211,0,0,0,0,1666,0,0,0,0,2455,9400
337,W2,4,4,7,7,0,0,0,0,0,0,0,410,410,0,0,10,10,0,400,400,0,0.000000,0,49388,0.000000,0,0,0,0,1659,1332,1217,53,1606,98225,78884,0,0,0,0,1659,0,0,0,0,2448,9400
338,W2,4,4,8,8,0,0,0,0,0,0,0,410,410,387,0,10,10,9,400,400,378,94.390244,12384,49440,25.048544,20,20,30,30,1664,1330,1224,57,1607,98439,78724,0,0,0,0,1664,0,0,0,0,2456,9400
339,W2,4,4,7,7,0,0,0,0,0,0,0,410,410,0,0,10,10,0,400,400,0,0.000000,0,49654,0.000000,0,0,0,0,1667,1352,1226,58,1609,98593,79937,0,0,0,0,1667,0,0,0,0,2476,9400
340,W2,4,4,8,8,0,0,0,0,0,0,0,410,410,0,0,10,10,0,400,400,0,0.000000,0,49508,0.000000,0,0,0,0,1664,1332,1222,59,1605,98387,78763,0,0,0,0,1664,0,0,0,0,2400,9400
341,W2,4,4,8,8,0,0,0,0,0,0,0,410,410,387,0,10,10,10,400,400,377,94.390244,12384,49808,24.863476,20,20,30,30,1674,1355,1232,59,1615,98987,80071,0,0,0,0,1674,0,0,0,0,2430,9400
342,W2,1,1,6,6,0,0,0,0,0,0,0,410,410,0,0,10,10,0,400,400,0,0.000000,0,49018,0.000000,0,0,0,0,417,24,0,7,410,24838,867,0,0,0,0,417,0,0,0,0,234,9400
343,W2,1,1,6,6,0,0,0,0,0,0,0,410,410,392,0,10,10,10,400,400,382,95.609756,12544,48872,25.667049,20,20,30,30,418,23,0,8,410,24872,827,0,0,0,0,418,0,0,0,0,228,9400
344,W2,1,1,6,6,0,0,0,0,0,0,0,410,410,395,0,10,10,10,400,400,385,96.341463,12640,48812,25.895272,20,20,30,30,418,17,0,8,410,24872,605,0,0,0,0,418,0,0,0,0,206,9400
345,W2,1,1,7,7,0,0,0,0,0,0,0,410,410,0,0,10,10,0,400,400,0,0.000000,0,48872,0.000000,0,0,0,0,418,18,0,8,410,24872,639,0,0,0,0,418,0,0,0,0,226,9400
346,W2,1,1,7,7,0,0,0,0,0,0,0,410,410,0,0,10,10,0,400,400,0,0.000000,0,48632,0.000000,0,0,0,0,418,17,0,8,410,24872,602,0,0,0,0,418,0,0,0,0,288,9400
347,W2,1,1,7,7,0,0,0,0,0,0,0,410,410,391,0,10,10,10,400,400,381,95.365854,12512,48872,25.601571,20,20,30,30,418,13,0,8,410,24872,457,0,0,0,0,418,0,0,0,0,245,9400
348,W2,1,1,6,6,0,0,0,0,0,0,0,410,410,0,0,10,10,0,400,400,0,0.000000,0,49172,0.000000,0,0,0,0,418,14,0,8,410,24872,494,0,0,0,0,418,0,0,0,0,229,9400
349,W2,1,1,6,6,0,0,0,0,0,0,0,410,410,0,0,10,10,0,400,400,0,0.000000,0,49052,0.000000,0,0,0,0,418,14,0,8,410,24872,494,0,0,0,0,418,0,0,0,0,202,9400
350,W2,1,1,7,7,0,0,0,0,0,0,0,410,410,397,0,10,10,10,400,400,387,96.829268,12704,49232,25.804355,20,20,30,30,418,13,0,8,410,24872,454,0,0,0,0,418,0,0,0,0,206,9400
351,W2,1,1,7,7,0,0,0,0,0,0,0,410,410,0,0,10,10,0,400,400,0,0.000000,0,48992,0.000000,0,0,0,0,418,13,0,8,410,24872,454,0,0,0,0,418,0,0,0,0,223,9400
352,W2,1,1,6,6,0,0,0,0,0,0,0,410,410,0,0,10,10,0,400,400,0,0.000000,0,48932,0.000000,0,0,0,0,418,15,0,8,410,24872,528,0,0,0,0,418,0,0,0,0,202,9400
353,W2,1,1,6,6,0,0,0,0,0,0,0,410,410,394,0,10,10,8,400,400,386,96.097561,12608,48718,25.879552,20,20,30,30,417,13,0,7,410,24838,460,0,0,0,0,417,0,0,0,0,206,9400
354,W2,1,1,6,6,0,0,0,0,0,0,0,410,410,0,0,10,10,0,400,400,0,0.000000,0,48632,0.000000,0,0,0,0,418,16,0,8,410,24872,562,0,0,0,0,418,0,0,0,0,189,9400
355,W2,1,1,6,6,0,0,0,0,0,0,0,410,410,0,0,10,10,0,400,400,0,0.000000,0,49112,0.000000,0,0,0,0,418,13,0,8,410,24872,457,0,0,0,0,418,0,0,0,0,239,9400
356,W2,1,1,5,5,0,0,0,0,0,0,0,410,410,0,0,10,10,0,400,400,0,0.000000,0,48692,0.000000,0,0,0,0,418,17,0,8,410,24872,605,0,0,0,0,418,0,0,0,0,210,9400
357,W2,1,1,5,5,0,0,0,0,0,0,0,410,410,0,0,10,10,0,400,400,0,0.000000,0,48752,0.000000,0,0,0,0,418,18,0,8,410,24872,639,0,0,0,0,418,0,0,0,0,236,9400
358,W2,1,1,5,5,0,0,0,0,0,0,0,410,410,392,0,10,10,10,400,400,382,95.609756,12544,48692,25.761932,20,20,30,30,418,18,0,8,410,24872,642,0,0,0,0,418,0,0,0,0,253,9400
359,W2,1,1,5,5,0,0,0,0,0,0,0,410,410,0,0,10,10,0,400,400,0,0.000000,0,49052,0.000000,0,0,0,0,418,19,0,8,410,24872,676,0,0,0,0,418,0,0,0,0,241,9400
360,W2,1,1,5,5,0,0,0,0,0,0,0,410,410,0,0,10,10,0,400,400,0,0.000000,0,48692,0.000000,0,0,0,0,418,17,0,8,410,24872,605,0,0,0,0,418,0,0,0,0,278,9400
361,W2,1,1,5,5,0,0,0,0,0,0,0,410,410,395,0,10,10,10,400,400,385,96.341463,12640,48778,25.913322,20,20,30,30,417,16,0,7,410,24838,571,0,0,0,0,417,0,0,0,0,226,9400
362,W2,1,1,6,6,0,0,0,0,0,0,0,410,410,0,0,10,10,0,400,400,0,0.000000,0,48752,0.000000,0,0,0,0,418,18,0,8,410,24872,642,0,0,0,0,418,0,0,0,0,253,9400
363,W2,1,1,6,6,0,0,0,0,0,0,0,410,410,391,0,10,10,10,400,400,381,95.365854,12512,48932,25.570179,20,20,30,30,418,18,0,8,410,24872,645,0,0,0,0,418,0,0,0,0,234,9400
364,W2,1,1,6,6,0,0,0,0,0,0,0,410,410,392,0,10,10,9,400,400,383,95.609756,12544,48992,25.604180,20,20,30,30,418,16,0,8,410,24872,571,0,0,0,0,418,0,0,0,0,260,9400
365,W2,1,1,6,6,0,0,0,0,0,0,0,410,410,0,0,10,10,0,400,400,0,0.000000,0,49112,0.000000,0,0,0,0,418,19,0,8,410,24872,679,0,0,0,0,418,0,0,0,0,229,9400
366,W2,1,1,7,7,0,0,0,0,0,0,0,410,410,0,0,10,10,0,400,400,0,0.000000,0,49112,0.000000,0,0,0,0,418,15,0,8,410,24872,531,0,0,0,0,418,0,0,0,0,235,9400
367,W2,1,1,7,7,0,0,0,0,0,0,0,410,410,397,0,10,10,10,400,400,387,96.829268,12704,49232,25.804355,20,20,30,30,418,19,0,8,410,24872,673,0,0,0,0,418,0,0,0,0,263,9400
368,W2,1,1,7,7,0,0,0,0,0,0,0,410,410,0,0,10,10,0,400,400,0,0.000000,0,48838,0.000000,0,0,0,0,417,17,0,7,410,24838,611,0,0,0,0,417,0,0,0,0,223,9400
369,W2,1,1,7,7,0,0,0,0,0,0,0,410,410,392,0,10,10,10,400,400,382,95.609756,12544,49052,25.572861,20,20,30,30,418,17,0,8,410,24872,605,0,0,0,0,418,0,0,0,0,229,9400
370,W2,1,1,7,7,0,0,0,0,0,0,0,410,410,0,0,10,10,0,400,400,0,0.000000,0,48752,0.000000,0,0,0,0,418,18,0,8,410,24872,639,0,0,0,0,418,0,0,0,0,228,9400
371,W2,1,1,6,6,0,0,0,0,0,0,0,410,410,389,0,10,10,9,400,400,380,94.878049,12448,48538,25.645886,20,20,30,30,417,19,0,7,410,24838,676,0,0,0,0,417,0,0,0,0,281,9400
372,W2,1,1,6,6,0,0,0,0,0,0,0,410,410,0,0,10,10,0,400,400,0,0.000000,0,48812,0.000000,0,0,0,0,418,17,0,8,410,24872,605,0,0,0,0,418,0,0,0,0,235,9400
373,W2,1,1,7,7,0,0,0,0,0,0,0,410,410,0,0,10,10,0,400,400,0,0.000000,0,48332,0.000000,0,0,0,0,418,18,0,8,410,24872,642,0,0,0,0,418,0,0,0,0,255,9400
374,W2,1,1,7,7,0,0,0,0,0,0,0,410,410,0,0,10,10,0,400,400,0,0.000000,0,48932,0.000000,0,0,0,0,418,18,0,8,410,24872,639,0,0,0,0,418,0,0,0,0,244,9400
375,W2,1,1,7,7,0,0,0,0,0,0,0,410,410,387,0,10,10,10,400,400,377,94.390244,12384,48812,25.370810,20,20,30,30,418,18,0,8,410,24872,639,0,0,0,0,418,0,0,0,0,218,9400
376,W2,1,1,6,6,0,0,0,0,0,0,0,410,410,0,0,10,10,0,400,400,0,0.000000,0,48872,0.000000,0,0,0,0,418,16,0,8,410,24872,571,0,0,0,0,418,0,0,0,0,257,9400
377,W2,1,1,7,7,1,0,0,0,4,0,0,410,410,0,0,10,10,0,400,400,0,0.000000,0,24485,0.000000,0,0,0,0,214,16,0,14,200,12494,568,0,0,0,0,214,0,6,0,0,329,9400
378,W2,1,1,8,8,1,0,0,0,4,0,0,410,410,0,0,10,10,0,400,400,0,0.000000,0,24185,0.000000,0,0,0,0,214,18,0,14,200,12494,636,0,0,0,0,214,0,6,0,0,248,9400
379,W2,1,1,7,7,0,0,0,0,0,0,0,410,410,0,0,10,10,0,400,400,0,0.000000,0,48692,0.000000,0,0,0,0,418,14,0,8,410,24872,497,0,0,0,0,418,0,0,0,0,217,9400
380,W2,1,1,7,7,0,0,0,0,0,0,0,410,410,0,0,10,10,0,400,400,0,0.000000,0,48392,0.000000,0,0,0,0,418,17,0,8,410,24872,605,0,0,0,0,418,0,0,0,0,210,9400
381,W2,1,1,6,6,0,0,0,0,0,0,0,410,410,385,0,10,10,7,400,400,378,93.902439,12320,48512,25.395778,20,20,30,30,418,18,0,8,410,24872,639,0,0,0,0,418,0,0,0,0,215,9400
382,W2,1,1,6,6,0,0,0,0,0,0,0,410,410,389,0,10,10,10,400,400,379,94.878049,12448,49052,25.377151,20,20,30,30,418,17,0,8,410,24872,605,0,0,0,0,418,0,0,0,0,194,9400
383,W2,1,1,7,7,0,0,0,0,0,0,0,410,410,0,0,10,10,0,400,400,0,0.000000,0,48512,0.000000,0,0,0,0,418,11,0,8,410,24872,383,0,0,0,0,418,0,0,0,0,189,9400
384,W2,1,1,6,6,0,0,0,0,0,0,0,410,410,384,0,10,10,10,400,400,374,93.658537,12288,48632,25.267314,20,20,30,30,418,11,0,8,410,24872,383,0,0,0,0,418,0,0,0,0,214,9400
385,W2,1,1,7,7,0,0,0,0,0,0,0,410,410,0,0,10,10,0,400,400,0,0.000000,0,48898,0.000000,0,0,0,0,417,11,0,7,410,24838,386,0,0,0,0,417,0,0,0,0,217,9400
386,W2,1,1,7,7,0,0,0,0,0,0,0,410,410,0,0,10,10,0,400,400,0,0.000000,0,49112,0.000000,0,0,0,0,418,10,0,8,410,24872,349,0,0,0,0,418,0,0,0,0,218,9400
387,W2,1,1,7,7,0,0,0,0,0,0,0,410,410,0,0,10,10,0,400,400,0,0.000000,0,48692,0.000000,0,0,0,0,418,11,0,8,410,24872,383,0,0,0,0,418,0,0,0,0,226,9400
388,W2,1,1,7,7,0,0,0,0,0,0,0,410,410,387,0,10,10,9,400,400,378,94.390244,12384,48692,25.433336,20,20,30,30,418,11,0,8,410,24872,383,0,0,0,0,418,0,0,0,0,214,9400
389,W2,1,1,7,7,0,0,0,0,0,0,0,410,410,0,0,10,10,0,400,400,0,0.000000,0,48872,0.000000,0,0,0,0,418,12,0,8,410,24872,420,0,0,0,0,418,0,0,0,0,197,9400
390,W2,1,1,6,6,0,0,0,0,0,0,0,410,410,393,0,10,10,10,400,400,383,95.853659,12576,48752,25.795865,20,20,30,30,418,14,0,8,410,24872,485,0,0,0,0,418,0,0,0,0,299,9400
391,W2,1,1,7,7,0,0,0,0,0,0,0,410,410,0,0,10,10,0,400,400,0,0.000000,0,48812,0.000000,0,0,0,0,418,11,0,8,410,24872,383,0,0,0,0,418,0,0,0,0,214,9400
392,W2,1,1,6,6,0,0,0,0,0,0,0,410,410,0,0,10,10,0,400,400,0,0.000000,0,48752,0.000000,0,0,0,0,418,23,0,8,410,24872,824,0,0,0,0,418,0,0,0,0,258,9400
393,W2,1,1,6,6,0,0,0,0,0,0,0,410,410,0,0,10,10,0,400,400,0,0.000000,0,48932,0.000000,0,0,0,0,418,18,0,8,410,24872,642,0,0,0,0,418,0,0,0,0,242,9400
394,W2,1,1,6,6,0,0,0,0,0,0,0,410,410,0,0,10,10,0,400,400,0,0.000000,0,48512,0.000000,0,0,0,0,418,20,0,8,410,24872,716,0,0,0,0,418,0,0,0,0,312,9400
395,W2,1,1,6,6,0,0,0,0,0,0,0,410,410,389,0,10,10,10,400,400,379,94.878049,12448,48872,25.470617,20,20,30,30,418,18,0,8,410,24872,633,0,0,0,0,418,0,0,0,0,224,9400
396,W2,1,1,6,6,0,0,0,0,0,0,0,410,410,0,0,10,10,0,400,400,0,0.000000,0,48992,0.000000,0,0,0,0,418,17,0,8,410,24872,596,0,0,0,0,418,0,0,0,0,221,9400
397,W2,1,1,6,6,0,0,0,0,0,0,0,410,410,387,0,10,10,9,400,400,378,94.390244,12384,48692,25.433336,20,20,30,30,418,14,0,8,410,24872,494,0,0,0,0,418,0,0,0,0,221,9400
398,W2,1,1,6,6,0,0,0,0,0,0,0,410,410,388,0,10,10,9,400,400,379,94.634146,12416,48632,25.530515,20,20,30,30,418,14,0,8,410,24872,494,0,0,0,0,418,0,0,0,0,221,9400
399,W2,1,1,6,6,0,0,0,0,0,0,0,410,410,0,0,10,10,0,400,400,0,0.000000,0,48512,0.000000,0,0,0,0,418,15,0,8,410,24872,525,0,0,0,0,418,0,0,0,0,230,9400
400,W2,1,1,6,6,0,0,0,0,0,0,0,410,410,0,0,10,10,0,400,400,0,0.000000,0,48692,0.000000,0,0,0,0,418,13,0,8,410,24872,457,0,0,0,0,418,0,0,0,0,222,9400
401,W2,1,1,5,5,0,0,0,0,0,0,0,410,410,387,0,10,10,10,400,400,377,94.390244,12384,48898,25.326189,20,20,30,30,417,14,0,7,410,24838,500,0,0,0,0,417,0,0,0,0,234,9400
402,W2,1,1,5,5,0,0,0,0,0,0,0,410,410,0,0,10,10,0,400,400,0,0.000000,0,48932,0.000000,0,0,0,0,418,16,0,8,410,24872,565,0,0,0,0,418,0,0,0,0,227,9400
403,W2,1,1,5,5,0,0,0,0,0,0,0,410,410,388,0,10,10,10,400,400,378,94.634146,12416,48752,25.467673,20,20,30,30,418,16,0,8,410,24872,565,0,0,0,0,418,0,0,0,0,232,9400
404,W2,1,1,5,5,0,0,0,0,0,0,0,410,410,388,0,10,10,8,400,400,380,94.634146,12416,48692,25.499055,20,20,30,30,418,13,0,8,410,24872,457,0,0,0,0,418,0,0,0,0,222,9400
405,W2,1,1,6,6,0,0,0,0,0,0,0,410,410,0,0,10,10,0,400,400,0,0.000000,0,48572,0.000000,0,0,0,0,418,16,0,8,410,24872,562,0,0,0,0,418,0,0,0,0,233,9400
406,W2,1,1,5,5,0,0,0,0,0,0,0,410,410,0,0,10,10,0,400,400,0,0.000000,0,48812,0.000000,0,0,0,0,418,14,0,8,410,24872,491,0,0,0,0,418,0,0,0,0,253,9400
407,W2,1,1,5,5,0,0,0,0,0,0,0,410,410,0,0,10,10,0,400,400,0,0.000000,0,49112,0.000000,0,0,0,0,418,15,0,8,410,24872,528,0,0,0,0,418,0,0,0,0,237,9400
408,W2,1,1,5,5,0,0,0,0,0,0,0,410,410,0,0,10,10,0,400,400,0,0.000000,0,48992,0.000000,0,0,0,0,418,14,0,8,410,24872,494,0,0,0,0,418,0,0,0,0,256,9400
409,W2,1,1,5,5,0,0,0,0,0,0,0,410,410,0,0,10,10,0,400,400,0,0.000000,0,48692,0.000000,0,0,0,0,418,15,0,8,410,24872,528,0,0,0,0,418,0,0,0,0,211,9400
410,W2,1,1,5,5,0,0,0,0,0,0,0,410,410,388,0,10,10,10,400,400,378,94.634146,12416,48812,25.436368,20,20,30,30,418,12,0,8,410,24872,426,0,0,0,0,418,0,0,0,0,230,9400
411,W2,1,1,5,5,0,0,0,0,0,0,0,410,410,0,0,10,10,0,400,400,0,0.000000,0,48812,0.000000,0,0,0,0,418,15,0,8,410,24872,531,0,0,0,0,418,0,0,0,0,225,9400
412,W2,1,1,5,5,0,0,0,0,0,0,0,410,410,394,0,10,10,10,400,400,384,96.097561,12608,48992,25.734814,20,20,30,30,418,14,0,8,410,24872,494,0,0,0,0,418,0,0,0,0,244,9400
413,W2,1,1,5,5,0,0,0,0,0,0,0,410,410,393,0,10,10,10,400,400,383,95.853659,12576,48992,25.669497,20,20,30,30,418,17,0,8,410,24872,599,0,0,0,0,418,0,0,0,0,233,9400
414,W2,1,1,5,5,0,0,0,0,0,0,0,410,410,0,0,10,10,0,400,400,0,0.000000,0,48838,0.000000,0,0,0,0,417,14,0,7,410,24838,497,0,0,0,0,417,0,0,0,0,233,9400
415,W2,1,1,5,5,0,0,0,0,0,0,0,410,410,0,0,10,10,0,400,400,0,0.000000,0,49112,0.000000,0,0,0,0,418,13,0,8,410,24872,463,0,0,0,0,418,0,0,0,0,217,9400
416,W2,1,1,5,5,0,0,0,0,0,0,0,410,410,0,0,10,10,0,400,400,0,0.000000,0,49052,0.000000,0,0,0,0,418,15,0,8,410,24872,531,0,0,0,0,418,0,0,0,0,220,9400
417,W2,1,1,5,5,0,0,0,0,0,0,0,410,410,0,0,10,10,0,400,400,0,0.000000,0,48992,0.000000,0,0,0,0,418,15,0,8,410,24872,531,0,0,0,0,418,0,0,0,0,211,9400
418,W2,1,1,5,5,0,0,0,0,0,0,0,410,410,387,0,10,10,8,400,400,379,94.390244,12384,48812,25.370810,20,20,30,30,418,17,0,8,410,24872,602,0,0,0,0,418,0,0,0,0,234,9400
419,W2,1,1,7,7,0,0,0,0,0,0,0,410,410,0,0,10,10,0,400,400,0,0.000000,0,49052,0.000000,0,0,0,0,418,18,0,8,410,24872,642,0,0,0,0,418,0,0,0,0,231,9400
420,W2,1,1,7,7,0,0,0,0,0,0,0,410,410,0,0,10,10,0,400,400,0,0.000000,0,48812,0.000000,0,0,0,0,418,20,0,8,410,24872,710,0,0,0,0,418,0,0,0,0,234,9400
421,W2,1,1,6,6,0,0,0,0,0,0,0,410,410,391,0,10,10,10,400,400,381,95.365854,12512,48992,25.538863,20,20,30,30,418,17,0,8,410,24872,605,0,0,0,0,418,0,0,0,0,241,9400
422,W2,1,1,6,6,0,0,0,0,0,0,0,410,410,392,0,10,10,9,400,400,383,95.609756,12544,49052,25.572861,20,20,30,30,418,18,0,8,410,24872,642,0,0,0,0,418,0,0,0,0,229,9400
423,W2,1,1,7,7,0,0,0,0,0,0,0,410,410,0,0,10,10,0,400,400,0,0.000000,0,48992,0.000000,0,0,0,0,418,18,0,8,410,24872,639,0,0,0,0,418,0,0,0,0,230,9400
424,W2,1,1,6,6,0,0,0,0,0,0,0,410,410,0,0,10,10,0,400,400,0,0.000000,0,48872,0.000000,0,0,0,0,418,19,0,8,410,24872,673,0,0,0,0,418,0,0,0,0,229,9400
425,W2,1,1,7,7,0,0,0,0,0,0,0,410,410,386,0,10,10,9,400,400,377,94.146341,12352,48632,25.398914,20,20,30,30,418,20,0,8,410,24872,707,0,0,0,0,418,0,0,0,0,229,9400
426,W2,1,1,6,6,0,0,0,0,0,0,0,410,410,0,0,10,10,0,400,400,0,0.000000,0,48992,0.000000,0,0,0,0,418,18,0,8,410,24872,642,0,0,0,0,418,0,0,0,0,251,9400
427,W2,1,1,7,7,0,0,0,0,0,0,0,410,410,382,0,10,10,10,400,400,372,93.170732,12224,48812,25.043022,20,20,30,30,418,19,0,8,410,24872,676,0,0,0,0,418,0,0,0,0,242,9400
428,W2,1,1,6,6,0,0,0,0,0,0,0,410,410,0,0,10,10,0,400,400,0,0.000000,0,49172,0.000000,0,0,0,0,418,18,0,8,410,24872,639,0,0,0,0,418,0,0,0,0,228,9400
429,W2,1,1,6,6,0,0,0,0,0,0,0,410,410,0,0,10,10,0,400,400,0,0.000000,0,48752,0.000000,0,0,0,0,418,17,0,8,410,24872,605,0,0,0,0,418,0,0,0,0,252,9400
430,W2,1,1,5,5,0,0,0,0,0,0,0,410,410,0,0,10,10,0,400,400,0,0.000000,0,49172,0.000000,0,0,0,0,418,18,0,8,410,24872,639,0,0,0,0,418,0,0,0,0,239,9400
431,W2,1,1,6,6,0,0,0,0,0,0,0,410,410,388,0,10,10,10,400,400,378,94.634146,12416,48778,25.454098,20,20,30,30,417,17,0,7,410,24838,605,0,0,0,0,417,0,0,0,0,202,9400
432,W2,1,1,6,6,0,0,0,0,0,0,0,410,410,396,0,10,10,10,400,400,386,96.585366,12672,49052,25.833809,20,20,30,30,418,17,0,8,410,24872,605,0,0,0,0,418,0,0,0,0,210,9400
433,W2,1,1,6,6,0,0,0,0,0,0,0,410,410,0,0,10,10,0,400,400,0,0.000000,0,49112,0.000000,0,0,0,0,418,18,0,8,410,24872,642,0,0,0,0,418,0,0,0,0,212,9400
434,W2,1,1,7,7,0,0,0,0,0,0,0,410,410,0,0,10,10,0,400,400,0,0.000000,0,48932,0.000000,0,0,0,0,418,20,0,8,410,24872,710,0,0,0,0,418,0,0,0,0,230,9400
435,W2,1,1,6,6,0,0,0,0,0,0,0,410,410,0,0,10,10,0,400,400,0,0.000000,0,48632,0.000000,0,0,0,0,418,18,0,8,410,24872,639,0,0,0,0,418,0,0,0,0,207,9400
436,W2,1,1,6,6,0,0,0,0,0,0,0,410,410,390,0,10,10,10,400,400,380,95.121951,12480,48932,25.504782,20,20,30,30,418,17,0,8,410,24872,605,0,0,0,0,418,0,0,0,0,198,9400
437,W2,1,1,7,7,0,0,0,0,0,0,0,410,410,0,0,10,10,0,400,400,0,0.000000,0,48932,0.000000,0,0,0,0,418,17,0,8,410,24872,605,0,0,0,0,418,0,0,0,0,209,9400
438,W2,1,1,7,7,0,0,0,0,0,0,0,410,410,0,0,10,10,0,400,400,0,0.000000,0,49172,0.000000,0,0,0,0,418,18,0,8,410,24872,642,0,0,0,0,418,0,0,0,0,229,9400
439,W2,1,1,6,6,0,0,0,0,0,0,0,410,410,0,0,10,10,0,400,400,0,0.000000,0,48512,0.000000,0,0,0,0,418,20,0,8,410,24872,713,0,0,0,0,418,0,0,0,0,193,9400
440,W2,1,1,7,7,0,0,0,0,0,0,0,410,410,0,0,10,10,0,400,400,0,0.000000,0,48812,0.000000,0,0,0,0,418,16,0,8,410,24872,568,0,0,0,0,418,0,0,0,0,213,9400
441,W2,1,1,7,7,0,0,0,0,0,0,0,410,410,391,0,10,10,10,400,400,381,95.365854,12512,48932,25.570179,20,20,30,30,418,15,0,8,410,24872,531,0,0,0,0,418,0,0,0,0,197,9400
442,W2,1,1,6,6,0,0,0,0,0,0,0,410,410,380,0,10,10,10,400,400,370,92.682927,12160,48752,24.942566,20,20,30,30,418,16,0,8,410,24872,568,0,0,0,0,418,0,0,0,0,223,9400
443,W2,1,1,6,6,0,0,0,0,0,0,0,410,410,0,0,10,10,0,400,400,0,0.000000,0,48752,0.000000,0,0,0,0,418,16,0,8,410,24872,568,0,0,0,0,418,0,0,0,0,197,9400
444,W2,1,1,7,7,0,0,0,0,0,0,0,410,410,0,0,10,10,0,400,400,0,0.000000,0,48872,0.000000,0,0,0,0,418,18,0,8,410,24872,639,0,0,0,0,418,0,0,0,0,229,9400
445,W2,1,1,7,7,0,0,0,0,0,0,0,410,410,388,0,10,10,10,400,400,378,94.634146,12416,49052,25.311914,20,20,30,30,418,20,0,8,410,24872,710,0,0,0,0,418,0,0,0,0,195,9400
446,W2,1,1,6,6,0,0,0,0,0,0,0,410,410,0,0,10,10,0,400,400,0,0.000000,0,48212,0.000000,0,0,0,0,418,9,0,8,410,24872,312,0,0,0,0,418,0,0,0,0,202,9400
447,W2,1,1,6,6,0,0,0,0,0,0,0,410,410,0,0,10,10,0,400,400,0,0.000000,0,48932,0.000000,0,0,0,0,418,10,0,8,410,24872,346,0,0,0,0,418,0,0,0,0,203,9400
448,W2,1,1,6,6,0,0,0,0,0,0,0,410,410,391,0,10,10,10,400,400,381,95.365854,12512,49172,25.445375,20,20,30,30,418,10,0,8,410,24872,346,0,0,0,0,418,0,0,0,0,205,9400
449,W2,1,1,6,6,0,0,0,0,0,0,0,410,410,393,0,10,10,10,400,400,383,95.853659,12576,48872,25.732526,20,20,30,30,418,10,0,8,410,24872,346,0,0,0,0,418,0,0,0,0,207,9400
450,W2,1,1,6,6,0,0,0,0,0,0,0,410,410,0,0,10,10,0,400,400,0,0.000000,0,48752,0.000000,0,0,0,0,418,8,0,8,410,24872,278,0,0,0,0,418,0,0,0,0,261,9400
451,W2,1,1,6,6,0,0,0,0,0,0,0,410,410,387,0,10,10,9,400,400,378,94.390244,12384,48898,25.326189,20,20,30,30,417,9,0,7,410,24838,312,0,0,0,0,417,0,0,0,0,204,9400
452,W2,1,1,6,6,0,0,0,0,0,0,0,410,410,0,0,10,10,0,400,400,0,0.000000,0,48872,0.000000,0,0,0,0,418,10,0,8,410,24872,346,0,0,0,0,418,0,0,0,0,202,9400
453,W2,1,1,6,6,0,0,0,0,0,0,0,410,410,0,0,10,10,0,400,400,0,0.000000,0,48692,0.000000,0,0,0,0,418,12,0,8,410,24872,414,0,0,0,0,418,0,0,0,0,201,9400
454,W2,1,1,6,6,0,0,0,0,0,0,0,410,410,0,0,10,10,0,400,400,0,0.000000,0,48812,0.000000,0,0,0,0,418,13,0,8,410,24872,448,0,0,0,0,418,0,0,0,0,207,9400
455,W2,1,1,5,5,0,0,0,0,0,0,0,410,410,391,0,10,10,10,400,400,381,95.365854,12512,48778,25.650908,20,20,30,30,417,15,0,7,410,24838,531,0,0,0,0,417,0,0,0,0,210,9400
456,W2,1,1,5,5,0,0,0,0,0,0,0,410,410,0,0,10,10,0,400,400,0,0.000000,0,49052,0.000000,0,0,0,0,418,15,0,8,410,24872,531,0,0,0,0,418,0,0,0,0,201,9400
457,W2,1,1,5,5,0,0,0,0,0,0,0,410,410,0,0,10,10,0,400,400,0,0.000000,0,48992,0.000000,0,0,0,0,418,15,0,8,410,24872,531,0,0,0,0,418,0,0,0,0,227,9400
458,W2,1,1,5,5,0,0,0,0,0,0,0,410,410,0,0,10,10,0,400,400,0,0.000000,0,48958,0.000000,0,0,0,0,417,11,0,7,410,24838,386,0,0,0,0,417,0,0,0,0,271,9400
459,W2,1,1,5,5,0,0,0,0,0,0,0,410,410,396,0,10,10,10,400,400,386,96.585366,12672,49018,25.851728,20,20,30,30,417,13,0,7,410,24838,457,0,0,0,0,417,0,0,0,0,202,9400
460,W2,1,1,6,6,0,0,0,0,0,0,0,410,410,0,0,10,10,0,400,400,0,0.000000,0,48812,0.000000,0,0,0,0,418,16,0,8,410,24872,556,0,0,0,0,418,0,0,0,0,201,9400
461,W2,1,1,6,6,0,0,0,0,0,0,0,410,410,0,0,10,10,0,400,400,0,0.000000,0,48992,0.000000,0,0,0,0,418,13,0,8,410,24872,457,0,0,0,0,418,0,0,0,0,196,9400
462,W2,1,1,5,5,0,0,0,0,0,0,0,410,410,395,0,10,10,10,400,400,385,96.341463,12640,49112,25.737091,20,20,30,30,418,12,0,8,410,24872,420,0,0,0,0,418,0,0,0,0,217,9400
463,W2,1,1,5,5,0,0,0,0,0,0,0,410,410,394,0,10,10,9,400,400,385,96.097561,12608,48692,25.893371,20,20,30,30,418,14,0,8,410,24872,491,0,0,0,0,418,0,0,0,0,209,9400
464,W2,1,1,6,6,0,0,0,0,0,0,0,410,410,386,0,10,10,9,400,400,377,94.146341,12352,48538,25.448103,20,20,30,30,417,15,0,7,410,24838,534,0,0,0,0,417,0,0,0,0,221,9400
465,W2,1,1,6,6,0,0,0,0,0,0,0,410,410,0,0,10,10,0,400,400,0,0.000000,0,48872,0.000000,0,0,0,0,418,22,0,8,410,24872,781,0,0,0,0,418,0,0,0,0,241,9400
466,W2,1,1,6,6,0,0,0,0,0,0,0,410,410,0,0,10,10,0,400,400,0,0.000000,0,49018,0.000000,0,0,0,0,417,16,0,7,410,24838,571,0,0,0,0,417,0,0,0,0,260,9400
467,W2,1,1,6,6,0,0,0,0,0,0,0,410,410,0,0,10,10,0,400,400,0,0.000000,0,48872,0.000000,0,0,0,0,418,19,0,8,410,24872,676,0,0,0,0,418,0,0,0,0,227,9400
468,W2,1,1,6,6,0,0,0,0,0,0,0,410,410,0,0,10,10,0,400,400,0,0.000000,0,48872,0.000000,0,0,0,0,418,18,0,8,410,24872,642,0,0,0,0,418,0,0,0,0,228,9400
469,W2,1,1,6,6,0,0,0,0,0,0,0,410,410,390,0,10,10,10,400,400,380,95.121951,12480,48898,25.522516,20,20,30,30,417,18,0,7,410,24838,639,0,0,0,0,417,0,0,0,0,196,9400
470,W2,1,1,6,6,0,0,0,0,0,0,0,410,410,388,0,10,10,8,400,400,380,94.634146,12416,48812,25.436368,20,20,30,30,418,20,0,8,410,24872,713,0,0,0,0,418,0,0,0,0,236,9400
471,W2,1,1,6,6,0,0,0,0,0,0,0,410,410,0,0,10,10,0,400,400,0,0.000000,0,48992,0.000000,0,0,0,0,418,19,0,8,410,24872,676,0,0,0,0,418,0,0,0,0,199,9400
472,W2,1,1,6,6,0,0,0,0,0,0,0,410,410,0,0,10,10,0,400,400,0,0.000000,0,48752,0.000000,0,0,0,0,418,19,0,8,410,24872,676,0,0,0,0,418,0,0,0,0,208,9400
473,W2,1,1,7,7,0,0,0,0,0,0,0,410,410,0,0,10,10,0,400,400,0,0.000000,0,48572,0.000000,0,0,0,0,418,16,0,8,410,24872,565,0,0,0,0,418,0,0,0,0,200,9400
474,W2,1,1,7,7,0,0,0,0,0,0,0,410,410,390,0,10,10,10,400,400,380,95.121951,12480,48932,25.504782,20,20,30,30,418,14,0,8,410,24872,491,0,0,0,0,418,0,0,0,0,201,9400
475,W2,1,1,7,7,0,0,0,0,0,0,0,410,410,0,0,10,10,0,400,400,0,0.000000,0,48898,0.000000,0,0,0,0,417,11,0,7,410,24838,389,0,0,0,0,417,0,0,0,0,224,9400
476,W2,1,1,6,6,0,0,0,0,0,0,0,410,410,0,0,10,10,0,400,400,0,0.000000,0,48932,0.000000,0,0,0,0,418,20,0,8,410,24872,713,0,0,0,0,418,0,0,0,0,224,9400
477,W2,1,1,6,6,0,0,0,0,0,0,0,410,410,0,0,10,10,0,400,400,0,0.000000,0,48478,0.000000,0,0,0,0,417,19,0,7,410,24838,682,0,0,0,0,417,0,0,0,0,214,9400
478,W2,1,1,6,6,0,0,0,0,0,0,0,410,410,0,0,10,10,0,400,400,0,0.000000,0,48872,0.000000,0,0,0,0,418,19,0,8,410,24872,679,0,0,0,0,418,0,0,0,0,245,9400
479,W2,1,1,7,7,0,0,0,0,0,0,0,410,410,395,0,10,10,9,400,400,386,96.341463,12640,48932,25.831767,20,20,30,30,418,15,0,8,410,24872,525,0,0,0,0,418,0,0,0,0,201,9400
480,W2,1,1,6,6,0,0,0,0,0,0,0,410,410,0,0,10,10,0,400,400,0,0.000000,0,48872,0.000000,0,0,0,0,418,15,0,8,410,24872,528,0,0,0,0,418,0,0,0,0,200,9400
481,W2,1,1,7,7,0,0,0,0,0,0,0,410,410,0,0,10,10,0,400,400,0,0.000000,0,48992,0.000000,0,0,0,0,418,13,0,8,410,24872,457,0,0,0,0,418,0,0,0,0,211,9400
482,W2,1,1,6,6,0,0,0,0,0,0,0,410,410,0,0,10,10,0,400,400,0,0.000000,0,48692,0.000000,0,0,0,0,418,11,0,8,410,24872,383,0,0,0,0,418,0,0,0,0,228,9400
483,W2,1,1,6,6,0,0,0,0,0,0,0,410,410,388,0,10,10,10,400,400,378,94.634146,12416,48812,25.436368,20,20,30,30,418,12,0,8,410,24872,423,0,0,0,0,418,0,0,0,0,197,9400
484,W2,1,1,6,6,0,0,0,0,0,0,0,410,410,389,0,10,10,9,400,400,380,94.878049,12448,48812,25.501926,20,20,30,30,418,13,0,8,410,24872,451,0,0,0,0,418,0,0,0,0,194,9400
485,W2,1,1,6,6,0,0,0,0,0,0,0,410,410,0,0,10,10,0,400,400,0,0.000000,0,49018,0.000000,0,0,0,0,417,10,0,7,410,24838,349,0,0,0,0,417,0,0,0,0,198,9400
486,W2,1,1,6,6,0,0,0,0,0,0,0,410,410,0,0,10,10,0,400,400,0,0.000000,0,48572,0.000000,0,0,0,0,418,13,0,8,410,24872,454,0,0,0,0,418,0,0,0,0,202,9400
487,W2,1,1,6,6,0,0,0,0,0,0,0,410,410,0,0,10,10,0,400,400,0,0.000000,0,49112,0.000000,0,0,0,0,418,9,0,8,410,24872,315,0,0,0,0,418,0,0,0,0,181,9400
488,W2,1,1,7,7,0,0,0,0,0,0,0,410,410,0,0,10,10,0,400,400,0,0.000000,0,48632,0.000000,0,0,0,0,418,14,0,8,410,24872,494,0,0,0,0,418,0,0,0,0,219,9400
489,W2,1,1,7,7,0,0,0,0,0,0,0,410,410,0,0,10,10,0,400,400,0,0.000000,0,48718,0.000000,0,0,0,0,417,14,0,7,410,24838,497,0,0,0,0,417,0,0,0,0,224,9400
490,W2,1,1,7,7,0,0,0,0,0,0,0,410,410,0,0,10,10,0,400,400,0,0.000000,0,48872,0.000000,0,0,0,0,418,14,0,8,410,24872,494,0,0,0,0,418,0,0,0,0,242,9400
491,W2,1,1,5,5,0,0,0,0,0,0,0,410,410,0,0,10,10,0,400,400,0,0.000000,0,49172,0.000000,0,0,0,0,418,11,0,8,410,24872,383,0,0,0,0,418,0,0,0,0,195,9400
492,W2,1,1,5,5,0,0,0,0,0,0,0,410,410,0,0,10,10,0,400,400,0,0.000000,0,48752,0.000000,0,0,0,0,418,12,0,8,410,24872,414,0,0,0,0,418,0,0,0,0,194,9400
493,W2,1,1,6,6,0,0,0,0,0,0,0,410,410,0,0,10,10,0,400,400,0,0.000000,0,48632,0.000000,0,0,0,0,418,14,0,8,410,24872,485,0,0,0,0,418,0,0,0,0,196,9400
494,W2,1,1,6,6,0,0,0,0,0,0,0,410,410,0,0,10,10,0,400,400,0,0.000000,0,48872,0.000000,0,0,0,0,418,14,0,8,410,24872,494,0,0,0,0,418,0,0,0,0,206,9400
495,W2,1,1,7,7,0,0,0,0,0,0,0,410,410,398,0,10,10,9,400,400,389,97.073171,12736,49352,25.806452,20,20,30,30,418,14,0,8,410,24872,494,0,0,0,0,418,0,0,0,0,243,9400
496,W2,1,1,6,6,0,0,0,0,0,0,0,410,410,0,0,10,10,0,400,400,0,0.000000,0,48692,0.000000,0,0,0,0,418,15,0,8,410,24872,525,0,0,0,0,418,0,0,0,0,227,9400
497,W2,1,1,6,6,0,0,0,0,0,0,0,410,410,0,0,10,10,0,400,400,0,0.000000,0,48572,0.000000,0,0,0,0,418,10,0,8,410,24872,346,0,0,0,0,418,0,0,0,0,182,9400
498,W2,1,1,6,6,0,0,0,0,0,0,0,410,410,396,0,10,10,10,400,400,386,96.585366,12672,49232,25.739357,20,20,30,30,418,11,0,8,410,24872,383,0,0,0,0,418,0,0,0,0,211,9400
499,W2,1,1,6,6,0,0,0,0,0,0,0,410,410,0,0,10,10,0,400,400,0,0.000000,0,48812,0.000000,0,0,0,0,418,12,0,8,410,24872,420,0,0,0,0,418,0,0,0,0,183,9400
500,W2,1,1,6,6,0,0,0,0,0,0,0,410,410,0,0,10,10,0,400,400,0,0.000000,0,48872,0.000000,0,0,0,0,418,16,0,8,410,24872,571,0,0,0,0,418,0,0,0,0,222,9400
501,W2,1,1,6,6,0,0,0,0,0,0,0,410,410,0,0,10,10,0,400,400,0,0.000000,0,48872,0.000000,0,0,0,0,418,18,0,8,410,24872,642,0,0,0,0,418,0,0,0,0,192,9400
502,W2,1,1,6,6,0,0,0,0,0,0,0,410,410,394,0,10,10,10,400,400,384,96.097561,12608,48992,25.734814,20,20,30,30,418,17,0,8,410,24872,605,0,0,0,0,418,0,0,0,0,223,9400
503,W2,1,1,6,6,0,0,0,0,0,0,0,410,410,0,0,10,10,0,400,400,0,0.000000,0,49052,0.000000,0,0,0,0,418,16,0,8,410,24872,565,0,0,0,0,418,0,0,0,0,209,9400
504,W2,1,1,6,6,0,0,0,0,0,0,0,410,410,0,0,10,10,0,400,400,0,0.000000,0,49052,0.000000,0,0,0,0,418,14,0,8,410,24872,497,0,0,0,0,418,0,0,0,0,213,9400
505,W2,1,1,6,6,0,0,0,0,0,0,0,410,410,0,0,10,10,0,400,400,0,0.000000,0,48718,0.000000,0,0,0,0,417,16,0,7,410,24838,571,0,0,0,0,417,0,0,0,0,203,9400
506,W2,1,1,6,6,0,0,0,0,0,0,0,410,410,386,0,10,10,10,400,400,376,94.146341,12352,48632,25.398914,20,20,30,30,418,17,0,8,410,24872,605,0,0,0,0,418,0,0,0,0,205,9400
507,W2,1,1,6,6,0,0,0,0,0,0,0,410,410,391,0,10,10,10,400,400,381,95.365854,12512,49112,25.476462,20,20,30,30,418,16,0,8,410,24872,565,0,0,0,0,418,0,0,0,0,200,9400
508,W2,1,1,5,5,0,0,0,0,0,0,0,410,410,385,0,10,10,9,400,400,376,93.902439,12320,48512,25.395778,20,20,30,30,418,17,0,8,410,24872,605,0,0,0,0,418,0,0,0,0,205,9400
509,W2,1,1,6,6,0,0,0,0,0,0,0,410,410,389,0,10,10,9,400,400,380,94.878049,12448,48872,25.470617,20,20,30,30,418,11,0,8,410,24872,383,0,0,0,0,418,0,0,0,0,261,9400
510,W2,1,1,7,7,0,0,0,0,0,0,0,410,410,385,0,10,10,9,400,400,376,93.902439,12320,48752,25.270758,20,20,30,30,418,13,0,8,410,24872,454,0,0,0,0,418,0,0,0,0,220,9400
511,W2,1,1,7,7,0,0,0,0,0,0,0,410,410,0,0,10,10,0,400,400,0,0.000000,0,48778,0.000000,0,0,0,0,417,11,0,7,410,24838,386,0,0,0,0,417,0,0,0,0,207,9400
512,W2,1,1,6,6,0,0,0,0,0,0,0,410,410,0,0,10,10,0,400,400,0,0.000000,0,48512,0.000000,0,0,0,0,418,9,0,8,410,24872,312,0,0,0,0,418,0,0,0,0,216,9400
513,W2,1,1,6,6,0,0,0,0,0,0,0,410,410,0,0,10,10,0,400,400,0,0.000000,0,48572,0.000000,0,0,0,0,418,9,0,8,410,24872,312,0,0,0,0,418,0,0,0,0,206,9400
514,W2,1,1,7,7,0,0,0,0,0,0,0,410,410,0,0,10,10,0,400,400,0,0.000000,0,48632,0.000000,0,0,0,0,418,11,0,8,410,24872,380,0,0,0,0,418,0,0,0,0,218,9400
515,W2,1,1,7,7,0,0,0,0,0,0,0,410,410,0,0,10,10,0,400,400,0,0.000000,0,48692,0.000000,0,0,0,0,418,12,0,8,410,24872,417,0,0,0,0,418,0,0,0,0,205,9400
516,W2,1,1,8,8,0,0,0,0,0,0,0,410,410,388,0,10,10,9,400,400,379,94.634146,12416,48692,25.499055,20,20,30,30,418,11,0,8,410,24872,383,0,0,0,0,418,0,0,0,0,223,9400
517,W2,1,1,7,7,0,0,0,0,0,0,0,410,410,0,0,10,10,0,400,400,0,0.000000,0,49112,0.000000,0,0,0,0,418,11,0,8,410,24872,383,0,0,0,0,418,0,0,0,0,201,9400
518,W2,1,1,6,6,0,0,0,0,0,0,0,410,410,0,0,10,10,0,400,400,0,0.000000,0,49232,0.000000,0,0,0,0,418,17,0,8,410,24872,608,0,0,0,0,418,0,0,0,0,215,9400
519,W2,1,1,5,5,0,0,0,0,0,0,0,410,410,0,0,10,10,0,400,400,0,0.000000,0,49052,0.000000,0,0,0,0,418,17,0,8,410,24872,605,0,0,0,0,418,0,0,0,0,202,9400
520,W2,1,1,5,5,0,0,0,0,0,0,0,410,410,394,0,10,10,10,400,400,384,96.097561,12608,49112,25.671934,20,20,30,30,418,18,0,8,410,24872,639,0,0,0,0,418,0,0,0,0,229,9400
521,W2,1,1,6,6,0,0,0,0,0,0,0,410,410,0,0,10,10,0,400,400,0,0.000000,0,49112,0.000000,0,0,0,0,418,19,0,8,410,24872,679,0,0,0,0,418,0,0,0,0,199,9400
522,W2,1,1,6,6,0,0,0,0,0,0,0,410,410,0,0,10,10,0,400,400,0,0.000000,0,48692,0.000000,0,0,0,0,418,18,0,8,410,24872,639,0,0,0,0,418,0,0,0,0,192,9400
523,W2,1,1,6,6,0,0,0,0,0,0,0,410,410,393,0,10,10,10,400,400,383,95.853659,12576,49052,25.638098,20,20,30,30,418,19,0,8,410,24872,679,0,0,0,0,418,0,0,0,0,211,9400
524,W2,1,1,6,6,0,0,0,0,0,0,0,410,410,0,0,10,10,0,400,400,0,0.000000,0,48752,0.000000,0,0,0,0,418,18,0,8,410,24872,639,0,0,0,0,418,0,0,0,0,205,9400
525,W2,1,1,6,6,0,0,0,0,0,0,0,410,410,386,0,10,10,10,400,400,376,94.146341,12352,48932,25.243195,20,20,30,30,418,18,0,8,410,24872,642,0,0,0,0,418,0,0,0,0,190,9400
526,W2,1,1,6,6,0,0,0,0,0,0,0,410,410,0,0,10,10,0,400,400,0,0.000000,0,48812,0.000000,0,0,0,0,418,17,0,8,410,24872,605,0,0,0,0,418,0,0,0,0,209,9400
527,W2,1,1,5,5,0,0,0,0,0,0,0,410,410,0,0,10,10,0,400,400,0,0.000000,0,49052,0.000000,0,0,0,0,418,12,0,8,410,24872,417,0,0,0,0,418,0,0,0,0,195,9400
528,W2,1,1,6,6,0,0,0,0,0,0,0,410,410,0,0,10,10,0,400,400,0,0.000000,0,48752,0.000000,0,0,0,0,418,12,0,8,410,24872,417,0,0,0,0,418,0,0,0,0,185,9400
529,W2,1,1,6,6,0,0,0,0,0,0,0,410,410,0,0,10,10,0,400,400,0,0.000000,0,48872,0.000000,0,0,0,0,418,11,0,8,410,24872,383,0,0,0,0,418,0,0,0,0,201,9400
530,W2,1,1,6,6,0,0,0,0,0,0,0,410,410,386,0,10,10,10,400,400,376,94.146341,12352,48872,25.274186,20,20,30,30,418,13,0,8,410,24872,454,0,0,0,0,418,0,0,0,0,198,9400
531,W2,1,1,5,5,0,0,0,0,0,0,0,410,410,393,0,10,10,9,400,400,384,95.853659,12576,48812,25.764156,20,20,30,30,418,11,0,8,410,24872,383,0,0,0,0,418,0,0,0,0,203,9400
532,W2,1,1,6,6,0,0,0,0,0,0,0,410,410,0,0,10,10,0,400,400,0,0.000000,0,48812,0.000000,0,0,0,0,418,11,0,8,410,24872,383,0,0,0,0,418,0,0,0,0,199,9400
533,W2,1,1,6,6,0,0,0,0,0,0,0,410,410,0,0,10,10,0,400,400,0,0.000000,0,49112,0.000000,0,0,0,0,418,10,0,8,410,24872,349,0,0,0,0,418,0,0,0,0,340,9400
534,W2,1,1,6,6,0,0,0,0,0,0,0,410,410,0,0,10,10,0,400,400,0,0.000000,0,49052,0.000000,0,0,0,0,418,12,0,8,410,24872,420,0,0,0,0,418,0,0,0,0,187,9400
535,W2,1,1,6,6,0,0,0,0,0,0,0,410,410,386,0,10,10,10,400,400,376,94.146341,12352,48932,25.243195,20,20,30,30,418,11,0,8,410,24872,383,0,0,0,0,418,0,0,0,0,190,9400
536,W2,1,1,5,5,0,0,0,0,0,0,0,410,410,0,0,10,10,0,400,400,0,0.000000,0,48692,0.000000,0,0,0,0,418,13,0,8,410,24872,454,0,0,0,0,418,0,0,0,0,234,9400
537,W2,1,1,6,6,0,0,0,0,0,0,0,410,410,387,0,10,10,9,400,400,378,94.390244,12384,48752,25.402035,20,20,30,30,418,13,0,8,410,24872,457,0,0,0,0,418,0,0,0,0,193,9400
538,W2,1,1,6,6,0,0,0,0,0,0,0,410,410,0,0,10,10,0,400,400,0,0.000000,0,49052,0.000000,0,0,0,0,418,13,0,8,410,24872,454,0,0,0,0,418,0,0,0,0,223,9400
539,W2,1,1,6,6,0,0,0,0,0,0,0,410,410,388,0,10,10,9,400,400,379,94.634146,12416,48992,25.342913,20,20,30,30,418,13,0,8,410,24872,457,0,0,0,0,418,0,0,0,0,201,9400
540,W2,1,1,6,6,0,0,0,0,0,0,0,410,410,0,0,10,10,0,400,400,0,0.000000,0,49052,0.000000,0,0,0,0,418,12,0,8,410,24872,420,0,0,0,0,418,0,0,0,0,210,9400
541,W2,1,1,6,6,0,0,0,0,0,0,0,410,410,0,0,10,10,0,400,400,0,0.000000,0,48992,0.000000,0,0,0,0,418,12,0,8,410,24872,420,0,0,0,0,418,0,0,0,0,201,9400
542,W2,1,1,6,6,0,0,0,0,0,0,0,410,410,0,0,10,10,0,400,400,0,0.000000,0,48812,0.000000,0,0,0,0,418,19,0,8,410,24872,676,0,0,0,0,418,0,0,0,0,231,9400
543,W2,1,1,5,5,1,0,0,0,4,0,0,410,410,0,0,10,10,0,400,400,0,0.000000,0,1197,0.000000,0,0,0,0,18,12,0,18,0,642,420,0,0,0,0,18,0,10,0,0,242,9400
544,W2,1,1,6,6,0,0,0,0,0,0,0,410,410,0,0,10,10,0,400,400,0,0.000000,0,48872,0.000000,0,0,0,0,418,17,0,8,410,24872,608,0,0,0,0,418,0,0,0,0,219,9400
545,W2,1,1,6,6,0,0,0,0,0,0,0,410,410,0,0,10,10,0,400,400,0,0.000000,0,49112,0.000000,0,0,0,0,418,19,0,8,410,24872,676,0,0,0,0,418,0,0,0,0,198,9400
546,W2,1,1,6,6,0,0,0,0,0,0,0,410,410,398,0,10,10,9,400,400,389,97.073171,12736,49078,25.950528,20,20,30,30,417,18,0,7,410,24838,639,0,0,0,0,417,0,0,0,0,195,9400
547,W2,1,1,6,6,0,0,0,0,0,0,0,410,410,0,0,10,10,0,400,400,0,0.000000,0,48872,0.000000,0,0,0,0,418,19,0,8,410,24872,676,0,0,0,0,418,0,0,0,0,210,9400
548,W2,1,1,5,5,0,0,0,0,0,0,0,410,410,0,0,10,10,0,400,400,0,0.000000,0,49232,0.000000,0,0,0,0,418,18,0,8,410,24872,639,0,0,0,0,418,0,0,0,0,226,9400
549,W2,1,1,6,6,0,0,0,0,0,0,0,410,410,387,0,10,10,8,400,400,379,94.390244,12384,48872,25.339663,20,20,30,30,418,20,0,8,410,24872,713,0,0,0,0,418,0,0,0,0,206,9400
550,W2,1,1,6,6,0,0,0,0,0,0,0,410,410,0,0,10,10,0,400,400,0,0.000000,0,48812,0.000000,0,0,0,0,418,18,0,8,410,24872,642,0,0,0,0,418,0,0,0,0,198,9400
551,W2,1,1,6,6,0,0,0,0,0,0,0,410,410,0,0,10,10,0,400,400,0,0.000000,0,48692,0.000000,0,0,0,0,418,17,0,8,410,24872,605,0,0,0,0,418,0,0,0,0,192,9400
552,W2,1,1,6,6,0,0,0,0,0,0,0,410,410,386,0,10,10,9,400,400,377,94.146341,12352,48692,25.367617,20,20,30,30,418,19,0,8,410,24872,673,0,0,0,0,418,0,0,0,0,200,9400
553,W2,1,1,6,6,0,0,0,0,0,0,0,410,410,0,0,10,10,0,400,400,0,0.000000,0,48632,0.000000,0,0,0,0,418,18,0,8,410,24872,639,0,0,0,0,418,0,0,0,0,204,9400
554,W2,1,1,5,5,0,0,0,0,0,0,0,410,410,0,0,10,10,0,400,400,0,0.000000,0,48872,0.000000,0,0,0,0,418,8,0,8,410,24872,272,0,0,0,0,418,0,0,0,0,188,9400
555,W2,1,0,0,5,0,0,0,0,0,0,0,410,310,0,0,10,10,0,400,300,0,0.000000,0,36488,0.000000,0,0,0,0,310,1,0,2,308,18548,34,94,5,1,0,310,0,0,0,94,191,9400
556,W2,1,1,5,5,0,0,0,0,0,0,0,410,410,0,0,10,10,0,400,400,0,0.000000,0,48572,0.000000,0,0,0,0,418,8,0,8,410,24872,272,0,0,0,0,418,0,0,0,0,194,9400
557,W2,1,1,5,5,0,0,0,0,0,0,0,410,410,0,0,10,10,0,400,400,0,0.000000,0,49052,0.000000,0,0,0,0,418,7,0,8,410,24872,238,0,0,0,0,418,0,0,0,0,181,9400
558,W2,1,1,5,5,0,0,0,0,0,0,0,410,410,0,0,10,10,0,400,400,0,0.000000,0,48752,0.000000,0,0,0,0,418,8,0,8,410,24872,272,0,0,0,0,418,0,0,0,0,183,9400
559,W2,1,1,5,5,0,0,0,0,0,0,0,410,410,0,0,10,10,0,400,400,0,0.000000,0,48332,0.000000,0,0,0,0,418,9,0,8,410,24872,306,0,0,0,0,418,0,0,0,0,185,9400
560,W2,1,1,5,5,0,0,0,0,0,0,0,410,410,386,0,10,10,10,400,400,376,94.146341,12352,48632,25.398914,20,20,30,30,418,9,0,8,410,24872,306,0,0,0,0,418,0,0,0,0,209,9400
561,W2,1,1,5,5,0,0,0,0,0,0,0,410,410,387,0,10,10,10,400,400,377,94.390244,12384,48512,25.527704,20,20,30,30,418,9,0,8,410,24872,306,0,0,0,0,418,0,0,0,0,179,9400
562,W2,1,1,5,5,0,0,0,0,0,0,0,410,410,0,0,10,10,0,400,400,0,0.000000,0,48512,0.000000,0,0,0,0,418,7,0,8,410,24872,238,0,0,0,0,418,0,0,0,0,184,9400
563,W2,1,1,5,5,0,0,0,0,0,0,0,410,410,393,0,10,10,10,400,400,383,95.853659,12576,48932,25.700973,20,20,30,30,418,15,0,8,410,24872,531,0,0,0,0,418,0,0,0,0,197,9400
564,W2,1,1,5,5,0,0,0,0,0,0,0,410,410,0,0,10,10,0,400,400,0,0.000000,0,49292,0.000000,0,0,0,0,418,14,0,8,410,24872,497,0,0,0,0,418,0,0,0,0,236,9400
565,W2,1,1,5,5,0,0,0,0,0,0,0,410,410,384,0,10,10,10,400,400,374,93.658537,12288,48392,25.392627,20,20,30,30,418,15,0,8,410,24872,531,0,0,0,0,418,0,0,0,0,211,9400
566,W2,1,1,5,5,0,0,0,0,0,0,0,410,410,0,0,10,10,0,400,400,0,0.000000,0,48692,0.000000,0,0,0,0,418,20,0,8,410,24872,710,0,0,0,0,418,0,0,0,0,212,9400
567,W2,1,1,5,5,0,0,0,0,0,0,0,410,410,389,0,10,10,10,400,400,379,94.878049,12448,48812,25.501926,20,20,30,30,418,14,0,8,410,24872,494,0,0,0,0,418,0,0,0,0,204,9400
568,W2,1,1,5,5,0,0,0,0,0,0,0,410,410,391,0,10,10,8,400,400,383,95.365854,12512,48992,25.538863,20,20,30,30,418,16,0,8,410,24872,568,0,0,0,0,418,0,0,0,0,194,9400
569,W2,1,1,5,5,0,0,0,0,0,0,0,410,410,0,0,10,10,0,400,400,0,0.000000,0,48692,0.000000,0,0,0,0,418,18,0,8,410,24872,642,0,0,0,0,418,0,0,0,0,193,9400
570,W2,1,1,5,5,0,0,0,0,0,0,0,410,410,0,0,10,10,0,400,400,0,0.000000,0,48932,0.000000,0,0,0,0,418,16,0,8,410,24872,568,0,0,0,0,418,0,0,0,0,202,9400
571,W2,1,1,5,5,0,0,0,0,0,0,0,410,410,0,0,10,10,0,400,400,0,0.000000,0,48872,0.000000,0,0,0,0,418,18,0,8,410,24872,639,0,0,0,0,418,0,0,0,0,220,9400
572,W2,1,1,5,5,0,0,0,0,0,0,0,410,410,0,0,10,10,0,400,400,0,0.000000,0,49112,0.000000,0,0,0,0,418,17,0,8,410,24872,602,0,0,0,0,418,0,0,0,0,201,9400
573,W2,1,1,5,5,0,0,0,0,0,0,0,410,410,0,0,10,10,0,400,400,0,0.000000,0,48872,0.000000,0,0,0,0,418,21,0,8,410,24872,750,0,0,0,0,418,0,0,0,0,225,9400
574,W2,1,1,5,5,0,0,0,0,0,0,0,410,410,0,0,10,10,0,400,400,0,0.000000,0,48512,0.000000,0,0,0,0,418,16,0,8,410,24872,571,0,0,0,0,418,0,0,0,0,236,9400
575,W2,1,1,6,6,0,0,0,0,0,0,0,410,410,0,0,10,10,0,400,400,0,0.000000,0,48452,0.000000,0,0,0,0,418,12,0,8,410,24872,414,0,0,0,0,418,0,0,0,0,229,9400
576,W2,1,1,5,5,0,0,0,0,0,0,0,410,410,397,0,10,10,9,400,400,388,96.829268,12704,49112,25.867405,20,20,30,30,418,10,0,8,410,24872,346,0,0,0,0,418,0,0,0,0,208,9400
577,W2,1,1,6,6,0,0,0,0,0,0,0,410,410,0,0,10,10,0,400,400,0,0.000000,0,48872,0.000000,0,0,0,0,418,9,0,8,410,24872,312,0,0,0,0,418,0,0,0,0,217,9400
578,W2,1,1,6,6,0,0,0,0,0,0,0,410,410,396,0,10,10,10,400,400,386,96.585366,12672,49232,25.739357,20,20,30,30,418,11,0,8,410,24872,383,0,0,0,0,418,0,0,0,0,278,9400
579,W2,1,1,6,6,0,0,0,0,0,0,0,410,410,394,0,10,10,10,400,400,384,96.097561,12608,48992,25.734814,20,20,30,30,418,10,0,8,410,24872,349,0,0,0,0,418,0,0,0,0,207,9400
580,W2,1,1,6,6,0,0,0,0,0,0,0,410,410,0,0,10,10,0,400,400,0,0.000000,0,48752,0.000000,0,0,0,0,418,11,0,8,410,24872,383,0,0,0,0,418,0,0,0,0,196,9400
581,W2,1,1,5,5,0,0,0,0,0,0,0,410,410,0,0,10,10,0,400,400,0,0.000000,0,48812,0.000000,0,0,0,0,418,12,0,8,410,24872,420,0,0,0,0,418,0,0,0,0,204,9400
582,W2,1,1,5,5,0,0,0,0,0,0,0,410,410,0,0,10,10,0,400,400,0,0.000000,0,48872,0.000000,0,0,0,0,418,13,0,8,410,24872,457,0,0,0,0,418,0,0,0,0,182,9400
583,W2,1,1,6,6,0,0,0,0,0,0,0,410,410,0,0,10,10,0,400,400,0,0.000000,0,48932,0.000000,0,0,0,0,418,14,0,8,410,24872,491,0,0,0,0,418,0,0,0,0,184,9400
584,W2,1,1,5,5,0,0,0,0,0,0,0,410,410,382,0,10,10,10,400,400,372,93.170732,12224,48692,25.104740,20,20,30,30,418,17,0,8,410,24872,602,0,0,0,0,418,0,0,0,0,195,9400
585,W2,1,1,5,5,0,0,0,0,0,0,0,410,410,395,0,10,10,9,400,400,386,96.341463,12640,49138,25.723473,20,20,30,30,417,15,0,7,410,24838,534,0,0,0,0,417,0,0,0,0,187,9400
586,W2,1,1,5,5,0,0,0,0,0,0,0,410,410,382,0,10,10,9,400,400,373,93.170732,12224,48752,25.073843,20,20,30,30,418,15,0,8,410,24872,534,0,0,0,0,418,0,0,0,0,193,9400
587,W2,1,1,5,5,0,0,0,0,0,0,0,410,410,0,0,10,10,0,400,400,0,0.000000,0,48872,0.000000,0,0,0,0,418,17,0,8,410,24872,602,0,0,0,0,418,0,0,0,0,208,9400
588,W2,1,1,5,5,0,0,0,0,0,0,0,410,410,0,0,10,10,0,400,400,0,0.000000,0,48512,0.000000,0,0,0,0,418,16,0,8,410,24872,571,0,0,0,0,418,0,0,0,0,188,9400
589,W2,1,1,5,5,0,0,0,0,0,0,0,410,410,0,0,10,10,0,400,400,0,0.000000,0,49112,0.000000,0,0,0,0,418,15,0,8,410,24872,534,0,0,0,0,418,0,0,0,0,203,9400
590,W2,1,1,5,5,0,0,0,0,0,0,0,410,410,0,0,10,10,0,400,400,0,0.000000,0,48658,0.000000,0,0,0,0,417,10,0,7,410,24838,349,0,0,0,0,417,0,0,0,0,196,9400
591,W2,1,1,5,5,0,0,0,0,0,0,0,410,410,394,0,10,10,10,400,400,384,96.097561,12608,49138,25.658350,20,20,30,30,417,10,0,7,410,24838,352,0,0,0,0,417,0,0,0,0,193,9400
592,W2,1,1,5,5,0,0,0,0,0,0,0,410,410,0,0,10,10,0,400,400,0,0.000000,0,48658,0.000000,0,0,0,0,417,12,0,7,410,24838,420,0,0,0,0,417,0,0,0,0,189,9400
593,W2,1,1,5,5,0,0,0,0,0,0,0,410,410,0,0,10,10,0,400,400,0,0.000000,0,48632,0.000000,0,0,0,0,418,7,0,8,410,24872,238,0,0,0,0,418,0,0,0,0,179,9400
594,W2,1,1,5,5,0,0,0,0,0,0,0,410,410,0,0,10,10,0,400,400,0,0.000000,0,48512,0.000000,0,0,0,0,418,7,0,8,410,24872,238,0,0,0,0,418,0,0,0,0,193,9400
595,W2,1,1,5,5,0,0,0,0,0,0,0,410,410,0,0,10,10,0,400,400,0,0.000000,0,48718,0.000000,0,0,0,0,417,6,0,7,410,24838,204,0,0,0,0,417,0,0,0,0,185,9400
596,W2,1,1,5,5,0,0,0,0,0,0,0,410,410,387,0,10,10,10,400,400,377,94.390244,12384,48752,25.402035,20,20,30,30,418,12,0,8,410,24872,417,0,0,0,0,418,0,0,0,0,196,9400
597,W2,1,1,5,5,0,0,0,0,0,0,0,410,410,0,0,10,10,0,400,400,0,0.000000,0,48932,0.000000,0,0,0,0,418,13,0,8,410,24872,451,0,0,0,0,418,0,0,0,0,193,9400
598,W2,1,1,5,5,0,0,0,0,0,0,0,410,410,0,0,10,10,0,400,400,0,0.000000,0,48812,0.000000,0,0,0,0,418,12,0,8,410,24872,417,0,0,0,0,418,0,0,0,0,196,9400
599,W2,1,1,5,5,0,0,0,0,0,0,0,410,410,0,0,10,10,0,400,400,0,0.000000,0,48692,0.000000,0,0,0,0,418,15,0,8,410,24872,531,0,0,0,0,418,0,0,0,0,186,9400
600,W2,1,1,5,5,0,0,0,0,0,0,0,410,410,0,0,10,10,0,400,400,0,0.000000,0,48752,0.000000,0,0,0,0,418,13,0,8,410,24872,460,0,0,0,0,418,0,0,0,0,228,9400
601,W2,1,1,5,5,0,0,0,0,0,0,0,410,410,0,0,10,10,0,400,400,0,0.000000,0,48872,0.000000,0,0,0,0,418,14,0,8,410,24872,494,0,0,0,0,418,0,0,0,0,208,9400
602,W2,1,1,5,5,0,0,0,0,0,0,0,410,410,0,0,10,10,0,400,400,0,0.000000,0,48932,0.000000,0,0,0,0,418,15,0,8,410,24872,528,0,0,0,0,418,0,0,0,0,212,9400
603,W2,1,1,5,5,0,0,0,0,0,0,0,410,410,396,0,10,10,10,400,400,386,96.585366,12672,48872,25.928957,20,20,30,30,418,13,0,8,410,24872,457,0,0,0,0,418,0,0,0,0,217,9400
604,W2,1,1,5,5,0,0,0,0,0,0,0,410,410,392,0,10,10,10,400,400,382,95.609756,12544,48812,25.698599,20,20,30,30,418,14,0,8,410,24872,494,0,0,0,0,418,0,0,0,0,230,9400
605,W2,1,1,6,6,0,0,0,0,0,0,0,410,410,0,0,10,10,0,400,400,0,0.000000,0,48358,0.000000,0,0,0,0,417,20,0,7,410,24838,713,0,0,0,0,417,0,0,0,0,236,9400
606,W2,1,1,6,6,0,0,0,0,0,0,0,410,410,0,0,10,10,0,400,400,0,0.000000,0,48872,0.000000,0,0,0,0,418,14,0,8,410,24872,497,0,0,0,0,418,0,0,0,0,218,9400
607,W2,1,1,7,7,0,0,0,0,0,0,0,410,410,0,0,10,10,0,400,400,0,0.000000,0,48992,0.000000,0,0,0,0,418,12,0,8,410,24872,426,0,0,0,0,418,0,0,0,0,217,9400
608,W2,1,1,5,5,0,0,0,0,0,0,0,410,410,382,0,10,10,10,400,400,372,93.170732,12224,48452,25.229093,20,20,30,30,418,13,0,8,410,24872,457,0,0,0,0,418,0,0,0,0,206,9400
609,W2,1,1,5,5,0,0,0,0,0,0,0,410,410,0,0,10,10,0,400,400,0,0.000000,0,48812,0.000000,0,0,0,0,418,14,0,8,410,24872,491,0,0,0,0,418,0,0,0,0,211,9400
610,W2,1,1,6,6,0,0,0,0,0,0,0,410,410,0,0,10,10,0,400,400,0,0.000000,0,48632,0.000000,0,0,0,0,418,13,0,8,410,24872,457,0,0,0,0,418,0,0,0,0,213,9400
611,W2,1,1,5,5,0,0,0,0,0,0,0,410,410,0,0,10,10,0,400,400,0,0.000000,0,48812,0.000000,0,0,0,0,418,15,0,8,410,24872,528,0,0,0,0,418,0,0,0,0,205,9400
612,W2,1,1,5,5,0,0,0,0,0,0,0,410,410,397,0,10,10,9,400,400,388,96.829268,12704,48992,25.930764,20,20,30,30,418,16,0,8,410,24872,565,0,0,0,0,418,0,0,0,0,206,9400
613,W2,1,1,5,5,0,0,0,0,0,0,0,410,410,0,0,10,10,0,400,400,0,0.000000,0,48452,0.000000,0,0,0,0,418,15,0,8,410,24872,528,0,0,0,0,418,0,0,0,0,199,9400
614,W2,1,1,5,5,0,0,0,0,0,0,0,410,410,0,0,10,10,0,400,400,0,0.000000,0,48512,0.000000,0,0,0,0,418,15,0,8,410,24872,534,0,0,0,0,418,0,0,0,0,232,9400
615,W2,1,1,5,5,0,0,0,0,0,0,0,410,410,383,0,10,10,9,400,400,374,93.414634,12256,48572,25.232644,20,20,30,30,418,16,0,8,410,24872,568,0,0,0,0,418,0,0,0,0,225,9400
616,W2,1,1,5,5,0,0,0,0,0,0,0,410,410,385,0,10,10,10,400,400,375,93.902439,12320,48812,25.239695,20,20,30,30,418,19,0,8,410,24872,670,0,0,0,0,418,0,0,0,0,212,9400
617,W2,1,1,5,5,0,0,0,0,0,0,0,410,410,0,0,10,10,0,400,400,0,0.000000,0,49052,0.000000,0,0,0,0,418,14,0,8,410,24872,497,0,0,0,0,418,0,0,0,0,191,9400
618,W2,1,1,5,5,0,0,0,0,0,0,0,410,410,396,0,10,10,10,400,400,386,96.585366,12672,48872,25.928957,20,20,30,30,418,15,0,8,410,24872,531,0,0,0,0,418,0,0,0,0,227,9400
619,W2,1,1,5,5,0,0,0,0,0,0,0,410,410,0,0,10,10,0,400,400,0,0.000000,0,49172,0.000000,0,0,0,0,418,17,0,8,410,24872,602,0,0,0,0,418,0,0,0,0,228,9400
620,W2,1,1,5,5,0,0,0,0,0,0,0,410,410,386,0,10,10,9,400,400,377,94.146341,12352,48752,25.336396,20,20,30,30,418,13,0,8,410,24872,463,0,0,0,0,418,0,0,0,0,200,9400
621,W2,1,1,5,5,0,0,0,0,0,0,0,410,410,0,0,10,10,0,400,400,0,0.000000,0,48872,0.000000,0,0,0,0,418,15,0,8,410,24872,531,0,0,0,0,418,0,0,0,0,210,9400
622,W2,1,1,5,5,0,0,0,0,0,0,0,410,410,0,0,10,10,0,400,400,0,0.000000,0,48632,0.000000,0,0,0,0,418,15,0,8,410,24872,531,0,0,0,0,418,0,0,0,0,211,9400
623,W2,1,1,5,5,0,0,0,0,0,0,0,410,410,391,0,10,10,10,400,400,381,95.365854,12512,48992,25.538863,20,20,30,30,418,16,0,8,410,24872,565,0,0,0,0,418,0,0,0,0,219,9400
624,W2,1,1,5,5,0,0,0,0,0,0,0,410,410,0,0,10,10,0,400,400,0,0.000000,0,48812,0.000000,0,0,0,0,418,16,0,8,410,24872,565,0,0,0,0,418,0,0,0,0,236,9400
625,W2,1,1,5,5,0,0,0,0,0,0,0,410,410,392,0,10,10,10,400,400,382,95.609756,12544,48992,25.604180,20,20,30,30,418,17,0,8,410,24872,602,0,0,0,0,418,0,0,0,0,219,9400
626,W2,1,1,5,5,0,0,0,0,0,0,0,410,410,0,0,10,10,0,400,400,0,0.000000,0,47972,0.000000,0,0,0,0,418,15,0,8,410,24872,531,0,0,0,0,418,0,0,0,0,246,9400
627,W2,1,1,5,5,0,0,0,0,0,0,0,410,410,0,0,10,10,0,400,400,0,0.000000,0,48512,0.000000,0,0,0,0,418,16,0,8,410,24872,568,0,0,0,0,418,0,0,0,0,234,9400
628,W2,1,1,6,6,0,0,0,0,0,0,0,410,410,402,0,10,10,10,400,400,392,98.048780,12864,49172,26.161230,20,20,30,30,418,15,0,8,410,24872,531,0,0,0,0,418,0,0,0,0,221,9400
629,W2,1,1,5,5,0,0,0,0,0,0,0,410,410,391,0,10,10,10,400,400,381,95.365854,12512,49052,25.507625,20,20,30,30,418,15,0,8,410,24872,531,0,0,0,0,418,0,0,0,0,219,9400
630,W2,1,1,5,5,0,0,0,0,0,0,0,410,410,388,0,10,10,9,400,400,379,94.634146,12416,48752,25.467673,20,20,30,30,418,15,0,8,410,24872,528,0,0,0,0,418,0,0,0,0,231,9400
631,W2,1,1,5,5,0,0,0,0,0,0,0,410,410,0,0,10,10,0,400,400,0,0.000000,0,48692,0.000000,0,0,0,0,418,16,0,8,410,24872,565,0,0,0,0,418,0,0,0,0,188,9400
632,W2,1,1,5,5,0,0,0,0,0,0,0,410,410,0,0,10,10,0,400,400,0,0.000000,0,48718,0.000000,0,0,0,0,417,13,0,7,410,24838,460,0,0,0,0,417,0,0,0,0,186,9400
633,W2,1,1,5,5,0,0,0,0,0,0,0,410,410,0,0,10,10,0,400,400,0,0.000000,0,48872,0.000000,0,0,0,0,418,15,0,8,410,24872,525,0,0,0,0,418,0,0,0,0,188,9400
634,W2,1,1,5,5,0,0,0,0,0,0,0,410,410,0,0,10,10,0,400,400,0,0.000000,0,48932,0.000000,0,0,0,0,418,15,0,8,410,24872,531,0,0,0,0,418,0,0,0,0,200,9400
635,W2,1,1,5,5,0,0,0,0,0,0,0,410,410,393,0,10,10,10,400,400,383,95.853659,12576,48872,25.732526,20,20,30,30,418,18,0,8,410,24872,639,0,0,0,0,418,0,0,0,0,240,9400
636,W2,1,1,6,6,0,0,0,0,0,0,0,410,410,0,0,10,10,0,400,400,0,0.000000,0,48872,0.000000,0,0,0,0,418,17,0,8,410,24872,605,0,0,0,0,418,0,0,0,0,207,9400
637,W2,1,1,5,5,0,0,0,0,0,0,0,410,410,0,0,10,10,0,400,400,0,0.000000,0,48752,0.000000,0,0,0,0,418,18,0,8,410,24872,639,0,0,0,0,418,0,0,0,0,206,9400
638,W2,1,1,6,6,0,0,0,0,0,0,0,410,410,0,0,10,10,0,400,400,0,0.000000,0,48692,0.000000,0,0,0,0,418,18,0,8,410,24872,642,0,0,0,0,418,0,0,0,0,225,9400
639,W2,1,1,6,6,0,0,0,0,0,0,0,410,410,392,0,10,10,10,400,400,382,95.609756,12544,48812,25.698599,20,20,30,30,418,18,0,8,410,24872,642,0,0,0,0,418,0,0,0,0,196,9400
640,W2,1,1,6,6,0,0,0,0,0,0,0,410,410,0,0,10,10,0,400,400,0,0.000000,0,48572,0.000000,0,0,0,0,418,19,0,8,410,24872,676,0,0,0,0,418,0,0,0,0,189,9400
641,W2,1,1,6,6,0,0,0,0,0,0,0,410,410,390,0,10,10,9,400,400,381,95.121951,12480,49018,25.460035,20,20,30,30,417,18,0,7,410,24838,645,0,0,0,0,417,0,0,0,0,208,9400
642,W2,1,1,6,6,0,0,0,0,0,0,0,410,410,384,0,10,10,9,400,400,375,93.658537,12288,49018,25.068342,20,20,30,30,417,15,0,7,410,24838,534,0,0,0,0,417,0,0,0,0,210,9400
643,W2,1,1,5,5,0,0,0,0,0,0,0,410,410,0,0,10,10,0,400,400,0,0.000000,0,48932,0.000000,0,0,0,0,418,20,0,8,410,24872,707,0,0,0,0,418,0,0,0,0,204,9400
644,W2,1,1,5,5,0,0,0,0,0,0,0,410,410,0,0,10,10,0,400,400,0,0.000000,0,48692,0.000000,0,0,0,0,418,28,0,8,410,24872,1006,0,0,0,0,418,0,0,0,0,211,9400
645,W2,1,1,5,5,0,0,0,0,0,0,0,410,410,392,0,10,10,9,400,400,383,95.609756,12544,49052,25.572861,20,20,30,30,418,26,0,8,410,24872,941,0,0,0,0,418,0,0,0,0,205,9400
646,W2,1,1,5,5,0,0,0,0,0,0,0,410,410,0,0,10,10,0,400,400,0,0.000000,0,49232,0.000000,0,0,0,0,418,27,0,8,410,24872,978,0,0,0,0,418,0,0,0,0,212,9400
647,W2,1,1,7,7,0,0,0,0,0,0,0,410,410,0,0,10,10,0,400,400,0,0.000000,0,48838,0.000000,0,0,0,0,417,15,0,7,410,24838,537,0,0,0,0,417,0,0,0,0,226,9400
648,W2,1,1,8,8,0,0,0,0,0,0,0,410,410,0,0,10,10,0,400,400,0,0.000000,0,48512,0.000000,0,0,0,0,418,17,0,8,410,24872,602,0,0,0,0,418,0,0,0,0,239,9400
649,W2,1,1,7,7,0,0,0,0,0,0,0,410,410,0,0,10,10,0,400,400,0,0.000000,0,48838,0.000000,0,0,0,0,417,14,0,7,410,24838,497,0,0,0,0,417,0,0,0,0,201,9400
650,W2,1,1,7,7,1,0,0,0,4,0,0,410,410,0,0,10,10,0,400,400,0,0.000000,0,24665,0.000000,0,0,0,0,218,25,0,14,204,12734,898,0,0,0,0,218,0,6,0,0,292,9400
651,W2,1,1,5,5,0,0,0,0,0,0,0,410,410,0,0,10,10,0,400,400,0,0.000000,0,48812,0.000000,0,0,0,0,418,24,0,8,410,24872,861,0,0,0,0,418,0,0,0,0,249,9400
652,W2,1,1,5,5,0,0,0,0,0,0,0,410,410,391,0,10,10,9,400,400,382,95.365854,12512,48872,25.601571,20,20,30,30,418,27,0,8,410,24872,975,0,0,0,0,418,0,0,0,0,246,9400
653,W2,1,1,6,6,0,0,0,0,0,0,0,410,410,0,0,10,10,0,400,400,0,0.000000,0,48872,0.000000,0,0,0,0,418,22,0,8,410,24872,787,0,0,0,0,418,0,0,0,0,228,9400
654,W2,1,1,7,7,0,0,0,0,0,0,0,410,410,0,0,10,10,0,400,400,0,0.000000,0,48752,0.000000,0,0,0,0,418,20,0,8,410,24872,716,0,0,0,0,418,0,0,0,0,229,9400
655,W2,1,1,7,7,0,0,0,0,0,0,0,410,410,0,0,10,10,0,400,400,0,0.000000,0,48572,0.000000,0,0,0,0,418,22,0,8,410,24872,787,0,0,0,0,418,0,0,0,0,276,9400
656,W2,1,1,6,6,0,0,0,0,0,0,0,410,410,390,0,10,10,9,400,400,381,95.121951,12480,48838,25.553872,20,20,30,30,417,20,0,7,410,24838,722,0,0,0,0,417,0,0,0,0,242,9400
657,W2,1,1,6,6,0,0,0,0,0,0,0,410,410,389,0,10,10,9,400,400,380,94.878049,12448,48752,25.533311,20,20,30,30,418,20,0,8,410,24872,719,0,0,0,0,418,0,0,0,0,198,9400
658,W2,1,1,6,6,0,0,0,0,0,0,0,410,410,0,0,10,10,0,400,400,0,0.000000,0,49052,0.000000,0,0,0,0,418,22,0,8,410,24872,790,0,0,0,0,418,0,0,0,0,212,9400
659,W2,1,1,7,7,0,0,0,0,0,0,0,410,410,0,0,10,10,0,400,400,0,0.000000,0,48692,0.000000,0,0,0,0,418,15,0,8,410,24872,528,0,0,0,0,418,0,0,0,0,202,9400
660,W2,1,1,8,8,0,0,0,0,0,0,0,410,410,0,0,10,10,0,400,400,0,0.000000,0,49172,0.000000,0,0,0,0,418,13,0,8,410,24872,457,0,0,0,0,418,0,0,0,0,211,9400
661,W2,1,1,7,7,0,0,0,0,0,0,0,410,410,0,0,10,10,0,400,400,0,0.000000,0,49112,0.000000,0,0,0,0,418,18,0,8,410,24872,633,0,0,0,0,418,0,0,0,0,190,9400
662,W2,1,1,6,6,0,0,0,0,0,0,0,410,410,398,0,10,10,9,400,400,389,97.073171,12736,48932,26.027957,20,20,30,30,418,16,0,8,410,24872,568,0,0,0,0,418,0,0,0,0,199,9400
663,W2,1,1,6,6,0,0,0,0,0,0,0,410,410,386,0,10,10,10,400,400,376,94.146341,12352,48752,25.336396,20,20,30,30,418,17,0,8,410,24872,605,0,0,0,0,418,0,0,0,0,197,9400
664,W2,1,1,6,6,0,0,0,0,0,0,0,410,410,392,0,10,10,10,400,400,382,95.609756,12544,48992,25.604180,20,20,30,30,418,20,0,8,410,24872,716,0,0,0,0,418,0,0,0,0,248,9400
665,W2,1,1,6,6,0,0,0,0,0,0,0,410,410,0,0,10,10,0,400,400,0,0.000000,0,48752,0.000000,0,0,0,0,418,16,0,8,410,24872,568,0,0,0,0,418,0,0,0,0,255,9400
666,W2,1,1,5,5,0,0,0,0,0,0,0,410,410,0,0,10,10,0,400,400,0,0.000000,0,48812,0.000000,0,0,0,0,418,18,0,8,410,24872,636,0,0,0,0,418,0,0,0,0,250,9400
667,W2,1,1,6,6,0,0,0,0,0,0,0,410,410,0,0,10,10,0,400,400,0,0.000000,0,49052,0.000000,0,0,0,0,418,17,0,8,410,24872,605,0,0,0,0,418,0,0,0,0,210,9400
668,W2,1,1,6,6,0,0,0,0,0,0,0,410,410,388,0,10,10,10,400,400,378,94.634146,12416,48598,25.548376,20,20,30,30,417,15,0,7,410,24838,534,0,0,0,0,417,0,0,0,0,210,9400
669,W2,1,1,6,6,0,0,0,0,0,0,0,410,410,0,0,10,10,0,400,400,0,0.000000,0,49052,0.000000,0,0,0,0,418,18,0,8,410,24872,642,0,0,0,0,418,0,0,0,0,217,9400
670,W2,1,1,6,6,0,0,0,0,0,0,0,410,410,0,0,10,10,0,400,400,0,0.000000,0,48932,0.000000,0,0,0,0,418,16,0,8,410,24872,568,0,0,0,0,418,0,0,0,0,249,9400
671,W2,1,1,5,5,0,0,0,0,0,0,0,410,410,394,0,10,10,10,400,400,384,96.097561,12608,49052,25.703335,20,20,30,30,418,28,0,8,410,24872,1012,0,0,0,0,418,0,0,0,0,226,9400
672,W2,1,1,5,5,0,0,0,0,0,0,0,410,410,0,0,10,10,0,400,400,0,0.000000,0,48632,0.000000,0,0,0,0,418,27,0,8,410,24872,972,0,0,0,0,418,0,0,0,0,269,9400
673,W2,1,1,5,5,0,0,0,0,0,0,0,410,410,382,0,10,10,10,400,400,372,93.170732,12224,48632,25.135713,20,20,30,30,418,28,0,8,410,24872,1009,0,0,0,0,418,0,0,0,0,206,9400
674,W2,1,1,5,5,0,0,0,0,0,0,0,410,410,391,0,10,10,10,400,400,381,95.365854,12512,48872,25.601571,20,20,30,30,418,28,0,8,410,24872,1009,0,0,0,0,418,0,0,0,0,243,9400
675,W2,1,1,5,5,0,0,0,0,0,0,0,410,410,0,0,10,10,0,400,400,0,0.000000,0,48992,0.000000,0,0,0,0,418,25,0,8,410,24872,895,0,0,0,0,418,0,0,0,0,216,9400
676,W2,1,1,6,6,0,0,0,0,0,0,0,410,410,0,0,10,10,0,400,400,0,0.000000,0,48658,0.000000,0,0,0,0,417,25,0,7,410,24838,907,0,0,0,0,417,0,0,0,0,235,9400
677,W2,1,1,5,5,0,0,0,0,0,0,0,410,410,0,0,10,10,0,400,400,0,0.000000,0,48872,0.000000,0,0,0,0,418,26,0,8,410,24872,938,0,0,0,0,418,0,0,0,0,226,9400
678,W2,1,1,5,5,0,0,0,0,0,0,0,410,410,0,0,10,10,0,400,400,0,0.000000,0,48632,0.000000,0,0,0,0,418,28,0,8,410,24872,1012,0,0,0,0,418,0,0,0,0,231,9400
679,W2,1,1,6,6,0,0,0,0,0,0,0,410,410,0,0,10,10,0,400,400,0,0.000000,0,48778,0.000000,0,0,0,0,417,30,0,7,410,24838,1080,0,0,0,0,417,0,0,0,0,227,9400
680,W2,1,1,5,5,0,0,0,0,0,0,0,410,410,390,0,10,10,9,400,400,381,95.121951,12480,48932,25.504782,20,20,30,30,418,16,0,8,410,24872,568,0,0,0,0,418,0,0,0,0,204,9400
681,W2,1,1,5,5,0,0,0,0,0,0,0,410,410,396,0,10,10,10,400,400,386,96.585366,12672,49112,25.802248,20,20,30,30,418,21,0,8,410,24872,747,0,0,0,0,418,0,0,0,0,237,9400
682,W2,1,1,6,6,0,0,0,0,0,0,0,410,410,0,0,10,10,0,400,400,0,0.000000,0,49172,0.000000,0,0,0,0,418,18,0,8,410,24872,639,0,0,0,0,418,0,0,0,0,202,9400
683,W2,1,1,5,5,0,0,0,0,0,0,0,410,410,0,0,10,10,0,400,400,0,0.000000,0,48478,0.000000,0,0,0,0,417,17,0,7,410,24838,611,0,0,0,0,417,0,0,0,0,202,9400
684,W2,1,1,5,5,0,0,0,0,0,0,0,410,410,0,0,10,10,0,400,400,0,0.000000,0,48812,0.000000,0,0,0,0,418,20,0,8,410,24872,713,0,0,0,0,418,0,0,0,0,221,9400
685,W2,1,1,5,5,0,0,0,0,0,0,0,410,410,0,0,10,10,0,400,400,0,0.000000,0,48752,0.000000,0,0,0,0,418,19,0,8,410,24872,673,0,0,0,0,418,0,0,0,0,211,9400
686,W2,1,1,6,6,0,0,0,0,0,0,0,410,410,391,0,10,10,10,400,400,381,95.365854,12512,49052,25.507625,20,20,30,30,418,21,0,8,410,24872,747,0,0,0,0,418,0,0,0,0,230,9400
687,W2,1,1,5,5,0,0,0,0,0,0,0,410,410,392,0,10,10,10,400,400,382,95.609756,12544,49112,25.541619,20,20,30,30,418,16,0,8,410,24872,568,0,0,0,0,418,0,0,0,0,229,9400
688,W2,1,1,6,6,0,0,0,0,0,0,0,410,410,388,0,10,10,10,400,400,378,94.634146,12416,48932,25.373988,20,20,30,30,418,16,0,8,410,24872,571,0,0,0,0,418,0,0,0,0,216,9400
689,W2,1,1,6,6,0,0,0,0,0,0,0,410,410,0,0,10,10,0,400,400,0,0.000000,0,48958,0.000000,0,0,0,0,417,17,0,7,410,24838,608,0,0,0,0,417,0,0,0,0,213,9400
690,W2,1,1,6,6,0,0,0,0,0,0,0,410,410,0,0,10,10,0,400,400,0,0.000000,0,48932,0.000000,0,0,0,0,418,17,0,8,410,24872,605,0,0,0,0,418,0,0,0,0,229,9400
691,W2,1,1,6,6,0,0,0,0,0,0,0,410,410,0,0,10,10,0,400,400,0,0.000000,0,48632,0.000000,0,0,0,0,418,17,0,8,410,24872,605,0,0,0,0,418,0,0,0,0,208,9400
692,W2,1,1,6,6,0,0,0,0,0,0,0,410,410,388,0,10,10,9,400,400,379,94.634146,12416,48932,25.373988,20,20,30,30,418,21,0,8,410,24872,744,0,0,0,0,418,0,0,0,0,235,9400
693,W2,1,1,6,6,0,0,0,0,0,0,0,410,410,0,0,10,10,0,400,400,0,0.000000,0,48572,0.000000,0,0,0,0,418,19,0,8,410,24872,679,0,0,0,0,418,0,0,0,0,217,9400
694,W2,1,1,6,6,0,0,0,0,0,0,0,410,410,386,0,10,10,9,400,400,377,94.146341,12352,48838,25.291781,20,20,30,30,417,17,0,7,410,24838,605,0,0,0,0,417,0,0,0,0,241,9400
695,W2,1,1,6,6,0,0,0,0,0,0,0,410,410,0,0,10,10,0,400,400,0,0.000000,0,48872,0.000000,0,0,0,0,418,17,0,8,410,24872,605,0,0,0,0,418,0,0,0,0,207,9400
696,W2,1,1,6,6,0,0,0,0,0,0,0,410,410,0,0,10,10,0,400,400,0,0.000000,0,48872,0.000000,0,0,0,0,418,18,0,8,410,24872,639,0,0,0,0,418,0,0,0,0,204,9400
697,W2,1,1,5,5,0,0,0,0,0,0,0,410,410,392,0,10,10,8,400,400,384,95.609756,12544,48812,25.698599,20,20,30,30,418,16,0,8,410,24872,568,0,0,0,0,418,0,0,0,0,201,9400
698,W2,1,1,8,8,0,0,0,0,0,0,0,410,410,387,0,10,10,9,400,400,378,94.390244,12384,48932,25.308592,20,20,30,30,418,18,0,8,410,24872,642,0,0,0,0,418,0,0,0,0,243,9400
699,W2,1,1,6,6,1,0,0,0,4,0,0,410,410,0,0,10,10,0,400,400,0,0.000000,0,1197,0.000000,0,0,0,0,18,11,0,18,0,642,383,0,0,0,0,18,0,10,0,0,225,9400
700,W2,1,1,7,7,0,0,0,0,0,0,0,410,410,387,0,10,10,9,400,400,378,94.390244,12384,48632,25.464715,20,20,30,30,418,14,0,8,410,24872,494,0,0,0,0,418,0,0,0,0,218,9400
701,W2,1,1,6,6,0,0,0,0,0,0,0,410,410,0,0,10,10,0,400,400,0,0.000000,0,48812,0.000000,0,0,0,0,418,10,0,8,410,24872,349,0,0,0,0,418,0,0,0,0,210,9400
702,W2,1,1,6,6,0,0,0,0,0,0,0,410,410,0,0,10,10,0,400,400,0,0.000000,0,49292,0.000000,0,0,0,0,418,11,0,8,410,24872,383,0,0,0,0,418,0,0,0,0,220,9400
703,W2,1,1,6,6,0,0,0,0,0,0,0,410,410,0,0,10,10,0,400,400,0,0.000000,0,48752,0.000000,0,0,0,0,418,11,0,8,410,24872,383,0,0,0,0,418,0,0,0,0,195,9400
704,W2,1,1,6,6,0,0,0,0,0,0,0,410,410,0,0,10,10,0,400,400,0,0.000000,0,48718,0.000000,0,0,0,0,417,11,0,7,410,24838,386,0,0,0,0,417,0,0,0,0,227,9400
705,W2,1,1,6,6,0,0,0,0,0,0,0,410,410,390,0,10,10,10,400,400,380,95.121951,12480,49052,25.442388,20,20,30,30,418,13,0,8,410,24872,454,0,0,0,0,418,0,0,0,0,206,9400
706,W2,1,1,6,6,0,0,0,0,0,0,0,410,410,0,0,10,10,0,400,400,0,0.000000,0,48752,0.000000,0,0,0,0,418,12,0,8,410,24872,420,0,0,0,0,418,0,0,0,0,194,9400
707,W2,1,1,6,6,0,0,0,0,0,0,0,410,410,0,0,10,10,0,400,400,0,0.000000,0,48992,0.000000,0,0,0,0,418,13,0,8,410,24872,454,0,0,0,0,418,0,0,0,0,182,9400
708,W2,1,1,7,7,0,0,0,0,0,0,0,410,410,0,0,10,10,0,400,400,0,0.000000,0,48872,0.000000,0,0,0,0,418,13,0,8,410,24872,457,0,0,0,0,418,0,0,0,0,198,9400
709,W2,1,1,6,6,0,0,0,0,0,0,0,410,410,387,0,10,10,10,400,400,377,94.390244,12384,48812,25.370810,20,20,30,30,418,12,0,8,410,24872,420,0,0,0,0,418,0,0,0,0,230,9400
710,W2,1,1,6,6,0,0,0,0,0,0,0,410,410,0,0,10,10,0,400,400,0,0.000000,0,48932,0.000000,0,0,0,0,418,14,0,8,410,24872,491,0,0,0,0,418,0,0,0,0,184,9400
711,W2,1,1,7,7,0,0,0,0,0,0,0,410,410,381,0,10,10,9,400,400,372,92.926829,12192,48452,25.163048,20,20,30,30,418,13,0,8,410,24872,454,0,0,0,0,418,0,0,0,0,199,9400
712,W2,1,1,7,7,0,0,0,0,0,0,0,410,410,0,0,10,10,0,400,400,0,0.000000,0,48812,0.000000,0,0,0,0,418,12,0,8,410,24872,420,0,0,0,0,418,0,0,0,0,249,9400
713,W2,1,1,6,6,0,0,0,0,0,0,0,410,410,385,0,10,10,10,400,400,375,93.902439,12320,48692,25.301898,20,20,30,30,418,14,0,8,410,24872,488,0,0,0,0,418,0,0,0,0,257,9400
714,W2,1,1,6,6,0,0,0,0,0,0,0,410,410,0,0,10,10,0,400,400,0,0.000000,0,48812,0.000000,0,0,0,0,418,14,0,8,410,24872,491,0,0,0,0,418,0,0,0,0,210,9400
715,W2,1,1,6,6,0,0,0,0,0,0,0,410,410,0,0,10,10,0,400,400,0,0.000000,0,48572,0.000000,0,0,0,0,418,12,0,8,410,24872,420,0,0,0,0,418,0,0,0,0,203,9400
716,W2,1,1,6,6,0,0,0,0,0,0,0,410,410,0,0,10,10,0,400,400,0,0.000000,0,48932,0.000000,0,0,0,0,418,17,0,8,410,24872,605,0,0,0,0,418,0,0,0,0,238,9400
717,W2,1,1,6,6,0,0,0,0,0,0,0,410,410,389,0,10,10,9,400,400,380,94.878049,12448,48932,25.439385,20,20,30,30,418,18,0,8,410,24872,636,0,0,0,0,418,0,0,0,0,226,9400
718,W2,1,1,6,6,0,0,0,0,0,0,0,410,410,387,0,10,10,10,400,400,377,94.390244,12384,48512,25.527704,20,20,30,30,418,17,0,8,410,24872,605,0,0,0,0,418,0,0,0,0,220,9400
719,W2,1,1,6,6,0,0,0,0,0,0,0,410,410,392,0,10,10,9,400,400,383,95.609756,12544,49232,25.479363,20,20,30,30,418,17,0,8,410,24872,608,0,0,0,0,418,0,0,0,0,260,9400
720,W2,1,1,6,6,0,0,0,0,0,0,0,410,410,0,0,10,10,0,400,400,0,0.000000,0,48692,0.000000,0,0,0,0,418,17,0,8,410,24872,605,0,0,0,0,418,0,0,0,0,207,9400
721,W2,1,1,6,6,0,0,0,0,0,0,0,410,410,0,0,10,10,0,400,400,0,0.000000,0,48838,0.000000,0,0,0,0,417,16,0,7,410,24838,571,0,0,0,0,417,0,0,0,0,198,9400
722,W2,1,1,5,5,0,0,0,0,0,0,0,410,410,0,0,10,10,0,400,400,0,0.000000,0,48932,0.000000,0,0,0,0,418,16,0,8,410,24872,571,0,0,0,0,418,0,0,0,0,245,9400
723,W2,1,1,6,6,0,0,0,0,0,0,0,410,410,0,0,10,10,0,400,400,0,0.000000,0,48932,0.000000,0,0,0,0,418,18,0,8,410,24872,639,0,0,0,0,418,0,0,0,0,208,9400
724,W2,1,1,6,6,0,0,0,0,0,0,0,410,410,0,0,10,10,0,400,400,0,0.000000,0,48872,0.000000,0,0,0,0,418,16,0,8,410,24872,568,0,0,0,0,418,0,0,0,0,205,9400
725,W2,1,1,5,5,0,0,0,0,0,0,0,410,410,0,0,10,10,0,400,400,0,0.000000,0,49052,0.000000,0,0,0,0,418,18,0,8,410,24872,636,0,0,0,0,418,0,0,0,0,207,9400
726,W2,1,1,5,5,0,0,0,0,0,0,0,410,410,0,0,10,10,0,400,400,0,0.000000,0,48932,0.000000,0,0,0,0,418,14,0,8,410,24872,497,0,0,0,0,418,0,0,0,0,235,9400
727,W2,1,1,5,5,0,0,0,0,0,0,0,410,410,0,0,10,10,0,400,400,0,0.000000,0,48992,0.000000,0,0,0,0,418,16,0,8,410,24872,565,0,0,0,0,418,0,0,0,0,217,9400
728,W2,1,1,5,5,0,0,0,0,0,0,0,410,410,0,0,10,10,0,400,400,0,0.000000,0,49052,0.000000,0,0,0,0,418,18,0,8,410,24872,642,0,0,0,0,418,0,0,0,0,202,9400
729,W2,1,1,5,5,0,0,0,0,0,0,0,410,410,396,0,10,10,10,400,400,386,96.585366,12672,48992,25.865447,20,20,30,30,418,15,0,8,410,24872,528,0,0,0,0,418,0,0,0,0,247,9400
730,W2,1,1,5,5,0,0,0,0,0,0,0,410,410,0,0,10,10,0,400,400,0,0.000000,0,48992,0.000000,0,0,0,0,418,17,0,8,410,24872,602,0,0,0,0,418,0,0,0,0,217,9400
731,W2,1,1,5,5,0,0,0,0,0,0,0,410,410,390,0,10,10,10,400,400,380,95.121951,12480,48992,25.473547,20,20,30,30,418,16,0,8,410,24872,565,0,0,0,0,418,0,0,0,0,196,9400
732,W2,1,1,5,5,0,0,0,0,0,0,0,410,410,381,0,10,10,9,400,400,372,92.926829,12192,48452,25.163048,20,20,30,30,418,14,0,8,410,24872,494,0,0,0,0,418,0,0,0,0,213,9400
733,W2,1,1,5,5,0,0,0,0,0,0,0,410,410,0,0,10,10,0,400,400,0,0.000000,0,48872,0.000000,0,0,0,0,418,13,0,8,410,24872,460,0,0,0,0,418,0,0,0,0,218,9400
734,W2,1,1,6,6,0,0,0,0,0,0,0,410,410,395,0,10,10,10,400,400,385,96.341463,12640,48812,25.895272,20,20,30,30,418,12,0,8,410,24872,420,0,0,0,0,418,0,0,0,0,232,9400
735,W2,1,1,6,6,0,0,0,0,0,0,0,410,410,0,0,10,10,0,400,400,0,0.000000,0,48718,0.000000,0,0,0,0,417,8,0,7,410,24838,278,0,0,0,0,417,0,0,0,0,222,9400
736,W2,1,1,6,6,0,0,0,0,0,0,0,410,410,0,0,10,10,0,400,400,0,0.000000,0,48632,0.000000,0,0,0,0,418,11,0,8,410,24872,383,0,0,0,0,418,0,0,0,0,200,9400
737,W2,1,1,6,6,0,0,0,0,0,0,0,410,410,0,0,10,10,0,400,400,0,0.000000,0,48872,0.000000,0,0,0,0,418,11,0,8,410,24872,383,0,0,0,0,418,0,0,0,0,188,9400
738,W2,1,1,6,6,0,0,0,0,0,0,0,410,410,0,0,10,10,0,400,400,0,0.000000,0,48872,0.000000,0,0,0,0,418,11,0,8,410,24872,383,0,0,0,0,418,0,0,0,0,211,9400
739,W2,1,1,6,6,0,0,0,0,0,0,0,410,410,0,0,10,10,0,400,400,0,0.000000,0,48932,0.000000,0,0,0,0,418,11,0,8,410,24872,383,0,0,0,0,418,0,0,0,0,223,9400
740,W2,1,1,7,7,0,0,0,0,0,0,0,410,410,396,0,10,10,10,400,400,386,96.585366,12672,49232,25.739357,20,20,30,30,418,18,0,8,410,24872,642,0,0,0,0,418,0,0,0,0,228,9400
741,W2,1,1,6,6,1,0,0,0,4,0,0,410,410,0,0,10,10,0,400,400,0,0.000000,0,1086,0.000000,0,0,0,0,18,15,0,18,0,642,531,0,0,0,0,18,0,10,0,0,262,9400
742,W2,1,1,6,6,1,0,0,0,4,0,0,410,410,0,0,10,10,0,400,400,0,0.000000,0,941,0.000000,0,0,0,0,17,14,0,17,0,608,500,0,0,0,0,17,0,10,0,0,213,9400
743,W2,1,1,6,6,0,0,0,0,0,0,0,410,410,387,0,10,10,8,400,400,379,94.390244,12384,48872,25.339663,20,20,30,30,418,11,0,8,410,24872,383,0,0,0,0,418,0,0,0,0,194,9400
744,W2,1,1,6,6,0,0,0,0,0,0,0,410,410,0,0,10,10,0,400,400,0,0.000000,0,48752,0.000000,0,0,0,0,418,13,0,8,410,24872,454,0,0,0,0,418,0,0,0,0,198,9400
745,W2,1,1,6,6,0,0,0,0,0,0,0,410,410,0,0,10,10,0,400,400,0,0.000000,0,48752,0.000000,0,0,0,0,418,13,0,8,410,24872,451,0,0,0,0,418,0,0,0,0,187,9400
746,W2,1,1,6,6,0,0,0,0,0,0,0,410,410,0,0,10,10,0,400,400,0,0.000000,0,48632,0.000000,0,0,0,0,418,13,0,8,410,24872,457,0,0,0,0,418,0,0,0,0,198,9400
747,W2,1,1,6,6,0,0,0,0,0,0,0,410,410,389,0,10,10,10,400,400,379,94.878049,12448,48932,25.439385,20,20,30,30,418,10,0,8,410,24872,349,0,0,0,0,418,0,0,0,0,197,9400
748,W2,1,1,6,6,0,0,0,0,0,0,0,410,410,0,0,10,10,0,400,400,0,0.000000,0,48632,0.000000,0,0,0,0,418,12,0,8,410,24872,420,0,0,0,0,418,0,0,0,0,184,9400
749,W2,1,1,6,6,0,0,0,0,0,0,0,410,410,0,0,10,10,0,400,400,0,0.000000,0,48718,0.000000,0,0,0,0,417,11,0,7,410,24838,383,0,0,0,0,417,0,0,0,0,177,9400
750,W2,1,1,6,6,0,0,0,0,0,0,0,410,410,0,0,10,10,0,400,400,0,0.000000,0,48572,0.000000,0,0,0,0,418,11,0,8,410,24872,383,0,0,0,0,418,0,0,0,0,187,9400
751,W2,1,1,6,6,0,0,0,0,0,0,0,410,410,385,0,10,10,10,400,400,375,93.902439,12320,48658,25.319577,20,20,30,30,417,12,0,7,410,24838,423,0,0,0,0,417,0,0,0,0,183,9400
752,W2,1,1,6,6,0,0,0,0,0,0,0,410,410,0,0,10,10,0,400,400,0,0.000000,0,48932,0.000000,0,0,0,0,418,11,0,8,410,24872,383,0,0,0,0,418,0,0,0,0,193,9400
753,W2,1,1,6,6,0,0,0,0,0,0,0,410,410,401,0,10,10,10,400,400,391,97.804878,12832,49172,26.096152,20,20,30,30,418,11,0,8,410,24872,383,0,0,0,0,418,0,0,0,0,179,9400
754,W2,1,1,6,6,0,0,0,0,0,0,0,410,410,0,0,10,10,0,400,400,0,0.000000,0,48872,0.000000,0,0,0,0,418,11,0,8,410,24872,383,0,0,0,0,418,0,0,0,0,195,9400
755,W2,1,1,6,6,0,0,0,0,0,0,0,410,410,0,0,10,10,0,400,400,0,0.000000,0,48752,0.000000,0,0,0,0,418,14,0,8,410,24872,491,0,0,0,0,418,0,0,0,0,204,9400
756,W2,1,1,6,6,0,0,0,0,0,0,0,410,410,0,0,10,10,0,400,400,0,0.000000,0,48512,0.000000,0,0,0,0,418,10,0,8,410,24872,349,0,0,0,0,418,0,0,0,0,186,9400
757,W2,1,1,6,6,0,0,0,0,0,0,0,410,410,0,0,10,10,0,400,400,0,0.000000,0,48932,0.000000,0,0,0,0,418,13,0,8,410,24872,454,0,0,0,0,418,0,0,0,0,186,9400
758,W2,1,1,6,6,0,0,0,0,0,0,0,410,410,392,0,10,10,10,400,400,382,95.609756,12544,49172,25.510453,20,20,30,30,418,12,0,8,410,24872,420,0,0,0,0,418,0,0,0,0,203,9400
759,W2,1,1,6,6,0,0,0,0,0,0,0,410,410,0,0,10,10,0,400,400,0,0.000000,0,48478,0.000000,0,0,0,0,417,11,0,7,410,24838,383,0,0,0,0,417,0,0,0,0,202,9400
760,W2,1,1,6,6,0,0,0,0,0,0,0,410,410,392,0,10,10,10,400,400,382,95.609756,12544,49172,25.510453,20,20,30,30,418,12,0,8,410,24872,417,0,0,0,0,418,0,0,0,0,215,9400
761,W2,1,1,5,5,1,0,0,0,4,0,0,410,410,0,0,10,10,0,400,400,0,0.000000,0,1197,0.000000,0,0,0,0,18,19,0,18,0,642,673,0,0,0,0,18,0,10,0,0,239,9400
762,W2,1,1,5,5,1,0,0,0,4,0,0,410,410,0,0,10,10,0,400,400,0,0.000000,0,1197,0.000000,0,0,0,0,18,16,0,18,0,642,568,0,0,0,0,18,0,10,0,0,247,9400
763,W2,1,1,6,6,0,0,0,0,0,0,0,410,410,0,0,10,10,0,400,400,0,0.000000,0,48752,0.000000,0,0,0,0,418,23,0,8,410,24872,827,0,0,0,0,418,0,0,0,0,251,9400
764,W2,1,1,6,6,0,0,0,0,0,0,0,410,410,0,0,10,10,0,400,400,0,0.000000,0,48992,0.000000,0,0,0,0,418,12,0,8,410,24872,417,0,0,0,0,418,0,0,0,0,245,9400
765,W2,1,1,6,6,0,0,0,0,0,0,0,410,410,0,0,10,10,0,400,400,0,0.000000,0,48512,0.000000,0,0,0,0,418,13,0,8,410,24872,451,0,0,0,0,418,0,0,0,0,235,9400
766,W2,1,1,6,6,0,0,0,0,0,0,0,410,410,377,0,10,10,9,400,400,368,91.951220,12064,48392,24.929740,20,20,30,30,418,11,0,8,410,24872,383,0,0,0,0,418,0,0,0,0,217,9400
767,W2,1,1,5,5,0,0,0,0,0,0,0,410,410,395,0,10,10,10,400,400,385,96.341463,12640,49198,25.692101,20,20,30,30,417,9,0,7,410,24838,312,0,0,0,0,417,0,0,0,0,242,9400
768,W2,1,1,5,5,0,0,0,0,0,0,0,410,410,394,0,10,10,10,400,400,384,96.097561,12608,49052,25.703335,20,20,30,30,418,12,0,8,410,24872,414,0,0,0,0,418,0,0,0,0,209,9400
769,W2,1,1,5,5,0,0,0,0,0,0,0,410,410,0,0,10,10,0,400,400,0,0.000000,0,48752,0.000000,0,0,0,0,418,10,0,8,410,24872,346,0,0,0,0,418,0,0,0,0,221,9400
770,W2,1,1,6,6,0,0,0,0,0,0,0,410,410,0,0,10,10,0,400,400,0,0.000000,0,49232,0.000000,0,0,0,0,418,18,0,8,410,24872,642,0,0,0,0,418,0,0,0,0,218,9400
771,W2,1,1,5,5,0,0,0,0,0,0,0,410,410,0,0,10,10,0,400,400,0,0.000000,0,48872,0.000000,0,0,0,0,418,14,0,8,410,24872,494,0,0,0,0,418,0,0,0,0,204,9400
772,W2,1,1,7,7,0,0,0,0,0,0,0,410,410,0,0,10,10,0,400,400,0,0.000000,0,49052,0.000000,0,0,0,0,418,15,0,8,410,24872,534,0,0,0,0,418,0,0,0,0,226,9400
773,W2,1,1,6,6,0,0,0,0,0,0,0,410,410,0,0,10,10,0,400,400,0,0.000000,0,48692,0.000000,0,0,0,0,418,17,0,8,410,24872,599,0,0,0,0,418,0,0,0,0,194,9400
774,W2,1,1,6,6,0,0,0,0,0,0,0,410,410,388,0,10,10,10,400,400,378,94.634146,12416,48692,25.499055,20,20,30,30,418,16,0,8,410,24872,571,0,0,0,0,418,0,0,0,0,230,9400
775,W2,1,1,7,7,0,0,0,0,0,0,0,410,410,388,0,10,10,10,400,400,378,94.634146,12416,48632,25.530515,20,20,30,30,418,17,0,8,410,24872,608,0,0,0,0,418,0,0,0,0,223,9400
776,W2,1,1,7,7,0,0,0,0,0,0,0,410,410,0,0,10,10,0,400,400,0,0.000000,0,49112,0.000000,0,0,0,0,418,13,0,8,410,24872,460,0,0,0,0,418,0,0,0,0,238,9400
777,W2,1,1,8,8,0,0,0,0,0,0,0,410,410,0,0,10,10,0,400,400,0,0.000000,0,48752,0.000000,0,0,0,0,418,16,0,8,410,24872,565,0,0,0,0,418,0,0,0,0,235,9400
778,W2,1,1,7,7,0,0,0,0,0,0,0,410,410,387,0,10,10,9,400,400,378,94.390244,12384,48752,25.402035,20,20,30,30,418,16,0,8,410,24872,568,0,0,0,0,418,0,0,0,0,204,9400
779,W2,1,1,7,7,0,0,0,0,0,0,0,410,410,0,0,10,10,0,400,400,0,0.000000,0,48932,0.000000,0,0,0,0,418,17,0,8,410,24872,605,0,0,0,0,418,0,0,0,0,210,9400
780,W2,1,1,7,7,0,0,0,0,0,0,0,410,410,0,0,10,10,0,400,400,0,0.000000,0,48478,0.000000,0,0,0,0,417,18,0,7,410,24838,642,0,0,0,0,417,0,0,0,0,222,9400
781,W2,1,1,7,7,0,0,0,0,0,0,0,410,410,395,0,10,10,10,400,400,385,96.341463,12640,48992,25.800131,20,20,30,30,418,19,0,8,410,24872,676,0,0,0,0,418,0,0,0,0,248,9400
782,W2,1,1,6,6,0,0,0,0,0,0,0,410,410,0,0,10,10,0,400,400,0,0.000000,0,48692,0.000000,0,0,0,0,418,19,0,8,410,24872,676,0,0,0,0,418,0,0,0,0,226,9400
783,W2,1,0,0,6,0,0,0,0,0,0,0,410,110,97,0,10,10,2,400,100,95,88.181818,3104,12120,25.610561,20,20,30,30,103,3,0,0,103,6180,111,289,10,1,0,103,0,0,0,289,166,9400
784,W2,1,1,7,7,0,0,0,0,0,0,0,410,410,0,0,10,10,0,400,400,0,0.000000,0,48512,0.000000,0,0,0,0,418,18,0,8,410,24872,642,0,0,0,0,418,0,0,0,0,255,9400
785,W2,1,1,5,5,0,0,0,0,0,0,0,410,410,0,0,10,10,0,400,400,0,0.000000,0,49052,0.000000,0,0,0,0,418,17,0,8,410,24872,605,0,0,0,0,418,0,0,0,0,225,9400
786,W2,1,1,6,6,0,0,0,0,0,0,0,410,410,0,0,10,10,0,400,400,0,0.000000,0,48332,0.000000,0,0,0,0,418,17,0,8,410,24872,605,0,0,0,0,418,0,0,0,0,215,9400
787,W2,1,1,6,6,0,0,0,0,0,0,0,410,410,0,0,10,10,0,400,400,0,0.000000,0,48632,0.000000,0,0,0,0,418,19,0,8,410,24872,676,0,0,0,0,418,0,0,0,0,213,9400
788,W2,1,1,5,5,0,0,0,0,0,0,0,410,410,389,0,10,10,9,400,400,380,94.878049,12448,48872,25.470617,20,20,30,30,418,18,0,8,410,24872,642,0,0,0,0,418,0,0,0,0,222,9400
789,W2,1,1,6,6,0,0,0,0,0,0,0,410,410,0,0,10,10,0,400,400,0,0.000000,0,48872,0.000000,0,0,0,0,418,18,0,8,410,24872,642,0,0,0,0,418,0,0,0,0,233,9400
790,W2,1,1,5,5,0,0,0,0,0,0,0,410,410,388,0,10,10,9,400,400,379,94.634146,12416,48718,25.485447,20,20,30,30,417,17,0,7,410,24838,605,0,0,0,0,417,0,0,0,0,246,9400
791,W2,1,1,5,5,0,0,0,0,0,0,0,410,410,389,0,10,10,10,400,400,379,94.878049,12448,48992,25.408230,20,20,30,30,418,18,0,8,410,24872,642,0,0,0,0,418,0,0,0,0,246,9400
792,W2,1,1,6,6,0,0,0,0,0,0,0,410,410,0,0,10,10,0,400,400,0,0.000000,0,49172,0.000000,0,0,0,0,418,18,0,8,410,24872,642,0,0,0,0,418,0,0,0,0,285,9400
793,W2,1,1,5,5,0,0,0,0,0,0,0,410,410,392,0,10,10,10,400,400,382,95.609756,12544,48692,25.761932,20,20,30,30,418,19,0,8,410,24872,679,0,0,0,0,418,0,0,0,0,212,9400
794,W2,1,1,6,6,0,0,0,0,0,0,0,410,410,0,0,10,10,0,400,400,0,0.000000,0,48872,0.000000,0,0,0,0,418,18,0,8,410,24872,642,0,0,0,0,418,0,0,0,0,210,9400
795,W2,1,1,6,6,0,0,0,0,0,0,0,410,410,0,0,10,10,0,400,400,0,0.000000,0,48752,0.000000,0,0,0,0,418,20,0,8,410,24872,716,0,0,0,0,418,0,0,0,0,216,9400
796,W2,1,1,6,6,0,0,0,0,0,0,0,410,410,0,0,10,10,0,400,400,0,0.000000,0,48838,0.000000,0,0,0,0,417,17,0,7,410,24838,602,0,0,0,0,417,0,0,0,0,275,9400
797,W2,1,1,6,6,0,0,0,0,0,0,0,410,410,0,0,10,10,0,400,400,0,0.000000,0,49112,0.000000,0,0,0,0,418,10,0,8,410,24872,352,0,0,0,0,418,0,0,0,0,261,9400
798,W2,1,1,6,6,0,0,0,0,0,0,0,410,410,0,0,10,10,0,400,400,0,0.000000,0,48572,0.000000,0,0,0,0,418,16,0,8,410,24872,562,0,0,0,0,418,0,0,0,0,274,9400
799,W2,1,1,7,7,0,0,0,0,0,0,0,410,410,0,0,10,10,0,400,400,0,0.000000,0,49172,0.000000,0,0,0,0,418,11,0,8,410,24872,383,0,0,0,0,418,0,0,0,0,242,9400
800,W2,1,1,7,7,0,0,0,0,0,0,0,410,410,395,0,10,10,10,400,400,385,96.341463,12640,48992,25.800131,20,20,30,30,418,12,0,8,410,24872,420,0,0,0,0,418,0,0,0,0,251,9400
801,W2,1,1,7,7,0,0,0,0,0,0,0,410,410,0,0,10,10,0,400,400,0,0.000000,0,48932,0.000000,0,0,0,0,418,11,0,8,410,24872,386,0,0,0,0,418,0,0,0,0,236,9400
802,W2,1,1,7,7,0,0,0,0,0,0,0,410,410,0,0,10,10,0,400,400,0,0.000000,0,48812,0.000000,0,0,0,0,418,12,0,8,410,24872,417,0,0,0,0,418,0,0,0,0,238,9400
803,W2,1,1,6,6,0,0,0,0,0,0,0,410,410,0,0,10,10,0,400,400,0,0.000000,0,48932,0.000000,0,0,0,0,418,10,0,8,410,24872,352,0,0,0,0,418,0,0,0,0,197,9400
804,W2,1,1,6,6,0,0,0,0,0,0,0,410,410,0,0,10,10,0,400,400,0,0.000000,0,49052,0.000000,0,0,0,0,418,13,0,8,410,24872,454,0,0,0,0,418,0,0,0,0,217,9400
805,W2,1,1,6,6,0,0,0,0,0,0,0,410,410,388,0,10,10,9,400,400,379,94.634146,12416,48872,25.405140,20,20,30,30,418,13,0,8,410,24872,454,0,0,0,0,418,0,0,0,0,189,9400
806,W2,1,1,6,6,0,0,0,0,0,0,0,410,410,393,0,10,10,10,400,400,383,95.853659,12576,48992,25.669497,20,20,30,30,418,18,0,8,410,24872,639,0,0,0,0,418,0,0,0,0,218,9400
807,W2,1,1,5,5,0,0,0,0,0,0,0,410,410,0,0,10,10,0,400,400,0,0.000000,0,49172,0.000000,0,0,0,0,418,16,0,8,410,24872,571,0,0,0,0,418,0,0,0,0,206,9400
808,W2,1,1,6,6,0,0,0,0,0,0,0,410,410,0,0,10,10,0,400,400,0,0.000000,0,49052,0.000000,0,0,0,0,418,18,0,8,410,24872,642,0,0,0,0,418,0,0,0,0,223,9400
809,W2,1,1,6,6,0,0,0,0,0,0,0,410,410,0,0,10,10,0,400,400,0,0.000000,0,48932,0.000000,0,0,0,0,418,17,0,8,410,24872,605,0,0,0,0,418,0,0,0,0,247,9400
810,W2,1,1,6,6,0,0,0,0,0,0,0,410,410,388,0,10,10,10,400,400,378,94.634146,12416,48692,25.499055,20,20,30,30,418,19,0,8,410,24872,676,0,0,0,0,418,0,0,0,0,231,9400
811,W2,1,1,6,6,0,0,0,0,0,0,0,410,410,0,0,10,10,0,400,400,0,0.000000,0,48692,0.000000,0,0,0,0,418,19,0,8,410,24872,679,0,0,0,0,418,0,0,0,0,206,9400
812,W2,1,1,5,5,0,0,0,0,0,0,0,410,410,0,0,10,10,0,400,400,0,0.000000,0,49052,0.000000,0,0,0,0,418,15,0,8,410,24872,531,0,0,0,0,418,0,0,0,0,208,9400
813,W2,1,1,5,5,0,0,0,0,0,0,0,410,410,398,0,10,10,10,400,400,388,97.073171,12736,49112,25.932562,20,20,30,30,418,19,0,8,410,24872,673,0,0,0,0,418,0,0,0,0,206,9400
814,W2,1,1,5,5,0,0,0,0,0,0,0,410,410,0,0,10,10,0,400,400,0,0.000000,0,48692,0.000000,0,0,0,0,418,14,0,8,410,24872,500,0,0,0,0,418,0,0,0,0,242,9400
815,W2,1,1,6,6,0,0,0,0,0,0,0,410,410,0,0,10,10,0,400,400,0,0.000000,0,48812,0.000000,0,0,0,0,418,17,0,8,410,24872,608,0,0,0,0,418,0,0,0,0,212,9400
816,W2,1,1,6,6,0,0,0,0,0,0,0,410,410,383,0,10,10,8,400,400,375,93.414634,12256,48572,25.232644,20,20,30,30,418,18,0,8,410,24872,642,0,0,0,0,418,0,0,0,0,210,9400
817,W2,1,1,6,6,0,0,0,0,0,0,0,410,410,0,0,10,10,0,400,400,0,0.000000,0,48692,0.000000,0,0,0,0,418,18,0,8,410,24872,639,0,0,0,0,418,0,0,0,0,224,9400
818,W2,1,1,6,6,0,0,0,0,0,0,0,410,410,0,0,10,10,0,400,400,0,0.000000,0,48992,0.000000,0,0,0,0,418,20,0,8,410,24872,713,0,0,0,0,418,0,0,0,0,217,9400
819,W2,1,1,6,6,0,0,0,0,0,0,0,410,410,388,0,10,10,10,400,400,378,94.634146,12416,48812,25.436368,20,20,30,30,418,18,0,8,410,24872,642,0,0,0,0,418,0,0,0,0,238,9400
820,W2,1,1,6,6,0,0,0,0,0,0,0,410,410,0,0,10,10,0,400,400,0,0.000000,0,48812,0.000000,0,0,0,0,418,19,0,8,410,24872,673,0,0,0,0,418,0,0,0,0,223,9400
821,W2,1,1,6,6,0,0,0,0,0,0,0,410,410,387,0,10,10,9,400,400,378,94.390244,12384,48752,25.402035,20,20,30,30,418,18,0,8,410,24872,639,0,0,0,0,418,0,0,0,0,227,9400
822,W2,1,1,6,6,0,0,0,0,0,0,0,410,410,399,0,10,10,10,400,400,389,97.317073,12768,49292,25.902783,20,20,30,30,418,19,0,8,410,24872,673,0,0,0,0,418,0,0,0,0,216,9400
823,W2,1,1,6,6,0,0,0,0,0,0,0,410,410,0,0,10,10,0,400,400,0,0.000000,0,48632,0.000000,0,0,0,0,418,20,0,8,410,24872,710,0,0,0,0,418,0,0,0,0,228,9400
824,W2,1,1,6,6,0,0,0,0,0,0,0,410,410,0,0,10,10,0,400,400,0,0.000000,0,48932,0.000000,0,0,0,0,418,19,0,8,410,24872,676,0,0,0,0,418,0,0,0,0,227,9400
825,W2,1,1,6,6,0,0,0,0,0,0,0,410,410,386,0,10,10,9,400,400,377,94.146341,12352,48692,25.367617,20,20,30,30,418,19,0,8,410,24872,676,0,0,0,0,418,0,0,0,0,223,9400
826,W2,1,1,6,6,0,0,0,0,0,0,0,410,410,0,0,10,10,0,400,400,0,0.000000,0,48932,0.000000,0,0,0,0,418,17,0,8,410,24872,605,0,0,0,0,418,0,0,0,0,207,9400
827,W2,1,1,6,6,0,0,0,0,0,0,0,410,410,0,0,10,10,0,400,400,0,0.000000,0,48932,0.000000,0,0,0,0,418,15,0,8,410,24872,531,0,0,0,0,418,0,0,0,0,211,9400
828,W2,1,1,6,6,0,0,0,0,0,0,0,410,410,392,0,10,10,10,400,400,382,95.609756,12544,48992,25.604180,20,20,30,30,418,17,0,8,410,24872,602,0,0,0,0,418,0,0,0,0,244,9400
829,W2,1,1,6,6,0,0,0,0,0,0,0,410,410,0,0,10,10,0,400,400,0,0.000000,0,48778,0.000000,0,0,0,0,417,16,0,7,410,24838,568,0,0,0,0,417,0,0,0,0,223,9400
830,W2,1,1,7,7,0,0,0,0,0,0,0,410,410,0,0,10,10,0,400,400,0,0.000000,0,48752,0.000000,0,0,0,0,418,15,0,8,410,24872,537,0,0,0,0,418,0,0,0,0,289,9400
831,W2,1,1,6,6,0,0,0,0,0,0,0,410,410,0,0,10,10,0,400,400,0,0.000000,0,49172,0.000000,0,0,0,0,418,19,0,8,410,24872,676,0,0,0,0,418,0,0,0,0,221,9400
832,W2,1,1,5,5,0,0,0,0,0,0,0,410,410,387,0,10,10,9,400,400,378,94.390244,12384,49112,25.215833,20,20,30,30,418,17,0,8,410,24872,602,0,0,0,0,418,0,0,0,0,214,9400
833,W2,1,1,7,7,0,0,0,0,0,0,0,410,410,0,0,10,10,0,400,400,0,0.000000,0,48958,0.000000,0,0,0,0,417,17,0,7,410,24838,605,0,0,0,0,417,0,0,0,0,264,9400
834,W2,1,1,7,7,0,0,0,0,0,0,0,410,410,397,0,10,10,10,400,400,387,96.829268,12704,48992,25.930764,20,20,30,30,418,19,0,8,410,24872,670,0,0,0,0,418,0,0,0,0,206,9400
835,W2,1,1,7,7,0,0,0,0,0,0,0,410,410,389,0,10,10,10,400,400,379,94.878049,12448,48752,25.533311,20,20,30,30,418,17,0,8,410,24872,605,0,0,0,0,418,0,0,0,0,240,9400
836,W2,1,1,6,6,0,0,0,0,0,0,0,410,410,0,0,10,10,0,400,400,0,0.000000,0,48872,0.000000,0,0,0,0,418,18,0,8,410,24872,642,0,0,0,0,418,0,0,0,0,212,9400
837,W2,1,1,6,6,0,0,0,0,0,0,0,410,410,0,0,10,10,0,400,400,0,0.000000,0,48752,0.000000,0,0,0,0,418,17,0,8,410,24872,605,0,0,0,0,418,0,0,0,0,221,9400
838,W2,1,1,6,6,0,0,0,0,0,0,0,410,410,389,0,10,10,10,400,400,379,94.878049,12448,48752,25.533311,20,20,30,30,418,17,0,8,410,24872,605,0,0,0,0,418,0,0,0,0,218,9400
839,W2,1,1,7,7,0,0,0,0,0,0,0,410,410,0,0,10,10,0,400,400,0,0.000000,0,49112,0.000000,0,0,0,0,418,14,0,8,410,24872,494,0,0,0,0,418,0,0,0,0,238,9400
840,W2,1,1,7,7,0,0,0,0,0,0,0,410,410,0,0,10,10,0,400,400,0,0.000000,0,48932,0.000000,0,0,0,0,418,14,0,8,410,24872,497,0,0,0,0,418,0,0,0,0,204,9400
841,W2,1,1,7,7,0,0,0,0,0,0,0,410,410,0,0,10,10,0,400,400,0,0.000000,0,48632,0.000000,0,0,0,0,418,15,0,8,410,24872,528,0,0,0,0,418,0,0,0,0,234,9400
842,W2,1,1,7,7,0,0,0,0,0,0,0,410,410,0,0,10,10,0,400,400,0,0.000000,0,49052,0.000000,0,0,0,0,418,19,0,8,410,24872,676,0,0,0,0,418,0,0,0,0,207,9400
843,W2,1,1,6,6,0,0,0,0,0,0,0,410,410,392,0,10,10,9,400,400,383,95.609756,12544,48752,25.730226,20,20,30,30,418,18,0,8,410,24872,642,0,0,0,0,418,0,0,0,0,205,9400
844,W2,1,1,6,6,0,0,0,0,0,0,0,410,410,391,0,10,10,10,400,400,381,95.365854,12512,48958,25.556600,20,20,30,30,417,19,0,7,410,24838,682,0,0,0,0,417,0,0,0,0,211,9400
845,W2,1,1,7,7,0,0,0,0,0,0,0,410,410,0,0,10,10,0,400,400,0,0.000000,0,48812,0.000000,0,0,0,0,418,17,0,8,410,24872,605,0,0,0,0,418,0,0,0,0,225,9400
846,W2,1,1,6,6,0,0,0,0,0,0,0,410,410,0,0,10,10,0,400,400,0,0.000000,0,49052,0.000000,0,0,0,0,418,17,0,8,410,24872,602,0,0,0,0,418,0,0,0,0,260,9400
847,W2,1,1,7,7,0,0,0,0,0,0,0,410,410,0,0,10,10,0,400,400,0,0.000000,0,48632,0.000000,0,0,0,0,418,18,0,8,410,24872,642,0,0,0,0,418,0,0,0,0,231,9400
848,W2,1,1,7,7,0,0,0,0,0,0,0,410,410,392,0,10,10,8,400,400,384,95.609756,12544,48872,25.667049,20,20,30,30,418,18,0,8,410,24872,642,0,0,0,0,418,0,0,0,0,224,9400
849,W2,1,1,7,7,0,0,0,0,0,0,0,410,410,0,0,10,10,0,400,400,0,0.000000,0,48752,0.000000,0,0,0,0,418,16,0,8,410,24872,568,0,0,0,0,418,0,0,0,0,221,9400
850,W2,1,1,6,6,0,0,0,0,0,0,0,410,410,0,0,10,10,0,400,400,0,0.000000,0,48992,0.000000,0,0,0,0,418,18,0,8,410,24872,642,0,0,0,0,418,0,0,0,0,219,9400
851,W2,1,1,6,6,0,0,0,0,0,0,0,410,410,0,0,10,10,0,400,400,0,0.000000,0,49052,0.000000,0,0,0,0,418,14,0,8,410,24872,494,0,0,0,0,418,0,0,0,0,236,9400
852,W2,1,1,7,7,0,0,0,0,0,0,0,410,410,0,0,10,10,0,400,400,0,0.000000,0,49232,0.000000,0,0,0,0,418,14,0,8,410,24872,491,0,0,0,0,418,0,0,0,0,219,9400
853,W2,1,1,7,7,0,0,0,0,0,0,0,410,410,0,0,10,10,0,400,400,0,0.000000,0,48658,0.000000,0,0,0,0,417,13,0,7,410,24838,457,0,0,0,0,417,0,0,0,0,211,9400
854,W2,1,1,6,6,1,0,0,0,4,0,0,410,410,0,0,10,10,0,400,400,0,0.000000,0,1012,0.000000,0,0,0,0,18,14,0,18,0,642,491,0,0,0,0,18,0,10,0,0,215,9400
855,W2,1,1,8,8,0,0,0,0,0,0,0,410,410,385,0,10,10,9,400,400,376,93.902439,12320,48632,25.333114,20,20,30,30,418,19,0,8,410,24872,676,0,0,0,0,418,0,0,0,0,220,9400
856,W2,1,0,0,6,0,0,0,0,0,0,0,410,210,193,0,10,10,5,400,200,188,91.904762,6176,24120,25.605307,20,20,30,30,205,0,0,0,205,12300,0,192,7,1,0,205,0,0,0,192,167,9400
857,W2,1,1,7,7,0,0,0,0,0,0,0,410,410,0,0,10,10,0,400,400,0,0.000000,0,48932,0.000000,0,0,0,0,418,13,0,8,410,24872,457,0,0,0,0,418,0,0,0,0,201,9400
858,W2,1,1,6,6,0,0,0,0,0,0,0,410,410,0,0,10,10,0,400,400,0,0.000000,0,48932,0.000000,0,0,0,0,418,12,0,8,410,24872,423,0,0,0,0,418,0,0,0,0,200,9400
859,W2,1,1,7,7,0,0,0,0,0,0,0,410,410,0,0,10,10,0,400,400,0,0.000000,0,48572,0.000000,0,0,0,0,418,13,0,8,410,24872,454,0,0,0,0,418,0,0,0,0,209,9400
860,W2,1,1,5,5,0,0,0,0,0,0,0,410,410,382,0,10,10,10,400,400,372,93.170732,12224,48538,25.184392,20,20,30,30,417,17,0,7,410,24838,608,0,0,0,0,417,0,0,0,0,218,9400
861,W2,1,1,6,6,0,0,0,0,0,0,0,410,410,0,0,10,10,0,400,400,0,0.000000,0,49052,0.000000,0,0,0,0,418,17,0,8,410,24872,605,0,0,0,0,418,0,0,0,0,229,9400
862,W2,1,1,5,5,0,0,0,0,0,0,0,410,410,0,0,10,10,0,400,400,0,0.000000,0,48632,0.000000,0,0,0,0,418,18,0,8,410,24872,639,0,0,0,0,418,0,0,0,0,232,9400
863,W2,1,1,6,6,0,0,0,0,0,0,0,410,410,398,0,10,10,9,400,400,389,97.073171,12736,49232,25.869353,20,20,30,30,418,17,0,8,410,24872,605,0,0,0,0,418,0,0,0,0,239,9400
864,W2,1,1,6,6,0,0,0,0,0,0,0,410,410,0,0,10,10,0,400,400,0,0.000000,0,48512,0.000000,0,0,0,0,418,17,0,8,410,24872,608,0,0,0,0,418,0,0,0,0,210,9400
865,W2,1,1,6,6,0,0,0,0,0,0,0,410,410,0,0,10,10,0,400,400,0,0.000000,0,48752,0.000000,0,0,0,0,418,16,0,8,410,24872,568,0,0,0,0,418,0,0,0,0,220,9400
866,W2,1,1,5,5,0,0,0,0,0,0,0,410,410,398,0,10,10,9,400,400,389,97.073171,12736,49078,25.950528,20,20,30,30,417,16,0,7,410,24838,571,0,0,0,0,417,0,0,0,0,213,9400
867,W2,1,1,6,6,0,0,0,0,0,0,0,410,410,0,0,10,10,0,400,400,0,0.000000,0,48932,0.000000,0,0,0,0,418,19,0,8,410,24872,679,0,0,0,0,418,0,0,0,0,208,9400
868,W2,1,1,5,5,0,0,0,0,0,0,0,410,410,0,0,10,10,0,400,400,0,0.000000,0,48932,0.000000,0,0,0,0,418,19,0,8,410,24872,682,0,0,0,0,418,0,0,0,0,244,9400
869,W2,1,1,6,6,0,0,0,0,0,0,0,410,410,0,0,10,10,0,400,400,0,0.000000,0,48872,0.000000,0,0,0,0,418,14,0,8,410,24872,494,0,0,0,0,418,0,0,0,0,237,9400
870,W2,1,1,6,6,0,0,0,0,0,0,0,410,410,0,0,10,10,0,400,400,0,0.000000,0,48992,0.000000,0,0,0,0,418,11,0,8,410,24872,386,0,0,0,0,418,0,0,0,0,191,9400
871,W2,1,1,6,6,0,0,0,0,0,0,0,410,410,0,0,10,10,0,400,400,0,0.000000,0,49112,0.000000,0,0,0,0,418,14,0,8,410,24872,494,0,0,0,0,418,0,0,0,0,217,9400
872,W2,1,1,7,7,0,0,0,0,0,0,0,410,410,0,0,10,10,0,400,400,0,0.000000,0,48812,0.000000,0,0,0,0,418,15,0,8,410,24872,528,0,0,0,0,418,0,0,0,0,218,9400
873,W2,1,1,7,7,0,0,0,0,0,0,0,410,410,388,0,10,10,10,400,400,378,94.634146,12416,48872,25.405140,20,20,30,30,418,13,0,8,410,24872,457,0,0,0,0,418,0,0,0,0,246,9400
874,W2,1,1,7,7,0,0,0,0,0,0,0,410,410,0,0,10,10,0,400,400,0,0.000000,0,48932,0.000000,0,0,0,0,418,14,0,8,410,24872,491,0,0,0,0,418,0,0,0,0,236,9400
875,W2,1,1,7,7,0,0,0,0,0,0,0,410,410,0,0,10,10,0,400,400,0,0.000000,0,49112,0.000000,0,0,0,0,418,13,0,8,410,24872,457,0,0,0,0,418,0,0,0,0,235,9400
876,W2,1,1,6,6,0,0,0,0,0,0,0,410,410,388,0,10,10,10,400,400,378,94.634146,12416,48572,25.562052,20,20,30,30,418,13,0,8,410,24872,457,0,0,0,0,418,0,0,0,0,240,9400
877,W2,1,1,7,7,0,0,0,0,0,0,0,410,410,0,0,10,10,0,400,400,0,0.000000,0,48692,0.000000,0,0,0,0,418,11,0,8,410,24872,386,0,0,0,0,418,0,0,0,0,217,9400
878,W2,1,1,5,5,0,0,0,0,0,0,0,410,410,0,0,10,10,0,400,400,0,0.000000,0,48452,0.000000,0,0,0,0,418,11,0,8,410,24872,383,0,0,0,0,418,0,0,0,0,227,9400
879,W2,1,1,5,5,0,0,0,0,0,0,0,410,410,0,0,10,10,0,400,400,0,0.000000,0,49172,0.000000,0,0,0,0,418,10,0,8,410,24872,349,0,0,0,0,418,0,0,0,0,227,9400
880,W2,1,1,5,5,0,0,0,0,0,0,0,410,410,0,0,10,10,0,400,400,0,0.000000,0,49112,0.000000,0,0,0,0,418,11,0,8,410,24872,383,0,0,0,0,418,0,0,0,0,210,9400
881,W2,1,1,6,6,0,0,0,0,0,0,0,410,410,0,0,10,10,0,400,400,0,0.000000,0,48872,0.000000,0,0,0,0,418,13,0,8,410,24872,457,0,0,0,0,418,0,0,0,0,196,9400
882,W2,1,1,6,6,0,0,0,0,0,0,0,410,410,0,0,10,10,0,400,400,0,0.000000,0,48812,0.000000,0,0,0,0,418,11,0,8,410,24872,386,0,0,0,0,418,0,0,0,0,190,9400
883,W2,1,1,6,6,0,0,0,0,0,0,0,410,410,394,0,10,10,7,400,400,387,96.097561,12608,49112,25.671934,20,20,30,30,418,13,0,8,410,24872,454,0,0,0,0,418,0,0,0,0,213,9400
884,W2,1,1,6,6,0,0,0,0,0,0,0,410,410,394,0,10,10,10,400,400,384,96.097561,12608,48898,25.784286,20,20,30,30,417,11,0,7,410,24838,386,0,0,0,0,417,0,0,0,0,185,9400
885,W2,1,1,6,6,0,0,0,0,0,0,0,410,410,0,0,10,10,0,400,400,0,0.000000,0,48692,0.000000,0,0,0,0,418,12,0,8,410,24872,423,0,0,0,0,418,0,0,0,0,183,9400
886,W2,1,1,6,6,0,0,0,0,0,0,0,410,410,391,0,10,10,10,400,400,381,95.365854,12512,48692,25.696213,20,20,30,30,418,12,0,8,410,24872,423,0,0,0,0,418,0,0,0,0,213,9400
887,W2,1,1,6,6,0,0,0,0,0,0,0,410,410,394,0,10,10,10,400,400,384,96.097561,12608,48932,25.766370,20,20,30,30,418,12,0,8,410,24872,420,0,0,0,0,418,0,0,0,0,194,9400
888,W2,1,1,6,6,0,0,0,0,0,0,0,410,410,394,0,10,10,9,400,400,385,96.097561,12608,48932,25.766370,20,20,30,30,418,11,0,8,410,24872,383,0,0,0,0,418,0,0,0,0,240,9400
889,W2,1,1,5,5,0,0,0,0,0,0,0,410,410,387,0,10,10,10,400,400,377,94.390244,12384,48932,25.308592,20,20,30,30,418,10,0,8,410,24872,349,0,0,0,0,418,0,0,0,0,194,9400
890,W2,1,1,5,5,0,0,0,0,0,0,0,410,410,0,0,10,10,0,400,400,0,0.000000,0,49232,0.000000,0,0,0,0,418,10,0,8,410,24872,346,0,0,0,0,418,0,0,0,0,204,9400
891,W2,1,1,6,6,0,0,0,0,0,0,0,410,410,0,0,10,10,0,400,400,0,0.000000,0,49112,0.000000,0,0,0,0,418,9,0,8,410,24872,312,0,0,0,0,418,0,0,0,0,203,9400
892,W2,1,1,5,5,0,0,0,0,0,0,0,410,410,0,0,10,10,0,400,400,0,0.000000,0,48932,0.000000,0,0,0,0,418,10,0,8,410,24872,346,0,0,0,0,418,0,0,0,0,201,9400
893,W2,1,1,6,6,0,0,0,0,0,0,0,410,410,0,0,10,10,0,400,400,0,0.000000,0,49112,0.000000,0,0,0,0,418,11,0,8,410,24872,383,0,0,0,0,418,0,0,0,0,204,9400
894,W2,1,1,5,5,0,0,0,0,0,0,0,410,410,0,0,10,10,0,400,400,0,0.000000,0,48752,0.000000,0,0,0,0,418,11,0,8,410,24872,383,0,0,0,0,418,0,0,0,0,193,9400
895,W2,1,1,6,6,0,0,0,0,0,0,0,410,410,0,0,10,10,0,400,400,0,0.000000,0,48692,0.000000,0,0,0,0,418,13,0,8,410,24872,454,0,0,0,0,418,0,0,0,0,194,9400
896,W2,1,1,6,6,0,0,0,0,0,0,0,410,410,0,0,10,10,0,400,400,0,0.000000,0,48692,0.000000,0,0,0,0,418,11,0,8,410,24872,383,0,0,0,0,418,0,0,0,0,188,9400
897,W2,1,1,5,5,0,0,0,0,0,0,0,410,410,0,0,10,10,0,400,400,0,0.000000,0,48872,0.000000,0,0,0,0,418,13,0,8,410,24872,457,0,0,0,0,418,0,0,0,0,192,9400
898,W2,1,1,6,6,0,0,0,0,0,0,0,410,410,0,0,10,10,0,400,400,0,0.000000,0,48812,0.000000,0,0,0,0,418,13,0,8,410,24872,457,0,0,0,0,418,0,0,0,0,200,9400
899,W2,1,1,6,6,0,0,0,0,0,0,0,410,410,0,0,10,10,0,400,400,0,0.000000,0,48932,0.000000,0,0,0,0,418,12,0,8,410,24872,420,0,0,0,0,418,0,0,0,0,220,9400
900,W2,1,1,6,6,0,0,0,0,0,0,0,410,410,391,0,10,10,10,400,400,381,95.365854,12512,49112,25.476462,20,20,30,30,418,12,0,8,410,24872,420,0,0,0,0,418,0,0,0,0,206,9400
901,W2,1,1,6,6,0,0,0,0,0,0,0,410,410,389,0,10,10,10,400,400,379,94.878049,12448,48692,25.564775,20,20,30,30,418,11,0,8,410,24872,386,0,0,0,0,418,0,0,0,0,207,9400
902,W2,1,1,6,6,1,0,0,0,4,0,0,410,410,0,0,10,10,0,400,400,0,0.000000,0,1197,0.000000,0,0,0,0,18,13,0,18,0,642,454,0,0,0,0,18,0,10,0,0,228,9400
903,W2,1,1,6,6,0,0,0,0,0,0,0,410,410,0,0,10,10,0,400,400,0,0.000000,0,48692,0.000000,0,0,0,0,418,19,0,8,410,24872,676,0,0,0,0,418,0,0,0,0,239,9400
904,W2,1,1,7,7,0,0,0,0,0,0,0,410,410,0,0,10,10,0,400,400,0,0.000000,0,48872,0.000000,0,0,0,0,418,15,0,8,410,24872,534,0,0,0,0,418,0,0,0,0,230,9400
905,W2,1,1,7,7,0,0,0,0,0,0,0,410,410,0,0,10,10,0,400,400,0,0.000000,0,48692,0.000000,0,0,0,0,418,17,0,8,410,24872,605,0,0,0,0,418,0,0,0,0,219,9400
906,W2,1,1,6,6,0,0,0,0,0,0,0,410,410,0,0,10,10,0,400,400,0,0.000000,0,48872,0.000000,0,0,0,0,418,18,0,8,410,24872,639,0,0,0,0,418,0,0,0,0,209,9400
907,W2,1,1,7,7,0,0,0,0,0,0,0,410,410,0,0,10,10,0,400,400,0,0.000000,0,48752,0.000000,0,0,0,0,418,16,0,8,410,24872,568,0,0,0,0,418,0,0,0,0,242,9400
908,W2,1,1,7,7,0,0,0,0,0,0,0,410,410,391,0,10,10,9,400,400,382,95.365854,12512,48932,25.570179,20,20,30,30,418,19,0,8,410,24872,676,0,0,0,0,418,0,0,0,0,236,9400
909,W2,1,1,7,7,0,0,0,0,0,0,0,410,410,392,0,10,10,9,400,400,383,95.609756,12544,48932,25.635576,20,20,30,30,418,17,0,8,410,24872,602,0,0,0,0,418,0,0,0,0,238,9400
910,W2,1,1,6,6,0,0,0,0,0,0,0,410,410,393,0,10,10,10,400,400,383,95.853659,12576,49172,25.575531,20,20,30,30,418,18,0,8,410,24872,639,0,0,0,0,418,0,0,0,0,232,9400
911,W2,1,1,6,6,0,0,0,0,0,0,0,410,410,0,0,10,10,0,400,400,0,0.000000,0,48752,0.000000,0,0,0,0,418,18,0,8,410,24872,636,0,0,0,0,418,0,0,0,0,236,9400
912,W2,1,1,6,6,0,0,0,0,0,0,0,410,410,0,0,10,10,0,400,400,0,0.000000,0,48812,0.000000,0,0,0,0,418,18,0,8,410,24872,642,0,0,0,0,418,0,0,0,0,235,9400
913,W2,1,1,6,6,0,0,0,0,0,0,0,410,410,0,0,10,10,0,400,400,0,0.000000,0,48992,0.000000,0,0,0,0,418,18,0,8,410,24872,639,0,0,0,0,418,0,0,0,0,225,9400
914,W2,1,1,7,7,0,0,0,0,0,0,0,410,410,393,0,10,10,9,400,400,384,95.853659,12576,48898,25.718843,20,20,30,30,417,15,0,7,410,24838,537,0,0,0,0,417,0,0,0,0,241,9400
915,W2,1,1,7,7,0,0,0,0,0,0,0,410,410,394,0,10,10,10,400,400,384,96.097561,12608,49052,25.703335,20,20,30,30,418,19,0,8,410,24872,676,0,0,0,0,418,0,0,0,0,200,9400
916,W2,1,1,7,7,0,0,0,0,0,0,0,410,410,0,0,10,10,0,400,400,0,0.000000,0,48812,0.000000,0,0,0,0,418,17,0,8,410,24872,602,0,0,0,0,418,0,0,0,0,224,9400
917,W2,1,1,6,6,0,0,0,0,0,0,0,410,410,0,0,10,10,0,400,400,0,0.000000,0,48872,0.000000,0,0,0,0,418,20,0,8,410,24872,710,0,0,0,0,418,0,0,0,0,221,9400
918,W2,1,1,6,6,0,0,0,0,0,0,0,410,410,390,0,10,10,10,400,400,380,95.121951,12480,48812,25.567483,20,20,30,30,418,18,0,8,410,24872,639,0,0,0,0,418,0,0,0,0,195,9400
919,W2,1,1,6,6,0,0,0,0,0,0,0,410,410,0,0,10,10,0,400,400,0,0.000000,0,48812,0.000000,0,0,0,0,418,19,0,8,410,24872,676,0,0,0,0,418,0,0,0,0,205,9400
920,W2,1,1,7,7,0,0,0,0,0,0,0,410,410,0,0,10,10,0,400,400,0,0.000000,0,48812,0.000000,0,0,0,0,418,19,0,8,410,24872,673,0,0,0,0,418,0,0,0,0,248,9400
921,W2,1,1,6,6,0,0,0,0,0,0,0,410,410,0,0,10,10,0,400,400,0,0.000000,0,48572,0.000000,0,0,0,0,418,17,0,8,410,24872,605,0,0,0,0,418,0,0,0,0,214,9400
922,W2,1,1,7,7,0,0,0,0,0,0,0,410,410,0,0,10,10,0,400,400,0,0.000000,0,49112,0.000000,0,0,0,0,418,18,0,8,410,24872,639,0,0,0,0,418,0,0,0,0,241,9400
923,W2,1,1,6,6,0,0,0,0,0,0,0,410,410,0,0,10,10,0,400,400,0,0.000000,0,48752,0.000000,0,0,0,0,418,18,0,8,410,24872,636,0,0,0,0,418,0,0,0,0,241,9400
924,W2,1,1,6,6,0,0,0,0,0,0,0,410,410,0,0,10,10,0,400,400,0,0.000000,0,48932,0.000000,0,0,0,0,418,18,0,8,410,24872,642,0,0,0,0,418,0,0,0,0,219,9400
925,W2,1,1,7,7,0,0,0,0,0,0,0,410,410,389,0,10,10,9,400,400,380,94.878049,12448,48838,25.488349,20,20,30,30,417,16,0,7,410,24838,574,0,0,0,0,417,0,0,0,0,218,9400
926,W2,1,1,5,5,0,0,0,0,0,0,0,410,410,0,0,10,10,0,400,400,0,0.000000,0,48692,0.000000,0,0,0,0,418,17,0,8,410,24872,605,0,0,0,0,418,0,0,0,0,235,9400
927,W2,1,1,6,6,0,0,0,0,0,0,0,410,410,0,0,10,10,0,400,400,0,0.000000,0,48692,0.000000,0,0,0,0,418,19,0,8,410,24872,679,0,0,0,0,418,0,0,0,0,233,9400
928,W2,1,1,7,7,0,0,0,0,0,0,0,410,410,0,0,10,10,0,400,400,0,0.000000,0,48512,0.000000,0,0,0,0,418,17,0,8,410,24872,605,0,0,0,0,418,0,0,0,0,224,9400
929,W2,1,1,7,7,0,0,0,0,0,0,0,410,410,0,0,10,10,0,400,400,0,0.000000,0,48872,0.000000,0,0,0,0,418,19,0,8,410,24872,676,0,0,0,0,418,0,0,0,0,208,9400
930,W2,1,1,6,6,0,0,0,0,0,0,0,410,410,392,0,10,10,10,400,400,382,95.609756,12544,49052,25.572861,20,20,30,30,418,16,0,8,410,24872,571,0,0,0,0,418,0,0,0,0,208,9400
931,W2,1,1,7,7,0,0,0,0,0,0,0,410,410,380,0,10,10,10,400,400,370,92.682927,12160,48632,25.004113,20,20,30,30,418,18,0,8,410,24872,639,0,0,0,0,418,0,0,0,0,210,9400
932,W2,1,1,6,6,0,0,0,0,0,0,0,410,410,0,0,10,10,0,400,400,0,0.000000,0,48812,0.000000,0,0,0,0,418,17,0,8,410,24872,605,0,0,0,0,418,0,0,0,0,221,9400
933,W2,1,1,6,6,0,0,0,0,0,0,0,410,410,0,0,10,10,0,400,400,0,0.000000,0,48932,0.000000,0,0,0,0,418,21,0,8,410,24872,747,0,0,0,0,418,0,0,0,0,231,9400
934,W2,1,1,6,6,0,0,0,0,0,0,0,410,410,0,0,10,10,0,400,400,0,0.000000,0,48812,0.000000,0,0,0,0,418,19,0,8,410,24872,679,0,0,0,0,418,0,0,0,0,209,9400
935,W2,1,1,6,6,0,0,0,0,0,0,0,410,410,390,0,10,10,9,400,400,381,95.121951,12480,48838,25.553872,20,20,30,30,417,17,0,7,410,24838,608,0,0,0,0,417,0,0,0,0,212,9400
936,W2,1,1,6,6,0,0,0,0,0,0,0,410,410,0,0,10,10,0,400,400,0,0.000000,0,48538,0.000000,0,0,0,0,417,16,0,7,410,24838,571,0,0,0,0,417,0,0,0,0,264,9400
937,W2,1,1,6,6,0,0,0,0,0,0,0,410,410,383,0,10,10,9,400,400,374,93.414634,12256,48812,25.108580,20,20,30,30,418,20,0,8,410,24872,716,0,0,0,0,418,0,0,0,0,213,9400
938,W2,1,1,6,6,0,0,0,0,0,0,0,410,410,0,0,10,10,0,400,400,0,0.000000,0,49112,0.000000,0,0,0,0,418,16,0,8,410,24872,571,0,0,0,0,418,0,0,0,0,213,9400
939,W2,1,1,6,6,0,0,0,0,0,0,0,410,410,0,0,10,10,0,400,400,0,0.000000,0,49112,0.000000,0,0,0,0,418,19,0,8,410,24872,679,0,0,0,0,418,0,0,0,0,234,9400
940,W2,1,1,6,6,0,0,0,0,0,0,0,410,410,393,0,10,10,10,400,400,383,95.853659,12576,48932,25.700973,20,20,30,30,418,18,0,8,410,24872,639,0,0,0,0,418,0,0,0,0,217,9400
941,W2,1,1,6,6,0,0,0,0,0,0,0,410,410,0,0,10,10,0,400,400,0,0.000000,0,49112,0.000000,0,0,0,0,418,13,0,8,410,24872,457,0,0,0,0,418,0,0,0,0,203,9400
942,W2,1,1,5,5,0,0,0,0,0,0,0,410,410,385,0,10,10,10,400,400,375,93.902439,12320,48872,25.208708,20,20,30,30,418,13,0,8,410,24872,457,0,0,0,0,418,0,0,0,0,264,9400
943,W2,1,1,5,5,0,0,0,0,0,0,0,410,410,0,0,10,10,0,400,400,0,0.000000,0,48932,0.000000,0,0,0,0,418,13,0,8,410,24872,457,0,0,0,0,418,0,0,0,0,226,9400
944,W2,1,1,5,5,0,0,0,0,0,0,0,410,410,0,0,10,10,0,400,400,0,0.000000,0,48572,0.000000,0,0,0,0,418,15,0,8,410,24872,531,0,0,0,0,418,0,0,0,0,211,9400
945,W2,1,1,5,5,0,0,0,0,0,0,0,410,410,0,0,10,10,0,400,400,0,0.000000,0,48872,0.000000,0,0,0,0,418,19,0,8,410,24872,676,0,0,0,0,418,0,0,0,0,275,9400
946,W2,1,1,5,5,0,0,0,0,0,0,0,410,410,392,0,10,10,10,400,400,382,95.609756,12544,48812,25.698599,20,20,30,30,418,16,0,8,410,24872,568,0,0,0,0,418,0,0,0,0,218,9400
947,W2,1,1,5,5,0,0,0,0,0,0,0,410,410,0,0,10,10,0,400,400,0,0.000000,0,48632,0.000000,0,0,0,0,418,17,0,8,410,24872,602,0,0,0,0,418,0,0,0,0,210,9400
948,W2,1,1,5,5,0,0,0,0,0,0,0,410,410,0,0,10,10,0,400,400,0,0.000000,0,49078,0.000000,0,0,0,0,417,15,0,7,410,24838,534,0,0,0,0,417,0,0,0,0,209,9400
949,W2,1,1,5,5,0,0,0,0,0,0,0,410,410,387,0,10,10,10,400,400,377,94.390244,12384,48752,25.402035,20,20,30,30,418,14,0,8,410,24872,497,0,0,0,0,418,0,0,0,0,230,9400
950,W2,1,1,6,6,0,0,0,0,0,0,0,410,410,389,0,10,10,10,400,400,379,94.878049,12448,48692,25.564775,20,20,30,30,418,10,0,8,410,24872,343,0,0,0,0,418,0,0,0,0,214,9400
951,W2,1,1,6,6,0,0,0,0,0,0,0,410,410,0,0,10,10,0,400,400,0,0.000000,0,49172,0.000000,0,0,0,0,418,9,0,8,410,24872,309,0,0,0,0,418,0,0,0,0,187,9400
952,W2,1,1,6,6,0,0,0,0,0,0,0,410,410,0,0,10,10,0,400,400,0,0.000000,0,48872,0.000000,0,0,0,0,418,10,0,8,410,24872,343,0,0,0,0,418,0,0,0,0,189,9400
953,W2,1,1,6,6,0,0,0,0,0,0,0,410,410,0,0,10,10,0,400,400,0,0.000000,0,48692,0.000000,0,0,0,0,418,9,0,8,410,24872,309,0,0,0,0,418,0,0,0,0,186,9400
954,W2,1,1,6,6,0,0,0,0,0,0,0,410,410,387,0,10,10,9,400,400,378,94.390244,12384,48692,25.433336,20,20,30,30,418,10,0,8,410,24872,343,0,0,0,0,418,0,0,0,0,188,9400
955,W2,1,1,6,6,0,0,0,0,0,0,0,410,410,389,0,10,10,9,400,400,380,94.878049,12448,48932,25.439385,20,20,30,30,418,9,0,8,410,24872,309,0,0,0,0,418,0,0,0,0,193,9400
956,W2,1,1,5,5,0,0,0,0,0,0,0,410,410,0,0,10,10,0,400,400,0,0.000000,0,48898,0.000000,0,0,0,0,417,7,0,7,410,24838,238,0,0,0,0,417,0,0,0,0,198,9400
957,W2,1,1,5,5,0,0,0,0,0,0,0,410,410,0,0,10,10,0,400,400,0,0.000000,0,49112,0.000000,0,0,0,0,418,8,0,8,410,24872,272,0,0,0,0,418,0,0,0,0,216,9400
958,W2,1,1,5,5,0,0,0,0,0,0,0,410,410,0,0,10,10,0,400,400,0,0.000000,0,48752,0.000000,0,0,0,0,418,8,0,8,410,24872,272,0,0,0,0,418,0,0,0,0,226,9400
959,W2,1,1,6,6,0,0,0,0,0,0,0,410,410,389,0,10,10,10,400,400,379,94.878049,12448,48812,25.501926,20,20,30,30,418,15,0,8,410,24872,531,0,0,0,0,418,0,0,0,0,200,9400
960,W2,1,1,6,6,0,0,0,0,0,0,0,410,410,0,0,10,10,0,400,400,0,0.000000,0,48872,0.000000,0,0,0,0,418,15,0,8,410,24872,531,0,0,0,0,418,0,0,0,0,199,9400
961,W2,1,1,7,7,0,0,0,0,0,0,0,410,410,0,0,10,10,0,400,400,0,0.000000,0,48452,0.000000,0,0,0,0,418,16,0,8,410,24872,565,0,0,0,0,418,0,0,0,0,221,9400
962,W2,1,1,6,6,0,0,0,0,0,0,0,410,410,0,0,10,10,0,400,400,0,0.000000,0,48958,0.000000,0,0,0,0,417,16,0,7,410,24838,574,0,0,0,0,417,0,0,0,0,215,9400
963,W2,1,1,6,6,0,0,0,0,0,0,0,410,410,0,0,10,10,0,400,400,0,0.000000,0,48838,0.000000,0,0,0,0,417,16,0,7,410,24838,571,0,0,0,0,417,0,0,0,0,211,9400
964,W2,1,1,6,6,0,0,0,0,0,0,0,410,410,384,0,10,10,9,400,400,375,93.658537,12288,48692,25.236178,20,20,30,30,418,17,0,8,410,24872,605,0,0,0,0,418,0,0,0,0,210,9400
965,W2,1,1,6,6,0,0,0,0,0,0,0,410,410,0,0,10,10,0,400,400,0,0.000000,0,48812,0.000000,0,0,0,0,418,20,0,8,410,24872,713,0,0,0,0,418,0,0,0,0,198,9400
966,W2,1,1,6,6,0,0,0,0,0,0,0,410,410,0,0,10,10,0,400,400,0,0.000000,0,49172,0.000000,0,0,0,0,418,18,0,8,410,24872,642,0,0,0,0,418,0,0,0,0,201,9400
967,W2,1,1,6,6,0,0,0,0,0,0,0,410,410,401,0,10,10,10,400,400,391,97.804878,12832,49292,26.032622,20,20,30,30,418,18,0,8,410,24872,639,0,0,0,0,418,0,0,0,0,200,9400
968,W2,1,1,5,5,0,0,0,0,0,0,0,410,410,0,0,10,10,0,400,400,0,0.000000,0,48632,0.000000,0,0,0,0,418,16,0,8,410,24872,568,0,0,0,0,418,0,0,0,0,251,9400
969,W2,1,1,5,5,0,0,0,0,0,0,0,410,410,390,0,10,10,10,400,400,380,95.121951,12480,48658,25.648403,20,20,30,30,417,15,0,7,410,24838,531,0,0,0,0,417,0,0,0,0,228,9400
970,W2,1,1,5,5,0,0,0,0,0,0,0,410,410,0,0,10,10,0,400,400,0,0.000000,0,48812,0.000000,0,0,0,0,418,16,0,8,410,24872,565,0,0,0,0,418,0,0,0,0,212,9400
971,W2,1,1,5,5,0,0,0,0,0,0,0,410,410,392,0,10,10,8,400,400,384,95.609756,12544,49232,25.479363,20,20,30,30,418,16,0,8,410,24872,565,0,0,0,0,418,0,0,0,0,193,9400
972,W2,1,1,5,5,0,0,0,0,0,0,0,410,410,0,0,10,10,0,400,400,0,0.000000,0,49172,0.000000,0,0,0,0,418,15,0,8,410,24872,531,0,0,0,0,418,0,0,0,0,231,9400
973,W2,1,1,5,5,0,0,0,0,0,0,0,410,410,0,0,10,10,0,400,400,0,0.000000,0,48692,0.000000,0,0,0,0,418,15,0,8,410,24872,531,0,0,0,0,418,0,0,0,0,204,9400
974,W2,1,1,5,5,0,0,0,0,0,0,0,410,410,392,0,10,10,10,400,400,382,95.609756,12544,48812,25.698599,20,20,30,30,418,14,0,8,410,24872,497,0,0,0,0,418,0,0,0,0,193,9400
975,W2,1,1,5,5,0,0,0,0,0,0,0,410,410,0,0,10,10,0,400,400,0,0.000000,0,49172,0.000000,0,0,0,0,418,14,0,8,410,24872,497,0,0,0,0,418,0,0,0,0,185,9400
976,W2,1,1,5,5,0,0,0,0,0,0,0,410,410,397,0,10,10,10,400,400,387,96.829268,12704,48838,26.012531,20,20,30,30,417,15,0,7,410,24838,534,0,0,0,0,417,0,0,0,0,193,9400
977,W2,1,1,6,6,0,0,0,0,0,0,0,410,410,0,0,10,10,0,400,400,0,0.000000,0,48692,0.000000,0,0,0,0,418,15,0,8,410,24872,534,0,0,0,0,418,0,0,0,0,216,9400
978,W2,1,1,6,6,0,0,0,0,0,0,0,410,410,0,0,10,10,0,400,400,0,0.000000,0,49112,0.000000,0,0,0,0,418,17,0,8,410,24872,605,0,0,0,0,418,0,0,0,0,205,9400
979,W2,1,1,6,6,0,0,0,0,0,0,0,410,410,0,0,10,10,0,400,400,0,0.000000,0,49052,0.000000,0,0,0,0,418,18,0,8,410,24872,639,0,0,0,0,418,0,0,0,0,201,9400
980,W2,1,1,6,6,0,0,0,0,0,0,0,410,410,391,0,10,10,8,400,400,383,95.365854,12512,48692,25.696213,20,20,30,30,418,17,0,8,410,24872,605,0,0,0,0,418,0,0,0,0,193,9400
981,W2,1,1,6,6,0,0,0,0,0,0,0,410,410,0,0,10,10,0,400,400,0,0.000000,0,48752,0.000000,0,0,0,0,418,15,0,8,410,24872,534,0,0,0,0,418,0,0,0,0,195,9400
982,W2,1,1,6,6,0,0,0,0,0,0,0,410,410,391,0,10,10,10,400,400,381,95.365854,12512,48872,25.601571,20,20,30,30,418,17,0,8,410,24872,602,0,0,0,0,418,0,0,0,0,203,9400
983,W2,1,1,5,5,0,0,0,0,0,0,0,410,410,0,0,10,10,0,400,400,0,0.000000,0,48872,0.000000,0,0,0,0,418,18,0,8,410,24872,636,0,0,0,0,418,0,0,0,0,210,9400
984,W2,1,1,6,6,0,0,0,0,0,0,0,410,410,0,0,10,10,0,400,400,0,0.000000,0,48812,0.000000,0,0,0,0,418,19,0,8,410,24872,673,0,0,0,0,418,0,0,0,0,241,9400
985,W2,1,1,6,6,0,0,0,0,0,0,0,410,410,0,0,10,10,0,400,400,0,0.000000,0,48632,0.000000,0,0,0,0,418,16,0,8,410,24872,565,0,0,0,0,418,0,0,0,0,231,9400
986,W2,1,1,6,6,0,0,0,0,0,0,0,410,410,395,0,10,10,9,400,400,386,96.341463,12640,49232,25.674358,20,20,30,30,418,19,0,8,410,24872,676,0,0,0,0,418,0,0,0,0,253,9400
987,W2,1,1,6,6,0,0,0,0,0,0,0,410,410,0,0,10,10,0,400,400,0,0.000000,0,48992,0.000000,0,0,0,0,418,17,0,8,410,24872,605,0,0,0,0,418,0,0,0,0,217,9400
988,W2,1,1,6,6,0,0,0,0,0,0,0,410,410,0,0,10,10,0,400,400,0,0.000000,0,49052,0.000000,0,0,0,0,418,17,0,8,410,24872,602,0,0,0,0,418,0,0,0,0,228,9400
989,W2,1,1,6,6,0,0,0,0,0,0,0,410,410,381,0,10,10,9,400,400,372,92.926829,12192,48212,25.288310,20,20,30,30,418,17,0,8,410,24872,608,0,0,0,0,418,0,0,0,0,222,9400
990,W2,1,1,6,6,0,0,0,0,0,0,0,410,410,0,0,10,10,0,400,400,0,0.000000,0,48812,0.000000,0,0,0,0,418,17,0,8,410,24872,605,0,0,0,0,418,0,0,0,0,231,9400
991,W2,1,1,6,6,0,0,0,0,0,0,0,410,410,0,0,10,10,0,400,400,0,0.000000,0,48872,0.000000,0,0,0,0,418,18,0,8,410,24872,639,0,0,0,0,418,0,0,0,0,225,9400
992,W2,1,1,6,6,0,0,0,0,0,0,0,410,410,0,0,10,10,0,400,400,0,0.000000,0,48512,0.000000,0,0,0,0,418,17,0,8,410,24872,605,0,0,0,0,418,0,0,0,0,204,9400
993,W2,1,1,6,6,0,0,0,0,0,0,0,410,410,0,0,10,10,0,400,400,0,0.000000,0,49112,0.000000,0,0,0,0,418,18,0,8,410,24872,642,0,0,0,0,418,0,0,0,0,210,9400
994,W2,1,1,6,6,0,0,0,0,0,0,0,410,410,386,0,10,10,8,400,400,378,94.146341,12352,48932,25.243195,20,20,30,30,418,18,0,8,410,24872,639,0,0,0,0,418,0,0,0,0,205,9400
995,W2,1,1,6,6,0,0,0,0,0,0,0,410,410,0,0,10,10,0,400,400,0,0.000000,0,48932,0.000000,0,0,0,0,418,10,0,8,410,24872,346,0,0,0,0,418,0,0,0,0,216,9400
996,W2,1,1,6,6,0,0,0,0,0,0,0,410,410,396,0,10,10,10,400,400,386,96.585366,12672,48872,25.928957,20,20,30,30,418,11,0,8,410,24872,380,0,0,0,0,418,0,0,0,0,213,9400
997,W2,1,1,6,6,0,0,0,0,0,0,0,410,410,0,0,10,10,0,400,400,0,0.000000,0,48632,0.000000,0,0,0,0,418,11,0,8,410,24872,380,0,0,0,0,418,0,0,0,0,187,9400
998,W2,1,1,5,5,1,0,0,0,4,0,0,410,410,0,0,10,10,0,400,400,0,0.000000,0,1197,0.000000,0,0,0,0,18,12,0,18,0,642,417,0,0,0,0,18,0,10,0,0,236,9400
999,W2,1,1,6,6,0,0,0,0,0,0,0,410,410,0,0,10,10,0,400,400,0,0.000000,0,48932,0.000000,0,0,0,0,418,16,0,8,410,24872,565,0,0,0,0,418,0,0,0,0,203,9400
1000,W2,1,1,5,5,0,0,0,0,0,0,0,410,410,0,0,10,10,0,400,400,0,0.000000,0,49112,0.000000,0,0,0,0,418,14,0,8,410,24872,497,0,0,0,0,418,0,0,0,0,228,9400
1001,W2,1,1,6,6,0,0,0,0,0,0,0,410,410,0,0,10,10,0,400,400,0,0.000000,0,48692,0.000000,0,0,0,0,418,15,0,8,410,24872,531,0,0,0,0,418,0,0,0,0,192,9400
1002,W2,1,1,6,6,0,0,0,0,0,0,0,410,410,391,0,10,10,10,400,400,381,95.365854,12512,48992,25.538863,20,20,30,30,418,15,0,8,410,24872,531,0,0,0,0,418,0,0,0,0,232,9400
1003,W2,1,1,5,5,1,0,0,0,4,0,0,410,410,0,0,10,10,0,400,400,0,0.000000,0,1197,0.000000,0,0,0,0,18,10,0,18,0,642,346,0,0,0,0,18,0,10,0,0,209,9400
1004,W2,1,1,5,5,0,0,0,0,0,0,0,410,410,0,0,10,10,0,400,400,0,0.000000,0,48812,0.000000,0,0,0,0,418,17,0,8,410,24872,605,0,0,0,0,418,0,0,0,0,233,9400
1005,W2,1,1,5,5,0,0,0,0,0,0,0,410,410,0,0,10,10,0,400,400,0,0.000000,0,48872,0.000000,0,0,0,0,418,16,0,8,410,24872,565,0,0,0,0,418,0,0,0,0,213,9400
1006,W2,1,1,5,5,0,0,0,0,0,0,0,410,410,394,0,10,10,10,400,400,384,96.097561,12608,49172,25.640608,20,20,30,30,418,18,0,8,410,24872,639,0,0,0,0,418,0,0,0,0,228,9400
1007,W2,1,1,5,5,0,0,0,0,0,0,0,410,410,0,0,10,10,0,400,400,0,0.000000,0,48812,0.000000,0,0,0,0,418,17,0,8,410,24872,602,0,0,0,0,418,0,0,0,0,202,9400
1008,W2,1,1,5,5,0,0,0,0,0,0,0,410,410,0,0,10,10,0,400,400,0,0.000000,0,48992,0.000000,0,0,0,0,418,17,0,8,410,24872,602,0,0,0,0,418,0,0,0,0,207,9400
1009,W2,1,1,5,5,0,0,0,0,0,0,0,410,410,389,0,10,10,9,400,400,380,94.878049,12448,48992,25.408230,20,20,30,30,418,17,0,8,410,24872,602,0,0,0,0,418,0,0,0,0,207,9400
1010,W2,1,1,5,5,0,0,0,0,0,0,0,410,410,385,0,10,10,9,400,400,376,93.902439,12320,48872,25.208708,20,20,30,30,418,15,0,8,410,24872,531,0,0,0,0,418,0,0,0,0,216,9400
1011,W2,1,1,5,5,0,0,0,0,0,0,0,410,410,387,0,10,10,10,400,400,377,94.390244,12384,48692,25.433336,20,20,30,30,418,16,0,8,410,24872,565,0,0,0,0,418,0,0,0,0,213,9400
1012,W2,1,1,5,5,0,0,0,0,0,0,0,410,410,0,0,10,10,0,400,400,0,0.000000,0,48778,0.000000,0,0,0,0,417,15,0,7,410,24838,531,0,0,0,0,417,0,0,0,0,215,9400
1013,W2,1,1,5,5,0,0,0,0,0,0,0,410,410,0,0,10,10,0,400,400,0,0.000000,0,48872,0.000000,0,0,0,0,418,16,0,8,410,24872,568,0,0,0,0,418,0,0,0,0,227,9400
1014,W2,1,1,5,5,0,0,0,0,0,0,0,410,410,0,0,10,10,0,400,400,0,0.000000,0,48812,0.000000,0,0,0,0,418,18,0,8,410,24872,639,0,0,0,0,418,0,0,0,0,206,9400
1015,W2,1,1,5,5,0,0,0,0,0,0,0,410,410,388,0,10,10,10,400,400,378,94.634146,12416,48718,25.485447,20,20,30,30,417,16,0,7,410,24838,574,0,0,0,0,417,0,0,0,0,230,9400
1016,W2,1,1,5,5,0,0,0,0,0,0,0,410,410,387,0,10,10,9,400,400,378,94.390244,12384,48992,25.277596,20,20,30,30,418,18,0,8,410,24872,642,0,0,0,0,418,0,0,0,0,271,9400
1017,W2,1,1,5,5,0,0,0,0,0,0,0,410,410,0,0,10,10,0,400,400,0,0.000000,0,48872,0.000000,0,0,0,0,418,18,0,8,410,24872,639,0,0,0,0,418,0,0,0,0,223,9400
1018,W2,1,1,6,6,0,0,0,0,0,0,0,410,410,0,0,10,10,0,400,400,0,0.000000,0,48692,0.000000,0,0,0,0,418,18,0,8,410,24872,642,0,0,0,0,418,0,0,0,0,210,9400
1019,W2,1,1,6,6,0,0,0,0,0,0,0,410,410,0,0,10,10,0,400,400,0,0.000000,0,48752,0.000000,0,0,0,0,418,19,0,8,410,24872,676,0,0,0,0,418,0,0,0,0,205,9400
1020,W2,1,1,6,6,0,0,0,0,0,0,0,410,410,0,0,10,10,0,400,400,0,0.000000,0,49112,0.000000,0,0,0,0,418,19,0,8,410,24872,673,0,0,0,0,418,0,0,0,0,269,9400
1021,W2,1,1,6,6,0,0,0,0,0,0,0,410,410,380,0,10,10,7,400,400,373,92.682927,12160,48452,25.097003,20,20,30,30,418,19,0,8,410,24872,676,0,0,0,0,418,0,0,0,0,232,9400
1022,W2,1,1,7,7,0,0,0,0,0,0,0,410,410,388,0,10,10,9,400,400,379,94.634146,12416,49052,25.311914,20,20,30,30,418,18,0,8,410,24872,642,0,0,0,0,418,0,0,0,0,227,9400
1023,W2,1,1,7,7,0,0,0,0,0,0,0,410,410,0,0,10,10,0,400,400,0,0.000000,0,48812,0.000000,0,0,0,0,418,18,0,8,410,24872,639,0,0,0,0,418,0,0,0,0,218,9400
1024,W2,1,1,6,6,0,0,0,0,0,0,0,410,410,384,0,10,10,9,400,400,375,93.658537,12288,49052,25.050966,20,20,30,30,418,19,0,8,410,24872,676,0,0,0,0,418,0,0,0,0,259,9400
