node_id,wire_profile,degree,admitted,routes_current,routes_hwm,discoveries_hwm,candidates_hwm,q0_hwm,q1_hwm,pending_q1_hwm,paths_hwm,flows_hwm,app_generated,app_accepted,origin_delivered,duplicate_deliveries,q0_generated,q0_accepted,q0_delivered,q1_generated,q1_accepted,q1_delivered,delivery_pct,payload_delivered_bytes,origin_wire_bytes,wire_efficiency_pct,latency_p50_ms,latency_p95_ms,latency_p99_ms,latency_max_ms,frames_tx,frames_rx,forwarded_frames_tx,control_frames_tx,business_frames_tx,wire_bytes_tx,wire_bytes_rx,no_space,no_route,link_down,other_rejected,core_tx_sent,core_rx_delivered,route_requests_sent,route_errors_sent,control_budget_dropped,host_work_us,node_storage_bytes
1,W3,3,3,0,0,0,0,0,0,0,0,0,400,400,400,0,0,0,0,400,400,400,100.000000,12800,25256,50.681026,10,10,10,10,412,1212,0,12,400,25256,74856,0,0,0,0,412,1200,0,0,0,1087,5888
2,W3,4,4,0,0,0,0,0,0,0,0,0,400,400,400,0,0,0,0,400,400,400,100.000000,12800,25408,50.377834,10,10,10,10,416,1616,0,16,400,25408,99808,0,0,0,0,416,1600,0,0,0,1237,5888
3,W3,4,4,0,0,0,0,0,0,0,0,0,400,400,400,0,0,0,0,400,400,400,100.000000,12800,25408,50.377834,10,10,10,10,416,1216,0,16,400,25408,75008,0,0,0,0,416,1200,0,0,0,812,5888
4,W3,4,4,0,0,0,0,0,0,0,0,0,400,400,400,0,0,0,0,400,400,400,100.000000,12800,25408,50.377834,10,10,10,10,416,1216,0,16,400,25408,75008,0,0,0,0,416,1200,0,0,0,1079,5888
5,W3,4,4,0,0,0,0,0,0,0,0,0,400,400,400,0,0,0,0,400,400,400,100.000000,12800,25408,50.377834,10,10,10,10,416,1216,0,16,400,25408,75008,0,0,0,0,416,1200,0,0,0,768,5888
6,W3,4,4,0,0,0,0,0,0,0,0,0,400,400,400,0,0,0,0,400,400,400,100.000000,12800,25408,50.377834,10,10,10,10,416,1216,0,16,400,25408,75008,0,0,0,0,416,1200,0,0,0,768,5888
7,W3,4,4,0,0,0,0,0,0,0,0,0,400,400,400,0,0,0,0,400,400,400,100.000000,12800,25408,50.377834,10,10,10,10,416,1216,0,16,400,25408,75008,0,0,0,0,416,1200,0,0,0,749,5888
8,W3,4,4,0,0,0,0,0,0,0,0,0,400,400,400,0,0,0,0,400,400,400,100.000000,12800,25408,50.377834,10,10,10,10,416,1216,0,16,400,25408,75008,0,0,0,0,416,1200,0,0,0,758,5888
9,W3,4,4,0,0,0,0,0,0,0,0,0,400,400,400,0,0,0,0,400,400,400,100.000000,12800,25408,50.377834,10,10,10,10,416,1216,0,16,400,25408,75008,0,0,0,0,416,1200,0,0,0,837,5888
10,W3,4,4,0,0,0,0,0,0,0,0,0,400,400,400,0,0,0,0,400,400,400,100.000000,12800,25408,50.377834,10,10,10,10,416,1216,0,16,400,25408,75008,0,0,0,0,416,1200,0,0,0,772,5888
11,W3,4,4,0,0,0,0,0,0,0,0,0,400,400,400,0,0,0,0,400,400,400,100.000000,12800,25408,50.377834,10,10,10,10,416,1216,0,16,400,25408,75008,0,0,0,0,416,1200,0,0,0,772,5888
12,W3,4,4,0,0,0,0,0,0,0,0,0,400,400,400,0,0,0,0,400,400,400,100.000000,12800,25408,50.377834,10,10,10,10,416,1216,0,16,400,25408,75008,0,0,0,0,416,1200,0,0,0,773,5888
13,W3,4,4,0,0,0,0,0,0,0,0,0,400,400,400,0,0,0,0,400,400,400,100.000000,12800,25408,50.377834,10,10,10,10,416,1216,0,16,400,25408,75008,0,0,0,0,416,1200,0,0,0,945,5888
14,W3,4,4,0,0,0,0,0,0,0,0,0,400,400,400,0,0,0,0,400,400,400,100.000000,12800,25408,50.377834,10,10,10,10,416,1216,0,16,400,25408,75008,0,0,0,0,416,1200,0,0,0,739,5888
15,W3,4,4,0,0,0,0,0,0,0,0,0,400,400,400,0,0,0,0,400,400,400,100.000000,12800,25408,50.377834,10,10,10,10,416,1216,0,16,400,25408,75008,0,0,0,0,416,1200,0,0,0,779,5888
16,W3,4,4,0,0,0,0,0,0,0,0,0,400,400,400,0,0,0,0,400,400,400,100.000000,12800,25408,50.377834,10,10,10,10,416,1216,0,16,400,25408,75008,0,0,0,0,416,1200,0,0,0,738,5888
17,W3,4,4,0,0,0,0,0,0,0,0,0,400,400,400,0,0,0,0,400,400,400,100.000000,12800,25408,50.377834,10,10,10,10,416,1216,0,16,400,25408,75008,0,0,0,0,416,1200,0,0,0,770,5888
18,W3,4,4,0,0,0,0,0,0,0,0,0,400,400,400,0,0,0,0,400,400,400,100.000000,12800,25408,50.377834,10,10,10,10,416,1216,0,16,400,25408,75008,0,0,0,0,416,1200,0,0,0,744,5888
19,W3,4,4,0,0,0,0,0,0,0,0,0,400,400,400,0,0,0,0,400,400,400,100.000000,12800,25408,50.377834,10,10,10,10,416,1216,0,16,400,25408,75008,0,0,0,0,416,1200,0,0,0,763,5888
20,W3,4,4,0,0,0,0,0,0,0,0,0,400,400,400,0,0,0,0,400,400,400,100.000000,12800,25408,50.377834,10,10,10,10,416,1216,0,16,400,25408,75008,0,0,0,0,416,1200,0,0,0,743,5888
21,W3,4,4,0,0,0,0,0,0,0,0,0,400,400,400,0,0,0,0,400,400,400,100.000000,12800,25408,50.377834,10,10,10,10,416,1216,0,16,400,25408,75008,0,0,0,0,416,1200,0,0,0,727,5888
22,W3,4,4,0,0,0,0,0,0,0,0,0,400,400,400,0,0,0,0,400,400,400,100.000000,12800,25408,50.377834,10,10,10,10,416,1216,0,16,400,25408,75008,0,0,0,0,416,1200,0,0,0,748,5888
23,W3,4,4,0,0,0,0,0,0,0,0,0,400,400,400,0,0,0,0,400,400,400,100.000000,12800,25408,50.377834,10,10,10,10,416,1216,0,16,400,25408,75008,0,0,0,0,416,1200,0,0,0,744,5888
24,W3,4,4,0,0,0,0,0,0,0,0,0,400,400,400,0,0,0,0,400,400,400,100.000000,12800,25408,50.377834,10,10,10,10,416,1216,0,16,400,25408,75008,0,0,0,0,416,1200,0,0,0,771,5888
25,W3,4,4,0,0,0,0,0,0,0,0,0,400,400,400,0,0,0,0,400,400,400,100.000000,12800,25408,50.377834,10,10,10,10,416,1216,0,16,400,25408,75008,0,0,0,0,416,1200,0,0,0,790,5888
26,W3,4,4,0,0,0,0,0,0,0,0,0,400,400,400,0,0,0,0,400,400,400,100.000000,12800,25408,50.377834,10,10,10,10,416,1216,0,16,400,25408,75008,0,0,0,0,416,1200,0,0,0,747,5888
27,W3,4,4,0,0,0,0,0,0,0,0,0,400,400,400,0,0,0,0,400,400,400,100.000000,12800,25408,50.377834,10,10,10,10,416,1216,0,16,400,25408,75008,0,0,0,0,416,1200,0,0,0,774,5888
28,W3,4,4,0,0,0,0,0,0,0,0,0,400,400,400,0,0,0,0,400,400,400,100.000000,12800,25408,50.377834,10,10,10,10,416,1216,0,16,400,25408,75008,0,0,0,0,416,1200,0,0,0,735,5888
29,W3,4,4,0,0,0,0,0,0,0,0,0,400,400,400,0,0,0,0,400,400,400,100.000000,12800,25408,50.377834,10,10,10,10,416,1216,0,16,400,25408,75008,0,0,0,0,416,1200,0,0,0,786,5888
30,W3,4,4,0,0,0,0,0,0,0,0,0,400,400,400,0,0,0,0,400,400,400,100.000000,12800,25408,50.377834,10,10,10,10,416,1216,0,16,400,25408,75008,0,0,0,0,416,1200,0,0,0,810,5888
31,W3,4,4,0,0,0,0,0,0,0,0,0,400,400,400,0,0,0,0,400,400,400,100.000000,12800,25408,50.377834,10,10,10,10,416,1216,0,16,400,25408,75008,0,0,0,0,416,1200,0,0,0,745,5888
32,W3,4,4,0,0,0,0,0,0,0,0,0,400,400,400,0,0,0,0,400,400,400,100.000000,12800,25408,50.377834,10,10,10,10,416,1216,0,16,400,25408,75008,0,0,0,0,416,1200,0,0,0,772,5888
33,W3,4,4,0,0,0,0,0,0,0,0,0,400,400,400,0,0,0,0,400,400,400,100.000000,12800,25408,50.377834,10,10,10,10,416,1216,0,16,400,25408,75008,0,0,0,0,416,1200,0,0,0,741,5888
34,W3,4,4,0,0,0,0,0,0,0,0,0,400,400,400,0,0,0,0,400,400,400,100.000000,12800,25408,50.377834,10,10,10,10,416,1216,0,16,400,25408,75008,0,0,0,0,416,1200,0,0,0,747,5888
35,W3,4,4,0,0,0,0,0,0,0,0,0,400,400,400,0,0,0,0,400,400,400,100.000000,12800,25408,50.377834,10,10,10,10,416,1216,0,16,400,25408,75008,0,0,0,0,416,1200,0,0,0,726,5888
36,W3,4,4,0,0,0,0,0,0,0,0,0,400,400,400,0,0,0,0,400,400,400,100.000000,12800,25408,50.377834,10,10,10,10,416,1216,0,16,400,25408,75008,0,0,0,0,416,1200,0,0,0,767,5888
37,W3,4,4,0,0,0,0,0,0,0,0,0,400,400,400,0,0,0,0,400,400,400,100.000000,12800,25408,50.377834,10,10,10,10,416,1216,0,16,400,25408,75008,0,0,0,0,416,1200,0,0,0,803,5888
38,W3,4,4,0,0,0,0,0,0,0,0,0,400,400,400,0,0,0,0,400,400,400,100.000000,12800,25408,50.377834,10,10,10,10,416,1216,0,16,400,25408,75008,0,0,0,0,416,1200,0,0,0,755,5888
39,W3,4,4,0,0,0,0,0,0,0,0,0,400,400,400,0,0,0,0,400,400,400,100.000000,12800,25408,50.377834,10,10,10,10,416,1216,0,16,400,25408,75008,0,0,0,0,416,1200,0,0,0,735,5888
40,W3,4,4,0,0,0,0,0,0,0,0,0,400,400,400,0,0,0,0,400,400,400,100.000000,12800,25408,50.377834,10,10,10,10,416,1216,0,16,400,25408,75008,0,0,0,0,416,1200,0,0,0,727,5888
41,W3,4,4,0,0,0,0,0,0,0,0,0,400,400,400,0,0,0,0,400,400,400,100.000000,12800,25408,50.377834,10,10,10,10,416,1216,0,16,400,25408,75008,0,0,0,0,416,1200,0,0,0,789,5888
42,W3,4,4,0,0,0,0,0,0,0,0,0,400,400,400,0,0,0,0,400,400,400,100.000000,12800,25408,50.377834,10,10,10,10,416,1216,0,16,400,25408,75008,0,0,0,0,416,1200,0,0,0,730,5888
43,W3,4,4,0,0,0,0,0,0,0,0,0,400,400,400,0,0,0,0,400,400,400,100.000000,12800,25408,50.377834,10,10,10,10,416,1216,0,16,400,25408,75008,0,0,0,0,416,1200,0,0,0,733,5888
44,W3,4,4,0,0,0,0,0,0,0,0,0,400,400,400,0,0,0,0,400,400,400,100.000000,12800,25408,50.377834,10,10,10,10,416,1216,0,16,400,25408,75008,0,0,0,0,416,1200,0,0,0,757,5888
45,W3,4,4,0,0,0,0,0,0,0,0,0,400,400,400,0,0,0,0,400,400,400,100.000000,12800,25408,50.377834,10,10,10,10,416,1216,0,16,400,25408,75008,0,0,0,0,416,1200,0,0,0,764,5888
46,W3,4,4,0,0,0,0,0,0,0,0,0,400,400,400,0,0,0,0,400,400,400,100.000000,12800,25408,50.377834,10,10,10,10,416,1216,0,16,400,25408,75008,0,0,0,0,416,1200,0,0,0,722,5888
47,W3,4,4,0,0,0,0,0,0,0,0,0,400,400,400,0,0,0,0,400,400,400,100.000000,12800,25408,50.377834,10,10,10,10,416,1216,0,16,400,25408,75008,0,0,0,0,416,1200,0,0,0,750,5888
48,W3,4,4,0,0,0,0,0,0,0,0,0,400,400,400,0,0,0,0,400,400,400,100.000000,12800,25408,50.377834,10,10,10,10,416,1216,0,16,400,25408,75008,0,0,0,0,416,1200,0,0,0,761,5888
49,W3,4,4,0,0,0,0,0,0,0,0,0,400,400,400,0,0,0,0,400,400,400,100.000000,12800,25408,50.377834,10,10,10,10,416,1216,0,16,400,25408,75008,0,0,0,0,416,1200,0,0,0,759,5888
50,W3,4,4,0,0,0,0,0,0,0,0,0,400,400,400,0,0,0,0,400,400,400,100.000000,12800,25408,50.377834,10,10,10,10,416,1216,0,16,400,25408,75008,0,0,0,0,416,1200,0,0,0,750,5888
51,W3,4,4,0,0,0,0,0,0,0,0,0,400,400,400,0,0,0,0,400,400,400,100.000000,12800,25408,50.377834,10,10,10,10,416,1216,0,16,400,25408,75008,0,0,0,0,416,1200,0,0,0,735,5888
52,W3,4,4,0,0,0,0,0,0,0,0,0,400,400,400,0,0,0,0,400,400,400,100.000000,12800,25408,50.377834,10,10,10,10,416,1216,0,16,400,25408,75008,0,0,0,0,416,1200,0,0,0,769,5888
53,W3,4,4,0,0,0,0,0,0,0,0,0,400,400,400,0,0,0,0,400,400,400,100.000000,12800,25408,50.377834,10,10,10,10,416,1216,0,16,400,25408,75008,0,0,0,0,416,1200,0,0,0,751,5888
54,W3,4,4,0,0,0,0,0,0,0,0,0,400,400,400,0,0,0,0,400,400,400,100.000000,12800,25408,50.377834,10,10,10,10,416,1216,0,16,400,25408,75008,0,0,0,0,416,1200,0,0,0,738,5888
55,W3,4,4,0,0,0,0,0,0,0,0,0,400,400,400,0,0,0,0,400,400,400,100.000000,12800,25408,50.377834,10,10,10,10,416,1216,0,16,400,25408,75008,0,0,0,0,416,1200,0,0,0,773,5888
56,W3,4,4,0,0,0,0,0,0,0,0,0,400,400,400,0,0,0,0,400,400,400,100.000000,12800,25408,50.377834,10,10,10,10,416,1216,0,16,400,25408,75008,0,0,0,0,416,1200,0,0,0,770,5888
57,W3,4,4,0,0,0,0,0,0,0,0,0,400,400,400,0,0,0,0,400,400,400,100.000000,12800,25408,50.377834,10,10,10,10,416,1216,0,16,400,25408,75008,0,0,0,0,416,1200,0,0,0,742,5888
58,W3,4,4,0,0,0,0,0,0,0,0,0,400,400,400,0,0,0,0,400,400,400,100.000000,12800,25408,50.377834,10,10,10,10,416,1216,0,16,400,25408,75008,0,0,0,0,416,1200,0,0,0,748,5888
59,W3,4,4,0,0,0,0,0,0,0,0,0,400,400,400,0,0,0,0,400,400,400,100.000000,12800,25408,50.377834,10,10,10,10,416,1216,0,16,400,25408,75008,0,0,0,0,416,1200,0,0,0,751,5888
60,W3,4,4,0,0,0,0,0,0,0,0,0,400,400,400,0,0,0,0,400,400,400,100.000000,12800,25408,50.377834,10,10,10,10,416,1216,0,16,400,25408,75008,0,0,0,0,416,1200,0,0,0,724,5888
61,W3,4,4,0,0,0,0,0,0,0,0,0,400,400,400,0,0,0,0,400,400,400,100.000000,12800,25408,50.377834,10,10,10,10,416,1216,0,16,400,25408,75008,0,0,0,0,416,1200,0,0,0,761,5888
62,W3,4,4,0,0,0,0,0,0,0,0,0,400,400,400,0,0,0,0,400,400,400,100.000000,12800,25408,50.377834,10,10,10,10,416,1216,0,16,400,25408,75008,0,0,0,0,416,1200,0,0,0,712,5888
63,W3,4,4,0,0,0,0,0,0,0,0,0,400,400,400,0,0,0,0,400,400,400,100.000000,12800,25408,50.377834,10,10,10,10,416,1216,0,16,400,25408,75008,0,0,0,0,416,1200,0,0,0,781,5888
64,W3,4,4,0,0,0,0,0,0,0,0,0,400,400,400,0,0,0,0,400,400,400,100.000000,12800,25408,50.377834,10,10,10,10,416,1216,0,16,400,25408,75008,0,0,0,0,416,1200,0,0,0,780,5888
65,W3,4,4,0,0,0,0,0,0,0,0,0,400,400,400,0,0,0,0,400,400,400,100.000000,12800,25408,50.377834,10,10,10,10,416,1216,0,16,400,25408,75008,0,0,0,0,416,1200,0,0,0,719,5888
66,W3,4,4,0,0,0,0,0,0,0,0,0,400,400,400,0,0,0,0,400,400,400,100.000000,12800,25408,50.377834,10,10,10,10,416,1216,0,16,400,25408,75008,0,0,0,0,416,1200,0,0,0,732,5888
67,W3,4,4,0,0,0,0,0,0,0,0,0,400,400,400,0,0,0,0,400,400,400,100.000000,12800,25408,50.377834,10,10,10,10,416,1216,0,16,400,25408,75008,0,0,0,0,416,1200,0,0,0,762,5888
68,W3,4,4,0,0,0,0,0,0,0,0,0,400,400,400,0,0,0,0,400,400,400,100.000000,12800,25408,50.377834,10,10,10,10,416,1216,0,16,400,25408,75008,0,0,0,0,416,1200,0,0,0,743,5888
69,W3,4,4,0,0,0,0,0,0,0,0,0,400,400,400,0,0,0,0,400,400,400,100.000000,12800,25408,50.377834,10,10,10,10,416,1216,0,16,400,25408,75008,0,0,0,0,416,1200,0,0,0,741,5888
70,W3,4,4,0,0,0,0,0,0,0,0,0,400,400,400,0,0,0,0,400,400,400,100.000000,12800,25408,50.377834,10,10,10,10,416,1216,0,16,400,25408,75008,0,0,0,0,416,1200,0,0,0,748,5888
71,W3,4,4,0,0,0,0,0,0,0,0,0,400,400,400,0,0,0,0,400,400,400,100.000000,12800,25408,50.377834,10,10,10,10,416,1216,0,16,400,25408,75008,0,0,0,0,416,1200,0,0,0,777,5888
72,W3,4,4,0,0,0,0,0,0,0,0,0,400,400,400,0,0,0,0,400,400,400,100.000000,12800,25408,50.377834,10,10,10,10,416,1216,0,16,400,25408,75008,0,0,0,0,416,1200,0,0,0,759,5888
73,W3,4,4,0,0,0,0,0,0,0,0,0,400,400,400,0,0,0,0,400,400,400,100.000000,12800,25408,50.377834,10,10,10,10,416,1216,0,16,400,25408,75008,0,0,0,0,416,1200,0,0,0,737,5888
74,W3,4,4,0,0,0,0,0,0,0,0,0,400,400,400,0,0,0,0,400,400,400,100.000000,12800,25408,50.377834,10,10,10,10,416,1216,0,16,400,25408,75008,0,0,0,0,416,1200,0,0,0,743,5888
75,W3,4,4,0,0,0,0,0,0,0,0,0,400,400,400,0,0,0,0,400,400,400,100.000000,12800,25408,50.377834,10,10,10,10,416,1216,0,16,400,25408,75008,0,0,0,0,416,1200,0,0,0,735,5888
76,W3,4,4,0,0,0,0,0,0,0,0,0,400,400,400,0,0,0,0,400,400,400,100.000000,12800,25408,50.377834,10,10,10,10,416,1216,0,16,400,25408,75008,0,0,0,0,416,1200,0,0,0,736,5888
77,W3,4,4,0,0,0,0,0,0,0,0,0,400,400,400,0,0,0,0,400,400,400,100.000000,12800,25408,50.377834,10,10,10,10,416,1216,0,16,400,25408,75008,0,0,0,0,416,1200,0,0,0,726,5888
78,W3,4,4,0,0,0,0,0,0,0,0,0,400,400,400,0,0,0,0,400,400,400,100.000000,12800,25408,50.377834,10,10,10,10,416,1216,0,16,400,25408,75008,0,0,0,0,416,1200,0,0,0,758,5888
79,W3,4,4,0,0,0,0,0,0,0,0,0,400,400,400,0,0,0,0,400,400,400,100.000000,12800,25408,50.377834,10,10,10,10,416,1216,0,16,400,25408,75008,0,0,0,0,416,1200,0,0,0,745,5888
80,W3,4,4,0,0,0,0,0,0,0,0,0,400,400,400,0,0,0,0,400,400,400,100.000000,12800,25408,50.377834,10,10,10,10,416,1216,0,16,400,25408,75008,0,0,0,0,416,1200,0,0,0,787,5888
81,W3,4,4,0,0,0,0,0,0,0,0,0,400,400,400,0,0,0,0,400,400,400,100.000000,12800,25408,50.377834,10,10,10,10,416,1216,0,16,400,25408,75008,0,0,0,0,416,1200,0,0,0,762,5888
82,W3,4,4,0,0,0,0,0,0,0,0,0,400,400,400,0,0,0,0,400,400,400,100.000000,12800,25408,50.377834,10,10,10,10,416,1216,0,16,400,25408,75008,0,0,0,0,416,1200,0,0,0,764,5888
83,W3,4,4,0,0,0,0,0,0,0,0,0,400,400,400,0,0,0,0,400,400,400,100.000000,12800,25408,50.377834,10,10,10,10,416,1216,0,16,400,25408,75008,0,0,0,0,416,1200,0,0,0,724,5888
84,W3,4,4,0,0,0,0,0,0,0,0,0,400,400,400,0,0,0,0,400,400,400,100.000000,12800,25408,50.377834,10,10,10,10,416,1216,0,16,400,25408,75008,0,0,0,0,416,1200,0,0,0,816,5888
85,W3,4,4,0,0,0,0,0,0,0,0,0,400,400,400,0,0,0,0,400,400,400,100.000000,12800,25408,50.377834,10,10,10,10,416,1216,0,16,400,25408,75008,0,0,0,0,416,1200,0,0,0,795,5888
86,W3,4,4,0,0,0,0,0,0,0,0,0,400,400,400,0,0,0,0,400,400,400,100.000000,12800,25408,50.377834,10,10,10,10,416,1216,0,16,400,25408,75008,0,0,0,0,416,1200,0,0,0,733,5888
87,W3,4,4,0,0,0,0,0,0,0,0,0,400,400,400,0,0,0,0,400,400,400,100.000000,12800,25408,50.377834,10,10,10,10,416,1216,0,16,400,25408,75008,0,0,0,0,416,1200,0,0,0,777,5888
88,W3,4,4,0,0,0,0,0,0,0,0,0,400,400,400,0,0,0,0,400,400,400,100.000000,12800,25408,50.377834,10,10,10,10,416,1216,0,16,400,25408,75008,0,0,0,0,416,1200,0,0,0,758,5888
89,W3,4,4,0,0,0,0,0,0,0,0,0,400,400,400,0,0,0,0,400,400,400,100.000000,12800,25408,50.377834,10,10,10,10,416,1216,0,16,400,25408,75008,0,0,0,0,416,1200,0,0,0,737,5888
90,W3,4,4,0,0,0,0,0,0,0,0,0,400,400,400,0,0,0,0,400,400,400,100.000000,12800,25408,50.377834,10,10,10,10,416,1216,0,16,400,25408,75008,0,0,0,0,416,1200,0,0,0,764,5888
91,W3,4,4,0,0,0,0,0,0,0,0,0,400,400,400,0,0,0,0,400,400,400,100.000000,12800,25408,50.377834,10,10,10,10,416,1216,0,16,400,25408,75008,0,0,0,0,416,1200,0,0,0,730,5888
92,W3,4,4,0,0,0,0,0,0,0,0,0,400,400,400,0,0,0,0,400,400,400,100.000000,12800,25408,50.377834,10,10,10,10,416,1216,0,16,400,25408,75008,0,0,0,0,416,1200,0,0,0,757,5888
93,W3,4,4,0,0,0,0,0,0,0,0,0,400,400,400,0,0,0,0,400,400,400,100.000000,12800,25408,50.377834,10,10,10,10,416,1216,0,16,400,25408,75008,0,0,0,0,416,1200,0,0,0,757,5888
94,W3,4,4,0,0,0,0,0,0,0,0,0,400,400,400,0,0,0,0,400,400,400,100.000000,12800,25408,50.377834,10,10,10,10,416,1216,0,16,400,25408,75008,0,0,0,0,416,1200,0,0,0,751,5888
95,W3,4,4,0,0,0,0,0,0,0,0,0,400,400,400,0,0,0,0,400,400,400,100.000000,12800,25408,50.377834,10,10,10,10,416,1216,0,16,400,25408,75008,0,0,0,0,416,1200,0,0,0,779,5888
96,W3,4,4,0,0,0,0,0,0,0,0,0,400,400,400,0,0,0,0,400,400,400,100.000000,12800,25408,50.377834,10,10,10,10,416,1216,0,16,400,25408,75008,0,0,0,0,416,1200,0,0,0,774,5888
97,W3,4,4,0,0,0,0,0,0,0,0,0,400,400,400,0,0,0,0,400,400,400,100.000000,12800,25408,50.377834,10,10,10,10,416,1216,0,16,400,25408,75008,0,0,0,0,416,1200,0,0,0,729,5888
98,W3,4,4,0,0,0,0,0,0,0,0,0,400,400,400,0,0,0,0,400,400,400,100.000000,12800,25408,50.377834,10,10,10,10,416,1216,0,16,400,25408,75008,0,0,0,0,416,1200,0,0,0,774,5888
99,W3,4,4,0,0,0,0,0,0,0,0,0,400,400,400,0,0,0,0,400,400,400,100.000000,12800,25408,50.377834,10,10,10,10,416,1216,0,16,400,25408,75008,0,0,0,0,416,1200,0,0,0,738,5888
100,W3,4,4,0,0,0,0,0,0,0,0,0,400,400,400,0,0,0,0,400,400,400,100.000000,12800,25408,50.377834,10,10,10,10,416,1216,0,16,400,25408,75008,0,0,0,0,416,1200,0,0,0,752,5888
101,W3,4,4,0,0,0,0,0,0,0,0,0,400,400,400,0,0,0,0,400,400,400,100.000000,12800,25408,50.377834,10,10,10,10,416,1216,0,16,400,25408,75008,0,0,0,0,416,1200,0,0,0,755,5888
102,W3,4,4,0,0,0,0,0,0,0,0,0,400,400,400,0,0,0,0,400,400,400,100.000000,12800,25408,50.377834,10,10,10,10,416,1216,0,16,400,25408,75008,0,0,0,0,416,1200,0,0,0,731,5888
103,W3,4,4,0,0,0,0,0,0,0,0,0,400,400,400,0,0,0,0,400,400,400,100.000000,12800,25408,50.377834,10,10,10,10,416,1216,0,16,400,25408,75008,0,0,0,0,416,1200,0,0,0,742,5888
104,W3,4,4,0,0,0,0,0,0,0,0,0,400,400,400,0,0,0,0,400,400,400,100.000000,12800,25408,50.377834,10,10,10,10,416,1216,0,16,400,25408,75008,0,0,0,0,416,1200,0,0,0,723,5888
105,W3,4,4,0,0,0,0,0,0,0,0,0,400,400,400,0,0,0,0,400,400,400,100.000000,12800,25408,50.377834,10,10,10,10,416,1216,0,16,400,25408,75008,0,0,0,0,416,1200,0,0,0,797,5888
106,W3,4,4,0,0,0,0,0,0,0,0,0,400,400,400,0,0,0,0,400,400,400,100.000000,12800,25408,50.377834,10,10,10,10,416,1216,0,16,400,25408,75008,0,0,0,0,416,1200,0,0,0,760,5888
107,W3,4,4,0,0,0,0,0,0,0,0,0,400,400,400,0,0,0,0,400,400,400,100.000000,12800,25408,50.377834,10,10,10,10,416,1216,0,16,400,25408,75008,0,0,0,0,416,1200,0,0,0,798,5888
108,W3,4,4,0,0,0,0,0,0,0,0,0,400,400,400,0,0,0,0,400,400,400,100.000000,12800,25408,50.377834,10,10,10,10,416,1216,0,16,400,25408,75008,0,0,0,0,416,1200,0,0,0,748,5888
109,W3,4,4,0,0,0,0,0,0,0,0,0,400,400,400,0,0,0,0,400,400,400,100.000000,12800,25408,50.377834,10,10,10,10,416,1216,0,16,400,25408,75008,0,0,0,0,416,1200,0,0,0,764,5888
110,W3,4,4,0,0,0,0,0,0,0,0,0,400,400,400,0,0,0,0,400,400,400,100.000000,12800,25408,50.377834,10,10,10,10,416,1216,0,16,400,25408,75008,0,0,0,0,416,1200,0,0,0,767,5888
111,W3,4,4,0,0,0,0,0,0,0,0,0,400,400,400,0,0,0,0,400,400,400,100.000000,12800,25408,50.377834,10,10,10,10,416,1216,0,16,400,25408,75008,0,0,0,0,416,1200,0,0,0,770,5888
112,W3,4,4,0,0,0,0,0,0,0,0,0,400,400,400,0,0,0,0,400,400,400,100.000000,12800,25408,50.377834,10,10,10,10,416,1216,0,16,400,25408,75008,0,0,0,0,416,1200,0,0,0,729,5888
113,W3,4,4,0,0,0,0,0,0,0,0,0,400,400,400,0,0,0,0,400,400,400,100.000000,12800,25408,50.377834,10,10,10,10,416,1216,0,16,400,25408,75008,0,0,0,0,416,1200,0,0,0,726,5888
114,W3,4,4,0,0,0,0,0,0,0,0,0,400,400,400,0,0,0,0,400,400,400,100.000000,12800,25408,50.377834,10,10,10,10,416,1216,0,16,400,25408,75008,0,0,0,0,416,1200,0,0,0,762,5888
115,W3,4,4,0,0,0,0,0,0,0,0,0,400,400,400,0,0,0,0,400,400,400,100.000000,12800,25408,50.377834,10,10,10,10,416,1216,0,16,400,25408,75008,0,0,0,0,416,1200,0,0,0,744,5888
116,W3,4,4,0,0,0,0,0,0,0,0,0,400,400,400,0,0,0,0,400,400,400,100.000000,12800,25408,50.377834,10,10,10,10,416,1216,0,16,400,25408,75008,0,0,0,0,416,1200,0,0,0,750,5888
117,W3,4,4,0,0,0,0,0,0,0,0,0,400,400,400,0,0,0,0,400,400,400,100.000000,12800,25408,50.377834,10,10,10,10,416,1216,0,16,400,25408,75008,0,0,0,0,416,1200,0,0,0,807,5888
118,W3,4,4,0,0,0,0,0,0,0,0,0,400,400,400,0,0,0,0,400,400,400,100.000000,12800,25408,50.377834,10,10,10,10,416,1216,0,16,400,25408,75008,0,0,0,0,416,1200,0,0,0,727,5888
119,W3,4,4,0,0,0,0,0,0,0,0,0,400,400,400,0,0,0,0,400,400,400,100.000000,12800,25408,50.377834,10,10,10,10,416,1216,0,16,400,25408,75008,0,0,0,0,416,1200,0,0,0,744,5888
120,W3,4,4,0,0,0,0,0,0,0,0,0,400,400,400,0,0,0,0,400,400,400,100.000000,12800,25408,50.377834,10,10,10,10,416,1216,0,16,400,25408,75008,0,0,0,0,416,1200,0,0,0,760,5888
121,W3,4,4,0,0,0,0,0,0,0,0,0,400,400,400,0,0,0,0,400,400,400,100.000000,12800,25408,50.377834,10,10,10,10,416,1216,0,16,400,25408,75008,0,0,0,0,416,1200,0,0,0,783,5888
122,W3,4,4,0,0,0,0,0,0,0,0,0,400,400,400,0,0,0,0,400,400,400,100.000000,12800,25408,50.377834,10,10,10,10,416,1216,0,16,400,25408,75008,0,0,0,0,416,1200,0,0,0,774,5888
123,W3,4,4,0,0,0,0,0,0,0,0,0,400,400,400,0,0,0,0,400,400,400,100.000000,12800,25408,50.377834,10,10,10,10,416,1216,0,16,400,25408,75008,0,0,0,0,416,1200,0,0,0,746,5888
124,W3,4,4,0,0,0,0,0,0,0,0,0,400,400,400,0,0,0,0,400,400,400,100.000000,12800,25408,50.377834,10,10,10,10,416,1216,0,16,400,25408,75008,0,0,0,0,416,1200,0,0,0,728,5888
125,W3,4,4,0,0,0,0,0,0,0,0,0,400,400,400,0,0,0,0,400,400,400,100.000000,12800,25408,50.377834,10,10,10,10,416,1216,0,16,400,25408,75008,0,0,0,0,416,1200,0,0,0,739,5888
126,W3,4,4,0,0,0,0,0,0,0,0,0,400,400,400,0,0,0,0,400,400,400,100.000000,12800,25408,50.377834,10,10,10,10,416,1216,0,16,400,25408,75008,0,0,0,0,416,1200,0,0,0,724,5888
127,W3,4,4,0,0,0,0,0,0,0,0,0,400,400,400,0,0,0,0,400,400,400,100.000000,12800,25408,50.377834,10,10,10,10,416,1216,0,16,400,25408,75008,0,0,0,0,416,1200,0,0,0,790,5888
128,W3,4,4,0,0,0,0,0,0,0,0,0,400,400,400,0,0,0,0,400,400,400,100.000000,12800,25408,50.377834,10,10,10,10,416,1216,0,16,400,25408,75008,0,0,0,0,416,1200,0,0,0,750,5888
129,W3,4,4,0,0,0,0,0,0,0,0,0,400,400,400,0,0,0,0,400,400,400,100.000000,12800,25408,50.377834,10,10,10,10,416,1216,0,16,400,25408,75008,0,0,0,0,416,1200,0,0,0,782,5888
130,W3,4,4,0,0,0,0,0,0,0,0,0,400,400,400,0,0,0,0,400,400,400,100.000000,12800,25408,50.377834,10,10,10,10,416,1216,0,16,400,25408,75008,0,0,0,0,416,1200,0,0,0,811,5888
131,W3,4,4,0,0,0,0,0,0,0,0,0,400,400,400,0,0,0,0,400,400,400,100.000000,12800,25408,50.377834,10,10,10,10,416,1216,0,16,400,25408,75008,0,0,0,0,416,1200,0,0,0,726,5888
132,W3,4,4,0,0,0,0,0,0,0,0,0,400,400,400,0,0,0,0,400,400,400,100.000000,12800,25408,50.377834,10,10,10,10,416,1216,0,16,400,25408,75008,0,0,0,0,416,1200,0,0,0,754,5888
133,W3,4,4,0,0,0,0,0,0,0,0,0,400,400,400,0,0,0,0,400,400,400,100.000000,12800,25408,50.377834,10,10,10,10,416,1216,0,16,400,25408,75008,0,0,0,0,416,1200,0,0,0,803,5888
134,W3,4,4,0,0,0,0,0,0,0,0,0,400,400,400,0,0,0,0,400,400,400,100.000000,12800,25408,50.377834,10,10,10,10,416,1216,0,16,400,25408,75008,0,0,0,0,416,1200,0,0,0,720,5888
135,W3,4,4,0,0,0,0,0,0,0,0,0,400,400,400,0,0,0,0,400,400,400,100.000000,12800,25408,50.377834,10,10,10,10,416,1216,0,16,400,25408,75008,0,0,0,0,416,1200,0,0,0,758,5888
136,W3,4,4,0,0,0,0,0,0,0,0,0,400,400,400,0,0,0,0,400,400,400,100.000000,12800,25408,50.377834,10,10,10,10,416,1216,0,16,400,25408,75008,0,0,0,0,416,1200,0,0,0,729,5888
137,W3,4,4,0,0,0,0,0,0,0,0,0,400,400,400,0,0,0,0,400,400,400,100.000000,12800,25408,50.377834,10,10,10,10,416,1216,0,16,400,25408,75008,0,0,0,0,416,1200,0,0,0,759,5888
138,W3,4,4,0,0,0,0,0,0,0,0,0,400,400,400,0,0,0,0,400,400,400,100.000000,12800,25408,50.377834,10,10,10,10,416,1216,0,16,400,25408,75008,0,0,0,0,416,1200,0,0,0,740,5888
139,W3,4,4,0,0,0,0,0,0,0,0,0,400,400,400,0,0,0,0,400,400,400,100.000000,12800,25408,50.377834,10,10,10,10,416,1216,0,16,400,25408,75008,0,0,0,0,416,1200,0,0,0,723,5888
140,W3,4,4,0,0,0,0,0,0,0,0,0,400,400,400,0,0,0,0,400,400,400,100.000000,12800,25408,50.377834,10,10,10,10,416,1216,0,16,400,25408,75008,0,0,0,0,416,1200,0,0,0,728,5888
141,W3,4,4,0,0,0,0,0,0,0,0,0,400,400,400,0,0,0,0,400,400,400,100.000000,12800,25408,50.377834,10,10,10,10,416,1216,0,16,400,25408,75008,0,0,0,0,416,1200,0,0,0,770,5888
142,W3,4,4,0,0,0,0,0,0,0,0,0,400,400,400,0,0,0,0,400,400,400,100.000000,12800,25408,50.377834,10,10,10,10,416,1216,0,16,400,25408,75008,0,0,0,0,416,1200,0,0,0,746,5888
143,W3,4,4,0,0,0,0,0,0,0,0,0,400,400,400,0,0,0,0,400,400,400,100.000000,12800,25408,50.377834,10,10,10,10,416,1216,0,16,400,25408,75008,0,0,0,0,416,1200,0,0,0,740,5888
144,W3,4,4,0,0,0,0,0,0,0,0,0,400,400,400,0,0,0,0,400,400,400,100.000000,12800,25408,50.377834,10,10,10,10,416,1216,0,16,400,25408,75008,0,0,0,0,416,1200,0,0,0,738,5888
145,W3,4,4,0,0,0,0,0,0,0,0,0,400,400,400,0,0,0,0,400,400,400,100.000000,12800,25408,50.377834,10,10,10,10,416,1216,0,16,400,25408,75008,0,0,0,0,416,1200,0,0,0,749,5888
146,W3,4,4,0,0,0,0,0,0,0,0,0,400,400,400,0,0,0,0,400,400,400,100.000000,12800,25408,50.377834,10,10,10,10,416,1216,0,16,400,25408,75008,0,0,0,0,416,1200,0,0,0,756,5888
147,W3,4,4,0,0,0,0,0,0,0,0,0,400,400,400,0,0,0,0,400,400,400,100.000000,12800,25408,50.377834,10,10,10,10,416,1216,0,16,400,25408,75008,0,0,0,0,416,1200,0,0,0,754,5888
148,W3,4,4,0,0,0,0,0,0,0,0,0,400,400,400,0,0,0,0,400,400,400,100.000000,12800,25408,50.377834,10,10,10,10,416,1216,0,16,400,25408,75008,0,0,0,0,416,1200,0,0,0,711,5888
149,W3,4,4,0,0,0,0,0,0,0,0,0,400,400,400,0,0,0,0,400,400,400,100.000000,12800,25408,50.377834,10,10,10,10,416,1216,0,16,400,25408,75008,0,0,0,0,416,1200,0,0,0,712,5888
150,W3,4,4,0,0,0,0,0,0,0,0,0,400,400,400,0,0,0,0,400,400,400,100.000000,12800,25408,50.377834,10,10,10,10,416,1216,0,16,400,25408,75008,0,0,0,0,416,1200,0,0,0,759,5888
151,W3,4,4,0,0,0,0,0,0,0,0,0,400,400,400,0,0,0,0,400,400,400,100.000000,12800,25408,50.377834,10,10,10,10,416,1216,0,16,400,25408,75008,0,0,0,0,416,1200,0,0,0,725,5888
152,W3,4,4,0,0,0,0,0,0,0,0,0,400,400,400,0,0,0,0,400,400,400,100.000000,12800,25408,50.377834,10,10,10,10,416,1216,0,16,400,25408,75008,0,0,0,0,416,1200,0,0,0,747,5888
153,W3,4,4,0,0,0,0,0,0,0,0,0,400,400,400,0,0,0,0,400,400,400,100.000000,12800,25408,50.377834,10,10,10,10,416,1216,0,16,400,25408,75008,0,0,0,0,416,1200,0,0,0,714,5888
154,W3,4,4,0,0,0,0,0,0,0,0,0,400,400,400,0,0,0,0,400,400,400,100.000000,12800,25408,50.377834,10,10,10,10,416,1216,0,16,400,25408,75008,0,0,0,0,416,1200,0,0,0,728,5888
155,W3,4,4,0,0,0,0,0,0,0,0,0,400,400,400,0,0,0,0,400,400,400,100.000000,12800,25408,50.377834,10,10,10,10,416,1216,0,16,400,25408,75008,0,0,0,0,416,1200,0,0,0,708,5888
156,W3,4,4,0,0,0,0,0,0,0,0,0,400,400,400,0,0,0,0,400,400,400,100.000000,12800,25408,50.377834,10,10,10,10,416,1216,0,16,400,25408,75008,0,0,0,0,416,1200,0,0,0,736,5888
157,W3,4,4,0,0,0,0,0,0,0,0,0,400,400,400,0,0,0,0,400,400,400,100.000000,12800,25408,50.377834,10,10,10,10,416,1216,0,16,400,25408,75008,0,0,0,0,416,1200,0,0,0,706,5888
158,W3,4,4,0,0,0,0,0,0,0,0,0,400,400,400,0,0,0,0,400,400,400,100.000000,12800,25408,50.377834,10,10,10,10,416,1216,0,16,400,25408,75008,0,0,0,0,416,1200,0,0,0,716,5888
159,W3,4,4,0,0,0,0,0,0,0,0,0,400,400,400,0,0,0,0,400,400,400,100.000000,12800,25408,50.377834,10,10,10,10,416,1216,0,16,400,25408,75008,0,0,0,0,416,1200,0,0,0,709,5888
160,W3,4,4,0,0,0,0,0,0,0,0,0,400,400,400,0,0,0,0,400,400,400,100.000000,12800,25408,50.377834,10,10,10,10,416,1216,0,16,400,25408,75008,0,0,0,0,416,1200,0,0,0,745,5888
161,W3,4,4,0,0,0,0,0,0,0,0,0,400,400,400,0,0,0,0,400,400,400,100.000000,12800,25408,50.377834,10,10,10,10,416,1216,0,16,400,25408,75008,0,0,0,0,416,1200,0,0,0,700,5888
162,W3,4,4,0,0,0,0,0,0,0,0,0,400,400,400,0,0,0,0,400,400,400,100.000000,12800,25408,50.377834,10,10,10,10,416,1216,0,16,400,25408,75008,0,0,0,0,416,1200,0,0,0,711,5888
163,W3,4,4,0,0,0,0,0,0,0,0,0,400,400,400,0,0,0,0,400,400,400,100.000000,12800,25408,50.377834,10,10,10,10,416,1216,0,16,400,25408,75008,0,0,0,0,416,1200,0,0,0,711,5888
164,W3,4,4,0,0,0,0,0,0,0,0,0,400,400,400,0,0,0,0,400,400,400,100.000000,12800,25408,50.377834,10,10,10,10,416,1216,0,16,400,25408,75008,0,0,0,0,416,1200,0,0,0,736,5888
165,W3,4,4,0,0,0,0,0,0,0,0,0,400,400,400,0,0,0,0,400,400,400,100.000000,12800,25408,50.377834,10,10,10,10,416,1216,0,16,400,25408,75008,0,0,0,0,416,1200,0,0,0,747,5888
166,W3,4,4,0,0,0,0,0,0,0,0,0,400,400,400,0,0,0,0,400,400,400,100.000000,12800,25408,50.377834,10,10,10,10,416,1216,0,16,400,25408,75008,0,0,0,0,416,1200,0,0,0,712,5888
167,W3,4,4,0,0,0,0,0,0,0,0,0,400,400,400,0,0,0,0,400,400,400,100.000000,12800,25408,50.377834,10,10,10,10,416,1216,0,16,400,25408,75008,0,0,0,0,416,1200,0,0,0,714,5888
168,W3,4,4,0,0,0,0,0,0,0,0,0,400,400,400,0,0,0,0,400,400,400,100.000000,12800,25408,50.377834,10,10,10,10,416,1216,0,16,400,25408,75008,0,0,0,0,416,1200,0,0,0,800,5888
169,W3,4,4,0,0,0,0,0,0,0,0,0,400,400,400,0,0,0,0,400,400,400,100.000000,12800,25408,50.377834,10,10,10,10,416,1216,0,16,400,25408,75008,0,0,0,0,416,1200,0,0,0,705,5888
170,W3,4,4,0,0,0,0,0,0,0,0,0,400,400,400,0,0,0,0,400,400,400,100.000000,12800,25408,50.377834,10,10,10,10,416,1216,0,16,400,25408,75008,0,0,0,0,416,1200,0,0,0,724,5888
171,W3,4,4,0,0,0,0,0,0,0,0,0,400,400,400,0,0,0,0,400,400,400,100.000000,12800,25408,50.377834,10,10,10,10,416,1216,0,16,400,25408,75008,0,0,0,0,416,1200,0,0,0,766,5888
172,W3,4,4,0,0,0,0,0,0,0,0,0,400,400,400,0,0,0,0,400,400,400,100.000000,12800,25408,50.377834,10,10,10,10,416,1216,0,16,400,25408,75008,0,0,0,0,416,1200,0,0,0,828,5888
173,W3,4,4,0,0,0,0,0,0,0,0,0,400,400,400,0,0,0,0,400,400,400,100.000000,12800,25408,50.377834,10,10,10,10,416,1216,0,16,400,25408,75008,0,0,0,0,416,1200,0,0,0,723,5888
174,W3,4,4,0,0,0,0,0,0,0,0,0,400,400,400,0,0,0,0,400,400,400,100.000000,12800,25408,50.377834,10,10,10,10,416,1216,0,16,400,25408,75008,0,0,0,0,416,1200,0,0,0,751,5888
175,W3,4,4,0,0,0,0,0,0,0,0,0,400,400,400,0,0,0,0,400,400,400,100.000000,12800,25408,50.377834,10,10,10,10,416,1216,0,16,400,25408,75008,0,0,0,0,416,1200,0,0,0,701,5888
176,W3,4,4,0,0,0,0,0,0,0,0,0,400,400,400,0,0,0,0,400,400,400,100.000000,12800,25408,50.377834,10,10,10,10,416,1216,0,16,400,25408,75008,0,0,0,0,416,1200,0,0,0,712,5888
177,W3,4,4,0,0,0,0,0,0,0,0,0,400,400,400,0,0,0,0,400,400,400,100.000000,12800,25408,50.377834,10,10,10,10,416,1216,0,16,400,25408,75008,0,0,0,0,416,1200,0,0,0,750,5888
178,W3,4,4,0,0,0,0,0,0,0,0,0,400,400,400,0,0,0,0,400,400,400,100.000000,12800,25408,50.377834,10,10,10,10,416,1216,0,16,400,25408,75008,0,0,0,0,416,1200,0,0,0,759,5888
179,W3,4,4,0,0,0,0,0,0,0,0,0,400,400,400,0,0,0,0,400,400,400,100.000000,12800,25408,50.377834,10,10,10,10,416,1216,0,16,400,25408,75008,0,0,0,0,416,1200,0,0,0,709,5888
180,W3,4,4,0,0,0,0,0,0,0,0,0,400,400,400,0,0,0,0,400,400,400,100.000000,12800,25408,50.377834,10,10,10,10,416,1216,0,16,400,25408,75008,0,0,0,0,416,1200,0,0,0,722,5888
181,W3,4,4,0,0,0,0,0,0,0,0,0,400,400,400,0,0,0,0,400,400,400,100.000000,12800,25408,50.377834,10,10,10,10,416,1216,0,16,400,25408,75008,0,0,0,0,416,1200,0,0,0,709,5888
182,W3,4,4,0,0,0,0,0,0,0,0,0,400,400,400,0,0,0,0,400,400,400,100.000000,12800,25408,50.377834,10,10,10,10,416,1216,0,16,400,25408,75008,0,0,0,0,416,1200,0,0,0,698,5888
183,W3,4,4,0,0,0,0,0,0,0,0,0,400,400,400,0,0,0,0,400,400,400,100.000000,12800,25408,50.377834,10,10,10,10,416,1216,0,16,400,25408,75008,0,0,0,0,416,1200,0,0,0,762,5888
184,W3,4,4,0,0,0,0,0,0,0,0,0,400,400,400,0,0,0,0,400,400,400,100.000000,12800,25408,50.377834,10,10,10,10,416,1216,0,16,400,25408,75008,0,0,0,0,416,1200,0,0,0,728,5888
185,W3,4,4,0,0,0,0,0,0,0,0,0,400,400,400,0,0,0,0,400,400,400,100.000000,12800,25408,50.377834,10,10,10,10,416,1216,0,16,400,25408,75008,0,0,0,0,416,1200,0,0,0,749,5888
186,W3,4,4,0,0,0,0,0,0,0,0,0,400,400,400,0,0,0,0,400,400,400,100.000000,12800,25408,50.377834,10,10,10,10,416,1216,0,16,400,25408,75008,0,0,0,0,416,1200,0,0,0,747,5888
187,W3,4,4,0,0,0,0,0,0,0,0,0,400,400,400,0,0,0,0,400,400,400,100.000000,12800,25408,50.377834,10,10,10,10,416,1216,0,16,400,25408,75008,0,0,0,0,416,1200,0,0,0,700,5888
188,W3,4,4,0,0,0,0,0,0,0,0,0,400,400,400,0,0,0,0,400,400,400,100.000000,12800,25408,50.377834,10,10,10,10,416,1216,0,16,400,25408,75008,0,0,0,0,416,1200,0,0,0,745,5888
189,W3,4,4,0,0,0,0,0,0,0,0,0,400,400,400,0,0,0,0,400,400,400,100.000000,12800,25408,50.377834,10,10,10,10,416,1216,0,16,400,25408,75008,0,0,0,0,416,1200,0,0,0,713,5888
190,W3,4,4,0,0,0,0,0,0,0,0,0,400,400,400,0,0,0,0,400,400,400,100.000000,12800,25408,50.377834,10,10,10,10,416,1216,0,16,400,25408,75008,0,0,0,0,416,1200,0,0,0,749,5888
191,W3,4,4,0,0,0,0,0,0,0,0,0,400,400,400,0,0,0,0,400,400,400,100.000000,12800,25408,50.377834,10,10,10,10,416,1216,0,16,400,25408,75008,0,0,0,0,416,1200,0,0,0,786,5888
192,W3,4,4,0,0,0,0,0,0,0,0,0,400,400,400,0,0,0,0,400,400,400,100.000000,12800,25408,50.377834,10,10,10,10,416,1216,0,16,400,25408,75008,0,0,0,0,416,1200,0,0,0,730,5888
193,W3,4,4,0,0,0,0,0,0,0,0,0,400,400,400,0,0,0,0,400,400,400,100.000000,12800,25408,50.377834,10,10,10,10,416,1216,0,16,400,25408,75008,0,0,0,0,416,1200,0,0,0,721,5888
194,W3,4,4,0,0,0,0,0,0,0,0,0,400,400,400,0,0,0,0,400,400,400,100.000000,12800,25408,50.377834,10,10,10,10,416,1216,0,16,400,25408,75008,0,0,0,0,416,1200,0,0,0,717,5888
195,W3,4,4,0,0,0,0,0,0,0,0,0,400,400,400,0,0,0,0,400,400,400,100.000000,12800,25408,50.377834,10,10,10,10,416,1216,0,16,400,25408,75008,0,0,0,0,416,1200,0,0,0,788,5888
196,W3,4,4,0,0,0,0,0,0,0,0,0,400,400,400,0,0,0,0,400,400,400,100.000000,12800,25408,50.377834,10,10,10,10,416,1216,0,16,400,25408,75008,0,0,0,0,416,1200,0,0,0,747,5888
197,W3,4,4,0,0,0,0,0,0,0,0,0,400,400,400,0,0,0,0,400,400,400,100.000000,12800,25408,50.377834,10,10,10,10,416,1216,0,16,400,25408,75008,0,0,0,0,416,1200,0,0,0,722,5888
198,W3,4,4,0,0,0,0,0,0,0,0,0,400,400,400,0,0,0,0,400,400,400,100.000000,12800,25408,50.377834,10,10,10,10,416,1216,0,16,400,25408,75008,0,0,0,0,416,1200,0,0,0,721,5888
199,W3,4,4,0,0,0,0,0,0,0,0,0,400,400,400,0,0,0,0,400,400,400,100.000000,12800,25408,50.377834,10,10,10,10,416,1216,0,16,400,25408,75008,0,0,0,0,416,1200,0,0,0,710,5888
200,W3,4,4,0,0,0,0,0,0,0,0,0,400,400,400,0,0,0,0,400,400,400,100.000000,12800,25408,50.377834,10,10,10,10,416,1216,0,16,400,25408,75008,0,0,0,0,416,1200,0,0,0,707,5888
201,W3,4,4,0,0,0,0,0,0,0,0,0,400,400,400,0,0,0,0,400,400,400,100.000000,12800,25408,50.377834,10,10,10,10,416,1216,0,16,400,25408,75008,0,0,0,0,416,1200,0,0,0,721,5888
202,W3,4,4,0,0,0,0,0,0,0,0,0,400,400,400,0,0,0,0,400,400,400,100.000000,12800,25408,50.377834,10,10,10,10,416,1216,0,16,400,25408,75008,0,0,0,0,416,1200,0,0,0,721,5888
203,W3,4,4,0,0,0,0,0,0,0,0,0,400,400,400,0,0,0,0,400,400,400,100.000000,12800,25408,50.377834,10,10,10,10,416,1216,0,16,400,25408,75008,0,0,0,0,416,1200,0,0,0,797,5888
204,W3,4,4,0,0,0,0,0,0,0,0,0,400,400,400,0,0,0,0,400,400,400,100.000000,12800,25408,50.377834,10,10,10,10,416,1216,0,16,400,25408,75008,0,0,0,0,416,1200,0,0,0,837,5888
205,W3,4,4,0,0,0,0,0,0,0,0,0,400,400,400,0,0,0,0,400,400,400,100.000000,12800,25408,50.377834,10,10,10,10,416,1216,0,16,400,25408,75008,0,0,0,0,416,1200,0,0,0,726,5888
206,W3,4,4,0,0,0,0,0,0,0,0,0,400,400,400,0,0,0,0,400,400,400,100.000000,12800,25408,50.377834,10,10,10,10,416,1216,0,16,400,25408,75008,0,0,0,0,416,1200,0,0,0,728,5888
207,W3,4,4,0,0,0,0,0,0,0,0,0,400,400,400,0,0,0,0,400,400,400,100.000000,12800,25408,50.377834,10,10,10,10,416,1216,0,16,400,25408,75008,0,0,0,0,416,1200,0,0,0,720,5888
208,W3,4,4,0,0,0,0,0,0,0,0,0,400,400,400,0,0,0,0,400,400,400,100.000000,12800,25408,50.377834,10,10,10,10,416,1216,0,16,400,25408,75008,0,0,0,0,416,1200,0,0,0,728,5888
209,W3,4,4,0,0,0,0,0,0,0,0,0,400,400,400,0,0,0,0,400,400,400,100.000000,12800,25408,50.377834,10,10,10,10,416,1216,0,16,400,25408,75008,0,0,0,0,416,1200,0,0,0,749,5888
210,W3,4,4,0,0,0,0,0,0,0,0,0,400,400,400,0,0,0,0,400,400,400,100.000000,12800,25408,50.377834,10,10,10,10,416,1216,0,16,400,25408,75008,0,0,0,0,416,1200,0,0,0,709,5888
211,W3,4,4,0,0,0,0,0,0,0,0,0,400,400,400,0,0,0,0,400,400,400,100.000000,12800,25408,50.377834,10,10,10,10,416,1216,0,16,400,25408,75008,0,0,0,0,416,1200,0,0,0,746,5888
212,W3,4,4,0,0,0,0,0,0,0,0,0,400,400,400,0,0,0,0,400,400,400,100.000000,12800,25408,50.377834,10,10,10,10,416,1216,0,16,400,25408,75008,0,0,0,0,416,1200,0,0,0,738,5888
213,W3,4,4,0,0,0,0,0,0,0,0,0,400,400,400,0,0,0,0,400,400,400,100.000000,12800,25408,50.377834,10,10,10,10,416,1216,0,16,400,25408,75008,0,0,0,0,416,1200,0,0,0,697,5888
214,W3,4,4,0,0,0,0,0,0,0,0,0,400,400,400,0,0,0,0,400,400,400,100.000000,12800,25408,50.377834,10,10,10,10,416,1216,0,16,400,25408,75008,0,0,0,0,416,1200,0,0,0,762,5888
215,W3,4,4,0,0,0,0,0,0,0,0,0,400,400,400,0,0,0,0,400,400,400,100.000000,12800,25408,50.377834,10,10,10,10,416,1216,0,16,400,25408,75008,0,0,0,0,416,1200,0,0,0,725,5888
216,W3,4,4,0,0,0,0,0,0,0,0,0,400,400,400,0,0,0,0,400,400,400,100.000000,12800,25408,50.377834,10,10,10,10,416,1216,0,16,400,25408,75008,0,0,0,0,416,1200,0,0,0,745,5888
217,W3,4,4,0,0,0,0,0,0,0,0,0,400,400,400,0,0,0,0,400,400,400,100.000000,12800,25408,50.377834,10,10,10,10,416,1216,0,16,400,25408,75008,0,0,0,0,416,1200,0,0,0,727,5888
218,W3,4,4,0,0,0,0,0,0,0,0,0,400,400,400,0,0,0,0,400,400,400,100.000000,12800,25408,50.377834,10,10,10,10,416,1216,0,16,400,25408,75008,0,0,0,0,416,1200,0,0,0,763,5888
219,W3,4,4,0,0,0,0,0,0,0,0,0,400,400,400,0,0,0,0,400,400,400,100.000000,12800,25408,50.377834,10,10,10,10,416,1216,0,16,400,25408,75008,0,0,0,0,416,1200,0,0,0,752,5888
220,W3,4,4,0,0,0,0,0,0,0,0,0,400,400,400,0,0,0,0,400,400,400,100.000000,12800,25408,50.377834,10,10,10,10,416,1216,0,16,400,25408,75008,0,0,0,0,416,1200,0,0,0,745,5888
221,W3,4,4,0,0,0,0,0,0,0,0,0,400,400,400,0,0,0,0,400,400,400,100.000000,12800,25408,50.377834,10,10,10,10,416,1216,0,16,400,25408,75008,0,0,0,0,416,1200,0,0,0,722,5888
222,W3,4,4,0,0,0,0,0,0,0,0,0,400,400,400,0,0,0,0,400,400,400,100.000000,12800,25408,50.377834,10,10,10,10,416,1216,0,16,400,25408,75008,0,0,0,0,416,1200,0,0,0,726,5888
223,W3,4,4,0,0,0,0,0,0,0,0,0,400,400,400,0,0,0,0,400,400,400,100.000000,12800,25408,50.377834,10,10,10,10,416,1216,0,16,400,25408,75008,0,0,0,0,416,1200,0,0,0,721,5888
224,W3,4,4,0,0,0,0,0,0,0,0,0,400,400,400,0,0,0,0,400,400,400,100.000000,12800,25408,50.377834,10,10,10,10,416,1216,0,16,400,25408,75008,0,0,0,0,416,1200,0,0,0,726,5888
225,W3,4,4,0,0,0,0,0,0,0,0,0,400,400,400,0,0,0,0,400,400,400,100.000000,12800,25408,50.377834,10,10,10,10,416,1216,0,16,400,25408,75008,0,0,0,0,416,1200,0,0,0,740,5888
226,W3,4,4,0,0,0,0,0,0,0,0,0,400,400,400,0,0,0,0,400,400,400,100.000000,12800,25408,50.377834,10,10,10,10,416,1216,0,16,400,25408,75008,0,0,0,0,416,1200,0,0,0,701,5888
227,W3,4,4,0,0,0,0,0,0,0,0,0,400,400,400,0,0,0,0,400,400,400,100.000000,12800,25408,50.377834,10,10,10,10,416,1216,0,16,400,25408,75008,0,0,0,0,416,1200,0,0,0,717,5888
228,W3,4,4,0,0,0,0,0,0,0,0,0,400,400,400,0,0,0,0,400,400,400,100.000000,12800,25408,50.377834,10,10,10,10,416,1216,0,16,400,25408,75008,0,0,0,0,416,1200,0,0,0,722,5888
229,W3,4,4,0,0,0,0,0,0,0,0,0,400,400,400,0,0,0,0,400,400,400,100.000000,12800,25408,50.377834,10,10,10,10,416,1216,0,16,400,25408,75008,0,0,0,0,416,1200,0,0,0,721,5888
230,W3,4,4,0,0,0,0,0,0,0,0,0,400,400,400,0,0,0,0,400,400,400,100.000000,12800,25408,50.377834,10,10,10,10,416,1216,0,16,400,25408,75008,0,0,0,0,416,1200,0,0,0,712,5888
231,W3,4,4,0,0,0,0,0,0,0,0,0,400,400,400,0,0,0,0,400,400,400,100.000000,12800,25408,50.377834,10,10,10,10,416,1216,0,16,400,25408,75008,0,0,0,0,416,1200,0,0,0,742,5888
232,W3,4,4,0,0,0,0,0,0,0,0,0,400,400,400,0,0,0,0,400,400,400,100.000000,12800,25408,50.377834,10,10,10,10,416,1216,0,16,400,25408,75008,0,0,0,0,416,1200,0,0,0,742,5888
233,W3,4,4,0,0,0,0,0,0,0,0,0,400,400,400,0,0,0,0,400,400,400,100.000000,12800,25408,50.377834,10,10,10,10,416,1216,0,16,400,25408,75008,0,0,0,0,416,1200,0,0,0,689,5888
234,W3,4,4,0,0,0,0,0,0,0,0,0,400,400,400,0,0,0,0,400,400,400,100.000000,12800,25408,50.377834,10,10,10,10,416,1216,0,16,400,25408,75008,0,0,0,0,416,1200,0,0,0,714,5888
235,W3,4,4,0,0,0,0,0,0,0,0,0,400,400,400,0,0,0,0,400,400,400,100.000000,12800,25408,50.377834,10,10,10,10,416,1216,0,16,400,25408,75008,0,0,0,0,416,1200,0,0,0,700,5888
236,W3,4,4,0,0,0,0,0,0,0,0,0,400,400,400,0,0,0,0,400,400,400,100.000000,12800,25408,50.377834,10,10,10,10,416,1216,0,16,400,25408,75008,0,0,0,0,416,1200,0,0,0,725,5888
237,W3,4,4,0,0,0,0,0,0,0,0,0,400,400,400,0,0,0,0,400,400,400,100.000000,12800,25408,50.377834,10,10,10,10,416,1216,0,16,400,25408,75008,0,0,0,0,416,1200,0,0,0,718,5888
238,W3,4,4,0,0,0,0,0,0,0,0,0,400,400,400,0,0,0,0,400,400,400,100.000000,12800,25408,50.377834,10,10,10,10,416,1216,0,16,400,25408,75008,0,0,0,0,416,1200,0,0,0,714,5888
239,W3,4,4,0,0,0,0,0,0,0,0,0,400,400,400,0,0,0,0,400,400,400,100.000000,12800,25408,50.377834,10,10,10,10,416,1216,0,16,400,25408,75008,0,0,0,0,416,1200,0,0,0,733,5888
240,W3,4,4,0,0,0,0,0,0,0,0,0,400,400,400,0,0,0,0,400,400,400,100.000000,12800,25408,50.377834,10,10,10,10,416,1216,0,16,400,25408,75008,0,0,0,0,416,1200,0,0,0,733,5888
241,W3,4,4,0,0,0,0,0,0,0,0,0,400,400,400,0,0,0,0,400,400,400,100.000000,12800,25408,50.377834,10,10,10,10,416,1216,0,16,400,25408,75008,0,0,0,0,416,1200,0,0,0,740,5888
242,W3,4,4,0,0,0,0,0,0,0,0,0,400,400,400,0,0,0,0,400,400,400,100.000000,12800,25408,50.377834,10,10,10,10,416,1216,0,16,400,25408,75008,0,0,0,0,416,1200,0,0,0,704,5888
243,W3,4,4,0,0,0,0,0,0,0,0,0,400,400,400,0,0,0,0,400,400,400,100.000000,12800,25408,50.377834,10,10,10,10,416,1216,0,16,400,25408,75008,0,0,0,0,416,1200,0,0,0,726,5888
244,W3,4,4,0,0,0,0,0,0,0,0,0,400,400,400,0,0,0,0,400,400,400,100.000000,12800,25408,50.377834,10,10,10,10,416,1216,0,16,400,25408,75008,0,0,0,0,416,1200,0,0,0,745,5888
245,W3,4,4,0,0,0,0,0,0,0,0,0,400,400,400,0,0,0,0,400,400,400,100.000000,12800,25408,50.377834,10,10,10,10,416,1216,0,16,400,25408,75008,0,0,0,0,416,1200,0,0,0,734,5888
246,W3,4,4,0,0,0,0,0,0,0,0,0,400,400,400,0,0,0,0,400,400,400,100.000000,12800,25408,50.377834,10,10,10,10,416,1216,0,16,400,25408,75008,0,0,0,0,416,1200,0,0,0,736,5888
247,W3,4,4,0,0,0,0,0,0,0,0,0,400,400,400,0,0,0,0,400,400,400,100.000000,12800,25408,50.377834,10,10,10,10,416,1216,0,16,400,25408,75008,0,0,0,0,416,1200,0,0,0,764,5888
248,W3,4,4,0,0,0,0,0,0,0,0,0,400,400,400,0,0,0,0,400,400,400,100.000000,12800,25408,50.377834,10,10,10,10,416,1216,0,16,400,25408,75008,0,0,0,0,416,1200,0,0,0,703,5888
249,W3,4,4,0,0,0,0,0,0,0,0,0,400,400,400,0,0,0,0,400,400,400,100.000000,12800,25408,50.377834,10,10,10,10,416,1216,0,16,400,25408,75008,0,0,0,0,416,1200,0,0,0,736,5888
250,W3,4,4,0,0,0,0,0,0,0,0,0,400,400,400,0,0,0,0,400,400,400,100.000000,12800,25408,50.377834,10,10,10,10,416,1216,0,16,400,25408,75008,0,0,0,0,416,1200,0,0,0,911,5888
251,W3,4,4,0,0,0,0,0,0,0,0,0,400,400,400,0,0,0,0,400,400,400,100.000000,12800,25408,50.377834,10,10,10,10,416,1216,0,16,400,25408,75008,0,0,0,0,416,1200,0,0,0,801,5888
252,W3,4,4,0,0,0,0,0,0,0,0,0,400,400,400,0,0,0,0,400,400,400,100.000000,12800,25408,50.377834,10,10,10,10,416,1216,0,16,400,25408,75008,0,0,0,0,416,1200,0,0,0,763,5888
253,W3,4,4,0,0,0,0,0,0,0,0,0,400,400,400,0,0,0,0,400,400,400,100.000000,12800,25408,50.377834,10,10,10,10,416,1216,0,16,400,25408,75008,0,0,0,0,416,1200,0,0,0,791,5888
254,W3,4,4,0,0,0,0,0,0,0,0,0,400,400,400,0,0,0,0,400,400,400,100.000000,12800,25408,50.377834,10,10,10,10,416,1216,0,16,400,25408,75008,0,0,0,0,416,1200,0,0,0,732,5888
255,W3,4,4,0,0,0,0,0,0,0,0,0,400,400,400,0,0,0,0,400,400,400,100.000000,12800,25408,50.377834,10,10,10,10,416,1216,0,16,400,25408,75008,0,0,0,0,416,1200,0,0,0,721,5888
256,W3,4,4,0,0,0,0,0,0,0,0,0,400,400,400,0,0,0,0,400,400,400,100.000000,12800,25408,50.377834,10,10,10,10,416,1216,0,16,400,25408,75008,0,0,0,0,416,1200,0,0,0,796,5888
257,W3,4,4,0,0,0,0,0,0,0,0,0,400,400,400,0,0,0,0,400,400,400,100.000000,12800,25408,50.377834,10,10,10,10,416,1216,0,16,400,25408,75008,0,0,0,0,416,1200,0,0,0,720,5888
258,W3,4,4,0,0,0,0,0,0,0,0,0,400,400,400,0,0,0,0,400,400,400,100.000000,12800,25408,50.377834,10,10,10,10,416,1216,0,16,400,25408,75008,0,0,0,0,416,1200,0,0,0,731,5888
259,W3,4,4,0,0,0,0,0,0,0,0,0,400,400,400,0,0,0,0,400,400,400,100.000000,12800,25408,50.377834,10,10,10,10,416,1216,0,16,400,25408,75008,0,0,0,0,416,1200,0,0,0,759,5888
260,W3,4,4,0,0,0,0,0,0,0,0,0,400,400,400,0,0,0,0,400,400,400,100.000000,12800,25408,50.377834,10,10,10,10,416,1216,0,16,400,25408,75008,0,0,0,0,416,1200,0,0,0,738,5888
261,W3,4,4,0,0,0,0,0,0,0,0,0,400,400,400,0,0,0,0,400,400,400,100.000000,12800,25408,50.377834,10,10,10,10,416,1216,0,16,400,25408,75008,0,0,0,0,416,1200,0,0,0,743,5888
262,W3,4,4,0,0,0,0,0,0,0,0,0,400,400,400,0,0,0,0,400,400,400,100.000000,12800,25408,50.377834,10,10,10,10,416,1216,0,16,400,25408,75008,0,0,0,0,416,1200,0,0,0,734,5888
263,W3,4,4,0,0,0,0,0,0,0,0,0,400,400,400,0,0,0,0,400,400,400,100.000000,12800,25408,50.377834,10,10,10,10,416,1216,0,16,400,25408,75008,0,0,0,0,416,1200,0,0,0,777,5888
264,W3,4,4,0,0,0,0,0,0,0,0,0,400,400,400,0,0,0,0,400,400,400,100.000000,12800,25408,50.377834,10,10,10,10,416,1216,0,16,400,25408,75008,0,0,0,0,416,1200,0,0,0,735,5888
265,W3,4,4,0,0,0,0,0,0,0,0,0,400,400,400,0,0,0,0,400,400,400,100.000000,12800,25408,50.377834,10,10,10,10,416,1216,0,16,400,25408,75008,0,0,0,0,416,1200,0,0,0,747,5888
266,W3,4,4,0,0,0,0,0,0,0,0,0,400,400,400,0,0,0,0,400,400,400,100.000000,12800,25408,50.377834,10,10,10,10,416,1216,0,16,400,25408,75008,0,0,0,0,416,1200,0,0,0,735,5888
267,W3,4,4,0,0,0,0,0,0,0,0,0,400,400,400,0,0,0,0,400,400,400,100.000000,12800,25408,50.377834,10,10,10,10,416,1216,0,16,400,25408,75008,0,0,0,0,416,1200,0,0,0,725,5888
268,W3,4,4,0,0,0,0,0,0,0,0,0,400,400,400,0,0,0,0,400,400,400,100.000000,12800,25408,50.377834,10,10,10,10,416,1216,0,16,400,25408,75008,0,0,0,0,416,1200,0,0,0,731,5888
269,W3,4,4,0,0,0,0,0,0,0,0,0,400,400,400,0,0,0,0,400,400,400,100.000000,12800,25408,50.377834,10,10,10,10,416,1216,0,16,400,25408,75008,0,0,0,0,416,1200,0,0,0,752,5888
270,W3,4,4,0,0,0,0,0,0,0,0,0,400,400,400,0,0,0,0,400,400,400,100.000000,12800,25408,50.377834,10,10,10,10,416,1216,0,16,400,25408,75008,0,0,0,0,416,1200,0,0,0,702,5888
271,W3,4,4,0,0,0,0,0,0,0,0,0,400,400,400,0,0,0,0,400,400,400,100.000000,12800,25408,50.377834,10,10,10,10,416,1216,0,16,400,25408,75008,0,0,0,0,416,1200,0,0,0,716,5888
272,W3,4,4,0,0,0,0,0,0,0,0,0,400,400,400,0,0,0,0,400,400,400,100.000000,12800,25408,50.377834,10,10,10,10,416,1216,0,16,400,25408,75008,0,0,0,0,416,1200,0,0,0,728,5888
273,W3,4,4,0,0,0,0,0,0,0,0,0,400,400,400,0,0,0,0,400,400,400,100.000000,12800,25408,50.377834,10,10,10,10,416,1216,0,16,400,25408,75008,0,0,0,0,416,1200,0,0,0,785,5888
274,W3,4,4,0,0,0,0,0,0,0,0,0,400,400,400,0,0,0,0,400,400,400,100.000000,12800,25408,50.377834,10,10,10,10,416,1216,0,16,400,25408,75008,0,0,0,0,416,1200,0,0,0,743,5888
275,W3,4,4,0,0,0,0,0,0,0,0,0,400,400,400,0,0,0,0,400,400,400,100.000000,12800,25408,50.377834,10,10,10,10,416,1216,0,16,400,25408,75008,0,0,0,0,416,1200,0,0,0,776,5888
276,W3,4,4,0,0,0,0,0,0,0,0,0,400,400,400,0,0,0,0,400,400,400,100.000000,12800,25408,50.377834,10,10,10,10,416,1216,0,16,400,25408,75008,0,0,0,0,416,1200,0,0,0,709,5888
277,W3,4,4,0,0,0,0,0,0,0,0,0,400,400,400,0,0,0,0,400,400,400,100.000000,12800,25408,50.377834,10,10,10,10,416,1216,0,16,400,25408,75008,0,0,0,0,416,1200,0,0,0,703,5888
278,W3,4,4,0,0,0,0,0,0,0,0,0,400,400,400,0,0,0,0,400,400,400,100.000000,12800,25408,50.377834,10,10,10,10,416,1216,0,16,400,25408,75008,0,0,0,0,416,1200,0,0,0,713,5888
279,W3,4,4,0,0,0,0,0,0,0,0,0,400,400,400,0,0,0,0,400,400,400,100.000000,12800,25408,50.377834,10,10,10,10,416,1216,0,16,400,25408,75008,0,0,0,0,416,1200,0,0,0,712,5888
280,W3,4,4,0,0,0,0,0,0,0,0,0,400,400,400,0,0,0,0,400,400,400,100.000000,12800,25408,50.377834,10,10,10,10,416,1216,0,16,400,25408,75008,0,0,0,0,416,1200,0,0,0,709,5888
281,W3,4,4,0,0,0,0,0,0,0,0,0,400,400,400,0,0,0,0,400,400,400,100.000000,12800,25408,50.377834,10,10,10,10,416,1216,0,16,400,25408,75008,0,0,0,0,416,1200,0,0,0,726,5888
282,W3,4,4,0,0,0,0,0,0,0,0,0,400,400,400,0,0,0,0,400,400,400,100.000000,12800,25408,50.377834,10,10,10,10,416,1216,0,16,400,25408,75008,0,0,0,0,416,1200,0,0,0,731,5888
283,W3,4,4,0,0,0,0,0,0,0,0,0,400,400,400,0,0,0,0,400,400,400,100.000000,12800,25408,50.377834,10,10,10,10,416,1216,0,16,400,25408,75008,0,0,0,0,416,1200,0,0,0,752,5888
284,W3,4,4,0,0,0,0,0,0,0,0,0,400,400,400,0,0,0,0,400,400,400,100.000000,12800,25408,50.377834,10,10,10,10,416,1216,0,16,400,25408,75008,0,0,0,0,416,1200,0,0,0,736,5888
285,W3,4,4,0,0,0,0,0,0,0,0,0,400,400,400,0,0,0,0,400,400,400,100.000000,12800,25408,50.377834,10,10,10,10,416,1216,0,16,400,25408,75008,0,0,0,0,416,1200,0,0,0,712,5888
286,W3,4,4,0,0,0,0,0,0,0,0,0,400,400,400,0,0,0,0,400,400,400,100.000000,12800,25408,50.377834,10,10,10,10,416,1216,0,16,400,25408,75008,0,0,0,0,416,1200,0,0,0,753,5888
287,W3,4,4,0,0,0,0,0,0,0,0,0,400,400,400,0,0,0,0,400,400,400,100.000000,12800,25408,50.377834,10,10,10,10,416,1216,0,16,400,25408,75008,0,0,0,0,416,1200,0,0,0,724,5888
288,W3,4,4,0,0,0,0,0,0,0,0,0,400,400,400,0,0,0,0,400,400,400,100.000000,12800,25408,50.377834,10,10,10,10,416,1216,0,16,400,25408,75008,0,0,0,0,416,1200,0,0,0,725,5888
289,W3,4,4,0,0,0,0,0,0,0,0,0,400,400,400,0,0,0,0,400,400,400,100.000000,12800,25408,50.377834,10,10,10,10,416,1216,0,16,400,25408,75008,0,0,0,0,416,1200,0,0,0,777,5888
290,W3,4,4,0,0,0,0,0,0,0,0,0,400,400,400,0,0,0,0,400,400,400,100.000000,12800,25408,50.377834,10,10,10,10,416,1216,0,16,400,25408,75008,0,0,0,0,416,1200,0,0,0,721,5888
291,W3,4,4,0,0,0,0,0,0,0,0,0,400,400,400,0,0,0,0,400,400,400,100.000000,12800,25408,50.377834,10,10,10,10,416,1216,0,16,400,25408,75008,0,0,0,0,416,1200,0,0,0,710,5888
292,W3,4,4,0,0,0,0,0,0,0,0,0,400,400,400,0,0,0,0,400,400,400,100.000000,12800,25408,50.377834,10,10,10,10,416,1216,0,16,400,25408,75008,0,0,0,0,416,1200,0,0,0,720,5888
293,W3,4,4,0,0,0,0,0,0,0,0,0,400,400,400,0,0,0,0,400,400,400,100.000000,12800,25408,50.377834,10,10,10,10,416,1216,0,16,400,25408,75008,0,0,0,0,416,1200,0,0,0,760,5888
294,W3,4,4,0,0,0,0,0,0,0,0,0,400,400,400,0,0,0,0,400,400,400,100.000000,12800,25408,50.377834,10,10,10,10,416,1216,0,16,400,25408,75008,0,0,0,0,416,1200,0,0,0,743,5888
295,W3,4,4,0,0,0,0,0,0,0,0,0,400,400,400,0,0,0,0,400,400,400,100.000000,12800,25408,50.377834,10,10,10,10,416,1216,0,16,400,25408,75008,0,0,0,0,416,1200,0,0,0,745,5888
296,W3,4,4,0,0,0,0,0,0,0,0,0,400,400,400,0,0,0,0,400,400,400,100.000000,12800,25408,50.377834,10,10,10,10,416,1216,0,16,400,25408,75008,0,0,0,0,416,1200,0,0,0,736,5888
297,W3,4,4,0,0,0,0,0,0,0,0,0,400,400,400,0,0,0,0,400,400,400,100.000000,12800,25408,50.377834,10,10,10,10,416,1216,0,16,400,25408,75008,0,0,0,0,416,1200,0,0,0,723,5888
298,W3,4,4,0,0,0,0,0,0,0,0,0,400,400,400,0,0,0,0,400,400,400,100.000000,12800,25408,50.377834,10,10,10,10,416,1216,0,16,400,25408,75008,0,0,0,0,416,1200,0,0,0,723,5888
299,W3,4,4,0,0,0,0,0,0,0,0,0,400,400,400,0,0,0,0,400,400,400,100.000000,12800,25408,50.377834,10,10,10,10,416,1216,0,16,400,25408,75008,0,0,0,0,416,1200,0,0,0,714,5888
300,W3,4,4,0,0,0,0,0,0,0,0,0,400,400,400,0,0,0,0,400,400,400,100.000000,12800,25408,50.377834,10,10,10,10,416,1216,0,16,400,25408,75008,0,0,0,0,416,1200,0,0,0,722,5888
301,W3,4,4,0,0,0,0,0,0,0,0,0,400,400,400,0,0,0,0,400,400,400,100.000000,12800,25408,50.377834,10,10,10,10,416,1216,0,16,400,25408,75008,0,0,0,0,416,1200,0,0,0,724,5888
302,W3,4,4,0,0,0,0,0,0,0,0,0,400,400,400,0,0,0,0,400,400,400,100.000000,12800,25408,50.377834,10,10,10,10,416,1216,0,16,400,25408,75008,0,0,0,0,416,1200,0,0,0,703,5888
303,W3,4,4,0,0,0,0,0,0,0,0,0,400,400,400,0,0,0,0,400,400,400,100.000000,12800,25408,50.377834,10,10,10,10,416,1216,0,16,400,25408,75008,0,0,0,0,416,1200,0,0,0,733,5888
304,W3,4,4,0,0,0,0,0,0,0,0,0,400,400,400,0,0,0,0,400,400,400,100.000000,12800,25408,50.377834,10,10,10,10,416,1216,0,16,400,25408,75008,0,0,0,0,416,1200,0,0,0,717,5888
305,W3,4,4,0,0,0,0,0,0,0,0,0,400,400,400,0,0,0,0,400,400,400,100.000000,12800,25408,50.377834,10,10,10,10,416,1216,0,16,400,25408,75008,0,0,0,0,416,1200,0,0,0,754,5888
306,W3,4,4,0,0,0,0,0,0,0,0,0,400,400,400,0,0,0,0,400,400,400,100.000000,12800,25408,50.377834,10,10,10,10,416,1216,0,16,400,25408,75008,0,0,0,0,416,1200,0,0,0,752,5888
307,W3,4,4,0,0,0,0,0,0,0,0,0,400,400,400,0,0,0,0,400,400,400,100.000000,12800,25408,50.377834,10,10,10,10,416,1216,0,16,400,25408,75008,0,0,0,0,416,1200,0,0,0,714,5888
308,W3,4,4,0,0,0,0,0,0,0,0,0,400,400,400,0,0,0,0,400,400,400,100.000000,12800,25408,50.377834,10,10,10,10,416,1216,0,16,400,25408,75008,0,0,0,0,416,1200,0,0,0,787,5888
309,W3,4,4,0,0,0,0,0,0,0,0,0,400,400,400,0,0,0,0,400,400,400,100.000000,12800,25408,50.377834,10,10,10,10,416,1216,0,16,400,25408,75008,0,0,0,0,416,1200,0,0,0,757,5888
310,W3,4,4,0,0,0,0,0,0,0,0,0,400,400,400,0,0,0,0,400,400,400,100.000000,12800,25408,50.377834,10,10,10,10,416,1216,0,16,400,25408,75008,0,0,0,0,416,1200,0,0,0,724,5888
311,W3,4,4,0,0,0,0,0,0,0,0,0,400,400,400,0,0,0,0,400,400,400,100.000000,12800,25408,50.377834,10,10,10,10,416,1216,0,16,400,25408,75008,0,0,0,0,416,1200,0,0,0,836,5888
312,W3,4,4,0,0,0,0,0,0,0,0,0,400,400,400,0,0,0,0,400,400,400,100.000000,12800,25408,50.377834,10,10,10,10,416,1216,0,16,400,25408,75008,0,0,0,0,416,1200,0,0,0,734,5888
313,W3,4,4,0,0,0,0,0,0,0,0,0,400,400,400,0,0,0,0,400,400,400,100.000000,12800,25408,50.377834,10,10,10,10,416,1216,0,16,400,25408,75008,0,0,0,0,416,1200,0,0,0,723,5888
314,W3,4,4,0,0,0,0,0,0,0,0,0,400,400,400,0,0,0,0,400,400,400,100.000000,12800,25408,50.377834,10,10,10,10,416,1216,0,16,400,25408,75008,0,0,0,0,416,1200,0,0,0,761,5888
315,W3,4,4,0,0,0,0,0,0,0,0,0,400,400,400,0,0,0,0,400,400,400,100.000000,12800,25408,50.377834,10,10,10,10,416,1216,0,16,400,25408,75008,0,0,0,0,416,1200,0,0,0,719,5888
316,W3,4,4,0,0,0,0,0,0,0,0,0,400,400,400,0,0,0,0,400,400,400,100.000000,12800,25408,50.377834,10,10,10,10,416,1216,0,16,400,25408,75008,0,0,0,0,416,1200,0,0,0,774,5888
317,W3,4,4,0,0,0,0,0,0,0,0,0,400,400,400,0,0,0,0,400,400,400,100.000000,12800,25408,50.377834,10,10,10,10,416,1216,0,16,400,25408,75008,0,0,0,0,416,1200,0,0,0,729,5888
318,W3,4,4,0,0,0,0,0,0,0,0,0,400,400,400,0,0,0,0,400,400,400,100.000000,12800,25408,50.377834,10,10,10,10,416,1216,0,16,400,25408,75008,0,0,0,0,416,1200,0,0,0,709,5888
319,W3,4,4,0,0,0,0,0,0,0,0,0,400,400,400,0,0,0,0,400,400,400,100.000000,12800,25408,50.377834,10,10,10,10,416,1216,0,16,400,25408,75008,0,0,0,0,416,1200,0,0,0,724,5888
320,W3,4,4,0,0,0,0,0,0,0,0,0,400,400,400,0,0,0,0,400,400,400,100.000000,12800,25408,50.377834,10,10,10,10,416,1216,0,16,400,25408,75008,0,0,0,0,416,1200,0,0,0,746,5888
321,W3,4,4,0,0,0,0,0,0,0,0,0,400,400,400,0,0,0,0,400,400,400,100.000000,12800,25408,50.377834,10,10,10,10,416,1216,0,16,400,25408,75008,0,0,0,0,416,1200,0,0,0,739,5888
322,W3,4,4,0,0,0,0,0,0,0,0,0,400,400,400,0,0,0,0,400,400,400,100.000000,12800,25408,50.377834,10,10,10,10,416,1216,0,16,400,25408,75008,0,0,0,0,416,1200,0,0,0,711,5888
323,W3,4,4,0,0,0,0,0,0,0,0,0,400,400,400,0,0,0,0,400,400,400,100.000000,12800,25408,50.377834,10,10,10,10,416,1216,0,16,400,25408,75008,0,0,0,0,416,1200,0,0,0,717,5888
324,W3,4,4,0,0,0,0,0,0,0,0,0,400,400,400,0,0,0,0,400,400,400,100.000000,12800,25408,50.377834,10,10,10,10,416,1216,0,16,400,25408,75008,0,0,0,0,416,1200,0,0,0,724,5888
325,W3,4,4,0,0,0,0,0,0,0,0,0,400,400,400,0,0,0,0,400,400,400,100.000000,12800,25408,50.377834,10,10,10,10,416,1216,0,16,400,25408,75008,0,0,0,0,416,1200,0,0,0,743,5888
326,W3,4,4,0,0,0,0,0,0,0,0,0,400,400,400,0,0,0,0,400,400,400,100.000000,12800,25408,50.377834,10,10,10,10,416,1216,0,16,400,25408,75008,0,0,0,0,416,1200,0,0,0,712,5888
327,W3,4,4,0,0,0,0,0,0,0,0,0,400,400,400,0,0,0,0,400,400,400,100.000000,12800,25408,50.377834,10,10,10,10,416,1216,0,16,400,25408,75008,0,0,0,0,416,1200,0,0,0,780,5888
328,W3,4,4,0,0,0,0,0,0,0,0,0,400,400,400,0,0,0,0,400,400,400,100.000000,12800,25408,50.377834,10,10,10,10,416,1216,0,16,400,25408,75008,0,0,0,0,416,1200,0,0,0,700,5888
329,W3,4,4,0,0,0,0,0,0,0,0,0,400,400,400,0,0,0,0,400,400,400,100.000000,12800,25408,50.377834,10,10,10,10,416,1216,0,16,400,25408,75008,0,0,0,0,416,1200,0,0,0,705,5888
330,W3,4,4,0,0,0,0,0,0,0,0,0,400,400,400,0,0,0,0,400,400,400,100.000000,12800,25408,50.377834,10,10,10,10,416,1216,0,16,400,25408,75008,0,0,0,0,416,1200,0,0,0,725,5888
331,W3,4,4,0,0,0,0,0,0,0,0,0,400,400,400,0,0,0,0,400,400,400,100.000000,12800,25408,50.377834,10,10,10,10,416,1216,0,16,400,25408,75008,0,0,0,0,416,1200,0,0,0,720,5888
332,W3,4,4,0,0,0,0,0,0,0,0,0,400,400,400,0,0,0,0,400,400,400,100.000000,12800,25408,50.377834,10,10,10,10,416,1216,0,16,400,25408,75008,0,0,0,0,416,1200,0,0,0,732,5888
333,W3,4,4,0,0,0,0,0,0,0,0,0,400,400,400,0,0,0,0,400,400,400,100.000000,12800,25408,50.377834,10,10,10,10,416,1216,0,16,400,25408,75008,0,0,0,0,416,1200,0,0,0,729,5888
334,W3,4,4,0,0,0,0,0,0,0,0,0,400,400,400,0,0,0,0,400,400,400,100.000000,12800,25408,50.377834,10,10,10,10,416,1216,0,16,400,25408,75008,0,0,0,0,416,1200,0,0,0,718,5888
335,W3,4,4,0,0,0,0,0,0,0,0,0,400,400,400,0,0,0,0,400,400,400,100.000000,12800,25408,50.377834,10,10,10,10,416,1216,0,16,400,25408,75008,0,0,0,0,416,1200,0,0,0,742,5888
336,W3,4,4,0,0,0,0,0,0,0,0,0,400,400,400,0,0,0,0,400,400,400,100.000000,12800,25408,50.377834,10,10,10,10,416,1216,0,16,400,25408,75008,0,0,0,0,416,1200,0,0,0,746,5888
337,W3,4,4,0,0,0,0,0,0,0,0,0,400,400,400,0,0,0,0,400,400,400,100.000000,12800,25408,50.377834,10,10,10,10,416,1216,0,16,400,25408,75008,0,0,0,0,416,1200,0,0,0,714,5888
338,W3,4,4,0,0,0,0,0,0,0,0,0,400,400,400,0,0,0,0,400,400,400,100.000000,12800,25408,50.377834,10,10,10,10,416,1216,0,16,400,25408,75008,0,0,0,0,416,1200,0,0,0,743,5888
339,W3,4,4,0,0,0,0,0,0,0,0,0,400,400,400,0,0,0,0,400,400,400,100.000000,12800,25408,50.377834,10,10,10,10,416,1216,0,16,400,25408,75008,0,0,0,0,416,1200,0,0,0,698,5888
340,W3,4,4,0,0,0,0,0,0,0,0,0,400,400,400,0,0,0,0,400,400,400,100.000000,12800,25408,50.377834,10,10,10,10,416,1216,0,16,400,25408,75008,0,0,0,0,416,1200,0,0,0,727,5888
341,W3,4,4,0,0,0,0,0,0,0,0,0,400,400,400,0,0,0,0,400,400,400,100.000000,12800,25408,50.377834,10,10,10,10,416,1216,0,16,400,25408,75008,0,0,0,0,416,1200,0,0,0,719,5888
342,W3,4,4,0,0,0,0,0,0,0,0,0,400,400,400,0,0,0,0,400,400,400,100.000000,12800,25408,50.377834,10,10,10,10,416,1216,0,16,400,25408,75008,0,0,0,0,416,1200,0,0,0,735,5888
343,W3,4,4,0,0,0,0,0,0,0,0,0,400,400,400,0,0,0,0,400,400,400,100.000000,12800,25408,50.377834,10,10,10,10,416,1216,0,16,400,25408,75008,0,0,0,0,416,1200,0,0,0,712,5888
344,W3,4,4,0,0,0,0,0,0,0,0,0,400,400,400,0,0,0,0,400,400,400,100.000000,12800,25408,50.377834,10,10,10,10,416,1216,0,16,400,25408,75008,0,0,0,0,416,1200,0,0,0,738,5888
345,W3,4,4,0,0,0,0,0,0,0,0,0,400,400,400,0,0,0,0,400,400,400,100.000000,12800,25408,50.377834,10,10,10,10,416,1216,0,16,400,25408,75008,0,0,0,0,416,1200,0,0,0,717,5888
346,W3,4,4,0,0,0,0,0,0,0,0,0,400,400,400,0,0,0,0,400,400,400,100.000000,12800,25408,50.377834,10,10,10,10,416,1216,0,16,400,25408,75008,0,0,0,0,416,1200,0,0,0,715,5888
347,W3,4,4,0,0,0,0,0,0,0,0,0,400,400,400,0,0,0,0,400,400,400,100.000000,12800,25408,50.377834,10,10,10,10,416,1216,0,16,400,25408,75008,0,0,0,0,416,1200,0,0,0,709,5888
348,W3,4,4,0,0,0,0,0,0,0,0,0,400,400,400,0,0,0,0,400,400,400,100.000000,12800,25408,50.377834,10,10,10,10,416,1216,0,16,400,25408,75008,0,0,0,0,416,1200,0,0,0,761,5888
349,W3,4,4,0,0,0,0,0,0,0,0,0,400,400,400,0,0,0,0,400,400,400,100.000000,12800,25408,50.377834,10,10,10,10,416,1216,0,16,400,25408,75008,0,0,0,0,416,1200,0,0,0,717,5888
350,W3,4,4,0,0,0,0,0,0,0,0,0,400,400,400,0,0,0,0,400,400,400,100.000000,12800,25408,50.377834,10,10,10,10,416,1216,0,16,400,25408,75008,0,0,0,0,416,1200,0,0,0,743,5888
351,W3,4,4,0,0,0,0,0,0,0,0,0,400,400,400,0,0,0,0,400,400,400,100.000000,12800,25408,50.377834,10,10,10,10,416,1216,0,16,400,25408,75008,0,0,0,0,416,1200,0,0,0,756,5888
352,W3,4,4,0,0,0,0,0,0,0,0,0,400,400,400,0,0,0,0,400,400,400,100.000000,12800,25408,50.377834,10,10,10,10,416,1216,0,16,400,25408,75008,0,0,0,0,416,1200,0,0,0,728,5888
353,W3,4,4,0,0,0,0,0,0,0,0,0,400,400,400,0,0,0,0,400,400,400,100.000000,12800,25408,50.377834,10,10,10,10,416,1216,0,16,400,25408,75008,0,0,0,0,416,1200,0,0,0,745,5888
354,W3,4,4,0,0,0,0,0,0,0,0,0,400,400,400,0,0,0,0,400,400,400,100.000000,12800,25408,50.377834,10,10,10,10,416,1216,0,16,400,25408,75008,0,0,0,0,416,1200,0,0,0,702,5888
355,W3,4,4,0,0,0,0,0,0,0,0,0,400,400,400,0,0,0,0,400,400,400,100.000000,12800,25408,50.377834,10,10,10,10,416,1216,0,16,400,25408,75008,0,0,0,0,416,1200,0,0,0,722,5888
356,W3,4,4,0,0,0,0,0,0,0,0,0,400,400,400,0,0,0,0,400,400,400,100.000000,12800,25408,50.377834,10,10,10,10,416,1216,0,16,400,25408,75008,0,0,0,0,416,1200,0,0,0,724,5888
357,W3,4,4,0,0,0,0,0,0,0,0,0,400,400,400,0,0,0,0,400,400,400,100.000000,12800,25408,50.377834,10,10,10,10,416,1216,0,16,400,25408,75008,0,0,0,0,416,1200,0,0,0,713,5888
358,W3,4,4,0,0,0,0,0,0,0,0,0,400,400,400,0,0,0,0,400,400,400,100.000000,12800,25408,50.377834,10,10,10,10,416,1216,0,16,400,25408,75008,0,0,0,0,416,1200,0,0,0,724,5888
359,W3,4,4,0,0,0,0,0,0,0,0,0,400,400,400,0,0,0,0,400,400,400,100.000000,12800,25408,50.377834,10,10,10,10,416,1216,0,16,400,25408,75008,0,0,0,0,416,1200,0,0,0,748,5888
360,W3,4,4,0,0,0,0,0,0,0,0,0,400,400,400,0,0,0,0,400,400,400,100.000000,12800,25408,50.377834,10,10,10,10,416,1216,0,16,400,25408,75008,0,0,0,0,416,1200,0,0,0,719,5888
361,W3,4,4,0,0,0,0,0,0,0,0,0,400,400,400,0,0,0,0,400,400,400,100.000000,12800,25408,50.377834,10,10,10,10,416,1216,0,16,400,25408,75008,0,0,0,0,416,1200,0,0,0,703,5888
362,W3,4,4,0,0,0,0,0,0,0,0,0,400,400,400,0,0,0,0,400,400,400,100.000000,12800,25408,50.377834,10,10,10,10,416,1216,0,16,400,25408,75008,0,0,0,0,416,1200,0,0,0,724,5888
363,W3,4,4,0,0,0,0,0,0,0,0,0,400,400,400,0,0,0,0,400,400,400,100.000000,12800,25408,50.377834,10,10,10,10,416,1216,0,16,400,25408,75008,0,0,0,0,416,1200,0,0,0,774,5888
364,W3,4,4,0,0,0,0,0,0,0,0,0,400,400,400,0,0,0,0,400,400,400,100.000000,12800,25408,50.377834,10,10,10,10,416,1216,0,16,400,25408,75008,0,0,0,0,416,1200,0,0,0,754,5888
365,W3,4,4,0,0,0,0,0,0,0,0,0,400,400,400,0,0,0,0,400,400,400,100.000000,12800,25408,50.377834,10,10,10,10,416,1216,0,16,400,25408,75008,0,0,0,0,416,1200,0,0,0,726,5888
366,W3,4,4,0,0,0,0,0,0,0,0,0,400,400,400,0,0,0,0,400,400,400,100.000000,12800,25408,50.377834,10,10,10,10,416,1216,0,16,400,25408,75008,0,0,0,0,416,1200,0,0,0,730,5888
367,W3,4,4,0,0,0,0,0,0,0,0,0,400,400,400,0,0,0,0,400,400,400,100.000000,12800,25408,50.377834,10,10,10,10,416,1216,0,16,400,25408,75008,0,0,0,0,416,1200,0,0,0,736,5888
368,W3,4,4,0,0,0,0,0,0,0,0,0,400,400,400,0,0,0,0,400,400,400,100.000000,12800,25408,50.377834,10,10,10,10,416,1216,0,16,400,25408,75008,0,0,0,0,416,1200,0,0,0,742,5888
369,W3,4,4,0,0,0,0,0,0,0,0,0,400,400,400,0,0,0,0,400,400,400,100.000000,12800,25408,50.377834,10,10,10,10,416,1216,0,16,400,25408,75008,0,0,0,0,416,1200,0,0,0,726,5888
370,W3,4,4,0,0,0,0,0,0,0,0,0,400,400,400,0,0,0,0,400,400,400,100.000000,12800,25408,50.377834,10,10,10,10,416,1216,0,16,400,25408,75008,0,0,0,0,416,1200,0,0,0,707,5888
371,W3,4,4,0,0,0,0,0,0,0,0,0,400,400,400,0,0,0,0,400,400,400,100.000000,12800,25408,50.377834,10,10,10,10,416,1216,0,16,400,25408,75008,0,0,0,0,416,1200,0,0,0,717,5888
372,W3,4,4,0,0,0,0,0,0,0,0,0,400,400,400,0,0,0,0,400,400,400,100.000000,12800,25408,50.377834,10,10,10,10,416,1216,0,16,400,25408,75008,0,0,0,0,416,1200,0,0,0,716,5888
373,W3,4,4,0,0,0,0,0,0,0,0,0,400,400,400,0,0,0,0,400,400,400,100.000000,12800,25408,50.377834,10,10,10,10,416,1216,0,16,400,25408,75008,0,0,0,0,416,1200,0,0,0,726,5888
374,W3,4,4,0,0,0,0,0,0,0,0,0,400,400,400,0,0,0,0,400,400,400,100.000000,12800,25408,50.377834,10,10,10,10,416,1216,0,16,400,25408,75008,0,0,0,0,416,1200,0,0,0,721,5888
375,W3,4,4,0,0,0,0,0,0,0,0,0,400,400,400,0,0,0,0,400,400,400,100.000000,12800,25408,50.377834,10,10,10,10,416,1216,0,16,400,25408,75008,0,0,0,0,416,1200,0,0,0,729,5888
376,W3,4,4,0,0,0,0,0,0,0,0,0,400,400,400,0,0,0,0,400,400,400,100.000000,12800,25408,50.377834,10,10,10,10,416,1216,0,16,400,25408,75008,0,0,0,0,416,1200,0,0,0,745,5888
377,W3,4,4,0,0,0,0,0,0,0,0,0,400,400,400,0,0,0,0,400,400,400,100.000000,12800,25408,50.377834,10,10,10,10,416,1216,0,16,400,25408,75008,0,0,0,0,416,1200,0,0,0,770,5888
378,W3,4,4,0,0,0,0,0,0,0,0,0,400,400,400,0,0,0,0,400,400,400,100.000000,12800,25408,50.377834,10,10,10,10,416,1216,0,16,400,25408,75008,0,0,0,0,416,1200,0,0,0,729,5888
379,W3,4,4,0,0,0,0,0,0,0,0,0,400,400,400,0,0,0,0,400,400,400,100.000000,12800,25408,50.377834,10,10,10,10,416,1216,0,16,400,25408,75008,0,0,0,0,416,1200,0,0,0,743,5888
380,W3,4,4,0,0,0,0,0,0,0,0,0,400,400,400,0,0,0,0,400,400,400,100.000000,12800,25408,50.377834,10,10,10,10,416,1216,0,16,400,25408,75008,0,0,0,0,416,1200,0,0,0,713,5888
381,W3,4,4,0,0,0,0,0,0,0,0,0,400,400,400,0,0,0,0,400,400,400,100.000000,12800,25408,50.377834,10,10,10,10,416,1216,0,16,400,25408,75008,0,0,0,0,416,1200,0,0,0,745,5888
382,W3,4,4,0,0,0,0,0,0,0,0,0,400,400,400,0,0,0,0,400,400,400,100.000000,12800,25408,50.377834,10,10,10,10,416,1216,0,16,400,25408,75008,0,0,0,0,416,1200,0,0,0,738,5888
383,W3,4,4,0,0,0,0,0,0,0,0,0,400,400,400,0,0,0,0,400,400,400,100.000000,12800,25408,50.377834,10,10,10,10,416,1216,0,16,400,25408,75008,0,0,0,0,416,1200,0,0,0,739,5888
384,W3,4,4,0,0,0,0,0,0,0,0,0,400,400,400,0,0,0,0,400,400,400,100.000000,12800,25408,50.377834,10,10,10,10,416,1216,0,16,400,25408,75008,0,0,0,0,416,1200,0,0,0,731,5888
385,W3,4,4,0,0,0,0,0,0,0,0,0,400,400,400,0,0,0,0,400,400,400,100.000000,12800,25408,50.377834,10,10,10,10,416,1216,0,16,400,25408,75008,0,0,0,0,416,1200,0,0,0,738,5888
386,W3,4,4,0,0,0,0,0,0,0,0,0,400,400,400,0,0,0,0,400,400,400,100.000000,12800,25408,50.377834,10,10,10,10,416,1216,0,16,400,25408,75008,0,0,0,0,416,1200,0,0,0,756,5888
387,W3,4,4,0,0,0,0,0,0,0,0,0,400,400,400,0,0,0,0,400,400,400,100.000000,12800,25408,50.377834,10,10,10,10,416,1216,0,16,400,25408,75008,0,0,0,0,416,1200,0,0,0,705,5888
388,W3,4,4,0,0,0,0,0,0,0,0,0,400,400,400,0,0,0,0,400,400,400,100.000000,12800,25408,50.377834,10,10,10,10,416,1216,0,16,400,25408,75008,0,0,0,0,416,1200,0,0,0,710,5888
389,W3,4,4,0,0,0,0,0,0,0,0,0,400,400,400,0,0,0,0,400,400,400,100.000000,12800,25408,50.377834,10,10,10,10,416,1216,0,16,400,25408,75008,0,0,0,0,416,1200,0,0,0,752,5888
390,W3,4,4,0,0,0,0,0,0,0,0,0,400,400,400,0,0,0,0,400,400,400,100.000000,12800,25408,50.377834,10,10,10,10,416,1216,0,16,400,25408,75008,0,0,0,0,416,1200,0,0,0,751,5888
391,W3,4,4,0,0,0,0,0,0,0,0,0,400,400,400,0,0,0,0,400,400,400,100.000000,12800,25408,50.377834,10,10,10,10,416,1216,0,16,400,25408,75008,0,0,0,0,416,1200,0,0,0,754,5888
392,W3,4,4,0,0,0,0,0,0,0,0,0,400,400,400,0,0,0,0,400,400,400,100.000000,12800,25408,50.377834,10,10,10,10,416,1216,0,16,400,25408,75008,0,0,0,0,416,1200,0,0,0,728,5888
393,W3,4,4,0,0,0,0,0,0,0,0,0,400,400,400,0,0,0,0,400,400,400,100.000000,12800,25408,50.377834,10,10,10,10,416,1216,0,16,400,25408,75008,0,0,0,0,416,1200,0,0,0,719,5888
394,W3,4,4,0,0,0,0,0,0,0,0,0,400,400,400,0,0,0,0,400,400,400,100.000000,12800,25408,50.377834,10,10,10,10,416,1216,0,16,400,25408,75008,0,0,0,0,416,1200,0,0,0,705,5888
395,W3,4,4,0,0,0,0,0,0,0,0,0,400,400,400,0,0,0,0,400,400,400,100.000000,12800,25408,50.377834,10,10,10,10,416,1216,0,16,400,25408,75008,0,0,0,0,416,1200,0,0,0,702,5888
396,W3,4,4,0,0,0,0,0,0,0,0,0,400,400,400,0,0,0,0,400,400,400,100.000000,12800,25408,50.377834,10,10,10,10,416,1216,0,16,400,25408,75008,0,0,0,0,416,1200,0,0,0,737,5888
397,W3,4,4,0,0,0,0,0,0,0,0,0,400,400,400,0,0,0,0,400,400,400,100.000000,12800,25408,50.377834,10,10,10,10,416,1216,0,16,400,25408,75008,0,0,0,0,416,1200,0,0,0,817,5888
398,W3,4,4,0,0,0,0,0,0,0,0,0,400,400,400,0,0,0,0,400,400,400,100.000000,12800,25408,50.377834,10,10,10,10,416,1216,0,16,400,25408,75008,0,0,0,0,416,1200,0,0,0,784,5888
399,W3,4,4,0,0,0,0,0,0,0,0,0,400,400,400,0,0,0,0,400,400,400,100.000000,12800,25408,50.377834,10,10,10,10,416,1216,0,16,400,25408,75008,0,0,0,0,416,1200,0,0,0,741,5888
400,W3,4,4,0,0,0,0,0,0,0,0,0,400,400,400,0,0,0,0,400,400,400,100.000000,12800,25408,50.377834,10,10,10,10,416,1216,0,16,400,25408,75008,0,0,0,0,416,1200,0,0,0,731,5888
401,W3,4,4,0,0,0,0,0,0,0,0,0,400,400,400,0,0,0,0,400,400,400,100.000000,12800,25408,50.377834,10,10,10,10,416,1216,0,16,400,25408,75008,0,0,0,0,416,1200,0,0,0,767,5888
402,W3,4,4,0,0,0,0,0,0,0,0,0,400,400,400,0,0,0,0,400,400,400,100.000000,12800,25408,50.377834,10,10,10,10,416,1216,0,16,400,25408,75008,0,0,0,0,416,1200,0,0,0,748,5888
403,W3,4,4,0,0,0,0,0,0,0,0,0,400,400,400,0,0,0,0,400,400,400,100.000000,12800,25408,50.377834,10,10,10,10,416,1216,0,16,400,25408,75008,0,0,0,0,416,1200,0,0,0,725,5888
404,W3,4,4,0,0,0,0,0,0,0,0,0,400,400,400,0,0,0,0,400,400,400,100.000000,12800,25408,50.377834,10,10,10,10,416,1216,0,16,400,25408,75008,0,0,0,0,416,1200,0,0,0,816,5888
405,W3,4,4,0,0,0,0,0,0,0,0,0,400,400,400,0,0,0,0,400,400,400,100.000000,12800,25408,50.377834,10,10,10,10,416,1216,0,16,400,25408,75008,0,0,0,0,416,1200,0,0,0,730,5888
406,W3,4,4,0,0,0,0,0,0,0,0,0,400,400,400,0,0,0,0,400,400,400,100.000000,12800,25408,50.377834,10,10,10,10,416,1216,0,16,400,25408,75008,0,0,0,0,416,1200,0,0,0,715,5888
407,W3,4,4,0,0,0,0,0,0,0,0,0,400,400,400,0,0,0,0,400,400,400,100.000000,12800,25408,50.377834,10,10,10,10,416,1216,0,16,400,25408,75008,0,0,0,0,416,1200,0,0,0,725,5888
408,W3,4,4,0,0,0,0,0,0,0,0,0,400,400,400,0,0,0,0,400,400,400,100.000000,12800,25408,50.377834,10,10,10,10,416,1216,0,16,400,25408,75008,0,0,0,0,416,1200,0,0,0,741,5888
409,W3,4,4,0,0,0,0,0,0,0,0,0,400,400,400,0,0,0,0,400,400,400,100.000000,12800,25408,50.377834,10,10,10,10,416,1216,0,16,400,25408,75008,0,0,0,0,416,1200,0,0,0,711,5888
410,W3,4,4,0,0,0,0,0,0,0,0,0,400,400,400,0,0,0,0,400,400,400,100.000000,12800,25408,50.377834,10,10,10,10,416,1216,0,16,400,25408,75008,0,0,0,0,416,1200,0,0,0,744,5888
411,W3,4,4,0,0,0,0,0,0,0,0,0,400,400,400,0,0,0,0,400,400,400,100.000000,12800,25408,50.377834,10,10,10,10,416,1216,0,16,400,25408,75008,0,0,0,0,416,1200,0,0,0,719,5888
412,W3,4,4,0,0,0,0,0,0,0,0,0,400,400,400,0,0,0,0,400,400,400,100.000000,12800,25408,50.377834,10,10,10,10,416,1216,0,16,400,25408,75008,0,0,0,0,416,1200,0,0,0,732,5888
413,W3,4,4,0,0,0,0,0,0,0,0,0,400,400,400,0,0,0,0,400,400,400,100.000000,12800,25408,50.377834,10,10,10,10,416,1216,0,16,400,25408,75008,0,0,0,0,416,1200,0,0,0,743,5888
414,W3,4,4,0,0,0,0,0,0,0,0,0,400,400,400,0,0,0,0,400,400,400,100.000000,12800,25408,50.377834,10,10,10,10,416,1216,0,16,400,25408,75008,0,0,0,0,416,1200,0,0,0,706,5888
415,W3,4,4,0,0,0,0,0,0,0,0,0,400,400,400,0,0,0,0,400,400,400,100.000000,12800,25408,50.377834,10,10,10,10,416,1216,0,16,400,25408,75008,0,0,0,0,416,1200,0,0,0,719,5888
416,W3,4,4,0,0,0,0,0,0,0,0,0,400,400,400,0,0,0,0,400,400,400,100.000000,12800,25408,50.377834,10,10,10,10,416,1216,0,16,400,25408,75008,0,0,0,0,416,1200,0,0,0,710,5888
417,W3,4,4,0,0,0,0,0,0,0,0,0,400,400,400,0,0,0,0,400,400,400,100.000000,12800,25408,50.377834,10,10,10,10,416,1216,0,16,400,25408,75008,0,0,0,0,416,1200,0,0,0,740,5888
418,W3,4,4,0,0,0,0,0,0,0,0,0,400,400,400,0,0,0,0,400,400,400,100.000000,12800,25408,50.377834,10,10,10,10,416,1216,0,16,400,25408,75008,0,0,0,0,416,1200,0,0,0,716,5888
419,W3,4,4,0,0,0,0,0,0,0,0,0,400,400,400,0,0,0,0,400,400,400,100.000000,12800,25408,50.377834,10,10,10,10,416,1216,0,16,400,25408,75008,0,0,0,0,416,1200,0,0,0,714,5888
420,W3,4,4,0,0,0,0,0,0,0,0,0,400,400,400,0,0,0,0,400,400,400,100.000000,12800,25408,50.377834,10,10,10,10,416,1216,0,16,400,25408,75008,0,0,0,0,416,1200,0,0,0,731,5888
421,W3,4,4,0,0,0,0,0,0,0,0,0,400,400,400,0,0,0,0,400,400,400,100.000000,12800,25408,50.377834,10,10,10,10,416,1216,0,16,400,25408,75008,0,0,0,0,416,1200,0,0,0,748,5888
422,W3,4,4,0,0,0,0,0,0,0,0,0,400,400,400,0,0,0,0,400,400,400,100.000000,12800,25408,50.377834,10,10,10,10,416,1216,0,16,400,25408,75008,0,0,0,0,416,1200,0,0,0,720,5888
423,W3,4,4,0,0,0,0,0,0,0,0,0,400,400,400,0,0,0,0,400,400,400,100.000000,12800,25408,50.377834,10,10,10,10,416,1216,0,16,400,25408,75008,0,0,0,0,416,1200,0,0,0,761,5888
424,W3,4,4,0,0,0,0,0,0,0,0,0,400,400,400,0,0,0,0,400,400,400,100.000000,12800,25408,50.377834,10,10,10,10,416,1216,0,16,400,25408,75008,0,0,0,0,416,1200,0,0,0,706,5888
425,W3,4,4,0,0,0,0,0,0,0,0,0,400,400,400,0,0,0,0,400,400,400,100.000000,12800,25408,50.377834,10,10,10,10,416,1216,0,16,400,25408,75008,0,0,0,0,416,1200,0,0,0,734,5888
426,W3,4,4,0,0,0,0,0,0,0,0,0,400,400,400,0,0,0,0,400,400,400,100.000000,12800,25408,50.377834,10,10,10,10,416,1216,0,16,400,25408,75008,0,0,0,0,416,1200,0,0,0,717,5888
427,W3,4,4,0,0,0,0,0,0,0,0,0,400,400,400,0,0,0,0,400,400,400,100.000000,12800,25408,50.377834,10,10,10,10,416,1216,0,16,400,25408,75008,0,0,0,0,416,1200,0,0,0,717,5888
428,W3,4,4,0,0,0,0,0,0,0,0,0,400,400,400,0,0,0,0,400,400,400,100.000000,12800,25408,50.377834,10,10,10,10,416,1216,0,16,400,25408,75008,0,0,0,0,416,1200,0,0,0,721,5888
429,W3,4,4,0,0,0,0,0,0,0,0,0,400,400,400,0,0,0,0,400,400,400,100.000000,12800,25408,50.377834,10,10,10,10,416,1216,0,16,400,25408,75008,0,0,0,0,416,1200,0,0,0,718,5888
430,W3,4,4,0,0,0,0,0,0,0,0,0,400,400,400,0,0,0,0,400,400,400,100.000000,12800,25408,50.377834,10,10,10,10,416,1216,0,16,400,25408,75008,0,0,0,0,416,1200,0,0,0,702,5888
431,W3,4,4,0,0,0,0,0,0,0,0,0,400,400,400,0,0,0,0,400,400,400,100.000000,12800,25408,50.377834,10,10,10,10,416,1216,0,16,400,25408,75008,0,0,0,0,416,1200,0,0,0,745,5888
432,W3,4,4,0,0,0,0,0,0,0,0,0,400,400,400,0,0,0,0,400,400,400,100.000000,12800,25408,50.377834,10,10,10,10,416,1216,0,16,400,25408,75008,0,0,0,0,416,1200,0,0,0,719,5888
433,W3,4,4,0,0,0,0,0,0,0,0,0,400,400,400,0,0,0,0,400,400,400,100.000000,12800,25408,50.377834,10,10,10,10,416,1216,0,16,400,25408,75008,0,0,0,0,416,1200,0,0,0,727,5888
434,W3,4,4,0,0,0,0,0,0,0,0,0,400,400,400,0,0,0,0,400,400,400,100.000000,12800,25408,50.377834,10,10,10,10,416,1216,0,16,400,25408,75008,0,0,0,0,416,1200,0,0,0,706,5888
435,W3,4,4,0,0,0,0,0,0,0,0,0,400,400,400,0,0,0,0,400,400,400,100.000000,12800,25408,50.377834,10,10,10,10,416,1216,0,16,400,25408,75008,0,0,0,0,416,1200,0,0,0,711,5888
436,W3,4,4,0,0,0,0,0,0,0,0,0,400,400,400,0,0,0,0,400,400,400,100.000000,12800,25408,50.377834,10,10,10,10,416,1216,0,16,400,25408,75008,0,0,0,0,416,1200,0,0,0,747,5888
437,W3,4,4,0,0,0,0,0,0,0,0,0,400,400,400,0,0,0,0,400,400,400,100.000000,12800,25408,50.377834,10,10,10,10,416,1216,0,16,400,25408,75008,0,0,0,0,416,1200,0,0,0,758,5888
438,W3,4,4,0,0,0,0,0,0,0,0,0,400,400,400,0,0,0,0,400,400,400,100.000000,12800,25408,50.377834,10,10,10,10,416,1216,0,16,400,25408,75008,0,0,0,0,416,1200,0,0,0,709,5888
439,W3,4,4,0,0,0,0,0,0,0,0,0,400,400,400,0,0,0,0,400,400,400,100.000000,12800,25408,50.377834,10,10,10,10,416,1216,0,16,400,25408,75008,0,0,0,0,416,1200,0,0,0,719,5888
440,W3,4,4,0,0,0,0,0,0,0,0,0,400,400,400,0,0,0,0,400,400,400,100.000000,12800,25408,50.377834,10,10,10,10,416,1216,0,16,400,25408,75008,0,0,0,0,416,1200,0,0,0,754,5888
441,W3,4,4,0,0,0,0,0,0,0,0,0,400,400,400,0,0,0,0,400,400,400,100.000000,12800,25408,50.377834,10,10,10,10,416,1216,0,16,400,25408,75008,0,0,0,0,416,1200,0,0,0,785,5888
442,W3,4,4,0,0,0,0,0,0,0,0,0,400,400,400,0,0,0,0,400,400,400,100.000000,12800,25408,50.377834,10,10,10,10,416,1216,0,16,400,25408,75008,0,0,0,0,416,1200,0,0,0,747,5888
443,W3,4,4,0,0,0,0,0,0,0,0,0,400,400,400,0,0,0,0,400,400,400,100.000000,12800,25408,50.377834,10,10,10,10,416,1216,0,16,400,25408,75008,0,0,0,0,416,1200,0,0,0,810,5888
444,W3,4,4,0,0,0,0,0,0,0,0,0,400,400,400,0,0,0,0,400,400,400,100.000000,12800,25408,50.377834,10,10,10,10,416,1216,0,16,400,25408,75008,0,0,0,0,416,1200,0,0,0,739,5888
445,W3,4,4,0,0,0,0,0,0,0,0,0,400,400,400,0,0,0,0,400,400,400,100.000000,12800,25408,50.377834,10,10,10,10,416,1216,0,16,400,25408,75008,0,0,0,0,416,1200,0,0,0,752,5888
446,W3,4,4,0,0,0,0,0,0,0,0,0,400,400,400,0,0,0,0,400,400,400,100.000000,12800,25408,50.377834,10,10,10,10,416,1216,0,16,400,25408,75008,0,0,0,0,416,1200,0,0,0,761,5888
447,W3,4,4,0,0,0,0,0,0,0,0,0,400,400,400,0,0,0,0,400,400,400,100.000000,12800,25408,50.377834,10,10,10,10,416,1216,0,16,400,25408,75008,0,0,0,0,416,1200,0,0,0,733,5888
448,W3,4,4,0,0,0,0,0,0,0,0,0,400,400,400,0,0,0,0,400,400,400,100.000000,12800,25408,50.377834,10,10,10,10,416,1216,0,16,400,25408,75008,0,0,0,0,416,1200,0,0,0,754,5888
449,W3,4,4,0,0,0,0,0,0,0,0,0,400,400,400,0,0,0,0,400,400,400,100.000000,12800,25408,50.377834,10,10,10,10,416,1216,0,16,400,25408,75008,0,0,0,0,416,1200,0,0,0,745,5888
450,W3,4,4,0,0,0,0,0,0,0,0,0,400,400,400,0,0,0,0,400,400,400,100.000000,12800,25408,50.377834,10,10,10,10,416,1216,0,16,400,25408,75008,0,0,0,0,416,1200,0,0,0,724,5888
451,W3,4,4,0,0,0,0,0,0,0,0,0,400,400,400,0,0,0,0,400,400,400,100.000000,12800,25408,50.377834,10,10,10,10,416,1216,0,16,400,25408,75008,0,0,0,0,416,1200,0,0,0,723,5888
452,W3,4,4,0,0,0,0,0,0,0,0,0,400,400,400,0,0,0,0,400,400,400,100.000000,12800,25408,50.377834,10,10,10,10,416,1216,0,16,400,25408,75008,0,0,0,0,416,1200,0,0,0,732,5888
453,W3,4,4,0,0,0,0,0,0,0,0,0,400,400,400,0,0,0,0,400,400,400,100.000000,12800,25408,50.377834,10,10,10,10,416,1216,0,16,400,25408,75008,0,0,0,0,416,1200,0,0,0,746,5888
454,W3,4,4,0,0,0,0,0,0,0,0,0,400,400,400,0,0,0,0,400,400,400,100.000000,12800,25408,50.377834,10,10,10,10,416,1216,0,16,400,25408,75008,0,0,0,0,416,1200,0,0,0,726,5888
455,W3,4,4,0,0,0,0,0,0,0,0,0,400,400,400,0,0,0,0,400,400,400,100.000000,12800,25408,50.377834,10,10,10,10,416,1216,0,16,400,25408,75008,0,0,0,0,416,1200,0,0,0,806,5888
456,W3,4,4,0,0,0,0,0,0,0,0,0,400,400,400,0,0,0,0,400,400,400,100.000000,12800,25408,50.377834,10,10,10,10,416,1216,0,16,400,25408,75008,0,0,0,0,416,1200,0,0,0,727,5888
457,W3,4,4,0,0,0,0,0,0,0,0,0,400,400,400,0,0,0,0,400,400,400,100.000000,12800,25408,50.377834,10,10,10,10,416,1216,0,16,400,25408,75008,0,0,0,0,416,1200,0,0,0,741,5888
458,W3,4,4,0,0,0,0,0,0,0,0,0,400,400,400,0,0,0,0,400,400,400,100.000000,12800,25408,50.377834,10,10,10,10,416,1216,0,16,400,25408,75008,0,0,0,0,416,1200,0,0,0,727,5888
459,W3,4,4,0,0,0,0,0,0,0,0,0,400,400,400,0,0,0,0,400,400,400,100.000000,12800,25408,50.377834,10,10,10,10,416,1216,0,16,400,25408,75008,0,0,0,0,416,1200,0,0,0,782,5888
460,W3,4,4,0,0,0,0,0,0,0,0,0,400,400,400,0,0,0,0,400,400,400,100.000000,12800,25408,50.377834,10,10,10,10,416,1216,0,16,400,25408,75008,0,0,0,0,416,1200,0,0,0,723,5888
461,W3,4,4,0,0,0,0,0,0,0,0,0,400,400,400,0,0,0,0,400,400,400,100.000000,12800,25408,50.377834,10,10,10,10,416,1216,0,16,400,25408,75008,0,0,0,0,416,1200,0,0,0,763,5888
462,W3,4,4,0,0,0,0,0,0,0,0,0,400,400,400,0,0,0,0,400,400,400,100.000000,12800,25408,50.377834,10,10,10,10,416,1216,0,16,400,25408,75008,0,0,0,0,416,1200,0,0,0,717,5888
463,W3,4,4,0,0,0,0,0,0,0,0,0,400,400,400,0,0,0,0,400,400,400,100.000000,12800,25408,50.377834,10,10,10,10,416,1216,0,16,400,25408,75008,0,0,0,0,416,1200,0,0,0,712,5888
464,W3,4,4,0,0,0,0,0,0,0,0,0,400,400,400,0,0,0,0,400,400,400,100.000000,12800,25408,50.377834,10,10,10,10,416,1216,0,16,400,25408,75008,0,0,0,0,416,1200,0,0,0,737,5888
465,W3,4,4,0,0,0,0,0,0,0,0,0,400,400,400,0,0,0,0,400,400,400,100.000000,12800,25408,50.377834,10,10,10,10,416,1216,0,16,400,25408,75008,0,0,0,0,416,1200,0,0,0,709,5888
466,W3,4,4,0,0,0,0,0,0,0,0,0,400,400,400,0,0,0,0,400,400,400,100.000000,12800,25408,50.377834,10,10,10,10,416,1216,0,16,400,25408,75008,0,0,0,0,416,1200,0,0,0,705,5888
467,W3,4,4,0,0,0,0,0,0,0,0,0,400,400,400,0,0,0,0,400,400,400,100.000000,12800,25408,50.377834,10,10,10,10,416,1216,0,16,400,25408,75008,0,0,0,0,416,1200,0,0,0,723,5888
468,W3,4,4,0,0,0,0,0,0,0,0,0,400,400,400,0,0,0,0,400,400,400,100.000000,12800,25408,50.377834,10,10,10,10,416,1216,0,16,400,25408,75008,0,0,0,0,416,1200,0,0,0,732,5888
469,W3,4,4,0,0,0,0,0,0,0,0,0,400,400,400,0,0,0,0,400,400,400,100.000000,12800,25408,50.377834,10,10,10,10,416,1216,0,16,400,25408,75008,0,0,0,0,416,1200,0,0,0,697,5888
470,W3,4,4,0,0,0,0,0,0,0,0,0,400,400,400,0,0,0,0,400,400,400,100.000000,12800,25408,50.377834,10,10,10,10,416,1216,0,16,400,25408,75008,0,0,0,0,416,1200,0,0,0,745,5888
471,W3,4,4,0,0,0,0,0,0,0,0,0,400,400,400,0,0,0,0,400,400,400,100.000000,12800,25408,50.377834,10,10,10,10,416,1216,0,16,400,25408,75008,0,0,0,0,416,1200,0,0,0,729,5888
472,W3,4,4,0,0,0,0,0,0,0,0,0,400,400,400,0,0,0,0,400,400,400,100.000000,12800,25408,50.377834,10,10,10,10,416,1216,0,16,400,25408,75008,0,0,0,0,416,1200,0,0,0,708,5888
473,W3,4,4,0,0,0,0,0,0,0,0,0,400,400,400,0,0,0,0,400,400,400,100.000000,12800,25408,50.377834,10,10,10,10,416,1216,0,16,400,25408,75008,0,0,0,0,416,1200,0,0,0,833,5888
474,W3,4,4,0,0,0,0,0,0,0,0,0,400,400,400,0,0,0,0,400,400,400,100.000000,12800,25408,50.377834,10,10,10,10,416,1216,0,16,400,25408,75008,0,0,0,0,416,1200,0,0,0,709,5888
475,W3,4,4,0,0,0,0,0,0,0,0,0,400,400,400,0,0,0,0,400,400,400,100.000000,12800,25408,50.377834,10,10,10,10,416,1216,0,16,400,25408,75008,0,0,0,0,416,1200,0,0,0,717,5888
476,W3,4,4,0,0,0,0,0,0,0,0,0,400,400,400,0,0,0,0,400,400,400,100.000000,12800,25408,50.377834,10,10,10,10,416,1216,0,16,400,25408,75008,0,0,0,0,416,1200,0,0,0,726,5888
477,W3,4,4,0,0,0,0,0,0,0,0,0,400,400,400,0,0,0,0,400,400,400,100.000000,12800,25408,50.377834,10,10,10,10,416,1216,0,16,400,25408,75008,0,0,0,0,416,1200,0,0,0,706,5888
478,W3,4,4,0,0,0,0,0,0,0,0,0,400,400,400,0,0,0,0,400,400,400,100.000000,12800,25408,50.377834,10,10,10,10,416,1216,0,16,400,25408,75008,0,0,0,0,416,1200,0,0,0,704,5888
479,W3,4,4,0,0,0,0,0,0,0,0,0,400,400,400,0,0,0,0,400,400,400,100.000000,12800,25408,50.377834,10,10,10,10,416,1216,0,16,400,25408,75008,0,0,0,0,416,1200,0,0,0,715,5888
480,W3,4,4,0,0,0,0,0,0,0,0,0,400,400,400,0,0,0,0,400,400,400,100.000000,12800,25408,50.377834,10,10,10,10,416,1216,0,16,400,25408,75008,0,0,0,0,416,1200,0,0,0,704,5888
481,W3,4,4,0,0,0,0,0,0,0,0,0,400,400,400,0,0,0,0,400,400,400,100.000000,12800,25408,50.377834,10,10,10,10,416,1216,0,16,400,25408,75008,0,0,0,0,416,1200,0,0,0,707,5888
482,W3,4,4,0,0,0,0,0,0,0,0,0,400,400,400,0,0,0,0,400,400,400,100.000000,12800,25408,50.377834,10,10,10,10,416,1216,0,16,400,25408,75008,0,0,0,0,416,1200,0,0,0,698,5888
483,W3,4,4,0,0,0,0,0,0,0,0,0,400,400,400,0,0,0,0,400,400,400,100.000000,12800,25408,50.377834,10,10,10,10,416,1216,0,16,400,25408,75008,0,0,0,0,416,1200,0,0,0,700,5888
484,W3,4,4,0,0,0,0,0,0,0,0,0,400,400,400,0,0,0,0,400,400,400,100.000000,12800,25408,50.377834,10,10,10,10,416,1216,0,16,400,25408,75008,0,0,0,0,416,1200,0,0,0,728,5888
485,W3,4,4,0,0,0,0,0,0,0,0,0,400,400,400,0,0,0,0,400,400,400,100.000000,12800,25408,50.377834,10,10,10,10,416,1216,0,16,400,25408,75008,0,0,0,0,416,1200,0,0,0,706,5888
486,W3,4,4,0,0,0,0,0,0,0,0,0,400,400,400,0,0,0,0,400,400,400,100.000000,12800,25408,50.377834,10,10,10,10,416,1216,0,16,400,25408,75008,0,0,0,0,416,1200,0,0,0,754,5888
487,W3,4,4,0,0,0,0,0,0,0,0,0,400,400,400,0,0,0,0,400,400,400,100.000000,12800,25408,50.377834,10,10,10,10,416,1216,0,16,400,25408,75008,0,0,0,0,416,1200,0,0,0,761,5888
488,W3,4,4,0,0,0,0,0,0,0,0,0,400,400,400,0,0,0,0,400,400,400,100.000000,12800,25408,50.377834,10,10,10,10,416,1216,0,16,400,25408,75008,0,0,0,0,416,1200,0,0,0,716,5888
489,W3,4,4,0,0,0,0,0,0,0,0,0,400,400,400,0,0,0,0,400,400,400,100.000000,12800,25408,50.377834,10,10,10,10,416,1216,0,16,400,25408,75008,0,0,0,0,416,1200,0,0,0,724,5888
490,W3,4,4,0,0,0,0,0,0,0,0,0,400,400,400,0,0,0,0,400,400,400,100.000000,12800,25408,50.377834,10,10,10,10,416,1216,0,16,400,25408,75008,0,0,0,0,416,1200,0,0,0,760,5888
491,W3,4,4,0,0,0,0,0,0,0,0,0,400,400,400,0,0,0,0,400,400,400,100.000000,12800,25408,50.377834,10,10,10,10,416,1216,0,16,400,25408,75008,0,0,0,0,416,1200,0,0,0,700,5888
492,W3,4,4,0,0,0,0,0,0,0,0,0,400,400,400,0,0,0,0,400,400,400,100.000000,12800,25408,50.377834,10,10,10,10,416,1216,0,16,400,25408,75008,0,0,0,0,416,1200,0,0,0,727,5888
493,W3,4,4,0,0,0,0,0,0,0,0,0,400,400,400,0,0,0,0,400,400,400,100.000000,12800,25408,50.377834,10,10,10,10,416,1216,0,16,400,25408,75008,0,0,0,0,416,1200,0,0,0,709,5888
494,W3,4,4,0,0,0,0,0,0,0,0,0,400,400,400,0,0,0,0,400,400,400,100.000000,12800,25408,50.377834,10,10,10,10,416,1216,0,16,400,25408,75008,0,0,0,0,416,1200,0,0,0,746,5888
495,W3,4,4,0,0,0,0,0,0,0,0,0,400,400,400,0,0,0,0,400,400,400,100.000000,12800,25408,50.377834,10,10,10,10,416,1216,0,16,400,25408,75008,0,0,0,0,416,1200,0,0,0,775,5888
496,W3,4,4,0,0,0,0,0,0,0,0,0,400,400,400,0,0,0,0,400,400,400,100.000000,12800,25408,50.377834,10,10,10,10,416,1216,0,16,400,25408,75008,0,0,0,0,416,1200,0,0,0,702,5888
497,W3,4,4,0,0,0,0,0,0,0,0,0,400,400,400,0,0,0,0,400,400,400,100.000000,12800,25408,50.377834,10,10,10,10,416,1216,0,16,400,25408,75008,0,0,0,0,416,1200,0,0,0,707,5888
498,W3,4,4,0,0,0,0,0,0,0,0,0,400,400,400,0,0,0,0,400,400,400,100.000000,12800,25408,50.377834,10,10,10,10,416,1216,0,16,400,25408,75008,0,0,0,0,416,1200,0,0,0,701,5888
499,W3,4,4,0,0,0,0,0,0,0,0,0,400,400,400,0,0,0,0,400,400,400,100.000000,12800,25408,50.377834,10,10,10,10,416,1216,0,16,400,25408,75008,0,0,0,0,416,1200,0,0,0,708,5888
500,W3,4,4,0,0,0,0,0,0,0,0,0,400,400,400,0,0,0,0,400,400,400,100.000000,12800,25408,50.377834,10,10,10,10,416,1216,0,16,400,25408,75008,0,0,0,0,416,1200,0,0,0,723,5888
501,W3,4,4,0,0,0,0,0,0,0,0,0,400,400,400,0,0,0,0,400,400,400,100.000000,12800,25408,50.377834,10,10,10,10,416,1216,0,16,400,25408,75008,0,0,0,0,416,1200,0,0,0,717,5888
502,W3,4,4,0,0,0,0,0,0,0,0,0,400,400,400,0,0,0,0,400,400,400,100.000000,12800,25408,50.377834,10,10,10,10,416,1216,0,16,400,25408,75008,0,0,0,0,416,1200,0,0,0,718,5888
503,W3,4,4,0,0,0,0,0,0,0,0,0,400,400,400,0,0,0,0,400,400,400,100.000000,12800,25408,50.377834,10,10,10,10,416,1216,0,16,400,25408,75008,0,0,0,0,416,1200,0,0,0,708,5888
504,W3,4,4,0,0,0,0,0,0,0,0,0,400,400,400,0,0,0,0,400,400,400,100.000000,12800,25408,50.377834,10,10,10,10,416,1216,0,16,400,25408,75008,0,0,0,0,416,1200,0,0,0,783,5888
505,W3,4,4,0,0,0,0,0,0,0,0,0,400,400,400,0,0,0,0,400,400,400,100.000000,12800,25408,50.377834,10,10,10,10,416,1216,0,16,400,25408,75008,0,0,0,0,416,1200,0,0,0,735,5888
506,W3,4,4,0,0,0,0,0,0,0,0,0,400,400,400,0,0,0,0,400,400,400,100.000000,12800,25408,50.377834,10,10,10,10,416,1216,0,16,400,25408,75008,0,0,0,0,416,1200,0,0,0,707,5888
507,W3,4,4,0,0,0,0,0,0,0,0,0,400,400,400,0,0,0,0,400,400,400,100.000000,12800,25408,50.377834,10,10,10,10,416,1216,0,16,400,25408,75008,0,0,0,0,416,1200,0,0,0,722,5888
508,W3,4,4,0,0,0,0,0,0,0,0,0,400,400,400,0,0,0,0,400,400,400,100.000000,12800,25408,50.377834,10,10,10,10,416,1216,0,16,400,25408,75008,0,0,0,0,416,1200,0,0,0,728,5888
509,W3,4,4,0,0,0,0,0,0,0,0,0,400,400,400,0,0,0,0,400,400,400,100.000000,12800,25408,50.377834,10,10,10,10,416,1216,0,16,400,25408,75008,0,0,0,0,416,1200,0,0,0,722,5888
510,W3,4,4,0,0,0,0,0,0,0,0,0,400,400,400,0,0,0,0,400,400,400,100.000000,12800,25408,50.377834,10,10,10,10,416,1216,0,16,400,25408,75008,0,0,0,0,416,1200,0,0,0,751,5888
511,W3,4,4,0,0,0,0,0,0,0,0,0,400,400,400,0,0,0,0,400,400,400,100.000000,12800,25408,50.377834,10,10,10,10,416,1216,0,16,400,25408,75008,0,0,0,0,416,1200,0,0,0,716,5888
512,W3,4,4,0,0,0,0,0,0,0,0,0,400,400,400,0,0,0,0,400,400,400,100.000000,12800,25408,50.377834,10,10,10,10,416,1216,0,16,400,25408,75008,0,0,0,0,416,1200,0,0,0,722,5888
513,W3,4,4,0,0,0,0,0,0,0,0,0,400,400,400,0,0,0,0,400,400,400,100.000000,12800,25408,50.377834,10,10,10,10,416,1216,0,16,400,25408,75008,0,0,0,0,416,1200,0,0,0,740,5888
514,W3,4,4,0,0,0,0,0,0,0,0,0,400,400,400,0,0,0,0,400,400,400,100.000000,12800,25408,50.377834,10,10,10,10,416,1216,0,16,400,25408,75008,0,0,0,0,416,1200,0,0,0,736,5888
515,W3,4,4,0,0,0,0,0,0,0,0,0,400,400,400,0,0,0,0,400,400,400,100.000000,12800,25408,50.377834,10,10,10,10,416,1216,0,16,400,25408,75008,0,0,0,0,416,1200,0,0,0,746,5888
516,W3,4,4,0,0,0,0,0,0,0,0,0,400,400,400,0,0,0,0,400,400,400,100.000000,12800,25408,50.377834,10,10,10,10,416,1216,0,16,400,25408,75008,0,0,0,0,416,1200,0,0,0,706,5888
517,W3,4,4,0,0,0,0,0,0,0,0,0,400,400,400,0,0,0,0,400,400,400,100.000000,12800,25408,50.377834,10,10,10,10,416,1216,0,16,400,25408,75008,0,0,0,0,416,1200,0,0,0,696,5888
518,W3,4,4,0,0,0,0,0,0,0,0,0,400,400,400,0,0,0,0,400,400,400,100.000000,12800,25408,50.377834,10,10,10,10,416,1216,0,16,400,25408,75008,0,0,0,0,416,1200,0,0,0,731,5888
519,W3,4,4,0,0,0,0,0,0,0,0,0,400,400,400,0,0,0,0,400,400,400,100.000000,12800,25408,50.377834,10,10,10,10,416,1216,0,16,400,25408,75008,0,0,0,0,416,1200,0,0,0,704,5888
520,W3,4,4,0,0,0,0,0,0,0,0,0,400,400,400,0,0,0,0,400,400,400,100.000000,12800,25408,50.377834,10,10,10,10,416,1216,0,16,400,25408,75008,0,0,0,0,416,1200,0,0,0,725,5888
521,W3,4,4,0,0,0,0,0,0,0,0,0,400,400,400,0,0,0,0,400,400,400,100.000000,12800,25408,50.377834,10,10,10,10,416,1216,0,16,400,25408,75008,0,0,0,0,416,1200,0,0,0,694,5888
522,W3,4,4,0,0,0,0,0,0,0,0,0,400,400,400,0,0,0,0,400,400,400,100.000000,12800,25408,50.377834,10,10,10,10,416,1216,0,16,400,25408,75008,0,0,0,0,416,1200,0,0,0,731,5888
523,W3,4,4,0,0,0,0,0,0,0,0,0,400,400,400,0,0,0,0,400,400,400,100.000000,12800,25408,50.377834,10,10,10,10,416,1216,0,16,400,25408,75008,0,0,0,0,416,1200,0,0,0,708,5888
524,W3,4,4,0,0,0,0,0,0,0,0,0,400,400,400,0,0,0,0,400,400,400,100.000000,12800,25408,50.377834,10,10,10,10,416,1216,0,16,400,25408,75008,0,0,0,0,416,1200,0,0,0,730,5888
525,W3,4,4,0,0,0,0,0,0,0,0,0,400,400,400,0,0,0,0,400,400,400,100.000000,12800,25408,50.377834,10,10,10,10,416,1216,0,16,400,25408,75008,0,0,0,0,416,1200,0,0,0,693,5888
526,W3,4,4,0,0,0,0,0,0,0,0,0,400,400,400,0,0,0,0,400,400,400,100.000000,12800,25408,50.377834,10,10,10,10,416,1216,0,16,400,25408,75008,0,0,0,0,416,1200,0,0,0,792,5888
527,W3,4,4,0,0,0,0,0,0,0,0,0,400,400,400,0,0,0,0,400,400,400,100.000000,12800,25408,50.377834,10,10,10,10,416,1216,0,16,400,25408,75008,0,0,0,0,416,1200,0,0,0,750,5888
528,W3,4,4,0,0,0,0,0,0,0,0,0,400,400,400,0,0,0,0,400,400,400,100.000000,12800,25408,50.377834,10,10,10,10,416,1216,0,16,400,25408,75008,0,0,0,0,416,1200,0,0,0,778,5888
529,W3,4,4,0,0,0,0,0,0,0,0,0,400,400,400,0,0,0,0,400,400,400,100.000000,12800,25408,50.377834,10,10,10,10,416,1216,0,16,400,25408,75008,0,0,0,0,416,1200,0,0,0,780,5888
530,W3,4,4,0,0,0,0,0,0,0,0,0,400,400,400,0,0,0,0,400,400,400,100.000000,12800,25408,50.377834,10,10,10,10,416,1216,0,16,400,25408,75008,0,0,0,0,416,1200,0,0,0,718,5888
531,W3,4,4,0,0,0,0,0,0,0,0,0,400,400,400,0,0,0,0,400,400,400,100.000000,12800,25408,50.377834,10,10,10,10,416,1216,0,16,400,25408,75008,0,0,0,0,416,1200,0,0,0,733,5888
532,W3,4,4,0,0,0,0,0,0,0,0,0,400,400,400,0,0,0,0,400,400,400,100.000000,12800,25408,50.377834,10,10,10,10,416,1216,0,16,400,25408,75008,0,0,0,0,416,1200,0,0,0,737,5888
533,W3,4,4,0,0,0,0,0,0,0,0,0,400,400,400,0,0,0,0,400,400,400,100.000000,12800,25408,50.377834,10,10,10,10,416,1216,0,16,400,25408,75008,0,0,0,0,416,1200,0,0,0,723,5888
534,W3,4,4,0,0,0,0,0,0,0,0,0,400,400,400,0,0,0,0,400,400,400,100.000000,12800,25408,50.377834,10,10,10,10,416,1216,0,16,400,25408,75008,0,0,0,0,416,1200,0,0,0,680,5888
535,W3,4,4,0,0,0,0,0,0,0,0,0,400,400,400,0,0,0,0,400,400,400,100.000000,12800,25408,50.377834,10,10,10,10,416,1216,0,16,400,25408,75008,0,0,0,0,416,1200,0,0,0,765,5888
536,W3,4,4,0,0,0,0,0,0,0,0,0,400,400,400,0,0,0,0,400,400,400,100.000000,12800,25408,50.377834,10,10,10,10,416,1216,0,16,400,25408,75008,0,0,0,0,416,1200,0,0,0,749,5888
537,W3,4,4,0,0,0,0,0,0,0,0,0,400,400,400,0,0,0,0,400,400,400,100.000000,12800,25408,50.377834,10,10,10,10,416,1216,0,16,400,25408,75008,0,0,0,0,416,1200,0,0,0,699,5888
538,W3,4,4,0,0,0,0,0,0,0,0,0,400,400,400,0,0,0,0,400,400,400,100.000000,12800,25408,50.377834,10,10,10,10,416,1216,0,16,400,25408,75008,0,0,0,0,416,1200,0,0,0,722,5888
539,W3,4,4,0,0,0,0,0,0,0,0,0,400,400,400,0,0,0,0,400,400,400,100.000000,12800,25408,50.377834,10,10,10,10,416,1216,0,16,400,25408,75008,0,0,0,0,416,1200,0,0,0,755,5888
540,W3,4,4,0,0,0,0,0,0,0,0,0,400,400,400,0,0,0,0,400,400,400,100.000000,12800,25408,50.377834,10,10,10,10,416,1216,0,16,400,25408,75008,0,0,0,0,416,1200,0,0,0,734,5888
541,W3,4,4,0,0,0,0,0,0,0,0,0,400,400,400,0,0,0,0,400,400,400,100.000000,12800,25408,50.377834,10,10,10,10,416,1216,0,16,400,25408,75008,0,0,0,0,416,1200,0,0,0,684,5888
542,W3,4,4,0,0,0,0,0,0,0,0,0,400,400,400,0,0,0,0,400,400,400,100.000000,12800,25408,50.377834,10,10,10,10,416,1216,0,16,400,25408,75008,0,0,0,0,416,1200,0,0,0,679,5888
543,W3,4,4,0,0,0,0,0,0,0,0,0,400,400,400,0,0,0,0,400,400,400,100.000000,12800,25408,50.377834,10,10,10,10,416,1216,0,16,400,25408,75008,0,0,0,0,416,1200,0,0,0,707,5888
544,W3,4,4,0,0,0,0,0,0,0,0,0,400,400,400,0,0,0,0,400,400,400,100.000000,12800,25408,50.377834,10,10,10,10,416,1216,0,16,400,25408,75008,0,0,0,0,416,1200,0,0,0,691,5888
545,W3,4,4,0,0,0,0,0,0,0,0,0,400,400,400,0,0,0,0,400,400,400,100.000000,12800,25408,50.377834,10,10,10,10,416,1216,0,16,400,25408,75008,0,0,0,0,416,1200,0,0,0,739,5888
546,W3,4,4,0,0,0,0,0,0,0,0,0,400,400,400,0,0,0,0,400,400,400,100.000000,12800,25408,50.377834,10,10,10,10,416,1216,0,16,400,25408,75008,0,0,0,0,416,1200,0,0,0,718,5888
547,W3,4,4,0,0,0,0,0,0,0,0,0,400,400,400,0,0,0,0,400,400,400,100.000000,12800,25408,50.377834,10,10,10,10,416,1216,0,16,400,25408,75008,0,0,0,0,416,1200,0,0,0,729,5888
548,W3,4,4,0,0,0,0,0,0,0,0,0,400,400,400,0,0,0,0,400,400,400,100.000000,12800,25408,50.377834,10,10,10,10,416,1216,0,16,400,25408,75008,0,0,0,0,416,1200,0,0,0,695,5888
549,W3,4,4,0,0,0,0,0,0,0,0,0,400,400,400,0,0,0,0,400,400,400,100.000000,12800,25408,50.377834,10,10,10,10,416,1216,0,16,400,25408,75008,0,0,0,0,416,1200,0,0,0,703,5888
550,W3,4,4,0,0,0,0,0,0,0,0,0,400,400,400,0,0,0,0,400,400,400,100.000000,12800,25408,50.377834,10,10,10,10,416,1216,0,16,400,25408,75008,0,0,0,0,416,1200,0,0,0,733,5888
551,W3,4,4,0,0,0,0,0,0,0,0,0,400,400,400,0,0,0,0,400,400,400,100.000000,12800,25408,50.377834,10,10,10,10,416,1216,0,16,400,25408,75008,0,0,0,0,416,1200,0,0,0,713,5888
552,W3,4,4,0,0,0,0,0,0,0,0,0,400,400,400,0,0,0,0,400,400,400,100.000000,12800,25408,50.377834,10,10,10,10,416,1216,0,16,400,25408,75008,0,0,0,0,416,1200,0,0,0,720,5888
553,W3,4,4,0,0,0,0,0,0,0,0,0,400,400,400,0,0,0,0,400,400,400,100.000000,12800,25408,50.377834,10,10,10,10,416,1216,0,16,400,25408,75008,0,0,0,0,416,1200,0,0,0,729,5888
554,W3,4,4,0,0,0,0,0,0,0,0,0,400,400,400,0,0,0,0,400,400,400,100.000000,12800,25408,50.377834,10,10,10,10,416,1216,0,16,400,25408,75008,0,0,0,0,416,1200,0,0,0,723,5888
555,W3,4,4,0,0,0,0,0,0,0,0,0,400,400,400,0,0,0,0,400,400,400,100.000000,12800,25408,50.377834,10,10,10,10,416,1216,0,16,400,25408,75008,0,0,0,0,416,1200,0,0,0,844,5888
556,W3,4,4,0,0,0,0,0,0,0,0,0,400,400,400,0,0,0,0,400,400,400,100.000000,12800,25408,50.377834,10,10,10,10,416,1216,0,16,400,25408,75008,0,0,0,0,416,1200,0,0,0,778,5888
557,W3,4,4,0,0,0,0,0,0,0,0,0,400,400,400,0,0,0,0,400,400,400,100.000000,12800,25408,50.377834,10,10,10,10,416,1216,0,16,400,25408,75008,0,0,0,0,416,1200,0,0,0,728,5888
558,W3,4,4,0,0,0,0,0,0,0,0,0,400,400,400,0,0,0,0,400,400,400,100.000000,12800,25408,50.377834,10,10,10,10,416,1216,0,16,400,25408,75008,0,0,0,0,416,1200,0,0,0,801,5888
559,W3,4,4,0,0,0,0,0,0,0,0,0,400,400,400,0,0,0,0,400,400,400,100.000000,12800,25408,50.377834,10,10,10,10,416,1216,0,16,400,25408,75008,0,0,0,0,416,1200,0,0,0,738,5888
560,W3,4,4,0,0,0,0,0,0,0,0,0,400,400,400,0,0,0,0,400,400,400,100.000000,12800,25408,50.377834,10,10,10,10,416,1216,0,16,400,25408,75008,0,0,0,0,416,1200,0,0,0,742,5888
561,W3,4,4,0,0,0,0,0,0,0,0,0,400,400,400,0,0,0,0,400,400,400,100.000000,12800,25408,50.377834,10,10,10,10,416,1216,0,16,400,25408,75008,0,0,0,0,416,1200,0,0,0,811,5888
562,W3,4,4,0,0,0,0,0,0,0,0,0,400,400,400,0,0,0,0,400,400,400,100.000000,12800,25408,50.377834,10,10,10,10,416,1216,0,16,400,25408,75008,0,0,0,0,416,1200,0,0,0,720,5888
563,W3,4,4,0,0,0,0,0,0,0,0,0,400,400,400,0,0,0,0,400,400,400,100.000000,12800,25408,50.377834,10,10,10,10,416,1216,0,16,400,25408,75008,0,0,0,0,416,1200,0,0,0,729,5888
564,W3,4,4,0,0,0,0,0,0,0,0,0,400,400,400,0,0,0,0,400,400,400,100.000000,12800,25408,50.377834,10,10,10,10,416,1216,0,16,400,25408,75008,0,0,0,0,416,1200,0,0,0,717,5888
565,W3,4,4,0,0,0,0,0,0,0,0,0,400,400,400,0,0,0,0,400,400,400,100.000000,12800,25408,50.377834,10,10,10,10,416,1216,0,16,400,25408,75008,0,0,0,0,416,1200,0,0,0,729,5888
566,W3,4,4,0,0,0,0,0,0,0,0,0,400,400,400,0,0,0,0,400,400,400,100.000000,12800,25408,50.377834,10,10,10,10,416,1216,0,16,400,25408,75008,0,0,0,0,416,1200,0,0,0,694,5888
567,W3,4,4,0,0,0,0,0,0,0,0,0,400,400,400,0,0,0,0,400,400,400,100.000000,12800,25408,50.377834,10,10,10,10,416,1216,0,16,400,25408,75008,0,0,0,0,416,1200,0,0,0,740,5888
568,W3,4,4,0,0,0,0,0,0,0,0,0,400,400,400,0,0,0,0,400,400,400,100.000000,12800,25408,50.377834,10,10,10,10,416,1216,0,16,400,25408,75008,0,0,0,0,416,1200,0,0,0,742,5888
569,W3,4,4,0,0,0,0,0,0,0,0,0,400,400,400,0,0,0,0,400,400,400,100.000000,12800,25408,50.377834,10,10,10,10,416,1216,0,16,400,25408,75008,0,0,0,0,416,1200,0,0,0,701,5888
570,W3,4,4,0,0,0,0,0,0,0,0,0,400,400,400,0,0,0,0,400,400,400,100.000000,12800,25408,50.377834,10,10,10,10,416,1216,0,16,400,25408,75008,0,0,0,0,416,1200,0,0,0,733,5888
571,W3,4,4,0,0,0,0,0,0,0,0,0,400,400,400,0,0,0,0,400,400,400,100.000000,12800,25408,50.377834,10,10,10,10,416,1216,0,16,400,25408,75008,0,0,0,0,416,1200,0,0,0,688,5888
572,W3,4,4,0,0,0,0,0,0,0,0,0,400,400,400,0,0,0,0,400,400,400,100.000000,12800,25408,50.377834,10,10,10,10,416,1216,0,16,400,25408,75008,0,0,0,0,416,1200,0,0,0,738,5888
573,W3,4,4,0,0,0,0,0,0,0,0,0,400,400,400,0,0,0,0,400,400,400,100.000000,12800,25408,50.377834,10,10,10,10,416,1216,0,16,400,25408,75008,0,0,0,0,416,1200,0,0,0,705,5888
574,W3,4,4,0,0,0,0,0,0,0,0,0,400,400,400,0,0,0,0,400,400,400,100.000000,12800,25408,50.377834,10,10,10,10,416,1216,0,16,400,25408,75008,0,0,0,0,416,1200,0,0,0,700,5888
575,W3,4,4,0,0,0,0,0,0,0,0,0,400,400,400,0,0,0,0,400,400,400,100.000000,12800,25408,50.377834,10,10,10,10,416,1216,0,16,400,25408,75008,0,0,0,0,416,1200,0,0,0,735,5888
576,W3,4,4,0,0,0,0,0,0,0,0,0,400,400,400,0,0,0,0,400,400,400,100.000000,12800,25408,50.377834,10,10,10,10,416,1216,0,16,400,25408,75008,0,0,0,0,416,1200,0,0,0,911,5888
577,W3,4,4,0,0,0,0,0,0,0,0,0,400,400,400,0,0,0,0,400,400,400,100.000000,12800,25408,50.377834,10,10,10,10,416,1216,0,16,400,25408,75008,0,0,0,0,416,1200,0,0,0,714,5888
578,W3,4,4,0,0,0,0,0,0,0,0,0,400,400,400,0,0,0,0,400,400,400,100.000000,12800,25408,50.377834,10,10,10,10,416,1216,0,16,400,25408,75008,0,0,0,0,416,1200,0,0,0,736,5888
579,W3,4,4,0,0,0,0,0,0,0,0,0,400,400,400,0,0,0,0,400,400,400,100.000000,12800,25408,50.377834,10,10,10,10,416,1216,0,16,400,25408,75008,0,0,0,0,416,1200,0,0,0,829,5888
580,W3,4,4,0,0,0,0,0,0,0,0,0,400,400,400,0,0,0,0,400,400,400,100.000000,12800,25408,50.377834,10,10,10,10,416,1216,0,16,400,25408,75008,0,0,0,0,416,1200,0,0,0,724,5888
581,W3,4,4,0,0,0,0,0,0,0,0,0,400,400,400,0,0,0,0,400,400,400,100.000000,12800,25408,50.377834,10,10,10,10,416,1216,0,16,400,25408,75008,0,0,0,0,416,1200,0,0,0,726,5888
582,W3,4,4,0,0,0,0,0,0,0,0,0,400,400,400,0,0,0,0,400,400,400,100.000000,12800,25408,50.377834,10,10,10,10,416,1216,0,16,400,25408,75008,0,0,0,0,416,1200,0,0,0,703,5888
583,W3,4,4,0,0,0,0,0,0,0,0,0,400,400,400,0,0,0,0,400,400,400,100.000000,12800,25408,50.377834,10,10,10,10,416,1216,0,16,400,25408,75008,0,0,0,0,416,1200,0,0,0,714,5888
584,W3,4,4,0,0,0,0,0,0,0,0,0,400,400,400,0,0,0,0,400,400,400,100.000000,12800,25408,50.377834,10,10,10,10,416,1216,0,16,400,25408,75008,0,0,0,0,416,1200,0,0,0,733,5888
585,W3,4,4,0,0,0,0,0,0,0,0,0,400,400,400,0,0,0,0,400,400,400,100.000000,12800,25408,50.377834,10,10,10,10,416,1216,0,16,400,25408,75008,0,0,0,0,416,1200,0,0,0,702,5888
586,W3,4,4,0,0,0,0,0,0,0,0,0,400,400,400,0,0,0,0,400,400,400,100.000000,12800,25408,50.377834,10,10,10,10,416,1216,0,16,400,25408,75008,0,0,0,0,416,1200,0,0,0,710,5888
587,W3,4,4,0,0,0,0,0,0,0,0,0,400,400,400,0,0,0,0,400,400,400,100.000000,12800,25408,50.377834,10,10,10,10,416,1216,0,16,400,25408,75008,0,0,0,0,416,1200,0,0,0,723,5888
588,W3,4,4,0,0,0,0,0,0,0,0,0,400,400,400,0,0,0,0,400,400,400,100.000000,12800,25408,50.377834,10,10,10,10,416,1216,0,16,400,25408,75008,0,0,0,0,416,1200,0,0,0,712,5888
589,W3,4,4,0,0,0,0,0,0,0,0,0,400,400,400,0,0,0,0,400,400,400,100.000000,12800,25408,50.377834,10,10,10,10,416,1216,0,16,400,25408,75008,0,0,0,0,416,1200,0,0,0,722,5888
590,W3,4,4,0,0,0,0,0,0,0,0,0,400,400,400,0,0,0,0,400,400,400,100.000000,12800,25408,50.377834,10,10,10,10,416,1216,0,16,400,25408,75008,0,0,0,0,416,1200,0,0,0,706,5888
591,W3,4,4,0,0,0,0,0,0,0,0,0,400,400,400,0,0,0,0,400,400,400,100.000000,12800,25408,50.377834,10,10,10,10,416,1216,0,16,400,25408,75008,0,0,0,0,416,1200,0,0,0,739,5888
592,W3,4,4,0,0,0,0,0,0,0,0,0,400,400,400,0,0,0,0,400,400,400,100.000000,12800,25408,50.377834,10,10,10,10,416,1216,0,16,400,25408,75008,0,0,0,0,416,1200,0,0,0,720,5888
593,W3,4,4,0,0,0,0,0,0,0,0,0,400,400,400,0,0,0,0,400,400,400,100.000000,12800,25408,50.377834,10,10,10,10,416,1216,0,16,400,25408,75008,0,0,0,0,416,1200,0,0,0,709,5888
594,W3,4,4,0,0,0,0,0,0,0,0,0,400,400,400,0,0,0,0,400,400,400,100.000000,12800,25408,50.377834,10,10,10,10,416,1216,0,16,400,25408,75008,0,0,0,0,416,1200,0,0,0,702,5888
595,W3,4,4,0,0,0,0,0,0,0,0,0,400,400,400,0,0,0,0,400,400,400,100.000000,12800,25408,50.377834,10,10,10,10,416,1216,0,16,400,25408,75008,0,0,0,0,416,1200,0,0,0,716,5888
596,W3,4,4,0,0,0,0,0,0,0,0,0,400,400,400,0,0,0,0,400,400,400,100.000000,12800,25408,50.377834,10,10,10,10,416,1216,0,16,400,25408,75008,0,0,0,0,416,1200,0,0,0,703,5888
597,W3,4,4,0,0,0,0,0,0,0,0,0,400,400,400,0,0,0,0,400,400,400,100.000000,12800,25408,50.377834,10,10,10,10,416,1216,0,16,400,25408,75008,0,0,0,0,416,1200,0,0,0,733,5888
598,W3,4,4,0,0,0,0,0,0,0,0,0,400,400,400,0,0,0,0,400,400,400,100.000000,12800,25408,50.377834,10,10,10,10,416,1216,0,16,400,25408,75008,0,0,0,0,416,1200,0,0,0,692,5888
599,W3,4,4,0,0,0,0,0,0,0,0,0,400,400,400,0,0,0,0,400,400,400,100.000000,12800,25408,50.377834,10,10,10,10,416,1216,0,16,400,25408,75008,0,0,0,0,416,1200,0,0,0,754,5888
600,W3,4,4,0,0,0,0,0,0,0,0,0,400,400,400,0,0,0,0,400,400,400,100.000000,12800,25408,50.377834,10,10,10,10,416,1216,0,16,400,25408,75008,0,0,0,0,416,1200,0,0,0,726,5888
601,W3,4,4,0,0,0,0,0,0,0,0,0,400,400,400,0,0,0,0,400,400,400,100.000000,12800,25408,50.377834,10,10,10,10,416,1216,0,16,400,25408,75008,0,0,0,0,416,1200,0,0,0,717,5888
602,W3,4,4,0,0,0,0,0,0,0,0,0,400,400,400,0,0,0,0,400,400,400,100.000000,12800,25408,50.377834,10,10,10,10,416,1216,0,16,400,25408,75008,0,0,0,0,416,1200,0,0,0,720,5888
603,W3,4,4,0,0,0,0,0,0,0,0,0,400,400,400,0,0,0,0,400,400,400,100.000000,12800,25408,50.377834,10,10,10,10,416,1216,0,16,400,25408,75008,0,0,0,0,416,1200,0,0,0,716,5888
604,W3,4,4,0,0,0,0,0,0,0,0,0,400,400,400,0,0,0,0,400,400,400,100.000000,12800,25408,50.377834,10,10,10,10,416,1216,0,16,400,25408,75008,0,0,0,0,416,1200,0,0,0,716,5888
605,W3,4,4,0,0,0,0,0,0,0,0,0,400,400,400,0,0,0,0,400,400,400,100.000000,12800,25408,50.377834,10,10,10,10,416,1216,0,16,400,25408,75008,0,0,0,0,416,1200,0,0,0,708,5888
606,W3,4,4,0,0,0,0,0,0,0,0,0,400,400,400,0,0,0,0,400,400,400,100.000000,12800,25408,50.377834,10,10,10,10,416,1216,0,16,400,25408,75008,0,0,0,0,416,1200,0,0,0,734,5888
607,W3,4,4,0,0,0,0,0,0,0,0,0,400,400,400,0,0,0,0,400,400,400,100.000000,12800,25408,50.377834,10,10,10,10,416,1216,0,16,400,25408,75008,0,0,0,0,416,1200,0,0,0,701,5888
608,W3,4,4,0,0,0,0,0,0,0,0,0,400,400,400,0,0,0,0,400,400,400,100.000000,12800,25408,50.377834,10,10,10,10,416,1216,0,16,400,25408,75008,0,0,0,0,416,1200,0,0,0,754,5888
609,W3,4,4,0,0,0,0,0,0,0,0,0,400,400,400,0,0,0,0,400,400,400,100.000000,12800,25408,50.377834,10,10,10,10,416,1216,0,16,400,25408,75008,0,0,0,0,416,1200,0,0,0,715,5888
610,W3,4,4,0,0,0,0,0,0,0,0,0,400,400,400,0,0,0,0,400,400,400,100.000000,12800,25408,50.377834,10,10,10,10,416,1216,0,16,400,25408,75008,0,0,0,0,416,1200,0,0,0,700,5888
611,W3,4,4,0,0,0,0,0,0,0,0,0,400,400,400,0,0,0,0,400,400,400,100.000000,12800,25408,50.377834,10,10,10,10,416,1216,0,16,400,25408,75008,0,0,0,0,416,1200,0,0,0,714,5888
612,W3,4,4,0,0,0,0,0,0,0,0,0,400,400,400,0,0,0,0,400,400,400,100.000000,12800,25408,50.377834,10,10,10,10,416,1216,0,16,400,25408,75008,0,0,0,0,416,1200,0,0,0,700,5888
613,W3,4,4,0,0,0,0,0,0,0,0,0,400,400,400,0,0,0,0,400,400,400,100.000000,12800,25408,50.377834,10,10,10,10,416,1216,0,16,400,25408,75008,0,0,0,0,416,1200,0,0,0,931,5888
614,W3,4,4,0,0,0,0,0,0,0,0,0,400,400,400,0,0,0,0,400,400,400,100.000000,12800,25408,50.377834,10,10,10,10,416,1216,0,16,400,25408,75008,0,0,0,0,416,1200,0,0,0,697,5888
615,W3,4,4,0,0,0,0,0,0,0,0,0,400,400,400,0,0,0,0,400,400,400,100.000000,12800,25408,50.377834,10,10,10,10,416,1216,0,16,400,25408,75008,0,0,0,0,416,1200,0,0,0,717,5888
616,W3,4,4,0,0,0,0,0,0,0,0,0,400,400,400,0,0,0,0,400,400,400,100.000000,12800,25408,50.377834,10,10,10,10,416,1216,0,16,400,25408,75008,0,0,0,0,416,1200,0,0,0,701,5888
617,W3,4,4,0,0,0,0,0,0,0,0,0,400,400,400,0,0,0,0,400,400,400,100.000000,12800,25408,50.377834,10,10,10,10,416,1216,0,16,400,25408,75008,0,0,0,0,416,1200,0,0,0,741,5888
618,W3,4,4,0,0,0,0,0,0,0,0,0,400,400,400,0,0,0,0,400,400,400,100.000000,12800,25408,50.377834,10,10,10,10,416,1216,0,16,400,25408,75008,0,0,0,0,416,1200,0,0,0,718,5888
619,W3,4,4,0,0,0,0,0,0,0,0,0,400,400,400,0,0,0,0,400,400,400,100.000000,12800,25408,50.377834,10,10,10,10,416,1216,0,16,400,25408,75008,0,0,0,0,416,1200,0,0,0,723,5888
620,W3,4,4,0,0,0,0,0,0,0,0,0,400,400,400,0,0,0,0,400,400,400,100.000000,12800,25408,50.377834,10,10,10,10,416,1216,0,16,400,25408,75008,0,0,0,0,416,1200,0,0,0,727,5888
621,W3,4,4,0,0,0,0,0,0,0,0,0,400,400,400,0,0,0,0,400,400,400,100.000000,12800,25408,50.377834,10,10,10,10,416,1216,0,16,400,25408,75008,0,0,0,0,416,1200,0,0,0,748,5888
622,W3,4,4,0,0,0,0,0,0,0,0,0,400,400,400,0,0,0,0,400,400,400,100.000000,12800,25408,50.377834,10,10,10,10,416,1216,0,16,400,25408,75008,0,0,0,0,416,1200,0,0,0,777,5888
623,W3,4,4,0,0,0,0,0,0,0,0,0,400,400,400,0,0,0,0,400,400,400,100.000000,12800,25408,50.377834,10,10,10,10,416,1216,0,16,400,25408,75008,0,0,0,0,416,1200,0,0,0,739,5888
624,W3,4,4,0,0,0,0,0,0,0,0,0,400,400,400,0,0,0,0,400,400,400,100.000000,12800,25408,50.377834,10,10,10,10,416,1216,0,16,400,25408,75008,0,0,0,0,416,1200,0,0,0,704,5888
625,W3,4,4,0,0,0,0,0,0,0,0,0,400,400,400,0,0,0,0,400,400,400,100.000000,12800,25408,50.377834,10,10,10,10,416,1216,0,16,400,25408,75008,0,0,0,0,416,1200,0,0,0,710,5888
626,W3,4,4,0,0,0,0,0,0,0,0,0,400,400,400,0,0,0,0,400,400,400,100.000000,12800,25408,50.377834,10,10,10,10,416,1216,0,16,400,25408,75008,0,0,0,0,416,1200,0,0,0,763,5888
627,W3,4,4,0,0,0,0,0,0,0,0,0,400,400,400,0,0,0,0,400,400,400,100.000000,12800,25408,50.377834,10,10,10,10,416,1216,0,16,400,25408,75008,0,0,0,0,416,1200,0,0,0,706,5888
628,W3,4,4,0,0,0,0,0,0,0,0,0,400,400,400,0,0,0,0,400,400,400,100.000000,12800,25408,50.377834,10,10,10,10,416,1216,0,16,400,25408,75008,0,0,0,0,416,1200,0,0,0,700,5888
629,W3,4,4,0,0,0,0,0,0,0,0,0,400,400,400,0,0,0,0,400,400,400,100.000000,12800,25408,50.377834,10,10,10,10,416,1216,0,16,400,25408,75008,0,0,0,0,416,1200,0,0,0,763,5888
630,W3,4,4,0,0,0,0,0,0,0,0,0,400,400,400,0,0,0,0,400,400,400,100.000000,12800,25408,50.377834,10,10,10,10,416,1216,0,16,400,25408,75008,0,0,0,0,416,1200,0,0,0,700,5888
631,W3,4,4,0,0,0,0,0,0,0,0,0,400,400,400,0,0,0,0,400,400,400,100.000000,12800,25408,50.377834,10,10,10,10,416,1216,0,16,400,25408,75008,0,0,0,0,416,1200,0,0,0,727,5888
632,W3,4,4,0,0,0,0,0,0,0,0,0,400,400,400,0,0,0,0,400,400,400,100.000000,12800,25408,50.377834,10,10,10,10,416,1216,0,16,400,25408,75008,0,0,0,0,416,1200,0,0,0,741,5888
633,W3,4,4,0,0,0,0,0,0,0,0,0,400,400,400,0,0,0,0,400,400,400,100.000000,12800,25408,50.377834,10,10,10,10,416,1216,0,16,400,25408,75008,0,0,0,0,416,1200,0,0,0,696,5888
634,W3,4,4,0,0,0,0,0,0,0,0,0,400,400,400,0,0,0,0,400,400,400,100.000000,12800,25408,50.377834,10,10,10,10,416,1216,0,16,400,25408,75008,0,0,0,0,416,1200,0,0,0,721,5888
635,W3,4,4,0,0,0,0,0,0,0,0,0,400,400,400,0,0,0,0,400,400,400,100.000000,12800,25408,50.377834,10,10,10,10,416,1216,0,16,400,25408,75008,0,0,0,0,416,1200,0,0,0,706,5888
636,W3,4,4,0,0,0,0,0,0,0,0,0,400,400,400,0,0,0,0,400,400,400,100.000000,12800,25408,50.377834,10,10,10,10,416,1216,0,16,400,25408,75008,0,0,0,0,416,1200,0,0,0,711,5888
637,W3,4,4,0,0,0,0,0,0,0,0,0,400,400,400,0,0,0,0,400,400,400,100.000000,12800,25408,50.377834,10,10,10,10,416,1216,0,16,400,25408,75008,0,0,0,0,416,1200,0,0,0,704,5888
638,W3,4,4,0,0,0,0,0,0,0,0,0,400,400,400,0,0,0,0,400,400,400,100.000000,12800,25408,50.377834,10,10,10,10,416,1216,0,16,400,25408,75008,0,0,0,0,416,1200,0,0,0,740,5888
639,W3,4,4,0,0,0,0,0,0,0,0,0,400,400,400,0,0,0,0,400,400,400,100.000000,12800,25408,50.377834,10,10,10,10,416,1216,0,16,400,25408,75008,0,0,0,0,416,1200,0,0,0,764,5888
640,W3,4,4,0,0,0,0,0,0,0,0,0,400,400,400,0,0,0,0,400,400,400,100.000000,12800,25408,50.377834,10,10,10,10,416,1216,0,16,400,25408,75008,0,0,0,0,416,1200,0,0,0,744,5888
641,W3,4,4,0,0,0,0,0,0,0,0,0,400,400,400,0,0,0,0,400,400,400,100.000000,12800,25408,50.377834,10,10,10,10,416,1216,0,16,400,25408,75008,0,0,0,0,416,1200,0,0,0,728,5888
642,W3,4,4,0,0,0,0,0,0,0,0,0,400,400,400,0,0,0,0,400,400,400,100.000000,12800,25408,50.377834,10,10,10,10,416,1216,0,16,400,25408,75008,0,0,0,0,416,1200,0,0,0,752,5888
643,W3,4,4,0,0,0,0,0,0,0,0,0,400,400,400,0,0,0,0,400,400,400,100.000000,12800,25408,50.377834,10,10,10,10,416,1216,0,16,400,25408,75008,0,0,0,0,416,1200,0,0,0,695,5888
644,W3,4,4,0,0,0,0,0,0,0,0,0,400,400,400,0,0,0,0,400,400,400,100.000000,12800,25408,50.377834,10,10,10,10,416,1216,0,16,400,25408,75008,0,0,0,0,416,1200,0,0,0,702,5888
645,W3,4,4,0,0,0,0,0,0,0,0,0,400,400,400,0,0,0,0,400,400,400,100.000000,12800,25408,50.377834,10,10,10,10,416,1216,0,16,400,25408,75008,0,0,0,0,416,1200,0,0,0,694,5888
646,W3,4,4,0,0,0,0,0,0,0,0,0,400,400,400,0,0,0,0,400,400,400,100.000000,12800,25408,50.377834,10,10,10,10,416,1216,0,16,400,25408,75008,0,0,0,0,416,1200,0,0,0,728,5888
647,W3,4,4,0,0,0,0,0,0,0,0,0,400,400,400,0,0,0,0,400,400,400,100.000000,12800,25408,50.377834,10,10,10,10,416,1216,0,16,400,25408,75008,0,0,0,0,416,1200,0,0,0,714,5888
648,W3,4,4,0,0,0,0,0,0,0,0,0,400,400,400,0,0,0,0,400,400,400,100.000000,12800,25408,50.377834,10,10,10,10,416,1216,0,16,400,25408,75008,0,0,0,0,416,1200,0,0,0,703,5888
649,W3,4,4,0,0,0,0,0,0,0,0,0,400,400,400,0,0,0,0,400,400,400,100.000000,12800,25408,50.377834,10,10,10,10,416,1216,0,16,400,25408,75008,0,0,0,0,416,1200,0,0,0,721,5888
650,W3,4,4,0,0,0,0,0,0,0,0,0,400,400,400,0,0,0,0,400,400,400,100.000000,12800,25408,50.377834,10,10,10,10,416,1216,0,16,400,25408,75008,0,0,0,0,416,1200,0,0,0,741,5888
651,W3,4,4,0,0,0,0,0,0,0,0,0,400,400,400,0,0,0,0,400,400,400,100.000000,12800,25408,50.377834,10,10,10,10,416,1216,0,16,400,25408,75008,0,0,0,0,416,1200,0,0,0,733,5888
652,W3,4,4,0,0,0,0,0,0,0,0,0,400,400,400,0,0,0,0,400,400,400,100.000000,12800,25408,50.377834,10,10,10,10,416,1216,0,16,400,25408,75008,0,0,0,0,416,1200,0,0,0,734,5888
653,W3,4,4,0,0,0,0,0,0,0,0,0,400,400,400,0,0,0,0,400,400,400,100.000000,12800,25408,50.377834,10,10,10,10,416,1216,0,16,400,25408,75008,0,0,0,0,416,1200,0,0,0,709,5888
654,W3,4,4,0,0,0,0,0,0,0,0,0,400,400,400,0,0,0,0,400,400,400,100.000000,12800,25408,50.377834,10,10,10,10,416,1216,0,16,400,25408,75008,0,0,0,0,416,1200,0,0,0,732,5888
655,W3,4,4,0,0,0,0,0,0,0,0,0,400,400,400,0,0,0,0,400,400,400,100.000000,12800,25408,50.377834,10,10,10,10,416,1216,0,16,400,25408,75008,0,0,0,0,416,1200,0,0,0,738,5888
656,W3,4,4,0,0,0,0,0,0,0,0,0,400,400,400,0,0,0,0,400,400,400,100.000000,12800,25408,50.377834,10,10,10,10,416,1216,0,16,400,25408,75008,0,0,0,0,416,1200,0,0,0,744,5888
657,W3,4,4,0,0,0,0,0,0,0,0,0,400,400,400,0,0,0,0,400,400,400,100.000000,12800,25408,50.377834,10,10,10,10,416,1216,0,16,400,25408,75008,0,0,0,0,416,1200,0,0,0,716,5888
658,W3,4,4,0,0,0,0,0,0,0,0,0,400,400,400,0,0,0,0,400,400,400,100.000000,12800,25408,50.377834,10,10,10,10,416,1216,0,16,400,25408,75008,0,0,0,0,416,1200,0,0,0,733,5888
659,W3,4,4,0,0,0,0,0,0,0,0,0,400,400,400,0,0,0,0,400,400,400,100.000000,12800,25408,50.377834,10,10,10,10,416,1216,0,16,400,25408,75008,0,0,0,0,416,1200,0,0,0,727,5888
660,W3,4,4,0,0,0,0,0,0,0,0,0,400,400,400,0,0,0,0,400,400,400,100.000000,12800,25408,50.377834,10,10,10,10,416,1216,0,16,400,25408,75008,0,0,0,0,416,1200,0,0,0,729,5888
661,W3,4,4,0,0,0,0,0,0,0,0,0,400,400,400,0,0,0,0,400,400,400,100.000000,12800,25408,50.377834,10,10,10,10,416,1216,0,16,400,25408,75008,0,0,0,0,416,1200,0,0,0,718,5888
662,W3,4,4,0,0,0,0,0,0,0,0,0,400,400,400,0,0,0,0,400,400,400,100.000000,12800,25408,50.377834,10,10,10,10,416,1216,0,16,400,25408,75008,0,0,0,0,416,1200,0,0,0,729,5888
663,W3,4,4,0,0,0,0,0,0,0,0,0,400,400,400,0,0,0,0,400,400,400,100.000000,12800,25408,50.377834,10,10,10,10,416,1216,0,16,400,25408,75008,0,0,0,0,416,1200,0,0,0,709,5888
664,W3,4,4,0,0,0,0,0,0,0,0,0,400,400,400,0,0,0,0,400,400,400,100.000000,12800,25408,50.377834,10,10,10,10,416,1216,0,16,400,25408,75008,0,0,0,0,416,1200,0,0,0,693,5888
665,W3,4,4,0,0,0,0,0,0,0,0,0,400,400,400,0,0,0,0,400,400,400,100.000000,12800,25408,50.377834,10,10,10,10,416,1216,0,16,400,25408,75008,0,0,0,0,416,1200,0,0,0,690,5888
666,W3,4,4,0,0,0,0,0,0,0,0,0,400,400,400,0,0,0,0,400,400,400,100.000000,12800,25408,50.377834,10,10,10,10,416,1216,0,16,400,25408,75008,0,0,0,0,416,1200,0,0,0,711,5888
667,W3,4,4,0,0,0,0,0,0,0,0,0,400,400,400,0,0,0,0,400,400,400,100.000000,12800,25408,50.377834,10,10,10,10,416,1216,0,16,400,25408,75008,0,0,0,0,416,1200,0,0,0,741,5888
668,W3,4,4,0,0,0,0,0,0,0,0,0,400,400,400,0,0,0,0,400,400,400,100.000000,12800,25408,50.377834,10,10,10,10,416,1216,0,16,400,25408,75008,0,0,0,0,416,1200,0,0,0,760,5888
669,W3,4,4,0,0,0,0,0,0,0,0,0,400,400,400,0,0,0,0,400,400,400,100.000000,12800,25408,50.377834,10,10,10,10,416,1216,0,16,400,25408,75008,0,0,0,0,416,1200,0,0,0,699,5888
670,W3,4,4,0,0,0,0,0,0,0,0,0,400,400,400,0,0,0,0,400,400,400,100.000000,12800,25408,50.377834,10,10,10,10,416,1216,0,16,400,25408,75008,0,0,0,0,416,1200,0,0,0,738,5888
671,W3,4,4,0,0,0,0,0,0,0,0,0,400,400,400,0,0,0,0,400,400,400,100.000000,12800,25408,50.377834,10,10,10,10,416,1216,0,16,400,25408,75008,0,0,0,0,416,1200,0,0,0,787,5888
672,W3,4,4,0,0,0,0,0,0,0,0,0,400,400,400,0,0,0,0,400,400,400,100.000000,12800,25408,50.377834,10,10,10,10,416,1216,0,16,400,25408,75008,0,0,0,0,416,1200,0,0,0,714,5888
673,W3,4,4,0,0,0,0,0,0,0,0,0,400,400,400,0,0,0,0,400,400,400,100.000000,12800,25408,50.377834,10,10,10,10,416,1216,0,16,400,25408,75008,0,0,0,0,416,1200,0,0,0,733,5888
674,W3,4,4,0,0,0,0,0,0,0,0,0,400,400,400,0,0,0,0,400,400,400,100.000000,12800,25408,50.377834,10,10,10,10,416,1216,0,16,400,25408,75008,0,0,0,0,416,1200,0,0,0,713,5888
675,W3,4,4,0,0,0,0,0,0,0,0,0,400,400,400,0,0,0,0,400,400,400,100.000000,12800,25408,50.377834,10,10,10,10,416,1216,0,16,400,25408,75008,0,0,0,0,416,1200,0,0,0,709,5888
676,W3,4,4,0,0,0,0,0,0,0,0,0,400,400,400,0,0,0,0,400,400,400,100.000000,12800,25408,50.377834,10,10,10,10,416,1216,0,16,400,25408,75008,0,0,0,0,416,1200,0,0,0,740,5888
677,W3,4,4,0,0,0,0,0,0,0,0,0,400,400,400,0,0,0,0,400,400,400,100.000000,12800,25408,50.377834,10,10,10,10,416,1216,0,16,400,25408,75008,0,0,0,0,416,1200,0,0,0,704,5888
678,W3,4,4,0,0,0,0,0,0,0,0,0,400,400,400,0,0,0,0,400,400,400,100.000000,12800,25408,50.377834,10,10,10,10,416,1216,0,16,400,25408,75008,0,0,0,0,416,1200,0,0,0,719,5888
679,W3,4,4,0,0,0,0,0,0,0,0,0,400,400,400,0,0,0,0,400,400,400,100.000000,12800,25408,50.377834,10,10,10,10,416,1216,0,16,400,25408,75008,0,0,0,0,416,1200,0,0,0,803,5888
680,W3,4,4,0,0,0,0,0,0,0,0,0,400,400,400,0,0,0,0,400,400,400,100.000000,12800,25408,50.377834,10,10,10,10,416,1216,0,16,400,25408,75008,0,0,0,0,416,1200,0,0,0,696,5888
681,W3,4,4,0,0,0,0,0,0,0,0,0,400,400,400,0,0,0,0,400,400,400,100.000000,12800,25408,50.377834,10,10,10,10,416,1216,0,16,400,25408,75008,0,0,0,0,416,1200,0,0,0,715,5888
682,W3,4,4,0,0,0,0,0,0,0,0,0,400,400,400,0,0,0,0,400,400,400,100.000000,12800,25408,50.377834,10,10,10,10,416,1216,0,16,400,25408,75008,0,0,0,0,416,1200,0,0,0,756,5888
683,W3,4,4,0,0,0,0,0,0,0,0,0,400,400,400,0,0,0,0,400,400,400,100.000000,12800,25408,50.377834,10,10,10,10,416,1216,0,16,400,25408,75008,0,0,0,0,416,1200,0,0,0,702,5888
684,W3,4,4,0,0,0,0,0,0,0,0,0,400,400,400,0,0,0,0,400,400,400,100.000000,12800,25408,50.377834,10,10,10,10,416,1216,0,16,400,25408,75008,0,0,0,0,416,1200,0,0,0,734,5888
685,W3,4,4,0,0,0,0,0,0,0,0,0,400,400,400,0,0,0,0,400,400,400,100.000000,12800,25408,50.377834,10,10,10,10,416,1216,0,16,400,25408,75008,0,0,0,0,416,1200,0,0,0,716,5888
686,W3,4,4,0,0,0,0,0,0,0,0,0,400,400,400,0,0,0,0,400,400,400,100.000000,12800,25408,50.377834,10,10,10,10,416,1216,0,16,400,25408,75008,0,0,0,0,416,1200,0,0,0,707,5888
687,W3,4,4,0,0,0,0,0,0,0,0,0,400,400,400,0,0,0,0,400,400,400,100.000000,12800,25408,50.377834,10,10,10,10,416,1216,0,16,400,25408,75008,0,0,0,0,416,1200,0,0,0,719,5888
688,W3,4,4,0,0,0,0,0,0,0,0,0,400,400,400,0,0,0,0,400,400,400,100.000000,12800,25408,50.377834,10,10,10,10,416,1216,0,16,400,25408,75008,0,0,0,0,416,1200,0,0,0,698,5888
689,W3,4,4,0,0,0,0,0,0,0,0,0,400,400,400,0,0,0,0,400,400,400,100.000000,12800,25408,50.377834,10,10,10,10,416,1216,0,16,400,25408,75008,0,0,0,0,416,1200,0,0,0,712,5888
690,W3,4,4,0,0,0,0,0,0,0,0,0,400,400,400,0,0,0,0,400,400,400,100.000000,12800,25408,50.377834,10,10,10,10,416,1216,0,16,400,25408,75008,0,0,0,0,416,1200,0,0,0,712,5888
691,W3,4,4,0,0,0,0,0,0,0,0,0,400,400,400,0,0,0,0,400,400,400,100.000000,12800,25408,50.377834,10,10,10,10,416,1216,0,16,400,25408,75008,0,0,0,0,416,1200,0,0,0,731,5888
692,W3,4,4,0,0,0,0,0,0,0,0,0,400,400,400,0,0,0,0,400,400,400,100.000000,12800,25408,50.377834,10,10,10,10,416,1216,0,16,400,25408,75008,0,0,0,0,416,1200,0,0,0,700,5888
693,W3,4,4,0,0,0,0,0,0,0,0,0,400,400,400,0,0,0,0,400,400,400,100.000000,12800,25408,50.377834,10,10,10,10,416,1216,0,16,400,25408,75008,0,0,0,0,416,1200,0,0,0,712,5888
694,W3,4,4,0,0,0,0,0,0,0,0,0,400,400,400,0,0,0,0,400,400,400,100.000000,12800,25408,50.377834,10,10,10,10,416,1216,0,16,400,25408,75008,0,0,0,0,416,1200,0,0,0,773,5888
695,W3,4,4,0,0,0,0,0,0,0,0,0,400,400,400,0,0,0,0,400,400,400,100.000000,12800,25408,50.377834,10,10,10,10,416,1216,0,16,400,25408,75008,0,0,0,0,416,1200,0,0,0,779,5888
696,W3,4,4,0,0,0,0,0,0,0,0,0,400,400,400,0,0,0,0,400,400,400,100.000000,12800,25408,50.377834,10,10,10,10,416,1216,0,16,400,25408,75008,0,0,0,0,416,1200,0,0,0,715,5888
697,W3,4,4,0,0,0,0,0,0,0,0,0,400,400,400,0,0,0,0,400,400,400,100.000000,12800,25408,50.377834,10,10,10,10,416,1216,0,16,400,25408,75008,0,0,0,0,416,1200,0,0,0,760,5888
698,W3,4,4,0,0,0,0,0,0,0,0,0,400,400,400,0,0,0,0,400,400,400,100.000000,12800,25408,50.377834,10,10,10,10,416,1216,0,16,400,25408,75008,0,0,0,0,416,1200,0,0,0,756,5888
699,W3,4,4,0,0,0,0,0,0,0,0,0,400,400,400,0,0,0,0,400,400,400,100.000000,12800,25408,50.377834,10,10,10,10,416,1216,0,16,400,25408,75008,0,0,0,0,416,1200,0,0,0,726,5888
700,W3,4,4,0,0,0,0,0,0,0,0,0,400,400,400,0,0,0,0,400,400,400,100.000000,12800,25408,50.377834,10,10,10,10,416,1216,0,16,400,25408,75008,0,0,0,0,416,1200,0,0,0,703,5888
701,W3,4,4,0,0,0,0,0,0,0,0,0,400,400,400,0,0,0,0,400,400,400,100.000000,12800,25408,50.377834,10,10,10,10,416,1216,0,16,400,25408,75008,0,0,0,0,416,1200,0,0,0,702,5888
702,W3,4,4,0,0,0,0,0,0,0,0,0,400,400,400,0,0,0,0,400,400,400,100.000000,12800,25408,50.377834,10,10,10,10,416,1216,0,16,400,25408,75008,0,0,0,0,416,1200,0,0,0,720,5888
703,W3,4,4,0,0,0,0,0,0,0,0,0,400,400,400,0,0,0,0,400,400,400,100.000000,12800,25408,50.377834,10,10,10,10,416,1216,0,16,400,25408,75008,0,0,0,0,416,1200,0,0,0,714,5888
704,W3,4,4,0,0,0,0,0,0,0,0,0,400,400,400,0,0,0,0,400,400,400,100.000000,12800,25408,50.377834,10,10,10,10,416,1216,0,16,400,25408,75008,0,0,0,0,416,1200,0,0,0,713,5888
705,W3,4,4,0,0,0,0,0,0,0,0,0,400,400,400,0,0,0,0,400,400,400,100.000000,12800,25408,50.377834,10,10,10,10,416,1216,0,16,400,25408,75008,0,0,0,0,416,1200,0,0,0,720,5888
706,W3,4,4,0,0,0,0,0,0,0,0,0,400,400,400,0,0,0,0,400,400,400,100.000000,12800,25408,50.377834,10,10,10,10,416,1216,0,16,400,25408,75008,0,0,0,0,416,1200,0,0,0,708,5888
707,W3,4,4,0,0,0,0,0,0,0,0,0,400,400,400,0,0,0,0,400,400,400,100.000000,12800,25408,50.377834,10,10,10,10,416,1216,0,16,400,25408,75008,0,0,0,0,416,1200,0,0,0,754,5888
708,W3,4,4,0,0,0,0,0,0,0,0,0,400,400,400,0,0,0,0,400,400,400,100.000000,12800,25408,50.377834,10,10,10,10,416,1216,0,16,400,25408,75008,0,0,0,0,416,1200,0,0,0,764,5888
709,W3,4,4,0,0,0,0,0,0,0,0,0,400,400,400,0,0,0,0,400,400,400,100.000000,12800,25408,50.377834,10,10,10,10,416,1216,0,16,400,25408,75008,0,0,0,0,416,1200,0,0,0,729,5888
710,W3,4,4,0,0,0,0,0,0,0,0,0,400,400,400,0,0,0,0,400,400,400,100.000000,12800,25408,50.377834,10,10,10,10,416,1216,0,16,400,25408,75008,0,0,0,0,416,1200,0,0,0,722,5888
711,W3,4,4,0,0,0,0,0,0,0,0,0,400,400,400,0,0,0,0,400,400,400,100.000000,12800,25408,50.377834,10,10,10,10,416,1216,0,16,400,25408,75008,0,0,0,0,416,1200,0,0,0,721,5888
712,W3,4,4,0,0,0,0,0,0,0,0,0,400,400,400,0,0,0,0,400,400,400,100.000000,12800,25408,50.377834,10,10,10,10,416,1216,0,16,400,25408,75008,0,0,0,0,416,1200,0,0,0,736,5888
713,W3,4,4,0,0,0,0,0,0,0,0,0,400,400,400,0,0,0,0,400,400,400,100.000000,12800,25408,50.377834,10,10,10,10,416,1216,0,16,400,25408,75008,0,0,0,0,416,1200,0,0,0,730,5888
714,W3,4,4,0,0,0,0,0,0,0,0,0,400,400,400,0,0,0,0,400,400,400,100.000000,12800,25408,50.377834,10,10,10,10,416,1216,0,16,400,25408,75008,0,0,0,0,416,1200,0,0,0,767,5888
715,W3,4,4,0,0,0,0,0,0,0,0,0,400,400,400,0,0,0,0,400,400,400,100.000000,12800,25408,50.377834,10,10,10,10,416,1216,0,16,400,25408,75008,0,0,0,0,416,1200,0,0,0,739,5888
716,W3,4,4,0,0,0,0,0,0,0,0,0,400,400,400,0,0,0,0,400,400,400,100.000000,12800,25408,50.377834,10,10,10,10,416,1216,0,16,400,25408,75008,0,0,0,0,416,1200,0,0,0,719,5888
717,W3,4,4,0,0,0,0,0,0,0,0,0,400,400,400,0,0,0,0,400,400,400,100.000000,12800,25408,50.377834,10,10,10,10,416,1216,0,16,400,25408,75008,0,0,0,0,416,1200,0,0,0,727,5888
718,W3,4,4,0,0,0,0,0,0,0,0,0,400,400,400,0,0,0,0,400,400,400,100.000000,12800,25408,50.377834,10,10,10,10,416,1216,0,16,400,25408,75008,0,0,0,0,416,1200,0,0,0,772,5888
719,W3,4,4,0,0,0,0,0,0,0,0,0,400,400,400,0,0,0,0,400,400,400,100.000000,12800,25408,50.377834,10,10,10,10,416,1216,0,16,400,25408,75008,0,0,0,0,416,1200,0,0,0,769,5888
720,W3,4,4,0,0,0,0,0,0,0,0,0,400,400,400,0,0,0,0,400,400,400,100.000000,12800,25408,50.377834,10,10,10,10,416,1216,0,16,400,25408,75008,0,0,0,0,416,1200,0,0,0,781,5888
721,W3,4,4,0,0,0,0,0,0,0,0,0,400,400,400,0,0,0,0,400,400,400,100.000000,12800,25408,50.377834,10,10,10,10,416,1216,0,16,400,25408,75008,0,0,0,0,416,1200,0,0,0,745,5888
722,W3,4,4,0,0,0,0,0,0,0,0,0,400,400,400,0,0,0,0,400,400,400,100.000000,12800,25408,50.377834,10,10,10,10,416,1216,0,16,400,25408,75008,0,0,0,0,416,1200,0,0,0,774,5888
723,W3,4,4,0,0,0,0,0,0,0,0,0,400,400,400,0,0,0,0,400,400,400,100.000000,12800,25408,50.377834,10,10,10,10,416,1216,0,16,400,25408,75008,0,0,0,0,416,1200,0,0,0,712,5888
724,W3,4,4,0,0,0,0,0,0,0,0,0,400,400,400,0,0,0,0,400,400,400,100.000000,12800,25408,50.377834,10,10,10,10,416,1216,0,16,400,25408,75008,0,0,0,0,416,1200,0,0,0,708,5888
725,W3,4,4,0,0,0,0,0,0,0,0,0,400,400,400,0,0,0,0,400,400,400,100.000000,12800,25408,50.377834,10,10,10,10,416,1216,0,16,400,25408,75008,0,0,0,0,416,1200,0,0,0,704,5888
726,W3,4,4,0,0,0,0,0,0,0,0,0,400,400,400,0,0,0,0,400,400,400,100.000000,12800,25408,50.377834,10,10,10,10,416,1216,0,16,400,25408,75008,0,0,0,0,416,1200,0,0,0,719,5888
727,W3,4,4,0,0,0,0,0,0,0,0,0,400,400,400,0,0,0,0,400,400,400,100.000000,12800,25408,50.377834,10,10,10,10,416,1216,0,16,400,25408,75008,0,0,0,0,416,1200,0,0,0,755,5888
728,W3,4,4,0,0,0,0,0,0,0,0,0,400,400,400,0,0,0,0,400,400,400,100.000000,12800,25408,50.377834,10,10,10,10,416,1216,0,16,400,25408,75008,0,0,0,0,416,1200,0,0,0,730,5888
729,W3,4,4,0,0,0,0,0,0,0,0,0,400,400,400,0,0,0,0,400,400,400,100.000000,12800,25408,50.377834,10,10,10,10,416,1216,0,16,400,25408,75008,0,0,0,0,416,1200,0,0,0,714,5888
730,W3,4,4,0,0,0,0,0,0,0,0,0,400,400,400,0,0,0,0,400,400,400,100.000000,12800,25408,50.377834,10,10,10,10,416,1216,0,16,400,25408,75008,0,0,0,0,416,1200,0,0,0,747,5888
731,W3,4,4,0,0,0,0,0,0,0,0,0,400,400,400,0,0,0,0,400,400,400,100.000000,12800,25408,50.377834,10,10,10,10,416,1216,0,16,400,25408,75008,0,0,0,0,416,1200,0,0,0,708,5888
732,W3,4,4,0,0,0,0,0,0,0,0,0,400,400,400,0,0,0,0,400,400,400,100.000000,12800,25408,50.377834,10,10,10,10,416,1216,0,16,400,25408,75008,0,0,0,0,416,1200,0,0,0,740,5888
733,W3,4,4,0,0,0,0,0,0,0,0,0,400,400,400,0,0,0,0,400,400,400,100.000000,12800,25408,50.377834,10,10,10,10,416,1216,0,16,400,25408,75008,0,0,0,0,416,1200,0,0,0,723,5888
734,W3,4,4,0,0,0,0,0,0,0,0,0,400,400,400,0,0,0,0,400,400,400,100.000000,12800,25408,50.377834,10,10,10,10,416,1216,0,16,400,25408,75008,0,0,0,0,416,1200,0,0,0,712,5888
735,W3,4,4,0,0,0,0,0,0,0,0,0,400,400,400,0,0,0,0,400,400,400,100.000000,12800,25408,50.377834,10,10,10,10,416,1216,0,16,400,25408,75008,0,0,0,0,416,1200,0,0,0,736,5888
736,W3,4,4,0,0,0,0,0,0,0,0,0,400,400,400,0,0,0,0,400,400,400,100.000000,12800,25408,50.377834,10,10,10,10,416,1216,0,16,400,25408,75008,0,0,0,0,416,1200,0,0,0,729,5888
737,W3,4,4,0,0,0,0,0,0,0,0,0,400,400,400,0,0,0,0,400,400,400,100.000000,12800,25408,50.377834,10,10,10,10,416,1216,0,16,400,25408,75008,0,0,0,0,416,1200,0,0,0,728,5888
738,W3,4,4,0,0,0,0,0,0,0,0,0,400,400,400,0,0,0,0,400,400,400,100.000000,12800,25408,50.377834,10,10,10,10,416,1216,0,16,400,25408,75008,0,0,0,0,416,1200,0,0,0,701,5888
739,W3,4,4,0,0,0,0,0,0,0,0,0,400,400,400,0,0,0,0,400,400,400,100.000000,12800,25408,50.377834,10,10,10,10,416,1216,0,16,400,25408,75008,0,0,0,0,416,1200,0,0,0,719,5888
740,W3,4,4,0,0,0,0,0,0,0,0,0,400,400,400,0,0,0,0,400,400,400,100.000000,12800,25408,50.377834,10,10,10,10,416,1216,0,16,400,25408,75008,0,0,0,0,416,1200,0,0,0,755,5888
741,W3,4,4,0,0,0,0,0,0,0,0,0,400,400,400,0,0,0,0,400,400,400,100.000000,12800,25408,50.377834,10,10,10,10,416,1216,0,16,400,25408,75008,0,0,0,0,416,1200,0,0,0,729,5888
742,W3,4,4,0,0,0,0,0,0,0,0,0,400,400,400,0,0,0,0,400,400,400,100.000000,12800,25408,50.377834,10,10,10,10,416,1216,0,16,400,25408,75008,0,0,0,0,416,1200,0,0,0,738,5888
743,W3,4,4,0,0,0,0,0,0,0,0,0,400,400,400,0,0,0,0,400,400,400,100.000000,12800,25408,50.377834,10,10,10,10,416,1216,0,16,400,25408,75008,0,0,0,0,416,1200,0,0,0,727,5888
744,W3,4,4,0,0,0,0,0,0,0,0,0,400,400,400,0,0,0,0,400,400,400,100.000000,12800,25408,50.377834,10,10,10,10,416,1216,0,16,400,25408,75008,0,0,0,0,416,1200,0,0,0,741,5888
745,W3,4,4,0,0,0,0,0,0,0,0,0,400,400,400,0,0,0,0,400,400,400,100.000000,12800,25408,50.377834,10,10,10,10,416,1216,0,16,400,25408,75008,0,0,0,0,416,1200,0,0,0,735,5888
746,W3,4,4,0,0,0,0,0,0,0,0,0,400,400,400,0,0,0,0,400,400,400,100.000000,12800,25408,50.377834,10,10,10,10,416,1216,0,16,400,25408,75008,0,0,0,0,416,1200,0,0,0,748,5888
747,W3,4,4,0,0,0,0,0,0,0,0,0,400,400,400,0,0,0,0,400,400,400,100.000000,12800,25408,50.377834,10,10,10,10,416,1216,0,16,400,25408,75008,0,0,0,0,416,1200,0,0,0,726,5888
748,W3,4,4,0,0,0,0,0,0,0,0,0,400,400,400,0,0,0,0,400,400,400,100.000000,12800,25408,50.377834,10,10,10,10,416,1216,0,16,400,25408,75008,0,0,0,0,416,1200,0,0,0,739,5888
749,W3,4,4,0,0,0,0,0,0,0,0,0,400,400,400,0,0,0,0,400,400,400,100.000000,12800,25408,50.377834,10,10,10,10,416,1216,0,16,400,25408,75008,0,0,0,0,416,1200,0,0,0,707,5888
750,W3,4,4,0,0,0,0,0,0,0,0,0,400,400,400,0,0,0,0,400,400,400,100.000000,12800,25408,50.377834,10,10,10,10,416,1216,0,16,400,25408,75008,0,0,0,0,416,1200,0,0,0,726,5888
751,W3,4,4,0,0,0,0,0,0,0,0,0,400,400,400,0,0,0,0,400,400,400,100.000000,12800,25408,50.377834,10,10,10,10,416,1216,0,16,400,25408,75008,0,0,0,0,416,1200,0,0,0,732,5888
752,W3,4,4,0,0,0,0,0,0,0,0,0,400,400,400,0,0,0,0,400,400,400,100.000000,12800,25408,50.377834,10,10,10,10,416,1216,0,16,400,25408,75008,0,0,0,0,416,1200,0,0,0,712,5888
753,W3,4,4,0,0,0,0,0,0,0,0,0,400,400,400,0,0,0,0,400,400,400,100.000000,12800,25408,50.377834,10,10,10,10,416,1216,0,16,400,25408,75008,0,0,0,0,416,1200,0,0,0,713,5888
754,W3,4,4,0,0,0,0,0,0,0,0,0,400,400,400,0,0,0,0,400,400,400,100.000000,12800,25408,50.377834,10,10,10,10,416,1216,0,16,400,25408,75008,0,0,0,0,416,1200,0,0,0,724,5888
755,W3,4,4,0,0,0,0,0,0,0,0,0,400,400,400,0,0,0,0,400,400,400,100.000000,12800,25408,50.377834,10,10,10,10,416,1216,0,16,400,25408,75008,0,0,0,0,416,1200,0,0,0,719,5888
756,W3,4,4,0,0,0,0,0,0,0,0,0,400,400,400,0,0,0,0,400,400,400,100.000000,12800,25408,50.377834,10,10,10,10,416,1216,0,16,400,25408,75008,0,0,0,0,416,1200,0,0,0,712,5888
757,W3,4,4,0,0,0,0,0,0,0,0,0,400,400,400,0,0,0,0,400,400,400,100.000000,12800,25408,50.377834,10,10,10,10,416,1216,0,16,400,25408,75008,0,0,0,0,416,1200,0,0,0,717,5888
758,W3,4,4,0,0,0,0,0,0,0,0,0,400,400,400,0,0,0,0,400,400,400,100.000000,12800,25408,50.377834,10,10,10,10,416,1216,0,16,400,25408,75008,0,0,0,0,416,1200,0,0,0,721,5888
759,W3,4,4,0,0,0,0,0,0,0,0,0,400,400,400,0,0,0,0,400,400,400,100.000000,12800,25408,50.377834,10,10,10,10,416,1216,0,16,400,25408,75008,0,0,0,0,416,1200,0,0,0,761,5888
760,W3,4,4,0,0,0,0,0,0,0,0,0,400,400,400,0,0,0,0,400,400,400,100.000000,12800,25408,50.377834,10,10,10,10,416,1216,0,16,400,25408,75008,0,0,0,0,416,1200,0,0,0,765,5888
761,W3,4,4,0,0,0,0,0,0,0,0,0,400,400,400,0,0,0,0,400,400,400,100.000000,12800,25408,50.377834,10,10,10,10,416,1216,0,16,400,25408,75008,0,0,0,0,416,1200,0,0,0,706,5888
762,W3,4,4,0,0,0,0,0,0,0,0,0,400,400,400,0,0,0,0,400,400,400,100.000000,12800,25408,50.377834,10,10,10,10,416,1216,0,16,400,25408,75008,0,0,0,0,416,1200,0,0,0,741,5888
763,W3,4,4,0,0,0,0,0,0,0,0,0,400,400,400,0,0,0,0,400,400,400,100.000000,12800,25408,50.377834,10,10,10,10,416,1216,0,16,400,25408,75008,0,0,0,0,416,1200,0,0,0,705,5888
764,W3,4,4,0,0,0,0,0,0,0,0,0,400,400,400,0,0,0,0,400,400,400,100.000000,12800,25408,50.377834,10,10,10,10,416,1216,0,16,400,25408,75008,0,0,0,0,416,1200,0,0,0,713,5888
765,W3,4,4,0,0,0,0,0,0,0,0,0,400,400,400,0,0,0,0,400,400,400,100.000000,12800,25408,50.377834,10,10,10,10,416,1216,0,16,400,25408,75008,0,0,0,0,416,1200,0,0,0,733,5888
766,W3,4,4,0,0,0,0,0,0,0,0,0,400,400,400,0,0,0,0,400,400,400,100.000000,12800,25408,50.377834,10,10,10,10,416,1216,0,16,400,25408,75008,0,0,0,0,416,1200,0,0,0,729,5888
767,W3,4,4,0,0,0,0,0,0,0,0,0,400,400,400,0,0,0,0,400,400,400,100.000000,12800,25408,50.377834,10,10,10,10,416,1216,0,16,400,25408,75008,0,0,0,0,416,1200,0,0,0,742,5888
768,W3,4,4,0,0,0,0,0,0,0,0,0,400,400,400,0,0,0,0,400,400,400,100.000000,12800,25408,50.377834,10,10,10,10,416,1216,0,16,400,25408,75008,0,0,0,0,416,1200,0,0,0,727,5888
769,W3,4,4,0,0,0,0,0,0,0,0,0,400,400,400,0,0,0,0,400,400,400,100.000000,12800,25408,50.377834,10,10,10,10,416,1216,0,16,400,25408,75008,0,0,0,0,416,1200,0,0,0,728,5888
770,W3,4,4,0,0,0,0,0,0,0,0,0,400,400,400,0,0,0,0,400,400,400,100.000000,12800,25408,50.377834,10,10,10,10,416,1216,0,16,400,25408,75008,0,0,0,0,416,1200,0,0,0,706,5888
771,W3,4,4,0,0,0,0,0,0,0,0,0,400,400,400,0,0,0,0,400,400,400,100.000000,12800,25408,50.377834,10,10,10,10,416,1216,0,16,400,25408,75008,0,0,0,0,416,1200,0,0,0,741,5888
772,W3,4,4,0,0,0,0,0,0,0,0,0,400,400,400,0,0,0,0,400,400,400,100.000000,12800,25408,50.377834,10,10,10,10,416,1216,0,16,400,25408,75008,0,0,0,0,416,1200,0,0,0,793,5888
773,W3,4,4,0,0,0,0,0,0,0,0,0,400,400,400,0,0,0,0,400,400,400,100.000000,12800,25408,50.377834,10,10,10,10,416,1216,0,16,400,25408,75008,0,0,0,0,416,1200,0,0,0,711,5888
774,W3,4,4,0,0,0,0,0,0,0,0,0,400,400,400,0,0,0,0,400,400,400,100.000000,12800,25408,50.377834,10,10,10,10,416,1216,0,16,400,25408,75008,0,0,0,0,416,1200,0,0,0,744,5888
775,W3,4,4,0,0,0,0,0,0,0,0,0,400,400,400,0,0,0,0,400,400,400,100.000000,12800,25408,50.377834,10,10,10,10,416,1216,0,16,400,25408,75008,0,0,0,0,416,1200,0,0,0,745,5888
776,W3,4,4,0,0,0,0,0,0,0,0,0,400,400,400,0,0,0,0,400,400,400,100.000000,12800,25408,50.377834,10,10,10,10,416,1216,0,16,400,25408,75008,0,0,0,0,416,1200,0,0,0,716,5888
777,W3,4,4,0,0,0,0,0,0,0,0,0,400,400,400,0,0,0,0,400,400,400,100.000000,12800,25408,50.377834,10,10,10,10,416,1216,0,16,400,25408,75008,0,0,0,0,416,1200,0,0,0,706,5888
778,W3,4,4,0,0,0,0,0,0,0,0,0,400,400,400,0,0,0,0,400,400,400,100.000000,12800,25408,50.377834,10,10,10,10,416,1216,0,16,400,25408,75008,0,0,0,0,416,1200,0,0,0,778,5888
779,W3,4,4,0,0,0,0,0,0,0,0,0,400,400,400,0,0,0,0,400,400,400,100.000000,12800,25408,50.377834,10,10,10,10,416,1216,0,16,400,25408,75008,0,0,0,0,416,1200,0,0,0,749,5888
780,W3,4,4,0,0,0,0,0,0,0,0,0,400,400,400,0,0,0,0,400,400,400,100.000000,12800,25408,50.377834,10,10,10,10,416,1216,0,16,400,25408,75008,0,0,0,0,416,1200,0,0,0,755,5888
781,W3,4,4,0,0,0,0,0,0,0,0,0,400,400,400,0,0,0,0,400,400,400,100.000000,12800,25408,50.377834,10,10,10,10,416,1216,0,16,400,25408,75008,0,0,0,0,416,1200,0,0,0,715,5888
782,W3,4,4,0,0,0,0,0,0,0,0,0,400,400,400,0,0,0,0,400,400,400,100.000000,12800,25408,50.377834,10,10,10,10,416,1216,0,16,400,25408,75008,0,0,0,0,416,1200,0,0,0,698,5888
783,W3,4,4,0,0,0,0,0,0,0,0,0,400,400,400,0,0,0,0,400,400,400,100.000000,12800,25408,50.377834,10,10,10,10,416,1216,0,16,400,25408,75008,0,0,0,0,416,1200,0,0,0,707,5888
784,W3,4,4,0,0,0,0,0,0,0,0,0,400,400,400,0,0,0,0,400,400,400,100.000000,12800,25408,50.377834,10,10,10,10,416,1216,0,16,400,25408,75008,0,0,0,0,416,1200,0,0,0,694,5888
785,W3,4,4,0,0,0,0,0,0,0,0,0,400,400,400,0,0,0,0,400,400,400,100.000000,12800,25408,50.377834,10,10,10,10,416,1216,0,16,400,25408,75008,0,0,0,0,416,1200,0,0,0,700,5888
786,W3,4,4,0,0,0,0,0,0,0,0,0,400,400,400,0,0,0,0,400,400,400,100.000000,12800,25408,50.377834,10,10,10,10,416,1216,0,16,400,25408,75008,0,0,0,0,416,1200,0,0,0,782,5888
787,W3,4,4,0,0,0,0,0,0,0,0,0,400,400,400,0,0,0,0,400,400,400,100.000000,12800,25408,50.377834,10,10,10,10,416,1216,0,16,400,25408,75008,0,0,0,0,416,1200,0,0,0,711,5888
788,W3,4,4,0,0,0,0,0,0,0,0,0,400,400,400,0,0,0,0,400,400,400,100.000000,12800,25408,50.377834,10,10,10,10,416,1216,0,16,400,25408,75008,0,0,0,0,416,1200,0,0,0,713,5888
789,W3,4,4,0,0,0,0,0,0,0,0,0,400,400,400,0,0,0,0,400,400,400,100.000000,12800,25408,50.377834,10,10,10,10,416,1216,0,16,400,25408,75008,0,0,0,0,416,1200,0,0,0,736,5888
790,W3,4,4,0,0,0,0,0,0,0,0,0,400,400,400,0,0,0,0,400,400,400,100.000000,12800,25408,50.377834,10,10,10,10,416,1216,0,16,400,25408,75008,0,0,0,0,416,1200,0,0,0,694,5888
791,W3,4,4,0,0,0,0,0,0,0,0,0,400,400,400,0,0,0,0,400,400,400,100.000000,12800,25408,50.377834,10,10,10,10,416,1216,0,16,400,25408,75008,0,0,0,0,416,1200,0,0,0,716,5888
792,W3,4,4,0,0,0,0,0,0,0,0,0,400,400,400,0,0,0,0,400,400,400,100.000000,12800,25408,50.377834,10,10,10,10,416,1216,0,16,400,25408,75008,0,0,0,0,416,1200,0,0,0,708,5888
793,W3,4,4,0,0,0,0,0,0,0,0,0,400,400,400,0,0,0,0,400,400,400,100.000000,12800,25408,50.377834,10,10,10,10,416,1216,0,16,400,25408,75008,0,0,0,0,416,1200,0,0,0,728,5888
794,W3,4,4,0,0,0,0,0,0,0,0,0,400,400,400,0,0,0,0,400,400,400,100.000000,12800,25408,50.377834,10,10,10,10,416,1216,0,16,400,25408,75008,0,0,0,0,416,1200,0,0,0,722,5888
795,W3,4,4,0,0,0,0,0,0,0,0,0,400,400,400,0,0,0,0,400,400,400,100.000000,12800,25408,50.377834,10,10,10,10,416,1216,0,16,400,25408,75008,0,0,0,0,416,1200,0,0,0,718,5888
796,W3,4,4,0,0,0,0,0,0,0,0,0,400,400,400,0,0,0,0,400,400,400,100.000000,12800,25408,50.377834,10,10,10,10,416,1216,0,16,400,25408,75008,0,0,0,0,416,1200,0,0,0,727,5888
797,W3,4,4,0,0,0,0,0,0,0,0,0,400,400,400,0,0,0,0,400,400,400,100.000000,12800,25408,50.377834,10,10,10,10,416,1216,0,16,400,25408,75008,0,0,0,0,416,1200,0,0,0,718,5888
798,W3,4,4,0,0,0,0,0,0,0,0,0,400,400,400,0,0,0,0,400,400,400,100.000000,12800,25408,50.377834,10,10,10,10,416,1216,0,16,400,25408,75008,0,0,0,0,416,1200,0,0,0,717,5888
799,W3,4,4,0,0,0,0,0,0,0,0,0,400,400,400,0,0,0,0,400,400,400,100.000000,12800,25408,50.377834,10,10,10,10,416,1216,0,16,400,25408,75008,0,0,0,0,416,1200,0,0,0,746,5888
800,W3,4,4,0,0,0,0,0,0,0,0,0,400,400,400,0,0,0,0,400,400,400,100.000000,12800,25408,50.377834,10,10,10,10,416,1216,0,16,400,25408,75008,0,0,0,0,416,1200,0,0,0,747,5888
801,W3,4,4,0,0,0,0,0,0,0,0,0,400,400,400,0,0,0,0,400,400,400,100.000000,12800,25408,50.377834,10,10,10,10,416,1216,0,16,400,25408,75008,0,0,0,0,416,1200,0,0,0,705,5888
802,W3,4,4,0,0,0,0,0,0,0,0,0,400,400,400,0,0,0,0,400,400,400,100.000000,12800,25408,50.377834,10,10,10,10,416,1216,0,16,400,25408,75008,0,0,0,0,416,1200,0,0,0,757,5888
803,W3,4,4,0,0,0,0,0,0,0,0,0,400,400,400,0,0,0,0,400,400,400,100.000000,12800,25408,50.377834,10,10,10,10,416,1216,0,16,400,25408,75008,0,0,0,0,416,1200,0,0,0,704,5888
804,W3,4,4,0,0,0,0,0,0,0,0,0,400,400,400,0,0,0,0,400,400,400,100.000000,12800,25408,50.377834,10,10,10,10,416,1216,0,16,400,25408,75008,0,0,0,0,416,1200,0,0,0,736,5888
805,W3,4,4,0,0,0,0,0,0,0,0,0,400,400,400,0,0,0,0,400,400,400,100.000000,12800,25408,50.377834,10,10,10,10,416,1216,0,16,400,25408,75008,0,0,0,0,416,1200,0,0,0,707,5888
806,W3,4,4,0,0,0,0,0,0,0,0,0,400,400,400,0,0,0,0,400,400,400,100.000000,12800,25408,50.377834,10,10,10,10,416,1216,0,16,400,25408,75008,0,0,0,0,416,1200,0,0,0,715,5888
807,W3,4,4,0,0,0,0,0,0,0,0,0,400,400,400,0,0,0,0,400,400,400,100.000000,12800,25408,50.377834,10,10,10,10,416,1216,0,16,400,25408,75008,0,0,0,0,416,1200,0,0,0,747,5888
808,W3,4,4,0,0,0,0,0,0,0,0,0,400,400,400,0,0,0,0,400,400,400,100.000000,12800,25408,50.377834,10,10,10,10,416,1216,0,16,400,25408,75008,0,0,0,0,416,1200,0,0,0,704,5888
809,W3,4,4,0,0,0,0,0,0,0,0,0,400,400,400,0,0,0,0,400,400,400,100.000000,12800,25408,50.377834,10,10,10,10,416,1216,0,16,400,25408,75008,0,0,0,0,416,1200,0,0,0,743,5888
810,W3,4,4,0,0,0,0,0,0,0,0,0,400,400,400,0,0,0,0,400,400,400,100.000000,12800,25408,50.377834,10,10,10,10,416,1216,0,16,400,25408,75008,0,0,0,0,416,1200,0,0,0,749,5888
811,W3,4,4,0,0,0,0,0,0,0,0,0,400,400,400,0,0,0,0,400,400,400,100.000000,12800,25408,50.377834,10,10,10,10,416,1216,0,16,400,25408,75008,0,0,0,0,416,1200,0,0,0,761,5888
812,W3,4,4,0,0,0,0,0,0,0,0,0,400,400,400,0,0,0,0,400,400,400,100.000000,12800,25408,50.377834,10,10,10,10,416,1216,0,16,400,25408,75008,0,0,0,0,416,1200,0,0,0,747,5888
813,W3,4,4,0,0,0,0,0,0,0,0,0,400,400,400,0,0,0,0,400,400,400,100.000000,12800,25408,50.377834,10,10,10,10,416,1216,0,16,400,25408,75008,0,0,0,0,416,1200,0,0,0,709,5888
814,W3,4,4,0,0,0,0,0,0,0,0,0,400,400,400,0,0,0,0,400,400,400,100.000000,12800,25408,50.377834,10,10,10,10,416,1216,0,16,400,25408,75008,0,0,0,0,416,1200,0,0,0,772,5888
815,W3,4,4,0,0,0,0,0,0,0,0,0,400,400,400,0,0,0,0,400,400,400,100.000000,12800,25408,50.377834,10,10,10,10,416,1216,0,16,400,25408,75008,0,0,0,0,416,1200,0,0,0,748,5888
816,W3,4,4,0,0,0,0,0,0,0,0,0,400,400,400,0,0,0,0,400,400,400,100.000000,12800,25408,50.377834,10,10,10,10,416,1216,0,16,400,25408,75008,0,0,0,0,416,1200,0,0,0,725,5888
817,W3,4,4,0,0,0,0,0,0,0,0,0,400,400,400,0,0,0,0,400,400,400,100.000000,12800,25408,50.377834,10,10,10,10,416,1216,0,16,400,25408,75008,0,0,0,0,416,1200,0,0,0,738,5888
818,W3,4,4,0,0,0,0,0,0,0,0,0,400,400,400,0,0,0,0,400,400,400,100.000000,12800,25408,50.377834,10,10,10,10,416,1216,0,16,400,25408,75008,0,0,0,0,416,1200,0,0,0,748,5888
819,W3,4,4,0,0,0,0,0,0,0,0,0,400,400,400,0,0,0,0,400,400,400,100.000000,12800,25408,50.377834,10,10,10,10,416,1216,0,16,400,25408,75008,0,0,0,0,416,1200,0,0,0,754,5888
820,W3,4,4,0,0,0,0,0,0,0,0,0,400,400,400,0,0,0,0,400,400,400,100.000000,12800,25408,50.377834,10,10,10,10,416,1216,0,16,400,25408,75008,0,0,0,0,416,1200,0,0,0,740,5888
821,W3,4,4,0,0,0,0,0,0,0,0,0,400,400,400,0,0,0,0,400,400,400,100.000000,12800,25408,50.377834,10,10,10,10,416,1216,0,16,400,25408,75008,0,0,0,0,416,1200,0,0,0,723,5888
822,W3,4,4,0,0,0,0,0,0,0,0,0,400,400,400,0,0,0,0,400,400,400,100.000000,12800,25408,50.377834,10,10,10,10,416,1216,0,16,400,25408,75008,0,0,0,0,416,1200,0,0,0,707,5888
823,W3,4,4,0,0,0,0,0,0,0,0,0,400,400,400,0,0,0,0,400,400,400,100.000000,12800,25408,50.377834,10,10,10,10,416,1216,0,16,400,25408,75008,0,0,0,0,416,1200,0,0,0,757,5888
824,W3,4,4,0,0,0,0,0,0,0,0,0,400,400,400,0,0,0,0,400,400,400,100.000000,12800,25408,50.377834,10,10,10,10,416,1216,0,16,400,25408,75008,0,0,0,0,416,1200,0,0,0,753,5888
825,W3,4,4,0,0,0,0,0,0,0,0,0,400,400,400,0,0,0,0,400,400,400,100.000000,12800,25408,50.377834,10,10,10,10,416,1216,0,16,400,25408,75008,0,0,0,0,416,1200,0,0,0,764,5888
826,W3,4,4,0,0,0,0,0,0,0,0,0,400,400,400,0,0,0,0,400,400,400,100.000000,12800,25408,50.377834,10,10,10,10,416,1216,0,16,400,25408,75008,0,0,0,0,416,1200,0,0,0,716,5888
827,W3,4,4,0,0,0,0,0,0,0,0,0,400,400,400,0,0,0,0,400,400,400,100.000000,12800,25408,50.377834,10,10,10,10,416,1216,0,16,400,25408,75008,0,0,0,0,416,1200,0,0,0,742,5888
828,W3,4,4,0,0,0,0,0,0,0,0,0,400,400,400,0,0,0,0,400,400,400,100.000000,12800,25408,50.377834,10,10,10,10,416,1216,0,16,400,25408,75008,0,0,0,0,416,1200,0,0,0,724,5888
829,W3,4,4,0,0,0,0,0,0,0,0,0,400,400,400,0,0,0,0,400,400,400,100.000000,12800,25408,50.377834,10,10,10,10,416,1216,0,16,400,25408,75008,0,0,0,0,416,1200,0,0,0,710,5888
830,W3,4,4,0,0,0,0,0,0,0,0,0,400,400,400,0,0,0,0,400,400,400,100.000000,12800,25408,50.377834,10,10,10,10,416,1216,0,16,400,25408,75008,0,0,0,0,416,1200,0,0,0,705,5888
831,W3,4,4,0,0,0,0,0,0,0,0,0,400,400,400,0,0,0,0,400,400,400,100.000000,12800,25408,50.377834,10,10,10,10,416,1216,0,16,400,25408,75008,0,0,0,0,416,1200,0,0,0,765,5888
832,W3,4,4,0,0,0,0,0,0,0,0,0,400,400,400,0,0,0,0,400,400,400,100.000000,12800,25408,50.377834,10,10,10,10,416,1216,0,16,400,25408,75008,0,0,0,0,416,1200,0,0,0,713,5888
833,W3,4,4,0,0,0,0,0,0,0,0,0,400,400,400,0,0,0,0,400,400,400,100.000000,12800,25408,50.377834,10,10,10,10,416,1216,0,16,400,25408,75008,0,0,0,0,416,1200,0,0,0,728,5888
834,W3,4,4,0,0,0,0,0,0,0,0,0,400,400,400,0,0,0,0,400,400,400,100.000000,12800,25408,50.377834,10,10,10,10,416,1216,0,16,400,25408,75008,0,0,0,0,416,1200,0,0,0,727,5888
835,W3,4,4,0,0,0,0,0,0,0,0,0,400,400,400,0,0,0,0,400,400,400,100.000000,12800,25408,50.377834,10,10,10,10,416,1216,0,16,400,25408,75008,0,0,0,0,416,1200,0,0,0,742,5888
836,W3,4,4,0,0,0,0,0,0,0,0,0,400,400,400,0,0,0,0,400,400,400,100.000000,12800,25408,50.377834,10,10,10,10,416,1216,0,16,400,25408,75008,0,0,0,0,416,1200,0,0,0,716,5888
837,W3,4,4,0,0,0,0,0,0,0,0,0,400,400,400,0,0,0,0,400,400,400,100.000000,12800,25408,50.377834,10,10,10,10,416,1216,0,16,400,25408,75008,0,0,0,0,416,1200,0,0,0,719,5888
838,W3,4,4,0,0,0,0,0,0,0,0,0,400,400,400,0,0,0,0,400,400,400,100.000000,12800,25408,50.377834,10,10,10,10,416,1216,0,16,400,25408,75008,0,0,0,0,416,1200,0,0,0,705,5888
839,W3,4,4,0,0,0,0,0,0,0,0,0,400,400,400,0,0,0,0,400,400,400,100.000000,12800,25408,50.377834,10,10,10,10,416,1216,0,16,400,25408,75008,0,0,0,0,416,1200,0,0,0,759,5888
840,W3,4,4,0,0,0,0,0,0,0,0,0,400,400,400,0,0,0,0,400,400,400,100.000000,12800,25408,50.377834,10,10,10,10,416,1216,0,16,400,25408,75008,0,0,0,0,416,1200,0,0,0,792,5888
841,W3,4,4,0,0,0,0,0,0,0,0,0,400,400,400,0,0,0,0,400,400,400,100.000000,12800,25408,50.377834,10,10,10,10,416,1216,0,16,400,25408,75008,0,0,0,0,416,1200,0,0,0,747,5888
842,W3,4,4,0,0,0,0,0,0,0,0,0,400,400,400,0,0,0,0,400,400,400,100.000000,12800,25408,50.377834,10,10,10,10,416,1216,0,16,400,25408,75008,0,0,0,0,416,1200,0,0,0,737,5888
843,W3,4,4,0,0,0,0,0,0,0,0,0,400,400,400,0,0,0,0,400,400,400,100.000000,12800,25408,50.377834,10,10,10,10,416,1216,0,16,400,25408,75008,0,0,0,0,416,1200,0,0,0,764,5888
844,W3,4,4,0,0,0,0,0,0,0,0,0,400,400,400,0,0,0,0,400,400,400,100.000000,12800,25408,50.377834,10,10,10,10,416,1216,0,16,400,25408,75008,0,0,0,0,416,1200,0,0,0,736,5888
845,W3,4,4,0,0,0,0,0,0,0,0,0,400,400,400,0,0,0,0,400,400,400,100.000000,12800,25408,50.377834,10,10,10,10,416,1216,0,16,400,25408,75008,0,0,0,0,416,1200,0,0,0,728,5888
846,W3,4,4,0,0,0,0,0,0,0,0,0,400,400,400,0,0,0,0,400,400,400,100.000000,12800,25408,50.377834,10,10,10,10,416,1216,0,16,400,25408,75008,0,0,0,0,416,1200,0,0,0,722,5888
847,W3,4,4,0,0,0,0,0,0,0,0,0,400,400,400,0,0,0,0,400,400,400,100.000000,12800,25408,50.377834,10,10,10,10,416,1216,0,16,400,25408,75008,0,0,0,0,416,1200,0,0,0,769,5888
848,W3,4,4,0,0,0,0,0,0,0,0,0,400,400,400,0,0,0,0,400,400,400,100.000000,12800,25408,50.377834,10,10,10,10,416,1216,0,16,400,25408,75008,0,0,0,0,416,1200,0,0,0,724,5888
849,W3,4,4,0,0,0,0,0,0,0,0,0,400,400,400,0,0,0,0,400,400,400,100.000000,12800,25408,50.377834,10,10,10,10,416,1216,0,16,400,25408,75008,0,0,0,0,416,1200,0,0,0,743,5888
850,W3,4,4,0,0,0,0,0,0,0,0,0,400,400,400,0,0,0,0,400,400,400,100.000000,12800,25408,50.377834,10,10,10,10,416,1216,0,16,400,25408,75008,0,0,0,0,416,1200,0,0,0,716,5888
851,W3,4,4,0,0,0,0,0,0,0,0,0,400,400,400,0,0,0,0,400,400,400,100.000000,12800,25408,50.377834,10,10,10,10,416,1216,0,16,400,25408,75008,0,0,0,0,416,1200,0,0,0,718,5888
852,W3,4,4,0,0,0,0,0,0,0,0,0,400,400,400,0,0,0,0,400,400,400,100.000000,12800,25408,50.377834,10,10,10,10,416,1216,0,16,400,25408,75008,0,0,0,0,416,1200,0,0,0,738,5888
853,W3,4,4,0,0,0,0,0,0,0,0,0,400,400,400,0,0,0,0,400,400,400,100.000000,12800,25408,50.377834,10,10,10,10,416,1216,0,16,400,25408,75008,0,0,0,0,416,1200,0,0,0,717,5888
854,W3,4,4,0,0,0,0,0,0,0,0,0,400,400,400,0,0,0,0,400,400,400,100.000000,12800,25408,50.377834,10,10,10,10,416,1216,0,16,400,25408,75008,0,0,0,0,416,1200,0,0,0,717,5888
855,W3,4,4,0,0,0,0,0,0,0,0,0,400,400,400,0,0,0,0,400,400,400,100.000000,12800,25408,50.377834,10,10,10,10,416,1216,0,16,400,25408,75008,0,0,0,0,416,1200,0,0,0,738,5888
856,W3,4,4,0,0,0,0,0,0,0,0,0,400,400,400,0,0,0,0,400,400,400,100.000000,12800,25408,50.377834,10,10,10,10,416,1216,0,16,400,25408,75008,0,0,0,0,416,1200,0,0,0,716,5888
857,W3,4,4,0,0,0,0,0,0,0,0,0,400,400,400,0,0,0,0,400,400,400,100.000000,12800,25408,50.377834,10,10,10,10,416,1216,0,16,400,25408,75008,0,0,0,0,416,1200,0,0,0,813,5888
858,W3,4,4,0,0,0,0,0,0,0,0,0,400,400,400,0,0,0,0,400,400,400,100.000000,12800,25408,50.377834,10,10,10,10,416,1216,0,16,400,25408,75008,0,0,0,0,416,1200,0,0,0,712,5888
859,W3,4,4,0,0,0,0,0,0,0,0,0,400,400,400,0,0,0,0,400,400,400,100.000000,12800,25408,50.377834,10,10,10,10,416,1216,0,16,400,25408,75008,0,0,0,0,416,1200,0,0,0,775,5888
860,W3,4,4,0,0,0,0,0,0,0,0,0,400,400,400,0,0,0,0,400,400,400,100.000000,12800,25408,50.377834,10,10,10,10,416,1216,0,16,400,25408,75008,0,0,0,0,416,1200,0,0,0,750,5888
861,W3,4,4,0,0,0,0,0,0,0,0,0,400,400,400,0,0,0,0,400,400,400,100.000000,12800,25408,50.377834,10,10,10,10,416,1216,0,16,400,25408,75008,0,0,0,0,416,1200,0,0,0,705,5888
862,W3,4,4,0,0,0,0,0,0,0,0,0,400,400,400,0,0,0,0,400,400,400,100.000000,12800,25408,50.377834,10,10,10,10,416,1216,0,16,400,25408,75008,0,0,0,0,416,1200,0,0,0,700,5888
863,W3,4,4,0,0,0,0,0,0,0,0,0,400,400,400,0,0,0,0,400,400,400,100.000000,12800,25408,50.377834,10,10,10,10,416,1216,0,16,400,25408,75008,0,0,0,0,416,1200,0,0,0,734,5888
864,W3,4,4,0,0,0,0,0,0,0,0,0,400,400,400,0,0,0,0,400,400,400,100.000000,12800,25408,50.377834,10,10,10,10,416,1216,0,16,400,25408,75008,0,0,0,0,416,1200,0,0,0,712,5888
865,W3,4,4,0,0,0,0,0,0,0,0,0,400,400,400,0,0,0,0,400,400,400,100.000000,12800,25408,50.377834,10,10,10,10,416,1216,0,16,400,25408,75008,0,0,0,0,416,1200,0,0,0,734,5888
866,W3,4,4,0,0,0,0,0,0,0,0,0,400,400,400,0,0,0,0,400,400,400,100.000000,12800,25408,50.377834,10,10,10,10,416,1216,0,16,400,25408,75008,0,0,0,0,416,1200,0,0,0,760,5888
867,W3,4,4,0,0,0,0,0,0,0,0,0,400,400,400,0,0,0,0,400,400,400,100.000000,12800,25408,50.377834,10,10,10,10,416,1216,0,16,400,25408,75008,0,0,0,0,416,1200,0,0,0,712,5888
868,W3,4,4,0,0,0,0,0,0,0,0,0,400,400,400,0,0,0,0,400,400,400,100.000000,12800,25408,50.377834,10,10,10,10,416,1216,0,16,400,25408,75008,0,0,0,0,416,1200,0,0,0,736,5888
869,W3,4,4,0,0,0,0,0,0,0,0,0,400,400,400,0,0,0,0,400,400,400,100.000000,12800,25408,50.377834,10,10,10,10,416,1216,0,16,400,25408,75008,0,0,0,0,416,1200,0,0,0,807,5888
870,W3,4,4,0,0,0,0,0,0,0,0,0,400,400,400,0,0,0,0,400,400,400,100.000000,12800,25408,50.377834,10,10,10,10,416,1216,0,16,400,25408,75008,0,0,0,0,416,1200,0,0,0,726,5888
871,W3,4,4,0,0,0,0,0,0,0,0,0,400,400,400,0,0,0,0,400,400,400,100.000000,12800,25408,50.377834,10,10,10,10,416,1216,0,16,400,25408,75008,0,0,0,0,416,1200,0,0,0,747,5888
872,W3,4,4,0,0,0,0,0,0,0,0,0,400,400,400,0,0,0,0,400,400,400,100.000000,12800,25408,50.377834,10,10,10,10,416,1216,0,16,400,25408,75008,0,0,0,0,416,1200,0,0,0,719,5888
873,W3,4,4,0,0,0,0,0,0,0,0,0,400,400,400,0,0,0,0,400,400,400,100.000000,12800,25408,50.377834,10,10,10,10,416,1216,0,16,400,25408,75008,0,0,0,0,416,1200,0,0,0,719,5888
874,W3,4,4,0,0,0,0,0,0,0,0,0,400,400,400,0,0,0,0,400,400,400,100.000000,12800,25408,50.377834,10,10,10,10,416,1216,0,16,400,25408,75008,0,0,0,0,416,1200,0,0,0,734,5888
875,W3,4,4,0,0,0,0,0,0,0,0,0,400,400,400,0,0,0,0,400,400,400,100.000000,12800,25408,50.377834,10,10,10,10,416,1216,0,16,400,25408,75008,0,0,0,0,416,1200,0,0,0,731,5888
876,W3,4,4,0,0,0,0,0,0,0,0,0,400,400,400,0,0,0,0,400,400,400,100.000000,12800,25408,50.377834,10,10,10,10,416,1216,0,16,400,25408,75008,0,0,0,0,416,1200,0,0,0,723,5888
877,W3,4,4,0,0,0,0,0,0,0,0,0,400,400,400,0,0,0,0,400,400,400,100.000000,12800,25408,50.377834,10,10,10,10,416,1216,0,16,400,25408,75008,0,0,0,0,416,1200,0,0,0,718,5888
878,W3,4,4,0,0,0,0,0,0,0,0,0,400,400,400,0,0,0,0,400,400,400,100.000000,12800,25408,50.377834,10,10,10,10,416,1216,0,16,400,25408,75008,0,0,0,0,416,1200,0,0,0,754,5888
879,W3,4,4,0,0,0,0,0,0,0,0,0,400,400,400,0,0,0,0,400,400,400,100.000000,12800,25408,50.377834,10,10,10,10,416,1216,0,16,400,25408,75008,0,0,0,0,416,1200,0,0,0,747,5888
880,W3,4,4,0,0,0,0,0,0,0,0,0,400,400,400,0,0,0,0,400,400,400,100.000000,12800,25408,50.377834,10,10,10,10,416,1216,0,16,400,25408,75008,0,0,0,0,416,1200,0,0,0,741,5888
881,W3,4,4,0,0,0,0,0,0,0,0,0,400,400,400,0,0,0,0,400,400,400,100.000000,12800,25408,50.377834,10,10,10,10,416,1216,0,16,400,25408,75008,0,0,0,0,416,1200,0,0,0,725,5888
882,W3,4,4,0,0,0,0,0,0,0,0,0,400,400,400,0,0,0,0,400,400,400,100.000000,12800,25408,50.377834,10,10,10,10,416,1216,0,16,400,25408,75008,0,0,0,0,416,1200,0,0,0,729,5888
883,W3,4,4,0,0,0,0,0,0,0,0,0,400,400,400,0,0,0,0,400,400,400,100.000000,12800,25408,50.377834,10,10,10,10,416,1216,0,16,400,25408,75008,0,0,0,0,416,1200,0,0,0,734,5888
884,W3,4,4,0,0,0,0,0,0,0,0,0,400,400,400,0,0,0,0,400,400,400,100.000000,12800,25408,50.377834,10,10,10,10,416,1216,0,16,400,25408,75008,0,0,0,0,416,1200,0,0,0,755,5888
885,W3,4,4,0,0,0,0,0,0,0,0,0,400,400,400,0,0,0,0,400,400,400,100.000000,12800,25408,50.377834,10,10,10,10,416,1216,0,16,400,25408,75008,0,0,0,0,416,1200,0,0,0,781,5888
886,W3,4,4,0,0,0,0,0,0,0,0,0,400,400,400,0,0,0,0,400,400,400,100.000000,12800,25408,50.377834,10,10,10,10,416,1216,0,16,400,25408,75008,0,0,0,0,416,1200,0,0,0,738,5888
887,W3,4,4,0,0,0,0,0,0,0,0,0,400,400,400,0,0,0,0,400,400,400,100.000000,12800,25408,50.377834,10,10,10,10,416,1216,0,16,400,25408,75008,0,0,0,0,416,1200,0,0,0,739,5888
888,W3,4,4,0,0,0,0,0,0,0,0,0,400,400,400,0,0,0,0,400,400,400,100.000000,12800,25408,50.377834,10,10,10,10,416,1216,0,16,400,25408,75008,0,0,0,0,416,1200,0,0,0,735,5888
889,W3,4,4,0,0,0,0,0,0,0,0,0,400,400,400,0,0,0,0,400,400,400,100.000000,12800,25408,50.377834,10,10,10,10,416,1216,0,16,400,25408,75008,0,0,0,0,416,1200,0,0,0,743,5888
890,W3,4,4,0,0,0,0,0,0,0,0,0,400,400,400,0,0,0,0,400,400,400,100.000000,12800,25408,50.377834,10,10,10,10,416,1216,0,16,400,25408,75008,0,0,0,0,416,1200,0,0,0,773,5888
891,W3,4,4,0,0,0,0,0,0,0,0,0,400,400,400,0,0,0,0,400,400,400,100.000000,12800,25408,50.377834,10,10,10,10,416,1216,0,16,400,25408,75008,0,0,0,0,416,1200,0,0,0,762,5888
892,W3,4,4,0,0,0,0,0,0,0,0,0,400,400,400,0,0,0,0,400,400,400,100.000000,12800,25408,50.377834,10,10,10,10,416,1216,0,16,400,25408,75008,0,0,0,0,416,1200,0,0,0,733,5888
893,W3,4,4,0,0,0,0,0,0,0,0,0,400,400,400,0,0,0,0,400,400,400,100.000000,12800,25408,50.377834,10,10,10,10,416,1216,0,16,400,25408,75008,0,0,0,0,416,1200,0,0,0,723,5888
894,W3,4,4,0,0,0,0,0,0,0,0,0,400,400,400,0,0,0,0,400,400,400,100.000000,12800,25408,50.377834,10,10,10,10,416,1216,0,16,400,25408,75008,0,0,0,0,416,1200,0,0,0,731,5888
895,W3,4,4,0,0,0,0,0,0,0,0,0,400,400,400,0,0,0,0,400,400,400,100.000000,12800,25408,50.377834,10,10,10,10,416,1216,0,16,400,25408,75008,0,0,0,0,416,1200,0,0,0,717,5888
896,W3,4,4,0,0,0,0,0,0,0,0,0,400,400,400,0,0,0,0,400,400,400,100.000000,12800,25408,50.377834,10,10,10,10,416,1216,0,16,400,25408,75008,0,0,0,0,416,1200,0,0,0,793,5888
897,W3,4,4,0,0,0,0,0,0,0,0,0,400,400,400,0,0,0,0,400,400,400,100.000000,12800,25408,50.377834,10,10,10,10,416,1216,0,16,400,25408,75008,0,0,0,0,416,1200,0,0,0,725,5888
898,W3,4,4,0,0,0,0,0,0,0,0,0,400,400,400,0,0,0,0,400,400,400,100.000000,12800,25408,50.377834,10,10,10,10,416,1216,0,16,400,25408,75008,0,0,0,0,416,1200,0,0,0,739,5888
899,W3,4,4,0,0,0,0,0,0,0,0,0,400,400,400,0,0,0,0,400,400,400,100.000000,12800,25408,50.377834,10,10,10,10,416,1216,0,16,400,25408,75008,0,0,0,0,416,1200,0,0,0,736,5888
900,W3,4,4,0,0,0,0,0,0,0,0,0,400,400,400,0,0,0,0,400,400,400,100.000000,12800,25408,50.377834,10,10,10,10,416,1216,0,16,400,25408,75008,0,0,0,0,416,1200,0,0,0,726,5888
901,W3,4,4,0,0,0,0,0,0,0,0,0,400,400,400,0,0,0,0,400,400,400,100.000000,12800,25408,50.377834,10,10,10,10,416,1216,0,16,400,25408,75008,0,0,0,0,416,1200,0,0,0,748,5888
902,W3,4,4,0,0,0,0,0,0,0,0,0,400,400,400,0,0,0,0,400,400,400,100.000000,12800,25408,50.377834,10,10,10,10,416,1216,0,16,400,25408,75008,0,0,0,0,416,1200,0,0,0,815,5888
903,W3,4,4,0,0,0,0,0,0,0,0,0,400,400,400,0,0,0,0,400,400,400,100.000000,12800,25408,50.377834,10,10,10,10,416,1216,0,16,400,25408,75008,0,0,0,0,416,1200,0,0,0,729,5888
904,W3,4,4,0,0,0,0,0,0,0,0,0,400,400,400,0,0,0,0,400,400,400,100.000000,12800,25408,50.377834,10,10,10,10,416,1216,0,16,400,25408,75008,0,0,0,0,416,1200,0,0,0,754,5888
905,W3,4,4,0,0,0,0,0,0,0,0,0,400,400,400,0,0,0,0,400,400,400,100.000000,12800,25408,50.377834,10,10,10,10,416,1216,0,16,400,25408,75008,0,0,0,0,416,1200,0,0,0,715,5888
906,W3,4,4,0,0,0,0,0,0,0,0,0,400,400,400,0,0,0,0,400,400,400,100.000000,12800,25408,50.377834,10,10,10,10,416,1216,0,16,400,25408,75008,0,0,0,0,416,1200,0,0,0,743,5888
907,W3,4,4,0,0,0,0,0,0,0,0,0,400,400,400,0,0,0,0,400,400,400,100.000000,12800,25408,50.377834,10,10,10,10,416,1216,0,16,400,25408,75008,0,0,0,0,416,1200,0,0,0,783,5888
908,W3,4,4,0,0,0,0,0,0,0,0,0,400,400,400,0,0,0,0,400,400,400,100.000000,12800,25408,50.377834,10,10,10,10,416,1216,0,16,400,25408,75008,0,0,0,0,416,1200,0,0,0,754,5888
909,W3,4,4,0,0,0,0,0,0,0,0,0,400,400,400,0,0,0,0,400,400,400,100.000000,12800,25408,50.377834,10,10,10,10,416,1216,0,16,400,25408,75008,0,0,0,0,416,1200,0,0,0,744,5888
910,W3,4,4,0,0,0,0,0,0,0,0,0,400,400,400,0,0,0,0,400,400,400,100.000000,12800,25408,50.377834,10,10,10,10,416,1216,0,16,400,25408,75008,0,0,0,0,416,1200,0,0,0,726,5888
911,W3,4,4,0,0,0,0,0,0,0,0,0,400,400,400,0,0,0,0,400,400,400,100.000000,12800,25408,50.377834,10,10,10,10,416,1216,0,16,400,25408,75008,0,0,0,0,416,1200,0,0,0,730,5888
912,W3,4,4,0,0,0,0,0,0,0,0,0,400,400,400,0,0,0,0,400,400,400,100.000000,12800,25408,50.377834,10,10,10,10,416,1216,0,16,400,25408,75008,0,0,0,0,416,1200,0,0,0,714,5888
913,W3,4,4,0,0,0,0,0,0,0,0,0,400,400,400,0,0,0,0,400,400,400,100.000000,12800,25408,50.377834,10,10,10,10,416,1216,0,16,400,25408,75008,0,0,0,0,416,1200,0,0,0,707,5888
914,W3,4,4,0,0,0,0,0,0,0,0,0,400,400,400,0,0,0,0,400,400,400,100.000000,12800,25408,50.377834,10,10,10,10,416,1216,0,16,400,25408,75008,0,0,0,0,416,1200,0,0,0,798,5888
915,W3,4,4,0,0,0,0,0,0,0,0,0,400,400,400,0,0,0,0,400,400,400,100.000000,12800,25408,50.377834,10,10,10,10,416,1216,0,16,400,25408,75008,0,0,0,0,416,1200,0,0,0,711,5888
916,W3,4,4,0,0,0,0,0,0,0,0,0,400,400,400,0,0,0,0,400,400,400,100.000000,12800,25408,50.377834,10,10,10,10,416,1216,0,16,400,25408,75008,0,0,0,0,416,1200,0,0,0,767,5888
917,W3,4,4,0,0,0,0,0,0,0,0,0,400,400,400,0,0,0,0,400,400,400,100.000000,12800,25408,50.377834,10,10,10,10,416,1216,0,16,400,25408,75008,0,0,0,0,416,1200,0,0,0,744,5888
918,W3,4,4,0,0,0,0,0,0,0,0,0,400,400,400,0,0,0,0,400,400,400,100.000000,12800,25408,50.377834,10,10,10,10,416,1216,0,16,400,25408,75008,0,0,0,0,416,1200,0,0,0,720,5888
919,W3,4,4,0,0,0,0,0,0,0,0,0,400,400,400,0,0,0,0,400,400,400,100.000000,12800,25408,50.377834,10,10,10,10,416,1216,0,16,400,25408,75008,0,0,0,0,416,1200,0,0,0,733,5888
920,W3,4,4,0,0,0,0,0,0,0,0,0,400,400,400,0,0,0,0,400,400,400,100.000000,12800,25408,50.377834,10,10,10,10,416,1216,0,16,400,25408,75008,0,0,0,0,416,1200,0,0,0,739,5888
921,W3,4,4,0,0,0,0,0,0,0,0,0,400,400,400,0,0,0,0,400,400,400,100.000000,12800,25408,50.377834,10,10,10,10,416,1216,0,16,400,25408,75008,0,0,0,0,416,1200,0,0,0,722,5888
922,W3,4,4,0,0,0,0,0,0,0,0,0,400,400,400,0,0,0,0,400,400,400,100.000000,12800,25408,50.377834,10,10,10,10,416,1216,0,16,400,25408,75008,0,0,0,0,416,1200,0,0,0,737,5888
923,W3,4,4,0,0,0,0,0,0,0,0,0,400,400,400,0,0,0,0,400,400,400,100.000000,12800,25408,50.377834,10,10,10,10,416,1216,0,16,400,25408,75008,0,0,0,0,416,1200,0,0,0,756,5888
924,W3,4,4,0,0,0,0,0,0,0,0,0,400,400,400,0,0,0,0,400,400,400,100.000000,12800,25408,50.377834,10,10,10,10,416,1216,0,16,400,25408,75008,0,0,0,0,416,1200,0,0,0,717,5888
925,W3,4,4,0,0,0,0,0,0,0,0,0,400,400,400,0,0,0,0,400,400,400,100.000000,12800,25408,50.377834,10,10,10,10,416,1216,0,16,400,25408,75008,0,0,0,0,416,1200,0,0,0,747,5888
926,W3,4,4,0,0,0,0,0,0,0,0,0,400,400,400,0,0,0,0,400,400,400,100.000000,12800,25408,50.377834,10,10,10,10,416,1216,0,16,400,25408,75008,0,0,0,0,416,1200,0,0,0,733,5888
927,W3,4,4,0,0,0,0,0,0,0,0,0,400,400,400,0,0,0,0,400,400,400,100.000000,12800,25408,50.377834,10,10,10,10,416,1216,0,16,400,25408,75008,0,0,0,0,416,1200,0,0,0,729,5888
928,W3,4,4,0,0,0,0,0,0,0,0,0,400,400,400,0,0,0,0,400,400,400,100.000000,12800,25408,50.377834,10,10,10,10,416,1216,0,16,400,25408,75008,0,0,0,0,416,1200,0,0,0,747,5888
929,W3,4,4,0,0,0,0,0,0,0,0,0,400,400,400,0,0,0,0,400,400,400,100.000000,12800,25408,50.377834,10,10,10,10,416,1216,0,16,400,25408,75008,0,0,0,0,416,1200,0,0,0,784,5888
930,W3,4,4,0,0,0,0,0,0,0,0,0,400,400,400,0,0,0,0,400,400,400,100.000000,12800,25408,50.377834,10,10,10,10,416,1216,0,16,400,25408,75008,0,0,0,0,416,1200,0,0,0,797,5888
931,W3,4,4,0,0,0,0,0,0,0,0,0,400,400,400,0,0,0,0,400,400,400,100.000000,12800,25408,50.377834,10,10,10,10,416,1216,0,16,400,25408,75008,0,0,0,0,416,1200,0,0,0,727,5888
932,W3,4,4,0,0,0,0,0,0,0,0,0,400,400,400,0,0,0,0,400,400,400,100.000000,12800,25408,50.377834,10,10,10,10,416,1216,0,16,400,25408,75008,0,0,0,0,416,1200,0,0,0,736,5888
933,W3,4,4,0,0,0,0,0,0,0,0,0,400,400,400,0,0,0,0,400,400,400,100.000000,12800,25408,50.377834,10,10,10,10,416,1216,0,16,400,25408,75008,0,0,0,0,416,1200,0,0,0,740,5888
934,W3,4,4,0,0,0,0,0,0,0,0,0,400,400,400,0,0,0,0,400,400,400,100.000000,12800,25408,50.377834,10,10,10,10,416,1216,0,16,400,25408,75008,0,0,0,0,416,1200,0,0,0,711,5888
935,W3,4,4,0,0,0,0,0,0,0,0,0,400,400,400,0,0,0,0,400,400,400,100.000000,12800,25408,50.377834,10,10,10,10,416,1216,0,16,400,25408,75008,0,0,0,0,416,1200,0,0,0,826,5888
936,W3,4,4,0,0,0,0,0,0,0,0,0,400,400,400,0,0,0,0,400,400,400,100.000000,12800,25408,50.377834,10,10,10,10,416,1216,0,16,400,25408,75008,0,0,0,0,416,1200,0,0,0,739,5888
937,W3,4,4,0,0,0,0,0,0,0,0,0,400,400,400,0,0,0,0,400,400,400,100.000000,12800,25408,50.377834,10,10,10,10,416,1216,0,16,400,25408,75008,0,0,0,0,416,1200,0,0,0,777,5888
938,W3,4,4,0,0,0,0,0,0,0,0,0,400,400,400,0,0,0,0,400,400,400,100.000000,12800,25408,50.377834,10,10,10,10,416,1216,0,16,400,25408,75008,0,0,0,0,416,1200,0,0,0,718,5888
939,W3,4,4,0,0,0,0,0,0,0,0,0,400,400,400,0,0,0,0,400,400,400,100.000000,12800,25408,50.377834,10,10,10,10,416,1216,0,16,400,25408,75008,0,0,0,0,416,1200,0,0,0,738,5888
940,W3,4,4,0,0,0,0,0,0,0,0,0,400,400,400,0,0,0,0,400,400,400,100.000000,12800,25408,50.377834,10,10,10,10,416,1216,0,16,400,25408,75008,0,0,0,0,416,1200,0,0,0,744,5888
941,W3,4,4,0,0,0,0,0,0,0,0,0,400,400,400,0,0,0,0,400,400,400,100.000000,12800,25408,50.377834,10,10,10,10,416,1216,0,16,400,25408,75008,0,0,0,0,416,1200,0,0,0,721,5888
942,W3,4,4,0,0,0,0,0,0,0,0,0,400,400,400,0,0,0,0,400,400,400,100.000000,12800,25408,50.377834,10,10,10,10,416,1216,0,16,400,25408,75008,0,0,0,0,416,1200,0,0,0,721,5888
943,W3,4,4,0,0,0,0,0,0,0,0,0,400,400,400,0,0,0,0,400,400,400,100.000000,12800,25408,50.377834,10,10,10,10,416,1216,0,16,400,25408,75008,0,0,0,0,416,1200,0,0,0,731,5888
944,W3,4,4,0,0,0,0,0,0,0,0,0,400,400,400,0,0,0,0,400,400,400,100.000000,12800,25408,50.377834,10,10,10,10,416,1216,0,16,400,25408,75008,0,0,0,0,416,1200,0,0,0,732,5888
945,W3,4,4,0,0,0,0,0,0,0,0,0,400,400,400,0,0,0,0,400,400,400,100.000000,12800,25408,50.377834,10,10,10,10,416,1216,0,16,400,25408,75008,0,0,0,0,416,1200,0,0,0,737,5888
946,W3,4,4,0,0,0,0,0,0,0,0,0,400,400,400,0,0,0,0,400,400,400,100.000000,12800,25408,50.377834,10,10,10,10,416,1216,0,16,400,25408,75008,0,0,0,0,416,1200,0,0,0,750,5888
947,W3,4,4,0,0,0,0,0,0,0,0,0,400,400,400,0,0,0,0,400,400,400,100.000000,12800,25408,50.377834,10,10,10,10,416,1216,0,16,400,25408,75008,0,0,0,0,416,1200,0,0,0,746,5888
948,W3,4,4,0,0,0,0,0,0,0,0,0,400,400,400,0,0,0,0,400,400,400,100.000000,12800,25408,50.377834,10,10,10,10,416,1216,0,16,400,25408,75008,0,0,0,0,416,1200,0,0,0,743,5888
949,W3,4,4,0,0,0,0,0,0,0,0,0,400,400,400,0,0,0,0,400,400,400,100.000000,12800,25408,50.377834,10,10,10,10,416,1216,0,16,400,25408,75008,0,0,0,0,416,1200,0,0,0,770,5888
950,W3,4,4,0,0,0,0,0,0,0,0,0,400,400,400,0,0,0,0,400,400,400,100.000000,12800,25408,50.377834,10,10,10,10,416,1216,0,16,400,25408,75008,0,0,0,0,416,1200,0,0,0,730,5888
951,W3,4,4,0,0,0,0,0,0,0,0,0,400,400,400,0,0,0,0,400,400,400,100.000000,12800,25408,50.377834,10,10,10,10,416,1216,0,16,400,25408,75008,0,0,0,0,416,1200,0,0,0,729,5888
952,W3,4,4,0,0,0,0,0,0,0,0,0,400,400,400,0,0,0,0,400,400,400,100.000000,12800,25408,50.377834,10,10,10,10,416,1216,0,16,400,25408,75008,0,0,0,0,416,1200,0,0,0,753,5888
953,W3,4,4,0,0,0,0,0,0,0,0,0,400,400,400,0,0,0,0,400,400,400,100.000000,12800,25408,50.377834,10,10,10,10,416,1216,0,16,400,25408,75008,0,0,0,0,416,1200,0,0,0,721,5888
954,W3,4,4,0,0,0,0,0,0,0,0,0,400,400,400,0,0,0,0,400,400,400,100.000000,12800,25408,50.377834,10,10,10,10,416,1216,0,16,400,25408,75008,0,0,0,0,416,1200,0,0,0,747,5888
955,W3,4,4,0,0,0,0,0,0,0,0,0,400,400,400,0,0,0,0,400,400,400,100.000000,12800,25408,50.377834,10,10,10,10,416,1216,0,16,400,25408,75008,0,0,0,0,416,1200,0,0,0,789,5888
956,W3,4,4,0,0,0,0,0,0,0,0,0,400,400,400,0,0,0,0,400,400,400,100.000000,12800,25408,50.377834,10,10,10,10,416,1216,0,16,400,25408,75008,0,0,0,0,416,1200,0,0,0,755,5888
957,W3,4,4,0,0,0,0,0,0,0,0,0,400,400,400,0,0,0,0,400,400,400,100.000000,12800,25408,50.377834,10,10,10,10,416,1216,0,16,400,25408,75008,0,0,0,0,416,1200,0,0,0,717,5888
958,W3,4,4,0,0,0,0,0,0,0,0,0,400,400,400,0,0,0,0,400,400,400,100.000000,12800,25408,50.377834,10,10,10,10,416,1216,0,16,400,25408,75008,0,0,0,0,416,1200,0,0,0,716,5888
959,W3,4,4,0,0,0,0,0,0,0,0,0,400,400,400,0,0,0,0,400,400,400,100.000000,12800,25408,50.377834,10,10,10,10,416,1216,0,16,400,25408,75008,0,0,0,0,416,1200,0,0,0,779,5888
960,W3,4,4,0,0,0,0,0,0,0,0,0,400,400,400,0,0,0,0,400,400,400,100.000000,12800,25408,50.377834,10,10,10,10,416,1216,0,16,400,25408,75008,0,0,0,0,416,1200,0,0,0,760,5888
961,W3,4,4,0,0,0,0,0,0,0,0,0,400,400,400,0,0,0,0,400,400,400,100.000000,12800,25408,50.377834,10,10,10,10,416,1216,0,16,400,25408,75008,0,0,0,0,416,1200,0,0,0,751,5888
962,W3,4,4,0,0,0,0,0,0,0,0,0,400,400,400,0,0,0,0,400,400,400,100.000000,12800,25408,50.377834,10,10,10,10,416,1216,0,16,400,25408,75008,0,0,0,0,416,1200,0,0,0,736,5888
963,W3,4,4,0,0,0,0,0,0,0,0,0,400,400,400,0,0,0,0,400,400,400,100.000000,12800,25408,50.377834,10,10,10,10,416,1216,0,16,400,25408,75008,0,0,0,0,416,1200,0,0,0,731,5888
964,W3,4,4,0,0,0,0,0,0,0,0,0,400,400,400,0,0,0,0,400,400,400,100.000000,12800,25408,50.377834,10,10,10,10,416,1216,0,16,400,25408,75008,0,0,0,0,416,1200,0,0,0,783,5888
965,W3,4,4,0,0,0,0,0,0,0,0,0,400,400,400,0,0,0,0,400,400,400,100.000000,12800,25408,50.377834,10,10,10,10,416,1216,0,16,400,25408,75008,0,0,0,0,416,1200,0,0,0,740,5888
966,W3,4,4,0,0,0,0,0,0,0,0,0,400,400,400,0,0,0,0,400,400,400,100.000000,12800,25408,50.377834,10,10,10,10,416,1216,0,16,400,25408,75008,0,0,0,0,416,1200,0,0,0,717,5888
967,W3,4,4,0,0,0,0,0,0,0,0,0,400,400,400,0,0,0,0,400,400,400,100.000000,12800,25408,50.377834,10,10,10,10,416,1216,0,16,400,25408,75008,0,0,0,0,416,1200,0,0,0,760,5888
968,W3,4,4,0,0,0,0,0,0,0,0,0,400,400,400,0,0,0,0,400,400,400,100.000000,12800,25408,50.377834,10,10,10,10,416,1216,0,16,400,25408,75008,0,0,0,0,416,1200,0,0,0,727,5888
969,W3,4,4,0,0,0,0,0,0,0,0,0,400,400,400,0,0,0,0,400,400,400,100.000000,12800,25408,50.377834,10,10,10,10,416,1216,0,16,400,25408,75008,0,0,0,0,416,1200,0,0,0,750,5888
970,W3,4,4,0,0,0,0,0,0,0,0,0,400,400,400,0,0,0,0,400,400,400,100.000000,12800,25408,50.377834,10,10,10,10,416,1216,0,16,400,25408,75008,0,0,0,0,416,1200,0,0,0,748,5888
971,W3,4,4,0,0,0,0,0,0,0,0,0,400,400,400,0,0,0,0,400,400,400,100.000000,12800,25408,50.377834,10,10,10,10,416,1216,0,16,400,25408,75008,0,0,0,0,416,1200,0,0,0,738,5888
972,W3,4,4,0,0,0,0,0,0,0,0,0,400,400,400,0,0,0,0,400,400,400,100.000000,12800,25408,50.377834,10,10,10,10,416,1216,0,16,400,25408,75008,0,0,0,0,416,1200,0,0,0,735,5888
973,W3,4,4,0,0,0,0,0,0,0,0,0,400,400,400,0,0,0,0,400,400,400,100.000000,12800,25408,50.377834,10,10,10,10,416,1216,0,16,400,25408,75008,0,0,0,0,416,1200,0,0,0,744,5888
974,W3,4,4,0,0,0,0,0,0,0,0,0,400,400,400,0,0,0,0,400,400,400,100.000000,12800,25408,50.377834,10,10,10,10,416,1216,0,16,400,25408,75008,0,0,0,0,416,1200,0,0,0,750,5888
975,W3,4,4,0,0,0,0,0,0,0,0,0,400,400,400,0,0,0,0,400,400,400,100.000000,12800,25408,50.377834,10,10,10,10,416,1216,0,16,400,25408,75008,0,0,0,0,416,1200,0,0,0,746,5888
976,W3,4,4,0,0,0,0,0,0,0,0,0,400,400,400,0,0,0,0,400,400,400,100.000000,12800,25408,50.377834,10,10,10,10,416,1216,0,16,400,25408,75008,0,0,0,0,416,1200,0,0,0,756,5888
977,W3,4,4,0,0,0,0,0,0,0,0,0,400,400,400,0,0,0,0,400,400,400,100.000000,12800,25408,50.377834,10,10,10,10,416,1216,0,16,400,25408,75008,0,0,0,0,416,1200,0,0,0,732,5888
978,W3,4,4,0,0,0,0,0,0,0,0,0,400,400,400,0,0,0,0,400,400,400,100.000000,12800,25408,50.377834,10,10,10,10,416,1216,0,16,400,25408,75008,0,0,0,0,416,1200,0,0,0,762,5888
979,W3,4,4,0,0,0,0,0,0,0,0,0,400,400,400,0,0,0,0,400,400,400,100.000000,12800,25408,50.377834,10,10,10,10,416,1216,0,16,400,25408,75008,0,0,0,0,416,1200,0,0,0,797,5888
980,W3,4,4,0,0,0,0,0,0,0,0,0,400,400,400,0,0,0,0,400,400,400,100.000000,12800,25408,50.377834,10,10,10,10,416,1216,0,16,400,25408,75008,0,0,0,0,416,1200,0,0,0,725,5888
981,W3,4,4,0,0,0,0,0,0,0,0,0,400,400,400,0,0,0,0,400,400,400,100.000000,12800,25408,50.377834,10,10,10,10,416,1216,0,16,400,25408,75008,0,0,0,0,416,1200,0,0,0,715,5888
982,W3,4,4,0,0,0,0,0,0,0,0,0,400,400,400,0,0,0,0,400,400,400,100.000000,12800,25408,50.377834,10,10,10,10,416,1216,0,16,400,25408,75008,0,0,0,0,416,1200,0,0,0,719,5888
983,W3,4,4,0,0,0,0,0,0,0,0,0,400,400,400,0,0,0,0,400,400,400,100.000000,12800,25408,50.377834,10,10,10,10,416,1216,0,16,400,25408,75008,0,0,0,0,416,1200,0,0,0,738,5888
984,W3,4,4,0,0,0,0,0,0,0,0,0,400,400,400,0,0,0,0,400,400,400,100.000000,12800,25408,50.377834,10,10,10,10,416,1216,0,16,400,25408,75008,0,0,0,0,416,1200,0,0,0,719,5888
985,W3,4,4,0,0,0,0,0,0,0,0,0,400,400,400,0,0,0,0,400,400,400,100.000000,12800,25408,50.377834,10,10,10,10,416,1216,0,16,400,25408,75008,0,0,0,0,416,1200,0,0,0,744,5888
986,W3,4,4,0,0,0,0,0,0,0,0,0,400,400,400,0,0,0,0,400,400,400,100.000000,12800,25408,50.377834,10,10,10,10,416,1216,0,16,400,25408,75008,0,0,0,0,416,1200,0,0,0,770,5888
987,W3,4,4,0,0,0,0,0,0,0,0,0,400,400,400,0,0,0,0,400,400,400,100.000000,12800,25408,50.377834,10,10,10,10,416,1216,0,16,400,25408,75008,0,0,0,0,416,1200,0,0,0,728,5888
988,W3,4,4,0,0,0,0,0,0,0,0,0,400,400,400,0,0,0,0,400,400,400,100.000000,12800,25408,50.377834,10,10,10,10,416,1216,0,16,400,25408,75008,0,0,0,0,416,1200,0,0,0,760,5888
989,W3,4,4,0,0,0,0,0,0,0,0,0,400,400,400,0,0,0,0,400,400,400,100.000000,12800,25408,50.377834,10,10,10,10,416,1216,0,16,400,25408,75008,0,0,0,0,416,1200,0,0,0,772,5888
990,W3,4,4,0,0,0,0,0,0,0,0,0,400,400,400,0,0,0,0,400,400,400,100.000000,12800,25408,50.377834,10,10,10,10,416,1216,0,16,400,25408,75008,0,0,0,0,416,1200,0,0,0,739,5888
991,W3,4,4,0,0,0,0,0,0,0,0,0,400,400,400,0,0,0,0,400,400,400,100.000000,12800,25408,50.377834,10,10,10,10,416,1216,0,16,400,25408,75008,0,0,0,0,416,1200,0,0,0,745,5888
992,W3,4,4,0,0,0,0,0,0,0,0,0,400,400,400,0,0,0,0,400,400,400,100.000000,12800,25408,50.377834,10,10,10,10,416,1216,0,16,400,25408,75008,0,0,0,0,416,1200,0,0,0,729,5888
993,W3,4,4,0,0,0,0,0,0,0,0,0,400,400,400,0,0,0,0,400,400,400,100.000000,12800,25408,50.377834,10,10,10,10,416,1216,0,16,400,25408,75008,0,0,0,0,416,1200,0,0,0,739,5888
994,W3,4,4,0,0,0,0,0,0,0,0,0,400,400,400,0,0,0,0,400,400,400,100.000000,12800,25408,50.377834,10,10,10,10,416,1216,0,16,400,25408,75008,0,0,0,0,416,1200,0,0,0,755,5888
995,W3,4,4,0,0,0,0,0,0,0,0,0,400,400,400,0,0,0,0,400,400,400,100.000000,12800,25408,50.377834,10,10,10,10,416,1216,0,16,400,25408,75008,0,0,0,0,416,1200,0,0,0,735,5888
996,W3,4,4,0,0,0,0,0,0,0,0,0,400,400,400,0,0,0,0,400,400,400,100.000000,12800,25408,50.377834,10,10,10,10,416,1216,0,16,400,25408,75008,0,0,0,0,416,1200,0,0,0,728,5888
997,W3,4,4,0,0,0,0,0,0,0,0,0,400,400,400,0,0,0,0,400,400,400,100.000000,12800,25408,50.377834,10,10,10,10,416,1216,0,16,400,25408,75008,0,0,0,0,416,1200,0,0,0,737,5888
998,W3,4,4,0,0,0,0,0,0,0,0,0,400,400,400,0,0,0,0,400,400,400,100.000000,12800,25408,50.377834,10,10,10,10,416,1216,0,16,400,25408,75008,0,0,0,0,416,1200,0,0,0,722,5888
999,W3,4,4,0,0,0,0,0,0,0,0,0,400,400,400,0,0,0,0,400,400,400,100.000000,12800,25408,50.377834,10,10,10,10,416,1216,0,16,400,25408,75008,0,0,0,0,416,1200,0,0,0,742,5888
1000,W3,4,4,0,0,0,0,0,0,0,0,0,400,400,400,0,0,0,0,400,400,400,100.000000,12800,25408,50.377834,10,10,10,10,416,1216,0,16,400,25408,75008,0,0,0,0,416,1200,0,0,0,743,5888
1001,W3,4,4,0,0,0,0,0,0,0,0,0,400,400,400,0,0,0,0,400,400,400,100.000000,12800,25408,50.377834,10,10,10,10,416,1216,0,16,400,25408,75008,0,0,0,0,416,1200,0,0,0,737,5888
1002,W3,4,4,0,0,0,0,0,0,0,0,0,400,400,400,0,0,0,0,400,400,400,100.000000,12800,25408,50.377834,10,10,10,10,416,1216,0,16,400,25408,75008,0,0,0,0,416,1200,0,0,0,779,5888
1003,W3,4,4,0,0,0,0,0,0,0,0,0,400,400,400,0,0,0,0,400,400,400,100.000000,12800,25408,50.377834,10,10,10,10,416,1216,0,16,400,25408,75008,0,0,0,0,416,1200,0,0,0,788,5888
1004,W3,4,4,0,0,0,0,0,0,0,0,0,400,400,400,0,0,0,0,400,400,400,100.000000,12800,25408,50.377834,10,10,10,10,416,1216,0,16,400,25408,75008,0,0,0,0,416,1200,0,0,0,940,5888
1005,W3,4,4,0,0,0,0,0,0,0,0,0,400,400,400,0,0,0,0,400,400,400,100.000000,12800,25408,50.377834,10,10,10,10,416,1216,0,16,400,25408,75008,0,0,0,0,416,1200,0,0,0,748,5888
1006,W3,4,4,0,0,0,0,0,0,0,0,0,400,400,400,0,0,0,0,400,400,400,100.000000,12800,25408,50.377834,10,10,10,10,416,1216,0,16,400,25408,75008,0,0,0,0,416,1200,0,0,0,730,5888
1007,W3,4,4,0,0,0,0,0,0,0,0,0,400,400,400,0,0,0,0,400,400,400,100.000000,12800,25408,50.377834,10,10,10,10,416,1216,0,16,400,25408,75008,0,0,0,0,416,1200,0,0,0,754,5888
1008,W3,4,4,0,0,0,0,0,0,0,0,0,400,400,400,0,0,0,0,400,400,400,100.000000,12800,25408,50.377834,10,10,10,10,416,1216,0,16,400,25408,75008,0,0,0,0,416,1200,0,0,0,782,5888
1009,W3,4,4,0,0,0,0,0,0,0,0,0,400,400,400,0,0,0,0,400,400,400,100.000000,12800,25408,50.377834,10,10,10,10,416,1216,0,16,400,25408,75008,0,0,0,0,416,1200,0,0,0,730,5888
1010,W3,4,4,0,0,0,0,0,0,0,0,0,400,400,400,0,0,0,0,400,400,400,100.000000,12800,25408,50.377834,10,10,10,10,416,1216,0,16,400,25408,75008,0,0,0,0,416,1200,0,0,0,749,5888
1011,W3,4,4,0,0,0,0,0,0,0,0,0,400,400,400,0,0,0,0,400,400,400,100.000000,12800,25408,50.377834,10,10,10,10,416,1216,0,16,400,25408,75008,0,0,0,0,416,1200,0,0,0,741,5888
1012,W3,4,4,0,0,0,0,0,0,0,0,0,400,400,400,0,0,0,0,400,400,400,100.000000,12800,25408,50.377834,10,10,10,10,416,1216,0,16,400,25408,75008,0,0,0,0,416,1200,0,0,0,744,5888
1013,W3,4,4,0,0,0,0,0,0,0,0,0,400,400,400,0,0,0,0,400,400,400,100.000000,12800,25408,50.377834,10,10,10,10,416,1216,0,16,400,25408,75008,0,0,0,0,416,1200,0,0,0,783,5888
1014,W3,4,4,0,0,0,0,0,0,0,0,0,400,400,400,0,0,0,0,400,400,400,100.000000,12800,25408,50.377834,10,10,10,10,416,1216,0,16,400,25408,75008,0,0,0,0,416,1200,0,0,0,781,5888
1015,W3,4,4,0,0,0,0,0,0,0,0,0,400,400,400,0,0,0,0,400,400,400,100.000000,12800,25408,50.377834,10,10,10,10,416,1216,0,16,400,25408,75008,0,0,0,0,416,1200,0,0,0,799,5888
1016,W3,4,4,0,0,0,0,0,0,0,0,0,400,400,400,0,0,0,0,400,400,400,100.000000,12800,25408,50.377834,10,10,10,10,416,1216,0,16,400,25408,75008,0,0,0,0,416,1200,0,0,0,802,5888
1017,W3,4,4,0,0,0,0,0,0,0,0,0,400,400,400,0,0,0,0,400,400,400,100.000000,12800,25408,50.377834,10,10,10,10,416,1216,0,16,400,25408,75008,0,0,0,0,416,1200,0,0,0,728,5888
1018,W3,4,4,0,0,0,0,0,0,0,0,0,400,400,400,0,0,0,0,400,400,400,100.000000,12800,25408,50.377834,10,10,10,10,416,1216,0,16,400,25408,75008,0,0,0,0,416,1200,0,0,0,750,5888
1019,W3,4,4,0,0,0,0,0,0,0,0,0,400,400,400,0,0,0,0,400,400,400,100.000000,12800,25408,50.377834,10,10,10,10,416,1216,0,16,400,25408,75008,0,0,0,0,416,1200,0,0,0,768,5888
1020,W3,4,4,0,0,0,0,0,0,0,0,0,400,400,400,0,0,0,0,400,400,400,100.000000,12800,25408,50.377834,10,10,10,10,416,1216,0,16,400,25408,75008,0,0,0,0,416,1200,0,0,0,743,5888
1021,W3,4,4,0,0,0,0,0,0,0,0,0,400,400,400,0,0,0,0,400,400,400,100.000000,12800,25408,50.377834,10,10,10,10,416,1216,0,16,400,25408,75008,0,0,0,0,416,1200,0,0,0,730,5888
1022,W3,4,4,0,0,0,0,0,0,0,0,0,400,400,400,0,0,0,0,400,400,400,100.000000,12800,25408,50.377834,10,10,10,10,416,1216,0,16,400,25408,75008,0,0,0,0,416,1200,0,0,0,752,5888
1023,W3,4,4,0,0,0,0,0,0,0,0,0,400,400,400,0,0,0,0,400,400,400,100.000000,12800,25408,50.377834,10,10,10,10,416,1216,0,16,400,25408,75008,0,0,0,0,416,1200,0,0,0,746,5888
1024,W3,4,4,0,0,0,0,0,0,0,0,0,400,400,400,0,0,0,0,400,400,400,100.000000,12800,25408,50.377834,10,10,10,10,416,1216,0,16,400,25408,75008,0,0,0,0,416,1200,0,0,0,754,5888
1025,W3,4,4,0,0,0,0,0,0,0,0,0,400,400,400,0,0,0,0,400,400,400,100.000000,12800,25408,50.377834,10,10,10,10,416,1216,0,16,400,25408,75008,0,0,0,0,416,1200,0,0,0,745,5888
1026,W3,4,4,0,0,0,0,0,0,0,0,0,400,400,400,0,0,0,0,400,400,400,100.000000,12800,25408,50.377834,10,10,10,10,416,1216,0,16,400,25408,75008,0,0,0,0,416,1200,0,0,0,746,5888
1027,W3,4,4,0,0,0,0,0,0,0,0,0,400,400,400,0,0,0,0,400,400,400,100.000000,12800,25408,50.377834,10,10,10,10,416,1216,0,16,400,25408,75008,0,0,0,0,416,1200,0,0,0,730,5888
1028,W3,4,4,0,0,0,0,0,0,0,0,0,400,400,400,0,0,0,0,400,400,400,100.000000,12800,25408,50.377834,10,10,10,10,416,1216,0,16,400,25408,75008,0,0,0,0,416,1200,0,0,0,737,5888
1029,W3,4,4,0,0,0,0,0,0,0,0,0,400,400,400,0,0,0,0,400,400,400,100.000000,12800,25408,50.377834,10,10,10,10,416,1216,0,16,400,25408,75008,0,0,0,0,416,1200,0,0,0,761,5888
1030,W3,4,4,0,0,0,0,0,0,0,0,0,400,400,400,0,0,0,0,400,400,400,100.000000,12800,25408,50.377834,10,10,10,10,416,1216,0,16,400,25408,75008,0,0,0,0,416,1200,0,0,0,728,5888
1031,W3,4,4,0,0,0,0,0,0,0,0,0,400,400,400,0,0,0,0,400,400,400,100.000000,12800,25408,50.377834,10,10,10,10,416,1216,0,16,400,25408,75008,0,0,0,0,416,1200,0,0,0,862,5888
1032,W3,4,4,0,0,0,0,0,0,0,0,0,400,400,400,0,0,0,0,400,400,400,100.000000,12800,25408,50.377834,10,10,10,10,416,1216,0,16,400,25408,75008,0,0,0,0,416,1200,0,0,0,866,5888
1033,W3,4,4,0,0,0,0,0,0,0,0,0,400,400,400,0,0,0,0,400,400,400,100.000000,12800,25408,50.377834,10,10,10,10,416,1216,0,16,400,25408,75008,0,0,0,0,416,1200,0,0,0,782,5888
1034,W3,4,4,0,0,0,0,0,0,0,0,0,400,400,400,0,0,0,0,400,400,400,100.000000,12800,25408,50.377834,10,10,10,10,416,1216,0,16,400,25408,75008,0,0,0,0,416,1200,0,0,0,771,5888
1035,W3,4,4,0,0,0,0,0,0,0,0,0,400,400,400,0,0,0,0,400,400,400,100.000000,12800,25408,50.377834,10,10,10,10,416,1216,0,16,400,25408,75008,0,0,0,0,416,1200,0,0,0,740,5888
1036,W3,4,4,0,0,0,0,0,0,0,0,0,400,400,400,0,0,0,0,400,400,400,100.000000,12800,25408,50.377834,10,10,10,10,416,1216,0,16,400,25408,75008,0,0,0,0,416,1200,0,0,0,865,5888
1037,W3,4,4,0,0,0,0,0,0,0,0,0,400,400,400,0,0,0,0,400,400,400,100.000000,12800,25408,50.377834,10,10,10,10,416,1216,0,16,400,25408,75008,0,0,0,0,416,1200,0,0,0,755,5888
1038,W3,4,4,0,0,0,0,0,0,0,0,0,400,400,400,0,0,0,0,400,400,400,100.000000,12800,25408,50.377834,10,10,10,10,416,1216,0,16,400,25408,75008,0,0,0,0,416,1200,0,0,0,767,5888
1039,W3,4,4,0,0,0,0,0,0,0,0,0,400,400,400,0,0,0,0,400,400,400,100.000000,12800,25408,50.377834,10,10,10,10,416,1216,0,16,400,25408,75008,0,0,0,0,416,1200,0,0,0,798,5888
1040,W3,4,4,0,0,0,0,0,0,0,0,0,400,400,400,0,0,0,0,400,400,400,100.000000,12800,25408,50.377834,10,10,10,10,416,1216,0,16,400,25408,75008,0,0,0,0,416,1200,0,0,0,759,5888
1041,W3,4,4,0,0,0,0,0,0,0,0,0,400,400,400,0,0,0,0,400,400,400,100.000000,12800,25408,50.377834,10,10,10,10,416,1216,0,16,400,25408,75008,0,0,0,0,416,1200,0,0,0,767,5888
1042,W3,4,4,0,0,0,0,0,0,0,0,0,400,400,400,0,0,0,0,400,400,400,100.000000,12800,25408,50.377834,10,10,10,10,416,1216,0,16,400,25408,75008,0,0,0,0,416,1200,0,0,0,788,5888
1043,W3,4,4,0,0,0,0,0,0,0,0,0,400,400,400,0,0,0,0,400,400,400,100.000000,12800,25408,50.377834,10,10,10,10,416,1216,0,16,400,25408,75008,0,0,0,0,416,1200,0,0,0,763,5888
1044,W3,4,4,0,0,0,0,0,0,0,0,0,400,400,400,0,0,0,0,400,400,400,100.000000,12800,25408,50.377834,10,10,10,10,416,1216,0,16,400,25408,75008,0,0,0,0,416,1200,0,0,0,767,5888
1045,W3,4,4,0,0,0,0,0,0,0,0,0,400,400,400,0,0,0,0,400,400,400,100.000000,12800,25408,50.377834,10,10,10,10,416,1216,0,16,400,25408,75008,0,0,0,0,416,1200,0,0,0,753,5888
1046,W3,4,4,0,0,0,0,0,0,0,0,0,400,400,400,0,0,0,0,400,400,400,100.000000,12800,25408,50.377834,10,10,10,10,416,1216,0,16,400,25408,75008,0,0,0,0,416,1200,0,0,0,738,5888
1047,W3,4,4,0,0,0,0,0,0,0,0,0,400,400,400,0,0,0,0,400,400,400,100.000000,12800,25408,50.377834,10,10,10,10,416,1216,0,16,400,25408,75008,0,0,0,0,416,1200,0,0,0,920,5888
1048,W3,4,4,0,0,0,0,0,0,0,0,0,400,400,400,0,0,0,0,400,400,400,100.000000,12800,25408,50.377834,10,10,10,10,416,1216,0,16,400,25408,75008,0,0,0,0,416,1200,0,0,0,757,5888
1049,W3,4,4,0,0,0,0,0,0,0,0,0,400,400,400,0,0,0,0,400,400,400,100.000000,12800,25408,50.377834,10,10,10,10,416,1216,0,16,400,25408,75008,0,0,0,0,416,1200,0,0,0,772,5888
1050,W3,4,4,0,0,0,0,0,0,0,0,0,400,400,400,0,0,0,0,400,400,400,100.000000,12800,25408,50.377834,10,10,10,10,416,1216,0,16,400,25408,75008,0,0,0,0,416,1200,0,0,0,822,5888
1051,W3,4,4,0,0,0,0,0,0,0,0,0,400,400,400,0,0,0,0,400,400,400,100.000000,12800,25408,50.377834,10,10,10,10,416,1216,0,16,400,25408,75008,0,0,0,0,416,1200,0,0,0,730,5888
1052,W3,4,4,0,0,0,0,0,0,0,0,0,400,400,400,0,0,0,0,400,400,400,100.000000,12800,25408,50.377834,10,10,10,10,416,1216,0,16,400,25408,75008,0,0,0,0,416,1200,0,0,0,751,5888
1053,W3,4,4,0,0,0,0,0,0,0,0,0,400,400,400,0,0,0,0,400,400,400,100.000000,12800,25408,50.377834,10,10,10,10,416,1216,0,16,400,25408,75008,0,0,0,0,416,1200,0,0,0,848,5888
1054,W3,4,4,0,0,0,0,0,0,0,0,0,400,400,400,0,0,0,0,400,400,400,100.000000,12800,25408,50.377834,10,10,10,10,416,1216,0,16,400,25408,75008,0,0,0,0,416,1200,0,0,0,731,5888
1055,W3,4,4,0,0,0,0,0,0,0,0,0,400,400,400,0,0,0,0,400,400,400,100.000000,12800,25408,50.377834,10,10,10,10,416,1216,0,16,400,25408,75008,0,0,0,0,416,1200,0,0,0,743,5888
1056,W3,4,4,0,0,0,0,0,0,0,0,0,400,400,400,0,0,0,0,400,400,400,100.000000,12800,25408,50.377834,10,10,10,10,416,1216,0,16,400,25408,75008,0,0,0,0,416,1200,0,0,0,741,5888
1057,W3,4,4,0,0,0,0,0,0,0,0,0,400,400,400,0,0,0,0,400,400,400,100.000000,12800,25408,50.377834,10,10,10,10,416,1216,0,16,400,25408,75008,0,0,0,0,416,1200,0,0,0,729,5888
1058,W3,4,4,0,0,0,0,0,0,0,0,0,400,400,400,0,0,0,0,400,400,400,100.000000,12800,25408,50.377834,10,10,10,10,416,1216,0,16,400,25408,75008,0,0,0,0,416,1200,0,0,0,727,5888
1059,W3,4,4,0,0,0,0,0,0,0,0,0,400,400,400,0,0,0,0,400,400,400,100.000000,12800,25408,50.377834,10,10,10,10,416,1216,0,16,400,25408,75008,0,0,0,0,416,1200,0,0,0,725,5888
1060,W3,4,4,0,0,0,0,0,0,0,0,0,400,400,400,0,0,0,0,400,400,400,100.000000,12800,25408,50.377834,10,10,10,10,416,1216,0,16,400,25408,75008,0,0,0,0,416,1200,0,0,0,764,5888
1061,W3,4,4,0,0,0,0,0,0,0,0,0,400,400,400,0,0,0,0,400,400,400,100.000000,12800,25408,50.377834,10,10,10,10,416,1216,0,16,400,25408,75008,0,0,0,0,416,1200,0,0,0,726,5888
1062,W3,4,4,0,0,0,0,0,0,0,0,0,400,400,400,0,0,0,0,400,400,400,100.000000,12800,25408,50.377834,10,10,10,10,416,1216,0,16,400,25408,75008,0,0,0,0,416,1200,0,0,0,720,5888
1063,W3,4,4,0,0,0,0,0,0,0,0,0,400,400,400,0,0,0,0,400,400,400,100.000000,12800,25408,50.377834,10,10,10,10,416,1216,0,16,400,25408,75008,0,0,0,0,416,1200,0,0,0,757,5888
1064,W3,4,4,0,0,0,0,0,0,0,0,0,400,400,400,0,0,0,0,400,400,400,100.000000,12800,25408,50.377834,10,10,10,10,416,1216,0,16,400,25408,75008,0,0,0,0,416,1200,0,0,0,734,5888
1065,W3,4,4,0,0,0,0,0,0,0,0,0,400,400,400,0,0,0,0,400,400,400,100.000000,12800,25408,50.377834,10,10,10,10,416,1216,0,16,400,25408,75008,0,0,0,0,416,1200,0,0,0,717,5888
1066,W3,4,4,0,0,0,0,0,0,0,0,0,400,400,400,0,0,0,0,400,400,400,100.000000,12800,25408,50.377834,10,10,10,10,416,1216,0,16,400,25408,75008,0,0,0,0,416,1200,0,0,0,763,5888
1067,W3,4,4,0,0,0,0,0,0,0,0,0,400,400,400,0,0,0,0,400,400,400,100.000000,12800,25408,50.377834,10,10,10,10,416,1216,0,16,400,25408,75008,0,0,0,0,416,1200,0,0,0,762,5888
1068,W3,4,4,0,0,0,0,0,0,0,0,0,400,400,400,0,0,0,0,400,400,400,100.000000,12800,25408,50.377834,10,10,10,10,416,1216,0,16,400,25408,75008,0,0,0,0,416,1200,0,0,0,754,5888
1069,W3,4,4,0,0,0,0,0,0,0,0,0,400,400,400,0,0,0,0,400,400,400,100.000000,12800,25408,50.377834,10,10,10,10,416,1216,0,16,400,25408,75008,0,0,0,0,416,1200,0,0,0,743,5888
1070,W3,4,4,0,0,0,0,0,0,0,0,0,400,400,400,0,0,0,0,400,400,400,100.000000,12800,25408,50.377834,10,10,10,10,416,1216,0,16,400,25408,75008,0,0,0,0,416,1200,0,0,0,720,5888
1071,W3,4,4,0,0,0,0,0,0,0,0,0,400,400,400,0,0,0,0,400,400,400,100.000000,12800,25408,50.377834,10,10,10,10,416,1216,0,16,400,25408,75008,0,0,0,0,416,1200,0,0,0,731,5888
1072,W3,4,4,0,0,0,0,0,0,0,0,0,400,400,400,0,0,0,0,400,400,400,100.000000,12800,25408,50.377834,10,10,10,10,416,1216,0,16,400,25408,75008,0,0,0,0,416,1200,0,0,0,733,5888
1073,W3,4,4,0,0,0,0,0,0,0,0,0,400,400,400,0,0,0,0,400,400,400,100.000000,12800,25408,50.377834,10,10,10,10,416,1216,0,16,400,25408,75008,0,0,0,0,416,1200,0,0,0,784,5888
1074,W3,4,4,0,0,0,0,0,0,0,0,0,400,400,400,0,0,0,0,400,400,400,100.000000,12800,25408,50.377834,10,10,10,10,416,1216,0,16,400,25408,75008,0,0,0,0,416,1200,0,0,0,725,5888
1075,W3,4,4,0,0,0,0,0,0,0,0,0,400,400,400,0,0,0,0,400,400,400,100.000000,12800,25408,50.377834,10,10,10,10,416,1216,0,16,400,25408,75008,0,0,0,0,416,1200,0,0,0,721,5888
1076,W3,4,4,0,0,0,0,0,0,0,0,0,400,400,400,0,0,0,0,400,400,400,100.000000,12800,25408,50.377834,10,10,10,10,416,1216,0,16,400,25408,75008,0,0,0,0,416,1200,0,0,0,753,5888
1077,W3,4,4,0,0,0,0,0,0,0,0,0,400,400,400,0,0,0,0,400,400,400,100.000000,12800,25408,50.377834,10,10,10,10,416,1216,0,16,400,25408,75008,0,0,0,0,416,1200,0,0,0,708,5888
1078,W3,4,4,0,0,0,0,0,0,0,0,0,400,400,400,0,0,0,0,400,400,400,100.000000,12800,25408,50.377834,10,10,10,10,416,1216,0,16,400,25408,75008,0,0,0,0,416,1200,0,0,0,742,5888
1079,W3,4,4,0,0,0,0,0,0,0,0,0,400,400,400,0,0,0,0,400,400,400,100.000000,12800,25408,50.377834,10,10,10,10,416,1216,0,16,400,25408,75008,0,0,0,0,416,1200,0,0,0,733,5888
1080,W3,4,4,0,0,0,0,0,0,0,0,0,400,400,400,0,0,0,0,400,400,400,100.000000,12800,25408,50.377834,10,10,10,10,416,1216,0,16,400,25408,75008,0,0,0,0,416,1200,0,0,0,743,5888
1081,W3,4,4,0,0,0,0,0,0,0,0,0,400,400,400,0,0,0,0,400,400,400,100.000000,12800,25408,50.377834,10,10,10,10,416,1216,0,16,400,25408,75008,0,0,0,0,416,1200,0,0,0,739,5888
1082,W3,4,4,0,0,0,0,0,0,0,0,0,400,400,400,0,0,0,0,400,400,400,100.000000,12800,25408,50.377834,10,10,10,10,416,1216,0,16,400,25408,75008,0,0,0,0,416,1200,0,0,0,735,5888
1083,W3,4,4,0,0,0,0,0,0,0,0,0,400,400,400,0,0,0,0,400,400,400,100.000000,12800,25408,50.377834,10,10,10,10,416,1216,0,16,400,25408,75008,0,0,0,0,416,1200,0,0,0,720,5888
1084,W3,4,4,0,0,0,0,0,0,0,0,0,400,400,400,0,0,0,0,400,400,400,100.000000,12800,25408,50.377834,10,10,10,10,416,1216,0,16,400,25408,75008,0,0,0,0,416,1200,0,0,0,774,5888
1085,W3,4,4,0,0,0,0,0,0,0,0,0,400,400,400,0,0,0,0,400,400,400,100.000000,12800,25408,50.377834,10,10,10,10,416,1216,0,16,400,25408,75008,0,0,0,0,416,1200,0,0,0,783,5888
1086,W3,4,4,0,0,0,0,0,0,0,0,0,400,400,400,0,0,0,0,400,400,400,100.000000,12800,25408,50.377834,10,10,10,10,416,1216,0,16,400,25408,75008,0,0,0,0,416,1200,0,0,0,774,5888
1087,W3,4,4,0,0,0,0,0,0,0,0,0,400,400,400,0,0,0,0,400,400,400,100.000000,12800,25408,50.377834,10,10,10,10,416,1216,0,16,400,25408,75008,0,0,0,0,416,1200,0,0,0,746,5888
1088,W3,4,4,0,0,0,0,0,0,0,0,0,400,400,400,0,0,0,0,400,400,400,100.000000,12800,25408,50.377834,10,10,10,10,416,1216,0,16,400,25408,75008,0,0,0,0,416,1200,0,0,0,757,5888
1089,W3,4,4,0,0,0,0,0,0,0,0,0,400,400,400,0,0,0,0,400,400,400,100.000000,12800,25408,50.377834,10,10,10,10,416,1216,0,16,400,25408,75008,0,0,0,0,416,1200,0,0,0,768,5888
1090,W3,4,4,0,0,0,0,0,0,0,0,0,400,400,400,0,0,0,0,400,400,400,100.000000,12800,25408,50.377834,10,10,10,10,416,1216,0,16,400,25408,75008,0,0,0,0,416,1200,0,0,0,739,5888
1091,W3,4,4,0,0,0,0,0,0,0,0,0,400,400,400,0,0,0,0,400,400,400,100.000000,12800,25408,50.377834,10,10,10,10,416,1216,0,16,400,25408,75008,0,0,0,0,416,1200,0,0,0,737,5888
1092,W3,4,4,0,0,0,0,0,0,0,0,0,400,400,400,0,0,0,0,400,400,400,100.000000,12800,25408,50.377834,10,10,10,10,416,1216,0,16,400,25408,75008,0,0,0,0,416,1200,0,0,0,711,5888
1093,W3,4,4,0,0,0,0,0,0,0,0,0,400,400,400,0,0,0,0,400,400,400,100.000000,12800,25408,50.377834,10,10,10,10,416,1216,0,16,400,25408,75008,0,0,0,0,416,1200,0,0,0,738,5888
1094,W3,4,4,0,0,0,0,0,0,0,0,0,400,400,400,0,0,0,0,400,400,400,100.000000,12800,25408,50.377834,10,10,10,10,416,1216,0,16,400,25408,75008,0,0,0,0,416,1200,0,0,0,720,5888
1095,W3,4,4,0,0,0,0,0,0,0,0,0,400,400,400,0,0,0,0,400,400,400,100.000000,12800,25408,50.377834,10,10,10,10,416,1216,0,16,400,25408,75008,0,0,0,0,416,1200,0,0,0,783,5888
1096,W3,4,4,0,0,0,0,0,0,0,0,0,400,400,400,0,0,0,0,400,400,400,100.000000,12800,25408,50.377834,10,10,10,10,416,1216,0,16,400,25408,75008,0,0,0,0,416,1200,0,0,0,704,5888
1097,W3,4,4,0,0,0,0,0,0,0,0,0,400,400,400,0,0,0,0,400,400,400,100.000000,12800,25408,50.377834,10,10,10,10,416,1216,0,16,400,25408,75008,0,0,0,0,416,1200,0,0,0,758,5888
1098,W3,4,4,0,0,0,0,0,0,0,0,0,400,400,400,0,0,0,0,400,400,400,100.000000,12800,25408,50.377834,10,10,10,10,416,1216,0,16,400,25408,75008,0,0,0,0,416,1200,0,0,0,777,5888
1099,W3,4,4,0,0,0,0,0,0,0,0,0,400,400,400,0,0,0,0,400,400,400,100.000000,12800,25408,50.377834,10,10,10,10,416,1216,0,16,400,25408,75008,0,0,0,0,416,1200,0,0,0,745,5888
1100,W3,4,4,0,0,0,0,0,0,0,0,0,400,400,400,0,0,0,0,400,400,400,100.000000,12800,25408,50.377834,10,10,10,10,416,1216,0,16,400,25408,75008,0,0,0,0,416,1200,0,0,0,736,5888
1101,W3,4,4,0,0,0,0,0,0,0,0,0,400,400,400,0,0,0,0,400,400,400,100.000000,12800,25408,50.377834,10,10,10,10,416,1216,0,16,400,25408,75008,0,0,0,0,416,1200,0,0,0,752,5888
1102,W3,4,4,0,0,0,0,0,0,0,0,0,400,400,400,0,0,0,0,400,400,400,100.000000,12800,25408,50.377834,10,10,10,10,416,1216,0,16,400,25408,75008,0,0,0,0,416,1200,0,0,0,749,5888
1103,W3,4,4,0,0,0,0,0,0,0,0,0,400,400,400,0,0,0,0,400,400,400,100.000000,12800,25408,50.377834,10,10,10,10,416,1216,0,16,400,25408,75008,0,0,0,0,416,1200,0,0,0,773,5888
1104,W3,4,4,0,0,0,0,0,0,0,0,0,400,400,400,0,0,0,0,400,400,400,100.000000,12800,25408,50.377834,10,10,10,10,416,1216,0,16,400,25408,75008,0,0,0,0,416,1200,0,0,0,712,5888
1105,W3,4,4,0,0,0,0,0,0,0,0,0,400,400,400,0,0,0,0,400,400,400,100.000000,12800,25408,50.377834,10,10,10,10,416,1216,0,16,400,25408,75008,0,0,0,0,416,1200,0,0,0,759,5888
1106,W3,4,4,0,0,0,0,0,0,0,0,0,400,400,400,0,0,0,0,400,400,400,100.000000,12800,25408,50.377834,10,10,10,10,416,1216,0,16,400,25408,75008,0,0,0,0,416,1200,0,0,0,765,5888
1107,W3,4,4,0,0,0,0,0,0,0,0,0,400,400,400,0,0,0,0,400,400,400,100.000000,12800,25408,50.377834,10,10,10,10,416,1216,0,16,400,25408,75008,0,0,0,0,416,1200,0,0,0,723,5888
1108,W3,4,4,0,0,0,0,0,0,0,0,0,400,400,400,0,0,0,0,400,400,400,100.000000,12800,25408,50.377834,10,10,10,10,416,1216,0,16,400,25408,75008,0,0,0,0,416,1200,0,0,0,753,5888
1109,W3,4,4,0,0,0,0,0,0,0,0,0,400,400,400,0,0,0,0,400,400,400,100.000000,12800,25408,50.377834,10,10,10,10,416,1216,0,16,400,25408,75008,0,0,0,0,416,1200,0,0,0,725,5888
1110,W3,4,4,0,0,0,0,0,0,0,0,0,400,400,400,0,0,0,0,400,400,400,100.000000,12800,25408,50.377834,10,10,10,10,416,1216,0,16,400,25408,75008,0,0,0,0,416,1200,0,0,0,743,5888
1111,W3,4,4,0,0,0,0,0,0,0,0,0,400,400,400,0,0,0,0,400,400,400,100.000000,12800,25408,50.377834,10,10,10,10,416,1216,0,16,400,25408,75008,0,0,0,0,416,1200,0,0,0,724,5888
1112,W3,4,4,0,0,0,0,0,0,0,0,0,400,400,400,0,0,0,0,400,400,400,100.000000,12800,25408,50.377834,10,10,10,10,416,1216,0,16,400,25408,75008,0,0,0,0,416,1200,0,0,0,741,5888
1113,W3,4,4,0,0,0,0,0,0,0,0,0,400,400,400,0,0,0,0,400,400,400,100.000000,12800,25408,50.377834,10,10,10,10,416,1216,0,16,400,25408,75008,0,0,0,0,416,1200,0,0,0,745,5888
1114,W3,4,4,0,0,0,0,0,0,0,0,0,400,400,400,0,0,0,0,400,400,400,100.000000,12800,25408,50.377834,10,10,10,10,416,1216,0,16,400,25408,75008,0,0,0,0,416,1200,0,0,0,729,5888
1115,W3,4,4,0,0,0,0,0,0,0,0,0,400,400,400,0,0,0,0,400,400,400,100.000000,12800,25408,50.377834,10,10,10,10,416,1216,0,16,400,25408,75008,0,0,0,0,416,1200,0,0,0,753,5888
1116,W3,4,4,0,0,0,0,0,0,0,0,0,400,400,400,0,0,0,0,400,400,400,100.000000,12800,25408,50.377834,10,10,10,10,416,1216,0,16,400,25408,75008,0,0,0,0,416,1200,0,0,0,715,5888
1117,W3,4,4,0,0,0,0,0,0,0,0,0,400,400,400,0,0,0,0,400,400,400,100.000000,12800,25408,50.377834,10,10,10,10,416,1216,0,16,400,25408,75008,0,0,0,0,416,1200,0,0,0,743,5888
1118,W3,4,4,0,0,0,0,0,0,0,0,0,400,400,400,0,0,0,0,400,400,400,100.000000,12800,25408,50.377834,10,10,10,10,416,1216,0,16,400,25408,75008,0,0,0,0,416,1200,0,0,0,727,5888
1119,W3,4,4,0,0,0,0,0,0,0,0,0,400,400,400,0,0,0,0,400,400,400,100.000000,12800,25408,50.377834,10,10,10,10,416,1216,0,16,400,25408,75008,0,0,0,0,416,1200,0,0,0,754,5888
1120,W3,4,4,0,0,0,0,0,0,0,0,0,400,400,400,0,0,0,0,400,400,400,100.000000,12800,25408,50.377834,10,10,10,10,416,1216,0,16,400,25408,75008,0,0,0,0,416,1200,0,0,0,728,5888
1121,W3,4,4,0,0,0,0,0,0,0,0,0,400,400,400,0,0,0,0,400,400,400,100.000000,12800,25408,50.377834,10,10,10,10,416,1216,0,16,400,25408,75008,0,0,0,0,416,1200,0,0,0,748,5888
1122,W3,4,4,0,0,0,0,0,0,0,0,0,400,400,400,0,0,0,0,400,400,400,100.000000,12800,25408,50.377834,10,10,10,10,416,1216,0,16,400,25408,75008,0,0,0,0,416,1200,0,0,0,759,5888
1123,W3,4,4,0,0,0,0,0,0,0,0,0,400,400,400,0,0,0,0,400,400,400,100.000000,12800,25408,50.377834,10,10,10,10,416,1216,0,16,400,25408,75008,0,0,0,0,416,1200,0,0,0,741,5888
1124,W3,4,4,0,0,0,0,0,0,0,0,0,400,400,400,0,0,0,0,400,400,400,100.000000,12800,25408,50.377834,10,10,10,10,416,1216,0,16,400,25408,75008,0,0,0,0,416,1200,0,0,0,1049,5888
1125,W3,4,4,0,0,0,0,0,0,0,0,0,400,400,400,0,0,0,0,400,400,400,100.000000,12800,25408,50.377834,10,10,10,10,416,1216,0,16,400,25408,75008,0,0,0,0,416,1200,0,0,0,754,5888
1126,W3,4,4,0,0,0,0,0,0,0,0,0,400,400,400,0,0,0,0,400,400,400,100.000000,12800,25408,50.377834,10,10,10,10,416,1216,0,16,400,25408,75008,0,0,0,0,416,1200,0,0,0,733,5888
1127,W3,4,4,0,0,0,0,0,0,0,0,0,400,400,400,0,0,0,0,400,400,400,100.000000,12800,25408,50.377834,10,10,10,10,416,1216,0,16,400,25408,75008,0,0,0,0,416,1200,0,0,0,736,5888
1128,W3,4,4,0,0,0,0,0,0,0,0,0,400,400,400,0,0,0,0,400,400,400,100.000000,12800,25408,50.377834,10,10,10,10,416,1216,0,16,400,25408,75008,0,0,0,0,416,1200,0,0,0,711,5888
1129,W3,4,4,0,0,0,0,0,0,0,0,0,400,400,400,0,0,0,0,400,400,400,100.000000,12800,25408,50.377834,10,10,10,10,416,1216,0,16,400,25408,75008,0,0,0,0,416,1200,0,0,0,711,5888
1130,W3,4,4,0,0,0,0,0,0,0,0,0,400,400,400,0,0,0,0,400,400,400,100.000000,12800,25408,50.377834,10,10,10,10,416,1216,0,16,400,25408,75008,0,0,0,0,416,1200,0,0,0,744,5888
1131,W3,4,4,0,0,0,0,0,0,0,0,0,400,400,400,0,0,0,0,400,400,400,100.000000,12800,25408,50.377834,10,10,10,10,416,1216,0,16,400,25408,75008,0,0,0,0,416,1200,0,0,0,775,5888
1132,W3,4,4,0,0,0,0,0,0,0,0,0,400,400,400,0,0,0,0,400,400,400,100.000000,12800,25408,50.377834,10,10,10,10,416,1216,0,16,400,25408,75008,0,0,0,0,416,1200,0,0,0,741,5888
1133,W3,4,4,0,0,0,0,0,0,0,0,0,400,400,400,0,0,0,0,400,400,400,100.000000,12800,25408,50.377834,10,10,10,10,416,1216,0,16,400,25408,75008,0,0,0,0,416,1200,0,0,0,774,5888
1134,W3,4,4,0,0,0,0,0,0,0,0,0,400,400,400,0,0,0,0,400,400,400,100.000000,12800,25408,50.377834,10,10,10,10,416,1216,0,16,400,25408,75008,0,0,0,0,416,1200,0,0,0,759,5888
1135,W3,4,4,0,0,0,0,0,0,0,0,0,400,400,400,0,0,0,0,400,400,400,100.000000,12800,25408,50.377834,10,10,10,10,416,1216,0,16,400,25408,75008,0,0,0,0,416,1200,0,0,0,751,5888
1136,W3,4,4,0,0,0,0,0,0,0,0,0,400,400,400,0,0,0,0,400,400,400,100.000000,12800,25408,50.377834,10,10,10,10,416,1216,0,16,400,25408,75008,0,0,0,0,416,1200,0,0,0,762,5888
1137,W3,4,4,0,0,0,0,0,0,0,0,0,400,400,400,0,0,0,0,400,400,400,100.000000,12800,25408,50.377834,10,10,10,10,416,1216,0,16,400,25408,75008,0,0,0,0,416,1200,0,0,0,755,5888
1138,W3,4,4,0,0,0,0,0,0,0,0,0,400,400,400,0,0,0,0,400,400,400,100.000000,12800,25408,50.377834,10,10,10,10,416,1216,0,16,400,25408,75008,0,0,0,0,416,1200,0,0,0,746,5888
1139,W3,4,4,0,0,0,0,0,0,0,0,0,400,400,400,0,0,0,0,400,400,400,100.000000,12800,25408,50.377834,10,10,10,10,416,1216,0,16,400,25408,75008,0,0,0,0,416,1200,0,0,0,731,5888
1140,W3,4,4,0,0,0,0,0,0,0,0,0,400,400,400,0,0,0,0,400,400,400,100.000000,12800,25408,50.377834,10,10,10,10,416,1216,0,16,400,25408,75008,0,0,0,0,416,1200,0,0,0,730,5888
1141,W3,4,4,0,0,0,0,0,0,0,0,0,400,400,400,0,0,0,0,400,400,400,100.000000,12800,25408,50.377834,10,10,10,10,416,1216,0,16,400,25408,75008,0,0,0,0,416,1200,0,0,0,726,5888
1142,W3,4,4,0,0,0,0,0,0,0,0,0,400,400,400,0,0,0,0,400,400,400,100.000000,12800,25408,50.377834,10,10,10,10,416,1216,0,16,400,25408,75008,0,0,0,0,416,1200,0,0,0,711,5888
1143,W3,4,4,0,0,0,0,0,0,0,0,0,400,400,400,0,0,0,0,400,400,400,100.000000,12800,25408,50.377834,10,10,10,10,416,1216,0,16,400,25408,75008,0,0,0,0,416,1200,0,0,0,743,5888
1144,W3,4,4,0,0,0,0,0,0,0,0,0,400,400,400,0,0,0,0,400,400,400,100.000000,12800,25408,50.377834,10,10,10,10,416,1216,0,16,400,25408,75008,0,0,0,0,416,1200,0,0,0,710,5888
1145,W3,4,4,0,0,0,0,0,0,0,0,0,400,400,400,0,0,0,0,400,400,400,100.000000,12800,25408,50.377834,10,10,10,10,416,1216,0,16,400,25408,75008,0,0,0,0,416,1200,0,0,0,719,5888
1146,W3,4,4,0,0,0,0,0,0,0,0,0,400,400,400,0,0,0,0,400,400,400,100.000000,12800,25408,50.377834,10,10,10,10,416,1216,0,16,400,25408,75008,0,0,0,0,416,1200,0,0,0,767,5888
1147,W3,4,4,0,0,0,0,0,0,0,0,0,400,400,400,0,0,0,0,400,400,400,100.000000,12800,25408,50.377834,10,10,10,10,416,1216,0,16,400,25408,75008,0,0,0,0,416,1200,0,0,0,736,5888
1148,W3,4,4,0,0,0,0,0,0,0,0,0,400,400,400,0,0,0,0,400,400,400,100.000000,12800,25408,50.377834,10,10,10,10,416,1216,0,16,400,25408,75008,0,0,0,0,416,1200,0,0,0,748,5888
1149,W3,4,4,0,0,0,0,0,0,0,0,0,400,400,400,0,0,0,0,400,400,400,100.000000,12800,25408,50.377834,10,10,10,10,416,1216,0,16,400,25408,75008,0,0,0,0,416,1200,0,0,0,711,5888
1150,W3,4,4,0,0,0,0,0,0,0,0,0,400,400,400,0,0,0,0,400,400,400,100.000000,12800,25408,50.377834,10,10,10,10,416,1216,0,16,400,25408,75008,0,0,0,0,416,1200,0,0,0,742,5888
1151,W3,4,4,0,0,0,0,0,0,0,0,0,400,400,400,0,0,0,0,400,400,400,100.000000,12800,25408,50.377834,10,10,10,10,416,1216,0,16,400,25408,75008,0,0,0,0,416,1200,0,0,0,754,5888
1152,W3,4,4,0,0,0,0,0,0,0,0,0,400,400,400,0,0,0,0,400,400,400,100.000000,12800,25408,50.377834,10,10,10,10,416,1216,0,16,400,25408,75008,0,0,0,0,416,1200,0,0,0,718,5888
1153,W3,4,4,0,0,0,0,0,0,0,0,0,400,400,400,0,0,0,0,400,400,400,100.000000,12800,25408,50.377834,10,10,10,10,416,1216,0,16,400,25408,75008,0,0,0,0,416,1200,0,0,0,734,5888
1154,W3,4,4,0,0,0,0,0,0,0,0,0,400,400,400,0,0,0,0,400,400,400,100.000000,12800,25408,50.377834,10,10,10,10,416,1216,0,16,400,25408,75008,0,0,0,0,416,1200,0,0,0,761,5888
1155,W3,4,4,0,0,0,0,0,0,0,0,0,400,400,400,0,0,0,0,400,400,400,100.000000,12800,25408,50.377834,10,10,10,10,416,1216,0,16,400,25408,75008,0,0,0,0,416,1200,0,0,0,733,5888
1156,W3,4,4,0,0,0,0,0,0,0,0,0,400,400,400,0,0,0,0,400,400,400,100.000000,12800,25408,50.377834,10,10,10,10,416,1216,0,16,400,25408,75008,0,0,0,0,416,1200,0,0,0,763,5888
1157,W3,4,4,0,0,0,0,0,0,0,0,0,400,400,400,0,0,0,0,400,400,400,100.000000,12800,25408,50.377834,10,10,10,10,416,1216,0,16,400,25408,75008,0,0,0,0,416,1200,0,0,0,744,5888
1158,W3,4,4,0,0,0,0,0,0,0,0,0,400,400,400,0,0,0,0,400,400,400,100.000000,12800,25408,50.377834,10,10,10,10,416,1216,0,16,400,25408,75008,0,0,0,0,416,1200,0,0,0,708,5888
1159,W3,4,4,0,0,0,0,0,0,0,0,0,400,400,400,0,0,0,0,400,400,400,100.000000,12800,25408,50.377834,10,10,10,10,416,1216,0,16,400,25408,75008,0,0,0,0,416,1200,0,0,0,763,5888
1160,W3,4,4,0,0,0,0,0,0,0,0,0,400,400,400,0,0,0,0,400,400,400,100.000000,12800,25408,50.377834,10,10,10,10,416,1216,0,16,400,25408,75008,0,0,0,0,416,1200,0,0,0,725,5888
1161,W3,4,4,0,0,0,0,0,0,0,0,0,400,400,400,0,0,0,0,400,400,400,100.000000,12800,25408,50.377834,10,10,10,10,416,1216,0,16,400,25408,75008,0,0,0,0,416,1200,0,0,0,736,5888
1162,W3,4,4,0,0,0,0,0,0,0,0,0,400,400,400,0,0,0,0,400,400,400,100.000000,12800,25408,50.377834,10,10,10,10,416,1216,0,16,400,25408,75008,0,0,0,0,416,1200,0,0,0,787,5888
1163,W3,4,4,0,0,0,0,0,0,0,0,0,400,400,400,0,0,0,0,400,400,400,100.000000,12800,25408,50.377834,10,10,10,10,416,1216,0,16,400,25408,75008,0,0,0,0,416,1200,0,0,0,739,5888
1164,W3,4,4,0,0,0,0,0,0,0,0,0,400,400,400,0,0,0,0,400,400,400,100.000000,12800,25408,50.377834,10,10,10,10,416,1216,0,16,400,25408,75008,0,0,0,0,416,1200,0,0,0,749,5888
1165,W3,4,4,0,0,0,0,0,0,0,0,0,400,400,400,0,0,0,0,400,400,400,100.000000,12800,25408,50.377834,10,10,10,10,416,1216,0,16,400,25408,75008,0,0,0,0,416,1200,0,0,0,729,5888
1166,W3,4,4,0,0,0,0,0,0,0,0,0,400,400,400,0,0,0,0,400,400,400,100.000000,12800,25408,50.377834,10,10,10,10,416,1216,0,16,400,25408,75008,0,0,0,0,416,1200,0,0,0,711,5888
1167,W3,4,4,0,0,0,0,0,0,0,0,0,400,400,400,0,0,0,0,400,400,400,100.000000,12800,25408,50.377834,10,10,10,10,416,1216,0,16,400,25408,75008,0,0,0,0,416,1200,0,0,0,718,5888
1168,W3,4,4,0,0,0,0,0,0,0,0,0,400,400,400,0,0,0,0,400,400,400,100.000000,12800,25408,50.377834,10,10,10,10,416,1216,0,16,400,25408,75008,0,0,0,0,416,1200,0,0,0,739,5888
1169,W3,4,4,0,0,0,0,0,0,0,0,0,400,400,400,0,0,0,0,400,400,400,100.000000,12800,25408,50.377834,10,10,10,10,416,1216,0,16,400,25408,75008,0,0,0,0,416,1200,0,0,0,737,5888
1170,W3,4,4,0,0,0,0,0,0,0,0,0,400,400,400,0,0,0,0,400,400,400,100.000000,12800,25408,50.377834,10,10,10,10,416,1216,0,16,400,25408,75008,0,0,0,0,416,1200,0,0,0,698,5888
1171,W3,4,4,0,0,0,0,0,0,0,0,0,400,400,400,0,0,0,0,400,400,400,100.000000,12800,25408,50.377834,10,10,10,10,416,1216,0,16,400,25408,75008,0,0,0,0,416,1200,0,0,0,739,5888
1172,W3,4,4,0,0,0,0,0,0,0,0,0,400,400,400,0,0,0,0,400,400,400,100.000000,12800,25408,50.377834,10,10,10,10,416,1216,0,16,400,25408,75008,0,0,0,0,416,1200,0,0,0,741,5888
1173,W3,4,4,0,0,0,0,0,0,0,0,0,400,400,400,0,0,0,0,400,400,400,100.000000,12800,25408,50.377834,10,10,10,10,416,1216,0,16,400,25408,75008,0,0,0,0,416,1200,0,0,0,741,5888
1174,W3,4,4,0,0,0,0,0,0,0,0,0,400,400,400,0,0,0,0,400,400,400,100.000000,12800,25408,50.377834,10,10,10,10,416,1216,0,16,400,25408,75008,0,0,0,0,416,1200,0,0,0,714,5888
1175,W3,4,4,0,0,0,0,0,0,0,0,0,400,400,400,0,0,0,0,400,400,400,100.000000,12800,25408,50.377834,10,10,10,10,416,1216,0,16,400,25408,75008,0,0,0,0,416,1200,0,0,0,723,5888
1176,W3,4,4,0,0,0,0,0,0,0,0,0,400,400,400,0,0,0,0,400,400,400,100.000000,12800,25408,50.377834,10,10,10,10,416,1216,0,16,400,25408,75008,0,0,0,0,416,1200,0,0,0,735,5888
1177,W3,4,4,0,0,0,0,0,0,0,0,0,400,400,400,0,0,0,0,400,400,400,100.000000,12800,25408,50.377834,10,10,10,10,416,1216,0,16,400,25408,75008,0,0,0,0,416,1200,0,0,0,776,5888
1178,W3,4,4,0,0,0,0,0,0,0,0,0,400,400,400,0,0,0,0,400,400,400,100.000000,12800,25408,50.377834,10,10,10,10,416,1216,0,16,400,25408,75008,0,0,0,0,416,1200,0,0,0,766,5888
1179,W3,4,4,0,0,0,0,0,0,0,0,0,400,400,400,0,0,0,0,400,400,400,100.000000,12800,25408,50.377834,10,10,10,10,416,1216,0,16,400,25408,75008,0,0,0,0,416,1200,0,0,0,696,5888
1180,W3,4,4,0,0,0,0,0,0,0,0,0,400,400,400,0,0,0,0,400,400,400,100.000000,12800,25408,50.377834,10,10,10,10,416,1216,0,16,400,25408,75008,0,0,0,0,416,1200,0,0,0,709,5888
1181,W3,4,4,0,0,0,0,0,0,0,0,0,400,400,400,0,0,0,0,400,400,400,100.000000,12800,25408,50.377834,10,10,10,10,416,1216,0,16,400,25408,75008,0,0,0,0,416,1200,0,0,0,728,5888
1182,W3,4,4,0,0,0,0,0,0,0,0,0,400,400,400,0,0,0,0,400,400,400,100.000000,12800,25408,50.377834,10,10,10,10,416,1216,0,16,400,25408,75008,0,0,0,0,416,1200,0,0,0,705,5888
1183,W3,4,4,0,0,0,0,0,0,0,0,0,400,400,400,0,0,0,0,400,400,400,100.000000,12800,25408,50.377834,10,10,10,10,416,1216,0,16,400,25408,75008,0,0,0,0,416,1200,0,0,0,714,5888
1184,W3,4,4,0,0,0,0,0,0,0,0,0,400,400,400,0,0,0,0,400,400,400,100.000000,12800,25408,50.377834,10,10,10,10,416,1216,0,16,400,25408,75008,0,0,0,0,416,1200,0,0,0,776,5888
1185,W3,4,4,0,0,0,0,0,0,0,0,0,400,400,400,0,0,0,0,400,400,400,100.000000,12800,25408,50.377834,10,10,10,10,416,1216,0,16,400,25408,75008,0,0,0,0,416,1200,0,0,0,708,5888
1186,W3,4,4,0,0,0,0,0,0,0,0,0,400,400,400,0,0,0,0,400,400,400,100.000000,12800,25408,50.377834,10,10,10,10,416,1216,0,16,400,25408,75008,0,0,0,0,416,1200,0,0,0,734,5888
1187,W3,4,4,0,0,0,0,0,0,0,0,0,400,400,400,0,0,0,0,400,400,400,100.000000,12800,25408,50.377834,10,10,10,10,416,1216,0,16,400,25408,75008,0,0,0,0,416,1200,0,0,0,741,5888
1188,W3,4,4,0,0,0,0,0,0,0,0,0,400,400,400,0,0,0,0,400,400,400,100.000000,12800,25408,50.377834,10,10,10,10,416,1216,0,16,400,25408,75008,0,0,0,0,416,1200,0,0,0,714,5888
1189,W3,4,4,0,0,0,0,0,0,0,0,0,400,400,400,0,0,0,0,400,400,400,100.000000,12800,25408,50.377834,10,10,10,10,416,1216,0,16,400,25408,75008,0,0,0,0,416,1200,0,0,0,720,5888
1190,W3,4,4,0,0,0,0,0,0,0,0,0,400,400,400,0,0,0,0,400,400,400,100.000000,12800,25408,50.377834,10,10,10,10,416,1216,0,16,400,25408,75008,0,0,0,0,416,1200,0,0,0,709,5888
1191,W3,4,4,0,0,0,0,0,0,0,0,0,400,400,400,0,0,0,0,400,400,400,100.000000,12800,25408,50.377834,10,10,10,10,416,1216,0,16,400,25408,75008,0,0,0,0,416,1200,0,0,0,727,5888
1192,W3,4,4,0,0,0,0,0,0,0,0,0,400,400,400,0,0,0,0,400,400,400,100.000000,12800,25408,50.377834,10,10,10,10,416,1216,0,16,400,25408,75008,0,0,0,0,416,1200,0,0,0,698,5888
1193,W3,4,4,0,0,0,0,0,0,0,0,0,400,400,400,0,0,0,0,400,400,400,100.000000,12800,25408,50.377834,10,10,10,10,416,1216,0,16,400,25408,75008,0,0,0,0,416,1200,0,0,0,740,5888
1194,W3,4,4,0,0,0,0,0,0,0,0,0,400,400,400,0,0,0,0,400,400,400,100.000000,12800,25408,50.377834,10,10,10,10,416,1216,0,16,400,25408,75008,0,0,0,0,416,1200,0,0,0,708,5888
1195,W3,4,4,0,0,0,0,0,0,0,0,0,400,400,400,0,0,0,0,400,400,400,100.000000,12800,25408,50.377834,10,10,10,10,416,1216,0,16,400,25408,75008,0,0,0,0,416,1200,0,0,0,735,5888
1196,W3,4,4,0,0,0,0,0,0,0,0,0,400,400,400,0,0,0,0,400,400,400,100.000000,12800,25408,50.377834,10,10,10,10,416,1216,0,16,400,25408,75008,0,0,0,0,416,1200,0,0,0,763,5888
1197,W3,4,4,0,0,0,0,0,0,0,0,0,400,400,400,0,0,0,0,400,400,400,100.000000,12800,25408,50.377834,10,10,10,10,416,1216,0,16,400,25408,75008,0,0,0,0,416,1200,0,0,0,764,5888
1198,W3,4,4,0,0,0,0,0,0,0,0,0,400,400,400,0,0,0,0,400,400,400,100.000000,12800,25408,50.377834,10,10,10,10,416,1216,0,16,400,25408,75008,0,0,0,0,416,1200,0,0,0,708,5888
1199,W3,4,4,0,0,0,0,0,0,0,0,0,400,400,400,0,0,0,0,400,400,400,100.000000,12800,25408,50.377834,10,10,10,10,416,1216,0,16,400,25408,75008,0,0,0,0,416,1200,0,0,0,724,5888
1200,W3,4,4,0,0,0,0,0,0,0,0,0,400,400,400,0,0,0,0,400,400,400,100.000000,12800,25408,50.377834,10,10,10,10,416,1216,0,16,400,25408,75008,0,0,0,0,416,1200,0,0,0,745,5888
1201,W3,4,4,0,0,0,0,0,0,0,0,0,400,400,400,0,0,0,0,400,400,400,100.000000,12800,25408,50.377834,10,10,10,10,416,1216,0,16,400,25408,75008,0,0,0,0,416,1200,0,0,0,719,5888
1202,W3,4,4,0,0,0,0,0,0,0,0,0,400,400,400,0,0,0,0,400,400,400,100.000000,12800,25408,50.377834,10,10,10,10,416,1216,0,16,400,25408,75008,0,0,0,0,416,1200,0,0,0,726,5888
1203,W3,4,4,0,0,0,0,0,0,0,0,0,400,400,400,0,0,0,0,400,400,400,100.000000,12800,25408,50.377834,10,10,10,10,416,1216,0,16,400,25408,75008,0,0,0,0,416,1200,0,0,0,708,5888
1204,W3,4,4,0,0,0,0,0,0,0,0,0,400,400,400,0,0,0,0,400,400,400,100.000000,12800,25408,50.377834,10,10,10,10,416,1216,0,16,400,25408,75008,0,0,0,0,416,1200,0,0,0,741,5888
1205,W3,4,4,0,0,0,0,0,0,0,0,0,400,400,400,0,0,0,0,400,400,400,100.000000,12800,25408,50.377834,10,10,10,10,416,1216,0,16,400,25408,75008,0,0,0,0,416,1200,0,0,0,726,5888
1206,W3,4,4,0,0,0,0,0,0,0,0,0,400,400,400,0,0,0,0,400,400,400,100.000000,12800,25408,50.377834,10,10,10,10,416,1216,0,16,400,25408,75008,0,0,0,0,416,1200,0,0,0,701,5888
1207,W3,4,4,0,0,0,0,0,0,0,0,0,400,400,400,0,0,0,0,400,400,400,100.000000,12800,25408,50.377834,10,10,10,10,416,1216,0,16,400,25408,75008,0,0,0,0,416,1200,0,0,0,720,5888
1208,W3,4,4,0,0,0,0,0,0,0,0,0,400,400,400,0,0,0,0,400,400,400,100.000000,12800,25408,50.377834,10,10,10,10,416,1216,0,16,400,25408,75008,0,0,0,0,416,1200,0,0,0,721,5888
1209,W3,4,4,0,0,0,0,0,0,0,0,0,400,400,400,0,0,0,0,400,400,400,100.000000,12800,25408,50.377834,10,10,10,10,416,1216,0,16,400,25408,75008,0,0,0,0,416,1200,0,0,0,701,5888
1210,W3,4,4,0,0,0,0,0,0,0,0,0,400,400,400,0,0,0,0,400,400,400,100.000000,12800,25408,50.377834,10,10,10,10,416,1216,0,16,400,25408,75008,0,0,0,0,416,1200,0,0,0,726,5888
1211,W3,4,4,0,0,0,0,0,0,0,0,0,400,400,400,0,0,0,0,400,400,400,100.000000,12800,25408,50.377834,10,10,10,10,416,1216,0,16,400,25408,75008,0,0,0,0,416,1200,0,0,0,693,5888
1212,W3,4,4,0,0,0,0,0,0,0,0,0,400,400,400,0,0,0,0,400,400,400,100.000000,12800,25408,50.377834,10,10,10,10,416,1216,0,16,400,25408,75008,0,0,0,0,416,1200,0,0,0,700,5888
1213,W3,4,4,0,0,0,0,0,0,0,0,0,400,400,400,0,0,0,0,400,400,400,100.000000,12800,25408,50.377834,10,10,10,10,416,1216,0,16,400,25408,75008,0,0,0,0,416,1200,0,0,0,745,5888
1214,W3,4,4,0,0,0,0,0,0,0,0,0,400,400,400,0,0,0,0,400,400,400,100.000000,12800,25408,50.377834,10,10,10,10,416,1216,0,16,400,25408,75008,0,0,0,0,416,1200,0,0,0,952,5888
1215,W3,4,4,0,0,0,0,0,0,0,0,0,400,400,400,0,0,0,0,400,400,400,100.000000,12800,25408,50.377834,10,10,10,10,416,1216,0,16,400,25408,75008,0,0,0,0,416,1200,0,0,0,740,5888
1216,W3,4,4,0,0,0,0,0,0,0,0,0,400,400,400,0,0,0,0,400,400,400,100.000000,12800,25408,50.377834,10,10,10,10,416,1216,0,16,400,25408,75008,0,0,0,0,416,1200,0,0,0,709,5888
1217,W3,4,4,0,0,0,0,0,0,0,0,0,400,400,400,0,0,0,0,400,400,400,100.000000,12800,25408,50.377834,10,10,10,10,416,1216,0,16,400,25408,75008,0,0,0,0,416,1200,0,0,0,767,5888
1218,W3,4,4,0,0,0,0,0,0,0,0,0,400,400,400,0,0,0,0,400,400,400,100.000000,12800,25408,50.377834,10,10,10,10,416,1216,0,16,400,25408,75008,0,0,0,0,416,1200,0,0,0,734,5888
1219,W3,4,4,0,0,0,0,0,0,0,0,0,400,400,400,0,0,0,0,400,400,400,100.000000,12800,25408,50.377834,10,10,10,10,416,1216,0,16,400,25408,75008,0,0,0,0,416,1200,0,0,0,836,5888
1220,W3,4,4,0,0,0,0,0,0,0,0,0,400,400,400,0,0,0,0,400,400,400,100.000000,12800,25408,50.377834,10,10,10,10,416,1216,0,16,400,25408,75008,0,0,0,0,416,1200,0,0,0,775,5888
1221,W3,4,4,0,0,0,0,0,0,0,0,0,400,400,400,0,0,0,0,400,400,400,100.000000,12800,25408,50.377834,10,10,10,10,416,1216,0,16,400,25408,75008,0,0,0,0,416,1200,0,0,0,737,5888
1222,W3,4,4,0,0,0,0,0,0,0,0,0,400,400,400,0,0,0,0,400,400,400,100.000000,12800,25408,50.377834,10,10,10,10,416,1216,0,16,400,25408,75008,0,0,0,0,416,1200,0,0,0,746,5888
1223,W3,4,4,0,0,0,0,0,0,0,0,0,400,400,400,0,0,0,0,400,400,400,100.000000,12800,25408,50.377834,10,10,10,10,416,1216,0,16,400,25408,75008,0,0,0,0,416,1200,0,0,0,747,5888
1224,W3,4,4,0,0,0,0,0,0,0,0,0,400,400,400,0,0,0,0,400,400,400,100.000000,12800,25408,50.377834,10,10,10,10,416,1216,0,16,400,25408,75008,0,0,0,0,416,1200,0,0,0,724,5888
1225,W3,4,4,0,0,0,0,0,0,0,0,0,400,400,400,0,0,0,0,400,400,400,100.000000,12800,25408,50.377834,10,10,10,10,416,1216,0,16,400,25408,75008,0,0,0,0,416,1200,0,0,0,736,5888
1226,W3,4,4,0,0,0,0,0,0,0,0,0,400,400,400,0,0,0,0,400,400,400,100.000000,12800,25408,50.377834,10,10,10,10,416,1216,0,16,400,25408,75008,0,0,0,0,416,1200,0,0,0,796,5888
1227,W3,4,4,0,0,0,0,0,0,0,0,0,400,400,400,0,0,0,0,400,400,400,100.000000,12800,25408,50.377834,10,10,10,10,416,1216,0,16,400,25408,75008,0,0,0,0,416,1200,0,0,0,762,5888
1228,W3,4,4,0,0,0,0,0,0,0,0,0,400,400,400,0,0,0,0,400,400,400,100.000000,12800,25408,50.377834,10,10,10,10,416,1216,0,16,400,25408,75008,0,0,0,0,416,1200,0,0,0,735,5888
1229,W3,4,4,0,0,0,0,0,0,0,0,0,400,400,400,0,0,0,0,400,400,400,100.000000,12800,25408,50.377834,10,10,10,10,416,1216,0,16,400,25408,75008,0,0,0,0,416,1200,0,0,0,767,5888
1230,W3,4,4,0,0,0,0,0,0,0,0,0,400,400,400,0,0,0,0,400,400,400,100.000000,12800,25408,50.377834,10,10,10,10,416,1216,0,16,400,25408,75008,0,0,0,0,416,1200,0,0,0,729,5888
1231,W3,4,4,0,0,0,0,0,0,0,0,0,400,400,400,0,0,0,0,400,400,400,100.000000,12800,25408,50.377834,10,10,10,10,416,1216,0,16,400,25408,75008,0,0,0,0,416,1200,0,0,0,727,5888
1232,W3,4,4,0,0,0,0,0,0,0,0,0,400,400,400,0,0,0,0,400,400,400,100.000000,12800,25408,50.377834,10,10,10,10,416,1216,0,16,400,25408,75008,0,0,0,0,416,1200,0,0,0,753,5888
1233,W3,4,4,0,0,0,0,0,0,0,0,0,400,400,400,0,0,0,0,400,400,400,100.000000,12800,25408,50.377834,10,10,10,10,416,1216,0,16,400,25408,75008,0,0,0,0,416,1200,0,0,0,770,5888
1234,W3,4,4,0,0,0,0,0,0,0,0,0,400,400,400,0,0,0,0,400,400,400,100.000000,12800,25408,50.377834,10,10,10,10,416,1216,0,16,400,25408,75008,0,0,0,0,416,1200,0,0,0,747,5888
1235,W3,4,4,0,0,0,0,0,0,0,0,0,400,400,400,0,0,0,0,400,400,400,100.000000,12800,25408,50.377834,10,10,10,10,416,1216,0,16,400,25408,75008,0,0,0,0,416,1200,0,0,0,714,5888
1236,W3,4,4,0,0,0,0,0,0,0,0,0,400,400,400,0,0,0,0,400,400,400,100.000000,12800,25408,50.377834,10,10,10,10,416,1216,0,16,400,25408,75008,0,0,0,0,416,1200,0,0,0,768,5888
1237,W3,4,4,0,0,0,0,0,0,0,0,0,400,400,400,0,0,0,0,400,400,400,100.000000,12800,25408,50.377834,10,10,10,10,416,1216,0,16,400,25408,75008,0,0,0,0,416,1200,0,0,0,750,5888
1238,W3,4,4,0,0,0,0,0,0,0,0,0,400,400,400,0,0,0,0,400,400,400,100.000000,12800,25408,50.377834,10,10,10,10,416,1216,0,16,400,25408,75008,0,0,0,0,416,1200,0,0,0,733,5888
1239,W3,4,4,0,0,0,0,0,0,0,0,0,400,400,400,0,0,0,0,400,400,400,100.000000,12800,25408,50.377834,10,10,10,10,416,1216,0,16,400,25408,75008,0,0,0,0,416,1200,0,0,0,755,5888
1240,W3,4,4,0,0,0,0,0,0,0,0,0,400,400,400,0,0,0,0,400,400,400,100.000000,12800,25408,50.377834,10,10,10,10,416,1216,0,16,400,25408,75008,0,0,0,0,416,1200,0,0,0,781,5888
1241,W3,4,4,0,0,0,0,0,0,0,0,0,400,400,400,0,0,0,0,400,400,400,100.000000,12800,25408,50.377834,10,10,10,10,416,1216,0,16,400,25408,75008,0,0,0,0,416,1200,0,0,0,923,5888
1242,W3,4,4,0,0,0,0,0,0,0,0,0,400,400,400,0,0,0,0,400,400,400,100.000000,12800,25408,50.377834,10,10,10,10,416,1216,0,16,400,25408,75008,0,0,0,0,416,1200,0,0,0,741,5888
1243,W3,4,4,0,0,0,0,0,0,0,0,0,400,400,400,0,0,0,0,400,400,400,100.000000,12800,25408,50.377834,10,10,10,10,416,1216,0,16,400,25408,75008,0,0,0,0,416,1200,0,0,0,742,5888
1244,W3,4,4,0,0,0,0,0,0,0,0,0,400,400,400,0,0,0,0,400,400,400,100.000000,12800,25408,50.377834,10,10,10,10,416,1216,0,16,400,25408,75008,0,0,0,0,416,1200,0,0,0,769,5888
1245,W3,4,4,0,0,0,0,0,0,0,0,0,400,400,400,0,0,0,0,400,400,400,100.000000,12800,25408,50.377834,10,10,10,10,416,1216,0,16,400,25408,75008,0,0,0,0,416,1200,0,0,0,768,5888
1246,W3,4,4,0,0,0,0,0,0,0,0,0,400,400,400,0,0,0,0,400,400,400,100.000000,12800,25408,50.377834,10,10,10,10,416,1216,0,16,400,25408,75008,0,0,0,0,416,1200,0,0,0,722,5888
1247,W3,4,4,0,0,0,0,0,0,0,0,0,400,400,400,0,0,0,0,400,400,400,100.000000,12800,25408,50.377834,10,10,10,10,416,1216,0,16,400,25408,75008,0,0,0,0,416,1200,0,0,0,762,5888
1248,W3,4,4,0,0,0,0,0,0,0,0,0,400,400,400,0,0,0,0,400,400,400,100.000000,12800,25408,50.377834,10,10,10,10,416,1216,0,16,400,25408,75008,0,0,0,0,416,1200,0,0,0,730,5888
1249,W3,4,4,0,0,0,0,0,0,0,0,0,400,400,400,0,0,0,0,400,400,400,100.000000,12800,25408,50.377834,10,10,10,10,416,1216,0,16,400,25408,75008,0,0,0,0,416,1200,0,0,0,735,5888
1250,W3,4,4,0,0,0,0,0,0,0,0,0,400,400,400,0,0,0,0,400,400,400,100.000000,12800,25408,50.377834,10,10,10,10,416,1216,0,16,400,25408,75008,0,0,0,0,416,1200,0,0,0,717,5888
1251,W3,4,4,0,0,0,0,0,0,0,0,0,400,400,400,0,0,0,0,400,400,400,100.000000,12800,25408,50.377834,10,10,10,10,416,1216,0,16,400,25408,75008,0,0,0,0,416,1200,0,0,0,747,5888
1252,W3,4,4,0,0,0,0,0,0,0,0,0,400,400,400,0,0,0,0,400,400,400,100.000000,12800,25408,50.377834,10,10,10,10,416,1216,0,16,400,25408,75008,0,0,0,0,416,1200,0,0,0,774,5888
1253,W3,4,4,0,0,0,0,0,0,0,0,0,400,400,400,0,0,0,0,400,400,400,100.000000,12800,25408,50.377834,10,10,10,10,416,1216,0,16,400,25408,75008,0,0,0,0,416,1200,0,0,0,739,5888
1254,W3,4,4,0,0,0,0,0,0,0,0,0,400,400,400,0,0,0,0,400,400,400,100.000000,12800,25408,50.377834,10,10,10,10,416,1216,0,16,400,25408,75008,0,0,0,0,416,1200,0,0,0,712,5888
1255,W3,4,4,0,0,0,0,0,0,0,0,0,400,400,400,0,0,0,0,400,400,400,100.000000,12800,25408,50.377834,10,10,10,10,416,1216,0,16,400,25408,75008,0,0,0,0,416,1200,0,0,0,738,5888
1256,W3,4,4,0,0,0,0,0,0,0,0,0,400,400,400,0,0,0,0,400,400,400,100.000000,12800,25408,50.377834,10,10,10,10,416,1216,0,16,400,25408,75008,0,0,0,0,416,1200,0,0,0,739,5888
1257,W3,4,4,0,0,0,0,0,0,0,0,0,400,400,400,0,0,0,0,400,400,400,100.000000,12800,25408,50.377834,10,10,10,10,416,1216,0,16,400,25408,75008,0,0,0,0,416,1200,0,0,0,717,5888
1258,W3,4,4,0,0,0,0,0,0,0,0,0,400,400,400,0,0,0,0,400,400,400,100.000000,12800,25408,50.377834,10,10,10,10,416,1216,0,16,400,25408,75008,0,0,0,0,416,1200,0,0,0,750,5888
1259,W3,4,4,0,0,0,0,0,0,0,0,0,400,400,400,0,0,0,0,400,400,400,100.000000,12800,25408,50.377834,10,10,10,10,416,1216,0,16,400,25408,75008,0,0,0,0,416,1200,0,0,0,734,5888
1260,W3,4,4,0,0,0,0,0,0,0,0,0,400,400,400,0,0,0,0,400,400,400,100.000000,12800,25408,50.377834,10,10,10,10,416,1216,0,16,400,25408,75008,0,0,0,0,416,1200,0,0,0,733,5888
1261,W3,4,4,0,0,0,0,0,0,0,0,0,400,400,400,0,0,0,0,400,400,400,100.000000,12800,25408,50.377834,10,10,10,10,416,1216,0,16,400,25408,75008,0,0,0,0,416,1200,0,0,0,738,5888
1262,W3,4,4,0,0,0,0,0,0,0,0,0,400,400,400,0,0,0,0,400,400,400,100.000000,12800,25408,50.377834,10,10,10,10,416,1216,0,16,400,25408,75008,0,0,0,0,416,1200,0,0,0,731,5888
1263,W3,4,4,0,0,0,0,0,0,0,0,0,400,400,400,0,0,0,0,400,400,400,100.000000,12800,25408,50.377834,10,10,10,10,416,1216,0,16,400,25408,75008,0,0,0,0,416,1200,0,0,0,727,5888
1264,W3,4,4,0,0,0,0,0,0,0,0,0,400,400,400,0,0,0,0,400,400,400,100.000000,12800,25408,50.377834,10,10,10,10,416,1216,0,16,400,25408,75008,0,0,0,0,416,1200,0,0,0,724,5888
1265,W3,4,4,0,0,0,0,0,0,0,0,0,400,400,400,0,0,0,0,400,400,400,100.000000,12800,25408,50.377834,10,10,10,10,416,1216,0,16,400,25408,75008,0,0,0,0,416,1200,0,0,0,727,5888
1266,W3,4,4,0,0,0,0,0,0,0,0,0,400,400,400,0,0,0,0,400,400,400,100.000000,12800,25408,50.377834,10,10,10,10,416,1216,0,16,400,25408,75008,0,0,0,0,416,1200,0,0,0,852,5888
1267,W3,4,4,0,0,0,0,0,0,0,0,0,400,400,400,0,0,0,0,400,400,400,100.000000,12800,25408,50.377834,10,10,10,10,416,1216,0,16,400,25408,75008,0,0,0,0,416,1200,0,0,0,761,5888
1268,W3,4,4,0,0,0,0,0,0,0,0,0,400,400,400,0,0,0,0,400,400,400,100.000000,12800,25408,50.377834,10,10,10,10,416,1216,0,16,400,25408,75008,0,0,0,0,416,1200,0,0,0,752,5888
1269,W3,4,4,0,0,0,0,0,0,0,0,0,400,400,400,0,0,0,0,400,400,400,100.000000,12800,25408,50.377834,10,10,10,10,416,1216,0,16,400,25408,75008,0,0,0,0,416,1200,0,0,0,767,5888
1270,W3,4,4,0,0,0,0,0,0,0,0,0,400,400,400,0,0,0,0,400,400,400,100.000000,12800,25408,50.377834,10,10,10,10,416,1216,0,16,400,25408,75008,0,0,0,0,416,1200,0,0,0,720,5888
1271,W3,4,4,0,0,0,0,0,0,0,0,0,400,400,400,0,0,0,0,400,400,400,100.000000,12800,25408,50.377834,10,10,10,10,416,1216,0,16,400,25408,75008,0,0,0,0,416,1200,0,0,0,718,5888
1272,W3,4,4,0,0,0,0,0,0,0,0,0,400,400,400,0,0,0,0,400,400,400,100.000000,12800,25408,50.377834,10,10,10,10,416,1216,0,16,400,25408,75008,0,0,0,0,416,1200,0,0,0,707,5888
1273,W3,4,4,0,0,0,0,0,0,0,0,0,400,400,400,0,0,0,0,400,400,400,100.000000,12800,25408,50.377834,10,10,10,10,416,1216,0,16,400,25408,75008,0,0,0,0,416,1200,0,0,0,714,5888
1274,W3,4,4,0,0,0,0,0,0,0,0,0,400,400,400,0,0,0,0,400,400,400,100.000000,12800,25408,50.377834,10,10,10,10,416,1216,0,16,400,25408,75008,0,0,0,0,416,1200,0,0,0,735,5888
1275,W3,4,4,0,0,0,0,0,0,0,0,0,400,400,400,0,0,0,0,400,400,400,100.000000,12800,25408,50.377834,10,10,10,10,416,1216,0,16,400,25408,75008,0,0,0,0,416,1200,0,0,0,719,5888
1276,W3,4,4,0,0,0,0,0,0,0,0,0,400,400,400,0,0,0,0,400,400,400,100.000000,12800,25408,50.377834,10,10,10,10,416,1216,0,16,400,25408,75008,0,0,0,0,416,1200,0,0,0,718,5888
1277,W3,4,4,0,0,0,0,0,0,0,0,0,400,400,400,0,0,0,0,400,400,400,100.000000,12800,25408,50.377834,10,10,10,10,416,1216,0,16,400,25408,75008,0,0,0,0,416,1200,0,0,0,711,5888
1278,W3,4,4,0,0,0,0,0,0,0,0,0,400,400,400,0,0,0,0,400,400,400,100.000000,12800,25408,50.377834,10,10,10,10,416,1216,0,16,400,25408,75008,0,0,0,0,416,1200,0,0,0,707,5888
1279,W3,4,4,0,0,0,0,0,0,0,0,0,400,400,400,0,0,0,0,400,400,400,100.000000,12800,25408,50.377834,10,10,10,10,416,1216,0,16,400,25408,75008,0,0,0,0,416,1200,0,0,0,723,5888
1280,W3,4,4,0,0,0,0,0,0,0,0,0,400,400,400,0,0,0,0,400,400,400,100.000000,12800,25408,50.377834,10,10,10,10,416,1216,0,16,400,25408,75008,0,0,0,0,416,1200,0,0,0,759,5888
1281,W3,4,4,0,0,0,0,0,0,0,0,0,400,400,400,0,0,0,0,400,400,400,100.000000,12800,25408,50.377834,10,10,10,10,416,1216,0,16,400,25408,75008,0,0,0,0,416,1200,0,0,0,773,5888
1282,W3,4,4,0,0,0,0,0,0,0,0,0,400,400,400,0,0,0,0,400,400,400,100.000000,12800,25408,50.377834,10,10,10,10,416,1216,0,16,400,25408,75008,0,0,0,0,416,1200,0,0,0,798,5888
1283,W3,4,4,0,0,0,0,0,0,0,0,0,400,400,400,0,0,0,0,400,400,400,100.000000,12800,25408,50.377834,10,10,10,10,416,1216,0,16,400,25408,75008,0,0,0,0,416,1200,0,0,0,757,5888
1284,W3,4,4,0,0,0,0,0,0,0,0,0,400,400,400,0,0,0,0,400,400,400,100.000000,12800,25408,50.377834,10,10,10,10,416,1216,0,16,400,25408,75008,0,0,0,0,416,1200,0,0,0,732,5888
1285,W3,4,4,0,0,0,0,0,0,0,0,0,400,400,400,0,0,0,0,400,400,400,100.000000,12800,25408,50.377834,10,10,10,10,416,1216,0,16,400,25408,75008,0,0,0,0,416,1200,0,0,0,717,5888
1286,W3,4,4,0,0,0,0,0,0,0,0,0,400,400,400,0,0,0,0,400,400,400,100.000000,12800,25408,50.377834,10,10,10,10,416,1216,0,16,400,25408,75008,0,0,0,0,416,1200,0,0,0,720,5888
1287,W3,4,4,0,0,0,0,0,0,0,0,0,400,400,400,0,0,0,0,400,400,400,100.000000,12800,25408,50.377834,10,10,10,10,416,1216,0,16,400,25408,75008,0,0,0,0,416,1200,0,0,0,791,5888
1288,W3,4,4,0,0,0,0,0,0,0,0,0,400,400,400,0,0,0,0,400,400,400,100.000000,12800,25408,50.377834,10,10,10,10,416,1216,0,16,400,25408,75008,0,0,0,0,416,1200,0,0,0,802,5888
1289,W3,4,4,0,0,0,0,0,0,0,0,0,400,400,400,0,0,0,0,400,400,400,100.000000,12800,25408,50.377834,10,10,10,10,416,1216,0,16,400,25408,75008,0,0,0,0,416,1200,0,0,0,729,5888
1290,W3,4,4,0,0,0,0,0,0,0,0,0,400,400,400,0,0,0,0,400,400,400,100.000000,12800,25408,50.377834,10,10,10,10,416,1216,0,16,400,25408,75008,0,0,0,0,416,1200,0,0,0,727,5888
1291,W3,4,4,0,0,0,0,0,0,0,0,0,400,400,400,0,0,0,0,400,400,400,100.000000,12800,25408,50.377834,10,10,10,10,416,1216,0,16,400,25408,75008,0,0,0,0,416,1200,0,0,0,740,5888
1292,W3,4,4,0,0,0,0,0,0,0,0,0,400,400,400,0,0,0,0,400,400,400,100.000000,12800,25408,50.377834,10,10,10,10,416,1216,0,16,400,25408,75008,0,0,0,0,416,1200,0,0,0,794,5888
1293,W3,4,4,0,0,0,0,0,0,0,0,0,400,400,400,0,0,0,0,400,400,400,100.000000,12800,25408,50.377834,10,10,10,10,416,1216,0,16,400,25408,75008,0,0,0,0,416,1200,0,0,0,735,5888
1294,W3,4,4,0,0,0,0,0,0,0,0,0,400,400,400,0,0,0,0,400,400,400,100.000000,12800,25408,50.377834,10,10,10,10,416,1216,0,16,400,25408,75008,0,0,0,0,416,1200,0,0,0,738,5888
1295,W3,4,4,0,0,0,0,0,0,0,0,0,400,400,400,0,0,0,0,400,400,400,100.000000,12800,25408,50.377834,10,10,10,10,416,1216,0,16,400,25408,75008,0,0,0,0,416,1200,0,0,0,732,5888
1296,W3,4,4,0,0,0,0,0,0,0,0,0,400,400,400,0,0,0,0,400,400,400,100.000000,12800,25408,50.377834,10,10,10,10,416,1216,0,16,400,25408,75008,0,0,0,0,416,1200,0,0,0,735,5888
1297,W3,4,4,0,0,0,0,0,0,0,0,0,400,400,400,0,0,0,0,400,400,400,100.000000,12800,25408,50.377834,10,10,10,10,416,1216,0,16,400,25408,75008,0,0,0,0,416,1200,0,0,0,731,5888
1298,W3,4,4,0,0,0,0,0,0,0,0,0,400,400,400,0,0,0,0,400,400,400,100.000000,12800,25408,50.377834,10,10,10,10,416,1216,0,16,400,25408,75008,0,0,0,0,416,1200,0,0,0,707,5888
1299,W3,4,4,0,0,0,0,0,0,0,0,0,400,400,400,0,0,0,0,400,400,400,100.000000,12800,25408,50.377834,10,10,10,10,416,1216,0,16,400,25408,75008,0,0,0,0,416,1200,0,0,0,718,5888
1300,W3,4,4,0,0,0,0,0,0,0,0,0,400,400,400,0,0,0,0,400,400,400,100.000000,12800,25408,50.377834,10,10,10,10,416,1216,0,16,400,25408,75008,0,0,0,0,416,1200,0,0,0,810,5888
1301,W3,4,4,0,0,0,0,0,0,0,0,0,400,400,400,0,0,0,0,400,400,400,100.000000,12800,25408,50.377834,10,10,10,10,416,1216,0,16,400,25408,75008,0,0,0,0,416,1200,0,0,0,705,5888
1302,W3,4,4,0,0,0,0,0,0,0,0,0,400,400,400,0,0,0,0,400,400,400,100.000000,12800,25408,50.377834,10,10,10,10,416,1216,0,16,400,25408,75008,0,0,0,0,416,1200,0,0,0,763,5888
1303,W3,4,4,0,0,0,0,0,0,0,0,0,400,400,400,0,0,0,0,400,400,400,100.000000,12800,25408,50.377834,10,10,10,10,416,1216,0,16,400,25408,75008,0,0,0,0,416,1200,0,0,0,715,5888
1304,W3,4,4,0,0,0,0,0,0,0,0,0,400,400,400,0,0,0,0,400,400,400,100.000000,12800,25408,50.377834,10,10,10,10,416,1216,0,16,400,25408,75008,0,0,0,0,416,1200,0,0,0,746,5888
1305,W3,4,4,0,0,0,0,0,0,0,0,0,400,400,400,0,0,0,0,400,400,400,100.000000,12800,25408,50.377834,10,10,10,10,416,1216,0,16,400,25408,75008,0,0,0,0,416,1200,0,0,0,726,5888
1306,W3,4,4,0,0,0,0,0,0,0,0,0,400,400,400,0,0,0,0,400,400,400,100.000000,12800,25408,50.377834,10,10,10,10,416,1216,0,16,400,25408,75008,0,0,0,0,416,1200,0,0,0,723,5888
1307,W3,4,4,0,0,0,0,0,0,0,0,0,400,400,400,0,0,0,0,400,400,400,100.000000,12800,25408,50.377834,10,10,10,10,416,1216,0,16,400,25408,75008,0,0,0,0,416,1200,0,0,0,724,5888
1308,W3,4,4,0,0,0,0,0,0,0,0,0,400,400,400,0,0,0,0,400,400,400,100.000000,12800,25408,50.377834,10,10,10,10,416,1216,0,16,400,25408,75008,0,0,0,0,416,1200,0,0,0,726,5888
1309,W3,4,4,0,0,0,0,0,0,0,0,0,400,400,400,0,0,0,0,400,400,400,100.000000,12800,25408,50.377834,10,10,10,10,416,1216,0,16,400,25408,75008,0,0,0,0,416,1200,0,0,0,784,5888
1310,W3,4,4,0,0,0,0,0,0,0,0,0,400,400,400,0,0,0,0,400,400,400,100.000000,12800,25408,50.377834,10,10,10,10,416,1216,0,16,400,25408,75008,0,0,0,0,416,1200,0,0,0,716,5888
1311,W3,4,4,0,0,0,0,0,0,0,0,0,400,400,400,0,0,0,0,400,400,400,100.000000,12800,25408,50.377834,10,10,10,10,416,1216,0,16,400,25408,75008,0,0,0,0,416,1200,0,0,0,751,5888
1312,W3,4,4,0,0,0,0,0,0,0,0,0,400,400,400,0,0,0,0,400,400,400,100.000000,12800,25408,50.377834,10,10,10,10,416,1216,0,16,400,25408,75008,0,0,0,0,416,1200,0,0,0,754,5888
1313,W3,4,4,0,0,0,0,0,0,0,0,0,400,400,400,0,0,0,0,400,400,400,100.000000,12800,25408,50.377834,10,10,10,10,416,1216,0,16,400,25408,75008,0,0,0,0,416,1200,0,0,0,709,5888
1314,W3,4,4,0,0,0,0,0,0,0,0,0,400,400,400,0,0,0,0,400,400,400,100.000000,12800,25408,50.377834,10,10,10,10,416,1216,0,16,400,25408,75008,0,0,0,0,416,1200,0,0,0,721,5888
1315,W3,4,4,0,0,0,0,0,0,0,0,0,400,400,400,0,0,0,0,400,400,400,100.000000,12800,25408,50.377834,10,10,10,10,416,1216,0,16,400,25408,75008,0,0,0,0,416,1200,0,0,0,702,5888
1316,W3,4,4,0,0,0,0,0,0,0,0,0,400,400,400,0,0,0,0,400,400,400,100.000000,12800,25408,50.377834,10,10,10,10,416,1216,0,16,400,25408,75008,0,0,0,0,416,1200,0,0,0,740,5888
1317,W3,4,4,0,0,0,0,0,0,0,0,0,400,400,400,0,0,0,0,400,400,400,100.000000,12800,25408,50.377834,10,10,10,10,416,1216,0,16,400,25408,75008,0,0,0,0,416,1200,0,0,0,706,5888
1318,W3,4,4,0,0,0,0,0,0,0,0,0,400,400,400,0,0,0,0,400,400,400,100.000000,12800,25408,50.377834,10,10,10,10,416,1216,0,16,400,25408,75008,0,0,0,0,416,1200,0,0,0,713,5888
1319,W3,4,4,0,0,0,0,0,0,0,0,0,400,400,400,0,0,0,0,400,400,400,100.000000,12800,25408,50.377834,10,10,10,10,416,1216,0,16,400,25408,75008,0,0,0,0,416,1200,0,0,0,706,5888
1320,W3,4,4,0,0,0,0,0,0,0,0,0,400,400,400,0,0,0,0,400,400,400,100.000000,12800,25408,50.377834,10,10,10,10,416,1216,0,16,400,25408,75008,0,0,0,0,416,1200,0,0,0,782,5888
1321,W3,4,4,0,0,0,0,0,0,0,0,0,400,400,400,0,0,0,0,400,400,400,100.000000,12800,25408,50.377834,10,10,10,10,416,1216,0,16,400,25408,75008,0,0,0,0,416,1200,0,0,0,714,5888
1322,W3,4,4,0,0,0,0,0,0,0,0,0,400,400,400,0,0,0,0,400,400,400,100.000000,12800,25408,50.377834,10,10,10,10,416,1216,0,16,400,25408,75008,0,0,0,0,416,1200,0,0,0,725,5888
1323,W3,4,4,0,0,0,0,0,0,0,0,0,400,400,400,0,0,0,0,400,400,400,100.000000,12800,25408,50.377834,10,10,10,10,416,1216,0,16,400,25408,75008,0,0,0,0,416,1200,0,0,0,723,5888
1324,W3,4,4,0,0,0,0,0,0,0,0,0,400,400,400,0,0,0,0,400,400,400,100.000000,12800,25408,50.377834,10,10,10,10,416,1216,0,16,400,25408,75008,0,0,0,0,416,1200,0,0,0,699,5888
1325,W3,4,4,0,0,0,0,0,0,0,0,0,400,400,400,0,0,0,0,400,400,400,100.000000,12800,25408,50.377834,10,10,10,10,416,1216,0,16,400,25408,75008,0,0,0,0,416,1200,0,0,0,726,5888
1326,W3,4,4,0,0,0,0,0,0,0,0,0,400,400,400,0,0,0,0,400,400,400,100.000000,12800,25408,50.377834,10,10,10,10,416,1216,0,16,400,25408,75008,0,0,0,0,416,1200,0,0,0,710,5888
1327,W3,4,4,0,0,0,0,0,0,0,0,0,400,400,400,0,0,0,0,400,400,400,100.000000,12800,25408,50.377834,10,10,10,10,416,1216,0,16,400,25408,75008,0,0,0,0,416,1200,0,0,0,751,5888
1328,W3,4,4,0,0,0,0,0,0,0,0,0,400,400,400,0,0,0,0,400,400,400,100.000000,12800,25408,50.377834,10,10,10,10,416,1216,0,16,400,25408,75008,0,0,0,0,416,1200,0,0,0,687,5888
1329,W3,4,4,0,0,0,0,0,0,0,0,0,400,400,400,0,0,0,0,400,400,400,100.000000,12800,25408,50.377834,10,10,10,10,416,1216,0,16,400,25408,75008,0,0,0,0,416,1200,0,0,0,688,5888
1330,W3,4,4,0,0,0,0,0,0,0,0,0,400,400,400,0,0,0,0,400,400,400,100.000000,12800,25408,50.377834,10,10,10,10,416,1216,0,16,400,25408,75008,0,0,0,0,416,1200,0,0,0,702,5888
1331,W3,4,4,0,0,0,0,0,0,0,0,0,400,400,400,0,0,0,0,400,400,400,100.000000,12800,25408,50.377834,10,10,10,10,416,1216,0,16,400,25408,75008,0,0,0,0,416,1200,0,0,0,688,5888
1332,W3,4,4,0,0,0,0,0,0,0,0,0,400,400,400,0,0,0,0,400,400,400,100.000000,12800,25408,50.377834,10,10,10,10,416,1216,0,16,400,25408,75008,0,0,0,0,416,1200,0,0,0,700,5888
1333,W3,4,4,0,0,0,0,0,0,0,0,0,400,400,400,0,0,0,0,400,400,400,100.000000,12800,25408,50.377834,10,10,10,10,416,1216,0,16,400,25408,75008,0,0,0,0,416,1200,0,0,0,688,5888
1334,W3,4,4,0,0,0,0,0,0,0,0,0,400,400,400,0,0,0,0,400,400,400,100.000000,12800,25408,50.377834,10,10,10,10,416,1216,0,16,400,25408,75008,0,0,0,0,416,1200,0,0,0,684,5888
1335,W3,4,4,0,0,0,0,0,0,0,0,0,400,400,400,0,0,0,0,400,400,400,100.000000,12800,25408,50.377834,10,10,10,10,416,1216,0,16,400,25408,75008,0,0,0,0,416,1200,0,0,0,721,5888
1336,W3,4,4,0,0,0,0,0,0,0,0,0,400,400,400,0,0,0,0,400,400,400,100.000000,12800,25408,50.377834,10,10,10,10,416,1216,0,16,400,25408,75008,0,0,0,0,416,1200,0,0,0,702,5888
1337,W3,4,4,0,0,0,0,0,0,0,0,0,400,400,400,0,0,0,0,400,400,400,100.000000,12800,25408,50.377834,10,10,10,10,416,1216,0,16,400,25408,75008,0,0,0,0,416,1200,0,0,0,754,5888
1338,W3,4,4,0,0,0,0,0,0,0,0,0,400,400,400,0,0,0,0,400,400,400,100.000000,12800,25408,50.377834,10,10,10,10,416,1216,0,16,400,25408,75008,0,0,0,0,416,1200,0,0,0,701,5888
1339,W3,4,4,0,0,0,0,0,0,0,0,0,400,400,400,0,0,0,0,400,400,400,100.000000,12800,25408,50.377834,10,10,10,10,416,1216,0,16,400,25408,75008,0,0,0,0,416,1200,0,0,0,799,5888
1340,W3,4,4,0,0,0,0,0,0,0,0,0,400,400,400,0,0,0,0,400,400,400,100.000000,12800,25408,50.377834,10,10,10,10,416,1216,0,16,400,25408,75008,0,0,0,0,416,1200,0,0,0,710,5888
1341,W3,4,4,0,0,0,0,0,0,0,0,0,400,400,400,0,0,0,0,400,400,400,100.000000,12800,25408,50.377834,10,10,10,10,416,1216,0,16,400,25408,75008,0,0,0,0,416,1200,0,0,0,693,5888
1342,W3,4,4,0,0,0,0,0,0,0,0,0,400,400,400,0,0,0,0,400,400,400,100.000000,12800,25408,50.377834,10,10,10,10,416,1216,0,16,400,25408,75008,0,0,0,0,416,1200,0,0,0,730,5888
1343,W3,4,4,0,0,0,0,0,0,0,0,0,400,400,400,0,0,0,0,400,400,400,100.000000,12800,25408,50.377834,10,10,10,10,416,1216,0,16,400,25408,75008,0,0,0,0,416,1200,0,0,0,746,5888
1344,W3,4,4,0,0,0,0,0,0,0,0,0,400,400,400,0,0,0,0,400,400,400,100.000000,12800,25408,50.377834,10,10,10,10,416,1216,0,16,400,25408,75008,0,0,0,0,416,1200,0,0,0,716,5888
1345,W3,4,4,0,0,0,0,0,0,0,0,0,400,400,400,0,0,0,0,400,400,400,100.000000,12800,25408,50.377834,10,10,10,10,416,1216,0,16,400,25408,75008,0,0,0,0,416,1200,0,0,0,703,5888
1346,W3,4,4,0,0,0,0,0,0,0,0,0,400,400,400,0,0,0,0,400,400,400,100.000000,12800,25408,50.377834,10,10,10,10,416,1216,0,16,400,25408,75008,0,0,0,0,416,1200,0,0,0,915,5888
1347,W3,4,4,0,0,0,0,0,0,0,0,0,400,400,400,0,0,0,0,400,400,400,100.000000,12800,25408,50.377834,10,10,10,10,416,1216,0,16,400,25408,75008,0,0,0,0,416,1200,0,0,0,686,5888
1348,W3,4,4,0,0,0,0,0,0,0,0,0,400,400,400,0,0,0,0,400,400,400,100.000000,12800,25408,50.377834,10,10,10,10,416,1216,0,16,400,25408,75008,0,0,0,0,416,1200,0,0,0,714,5888
1349,W3,4,4,0,0,0,0,0,0,0,0,0,400,400,400,0,0,0,0,400,400,400,100.000000,12800,25408,50.377834,10,10,10,10,416,1216,0,16,400,25408,75008,0,0,0,0,416,1200,0,0,0,702,5888
1350,W3,4,4,0,0,0,0,0,0,0,0,0,400,400,400,0,0,0,0,400,400,400,100.000000,12800,25408,50.377834,10,10,10,10,416,1216,0,16,400,25408,75008,0,0,0,0,416,1200,0,0,0,746,5888
1351,W3,4,4,0,0,0,0,0,0,0,0,0,400,400,400,0,0,0,0,400,400,400,100.000000,12800,25408,50.377834,10,10,10,10,416,1216,0,16,400,25408,75008,0,0,0,0,416,1200,0,0,0,712,5888
1352,W3,4,4,0,0,0,0,0,0,0,0,0,400,400,400,0,0,0,0,400,400,400,100.000000,12800,25408,50.377834,10,10,10,10,416,1216,0,16,400,25408,75008,0,0,0,0,416,1200,0,0,0,760,5888
1353,W3,4,4,0,0,0,0,0,0,0,0,0,400,400,400,0,0,0,0,400,400,400,100.000000,12800,25408,50.377834,10,10,10,10,416,1216,0,16,400,25408,75008,0,0,0,0,416,1200,0,0,0,752,5888
1354,W3,4,4,0,0,0,0,0,0,0,0,0,400,400,400,0,0,0,0,400,400,400,100.000000,12800,25408,50.377834,10,10,10,10,416,1216,0,16,400,25408,75008,0,0,0,0,416,1200,0,0,0,699,5888
1355,W3,4,4,0,0,0,0,0,0,0,0,0,400,400,400,0,0,0,0,400,400,400,100.000000,12800,25408,50.377834,10,10,10,10,416,1216,0,16,400,25408,75008,0,0,0,0,416,1200,0,0,0,736,5888
1356,W3,4,4,0,0,0,0,0,0,0,0,0,400,400,400,0,0,0,0,400,400,400,100.000000,12800,25408,50.377834,10,10,10,10,416,1216,0,16,400,25408,75008,0,0,0,0,416,1200,0,0,0,745,5888
1357,W3,4,4,0,0,0,0,0,0,0,0,0,400,400,400,0,0,0,0,400,400,400,100.000000,12800,25408,50.377834,10,10,10,10,416,1216,0,16,400,25408,75008,0,0,0,0,416,1200,0,0,0,701,5888
1358,W3,4,4,0,0,0,0,0,0,0,0,0,400,400,400,0,0,0,0,400,400,400,100.000000,12800,25408,50.377834,10,10,10,10,416,1216,0,16,400,25408,75008,0,0,0,0,416,1200,0,0,0,780,5888
1359,W3,4,4,0,0,0,0,0,0,0,0,0,400,400,400,0,0,0,0,400,400,400,100.000000,12800,25408,50.377834,10,10,10,10,416,1216,0,16,400,25408,75008,0,0,0,0,416,1200,0,0,0,737,5888
1360,W3,4,4,0,0,0,0,0,0,0,0,0,400,400,400,0,0,0,0,400,400,400,100.000000,12800,25408,50.377834,10,10,10,10,416,1216,0,16,400,25408,75008,0,0,0,0,416,1200,0,0,0,747,5888
1361,W3,4,4,0,0,0,0,0,0,0,0,0,400,400,400,0,0,0,0,400,400,400,100.000000,12800,25408,50.377834,10,10,10,10,416,1216,0,16,400,25408,75008,0,0,0,0,416,1200,0,0,0,707,5888
1362,W3,4,4,0,0,0,0,0,0,0,0,0,400,400,400,0,0,0,0,400,400,400,100.000000,12800,25408,50.377834,10,10,10,10,416,1216,0,16,400,25408,75008,0,0,0,0,416,1200,0,0,0,722,5888
1363,W3,4,4,0,0,0,0,0,0,0,0,0,400,400,400,0,0,0,0,400,400,400,100.000000,12800,25408,50.377834,10,10,10,10,416,1216,0,16,400,25408,75008,0,0,0,0,416,1200,0,0,0,691,5888
1364,W3,4,4,0,0,0,0,0,0,0,0,0,400,400,400,0,0,0,0,400,400,400,100.000000,12800,25408,50.377834,10,10,10,10,416,1216,0,16,400,25408,75008,0,0,0,0,416,1200,0,0,0,741,5888
1365,W3,4,4,0,0,0,0,0,0,0,0,0,400,400,400,0,0,0,0,400,400,400,100.000000,12800,25408,50.377834,10,10,10,10,416,1216,0,16,400,25408,75008,0,0,0,0,416,1200,0,0,0,689,5888
1366,W3,1,1,0,0,0,0,0,0,0,0,0,400,400,400,0,0,0,0,400,400,400,100.000000,12800,24952,51.298493,10,10,10,10,404,4,0,4,400,24952,152,0,0,0,0,404,0,0,0,0,105,5888
1367,W3,1,1,0,0,0,0,0,0,0,0,0,400,400,400,0,0,0,0,400,400,400,100.000000,12800,24952,51.298493,10,10,10,10,404,4,0,4,400,24952,152,0,0,0,0,404,0,0,0,0,96,5888
1368,W3,1,1,0,0,0,0,0,0,0,0,0,400,400,400,0,0,0,0,400,400,400,100.000000,12800,24952,51.298493,10,10,10,10,404,4,0,4,400,24952,152,0,0,0,0,404,0,0,0,0,98,5888
1369,W3,1,1,0,0,0,0,0,0,0,0,0,400,400,400,0,0,0,0,400,400,400,100.000000,12800,24952,51.298493,10,10,10,10,404,4,0,4,400,24952,152,0,0,0,0,404,0,0,0,0,92,5888
1370,W3,1,1,0,0,0,0,0,0,0,0,0,400,400,400,0,0,0,0,400,400,400,100.000000,12800,24952,51.298493,10,10,10,10,404,4,0,4,400,24952,152,0,0,0,0,404,0,0,0,0,94,5888
1371,W3,1,1,0,0,0,0,0,0,0,0,0,400,400,400,0,0,0,0,400,400,400,100.000000,12800,24952,51.298493,10,10,10,10,404,4,0,4,400,24952,152,0,0,0,0,404,0,0,0,0,90,5888
1372,W3,1,1,0,0,0,0,0,0,0,0,0,400,400,400,0,0,0,0,400,400,400,100.000000,12800,24952,51.298493,10,10,10,10,404,4,0,4,400,24952,152,0,0,0,0,404,0,0,0,0,95,5888
1373,W3,1,1,0,0,0,0,0,0,0,0,0,400,400,400,0,0,0,0,400,400,400,100.000000,12800,24952,51.298493,10,10,10,10,404,4,0,4,400,24952,152,0,0,0,0,404,0,0,0,0,93,5888
1374,W3,1,1,0,0,0,0,0,0,0,0,0,400,400,400,0,0,0,0,400,400,400,100.000000,12800,24952,51.298493,10,10,10,10,404,4,0,4,400,24952,152,0,0,0,0,404,0,0,0,0,93,5888
1375,W3,1,1,0,0,0,0,0,0,0,0,0,400,400,400,0,0,0,0,400,400,400,100.000000,12800,24952,51.298493,10,10,10,10,404,4,0,4,400,24952,152,0,0,0,0,404,0,0,0,0,92,5888
1376,W3,1,1,0,0,0,0,0,0,0,0,0,400,400,400,0,0,0,0,400,400,400,100.000000,12800,24952,51.298493,10,10,10,10,404,4,0,4,400,24952,152,0,0,0,0,404,0,0,0,0,94,5888
1377,W3,1,1,0,0,0,0,0,0,0,0,0,400,400,400,0,0,0,0,400,400,400,100.000000,12800,24952,51.298493,10,10,10,10,404,4,0,4,400,24952,152,0,0,0,0,404,0,0,0,0,104,5888
1378,W3,1,1,0,0,0,0,0,0,0,0,0,400,400,400,0,0,0,0,400,400,400,100.000000,12800,24952,51.298493,10,10,10,10,404,4,0,4,400,24952,152,0,0,0,0,404,0,0,0,0,92,5888
1379,W3,1,1,0,0,0,0,0,0,0,0,0,400,400,400,0,0,0,0,400,400,400,100.000000,12800,24952,51.298493,10,10,10,10,404,4,0,4,400,24952,152,0,0,0,0,404,0,0,0,0,97,5888
1380,W3,1,1,0,0,0,0,0,0,0,0,0,400,400,400,0,0,0,0,400,400,400,100.000000,12800,24952,51.298493,10,10,10,10,404,4,0,4,400,24952,152,0,0,0,0,404,0,0,0,0,88,5888
1381,W3,1,1,0,0,0,0,0,0,0,0,0,400,400,400,0,0,0,0,400,400,400,100.000000,12800,24952,51.298493,10,10,10,10,404,4,0,4,400,24952,152,0,0,0,0,404,0,0,0,0,93,5888
1382,W3,1,1,0,0,0,0,0,0,0,0,0,400,400,400,0,0,0,0,400,400,400,100.000000,12800,24952,51.298493,10,10,10,10,404,4,0,4,400,24952,152,0,0,0,0,404,0,0,0,0,90,5888
1383,W3,1,1,0,0,0,0,0,0,0,0,0,400,400,400,0,0,0,0,400,400,400,100.000000,12800,24952,51.298493,10,10,10,10,404,4,0,4,400,24952,152,0,0,0,0,404,0,0,0,0,87,5888
1384,W3,1,1,0,0,0,0,0,0,0,0,0,400,400,400,0,0,0,0,400,400,400,100.000000,12800,24952,51.298493,10,10,10,10,404,4,0,4,400,24952,152,0,0,0,0,404,0,0,0,0,106,5888
1385,W3,1,1,0,0,0,0,0,0,0,0,0,400,400,400,0,0,0,0,400,400,400,100.000000,12800,24952,51.298493,10,10,10,10,404,4,0,4,400,24952,152,0,0,0,0,404,0,0,0,0,97,5888
1386,W3,1,1,0,0,0,0,0,0,0,0,0,400,400,400,0,0,0,0,400,400,400,100.000000,12800,24952,51.298493,10,10,10,10,404,4,0,4,400,24952,152,0,0,0,0,404,0,0,0,0,123,5888
1387,W3,1,1,0,0,0,0,0,0,0,0,0,400,400,400,0,0,0,0,400,400,400,100.000000,12800,24952,51.298493,10,10,10,10,404,4,0,4,400,24952,152,0,0,0,0,404,0,0,0,0,96,5888
1388,W3,1,1,0,0,0,0,0,0,0,0,0,400,400,400,0,0,0,0,400,400,400,100.000000,12800,24952,51.298493,10,10,10,10,404,4,0,4,400,24952,152,0,0,0,0,404,0,0,0,0,97,5888
1389,W3,1,1,0,0,0,0,0,0,0,0,0,400,400,400,0,0,0,0,400,400,400,100.000000,12800,24952,51.298493,10,10,10,10,404,4,0,4,400,24952,152,0,0,0,0,404,0,0,0,0,91,5888
1390,W3,1,1,0,0,0,0,0,0,0,0,0,400,400,400,0,0,0,0,400,400,400,100.000000,12800,24952,51.298493,10,10,10,10,404,4,0,4,400,24952,152,0,0,0,0,404,0,0,0,0,122,5888
1391,W3,1,1,0,0,0,0,0,0,0,0,0,400,400,400,0,0,0,0,400,400,400,100.000000,12800,24952,51.298493,10,10,10,10,404,4,0,4,400,24952,152,0,0,0,0,404,0,0,0,0,91,5888
1392,W3,1,1,0,0,0,0,0,0,0,0,0,400,400,400,0,0,0,0,400,400,400,100.000000,12800,24952,51.298493,10,10,10,10,404,4,0,4,400,24952,152,0,0,0,0,404,0,0,0,0,85,5888
1393,W3,1,1,0,0,0,0,0,0,0,0,0,400,400,400,0,0,0,0,400,400,400,100.000000,12800,24952,51.298493,10,10,10,10,404,4,0,4,400,24952,152,0,0,0,0,404,0,0,0,0,97,5888
1394,W3,1,1,0,0,0,0,0,0,0,0,0,400,400,400,0,0,0,0,400,400,400,100.000000,12800,24952,51.298493,10,10,10,10,404,4,0,4,400,24952,152,0,0,0,0,404,0,0,0,0,101,5888
1395,W3,1,1,0,0,0,0,0,0,0,0,0,400,400,400,0,0,0,0,400,400,400,100.000000,12800,24952,51.298493,10,10,10,10,404,4,0,4,400,24952,152,0,0,0,0,404,0,0,0,0,89,5888
1396,W3,1,1,0,0,0,0,0,0,0,0,0,400,400,400,0,0,0,0,400,400,400,100.000000,12800,24952,51.298493,10,10,10,10,404,4,0,4,400,24952,152,0,0,0,0,404,0,0,0,0,99,5888
1397,W3,1,1,0,0,0,0,0,0,0,0,0,400,400,400,0,0,0,0,400,400,400,100.000000,12800,24952,51.298493,10,10,10,10,404,4,0,4,400,24952,152,0,0,0,0,404,0,0,0,0,90,5888
1398,W3,1,1,0,0,0,0,0,0,0,0,0,400,400,400,0,0,0,0,400,400,400,100.000000,12800,24952,51.298493,10,10,10,10,404,4,0,4,400,24952,152,0,0,0,0,404,0,0,0,0,89,5888
1399,W3,1,1,0,0,0,0,0,0,0,0,0,400,400,400,0,0,0,0,400,400,400,100.000000,12800,24952,51.298493,10,10,10,10,404,4,0,4,400,24952,152,0,0,0,0,404,0,0,0,0,92,5888
1400,W3,1,1,0,0,0,0,0,0,0,0,0,400,400,400,0,0,0,0,400,400,400,100.000000,12800,24952,51.298493,10,10,10,10,404,4,0,4,400,24952,152,0,0,0,0,404,0,0,0,0,94,5888
1401,W3,1,1,0,0,0,0,0,0,0,0,0,400,400,400,0,0,0,0,400,400,400,100.000000,12800,24952,51.298493,10,10,10,10,404,4,0,4,400,24952,152,0,0,0,0,404,0,0,0,0,102,5888
1402,W3,1,1,0,0,0,0,0,0,0,0,0,400,400,400,0,0,0,0,400,400,400,100.000000,12800,24952,51.298493,10,10,10,10,404,4,0,4,400,24952,152,0,0,0,0,404,0,0,0,0,91,5888
1403,W3,1,1,0,0,0,0,0,0,0,0,0,400,400,400,0,0,0,0,400,400,400,100.000000,12800,24952,51.298493,10,10,10,10,404,4,0,4,400,24952,152,0,0,0,0,404,0,0,0,0,95,5888
1404,W3,1,1,0,0,0,0,0,0,0,0,0,400,400,400,0,0,0,0,400,400,400,100.000000,12800,24952,51.298493,10,10,10,10,404,4,0,4,400,24952,152,0,0,0,0,404,0,0,0,0,98,5888
1405,W3,1,1,0,0,0,0,0,0,0,0,0,400,400,400,0,0,0,0,400,400,400,100.000000,12800,24952,51.298493,10,10,10,10,404,4,0,4,400,24952,152,0,0,0,0,404,0,0,0,0,86,5888
1406,W3,1,1,0,0,0,0,0,0,0,0,0,400,400,400,0,0,0,0,400,400,400,100.000000,12800,24952,51.298493,10,10,10,10,404,4,0,4,400,24952,152,0,0,0,0,404,0,0,0,0,99,5888
1407,W3,1,1,0,0,0,0,0,0,0,0,0,400,400,400,0,0,0,0,400,400,400,100.000000,12800,24952,51.298493,10,10,10,10,404,4,0,4,400,24952,152,0,0,0,0,404,0,0,0,0,96,5888
1408,W3,1,1,0,0,0,0,0,0,0,0,0,400,400,400,0,0,0,0,400,400,400,100.000000,12800,24952,51.298493,10,10,10,10,404,4,0,4,400,24952,152,0,0,0,0,404,0,0,0,0,114,5888
1409,W3,1,1,0,0,0,0,0,0,0,0,0,400,400,400,0,0,0,0,400,400,400,100.000000,12800,24952,51.298493,10,10,10,10,404,4,0,4,400,24952,152,0,0,0,0,404,0,0,0,0,109,5888
1410,W3,1,1,0,0,0,0,0,0,0,0,0,400,400,400,0,0,0,0,400,400,400,100.000000,12800,24952,51.298493,10,10,10,10,404,4,0,4,400,24952,152,0,0,0,0,404,0,0,0,0,94,5888
1411,W3,1,1,0,0,0,0,0,0,0,0,0,400,400,400,0,0,0,0,400,400,400,100.000000,12800,24952,51.298493,10,10,10,10,404,4,0,4,400,24952,152,0,0,0,0,404,0,0,0,0,96,5888
1412,W3,1,1,0,0,0,0,0,0,0,0,0,400,400,400,0,0,0,0,400,400,400,100.000000,12800,24952,51.298493,10,10,10,10,404,4,0,4,400,24952,152,0,0,0,0,404,0,0,0,0,94,5888
1413,W3,1,1,0,0,0,0,0,0,0,0,0,400,400,400,0,0,0,0,400,400,400,100.000000,12800,24952,51.298493,10,10,10,10,404,4,0,4,400,24952,152,0,0,0,0,404,0,0,0,0,86,5888
1414,W3,1,1,0,0,0,0,0,0,0,0,0,400,400,400,0,0,0,0,400,400,400,100.000000,12800,24952,51.298493,10,10,10,10,404,4,0,4,400,24952,152,0,0,0,0,404,0,0,0,0,93,5888
1415,W3,1,1,0,0,0,0,0,0,0,0,0,400,400,400,0,0,0,0,400,400,400,100.000000,12800,24952,51.298493,10,10,10,10,404,4,0,4,400,24952,152,0,0,0,0,404,0,0,0,0,86,5888
1416,W3,1,1,0,0,0,0,0,0,0,0,0,400,400,400,0,0,0,0,400,400,400,100.000000,12800,24952,51.298493,10,10,10,10,404,4,0,4,400,24952,152,0,0,0,0,404,0,0,0,0,92,5888
1417,W3,1,1,0,0,0,0,0,0,0,0,0,400,400,400,0,0,0,0,400,400,400,100.000000,12800,24952,51.298493,10,10,10,10,404,4,0,4,400,24952,152,0,0,0,0,404,0,0,0,0,92,5888
1418,W3,1,1,0,0,0,0,0,0,0,0,0,400,400,400,0,0,0,0,400,400,400,100.000000,12800,24952,51.298493,10,10,10,10,404,4,0,4,400,24952,152,0,0,0,0,404,0,0,0,0,100,5888
1419,W3,1,1,0,0,0,0,0,0,0,0,0,400,400,400,0,0,0,0,400,400,400,100.000000,12800,24952,51.298493,10,10,10,10,404,4,0,4,400,24952,152,0,0,0,0,404,0,0,0,0,94,5888
1420,W3,1,1,0,0,0,0,0,0,0,0,0,400,400,400,0,0,0,0,400,400,400,100.000000,12800,24952,51.298493,10,10,10,10,404,4,0,4,400,24952,152,0,0,0,0,404,0,0,0,0,89,5888
1421,W3,1,1,0,0,0,0,0,0,0,0,0,400,400,400,0,0,0,0,400,400,400,100.000000,12800,24952,51.298493,10,10,10,10,404,4,0,4,400,24952,152,0,0,0,0,404,0,0,0,0,106,5888
1422,W3,1,1,0,0,0,0,0,0,0,0,0,400,400,400,0,0,0,0,400,400,400,100.000000,12800,24952,51.298493,10,10,10,10,404,4,0,4,400,24952,152,0,0,0,0,404,0,0,0,0,89,5888
1423,W3,1,1,0,0,0,0,0,0,0,0,0,400,400,400,0,0,0,0,400,400,400,100.000000,12800,24952,51.298493,10,10,10,10,404,4,0,4,400,24952,152,0,0,0,0,404,0,0,0,0,93,5888
1424,W3,1,1,0,0,0,0,0,0,0,0,0,400,400,400,0,0,0,0,400,400,400,100.000000,12800,24952,51.298493,10,10,10,10,404,4,0,4,400,24952,152,0,0,0,0,404,0,0,0,0,94,5888
1425,W3,1,1,0,0,0,0,0,0,0,0,0,400,400,400,0,0,0,0,400,400,400,100.000000,12800,24952,51.298493,10,10,10,10,404,4,0,4,400,24952,152,0,0,0,0,404,0,0,0,0,91,5888
1426,W3,1,1,0,0,0,0,0,0,0,0,0,400,400,400,0,0,0,0,400,400,400,100.000000,12800,24952,51.298493,10,10,10,10,404,4,0,4,400,24952,152,0,0,0,0,404,0,0,0,0,104,5888
1427,W3,1,1,0,0,0,0,0,0,0,0,0,400,400,400,0,0,0,0,400,400,400,100.000000,12800,24952,51.298493,10,10,10,10,404,4,0,4,400,24952,152,0,0,0,0,404,0,0,0,0,108,5888
1428,W3,1,1,0,0,0,0,0,0,0,0,0,400,400,400,0,0,0,0,400,400,400,100.000000,12800,24952,51.298493,10,10,10,10,404,4,0,4,400,24952,152,0,0,0,0,404,0,0,0,0,90,5888
1429,W3,1,1,0,0,0,0,0,0,0,0,0,400,400,400,0,0,0,0,400,400,400,100.000000,12800,24952,51.298493,10,10,10,10,404,4,0,4,400,24952,152,0,0,0,0,404,0,0,0,0,90,5888
1430,W3,1,1,0,0,0,0,0,0,0,0,0,400,400,400,0,0,0,0,400,400,400,100.000000,12800,24952,51.298493,10,10,10,10,404,4,0,4,400,24952,152,0,0,0,0,404,0,0,0,0,96,5888
1431,W3,1,1,0,0,0,0,0,0,0,0,0,400,400,400,0,0,0,0,400,400,400,100.000000,12800,24952,51.298493,10,10,10,10,404,4,0,4,400,24952,152,0,0,0,0,404,0,0,0,0,89,5888
1432,W3,1,1,0,0,0,0,0,0,0,0,0,400,400,400,0,0,0,0,400,400,400,100.000000,12800,24952,51.298493,10,10,10,10,404,4,0,4,400,24952,152,0,0,0,0,404,0,0,0,0,92,5888
1433,W3,1,1,0,0,0,0,0,0,0,0,0,400,400,400,0,0,0,0,400,400,400,100.000000,12800,24952,51.298493,10,10,10,10,404,4,0,4,400,24952,152,0,0,0,0,404,0,0,0,0,89,5888
1434,W3,1,1,0,0,0,0,0,0,0,0,0,400,400,400,0,0,0,0,400,400,400,100.000000,12800,24952,51.298493,10,10,10,10,404,4,0,4,400,24952,152,0,0,0,0,404,0,0,0,0,96,5888
1435,W3,1,1,0,0,0,0,0,0,0,0,0,400,400,400,0,0,0,0,400,400,400,100.000000,12800,24952,51.298493,10,10,10,10,404,4,0,4,400,24952,152,0,0,0,0,404,0,0,0,0,97,5888
1436,W3,1,1,0,0,0,0,0,0,0,0,0,400,400,400,0,0,0,0,400,400,400,100.000000,12800,24952,51.298493,10,10,10,10,404,4,0,4,400,24952,152,0,0,0,0,404,0,0,0,0,88,5888
1437,W3,1,1,0,0,0,0,0,0,0,0,0,400,400,400,0,0,0,0,400,400,400,100.000000,12800,24952,51.298493,10,10,10,10,404,4,0,4,400,24952,152,0,0,0,0,404,0,0,0,0,92,5888
1438,W3,1,1,0,0,0,0,0,0,0,0,0,400,400,400,0,0,0,0,400,400,400,100.000000,12800,24952,51.298493,10,10,10,10,404,4,0,4,400,24952,152,0,0,0,0,404,0,0,0,0,95,5888
1439,W3,1,1,0,0,0,0,0,0,0,0,0,400,400,400,0,0,0,0,400,400,400,100.000000,12800,24952,51.298493,10,10,10,10,404,4,0,4,400,24952,152,0,0,0,0,404,0,0,0,0,102,5888
1440,W3,1,1,0,0,0,0,0,0,0,0,0,400,400,400,0,0,0,0,400,400,400,100.000000,12800,24952,51.298493,10,10,10,10,404,4,0,4,400,24952,152,0,0,0,0,404,0,0,0,0,87,5888
1441,W3,1,1,0,0,0,0,0,0,0,0,0,400,400,400,0,0,0,0,400,400,400,100.000000,12800,24952,51.298493,10,10,10,10,404,4,0,4,400,24952,152,0,0,0,0,404,0,0,0,0,87,5888
1442,W3,1,1,0,0,0,0,0,0,0,0,0,400,400,400,0,0,0,0,400,400,400,100.000000,12800,24952,51.298493,10,10,10,10,404,4,0,4,400,24952,152,0,0,0,0,404,0,0,0,0,89,5888
1443,W3,1,1,0,0,0,0,0,0,0,0,0,400,400,400,0,0,0,0,400,400,400,100.000000,12800,24952,51.298493,10,10,10,10,404,4,0,4,400,24952,152,0,0,0,0,404,0,0,0,0,97,5888
1444,W3,1,1,0,0,0,0,0,0,0,0,0,400,400,400,0,0,0,0,400,400,400,100.000000,12800,24952,51.298493,10,10,10,10,404,4,0,4,400,24952,152,0,0,0,0,404,0,0,0,0,91,5888
1445,W3,1,1,0,0,0,0,0,0,0,0,0,400,400,400,0,0,0,0,400,400,400,100.000000,12800,24952,51.298493,10,10,10,10,404,4,0,4,400,24952,152,0,0,0,0,404,0,0,0,0,95,5888
1446,W3,1,1,0,0,0,0,0,0,0,0,0,400,400,400,0,0,0,0,400,400,400,100.000000,12800,24952,51.298493,10,10,10,10,404,4,0,4,400,24952,152,0,0,0,0,404,0,0,0,0,98,5888
1447,W3,1,1,0,0,0,0,0,0,0,0,0,400,400,400,0,0,0,0,400,400,400,100.000000,12800,24952,51.298493,10,10,10,10,404,4,0,4,400,24952,152,0,0,0,0,404,0,0,0,0,83,5888
1448,W3,1,1,0,0,0,0,0,0,0,0,0,400,400,400,0,0,0,0,400,400,400,100.000000,12800,24952,51.298493,10,10,10,10,404,4,0,4,400,24952,152,0,0,0,0,404,0,0,0,0,107,5888
1449,W3,1,1,0,0,0,0,0,0,0,0,0,400,400,400,0,0,0,0,400,400,400,100.000000,12800,24952,51.298493,10,10,10,10,404,4,0,4,400,24952,152,0,0,0,0,404,0,0,0,0,104,5888
1450,W3,1,1,0,0,0,0,0,0,0,0,0,400,400,400,0,0,0,0,400,400,400,100.000000,12800,24952,51.298493,10,10,10,10,404,4,0,4,400,24952,152,0,0,0,0,404,0,0,0,0,91,5888
1451,W3,1,1,0,0,0,0,0,0,0,0,0,400,400,400,0,0,0,0,400,400,400,100.000000,12800,24952,51.298493,10,10,10,10,404,4,0,4,400,24952,152,0,0,0,0,404,0,0,0,0,86,5888
1452,W3,1,1,0,0,0,0,0,0,0,0,0,400,400,400,0,0,0,0,400,400,400,100.000000,12800,24952,51.298493,10,10,10,10,404,4,0,4,400,24952,152,0,0,0,0,404,0,0,0,0,95,5888
1453,W3,1,1,0,0,0,0,0,0,0,0,0,400,400,400,0,0,0,0,400,400,400,100.000000,12800,24952,51.298493,10,10,10,10,404,4,0,4,400,24952,152,0,0,0,0,404,0,0,0,0,88,5888
1454,W3,1,1,0,0,0,0,0,0,0,0,0,400,400,400,0,0,0,0,400,400,400,100.000000,12800,24952,51.298493,10,10,10,10,404,4,0,4,400,24952,152,0,0,0,0,404,0,0,0,0,88,5888
1455,W3,1,1,0,0,0,0,0,0,0,0,0,400,400,400,0,0,0,0,400,400,400,100.000000,12800,24952,51.298493,10,10,10,10,404,4,0,4,400,24952,152,0,0,0,0,404,0,0,0,0,87,5888
1456,W3,1,1,0,0,0,0,0,0,0,0,0,400,400,400,0,0,0,0,400,400,400,100.000000,12800,24952,51.298493,10,10,10,10,404,4,0,4,400,24952,152,0,0,0,0,404,0,0,0,0,93,5888
1457,W3,1,1,0,0,0,0,0,0,0,0,0,400,400,400,0,0,0,0,400,400,400,100.000000,12800,24952,51.298493,10,10,10,10,404,4,0,4,400,24952,152,0,0,0,0,404,0,0,0,0,92,5888
1458,W3,1,1,0,0,0,0,0,0,0,0,0,400,400,400,0,0,0,0,400,400,400,100.000000,12800,24952,51.298493,10,10,10,10,404,4,0,4,400,24952,152,0,0,0,0,404,0,0,0,0,90,5888
1459,W3,1,1,0,0,0,0,0,0,0,0,0,400,400,400,0,0,0,0,400,400,400,100.000000,12800,24952,51.298493,10,10,10,10,404,4,0,4,400,24952,152,0,0,0,0,404,0,0,0,0,102,5888
1460,W3,1,1,0,0,0,0,0,0,0,0,0,400,400,400,0,0,0,0,400,400,400,100.000000,12800,24952,51.298493,10,10,10,10,404,4,0,4,400,24952,152,0,0,0,0,404,0,0,0,0,128,5888
1461,W3,1,1,0,0,0,0,0,0,0,0,0,400,400,400,0,0,0,0,400,400,400,100.000000,12800,24952,51.298493,10,10,10,10,404,4,0,4,400,24952,152,0,0,0,0,404,0,0,0,0,84,5888
1462,W3,1,1,0,0,0,0,0,0,0,0,0,400,400,400,0,0,0,0,400,400,400,100.000000,12800,24952,51.298493,10,10,10,10,404,4,0,4,400,24952,152,0,0,0,0,404,0,0,0,0,99,5888
1463,W3,1,1,0,0,0,0,0,0,0,0,0,400,400,400,0,0,0,0,400,400,400,100.000000,12800,24952,51.298493,10,10,10,10,404,4,0,4,400,24952,152,0,0,0,0,404,0,0,0,0,91,5888
1464,W3,1,1,0,0,0,0,0,0,0,0,0,400,400,400,0,0,0,0,400,400,400,100.000000,12800,24952,51.298493,10,10,10,10,404,4,0,4,400,24952,152,0,0,0,0,404,0,0,0,0,95,5888
1465,W3,1,1,0,0,0,0,0,0,0,0,0,400,400,400,0,0,0,0,400,400,400,100.000000,12800,24952,51.298493,10,10,10,10,404,4,0,4,400,24952,152,0,0,0,0,404,0,0,0,0,92,5888
1466,W3,1,1,0,0,0,0,0,0,0,0,0,400,400,400,0,0,0,0,400,400,400,100.000000,12800,24952,51.298493,10,10,10,10,404,4,0,4,400,24952,152,0,0,0,0,404,0,0,0,0,110,5888
1467,W3,1,1,0,0,0,0,0,0,0,0,0,400,400,400,0,0,0,0,400,400,400,100.000000,12800,24952,51.298493,10,10,10,10,404,4,0,4,400,24952,152,0,0,0,0,404,0,0,0,0,91,5888
1468,W3,1,1,0,0,0,0,0,0,0,0,0,400,400,400,0,0,0,0,400,400,400,100.000000,12800,24952,51.298493,10,10,10,10,404,4,0,4,400,24952,152,0,0,0,0,404,0,0,0,0,89,5888
1469,W3,1,1,0,0,0,0,0,0,0,0,0,400,400,400,0,0,0,0,400,400,400,100.000000,12800,24952,51.298493,10,10,10,10,404,4,0,4,400,24952,152,0,0,0,0,404,0,0,0,0,85,5888
1470,W3,1,1,0,0,0,0,0,0,0,0,0,400,400,400,0,0,0,0,400,400,400,100.000000,12800,24952,51.298493,10,10,10,10,404,4,0,4,400,24952,152,0,0,0,0,404,0,0,0,0,95,5888
1471,W3,1,1,0,0,0,0,0,0,0,0,0,400,400,400,0,0,0,0,400,400,400,100.000000,12800,24952,51.298493,10,10,10,10,404,4,0,4,400,24952,152,0,0,0,0,404,0,0,0,0,104,5888
1472,W3,1,1,0,0,0,0,0,0,0,0,0,400,400,400,0,0,0,0,400,400,400,100.000000,12800,24952,51.298493,10,10,10,10,404,4,0,4,400,24952,152,0,0,0,0,404,0,0,0,0,91,5888
1473,W3,1,1,0,0,0,0,0,0,0,0,0,400,400,400,0,0,0,0,400,400,400,100.000000,12800,24952,51.298493,10,10,10,10,404,4,0,4,400,24952,152,0,0,0,0,404,0,0,0,0,233,5888
1474,W3,1,1,0,0,0,0,0,0,0,0,0,400,400,400,0,0,0,0,400,400,400,100.000000,12800,24952,51.298493,10,10,10,10,404,4,0,4,400,24952,152,0,0,0,0,404,0,0,0,0,93,5888
1475,W3,1,1,0,0,0,0,0,0,0,0,0,400,400,400,0,0,0,0,400,400,400,100.000000,12800,24952,51.298493,10,10,10,10,404,4,0,4,400,24952,152,0,0,0,0,404,0,0,0,0,86,5888
1476,W3,1,1,0,0,0,0,0,0,0,0,0,400,400,400,0,0,0,0,400,400,400,100.000000,12800,24952,51.298493,10,10,10,10,404,4,0,4,400,24952,152,0,0,0,0,404,0,0,0,0,114,5888
1477,W3,1,1,0,0,0,0,0,0,0,0,0,400,400,400,0,0,0,0,400,400,400,100.000000,12800,24952,51.298493,10,10,10,10,404,4,0,4,400,24952,152,0,0,0,0,404,0,0,0,0,95,5888
1478,W3,1,1,0,0,0,0,0,0,0,0,0,400,400,400,0,0,0,0,400,400,400,100.000000,12800,24952,51.298493,10,10,10,10,404,4,0,4,400,24952,152,0,0,0,0,404,0,0,0,0,95,5888
1479,W3,1,1,0,0,0,0,0,0,0,0,0,400,400,400,0,0,0,0,400,400,400,100.000000,12800,24952,51.298493,10,10,10,10,404,4,0,4,400,24952,152,0,0,0,0,404,0,0,0,0,95,5888
1480,W3,1,1,0,0,0,0,0,0,0,0,0,400,400,400,0,0,0,0,400,400,400,100.000000,12800,24952,51.298493,10,10,10,10,404,4,0,4,400,24952,152,0,0,0,0,404,0,0,0,0,105,5888
1481,W3,1,1,0,0,0,0,0,0,0,0,0,400,400,400,0,0,0,0,400,400,400,100.000000,12800,24952,51.298493,10,10,10,10,404,4,0,4,400,24952,152,0,0,0,0,404,0,0,0,0,96,5888
1482,W3,1,1,0,0,0,0,0,0,0,0,0,400,400,400,0,0,0,0,400,400,400,100.000000,12800,24952,51.298493,10,10,10,10,404,4,0,4,400,24952,152,0,0,0,0,404,0,0,0,0,100,5888
1483,W3,1,1,0,0,0,0,0,0,0,0,0,400,400,400,0,0,0,0,400,400,400,100.000000,12800,24952,51.298493,10,10,10,10,404,4,0,4,400,24952,152,0,0,0,0,404,0,0,0,0,94,5888
1484,W3,1,1,0,0,0,0,0,0,0,0,0,400,400,400,0,0,0,0,400,400,400,100.000000,12800,24952,51.298493,10,10,10,10,404,4,0,4,400,24952,152,0,0,0,0,404,0,0,0,0,108,5888
1485,W3,1,1,0,0,0,0,0,0,0,0,0,400,400,400,0,0,0,0,400,400,400,100.000000,12800,24952,51.298493,10,10,10,10,404,4,0,4,400,24952,152,0,0,0,0,404,0,0,0,0,94,5888
1486,W3,1,1,0,0,0,0,0,0,0,0,0,400,400,400,0,0,0,0,400,400,400,100.000000,12800,24952,51.298493,10,10,10,10,404,4,0,4,400,24952,152,0,0,0,0,404,0,0,0,0,98,5888
1487,W3,1,1,0,0,0,0,0,0,0,0,0,400,400,400,0,0,0,0,400,400,400,100.000000,12800,24952,51.298493,10,10,10,10,404,4,0,4,400,24952,152,0,0,0,0,404,0,0,0,0,99,5888
1488,W3,1,1,0,0,0,0,0,0,0,0,0,400,400,400,0,0,0,0,400,400,400,100.000000,12800,24952,51.298493,10,10,10,10,404,4,0,4,400,24952,152,0,0,0,0,404,0,0,0,0,94,5888
1489,W3,1,1,0,0,0,0,0,0,0,0,0,400,400,400,0,0,0,0,400,400,400,100.000000,12800,24952,51.298493,10,10,10,10,404,4,0,4,400,24952,152,0,0,0,0,404,0,0,0,0,94,5888
1490,W3,1,1,0,0,0,0,0,0,0,0,0,400,400,400,0,0,0,0,400,400,400,100.000000,12800,24952,51.298493,10,10,10,10,404,4,0,4,400,24952,152,0,0,0,0,404,0,0,0,0,84,5888
1491,W3,1,1,0,0,0,0,0,0,0,0,0,400,400,400,0,0,0,0,400,400,400,100.000000,12800,24952,51.298493,10,10,10,10,404,4,0,4,400,24952,152,0,0,0,0,404,0,0,0,0,93,5888
1492,W3,1,1,0,0,0,0,0,0,0,0,0,400,400,400,0,0,0,0,400,400,400,100.000000,12800,24952,51.298493,10,10,10,10,404,4,0,4,400,24952,152,0,0,0,0,404,0,0,0,0,100,5888
1493,W3,1,1,0,0,0,0,0,0,0,0,0,400,400,400,0,0,0,0,400,400,400,100.000000,12800,24952,51.298493,10,10,10,10,404,4,0,4,400,24952,152,0,0,0,0,404,0,0,0,0,109,5888
1494,W3,1,1,0,0,0,0,0,0,0,0,0,400,400,400,0,0,0,0,400,400,400,100.000000,12800,24952,51.298493,10,10,10,10,404,4,0,4,400,24952,152,0,0,0,0,404,0,0,0,0,96,5888
1495,W3,1,1,0,0,0,0,0,0,0,0,0,400,400,400,0,0,0,0,400,400,400,100.000000,12800,24952,51.298493,10,10,10,10,404,4,0,4,400,24952,152,0,0,0,0,404,0,0,0,0,85,5888
1496,W3,1,1,0,0,0,0,0,0,0,0,0,400,400,400,0,0,0,0,400,400,400,100.000000,12800,24952,51.298493,10,10,10,10,404,4,0,4,400,24952,152,0,0,0,0,404,0,0,0,0,95,5888
1497,W3,1,1,0,0,0,0,0,0,0,0,0,400,400,400,0,0,0,0,400,400,400,100.000000,12800,24952,51.298493,10,10,10,10,404,4,0,4,400,24952,152,0,0,0,0,404,0,0,0,0,88,5888
1498,W3,1,1,0,0,0,0,0,0,0,0,0,400,400,400,0,0,0,0,400,400,400,100.000000,12800,24952,51.298493,10,10,10,10,404,4,0,4,400,24952,152,0,0,0,0,404,0,0,0,0,99,5888
1499,W3,1,1,0,0,0,0,0,0,0,0,0,400,400,400,0,0,0,0,400,400,400,100.000000,12800,24952,51.298493,10,10,10,10,404,4,0,4,400,24952,152,0,0,0,0,404,0,0,0,0,98,5888
1500,W3,1,1,0,0,0,0,0,0,0,0,0,400,400,400,0,0,0,0,400,400,400,100.000000,12800,24952,51.298493,10,10,10,10,404,4,0,4,400,24952,152,0,0,0,0,404,0,0,0,0,94,5888
1501,W3,1,1,0,0,0,0,0,0,0,0,0,400,400,400,0,0,0,0,400,400,400,100.000000,12800,24952,51.298493,10,10,10,10,404,4,0,4,400,24952,152,0,0,0,0,404,0,0,0,0,92,5888
1502,W3,1,1,0,0,0,0,0,0,0,0,0,400,400,400,0,0,0,0,400,400,400,100.000000,12800,24952,51.298493,10,10,10,10,404,4,0,4,400,24952,152,0,0,0,0,404,0,0,0,0,92,5888
1503,W3,1,1,0,0,0,0,0,0,0,0,0,400,400,400,0,0,0,0,400,400,400,100.000000,12800,24952,51.298493,10,10,10,10,404,4,0,4,400,24952,152,0,0,0,0,404,0,0,0,0,94,5888
1504,W3,1,1,0,0,0,0,0,0,0,0,0,400,400,400,0,0,0,0,400,400,400,100.000000,12800,24952,51.298493,10,10,10,10,404,4,0,4,400,24952,152,0,0,0,0,404,0,0,0,0,88,5888
1505,W3,1,1,0,0,0,0,0,0,0,0,0,400,400,400,0,0,0,0,400,400,400,100.000000,12800,24952,51.298493,10,10,10,10,404,4,0,4,400,24952,152,0,0,0,0,404,0,0,0,0,98,5888
1506,W3,1,1,0,0,0,0,0,0,0,0,0,400,400,400,0,0,0,0,400,400,400,100.000000,12800,24952,51.298493,10,10,10,10,404,4,0,4,400,24952,152,0,0,0,0,404,0,0,0,0,92,5888
1507,W3,1,1,0,0,0,0,0,0,0,0,0,400,400,400,0,0,0,0,400,400,400,100.000000,12800,24952,51.298493,10,10,10,10,404,4,0,4,400,24952,152,0,0,0,0,404,0,0,0,0,93,5888
1508,W3,1,1,0,0,0,0,0,0,0,0,0,400,400,400,0,0,0,0,400,400,400,100.000000,12800,24952,51.298493,10,10,10,10,404,4,0,4,400,24952,152,0,0,0,0,404,0,0,0,0,95,5888
1509,W3,1,1,0,0,0,0,0,0,0,0,0,400,400,400,0,0,0,0,400,400,400,100.000000,12800,24952,51.298493,10,10,10,10,404,4,0,4,400,24952,152,0,0,0,0,404,0,0,0,0,88,5888
1510,W3,1,1,0,0,0,0,0,0,0,0,0,400,400,400,0,0,0,0,400,400,400,100.000000,12800,24952,51.298493,10,10,10,10,404,4,0,4,400,24952,152,0,0,0,0,404,0,0,0,0,94,5888
1511,W3,1,1,0,0,0,0,0,0,0,0,0,400,400,400,0,0,0,0,400,400,400,100.000000,12800,24952,51.298493,10,10,10,10,404,4,0,4,400,24952,152,0,0,0,0,404,0,0,0,0,99,5888
1512,W3,1,1,0,0,0,0,0,0,0,0,0,400,400,400,0,0,0,0,400,400,400,100.000000,12800,24952,51.298493,10,10,10,10,404,4,0,4,400,24952,152,0,0,0,0,404,0,0,0,0,97,5888
1513,W3,1,1,0,0,0,0,0,0,0,0,0,400,400,400,0,0,0,0,400,400,400,100.000000,12800,24952,51.298493,10,10,10,10,404,4,0,4,400,24952,152,0,0,0,0,404,0,0,0,0,98,5888
1514,W3,1,1,0,0,0,0,0,0,0,0,0,400,400,400,0,0,0,0,400,400,400,100.000000,12800,24952,51.298493,10,10,10,10,404,4,0,4,400,24952,152,0,0,0,0,404,0,0,0,0,100,5888
1515,W3,1,1,0,0,0,0,0,0,0,0,0,400,400,400,0,0,0,0,400,400,400,100.000000,12800,24952,51.298493,10,10,10,10,404,4,0,4,400,24952,152,0,0,0,0,404,0,0,0,0,118,5888
1516,W3,1,1,0,0,0,0,0,0,0,0,0,400,400,400,0,0,0,0,400,400,400,100.000000,12800,24952,51.298493,10,10,10,10,404,4,0,4,400,24952,152,0,0,0,0,404,0,0,0,0,109,5888
1517,W3,1,1,0,0,0,0,0,0,0,0,0,400,400,400,0,0,0,0,400,400,400,100.000000,12800,24952,51.298493,10,10,10,10,404,4,0,4,400,24952,152,0,0,0,0,404,0,0,0,0,99,5888
1518,W3,1,1,0,0,0,0,0,0,0,0,0,400,400,400,0,0,0,0,400,400,400,100.000000,12800,24952,51.298493,10,10,10,10,404,4,0,4,400,24952,152,0,0,0,0,404,0,0,0,0,128,5888
1519,W3,1,1,0,0,0,0,0,0,0,0,0,400,400,400,0,0,0,0,400,400,400,100.000000,12800,24952,51.298493,10,10,10,10,404,4,0,4,400,24952,152,0,0,0,0,404,0,0,0,0,99,5888
1520,W3,1,1,0,0,0,0,0,0,0,0,0,400,400,400,0,0,0,0,400,400,400,100.000000,12800,24952,51.298493,10,10,10,10,404,4,0,4,400,24952,152,0,0,0,0,404,0,0,0,0,85,5888
1521,W3,1,1,0,0,0,0,0,0,0,0,0,400,400,400,0,0,0,0,400,400,400,100.000000,12800,24952,51.298493,10,10,10,10,404,4,0,4,400,24952,152,0,0,0,0,404,0,0,0,0,106,5888
1522,W3,1,1,0,0,0,0,0,0,0,0,0,400,400,400,0,0,0,0,400,400,400,100.000000,12800,24952,51.298493,10,10,10,10,404,4,0,4,400,24952,152,0,0,0,0,404,0,0,0,0,97,5888
1523,W3,1,1,0,0,0,0,0,0,0,0,0,400,400,400,0,0,0,0,400,400,400,100.000000,12800,24952,51.298493,10,10,10,10,404,4,0,4,400,24952,152,0,0,0,0,404,0,0,0,0,92,5888
1524,W3,1,1,0,0,0,0,0,0,0,0,0,400,400,400,0,0,0,0,400,400,400,100.000000,12800,24952,51.298493,10,10,10,10,404,4,0,4,400,24952,152,0,0,0,0,404,0,0,0,0,95,5888
1525,W3,1,1,0,0,0,0,0,0,0,0,0,400,400,400,0,0,0,0,400,400,400,100.000000,12800,24952,51.298493,10,10,10,10,404,4,0,4,400,24952,152,0,0,0,0,404,0,0,0,0,98,5888
1526,W3,1,1,0,0,0,0,0,0,0,0,0,400,400,400,0,0,0,0,400,400,400,100.000000,12800,24952,51.298493,10,10,10,10,404,4,0,4,400,24952,152,0,0,0,0,404,0,0,0,0,102,5888
1527,W3,1,1,0,0,0,0,0,0,0,0,0,400,400,400,0,0,0,0,400,400,400,100.000000,12800,24952,51.298493,10,10,10,10,404,4,0,4,400,24952,152,0,0,0,0,404,0,0,0,0,95,5888
1528,W3,1,1,0,0,0,0,0,0,0,0,0,400,400,400,0,0,0,0,400,400,400,100.000000,12800,24952,51.298493,10,10,10,10,404,4,0,4,400,24952,152,0,0,0,0,404,0,0,0,0,94,5888
1529,W3,1,1,0,0,0,0,0,0,0,0,0,400,400,400,0,0,0,0,400,400,400,100.000000,12800,24952,51.298493,10,10,10,10,404,4,0,4,400,24952,152,0,0,0,0,404,0,0,0,0,93,5888
1530,W3,1,1,0,0,0,0,0,0,0,0,0,400,400,400,0,0,0,0,400,400,400,100.000000,12800,24952,51.298493,10,10,10,10,404,4,0,4,400,24952,152,0,0,0,0,404,0,0,0,0,98,5888
1531,W3,1,1,0,0,0,0,0,0,0,0,0,400,400,400,0,0,0,0,400,400,400,100.000000,12800,24952,51.298493,10,10,10,10,404,4,0,4,400,24952,152,0,0,0,0,404,0,0,0,0,97,5888
1532,W3,1,1,0,0,0,0,0,0,0,0,0,400,400,400,0,0,0,0,400,400,400,100.000000,12800,24952,51.298493,10,10,10,10,404,4,0,4,400,24952,152,0,0,0,0,404,0,0,0,0,94,5888
1533,W3,1,1,0,0,0,0,0,0,0,0,0,400,400,400,0,0,0,0,400,400,400,100.000000,12800,24952,51.298493,10,10,10,10,404,4,0,4,400,24952,152,0,0,0,0,404,0,0,0,0,91,5888
1534,W3,1,1,0,0,0,0,0,0,0,0,0,400,400,400,0,0,0,0,400,400,400,100.000000,12800,24952,51.298493,10,10,10,10,404,4,0,4,400,24952,152,0,0,0,0,404,0,0,0,0,87,5888
1535,W3,1,1,0,0,0,0,0,0,0,0,0,400,400,400,0,0,0,0,400,400,400,100.000000,12800,24952,51.298493,10,10,10,10,404,4,0,4,400,24952,152,0,0,0,0,404,0,0,0,0,96,5888
1536,W3,1,1,0,0,0,0,0,0,0,0,0,400,400,400,0,0,0,0,400,400,400,100.000000,12800,24952,51.298493,10,10,10,10,404,4,0,4,400,24952,152,0,0,0,0,404,0,0,0,0,91,5888
1537,W3,1,1,0,0,0,0,0,0,0,0,0,400,400,400,0,0,0,0,400,400,400,100.000000,12800,24952,51.298493,10,10,10,10,404,4,0,4,400,24952,152,0,0,0,0,404,0,0,0,0,99,5888
1538,W3,1,1,0,0,0,0,0,0,0,0,0,400,400,400,0,0,0,0,400,400,400,100.000000,12800,24952,51.298493,10,10,10,10,404,4,0,4,400,24952,152,0,0,0,0,404,0,0,0,0,94,5888
1539,W3,1,1,0,0,0,0,0,0,0,0,0,400,400,400,0,0,0,0,400,400,400,100.000000,12800,24952,51.298493,10,10,10,10,404,4,0,4,400,24952,152,0,0,0,0,404,0,0,0,0,92,5888
1540,W3,1,1,0,0,0,0,0,0,0,0,0,400,400,400,0,0,0,0,400,400,400,100.000000,12800,24952,51.298493,10,10,10,10,404,4,0,4,400,24952,152,0,0,0,0,404,0,0,0,0,90,5888
1541,W3,1,1,0,0,0,0,0,0,0,0,0,400,400,400,0,0,0,0,400,400,400,100.000000,12800,24952,51.298493,10,10,10,10,404,4,0,4,400,24952,152,0,0,0,0,404,0,0,0,0,99,5888
1542,W3,1,1,0,0,0,0,0,0,0,0,0,400,400,400,0,0,0,0,400,400,400,100.000000,12800,24952,51.298493,10,10,10,10,404,4,0,4,400,24952,152,0,0,0,0,404,0,0,0,0,98,5888
1543,W3,1,1,0,0,0,0,0,0,0,0,0,400,400,400,0,0,0,0,400,400,400,100.000000,12800,24952,51.298493,10,10,10,10,404,4,0,4,400,24952,152,0,0,0,0,404,0,0,0,0,95,5888
1544,W3,1,1,0,0,0,0,0,0,0,0,0,400,400,400,0,0,0,0,400,400,400,100.000000,12800,24952,51.298493,10,10,10,10,404,4,0,4,400,24952,152,0,0,0,0,404,0,0,0,0,100,5888
1545,W3,1,1,0,0,0,0,0,0,0,0,0,400,400,400,0,0,0,0,400,400,400,100.000000,12800,24952,51.298493,10,10,10,10,404,4,0,4,400,24952,152,0,0,0,0,404,0,0,0,0,90,5888
1546,W3,1,1,0,0,0,0,0,0,0,0,0,400,400,400,0,0,0,0,400,400,400,100.000000,12800,24952,51.298493,10,10,10,10,404,4,0,4,400,24952,152,0,0,0,0,404,0,0,0,0,90,5888
1547,W3,1,1,0,0,0,0,0,0,0,0,0,400,400,400,0,0,0,0,400,400,400,100.000000,12800,24952,51.298493,10,10,10,10,404,4,0,4,400,24952,152,0,0,0,0,404,0,0,0,0,97,5888
1548,W3,1,1,0,0,0,0,0,0,0,0,0,400,400,400,0,0,0,0,400,400,400,100.000000,12800,24952,51.298493,10,10,10,10,404,4,0,4,400,24952,152,0,0,0,0,404,0,0,0,0,94,5888
1549,W3,1,1,0,0,0,0,0,0,0,0,0,400,400,400,0,0,0,0,400,400,400,100.000000,12800,24952,51.298493,10,10,10,10,404,4,0,4,400,24952,152,0,0,0,0,404,0,0,0,0,93,5888
1550,W3,1,1,0,0,0,0,0,0,0,0,0,400,400,400,0,0,0,0,400,400,400,100.000000,12800,24952,51.298493,10,10,10,10,404,4,0,4,400,24952,152,0,0,0,0,404,0,0,0,0,116,5888
1551,W3,1,1,0,0,0,0,0,0,0,0,0,400,400,400,0,0,0,0,400,400,400,100.000000,12800,24952,51.298493,10,10,10,10,404,4,0,4,400,24952,152,0,0,0,0,404,0,0,0,0,99,5888
1552,W3,1,1,0,0,0,0,0,0,0,0,0,400,400,400,0,0,0,0,400,400,400,100.000000,12800,24952,51.298493,10,10,10,10,404,4,0,4,400,24952,152,0,0,0,0,404,0,0,0,0,96,5888
1553,W3,1,1,0,0,0,0,0,0,0,0,0,400,400,400,0,0,0,0,400,400,400,100.000000,12800,24952,51.298493,10,10,10,10,404,4,0,4,400,24952,152,0,0,0,0,404,0,0,0,0,98,5888
1554,W3,1,1,0,0,0,0,0,0,0,0,0,400,400,400,0,0,0,0,400,400,400,100.000000,12800,24952,51.298493,10,10,10,10,404,4,0,4,400,24952,152,0,0,0,0,404,0,0,0,0,88,5888
1555,W3,1,1,0,0,0,0,0,0,0,0,0,400,400,400,0,0,0,0,400,400,400,100.000000,12800,24952,51.298493,10,10,10,10,404,4,0,4,400,24952,152,0,0,0,0,404,0,0,0,0,87,5888
1556,W3,1,1,0,0,0,0,0,0,0,0,0,400,400,400,0,0,0,0,400,400,400,100.000000,12800,24952,51.298493,10,10,10,10,404,4,0,4,400,24952,152,0,0,0,0,404,0,0,0,0,94,5888
1557,W3,1,1,0,0,0,0,0,0,0,0,0,400,400,400,0,0,0,0,400,400,400,100.000000,12800,24952,51.298493,10,10,10,10,404,4,0,4,400,24952,152,0,0,0,0,404,0,0,0,0,86,5888
1558,W3,1,1,0,0,0,0,0,0,0,0,0,400,400,400,0,0,0,0,400,400,400,100.000000,12800,24952,51.298493,10,10,10,10,404,4,0,4,400,24952,152,0,0,0,0,404,0,0,0,0,102,5888
1559,W3,1,1,0,0,0,0,0,0,0,0,0,400,400,400,0,0,0,0,400,400,400,100.000000,12800,24952,51.298493,10,10,10,10,404,4,0,4,400,24952,152,0,0,0,0,404,0,0,0,0,88,5888
1560,W3,1,1,0,0,0,0,0,0,0,0,0,400,400,400,0,0,0,0,400,400,400,100.000000,12800,24952,51.298493,10,10,10,10,404,4,0,4,400,24952,152,0,0,0,0,404,0,0,0,0,98,5888
1561,W3,1,1,0,0,0,0,0,0,0,0,0,400,400,400,0,0,0,0,400,400,400,100.000000,12800,24952,51.298493,10,10,10,10,404,4,0,4,400,24952,152,0,0,0,0,404,0,0,0,0,86,5888
1562,W3,1,1,0,0,0,0,0,0,0,0,0,400,400,400,0,0,0,0,400,400,400,100.000000,12800,24952,51.298493,10,10,10,10,404,4,0,4,400,24952,152,0,0,0,0,404,0,0,0,0,100,5888
1563,W3,1,1,0,0,0,0,0,0,0,0,0,400,400,400,0,0,0,0,400,400,400,100.000000,12800,24952,51.298493,10,10,10,10,404,4,0,4,400,24952,152,0,0,0,0,404,0,0,0,0,98,5888
1564,W3,1,1,0,0,0,0,0,0,0,0,0,400,400,400,0,0,0,0,400,400,400,100.000000,12800,24952,51.298493,10,10,10,10,404,4,0,4,400,24952,152,0,0,0,0,404,0,0,0,0,90,5888
1565,W3,1,1,0,0,0,0,0,0,0,0,0,400,400,400,0,0,0,0,400,400,400,100.000000,12800,24952,51.298493,10,10,10,10,404,4,0,4,400,24952,152,0,0,0,0,404,0,0,0,0,91,5888
1566,W3,1,1,0,0,0,0,0,0,0,0,0,400,400,400,0,0,0,0,400,400,400,100.000000,12800,24952,51.298493,10,10,10,10,404,4,0,4,400,24952,152,0,0,0,0,404,0,0,0,0,89,5888
1567,W3,1,1,0,0,0,0,0,0,0,0,0,400,400,400,0,0,0,0,400,400,400,100.000000,12800,24952,51.298493,10,10,10,10,404,4,0,4,400,24952,152,0,0,0,0,404,0,0,0,0,107,5888
1568,W3,1,1,0,0,0,0,0,0,0,0,0,400,400,400,0,0,0,0,400,400,400,100.000000,12800,24952,51.298493,10,10,10,10,404,4,0,4,400,24952,152,0,0,0,0,404,0,0,0,0,88,5888
1569,W3,1,1,0,0,0,0,0,0,0,0,0,400,400,400,0,0,0,0,400,400,400,100.000000,12800,24952,51.298493,10,10,10,10,404,4,0,4,400,24952,152,0,0,0,0,404,0,0,0,0,96,5888
1570,W3,1,1,0,0,0,0,0,0,0,0,0,400,400,400,0,0,0,0,400,400,400,100.000000,12800,24952,51.298493,10,10,10,10,404,4,0,4,400,24952,152,0,0,0,0,404,0,0,0,0,95,5888
1571,W3,1,1,0,0,0,0,0,0,0,0,0,400,400,400,0,0,0,0,400,400,400,100.000000,12800,24952,51.298493,10,10,10,10,404,4,0,4,400,24952,152,0,0,0,0,404,0,0,0,0,134,5888
1572,W3,1,1,0,0,0,0,0,0,0,0,0,400,400,400,0,0,0,0,400,400,400,100.000000,12800,24952,51.298493,10,10,10,10,404,4,0,4,400,24952,152,0,0,0,0,404,0,0,0,0,113,5888
1573,W3,1,1,0,0,0,0,0,0,0,0,0,400,400,400,0,0,0,0,400,400,400,100.000000,12800,24952,51.298493,10,10,10,10,404,4,0,4,400,24952,152,0,0,0,0,404,0,0,0,0,106,5888
1574,W3,1,1,0,0,0,0,0,0,0,0,0,400,400,400,0,0,0,0,400,400,400,100.000000,12800,24952,51.298493,10,10,10,10,404,4,0,4,400,24952,152,0,0,0,0,404,0,0,0,0,89,5888
1575,W3,1,1,0,0,0,0,0,0,0,0,0,400,400,400,0,0,0,0,400,400,400,100.000000,12800,24952,51.298493,10,10,10,10,404,4,0,4,400,24952,152,0,0,0,0,404,0,0,0,0,85,5888
1576,W3,1,1,0,0,0,0,0,0,0,0,0,400,400,400,0,0,0,0,400,400,400,100.000000,12800,24952,51.298493,10,10,10,10,404,4,0,4,400,24952,152,0,0,0,0,404,0,0,0,0,91,5888
1577,W3,1,1,0,0,0,0,0,0,0,0,0,400,400,400,0,0,0,0,400,400,400,100.000000,12800,24952,51.298493,10,10,10,10,404,4,0,4,400,24952,152,0,0,0,0,404,0,0,0,0,85,5888
1578,W3,1,1,0,0,0,0,0,0,0,0,0,400,400,400,0,0,0,0,400,400,400,100.000000,12800,24952,51.298493,10,10,10,10,404,4,0,4,400,24952,152,0,0,0,0,404,0,0,0,0,92,5888
1579,W3,1,1,0,0,0,0,0,0,0,0,0,400,400,400,0,0,0,0,400,400,400,100.000000,12800,24952,51.298493,10,10,10,10,404,4,0,4,400,24952,152,0,0,0,0,404,0,0,0,0,97,5888
1580,W3,1,1,0,0,0,0,0,0,0,0,0,400,400,400,0,0,0,0,400,400,400,100.000000,12800,24952,51.298493,10,10,10,10,404,4,0,4,400,24952,152,0,0,0,0,404,0,0,0,0,107,5888
1581,W3,1,1,0,0,0,0,0,0,0,0,0,400,400,400,0,0,0,0,400,400,400,100.000000,12800,24952,51.298493,10,10,10,10,404,4,0,4,400,24952,152,0,0,0,0,404,0,0,0,0,88,5888
1582,W3,1,1,0,0,0,0,0,0,0,0,0,400,400,400,0,0,0,0,400,400,400,100.000000,12800,24952,51.298493,10,10,10,10,404,4,0,4,400,24952,152,0,0,0,0,404,0,0,0,0,112,5888
1583,W3,1,1,0,0,0,0,0,0,0,0,0,400,400,400,0,0,0,0,400,400,400,100.000000,12800,24952,51.298493,10,10,10,10,404,4,0,4,400,24952,152,0,0,0,0,404,0,0,0,0,87,5888
1584,W3,1,1,0,0,0,0,0,0,0,0,0,400,400,400,0,0,0,0,400,400,400,100.000000,12800,24952,51.298493,10,10,10,10,404,4,0,4,400,24952,152,0,0,0,0,404,0,0,0,0,94,5888
1585,W3,1,1,0,0,0,0,0,0,0,0,0,400,400,400,0,0,0,0,400,400,400,100.000000,12800,24952,51.298493,10,10,10,10,404,4,0,4,400,24952,152,0,0,0,0,404,0,0,0,0,113,5888
1586,W3,1,1,0,0,0,0,0,0,0,0,0,400,400,400,0,0,0,0,400,400,400,100.000000,12800,24952,51.298493,10,10,10,10,404,4,0,4,400,24952,152,0,0,0,0,404,0,0,0,0,87,5888
1587,W3,1,1,0,0,0,0,0,0,0,0,0,400,400,400,0,0,0,0,400,400,400,100.000000,12800,24952,51.298493,10,10,10,10,404,4,0,4,400,24952,152,0,0,0,0,404,0,0,0,0,86,5888
1588,W3,1,1,0,0,0,0,0,0,0,0,0,400,400,400,0,0,0,0,400,400,400,100.000000,12800,24952,51.298493,10,10,10,10,404,4,0,4,400,24952,152,0,0,0,0,404,0,0,0,0,95,5888
1589,W3,1,1,0,0,0,0,0,0,0,0,0,400,400,400,0,0,0,0,400,400,400,100.000000,12800,24952,51.298493,10,10,10,10,404,4,0,4,400,24952,152,0,0,0,0,404,0,0,0,0,91,5888
1590,W3,1,1,0,0,0,0,0,0,0,0,0,400,400,400,0,0,0,0,400,400,400,100.000000,12800,24952,51.298493,10,10,10,10,404,4,0,4,400,24952,152,0,0,0,0,404,0,0,0,0,87,5888
1591,W3,1,1,0,0,0,0,0,0,0,0,0,400,400,400,0,0,0,0,400,400,400,100.000000,12800,24952,51.298493,10,10,10,10,404,4,0,4,400,24952,152,0,0,0,0,404,0,0,0,0,122,5888
1592,W3,1,1,0,0,0,0,0,0,0,0,0,400,400,400,0,0,0,0,400,400,400,100.000000,12800,24952,51.298493,10,10,10,10,404,4,0,4,400,24952,152,0,0,0,0,404,0,0,0,0,102,5888
1593,W3,1,1,0,0,0,0,0,0,0,0,0,400,400,400,0,0,0,0,400,400,400,100.000000,12800,24952,51.298493,10,10,10,10,404,4,0,4,400,24952,152,0,0,0,0,404,0,0,0,0,149,5888
1594,W3,1,1,0,0,0,0,0,0,0,0,0,400,400,400,0,0,0,0,400,400,400,100.000000,12800,24952,51.298493,10,10,10,10,404,4,0,4,400,24952,152,0,0,0,0,404,0,0,0,0,97,5888
1595,W3,1,1,0,0,0,0,0,0,0,0,0,400,400,400,0,0,0,0,400,400,400,100.000000,12800,24952,51.298493,10,10,10,10,404,4,0,4,400,24952,152,0,0,0,0,404,0,0,0,0,87,5888
1596,W3,1,1,0,0,0,0,0,0,0,0,0,400,400,400,0,0,0,0,400,400,400,100.000000,12800,24952,51.298493,10,10,10,10,404,4,0,4,400,24952,152,0,0,0,0,404,0,0,0,0,90,5888
1597,W3,1,1,0,0,0,0,0,0,0,0,0,400,400,400,0,0,0,0,400,400,400,100.000000,12800,24952,51.298493,10,10,10,10,404,4,0,4,400,24952,152,0,0,0,0,404,0,0,0,0,115,5888
1598,W3,1,1,0,0,0,0,0,0,0,0,0,400,400,400,0,0,0,0,400,400,400,100.000000,12800,24952,51.298493,10,10,10,10,404,4,0,4,400,24952,152,0,0,0,0,404,0,0,0,0,93,5888
1599,W3,1,1,0,0,0,0,0,0,0,0,0,400,400,400,0,0,0,0,400,400,400,100.000000,12800,24952,51.298493,10,10,10,10,404,4,0,4,400,24952,152,0,0,0,0,404,0,0,0,0,102,5888
1600,W3,1,1,0,0,0,0,0,0,0,0,0,400,400,400,0,0,0,0,400,400,400,100.000000,12800,24952,51.298493,10,10,10,10,404,4,0,4,400,24952,152,0,0,0,0,404,0,0,0,0,91,5888
1601,W3,1,1,0,0,0,0,0,0,0,0,0,400,400,400,0,0,0,0,400,400,400,100.000000,12800,24952,51.298493,10,10,10,10,404,4,0,4,400,24952,152,0,0,0,0,404,0,0,0,0,91,5888
1602,W3,1,1,0,0,0,0,0,0,0,0,0,400,400,400,0,0,0,0,400,400,400,100.000000,12800,24952,51.298493,10,10,10,10,404,4,0,4,400,24952,152,0,0,0,0,404,0,0,0,0,114,5888
1603,W3,1,1,0,0,0,0,0,0,0,0,0,400,400,400,0,0,0,0,400,400,400,100.000000,12800,24952,51.298493,10,10,10,10,404,4,0,4,400,24952,152,0,0,0,0,404,0,0,0,0,95,5888
1604,W3,1,1,0,0,0,0,0,0,0,0,0,400,400,400,0,0,0,0,400,400,400,100.000000,12800,24952,51.298493,10,10,10,10,404,4,0,4,400,24952,152,0,0,0,0,404,0,0,0,0,93,5888
1605,W3,1,1,0,0,0,0,0,0,0,0,0,400,400,400,0,0,0,0,400,400,400,100.000000,12800,24952,51.298493,10,10,10,10,404,4,0,4,400,24952,152,0,0,0,0,404,0,0,0,0,90,5888
1606,W3,1,1,0,0,0,0,0,0,0,0,0,400,400,400,0,0,0,0,400,400,400,100.000000,12800,24952,51.298493,10,10,10,10,404,4,0,4,400,24952,152,0,0,0,0,404,0,0,0,0,89,5888
1607,W3,1,1,0,0,0,0,0,0,0,0,0,400,400,400,0,0,0,0,400,400,400,100.000000,12800,24952,51.298493,10,10,10,10,404,4,0,4,400,24952,152,0,0,0,0,404,0,0,0,0,94,5888
1608,W3,1,1,0,0,0,0,0,0,0,0,0,400,400,400,0,0,0,0,400,400,400,100.000000,12800,24952,51.298493,10,10,10,10,404,4,0,4,400,24952,152,0,0,0,0,404,0,0,0,0,97,5888
1609,W3,1,1,0,0,0,0,0,0,0,0,0,400,400,400,0,0,0,0,400,400,400,100.000000,12800,24952,51.298493,10,10,10,10,404,4,0,4,400,24952,152,0,0,0,0,404,0,0,0,0,110,5888
1610,W3,1,1,0,0,0,0,0,0,0,0,0,400,400,400,0,0,0,0,400,400,400,100.000000,12800,24952,51.298493,10,10,10,10,404,4,0,4,400,24952,152,0,0,0,0,404,0,0,0,0,104,5888
1611,W3,1,1,0,0,0,0,0,0,0,0,0,400,400,400,0,0,0,0,400,400,400,100.000000,12800,24952,51.298493,10,10,10,10,404,4,0,4,400,24952,152,0,0,0,0,404,0,0,0,0,95,5888
1612,W3,1,1,0,0,0,0,0,0,0,0,0,400,400,400,0,0,0,0,400,400,400,100.000000,12800,24952,51.298493,10,10,10,10,404,4,0,4,400,24952,152,0,0,0,0,404,0,0,0,0,92,5888
1613,W3,1,1,0,0,0,0,0,0,0,0,0,400,400,400,0,0,0,0,400,400,400,100.000000,12800,24952,51.298493,10,10,10,10,404,4,0,4,400,24952,152,0,0,0,0,404,0,0,0,0,88,5888
1614,W3,1,1,0,0,0,0,0,0,0,0,0,400,400,400,0,0,0,0,400,400,400,100.000000,12800,24952,51.298493,10,10,10,10,404,4,0,4,400,24952,152,0,0,0,0,404,0,0,0,0,84,5888
1615,W3,1,1,0,0,0,0,0,0,0,0,0,400,400,400,0,0,0,0,400,400,400,100.000000,12800,24952,51.298493,10,10,10,10,404,4,0,4,400,24952,152,0,0,0,0,404,0,0,0,0,88,5888
1616,W3,1,1,0,0,0,0,0,0,0,0,0,400,400,400,0,0,0,0,400,400,400,100.000000,12800,24952,51.298493,10,10,10,10,404,4,0,4,400,24952,152,0,0,0,0,404,0,0,0,0,89,5888
1617,W3,1,1,0,0,0,0,0,0,0,0,0,400,400,400,0,0,0,0,400,400,400,100.000000,12800,24952,51.298493,10,10,10,10,404,4,0,4,400,24952,152,0,0,0,0,404,0,0,0,0,88,5888
1618,W3,1,1,0,0,0,0,0,0,0,0,0,400,400,400,0,0,0,0,400,400,400,100.000000,12800,24952,51.298493,10,10,10,10,404,4,0,4,400,24952,152,0,0,0,0,404,0,0,0,0,94,5888
1619,W3,1,1,0,0,0,0,0,0,0,0,0,400,400,400,0,0,0,0,400,400,400,100.000000,12800,24952,51.298493,10,10,10,10,404,4,0,4,400,24952,152,0,0,0,0,404,0,0,0,0,86,5888
1620,W3,1,1,0,0,0,0,0,0,0,0,0,400,400,400,0,0,0,0,400,400,400,100.000000,12800,24952,51.298493,10,10,10,10,404,4,0,4,400,24952,152,0,0,0,0,404,0,0,0,0,93,5888
1621,W3,1,1,0,0,0,0,0,0,0,0,0,400,400,400,0,0,0,0,400,400,400,100.000000,12800,24952,51.298493,10,10,10,10,404,4,0,4,400,24952,152,0,0,0,0,404,0,0,0,0,82,5888
1622,W3,1,1,0,0,0,0,0,0,0,0,0,400,400,400,0,0,0,0,400,400,400,100.000000,12800,24952,51.298493,10,10,10,10,404,4,0,4,400,24952,152,0,0,0,0,404,0,0,0,0,89,5888
1623,W3,1,1,0,0,0,0,0,0,0,0,0,400,400,400,0,0,0,0,400,400,400,100.000000,12800,24952,51.298493,10,10,10,10,404,4,0,4,400,24952,152,0,0,0,0,404,0,0,0,0,93,5888
1624,W3,1,1,0,0,0,0,0,0,0,0,0,400,400,400,0,0,0,0,400,400,400,100.000000,12800,24952,51.298493,10,10,10,10,404,4,0,4,400,24952,152,0,0,0,0,404,0,0,0,0,100,5888
1625,W3,1,1,0,0,0,0,0,0,0,0,0,400,400,400,0,0,0,0,400,400,400,100.000000,12800,24952,51.298493,10,10,10,10,404,4,0,4,400,24952,152,0,0,0,0,404,0,0,0,0,91,5888
1626,W3,1,1,0,0,0,0,0,0,0,0,0,400,400,400,0,0,0,0,400,400,400,100.000000,12800,24952,51.298493,10,10,10,10,404,4,0,4,400,24952,152,0,0,0,0,404,0,0,0,0,87,5888
1627,W3,1,1,0,0,0,0,0,0,0,0,0,400,400,400,0,0,0,0,400,400,400,100.000000,12800,24952,51.298493,10,10,10,10,404,4,0,4,400,24952,152,0,0,0,0,404,0,0,0,0,96,5888
1628,W3,1,1,0,0,0,0,0,0,0,0,0,400,400,400,0,0,0,0,400,400,400,100.000000,12800,24952,51.298493,10,10,10,10,404,4,0,4,400,24952,152,0,0,0,0,404,0,0,0,0,94,5888
1629,W3,1,1,0,0,0,0,0,0,0,0,0,400,400,400,0,0,0,0,400,400,400,100.000000,12800,24952,51.298493,10,10,10,10,404,4,0,4,400,24952,152,0,0,0,0,404,0,0,0,0,98,5888
1630,W3,1,1,0,0,0,0,0,0,0,0,0,400,400,400,0,0,0,0,400,400,400,100.000000,12800,24952,51.298493,10,10,10,10,404,4,0,4,400,24952,152,0,0,0,0,404,0,0,0,0,87,5888
1631,W3,1,1,0,0,0,0,0,0,0,0,0,400,400,400,0,0,0,0,400,400,400,100.000000,12800,24952,51.298493,10,10,10,10,404,4,0,4,400,24952,152,0,0,0,0,404,0,0,0,0,93,5888
1632,W3,1,1,0,0,0,0,0,0,0,0,0,400,400,400,0,0,0,0,400,400,400,100.000000,12800,24952,51.298493,10,10,10,10,404,4,0,4,400,24952,152,0,0,0,0,404,0,0,0,0,87,5888
1633,W3,1,1,0,0,0,0,0,0,0,0,0,400,400,400,0,0,0,0,400,400,400,100.000000,12800,24952,51.298493,10,10,10,10,404,4,0,4,400,24952,152,0,0,0,0,404,0,0,0,0,94,5888
1634,W3,1,1,0,0,0,0,0,0,0,0,0,400,400,400,0,0,0,0,400,400,400,100.000000,12800,24952,51.298493,10,10,10,10,404,4,0,4,400,24952,152,0,0,0,0,404,0,0,0,0,97,5888
1635,W3,1,1,0,0,0,0,0,0,0,0,0,400,400,400,0,0,0,0,400,400,400,100.000000,12800,24952,51.298493,10,10,10,10,404,4,0,4,400,24952,152,0,0,0,0,404,0,0,0,0,94,5888
1636,W3,1,1,0,0,0,0,0,0,0,0,0,400,400,400,0,0,0,0,400,400,400,100.000000,12800,24952,51.298493,10,10,10,10,404,4,0,4,400,24952,152,0,0,0,0,404,0,0,0,0,94,5888
1637,W3,1,1,0,0,0,0,0,0,0,0,0,400,400,400,0,0,0,0,400,400,400,100.000000,12800,24952,51.298493,10,10,10,10,404,4,0,4,400,24952,152,0,0,0,0,404,0,0,0,0,90,5888
1638,W3,1,1,0,0,0,0,0,0,0,0,0,400,400,400,0,0,0,0,400,400,400,100.000000,12800,24952,51.298493,10,10,10,10,404,4,0,4,400,24952,152,0,0,0,0,404,0,0,0,0,120,5888
1639,W3,1,1,0,0,0,0,0,0,0,0,0,400,400,400,0,0,0,0,400,400,400,100.000000,12800,24952,51.298493,10,10,10,10,404,4,0,4,400,24952,152,0,0,0,0,404,0,0,0,0,88,5888
1640,W3,1,1,0,0,0,0,0,0,0,0,0,400,400,400,0,0,0,0,400,400,400,100.000000,12800,24952,51.298493,10,10,10,10,404,4,0,4,400,24952,152,0,0,0,0,404,0,0,0,0,98,5888
1641,W3,1,1,0,0,0,0,0,0,0,0,0,400,400,400,0,0,0,0,400,400,400,100.000000,12800,24952,51.298493,10,10,10,10,404,4,0,4,400,24952,152,0,0,0,0,404,0,0,0,0,87,5888
1642,W3,1,1,0,0,0,0,0,0,0,0,0,400,400,400,0,0,0,0,400,400,400,100.000000,12800,24952,51.298493,10,10,10,10,404,4,0,4,400,24952,152,0,0,0,0,404,0,0,0,0,96,5888
1643,W3,1,1,0,0,0,0,0,0,0,0,0,400,400,400,0,0,0,0,400,400,400,100.000000,12800,24952,51.298493,10,10,10,10,404,4,0,4,400,24952,152,0,0,0,0,404,0,0,0,0,97,5888
1644,W3,1,1,0,0,0,0,0,0,0,0,0,400,400,400,0,0,0,0,400,400,400,100.000000,12800,24952,51.298493,10,10,10,10,404,4,0,4,400,24952,152,0,0,0,0,404,0,0,0,0,108,5888
1645,W3,1,1,0,0,0,0,0,0,0,0,0,400,400,400,0,0,0,0,400,400,400,100.000000,12800,24952,51.298493,10,10,10,10,404,4,0,4,400,24952,152,0,0,0,0,404,0,0,0,0,89,5888
1646,W3,1,1,0,0,0,0,0,0,0,0,0,400,400,400,0,0,0,0,400,400,400,100.000000,12800,24952,51.298493,10,10,10,10,404,4,0,4,400,24952,152,0,0,0,0,404,0,0,0,0,89,5888
1647,W3,1,1,0,0,0,0,0,0,0,0,0,400,400,400,0,0,0,0,400,400,400,100.000000,12800,24952,51.298493,10,10,10,10,404,4,0,4,400,24952,152,0,0,0,0,404,0,0,0,0,97,5888
1648,W3,1,1,0,0,0,0,0,0,0,0,0,400,400,400,0,0,0,0,400,400,400,100.000000,12800,24952,51.298493,10,10,10,10,404,4,0,4,400,24952,152,0,0,0,0,404,0,0,0,0,89,5888
1649,W3,1,1,0,0,0,0,0,0,0,0,0,400,400,400,0,0,0,0,400,400,400,100.000000,12800,24952,51.298493,10,10,10,10,404,4,0,4,400,24952,152,0,0,0,0,404,0,0,0,0,142,5888
1650,W3,1,1,0,0,0,0,0,0,0,0,0,400,400,400,0,0,0,0,400,400,400,100.000000,12800,24952,51.298493,10,10,10,10,404,4,0,4,400,24952,152,0,0,0,0,404,0,0,0,0,92,5888
1651,W3,1,1,0,0,0,0,0,0,0,0,0,400,400,400,0,0,0,0,400,400,400,100.000000,12800,24952,51.298493,10,10,10,10,404,4,0,4,400,24952,152,0,0,0,0,404,0,0,0,0,91,5888
1652,W3,1,1,0,0,0,0,0,0,0,0,0,400,400,400,0,0,0,0,400,400,400,100.000000,12800,24952,51.298493,10,10,10,10,404,4,0,4,400,24952,152,0,0,0,0,404,0,0,0,0,94,5888
1653,W3,1,1,0,0,0,0,0,0,0,0,0,400,400,400,0,0,0,0,400,400,400,100.000000,12800,24952,51.298493,10,10,10,10,404,4,0,4,400,24952,152,0,0,0,0,404,0,0,0,0,91,5888
1654,W3,1,1,0,0,0,0,0,0,0,0,0,400,400,400,0,0,0,0,400,400,400,100.000000,12800,24952,51.298493,10,10,10,10,404,4,0,4,400,24952,152,0,0,0,0,404,0,0,0,0,90,5888
1655,W3,1,1,0,0,0,0,0,0,0,0,0,400,400,400,0,0,0,0,400,400,400,100.000000,12800,24952,51.298493,10,10,10,10,404,4,0,4,400,24952,152,0,0,0,0,404,0,0,0,0,92,5888
1656,W3,1,1,0,0,0,0,0,0,0,0,0,400,400,400,0,0,0,0,400,400,400,100.000000,12800,24952,51.298493,10,10,10,10,404,4,0,4,400,24952,152,0,0,0,0,404,0,0,0,0,101,5888
1657,W3,1,1,0,0,0,0,0,0,0,0,0,400,400,400,0,0,0,0,400,400,400,100.000000,12800,24952,51.298493,10,10,10,10,404,4,0,4,400,24952,152,0,0,0,0,404,0,0,0,0,90,5888
1658,W3,1,1,0,0,0,0,0,0,0,0,0,400,400,400,0,0,0,0,400,400,400,100.000000,12800,24952,51.298493,10,10,10,10,404,4,0,4,400,24952,152,0,0,0,0,404,0,0,0,0,99,5888
1659,W3,1,1,0,0,0,0,0,0,0,0,0,400,400,400,0,0,0,0,400,400,400,100.000000,12800,24952,51.298493,10,10,10,10,404,4,0,4,400,24952,152,0,0,0,0,404,0,0,0,0,85,5888
1660,W3,1,1,0,0,0,0,0,0,0,0,0,400,400,400,0,0,0,0,400,400,400,100.000000,12800,24952,51.298493,10,10,10,10,404,4,0,4,400,24952,152,0,0,0,0,404,0,0,0,0,92,5888
1661,W3,1,1,0,0,0,0,0,0,0,0,0,400,400,400,0,0,0,0,400,400,400,100.000000,12800,24952,51.298493,10,10,10,10,404,4,0,4,400,24952,152,0,0,0,0,404,0,0,0,0,96,5888
1662,W3,1,1,0,0,0,0,0,0,0,0,0,400,400,400,0,0,0,0,400,400,400,100.000000,12800,24952,51.298493,10,10,10,10,404,4,0,4,400,24952,152,0,0,0,0,404,0,0,0,0,89,5888
1663,W3,1,1,0,0,0,0,0,0,0,0,0,400,400,400,0,0,0,0,400,400,400,100.000000,12800,24952,51.298493,10,10,10,10,404,4,0,4,400,24952,152,0,0,0,0,404,0,0,0,0,89,5888
1664,W3,1,1,0,0,0,0,0,0,0,0,0,400,400,400,0,0,0,0,400,400,400,100.000000,12800,24952,51.298493,10,10,10,10,404,4,0,4,400,24952,152,0,0,0,0,404,0,0,0,0,89,5888
1665,W3,1,1,0,0,0,0,0,0,0,0,0,400,400,400,0,0,0,0,400,400,400,100.000000,12800,24952,51.298493,10,10,10,10,404,4,0,4,400,24952,152,0,0,0,0,404,0,0,0,0,91,5888
1666,W3,1,1,0,0,0,0,0,0,0,0,0,400,400,400,0,0,0,0,400,400,400,100.000000,12800,24952,51.298493,10,10,10,10,404,4,0,4,400,24952,152,0,0,0,0,404,0,0,0,0,91,5888
1667,W3,1,1,0,0,0,0,0,0,0,0,0,400,400,400,0,0,0,0,400,400,400,100.000000,12800,24952,51.298493,10,10,10,10,404,4,0,4,400,24952,152,0,0,0,0,404,0,0,0,0,94,5888
1668,W3,1,1,0,0,0,0,0,0,0,0,0,400,400,400,0,0,0,0,400,400,400,100.000000,12800,24952,51.298493,10,10,10,10,404,4,0,4,400,24952,152,0,0,0,0,404,0,0,0,0,93,5888
1669,W3,1,1,0,0,0,0,0,0,0,0,0,400,400,400,0,0,0,0,400,400,400,100.000000,12800,24952,51.298493,10,10,10,10,404,4,0,4,400,24952,152,0,0,0,0,404,0,0,0,0,89,5888
1670,W3,1,1,0,0,0,0,0,0,0,0,0,400,400,400,0,0,0,0,400,400,400,100.000000,12800,24952,51.298493,10,10,10,10,404,4,0,4,400,24952,152,0,0,0,0,404,0,0,0,0,101,5888
1671,W3,1,1,0,0,0,0,0,0,0,0,0,400,400,400,0,0,0,0,400,400,400,100.000000,12800,24952,51.298493,10,10,10,10,404,4,0,4,400,24952,152,0,0,0,0,404,0,0,0,0,85,5888
1672,W3,1,1,0,0,0,0,0,0,0,0,0,400,400,400,0,0,0,0,400,400,400,100.000000,12800,24952,51.298493,10,10,10,10,404,4,0,4,400,24952,152,0,0,0,0,404,0,0,0,0,91,5888
1673,W3,1,1,0,0,0,0,0,0,0,0,0,400,400,400,0,0,0,0,400,400,400,100.000000,12800,24952,51.298493,10,10,10,10,404,4,0,4,400,24952,152,0,0,0,0,404,0,0,0,0,92,5888
1674,W3,1,1,0,0,0,0,0,0,0,0,0,400,400,400,0,0,0,0,400,400,400,100.000000,12800,24952,51.298493,10,10,10,10,404,4,0,4,400,24952,152,0,0,0,0,404,0,0,0,0,91,5888
1675,W3,1,1,0,0,0,0,0,0,0,0,0,400,400,400,0,0,0,0,400,400,400,100.000000,12800,24952,51.298493,10,10,10,10,404,4,0,4,400,24952,152,0,0,0,0,404,0,0,0,0,91,5888
1676,W3,1,1,0,0,0,0,0,0,0,0,0,400,400,400,0,0,0,0,400,400,400,100.000000,12800,24952,51.298493,10,10,10,10,404,4,0,4,400,24952,152,0,0,0,0,404,0,0,0,0,90,5888
1677,W3,1,1,0,0,0,0,0,0,0,0,0,400,400,400,0,0,0,0,400,400,400,100.000000,12800,24952,51.298493,10,10,10,10,404,4,0,4,400,24952,152,0,0,0,0,404,0,0,0,0,91,5888
1678,W3,1,1,0,0,0,0,0,0,0,0,0,400,400,400,0,0,0,0,400,400,400,100.000000,12800,24952,51.298493,10,10,10,10,404,4,0,4,400,24952,152,0,0,0,0,404,0,0,0,0,104,5888
1679,W3,1,1,0,0,0,0,0,0,0,0,0,400,400,400,0,0,0,0,400,400,400,100.000000,12800,24952,51.298493,10,10,10,10,404,4,0,4,400,24952,152,0,0,0,0,404,0,0,0,0,101,5888
1680,W3,1,1,0,0,0,0,0,0,0,0,0,400,400,400,0,0,0,0,400,400,400,100.000000,12800,24952,51.298493,10,10,10,10,404,4,0,4,400,24952,152,0,0,0,0,404,0,0,0,0,91,5888
1681,W3,1,1,0,0,0,0,0,0,0,0,0,400,400,400,0,0,0,0,400,400,400,100.000000,12800,24952,51.298493,10,10,10,10,404,4,0,4,400,24952,152,0,0,0,0,404,0,0,0,0,89,5888
1682,W3,1,1,0,0,0,0,0,0,0,0,0,400,400,400,0,0,0,0,400,400,400,100.000000,12800,24952,51.298493,10,10,10,10,404,4,0,4,400,24952,152,0,0,0,0,404,0,0,0,0,97,5888
1683,W3,1,1,0,0,0,0,0,0,0,0,0,400,400,400,0,0,0,0,400,400,400,100.000000,12800,24952,51.298493,10,10,10,10,404,4,0,4,400,24952,152,0,0,0,0,404,0,0,0,0,90,5888
1684,W3,1,1,0,0,0,0,0,0,0,0,0,400,400,400,0,0,0,0,400,400,400,100.000000,12800,24952,51.298493,10,10,10,10,404,4,0,4,400,24952,152,0,0,0,0,404,0,0,0,0,94,5888
1685,W3,1,1,0,0,0,0,0,0,0,0,0,400,400,400,0,0,0,0,400,400,400,100.000000,12800,24952,51.298493,10,10,10,10,404,4,0,4,400,24952,152,0,0,0,0,404,0,0,0,0,89,5888
1686,W3,1,1,0,0,0,0,0,0,0,0,0,400,400,400,0,0,0,0,400,400,400,100.000000,12800,24952,51.298493,10,10,10,10,404,4,0,4,400,24952,152,0,0,0,0,404,0,0,0,0,96,5888
1687,W3,1,1,0,0,0,0,0,0,0,0,0,400,400,400,0,0,0,0,400,400,400,100.000000,12800,24952,51.298493,10,10,10,10,404,4,0,4,400,24952,152,0,0,0,0,404,0,0,0,0,93,5888
1688,W3,1,1,0,0,0,0,0,0,0,0,0,400,400,400,0,0,0,0,400,400,400,100.000000,12800,24952,51.298493,10,10,10,10,404,4,0,4,400,24952,152,0,0,0,0,404,0,0,0,0,92,5888
1689,W3,1,1,0,0,0,0,0,0,0,0,0,400,400,400,0,0,0,0,400,400,400,100.000000,12800,24952,51.298493,10,10,10,10,404,4,0,4,400,24952,152,0,0,0,0,404,0,0,0,0,90,5888
1690,W3,1,1,0,0,0,0,0,0,0,0,0,400,400,400,0,0,0,0,400,400,400,100.000000,12800,24952,51.298493,10,10,10,10,404,4,0,4,400,24952,152,0,0,0,0,404,0,0,0,0,97,5888
1691,W3,1,1,0,0,0,0,0,0,0,0,0,400,400,400,0,0,0,0,400,400,400,100.000000,12800,24952,51.298493,10,10,10,10,404,4,0,4,400,24952,152,0,0,0,0,404,0,0,0,0,99,5888
1692,W3,1,1,0,0,0,0,0,0,0,0,0,400,400,400,0,0,0,0,400,400,400,100.000000,12800,24952,51.298493,10,10,10,10,404,4,0,4,400,24952,152,0,0,0,0,404,0,0,0,0,135,5888
1693,W3,1,1,0,0,0,0,0,0,0,0,0,400,400,400,0,0,0,0,400,400,400,100.000000,12800,24952,51.298493,10,10,10,10,404,4,0,4,400,24952,152,0,0,0,0,404,0,0,0,0,90,5888
1694,W3,1,1,0,0,0,0,0,0,0,0,0,400,400,400,0,0,0,0,400,400,400,100.000000,12800,24952,51.298493,10,10,10,10,404,4,0,4,400,24952,152,0,0,0,0,404,0,0,0,0,126,5888
1695,W3,1,1,0,0,0,0,0,0,0,0,0,400,400,400,0,0,0,0,400,400,400,100.000000,12800,24952,51.298493,10,10,10,10,404,4,0,4,400,24952,152,0,0,0,0,404,0,0,0,0,98,5888
1696,W3,1,1,0,0,0,0,0,0,0,0,0,400,400,400,0,0,0,0,400,400,400,100.000000,12800,24952,51.298493,10,10,10,10,404,4,0,4,400,24952,152,0,0,0,0,404,0,0,0,0,86,5888
1697,W3,1,1,0,0,0,0,0,0,0,0,0,400,400,400,0,0,0,0,400,400,400,100.000000,12800,24952,51.298493,10,10,10,10,404,4,0,4,400,24952,152,0,0,0,0,404,0,0,0,0,122,5888
1698,W3,1,1,0,0,0,0,0,0,0,0,0,400,400,400,0,0,0,0,400,400,400,100.000000,12800,24952,51.298493,10,10,10,10,404,4,0,4,400,24952,152,0,0,0,0,404,0,0,0,0,99,5888
1699,W3,1,1,0,0,0,0,0,0,0,0,0,400,400,400,0,0,0,0,400,400,400,100.000000,12800,24952,51.298493,10,10,10,10,404,4,0,4,400,24952,152,0,0,0,0,404,0,0,0,0,117,5888
1700,W3,1,1,0,0,0,0,0,0,0,0,0,400,400,400,0,0,0,0,400,400,400,100.000000,12800,24952,51.298493,10,10,10,10,404,4,0,4,400,24952,152,0,0,0,0,404,0,0,0,0,87,5888
1701,W3,1,1,0,0,0,0,0,0,0,0,0,400,400,400,0,0,0,0,400,400,400,100.000000,12800,24952,51.298493,10,10,10,10,404,4,0,4,400,24952,152,0,0,0,0,404,0,0,0,0,106,5888
1702,W3,1,1,0,0,0,0,0,0,0,0,0,400,400,400,0,0,0,0,400,400,400,100.000000,12800,24952,51.298493,10,10,10,10,404,4,0,4,400,24952,152,0,0,0,0,404,0,0,0,0,111,5888
1703,W3,1,1,0,0,0,0,0,0,0,0,0,400,400,400,0,0,0,0,400,400,400,100.000000,12800,24952,51.298493,10,10,10,10,404,4,0,4,400,24952,152,0,0,0,0,404,0,0,0,0,100,5888
1704,W3,1,1,0,0,0,0,0,0,0,0,0,400,400,400,0,0,0,0,400,400,400,100.000000,12800,24952,51.298493,10,10,10,10,404,4,0,4,400,24952,152,0,0,0,0,404,0,0,0,0,99,5888
1705,W3,1,1,0,0,0,0,0,0,0,0,0,400,400,400,0,0,0,0,400,400,400,100.000000,12800,24952,51.298493,10,10,10,10,404,4,0,4,400,24952,152,0,0,0,0,404,0,0,0,0,93,5888
1706,W3,1,1,0,0,0,0,0,0,0,0,0,400,400,400,0,0,0,0,400,400,400,100.000000,12800,24952,51.298493,10,10,10,10,404,4,0,4,400,24952,152,0,0,0,0,404,0,0,0,0,98,5888
1707,W3,1,1,0,0,0,0,0,0,0,0,0,400,400,400,0,0,0,0,400,400,400,100.000000,12800,24952,51.298493,10,10,10,10,404,4,0,4,400,24952,152,0,0,0,0,404,0,0,0,0,93,5888
1708,W3,1,1,0,0,0,0,0,0,0,0,0,400,400,400,0,0,0,0,400,400,400,100.000000,12800,24952,51.298493,10,10,10,10,404,4,0,4,400,24952,152,0,0,0,0,404,0,0,0,0,88,5888
1709,W3,1,1,0,0,0,0,0,0,0,0,0,400,400,400,0,0,0,0,400,400,400,100.000000,12800,24952,51.298493,10,10,10,10,404,4,0,4,400,24952,152,0,0,0,0,404,0,0,0,0,92,5888
1710,W3,1,1,0,0,0,0,0,0,0,0,0,400,400,400,0,0,0,0,400,400,400,100.000000,12800,24952,51.298493,10,10,10,10,404,4,0,4,400,24952,152,0,0,0,0,404,0,0,0,0,127,5888
1711,W3,1,1,0,0,0,0,0,0,0,0,0,400,400,400,0,0,0,0,400,400,400,100.000000,12800,24952,51.298493,10,10,10,10,404,4,0,4,400,24952,152,0,0,0,0,404,0,0,0,0,111,5888
1712,W3,1,1,0,0,0,0,0,0,0,0,0,400,400,400,0,0,0,0,400,400,400,100.000000,12800,24952,51.298493,10,10,10,10,404,4,0,4,400,24952,152,0,0,0,0,404,0,0,0,0,86,5888
1713,W3,1,1,0,0,0,0,0,0,0,0,0,400,400,400,0,0,0,0,400,400,400,100.000000,12800,24952,51.298493,10,10,10,10,404,4,0,4,400,24952,152,0,0,0,0,404,0,0,0,0,103,5888
1714,W3,1,1,0,0,0,0,0,0,0,0,0,400,400,400,0,0,0,0,400,400,400,100.000000,12800,24952,51.298493,10,10,10,10,404,4,0,4,400,24952,152,0,0,0,0,404,0,0,0,0,97,5888
1715,W3,1,1,0,0,0,0,0,0,0,0,0,400,400,400,0,0,0,0,400,400,400,100.000000,12800,24952,51.298493,10,10,10,10,404,4,0,4,400,24952,152,0,0,0,0,404,0,0,0,0,128,5888
1716,W3,1,1,0,0,0,0,0,0,0,0,0,400,400,400,0,0,0,0,400,400,400,100.000000,12800,24952,51.298493,10,10,10,10,404,4,0,4,400,24952,152,0,0,0,0,404,0,0,0,0,94,5888
1717,W3,1,1,0,0,0,0,0,0,0,0,0,400,400,400,0,0,0,0,400,400,400,100.000000,12800,24952,51.298493,10,10,10,10,404,4,0,4,400,24952,152,0,0,0,0,404,0,0,0,0,91,5888
1718,W3,1,1,0,0,0,0,0,0,0,0,0,400,400,400,0,0,0,0,400,400,400,100.000000,12800,24952,51.298493,10,10,10,10,404,4,0,4,400,24952,152,0,0,0,0,404,0,0,0,0,92,5888
1719,W3,1,1,0,0,0,0,0,0,0,0,0,400,400,400,0,0,0,0,400,400,400,100.000000,12800,24952,51.298493,10,10,10,10,404,4,0,4,400,24952,152,0,0,0,0,404,0,0,0,0,93,5888
1720,W3,1,1,0,0,0,0,0,0,0,0,0,400,400,400,0,0,0,0,400,400,400,100.000000,12800,24952,51.298493,10,10,10,10,404,4,0,4,400,24952,152,0,0,0,0,404,0,0,0,0,121,5888
1721,W3,1,1,0,0,0,0,0,0,0,0,0,400,400,400,0,0,0,0,400,400,400,100.000000,12800,24952,51.298493,10,10,10,10,404,4,0,4,400,24952,152,0,0,0,0,404,0,0,0,0,93,5888
1722,W3,1,1,0,0,0,0,0,0,0,0,0,400,400,400,0,0,0,0,400,400,400,100.000000,12800,24952,51.298493,10,10,10,10,404,4,0,4,400,24952,152,0,0,0,0,404,0,0,0,0,104,5888
1723,W3,1,1,0,0,0,0,0,0,0,0,0,400,400,400,0,0,0,0,400,400,400,100.000000,12800,24952,51.298493,10,10,10,10,404,4,0,4,400,24952,152,0,0,0,0,404,0,0,0,0,92,5888
1724,W3,1,1,0,0,0,0,0,0,0,0,0,400,400,400,0,0,0,0,400,400,400,100.000000,12800,24952,51.298493,10,10,10,10,404,4,0,4,400,24952,152,0,0,0,0,404,0,0,0,0,90,5888
1725,W3,1,1,0,0,0,0,0,0,0,0,0,400,400,400,0,0,0,0,400,400,400,100.000000,12800,24952,51.298493,10,10,10,10,404,4,0,4,400,24952,152,0,0,0,0,404,0,0,0,0,91,5888
1726,W3,1,1,0,0,0,0,0,0,0,0,0,400,400,400,0,0,0,0,400,400,400,100.000000,12800,24952,51.298493,10,10,10,10,404,4,0,4,400,24952,152,0,0,0,0,404,0,0,0,0,111,5888
1727,W3,1,1,0,0,0,0,0,0,0,0,0,400,400,400,0,0,0,0,400,400,400,100.000000,12800,24952,51.298493,10,10,10,10,404,4,0,4,400,24952,152,0,0,0,0,404,0,0,0,0,90,5888
1728,W3,1,1,0,0,0,0,0,0,0,0,0,400,400,400,0,0,0,0,400,400,400,100.000000,12800,24952,51.298493,10,10,10,10,404,4,0,4,400,24952,152,0,0,0,0,404,0,0,0,0,94,5888
1729,W3,1,1,0,0,0,0,0,0,0,0,0,400,400,400,0,0,0,0,400,400,400,100.000000,12800,24952,51.298493,10,10,10,10,404,4,0,4,400,24952,152,0,0,0,0,404,0,0,0,0,91,5888
1730,W3,1,1,0,0,0,0,0,0,0,0,0,400,400,400,0,0,0,0,400,400,400,100.000000,12800,24952,51.298493,10,10,10,10,404,4,0,4,400,24952,152,0,0,0,0,404,0,0,0,0,91,5888
1731,W3,1,1,0,0,0,0,0,0,0,0,0,400,400,400,0,0,0,0,400,400,400,100.000000,12800,24952,51.298493,10,10,10,10,404,4,0,4,400,24952,152,0,0,0,0,404,0,0,0,0,89,5888
1732,W3,1,1,0,0,0,0,0,0,0,0,0,400,400,400,0,0,0,0,400,400,400,100.000000,12800,24952,51.298493,10,10,10,10,404,4,0,4,400,24952,152,0,0,0,0,404,0,0,0,0,96,5888
1733,W3,1,1,0,0,0,0,0,0,0,0,0,400,400,400,0,0,0,0,400,400,400,100.000000,12800,24952,51.298493,10,10,10,10,404,4,0,4,400,24952,152,0,0,0,0,404,0,0,0,0,92,5888
1734,W3,1,1,0,0,0,0,0,0,0,0,0,400,400,400,0,0,0,0,400,400,400,100.000000,12800,24952,51.298493,10,10,10,10,404,4,0,4,400,24952,152,0,0,0,0,404,0,0,0,0,90,5888
1735,W3,1,1,0,0,0,0,0,0,0,0,0,400,400,400,0,0,0,0,400,400,400,100.000000,12800,24952,51.298493,10,10,10,10,404,4,0,4,400,24952,152,0,0,0,0,404,0,0,0,0,86,5888
1736,W3,1,1,0,0,0,0,0,0,0,0,0,400,400,400,0,0,0,0,400,400,400,100.000000,12800,24952,51.298493,10,10,10,10,404,4,0,4,400,24952,152,0,0,0,0,404,0,0,0,0,91,5888
1737,W3,1,1,0,0,0,0,0,0,0,0,0,400,400,400,0,0,0,0,400,400,400,100.000000,12800,24952,51.298493,10,10,10,10,404,4,0,4,400,24952,152,0,0,0,0,404,0,0,0,0,90,5888
1738,W3,1,1,0,0,0,0,0,0,0,0,0,400,400,400,0,0,0,0,400,400,400,100.000000,12800,24952,51.298493,10,10,10,10,404,4,0,4,400,24952,152,0,0,0,0,404,0,0,0,0,89,5888
1739,W3,1,1,0,0,0,0,0,0,0,0,0,400,400,400,0,0,0,0,400,400,400,100.000000,12800,24952,51.298493,10,10,10,10,404,4,0,4,400,24952,152,0,0,0,0,404,0,0,0,0,94,5888
1740,W3,1,1,0,0,0,0,0,0,0,0,0,400,400,400,0,0,0,0,400,400,400,100.000000,12800,24952,51.298493,10,10,10,10,404,4,0,4,400,24952,152,0,0,0,0,404,0,0,0,0,86,5888
1741,W3,1,1,0,0,0,0,0,0,0,0,0,400,400,400,0,0,0,0,400,400,400,100.000000,12800,24952,51.298493,10,10,10,10,404,4,0,4,400,24952,152,0,0,0,0,404,0,0,0,0,90,5888
1742,W3,1,1,0,0,0,0,0,0,0,0,0,400,400,400,0,0,0,0,400,400,400,100.000000,12800,24952,51.298493,10,10,10,10,404,4,0,4,400,24952,152,0,0,0,0,404,0,0,0,0,90,5888
1743,W3,1,1,0,0,0,0,0,0,0,0,0,400,400,400,0,0,0,0,400,400,400,100.000000,12800,24952,51.298493,10,10,10,10,404,4,0,4,400,24952,152,0,0,0,0,404,0,0,0,0,91,5888
1744,W3,1,1,0,0,0,0,0,0,0,0,0,400,400,400,0,0,0,0,400,400,400,100.000000,12800,24952,51.298493,10,10,10,10,404,4,0,4,400,24952,152,0,0,0,0,404,0,0,0,0,96,5888
1745,W3,1,1,0,0,0,0,0,0,0,0,0,400,400,400,0,0,0,0,400,400,400,100.000000,12800,24952,51.298493,10,10,10,10,404,4,0,4,400,24952,152,0,0,0,0,404,0,0,0,0,92,5888
1746,W3,1,1,0,0,0,0,0,0,0,0,0,400,400,400,0,0,0,0,400,400,400,100.000000,12800,24952,51.298493,10,10,10,10,404,4,0,4,400,24952,152,0,0,0,0,404,0,0,0,0,119,5888
1747,W3,1,1,0,0,0,0,0,0,0,0,0,400,400,400,0,0,0,0,400,400,400,100.000000,12800,24952,51.298493,10,10,10,10,404,4,0,4,400,24952,152,0,0,0,0,404,0,0,0,0,85,5888
1748,W3,1,1,0,0,0,0,0,0,0,0,0,400,400,400,0,0,0,0,400,400,400,100.000000,12800,24952,51.298493,10,10,10,10,404,4,0,4,400,24952,152,0,0,0,0,404,0,0,0,0,105,5888
1749,W3,1,1,0,0,0,0,0,0,0,0,0,400,400,400,0,0,0,0,400,400,400,100.000000,12800,24952,51.298493,10,10,10,10,404,4,0,4,400,24952,152,0,0,0,0,404,0,0,0,0,86,5888
1750,W3,1,1,0,0,0,0,0,0,0,0,0,400,400,400,0,0,0,0,400,400,400,100.000000,12800,24952,51.298493,10,10,10,10,404,4,0,4,400,24952,152,0,0,0,0,404,0,0,0,0,100,5888
1751,W3,1,1,0,0,0,0,0,0,0,0,0,400,400,400,0,0,0,0,400,400,400,100.000000,12800,24952,51.298493,10,10,10,10,404,4,0,4,400,24952,152,0,0,0,0,404,0,0,0,0,92,5888
1752,W3,1,1,0,0,0,0,0,0,0,0,0,400,400,400,0,0,0,0,400,400,400,100.000000,12800,24952,51.298493,10,10,10,10,404,4,0,4,400,24952,152,0,0,0,0,404,0,0,0,0,109,5888
1753,W3,1,1,0,0,0,0,0,0,0,0,0,400,400,400,0,0,0,0,400,400,400,100.000000,12800,24952,51.298493,10,10,10,10,404,4,0,4,400,24952,152,0,0,0,0,404,0,0,0,0,95,5888
1754,W3,1,1,0,0,0,0,0,0,0,0,0,400,400,400,0,0,0,0,400,400,400,100.000000,12800,24952,51.298493,10,10,10,10,404,4,0,4,400,24952,152,0,0,0,0,404,0,0,0,0,98,5888
1755,W3,1,1,0,0,0,0,0,0,0,0,0,400,400,400,0,0,0,0,400,400,400,100.000000,12800,24952,51.298493,10,10,10,10,404,4,0,4,400,24952,152,0,0,0,0,404,0,0,0,0,94,5888
1756,W3,1,1,0,0,0,0,0,0,0,0,0,400,400,400,0,0,0,0,400,400,400,100.000000,12800,24952,51.298493,10,10,10,10,404,4,0,4,400,24952,152,0,0,0,0,404,0,0,0,0,87,5888
1757,W3,1,1,0,0,0,0,0,0,0,0,0,400,400,400,0,0,0,0,400,400,400,100.000000,12800,24952,51.298493,10,10,10,10,404,4,0,4,400,24952,152,0,0,0,0,404,0,0,0,0,91,5888
1758,W3,1,1,0,0,0,0,0,0,0,0,0,400,400,400,0,0,0,0,400,400,400,100.000000,12800,24952,51.298493,10,10,10,10,404,4,0,4,400,24952,152,0,0,0,0,404,0,0,0,0,91,5888
1759,W3,1,1,0,0,0,0,0,0,0,0,0,400,400,400,0,0,0,0,400,400,400,100.000000,12800,24952,51.298493,10,10,10,10,404,4,0,4,400,24952,152,0,0,0,0,404,0,0,0,0,119,5888
1760,W3,1,1,0,0,0,0,0,0,0,0,0,400,400,400,0,0,0,0,400,400,400,100.000000,12800,24952,51.298493,10,10,10,10,404,4,0,4,400,24952,152,0,0,0,0,404,0,0,0,0,88,5888
1761,W3,1,1,0,0,0,0,0,0,0,0,0,400,400,400,0,0,0,0,400,400,400,100.000000,12800,24952,51.298493,10,10,10,10,404,4,0,4,400,24952,152,0,0,0,0,404,0,0,0,0,126,5888
1762,W3,1,1,0,0,0,0,0,0,0,0,0,400,400,400,0,0,0,0,400,400,400,100.000000,12800,24952,51.298493,10,10,10,10,404,4,0,4,400,24952,152,0,0,0,0,404,0,0,0,0,113,5888
1763,W3,1,1,0,0,0,0,0,0,0,0,0,400,400,400,0,0,0,0,400,400,400,100.000000,12800,24952,51.298493,10,10,10,10,404,4,0,4,400,24952,152,0,0,0,0,404,0,0,0,0,92,5888
1764,W3,1,1,0,0,0,0,0,0,0,0,0,400,400,400,0,0,0,0,400,400,400,100.000000,12800,24952,51.298493,10,10,10,10,404,4,0,4,400,24952,152,0,0,0,0,404,0,0,0,0,108,5888
1765,W3,1,1,0,0,0,0,0,0,0,0,0,400,400,400,0,0,0,0,400,400,400,100.000000,12800,24952,51.298493,10,10,10,10,404,4,0,4,400,24952,152,0,0,0,0,404,0,0,0,0,93,5888
1766,W3,1,1,0,0,0,0,0,0,0,0,0,400,400,400,0,0,0,0,400,400,400,100.000000,12800,24952,51.298493,10,10,10,10,404,4,0,4,400,24952,152,0,0,0,0,404,0,0,0,0,92,5888
1767,W3,1,1,0,0,0,0,0,0,0,0,0,400,400,400,0,0,0,0,400,400,400,100.000000,12800,24952,51.298493,10,10,10,10,404,4,0,4,400,24952,152,0,0,0,0,404,0,0,0,0,95,5888
1768,W3,1,1,0,0,0,0,0,0,0,0,0,400,400,400,0,0,0,0,400,400,400,100.000000,12800,24952,51.298493,10,10,10,10,404,4,0,4,400,24952,152,0,0,0,0,404,0,0,0,0,101,5888
1769,W3,1,1,0,0,0,0,0,0,0,0,0,400,400,400,0,0,0,0,400,400,400,100.000000,12800,24952,51.298493,10,10,10,10,404,4,0,4,400,24952,152,0,0,0,0,404,0,0,0,0,96,5888
1770,W3,1,1,0,0,0,0,0,0,0,0,0,400,400,400,0,0,0,0,400,400,400,100.000000,12800,24952,51.298493,10,10,10,10,404,4,0,4,400,24952,152,0,0,0,0,404,0,0,0,0,96,5888
1771,W3,1,1,0,0,0,0,0,0,0,0,0,400,400,400,0,0,0,0,400,400,400,100.000000,12800,24952,51.298493,10,10,10,10,404,4,0,4,400,24952,152,0,0,0,0,404,0,0,0,0,90,5888
1772,W3,1,1,0,0,0,0,0,0,0,0,0,400,400,400,0,0,0,0,400,400,400,100.000000,12800,24952,51.298493,10,10,10,10,404,4,0,4,400,24952,152,0,0,0,0,404,0,0,0,0,90,5888
1773,W3,1,1,0,0,0,0,0,0,0,0,0,400,400,400,0,0,0,0,400,400,400,100.000000,12800,24952,51.298493,10,10,10,10,404,4,0,4,400,24952,152,0,0,0,0,404,0,0,0,0,105,5888
1774,W3,1,1,0,0,0,0,0,0,0,0,0,400,400,400,0,0,0,0,400,400,400,100.000000,12800,24952,51.298493,10,10,10,10,404,4,0,4,400,24952,152,0,0,0,0,404,0,0,0,0,98,5888
1775,W3,1,1,0,0,0,0,0,0,0,0,0,400,400,400,0,0,0,0,400,400,400,100.000000,12800,24952,51.298493,10,10,10,10,404,4,0,4,400,24952,152,0,0,0,0,404,0,0,0,0,102,5888
1776,W3,1,1,0,0,0,0,0,0,0,0,0,400,400,400,0,0,0,0,400,400,400,100.000000,12800,24952,51.298493,10,10,10,10,404,4,0,4,400,24952,152,0,0,0,0,404,0,0,0,0,91,5888
1777,W3,1,1,0,0,0,0,0,0,0,0,0,400,400,400,0,0,0,0,400,400,400,100.000000,12800,24952,51.298493,10,10,10,10,404,4,0,4,400,24952,152,0,0,0,0,404,0,0,0,0,92,5888
1778,W3,1,1,0,0,0,0,0,0,0,0,0,400,400,400,0,0,0,0,400,400,400,100.000000,12800,24952,51.298493,10,10,10,10,404,4,0,4,400,24952,152,0,0,0,0,404,0,0,0,0,96,5888
1779,W3,1,1,0,0,0,0,0,0,0,0,0,400,400,400,0,0,0,0,400,400,400,100.000000,12800,24952,51.298493,10,10,10,10,404,4,0,4,400,24952,152,0,0,0,0,404,0,0,0,0,87,5888
1780,W3,1,1,0,0,0,0,0,0,0,0,0,400,400,400,0,0,0,0,400,400,400,100.000000,12800,24952,51.298493,10,10,10,10,404,4,0,4,400,24952,152,0,0,0,0,404,0,0,0,0,96,5888
1781,W3,1,1,0,0,0,0,0,0,0,0,0,400,400,400,0,0,0,0,400,400,400,100.000000,12800,24952,51.298493,10,10,10,10,404,4,0,4,400,24952,152,0,0,0,0,404,0,0,0,0,89,5888
1782,W3,1,1,0,0,0,0,0,0,0,0,0,400,400,400,0,0,0,0,400,400,400,100.000000,12800,24952,51.298493,10,10,10,10,404,4,0,4,400,24952,152,0,0,0,0,404,0,0,0,0,92,5888
1783,W3,1,1,0,0,0,0,0,0,0,0,0,400,400,400,0,0,0,0,400,400,400,100.000000,12800,24952,51.298493,10,10,10,10,404,4,0,4,400,24952,152,0,0,0,0,404,0,0,0,0,92,5888
1784,W3,1,1,0,0,0,0,0,0,0,0,0,400,400,400,0,0,0,0,400,400,400,100.000000,12800,24952,51.298493,10,10,10,10,404,4,0,4,400,24952,152,0,0,0,0,404,0,0,0,0,92,5888
1785,W3,1,1,0,0,0,0,0,0,0,0,0,400,400,400,0,0,0,0,400,400,400,100.000000,12800,24952,51.298493,10,10,10,10,404,4,0,4,400,24952,152,0,0,0,0,404,0,0,0,0,89,5888
1786,W3,1,1,0,0,0,0,0,0,0,0,0,400,400,400,0,0,0,0,400,400,400,100.000000,12800,24952,51.298493,10,10,10,10,404,4,0,4,400,24952,152,0,0,0,0,404,0,0,0,0,110,5888
1787,W3,1,1,0,0,0,0,0,0,0,0,0,400,400,400,0,0,0,0,400,400,400,100.000000,12800,24952,51.298493,10,10,10,10,404,4,0,4,400,24952,152,0,0,0,0,404,0,0,0,0,96,5888
1788,W3,1,1,0,0,0,0,0,0,0,0,0,400,400,400,0,0,0,0,400,400,400,100.000000,12800,24952,51.298493,10,10,10,10,404,4,0,4,400,24952,152,0,0,0,0,404,0,0,0,0,92,5888
1789,W3,1,1,0,0,0,0,0,0,0,0,0,400,400,400,0,0,0,0,400,400,400,100.000000,12800,24952,51.298493,10,10,10,10,404,4,0,4,400,24952,152,0,0,0,0,404,0,0,0,0,87,5888
1790,W3,1,1,0,0,0,0,0,0,0,0,0,400,400,400,0,0,0,0,400,400,400,100.000000,12800,24952,51.298493,10,10,10,10,404,4,0,4,400,24952,152,0,0,0,0,404,0,0,0,0,88,5888
1791,W3,1,1,0,0,0,0,0,0,0,0,0,400,400,400,0,0,0,0,400,400,400,100.000000,12800,24952,51.298493,10,10,10,10,404,4,0,4,400,24952,152,0,0,0,0,404,0,0,0,0,108,5888
1792,W3,1,1,0,0,0,0,0,0,0,0,0,400,400,400,0,0,0,0,400,400,400,100.000000,12800,24952,51.298493,10,10,10,10,404,4,0,4,400,24952,152,0,0,0,0,404,0,0,0,0,92,5888
1793,W3,1,1,0,0,0,0,0,0,0,0,0,400,400,400,0,0,0,0,400,400,400,100.000000,12800,24952,51.298493,10,10,10,10,404,4,0,4,400,24952,152,0,0,0,0,404,0,0,0,0,94,5888
1794,W3,1,1,0,0,0,0,0,0,0,0,0,400,400,400,0,0,0,0,400,400,400,100.000000,12800,24952,51.298493,10,10,10,10,404,4,0,4,400,24952,152,0,0,0,0,404,0,0,0,0,83,5888
1795,W3,1,1,0,0,0,0,0,0,0,0,0,400,400,400,0,0,0,0,400,400,400,100.000000,12800,24952,51.298493,10,10,10,10,404,4,0,4,400,24952,152,0,0,0,0,404,0,0,0,0,85,5888
1796,W3,1,1,0,0,0,0,0,0,0,0,0,400,400,400,0,0,0,0,400,400,400,100.000000,12800,24952,51.298493,10,10,10,10,404,4,0,4,400,24952,152,0,0,0,0,404,0,0,0,0,92,5888
1797,W3,1,1,0,0,0,0,0,0,0,0,0,400,400,400,0,0,0,0,400,400,400,100.000000,12800,24952,51.298493,10,10,10,10,404,4,0,4,400,24952,152,0,0,0,0,404,0,0,0,0,89,5888
1798,W3,1,1,0,0,0,0,0,0,0,0,0,400,400,400,0,0,0,0,400,400,400,100.000000,12800,24952,51.298493,10,10,10,10,404,4,0,4,400,24952,152,0,0,0,0,404,0,0,0,0,130,5888
1799,W3,1,1,0,0,0,0,0,0,0,0,0,400,400,400,0,0,0,0,400,400,400,100.000000,12800,24952,51.298493,10,10,10,10,404,4,0,4,400,24952,152,0,0,0,0,404,0,0,0,0,100,5888
1800,W3,1,1,0,0,0,0,0,0,0,0,0,400,400,400,0,0,0,0,400,400,400,100.000000,12800,24952,51.298493,10,10,10,10,404,4,0,4,400,24952,152,0,0,0,0,404,0,0,0,0,90,5888
1801,W3,1,1,0,0,0,0,0,0,0,0,0,400,400,400,0,0,0,0,400,400,400,100.000000,12800,24952,51.298493,10,10,10,10,404,4,0,4,400,24952,152,0,0,0,0,404,0,0,0,0,91,5888
1802,W3,1,1,0,0,0,0,0,0,0,0,0,400,400,400,0,0,0,0,400,400,400,100.000000,12800,24952,51.298493,10,10,10,10,404,4,0,4,400,24952,152,0,0,0,0,404,0,0,0,0,118,5888
1803,W3,1,1,0,0,0,0,0,0,0,0,0,400,400,400,0,0,0,0,400,400,400,100.000000,12800,24952,51.298493,10,10,10,10,404,4,0,4,400,24952,152,0,0,0,0,404,0,0,0,0,91,5888
1804,W3,1,1,0,0,0,0,0,0,0,0,0,400,400,400,0,0,0,0,400,400,400,100.000000,12800,24952,51.298493,10,10,10,10,404,4,0,4,400,24952,152,0,0,0,0,404,0,0,0,0,90,5888
1805,W3,1,1,0,0,0,0,0,0,0,0,0,400,400,400,0,0,0,0,400,400,400,100.000000,12800,24952,51.298493,10,10,10,10,404,4,0,4,400,24952,152,0,0,0,0,404,0,0,0,0,127,5888
1806,W3,1,1,0,0,0,0,0,0,0,0,0,400,400,400,0,0,0,0,400,400,400,100.000000,12800,24952,51.298493,10,10,10,10,404,4,0,4,400,24952,152,0,0,0,0,404,0,0,0,0,90,5888
1807,W3,1,1,0,0,0,0,0,0,0,0,0,400,400,400,0,0,0,0,400,400,400,100.000000,12800,24952,51.298493,10,10,10,10,404,4,0,4,400,24952,152,0,0,0,0,404,0,0,0,0,98,5888
1808,W3,1,1,0,0,0,0,0,0,0,0,0,400,400,400,0,0,0,0,400,400,400,100.000000,12800,24952,51.298493,10,10,10,10,404,4,0,4,400,24952,152,0,0,0,0,404,0,0,0,0,91,5888
1809,W3,1,1,0,0,0,0,0,0,0,0,0,400,400,400,0,0,0,0,400,400,400,100.000000,12800,24952,51.298493,10,10,10,10,404,4,0,4,400,24952,152,0,0,0,0,404,0,0,0,0,97,5888
1810,W3,1,1,0,0,0,0,0,0,0,0,0,400,400,400,0,0,0,0,400,400,400,100.000000,12800,24952,51.298493,10,10,10,10,404,4,0,4,400,24952,152,0,0,0,0,404,0,0,0,0,90,5888
1811,W3,1,1,0,0,0,0,0,0,0,0,0,400,400,400,0,0,0,0,400,400,400,100.000000,12800,24952,51.298493,10,10,10,10,404,4,0,4,400,24952,152,0,0,0,0,404,0,0,0,0,130,5888
1812,W3,1,1,0,0,0,0,0,0,0,0,0,400,400,400,0,0,0,0,400,400,400,100.000000,12800,24952,51.298493,10,10,10,10,404,4,0,4,400,24952,152,0,0,0,0,404,0,0,0,0,97,5888
1813,W3,1,1,0,0,0,0,0,0,0,0,0,400,400,400,0,0,0,0,400,400,400,100.000000,12800,24952,51.298493,10,10,10,10,404,4,0,4,400,24952,152,0,0,0,0,404,0,0,0,0,98,5888
1814,W3,1,1,0,0,0,0,0,0,0,0,0,400,400,400,0,0,0,0,400,400,400,100.000000,12800,24952,51.298493,10,10,10,10,404,4,0,4,400,24952,152,0,0,0,0,404,0,0,0,0,96,5888
1815,W3,1,1,0,0,0,0,0,0,0,0,0,400,400,400,0,0,0,0,400,400,400,100.000000,12800,24952,51.298493,10,10,10,10,404,4,0,4,400,24952,152,0,0,0,0,404,0,0,0,0,95,5888
1816,W3,1,1,0,0,0,0,0,0,0,0,0,400,400,400,0,0,0,0,400,400,400,100.000000,12800,24952,51.298493,10,10,10,10,404,4,0,4,400,24952,152,0,0,0,0,404,0,0,0,0,104,5888
1817,W3,1,1,0,0,0,0,0,0,0,0,0,400,400,400,0,0,0,0,400,400,400,100.000000,12800,24952,51.298493,10,10,10,10,404,4,0,4,400,24952,152,0,0,0,0,404,0,0,0,0,109,5888
1818,W3,1,1,0,0,0,0,0,0,0,0,0,400,400,400,0,0,0,0,400,400,400,100.000000,12800,24952,51.298493,10,10,10,10,404,4,0,4,400,24952,152,0,0,0,0,404,0,0,0,0,100,5888
1819,W3,1,1,0,0,0,0,0,0,0,0,0,400,400,400,0,0,0,0,400,400,400,100.000000,12800,24952,51.298493,10,10,10,10,404,4,0,4,400,24952,152,0,0,0,0,404,0,0,0,0,97,5888
1820,W3,1,1,0,0,0,0,0,0,0,0,0,400,400,400,0,0,0,0,400,400,400,100.000000,12800,24952,51.298493,10,10,10,10,404,4,0,4,400,24952,152,0,0,0,0,404,0,0,0,0,100,5888
1821,W3,1,1,0,0,0,0,0,0,0,0,0,400,400,400,0,0,0,0,400,400,400,100.000000,12800,24952,51.298493,10,10,10,10,404,4,0,4,400,24952,152,0,0,0,0,404,0,0,0,0,98,5888
1822,W3,1,1,0,0,0,0,0,0,0,0,0,400,400,400,0,0,0,0,400,400,400,100.000000,12800,24952,51.298493,10,10,10,10,404,4,0,4,400,24952,152,0,0,0,0,404,0,0,0,0,104,5888
1823,W3,1,1,0,0,0,0,0,0,0,0,0,400,400,400,0,0,0,0,400,400,400,100.000000,12800,24952,51.298493,10,10,10,10,404,4,0,4,400,24952,152,0,0,0,0,404,0,0,0,0,96,5888
1824,W3,1,1,0,0,0,0,0,0,0,0,0,400,400,400,0,0,0,0,400,400,400,100.000000,12800,24952,51.298493,10,10,10,10,404,4,0,4,400,24952,152,0,0,0,0,404,0,0,0,0,90,5888
1825,W3,1,1,0,0,0,0,0,0,0,0,0,400,400,400,0,0,0,0,400,400,400,100.000000,12800,24952,51.298493,10,10,10,10,404,4,0,4,400,24952,152,0,0,0,0,404,0,0,0,0,114,5888
1826,W3,1,1,0,0,0,0,0,0,0,0,0,400,400,400,0,0,0,0,400,400,400,100.000000,12800,24952,51.298493,10,10,10,10,404,4,0,4,400,24952,152,0,0,0,0,404,0,0,0,0,88,5888
1827,W3,1,1,0,0,0,0,0,0,0,0,0,400,400,400,0,0,0,0,400,400,400,100.000000,12800,24952,51.298493,10,10,10,10,404,4,0,4,400,24952,152,0,0,0,0,404,0,0,0,0,103,5888
1828,W3,1,1,0,0,0,0,0,0,0,0,0,400,400,400,0,0,0,0,400,400,400,100.000000,12800,24952,51.298493,10,10,10,10,404,4,0,4,400,24952,152,0,0,0,0,404,0,0,0,0,96,5888
1829,W3,1,1,0,0,0,0,0,0,0,0,0,400,400,400,0,0,0,0,400,400,400,100.000000,12800,24952,51.298493,10,10,10,10,404,4,0,4,400,24952,152,0,0,0,0,404,0,0,0,0,111,5888
1830,W3,1,1,0,0,0,0,0,0,0,0,0,400,400,400,0,0,0,0,400,400,400,100.000000,12800,24952,51.298493,10,10,10,10,404,4,0,4,400,24952,152,0,0,0,0,404,0,0,0,0,92,5888
1831,W3,1,1,0,0,0,0,0,0,0,0,0,400,400,400,0,0,0,0,400,400,400,100.000000,12800,24952,51.298493,10,10,10,10,404,4,0,4,400,24952,152,0,0,0,0,404,0,0,0,0,94,5888
1832,W3,1,1,0,0,0,0,0,0,0,0,0,400,400,400,0,0,0,0,400,400,400,100.000000,12800,24952,51.298493,10,10,10,10,404,4,0,4,400,24952,152,0,0,0,0,404,0,0,0,0,103,5888
1833,W3,1,1,0,0,0,0,0,0,0,0,0,400,400,400,0,0,0,0,400,400,400,100.000000,12800,24952,51.298493,10,10,10,10,404,4,0,4,400,24952,152,0,0,0,0,404,0,0,0,0,107,5888
1834,W3,1,1,0,0,0,0,0,0,0,0,0,400,400,400,0,0,0,0,400,400,400,100.000000,12800,24952,51.298493,10,10,10,10,404,4,0,4,400,24952,152,0,0,0,0,404,0,0,0,0,115,5888
1835,W3,1,1,0,0,0,0,0,0,0,0,0,400,400,400,0,0,0,0,400,400,400,100.000000,12800,24952,51.298493,10,10,10,10,404,4,0,4,400,24952,152,0,0,0,0,404,0,0,0,0,98,5888
1836,W3,1,1,0,0,0,0,0,0,0,0,0,400,400,400,0,0,0,0,400,400,400,100.000000,12800,24952,51.298493,10,10,10,10,404,4,0,4,400,24952,152,0,0,0,0,404,0,0,0,0,91,5888
1837,W3,1,1,0,0,0,0,0,0,0,0,0,400,400,400,0,0,0,0,400,400,400,100.000000,12800,24952,51.298493,10,10,10,10,404,4,0,4,400,24952,152,0,0,0,0,404,0,0,0,0,110,5888
1838,W3,1,1,0,0,0,0,0,0,0,0,0,400,400,400,0,0,0,0,400,400,400,100.000000,12800,24952,51.298493,10,10,10,10,404,4,0,4,400,24952,152,0,0,0,0,404,0,0,0,0,88,5888
1839,W3,1,1,0,0,0,0,0,0,0,0,0,400,400,400,0,0,0,0,400,400,400,100.000000,12800,24952,51.298493,10,10,10,10,404,4,0,4,400,24952,152,0,0,0,0,404,0,0,0,0,97,5888
1840,W3,1,1,0,0,0,0,0,0,0,0,0,400,400,400,0,0,0,0,400,400,400,100.000000,12800,24952,51.298493,10,10,10,10,404,4,0,4,400,24952,152,0,0,0,0,404,0,0,0,0,87,5888
1841,W3,1,1,0,0,0,0,0,0,0,0,0,400,400,400,0,0,0,0,400,400,400,100.000000,12800,24952,51.298493,10,10,10,10,404,4,0,4,400,24952,152,0,0,0,0,404,0,0,0,0,104,5888
1842,W3,1,1,0,0,0,0,0,0,0,0,0,400,400,400,0,0,0,0,400,400,400,100.000000,12800,24952,51.298493,10,10,10,10,404,4,0,4,400,24952,152,0,0,0,0,404,0,0,0,0,92,5888
1843,W3,1,1,0,0,0,0,0,0,0,0,0,400,400,400,0,0,0,0,400,400,400,100.000000,12800,24952,51.298493,10,10,10,10,404,4,0,4,400,24952,152,0,0,0,0,404,0,0,0,0,90,5888
1844,W3,1,1,0,0,0,0,0,0,0,0,0,400,400,400,0,0,0,0,400,400,400,100.000000,12800,24952,51.298493,10,10,10,10,404,4,0,4,400,24952,152,0,0,0,0,404,0,0,0,0,96,5888
1845,W3,1,1,0,0,0,0,0,0,0,0,0,400,400,400,0,0,0,0,400,400,400,100.000000,12800,24952,51.298493,10,10,10,10,404,4,0,4,400,24952,152,0,0,0,0,404,0,0,0,0,95,5888
1846,W3,1,1,0,0,0,0,0,0,0,0,0,400,400,400,0,0,0,0,400,400,400,100.000000,12800,24952,51.298493,10,10,10,10,404,4,0,4,400,24952,152,0,0,0,0,404,0,0,0,0,106,5888
1847,W3,1,1,0,0,0,0,0,0,0,0,0,400,400,400,0,0,0,0,400,400,400,100.000000,12800,24952,51.298493,10,10,10,10,404,4,0,4,400,24952,152,0,0,0,0,404,0,0,0,0,93,5888
1848,W3,1,1,0,0,0,0,0,0,0,0,0,400,400,400,0,0,0,0,400,400,400,100.000000,12800,24952,51.298493,10,10,10,10,404,4,0,4,400,24952,152,0,0,0,0,404,0,0,0,0,99,5888
1849,W3,1,1,0,0,0,0,0,0,0,0,0,400,400,400,0,0,0,0,400,400,400,100.000000,12800,24952,51.298493,10,10,10,10,404,4,0,4,400,24952,152,0,0,0,0,404,0,0,0,0,116,5888
1850,W3,1,1,0,0,0,0,0,0,0,0,0,400,400,400,0,0,0,0,400,400,400,100.000000,12800,24952,51.298493,10,10,10,10,404,4,0,4,400,24952,152,0,0,0,0,404,0,0,0,0,95,5888
1851,W3,1,1,0,0,0,0,0,0,0,0,0,400,400,400,0,0,0,0,400,400,400,100.000000,12800,24952,51.298493,10,10,10,10,404,4,0,4,400,24952,152,0,0,0,0,404,0,0,0,0,97,5888
1852,W3,1,1,0,0,0,0,0,0,0,0,0,400,400,400,0,0,0,0,400,400,400,100.000000,12800,24952,51.298493,10,10,10,10,404,4,0,4,400,24952,152,0,0,0,0,404,0,0,0,0,94,5888
1853,W3,1,1,0,0,0,0,0,0,0,0,0,400,400,400,0,0,0,0,400,400,400,100.000000,12800,24952,51.298493,10,10,10,10,404,4,0,4,400,24952,152,0,0,0,0,404,0,0,0,0,93,5888
1854,W3,1,1,0,0,0,0,0,0,0,0,0,400,400,400,0,0,0,0,400,400,400,100.000000,12800,24952,51.298493,10,10,10,10,404,4,0,4,400,24952,152,0,0,0,0,404,0,0,0,0,95,5888
1855,W3,1,1,0,0,0,0,0,0,0,0,0,400,400,400,0,0,0,0,400,400,400,100.000000,12800,24952,51.298493,10,10,10,10,404,4,0,4,400,24952,152,0,0,0,0,404,0,0,0,0,88,5888
1856,W3,1,1,0,0,0,0,0,0,0,0,0,400,400,400,0,0,0,0,400,400,400,100.000000,12800,24952,51.298493,10,10,10,10,404,4,0,4,400,24952,152,0,0,0,0,404,0,0,0,0,94,5888
1857,W3,1,1,0,0,0,0,0,0,0,0,0,400,400,400,0,0,0,0,400,400,400,100.000000,12800,24952,51.298493,10,10,10,10,404,4,0,4,400,24952,152,0,0,0,0,404,0,0,0,0,107,5888
1858,W3,1,1,0,0,0,0,0,0,0,0,0,400,400,400,0,0,0,0,400,400,400,100.000000,12800,24952,51.298493,10,10,10,10,404,4,0,4,400,24952,152,0,0,0,0,404,0,0,0,0,94,5888
1859,W3,1,1,0,0,0,0,0,0,0,0,0,400,400,400,0,0,0,0,400,400,400,100.000000,12800,24952,51.298493,10,10,10,10,404,4,0,4,400,24952,152,0,0,0,0,404,0,0,0,0,87,5888
1860,W3,1,1,0,0,0,0,0,0,0,0,0,400,400,400,0,0,0,0,400,400,400,100.000000,12800,24952,51.298493,10,10,10,10,404,4,0,4,400,24952,152,0,0,0,0,404,0,0,0,0,90,5888
1861,W3,1,1,0,0,0,0,0,0,0,0,0,400,400,400,0,0,0,0,400,400,400,100.000000,12800,24952,51.298493,10,10,10,10,404,4,0,4,400,24952,152,0,0,0,0,404,0,0,0,0,92,5888
1862,W3,1,1,0,0,0,0,0,0,0,0,0,400,400,400,0,0,0,0,400,400,400,100.000000,12800,24952,51.298493,10,10,10,10,404,4,0,4,400,24952,152,0,0,0,0,404,0,0,0,0,96,5888
1863,W3,1,1,0,0,0,0,0,0,0,0,0,400,400,400,0,0,0,0,400,400,400,100.000000,12800,24952,51.298493,10,10,10,10,404,4,0,4,400,24952,152,0,0,0,0,404,0,0,0,0,99,5888
1864,W3,1,1,0,0,0,0,0,0,0,0,0,400,400,400,0,0,0,0,400,400,400,100.000000,12800,24952,51.298493,10,10,10,10,404,4,0,4,400,24952,152,0,0,0,0,404,0,0,0,0,96,5888
1865,W3,1,1,0,0,0,0,0,0,0,0,0,400,400,400,0,0,0,0,400,400,400,100.000000,12800,24952,51.298493,10,10,10,10,404,4,0,4,400,24952,152,0,0,0,0,404,0,0,0,0,91,5888
1866,W3,1,1,0,0,0,0,0,0,0,0,0,400,400,400,0,0,0,0,400,400,400,100.000000,12800,24952,51.298493,10,10,10,10,404,4,0,4,400,24952,152,0,0,0,0,404,0,0,0,0,94,5888
1867,W3,1,1,0,0,0,0,0,0,0,0,0,400,400,400,0,0,0,0,400,400,400,100.000000,12800,24952,51.298493,10,10,10,10,404,4,0,4,400,24952,152,0,0,0,0,404,0,0,0,0,103,5888
1868,W3,1,1,0,0,0,0,0,0,0,0,0,400,400,400,0,0,0,0,400,400,400,100.000000,12800,24952,51.298493,10,10,10,10,404,4,0,4,400,24952,152,0,0,0,0,404,0,0,0,0,89,5888
1869,W3,1,1,0,0,0,0,0,0,0,0,0,400,400,400,0,0,0,0,400,400,400,100.000000,12800,24952,51.298493,10,10,10,10,404,4,0,4,400,24952,152,0,0,0,0,404,0,0,0,0,90,5888
1870,W3,1,1,0,0,0,0,0,0,0,0,0,400,400,400,0,0,0,0,400,400,400,100.000000,12800,24952,51.298493,10,10,10,10,404,4,0,4,400,24952,152,0,0,0,0,404,0,0,0,0,86,5888
1871,W3,1,1,0,0,0,0,0,0,0,0,0,400,400,400,0,0,0,0,400,400,400,100.000000,12800,24952,51.298493,10,10,10,10,404,4,0,4,400,24952,152,0,0,0,0,404,0,0,0,0,87,5888
1872,W3,1,1,0,0,0,0,0,0,0,0,0,400,400,400,0,0,0,0,400,400,400,100.000000,12800,24952,51.298493,10,10,10,10,404,4,0,4,400,24952,152,0,0,0,0,404,0,0,0,0,92,5888
1873,W3,1,1,0,0,0,0,0,0,0,0,0,400,400,400,0,0,0,0,400,400,400,100.000000,12800,24952,51.298493,10,10,10,10,404,4,0,4,400,24952,152,0,0,0,0,404,0,0,0,0,91,5888
1874,W3,1,1,0,0,0,0,0,0,0,0,0,400,400,400,0,0,0,0,400,400,400,100.000000,12800,24952,51.298493,10,10,10,10,404,4,0,4,400,24952,152,0,0,0,0,404,0,0,0,0,107,5888
1875,W3,1,1,0,0,0,0,0,0,0,0,0,400,400,400,0,0,0,0,400,400,400,100.000000,12800,24952,51.298493,10,10,10,10,404,4,0,4,400,24952,152,0,0,0,0,404,0,0,0,0,93,5888
1876,W3,1,1,0,0,0,0,0,0,0,0,0,400,400,400,0,0,0,0,400,400,400,100.000000,12800,24952,51.298493,10,10,10,10,404,4,0,4,400,24952,152,0,0,0,0,404,0,0,0,0,93,5888
1877,W3,1,1,0,0,0,0,0,0,0,0,0,400,400,400,0,0,0,0,400,400,400,100.000000,12800,24952,51.298493,10,10,10,10,404,4,0,4,400,24952,152,0,0,0,0,404,0,0,0,0,118,5888
1878,W3,1,1,0,0,0,0,0,0,0,0,0,400,400,400,0,0,0,0,400,400,400,100.000000,12800,24952,51.298493,10,10,10,10,404,4,0,4,400,24952,152,0,0,0,0,404,0,0,0,0,95,5888
1879,W3,1,1,0,0,0,0,0,0,0,0,0,400,400,400,0,0,0,0,400,400,400,100.000000,12800,24952,51.298493,10,10,10,10,404,4,0,4,400,24952,152,0,0,0,0,404,0,0,0,0,86,5888
1880,W3,1,1,0,0,0,0,0,0,0,0,0,400,400,400,0,0,0,0,400,400,400,100.000000,12800,24952,51.298493,10,10,10,10,404,4,0,4,400,24952,152,0,0,0,0,404,0,0,0,0,98,5888
1881,W3,1,1,0,0,0,0,0,0,0,0,0,400,400,400,0,0,0,0,400,400,400,100.000000,12800,24952,51.298493,10,10,10,10,404,4,0,4,400,24952,152,0,0,0,0,404,0,0,0,0,92,5888
1882,W3,1,1,0,0,0,0,0,0,0,0,0,400,400,400,0,0,0,0,400,400,400,100.000000,12800,24952,51.298493,10,10,10,10,404,4,0,4,400,24952,152,0,0,0,0,404,0,0,0,0,93,5888
1883,W3,1,1,0,0,0,0,0,0,0,0,0,400,400,400,0,0,0,0,400,400,400,100.000000,12800,24952,51.298493,10,10,10,10,404,4,0,4,400,24952,152,0,0,0,0,404,0,0,0,0,93,5888
1884,W3,1,1,0,0,0,0,0,0,0,0,0,400,400,400,0,0,0,0,400,400,400,100.000000,12800,24952,51.298493,10,10,10,10,404,4,0,4,400,24952,152,0,0,0,0,404,0,0,0,0,94,5888
1885,W3,1,1,0,0,0,0,0,0,0,0,0,400,400,400,0,0,0,0,400,400,400,100.000000,12800,24952,51.298493,10,10,10,10,404,4,0,4,400,24952,152,0,0,0,0,404,0,0,0,0,87,5888
1886,W3,1,1,0,0,0,0,0,0,0,0,0,400,400,400,0,0,0,0,400,400,400,100.000000,12800,24952,51.298493,10,10,10,10,404,4,0,4,400,24952,152,0,0,0,0,404,0,0,0,0,108,5888
1887,W3,1,1,0,0,0,0,0,0,0,0,0,400,400,400,0,0,0,0,400,400,400,100.000000,12800,24952,51.298493,10,10,10,10,404,4,0,4,400,24952,152,0,0,0,0,404,0,0,0,0,92,5888
1888,W3,1,1,0,0,0,0,0,0,0,0,0,400,400,400,0,0,0,0,400,400,400,100.000000,12800,24952,51.298493,10,10,10,10,404,4,0,4,400,24952,152,0,0,0,0,404,0,0,0,0,92,5888
1889,W3,1,1,0,0,0,0,0,0,0,0,0,400,400,400,0,0,0,0,400,400,400,100.000000,12800,24952,51.298493,10,10,10,10,404,4,0,4,400,24952,152,0,0,0,0,404,0,0,0,0,96,5888
1890,W3,1,1,0,0,0,0,0,0,0,0,0,400,400,400,0,0,0,0,400,400,400,100.000000,12800,24952,51.298493,10,10,10,10,404,4,0,4,400,24952,152,0,0,0,0,404,0,0,0,0,98,5888
1891,W3,1,1,0,0,0,0,0,0,0,0,0,400,400,400,0,0,0,0,400,400,400,100.000000,12800,24952,51.298493,10,10,10,10,404,4,0,4,400,24952,152,0,0,0,0,404,0,0,0,0,105,5888
1892,W3,1,1,0,0,0,0,0,0,0,0,0,400,400,400,0,0,0,0,400,400,400,100.000000,12800,24952,51.298493,10,10,10,10,404,4,0,4,400,24952,152,0,0,0,0,404,0,0,0,0,94,5888
1893,W3,1,1,0,0,0,0,0,0,0,0,0,400,400,400,0,0,0,0,400,400,400,100.000000,12800,24952,51.298493,10,10,10,10,404,4,0,4,400,24952,152,0,0,0,0,404,0,0,0,0,94,5888
1894,W3,1,1,0,0,0,0,0,0,0,0,0,400,400,400,0,0,0,0,400,400,400,100.000000,12800,24952,51.298493,10,10,10,10,404,4,0,4,400,24952,152,0,0,0,0,404,0,0,0,0,96,5888
1895,W3,1,1,0,0,0,0,0,0,0,0,0,400,400,400,0,0,0,0,400,400,400,100.000000,12800,24952,51.298493,10,10,10,10,404,4,0,4,400,24952,152,0,0,0,0,404,0,0,0,0,89,5888
1896,W3,1,1,0,0,0,0,0,0,0,0,0,400,400,400,0,0,0,0,400,400,400,100.000000,12800,24952,51.298493,10,10,10,10,404,4,0,4,400,24952,152,0,0,0,0,404,0,0,0,0,96,5888
1897,W3,1,1,0,0,0,0,0,0,0,0,0,400,400,400,0,0,0,0,400,400,400,100.000000,12800,24952,51.298493,10,10,10,10,404,4,0,4,400,24952,152,0,0,0,0,404,0,0,0,0,86,5888
1898,W3,1,1,0,0,0,0,0,0,0,0,0,400,400,400,0,0,0,0,400,400,400,100.000000,12800,24952,51.298493,10,10,10,10,404,4,0,4,400,24952,152,0,0,0,0,404,0,0,0,0,89,5888
1899,W3,1,1,0,0,0,0,0,0,0,0,0,400,400,400,0,0,0,0,400,400,400,100.000000,12800,24952,51.298493,10,10,10,10,404,4,0,4,400,24952,152,0,0,0,0,404,0,0,0,0,95,5888
1900,W3,1,1,0,0,0,0,0,0,0,0,0,400,400,400,0,0,0,0,400,400,400,100.000000,12800,24952,51.298493,10,10,10,10,404,4,0,4,400,24952,152,0,0,0,0,404,0,0,0,0,96,5888
1901,W3,1,1,0,0,0,0,0,0,0,0,0,400,400,400,0,0,0,0,400,400,400,100.000000,12800,24952,51.298493,10,10,10,10,404,4,0,4,400,24952,152,0,0,0,0,404,0,0,0,0,85,5888
1902,W3,1,1,0,0,0,0,0,0,0,0,0,400,400,400,0,0,0,0,400,400,400,100.000000,12800,24952,51.298493,10,10,10,10,404,4,0,4,400,24952,152,0,0,0,0,404,0,0,0,0,118,5888
1903,W3,1,1,0,0,0,0,0,0,0,0,0,400,400,400,0,0,0,0,400,400,400,100.000000,12800,24952,51.298493,10,10,10,10,404,4,0,4,400,24952,152,0,0,0,0,404,0,0,0,0,89,5888
1904,W3,1,1,0,0,0,0,0,0,0,0,0,400,400,400,0,0,0,0,400,400,400,100.000000,12800,24952,51.298493,10,10,10,10,404,4,0,4,400,24952,152,0,0,0,0,404,0,0,0,0,90,5888
1905,W3,1,1,0,0,0,0,0,0,0,0,0,400,400,400,0,0,0,0,400,400,400,100.000000,12800,24952,51.298493,10,10,10,10,404,4,0,4,400,24952,152,0,0,0,0,404,0,0,0,0,98,5888
1906,W3,1,1,0,0,0,0,0,0,0,0,0,400,400,400,0,0,0,0,400,400,400,100.000000,12800,24952,51.298493,10,10,10,10,404,4,0,4,400,24952,152,0,0,0,0,404,0,0,0,0,83,5888
1907,W3,1,1,0,0,0,0,0,0,0,0,0,400,400,400,0,0,0,0,400,400,400,100.000000,12800,24952,51.298493,10,10,10,10,404,4,0,4,400,24952,152,0,0,0,0,404,0,0,0,0,95,5888
1908,W3,1,1,0,0,0,0,0,0,0,0,0,400,400,400,0,0,0,0,400,400,400,100.000000,12800,24952,51.298493,10,10,10,10,404,4,0,4,400,24952,152,0,0,0,0,404,0,0,0,0,98,5888
1909,W3,1,1,0,0,0,0,0,0,0,0,0,400,400,400,0,0,0,0,400,400,400,100.000000,12800,24952,51.298493,10,10,10,10,404,4,0,4,400,24952,152,0,0,0,0,404,0,0,0,0,91,5888
1910,W3,1,1,0,0,0,0,0,0,0,0,0,400,400,400,0,0,0,0,400,400,400,100.000000,12800,24952,51.298493,10,10,10,10,404,4,0,4,400,24952,152,0,0,0,0,404,0,0,0,0,84,5888
1911,W3,1,1,0,0,0,0,0,0,0,0,0,400,400,400,0,0,0,0,400,400,400,100.000000,12800,24952,51.298493,10,10,10,10,404,4,0,4,400,24952,152,0,0,0,0,404,0,0,0,0,86,5888
1912,W3,1,1,0,0,0,0,0,0,0,0,0,400,400,400,0,0,0,0,400,400,400,100.000000,12800,24952,51.298493,10,10,10,10,404,4,0,4,400,24952,152,0,0,0,0,404,0,0,0,0,88,5888
1913,W3,1,1,0,0,0,0,0,0,0,0,0,400,400,400,0,0,0,0,400,400,400,100.000000,12800,24952,51.298493,10,10,10,10,404,4,0,4,400,24952,152,0,0,0,0,404,0,0,0,0,91,5888
1914,W3,1,1,0,0,0,0,0,0,0,0,0,400,400,400,0,0,0,0,400,400,400,100.000000,12800,24952,51.298493,10,10,10,10,404,4,0,4,400,24952,152,0,0,0,0,404,0,0,0,0,98,5888
1915,W3,1,1,0,0,0,0,0,0,0,0,0,400,400,400,0,0,0,0,400,400,400,100.000000,12800,24952,51.298493,10,10,10,10,404,4,0,4,400,24952,152,0,0,0,0,404,0,0,0,0,99,5888
1916,W3,1,1,0,0,0,0,0,0,0,0,0,400,400,400,0,0,0,0,400,400,400,100.000000,12800,24952,51.298493,10,10,10,10,404,4,0,4,400,24952,152,0,0,0,0,404,0,0,0,0,87,5888
1917,W3,1,1,0,0,0,0,0,0,0,0,0,400,400,400,0,0,0,0,400,400,400,100.000000,12800,24952,51.298493,10,10,10,10,404,4,0,4,400,24952,152,0,0,0,0,404,0,0,0,0,89,5888
1918,W3,1,1,0,0,0,0,0,0,0,0,0,400,400,400,0,0,0,0,400,400,400,100.000000,12800,24952,51.298493,10,10,10,10,404,4,0,4,400,24952,152,0,0,0,0,404,0,0,0,0,88,5888
1919,W3,1,1,0,0,0,0,0,0,0,0,0,400,400,400,0,0,0,0,400,400,400,100.000000,12800,24952,51.298493,10,10,10,10,404,4,0,4,400,24952,152,0,0,0,0,404,0,0,0,0,91,5888
1920,W3,1,1,0,0,0,0,0,0,0,0,0,400,400,400,0,0,0,0,400,400,400,100.000000,12800,24952,51.298493,10,10,10,10,404,4,0,4,400,24952,152,0,0,0,0,404,0,0,0,0,89,5888
1921,W3,1,1,0,0,0,0,0,0,0,0,0,400,400,400,0,0,0,0,400,400,400,100.000000,12800,24952,51.298493,10,10,10,10,404,4,0,4,400,24952,152,0,0,0,0,404,0,0,0,0,108,5888
1922,W3,1,1,0,0,0,0,0,0,0,0,0,400,400,400,0,0,0,0,400,400,400,100.000000,12800,24952,51.298493,10,10,10,10,404,4,0,4,400,24952,152,0,0,0,0,404,0,0,0,0,93,5888
1923,W3,1,1,0,0,0,0,0,0,0,0,0,400,400,400,0,0,0,0,400,400,400,100.000000,12800,24952,51.298493,10,10,10,10,404,4,0,4,400,24952,152,0,0,0,0,404,0,0,0,0,85,5888
1924,W3,1,1,0,0,0,0,0,0,0,0,0,400,400,400,0,0,0,0,400,400,400,100.000000,12800,24952,51.298493,10,10,10,10,404,4,0,4,400,24952,152,0,0,0,0,404,0,0,0,0,97,5888
1925,W3,1,1,0,0,0,0,0,0,0,0,0,400,400,400,0,0,0,0,400,400,400,100.000000,12800,24952,51.298493,10,10,10,10,404,4,0,4,400,24952,152,0,0,0,0,404,0,0,0,0,86,5888
1926,W3,1,1,0,0,0,0,0,0,0,0,0,400,400,400,0,0,0,0,400,400,400,100.000000,12800,24952,51.298493,10,10,10,10,404,4,0,4,400,24952,152,0,0,0,0,404,0,0,0,0,111,5888
1927,W3,1,1,0,0,0,0,0,0,0,0,0,400,400,400,0,0,0,0,400,400,400,100.000000,12800,24952,51.298493,10,10,10,10,404,4,0,4,400,24952,152,0,0,0,0,404,0,0,0,0,91,5888
1928,W3,1,1,0,0,0,0,0,0,0,0,0,400,400,400,0,0,0,0,400,400,400,100.000000,12800,24952,51.298493,10,10,10,10,404,4,0,4,400,24952,152,0,0,0,0,404,0,0,0,0,86,5888
1929,W3,1,1,0,0,0,0,0,0,0,0,0,400,400,400,0,0,0,0,400,400,400,100.000000,12800,24952,51.298493,10,10,10,10,404,4,0,4,400,24952,152,0,0,0,0,404,0,0,0,0,90,5888
1930,W3,1,1,0,0,0,0,0,0,0,0,0,400,400,400,0,0,0,0,400,400,400,100.000000,12800,24952,51.298493,10,10,10,10,404,4,0,4,400,24952,152,0,0,0,0,404,0,0,0,0,90,5888
1931,W3,1,1,0,0,0,0,0,0,0,0,0,400,400,400,0,0,0,0,400,400,400,100.000000,12800,24952,51.298493,10,10,10,10,404,4,0,4,400,24952,152,0,0,0,0,404,0,0,0,0,89,5888
1932,W3,1,1,0,0,0,0,0,0,0,0,0,400,400,400,0,0,0,0,400,400,400,100.000000,12800,24952,51.298493,10,10,10,10,404,4,0,4,400,24952,152,0,0,0,0,404,0,0,0,0,83,5888
1933,W3,1,1,0,0,0,0,0,0,0,0,0,400,400,400,0,0,0,0,400,400,400,100.000000,12800,24952,51.298493,10,10,10,10,404,4,0,4,400,24952,152,0,0,0,0,404,0,0,0,0,120,5888
1934,W3,1,1,0,0,0,0,0,0,0,0,0,400,400,400,0,0,0,0,400,400,400,100.000000,12800,24952,51.298493,10,10,10,10,404,4,0,4,400,24952,152,0,0,0,0,404,0,0,0,0,101,5888
1935,W3,1,1,0,0,0,0,0,0,0,0,0,400,400,400,0,0,0,0,400,400,400,100.000000,12800,24952,51.298493,10,10,10,10,404,4,0,4,400,24952,152,0,0,0,0,404,0,0,0,0,100,5888
1936,W3,1,1,0,0,0,0,0,0,0,0,0,400,400,400,0,0,0,0,400,400,400,100.000000,12800,24952,51.298493,10,10,10,10,404,4,0,4,400,24952,152,0,0,0,0,404,0,0,0,0,110,5888
1937,W3,1,1,0,0,0,0,0,0,0,0,0,400,400,400,0,0,0,0,400,400,400,100.000000,12800,24952,51.298493,10,10,10,10,404,4,0,4,400,24952,152,0,0,0,0,404,0,0,0,0,95,5888
1938,W3,1,1,0,0,0,0,0,0,0,0,0,400,400,400,0,0,0,0,400,400,400,100.000000,12800,24952,51.298493,10,10,10,10,404,4,0,4,400,24952,152,0,0,0,0,404,0,0,0,0,92,5888
1939,W3,1,1,0,0,0,0,0,0,0,0,0,400,400,400,0,0,0,0,400,400,400,100.000000,12800,24952,51.298493,10,10,10,10,404,4,0,4,400,24952,152,0,0,0,0,404,0,0,0,0,84,5888
1940,W3,1,1,0,0,0,0,0,0,0,0,0,400,400,400,0,0,0,0,400,400,400,100.000000,12800,24952,51.298493,10,10,10,10,404,4,0,4,400,24952,152,0,0,0,0,404,0,0,0,0,92,5888
1941,W3,1,1,0,0,0,0,0,0,0,0,0,400,400,400,0,0,0,0,400,400,400,100.000000,12800,24952,51.298493,10,10,10,10,404,4,0,4,400,24952,152,0,0,0,0,404,0,0,0,0,94,5888
1942,W3,1,1,0,0,0,0,0,0,0,0,0,400,400,400,0,0,0,0,400,400,400,100.000000,12800,24952,51.298493,10,10,10,10,404,4,0,4,400,24952,152,0,0,0,0,404,0,0,0,0,95,5888
1943,W3,1,1,0,0,0,0,0,0,0,0,0,400,400,400,0,0,0,0,400,400,400,100.000000,12800,24952,51.298493,10,10,10,10,404,4,0,4,400,24952,152,0,0,0,0,404,0,0,0,0,90,5888
1944,W3,1,1,0,0,0,0,0,0,0,0,0,400,400,400,0,0,0,0,400,400,400,100.000000,12800,24952,51.298493,10,10,10,10,404,4,0,4,400,24952,152,0,0,0,0,404,0,0,0,0,99,5888
1945,W3,1,1,0,0,0,0,0,0,0,0,0,400,400,400,0,0,0,0,400,400,400,100.000000,12800,24952,51.298493,10,10,10,10,404,4,0,4,400,24952,152,0,0,0,0,404,0,0,0,0,86,5888
1946,W3,1,1,0,0,0,0,0,0,0,0,0,400,400,400,0,0,0,0,400,400,400,100.000000,12800,24952,51.298493,10,10,10,10,404,4,0,4,400,24952,152,0,0,0,0,404,0,0,0,0,106,5888
1947,W3,1,1,0,0,0,0,0,0,0,0,0,400,400,400,0,0,0,0,400,400,400,100.000000,12800,24952,51.298493,10,10,10,10,404,4,0,4,400,24952,152,0,0,0,0,404,0,0,0,0,91,5888
1948,W3,1,1,0,0,0,0,0,0,0,0,0,400,400,400,0,0,0,0,400,400,400,100.000000,12800,24952,51.298493,10,10,10,10,404,4,0,4,400,24952,152,0,0,0,0,404,0,0,0,0,92,5888
1949,W3,1,1,0,0,0,0,0,0,0,0,0,400,400,400,0,0,0,0,400,400,400,100.000000,12800,24952,51.298493,10,10,10,10,404,4,0,4,400,24952,152,0,0,0,0,404,0,0,0,0,90,5888
1950,W3,1,1,0,0,0,0,0,0,0,0,0,400,400,400,0,0,0,0,400,400,400,100.000000,12800,24952,51.298493,10,10,10,10,404,4,0,4,400,24952,152,0,0,0,0,404,0,0,0,0,79,5888
1951,W3,1,1,0,0,0,0,0,0,0,0,0,400,400,400,0,0,0,0,400,400,400,100.000000,12800,24952,51.298493,10,10,10,10,404,4,0,4,400,24952,152,0,0,0,0,404,0,0,0,0,91,5888
1952,W3,1,1,0,0,0,0,0,0,0,0,0,400,400,400,0,0,0,0,400,400,400,100.000000,12800,24952,51.298493,10,10,10,10,404,4,0,4,400,24952,152,0,0,0,0,404,0,0,0,0,85,5888
1953,W3,1,1,0,0,0,0,0,0,0,0,0,400,400,400,0,0,0,0,400,400,400,100.000000,12800,24952,51.298493,10,10,10,10,404,4,0,4,400,24952,152,0,0,0,0,404,0,0,0,0,108,5888
1954,W3,1,1,0,0,0,0,0,0,0,0,0,400,400,400,0,0,0,0,400,400,400,100.000000,12800,24952,51.298493,10,10,10,10,404,4,0,4,400,24952,152,0,0,0,0,404,0,0,0,0,91,5888
1955,W3,1,1,0,0,0,0,0,0,0,0,0,400,400,400,0,0,0,0,400,400,400,100.000000,12800,24952,51.298493,10,10,10,10,404,4,0,4,400,24952,152,0,0,0,0,404,0,0,0,0,87,5888
1956,W3,1,1,0,0,0,0,0,0,0,0,0,400,400,400,0,0,0,0,400,400,400,100.000000,12800,24952,51.298493,10,10,10,10,404,4,0,4,400,24952,152,0,0,0,0,404,0,0,0,0,90,5888
1957,W3,1,1,0,0,0,0,0,0,0,0,0,400,400,400,0,0,0,0,400,400,400,100.000000,12800,24952,51.298493,10,10,10,10,404,4,0,4,400,24952,152,0,0,0,0,404,0,0,0,0,107,5888
1958,W3,1,1,0,0,0,0,0,0,0,0,0,400,400,400,0,0,0,0,400,400,400,100.000000,12800,24952,51.298493,10,10,10,10,404,4,0,4,400,24952,152,0,0,0,0,404,0,0,0,0,95,5888
1959,W3,1,1,0,0,0,0,0,0,0,0,0,400,400,400,0,0,0,0,400,400,400,100.000000,12800,24952,51.298493,10,10,10,10,404,4,0,4,400,24952,152,0,0,0,0,404,0,0,0,0,89,5888
1960,W3,1,1,0,0,0,0,0,0,0,0,0,400,400,400,0,0,0,0,400,400,400,100.000000,12800,24952,51.298493,10,10,10,10,404,4,0,4,400,24952,152,0,0,0,0,404,0,0,0,0,91,5888
1961,W3,1,1,0,0,0,0,0,0,0,0,0,400,400,400,0,0,0,0,400,400,400,100.000000,12800,24952,51.298493,10,10,10,10,404,4,0,4,400,24952,152,0,0,0,0,404,0,0,0,0,92,5888
1962,W3,1,1,0,0,0,0,0,0,0,0,0,400,400,400,0,0,0,0,400,400,400,100.000000,12800,24952,51.298493,10,10,10,10,404,4,0,4,400,24952,152,0,0,0,0,404,0,0,0,0,116,5888
1963,W3,1,1,0,0,0,0,0,0,0,0,0,400,400,400,0,0,0,0,400,400,400,100.000000,12800,24952,51.298493,10,10,10,10,404,4,0,4,400,24952,152,0,0,0,0,404,0,0,0,0,94,5888
1964,W3,1,1,0,0,0,0,0,0,0,0,0,400,400,400,0,0,0,0,400,400,400,100.000000,12800,24952,51.298493,10,10,10,10,404,4,0,4,400,24952,152,0,0,0,0,404,0,0,0,0,85,5888
1965,W3,1,1,0,0,0,0,0,0,0,0,0,400,400,400,0,0,0,0,400,400,400,100.000000,12800,24952,51.298493,10,10,10,10,404,4,0,4,400,24952,152,0,0,0,0,404,0,0,0,0,104,5888
1966,W3,1,1,0,0,0,0,0,0,0,0,0,400,400,400,0,0,0,0,400,400,400,100.000000,12800,24952,51.298493,10,10,10,10,404,4,0,4,400,24952,152,0,0,0,0,404,0,0,0,0,94,5888
1967,W3,1,1,0,0,0,0,0,0,0,0,0,400,400,400,0,0,0,0,400,400,400,100.000000,12800,24952,51.298493,10,10,10,10,404,4,0,4,400,24952,152,0,0,0,0,404,0,0,0,0,91,5888
1968,W3,1,1,0,0,0,0,0,0,0,0,0,400,400,400,0,0,0,0,400,400,400,100.000000,12800,24952,51.298493,10,10,10,10,404,4,0,4,400,24952,152,0,0,0,0,404,0,0,0,0,94,5888
1969,W3,1,1,0,0,0,0,0,0,0,0,0,400,400,400,0,0,0,0,400,400,400,100.000000,12800,24952,51.298493,10,10,10,10,404,4,0,4,400,24952,152,0,0,0,0,404,0,0,0,0,92,5888
1970,W3,1,1,0,0,0,0,0,0,0,0,0,400,400,400,0,0,0,0,400,400,400,100.000000,12800,24952,51.298493,10,10,10,10,404,4,0,4,400,24952,152,0,0,0,0,404,0,0,0,0,95,5888
1971,W3,1,1,0,0,0,0,0,0,0,0,0,400,400,400,0,0,0,0,400,400,400,100.000000,12800,24952,51.298493,10,10,10,10,404,4,0,4,400,24952,152,0,0,0,0,404,0,0,0,0,94,5888
1972,W3,1,1,0,0,0,0,0,0,0,0,0,400,400,400,0,0,0,0,400,400,400,100.000000,12800,24952,51.298493,10,10,10,10,404,4,0,4,400,24952,152,0,0,0,0,404,0,0,0,0,92,5888
1973,W3,1,1,0,0,0,0,0,0,0,0,0,400,400,400,0,0,0,0,400,400,400,100.000000,12800,24952,51.298493,10,10,10,10,404,4,0,4,400,24952,152,0,0,0,0,404,0,0,0,0,84,5888
1974,W3,1,1,0,0,0,0,0,0,0,0,0,400,400,400,0,0,0,0,400,400,400,100.000000,12800,24952,51.298493,10,10,10,10,404,4,0,4,400,24952,152,0,0,0,0,404,0,0,0,0,93,5888
1975,W3,1,1,0,0,0,0,0,0,0,0,0,400,400,400,0,0,0,0,400,400,400,100.000000,12800,24952,51.298493,10,10,10,10,404,4,0,4,400,24952,152,0,0,0,0,404,0,0,0,0,89,5888
1976,W3,1,1,0,0,0,0,0,0,0,0,0,400,400,400,0,0,0,0,400,400,400,100.000000,12800,24952,51.298493,10,10,10,10,404,4,0,4,400,24952,152,0,0,0,0,404,0,0,0,0,97,5888
1977,W3,1,1,0,0,0,0,0,0,0,0,0,400,400,400,0,0,0,0,400,400,400,100.000000,12800,24952,51.298493,10,10,10,10,404,4,0,4,400,24952,152,0,0,0,0,404,0,0,0,0,87,5888
1978,W3,1,1,0,0,0,0,0,0,0,0,0,400,400,400,0,0,0,0,400,400,400,100.000000,12800,24952,51.298493,10,10,10,10,404,4,0,4,400,24952,152,0,0,0,0,404,0,0,0,0,98,5888
1979,W3,1,1,0,0,0,0,0,0,0,0,0,400,400,400,0,0,0,0,400,400,400,100.000000,12800,24952,51.298493,10,10,10,10,404,4,0,4,400,24952,152,0,0,0,0,404,0,0,0,0,111,5888
1980,W3,1,1,0,0,0,0,0,0,0,0,0,400,400,400,0,0,0,0,400,400,400,100.000000,12800,24952,51.298493,10,10,10,10,404,4,0,4,400,24952,152,0,0,0,0,404,0,0,0,0,87,5888
1981,W3,1,1,0,0,0,0,0,0,0,0,0,400,400,400,0,0,0,0,400,400,400,100.000000,12800,24952,51.298493,10,10,10,10,404,4,0,4,400,24952,152,0,0,0,0,404,0,0,0,0,91,5888
1982,W3,1,1,0,0,0,0,0,0,0,0,0,400,400,400,0,0,0,0,400,400,400,100.000000,12800,24952,51.298493,10,10,10,10,404,4,0,4,400,24952,152,0,0,0,0,404,0,0,0,0,87,5888
1983,W3,1,1,0,0,0,0,0,0,0,0,0,400,400,400,0,0,0,0,400,400,400,100.000000,12800,24952,51.298493,10,10,10,10,404,4,0,4,400,24952,152,0,0,0,0,404,0,0,0,0,90,5888
1984,W3,1,1,0,0,0,0,0,0,0,0,0,400,400,400,0,0,0,0,400,400,400,100.000000,12800,24952,51.298493,10,10,10,10,404,4,0,4,400,24952,152,0,0,0,0,404,0,0,0,0,90,5888
1985,W3,1,1,0,0,0,0,0,0,0,0,0,400,400,400,0,0,0,0,400,400,400,100.000000,12800,24952,51.298493,10,10,10,10,404,4,0,4,400,24952,152,0,0,0,0,404,0,0,0,0,91,5888
1986,W3,1,1,0,0,0,0,0,0,0,0,0,400,400,400,0,0,0,0,400,400,400,100.000000,12800,24952,51.298493,10,10,10,10,404,4,0,4,400,24952,152,0,0,0,0,404,0,0,0,0,106,5888
1987,W3,1,1,0,0,0,0,0,0,0,0,0,400,400,400,0,0,0,0,400,400,400,100.000000,12800,24952,51.298493,10,10,10,10,404,4,0,4,400,24952,152,0,0,0,0,404,0,0,0,0,88,5888
1988,W3,1,1,0,0,0,0,0,0,0,0,0,400,400,400,0,0,0,0,400,400,400,100.000000,12800,24952,51.298493,10,10,10,10,404,4,0,4,400,24952,152,0,0,0,0,404,0,0,0,0,91,5888
1989,W3,1,1,0,0,0,0,0,0,0,0,0,400,400,400,0,0,0,0,400,400,400,100.000000,12800,24952,51.298493,10,10,10,10,404,4,0,4,400,24952,152,0,0,0,0,404,0,0,0,0,89,5888
1990,W3,1,1,0,0,0,0,0,0,0,0,0,400,400,400,0,0,0,0,400,400,400,100.000000,12800,24952,51.298493,10,10,10,10,404,4,0,4,400,24952,152,0,0,0,0,404,0,0,0,0,88,5888
1991,W3,1,1,0,0,0,0,0,0,0,0,0,400,400,400,0,0,0,0,400,400,400,100.000000,12800,24952,51.298493,10,10,10,10,404,4,0,4,400,24952,152,0,0,0,0,404,0,0,0,0,85,5888
1992,W3,1,1,0,0,0,0,0,0,0,0,0,400,400,400,0,0,0,0,400,400,400,100.000000,12800,24952,51.298493,10,10,10,10,404,4,0,4,400,24952,152,0,0,0,0,404,0,0,0,0,100,5888
1993,W3,1,1,0,0,0,0,0,0,0,0,0,400,400,400,0,0,0,0,400,400,400,100.000000,12800,24952,51.298493,10,10,10,10,404,4,0,4,400,24952,152,0,0,0,0,404,0,0,0,0,92,5888
1994,W3,1,1,0,0,0,0,0,0,0,0,0,400,400,400,0,0,0,0,400,400,400,100.000000,12800,24952,51.298493,10,10,10,10,404,4,0,4,400,24952,152,0,0,0,0,404,0,0,0,0,90,5888
1995,W3,1,1,0,0,0,0,0,0,0,0,0,400,400,400,0,0,0,0,400,400,400,100.000000,12800,24952,51.298493,10,10,10,10,404,4,0,4,400,24952,152,0,0,0,0,404,0,0,0,0,111,5888
1996,W3,1,1,0,0,0,0,0,0,0,0,0,400,400,400,0,0,0,0,400,400,400,100.000000,12800,24952,51.298493,10,10,10,10,404,4,0,4,400,24952,152,0,0,0,0,404,0,0,0,0,83,5888
1997,W3,1,1,0,0,0,0,0,0,0,0,0,400,400,400,0,0,0,0,400,400,400,100.000000,12800,24952,51.298493,10,10,10,10,404,4,0,4,400,24952,152,0,0,0,0,404,0,0,0,0,84,5888
1998,W3,1,1,0,0,0,0,0,0,0,0,0,400,400,400,0,0,0,0,400,400,400,100.000000,12800,24952,51.298493,10,10,10,10,404,4,0,4,400,24952,152,0,0,0,0,404,0,0,0,0,90,5888
1999,W3,1,1,0,0,0,0,0,0,0,0,0,400,400,400,0,0,0,0,400,400,400,100.000000,12800,24952,51.298493,10,10,10,10,404,4,0,4,400,24952,152,0,0,0,0,404,0,0,0,0,115,5888
2000,W3,1,1,0,0,0,0,0,0,0,0,0,400,400,400,0,0,0,0,400,400,400,100.000000,12800,24952,51.298493,10,10,10,10,404,4,0,4,400,24952,152,0,0,0,0,404,0,0,0,0,98,5888
2001,W3,1,1,0,0,0,0,0,0,0,0,0,400,400,400,0,0,0,0,400,400,400,100.000000,12800,24952,51.298493,10,10,10,10,404,4,0,4,400,24952,152,0,0,0,0,404,0,0,0,0,90,5888
2002,W3,1,1,0,0,0,0,0,0,0,0,0,400,400,400,0,0,0,0,400,400,400,100.000000,12800,24952,51.298493,10,10,10,10,404,4,0,4,400,24952,152,0,0,0,0,404,0,0,0,0,93,5888
2003,W3,1,1,0,0,0,0,0,0,0,0,0,400,400,400,0,0,0,0,400,400,400,100.000000,12800,24952,51.298493,10,10,10,10,404,4,0,4,400,24952,152,0,0,0,0,404,0,0,0,0,87,5888
2004,W3,1,1,0,0,0,0,0,0,0,0,0,400,400,400,0,0,0,0,400,400,400,100.000000,12800,24952,51.298493,10,10,10,10,404,4,0,4,400,24952,152,0,0,0,0,404,0,0,0,0,83,5888
2005,W3,1,1,0,0,0,0,0,0,0,0,0,400,400,400,0,0,0,0,400,400,400,100.000000,12800,24952,51.298493,10,10,10,10,404,4,0,4,400,24952,152,0,0,0,0,404,0,0,0,0,91,5888
2006,W3,1,1,0,0,0,0,0,0,0,0,0,400,400,400,0,0,0,0,400,400,400,100.000000,12800,24952,51.298493,10,10,10,10,404,4,0,4,400,24952,152,0,0,0,0,404,0,0,0,0,84,5888
2007,W3,1,1,0,0,0,0,0,0,0,0,0,400,400,400,0,0,0,0,400,400,400,100.000000,12800,24952,51.298493,10,10,10,10,404,4,0,4,400,24952,152,0,0,0,0,404,0,0,0,0,92,5888
2008,W3,1,1,0,0,0,0,0,0,0,0,0,400,400,400,0,0,0,0,400,400,400,100.000000,12800,24952,51.298493,10,10,10,10,404,4,0,4,400,24952,152,0,0,0,0,404,0,0,0,0,84,5888
2009,W3,1,1,0,0,0,0,0,0,0,0,0,400,400,400,0,0,0,0,400,400,400,100.000000,12800,24952,51.298493,10,10,10,10,404,4,0,4,400,24952,152,0,0,0,0,404,0,0,0,0,194,5888
2010,W3,1,1,0,0,0,0,0,0,0,0,0,400,400,400,0,0,0,0,400,400,400,100.000000,12800,24952,51.298493,10,10,10,10,404,4,0,4,400,24952,152,0,0,0,0,404,0,0,0,0,118,5888
2011,W3,1,1,0,0,0,0,0,0,0,0,0,400,400,400,0,0,0,0,400,400,400,100.000000,12800,24952,51.298493,10,10,10,10,404,4,0,4,400,24952,152,0,0,0,0,404,0,0,0,0,97,5888
2012,W3,1,1,0,0,0,0,0,0,0,0,0,400,400,400,0,0,0,0,400,400,400,100.000000,12800,24952,51.298493,10,10,10,10,404,4,0,4,400,24952,152,0,0,0,0,404,0,0,0,0,91,5888
2013,W3,1,1,0,0,0,0,0,0,0,0,0,400,400,400,0,0,0,0,400,400,400,100.000000,12800,24952,51.298493,10,10,10,10,404,4,0,4,400,24952,152,0,0,0,0,404,0,0,0,0,91,5888
2014,W3,1,1,0,0,0,0,0,0,0,0,0,400,400,400,0,0,0,0,400,400,400,100.000000,12800,24952,51.298493,10,10,10,10,404,4,0,4,400,24952,152,0,0,0,0,404,0,0,0,0,88,5888
2015,W3,1,1,0,0,0,0,0,0,0,0,0,400,400,400,0,0,0,0,400,400,400,100.000000,12800,24952,51.298493,10,10,10,10,404,4,0,4,400,24952,152,0,0,0,0,404,0,0,0,0,96,5888
2016,W3,1,1,0,0,0,0,0,0,0,0,0,400,400,400,0,0,0,0,400,400,400,100.000000,12800,24952,51.298493,10,10,10,10,404,4,0,4,400,24952,152,0,0,0,0,404,0,0,0,0,95,5888
2017,W3,1,1,0,0,0,0,0,0,0,0,0,400,400,400,0,0,0,0,400,400,400,100.000000,12800,24952,51.298493,10,10,10,10,404,4,0,4,400,24952,152,0,0,0,0,404,0,0,0,0,92,5888
2018,W3,1,1,0,0,0,0,0,0,0,0,0,400,400,400,0,0,0,0,400,400,400,100.000000,12800,24952,51.298493,10,10,10,10,404,4,0,4,400,24952,152,0,0,0,0,404,0,0,0,0,88,5888
2019,W3,1,1,0,0,0,0,0,0,0,0,0,400,400,400,0,0,0,0,400,400,400,100.000000,12800,24952,51.298493,10,10,10,10,404,4,0,4,400,24952,152,0,0,0,0,404,0,0,0,0,86,5888
2020,W3,1,1,0,0,0,0,0,0,0,0,0,400,400,400,0,0,0,0,400,400,400,100.000000,12800,24952,51.298493,10,10,10,10,404,4,0,4,400,24952,152,0,0,0,0,404,0,0,0,0,89,5888
2021,W3,1,1,0,0,0,0,0,0,0,0,0,400,400,400,0,0,0,0,400,400,400,100.000000,12800,24952,51.298493,10,10,10,10,404,4,0,4,400,24952,152,0,0,0,0,404,0,0,0,0,83,5888
2022,W3,1,1,0,0,0,0,0,0,0,0,0,400,400,400,0,0,0,0,400,400,400,100.000000,12800,24952,51.298493,10,10,10,10,404,4,0,4,400,24952,152,0,0,0,0,404,0,0,0,0,90,5888
2023,W3,1,1,0,0,0,0,0,0,0,0,0,400,400,400,0,0,0,0,400,400,400,100.000000,12800,24952,51.298493,10,10,10,10,404,4,0,4,400,24952,152,0,0,0,0,404,0,0,0,0,87,5888
2024,W3,1,1,0,0,0,0,0,0,0,0,0,400,400,400,0,0,0,0,400,400,400,100.000000,12800,24952,51.298493,10,10,10,10,404,4,0,4,400,24952,152,0,0,0,0,404,0,0,0,0,124,5888
2025,W3,1,1,0,0,0,0,0,0,0,0,0,400,400,400,0,0,0,0,400,400,400,100.000000,12800,24952,51.298493,10,10,10,10,404,4,0,4,400,24952,152,0,0,0,0,404,0,0,0,0,110,5888
2026,W3,1,1,0,0,0,0,0,0,0,0,0,400,400,400,0,0,0,0,400,400,400,100.000000,12800,24952,51.298493,10,10,10,10,404,4,0,4,400,24952,152,0,0,0,0,404,0,0,0,0,95,5888
2027,W3,1,1,0,0,0,0,0,0,0,0,0,400,400,400,0,0,0,0,400,400,400,100.000000,12800,24952,51.298493,10,10,10,10,404,4,0,4,400,24952,152,0,0,0,0,404,0,0,0,0,91,5888
2028,W3,1,1,0,0,0,0,0,0,0,0,0,400,400,400,0,0,0,0,400,400,400,100.000000,12800,24952,51.298493,10,10,10,10,404,4,0,4,400,24952,152,0,0,0,0,404,0,0,0,0,93,5888
2029,W3,1,1,0,0,0,0,0,0,0,0,0,400,400,400,0,0,0,0,400,400,400,100.000000,12800,24952,51.298493,10,10,10,10,404,4,0,4,400,24952,152,0,0,0,0,404,0,0,0,0,86,5888
2030,W3,1,1,0,0,0,0,0,0,0,0,0,400,400,400,0,0,0,0,400,400,400,100.000000,12800,24952,51.298493,10,10,10,10,404,4,0,4,400,24952,152,0,0,0,0,404,0,0,0,0,87,5888
2031,W3,1,1,0,0,0,0,0,0,0,0,0,400,400,400,0,0,0,0,400,400,400,100.000000,12800,24952,51.298493,10,10,10,10,404,4,0,4,400,24952,152,0,0,0,0,404,0,0,0,0,101,5888
2032,W3,1,1,0,0,0,0,0,0,0,0,0,400,400,400,0,0,0,0,400,400,400,100.000000,12800,24952,51.298493,10,10,10,10,404,4,0,4,400,24952,152,0,0,0,0,404,0,0,0,0,105,5888
2033,W3,1,1,0,0,0,0,0,0,0,0,0,400,400,400,0,0,0,0,400,400,400,100.000000,12800,24952,51.298493,10,10,10,10,404,4,0,4,400,24952,152,0,0,0,0,404,0,0,0,0,96,5888
2034,W3,1,1,0,0,0,0,0,0,0,0,0,400,400,400,0,0,0,0,400,400,400,100.000000,12800,24952,51.298493,10,10,10,10,404,4,0,4,400,24952,152,0,0,0,0,404,0,0,0,0,85,5888
2035,W3,1,1,0,0,0,0,0,0,0,0,0,400,400,400,0,0,0,0,400,400,400,100.000000,12800,24952,51.298493,10,10,10,10,404,4,0,4,400,24952,152,0,0,0,0,404,0,0,0,0,94,5888
2036,W3,1,1,0,0,0,0,0,0,0,0,0,400,400,400,0,0,0,0,400,400,400,100.000000,12800,24952,51.298493,10,10,10,10,404,4,0,4,400,24952,152,0,0,0,0,404,0,0,0,0,90,5888
2037,W3,1,1,0,0,0,0,0,0,0,0,0,400,400,400,0,0,0,0,400,400,400,100.000000,12800,24952,51.298493,10,10,10,10,404,4,0,4,400,24952,152,0,0,0,0,404,0,0,0,0,133,5888
2038,W3,1,1,0,0,0,0,0,0,0,0,0,400,400,400,0,0,0,0,400,400,400,100.000000,12800,24952,51.298493,10,10,10,10,404,4,0,4,400,24952,152,0,0,0,0,404,0,0,0,0,103,5888
2039,W3,1,1,0,0,0,0,0,0,0,0,0,400,400,400,0,0,0,0,400,400,400,100.000000,12800,24952,51.298493,10,10,10,10,404,4,0,4,400,24952,152,0,0,0,0,404,0,0,0,0,85,5888
2040,W3,1,1,0,0,0,0,0,0,0,0,0,400,400,400,0,0,0,0,400,400,400,100.000000,12800,24952,51.298493,10,10,10,10,404,4,0,4,400,24952,152,0,0,0,0,404,0,0,0,0,88,5888
2041,W3,1,1,0,0,0,0,0,0,0,0,0,400,400,400,0,0,0,0,400,400,400,100.000000,12800,24952,51.298493,10,10,10,10,404,4,0,4,400,24952,152,0,0,0,0,404,0,0,0,0,91,5888
2042,W3,1,1,0,0,0,0,0,0,0,0,0,400,400,400,0,0,0,0,400,400,400,100.000000,12800,24952,51.298493,10,10,10,10,404,4,0,4,400,24952,152,0,0,0,0,404,0,0,0,0,106,5888
2043,W3,1,1,0,0,0,0,0,0,0,0,0,400,400,400,0,0,0,0,400,400,400,100.000000,12800,24952,51.298493,10,10,10,10,404,4,0,4,400,24952,152,0,0,0,0,404,0,0,0,0,91,5888
2044,W3,1,1,0,0,0,0,0,0,0,0,0,400,400,400,0,0,0,0,400,400,400,100.000000,12800,24952,51.298493,10,10,10,10,404,4,0,4,400,24952,152,0,0,0,0,404,0,0,0,0,84,5888
2045,W3,1,1,0,0,0,0,0,0,0,0,0,400,400,400,0,0,0,0,400,400,400,100.000000,12800,24952,51.298493,10,10,10,10,404,4,0,4,400,24952,152,0,0,0,0,404,0,0,0,0,89,5888
2046,W3,1,1,0,0,0,0,0,0,0,0,0,400,400,400,0,0,0,0,400,400,400,100.000000,12800,24952,51.298493,10,10,10,10,404,4,0,4,400,24952,152,0,0,0,0,404,0,0,0,0,82,5888
2047,W3,1,1,0,0,0,0,0,0,0,0,0,400,400,400,0,0,0,0,400,400,400,100.000000,12800,24952,51.298493,10,10,10,10,404,4,0,4,400,24952,152,0,0,0,0,404,0,0,0,0,84,5888
2048,W3,1,1,0,0,0,0,0,0,0,0,0,400,400,400,0,0,0,0,400,400,400,100.000000,12800,24952,51.298493,10,10,10,10,404,4,0,4,400,24952,152,0,0,0,0,404,0,0,0,0,96,5888
2049,W3,1,1,0,0,0,0,0,0,0,0,0,400,400,400,0,0,0,0,400,400,400,100.000000,12800,24952,51.298493,10,10,10,10,404,4,0,4,400,24952,152,0,0,0,0,404,0,0,0,0,110,5888
2050,W3,1,1,0,0,0,0,0,0,0,0,0,400,400,400,0,0,0,0,400,400,400,100.000000,12800,24952,51.298493,10,10,10,10,404,4,0,4,400,24952,152,0,0,0,0,404,0,0,0,0,90,5888
2051,W3,1,1,0,0,0,0,0,0,0,0,0,400,400,400,0,0,0,0,400,400,400,100.000000,12800,24952,51.298493,10,10,10,10,404,4,0,4,400,24952,152,0,0,0,0,404,0,0,0,0,86,5888
2052,W3,1,1,0,0,0,0,0,0,0,0,0,400,400,400,0,0,0,0,400,400,400,100.000000,12800,24952,51.298493,10,10,10,10,404,4,0,4,400,24952,152,0,0,0,0,404,0,0,0,0,94,5888
2053,W3,1,1,0,0,0,0,0,0,0,0,0,400,400,400,0,0,0,0,400,400,400,100.000000,12800,24952,51.298493,10,10,10,10,404,4,0,4,400,24952,152,0,0,0,0,404,0,0,0,0,86,5888
2054,W3,1,1,0,0,0,0,0,0,0,0,0,400,400,400,0,0,0,0,400,400,400,100.000000,12800,24952,51.298493,10,10,10,10,404,4,0,4,400,24952,152,0,0,0,0,404,0,0,0,0,118,5888
2055,W3,1,1,0,0,0,0,0,0,0,0,0,400,400,400,0,0,0,0,400,400,400,100.000000,12800,24952,51.298493,10,10,10,10,404,4,0,4,400,24952,152,0,0,0,0,404,0,0,0,0,87,5888
2056,W3,1,1,0,0,0,0,0,0,0,0,0,400,400,400,0,0,0,0,400,400,400,100.000000,12800,24952,51.298493,10,10,10,10,404,4,0,4,400,24952,152,0,0,0,0,404,0,0,0,0,98,5888
2057,W3,1,1,0,0,0,0,0,0,0,0,0,400,400,400,0,0,0,0,400,400,400,100.000000,12800,24952,51.298493,10,10,10,10,404,4,0,4,400,24952,152,0,0,0,0,404,0,0,0,0,92,5888
2058,W3,1,1,0,0,0,0,0,0,0,0,0,400,400,400,0,0,0,0,400,400,400,100.000000,12800,24952,51.298493,10,10,10,10,404,4,0,4,400,24952,152,0,0,0,0,404,0,0,0,0,88,5888
2059,W3,1,1,0,0,0,0,0,0,0,0,0,400,400,400,0,0,0,0,400,400,400,100.000000,12800,24952,51.298493,10,10,10,10,404,4,0,4,400,24952,152,0,0,0,0,404,0,0,0,0,96,5888
2060,W3,1,1,0,0,0,0,0,0,0,0,0,400,400,400,0,0,0,0,400,400,400,100.000000,12800,24952,51.298493,10,10,10,10,404,4,0,4,400,24952,152,0,0,0,0,404,0,0,0,0,84,5888
2061,W3,1,1,0,0,0,0,0,0,0,0,0,400,400,400,0,0,0,0,400,400,400,100.000000,12800,24952,51.298493,10,10,10,10,404,4,0,4,400,24952,152,0,0,0,0,404,0,0,0,0,88,5888
2062,W3,1,1,0,0,0,0,0,0,0,0,0,400,400,400,0,0,0,0,400,400,400,100.000000,12800,24952,51.298493,10,10,10,10,404,4,0,4,400,24952,152,0,0,0,0,404,0,0,0,0,82,5888
2063,W3,1,1,0,0,0,0,0,0,0,0,0,400,400,400,0,0,0,0,400,400,400,100.000000,12800,24952,51.298493,10,10,10,10,404,4,0,4,400,24952,152,0,0,0,0,404,0,0,0,0,93,5888
2064,W3,1,1,0,0,0,0,0,0,0,0,0,400,400,400,0,0,0,0,400,400,400,100.000000,12800,24952,51.298493,10,10,10,10,404,4,0,4,400,24952,152,0,0,0,0,404,0,0,0,0,97,5888
2065,W3,1,1,0,0,0,0,0,0,0,0,0,400,400,400,0,0,0,0,400,400,400,100.000000,12800,24952,51.298493,10,10,10,10,404,4,0,4,400,24952,152,0,0,0,0,404,0,0,0,0,90,5888
2066,W3,1,1,0,0,0,0,0,0,0,0,0,400,400,400,0,0,0,0,400,400,400,100.000000,12800,24952,51.298493,10,10,10,10,404,4,0,4,400,24952,152,0,0,0,0,404,0,0,0,0,107,5888
2067,W3,1,1,0,0,0,0,0,0,0,0,0,400,400,400,0,0,0,0,400,400,400,100.000000,12800,24952,51.298493,10,10,10,10,404,4,0,4,400,24952,152,0,0,0,0,404,0,0,0,0,88,5888
2068,W3,1,1,0,0,0,0,0,0,0,0,0,400,400,400,0,0,0,0,400,400,400,100.000000,12800,24952,51.298493,10,10,10,10,404,4,0,4,400,24952,152,0,0,0,0,404,0,0,0,0,91,5888
2069,W3,1,1,0,0,0,0,0,0,0,0,0,400,400,400,0,0,0,0,400,400,400,100.000000,12800,24952,51.298493,10,10,10,10,404,4,0,4,400,24952,152,0,0,0,0,404,0,0,0,0,89,5888
2070,W3,1,1,0,0,0,0,0,0,0,0,0,400,400,400,0,0,0,0,400,400,400,100.000000,12800,24952,51.298493,10,10,10,10,404,4,0,4,400,24952,152,0,0,0,0,404,0,0,0,0,85,5888
2071,W3,1,1,0,0,0,0,0,0,0,0,0,400,400,400,0,0,0,0,400,400,400,100.000000,12800,24952,51.298493,10,10,10,10,404,4,0,4,400,24952,152,0,0,0,0,404,0,0,0,0,91,5888
2072,W3,1,1,0,0,0,0,0,0,0,0,0,400,400,400,0,0,0,0,400,400,400,100.000000,12800,24952,51.298493,10,10,10,10,404,4,0,4,400,24952,152,0,0,0,0,404,0,0,0,0,101,5888
2073,W3,1,1,0,0,0,0,0,0,0,0,0,400,400,400,0,0,0,0,400,400,400,100.000000,12800,24952,51.298493,10,10,10,10,404,4,0,4,400,24952,152,0,0,0,0,404,0,0,0,0,93,5888
2074,W3,1,1,0,0,0,0,0,0,0,0,0,400,400,400,0,0,0,0,400,400,400,100.000000,12800,24952,51.298493,10,10,10,10,404,4,0,4,400,24952,152,0,0,0,0,404,0,0,0,0,90,5888
2075,W3,1,1,0,0,0,0,0,0,0,0,0,400,400,400,0,0,0,0,400,400,400,100.000000,12800,24952,51.298493,10,10,10,10,404,4,0,4,400,24952,152,0,0,0,0,404,0,0,0,0,90,5888
2076,W3,1,1,0,0,0,0,0,0,0,0,0,400,400,400,0,0,0,0,400,400,400,100.000000,12800,24952,51.298493,10,10,10,10,404,4,0,4,400,24952,152,0,0,0,0,404,0,0,0,0,92,5888
2077,W3,1,1,0,0,0,0,0,0,0,0,0,400,400,400,0,0,0,0,400,400,400,100.000000,12800,24952,51.298493,10,10,10,10,404,4,0,4,400,24952,152,0,0,0,0,404,0,0,0,0,87,5888
2078,W3,1,1,0,0,0,0,0,0,0,0,0,400,400,400,0,0,0,0,400,400,400,100.000000,12800,24952,51.298493,10,10,10,10,404,4,0,4,400,24952,152,0,0,0,0,404,0,0,0,0,89,5888
2079,W3,1,1,0,0,0,0,0,0,0,0,0,400,400,400,0,0,0,0,400,400,400,100.000000,12800,24952,51.298493,10,10,10,10,404,4,0,4,400,24952,152,0,0,0,0,404,0,0,0,0,89,5888
2080,W3,1,1,0,0,0,0,0,0,0,0,0,400,400,400,0,0,0,0,400,400,400,100.000000,12800,24952,51.298493,10,10,10,10,404,4,0,4,400,24952,152,0,0,0,0,404,0,0,0,0,92,5888
2081,W3,1,1,0,0,0,0,0,0,0,0,0,400,400,400,0,0,0,0,400,400,400,100.000000,12800,24952,51.298493,10,10,10,10,404,4,0,4,400,24952,152,0,0,0,0,404,0,0,0,0,117,5888
2082,W3,1,1,0,0,0,0,0,0,0,0,0,400,400,400,0,0,0,0,400,400,400,100.000000,12800,24952,51.298493,10,10,10,10,404,4,0,4,400,24952,152,0,0,0,0,404,0,0,0,0,92,5888
2083,W3,1,1,0,0,0,0,0,0,0,0,0,400,400,400,0,0,0,0,400,400,400,100.000000,12800,24952,51.298493,10,10,10,10,404,4,0,4,400,24952,152,0,0,0,0,404,0,0,0,0,91,5888
2084,W3,1,1,0,0,0,0,0,0,0,0,0,400,400,400,0,0,0,0,400,400,400,100.000000,12800,24952,51.298493,10,10,10,10,404,4,0,4,400,24952,152,0,0,0,0,404,0,0,0,0,86,5888
2085,W3,1,1,0,0,0,0,0,0,0,0,0,400,400,400,0,0,0,0,400,400,400,100.000000,12800,24952,51.298493,10,10,10,10,404,4,0,4,400,24952,152,0,0,0,0,404,0,0,0,0,93,5888
2086,W3,1,1,0,0,0,0,0,0,0,0,0,400,400,400,0,0,0,0,400,400,400,100.000000,12800,24952,51.298493,10,10,10,10,404,4,0,4,400,24952,152,0,0,0,0,404,0,0,0,0,103,5888
2087,W3,1,1,0,0,0,0,0,0,0,0,0,400,400,400,0,0,0,0,400,400,400,100.000000,12800,24952,51.298493,10,10,10,10,404,4,0,4,400,24952,152,0,0,0,0,404,0,0,0,0,85,5888
2088,W3,1,1,0,0,0,0,0,0,0,0,0,400,400,400,0,0,0,0,400,400,400,100.000000,12800,24952,51.298493,10,10,10,10,404,4,0,4,400,24952,152,0,0,0,0,404,0,0,0,0,102,5888
2089,W3,1,1,0,0,0,0,0,0,0,0,0,400,400,400,0,0,0,0,400,400,400,100.000000,12800,24952,51.298493,10,10,10,10,404,4,0,4,400,24952,152,0,0,0,0,404,0,0,0,0,90,5888
2090,W3,1,1,0,0,0,0,0,0,0,0,0,400,400,400,0,0,0,0,400,400,400,100.000000,12800,24952,51.298493,10,10,10,10,404,4,0,4,400,24952,152,0,0,0,0,404,0,0,0,0,87,5888
2091,W3,1,1,0,0,0,0,0,0,0,0,0,400,400,400,0,0,0,0,400,400,400,100.000000,12800,24952,51.298493,10,10,10,10,404,4,0,4,400,24952,152,0,0,0,0,404,0,0,0,0,91,5888
2092,W3,1,1,0,0,0,0,0,0,0,0,0,400,400,400,0,0,0,0,400,400,400,100.000000,12800,24952,51.298493,10,10,10,10,404,4,0,4,400,24952,152,0,0,0,0,404,0,0,0,0,85,5888
2093,W3,1,1,0,0,0,0,0,0,0,0,0,400,400,400,0,0,0,0,400,400,400,100.000000,12800,24952,51.298493,10,10,10,10,404,4,0,4,400,24952,152,0,0,0,0,404,0,0,0,0,83,5888
2094,W3,1,1,0,0,0,0,0,0,0,0,0,400,400,400,0,0,0,0,400,400,400,100.000000,12800,24952,51.298493,10,10,10,10,404,4,0,4,400,24952,152,0,0,0,0,404,0,0,0,0,87,5888
2095,W3,1,1,0,0,0,0,0,0,0,0,0,400,400,400,0,0,0,0,400,400,400,100.000000,12800,24952,51.298493,10,10,10,10,404,4,0,4,400,24952,152,0,0,0,0,404,0,0,0,0,95,5888
2096,W3,1,1,0,0,0,0,0,0,0,0,0,400,400,400,0,0,0,0,400,400,400,100.000000,12800,24952,51.298493,10,10,10,10,404,4,0,4,400,24952,152,0,0,0,0,404,0,0,0,0,95,5888
2097,W3,1,1,0,0,0,0,0,0,0,0,0,400,400,400,0,0,0,0,400,400,400,100.000000,12800,24952,51.298493,10,10,10,10,404,4,0,4,400,24952,152,0,0,0,0,404,0,0,0,0,115,5888
2098,W3,1,1,0,0,0,0,0,0,0,0,0,400,400,400,0,0,0,0,400,400,400,100.000000,12800,24952,51.298493,10,10,10,10,404,4,0,4,400,24952,152,0,0,0,0,404,0,0,0,0,97,5888
2099,W3,1,1,0,0,0,0,0,0,0,0,0,400,400,400,0,0,0,0,400,400,400,100.000000,12800,24952,51.298493,10,10,10,10,404,4,0,4,400,24952,152,0,0,0,0,404,0,0,0,0,94,5888
2100,W3,1,1,0,0,0,0,0,0,0,0,0,400,400,400,0,0,0,0,400,400,400,100.000000,12800,24952,51.298493,10,10,10,10,404,4,0,4,400,24952,152,0,0,0,0,404,0,0,0,0,94,5888
2101,W3,1,1,0,0,0,0,0,0,0,0,0,400,400,400,0,0,0,0,400,400,400,100.000000,12800,24952,51.298493,10,10,10,10,404,4,0,4,400,24952,152,0,0,0,0,404,0,0,0,0,104,5888
2102,W3,1,1,0,0,0,0,0,0,0,0,0,400,400,400,0,0,0,0,400,400,400,100.000000,12800,24952,51.298493,10,10,10,10,404,4,0,4,400,24952,152,0,0,0,0,404,0,0,0,0,91,5888
2103,W3,1,1,0,0,0,0,0,0,0,0,0,400,400,400,0,0,0,0,400,400,400,100.000000,12800,24952,51.298493,10,10,10,10,404,4,0,4,400,24952,152,0,0,0,0,404,0,0,0,0,89,5888
2104,W3,1,1,0,0,0,0,0,0,0,0,0,400,400,400,0,0,0,0,400,400,400,100.000000,12800,24952,51.298493,10,10,10,10,404,4,0,4,400,24952,152,0,0,0,0,404,0,0,0,0,93,5888
2105,W3,1,1,0,0,0,0,0,0,0,0,0,400,400,400,0,0,0,0,400,400,400,100.000000,12800,24952,51.298493,10,10,10,10,404,4,0,4,400,24952,152,0,0,0,0,404,0,0,0,0,87,5888
2106,W3,1,1,0,0,0,0,0,0,0,0,0,400,400,400,0,0,0,0,400,400,400,100.000000,12800,24952,51.298493,10,10,10,10,404,4,0,4,400,24952,152,0,0,0,0,404,0,0,0,0,95,5888
2107,W3,1,1,0,0,0,0,0,0,0,0,0,400,400,400,0,0,0,0,400,400,400,100.000000,12800,24952,51.298493,10,10,10,10,404,4,0,4,400,24952,152,0,0,0,0,404,0,0,0,0,89,5888
2108,W3,1,1,0,0,0,0,0,0,0,0,0,400,400,400,0,0,0,0,400,400,400,100.000000,12800,24952,51.298493,10,10,10,10,404,4,0,4,400,24952,152,0,0,0,0,404,0,0,0,0,89,5888
2109,W3,1,1,0,0,0,0,0,0,0,0,0,400,400,400,0,0,0,0,400,400,400,100.000000,12800,24952,51.298493,10,10,10,10,404,4,0,4,400,24952,152,0,0,0,0,404,0,0,0,0,93,5888
2110,W3,1,1,0,0,0,0,0,0,0,0,0,400,400,400,0,0,0,0,400,400,400,100.000000,12800,24952,51.298493,10,10,10,10,404,4,0,4,400,24952,152,0,0,0,0,404,0,0,0,0,87,5888
2111,W3,1,1,0,0,0,0,0,0,0,0,0,400,400,400,0,0,0,0,400,400,400,100.000000,12800,24952,51.298493,10,10,10,10,404,4,0,4,400,24952,152,0,0,0,0,404,0,0,0,0,95,5888
2112,W3,1,1,0,0,0,0,0,0,0,0,0,400,400,400,0,0,0,0,400,400,400,100.000000,12800,24952,51.298493,10,10,10,10,404,4,0,4,400,24952,152,0,0,0,0,404,0,0,0,0,96,5888
2113,W3,1,1,0,0,0,0,0,0,0,0,0,400,400,400,0,0,0,0,400,400,400,100.000000,12800,24952,51.298493,10,10,10,10,404,4,0,4,400,24952,152,0,0,0,0,404,0,0,0,0,88,5888
2114,W3,1,1,0,0,0,0,0,0,0,0,0,400,400,400,0,0,0,0,400,400,400,100.000000,12800,24952,51.298493,10,10,10,10,404,4,0,4,400,24952,152,0,0,0,0,404,0,0,0,0,124,5888
2115,W3,1,1,0,0,0,0,0,0,0,0,0,400,400,400,0,0,0,0,400,400,400,100.000000,12800,24952,51.298493,10,10,10,10,404,4,0,4,400,24952,152,0,0,0,0,404,0,0,0,0,86,5888
2116,W3,1,1,0,0,0,0,0,0,0,0,0,400,400,400,0,0,0,0,400,400,400,100.000000,12800,24952,51.298493,10,10,10,10,404,4,0,4,400,24952,152,0,0,0,0,404,0,0,0,0,93,5888
2117,W3,1,1,0,0,0,0,0,0,0,0,0,400,400,400,0,0,0,0,400,400,400,100.000000,12800,24952,51.298493,10,10,10,10,404,4,0,4,400,24952,152,0,0,0,0,404,0,0,0,0,85,5888
2118,W3,1,1,0,0,0,0,0,0,0,0,0,400,400,400,0,0,0,0,400,400,400,100.000000,12800,24952,51.298493,10,10,10,10,404,4,0,4,400,24952,152,0,0,0,0,404,0,0,0,0,100,5888
2119,W3,1,1,0,0,0,0,0,0,0,0,0,400,400,400,0,0,0,0,400,400,400,100.000000,12800,24952,51.298493,10,10,10,10,404,4,0,4,400,24952,152,0,0,0,0,404,0,0,0,0,86,5888
2120,W3,1,1,0,0,0,0,0,0,0,0,0,400,400,400,0,0,0,0,400,400,400,100.000000,12800,24952,51.298493,10,10,10,10,404,4,0,4,400,24952,152,0,0,0,0,404,0,0,0,0,128,5888
2121,W3,1,1,0,0,0,0,0,0,0,0,0,400,400,400,0,0,0,0,400,400,400,100.000000,12800,24952,51.298493,10,10,10,10,404,4,0,4,400,24952,152,0,0,0,0,404,0,0,0,0,91,5888
2122,W3,1,1,0,0,0,0,0,0,0,0,0,400,400,400,0,0,0,0,400,400,400,100.000000,12800,24952,51.298493,10,10,10,10,404,4,0,4,400,24952,152,0,0,0,0,404,0,0,0,0,146,5888
2123,W3,1,1,0,0,0,0,0,0,0,0,0,400,400,400,0,0,0,0,400,400,400,100.000000,12800,24952,51.298493,10,10,10,10,404,4,0,4,400,24952,152,0,0,0,0,404,0,0,0,0,100,5888
2124,W3,1,1,0,0,0,0,0,0,0,0,0,400,400,400,0,0,0,0,400,400,400,100.000000,12800,24952,51.298493,10,10,10,10,404,4,0,4,400,24952,152,0,0,0,0,404,0,0,0,0,90,5888
2125,W3,1,1,0,0,0,0,0,0,0,0,0,400,400,400,0,0,0,0,400,400,400,100.000000,12800,24952,51.298493,10,10,10,10,404,4,0,4,400,24952,152,0,0,0,0,404,0,0,0,0,109,5888
2126,W3,1,1,0,0,0,0,0,0,0,0,0,400,400,400,0,0,0,0,400,400,400,100.000000,12800,24952,51.298493,10,10,10,10,404,4,0,4,400,24952,152,0,0,0,0,404,0,0,0,0,115,5888
2127,W3,1,1,0,0,0,0,0,0,0,0,0,400,400,400,0,0,0,0,400,400,400,100.000000,12800,24952,51.298493,10,10,10,10,404,4,0,4,400,24952,152,0,0,0,0,404,0,0,0,0,104,5888
2128,W3,1,1,0,0,0,0,0,0,0,0,0,400,400,400,0,0,0,0,400,400,400,100.000000,12800,24952,51.298493,10,10,10,10,404,4,0,4,400,24952,152,0,0,0,0,404,0,0,0,0,120,5888
2129,W3,1,1,0,0,0,0,0,0,0,0,0,400,400,400,0,0,0,0,400,400,400,100.000000,12800,24952,51.298493,10,10,10,10,404,4,0,4,400,24952,152,0,0,0,0,404,0,0,0,0,117,5888
2130,W3,1,1,0,0,0,0,0,0,0,0,0,400,400,400,0,0,0,0,400,400,400,100.000000,12800,24952,51.298493,10,10,10,10,404,4,0,4,400,24952,152,0,0,0,0,404,0,0,0,0,114,5888
2131,W3,1,1,0,0,0,0,0,0,0,0,0,400,400,400,0,0,0,0,400,400,400,100.000000,12800,24952,51.298493,10,10,10,10,404,4,0,4,400,24952,152,0,0,0,0,404,0,0,0,0,91,5888
2132,W3,1,1,0,0,0,0,0,0,0,0,0,400,400,400,0,0,0,0,400,400,400,100.000000,12800,24952,51.298493,10,10,10,10,404,4,0,4,400,24952,152,0,0,0,0,404,0,0,0,0,92,5888
2133,W3,1,1,0,0,0,0,0,0,0,0,0,400,400,400,0,0,0,0,400,400,400,100.000000,12800,24952,51.298493,10,10,10,10,404,4,0,4,400,24952,152,0,0,0,0,404,0,0,0,0,89,5888
2134,W3,1,1,0,0,0,0,0,0,0,0,0,400,400,400,0,0,0,0,400,400,400,100.000000,12800,24952,51.298493,10,10,10,10,404,4,0,4,400,24952,152,0,0,0,0,404,0,0,0,0,92,5888
2135,W3,1,1,0,0,0,0,0,0,0,0,0,400,400,400,0,0,0,0,400,400,400,100.000000,12800,24952,51.298493,10,10,10,10,404,4,0,4,400,24952,152,0,0,0,0,404,0,0,0,0,92,5888
2136,W3,1,1,0,0,0,0,0,0,0,0,0,400,400,400,0,0,0,0,400,400,400,100.000000,12800,24952,51.298493,10,10,10,10,404,4,0,4,400,24952,152,0,0,0,0,404,0,0,0,0,91,5888
2137,W3,1,1,0,0,0,0,0,0,0,0,0,400,400,400,0,0,0,0,400,400,400,100.000000,12800,24952,51.298493,10,10,10,10,404,4,0,4,400,24952,152,0,0,0,0,404,0,0,0,0,95,5888
2138,W3,1,1,0,0,0,0,0,0,0,0,0,400,400,400,0,0,0,0,400,400,400,100.000000,12800,24952,51.298493,10,10,10,10,404,4,0,4,400,24952,152,0,0,0,0,404,0,0,0,0,111,5888
2139,W3,1,1,0,0,0,0,0,0,0,0,0,400,400,400,0,0,0,0,400,400,400,100.000000,12800,24952,51.298493,10,10,10,10,404,4,0,4,400,24952,152,0,0,0,0,404,0,0,0,0,110,5888
2140,W3,1,1,0,0,0,0,0,0,0,0,0,400,400,400,0,0,0,0,400,400,400,100.000000,12800,24952,51.298493,10,10,10,10,404,4,0,4,400,24952,152,0,0,0,0,404,0,0,0,0,92,5888
2141,W3,1,1,0,0,0,0,0,0,0,0,0,400,400,400,0,0,0,0,400,400,400,100.000000,12800,24952,51.298493,10,10,10,10,404,4,0,4,400,24952,152,0,0,0,0,404,0,0,0,0,149,5888
2142,W3,1,1,0,0,0,0,0,0,0,0,0,400,400,400,0,0,0,0,400,400,400,100.000000,12800,24952,51.298493,10,10,10,10,404,4,0,4,400,24952,152,0,0,0,0,404,0,0,0,0,89,5888
2143,W3,1,1,0,0,0,0,0,0,0,0,0,400,400,400,0,0,0,0,400,400,400,100.000000,12800,24952,51.298493,10,10,10,10,404,4,0,4,400,24952,152,0,0,0,0,404,0,0,0,0,85,5888
2144,W3,1,1,0,0,0,0,0,0,0,0,0,400,400,400,0,0,0,0,400,400,400,100.000000,12800,24952,51.298493,10,10,10,10,404,4,0,4,400,24952,152,0,0,0,0,404,0,0,0,0,92,5888
2145,W3,1,1,0,0,0,0,0,0,0,0,0,400,400,400,0,0,0,0,400,400,400,100.000000,12800,24952,51.298493,10,10,10,10,404,4,0,4,400,24952,152,0,0,0,0,404,0,0,0,0,113,5888
2146,W3,1,1,0,0,0,0,0,0,0,0,0,400,400,400,0,0,0,0,400,400,400,100.000000,12800,24952,51.298493,10,10,10,10,404,4,0,4,400,24952,152,0,0,0,0,404,0,0,0,0,92,5888
2147,W3,1,1,0,0,0,0,0,0,0,0,0,400,400,400,0,0,0,0,400,400,400,100.000000,12800,24952,51.298493,10,10,10,10,404,4,0,4,400,24952,152,0,0,0,0,404,0,0,0,0,85,5888
2148,W3,1,1,0,0,0,0,0,0,0,0,0,400,400,400,0,0,0,0,400,400,400,100.000000,12800,24952,51.298493,10,10,10,10,404,4,0,4,400,24952,152,0,0,0,0,404,0,0,0,0,104,5888
2149,W3,1,1,0,0,0,0,0,0,0,0,0,400,400,400,0,0,0,0,400,400,400,100.000000,12800,24952,51.298493,10,10,10,10,404,4,0,4,400,24952,152,0,0,0,0,404,0,0,0,0,94,5888
2150,W3,1,1,0,0,0,0,0,0,0,0,0,400,400,400,0,0,0,0,400,400,400,100.000000,12800,24952,51.298493,10,10,10,10,404,4,0,4,400,24952,152,0,0,0,0,404,0,0,0,0,87,5888
2151,W3,1,1,0,0,0,0,0,0,0,0,0,400,400,400,0,0,0,0,400,400,400,100.000000,12800,24952,51.298493,10,10,10,10,404,4,0,4,400,24952,152,0,0,0,0,404,0,0,0,0,90,5888
2152,W3,1,1,0,0,0,0,0,0,0,0,0,400,400,400,0,0,0,0,400,400,400,100.000000,12800,24952,51.298493,10,10,10,10,404,4,0,4,400,24952,152,0,0,0,0,404,0,0,0,0,100,5888
2153,W3,1,1,0,0,0,0,0,0,0,0,0,400,400,400,0,0,0,0,400,400,400,100.000000,12800,24952,51.298493,10,10,10,10,404,4,0,4,400,24952,152,0,0,0,0,404,0,0,0,0,97,5888
2154,W3,1,1,0,0,0,0,0,0,0,0,0,400,400,400,0,0,0,0,400,400,400,100.000000,12800,24952,51.298493,10,10,10,10,404,4,0,4,400,24952,152,0,0,0,0,404,0,0,0,0,115,5888
2155,W3,1,1,0,0,0,0,0,0,0,0,0,400,400,400,0,0,0,0,400,400,400,100.000000,12800,24952,51.298493,10,10,10,10,404,4,0,4,400,24952,152,0,0,0,0,404,0,0,0,0,111,5888
2156,W3,1,1,0,0,0,0,0,0,0,0,0,400,400,400,0,0,0,0,400,400,400,100.000000,12800,24952,51.298493,10,10,10,10,404,4,0,4,400,24952,152,0,0,0,0,404,0,0,0,0,94,5888
2157,W3,1,1,0,0,0,0,0,0,0,0,0,400,400,400,0,0,0,0,400,400,400,100.000000,12800,24952,51.298493,10,10,10,10,404,4,0,4,400,24952,152,0,0,0,0,404,0,0,0,0,85,5888
2158,W3,1,1,0,0,0,0,0,0,0,0,0,400,400,400,0,0,0,0,400,400,400,100.000000,12800,24952,51.298493,10,10,10,10,404,4,0,4,400,24952,152,0,0,0,0,404,0,0,0,0,85,5888
2159,W3,1,1,0,0,0,0,0,0,0,0,0,400,400,400,0,0,0,0,400,400,400,100.000000,12800,24952,51.298493,10,10,10,10,404,4,0,4,400,24952,152,0,0,0,0,404,0,0,0,0,99,5888
2160,W3,1,1,0,0,0,0,0,0,0,0,0,400,400,400,0,0,0,0,400,400,400,100.000000,12800,24952,51.298493,10,10,10,10,404,4,0,4,400,24952,152,0,0,0,0,404,0,0,0,0,87,5888
2161,W3,1,1,0,0,0,0,0,0,0,0,0,400,400,400,0,0,0,0,400,400,400,100.000000,12800,24952,51.298493,10,10,10,10,404,4,0,4,400,24952,152,0,0,0,0,404,0,0,0,0,95,5888
2162,W3,1,1,0,0,0,0,0,0,0,0,0,400,400,400,0,0,0,0,400,400,400,100.000000,12800,24952,51.298493,10,10,10,10,404,4,0,4,400,24952,152,0,0,0,0,404,0,0,0,0,98,5888
2163,W3,1,1,0,0,0,0,0,0,0,0,0,400,400,400,0,0,0,0,400,400,400,100.000000,12800,24952,51.298493,10,10,10,10,404,4,0,4,400,24952,152,0,0,0,0,404,0,0,0,0,88,5888
2164,W3,1,1,0,0,0,0,0,0,0,0,0,400,400,400,0,0,0,0,400,400,400,100.000000,12800,24952,51.298493,10,10,10,10,404,4,0,4,400,24952,152,0,0,0,0,404,0,0,0,0,92,5888
2165,W3,1,1,0,0,0,0,0,0,0,0,0,400,400,400,0,0,0,0,400,400,400,100.000000,12800,24952,51.298493,10,10,10,10,404,4,0,4,400,24952,152,0,0,0,0,404,0,0,0,0,89,5888
2166,W3,1,1,0,0,0,0,0,0,0,0,0,400,400,400,0,0,0,0,400,400,400,100.000000,12800,24952,51.298493,10,10,10,10,404,4,0,4,400,24952,152,0,0,0,0,404,0,0,0,0,91,5888
2167,W3,1,1,0,0,0,0,0,0,0,0,0,400,400,400,0,0,0,0,400,400,400,100.000000,12800,24952,51.298493,10,10,10,10,404,4,0,4,400,24952,152,0,0,0,0,404,0,0,0,0,90,5888
2168,W3,1,1,0,0,0,0,0,0,0,0,0,400,400,400,0,0,0,0,400,400,400,100.000000,12800,24952,51.298493,10,10,10,10,404,4,0,4,400,24952,152,0,0,0,0,404,0,0,0,0,89,5888
2169,W3,1,1,0,0,0,0,0,0,0,0,0,400,400,400,0,0,0,0,400,400,400,100.000000,12800,24952,51.298493,10,10,10,10,404,4,0,4,400,24952,152,0,0,0,0,404,0,0,0,0,88,5888
2170,W3,1,1,0,0,0,0,0,0,0,0,0,400,400,400,0,0,0,0,400,400,400,100.000000,12800,24952,51.298493,10,10,10,10,404,4,0,4,400,24952,152,0,0,0,0,404,0,0,0,0,99,5888
2171,W3,1,1,0,0,0,0,0,0,0,0,0,400,400,400,0,0,0,0,400,400,400,100.000000,12800,24952,51.298493,10,10,10,10,404,4,0,4,400,24952,152,0,0,0,0,404,0,0,0,0,92,5888
2172,W3,1,1,0,0,0,0,0,0,0,0,0,400,400,400,0,0,0,0,400,400,400,100.000000,12800,24952,51.298493,10,10,10,10,404,4,0,4,400,24952,152,0,0,0,0,404,0,0,0,0,88,5888
2173,W3,1,1,0,0,0,0,0,0,0,0,0,400,400,400,0,0,0,0,400,400,400,100.000000,12800,24952,51.298493,10,10,10,10,404,4,0,4,400,24952,152,0,0,0,0,404,0,0,0,0,81,5888
2174,W3,1,1,0,0,0,0,0,0,0,0,0,400,400,400,0,0,0,0,400,400,400,100.000000,12800,24952,51.298493,10,10,10,10,404,4,0,4,400,24952,152,0,0,0,0,404,0,0,0,0,91,5888
2175,W3,1,1,0,0,0,0,0,0,0,0,0,400,400,400,0,0,0,0,400,400,400,100.000000,12800,24952,51.298493,10,10,10,10,404,4,0,4,400,24952,152,0,0,0,0,404,0,0,0,0,96,5888
2176,W3,1,1,0,0,0,0,0,0,0,0,0,400,400,400,0,0,0,0,400,400,400,100.000000,12800,24952,51.298493,10,10,10,10,404,4,0,4,400,24952,152,0,0,0,0,404,0,0,0,0,94,5888
2177,W3,1,1,0,0,0,0,0,0,0,0,0,400,400,400,0,0,0,0,400,400,400,100.000000,12800,24952,51.298493,10,10,10,10,404,4,0,4,400,24952,152,0,0,0,0,404,0,0,0,0,90,5888
2178,W3,1,1,0,0,0,0,0,0,0,0,0,400,400,400,0,0,0,0,400,400,400,100.000000,12800,24952,51.298493,10,10,10,10,404,4,0,4,400,24952,152,0,0,0,0,404,0,0,0,0,93,5888
2179,W3,1,1,0,0,0,0,0,0,0,0,0,400,400,400,0,0,0,0,400,400,400,100.000000,12800,24952,51.298493,10,10,10,10,404,4,0,4,400,24952,152,0,0,0,0,404,0,0,0,0,87,5888
2180,W3,1,1,0,0,0,0,0,0,0,0,0,400,400,400,0,0,0,0,400,400,400,100.000000,12800,24952,51.298493,10,10,10,10,404,4,0,4,400,24952,152,0,0,0,0,404,0,0,0,0,94,5888
2181,W3,1,1,0,0,0,0,0,0,0,0,0,400,400,400,0,0,0,0,400,400,400,100.000000,12800,24952,51.298493,10,10,10,10,404,4,0,4,400,24952,152,0,0,0,0,404,0,0,0,0,90,5888
2182,W3,1,1,0,0,0,0,0,0,0,0,0,400,400,400,0,0,0,0,400,400,400,100.000000,12800,24952,51.298493,10,10,10,10,404,4,0,4,400,24952,152,0,0,0,0,404,0,0,0,0,97,5888
2183,W3,1,1,0,0,0,0,0,0,0,0,0,400,400,400,0,0,0,0,400,400,400,100.000000,12800,24952,51.298493,10,10,10,10,404,4,0,4,400,24952,152,0,0,0,0,404,0,0,0,0,90,5888
2184,W3,1,1,0,0,0,0,0,0,0,0,0,400,400,400,0,0,0,0,400,400,400,100.000000,12800,24952,51.298493,10,10,10,10,404,4,0,4,400,24952,152,0,0,0,0,404,0,0,0,0,101,5888
2185,W3,1,1,0,0,0,0,0,0,0,0,0,400,400,400,0,0,0,0,400,400,400,100.000000,12800,24952,51.298493,10,10,10,10,404,4,0,4,400,24952,152,0,0,0,0,404,0,0,0,0,89,5888
2186,W3,1,1,0,0,0,0,0,0,0,0,0,400,400,400,0,0,0,0,400,400,400,100.000000,12800,24952,51.298493,10,10,10,10,404,4,0,4,400,24952,152,0,0,0,0,404,0,0,0,0,93,5888
2187,W3,1,1,0,0,0,0,0,0,0,0,0,400,400,400,0,0,0,0,400,400,400,100.000000,12800,24952,51.298493,10,10,10,10,404,4,0,4,400,24952,152,0,0,0,0,404,0,0,0,0,94,5888
2188,W3,1,1,0,0,0,0,0,0,0,0,0,400,400,400,0,0,0,0,400,400,400,100.000000,12800,24952,51.298493,10,10,10,10,404,4,0,4,400,24952,152,0,0,0,0,404,0,0,0,0,90,5888
2189,W3,1,1,0,0,0,0,0,0,0,0,0,400,400,400,0,0,0,0,400,400,400,100.000000,12800,24952,51.298493,10,10,10,10,404,4,0,4,400,24952,152,0,0,0,0,404,0,0,0,0,91,5888
2190,W3,1,1,0,0,0,0,0,0,0,0,0,400,400,400,0,0,0,0,400,400,400,100.000000,12800,24952,51.298493,10,10,10,10,404,4,0,4,400,24952,152,0,0,0,0,404,0,0,0,0,93,5888
2191,W3,1,1,0,0,0,0,0,0,0,0,0,400,400,400,0,0,0,0,400,400,400,100.000000,12800,24952,51.298493,10,10,10,10,404,4,0,4,400,24952,152,0,0,0,0,404,0,0,0,0,96,5888
2192,W3,1,1,0,0,0,0,0,0,0,0,0,400,400,400,0,0,0,0,400,400,400,100.000000,12800,24952,51.298493,10,10,10,10,404,4,0,4,400,24952,152,0,0,0,0,404,0,0,0,0,90,5888
2193,W3,1,1,0,0,0,0,0,0,0,0,0,400,400,400,0,0,0,0,400,400,400,100.000000,12800,24952,51.298493,10,10,10,10,404,4,0,4,400,24952,152,0,0,0,0,404,0,0,0,0,94,5888
2194,W3,1,1,0,0,0,0,0,0,0,0,0,400,400,400,0,0,0,0,400,400,400,100.000000,12800,24952,51.298493,10,10,10,10,404,4,0,4,400,24952,152,0,0,0,0,404,0,0,0,0,89,5888
2195,W3,1,1,0,0,0,0,0,0,0,0,0,400,400,400,0,0,0,0,400,400,400,100.000000,12800,24952,51.298493,10,10,10,10,404,4,0,4,400,24952,152,0,0,0,0,404,0,0,0,0,92,5888
2196,W3,1,1,0,0,0,0,0,0,0,0,0,400,400,400,0,0,0,0,400,400,400,100.000000,12800,24952,51.298493,10,10,10,10,404,4,0,4,400,24952,152,0,0,0,0,404,0,0,0,0,91,5888
2197,W3,1,1,0,0,0,0,0,0,0,0,0,400,400,400,0,0,0,0,400,400,400,100.000000,12800,24952,51.298493,10,10,10,10,404,4,0,4,400,24952,152,0,0,0,0,404,0,0,0,0,116,5888
2198,W3,1,1,0,0,0,0,0,0,0,0,0,400,400,400,0,0,0,0,400,400,400,100.000000,12800,24952,51.298493,10,10,10,10,404,4,0,4,400,24952,152,0,0,0,0,404,0,0,0,0,99,5888
2199,W3,1,1,0,0,0,0,0,0,0,0,0,400,400,400,0,0,0,0,400,400,400,100.000000,12800,24952,51.298493,10,10,10,10,404,4,0,4,400,24952,152,0,0,0,0,404,0,0,0,0,86,5888
2200,W3,1,1,0,0,0,0,0,0,0,0,0,400,400,400,0,0,0,0,400,400,400,100.000000,12800,24952,51.298493,10,10,10,10,404,4,0,4,400,24952,152,0,0,0,0,404,0,0,0,0,106,5888
2201,W3,1,1,0,0,0,0,0,0,0,0,0,400,400,400,0,0,0,0,400,400,400,100.000000,12800,24952,51.298493,10,10,10,10,404,4,0,4,400,24952,152,0,0,0,0,404,0,0,0,0,94,5888
2202,W3,1,1,0,0,0,0,0,0,0,0,0,400,400,400,0,0,0,0,400,400,400,100.000000,12800,24952,51.298493,10,10,10,10,404,4,0,4,400,24952,152,0,0,0,0,404,0,0,0,0,92,5888
2203,W3,1,1,0,0,0,0,0,0,0,0,0,400,400,400,0,0,0,0,400,400,400,100.000000,12800,24952,51.298493,10,10,10,10,404,4,0,4,400,24952,152,0,0,0,0,404,0,0,0,0,88,5888
2204,W3,1,1,0,0,0,0,0,0,0,0,0,400,400,400,0,0,0,0,400,400,400,100.000000,12800,24952,51.298493,10,10,10,10,404,4,0,4,400,24952,152,0,0,0,0,404,0,0,0,0,90,5888
2205,W3,1,1,0,0,0,0,0,0,0,0,0,400,400,400,0,0,0,0,400,400,400,100.000000,12800,24952,51.298493,10,10,10,10,404,4,0,4,400,24952,152,0,0,0,0,404,0,0,0,0,109,5888
2206,W3,1,1,0,0,0,0,0,0,0,0,0,400,400,400,0,0,0,0,400,400,400,100.000000,12800,24952,51.298493,10,10,10,10,404,4,0,4,400,24952,152,0,0,0,0,404,0,0,0,0,124,5888
2207,W3,1,1,0,0,0,0,0,0,0,0,0,400,400,400,0,0,0,0,400,400,400,100.000000,12800,24952,51.298493,10,10,10,10,404,4,0,4,400,24952,152,0,0,0,0,404,0,0,0,0,100,5888
2208,W3,1,1,0,0,0,0,0,0,0,0,0,400,400,400,0,0,0,0,400,400,400,100.000000,12800,24952,51.298493,10,10,10,10,404,4,0,4,400,24952,152,0,0,0,0,404,0,0,0,0,95,5888
2209,W3,1,1,0,0,0,0,0,0,0,0,0,400,400,400,0,0,0,0,400,400,400,100.000000,12800,24952,51.298493,10,10,10,10,404,4,0,4,400,24952,152,0,0,0,0,404,0,0,0,0,93,5888
2210,W3,1,1,0,0,0,0,0,0,0,0,0,400,400,400,0,0,0,0,400,400,400,100.000000,12800,24952,51.298493,10,10,10,10,404,4,0,4,400,24952,152,0,0,0,0,404,0,0,0,0,139,5888
2211,W3,1,1,0,0,0,0,0,0,0,0,0,400,400,400,0,0,0,0,400,400,400,100.000000,12800,24952,51.298493,10,10,10,10,404,4,0,4,400,24952,152,0,0,0,0,404,0,0,0,0,87,5888
2212,W3,1,1,0,0,0,0,0,0,0,0,0,400,400,400,0,0,0,0,400,400,400,100.000000,12800,24952,51.298493,10,10,10,10,404,4,0,4,400,24952,152,0,0,0,0,404,0,0,0,0,86,5888
2213,W3,1,1,0,0,0,0,0,0,0,0,0,400,400,400,0,0,0,0,400,400,400,100.000000,12800,24952,51.298493,10,10,10,10,404,4,0,4,400,24952,152,0,0,0,0,404,0,0,0,0,86,5888
2214,W3,1,1,0,0,0,0,0,0,0,0,0,400,400,400,0,0,0,0,400,400,400,100.000000,12800,24952,51.298493,10,10,10,10,404,4,0,4,400,24952,152,0,0,0,0,404,0,0,0,0,94,5888
2215,W3,1,1,0,0,0,0,0,0,0,0,0,400,400,400,0,0,0,0,400,400,400,100.000000,12800,24952,51.298493,10,10,10,10,404,4,0,4,400,24952,152,0,0,0,0,404,0,0,0,0,84,5888
2216,W3,1,1,0,0,0,0,0,0,0,0,0,400,400,400,0,0,0,0,400,400,400,100.000000,12800,24952,51.298493,10,10,10,10,404,4,0,4,400,24952,152,0,0,0,0,404,0,0,0,0,93,5888
2217,W3,1,1,0,0,0,0,0,0,0,0,0,400,400,400,0,0,0,0,400,400,400,100.000000,12800,24952,51.298493,10,10,10,10,404,4,0,4,400,24952,152,0,0,0,0,404,0,0,0,0,90,5888
2218,W3,1,1,0,0,0,0,0,0,0,0,0,400,400,400,0,0,0,0,400,400,400,100.000000,12800,24952,51.298493,10,10,10,10,404,4,0,4,400,24952,152,0,0,0,0,404,0,0,0,0,94,5888
2219,W3,1,1,0,0,0,0,0,0,0,0,0,400,400,400,0,0,0,0,400,400,400,100.000000,12800,24952,51.298493,10,10,10,10,404,4,0,4,400,24952,152,0,0,0,0,404,0,0,0,0,100,5888
2220,W3,1,1,0,0,0,0,0,0,0,0,0,400,400,400,0,0,0,0,400,400,400,100.000000,12800,24952,51.298493,10,10,10,10,404,4,0,4,400,24952,152,0,0,0,0,404,0,0,0,0,88,5888
2221,W3,1,1,0,0,0,0,0,0,0,0,0,400,400,400,0,0,0,0,400,400,400,100.000000,12800,24952,51.298493,10,10,10,10,404,4,0,4,400,24952,152,0,0,0,0,404,0,0,0,0,85,5888
2222,W3,1,1,0,0,0,0,0,0,0,0,0,400,400,400,0,0,0,0,400,400,400,100.000000,12800,24952,51.298493,10,10,10,10,404,4,0,4,400,24952,152,0,0,0,0,404,0,0,0,0,88,5888
2223,W3,1,1,0,0,0,0,0,0,0,0,0,400,400,400,0,0,0,0,400,400,400,100.000000,12800,24952,51.298493,10,10,10,10,404,4,0,4,400,24952,152,0,0,0,0,404,0,0,0,0,107,5888
2224,W3,1,1,0,0,0,0,0,0,0,0,0,400,400,400,0,0,0,0,400,400,400,100.000000,12800,24952,51.298493,10,10,10,10,404,4,0,4,400,24952,152,0,0,0,0,404,0,0,0,0,93,5888
2225,W3,1,1,0,0,0,0,0,0,0,0,0,400,400,400,0,0,0,0,400,400,400,100.000000,12800,24952,51.298493,10,10,10,10,404,4,0,4,400,24952,152,0,0,0,0,404,0,0,0,0,92,5888
2226,W3,1,1,0,0,0,0,0,0,0,0,0,400,400,400,0,0,0,0,400,400,400,100.000000,12800,24952,51.298493,10,10,10,10,404,4,0,4,400,24952,152,0,0,0,0,404,0,0,0,0,112,5888
2227,W3,1,1,0,0,0,0,0,0,0,0,0,400,400,400,0,0,0,0,400,400,400,100.000000,12800,24952,51.298493,10,10,10,10,404,4,0,4,400,24952,152,0,0,0,0,404,0,0,0,0,84,5888
2228,W3,1,1,0,0,0,0,0,0,0,0,0,400,400,400,0,0,0,0,400,400,400,100.000000,12800,24952,51.298493,10,10,10,10,404,4,0,4,400,24952,152,0,0,0,0,404,0,0,0,0,92,5888
2229,W3,1,1,0,0,0,0,0,0,0,0,0,400,400,400,0,0,0,0,400,400,400,100.000000,12800,24952,51.298493,10,10,10,10,404,4,0,4,400,24952,152,0,0,0,0,404,0,0,0,0,89,5888
2230,W3,1,1,0,0,0,0,0,0,0,0,0,400,400,400,0,0,0,0,400,400,400,100.000000,12800,24952,51.298493,10,10,10,10,404,4,0,4,400,24952,152,0,0,0,0,404,0,0,0,0,99,5888
2231,W3,1,1,0,0,0,0,0,0,0,0,0,400,400,400,0,0,0,0,400,400,400,100.000000,12800,24952,51.298493,10,10,10,10,404,4,0,4,400,24952,152,0,0,0,0,404,0,0,0,0,100,5888
2232,W3,1,1,0,0,0,0,0,0,0,0,0,400,400,400,0,0,0,0,400,400,400,100.000000,12800,24952,51.298493,10,10,10,10,404,4,0,4,400,24952,152,0,0,0,0,404,0,0,0,0,90,5888
2233,W3,1,1,0,0,0,0,0,0,0,0,0,400,400,400,0,0,0,0,400,400,400,100.000000,12800,24952,51.298493,10,10,10,10,404,4,0,4,400,24952,152,0,0,0,0,404,0,0,0,0,95,5888
2234,W3,1,1,0,0,0,0,0,0,0,0,0,400,400,400,0,0,0,0,400,400,400,100.000000,12800,24952,51.298493,10,10,10,10,404,4,0,4,400,24952,152,0,0,0,0,404,0,0,0,0,97,5888
2235,W3,1,1,0,0,0,0,0,0,0,0,0,400,400,400,0,0,0,0,400,400,400,100.000000,12800,24952,51.298493,10,10,10,10,404,4,0,4,400,24952,152,0,0,0,0,404,0,0,0,0,92,5888
2236,W3,1,1,0,0,0,0,0,0,0,0,0,400,400,400,0,0,0,0,400,400,400,100.000000,12800,24952,51.298493,10,10,10,10,404,4,0,4,400,24952,152,0,0,0,0,404,0,0,0,0,90,5888
2237,W3,1,1,0,0,0,0,0,0,0,0,0,400,400,400,0,0,0,0,400,400,400,100.000000,12800,24952,51.298493,10,10,10,10,404,4,0,4,400,24952,152,0,0,0,0,404,0,0,0,0,84,5888
2238,W3,1,1,0,0,0,0,0,0,0,0,0,400,400,400,0,0,0,0,400,400,400,100.000000,12800,24952,51.298493,10,10,10,10,404,4,0,4,400,24952,152,0,0,0,0,404,0,0,0,0,89,5888
2239,W3,1,1,0,0,0,0,0,0,0,0,0,400,400,400,0,0,0,0,400,400,400,100.000000,12800,24952,51.298493,10,10,10,10,404,4,0,4,400,24952,152,0,0,0,0,404,0,0,0,0,118,5888
2240,W3,1,1,0,0,0,0,0,0,0,0,0,400,400,400,0,0,0,0,400,400,400,100.000000,12800,24952,51.298493,10,10,10,10,404,4,0,4,400,24952,152,0,0,0,0,404,0,0,0,0,97,5888
2241,W3,1,1,0,0,0,0,0,0,0,0,0,400,400,400,0,0,0,0,400,400,400,100.000000,12800,24952,51.298493,10,10,10,10,404,4,0,4,400,24952,152,0,0,0,0,404,0,0,0,0,88,5888
2242,W3,1,1,0,0,0,0,0,0,0,0,0,400,400,400,0,0,0,0,400,400,400,100.000000,12800,24952,51.298493,10,10,10,10,404,4,0,4,400,24952,152,0,0,0,0,404,0,0,0,0,96,5888
2243,W3,1,1,0,0,0,0,0,0,0,0,0,400,400,400,0,0,0,0,400,400,400,100.000000,12800,24952,51.298493,10,10,10,10,404,4,0,4,400,24952,152,0,0,0,0,404,0,0,0,0,83,5888
2244,W3,1,1,0,0,0,0,0,0,0,0,0,400,400,400,0,0,0,0,400,400,400,100.000000,12800,24952,51.298493,10,10,10,10,404,4,0,4,400,24952,152,0,0,0,0,404,0,0,0,0,87,5888
2245,W3,1,1,0,0,0,0,0,0,0,0,0,400,400,400,0,0,0,0,400,400,400,100.000000,12800,24952,51.298493,10,10,10,10,404,4,0,4,400,24952,152,0,0,0,0,404,0,0,0,0,87,5888
2246,W3,1,1,0,0,0,0,0,0,0,0,0,400,400,400,0,0,0,0,400,400,400,100.000000,12800,24952,51.298493,10,10,10,10,404,4,0,4,400,24952,152,0,0,0,0,404,0,0,0,0,94,5888
2247,W3,1,1,0,0,0,0,0,0,0,0,0,400,400,400,0,0,0,0,400,400,400,100.000000,12800,24952,51.298493,10,10,10,10,404,4,0,4,400,24952,152,0,0,0,0,404,0,0,0,0,114,5888
2248,W3,1,1,0,0,0,0,0,0,0,0,0,400,400,400,0,0,0,0,400,400,400,100.000000,12800,24952,51.298493,10,10,10,10,404,4,0,4,400,24952,152,0,0,0,0,404,0,0,0,0,113,5888
2249,W3,1,1,0,0,0,0,0,0,0,0,0,400,400,400,0,0,0,0,400,400,400,100.000000,12800,24952,51.298493,10,10,10,10,404,4,0,4,400,24952,152,0,0,0,0,404,0,0,0,0,89,5888
2250,W3,1,1,0,0,0,0,0,0,0,0,0,400,400,400,0,0,0,0,400,400,400,100.000000,12800,24952,51.298493,10,10,10,10,404,4,0,4,400,24952,152,0,0,0,0,404,0,0,0,0,123,5888
2251,W3,1,1,0,0,0,0,0,0,0,0,0,400,400,400,0,0,0,0,400,400,400,100.000000,12800,24952,51.298493,10,10,10,10,404,4,0,4,400,24952,152,0,0,0,0,404,0,0,0,0,91,5888
2252,W3,1,1,0,0,0,0,0,0,0,0,0,400,400,400,0,0,0,0,400,400,400,100.000000,12800,24952,51.298493,10,10,10,10,404,4,0,4,400,24952,152,0,0,0,0,404,0,0,0,0,84,5888
2253,W3,1,1,0,0,0,0,0,0,0,0,0,400,400,400,0,0,0,0,400,400,400,100.000000,12800,24952,51.298493,10,10,10,10,404,4,0,4,400,24952,152,0,0,0,0,404,0,0,0,0,99,5888
2254,W3,1,1,0,0,0,0,0,0,0,0,0,400,400,400,0,0,0,0,400,400,400,100.000000,12800,24952,51.298493,10,10,10,10,404,4,0,4,400,24952,152,0,0,0,0,404,0,0,0,0,94,5888
2255,W3,1,1,0,0,0,0,0,0,0,0,0,400,400,400,0,0,0,0,400,400,400,100.000000,12800,24952,51.298493,10,10,10,10,404,4,0,4,400,24952,152,0,0,0,0,404,0,0,0,0,122,5888
2256,W3,1,1,0,0,0,0,0,0,0,0,0,400,400,400,0,0,0,0,400,400,400,100.000000,12800,24952,51.298493,10,10,10,10,404,4,0,4,400,24952,152,0,0,0,0,404,0,0,0,0,85,5888
2257,W3,1,1,0,0,0,0,0,0,0,0,0,400,400,400,0,0,0,0,400,400,400,100.000000,12800,24952,51.298493,10,10,10,10,404,4,0,4,400,24952,152,0,0,0,0,404,0,0,0,0,90,5888
2258,W3,1,1,0,0,0,0,0,0,0,0,0,400,400,400,0,0,0,0,400,400,400,100.000000,12800,24952,51.298493,10,10,10,10,404,4,0,4,400,24952,152,0,0,0,0,404,0,0,0,0,88,5888
2259,W3,1,1,0,0,0,0,0,0,0,0,0,400,400,400,0,0,0,0,400,400,400,100.000000,12800,24952,51.298493,10,10,10,10,404,4,0,4,400,24952,152,0,0,0,0,404,0,0,0,0,90,5888
2260,W3,1,1,0,0,0,0,0,0,0,0,0,400,400,400,0,0,0,0,400,400,400,100.000000,12800,24952,51.298493,10,10,10,10,404,4,0,4,400,24952,152,0,0,0,0,404,0,0,0,0,97,5888
2261,W3,1,1,0,0,0,0,0,0,0,0,0,400,400,400,0,0,0,0,400,400,400,100.000000,12800,24952,51.298493,10,10,10,10,404,4,0,4,400,24952,152,0,0,0,0,404,0,0,0,0,94,5888
2262,W3,1,1,0,0,0,0,0,0,0,0,0,400,400,400,0,0,0,0,400,400,400,100.000000,12800,24952,51.298493,10,10,10,10,404,4,0,4,400,24952,152,0,0,0,0,404,0,0,0,0,98,5888
2263,W3,1,1,0,0,0,0,0,0,0,0,0,400,400,400,0,0,0,0,400,400,400,100.000000,12800,24952,51.298493,10,10,10,10,404,4,0,4,400,24952,152,0,0,0,0,404,0,0,0,0,98,5888
2264,W3,1,1,0,0,0,0,0,0,0,0,0,400,400,400,0,0,0,0,400,400,400,100.000000,12800,24952,51.298493,10,10,10,10,404,4,0,4,400,24952,152,0,0,0,0,404,0,0,0,0,100,5888
2265,W3,1,1,0,0,0,0,0,0,0,0,0,400,400,400,0,0,0,0,400,400,400,100.000000,12800,24952,51.298493,10,10,10,10,404,4,0,4,400,24952,152,0,0,0,0,404,0,0,0,0,92,5888
2266,W3,1,1,0,0,0,0,0,0,0,0,0,400,400,400,0,0,0,0,400,400,400,100.000000,12800,24952,51.298493,10,10,10,10,404,4,0,4,400,24952,152,0,0,0,0,404,0,0,0,0,116,5888
2267,W3,1,1,0,0,0,0,0,0,0,0,0,400,400,400,0,0,0,0,400,400,400,100.000000,12800,24952,51.298493,10,10,10,10,404,4,0,4,400,24952,152,0,0,0,0,404,0,0,0,0,89,5888
2268,W3,1,1,0,0,0,0,0,0,0,0,0,400,400,400,0,0,0,0,400,400,400,100.000000,12800,24952,51.298493,10,10,10,10,404,4,0,4,400,24952,152,0,0,0,0,404,0,0,0,0,94,5888
2269,W3,1,1,0,0,0,0,0,0,0,0,0,400,400,400,0,0,0,0,400,400,400,100.000000,12800,24952,51.298493,10,10,10,10,404,4,0,4,400,24952,152,0,0,0,0,404,0,0,0,0,91,5888
2270,W3,1,1,0,0,0,0,0,0,0,0,0,400,400,400,0,0,0,0,400,400,400,100.000000,12800,24952,51.298493,10,10,10,10,404,4,0,4,400,24952,152,0,0,0,0,404,0,0,0,0,90,5888
2271,W3,1,1,0,0,0,0,0,0,0,0,0,400,400,400,0,0,0,0,400,400,400,100.000000,12800,24952,51.298493,10,10,10,10,404,4,0,4,400,24952,152,0,0,0,0,404,0,0,0,0,94,5888
2272,W3,1,1,0,0,0,0,0,0,0,0,0,400,400,400,0,0,0,0,400,400,400,100.000000,12800,24952,51.298493,10,10,10,10,404,4,0,4,400,24952,152,0,0,0,0,404,0,0,0,0,89,5888
2273,W3,1,1,0,0,0,0,0,0,0,0,0,400,400,400,0,0,0,0,400,400,400,100.000000,12800,24952,51.298493,10,10,10,10,404,4,0,4,400,24952,152,0,0,0,0,404,0,0,0,0,97,5888
2274,W3,1,1,0,0,0,0,0,0,0,0,0,400,400,400,0,0,0,0,400,400,400,100.000000,12800,24952,51.298493,10,10,10,10,404,4,0,4,400,24952,152,0,0,0,0,404,0,0,0,0,90,5888
2275,W3,1,1,0,0,0,0,0,0,0,0,0,400,400,400,0,0,0,0,400,400,400,100.000000,12800,24952,51.298493,10,10,10,10,404,4,0,4,400,24952,152,0,0,0,0,404,0,0,0,0,105,5888
2276,W3,1,1,0,0,0,0,0,0,0,0,0,400,400,400,0,0,0,0,400,400,400,100.000000,12800,24952,51.298493,10,10,10,10,404,4,0,4,400,24952,152,0,0,0,0,404,0,0,0,0,95,5888
2277,W3,1,1,0,0,0,0,0,0,0,0,0,400,400,400,0,0,0,0,400,400,400,100.000000,12800,24952,51.298493,10,10,10,10,404,4,0,4,400,24952,152,0,0,0,0,404,0,0,0,0,89,5888
2278,W3,1,1,0,0,0,0,0,0,0,0,0,400,400,400,0,0,0,0,400,400,400,100.000000,12800,24952,51.298493,10,10,10,10,404,4,0,4,400,24952,152,0,0,0,0,404,0,0,0,0,98,5888
2279,W3,1,1,0,0,0,0,0,0,0,0,0,400,400,400,0,0,0,0,400,400,400,100.000000,12800,24952,51.298493,10,10,10,10,404,4,0,4,400,24952,152,0,0,0,0,404,0,0,0,0,95,5888
2280,W3,1,1,0,0,0,0,0,0,0,0,0,400,400,400,0,0,0,0,400,400,400,100.000000,12800,24952,51.298493,10,10,10,10,404,4,0,4,400,24952,152,0,0,0,0,404,0,0,0,0,109,5888
2281,W3,1,1,0,0,0,0,0,0,0,0,0,400,400,400,0,0,0,0,400,400,400,100.000000,12800,24952,51.298493,10,10,10,10,404,4,0,4,400,24952,152,0,0,0,0,404,0,0,0,0,95,5888
2282,W3,1,1,0,0,0,0,0,0,0,0,0,400,400,400,0,0,0,0,400,400,400,100.000000,12800,24952,51.298493,10,10,10,10,404,4,0,4,400,24952,152,0,0,0,0,404,0,0,0,0,99,5888
2283,W3,1,1,0,0,0,0,0,0,0,0,0,400,400,400,0,0,0,0,400,400,400,100.000000,12800,24952,51.298493,10,10,10,10,404,4,0,4,400,24952,152,0,0,0,0,404,0,0,0,0,97,5888
2284,W3,1,1,0,0,0,0,0,0,0,0,0,400,400,400,0,0,0,0,400,400,400,100.000000,12800,24952,51.298493,10,10,10,10,404,4,0,4,400,24952,152,0,0,0,0,404,0,0,0,0,107,5888
2285,W3,1,1,0,0,0,0,0,0,0,0,0,400,400,400,0,0,0,0,400,400,400,100.000000,12800,24952,51.298493,10,10,10,10,404,4,0,4,400,24952,152,0,0,0,0,404,0,0,0,0,89,5888
2286,W3,1,1,0,0,0,0,0,0,0,0,0,400,400,400,0,0,0,0,400,400,400,100.000000,12800,24952,51.298493,10,10,10,10,404,4,0,4,400,24952,152,0,0,0,0,404,0,0,0,0,92,5888
2287,W3,1,1,0,0,0,0,0,0,0,0,0,400,400,400,0,0,0,0,400,400,400,100.000000,12800,24952,51.298493,10,10,10,10,404,4,0,4,400,24952,152,0,0,0,0,404,0,0,0,0,102,5888
2288,W3,1,1,0,0,0,0,0,0,0,0,0,400,400,400,0,0,0,0,400,400,400,100.000000,12800,24952,51.298493,10,10,10,10,404,4,0,4,400,24952,152,0,0,0,0,404,0,0,0,0,96,5888
2289,W3,1,1,0,0,0,0,0,0,0,0,0,400,400,400,0,0,0,0,400,400,400,100.000000,12800,24952,51.298493,10,10,10,10,404,4,0,4,400,24952,152,0,0,0,0,404,0,0,0,0,97,5888
2290,W3,1,1,0,0,0,0,0,0,0,0,0,400,400,400,0,0,0,0,400,400,400,100.000000,12800,24952,51.298493,10,10,10,10,404,4,0,4,400,24952,152,0,0,0,0,404,0,0,0,0,89,5888
2291,W3,1,1,0,0,0,0,0,0,0,0,0,400,400,400,0,0,0,0,400,400,400,100.000000,12800,24952,51.298493,10,10,10,10,404,4,0,4,400,24952,152,0,0,0,0,404,0,0,0,0,95,5888
2292,W3,1,1,0,0,0,0,0,0,0,0,0,400,400,400,0,0,0,0,400,400,400,100.000000,12800,24952,51.298493,10,10,10,10,404,4,0,4,400,24952,152,0,0,0,0,404,0,0,0,0,94,5888
2293,W3,1,1,0,0,0,0,0,0,0,0,0,400,400,400,0,0,0,0,400,400,400,100.000000,12800,24952,51.298493,10,10,10,10,404,4,0,4,400,24952,152,0,0,0,0,404,0,0,0,0,89,5888
2294,W3,1,1,0,0,0,0,0,0,0,0,0,400,400,400,0,0,0,0,400,400,400,100.000000,12800,24952,51.298493,10,10,10,10,404,4,0,4,400,24952,152,0,0,0,0,404,0,0,0,0,101,5888
2295,W3,1,1,0,0,0,0,0,0,0,0,0,400,400,400,0,0,0,0,400,400,400,100.000000,12800,24952,51.298493,10,10,10,10,404,4,0,4,400,24952,152,0,0,0,0,404,0,0,0,0,85,5888
2296,W3,1,1,0,0,0,0,0,0,0,0,0,400,400,400,0,0,0,0,400,400,400,100.000000,12800,24952,51.298493,10,10,10,10,404,4,0,4,400,24952,152,0,0,0,0,404,0,0,0,0,94,5888
2297,W3,1,1,0,0,0,0,0,0,0,0,0,400,400,400,0,0,0,0,400,400,400,100.000000,12800,24952,51.298493,10,10,10,10,404,4,0,4,400,24952,152,0,0,0,0,404,0,0,0,0,91,5888
2298,W3,1,1,0,0,0,0,0,0,0,0,0,400,400,400,0,0,0,0,400,400,400,100.000000,12800,24952,51.298493,10,10,10,10,404,4,0,4,400,24952,152,0,0,0,0,404,0,0,0,0,99,5888
2299,W3,1,1,0,0,0,0,0,0,0,0,0,400,400,400,0,0,0,0,400,400,400,100.000000,12800,24952,51.298493,10,10,10,10,404,4,0,4,400,24952,152,0,0,0,0,404,0,0,0,0,90,5888
2300,W3,1,1,0,0,0,0,0,0,0,0,0,400,400,400,0,0,0,0,400,400,400,100.000000,12800,24952,51.298493,10,10,10,10,404,4,0,4,400,24952,152,0,0,0,0,404,0,0,0,0,93,5888
2301,W3,1,1,0,0,0,0,0,0,0,0,0,400,400,400,0,0,0,0,400,400,400,100.000000,12800,24952,51.298493,10,10,10,10,404,4,0,4,400,24952,152,0,0,0,0,404,0,0,0,0,95,5888
2302,W3,1,1,0,0,0,0,0,0,0,0,0,400,400,400,0,0,0,0,400,400,400,100.000000,12800,24952,51.298493,10,10,10,10,404,4,0,4,400,24952,152,0,0,0,0,404,0,0,0,0,86,5888
2303,W3,1,1,0,0,0,0,0,0,0,0,0,400,400,400,0,0,0,0,400,400,400,100.000000,12800,24952,51.298493,10,10,10,10,404,4,0,4,400,24952,152,0,0,0,0,404,0,0,0,0,97,5888
2304,W3,1,1,0,0,0,0,0,0,0,0,0,400,400,400,0,0,0,0,400,400,400,100.000000,12800,24952,51.298493,10,10,10,10,404,4,0,4,400,24952,152,0,0,0,0,404,0,0,0,0,118,5888
2305,W3,1,1,0,0,0,0,0,0,0,0,0,400,400,400,0,0,0,0,400,400,400,100.000000,12800,24952,51.298493,10,10,10,10,404,4,0,4,400,24952,152,0,0,0,0,404,0,0,0,0,87,5888
2306,W3,1,1,0,0,0,0,0,0,0,0,0,400,400,400,0,0,0,0,400,400,400,100.000000,12800,24952,51.298493,10,10,10,10,404,4,0,4,400,24952,152,0,0,0,0,404,0,0,0,0,100,5888
2307,W3,1,1,0,0,0,0,0,0,0,0,0,400,400,400,0,0,0,0,400,400,400,100.000000,12800,24952,51.298493,10,10,10,10,404,4,0,4,400,24952,152,0,0,0,0,404,0,0,0,0,90,5888
2308,W3,1,1,0,0,0,0,0,0,0,0,0,400,400,400,0,0,0,0,400,400,400,100.000000,12800,24952,51.298493,10,10,10,10,404,4,0,4,400,24952,152,0,0,0,0,404,0,0,0,0,87,5888
2309,W3,1,1,0,0,0,0,0,0,0,0,0,400,400,400,0,0,0,0,400,400,400,100.000000,12800,24952,51.298493,10,10,10,10,404,4,0,4,400,24952,152,0,0,0,0,404,0,0,0,0,86,5888
2310,W3,1,1,0,0,0,0,0,0,0,0,0,400,400,400,0,0,0,0,400,400,400,100.000000,12800,24952,51.298493,10,10,10,10,404,4,0,4,400,24952,152,0,0,0,0,404,0,0,0,0,90,5888
2311,W3,1,1,0,0,0,0,0,0,0,0,0,400,400,400,0,0,0,0,400,400,400,100.000000,12800,24952,51.298493,10,10,10,10,404,4,0,4,400,24952,152,0,0,0,0,404,0,0,0,0,92,5888
2312,W3,1,1,0,0,0,0,0,0,0,0,0,400,400,400,0,0,0,0,400,400,400,100.000000,12800,24952,51.298493,10,10,10,10,404,4,0,4,400,24952,152,0,0,0,0,404,0,0,0,0,98,5888
2313,W3,1,1,0,0,0,0,0,0,0,0,0,400,400,400,0,0,0,0,400,400,400,100.000000,12800,24952,51.298493,10,10,10,10,404,4,0,4,400,24952,152,0,0,0,0,404,0,0,0,0,105,5888
2314,W3,1,1,0,0,0,0,0,0,0,0,0,400,400,400,0,0,0,0,400,400,400,100.000000,12800,24952,51.298493,10,10,10,10,404,4,0,4,400,24952,152,0,0,0,0,404,0,0,0,0,86,5888
2315,W3,1,1,0,0,0,0,0,0,0,0,0,400,400,400,0,0,0,0,400,400,400,100.000000,12800,24952,51.298493,10,10,10,10,404,4,0,4,400,24952,152,0,0,0,0,404,0,0,0,0,105,5888
2316,W3,1,1,0,0,0,0,0,0,0,0,0,400,400,400,0,0,0,0,400,400,400,100.000000,12800,24952,51.298493,10,10,10,10,404,4,0,4,400,24952,152,0,0,0,0,404,0,0,0,0,86,5888
2317,W3,1,1,0,0,0,0,0,0,0,0,0,400,400,400,0,0,0,0,400,400,400,100.000000,12800,24952,51.298493,10,10,10,10,404,4,0,4,400,24952,152,0,0,0,0,404,0,0,0,0,89,5888
2318,W3,1,1,0,0,0,0,0,0,0,0,0,400,400,400,0,0,0,0,400,400,400,100.000000,12800,24952,51.298493,10,10,10,10,404,4,0,4,400,24952,152,0,0,0,0,404,0,0,0,0,88,5888
2319,W3,1,1,0,0,0,0,0,0,0,0,0,400,400,400,0,0,0,0,400,400,400,100.000000,12800,24952,51.298493,10,10,10,10,404,4,0,4,400,24952,152,0,0,0,0,404,0,0,0,0,95,5888
2320,W3,1,1,0,0,0,0,0,0,0,0,0,400,400,400,0,0,0,0,400,400,400,100.000000,12800,24952,51.298493,10,10,10,10,404,4,0,4,400,24952,152,0,0,0,0,404,0,0,0,0,90,5888
2321,W3,1,1,0,0,0,0,0,0,0,0,0,400,400,400,0,0,0,0,400,400,400,100.000000,12800,24952,51.298493,10,10,10,10,404,4,0,4,400,24952,152,0,0,0,0,404,0,0,0,0,96,5888
2322,W3,1,1,0,0,0,0,0,0,0,0,0,400,400,400,0,0,0,0,400,400,400,100.000000,12800,24952,51.298493,10,10,10,10,404,4,0,4,400,24952,152,0,0,0,0,404,0,0,0,0,92,5888
2323,W3,1,1,0,0,0,0,0,0,0,0,0,400,400,400,0,0,0,0,400,400,400,100.000000,12800,24952,51.298493,10,10,10,10,404,4,0,4,400,24952,152,0,0,0,0,404,0,0,0,0,94,5888
2324,W3,1,1,0,0,0,0,0,0,0,0,0,400,400,400,0,0,0,0,400,400,400,100.000000,12800,24952,51.298493,10,10,10,10,404,4,0,4,400,24952,152,0,0,0,0,404,0,0,0,0,89,5888
2325,W3,1,1,0,0,0,0,0,0,0,0,0,400,400,400,0,0,0,0,400,400,400,100.000000,12800,24952,51.298493,10,10,10,10,404,4,0,4,400,24952,152,0,0,0,0,404,0,0,0,0,90,5888
2326,W3,1,1,0,0,0,0,0,0,0,0,0,400,400,400,0,0,0,0,400,400,400,100.000000,12800,24952,51.298493,10,10,10,10,404,4,0,4,400,24952,152,0,0,0,0,404,0,0,0,0,96,5888
2327,W3,1,1,0,0,0,0,0,0,0,0,0,400,400,400,0,0,0,0,400,400,400,100.000000,12800,24952,51.298493,10,10,10,10,404,4,0,4,400,24952,152,0,0,0,0,404,0,0,0,0,88,5888
2328,W3,1,1,0,0,0,0,0,0,0,0,0,400,400,400,0,0,0,0,400,400,400,100.000000,12800,24952,51.298493,10,10,10,10,404,4,0,4,400,24952,152,0,0,0,0,404,0,0,0,0,93,5888
2329,W3,1,1,0,0,0,0,0,0,0,0,0,400,400,400,0,0,0,0,400,400,400,100.000000,12800,24952,51.298493,10,10,10,10,404,4,0,4,400,24952,152,0,0,0,0,404,0,0,0,0,91,5888
2330,W3,1,1,0,0,0,0,0,0,0,0,0,400,400,400,0,0,0,0,400,400,400,100.000000,12800,24952,51.298493,10,10,10,10,404,4,0,4,400,24952,152,0,0,0,0,404,0,0,0,0,90,5888
2331,W3,1,1,0,0,0,0,0,0,0,0,0,400,400,400,0,0,0,0,400,400,400,100.000000,12800,24952,51.298493,10,10,10,10,404,4,0,4,400,24952,152,0,0,0,0,404,0,0,0,0,126,5888
2332,W3,1,1,0,0,0,0,0,0,0,0,0,400,400,400,0,0,0,0,400,400,400,100.000000,12800,24952,51.298493,10,10,10,10,404,4,0,4,400,24952,152,0,0,0,0,404,0,0,0,0,87,5888
2333,W3,1,1,0,0,0,0,0,0,0,0,0,400,400,400,0,0,0,0,400,400,400,100.000000,12800,24952,51.298493,10,10,10,10,404,4,0,4,400,24952,152,0,0,0,0,404,0,0,0,0,92,5888
2334,W3,1,1,0,0,0,0,0,0,0,0,0,400,400,400,0,0,0,0,400,400,400,100.000000,12800,24952,51.298493,10,10,10,10,404,4,0,4,400,24952,152,0,0,0,0,404,0,0,0,0,90,5888
2335,W3,1,1,0,0,0,0,0,0,0,0,0,400,400,400,0,0,0,0,400,400,400,100.000000,12800,24952,51.298493,10,10,10,10,404,4,0,4,400,24952,152,0,0,0,0,404,0,0,0,0,93,5888
2336,W3,1,1,0,0,0,0,0,0,0,0,0,400,400,400,0,0,0,0,400,400,400,100.000000,12800,24952,51.298493,10,10,10,10,404,4,0,4,400,24952,152,0,0,0,0,404,0,0,0,0,115,5888
2337,W3,1,1,0,0,0,0,0,0,0,0,0,400,400,400,0,0,0,0,400,400,400,100.000000,12800,24952,51.298493,10,10,10,10,404,4,0,4,400,24952,152,0,0,0,0,404,0,0,0,0,100,5888
2338,W3,1,1,0,0,0,0,0,0,0,0,0,400,400,400,0,0,0,0,400,400,400,100.000000,12800,24952,51.298493,10,10,10,10,404,4,0,4,400,24952,152,0,0,0,0,404,0,0,0,0,93,5888
2339,W3,1,1,0,0,0,0,0,0,0,0,0,400,400,400,0,0,0,0,400,400,400,100.000000,12800,24952,51.298493,10,10,10,10,404,4,0,4,400,24952,152,0,0,0,0,404,0,0,0,0,86,5888
2340,W3,1,1,0,0,0,0,0,0,0,0,0,400,400,400,0,0,0,0,400,400,400,100.000000,12800,24952,51.298493,10,10,10,10,404,4,0,4,400,24952,152,0,0,0,0,404,0,0,0,0,91,5888
2341,W3,1,1,0,0,0,0,0,0,0,0,0,400,400,400,0,0,0,0,400,400,400,100.000000,12800,24952,51.298493,10,10,10,10,404,4,0,4,400,24952,152,0,0,0,0,404,0,0,0,0,87,5888
2342,W3,1,1,0,0,0,0,0,0,0,0,0,400,400,400,0,0,0,0,400,400,400,100.000000,12800,24952,51.298493,10,10,10,10,404,4,0,4,400,24952,152,0,0,0,0,404,0,0,0,0,86,5888
2343,W3,1,1,0,0,0,0,0,0,0,0,0,400,400,400,0,0,0,0,400,400,400,100.000000,12800,24952,51.298493,10,10,10,10,404,4,0,4,400,24952,152,0,0,0,0,404,0,0,0,0,92,5888
2344,W3,1,1,0,0,0,0,0,0,0,0,0,400,400,400,0,0,0,0,400,400,400,100.000000,12800,24952,51.298493,10,10,10,10,404,4,0,4,400,24952,152,0,0,0,0,404,0,0,0,0,104,5888
2345,W3,1,1,0,0,0,0,0,0,0,0,0,400,400,400,0,0,0,0,400,400,400,100.000000,12800,24952,51.298493,10,10,10,10,404,4,0,4,400,24952,152,0,0,0,0,404,0,0,0,0,97,5888
2346,W3,1,1,0,0,0,0,0,0,0,0,0,400,400,400,0,0,0,0,400,400,400,100.000000,12800,24952,51.298493,10,10,10,10,404,4,0,4,400,24952,152,0,0,0,0,404,0,0,0,0,113,5888
2347,W3,1,1,0,0,0,0,0,0,0,0,0,400,400,400,0,0,0,0,400,400,400,100.000000,12800,24952,51.298493,10,10,10,10,404,4,0,4,400,24952,152,0,0,0,0,404,0,0,0,0,113,5888
2348,W3,1,1,0,0,0,0,0,0,0,0,0,400,400,400,0,0,0,0,400,400,400,100.000000,12800,24952,51.298493,10,10,10,10,404,4,0,4,400,24952,152,0,0,0,0,404,0,0,0,0,91,5888
2349,W3,1,1,0,0,0,0,0,0,0,0,0,400,400,400,0,0,0,0,400,400,400,100.000000,12800,24952,51.298493,10,10,10,10,404,4,0,4,400,24952,152,0,0,0,0,404,0,0,0,0,94,5888
2350,W3,1,1,0,0,0,0,0,0,0,0,0,400,400,400,0,0,0,0,400,400,400,100.000000,12800,24952,51.298493,10,10,10,10,404,4,0,4,400,24952,152,0,0,0,0,404,0,0,0,0,91,5888
2351,W3,1,1,0,0,0,0,0,0,0,0,0,400,400,400,0,0,0,0,400,400,400,100.000000,12800,24952,51.298493,10,10,10,10,404,4,0,4,400,24952,152,0,0,0,0,404,0,0,0,0,98,5888
2352,W3,1,1,0,0,0,0,0,0,0,0,0,400,400,400,0,0,0,0,400,400,400,100.000000,12800,24952,51.298493,10,10,10,10,404,4,0,4,400,24952,152,0,0,0,0,404,0,0,0,0,88,5888
2353,W3,1,1,0,0,0,0,0,0,0,0,0,400,400,400,0,0,0,0,400,400,400,100.000000,12800,24952,51.298493,10,10,10,10,404,4,0,4,400,24952,152,0,0,0,0,404,0,0,0,0,111,5888
2354,W3,1,1,0,0,0,0,0,0,0,0,0,400,400,400,0,0,0,0,400,400,400,100.000000,12800,24952,51.298493,10,10,10,10,404,4,0,4,400,24952,152,0,0,0,0,404,0,0,0,0,97,5888
2355,W3,1,1,0,0,0,0,0,0,0,0,0,400,400,400,0,0,0,0,400,400,400,100.000000,12800,24952,51.298493,10,10,10,10,404,4,0,4,400,24952,152,0,0,0,0,404,0,0,0,0,92,5888
2356,W3,1,1,0,0,0,0,0,0,0,0,0,400,400,400,0,0,0,0,400,400,400,100.000000,12800,24952,51.298493,10,10,10,10,404,4,0,4,400,24952,152,0,0,0,0,404,0,0,0,0,91,5888
2357,W3,1,1,0,0,0,0,0,0,0,0,0,400,400,400,0,0,0,0,400,400,400,100.000000,12800,24952,51.298493,10,10,10,10,404,4,0,4,400,24952,152,0,0,0,0,404,0,0,0,0,100,5888
2358,W3,1,1,0,0,0,0,0,0,0,0,0,400,400,400,0,0,0,0,400,400,400,100.000000,12800,24952,51.298493,10,10,10,10,404,4,0,4,400,24952,152,0,0,0,0,404,0,0,0,0,95,5888
2359,W3,1,1,0,0,0,0,0,0,0,0,0,400,400,400,0,0,0,0,400,400,400,100.000000,12800,24952,51.298493,10,10,10,10,404,4,0,4,400,24952,152,0,0,0,0,404,0,0,0,0,130,5888
2360,W3,1,1,0,0,0,0,0,0,0,0,0,400,400,400,0,0,0,0,400,400,400,100.000000,12800,24952,51.298493,10,10,10,10,404,4,0,4,400,24952,152,0,0,0,0,404,0,0,0,0,93,5888
2361,W3,1,1,0,0,0,0,0,0,0,0,0,400,400,400,0,0,0,0,400,400,400,100.000000,12800,24952,51.298493,10,10,10,10,404,4,0,4,400,24952,152,0,0,0,0,404,0,0,0,0,87,5888
2362,W3,1,1,0,0,0,0,0,0,0,0,0,400,400,400,0,0,0,0,400,400,400,100.000000,12800,24952,51.298493,10,10,10,10,404,4,0,4,400,24952,152,0,0,0,0,404,0,0,0,0,94,5888
2363,W3,1,1,0,0,0,0,0,0,0,0,0,400,400,400,0,0,0,0,400,400,400,100.000000,12800,24952,51.298493,10,10,10,10,404,4,0,4,400,24952,152,0,0,0,0,404,0,0,0,0,91,5888
2364,W3,1,1,0,0,0,0,0,0,0,0,0,400,400,400,0,0,0,0,400,400,400,100.000000,12800,24952,51.298493,10,10,10,10,404,4,0,4,400,24952,152,0,0,0,0,404,0,0,0,0,86,5888
2365,W3,1,1,0,0,0,0,0,0,0,0,0,400,400,400,0,0,0,0,400,400,400,100.000000,12800,24952,51.298493,10,10,10,10,404,4,0,4,400,24952,152,0,0,0,0,404,0,0,0,0,94,5888
2366,W3,1,1,0,0,0,0,0,0,0,0,0,400,400,400,0,0,0,0,400,400,400,100.000000,12800,24952,51.298493,10,10,10,10,404,4,0,4,400,24952,152,0,0,0,0,404,0,0,0,0,94,5888
2367,W3,1,1,0,0,0,0,0,0,0,0,0,400,400,400,0,0,0,0,400,400,400,100.000000,12800,24952,51.298493,10,10,10,10,404,4,0,4,400,24952,152,0,0,0,0,404,0,0,0,0,92,5888
2368,W3,1,1,0,0,0,0,0,0,0,0,0,400,400,400,0,0,0,0,400,400,400,100.000000,12800,24952,51.298493,10,10,10,10,404,4,0,4,400,24952,152,0,0,0,0,404,0,0,0,0,98,5888
2369,W3,1,1,0,0,0,0,0,0,0,0,0,400,400,400,0,0,0,0,400,400,400,100.000000,12800,24952,51.298493,10,10,10,10,404,4,0,4,400,24952,152,0,0,0,0,404,0,0,0,0,91,5888
2370,W3,1,1,0,0,0,0,0,0,0,0,0,400,400,400,0,0,0,0,400,400,400,100.000000,12800,24952,51.298493,10,10,10,10,404,4,0,4,400,24952,152,0,0,0,0,404,0,0,0,0,96,5888
2371,W3,1,1,0,0,0,0,0,0,0,0,0,400,400,400,0,0,0,0,400,400,400,100.000000,12800,24952,51.298493,10,10,10,10,404,4,0,4,400,24952,152,0,0,0,0,404,0,0,0,0,94,5888
2372,W3,1,1,0,0,0,0,0,0,0,0,0,400,400,400,0,0,0,0,400,400,400,100.000000,12800,24952,51.298493,10,10,10,10,404,4,0,4,400,24952,152,0,0,0,0,404,0,0,0,0,86,5888
2373,W3,1,1,0,0,0,0,0,0,0,0,0,400,400,400,0,0,0,0,400,400,400,100.000000,12800,24952,51.298493,10,10,10,10,404,4,0,4,400,24952,152,0,0,0,0,404,0,0,0,0,90,5888
2374,W3,1,1,0,0,0,0,0,0,0,0,0,400,400,400,0,0,0,0,400,400,400,100.000000,12800,24952,51.298493,10,10,10,10,404,4,0,4,400,24952,152,0,0,0,0,404,0,0,0,0,97,5888
2375,W3,1,1,0,0,0,0,0,0,0,0,0,400,400,400,0,0,0,0,400,400,400,100.000000,12800,24952,51.298493,10,10,10,10,404,4,0,4,400,24952,152,0,0,0,0,404,0,0,0,0,89,5888
2376,W3,1,1,0,0,0,0,0,0,0,0,0,400,400,400,0,0,0,0,400,400,400,100.000000,12800,24952,51.298493,10,10,10,10,404,4,0,4,400,24952,152,0,0,0,0,404,0,0,0,0,139,5888
2377,W3,1,1,0,0,0,0,0,0,0,0,0,400,400,400,0,0,0,0,400,400,400,100.000000,12800,24952,51.298493,10,10,10,10,404,4,0,4,400,24952,152,0,0,0,0,404,0,0,0,0,90,5888
2378,W3,1,1,0,0,0,0,0,0,0,0,0,400,400,400,0,0,0,0,400,400,400,100.000000,12800,24952,51.298493,10,10,10,10,404,4,0,4,400,24952,152,0,0,0,0,404,0,0,0,0,97,5888
2379,W3,1,1,0,0,0,0,0,0,0,0,0,400,400,400,0,0,0,0,400,400,400,100.000000,12800,24952,51.298493,10,10,10,10,404,4,0,4,400,24952,152,0,0,0,0,404,0,0,0,0,89,5888
2380,W3,1,1,0,0,0,0,0,0,0,0,0,400,400,400,0,0,0,0,400,400,400,100.000000,12800,24952,51.298493,10,10,10,10,404,4,0,4,400,24952,152,0,0,0,0,404,0,0,0,0,115,5888
2381,W3,1,1,0,0,0,0,0,0,0,0,0,400,400,400,0,0,0,0,400,400,400,100.000000,12800,24952,51.298493,10,10,10,10,404,4,0,4,400,24952,152,0,0,0,0,404,0,0,0,0,84,5888
2382,W3,1,1,0,0,0,0,0,0,0,0,0,400,400,400,0,0,0,0,400,400,400,100.000000,12800,24952,51.298493,10,10,10,10,404,4,0,4,400,24952,152,0,0,0,0,404,0,0,0,0,88,5888
2383,W3,1,1,0,0,0,0,0,0,0,0,0,400,400,400,0,0,0,0,400,400,400,100.000000,12800,24952,51.298493,10,10,10,10,404,4,0,4,400,24952,152,0,0,0,0,404,0,0,0,0,97,5888
2384,W3,1,1,0,0,0,0,0,0,0,0,0,400,400,400,0,0,0,0,400,400,400,100.000000,12800,24952,51.298493,10,10,10,10,404,4,0,4,400,24952,152,0,0,0,0,404,0,0,0,0,89,5888
2385,W3,1,1,0,0,0,0,0,0,0,0,0,400,400,400,0,0,0,0,400,400,400,100.000000,12800,24952,51.298493,10,10,10,10,404,4,0,4,400,24952,152,0,0,0,0,404,0,0,0,0,98,5888
2386,W3,1,1,0,0,0,0,0,0,0,0,0,400,400,400,0,0,0,0,400,400,400,100.000000,12800,24952,51.298493,10,10,10,10,404,4,0,4,400,24952,152,0,0,0,0,404,0,0,0,0,95,5888
2387,W3,1,1,0,0,0,0,0,0,0,0,0,400,400,400,0,0,0,0,400,400,400,100.000000,12800,24952,51.298493,10,10,10,10,404,4,0,4,400,24952,152,0,0,0,0,404,0,0,0,0,96,5888
2388,W3,1,1,0,0,0,0,0,0,0,0,0,400,400,400,0,0,0,0,400,400,400,100.000000,12800,24952,51.298493,10,10,10,10,404,4,0,4,400,24952,152,0,0,0,0,404,0,0,0,0,90,5888
2389,W3,1,1,0,0,0,0,0,0,0,0,0,400,400,400,0,0,0,0,400,400,400,100.000000,12800,24952,51.298493,10,10,10,10,404,4,0,4,400,24952,152,0,0,0,0,404,0,0,0,0,87,5888
2390,W3,1,1,0,0,0,0,0,0,0,0,0,400,400,400,0,0,0,0,400,400,400,100.000000,12800,24952,51.298493,10,10,10,10,404,4,0,4,400,24952,152,0,0,0,0,404,0,0,0,0,98,5888
2391,W3,1,1,0,0,0,0,0,0,0,0,0,400,400,400,0,0,0,0,400,400,400,100.000000,12800,24952,51.298493,10,10,10,10,404,4,0,4,400,24952,152,0,0,0,0,404,0,0,0,0,88,5888
2392,W3,1,1,0,0,0,0,0,0,0,0,0,400,400,400,0,0,0,0,400,400,400,100.000000,12800,24952,51.298493,10,10,10,10,404,4,0,4,400,24952,152,0,0,0,0,404,0,0,0,0,96,5888
2393,W3,1,1,0,0,0,0,0,0,0,0,0,400,400,400,0,0,0,0,400,400,400,100.000000,12800,24952,51.298493,10,10,10,10,404,4,0,4,400,24952,152,0,0,0,0,404,0,0,0,0,89,5888
2394,W3,1,1,0,0,0,0,0,0,0,0,0,400,400,400,0,0,0,0,400,400,400,100.000000,12800,24952,51.298493,10,10,10,10,404,4,0,4,400,24952,152,0,0,0,0,404,0,0,0,0,92,5888
2395,W3,1,1,0,0,0,0,0,0,0,0,0,400,400,400,0,0,0,0,400,400,400,100.000000,12800,24952,51.298493,10,10,10,10,404,4,0,4,400,24952,152,0,0,0,0,404,0,0,0,0,93,5888
2396,W3,1,1,0,0,0,0,0,0,0,0,0,400,400,400,0,0,0,0,400,400,400,100.000000,12800,24952,51.298493,10,10,10,10,404,4,0,4,400,24952,152,0,0,0,0,404,0,0,0,0,114,5888
2397,W3,1,1,0,0,0,0,0,0,0,0,0,400,400,400,0,0,0,0,400,400,400,100.000000,12800,24952,51.298493,10,10,10,10,404,4,0,4,400,24952,152,0,0,0,0,404,0,0,0,0,88,5888
2398,W3,1,1,0,0,0,0,0,0,0,0,0,400,400,400,0,0,0,0,400,400,400,100.000000,12800,24952,51.298493,10,10,10,10,404,4,0,4,400,24952,152,0,0,0,0,404,0,0,0,0,84,5888
2399,W3,1,1,0,0,0,0,0,0,0,0,0,400,400,400,0,0,0,0,400,400,400,100.000000,12800,24952,51.298493,10,10,10,10,404,4,0,4,400,24952,152,0,0,0,0,404,0,0,0,0,89,5888
2400,W3,1,1,0,0,0,0,0,0,0,0,0,400,400,400,0,0,0,0,400,400,400,100.000000,12800,24952,51.298493,10,10,10,10,404,4,0,4,400,24952,152,0,0,0,0,404,0,0,0,0,100,5888
2401,W3,1,1,0,0,0,0,0,0,0,0,0,400,400,400,0,0,0,0,400,400,400,100.000000,12800,24952,51.298493,10,10,10,10,404,4,0,4,400,24952,152,0,0,0,0,404,0,0,0,0,101,5888
2402,W3,1,1,0,0,0,0,0,0,0,0,0,400,400,400,0,0,0,0,400,400,400,100.000000,12800,24952,51.298493,10,10,10,10,404,4,0,4,400,24952,152,0,0,0,0,404,0,0,0,0,110,5888
2403,W3,1,1,0,0,0,0,0,0,0,0,0,400,400,400,0,0,0,0,400,400,400,100.000000,12800,24952,51.298493,10,10,10,10,404,4,0,4,400,24952,152,0,0,0,0,404,0,0,0,0,113,5888
2404,W3,1,1,0,0,0,0,0,0,0,0,0,400,400,400,0,0,0,0,400,400,400,100.000000,12800,24952,51.298493,10,10,10,10,404,4,0,4,400,24952,152,0,0,0,0,404,0,0,0,0,92,5888
2405,W3,1,1,0,0,0,0,0,0,0,0,0,400,400,400,0,0,0,0,400,400,400,100.000000,12800,24952,51.298493,10,10,10,10,404,4,0,4,400,24952,152,0,0,0,0,404,0,0,0,0,88,5888
2406,W3,1,1,0,0,0,0,0,0,0,0,0,400,400,400,0,0,0,0,400,400,400,100.000000,12800,24952,51.298493,10,10,10,10,404,4,0,4,400,24952,152,0,0,0,0,404,0,0,0,0,94,5888
2407,W3,1,1,0,0,0,0,0,0,0,0,0,400,400,400,0,0,0,0,400,400,400,100.000000,12800,24952,51.298493,10,10,10,10,404,4,0,4,400,24952,152,0,0,0,0,404,0,0,0,0,89,5888
2408,W3,1,1,0,0,0,0,0,0,0,0,0,400,400,400,0,0,0,0,400,400,400,100.000000,12800,24952,51.298493,10,10,10,10,404,4,0,4,400,24952,152,0,0,0,0,404,0,0,0,0,97,5888
2409,W3,1,1,0,0,0,0,0,0,0,0,0,400,400,400,0,0,0,0,400,400,400,100.000000,12800,24952,51.298493,10,10,10,10,404,4,0,4,400,24952,152,0,0,0,0,404,0,0,0,0,87,5888
2410,W3,1,1,0,0,0,0,0,0,0,0,0,400,400,400,0,0,0,0,400,400,400,100.000000,12800,24952,51.298493,10,10,10,10,404,4,0,4,400,24952,152,0,0,0,0,404,0,0,0,0,95,5888
2411,W3,1,1,0,0,0,0,0,0,0,0,0,400,400,400,0,0,0,0,400,400,400,100.000000,12800,24952,51.298493,10,10,10,10,404,4,0,4,400,24952,152,0,0,0,0,404,0,0,0,0,89,5888
2412,W3,1,1,0,0,0,0,0,0,0,0,0,400,400,400,0,0,0,0,400,400,400,100.000000,12800,24952,51.298493,10,10,10,10,404,4,0,4,400,24952,152,0,0,0,0,404,0,0,0,0,87,5888
2413,W3,1,1,0,0,0,0,0,0,0,0,0,400,400,400,0,0,0,0,400,400,400,100.000000,12800,24952,51.298493,10,10,10,10,404,4,0,4,400,24952,152,0,0,0,0,404,0,0,0,0,91,5888
2414,W3,1,1,0,0,0,0,0,0,0,0,0,400,400,400,0,0,0,0,400,400,400,100.000000,12800,24952,51.298493,10,10,10,10,404,4,0,4,400,24952,152,0,0,0,0,404,0,0,0,0,88,5888
2415,W3,1,1,0,0,0,0,0,0,0,0,0,400,400,400,0,0,0,0,400,400,400,100.000000,12800,24952,51.298493,10,10,10,10,404,4,0,4,400,24952,152,0,0,0,0,404,0,0,0,0,100,5888
2416,W3,1,1,0,0,0,0,0,0,0,0,0,400,400,400,0,0,0,0,400,400,400,100.000000,12800,24952,51.298493,10,10,10,10,404,4,0,4,400,24952,152,0,0,0,0,404,0,0,0,0,108,5888
2417,W3,1,1,0,0,0,0,0,0,0,0,0,400,400,400,0,0,0,0,400,400,400,100.000000,12800,24952,51.298493,10,10,10,10,404,4,0,4,400,24952,152,0,0,0,0,404,0,0,0,0,98,5888
2418,W3,1,1,0,0,0,0,0,0,0,0,0,400,400,400,0,0,0,0,400,400,400,100.000000,12800,24952,51.298493,10,10,10,10,404,4,0,4,400,24952,152,0,0,0,0,404,0,0,0,0,96,5888
2419,W3,1,1,0,0,0,0,0,0,0,0,0,400,400,400,0,0,0,0,400,400,400,100.000000,12800,24952,51.298493,10,10,10,10,404,4,0,4,400,24952,152,0,0,0,0,404,0,0,0,0,87,5888
2420,W3,1,1,0,0,0,0,0,0,0,0,0,400,400,400,0,0,0,0,400,400,400,100.000000,12800,24952,51.298493,10,10,10,10,404,4,0,4,400,24952,152,0,0,0,0,404,0,0,0,0,214,5888
2421,W3,1,1,0,0,0,0,0,0,0,0,0,400,400,400,0,0,0,0,400,400,400,100.000000,12800,24952,51.298493,10,10,10,10,404,4,0,4,400,24952,152,0,0,0,0,404,0,0,0,0,130,5888
2422,W3,1,1,0,0,0,0,0,0,0,0,0,400,400,400,0,0,0,0,400,400,400,100.000000,12800,24952,51.298493,10,10,10,10,404,4,0,4,400,24952,152,0,0,0,0,404,0,0,0,0,94,5888
2423,W3,1,1,0,0,0,0,0,0,0,0,0,400,400,400,0,0,0,0,400,400,400,100.000000,12800,24952,51.298493,10,10,10,10,404,4,0,4,400,24952,152,0,0,0,0,404,0,0,0,0,89,5888
2424,W3,1,1,0,0,0,0,0,0,0,0,0,400,400,400,0,0,0,0,400,400,400,100.000000,12800,24952,51.298493,10,10,10,10,404,4,0,4,400,24952,152,0,0,0,0,404,0,0,0,0,92,5888
2425,W3,1,1,0,0,0,0,0,0,0,0,0,400,400,400,0,0,0,0,400,400,400,100.000000,12800,24952,51.298493,10,10,10,10,404,4,0,4,400,24952,152,0,0,0,0,404,0,0,0,0,88,5888
2426,W3,1,1,0,0,0,0,0,0,0,0,0,400,400,400,0,0,0,0,400,400,400,100.000000,12800,24952,51.298493,10,10,10,10,404,4,0,4,400,24952,152,0,0,0,0,404,0,0,0,0,101,5888
2427,W3,1,1,0,0,0,0,0,0,0,0,0,400,400,400,0,0,0,0,400,400,400,100.000000,12800,24952,51.298493,10,10,10,10,404,4,0,4,400,24952,152,0,0,0,0,404,0,0,0,0,93,5888
2428,W3,1,1,0,0,0,0,0,0,0,0,0,400,400,400,0,0,0,0,400,400,400,100.000000,12800,24952,51.298493,10,10,10,10,404,4,0,4,400,24952,152,0,0,0,0,404,0,0,0,0,91,5888
2429,W3,1,1,0,0,0,0,0,0,0,0,0,400,400,400,0,0,0,0,400,400,400,100.000000,12800,24952,51.298493,10,10,10,10,404,4,0,4,400,24952,152,0,0,0,0,404,0,0,0,0,91,5888
2430,W3,1,1,0,0,0,0,0,0,0,0,0,400,400,400,0,0,0,0,400,400,400,100.000000,12800,24952,51.298493,10,10,10,10,404,4,0,4,400,24952,152,0,0,0,0,404,0,0,0,0,85,5888
2431,W3,1,1,0,0,0,0,0,0,0,0,0,400,400,400,0,0,0,0,400,400,400,100.000000,12800,24952,51.298493,10,10,10,10,404,4,0,4,400,24952,152,0,0,0,0,404,0,0,0,0,86,5888
2432,W3,1,1,0,0,0,0,0,0,0,0,0,400,400,400,0,0,0,0,400,400,400,100.000000,12800,24952,51.298493,10,10,10,10,404,4,0,4,400,24952,152,0,0,0,0,404,0,0,0,0,89,5888
2433,W3,1,1,0,0,0,0,0,0,0,0,0,400,400,400,0,0,0,0,400,400,400,100.000000,12800,24952,51.298493,10,10,10,10,404,4,0,4,400,24952,152,0,0,0,0,404,0,0,0,0,103,5888
2434,W3,1,1,0,0,0,0,0,0,0,0,0,400,400,400,0,0,0,0,400,400,400,100.000000,12800,24952,51.298493,10,10,10,10,404,4,0,4,400,24952,152,0,0,0,0,404,0,0,0,0,90,5888
2435,W3,1,1,0,0,0,0,0,0,0,0,0,400,400,400,0,0,0,0,400,400,400,100.000000,12800,24952,51.298493,10,10,10,10,404,4,0,4,400,24952,152,0,0,0,0,404,0,0,0,0,95,5888
2436,W3,1,1,0,0,0,0,0,0,0,0,0,400,400,400,0,0,0,0,400,400,400,100.000000,12800,24952,51.298493,10,10,10,10,404,4,0,4,400,24952,152,0,0,0,0,404,0,0,0,0,90,5888
2437,W3,1,1,0,0,0,0,0,0,0,0,0,400,400,400,0,0,0,0,400,400,400,100.000000,12800,24952,51.298493,10,10,10,10,404,4,0,4,400,24952,152,0,0,0,0,404,0,0,0,0,86,5888
2438,W3,1,1,0,0,0,0,0,0,0,0,0,400,400,400,0,0,0,0,400,400,400,100.000000,12800,24952,51.298493,10,10,10,10,404,4,0,4,400,24952,152,0,0,0,0,404,0,0,0,0,88,5888
2439,W3,1,1,0,0,0,0,0,0,0,0,0,400,400,400,0,0,0,0,400,400,400,100.000000,12800,24952,51.298493,10,10,10,10,404,4,0,4,400,24952,152,0,0,0,0,404,0,0,0,0,97,5888
2440,W3,1,1,0,0,0,0,0,0,0,0,0,400,400,400,0,0,0,0,400,400,400,100.000000,12800,24952,51.298493,10,10,10,10,404,4,0,4,400,24952,152,0,0,0,0,404,0,0,0,0,93,5888
2441,W3,1,1,0,0,0,0,0,0,0,0,0,400,400,400,0,0,0,0,400,400,400,100.000000,12800,24952,51.298493,10,10,10,10,404,4,0,4,400,24952,152,0,0,0,0,404,0,0,0,0,91,5888
2442,W3,1,1,0,0,0,0,0,0,0,0,0,400,400,400,0,0,0,0,400,400,400,100.000000,12800,24952,51.298493,10,10,10,10,404,4,0,4,400,24952,152,0,0,0,0,404,0,0,0,0,93,5888
2443,W3,1,1,0,0,0,0,0,0,0,0,0,400,400,400,0,0,0,0,400,400,400,100.000000,12800,24952,51.298493,10,10,10,10,404,4,0,4,400,24952,152,0,0,0,0,404,0,0,0,0,92,5888
2444,W3,1,1,0,0,0,0,0,0,0,0,0,400,400,400,0,0,0,0,400,400,400,100.000000,12800,24952,51.298493,10,10,10,10,404,4,0,4,400,24952,152,0,0,0,0,404,0,0,0,0,88,5888
2445,W3,1,1,0,0,0,0,0,0,0,0,0,400,400,400,0,0,0,0,400,400,400,100.000000,12800,24952,51.298493,10,10,10,10,404,4,0,4,400,24952,152,0,0,0,0,404,0,0,0,0,91,5888
2446,W3,1,1,0,0,0,0,0,0,0,0,0,400,400,400,0,0,0,0,400,400,400,100.000000,12800,24952,51.298493,10,10,10,10,404,4,0,4,400,24952,152,0,0,0,0,404,0,0,0,0,90,5888
2447,W3,1,1,0,0,0,0,0,0,0,0,0,400,400,400,0,0,0,0,400,400,400,100.000000,12800,24952,51.298493,10,10,10,10,404,4,0,4,400,24952,152,0,0,0,0,404,0,0,0,0,101,5888
2448,W3,1,1,0,0,0,0,0,0,0,0,0,400,400,400,0,0,0,0,400,400,400,100.000000,12800,24952,51.298493,10,10,10,10,404,4,0,4,400,24952,152,0,0,0,0,404,0,0,0,0,89,5888
2449,W3,1,1,0,0,0,0,0,0,0,0,0,400,400,400,0,0,0,0,400,400,400,100.000000,12800,24952,51.298493,10,10,10,10,404,4,0,4,400,24952,152,0,0,0,0,404,0,0,0,0,92,5888
2450,W3,1,1,0,0,0,0,0,0,0,0,0,400,400,400,0,0,0,0,400,400,400,100.000000,12800,24952,51.298493,10,10,10,10,404,4,0,4,400,24952,152,0,0,0,0,404,0,0,0,0,90,5888
2451,W3,1,1,0,0,0,0,0,0,0,0,0,400,400,400,0,0,0,0,400,400,400,100.000000,12800,24952,51.298493,10,10,10,10,404,4,0,4,400,24952,152,0,0,0,0,404,0,0,0,0,110,5888
2452,W3,1,1,0,0,0,0,0,0,0,0,0,400,400,400,0,0,0,0,400,400,400,100.000000,12800,24952,51.298493,10,10,10,10,404,4,0,4,400,24952,152,0,0,0,0,404,0,0,0,0,91,5888
2453,W3,1,1,0,0,0,0,0,0,0,0,0,400,400,400,0,0,0,0,400,400,400,100.000000,12800,24952,51.298493,10,10,10,10,404,4,0,4,400,24952,152,0,0,0,0,404,0,0,0,0,87,5888
2454,W3,1,1,0,0,0,0,0,0,0,0,0,400,400,400,0,0,0,0,400,400,400,100.000000,12800,24952,51.298493,10,10,10,10,404,4,0,4,400,24952,152,0,0,0,0,404,0,0,0,0,95,5888
2455,W3,1,1,0,0,0,0,0,0,0,0,0,400,400,400,0,0,0,0,400,400,400,100.000000,12800,24952,51.298493,10,10,10,10,404,4,0,4,400,24952,152,0,0,0,0,404,0,0,0,0,91,5888
2456,W3,1,1,0,0,0,0,0,0,0,0,0,400,400,400,0,0,0,0,400,400,400,100.000000,12800,24952,51.298493,10,10,10,10,404,4,0,4,400,24952,152,0,0,0,0,404,0,0,0,0,94,5888
2457,W3,1,1,0,0,0,0,0,0,0,0,0,400,400,400,0,0,0,0,400,400,400,100.000000,12800,24952,51.298493,10,10,10,10,404,4,0,4,400,24952,152,0,0,0,0,404,0,0,0,0,90,5888
2458,W3,1,1,0,0,0,0,0,0,0,0,0,400,400,400,0,0,0,0,400,400,400,100.000000,12800,24952,51.298493,10,10,10,10,404,4,0,4,400,24952,152,0,0,0,0,404,0,0,0,0,103,5888
2459,W3,1,1,0,0,0,0,0,0,0,0,0,400,400,400,0,0,0,0,400,400,400,100.000000,12800,24952,51.298493,10,10,10,10,404,4,0,4,400,24952,152,0,0,0,0,404,0,0,0,0,108,5888
2460,W3,1,1,0,0,0,0,0,0,0,0,0,400,400,400,0,0,0,0,400,400,400,100.000000,12800,24952,51.298493,10,10,10,10,404,4,0,4,400,24952,152,0,0,0,0,404,0,0,0,0,94,5888
2461,W3,1,1,0,0,0,0,0,0,0,0,0,400,400,400,0,0,0,0,400,400,400,100.000000,12800,24952,51.298493,10,10,10,10,404,4,0,4,400,24952,152,0,0,0,0,404,0,0,0,0,86,5888
2462,W3,1,1,0,0,0,0,0,0,0,0,0,400,400,400,0,0,0,0,400,400,400,100.000000,12800,24952,51.298493,10,10,10,10,404,4,0,4,400,24952,152,0,0,0,0,404,0,0,0,0,88,5888
2463,W3,1,1,0,0,0,0,0,0,0,0,0,400,400,400,0,0,0,0,400,400,400,100.000000,12800,24952,51.298493,10,10,10,10,404,4,0,4,400,24952,152,0,0,0,0,404,0,0,0,0,102,5888
2464,W3,1,1,0,0,0,0,0,0,0,0,0,400,400,400,0,0,0,0,400,400,400,100.000000,12800,24952,51.298493,10,10,10,10,404,4,0,4,400,24952,152,0,0,0,0,404,0,0,0,0,96,5888
2465,W3,1,1,0,0,0,0,0,0,0,0,0,400,400,400,0,0,0,0,400,400,400,100.000000,12800,24952,51.298493,10,10,10,10,404,4,0,4,400,24952,152,0,0,0,0,404,0,0,0,0,100,5888
2466,W3,1,1,0,0,0,0,0,0,0,0,0,400,400,400,0,0,0,0,400,400,400,100.000000,12800,24952,51.298493,10,10,10,10,404,4,0,4,400,24952,152,0,0,0,0,404,0,0,0,0,94,5888
2467,W3,1,1,0,0,0,0,0,0,0,0,0,400,400,400,0,0,0,0,400,400,400,100.000000,12800,24952,51.298493,10,10,10,10,404,4,0,4,400,24952,152,0,0,0,0,404,0,0,0,0,89,5888
2468,W3,1,1,0,0,0,0,0,0,0,0,0,400,400,400,0,0,0,0,400,400,400,100.000000,12800,24952,51.298493,10,10,10,10,404,4,0,4,400,24952,152,0,0,0,0,404,0,0,0,0,92,5888
2469,W3,1,1,0,0,0,0,0,0,0,0,0,400,400,400,0,0,0,0,400,400,400,100.000000,12800,24952,51.298493,10,10,10,10,404,4,0,4,400,24952,152,0,0,0,0,404,0,0,0,0,88,5888
2470,W3,1,1,0,0,0,0,0,0,0,0,0,400,400,400,0,0,0,0,400,400,400,100.000000,12800,24952,51.298493,10,10,10,10,404,4,0,4,400,24952,152,0,0,0,0,404,0,0,0,0,92,5888
2471,W3,1,1,0,0,0,0,0,0,0,0,0,400,400,400,0,0,0,0,400,400,400,100.000000,12800,24952,51.298493,10,10,10,10,404,4,0,4,400,24952,152,0,0,0,0,404,0,0,0,0,95,5888
2472,W3,1,1,0,0,0,0,0,0,0,0,0,400,400,400,0,0,0,0,400,400,400,100.000000,12800,24952,51.298493,10,10,10,10,404,4,0,4,400,24952,152,0,0,0,0,404,0,0,0,0,98,5888
2473,W3,1,1,0,0,0,0,0,0,0,0,0,400,400,400,0,0,0,0,400,400,400,100.000000,12800,24952,51.298493,10,10,10,10,404,4,0,4,400,24952,152,0,0,0,0,404,0,0,0,0,90,5888
2474,W3,1,1,0,0,0,0,0,0,0,0,0,400,400,400,0,0,0,0,400,400,400,100.000000,12800,24952,51.298493,10,10,10,10,404,4,0,4,400,24952,152,0,0,0,0,404,0,0,0,0,91,5888
2475,W3,1,1,0,0,0,0,0,0,0,0,0,400,400,400,0,0,0,0,400,400,400,100.000000,12800,24952,51.298493,10,10,10,10,404,4,0,4,400,24952,152,0,0,0,0,404,0,0,0,0,94,5888
2476,W3,1,1,0,0,0,0,0,0,0,0,0,400,400,400,0,0,0,0,400,400,400,100.000000,12800,24952,51.298493,10,10,10,10,404,4,0,4,400,24952,152,0,0,0,0,404,0,0,0,0,90,5888
2477,W3,1,1,0,0,0,0,0,0,0,0,0,400,400,400,0,0,0,0,400,400,400,100.000000,12800,24952,51.298493,10,10,10,10,404,4,0,4,400,24952,152,0,0,0,0,404,0,0,0,0,90,5888
2478,W3,1,1,0,0,0,0,0,0,0,0,0,400,400,400,0,0,0,0,400,400,400,100.000000,12800,24952,51.298493,10,10,10,10,404,4,0,4,400,24952,152,0,0,0,0,404,0,0,0,0,92,5888
2479,W3,1,1,0,0,0,0,0,0,0,0,0,400,400,400,0,0,0,0,400,400,400,100.000000,12800,24952,51.298493,10,10,10,10,404,4,0,4,400,24952,152,0,0,0,0,404,0,0,0,0,89,5888
2480,W3,1,1,0,0,0,0,0,0,0,0,0,400,400,400,0,0,0,0,400,400,400,100.000000,12800,24952,51.298493,10,10,10,10,404,4,0,4,400,24952,152,0,0,0,0,404,0,0,0,0,96,5888
2481,W3,1,1,0,0,0,0,0,0,0,0,0,400,400,400,0,0,0,0,400,400,400,100.000000,12800,24952,51.298493,10,10,10,10,404,4,0,4,400,24952,152,0,0,0,0,404,0,0,0,0,100,5888
2482,W3,1,1,0,0,0,0,0,0,0,0,0,400,400,400,0,0,0,0,400,400,400,100.000000,12800,24952,51.298493,10,10,10,10,404,4,0,4,400,24952,152,0,0,0,0,404,0,0,0,0,91,5888
2483,W3,1,1,0,0,0,0,0,0,0,0,0,400,400,400,0,0,0,0,400,400,400,100.000000,12800,24952,51.298493,10,10,10,10,404,4,0,4,400,24952,152,0,0,0,0,404,0,0,0,0,88,5888
2484,W3,1,1,0,0,0,0,0,0,0,0,0,400,400,400,0,0,0,0,400,400,400,100.000000,12800,24952,51.298493,10,10,10,10,404,4,0,4,400,24952,152,0,0,0,0,404,0,0,0,0,95,5888
2485,W3,1,1,0,0,0,0,0,0,0,0,0,400,400,400,0,0,0,0,400,400,400,100.000000,12800,24952,51.298493,10,10,10,10,404,4,0,4,400,24952,152,0,0,0,0,404,0,0,0,0,99,5888
2486,W3,1,1,0,0,0,0,0,0,0,0,0,400,400,400,0,0,0,0,400,400,400,100.000000,12800,24952,51.298493,10,10,10,10,404,4,0,4,400,24952,152,0,0,0,0,404,0,0,0,0,93,5888
2487,W3,1,1,0,0,0,0,0,0,0,0,0,400,400,400,0,0,0,0,400,400,400,100.000000,12800,24952,51.298493,10,10,10,10,404,4,0,4,400,24952,152,0,0,0,0,404,0,0,0,0,94,5888
2488,W3,1,1,0,0,0,0,0,0,0,0,0,400,400,400,0,0,0,0,400,400,400,100.000000,12800,24952,51.298493,10,10,10,10,404,4,0,4,400,24952,152,0,0,0,0,404,0,0,0,0,92,5888
2489,W3,1,1,0,0,0,0,0,0,0,0,0,400,400,400,0,0,0,0,400,400,400,100.000000,12800,24952,51.298493,10,10,10,10,404,4,0,4,400,24952,152,0,0,0,0,404,0,0,0,0,124,5888
2490,W3,1,1,0,0,0,0,0,0,0,0,0,400,400,400,0,0,0,0,400,400,400,100.000000,12800,24952,51.298493,10,10,10,10,404,4,0,4,400,24952,152,0,0,0,0,404,0,0,0,0,97,5888
2491,W3,1,1,0,0,0,0,0,0,0,0,0,400,400,400,0,0,0,0,400,400,400,100.000000,12800,24952,51.298493,10,10,10,10,404,4,0,4,400,24952,152,0,0,0,0,404,0,0,0,0,89,5888
2492,W3,1,1,0,0,0,0,0,0,0,0,0,400,400,400,0,0,0,0,400,400,400,100.000000,12800,24952,51.298493,10,10,10,10,404,4,0,4,400,24952,152,0,0,0,0,404,0,0,0,0,91,5888
2493,W3,1,1,0,0,0,0,0,0,0,0,0,400,400,400,0,0,0,0,400,400,400,100.000000,12800,24952,51.298493,10,10,10,10,404,4,0,4,400,24952,152,0,0,0,0,404,0,0,0,0,81,5888
2494,W3,1,1,0,0,0,0,0,0,0,0,0,400,400,400,0,0,0,0,400,400,400,100.000000,12800,24952,51.298493,10,10,10,10,404,4,0,4,400,24952,152,0,0,0,0,404,0,0,0,0,86,5888
2495,W3,1,1,0,0,0,0,0,0,0,0,0,400,400,400,0,0,0,0,400,400,400,100.000000,12800,24952,51.298493,10,10,10,10,404,4,0,4,400,24952,152,0,0,0,0,404,0,0,0,0,124,5888
2496,W3,1,1,0,0,0,0,0,0,0,0,0,400,400,400,0,0,0,0,400,400,400,100.000000,12800,24952,51.298493,10,10,10,10,404,4,0,4,400,24952,152,0,0,0,0,404,0,0,0,0,84,5888
2497,W3,1,1,0,0,0,0,0,0,0,0,0,400,400,400,0,0,0,0,400,400,400,100.000000,12800,24952,51.298493,10,10,10,10,404,4,0,4,400,24952,152,0,0,0,0,404,0,0,0,0,93,5888
2498,W3,1,1,0,0,0,0,0,0,0,0,0,400,400,400,0,0,0,0,400,400,400,100.000000,12800,24952,51.298493,10,10,10,10,404,4,0,4,400,24952,152,0,0,0,0,404,0,0,0,0,95,5888
2499,W3,1,1,0,0,0,0,0,0,0,0,0,400,400,400,0,0,0,0,400,400,400,100.000000,12800,24952,51.298493,10,10,10,10,404,4,0,4,400,24952,152,0,0,0,0,404,0,0,0,0,96,5888
2500,W3,1,1,0,0,0,0,0,0,0,0,0,400,400,400,0,0,0,0,400,400,400,100.000000,12800,24952,51.298493,10,10,10,10,404,4,0,4,400,24952,152,0,0,0,0,404,0,0,0,0,105,5888
2501,W3,1,1,0,0,0,0,0,0,0,0,0,400,400,400,0,0,0,0,400,400,400,100.000000,12800,24952,51.298493,10,10,10,10,404,4,0,4,400,24952,152,0,0,0,0,404,0,0,0,0,87,5888
2502,W3,1,1,0,0,0,0,0,0,0,0,0,400,400,400,0,0,0,0,400,400,400,100.000000,12800,24952,51.298493,10,10,10,10,404,4,0,4,400,24952,152,0,0,0,0,404,0,0,0,0,95,5888
2503,W3,1,1,0,0,0,0,0,0,0,0,0,400,400,400,0,0,0,0,400,400,400,100.000000,12800,24952,51.298493,10,10,10,10,404,4,0,4,400,24952,152,0,0,0,0,404,0,0,0,0,84,5888
2504,W3,1,1,0,0,0,0,0,0,0,0,0,400,400,400,0,0,0,0,400,400,400,100.000000,12800,24952,51.298493,10,10,10,10,404,4,0,4,400,24952,152,0,0,0,0,404,0,0,0,0,96,5888
2505,W3,1,1,0,0,0,0,0,0,0,0,0,400,400,400,0,0,0,0,400,400,400,100.000000,12800,24952,51.298493,10,10,10,10,404,4,0,4,400,24952,152,0,0,0,0,404,0,0,0,0,107,5888
2506,W3,1,1,0,0,0,0,0,0,0,0,0,400,400,400,0,0,0,0,400,400,400,100.000000,12800,24952,51.298493,10,10,10,10,404,4,0,4,400,24952,152,0,0,0,0,404,0,0,0,0,96,5888
2507,W3,1,1,0,0,0,0,0,0,0,0,0,400,400,400,0,0,0,0,400,400,400,100.000000,12800,24952,51.298493,10,10,10,10,404,4,0,4,400,24952,152,0,0,0,0,404,0,0,0,0,85,5888
2508,W3,1,1,0,0,0,0,0,0,0,0,0,400,400,400,0,0,0,0,400,400,400,100.000000,12800,24952,51.298493,10,10,10,10,404,4,0,4,400,24952,152,0,0,0,0,404,0,0,0,0,81,5888
2509,W3,1,1,0,0,0,0,0,0,0,0,0,400,400,400,0,0,0,0,400,400,400,100.000000,12800,24952,51.298493,10,10,10,10,404,4,0,4,400,24952,152,0,0,0,0,404,0,0,0,0,91,5888
2510,W3,1,1,0,0,0,0,0,0,0,0,0,400,400,400,0,0,0,0,400,400,400,100.000000,12800,24952,51.298493,10,10,10,10,404,4,0,4,400,24952,152,0,0,0,0,404,0,0,0,0,86,5888
2511,W3,1,1,0,0,0,0,0,0,0,0,0,400,400,400,0,0,0,0,400,400,400,100.000000,12800,24952,51.298493,10,10,10,10,404,4,0,4,400,24952,152,0,0,0,0,404,0,0,0,0,99,5888
2512,W3,1,1,0,0,0,0,0,0,0,0,0,400,400,400,0,0,0,0,400,400,400,100.000000,12800,24952,51.298493,10,10,10,10,404,4,0,4,400,24952,152,0,0,0,0,404,0,0,0,0,87,5888
2513,W3,1,1,0,0,0,0,0,0,0,0,0,400,400,400,0,0,0,0,400,400,400,100.000000,12800,24952,51.298493,10,10,10,10,404,4,0,4,400,24952,152,0,0,0,0,404,0,0,0,0,119,5888
2514,W3,1,1,0,0,0,0,0,0,0,0,0,400,400,400,0,0,0,0,400,400,400,100.000000,12800,24952,51.298493,10,10,10,10,404,4,0,4,400,24952,152,0,0,0,0,404,0,0,0,0,90,5888
2515,W3,1,1,0,0,0,0,0,0,0,0,0,400,400,400,0,0,0,0,400,400,400,100.000000,12800,24952,51.298493,10,10,10,10,404,4,0,4,400,24952,152,0,0,0,0,404,0,0,0,0,107,5888
2516,W3,1,1,0,0,0,0,0,0,0,0,0,400,400,400,0,0,0,0,400,400,400,100.000000,12800,24952,51.298493,10,10,10,10,404,4,0,4,400,24952,152,0,0,0,0,404,0,0,0,0,93,5888
2517,W3,1,1,0,0,0,0,0,0,0,0,0,400,400,400,0,0,0,0,400,400,400,100.000000,12800,24952,51.298493,10,10,10,10,404,4,0,4,400,24952,152,0,0,0,0,404,0,0,0,0,87,5888
2518,W3,1,1,0,0,0,0,0,0,0,0,0,400,400,400,0,0,0,0,400,400,400,100.000000,12800,24952,51.298493,10,10,10,10,404,4,0,4,400,24952,152,0,0,0,0,404,0,0,0,0,93,5888
2519,W3,1,1,0,0,0,0,0,0,0,0,0,400,400,400,0,0,0,0,400,400,400,100.000000,12800,24952,51.298493,10,10,10,10,404,4,0,4,400,24952,152,0,0,0,0,404,0,0,0,0,96,5888
2520,W3,1,1,0,0,0,0,0,0,0,0,0,400,400,400,0,0,0,0,400,400,400,100.000000,12800,24952,51.298493,10,10,10,10,404,4,0,4,400,24952,152,0,0,0,0,404,0,0,0,0,91,5888
2521,W3,1,1,0,0,0,0,0,0,0,0,0,400,400,400,0,0,0,0,400,400,400,100.000000,12800,24952,51.298493,10,10,10,10,404,4,0,4,400,24952,152,0,0,0,0,404,0,0,0,0,87,5888
2522,W3,1,1,0,0,0,0,0,0,0,0,0,400,400,400,0,0,0,0,400,400,400,100.000000,12800,24952,51.298493,10,10,10,10,404,4,0,4,400,24952,152,0,0,0,0,404,0,0,0,0,100,5888
2523,W3,1,1,0,0,0,0,0,0,0,0,0,400,400,400,0,0,0,0,400,400,400,100.000000,12800,24952,51.298493,10,10,10,10,404,4,0,4,400,24952,152,0,0,0,0,404,0,0,0,0,85,5888
2524,W3,1,1,0,0,0,0,0,0,0,0,0,400,400,400,0,0,0,0,400,400,400,100.000000,12800,24952,51.298493,10,10,10,10,404,4,0,4,400,24952,152,0,0,0,0,404,0,0,0,0,87,5888
2525,W3,1,1,0,0,0,0,0,0,0,0,0,400,400,400,0,0,0,0,400,400,400,100.000000,12800,24952,51.298493,10,10,10,10,404,4,0,4,400,24952,152,0,0,0,0,404,0,0,0,0,85,5888
2526,W3,1,1,0,0,0,0,0,0,0,0,0,400,400,400,0,0,0,0,400,400,400,100.000000,12800,24952,51.298493,10,10,10,10,404,4,0,4,400,24952,152,0,0,0,0,404,0,0,0,0,93,5888
2527,W3,1,1,0,0,0,0,0,0,0,0,0,400,400,400,0,0,0,0,400,400,400,100.000000,12800,24952,51.298493,10,10,10,10,404,4,0,4,400,24952,152,0,0,0,0,404,0,0,0,0,100,5888
2528,W3,1,1,0,0,0,0,0,0,0,0,0,400,400,400,0,0,0,0,400,400,400,100.000000,12800,24952,51.298493,10,10,10,10,404,4,0,4,400,24952,152,0,0,0,0,404,0,0,0,0,86,5888
2529,W3,1,1,0,0,0,0,0,0,0,0,0,400,400,400,0,0,0,0,400,400,400,100.000000,12800,24952,51.298493,10,10,10,10,404,4,0,4,400,24952,152,0,0,0,0,404,0,0,0,0,92,5888
2530,W3,1,1,0,0,0,0,0,0,0,0,0,400,400,400,0,0,0,0,400,400,400,100.000000,12800,24952,51.298493,10,10,10,10,404,4,0,4,400,24952,152,0,0,0,0,404,0,0,0,0,95,5888
2531,W3,1,1,0,0,0,0,0,0,0,0,0,400,400,400,0,0,0,0,400,400,400,100.000000,12800,24952,51.298493,10,10,10,10,404,4,0,4,400,24952,152,0,0,0,0,404,0,0,0,0,95,5888
2532,W3,1,1,0,0,0,0,0,0,0,0,0,400,400,400,0,0,0,0,400,400,400,100.000000,12800,24952,51.298493,10,10,10,10,404,4,0,4,400,24952,152,0,0,0,0,404,0,0,0,0,84,5888
2533,W3,1,1,0,0,0,0,0,0,0,0,0,400,400,400,0,0,0,0,400,400,400,100.000000,12800,24952,51.298493,10,10,10,10,404,4,0,4,400,24952,152,0,0,0,0,404,0,0,0,0,87,5888
2534,W3,1,1,0,0,0,0,0,0,0,0,0,400,400,400,0,0,0,0,400,400,400,100.000000,12800,24952,51.298493,10,10,10,10,404,4,0,4,400,24952,152,0,0,0,0,404,0,0,0,0,100,5888
2535,W3,1,1,0,0,0,0,0,0,0,0,0,400,400,400,0,0,0,0,400,400,400,100.000000,12800,24952,51.298493,10,10,10,10,404,4,0,4,400,24952,152,0,0,0,0,404,0,0,0,0,88,5888
2536,W3,1,1,0,0,0,0,0,0,0,0,0,400,400,400,0,0,0,0,400,400,400,100.000000,12800,24952,51.298493,10,10,10,10,404,4,0,4,400,24952,152,0,0,0,0,404,0,0,0,0,94,5888
2537,W3,1,1,0,0,0,0,0,0,0,0,0,400,400,400,0,0,0,0,400,400,400,100.000000,12800,24952,51.298493,10,10,10,10,404,4,0,4,400,24952,152,0,0,0,0,404,0,0,0,0,93,5888
2538,W3,1,1,0,0,0,0,0,0,0,0,0,400,400,400,0,0,0,0,400,400,400,100.000000,12800,24952,51.298493,10,10,10,10,404,4,0,4,400,24952,152,0,0,0,0,404,0,0,0,0,111,5888
2539,W3,1,1,0,0,0,0,0,0,0,0,0,400,400,400,0,0,0,0,400,400,400,100.000000,12800,24952,51.298493,10,10,10,10,404,4,0,4,400,24952,152,0,0,0,0,404,0,0,0,0,96,5888
2540,W3,1,1,0,0,0,0,0,0,0,0,0,400,400,400,0,0,0,0,400,400,400,100.000000,12800,24952,51.298493,10,10,10,10,404,4,0,4,400,24952,152,0,0,0,0,404,0,0,0,0,85,5888
2541,W3,1,1,0,0,0,0,0,0,0,0,0,400,400,400,0,0,0,0,400,400,400,100.000000,12800,24952,51.298493,10,10,10,10,404,4,0,4,400,24952,152,0,0,0,0,404,0,0,0,0,87,5888
2542,W3,1,1,0,0,0,0,0,0,0,0,0,400,400,400,0,0,0,0,400,400,400,100.000000,12800,24952,51.298493,10,10,10,10,404,4,0,4,400,24952,152,0,0,0,0,404,0,0,0,0,86,5888
2543,W3,1,1,0,0,0,0,0,0,0,0,0,400,400,400,0,0,0,0,400,400,400,100.000000,12800,24952,51.298493,10,10,10,10,404,4,0,4,400,24952,152,0,0,0,0,404,0,0,0,0,98,5888
2544,W3,1,1,0,0,0,0,0,0,0,0,0,400,400,400,0,0,0,0,400,400,400,100.000000,12800,24952,51.298493,10,10,10,10,404,4,0,4,400,24952,152,0,0,0,0,404,0,0,0,0,88,5888
2545,W3,1,1,0,0,0,0,0,0,0,0,0,400,400,400,0,0,0,0,400,400,400,100.000000,12800,24952,51.298493,10,10,10,10,404,4,0,4,400,24952,152,0,0,0,0,404,0,0,0,0,98,5888
2546,W3,1,1,0,0,0,0,0,0,0,0,0,400,400,400,0,0,0,0,400,400,400,100.000000,12800,24952,51.298493,10,10,10,10,404,4,0,4,400,24952,152,0,0,0,0,404,0,0,0,0,92,5888
2547,W3,1,1,0,0,0,0,0,0,0,0,0,400,400,400,0,0,0,0,400,400,400,100.000000,12800,24952,51.298493,10,10,10,10,404,4,0,4,400,24952,152,0,0,0,0,404,0,0,0,0,83,5888
2548,W3,1,1,0,0,0,0,0,0,0,0,0,400,400,400,0,0,0,0,400,400,400,100.000000,12800,24952,51.298493,10,10,10,10,404,4,0,4,400,24952,152,0,0,0,0,404,0,0,0,0,106,5888
2549,W3,1,1,0,0,0,0,0,0,0,0,0,400,400,400,0,0,0,0,400,400,400,100.000000,12800,24952,51.298493,10,10,10,10,404,4,0,4,400,24952,152,0,0,0,0,404,0,0,0,0,182,5888
2550,W3,1,1,0,0,0,0,0,0,0,0,0,400,400,400,0,0,0,0,400,400,400,100.000000,12800,24952,51.298493,10,10,10,10,404,4,0,4,400,24952,152,0,0,0,0,404,0,0,0,0,91,5888
2551,W3,1,1,0,0,0,0,0,0,0,0,0,400,400,400,0,0,0,0,400,400,400,100.000000,12800,24952,51.298493,10,10,10,10,404,4,0,4,400,24952,152,0,0,0,0,404,0,0,0,0,85,5888
2552,W3,1,1,0,0,0,0,0,0,0,0,0,400,400,400,0,0,0,0,400,400,400,100.000000,12800,24952,51.298493,10,10,10,10,404,4,0,4,400,24952,152,0,0,0,0,404,0,0,0,0,92,5888
2553,W3,1,1,0,0,0,0,0,0,0,0,0,400,400,400,0,0,0,0,400,400,400,100.000000,12800,24952,51.298493,10,10,10,10,404,4,0,4,400,24952,152,0,0,0,0,404,0,0,0,0,261,5888
2554,W3,1,1,0,0,0,0,0,0,0,0,0,400,400,400,0,0,0,0,400,400,400,100.000000,12800,24952,51.298493,10,10,10,10,404,4,0,4,400,24952,152,0,0,0,0,404,0,0,0,0,98,5888
2555,W3,1,1,0,0,0,0,0,0,0,0,0,400,400,400,0,0,0,0,400,400,400,100.000000,12800,24952,51.298493,10,10,10,10,404,4,0,4,400,24952,152,0,0,0,0,404,0,0,0,0,91,5888
2556,W3,1,1,0,0,0,0,0,0,0,0,0,400,400,400,0,0,0,0,400,400,400,100.000000,12800,24952,51.298493,10,10,10,10,404,4,0,4,400,24952,152,0,0,0,0,404,0,0,0,0,90,5888
2557,W3,1,1,0,0,0,0,0,0,0,0,0,400,400,400,0,0,0,0,400,400,400,100.000000,12800,24952,51.298493,10,10,10,10,404,4,0,4,400,24952,152,0,0,0,0,404,0,0,0,0,95,5888
2558,W3,1,1,0,0,0,0,0,0,0,0,0,400,400,400,0,0,0,0,400,400,400,100.000000,12800,24952,51.298493,10,10,10,10,404,4,0,4,400,24952,152,0,0,0,0,404,0,0,0,0,91,5888
2559,W3,1,1,0,0,0,0,0,0,0,0,0,400,400,400,0,0,0,0,400,400,400,100.000000,12800,24952,51.298493,10,10,10,10,404,4,0,4,400,24952,152,0,0,0,0,404,0,0,0,0,85,5888
2560,W3,1,1,0,0,0,0,0,0,0,0,0,400,400,400,0,0,0,0,400,400,400,100.000000,12800,24952,51.298493,10,10,10,10,404,4,0,4,400,24952,152,0,0,0,0,404,0,0,0,0,109,5888
2561,W3,1,1,0,0,0,0,0,0,0,0,0,400,400,400,0,0,0,0,400,400,400,100.000000,12800,24952,51.298493,10,10,10,10,404,4,0,4,400,24952,152,0,0,0,0,404,0,0,0,0,91,5888
2562,W3,1,1,0,0,0,0,0,0,0,0,0,400,400,400,0,0,0,0,400,400,400,100.000000,12800,24952,51.298493,10,10,10,10,404,4,0,4,400,24952,152,0,0,0,0,404,0,0,0,0,86,5888
2563,W3,1,1,0,0,0,0,0,0,0,0,0,400,400,400,0,0,0,0,400,400,400,100.000000,12800,24952,51.298493,10,10,10,10,404,4,0,4,400,24952,152,0,0,0,0,404,0,0,0,0,87,5888
2564,W3,1,1,0,0,0,0,0,0,0,0,0,400,400,400,0,0,0,0,400,400,400,100.000000,12800,24952,51.298493,10,10,10,10,404,4,0,4,400,24952,152,0,0,0,0,404,0,0,0,0,96,5888
2565,W3,1,1,0,0,0,0,0,0,0,0,0,400,400,400,0,0,0,0,400,400,400,100.000000,12800,24952,51.298493,10,10,10,10,404,4,0,4,400,24952,152,0,0,0,0,404,0,0,0,0,97,5888
2566,W3,1,1,0,0,0,0,0,0,0,0,0,400,400,400,0,0,0,0,400,400,400,100.000000,12800,24952,51.298493,10,10,10,10,404,4,0,4,400,24952,152,0,0,0,0,404,0,0,0,0,93,5888
2567,W3,1,1,0,0,0,0,0,0,0,0,0,400,400,400,0,0,0,0,400,400,400,100.000000,12800,24952,51.298493,10,10,10,10,404,4,0,4,400,24952,152,0,0,0,0,404,0,0,0,0,87,5888
2568,W3,1,1,0,0,0,0,0,0,0,0,0,400,400,400,0,0,0,0,400,400,400,100.000000,12800,24952,51.298493,10,10,10,10,404,4,0,4,400,24952,152,0,0,0,0,404,0,0,0,0,93,5888
2569,W3,1,1,0,0,0,0,0,0,0,0,0,400,400,400,0,0,0,0,400,400,400,100.000000,12800,24952,51.298493,10,10,10,10,404,4,0,4,400,24952,152,0,0,0,0,404,0,0,0,0,89,5888
2570,W3,1,1,0,0,0,0,0,0,0,0,0,400,400,400,0,0,0,0,400,400,400,100.000000,12800,24952,51.298493,10,10,10,10,404,4,0,4,400,24952,152,0,0,0,0,404,0,0,0,0,93,5888
2571,W3,1,1,0,0,0,0,0,0,0,0,0,400,400,400,0,0,0,0,400,400,400,100.000000,12800,24952,51.298493,10,10,10,10,404,4,0,4,400,24952,152,0,0,0,0,404,0,0,0,0,90,5888
2572,W3,1,1,0,0,0,0,0,0,0,0,0,400,400,400,0,0,0,0,400,400,400,100.000000,12800,24952,51.298493,10,10,10,10,404,4,0,4,400,24952,152,0,0,0,0,404,0,0,0,0,89,5888
2573,W3,1,1,0,0,0,0,0,0,0,0,0,400,400,400,0,0,0,0,400,400,400,100.000000,12800,24952,51.298493,10,10,10,10,404,4,0,4,400,24952,152,0,0,0,0,404,0,0,0,0,91,5888
2574,W3,1,1,0,0,0,0,0,0,0,0,0,400,400,400,0,0,0,0,400,400,400,100.000000,12800,24952,51.298493,10,10,10,10,404,4,0,4,400,24952,152,0,0,0,0,404,0,0,0,0,84,5888
2575,W3,1,1,0,0,0,0,0,0,0,0,0,400,400,400,0,0,0,0,400,400,400,100.000000,12800,24952,51.298493,10,10,10,10,404,4,0,4,400,24952,152,0,0,0,0,404,0,0,0,0,86,5888
2576,W3,1,1,0,0,0,0,0,0,0,0,0,400,400,400,0,0,0,0,400,400,400,100.000000,12800,24952,51.298493,10,10,10,10,404,4,0,4,400,24952,152,0,0,0,0,404,0,0,0,0,89,5888
2577,W3,1,1,0,0,0,0,0,0,0,0,0,400,400,400,0,0,0,0,400,400,400,100.000000,12800,24952,51.298493,10,10,10,10,404,4,0,4,400,24952,152,0,0,0,0,404,0,0,0,0,92,5888
2578,W3,1,1,0,0,0,0,0,0,0,0,0,400,400,400,0,0,0,0,400,400,400,100.000000,12800,24952,51.298493,10,10,10,10,404,4,0,4,400,24952,152,0,0,0,0,404,0,0,0,0,92,5888
2579,W3,1,1,0,0,0,0,0,0,0,0,0,400,400,400,0,0,0,0,400,400,400,100.000000,12800,24952,51.298493,10,10,10,10,404,4,0,4,400,24952,152,0,0,0,0,404,0,0,0,0,86,5888
2580,W3,1,1,0,0,0,0,0,0,0,0,0,400,400,400,0,0,0,0,400,400,400,100.000000,12800,24952,51.298493,10,10,10,10,404,4,0,4,400,24952,152,0,0,0,0,404,0,0,0,0,90,5888
2581,W3,1,1,0,0,0,0,0,0,0,0,0,400,400,400,0,0,0,0,400,400,400,100.000000,12800,24952,51.298493,10,10,10,10,404,4,0,4,400,24952,152,0,0,0,0,404,0,0,0,0,88,5888
2582,W3,1,1,0,0,0,0,0,0,0,0,0,400,400,400,0,0,0,0,400,400,400,100.000000,12800,24952,51.298493,10,10,10,10,404,4,0,4,400,24952,152,0,0,0,0,404,0,0,0,0,106,5888
2583,W3,1,1,0,0,0,0,0,0,0,0,0,400,400,400,0,0,0,0,400,400,400,100.000000,12800,24952,51.298493,10,10,10,10,404,4,0,4,400,24952,152,0,0,0,0,404,0,0,0,0,93,5888
2584,W3,1,1,0,0,0,0,0,0,0,0,0,400,400,400,0,0,0,0,400,400,400,100.000000,12800,24952,51.298493,10,10,10,10,404,4,0,4,400,24952,152,0,0,0,0,404,0,0,0,0,98,5888
2585,W3,1,1,0,0,0,0,0,0,0,0,0,400,400,400,0,0,0,0,400,400,400,100.000000,12800,24952,51.298493,10,10,10,10,404,4,0,4,400,24952,152,0,0,0,0,404,0,0,0,0,88,5888
2586,W3,1,1,0,0,0,0,0,0,0,0,0,400,400,400,0,0,0,0,400,400,400,100.000000,12800,24952,51.298493,10,10,10,10,404,4,0,4,400,24952,152,0,0,0,0,404,0,0,0,0,94,5888
2587,W3,1,1,0,0,0,0,0,0,0,0,0,400,400,400,0,0,0,0,400,400,400,100.000000,12800,24952,51.298493,10,10,10,10,404,4,0,4,400,24952,152,0,0,0,0,404,0,0,0,0,92,5888
2588,W3,1,1,0,0,0,0,0,0,0,0,0,400,400,400,0,0,0,0,400,400,400,100.000000,12800,24952,51.298493,10,10,10,10,404,4,0,4,400,24952,152,0,0,0,0,404,0,0,0,0,95,5888
2589,W3,1,1,0,0,0,0,0,0,0,0,0,400,400,400,0,0,0,0,400,400,400,100.000000,12800,24952,51.298493,10,10,10,10,404,4,0,4,400,24952,152,0,0,0,0,404,0,0,0,0,90,5888
2590,W3,1,1,0,0,0,0,0,0,0,0,0,400,400,400,0,0,0,0,400,400,400,100.000000,12800,24952,51.298493,10,10,10,10,404,4,0,4,400,24952,152,0,0,0,0,404,0,0,0,0,83,5888
2591,W3,1,1,0,0,0,0,0,0,0,0,0,400,400,400,0,0,0,0,400,400,400,100.000000,12800,24952,51.298493,10,10,10,10,404,4,0,4,400,24952,152,0,0,0,0,404,0,0,0,0,99,5888
2592,W3,1,1,0,0,0,0,0,0,0,0,0,400,400,400,0,0,0,0,400,400,400,100.000000,12800,24952,51.298493,10,10,10,10,404,4,0,4,400,24952,152,0,0,0,0,404,0,0,0,0,94,5888
2593,W3,1,1,0,0,0,0,0,0,0,0,0,400,400,400,0,0,0,0,400,400,400,100.000000,12800,24952,51.298493,10,10,10,10,404,4,0,4,400,24952,152,0,0,0,0,404,0,0,0,0,88,5888
2594,W3,1,1,0,0,0,0,0,0,0,0,0,400,400,400,0,0,0,0,400,400,400,100.000000,12800,24952,51.298493,10,10,10,10,404,4,0,4,400,24952,152,0,0,0,0,404,0,0,0,0,92,5888
2595,W3,1,1,0,0,0,0,0,0,0,0,0,400,400,400,0,0,0,0,400,400,400,100.000000,12800,24952,51.298493,10,10,10,10,404,4,0,4,400,24952,152,0,0,0,0,404,0,0,0,0,94,5888
2596,W3,1,1,0,0,0,0,0,0,0,0,0,400,400,400,0,0,0,0,400,400,400,100.000000,12800,24952,51.298493,10,10,10,10,404,4,0,4,400,24952,152,0,0,0,0,404,0,0,0,0,92,5888
2597,W3,1,1,0,0,0,0,0,0,0,0,0,400,400,400,0,0,0,0,400,400,400,100.000000,12800,24952,51.298493,10,10,10,10,404,4,0,4,400,24952,152,0,0,0,0,404,0,0,0,0,86,5888
2598,W3,1,1,0,0,0,0,0,0,0,0,0,400,400,400,0,0,0,0,400,400,400,100.000000,12800,24952,51.298493,10,10,10,10,404,4,0,4,400,24952,152,0,0,0,0,404,0,0,0,0,93,5888
2599,W3,1,1,0,0,0,0,0,0,0,0,0,400,400,400,0,0,0,0,400,400,400,100.000000,12800,24952,51.298493,10,10,10,10,404,4,0,4,400,24952,152,0,0,0,0,404,0,0,0,0,89,5888
2600,W3,1,1,0,0,0,0,0,0,0,0,0,400,400,400,0,0,0,0,400,400,400,100.000000,12800,24952,51.298493,10,10,10,10,404,4,0,4,400,24952,152,0,0,0,0,404,0,0,0,0,99,5888
2601,W3,1,1,0,0,0,0,0,0,0,0,0,400,400,400,0,0,0,0,400,400,400,100.000000,12800,24952,51.298493,10,10,10,10,404,4,0,4,400,24952,152,0,0,0,0,404,0,0,0,0,92,5888
2602,W3,1,1,0,0,0,0,0,0,0,0,0,400,400,400,0,0,0,0,400,400,400,100.000000,12800,24952,51.298493,10,10,10,10,404,4,0,4,400,24952,152,0,0,0,0,404,0,0,0,0,92,5888
2603,W3,1,1,0,0,0,0,0,0,0,0,0,400,400,400,0,0,0,0,400,400,400,100.000000,12800,24952,51.298493,10,10,10,10,404,4,0,4,400,24952,152,0,0,0,0,404,0,0,0,0,174,5888
2604,W3,1,1,0,0,0,0,0,0,0,0,0,400,400,400,0,0,0,0,400,400,400,100.000000,12800,24952,51.298493,10,10,10,10,404,4,0,4,400,24952,152,0,0,0,0,404,0,0,0,0,89,5888
2605,W3,1,1,0,0,0,0,0,0,0,0,0,400,400,400,0,0,0,0,400,400,400,100.000000,12800,24952,51.298493,10,10,10,10,404,4,0,4,400,24952,152,0,0,0,0,404,0,0,0,0,86,5888
2606,W3,1,1,0,0,0,0,0,0,0,0,0,400,400,400,0,0,0,0,400,400,400,100.000000,12800,24952,51.298493,10,10,10,10,404,4,0,4,400,24952,152,0,0,0,0,404,0,0,0,0,137,5888
2607,W3,1,1,0,0,0,0,0,0,0,0,0,400,400,400,0,0,0,0,400,400,400,100.000000,12800,24952,51.298493,10,10,10,10,404,4,0,4,400,24952,152,0,0,0,0,404,0,0,0,0,91,5888
2608,W3,1,1,0,0,0,0,0,0,0,0,0,400,400,400,0,0,0,0,400,400,400,100.000000,12800,24952,51.298493,10,10,10,10,404,4,0,4,400,24952,152,0,0,0,0,404,0,0,0,0,113,5888
2609,W3,1,1,0,0,0,0,0,0,0,0,0,400,400,400,0,0,0,0,400,400,400,100.000000,12800,24952,51.298493,10,10,10,10,404,4,0,4,400,24952,152,0,0,0,0,404,0,0,0,0,98,5888
2610,W3,1,1,0,0,0,0,0,0,0,0,0,400,400,400,0,0,0,0,400,400,400,100.000000,12800,24952,51.298493,10,10,10,10,404,4,0,4,400,24952,152,0,0,0,0,404,0,0,0,0,90,5888
2611,W3,1,1,0,0,0,0,0,0,0,0,0,400,400,400,0,0,0,0,400,400,400,100.000000,12800,24952,51.298493,10,10,10,10,404,4,0,4,400,24952,152,0,0,0,0,404,0,0,0,0,86,5888
2612,W3,1,1,0,0,0,0,0,0,0,0,0,400,400,400,0,0,0,0,400,400,400,100.000000,12800,24952,51.298493,10,10,10,10,404,4,0,4,400,24952,152,0,0,0,0,404,0,0,0,0,94,5888
2613,W3,1,1,0,0,0,0,0,0,0,0,0,400,400,400,0,0,0,0,400,400,400,100.000000,12800,24952,51.298493,10,10,10,10,404,4,0,4,400,24952,152,0,0,0,0,404,0,0,0,0,84,5888
2614,W3,1,1,0,0,0,0,0,0,0,0,0,400,400,400,0,0,0,0,400,400,400,100.000000,12800,24952,51.298493,10,10,10,10,404,4,0,4,400,24952,152,0,0,0,0,404,0,0,0,0,119,5888
2615,W3,1,1,0,0,0,0,0,0,0,0,0,400,400,400,0,0,0,0,400,400,400,100.000000,12800,24952,51.298493,10,10,10,10,404,4,0,4,400,24952,152,0,0,0,0,404,0,0,0,0,93,5888
2616,W3,1,1,0,0,0,0,0,0,0,0,0,400,400,400,0,0,0,0,400,400,400,100.000000,12800,24952,51.298493,10,10,10,10,404,4,0,4,400,24952,152,0,0,0,0,404,0,0,0,0,94,5888
2617,W3,1,1,0,0,0,0,0,0,0,0,0,400,400,400,0,0,0,0,400,400,400,100.000000,12800,24952,51.298493,10,10,10,10,404,4,0,4,400,24952,152,0,0,0,0,404,0,0,0,0,125,5888
2618,W3,1,1,0,0,0,0,0,0,0,0,0,400,400,400,0,0,0,0,400,400,400,100.000000,12800,24952,51.298493,10,10,10,10,404,4,0,4,400,24952,152,0,0,0,0,404,0,0,0,0,93,5888
2619,W3,1,1,0,0,0,0,0,0,0,0,0,400,400,400,0,0,0,0,400,400,400,100.000000,12800,24952,51.298493,10,10,10,10,404,4,0,4,400,24952,152,0,0,0,0,404,0,0,0,0,89,5888
2620,W3,1,1,0,0,0,0,0,0,0,0,0,400,400,400,0,0,0,0,400,400,400,100.000000,12800,24952,51.298493,10,10,10,10,404,4,0,4,400,24952,152,0,0,0,0,404,0,0,0,0,88,5888
2621,W3,1,1,0,0,0,0,0,0,0,0,0,400,400,400,0,0,0,0,400,400,400,100.000000,12800,24952,51.298493,10,10,10,10,404,4,0,4,400,24952,152,0,0,0,0,404,0,0,0,0,86,5888
2622,W3,1,1,0,0,0,0,0,0,0,0,0,400,400,400,0,0,0,0,400,400,400,100.000000,12800,24952,51.298493,10,10,10,10,404,4,0,4,400,24952,152,0,0,0,0,404,0,0,0,0,93,5888
2623,W3,1,1,0,0,0,0,0,0,0,0,0,400,400,400,0,0,0,0,400,400,400,100.000000,12800,24952,51.298493,10,10,10,10,404,4,0,4,400,24952,152,0,0,0,0,404,0,0,0,0,97,5888
2624,W3,1,1,0,0,0,0,0,0,0,0,0,400,400,400,0,0,0,0,400,400,400,100.000000,12800,24952,51.298493,10,10,10,10,404,4,0,4,400,24952,152,0,0,0,0,404,0,0,0,0,88,5888
2625,W3,1,1,0,0,0,0,0,0,0,0,0,400,400,400,0,0,0,0,400,400,400,100.000000,12800,24952,51.298493,10,10,10,10,404,4,0,4,400,24952,152,0,0,0,0,404,0,0,0,0,103,5888
2626,W3,1,1,0,0,0,0,0,0,0,0,0,400,400,400,0,0,0,0,400,400,400,100.000000,12800,24952,51.298493,10,10,10,10,404,4,0,4,400,24952,152,0,0,0,0,404,0,0,0,0,94,5888
2627,W3,1,1,0,0,0,0,0,0,0,0,0,400,400,400,0,0,0,0,400,400,400,100.000000,12800,24952,51.298493,10,10,10,10,404,4,0,4,400,24952,152,0,0,0,0,404,0,0,0,0,95,5888
2628,W3,1,1,0,0,0,0,0,0,0,0,0,400,400,400,0,0,0,0,400,400,400,100.000000,12800,24952,51.298493,10,10,10,10,404,4,0,4,400,24952,152,0,0,0,0,404,0,0,0,0,88,5888
2629,W3,1,1,0,0,0,0,0,0,0,0,0,400,400,400,0,0,0,0,400,400,400,100.000000,12800,24952,51.298493,10,10,10,10,404,4,0,4,400,24952,152,0,0,0,0,404,0,0,0,0,92,5888
2630,W3,1,1,0,0,0,0,0,0,0,0,0,400,400,400,0,0,0,0,400,400,400,100.000000,12800,24952,51.298493,10,10,10,10,404,4,0,4,400,24952,152,0,0,0,0,404,0,0,0,0,89,5888
2631,W3,1,1,0,0,0,0,0,0,0,0,0,400,400,400,0,0,0,0,400,400,400,100.000000,12800,24952,51.298493,10,10,10,10,404,4,0,4,400,24952,152,0,0,0,0,404,0,0,0,0,97,5888
2632,W3,1,1,0,0,0,0,0,0,0,0,0,400,400,400,0,0,0,0,400,400,400,100.000000,12800,24952,51.298493,10,10,10,10,404,4,0,4,400,24952,152,0,0,0,0,404,0,0,0,0,92,5888
2633,W3,1,1,0,0,0,0,0,0,0,0,0,400,400,400,0,0,0,0,400,400,400,100.000000,12800,24952,51.298493,10,10,10,10,404,4,0,4,400,24952,152,0,0,0,0,404,0,0,0,0,118,5888
2634,W3,1,1,0,0,0,0,0,0,0,0,0,400,400,400,0,0,0,0,400,400,400,100.000000,12800,24952,51.298493,10,10,10,10,404,4,0,4,400,24952,152,0,0,0,0,404,0,0,0,0,94,5888
2635,W3,1,1,0,0,0,0,0,0,0,0,0,400,400,400,0,0,0,0,400,400,400,100.000000,12800,24952,51.298493,10,10,10,10,404,4,0,4,400,24952,152,0,0,0,0,404,0,0,0,0,93,5888
2636,W3,1,1,0,0,0,0,0,0,0,0,0,400,400,400,0,0,0,0,400,400,400,100.000000,12800,24952,51.298493,10,10,10,10,404,4,0,4,400,24952,152,0,0,0,0,404,0,0,0,0,91,5888
2637,W3,1,1,0,0,0,0,0,0,0,0,0,400,400,400,0,0,0,0,400,400,400,100.000000,12800,24952,51.298493,10,10,10,10,404,4,0,4,400,24952,152,0,0,0,0,404,0,0,0,0,93,5888
2638,W3,1,1,0,0,0,0,0,0,0,0,0,400,400,400,0,0,0,0,400,400,400,100.000000,12800,24952,51.298493,10,10,10,10,404,4,0,4,400,24952,152,0,0,0,0,404,0,0,0,0,96,5888
2639,W3,1,1,0,0,0,0,0,0,0,0,0,400,400,400,0,0,0,0,400,400,400,100.000000,12800,24952,51.298493,10,10,10,10,404,4,0,4,400,24952,152,0,0,0,0,404,0,0,0,0,120,5888
2640,W3,1,1,0,0,0,0,0,0,0,0,0,400,400,400,0,0,0,0,400,400,400,100.000000,12800,24952,51.298493,10,10,10,10,404,4,0,4,400,24952,152,0,0,0,0,404,0,0,0,0,94,5888
2641,W3,1,1,0,0,0,0,0,0,0,0,0,400,400,400,0,0,0,0,400,400,400,100.000000,12800,24952,51.298493,10,10,10,10,404,4,0,4,400,24952,152,0,0,0,0,404,0,0,0,0,93,5888
2642,W3,1,1,0,0,0,0,0,0,0,0,0,400,400,400,0,0,0,0,400,400,400,100.000000,12800,24952,51.298493,10,10,10,10,404,4,0,4,400,24952,152,0,0,0,0,404,0,0,0,0,87,5888
2643,W3,1,1,0,0,0,0,0,0,0,0,0,400,400,400,0,0,0,0,400,400,400,100.000000,12800,24952,51.298493,10,10,10,10,404,4,0,4,400,24952,152,0,0,0,0,404,0,0,0,0,95,5888
2644,W3,1,1,0,0,0,0,0,0,0,0,0,400,400,400,0,0,0,0,400,400,400,100.000000,12800,24952,51.298493,10,10,10,10,404,4,0,4,400,24952,152,0,0,0,0,404,0,0,0,0,92,5888
2645,W3,1,1,0,0,0,0,0,0,0,0,0,400,400,400,0,0,0,0,400,400,400,100.000000,12800,24952,51.298493,10,10,10,10,404,4,0,4,400,24952,152,0,0,0,0,404,0,0,0,0,86,5888
2646,W3,1,1,0,0,0,0,0,0,0,0,0,400,400,400,0,0,0,0,400,400,400,100.000000,12800,24952,51.298493,10,10,10,10,404,4,0,4,400,24952,152,0,0,0,0,404,0,0,0,0,90,5888
2647,W3,1,1,0,0,0,0,0,0,0,0,0,400,400,400,0,0,0,0,400,400,400,100.000000,12800,24952,51.298493,10,10,10,10,404,4,0,4,400,24952,152,0,0,0,0,404,0,0,0,0,83,5888
2648,W3,1,1,0,0,0,0,0,0,0,0,0,400,400,400,0,0,0,0,400,400,400,100.000000,12800,24952,51.298493,10,10,10,10,404,4,0,4,400,24952,152,0,0,0,0,404,0,0,0,0,97,5888
2649,W3,1,1,0,0,0,0,0,0,0,0,0,400,400,400,0,0,0,0,400,400,400,100.000000,12800,24952,51.298493,10,10,10,10,404,4,0,4,400,24952,152,0,0,0,0,404,0,0,0,0,93,5888
2650,W3,1,1,0,0,0,0,0,0,0,0,0,400,400,400,0,0,0,0,400,400,400,100.000000,12800,24952,51.298493,10,10,10,10,404,4,0,4,400,24952,152,0,0,0,0,404,0,0,0,0,94,5888
2651,W3,1,1,0,0,0,0,0,0,0,0,0,400,400,400,0,0,0,0,400,400,400,100.000000,12800,24952,51.298493,10,10,10,10,404,4,0,4,400,24952,152,0,0,0,0,404,0,0,0,0,88,5888
2652,W3,1,1,0,0,0,0,0,0,0,0,0,400,400,400,0,0,0,0,400,400,400,100.000000,12800,24952,51.298493,10,10,10,10,404,4,0,4,400,24952,152,0,0,0,0,404,0,0,0,0,91,5888
2653,W3,1,1,0,0,0,0,0,0,0,0,0,400,400,400,0,0,0,0,400,400,400,100.000000,12800,24952,51.298493,10,10,10,10,404,4,0,4,400,24952,152,0,0,0,0,404,0,0,0,0,99,5888
2654,W3,1,1,0,0,0,0,0,0,0,0,0,400,400,400,0,0,0,0,400,400,400,100.000000,12800,24952,51.298493,10,10,10,10,404,4,0,4,400,24952,152,0,0,0,0,404,0,0,0,0,93,5888
2655,W3,1,1,0,0,0,0,0,0,0,0,0,400,400,400,0,0,0,0,400,400,400,100.000000,12800,24952,51.298493,10,10,10,10,404,4,0,4,400,24952,152,0,0,0,0,404,0,0,0,0,97,5888
2656,W3,1,1,0,0,0,0,0,0,0,0,0,400,400,400,0,0,0,0,400,400,400,100.000000,12800,24952,51.298493,10,10,10,10,404,4,0,4,400,24952,152,0,0,0,0,404,0,0,0,0,95,5888
2657,W3,1,1,0,0,0,0,0,0,0,0,0,400,400,400,0,0,0,0,400,400,400,100.000000,12800,24952,51.298493,10,10,10,10,404,4,0,4,400,24952,152,0,0,0,0,404,0,0,0,0,94,5888
2658,W3,1,1,0,0,0,0,0,0,0,0,0,400,400,400,0,0,0,0,400,400,400,100.000000,12800,24952,51.298493,10,10,10,10,404,4,0,4,400,24952,152,0,0,0,0,404,0,0,0,0,96,5888
2659,W3,1,1,0,0,0,0,0,0,0,0,0,400,400,400,0,0,0,0,400,400,400,100.000000,12800,24952,51.298493,10,10,10,10,404,4,0,4,400,24952,152,0,0,0,0,404,0,0,0,0,87,5888
2660,W3,1,1,0,0,0,0,0,0,0,0,0,400,400,400,0,0,0,0,400,400,400,100.000000,12800,24952,51.298493,10,10,10,10,404,4,0,4,400,24952,152,0,0,0,0,404,0,0,0,0,83,5888
2661,W3,1,1,0,0,0,0,0,0,0,0,0,400,400,400,0,0,0,0,400,400,400,100.000000,12800,24952,51.298493,10,10,10,10,404,4,0,4,400,24952,152,0,0,0,0,404,0,0,0,0,86,5888
2662,W3,1,1,0,0,0,0,0,0,0,0,0,400,400,400,0,0,0,0,400,400,400,100.000000,12800,24952,51.298493,10,10,10,10,404,4,0,4,400,24952,152,0,0,0,0,404,0,0,0,0,99,5888
2663,W3,1,1,0,0,0,0,0,0,0,0,0,400,400,400,0,0,0,0,400,400,400,100.000000,12800,24952,51.298493,10,10,10,10,404,4,0,4,400,24952,152,0,0,0,0,404,0,0,0,0,90,5888
2664,W3,1,1,0,0,0,0,0,0,0,0,0,400,400,400,0,0,0,0,400,400,400,100.000000,12800,24952,51.298493,10,10,10,10,404,4,0,4,400,24952,152,0,0,0,0,404,0,0,0,0,89,5888
2665,W3,1,1,0,0,0,0,0,0,0,0,0,400,400,400,0,0,0,0,400,400,400,100.000000,12800,24952,51.298493,10,10,10,10,404,4,0,4,400,24952,152,0,0,0,0,404,0,0,0,0,91,5888
2666,W3,1,1,0,0,0,0,0,0,0,0,0,400,400,400,0,0,0,0,400,400,400,100.000000,12800,24952,51.298493,10,10,10,10,404,4,0,4,400,24952,152,0,0,0,0,404,0,0,0,0,91,5888
2667,W3,1,1,0,0,0,0,0,0,0,0,0,400,400,400,0,0,0,0,400,400,400,100.000000,12800,24952,51.298493,10,10,10,10,404,4,0,4,400,24952,152,0,0,0,0,404,0,0,0,0,108,5888
2668,W3,1,1,0,0,0,0,0,0,0,0,0,400,400,400,0,0,0,0,400,400,400,100.000000,12800,24952,51.298493,10,10,10,10,404,4,0,4,400,24952,152,0,0,0,0,404,0,0,0,0,85,5888
2669,W3,1,1,0,0,0,0,0,0,0,0,0,400,400,400,0,0,0,0,400,400,400,100.000000,12800,24952,51.298493,10,10,10,10,404,4,0,4,400,24952,152,0,0,0,0,404,0,0,0,0,92,5888
2670,W3,1,1,0,0,0,0,0,0,0,0,0,400,400,400,0,0,0,0,400,400,400,100.000000,12800,24952,51.298493,10,10,10,10,404,4,0,4,400,24952,152,0,0,0,0,404,0,0,0,0,93,5888
2671,W3,1,1,0,0,0,0,0,0,0,0,0,400,400,400,0,0,0,0,400,400,400,100.000000,12800,24952,51.298493,10,10,10,10,404,4,0,4,400,24952,152,0,0,0,0,404,0,0,0,0,87,5888
2672,W3,1,1,0,0,0,0,0,0,0,0,0,400,400,400,0,0,0,0,400,400,400,100.000000,12800,24952,51.298493,10,10,10,10,404,4,0,4,400,24952,152,0,0,0,0,404,0,0,0,0,93,5888
2673,W3,1,1,0,0,0,0,0,0,0,0,0,400,400,400,0,0,0,0,400,400,400,100.000000,12800,24952,51.298493,10,10,10,10,404,4,0,4,400,24952,152,0,0,0,0,404,0,0,0,0,104,5888
2674,W3,1,1,0,0,0,0,0,0,0,0,0,400,400,400,0,0,0,0,400,400,400,100.000000,12800,24952,51.298493,10,10,10,10,404,4,0,4,400,24952,152,0,0,0,0,404,0,0,0,0,87,5888
2675,W3,1,1,0,0,0,0,0,0,0,0,0,400,400,400,0,0,0,0,400,400,400,100.000000,12800,24952,51.298493,10,10,10,10,404,4,0,4,400,24952,152,0,0,0,0,404,0,0,0,0,81,5888
2676,W3,1,1,0,0,0,0,0,0,0,0,0,400,400,400,0,0,0,0,400,400,400,100.000000,12800,24952,51.298493,10,10,10,10,404,4,0,4,400,24952,152,0,0,0,0,404,0,0,0,0,104,5888
2677,W3,1,1,0,0,0,0,0,0,0,0,0,400,400,400,0,0,0,0,400,400,400,100.000000,12800,24952,51.298493,10,10,10,10,404,4,0,4,400,24952,152,0,0,0,0,404,0,0,0,0,116,5888
2678,W3,1,1,0,0,0,0,0,0,0,0,0,400,400,400,0,0,0,0,400,400,400,100.000000,12800,24952,51.298493,10,10,10,10,404,4,0,4,400,24952,152,0,0,0,0,404,0,0,0,0,94,5888
2679,W3,1,1,0,0,0,0,0,0,0,0,0,400,400,400,0,0,0,0,400,400,400,100.000000,12800,24952,51.298493,10,10,10,10,404,4,0,4,400,24952,152,0,0,0,0,404,0,0,0,0,82,5888
2680,W3,1,1,0,0,0,0,0,0,0,0,0,400,400,400,0,0,0,0,400,400,400,100.000000,12800,24952,51.298493,10,10,10,10,404,4,0,4,400,24952,152,0,0,0,0,404,0,0,0,0,111,5888
2681,W3,1,1,0,0,0,0,0,0,0,0,0,400,400,400,0,0,0,0,400,400,400,100.000000,12800,24952,51.298493,10,10,10,10,404,4,0,4,400,24952,152,0,0,0,0,404,0,0,0,0,91,5888
2682,W3,1,1,0,0,0,0,0,0,0,0,0,400,400,400,0,0,0,0,400,400,400,100.000000,12800,24952,51.298493,10,10,10,10,404,4,0,4,400,24952,152,0,0,0,0,404,0,0,0,0,95,5888
2683,W3,1,1,0,0,0,0,0,0,0,0,0,400,400,400,0,0,0,0,400,400,400,100.000000,12800,24952,51.298493,10,10,10,10,404,4,0,4,400,24952,152,0,0,0,0,404,0,0,0,0,93,5888
2684,W3,1,1,0,0,0,0,0,0,0,0,0,400,400,400,0,0,0,0,400,400,400,100.000000,12800,24952,51.298493,10,10,10,10,404,4,0,4,400,24952,152,0,0,0,0,404,0,0,0,0,89,5888
2685,W3,1,1,0,0,0,0,0,0,0,0,0,400,400,400,0,0,0,0,400,400,400,100.000000,12800,24952,51.298493,10,10,10,10,404,4,0,4,400,24952,152,0,0,0,0,404,0,0,0,0,88,5888
2686,W3,1,1,0,0,0,0,0,0,0,0,0,400,400,400,0,0,0,0,400,400,400,100.000000,12800,24952,51.298493,10,10,10,10,404,4,0,4,400,24952,152,0,0,0,0,404,0,0,0,0,84,5888
2687,W3,1,1,0,0,0,0,0,0,0,0,0,400,400,400,0,0,0,0,400,400,400,100.000000,12800,24952,51.298493,10,10,10,10,404,4,0,4,400,24952,152,0,0,0,0,404,0,0,0,0,94,5888
2688,W3,1,1,0,0,0,0,0,0,0,0,0,400,400,400,0,0,0,0,400,400,400,100.000000,12800,24952,51.298493,10,10,10,10,404,4,0,4,400,24952,152,0,0,0,0,404,0,0,0,0,121,5888
2689,W3,1,1,0,0,0,0,0,0,0,0,0,400,400,400,0,0,0,0,400,400,400,100.000000,12800,24952,51.298493,10,10,10,10,404,4,0,4,400,24952,152,0,0,0,0,404,0,0,0,0,156,5888
2690,W3,1,1,0,0,0,0,0,0,0,0,0,400,400,400,0,0,0,0,400,400,400,100.000000,12800,24952,51.298493,10,10,10,10,404,4,0,4,400,24952,152,0,0,0,0,404,0,0,0,0,100,5888
2691,W3,1,1,0,0,0,0,0,0,0,0,0,400,400,400,0,0,0,0,400,400,400,100.000000,12800,24952,51.298493,10,10,10,10,404,4,0,4,400,24952,152,0,0,0,0,404,0,0,0,0,96,5888
2692,W3,1,1,0,0,0,0,0,0,0,0,0,400,400,400,0,0,0,0,400,400,400,100.000000,12800,24952,51.298493,10,10,10,10,404,4,0,4,400,24952,152,0,0,0,0,404,0,0,0,0,92,5888
2693,W3,1,1,0,0,0,0,0,0,0,0,0,400,400,400,0,0,0,0,400,400,400,100.000000,12800,24952,51.298493,10,10,10,10,404,4,0,4,400,24952,152,0,0,0,0,404,0,0,0,0,95,5888
2694,W3,1,1,0,0,0,0,0,0,0,0,0,400,400,400,0,0,0,0,400,400,400,100.000000,12800,24952,51.298493,10,10,10,10,404,4,0,4,400,24952,152,0,0,0,0,404,0,0,0,0,98,5888
2695,W3,1,1,0,0,0,0,0,0,0,0,0,400,400,400,0,0,0,0,400,400,400,100.000000,12800,24952,51.298493,10,10,10,10,404,4,0,4,400,24952,152,0,0,0,0,404,0,0,0,0,96,5888
2696,W3,1,1,0,0,0,0,0,0,0,0,0,400,400,400,0,0,0,0,400,400,400,100.000000,12800,24952,51.298493,10,10,10,10,404,4,0,4,400,24952,152,0,0,0,0,404,0,0,0,0,93,5888
2697,W3,1,1,0,0,0,0,0,0,0,0,0,400,400,400,0,0,0,0,400,400,400,100.000000,12800,24952,51.298493,10,10,10,10,404,4,0,4,400,24952,152,0,0,0,0,404,0,0,0,0,89,5888
2698,W3,1,1,0,0,0,0,0,0,0,0,0,400,400,400,0,0,0,0,400,400,400,100.000000,12800,24952,51.298493,10,10,10,10,404,4,0,4,400,24952,152,0,0,0,0,404,0,0,0,0,90,5888
2699,W3,1,1,0,0,0,0,0,0,0,0,0,400,400,400,0,0,0,0,400,400,400,100.000000,12800,24952,51.298493,10,10,10,10,404,4,0,4,400,24952,152,0,0,0,0,404,0,0,0,0,94,5888
2700,W3,1,1,0,0,0,0,0,0,0,0,0,400,400,400,0,0,0,0,400,400,400,100.000000,12800,24952,51.298493,10,10,10,10,404,4,0,4,400,24952,152,0,0,0,0,404,0,0,0,0,87,5888
2701,W3,1,1,0,0,0,0,0,0,0,0,0,400,400,400,0,0,0,0,400,400,400,100.000000,12800,24952,51.298493,10,10,10,10,404,4,0,4,400,24952,152,0,0,0,0,404,0,0,0,0,96,5888
2702,W3,1,1,0,0,0,0,0,0,0,0,0,400,400,400,0,0,0,0,400,400,400,100.000000,12800,24952,51.298493,10,10,10,10,404,4,0,4,400,24952,152,0,0,0,0,404,0,0,0,0,88,5888
2703,W3,1,1,0,0,0,0,0,0,0,0,0,400,400,400,0,0,0,0,400,400,400,100.000000,12800,24952,51.298493,10,10,10,10,404,4,0,4,400,24952,152,0,0,0,0,404,0,0,0,0,104,5888
2704,W3,1,1,0,0,0,0,0,0,0,0,0,400,400,400,0,0,0,0,400,400,400,100.000000,12800,24952,51.298493,10,10,10,10,404,4,0,4,400,24952,152,0,0,0,0,404,0,0,0,0,96,5888
2705,W3,1,1,0,0,0,0,0,0,0,0,0,400,400,400,0,0,0,0,400,400,400,100.000000,12800,24952,51.298493,10,10,10,10,404,4,0,4,400,24952,152,0,0,0,0,404,0,0,0,0,105,5888
2706,W3,1,1,0,0,0,0,0,0,0,0,0,400,400,400,0,0,0,0,400,400,400,100.000000,12800,24952,51.298493,10,10,10,10,404,4,0,4,400,24952,152,0,0,0,0,404,0,0,0,0,89,5888
2707,W3,1,1,0,0,0,0,0,0,0,0,0,400,400,400,0,0,0,0,400,400,400,100.000000,12800,24952,51.298493,10,10,10,10,404,4,0,4,400,24952,152,0,0,0,0,404,0,0,0,0,88,5888
2708,W3,1,1,0,0,0,0,0,0,0,0,0,400,400,400,0,0,0,0,400,400,400,100.000000,12800,24952,51.298493,10,10,10,10,404,4,0,4,400,24952,152,0,0,0,0,404,0,0,0,0,93,5888
2709,W3,1,1,0,0,0,0,0,0,0,0,0,400,400,400,0,0,0,0,400,400,400,100.000000,12800,24952,51.298493,10,10,10,10,404,4,0,4,400,24952,152,0,0,0,0,404,0,0,0,0,86,5888
2710,W3,1,1,0,0,0,0,0,0,0,0,0,400,400,400,0,0,0,0,400,400,400,100.000000,12800,24952,51.298493,10,10,10,10,404,4,0,4,400,24952,152,0,0,0,0,404,0,0,0,0,98,5888
2711,W3,1,1,0,0,0,0,0,0,0,0,0,400,400,400,0,0,0,0,400,400,400,100.000000,12800,24952,51.298493,10,10,10,10,404,4,0,4,400,24952,152,0,0,0,0,404,0,0,0,0,124,5888
2712,W3,1,1,0,0,0,0,0,0,0,0,0,400,400,400,0,0,0,0,400,400,400,100.000000,12800,24952,51.298493,10,10,10,10,404,4,0,4,400,24952,152,0,0,0,0,404,0,0,0,0,129,5888
2713,W3,1,1,0,0,0,0,0,0,0,0,0,400,400,400,0,0,0,0,400,400,400,100.000000,12800,24952,51.298493,10,10,10,10,404,4,0,4,400,24952,152,0,0,0,0,404,0,0,0,0,109,5888
2714,W3,1,1,0,0,0,0,0,0,0,0,0,400,400,400,0,0,0,0,400,400,400,100.000000,12800,24952,51.298493,10,10,10,10,404,4,0,4,400,24952,152,0,0,0,0,404,0,0,0,0,90,5888
2715,W3,1,1,0,0,0,0,0,0,0,0,0,400,400,400,0,0,0,0,400,400,400,100.000000,12800,24952,51.298493,10,10,10,10,404,4,0,4,400,24952,152,0,0,0,0,404,0,0,0,0,85,5888
2716,W3,1,1,0,0,0,0,0,0,0,0,0,400,400,400,0,0,0,0,400,400,400,100.000000,12800,24952,51.298493,10,10,10,10,404,4,0,4,400,24952,152,0,0,0,0,404,0,0,0,0,92,5888
2717,W3,1,1,0,0,0,0,0,0,0,0,0,400,400,400,0,0,0,0,400,400,400,100.000000,12800,24952,51.298493,10,10,10,10,404,4,0,4,400,24952,152,0,0,0,0,404,0,0,0,0,108,5888
2718,W3,1,1,0,0,0,0,0,0,0,0,0,400,400,400,0,0,0,0,400,400,400,100.000000,12800,24952,51.298493,10,10,10,10,404,4,0,4,400,24952,152,0,0,0,0,404,0,0,0,0,81,5888
2719,W3,1,1,0,0,0,0,0,0,0,0,0,400,400,400,0,0,0,0,400,400,400,100.000000,12800,24952,51.298493,10,10,10,10,404,4,0,4,400,24952,152,0,0,0,0,404,0,0,0,0,99,5888
2720,W3,1,1,0,0,0,0,0,0,0,0,0,400,400,400,0,0,0,0,400,400,400,100.000000,12800,24952,51.298493,10,10,10,10,404,4,0,4,400,24952,152,0,0,0,0,404,0,0,0,0,90,5888
2721,W3,1,1,0,0,0,0,0,0,0,0,0,400,400,400,0,0,0,0,400,400,400,100.000000,12800,24952,51.298493,10,10,10,10,404,4,0,4,400,24952,152,0,0,0,0,404,0,0,0,0,121,5888
2722,W3,1,1,0,0,0,0,0,0,0,0,0,400,400,400,0,0,0,0,400,400,400,100.000000,12800,24952,51.298493,10,10,10,10,404,4,0,4,400,24952,152,0,0,0,0,404,0,0,0,0,89,5888
2723,W3,1,1,0,0,0,0,0,0,0,0,0,400,400,400,0,0,0,0,400,400,400,100.000000,12800,24952,51.298493,10,10,10,10,404,4,0,4,400,24952,152,0,0,0,0,404,0,0,0,0,87,5888
2724,W3,1,1,0,0,0,0,0,0,0,0,0,400,400,400,0,0,0,0,400,400,400,100.000000,12800,24952,51.298493,10,10,10,10,404,4,0,4,400,24952,152,0,0,0,0,404,0,0,0,0,95,5888
2725,W3,1,1,0,0,0,0,0,0,0,0,0,400,400,400,0,0,0,0,400,400,400,100.000000,12800,24952,51.298493,10,10,10,10,404,4,0,4,400,24952,152,0,0,0,0,404,0,0,0,0,92,5888
2726,W3,1,1,0,0,0,0,0,0,0,0,0,400,400,400,0,0,0,0,400,400,400,100.000000,12800,24952,51.298493,10,10,10,10,404,4,0,4,400,24952,152,0,0,0,0,404,0,0,0,0,99,5888
2727,W3,1,1,0,0,0,0,0,0,0,0,0,400,400,400,0,0,0,0,400,400,400,100.000000,12800,24952,51.298493,10,10,10,10,404,4,0,4,400,24952,152,0,0,0,0,404,0,0,0,0,89,5888
2728,W3,1,1,0,0,0,0,0,0,0,0,0,400,400,400,0,0,0,0,400,400,400,100.000000,12800,24952,51.298493,10,10,10,10,404,4,0,4,400,24952,152,0,0,0,0,404,0,0,0,0,105,5888
2729,W3,1,1,0,0,0,0,0,0,0,0,0,400,400,400,0,0,0,0,400,400,400,100.000000,12800,24952,51.298493,10,10,10,10,404,4,0,4,400,24952,152,0,0,0,0,404,0,0,0,0,89,5888
2730,W3,1,1,0,0,0,0,0,0,0,0,0,400,400,400,0,0,0,0,400,400,400,100.000000,12800,24952,51.298493,10,10,10,10,404,4,0,4,400,24952,152,0,0,0,0,404,0,0,0,0,94,5888
2731,W3,1,1,0,0,0,0,0,0,0,0,0,400,400,400,0,0,0,0,400,400,400,100.000000,12800,24952,51.298493,10,10,10,10,404,4,0,4,400,24952,152,0,0,0,0,404,0,0,0,0,107,5888
2732,W3,1,1,0,0,0,0,0,0,0,0,0,400,400,400,0,0,0,0,400,400,400,100.000000,12800,24952,51.298493,10,10,10,10,404,4,0,4,400,24952,152,0,0,0,0,404,0,0,0,0,88,5888
2733,W3,1,1,0,0,0,0,0,0,0,0,0,400,400,400,0,0,0,0,400,400,400,100.000000,12800,24952,51.298493,10,10,10,10,404,4,0,4,400,24952,152,0,0,0,0,404,0,0,0,0,84,5888
2734,W3,1,1,0,0,0,0,0,0,0,0,0,400,400,400,0,0,0,0,400,400,400,100.000000,12800,24952,51.298493,10,10,10,10,404,4,0,4,400,24952,152,0,0,0,0,404,0,0,0,0,84,5888
2735,W3,1,1,0,0,0,0,0,0,0,0,0,400,400,400,0,0,0,0,400,400,400,100.000000,12800,24952,51.298493,10,10,10,10,404,4,0,4,400,24952,152,0,0,0,0,404,0,0,0,0,128,5888
2736,W3,1,1,0,0,0,0,0,0,0,0,0,400,400,400,0,0,0,0,400,400,400,100.000000,12800,24952,51.298493,10,10,10,10,404,4,0,4,400,24952,152,0,0,0,0,404,0,0,0,0,87,5888
2737,W3,1,1,0,0,0,0,0,0,0,0,0,400,400,400,0,0,0,0,400,400,400,100.000000,12800,24952,51.298493,10,10,10,10,404,4,0,4,400,24952,152,0,0,0,0,404,0,0,0,0,89,5888
2738,W3,1,1,0,0,0,0,0,0,0,0,0,400,400,400,0,0,0,0,400,400,400,100.000000,12800,24952,51.298493,10,10,10,10,404,4,0,4,400,24952,152,0,0,0,0,404,0,0,0,0,91,5888
2739,W3,1,1,0,0,0,0,0,0,0,0,0,400,400,400,0,0,0,0,400,400,400,100.000000,12800,24952,51.298493,10,10,10,10,404,4,0,4,400,24952,152,0,0,0,0,404,0,0,0,0,105,5888
2740,W3,1,1,0,0,0,0,0,0,0,0,0,400,400,400,0,0,0,0,400,400,400,100.000000,12800,24952,51.298493,10,10,10,10,404,4,0,4,400,24952,152,0,0,0,0,404,0,0,0,0,93,5888
2741,W3,1,1,0,0,0,0,0,0,0,0,0,400,400,400,0,0,0,0,400,400,400,100.000000,12800,24952,51.298493,10,10,10,10,404,4,0,4,400,24952,152,0,0,0,0,404,0,0,0,0,84,5888
2742,W3,1,1,0,0,0,0,0,0,0,0,0,400,400,400,0,0,0,0,400,400,400,100.000000,12800,24952,51.298493,10,10,10,10,404,4,0,4,400,24952,152,0,0,0,0,404,0,0,0,0,95,5888
2743,W3,1,1,0,0,0,0,0,0,0,0,0,400,400,400,0,0,0,0,400,400,400,100.000000,12800,24952,51.298493,10,10,10,10,404,4,0,4,400,24952,152,0,0,0,0,404,0,0,0,0,82,5888
2744,W3,1,1,0,0,0,0,0,0,0,0,0,400,400,400,0,0,0,0,400,400,400,100.000000,12800,24952,51.298493,10,10,10,10,404,4,0,4,400,24952,152,0,0,0,0,404,0,0,0,0,100,5888
2745,W3,1,1,0,0,0,0,0,0,0,0,0,400,400,400,0,0,0,0,400,400,400,100.000000,12800,24952,51.298493,10,10,10,10,404,4,0,4,400,24952,152,0,0,0,0,404,0,0,0,0,88,5888
2746,W3,1,1,0,0,0,0,0,0,0,0,0,400,400,400,0,0,0,0,400,400,400,100.000000,12800,24952,51.298493,10,10,10,10,404,4,0,4,400,24952,152,0,0,0,0,404,0,0,0,0,114,5888
2747,W3,1,1,0,0,0,0,0,0,0,0,0,400,400,400,0,0,0,0,400,400,400,100.000000,12800,24952,51.298493,10,10,10,10,404,4,0,4,400,24952,152,0,0,0,0,404,0,0,0,0,87,5888
2748,W3,1,1,0,0,0,0,0,0,0,0,0,400,400,400,0,0,0,0,400,400,400,100.000000,12800,24952,51.298493,10,10,10,10,404,4,0,4,400,24952,152,0,0,0,0,404,0,0,0,0,88,5888
2749,W3,1,1,0,0,0,0,0,0,0,0,0,400,400,400,0,0,0,0,400,400,400,100.000000,12800,24952,51.298493,10,10,10,10,404,4,0,4,400,24952,152,0,0,0,0,404,0,0,0,0,89,5888
2750,W3,1,1,0,0,0,0,0,0,0,0,0,400,400,400,0,0,0,0,400,400,400,100.000000,12800,24952,51.298493,10,10,10,10,404,4,0,4,400,24952,152,0,0,0,0,404,0,0,0,0,84,5888
2751,W3,1,1,0,0,0,0,0,0,0,0,0,400,400,400,0,0,0,0,400,400,400,100.000000,12800,24952,51.298493,10,10,10,10,404,4,0,4,400,24952,152,0,0,0,0,404,0,0,0,0,86,5888
2752,W3,1,1,0,0,0,0,0,0,0,0,0,400,400,400,0,0,0,0,400,400,400,100.000000,12800,24952,51.298493,10,10,10,10,404,4,0,4,400,24952,152,0,0,0,0,404,0,0,0,0,96,5888
2753,W3,1,1,0,0,0,0,0,0,0,0,0,400,400,400,0,0,0,0,400,400,400,100.000000,12800,24952,51.298493,10,10,10,10,404,4,0,4,400,24952,152,0,0,0,0,404,0,0,0,0,99,5888
2754,W3,1,1,0,0,0,0,0,0,0,0,0,400,400,400,0,0,0,0,400,400,400,100.000000,12800,24952,51.298493,10,10,10,10,404,4,0,4,400,24952,152,0,0,0,0,404,0,0,0,0,88,5888
2755,W3,1,1,0,0,0,0,0,0,0,0,0,400,400,400,0,0,0,0,400,400,400,100.000000,12800,24952,51.298493,10,10,10,10,404,4,0,4,400,24952,152,0,0,0,0,404,0,0,0,0,116,5888
2756,W3,1,1,0,0,0,0,0,0,0,0,0,400,400,400,0,0,0,0,400,400,400,100.000000,12800,24952,51.298493,10,10,10,10,404,4,0,4,400,24952,152,0,0,0,0,404,0,0,0,0,95,5888
2757,W3,1,1,0,0,0,0,0,0,0,0,0,400,400,400,0,0,0,0,400,400,400,100.000000,12800,24952,51.298493,10,10,10,10,404,4,0,4,400,24952,152,0,0,0,0,404,0,0,0,0,91,5888
2758,W3,1,1,0,0,0,0,0,0,0,0,0,400,400,400,0,0,0,0,400,400,400,100.000000,12800,24952,51.298493,10,10,10,10,404,4,0,4,400,24952,152,0,0,0,0,404,0,0,0,0,90,5888
2759,W3,1,1,0,0,0,0,0,0,0,0,0,400,400,400,0,0,0,0,400,400,400,100.000000,12800,24952,51.298493,10,10,10,10,404,4,0,4,400,24952,152,0,0,0,0,404,0,0,0,0,86,5888
2760,W3,1,1,0,0,0,0,0,0,0,0,0,400,400,400,0,0,0,0,400,400,400,100.000000,12800,24952,51.298493,10,10,10,10,404,4,0,4,400,24952,152,0,0,0,0,404,0,0,0,0,99,5888
2761,W3,1,1,0,0,0,0,0,0,0,0,0,400,400,400,0,0,0,0,400,400,400,100.000000,12800,24952,51.298493,10,10,10,10,404,4,0,4,400,24952,152,0,0,0,0,404,0,0,0,0,92,5888
2762,W3,1,1,0,0,0,0,0,0,0,0,0,400,400,400,0,0,0,0,400,400,400,100.000000,12800,24952,51.298493,10,10,10,10,404,4,0,4,400,24952,152,0,0,0,0,404,0,0,0,0,93,5888
2763,W3,1,1,0,0,0,0,0,0,0,0,0,400,400,400,0,0,0,0,400,400,400,100.000000,12800,24952,51.298493,10,10,10,10,404,4,0,4,400,24952,152,0,0,0,0,404,0,0,0,0,84,5888
2764,W3,1,1,0,0,0,0,0,0,0,0,0,400,400,400,0,0,0,0,400,400,400,100.000000,12800,24952,51.298493,10,10,10,10,404,4,0,4,400,24952,152,0,0,0,0,404,0,0,0,0,92,5888
2765,W3,1,1,0,0,0,0,0,0,0,0,0,400,400,400,0,0,0,0,400,400,400,100.000000,12800,24952,51.298493,10,10,10,10,404,4,0,4,400,24952,152,0,0,0,0,404,0,0,0,0,90,5888
2766,W3,1,1,0,0,0,0,0,0,0,0,0,400,400,400,0,0,0,0,400,400,400,100.000000,12800,24952,51.298493,10,10,10,10,404,4,0,4,400,24952,152,0,0,0,0,404,0,0,0,0,86,5888
2767,W3,1,1,0,0,0,0,0,0,0,0,0,400,400,400,0,0,0,0,400,400,400,100.000000,12800,24952,51.298493,10,10,10,10,404,4,0,4,400,24952,152,0,0,0,0,404,0,0,0,0,100,5888
2768,W3,1,1,0,0,0,0,0,0,0,0,0,400,400,400,0,0,0,0,400,400,400,100.000000,12800,24952,51.298493,10,10,10,10,404,4,0,4,400,24952,152,0,0,0,0,404,0,0,0,0,87,5888
2769,W3,1,1,0,0,0,0,0,0,0,0,0,400,400,400,0,0,0,0,400,400,400,100.000000,12800,24952,51.298493,10,10,10,10,404,4,0,4,400,24952,152,0,0,0,0,404,0,0,0,0,118,5888
2770,W3,1,1,0,0,0,0,0,0,0,0,0,400,400,400,0,0,0,0,400,400,400,100.000000,12800,24952,51.298493,10,10,10,10,404,4,0,4,400,24952,152,0,0,0,0,404,0,0,0,0,123,5888
2771,W3,1,1,0,0,0,0,0,0,0,0,0,400,400,400,0,0,0,0,400,400,400,100.000000,12800,24952,51.298493,10,10,10,10,404,4,0,4,400,24952,152,0,0,0,0,404,0,0,0,0,83,5888
2772,W3,1,1,0,0,0,0,0,0,0,0,0,400,400,400,0,0,0,0,400,400,400,100.000000,12800,24952,51.298493,10,10,10,10,404,4,0,4,400,24952,152,0,0,0,0,404,0,0,0,0,96,5888
2773,W3,1,1,0,0,0,0,0,0,0,0,0,400,400,400,0,0,0,0,400,400,400,100.000000,12800,24952,51.298493,10,10,10,10,404,4,0,4,400,24952,152,0,0,0,0,404,0,0,0,0,115,5888
2774,W3,1,1,0,0,0,0,0,0,0,0,0,400,400,400,0,0,0,0,400,400,400,100.000000,12800,24952,51.298493,10,10,10,10,404,4,0,4,400,24952,152,0,0,0,0,404,0,0,0,0,99,5888
2775,W3,1,1,0,0,0,0,0,0,0,0,0,400,400,400,0,0,0,0,400,400,400,100.000000,12800,24952,51.298493,10,10,10,10,404,4,0,4,400,24952,152,0,0,0,0,404,0,0,0,0,93,5888
2776,W3,1,1,0,0,0,0,0,0,0,0,0,400,400,400,0,0,0,0,400,400,400,100.000000,12800,24952,51.298493,10,10,10,10,404,4,0,4,400,24952,152,0,0,0,0,404,0,0,0,0,97,5888
2777,W3,1,1,0,0,0,0,0,0,0,0,0,400,400,400,0,0,0,0,400,400,400,100.000000,12800,24952,51.298493,10,10,10,10,404,4,0,4,400,24952,152,0,0,0,0,404,0,0,0,0,116,5888
2778,W3,1,1,0,0,0,0,0,0,0,0,0,400,400,400,0,0,0,0,400,400,400,100.000000,12800,24952,51.298493,10,10,10,10,404,4,0,4,400,24952,152,0,0,0,0,404,0,0,0,0,89,5888
2779,W3,1,1,0,0,0,0,0,0,0,0,0,400,400,400,0,0,0,0,400,400,400,100.000000,12800,24952,51.298493,10,10,10,10,404,4,0,4,400,24952,152,0,0,0,0,404,0,0,0,0,94,5888
2780,W3,1,1,0,0,0,0,0,0,0,0,0,400,400,400,0,0,0,0,400,400,400,100.000000,12800,24952,51.298493,10,10,10,10,404,4,0,4,400,24952,152,0,0,0,0,404,0,0,0,0,86,5888
2781,W3,1,1,0,0,0,0,0,0,0,0,0,400,400,400,0,0,0,0,400,400,400,100.000000,12800,24952,51.298493,10,10,10,10,404,4,0,4,400,24952,152,0,0,0,0,404,0,0,0,0,88,5888
2782,W3,1,1,0,0,0,0,0,0,0,0,0,400,400,400,0,0,0,0,400,400,400,100.000000,12800,24952,51.298493,10,10,10,10,404,4,0,4,400,24952,152,0,0,0,0,404,0,0,0,0,88,5888
2783,W3,1,1,0,0,0,0,0,0,0,0,0,400,400,400,0,0,0,0,400,400,400,100.000000,12800,24952,51.298493,10,10,10,10,404,4,0,4,400,24952,152,0,0,0,0,404,0,0,0,0,121,5888
2784,W3,1,1,0,0,0,0,0,0,0,0,0,400,400,400,0,0,0,0,400,400,400,100.000000,12800,24952,51.298493,10,10,10,10,404,4,0,4,400,24952,152,0,0,0,0,404,0,0,0,0,89,5888
2785,W3,1,1,0,0,0,0,0,0,0,0,0,400,400,400,0,0,0,0,400,400,400,100.000000,12800,24952,51.298493,10,10,10,10,404,4,0,4,400,24952,152,0,0,0,0,404,0,0,0,0,92,5888
2786,W3,1,1,0,0,0,0,0,0,0,0,0,400,400,400,0,0,0,0,400,400,400,100.000000,12800,24952,51.298493,10,10,10,10,404,4,0,4,400,24952,152,0,0,0,0,404,0,0,0,0,91,5888
2787,W3,1,1,0,0,0,0,0,0,0,0,0,400,400,400,0,0,0,0,400,400,400,100.000000,12800,24952,51.298493,10,10,10,10,404,4,0,4,400,24952,152,0,0,0,0,404,0,0,0,0,89,5888
2788,W3,1,1,0,0,0,0,0,0,0,0,0,400,400,400,0,0,0,0,400,400,400,100.000000,12800,24952,51.298493,10,10,10,10,404,4,0,4,400,24952,152,0,0,0,0,404,0,0,0,0,91,5888
2789,W3,1,1,0,0,0,0,0,0,0,0,0,400,400,400,0,0,0,0,400,400,400,100.000000,12800,24952,51.298493,10,10,10,10,404,4,0,4,400,24952,152,0,0,0,0,404,0,0,0,0,101,5888
2790,W3,1,1,0,0,0,0,0,0,0,0,0,400,400,400,0,0,0,0,400,400,400,100.000000,12800,24952,51.298493,10,10,10,10,404,4,0,4,400,24952,152,0,0,0,0,404,0,0,0,0,91,5888
2791,W3,1,1,0,0,0,0,0,0,0,0,0,400,400,400,0,0,0,0,400,400,400,100.000000,12800,24952,51.298493,10,10,10,10,404,4,0,4,400,24952,152,0,0,0,0,404,0,0,0,0,84,5888
2792,W3,1,1,0,0,0,0,0,0,0,0,0,400,400,400,0,0,0,0,400,400,400,100.000000,12800,24952,51.298493,10,10,10,10,404,4,0,4,400,24952,152,0,0,0,0,404,0,0,0,0,94,5888
2793,W3,1,1,0,0,0,0,0,0,0,0,0,400,400,400,0,0,0,0,400,400,400,100.000000,12800,24952,51.298493,10,10,10,10,404,4,0,4,400,24952,152,0,0,0,0,404,0,0,0,0,92,5888
2794,W3,1,1,0,0,0,0,0,0,0,0,0,400,400,400,0,0,0,0,400,400,400,100.000000,12800,24952,51.298493,10,10,10,10,404,4,0,4,400,24952,152,0,0,0,0,404,0,0,0,0,89,5888
2795,W3,1,1,0,0,0,0,0,0,0,0,0,400,400,400,0,0,0,0,400,400,400,100.000000,12800,24952,51.298493,10,10,10,10,404,4,0,4,400,24952,152,0,0,0,0,404,0,0,0,0,91,5888
2796,W3,1,1,0,0,0,0,0,0,0,0,0,400,400,400,0,0,0,0,400,400,400,100.000000,12800,24952,51.298493,10,10,10,10,404,4,0,4,400,24952,152,0,0,0,0,404,0,0,0,0,88,5888
2797,W3,1,1,0,0,0,0,0,0,0,0,0,400,400,400,0,0,0,0,400,400,400,100.000000,12800,24952,51.298493,10,10,10,10,404,4,0,4,400,24952,152,0,0,0,0,404,0,0,0,0,89,5888
2798,W3,1,1,0,0,0,0,0,0,0,0,0,400,400,400,0,0,0,0,400,400,400,100.000000,12800,24952,51.298493,10,10,10,10,404,4,0,4,400,24952,152,0,0,0,0,404,0,0,0,0,94,5888
2799,W3,1,1,0,0,0,0,0,0,0,0,0,400,400,400,0,0,0,0,400,400,400,100.000000,12800,24952,51.298493,10,10,10,10,404,4,0,4,400,24952,152,0,0,0,0,404,0,0,0,0,95,5888
2800,W3,1,1,0,0,0,0,0,0,0,0,0,400,400,400,0,0,0,0,400,400,400,100.000000,12800,24952,51.298493,10,10,10,10,404,4,0,4,400,24952,152,0,0,0,0,404,0,0,0,0,94,5888
2801,W3,1,1,0,0,0,0,0,0,0,0,0,400,400,400,0,0,0,0,400,400,400,100.000000,12800,24952,51.298493,10,10,10,10,404,4,0,4,400,24952,152,0,0,0,0,404,0,0,0,0,95,5888
2802,W3,1,1,0,0,0,0,0,0,0,0,0,400,400,400,0,0,0,0,400,400,400,100.000000,12800,24952,51.298493,10,10,10,10,404,4,0,4,400,24952,152,0,0,0,0,404,0,0,0,0,89,5888
2803,W3,1,1,0,0,0,0,0,0,0,0,0,400,400,400,0,0,0,0,400,400,400,100.000000,12800,24952,51.298493,10,10,10,10,404,4,0,4,400,24952,152,0,0,0,0,404,0,0,0,0,88,5888
2804,W3,1,1,0,0,0,0,0,0,0,0,0,400,400,400,0,0,0,0,400,400,400,100.000000,12800,24952,51.298493,10,10,10,10,404,4,0,4,400,24952,152,0,0,0,0,404,0,0,0,0,94,5888
2805,W3,1,1,0,0,0,0,0,0,0,0,0,400,400,400,0,0,0,0,400,400,400,100.000000,12800,24952,51.298493,10,10,10,10,404,4,0,4,400,24952,152,0,0,0,0,404,0,0,0,0,90,5888
2806,W3,1,1,0,0,0,0,0,0,0,0,0,400,400,400,0,0,0,0,400,400,400,100.000000,12800,24952,51.298493,10,10,10,10,404,4,0,4,400,24952,152,0,0,0,0,404,0,0,0,0,95,5888
2807,W3,1,1,0,0,0,0,0,0,0,0,0,400,400,400,0,0,0,0,400,400,400,100.000000,12800,24952,51.298493,10,10,10,10,404,4,0,4,400,24952,152,0,0,0,0,404,0,0,0,0,83,5888
2808,W3,1,1,0,0,0,0,0,0,0,0,0,400,400,400,0,0,0,0,400,400,400,100.000000,12800,24952,51.298493,10,10,10,10,404,4,0,4,400,24952,152,0,0,0,0,404,0,0,0,0,96,5888
2809,W3,1,1,0,0,0,0,0,0,0,0,0,400,400,400,0,0,0,0,400,400,400,100.000000,12800,24952,51.298493,10,10,10,10,404,4,0,4,400,24952,152,0,0,0,0,404,0,0,0,0,88,5888
2810,W3,1,1,0,0,0,0,0,0,0,0,0,400,400,400,0,0,0,0,400,400,400,100.000000,12800,24952,51.298493,10,10,10,10,404,4,0,4,400,24952,152,0,0,0,0,404,0,0,0,0,93,5888
2811,W3,1,1,0,0,0,0,0,0,0,0,0,400,400,400,0,0,0,0,400,400,400,100.000000,12800,24952,51.298493,10,10,10,10,404,4,0,4,400,24952,152,0,0,0,0,404,0,0,0,0,87,5888
2812,W3,1,1,0,0,0,0,0,0,0,0,0,400,400,400,0,0,0,0,400,400,400,100.000000,12800,24952,51.298493,10,10,10,10,404,4,0,4,400,24952,152,0,0,0,0,404,0,0,0,0,94,5888
2813,W3,1,1,0,0,0,0,0,0,0,0,0,400,400,400,0,0,0,0,400,400,400,100.000000,12800,24952,51.298493,10,10,10,10,404,4,0,4,400,24952,152,0,0,0,0,404,0,0,0,0,87,5888
2814,W3,1,1,0,0,0,0,0,0,0,0,0,400,400,400,0,0,0,0,400,400,400,100.000000,12800,24952,51.298493,10,10,10,10,404,4,0,4,400,24952,152,0,0,0,0,404,0,0,0,0,85,5888
2815,W3,1,1,0,0,0,0,0,0,0,0,0,400,400,400,0,0,0,0,400,400,400,100.000000,12800,24952,51.298493,10,10,10,10,404,4,0,4,400,24952,152,0,0,0,0,404,0,0,0,0,85,5888
2816,W3,1,1,0,0,0,0,0,0,0,0,0,400,400,400,0,0,0,0,400,400,400,100.000000,12800,24952,51.298493,10,10,10,10,404,4,0,4,400,24952,152,0,0,0,0,404,0,0,0,0,90,5888
2817,W3,1,1,0,0,0,0,0,0,0,0,0,400,400,400,0,0,0,0,400,400,400,100.000000,12800,24952,51.298493,10,10,10,10,404,4,0,4,400,24952,152,0,0,0,0,404,0,0,0,0,86,5888
2818,W3,1,1,0,0,0,0,0,0,0,0,0,400,400,400,0,0,0,0,400,400,400,100.000000,12800,24952,51.298493,10,10,10,10,404,4,0,4,400,24952,152,0,0,0,0,404,0,0,0,0,92,5888
2819,W3,1,1,0,0,0,0,0,0,0,0,0,400,400,400,0,0,0,0,400,400,400,100.000000,12800,24952,51.298493,10,10,10,10,404,4,0,4,400,24952,152,0,0,0,0,404,0,0,0,0,86,5888
2820,W3,1,1,0,0,0,0,0,0,0,0,0,400,400,400,0,0,0,0,400,400,400,100.000000,12800,24952,51.298493,10,10,10,10,404,4,0,4,400,24952,152,0,0,0,0,404,0,0,0,0,111,5888
2821,W3,1,1,0,0,0,0,0,0,0,0,0,400,400,400,0,0,0,0,400,400,400,100.000000,12800,24952,51.298493,10,10,10,10,404,4,0,4,400,24952,152,0,0,0,0,404,0,0,0,0,81,5888
2822,W3,1,1,0,0,0,0,0,0,0,0,0,400,400,400,0,0,0,0,400,400,400,100.000000,12800,24952,51.298493,10,10,10,10,404,4,0,4,400,24952,152,0,0,0,0,404,0,0,0,0,83,5888
2823,W3,1,1,0,0,0,0,0,0,0,0,0,400,400,400,0,0,0,0,400,400,400,100.000000,12800,24952,51.298493,10,10,10,10,404,4,0,4,400,24952,152,0,0,0,0,404,0,0,0,0,91,5888
2824,W3,1,1,0,0,0,0,0,0,0,0,0,400,400,400,0,0,0,0,400,400,400,100.000000,12800,24952,51.298493,10,10,10,10,404,4,0,4,400,24952,152,0,0,0,0,404,0,0,0,0,92,5888
2825,W3,1,1,0,0,0,0,0,0,0,0,0,400,400,400,0,0,0,0,400,400,400,100.000000,12800,24952,51.298493,10,10,10,10,404,4,0,4,400,24952,152,0,0,0,0,404,0,0,0,0,92,5888
2826,W3,1,1,0,0,0,0,0,0,0,0,0,400,400,400,0,0,0,0,400,400,400,100.000000,12800,24952,51.298493,10,10,10,10,404,4,0,4,400,24952,152,0,0,0,0,404,0,0,0,0,93,5888
2827,W3,1,1,0,0,0,0,0,0,0,0,0,400,400,400,0,0,0,0,400,400,400,100.000000,12800,24952,51.298493,10,10,10,10,404,4,0,4,400,24952,152,0,0,0,0,404,0,0,0,0,146,5888
2828,W3,1,1,0,0,0,0,0,0,0,0,0,400,400,400,0,0,0,0,400,400,400,100.000000,12800,24952,51.298493,10,10,10,10,404,4,0,4,400,24952,152,0,0,0,0,404,0,0,0,0,89,5888
2829,W3,1,1,0,0,0,0,0,0,0,0,0,400,400,400,0,0,0,0,400,400,400,100.000000,12800,24952,51.298493,10,10,10,10,404,4,0,4,400,24952,152,0,0,0,0,404,0,0,0,0,92,5888
2830,W3,1,1,0,0,0,0,0,0,0,0,0,400,400,400,0,0,0,0,400,400,400,100.000000,12800,24952,51.298493,10,10,10,10,404,4,0,4,400,24952,152,0,0,0,0,404,0,0,0,0,82,5888
2831,W3,1,1,0,0,0,0,0,0,0,0,0,400,400,400,0,0,0,0,400,400,400,100.000000,12800,24952,51.298493,10,10,10,10,404,4,0,4,400,24952,152,0,0,0,0,404,0,0,0,0,98,5888
2832,W3,1,1,0,0,0,0,0,0,0,0,0,400,400,400,0,0,0,0,400,400,400,100.000000,12800,24952,51.298493,10,10,10,10,404,4,0,4,400,24952,152,0,0,0,0,404,0,0,0,0,88,5888
2833,W3,1,1,0,0,0,0,0,0,0,0,0,400,400,400,0,0,0,0,400,400,400,100.000000,12800,24952,51.298493,10,10,10,10,404,4,0,4,400,24952,152,0,0,0,0,404,0,0,0,0,86,5888
2834,W3,1,1,0,0,0,0,0,0,0,0,0,400,400,400,0,0,0,0,400,400,400,100.000000,12800,24952,51.298493,10,10,10,10,404,4,0,4,400,24952,152,0,0,0,0,404,0,0,0,0,94,5888
2835,W3,1,1,0,0,0,0,0,0,0,0,0,400,400,400,0,0,0,0,400,400,400,100.000000,12800,24952,51.298493,10,10,10,10,404,4,0,4,400,24952,152,0,0,0,0,404,0,0,0,0,87,5888
2836,W3,1,1,0,0,0,0,0,0,0,0,0,400,400,400,0,0,0,0,400,400,400,100.000000,12800,24952,51.298493,10,10,10,10,404,4,0,4,400,24952,152,0,0,0,0,404,0,0,0,0,96,5888
2837,W3,1,1,0,0,0,0,0,0,0,0,0,400,400,400,0,0,0,0,400,400,400,100.000000,12800,24952,51.298493,10,10,10,10,404,4,0,4,400,24952,152,0,0,0,0,404,0,0,0,0,83,5888
2838,W3,1,1,0,0,0,0,0,0,0,0,0,400,400,400,0,0,0,0,400,400,400,100.000000,12800,24952,51.298493,10,10,10,10,404,4,0,4,400,24952,152,0,0,0,0,404,0,0,0,0,98,5888
2839,W3,1,1,0,0,0,0,0,0,0,0,0,400,400,400,0,0,0,0,400,400,400,100.000000,12800,24952,51.298493,10,10,10,10,404,4,0,4,400,24952,152,0,0,0,0,404,0,0,0,0,100,5888
2840,W3,1,1,0,0,0,0,0,0,0,0,0,400,400,400,0,0,0,0,400,400,400,100.000000,12800,24952,51.298493,10,10,10,10,404,4,0,4,400,24952,152,0,0,0,0,404,0,0,0,0,99,5888
2841,W3,1,1,0,0,0,0,0,0,0,0,0,400,400,400,0,0,0,0,400,400,400,100.000000,12800,24952,51.298493,10,10,10,10,404,4,0,4,400,24952,152,0,0,0,0,404,0,0,0,0,97,5888
2842,W3,1,1,0,0,0,0,0,0,0,0,0,400,400,400,0,0,0,0,400,400,400,100.000000,12800,24952,51.298493,10,10,10,10,404,4,0,4,400,24952,152,0,0,0,0,404,0,0,0,0,104,5888
2843,W3,1,1,0,0,0,0,0,0,0,0,0,400,400,400,0,0,0,0,400,400,400,100.000000,12800,24952,51.298493,10,10,10,10,404,4,0,4,400,24952,152,0,0,0,0,404,0,0,0,0,94,5888
2844,W3,1,1,0,0,0,0,0,0,0,0,0,400,400,400,0,0,0,0,400,400,400,100.000000,12800,24952,51.298493,10,10,10,10,404,4,0,4,400,24952,152,0,0,0,0,404,0,0,0,0,93,5888
2845,W3,1,1,0,0,0,0,0,0,0,0,0,400,400,400,0,0,0,0,400,400,400,100.000000,12800,24952,51.298493,10,10,10,10,404,4,0,4,400,24952,152,0,0,0,0,404,0,0,0,0,107,5888
2846,W3,1,1,0,0,0,0,0,0,0,0,0,400,400,400,0,0,0,0,400,400,400,100.000000,12800,24952,51.298493,10,10,10,10,404,4,0,4,400,24952,152,0,0,0,0,404,0,0,0,0,91,5888
2847,W3,1,1,0,0,0,0,0,0,0,0,0,400,400,400,0,0,0,0,400,400,400,100.000000,12800,24952,51.298493,10,10,10,10,404,4,0,4,400,24952,152,0,0,0,0,404,0,0,0,0,127,5888
2848,W3,1,1,0,0,0,0,0,0,0,0,0,400,400,400,0,0,0,0,400,400,400,100.000000,12800,24952,51.298493,10,10,10,10,404,4,0,4,400,24952,152,0,0,0,0,404,0,0,0,0,105,5888
2849,W3,1,1,0,0,0,0,0,0,0,0,0,400,400,400,0,0,0,0,400,400,400,100.000000,12800,24952,51.298493,10,10,10,10,404,4,0,4,400,24952,152,0,0,0,0,404,0,0,0,0,99,5888
2850,W3,1,1,0,0,0,0,0,0,0,0,0,400,400,400,0,0,0,0,400,400,400,100.000000,12800,24952,51.298493,10,10,10,10,404,4,0,4,400,24952,152,0,0,0,0,404,0,0,0,0,96,5888
2851,W3,1,1,0,0,0,0,0,0,0,0,0,400,400,400,0,0,0,0,400,400,400,100.000000,12800,24952,51.298493,10,10,10,10,404,4,0,4,400,24952,152,0,0,0,0,404,0,0,0,0,91,5888
2852,W3,1,1,0,0,0,0,0,0,0,0,0,400,400,400,0,0,0,0,400,400,400,100.000000,12800,24952,51.298493,10,10,10,10,404,4,0,4,400,24952,152,0,0,0,0,404,0,0,0,0,170,5888
2853,W3,1,1,0,0,0,0,0,0,0,0,0,400,400,400,0,0,0,0,400,400,400,100.000000,12800,24952,51.298493,10,10,10,10,404,4,0,4,400,24952,152,0,0,0,0,404,0,0,0,0,90,5888
2854,W3,1,1,0,0,0,0,0,0,0,0,0,400,400,400,0,0,0,0,400,400,400,100.000000,12800,24952,51.298493,10,10,10,10,404,4,0,4,400,24952,152,0,0,0,0,404,0,0,0,0,96,5888
2855,W3,1,1,0,0,0,0,0,0,0,0,0,400,400,400,0,0,0,0,400,400,400,100.000000,12800,24952,51.298493,10,10,10,10,404,4,0,4,400,24952,152,0,0,0,0,404,0,0,0,0,92,5888
2856,W3,1,1,0,0,0,0,0,0,0,0,0,400,400,400,0,0,0,0,400,400,400,100.000000,12800,24952,51.298493,10,10,10,10,404,4,0,4,400,24952,152,0,0,0,0,404,0,0,0,0,100,5888
2857,W3,1,1,0,0,0,0,0,0,0,0,0,400,400,400,0,0,0,0,400,400,400,100.000000,12800,24952,51.298493,10,10,10,10,404,4,0,4,400,24952,152,0,0,0,0,404,0,0,0,0,99,5888
2858,W3,1,1,0,0,0,0,0,0,0,0,0,400,400,400,0,0,0,0,400,400,400,100.000000,12800,24952,51.298493,10,10,10,10,404,4,0,4,400,24952,152,0,0,0,0,404,0,0,0,0,107,5888
2859,W3,1,1,0,0,0,0,0,0,0,0,0,400,400,400,0,0,0,0,400,400,400,100.000000,12800,24952,51.298493,10,10,10,10,404,4,0,4,400,24952,152,0,0,0,0,404,0,0,0,0,90,5888
2860,W3,1,1,0,0,0,0,0,0,0,0,0,400,400,400,0,0,0,0,400,400,400,100.000000,12800,24952,51.298493,10,10,10,10,404,4,0,4,400,24952,152,0,0,0,0,404,0,0,0,0,91,5888
2861,W3,1,1,0,0,0,0,0,0,0,0,0,400,400,400,0,0,0,0,400,400,400,100.000000,12800,24952,51.298493,10,10,10,10,404,4,0,4,400,24952,152,0,0,0,0,404,0,0,0,0,96,5888
2862,W3,1,1,0,0,0,0,0,0,0,0,0,400,400,400,0,0,0,0,400,400,400,100.000000,12800,24952,51.298493,10,10,10,10,404,4,0,4,400,24952,152,0,0,0,0,404,0,0,0,0,112,5888
2863,W3,1,1,0,0,0,0,0,0,0,0,0,400,400,400,0,0,0,0,400,400,400,100.000000,12800,24952,51.298493,10,10,10,10,404,4,0,4,400,24952,152,0,0,0,0,404,0,0,0,0,93,5888
2864,W3,1,1,0,0,0,0,0,0,0,0,0,400,400,400,0,0,0,0,400,400,400,100.000000,12800,24952,51.298493,10,10,10,10,404,4,0,4,400,24952,152,0,0,0,0,404,0,0,0,0,90,5888
2865,W3,1,1,0,0,0,0,0,0,0,0,0,400,400,400,0,0,0,0,400,400,400,100.000000,12800,24952,51.298493,10,10,10,10,404,4,0,4,400,24952,152,0,0,0,0,404,0,0,0,0,102,5888
2866,W3,1,1,0,0,0,0,0,0,0,0,0,400,400,400,0,0,0,0,400,400,400,100.000000,12800,24952,51.298493,10,10,10,10,404,4,0,4,400,24952,152,0,0,0,0,404,0,0,0,0,100,5888
2867,W3,1,1,0,0,0,0,0,0,0,0,0,400,400,400,0,0,0,0,400,400,400,100.000000,12800,24952,51.298493,10,10,10,10,404,4,0,4,400,24952,152,0,0,0,0,404,0,0,0,0,123,5888
2868,W3,1,1,0,0,0,0,0,0,0,0,0,400,400,400,0,0,0,0,400,400,400,100.000000,12800,24952,51.298493,10,10,10,10,404,4,0,4,400,24952,152,0,0,0,0,404,0,0,0,0,127,5888
2869,W3,1,1,0,0,0,0,0,0,0,0,0,400,400,400,0,0,0,0,400,400,400,100.000000,12800,24952,51.298493,10,10,10,10,404,4,0,4,400,24952,152,0,0,0,0,404,0,0,0,0,85,5888
2870,W3,1,1,0,0,0,0,0,0,0,0,0,400,400,400,0,0,0,0,400,400,400,100.000000,12800,24952,51.298493,10,10,10,10,404,4,0,4,400,24952,152,0,0,0,0,404,0,0,0,0,103,5888
2871,W3,1,1,0,0,0,0,0,0,0,0,0,400,400,400,0,0,0,0,400,400,400,100.000000,12800,24952,51.298493,10,10,10,10,404,4,0,4,400,24952,152,0,0,0,0,404,0,0,0,0,92,5888
2872,W3,1,1,0,0,0,0,0,0,0,0,0,400,400,400,0,0,0,0,400,400,400,100.000000,12800,24952,51.298493,10,10,10,10,404,4,0,4,400,24952,152,0,0,0,0,404,0,0,0,0,89,5888
2873,W3,1,1,0,0,0,0,0,0,0,0,0,400,400,400,0,0,0,0,400,400,400,100.000000,12800,24952,51.298493,10,10,10,10,404,4,0,4,400,24952,152,0,0,0,0,404,0,0,0,0,95,5888
2874,W3,1,1,0,0,0,0,0,0,0,0,0,400,400,400,0,0,0,0,400,400,400,100.000000,12800,24952,51.298493,10,10,10,10,404,4,0,4,400,24952,152,0,0,0,0,404,0,0,0,0,94,5888
2875,W3,1,1,0,0,0,0,0,0,0,0,0,400,400,400,0,0,0,0,400,400,400,100.000000,12800,24952,51.298493,10,10,10,10,404,4,0,4,400,24952,152,0,0,0,0,404,0,0,0,0,95,5888
2876,W3,1,1,0,0,0,0,0,0,0,0,0,400,400,400,0,0,0,0,400,400,400,100.000000,12800,24952,51.298493,10,10,10,10,404,4,0,4,400,24952,152,0,0,0,0,404,0,0,0,0,90,5888
2877,W3,1,1,0,0,0,0,0,0,0,0,0,400,400,400,0,0,0,0,400,400,400,100.000000,12800,24952,51.298493,10,10,10,10,404,4,0,4,400,24952,152,0,0,0,0,404,0,0,0,0,93,5888
2878,W3,1,1,0,0,0,0,0,0,0,0,0,400,400,400,0,0,0,0,400,400,400,100.000000,12800,24952,51.298493,10,10,10,10,404,4,0,4,400,24952,152,0,0,0,0,404,0,0,0,0,88,5888
2879,W3,1,1,0,0,0,0,0,0,0,0,0,400,400,400,0,0,0,0,400,400,400,100.000000,12800,24952,51.298493,10,10,10,10,404,4,0,4,400,24952,152,0,0,0,0,404,0,0,0,0,100,5888
2880,W3,1,1,0,0,0,0,0,0,0,0,0,400,400,400,0,0,0,0,400,400,400,100.000000,12800,24952,51.298493,10,10,10,10,404,4,0,4,400,24952,152,0,0,0,0,404,0,0,0,0,86,5888
2881,W3,1,1,0,0,0,0,0,0,0,0,0,400,400,400,0,0,0,0,400,400,400,100.000000,12800,24952,51.298493,10,10,10,10,404,4,0,4,400,24952,152,0,0,0,0,404,0,0,0,0,100,5888
2882,W3,1,1,0,0,0,0,0,0,0,0,0,400,400,400,0,0,0,0,400,400,400,100.000000,12800,24952,51.298493,10,10,10,10,404,4,0,4,400,24952,152,0,0,0,0,404,0,0,0,0,96,5888
2883,W3,1,1,0,0,0,0,0,0,0,0,0,400,400,400,0,0,0,0,400,400,400,100.000000,12800,24952,51.298493,10,10,10,10,404,4,0,4,400,24952,152,0,0,0,0,404,0,0,0,0,87,5888
2884,W3,1,1,0,0,0,0,0,0,0,0,0,400,400,400,0,0,0,0,400,400,400,100.000000,12800,24952,51.298493,10,10,10,10,404,4,0,4,400,24952,152,0,0,0,0,404,0,0,0,0,95,5888
2885,W3,1,1,0,0,0,0,0,0,0,0,0,400,400,400,0,0,0,0,400,400,400,100.000000,12800,24952,51.298493,10,10,10,10,404,4,0,4,400,24952,152,0,0,0,0,404,0,0,0,0,89,5888
2886,W3,1,1,0,0,0,0,0,0,0,0,0,400,400,400,0,0,0,0,400,400,400,100.000000,12800,24952,51.298493,10,10,10,10,404,4,0,4,400,24952,152,0,0,0,0,404,0,0,0,0,91,5888
2887,W3,1,1,0,0,0,0,0,0,0,0,0,400,400,400,0,0,0,0,400,400,400,100.000000,12800,24952,51.298493,10,10,10,10,404,4,0,4,400,24952,152,0,0,0,0,404,0,0,0,0,93,5888
2888,W3,1,1,0,0,0,0,0,0,0,0,0,400,400,400,0,0,0,0,400,400,400,100.000000,12800,24952,51.298493,10,10,10,10,404,4,0,4,400,24952,152,0,0,0,0,404,0,0,0,0,88,5888
2889,W3,1,1,0,0,0,0,0,0,0,0,0,400,400,400,0,0,0,0,400,400,400,100.000000,12800,24952,51.298493,10,10,10,10,404,4,0,4,400,24952,152,0,0,0,0,404,0,0,0,0,82,5888
2890,W3,1,1,0,0,0,0,0,0,0,0,0,400,400,400,0,0,0,0,400,400,400,100.000000,12800,24952,51.298493,10,10,10,10,404,4,0,4,400,24952,152,0,0,0,0,404,0,0,0,0,96,5888
2891,W3,1,1,0,0,0,0,0,0,0,0,0,400,400,400,0,0,0,0,400,400,400,100.000000,12800,24952,51.298493,10,10,10,10,404,4,0,4,400,24952,152,0,0,0,0,404,0,0,0,0,85,5888
2892,W3,1,1,0,0,0,0,0,0,0,0,0,400,400,400,0,0,0,0,400,400,400,100.000000,12800,24952,51.298493,10,10,10,10,404,4,0,4,400,24952,152,0,0,0,0,404,0,0,0,0,90,5888
2893,W3,1,1,0,0,0,0,0,0,0,0,0,400,400,400,0,0,0,0,400,400,400,100.000000,12800,24952,51.298493,10,10,10,10,404,4,0,4,400,24952,152,0,0,0,0,404,0,0,0,0,90,5888
2894,W3,1,1,0,0,0,0,0,0,0,0,0,400,400,400,0,0,0,0,400,400,400,100.000000,12800,24952,51.298493,10,10,10,10,404,4,0,4,400,24952,152,0,0,0,0,404,0,0,0,0,90,5888
2895,W3,1,1,0,0,0,0,0,0,0,0,0,400,400,400,0,0,0,0,400,400,400,100.000000,12800,24952,51.298493,10,10,10,10,404,4,0,4,400,24952,152,0,0,0,0,404,0,0,0,0,96,5888
2896,W3,1,1,0,0,0,0,0,0,0,0,0,400,400,400,0,0,0,0,400,400,400,100.000000,12800,24952,51.298493,10,10,10,10,404,4,0,4,400,24952,152,0,0,0,0,404,0,0,0,0,117,5888
2897,W3,1,1,0,0,0,0,0,0,0,0,0,400,400,400,0,0,0,0,400,400,400,100.000000,12800,24952,51.298493,10,10,10,10,404,4,0,4,400,24952,152,0,0,0,0,404,0,0,0,0,95,5888
2898,W3,1,1,0,0,0,0,0,0,0,0,0,400,400,400,0,0,0,0,400,400,400,100.000000,12800,24952,51.298493,10,10,10,10,404,4,0,4,400,24952,152,0,0,0,0,404,0,0,0,0,98,5888
2899,W3,1,1,0,0,0,0,0,0,0,0,0,400,400,400,0,0,0,0,400,400,400,100.000000,12800,24952,51.298493,10,10,10,10,404,4,0,4,400,24952,152,0,0,0,0,404,0,0,0,0,94,5888
2900,W3,1,1,0,0,0,0,0,0,0,0,0,400,400,400,0,0,0,0,400,400,400,100.000000,12800,24952,51.298493,10,10,10,10,404,4,0,4,400,24952,152,0,0,0,0,404,0,0,0,0,88,5888
2901,W3,1,1,0,0,0,0,0,0,0,0,0,400,400,400,0,0,0,0,400,400,400,100.000000,12800,24952,51.298493,10,10,10,10,404,4,0,4,400,24952,152,0,0,0,0,404,0,0,0,0,89,5888
2902,W3,1,1,0,0,0,0,0,0,0,0,0,400,400,400,0,0,0,0,400,400,400,100.000000,12800,24952,51.298493,10,10,10,10,404,4,0,4,400,24952,152,0,0,0,0,404,0,0,0,0,116,5888
2903,W3,1,1,0,0,0,0,0,0,0,0,0,400,400,400,0,0,0,0,400,400,400,100.000000,12800,24952,51.298493,10,10,10,10,404,4,0,4,400,24952,152,0,0,0,0,404,0,0,0,0,85,5888
2904,W3,1,1,0,0,0,0,0,0,0,0,0,400,400,400,0,0,0,0,400,400,400,100.000000,12800,24952,51.298493,10,10,10,10,404,4,0,4,400,24952,152,0,0,0,0,404,0,0,0,0,93,5888
2905,W3,1,1,0,0,0,0,0,0,0,0,0,400,400,400,0,0,0,0,400,400,400,100.000000,12800,24952,51.298493,10,10,10,10,404,4,0,4,400,24952,152,0,0,0,0,404,0,0,0,0,93,5888
2906,W3,1,1,0,0,0,0,0,0,0,0,0,400,400,400,0,0,0,0,400,400,400,100.000000,12800,24952,51.298493,10,10,10,10,404,4,0,4,400,24952,152,0,0,0,0,404,0,0,0,0,95,5888
2907,W3,1,1,0,0,0,0,0,0,0,0,0,400,400,400,0,0,0,0,400,400,400,100.000000,12800,24952,51.298493,10,10,10,10,404,4,0,4,400,24952,152,0,0,0,0,404,0,0,0,0,98,5888
2908,W3,1,1,0,0,0,0,0,0,0,0,0,400,400,400,0,0,0,0,400,400,400,100.000000,12800,24952,51.298493,10,10,10,10,404,4,0,4,400,24952,152,0,0,0,0,404,0,0,0,0,83,5888
2909,W3,1,1,0,0,0,0,0,0,0,0,0,400,400,400,0,0,0,0,400,400,400,100.000000,12800,24952,51.298493,10,10,10,10,404,4,0,4,400,24952,152,0,0,0,0,404,0,0,0,0,88,5888
2910,W3,1,1,0,0,0,0,0,0,0,0,0,400,400,400,0,0,0,0,400,400,400,100.000000,12800,24952,51.298493,10,10,10,10,404,4,0,4,400,24952,152,0,0,0,0,404,0,0,0,0,94,5888
2911,W3,1,1,0,0,0,0,0,0,0,0,0,400,400,400,0,0,0,0,400,400,400,100.000000,12800,24952,51.298493,10,10,10,10,404,4,0,4,400,24952,152,0,0,0,0,404,0,0,0,0,91,5888
2912,W3,1,1,0,0,0,0,0,0,0,0,0,400,400,400,0,0,0,0,400,400,400,100.000000,12800,24952,51.298493,10,10,10,10,404,4,0,4,400,24952,152,0,0,0,0,404,0,0,0,0,93,5888
2913,W3,1,1,0,0,0,0,0,0,0,0,0,400,400,400,0,0,0,0,400,400,400,100.000000,12800,24952,51.298493,10,10,10,10,404,4,0,4,400,24952,152,0,0,0,0,404,0,0,0,0,91,5888
2914,W3,1,1,0,0,0,0,0,0,0,0,0,400,400,400,0,0,0,0,400,400,400,100.000000,12800,24952,51.298493,10,10,10,10,404,4,0,4,400,24952,152,0,0,0,0,404,0,0,0,0,90,5888
2915,W3,1,1,0,0,0,0,0,0,0,0,0,400,400,400,0,0,0,0,400,400,400,100.000000,12800,24952,51.298493,10,10,10,10,404,4,0,4,400,24952,152,0,0,0,0,404,0,0,0,0,92,5888
2916,W3,1,1,0,0,0,0,0,0,0,0,0,400,400,400,0,0,0,0,400,400,400,100.000000,12800,24952,51.298493,10,10,10,10,404,4,0,4,400,24952,152,0,0,0,0,404,0,0,0,0,85,5888
2917,W3,1,1,0,0,0,0,0,0,0,0,0,400,400,400,0,0,0,0,400,400,400,100.000000,12800,24952,51.298493,10,10,10,10,404,4,0,4,400,24952,152,0,0,0,0,404,0,0,0,0,92,5888
2918,W3,1,1,0,0,0,0,0,0,0,0,0,400,400,400,0,0,0,0,400,400,400,100.000000,12800,24952,51.298493,10,10,10,10,404,4,0,4,400,24952,152,0,0,0,0,404,0,0,0,0,105,5888
2919,W3,1,1,0,0,0,0,0,0,0,0,0,400,400,400,0,0,0,0,400,400,400,100.000000,12800,24952,51.298493,10,10,10,10,404,4,0,4,400,24952,152,0,0,0,0,404,0,0,0,0,87,5888
2920,W3,1,1,0,0,0,0,0,0,0,0,0,400,400,400,0,0,0,0,400,400,400,100.000000,12800,24952,51.298493,10,10,10,10,404,4,0,4,400,24952,152,0,0,0,0,404,0,0,0,0,91,5888
2921,W3,1,1,0,0,0,0,0,0,0,0,0,400,400,400,0,0,0,0,400,400,400,100.000000,12800,24952,51.298493,10,10,10,10,404,4,0,4,400,24952,152,0,0,0,0,404,0,0,0,0,90,5888
2922,W3,1,1,0,0,0,0,0,0,0,0,0,400,400,400,0,0,0,0,400,400,400,100.000000,12800,24952,51.298493,10,10,10,10,404,4,0,4,400,24952,152,0,0,0,0,404,0,0,0,0,99,5888
2923,W3,1,1,0,0,0,0,0,0,0,0,0,400,400,400,0,0,0,0,400,400,400,100.000000,12800,24952,51.298493,10,10,10,10,404,4,0,4,400,24952,152,0,0,0,0,404,0,0,0,0,97,5888
2924,W3,1,1,0,0,0,0,0,0,0,0,0,400,400,400,0,0,0,0,400,400,400,100.000000,12800,24952,51.298493,10,10,10,10,404,4,0,4,400,24952,152,0,0,0,0,404,0,0,0,0,87,5888
2925,W3,1,1,0,0,0,0,0,0,0,0,0,400,400,400,0,0,0,0,400,400,400,100.000000,12800,24952,51.298493,10,10,10,10,404,4,0,4,400,24952,152,0,0,0,0,404,0,0,0,0,89,5888
2926,W3,1,1,0,0,0,0,0,0,0,0,0,400,400,400,0,0,0,0,400,400,400,100.000000,12800,24952,51.298493,10,10,10,10,404,4,0,4,400,24952,152,0,0,0,0,404,0,0,0,0,87,5888
2927,W3,1,1,0,0,0,0,0,0,0,0,0,400,400,400,0,0,0,0,400,400,400,100.000000,12800,24952,51.298493,10,10,10,10,404,4,0,4,400,24952,152,0,0,0,0,404,0,0,0,0,93,5888
2928,W3,1,1,0,0,0,0,0,0,0,0,0,400,400,400,0,0,0,0,400,400,400,100.000000,12800,24952,51.298493,10,10,10,10,404,4,0,4,400,24952,152,0,0,0,0,404,0,0,0,0,89,5888
2929,W3,1,1,0,0,0,0,0,0,0,0,0,400,400,400,0,0,0,0,400,400,400,100.000000,12800,24952,51.298493,10,10,10,10,404,4,0,4,400,24952,152,0,0,0,0,404,0,0,0,0,96,5888
2930,W3,1,1,0,0,0,0,0,0,0,0,0,400,400,400,0,0,0,0,400,400,400,100.000000,12800,24952,51.298493,10,10,10,10,404,4,0,4,400,24952,152,0,0,0,0,404,0,0,0,0,116,5888
2931,W3,1,1,0,0,0,0,0,0,0,0,0,400,400,400,0,0,0,0,400,400,400,100.000000,12800,24952,51.298493,10,10,10,10,404,4,0,4,400,24952,152,0,0,0,0,404,0,0,0,0,92,5888
2932,W3,1,1,0,0,0,0,0,0,0,0,0,400,400,400,0,0,0,0,400,400,400,100.000000,12800,24952,51.298493,10,10,10,10,404,4,0,4,400,24952,152,0,0,0,0,404,0,0,0,0,90,5888
2933,W3,1,1,0,0,0,0,0,0,0,0,0,400,400,400,0,0,0,0,400,400,400,100.000000,12800,24952,51.298493,10,10,10,10,404,4,0,4,400,24952,152,0,0,0,0,404,0,0,0,0,88,5888
2934,W3,1,1,0,0,0,0,0,0,0,0,0,400,400,400,0,0,0,0,400,400,400,100.000000,12800,24952,51.298493,10,10,10,10,404,4,0,4,400,24952,152,0,0,0,0,404,0,0,0,0,87,5888
2935,W3,1,1,0,0,0,0,0,0,0,0,0,400,400,400,0,0,0,0,400,400,400,100.000000,12800,24952,51.298493,10,10,10,10,404,4,0,4,400,24952,152,0,0,0,0,404,0,0,0,0,82,5888
2936,W3,1,1,0,0,0,0,0,0,0,0,0,400,400,400,0,0,0,0,400,400,400,100.000000,12800,24952,51.298493,10,10,10,10,404,4,0,4,400,24952,152,0,0,0,0,404,0,0,0,0,100,5888
2937,W3,1,1,0,0,0,0,0,0,0,0,0,400,400,400,0,0,0,0,400,400,400,100.000000,12800,24952,51.298493,10,10,10,10,404,4,0,4,400,24952,152,0,0,0,0,404,0,0,0,0,89,5888
2938,W3,1,1,0,0,0,0,0,0,0,0,0,400,400,400,0,0,0,0,400,400,400,100.000000,12800,24952,51.298493,10,10,10,10,404,4,0,4,400,24952,152,0,0,0,0,404,0,0,0,0,93,5888
2939,W3,1,1,0,0,0,0,0,0,0,0,0,400,400,400,0,0,0,0,400,400,400,100.000000,12800,24952,51.298493,10,10,10,10,404,4,0,4,400,24952,152,0,0,0,0,404,0,0,0,0,93,5888
2940,W3,1,1,0,0,0,0,0,0,0,0,0,400,400,400,0,0,0,0,400,400,400,100.000000,12800,24952,51.298493,10,10,10,10,404,4,0,4,400,24952,152,0,0,0,0,404,0,0,0,0,92,5888
2941,W3,1,1,0,0,0,0,0,0,0,0,0,400,400,400,0,0,0,0,400,400,400,100.000000,12800,24952,51.298493,10,10,10,10,404,4,0,4,400,24952,152,0,0,0,0,404,0,0,0,0,90,5888
2942,W3,1,1,0,0,0,0,0,0,0,0,0,400,400,400,0,0,0,0,400,400,400,100.000000,12800,24952,51.298493,10,10,10,10,404,4,0,4,400,24952,152,0,0,0,0,404,0,0,0,0,110,5888
2943,W3,1,1,0,0,0,0,0,0,0,0,0,400,400,400,0,0,0,0,400,400,400,100.000000,12800,24952,51.298493,10,10,10,10,404,4,0,4,400,24952,152,0,0,0,0,404,0,0,0,0,100,5888
2944,W3,1,1,0,0,0,0,0,0,0,0,0,400,400,400,0,0,0,0,400,400,400,100.000000,12800,24952,51.298493,10,10,10,10,404,4,0,4,400,24952,152,0,0,0,0,404,0,0,0,0,90,5888
2945,W3,1,1,0,0,0,0,0,0,0,0,0,400,400,400,0,0,0,0,400,400,400,100.000000,12800,24952,51.298493,10,10,10,10,404,4,0,4,400,24952,152,0,0,0,0,404,0,0,0,0,92,5888
2946,W3,1,1,0,0,0,0,0,0,0,0,0,400,400,400,0,0,0,0,400,400,400,100.000000,12800,24952,51.298493,10,10,10,10,404,4,0,4,400,24952,152,0,0,0,0,404,0,0,0,0,98,5888
2947,W3,1,1,0,0,0,0,0,0,0,0,0,400,400,400,0,0,0,0,400,400,400,100.000000,12800,24952,51.298493,10,10,10,10,404,4,0,4,400,24952,152,0,0,0,0,404,0,0,0,0,86,5888
2948,W3,1,1,0,0,0,0,0,0,0,0,0,400,400,400,0,0,0,0,400,400,400,100.000000,12800,24952,51.298493,10,10,10,10,404,4,0,4,400,24952,152,0,0,0,0,404,0,0,0,0,88,5888
2949,W3,1,1,0,0,0,0,0,0,0,0,0,400,400,400,0,0,0,0,400,400,400,100.000000,12800,24952,51.298493,10,10,10,10,404,4,0,4,400,24952,152,0,0,0,0,404,0,0,0,0,86,5888
2950,W3,1,1,0,0,0,0,0,0,0,0,0,400,400,400,0,0,0,0,400,400,400,100.000000,12800,24952,51.298493,10,10,10,10,404,4,0,4,400,24952,152,0,0,0,0,404,0,0,0,0,95,5888
2951,W3,1,1,0,0,0,0,0,0,0,0,0,400,400,400,0,0,0,0,400,400,400,100.000000,12800,24952,51.298493,10,10,10,10,404,4,0,4,400,24952,152,0,0,0,0,404,0,0,0,0,95,5888
2952,W3,1,1,0,0,0,0,0,0,0,0,0,400,400,400,0,0,0,0,400,400,400,100.000000,12800,24952,51.298493,10,10,10,10,404,4,0,4,400,24952,152,0,0,0,0,404,0,0,0,0,98,5888
2953,W3,1,1,0,0,0,0,0,0,0,0,0,400,400,400,0,0,0,0,400,400,400,100.000000,12800,24952,51.298493,10,10,10,10,404,4,0,4,400,24952,152,0,0,0,0,404,0,0,0,0,91,5888
2954,W3,1,1,0,0,0,0,0,0,0,0,0,400,400,400,0,0,0,0,400,400,400,100.000000,12800,24952,51.298493,10,10,10,10,404,4,0,4,400,24952,152,0,0,0,0,404,0,0,0,0,99,5888
2955,W3,1,1,0,0,0,0,0,0,0,0,0,400,400,400,0,0,0,0,400,400,400,100.000000,12800,24952,51.298493,10,10,10,10,404,4,0,4,400,24952,152,0,0,0,0,404,0,0,0,0,95,5888
2956,W3,1,1,0,0,0,0,0,0,0,0,0,400,400,400,0,0,0,0,400,400,400,100.000000,12800,24952,51.298493,10,10,10,10,404,4,0,4,400,24952,152,0,0,0,0,404,0,0,0,0,88,5888
2957,W3,1,1,0,0,0,0,0,0,0,0,0,400,400,400,0,0,0,0,400,400,400,100.000000,12800,24952,51.298493,10,10,10,10,404,4,0,4,400,24952,152,0,0,0,0,404,0,0,0,0,88,5888
2958,W3,1,1,0,0,0,0,0,0,0,0,0,400,400,400,0,0,0,0,400,400,400,100.000000,12800,24952,51.298493,10,10,10,10,404,4,0,4,400,24952,152,0,0,0,0,404,0,0,0,0,90,5888
2959,W3,1,1,0,0,0,0,0,0,0,0,0,400,400,400,0,0,0,0,400,400,400,100.000000,12800,24952,51.298493,10,10,10,10,404,4,0,4,400,24952,152,0,0,0,0,404,0,0,0,0,91,5888
2960,W3,1,1,0,0,0,0,0,0,0,0,0,400,400,400,0,0,0,0,400,400,400,100.000000,12800,24952,51.298493,10,10,10,10,404,4,0,4,400,24952,152,0,0,0,0,404,0,0,0,0,101,5888
2961,W3,1,1,0,0,0,0,0,0,0,0,0,400,400,400,0,0,0,0,400,400,400,100.000000,12800,24952,51.298493,10,10,10,10,404,4,0,4,400,24952,152,0,0,0,0,404,0,0,0,0,106,5888
2962,W3,1,1,0,0,0,0,0,0,0,0,0,400,400,400,0,0,0,0,400,400,400,100.000000,12800,24952,51.298493,10,10,10,10,404,4,0,4,400,24952,152,0,0,0,0,404,0,0,0,0,132,5888
2963,W3,1,1,0,0,0,0,0,0,0,0,0,400,400,400,0,0,0,0,400,400,400,100.000000,12800,24952,51.298493,10,10,10,10,404,4,0,4,400,24952,152,0,0,0,0,404,0,0,0,0,90,5888
2964,W3,1,1,0,0,0,0,0,0,0,0,0,400,400,400,0,0,0,0,400,400,400,100.000000,12800,24952,51.298493,10,10,10,10,404,4,0,4,400,24952,152,0,0,0,0,404,0,0,0,0,89,5888
2965,W3,1,1,0,0,0,0,0,0,0,0,0,400,400,400,0,0,0,0,400,400,400,100.000000,12800,24952,51.298493,10,10,10,10,404,4,0,4,400,24952,152,0,0,0,0,404,0,0,0,0,86,5888
2966,W3,1,1,0,0,0,0,0,0,0,0,0,400,400,400,0,0,0,0,400,400,400,100.000000,12800,24952,51.298493,10,10,10,10,404,4,0,4,400,24952,152,0,0,0,0,404,0,0,0,0,88,5888
2967,W3,1,1,0,0,0,0,0,0,0,0,0,400,400,400,0,0,0,0,400,400,400,100.000000,12800,24952,51.298493,10,10,10,10,404,4,0,4,400,24952,152,0,0,0,0,404,0,0,0,0,82,5888
2968,W3,1,1,0,0,0,0,0,0,0,0,0,400,400,400,0,0,0,0,400,400,400,100.000000,12800,24952,51.298493,10,10,10,10,404,4,0,4,400,24952,152,0,0,0,0,404,0,0,0,0,104,5888
2969,W3,1,1,0,0,0,0,0,0,0,0,0,400,400,400,0,0,0,0,400,400,400,100.000000,12800,24952,51.298493,10,10,10,10,404,4,0,4,400,24952,152,0,0,0,0,404,0,0,0,0,94,5888
2970,W3,1,1,0,0,0,0,0,0,0,0,0,400,400,400,0,0,0,0,400,400,400,100.000000,12800,24952,51.298493,10,10,10,10,404,4,0,4,400,24952,152,0,0,0,0,404,0,0,0,0,95,5888
2971,W3,1,1,0,0,0,0,0,0,0,0,0,400,400,400,0,0,0,0,400,400,400,100.000000,12800,24952,51.298493,10,10,10,10,404,4,0,4,400,24952,152,0,0,0,0,404,0,0,0,0,99,5888
2972,W3,1,1,0,0,0,0,0,0,0,0,0,400,400,400,0,0,0,0,400,400,400,100.000000,12800,24952,51.298493,10,10,10,10,404,4,0,4,400,24952,152,0,0,0,0,404,0,0,0,0,102,5888
2973,W3,1,1,0,0,0,0,0,0,0,0,0,400,400,400,0,0,0,0,400,400,400,100.000000,12800,24952,51.298493,10,10,10,10,404,4,0,4,400,24952,152,0,0,0,0,404,0,0,0,0,104,5888
2974,W3,1,1,0,0,0,0,0,0,0,0,0,400,400,400,0,0,0,0,400,400,400,100.000000,12800,24952,51.298493,10,10,10,10,404,4,0,4,400,24952,152,0,0,0,0,404,0,0,0,0,87,5888
2975,W3,1,1,0,0,0,0,0,0,0,0,0,400,400,400,0,0,0,0,400,400,400,100.000000,12800,24952,51.298493,10,10,10,10,404,4,0,4,400,24952,152,0,0,0,0,404,0,0,0,0,135,5888
2976,W3,1,1,0,0,0,0,0,0,0,0,0,400,400,400,0,0,0,0,400,400,400,100.000000,12800,24952,51.298493,10,10,10,10,404,4,0,4,400,24952,152,0,0,0,0,404,0,0,0,0,87,5888
2977,W3,1,1,0,0,0,0,0,0,0,0,0,400,400,400,0,0,0,0,400,400,400,100.000000,12800,24952,51.298493,10,10,10,10,404,4,0,4,400,24952,152,0,0,0,0,404,0,0,0,0,93,5888
2978,W3,1,1,0,0,0,0,0,0,0,0,0,400,400,400,0,0,0,0,400,400,400,100.000000,12800,24952,51.298493,10,10,10,10,404,4,0,4,400,24952,152,0,0,0,0,404,0,0,0,0,95,5888
2979,W3,1,1,0,0,0,0,0,0,0,0,0,400,400,400,0,0,0,0,400,400,400,100.000000,12800,24952,51.298493,10,10,10,10,404,4,0,4,400,24952,152,0,0,0,0,404,0,0,0,0,98,5888
2980,W3,1,1,0,0,0,0,0,0,0,0,0,400,400,400,0,0,0,0,400,400,400,100.000000,12800,24952,51.298493,10,10,10,10,404,4,0,4,400,24952,152,0,0,0,0,404,0,0,0,0,91,5888
2981,W3,1,1,0,0,0,0,0,0,0,0,0,400,400,400,0,0,0,0,400,400,400,100.000000,12800,24952,51.298493,10,10,10,10,404,4,0,4,400,24952,152,0,0,0,0,404,0,0,0,0,89,5888
2982,W3,1,1,0,0,0,0,0,0,0,0,0,400,400,400,0,0,0,0,400,400,400,100.000000,12800,24952,51.298493,10,10,10,10,404,4,0,4,400,24952,152,0,0,0,0,404,0,0,0,0,117,5888
2983,W3,1,1,0,0,0,0,0,0,0,0,0,400,400,400,0,0,0,0,400,400,400,100.000000,12800,24952,51.298493,10,10,10,10,404,4,0,4,400,24952,152,0,0,0,0,404,0,0,0,0,106,5888
2984,W3,1,1,0,0,0,0,0,0,0,0,0,400,400,400,0,0,0,0,400,400,400,100.000000,12800,24952,51.298493,10,10,10,10,404,4,0,4,400,24952,152,0,0,0,0,404,0,0,0,0,102,5888
2985,W3,1,1,0,0,0,0,0,0,0,0,0,400,400,400,0,0,0,0,400,400,400,100.000000,12800,24952,51.298493,10,10,10,10,404,4,0,4,400,24952,152,0,0,0,0,404,0,0,0,0,91,5888
2986,W3,1,1,0,0,0,0,0,0,0,0,0,400,400,400,0,0,0,0,400,400,400,100.000000,12800,24952,51.298493,10,10,10,10,404,4,0,4,400,24952,152,0,0,0,0,404,0,0,0,0,96,5888
2987,W3,1,1,0,0,0,0,0,0,0,0,0,400,400,400,0,0,0,0,400,400,400,100.000000,12800,24952,51.298493,10,10,10,10,404,4,0,4,400,24952,152,0,0,0,0,404,0,0,0,0,97,5888
2988,W3,1,1,0,0,0,0,0,0,0,0,0,400,400,400,0,0,0,0,400,400,400,100.000000,12800,24952,51.298493,10,10,10,10,404,4,0,4,400,24952,152,0,0,0,0,404,0,0,0,0,88,5888
2989,W3,1,1,0,0,0,0,0,0,0,0,0,400,400,400,0,0,0,0,400,400,400,100.000000,12800,24952,51.298493,10,10,10,10,404,4,0,4,400,24952,152,0,0,0,0,404,0,0,0,0,96,5888
2990,W3,1,1,0,0,0,0,0,0,0,0,0,400,400,400,0,0,0,0,400,400,400,100.000000,12800,24952,51.298493,10,10,10,10,404,4,0,4,400,24952,152,0,0,0,0,404,0,0,0,0,84,5888
2991,W3,1,1,0,0,0,0,0,0,0,0,0,400,400,400,0,0,0,0,400,400,400,100.000000,12800,24952,51.298493,10,10,10,10,404,4,0,4,400,24952,152,0,0,0,0,404,0,0,0,0,90,5888
2992,W3,1,1,0,0,0,0,0,0,0,0,0,400,400,400,0,0,0,0,400,400,400,100.000000,12800,24952,51.298493,10,10,10,10,404,4,0,4,400,24952,152,0,0,0,0,404,0,0,0,0,91,5888
2993,W3,1,1,0,0,0,0,0,0,0,0,0,400,400,400,0,0,0,0,400,400,400,100.000000,12800,24952,51.298493,10,10,10,10,404,4,0,4,400,24952,152,0,0,0,0,404,0,0,0,0,94,5888
2994,W3,1,1,0,0,0,0,0,0,0,0,0,400,400,400,0,0,0,0,400,400,400,100.000000,12800,24952,51.298493,10,10,10,10,404,4,0,4,400,24952,152,0,0,0,0,404,0,0,0,0,166,5888
2995,W3,1,1,0,0,0,0,0,0,0,0,0,400,400,400,0,0,0,0,400,400,400,100.000000,12800,24952,51.298493,10,10,10,10,404,4,0,4,400,24952,152,0,0,0,0,404,0,0,0,0,93,5888
2996,W3,1,1,0,0,0,0,0,0,0,0,0,400,400,400,0,0,0,0,400,400,400,100.000000,12800,24952,51.298493,10,10,10,10,404,4,0,4,400,24952,152,0,0,0,0,404,0,0,0,0,97,5888
2997,W3,1,1,0,0,0,0,0,0,0,0,0,400,400,400,0,0,0,0,400,400,400,100.000000,12800,24952,51.298493,10,10,10,10,404,4,0,4,400,24952,152,0,0,0,0,404,0,0,0,0,90,5888
2998,W3,1,1,0,0,0,0,0,0,0,0,0,400,400,400,0,0,0,0,400,400,400,100.000000,12800,24952,51.298493,10,10,10,10,404,4,0,4,400,24952,152,0,0,0,0,404,0,0,0,0,94,5888
2999,W3,1,1,0,0,0,0,0,0,0,0,0,400,400,400,0,0,0,0,400,400,400,100.000000,12800,24952,51.298493,10,10,10,10,404,4,0,4,400,24952,152,0,0,0,0,404,0,0,0,0,87,5888
3000,W3,1,1,0,0,0,0,0,0,0,0,0,400,400,400,0,0,0,0,400,400,400,100.000000,12800,24952,51.298493,10,10,10,10,404,4,0,4,400,24952,152,0,0,0,0,404,0,0,0,0,95,5888
3001,W3,1,1,0,0,0,0,0,0,0,0,0,400,400,400,0,0,0,0,400,400,400,100.000000,12800,24952,51.298493,10,10,10,10,404,4,0,4,400,24952,152,0,0,0,0,404,0,0,0,0,89,5888
3002,W3,1,1,0,0,0,0,0,0,0,0,0,400,400,400,0,0,0,0,400,400,400,100.000000,12800,24952,51.298493,10,10,10,10,404,4,0,4,400,24952,152,0,0,0,0,404,0,0,0,0,93,5888
3003,W3,1,1,0,0,0,0,0,0,0,0,0,400,400,400,0,0,0,0,400,400,400,100.000000,12800,24952,51.298493,10,10,10,10,404,4,0,4,400,24952,152,0,0,0,0,404,0,0,0,0,129,5888
3004,W3,1,1,0,0,0,0,0,0,0,0,0,400,400,400,0,0,0,0,400,400,400,100.000000,12800,24952,51.298493,10,10,10,10,404,4,0,4,400,24952,152,0,0,0,0,404,0,0,0,0,92,5888
3005,W3,1,1,0,0,0,0,0,0,0,0,0,400,400,400,0,0,0,0,400,400,400,100.000000,12800,24952,51.298493,10,10,10,10,404,4,0,4,400,24952,152,0,0,0,0,404,0,0,0,0,87,5888
3006,W3,1,1,0,0,0,0,0,0,0,0,0,400,400,400,0,0,0,0,400,400,400,100.000000,12800,24952,51.298493,10,10,10,10,404,4,0,4,400,24952,152,0,0,0,0,404,0,0,0,0,88,5888
3007,W3,1,1,0,0,0,0,0,0,0,0,0,400,400,400,0,0,0,0,400,400,400,100.000000,12800,24952,51.298493,10,10,10,10,404,4,0,4,400,24952,152,0,0,0,0,404,0,0,0,0,92,5888
3008,W3,1,1,0,0,0,0,0,0,0,0,0,400,400,400,0,0,0,0,400,400,400,100.000000,12800,24952,51.298493,10,10,10,10,404,4,0,4,400,24952,152,0,0,0,0,404,0,0,0,0,90,5888
3009,W3,1,1,0,0,0,0,0,0,0,0,0,400,400,400,0,0,0,0,400,400,400,100.000000,12800,24952,51.298493,10,10,10,10,404,4,0,4,400,24952,152,0,0,0,0,404,0,0,0,0,91,5888
3010,W3,1,1,0,0,0,0,0,0,0,0,0,400,400,400,0,0,0,0,400,400,400,100.000000,12800,24952,51.298493,10,10,10,10,404,4,0,4,400,24952,152,0,0,0,0,404,0,0,0,0,91,5888
3011,W3,1,1,0,0,0,0,0,0,0,0,0,400,400,400,0,0,0,0,400,400,400,100.000000,12800,24952,51.298493,10,10,10,10,404,4,0,4,400,24952,152,0,0,0,0,404,0,0,0,0,89,5888
3012,W3,1,1,0,0,0,0,0,0,0,0,0,400,400,400,0,0,0,0,400,400,400,100.000000,12800,24952,51.298493,10,10,10,10,404,4,0,4,400,24952,152,0,0,0,0,404,0,0,0,0,93,5888
3013,W3,1,1,0,0,0,0,0,0,0,0,0,400,400,400,0,0,0,0,400,400,400,100.000000,12800,24952,51.298493,10,10,10,10,404,4,0,4,400,24952,152,0,0,0,0,404,0,0,0,0,88,5888
3014,W3,1,1,0,0,0,0,0,0,0,0,0,400,400,400,0,0,0,0,400,400,400,100.000000,12800,24952,51.298493,10,10,10,10,404,4,0,4,400,24952,152,0,0,0,0,404,0,0,0,0,87,5888
3015,W3,1,1,0,0,0,0,0,0,0,0,0,400,400,400,0,0,0,0,400,400,400,100.000000,12800,24952,51.298493,10,10,10,10,404,4,0,4,400,24952,152,0,0,0,0,404,0,0,0,0,86,5888
3016,W3,1,1,0,0,0,0,0,0,0,0,0,400,400,400,0,0,0,0,400,400,400,100.000000,12800,24952,51.298493,10,10,10,10,404,4,0,4,400,24952,152,0,0,0,0,404,0,0,0,0,96,5888
3017,W3,1,1,0,0,0,0,0,0,0,0,0,400,400,400,0,0,0,0,400,400,400,100.000000,12800,24952,51.298493,10,10,10,10,404,4,0,4,400,24952,152,0,0,0,0,404,0,0,0,0,89,5888
3018,W3,1,1,0,0,0,0,0,0,0,0,0,400,400,400,0,0,0,0,400,400,400,100.000000,12800,24952,51.298493,10,10,10,10,404,4,0,4,400,24952,152,0,0,0,0,404,0,0,0,0,93,5888
3019,W3,1,1,0,0,0,0,0,0,0,0,0,400,400,400,0,0,0,0,400,400,400,100.000000,12800,24952,51.298493,10,10,10,10,404,4,0,4,400,24952,152,0,0,0,0,404,0,0,0,0,92,5888
3020,W3,1,1,0,0,0,0,0,0,0,0,0,400,400,400,0,0,0,0,400,400,400,100.000000,12800,24952,51.298493,10,10,10,10,404,4,0,4,400,24952,152,0,0,0,0,404,0,0,0,0,115,5888
3021,W3,1,1,0,0,0,0,0,0,0,0,0,400,400,400,0,0,0,0,400,400,400,100.000000,12800,24952,51.298493,10,10,10,10,404,4,0,4,400,24952,152,0,0,0,0,404,0,0,0,0,97,5888
3022,W3,1,1,0,0,0,0,0,0,0,0,0,400,400,400,0,0,0,0,400,400,400,100.000000,12800,24952,51.298493,10,10,10,10,404,4,0,4,400,24952,152,0,0,0,0,404,0,0,0,0,95,5888
3023,W3,1,1,0,0,0,0,0,0,0,0,0,400,400,400,0,0,0,0,400,400,400,100.000000,12800,24952,51.298493,10,10,10,10,404,4,0,4,400,24952,152,0,0,0,0,404,0,0,0,0,100,5888
3024,W3,1,1,0,0,0,0,0,0,0,0,0,400,400,400,0,0,0,0,400,400,400,100.000000,12800,24952,51.298493,10,10,10,10,404,4,0,4,400,24952,152,0,0,0,0,404,0,0,0,0,95,5888
3025,W3,1,1,0,0,0,0,0,0,0,0,0,400,400,400,0,0,0,0,400,400,400,100.000000,12800,24952,51.298493,10,10,10,10,404,4,0,4,400,24952,152,0,0,0,0,404,0,0,0,0,90,5888
3026,W3,1,1,0,0,0,0,0,0,0,0,0,400,400,400,0,0,0,0,400,400,400,100.000000,12800,24952,51.298493,10,10,10,10,404,4,0,4,400,24952,152,0,0,0,0,404,0,0,0,0,94,5888
3027,W3,1,1,0,0,0,0,0,0,0,0,0,400,400,400,0,0,0,0,400,400,400,100.000000,12800,24952,51.298493,10,10,10,10,404,4,0,4,400,24952,152,0,0,0,0,404,0,0,0,0,84,5888
3028,W3,1,1,0,0,0,0,0,0,0,0,0,400,400,400,0,0,0,0,400,400,400,100.000000,12800,24952,51.298493,10,10,10,10,404,4,0,4,400,24952,152,0,0,0,0,404,0,0,0,0,98,5888
3029,W3,1,1,0,0,0,0,0,0,0,0,0,400,400,400,0,0,0,0,400,400,400,100.000000,12800,24952,51.298493,10,10,10,10,404,4,0,4,400,24952,152,0,0,0,0,404,0,0,0,0,114,5888
3030,W3,1,1,0,0,0,0,0,0,0,0,0,400,400,400,0,0,0,0,400,400,400,100.000000,12800,24952,51.298493,10,10,10,10,404,4,0,4,400,24952,152,0,0,0,0,404,0,0,0,0,98,5888
3031,W3,1,1,0,0,0,0,0,0,0,0,0,400,400,400,0,0,0,0,400,400,400,100.000000,12800,24952,51.298493,10,10,10,10,404,4,0,4,400,24952,152,0,0,0,0,404,0,0,0,0,87,5888
3032,W3,1,1,0,0,0,0,0,0,0,0,0,400,400,400,0,0,0,0,400,400,400,100.000000,12800,24952,51.298493,10,10,10,10,404,4,0,4,400,24952,152,0,0,0,0,404,0,0,0,0,98,5888
3033,W3,1,1,0,0,0,0,0,0,0,0,0,400,400,400,0,0,0,0,400,400,400,100.000000,12800,24952,51.298493,10,10,10,10,404,4,0,4,400,24952,152,0,0,0,0,404,0,0,0,0,88,5888
3034,W3,1,1,0,0,0,0,0,0,0,0,0,400,400,400,0,0,0,0,400,400,400,100.000000,12800,24952,51.298493,10,10,10,10,404,4,0,4,400,24952,152,0,0,0,0,404,0,0,0,0,112,5888
3035,W3,1,1,0,0,0,0,0,0,0,0,0,400,400,400,0,0,0,0,400,400,400,100.000000,12800,24952,51.298493,10,10,10,10,404,4,0,4,400,24952,152,0,0,0,0,404,0,0,0,0,92,5888
3036,W3,1,1,0,0,0,0,0,0,0,0,0,400,400,400,0,0,0,0,400,400,400,100.000000,12800,24952,51.298493,10,10,10,10,404,4,0,4,400,24952,152,0,0,0,0,404,0,0,0,0,93,5888
3037,W3,1,1,0,0,0,0,0,0,0,0,0,400,400,400,0,0,0,0,400,400,400,100.000000,12800,24952,51.298493,10,10,10,10,404,4,0,4,400,24952,152,0,0,0,0,404,0,0,0,0,115,5888
3038,W3,1,1,0,0,0,0,0,0,0,0,0,400,400,400,0,0,0,0,400,400,400,100.000000,12800,24952,51.298493,10,10,10,10,404,4,0,4,400,24952,152,0,0,0,0,404,0,0,0,0,93,5888
3039,W3,1,1,0,0,0,0,0,0,0,0,0,400,400,400,0,0,0,0,400,400,400,100.000000,12800,24952,51.298493,10,10,10,10,404,4,0,4,400,24952,152,0,0,0,0,404,0,0,0,0,101,5888
3040,W3,1,1,0,0,0,0,0,0,0,0,0,400,400,400,0,0,0,0,400,400,400,100.000000,12800,24952,51.298493,10,10,10,10,404,4,0,4,400,24952,152,0,0,0,0,404,0,0,0,0,92,5888
3041,W3,1,1,0,0,0,0,0,0,0,0,0,400,400,400,0,0,0,0,400,400,400,100.000000,12800,24952,51.298493,10,10,10,10,404,4,0,4,400,24952,152,0,0,0,0,404,0,0,0,0,97,5888
3042,W3,1,1,0,0,0,0,0,0,0,0,0,400,400,400,0,0,0,0,400,400,400,100.000000,12800,24952,51.298493,10,10,10,10,404,4,0,4,400,24952,152,0,0,0,0,404,0,0,0,0,106,5888
3043,W3,1,1,0,0,0,0,0,0,0,0,0,400,400,400,0,0,0,0,400,400,400,100.000000,12800,24952,51.298493,10,10,10,10,404,4,0,4,400,24952,152,0,0,0,0,404,0,0,0,0,90,5888
3044,W3,1,1,0,0,0,0,0,0,0,0,0,400,400,400,0,0,0,0,400,400,400,100.000000,12800,24952,51.298493,10,10,10,10,404,4,0,4,400,24952,152,0,0,0,0,404,0,0,0,0,92,5888
3045,W3,1,1,0,0,0,0,0,0,0,0,0,400,400,400,0,0,0,0,400,400,400,100.000000,12800,24952,51.298493,10,10,10,10,404,4,0,4,400,24952,152,0,0,0,0,404,0,0,0,0,85,5888
3046,W3,1,1,0,0,0,0,0,0,0,0,0,400,400,400,0,0,0,0,400,400,400,100.000000,12800,24952,51.298493,10,10,10,10,404,4,0,4,400,24952,152,0,0,0,0,404,0,0,0,0,93,5888
3047,W3,1,1,0,0,0,0,0,0,0,0,0,400,400,400,0,0,0,0,400,400,400,100.000000,12800,24952,51.298493,10,10,10,10,404,4,0,4,400,24952,152,0,0,0,0,404,0,0,0,0,104,5888
3048,W3,1,1,0,0,0,0,0,0,0,0,0,400,400,400,0,0,0,0,400,400,400,100.000000,12800,24952,51.298493,10,10,10,10,404,4,0,4,400,24952,152,0,0,0,0,404,0,0,0,0,96,5888
3049,W3,1,1,0,0,0,0,0,0,0,0,0,400,400,400,0,0,0,0,400,400,400,100.000000,12800,24952,51.298493,10,10,10,10,404,4,0,4,400,24952,152,0,0,0,0,404,0,0,0,0,88,5888
3050,W3,1,1,0,0,0,0,0,0,0,0,0,400,400,400,0,0,0,0,400,400,400,100.000000,12800,24952,51.298493,10,10,10,10,404,4,0,4,400,24952,152,0,0,0,0,404,0,0,0,0,97,5888
3051,W3,1,1,0,0,0,0,0,0,0,0,0,400,400,400,0,0,0,0,400,400,400,100.000000,12800,24952,51.298493,10,10,10,10,404,4,0,4,400,24952,152,0,0,0,0,404,0,0,0,0,92,5888
3052,W3,1,1,0,0,0,0,0,0,0,0,0,400,400,400,0,0,0,0,400,400,400,100.000000,12800,24952,51.298493,10,10,10,10,404,4,0,4,400,24952,152,0,0,0,0,404,0,0,0,0,92,5888
3053,W3,1,1,0,0,0,0,0,0,0,0,0,400,400,400,0,0,0,0,400,400,400,100.000000,12800,24952,51.298493,10,10,10,10,404,4,0,4,400,24952,152,0,0,0,0,404,0,0,0,0,114,5888
3054,W3,1,1,0,0,0,0,0,0,0,0,0,400,400,400,0,0,0,0,400,400,400,100.000000,12800,24952,51.298493,10,10,10,10,404,4,0,4,400,24952,152,0,0,0,0,404,0,0,0,0,85,5888
3055,W3,1,1,0,0,0,0,0,0,0,0,0,400,400,400,0,0,0,0,400,400,400,100.000000,12800,24952,51.298493,10,10,10,10,404,4,0,4,400,24952,152,0,0,0,0,404,0,0,0,0,92,5888
3056,W3,1,1,0,0,0,0,0,0,0,0,0,400,400,400,0,0,0,0,400,400,400,100.000000,12800,24952,51.298493,10,10,10,10,404,4,0,4,400,24952,152,0,0,0,0,404,0,0,0,0,114,5888
3057,W3,1,1,0,0,0,0,0,0,0,0,0,400,400,400,0,0,0,0,400,400,400,100.000000,12800,24952,51.298493,10,10,10,10,404,4,0,4,400,24952,152,0,0,0,0,404,0,0,0,0,112,5888
3058,W3,1,1,0,0,0,0,0,0,0,0,0,400,400,400,0,0,0,0,400,400,400,100.000000,12800,24952,51.298493,10,10,10,10,404,4,0,4,400,24952,152,0,0,0,0,404,0,0,0,0,91,5888
3059,W3,1,1,0,0,0,0,0,0,0,0,0,400,400,400,0,0,0,0,400,400,400,100.000000,12800,24952,51.298493,10,10,10,10,404,4,0,4,400,24952,152,0,0,0,0,404,0,0,0,0,96,5888
3060,W3,1,1,0,0,0,0,0,0,0,0,0,400,400,400,0,0,0,0,400,400,400,100.000000,12800,24952,51.298493,10,10,10,10,404,4,0,4,400,24952,152,0,0,0,0,404,0,0,0,0,108,5888
3061,W3,1,1,0,0,0,0,0,0,0,0,0,400,400,400,0,0,0,0,400,400,400,100.000000,12800,24952,51.298493,10,10,10,10,404,4,0,4,400,24952,152,0,0,0,0,404,0,0,0,0,86,5888
3062,W3,1,1,0,0,0,0,0,0,0,0,0,400,400,400,0,0,0,0,400,400,400,100.000000,12800,24952,51.298493,10,10,10,10,404,4,0,4,400,24952,152,0,0,0,0,404,0,0,0,0,89,5888
3063,W3,1,1,0,0,0,0,0,0,0,0,0,400,400,400,0,0,0,0,400,400,400,100.000000,12800,24952,51.298493,10,10,10,10,404,4,0,4,400,24952,152,0,0,0,0,404,0,0,0,0,93,5888
3064,W3,1,1,0,0,0,0,0,0,0,0,0,400,400,400,0,0,0,0,400,400,400,100.000000,12800,24952,51.298493,10,10,10,10,404,4,0,4,400,24952,152,0,0,0,0,404,0,0,0,0,93,5888
3065,W3,1,1,0,0,0,0,0,0,0,0,0,400,400,400,0,0,0,0,400,400,400,100.000000,12800,24952,51.298493,10,10,10,10,404,4,0,4,400,24952,152,0,0,0,0,404,0,0,0,0,88,5888
3066,W3,1,1,0,0,0,0,0,0,0,0,0,400,400,400,0,0,0,0,400,400,400,100.000000,12800,24952,51.298493,10,10,10,10,404,4,0,4,400,24952,152,0,0,0,0,404,0,0,0,0,91,5888
3067,W3,1,1,0,0,0,0,0,0,0,0,0,400,400,400,0,0,0,0,400,400,400,100.000000,12800,24952,51.298493,10,10,10,10,404,4,0,4,400,24952,152,0,0,0,0,404,0,0,0,0,88,5888
3068,W3,1,1,0,0,0,0,0,0,0,0,0,400,400,400,0,0,0,0,400,400,400,100.000000,12800,24952,51.298493,10,10,10,10,404,4,0,4,400,24952,152,0,0,0,0,404,0,0,0,0,87,5888
3069,W3,1,1,0,0,0,0,0,0,0,0,0,400,400,400,0,0,0,0,400,400,400,100.000000,12800,24952,51.298493,10,10,10,10,404,4,0,4,400,24952,152,0,0,0,0,404,0,0,0,0,92,5888
3070,W3,1,1,0,0,0,0,0,0,0,0,0,400,400,400,0,0,0,0,400,400,400,100.000000,12800,24952,51.298493,10,10,10,10,404,4,0,4,400,24952,152,0,0,0,0,404,0,0,0,0,91,5888
3071,W3,1,1,0,0,0,0,0,0,0,0,0,400,400,400,0,0,0,0,400,400,400,100.000000,12800,24952,51.298493,10,10,10,10,404,4,0,4,400,24952,152,0,0,0,0,404,0,0,0,0,102,5888
3072,W3,1,1,0,0,0,0,0,0,0,0,0,400,400,400,0,0,0,0,400,400,400,100.000000,12800,24952,51.298493,10,10,10,10,404,4,0,4,400,24952,152,0,0,0,0,404,0,0,0,0,92,5888
3073,W3,1,1,0,0,0,0,0,0,0,0,0,400,400,400,0,0,0,0,400,400,400,100.000000,12800,24952,51.298493,10,10,10,10,404,4,0,4,400,24952,152,0,0,0,0,404,0,0,0,0,104,5888
3074,W3,1,1,0,0,0,0,0,0,0,0,0,400,400,400,0,0,0,0,400,400,400,100.000000,12800,24952,51.298493,10,10,10,10,404,4,0,4,400,24952,152,0,0,0,0,404,0,0,0,0,87,5888
3075,W3,1,1,0,0,0,0,0,0,0,0,0,400,400,400,0,0,0,0,400,400,400,100.000000,12800,24952,51.298493,10,10,10,10,404,4,0,4,400,24952,152,0,0,0,0,404,0,0,0,0,88,5888
3076,W3,1,1,0,0,0,0,0,0,0,0,0,400,400,400,0,0,0,0,400,400,400,100.000000,12800,24952,51.298493,10,10,10,10,404,4,0,4,400,24952,152,0,0,0,0,404,0,0,0,0,91,5888
3077,W3,1,1,0,0,0,0,0,0,0,0,0,400,400,400,0,0,0,0,400,400,400,100.000000,12800,24952,51.298493,10,10,10,10,404,4,0,4,400,24952,152,0,0,0,0,404,0,0,0,0,80,5888
3078,W3,1,1,0,0,0,0,0,0,0,0,0,400,400,400,0,0,0,0,400,400,400,100.000000,12800,24952,51.298493,10,10,10,10,404,4,0,4,400,24952,152,0,0,0,0,404,0,0,0,0,95,5888
3079,W3,1,1,0,0,0,0,0,0,0,0,0,400,400,400,0,0,0,0,400,400,400,100.000000,12800,24952,51.298493,10,10,10,10,404,4,0,4,400,24952,152,0,0,0,0,404,0,0,0,0,91,5888
3080,W3,1,1,0,0,0,0,0,0,0,0,0,400,400,400,0,0,0,0,400,400,400,100.000000,12800,24952,51.298493,10,10,10,10,404,4,0,4,400,24952,152,0,0,0,0,404,0,0,0,0,102,5888
3081,W3,1,1,0,0,0,0,0,0,0,0,0,400,400,400,0,0,0,0,400,400,400,100.000000,12800,24952,51.298493,10,10,10,10,404,4,0,4,400,24952,152,0,0,0,0,404,0,0,0,0,95,5888
3082,W3,1,1,0,0,0,0,0,0,0,0,0,400,400,400,0,0,0,0,400,400,400,100.000000,12800,24952,51.298493,10,10,10,10,404,4,0,4,400,24952,152,0,0,0,0,404,0,0,0,0,92,5888
3083,W3,1,1,0,0,0,0,0,0,0,0,0,400,400,400,0,0,0,0,400,400,400,100.000000,12800,24952,51.298493,10,10,10,10,404,4,0,4,400,24952,152,0,0,0,0,404,0,0,0,0,91,5888
3084,W3,1,1,0,0,0,0,0,0,0,0,0,400,400,400,0,0,0,0,400,400,400,100.000000,12800,24952,51.298493,10,10,10,10,404,4,0,4,400,24952,152,0,0,0,0,404,0,0,0,0,95,5888
3085,W3,1,1,0,0,0,0,0,0,0,0,0,400,400,400,0,0,0,0,400,400,400,100.000000,12800,24952,51.298493,10,10,10,10,404,4,0,4,400,24952,152,0,0,0,0,404,0,0,0,0,93,5888
3086,W3,1,1,0,0,0,0,0,0,0,0,0,400,400,400,0,0,0,0,400,400,400,100.000000,12800,24952,51.298493,10,10,10,10,404,4,0,4,400,24952,152,0,0,0,0,404,0,0,0,0,84,5888
3087,W3,1,1,0,0,0,0,0,0,0,0,0,400,400,400,0,0,0,0,400,400,400,100.000000,12800,24952,51.298493,10,10,10,10,404,4,0,4,400,24952,152,0,0,0,0,404,0,0,0,0,90,5888
3088,W3,1,1,0,0,0,0,0,0,0,0,0,400,400,400,0,0,0,0,400,400,400,100.000000,12800,24952,51.298493,10,10,10,10,404,4,0,4,400,24952,152,0,0,0,0,404,0,0,0,0,118,5888
3089,W3,1,1,0,0,0,0,0,0,0,0,0,400,400,400,0,0,0,0,400,400,400,100.000000,12800,24952,51.298493,10,10,10,10,404,4,0,4,400,24952,152,0,0,0,0,404,0,0,0,0,103,5888
3090,W3,1,1,0,0,0,0,0,0,0,0,0,400,400,400,0,0,0,0,400,400,400,100.000000,12800,24952,51.298493,10,10,10,10,404,4,0,4,400,24952,152,0,0,0,0,404,0,0,0,0,84,5888
3091,W3,1,1,0,0,0,0,0,0,0,0,0,400,400,400,0,0,0,0,400,400,400,100.000000,12800,24952,51.298493,10,10,10,10,404,4,0,4,400,24952,152,0,0,0,0,404,0,0,0,0,87,5888
3092,W3,1,1,0,0,0,0,0,0,0,0,0,400,400,400,0,0,0,0,400,400,400,100.000000,12800,24952,51.298493,10,10,10,10,404,4,0,4,400,24952,152,0,0,0,0,404,0,0,0,0,94,5888
3093,W3,1,1,0,0,0,0,0,0,0,0,0,400,400,400,0,0,0,0,400,400,400,100.000000,12800,24952,51.298493,10,10,10,10,404,4,0,4,400,24952,152,0,0,0,0,404,0,0,0,0,88,5888
3094,W3,1,1,0,0,0,0,0,0,0,0,0,400,400,400,0,0,0,0,400,400,400,100.000000,12800,24952,51.298493,10,10,10,10,404,4,0,4,400,24952,152,0,0,0,0,404,0,0,0,0,96,5888
3095,W3,1,1,0,0,0,0,0,0,0,0,0,400,400,400,0,0,0,0,400,400,400,100.000000,12800,24952,51.298493,10,10,10,10,404,4,0,4,400,24952,152,0,0,0,0,404,0,0,0,0,117,5888
3096,W3,1,1,0,0,0,0,0,0,0,0,0,400,400,400,0,0,0,0,400,400,400,100.000000,12800,24952,51.298493,10,10,10,10,404,4,0,4,400,24952,152,0,0,0,0,404,0,0,0,0,88,5888
3097,W3,1,1,0,0,0,0,0,0,0,0,0,400,400,400,0,0,0,0,400,400,400,100.000000,12800,24952,51.298493,10,10,10,10,404,4,0,4,400,24952,152,0,0,0,0,404,0,0,0,0,92,5888
3098,W3,1,1,0,0,0,0,0,0,0,0,0,400,400,400,0,0,0,0,400,400,400,100.000000,12800,24952,51.298493,10,10,10,10,404,4,0,4,400,24952,152,0,0,0,0,404,0,0,0,0,95,5888
3099,W3,1,1,0,0,0,0,0,0,0,0,0,400,400,400,0,0,0,0,400,400,400,100.000000,12800,24952,51.298493,10,10,10,10,404,4,0,4,400,24952,152,0,0,0,0,404,0,0,0,0,87,5888
3100,W3,1,1,0,0,0,0,0,0,0,0,0,400,400,400,0,0,0,0,400,400,400,100.000000,12800,24952,51.298493,10,10,10,10,404,4,0,4,400,24952,152,0,0,0,0,404,0,0,0,0,89,5888
3101,W3,1,1,0,0,0,0,0,0,0,0,0,400,400,400,0,0,0,0,400,400,400,100.000000,12800,24952,51.298493,10,10,10,10,404,4,0,4,400,24952,152,0,0,0,0,404,0,0,0,0,88,5888
3102,W3,1,1,0,0,0,0,0,0,0,0,0,400,400,400,0,0,0,0,400,400,400,100.000000,12800,24952,51.298493,10,10,10,10,404,4,0,4,400,24952,152,0,0,0,0,404,0,0,0,0,91,5888
3103,W3,1,1,0,0,0,0,0,0,0,0,0,400,400,400,0,0,0,0,400,400,400,100.000000,12800,24952,51.298493,10,10,10,10,404,4,0,4,400,24952,152,0,0,0,0,404,0,0,0,0,95,5888
3104,W3,1,1,0,0,0,0,0,0,0,0,0,400,400,400,0,0,0,0,400,400,400,100.000000,12800,24952,51.298493,10,10,10,10,404,4,0,4,400,24952,152,0,0,0,0,404,0,0,0,0,93,5888
3105,W3,1,1,0,0,0,0,0,0,0,0,0,400,400,400,0,0,0,0,400,400,400,100.000000,12800,24952,51.298493,10,10,10,10,404,4,0,4,400,24952,152,0,0,0,0,404,0,0,0,0,98,5888
3106,W3,1,1,0,0,0,0,0,0,0,0,0,400,400,400,0,0,0,0,400,400,400,100.000000,12800,24952,51.298493,10,10,10,10,404,4,0,4,400,24952,152,0,0,0,0,404,0,0,0,0,96,5888
3107,W3,1,1,0,0,0,0,0,0,0,0,0,400,400,400,0,0,0,0,400,400,400,100.000000,12800,24952,51.298493,10,10,10,10,404,4,0,4,400,24952,152,0,0,0,0,404,0,0,0,0,93,5888
3108,W3,1,1,0,0,0,0,0,0,0,0,0,400,400,400,0,0,0,0,400,400,400,100.000000,12800,24952,51.298493,10,10,10,10,404,4,0,4,400,24952,152,0,0,0,0,404,0,0,0,0,89,5888
3109,W3,1,1,0,0,0,0,0,0,0,0,0,400,400,400,0,0,0,0,400,400,400,100.000000,12800,24952,51.298493,10,10,10,10,404,4,0,4,400,24952,152,0,0,0,0,404,0,0,0,0,90,5888
3110,W3,1,1,0,0,0,0,0,0,0,0,0,400,400,400,0,0,0,0,400,400,400,100.000000,12800,24952,51.298493,10,10,10,10,404,4,0,4,400,24952,152,0,0,0,0,404,0,0,0,0,110,5888
3111,W3,1,1,0,0,0,0,0,0,0,0,0,400,400,400,0,0,0,0,400,400,400,100.000000,12800,24952,51.298493,10,10,10,10,404,4,0,4,400,24952,152,0,0,0,0,404,0,0,0,0,103,5888
3112,W3,1,1,0,0,0,0,0,0,0,0,0,400,400,400,0,0,0,0,400,400,400,100.000000,12800,24952,51.298493,10,10,10,10,404,4,0,4,400,24952,152,0,0,0,0,404,0,0,0,0,108,5888
3113,W3,1,1,0,0,0,0,0,0,0,0,0,400,400,400,0,0,0,0,400,400,400,100.000000,12800,24952,51.298493,10,10,10,10,404,4,0,4,400,24952,152,0,0,0,0,404,0,0,0,0,93,5888
3114,W3,1,1,0,0,0,0,0,0,0,0,0,400,400,400,0,0,0,0,400,400,400,100.000000,12800,24952,51.298493,10,10,10,10,404,4,0,4,400,24952,152,0,0,0,0,404,0,0,0,0,106,5888
3115,W3,1,1,0,0,0,0,0,0,0,0,0,400,400,400,0,0,0,0,400,400,400,100.000000,12800,24952,51.298493,10,10,10,10,404,4,0,4,400,24952,152,0,0,0,0,404,0,0,0,0,108,5888
3116,W3,1,1,0,0,0,0,0,0,0,0,0,400,400,400,0,0,0,0,400,400,400,100.000000,12800,24952,51.298493,10,10,10,10,404,4,0,4,400,24952,152,0,0,0,0,404,0,0,0,0,85,5888
3117,W3,1,1,0,0,0,0,0,0,0,0,0,400,400,400,0,0,0,0,400,400,400,100.000000,12800,24952,51.298493,10,10,10,10,404,4,0,4,400,24952,152,0,0,0,0,404,0,0,0,0,93,5888
3118,W3,1,1,0,0,0,0,0,0,0,0,0,400,400,400,0,0,0,0,400,400,400,100.000000,12800,24952,51.298493,10,10,10,10,404,4,0,4,400,24952,152,0,0,0,0,404,0,0,0,0,94,5888
3119,W3,1,1,0,0,0,0,0,0,0,0,0,400,400,400,0,0,0,0,400,400,400,100.000000,12800,24952,51.298493,10,10,10,10,404,4,0,4,400,24952,152,0,0,0,0,404,0,0,0,0,88,5888
3120,W3,1,1,0,0,0,0,0,0,0,0,0,400,400,400,0,0,0,0,400,400,400,100.000000,12800,24952,51.298493,10,10,10,10,404,4,0,4,400,24952,152,0,0,0,0,404,0,0,0,0,85,5888
3121,W3,1,1,0,0,0,0,0,0,0,0,0,400,400,400,0,0,0,0,400,400,400,100.000000,12800,24952,51.298493,10,10,10,10,404,4,0,4,400,24952,152,0,0,0,0,404,0,0,0,0,91,5888
3122,W3,1,1,0,0,0,0,0,0,0,0,0,400,400,400,0,0,0,0,400,400,400,100.000000,12800,24952,51.298493,10,10,10,10,404,4,0,4,400,24952,152,0,0,0,0,404,0,0,0,0,101,5888
3123,W3,1,1,0,0,0,0,0,0,0,0,0,400,400,400,0,0,0,0,400,400,400,100.000000,12800,24952,51.298493,10,10,10,10,404,4,0,4,400,24952,152,0,0,0,0,404,0,0,0,0,86,5888
3124,W3,1,1,0,0,0,0,0,0,0,0,0,400,400,400,0,0,0,0,400,400,400,100.000000,12800,24952,51.298493,10,10,10,10,404,4,0,4,400,24952,152,0,0,0,0,404,0,0,0,0,107,5888
3125,W3,1,1,0,0,0,0,0,0,0,0,0,400,400,400,0,0,0,0,400,400,400,100.000000,12800,24952,51.298493,10,10,10,10,404,4,0,4,400,24952,152,0,0,0,0,404,0,0,0,0,86,5888
3126,W3,1,1,0,0,0,0,0,0,0,0,0,400,400,400,0,0,0,0,400,400,400,100.000000,12800,24952,51.298493,10,10,10,10,404,4,0,4,400,24952,152,0,0,0,0,404,0,0,0,0,90,5888
3127,W3,1,1,0,0,0,0,0,0,0,0,0,400,400,400,0,0,0,0,400,400,400,100.000000,12800,24952,51.298493,10,10,10,10,404,4,0,4,400,24952,152,0,0,0,0,404,0,0,0,0,96,5888
3128,W3,1,1,0,0,0,0,0,0,0,0,0,400,400,400,0,0,0,0,400,400,400,100.000000,12800,24952,51.298493,10,10,10,10,404,4,0,4,400,24952,152,0,0,0,0,404,0,0,0,0,91,5888
3129,W3,1,1,0,0,0,0,0,0,0,0,0,400,400,400,0,0,0,0,400,400,400,100.000000,12800,24952,51.298493,10,10,10,10,404,4,0,4,400,24952,152,0,0,0,0,404,0,0,0,0,97,5888
3130,W3,1,1,0,0,0,0,0,0,0,0,0,400,400,400,0,0,0,0,400,400,400,100.000000,12800,24952,51.298493,10,10,10,10,404,4,0,4,400,24952,152,0,0,0,0,404,0,0,0,0,93,5888
3131,W3,1,1,0,0,0,0,0,0,0,0,0,400,400,400,0,0,0,0,400,400,400,100.000000,12800,24952,51.298493,10,10,10,10,404,4,0,4,400,24952,152,0,0,0,0,404,0,0,0,0,95,5888
3132,W3,1,1,0,0,0,0,0,0,0,0,0,400,400,400,0,0,0,0,400,400,400,100.000000,12800,24952,51.298493,10,10,10,10,404,4,0,4,400,24952,152,0,0,0,0,404,0,0,0,0,89,5888
3133,W3,1,1,0,0,0,0,0,0,0,0,0,400,400,400,0,0,0,0,400,400,400,100.000000,12800,24952,51.298493,10,10,10,10,404,4,0,4,400,24952,152,0,0,0,0,404,0,0,0,0,83,5888
3134,W3,1,1,0,0,0,0,0,0,0,0,0,400,400,400,0,0,0,0,400,400,400,100.000000,12800,24952,51.298493,10,10,10,10,404,4,0,4,400,24952,152,0,0,0,0,404,0,0,0,0,90,5888
3135,W3,1,1,0,0,0,0,0,0,0,0,0,400,400,400,0,0,0,0,400,400,400,100.000000,12800,24952,51.298493,10,10,10,10,404,4,0,4,400,24952,152,0,0,0,0,404,0,0,0,0,93,5888
3136,W3,1,1,0,0,0,0,0,0,0,0,0,400,400,400,0,0,0,0,400,400,400,100.000000,12800,24952,51.298493,10,10,10,10,404,4,0,4,400,24952,152,0,0,0,0,404,0,0,0,0,98,5888
3137,W3,1,1,0,0,0,0,0,0,0,0,0,400,400,400,0,0,0,0,400,400,400,100.000000,12800,24952,51.298493,10,10,10,10,404,4,0,4,400,24952,152,0,0,0,0,404,0,0,0,0,88,5888
3138,W3,1,1,0,0,0,0,0,0,0,0,0,400,400,400,0,0,0,0,400,400,400,100.000000,12800,24952,51.298493,10,10,10,10,404,4,0,4,400,24952,152,0,0,0,0,404,0,0,0,0,116,5888
3139,W3,1,1,0,0,0,0,0,0,0,0,0,400,400,400,0,0,0,0,400,400,400,100.000000,12800,24952,51.298493,10,10,10,10,404,4,0,4,400,24952,152,0,0,0,0,404,0,0,0,0,88,5888
3140,W3,1,1,0,0,0,0,0,0,0,0,0,400,400,400,0,0,0,0,400,400,400,100.000000,12800,24952,51.298493,10,10,10,10,404,4,0,4,400,24952,152,0,0,0,0,404,0,0,0,0,91,5888
3141,W3,1,1,0,0,0,0,0,0,0,0,0,400,400,400,0,0,0,0,400,400,400,100.000000,12800,24952,51.298493,10,10,10,10,404,4,0,4,400,24952,152,0,0,0,0,404,0,0,0,0,93,5888
3142,W3,1,1,0,0,0,0,0,0,0,0,0,400,400,400,0,0,0,0,400,400,400,100.000000,12800,24952,51.298493,10,10,10,10,404,4,0,4,400,24952,152,0,0,0,0,404,0,0,0,0,124,5888
3143,W3,1,1,0,0,0,0,0,0,0,0,0,400,400,400,0,0,0,0,400,400,400,100.000000,12800,24952,51.298493,10,10,10,10,404,4,0,4,400,24952,152,0,0,0,0,404,0,0,0,0,86,5888
3144,W3,1,1,0,0,0,0,0,0,0,0,0,400,400,400,0,0,0,0,400,400,400,100.000000,12800,24952,51.298493,10,10,10,10,404,4,0,4,400,24952,152,0,0,0,0,404,0,0,0,0,102,5888
3145,W3,1,1,0,0,0,0,0,0,0,0,0,400,400,400,0,0,0,0,400,400,400,100.000000,12800,24952,51.298493,10,10,10,10,404,4,0,4,400,24952,152,0,0,0,0,404,0,0,0,0,98,5888
3146,W3,1,1,0,0,0,0,0,0,0,0,0,400,400,400,0,0,0,0,400,400,400,100.000000,12800,24952,51.298493,10,10,10,10,404,4,0,4,400,24952,152,0,0,0,0,404,0,0,0,0,92,5888
3147,W3,1,1,0,0,0,0,0,0,0,0,0,400,400,400,0,0,0,0,400,400,400,100.000000,12800,24952,51.298493,10,10,10,10,404,4,0,4,400,24952,152,0,0,0,0,404,0,0,0,0,94,5888
3148,W3,1,1,0,0,0,0,0,0,0,0,0,400,400,400,0,0,0,0,400,400,400,100.000000,12800,24952,51.298493,10,10,10,10,404,4,0,4,400,24952,152,0,0,0,0,404,0,0,0,0,94,5888
3149,W3,1,1,0,0,0,0,0,0,0,0,0,400,400,400,0,0,0,0,400,400,400,100.000000,12800,24952,51.298493,10,10,10,10,404,4,0,4,400,24952,152,0,0,0,0,404,0,0,0,0,91,5888
3150,W3,1,1,0,0,0,0,0,0,0,0,0,400,400,400,0,0,0,0,400,400,400,100.000000,12800,24952,51.298493,10,10,10,10,404,4,0,4,400,24952,152,0,0,0,0,404,0,0,0,0,82,5888
3151,W3,1,1,0,0,0,0,0,0,0,0,0,400,400,400,0,0,0,0,400,400,400,100.000000,12800,24952,51.298493,10,10,10,10,404,4,0,4,400,24952,152,0,0,0,0,404,0,0,0,0,111,5888
3152,W3,1,1,0,0,0,0,0,0,0,0,0,400,400,400,0,0,0,0,400,400,400,100.000000,12800,24952,51.298493,10,10,10,10,404,4,0,4,400,24952,152,0,0,0,0,404,0,0,0,0,101,5888
3153,W3,1,1,0,0,0,0,0,0,0,0,0,400,400,400,0,0,0,0,400,400,400,100.000000,12800,24952,51.298493,10,10,10,10,404,4,0,4,400,24952,152,0,0,0,0,404,0,0,0,0,95,5888
3154,W3,1,1,0,0,0,0,0,0,0,0,0,400,400,400,0,0,0,0,400,400,400,100.000000,12800,24952,51.298493,10,10,10,10,404,4,0,4,400,24952,152,0,0,0,0,404,0,0,0,0,94,5888
3155,W3,1,1,0,0,0,0,0,0,0,0,0,400,400,400,0,0,0,0,400,400,400,100.000000,12800,24952,51.298493,10,10,10,10,404,4,0,4,400,24952,152,0,0,0,0,404,0,0,0,0,86,5888
3156,W3,1,1,0,0,0,0,0,0,0,0,0,400,400,400,0,0,0,0,400,400,400,100.000000,12800,24952,51.298493,10,10,10,10,404,4,0,4,400,24952,152,0,0,0,0,404,0,0,0,0,97,5888
3157,W3,1,1,0,0,0,0,0,0,0,0,0,400,400,400,0,0,0,0,400,400,400,100.000000,12800,24952,51.298493,10,10,10,10,404,4,0,4,400,24952,152,0,0,0,0,404,0,0,0,0,92,5888
3158,W3,1,1,0,0,0,0,0,0,0,0,0,400,400,400,0,0,0,0,400,400,400,100.000000,12800,24952,51.298493,10,10,10,10,404,4,0,4,400,24952,152,0,0,0,0,404,0,0,0,0,99,5888
3159,W3,1,1,0,0,0,0,0,0,0,0,0,400,400,400,0,0,0,0,400,400,400,100.000000,12800,24952,51.298493,10,10,10,10,404,4,0,4,400,24952,152,0,0,0,0,404,0,0,0,0,87,5888
3160,W3,1,1,0,0,0,0,0,0,0,0,0,400,400,400,0,0,0,0,400,400,400,100.000000,12800,24952,51.298493,10,10,10,10,404,4,0,4,400,24952,152,0,0,0,0,404,0,0,0,0,104,5888
3161,W3,1,1,0,0,0,0,0,0,0,0,0,400,400,400,0,0,0,0,400,400,400,100.000000,12800,24952,51.298493,10,10,10,10,404,4,0,4,400,24952,152,0,0,0,0,404,0,0,0,0,89,5888
3162,W3,1,1,0,0,0,0,0,0,0,0,0,400,400,400,0,0,0,0,400,400,400,100.000000,12800,24952,51.298493,10,10,10,10,404,4,0,4,400,24952,152,0,0,0,0,404,0,0,0,0,98,5888
3163,W3,1,1,0,0,0,0,0,0,0,0,0,400,400,400,0,0,0,0,400,400,400,100.000000,12800,24952,51.298493,10,10,10,10,404,4,0,4,400,24952,152,0,0,0,0,404,0,0,0,0,99,5888
3164,W3,1,1,0,0,0,0,0,0,0,0,0,400,400,400,0,0,0,0,400,400,400,100.000000,12800,24952,51.298493,10,10,10,10,404,4,0,4,400,24952,152,0,0,0,0,404,0,0,0,0,92,5888
3165,W3,1,1,0,0,0,0,0,0,0,0,0,400,400,400,0,0,0,0,400,400,400,100.000000,12800,24952,51.298493,10,10,10,10,404,4,0,4,400,24952,152,0,0,0,0,404,0,0,0,0,92,5888
3166,W3,1,1,0,0,0,0,0,0,0,0,0,400,400,400,0,0,0,0,400,400,400,100.000000,12800,24952,51.298493,10,10,10,10,404,4,0,4,400,24952,152,0,0,0,0,404,0,0,0,0,90,5888
3167,W3,1,1,0,0,0,0,0,0,0,0,0,400,400,400,0,0,0,0,400,400,400,100.000000,12800,24952,51.298493,10,10,10,10,404,4,0,4,400,24952,152,0,0,0,0,404,0,0,0,0,92,5888
3168,W3,1,1,0,0,0,0,0,0,0,0,0,400,400,400,0,0,0,0,400,400,400,100.000000,12800,24952,51.298493,10,10,10,10,404,4,0,4,400,24952,152,0,0,0,0,404,0,0,0,0,120,5888
3169,W3,1,1,0,0,0,0,0,0,0,0,0,400,400,400,0,0,0,0,400,400,400,100.000000,12800,24952,51.298493,10,10,10,10,404,4,0,4,400,24952,152,0,0,0,0,404,0,0,0,0,96,5888
3170,W3,1,1,0,0,0,0,0,0,0,0,0,400,400,400,0,0,0,0,400,400,400,100.000000,12800,24952,51.298493,10,10,10,10,404,4,0,4,400,24952,152,0,0,0,0,404,0,0,0,0,93,5888
3171,W3,1,1,0,0,0,0,0,0,0,0,0,400,400,400,0,0,0,0,400,400,400,100.000000,12800,24952,51.298493,10,10,10,10,404,4,0,4,400,24952,152,0,0,0,0,404,0,0,0,0,110,5888
3172,W3,1,1,0,0,0,0,0,0,0,0,0,400,400,400,0,0,0,0,400,400,400,100.000000,12800,24952,51.298493,10,10,10,10,404,4,0,4,400,24952,152,0,0,0,0,404,0,0,0,0,93,5888
3173,W3,1,1,0,0,0,0,0,0,0,0,0,400,400,400,0,0,0,0,400,400,400,100.000000,12800,24952,51.298493,10,10,10,10,404,4,0,4,400,24952,152,0,0,0,0,404,0,0,0,0,89,5888
3174,W3,1,1,0,0,0,0,0,0,0,0,0,400,400,400,0,0,0,0,400,400,400,100.000000,12800,24952,51.298493,10,10,10,10,404,4,0,4,400,24952,152,0,0,0,0,404,0,0,0,0,94,5888
3175,W3,1,1,0,0,0,0,0,0,0,0,0,400,400,400,0,0,0,0,400,400,400,100.000000,12800,24952,51.298493,10,10,10,10,404,4,0,4,400,24952,152,0,0,0,0,404,0,0,0,0,128,5888
3176,W3,1,1,0,0,0,0,0,0,0,0,0,400,400,400,0,0,0,0,400,400,400,100.000000,12800,24952,51.298493,10,10,10,10,404,4,0,4,400,24952,152,0,0,0,0,404,0,0,0,0,92,5888
3177,W3,1,1,0,0,0,0,0,0,0,0,0,400,400,400,0,0,0,0,400,400,400,100.000000,12800,24952,51.298493,10,10,10,10,404,4,0,4,400,24952,152,0,0,0,0,404,0,0,0,0,81,5888
3178,W3,1,1,0,0,0,0,0,0,0,0,0,400,400,400,0,0,0,0,400,400,400,100.000000,12800,24952,51.298493,10,10,10,10,404,4,0,4,400,24952,152,0,0,0,0,404,0,0,0,0,95,5888
3179,W3,1,1,0,0,0,0,0,0,0,0,0,400,400,400,0,0,0,0,400,400,400,100.000000,12800,24952,51.298493,10,10,10,10,404,4,0,4,400,24952,152,0,0,0,0,404,0,0,0,0,96,5888
3180,W3,1,1,0,0,0,0,0,0,0,0,0,400,400,400,0,0,0,0,400,400,400,100.000000,12800,24952,51.298493,10,10,10,10,404,4,0,4,400,24952,152,0,0,0,0,404,0,0,0,0,97,5888
3181,W3,1,1,0,0,0,0,0,0,0,0,0,400,400,400,0,0,0,0,400,400,400,100.000000,12800,24952,51.298493,10,10,10,10,404,4,0,4,400,24952,152,0,0,0,0,404,0,0,0,0,90,5888
3182,W3,1,1,0,0,0,0,0,0,0,0,0,400,400,400,0,0,0,0,400,400,400,100.000000,12800,24952,51.298493,10,10,10,10,404,4,0,4,400,24952,152,0,0,0,0,404,0,0,0,0,98,5888
3183,W3,1,1,0,0,0,0,0,0,0,0,0,400,400,400,0,0,0,0,400,400,400,100.000000,12800,24952,51.298493,10,10,10,10,404,4,0,4,400,24952,152,0,0,0,0,404,0,0,0,0,109,5888
3184,W3,1,1,0,0,0,0,0,0,0,0,0,400,400,400,0,0,0,0,400,400,400,100.000000,12800,24952,51.298493,10,10,10,10,404,4,0,4,400,24952,152,0,0,0,0,404,0,0,0,0,96,5888
3185,W3,1,1,0,0,0,0,0,0,0,0,0,400,400,400,0,0,0,0,400,400,400,100.000000,12800,24952,51.298493,10,10,10,10,404,4,0,4,400,24952,152,0,0,0,0,404,0,0,0,0,95,5888
3186,W3,1,1,0,0,0,0,0,0,0,0,0,400,400,400,0,0,0,0,400,400,400,100.000000,12800,24952,51.298493,10,10,10,10,404,4,0,4,400,24952,152,0,0,0,0,404,0,0,0,0,103,5888
3187,W3,1,1,0,0,0,0,0,0,0,0,0,400,400,400,0,0,0,0,400,400,400,100.000000,12800,24952,51.298493,10,10,10,10,404,4,0,4,400,24952,152,0,0,0,0,404,0,0,0,0,94,5888
3188,W3,1,1,0,0,0,0,0,0,0,0,0,400,400,400,0,0,0,0,400,400,400,100.000000,12800,24952,51.298493,10,10,10,10,404,4,0,4,400,24952,152,0,0,0,0,404,0,0,0,0,106,5888
3189,W3,1,1,0,0,0,0,0,0,0,0,0,400,400,400,0,0,0,0,400,400,400,100.000000,12800,24952,51.298493,10,10,10,10,404,4,0,4,400,24952,152,0,0,0,0,404,0,0,0,0,93,5888
3190,W3,1,1,0,0,0,0,0,0,0,0,0,400,400,400,0,0,0,0,400,400,400,100.000000,12800,24952,51.298493,10,10,10,10,404,4,0,4,400,24952,152,0,0,0,0,404,0,0,0,0,91,5888
3191,W3,1,1,0,0,0,0,0,0,0,0,0,400,400,400,0,0,0,0,400,400,400,100.000000,12800,24952,51.298493,10,10,10,10,404,4,0,4,400,24952,152,0,0,0,0,404,0,0,0,0,95,5888
3192,W3,1,1,0,0,0,0,0,0,0,0,0,400,400,400,0,0,0,0,400,400,400,100.000000,12800,24952,51.298493,10,10,10,10,404,4,0,4,400,24952,152,0,0,0,0,404,0,0,0,0,92,5888
3193,W3,1,1,0,0,0,0,0,0,0,0,0,400,400,400,0,0,0,0,400,400,400,100.000000,12800,24952,51.298493,10,10,10,10,404,4,0,4,400,24952,152,0,0,0,0,404,0,0,0,0,85,5888
3194,W3,1,1,0,0,0,0,0,0,0,0,0,400,400,400,0,0,0,0,400,400,400,100.000000,12800,24952,51.298493,10,10,10,10,404,4,0,4,400,24952,152,0,0,0,0,404,0,0,0,0,114,5888
3195,W3,1,1,0,0,0,0,0,0,0,0,0,400,400,400,0,0,0,0,400,400,400,100.000000,12800,24952,51.298493,10,10,10,10,404,4,0,4,400,24952,152,0,0,0,0,404,0,0,0,0,85,5888
3196,W3,1,1,0,0,0,0,0,0,0,0,0,400,400,400,0,0,0,0,400,400,400,100.000000,12800,24952,51.298493,10,10,10,10,404,4,0,4,400,24952,152,0,0,0,0,404,0,0,0,0,88,5888
3197,W3,1,1,0,0,0,0,0,0,0,0,0,400,400,400,0,0,0,0,400,400,400,100.000000,12800,24952,51.298493,10,10,10,10,404,4,0,4,400,24952,152,0,0,0,0,404,0,0,0,0,90,5888
3198,W3,1,1,0,0,0,0,0,0,0,0,0,400,400,400,0,0,0,0,400,400,400,100.000000,12800,24952,51.298493,10,10,10,10,404,4,0,4,400,24952,152,0,0,0,0,404,0,0,0,0,84,5888
3199,W3,1,1,0,0,0,0,0,0,0,0,0,400,400,400,0,0,0,0,400,400,400,100.000000,12800,24952,51.298493,10,10,10,10,404,4,0,4,400,24952,152,0,0,0,0,404,0,0,0,0,97,5888
3200,W3,1,1,0,0,0,0,0,0,0,0,0,400,400,400,0,0,0,0,400,400,400,100.000000,12800,24952,51.298493,10,10,10,10,404,4,0,4,400,24952,152,0,0,0,0,404,0,0,0,0,90,5888
3201,W3,1,1,0,0,0,0,0,0,0,0,0,400,400,400,0,0,0,0,400,400,400,100.000000,12800,24952,51.298493,10,10,10,10,404,4,0,4,400,24952,152,0,0,0,0,404,0,0,0,0,95,5888
3202,W3,1,1,0,0,0,0,0,0,0,0,0,400,400,400,0,0,0,0,400,400,400,100.000000,12800,24952,51.298493,10,10,10,10,404,4,0,4,400,24952,152,0,0,0,0,404,0,0,0,0,94,5888
3203,W3,1,1,0,0,0,0,0,0,0,0,0,400,400,400,0,0,0,0,400,400,400,100.000000,12800,24952,51.298493,10,10,10,10,404,4,0,4,400,24952,152,0,0,0,0,404,0,0,0,0,94,5888
3204,W3,1,1,0,0,0,0,0,0,0,0,0,400,400,400,0,0,0,0,400,400,400,100.000000,12800,24952,51.298493,10,10,10,10,404,4,0,4,400,24952,152,0,0,0,0,404,0,0,0,0,96,5888
3205,W3,1,1,0,0,0,0,0,0,0,0,0,400,400,400,0,0,0,0,400,400,400,100.000000,12800,24952,51.298493,10,10,10,10,404,4,0,4,400,24952,152,0,0,0,0,404,0,0,0,0,87,5888
3206,W3,1,1,0,0,0,0,0,0,0,0,0,400,400,400,0,0,0,0,400,400,400,100.000000,12800,24952,51.298493,10,10,10,10,404,4,0,4,400,24952,152,0,0,0,0,404,0,0,0,0,107,5888
3207,W3,1,1,0,0,0,0,0,0,0,0,0,400,400,400,0,0,0,0,400,400,400,100.000000,12800,24952,51.298493,10,10,10,10,404,4,0,4,400,24952,152,0,0,0,0,404,0,0,0,0,89,5888
3208,W3,1,1,0,0,0,0,0,0,0,0,0,400,400,400,0,0,0,0,400,400,400,100.000000,12800,24952,51.298493,10,10,10,10,404,4,0,4,400,24952,152,0,0,0,0,404,0,0,0,0,100,5888
3209,W3,1,1,0,0,0,0,0,0,0,0,0,400,400,400,0,0,0,0,400,400,400,100.000000,12800,24952,51.298493,10,10,10,10,404,4,0,4,400,24952,152,0,0,0,0,404,0,0,0,0,86,5888
3210,W3,1,1,0,0,0,0,0,0,0,0,0,400,400,400,0,0,0,0,400,400,400,100.000000,12800,24952,51.298493,10,10,10,10,404,4,0,4,400,24952,152,0,0,0,0,404,0,0,0,0,95,5888
3211,W3,1,1,0,0,0,0,0,0,0,0,0,400,400,400,0,0,0,0,400,400,400,100.000000,12800,24952,51.298493,10,10,10,10,404,4,0,4,400,24952,152,0,0,0,0,404,0,0,0,0,100,5888
3212,W3,1,1,0,0,0,0,0,0,0,0,0,400,400,400,0,0,0,0,400,400,400,100.000000,12800,24952,51.298493,10,10,10,10,404,4,0,4,400,24952,152,0,0,0,0,404,0,0,0,0,89,5888
3213,W3,1,1,0,0,0,0,0,0,0,0,0,400,400,400,0,0,0,0,400,400,400,100.000000,12800,24952,51.298493,10,10,10,10,404,4,0,4,400,24952,152,0,0,0,0,404,0,0,0,0,93,5888
3214,W3,1,1,0,0,0,0,0,0,0,0,0,400,400,400,0,0,0,0,400,400,400,100.000000,12800,24952,51.298493,10,10,10,10,404,4,0,4,400,24952,152,0,0,0,0,404,0,0,0,0,89,5888
3215,W3,1,1,0,0,0,0,0,0,0,0,0,400,400,400,0,0,0,0,400,400,400,100.000000,12800,24952,51.298493,10,10,10,10,404,4,0,4,400,24952,152,0,0,0,0,404,0,0,0,0,102,5888
3216,W3,1,1,0,0,0,0,0,0,0,0,0,400,400,400,0,0,0,0,400,400,400,100.000000,12800,24952,51.298493,10,10,10,10,404,4,0,4,400,24952,152,0,0,0,0,404,0,0,0,0,88,5888
3217,W3,1,1,0,0,0,0,0,0,0,0,0,400,400,400,0,0,0,0,400,400,400,100.000000,12800,24952,51.298493,10,10,10,10,404,4,0,4,400,24952,152,0,0,0,0,404,0,0,0,0,118,5888
3218,W3,1,1,0,0,0,0,0,0,0,0,0,400,400,400,0,0,0,0,400,400,400,100.000000,12800,24952,51.298493,10,10,10,10,404,4,0,4,400,24952,152,0,0,0,0,404,0,0,0,0,89,5888
3219,W3,1,1,0,0,0,0,0,0,0,0,0,400,400,400,0,0,0,0,400,400,400,100.000000,12800,24952,51.298493,10,10,10,10,404,4,0,4,400,24952,152,0,0,0,0,404,0,0,0,0,93,5888
3220,W3,1,1,0,0,0,0,0,0,0,0,0,400,400,400,0,0,0,0,400,400,400,100.000000,12800,24952,51.298493,10,10,10,10,404,4,0,4,400,24952,152,0,0,0,0,404,0,0,0,0,98,5888
3221,W3,1,1,0,0,0,0,0,0,0,0,0,400,400,400,0,0,0,0,400,400,400,100.000000,12800,24952,51.298493,10,10,10,10,404,4,0,4,400,24952,152,0,0,0,0,404,0,0,0,0,111,5888
3222,W3,1,1,0,0,0,0,0,0,0,0,0,400,400,400,0,0,0,0,400,400,400,100.000000,12800,24952,51.298493,10,10,10,10,404,4,0,4,400,24952,152,0,0,0,0,404,0,0,0,0,115,5888
3223,W3,1,1,0,0,0,0,0,0,0,0,0,400,400,400,0,0,0,0,400,400,400,100.000000,12800,24952,51.298493,10,10,10,10,404,4,0,4,400,24952,152,0,0,0,0,404,0,0,0,0,83,5888
3224,W3,1,1,0,0,0,0,0,0,0,0,0,400,400,400,0,0,0,0,400,400,400,100.000000,12800,24952,51.298493,10,10,10,10,404,4,0,4,400,24952,152,0,0,0,0,404,0,0,0,0,98,5888
3225,W3,1,1,0,0,0,0,0,0,0,0,0,400,400,400,0,0,0,0,400,400,400,100.000000,12800,24952,51.298493,10,10,10,10,404,4,0,4,400,24952,152,0,0,0,0,404,0,0,0,0,92,5888
3226,W3,1,1,0,0,0,0,0,0,0,0,0,400,400,400,0,0,0,0,400,400,400,100.000000,12800,24952,51.298493,10,10,10,10,404,4,0,4,400,24952,152,0,0,0,0,404,0,0,0,0,114,5888
3227,W3,1,1,0,0,0,0,0,0,0,0,0,400,400,400,0,0,0,0,400,400,400,100.000000,12800,24952,51.298493,10,10,10,10,404,4,0,4,400,24952,152,0,0,0,0,404,0,0,0,0,109,5888
3228,W3,1,1,0,0,0,0,0,0,0,0,0,400,400,400,0,0,0,0,400,400,400,100.000000,12800,24952,51.298493,10,10,10,10,404,4,0,4,400,24952,152,0,0,0,0,404,0,0,0,0,88,5888
3229,W3,1,1,0,0,0,0,0,0,0,0,0,400,400,400,0,0,0,0,400,400,400,100.000000,12800,24952,51.298493,10,10,10,10,404,4,0,4,400,24952,152,0,0,0,0,404,0,0,0,0,91,5888
3230,W3,1,1,0,0,0,0,0,0,0,0,0,400,400,400,0,0,0,0,400,400,400,100.000000,12800,24952,51.298493,10,10,10,10,404,4,0,4,400,24952,152,0,0,0,0,404,0,0,0,0,88,5888
3231,W3,1,1,0,0,0,0,0,0,0,0,0,400,400,400,0,0,0,0,400,400,400,100.000000,12800,24952,51.298493,10,10,10,10,404,4,0,4,400,24952,152,0,0,0,0,404,0,0,0,0,101,5888
3232,W3,1,1,0,0,0,0,0,0,0,0,0,400,400,400,0,0,0,0,400,400,400,100.000000,12800,24952,51.298493,10,10,10,10,404,4,0,4,400,24952,152,0,0,0,0,404,0,0,0,0,90,5888
3233,W3,1,1,0,0,0,0,0,0,0,0,0,400,400,400,0,0,0,0,400,400,400,100.000000,12800,24952,51.298493,10,10,10,10,404,4,0,4,400,24952,152,0,0,0,0,404,0,0,0,0,102,5888
3234,W3,1,1,0,0,0,0,0,0,0,0,0,400,400,400,0,0,0,0,400,400,400,100.000000,12800,24952,51.298493,10,10,10,10,404,4,0,4,400,24952,152,0,0,0,0,404,0,0,0,0,97,5888
3235,W3,1,1,0,0,0,0,0,0,0,0,0,400,400,400,0,0,0,0,400,400,400,100.000000,12800,24952,51.298493,10,10,10,10,404,4,0,4,400,24952,152,0,0,0,0,404,0,0,0,0,92,5888
3236,W3,1,1,0,0,0,0,0,0,0,0,0,400,400,400,0,0,0,0,400,400,400,100.000000,12800,24952,51.298493,10,10,10,10,404,4,0,4,400,24952,152,0,0,0,0,404,0,0,0,0,97,5888
3237,W3,1,1,0,0,0,0,0,0,0,0,0,400,400,400,0,0,0,0,400,400,400,100.000000,12800,24952,51.298493,10,10,10,10,404,4,0,4,400,24952,152,0,0,0,0,404,0,0,0,0,93,5888
3238,W3,1,1,0,0,0,0,0,0,0,0,0,400,400,400,0,0,0,0,400,400,400,100.000000,12800,24952,51.298493,10,10,10,10,404,4,0,4,400,24952,152,0,0,0,0,404,0,0,0,0,98,5888
3239,W3,1,1,0,0,0,0,0,0,0,0,0,400,400,400,0,0,0,0,400,400,400,100.000000,12800,24952,51.298493,10,10,10,10,404,4,0,4,400,24952,152,0,0,0,0,404,0,0,0,0,86,5888
3240,W3,1,1,0,0,0,0,0,0,0,0,0,400,400,400,0,0,0,0,400,400,400,100.000000,12800,24952,51.298493,10,10,10,10,404,4,0,4,400,24952,152,0,0,0,0,404,0,0,0,0,119,5888
3241,W3,1,1,0,0,0,0,0,0,0,0,0,400,400,400,0,0,0,0,400,400,400,100.000000,12800,24952,51.298493,10,10,10,10,404,4,0,4,400,24952,152,0,0,0,0,404,0,0,0,0,93,5888
3242,W3,1,1,0,0,0,0,0,0,0,0,0,400,400,400,0,0,0,0,400,400,400,100.000000,12800,24952,51.298493,10,10,10,10,404,4,0,4,400,24952,152,0,0,0,0,404,0,0,0,0,91,5888
3243,W3,1,1,0,0,0,0,0,0,0,0,0,400,400,400,0,0,0,0,400,400,400,100.000000,12800,24952,51.298493,10,10,10,10,404,4,0,4,400,24952,152,0,0,0,0,404,0,0,0,0,90,5888
3244,W3,1,1,0,0,0,0,0,0,0,0,0,400,400,400,0,0,0,0,400,400,400,100.000000,12800,24952,51.298493,10,10,10,10,404,4,0,4,400,24952,152,0,0,0,0,404,0,0,0,0,86,5888
3245,W3,1,1,0,0,0,0,0,0,0,0,0,400,400,400,0,0,0,0,400,400,400,100.000000,12800,24952,51.298493,10,10,10,10,404,4,0,4,400,24952,152,0,0,0,0,404,0,0,0,0,93,5888
3246,W3,1,1,0,0,0,0,0,0,0,0,0,400,400,400,0,0,0,0,400,400,400,100.000000,12800,24952,51.298493,10,10,10,10,404,4,0,4,400,24952,152,0,0,0,0,404,0,0,0,0,88,5888
3247,W3,1,1,0,0,0,0,0,0,0,0,0,400,400,400,0,0,0,0,400,400,400,100.000000,12800,24952,51.298493,10,10,10,10,404,4,0,4,400,24952,152,0,0,0,0,404,0,0,0,0,98,5888
3248,W3,1,1,0,0,0,0,0,0,0,0,0,400,400,400,0,0,0,0,400,400,400,100.000000,12800,24952,51.298493,10,10,10,10,404,4,0,4,400,24952,152,0,0,0,0,404,0,0,0,0,84,5888
3249,W3,1,1,0,0,0,0,0,0,0,0,0,400,400,400,0,0,0,0,400,400,400,100.000000,12800,24952,51.298493,10,10,10,10,404,4,0,4,400,24952,152,0,0,0,0,404,0,0,0,0,104,5888
3250,W3,1,1,0,0,0,0,0,0,0,0,0,400,400,400,0,0,0,0,400,400,400,100.000000,12800,24952,51.298493,10,10,10,10,404,4,0,4,400,24952,152,0,0,0,0,404,0,0,0,0,92,5888
3251,W3,1,1,0,0,0,0,0,0,0,0,0,400,400,400,0,0,0,0,400,400,400,100.000000,12800,24952,51.298493,10,10,10,10,404,4,0,4,400,24952,152,0,0,0,0,404,0,0,0,0,93,5888
3252,W3,1,1,0,0,0,0,0,0,0,0,0,400,400,400,0,0,0,0,400,400,400,100.000000,12800,24952,51.298493,10,10,10,10,404,4,0,4,400,24952,152,0,0,0,0,404,0,0,0,0,94,5888
3253,W3,1,1,0,0,0,0,0,0,0,0,0,400,400,400,0,0,0,0,400,400,400,100.000000,12800,24952,51.298493,10,10,10,10,404,4,0,4,400,24952,152,0,0,0,0,404,0,0,0,0,94,5888
3254,W3,1,1,0,0,0,0,0,0,0,0,0,400,400,400,0,0,0,0,400,400,400,100.000000,12800,24952,51.298493,10,10,10,10,404,4,0,4,400,24952,152,0,0,0,0,404,0,0,0,0,96,5888
3255,W3,1,1,0,0,0,0,0,0,0,0,0,400,400,400,0,0,0,0,400,400,400,100.000000,12800,24952,51.298493,10,10,10,10,404,4,0,4,400,24952,152,0,0,0,0,404,0,0,0,0,91,5888
3256,W3,1,1,0,0,0,0,0,0,0,0,0,400,400,400,0,0,0,0,400,400,400,100.000000,12800,24952,51.298493,10,10,10,10,404,4,0,4,400,24952,152,0,0,0,0,404,0,0,0,0,91,5888
3257,W3,1,1,0,0,0,0,0,0,0,0,0,400,400,400,0,0,0,0,400,400,400,100.000000,12800,24952,51.298493,10,10,10,10,404,4,0,4,400,24952,152,0,0,0,0,404,0,0,0,0,91,5888
3258,W3,1,1,0,0,0,0,0,0,0,0,0,400,400,400,0,0,0,0,400,400,400,100.000000,12800,24952,51.298493,10,10,10,10,404,4,0,4,400,24952,152,0,0,0,0,404,0,0,0,0,88,5888
3259,W3,1,1,0,0,0,0,0,0,0,0,0,400,400,400,0,0,0,0,400,400,400,100.000000,12800,24952,51.298493,10,10,10,10,404,4,0,4,400,24952,152,0,0,0,0,404,0,0,0,0,102,5888
3260,W3,1,1,0,0,0,0,0,0,0,0,0,400,400,400,0,0,0,0,400,400,400,100.000000,12800,24952,51.298493,10,10,10,10,404,4,0,4,400,24952,152,0,0,0,0,404,0,0,0,0,89,5888
3261,W3,1,1,0,0,0,0,0,0,0,0,0,400,400,400,0,0,0,0,400,400,400,100.000000,12800,24952,51.298493,10,10,10,10,404,4,0,4,400,24952,152,0,0,0,0,404,0,0,0,0,86,5888
3262,W3,1,1,0,0,0,0,0,0,0,0,0,400,400,400,0,0,0,0,400,400,400,100.000000,12800,24952,51.298493,10,10,10,10,404,4,0,4,400,24952,152,0,0,0,0,404,0,0,0,0,90,5888
3263,W3,1,1,0,0,0,0,0,0,0,0,0,400,400,400,0,0,0,0,400,400,400,100.000000,12800,24952,51.298493,10,10,10,10,404,4,0,4,400,24952,152,0,0,0,0,404,0,0,0,0,100,5888
3264,W3,1,1,0,0,0,0,0,0,0,0,0,400,400,400,0,0,0,0,400,400,400,100.000000,12800,24952,51.298493,10,10,10,10,404,4,0,4,400,24952,152,0,0,0,0,404,0,0,0,0,86,5888
3265,W3,1,1,0,0,0,0,0,0,0,0,0,400,400,400,0,0,0,0,400,400,400,100.000000,12800,24952,51.298493,10,10,10,10,404,4,0,4,400,24952,152,0,0,0,0,404,0,0,0,0,94,5888
3266,W3,1,1,0,0,0,0,0,0,0,0,0,400,400,400,0,0,0,0,400,400,400,100.000000,12800,24952,51.298493,10,10,10,10,404,4,0,4,400,24952,152,0,0,0,0,404,0,0,0,0,96,5888
3267,W3,1,1,0,0,0,0,0,0,0,0,0,400,400,400,0,0,0,0,400,400,400,100.000000,12800,24952,51.298493,10,10,10,10,404,4,0,4,400,24952,152,0,0,0,0,404,0,0,0,0,89,5888
3268,W3,1,1,0,0,0,0,0,0,0,0,0,400,400,400,0,0,0,0,400,400,400,100.000000,12800,24952,51.298493,10,10,10,10,404,4,0,4,400,24952,152,0,0,0,0,404,0,0,0,0,89,5888
3269,W3,1,1,0,0,0,0,0,0,0,0,0,400,400,400,0,0,0,0,400,400,400,100.000000,12800,24952,51.298493,10,10,10,10,404,4,0,4,400,24952,152,0,0,0,0,404,0,0,0,0,97,5888
3270,W3,1,1,0,0,0,0,0,0,0,0,0,400,400,400,0,0,0,0,400,400,400,100.000000,12800,24952,51.298493,10,10,10,10,404,4,0,4,400,24952,152,0,0,0,0,404,0,0,0,0,97,5888
3271,W3,1,1,0,0,0,0,0,0,0,0,0,400,400,400,0,0,0,0,400,400,400,100.000000,12800,24952,51.298493,10,10,10,10,404,4,0,4,400,24952,152,0,0,0,0,404,0,0,0,0,92,5888
3272,W3,1,1,0,0,0,0,0,0,0,0,0,400,400,400,0,0,0,0,400,400,400,100.000000,12800,24952,51.298493,10,10,10,10,404,4,0,4,400,24952,152,0,0,0,0,404,0,0,0,0,98,5888
3273,W3,1,1,0,0,0,0,0,0,0,0,0,400,400,400,0,0,0,0,400,400,400,100.000000,12800,24952,51.298493,10,10,10,10,404,4,0,4,400,24952,152,0,0,0,0,404,0,0,0,0,86,5888
3274,W3,1,1,0,0,0,0,0,0,0,0,0,400,400,400,0,0,0,0,400,400,400,100.000000,12800,24952,51.298493,10,10,10,10,404,4,0,4,400,24952,152,0,0,0,0,404,0,0,0,0,139,5888
3275,W3,1,1,0,0,0,0,0,0,0,0,0,400,400,400,0,0,0,0,400,400,400,100.000000,12800,24952,51.298493,10,10,10,10,404,4,0,4,400,24952,152,0,0,0,0,404,0,0,0,0,96,5888
3276,W3,1,1,0,0,0,0,0,0,0,0,0,400,400,400,0,0,0,0,400,400,400,100.000000,12800,24952,51.298493,10,10,10,10,404,4,0,4,400,24952,152,0,0,0,0,404,0,0,0,0,87,5888
3277,W3,1,1,0,0,0,0,0,0,0,0,0,400,400,400,0,0,0,0,400,400,400,100.000000,12800,24952,51.298493,10,10,10,10,404,4,0,4,400,24952,152,0,0,0,0,404,0,0,0,0,89,5888
3278,W3,1,1,0,0,0,0,0,0,0,0,0,400,400,400,0,0,0,0,400,400,400,100.000000,12800,24952,51.298493,10,10,10,10,404,4,0,4,400,24952,152,0,0,0,0,404,0,0,0,0,86,5888
3279,W3,1,1,0,0,0,0,0,0,0,0,0,400,400,400,0,0,0,0,400,400,400,100.000000,12800,24952,51.298493,10,10,10,10,404,4,0,4,400,24952,152,0,0,0,0,404,0,0,0,0,112,5888
3280,W3,1,1,0,0,0,0,0,0,0,0,0,400,400,400,0,0,0,0,400,400,400,100.000000,12800,24952,51.298493,10,10,10,10,404,4,0,4,400,24952,152,0,0,0,0,404,0,0,0,0,101,5888
3281,W3,1,1,0,0,0,0,0,0,0,0,0,400,400,400,0,0,0,0,400,400,400,100.000000,12800,24952,51.298493,10,10,10,10,404,4,0,4,400,24952,152,0,0,0,0,404,0,0,0,0,115,5888
3282,W3,1,1,0,0,0,0,0,0,0,0,0,400,400,400,0,0,0,0,400,400,400,100.000000,12800,24952,51.298493,10,10,10,10,404,4,0,4,400,24952,152,0,0,0,0,404,0,0,0,0,92,5888
3283,W3,1,1,0,0,0,0,0,0,0,0,0,400,400,400,0,0,0,0,400,400,400,100.000000,12800,24952,51.298493,10,10,10,10,404,4,0,4,400,24952,152,0,0,0,0,404,0,0,0,0,92,5888
3284,W3,1,1,0,0,0,0,0,0,0,0,0,400,400,400,0,0,0,0,400,400,400,100.000000,12800,24952,51.298493,10,10,10,10,404,4,0,4,400,24952,152,0,0,0,0,404,0,0,0,0,92,5888
3285,W3,1,1,0,0,0,0,0,0,0,0,0,400,400,400,0,0,0,0,400,400,400,100.000000,12800,24952,51.298493,10,10,10,10,404,4,0,4,400,24952,152,0,0,0,0,404,0,0,0,0,89,5888
3286,W3,1,1,0,0,0,0,0,0,0,0,0,400,400,400,0,0,0,0,400,400,400,100.000000,12800,24952,51.298493,10,10,10,10,404,4,0,4,400,24952,152,0,0,0,0,404,0,0,0,0,97,5888
3287,W3,1,1,0,0,0,0,0,0,0,0,0,400,400,400,0,0,0,0,400,400,400,100.000000,12800,24952,51.298493,10,10,10,10,404,4,0,4,400,24952,152,0,0,0,0,404,0,0,0,0,88,5888
3288,W3,1,1,0,0,0,0,0,0,0,0,0,400,400,400,0,0,0,0,400,400,400,100.000000,12800,24952,51.298493,10,10,10,10,404,4,0,4,400,24952,152,0,0,0,0,404,0,0,0,0,102,5888
3289,W3,1,1,0,0,0,0,0,0,0,0,0,400,400,400,0,0,0,0,400,400,400,100.000000,12800,24952,51.298493,10,10,10,10,404,4,0,4,400,24952,152,0,0,0,0,404,0,0,0,0,92,5888
3290,W3,1,1,0,0,0,0,0,0,0,0,0,400,400,400,0,0,0,0,400,400,400,100.000000,12800,24952,51.298493,10,10,10,10,404,4,0,4,400,24952,152,0,0,0,0,404,0,0,0,0,97,5888
3291,W3,1,1,0,0,0,0,0,0,0,0,0,400,400,400,0,0,0,0,400,400,400,100.000000,12800,24952,51.298493,10,10,10,10,404,4,0,4,400,24952,152,0,0,0,0,404,0,0,0,0,95,5888
3292,W3,1,1,0,0,0,0,0,0,0,0,0,400,400,400,0,0,0,0,400,400,400,100.000000,12800,24952,51.298493,10,10,10,10,404,4,0,4,400,24952,152,0,0,0,0,404,0,0,0,0,93,5888
3293,W3,1,1,0,0,0,0,0,0,0,0,0,400,400,400,0,0,0,0,400,400,400,100.000000,12800,24952,51.298493,10,10,10,10,404,4,0,4,400,24952,152,0,0,0,0,404,0,0,0,0,88,5888
3294,W3,1,1,0,0,0,0,0,0,0,0,0,400,400,400,0,0,0,0,400,400,400,100.000000,12800,24952,51.298493,10,10,10,10,404,4,0,4,400,24952,152,0,0,0,0,404,0,0,0,0,96,5888
3295,W3,1,1,0,0,0,0,0,0,0,0,0,400,400,400,0,0,0,0,400,400,400,100.000000,12800,24952,51.298493,10,10,10,10,404,4,0,4,400,24952,152,0,0,0,0,404,0,0,0,0,93,5888
3296,W3,1,1,0,0,0,0,0,0,0,0,0,400,400,400,0,0,0,0,400,400,400,100.000000,12800,24952,51.298493,10,10,10,10,404,4,0,4,400,24952,152,0,0,0,0,404,0,0,0,0,109,5888
3297,W3,1,1,0,0,0,0,0,0,0,0,0,400,400,400,0,0,0,0,400,400,400,100.000000,12800,24952,51.298493,10,10,10,10,404,4,0,4,400,24952,152,0,0,0,0,404,0,0,0,0,99,5888
3298,W3,1,1,0,0,0,0,0,0,0,0,0,400,400,400,0,0,0,0,400,400,400,100.000000,12800,24952,51.298493,10,10,10,10,404,4,0,4,400,24952,152,0,0,0,0,404,0,0,0,0,150,5888
3299,W3,1,1,0,0,0,0,0,0,0,0,0,400,400,400,0,0,0,0,400,400,400,100.000000,12800,24952,51.298493,10,10,10,10,404,4,0,4,400,24952,152,0,0,0,0,404,0,0,0,0,123,5888
3300,W3,1,1,0,0,0,0,0,0,0,0,0,400,400,400,0,0,0,0,400,400,400,100.000000,12800,24952,51.298493,10,10,10,10,404,4,0,4,400,24952,152,0,0,0,0,404,0,0,0,0,92,5888
3301,W3,1,1,0,0,0,0,0,0,0,0,0,400,400,400,0,0,0,0,400,400,400,100.000000,12800,24952,51.298493,10,10,10,10,404,4,0,4,400,24952,152,0,0,0,0,404,0,0,0,0,88,5888
3302,W3,1,1,0,0,0,0,0,0,0,0,0,400,400,400,0,0,0,0,400,400,400,100.000000,12800,24952,51.298493,10,10,10,10,404,4,0,4,400,24952,152,0,0,0,0,404,0,0,0,0,93,5888
3303,W3,1,1,0,0,0,0,0,0,0,0,0,400,400,400,0,0,0,0,400,400,400,100.000000,12800,24952,51.298493,10,10,10,10,404,4,0,4,400,24952,152,0,0,0,0,404,0,0,0,0,90,5888
3304,W3,1,1,0,0,0,0,0,0,0,0,0,400,400,400,0,0,0,0,400,400,400,100.000000,12800,24952,51.298493,10,10,10,10,404,4,0,4,400,24952,152,0,0,0,0,404,0,0,0,0,134,5888
3305,W3,1,1,0,0,0,0,0,0,0,0,0,400,400,400,0,0,0,0,400,400,400,100.000000,12800,24952,51.298493,10,10,10,10,404,4,0,4,400,24952,152,0,0,0,0,404,0,0,0,0,93,5888
3306,W3,1,1,0,0,0,0,0,0,0,0,0,400,400,400,0,0,0,0,400,400,400,100.000000,12800,24952,51.298493,10,10,10,10,404,4,0,4,400,24952,152,0,0,0,0,404,0,0,0,0,105,5888
3307,W3,1,1,0,0,0,0,0,0,0,0,0,400,400,400,0,0,0,0,400,400,400,100.000000,12800,24952,51.298493,10,10,10,10,404,4,0,4,400,24952,152,0,0,0,0,404,0,0,0,0,96,5888
3308,W3,1,1,0,0,0,0,0,0,0,0,0,400,400,400,0,0,0,0,400,400,400,100.000000,12800,24952,51.298493,10,10,10,10,404,4,0,4,400,24952,152,0,0,0,0,404,0,0,0,0,90,5888
3309,W3,1,1,0,0,0,0,0,0,0,0,0,400,400,400,0,0,0,0,400,400,400,100.000000,12800,24952,51.298493,10,10,10,10,404,4,0,4,400,24952,152,0,0,0,0,404,0,0,0,0,95,5888
3310,W3,1,1,0,0,0,0,0,0,0,0,0,400,400,400,0,0,0,0,400,400,400,100.000000,12800,24952,51.298493,10,10,10,10,404,4,0,4,400,24952,152,0,0,0,0,404,0,0,0,0,91,5888
3311,W3,1,1,0,0,0,0,0,0,0,0,0,400,400,400,0,0,0,0,400,400,400,100.000000,12800,24952,51.298493,10,10,10,10,404,4,0,4,400,24952,152,0,0,0,0,404,0,0,0,0,96,5888
3312,W3,1,1,0,0,0,0,0,0,0,0,0,400,400,400,0,0,0,0,400,400,400,100.000000,12800,24952,51.298493,10,10,10,10,404,4,0,4,400,24952,152,0,0,0,0,404,0,0,0,0,91,5888
3313,W3,1,1,0,0,0,0,0,0,0,0,0,400,400,400,0,0,0,0,400,400,400,100.000000,12800,24952,51.298493,10,10,10,10,404,4,0,4,400,24952,152,0,0,0,0,404,0,0,0,0,97,5888
3314,W3,1,1,0,0,0,0,0,0,0,0,0,400,400,400,0,0,0,0,400,400,400,100.000000,12800,24952,51.298493,10,10,10,10,404,4,0,4,400,24952,152,0,0,0,0,404,0,0,0,0,94,5888
3315,W3,1,1,0,0,0,0,0,0,0,0,0,400,400,400,0,0,0,0,400,400,400,100.000000,12800,24952,51.298493,10,10,10,10,404,4,0,4,400,24952,152,0,0,0,0,404,0,0,0,0,91,5888
3316,W3,1,1,0,0,0,0,0,0,0,0,0,400,400,400,0,0,0,0,400,400,400,100.000000,12800,24952,51.298493,10,10,10,10,404,4,0,4,400,24952,152,0,0,0,0,404,0,0,0,0,91,5888
3317,W3,1,1,0,0,0,0,0,0,0,0,0,400,400,400,0,0,0,0,400,400,400,100.000000,12800,24952,51.298493,10,10,10,10,404,4,0,4,400,24952,152,0,0,0,0,404,0,0,0,0,86,5888
3318,W3,1,1,0,0,0,0,0,0,0,0,0,400,400,400,0,0,0,0,400,400,400,100.000000,12800,24952,51.298493,10,10,10,10,404,4,0,4,400,24952,152,0,0,0,0,404,0,0,0,0,91,5888
3319,W3,1,1,0,0,0,0,0,0,0,0,0,400,400,400,0,0,0,0,400,400,400,100.000000,12800,24952,51.298493,10,10,10,10,404,4,0,4,400,24952,152,0,0,0,0,404,0,0,0,0,92,5888
3320,W3,1,1,0,0,0,0,0,0,0,0,0,400,400,400,0,0,0,0,400,400,400,100.000000,12800,24952,51.298493,10,10,10,10,404,4,0,4,400,24952,152,0,0,0,0,404,0,0,0,0,98,5888
3321,W3,1,1,0,0,0,0,0,0,0,0,0,400,400,400,0,0,0,0,400,400,400,100.000000,12800,24952,51.298493,10,10,10,10,404,4,0,4,400,24952,152,0,0,0,0,404,0,0,0,0,95,5888
3322,W3,1,1,0,0,0,0,0,0,0,0,0,400,400,400,0,0,0,0,400,400,400,100.000000,12800,24952,51.298493,10,10,10,10,404,4,0,4,400,24952,152,0,0,0,0,404,0,0,0,0,93,5888
3323,W3,1,1,0,0,0,0,0,0,0,0,0,400,400,400,0,0,0,0,400,400,400,100.000000,12800,24952,51.298493,10,10,10,10,404,4,0,4,400,24952,152,0,0,0,0,404,0,0,0,0,101,5888
3324,W3,1,1,0,0,0,0,0,0,0,0,0,400,400,400,0,0,0,0,400,400,400,100.000000,12800,24952,51.298493,10,10,10,10,404,4,0,4,400,24952,152,0,0,0,0,404,0,0,0,0,87,5888
3325,W3,1,1,0,0,0,0,0,0,0,0,0,400,400,400,0,0,0,0,400,400,400,100.000000,12800,24952,51.298493,10,10,10,10,404,4,0,4,400,24952,152,0,0,0,0,404,0,0,0,0,125,5888
3326,W3,1,1,0,0,0,0,0,0,0,0,0,400,400,400,0,0,0,0,400,400,400,100.000000,12800,24952,51.298493,10,10,10,10,404,4,0,4,400,24952,152,0,0,0,0,404,0,0,0,0,90,5888
3327,W3,1,1,0,0,0,0,0,0,0,0,0,400,400,400,0,0,0,0,400,400,400,100.000000,12800,24952,51.298493,10,10,10,10,404,4,0,4,400,24952,152,0,0,0,0,404,0,0,0,0,93,5888
3328,W3,1,1,0,0,0,0,0,0,0,0,0,400,400,400,0,0,0,0,400,400,400,100.000000,12800,24952,51.298493,10,10,10,10,404,4,0,4,400,24952,152,0,0,0,0,404,0,0,0,0,94,5888
3329,W3,1,1,0,0,0,0,0,0,0,0,0,400,400,400,0,0,0,0,400,400,400,100.000000,12800,24952,51.298493,10,10,10,10,404,4,0,4,400,24952,152,0,0,0,0,404,0,0,0,0,113,5888
3330,W3,1,1,0,0,0,0,0,0,0,0,0,400,400,400,0,0,0,0,400,400,400,100.000000,12800,24952,51.298493,10,10,10,10,404,4,0,4,400,24952,152,0,0,0,0,404,0,0,0,0,93,5888
3331,W3,1,1,0,0,0,0,0,0,0,0,0,400,400,400,0,0,0,0,400,400,400,100.000000,12800,24952,51.298493,10,10,10,10,404,4,0,4,400,24952,152,0,0,0,0,404,0,0,0,0,86,5888
3332,W3,1,1,0,0,0,0,0,0,0,0,0,400,400,400,0,0,0,0,400,400,400,100.000000,12800,24952,51.298493,10,10,10,10,404,4,0,4,400,24952,152,0,0,0,0,404,0,0,0,0,90,5888
3333,W3,1,1,0,0,0,0,0,0,0,0,0,400,400,400,0,0,0,0,400,400,400,100.000000,12800,24952,51.298493,10,10,10,10,404,4,0,4,400,24952,152,0,0,0,0,404,0,0,0,0,89,5888
3334,W3,1,1,0,0,0,0,0,0,0,0,0,400,400,400,0,0,0,0,400,400,400,100.000000,12800,24952,51.298493,10,10,10,10,404,4,0,4,400,24952,152,0,0,0,0,404,0,0,0,0,114,5888
3335,W3,1,1,0,0,0,0,0,0,0,0,0,400,400,400,0,0,0,0,400,400,400,100.000000,12800,24952,51.298493,10,10,10,10,404,4,0,4,400,24952,152,0,0,0,0,404,0,0,0,0,89,5888
3336,W3,1,1,0,0,0,0,0,0,0,0,0,400,400,400,0,0,0,0,400,400,400,100.000000,12800,24952,51.298493,10,10,10,10,404,4,0,4,400,24952,152,0,0,0,0,404,0,0,0,0,91,5888
3337,W3,1,1,0,0,0,0,0,0,0,0,0,400,400,400,0,0,0,0,400,400,400,100.000000,12800,24952,51.298493,10,10,10,10,404,4,0,4,400,24952,152,0,0,0,0,404,0,0,0,0,91,5888
3338,W3,1,1,0,0,0,0,0,0,0,0,0,400,400,400,0,0,0,0,400,400,400,100.000000,12800,24952,51.298493,10,10,10,10,404,4,0,4,400,24952,152,0,0,0,0,404,0,0,0,0,97,5888
3339,W3,1,1,0,0,0,0,0,0,0,0,0,400,400,400,0,0,0,0,400,400,400,100.000000,12800,24952,51.298493,10,10,10,10,404,4,0,4,400,24952,152,0,0,0,0,404,0,0,0,0,95,5888
3340,W3,1,1,0,0,0,0,0,0,0,0,0,400,400,400,0,0,0,0,400,400,400,100.000000,12800,24952,51.298493,10,10,10,10,404,4,0,4,400,24952,152,0,0,0,0,404,0,0,0,0,91,5888
3341,W3,1,1,0,0,0,0,0,0,0,0,0,400,400,400,0,0,0,0,400,400,400,100.000000,12800,24952,51.298493,10,10,10,10,404,4,0,4,400,24952,152,0,0,0,0,404,0,0,0,0,92,5888
3342,W3,1,1,0,0,0,0,0,0,0,0,0,400,400,400,0,0,0,0,400,400,400,100.000000,12800,24952,51.298493,10,10,10,10,404,4,0,4,400,24952,152,0,0,0,0,404,0,0,0,0,82,5888
3343,W3,1,1,0,0,0,0,0,0,0,0,0,400,400,400,0,0,0,0,400,400,400,100.000000,12800,24952,51.298493,10,10,10,10,404,4,0,4,400,24952,152,0,0,0,0,404,0,0,0,0,103,5888
3344,W3,1,1,0,0,0,0,0,0,0,0,0,400,400,400,0,0,0,0,400,400,400,100.000000,12800,24952,51.298493,10,10,10,10,404,4,0,4,400,24952,152,0,0,0,0,404,0,0,0,0,93,5888
3345,W3,1,1,0,0,0,0,0,0,0,0,0,400,400,400,0,0,0,0,400,400,400,100.000000,12800,24952,51.298493,10,10,10,10,404,4,0,4,400,24952,152,0,0,0,0,404,0,0,0,0,94,5888
3346,W3,1,1,0,0,0,0,0,0,0,0,0,400,400,400,0,0,0,0,400,400,400,100.000000,12800,24952,51.298493,10,10,10,10,404,4,0,4,400,24952,152,0,0,0,0,404,0,0,0,0,96,5888
3347,W3,1,1,0,0,0,0,0,0,0,0,0,400,400,400,0,0,0,0,400,400,400,100.000000,12800,24952,51.298493,10,10,10,10,404,4,0,4,400,24952,152,0,0,0,0,404,0,0,0,0,110,5888
3348,W3,1,1,0,0,0,0,0,0,0,0,0,400,400,400,0,0,0,0,400,400,400,100.000000,12800,24952,51.298493,10,10,10,10,404,4,0,4,400,24952,152,0,0,0,0,404,0,0,0,0,115,5888
3349,W3,1,1,0,0,0,0,0,0,0,0,0,400,400,400,0,0,0,0,400,400,400,100.000000,12800,24952,51.298493,10,10,10,10,404,4,0,4,400,24952,152,0,0,0,0,404,0,0,0,0,116,5888
3350,W3,1,1,0,0,0,0,0,0,0,0,0,400,400,400,0,0,0,0,400,400,400,100.000000,12800,24952,51.298493,10,10,10,10,404,4,0,4,400,24952,152,0,0,0,0,404,0,0,0,0,95,5888
3351,W3,1,1,0,0,0,0,0,0,0,0,0,400,400,400,0,0,0,0,400,400,400,100.000000,12800,24952,51.298493,10,10,10,10,404,4,0,4,400,24952,152,0,0,0,0,404,0,0,0,0,116,5888
3352,W3,1,1,0,0,0,0,0,0,0,0,0,400,400,400,0,0,0,0,400,400,400,100.000000,12800,24952,51.298493,10,10,10,10,404,4,0,4,400,24952,152,0,0,0,0,404,0,0,0,0,100,5888
3353,W3,1,1,0,0,0,0,0,0,0,0,0,400,400,400,0,0,0,0,400,400,400,100.000000,12800,24952,51.298493,10,10,10,10,404,4,0,4,400,24952,152,0,0,0,0,404,0,0,0,0,82,5888
3354,W3,1,1,0,0,0,0,0,0,0,0,0,400,400,400,0,0,0,0,400,400,400,100.000000,12800,24952,51.298493,10,10,10,10,404,4,0,4,400,24952,152,0,0,0,0,404,0,0,0,0,90,5888
3355,W3,1,1,0,0,0,0,0,0,0,0,0,400,400,400,0,0,0,0,400,400,400,100.000000,12800,24952,51.298493,10,10,10,10,404,4,0,4,400,24952,152,0,0,0,0,404,0,0,0,0,92,5888
3356,W3,1,1,0,0,0,0,0,0,0,0,0,400,400,400,0,0,0,0,400,400,400,100.000000,12800,24952,51.298493,10,10,10,10,404,4,0,4,400,24952,152,0,0,0,0,404,0,0,0,0,93,5888
3357,W3,1,1,0,0,0,0,0,0,0,0,0,400,400,400,0,0,0,0,400,400,400,100.000000,12800,24952,51.298493,10,10,10,10,404,4,0,4,400,24952,152,0,0,0,0,404,0,0,0,0,89,5888
3358,W3,1,1,0,0,0,0,0,0,0,0,0,400,400,400,0,0,0,0,400,400,400,100.000000,12800,24952,51.298493,10,10,10,10,404,4,0,4,400,24952,152,0,0,0,0,404,0,0,0,0,94,5888
3359,W3,1,1,0,0,0,0,0,0,0,0,0,400,400,400,0,0,0,0,400,400,400,100.000000,12800,24952,51.298493,10,10,10,10,404,4,0,4,400,24952,152,0,0,0,0,404,0,0,0,0,121,5888
3360,W3,1,1,0,0,0,0,0,0,0,0,0,400,400,400,0,0,0,0,400,400,400,100.000000,12800,24952,51.298493,10,10,10,10,404,4,0,4,400,24952,152,0,0,0,0,404,0,0,0,0,88,5888
3361,W3,1,1,0,0,0,0,0,0,0,0,0,400,400,400,0,0,0,0,400,400,400,100.000000,12800,24952,51.298493,10,10,10,10,404,4,0,4,400,24952,152,0,0,0,0,404,0,0,0,0,98,5888
3362,W3,1,1,0,0,0,0,0,0,0,0,0,400,400,400,0,0,0,0,400,400,400,100.000000,12800,24952,51.298493,10,10,10,10,404,4,0,4,400,24952,152,0,0,0,0,404,0,0,0,0,100,5888
3363,W3,1,1,0,0,0,0,0,0,0,0,0,400,400,400,0,0,0,0,400,400,400,100.000000,12800,24952,51.298493,10,10,10,10,404,4,0,4,400,24952,152,0,0,0,0,404,0,0,0,0,94,5888
3364,W3,1,1,0,0,0,0,0,0,0,0,0,400,400,400,0,0,0,0,400,400,400,100.000000,12800,24952,51.298493,10,10,10,10,404,4,0,4,400,24952,152,0,0,0,0,404,0,0,0,0,96,5888
3365,W3,1,1,0,0,0,0,0,0,0,0,0,400,400,400,0,0,0,0,400,400,400,100.000000,12800,24952,51.298493,10,10,10,10,404,4,0,4,400,24952,152,0,0,0,0,404,0,0,0,0,110,5888
3366,W3,1,1,0,0,0,0,0,0,0,0,0,400,400,400,0,0,0,0,400,400,400,100.000000,12800,24952,51.298493,10,10,10,10,404,4,0,4,400,24952,152,0,0,0,0,404,0,0,0,0,99,5888
3367,W3,1,1,0,0,0,0,0,0,0,0,0,400,400,400,0,0,0,0,400,400,400,100.000000,12800,24952,51.298493,10,10,10,10,404,4,0,4,400,24952,152,0,0,0,0,404,0,0,0,0,94,5888
3368,W3,1,1,0,0,0,0,0,0,0,0,0,400,400,400,0,0,0,0,400,400,400,100.000000,12800,24952,51.298493,10,10,10,10,404,4,0,4,400,24952,152,0,0,0,0,404,0,0,0,0,88,5888
3369,W3,1,1,0,0,0,0,0,0,0,0,0,400,400,400,0,0,0,0,400,400,400,100.000000,12800,24952,51.298493,10,10,10,10,404,4,0,4,400,24952,152,0,0,0,0,404,0,0,0,0,92,5888
3370,W3,1,1,0,0,0,0,0,0,0,0,0,400,400,400,0,0,0,0,400,400,400,100.000000,12800,24952,51.298493,10,10,10,10,404,4,0,4,400,24952,152,0,0,0,0,404,0,0,0,0,96,5888
3371,W3,1,1,0,0,0,0,0,0,0,0,0,400,400,400,0,0,0,0,400,400,400,100.000000,12800,24952,51.298493,10,10,10,10,404,4,0,4,400,24952,152,0,0,0,0,404,0,0,0,0,122,5888
3372,W3,1,1,0,0,0,0,0,0,0,0,0,400,400,400,0,0,0,0,400,400,400,100.000000,12800,24952,51.298493,10,10,10,10,404,4,0,4,400,24952,152,0,0,0,0,404,0,0,0,0,92,5888
3373,W3,1,1,0,0,0,0,0,0,0,0,0,400,400,400,0,0,0,0,400,400,400,100.000000,12800,24952,51.298493,10,10,10,10,404,4,0,4,400,24952,152,0,0,0,0,404,0,0,0,0,94,5888
3374,W3,1,1,0,0,0,0,0,0,0,0,0,400,400,400,0,0,0,0,400,400,400,100.000000,12800,24952,51.298493,10,10,10,10,404,4,0,4,400,24952,152,0,0,0,0,404,0,0,0,0,93,5888
3375,W3,1,1,0,0,0,0,0,0,0,0,0,400,400,400,0,0,0,0,400,400,400,100.000000,12800,24952,51.298493,10,10,10,10,404,4,0,4,400,24952,152,0,0,0,0,404,0,0,0,0,96,5888
3376,W3,1,1,0,0,0,0,0,0,0,0,0,400,400,400,0,0,0,0,400,400,400,100.000000,12800,24952,51.298493,10,10,10,10,404,4,0,4,400,24952,152,0,0,0,0,404,0,0,0,0,92,5888
3377,W3,1,1,0,0,0,0,0,0,0,0,0,400,400,400,0,0,0,0,400,400,400,100.000000,12800,24952,51.298493,10,10,10,10,404,4,0,4,400,24952,152,0,0,0,0,404,0,0,0,0,95,5888
3378,W3,1,1,0,0,0,0,0,0,0,0,0,400,400,400,0,0,0,0,400,400,400,100.000000,12800,24952,51.298493,10,10,10,10,404,4,0,4,400,24952,152,0,0,0,0,404,0,0,0,0,121,5888
3379,W3,1,1,0,0,0,0,0,0,0,0,0,400,400,400,0,0,0,0,400,400,400,100.000000,12800,24952,51.298493,10,10,10,10,404,4,0,4,400,24952,152,0,0,0,0,404,0,0,0,0,87,5888
3380,W3,1,1,0,0,0,0,0,0,0,0,0,400,400,400,0,0,0,0,400,400,400,100.000000,12800,24952,51.298493,10,10,10,10,404,4,0,4,400,24952,152,0,0,0,0,404,0,0,0,0,97,5888
3381,W3,1,1,0,0,0,0,0,0,0,0,0,400,400,400,0,0,0,0,400,400,400,100.000000,12800,24952,51.298493,10,10,10,10,404,4,0,4,400,24952,152,0,0,0,0,404,0,0,0,0,98,5888
3382,W3,1,1,0,0,0,0,0,0,0,0,0,400,400,400,0,0,0,0,400,400,400,100.000000,12800,24952,51.298493,10,10,10,10,404,4,0,4,400,24952,152,0,0,0,0,404,0,0,0,0,99,5888
3383,W3,1,1,0,0,0,0,0,0,0,0,0,400,400,400,0,0,0,0,400,400,400,100.000000,12800,24952,51.298493,10,10,10,10,404,4,0,4,400,24952,152,0,0,0,0,404,0,0,0,0,134,5888
3384,W3,1,1,0,0,0,0,0,0,0,0,0,400,400,400,0,0,0,0,400,400,400,100.000000,12800,24952,51.298493,10,10,10,10,404,4,0,4,400,24952,152,0,0,0,0,404,0,0,0,0,93,5888
3385,W3,1,1,0,0,0,0,0,0,0,0,0,400,400,400,0,0,0,0,400,400,400,100.000000,12800,24952,51.298493,10,10,10,10,404,4,0,4,400,24952,152,0,0,0,0,404,0,0,0,0,91,5888
3386,W3,1,1,0,0,0,0,0,0,0,0,0,400,400,400,0,0,0,0,400,400,400,100.000000,12800,24952,51.298493,10,10,10,10,404,4,0,4,400,24952,152,0,0,0,0,404,0,0,0,0,92,5888
3387,W3,1,1,0,0,0,0,0,0,0,0,0,400,400,400,0,0,0,0,400,400,400,100.000000,12800,24952,51.298493,10,10,10,10,404,4,0,4,400,24952,152,0,0,0,0,404,0,0,0,0,87,5888
3388,W3,1,1,0,0,0,0,0,0,0,0,0,400,400,400,0,0,0,0,400,400,400,100.000000,12800,24952,51.298493,10,10,10,10,404,4,0,4,400,24952,152,0,0,0,0,404,0,0,0,0,87,5888
3389,W3,1,1,0,0,0,0,0,0,0,0,0,400,400,400,0,0,0,0,400,400,400,100.000000,12800,24952,51.298493,10,10,10,10,404,4,0,4,400,24952,152,0,0,0,0,404,0,0,0,0,97,5888
3390,W3,1,1,0,0,0,0,0,0,0,0,0,400,400,400,0,0,0,0,400,400,400,100.000000,12800,24952,51.298493,10,10,10,10,404,4,0,4,400,24952,152,0,0,0,0,404,0,0,0,0,90,5888
3391,W3,1,1,0,0,0,0,0,0,0,0,0,400,400,400,0,0,0,0,400,400,400,100.000000,12800,24952,51.298493,10,10,10,10,404,4,0,4,400,24952,152,0,0,0,0,404,0,0,0,0,97,5888
3392,W3,1,1,0,0,0,0,0,0,0,0,0,400,400,400,0,0,0,0,400,400,400,100.000000,12800,24952,51.298493,10,10,10,10,404,4,0,4,400,24952,152,0,0,0,0,404,0,0,0,0,98,5888
3393,W3,1,1,0,0,0,0,0,0,0,0,0,400,400,400,0,0,0,0,400,400,400,100.000000,12800,24952,51.298493,10,10,10,10,404,4,0,4,400,24952,152,0,0,0,0,404,0,0,0,0,98,5888
3394,W3,1,1,0,0,0,0,0,0,0,0,0,400,400,400,0,0,0,0,400,400,400,100.000000,12800,24952,51.298493,10,10,10,10,404,4,0,4,400,24952,152,0,0,0,0,404,0,0,0,0,98,5888
3395,W3,1,1,0,0,0,0,0,0,0,0,0,400,400,400,0,0,0,0,400,400,400,100.000000,12800,24952,51.298493,10,10,10,10,404,4,0,4,400,24952,152,0,0,0,0,404,0,0,0,0,88,5888
3396,W3,1,1,0,0,0,0,0,0,0,0,0,400,400,400,0,0,0,0,400,400,400,100.000000,12800,24952,51.298493,10,10,10,10,404,4,0,4,400,24952,152,0,0,0,0,404,0,0,0,0,89,5888
3397,W3,1,1,0,0,0,0,0,0,0,0,0,400,400,400,0,0,0,0,400,400,400,100.000000,12800,24952,51.298493,10,10,10,10,404,4,0,4,400,24952,152,0,0,0,0,404,0,0,0,0,119,5888
3398,W3,1,1,0,0,0,0,0,0,0,0,0,400,400,400,0,0,0,0,400,400,400,100.000000,12800,24952,51.298493,10,10,10,10,404,4,0,4,400,24952,152,0,0,0,0,404,0,0,0,0,93,5888
3399,W3,1,1,0,0,0,0,0,0,0,0,0,400,400,400,0,0,0,0,400,400,400,100.000000,12800,24952,51.298493,10,10,10,10,404,4,0,4,400,24952,152,0,0,0,0,404,0,0,0,0,110,5888
3400,W3,1,1,0,0,0,0,0,0,0,0,0,400,400,400,0,0,0,0,400,400,400,100.000000,12800,24952,51.298493,10,10,10,10,404,4,0,4,400,24952,152,0,0,0,0,404,0,0,0,0,105,5888
3401,W3,1,1,0,0,0,0,0,0,0,0,0,400,400,400,0,0,0,0,400,400,400,100.000000,12800,24952,51.298493,10,10,10,10,404,4,0,4,400,24952,152,0,0,0,0,404,0,0,0,0,92,5888
3402,W3,1,1,0,0,0,0,0,0,0,0,0,400,400,400,0,0,0,0,400,400,400,100.000000,12800,24952,51.298493,10,10,10,10,404,4,0,4,400,24952,152,0,0,0,0,404,0,0,0,0,96,5888
3403,W3,1,1,0,0,0,0,0,0,0,0,0,400,400,400,0,0,0,0,400,400,400,100.000000,12800,24952,51.298493,10,10,10,10,404,4,0,4,400,24952,152,0,0,0,0,404,0,0,0,0,91,5888
3404,W3,1,1,0,0,0,0,0,0,0,0,0,400,400,400,0,0,0,0,400,400,400,100.000000,12800,24952,51.298493,10,10,10,10,404,4,0,4,400,24952,152,0,0,0,0,404,0,0,0,0,90,5888
3405,W3,1,1,0,0,0,0,0,0,0,0,0,400,400,400,0,0,0,0,400,400,400,100.000000,12800,24952,51.298493,10,10,10,10,404,4,0,4,400,24952,152,0,0,0,0,404,0,0,0,0,93,5888
3406,W3,1,1,0,0,0,0,0,0,0,0,0,400,400,400,0,0,0,0,400,400,400,100.000000,12800,24952,51.298493,10,10,10,10,404,4,0,4,400,24952,152,0,0,0,0,404,0,0,0,0,94,5888
3407,W3,1,1,0,0,0,0,0,0,0,0,0,400,400,400,0,0,0,0,400,400,400,100.000000,12800,24952,51.298493,10,10,10,10,404,4,0,4,400,24952,152,0,0,0,0,404,0,0,0,0,87,5888
3408,W3,1,1,0,0,0,0,0,0,0,0,0,400,400,400,0,0,0,0,400,400,400,100.000000,12800,24952,51.298493,10,10,10,10,404,4,0,4,400,24952,152,0,0,0,0,404,0,0,0,0,93,5888
3409,W3,1,1,0,0,0,0,0,0,0,0,0,400,400,400,0,0,0,0,400,400,400,100.000000,12800,24952,51.298493,10,10,10,10,404,4,0,4,400,24952,152,0,0,0,0,404,0,0,0,0,95,5888
3410,W3,1,1,0,0,0,0,0,0,0,0,0,400,400,400,0,0,0,0,400,400,400,100.000000,12800,24952,51.298493,10,10,10,10,404,4,0,4,400,24952,152,0,0,0,0,404,0,0,0,0,98,5888
3411,W3,1,1,0,0,0,0,0,0,0,0,0,400,400,400,0,0,0,0,400,400,400,100.000000,12800,24952,51.298493,10,10,10,10,404,4,0,4,400,24952,152,0,0,0,0,404,0,0,0,0,114,5888
3412,W3,1,1,0,0,0,0,0,0,0,0,0,400,400,400,0,0,0,0,400,400,400,100.000000,12800,24952,51.298493,10,10,10,10,404,4,0,4,400,24952,152,0,0,0,0,404,0,0,0,0,95,5888
3413,W3,1,1,0,0,0,0,0,0,0,0,0,400,400,400,0,0,0,0,400,400,400,100.000000,12800,24952,51.298493,10,10,10,10,404,4,0,4,400,24952,152,0,0,0,0,404,0,0,0,0,110,5888
3414,W3,1,1,0,0,0,0,0,0,0,0,0,400,400,400,0,0,0,0,400,400,400,100.000000,12800,24952,51.298493,10,10,10,10,404,4,0,4,400,24952,152,0,0,0,0,404,0,0,0,0,89,5888
3415,W3,1,1,0,0,0,0,0,0,0,0,0,400,400,400,0,0,0,0,400,400,400,100.000000,12800,24952,51.298493,10,10,10,10,404,4,0,4,400,24952,152,0,0,0,0,404,0,0,0,0,91,5888
3416,W3,1,1,0,0,0,0,0,0,0,0,0,400,400,400,0,0,0,0,400,400,400,100.000000,12800,24952,51.298493,10,10,10,10,404,4,0,4,400,24952,152,0,0,0,0,404,0,0,0,0,100,5888
3417,W3,1,1,0,0,0,0,0,0,0,0,0,400,400,400,0,0,0,0,400,400,400,100.000000,12800,24952,51.298493,10,10,10,10,404,4,0,4,400,24952,152,0,0,0,0,404,0,0,0,0,96,5888
3418,W3,1,1,0,0,0,0,0,0,0,0,0,400,400,400,0,0,0,0,400,400,400,100.000000,12800,24952,51.298493,10,10,10,10,404,4,0,4,400,24952,152,0,0,0,0,404,0,0,0,0,91,5888
3419,W3,1,1,0,0,0,0,0,0,0,0,0,400,400,400,0,0,0,0,400,400,400,100.000000,12800,24952,51.298493,10,10,10,10,404,4,0,4,400,24952,152,0,0,0,0,404,0,0,0,0,95,5888
3420,W3,1,1,0,0,0,0,0,0,0,0,0,400,400,400,0,0,0,0,400,400,400,100.000000,12800,24952,51.298493,10,10,10,10,404,4,0,4,400,24952,152,0,0,0,0,404,0,0,0,0,89,5888
3421,W3,1,1,0,0,0,0,0,0,0,0,0,400,400,400,0,0,0,0,400,400,400,100.000000,12800,24952,51.298493,10,10,10,10,404,4,0,4,400,24952,152,0,0,0,0,404,0,0,0,0,88,5888
3422,W3,1,1,0,0,0,0,0,0,0,0,0,400,400,400,0,0,0,0,400,400,400,100.000000,12800,24952,51.298493,10,10,10,10,404,4,0,4,400,24952,152,0,0,0,0,404,0,0,0,0,94,5888
3423,W3,1,1,0,0,0,0,0,0,0,0,0,400,400,400,0,0,0,0,400,400,400,100.000000,12800,24952,51.298493,10,10,10,10,404,4,0,4,400,24952,152,0,0,0,0,404,0,0,0,0,101,5888
3424,W3,1,1,0,0,0,0,0,0,0,0,0,400,400,400,0,0,0,0,400,400,400,100.000000,12800,24952,51.298493,10,10,10,10,404,4,0,4,400,24952,152,0,0,0,0,404,0,0,0,0,118,5888
3425,W3,1,1,0,0,0,0,0,0,0,0,0,400,400,400,0,0,0,0,400,400,400,100.000000,12800,24952,51.298493,10,10,10,10,404,4,0,4,400,24952,152,0,0,0,0,404,0,0,0,0,97,5888
3426,W3,1,1,0,0,0,0,0,0,0,0,0,400,400,400,0,0,0,0,400,400,400,100.000000,12800,24952,51.298493,10,10,10,10,404,4,0,4,400,24952,152,0,0,0,0,404,0,0,0,0,92,5888
3427,W3,1,1,0,0,0,0,0,0,0,0,0,400,400,400,0,0,0,0,400,400,400,100.000000,12800,24952,51.298493,10,10,10,10,404,4,0,4,400,24952,152,0,0,0,0,404,0,0,0,0,95,5888
3428,W3,1,1,0,0,0,0,0,0,0,0,0,400,400,400,0,0,0,0,400,400,400,100.000000,12800,24952,51.298493,10,10,10,10,404,4,0,4,400,24952,152,0,0,0,0,404,0,0,0,0,93,5888
3429,W3,1,1,0,0,0,0,0,0,0,0,0,400,400,400,0,0,0,0,400,400,400,100.000000,12800,24952,51.298493,10,10,10,10,404,4,0,4,400,24952,152,0,0,0,0,404,0,0,0,0,89,5888
3430,W3,1,1,0,0,0,0,0,0,0,0,0,400,400,400,0,0,0,0,400,400,400,100.000000,12800,24952,51.298493,10,10,10,10,404,4,0,4,400,24952,152,0,0,0,0,404,0,0,0,0,89,5888
3431,W3,1,1,0,0,0,0,0,0,0,0,0,400,400,400,0,0,0,0,400,400,400,100.000000,12800,24952,51.298493,10,10,10,10,404,4,0,4,400,24952,152,0,0,0,0,404,0,0,0,0,90,5888
3432,W3,1,1,0,0,0,0,0,0,0,0,0,400,400,400,0,0,0,0,400,400,400,100.000000,12800,24952,51.298493,10,10,10,10,404,4,0,4,400,24952,152,0,0,0,0,404,0,0,0,0,92,5888
3433,W3,1,1,0,0,0,0,0,0,0,0,0,400,400,400,0,0,0,0,400,400,400,100.000000,12800,24952,51.298493,10,10,10,10,404,4,0,4,400,24952,152,0,0,0,0,404,0,0,0,0,90,5888
3434,W3,1,1,0,0,0,0,0,0,0,0,0,400,400,400,0,0,0,0,400,400,400,100.000000,12800,24952,51.298493,10,10,10,10,404,4,0,4,400,24952,152,0,0,0,0,404,0,0,0,0,96,5888
3435,W3,1,1,0,0,0,0,0,0,0,0,0,400,400,400,0,0,0,0,400,400,400,100.000000,12800,24952,51.298493,10,10,10,10,404,4,0,4,400,24952,152,0,0,0,0,404,0,0,0,0,92,5888
3436,W3,1,1,0,0,0,0,0,0,0,0,0,400,400,400,0,0,0,0,400,400,400,100.000000,12800,24952,51.298493,10,10,10,10,404,4,0,4,400,24952,152,0,0,0,0,404,0,0,0,0,93,5888
3437,W3,1,1,0,0,0,0,0,0,0,0,0,400,400,400,0,0,0,0,400,400,400,100.000000,12800,24952,51.298493,10,10,10,10,404,4,0,4,400,24952,152,0,0,0,0,404,0,0,0,0,122,5888
3438,W3,1,1,0,0,0,0,0,0,0,0,0,400,400,400,0,0,0,0,400,400,400,100.000000,12800,24952,51.298493,10,10,10,10,404,4,0,4,400,24952,152,0,0,0,0,404,0,0,0,0,91,5888
3439,W3,1,1,0,0,0,0,0,0,0,0,0,400,400,400,0,0,0,0,400,400,400,100.000000,12800,24952,51.298493,10,10,10,10,404,4,0,4,400,24952,152,0,0,0,0,404,0,0,0,0,98,5888
3440,W3,1,1,0,0,0,0,0,0,0,0,0,400,400,400,0,0,0,0,400,400,400,100.000000,12800,24952,51.298493,10,10,10,10,404,4,0,4,400,24952,152,0,0,0,0,404,0,0,0,0,90,5888
3441,W3,1,1,0,0,0,0,0,0,0,0,0,400,400,400,0,0,0,0,400,400,400,100.000000,12800,24952,51.298493,10,10,10,10,404,4,0,4,400,24952,152,0,0,0,0,404,0,0,0,0,96,5888
3442,W3,1,1,0,0,0,0,0,0,0,0,0,400,400,400,0,0,0,0,400,400,400,100.000000,12800,24952,51.298493,10,10,10,10,404,4,0,4,400,24952,152,0,0,0,0,404,0,0,0,0,88,5888
3443,W3,1,1,0,0,0,0,0,0,0,0,0,400,400,400,0,0,0,0,400,400,400,100.000000,12800,24952,51.298493,10,10,10,10,404,4,0,4,400,24952,152,0,0,0,0,404,0,0,0,0,87,5888
3444,W3,1,1,0,0,0,0,0,0,0,0,0,400,400,400,0,0,0,0,400,400,400,100.000000,12800,24952,51.298493,10,10,10,10,404,4,0,4,400,24952,152,0,0,0,0,404,0,0,0,0,93,5888
3445,W3,1,1,0,0,0,0,0,0,0,0,0,400,400,400,0,0,0,0,400,400,400,100.000000,12800,24952,51.298493,10,10,10,10,404,4,0,4,400,24952,152,0,0,0,0,404,0,0,0,0,88,5888
3446,W3,1,1,0,0,0,0,0,0,0,0,0,400,400,400,0,0,0,0,400,400,400,100.000000,12800,24952,51.298493,10,10,10,10,404,4,0,4,400,24952,152,0,0,0,0,404,0,0,0,0,112,5888
3447,W3,1,1,0,0,0,0,0,0,0,0,0,400,400,400,0,0,0,0,400,400,400,100.000000,12800,24952,51.298493,10,10,10,10,404,4,0,4,400,24952,152,0,0,0,0,404,0,0,0,0,88,5888
3448,W3,1,1,0,0,0,0,0,0,0,0,0,400,400,400,0,0,0,0,400,400,400,100.000000,12800,24952,51.298493,10,10,10,10,404,4,0,4,400,24952,152,0,0,0,0,404,0,0,0,0,96,5888
3449,W3,1,1,0,0,0,0,0,0,0,0,0,400,400,400,0,0,0,0,400,400,400,100.000000,12800,24952,51.298493,10,10,10,10,404,4,0,4,400,24952,152,0,0,0,0,404,0,0,0,0,96,5888
3450,W3,1,1,0,0,0,0,0,0,0,0,0,400,400,400,0,0,0,0,400,400,400,100.000000,12800,24952,51.298493,10,10,10,10,404,4,0,4,400,24952,152,0,0,0,0,404,0,0,0,0,99,5888
3451,W3,1,1,0,0,0,0,0,0,0,0,0,400,400,400,0,0,0,0,400,400,400,100.000000,12800,24952,51.298493,10,10,10,10,404,4,0,4,400,24952,152,0,0,0,0,404,0,0,0,0,98,5888
3452,W3,1,1,0,0,0,0,0,0,0,0,0,400,400,400,0,0,0,0,400,400,400,100.000000,12800,24952,51.298493,10,10,10,10,404,4,0,4,400,24952,152,0,0,0,0,404,0,0,0,0,89,5888
3453,W3,1,1,0,0,0,0,0,0,0,0,0,400,400,400,0,0,0,0,400,400,400,100.000000,12800,24952,51.298493,10,10,10,10,404,4,0,4,400,24952,152,0,0,0,0,404,0,0,0,0,92,5888
3454,W3,1,1,0,0,0,0,0,0,0,0,0,400,400,400,0,0,0,0,400,400,400,100.000000,12800,24952,51.298493,10,10,10,10,404,4,0,4,400,24952,152,0,0,0,0,404,0,0,0,0,84,5888
3455,W3,1,1,0,0,0,0,0,0,0,0,0,400,400,400,0,0,0,0,400,400,400,100.000000,12800,24952,51.298493,10,10,10,10,404,4,0,4,400,24952,152,0,0,0,0,404,0,0,0,0,99,5888
3456,W3,1,1,0,0,0,0,0,0,0,0,0,400,400,400,0,0,0,0,400,400,400,100.000000,12800,24952,51.298493,10,10,10,10,404,4,0,4,400,24952,152,0,0,0,0,404,0,0,0,0,86,5888
3457,W3,1,1,0,0,0,0,0,0,0,0,0,400,400,400,0,0,0,0,400,400,400,100.000000,12800,24952,51.298493,10,10,10,10,404,4,0,4,400,24952,152,0,0,0,0,404,0,0,0,0,102,5888
3458,W3,1,1,0,0,0,0,0,0,0,0,0,400,400,400,0,0,0,0,400,400,400,100.000000,12800,24952,51.298493,10,10,10,10,404,4,0,4,400,24952,152,0,0,0,0,404,0,0,0,0,119,5888
3459,W3,1,1,0,0,0,0,0,0,0,0,0,400,400,400,0,0,0,0,400,400,400,100.000000,12800,24952,51.298493,10,10,10,10,404,4,0,4,400,24952,152,0,0,0,0,404,0,0,0,0,88,5888
3460,W3,1,1,0,0,0,0,0,0,0,0,0,400,400,400,0,0,0,0,400,400,400,100.000000,12800,24952,51.298493,10,10,10,10,404,4,0,4,400,24952,152,0,0,0,0,404,0,0,0,0,92,5888
3461,W3,1,1,0,0,0,0,0,0,0,0,0,400,400,400,0,0,0,0,400,400,400,100.000000,12800,24952,51.298493,10,10,10,10,404,4,0,4,400,24952,152,0,0,0,0,404,0,0,0,0,94,5888
3462,W3,1,1,0,0,0,0,0,0,0,0,0,400,400,400,0,0,0,0,400,400,400,100.000000,12800,24952,51.298493,10,10,10,10,404,4,0,4,400,24952,152,0,0,0,0,404,0,0,0,0,93,5888
3463,W3,1,1,0,0,0,0,0,0,0,0,0,400,400,400,0,0,0,0,400,400,400,100.000000,12800,24952,51.298493,10,10,10,10,404,4,0,4,400,24952,152,0,0,0,0,404,0,0,0,0,106,5888
3464,W3,1,1,0,0,0,0,0,0,0,0,0,400,400,400,0,0,0,0,400,400,400,100.000000,12800,24952,51.298493,10,10,10,10,404,4,0,4,400,24952,152,0,0,0,0,404,0,0,0,0,94,5888
3465,W3,1,1,0,0,0,0,0,0,0,0,0,400,400,400,0,0,0,0,400,400,400,100.000000,12800,24952,51.298493,10,10,10,10,404,4,0,4,400,24952,152,0,0,0,0,404,0,0,0,0,90,5888
3466,W3,1,1,0,0,0,0,0,0,0,0,0,400,400,400,0,0,0,0,400,400,400,100.000000,12800,24952,51.298493,10,10,10,10,404,4,0,4,400,24952,152,0,0,0,0,404,0,0,0,0,104,5888
3467,W3,1,1,0,0,0,0,0,0,0,0,0,400,400,400,0,0,0,0,400,400,400,100.000000,12800,24952,51.298493,10,10,10,10,404,4,0,4,400,24952,152,0,0,0,0,404,0,0,0,0,89,5888
3468,W3,1,1,0,0,0,0,0,0,0,0,0,400,400,400,0,0,0,0,400,400,400,100.000000,12800,24952,51.298493,10,10,10,10,404,4,0,4,400,24952,152,0,0,0,0,404,0,0,0,0,90,5888
3469,W3,1,1,0,0,0,0,0,0,0,0,0,400,400,400,0,0,0,0,400,400,400,100.000000,12800,24952,51.298493,10,10,10,10,404,4,0,4,400,24952,152,0,0,0,0,404,0,0,0,0,104,5888
3470,W3,1,1,0,0,0,0,0,0,0,0,0,400,400,400,0,0,0,0,400,400,400,100.000000,12800,24952,51.298493,10,10,10,10,404,4,0,4,400,24952,152,0,0,0,0,404,0,0,0,0,87,5888
3471,W3,1,1,0,0,0,0,0,0,0,0,0,400,400,400,0,0,0,0,400,400,400,100.000000,12800,24952,51.298493,10,10,10,10,404,4,0,4,400,24952,152,0,0,0,0,404,0,0,0,0,92,5888
3472,W3,1,1,0,0,0,0,0,0,0,0,0,400,400,400,0,0,0,0,400,400,400,100.000000,12800,24952,51.298493,10,10,10,10,404,4,0,4,400,24952,152,0,0,0,0,404,0,0,0,0,93,5888
3473,W3,1,1,0,0,0,0,0,0,0,0,0,400,400,400,0,0,0,0,400,400,400,100.000000,12800,24952,51.298493,10,10,10,10,404,4,0,4,400,24952,152,0,0,0,0,404,0,0,0,0,94,5888
3474,W3,1,1,0,0,0,0,0,0,0,0,0,400,400,400,0,0,0,0,400,400,400,100.000000,12800,24952,51.298493,10,10,10,10,404,4,0,4,400,24952,152,0,0,0,0,404,0,0,0,0,94,5888
3475,W3,1,1,0,0,0,0,0,0,0,0,0,400,400,400,0,0,0,0,400,400,400,100.000000,12800,24952,51.298493,10,10,10,10,404,4,0,4,400,24952,152,0,0,0,0,404,0,0,0,0,91,5888
3476,W3,1,1,0,0,0,0,0,0,0,0,0,400,400,400,0,0,0,0,400,400,400,100.000000,12800,24952,51.298493,10,10,10,10,404,4,0,4,400,24952,152,0,0,0,0,404,0,0,0,0,91,5888
3477,W3,1,1,0,0,0,0,0,0,0,0,0,400,400,400,0,0,0,0,400,400,400,100.000000,12800,24952,51.298493,10,10,10,10,404,4,0,4,400,24952,152,0,0,0,0,404,0,0,0,0,86,5888
3478,W3,1,1,0,0,0,0,0,0,0,0,0,400,400,400,0,0,0,0,400,400,400,100.000000,12800,24952,51.298493,10,10,10,10,404,4,0,4,400,24952,152,0,0,0,0,404,0,0,0,0,112,5888
3479,W3,1,1,0,0,0,0,0,0,0,0,0,400,400,400,0,0,0,0,400,400,400,100.000000,12800,24952,51.298493,10,10,10,10,404,4,0,4,400,24952,152,0,0,0,0,404,0,0,0,0,84,5888
3480,W3,1,1,0,0,0,0,0,0,0,0,0,400,400,400,0,0,0,0,400,400,400,100.000000,12800,24952,51.298493,10,10,10,10,404,4,0,4,400,24952,152,0,0,0,0,404,0,0,0,0,121,5888
3481,W3,1,1,0,0,0,0,0,0,0,0,0,400,400,400,0,0,0,0,400,400,400,100.000000,12800,24952,51.298493,10,10,10,10,404,4,0,4,400,24952,152,0,0,0,0,404,0,0,0,0,88,5888
3482,W3,1,1,0,0,0,0,0,0,0,0,0,400,400,400,0,0,0,0,400,400,400,100.000000,12800,24952,51.298493,10,10,10,10,404,4,0,4,400,24952,152,0,0,0,0,404,0,0,0,0,101,5888
3483,W3,1,1,0,0,0,0,0,0,0,0,0,400,400,400,0,0,0,0,400,400,400,100.000000,12800,24952,51.298493,10,10,10,10,404,4,0,4,400,24952,152,0,0,0,0,404,0,0,0,0,91,5888
3484,W3,1,1,0,0,0,0,0,0,0,0,0,400,400,400,0,0,0,0,400,400,400,100.000000,12800,24952,51.298493,10,10,10,10,404,4,0,4,400,24952,152,0,0,0,0,404,0,0,0,0,92,5888
3485,W3,1,1,0,0,0,0,0,0,0,0,0,400,400,400,0,0,0,0,400,400,400,100.000000,12800,24952,51.298493,10,10,10,10,404,4,0,4,400,24952,152,0,0,0,0,404,0,0,0,0,95,5888
3486,W3,1,1,0,0,0,0,0,0,0,0,0,400,400,400,0,0,0,0,400,400,400,100.000000,12800,24952,51.298493,10,10,10,10,404,4,0,4,400,24952,152,0,0,0,0,404,0,0,0,0,92,5888
3487,W3,1,1,0,0,0,0,0,0,0,0,0,400,400,400,0,0,0,0,400,400,400,100.000000,12800,24952,51.298493,10,10,10,10,404,4,0,4,400,24952,152,0,0,0,0,404,0,0,0,0,100,5888
3488,W3,1,1,0,0,0,0,0,0,0,0,0,400,400,400,0,0,0,0,400,400,400,100.000000,12800,24952,51.298493,10,10,10,10,404,4,0,4,400,24952,152,0,0,0,0,404,0,0,0,0,90,5888
3489,W3,1,1,0,0,0,0,0,0,0,0,0,400,400,400,0,0,0,0,400,400,400,100.000000,12800,24952,51.298493,10,10,10,10,404,4,0,4,400,24952,152,0,0,0,0,404,0,0,0,0,89,5888
3490,W3,1,1,0,0,0,0,0,0,0,0,0,400,400,400,0,0,0,0,400,400,400,100.000000,12800,24952,51.298493,10,10,10,10,404,4,0,4,400,24952,152,0,0,0,0,404,0,0,0,0,91,5888
3491,W3,1,1,0,0,0,0,0,0,0,0,0,400,400,400,0,0,0,0,400,400,400,100.000000,12800,24952,51.298493,10,10,10,10,404,4,0,4,400,24952,152,0,0,0,0,404,0,0,0,0,93,5888
3492,W3,1,1,0,0,0,0,0,0,0,0,0,400,400,400,0,0,0,0,400,400,400,100.000000,12800,24952,51.298493,10,10,10,10,404,4,0,4,400,24952,152,0,0,0,0,404,0,0,0,0,93,5888
3493,W3,1,1,0,0,0,0,0,0,0,0,0,400,400,400,0,0,0,0,400,400,400,100.000000,12800,24952,51.298493,10,10,10,10,404,4,0,4,400,24952,152,0,0,0,0,404,0,0,0,0,86,5888
3494,W3,1,1,0,0,0,0,0,0,0,0,0,400,400,400,0,0,0,0,400,400,400,100.000000,12800,24952,51.298493,10,10,10,10,404,4,0,4,400,24952,152,0,0,0,0,404,0,0,0,0,101,5888
3495,W3,1,1,0,0,0,0,0,0,0,0,0,400,400,400,0,0,0,0,400,400,400,100.000000,12800,24952,51.298493,10,10,10,10,404,4,0,4,400,24952,152,0,0,0,0,404,0,0,0,0,87,5888
3496,W3,1,1,0,0,0,0,0,0,0,0,0,400,400,400,0,0,0,0,400,400,400,100.000000,12800,24952,51.298493,10,10,10,10,404,4,0,4,400,24952,152,0,0,0,0,404,0,0,0,0,91,5888
3497,W3,1,1,0,0,0,0,0,0,0,0,0,400,400,400,0,0,0,0,400,400,400,100.000000,12800,24952,51.298493,10,10,10,10,404,4,0,4,400,24952,152,0,0,0,0,404,0,0,0,0,91,5888
3498,W3,1,1,0,0,0,0,0,0,0,0,0,400,400,400,0,0,0,0,400,400,400,100.000000,12800,24952,51.298493,10,10,10,10,404,4,0,4,400,24952,152,0,0,0,0,404,0,0,0,0,102,5888
3499,W3,1,1,0,0,0,0,0,0,0,0,0,400,400,400,0,0,0,0,400,400,400,100.000000,12800,24952,51.298493,10,10,10,10,404,4,0,4,400,24952,152,0,0,0,0,404,0,0,0,0,92,5888
3500,W3,1,1,0,0,0,0,0,0,0,0,0,400,400,400,0,0,0,0,400,400,400,100.000000,12800,24952,51.298493,10,10,10,10,404,4,0,4,400,24952,152,0,0,0,0,404,0,0,0,0,89,5888
3501,W3,1,1,0,0,0,0,0,0,0,0,0,400,400,400,0,0,0,0,400,400,400,100.000000,12800,24952,51.298493,10,10,10,10,404,4,0,4,400,24952,152,0,0,0,0,404,0,0,0,0,95,5888
3502,W3,1,1,0,0,0,0,0,0,0,0,0,400,400,400,0,0,0,0,400,400,400,100.000000,12800,24952,51.298493,10,10,10,10,404,4,0,4,400,24952,152,0,0,0,0,404,0,0,0,0,84,5888
3503,W3,1,1,0,0,0,0,0,0,0,0,0,400,400,400,0,0,0,0,400,400,400,100.000000,12800,24952,51.298493,10,10,10,10,404,4,0,4,400,24952,152,0,0,0,0,404,0,0,0,0,100,5888
3504,W3,1,1,0,0,0,0,0,0,0,0,0,400,400,400,0,0,0,0,400,400,400,100.000000,12800,24952,51.298493,10,10,10,10,404,4,0,4,400,24952,152,0,0,0,0,404,0,0,0,0,106,5888
3505,W3,1,1,0,0,0,0,0,0,0,0,0,400,400,400,0,0,0,0,400,400,400,100.000000,12800,24952,51.298493,10,10,10,10,404,4,0,4,400,24952,152,0,0,0,0,404,0,0,0,0,94,5888
3506,W3,1,1,0,0,0,0,0,0,0,0,0,400,400,400,0,0,0,0,400,400,400,100.000000,12800,24952,51.298493,10,10,10,10,404,4,0,4,400,24952,152,0,0,0,0,404,0,0,0,0,102,5888
3507,W3,1,1,0,0,0,0,0,0,0,0,0,400,400,400,0,0,0,0,400,400,400,100.000000,12800,24952,51.298493,10,10,10,10,404,4,0,4,400,24952,152,0,0,0,0,404,0,0,0,0,116,5888
3508,W3,1,1,0,0,0,0,0,0,0,0,0,400,400,400,0,0,0,0,400,400,400,100.000000,12800,24952,51.298493,10,10,10,10,404,4,0,4,400,24952,152,0,0,0,0,404,0,0,0,0,91,5888
3509,W3,1,1,0,0,0,0,0,0,0,0,0,400,400,400,0,0,0,0,400,400,400,100.000000,12800,24952,51.298493,10,10,10,10,404,4,0,4,400,24952,152,0,0,0,0,404,0,0,0,0,90,5888
3510,W3,1,1,0,0,0,0,0,0,0,0,0,400,400,400,0,0,0,0,400,400,400,100.000000,12800,24952,51.298493,10,10,10,10,404,4,0,4,400,24952,152,0,0,0,0,404,0,0,0,0,89,5888
3511,W3,1,1,0,0,0,0,0,0,0,0,0,400,400,400,0,0,0,0,400,400,400,100.000000,12800,24952,51.298493,10,10,10,10,404,4,0,4,400,24952,152,0,0,0,0,404,0,0,0,0,96,5888
3512,W3,1,1,0,0,0,0,0,0,0,0,0,400,400,400,0,0,0,0,400,400,400,100.000000,12800,24952,51.298493,10,10,10,10,404,4,0,4,400,24952,152,0,0,0,0,404,0,0,0,0,97,5888
3513,W3,1,1,0,0,0,0,0,0,0,0,0,400,400,400,0,0,0,0,400,400,400,100.000000,12800,24952,51.298493,10,10,10,10,404,4,0,4,400,24952,152,0,0,0,0,404,0,0,0,0,83,5888
3514,W3,1,1,0,0,0,0,0,0,0,0,0,400,400,400,0,0,0,0,400,400,400,100.000000,12800,24952,51.298493,10,10,10,10,404,4,0,4,400,24952,152,0,0,0,0,404,0,0,0,0,89,5888
3515,W3,1,1,0,0,0,0,0,0,0,0,0,400,400,400,0,0,0,0,400,400,400,100.000000,12800,24952,51.298493,10,10,10,10,404,4,0,4,400,24952,152,0,0,0,0,404,0,0,0,0,90,5888
3516,W3,1,1,0,0,0,0,0,0,0,0,0,400,400,400,0,0,0,0,400,400,400,100.000000,12800,24952,51.298493,10,10,10,10,404,4,0,4,400,24952,152,0,0,0,0,404,0,0,0,0,129,5888
3517,W3,1,1,0,0,0,0,0,0,0,0,0,400,400,400,0,0,0,0,400,400,400,100.000000,12800,24952,51.298493,10,10,10,10,404,4,0,4,400,24952,152,0,0,0,0,404,0,0,0,0,95,5888
3518,W3,1,1,0,0,0,0,0,0,0,0,0,400,400,400,0,0,0,0,400,400,400,100.000000,12800,24952,51.298493,10,10,10,10,404,4,0,4,400,24952,152,0,0,0,0,404,0,0,0,0,86,5888
3519,W3,1,1,0,0,0,0,0,0,0,0,0,400,400,400,0,0,0,0,400,400,400,100.000000,12800,24952,51.298493,10,10,10,10,404,4,0,4,400,24952,152,0,0,0,0,404,0,0,0,0,109,5888
3520,W3,1,1,0,0,0,0,0,0,0,0,0,400,400,400,0,0,0,0,400,400,400,100.000000,12800,24952,51.298493,10,10,10,10,404,4,0,4,400,24952,152,0,0,0,0,404,0,0,0,0,108,5888
3521,W3,1,1,0,0,0,0,0,0,0,0,0,400,400,400,0,0,0,0,400,400,400,100.000000,12800,24952,51.298493,10,10,10,10,404,4,0,4,400,24952,152,0,0,0,0,404,0,0,0,0,96,5888
3522,W3,1,1,0,0,0,0,0,0,0,0,0,400,400,400,0,0,0,0,400,400,400,100.000000,12800,24952,51.298493,10,10,10,10,404,4,0,4,400,24952,152,0,0,0,0,404,0,0,0,0,92,5888
3523,W3,1,1,0,0,0,0,0,0,0,0,0,400,400,400,0,0,0,0,400,400,400,100.000000,12800,24952,51.298493,10,10,10,10,404,4,0,4,400,24952,152,0,0,0,0,404,0,0,0,0,99,5888
3524,W3,1,1,0,0,0,0,0,0,0,0,0,400,400,400,0,0,0,0,400,400,400,100.000000,12800,24952,51.298493,10,10,10,10,404,4,0,4,400,24952,152,0,0,0,0,404,0,0,0,0,99,5888
3525,W3,1,1,0,0,0,0,0,0,0,0,0,400,400,400,0,0,0,0,400,400,400,100.000000,12800,24952,51.298493,10,10,10,10,404,4,0,4,400,24952,152,0,0,0,0,404,0,0,0,0,90,5888
3526,W3,1,1,0,0,0,0,0,0,0,0,0,400,400,400,0,0,0,0,400,400,400,100.000000,12800,24952,51.298493,10,10,10,10,404,4,0,4,400,24952,152,0,0,0,0,404,0,0,0,0,92,5888
3527,W3,1,1,0,0,0,0,0,0,0,0,0,400,400,400,0,0,0,0,400,400,400,100.000000,12800,24952,51.298493,10,10,10,10,404,4,0,4,400,24952,152,0,0,0,0,404,0,0,0,0,92,5888
3528,W3,1,1,0,0,0,0,0,0,0,0,0,400,400,400,0,0,0,0,400,400,400,100.000000,12800,24952,51.298493,10,10,10,10,404,4,0,4,400,24952,152,0,0,0,0,404,0,0,0,0,97,5888
3529,W3,1,1,0,0,0,0,0,0,0,0,0,400,400,400,0,0,0,0,400,400,400,100.000000,12800,24952,51.298493,10,10,10,10,404,4,0,4,400,24952,152,0,0,0,0,404,0,0,0,0,94,5888
3530,W3,1,1,0,0,0,0,0,0,0,0,0,400,400,400,0,0,0,0,400,400,400,100.000000,12800,24952,51.298493,10,10,10,10,404,4,0,4,400,24952,152,0,0,0,0,404,0,0,0,0,108,5888
3531,W3,1,1,0,0,0,0,0,0,0,0,0,400,400,400,0,0,0,0,400,400,400,100.000000,12800,24952,51.298493,10,10,10,10,404,4,0,4,400,24952,152,0,0,0,0,404,0,0,0,0,111,5888
3532,W3,1,1,0,0,0,0,0,0,0,0,0,400,400,400,0,0,0,0,400,400,400,100.000000,12800,24952,51.298493,10,10,10,10,404,4,0,4,400,24952,152,0,0,0,0,404,0,0,0,0,92,5888
3533,W3,1,1,0,0,0,0,0,0,0,0,0,400,400,400,0,0,0,0,400,400,400,100.000000,12800,24952,51.298493,10,10,10,10,404,4,0,4,400,24952,152,0,0,0,0,404,0,0,0,0,86,5888
3534,W3,1,1,0,0,0,0,0,0,0,0,0,400,400,400,0,0,0,0,400,400,400,100.000000,12800,24952,51.298493,10,10,10,10,404,4,0,4,400,24952,152,0,0,0,0,404,0,0,0,0,94,5888
3535,W3,1,1,0,0,0,0,0,0,0,0,0,400,400,400,0,0,0,0,400,400,400,100.000000,12800,24952,51.298493,10,10,10,10,404,4,0,4,400,24952,152,0,0,0,0,404,0,0,0,0,98,5888
3536,W3,1,1,0,0,0,0,0,0,0,0,0,400,400,400,0,0,0,0,400,400,400,100.000000,12800,24952,51.298493,10,10,10,10,404,4,0,4,400,24952,152,0,0,0,0,404,0,0,0,0,92,5888
3537,W3,1,1,0,0,0,0,0,0,0,0,0,400,400,400,0,0,0,0,400,400,400,100.000000,12800,24952,51.298493,10,10,10,10,404,4,0,4,400,24952,152,0,0,0,0,404,0,0,0,0,94,5888
3538,W3,1,1,0,0,0,0,0,0,0,0,0,400,400,400,0,0,0,0,400,400,400,100.000000,12800,24952,51.298493,10,10,10,10,404,4,0,4,400,24952,152,0,0,0,0,404,0,0,0,0,93,5888
3539,W3,1,1,0,0,0,0,0,0,0,0,0,400,400,400,0,0,0,0,400,400,400,100.000000,12800,24952,51.298493,10,10,10,10,404,4,0,4,400,24952,152,0,0,0,0,404,0,0,0,0,93,5888
3540,W3,1,1,0,0,0,0,0,0,0,0,0,400,400,400,0,0,0,0,400,400,400,100.000000,12800,24952,51.298493,10,10,10,10,404,4,0,4,400,24952,152,0,0,0,0,404,0,0,0,0,91,5888
3541,W3,1,1,0,0,0,0,0,0,0,0,0,400,400,400,0,0,0,0,400,400,400,100.000000,12800,24952,51.298493,10,10,10,10,404,4,0,4,400,24952,152,0,0,0,0,404,0,0,0,0,92,5888
3542,W3,1,1,0,0,0,0,0,0,0,0,0,400,400,400,0,0,0,0,400,400,400,100.000000,12800,24952,51.298493,10,10,10,10,404,4,0,4,400,24952,152,0,0,0,0,404,0,0,0,0,113,5888
3543,W3,1,1,0,0,0,0,0,0,0,0,0,400,400,400,0,0,0,0,400,400,400,100.000000,12800,24952,51.298493,10,10,10,10,404,4,0,4,400,24952,152,0,0,0,0,404,0,0,0,0,92,5888
3544,W3,1,1,0,0,0,0,0,0,0,0,0,400,400,400,0,0,0,0,400,400,400,100.000000,12800,24952,51.298493,10,10,10,10,404,4,0,4,400,24952,152,0,0,0,0,404,0,0,0,0,96,5888
3545,W3,1,1,0,0,0,0,0,0,0,0,0,400,400,400,0,0,0,0,400,400,400,100.000000,12800,24952,51.298493,10,10,10,10,404,4,0,4,400,24952,152,0,0,0,0,404,0,0,0,0,85,5888
3546,W3,1,1,0,0,0,0,0,0,0,0,0,400,400,400,0,0,0,0,400,400,400,100.000000,12800,24952,51.298493,10,10,10,10,404,4,0,4,400,24952,152,0,0,0,0,404,0,0,0,0,120,5888
3547,W3,1,1,0,0,0,0,0,0,0,0,0,400,400,400,0,0,0,0,400,400,400,100.000000,12800,24952,51.298493,10,10,10,10,404,4,0,4,400,24952,152,0,0,0,0,404,0,0,0,0,89,5888
3548,W3,1,1,0,0,0,0,0,0,0,0,0,400,400,400,0,0,0,0,400,400,400,100.000000,12800,24952,51.298493,10,10,10,10,404,4,0,4,400,24952,152,0,0,0,0,404,0,0,0,0,87,5888
3549,W3,1,1,0,0,0,0,0,0,0,0,0,400,400,400,0,0,0,0,400,400,400,100.000000,12800,24952,51.298493,10,10,10,10,404,4,0,4,400,24952,152,0,0,0,0,404,0,0,0,0,94,5888
3550,W3,1,1,0,0,0,0,0,0,0,0,0,400,400,400,0,0,0,0,400,400,400,100.000000,12800,24952,51.298493,10,10,10,10,404,4,0,4,400,24952,152,0,0,0,0,404,0,0,0,0,92,5888
3551,W3,1,1,0,0,0,0,0,0,0,0,0,400,400,400,0,0,0,0,400,400,400,100.000000,12800,24952,51.298493,10,10,10,10,404,4,0,4,400,24952,152,0,0,0,0,404,0,0,0,0,99,5888
3552,W3,1,1,0,0,0,0,0,0,0,0,0,400,400,400,0,0,0,0,400,400,400,100.000000,12800,24952,51.298493,10,10,10,10,404,4,0,4,400,24952,152,0,0,0,0,404,0,0,0,0,95,5888
3553,W3,1,1,0,0,0,0,0,0,0,0,0,400,400,400,0,0,0,0,400,400,400,100.000000,12800,24952,51.298493,10,10,10,10,404,4,0,4,400,24952,152,0,0,0,0,404,0,0,0,0,95,5888
3554,W3,1,1,0,0,0,0,0,0,0,0,0,400,400,400,0,0,0,0,400,400,400,100.000000,12800,24952,51.298493,10,10,10,10,404,4,0,4,400,24952,152,0,0,0,0,404,0,0,0,0,95,5888
3555,W3,1,1,0,0,0,0,0,0,0,0,0,400,400,400,0,0,0,0,400,400,400,100.000000,12800,24952,51.298493,10,10,10,10,404,4,0,4,400,24952,152,0,0,0,0,404,0,0,0,0,87,5888
3556,W3,1,1,0,0,0,0,0,0,0,0,0,400,400,400,0,0,0,0,400,400,400,100.000000,12800,24952,51.298493,10,10,10,10,404,4,0,4,400,24952,152,0,0,0,0,404,0,0,0,0,93,5888
3557,W3,1,1,0,0,0,0,0,0,0,0,0,400,400,400,0,0,0,0,400,400,400,100.000000,12800,24952,51.298493,10,10,10,10,404,4,0,4,400,24952,152,0,0,0,0,404,0,0,0,0,92,5888
3558,W3,1,1,0,0,0,0,0,0,0,0,0,400,400,400,0,0,0,0,400,400,400,100.000000,12800,24952,51.298493,10,10,10,10,404,4,0,4,400,24952,152,0,0,0,0,404,0,0,0,0,96,5888
3559,W3,1,1,0,0,0,0,0,0,0,0,0,400,400,400,0,0,0,0,400,400,400,100.000000,12800,24952,51.298493,10,10,10,10,404,4,0,4,400,24952,152,0,0,0,0,404,0,0,0,0,91,5888
3560,W3,1,1,0,0,0,0,0,0,0,0,0,400,400,400,0,0,0,0,400,400,400,100.000000,12800,24952,51.298493,10,10,10,10,404,4,0,4,400,24952,152,0,0,0,0,404,0,0,0,0,96,5888
3561,W3,1,1,0,0,0,0,0,0,0,0,0,400,400,400,0,0,0,0,400,400,400,100.000000,12800,24952,51.298493,10,10,10,10,404,4,0,4,400,24952,152,0,0,0,0,404,0,0,0,0,120,5888
3562,W3,1,1,0,0,0,0,0,0,0,0,0,400,400,400,0,0,0,0,400,400,400,100.000000,12800,24952,51.298493,10,10,10,10,404,4,0,4,400,24952,152,0,0,0,0,404,0,0,0,0,115,5888
3563,W3,1,1,0,0,0,0,0,0,0,0,0,400,400,400,0,0,0,0,400,400,400,100.000000,12800,24952,51.298493,10,10,10,10,404,4,0,4,400,24952,152,0,0,0,0,404,0,0,0,0,94,5888
3564,W3,1,1,0,0,0,0,0,0,0,0,0,400,400,400,0,0,0,0,400,400,400,100.000000,12800,24952,51.298493,10,10,10,10,404,4,0,4,400,24952,152,0,0,0,0,404,0,0,0,0,90,5888
3565,W3,1,1,0,0,0,0,0,0,0,0,0,400,400,400,0,0,0,0,400,400,400,100.000000,12800,24952,51.298493,10,10,10,10,404,4,0,4,400,24952,152,0,0,0,0,404,0,0,0,0,93,5888
3566,W3,1,1,0,0,0,0,0,0,0,0,0,400,400,400,0,0,0,0,400,400,400,100.000000,12800,24952,51.298493,10,10,10,10,404,4,0,4,400,24952,152,0,0,0,0,404,0,0,0,0,86,5888
3567,W3,1,1,0,0,0,0,0,0,0,0,0,400,400,400,0,0,0,0,400,400,400,100.000000,12800,24952,51.298493,10,10,10,10,404,4,0,4,400,24952,152,0,0,0,0,404,0,0,0,0,87,5888
3568,W3,1,1,0,0,0,0,0,0,0,0,0,400,400,400,0,0,0,0,400,400,400,100.000000,12800,24952,51.298493,10,10,10,10,404,4,0,4,400,24952,152,0,0,0,0,404,0,0,0,0,86,5888
3569,W3,1,1,0,0,0,0,0,0,0,0,0,400,400,400,0,0,0,0,400,400,400,100.000000,12800,24952,51.298493,10,10,10,10,404,4,0,4,400,24952,152,0,0,0,0,404,0,0,0,0,98,5888
3570,W3,1,1,0,0,0,0,0,0,0,0,0,400,400,400,0,0,0,0,400,400,400,100.000000,12800,24952,51.298493,10,10,10,10,404,4,0,4,400,24952,152,0,0,0,0,404,0,0,0,0,89,5888
3571,W3,1,1,0,0,0,0,0,0,0,0,0,400,400,400,0,0,0,0,400,400,400,100.000000,12800,24952,51.298493,10,10,10,10,404,4,0,4,400,24952,152,0,0,0,0,404,0,0,0,0,86,5888
3572,W3,1,1,0,0,0,0,0,0,0,0,0,400,400,400,0,0,0,0,400,400,400,100.000000,12800,24952,51.298493,10,10,10,10,404,4,0,4,400,24952,152,0,0,0,0,404,0,0,0,0,85,5888
3573,W3,1,1,0,0,0,0,0,0,0,0,0,400,400,400,0,0,0,0,400,400,400,100.000000,12800,24952,51.298493,10,10,10,10,404,4,0,4,400,24952,152,0,0,0,0,404,0,0,0,0,88,5888
3574,W3,1,1,0,0,0,0,0,0,0,0,0,400,400,400,0,0,0,0,400,400,400,100.000000,12800,24952,51.298493,10,10,10,10,404,4,0,4,400,24952,152,0,0,0,0,404,0,0,0,0,88,5888
3575,W3,1,1,0,0,0,0,0,0,0,0,0,400,400,400,0,0,0,0,400,400,400,100.000000,12800,24952,51.298493,10,10,10,10,404,4,0,4,400,24952,152,0,0,0,0,404,0,0,0,0,94,5888
3576,W3,1,1,0,0,0,0,0,0,0,0,0,400,400,400,0,0,0,0,400,400,400,100.000000,12800,24952,51.298493,10,10,10,10,404,4,0,4,400,24952,152,0,0,0,0,404,0,0,0,0,88,5888
3577,W3,1,1,0,0,0,0,0,0,0,0,0,400,400,400,0,0,0,0,400,400,400,100.000000,12800,24952,51.298493,10,10,10,10,404,4,0,4,400,24952,152,0,0,0,0,404,0,0,0,0,117,5888
3578,W3,1,1,0,0,0,0,0,0,0,0,0,400,400,400,0,0,0,0,400,400,400,100.000000,12800,24952,51.298493,10,10,10,10,404,4,0,4,400,24952,152,0,0,0,0,404,0,0,0,0,117,5888
3579,W3,1,1,0,0,0,0,0,0,0,0,0,400,400,400,0,0,0,0,400,400,400,100.000000,12800,24952,51.298493,10,10,10,10,404,4,0,4,400,24952,152,0,0,0,0,404,0,0,0,0,120,5888
3580,W3,1,1,0,0,0,0,0,0,0,0,0,400,400,400,0,0,0,0,400,400,400,100.000000,12800,24952,51.298493,10,10,10,10,404,4,0,4,400,24952,152,0,0,0,0,404,0,0,0,0,96,5888
3581,W3,1,1,0,0,0,0,0,0,0,0,0,400,400,400,0,0,0,0,400,400,400,100.000000,12800,24952,51.298493,10,10,10,10,404,4,0,4,400,24952,152,0,0,0,0,404,0,0,0,0,93,5888
3582,W3,1,1,0,0,0,0,0,0,0,0,0,400,400,400,0,0,0,0,400,400,400,100.000000,12800,24952,51.298493,10,10,10,10,404,4,0,4,400,24952,152,0,0,0,0,404,0,0,0,0,92,5888
3583,W3,1,1,0,0,0,0,0,0,0,0,0,400,400,400,0,0,0,0,400,400,400,100.000000,12800,24952,51.298493,10,10,10,10,404,4,0,4,400,24952,152,0,0,0,0,404,0,0,0,0,109,5888
3584,W3,1,1,0,0,0,0,0,0,0,0,0,400,400,400,0,0,0,0,400,400,400,100.000000,12800,24952,51.298493,10,10,10,10,404,4,0,4,400,24952,152,0,0,0,0,404,0,0,0,0,91,5888
3585,W3,1,1,0,0,0,0,0,0,0,0,0,400,400,400,0,0,0,0,400,400,400,100.000000,12800,24952,51.298493,10,10,10,10,404,4,0,4,400,24952,152,0,0,0,0,404,0,0,0,0,90,5888
3586,W3,1,1,0,0,0,0,0,0,0,0,0,400,400,400,0,0,0,0,400,400,400,100.000000,12800,24952,51.298493,10,10,10,10,404,4,0,4,400,24952,152,0,0,0,0,404,0,0,0,0,86,5888
3587,W3,1,1,0,0,0,0,0,0,0,0,0,400,400,400,0,0,0,0,400,400,400,100.000000,12800,24952,51.298493,10,10,10,10,404,4,0,4,400,24952,152,0,0,0,0,404,0,0,0,0,93,5888
3588,W3,1,1,0,0,0,0,0,0,0,0,0,400,400,400,0,0,0,0,400,400,400,100.000000,12800,24952,51.298493,10,10,10,10,404,4,0,4,400,24952,152,0,0,0,0,404,0,0,0,0,93,5888
3589,W3,1,1,0,0,0,0,0,0,0,0,0,400,400,400,0,0,0,0,400,400,400,100.000000,12800,24952,51.298493,10,10,10,10,404,4,0,4,400,24952,152,0,0,0,0,404,0,0,0,0,90,5888
3590,W3,1,1,0,0,0,0,0,0,0,0,0,400,400,400,0,0,0,0,400,400,400,100.000000,12800,24952,51.298493,10,10,10,10,404,4,0,4,400,24952,152,0,0,0,0,404,0,0,0,0,99,5888
3591,W3,1,1,0,0,0,0,0,0,0,0,0,400,400,400,0,0,0,0,400,400,400,100.000000,12800,24952,51.298493,10,10,10,10,404,4,0,4,400,24952,152,0,0,0,0,404,0,0,0,0,90,5888
3592,W3,1,1,0,0,0,0,0,0,0,0,0,400,400,400,0,0,0,0,400,400,400,100.000000,12800,24952,51.298493,10,10,10,10,404,4,0,4,400,24952,152,0,0,0,0,404,0,0,0,0,103,5888
3593,W3,1,1,0,0,0,0,0,0,0,0,0,400,400,400,0,0,0,0,400,400,400,100.000000,12800,24952,51.298493,10,10,10,10,404,4,0,4,400,24952,152,0,0,0,0,404,0,0,0,0,89,5888
3594,W3,1,1,0,0,0,0,0,0,0,0,0,400,400,400,0,0,0,0,400,400,400,100.000000,12800,24952,51.298493,10,10,10,10,404,4,0,4,400,24952,152,0,0,0,0,404,0,0,0,0,90,5888
3595,W3,1,1,0,0,0,0,0,0,0,0,0,400,400,400,0,0,0,0,400,400,400,100.000000,12800,24952,51.298493,10,10,10,10,404,4,0,4,400,24952,152,0,0,0,0,404,0,0,0,0,112,5888
3596,W3,1,1,0,0,0,0,0,0,0,0,0,400,400,400,0,0,0,0,400,400,400,100.000000,12800,24952,51.298493,10,10,10,10,404,4,0,4,400,24952,152,0,0,0,0,404,0,0,0,0,93,5888
3597,W3,1,1,0,0,0,0,0,0,0,0,0,400,400,400,0,0,0,0,400,400,400,100.000000,12800,24952,51.298493,10,10,10,10,404,4,0,4,400,24952,152,0,0,0,0,404,0,0,0,0,91,5888
3598,W3,1,1,0,0,0,0,0,0,0,0,0,400,400,400,0,0,0,0,400,400,400,100.000000,12800,24952,51.298493,10,10,10,10,404,4,0,4,400,24952,152,0,0,0,0,404,0,0,0,0,90,5888
3599,W3,1,1,0,0,0,0,0,0,0,0,0,400,400,400,0,0,0,0,400,400,400,100.000000,12800,24952,51.298493,10,10,10,10,404,4,0,4,400,24952,152,0,0,0,0,404,0,0,0,0,98,5888
3600,W3,1,1,0,0,0,0,0,0,0,0,0,400,400,400,0,0,0,0,400,400,400,100.000000,12800,24952,51.298493,10,10,10,10,404,4,0,4,400,24952,152,0,0,0,0,404,0,0,0,0,91,5888
3601,W3,1,1,0,0,0,0,0,0,0,0,0,400,400,400,0,0,0,0,400,400,400,100.000000,12800,24952,51.298493,10,10,10,10,404,4,0,4,400,24952,152,0,0,0,0,404,0,0,0,0,121,5888
3602,W3,1,1,0,0,0,0,0,0,0,0,0,400,400,400,0,0,0,0,400,400,400,100.000000,12800,24952,51.298493,10,10,10,10,404,4,0,4,400,24952,152,0,0,0,0,404,0,0,0,0,91,5888
3603,W3,1,1,0,0,0,0,0,0,0,0,0,400,400,400,0,0,0,0,400,400,400,100.000000,12800,24952,51.298493,10,10,10,10,404,4,0,4,400,24952,152,0,0,0,0,404,0,0,0,0,88,5888
3604,W3,1,1,0,0,0,0,0,0,0,0,0,400,400,400,0,0,0,0,400,400,400,100.000000,12800,24952,51.298493,10,10,10,10,404,4,0,4,400,24952,152,0,0,0,0,404,0,0,0,0,86,5888
3605,W3,1,1,0,0,0,0,0,0,0,0,0,400,400,400,0,0,0,0,400,400,400,100.000000,12800,24952,51.298493,10,10,10,10,404,4,0,4,400,24952,152,0,0,0,0,404,0,0,0,0,87,5888
3606,W3,1,1,0,0,0,0,0,0,0,0,0,400,400,400,0,0,0,0,400,400,400,100.000000,12800,24952,51.298493,10,10,10,10,404,4,0,4,400,24952,152,0,0,0,0,404,0,0,0,0,87,5888
3607,W3,1,1,0,0,0,0,0,0,0,0,0,400,400,400,0,0,0,0,400,400,400,100.000000,12800,24952,51.298493,10,10,10,10,404,4,0,4,400,24952,152,0,0,0,0,404,0,0,0,0,97,5888
3608,W3,1,1,0,0,0,0,0,0,0,0,0,400,400,400,0,0,0,0,400,400,400,100.000000,12800,24952,51.298493,10,10,10,10,404,4,0,4,400,24952,152,0,0,0,0,404,0,0,0,0,95,5888
3609,W3,1,1,0,0,0,0,0,0,0,0,0,400,400,400,0,0,0,0,400,400,400,100.000000,12800,24952,51.298493,10,10,10,10,404,4,0,4,400,24952,152,0,0,0,0,404,0,0,0,0,94,5888
3610,W3,1,1,0,0,0,0,0,0,0,0,0,400,400,400,0,0,0,0,400,400,400,100.000000,12800,24952,51.298493,10,10,10,10,404,4,0,4,400,24952,152,0,0,0,0,404,0,0,0,0,120,5888
3611,W3,1,1,0,0,0,0,0,0,0,0,0,400,400,400,0,0,0,0,400,400,400,100.000000,12800,24952,51.298493,10,10,10,10,404,4,0,4,400,24952,152,0,0,0,0,404,0,0,0,0,112,5888
3612,W3,1,1,0,0,0,0,0,0,0,0,0,400,400,400,0,0,0,0,400,400,400,100.000000,12800,24952,51.298493,10,10,10,10,404,4,0,4,400,24952,152,0,0,0,0,404,0,0,0,0,90,5888
3613,W3,1,1,0,0,0,0,0,0,0,0,0,400,400,400,0,0,0,0,400,400,400,100.000000,12800,24952,51.298493,10,10,10,10,404,4,0,4,400,24952,152,0,0,0,0,404,0,0,0,0,95,5888
3614,W3,1,1,0,0,0,0,0,0,0,0,0,400,400,400,0,0,0,0,400,400,400,100.000000,12800,24952,51.298493,10,10,10,10,404,4,0,4,400,24952,152,0,0,0,0,404,0,0,0,0,91,5888
3615,W3,1,1,0,0,0,0,0,0,0,0,0,400,400,400,0,0,0,0,400,400,400,100.000000,12800,24952,51.298493,10,10,10,10,404,4,0,4,400,24952,152,0,0,0,0,404,0,0,0,0,106,5888
3616,W3,1,1,0,0,0,0,0,0,0,0,0,400,400,400,0,0,0,0,400,400,400,100.000000,12800,24952,51.298493,10,10,10,10,404,4,0,4,400,24952,152,0,0,0,0,404,0,0,0,0,92,5888
3617,W3,1,1,0,0,0,0,0,0,0,0,0,400,400,400,0,0,0,0,400,400,400,100.000000,12800,24952,51.298493,10,10,10,10,404,4,0,4,400,24952,152,0,0,0,0,404,0,0,0,0,98,5888
3618,W3,1,1,0,0,0,0,0,0,0,0,0,400,400,400,0,0,0,0,400,400,400,100.000000,12800,24952,51.298493,10,10,10,10,404,4,0,4,400,24952,152,0,0,0,0,404,0,0,0,0,94,5888
3619,W3,1,1,0,0,0,0,0,0,0,0,0,400,400,400,0,0,0,0,400,400,400,100.000000,12800,24952,51.298493,10,10,10,10,404,4,0,4,400,24952,152,0,0,0,0,404,0,0,0,0,86,5888
3620,W3,1,1,0,0,0,0,0,0,0,0,0,400,400,400,0,0,0,0,400,400,400,100.000000,12800,24952,51.298493,10,10,10,10,404,4,0,4,400,24952,152,0,0,0,0,404,0,0,0,0,90,5888
3621,W3,1,1,0,0,0,0,0,0,0,0,0,400,400,400,0,0,0,0,400,400,400,100.000000,12800,24952,51.298493,10,10,10,10,404,4,0,4,400,24952,152,0,0,0,0,404,0,0,0,0,111,5888
3622,W3,1,1,0,0,0,0,0,0,0,0,0,400,400,400,0,0,0,0,400,400,400,100.000000,12800,24952,51.298493,10,10,10,10,404,4,0,4,400,24952,152,0,0,0,0,404,0,0,0,0,97,5888
3623,W3,1,1,0,0,0,0,0,0,0,0,0,400,400,400,0,0,0,0,400,400,400,100.000000,12800,24952,51.298493,10,10,10,10,404,4,0,4,400,24952,152,0,0,0,0,404,0,0,0,0,90,5888
3624,W3,1,1,0,0,0,0,0,0,0,0,0,400,400,400,0,0,0,0,400,400,400,100.000000,12800,24952,51.298493,10,10,10,10,404,4,0,4,400,24952,152,0,0,0,0,404,0,0,0,0,97,5888
3625,W3,1,1,0,0,0,0,0,0,0,0,0,400,400,400,0,0,0,0,400,400,400,100.000000,12800,24952,51.298493,10,10,10,10,404,4,0,4,400,24952,152,0,0,0,0,404,0,0,0,0,96,5888
3626,W3,1,1,0,0,0,0,0,0,0,0,0,400,400,400,0,0,0,0,400,400,400,100.000000,12800,24952,51.298493,10,10,10,10,404,4,0,4,400,24952,152,0,0,0,0,404,0,0,0,0,115,5888
3627,W3,1,1,0,0,0,0,0,0,0,0,0,400,400,400,0,0,0,0,400,400,400,100.000000,12800,24952,51.298493,10,10,10,10,404,4,0,4,400,24952,152,0,0,0,0,404,0,0,0,0,89,5888
3628,W3,1,1,0,0,0,0,0,0,0,0,0,400,400,400,0,0,0,0,400,400,400,100.000000,12800,24952,51.298493,10,10,10,10,404,4,0,4,400,24952,152,0,0,0,0,404,0,0,0,0,91,5888
3629,W3,1,1,0,0,0,0,0,0,0,0,0,400,400,400,0,0,0,0,400,400,400,100.000000,12800,24952,51.298493,10,10,10,10,404,4,0,4,400,24952,152,0,0,0,0,404,0,0,0,0,90,5888
3630,W3,1,1,0,0,0,0,0,0,0,0,0,400,400,400,0,0,0,0,400,400,400,100.000000,12800,24952,51.298493,10,10,10,10,404,4,0,4,400,24952,152,0,0,0,0,404,0,0,0,0,93,5888
3631,W3,1,1,0,0,0,0,0,0,0,0,0,400,400,400,0,0,0,0,400,400,400,100.000000,12800,24952,51.298493,10,10,10,10,404,4,0,4,400,24952,152,0,0,0,0,404,0,0,0,0,89,5888
3632,W3,1,1,0,0,0,0,0,0,0,0,0,400,400,400,0,0,0,0,400,400,400,100.000000,12800,24952,51.298493,10,10,10,10,404,4,0,4,400,24952,152,0,0,0,0,404,0,0,0,0,107,5888
3633,W3,1,1,0,0,0,0,0,0,0,0,0,400,400,400,0,0,0,0,400,400,400,100.000000,12800,24952,51.298493,10,10,10,10,404,4,0,4,400,24952,152,0,0,0,0,404,0,0,0,0,100,5888
3634,W3,1,1,0,0,0,0,0,0,0,0,0,400,400,400,0,0,0,0,400,400,400,100.000000,12800,24952,51.298493,10,10,10,10,404,4,0,4,400,24952,152,0,0,0,0,404,0,0,0,0,99,5888
3635,W3,1,1,0,0,0,0,0,0,0,0,0,400,400,400,0,0,0,0,400,400,400,100.000000,12800,24952,51.298493,10,10,10,10,404,4,0,4,400,24952,152,0,0,0,0,404,0,0,0,0,112,5888
3636,W3,1,1,0,0,0,0,0,0,0,0,0,400,400,400,0,0,0,0,400,400,400,100.000000,12800,24952,51.298493,10,10,10,10,404,4,0,4,400,24952,152,0,0,0,0,404,0,0,0,0,98,5888
3637,W3,1,1,0,0,0,0,0,0,0,0,0,400,400,400,0,0,0,0,400,400,400,100.000000,12800,24952,51.298493,10,10,10,10,404,4,0,4,400,24952,152,0,0,0,0,404,0,0,0,0,93,5888
3638,W3,1,1,0,0,0,0,0,0,0,0,0,400,400,400,0,0,0,0,400,400,400,100.000000,12800,24952,51.298493,10,10,10,10,404,4,0,4,400,24952,152,0,0,0,0,404,0,0,0,0,97,5888
3639,W3,1,1,0,0,0,0,0,0,0,0,0,400,400,400,0,0,0,0,400,400,400,100.000000,12800,24952,51.298493,10,10,10,10,404,4,0,4,400,24952,152,0,0,0,0,404,0,0,0,0,99,5888
3640,W3,1,1,0,0,0,0,0,0,0,0,0,400,400,400,0,0,0,0,400,400,400,100.000000,12800,24952,51.298493,10,10,10,10,404,4,0,4,400,24952,152,0,0,0,0,404,0,0,0,0,106,5888
3641,W3,1,1,0,0,0,0,0,0,0,0,0,400,400,400,0,0,0,0,400,400,400,100.000000,12800,24952,51.298493,10,10,10,10,404,4,0,4,400,24952,152,0,0,0,0,404,0,0,0,0,87,5888
3642,W3,1,1,0,0,0,0,0,0,0,0,0,400,400,400,0,0,0,0,400,400,400,100.000000,12800,24952,51.298493,10,10,10,10,404,4,0,4,400,24952,152,0,0,0,0,404,0,0,0,0,122,5888
3643,W3,1,1,0,0,0,0,0,0,0,0,0,400,400,400,0,0,0,0,400,400,400,100.000000,12800,24952,51.298493,10,10,10,10,404,4,0,4,400,24952,152,0,0,0,0,404,0,0,0,0,97,5888
3644,W3,1,1,0,0,0,0,0,0,0,0,0,400,400,400,0,0,0,0,400,400,400,100.000000,12800,24952,51.298493,10,10,10,10,404,4,0,4,400,24952,152,0,0,0,0,404,0,0,0,0,92,5888
3645,W3,1,1,0,0,0,0,0,0,0,0,0,400,400,400,0,0,0,0,400,400,400,100.000000,12800,24952,51.298493,10,10,10,10,404,4,0,4,400,24952,152,0,0,0,0,404,0,0,0,0,88,5888
3646,W3,1,1,0,0,0,0,0,0,0,0,0,400,400,400,0,0,0,0,400,400,400,100.000000,12800,24952,51.298493,10,10,10,10,404,4,0,4,400,24952,152,0,0,0,0,404,0,0,0,0,95,5888
3647,W3,1,1,0,0,0,0,0,0,0,0,0,400,400,400,0,0,0,0,400,400,400,100.000000,12800,24952,51.298493,10,10,10,10,404,4,0,4,400,24952,152,0,0,0,0,404,0,0,0,0,87,5888
3648,W3,1,1,0,0,0,0,0,0,0,0,0,400,400,400,0,0,0,0,400,400,400,100.000000,12800,24952,51.298493,10,10,10,10,404,4,0,4,400,24952,152,0,0,0,0,404,0,0,0,0,88,5888
3649,W3,1,1,0,0,0,0,0,0,0,0,0,400,400,400,0,0,0,0,400,400,400,100.000000,12800,24952,51.298493,10,10,10,10,404,4,0,4,400,24952,152,0,0,0,0,404,0,0,0,0,98,5888
3650,W3,1,1,0,0,0,0,0,0,0,0,0,400,400,400,0,0,0,0,400,400,400,100.000000,12800,24952,51.298493,10,10,10,10,404,4,0,4,400,24952,152,0,0,0,0,404,0,0,0,0,92,5888
3651,W3,1,1,0,0,0,0,0,0,0,0,0,400,400,400,0,0,0,0,400,400,400,100.000000,12800,24952,51.298493,10,10,10,10,404,4,0,4,400,24952,152,0,0,0,0,404,0,0,0,0,94,5888
3652,W3,1,1,0,0,0,0,0,0,0,0,0,400,400,400,0,0,0,0,400,400,400,100.000000,12800,24952,51.298493,10,10,10,10,404,4,0,4,400,24952,152,0,0,0,0,404,0,0,0,0,100,5888
3653,W3,1,1,0,0,0,0,0,0,0,0,0,400,400,400,0,0,0,0,400,400,400,100.000000,12800,24952,51.298493,10,10,10,10,404,4,0,4,400,24952,152,0,0,0,0,404,0,0,0,0,92,5888
3654,W3,1,1,0,0,0,0,0,0,0,0,0,400,400,400,0,0,0,0,400,400,400,100.000000,12800,24952,51.298493,10,10,10,10,404,4,0,4,400,24952,152,0,0,0,0,404,0,0,0,0,92,5888
3655,W3,1,1,0,0,0,0,0,0,0,0,0,400,400,400,0,0,0,0,400,400,400,100.000000,12800,24952,51.298493,10,10,10,10,404,4,0,4,400,24952,152,0,0,0,0,404,0,0,0,0,92,5888
3656,W3,1,1,0,0,0,0,0,0,0,0,0,400,400,400,0,0,0,0,400,400,400,100.000000,12800,24952,51.298493,10,10,10,10,404,4,0,4,400,24952,152,0,0,0,0,404,0,0,0,0,95,5888
3657,W3,1,1,0,0,0,0,0,0,0,0,0,400,400,400,0,0,0,0,400,400,400,100.000000,12800,24952,51.298493,10,10,10,10,404,4,0,4,400,24952,152,0,0,0,0,404,0,0,0,0,91,5888
3658,W3,1,1,0,0,0,0,0,0,0,0,0,400,400,400,0,0,0,0,400,400,400,100.000000,12800,24952,51.298493,10,10,10,10,404,4,0,4,400,24952,152,0,0,0,0,404,0,0,0,0,114,5888
3659,W3,1,1,0,0,0,0,0,0,0,0,0,400,400,400,0,0,0,0,400,400,400,100.000000,12800,24952,51.298493,10,10,10,10,404,4,0,4,400,24952,152,0,0,0,0,404,0,0,0,0,90,5888
3660,W3,1,1,0,0,0,0,0,0,0,0,0,400,400,400,0,0,0,0,400,400,400,100.000000,12800,24952,51.298493,10,10,10,10,404,4,0,4,400,24952,152,0,0,0,0,404,0,0,0,0,92,5888
3661,W3,1,1,0,0,0,0,0,0,0,0,0,400,400,400,0,0,0,0,400,400,400,100.000000,12800,24952,51.298493,10,10,10,10,404,4,0,4,400,24952,152,0,0,0,0,404,0,0,0,0,93,5888
3662,W3,1,1,0,0,0,0,0,0,0,0,0,400,400,400,0,0,0,0,400,400,400,100.000000,12800,24952,51.298493,10,10,10,10,404,4,0,4,400,24952,152,0,0,0,0,404,0,0,0,0,95,5888
3663,W3,1,1,0,0,0,0,0,0,0,0,0,400,400,400,0,0,0,0,400,400,400,100.000000,12800,24952,51.298493,10,10,10,10,404,4,0,4,400,24952,152,0,0,0,0,404,0,0,0,0,99,5888
3664,W3,1,1,0,0,0,0,0,0,0,0,0,400,400,400,0,0,0,0,400,400,400,100.000000,12800,24952,51.298493,10,10,10,10,404,4,0,4,400,24952,152,0,0,0,0,404,0,0,0,0,95,5888
3665,W3,1,1,0,0,0,0,0,0,0,0,0,400,400,400,0,0,0,0,400,400,400,100.000000,12800,24952,51.298493,10,10,10,10,404,4,0,4,400,24952,152,0,0,0,0,404,0,0,0,0,98,5888
3666,W3,1,1,0,0,0,0,0,0,0,0,0,400,400,400,0,0,0,0,400,400,400,100.000000,12800,24952,51.298493,10,10,10,10,404,4,0,4,400,24952,152,0,0,0,0,404,0,0,0,0,93,5888
3667,W3,1,1,0,0,0,0,0,0,0,0,0,400,400,400,0,0,0,0,400,400,400,100.000000,12800,24952,51.298493,10,10,10,10,404,4,0,4,400,24952,152,0,0,0,0,404,0,0,0,0,91,5888
3668,W3,1,1,0,0,0,0,0,0,0,0,0,400,400,400,0,0,0,0,400,400,400,100.000000,12800,24952,51.298493,10,10,10,10,404,4,0,4,400,24952,152,0,0,0,0,404,0,0,0,0,94,5888
3669,W3,1,1,0,0,0,0,0,0,0,0,0,400,400,400,0,0,0,0,400,400,400,100.000000,12800,24952,51.298493,10,10,10,10,404,4,0,4,400,24952,152,0,0,0,0,404,0,0,0,0,90,5888
3670,W3,1,1,0,0,0,0,0,0,0,0,0,400,400,400,0,0,0,0,400,400,400,100.000000,12800,24952,51.298493,10,10,10,10,404,4,0,4,400,24952,152,0,0,0,0,404,0,0,0,0,95,5888
3671,W3,1,1,0,0,0,0,0,0,0,0,0,400,400,400,0,0,0,0,400,400,400,100.000000,12800,24952,51.298493,10,10,10,10,404,4,0,4,400,24952,152,0,0,0,0,404,0,0,0,0,90,5888
3672,W3,1,1,0,0,0,0,0,0,0,0,0,400,400,400,0,0,0,0,400,400,400,100.000000,12800,24952,51.298493,10,10,10,10,404,4,0,4,400,24952,152,0,0,0,0,404,0,0,0,0,90,5888
3673,W3,1,1,0,0,0,0,0,0,0,0,0,400,400,400,0,0,0,0,400,400,400,100.000000,12800,24952,51.298493,10,10,10,10,404,4,0,4,400,24952,152,0,0,0,0,404,0,0,0,0,105,5888
3674,W3,1,1,0,0,0,0,0,0,0,0,0,400,400,400,0,0,0,0,400,400,400,100.000000,12800,24952,51.298493,10,10,10,10,404,4,0,4,400,24952,152,0,0,0,0,404,0,0,0,0,94,5888
3675,W3,1,1,0,0,0,0,0,0,0,0,0,400,400,400,0,0,0,0,400,400,400,100.000000,12800,24952,51.298493,10,10,10,10,404,4,0,4,400,24952,152,0,0,0,0,404,0,0,0,0,94,5888
3676,W3,1,1,0,0,0,0,0,0,0,0,0,400,400,400,0,0,0,0,400,400,400,100.000000,12800,24952,51.298493,10,10,10,10,404,4,0,4,400,24952,152,0,0,0,0,404,0,0,0,0,89,5888
3677,W3,1,1,0,0,0,0,0,0,0,0,0,400,400,400,0,0,0,0,400,400,400,100.000000,12800,24952,51.298493,10,10,10,10,404,4,0,4,400,24952,152,0,0,0,0,404,0,0,0,0,94,5888
3678,W3,1,1,0,0,0,0,0,0,0,0,0,400,400,400,0,0,0,0,400,400,400,100.000000,12800,24952,51.298493,10,10,10,10,404,4,0,4,400,24952,152,0,0,0,0,404,0,0,0,0,95,5888
3679,W3,1,1,0,0,0,0,0,0,0,0,0,400,400,400,0,0,0,0,400,400,400,100.000000,12800,24952,51.298493,10,10,10,10,404,4,0,4,400,24952,152,0,0,0,0,404,0,0,0,0,101,5888
3680,W3,1,1,0,0,0,0,0,0,0,0,0,400,400,400,0,0,0,0,400,400,400,100.000000,12800,24952,51.298493,10,10,10,10,404,4,0,4,400,24952,152,0,0,0,0,404,0,0,0,0,103,5888
3681,W3,1,1,0,0,0,0,0,0,0,0,0,400,400,400,0,0,0,0,400,400,400,100.000000,12800,24952,51.298493,10,10,10,10,404,4,0,4,400,24952,152,0,0,0,0,404,0,0,0,0,93,5888
3682,W3,1,1,0,0,0,0,0,0,0,0,0,400,400,400,0,0,0,0,400,400,400,100.000000,12800,24952,51.298493,10,10,10,10,404,4,0,4,400,24952,152,0,0,0,0,404,0,0,0,0,87,5888
3683,W3,1,1,0,0,0,0,0,0,0,0,0,400,400,400,0,0,0,0,400,400,400,100.000000,12800,24952,51.298493,10,10,10,10,404,4,0,4,400,24952,152,0,0,0,0,404,0,0,0,0,86,5888
3684,W3,1,1,0,0,0,0,0,0,0,0,0,400,400,400,0,0,0,0,400,400,400,100.000000,12800,24952,51.298493,10,10,10,10,404,4,0,4,400,24952,152,0,0,0,0,404,0,0,0,0,93,5888
3685,W3,1,1,0,0,0,0,0,0,0,0,0,400,400,400,0,0,0,0,400,400,400,100.000000,12800,24952,51.298493,10,10,10,10,404,4,0,4,400,24952,152,0,0,0,0,404,0,0,0,0,81,5888
3686,W3,1,1,0,0,0,0,0,0,0,0,0,400,400,400,0,0,0,0,400,400,400,100.000000,12800,24952,51.298493,10,10,10,10,404,4,0,4,400,24952,152,0,0,0,0,404,0,0,0,0,92,5888
3687,W3,1,1,0,0,0,0,0,0,0,0,0,400,400,400,0,0,0,0,400,400,400,100.000000,12800,24952,51.298493,10,10,10,10,404,4,0,4,400,24952,152,0,0,0,0,404,0,0,0,0,90,5888
3688,W3,1,1,0,0,0,0,0,0,0,0,0,400,400,400,0,0,0,0,400,400,400,100.000000,12800,24952,51.298493,10,10,10,10,404,4,0,4,400,24952,152,0,0,0,0,404,0,0,0,0,95,5888
3689,W3,1,1,0,0,0,0,0,0,0,0,0,400,400,400,0,0,0,0,400,400,400,100.000000,12800,24952,51.298493,10,10,10,10,404,4,0,4,400,24952,152,0,0,0,0,404,0,0,0,0,83,5888
3690,W3,1,1,0,0,0,0,0,0,0,0,0,400,400,400,0,0,0,0,400,400,400,100.000000,12800,24952,51.298493,10,10,10,10,404,4,0,4,400,24952,152,0,0,0,0,404,0,0,0,0,92,5888
3691,W3,1,1,0,0,0,0,0,0,0,0,0,400,400,400,0,0,0,0,400,400,400,100.000000,12800,24952,51.298493,10,10,10,10,404,4,0,4,400,24952,152,0,0,0,0,404,0,0,0,0,90,5888
3692,W3,1,1,0,0,0,0,0,0,0,0,0,400,400,400,0,0,0,0,400,400,400,100.000000,12800,24952,51.298493,10,10,10,10,404,4,0,4,400,24952,152,0,0,0,0,404,0,0,0,0,86,5888
3693,W3,1,1,0,0,0,0,0,0,0,0,0,400,400,400,0,0,0,0,400,400,400,100.000000,12800,24952,51.298493,10,10,10,10,404,4,0,4,400,24952,152,0,0,0,0,404,0,0,0,0,87,5888
3694,W3,1,1,0,0,0,0,0,0,0,0,0,400,400,400,0,0,0,0,400,400,400,100.000000,12800,24952,51.298493,10,10,10,10,404,4,0,4,400,24952,152,0,0,0,0,404,0,0,0,0,88,5888
3695,W3,1,1,0,0,0,0,0,0,0,0,0,400,400,400,0,0,0,0,400,400,400,100.000000,12800,24952,51.298493,10,10,10,10,404,4,0,4,400,24952,152,0,0,0,0,404,0,0,0,0,88,5888
3696,W3,1,1,0,0,0,0,0,0,0,0,0,400,400,400,0,0,0,0,400,400,400,100.000000,12800,24952,51.298493,10,10,10,10,404,4,0,4,400,24952,152,0,0,0,0,404,0,0,0,0,89,5888
3697,W3,1,1,0,0,0,0,0,0,0,0,0,400,400,400,0,0,0,0,400,400,400,100.000000,12800,24952,51.298493,10,10,10,10,404,4,0,4,400,24952,152,0,0,0,0,404,0,0,0,0,87,5888
3698,W3,1,1,0,0,0,0,0,0,0,0,0,400,400,400,0,0,0,0,400,400,400,100.000000,12800,24952,51.298493,10,10,10,10,404,4,0,4,400,24952,152,0,0,0,0,404,0,0,0,0,90,5888
3699,W3,1,1,0,0,0,0,0,0,0,0,0,400,400,400,0,0,0,0,400,400,400,100.000000,12800,24952,51.298493,10,10,10,10,404,4,0,4,400,24952,152,0,0,0,0,404,0,0,0,0,88,5888
3700,W3,1,1,0,0,0,0,0,0,0,0,0,400,400,400,0,0,0,0,400,400,400,100.000000,12800,24952,51.298493,10,10,10,10,404,4,0,4,400,24952,152,0,0,0,0,404,0,0,0,0,95,5888
3701,W3,1,1,0,0,0,0,0,0,0,0,0,400,400,400,0,0,0,0,400,400,400,100.000000,12800,24952,51.298493,10,10,10,10,404,4,0,4,400,24952,152,0,0,0,0,404,0,0,0,0,89,5888
3702,W3,1,1,0,0,0,0,0,0,0,0,0,400,400,400,0,0,0,0,400,400,400,100.000000,12800,24952,51.298493,10,10,10,10,404,4,0,4,400,24952,152,0,0,0,0,404,0,0,0,0,100,5888
3703,W3,1,1,0,0,0,0,0,0,0,0,0,400,400,400,0,0,0,0,400,400,400,100.000000,12800,24952,51.298493,10,10,10,10,404,4,0,4,400,24952,152,0,0,0,0,404,0,0,0,0,91,5888
3704,W3,1,1,0,0,0,0,0,0,0,0,0,400,400,400,0,0,0,0,400,400,400,100.000000,12800,24952,51.298493,10,10,10,10,404,4,0,4,400,24952,152,0,0,0,0,404,0,0,0,0,95,5888
3705,W3,1,1,0,0,0,0,0,0,0,0,0,400,400,400,0,0,0,0,400,400,400,100.000000,12800,24952,51.298493,10,10,10,10,404,4,0,4,400,24952,152,0,0,0,0,404,0,0,0,0,99,5888
3706,W3,1,1,0,0,0,0,0,0,0,0,0,400,400,400,0,0,0,0,400,400,400,100.000000,12800,24952,51.298493,10,10,10,10,404,4,0,4,400,24952,152,0,0,0,0,404,0,0,0,0,88,5888
3707,W3,1,1,0,0,0,0,0,0,0,0,0,400,400,400,0,0,0,0,400,400,400,100.000000,12800,24952,51.298493,10,10,10,10,404,4,0,4,400,24952,152,0,0,0,0,404,0,0,0,0,94,5888
3708,W3,1,1,0,0,0,0,0,0,0,0,0,400,400,400,0,0,0,0,400,400,400,100.000000,12800,24952,51.298493,10,10,10,10,404,4,0,4,400,24952,152,0,0,0,0,404,0,0,0,0,87,5888
3709,W3,1,1,0,0,0,0,0,0,0,0,0,400,400,400,0,0,0,0,400,400,400,100.000000,12800,24952,51.298493,10,10,10,10,404,4,0,4,400,24952,152,0,0,0,0,404,0,0,0,0,88,5888
3710,W3,1,1,0,0,0,0,0,0,0,0,0,400,400,400,0,0,0,0,400,400,400,100.000000,12800,24952,51.298493,10,10,10,10,404,4,0,4,400,24952,152,0,0,0,0,404,0,0,0,0,88,5888
3711,W3,1,1,0,0,0,0,0,0,0,0,0,400,400,400,0,0,0,0,400,400,400,100.000000,12800,24952,51.298493,10,10,10,10,404,4,0,4,400,24952,152,0,0,0,0,404,0,0,0,0,97,5888
3712,W3,1,1,0,0,0,0,0,0,0,0,0,400,400,400,0,0,0,0,400,400,400,100.000000,12800,24952,51.298493,10,10,10,10,404,4,0,4,400,24952,152,0,0,0,0,404,0,0,0,0,101,5888
3713,W3,1,1,0,0,0,0,0,0,0,0,0,400,400,400,0,0,0,0,400,400,400,100.000000,12800,24952,51.298493,10,10,10,10,404,4,0,4,400,24952,152,0,0,0,0,404,0,0,0,0,105,5888
3714,W3,1,1,0,0,0,0,0,0,0,0,0,400,400,400,0,0,0,0,400,400,400,100.000000,12800,24952,51.298493,10,10,10,10,404,4,0,4,400,24952,152,0,0,0,0,404,0,0,0,0,93,5888
3715,W3,1,1,0,0,0,0,0,0,0,0,0,400,400,400,0,0,0,0,400,400,400,100.000000,12800,24952,51.298493,10,10,10,10,404,4,0,4,400,24952,152,0,0,0,0,404,0,0,0,0,92,5888
3716,W3,1,1,0,0,0,0,0,0,0,0,0,400,400,400,0,0,0,0,400,400,400,100.000000,12800,24952,51.298493,10,10,10,10,404,4,0,4,400,24952,152,0,0,0,0,404,0,0,0,0,96,5888
3717,W3,1,1,0,0,0,0,0,0,0,0,0,400,400,400,0,0,0,0,400,400,400,100.000000,12800,24952,51.298493,10,10,10,10,404,4,0,4,400,24952,152,0,0,0,0,404,0,0,0,0,87,5888
3718,W3,1,1,0,0,0,0,0,0,0,0,0,400,400,400,0,0,0,0,400,400,400,100.000000,12800,24952,51.298493,10,10,10,10,404,4,0,4,400,24952,152,0,0,0,0,404,0,0,0,0,97,5888
3719,W3,1,1,0,0,0,0,0,0,0,0,0,400,400,400,0,0,0,0,400,400,400,100.000000,12800,24952,51.298493,10,10,10,10,404,4,0,4,400,24952,152,0,0,0,0,404,0,0,0,0,94,5888
3720,W3,1,1,0,0,0,0,0,0,0,0,0,400,400,400,0,0,0,0,400,400,400,100.000000,12800,24952,51.298493,10,10,10,10,404,4,0,4,400,24952,152,0,0,0,0,404,0,0,0,0,98,5888
3721,W3,1,1,0,0,0,0,0,0,0,0,0,400,400,400,0,0,0,0,400,400,400,100.000000,12800,24952,51.298493,10,10,10,10,404,4,0,4,400,24952,152,0,0,0,0,404,0,0,0,0,93,5888
3722,W3,1,1,0,0,0,0,0,0,0,0,0,400,400,400,0,0,0,0,400,400,400,100.000000,12800,24952,51.298493,10,10,10,10,404,4,0,4,400,24952,152,0,0,0,0,404,0,0,0,0,87,5888
3723,W3,1,1,0,0,0,0,0,0,0,0,0,400,400,400,0,0,0,0,400,400,400,100.000000,12800,24952,51.298493,10,10,10,10,404,4,0,4,400,24952,152,0,0,0,0,404,0,0,0,0,95,5888
3724,W3,1,1,0,0,0,0,0,0,0,0,0,400,400,400,0,0,0,0,400,400,400,100.000000,12800,24952,51.298493,10,10,10,10,404,4,0,4,400,24952,152,0,0,0,0,404,0,0,0,0,88,5888
3725,W3,1,1,0,0,0,0,0,0,0,0,0,400,400,400,0,0,0,0,400,400,400,100.000000,12800,24952,51.298493,10,10,10,10,404,4,0,4,400,24952,152,0,0,0,0,404,0,0,0,0,95,5888
3726,W3,1,1,0,0,0,0,0,0,0,0,0,400,400,400,0,0,0,0,400,400,400,100.000000,12800,24952,51.298493,10,10,10,10,404,4,0,4,400,24952,152,0,0,0,0,404,0,0,0,0,87,5888
3727,W3,1,1,0,0,0,0,0,0,0,0,0,400,400,400,0,0,0,0,400,400,400,100.000000,12800,24952,51.298493,10,10,10,10,404,4,0,4,400,24952,152,0,0,0,0,404,0,0,0,0,97,5888
3728,W3,1,1,0,0,0,0,0,0,0,0,0,400,400,400,0,0,0,0,400,400,400,100.000000,12800,24952,51.298493,10,10,10,10,404,4,0,4,400,24952,152,0,0,0,0,404,0,0,0,0,85,5888
3729,W3,1,1,0,0,0,0,0,0,0,0,0,400,400,400,0,0,0,0,400,400,400,100.000000,12800,24952,51.298493,10,10,10,10,404,4,0,4,400,24952,152,0,0,0,0,404,0,0,0,0,92,5888
3730,W3,1,1,0,0,0,0,0,0,0,0,0,400,400,400,0,0,0,0,400,400,400,100.000000,12800,24952,51.298493,10,10,10,10,404,4,0,4,400,24952,152,0,0,0,0,404,0,0,0,0,85,5888
3731,W3,1,1,0,0,0,0,0,0,0,0,0,400,400,400,0,0,0,0,400,400,400,100.000000,12800,24952,51.298493,10,10,10,10,404,4,0,4,400,24952,152,0,0,0,0,404,0,0,0,0,95,5888
3732,W3,1,1,0,0,0,0,0,0,0,0,0,400,400,400,0,0,0,0,400,400,400,100.000000,12800,24952,51.298493,10,10,10,10,404,4,0,4,400,24952,152,0,0,0,0,404,0,0,0,0,93,5888
3733,W3,1,1,0,0,0,0,0,0,0,0,0,400,400,400,0,0,0,0,400,400,400,100.000000,12800,24952,51.298493,10,10,10,10,404,4,0,4,400,24952,152,0,0,0,0,404,0,0,0,0,89,5888
3734,W3,1,1,0,0,0,0,0,0,0,0,0,400,400,400,0,0,0,0,400,400,400,100.000000,12800,24952,51.298493,10,10,10,10,404,4,0,4,400,24952,152,0,0,0,0,404,0,0,0,0,99,5888
3735,W3,1,1,0,0,0,0,0,0,0,0,0,400,400,400,0,0,0,0,400,400,400,100.000000,12800,24952,51.298493,10,10,10,10,404,4,0,4,400,24952,152,0,0,0,0,404,0,0,0,0,115,5888
3736,W3,1,1,0,0,0,0,0,0,0,0,0,400,400,400,0,0,0,0,400,400,400,100.000000,12800,24952,51.298493,10,10,10,10,404,4,0,4,400,24952,152,0,0,0,0,404,0,0,0,0,102,5888
3737,W3,1,1,0,0,0,0,0,0,0,0,0,400,400,400,0,0,0,0,400,400,400,100.000000,12800,24952,51.298493,10,10,10,10,404,4,0,4,400,24952,152,0,0,0,0,404,0,0,0,0,91,5888
3738,W3,1,1,0,0,0,0,0,0,0,0,0,400,400,400,0,0,0,0,400,400,400,100.000000,12800,24952,51.298493,10,10,10,10,404,4,0,4,400,24952,152,0,0,0,0,404,0,0,0,0,85,5888
3739,W3,1,1,0,0,0,0,0,0,0,0,0,400,400,400,0,0,0,0,400,400,400,100.000000,12800,24952,51.298493,10,10,10,10,404,4,0,4,400,24952,152,0,0,0,0,404,0,0,0,0,92,5888
3740,W3,1,1,0,0,0,0,0,0,0,0,0,400,400,400,0,0,0,0,400,400,400,100.000000,12800,24952,51.298493,10,10,10,10,404,4,0,4,400,24952,152,0,0,0,0,404,0,0,0,0,88,5888
3741,W3,1,1,0,0,0,0,0,0,0,0,0,400,400,400,0,0,0,0,400,400,400,100.000000,12800,24952,51.298493,10,10,10,10,404,4,0,4,400,24952,152,0,0,0,0,404,0,0,0,0,91,5888
3742,W3,1,1,0,0,0,0,0,0,0,0,0,400,400,400,0,0,0,0,400,400,400,100.000000,12800,24952,51.298493,10,10,10,10,404,4,0,4,400,24952,152,0,0,0,0,404,0,0,0,0,94,5888
3743,W3,1,1,0,0,0,0,0,0,0,0,0,400,400,400,0,0,0,0,400,400,400,100.000000,12800,24952,51.298493,10,10,10,10,404,4,0,4,400,24952,152,0,0,0,0,404,0,0,0,0,100,5888
3744,W3,1,1,0,0,0,0,0,0,0,0,0,400,400,400,0,0,0,0,400,400,400,100.000000,12800,24952,51.298493,10,10,10,10,404,4,0,4,400,24952,152,0,0,0,0,404,0,0,0,0,93,5888
3745,W3,1,1,0,0,0,0,0,0,0,0,0,400,400,400,0,0,0,0,400,400,400,100.000000,12800,24952,51.298493,10,10,10,10,404,4,0,4,400,24952,152,0,0,0,0,404,0,0,0,0,95,5888
3746,W3,1,1,0,0,0,0,0,0,0,0,0,400,400,400,0,0,0,0,400,400,400,100.000000,12800,24952,51.298493,10,10,10,10,404,4,0,4,400,24952,152,0,0,0,0,404,0,0,0,0,92,5888
3747,W3,1,1,0,0,0,0,0,0,0,0,0,400,400,400,0,0,0,0,400,400,400,100.000000,12800,24952,51.298493,10,10,10,10,404,4,0,4,400,24952,152,0,0,0,0,404,0,0,0,0,87,5888
3748,W3,1,1,0,0,0,0,0,0,0,0,0,400,400,400,0,0,0,0,400,400,400,100.000000,12800,24952,51.298493,10,10,10,10,404,4,0,4,400,24952,152,0,0,0,0,404,0,0,0,0,90,5888
3749,W3,1,1,0,0,0,0,0,0,0,0,0,400,400,400,0,0,0,0,400,400,400,100.000000,12800,24952,51.298493,10,10,10,10,404,4,0,4,400,24952,152,0,0,0,0,404,0,0,0,0,89,5888
3750,W3,1,1,0,0,0,0,0,0,0,0,0,400,400,400,0,0,0,0,400,400,400,100.000000,12800,24952,51.298493,10,10,10,10,404,4,0,4,400,24952,152,0,0,0,0,404,0,0,0,0,91,5888
3751,W3,1,1,0,0,0,0,0,0,0,0,0,400,400,400,0,0,0,0,400,400,400,100.000000,12800,24952,51.298493,10,10,10,10,404,4,0,4,400,24952,152,0,0,0,0,404,0,0,0,0,105,5888
3752,W3,1,1,0,0,0,0,0,0,0,0,0,400,400,400,0,0,0,0,400,400,400,100.000000,12800,24952,51.298493,10,10,10,10,404,4,0,4,400,24952,152,0,0,0,0,404,0,0,0,0,99,5888
3753,W3,1,1,0,0,0,0,0,0,0,0,0,400,400,400,0,0,0,0,400,400,400,100.000000,12800,24952,51.298493,10,10,10,10,404,4,0,4,400,24952,152,0,0,0,0,404,0,0,0,0,90,5888
3754,W3,1,1,0,0,0,0,0,0,0,0,0,400,400,400,0,0,0,0,400,400,400,100.000000,12800,24952,51.298493,10,10,10,10,404,4,0,4,400,24952,152,0,0,0,0,404,0,0,0,0,93,5888
3755,W3,1,1,0,0,0,0,0,0,0,0,0,400,400,400,0,0,0,0,400,400,400,100.000000,12800,24952,51.298493,10,10,10,10,404,4,0,4,400,24952,152,0,0,0,0,404,0,0,0,0,126,5888
3756,W3,1,1,0,0,0,0,0,0,0,0,0,400,400,400,0,0,0,0,400,400,400,100.000000,12800,24952,51.298493,10,10,10,10,404,4,0,4,400,24952,152,0,0,0,0,404,0,0,0,0,86,5888
3757,W3,1,1,0,0,0,0,0,0,0,0,0,400,400,400,0,0,0,0,400,400,400,100.000000,12800,24952,51.298493,10,10,10,10,404,4,0,4,400,24952,152,0,0,0,0,404,0,0,0,0,86,5888
3758,W3,1,1,0,0,0,0,0,0,0,0,0,400,400,400,0,0,0,0,400,400,400,100.000000,12800,24952,51.298493,10,10,10,10,404,4,0,4,400,24952,152,0,0,0,0,404,0,0,0,0,107,5888
3759,W3,1,1,0,0,0,0,0,0,0,0,0,400,400,400,0,0,0,0,400,400,400,100.000000,12800,24952,51.298493,10,10,10,10,404,4,0,4,400,24952,152,0,0,0,0,404,0,0,0,0,99,5888
3760,W3,1,1,0,0,0,0,0,0,0,0,0,400,400,400,0,0,0,0,400,400,400,100.000000,12800,24952,51.298493,10,10,10,10,404,4,0,4,400,24952,152,0,0,0,0,404,0,0,0,0,98,5888
3761,W3,1,1,0,0,0,0,0,0,0,0,0,400,400,400,0,0,0,0,400,400,400,100.000000,12800,24952,51.298493,10,10,10,10,404,4,0,4,400,24952,152,0,0,0,0,404,0,0,0,0,90,5888
3762,W3,1,1,0,0,0,0,0,0,0,0,0,400,400,400,0,0,0,0,400,400,400,100.000000,12800,24952,51.298493,10,10,10,10,404,4,0,4,400,24952,152,0,0,0,0,404,0,0,0,0,87,5888
3763,W3,1,1,0,0,0,0,0,0,0,0,0,400,400,400,0,0,0,0,400,400,400,100.000000,12800,24952,51.298493,10,10,10,10,404,4,0,4,400,24952,152,0,0,0,0,404,0,0,0,0,91,5888
3764,W3,1,1,0,0,0,0,0,0,0,0,0,400,400,400,0,0,0,0,400,400,400,100.000000,12800,24952,51.298493,10,10,10,10,404,4,0,4,400,24952,152,0,0,0,0,404,0,0,0,0,92,5888
3765,W3,1,1,0,0,0,0,0,0,0,0,0,400,400,400,0,0,0,0,400,400,400,100.000000,12800,24952,51.298493,10,10,10,10,404,4,0,4,400,24952,152,0,0,0,0,404,0,0,0,0,108,5888
3766,W3,1,1,0,0,0,0,0,0,0,0,0,400,400,400,0,0,0,0,400,400,400,100.000000,12800,24952,51.298493,10,10,10,10,404,4,0,4,400,24952,152,0,0,0,0,404,0,0,0,0,90,5888
3767,W3,1,1,0,0,0,0,0,0,0,0,0,400,400,400,0,0,0,0,400,400,400,100.000000,12800,24952,51.298493,10,10,10,10,404,4,0,4,400,24952,152,0,0,0,0,404,0,0,0,0,87,5888
3768,W3,1,1,0,0,0,0,0,0,0,0,0,400,400,400,0,0,0,0,400,400,400,100.000000,12800,24952,51.298493,10,10,10,10,404,4,0,4,400,24952,152,0,0,0,0,404,0,0,0,0,102,5888
3769,W3,1,1,0,0,0,0,0,0,0,0,0,400,400,400,0,0,0,0,400,400,400,100.000000,12800,24952,51.298493,10,10,10,10,404,4,0,4,400,24952,152,0,0,0,0,404,0,0,0,0,116,5888
3770,W3,1,1,0,0,0,0,0,0,0,0,0,400,400,400,0,0,0,0,400,400,400,100.000000,12800,24952,51.298493,10,10,10,10,404,4,0,4,400,24952,152,0,0,0,0,404,0,0,0,0,125,5888
3771,W3,1,1,0,0,0,0,0,0,0,0,0,400,400,400,0,0,0,0,400,400,400,100.000000,12800,24952,51.298493,10,10,10,10,404,4,0,4,400,24952,152,0,0,0,0,404,0,0,0,0,98,5888
3772,W3,1,1,0,0,0,0,0,0,0,0,0,400,400,400,0,0,0,0,400,400,400,100.000000,12800,24952,51.298493,10,10,10,10,404,4,0,4,400,24952,152,0,0,0,0,404,0,0,0,0,85,5888
3773,W3,1,1,0,0,0,0,0,0,0,0,0,400,400,400,0,0,0,0,400,400,400,100.000000,12800,24952,51.298493,10,10,10,10,404,4,0,4,400,24952,152,0,0,0,0,404,0,0,0,0,87,5888
3774,W3,1,1,0,0,0,0,0,0,0,0,0,400,400,400,0,0,0,0,400,400,400,100.000000,12800,24952,51.298493,10,10,10,10,404,4,0,4,400,24952,152,0,0,0,0,404,0,0,0,0,90,5888
3775,W3,1,1,0,0,0,0,0,0,0,0,0,400,400,400,0,0,0,0,400,400,400,100.000000,12800,24952,51.298493,10,10,10,10,404,4,0,4,400,24952,152,0,0,0,0,404,0,0,0,0,97,5888
3776,W3,1,1,0,0,0,0,0,0,0,0,0,400,400,400,0,0,0,0,400,400,400,100.000000,12800,24952,51.298493,10,10,10,10,404,4,0,4,400,24952,152,0,0,0,0,404,0,0,0,0,85,5888
3777,W3,1,1,0,0,0,0,0,0,0,0,0,400,400,400,0,0,0,0,400,400,400,100.000000,12800,24952,51.298493,10,10,10,10,404,4,0,4,400,24952,152,0,0,0,0,404,0,0,0,0,101,5888
3778,W3,1,1,0,0,0,0,0,0,0,0,0,400,400,400,0,0,0,0,400,400,400,100.000000,12800,24952,51.298493,10,10,10,10,404,4,0,4,400,24952,152,0,0,0,0,404,0,0,0,0,84,5888
3779,W3,1,1,0,0,0,0,0,0,0,0,0,400,400,400,0,0,0,0,400,400,400,100.000000,12800,24952,51.298493,10,10,10,10,404,4,0,4,400,24952,152,0,0,0,0,404,0,0,0,0,87,5888
3780,W3,1,1,0,0,0,0,0,0,0,0,0,400,400,400,0,0,0,0,400,400,400,100.000000,12800,24952,51.298493,10,10,10,10,404,4,0,4,400,24952,152,0,0,0,0,404,0,0,0,0,87,5888
3781,W3,1,1,0,0,0,0,0,0,0,0,0,400,400,400,0,0,0,0,400,400,400,100.000000,12800,24952,51.298493,10,10,10,10,404,4,0,4,400,24952,152,0,0,0,0,404,0,0,0,0,85,5888
3782,W3,1,1,0,0,0,0,0,0,0,0,0,400,400,400,0,0,0,0,400,400,400,100.000000,12800,24952,51.298493,10,10,10,10,404,4,0,4,400,24952,152,0,0,0,0,404,0,0,0,0,91,5888
3783,W3,1,1,0,0,0,0,0,0,0,0,0,400,400,400,0,0,0,0,400,400,400,100.000000,12800,24952,51.298493,10,10,10,10,404,4,0,4,400,24952,152,0,0,0,0,404,0,0,0,0,79,5888
3784,W3,1,1,0,0,0,0,0,0,0,0,0,400,400,400,0,0,0,0,400,400,400,100.000000,12800,24952,51.298493,10,10,10,10,404,4,0,4,400,24952,152,0,0,0,0,404,0,0,0,0,139,5888
3785,W3,1,1,0,0,0,0,0,0,0,0,0,400,400,400,0,0,0,0,400,400,400,100.000000,12800,24952,51.298493,10,10,10,10,404,4,0,4,400,24952,152,0,0,0,0,404,0,0,0,0,86,5888
3786,W3,1,1,0,0,0,0,0,0,0,0,0,400,400,400,0,0,0,0,400,400,400,100.000000,12800,24952,51.298493,10,10,10,10,404,4,0,4,400,24952,152,0,0,0,0,404,0,0,0,0,99,5888
3787,W3,1,1,0,0,0,0,0,0,0,0,0,400,400,400,0,0,0,0,400,400,400,100.000000,12800,24952,51.298493,10,10,10,10,404,4,0,4,400,24952,152,0,0,0,0,404,0,0,0,0,81,5888
3788,W3,1,1,0,0,0,0,0,0,0,0,0,400,400,400,0,0,0,0,400,400,400,100.000000,12800,24952,51.298493,10,10,10,10,404,4,0,4,400,24952,152,0,0,0,0,404,0,0,0,0,87,5888
3789,W3,1,1,0,0,0,0,0,0,0,0,0,400,400,400,0,0,0,0,400,400,400,100.000000,12800,24952,51.298493,10,10,10,10,404,4,0,4,400,24952,152,0,0,0,0,404,0,0,0,0,91,5888
3790,W3,1,1,0,0,0,0,0,0,0,0,0,400,400,400,0,0,0,0,400,400,400,100.000000,12800,24952,51.298493,10,10,10,10,404,4,0,4,400,24952,152,0,0,0,0,404,0,0,0,0,87,5888
3791,W3,1,1,0,0,0,0,0,0,0,0,0,400,400,400,0,0,0,0,400,400,400,100.000000,12800,24952,51.298493,10,10,10,10,404,4,0,4,400,24952,152,0,0,0,0,404,0,0,0,0,94,5888
3792,W3,1,1,0,0,0,0,0,0,0,0,0,400,400,400,0,0,0,0,400,400,400,100.000000,12800,24952,51.298493,10,10,10,10,404,4,0,4,400,24952,152,0,0,0,0,404,0,0,0,0,89,5888
3793,W3,1,1,0,0,0,0,0,0,0,0,0,400,400,400,0,0,0,0,400,400,400,100.000000,12800,24952,51.298493,10,10,10,10,404,4,0,4,400,24952,152,0,0,0,0,404,0,0,0,0,91,5888
3794,W3,1,1,0,0,0,0,0,0,0,0,0,400,400,400,0,0,0,0,400,400,400,100.000000,12800,24952,51.298493,10,10,10,10,404,4,0,4,400,24952,152,0,0,0,0,404,0,0,0,0,94,5888
3795,W3,1,1,0,0,0,0,0,0,0,0,0,400,400,400,0,0,0,0,400,400,400,100.000000,12800,24952,51.298493,10,10,10,10,404,4,0,4,400,24952,152,0,0,0,0,404,0,0,0,0,95,5888
3796,W3,1,1,0,0,0,0,0,0,0,0,0,400,400,400,0,0,0,0,400,400,400,100.000000,12800,24952,51.298493,10,10,10,10,404,4,0,4,400,24952,152,0,0,0,0,404,0,0,0,0,92,5888
3797,W3,1,1,0,0,0,0,0,0,0,0,0,400,400,400,0,0,0,0,400,400,400,100.000000,12800,24952,51.298493,10,10,10,10,404,4,0,4,400,24952,152,0,0,0,0,404,0,0,0,0,88,5888
3798,W3,1,1,0,0,0,0,0,0,0,0,0,400,400,400,0,0,0,0,400,400,400,100.000000,12800,24952,51.298493,10,10,10,10,404,4,0,4,400,24952,152,0,0,0,0,404,0,0,0,0,89,5888
3799,W3,1,1,0,0,0,0,0,0,0,0,0,400,400,400,0,0,0,0,400,400,400,100.000000,12800,24952,51.298493,10,10,10,10,404,4,0,4,400,24952,152,0,0,0,0,404,0,0,0,0,109,5888
3800,W3,1,1,0,0,0,0,0,0,0,0,0,400,400,400,0,0,0,0,400,400,400,100.000000,12800,24952,51.298493,10,10,10,10,404,4,0,4,400,24952,152,0,0,0,0,404,0,0,0,0,93,5888
3801,W3,1,1,0,0,0,0,0,0,0,0,0,400,400,400,0,0,0,0,400,400,400,100.000000,12800,24952,51.298493,10,10,10,10,404,4,0,4,400,24952,152,0,0,0,0,404,0,0,0,0,91,5888
3802,W3,1,1,0,0,0,0,0,0,0,0,0,400,400,400,0,0,0,0,400,400,400,100.000000,12800,24952,51.298493,10,10,10,10,404,4,0,4,400,24952,152,0,0,0,0,404,0,0,0,0,88,5888
3803,W3,1,1,0,0,0,0,0,0,0,0,0,400,400,400,0,0,0,0,400,400,400,100.000000,12800,24952,51.298493,10,10,10,10,404,4,0,4,400,24952,152,0,0,0,0,404,0,0,0,0,94,5888
3804,W3,1,1,0,0,0,0,0,0,0,0,0,400,400,400,0,0,0,0,400,400,400,100.000000,12800,24952,51.298493,10,10,10,10,404,4,0,4,400,24952,152,0,0,0,0,404,0,0,0,0,95,5888
3805,W3,1,1,0,0,0,0,0,0,0,0,0,400,400,400,0,0,0,0,400,400,400,100.000000,12800,24952,51.298493,10,10,10,10,404,4,0,4,400,24952,152,0,0,0,0,404,0,0,0,0,85,5888
3806,W3,1,1,0,0,0,0,0,0,0,0,0,400,400,400,0,0,0,0,400,400,400,100.000000,12800,24952,51.298493,10,10,10,10,404,4,0,4,400,24952,152,0,0,0,0,404,0,0,0,0,92,5888
3807,W3,1,1,0,0,0,0,0,0,0,0,0,400,400,400,0,0,0,0,400,400,400,100.000000,12800,24952,51.298493,10,10,10,10,404,4,0,4,400,24952,152,0,0,0,0,404,0,0,0,0,91,5888
3808,W3,1,1,0,0,0,0,0,0,0,0,0,400,400,400,0,0,0,0,400,400,400,100.000000,12800,24952,51.298493,10,10,10,10,404,4,0,4,400,24952,152,0,0,0,0,404,0,0,0,0,91,5888
3809,W3,1,1,0,0,0,0,0,0,0,0,0,400,400,400,0,0,0,0,400,400,400,100.000000,12800,24952,51.298493,10,10,10,10,404,4,0,4,400,24952,152,0,0,0,0,404,0,0,0,0,101,5888
3810,W3,1,1,0,0,0,0,0,0,0,0,0,400,400,400,0,0,0,0,400,400,400,100.000000,12800,24952,51.298493,10,10,10,10,404,4,0,4,400,24952,152,0,0,0,0,404,0,0,0,0,90,5888
3811,W3,1,1,0,0,0,0,0,0,0,0,0,400,400,400,0,0,0,0,400,400,400,100.000000,12800,24952,51.298493,10,10,10,10,404,4,0,4,400,24952,152,0,0,0,0,404,0,0,0,0,88,5888
3812,W3,1,1,0,0,0,0,0,0,0,0,0,400,400,400,0,0,0,0,400,400,400,100.000000,12800,24952,51.298493,10,10,10,10,404,4,0,4,400,24952,152,0,0,0,0,404,0,0,0,0,90,5888
3813,W3,1,1,0,0,0,0,0,0,0,0,0,400,400,400,0,0,0,0,400,400,400,100.000000,12800,24952,51.298493,10,10,10,10,404,4,0,4,400,24952,152,0,0,0,0,404,0,0,0,0,119,5888
3814,W3,1,1,0,0,0,0,0,0,0,0,0,400,400,400,0,0,0,0,400,400,400,100.000000,12800,24952,51.298493,10,10,10,10,404,4,0,4,400,24952,152,0,0,0,0,404,0,0,0,0,112,5888
3815,W3,1,1,0,0,0,0,0,0,0,0,0,400,400,400,0,0,0,0,400,400,400,100.000000,12800,24952,51.298493,10,10,10,10,404,4,0,4,400,24952,152,0,0,0,0,404,0,0,0,0,84,5888
3816,W3,1,1,0,0,0,0,0,0,0,0,0,400,400,400,0,0,0,0,400,400,400,100.000000,12800,24952,51.298493,10,10,10,10,404,4,0,4,400,24952,152,0,0,0,0,404,0,0,0,0,94,5888
3817,W3,1,1,0,0,0,0,0,0,0,0,0,400,400,400,0,0,0,0,400,400,400,100.000000,12800,24952,51.298493,10,10,10,10,404,4,0,4,400,24952,152,0,0,0,0,404,0,0,0,0,93,5888
3818,W3,1,1,0,0,0,0,0,0,0,0,0,400,400,400,0,0,0,0,400,400,400,100.000000,12800,24952,51.298493,10,10,10,10,404,4,0,4,400,24952,152,0,0,0,0,404,0,0,0,0,93,5888
3819,W3,1,1,0,0,0,0,0,0,0,0,0,400,400,400,0,0,0,0,400,400,400,100.000000,12800,24952,51.298493,10,10,10,10,404,4,0,4,400,24952,152,0,0,0,0,404,0,0,0,0,85,5888
3820,W3,1,1,0,0,0,0,0,0,0,0,0,400,400,400,0,0,0,0,400,400,400,100.000000,12800,24952,51.298493,10,10,10,10,404,4,0,4,400,24952,152,0,0,0,0,404,0,0,0,0,93,5888
3821,W3,1,1,0,0,0,0,0,0,0,0,0,400,400,400,0,0,0,0,400,400,400,100.000000,12800,24952,51.298493,10,10,10,10,404,4,0,4,400,24952,152,0,0,0,0,404,0,0,0,0,89,5888
3822,W3,1,1,0,0,0,0,0,0,0,0,0,400,400,400,0,0,0,0,400,400,400,100.000000,12800,24952,51.298493,10,10,10,10,404,4,0,4,400,24952,152,0,0,0,0,404,0,0,0,0,94,5888
3823,W3,1,1,0,0,0,0,0,0,0,0,0,400,400,400,0,0,0,0,400,400,400,100.000000,12800,24952,51.298493,10,10,10,10,404,4,0,4,400,24952,152,0,0,0,0,404,0,0,0,0,95,5888
3824,W3,1,1,0,0,0,0,0,0,0,0,0,400,400,400,0,0,0,0,400,400,400,100.000000,12800,24952,51.298493,10,10,10,10,404,4,0,4,400,24952,152,0,0,0,0,404,0,0,0,0,86,5888
3825,W3,1,1,0,0,0,0,0,0,0,0,0,400,400,400,0,0,0,0,400,400,400,100.000000,12800,24952,51.298493,10,10,10,10,404,4,0,4,400,24952,152,0,0,0,0,404,0,0,0,0,100,5888
3826,W3,1,1,0,0,0,0,0,0,0,0,0,400,400,400,0,0,0,0,400,400,400,100.000000,12800,24952,51.298493,10,10,10,10,404,4,0,4,400,24952,152,0,0,0,0,404,0,0,0,0,89,5888
3827,W3,1,1,0,0,0,0,0,0,0,0,0,400,400,400,0,0,0,0,400,400,400,100.000000,12800,24952,51.298493,10,10,10,10,404,4,0,4,400,24952,152,0,0,0,0,404,0,0,0,0,89,5888
3828,W3,1,1,0,0,0,0,0,0,0,0,0,400,400,400,0,0,0,0,400,400,400,100.000000,12800,24952,51.298493,10,10,10,10,404,4,0,4,400,24952,152,0,0,0,0,404,0,0,0,0,93,5888
3829,W3,1,1,0,0,0,0,0,0,0,0,0,400,400,400,0,0,0,0,400,400,400,100.000000,12800,24952,51.298493,10,10,10,10,404,4,0,4,400,24952,152,0,0,0,0,404,0,0,0,0,91,5888
3830,W3,1,1,0,0,0,0,0,0,0,0,0,400,400,400,0,0,0,0,400,400,400,100.000000,12800,24952,51.298493,10,10,10,10,404,4,0,4,400,24952,152,0,0,0,0,404,0,0,0,0,93,5888
3831,W3,1,1,0,0,0,0,0,0,0,0,0,400,400,400,0,0,0,0,400,400,400,100.000000,12800,24952,51.298493,10,10,10,10,404,4,0,4,400,24952,152,0,0,0,0,404,0,0,0,0,86,5888
3832,W3,1,1,0,0,0,0,0,0,0,0,0,400,400,400,0,0,0,0,400,400,400,100.000000,12800,24952,51.298493,10,10,10,10,404,4,0,4,400,24952,152,0,0,0,0,404,0,0,0,0,105,5888
3833,W3,1,1,0,0,0,0,0,0,0,0,0,400,400,400,0,0,0,0,400,400,400,100.000000,12800,24952,51.298493,10,10,10,10,404,4,0,4,400,24952,152,0,0,0,0,404,0,0,0,0,84,5888
3834,W3,1,1,0,0,0,0,0,0,0,0,0,400,400,400,0,0,0,0,400,400,400,100.000000,12800,24952,51.298493,10,10,10,10,404,4,0,4,400,24952,152,0,0,0,0,404,0,0,0,0,91,5888
3835,W3,1,1,0,0,0,0,0,0,0,0,0,400,400,400,0,0,0,0,400,400,400,100.000000,12800,24952,51.298493,10,10,10,10,404,4,0,4,400,24952,152,0,0,0,0,404,0,0,0,0,97,5888
3836,W3,1,1,0,0,0,0,0,0,0,0,0,400,400,400,0,0,0,0,400,400,400,100.000000,12800,24952,51.298493,10,10,10,10,404,4,0,4,400,24952,152,0,0,0,0,404,0,0,0,0,86,5888
3837,W3,1,1,0,0,0,0,0,0,0,0,0,400,400,400,0,0,0,0,400,400,400,100.000000,12800,24952,51.298493,10,10,10,10,404,4,0,4,400,24952,152,0,0,0,0,404,0,0,0,0,86,5888
3838,W3,1,1,0,0,0,0,0,0,0,0,0,400,400,400,0,0,0,0,400,400,400,100.000000,12800,24952,51.298493,10,10,10,10,404,4,0,4,400,24952,152,0,0,0,0,404,0,0,0,0,96,5888
3839,W3,1,1,0,0,0,0,0,0,0,0,0,400,400,400,0,0,0,0,400,400,400,100.000000,12800,24952,51.298493,10,10,10,10,404,4,0,4,400,24952,152,0,0,0,0,404,0,0,0,0,96,5888
3840,W3,1,1,0,0,0,0,0,0,0,0,0,400,400,400,0,0,0,0,400,400,400,100.000000,12800,24952,51.298493,10,10,10,10,404,4,0,4,400,24952,152,0,0,0,0,404,0,0,0,0,128,5888
3841,W3,1,1,0,0,0,0,0,0,0,0,0,400,400,400,0,0,0,0,400,400,400,100.000000,12800,24952,51.298493,10,10,10,10,404,4,0,4,400,24952,152,0,0,0,0,404,0,0,0,0,90,5888
3842,W3,1,1,0,0,0,0,0,0,0,0,0,400,400,400,0,0,0,0,400,400,400,100.000000,12800,24952,51.298493,10,10,10,10,404,4,0,4,400,24952,152,0,0,0,0,404,0,0,0,0,91,5888
3843,W3,1,1,0,0,0,0,0,0,0,0,0,400,400,400,0,0,0,0,400,400,400,100.000000,12800,24952,51.298493,10,10,10,10,404,4,0,4,400,24952,152,0,0,0,0,404,0,0,0,0,91,5888
3844,W3,1,1,0,0,0,0,0,0,0,0,0,400,400,400,0,0,0,0,400,400,400,100.000000,12800,24952,51.298493,10,10,10,10,404,4,0,4,400,24952,152,0,0,0,0,404,0,0,0,0,91,5888
3845,W3,1,1,0,0,0,0,0,0,0,0,0,400,400,400,0,0,0,0,400,400,400,100.000000,12800,24952,51.298493,10,10,10,10,404,4,0,4,400,24952,152,0,0,0,0,404,0,0,0,0,83,5888
3846,W3,1,1,0,0,0,0,0,0,0,0,0,400,400,400,0,0,0,0,400,400,400,100.000000,12800,24952,51.298493,10,10,10,10,404,4,0,4,400,24952,152,0,0,0,0,404,0,0,0,0,97,5888
3847,W3,1,1,0,0,0,0,0,0,0,0,0,400,400,400,0,0,0,0,400,400,400,100.000000,12800,24952,51.298493,10,10,10,10,404,4,0,4,400,24952,152,0,0,0,0,404,0,0,0,0,85,5888
3848,W3,1,1,0,0,0,0,0,0,0,0,0,400,400,400,0,0,0,0,400,400,400,100.000000,12800,24952,51.298493,10,10,10,10,404,4,0,4,400,24952,152,0,0,0,0,404,0,0,0,0,95,5888
3849,W3,1,1,0,0,0,0,0,0,0,0,0,400,400,400,0,0,0,0,400,400,400,100.000000,12800,24952,51.298493,10,10,10,10,404,4,0,4,400,24952,152,0,0,0,0,404,0,0,0,0,85,5888
3850,W3,1,1,0,0,0,0,0,0,0,0,0,400,400,400,0,0,0,0,400,400,400,100.000000,12800,24952,51.298493,10,10,10,10,404,4,0,4,400,24952,152,0,0,0,0,404,0,0,0,0,89,5888
3851,W3,1,1,0,0,0,0,0,0,0,0,0,400,400,400,0,0,0,0,400,400,400,100.000000,12800,24952,51.298493,10,10,10,10,404,4,0,4,400,24952,152,0,0,0,0,404,0,0,0,0,108,5888
3852,W3,1,1,0,0,0,0,0,0,0,0,0,400,400,400,0,0,0,0,400,400,400,100.000000,12800,24952,51.298493,10,10,10,10,404,4,0,4,400,24952,152,0,0,0,0,404,0,0,0,0,99,5888
3853,W3,1,1,0,0,0,0,0,0,0,0,0,400,400,400,0,0,0,0,400,400,400,100.000000,12800,24952,51.298493,10,10,10,10,404,4,0,4,400,24952,152,0,0,0,0,404,0,0,0,0,91,5888
3854,W3,1,1,0,0,0,0,0,0,0,0,0,400,400,400,0,0,0,0,400,400,400,100.000000,12800,24952,51.298493,10,10,10,10,404,4,0,4,400,24952,152,0,0,0,0,404,0,0,0,0,84,5888
3855,W3,1,1,0,0,0,0,0,0,0,0,0,400,400,400,0,0,0,0,400,400,400,100.000000,12800,24952,51.298493,10,10,10,10,404,4,0,4,400,24952,152,0,0,0,0,404,0,0,0,0,117,5888
3856,W3,1,1,0,0,0,0,0,0,0,0,0,400,400,400,0,0,0,0,400,400,400,100.000000,12800,24952,51.298493,10,10,10,10,404,4,0,4,400,24952,152,0,0,0,0,404,0,0,0,0,124,5888
3857,W3,1,1,0,0,0,0,0,0,0,0,0,400,400,400,0,0,0,0,400,400,400,100.000000,12800,24952,51.298493,10,10,10,10,404,4,0,4,400,24952,152,0,0,0,0,404,0,0,0,0,98,5888
3858,W3,1,1,0,0,0,0,0,0,0,0,0,400,400,400,0,0,0,0,400,400,400,100.000000,12800,24952,51.298493,10,10,10,10,404,4,0,4,400,24952,152,0,0,0,0,404,0,0,0,0,89,5888
3859,W3,1,1,0,0,0,0,0,0,0,0,0,400,400,400,0,0,0,0,400,400,400,100.000000,12800,24952,51.298493,10,10,10,10,404,4,0,4,400,24952,152,0,0,0,0,404,0,0,0,0,92,5888
3860,W3,1,1,0,0,0,0,0,0,0,0,0,400,400,400,0,0,0,0,400,400,400,100.000000,12800,24952,51.298493,10,10,10,10,404,4,0,4,400,24952,152,0,0,0,0,404,0,0,0,0,89,5888
3861,W3,1,1,0,0,0,0,0,0,0,0,0,400,400,400,0,0,0,0,400,400,400,100.000000,12800,24952,51.298493,10,10,10,10,404,4,0,4,400,24952,152,0,0,0,0,404,0,0,0,0,95,5888
3862,W3,1,1,0,0,0,0,0,0,0,0,0,400,400,400,0,0,0,0,400,400,400,100.000000,12800,24952,51.298493,10,10,10,10,404,4,0,4,400,24952,152,0,0,0,0,404,0,0,0,0,110,5888
3863,W3,1,1,0,0,0,0,0,0,0,0,0,400,400,400,0,0,0,0,400,400,400,100.000000,12800,24952,51.298493,10,10,10,10,404,4,0,4,400,24952,152,0,0,0,0,404,0,0,0,0,84,5888
3864,W3,1,1,0,0,0,0,0,0,0,0,0,400,400,400,0,0,0,0,400,400,400,100.000000,12800,24952,51.298493,10,10,10,10,404,4,0,4,400,24952,152,0,0,0,0,404,0,0,0,0,101,5888
3865,W3,1,1,0,0,0,0,0,0,0,0,0,400,400,400,0,0,0,0,400,400,400,100.000000,12800,24952,51.298493,10,10,10,10,404,4,0,4,400,24952,152,0,0,0,0,404,0,0,0,0,114,5888
3866,W3,1,1,0,0,0,0,0,0,0,0,0,400,400,400,0,0,0,0,400,400,400,100.000000,12800,24952,51.298493,10,10,10,10,404,4,0,4,400,24952,152,0,0,0,0,404,0,0,0,0,92,5888
3867,W3,1,1,0,0,0,0,0,0,0,0,0,400,400,400,0,0,0,0,400,400,400,100.000000,12800,24952,51.298493,10,10,10,10,404,4,0,4,400,24952,152,0,0,0,0,404,0,0,0,0,105,5888
3868,W3,1,1,0,0,0,0,0,0,0,0,0,400,400,400,0,0,0,0,400,400,400,100.000000,12800,24952,51.298493,10,10,10,10,404,4,0,4,400,24952,152,0,0,0,0,404,0,0,0,0,92,5888
3869,W3,1,1,0,0,0,0,0,0,0,0,0,400,400,400,0,0,0,0,400,400,400,100.000000,12800,24952,51.298493,10,10,10,10,404,4,0,4,400,24952,152,0,0,0,0,404,0,0,0,0,95,5888
3870,W3,1,1,0,0,0,0,0,0,0,0,0,400,400,400,0,0,0,0,400,400,400,100.000000,12800,24952,51.298493,10,10,10,10,404,4,0,4,400,24952,152,0,0,0,0,404,0,0,0,0,86,5888
3871,W3,1,1,0,0,0,0,0,0,0,0,0,400,400,400,0,0,0,0,400,400,400,100.000000,12800,24952,51.298493,10,10,10,10,404,4,0,4,400,24952,152,0,0,0,0,404,0,0,0,0,93,5888
3872,W3,1,1,0,0,0,0,0,0,0,0,0,400,400,400,0,0,0,0,400,400,400,100.000000,12800,24952,51.298493,10,10,10,10,404,4,0,4,400,24952,152,0,0,0,0,404,0,0,0,0,89,5888
3873,W3,1,1,0,0,0,0,0,0,0,0,0,400,400,400,0,0,0,0,400,400,400,100.000000,12800,24952,51.298493,10,10,10,10,404,4,0,4,400,24952,152,0,0,0,0,404,0,0,0,0,90,5888
3874,W3,1,1,0,0,0,0,0,0,0,0,0,400,400,400,0,0,0,0,400,400,400,100.000000,12800,24952,51.298493,10,10,10,10,404,4,0,4,400,24952,152,0,0,0,0,404,0,0,0,0,88,5888
3875,W3,1,1,0,0,0,0,0,0,0,0,0,400,400,400,0,0,0,0,400,400,400,100.000000,12800,24952,51.298493,10,10,10,10,404,4,0,4,400,24952,152,0,0,0,0,404,0,0,0,0,106,5888
3876,W3,1,1,0,0,0,0,0,0,0,0,0,400,400,400,0,0,0,0,400,400,400,100.000000,12800,24952,51.298493,10,10,10,10,404,4,0,4,400,24952,152,0,0,0,0,404,0,0,0,0,102,5888
3877,W3,1,1,0,0,0,0,0,0,0,0,0,400,400,400,0,0,0,0,400,400,400,100.000000,12800,24952,51.298493,10,10,10,10,404,4,0,4,400,24952,152,0,0,0,0,404,0,0,0,0,93,5888
3878,W3,1,1,0,0,0,0,0,0,0,0,0,400,400,400,0,0,0,0,400,400,400,100.000000,12800,24952,51.298493,10,10,10,10,404,4,0,4,400,24952,152,0,0,0,0,404,0,0,0,0,97,5888
3879,W3,1,1,0,0,0,0,0,0,0,0,0,400,400,400,0,0,0,0,400,400,400,100.000000,12800,24952,51.298493,10,10,10,10,404,4,0,4,400,24952,152,0,0,0,0,404,0,0,0,0,91,5888
3880,W3,1,1,0,0,0,0,0,0,0,0,0,400,400,400,0,0,0,0,400,400,400,100.000000,12800,24952,51.298493,10,10,10,10,404,4,0,4,400,24952,152,0,0,0,0,404,0,0,0,0,100,5888
3881,W3,1,1,0,0,0,0,0,0,0,0,0,400,400,400,0,0,0,0,400,400,400,100.000000,12800,24952,51.298493,10,10,10,10,404,4,0,4,400,24952,152,0,0,0,0,404,0,0,0,0,90,5888
3882,W3,1,1,0,0,0,0,0,0,0,0,0,400,400,400,0,0,0,0,400,400,400,100.000000,12800,24952,51.298493,10,10,10,10,404,4,0,4,400,24952,152,0,0,0,0,404,0,0,0,0,91,5888
3883,W3,1,1,0,0,0,0,0,0,0,0,0,400,400,400,0,0,0,0,400,400,400,100.000000,12800,24952,51.298493,10,10,10,10,404,4,0,4,400,24952,152,0,0,0,0,404,0,0,0,0,101,5888
3884,W3,1,1,0,0,0,0,0,0,0,0,0,400,400,400,0,0,0,0,400,400,400,100.000000,12800,24952,51.298493,10,10,10,10,404,4,0,4,400,24952,152,0,0,0,0,404,0,0,0,0,96,5888
3885,W3,1,1,0,0,0,0,0,0,0,0,0,400,400,400,0,0,0,0,400,400,400,100.000000,12800,24952,51.298493,10,10,10,10,404,4,0,4,400,24952,152,0,0,0,0,404,0,0,0,0,86,5888
3886,W3,1,1,0,0,0,0,0,0,0,0,0,400,400,400,0,0,0,0,400,400,400,100.000000,12800,24952,51.298493,10,10,10,10,404,4,0,4,400,24952,152,0,0,0,0,404,0,0,0,0,89,5888
3887,W3,1,1,0,0,0,0,0,0,0,0,0,400,400,400,0,0,0,0,400,400,400,100.000000,12800,24952,51.298493,10,10,10,10,404,4,0,4,400,24952,152,0,0,0,0,404,0,0,0,0,98,5888
3888,W3,1,1,0,0,0,0,0,0,0,0,0,400,400,400,0,0,0,0,400,400,400,100.000000,12800,24952,51.298493,10,10,10,10,404,4,0,4,400,24952,152,0,0,0,0,404,0,0,0,0,89,5888
3889,W3,1,1,0,0,0,0,0,0,0,0,0,400,400,400,0,0,0,0,400,400,400,100.000000,12800,24952,51.298493,10,10,10,10,404,4,0,4,400,24952,152,0,0,0,0,404,0,0,0,0,91,5888
3890,W3,1,1,0,0,0,0,0,0,0,0,0,400,400,400,0,0,0,0,400,400,400,100.000000,12800,24952,51.298493,10,10,10,10,404,4,0,4,400,24952,152,0,0,0,0,404,0,0,0,0,101,5888
3891,W3,1,1,0,0,0,0,0,0,0,0,0,400,400,400,0,0,0,0,400,400,400,100.000000,12800,24952,51.298493,10,10,10,10,404,4,0,4,400,24952,152,0,0,0,0,404,0,0,0,0,102,5888
3892,W3,1,1,0,0,0,0,0,0,0,0,0,400,400,400,0,0,0,0,400,400,400,100.000000,12800,24952,51.298493,10,10,10,10,404,4,0,4,400,24952,152,0,0,0,0,404,0,0,0,0,93,5888
3893,W3,1,1,0,0,0,0,0,0,0,0,0,400,400,400,0,0,0,0,400,400,400,100.000000,12800,24952,51.298493,10,10,10,10,404,4,0,4,400,24952,152,0,0,0,0,404,0,0,0,0,88,5888
3894,W3,1,1,0,0,0,0,0,0,0,0,0,400,400,400,0,0,0,0,400,400,400,100.000000,12800,24952,51.298493,10,10,10,10,404,4,0,4,400,24952,152,0,0,0,0,404,0,0,0,0,100,5888
3895,W3,1,1,0,0,0,0,0,0,0,0,0,400,400,400,0,0,0,0,400,400,400,100.000000,12800,24952,51.298493,10,10,10,10,404,4,0,4,400,24952,152,0,0,0,0,404,0,0,0,0,87,5888
3896,W3,1,1,0,0,0,0,0,0,0,0,0,400,400,400,0,0,0,0,400,400,400,100.000000,12800,24952,51.298493,10,10,10,10,404,4,0,4,400,24952,152,0,0,0,0,404,0,0,0,0,114,5888
3897,W3,1,1,0,0,0,0,0,0,0,0,0,400,400,400,0,0,0,0,400,400,400,100.000000,12800,24952,51.298493,10,10,10,10,404,4,0,4,400,24952,152,0,0,0,0,404,0,0,0,0,93,5888
3898,W3,1,1,0,0,0,0,0,0,0,0,0,400,400,400,0,0,0,0,400,400,400,100.000000,12800,24952,51.298493,10,10,10,10,404,4,0,4,400,24952,152,0,0,0,0,404,0,0,0,0,96,5888
3899,W3,1,1,0,0,0,0,0,0,0,0,0,400,400,400,0,0,0,0,400,400,400,100.000000,12800,24952,51.298493,10,10,10,10,404,4,0,4,400,24952,152,0,0,0,0,404,0,0,0,0,90,5888
3900,W3,1,1,0,0,0,0,0,0,0,0,0,400,400,400,0,0,0,0,400,400,400,100.000000,12800,24952,51.298493,10,10,10,10,404,4,0,4,400,24952,152,0,0,0,0,404,0,0,0,0,90,5888
3901,W3,1,1,0,0,0,0,0,0,0,0,0,400,400,400,0,0,0,0,400,400,400,100.000000,12800,24952,51.298493,10,10,10,10,404,4,0,4,400,24952,152,0,0,0,0,404,0,0,0,0,88,5888
3902,W3,1,1,0,0,0,0,0,0,0,0,0,400,400,400,0,0,0,0,400,400,400,100.000000,12800,24952,51.298493,10,10,10,10,404,4,0,4,400,24952,152,0,0,0,0,404,0,0,0,0,90,5888
3903,W3,1,1,0,0,0,0,0,0,0,0,0,400,400,400,0,0,0,0,400,400,400,100.000000,12800,24952,51.298493,10,10,10,10,404,4,0,4,400,24952,152,0,0,0,0,404,0,0,0,0,96,5888
3904,W3,1,1,0,0,0,0,0,0,0,0,0,400,400,400,0,0,0,0,400,400,400,100.000000,12800,24952,51.298493,10,10,10,10,404,4,0,4,400,24952,152,0,0,0,0,404,0,0,0,0,92,5888
3905,W3,1,1,0,0,0,0,0,0,0,0,0,400,400,400,0,0,0,0,400,400,400,100.000000,12800,24952,51.298493,10,10,10,10,404,4,0,4,400,24952,152,0,0,0,0,404,0,0,0,0,104,5888
3906,W3,1,1,0,0,0,0,0,0,0,0,0,400,400,400,0,0,0,0,400,400,400,100.000000,12800,24952,51.298493,10,10,10,10,404,4,0,4,400,24952,152,0,0,0,0,404,0,0,0,0,140,5888
3907,W3,1,1,0,0,0,0,0,0,0,0,0,400,400,400,0,0,0,0,400,400,400,100.000000,12800,24952,51.298493,10,10,10,10,404,4,0,4,400,24952,152,0,0,0,0,404,0,0,0,0,88,5888
3908,W3,1,1,0,0,0,0,0,0,0,0,0,400,400,400,0,0,0,0,400,400,400,100.000000,12800,24952,51.298493,10,10,10,10,404,4,0,4,400,24952,152,0,0,0,0,404,0,0,0,0,91,5888
3909,W3,1,1,0,0,0,0,0,0,0,0,0,400,400,400,0,0,0,0,400,400,400,100.000000,12800,24952,51.298493,10,10,10,10,404,4,0,4,400,24952,152,0,0,0,0,404,0,0,0,0,115,5888
3910,W3,1,1,0,0,0,0,0,0,0,0,0,400,400,400,0,0,0,0,400,400,400,100.000000,12800,24952,51.298493,10,10,10,10,404,4,0,4,400,24952,152,0,0,0,0,404,0,0,0,0,101,5888
3911,W3,1,1,0,0,0,0,0,0,0,0,0,400,400,400,0,0,0,0,400,400,400,100.000000,12800,24952,51.298493,10,10,10,10,404,4,0,4,400,24952,152,0,0,0,0,404,0,0,0,0,85,5888
3912,W3,1,1,0,0,0,0,0,0,0,0,0,400,400,400,0,0,0,0,400,400,400,100.000000,12800,24952,51.298493,10,10,10,10,404,4,0,4,400,24952,152,0,0,0,0,404,0,0,0,0,100,5888
3913,W3,1,1,0,0,0,0,0,0,0,0,0,400,400,400,0,0,0,0,400,400,400,100.000000,12800,24952,51.298493,10,10,10,10,404,4,0,4,400,24952,152,0,0,0,0,404,0,0,0,0,90,5888
3914,W3,1,1,0,0,0,0,0,0,0,0,0,400,400,400,0,0,0,0,400,400,400,100.000000,12800,24952,51.298493,10,10,10,10,404,4,0,4,400,24952,152,0,0,0,0,404,0,0,0,0,95,5888
3915,W3,1,1,0,0,0,0,0,0,0,0,0,400,400,400,0,0,0,0,400,400,400,100.000000,12800,24952,51.298493,10,10,10,10,404,4,0,4,400,24952,152,0,0,0,0,404,0,0,0,0,94,5888
3916,W3,1,1,0,0,0,0,0,0,0,0,0,400,400,400,0,0,0,0,400,400,400,100.000000,12800,24952,51.298493,10,10,10,10,404,4,0,4,400,24952,152,0,0,0,0,404,0,0,0,0,92,5888
3917,W3,1,1,0,0,0,0,0,0,0,0,0,400,400,400,0,0,0,0,400,400,400,100.000000,12800,24952,51.298493,10,10,10,10,404,4,0,4,400,24952,152,0,0,0,0,404,0,0,0,0,96,5888
3918,W3,1,1,0,0,0,0,0,0,0,0,0,400,400,400,0,0,0,0,400,400,400,100.000000,12800,24952,51.298493,10,10,10,10,404,4,0,4,400,24952,152,0,0,0,0,404,0,0,0,0,101,5888
3919,W3,1,1,0,0,0,0,0,0,0,0,0,400,400,400,0,0,0,0,400,400,400,100.000000,12800,24952,51.298493,10,10,10,10,404,4,0,4,400,24952,152,0,0,0,0,404,0,0,0,0,100,5888
3920,W3,1,1,0,0,0,0,0,0,0,0,0,400,400,400,0,0,0,0,400,400,400,100.000000,12800,24952,51.298493,10,10,10,10,404,4,0,4,400,24952,152,0,0,0,0,404,0,0,0,0,89,5888
3921,W3,1,1,0,0,0,0,0,0,0,0,0,400,400,400,0,0,0,0,400,400,400,100.000000,12800,24952,51.298493,10,10,10,10,404,4,0,4,400,24952,152,0,0,0,0,404,0,0,0,0,93,5888
3922,W3,1,1,0,0,0,0,0,0,0,0,0,400,400,400,0,0,0,0,400,400,400,100.000000,12800,24952,51.298493,10,10,10,10,404,4,0,4,400,24952,152,0,0,0,0,404,0,0,0,0,89,5888
3923,W3,1,1,0,0,0,0,0,0,0,0,0,400,400,400,0,0,0,0,400,400,400,100.000000,12800,24952,51.298493,10,10,10,10,404,4,0,4,400,24952,152,0,0,0,0,404,0,0,0,0,86,5888
3924,W3,1,1,0,0,0,0,0,0,0,0,0,400,400,400,0,0,0,0,400,400,400,100.000000,12800,24952,51.298493,10,10,10,10,404,4,0,4,400,24952,152,0,0,0,0,404,0,0,0,0,84,5888
3925,W3,1,1,0,0,0,0,0,0,0,0,0,400,400,400,0,0,0,0,400,400,400,100.000000,12800,24952,51.298493,10,10,10,10,404,4,0,4,400,24952,152,0,0,0,0,404,0,0,0,0,94,5888
3926,W3,1,1,0,0,0,0,0,0,0,0,0,400,400,400,0,0,0,0,400,400,400,100.000000,12800,24952,51.298493,10,10,10,10,404,4,0,4,400,24952,152,0,0,0,0,404,0,0,0,0,98,5888
3927,W3,1,1,0,0,0,0,0,0,0,0,0,400,400,400,0,0,0,0,400,400,400,100.000000,12800,24952,51.298493,10,10,10,10,404,4,0,4,400,24952,152,0,0,0,0,404,0,0,0,0,111,5888
3928,W3,1,1,0,0,0,0,0,0,0,0,0,400,400,400,0,0,0,0,400,400,400,100.000000,12800,24952,51.298493,10,10,10,10,404,4,0,4,400,24952,152,0,0,0,0,404,0,0,0,0,124,5888
3929,W3,1,1,0,0,0,0,0,0,0,0,0,400,400,400,0,0,0,0,400,400,400,100.000000,12800,24952,51.298493,10,10,10,10,404,4,0,4,400,24952,152,0,0,0,0,404,0,0,0,0,94,5888
3930,W3,1,1,0,0,0,0,0,0,0,0,0,400,400,400,0,0,0,0,400,400,400,100.000000,12800,24952,51.298493,10,10,10,10,404,4,0,4,400,24952,152,0,0,0,0,404,0,0,0,0,104,5888
3931,W3,1,1,0,0,0,0,0,0,0,0,0,400,400,400,0,0,0,0,400,400,400,100.000000,12800,24952,51.298493,10,10,10,10,404,4,0,4,400,24952,152,0,0,0,0,404,0,0,0,0,94,5888
3932,W3,1,1,0,0,0,0,0,0,0,0,0,400,400,400,0,0,0,0,400,400,400,100.000000,12800,24952,51.298493,10,10,10,10,404,4,0,4,400,24952,152,0,0,0,0,404,0,0,0,0,87,5888
3933,W3,1,1,0,0,0,0,0,0,0,0,0,400,400,400,0,0,0,0,400,400,400,100.000000,12800,24952,51.298493,10,10,10,10,404,4,0,4,400,24952,152,0,0,0,0,404,0,0,0,0,89,5888
3934,W3,1,1,0,0,0,0,0,0,0,0,0,400,400,400,0,0,0,0,400,400,400,100.000000,12800,24952,51.298493,10,10,10,10,404,4,0,4,400,24952,152,0,0,0,0,404,0,0,0,0,99,5888
3935,W3,1,1,0,0,0,0,0,0,0,0,0,400,400,400,0,0,0,0,400,400,400,100.000000,12800,24952,51.298493,10,10,10,10,404,4,0,4,400,24952,152,0,0,0,0,404,0,0,0,0,92,5888
3936,W3,1,1,0,0,0,0,0,0,0,0,0,400,400,400,0,0,0,0,400,400,400,100.000000,12800,24952,51.298493,10,10,10,10,404,4,0,4,400,24952,152,0,0,0,0,404,0,0,0,0,87,5888
3937,W3,1,1,0,0,0,0,0,0,0,0,0,400,400,400,0,0,0,0,400,400,400,100.000000,12800,24952,51.298493,10,10,10,10,404,4,0,4,400,24952,152,0,0,0,0,404,0,0,0,0,99,5888
3938,W3,1,1,0,0,0,0,0,0,0,0,0,400,400,400,0,0,0,0,400,400,400,100.000000,12800,24952,51.298493,10,10,10,10,404,4,0,4,400,24952,152,0,0,0,0,404,0,0,0,0,95,5888
3939,W3,1,1,0,0,0,0,0,0,0,0,0,400,400,400,0,0,0,0,400,400,400,100.000000,12800,24952,51.298493,10,10,10,10,404,4,0,4,400,24952,152,0,0,0,0,404,0,0,0,0,90,5888
3940,W3,1,1,0,0,0,0,0,0,0,0,0,400,400,400,0,0,0,0,400,400,400,100.000000,12800,24952,51.298493,10,10,10,10,404,4,0,4,400,24952,152,0,0,0,0,404,0,0,0,0,90,5888
3941,W3,1,1,0,0,0,0,0,0,0,0,0,400,400,400,0,0,0,0,400,400,400,100.000000,12800,24952,51.298493,10,10,10,10,404,4,0,4,400,24952,152,0,0,0,0,404,0,0,0,0,84,5888
3942,W3,1,1,0,0,0,0,0,0,0,0,0,400,400,400,0,0,0,0,400,400,400,100.000000,12800,24952,51.298493,10,10,10,10,404,4,0,4,400,24952,152,0,0,0,0,404,0,0,0,0,95,5888
3943,W3,1,1,0,0,0,0,0,0,0,0,0,400,400,400,0,0,0,0,400,400,400,100.000000,12800,24952,51.298493,10,10,10,10,404,4,0,4,400,24952,152,0,0,0,0,404,0,0,0,0,93,5888
3944,W3,1,1,0,0,0,0,0,0,0,0,0,400,400,400,0,0,0,0,400,400,400,100.000000,12800,24952,51.298493,10,10,10,10,404,4,0,4,400,24952,152,0,0,0,0,404,0,0,0,0,98,5888
3945,W3,1,1,0,0,0,0,0,0,0,0,0,400,400,400,0,0,0,0,400,400,400,100.000000,12800,24952,51.298493,10,10,10,10,404,4,0,4,400,24952,152,0,0,0,0,404,0,0,0,0,87,5888
3946,W3,1,1,0,0,0,0,0,0,0,0,0,400,400,400,0,0,0,0,400,400,400,100.000000,12800,24952,51.298493,10,10,10,10,404,4,0,4,400,24952,152,0,0,0,0,404,0,0,0,0,97,5888
3947,W3,1,1,0,0,0,0,0,0,0,0,0,400,400,400,0,0,0,0,400,400,400,100.000000,12800,24952,51.298493,10,10,10,10,404,4,0,4,400,24952,152,0,0,0,0,404,0,0,0,0,86,5888
3948,W3,1,1,0,0,0,0,0,0,0,0,0,400,400,400,0,0,0,0,400,400,400,100.000000,12800,24952,51.298493,10,10,10,10,404,4,0,4,400,24952,152,0,0,0,0,404,0,0,0,0,97,5888
3949,W3,1,1,0,0,0,0,0,0,0,0,0,400,400,400,0,0,0,0,400,400,400,100.000000,12800,24952,51.298493,10,10,10,10,404,4,0,4,400,24952,152,0,0,0,0,404,0,0,0,0,94,5888
3950,W3,1,1,0,0,0,0,0,0,0,0,0,400,400,400,0,0,0,0,400,400,400,100.000000,12800,24952,51.298493,10,10,10,10,404,4,0,4,400,24952,152,0,0,0,0,404,0,0,0,0,87,5888
3951,W3,1,1,0,0,0,0,0,0,0,0,0,400,400,400,0,0,0,0,400,400,400,100.000000,12800,24952,51.298493,10,10,10,10,404,4,0,4,400,24952,152,0,0,0,0,404,0,0,0,0,115,5888
3952,W3,1,1,0,0,0,0,0,0,0,0,0,400,400,400,0,0,0,0,400,400,400,100.000000,12800,24952,51.298493,10,10,10,10,404,4,0,4,400,24952,152,0,0,0,0,404,0,0,0,0,330,5888
3953,W3,1,1,0,0,0,0,0,0,0,0,0,400,400,400,0,0,0,0,400,400,400,100.000000,12800,24952,51.298493,10,10,10,10,404,4,0,4,400,24952,152,0,0,0,0,404,0,0,0,0,111,5888
3954,W3,1,1,0,0,0,0,0,0,0,0,0,400,400,400,0,0,0,0,400,400,400,100.000000,12800,24952,51.298493,10,10,10,10,404,4,0,4,400,24952,152,0,0,0,0,404,0,0,0,0,90,5888
3955,W3,1,1,0,0,0,0,0,0,0,0,0,400,400,400,0,0,0,0,400,400,400,100.000000,12800,24952,51.298493,10,10,10,10,404,4,0,4,400,24952,152,0,0,0,0,404,0,0,0,0,91,5888
3956,W3,1,1,0,0,0,0,0,0,0,0,0,400,400,400,0,0,0,0,400,400,400,100.000000,12800,24952,51.298493,10,10,10,10,404,4,0,4,400,24952,152,0,0,0,0,404,0,0,0,0,89,5888
3957,W3,1,1,0,0,0,0,0,0,0,0,0,400,400,400,0,0,0,0,400,400,400,100.000000,12800,24952,51.298493,10,10,10,10,404,4,0,4,400,24952,152,0,0,0,0,404,0,0,0,0,92,5888
3958,W3,1,1,0,0,0,0,0,0,0,0,0,400,400,400,0,0,0,0,400,400,400,100.000000,12800,24952,51.298493,10,10,10,10,404,4,0,4,400,24952,152,0,0,0,0,404,0,0,0,0,95,5888
3959,W3,1,1,0,0,0,0,0,0,0,0,0,400,400,400,0,0,0,0,400,400,400,100.000000,12800,24952,51.298493,10,10,10,10,404,4,0,4,400,24952,152,0,0,0,0,404,0,0,0,0,105,5888
3960,W3,1,1,0,0,0,0,0,0,0,0,0,400,400,400,0,0,0,0,400,400,400,100.000000,12800,24952,51.298493,10,10,10,10,404,4,0,4,400,24952,152,0,0,0,0,404,0,0,0,0,100,5888
3961,W3,1,1,0,0,0,0,0,0,0,0,0,400,400,400,0,0,0,0,400,400,400,100.000000,12800,24952,51.298493,10,10,10,10,404,4,0,4,400,24952,152,0,0,0,0,404,0,0,0,0,91,5888
3962,W3,1,1,0,0,0,0,0,0,0,0,0,400,400,400,0,0,0,0,400,400,400,100.000000,12800,24952,51.298493,10,10,10,10,404,4,0,4,400,24952,152,0,0,0,0,404,0,0,0,0,96,5888
3963,W3,1,1,0,0,0,0,0,0,0,0,0,400,400,400,0,0,0,0,400,400,400,100.000000,12800,24952,51.298493,10,10,10,10,404,4,0,4,400,24952,152,0,0,0,0,404,0,0,0,0,96,5888
3964,W3,1,1,0,0,0,0,0,0,0,0,0,400,400,400,0,0,0,0,400,400,400,100.000000,12800,24952,51.298493,10,10,10,10,404,4,0,4,400,24952,152,0,0,0,0,404,0,0,0,0,91,5888
3965,W3,1,1,0,0,0,0,0,0,0,0,0,400,400,400,0,0,0,0,400,400,400,100.000000,12800,24952,51.298493,10,10,10,10,404,4,0,4,400,24952,152,0,0,0,0,404,0,0,0,0,93,5888
3966,W3,1,1,0,0,0,0,0,0,0,0,0,400,400,400,0,0,0,0,400,400,400,100.000000,12800,24952,51.298493,10,10,10,10,404,4,0,4,400,24952,152,0,0,0,0,404,0,0,0,0,94,5888
3967,W3,1,1,0,0,0,0,0,0,0,0,0,400,400,400,0,0,0,0,400,400,400,100.000000,12800,24952,51.298493,10,10,10,10,404,4,0,4,400,24952,152,0,0,0,0,404,0,0,0,0,89,5888
3968,W3,1,1,0,0,0,0,0,0,0,0,0,400,400,400,0,0,0,0,400,400,400,100.000000,12800,24952,51.298493,10,10,10,10,404,4,0,4,400,24952,152,0,0,0,0,404,0,0,0,0,95,5888
3969,W3,1,1,0,0,0,0,0,0,0,0,0,400,400,400,0,0,0,0,400,400,400,100.000000,12800,24952,51.298493,10,10,10,10,404,4,0,4,400,24952,152,0,0,0,0,404,0,0,0,0,92,5888
3970,W3,1,1,0,0,0,0,0,0,0,0,0,400,400,400,0,0,0,0,400,400,400,100.000000,12800,24952,51.298493,10,10,10,10,404,4,0,4,400,24952,152,0,0,0,0,404,0,0,0,0,93,5888
3971,W3,1,1,0,0,0,0,0,0,0,0,0,400,400,400,0,0,0,0,400,400,400,100.000000,12800,24952,51.298493,10,10,10,10,404,4,0,4,400,24952,152,0,0,0,0,404,0,0,0,0,86,5888
3972,W3,1,1,0,0,0,0,0,0,0,0,0,400,400,400,0,0,0,0,400,400,400,100.000000,12800,24952,51.298493,10,10,10,10,404,4,0,4,400,24952,152,0,0,0,0,404,0,0,0,0,91,5888
3973,W3,1,1,0,0,0,0,0,0,0,0,0,400,400,400,0,0,0,0,400,400,400,100.000000,12800,24952,51.298493,10,10,10,10,404,4,0,4,400,24952,152,0,0,0,0,404,0,0,0,0,93,5888
3974,W3,1,1,0,0,0,0,0,0,0,0,0,400,400,400,0,0,0,0,400,400,400,100.000000,12800,24952,51.298493,10,10,10,10,404,4,0,4,400,24952,152,0,0,0,0,404,0,0,0,0,101,5888
3975,W3,1,1,0,0,0,0,0,0,0,0,0,400,400,400,0,0,0,0,400,400,400,100.000000,12800,24952,51.298493,10,10,10,10,404,4,0,4,400,24952,152,0,0,0,0,404,0,0,0,0,87,5888
3976,W3,1,1,0,0,0,0,0,0,0,0,0,400,400,400,0,0,0,0,400,400,400,100.000000,12800,24952,51.298493,10,10,10,10,404,4,0,4,400,24952,152,0,0,0,0,404,0,0,0,0,96,5888
3977,W3,1,1,0,0,0,0,0,0,0,0,0,400,400,400,0,0,0,0,400,400,400,100.000000,12800,24952,51.298493,10,10,10,10,404,4,0,4,400,24952,152,0,0,0,0,404,0,0,0,0,97,5888
3978,W3,1,1,0,0,0,0,0,0,0,0,0,400,400,400,0,0,0,0,400,400,400,100.000000,12800,24952,51.298493,10,10,10,10,404,4,0,4,400,24952,152,0,0,0,0,404,0,0,0,0,87,5888
3979,W3,1,1,0,0,0,0,0,0,0,0,0,400,400,400,0,0,0,0,400,400,400,100.000000,12800,24952,51.298493,10,10,10,10,404,4,0,4,400,24952,152,0,0,0,0,404,0,0,0,0,94,5888
3980,W3,1,1,0,0,0,0,0,0,0,0,0,400,400,400,0,0,0,0,400,400,400,100.000000,12800,24952,51.298493,10,10,10,10,404,4,0,4,400,24952,152,0,0,0,0,404,0,0,0,0,96,5888
3981,W3,1,1,0,0,0,0,0,0,0,0,0,400,400,400,0,0,0,0,400,400,400,100.000000,12800,24952,51.298493,10,10,10,10,404,4,0,4,400,24952,152,0,0,0,0,404,0,0,0,0,85,5888
3982,W3,1,1,0,0,0,0,0,0,0,0,0,400,400,400,0,0,0,0,400,400,400,100.000000,12800,24952,51.298493,10,10,10,10,404,4,0,4,400,24952,152,0,0,0,0,404,0,0,0,0,89,5888
3983,W3,1,1,0,0,0,0,0,0,0,0,0,400,400,400,0,0,0,0,400,400,400,100.000000,12800,24952,51.298493,10,10,10,10,404,4,0,4,400,24952,152,0,0,0,0,404,0,0,0,0,101,5888
3984,W3,1,1,0,0,0,0,0,0,0,0,0,400,400,400,0,0,0,0,400,400,400,100.000000,12800,24952,51.298493,10,10,10,10,404,4,0,4,400,24952,152,0,0,0,0,404,0,0,0,0,92,5888
3985,W3,1,1,0,0,0,0,0,0,0,0,0,400,400,400,0,0,0,0,400,400,400,100.000000,12800,24952,51.298493,10,10,10,10,404,4,0,4,400,24952,152,0,0,0,0,404,0,0,0,0,90,5888
3986,W3,1,1,0,0,0,0,0,0,0,0,0,400,400,400,0,0,0,0,400,400,400,100.000000,12800,24952,51.298493,10,10,10,10,404,4,0,4,400,24952,152,0,0,0,0,404,0,0,0,0,92,5888
3987,W3,1,1,0,0,0,0,0,0,0,0,0,400,400,400,0,0,0,0,400,400,400,100.000000,12800,24952,51.298493,10,10,10,10,404,4,0,4,400,24952,152,0,0,0,0,404,0,0,0,0,95,5888
3988,W3,1,1,0,0,0,0,0,0,0,0,0,400,400,400,0,0,0,0,400,400,400,100.000000,12800,24952,51.298493,10,10,10,10,404,4,0,4,400,24952,152,0,0,0,0,404,0,0,0,0,85,5888
3989,W3,1,1,0,0,0,0,0,0,0,0,0,400,400,400,0,0,0,0,400,400,400,100.000000,12800,24952,51.298493,10,10,10,10,404,4,0,4,400,24952,152,0,0,0,0,404,0,0,0,0,94,5888
3990,W3,1,1,0,0,0,0,0,0,0,0,0,400,400,400,0,0,0,0,400,400,400,100.000000,12800,24952,51.298493,10,10,10,10,404,4,0,4,400,24952,152,0,0,0,0,404,0,0,0,0,85,5888
3991,W3,1,1,0,0,0,0,0,0,0,0,0,400,400,400,0,0,0,0,400,400,400,100.000000,12800,24952,51.298493,10,10,10,10,404,4,0,4,400,24952,152,0,0,0,0,404,0,0,0,0,89,5888
3992,W3,1,1,0,0,0,0,0,0,0,0,0,400,400,400,0,0,0,0,400,400,400,100.000000,12800,24952,51.298493,10,10,10,10,404,4,0,4,400,24952,152,0,0,0,0,404,0,0,0,0,92,5888
3993,W3,1,1,0,0,0,0,0,0,0,0,0,400,400,400,0,0,0,0,400,400,400,100.000000,12800,24952,51.298493,10,10,10,10,404,4,0,4,400,24952,152,0,0,0,0,404,0,0,0,0,99,5888
3994,W3,1,1,0,0,0,0,0,0,0,0,0,400,400,400,0,0,0,0,400,400,400,100.000000,12800,24952,51.298493,10,10,10,10,404,4,0,4,400,24952,152,0,0,0,0,404,0,0,0,0,94,5888
3995,W3,1,1,0,0,0,0,0,0,0,0,0,400,400,400,0,0,0,0,400,400,400,100.000000,12800,24952,51.298493,10,10,10,10,404,4,0,4,400,24952,152,0,0,0,0,404,0,0,0,0,92,5888
3996,W3,1,1,0,0,0,0,0,0,0,0,0,400,400,400,0,0,0,0,400,400,400,100.000000,12800,24952,51.298493,10,10,10,10,404,4,0,4,400,24952,152,0,0,0,0,404,0,0,0,0,91,5888
3997,W3,1,1,0,0,0,0,0,0,0,0,0,400,400,400,0,0,0,0,400,400,400,100.000000,12800,24952,51.298493,10,10,10,10,404,4,0,4,400,24952,152,0,0,0,0,404,0,0,0,0,90,5888
3998,W3,1,1,0,0,0,0,0,0,0,0,0,400,400,400,0,0,0,0,400,400,400,100.000000,12800,24952,51.298493,10,10,10,10,404,4,0,4,400,24952,152,0,0,0,0,404,0,0,0,0,94,5888
3999,W3,1,1,0,0,0,0,0,0,0,0,0,400,400,400,0,0,0,0,400,400,400,100.000000,12800,24952,51.298493,10,10,10,10,404,4,0,4,400,24952,152,0,0,0,0,404,0,0,0,0,90,5888
4000,W3,1,1,0,0,0,0,0,0,0,0,0,400,400,400,0,0,0,0,400,400,400,100.000000,12800,24952,51.298493,10,10,10,10,404,4,0,4,400,24952,152,0,0,0,0,404,0,0,0,0,90,5888
4001,W3,1,1,0,0,0,0,0,0,0,0,0,400,400,400,0,0,0,0,400,400,400,100.000000,12800,24952,51.298493,10,10,10,10,404,4,0,4,400,24952,152,0,0,0,0,404,0,0,0,0,92,5888
4002,W3,1,1,0,0,0,0,0,0,0,0,0,400,400,400,0,0,0,0,400,400,400,100.000000,12800,24952,51.298493,10,10,10,10,404,4,0,4,400,24952,152,0,0,0,0,404,0,0,0,0,111,5888
4003,W3,1,1,0,0,0,0,0,0,0,0,0,400,400,400,0,0,0,0,400,400,400,100.000000,12800,24952,51.298493,10,10,10,10,404,4,0,4,400,24952,152,0,0,0,0,404,0,0,0,0,89,5888
4004,W3,1,1,0,0,0,0,0,0,0,0,0,400,400,400,0,0,0,0,400,400,400,100.000000,12800,24952,51.298493,10,10,10,10,404,4,0,4,400,24952,152,0,0,0,0,404,0,0,0,0,101,5888
4005,W3,1,1,0,0,0,0,0,0,0,0,0,400,400,400,0,0,0,0,400,400,400,100.000000,12800,24952,51.298493,10,10,10,10,404,4,0,4,400,24952,152,0,0,0,0,404,0,0,0,0,89,5888
4006,W3,1,1,0,0,0,0,0,0,0,0,0,400,400,400,0,0,0,0,400,400,400,100.000000,12800,24952,51.298493,10,10,10,10,404,4,0,4,400,24952,152,0,0,0,0,404,0,0,0,0,92,5888
4007,W3,1,1,0,0,0,0,0,0,0,0,0,400,400,400,0,0,0,0,400,400,400,100.000000,12800,24952,51.298493,10,10,10,10,404,4,0,4,400,24952,152,0,0,0,0,404,0,0,0,0,90,5888
4008,W3,1,1,0,0,0,0,0,0,0,0,0,400,400,400,0,0,0,0,400,400,400,100.000000,12800,24952,51.298493,10,10,10,10,404,4,0,4,400,24952,152,0,0,0,0,404,0,0,0,0,96,5888
4009,W3,1,1,0,0,0,0,0,0,0,0,0,400,400,400,0,0,0,0,400,400,400,100.000000,12800,24952,51.298493,10,10,10,10,404,4,0,4,400,24952,152,0,0,0,0,404,0,0,0,0,95,5888
4010,W3,1,1,0,0,0,0,0,0,0,0,0,400,400,400,0,0,0,0,400,400,400,100.000000,12800,24952,51.298493,10,10,10,10,404,4,0,4,400,24952,152,0,0,0,0,404,0,0,0,0,100,5888
4011,W3,1,1,0,0,0,0,0,0,0,0,0,400,400,400,0,0,0,0,400,400,400,100.000000,12800,24952,51.298493,10,10,10,10,404,4,0,4,400,24952,152,0,0,0,0,404,0,0,0,0,102,5888
4012,W3,1,1,0,0,0,0,0,0,0,0,0,400,400,400,0,0,0,0,400,400,400,100.000000,12800,24952,51.298493,10,10,10,10,404,4,0,4,400,24952,152,0,0,0,0,404,0,0,0,0,87,5888
4013,W3,1,1,0,0,0,0,0,0,0,0,0,400,400,400,0,0,0,0,400,400,400,100.000000,12800,24952,51.298493,10,10,10,10,404,4,0,4,400,24952,152,0,0,0,0,404,0,0,0,0,87,5888
4014,W3,1,1,0,0,0,0,0,0,0,0,0,400,400,400,0,0,0,0,400,400,400,100.000000,12800,24952,51.298493,10,10,10,10,404,4,0,4,400,24952,152,0,0,0,0,404,0,0,0,0,91,5888
4015,W3,1,1,0,0,0,0,0,0,0,0,0,400,400,400,0,0,0,0,400,400,400,100.000000,12800,24952,51.298493,10,10,10,10,404,4,0,4,400,24952,152,0,0,0,0,404,0,0,0,0,87,5888
4016,W3,1,1,0,0,0,0,0,0,0,0,0,400,400,400,0,0,0,0,400,400,400,100.000000,12800,24952,51.298493,10,10,10,10,404,4,0,4,400,24952,152,0,0,0,0,404,0,0,0,0,90,5888
4017,W3,1,1,0,0,0,0,0,0,0,0,0,400,400,400,0,0,0,0,400,400,400,100.000000,12800,24952,51.298493,10,10,10,10,404,4,0,4,400,24952,152,0,0,0,0,404,0,0,0,0,92,5888
4018,W3,1,1,0,0,0,0,0,0,0,0,0,400,400,400,0,0,0,0,400,400,400,100.000000,12800,24952,51.298493,10,10,10,10,404,4,0,4,400,24952,152,0,0,0,0,404,0,0,0,0,112,5888
4019,W3,1,1,0,0,0,0,0,0,0,0,0,400,400,400,0,0,0,0,400,400,400,100.000000,12800,24952,51.298493,10,10,10,10,404,4,0,4,400,24952,152,0,0,0,0,404,0,0,0,0,86,5888
4020,W3,1,1,0,0,0,0,0,0,0,0,0,400,400,400,0,0,0,0,400,400,400,100.000000,12800,24952,51.298493,10,10,10,10,404,4,0,4,400,24952,152,0,0,0,0,404,0,0,0,0,91,5888
4021,W3,1,1,0,0,0,0,0,0,0,0,0,400,400,400,0,0,0,0,400,400,400,100.000000,12800,24952,51.298493,10,10,10,10,404,4,0,4,400,24952,152,0,0,0,0,404,0,0,0,0,88,5888
4022,W3,1,1,0,0,0,0,0,0,0,0,0,400,400,400,0,0,0,0,400,400,400,100.000000,12800,24952,51.298493,10,10,10,10,404,4,0,4,400,24952,152,0,0,0,0,404,0,0,0,0,90,5888
4023,W3,1,1,0,0,0,0,0,0,0,0,0,400,400,400,0,0,0,0,400,400,400,100.000000,12800,24952,51.298493,10,10,10,10,404,4,0,4,400,24952,152,0,0,0,0,404,0,0,0,0,103,5888
4024,W3,1,1,0,0,0,0,0,0,0,0,0,400,400,400,0,0,0,0,400,400,400,100.000000,12800,24952,51.298493,10,10,10,10,404,4,0,4,400,24952,152,0,0,0,0,404,0,0,0,0,95,5888
4025,W3,1,1,0,0,0,0,0,0,0,0,0,400,400,400,0,0,0,0,400,400,400,100.000000,12800,24952,51.298493,10,10,10,10,404,4,0,4,400,24952,152,0,0,0,0,404,0,0,0,0,86,5888
4026,W3,1,1,0,0,0,0,0,0,0,0,0,400,400,400,0,0,0,0,400,400,400,100.000000,12800,24952,51.298493,10,10,10,10,404,4,0,4,400,24952,152,0,0,0,0,404,0,0,0,0,112,5888
4027,W3,1,1,0,0,0,0,0,0,0,0,0,400,400,400,0,0,0,0,400,400,400,100.000000,12800,24952,51.298493,10,10,10,10,404,4,0,4,400,24952,152,0,0,0,0,404,0,0,0,0,94,5888
4028,W3,1,1,0,0,0,0,0,0,0,0,0,400,400,400,0,0,0,0,400,400,400,100.000000,12800,24952,51.298493,10,10,10,10,404,4,0,4,400,24952,152,0,0,0,0,404,0,0,0,0,93,5888
4029,W3,1,1,0,0,0,0,0,0,0,0,0,400,400,400,0,0,0,0,400,400,400,100.000000,12800,24952,51.298493,10,10,10,10,404,4,0,4,400,24952,152,0,0,0,0,404,0,0,0,0,93,5888
4030,W3,1,1,0,0,0,0,0,0,0,0,0,400,400,400,0,0,0,0,400,400,400,100.000000,12800,24952,51.298493,10,10,10,10,404,4,0,4,400,24952,152,0,0,0,0,404,0,0,0,0,107,5888
4031,W3,1,1,0,0,0,0,0,0,0,0,0,400,400,400,0,0,0,0,400,400,400,100.000000,12800,24952,51.298493,10,10,10,10,404,4,0,4,400,24952,152,0,0,0,0,404,0,0,0,0,84,5888
4032,W3,1,1,0,0,0,0,0,0,0,0,0,400,400,400,0,0,0,0,400,400,400,100.000000,12800,24952,51.298493,10,10,10,10,404,4,0,4,400,24952,152,0,0,0,0,404,0,0,0,0,113,5888
4033,W3,1,1,0,0,0,0,0,0,0,0,0,400,400,400,0,0,0,0,400,400,400,100.000000,12800,24952,51.298493,10,10,10,10,404,4,0,4,400,24952,152,0,0,0,0,404,0,0,0,0,102,5888
4034,W3,1,1,0,0,0,0,0,0,0,0,0,400,400,400,0,0,0,0,400,400,400,100.000000,12800,24952,51.298493,10,10,10,10,404,4,0,4,400,24952,152,0,0,0,0,404,0,0,0,0,95,5888
4035,W3,1,1,0,0,0,0,0,0,0,0,0,400,400,400,0,0,0,0,400,400,400,100.000000,12800,24952,51.298493,10,10,10,10,404,4,0,4,400,24952,152,0,0,0,0,404,0,0,0,0,87,5888
4036,W3,1,1,0,0,0,0,0,0,0,0,0,400,400,400,0,0,0,0,400,400,400,100.000000,12800,24952,51.298493,10,10,10,10,404,4,0,4,400,24952,152,0,0,0,0,404,0,0,0,0,94,5888
4037,W3,1,1,0,0,0,0,0,0,0,0,0,400,400,400,0,0,0,0,400,400,400,100.000000,12800,24952,51.298493,10,10,10,10,404,4,0,4,400,24952,152,0,0,0,0,404,0,0,0,0,84,5888
4038,W3,1,1,0,0,0,0,0,0,0,0,0,400,400,400,0,0,0,0,400,400,400,100.000000,12800,24952,51.298493,10,10,10,10,404,4,0,4,400,24952,152,0,0,0,0,404,0,0,0,0,123,5888
4039,W3,1,1,0,0,0,0,0,0,0,0,0,400,400,400,0,0,0,0,400,400,400,100.000000,12800,24952,51.298493,10,10,10,10,404,4,0,4,400,24952,152,0,0,0,0,404,0,0,0,0,116,5888
4040,W3,1,1,0,0,0,0,0,0,0,0,0,400,400,400,0,0,0,0,400,400,400,100.000000,12800,24952,51.298493,10,10,10,10,404,4,0,4,400,24952,152,0,0,0,0,404,0,0,0,0,96,5888
4041,W3,1,1,0,0,0,0,0,0,0,0,0,400,400,400,0,0,0,0,400,400,400,100.000000,12800,24952,51.298493,10,10,10,10,404,4,0,4,400,24952,152,0,0,0,0,404,0,0,0,0,93,5888
4042,W3,1,1,0,0,0,0,0,0,0,0,0,400,400,400,0,0,0,0,400,400,400,100.000000,12800,24952,51.298493,10,10,10,10,404,4,0,4,400,24952,152,0,0,0,0,404,0,0,0,0,93,5888
4043,W3,1,1,0,0,0,0,0,0,0,0,0,400,400,400,0,0,0,0,400,400,400,100.000000,12800,24952,51.298493,10,10,10,10,404,4,0,4,400,24952,152,0,0,0,0,404,0,0,0,0,88,5888
4044,W3,1,1,0,0,0,0,0,0,0,0,0,400,400,400,0,0,0,0,400,400,400,100.000000,12800,24952,51.298493,10,10,10,10,404,4,0,4,400,24952,152,0,0,0,0,404,0,0,0,0,86,5888
4045,W3,1,1,0,0,0,0,0,0,0,0,0,400,400,400,0,0,0,0,400,400,400,100.000000,12800,24952,51.298493,10,10,10,10,404,4,0,4,400,24952,152,0,0,0,0,404,0,0,0,0,95,5888
4046,W3,1,1,0,0,0,0,0,0,0,0,0,400,400,400,0,0,0,0,400,400,400,100.000000,12800,24952,51.298493,10,10,10,10,404,4,0,4,400,24952,152,0,0,0,0,404,0,0,0,0,91,5888
4047,W3,1,1,0,0,0,0,0,0,0,0,0,400,400,400,0,0,0,0,400,400,400,100.000000,12800,24952,51.298493,10,10,10,10,404,4,0,4,400,24952,152,0,0,0,0,404,0,0,0,0,88,5888
4048,W3,1,1,0,0,0,0,0,0,0,0,0,400,400,400,0,0,0,0,400,400,400,100.000000,12800,24952,51.298493,10,10,10,10,404,4,0,4,400,24952,152,0,0,0,0,404,0,0,0,0,96,5888
4049,W3,1,1,0,0,0,0,0,0,0,0,0,400,400,400,0,0,0,0,400,400,400,100.000000,12800,24952,51.298493,10,10,10,10,404,4,0,4,400,24952,152,0,0,0,0,404,0,0,0,0,103,5888
4050,W3,1,1,0,0,0,0,0,0,0,0,0,400,400,400,0,0,0,0,400,400,400,100.000000,12800,24952,51.298493,10,10,10,10,404,4,0,4,400,24952,152,0,0,0,0,404,0,0,0,0,95,5888
4051,W3,1,1,0,0,0,0,0,0,0,0,0,400,400,400,0,0,0,0,400,400,400,100.000000,12800,24952,51.298493,10,10,10,10,404,4,0,4,400,24952,152,0,0,0,0,404,0,0,0,0,102,5888
4052,W3,1,1,0,0,0,0,0,0,0,0,0,400,400,400,0,0,0,0,400,400,400,100.000000,12800,24952,51.298493,10,10,10,10,404,4,0,4,400,24952,152,0,0,0,0,404,0,0,0,0,90,5888
4053,W3,1,1,0,0,0,0,0,0,0,0,0,400,400,400,0,0,0,0,400,400,400,100.000000,12800,24952,51.298493,10,10,10,10,404,4,0,4,400,24952,152,0,0,0,0,404,0,0,0,0,90,5888
4054,W3,1,1,0,0,0,0,0,0,0,0,0,400,400,400,0,0,0,0,400,400,400,100.000000,12800,24952,51.298493,10,10,10,10,404,4,0,4,400,24952,152,0,0,0,0,404,0,0,0,0,90,5888
4055,W3,1,1,0,0,0,0,0,0,0,0,0,400,400,400,0,0,0,0,400,400,400,100.000000,12800,24952,51.298493,10,10,10,10,404,4,0,4,400,24952,152,0,0,0,0,404,0,0,0,0,86,5888
4056,W3,1,1,0,0,0,0,0,0,0,0,0,400,400,400,0,0,0,0,400,400,400,100.000000,12800,24952,51.298493,10,10,10,10,404,4,0,4,400,24952,152,0,0,0,0,404,0,0,0,0,102,5888
4057,W3,1,1,0,0,0,0,0,0,0,0,0,400,400,400,0,0,0,0,400,400,400,100.000000,12800,24952,51.298493,10,10,10,10,404,4,0,4,400,24952,152,0,0,0,0,404,0,0,0,0,88,5888
4058,W3,1,1,0,0,0,0,0,0,0,0,0,400,400,400,0,0,0,0,400,400,400,100.000000,12800,24952,51.298493,10,10,10,10,404,4,0,4,400,24952,152,0,0,0,0,404,0,0,0,0,89,5888
4059,W3,1,1,0,0,0,0,0,0,0,0,0,400,400,400,0,0,0,0,400,400,400,100.000000,12800,24952,51.298493,10,10,10,10,404,4,0,4,400,24952,152,0,0,0,0,404,0,0,0,0,87,5888
4060,W3,1,1,0,0,0,0,0,0,0,0,0,400,400,400,0,0,0,0,400,400,400,100.000000,12800,24952,51.298493,10,10,10,10,404,4,0,4,400,24952,152,0,0,0,0,404,0,0,0,0,87,5888
4061,W3,1,1,0,0,0,0,0,0,0,0,0,400,400,400,0,0,0,0,400,400,400,100.000000,12800,24952,51.298493,10,10,10,10,404,4,0,4,400,24952,152,0,0,0,0,404,0,0,0,0,94,5888
4062,W3,1,1,0,0,0,0,0,0,0,0,0,400,400,400,0,0,0,0,400,400,400,100.000000,12800,24952,51.298493,10,10,10,10,404,4,0,4,400,24952,152,0,0,0,0,404,0,0,0,0,92,5888
4063,W3,1,1,0,0,0,0,0,0,0,0,0,400,400,400,0,0,0,0,400,400,400,100.000000,12800,24952,51.298493,10,10,10,10,404,4,0,4,400,24952,152,0,0,0,0,404,0,0,0,0,87,5888
4064,W3,1,1,0,0,0,0,0,0,0,0,0,400,400,400,0,0,0,0,400,400,400,100.000000,12800,24952,51.298493,10,10,10,10,404,4,0,4,400,24952,152,0,0,0,0,404,0,0,0,0,82,5888
4065,W3,1,1,0,0,0,0,0,0,0,0,0,400,400,400,0,0,0,0,400,400,400,100.000000,12800,24952,51.298493,10,10,10,10,404,4,0,4,400,24952,152,0,0,0,0,404,0,0,0,0,90,5888
4066,W3,1,1,0,0,0,0,0,0,0,0,0,400,400,400,0,0,0,0,400,400,400,100.000000,12800,24952,51.298493,10,10,10,10,404,4,0,4,400,24952,152,0,0,0,0,404,0,0,0,0,135,5888
4067,W3,1,1,0,0,0,0,0,0,0,0,0,400,400,400,0,0,0,0,400,400,400,100.000000,12800,24952,51.298493,10,10,10,10,404,4,0,4,400,24952,152,0,0,0,0,404,0,0,0,0,89,5888
4068,W3,1,1,0,0,0,0,0,0,0,0,0,400,400,400,0,0,0,0,400,400,400,100.000000,12800,24952,51.298493,10,10,10,10,404,4,0,4,400,24952,152,0,0,0,0,404,0,0,0,0,98,5888
4069,W3,1,1,0,0,0,0,0,0,0,0,0,400,400,400,0,0,0,0,400,400,400,100.000000,12800,24952,51.298493,10,10,10,10,404,4,0,4,400,24952,152,0,0,0,0,404,0,0,0,0,112,5888
4070,W3,1,1,0,0,0,0,0,0,0,0,0,400,400,400,0,0,0,0,400,400,400,100.000000,12800,24952,51.298493,10,10,10,10,404,4,0,4,400,24952,152,0,0,0,0,404,0,0,0,0,93,5888
4071,W3,1,1,0,0,0,0,0,0,0,0,0,400,400,400,0,0,0,0,400,400,400,100.000000,12800,24952,51.298493,10,10,10,10,404,4,0,4,400,24952,152,0,0,0,0,404,0,0,0,0,130,5888
4072,W3,1,1,0,0,0,0,0,0,0,0,0,400,400,400,0,0,0,0,400,400,400,100.000000,12800,24952,51.298493,10,10,10,10,404,4,0,4,400,24952,152,0,0,0,0,404,0,0,0,0,95,5888
4073,W3,1,1,0,0,0,0,0,0,0,0,0,400,400,400,0,0,0,0,400,400,400,100.000000,12800,24952,51.298493,10,10,10,10,404,4,0,4,400,24952,152,0,0,0,0,404,0,0,0,0,92,5888
4074,W3,1,1,0,0,0,0,0,0,0,0,0,400,400,400,0,0,0,0,400,400,400,100.000000,12800,24952,51.298493,10,10,10,10,404,4,0,4,400,24952,152,0,0,0,0,404,0,0,0,0,124,5888
4075,W3,1,1,0,0,0,0,0,0,0,0,0,400,400,400,0,0,0,0,400,400,400,100.000000,12800,24952,51.298493,10,10,10,10,404,4,0,4,400,24952,152,0,0,0,0,404,0,0,0,0,89,5888
4076,W3,1,1,0,0,0,0,0,0,0,0,0,400,400,400,0,0,0,0,400,400,400,100.000000,12800,24952,51.298493,10,10,10,10,404,4,0,4,400,24952,152,0,0,0,0,404,0,0,0,0,123,5888
4077,W3,1,1,0,0,0,0,0,0,0,0,0,400,400,400,0,0,0,0,400,400,400,100.000000,12800,24952,51.298493,10,10,10,10,404,4,0,4,400,24952,152,0,0,0,0,404,0,0,0,0,90,5888
4078,W3,1,1,0,0,0,0,0,0,0,0,0,400,400,400,0,0,0,0,400,400,400,100.000000,12800,24952,51.298493,10,10,10,10,404,4,0,4,400,24952,152,0,0,0,0,404,0,0,0,0,100,5888
4079,W3,1,1,0,0,0,0,0,0,0,0,0,400,400,400,0,0,0,0,400,400,400,100.000000,12800,24952,51.298493,10,10,10,10,404,4,0,4,400,24952,152,0,0,0,0,404,0,0,0,0,94,5888
4080,W3,1,1,0,0,0,0,0,0,0,0,0,400,400,400,0,0,0,0,400,400,400,100.000000,12800,24952,51.298493,10,10,10,10,404,4,0,4,400,24952,152,0,0,0,0,404,0,0,0,0,90,5888
4081,W3,1,1,0,0,0,0,0,0,0,0,0,400,400,400,0,0,0,0,400,400,400,100.000000,12800,24952,51.298493,10,10,10,10,404,4,0,4,400,24952,152,0,0,0,0,404,0,0,0,0,89,5888
4082,W3,1,1,0,0,0,0,0,0,0,0,0,400,400,400,0,0,0,0,400,400,400,100.000000,12800,24952,51.298493,10,10,10,10,404,4,0,4,400,24952,152,0,0,0,0,404,0,0,0,0,94,5888
4083,W3,1,1,0,0,0,0,0,0,0,0,0,400,400,400,0,0,0,0,400,400,400,100.000000,12800,24952,51.298493,10,10,10,10,404,4,0,4,400,24952,152,0,0,0,0,404,0,0,0,0,110,5888
4084,W3,1,1,0,0,0,0,0,0,0,0,0,400,400,400,0,0,0,0,400,400,400,100.000000,12800,24952,51.298493,10,10,10,10,404,4,0,4,400,24952,152,0,0,0,0,404,0,0,0,0,91,5888
4085,W3,1,1,0,0,0,0,0,0,0,0,0,400,400,400,0,0,0,0,400,400,400,100.000000,12800,24952,51.298493,10,10,10,10,404,4,0,4,400,24952,152,0,0,0,0,404,0,0,0,0,107,5888
4086,W3,1,1,0,0,0,0,0,0,0,0,0,400,400,400,0,0,0,0,400,400,400,100.000000,12800,24952,51.298493,10,10,10,10,404,4,0,4,400,24952,152,0,0,0,0,404,0,0,0,0,92,5888
4087,W3,1,1,0,0,0,0,0,0,0,0,0,400,400,400,0,0,0,0,400,400,400,100.000000,12800,24952,51.298493,10,10,10,10,404,4,0,4,400,24952,152,0,0,0,0,404,0,0,0,0,85,5888
4088,W3,1,1,0,0,0,0,0,0,0,0,0,400,400,400,0,0,0,0,400,400,400,100.000000,12800,24952,51.298493,10,10,10,10,404,4,0,4,400,24952,152,0,0,0,0,404,0,0,0,0,86,5888
4089,W3,1,1,0,0,0,0,0,0,0,0,0,400,400,400,0,0,0,0,400,400,400,100.000000,12800,24952,51.298493,10,10,10,10,404,4,0,4,400,24952,152,0,0,0,0,404,0,0,0,0,89,5888
4090,W3,1,1,0,0,0,0,0,0,0,0,0,400,400,400,0,0,0,0,400,400,400,100.000000,12800,24952,51.298493,10,10,10,10,404,4,0,4,400,24952,152,0,0,0,0,404,0,0,0,0,94,5888
4091,W3,1,1,0,0,0,0,0,0,0,0,0,400,400,400,0,0,0,0,400,400,400,100.000000,12800,24952,51.298493,10,10,10,10,404,4,0,4,400,24952,152,0,0,0,0,404,0,0,0,0,93,5888
4092,W3,1,1,0,0,0,0,0,0,0,0,0,400,400,400,0,0,0,0,400,400,400,100.000000,12800,24952,51.298493,10,10,10,10,404,4,0,4,400,24952,152,0,0,0,0,404,0,0,0,0,91,5888
4093,W3,1,1,0,0,0,0,0,0,0,0,0,400,400,400,0,0,0,0,400,400,400,100.000000,12800,24952,51.298493,10,10,10,10,404,4,0,4,400,24952,152,0,0,0,0,404,0,0,0,0,97,5888
4094,W3,1,1,0,0,0,0,0,0,0,0,0,400,400,400,0,0,0,0,400,400,400,100.000000,12800,24952,51.298493,10,10,10,10,404,4,0,4,400,24952,152,0,0,0,0,404,0,0,0,0,112,5888
4095,W3,1,1,0,0,0,0,0,0,0,0,0,400,400,400,0,0,0,0,400,400,400,100.000000,12800,24952,51.298493,10,10,10,10,404,4,0,4,400,24952,152,0,0,0,0,404,0,0,0,0,98,5888
4096,W3,1,1,0,0,0,0,0,0,0,0,0,400,400,400,0,0,0,0,400,400,400,100.000000,12800,24952,51.298493,10,10,10,10,404,4,0,4,400,24952,152,0,0,0,0,404,0,0,0,0,96,5888
